Tempo,Forzante,Pendolo,Ampiezza,Fase
0.000,33.785,0.244,0.599,68.201
0.020,33.615,0.211,0.599,67.997
0.040,32.959,0.176,0.599,67.791
0.060,31.805,0.137,0.599,67.593
0.080,30.187,0.105,0.599,67.417
0.100,28.172,0.065,0.599,67.274
0.120,25.699,0.037,0.599,67.173
0.140,22.857,-0.004,0.599,67.119
0.160,19.705,-0.024,0.599,67.122
0.180,16.254,-0.069,0.599,67.171
0.200,12.557,-0.079,0.599,67.277
0.220,8.701,-0.114,0.599,67.422
0.240,4.705,-0.118,0.599,67.612
0.260,0.650,-0.151,0.599,67.820
0.280,-3.434,-0.152,0.599,68.054
0.300,-7.459,-0.164,0.599,68.283
0.320,-11.350,-0.165,0.599,68.504
0.340,-15.070,-0.161,0.599,68.697
0.360,-18.598,-0.161,0.599,68.858
0.380,-21.861,-0.145,0.599,68.973
0.400,-24.756,-0.138,0.599,69.034
0.420,-27.293,-0.116,0.599,69.041
0.440,-29.455,-0.104,0.599,68.991
0.460,-31.166,-0.071,0.599,68.889
0.480,-32.414,-0.049,0.599,68.737
0.500,-33.170,-0.014,0.599,68.548
0.520,-33.416,0.011,0.599,68.330
0.540,-33.229,0.049,0.599,68.097
0.560,-32.549,0.078,0.599,67.860
0.580,-31.412,0.117,0.599,67.633
0.600,-29.736,0.153,0.599,67.429
0.620,-27.674,0.183,0.599,67.258
0.640,-25.178,0.223,0.599,67.129
0.660,-22.295,0.250,0.599,67.049
0.680,-19.107,0.290,0.599,67.020
0.700,-15.615,0.311,0.599,67.045
0.720,-11.912,0.344,0.599,67.120
0.740,-8.021,0.362,0.599,67.241
0.760,-3.990,0.386,0.599,67.396
0.780,0.082,0.402,0.599,67.583
0.800,4.154,0.416,0.599,67.784
0.820,8.145,0.418,0.599,67.990
0.840,12.035,0.423,0.599,68.182
0.860,15.768,0.422,0.599,68.351
0.880,19.254,0.418,0.599,68.488
0.900,22.465,0.408,0.599,68.580
0.920,25.383,0.393,0.599,68.624
0.940,27.855,0.372,0.599,68.613
0.960,29.971,0.348,0.599,68.548
0.980,31.617,0.328,0.599,68.429
1.000,32.824,0.298,0.599,68.267
1.020,33.551,0.268,0.599,68.069
1.040,33.797,0.238,0.599,67.845
1.060,33.545,0.200,0.599,67.609
1.080,32.807,0.164,0.599,67.372
1.100,31.588,0.128,0.599,67.148
1.120,29.912,0.093,0.599,66.950
1.140,27.838,0.055,0.599,66.788
1.160,25.295,0.025,0.599,66.671
1.180,22.412,-0.011,0.599,66.603
1.200,19.213,-0.038,0.599,66.593
1.220,15.727,-0.069,0.599,66.634
1.240,12.000,-0.093,0.599,66.731
1.260,8.121,-0.119,0.599,66.870
1.280,4.125,-0.133,0.599,67.054
1.300,0.070,-0.154,0.599,67.262
1.320,-4.008,-0.162,0.599,67.491
1.340,-8.010,-0.169,0.599,67.722
1.360,-11.889,-0.174,0.601,67.943
1.380,-15.604,-0.171,0.601,68.140
1.400,-19.078,-0.166,0.601,68.308
1.420,-22.289,-0.152,0.601,68.429
1.440,-25.137,-0.142,0.601,68.500
1.460,-27.633,-0.125,0.601,68.518
1.480,-29.730,-0.102,0.601,68.483
1.500,-31.359,-0.075,0.601,68.397
1.520,-32.555,-0.046,0.601,68.265
1.540,-33.211,-0.018,0.601,68.098
1.560,-33.422,0.013,0.601,67.907
1.580,-33.176,0.045,0.601,67.703
1.600,-32.420,0.083,0.601,67.500
1.620,-31.166,0.118,0.601,67.310
1.640,-29.455,0.157,0.601,67.146
1.660,-27.316,0.186,0.601,67.018
1.680,-24.762,0.228,0.601,66.935
1.700,-21.844,0.255,0.601,66.903
1.720,-18.586,0.290,0.601,66.925
1.740,-15.064,0.316,0.601,66.999
1.760,-11.344,0.346,0.601,67.126
1.780,-7.406,0.370,0.601,67.298
1.800,-3.393,0.385,0.601,67.508
1.820,0.686,0.403,0.601,67.741
1.840,4.752,0.412,0.601,67.988
1.860,8.719,0.425,0.601,68.236
1.880,12.604,0.423,0.601,68.472
1.900,16.307,0.420,0.601,68.683
1.920,19.758,0.413,0.601,68.854
1.940,22.922,0.402,0.601,68.980
1.960,25.770,0.389,0.601,69.053
1.980,28.201,0.372,0.601,69.068
2.000,30.246,0.346,0.601,69.028
2.020,31.828,0.322,0.601,68.934
2.040,32.959,0.292,0.601,68.794
2.060,33.627,0.265,0.601,68.617
2.080,33.785,0.229,0.601,68.414
2.100,33.463,0.200,0.601,68.197
2.120,32.648,0.162,0.601,67.980
2.140,31.365,0.125,0.601,67.776
2.160,29.613,0.093,0.601,67.596
2.180,27.486,0.058,0.601,67.452
2.200,24.879,0.024,0.601,67.351
2.220,21.949,-0.012,0.601,67.300
2.240,18.703,-0.039,0.601,67.301
2.260,15.146,-0.070,0.601,67.352
2.280,11.414,-0.091,0.601,67.455
2.300,7.512,-0.118,0.601,67.599
2.320,3.492,-0.131,0.601,67.779
2.340,-0.562,-0.151,0.601,67.979
2.360,-4.629,-0.156,0.601,68.193
2.380,-8.637,-0.166,0.601,68.404
2.400,-12.516,-0.165,0.601,68.602
2.420,-16.178,-0.164,0.601,68.769
2.440,-19.600,-0.159,0.601,68.902
2.460,-22.770,-0.147,0.601,68.985
2.480,-25.559,-0.137,0.601,69.016
2.500,-28.014,-0.112,0.601,68.992
2.520,-30.029,-0.090,0.601,68.914
2.540,-31.611,-0.067,0.601,68.783
2.560,-32.719,-0.040,0.601,68.606
2.580,-33.287,-0.010,0.601,68.396
2.600,-33.451,0.025,0.601,68.162
2.620,-33.100,0.055,0.601,67.916
2.640,-32.279,0.091,0.601,67.672
2.660,-30.979,0.125,0.601,67.443
2.680,-29.174,0.164,0.601,67.241
2.700,-26.971,0.197,0.601,67.077
2.720,-24.357,0.236,0.601,66.958
2.740,-21.381,0.265,0.600,66.889
2.760,-18.100,0.301,0.600,66.877
2.780,-14.543,0.322,0.600,66.916
2.800,-10.770,0.352,0.600,67.006
2.820,-6.832,0.373,0.600,67.136
2.840,-2.789,0.396,0.600,67.309
2.860,1.301,0.406,0.600,67.504
2.880,5.355,0.420,0.600,67.713
2.900,9.322,0.424,0.600,67.921
2.920,13.195,0.425,0.600,68.114
2.940,16.846,0.423,0.600,68.284
2.960,20.250,0.417,0.600,68.415
2.980,23.373,0.404,0.600,68.505
3.000,26.156,0.388,0.600,68.541
3.020,28.541,0.368,0.600,68.527
3.040,30.504,0.348,0.600,68.456
3.060,32.039,0.324,0.600,68.339
3.080,33.088,0.288,0.600,68.178
3.100,33.674,0.263,0.600,67.985
3.120,33.779,0.228,0.600,67.771
3.140,33.381,0.199,0.600,67.548
3.160,32.484,0.155,0.600,67.329
3.180,31.143,0.121,0.600,67.126
3.200,29.320,0.085,0.600,66.953
3.220,27.123,0.047,0.600,66.818
3.240,24.463,0.016,0.600,66.731
3.260,21.475,-0.017,0.600,66.697
3.280,18.193,-0.045,0.600,66.715
3.300,14.625,-0.076,0.600,66.789
3.320,10.846,-0.102,0.600,66.914
3.340,6.920,-0.120,0.600,67.085
3.360,2.889,-0.139,0.600,67.290
3.380,-1.178,-0.157,0.600,67.522
3.400,-5.221,-0.163,0.600,67.764
3.420,-9.205,-0.170,0.600,68.005
3.440,-13.049,-0.170,0.600,68.231
3.460,-16.670,-0.165,0.600,68.431
3.480,-20.086,-0.160,0.600,68.591
3.500,-23.186,-0.148,0.600,68.705
3.520,-25.922,-0.137,0.600,68.765
3.540,-28.312,-0.114,0.600,68.771
3.560,-30.264,-0.096,0.600,68.722
3.580,-31.775,-0.065,0.600,68.624
3.600,-32.807,-0.039,0.600,68.481
3.620,-33.311,-0.008,0.600,68.306
3.640,-33.398,0.026,0.600,68.107
3.660,-32.959,0.057,0.600,67.898
3.680,-32.092,0.092,0.600,67.694
3.700,-30.697,0.125,0.600,67.505
3.720,-28.834,0.168,0.600,67.345
3.740,-26.572,0.197,0.600,67.222
3.760,-23.895,0.237,0.600,67.145
3.780,-20.883,0.263,0.600,67.120
3.800,-17.543,0.303,0.600,67.146
3.820,-13.980,0.321,0.600,67.226
3.840,-10.154,0.354,0.600,67.352
3.860,-6.193,0.368,0.600,67.521
3.880,-2.150,0.394,0.600,67.722
3.900,1.910,0.401,0.600,67.946
3.920,5.959,0.415,0.600,68.175
3.940,9.920,0.418,0.600,68.402
3.960,13.770,0.421,0.600,68.610
3.980,17.373,0.418,0.600,68.789
4.000,20.742,0.408,0.600,68.926
4.020,23.818,0.398,0.600,69.015
4.040,26.525,0.381,0.600,69.050
4.060,28.857,0.362,0.600,69.028
4.080,30.750,0.340,0.600,68.950
4.100,32.232,0.314,0.600,68.821
4.120,33.205,0.283,0.600,68.649
4.140,33.721,0.256,0.600,68.444
4.160,33.738,0.218,0.600,68.217
4.180,33.275,0.190,0.600,67.980
4.200,32.320,0.148,0.600,67.748
4.220,30.891,0.117,0.600,67.532
4.240,29.027,0.077,0.600,67.344
4.260,26.748,0.046,0.600,67.196
4.280,24.041,0.009,0.600,67.093
4.300,21.006,-0.022,0.600,67.041
4.320,17.678,-0.052,0.600,67.043
4.340,14.062,-0.079,0.600,67.097
4.360,10.277,-0.104,0.600,67.200
4.380,6.322,-0.126,0.600,67.343
4.400,2.303,-0.141,0.600,67.520
4.420,-1.793,-0.158,0.600,67.717
4.440,-5.836,-0.166,0.600,67.926
4.460,-9.797,-0.171,0.600,68.130
4.480,-13.605,-0.170,0.600,68.315
4.500,-17.180,-0.170,0.600,68.470
4.520,-20.590,-0.158,0.600,68.588
4.540,-23.637,-0.149,0.600,68.657
4.560,-26.320,-0.132,0.600,68.675
4.580,-28.635,-0.108,0.600,68.637
4.600,-30.527,-0.090,0.600,68.545
4.620,-31.980,-0.058,0.600,68.406
4.640,-32.924,-0.033,0.600,68.225
4.660,-33.369,-0.000,0.600,68.014
4.680,-33.375,0.034,0.600,67.785
4.700,-32.871,0.063,0.600,67.549
4.720,-31.922,0.101,0.600,67.321
4.740,-30.463,0.136,0.600,67.112
4.760,-28.541,0.175,0.600,66.933
4.780,-26.221,0.206,0.600,66.796
4.800,-23.484,0.246,0.599,66.707
4.820,-20.396,0.272,0.599,66.672
4.840,-17.033,0.308,0.599,66.690
4.860,-13.436,0.330,0.599,66.763
4.880,-9.586,0.365,0.599,66.885
4.900,-5.613,0.377,0.599,67.052
4.920,-1.547,0.402,0.599,67.251
4.940,2.531,0.410,0.599,67.473
4.960,6.568,0.423,0.599,67.704
4.980,10.494,0.422,0.599,67.931
5.000,14.309,0.425,0.599,68.139
5.020,17.900,0.420,0.599,68.321
5.040,21.217,0.414,0.599,68.462
5.060,24.258,0.400,0.599,68.559
5.080,26.906,0.384,0.599,68.600
5.100,29.168,0.361,0.599,68.586
5.120,31.014,0.344,0.599,68.520
5.140,32.408,0.310,0.599,68.408
5.160,33.322,0.284,0.599,68.253
5.180,33.744,0.253,0.599,68.068
5.200,33.697,0.216,0.599,67.865
5.220,33.158,0.183,0.599,67.655
5.240,32.133,0.147,0.599,67.453
5.260,30.645,0.115,0.599,67.270
5.280,28.717,0.070,0.599,67.118
5.300,26.367,0.042,0.599,67.008
5.320,23.607,0.009,0.599,66.945
5.340,20.525,-0.020,0.599,66.935
5.360,17.145,-0.054,0.599,66.976
5.380,13.512,-0.077,0.599,67.072
5.400,9.686,-0.106,0.599,67.214
5.420,5.707,-0.120,0.599,67.400
5.440,1.693,-0.142,0.599,67.612
5.460,-2.373,-0.150,0.599,67.848
5.480,-6.410,-0.163,0.599,68.086
5.500,-10.389,-0.162,0.599,68.319
5.520,-14.162,-0.171,0.599,68.529
5.540,-17.701,-0.157,0.599,68.713
5.560,-21.035,-0.162,0.599,68.847
5.580,-24.047,-0.137,0.599,68.938
5.600,-26.689,-0.132,0.599,68.968
5.620,-28.934,-0.100,0.599,68.947
5.640,-30.744,-0.085,0.599,68.868
5.660,-32.115,-0.053,0.599,68.739
5.680,-33.006,-0.029,0.599,68.569
5.700,-33.381,0.004,0.599,68.369
5.720,-33.322,0.037,0.599,68.150
5.740,-32.766,0.061,0.599,67.924
5.760,-31.693,0.112,0.599,67.705
5.780,-30.164,0.130,0.599,67.505
5.800,-28.201,0.185,0.599,67.335
5.820,-25.811,0.198,0.599,67.206
5.840,-23.027,0.254,0.599,67.121
5.860,-19.904,0.265,0.599,67.092
5.880,-16.488,0.317,0.599,67.110
5.900,-12.838,0.319,0.599,67.186
5.920,-8.982,0.369,0.599,67.299
5.940,-4.998,0.369,0.599,67.461
5.960,-0.920,0.406,0.599,67.644
5.980,3.146,0.398,0.599,67.854
6.000,7.189,0.426,0.599,68.058
6.020,11.098,0.413,0.599,68.265
6.040,14.877,0.427,0.601,68.440
6.060,18.404,0.410,0.601,68.591
6.080,21.691,0.412,0.601,68.693
6.100,24.703,0.387,0.601,68.753
6.120,27.281,0.383,0.601,68.751
6.140,29.479,0.348,0.601,68.702
6.160,31.242,0.337,0.601,68.591
6.180,32.584,0.298,0.601,68.439
6.200,33.422,0.279,0.601,68.243
6.220,33.773,0.239,0.601,68.021
6.240,33.650,0.212,0.601,67.781
6.260,33.029,0.174,0.601,67.537
6.280,31.934,0.137,0.601,67.302
6.300,30.387,0.103,0.601,67.088
6.320,28.406,0.062,0.601,66.907
6.340,25.963,0.035,0.601,66.770
6.360,23.162,-0.003,0.599,66.679
6.380,20.057,-0.033,0.599,66.645
6.400,16.623,-0.067,0.599,66.662
6.420,12.949,-0.089,0.599,66.735
6.440,9.111,-0.113,0.599,66.853
6.460,5.121,-0.133,0.599,67.015
6.480,1.084,-0.150,0.599,67.204
6.500,-2.988,-0.162,0.599,67.416
6.520,-7.002,-0.173,0.600,67.632
6.540,-10.951,-0.168,0.600,67.844
6.560,-14.701,-0.173,0.600,68.033
6.580,-18.234,-0.166,0.600,68.192
6.600,-21.516,-0.160,0.600,68.311
6.620,-24.445,-0.142,0.600,68.383
6.640,-27.029,-0.130,0.600,68.400
6.660,-29.227,-0.102,0.600,68.366
6.680,-31.008,-0.089,0.600,68.278
6.700,-32.297,-0.048,0.600,68.147
6.720,-33.082,-0.032,0.600,67.975
6.740,-33.398,0.009,0.600,67.778
6.760,-33.252,0.036,0.600,67.566
6.780,-32.654,0.073,0.600,67.351
6.800,-31.523,0.110,0.600,67.147
6.820,-29.900,0.147,0.600,66.967
6.840,-27.861,0.182,0.600,66.820
6.860,-25.418,0.212,0.600,66.718
6.880,-22.594,0.250,0.600,66.664
6.900,-19.430,0.281,0.600,66.665
6.920,-15.967,0.314,0.600,66.721
6.940,-12.264,0.334,0.600,66.831
6.960,-8.391,0.365,0.600,66.987
6.980,-4.389,0.381,0.600,67.184
7.000,-0.328,0.402,0.600,67.411
7.020,3.750,0.408,0.600,67.658
7.040,7.770,0.421,0.600,67.907
7.060,11.672,0.419,0.600,68.148
7.080,15.422,0.426,0.600,68.367
7.100,18.920,0.415,0.600,68.553
7.120,22.160,0.410,0.600,68.695
7.140,25.107,0.392,0.600,68.788
7.160,27.633,0.378,0.600,68.822
7.180,29.766,0.353,0.600,68.803
7.200,31.471,0.331,0.600,68.728
7.220,32.742,0.299,0.600,68.607
7.240,33.510,0.276,0.600,68.445
7.260,33.791,0.236,0.600,68.257
7.280,33.592,0.211,0.600,68.051
7.300,32.895,0.171,0.600,67.843
7.320,31.729,0.137,0.600,67.644
7.340,30.111,0.101,0.600,67.467
7.360,28.066,0.063,0.600,67.323
7.380,25.564,0.033,0.600,67.222
7.400,22.705,-0.005,0.600,67.167
7.420,19.535,-0.033,0.600,67.167
7.440,16.072,-0.063,0.600,67.217
7.460,12.381,-0.084,0.600,67.321
7.480,8.508,-0.109,0.600,67.464
7.500,4.512,-0.130,0.600,67.649
7.520,0.457,-0.142,0.600,67.857
7.540,-3.609,-0.156,0.600,68.080
7.560,-7.629,-0.164,0.600,68.303
7.580,-11.531,-0.166,0.600,68.515
7.600,-15.240,-0.166,0.600,68.701
7.620,-18.756,-0.161,0.600,68.854
7.640,-21.990,-0.150,0.600,68.960
7.660,-24.867,-0.138,0.600,69.013
7.680,-27.398,-0.125,0.600,69.010
7.700,-29.520,-0.097,0.600,68.956
7.720,-31.236,-0.075,0.600,68.842
7.740,-32.443,-0.042,0.600,68.684
7.760,-33.164,-0.021,0.600,68.485
7.780,-33.410,0.016,0.600,68.261
7.800,-33.193,0.044,0.600,68.021
7.820,-32.496,0.085,0.600,67.780
7.840,-31.301,0.115,0.600,67.550
7.860,-29.631,0.157,0.600,67.343
7.880,-27.533,0.188,0.600,67.170
7.900,-25.020,0.225,0.600,67.040
7.920,-22.137,0.260,0.600,66.959
7.940,-18.908,0.285,0.600,66.933
7.960,-15.428,0.318,0.600,66.956
7.980,-11.701,0.343,0.600,67.034
8.000,-7.787,0.365,0.600,67.153
8.020,-3.768,0.386,0.600,67.312
8.040,0.287,0.404,0.600,67.497
8.060,4.354,0.411,0.600,67.700
8.080,8.355,0.425,0.600,68.099
8.100,12.246,0.421,0.600,68.099
8.120,15.961,0.426,0.600,68.265
8.140,19.441,0.411,0.600,68.408
8.160,22.641,0.408,0.600,68.496
8.180,25.506,0.388,0.600,68.544
8.200,27.979,0.374,0.600,68.530
8.220,30.064,0.347,0.600,68.468
8.240,31.699,0.327,0.600,68.351
8.260,32.883,0.292,0.600,68.193
8.280,33.580,0.271,0.600,67.998
8.300,33.791,0.228,0.600,67.780
8.320,33.521,0.202,0.600,67.550
8.340,32.742,0.161,0.600,67.319
8.360,31.512,0.129,0.600,67.104
8.380,29.830,0.091,0.600,66.914
8.400,27.715,0.054,0.600,66.759
8.420,25.154,0.025,0.600,66.653
8.440,22.260,-0.016,0.600,66.593
8.460,19.043,-0.039,0.600,66.596
8.480,15.545,-0.074,0.600,66.644
8.500,11.812,-0.094,0.600,66.755
8.520,7.922,-0.123,0.600,66.902
8.540,3.926,-0.135,0.600,67.100
8.560,-0.135,-0.155,0.600,67.313
8.580,-4.207,-0.162,0.600,67.554
8.600,-8.227,-0.171,0.600,67.787
8.620,-12.105,-0.169,0.600,68.018
8.640,-15.773,-0.171,0.600,68.217
8.660,-19.242,-0.165,0.600,68.389
8.680,-22.430,-0.154,0.600,68.511
8.700,-25.266,-0.141,0.600,68.589
8.720,-27.744,-0.124,0.600,68.607
8.740,-29.801,-0.101,0.600,68.576
8.760,-31.424,-0.070,0.600,68.489
8.780,-32.566,-0.047,0.600,68.360
8.800,-33.211,-0.016,0.600,68.194
8.820,-33.410,0.014,0.600,68.005
8.840,-33.100,0.049,0.600,67.803
8.860,-32.338,0.085,0.600,67.602
8.880,-31.055,0.116,0.600,67.414
8.900,-29.338,0.157,0.600,67.252
8.920,-27.146,0.187,0.600,67.127
8.940,-24.592,0.226,0.600,67.046
8.960,-21.650,0.257,0.600,67.016
8.980,-18.393,0.287,0.600,67.040
9.000,-14.871,0.316,0.600,67.116
9.020,-11.115,0.344,0.600,67.242
9.040,-7.178,0.364,0.600,67.413
9.060,-3.152,0.385,0.600,67.619
9.080,0.920,0.400,0.600,67.851
9.100,4.975,0.416,0.600,68.096
9.120,8.953,0.418,0.600,68.338
9.140,12.820,0.422,0.600,68.567
9.160,16.512,0.421,0.600,68.768
9.180,19.934,0.411,0.600,68.934
9.200,23.092,0.403,0.600,69.048
9.220,25.904,0.388,0.600,69.113
9.240,28.324,0.368,0.600,69.117
9.260,30.328,0.344,0.600,69.069
9.280,31.904,0.321,0.600,68.963
9.300,33.018,0.291,0.600,68.816
9.320,33.639,0.260,0.600,68.629
9.340,33.773,0.229,0.600,68.419
9.360,33.434,0.197,0.600,68.195
9.380,32.596,0.158,0.600,67.972
9.400,31.301,0.126,0.600,67.762
9.420,29.537,0.084,0.600,67.577
9.440,27.357,0.055,0.600,67.429
9.460,24.750,0.018,0.600,67.323
9.480,21.791,-0.013,0.600,67.268
9.500,18.533,-0.042,0.600,67.266
9.520,14.982,-0.072,0.600,67.313
9.540,11.215,-0.091,0.600,67.412
9.560,7.312,-0.119,0.600,67.550
9.580,3.299,-0.137,0.600,67.727
9.600,-0.768,-0.155,0.600,67.923
9.620,-4.816,-0.162,0.600,68.135
9.640,-8.824,-0.169,0.600,68.341
9.660,-12.674,-0.168,0.600,68.535
9.680,-16.330,-0.165,0.600,68.698
9.700,-19.752,-0.162,0.600,68.825
9.720,-22.881,-0.141,0.600,68.905
9.740,-25.670,-0.140,0.600,68.929
9.760,-28.084,-0.106,0.600,68.903
9.780,-30.088,-0.095,0.600,68.816
9.800,-31.646,-0.060,0.600,68.682
9.820,-32.719,-0.041,0.600,68.503
9.840,-33.287,-0.013,0.600,68.291
9.860,-33.398,0.037,0.600,68.059
9.880,-33.064,0.043,0.600,67.812
9.900,-32.197,0.116,0.600,67.572
9.920,-30.850,0.104,0.600,67.346
9.940,-29.057,0.197,0.600,67.147
9.960,-26.807,0.167,0.600,66.990
9.980,-24.182,0.266,0.600,66.872
10.000,-21.199,0.238,0.600,66.817
10.020,-17.877,0.335,0.600,66.801
10.040,-14.338,0.295,0.600,66.859
10.060,-10.535,0.388,0.600,66.943
10.080,-6.592,0.344,0.600,67.100
10.100,-2.549,0.425,0.600,67.261
10.120,1.529,0.381,0.600,67.478
10.140,5.572,0.447,0.620,67.679
10.160,9.539,0.402,0.620,67.909
10.180,13.395,0.448,0.621,68.098
10.200,17.033,0.406,0.621,68.286
10.220,20.437,0.429,0.621,68.416
10.240,23.537,0.393,0.621,68.518
10.260,26.285,0.398,0.621,68.558
10.280,28.658,0.362,0.621,68.551
10.300,30.592,0.349,0.621,68.486
10.320,32.109,0.317,0.621,68.374
10.340,33.135,0.292,0.621,68.220
10.360,33.686,0.257,0.621,68.034
10.380,33.750,0.224,0.621,67.828
10.400,33.340,0.198,0.621,67.613
10.420,32.432,0.150,0.621,67.403
10.440,31.061,0.127,0.621,67.210
10.460,29.238,0.074,0.621,67.047
10.480,26.988,0.058,0.621,66.925
10.500,24.316,0.009,0.621,66.847
10.520,21.322,-0.009,0.621,66.825
10.540,18.023,-0.054,0.621,66.854
10.560,14.432,-0.074,0.621,66.941
10.580,10.646,-0.104,0.621,67.076
10.600,6.727,-0.121,0.621,67.258
10.620,2.701,-0.142,0.621,67.473
10.640,-1.377,-0.151,0.621,67.711
10.660,-5.420,-0.163,0.621,67.961
10.680,-9.393,-0.164,0.621,68.206
10.700,-13.225,-0.174,0.623,68.436
10.720,-16.834,-0.160,0.623,68.638
10.740,-20.232,-0.166,0.623,68.798
10.760,-23.320,-0.144,0.623,68.914
10.780,-26.039,-0.139,0.623,68.974
10.800,-28.383,-0.111,0.623,68.980
10.820,-30.352,-0.091,0.623,68.930
10.840,-31.822,-0.065,0.623,68.827
10.860,-32.824,-0.038,0.623,68.684
10.880,-33.305,-0.011,0.623,68.505
10.900,-33.363,0.025,0.623,68.306
10.920,-32.959,0.056,0.623,68.096
10.940,-32.010,0.095,0.623,67.890
10.960,-30.586,0.124,0.623,67.700
10.980,-28.717,0.168,0.623,67.538
11.000,-26.443,0.197,0.623,67.413
11.020,-23.760,0.237,0.623,67.335
11.040,-20.730,0.266,0.623,67.306
11.060,-17.373,0.301,0.623,67.331
11.080,-13.787,0.327,0.623,67.406
11.100,-9.955,0.349,0.623,67.531
11.120,-6.000,0.377,0.623,67.693
11.140,-1.945,0.387,0.623,67.890
11.160,2.139,0.406,0.623,68.102
11.180,6.170,0.413,0.623,68.325
11.200,10.125,0.423,0.623,68.538
11.220,13.951,0.420,0.623,68.738
11.240,17.561,0.423,0.623,68.904
11.260,20.900,0.406,0.623,69.032
11.280,23.977,0.403,0.623,69.107
11.300,26.672,0.381,0.623,69.132
11.320,28.980,0.368,0.623,69.096
11.340,30.850,0.333,0.623,69.006
11.360,32.285,0.316,0.623,68.864
11.380,33.258,0.282,0.623,68.681
11.400,33.727,0.253,0.623,68.465
11.420,33.715,0.220,0.623,68.228
11.440,33.229,0.184,0.623,67.982
11.460,32.250,0.152,0.623,67.742
11.480,30.797,0.116,0.623,67.519
11.500,28.922,0.072,0.623,67.325
11.520,26.619,0.042,0.623,67.171
11.540,23.883,0.006,0.623,67.063
11.560,20.824,-0.022,0.623,67.007
11.580,17.484,-0.055,0.623,67.003
11.600,13.863,-0.086,0.623,67.052
11.620,10.049,-0.100,0.623,67.151
11.640,6.111,-0.134,0.623,67.287
11.660,2.062,-0.138,0.623,67.461
11.680,-2.021,-0.161,0.623,67.653
11.700,-6.059,-0.163,0.623,67.855
11.720,-10.031,-0.172,0.623,68.051
11.740,-13.816,-0.170,0.623,68.232
11.760,-17.432,-0.166,0.623,68.381
11.780,-20.777,-0.160,0.623,68.491
11.800,-23.824,-0.146,0.623,68.555
11.820,-26.502,-0.133,0.623,68.566
11.840,-28.781,-0.104,0.623,68.523
11.860,-30.650,-0.088,0.623,68.425
11.880,-32.068,-0.056,0.623,68.282
11.900,-33.018,-0.036,0.623,68.097
11.920,-33.410,0.007,0.623,67.885
11.940,-33.387,0.029,0.623,67.653
11.960,-32.900,0.071,0.623,67.416
11.980,-31.893,0.099,0.623,67.187
12.000,-30.416,0.144,0.623,66.978
12.020,-28.482,0.172,0.623,66.801
12.040,-26.127,0.211,0.623,66.665
12.060,-23.373,0.244,0.623,66.578
12.080,-20.268,0.275,0.623,66.544
12.100,-16.887,0.311,0.623,66.566
12.120,-13.260,0.331,0.623,66.640
12.140,-9.404,0.360,0.623,66.764
12.160,-5.420,0.377,0.623,66.932
12.180,-1.354,0.402,0.623,67.132
12.200,2.719,0.407,0.623,67.357
12.220,6.762,0.425,0.623,67.586
12.240,10.682,0.421,0.623,67.815
12.260,14.496,0.429,0.623,68.021
12.280,18.070,0.416,0.623,68.205
12.300,21.381,0.421,0.623,68.338
12.320,24.416,0.393,0.623,68.438
12.340,27.035,0.389,0.623,68.470
12.360,29.291,0.356,0.623,68.459
12.380,31.084,0.346,0.623,68.386
12.400,32.473,0.307,0.623,68.274
12.420,33.363,0.289,0.623,68.118
12.440,33.762,0.244,0.623,67.931
12.460,33.680,0.224,0.623,67.729
12.480,33.111,0.176,0.623,67.518
12.500,32.074,0.155,0.623,67.317
12.520,30.527,0.108,0.623,67.136
12.540,28.600,0.079,0.623,66.984
12.560,26.232,0.044,0.623,66.879
12.580,23.449,0.008,0.623,66.812
12.600,20.361,-0.025,0.623,66.813
12.620,16.963,-0.052,0.623,66.849
12.640,13.295,-0.083,0.623,66.959
12.660,9.475,-0.100,0.623,67.092
12.680,5.520,-0.122,0.623,67.289
12.700,1.453,-0.138,0.623,67.490
12.720,-2.602,-0.158,0.623,67.737
12.740,-6.645,-0.158,0.623,68.208
12.760,-10.588,-0.170,0.623,68.208
12.780,-14.350,-0.161,0.623,68.412
12.800,-17.906,-0.166,0.623,68.595
12.820,-21.217,-0.150,0.623,68.726
12.840,-24.187,-0.145,0.623,68.813
12.860,-26.830,-0.121,0.623,68.842
12.880,-29.057,-0.108,0.623,68.815
12.900,-30.867,-0.082,0.623,68.735
12.920,-32.197,-0.050,0.623,68.605
12.940,-33.059,-0.028,0.623,68.432
12.960,-33.398,0.008,0.623,68.230
12.980,-33.328,0.033,0.623,68.010
13.000,-32.736,0.078,0.623,67.784
13.020,-31.664,0.099,0.623,67.565
13.040,-30.094,0.153,0.623,67.366
13.060,-28.090,0.177,0.623,67.198
13.080,-25.705,0.219,0.623,67.071
13.100,-22.898,0.243,0.623,66.990
13.120,-19.729,0.286,0.623,66.961
13.140,-16.336,0.309,0.623,66.986
13.160,-12.656,0.336,0.623,67.062
13.180,-8.807,0.357,0.623,67.182
13.200,-4.787,0.383,0.623,67.341
13.220,-0.721,0.397,0.623,67.529
13.240,3.357,0.413,0.623,67.734
13.260,7.389,0.420,0.623,67.943
13.280,11.291,0.422,0.623,68.148
13.300,15.053,0.425,0.623,68.325
13.320,18.598,0.417,0.623,68.477
13.340,21.867,0.411,0.623,68.581
13.360,24.844,0.391,0.623,68.641
13.380,27.404,0.381,0.623,68.640
13.400,29.602,0.355,0.623,68.588
13.420,31.324,0.333,0.623,68.482
13.440,32.637,0.303,0.623,68.140
13.460,33.451,0.273,0.623,68.140
13.480,33.779,0.239,0.623,67.921
13.500,33.627,0.210,0.623,67.685
13.520,32.982,0.173,0.623,67.446
13.540,31.857,0.136,0.623,67.217
13.560,30.281,0.100,0.623,67.011
13.580,28.283,0.063,0.623,66.837
13.600,25.834,0.033,0.623,66.707
13.620,23.004,-0.007,0.623,66.626
13.640,19.875,-0.031,0.623,66.601
13.660,16.441,-0.066,0.623,66.628
13.680,12.738,-0.083,0.623,66.708
13.700,8.883,-0.115,0.623,66.835
13.720,4.910,-0.126,0.623,67.003
13.740,0.873,-0.151,0.623,67.199
13.760,-3.193,-0.156,0.623,67.418
13.780,-7.225,-0.171,0.623,67.641
13.800,-11.145,-0.167,0.623,67.859
13.820,-14.900,-0.174,0.623,68.056
13.840,-18.428,-0.162,0.623,68.220
13.860,-21.691,-0.159,0.623,68.345
13.880,-24.621,-0.141,0.623,68.443
13.900,-27.170,-0.128,0.623,68.443
13.920,-29.350,-0.100,0.623,68.409
13.940,-31.090,-0.081,0.623,68.325
13.960,-32.338,-0.051,0.623,68.195
13.980,-33.123,-0.023,0.623,68.027
14.000,-33.404,0.008,0.623,67.833
14.020,-33.270,0.042,0.623,67.413
14.040,-32.607,0.074,0.623,67.413
14.060,-31.441,0.111,0.623,67.213
14.080,-29.830,0.149,0.623,67.036
14.100,-27.750,0.183,0.623,66.893
14.120,-25.289,0.219,0.623,66.795
14.140,-22.465,0.254,0.623,66.745
14.160,-19.260,0.280,0.623,66.751
14.180,-15.779,0.315,0.623,66.810
14.200,-12.094,0.335,0.623,66.920
14.220,-8.209,0.364,0.623,67.079
14.240,-4.178,0.381,0.623,67.274
14.260,-0.105,0.401,0.623,67.500
14.280,3.955,0.412,0.623,67.742
14.300,7.969,0.422,0.623,67.989
14.320,11.865,0.423,0.623,68.225
14.340,15.598,0.424,0.623,68.437
14.360,19.090,0.417,0.623,68.617
14.380,22.324,0.410,0.623,68.752
14.400,25.248,0.394,0.623,68.837
14.420,27.750,0.378,0.623,68.862
14.440,29.883,0.354,0.623,68.835
14.460,31.547,0.330,0.623,68.751
14.480,32.783,0.300,0.623,68.623
14.500,33.527,0.273,0.623,68.452
14.520,33.791,0.241,0.623,68.257
14.540,33.568,0.205,0.623,68.044
14.560,32.836,0.168,0.623,67.830
14.580,31.658,0.134,0.623,67.625
14.600,29.977,0.099,0.623,67.443
14.620,27.932,0.066,0.623,67.296
14.640,25.424,0.031,0.623,67.190
14.660,22.547,-0.004,0.623,67.132
14.680,19.371,-0.029,0.623,67.129
14.700,15.867,-0.069,0.623,67.174
14.720,12.164,-0.084,0.623,67.275
14.740,8.291,-0.114,0.623,67.413
14.760,4.289,-0.128,0.623,67.797
14.780,0.229,-0.147,0.623,67.797
14.800,-3.838,-0.154,0.623,68.019
14.820,-7.834,-0.162,0.623,68.444
14.840,-11.742,-0.166,0.623,68.444
14.860,-15.469,-0.162,0.623,68.623
14.880,-18.955,-0.158,0.623,68.772
14.900,-22.178,-0.150,0.623,68.869
14.920,-25.049,-0.137,0.623,68.921
14.940,-27.533,-0.116,0.623,68.912
14.960,-29.648,-0.096,0.623,68.852
14.980,-31.336,-0.070,0.623,68.734
15.000,-32.537,-0.046,0.623,68.574
15.020,-33.229,-0.011,0.623,68.373
15.040,-33.422,0.014,0.623,68.149
15.060,-33.205,0.054,0.623,67.909
15.080,-32.467,0.083,0.623,67.669
15.100,-31.254,0.121,0.623,67.441
15.120,-29.572,0.158,0.623,67.236
15.140,-27.422,0.189,0.623,67.067
15.160,-24.902,0.228,0.623,66.941
15.180,-21.973,0.259,0.603,66.867
15.200,-18.750,0.292,0.603,66.844
15.220,-15.246,0.319,0.603,66.876
15.240,-11.502,0.348,0.603,66.956
15.260,-7.600,0.367,0.603,67.083
15.280,-3.568,0.390,0.603,67.246
15.300,0.510,0.405,0.603,67.440
15.320,4.570,0.418,0.603,67.645
15.340,8.561,0.421,0.603,67.858
15.360,12.439,0.423,0.603,68.053
15.380,16.148,0.423,0.603,68.229
15.400,19.617,0.417,0.603,68.368
15.420,22.781,0.406,0.603,68.467
15.440,25.652,0.388,0.603,68.511
15.460,28.102,0.372,0.603,68.504
15.480,30.164,0.349,0.603,68.444
15.500,31.770,0.329,0.603,68.330
15.520,32.930,0.297,0.603,68.177
15.540,33.598,0.265,0.603,67.986
15.560,33.791,0.234,0.603,67.772
15.580,33.492,0.197,0.603,67.545
15.600,32.695,0.165,0.603,67.321
15.620,31.436,0.128,0.603,67.110
15.640,29.707,0.091,0.603,66.926
15.660,27.598,0.055,0.603,66.780
15.680,25.020,0.023,0.603,66.678
15.700,22.090,-0.009,0.603,66.629
15.720,18.867,-0.042,0.603,66.634
15.740,15.340,-0.071,0.603,66.693
15.760,11.596,-0.091,0.603,66.805
15.780,7.705,-0.119,0.603,66.961
15.800,3.691,-0.133,0.603,67.157
15.820,-0.363,-0.154,0.603,67.380
15.840,-4.418,-0.162,0.603,67.619
15.860,-8.426,-0.166,0.603,68.086
15.880,-12.287,-0.167,0.603,68.086
15.900,-15.961,-0.168,0.603,68.287
15.920,-19.424,-0.162,0.603,68.455
15.940,-22.594,-0.152,0.603,68.576
15.960,-25.424,-0.141,0.603,68.649
15.980,-27.855,-0.120,0.603,68.666
16.000,-29.895,-0.102,0.603,68.629
16.020,-31.500,-0.075,0.603,68.542
16.040,-32.631,-0.043,0.603,68.408
16.060,-33.258,-0.019,0.603,68.238
16.080,-33.416,0.015,0.603,68.046
16.100,-33.094,0.049,0.603,67.840
16.120,-32.285,0.084,0.603,67.636
16.140,-31.014,0.120,0.603,67.446
16.160,-29.221,0.160,0.603,67.282
16.180,-27.053,0.191,0.603,67.155
16.200,-24.463,0.230,0.603,67.072
16.220,-21.498,0.257,0.603,67.040
16.240,-18.229,0.294,0.603,67.061
16.260,-14.695,0.318,0.603,67.133
16.280,-10.922,0.348,0.603,67.257
16.300,-6.990,0.369,0.603,67.422
16.320,-2.953,0.391,0.603,67.626
16.340,1.119,0.403,0.603,67.852
16.360,5.180,0.414,0.603,68.091
16.380,9.141,0.421,0.603,68.325
16.400,13.008,0.423,0.603,68.548
16.420,16.687,0.421,0.603,68.740
16.440,20.104,0.410,0.603,68.896
16.460,23.238,0.400,0.603,69.001
16.480,26.045,0.389,0.603,69.054
16.500,28.436,0.367,0.603,69.049
16.520,30.434,0.344,0.603,68.990
16.540,31.975,0.319,0.603,68.876
16.560,33.059,0.290,0.603,68.719
16.580,33.662,0.261,0.603,68.526
16.600,33.785,0.231,0.603,68.308
16.620,33.416,0.192,0.603,68.079
16.640,32.543,0.158,0.603,67.850
16.660,31.201,0.120,0.603,67.635
16.680,29.402,0.084,0.603,67.447
16.700,27.234,0.051,0.603,67.295
16.720,24.598,0.016,0.603,67.188
16.740,21.609,-0.017,0.603,67.130
16.760,18.352,-0.047,0.603,67.127
16.780,14.789,-0.073,0.603,67.173
16.800,11.016,-0.096,0.603,67.269
16.820,7.102,-0.125,0.603,67.406
16.840,3.070,-0.135,0.603,67.582
16.860,-0.996,-0.157,0.603,67.777
16.880,-5.045,-0.156,0.603,67.987
16.900,-9.053,-0.170,0.603,68.188
16.920,-12.891,-0.167,0.603,68.380
16.940,-16.547,-0.169,0.603,68.541
16.960,-19.945,-0.158,0.603,68.668
16.980,-23.074,-0.147,0.603,68.745
17.000,-25.834,-0.137,0.603,68.771
17.020,-28.260,-0.110,0.603,68.743
17.040,-30.229,-0.092,0.603,68.658
17.060,-31.752,-0.060,0.603,68.524
17.080,-32.807,-0.038,0.603,68.347
17.100,-33.334,-0.003,0.603,68.138
17.120,-33.445,0.022,0.603,67.906
17.140,-33.059,0.062,0.603,67.666
17.160,-32.162,0.092,0.603,67.429
17.180,-30.803,0.134,0.603,67.210
17.200,-28.957,0.165,0.603,67.019
17.220,-26.719,0.206,0.603,66.867
17.240,-24.076,0.238,0.603,66.763
17.260,-21.047,0.267,0.599,66.709
17.280,-17.736,0.302,0.599,66.712
17.300,-14.156,0.324,0.599,66.768
17.320,-10.359,0.356,0.599,66.874
17.340,-6.410,0.373,0.599,67.024
17.360,-2.361,0.396,0.599,67.210
17.380,1.723,0.406,0.599,67.420
17.400,5.771,0.423,0.599,67.641
17.420,9.727,0.422,0.599,67.865
17.440,13.582,0.426,0.599,68.069
17.460,17.209,0.420,0.599,68.250
17.480,20.578,0.420,0.599,68.393
17.500,23.701,0.399,0.599,68.494
17.520,26.420,0.394,0.599,68.538
17.540,28.758,0.365,0.599,68.532
17.560,30.691,0.345,0.599,68.469
17.580,32.180,0.317,0.599,68.360
17.600,33.187,0.291,0.599,68.207
17.620,33.709,0.259,0.599,68.024
17.640,33.744,0.228,0.599,67.819
17.660,33.311,0.188,0.599,67.607
17.680,32.355,0.160,0.599,67.399
17.700,30.973,0.116,0.599,67.208
17.720,29.109,0.085,0.599,67.048
17.740,26.871,0.046,0.599,66.926
17.760,24.164,0.014,0.599,66.852
17.780,21.146,-0.013,0.599,66.831
17.800,17.830,-0.047,0.599,66.861
17.820,14.238,-0.075,0.599,66.947
17.840,10.453,-0.103,0.599,67.081
17.860,6.504,-0.120,0.599,67.260
17.880,2.473,-0.141,0.599,67.471
17.900,-1.582,-0.150,0.599,67.707
17.920,-5.637,-0.165,0.599,67.948
17.940,-9.609,-0.166,0.599,68.409
17.960,-13.436,-0.170,0.599,68.409
17.980,-17.051,-0.161,0.599,68.602
18.000,-20.420,-0.164,0.599,68.752
18.020,-23.490,-0.141,0.599,68.857
18.040,-26.197,-0.133,0.599,68.904
18.060,-28.529,-0.109,0.599,68.898
18.080,-30.451,-0.089,0.599,68.838
18.100,-31.893,-0.058,0.599,68.726
18.120,-32.889,-0.036,0.599,68.569
18.140,-33.346,-0.004,0.599,68.382
18.160,-33.381,0.029,0.599,68.172
18.180,-32.912,0.060,0.599,67.954
18.200,-31.992,0.098,0.599,67.740
18.220,-30.539,0.132,0.599,67.543
18.240,-28.594,0.170,0.599,67.374
18.260,-26.326,0.203,0.599,67.244
18.280,-23.619,0.240,0.599,67.160
18.300,-20.555,0.268,0.599,67.127
18.320,-17.197,0.302,0.599,67.145
18.340,-13.582,0.326,0.599,67.215
18.360,-9.750,0.353,0.599,67.332
18.380,-5.783,0.371,0.599,67.489
18.400,-1.734,0.394,0.599,67.678
18.420,2.344,0.406,0.599,67.888
18.440,6.387,0.414,0.599,68.103
18.460,10.330,0.422,0.599,68.311
18.480,14.150,0.423,0.599,68.504
18.500,17.748,0.420,0.599,68.666
18.520,21.082,0.410,0.599,68.787
18.540,24.141,0.392,0.599,68.861
18.560,26.801,0.381,0.599,68.876
18.580,29.080,0.356,0.599,68.839
18.600,30.937,0.338,0.599,68.745
18.620,32.355,0.307,0.599,68.602
18.640,33.281,0.281,0.599,68.418
18.660,33.738,0.248,0.599,68.203
18.680,33.709,0.215,0.599,67.967
18.700,33.205,0.182,0.599,67.723
18.720,32.191,0.145,0.599,67.486
18.740,30.715,0.110,0.599,67.268
18.760,28.799,0.071,0.599,67.079
18.780,26.490,0.041,0.599,66.932
18.800,23.742,0.004,0.599,66.830
18.820,20.684,-0.023,0.596,66.783
18.840,17.303,-0.057,0.596,66.787
18.860,13.658,-0.078,0.596,66.846
18.880,9.861,-0.113,0.596,66.951
18.900,5.900,-0.122,0.596,67.104
18.920,1.875,-0.148,0.596,67.283
18.940,-2.215,-0.156,0.596,67.487
18.960,-6.234,-0.166,0.596,67.698
18.980,-10.195,-0.173,0.599,67.905
19.000,-13.998,-0.168,0.599,68.096
19.020,-17.561,-0.170,0.599,68.253
19.040,-20.918,-0.154,0.599,68.374
19.060,-23.930,-0.147,0.599,68.446
19.080,-26.578,-0.130,0.599,68.467
19.100,-28.857,-0.106,0.599,68.433
19.120,-30.697,-0.085,0.599,68.346
19.140,-32.098,-0.058,0.599,68.213
19.160,-33.018,-0.030,0.599,68.041
19.180,-33.381,0.000,0.599,67.839
19.200,-33.357,0.034,0.599,67.620
19.220,-32.830,0.066,0.599,67.396
19.240,-31.805,0.103,0.599,67.180
19.260,-30.287,0.141,0.599,66.986
19.280,-28.330,0.174,0.599,66.823
19.300,-25.951,0.209,0.599,66.702
19.320,-23.186,0.244,0.599,66.631
19.340,-20.098,0.278,0.599,66.613
19.360,-16.682,0.310,0.599,66.650
19.380,-13.066,0.330,0.599,66.741
19.400,-9.187,0.358,0.599,66.881
19.420,-5.197,0.377,0.599,67.061
19.440,-1.137,0.401,0.599,67.276
19.460,2.924,0.410,0.599,67.510
19.480,6.961,0.421,0.599,67.753
19.500,10.904,0.424,0.599,67.990
19.520,14.701,0.425,0.599,68.210
19.540,18.258,0.421,0.599,68.398
19.560,21.539,0.413,0.599,68.545
19.580,24.568,0.398,0.599,68.645
19.600,27.164,0.385,0.599,68.687
19.620,29.385,0.356,0.599,68.678
19.640,31.178,0.340,0.599,68.609
19.660,32.520,0.307,0.599,68.497
19.680,33.381,0.285,0.599,68.342
19.700,33.768,0.250,0.599,68.160
19.720,33.662,0.217,0.599,67.957
19.740,33.082,0.181,0.599,67.750
19.760,31.998,0.144,0.599,67.550
19.780,30.457,0.113,0.599,67.371
19.800,28.482,0.070,0.599,67.222
19.820,26.098,0.043,0.599,67.116
19.840,23.303,0.004,0.599,67.055
19.860,20.197,-0.025,0.599,67.049
19.880,16.775,-0.057,0.599,67.093
19.900,13.102,-0.079,0.599,67.191
19.920,9.264,-0.108,0.599,67.332
19.940,5.297,-0.121,0.599,67.517
19.960,1.266,-0.147,0.599,67.725
19.980,-2.830,-0.151,0.599,67.958
20.000,-6.861,-0.162,0.599,68.188
20.020,-10.799,-0.168,0.599,68.412
20.040,-14.555,-0.165,0.599,68.613
20.060,-18.094,-0.159,0.599,68.782
20.080,-21.404,-0.150,0.599,68.903
20.100,-24.363,-0.142,0.599,68.977
20.120,-26.965,-0.126,0.599,68.993
20.140,-29.191,-0.101,0.599,68.955
20.160,-30.955,-0.079,0.599,68.860
20.180,-32.250,-0.047,0.599,68.717
20.200,-33.088,-0.022,0.599,68.533
20.220,-33.434,0.008,0.599,68.320
20.240,-33.305,0.042,0.599,68.088
20.260,-32.689,0.075,0.599,67.852
20.280,-31.588,0.112,0.599,67.624
20.300,-30.000,0.144,0.599,67.416
20.320,-27.967,0.185,0.599,67.241
20.340,-25.553,0.216,0.599,67.107
20.360,-22.752,0.254,0.599,67.019
20.380,-19.576,0.279,0.599,66.985
20.400,-16.131,0.316,0.599,67.002
20.420,-12.475,0.335,0.599,67.073
20.440,-8.584,0.368,0.599,67.186
20.460,-4.570,0.375,0.599,67.343
20.480,-0.498,0.406,0.599,67.521
20.500,3.574,0.408,0.599,67.726
20.520,7.594,0.423,0.599,67.928
20.540,11.496,0.418,0.599,68.128
20.560,15.258,0.424,0.599,68.298
20.580,18.779,0.413,0.599,68.444
20.600,22.031,0.410,0.599,68.539
20.620,24.990,0.388,0.599,68.592
20.640,27.527,0.377,0.599,68.586
20.660,29.678,0.349,0.599,68.529
20.680,31.400,0.334,0.599,68.416
20.700,32.678,0.298,0.599,68.262
20.720,33.480,0.276,0.599,68.068
20.740,33.791,0.237,0.599,67.848
20.760,33.609,0.210,0.599,67.613
20.780,32.959,0.171,0.599,67.375
20.800,31.799,0.136,0.599,67.149
20.820,30.187,0.103,0.599,66.946
20.840,28.154,0.060,0.599,66.777
20.860,25.687,0.031,0.599,66.653
20.880,22.846,-0.006,0.599,66.578
20.900,19.705,-0.033,0.599,66.559
20.920,16.248,-0.068,0.599,66.592
20.940,12.545,-0.087,0.599,66.682
20.960,8.695,-0.115,0.599,66.815
20.980,4.699,-0.131,0.599,66.992
21.000,0.639,-0.150,0.599,67.198
21.020,-3.422,-0.158,0.599,67.423
21.040,-7.436,-0.170,0.599,67.652
21.060,-11.350,-0.169,0.599,67.877
21.080,-15.076,-0.170,0.599,68.079
21.100,-18.604,-0.166,0.599,68.250
21.120,-21.832,-0.158,0.599,68.376
21.140,-24.738,-0.144,0.599,68.456
21.160,-27.287,-0.127,0.599,68.480
21.180,-29.455,-0.105,0.599,68.453
21.200,-31.160,-0.079,0.599,68.373
21.220,-32.391,-0.051,0.599,68.247
21.240,-33.152,-0.027,0.599,68.084
21.260,-33.428,0.012,0.599,67.895
21.280,-33.234,0.041,0.599,67.692
21.300,-32.561,0.077,0.599,67.487
21.320,-31.377,0.112,0.599,67.293
21.340,-29.719,0.149,0.599,67.124
21.360,-27.639,0.182,0.599,66.989
21.380,-25.160,0.221,0.599,66.898
21.400,-22.289,0.252,0.599,66.856
21.420,-19.084,0.286,0.599,66.869
21.440,-15.586,0.312,0.599,66.934
21.460,-11.895,0.342,0.599,67.054
21.480,-7.986,0.365,0.599,67.217
21.500,-3.984,0.385,0.599,67.421
21.520,0.082,0.402,0.599,67.651
21.540,4.184,0.410,0.599,67.897
21.560,8.174,0.423,0.599,68.145
21.580,12.070,0.421,0.599,68.382
21.600,15.791,0.427,0.599,68.595
21.620,19.271,0.414,0.599,68.772
21.640,22.477,0.408,0.599,68.904
21.660,25.389,0.389,0.599,68.985
21.680,27.879,0.375,0.599,69.006
21.700,29.971,0.352,0.599,68.973
21.720,31.629,0.328,0.599,68.886
21.740,32.824,0.296,0.599,68.752
21.760,33.557,0.269,0.599,68.579
21.780,33.791,0.234,0.599,68.379
21.800,33.551,0.204,0.599,68.163
21.820,32.801,0.165,0.599,67.945
21.840,31.594,0.134,0.599,67.738
21.860,29.906,0.095,0.599,67.555
21.880,27.820,0.059,0.599,67.405
21.900,25.277,0.029,0.599,67.298
21.920,22.389,-0.009,0.599,67.239
21.940,19.189,-0.035,0.599,67.234
21.960,15.686,-0.065,0.599,67.277
21.980,11.977,-0.088,0.599,67.372
22.000,8.068,-0.113,0.599,67.509
22.020,4.078,-0.130,0.599,67.685
22.040,0.006,-0.152,0.599,67.884
22.060,-4.072,-0.159,0.599,68.101
22.080,-8.074,-0.166,0.599,68.315
22.100,-11.953,-0.162,0.599,68.517
22.120,-15.650,-0.166,0.599,68.690
22.140,-19.154,-0.156,0.599,68.830
22.160,-22.354,-0.152,0.599,68.921
22.180,-25.189,-0.135,0.599,68.964
22.200,-27.668,-0.115,0.599,68.947
22.220,-29.766,-0.094,0.599,68.878
22.240,-31.430,-0.068,0.599,68.754
22.260,-32.572,-0.043,0.599,68.586
22.280,-33.240,-0.009,0.599,68.382
22.300,-33.445,0.021,0.599,68.152
22.320,-33.164,0.054,0.599,67.909
22.340,-32.443,0.088,0.599,67.666
22.360,-31.189,0.125,0.599,67.436
22.380,-29.449,0.159,0.599,67.232
22.400,-27.299,0.192,0.599,67.063
22.420,-24.738,0.228,0.599,66.939
22.440,-21.838,0.262,0.599,66.864
22.460,-18.574,0.294,0.599,66.845
22.480,-15.076,0.319,0.599,66.878
22.500,-11.320,0.345,0.599,66.963
22.520,-7.383,0.365,0.599,67.090
22.540,-3.363,0.390,0.599,67.257
22.560,0.715,0.406,0.599,67.450
22.580,4.781,0.418,0.599,67.659
22.600,8.760,0.423,0.599,67.872
22.620,12.639,0.425,0.599,68.071
22.640,16.330,0.425,0.599,68.246
22.660,19.781,0.418,0.599,68.386
22.680,22.951,0.406,0.599,68.485
22.700,25.781,0.391,0.599,68.534
22.720,28.213,0.370,0.599,68.527
22.740,30.246,0.349,0.599,68.466
22.760,31.840,0.326,0.599,68.355
22.780,32.959,0.294,0.599,68.202
22.800,33.621,0.268,0.599,68.014
22.820,33.791,0.233,0.599,67.804
22.840,33.475,0.201,0.599,67.583
22.860,32.648,0.164,0.599,67.364
22.880,31.365,0.128,0.599,67.159
22.900,29.613,0.091,0.599,66.983
22.920,27.475,0.054,0.599,66.843
22.940,24.873,0.024,0.599,66.751
22.960,21.937,-0.013,0.599,66.709
22.980,18.674,-0.040,0.599,66.724
23.000,15.141,-0.070,0.599,66.790
23.020,11.396,-0.099,0.599,66.911
23.040,7.506,-0.118,0.599,67.075
23.060,3.492,-0.134,0.599,67.280
23.080,-0.574,-0.154,0.599,67.506
23.100,-4.635,-0.162,0.599,67.752
23.120,-8.648,-0.170,0.599,67.993
23.140,-12.510,-0.170,0.599,68.225
23.160,-16.148,-0.170,0.599,68.428
23.180,-19.611,-0.162,0.599,68.598
23.200,-22.758,-0.150,0.599,68.717
23.220,-25.570,-0.137,0.599,68.787
23.240,-27.967,-0.119,0.599,68.800
23.260,-29.994,-0.095,0.599,68.762
23.280,-31.594,-0.071,0.599,68.669
23.300,-32.684,-0.043,0.599,68.535
23.320,-33.287,-0.015,0.599,68.363
23.340,-33.445,0.020,0.599,68.169
23.360,-33.053,0.049,0.599,67.962
23.380,-32.268,0.091,0.599,67.757
23.400,-30.932,0.122,0.599,67.566
23.420,-29.139,0.158,0.599,67.272
23.440,-26.930,0.194,0.599,67.272
23.460,-24.322,0.224,0.599,67.189
23.480,-21.340,0.261,0.599,67.154
23.500,-18.041,0.293,0.599,67.174
23.520,-14.496,0.321,0.599,67.244
23.540,-10.711,0.346,0.599,67.365
23.560,-6.773,0.369,0.599,67.527
23.580,-2.730,0.387,0.599,67.724
23.600,1.336,0.402,0.599,67.941
23.620,5.385,0.416,0.599,68.172
23.640,9.352,0.422,0.599,68.399
23.660,13.225,0.418,0.599,68.611
23.680,16.875,0.422,0.599,68.792
23.700,20.273,0.408,0.599,68.937
23.720,23.414,0.404,0.599,69.031
23.740,26.174,0.384,0.599,69.074
23.760,28.547,0.365,0.599,69.058
23.780,30.510,0.343,0.599,68.986
23.800,32.045,0.316,0.599,68.862
23.820,33.094,0.290,0.599,68.695
23.840,33.680,0.257,0.599,68.491
23.860,33.768,0.226,0.599,68.263
23.880,33.381,0.191,0.599,68.025
23.900,32.479,0.155,0.599,67.788
23.920,31.131,0.123,0.599,67.567
23.940,29.320,0.082,0.599,67.372
23.960,27.105,0.050,0.599,67.214
23.980,24.451,0.012,0.597,67.101
24.000,21.463,-0.015,0.597,67.040
24.020,18.176,-0.051,0.597,67.030
24.040,14.590,-0.074,0.597,67.075
24.060,10.811,-0.104,0.597,67.167
24.080,6.885,-0.118,0.597,67.304
24.100,2.865,-0.143,0.597,67.471
24.120,-1.213,-0.151,0.597,67.664
24.140,-5.238,-0.166,0.597,67.867
24.160,-9.258,-0.168,0.597,68.068
24.180,-13.090,-0.170,0.597,68.255
24.200,-16.699,-0.166,0.597,68.412
24.220,-20.115,-0.158,0.597,68.532
24.240,-23.227,-0.148,0.597,68.603
24.260,-25.980,-0.133,0.597,68.625
24.280,-28.359,-0.112,0.597,68.592
24.300,-30.305,-0.092,0.597,68.506
24.320,-31.811,-0.067,0.597,68.370
24.340,-32.842,-0.034,0.597,68.193
24.360,-33.346,-0.006,0.597,67.982
24.380,-33.428,0.029,0.597,67.752
24.400,-33.023,0.058,0.597,67.513
24.420,-32.109,0.096,0.597,67.280
24.440,-30.703,0.128,0.597,67.065
24.460,-28.881,0.171,0.597,66.878
24.480,-26.602,0.197,0.597,66.732
24.500,-23.947,0.236,0.597,66.633
24.520,-20.912,0.268,0.597,66.586
24.540,-17.561,0.305,0.597,66.594
24.560,-13.986,0.327,0.597,66.657
24.580,-10.172,0.355,0.597,66.770
24.600,-6.205,0.376,0.597,66.927
24.620,-2.156,0.396,0.597,67.122
24.640,1.922,0.410,0.597,67.340
24.660,5.977,0.421,0.597,67.570
24.680,9.932,0.425,0.597,67.796
24.700,13.770,0.427,0.597,68.008
24.720,17.402,0.421,0.597,68.192
24.740,20.766,0.419,0.597,68.340
24.760,23.854,0.403,0.597,68.443
24.780,26.549,0.387,0.597,68.491
24.800,28.869,0.365,0.597,68.486
24.820,30.768,0.351,0.597,68.425
24.840,32.244,0.313,0.597,68.320
24.860,33.223,0.292,0.597,68.169
24.880,33.721,0.255,0.597,67.988
24.900,33.738,0.228,0.597,67.786
24.920,33.270,0.191,0.597,67.578
24.940,32.303,0.155,0.597,67.373
24.960,30.885,0.119,0.597,67.187
24.980,29.016,0.079,0.597,67.031
25.000,26.725,0.051,0.597,66.915
25.020,24.023,0.012,0.597,66.844
25.040,20.988,-0.014,0.597,66.827
25.060,17.660,-0.054,0.597,66.860
25.080,14.033,-0.075,0.597,66.950
25.100,10.236,-0.108,0.597,67.085
25.120,6.293,-0.117,0.597,67.267
25.140,2.262,-0.141,0.597,67.712
25.160,-1.828,-0.149,0.597,67.712
25.180,-5.854,-0.163,0.597,67.952
25.200,-9.838,-0.161,0.597,68.188
25.220,-13.646,-0.169,0.597,68.403
25.240,-17.250,-0.159,0.597,68.591
25.260,-20.602,-0.154,0.597,68.734
25.280,-23.648,-0.145,0.597,68.830
25.300,-26.338,-0.125,0.597,68.871
25.320,-28.646,-0.110,0.597,68.855
25.340,-30.557,-0.085,0.597,68.786
25.360,-31.992,-0.060,0.597,68.664
25.380,-32.924,-0.030,0.597,68.502
25.400,-33.357,-0.000,0.597,68.305
25.420,-33.375,0.034,0.597,68.089
25.440,-32.895,0.065,0.597,67.863
25.460,-31.910,0.104,0.597,67.642
25.480,-30.428,0.134,0.597,67.439
25.500,-28.512,0.174,0.597,67.264
25.520,-26.180,0.203,0.597,67.128
25.540,-23.473,0.244,0.597,67.038
25.560,-20.391,0.273,0.597,66.999
25.580,-17.016,0.303,0.597,67.012
25.600,-13.383,0.330,0.597,67.078
25.620,-9.545,0.354,0.597,67.190
25.640,-5.596,0.375,0.597,67.523
25.660,-1.518,0.394,0.597,67.523
25.680,2.566,0.406,0.597,67.726
25.700,6.586,0.417,0.597,67.937
25.720,10.535,0.419,0.597,68.141
25.740,14.338,0.420,0.597,68.325
25.760,17.924,0.417,0.597,68.479
25.780,21.252,0.410,0.597,68.591
25.800,24.287,0.398,0.597,68.656
25.820,26.924,0.381,0.597,68.668
25.840,29.180,0.359,0.597,68.624
25.860,31.014,0.337,0.597,68.525
25.880,32.420,0.307,0.597,68.380
25.900,33.334,0.278,0.597,68.193
25.920,33.750,0.245,0.597,67.975
25.940,33.686,0.214,0.597,67.497
25.960,33.158,0.178,0.597,67.497
25.980,32.127,0.144,0.597,67.262
26.000,30.627,0.109,0.597,67.047
26.020,28.693,0.069,0.597,66.864
26.040,26.344,0.041,0.597,66.722
26.060,23.596,0.004,0.597,66.627
26.080,20.508,-0.025,0.597,66.587
26.100,17.133,-0.060,0.597,66.600
26.120,13.488,-0.080,0.597,66.668
26.140,9.668,-0.110,0.597,66.782
26.160,5.701,-0.127,0.597,66.941
26.180,1.658,-0.148,0.597,67.131
26.200,-2.414,-0.156,0.597,67.345
26.220,-6.451,-0.174,0.600,67.566
26.240,-10.400,-0.173,0.600,67.785
26.260,-14.186,-0.174,0.600,67.986
26.280,-17.760,-0.169,0.600,68.155
26.300,-21.082,-0.158,0.600,68.288
26.320,-24.070,-0.146,0.600,68.369
26.340,-26.719,-0.129,0.600,68.399
26.360,-28.951,-0.111,0.600,68.376
26.380,-30.809,-0.083,0.600,68.301
26.400,-32.139,-0.058,0.600,68.178
26.420,-33.035,-0.029,0.600,68.016
26.440,-33.404,0.000,0.600,67.826
26.460,-33.328,0.033,0.600,67.619
26.480,-32.771,0.072,0.600,67.408
26.500,-31.723,0.103,0.600,67.205
26.520,-30.199,0.141,0.600,67.024
26.540,-28.219,0.179,0.600,66.875
26.560,-25.822,0.209,0.600,66.769
26.580,-23.045,0.248,0.600,66.711
26.600,-19.904,0.274,0.600,66.708
26.620,-16.512,0.308,0.600,66.758
26.640,-12.855,0.335,0.600,66.864
26.660,-8.982,0.360,0.600,67.014
26.680,-4.980,0.380,0.600,67.210
26.700,-0.914,0.398,0.600,67.679
26.720,3.158,0.410,0.600,67.679
26.740,7.189,0.422,0.600,67.929
26.760,11.098,0.424,0.600,68.174
26.780,14.889,0.427,0.600,68.589
26.800,18.434,0.415,0.600,68.589
26.820,21.709,0.414,0.600,68.736
26.840,24.697,0.394,0.600,68.836
26.860,27.287,0.380,0.600,68.879
26.880,29.484,0.356,0.600,68.867
26.900,31.254,0.334,0.600,68.800
26.920,32.578,0.307,0.600,68.684
26.940,33.422,0.280,0.600,68.527
26.960,33.773,0.246,0.600,68.341
26.980,33.650,0.215,0.600,68.137
27.000,33.029,0.174,0.600,67.927
27.020,31.922,0.145,0.600,67.725
27.040,30.363,0.104,0.600,67.543
27.060,28.365,0.067,0.600,67.392
27.080,25.951,0.041,0.600,67.283
27.100,23.133,0.000,0.600,67.219
27.120,20.004,-0.025,0.600,67.211
27.140,16.576,-0.062,0.600,67.251
27.160,12.885,-0.081,0.600,67.346
27.180,9.053,-0.108,0.600,67.483
27.200,5.068,-0.122,0.600,67.661
27.220,1.020,-0.145,0.600,67.863
27.240,-3.035,-0.153,0.600,68.085
27.260,-7.084,-0.163,0.600,68.308
27.280,-11.010,-0.160,0.600,68.522
27.300,-14.754,-0.166,0.600,68.708
27.320,-18.293,-0.157,0.600,68.867
27.340,-21.551,-0.155,0.600,68.977
27.360,-24.527,-0.136,0.600,69.039
27.380,-27.094,-0.120,0.600,69.041
27.400,-29.273,-0.099,0.600,68.992
27.420,-31.049,-0.071,0.600,68.884
27.440,-32.309,-0.049,0.600,68.730
27.460,-33.135,-0.016,0.600,68.535
27.480,-33.434,0.009,0.600,68.313
27.500,-33.275,0.042,0.600,68.074
27.520,-32.654,0.077,0.600,67.832
27.540,-31.518,0.112,0.600,67.598
27.560,-29.930,0.149,0.600,67.386
27.580,-27.867,0.186,0.600,67.207
27.600,-25.430,0.222,0.600,67.070
27.620,-22.582,0.253,0.600,66.981
27.640,-19.400,0.282,0.600,66.946
27.660,-15.961,0.314,0.600,66.962
27.680,-12.275,0.340,0.600,67.034
27.700,-8.385,0.361,0.600,67.147
27.720,-4.377,0.385,0.600,67.301
27.740,-0.305,0.402,0.600,67.482
27.760,3.768,0.414,0.600,67.684
27.780,7.781,0.423,0.600,67.887
27.800,11.695,0.424,0.600,68.086
27.820,15.439,0.427,0.601,68.259
27.840,18.949,0.416,0.601,68.403
27.860,22.178,0.411,0.601,68.503
27.880,25.137,0.391,0.601,68.555
27.900,27.645,0.374,0.601,68.553
27.920,29.777,0.354,0.601,68.496
27.940,31.488,0.328,0.601,68.390
27.960,32.748,0.304,0.601,68.237
27.980,33.510,0.273,0.601,68.049
28.000,33.791,0.241,0.601,67.834
28.020,33.586,0.205,0.601,67.606
28.040,32.895,0.171,0.601,67.376
28.060,31.723,0.132,0.601,67.159
28.080,30.100,0.099,0.601,66.966
28.100,28.031,0.061,0.601,66.808
28.120,25.553,0.033,0.601,66.695
28.140,22.693,-0.009,0.601,66.632
28.160,19.523,-0.032,0.601,66.625
28.180,16.061,-0.067,0.601,66.671
28.200,12.352,-0.092,0.601,66.772
28.220,8.473,-0.114,0.601,66.920
28.240,4.488,-0.133,0.601,67.108
28.260,0.422,-0.150,0.601,67.325
28.280,-3.627,-0.163,0.601,67.561
28.300,-7.670,-0.166,0.601,67.801
28.320,-11.566,-0.170,0.601,68.240
28.340,-15.281,-0.169,0.601,68.240
28.360,-18.779,-0.166,0.601,68.415
28.380,-21.996,-0.157,0.601,68.550
28.400,-24.908,-0.141,0.601,68.634
28.420,-27.428,-0.123,0.601,68.663
28.440,-29.561,-0.106,0.601,68.638
28.460,-31.248,-0.074,0.601,68.561
28.480,-32.437,-0.050,0.601,68.436
28.500,-33.170,-0.017,0.601,68.275
28.520,-33.416,0.010,0.601,68.087
28.540,-33.229,0.045,0.601,67.886
28.560,-32.496,0.077,0.601,67.683
28.580,-31.277,0.117,0.601,67.493
28.600,-29.613,0.153,0.601,67.326
28.620,-27.492,0.183,0.601,67.194
28.640,-25.002,0.221,0.601,67.105
28.660,-22.119,0.251,0.601,67.066
28.680,-18.891,0.283,0.601,67.079
28.700,-15.393,0.315,0.601,67.144
28.720,-11.678,0.343,0.601,67.262
28.740,-7.781,0.367,0.601,67.425
28.760,-3.750,0.382,0.601,67.626
28.780,0.322,0.400,0.601,67.849
28.800,4.371,0.411,0.601,68.092
28.820,8.391,0.418,0.601,68.333
28.840,12.270,0.425,0.601,68.562
28.860,15.979,0.421,0.601,68.767
28.880,19.436,0.411,0.601,68.932
28.900,22.635,0.406,0.601,69.050
28.920,25.541,0.387,0.601,69.118
28.940,27.996,0.370,0.601,69.127
28.960,30.059,0.349,0.601,69.079
28.980,31.717,0.323,0.601,68.979
29.000,32.889,0.298,0.601,68.831
29.020,33.574,0.265,0.601,68.647
29.040,33.785,0.235,0.601,68.435
29.060,33.516,0.199,0.601,68.207
29.080,32.742,0.166,0.601,67.979
29.100,31.512,0.129,0.601,67.762
29.120,29.812,0.095,0.601,67.570
29.140,27.691,0.059,0.601,67.411
29.160,25.143,0.025,0.601,67.296
29.180,22.236,-0.011,0.601,67.228
29.200,19.002,-0.036,0.601,67.215
29.220,15.492,-0.070,0.601,67.252
29.240,11.760,-0.087,0.601,67.341
29.260,7.875,-0.116,0.601,67.471
29.280,3.855,-0.132,0.601,67.639
29.300,-0.199,-0.149,0.601,67.830
29.320,-4.260,-0.157,0.601,68.037
29.340,-8.285,-0.168,0.601,68.242
29.360,-12.158,-0.168,0.601,68.438
29.380,-15.844,-0.165,0.601,68.603
29.400,-19.318,-0.162,0.601,68.736
29.420,-22.506,-0.148,0.601,68.821
29.440,-25.324,-0.139,0.601,68.854
29.460,-27.797,-0.115,0.601,68.834
29.480,-29.895,-0.097,0.601,68.757
29.500,-31.494,-0.066,0.601,68.631
29.520,-32.648,-0.042,0.601,68.459
29.540,-33.270,-0.006,0.601,68.251
29.560,-33.434,0.017,0.601,68.020
29.580,-33.170,0.057,0.601,67.777
29.600,-32.385,0.087,0.601,67.536
29.620,-31.125,0.125,0.601,67.308
29.640,-29.367,0.162,0.601,67.108
29.660,-27.182,0.196,0.601,66.944
29.680,-24.633,0.235,0.601,66.826
29.700,-21.691,0.264,0.601,66.760
29.720,-18.416,0.294,0.601,66.749
29.740,-14.889,0.322,0.601,66.789
29.760,-11.121,0.350,0.601,66.883
29.780,-7.201,0.369,0.601,67.020
29.800,-3.152,0.394,0.601,67.196
29.820,0.920,0.406,0.601,67.400
29.840,4.980,0.422,0.601,67.618
29.860,8.959,0.422,0.601,67.837
29.880,12.844,0.429,0.603,68.044
29.900,16.518,0.423,0.603,68.228
29.920,19.951,0.422,0.603,68.378
29.940,23.098,0.410,0.603,68.484
29.960,25.916,0.392,0.603,68.539
29.980,28.336,0.373,0.603,68.540
30.000,30.346,0.350,0.603,68.485
30.020,31.922,0.326,0.603,68.383
30.040,33.018,0.297,0.603,68.237
30.060,33.645,0.263,0.603,68.058
30.080,33.785,0.234,0.603,67.856
30.100,33.428,0.196,0.603,67.644
30.120,32.584,0.162,0.603,67.434
30.140,31.283,0.126,0.603,67.240
30.160,29.514,0.087,0.603,67.073
30.180,27.340,0.056,0.603,66.945
30.200,24.732,0.020,0.603,66.862
30.220,21.773,-0.013,0.603,66.831
30.240,18.516,-0.042,0.603,66.855
30.260,14.947,-0.072,0.603,66.932
30.280,11.191,-0.095,0.603,67.060
30.300,7.283,-0.116,0.603,67.233
30.320,3.264,-0.133,0.603,67.442
30.340,-0.797,-0.150,0.603,67.675
30.360,-4.863,-0.165,0.603,67.923
30.380,-8.865,-0.165,0.603,68.170
30.400,-12.691,-0.169,0.603,68.402
30.420,-16.359,-0.162,0.603,68.605
30.440,-19.781,-0.160,0.603,68.770
30.460,-22.928,-0.150,0.603,68.888
30.480,-25.723,-0.133,0.603,68.953
30.500,-28.113,-0.119,0.603,68.916
30.520,-30.117,-0.092,0.603,68.916
30.540,-31.641,-0.071,0.603,68.819
30.560,-32.742,-0.038,0.603,68.678
30.580,-33.299,-0.009,0.603,68.499
30.600,-33.416,0.021,0.603,68.297
30.620,-33.023,0.054,0.603,68.084
30.640,-32.162,0.089,0.603,67.873
30.660,-30.861,0.125,0.603,67.676
30.680,-29.033,0.163,0.603,67.505
30.700,-26.795,0.195,0.603,67.371
30.720,-24.176,0.230,0.603,67.282
30.740,-21.170,0.261,0.603,67.241
30.760,-17.877,0.294,0.603,67.253
30.780,-14.314,0.319,0.603,67.318
30.800,-10.518,0.348,0.603,67.428
30.820,-6.580,0.370,0.603,67.582
30.840,-2.514,0.384,0.603,67.769
30.860,1.553,0.407,0.603,67.977
30.880,5.607,0.415,0.603,68.196
30.900,9.562,0.421,0.603,68.411
30.920,13.412,0.420,0.603,68.609
30.940,17.068,0.421,0.603,68.778
30.960,20.449,0.411,0.603,68.909
30.980,23.561,0.402,0.603,68.990
31.000,26.297,0.384,0.603,69.018
31.020,28.664,0.366,0.603,68.990
31.040,30.609,0.342,0.603,68.905
31.060,32.115,0.319,0.603,68.769
31.080,33.141,0.283,0.603,68.590
31.100,33.697,0.260,0.603,68.376
31.120,33.744,0.221,0.603,68.141
31.140,33.334,0.191,0.603,67.895
31.160,32.426,0.152,0.603,67.652
31.180,31.043,0.120,0.603,67.426
31.200,29.215,0.076,0.603,67.227
31.220,26.977,0.053,0.603,67.067
31.240,24.311,0.008,0.603,66.951
31.260,21.311,-0.014,0.599,66.888
31.280,17.988,-0.054,0.599,66.876
31.300,14.396,-0.074,0.599,66.921
31.320,10.611,-0.106,0.599,67.013
31.340,6.680,-0.121,0.599,67.149
31.360,2.648,-0.141,0.599,67.318
31.380,-1.418,-0.156,0.599,67.510
31.400,-5.467,-0.164,0.599,67.714
31.420,-9.457,-0.171,0.600,67.916
31.440,-13.266,-0.171,0.600,68.104
31.460,-16.893,-0.167,0.600,68.261
31.480,-20.285,-0.158,0.600,68.383
31.500,-23.367,-0.148,0.600,68.456
31.520,-26.115,-0.135,0.600,68.479
31.540,-28.471,-0.113,0.600,68.449
31.560,-30.404,-0.090,0.600,68.365
31.580,-31.869,-0.064,0.600,68.234
31.600,-32.889,-0.033,0.600,68.061
31.620,-33.357,-0.005,0.600,67.856
31.640,-33.422,0.029,0.600,67.632
31.660,-32.994,0.060,0.600,67.401
31.680,-32.051,0.095,0.600,67.176
31.700,-30.633,0.132,0.600,66.970
31.720,-28.746,0.171,0.600,66.793
31.740,-26.473,0.203,0.600,66.658
31.760,-23.789,0.244,0.600,66.570
31.780,-20.725,0.265,0.600,66.535
31.800,-17.385,0.307,0.600,66.554
31.820,-13.787,0.325,0.600,66.628
31.840,-9.955,0.359,0.600,66.752
31.860,-5.994,0.373,0.600,66.921
31.880,-1.934,0.398,0.600,67.122
31.900,2.139,0.408,0.600,67.348
31.920,6.193,0.420,0.600,67.586
31.940,10.131,0.425,0.600,67.821
31.960,13.963,0.426,0.600,68.039
31.980,17.578,0.419,0.600,68.231
32.000,20.918,0.414,0.600,68.381
32.020,24.006,0.400,0.600,68.488
32.040,26.678,0.385,0.600,68.538
32.060,28.992,0.364,0.600,68.536
32.080,30.867,0.342,0.600,68.477
32.100,32.303,0.314,0.600,68.370
32.120,33.252,0.286,0.600,68.220
32.140,33.738,0.254,0.600,68.041
32.160,33.715,0.223,0.600,67.840
32.180,33.229,0.186,0.600,67.632
32.200,32.250,0.152,0.600,67.429
32.220,30.797,0.115,0.600,67.245
32.240,28.898,0.079,0.600,67.090
32.260,26.607,0.047,0.600,66.975
32.280,23.883,0.011,0.600,66.907
32.300,20.812,-0.017,0.600,66.890
32.320,17.467,-0.051,0.600,66.925
32.340,13.846,-0.071,0.600,67.014
32.360,10.031,-0.104,0.600,67.147
32.380,6.070,-0.119,0.600,67.327
32.400,2.027,-0.137,0.600,67.534
32.420,-2.039,-0.149,0.600,67.764
32.440,-6.070,-0.159,0.600,67.997
32.460,-10.020,-0.165,0.600,68.227
32.480,-13.822,-0.162,0.600,68.436
32.500,-17.420,-0.158,0.600,68.752
32.520,-20.777,-0.154,0.600,68.752
32.540,-23.812,-0.143,0.600,68.839
32.560,-26.455,-0.123,0.600,68.872
32.580,-28.770,-0.108,0.600,68.846
32.600,-30.662,-0.082,0.600,68.768
32.620,-32.027,-0.058,0.600,68.639
32.640,-32.977,-0.028,0.600,68.467
32.660,-33.363,-0.000,0.600,68.263
32.680,-33.369,0.036,0.600,68.040
32.700,-32.836,0.066,0.600,67.808
32.720,-31.852,0.105,0.600,67.583
32.740,-30.340,0.141,0.600,67.375
32.760,-28.400,0.177,0.600,67.198
32.780,-26.074,0.211,0.600,67.060
32.800,-23.332,0.242,0.600,66.969
32.820,-20.227,0.273,0.600,66.929
32.840,-16.828,0.307,0.600,66.941
32.860,-13.201,0.331,0.600,67.006
32.880,-9.346,0.356,0.600,67.117
32.900,-5.361,0.377,0.600,67.266
32.920,-1.312,0.395,0.600,67.449
32.940,2.771,0.408,0.600,67.654
32.960,6.809,0.418,0.600,67.862
32.980,10.729,0.426,0.600,68.066
33.000,14.537,0.422,0.600,68.251
33.020,18.094,0.419,0.600,68.405
33.040,21.410,0.410,0.600,68.519
33.060,24.439,0.391,0.600,68.584
33.080,27.059,0.381,0.600,68.594
33.100,29.303,0.354,0.600,68.551
33.120,31.102,0.337,0.600,68.455
33.140,32.479,0.305,0.600,68.311
33.160,33.357,0.278,0.600,68.126
33.180,33.762,0.244,0.600,67.913
33.200,33.680,0.215,0.600,67.682
33.220,33.100,0.181,0.600,67.447
33.240,32.068,0.144,0.600,67.220
33.260,30.521,0.102,0.600,67.013
33.280,28.588,0.069,0.600,66.840
33.300,26.215,0.038,0.600,66.708
33.320,23.437,0.000,0.600,66.623
33.340,20.332,-0.028,0.600,66.594
33.360,16.945,-0.064,0.600,66.618
33.380,13.283,-0.082,0.600,66.698
33.400,9.457,-0.117,0.600,66.825
33.420,5.484,-0.124,0.600,66.996
33.440,1.447,-0.151,0.600,67.197
33.460,-2.643,-0.157,0.600,67.423
33.480,-6.668,-0.168,0.600,67.653
33.500,-10.594,-0.168,0.600,67.879
33.520,-14.379,-0.171,0.600,68.086
33.540,-17.930,-0.162,0.600,68.263
33.560,-21.240,-0.162,0.600,68.398
33.580,-24.211,-0.141,0.600,68.489
33.600,-26.824,-0.129,0.600,68.524
33.620,-29.068,-0.105,0.600,68.506
33.640,-30.867,-0.083,0.600,68.436
33.660,-32.209,-0.058,0.600,68.316
33.680,-33.070,-0.026,0.600,68.161
33.700,-33.387,0.001,0.600,67.974
33.720,-33.305,0.036,0.600,67.773
33.740,-32.725,0.067,0.600,67.566
33.760,-31.676,0.108,0.600,67.369
33.780,-30.088,0.141,0.600,67.194
33.800,-28.066,0.178,0.600,67.050
33.820,-25.682,0.211,0.600,66.950
33.840,-22.869,0.247,0.600,66.897
33.860,-19.734,0.278,0.600,66.900
33.880,-16.301,0.311,0.600,67.065
33.900,-12.639,0.331,0.600,67.065
33.920,-8.766,0.362,0.600,67.218
33.940,-4.764,0.377,0.600,67.415
33.960,-0.697,0.399,0.600,67.640
33.980,3.363,0.409,0.600,67.885
34.000,7.389,0.417,0.600,68.134
34.020,11.314,0.422,0.600,68.374
34.040,15.088,0.420,0.600,68.592
34.060,18.604,0.417,0.600,68.775
34.080,21.879,0.409,0.600,68.917
34.100,24.855,0.393,0.600,69.009
34.120,27.422,0.377,0.600,69.043
34.140,29.602,0.355,0.600,69.020
34.160,31.336,0.335,0.600,68.943
34.180,32.637,0.303,0.600,68.817
34.200,33.457,0.277,0.600,68.651
34.220,33.773,0.247,0.600,68.456
34.240,33.621,0.211,0.600,68.243
34.260,32.965,0.181,0.600,68.024
34.280,31.857,0.141,0.600,67.814
34.300,30.258,0.108,0.600,67.625
34.320,28.248,0.064,0.600,67.467
34.340,25.811,0.038,0.600,67.352
34.360,22.980,-0.000,0.600,67.281
34.380,19.846,-0.027,0.600,67.265
34.400,16.383,-0.062,0.600,67.297
34.420,12.709,-0.080,0.600,67.385
34.440,8.842,-0.112,0.600,67.512
34.460,4.863,-0.121,0.600,67.683
34.480,0.814,-0.150,0.600,67.875
34.500,-3.264,-0.151,0.600,68.090
34.520,-7.295,-0.166,0.600,68.302
34.540,-11.203,-0.166,0.600,68.507
34.560,-14.941,-0.164,0.600,68.686
34.580,-18.463,-0.164,0.600,68.830
34.600,-21.732,-0.148,0.600,68.932
34.620,-24.662,-0.141,0.600,68.980
34.640,-27.229,-0.118,0.600,68.974
34.660,-29.391,-0.100,0.600,68.911
34.680,-31.107,-0.074,0.600,68.796
34.700,-32.391,-0.047,0.600,68.633
34.720,-33.146,-0.018,0.600,68.431
34.740,-33.451,0.012,0.600,68.203
34.760,-33.264,0.046,0.600,67.958
34.780,-32.602,0.079,0.600,67.711
34.800,-31.482,0.119,0.600,67.474
34.820,-29.842,0.152,0.600,67.260
34.840,-27.768,0.190,0.600,67.080
34.860,-25.301,0.219,0.600,66.943
34.880,-22.430,0.260,0.597,66.854
34.900,-19.242,0.284,0.597,66.821
34.920,-15.779,0.319,0.597,66.838
34.940,-12.076,0.342,0.597,66.911
34.960,-8.186,0.369,0.597,67.027
34.980,-4.166,0.385,0.597,67.185
35.000,-0.082,0.406,0.597,67.368
35.020,3.984,0.415,0.597,67.572
35.040,7.998,0.424,0.597,67.779
35.060,11.895,0.424,0.597,67.978
35.080,15.633,0.424,0.597,68.153
35.100,19.119,0.418,0.597,68.297
35.120,22.348,0.410,0.597,68.400
35.140,25.260,0.393,0.597,68.454
35.160,27.773,0.378,0.597,68.455
35.180,29.883,0.351,0.597,68.402
35.200,31.559,0.331,0.597,68.298
35.220,32.789,0.299,0.597,68.150
35.240,33.545,0.271,0.597,67.966
35.260,33.797,0.240,0.597,67.756
35.280,33.557,0.205,0.597,67.533
35.300,32.824,0.174,0.597,67.310
35.320,31.658,0.132,0.597,67.099
35.340,29.977,0.097,0.597,66.914
35.360,27.920,0.059,0.597,66.765
35.380,25.418,0.031,0.597,66.661
35.400,22.529,-0.004,0.597,66.606
35.420,19.342,-0.035,0.597,66.608
35.440,15.861,-0.069,0.597,66.663
35.460,12.141,-0.087,0.597,66.773
35.480,8.262,-0.116,0.597,66.928
35.500,4.266,-0.128,0.597,67.124
35.520,0.217,-0.153,0.597,67.345
35.540,-3.867,-0.155,0.597,67.588
35.560,-7.852,-0.169,0.597,67.832
35.580,-11.766,-0.168,0.597,68.067
35.600,-15.480,-0.168,0.597,68.278
35.620,-18.943,-0.165,0.597,68.456
35.640,-22.166,-0.154,0.597,68.587
35.660,-25.025,-0.144,0.597,68.671
35.680,-27.557,-0.120,0.597,68.699
35.700,-29.654,-0.100,0.597,68.672
35.720,-31.312,-0.071,0.597,68.591
35.740,-32.496,-0.048,0.597,68.464
35.760,-33.199,-0.017,0.597,68.301
35.780,-33.434,0.011,0.597,68.112
35.800,-33.170,0.048,0.597,67.910
35.820,-32.432,0.077,0.597,67.705
35.840,-31.207,0.119,0.597,67.513
35.860,-29.502,0.149,0.597,67.345
35.880,-27.398,0.190,0.597,67.211
35.900,-24.855,0.221,0.597,67.121
35.920,-21.949,0.252,0.597,67.080
35.940,-18.727,0.286,0.597,67.092
35.960,-15.217,0.315,0.597,67.155
35.980,-11.479,0.345,0.597,67.271
36.000,-7.564,0.364,0.597,67.429
36.020,-3.527,0.386,0.597,67.624
36.040,0.533,0.399,0.597,67.843
36.060,4.605,0.411,0.597,68.076
36.080,8.602,0.422,0.597,68.306
36.100,12.463,0.423,0.597,68.527
36.120,16.166,0.423,0.597,68.718
36.140,19.629,0.414,0.597,68.877
36.160,22.811,0.404,0.597,68.984
36.180,25.664,0.389,0.597,69.041
36.200,28.125,0.369,0.597,69.039
36.220,30.170,0.347,0.597,68.981
36.240,31.775,0.325,0.597,68.871
36.260,32.930,0.294,0.597,68.714
36.280,33.604,0.265,0.597,68.521
36.300,33.773,0.235,0.597,68.302
36.320,33.492,0.198,0.597,68.069
36.340,32.684,0.166,0.597,67.834
36.360,31.430,0.126,0.597,67.612
36.380,29.701,0.090,0.597,67.415
36.400,27.562,0.058,0.597,67.253
36.420,25.002,0.021,0.597,67.135
36.440,22.072,-0.009,0.597,67.066
36.460,18.838,-0.042,0.597,67.050
36.480,15.305,-0.069,0.597,67.085
36.500,11.572,-0.096,0.597,67.172
36.520,7.658,-0.114,0.597,67.302
36.540,3.645,-0.137,0.597,67.468
36.560,-0.416,-0.152,0.597,67.659
36.580,-4.477,-0.161,0.597,67.863
36.600,-8.473,-0.167,0.597,68.067
36.620,-12.357,-0.170,0.597,68.258
36.640,-16.031,-0.166,0.597,68.424
36.660,-19.482,-0.165,0.597,68.553
36.680,-22.676,-0.147,0.597,68.639
36.700,-25.465,-0.137,0.597,68.670
36.720,-27.926,-0.112,0.597,68.649
36.740,-29.982,-0.093,0.597,68.573
36.760,-31.588,-0.068,0.597,68.446
36.780,-32.701,-0.040,0.597,68.276
36.800,-33.281,-0.011,0.597,68.073
36.820,-33.445,0.020,0.597,67.846
36.840,-33.152,0.054,0.597,67.608
36.860,-32.355,0.090,0.597,67.373
36.880,-31.055,0.125,0.597,67.152
36.900,-29.268,0.162,0.597,66.958
36.920,-27.076,0.199,0.597,66.802
36.940,-24.480,0.233,0.597,66.692
36.960,-21.521,0.265,0.597,66.634
36.980,-18.240,0.298,0.597,66.631
37.000,-14.707,0.325,0.597,66.681
37.020,-10.928,0.355,0.597,66.785
37.040,-6.984,0.370,0.597,66.931
37.060,-2.953,0.395,0.597,67.117
37.080,1.137,0.410,0.597,67.328
37.100,5.174,0.418,0.597,67.556
37.120,9.164,0.426,0.597,67.781
37.140,13.037,0.423,0.597,67.995
37.160,16.693,0.427,0.598,68.184
37.180,20.121,0.418,0.598,68.337
37.200,23.268,0.409,0.598,68.447
37.220,26.062,0.389,0.598,68.505
37.240,28.459,0.370,0.598,68.508
37.260,30.439,0.348,0.598,68.457
37.280,31.986,0.324,0.598,68.356
37.300,33.064,0.294,0.598,68.214
37.320,33.668,0.262,0.598,68.037
37.340,33.768,0.232,0.598,67.837
37.360,33.398,0.199,0.598,67.628
37.380,32.531,0.160,0.598,67.421
37.400,31.207,0.128,0.598,67.230
37.420,29.396,0.091,0.598,67.067
37.440,27.223,0.054,0.598,66.941
37.460,24.586,0.022,0.598,66.862
37.480,21.598,-0.010,0.598,66.833
37.500,18.328,-0.042,0.598,66.860
37.520,14.760,-0.069,0.598,66.939
37.540,10.992,-0.099,0.598,67.069
37.560,7.078,-0.113,0.598,67.242
37.580,3.064,-0.135,0.598,67.450
37.600,-1.008,-0.147,0.598,67.682
37.620,-5.080,-0.156,0.598,67.924
37.640,-9.064,-0.166,0.598,68.162
37.660,-12.908,-0.163,0.598,68.387
37.680,-16.541,-0.167,0.598,68.581
37.700,-19.963,-0.155,0.598,68.741
37.720,-23.086,-0.145,0.598,68.848
37.740,-25.846,-0.132,0.598,68.904
37.760,-28.236,-0.112,0.598,68.902
37.780,-30.211,-0.091,0.598,68.847
37.800,-31.740,-0.065,0.598,68.738
37.820,-32.789,-0.038,0.598,68.586
37.840,-33.311,-0.007,0.598,68.399
37.860,-33.416,0.025,0.598,68.188
37.880,-32.994,0.059,0.598,67.968
37.900,-32.139,0.094,0.598,67.748
37.920,-30.768,0.127,0.598,67.544
37.940,-28.922,0.163,0.598,67.367
37.960,-26.678,0.198,0.598,67.225
37.980,-24.023,0.236,0.598,67.129
38.000,-21.012,0.263,0.598,67.083
38.020,-17.689,0.299,0.598,67.090
38.040,-14.133,0.321,0.598,67.147
38.060,-10.330,0.353,0.598,67.252
38.080,-6.363,0.366,0.598,67.399
38.100,-2.320,0.394,0.598,67.578
38.120,1.752,0.402,0.598,67.779
38.140,5.812,0.419,0.598,67.989
38.160,9.756,0.420,0.598,68.198
38.180,13.605,0.422,0.598,68.387
38.200,17.244,0.421,0.598,68.550
38.220,20.607,0.412,0.598,68.673
38.240,23.719,0.398,0.598,68.750
38.260,26.449,0.385,0.598,68.769
38.280,28.775,0.362,0.598,68.735
38.300,30.703,0.343,0.598,68.643
38.320,32.180,0.310,0.598,68.505
38.340,33.193,0.287,0.598,68.321
38.360,33.709,0.254,0.598,68.107
38.380,33.732,0.221,0.598,67.871
38.400,33.311,0.186,0.598,67.626
38.420,32.355,0.149,0.598,67.385
38.440,30.967,0.116,0.598,67.162
38.460,29.104,0.077,0.598,66.968
38.480,26.836,0.041,0.598,66.813
38.500,24.158,0.012,0.598,66.704
38.520,21.135,-0.026,0.596,66.647
38.540,17.812,-0.050,0.596,66.646
38.560,14.203,-0.082,0.596,66.698
38.580,10.424,-0.106,0.596,66.800
38.600,6.486,-0.124,0.596,66.946
38.620,2.437,-0.142,0.596,67.124
38.640,-1.617,-0.154,0.596,67.326
38.660,-5.654,-0.165,0.596,67.541
38.680,-9.650,-0.170,0.596,67.753
38.700,-13.471,-0.171,0.598,67.951
38.720,-17.074,-0.166,0.598,68.121
38.740,-20.455,-0.158,0.598,68.251
38.760,-23.508,-0.147,0.598,68.337
38.780,-26.227,-0.136,0.598,68.370
38.800,-28.564,-0.107,0.598,68.352
38.820,-30.480,-0.088,0.598,68.279
38.840,-31.928,-0.061,0.598,68.158
38.860,-32.900,-0.035,0.598,67.997
38.880,-33.363,-0.002,0.598,67.807
38.900,-33.404,0.030,0.598,67.596
38.920,-32.918,0.063,0.598,67.380
38.940,-31.963,0.098,0.598,67.169
38.960,-30.533,0.132,0.598,66.978
38.980,-28.635,0.170,0.598,66.818
39.000,-26.326,0.204,0.598,66.698
39.020,-23.619,0.238,0.598,66.626
39.040,-20.543,0.269,0.598,66.608
39.060,-17.186,0.301,0.598,66.644
39.080,-13.582,0.328,0.598,66.735
39.100,-9.768,0.356,0.598,66.874
39.120,-5.783,0.375,0.598,67.059
39.140,-1.734,0.396,0.598,67.276
39.160,2.355,0.406,0.598,67.517
39.180,6.393,0.420,0.598,67.765
39.200,10.348,0.423,0.598,68.012
39.220,14.162,0.426,0.598,68.239
39.240,17.760,0.418,0.598,68.441
39.260,21.082,0.414,0.598,68.597
39.280,24.158,0.398,0.598,68.710
39.300,26.807,0.385,0.598,68.763
39.320,29.086,0.364,0.598,68.763
39.340,30.949,0.341,0.598,68.708
39.360,32.361,0.311,0.598,68.604
39.380,33.287,0.289,0.598,68.457
39.400,33.738,0.249,0.598,68.279
39.420,33.721,0.224,0.598,68.080
39.440,33.193,0.185,0.598,67.873
39.460,32.180,0.151,0.598,67.671
39.480,30.709,0.115,0.598,67.487
39.500,28.793,0.074,0.598,67.333
39.520,26.461,0.045,0.598,67.219
39.540,23.713,0.008,0.598,67.151
39.560,20.648,-0.018,0.598,67.135
39.580,17.279,-0.050,0.598,67.170
39.600,13.646,-0.077,0.598,67.258
39.620,9.820,-0.103,0.598,67.391
39.640,5.871,-0.118,0.598,67.566
39.660,1.834,-0.142,0.598,67.769
39.680,-2.256,-0.153,0.598,67.993
39.700,-6.270,-0.163,0.598,68.223
39.720,-10.254,-0.166,0.598,68.444
39.740,-14.045,-0.166,0.598,68.646
39.760,-17.613,-0.161,0.598,68.815
39.780,-20.953,-0.154,0.598,68.942
39.800,-23.941,-0.141,0.598,69.016
39.820,-26.637,-0.123,0.598,69.035
39.840,-28.881,-0.108,0.598,68.998
39.860,-30.732,-0.080,0.598,68.908
39.880,-32.121,-0.053,0.598,68.767
39.900,-33.006,-0.025,0.598,68.583
39.920,-33.398,0.007,0.598,68.369
39.940,-33.363,0.039,0.598,68.136
39.960,-32.824,0.070,0.598,67.896
39.980,-31.793,0.108,0.598,67.663
40.000,-30.270,0.141,0.598,67.449
40.020,-28.307,0.182,0.598,67.265
40.040,-25.928,0.212,0.598,67.123
40.060,-23.186,0.251,0.598,67.027
40.080,-20.051,0.275,0.598,66.984
40.100,-16.641,0.311,0.598,66.992
40.120,-13.020,0.335,0.598,67.055
40.140,-9.141,0.358,0.598,67.162
40.160,-5.162,0.380,0.598,67.311
40.180,-1.107,0.401,0.598,67.489
40.200,2.982,0.410,0.598,67.689
40.220,7.008,0.423,0.598,67.896
40.240,10.928,0.424,0.598,68.096
40.260,14.730,0.424,0.598,68.279
40.280,18.281,0.420,0.598,68.429
40.300,21.568,0.409,0.598,68.539
40.320,24.598,0.397,0.598,68.600
40.340,27.182,0.377,0.598,68.608
40.360,29.391,0.359,0.598,68.562
40.380,31.189,0.333,0.598,68.464
40.400,32.531,0.306,0.598,68.320
40.420,33.393,0.275,0.598,68.136
40.440,33.773,0.244,0.598,67.924
40.460,33.656,0.215,0.598,67.696
40.480,33.070,0.174,0.598,67.464
40.500,31.986,0.141,0.598,67.241
40.520,30.457,0.106,0.598,67.040
40.540,28.477,0.065,0.598,66.873
40.560,26.080,0.040,0.598,66.749
40.580,23.268,-0.002,0.598,66.672
40.600,20.162,-0.029,0.598,66.652
40.620,16.758,-0.063,0.598,66.685
40.640,13.084,-0.082,0.598,66.775
40.660,9.246,-0.113,0.598,66.907
40.680,5.273,-0.124,0.598,67.089
40.700,1.219,-0.148,0.598,67.294
40.720,-2.854,-0.158,0.598,67.527
40.740,-6.867,-0.170,0.598,67.763
40.760,-10.822,-0.170,0.598,67.996
40.780,-14.555,-0.171,0.598,68.208
40.800,-18.105,-0.169,0.598,68.390
40.820,-21.404,-0.154,0.598,68.530
40.840,-24.346,-0.147,0.598,68.620
40.860,-26.930,-0.121,0.598,68.659
40.880,-29.162,-0.111,0.598,68.640
40.900,-30.955,-0.079,0.598,68.571
40.920,-32.262,-0.059,0.598,68.453
40.940,-33.070,-0.024,0.598,68.299
40.960,-33.398,0.002,0.598,68.114
40.980,-33.275,0.037,0.598,67.914
41.000,-32.684,0.071,0.598,67.710
41.020,-31.559,0.108,0.598,67.515
41.040,-29.982,0.144,0.598,67.342
41.060,-27.949,0.179,0.598,67.203
41.080,-25.529,0.215,0.598,67.105
41.100,-22.711,0.248,0.598,67.057
41.120,-19.547,0.281,0.598,67.060
41.140,-16.107,0.307,0.598,67.119
41.160,-12.445,0.340,0.598,67.229
41.180,-8.537,0.357,0.598,67.385
41.200,-4.547,0.387,0.598,67.579
41.220,-0.486,0.394,0.598,67.805
41.240,3.580,0.414,0.598,68.043
41.260,7.605,0.418,0.598,68.289
41.280,11.514,0.422,0.598,68.523
41.300,15.281,0.424,0.598,68.734
41.320,18.791,0.421,0.598,68.912
41.340,22.043,0.406,0.598,69.046
41.360,24.996,0.394,0.598,69.129
41.380,27.539,0.375,0.598,69.152
41.400,29.695,0.358,0.598,69.119
41.420,31.412,0.327,0.598,69.034
41.440,32.684,0.306,0.598,68.899
41.460,33.480,0.275,0.598,68.726
41.480,33.779,0.242,0.598,68.522
41.500,33.609,0.209,0.598,68.302
41.520,32.936,0.170,0.598,68.078
41.540,31.793,0.137,0.598,67.862
41.560,30.187,0.103,0.598,67.669
41.580,28.143,0.062,0.598,67.507
41.600,25.670,0.033,0.598,67.387
41.620,22.822,-0.004,0.598,67.315
41.640,19.658,-0.028,0.598,67.295
41.660,16.201,-0.063,0.598,67.326
41.680,12.516,-0.084,0.598,67.409
41.700,8.648,-0.111,0.598,67.535
41.720,4.646,-0.127,0.598,67.701
41.740,0.598,-0.150,0.598,67.890
41.760,-3.469,-0.157,0.598,68.101
41.780,-7.500,-0.167,0.598,68.310
41.800,-11.414,-0.165,0.598,68.511
41.820,-15.146,-0.166,0.598,68.684
41.840,-18.662,-0.161,0.598,68.826
41.860,-21.920,-0.151,0.598,68.921
41.880,-24.809,-0.139,0.598,68.966
41.900,-27.346,-0.115,0.598,68.957
41.920,-29.502,-0.100,0.598,68.890
41.940,-31.207,-0.068,0.598,68.772
41.960,-32.443,-0.047,0.598,68.607
41.980,-33.205,-0.011,0.598,68.405
42.000,-33.451,0.012,0.598,68.175
42.020,-33.258,0.049,0.598,67.932
42.040,-32.584,0.080,0.598,67.688
42.060,-31.383,0.118,0.598,67.454
42.080,-29.748,0.157,0.598,67.245
42.100,-27.650,0.191,0.598,67.070
42.120,-25.143,0.224,0.598,66.940
42.140,-22.289,0.257,0.598,66.858
42.160,-19.061,0.288,0.597,66.829
42.180,-15.609,0.323,0.597,66.855
42.200,-11.877,0.344,0.597,66.935
42.220,-7.969,0.369,0.597,67.058
42.240,-3.943,0.388,0.597,67.223
42.260,0.123,0.406,0.597,67.416
42.280,4.184,0.418,0.597,67.627
42.300,8.197,0.425,0.597,67.841
42.320,12.082,0.423,0.597,68.046
42.340,15.809,0.427,0.598,68.226
42.360,19.301,0.415,0.598,68.376
42.380,22.512,0.414,0.598,68.481
42.400,25.412,0.390,0.598,68.539
42.420,27.885,0.376,0.598,68.543
42.440,29.971,0.353,0.598,68.493
42.460,31.641,0.331,0.598,68.391
42.480,32.836,0.302,0.598,68.247
42.500,33.562,0.269,0.598,68.067
42.520,33.785,0.237,0.598,67.861
42.540,33.545,0.205,0.598,67.643
42.560,32.795,0.166,0.598,67.425
42.580,31.576,0.135,0.598,67.221
42.600,29.895,0.095,0.598,67.042
42.620,27.803,0.059,0.598,66.900
42.640,25.266,0.029,0.598,66.804
42.660,22.377,-0.004,0.598,66.756
42.680,19.160,-0.032,0.598,66.765
42.700,15.668,-0.067,0.598,66.826
42.720,11.953,-0.088,0.598,66.940
42.740,8.051,-0.115,0.598,67.100
42.760,4.066,-0.133,0.598,67.301
42.780,0.012,-0.149,0.598,67.528
42.800,-4.055,-0.158,0.598,67.772
42.820,-8.092,-0.164,0.598,68.017
42.840,-11.965,-0.171,0.598,68.249
42.860,-15.656,-0.165,0.598,68.460
42.880,-19.125,-0.164,0.598,68.632
42.900,-22.318,-0.149,0.598,68.762
42.920,-25.195,-0.142,0.598,68.837
42.940,-27.662,-0.115,0.598,68.862
42.960,-29.754,-0.104,0.598,68.826
42.980,-31.389,-0.071,0.598,68.742
43.000,-32.543,-0.050,0.598,68.609
43.020,-33.234,-0.013,0.598,68.441
43.040,-33.434,0.016,0.598,68.247
43.060,-33.158,0.047,0.598,68.038
43.080,-32.391,0.084,0.598,67.830
43.100,-31.143,0.114,0.598,67.634
43.120,-29.437,0.160,0.598,67.462
43.140,-27.275,0.186,0.598,67.325
43.160,-24.732,0.228,0.598,67.232
43.180,-21.809,0.252,0.598,67.188
43.200,-18.533,0.290,0.598,67.196
43.220,-15.029,0.315,0.598,67.255
43.240,-11.273,0.347,0.598,67.365
43.260,-7.377,0.365,0.598,67.517
43.280,-3.328,0.389,0.598,67.706
43.300,0.756,0.398,0.598,67.920
43.320,4.811,0.419,0.598,68.144
43.340,8.801,0.420,0.598,68.371
43.360,12.662,0.422,0.598,68.582
43.380,16.359,0.420,0.598,68.767
43.400,19.805,0.414,0.598,68.911
43.420,22.975,0.405,0.598,69.011
43.440,25.816,0.387,0.598,69.055
43.460,28.236,0.366,0.598,69.046
43.480,30.258,0.349,0.598,68.977
43.500,31.852,0.319,0.598,68.860
43.520,32.982,0.294,0.598,68.693
43.540,33.615,0.257,0.598,68.493
43.560,33.803,0.233,0.598,68.266
43.580,33.463,0.195,0.598,68.028
43.600,32.631,0.161,0.598,67.789
43.620,31.354,0.124,0.598,67.563
43.640,29.607,0.088,0.598,67.363
43.660,27.445,0.055,0.598,67.200
43.680,24.867,0.019,0.598,67.080
43.700,21.908,-0.016,0.598,67.011
43.720,18.668,-0.044,0.598,66.994
43.740,15.117,-0.076,0.598,67.032
43.760,11.379,-0.094,0.598,67.119
43.780,7.477,-0.121,0.598,67.251
43.800,3.434,-0.137,0.598,67.417
43.820,-0.609,-0.155,0.598,67.610
43.840,-4.687,-0.162,0.598,67.816
43.860,-8.684,-0.167,0.598,68.020
43.880,-12.557,-0.171,0.598,68.212
43.900,-16.219,-0.164,0.598,68.381
43.920,-19.652,-0.161,0.598,68.508
43.940,-22.787,-0.153,0.598,68.593
43.960,-25.611,-0.138,0.598,68.627
43.980,-28.020,-0.116,0.598,68.609
44.000,-30.053,-0.094,0.598,68.534
44.020,-31.629,-0.067,0.598,68.411
44.040,-32.713,-0.042,0.598,68.245
44.060,-33.299,-0.009,0.598,68.045
44.080,-33.428,0.020,0.598,67.823
44.100,-33.117,0.058,0.598,67.591
44.120,-32.285,0.090,0.598,67.362
44.140,-30.961,0.127,0.598,67.149
44.160,-29.139,0.163,0.598,66.964
44.180,-26.947,0.193,0.598,66.818
44.200,-24.334,0.236,0.598,66.719
44.220,-21.352,0.264,0.598,66.671
44.240,-18.059,0.298,0.598,66.679
44.260,-14.496,0.323,0.598,66.740
44.280,-10.723,0.354,0.598,66.853
44.300,-6.803,0.372,0.598,67.012
44.320,-2.736,0.391,0.598,67.208
44.340,1.348,0.404,0.598,67.429
44.360,5.402,0.418,0.598,67.663
44.380,9.363,0.420,0.598,67.895
44.400,13.236,0.427,0.598,68.113
44.420,16.898,0.423,0.598,68.309
44.440,20.279,0.414,0.598,68.467
44.460,23.420,0.409,0.598,68.579
44.480,26.191,0.386,0.598,68.639
44.500,28.559,0.373,0.598,68.644
44.520,30.527,0.348,0.598,68.594
44.540,32.057,0.322,0.598,68.496
44.560,33.111,0.295,0.598,68.352
44.580,33.674,0.261,0.598,68.177
44.600,33.762,0.232,0.598,67.978
44.620,33.381,0.189,0.598,67.769
44.640,32.473,0.165,0.598,67.563
44.660,31.119,0.117,0.598,67.373
44.680,29.309,0.093,0.598,67.211
44.700,27.082,0.049,0.598,67.085
44.720,24.445,0.024,0.598,67.007
44.740,21.434,-0.019,0.598,66.977
44.760,18.152,-0.038,0.598,67.005
44.780,14.555,-0.075,0.598,67.081
44.800,10.793,-0.095,0.598,67.209
44.820,6.873,-0.118,0.598,67.378
44.840,2.836,-0.133,0.598,67.581
44.860,-1.230,-0.150,0.598,67.806
44.880,-5.279,-0.161,0.598,68.042
44.900,-9.287,-0.164,0.598,68.273
44.920,-13.084,-0.166,0.598,68.488
44.940,-16.746,-0.158,0.598,68.671
44.960,-20.139,-0.158,0.598,68.816
44.980,-23.238,-0.142,0.598,68.911
45.000,-25.986,-0.131,0.598,68.953
45.020,-28.336,-0.108,0.598,68.939
45.040,-30.316,-0.090,0.598,68.870
45.060,-31.822,-0.058,0.598,68.750
45.080,-32.836,-0.037,0.598,68.584
45.100,-33.346,0.001,0.598,68.385
45.120,-33.416,0.028,0.598,68.163
45.140,-32.994,0.066,0.598,67.931
45.160,-32.074,0.095,0.598,67.702
45.180,-30.697,0.134,0.598,67.490
45.200,-28.834,0.172,0.598,67.305
45.220,-26.531,0.198,0.598,67.158
45.240,-23.877,0.240,0.598,67.055
45.260,-20.848,0.265,0.598,67.003
45.280,-17.508,0.304,0.598,67.004
45.300,-13.939,0.328,0.598,67.058
45.320,-10.113,0.356,0.598,67.160
45.340,-6.152,0.373,0.598,67.304
45.360,-2.098,0.395,0.598,67.479
45.380,1.957,0.406,0.598,67.678
45.400,6.018,0.423,0.598,67.884
45.420,9.961,0.418,0.598,68.093
45.440,13.799,0.426,0.598,68.277
45.460,17.420,0.416,0.598,68.439
45.480,20.777,0.418,0.598,68.555
45.500,23.877,0.396,0.598,68.634
45.520,26.566,0.385,0.598,68.650
45.540,28.893,0.358,0.598,68.618
45.560,30.779,0.340,0.598,68.528
45.580,32.244,0.313,0.598,68.392
45.600,33.223,0.286,0.598,68.213
45.620,33.715,0.251,0.598,68.003
45.640,33.727,0.220,0.598,67.773
45.660,33.270,0.186,0.598,67.536
45.680,32.303,0.153,0.598,67.305
45.700,30.867,0.112,0.598,67.092
45.720,29.004,0.072,0.598,66.910
45.740,26.707,0.048,0.598,66.769
45.760,24.012,0.006,0.598,66.672
45.780,20.965,-0.022,0.598,66.632
45.800,17.648,-0.059,0.598,66.644
45.820,14.004,-0.077,0.598,66.715
45.840,10.213,-0.106,0.598,66.831
45.860,6.275,-0.123,0.598,66.995
45.880,2.238,-0.144,0.598,67.188
45.900,-1.828,-0.158,0.598,67.411
45.920,-5.871,-0.162,0.598,67.642
45.940,-9.850,-0.170,0.598,67.867
45.960,-13.646,-0.170,0.598,68.078
45.980,-17.244,-0.170,0.598,68.261
46.000,-20.590,-0.157,0.598,68.409
46.020,-23.660,-0.152,0.598,68.505
46.040,-26.344,-0.132,0.598,68.552
46.060,-28.652,-0.116,0.598,68.545
46.080,-30.551,-0.085,0.598,68.485
46.100,-31.957,-0.064,0.598,68.375
46.120,-32.947,-0.030,0.598,68.224
46.140,-33.363,-0.004,0.598,68.043
46.160,-33.369,0.030,0.598,67.843
46.180,-32.877,0.062,0.598,67.637
46.200,-31.893,0.099,0.598,67.438
46.220,-30.434,0.138,0.598,67.257
46.240,-28.506,0.168,0.598,67.107
46.260,-26.197,0.209,0.598,66.998
46.280,-23.473,0.241,0.598,66.937
46.300,-20.367,0.271,0.598,66.929
46.320,-17.004,0.306,0.598,66.975
46.340,-13.395,0.330,0.598,67.073
46.360,-9.545,0.353,0.598,67.221
46.380,-5.561,0.378,0.598,67.408
46.400,-1.500,0.391,0.598,67.631
46.420,2.572,0.412,0.598,67.870
46.440,6.609,0.415,0.598,68.120
46.460,10.541,0.424,0.598,68.362
46.480,14.355,0.422,0.598,68.585
46.500,17.941,0.424,0.598,68.777
46.520,21.252,0.410,0.598,68.931
46.540,24.305,0.399,0.598,69.033
46.560,26.930,0.381,0.598,69.079
46.580,29.209,0.365,0.598,69.067
46.600,31.031,0.336,0.598,69.001
46.620,32.420,0.313,0.598,68.885
46.640,33.328,0.282,0.598,68.727
46.660,33.756,0.252,0.598,68.537
46.680,33.691,0.219,0.598,68.326
46.700,33.152,0.184,0.598,68.108
46.720,32.115,0.145,0.598,67.896
46.740,30.604,0.108,0.598,67.702
46.760,28.687,0.075,0.598,67.538
46.780,26.320,0.044,0.598,67.414
46.800,23.549,0.004,0.598,67.335
46.820,20.467,-0.022,0.598,67.310
46.840,17.086,-0.056,0.598,67.335
46.860,13.436,-0.078,0.598,67.414
46.880,9.609,-0.106,0.598,67.535
46.900,5.643,-0.122,0.598,67.698
46.920,1.611,-0.142,0.598,67.888
46.940,-2.461,-0.154,0.598,68.099
46.960,-6.498,-0.162,0.598,68.312
46.980,-10.459,-0.164,0.598,68.520
47.000,-14.232,-0.170,0.598,68.705
47.020,-17.818,-0.158,0.598,68.860
47.040,-21.117,-0.154,0.598,68.972
47.060,-24.135,-0.138,0.598,69.031
47.080,-26.748,-0.121,0.598,69.037
47.100,-29.004,-0.104,0.598,68.987
47.120,-30.826,-0.075,0.598,68.884
47.140,-32.174,-0.052,0.598,68.730
47.160,-33.064,-0.021,0.598,68.537
47.180,-33.393,0.009,0.598,68.313
47.200,-33.352,0.041,0.598,68.071
47.220,-32.801,0.072,0.598,67.825
47.240,-31.734,0.109,0.598,67.587
47.260,-30.182,0.146,0.598,67.369
47.280,-28.172,0.182,0.598,67.183
47.300,-25.799,0.219,0.598,67.038
47.320,-23.027,0.250,0.598,66.943
47.340,-19.893,0.278,0.598,66.897
47.360,-16.471,0.311,0.598,66.908
47.380,-12.803,0.338,0.598,66.970
47.400,-8.947,0.362,0.598,67.080
47.420,-4.957,0.381,0.598,67.230
47.440,-0.902,0.401,0.598,67.411
47.460,3.187,0.418,0.598,67.613
47.480,7.219,0.421,0.598,67.824
47.500,11.121,0.427,0.599,68.026
47.520,14.918,0.425,0.599,68.208
47.540,18.451,0.422,0.599,68.361
47.560,21.738,0.410,0.599,68.473
47.580,24.738,0.399,0.599,68.537
47.600,27.299,0.383,0.599,68.549
47.620,29.525,0.357,0.599,68.509
47.640,31.271,0.337,0.599,68.412
47.660,32.590,0.308,0.599,68.274
47.680,33.428,0.276,0.599,68.095
47.700,33.768,0.247,0.599,67.890
47.720,33.645,0.211,0.599,67.669
47.740,33.023,0.181,0.599,67.445
47.760,31.922,0.144,0.599,67.231
47.780,30.340,0.106,0.599,67.041
47.800,28.365,0.071,0.599,66.883
47.820,25.939,0.035,0.599,66.770
47.840,23.133,0.005,0.599,66.705
47.860,19.980,-0.031,0.599,66.696
47.880,16.570,-0.054,0.599,66.742
47.900,12.885,-0.090,0.599,66.839
47.920,9.059,-0.108,0.599,66.987
47.940,5.062,-0.129,0.599,67.176
47.960,1.020,-0.141,0.599,67.394
47.980,-3.047,-0.163,0.599,67.632
48.000,-7.072,-0.162,0.599,67.877
48.020,-11.016,-0.174,0.602,68.113
48.040,-14.766,-0.168,0.602,68.329
48.060,-18.299,-0.167,0.602,68.515
48.080,-21.562,-0.156,0.602,68.656
48.100,-24.492,-0.141,0.602,68.748
48.120,-27.070,-0.125,0.602,68.782
48.140,-29.273,-0.103,0.602,68.764
48.160,-31.025,-0.083,0.602,68.691
48.180,-32.303,-0.056,0.602,68.574
48.200,-33.117,-0.025,0.602,68.416
48.220,-33.422,0.006,0.602,68.229
48.240,-33.258,0.042,0.602,68.026
48.260,-32.648,0.074,0.602,67.819
48.280,-31.512,0.108,0.602,67.622
48.300,-29.912,0.146,0.602,67.446
48.320,-27.838,0.183,0.602,67.302
48.340,-25.395,0.217,0.602,67.202
48.360,-22.553,0.250,0.602,67.149
48.380,-19.377,0.280,0.602,67.150
48.400,-15.914,0.311,0.602,67.200
48.420,-12.229,0.335,0.602,67.304
48.440,-8.350,0.365,0.602,67.449
48.460,-4.330,0.380,0.602,67.637
48.480,-0.252,0.402,0.602,67.849
48.500,3.814,0.410,0.602,68.077
48.520,7.828,0.419,0.602,68.308
48.540,11.725,0.421,0.602,68.527
48.560,15.475,0.422,0.602,68.724
48.580,18.973,0.416,0.602,68.883
48.600,22.201,0.410,0.602,69.001
48.620,25.148,0.389,0.602,69.066
48.640,27.662,0.377,0.602,69.074
48.660,29.801,0.350,0.602,69.024
48.680,31.500,0.329,0.602,68.920
48.700,32.742,0.301,0.602,68.768
48.720,33.510,0.271,0.602,68.578
48.740,33.791,0.240,0.602,68.360
48.760,33.586,0.206,0.602,68.126
48.780,32.895,0.171,0.602,67.888
48.800,31.717,0.131,0.602,67.660
48.820,30.070,0.096,0.602,67.454
48.840,28.031,0.062,0.602,67.282
48.860,25.529,0.030,0.602,67.153
48.880,22.658,-0.005,0.602,67.071
48.900,19.488,-0.033,0.602,67.043
48.920,16.008,-0.067,0.602,67.066
48.940,12.305,-0.086,0.602,67.140
48.960,8.449,-0.115,0.602,67.259
48.980,4.441,-0.131,0.602,67.416
49.000,0.398,-0.152,0.602,67.602
49.020,-3.697,-0.158,0.602,67.804
49.040,-7.693,-0.168,0.602,68.008
49.060,-11.602,-0.168,0.602,68.201
49.080,-15.328,-0.167,0.602,68.373
49.100,-18.809,-0.161,0.602,68.509
49.120,-22.061,-0.154,0.602,68.602
49.140,-24.955,-0.140,0.602,68.645
49.160,-27.480,-0.120,0.602,68.636
49.180,-29.584,-0.093,0.602,68.570
49.200,-31.271,-0.075,0.602,68.452
49.220,-32.496,-0.046,0.602,68.291
49.240,-33.223,-0.017,0.602,68.093
49.260,-33.451,0.015,0.602,67.870
49.280,-33.211,0.049,0.602,67.634
49.300,-32.525,0.079,0.602,67.398
49.320,-31.348,0.120,0.602,67.174
49.340,-29.631,0.154,0.602,66.976
49.360,-27.527,0.190,0.602,66.813
49.380,-25.031,0.224,0.602,66.696
49.400,-22.125,0.261,0.602,66.629
49.420,-18.902,0.286,0.602,66.618
49.440,-15.410,0.322,0.602,66.658
49.460,-11.695,0.343,0.602,66.755
49.480,-7.775,0.375,0.602,66.895
49.500,-3.744,0.385,0.602,67.079
49.520,0.328,0.411,0.602,67.287
49.540,4.383,0.413,0.602,67.516
49.560,8.385,0.427,0.602,67.743
49.580,12.287,0.423,0.602,67.967
49.600,15.990,0.428,0.603,68.161
49.620,19.471,0.418,0.603,68.327
49.640,22.670,0.414,0.603,68.446
49.660,25.547,0.390,0.603,68.518
49.680,28.008,0.381,0.603,68.533
49.700,30.094,0.352,0.603,68.497
49.720,31.711,0.336,0.603,68.408
49.740,32.889,0.298,0.603,68.276
49.760,33.592,0.271,0.603,68.106
49.780,33.785,0.237,0.603,67.912
49.800,33.516,0.204,0.603,67.705
49.820,32.730,0.168,0.603,67.499
49.840,31.506,0.132,0.603,67.305
49.860,29.783,0.096,0.603,67.137
49.880,27.680,0.062,0.603,67.005
49.900,25.131,0.029,0.603,66.918
49.920,22.213,-0.005,0.603,66.879
49.940,18.990,-0.037,0.603,66.895
49.960,15.469,-0.065,0.603,66.965
49.980,11.742,-0.091,0.603,67.085
50.000,7.852,-0.112,0.603,67.249
50.020,3.844,-0.132,0.603,67.450
50.040,-0.223,-0.147,0.603,67.679
50.060,-4.277,-0.158,0.603,67.919
50.080,-8.285,-0.166,0.603,68.161
50.100,-12.158,-0.166,0.603,68.389
50.120,-15.855,-0.162,0.603,68.591
50.140,-19.324,-0.158,0.603,68.753
50.160,-22.506,-0.148,0.603,68.870
50.180,-25.336,-0.134,0.603,68.936
50.200,-27.797,-0.116,0.603,68.944
50.220,-29.859,-0.092,0.603,68.897
50.240,-31.471,-0.074,0.603,68.796
50.260,-32.619,-0.038,0.603,68.650
50.280,-33.252,-0.014,0.603,68.466
50.300,-33.451,0.021,0.603,68.257
50.320,-33.123,0.049,0.603,68.035
50.340,-32.344,0.087,0.603,67.812
50.360,-31.078,0.123,0.603,67.602
50.380,-29.314,0.159,0.603,67.416
50.400,-27.146,0.194,0.603,67.266
50.420,-24.598,0.228,0.603,67.158
50.440,-21.633,0.259,0.603,67.101
50.460,-18.352,0.294,0.603,67.093
50.480,-14.830,0.319,0.603,67.141
50.500,-11.092,0.347,0.603,67.235
50.520,-7.143,0.369,0.603,67.373
50.540,-3.111,0.388,0.603,67.544
50.560,0.967,0.402,0.603,67.743
50.580,5.033,0.412,0.603,67.950
50.600,9.006,0.425,0.603,68.159
50.620,12.861,0.423,0.603,68.355
50.640,16.541,0.420,0.603,68.523
50.660,19.986,0.414,0.603,68.653
50.680,23.139,0.402,0.603,68.737
50.700,25.934,0.388,0.603,68.768
50.720,28.348,0.366,0.603,68.743
50.740,30.363,0.344,0.603,68.665
50.760,31.922,0.320,0.603,68.536
50.780,33.023,0.290,0.603,68.362
50.800,33.639,0.261,0.603,68.153
50.820,33.779,0.227,0.603,67.921
50.840,33.428,0.195,0.603,67.677
50.860,32.572,0.160,0.603,67.436
50.880,31.271,0.122,0.603,67.210
50.900,29.484,0.087,0.603,67.010
50.920,27.328,0.049,0.603,66.849
50.940,24.721,0.018,0.603,66.733
50.960,21.738,-0.015,0.603,66.667
50.980,18.486,-0.046,0.603,66.657
51.000,14.930,-0.074,0.603,66.699
51.020,11.168,-0.101,0.603,66.795
51.040,7.248,-0.120,0.603,66.934
51.060,3.246,-0.137,0.603,67.111
51.080,-0.832,-0.154,0.603,67.311
51.100,-4.863,-0.162,0.603,67.527
51.120,-8.871,-0.173,0.603,67.741
51.140,-12.738,-0.171,0.603,67.946
51.160,-16.371,-0.171,0.603,68.124
51.180,-19.793,-0.161,0.603,68.269
51.200,-22.951,-0.150,0.603,68.364
51.220,-25.711,-0.138,0.603,68.412
51.240,-28.131,-0.116,0.603,68.405
51.260,-30.123,-0.092,0.603,68.345
51.280,-31.670,-0.071,0.603,68.235
51.300,-32.754,-0.039,0.603,68.085
51.320,-33.287,-0.012,0.603,67.900
51.340,-33.428,0.025,0.603,67.694
51.360,-33.059,0.058,0.603,67.479
51.380,-32.215,0.092,0.603,67.267
51.400,-30.850,0.126,0.603,67.072
51.420,-29.027,0.162,0.603,66.906
51.440,-26.812,0.197,0.603,66.779
51.460,-24.182,0.234,0.603,66.698
51.480,-21.187,0.261,0.603,66.670
51.500,-17.877,0.298,0.603,66.696
51.520,-14.320,0.323,0.603,66.775
51.540,-10.500,0.353,0.603,66.907
51.560,-6.562,0.371,0.603,67.083
51.580,-2.520,0.395,0.603,67.295
51.600,1.553,0.405,0.603,67.532
51.620,5.607,0.418,0.603,67.779
51.640,9.592,0.424,0.603,68.025
51.660,13.430,0.427,0.603,68.257
51.680,17.080,0.422,0.603,68.461
51.700,20.461,0.415,0.603,68.627
51.720,23.572,0.402,0.603,68.746
51.740,26.320,0.389,0.603,68.810
51.760,28.676,0.367,0.603,68.817
51.780,30.627,0.347,0.603,68.771
51.800,32.115,0.317,0.603,68.673
51.820,33.141,0.290,0.603,68.531
51.840,33.691,0.257,0.603,68.356
51.860,33.762,0.228,0.603,68.157
51.880,33.328,0.192,0.603,67.948
51.900,32.420,0.157,0.603,67.742
51.920,31.037,0.119,0.603,67.551
51.940,29.180,0.085,0.603,67.388
51.960,26.953,0.048,0.603,67.263
51.980,24.281,0.016,0.603,67.183
52.000,21.270,-0.017,0.603,67.152
52.020,17.971,-0.048,0.603,67.176
52.040,14.361,-0.072,0.603,67.251
52.060,10.594,-0.098,0.603,67.375
52.080,6.650,-0.114,0.603,67.538
52.100,2.631,-0.134,0.603,67.735
52.120,-1.465,-0.150,0.603,67.950
52.140,-5.508,-0.156,0.603,68.177
52.160,-9.480,-0.166,0.603,68.394
52.180,-13.307,-0.163,0.603,68.600
52.200,-16.922,-0.162,0.603,68.771
52.220,-20.314,-0.153,0.603,68.905
52.240,-23.414,-0.145,0.603,68.985
52.260,-26.104,-0.127,0.603,69.017
52.280,-28.477,-0.110,0.603,68.989
52.300,-30.404,-0.084,0.603,68.909
52.320,-31.881,-0.054,0.603,68.774
52.340,-32.895,-0.030,0.603,68.596
52.360,-33.346,0.001,0.603,68.385
52.380,-33.393,0.034,0.603,68.153
52.400,-32.953,0.066,0.603,67.912
52.420,-32.033,0.099,0.603,67.675
52.440,-30.604,0.138,0.603,67.455
52.460,-28.723,0.170,0.603,67.264
52.480,-26.420,0.210,0.603,67.112
52.500,-23.742,0.238,0.603,67.006
52.520,-20.713,0.274,0.603,66.951
52.540,-17.350,0.302,0.603,66.950
52.560,-13.734,0.333,0.603,67.001
52.580,-9.926,0.356,0.603,67.101
52.600,-5.947,0.377,0.603,67.243
52.620,-1.887,0.394,0.603,67.417
52.640,2.180,0.411,0.603,67.614
52.660,6.229,0.418,0.603,67.823
52.680,10.172,0.424,0.603,68.025
52.700,13.992,0.423,0.603,68.211
52.720,17.596,0.425,0.603,68.368
52.740,20.941,0.413,0.603,68.490
52.760,24.023,0.401,0.603,68.563
52.780,26.695,0.385,0.603,68.585
52.800,29.004,0.362,0.603,68.551
52.820,30.879,0.344,0.603,68.466
52.840,32.309,0.315,0.603,68.333
52.860,33.264,0.285,0.603,68.159
52.880,33.738,0.253,0.603,67.954
52.900,33.715,0.223,0.603,67.732
52.920,33.223,0.186,0.603,67.503
52.940,32.238,0.148,0.603,67.280
52.960,30.779,0.113,0.603,67.077
52.980,28.875,0.076,0.603,66.906
53.000,26.572,0.041,0.603,66.775
53.020,23.859,0.007,0.601,66.693
53.040,20.801,-0.023,0.601,66.666
53.060,17.443,-0.054,0.601,66.692
53.080,13.811,-0.078,0.601,66.774
53.100,10.008,-0.111,0.601,66.904
53.120,6.053,-0.125,0.601,67.082
53.140,2.027,-0.146,0.601,67.289
53.160,-2.068,-0.155,0.601,67.520
53.180,-6.088,-0.166,0.601,67.763
53.200,-10.043,-0.170,0.601,68.000
53.220,-13.852,-0.170,0.601,68.221
53.240,-17.426,-0.166,0.601,68.412
53.260,-20.777,-0.158,0.601,68.564
53.280,-23.807,-0.149,0.601,68.668
53.300,-26.479,-0.133,0.601,68.719
53.320,-28.775,-0.110,0.601,68.716
53.340,-30.621,-0.087,0.601,68.659
53.360,-32.027,-0.060,0.601,68.553
53.380,-32.959,-0.033,0.601,68.406
53.400,-33.381,-0.000,0.601,68.229
53.420,-33.357,0.033,0.601,68.032
53.440,-32.836,0.064,0.601,67.829
53.460,-31.828,0.105,0.601,67.633
53.480,-30.340,0.137,0.601,67.456
53.500,-28.377,0.174,0.601,67.310
53.520,-26.033,0.208,0.601,67.204
53.540,-23.279,0.244,0.601,67.145
53.560,-20.180,0.273,0.601,67.140
53.580,-16.799,0.307,0.601,67.186
53.600,-13.166,0.333,0.601,67.287
53.620,-9.316,0.360,0.601,67.434
53.640,-5.332,0.375,0.601,67.621
53.660,-1.260,0.398,0.601,67.837
53.680,2.801,0.406,0.601,68.074
53.700,6.820,0.423,0.601,68.317
53.720,10.752,0.422,0.601,68.770
53.740,14.549,0.423,0.601,68.770
53.760,18.129,0.418,0.601,68.952
53.780,21.428,0.410,0.601,69.091
53.800,24.451,0.394,0.601,69.181
53.820,27.076,0.379,0.601,69.212
53.840,29.314,0.357,0.601,69.186
53.860,31.113,0.338,0.601,69.107
53.880,32.490,0.306,0.601,68.807
53.900,33.375,0.281,0.601,68.807
53.920,33.768,0.248,0.601,68.604
53.940,33.668,0.217,0.601,68.382
53.960,33.094,0.179,0.601,68.153
53.980,32.045,0.143,0.601,67.931
54.000,30.521,0.110,0.601,67.728
54.020,28.564,0.070,0.601,67.556
54.040,26.191,0.040,0.601,67.424
54.060,23.426,0.001,0.601,67.337
54.080,20.314,-0.028,0.601,67.304
54.100,16.910,-0.056,0.601,67.323
54.120,13.242,-0.083,0.601,67.393
54.140,9.422,-0.110,0.601,67.508
54.160,5.461,-0.124,0.601,67.667
54.180,1.406,-0.145,0.601,67.849
54.200,-2.660,-0.152,0.601,68.054
54.220,-6.686,-0.166,0.601,68.260
54.240,-10.635,-0.165,0.601,68.462
54.260,-14.402,-0.166,0.601,68.640
54.280,-17.959,-0.162,0.601,68.786
54.300,-21.258,-0.151,0.601,68.890
54.320,-24.234,-0.145,0.601,68.945
54.340,-26.854,-0.123,0.601,68.947
54.360,-29.080,-0.104,0.601,68.893
54.380,-30.891,-0.080,0.601,68.785
54.400,-32.215,-0.051,0.601,68.630
54.420,-33.047,-0.024,0.601,68.435
54.440,-33.422,0.008,0.601,68.213
54.460,-33.311,0.044,0.601,67.973
54.480,-32.736,0.072,0.601,67.730
54.500,-31.629,0.112,0.601,67.496
54.520,-30.082,0.145,0.601,67.284
54.540,-28.072,0.186,0.601,67.105
54.560,-25.664,0.219,0.601,66.969
54.580,-22.857,0.253,0.601,66.882
54.600,-19.699,0.278,0.599,66.849
54.620,-16.266,0.317,0.599,66.868
54.640,-12.609,0.340,0.599,66.943
54.660,-8.725,0.367,0.599,67.063
54.680,-4.746,0.385,0.599,67.226
54.700,-0.674,0.406,0.599,67.419
54.720,3.398,0.414,0.599,67.632
54.740,7.424,0.424,0.599,67.853
54.760,11.338,0.424,0.599,68.065
54.780,15.105,0.428,0.601,68.257
54.800,18.639,0.421,0.601,68.420
54.820,21.902,0.413,0.601,68.542
54.840,24.867,0.397,0.601,68.635
54.860,27.434,0.381,0.601,68.635
54.880,29.613,0.359,0.601,68.601
54.900,31.348,0.340,0.601,68.513
54.920,32.643,0.306,0.601,68.383
54.940,33.463,0.279,0.601,68.213
54.960,33.779,0.244,0.601,68.016
54.980,33.633,0.214,0.601,67.804
55.000,32.971,0.178,0.601,67.589
55.020,31.846,0.139,0.601,67.385
55.040,30.252,0.104,0.601,67.204
55.060,28.254,0.066,0.601,67.058
55.080,25.805,0.038,0.601,66.954
55.100,22.986,-0.002,0.601,66.899
55.120,19.811,-0.030,0.601,66.898
55.140,16.383,-0.058,0.601,66.953
55.160,12.691,-0.086,0.601,67.058
55.180,8.836,-0.111,0.601,67.211
55.200,4.857,-0.123,0.601,67.404
55.220,0.803,-0.145,0.601,67.624
55.240,-3.275,-0.155,0.601,67.863
55.260,-7.277,-0.166,0.601,68.106
55.280,-11.221,-0.164,0.601,68.340
55.300,-14.941,-0.166,0.601,68.552
55.320,-18.475,-0.161,0.601,68.729
55.340,-21.738,-0.152,0.601,68.863
55.360,-24.639,-0.139,0.601,68.945
55.380,-27.193,-0.120,0.601,68.944
55.400,-29.367,-0.101,0.601,68.944
55.420,-31.107,-0.077,0.601,68.863
55.440,-32.367,-0.049,0.601,68.733
55.460,-33.129,-0.021,0.601,68.563
55.480,-33.393,0.012,0.601,68.367
55.500,-33.217,0.043,0.601,68.153
55.520,-32.578,0.077,0.601,67.936
55.540,-31.430,0.114,0.601,67.729
55.560,-29.783,0.147,0.601,67.543
55.580,-27.709,0.186,0.601,67.391
55.600,-25.236,0.215,0.601,67.280
55.620,-22.377,0.253,0.601,67.217
55.640,-19.184,0.282,0.601,67.207
55.660,-15.721,0.314,0.601,67.247
55.680,-12.012,0.338,0.601,67.341
55.700,-8.115,0.361,0.601,67.476
55.720,-4.113,0.382,0.601,67.650
55.740,-0.047,0.402,0.601,67.849
55.760,4.020,0.408,0.601,68.066
55.780,8.033,0.423,0.601,68.281
55.800,11.941,0.414,0.601,68.488
55.820,15.656,0.425,0.601,68.666
55.840,19.166,0.414,0.601,68.813
55.860,22.371,0.407,0.601,68.965
55.880,25.277,0.385,0.601,68.965
55.900,27.785,0.373,0.601,68.956
55.920,29.906,0.349,0.601,68.895
55.940,31.576,0.327,0.601,68.617
55.960,32.801,0.294,0.601,68.617
55.980,33.545,0.270,0.601,68.416
56.000,33.791,0.235,0.601,68.189
56.020,33.568,0.203,0.601,67.948
56.040,32.824,0.166,0.601,67.704
56.060,31.641,0.130,0.601,67.472
56.080,29.977,0.094,0.601,67.264
56.100,27.914,0.057,0.601,67.090
56.120,25.406,0.029,0.599,66.960
56.140,22.506,-0.009,0.599,66.879
56.160,19.318,-0.035,0.599,66.853
56.180,15.844,-0.067,0.599,66.878
56.200,12.123,-0.092,0.599,66.958
56.220,8.250,-0.119,0.599,67.080
56.240,4.260,-0.133,0.599,67.246
56.260,0.193,-0.152,0.599,67.434
56.280,-3.873,-0.161,0.599,67.644
56.300,-7.887,-0.169,0.599,67.853
56.320,-11.766,-0.168,0.599,68.054
56.340,-15.475,-0.174,0.602,68.230
56.360,-18.967,-0.161,0.602,68.376
56.380,-22.184,-0.154,0.602,68.474
56.400,-25.055,-0.143,0.602,68.526
56.420,-27.557,-0.123,0.602,68.524
56.440,-29.660,-0.101,0.602,68.471
56.460,-31.324,-0.076,0.602,68.364
56.480,-32.520,-0.052,0.602,68.215
56.500,-33.223,-0.019,0.602,68.030
56.520,-33.428,0.015,0.602,67.821
56.540,-33.164,0.046,0.602,67.599
56.560,-32.443,0.082,0.602,67.378
56.580,-31.213,0.120,0.602,67.170
56.600,-29.508,0.153,0.602,66.989
56.620,-27.387,0.190,0.602,66.844
56.640,-24.844,0.226,0.602,66.745
56.660,-21.937,0.257,0.602,66.697
56.680,-18.703,0.288,0.602,66.704
56.700,-15.199,0.319,0.602,66.765
56.720,-11.467,0.347,0.602,66.880
56.740,-7.535,0.367,0.602,67.040
56.760,-3.510,0.389,0.602,67.239
56.780,0.562,0.403,0.602,67.464
56.800,4.617,0.417,0.602,67.707
56.820,8.619,0.423,0.602,67.951
56.840,12.498,0.424,0.602,68.183
56.860,16.201,0.426,0.602,68.392
56.880,19.664,0.416,0.602,68.565
56.900,22.834,0.410,0.602,68.696
56.920,25.682,0.389,0.602,68.774
56.940,28.125,0.374,0.602,68.795
56.960,30.176,0.351,0.602,68.762
56.980,31.787,0.327,0.602,68.676
57.000,32.941,0.298,0.602,68.545
57.020,33.609,0.265,0.602,68.377
57.040,33.779,0.236,0.602,68.183
57.060,33.480,0.199,0.602,67.977
57.080,32.684,0.165,0.602,67.770
57.100,31.430,0.131,0.602,67.576
57.120,29.684,0.096,0.602,67.407
57.140,27.562,0.058,0.602,67.273
57.160,24.984,0.028,0.602,67.184
57.180,22.049,-0.009,0.602,67.142
57.200,18.826,-0.035,0.602,67.155
57.220,15.293,-0.066,0.602,67.218
57.240,11.549,-0.091,0.602,67.332
57.260,7.658,-0.115,0.602,67.489
57.280,3.650,-0.129,0.602,67.897
57.300,-0.422,-0.148,0.602,67.897
57.320,-4.477,-0.157,0.602,68.125
57.340,-8.496,-0.163,0.602,68.349
57.360,-12.363,-0.164,0.602,68.561
57.380,-16.031,-0.162,0.602,68.743
57.400,-19.465,-0.155,0.602,68.888
57.420,-22.635,-0.148,0.602,68.983
57.440,-25.459,-0.131,0.602,69.028
57.460,-27.891,-0.110,0.602,69.014
57.480,-29.936,-0.094,0.602,68.946
57.500,-31.529,-0.062,0.602,68.825
57.520,-32.637,-0.040,0.602,68.657
57.540,-33.246,-0.007,0.602,68.453
57.560,-33.410,0.023,0.602,68.225
57.580,-33.094,0.057,0.602,67.985
57.600,-32.291,0.091,0.602,67.745
57.620,-30.961,0.124,0.602,67.519
57.640,-29.209,0.164,0.602,67.318
57.660,-27.018,0.193,0.602,67.153
57.680,-24.422,0.232,0.602,67.033
57.700,-21.457,0.261,0.602,66.963
57.720,-18.152,0.294,0.602,66.944
57.740,-14.637,0.321,0.602,66.980
57.760,-10.863,0.350,0.602,67.064
57.780,-6.932,0.365,0.602,67.191
57.800,-2.895,0.393,0.602,67.351
57.820,1.189,0.401,0.602,67.540
57.840,5.227,0.418,0.602,67.739
57.860,9.211,0.420,0.602,67.939
57.880,13.084,0.426,0.602,68.124
57.900,16.734,0.420,0.602,68.285
57.920,20.150,0.414,0.602,68.408
57.940,23.291,0.405,0.602,68.487
57.960,26.074,0.388,0.602,68.514
57.980,28.459,0.365,0.602,68.488
58.000,30.445,0.348,0.602,68.407
58.020,31.992,0.317,0.602,68.278
58.040,33.076,0.291,0.602,68.105
58.060,33.662,0.259,0.602,67.899
58.080,33.779,0.228,0.602,67.672
58.100,33.404,0.192,0.602,67.435
58.120,32.514,0.154,0.602,67.201
58.140,31.195,0.120,0.602,66.984
58.160,29.396,0.081,0.602,66.796
58.180,27.205,0.049,0.602,66.647
58.200,24.568,0.016,0.602,66.544
58.220,21.586,-0.018,0.602,66.494
58.240,18.322,-0.047,0.602,66.500
58.260,14.742,-0.078,0.602,66.559
58.280,10.980,-0.099,0.602,66.671
58.300,7.055,-0.123,0.602,66.828
58.320,3.041,-0.141,0.602,67.023
58.340,-1.020,-0.152,0.602,67.242
58.360,-5.068,-0.166,0.602,67.476
58.380,-9.059,-0.170,0.602,67.706
58.400,-12.902,-0.171,0.602,67.929
58.420,-16.547,-0.169,0.602,68.123
58.440,-19.969,-0.164,0.602,68.283
58.460,-23.062,-0.149,0.602,68.395
58.480,-25.834,-0.139,0.602,68.456
58.500,-28.236,-0.115,0.602,68.465
58.520,-30.199,-0.094,0.602,68.419
58.540,-31.729,-0.063,0.602,68.323
58.560,-32.742,-0.038,0.602,68.185
58.580,-33.293,-0.009,0.602,68.013
58.600,-33.387,0.024,0.602,67.821
58.620,-32.988,0.054,0.602,67.620
58.640,-32.104,0.095,0.602,67.422
58.660,-30.727,0.123,0.602,67.241
58.680,-28.887,0.170,0.602,67.089
58.700,-26.631,0.195,0.602,66.976
58.720,-24.006,0.238,0.602,66.908
58.740,-20.977,0.261,0.602,66.893
58.760,-17.637,0.299,0.602,66.930
58.780,-14.080,0.321,0.602,67.023
58.800,-10.266,0.352,0.602,67.164
58.820,-6.328,0.370,0.602,67.348
58.840,-2.297,0.396,0.602,67.565
58.860,1.799,0.402,0.602,67.808
58.880,5.848,0.421,0.602,68.057
58.900,9.791,0.417,0.602,68.306
58.920,13.646,0.424,0.602,68.536
58.940,17.268,0.417,0.602,68.737
58.960,20.637,0.411,0.602,68.897
58.980,23.730,0.400,0.602,69.010
59.000,26.473,0.383,0.602,69.068
59.020,28.787,0.367,0.602,69.068
59.040,30.703,0.341,0.602,69.014
59.060,32.186,0.315,0.602,68.908
59.080,33.187,0.286,0.602,68.757
59.100,33.703,0.257,0.602,68.571
59.120,33.750,0.223,0.602,68.363
59.140,33.305,0.194,0.602,68.144
59.160,32.350,0.149,0.602,67.929
59.180,30.961,0.123,0.602,67.729
59.200,29.092,0.077,0.602,67.557
59.220,26.830,0.055,0.602,67.423
59.240,24.135,0.012,0.602,67.333
59.260,21.105,-0.016,0.602,67.294
59.280,17.795,-0.050,0.602,67.307
59.300,14.191,-0.075,0.602,67.373
59.320,10.395,-0.101,0.602,67.485
59.340,6.469,-0.121,0.602,67.639
59.360,2.420,-0.136,0.602,67.824
59.380,-1.646,-0.153,0.602,68.029
59.400,-5.684,-0.158,0.602,68.244
59.420,-9.674,-0.167,0.602,68.450
59.440,-13.477,-0.166,0.602,68.642
59.460,-17.104,-0.162,0.602,68.800
59.480,-20.461,-0.153,0.602,68.920
59.500,-23.514,-0.145,0.602,68.987
59.520,-26.221,-0.128,0.602,69.004
59.540,-28.553,-0.108,0.602,68.964
59.560,-30.463,-0.083,0.602,68.869
59.580,-31.922,-0.057,0.602,68.724
59.600,-32.889,-0.031,0.602,68.536
59.620,-33.340,-0.004,0.602,68.317
59.640,-33.357,0.032,0.602,68.079
59.660,-32.895,0.069,0.602,67.832
59.680,-31.939,0.100,0.602,67.591
59.700,-30.498,0.135,0.602,67.368
59.720,-28.600,0.178,0.602,67.174
59.740,-26.256,0.206,0.602,67.021
59.760,-23.584,0.249,0.602,66.915
59.780,-20.496,0.273,0.599,66.862
59.800,-17.133,0.310,0.599,66.861
59.820,-13.547,0.329,0.599,66.916
59.840,-9.697,0.360,0.599,67.017
59.860,-5.736,0.377,0.599,67.162
59.880,-1.664,0.402,0.599,67.340
59.900,2.396,0.408,0.599,67.542
59.920,6.439,0.424,0.599,67.751
59.940,10.383,0.422,0.599,67.958
59.960,14.191,0.430,0.603,68.146
59.980,17.789,0.418,0.603,68.310
60.000,21.111,0.416,0.603,68.431
60.020,24.164,0.398,0.603,68.509
60.040,26.836,0.386,0.603,68.530
60.060,29.109,0.360,0.603,68.503
60.080,30.955,0.343,0.603,68.418
60.100,32.367,0.314,0.603,68.291
60.120,33.293,0.286,0.603,68.121
60.140,33.744,0.251,0.603,67.923
60.160,33.697,0.219,0.603,67.706
60.180,33.182,0.183,0.603,67.484
60.200,32.180,0.148,0.603,67.269
60.220,30.697,0.114,0.603,67.075
60.240,28.775,0.070,0.603,66.912
60.260,26.461,0.042,0.603,66.792
60.280,23.713,0.004,0.603,66.719
60.300,20.631,-0.022,0.603,66.701
60.320,17.273,-0.056,0.603,66.736
60.340,13.635,-0.080,0.603,66.828
60.360,9.809,-0.105,0.603,66.965
60.380,5.859,-0.123,0.603,67.148
60.400,1.816,-0.140,0.603,67.360
60.420,-2.262,-0.154,0.603,67.596
60.440,-6.293,-0.166,0.603,67.839
60.460,-10.254,-0.167,0.603,68.080
60.480,-14.027,-0.170,0.603,68.300
60.500,-17.596,-0.161,0.603,68.492
60.520,-20.924,-0.155,0.603,68.641
60.540,-23.947,-0.144,0.603,68.742
60.560,-26.607,-0.129,0.603,68.788
60.580,-28.857,-0.109,0.603,68.781
60.600,-30.709,-0.086,0.603,68.719
60.620,-32.074,-0.057,0.603,68.608
60.640,-32.988,-0.030,0.603,68.455
60.660,-33.369,0.001,0.603,68.273
60.680,-33.322,0.035,0.603,68.070
60.700,-32.777,0.067,0.603,67.862
60.720,-31.740,0.100,0.603,67.660
60.740,-30.223,0.139,0.603,67.478
60.760,-28.277,0.176,0.603,67.326
60.780,-25.893,0.207,0.603,67.215
60.800,-23.133,0.246,0.603,67.151
60.820,-20.016,0.269,0.603,67.139
60.840,-16.617,0.308,0.603,67.178
60.860,-12.973,0.328,0.603,67.270
60.880,-9.117,0.358,0.603,67.407
60.900,-5.127,0.375,0.603,67.586
60.920,-1.078,0.398,0.603,67.791
60.940,3.012,0.407,0.603,68.018
60.960,7.037,0.419,0.603,68.249
60.980,10.957,0.418,0.603,68.472
61.000,14.742,0.425,0.603,68.671
61.020,18.311,0.412,0.603,68.842
61.040,21.598,0.410,0.603,68.964
61.060,24.598,0.392,0.603,69.041
61.080,27.199,0.379,0.603,69.057
61.100,29.402,0.354,0.603,69.020
61.120,31.195,0.335,0.603,68.924
61.140,32.543,0.307,0.603,68.783
61.160,33.393,0.280,0.603,68.600
61.180,33.768,0.243,0.603,68.388
61.200,33.662,0.215,0.603,68.156
61.220,33.059,0.174,0.603,67.919
61.240,31.986,0.139,0.603,67.690
61.260,30.434,0.105,0.603,67.481
61.280,28.459,0.066,0.603,67.303
61.300,26.051,0.037,0.603,67.167
61.320,23.262,-0.004,0.603,67.077
61.340,20.145,-0.025,0.601,67.042
61.360,16.717,-0.064,0.601,67.055
61.380,13.049,-0.082,0.601,67.126
61.400,9.211,-0.110,0.601,67.238
61.420,5.238,-0.131,0.601,67.395
61.440,1.172,-0.151,0.601,67.579
61.460,-2.895,-0.158,0.601,67.787
61.480,-6.937,-0.170,0.601,67.993
61.500,-10.887,-0.169,0.601,68.197
61.520,-14.625,-0.170,0.601,68.376
61.540,-18.182,-0.164,0.601,68.525
61.560,-21.463,-0.159,0.601,68.631
61.580,-24.422,-0.141,0.601,68.696
61.600,-27.012,-0.129,0.601,68.696
61.620,-29.238,-0.103,0.601,68.647
61.640,-31.014,-0.079,0.601,68.545
61.660,-32.309,-0.053,0.601,68.396
61.680,-33.141,-0.021,0.601,68.209
61.700,-33.439,0.007,0.601,67.995
61.720,-33.340,0.039,0.601,67.766
61.740,-32.748,0.075,0.601,67.533
61.760,-31.611,0.112,0.601,67.311
61.780,-30.023,0.146,0.601,67.112
61.800,-27.984,0.183,0.601,66.946
61.820,-25.564,0.218,0.601,66.824
61.840,-22.729,0.253,0.601,66.751
61.860,-19.547,0.279,0.601,66.734
61.880,-16.119,0.320,0.601,66.769
61.900,-12.434,0.338,0.601,66.862
61.920,-8.549,0.369,0.601,66.999
61.940,-4.541,0.383,0.601,67.178
61.960,-0.469,0.402,0.601,67.387
61.980,3.609,0.417,0.601,67.614
62.000,7.623,0.423,0.601,67.849
62.020,11.537,0.426,0.601,68.076
62.040,15.299,0.428,0.601,68.282
62.060,18.809,0.418,0.601,68.455
62.080,22.055,0.413,0.601,68.587
62.100,25.008,0.392,0.601,68.670
62.120,27.551,0.383,0.601,68.696
62.140,29.707,0.357,0.601,68.671
62.160,31.430,0.336,0.601,68.591
62.180,32.701,0.307,0.601,68.467
62.200,33.486,0.275,0.601,68.305
62.220,33.773,0.249,0.601,68.114
62.240,33.609,0.207,0.601,67.908
62.260,32.924,0.179,0.601,67.699
62.280,31.775,0.137,0.601,67.500
62.300,30.170,0.107,0.601,67.325
62.320,28.119,0.066,0.601,67.182
62.340,25.652,0.037,0.601,67.084
62.360,22.805,-0.001,0.601,67.033
62.380,19.641,-0.025,0.601,67.037
62.400,16.189,-0.066,0.601,67.090
62.420,12.498,-0.081,0.601,67.200
62.440,8.625,-0.112,0.601,67.351
62.460,4.629,-0.124,0.601,67.545
62.480,0.580,-0.144,0.601,67.760
62.500,-3.492,-0.153,0.601,67.996
62.520,-7.500,-0.162,0.601,68.229
62.540,-11.408,-0.170,0.601,68.456
62.560,-15.141,-0.160,0.601,68.658
62.580,-18.662,-0.158,0.601,68.822
62.600,-21.896,-0.150,0.601,68.941
62.620,-24.791,-0.138,0.601,69.010
62.640,-27.322,-0.117,0.601,69.022
62.660,-29.502,-0.098,0.601,68.979
62.680,-31.195,-0.073,0.601,68.882
62.700,-32.408,-0.043,0.601,68.737
62.720,-33.176,-0.017,0.601,68.552
62.740,-33.422,0.016,0.601,68.340
62.760,-33.211,0.045,0.601,68.112
62.780,-32.537,0.081,0.601,67.882
62.800,-31.371,0.116,0.601,67.661
62.820,-29.701,0.153,0.601,67.464
62.840,-27.598,0.184,0.601,67.299
62.860,-25.102,0.224,0.601,67.177
62.880,-22.230,0.255,0.601,67.103
62.900,-19.037,0.286,0.601,67.081
62.920,-15.545,0.315,0.601,67.111
62.940,-11.848,0.342,0.601,67.191
62.960,-7.945,0.367,0.601,67.315
62.980,-3.914,0.386,0.601,67.476
63.000,0.146,0.399,0.601,67.664
63.020,4.225,0.415,0.601,67.866
63.040,8.215,0.419,0.601,68.072
63.060,12.129,0.426,0.601,68.265
63.080,15.850,0.421,0.601,68.434
63.100,19.318,0.416,0.601,68.568
63.120,22.535,0.403,0.601,68.659
63.140,25.424,0.390,0.601,68.698
63.160,27.914,0.373,0.601,68.684
63.180,30.000,0.349,0.601,68.615
63.200,31.652,0.325,0.601,68.494
63.220,32.854,0.297,0.601,68.328
63.240,33.562,0.268,0.601,68.126
63.260,33.791,0.236,0.601,67.899
63.280,33.545,0.199,0.601,67.659
63.300,32.783,0.166,0.601,67.418
63.320,31.564,0.125,0.601,67.190
63.340,29.895,0.094,0.601,66.988
63.360,27.797,0.057,0.601,66.821
63.380,25.254,0.024,0.601,66.700
63.400,22.348,-0.010,0.599,66.628
63.420,19.137,-0.042,0.599,66.613
63.440,15.650,-0.070,0.599,66.650
63.460,11.930,-0.098,0.599,66.741
63.480,8.062,-0.116,0.599,66.879
63.500,4.037,-0.136,0.599,67.056
63.520,-0.012,-0.150,0.599,67.260
63.540,-4.090,-0.166,0.599,67.482
63.560,-8.098,-0.163,0.599,67.707
63.580,-11.965,-0.175,0.605,67.920
63.600,-15.674,-0.164,0.605,68.112
63.620,-19.154,-0.170,0.605,68.270
63.640,-22.359,-0.149,0.605,68.387
63.660,-25.213,-0.139,0.605,68.451
63.680,-27.674,-0.125,0.605,68.462
63.700,-29.766,-0.095,0.605,68.424
63.720,-31.418,-0.075,0.605,68.331
63.740,-32.572,-0.046,0.605,68.197
63.760,-33.234,-0.017,0.605,68.026
63.780,-33.416,0.016,0.605,67.832
63.800,-33.141,0.051,0.605,67.625
63.820,-32.379,0.084,0.605,67.420
63.840,-31.154,0.119,0.605,67.228
63.860,-29.432,0.158,0.605,67.063
63.880,-27.246,0.191,0.605,66.935
63.900,-24.709,0.227,0.605,66.852
63.920,-21.773,0.261,0.605,66.819
63.940,-18.527,0.289,0.605,66.843
63.960,-15.018,0.323,0.605,66.918
63.980,-11.256,0.339,0.605,67.047
64.000,-7.342,0.369,0.605,67.218
64.020,-3.293,0.384,0.605,67.431
64.040,0.768,0.407,0.605,67.665
64.060,4.834,0.413,0.605,67.920
64.080,8.824,0.426,0.605,68.169
64.100,12.697,0.419,0.605,68.410
64.120,16.389,0.428,0.605,68.619
64.140,19.828,0.411,0.605,68.800
64.160,22.986,0.410,0.605,68.926
64.180,25.822,0.386,0.605,69.006
64.200,28.236,0.377,0.605,69.023
64.220,30.270,0.346,0.605,68.988
64.240,31.857,0.330,0.605,68.898
64.260,32.982,0.291,0.605,68.764
64.280,33.633,0.267,0.605,68.592
64.300,33.785,0.229,0.605,68.395
64.320,33.463,0.203,0.605,68.184
64.340,32.631,0.161,0.605,67.974
64.360,31.342,0.124,0.605,67.776
64.380,29.584,0.091,0.605,67.604
64.400,27.434,0.058,0.605,67.467
64.420,24.820,0.024,0.605,67.373
64.440,21.879,-0.009,0.605,67.328
64.460,18.633,-0.037,0.605,67.339
64.480,15.094,-0.071,0.605,67.397
64.500,11.338,-0.084,0.605,67.509
64.520,7.430,-0.120,0.605,67.656
64.540,3.422,-0.129,0.605,67.844
64.560,-0.639,-0.155,0.605,68.052
64.580,-4.717,-0.154,0.605,68.276
64.600,-8.713,-0.169,0.605,68.491
64.620,-12.562,-0.164,0.605,68.696
64.640,-16.225,-0.166,0.605,68.868
64.660,-19.670,-0.158,0.605,69.005
64.680,-22.846,-0.150,0.605,69.090
64.700,-25.623,-0.129,0.605,69.127
64.720,-28.049,-0.116,0.605,69.103
64.740,-30.070,-0.086,0.605,69.027
64.760,-31.623,-0.069,0.605,68.896
64.780,-32.725,-0.033,0.605,68.722
64.800,-33.299,-0.007,0.605,68.513
64.820,-33.439,0.024,0.605,68.278
64.840,-33.094,0.058,0.605,68.034
64.860,-32.273,0.091,0.605,67.791
64.880,-30.920,0.129,0.605,67.563
64.900,-29.133,0.166,0.605,67.362
64.920,-26.924,0.201,0.605,67.198
64.940,-24.322,0.235,0.605,67.079
64.960,-21.299,0.269,0.603,67.010
64.980,-18.029,0.300,0.603,66.997
65.000,-14.484,0.329,0.603,67.035
65.020,-10.693,0.352,0.603,67.126
65.040,-6.738,0.377,0.603,67.256
65.060,-2.684,0.389,0.603,67.425
65.080,1.383,0.411,0.603,67.614
65.100,5.449,0.418,0.603,67.820
65.120,9.404,0.426,0.603,68.025
65.140,13.260,0.425,0.603,68.214
65.160,16.916,0.424,0.603,68.377
65.180,20.320,0.413,0.603,68.505
65.200,23.437,0.405,0.603,68.586
65.220,26.209,0.388,0.603,68.617
65.240,28.576,0.373,0.603,68.594
65.260,30.539,0.344,0.603,68.520
65.280,32.062,0.320,0.603,68.393
65.300,33.117,0.287,0.603,68.226
65.320,33.680,0.264,0.603,68.025
65.340,33.750,0.226,0.603,67.806
65.360,33.375,0.194,0.603,67.577
65.380,32.467,0.158,0.603,67.352
65.400,31.113,0.120,0.603,67.145
65.420,29.285,0.085,0.603,66.966
65.440,27.076,0.048,0.603,66.827
65.460,24.416,0.014,0.603,66.736
65.480,21.416,-0.016,0.603,66.697
65.500,18.135,-0.051,0.603,66.713
65.520,14.543,-0.077,0.603,66.785
65.540,10.770,-0.099,0.603,66.908
65.560,6.855,-0.122,0.603,67.074
65.580,2.818,-0.133,0.603,67.275
65.600,-1.254,-0.156,0.603,67.500
65.620,-5.303,-0.161,0.603,67.739
65.640,-9.293,-0.171,0.603,67.977
65.660,-13.113,-0.164,0.603,68.200
65.680,-16.752,-0.169,0.603,68.393
65.700,-20.145,-0.155,0.603,68.659
65.720,-23.244,-0.150,0.603,68.659
65.740,-25.969,-0.131,0.603,68.719
65.760,-28.348,-0.117,0.603,68.722
65.780,-30.299,-0.088,0.603,68.673
65.800,-31.781,-0.065,0.603,68.571
65.820,-32.824,-0.036,0.603,68.428
65.840,-33.311,-0.008,0.603,68.252
65.860,-33.398,0.021,0.603,68.054
65.880,-32.982,0.063,0.603,67.644
65.900,-32.051,0.086,0.603,67.644
65.920,-30.645,0.137,0.603,67.458
65.940,-28.799,0.160,0.603,67.300
65.960,-26.520,0.203,0.603,67.180
65.980,-23.871,0.229,0.603,67.107
66.000,-20.801,0.271,0.603,67.084
66.020,-17.484,0.295,0.603,67.116
66.040,-13.898,0.325,0.603,67.199
66.060,-10.084,0.350,0.603,67.330
66.080,-6.123,0.374,0.603,67.502
66.100,-2.074,0.389,0.603,67.707
66.120,2.004,0.406,0.603,67.934
66.140,6.053,0.417,0.603,68.167
66.160,9.996,0.420,0.603,68.400
66.180,13.840,0.424,0.603,68.609
66.200,17.443,0.419,0.603,68.795
66.220,20.807,0.414,0.603,68.935
66.240,23.877,0.400,0.603,69.028
66.260,26.590,0.387,0.603,69.068
66.280,28.898,0.364,0.603,69.049
66.300,30.791,0.344,0.603,68.974
66.320,32.256,0.313,0.603,68.850
66.340,33.229,0.290,0.603,68.681
66.360,33.727,0.253,0.603,68.480
66.380,33.738,0.224,0.603,68.255
66.400,33.264,0.185,0.603,68.022
66.420,32.285,0.151,0.603,67.793
66.440,30.850,0.116,0.603,67.581
66.460,28.980,0.075,0.603,67.253
66.480,26.695,0.048,0.603,67.253
66.500,23.982,0.004,0.603,67.154
66.520,20.924,-0.017,0.603,67.107
66.540,17.596,-0.057,0.603,67.112
66.560,13.986,-0.079,0.603,67.168
66.580,10.184,-0.107,0.603,67.273
66.600,6.240,-0.118,0.603,67.419
66.620,2.197,-0.145,0.603,67.597
66.640,-1.881,-0.152,0.603,67.797
66.660,-5.930,-0.166,0.603,68.005
66.680,-9.891,-0.169,0.603,68.206
66.700,-13.717,-0.168,0.603,68.394
66.720,-17.291,-0.163,0.603,68.546
66.740,-20.660,-0.158,0.603,68.663
66.760,-23.713,-0.142,0.603,68.729
66.780,-26.391,-0.130,0.603,68.744
66.800,-28.717,-0.102,0.603,68.702
66.820,-30.592,-0.087,0.603,68.608
66.840,-32.033,-0.055,0.603,68.464
66.860,-32.977,-0.031,0.603,68.280
66.880,-33.375,0.001,0.603,68.064
66.900,-33.393,0.037,0.603,67.832
66.920,-32.912,0.066,0.603,67.592
66.940,-31.928,0.106,0.603,67.359
66.960,-30.445,0.137,0.603,67.146
66.980,-28.512,0.175,0.603,66.963
67.000,-26.180,0.207,0.603,66.822
67.020,-23.449,0.248,0.603,66.728
67.040,-20.367,0.273,0.603,66.688
67.060,-16.980,0.310,0.603,66.702
67.080,-13.371,0.332,0.603,66.768
67.100,-9.521,0.362,0.603,66.887
67.120,-5.525,0.377,0.603,67.046
67.140,-1.477,0.406,0.603,67.241
67.160,2.596,0.413,0.603,67.457
67.180,6.633,0.424,0.603,67.684
67.200,10.570,0.425,0.603,67.905
67.220,14.385,0.425,0.603,68.109
67.240,17.953,0.420,0.603,68.282
67.260,21.281,0.416,0.603,68.418
67.280,24.311,0.398,0.603,68.505
67.300,26.953,0.388,0.603,68.541
67.320,29.227,0.356,0.603,68.521
67.340,31.031,0.345,0.603,68.448
67.360,32.432,0.312,0.603,68.329
67.380,33.328,0.284,0.603,68.169
67.400,33.750,0.252,0.603,67.980
67.420,33.697,0.220,0.603,67.773
67.440,33.152,0.186,0.603,67.560
67.460,32.098,0.149,0.603,67.355
67.480,30.592,0.110,0.603,67.170
67.500,28.658,0.074,0.603,67.017
67.520,26.309,0.045,0.603,66.906
67.540,23.531,0.008,0.603,66.842
67.560,20.455,-0.019,0.603,66.832
67.580,17.080,-0.055,0.603,66.874
67.600,13.418,-0.070,0.603,66.971
67.620,9.604,-0.106,0.603,67.112
67.640,5.637,-0.118,0.603,67.296
67.660,1.605,-0.140,0.603,67.511
67.680,-2.473,-0.155,0.603,67.746
67.700,-6.516,-0.154,0.603,67.989
67.720,-10.459,-0.174,0.603,68.220
67.740,-14.232,-0.158,0.603,68.439
67.760,-17.812,-0.168,0.603,68.616
67.780,-21.129,-0.145,0.603,68.759
67.800,-24.111,-0.146,0.603,68.845
67.820,-26.730,-0.119,0.603,68.884
67.840,-28.975,-0.112,0.603,68.860
67.860,-30.779,-0.080,0.603,68.787
67.880,-32.174,-0.055,0.603,68.661
67.900,-33.041,-0.023,0.603,68.496
67.920,-33.404,0.001,0.603,68.298
67.940,-33.340,0.039,0.603,68.083
67.960,-32.754,0.067,0.603,67.862
67.980,-31.705,0.108,0.603,67.647
68.000,-30.152,0.142,0.603,67.452
68.020,-28.160,0.178,0.603,67.287
68.040,-25.775,0.211,0.603,67.164
68.060,-22.980,0.245,0.603,67.086
68.080,-19.857,0.279,0.603,67.061
68.100,-16.447,0.311,0.603,67.089
68.120,-12.791,0.334,0.603,67.167
68.140,-8.918,0.359,0.603,67.291
68.160,-4.910,0.379,0.603,67.451
68.180,-0.855,0.401,0.603,67.644
68.200,3.234,0.410,0.603,67.854
68.220,7.236,0.418,0.603,68.070
68.240,11.162,0.422,0.603,68.272
68.260,14.953,0.423,0.603,68.458
68.280,18.480,0.421,0.603,68.607
68.300,21.762,0.406,0.603,68.719
68.320,24.738,0.396,0.603,68.776
68.340,27.322,0.378,0.603,68.783
68.360,29.525,0.355,0.603,68.731
68.380,31.277,0.334,0.603,68.625
68.400,32.596,0.302,0.603,68.473
68.420,33.428,0.275,0.603,68.281
68.440,33.773,0.243,0.603,68.062
68.460,33.645,0.209,0.603,67.824
68.480,33.023,0.176,0.603,67.583
68.500,31.904,0.137,0.603,67.351
68.520,30.328,0.106,0.603,67.140
68.540,28.336,0.063,0.603,66.963
68.560,25.922,0.033,0.603,66.827
68.580,23.109,-0.006,0.603,66.741
68.600,19.975,-0.029,0.603,66.708
68.620,16.535,-0.068,0.603,66.728
68.640,12.855,-0.084,0.603,66.803
68.660,9.012,-0.117,0.603,66.924
68.680,5.027,-0.125,0.603,67.087
68.700,0.984,-0.154,0.603,67.276
68.720,-3.088,-0.150,0.603,67.491
68.740,-7.119,-0.170,0.603,67.704
68.760,-11.045,-0.167,0.603,67.917
68.780,-14.789,-0.172,0.603,68.105
68.800,-18.322,-0.162,0.603,68.267
68.820,-21.604,-0.154,0.603,68.384
68.840,-24.533,-0.145,0.603,68.454
68.860,-27.111,-0.126,0.603,68.471
68.880,-29.297,-0.102,0.603,68.435
68.900,-31.055,-0.080,0.603,68.345
68.920,-32.320,-0.050,0.603,68.211
68.940,-33.123,-0.024,0.603,68.037
68.960,-33.422,0.008,0.603,67.838
68.980,-33.293,0.043,0.603,67.623
69.000,-32.643,0.073,0.603,67.406
69.020,-31.518,0.113,0.603,67.200
69.040,-29.889,0.145,0.603,67.018
69.060,-27.861,0.184,0.603,66.869
69.080,-25.406,0.219,0.603,66.766
69.100,-22.564,0.253,0.603,66.711
69.120,-19.365,0.280,0.600,66.712
69.140,-15.914,0.317,0.600,66.766
69.160,-12.229,0.337,0.600,66.876
69.180,-8.332,0.366,0.600,67.027
69.200,-4.324,0.381,0.600,67.224
69.220,-0.264,0.402,0.600,67.445
69.240,3.814,0.412,0.600,67.689
69.260,7.828,0.423,0.600,67.935
69.280,11.736,0.423,0.600,68.173
69.300,15.486,0.424,0.600,68.386
69.320,18.984,0.420,0.600,68.568
69.340,22.213,0.410,0.600,68.706
69.360,25.154,0.398,0.600,68.794
69.380,27.674,0.378,0.600,68.824
69.400,29.812,0.356,0.600,68.802
69.420,31.494,0.334,0.600,68.723
69.440,32.748,0.302,0.600,68.600
69.460,33.516,0.278,0.600,68.436
69.480,33.779,0.243,0.600,68.245
69.500,33.586,0.209,0.600,68.038
69.520,32.883,0.173,0.600,67.828
69.540,31.693,0.137,0.600,67.628
69.560,30.047,0.104,0.600,67.451
69.580,28.002,0.064,0.600,67.307
69.600,25.506,0.040,0.600,67.206
69.620,22.641,-0.004,0.600,67.150
69.640,19.471,-0.025,0.600,67.151
69.660,15.996,-0.065,0.600,67.199
69.680,12.281,-0.081,0.600,67.304
69.700,8.414,-0.110,0.600,67.446
69.720,4.418,-0.121,0.600,67.633
69.740,0.357,-0.150,0.600,67.839
69.760,-3.703,-0.153,0.600,68.067
69.780,-7.723,-0.166,0.600,68.290
69.800,-11.637,-0.162,0.600,68.503
69.820,-15.340,-0.164,0.600,68.688
69.840,-18.838,-0.160,0.600,68.840
69.860,-22.084,-0.147,0.600,68.945
69.880,-24.955,-0.140,0.600,68.999
69.900,-27.469,-0.112,0.600,68.994
69.920,-29.625,-0.100,0.600,68.936
69.940,-31.295,-0.071,0.600,68.824
69.960,-32.508,-0.044,0.600,68.665
69.980,-33.199,-0.011,0.600,68.467
70.000,-33.445,0.016,0.600,68.242
70.020,-33.223,0.049,0.600,68.002
70.040,-32.520,0.082,0.600,67.761
70.060,-31.312,0.120,0.600,67.531
70.080,-29.607,0.159,0.600,67.325
70.100,-27.504,0.190,0.600,67.153
70.120,-24.990,0.230,0.599,67.024
70.140,-22.090,0.255,0.599,66.944
70.160,-18.867,0.292,0.599,66.916
70.180,-15.357,0.315,0.599,66.939
70.200,-11.643,0.349,0.599,67.015
70.220,-7.717,0.362,0.599,67.136
70.240,-3.703,0.392,0.599,67.291
70.260,0.369,0.406,0.599,67.479
70.280,4.436,0.420,0.599,67.676
70.300,8.432,0.423,0.599,67.886
70.320,12.328,0.424,0.599,68.073
70.340,16.025,0.424,0.599,68.244
70.360,19.494,0.419,0.599,68.374
70.380,22.687,0.406,0.599,68.468
70.400,25.559,0.392,0.599,68.505
70.420,28.025,0.370,0.599,68.495
70.440,30.100,0.347,0.599,68.426
70.460,31.729,0.327,0.599,68.306
70.480,32.895,0.296,0.599,68.143
70.500,33.586,0.268,0.599,67.946
70.520,33.779,0.232,0.599,67.724
70.540,33.510,0.203,0.599,67.491
70.560,32.736,0.165,0.599,67.258
70.580,31.488,0.130,0.599,67.039
70.600,29.766,0.093,0.599,66.847
70.620,27.656,0.056,0.599,66.691
70.640,25.119,0.025,0.599,66.581
70.660,22.189,-0.011,0.599,66.522
70.680,18.973,-0.041,0.599,66.570
70.700,15.451,-0.071,0.599,66.570
70.720,11.713,-0.093,0.599,66.675
70.740,7.828,-0.116,0.599,66.824
70.760,3.820,-0.134,0.599,67.014
70.780,-0.240,-0.150,0.599,67.231
70.800,-4.307,-0.158,0.599,67.463
70.820,-8.297,-0.169,0.599,67.696
70.840,-12.182,-0.170,0.599,67.921
70.860,-15.855,-0.171,0.599,68.124
70.880,-19.324,-0.162,0.599,68.290
70.900,-22.512,-0.153,0.599,68.413
70.920,-25.342,-0.140,0.599,68.485
70.940,-27.797,-0.115,0.599,68.503
70.960,-29.848,-0.103,0.599,68.466
70.980,-31.465,-0.071,0.599,68.380
71.000,-32.613,-0.045,0.599,68.248
71.020,-33.234,-0.015,0.599,68.081
71.040,-33.416,0.018,0.599,67.890
71.060,-33.105,0.050,0.599,67.688
71.080,-32.338,0.084,0.599,67.487
71.100,-31.055,0.120,0.599,67.299
71.120,-29.309,0.157,0.599,67.138
71.140,-27.129,0.190,0.599,67.013
71.160,-24.545,0.227,0.599,66.934
71.180,-21.621,0.259,0.599,66.904
71.200,-18.334,0.291,0.599,66.929
71.220,-14.824,0.322,0.599,67.006
71.240,-11.051,0.344,0.599,67.137
71.260,-7.131,0.367,0.599,67.306
71.280,-3.094,0.390,0.599,67.515
71.300,0.984,0.403,0.599,67.745
71.320,5.045,0.415,0.599,67.991
71.340,9.023,0.423,0.599,68.234
71.360,12.891,0.422,0.599,68.466
71.380,16.564,0.424,0.599,68.666
71.400,19.992,0.412,0.599,68.830
71.420,23.150,0.403,0.599,68.947
71.440,25.951,0.389,0.599,69.011
71.460,28.365,0.372,0.599,69.017
71.480,30.375,0.348,0.599,68.968
71.500,31.928,0.323,0.599,68.865
71.520,33.023,0.292,0.599,68.717
71.540,33.639,0.262,0.599,68.532
71.560,33.773,0.229,0.599,68.322
71.580,33.428,0.199,0.599,68.100
71.600,32.578,0.159,0.599,67.878
71.620,31.266,0.128,0.599,67.670
71.640,29.479,0.087,0.599,67.487
71.660,27.311,0.051,0.599,67.341
71.680,24.686,0.018,0.599,67.238
71.700,21.738,-0.011,0.599,67.185
71.720,18.457,-0.043,0.599,67.185
71.740,14.895,-0.069,0.599,67.235
71.760,11.139,-0.098,0.599,67.335
71.780,7.213,-0.117,0.599,67.477
71.800,3.199,-0.137,0.599,67.654
71.820,-0.873,-0.151,0.599,67.853
71.840,-4.922,-0.160,0.599,68.065
71.860,-8.918,-0.165,0.599,68.272
71.880,-12.779,-0.164,0.599,68.464
71.900,-16.436,-0.163,0.599,68.628
71.920,-19.875,-0.158,0.599,68.754
71.940,-22.998,-0.148,0.599,68.835
71.960,-25.787,-0.134,0.599,68.863
71.980,-28.189,-0.109,0.599,68.836
72.000,-30.152,-0.090,0.599,68.752
72.020,-31.711,-0.061,0.599,68.618
72.040,-32.783,-0.036,0.599,68.440
72.060,-33.352,-0.003,0.599,68.229
72.080,-33.439,0.026,0.599,67.995
72.100,-33.070,0.055,0.599,67.752
72.120,-32.221,0.097,0.599,67.512
72.140,-30.855,0.129,0.599,67.288
72.160,-29.045,0.174,0.599,67.092
72.180,-26.795,0.201,0.599,66.934
72.200,-24.158,0.240,0.599,66.823
72.220,-21.158,0.266,0.599,66.762
72.240,-17.842,0.302,0.599,66.757
72.260,-14.297,0.329,0.599,66.805
72.280,-10.494,0.356,0.599,66.904
72.300,-6.533,0.373,0.599,67.045
72.320,-2.490,0.395,0.599,67.224
72.340,1.605,0.409,0.599,67.426
72.360,5.631,0.423,0.599,67.644
72.380,9.598,0.425,0.599,67.858
72.400,13.447,0.425,0.599,68.059
72.420,17.098,0.425,0.599,68.234
72.440,20.490,0.418,0.599,68.372
72.460,23.584,0.406,0.599,68.468
72.480,26.338,0.385,0.599,68.508
72.500,28.693,0.369,0.599,68.496
72.520,30.633,0.347,0.599,68.430
72.540,32.139,0.320,0.599,68.316
72.560,33.146,0.292,0.599,68.159
72.580,33.703,0.264,0.599,67.972
72.600,33.750,0.228,0.599,67.764
72.620,33.334,0.196,0.599,67.548
72.640,32.402,0.156,0.599,67.335
72.660,31.025,0.124,0.599,67.141
72.680,29.186,0.082,0.599,66.976
72.700,26.941,0.051,0.599,66.851
72.720,24.275,0.015,0.597,66.772
72.740,21.252,-0.015,0.597,66.747
72.760,17.947,-0.046,0.597,66.774
72.780,14.355,-0.074,0.597,66.858
72.800,10.564,-0.101,0.597,66.989
72.820,6.627,-0.117,0.597,67.168
72.840,2.613,-0.141,0.597,67.378
72.860,-1.453,-0.150,0.597,67.616
72.880,-5.508,-0.161,0.597,67.860
72.900,-9.504,-0.164,0.597,68.100
72.920,-13.330,-0.170,0.597,68.325
72.940,-16.934,-0.166,0.597,68.524
72.960,-20.320,-0.157,0.597,68.681
72.980,-23.391,-0.148,0.597,68.790
73.000,-26.133,-0.132,0.597,68.845
73.020,-28.471,-0.112,0.597,68.844
73.040,-30.410,-0.092,0.597,68.790
73.060,-31.875,-0.062,0.597,68.685
73.080,-32.859,-0.038,0.597,68.537
73.100,-33.340,-0.005,0.597,68.356
73.120,-33.387,0.029,0.597,68.153
73.140,-32.941,0.060,0.597,67.940
73.160,-32.010,0.099,0.597,67.732
73.180,-30.568,0.128,0.597,67.541
73.200,-28.717,0.171,0.597,67.377
73.220,-26.391,0.199,0.597,67.252
73.240,-23.725,0.244,0.597,67.172
73.260,-20.666,0.269,0.597,67.145
73.280,-17.309,0.302,0.597,67.170
73.300,-13.705,0.326,0.597,67.245
73.320,-9.879,0.355,0.597,67.367
73.340,-5.924,0.371,0.597,67.531
73.360,-1.875,0.396,0.597,67.724
73.380,2.227,0.406,0.597,67.940
73.400,6.264,0.420,0.597,68.163
73.420,10.213,0.423,0.597,68.382
73.440,14.027,0.423,0.597,68.582
73.460,17.625,0.423,0.597,68.751
73.480,20.977,0.411,0.597,68.880
73.500,24.023,0.399,0.597,68.959
73.520,26.707,0.381,0.597,68.980
73.540,29.016,0.365,0.597,68.949
73.560,30.885,0.339,0.597,68.861
73.580,32.320,0.312,0.597,68.723
73.600,33.264,0.280,0.597,68.543
73.620,33.744,0.253,0.597,68.330
73.640,33.715,0.217,0.597,68.097
73.660,33.217,0.186,0.597,67.856
73.680,32.232,0.143,0.597,67.620
73.700,30.773,0.114,0.597,67.403
73.720,28.869,0.069,0.597,67.215
73.740,26.561,0.048,0.597,67.067
73.760,23.836,0.004,0.597,66.964
73.780,20.783,-0.022,0.596,66.915
73.800,17.426,-0.058,0.596,66.919
73.820,13.787,-0.079,0.596,66.976
73.840,9.996,-0.103,0.596,67.079
73.860,6.023,-0.125,0.596,67.225
73.880,1.980,-0.144,0.596,67.403
73.900,-2.080,-0.156,0.596,67.603
73.920,-6.117,-0.167,0.596,67.813
73.940,-10.096,-0.167,0.596,68.017
73.960,-13.875,-0.170,0.596,68.204
73.980,-17.473,-0.165,0.596,68.359
74.000,-20.818,-0.157,0.596,68.476
74.020,-23.836,-0.146,0.596,68.546
74.040,-26.502,-0.129,0.596,68.565
74.060,-28.787,-0.110,0.596,68.528
74.080,-30.668,-0.083,0.596,68.440
74.100,-32.074,-0.056,0.596,68.302
74.120,-32.988,-0.029,0.596,68.125
74.140,-33.387,0.003,0.596,67.918
74.160,-33.369,0.034,0.596,67.694
74.180,-32.871,0.066,0.596,67.464
74.200,-31.852,0.104,0.596,67.243
74.220,-30.340,0.135,0.596,67.041
74.240,-28.400,0.177,0.596,66.872
74.260,-26.033,0.210,0.596,66.745
74.280,-23.320,0.249,0.596,66.665
74.300,-20.197,0.272,0.596,66.641
74.320,-16.816,0.307,0.596,66.668
74.340,-13.178,0.331,0.596,66.752
74.360,-9.316,0.360,0.596,66.883
74.380,-5.344,0.380,0.596,67.058
74.400,-1.271,0.398,0.596,67.265
74.420,2.801,0.413,0.596,67.493
74.440,6.855,0.423,0.596,67.730
74.460,10.758,0.425,0.596,67.962
74.480,14.572,0.429,0.600,68.174
74.500,18.141,0.419,0.600,68.359
74.520,21.434,0.414,0.600,68.502
74.540,24.457,0.400,0.600,68.599
74.560,27.076,0.385,0.600,68.639
74.580,29.320,0.362,0.600,68.626
74.600,31.125,0.341,0.600,68.557
74.620,32.496,0.311,0.600,68.443
74.640,33.369,0.281,0.600,68.286
74.660,33.768,0.252,0.600,68.100
74.680,33.674,0.220,0.600,67.897
74.700,33.094,0.180,0.600,67.486
74.720,32.033,0.149,0.600,67.486
74.740,30.521,0.112,0.600,67.153
74.760,28.559,0.074,0.600,67.153
74.780,26.174,0.045,0.600,67.045
74.800,23.391,0.006,0.600,66.981
74.820,20.291,-0.020,0.600,66.972
74.840,16.881,-0.057,0.600,67.015
74.860,13.219,-0.080,0.600,67.112
74.880,9.393,-0.106,0.600,67.252
74.900,5.420,-0.121,0.600,67.435
74.920,1.371,-0.142,0.600,67.645
74.940,-2.695,-0.154,0.600,67.876
74.960,-6.738,-0.162,0.600,68.111
74.980,-10.687,-0.166,0.600,68.335
75.000,-14.426,-0.161,0.600,68.540
75.020,-18.000,-0.160,0.600,68.709
75.040,-21.299,-0.151,0.600,68.837
75.060,-24.270,-0.141,0.600,68.911
75.080,-26.889,-0.119,0.600,68.933
75.100,-29.109,-0.108,0.600,68.897
75.120,-30.902,-0.076,0.600,68.809
75.140,-32.215,-0.050,0.600,68.671
75.160,-33.076,-0.022,0.600,68.492
75.180,-33.404,0.008,0.600,68.283
75.200,-33.305,0.040,0.600,68.056
75.220,-32.719,0.079,0.600,67.823
75.240,-31.629,0.108,0.600,67.599
75.260,-30.064,0.148,0.600,67.394
75.280,-28.072,0.182,0.600,67.221
75.300,-25.641,0.217,0.600,67.089
75.320,-22.840,0.252,0.600,67.004
75.340,-19.676,0.282,0.600,66.972
75.360,-16.266,0.313,0.600,66.991
75.380,-12.598,0.336,0.600,67.064
75.400,-8.701,0.360,0.600,67.179
75.420,-4.693,0.384,0.600,67.336
75.440,-0.633,0.402,0.600,67.521
75.460,3.428,0.416,0.600,67.724
75.480,7.453,0.422,0.600,67.933
75.500,11.367,0.423,0.600,68.134
75.520,15.141,0.424,0.600,68.313
75.540,18.650,0.415,0.600,68.459
75.560,21.926,0.410,0.600,68.562
75.580,24.873,0.393,0.600,68.617
75.600,27.451,0.377,0.600,68.617
75.620,29.613,0.352,0.600,68.564
75.640,31.354,0.333,0.600,68.457
75.660,32.660,0.302,0.600,68.306
75.680,33.451,0.273,0.600,68.115
75.700,33.785,0.240,0.600,67.896
75.720,33.621,0.208,0.600,67.662
75.740,32.965,0.174,0.600,67.425
75.760,31.840,0.138,0.600,67.199
75.780,30.252,0.099,0.600,66.996
75.800,28.225,0.061,0.600,66.826
75.820,25.770,0.037,0.600,66.702
75.840,22.951,-0.008,0.600,66.625
75.860,19.805,-0.027,0.599,66.605
75.880,16.348,-0.066,0.599,66.635
75.900,12.662,-0.086,0.599,66.723
75.920,8.801,-0.116,0.599,66.855
75.940,4.840,-0.130,0.599,67.032
75.960,0.785,-0.149,0.599,67.236
75.980,-3.293,-0.158,0.599,67.462
76.000,-7.318,-0.172,0.601,67.692
76.020,-11.244,-0.168,0.601,67.917
76.040,-14.953,-0.173,0.602,68.119
76.060,-18.492,-0.163,0.602,68.291
76.080,-21.727,-0.156,0.602,68.419
76.100,-24.662,-0.142,0.602,68.498
76.120,-27.217,-0.124,0.602,68.526
76.140,-29.379,-0.105,0.602,68.498
76.160,-31.107,-0.077,0.602,68.419
76.180,-32.344,-0.055,0.602,68.292
76.200,-33.129,-0.021,0.602,68.131
76.220,-33.422,0.007,0.602,67.941
76.240,-33.240,0.041,0.602,67.738
76.260,-32.578,0.076,0.602,67.532
76.280,-31.418,0.112,0.602,67.338
76.300,-29.795,0.145,0.602,67.167
76.320,-27.721,0.185,0.602,67.030
76.340,-25.248,0.218,0.602,66.938
76.360,-22.383,0.251,0.602,66.894
76.380,-19.189,0.282,0.602,66.906
76.400,-15.727,0.315,0.602,66.969
76.420,-12.023,0.338,0.602,67.086
76.440,-8.127,0.364,0.602,67.247
76.460,-4.113,0.386,0.602,67.449
76.480,-0.023,0.398,0.602,67.679
76.500,4.037,0.414,0.602,67.924
76.520,8.045,0.421,0.602,68.172
76.540,11.936,0.424,0.602,68.410
76.560,15.674,0.423,0.602,68.623
76.580,19.160,0.417,0.602,68.801
76.600,22.389,0.406,0.602,68.935
76.620,25.295,0.390,0.602,69.015
76.640,27.797,0.377,0.602,69.040
76.660,29.906,0.356,0.602,69.008
76.680,31.582,0.327,0.602,68.922
76.700,32.807,0.301,0.602,68.789
76.720,33.539,0.276,0.602,68.617
76.740,33.797,0.236,0.602,68.418
76.760,33.557,0.209,0.602,68.202
76.780,32.824,0.164,0.602,67.983
76.800,31.635,0.137,0.602,67.775
76.820,29.971,0.095,0.602,67.590
76.840,27.885,0.063,0.602,67.438
76.860,25.359,0.033,0.602,67.329
76.880,22.488,-0.013,0.602,67.265
76.900,19.289,-0.024,0.602,67.258
76.920,15.791,-0.078,0.602,67.296
76.940,12.082,-0.071,0.602,67.394
76.960,8.197,-0.132,0.602,67.522
76.980,4.207,-0.112,0.602,67.703
77.000,0.123,-0.163,0.602,68.114
77.020,-3.920,-0.144,0.602,68.114
77.040,-7.951,-0.179,0.607,68.528
77.060,-11.836,-0.155,0.607,68.528
77.080,-15.557,-0.173,0.607,68.695
77.100,-19.037,-0.158,0.607,68.838
77.120,-22.230,-0.149,0.607,68.930
77.140,-25.102,-0.141,0.607,68.971
77.160,-27.598,-0.108,0.607,68.959
77.180,-29.719,-0.101,0.607,68.886
77.200,-31.377,-0.061,0.607,68.765
77.220,-32.549,-0.054,0.607,68.592
77.240,-33.229,-0.001,0.607,68.390
77.260,-33.439,0.009,0.607,68.157
77.280,-33.211,0.060,0.607,67.914
77.300,-32.479,0.080,0.607,67.668
77.320,-31.230,0.125,0.607,67.437
77.340,-29.502,0.158,0.607,67.230
77.360,-27.369,0.195,0.607,67.058
77.380,-24.850,0.229,0.607,66.931
77.400,-21.937,0.260,0.607,66.853
77.420,-18.686,0.296,0.607,66.830
77.440,-15.182,0.319,0.607,66.862
77.460,-11.437,0.351,0.607,66.944
77.480,-7.523,0.365,0.607,67.071
77.500,-3.510,0.398,0.607,67.235
77.520,0.580,0.398,0.607,67.431
77.540,4.641,0.425,0.607,67.636
77.560,8.643,0.419,0.607,67.850
77.580,12.521,0.431,0.610,68.045
77.600,16.213,0.419,0.610,68.224
77.620,19.682,0.422,0.610,68.363
77.640,22.846,0.401,0.610,68.464
77.660,25.705,0.395,0.610,68.508
77.680,28.148,0.370,0.610,68.507
77.700,30.182,0.355,0.610,68.446
77.720,31.793,0.321,0.610,68.338
77.740,32.953,0.305,0.610,68.185
77.760,33.609,0.263,0.610,68.000
77.780,33.779,0.243,0.610,67.789
77.800,33.480,0.195,0.610,67.569
77.820,32.672,0.170,0.610,67.349
77.840,31.412,0.126,0.610,67.144
77.860,29.684,0.091,0.610,66.965
77.880,27.539,0.058,0.610,66.825
77.900,24.955,0.022,0.610,66.730
77.920,22.031,-0.007,0.610,66.687
77.940,18.797,-0.038,0.610,66.698
77.960,15.264,-0.068,0.610,66.762
77.980,11.520,-0.097,0.610,66.879
78.000,7.635,-0.112,0.610,67.044
78.020,3.609,-0.135,0.610,67.243
78.040,-0.445,-0.148,0.610,67.472
78.060,-4.512,-0.165,0.610,67.713
78.080,-8.514,-0.164,0.610,67.957
78.100,-12.381,-0.173,0.610,68.185
78.120,-16.061,-0.162,0.610,68.390
78.140,-19.506,-0.166,0.610,68.556
78.160,-22.652,-0.147,0.610,68.680
78.180,-25.465,-0.140,0.610,68.749
78.200,-27.902,-0.116,0.610,68.764
78.220,-29.959,-0.100,0.610,68.724
78.240,-31.559,-0.067,0.610,68.634
78.260,-32.643,-0.048,0.610,68.496
78.280,-33.264,-0.009,0.610,68.325
78.300,-33.422,0.019,0.610,68.128
78.320,-33.111,0.053,0.610,67.920
78.340,-32.279,0.085,0.610,67.712
78.360,-30.996,0.122,0.610,67.519
78.380,-29.215,0.161,0.610,67.351
78.400,-26.977,0.193,0.610,67.219
78.420,-24.404,0.232,0.610,67.133
78.440,-21.445,0.258,0.610,67.095
78.460,-18.170,0.293,0.610,67.110
78.480,-14.631,0.319,0.610,67.177
78.500,-10.846,0.347,0.610,67.294
78.520,-6.908,0.369,0.610,67.453
78.540,-2.883,0.389,0.610,67.647
78.560,1.195,0.403,0.610,67.864
78.580,5.262,0.417,0.610,68.094
78.600,9.240,0.418,0.610,68.320
78.620,13.096,0.423,0.610,68.530
78.640,16.764,0.422,0.610,68.712
78.660,20.174,0.414,0.610,68.857
78.680,23.297,0.403,0.610,68.953
78.700,26.104,0.383,0.610,68.996
78.720,28.488,0.367,0.610,68.981
78.740,30.463,0.345,0.610,68.910
78.760,32.004,0.319,0.610,68.790
78.780,33.076,0.290,0.610,68.623
78.800,33.662,0.260,0.610,68.421
78.820,33.768,0.224,0.610,68.196
78.840,33.393,0.192,0.610,67.958
78.860,32.514,0.159,0.610,67.723
78.880,31.166,0.120,0.610,67.503
78.900,29.385,0.081,0.610,67.309
78.920,27.176,0.051,0.610,67.153
78.940,24.533,0.016,0.610,67.040
78.960,21.557,-0.013,0.610,66.979
78.980,18.270,-0.049,0.610,66.970
79.000,14.701,-0.074,0.610,67.015
79.020,10.934,-0.098,0.610,67.109
79.040,7.037,-0.123,0.610,67.247
79.060,2.982,-0.137,0.610,67.418
79.080,-1.072,-0.156,0.610,67.613
79.100,-5.150,-0.162,0.610,67.822
79.120,-9.129,-0.170,0.610,68.027
79.140,-12.967,-0.170,0.610,68.219
79.160,-16.611,-0.164,0.610,68.383
79.180,-20.004,-0.160,0.610,68.507
79.200,-23.156,-0.149,0.610,68.585
79.220,-25.887,-0.133,0.610,68.615
79.240,-28.271,-0.110,0.610,68.590
79.260,-30.240,-0.091,0.610,68.508
79.280,-31.775,-0.063,0.610,68.379
79.300,-32.812,-0.035,0.610,68.209
79.320,-33.334,-0.004,0.610,68.004
79.340,-33.428,0.021,0.610,67.780
79.360,-33.047,0.062,0.610,67.546
79.380,-32.133,0.093,0.610,67.317
79.400,-30.791,0.132,0.610,67.106
79.420,-28.939,0.168,0.610,66.923
79.440,-26.672,0.201,0.610,66.780
79.460,-24.029,0.238,0.610,66.685
79.480,-21.000,0.265,0.610,66.639
79.500,-17.666,0.301,0.610,66.654
79.520,-14.098,0.323,0.610,66.713
79.540,-10.289,0.355,0.610,66.835
79.560,-6.334,0.376,0.610,66.988
79.580,-2.279,0.395,0.610,67.191
79.600,1.793,0.410,0.610,67.405
79.620,5.842,0.423,0.610,67.644
79.640,9.797,0.423,0.610,68.089
79.660,13.658,0.427,0.610,68.089
79.680,17.285,0.421,0.610,68.277
79.700,20.654,0.419,0.610,68.427
79.720,23.736,0.401,0.610,68.536
79.740,26.473,0.390,0.610,68.582
79.760,28.793,0.369,0.610,68.583
79.780,30.709,0.346,0.610,68.422
79.800,32.191,0.319,0.610,68.422
79.820,33.199,0.293,0.610,68.271
79.840,33.709,0.261,0.610,68.093
79.860,33.750,0.228,0.610,67.891
79.880,33.287,0.190,0.610,67.682
79.900,32.344,0.157,0.610,67.476
79.920,30.943,0.122,0.610,67.289
79.940,29.080,0.082,0.610,67.130
79.960,26.812,0.052,0.610,67.010
79.980,24.105,0.015,0.610,66.937
80.000,21.094,-0.016,0.610,66.916
80.020,17.766,-0.049,0.610,66.947
80.040,14.145,-0.071,0.610,67.034
80.060,10.359,-0.101,0.610,67.163
80.080,6.422,-0.120,0.610,67.343
80.100,2.379,-0.138,0.610,67.547
80.120,-1.682,-0.153,0.610,67.781
80.140,-5.736,-0.161,0.610,68.017
80.160,-9.703,-0.166,0.610,68.252
80.180,-13.529,-0.165,0.610,68.465
80.200,-17.133,-0.161,0.610,68.651
80.220,-20.490,-0.156,0.610,68.790
80.240,-23.561,-0.141,0.610,68.886
80.260,-26.262,-0.129,0.610,68.923
80.280,-28.611,-0.109,0.610,68.908
80.300,-30.498,-0.087,0.610,68.834
80.320,-31.939,-0.058,0.610,68.715
80.340,-32.895,-0.029,0.610,68.548
80.360,-33.352,0.003,0.610,68.351
80.380,-33.393,0.033,0.610,68.129
80.400,-32.924,0.066,0.610,67.901
80.420,-31.934,0.099,0.610,67.677
80.440,-30.498,0.139,0.610,67.470
80.460,-28.594,0.174,0.610,67.292
80.480,-26.273,0.207,0.610,67.153
80.500,-23.572,0.245,0.610,67.059
80.520,-20.490,0.270,0.610,67.017
80.540,-17.121,0.306,0.610,67.026
80.560,-13.518,0.328,0.610,67.090
80.580,-9.697,0.357,0.610,67.196
80.600,-5.719,0.373,0.610,67.346
80.620,-1.652,0.396,0.610,67.525
80.640,2.432,0.406,0.610,67.729
80.660,6.469,0.418,0.610,67.935
80.680,10.406,0.423,0.610,68.142
80.700,14.221,0.424,0.610,68.325
80.720,17.807,0.416,0.610,68.484
80.740,21.123,0.412,0.610,68.665
80.760,24.182,0.394,0.610,68.665
80.780,26.859,0.384,0.610,68.637
80.800,29.133,0.357,0.610,68.637
80.820,30.961,0.336,0.610,68.538
80.840,32.379,0.310,0.610,68.396
80.860,33.305,0.281,0.610,68.210
80.880,33.750,0.250,0.610,67.995
80.900,33.703,0.217,0.610,67.761
80.920,33.182,0.179,0.610,67.521
80.940,32.162,0.148,0.610,67.287
80.960,30.680,0.108,0.610,67.074
80.980,28.770,0.071,0.610,66.892
81.000,26.426,0.041,0.610,66.751
81.020,23.678,0.004,0.610,66.657
81.040,20.596,-0.025,0.610,66.617
81.060,17.238,-0.061,0.610,66.631
81.080,13.600,-0.079,0.610,66.701
81.100,9.779,-0.113,0.610,66.817
81.120,5.824,-0.124,0.610,66.980
81.140,1.787,-0.145,0.610,67.171
81.160,-2.279,-0.155,0.610,67.388
81.180,-6.316,-0.166,0.610,67.610
81.200,-10.266,-0.171,0.610,67.830
81.220,-14.062,-0.172,0.610,68.035
81.240,-17.625,-0.166,0.610,68.209
81.260,-20.959,-0.158,0.610,68.344
81.280,-23.988,-0.146,0.610,68.430
81.300,-26.607,-0.133,0.610,68.465
81.320,-28.881,-0.108,0.610,68.448
81.340,-30.750,-0.085,0.610,68.376
81.360,-32.098,-0.058,0.610,68.257
81.380,-33.006,-0.028,0.610,68.098
81.400,-33.387,0.000,0.610,67.910
81.420,-33.357,0.034,0.610,67.705
81.440,-32.789,0.066,0.610,67.495
81.460,-31.764,0.102,0.610,67.294
81.480,-30.258,0.138,0.610,67.114
81.500,-28.277,0.174,0.610,66.965
81.520,-25.893,0.211,0.610,66.858
81.540,-23.133,0.246,0.610,66.800
81.560,-20.010,0.272,0.610,66.796
81.580,-16.611,0.313,0.610,66.845
81.600,-12.955,0.330,0.610,66.950
81.620,-9.111,0.364,0.610,67.100
81.640,-5.115,0.378,0.610,67.294
81.660,-1.043,0.398,0.610,67.519
81.680,3.023,0.410,0.610,67.762
81.700,7.049,0.422,0.610,68.013
81.720,10.975,0.424,0.610,68.257
81.740,14.771,0.427,0.610,68.479
81.760,18.305,0.420,0.610,68.673
81.780,21.604,0.414,0.610,68.822
81.800,24.615,0.396,0.610,68.923
81.820,27.217,0.382,0.610,68.964
81.840,29.437,0.358,0.610,68.951
81.860,31.201,0.339,0.610,68.883
81.880,32.549,0.306,0.610,68.767
81.900,33.410,0.279,0.610,68.608
81.920,33.773,0.246,0.610,68.421
81.940,33.662,0.215,0.610,68.213
81.960,33.047,0.179,0.610,67.796
81.980,31.963,0.144,0.610,67.796
82.000,30.416,0.109,0.610,67.610
82.020,28.441,0.069,0.610,67.456
82.040,26.033,0.037,0.604,67.343
82.060,23.227,0.002,0.604,67.275
82.080,20.109,-0.023,0.604,67.261
82.100,16.687,-0.060,0.604,67.296
82.120,13.020,-0.076,0.604,67.516
82.140,9.170,-0.107,0.604,67.516
82.160,5.197,-0.120,0.604,67.689
82.180,1.166,-0.142,0.604,67.886
82.200,-2.924,-0.153,0.604,68.105
82.220,-6.949,-0.158,0.604,68.323
82.240,-10.875,-0.165,0.604,68.532
82.260,-14.643,-0.158,0.604,68.719
82.280,-18.176,-0.163,0.604,68.870
82.300,-21.480,-0.147,0.604,68.980
82.320,-24.434,-0.139,0.604,69.037
82.340,-27.006,-0.118,0.604,69.041
82.360,-29.227,-0.100,0.604,68.987
82.380,-30.990,-0.074,0.604,68.879
82.400,-32.303,-0.049,0.604,68.723
82.420,-33.117,-0.017,0.604,68.528
82.440,-33.428,0.012,0.604,68.303
82.460,-33.305,0.043,0.604,68.060
82.480,-32.672,0.079,0.604,67.815
82.500,-31.588,0.113,0.604,67.578
82.520,-30.000,0.154,0.604,67.362
82.540,-27.961,0.182,0.604,67.179
82.560,-25.512,0.221,0.604,67.037
82.580,-22.676,0.251,0.600,66.945
82.600,-19.523,0.286,0.600,66.905
82.620,-16.084,0.314,0.600,66.917
82.640,-12.387,0.341,0.600,66.983
82.660,-8.525,0.365,0.600,67.095
82.680,-4.500,0.385,0.600,67.246
82.700,-0.445,0.405,0.600,67.427
82.720,3.639,0.417,0.600,67.628
82.740,7.652,0.423,0.600,67.834
82.760,11.561,0.425,0.600,68.030
82.780,15.328,0.424,0.600,68.205
82.800,18.838,0.422,0.600,68.349
82.820,22.090,0.410,0.600,68.451
82.840,25.031,0.395,0.600,68.506
82.860,27.568,0.379,0.600,68.507
82.880,29.736,0.353,0.600,68.455
82.900,31.436,0.338,0.600,68.349
82.920,32.707,0.302,0.600,68.202
82.940,33.480,0.273,0.600,68.015
82.960,33.803,0.243,0.600,67.803
82.980,33.604,0.210,0.600,67.576
83.000,32.895,0.175,0.600,67.134
83.020,31.770,0.138,0.600,67.134
83.040,30.135,0.104,0.600,66.943
83.060,28.113,0.066,0.600,66.786
83.080,25.629,0.033,0.600,66.675
83.100,22.793,-0.004,0.599,66.613
83.120,19.623,-0.031,0.599,66.608
83.140,16.160,-0.066,0.599,66.656
83.160,12.451,-0.087,0.599,66.760
83.180,8.607,-0.116,0.599,66.908
83.200,4.617,-0.127,0.599,67.101
83.220,0.562,-0.149,0.599,67.318
83.240,-3.510,-0.157,0.599,67.558
83.260,-7.535,-0.169,0.599,67.801
83.280,-11.443,-0.171,0.599,68.038
83.300,-15.164,-0.167,0.599,68.251
83.320,-18.656,-0.166,0.599,68.432
83.340,-21.914,-0.153,0.599,68.569
83.360,-24.814,-0.144,0.599,68.657
83.380,-27.340,-0.121,0.599,68.691
83.400,-29.490,-0.104,0.599,68.668
83.420,-31.213,-0.077,0.599,68.595
83.440,-32.420,-0.048,0.599,68.474
83.460,-33.152,-0.019,0.599,68.316
83.480,-33.416,0.008,0.599,68.130
83.500,-33.234,0.044,0.599,67.930
83.520,-32.525,0.075,0.599,67.728
83.540,-31.354,0.116,0.599,67.537
83.560,-29.684,0.150,0.599,67.369
83.580,-27.598,0.185,0.599,67.235
83.600,-25.096,0.222,0.599,67.145
83.620,-22.219,0.253,0.599,67.103
83.640,-19.008,0.285,0.599,67.114
83.660,-15.510,0.312,0.599,67.176
83.680,-11.807,0.340,0.599,67.292
83.700,-7.904,0.365,0.599,67.448
83.720,-3.873,0.386,0.599,67.644
83.740,0.193,0.398,0.599,67.865
83.760,4.266,0.414,0.599,68.100
83.780,8.244,0.420,0.599,68.337
83.800,12.152,0.424,0.599,68.562
83.820,15.867,0.422,0.599,68.762
83.840,19.354,0.415,0.599,68.924
83.860,22.541,0.404,0.599,69.040
83.880,25.447,0.389,0.599,69.104
83.900,27.926,0.372,0.599,69.109
83.920,30.018,0.348,0.599,69.058
83.940,31.658,0.325,0.599,68.952
83.960,32.842,0.297,0.599,68.800
83.980,33.568,0.269,0.599,68.610
84.000,33.785,0.232,0.599,68.393
84.020,33.533,0.203,0.599,68.160
84.040,32.777,0.166,0.599,67.926
84.060,31.547,0.130,0.599,67.703
84.080,29.859,0.094,0.599,67.503
84.100,27.779,0.058,0.599,67.337
84.120,25.219,0.025,0.599,67.215
84.140,22.330,-0.010,0.599,67.140
84.160,19.125,-0.038,0.599,67.121
84.180,15.615,-0.067,0.599,67.150
84.200,11.895,-0.089,0.599,67.233
84.220,7.998,-0.115,0.599,67.356
84.240,3.979,-0.129,0.599,67.518
84.260,-0.059,-0.149,0.599,67.703
84.280,-4.137,-0.155,0.599,67.906
84.300,-8.145,-0.166,0.599,68.106
84.320,-12.035,-0.169,0.599,68.299
84.340,-15.727,-0.166,0.599,68.465
84.360,-19.207,-0.164,0.599,68.597
84.380,-22.412,-0.150,0.599,68.683
84.400,-25.236,-0.137,0.599,68.719
84.420,-27.732,-0.116,0.599,68.699
84.440,-29.807,-0.091,0.599,68.625
84.460,-31.436,-0.071,0.599,68.498
84.480,-32.590,-0.042,0.599,68.329
84.500,-33.234,-0.017,0.599,68.124
84.520,-33.451,0.022,0.599,67.897
84.540,-33.205,0.048,0.599,67.656
84.560,-32.414,0.089,0.599,67.417
84.580,-31.160,0.119,0.599,67.193
84.600,-29.420,0.160,0.599,66.994
84.620,-27.270,0.187,0.599,66.833
84.640,-24.721,0.238,0.599,66.717
84.660,-21.779,0.256,0.599,66.654
84.680,-18.516,0.302,0.599,66.644
84.700,-15.012,0.317,0.599,66.690
84.720,-11.256,0.353,0.599,66.785
84.740,-7.324,0.370,0.599,66.928
84.760,-3.299,0.394,0.599,67.109
84.780,0.791,0.406,0.599,67.319
84.800,4.857,0.418,0.599,67.542
84.820,8.824,0.427,0.599,67.768
84.840,12.715,0.426,0.599,67.980
84.860,16.395,0.427,0.599,68.173
84.880,19.834,0.420,0.599,68.330
84.900,22.998,0.410,0.599,68.444
84.920,25.834,0.392,0.599,68.507
84.940,28.260,0.374,0.599,68.515
84.960,30.293,0.352,0.599,68.469
84.980,31.863,0.330,0.599,68.373
85.000,33.006,0.297,0.599,68.235
85.020,33.633,0.270,0.599,68.061
85.040,33.785,0.234,0.599,67.864
85.060,33.457,0.203,0.599,67.656
85.080,32.625,0.167,0.599,67.449
85.100,31.330,0.128,0.599,67.257
85.120,29.561,0.091,0.599,67.091
85.140,27.428,0.057,0.599,66.963
85.160,24.809,0.025,0.599,66.880
85.180,21.873,-0.008,0.599,66.848
85.200,18.615,-0.040,0.599,66.869
85.220,15.064,-0.071,0.599,66.945
85.240,11.320,-0.092,0.599,67.072
85.260,7.406,-0.117,0.599,67.241
85.280,3.398,-0.132,0.599,67.449
85.300,-0.668,-0.150,0.599,67.679
85.320,-4.729,-0.156,0.599,67.923
85.340,-8.719,-0.166,0.599,68.162
85.360,-12.586,-0.164,0.599,68.389
85.380,-16.236,-0.165,0.599,68.588
85.400,-19.711,-0.159,0.599,68.749
85.420,-22.840,-0.146,0.599,68.863
85.440,-25.611,-0.136,0.599,68.923
85.460,-28.043,-0.112,0.599,68.927
85.480,-30.059,-0.093,0.599,68.876
85.500,-31.629,-0.067,0.599,68.772
85.520,-32.719,-0.038,0.599,68.622
85.540,-33.275,-0.013,0.599,68.437
85.560,-33.445,0.025,0.599,68.228
85.580,-33.059,0.055,0.599,68.007
85.600,-32.250,0.093,0.599,67.786
85.620,-30.902,0.125,0.599,67.580
85.640,-29.092,0.166,0.599,67.399
85.660,-26.871,0.198,0.599,67.255
85.680,-24.270,0.233,0.599,67.155
85.700,-21.275,0.264,0.599,67.104
85.720,-17.982,0.296,0.599,67.107
85.740,-14.437,0.323,0.599,67.160
85.760,-10.635,0.351,0.599,67.263
85.780,-6.709,0.368,0.599,67.406
85.800,-2.666,0.390,0.599,67.583
85.820,1.418,0.406,0.599,67.782
85.840,5.473,0.414,0.599,67.994
85.860,9.439,0.423,0.599,68.203
85.880,13.289,0.419,0.599,68.396
85.900,16.939,0.419,0.599,68.560
85.920,20.338,0.410,0.599,68.685
85.940,23.449,0.402,0.599,68.764
85.960,26.227,0.385,0.599,68.790
85.980,28.594,0.367,0.599,68.761
86.000,30.551,0.345,0.599,68.677
86.020,32.068,0.319,0.599,68.542
86.040,33.123,0.286,0.599,68.363
86.060,33.686,0.258,0.599,68.152
86.080,33.756,0.222,0.599,67.917
86.100,33.369,0.191,0.599,67.673
86.120,32.455,0.153,0.599,67.432
86.140,31.102,0.120,0.599,67.208
86.160,29.268,0.083,0.599,67.012
86.180,27.059,0.048,0.599,66.854
86.200,24.393,0.015,0.599,66.742
86.220,21.404,-0.020,0.599,66.682
86.240,18.094,-0.046,0.599,66.677
86.260,14.502,-0.075,0.599,66.724
86.280,10.734,-0.102,0.599,66.822
86.300,6.826,-0.121,0.599,66.966
86.320,2.801,-0.139,0.599,67.142
86.340,-1.277,-0.155,0.599,67.344
86.360,-5.326,-0.162,0.599,67.559
86.380,-9.305,-0.175,0.603,67.772
86.400,-13.137,-0.171,0.603,67.975
86.420,-16.764,-0.174,0.603,68.147
86.440,-20.180,-0.158,0.603,68.285
86.460,-23.279,-0.150,0.603,68.373
86.480,-26.010,-0.134,0.603,68.412
86.500,-28.389,-0.112,0.603,68.396
86.520,-30.299,-0.093,0.603,68.328
86.540,-31.805,-0.066,0.603,68.213
86.560,-32.848,-0.036,0.603,68.056
86.580,-33.340,-0.005,0.603,67.865
86.600,-33.410,0.025,0.603,67.656
86.620,-32.965,0.059,0.603,67.439
86.640,-32.080,0.097,0.603,67.227
86.660,-30.674,0.130,0.603,67.033
86.680,-28.822,0.169,0.603,66.869
86.700,-26.549,0.203,0.603,66.746
86.720,-23.871,0.238,0.603,66.670
86.740,-20.818,0.269,0.603,66.646
86.760,-17.479,0.302,0.603,66.677
86.780,-13.910,0.323,0.603,66.761
86.800,-10.102,0.359,0.603,66.895
86.820,-6.123,0.372,0.603,67.074
86.840,-2.062,0.398,0.603,67.285
86.860,2.027,0.407,0.603,67.521
86.880,6.053,0.422,0.603,67.768
86.900,10.014,0.427,0.603,68.013
86.920,13.846,0.424,0.603,68.242
86.940,17.455,0.423,0.603,68.442
86.960,20.812,0.414,0.603,68.602
86.980,23.895,0.405,0.603,68.715
87.000,26.602,0.386,0.603,68.774
87.020,28.922,0.366,0.603,68.774
87.040,30.809,0.345,0.603,68.722
87.060,32.262,0.314,0.603,68.620
87.080,33.234,0.291,0.603,68.475
87.100,33.727,0.257,0.603,68.297
87.120,33.721,0.225,0.603,68.098
87.140,33.258,0.192,0.603,67.889
87.160,32.273,0.152,0.603,67.685
87.180,30.844,0.118,0.603,67.498
87.200,28.957,0.080,0.603,67.339
87.220,26.678,0.048,0.603,67.220
87.240,23.959,0.013,0.603,67.145
87.260,20.924,-0.019,0.603,67.123
87.280,17.566,-0.046,0.603,67.151
87.300,13.939,-0.074,0.603,67.233
87.320,10.148,-0.099,0.603,67.360
87.340,6.193,-0.117,0.603,67.530
87.360,2.162,-0.136,0.603,67.728
87.380,-1.916,-0.150,0.603,67.947
87.400,-5.953,-0.162,0.603,68.174
87.420,-9.920,-0.164,0.603,68.394
87.440,-13.734,-0.163,0.603,68.596
87.460,-17.320,-0.162,0.603,68.764
87.480,-20.684,-0.154,0.603,68.893
87.500,-23.707,-0.141,0.603,68.970
87.520,-26.420,-0.125,0.603,68.992
87.540,-28.705,-0.104,0.603,68.958
87.560,-30.598,-0.083,0.603,68.870
87.580,-32.010,-0.051,0.603,68.730
87.600,-32.947,-0.026,0.603,68.547
87.620,-33.393,0.007,0.603,68.333
87.640,-33.387,0.038,0.603,68.098
87.660,-32.871,0.067,0.603,67.856
87.680,-31.887,0.105,0.603,67.619
87.700,-30.428,0.138,0.603,67.400
87.720,-28.488,0.179,0.603,67.211
87.740,-26.162,0.206,0.603,67.062
87.760,-23.432,0.248,0.603,66.957
87.780,-20.332,0.272,0.603,66.906
87.800,-16.939,0.309,0.603,66.907
87.820,-13.354,0.333,0.603,66.961
87.840,-9.480,0.359,0.603,67.063
87.860,-5.502,0.373,0.603,67.204
87.880,-1.447,0.401,0.603,67.375
87.900,2.643,0.406,0.603,67.570
87.920,6.674,0.423,0.603,67.770
87.940,10.600,0.424,0.603,67.968
87.960,14.414,0.426,0.603,68.147
87.980,17.982,0.423,0.603,68.298
88.000,21.299,0.416,0.603,68.409
88.020,24.328,0.398,0.603,68.475
88.040,26.971,0.381,0.603,68.484
88.060,29.238,0.359,0.603,68.439
88.080,31.043,0.341,0.603,68.341
88.100,32.437,0.310,0.603,68.199
88.120,33.334,0.282,0.603,68.016
88.140,33.744,0.248,0.603,67.804
88.160,33.686,0.220,0.603,67.574
88.180,33.146,0.184,0.603,67.339
88.200,32.092,0.145,0.603,67.113
88.220,30.586,0.115,0.603,66.908
88.240,28.652,0.068,0.603,66.736
88.260,26.285,0.043,0.603,66.606
88.280,23.514,0.002,0.603,66.524
88.300,20.437,-0.026,0.603,66.497
88.320,17.051,-0.062,0.603,66.525
88.340,13.400,-0.082,0.603,66.610
88.360,9.580,-0.111,0.603,66.739
88.380,5.607,-0.126,0.603,66.915
88.400,1.570,-0.149,0.603,67.122
88.420,-2.496,-0.154,0.603,67.353
88.440,-6.527,-0.167,0.603,67.589
88.460,-10.482,-0.168,0.603,67.821
88.480,-14.273,-0.171,0.603,68.034
88.500,-17.824,-0.168,0.603,68.219
88.520,-21.141,-0.156,0.603,68.366
88.540,-24.117,-0.145,0.603,68.462
88.560,-26.748,-0.127,0.603,68.507
88.580,-29.004,-0.108,0.603,68.497
88.600,-30.820,-0.084,0.603,68.434
88.620,-32.156,-0.056,0.603,68.323
88.640,-33.035,-0.027,0.603,68.173
88.660,-33.381,0.004,0.603,67.992
88.680,-33.316,0.034,0.603,67.795
88.700,-32.742,0.066,0.603,67.593
88.720,-31.682,0.106,0.603,67.400
88.740,-30.129,0.139,0.603,67.227
88.760,-28.148,0.177,0.603,67.086
88.780,-25.758,0.211,0.603,66.986
88.800,-22.969,0.248,0.603,66.935
88.820,-19.822,0.274,0.603,66.936
88.840,-16.412,0.310,0.603,66.990
88.860,-12.750,0.335,0.603,67.098
88.880,-8.877,0.363,0.603,67.251
88.900,-4.893,0.377,0.603,67.446
88.920,-0.832,0.402,0.603,67.668
88.940,3.258,0.407,0.603,67.910
88.960,7.277,0.423,0.603,68.158
88.980,11.191,0.421,0.603,68.397
89.000,14.965,0.426,0.603,68.614
89.020,18.492,0.413,0.603,68.796
89.040,21.773,0.411,0.603,68.932
89.060,24.756,0.395,0.603,69.021
89.080,27.328,0.378,0.603,69.050
89.100,29.537,0.356,0.603,69.025
89.120,31.277,0.333,0.603,68.944
89.140,32.602,0.301,0.603,68.813
89.160,33.439,0.277,0.603,68.640
89.180,33.773,0.243,0.603,68.439
89.200,33.645,0.215,0.603,68.220
89.220,33.012,0.172,0.603,67.995
89.240,31.898,0.139,0.603,67.777
89.260,30.322,0.099,0.603,67.580
89.280,28.324,0.066,0.603,67.415
89.300,25.904,0.036,0.603,67.291
89.320,23.074,-0.001,0.603,67.213
89.340,19.934,-0.026,0.603,67.189
89.360,16.512,-0.060,0.603,67.213
89.380,12.832,-0.083,0.603,67.292
89.400,8.977,-0.110,0.603,67.413
89.420,4.986,-0.125,0.603,67.577
89.440,0.943,-0.149,0.603,67.764
89.460,-3.123,-0.153,0.603,67.974
89.480,-7.154,-0.170,0.603,68.183
89.500,-11.074,-0.163,0.603,68.386
89.520,-14.812,-0.170,0.603,68.562
89.540,-18.375,-0.158,0.603,68.709
89.560,-21.645,-0.154,0.603,68.810
89.580,-24.574,-0.139,0.603,68.861
89.600,-27.141,-0.125,0.603,68.857
89.620,-29.326,-0.098,0.603,68.801
89.640,-31.107,-0.078,0.603,68.688
89.660,-32.355,-0.050,0.603,68.531
89.680,-33.152,-0.020,0.603,68.335
89.700,-33.434,0.012,0.603,68.112
89.720,-33.281,0.045,0.603,67.873
89.740,-32.660,0.081,0.603,67.632
89.760,-31.512,0.116,0.603,67.401
89.780,-29.912,0.149,0.603,67.194
89.800,-27.844,0.190,0.603,67.020
89.820,-25.377,0.222,0.603,66.891
89.840,-22.541,0.259,0.603,66.811
89.860,-19.359,0.282,0.602,66.786
89.880,-15.914,0.318,0.602,66.812
89.900,-12.234,0.343,0.602,66.893
89.920,-8.320,0.370,0.602,67.021
89.940,-4.295,0.385,0.602,67.190
89.960,-0.223,0.408,0.602,67.386
89.980,3.832,0.416,0.602,67.606
90.000,7.857,0.427,0.602,67.828
90.020,11.771,0.425,0.602,68.042
90.040,15.510,0.430,0.605,68.234
90.060,19.014,0.417,0.605,68.397
90.080,22.248,0.416,0.605,68.514
90.100,25.178,0.394,0.605,68.586
90.120,27.680,0.381,0.605,68.601
90.140,29.836,0.355,0.605,68.565
90.160,31.506,0.333,0.605,68.474
90.180,32.748,0.307,0.605,68.340
90.200,33.516,0.275,0.605,68.169
90.220,33.797,0.242,0.605,67.972
90.240,33.580,0.210,0.605,67.762
90.260,32.877,0.174,0.605,67.550
90.280,31.687,0.137,0.605,67.350
90.300,30.047,0.101,0.605,67.175
90.320,28.002,0.062,0.605,67.034
90.340,25.488,0.033,0.605,66.938
90.360,22.629,-0.005,0.605,66.890
90.380,19.447,-0.030,0.605,66.899
90.400,15.967,-0.065,0.605,66.959
90.420,12.264,-0.087,0.605,67.074
90.440,8.385,-0.112,0.605,67.230
90.460,4.395,-0.129,0.605,67.430
90.480,0.340,-0.144,0.605,67.653
90.500,-3.732,-0.160,0.605,67.896
90.520,-7.752,-0.160,0.605,68.141
90.540,-11.672,-0.165,0.605,68.373
90.560,-15.346,-0.163,0.605,68.582
90.580,-18.855,-0.158,0.605,68.757
90.600,-22.090,-0.153,0.605,68.884
90.620,-24.961,-0.137,0.605,68.962
90.640,-27.475,-0.121,0.605,68.982
90.660,-29.590,-0.101,0.605,68.950
90.680,-31.271,-0.073,0.605,68.863
90.700,-32.449,-0.046,0.605,68.729
90.720,-33.199,-0.018,0.605,68.555
90.740,-33.434,0.015,0.605,68.357
90.760,-33.199,0.047,0.605,68.142
90.780,-32.484,0.083,0.605,67.925
90.800,-31.266,0.115,0.605,67.719
90.820,-29.584,0.155,0.605,67.537
90.840,-27.469,0.186,0.605,67.388
90.860,-24.943,0.221,0.605,67.281
90.880,-22.055,0.255,0.605,67.223
90.900,-18.832,0.282,0.605,67.218
90.920,-15.328,0.319,0.605,67.262
90.940,-11.613,0.340,0.605,67.360
90.960,-7.693,0.368,0.605,67.498
90.980,-3.656,0.381,0.605,67.676
91.000,0.410,0.403,0.605,67.873
91.020,4.465,0.411,0.605,68.089
91.040,8.473,0.423,0.605,68.301
91.060,12.352,0.418,0.605,68.505
91.080,16.055,0.426,0.605,68.680
91.100,19.518,0.410,0.605,68.821
91.120,22.705,0.410,0.605,68.913
91.140,25.594,0.389,0.605,68.956
91.160,28.049,0.371,0.605,68.941
91.180,30.111,0.348,0.605,68.871
91.200,31.734,0.322,0.605,68.748
91.220,32.895,0.296,0.605,68.579
91.240,33.586,0.266,0.605,68.374
91.260,33.791,0.236,0.605,68.143
91.280,33.510,0.201,0.605,67.900
91.300,32.725,0.164,0.605,67.656
91.320,31.477,0.128,0.605,67.424
91.340,29.766,0.091,0.605,67.218
91.360,27.656,0.054,0.605,67.047
91.380,25.078,0.028,0.603,66.921
91.400,22.184,-0.012,0.603,66.842
91.420,18.943,-0.038,0.601,66.820
91.440,15.434,-0.074,0.601,66.849
91.460,11.707,-0.092,0.601,66.934
91.480,7.811,-0.118,0.601,67.058
91.500,3.809,-0.135,0.601,67.225
91.520,-0.252,-0.154,0.601,67.414
91.540,-4.330,-0.159,0.601,67.623
91.560,-8.350,-0.170,0.601,67.828
91.580,-12.223,-0.170,0.601,68.026
91.600,-15.879,-0.173,0.603,68.196
91.620,-19.359,-0.161,0.603,68.337
91.640,-22.535,-0.157,0.603,68.429
91.660,-25.371,-0.136,0.603,68.475
91.680,-27.832,-0.122,0.603,68.464
91.700,-29.883,-0.096,0.603,68.402
91.720,-31.512,-0.070,0.603,68.286
91.740,-32.631,-0.044,0.603,68.129
91.760,-33.258,-0.009,0.603,67.938
91.780,-33.439,0.015,0.603,67.724
91.800,-33.152,0.053,0.603,67.498
91.820,-32.373,0.085,0.603,67.275
91.840,-31.061,0.122,0.603,67.067
91.860,-29.326,0.159,0.603,66.887
91.880,-27.146,0.195,0.603,66.744
91.900,-24.580,0.229,0.603,66.647
91.920,-21.609,0.262,0.603,66.601
91.940,-18.352,0.291,0.603,66.611
91.960,-14.812,0.324,0.603,66.674
91.980,-11.027,0.347,0.603,66.791
92.000,-7.119,0.376,0.603,66.951
92.020,-3.082,0.390,0.603,67.153
92.040,1.008,0.406,0.603,67.377
92.060,5.074,0.416,0.603,67.619
92.080,9.035,0.425,0.603,67.857
92.100,12.914,0.424,0.603,68.087
92.120,16.594,0.427,0.603,68.287
92.140,20.016,0.414,0.603,68.456
92.160,23.162,0.409,0.603,68.575
92.180,25.975,0.386,0.603,68.647
92.200,28.383,0.377,0.603,68.657
92.220,30.381,0.348,0.603,68.618
92.240,31.945,0.324,0.603,68.526
92.260,33.023,0.292,0.603,68.389
92.280,33.650,0.266,0.603,68.216
92.300,33.779,0.230,0.603,68.020
92.320,33.428,0.201,0.603,67.812
92.340,32.578,0.160,0.603,67.605
92.360,31.242,0.128,0.603,67.413
92.380,29.467,0.088,0.603,67.247
92.400,27.287,0.060,0.603,67.119
92.420,24.668,0.024,0.603,67.034
92.440,21.703,-0.009,0.603,66.998
92.460,18.439,-0.041,0.603,67.017
92.480,14.865,-0.067,0.603,67.087
92.500,11.109,-0.096,0.603,67.208
92.520,7.195,-0.108,0.603,67.371
92.540,3.176,-0.141,0.603,67.566
92.560,-0.891,-0.141,0.603,67.789
92.580,-4.951,-0.163,0.603,68.017
92.600,-8.941,-0.156,0.603,68.246
92.620,-12.791,-0.174,0.603,68.455
92.640,-16.453,-0.157,0.603,68.640
92.660,-19.887,-0.158,0.603,68.783
92.680,-22.986,-0.141,0.603,68.878
92.700,-25.758,-0.133,0.603,68.919
92.720,-28.154,-0.110,0.603,68.904
92.740,-30.164,-0.088,0.603,68.834
92.760,-31.717,-0.062,0.603,68.712
92.780,-32.766,-0.037,0.603,68.544
92.800,-33.334,-0.004,0.603,68.342
92.820,-33.428,0.027,0.603,68.117
92.840,-33.041,0.057,0.603,67.880
92.860,-32.180,0.098,0.603,67.646
92.880,-30.820,0.127,0.603,67.426
92.900,-29.004,0.173,0.603,67.233
92.920,-26.754,0.196,0.603,67.078
92.940,-24.129,0.238,0.603,66.968
92.960,-21.117,0.265,0.603,66.907
92.980,-17.812,0.303,0.603,66.900
93.000,-14.244,0.322,0.603,66.946
93.020,-10.441,0.356,0.603,67.039
93.040,-6.510,0.371,0.603,67.177
93.060,-2.449,0.395,0.603,67.345
93.080,1.623,0.407,0.603,67.542
93.100,5.672,0.419,0.603,67.745
93.120,9.633,0.423,0.603,67.948
93.140,13.500,0.427,0.603,68.134
93.160,17.127,0.419,0.603,68.294
93.180,20.502,0.414,0.603,68.417
93.200,23.619,0.402,0.603,68.494
93.220,26.355,0.385,0.603,68.520
93.240,28.705,0.367,0.603,68.491
93.260,30.639,0.341,0.603,68.408
93.280,32.145,0.319,0.603,68.276
93.300,33.152,0.286,0.603,68.103
93.320,33.697,0.258,0.603,67.896
93.340,33.750,0.226,0.603,67.670
93.360,33.322,0.190,0.603,67.435
93.380,32.396,0.156,0.603,67.205
93.400,31.020,0.120,0.603,66.993
93.420,29.162,0.080,0.603,66.810
93.440,26.936,0.044,0.603,66.667
93.460,24.246,0.016,0.603,66.571
93.480,21.234,-0.022,0.603,66.526
93.500,17.936,-0.045,0.603,66.540
93.520,14.332,-0.084,0.603,66.604
93.540,10.535,-0.095,0.603,66.725
93.560,6.615,-0.130,0.603,66.881
93.580,2.572,-0.133,0.603,67.082
93.600,-1.488,-0.162,0.603,67.299
93.620,-5.525,-0.159,0.603,67.537
93.640,-9.527,-0.176,0.606,67.763
93.660,-13.318,-0.165,0.606,67.986
93.680,-16.951,-0.173,0.606,68.170
93.700,-20.355,-0.157,0.606,68.327
93.720,-23.408,-0.153,0.606,68.430
93.740,-26.145,-0.132,0.606,68.486
93.760,-28.465,-0.116,0.606,68.484
93.780,-30.404,-0.089,0.606,68.430
93.800,-31.863,-0.062,0.606,68.327
93.820,-32.877,-0.037,0.606,68.181
93.840,-33.346,-0.002,0.606,68.005
93.860,-33.381,0.022,0.606,67.808
93.880,-32.930,0.062,0.606,67.603
93.900,-31.969,0.093,0.606,67.403
93.920,-30.568,0.131,0.606,67.221
93.940,-28.676,0.168,0.606,67.069
93.960,-26.391,0.203,0.606,66.955
93.980,-23.684,0.240,0.606,66.889
94.000,-20.619,0.269,0.606,66.875
94.020,-17.285,0.302,0.606,66.915
94.040,-13.693,0.325,0.606,67.007
94.060,-9.855,0.354,0.606,67.330
94.080,-5.895,0.373,0.606,67.330
94.100,-1.840,0.395,0.606,67.546
94.120,2.238,0.402,0.606,67.783
94.140,6.270,0.420,0.606,68.026
94.160,10.236,0.420,0.606,68.268
94.180,14.051,0.426,0.606,68.491
94.200,17.648,0.415,0.606,68.683
94.220,20.988,0.414,0.606,68.833
94.240,24.059,0.397,0.606,68.934
94.260,26.719,0.383,0.606,68.980
94.280,29.021,0.364,0.606,68.969
94.300,30.896,0.340,0.606,68.902
94.320,32.326,0.314,0.606,68.784
94.340,33.275,0.281,0.606,68.623
94.360,33.744,0.252,0.606,68.429
94.380,33.709,0.224,0.606,68.214
94.400,33.217,0.183,0.606,67.991
94.420,32.221,0.151,0.606,67.772
94.440,30.773,0.113,0.606,67.570
94.460,28.857,0.077,0.606,67.397
94.480,26.555,0.045,0.606,67.263
94.500,23.807,0.007,0.606,67.175
94.520,20.748,-0.018,0.606,67.138
94.540,17.385,-0.056,0.606,67.153
94.560,13.758,-0.075,0.606,67.220
94.580,9.937,-0.102,0.606,67.334
94.600,5.994,-0.123,0.606,67.488
94.620,1.951,-0.145,0.606,67.673
94.640,-2.115,-0.153,0.606,67.879
94.660,-6.164,-0.162,0.606,68.091
94.680,-10.137,-0.164,0.606,68.295
94.700,-13.922,-0.168,0.606,68.481
94.720,-17.496,-0.161,0.606,68.634
94.740,-20.865,-0.157,0.606,68.748
94.760,-23.889,-0.142,0.606,68.810
94.780,-26.549,-0.126,0.606,68.823
94.800,-28.834,-0.105,0.606,68.777
94.820,-30.697,-0.082,0.606,68.677
94.840,-32.074,-0.055,0.606,68.528
94.860,-33.018,-0.027,0.606,68.340
94.880,-33.398,0.003,0.606,68.120
94.900,-33.387,0.036,0.606,67.883
94.920,-32.883,0.070,0.606,67.639
94.940,-31.834,0.106,0.606,67.402
94.960,-30.340,0.143,0.606,67.186
94.980,-28.377,0.181,0.606,67.000
95.000,-26.039,0.212,0.606,66.856
95.020,-23.291,0.250,0.606,66.760
95.040,-20.156,0.273,0.603,66.717
95.060,-16.787,0.314,0.603,66.726
95.080,-13.143,0.334,0.603,66.793
95.100,-9.293,0.362,0.603,66.903
95.120,-5.291,0.382,0.603,67.061
95.140,-1.213,0.404,0.603,67.246
95.160,2.842,0.414,0.603,67.459
95.180,6.867,0.422,0.603,67.673
95.200,10.805,0.426,0.603,67.889
95.220,14.607,0.428,0.604,68.081
95.240,18.176,0.420,0.604,68.248
95.260,21.475,0.420,0.604,68.371
95.280,24.480,0.389,0.604,68.454
95.300,27.100,0.397,0.604,68.452
95.320,29.332,0.349,0.604,68.452
95.340,31.131,0.348,0.604,68.367
95.360,32.502,0.303,0.604,68.243
95.380,33.375,0.290,0.604,68.075
95.400,33.779,0.233,0.604,67.882
95.420,33.668,0.228,0.604,67.668
95.440,33.094,0.166,0.604,67.454
95.460,32.021,0.154,0.604,67.246
95.480,30.504,0.100,0.604,67.061
95.500,28.547,0.081,0.604,66.908
95.520,26.162,0.033,0.604,66.797
95.540,23.373,0.006,0.604,66.736
95.560,20.256,-0.027,0.604,66.730
95.580,16.869,-0.055,0.604,66.775
95.600,13.213,-0.081,0.604,66.876
95.620,9.375,-0.105,0.604,67.023
95.640,5.391,-0.131,0.604,67.213
95.660,1.359,-0.141,0.604,67.436
95.680,-2.695,-0.162,0.604,67.677
95.700,-6.732,-0.156,0.604,67.927
95.720,-10.693,-0.181,0.609,68.164
95.740,-14.473,-0.158,0.609,68.390
95.760,-18.006,-0.177,0.609,68.572
95.780,-21.293,-0.145,0.609,68.724
95.800,-24.275,-0.151,0.609,68.815
95.820,-26.889,-0.118,0.609,68.861
95.840,-29.115,-0.110,0.609,68.843
95.860,-30.902,-0.080,0.609,68.778
95.880,-32.215,-0.058,0.609,68.660
95.900,-33.064,-0.026,0.609,68.505
95.920,-33.387,0.008,0.609,68.320
95.940,-33.322,0.033,0.609,68.115
95.960,-32.713,0.078,0.609,67.907
95.980,-31.623,0.095,0.609,67.706
96.000,-30.035,0.153,0.609,67.525
96.020,-28.020,0.169,0.609,67.377
96.040,-25.617,0.220,0.609,67.267
96.060,-22.822,0.238,0.609,67.209
96.080,-19.658,0.286,0.609,67.197
96.100,-16.230,0.299,0.609,67.245
96.120,-12.533,0.343,0.609,67.334
96.140,-8.689,0.352,0.609,67.480
96.160,-4.664,0.386,0.609,67.652
96.180,-0.615,0.389,0.609,67.865
96.200,3.451,0.418,0.609,68.081
96.220,7.500,0.410,0.609,68.316
96.240,11.385,0.430,0.611,68.525
96.260,15.164,0.413,0.611,68.726
96.280,18.680,0.424,0.611,68.880
96.300,21.943,0.401,0.611,69.002
96.320,24.920,0.397,0.611,69.062
96.340,27.463,0.374,0.611,69.073
96.360,29.637,0.356,0.611,69.023
96.380,31.371,0.331,0.611,68.921
96.400,32.660,0.307,0.611,68.771
96.420,33.463,0.273,0.611,68.581
96.440,33.785,0.241,0.611,68.363
96.460,33.615,0.211,0.611,68.126
96.480,32.959,0.170,0.611,67.886
96.500,31.834,0.143,0.611,67.655
96.520,30.246,0.099,0.611,67.445
96.540,28.213,0.068,0.611,67.268
96.560,25.764,0.029,0.611,67.133
96.580,22.928,-0.000,0.611,67.046
96.600,19.764,-0.032,0.611,67.011
96.620,16.330,-0.068,0.611,67.028
96.640,12.645,-0.087,0.611,67.100
96.660,8.789,-0.112,0.611,67.215
96.680,4.799,-0.132,0.611,67.370
96.700,0.738,-0.147,0.611,67.551
96.720,-3.340,-0.160,0.611,67.753
96.740,-7.342,-0.167,0.611,67.957
96.760,-11.273,-0.171,0.611,68.326
96.780,-15.018,-0.171,0.611,68.326
96.800,-18.527,-0.163,0.611,68.470
96.820,-21.779,-0.158,0.611,68.566
96.840,-24.686,-0.137,0.611,68.617
96.860,-27.252,-0.128,0.611,68.611
96.880,-29.420,-0.096,0.611,68.554
96.900,-31.148,-0.083,0.611,68.442
96.920,-32.402,-0.045,0.611,68.287
96.940,-33.176,-0.025,0.611,68.092
96.960,-33.416,0.012,0.611,67.875
96.980,-33.270,0.039,0.611,67.641
97.000,-32.602,0.079,0.611,67.407
97.020,-31.453,0.112,0.611,67.184
97.040,-29.801,0.151,0.611,66.985
97.060,-27.721,0.188,0.611,66.821
97.080,-25.242,0.224,0.611,66.702
97.100,-22.377,0.260,0.611,66.632
97.120,-19.184,0.282,0.611,66.620
97.140,-15.715,0.323,0.611,66.657
97.160,-11.994,0.336,0.611,66.752
97.180,-8.115,0.373,0.611,66.888
97.200,-4.084,0.378,0.611,67.073
97.220,-0.023,0.410,0.611,67.277
97.240,4.055,0.411,0.611,67.508
97.260,8.062,0.428,0.611,67.735
97.280,11.971,0.420,0.611,67.961
97.300,15.697,0.428,0.611,68.157
97.320,19.172,0.414,0.611,68.327
97.340,22.400,0.418,0.611,68.449
97.360,25.318,0.389,0.611,68.528
97.380,27.809,0.383,0.611,68.545
97.400,29.918,0.348,0.611,68.513
97.420,31.594,0.340,0.611,68.425
97.440,32.807,0.298,0.611,68.296
97.460,33.539,0.277,0.611,68.127
97.480,33.791,0.240,0.611,67.933
97.500,33.557,0.210,0.611,67.724
97.520,32.824,0.172,0.611,67.515
97.540,31.617,0.137,0.611,67.316
97.560,29.965,0.100,0.611,67.142
97.580,27.879,0.066,0.611,67.002
97.600,25.348,0.034,0.611,66.906
97.620,22.465,-0.004,0.611,66.858
97.640,19.271,-0.028,0.611,66.866
97.660,15.779,-0.066,0.611,66.923
97.680,12.064,-0.080,0.611,67.036
97.700,8.191,-0.113,0.611,67.188
97.720,4.195,-0.123,0.611,67.384
97.740,0.129,-0.149,0.611,67.600
97.760,-3.943,-0.150,0.611,67.835
97.780,-7.963,-0.164,0.611,68.065
97.800,-11.842,-0.162,0.611,68.288
97.820,-15.562,-0.162,0.611,68.482
97.840,-19.025,-0.160,0.611,68.644
97.860,-22.254,-0.148,0.611,68.754
97.880,-25.119,-0.133,0.611,68.821
97.900,-27.586,-0.117,0.611,68.820
97.920,-29.695,-0.094,0.611,68.774
97.940,-31.348,-0.071,0.611,68.666
97.960,-32.543,-0.042,0.611,68.518
97.980,-33.223,-0.013,0.611,68.325
98.000,-33.445,0.016,0.611,68.112
98.020,-33.187,0.049,0.611,67.880
98.040,-32.432,0.081,0.611,67.649
98.060,-31.213,0.123,0.611,67.429
98.080,-29.490,0.156,0.611,67.233
98.100,-27.369,0.194,0.611,67.072
98.120,-24.838,0.227,0.611,66.953
98.140,-21.885,0.257,0.611,66.883
98.160,-18.650,0.294,0.611,66.864
98.180,-15.158,0.319,0.611,66.899
98.200,-11.408,0.344,0.611,66.982
98.220,-7.482,0.369,0.611,67.112
98.240,-3.457,0.388,0.611,67.274
98.260,0.598,0.405,0.611,67.467
98.280,4.682,0.418,0.611,67.667
98.300,8.660,0.423,0.611,67.879
98.320,12.545,0.424,0.611,68.066
98.340,16.248,0.421,0.611,68.240
98.360,19.705,0.419,0.611,68.366
98.380,22.875,0.403,0.611,68.459
98.400,25.723,0.392,0.611,68.490
98.420,28.154,0.371,0.611,68.474
98.440,30.211,0.348,0.611,68.401
98.460,31.816,0.325,0.611,68.278
98.480,32.953,0.294,0.611,68.111
98.500,33.615,0.266,0.611,67.907
98.520,33.791,0.232,0.611,67.682
98.540,33.480,0.198,0.611,67.443
98.560,32.672,0.161,0.611,67.207
98.580,31.400,0.124,0.611,66.984
98.600,29.666,0.090,0.611,66.788
98.620,27.533,0.053,0.611,66.631
98.640,24.943,0.023,0.611,66.516
98.660,22.008,-0.014,0.611,66.456
98.680,18.773,-0.042,0.611,66.448
98.700,15.240,-0.074,0.611,66.498
98.720,11.490,-0.096,0.611,66.597
98.740,7.594,-0.119,0.611,66.745
98.760,3.586,-0.135,0.611,66.926
98.780,-0.463,-0.155,0.611,67.141
98.800,-4.529,-0.158,0.611,67.366
98.820,-8.537,-0.174,0.611,67.597
98.840,-12.410,-0.171,0.611,67.813
98.860,-16.061,-0.172,0.611,68.011
98.880,-19.518,-0.160,0.611,68.169
98.900,-22.687,-0.152,0.611,68.284
98.920,-25.471,-0.139,0.611,68.348
98.940,-27.949,-0.120,0.611,68.361
98.960,-29.977,-0.095,0.611,68.319
98.980,-31.547,-0.073,0.611,68.227
99.000,-32.654,-0.039,0.611,68.091
99.020,-33.252,-0.013,0.611,67.920
99.040,-33.428,0.018,0.611,67.728
99.060,-33.094,0.054,0.611,67.524
99.080,-32.256,0.085,0.611,67.322
99.100,-30.949,0.125,0.611,67.136
99.120,-29.180,0.157,0.611,66.976
99.140,-26.982,0.195,0.611,66.854
99.160,-24.387,0.231,0.611,66.778
99.180,-21.416,0.261,0.611,66.753
99.200,-18.141,0.291,0.611,66.783
99.220,-14.596,0.322,0.611,66.865
99.240,-10.834,0.345,0.611,66.998
99.260,-6.885,0.370,0.611,67.175
99.280,-2.854,0.386,0.611,67.388
99.300,1.213,0.405,0.611,67.624
99.320,5.285,0.413,0.611,67.874
99.340,9.252,0.425,0.611,68.122
99.360,13.119,0.423,0.611,68.358
99.380,16.787,0.424,0.611,68.563
99.400,20.186,0.412,0.611,68.734
99.420,23.332,0.402,0.611,68.851
99.440,26.109,0.385,0.611,68.919
99.460,28.494,0.370,0.611,68.925
99.480,30.475,0.343,0.611,68.881
99.500,32.004,0.323,0.611,68.779
99.520,33.076,0.289,0.611,68.637
99.540,33.668,0.266,0.611,68.456
99.560,33.768,0.226,0.611,68.253
99.580,33.393,0.195,0.611,68.036
99.600,32.496,0.158,0.611,67.821
99.620,31.160,0.124,0.611,67.620
99.640,29.367,0.087,0.611,67.445
99.660,27.164,0.056,0.611,67.306
99.680,24.521,0.017,0.611,67.212
99.700,21.539,-0.012,0.611,67.167
99.720,18.258,-0.043,0.611,67.175
99.740,14.695,-0.073,0.611,67.232
99.760,10.910,-0.093,0.611,67.342
99.780,6.979,-0.116,0.611,67.671
99.800,2.959,-0.134,0.611,67.671
99.820,-1.113,-0.151,0.611,67.873
99.840,-5.162,-0.156,0.611,68.090
99.860,-9.158,-0.167,0.611,68.296
99.880,-13.014,-0.163,0.611,68.492
99.900,-16.641,-0.164,0.611,68.652
99.920,-20.057,-0.157,0.611,68.782
99.940,-23.168,-0.145,0.611,68.857
99.960,-25.910,-0.132,0.611,68.884
99.980,-28.312,-0.111,0.611,68.849
100.000,-30.264,-0.086,0.611,68.766
100.020,-31.787,-0.062,0.611,68.626
100.040,-32.842,-0.033,0.611,68.446
100.060,-33.316,-0.002,0.611,68.231
100.080,-33.434,0.033,0.611,67.995
100.100,-33.035,0.062,0.611,67.749
100.120,-32.145,0.100,0.611,67.506
100.140,-30.773,0.133,0.611,67.280
100.160,-28.904,0.170,0.611,67.083
100.180,-26.648,0.203,0.611,66.924
100.200,-23.988,0.244,0.611,66.811
100.220,-20.971,0.270,0.611,66.750
100.240,-17.643,0.307,0.611,66.745
100.260,-14.062,0.328,0.611,66.790
100.280,-10.260,0.356,0.611,66.887
100.300,-6.305,0.375,0.611,67.025
100.320,-2.244,0.398,0.611,67.201
100.340,1.828,0.413,0.611,67.398
100.360,5.877,0.420,0.611,67.611
100.380,9.850,0.426,0.611,67.819
100.400,13.682,0.425,0.611,68.013
100.420,17.303,0.424,0.611,68.181
100.440,20.672,0.417,0.611,68.313
100.460,23.783,0.403,0.611,68.398
100.480,26.502,0.386,0.611,68.432
100.500,28.828,0.367,0.611,68.412
100.520,30.732,0.346,0.611,68.340
100.540,32.203,0.319,0.611,68.220
100.560,33.199,0.287,0.611,67.866
100.580,33.715,0.262,0.611,67.866
100.600,33.738,0.221,0.611,67.655
100.620,33.281,0.193,0.611,67.436
100.640,32.332,0.154,0.611,67.222
100.660,30.926,0.118,0.611,67.027
100.680,29.057,0.082,0.611,66.863
100.700,26.801,0.051,0.611,66.739
100.720,24.094,0.016,0.607,66.662
100.740,21.059,-0.016,0.607,66.639
100.760,17.742,-0.050,0.604,66.670
100.780,14.133,-0.076,0.604,66.756
100.800,10.342,-0.102,0.604,66.892
100.820,6.393,-0.118,0.604,67.073
100.840,2.355,-0.138,0.604,67.286
100.860,-1.723,-0.152,0.604,67.524
100.880,-5.754,-0.162,0.604,67.771
100.900,-9.715,-0.169,0.604,68.015
100.920,-13.523,-0.166,0.604,68.243
100.940,-17.115,-0.162,0.604,68.442
100.960,-20.520,-0.152,0.604,68.599
100.980,-23.566,-0.147,0.604,68.708
101.000,-26.262,-0.132,0.604,68.766
101.020,-28.588,-0.112,0.604,68.769
101.040,-30.480,-0.087,0.604,68.717
101.060,-31.951,-0.061,0.604,68.614
101.080,-32.918,-0.033,0.604,68.468
101.100,-33.340,-0.004,0.604,68.290
101.120,-33.357,0.032,0.604,68.091
101.140,-32.871,0.058,0.604,67.883
101.160,-31.939,0.100,0.604,67.681
101.180,-30.475,0.129,0.604,67.495
101.200,-28.564,0.170,0.604,67.339
101.220,-26.244,0.200,0.604,67.221
101.240,-23.531,0.237,0.603,67.148
101.260,-20.467,0.267,0.603,67.127
101.280,-17.092,0.302,0.603,67.158
101.300,-13.488,0.328,0.603,67.240
101.320,-9.662,0.354,0.603,67.370
101.340,-5.678,0.373,0.603,67.539
101.360,-1.623,0.397,0.603,67.740
101.380,2.467,0.404,0.603,67.960
101.400,6.498,0.419,0.603,68.187
101.420,10.418,0.423,0.603,68.409
101.440,14.262,0.423,0.603,68.612
101.460,17.842,0.420,0.603,68.779
101.480,21.158,0.412,0.603,68.907
101.500,24.217,0.398,0.603,68.985
101.520,26.871,0.383,0.603,69.007
101.540,29.145,0.359,0.603,68.971
101.560,30.973,0.337,0.603,68.880
101.580,32.385,0.311,0.603,68.738
101.600,33.305,0.281,0.603,68.555
101.620,33.750,0.251,0.603,68.340
101.640,33.697,0.215,0.603,68.105
101.660,33.164,0.185,0.603,67.862
101.680,32.150,0.145,0.603,67.625
101.700,30.662,0.112,0.603,67.407
101.720,28.740,0.072,0.603,67.218
101.740,26.420,0.045,0.603,67.070
101.760,23.660,0.008,0.603,66.967
101.780,20.572,-0.025,0.603,66.916
101.800,17.209,-0.055,0.603,66.919
101.820,13.564,-0.083,0.603,66.973
101.840,9.756,-0.108,0.603,67.077
101.860,5.795,-0.128,0.603,67.221
101.880,1.746,-0.141,0.603,67.397
101.900,-2.338,-0.158,0.603,67.590
101.920,-6.352,-0.165,0.603,67.796
101.940,-10.318,-0.172,0.603,67.993
101.960,-14.115,-0.166,0.603,68.176
101.980,-17.666,-0.167,0.603,68.322
102.000,-21.012,-0.155,0.603,68.432
102.020,-24.023,-0.149,0.603,68.491
102.040,-26.684,-0.130,0.603,68.503
102.060,-28.939,-0.107,0.603,68.457
102.080,-30.750,-0.080,0.603,68.360
102.100,-32.150,-0.058,0.603,68.213
102.120,-33.041,-0.027,0.603,68.030
102.140,-33.422,0.005,0.603,67.816
102.160,-33.381,0.037,0.603,67.586
102.180,-32.807,0.070,0.603,67.351
102.200,-31.787,0.108,0.603,67.125
102.220,-30.234,0.141,0.603,66.920
102.240,-28.295,0.178,0.603,66.748
102.260,-25.898,0.216,0.603,66.618
102.280,-23.133,0.248,0.603,66.537
102.300,-20.010,0.278,0.600,66.511
102.320,-16.588,0.311,0.600,66.539
102.340,-12.961,0.333,0.600,66.620
102.360,-9.088,0.365,0.600,66.749
102.380,-5.092,0.378,0.600,66.923
102.400,-1.043,0.405,0.600,67.128
102.420,3.041,0.409,0.600,67.355
102.440,7.084,0.426,0.600,67.589
102.460,10.992,0.424,0.600,67.818
102.480,14.801,0.427,0.601,68.028
102.500,18.340,0.422,0.601,68.209
102.520,21.633,0.413,0.601,68.349
102.540,24.633,0.399,0.601,68.442
102.560,27.229,0.383,0.601,68.480
102.580,29.449,0.358,0.601,68.463
102.600,31.207,0.341,0.601,68.392
102.620,32.561,0.309,0.601,68.275
102.640,33.416,0.282,0.601,68.118
102.660,33.773,0.250,0.601,67.932
102.680,33.650,0.217,0.601,67.729
102.700,33.041,0.183,0.601,67.522
102.720,31.963,0.146,0.601,67.323
102.740,30.398,0.112,0.601,67.145
102.760,28.424,0.074,0.601,66.998
102.780,26.027,0.042,0.601,66.895
102.800,23.215,0.007,0.601,66.838
102.820,20.086,-0.026,0.601,66.835
102.840,16.676,-0.053,0.601,66.885
102.860,13.014,-0.079,0.601,66.986
102.880,9.146,-0.104,0.601,67.132
102.900,5.186,-0.121,0.601,67.319
102.920,1.137,-0.141,0.601,67.535
102.940,-2.936,-0.150,0.601,67.769
102.960,-6.961,-0.161,0.601,68.005
102.980,-10.910,-0.165,0.601,68.233
103.000,-14.648,-0.164,0.601,68.440
103.020,-18.199,-0.159,0.601,68.612
103.040,-21.469,-0.150,0.601,68.740
103.060,-24.410,-0.137,0.601,68.816
103.080,-27.035,-0.120,0.601,68.837
103.100,-29.215,-0.100,0.601,68.803
103.120,-30.990,-0.080,0.601,68.713
103.140,-32.291,-0.050,0.601,68.576
103.160,-33.100,-0.022,0.601,68.398
103.180,-33.434,0.012,0.601,68.190
103.200,-33.305,0.041,0.601,67.965
103.220,-32.666,0.075,0.601,67.734
103.240,-31.553,0.112,0.601,67.513
103.260,-29.924,0.149,0.601,67.311
103.280,-27.926,0.186,0.601,67.142
103.300,-25.482,0.216,0.601,67.014
103.320,-22.658,0.257,0.601,66.932
103.340,-19.494,0.279,0.601,66.905
103.360,-16.031,0.316,0.601,66.928
103.380,-12.363,0.337,0.601,67.004
103.400,-8.473,0.365,0.601,67.121
103.420,-4.471,0.381,0.601,67.279
103.440,-0.410,0.403,0.601,67.464
103.460,3.686,0.409,0.601,67.668
103.480,7.693,0.424,0.601,67.874
103.500,11.596,0.422,0.601,68.073
103.520,15.346,0.427,0.601,68.247
103.540,18.873,0.416,0.601,68.388
103.560,22.107,0.410,0.601,68.488
103.580,25.061,0.392,0.601,68.540
103.600,27.592,0.378,0.601,68.535
103.620,29.754,0.355,0.601,68.477
103.640,31.447,0.332,0.601,68.366
103.660,32.713,0.303,0.601,68.209
103.680,33.498,0.271,0.601,68.015
103.700,33.779,0.238,0.601,67.793
103.720,33.598,0.206,0.601,67.556
103.740,32.912,0.173,0.601,67.317
103.760,31.752,0.134,0.601,67.090
103.780,30.117,0.102,0.601,66.886
103.800,28.096,0.059,0.601,66.716
103.820,25.611,0.033,0.599,66.590
103.840,22.775,-0.009,0.599,66.513
103.860,19.600,-0.033,0.599,66.493
103.880,16.148,-0.065,0.599,66.525
103.900,12.457,-0.091,0.599,66.612
103.920,8.590,-0.110,0.599,66.745
103.940,4.600,-0.132,0.599,66.919
103.960,0.533,-0.150,0.599,67.121
103.980,-3.551,-0.159,0.599,67.345
104.000,-7.547,-0.167,0.599,67.573
104.020,-11.455,-0.167,0.599,67.793
104.040,-15.170,-0.169,0.599,67.990
104.060,-18.715,-0.165,0.599,68.157
104.080,-21.943,-0.155,0.599,68.281
104.100,-24.809,-0.144,0.599,68.358
104.120,-27.369,-0.124,0.599,68.380
104.140,-29.479,-0.105,0.599,68.348
104.160,-31.213,-0.075,0.599,68.266
104.180,-32.426,-0.050,0.599,68.136
104.200,-33.141,-0.024,0.599,67.971
104.220,-33.422,0.011,0.599,67.780
104.240,-33.193,0.043,0.599,67.576
104.260,-32.537,0.078,0.599,67.370
104.280,-31.330,0.112,0.599,67.176
104.300,-29.672,0.148,0.599,67.006
104.320,-27.562,0.185,0.599,66.871
104.340,-25.072,0.218,0.599,66.780
104.360,-22.189,0.255,0.599,66.739
104.380,-18.979,0.285,0.599,66.752
104.400,-15.504,0.311,0.599,66.819
104.420,-11.766,0.342,0.599,66.938
104.440,-7.863,0.362,0.599,67.103
104.460,-3.855,0.386,0.599,67.304
104.480,0.205,0.402,0.599,67.535
104.500,4.277,0.410,0.599,67.782
104.520,8.297,0.421,0.599,68.030
104.540,12.164,0.420,0.599,68.264
104.560,15.891,0.423,0.599,68.476
104.580,19.377,0.414,0.599,68.652
104.600,22.564,0.406,0.599,68.783
104.620,25.471,0.394,0.599,68.862
104.640,27.932,0.377,0.599,68.885
104.660,30.035,0.352,0.599,68.850
104.680,31.670,0.331,0.599,68.762
104.700,32.865,0.300,0.599,68.627
104.720,33.574,0.273,0.599,68.453
104.740,33.791,0.236,0.599,68.252
104.760,33.527,0.207,0.599,68.036
104.780,32.754,0.166,0.599,67.817
104.800,31.535,0.137,0.599,67.610
104.820,29.836,0.095,0.599,67.425
104.840,27.756,0.063,0.599,67.276
104.860,25.213,0.029,0.599,67.167
104.880,22.312,-0.004,0.599,67.107
104.900,19.096,-0.035,0.599,67.100
104.920,15.580,-0.062,0.599,67.143
104.940,11.865,-0.094,0.599,67.237
104.960,7.975,-0.108,0.599,67.375
104.980,3.979,-0.134,0.599,67.548
105.000,-0.094,-0.143,0.599,67.745
105.020,-4.154,-0.162,0.599,67.956
105.040,-8.156,-0.163,0.599,68.168
105.060,-12.041,-0.168,0.599,68.365
105.080,-15.732,-0.164,0.599,68.537
105.100,-19.219,-0.160,0.599,68.671
105.120,-22.400,-0.146,0.599,68.760
105.140,-25.248,-0.136,0.599,68.795
105.160,-27.715,-0.112,0.599,68.775
105.180,-29.795,-0.096,0.599,68.700
105.200,-31.436,-0.068,0.599,68.574
105.220,-32.584,-0.042,0.599,68.401
105.240,-33.240,-0.013,0.599,68.192
105.260,-33.445,0.026,0.599,67.959
105.280,-33.135,0.051,0.599,67.712
105.300,-32.385,0.093,0.599,67.467
105.320,-31.113,0.120,0.599,67.234
105.340,-29.391,0.163,0.599,67.027
105.360,-27.234,0.190,0.599,66.856
105.380,-24.662,0.233,0.599,66.728
105.400,-21.738,0.261,0.599,66.653
105.420,-18.469,0.295,0.599,66.630
105.440,-14.965,0.323,0.599,66.662
105.460,-11.197,0.349,0.599,66.744
105.480,-7.271,0.369,0.599,66.871
105.500,-3.234,0.395,0.599,67.035
105.520,0.832,0.406,0.599,67.228
105.540,4.881,0.420,0.599,67.434
105.560,8.877,0.425,0.599,67.645
105.580,12.744,0.425,0.599,67.842
105.600,16.436,0.427,0.599,68.015
105.620,19.875,0.415,0.599,68.155
105.640,23.039,0.410,0.599,68.249
105.660,25.863,0.390,0.599,68.295
105.680,28.271,0.369,0.599,68.286
105.700,30.305,0.351,0.599,68.225
105.720,31.881,0.326,0.599,68.114
105.740,32.994,0.294,0.599,67.962
105.760,33.645,0.265,0.599,67.773
105.780,33.779,0.230,0.599,67.563
105.800,33.451,0.200,0.599,67.123
105.820,32.619,0.164,0.599,67.123
105.840,31.324,0.129,0.599,66.745
105.860,29.549,0.091,0.599,66.745
105.880,27.404,0.055,0.599,66.607
105.900,24.803,0.025,0.599,66.517
105.920,21.844,-0.014,0.599,66.475
105.940,18.604,-0.042,0.599,66.493
105.960,15.047,-0.074,0.599,66.562
105.980,11.303,-0.095,0.599,66.686
106.000,7.383,-0.117,0.599,66.852
106.020,3.375,-0.137,0.599,67.057
106.040,-0.680,-0.149,0.599,67.286
106.060,-4.723,-0.161,0.599,67.531
106.080,-8.748,-0.166,0.599,67.775
106.100,-12.598,-0.167,0.599,68.008
106.120,-16.242,-0.166,0.599,68.212
106.140,-19.670,-0.160,0.599,68.382
106.160,-22.811,-0.151,0.599,68.504
106.180,-25.635,-0.136,0.599,68.577
106.200,-28.025,-0.120,0.599,68.593
106.220,-30.059,-0.096,0.599,68.557
106.240,-31.600,-0.067,0.599,68.468
106.260,-32.684,-0.045,0.599,68.333
106.280,-33.270,-0.013,0.599,68.164
106.300,-33.416,0.019,0.599,67.971
106.320,-33.047,0.052,0.599,67.767
106.340,-32.203,0.087,0.599,67.564
106.360,-30.867,0.121,0.599,67.377
106.380,-29.086,0.161,0.599,67.215
106.400,-26.854,0.197,0.599,67.090
106.420,-24.234,0.230,0.599,67.011
106.440,-21.252,0.262,0.599,66.981
106.460,-17.947,0.291,0.599,67.003
106.480,-14.391,0.323,0.599,67.078
106.500,-10.605,0.344,0.599,67.201
106.520,-6.674,0.369,0.599,67.365
106.540,-2.631,0.390,0.599,67.566
106.560,1.441,0.405,0.599,67.788
106.580,5.502,0.414,0.599,68.021
106.600,9.451,0.419,0.599,68.249
106.620,13.330,0.423,0.599,68.461
106.640,16.975,0.423,0.599,68.646
106.660,20.373,0.410,0.599,68.792
106.680,23.490,0.403,0.599,68.889
106.700,26.256,0.385,0.599,68.933
106.720,28.611,0.367,0.599,68.919
106.740,30.562,0.345,0.599,68.848
106.760,32.086,0.318,0.599,68.726
106.780,33.117,0.289,0.599,68.560
106.800,33.686,0.257,0.599,68.358
106.820,33.762,0.226,0.599,68.133
106.840,33.363,0.192,0.599,67.897
106.860,32.437,0.154,0.599,67.663
106.880,31.090,0.121,0.599,67.445
106.900,29.256,0.079,0.599,67.253
106.920,27.047,0.050,0.599,67.098
106.940,24.381,0.014,0.595,66.989
106.960,21.369,-0.021,0.595,66.930
106.980,18.088,-0.046,0.595,66.924
107.000,14.502,-0.077,0.595,66.970
107.020,10.717,-0.099,0.595,67.065
107.040,6.797,-0.124,0.595,67.203
107.060,2.766,-0.141,0.595,67.376
107.080,-1.307,-0.153,0.595,67.569
107.100,-5.344,-0.165,0.595,67.774
107.120,-9.334,-0.168,0.595,67.975
107.140,-13.166,-0.170,0.597,68.162
107.160,-16.799,-0.166,0.597,68.320
107.180,-20.191,-0.162,0.597,68.440
107.200,-23.285,-0.148,0.597,68.516
107.220,-26.021,-0.129,0.597,68.539
107.240,-28.377,-0.112,0.597,68.505
107.260,-30.352,-0.091,0.597,68.421
107.280,-31.822,-0.066,0.597,68.287
107.300,-32.824,-0.036,0.597,68.112
107.320,-33.328,-0.001,0.597,67.903
107.340,-33.375,0.029,0.597,67.674
107.360,-32.982,0.062,0.597,67.438
107.380,-32.051,0.099,0.597,67.207
107.400,-30.650,0.131,0.597,66.810
107.420,-28.781,0.174,0.597,66.810
107.440,-26.490,0.203,0.597,66.667
107.460,-23.824,0.240,0.597,66.570
107.480,-20.783,0.268,0.597,66.527
107.500,-17.443,0.303,0.597,66.537
107.520,-13.857,0.324,0.597,66.605
107.540,-10.031,0.354,0.597,66.717
107.560,-6.082,0.374,0.597,66.878
107.580,-2.039,0.396,0.597,67.070
107.600,2.057,0.406,0.597,67.291
107.620,6.094,0.421,0.597,67.519
107.640,10.043,0.423,0.597,67.749
107.660,13.887,0.427,0.597,67.960
107.680,17.490,0.421,0.597,68.147
107.700,20.848,0.416,0.597,68.292
107.720,23.936,0.406,0.597,68.394
107.740,26.625,0.389,0.597,68.442
107.760,28.928,0.367,0.597,68.439
107.780,30.820,0.346,0.597,68.379
107.800,32.268,0.315,0.597,68.271
107.820,33.240,0.288,0.597,68.121
107.840,33.727,0.257,0.597,67.938
107.860,33.721,0.228,0.597,67.737
107.880,33.264,0.189,0.597,67.527
107.900,32.268,0.157,0.597,67.323
107.920,30.832,0.123,0.597,67.138
107.940,28.951,0.079,0.597,66.981
107.960,26.678,0.048,0.597,66.865
107.980,23.953,0.012,0.597,66.794
108.000,20.883,-0.017,0.597,66.777
108.020,17.561,-0.049,0.597,66.812
108.040,13.934,-0.076,0.597,66.901
108.060,10.148,-0.100,0.597,67.037
108.080,6.199,-0.119,0.597,67.216
108.100,2.156,-0.134,0.597,67.425
108.120,-1.910,-0.150,0.597,67.655
108.140,-5.941,-0.161,0.597,67.894
108.160,-9.926,-0.166,0.597,68.126
108.180,-13.693,-0.166,0.597,68.342
108.200,-17.314,-0.162,0.597,68.524
108.220,-20.684,-0.155,0.597,68.759
108.240,-23.707,-0.141,0.597,68.759
108.260,-26.391,-0.133,0.597,68.795
108.280,-28.687,-0.108,0.597,68.707
108.300,-30.574,-0.083,0.597,68.707
108.320,-31.992,-0.054,0.597,68.582
108.340,-32.941,-0.033,0.597,68.414
108.360,-33.357,0.005,0.597,68.215
108.380,-33.352,0.032,0.597,67.995
108.400,-32.848,0.070,0.597,67.768
108.420,-31.857,0.103,0.597,67.545
108.440,-30.387,0.140,0.597,67.341
108.460,-28.447,0.173,0.597,67.166
108.480,-26.098,0.207,0.597,67.029
108.500,-23.379,0.245,0.597,66.939
108.520,-20.285,0.269,0.597,66.900
108.540,-16.904,0.310,0.597,66.913
108.560,-13.295,0.328,0.597,66.979
108.580,-9.434,0.361,0.597,67.089
108.600,-5.449,0.377,0.597,67.244
108.620,-1.395,0.399,0.597,67.426
108.640,2.666,0.406,0.597,67.630
108.660,6.715,0.423,0.597,67.838
108.680,10.635,0.417,0.597,68.043
108.700,14.455,0.425,0.597,68.225
108.720,18.018,0.414,0.597,68.380
108.740,21.328,0.414,0.597,68.491
108.760,24.375,0.394,0.597,68.558
108.780,26.988,0.381,0.597,68.569
108.800,29.244,0.356,0.597,68.526
108.820,31.066,0.336,0.597,68.427
108.840,32.449,0.307,0.597,68.282
108.860,33.340,0.280,0.597,68.096
108.880,33.750,0.245,0.597,67.881
108.900,33.691,0.214,0.597,67.647
108.920,33.146,0.176,0.597,67.408
108.940,32.092,0.145,0.597,67.176
108.960,30.580,0.108,0.597,66.964
108.980,28.641,0.070,0.597,66.785
109.000,26.285,0.040,0.597,66.647
109.020,23.514,-0.000,0.597,66.557
109.040,20.432,-0.021,0.597,66.522
109.060,17.039,-0.063,0.597,66.539
109.080,13.377,-0.080,0.597,66.612
109.100,9.562,-0.111,0.597,66.731
109.120,5.590,-0.126,0.597,66.896
109.140,1.564,-0.147,0.597,67.090
109.160,-2.525,-0.156,0.597,67.308
109.180,-6.562,-0.169,0.597,67.532
109.200,-10.488,-0.168,0.597,67.753
109.220,-14.262,-0.171,0.598,67.957
109.240,-17.830,-0.162,0.598,68.129
109.260,-21.146,-0.158,0.598,68.261
109.280,-24.123,-0.144,0.598,68.346
109.300,-26.766,-0.129,0.598,68.378
109.320,-28.986,-0.108,0.598,68.358
109.340,-30.814,-0.084,0.598,68.285
109.360,-32.139,-0.059,0.598,68.164
109.380,-33.023,-0.025,0.598,68.005
109.400,-33.404,0.003,0.598,67.816
109.420,-33.287,0.037,0.598,67.611
109.440,-32.725,0.066,0.598,67.402
109.460,-31.658,0.108,0.598,67.202
109.480,-30.117,0.139,0.598,67.023
109.500,-28.119,0.178,0.598,66.877
109.520,-25.717,0.210,0.598,66.773
109.540,-22.939,0.246,0.598,66.719
109.560,-19.787,0.271,0.598,66.716
109.580,-16.383,0.315,0.598,66.768
109.600,-12.727,0.331,0.598,66.875
109.620,-8.871,0.361,0.598,67.028
109.640,-4.863,0.378,0.598,67.223
109.660,-0.791,0.398,0.598,67.446
109.680,3.275,0.410,0.598,67.691
109.700,7.312,0.421,0.598,67.940
109.720,11.215,0.421,0.598,68.183
109.740,14.994,0.425,0.598,68.402
109.760,18.521,0.417,0.598,68.593
109.780,21.797,0.411,0.598,68.738
109.800,24.791,0.394,0.598,68.832
109.820,27.346,0.380,0.598,68.870
109.840,29.543,0.361,0.598,68.854
109.860,31.289,0.336,0.598,68.785
109.880,32.602,0.311,0.598,68.665
109.900,33.434,0.276,0.598,68.505
109.920,33.762,0.248,0.598,68.314
109.940,33.633,0.214,0.598,68.106
109.960,33.006,0.177,0.598,67.892
109.980,31.893,0.142,0.598,67.687
110.000,30.311,0.108,0.598,67.502
110.020,28.307,0.071,0.598,67.348
110.040,25.869,0.038,0.598,67.236
110.060,23.062,0.000,0.598,67.170
110.080,19.916,-0.028,0.598,67.158
110.100,16.494,-0.062,0.598,67.195
110.120,12.814,-0.083,0.598,67.285
110.140,8.959,-0.109,0.598,67.419
110.160,4.986,-0.125,0.598,67.593
110.180,0.932,-0.143,0.598,67.792
110.200,-3.129,-0.155,0.598,68.009
110.220,-7.160,-0.162,0.598,68.228
110.240,-11.092,-0.165,0.598,68.437
110.260,-14.824,-0.165,0.598,68.622
110.280,-18.375,-0.162,0.598,68.774
110.300,-21.621,-0.153,0.598,68.883
110.320,-24.562,-0.138,0.598,68.941
110.340,-27.129,-0.121,0.598,68.942
110.360,-29.320,-0.096,0.598,68.888
110.380,-31.061,-0.071,0.598,68.777
110.400,-32.320,-0.045,0.598,68.618
110.420,-33.117,-0.020,0.598,68.421
110.440,-33.393,0.012,0.598,68.198
110.460,-33.264,0.041,0.598,67.957
110.480,-32.619,0.079,0.598,67.714
110.500,-31.459,0.114,0.598,67.480
110.520,-29.842,0.152,0.598,67.269
110.540,-27.768,0.189,0.598,67.090
110.560,-25.324,0.218,0.598,66.955
110.580,-22.488,0.259,0.598,66.867
110.600,-19.289,0.279,0.598,66.833
110.620,-15.832,0.319,0.598,66.851
110.640,-12.141,0.338,0.598,66.923
110.660,-8.250,0.369,0.598,67.037
110.680,-4.230,0.385,0.598,67.193
110.700,-0.164,0.404,0.598,67.377
110.720,3.891,0.411,0.598,67.581
110.740,7.904,0.423,0.598,67.786
110.760,11.807,0.423,0.598,67.985
110.780,15.551,0.428,0.599,68.160
110.800,19.049,0.412,0.599,68.307
110.820,22.271,0.412,0.599,68.404
110.840,25.213,0.391,0.599,68.462
110.860,27.715,0.380,0.599,68.460
110.880,29.836,0.353,0.599,68.407
110.900,31.518,0.330,0.599,68.299
110.920,32.760,0.300,0.599,68.150
110.940,33.516,0.272,0.599,67.961
110.960,33.785,0.241,0.599,67.748
110.980,33.574,0.205,0.599,67.521
111.000,32.871,0.174,0.599,67.294
111.020,31.687,0.136,0.599,67.078
111.040,30.047,0.100,0.599,66.732
111.060,27.979,0.061,0.599,66.732
111.080,25.482,0.030,0.599,66.622
111.100,22.617,-0.004,0.599,66.560
111.120,19.430,-0.030,0.599,66.556
111.140,15.949,-0.068,0.599,66.602
111.160,12.252,-0.087,0.599,66.707
111.180,8.385,-0.116,0.599,66.855
111.200,4.395,-0.131,0.599,67.047
111.220,0.328,-0.148,0.599,67.263
111.240,-3.727,-0.159,0.599,67.500
111.260,-7.740,-0.167,0.599,67.736
111.280,-11.648,-0.169,0.599,67.967
111.300,-15.363,-0.166,0.599,68.171
111.320,-18.855,-0.164,0.599,68.345
111.340,-22.084,-0.153,0.599,68.474
111.360,-24.949,-0.141,0.599,68.554
111.380,-27.469,-0.124,0.599,68.579
111.400,-29.607,-0.101,0.599,68.550
111.420,-31.277,-0.076,0.599,68.468
111.440,-32.467,-0.049,0.599,68.175
111.460,-33.187,-0.020,0.599,68.175
111.480,-33.398,0.011,0.599,67.985
111.500,-33.199,0.048,0.599,67.779
111.520,-32.479,0.079,0.599,67.573
111.540,-31.254,0.113,0.599,67.379
111.560,-29.578,0.153,0.599,67.208
111.580,-27.445,0.182,0.599,67.073
111.600,-24.932,0.227,0.599,66.981
111.620,-22.037,0.253,0.599,66.938
111.640,-18.820,0.288,0.599,66.949
111.660,-15.328,0.314,0.599,67.011
111.680,-11.561,0.342,0.599,67.125
111.700,-7.658,0.366,0.599,67.283
111.720,-3.639,0.384,0.599,67.479
111.740,0.428,0.401,0.599,67.698
111.760,4.494,0.413,0.599,67.935
111.780,8.484,0.421,0.599,68.169
111.800,12.375,0.423,0.599,68.393
111.820,16.078,0.423,0.599,68.589
111.840,19.541,0.412,0.599,68.750
111.860,22.729,0.409,0.599,68.863
111.880,25.605,0.388,0.599,68.927
111.900,28.055,0.379,0.599,68.931
111.920,30.117,0.344,0.599,68.883
111.940,31.746,0.331,0.599,68.778
111.960,32.912,0.294,0.599,68.628
111.980,33.592,0.272,0.599,68.439
112.000,33.791,0.229,0.599,68.226
112.020,33.504,0.204,0.599,67.997
112.040,32.730,0.160,0.599,67.768
112.060,31.465,0.132,0.599,67.550
112.080,29.754,0.088,0.599,67.357
112.100,27.627,0.062,0.599,67.199
112.120,25.066,0.021,0.599,67.084
112.140,22.137,-0.008,0.599,67.017
112.160,18.926,-0.041,0.599,67.006
112.180,15.393,-0.071,0.599,67.045
112.200,11.643,-0.091,0.599,67.136
112.220,7.758,-0.118,0.599,67.268
112.240,3.756,-0.134,0.599,67.439
112.260,-0.334,-0.151,0.599,67.634
112.280,-4.389,-0.161,0.599,67.844
112.300,-8.385,-0.164,0.599,68.052
112.320,-12.258,-0.170,0.599,68.247
112.340,-15.967,-0.164,0.599,68.418
112.360,-19.430,-0.162,0.599,68.551
112.380,-22.594,-0.150,0.599,68.639
112.400,-25.436,-0.137,0.599,68.677
112.420,-27.861,-0.116,0.599,68.661
112.440,-29.936,-0.092,0.599,68.589
112.460,-31.535,-0.069,0.599,68.467
112.480,-32.678,-0.035,0.599,68.299
112.500,-33.293,-0.011,0.599,68.095
112.520,-33.445,0.024,0.599,67.870
112.540,-33.146,0.051,0.599,67.632
112.560,-32.361,0.089,0.599,67.396
112.580,-31.084,0.124,0.599,67.175
112.600,-29.320,0.163,0.599,66.980
112.620,-27.141,0.191,0.599,66.822
112.640,-24.551,0.230,0.599,66.710
112.660,-21.586,0.263,0.599,66.648
112.680,-18.322,0.294,0.599,66.643
112.700,-14.783,0.324,0.599,66.690
112.720,-11.039,0.347,0.599,66.789
112.740,-7.084,0.375,0.599,66.932
112.760,-3.047,0.388,0.599,67.114
112.780,1.020,0.410,0.599,67.319
112.800,5.086,0.418,0.599,67.542
112.820,9.070,0.427,0.599,67.764
112.840,12.937,0.423,0.599,67.975
112.860,16.617,0.427,0.599,68.160
112.880,20.045,0.418,0.599,68.312
112.900,23.180,0.414,0.599,68.418
112.920,25.998,0.389,0.599,68.476
112.940,28.400,0.377,0.599,68.474
112.960,30.381,0.346,0.599,68.421
112.980,31.945,0.329,0.599,68.315
113.000,33.041,0.293,0.599,68.170
113.020,33.656,0.267,0.599,67.988
113.040,33.785,0.229,0.599,67.786
113.060,33.422,0.199,0.599,67.571
113.080,32.561,0.166,0.599,67.360
113.100,31.236,0.126,0.599,67.164
113.120,29.461,0.090,0.599,66.996
113.140,27.281,0.055,0.599,66.865
113.160,24.662,0.024,0.599,66.780
113.180,21.668,-0.010,0.599,66.745
113.200,18.404,-0.041,0.599,66.766
113.220,14.854,-0.071,0.599,66.838
113.240,11.098,-0.092,0.599,66.965
113.260,7.189,-0.119,0.599,67.131
113.280,3.152,-0.129,0.599,67.337
113.300,-0.902,-0.154,0.599,67.560
113.320,-4.969,-0.156,0.599,67.802
113.340,-8.977,-0.168,0.599,68.036
113.360,-12.809,-0.164,0.599,68.263
113.380,-16.447,-0.166,0.599,68.453
113.400,-19.869,-0.156,0.599,68.612
113.420,-23.004,-0.148,0.599,68.719
113.440,-25.775,-0.131,0.599,68.777
113.460,-28.178,-0.113,0.599,68.776
113.480,-30.176,-0.091,0.599,68.721
113.500,-31.705,-0.066,0.599,68.614
113.520,-32.766,-0.036,0.599,68.463
113.540,-33.311,-0.009,0.599,68.277
113.560,-33.428,0.025,0.599,68.068
113.580,-33.041,0.056,0.599,67.848
113.600,-32.156,0.093,0.599,67.629
113.620,-30.791,0.129,0.599,67.426
113.640,-28.975,0.166,0.599,67.249
113.660,-26.748,0.196,0.599,67.109
113.680,-24.111,0.235,0.599,67.014
113.700,-21.094,0.265,0.599,66.967
113.720,-17.783,0.299,0.599,66.976
113.740,-14.203,0.322,0.599,67.035
113.760,-10.412,0.354,0.599,67.142
113.780,-6.463,0.371,0.599,67.293
113.800,-2.414,0.394,0.599,67.474
113.820,1.664,0.405,0.599,67.681
113.840,5.725,0.418,0.599,67.895
113.860,9.668,0.423,0.599,68.108
113.880,13.512,0.424,0.599,68.303
113.900,17.150,0.417,0.599,68.471
113.920,20.537,0.416,0.599,68.597
113.940,23.648,0.396,0.599,68.680
113.960,26.379,0.389,0.599,68.706
113.980,28.717,0.360,0.599,68.680
114.000,30.645,0.344,0.599,68.596
114.020,32.150,0.313,0.599,68.463
114.040,33.170,0.289,0.599,68.287
114.060,33.703,0.257,0.599,68.079
114.080,33.750,0.226,0.599,67.848
114.100,33.328,0.186,0.599,67.608
114.120,32.391,0.154,0.599,67.372
114.140,31.014,0.117,0.599,67.153
114.160,29.156,0.080,0.599,66.963
114.180,26.912,0.046,0.599,66.812
114.200,24.234,0.013,0.599,66.706
114.220,21.223,-0.021,0.599,66.653
114.240,17.895,-0.051,0.599,66.654
114.260,14.297,-0.075,0.599,66.709
114.280,10.523,-0.101,0.599,66.813
114.300,6.586,-0.122,0.599,67.141
114.320,2.561,-0.140,0.599,67.141
114.340,-1.512,-0.158,0.599,67.346
114.360,-5.555,-0.161,0.599,67.565
114.380,-9.539,-0.171,0.599,67.778
114.400,-13.371,-0.167,0.599,67.979
114.420,-16.975,-0.170,0.599,68.148
114.440,-20.355,-0.157,0.599,68.286
114.460,-23.443,-0.151,0.599,68.372
114.480,-26.139,-0.134,0.599,68.413
114.500,-28.500,-0.113,0.599,68.394
114.520,-30.416,-0.083,0.599,68.326
114.540,-31.875,-0.067,0.599,68.204
114.560,-32.865,-0.032,0.599,68.047
114.580,-33.334,-0.007,0.599,67.853
114.600,-33.393,0.027,0.599,67.643
114.620,-32.947,0.062,0.599,67.424
114.640,-31.986,0.095,0.599,67.211
114.660,-30.562,0.132,0.599,67.017
114.680,-28.676,0.172,0.599,66.853
114.700,-26.379,0.206,0.599,66.729
114.720,-23.689,0.239,0.599,66.653
114.740,-20.631,0.266,0.599,66.630
114.760,-17.268,0.305,0.599,66.660
114.780,-13.676,0.325,0.599,66.746
114.800,-9.861,0.360,0.599,66.879
114.820,-5.871,0.377,0.599,67.059
114.840,-1.828,0.398,0.599,67.271
114.860,2.256,0.407,0.599,67.506
114.880,6.299,0.418,0.599,67.747
114.900,10.248,0.425,0.599,67.987
114.920,14.074,0.424,0.599,68.209
114.940,17.672,0.421,0.599,68.403
114.960,21.018,0.414,0.599,68.556
114.980,24.088,0.402,0.599,68.661
115.000,26.754,0.386,0.599,68.713
115.020,29.039,0.369,0.599,68.708
115.040,30.902,0.339,0.599,68.650
115.060,32.332,0.318,0.599,68.538
115.080,33.275,0.283,0.599,68.388
115.100,33.744,0.257,0.599,68.204
115.120,33.703,0.222,0.599,68.001
115.140,33.205,0.188,0.599,67.789
115.160,32.209,0.153,0.599,67.582
115.180,30.756,0.116,0.599,67.393
115.200,28.852,0.079,0.599,67.234
115.220,26.537,0.046,0.599,67.113
115.240,23.801,0.012,0.599,67.039
115.260,20.730,-0.020,0.599,67.016
115.280,17.367,-0.054,0.599,67.047
115.300,13.729,-0.078,0.599,67.128
115.320,9.932,-0.100,0.599,67.259
115.340,5.953,-0.119,0.599,67.426
115.360,1.916,-0.139,0.599,67.626
115.380,-2.162,-0.154,0.599,67.846
115.400,-6.176,-0.158,0.599,68.074
115.420,-10.148,-0.164,0.599,68.290
115.440,-13.934,-0.162,0.599,68.490
115.460,-17.520,-0.162,0.599,68.656
115.480,-20.883,-0.154,0.599,68.785
115.500,-23.912,-0.140,0.599,68.860
115.520,-26.561,-0.126,0.599,68.882
115.540,-28.852,-0.102,0.599,68.846
115.560,-30.703,-0.083,0.599,68.756
115.580,-32.080,-0.051,0.599,68.616
115.600,-32.994,-0.027,0.599,68.434
115.620,-33.381,0.003,0.599,68.220
115.640,-33.352,0.038,0.599,67.989
115.660,-32.830,0.066,0.599,67.750
115.680,-31.834,0.109,0.599,67.517
115.700,-30.311,0.144,0.599,67.303
115.720,-28.354,0.181,0.599,67.120
115.740,-25.980,0.215,0.599,66.977
115.760,-23.232,0.248,0.599,66.881
115.780,-20.145,0.275,0.598,66.837
115.800,-16.746,0.313,0.598,66.846
115.820,-13.096,0.331,0.598,66.908
115.840,-9.240,0.365,0.598,67.015
115.860,-5.256,0.379,0.598,67.164
115.880,-1.201,0.402,0.598,67.346
115.900,2.877,0.408,0.598,67.547
115.920,6.914,0.423,0.598,67.755
115.940,10.840,0.427,0.598,67.957
115.960,14.625,0.424,0.598,68.143
115.980,18.193,0.420,0.598,68.410
116.000,21.498,0.412,0.598,68.410
116.020,24.521,0.397,0.598,68.475
116.040,27.123,0.383,0.598,68.487
116.060,29.355,0.360,0.598,68.446
116.080,31.148,0.340,0.598,68.352
116.100,32.502,0.311,0.598,68.212
116.120,33.381,0.280,0.598,68.033
116.140,33.779,0.251,0.598,67.824
116.160,33.674,0.211,0.598,67.599
116.180,33.094,0.182,0.598,67.369
116.200,32.021,0.141,0.598,67.148
116.220,30.498,0.110,0.598,66.949
116.240,28.523,0.067,0.598,66.782
116.260,26.150,0.040,0.598,66.659
116.280,23.361,0.003,0.598,66.584
116.300,20.250,-0.028,0.598,66.564
116.320,16.846,-0.062,0.598,66.597
116.340,13.160,-0.080,0.598,66.688
116.360,9.363,-0.110,0.598,66.822
116.380,5.391,-0.125,0.598,67.003
116.400,1.330,-0.144,0.598,67.212
116.420,-2.742,-0.158,0.598,67.444
116.440,-6.779,-0.164,0.598,67.682
116.460,-10.693,-0.170,0.598,67.915
116.480,-14.479,-0.167,0.598,68.127
116.500,-18.012,-0.166,0.598,68.310
116.520,-21.328,-0.154,0.598,68.449
116.540,-24.275,-0.144,0.598,68.543
116.560,-26.895,-0.128,0.598,68.580
116.580,-29.098,-0.106,0.598,68.566
116.600,-30.902,-0.083,0.598,68.497
116.620,-32.215,-0.052,0.598,68.381
116.640,-33.070,-0.029,0.598,68.225
116.660,-33.410,0.004,0.598,68.042
116.680,-33.299,0.033,0.598,67.841
116.700,-32.684,0.072,0.598,67.439
116.720,-31.600,0.107,0.598,67.439
116.740,-30.041,0.145,0.598,67.264
116.760,-28.014,0.176,0.598,67.121
116.780,-25.594,0.215,0.598,67.019
116.800,-22.770,0.245,0.598,66.967
116.820,-19.635,0.281,0.598,66.966
116.840,-16.195,0.308,0.598,67.019
116.860,-12.539,0.336,0.598,67.122
116.880,-8.654,0.360,0.598,67.273
116.900,-4.646,0.380,0.598,67.462
116.920,-0.580,0.403,0.598,67.681
116.940,3.510,0.408,0.598,67.918
116.960,7.512,0.422,0.598,68.157
116.980,11.414,0.421,0.598,68.387
117.000,15.187,0.426,0.598,68.595
117.020,18.715,0.414,0.598,68.769
117.040,21.961,0.414,0.598,68.898
117.060,24.937,0.390,0.598,68.979
117.080,27.475,0.381,0.598,69.000
117.100,29.666,0.353,0.598,68.964
117.120,31.389,0.333,0.598,68.876
117.140,32.666,0.298,0.598,68.737
117.160,33.475,0.278,0.598,68.559
117.180,33.773,0.236,0.598,68.353
117.200,33.621,0.211,0.598,68.128
117.220,32.965,0.171,0.598,67.900
117.240,31.828,0.140,0.598,67.680
117.260,30.217,0.101,0.598,67.481
117.280,28.201,0.067,0.598,67.314
117.300,25.752,0.030,0.598,67.189
117.320,22.898,0.001,0.598,67.112
117.340,19.758,-0.033,0.598,67.087
117.360,16.295,-0.059,0.598,67.113
117.380,12.609,-0.086,0.598,67.193
117.400,8.754,-0.110,0.598,67.316
117.420,4.752,-0.132,0.598,67.479
117.440,0.709,-0.146,0.598,67.668
117.460,-3.357,-0.156,0.598,67.874
117.480,-7.389,-0.165,0.598,68.083
117.500,-11.320,-0.166,0.598,68.282
117.520,-15.053,-0.168,0.598,68.458
117.540,-18.568,-0.161,0.598,68.601
117.560,-21.832,-0.152,0.598,68.700
117.580,-24.715,-0.142,0.598,68.750
117.600,-27.299,-0.118,0.598,68.748
117.620,-29.432,-0.100,0.598,68.685
117.640,-31.160,-0.068,0.598,68.574
117.660,-32.396,-0.053,0.598,68.412
117.680,-33.176,-0.017,0.598,68.217
117.700,-33.439,0.013,0.598,67.994
117.720,-33.252,0.046,0.598,67.757
117.740,-32.602,0.077,0.598,67.518
117.760,-31.441,0.112,0.598,67.290
117.780,-29.783,0.160,0.598,67.086
117.800,-27.709,0.170,0.598,66.918
117.820,-25.254,0.237,0.598,66.789
117.840,-22.354,0.240,0.598,66.717
117.860,-19.160,0.302,0.598,66.692
117.880,-15.674,0.302,0.598,66.730
117.900,-11.965,0.352,0.598,66.809
117.920,-8.080,0.357,0.598,66.944
117.940,-4.066,0.394,0.598,67.111
117.960,0.000,0.398,0.598,67.315
117.980,4.096,0.420,0.598,67.529
118.000,8.098,0.424,0.598,67.753
118.020,11.982,0.427,0.599,67.966
118.040,15.727,0.423,0.599,68.158
118.060,19.219,0.421,0.599,68.316
118.080,22.430,0.412,0.599,68.431
118.100,25.342,0.395,0.599,68.510
118.120,27.832,0.381,0.599,68.510
118.140,29.953,0.354,0.599,68.471
118.160,31.605,0.336,0.599,68.376
118.180,32.824,0.299,0.599,68.239
118.200,33.545,0.275,0.599,68.064
118.220,33.803,0.237,0.599,67.864
118.240,33.551,0.210,0.599,67.649
118.260,32.812,0.172,0.599,67.434
118.280,31.611,0.137,0.599,67.231
118.300,29.936,0.102,0.599,67.053
118.320,27.855,0.064,0.599,66.910
118.340,25.342,0.033,0.599,66.812
118.360,22.441,-0.002,0.599,66.761
118.380,19.260,-0.035,0.599,66.767
118.400,15.768,-0.062,0.599,66.824
118.420,12.053,-0.091,0.599,66.935
118.440,8.162,-0.110,0.599,67.091
118.460,4.160,-0.133,0.599,67.285
118.480,0.094,-0.143,0.599,67.505
118.500,-3.973,-0.162,0.599,67.739
118.520,-7.992,-0.162,0.599,67.980
118.540,-11.871,-0.177,0.604,68.409
118.560,-15.562,-0.155,0.604,68.409
118.580,-19.049,-0.167,0.604,68.568
118.600,-22.260,-0.141,0.604,68.691
118.620,-25.107,-0.145,0.604,68.755
118.640,-27.592,-0.114,0.604,68.771
118.660,-29.713,-0.100,0.604,68.727
118.680,-31.365,-0.072,0.604,68.632
118.700,-32.555,-0.044,0.604,68.489
118.720,-33.193,-0.021,0.604,68.310
118.740,-33.439,0.020,0.604,68.104
118.760,-33.176,0.040,0.604,67.883
118.780,-32.426,0.089,0.604,67.662
118.800,-31.189,0.114,0.604,67.452
118.820,-29.473,0.160,0.604,67.267
118.840,-27.316,0.186,0.604,67.116
118.860,-24.779,0.229,0.604,67.008
118.880,-21.879,0.256,0.604,66.950
118.900,-18.621,0.291,0.604,66.944
118.920,-15.111,0.317,0.604,66.989
118.940,-11.385,0.344,0.604,67.085
118.960,-7.441,0.365,0.604,67.224
118.980,-3.428,0.388,0.604,67.598
119.000,0.639,0.405,0.604,67.598
119.020,4.717,0.410,0.604,67.813
119.040,8.689,0.421,0.604,68.025
119.060,12.580,0.418,0.604,68.225
119.080,16.271,0.424,0.604,68.398
119.100,19.717,0.411,0.604,68.537
119.120,22.904,0.409,0.604,68.629
119.140,25.740,0.385,0.604,68.673
119.160,28.178,0.369,0.604,68.656
119.180,30.229,0.347,0.604,68.586
119.200,31.816,0.325,0.604,68.463
119.220,32.959,0.291,0.604,68.297
119.240,33.621,0.264,0.604,68.094
119.260,33.779,0.231,0.604,67.867
119.280,33.475,0.199,0.604,67.627
119.300,32.666,0.161,0.604,67.388
119.320,31.395,0.124,0.604,67.163
119.340,29.637,0.091,0.604,66.963
119.360,27.516,0.050,0.604,66.799
119.380,24.937,0.024,0.604,66.681
119.400,21.996,-0.016,0.604,66.612
119.420,18.750,-0.038,0.604,66.598
119.440,15.217,-0.074,0.604,66.636
119.460,11.467,-0.091,0.604,66.727
119.480,7.576,-0.121,0.604,66.860
119.500,3.557,-0.132,0.604,67.036
119.520,-0.498,-0.154,0.604,67.231
119.540,-4.559,-0.158,0.604,67.446
119.560,-8.561,-0.173,0.604,67.657
119.580,-12.439,-0.169,0.604,67.863
119.600,-16.078,-0.170,0.604,68.038
119.620,-19.547,-0.158,0.604,68.184
119.640,-22.717,-0.153,0.604,68.277
119.660,-25.500,-0.138,0.604,68.327
119.680,-27.943,-0.116,0.604,68.321
119.700,-29.971,-0.098,0.604,68.261
119.720,-31.576,-0.065,0.604,68.150
119.740,-32.672,-0.043,0.604,67.997
119.760,-33.270,-0.010,0.604,67.809
119.780,-33.439,0.016,0.604,67.600
119.800,-33.094,0.054,0.604,67.380
119.820,-32.309,0.088,0.604,67.163
119.840,-30.973,0.124,0.604,66.961
119.860,-29.191,0.159,0.604,66.787
119.880,-26.994,0.198,0.604,66.651
119.900,-24.387,0.232,0.604,66.561
119.920,-21.428,0.267,0.604,66.523
119.940,-18.135,0.295,0.604,66.541
119.960,-14.596,0.323,0.604,66.611
119.980,-10.822,0.353,0.604,66.733
120.000,-6.873,0.373,0.604,66.903
120.020,-2.836,0.395,0.604,67.108
120.040,1.248,0.407,0.604,67.339
120.060,5.297,0.421,0.604,67.582
120.080,9.270,0.425,0.604,67.827
120.100,13.148,0.426,0.604,68.058
120.120,16.805,0.425,0.604,68.261
120.140,20.215,0.417,0.604,68.429
120.160,23.350,0.407,0.604,68.552
120.180,26.127,0.389,0.604,68.620
120.200,28.512,0.370,0.604,68.633
120.220,30.492,0.348,0.604,68.589
120.240,32.021,0.321,0.604,68.498
120.260,33.082,0.292,0.604,68.361
120.280,33.674,0.266,0.604,68.190
120.300,33.768,0.230,0.604,67.996
120.320,33.381,0.198,0.604,67.791
120.340,32.502,0.157,0.604,67.588
120.360,31.166,0.125,0.604,67.400
120.380,29.338,0.089,0.604,67.238
120.400,27.146,0.056,0.604,67.116
120.420,24.521,0.020,0.604,67.034
120.440,21.521,-0.013,0.604,67.010
120.460,18.234,-0.040,0.604,67.030
120.480,14.654,-0.071,0.604,67.110
120.500,10.875,-0.096,0.604,67.232
120.520,6.961,-0.115,0.604,67.403
120.540,2.936,-0.136,0.604,67.602
120.560,-1.137,-0.146,0.604,68.061
120.580,-5.186,-0.158,0.604,68.061
120.600,-9.193,-0.162,0.604,68.292
120.620,-13.025,-0.163,0.604,68.503
120.640,-16.641,-0.159,0.604,68.687
120.660,-20.045,-0.158,0.604,68.831
120.680,-23.162,-0.143,0.604,68.928
120.700,-25.945,-0.130,0.604,68.955
120.720,-28.307,-0.108,0.604,68.955
120.740,-30.258,-0.088,0.604,68.885
120.760,-31.775,-0.058,0.604,68.762
120.780,-32.795,-0.033,0.604,68.595
120.800,-33.346,-0.004,0.604,68.392
120.820,-33.422,0.031,0.604,68.169
120.840,-33.006,0.056,0.604,67.934
120.860,-32.098,0.103,0.604,67.703
120.880,-30.721,0.126,0.604,67.487
120.900,-28.898,0.178,0.604,67.298
120.920,-26.625,0.199,0.604,67.147
120.940,-23.953,0.244,0.604,67.040
120.960,-20.930,0.266,0.604,66.985
120.980,-17.602,0.304,0.604,66.981
121.000,-14.027,0.324,0.604,67.032
121.020,-10.225,0.360,0.604,67.128
121.040,-6.264,0.372,0.604,67.271
121.060,-2.209,0.398,0.604,67.441
121.080,1.863,0.406,0.604,67.640
121.100,5.918,0.423,0.604,67.844
121.120,9.867,0.423,0.604,68.053
121.140,13.699,0.423,0.604,68.234
121.160,17.332,0.421,0.604,68.396
121.180,20.701,0.413,0.604,68.511
121.200,23.795,0.405,0.604,68.588
121.220,26.520,0.385,0.604,68.609
121.240,28.840,0.367,0.604,68.490
121.260,30.738,0.343,0.604,68.490
121.280,32.215,0.319,0.604,68.355
121.300,33.211,0.286,0.604,68.180
121.320,33.709,0.257,0.604,67.971
121.340,33.738,0.221,0.604,67.744
121.360,33.275,0.193,0.604,67.507
121.380,32.326,0.152,0.604,67.278
121.400,30.920,0.118,0.604,67.066
121.420,29.045,0.079,0.604,66.884
121.440,26.777,0.047,0.604,66.743
121.460,24.082,0.012,0.604,66.609
121.480,21.053,-0.020,0.604,66.609
121.500,17.725,-0.047,0.604,66.623
121.520,14.127,-0.080,0.604,66.691
121.540,10.312,-0.098,0.604,66.809
121.560,6.375,-0.125,0.604,66.971
121.580,2.338,-0.140,0.604,67.170
121.600,-1.729,-0.153,0.604,67.389
121.620,-5.766,-0.166,0.604,67.620
121.640,-9.750,-0.168,0.604,67.848
121.660,-13.553,-0.170,0.604,68.063
121.680,-17.150,-0.168,0.604,68.246
121.700,-20.525,-0.160,0.604,68.397
121.720,-23.561,-0.150,0.604,68.496
121.740,-26.291,-0.133,0.604,68.545
121.760,-28.600,-0.114,0.604,68.539
121.780,-30.504,-0.088,0.604,68.481
121.800,-31.951,-0.065,0.604,68.372
121.820,-32.912,-0.033,0.604,68.223
121.840,-33.352,-0.005,0.604,68.042
121.860,-33.352,0.029,0.604,67.842
121.880,-32.889,0.062,0.604,67.634
121.900,-31.928,0.099,0.604,67.432
121.920,-30.451,0.132,0.604,67.248
121.940,-28.547,0.173,0.604,67.095
121.960,-26.221,0.201,0.604,66.981
121.980,-23.508,0.243,0.604,66.915
122.000,-20.443,0.268,0.604,66.900
122.020,-17.074,0.304,0.604,66.939
122.040,-13.447,0.329,0.604,67.171
122.060,-9.615,0.356,0.604,67.171
122.080,-5.654,0.375,0.604,67.350
122.100,-1.600,0.397,0.604,67.564
122.120,2.490,0.409,0.604,67.796
122.140,6.521,0.419,0.604,68.040
122.160,10.453,0.421,0.604,68.275
122.180,14.268,0.423,0.604,68.491
122.200,17.854,0.421,0.604,68.673
122.220,21.187,0.407,0.604,68.818
122.240,24.229,0.398,0.604,68.910
122.260,26.895,0.378,0.604,68.947
122.280,29.156,0.362,0.604,68.928
122.300,30.984,0.337,0.604,68.852
122.320,32.391,0.313,0.604,68.728
122.340,33.311,0.282,0.604,68.561
122.360,33.750,0.252,0.604,68.363
122.380,33.697,0.215,0.604,68.143
122.400,33.158,0.183,0.604,67.915
122.420,32.156,0.143,0.604,67.692
122.440,30.656,0.114,0.604,67.488
122.460,28.729,0.068,0.604,67.313
122.480,26.402,0.052,0.604,67.179
122.500,23.648,0.005,0.604,67.089
122.520,20.566,-0.021,0.604,67.051
122.540,17.191,-0.055,0.604,67.065
122.560,13.535,-0.082,0.604,67.133
122.580,9.727,-0.102,0.604,67.247
122.600,5.760,-0.127,0.604,67.400
122.620,1.705,-0.141,0.604,67.585
122.640,-2.361,-0.158,0.604,67.789
122.660,-6.404,-0.161,0.604,68.000
122.680,-10.348,-0.170,0.604,68.201
122.700,-14.121,-0.164,0.604,68.386
122.720,-17.707,-0.166,0.604,68.536
122.740,-21.047,-0.151,0.604,68.649
122.760,-24.023,-0.145,0.604,68.707
122.780,-26.689,-0.124,0.604,68.716
122.800,-28.934,-0.104,0.604,68.667
122.820,-30.803,-0.077,0.604,68.565
122.840,-32.150,-0.054,0.604,68.413
122.860,-33.041,-0.021,0.604,68.225
122.880,-33.416,0.002,0.604,68.005
122.900,-33.352,0.040,0.604,67.770
122.920,-32.818,0.067,0.604,67.528
122.940,-31.764,0.110,0.604,67.295
122.960,-30.246,0.138,0.604,67.082
122.980,-28.260,0.184,0.604,66.901
123.000,-25.881,0.210,0.604,66.764
123.020,-23.109,0.252,0.603,66.673
123.040,-19.975,0.276,0.603,66.637
123.060,-16.570,0.314,0.603,66.654
123.080,-12.932,0.339,0.603,66.727
123.100,-9.047,0.365,0.603,66.846
123.120,-5.051,0.382,0.603,67.010
123.140,-0.996,0.402,0.603,67.202
123.160,3.076,0.414,0.603,67.417
123.180,7.102,0.423,0.603,67.639
123.200,11.039,0.425,0.603,67.855
123.220,14.824,0.429,0.606,68.051
123.240,18.369,0.421,0.606,68.222
123.260,21.656,0.414,0.606,68.349
123.280,24.656,0.402,0.606,68.431
123.300,27.246,0.381,0.606,68.458
123.320,29.461,0.360,0.606,68.432
123.340,31.225,0.336,0.606,68.351
123.360,32.561,0.311,0.606,68.226
123.380,33.410,0.280,0.606,68.062
123.400,33.762,0.253,0.606,67.869
123.420,33.650,0.216,0.606,67.662
123.440,33.041,0.184,0.606,67.449
123.460,31.957,0.145,0.606,67.246
123.480,30.393,0.112,0.606,67.064
123.500,28.418,0.068,0.606,66.915
123.520,26.010,0.041,0.606,66.810
123.540,23.203,0.000,0.602,66.752
123.560,20.068,-0.024,0.602,66.750
123.580,16.646,-0.059,0.602,66.798
123.600,12.979,-0.082,0.602,66.904
123.620,9.135,-0.105,0.602,67.053
123.640,5.168,-0.126,0.602,67.244
123.660,1.119,-0.141,0.602,67.464
123.680,-2.959,-0.153,0.602,67.704
123.700,-6.979,-0.166,0.602,67.947
123.720,-10.928,-0.165,0.602,68.183
123.740,-14.666,-0.166,0.602,68.396
123.760,-18.211,-0.159,0.602,68.576
123.780,-21.504,-0.156,0.602,68.715
123.800,-24.439,-0.138,0.602,68.803
123.820,-27.029,-0.123,0.602,68.835
123.840,-29.209,-0.104,0.602,68.811
123.860,-31.008,-0.079,0.602,68.734
123.880,-32.273,-0.050,0.602,68.608
123.900,-33.111,-0.022,0.602,68.442
123.920,-33.422,0.009,0.602,68.245
123.940,-33.281,0.039,0.602,68.033
123.960,-32.654,0.078,0.602,67.816
123.980,-31.547,0.109,0.602,67.607
124.000,-29.941,0.149,0.602,67.419
124.020,-27.896,0.182,0.602,67.263
124.040,-25.453,0.214,0.602,67.148
124.060,-22.617,0.249,0.602,67.080
124.080,-19.436,0.277,0.602,67.063
124.100,-16.008,0.311,0.602,67.099
124.120,-12.334,0.340,0.602,67.184
124.140,-8.443,0.360,0.602,67.317
124.160,-4.424,0.382,0.602,67.486
124.180,-0.363,0.399,0.602,67.682
124.200,3.703,0.412,0.602,67.897
124.220,7.717,0.418,0.602,68.113
124.240,11.631,0.418,0.602,68.319
124.260,15.375,0.423,0.602,68.500
124.280,18.896,0.413,0.602,68.650
124.300,22.125,0.412,0.602,68.754
124.320,25.072,0.389,0.602,68.811
124.340,27.604,0.377,0.602,68.808
124.360,29.754,0.352,0.602,68.751
124.380,31.453,0.331,0.602,68.640
124.400,32.730,0.300,0.602,68.483
124.420,33.498,0.275,0.602,68.286
124.440,33.791,0.236,0.602,68.063
124.460,33.592,0.209,0.602,67.823
124.480,32.895,0.167,0.602,67.580
124.500,31.752,0.137,0.602,67.348
124.520,30.117,0.097,0.602,67.138
124.540,28.090,0.062,0.602,66.962
124.560,25.605,0.029,0.599,66.830
124.580,22.758,-0.006,0.599,66.746
124.600,19.594,-0.031,0.599,66.716
124.620,16.131,-0.069,0.599,66.738
124.640,12.416,-0.085,0.599,66.816
124.660,8.543,-0.116,0.599,66.936
124.680,4.564,-0.132,0.599,67.100
124.700,0.510,-0.150,0.599,67.291
124.720,-3.551,-0.159,0.599,67.501
124.740,-7.594,-0.168,0.599,67.712
124.760,-11.502,-0.169,0.599,67.916
124.780,-15.211,-0.171,0.600,68.099
124.800,-18.727,-0.162,0.600,68.247
124.820,-21.967,-0.155,0.600,68.354
124.840,-24.861,-0.138,0.600,68.411
124.860,-27.387,-0.124,0.600,68.415
124.880,-29.537,-0.099,0.600,68.366
124.900,-31.230,-0.079,0.600,68.266
124.920,-32.432,-0.048,0.600,68.122
124.940,-33.187,-0.020,0.600,67.941
124.960,-33.451,0.012,0.600,67.734
124.980,-33.234,0.042,0.600,67.514
125.000,-32.543,0.084,0.600,67.294
125.020,-31.342,0.110,0.600,67.086
125.040,-29.689,0.157,0.600,66.903
125.060,-27.592,0.182,0.600,66.755
125.080,-25.090,0.224,0.600,66.652
125.100,-22.207,0.254,0.600,66.600
125.120,-18.973,0.286,0.600,66.603
125.140,-15.510,0.318,0.600,66.660
125.160,-11.783,0.344,0.600,66.769
125.180,-7.881,0.367,0.600,66.927
125.200,-3.844,0.389,0.600,67.122
125.220,0.229,0.403,0.600,67.349
125.240,4.307,0.417,0.600,67.589
125.260,8.303,0.425,0.600,67.835
125.280,12.187,0.424,0.600,68.069
125.300,15.908,0.429,0.600,68.280
125.320,19.389,0.414,0.600,68.457
125.340,22.594,0.414,0.600,68.589
125.360,25.471,0.386,0.600,68.672
125.380,27.949,0.382,0.600,68.695
125.400,30.041,0.351,0.600,68.666
125.420,31.676,0.336,0.600,68.583
125.440,32.871,0.299,0.600,68.456
125.460,33.574,0.274,0.600,68.292
125.480,33.803,0.238,0.600,68.100
125.500,33.527,0.209,0.600,67.895
125.520,32.748,0.167,0.600,67.688
125.540,31.535,0.133,0.600,67.493
125.560,29.836,0.097,0.600,67.322
125.580,27.732,0.062,0.600,67.185
125.600,25.184,0.033,0.600,67.093
125.620,22.271,-0.005,0.600,67.047
125.640,19.066,-0.028,0.600,67.056
125.660,15.568,-0.071,0.600,67.115
125.680,11.836,-0.083,0.600,67.230
125.700,7.945,-0.115,0.600,67.382
125.720,3.926,-0.125,0.600,67.574
125.740,-0.117,-0.150,0.600,67.787
125.760,-4.195,-0.154,0.600,68.018
125.780,-8.191,-0.162,0.600,68.244
125.800,-12.076,-0.161,0.600,68.459
125.820,-15.773,-0.162,0.600,68.644
125.840,-19.260,-0.156,0.600,68.794
125.860,-22.430,-0.146,0.600,68.898
125.880,-25.260,-0.134,0.600,68.947
125.900,-27.727,-0.113,0.600,68.941
125.920,-29.824,-0.094,0.600,68.878
125.940,-31.453,-0.064,0.600,68.763
125.960,-32.590,-0.042,0.600,68.600
125.980,-33.246,-0.009,0.600,68.403
126.000,-33.428,0.023,0.600,68.178
126.020,-33.152,0.054,0.600,67.940
126.040,-32.379,0.091,0.600,67.702
126.060,-31.096,0.124,0.600,67.476
126.080,-29.379,0.164,0.600,67.274
126.100,-27.211,0.190,0.600,67.108
126.120,-24.650,0.232,0.600,66.985
126.140,-21.727,0.261,0.600,66.912
126.160,-18.463,0.298,0.600,66.891
126.180,-14.953,0.319,0.600,66.924
126.200,-11.174,0.347,0.600,67.005
126.220,-7.260,0.372,0.600,67.130
126.240,-3.223,0.390,0.600,67.292
126.260,0.861,0.405,0.600,67.478
126.280,4.904,0.418,0.600,67.680
126.300,8.906,0.423,0.600,67.881
126.320,12.785,0.426,0.600,68.070
126.340,16.465,0.425,0.600,68.233
126.360,19.904,0.414,0.600,68.364
126.380,23.057,0.406,0.600,68.445
126.400,25.887,0.388,0.600,68.478
126.420,28.301,0.373,0.600,68.457
126.440,30.311,0.347,0.600,68.383
126.460,31.898,0.324,0.600,68.257
126.480,33.006,0.294,0.600,68.089
126.500,33.639,0.265,0.600,67.887
126.520,33.785,0.234,0.600,67.662
126.540,33.451,0.196,0.600,67.427
126.560,32.602,0.163,0.600,67.194
126.580,31.312,0.124,0.600,66.977
126.600,29.543,0.089,0.600,66.787
126.620,27.393,0.054,0.600,66.635
126.640,24.779,0.020,0.600,66.530
126.660,21.832,-0.014,0.600,66.478
126.680,18.580,-0.042,0.600,66.478
126.700,15.029,-0.076,0.600,66.535
126.720,11.262,-0.095,0.600,66.645
126.740,7.371,-0.123,0.600,66.799
126.760,3.340,-0.134,0.600,66.994
126.780,-0.721,-0.151,0.600,67.212
126.800,-4.770,-0.161,0.600,67.445
126.820,-8.783,-0.170,0.600,67.676
126.840,-12.621,-0.170,0.600,67.900
126.860,-16.277,-0.168,0.600,68.096
126.880,-19.711,-0.166,0.600,68.262
126.900,-22.857,-0.150,0.600,68.379
126.920,-25.646,-0.139,0.600,68.446
126.940,-28.066,-0.115,0.600,68.459
126.960,-30.076,-0.096,0.600,68.417
126.980,-31.652,-0.068,0.600,68.326
127.000,-32.725,-0.042,0.600,68.192
127.020,-33.275,-0.009,0.600,68.022
127.040,-33.393,0.019,0.600,67.831
127.060,-33.047,0.056,0.600,67.629
127.080,-32.203,0.086,0.600,67.430
127.100,-30.885,0.128,0.600,67.246
127.120,-29.074,0.167,0.600,67.090
127.140,-26.836,0.195,0.600,66.972
127.160,-24.223,0.235,0.600,66.899
127.180,-21.234,0.262,0.600,66.878
127.200,-17.936,0.297,0.600,66.911
127.220,-14.396,0.321,0.600,66.995
127.240,-10.588,0.352,0.600,67.130
127.260,-6.645,0.372,0.600,67.309
127.280,-2.602,0.392,0.600,67.523
127.300,1.465,0.406,0.600,67.759
127.320,5.525,0.418,0.600,68.007
127.340,9.480,0.422,0.600,68.251
127.360,13.342,0.424,0.600,68.481
127.380,16.986,0.420,0.600,68.681
127.400,20.391,0.414,0.600,68.841
127.420,23.502,0.402,0.600,68.953
127.440,26.268,0.386,0.600,69.012
127.460,28.629,0.369,0.600,69.011
127.480,30.580,0.344,0.600,68.958
127.500,32.098,0.320,0.600,68.850
127.520,33.129,0.289,0.600,68.699
127.540,33.691,0.260,0.600,68.512
127.560,33.756,0.226,0.600,68.302
127.580,33.357,0.193,0.600,68.080
127.600,32.437,0.159,0.600,67.861
127.620,31.078,0.121,0.600,67.656
127.640,29.238,0.085,0.600,67.478
127.660,27.018,0.053,0.600,67.337
127.680,24.357,0.016,0.600,67.241
127.700,21.352,-0.014,0.600,67.195
127.720,18.059,-0.045,0.600,67.201
127.740,14.461,-0.075,0.600,67.258
127.760,10.676,-0.092,0.600,67.365
127.780,6.744,-0.124,0.600,67.512
127.800,2.713,-0.136,0.600,67.694
127.820,-1.342,-0.154,0.600,67.896
127.840,-5.396,-0.158,0.600,68.110
127.860,-9.398,-0.164,0.600,68.316
127.880,-13.225,-0.169,0.600,68.508
127.900,-16.846,-0.162,0.600,68.668
127.920,-20.227,-0.158,0.600,68.791
127.940,-23.344,-0.141,0.600,68.862
127.960,-26.080,-0.132,0.600,68.884
127.980,-28.418,-0.107,0.600,68.848
128.000,-30.363,-0.087,0.600,68.760
128.020,-31.834,-0.058,0.600,68.620
128.040,-32.883,-0.031,0.600,68.438
128.060,-33.369,-0.000,0.600,68.222
128.080,-33.422,0.030,0.600,67.987
128.100,-32.988,0.062,0.600,67.742
128.120,-32.062,0.103,0.600,67.502
128.140,-30.662,0.132,0.600,67.280
128.160,-28.805,0.176,0.600,67.087
128.180,-26.520,0.201,0.600,66.934
128.200,-23.836,0.244,0.600,66.826
128.220,-20.771,0.269,0.600,66.771
128.240,-17.437,0.311,0.600,66.771
128.260,-13.857,0.329,0.600,66.825
128.280,-10.043,0.360,0.600,66.928
128.300,-6.076,0.374,0.600,67.073
128.320,-2.016,0.404,0.600,67.254
128.340,2.074,0.409,0.600,67.459
128.360,6.117,0.424,0.600,67.672
128.380,10.061,0.425,0.600,67.884
128.400,13.898,0.429,0.600,68.079
128.420,17.508,0.421,0.600,68.249
128.440,20.859,0.421,0.600,68.379
128.460,23.941,0.404,0.600,68.467
128.480,26.637,0.388,0.600,68.500
128.500,28.939,0.368,0.600,68.481
128.520,30.826,0.344,0.600,68.407
128.540,32.268,0.319,0.600,68.286
128.560,33.240,0.286,0.600,68.125
128.580,33.744,0.261,0.600,67.931
128.600,33.715,0.223,0.600,67.720
128.620,33.252,0.194,0.600,67.501
128.640,32.268,0.154,0.600,67.290
128.660,30.838,0.117,0.600,67.097
128.680,28.939,0.078,0.600,66.934
128.700,26.643,0.048,0.600,66.813
128.720,23.930,0.009,0.600,66.739
128.740,20.883,-0.017,0.600,66.720
128.760,17.537,-0.053,0.600,66.752
128.780,13.922,-0.073,0.600,66.840
128.800,10.102,-0.104,0.600,66.976
128.820,6.164,-0.124,0.600,67.157
128.840,2.121,-0.136,0.600,67.370
128.860,-1.957,-0.154,0.600,67.604
128.880,-5.994,-0.161,0.600,67.848
128.900,-9.955,-0.166,0.600,68.087
128.920,-13.764,-0.165,0.600,68.309
128.940,-17.338,-0.162,0.600,68.498
128.960,-20.695,-0.157,0.600,68.648
128.980,-23.748,-0.141,0.600,68.750
129.000,-26.414,-0.129,0.600,68.798
129.020,-28.729,-0.108,0.600,68.730
129.040,-30.609,-0.086,0.600,68.730
129.060,-31.992,-0.058,0.600,68.618
129.080,-32.947,-0.031,0.600,68.465
129.100,-33.357,-0.000,0.600,68.280
129.120,-33.369,0.033,0.600,68.075
129.140,-32.854,0.068,0.600,67.862
129.160,-31.869,0.104,0.600,67.654
129.180,-30.363,0.136,0.600,67.465
129.200,-28.441,0.174,0.600,67.305
129.220,-26.104,0.206,0.600,67.184
129.240,-23.373,0.246,0.600,67.110
129.260,-20.273,0.269,0.600,67.087
129.280,-16.875,0.308,0.600,67.116
129.300,-13.254,0.327,0.600,67.198
129.320,-9.439,0.362,0.600,67.325
129.340,-5.443,0.373,0.600,67.494
129.360,-1.377,0.396,0.600,67.689
129.380,2.684,0.407,0.600,67.905
129.400,6.744,0.419,0.600,68.128
129.420,10.670,0.422,0.600,68.345
129.440,14.479,0.424,0.600,68.541
129.460,18.035,0.413,0.600,68.708
129.480,21.352,0.412,0.600,68.826
129.500,24.381,0.397,0.600,68.901
129.520,27.000,0.385,0.600,68.917
129.540,29.244,0.357,0.600,68.880
129.560,31.072,0.337,0.600,68.785
129.580,32.449,0.310,0.600,68.643
129.600,33.346,0.279,0.600,68.458
129.620,33.762,0.248,0.600,68.244
129.640,33.686,0.214,0.600,68.010
129.660,33.135,0.182,0.600,67.770
129.680,32.080,0.143,0.600,67.536
129.700,30.580,0.110,0.600,67.322
129.720,28.629,0.069,0.600,67.139
129.740,26.262,0.043,0.600,66.997
129.760,23.484,0.003,0.600,66.901
129.780,20.396,-0.025,0.599,66.859
129.800,17.004,-0.059,0.599,66.869
129.820,13.354,-0.080,0.599,66.934
129.840,9.527,-0.106,0.599,67.044
129.860,5.555,-0.128,0.599,67.196
129.880,1.523,-0.144,0.599,67.380
129.900,-2.549,-0.158,0.599,67.584
129.920,-6.586,-0.163,0.599,67.794
129.940,-10.535,-0.174,0.603,67.998
129.960,-14.314,-0.166,0.603,68.185
129.980,-17.865,-0.166,0.603,68.339
130.000,-21.187,-0.156,0.603,68.454
130.020,-24.176,-0.144,0.603,68.520
130.040,-26.795,-0.128,0.603,68.535
130.060,-29.062,-0.106,0.603,68.494
130.080,-30.879,-0.083,0.603,68.402
130.100,-32.197,-0.058,0.603,68.262
130.120,-33.064,-0.027,0.603,68.084
130.140,-33.410,0.004,0.603,67.877
130.160,-33.352,0.037,0.603,67.654
130.180,-32.771,0.070,0.603,67.428
130.200,-31.705,0.103,0.603,67.210
130.220,-30.164,0.145,0.603,67.014
130.240,-28.125,0.178,0.603,66.851
130.260,-25.746,0.218,0.603,66.731
130.280,-22.945,0.248,0.603,66.660
130.300,-19.816,0.279,0.603,66.643
130.320,-16.389,0.311,0.603,66.681
130.340,-12.715,0.334,0.603,66.770
130.360,-8.859,0.366,0.603,66.910
130.380,-4.852,0.381,0.603,67.091
130.400,-0.791,0.405,0.603,67.304
130.420,3.299,0.414,0.603,67.536
130.440,7.312,0.423,0.603,67.774
130.460,11.238,0.425,0.603,68.008
130.480,15.018,0.427,0.603,68.218
130.500,18.539,0.422,0.603,68.400
130.520,21.820,0.415,0.603,68.537
130.540,24.797,0.399,0.603,68.628
130.560,27.363,0.383,0.603,68.662
130.580,29.549,0.357,0.603,68.643
130.600,31.318,0.336,0.603,68.567
130.620,32.613,0.307,0.603,68.445
130.640,33.434,0.278,0.603,68.284
130.660,33.773,0.248,0.603,68.094
130.680,33.633,0.211,0.603,67.888
130.700,32.982,0.182,0.603,67.676
130.720,31.881,0.140,0.603,67.475
130.740,30.311,0.109,0.603,67.294
130.760,28.312,0.067,0.603,67.145
130.780,25.869,0.040,0.603,67.039
130.800,23.039,0.003,0.603,66.979
130.820,19.904,-0.023,0.603,66.975
130.840,16.453,-0.059,0.603,67.019
130.860,12.779,-0.079,0.603,67.119
130.880,8.930,-0.107,0.603,67.259
130.900,4.939,-0.120,0.603,67.444
130.920,0.902,-0.143,0.603,67.650
130.940,-3.182,-0.151,0.603,67.879
130.960,-7.195,-0.160,0.603,68.106
130.980,-11.127,-0.166,0.603,68.325
131.000,-14.865,-0.159,0.603,68.521
131.020,-18.387,-0.161,0.603,68.682
131.040,-21.674,-0.148,0.603,68.800
131.060,-24.604,-0.140,0.603,68.865
131.080,-27.164,-0.119,0.603,68.877
131.100,-29.344,-0.101,0.603,68.831
131.120,-31.084,-0.074,0.603,68.732
131.140,-32.367,-0.046,0.603,68.583
131.160,-33.141,-0.015,0.603,68.396
131.180,-33.428,0.012,0.603,68.179
131.200,-33.275,0.045,0.603,67.947
131.220,-32.631,0.079,0.603,67.710
131.240,-31.482,0.115,0.603,67.483
131.260,-29.865,0.150,0.603,67.278
131.280,-27.773,0.186,0.603,67.106
131.300,-25.330,0.221,0.603,66.976
131.320,-22.477,0.256,0.603,66.894
131.340,-19.307,0.286,0.603,66.865
131.360,-15.838,0.315,0.603,66.887
131.380,-12.141,0.340,0.603,66.962
131.400,-8.250,0.367,0.603,67.082
131.420,-4.225,0.383,0.603,67.239
131.440,-0.158,0.405,0.603,67.425
131.460,3.920,0.414,0.603,67.629
131.480,7.922,0.422,0.603,67.835
131.500,11.818,0.423,0.603,68.031
131.520,15.562,0.423,0.603,68.204
131.540,19.066,0.417,0.603,68.346
131.560,22.289,0.411,0.603,68.443
131.580,25.213,0.393,0.603,68.494
131.600,27.721,0.378,0.603,68.489
131.620,29.854,0.351,0.603,68.431
131.640,31.535,0.334,0.603,68.319
131.660,32.777,0.299,0.603,68.164
131.680,33.521,0.273,0.603,67.971
131.700,33.791,0.240,0.603,67.753
131.720,33.568,0.205,0.603,67.520
131.740,32.859,0.170,0.603,67.286
131.760,31.682,0.132,0.603,67.064
131.780,30.029,0.099,0.603,66.867
131.800,27.967,0.062,0.603,66.705
131.820,25.459,0.031,0.603,66.588
131.840,22.600,-0.008,0.603,66.520
131.860,19.412,-0.034,0.603,66.509
131.880,15.926,-0.068,0.603,66.549
131.900,12.223,-0.090,0.603,66.648
131.920,8.355,-0.117,0.603,66.788
131.940,4.354,-0.131,0.603,66.972
131.960,0.299,-0.152,0.603,67.182
131.980,-3.773,-0.156,0.603,67.413
132.000,-7.799,-0.169,0.603,67.644
132.020,-11.684,-0.169,0.603,67.870
132.040,-15.398,-0.169,0.603,68.069
132.060,-18.891,-0.164,0.603,68.239
132.080,-22.119,-0.153,0.603,68.365
132.100,-24.984,-0.141,0.603,68.443
132.120,-27.510,-0.124,0.603,68.466
132.140,-29.619,-0.100,0.603,68.436
132.160,-31.277,-0.075,0.603,68.353
132.180,-32.496,-0.046,0.603,68.225
132.200,-33.193,-0.015,0.603,68.060
132.220,-33.422,0.014,0.603,67.869
132.240,-33.193,0.048,0.603,67.666
132.260,-32.455,0.079,0.603,67.462
132.280,-31.260,0.120,0.603,67.271
132.300,-29.555,0.154,0.603,67.104
132.320,-27.434,0.189,0.603,66.972
132.340,-24.914,0.225,0.603,66.886
132.360,-22.002,0.255,0.603,66.848
132.380,-18.768,0.286,0.603,66.865
132.400,-15.275,0.319,0.603,66.934
132.420,-11.561,0.346,0.603,67.055
132.440,-7.641,0.366,0.603,67.223
132.460,-3.609,0.385,0.603,67.426
132.480,0.463,0.402,0.603,67.656
132.500,4.523,0.413,0.603,67.899
132.520,8.514,0.421,0.603,68.146
132.540,12.398,0.425,0.603,68.378
132.560,16.096,0.422,0.603,68.587
132.580,19.570,0.417,0.603,68.758
132.600,22.758,0.404,0.603,68.883
132.620,25.617,0.392,0.603,68.956
132.640,28.072,0.371,0.603,68.972
132.660,30.135,0.349,0.603,68.931
132.680,31.752,0.324,0.603,68.837
132.700,32.912,0.296,0.603,68.697
132.720,33.604,0.269,0.603,68.519
132.740,33.779,0.233,0.603,68.315
132.760,33.504,0.205,0.603,68.096
132.780,32.725,0.166,0.603,67.877
132.800,31.459,0.130,0.603,67.669
132.820,29.742,0.098,0.603,67.485
132.840,27.621,0.057,0.603,67.336
132.860,25.049,0.029,0.603,67.231
132.880,22.125,-0.013,0.603,67.173
132.900,18.902,-0.037,0.603,67.170
132.920,15.375,-0.067,0.603,67.216
132.940,11.637,-0.088,0.603,67.315
132.960,7.740,-0.114,0.603,67.454
132.980,3.715,-0.131,0.603,67.632
133.000,-0.346,-0.148,0.603,67.833
133.020,-4.400,-0.156,0.603,68.047
133.040,-8.396,-0.169,0.603,68.258
133.060,-12.287,-0.168,0.603,68.460
133.080,-15.961,-0.163,0.603,68.633
133.100,-19.430,-0.163,0.603,68.770
133.120,-22.611,-0.145,0.603,68.862
133.140,-25.395,-0.138,0.603,68.898
133.160,-27.902,-0.112,0.603,68.881
133.180,-29.930,-0.092,0.603,68.806
133.200,-31.535,-0.067,0.603,68.681
133.220,-32.672,-0.039,0.603,68.511
133.240,-33.264,-0.009,0.603,68.306
133.260,-33.439,0.026,0.603,68.076
133.280,-33.135,0.054,0.603,67.835
133.300,-32.355,0.091,0.603,67.596
133.320,-31.066,0.124,0.603,67.370
133.340,-29.291,0.166,0.603,67.172
133.360,-27.111,0.196,0.603,67.010
133.380,-24.533,0.239,0.603,66.893
133.400,-21.586,0.261,0.600,66.828
133.420,-18.299,0.302,0.600,66.816
133.440,-14.766,0.321,0.600,66.859
133.460,-10.986,0.356,0.600,66.951
133.480,-7.043,0.369,0.600,67.089
133.500,-3.012,0.398,0.600,67.263
133.520,1.061,0.406,0.600,67.465
133.540,5.121,0.425,0.600,67.678
133.560,9.111,0.424,0.600,67.898
133.580,12.973,0.427,0.601,68.098
133.600,16.646,0.424,0.601,68.277
133.620,20.051,0.423,0.601,68.418
133.640,23.197,0.406,0.601,68.521
133.660,26.010,0.390,0.601,68.568
133.680,28.406,0.372,0.601,68.562
133.700,30.410,0.351,0.601,68.501
133.720,31.957,0.327,0.601,68.392
133.740,33.053,0.292,0.601,68.239
133.760,33.656,0.269,0.601,68.053
133.780,33.773,0.231,0.601,67.845
133.800,33.410,0.199,0.601,67.627
133.820,32.555,0.161,0.601,67.412
133.840,31.230,0.124,0.601,67.212
133.860,29.455,0.087,0.601,67.041
133.880,27.264,0.054,0.601,66.908
133.900,24.639,0.023,0.601,66.822
133.920,21.662,-0.012,0.601,66.786
133.940,18.393,-0.041,0.601,66.806
133.960,14.818,-0.071,0.601,66.878
133.980,11.086,-0.093,0.601,67.003
134.000,7.154,-0.119,0.601,67.170
134.020,3.135,-0.133,0.601,67.376
134.040,-0.920,-0.152,0.601,67.604
134.060,-4.998,-0.159,0.601,67.847
134.080,-8.982,-0.167,0.601,68.086
134.100,-12.838,-0.163,0.601,68.312
134.120,-16.465,-0.165,0.601,68.507
134.140,-19.898,-0.157,0.601,68.669
134.160,-23.033,-0.147,0.601,68.781
134.180,-25.781,-0.133,0.601,68.842
134.200,-28.178,-0.113,0.601,68.846
134.220,-30.164,-0.093,0.601,68.797
134.240,-31.705,-0.065,0.601,68.695
134.260,-32.766,-0.039,0.601,68.550
134.280,-33.287,-0.009,0.601,68.370
134.300,-33.410,0.025,0.601,68.167
134.320,-32.994,0.056,0.601,67.953
134.340,-32.162,0.094,0.601,67.741
134.360,-30.797,0.125,0.601,67.544
134.380,-28.951,0.165,0.601,67.374
134.400,-26.719,0.193,0.601,67.241
134.420,-24.070,0.236,0.601,67.153
134.440,-21.076,0.263,0.601,67.115
134.460,-17.754,0.302,0.601,67.130
134.480,-14.180,0.322,0.601,67.198
134.500,-10.395,0.355,0.601,67.314
134.520,-6.428,0.365,0.601,67.471
134.540,-2.385,0.394,0.601,67.659
134.560,1.699,0.402,0.601,67.870
134.580,5.730,0.418,0.601,68.091
134.600,9.691,0.423,0.601,68.308
134.620,13.547,0.424,0.601,68.510
134.640,17.174,0.423,0.601,68.682
134.660,20.561,0.414,0.601,68.815
134.680,23.654,0.398,0.601,68.899
134.700,26.391,0.385,0.601,68.928
134.720,28.740,0.366,0.601,68.902
134.740,30.662,0.344,0.601,68.820
134.760,32.156,0.319,0.601,68.687
134.780,33.176,0.283,0.601,68.511
134.800,33.697,0.258,0.601,68.300
134.820,33.744,0.222,0.601,68.068
134.840,33.316,0.192,0.601,67.826
134.860,32.379,0.155,0.601,67.588
134.880,30.979,0.122,0.601,67.367
134.900,29.156,0.079,0.601,67.174
134.920,26.889,0.049,0.601,67.019
134.940,24.217,0.012,0.596,66.910
134.960,21.205,-0.021,0.596,66.852
134.980,17.877,-0.049,0.596,66.849
135.000,14.279,-0.079,0.596,66.898
135.020,10.494,-0.100,0.596,66.996
135.040,6.568,-0.124,0.596,67.136
135.060,2.520,-0.138,0.596,67.311
135.080,-1.529,-0.155,0.596,67.506
135.100,-5.596,-0.162,0.596,67.714
135.120,-9.580,-0.174,0.602,67.918
135.140,-13.424,-0.168,0.602,68.110
135.160,-16.998,-0.171,0.602,68.271
135.180,-20.402,-0.154,0.602,68.395
135.200,-23.479,-0.151,0.602,68.469
135.220,-26.191,-0.132,0.602,68.495
135.240,-28.535,-0.110,0.602,68.465
135.260,-30.439,-0.090,0.602,68.381
135.280,-31.916,-0.061,0.602,68.250
135.300,-32.900,-0.035,0.602,68.078
135.320,-33.363,-0.002,0.602,67.875
135.340,-33.416,0.028,0.602,67.653
135.360,-32.941,0.064,0.602,67.423
135.380,-32.021,0.100,0.602,67.200
135.400,-30.574,0.137,0.602,66.995
135.420,-28.699,0.169,0.602,66.821
135.440,-26.379,0.207,0.602,66.686
135.460,-23.678,0.243,0.602,66.601
135.480,-20.625,0.269,0.602,66.568
135.500,-17.250,0.307,0.602,66.588
135.520,-13.664,0.328,0.602,66.664
135.540,-9.838,0.360,0.602,66.788
135.560,-5.859,0.375,0.602,66.958
135.580,-1.793,0.402,0.602,67.159
135.600,2.279,0.410,0.602,67.386
135.620,6.334,0.424,0.602,67.624
135.640,10.266,0.423,0.602,67.859
135.660,14.086,0.424,0.602,68.073
135.680,17.707,0.423,0.602,68.262
135.700,21.029,0.415,0.602,68.409
135.720,24.094,0.401,0.602,68.512
135.740,26.771,0.388,0.602,68.558
135.760,29.057,0.360,0.602,68.551
135.780,30.908,0.344,0.602,68.488
135.800,32.344,0.313,0.602,68.378
135.820,33.287,0.291,0.602,68.226
135.840,33.744,0.255,0.602,68.043
135.860,33.721,0.227,0.602,67.840
135.880,33.211,0.189,0.602,67.630
135.900,32.203,0.153,0.602,67.425
135.920,30.727,0.120,0.602,67.239
135.940,28.846,0.079,0.602,67.082
135.960,26.508,0.051,0.602,66.966
135.980,23.771,0.009,0.602,66.895
136.000,20.701,-0.017,0.602,66.878
136.020,17.355,-0.050,0.602,66.912
136.040,13.717,-0.075,0.602,67.001
136.060,9.908,-0.100,0.602,67.133
136.080,5.936,-0.116,0.602,67.311
136.100,1.910,-0.139,0.602,67.514
136.120,-2.168,-0.148,0.602,67.743
136.140,-6.199,-0.158,0.602,67.973
136.160,-10.172,-0.163,0.602,68.198
136.180,-13.957,-0.160,0.602,68.403
136.200,-17.537,-0.158,0.602,68.577
136.220,-20.889,-0.152,0.602,68.707
136.240,-23.889,-0.141,0.602,68.788
136.260,-26.566,-0.121,0.602,68.815
136.280,-28.857,-0.101,0.602,68.785
136.300,-30.686,-0.086,0.602,68.701
136.320,-32.080,-0.053,0.602,68.567
136.340,-32.988,-0.033,0.602,68.391
136.360,-33.398,0.008,0.602,68.185
136.380,-33.363,0.033,0.602,67.957
136.400,-32.812,0.070,0.602,67.723
136.420,-31.805,0.108,0.602,67.495
136.440,-30.281,0.138,0.602,67.285
136.460,-28.336,0.180,0.602,67.105
136.480,-25.963,0.207,0.602,66.965
136.500,-23.221,0.248,0.602,66.871
136.520,-20.104,0.277,0.602,66.830
136.540,-16.693,0.311,0.602,66.840
136.560,-13.090,0.333,0.602,66.903
136.580,-9.217,0.361,0.602,67.012
136.600,-5.227,0.377,0.602,67.162
136.620,-1.178,0.400,0.602,67.341
136.640,2.912,0.407,0.602,67.541
136.660,6.932,0.427,0.602,67.746
136.680,10.852,0.422,0.602,67.948
136.700,14.666,0.424,0.602,68.127
136.720,18.223,0.418,0.602,68.276
136.740,21.521,0.413,0.602,68.384
136.760,24.527,0.397,0.602,68.446
136.780,27.129,0.383,0.602,68.453
136.800,29.373,0.357,0.602,68.408
136.820,31.154,0.342,0.602,68.306
136.840,32.520,0.306,0.602,68.161
136.860,33.381,0.285,0.602,67.974
136.880,33.785,0.240,0.602,67.760
136.900,33.674,0.220,0.602,67.526
136.920,33.094,0.173,0.602,67.289
136.940,32.021,0.149,0.602,67.061
136.960,30.457,0.103,0.602,66.853
136.980,28.523,0.070,0.602,66.679
137.000,26.133,0.036,0.602,66.547
137.020,23.338,0.004,0.602,66.464
137.040,20.221,-0.029,0.602,66.436
137.060,16.822,-0.063,0.602,66.460
137.080,13.148,-0.080,0.602,66.543
137.100,9.305,-0.116,0.602,66.667
137.120,5.350,-0.125,0.602,66.841
137.140,1.301,-0.150,0.602,67.040
137.160,-2.760,-0.153,0.602,67.266
137.180,-6.785,-0.170,0.602,67.495
137.200,-10.740,-0.166,0.602,67.723
137.220,-14.496,-0.169,0.602,67.929
137.240,-18.041,-0.164,0.602,68.105
137.260,-21.352,-0.158,0.602,68.239
137.280,-24.305,-0.145,0.602,68.328
137.300,-26.912,-0.124,0.602,68.363
137.320,-29.127,-0.106,0.602,68.343
137.340,-30.926,-0.083,0.602,68.273
137.360,-32.209,-0.054,0.602,68.153
137.380,-33.059,-0.029,0.602,67.997
137.400,-33.393,0.006,0.602,67.812
137.420,-33.281,0.037,0.602,67.610
137.440,-32.695,0.077,0.602,67.405
137.460,-31.594,0.103,0.602,67.209
137.480,-30.000,0.149,0.602,67.035
137.500,-27.990,0.174,0.602,66.894
137.520,-25.564,0.215,0.602,66.795
137.540,-22.775,0.248,0.602,66.746
137.560,-19.611,0.276,0.602,66.749
137.580,-16.184,0.314,0.602,66.805
137.600,-12.492,0.334,0.602,66.916
137.620,-8.625,0.364,0.602,67.072
137.640,-4.629,0.376,0.602,67.269
137.660,-0.562,0.408,0.602,67.492
137.680,3.521,0.407,0.602,67.740
137.700,7.541,0.427,0.602,67.989
137.720,11.443,0.416,0.602,68.231
137.740,15.211,0.429,0.603,68.447
137.760,18.727,0.415,0.603,68.631
137.780,21.984,0.410,0.603,68.772
137.800,24.943,0.394,0.603,68.861
137.820,27.486,0.379,0.603,68.892
137.840,29.672,0.360,0.603,68.869
137.860,31.389,0.330,0.603,68.791
137.880,32.678,0.304,0.603,68.664
137.900,33.475,0.279,0.603,68.496
137.920,33.779,0.243,0.603,68.301
137.940,33.621,0.215,0.603,68.086
137.960,32.959,0.174,0.603,67.868
137.980,31.822,0.137,0.603,67.658
138.000,30.187,0.108,0.603,67.469
138.020,28.184,0.060,0.603,67.312
138.040,25.729,0.043,0.603,67.198
138.060,22.887,-0.007,0.603,67.127
138.080,19.723,-0.023,0.603,67.114
138.100,16.271,-0.061,0.603,67.147
138.120,12.586,-0.083,0.603,67.236
138.140,8.719,-0.108,0.603,67.365
138.160,4.729,-0.130,0.603,67.536
138.180,0.662,-0.145,0.603,67.733
138.200,-3.398,-0.154,0.603,67.947
138.220,-7.406,-0.165,0.603,68.159
138.240,-11.344,-0.166,0.603,68.363
138.260,-15.053,-0.166,0.603,68.543
138.280,-18.580,-0.159,0.603,68.688
138.300,-21.838,-0.152,0.603,68.788
138.320,-24.756,-0.140,0.603,68.839
138.340,-27.311,-0.121,0.603,68.832
138.360,-29.455,-0.095,0.603,68.773
138.380,-31.178,-0.071,0.603,68.656
138.400,-32.426,-0.042,0.603,68.496
138.420,-33.193,-0.023,0.603,68.295
138.440,-33.439,0.019,0.603,68.071
138.460,-33.258,0.045,0.603,67.829
138.480,-32.619,0.087,0.603,67.586
138.500,-31.424,0.113,0.603,67.354
138.520,-29.771,0.160,0.603,67.144
138.540,-27.686,0.186,0.603,66.970
138.560,-25.184,0.225,0.603,66.838
138.580,-22.336,0.257,0.603,66.757
138.600,-19.131,0.290,0.603,66.728
138.620,-15.674,0.319,0.603,66.754
138.640,-11.959,0.344,0.603,66.832
138.660,-8.057,0.367,0.603,66.954
138.680,-4.031,0.393,0.603,67.117
138.700,0.059,0.406,0.603,67.310
138.720,4.119,0.417,0.603,67.518
138.740,8.139,0.426,0.603,67.731
138.760,12.018,0.424,0.603,67.934
138.780,15.750,0.427,0.603,68.113
138.800,19.248,0.422,0.603,68.263
138.820,22.436,0.415,0.603,68.371
138.840,25.354,0.393,0.603,68.430
138.860,27.850,0.378,0.603,68.432
138.880,29.965,0.351,0.603,68.385
138.900,31.611,0.337,0.603,68.283
138.920,32.824,0.301,0.603,68.143
138.940,33.551,0.276,0.603,67.961
138.960,33.791,0.236,0.603,67.757
138.980,33.551,0.211,0.603,67.537
139.000,32.812,0.169,0.603,67.319
139.020,31.605,0.140,0.603,67.113
139.040,29.912,0.097,0.603,66.933
139.060,27.850,0.063,0.603,66.788
139.080,25.312,0.033,0.603,66.689
139.100,22.436,-0.004,0.603,66.639
139.120,19.225,-0.029,0.603,66.645
139.140,15.744,-0.068,0.603,66.702
139.160,12.012,-0.087,0.603,66.817
139.180,8.139,-0.116,0.603,66.972
139.200,4.148,-0.128,0.603,67.172
139.220,0.082,-0.147,0.603,67.393
139.240,-3.984,-0.156,0.603,67.637
139.260,-8.004,-0.166,0.603,67.877
139.280,-11.912,-0.166,0.603,68.110
139.300,-15.574,-0.167,0.603,68.316
139.320,-19.061,-0.157,0.603,68.490
139.340,-22.266,-0.150,0.603,68.616
139.360,-25.148,-0.136,0.603,68.693
139.380,-27.627,-0.119,0.603,68.713
139.400,-29.689,-0.098,0.603,68.682
139.420,-31.371,-0.071,0.603,68.595
139.440,-32.525,-0.046,0.603,68.464
139.460,-33.217,-0.016,0.603,68.292
139.480,-33.428,0.018,0.603,68.098
139.500,-33.170,0.046,0.603,67.887
139.520,-32.408,0.083,0.603,67.677
139.540,-31.154,0.116,0.603,67.478
139.560,-29.461,0.155,0.603,67.304
139.580,-27.299,0.188,0.603,67.164
139.600,-24.768,0.224,0.603,67.066
139.620,-21.850,0.255,0.603,67.018
139.640,-18.586,0.284,0.603,67.023
139.660,-15.105,0.321,0.603,67.077
139.680,-11.344,0.341,0.603,67.187
139.700,-7.430,0.368,0.603,67.334
139.720,-3.398,0.385,0.603,67.521
139.740,0.686,0.402,0.603,67.728
139.760,4.734,0.412,0.603,67.952
139.780,8.736,0.423,0.603,68.171
139.800,12.598,0.420,0.603,68.380
139.820,16.295,0.424,0.603,68.560
139.840,19.746,0.413,0.603,68.706
139.860,22.904,0.409,0.603,68.803
139.880,25.746,0.387,0.603,68.849
139.900,28.201,0.372,0.603,68.837
139.920,30.240,0.348,0.603,68.771
139.940,31.828,0.327,0.603,68.650
139.960,32.959,0.294,0.603,68.487
139.980,33.615,0.267,0.603,68.285
140.000,33.791,0.232,0.603,68.059
140.020,33.475,0.201,0.603,67.818
140.040,32.660,0.159,0.603,67.578
140.060,31.389,0.131,0.603,67.351
140.080,29.643,0.088,0.603,67.149
140.100,27.498,0.059,0.603,66.983
140.120,24.914,0.024,0.600,66.861
140.140,21.973,-0.015,0.600,66.788
140.160,18.738,-0.034,0.599,66.771
140.180,15.193,-0.081,0.599,66.802
140.200,11.455,-0.083,0.599,66.892
140.220,7.541,-0.127,0.599,67.014
140.240,3.527,-0.130,0.599,67.188
140.260,-0.539,-0.154,0.599,67.374
140.280,-4.594,-0.159,0.599,67.584
140.300,-8.619,-0.167,0.599,67.784
140.320,-12.469,-0.169,0.599,67.979
140.340,-16.143,-0.165,0.599,68.144
140.360,-19.588,-0.165,0.599,68.275
140.380,-22.734,-0.149,0.599,68.363
140.400,-25.559,-0.140,0.599,68.399
140.420,-27.984,-0.108,0.599,68.385
140.440,-30.023,-0.100,0.599,68.309
140.460,-31.605,-0.065,0.599,68.189
140.480,-32.689,-0.045,0.599,68.024
140.500,-33.299,-0.006,0.599,67.826
140.520,-33.422,0.018,0.599,67.606
140.540,-33.123,0.059,0.599,67.375
140.560,-32.291,0.087,0.599,67.146
140.580,-30.961,0.128,0.599,66.933
140.600,-29.191,0.161,0.599,66.749
140.620,-26.982,0.199,0.599,66.601
140.640,-24.381,0.236,0.599,66.502
140.660,-21.416,0.265,0.599,66.452
140.680,-18.117,0.300,0.599,66.459
140.700,-14.572,0.320,0.599,66.520
140.720,-10.775,0.354,0.599,66.630
140.740,-6.855,0.372,0.599,66.790
140.760,-2.807,0.397,0.599,66.984
140.780,1.277,0.406,0.599,67.206
140.800,5.338,0.423,0.599,67.440
140.820,9.305,0.423,0.599,67.676
140.840,13.160,0.427,0.599,67.897
140.860,16.811,0.423,0.599,68.093
140.880,20.232,0.418,0.599,68.253
140.900,23.367,0.407,0.599,68.369
140.920,26.139,0.388,0.599,68.433
140.940,28.523,0.372,0.599,68.438
140.960,30.504,0.348,0.599,68.391
140.980,32.027,0.323,0.599,68.292
141.000,33.088,0.296,0.599,68.154
141.020,33.674,0.263,0.599,67.979
141.040,33.762,0.235,0.599,67.782
141.060,33.381,0.196,0.599,67.574
141.080,32.496,0.162,0.599,67.369
141.100,31.148,0.127,0.599,67.180
141.120,29.326,0.087,0.599,67.018
141.140,27.141,0.054,0.599,66.894
141.160,24.492,0.022,0.599,66.815
141.180,21.498,-0.011,0.599,66.786
141.200,18.211,-0.041,0.599,66.812
141.220,14.631,-0.071,0.599,66.889
141.240,10.857,-0.091,0.599,67.016
141.260,6.955,-0.118,0.599,67.186
141.280,2.906,-0.129,0.599,67.391
141.300,-1.154,-0.150,0.599,67.615
141.320,-5.203,-0.155,0.599,67.854
141.340,-9.199,-0.163,0.599,68.084
141.360,-13.025,-0.162,0.599,68.301
141.380,-16.676,-0.161,0.599,68.488
141.400,-20.068,-0.155,0.599,68.639
141.420,-23.174,-0.142,0.599,68.737
141.440,-25.922,-0.129,0.599,68.783
141.460,-28.295,-0.108,0.599,68.771
141.480,-30.287,-0.091,0.599,68.707
141.500,-31.781,-0.058,0.599,68.589
141.520,-32.812,-0.038,0.599,68.428
141.540,-33.322,-0.000,0.599,68.231
141.560,-33.404,0.024,0.599,68.013
141.580,-33.012,0.061,0.599,67.784
141.600,-32.098,0.092,0.599,67.557
141.620,-30.721,0.133,0.599,67.346
141.640,-28.875,0.168,0.599,67.163
141.660,-26.590,0.201,0.599,67.016
141.680,-23.959,0.242,0.599,66.914
141.700,-20.912,0.267,0.599,66.863
141.720,-17.584,0.302,0.599,66.865
141.740,-14.016,0.325,0.599,66.919
141.760,-10.178,0.352,0.599,67.021
141.780,-6.223,0.371,0.599,67.163
141.800,-2.180,0.395,0.599,67.338
141.820,1.898,0.406,0.599,67.537
141.840,5.959,0.423,0.599,67.745
141.860,9.896,0.421,0.599,67.952
141.880,13.740,0.425,0.599,68.141
141.900,17.367,0.418,0.599,68.300
141.920,20.725,0.414,0.599,68.419
141.940,23.824,0.401,0.599,68.493
141.960,26.525,0.385,0.599,68.515
141.980,28.852,0.365,0.599,68.482
142.000,30.756,0.342,0.599,68.394
142.020,32.221,0.316,0.599,68.258
142.040,33.217,0.290,0.599,68.080
142.060,33.715,0.256,0.599,67.870
142.080,33.738,0.222,0.599,67.640
142.100,33.281,0.186,0.599,67.401
142.120,32.326,0.152,0.599,67.168
142.140,30.902,0.116,0.599,66.952
142.160,29.027,0.078,0.599,66.767
142.180,26.760,0.045,0.598,66.621
142.200,24.064,0.007,0.598,66.522
142.220,21.023,-0.019,0.598,66.476
142.240,17.701,-0.054,0.598,66.486
142.260,14.074,-0.079,0.598,66.548
142.280,10.289,-0.105,0.598,66.662
142.300,6.352,-0.125,0.598,66.819
142.320,2.309,-0.141,0.598,67.011
142.340,-1.758,-0.154,0.598,67.225
142.360,-5.801,-0.165,0.598,67.451
142.380,-9.773,-0.167,0.598,67.673
142.400,-13.576,-0.169,0.598,67.881
142.420,-17.186,-0.166,0.598,68.060
142.440,-20.543,-0.160,0.598,68.204
142.460,-23.619,-0.145,0.598,68.342
142.480,-26.303,-0.132,0.598,68.342
142.500,-28.588,-0.109,0.598,68.332
142.520,-30.521,-0.091,0.598,68.270
142.540,-31.934,-0.061,0.598,68.159
142.560,-32.900,-0.034,0.598,68.008
142.580,-33.357,0.002,0.598,67.824
142.600,-33.357,0.028,0.598,67.622
142.620,-32.877,0.066,0.598,67.413
142.640,-31.916,0.096,0.598,67.210
142.660,-30.469,0.137,0.598,67.026
142.680,-28.547,0.172,0.598,66.873
142.700,-26.203,0.203,0.598,66.761
142.720,-23.520,0.241,0.598,66.696
142.740,-20.402,0.268,0.596,66.682
142.760,-17.062,0.306,0.596,66.726
142.780,-13.447,0.326,0.596,66.819
142.800,-9.592,0.359,0.596,66.965
142.820,-5.631,0.373,0.596,67.151
142.840,-1.576,0.398,0.596,67.370
142.860,2.490,0.408,0.596,67.610
142.880,6.545,0.423,0.596,67.858
142.900,10.471,0.418,0.596,68.104
142.920,14.291,0.426,0.596,68.325
142.940,17.889,0.415,0.596,68.522
142.960,21.199,0.414,0.596,68.672
142.980,24.240,0.397,0.596,68.779
143.000,26.900,0.387,0.596,68.822
143.020,29.162,0.361,0.596,68.818
143.040,31.002,0.340,0.596,68.753
143.060,32.396,0.315,0.596,68.642
143.080,33.322,0.285,0.596,68.486
143.100,33.762,0.253,0.596,68.300
143.120,33.703,0.220,0.596,68.091
143.140,33.158,0.182,0.596,67.876
143.160,32.139,0.150,0.596,67.473
143.180,30.645,0.114,0.596,67.473
143.200,28.717,0.074,0.596,67.311
143.220,26.373,0.049,0.596,67.188
143.240,23.619,0.004,0.596,67.110
143.260,20.537,-0.018,0.596,67.087
143.280,17.162,-0.058,0.596,67.111
143.300,13.506,-0.075,0.596,67.192
143.320,9.691,-0.108,0.596,67.315
143.340,5.736,-0.121,0.596,67.483
143.360,1.682,-0.141,0.596,67.676
143.380,-2.385,-0.156,0.596,67.891
143.400,-6.428,-0.162,0.596,68.111
143.420,-10.395,-0.164,0.596,68.323
143.440,-14.156,-0.167,0.596,68.512
143.460,-17.742,-0.161,0.596,68.671
143.480,-21.064,-0.154,0.596,68.788
143.500,-24.059,-0.142,0.596,68.854
143.520,-26.689,-0.123,0.596,68.866
143.540,-28.975,-0.103,0.596,68.821
143.560,-30.803,-0.078,0.596,68.723
143.580,-32.150,-0.050,0.596,68.576
143.600,-33.047,-0.023,0.596,68.387
143.620,-33.404,0.007,0.596,68.169
143.640,-33.369,0.039,0.596,67.933
143.660,-32.818,0.074,0.596,67.691
143.680,-31.746,0.108,0.596,67.457
143.700,-30.223,0.146,0.596,67.243
143.720,-28.236,0.183,0.596,67.061
143.740,-25.863,0.216,0.596,66.920
143.760,-23.092,0.251,0.596,66.827
143.780,-19.939,0.278,0.596,66.787
143.800,-16.535,0.315,0.596,66.800
143.820,-12.885,0.338,0.596,66.866
143.840,-9.029,0.361,0.596,66.981
143.860,-5.027,0.381,0.596,67.133
143.880,-0.949,0.404,0.596,67.319
143.900,3.111,0.415,0.596,67.526
143.920,7.137,0.424,0.596,67.740
143.940,11.062,0.425,0.596,67.947
143.960,14.842,0.427,0.596,68.134
143.980,18.416,0.418,0.596,68.292
144.000,21.680,0.418,0.596,68.408
144.020,24.668,0.394,0.596,68.480
144.040,27.258,0.385,0.596,68.494
144.060,29.473,0.358,0.596,68.460
144.080,31.236,0.340,0.596,68.368
144.100,32.584,0.311,0.596,68.235
144.120,33.422,0.278,0.596,68.061
144.140,33.768,0.248,0.596,67.860
144.160,33.656,0.214,0.596,67.642
144.180,33.029,0.178,0.596,67.421
144.200,31.951,0.142,0.596,67.209
144.220,30.387,0.108,0.596,67.020
144.240,28.395,0.072,0.596,66.863
144.260,25.975,0.041,0.596,66.751
144.280,23.186,0.000,0.596,66.686
144.300,20.051,-0.022,0.596,66.677
144.320,16.635,-0.060,0.596,66.720
144.340,12.955,-0.080,0.596,66.818
144.360,9.117,-0.112,0.596,66.962
144.380,5.150,-0.125,0.596,67.151
144.400,1.090,-0.145,0.596,67.367
144.420,-2.982,-0.153,0.596,67.608
144.440,-7.008,-0.166,0.596,67.847
144.460,-10.939,-0.165,0.596,68.084
144.480,-14.684,-0.166,0.596,68.295
144.500,-18.240,-0.162,0.596,68.478
144.520,-21.492,-0.153,0.596,68.616
144.540,-24.451,-0.141,0.596,68.705
144.560,-27.023,-0.125,0.596,68.741
144.580,-29.238,-0.103,0.596,68.722
144.600,-31.025,-0.077,0.596,68.649
144.620,-32.268,-0.053,0.596,68.527
144.640,-33.094,-0.025,0.596,68.367
144.660,-33.410,0.004,0.596,68.178
144.680,-33.281,0.040,0.596,67.972
144.700,-32.648,0.072,0.596,67.761
144.720,-31.535,0.108,0.596,67.560
144.740,-29.930,0.145,0.596,67.380
144.760,-27.861,0.178,0.596,67.232
144.780,-25.441,0.217,0.596,67.126
144.800,-22.617,0.248,0.596,67.067
144.820,-19.436,0.279,0.596,67.061
144.840,-15.984,0.311,0.596,67.107
144.860,-12.287,0.335,0.596,67.205
144.880,-8.426,0.362,0.596,67.346
144.900,-4.412,0.383,0.596,67.527
144.920,-0.346,0.401,0.596,67.735
144.940,3.738,0.411,0.596,67.960
144.960,7.746,0.421,0.596,68.186
144.980,11.643,0.423,0.596,68.402
145.000,15.410,0.423,0.596,68.596
145.020,18.914,0.416,0.596,68.755
145.040,22.137,0.410,0.596,68.867
145.060,25.090,0.391,0.596,68.930
145.080,27.627,0.377,0.596,68.935
145.100,29.766,0.351,0.596,68.886
145.120,31.471,0.334,0.596,68.780
145.140,32.736,0.301,0.596,68.630
145.160,33.516,0.273,0.596,68.438
145.180,33.779,0.239,0.596,68.220
145.200,33.598,0.208,0.596,67.984
145.220,32.895,0.170,0.596,67.746
145.240,31.752,0.136,0.596,67.517
145.260,30.117,0.098,0.596,67.310
145.280,28.061,0.062,0.596,67.137
145.300,25.582,0.032,0.596,67.007
145.320,22.729,-0.009,0.596,66.924
145.340,19.553,-0.029,0.596,66.896
145.360,16.084,-0.070,0.596,66.917
145.380,12.381,-0.083,0.596,66.995
145.400,8.520,-0.117,0.596,67.112
145.420,4.523,-0.125,0.596,67.275
145.440,0.475,-0.153,0.596,67.458
145.460,-3.604,-0.157,0.596,67.667
145.480,-7.623,-0.167,0.596,67.870
145.500,-11.525,-0.166,0.596,68.069
145.520,-15.240,-0.169,0.596,68.240
145.540,-18.756,-0.162,0.596,68.383
145.560,-21.996,-0.155,0.596,68.480
145.580,-24.908,-0.141,0.596,68.531
145.600,-27.422,-0.121,0.596,68.526
145.620,-29.561,-0.097,0.596,68.467
145.640,-31.254,-0.075,0.596,68.357
145.660,-32.479,-0.051,0.596,68.201
145.680,-33.217,-0.014,0.596,68.010
145.700,-33.451,0.012,0.596,67.792
145.720,-33.229,0.049,0.596,67.560
145.740,-32.531,0.079,0.596,67.329
145.760,-31.365,0.120,0.596,67.110
145.780,-29.689,0.152,0.596,66.915
145.800,-27.580,0.189,0.596,66.756
145.820,-25.078,0.227,0.596,66.643
145.840,-22.172,0.258,0.595,66.579
145.860,-18.973,0.290,0.595,66.572
145.880,-15.475,0.319,0.595,66.617
145.900,-11.748,0.342,0.595,66.717
145.920,-7.834,0.370,0.595,66.860
145.940,-3.814,0.387,0.595,67.045
145.960,0.234,0.403,0.595,67.260
145.980,4.330,0.418,0.595,67.489
146.000,8.320,0.423,0.595,67.723
146.020,12.211,0.426,0.595,67.947
146.040,15.943,0.425,0.595,68.148
146.060,19.406,0.423,0.595,68.316
146.080,22.605,0.411,0.595,68.443
146.100,25.494,0.394,0.595,68.517
146.120,27.961,0.377,0.595,68.536
146.140,30.047,0.352,0.595,68.500
146.160,31.682,0.335,0.595,68.412
146.180,32.877,0.303,0.595,68.114
146.200,33.574,0.273,0.595,68.114
146.220,33.791,0.243,0.595,67.920
146.240,33.516,0.205,0.595,67.713
146.260,32.748,0.173,0.595,67.506
146.280,31.512,0.132,0.595,67.310
146.300,29.824,0.099,0.595,67.140
146.320,27.732,0.061,0.595,67.005
146.340,25.166,0.034,0.595,66.914
146.360,22.266,-0.008,0.595,66.871
146.380,19.061,-0.028,0.595,66.885
146.400,15.533,-0.068,0.595,66.948
146.420,11.801,-0.080,0.595,67.065
146.440,7.928,-0.115,0.595,67.220
146.460,3.908,-0.123,0.595,67.419
146.480,-0.135,-0.145,0.595,67.638
146.500,-4.213,-0.153,0.595,67.874
146.520,-8.227,-0.159,0.595,68.106
146.540,-12.094,-0.171,0.598,68.326
146.560,-15.785,-0.156,0.598,68.523
146.580,-19.248,-0.169,0.598,68.680
146.600,-22.459,-0.137,0.598,68.796
146.620,-25.289,-0.141,0.598,68.850
146.640,-27.756,-0.108,0.598,68.855
146.660,-29.818,-0.104,0.598,68.800
146.680,-31.459,-0.062,0.598,68.698
146.700,-32.607,-0.046,0.598,68.543
146.720,-33.252,-0.008,0.598,68.354
146.740,-33.434,0.016,0.598,68.137
146.760,-33.152,0.056,0.598,67.908
146.780,-32.367,0.086,0.598,67.678
146.800,-31.119,0.122,0.598,67.460
146.820,-29.355,0.166,0.598,67.267
146.840,-27.193,0.189,0.598,67.109
146.860,-24.650,0.233,0.598,66.993
146.880,-21.686,0.255,0.598,66.927
146.900,-18.416,0.299,0.598,66.913
146.920,-14.906,0.314,0.598,66.952
146.940,-11.156,0.353,0.598,67.039
146.960,-7.236,0.360,0.598,67.172
146.980,-3.176,0.395,0.598,67.334
147.000,0.885,0.399,0.598,67.527
147.020,4.951,0.422,0.598,67.729
147.040,8.930,0.419,0.598,67.934
147.060,12.803,0.427,0.598,68.123
147.080,16.482,0.417,0.598,68.288
147.100,19.922,0.422,0.598,68.413
147.120,23.068,0.400,0.598,68.499
147.140,25.893,0.389,0.598,68.528
147.160,28.307,0.370,0.598,68.425
147.180,30.328,0.348,0.598,68.425
147.200,31.898,0.321,0.598,68.297
147.220,33.012,0.294,0.598,68.125
147.240,33.645,0.262,0.598,67.918
147.260,33.779,0.235,0.598,67.688
147.280,33.445,0.188,0.598,67.207
147.300,32.596,0.167,0.598,67.207
147.320,31.289,0.118,0.598,66.982
147.340,29.537,0.095,0.598,66.785
147.360,27.369,0.046,0.598,66.625
147.380,24.762,0.020,0.598,66.512
147.400,21.814,-0.017,0.598,66.448
147.420,18.557,-0.042,0.598,66.441
147.440,15.000,-0.073,0.598,66.487
147.460,11.250,-0.098,0.598,66.585
147.480,7.348,-0.118,0.598,66.729
147.500,3.322,-0.137,0.598,66.911
147.520,-0.721,-0.151,0.598,67.118
147.540,-4.793,-0.165,0.598,67.339
147.560,-8.801,-0.167,0.598,67.564
147.580,-12.656,-0.175,0.602,67.774
147.600,-16.312,-0.159,0.602,67.963
147.620,-19.729,-0.167,0.602,68.110
147.640,-22.893,-0.145,0.602,68.219
147.660,-25.652,-0.141,0.602,68.272
147.680,-28.078,-0.112,0.602,68.275
147.700,-30.094,-0.095,0.602,68.225
147.720,-31.629,-0.066,0.602,68.124
147.740,-32.707,-0.040,0.602,67.980
147.760,-33.270,-0.015,0.602,67.803
147.780,-33.422,0.024,0.602,67.606
147.800,-33.047,0.054,0.602,67.397
147.820,-32.191,0.090,0.602,67.192
147.840,-30.867,0.126,0.602,67.003
147.860,-29.051,0.163,0.602,66.842
147.880,-26.836,0.199,0.602,66.720
147.900,-24.234,0.229,0.602,66.645
147.920,-21.229,0.264,0.602,66.618
147.940,-17.918,0.294,0.602,66.650
147.960,-14.361,0.324,0.602,66.731
147.980,-10.582,0.348,0.602,66.868
148.000,-6.627,0.373,0.602,67.043
148.020,-2.584,0.389,0.602,67.259
148.040,1.494,0.408,0.602,67.495
148.060,5.543,0.413,0.602,67.747
148.080,9.504,0.427,0.602,67.991
148.100,13.354,0.418,0.602,68.227
148.120,16.998,0.426,0.602,68.429
148.140,20.402,0.413,0.602,68.598
148.160,23.514,0.405,0.602,68.718
148.180,26.279,0.388,0.602,68.784
148.200,28.635,0.372,0.602,68.791
148.220,30.580,0.341,0.602,68.745
148.240,32.092,0.326,0.602,68.647
148.260,33.141,0.285,0.602,68.504
148.280,33.686,0.267,0.602,68.325
148.300,33.756,0.224,0.602,68.124
148.320,33.352,0.200,0.602,67.912
148.340,32.426,0.153,0.602,67.702
148.360,31.072,0.128,0.602,67.506
148.380,29.238,0.080,0.602,67.337
148.400,27.006,0.058,0.602,67.207
148.420,24.328,0.012,0.602,67.120
148.440,21.328,-0.004,0.602,67.085
148.460,18.018,-0.054,0.602,67.098
148.480,14.432,-0.066,0.602,67.168
148.500,10.664,-0.103,0.602,67.281
148.520,6.727,-0.112,0.602,67.441
148.540,2.689,-0.139,0.602,67.627
148.560,-1.377,-0.148,0.602,67.840
148.580,-5.420,-0.162,0.602,68.059
148.600,-9.416,-0.163,0.602,68.275
148.620,-13.242,-0.167,0.602,68.472
148.640,-16.863,-0.160,0.602,68.643
148.660,-20.268,-0.158,0.602,68.770
148.680,-23.361,-0.142,0.602,68.851
148.700,-26.080,-0.131,0.602,68.876
148.720,-28.453,-0.108,0.602,68.845
148.740,-30.375,-0.082,0.602,68.761
148.760,-31.875,-0.059,0.602,68.624
148.780,-32.877,-0.030,0.602,68.444
148.800,-33.357,-0.004,0.602,67.998
148.820,-33.404,0.034,0.602,67.998
148.840,-32.977,0.062,0.602,67.755
148.860,-32.062,0.099,0.602,67.516
148.880,-30.656,0.137,0.602,67.294
148.900,-28.770,0.174,0.602,67.100
148.920,-26.490,0.207,0.602,66.946
148.940,-23.795,0.241,0.602,66.839
148.960,-20.760,0.274,0.602,66.781
148.980,-17.414,0.304,0.602,66.780
149.000,-13.805,0.334,0.602,66.828
149.020,-9.990,0.356,0.602,66.930
149.040,-6.029,0.379,0.602,67.069
149.060,-1.986,0.396,0.602,67.246
149.080,2.104,0.413,0.602,67.443
149.100,6.146,0.419,0.602,67.651
149.120,10.090,0.427,0.602,67.860
149.140,13.939,0.424,0.602,68.048
149.160,17.537,0.424,0.602,68.216
149.180,20.895,0.415,0.602,68.336
149.200,23.959,0.406,0.602,68.418
149.220,26.660,0.386,0.602,68.443
149.240,28.963,0.367,0.602,68.421
149.260,30.832,0.345,0.602,68.338
149.280,32.285,0.319,0.602,68.213
149.300,33.246,0.285,0.602,68.044
149.320,33.732,0.257,0.602,67.845
149.340,33.727,0.219,0.602,67.627
149.360,33.240,0.190,0.602,67.402
149.380,32.250,0.153,0.602,67.184
149.400,30.809,0.116,0.602,66.985
149.420,28.934,0.082,0.602,66.817
149.440,26.631,0.045,0.602,66.690
149.460,23.906,0.016,0.602,66.610
149.480,20.854,-0.025,0.602,66.586
149.500,17.496,-0.046,0.602,66.614
149.520,13.881,-0.079,0.602,66.698
149.540,10.084,-0.100,0.602,66.828
149.560,6.135,-0.125,0.602,67.006
149.580,2.098,-0.135,0.602,67.214
149.600,-1.975,-0.160,0.602,67.447
149.620,-6.006,-0.154,0.602,67.691
149.640,-9.984,-0.176,0.603,67.925
149.660,-13.781,-0.158,0.603,68.148
149.680,-17.344,-0.171,0.603,68.337
149.700,-20.725,-0.153,0.603,68.490
149.720,-23.760,-0.146,0.603,68.592
149.740,-26.432,-0.131,0.603,68.642
149.760,-28.729,-0.108,0.603,68.638
149.780,-30.592,-0.094,0.603,68.578
149.800,-32.010,-0.055,0.603,68.472
149.820,-32.947,-0.038,0.603,68.321
149.840,-33.375,0.001,0.603,68.141
149.860,-33.357,0.028,0.603,67.938
149.880,-32.848,0.067,0.603,67.731
149.900,-31.863,0.097,0.603,67.527
149.920,-30.357,0.138,0.603,67.343
149.940,-28.430,0.171,0.603,67.189
149.960,-26.080,0.207,0.603,67.074
149.980,-23.344,0.241,0.603,67.006
150.000,-20.256,0.272,0.603,66.989
150.020,-16.869,0.306,0.603,67.025
150.040,-13.242,0.324,0.603,67.114
150.060,-9.404,0.363,0.603,67.245
150.080,-5.414,0.369,0.603,67.423
150.100,-1.365,0.406,0.603,67.624
150.120,2.730,0.405,0.603,67.854
150.140,6.756,0.425,0.603,68.082
150.160,10.682,0.414,0.603,68.312
150.180,14.490,0.428,0.604,68.506
150.200,18.064,0.416,0.604,68.683
150.220,21.369,0.417,0.604,68.807
150.240,24.393,0.389,0.604,68.892
150.260,27.029,0.390,0.604,68.909
150.280,29.279,0.354,0.604,68.880
150.300,31.078,0.341,0.604,68.788
150.320,32.461,0.303,0.604,68.651
150.340,33.352,0.283,0.604,68.472
150.360,33.768,0.245,0.604,68.261
150.380,33.680,0.220,0.604,68.030
150.400,33.117,0.179,0.604,67.794
150.420,32.062,0.145,0.604,67.563
150.440,30.562,0.110,0.604,67.352
150.460,28.623,0.066,0.604,67.171
150.480,26.232,0.042,0.604,67.031
150.500,23.461,0.002,0.604,66.937
150.520,20.361,-0.023,0.604,66.895
150.540,16.980,-0.063,0.604,66.906
150.560,13.324,-0.077,0.604,66.971
150.580,9.480,-0.118,0.604,67.079
150.600,5.537,-0.121,0.604,67.234
150.620,1.482,-0.152,0.604,67.414
150.640,-2.590,-0.150,0.604,67.823
150.660,-6.621,-0.172,0.604,67.823
150.680,-10.588,-0.165,0.604,68.024
150.700,-14.350,-0.170,0.604,68.205
150.720,-17.906,-0.162,0.604,68.356
150.740,-21.229,-0.153,0.604,68.465
150.760,-24.199,-0.144,0.604,68.524
150.780,-26.842,-0.126,0.604,68.534
150.800,-29.074,-0.100,0.604,68.486
150.820,-30.867,-0.078,0.604,68.387
150.840,-32.215,-0.056,0.604,68.238
150.860,-33.082,-0.023,0.604,68.055
150.880,-33.428,0.004,0.604,67.840
150.900,-33.363,0.043,0.604,67.612
150.920,-32.766,0.070,0.604,67.377
150.940,-31.693,0.113,0.604,67.153
150.960,-30.135,0.142,0.604,66.951
150.980,-28.143,0.186,0.604,66.781
151.000,-25.746,0.213,0.604,66.656
151.020,-22.928,0.254,0.604,66.576
151.040,-19.799,0.277,0.604,66.556
151.060,-16.359,0.311,0.604,66.584
151.080,-12.703,0.337,0.604,66.670
151.100,-8.848,0.365,0.604,66.800
151.120,-4.828,0.380,0.604,66.977
151.140,-0.768,0.405,0.604,67.180
151.160,3.328,0.411,0.604,67.410
151.180,7.336,0.424,0.604,67.640
151.200,11.262,0.424,0.604,67.869
151.220,15.029,0.424,0.604,68.074
151.240,18.568,0.424,0.604,68.250
151.260,21.838,0.414,0.604,68.386
151.280,24.809,0.400,0.604,68.475
151.300,27.387,0.383,0.604,68.508
151.320,29.572,0.362,0.604,68.485
151.340,31.324,0.337,0.604,68.412
151.360,32.625,0.312,0.604,68.290
151.380,33.451,0.281,0.604,68.132
151.400,33.779,0.250,0.604,67.944
151.420,33.633,0.213,0.604,67.741
151.440,32.982,0.182,0.604,67.533
151.460,31.875,0.145,0.604,67.334
151.480,30.287,0.112,0.604,67.157
151.500,28.283,0.070,0.604,67.013
151.520,25.846,0.044,0.604,66.912
151.540,23.016,0.002,0.604,66.858
151.560,19.875,-0.026,0.604,66.858
151.580,16.453,-0.060,0.604,66.912
151.600,12.750,-0.081,0.604,67.018
151.620,8.900,-0.108,0.604,67.169
151.640,4.916,-0.122,0.604,67.359
151.660,0.879,-0.145,0.604,67.577
151.680,-3.199,-0.149,0.604,67.813
151.700,-7.225,-0.160,0.604,68.049
151.720,-11.156,-0.166,0.604,68.275
151.740,-14.889,-0.162,0.604,68.482
151.760,-18.428,-0.161,0.604,68.652
151.780,-21.686,-0.147,0.604,68.781
151.800,-24.598,-0.141,0.604,68.854
151.820,-27.176,-0.116,0.604,68.876
151.840,-29.355,-0.104,0.604,68.838
151.860,-31.102,-0.070,0.604,68.750
151.880,-32.361,-0.048,0.604,68.608
151.900,-33.135,-0.019,0.604,68.429
151.920,-33.439,0.014,0.604,68.220
151.940,-33.264,0.044,0.604,67.995
151.960,-32.631,0.080,0.604,67.767
151.980,-31.477,0.114,0.604,67.548
152.000,-29.824,0.152,0.604,67.349
152.020,-27.779,0.189,0.604,67.184
152.040,-25.301,0.220,0.604,67.060
152.060,-22.477,0.253,0.604,66.985
152.080,-19.283,0.287,0.604,66.959
152.100,-15.797,0.314,0.604,66.988
152.120,-12.111,0.346,0.604,67.065
152.140,-8.215,0.363,0.604,67.192
152.160,-4.213,0.386,0.604,67.349
152.180,-0.141,0.400,0.604,67.541
152.200,3.943,0.413,0.604,67.740
152.220,7.969,0.419,0.604,67.951
152.240,11.854,0.424,0.604,68.142
152.260,15.592,0.424,0.604,68.320
152.280,19.084,0.420,0.604,68.458
152.300,22.312,0.406,0.604,68.556
152.320,25.230,0.394,0.604,68.602
152.340,27.738,0.373,0.604,68.593
152.360,29.877,0.351,0.604,68.532
152.380,31.547,0.329,0.604,68.414
152.400,32.777,0.298,0.604,68.255
152.420,33.527,0.271,0.604,68.055
152.440,33.791,0.236,0.604,67.832
152.460,33.568,0.207,0.604,67.592
152.480,32.848,0.168,0.604,67.353
152.500,31.670,0.132,0.604,67.125
152.520,30.006,0.095,0.604,66.921
152.540,27.955,0.059,0.604,66.752
152.560,25.441,0.030,0.604,66.628
152.580,22.570,-0.009,0.604,66.553
152.600,19.383,-0.036,0.604,66.535
152.620,15.908,-0.067,0.604,66.567
152.640,12.193,-0.088,0.604,66.657
152.660,8.320,-0.117,0.604,66.788
152.680,4.324,-0.129,0.604,66.968
152.700,0.275,-0.151,0.604,67.168
152.720,-3.797,-0.157,0.604,67.393
152.740,-7.816,-0.171,0.604,67.613
152.760,-11.701,-0.164,0.604,67.834
152.780,-15.410,-0.171,0.604,68.024
152.800,-18.926,-0.162,0.604,68.191
152.820,-22.125,-0.152,0.604,68.305
152.840,-24.996,-0.141,0.604,68.379
152.860,-27.510,-0.120,0.604,68.394
152.880,-29.613,-0.101,0.604,68.359
152.900,-31.318,-0.071,0.604,68.270
152.920,-32.502,-0.049,0.604,68.137
152.940,-33.199,-0.019,0.604,67.968
152.960,-33.416,0.011,0.604,67.776
152.980,-33.170,0.050,0.604,67.570
153.000,-32.484,0.080,0.604,67.364
153.020,-31.248,0.118,0.604,67.170
153.040,-29.543,0.153,0.604,67.003
153.060,-27.428,0.190,0.604,66.870
153.080,-24.914,0.221,0.604,66.783
153.100,-22.008,0.257,0.604,66.745
153.120,-18.750,0.290,0.604,66.764
153.140,-15.281,0.317,0.604,66.835
153.160,-11.543,0.344,0.604,66.962
153.180,-7.611,0.366,0.604,67.339
153.200,-3.592,0.389,0.604,67.339
153.220,0.486,0.402,0.604,67.571
153.240,4.529,0.413,0.604,67.823
153.260,8.531,0.419,0.604,68.070
153.280,12.422,0.423,0.604,68.309
153.300,16.125,0.423,0.604,68.520
153.320,19.582,0.414,0.604,68.696
153.340,22.770,0.407,0.604,68.827
153.360,25.629,0.391,0.604,68.907
153.380,28.078,0.374,0.604,68.927
153.400,30.152,0.349,0.604,68.892
153.420,31.764,0.328,0.604,68.805
153.440,32.924,0.298,0.604,68.672
153.460,33.592,0.271,0.604,68.502
153.480,33.791,0.236,0.604,68.304
153.500,33.492,0.205,0.604,68.093
153.520,32.701,0.165,0.604,67.880
153.540,31.459,0.135,0.604,67.680
153.560,29.719,0.092,0.604,67.503
153.580,27.598,0.061,0.604,67.361
153.600,25.014,0.023,0.604,67.262
153.620,22.107,-0.006,0.604,67.212
153.640,18.873,-0.039,0.604,67.214
153.660,15.334,-0.066,0.604,67.268
153.680,11.613,-0.091,0.604,67.372
153.700,7.717,-0.114,0.604,67.517
153.720,3.709,-0.133,0.604,67.701
153.740,-0.363,-0.150,0.604,67.906
153.760,-4.430,-0.154,0.604,68.126
153.780,-8.432,-0.166,0.604,68.340
153.800,-12.311,-0.163,0.604,68.543
153.820,-15.979,-0.163,0.604,68.718
153.840,-19.459,-0.157,0.604,68.856
153.860,-22.623,-0.148,0.604,68.947
153.880,-25.441,-0.132,0.604,68.986
153.900,-27.902,-0.106,0.604,68.968
153.920,-29.941,-0.094,0.604,68.891
153.940,-31.553,-0.063,0.604,68.768
153.960,-32.666,-0.040,0.604,68.596
153.980,-33.287,-0.005,0.604,68.390
154.000,-33.445,0.025,0.604,68.158
154.020,-33.123,0.057,0.604,67.915
154.040,-32.344,0.094,0.604,67.673
154.060,-31.025,0.127,0.604,67.445
154.080,-29.279,0.166,0.604,67.243
154.100,-27.088,0.195,0.604,67.077
154.120,-24.504,0.236,0.604,66.956
154.140,-21.539,0.264,0.604,66.887
154.160,-18.264,0.300,0.604,66.872
154.180,-14.736,0.323,0.604,66.910
154.200,-10.951,0.352,0.604,66.998
154.220,-7.008,0.371,0.604,67.130
154.240,-2.977,0.396,0.604,67.299
154.260,1.113,0.404,0.604,67.493
154.280,5.150,0.424,0.604,67.698
154.300,9.129,0.425,0.604,67.911
154.320,13.008,0.425,0.604,68.106
154.340,16.670,0.425,0.604,68.278
154.360,20.086,0.417,0.604,68.412
154.380,23.227,0.407,0.604,68.506
154.400,26.021,0.389,0.604,68.545
154.420,28.424,0.373,0.604,68.533
154.440,30.434,0.348,0.604,68.465
154.460,31.975,0.323,0.604,68.349
154.480,33.059,0.297,0.604,68.190
154.500,33.662,0.265,0.604,67.999
154.520,33.779,0.232,0.604,67.785
154.540,33.416,0.200,0.604,67.341
154.560,32.549,0.163,0.604,67.341
154.580,31.219,0.128,0.604,67.137
154.600,29.426,0.086,0.604,66.962
154.620,27.240,0.055,0.604,66.825
154.640,24.598,0.020,0.600,66.734
154.660,21.645,-0.013,0.600,66.697
154.680,18.369,-0.045,0.600,66.713
154.700,14.812,-0.071,0.600,66.787
154.720,11.033,-0.095,0.600,66.908
154.740,7.125,-0.120,0.600,67.076
154.760,3.105,-0.136,0.600,67.280
154.780,-0.949,-0.149,0.600,67.509
154.800,-5.010,-0.161,0.600,67.748
154.820,-9.012,-0.169,0.600,67.989
154.840,-12.832,-0.164,0.600,68.218
154.860,-16.488,-0.170,0.600,68.418
154.880,-19.910,-0.155,0.600,68.582
154.900,-23.027,-0.152,0.600,68.697
154.920,-25.805,-0.133,0.600,68.762
154.940,-28.189,-0.116,0.600,68.769
154.960,-30.176,-0.093,0.600,68.724
154.980,-31.711,-0.068,0.600,68.627
155.000,-32.760,-0.042,0.600,68.487
155.020,-33.311,-0.009,0.600,68.312
155.040,-33.404,0.024,0.600,68.115
155.060,-33.012,0.061,0.600,67.907
155.080,-32.150,0.089,0.600,67.702
155.100,-30.768,0.128,0.600,67.512
155.120,-28.951,0.162,0.600,67.349
155.140,-26.713,0.199,0.600,67.223
155.160,-24.059,0.232,0.600,67.144
155.180,-21.059,0.266,0.597,67.114
155.200,-17.713,0.298,0.597,67.138
155.220,-14.168,0.324,0.597,67.213
155.240,-10.336,0.352,0.597,67.338
155.260,-6.422,0.367,0.597,67.503
155.280,-2.379,0.394,0.597,67.700
155.300,1.729,0.403,0.597,67.920
155.320,5.760,0.419,0.597,68.151
155.340,9.721,0.422,0.597,68.375
155.360,13.576,0.421,0.597,68.585
155.380,17.209,0.422,0.597,68.762
155.400,20.572,0.414,0.597,68.901
155.420,23.684,0.406,0.597,68.993
155.440,26.408,0.382,0.597,69.030
155.460,28.746,0.369,0.597,69.008
155.480,30.680,0.344,0.597,68.931
155.500,32.162,0.313,0.597,68.804
155.520,33.176,0.286,0.597,68.632
155.540,33.703,0.257,0.597,68.426
155.560,33.738,0.224,0.597,68.197
155.580,33.316,0.189,0.597,67.959
155.600,32.373,0.149,0.597,67.724
155.620,30.973,0.120,0.597,67.505
155.640,29.133,0.080,0.597,67.315
155.660,26.883,0.048,0.596,67.161
155.680,24.182,0.012,0.596,67.054
155.700,21.164,-0.017,0.596,66.998
155.720,17.854,-0.052,0.596,66.994
155.740,14.262,-0.075,0.596,67.044
155.760,10.471,-0.102,0.596,67.141
155.780,6.527,-0.122,0.596,67.282
155.800,2.490,-0.141,0.596,67.455
155.820,-1.588,-0.153,0.596,67.649
155.840,-5.619,-0.168,0.596,67.853
155.860,-9.609,-0.164,0.596,68.056
155.880,-13.406,-0.170,0.596,68.239
155.900,-17.027,-0.158,0.596,68.395
155.920,-20.432,-0.157,0.596,68.509
155.940,-23.490,-0.144,0.596,68.579
155.960,-26.191,-0.131,0.596,68.597
155.980,-28.529,-0.107,0.596,68.560
156.000,-30.445,-0.086,0.596,68.471
156.020,-31.904,-0.058,0.596,68.332
156.040,-32.883,-0.032,0.596,68.153
156.060,-33.334,0.001,0.596,67.943
156.080,-33.363,0.031,0.596,67.714
156.100,-32.936,0.067,0.596,67.477
156.120,-31.980,0.103,0.596,67.246
156.140,-30.533,0.133,0.596,67.034
156.160,-28.646,0.176,0.596,66.853
156.180,-26.326,0.203,0.596,66.713
156.200,-23.643,0.246,0.596,66.619
156.220,-20.572,0.271,0.596,66.580
156.240,-17.221,0.307,0.596,66.595
156.260,-13.629,0.330,0.596,66.665
156.280,-9.785,0.356,0.596,66.783
156.300,-5.818,0.377,0.596,66.945
156.320,-1.746,0.398,0.596,67.142
156.340,2.320,0.410,0.596,67.361
156.360,6.369,0.423,0.596,67.592
156.380,10.307,0.424,0.596,67.820
156.400,14.121,0.427,0.598,68.030
156.420,17.719,0.422,0.598,68.213
156.440,21.053,0.416,0.598,68.357
156.460,24.111,0.406,0.598,68.455
156.480,26.777,0.384,0.598,68.499
156.500,29.068,0.369,0.598,68.489
156.520,30.932,0.343,0.598,68.317
156.540,32.344,0.320,0.598,68.317
156.560,33.281,0.286,0.598,68.166
156.580,33.744,0.258,0.598,67.983
156.600,33.703,0.225,0.598,67.781
156.620,33.211,0.189,0.598,67.573
156.640,32.186,0.155,0.598,67.371
156.660,30.721,0.117,0.598,67.188
156.680,28.822,0.079,0.598,67.035
156.700,26.496,0.048,0.598,66.923
156.720,23.748,0.012,0.598,66.858
156.740,20.689,-0.018,0.598,66.846
156.760,17.338,-0.048,0.598,66.886
156.780,13.705,-0.079,0.598,66.980
156.800,9.885,-0.096,0.598,67.121
156.820,5.924,-0.127,0.598,67.303
156.840,1.893,-0.129,0.598,67.518
156.860,-2.186,-0.162,0.598,67.751
156.880,-6.211,-0.154,0.598,67.997
156.900,-10.178,-0.172,0.599,68.227
156.920,-13.951,-0.155,0.599,68.447
156.940,-17.543,-0.166,0.599,68.625
156.960,-20.889,-0.147,0.599,68.769
156.980,-23.906,-0.145,0.599,68.856
157.000,-26.549,-0.119,0.599,68.895
157.020,-28.828,-0.108,0.599,68.872
157.040,-30.697,-0.080,0.599,68.798
157.060,-32.068,-0.054,0.599,68.673
157.080,-33.006,-0.028,0.599,68.506
157.100,-33.393,0.004,0.599,68.307
157.120,-33.322,0.035,0.599,68.089
157.140,-32.807,0.074,0.599,67.863
157.160,-31.775,0.103,0.599,67.643
157.180,-30.275,0.145,0.599,67.441
157.200,-28.312,0.178,0.599,67.269
157.220,-25.934,0.211,0.599,67.138
157.240,-23.191,0.247,0.599,67.052
157.260,-20.068,0.272,0.599,67.018
157.280,-16.670,0.312,0.599,67.035
157.300,-13.049,0.331,0.599,67.105
157.320,-9.176,0.360,0.599,67.220
157.340,-5.186,0.379,0.599,67.376
157.360,-1.131,0.397,0.599,67.560
157.380,2.941,0.410,0.599,67.763
157.400,6.955,0.421,0.599,67.974
157.420,10.898,0.418,0.599,68.175
157.440,14.689,0.424,0.599,68.358
157.460,18.252,0.414,0.599,68.507
157.480,21.539,0.413,0.599,68.615
157.500,24.551,0.395,0.599,68.676
157.520,27.158,0.382,0.599,68.681
157.540,29.379,0.358,0.599,68.633
157.560,31.178,0.336,0.599,68.530
157.580,32.520,0.307,0.599,68.381
157.600,33.387,0.278,0.599,68.190
157.620,33.768,0.244,0.599,67.970
157.640,33.668,0.215,0.599,67.731
157.660,33.082,0.177,0.599,67.489
157.680,32.010,0.144,0.599,67.255
157.700,30.457,0.107,0.599,67.043
157.720,28.494,0.066,0.599,66.862
157.740,26.109,0.041,0.599,66.724
157.760,23.314,-0.000,0.599,66.634
157.780,20.209,-0.027,0.599,66.599
157.800,16.805,-0.061,0.599,66.617
157.820,13.137,-0.084,0.599,66.690
157.840,9.299,-0.109,0.599,66.808
157.860,5.320,-0.130,0.599,66.971
157.880,1.295,-0.144,0.599,67.164
157.900,-2.771,-0.158,0.599,67.379
157.920,-6.814,-0.170,0.599,67.600
157.940,-10.764,-0.166,0.599,67.816
157.960,-14.502,-0.175,0.602,68.012
157.980,-18.029,-0.160,0.602,68.182
158.000,-21.334,-0.159,0.602,68.308
158.020,-24.316,-0.141,0.602,68.386
158.040,-26.912,-0.129,0.602,68.411
158.060,-29.139,-0.105,0.602,68.385
158.080,-30.914,-0.080,0.602,68.303
158.100,-32.221,-0.058,0.602,68.175
158.120,-33.064,-0.026,0.602,68.012
158.140,-33.375,0.004,0.602,67.819
158.160,-33.275,0.038,0.602,67.611
158.180,-32.672,0.070,0.602,67.399
158.200,-31.564,0.108,0.602,67.198
158.220,-30.000,0.141,0.602,67.018
158.240,-27.979,0.182,0.602,66.872
158.260,-25.559,0.211,0.602,66.770
158.280,-22.752,0.249,0.602,66.715
158.300,-19.564,0.277,0.602,66.717
158.320,-16.137,0.316,0.602,66.880
158.340,-12.469,0.333,0.602,66.880
158.360,-8.602,0.364,0.602,67.033
158.380,-4.588,0.385,0.602,67.230
158.400,-0.533,0.395,0.602,67.456
158.420,3.545,0.411,0.602,67.701
158.440,7.564,0.419,0.602,67.947
158.460,11.479,0.426,0.602,68.187
158.480,15.246,0.423,0.602,68.403
158.500,18.762,0.418,0.602,68.587
158.520,22.014,0.410,0.602,68.727
158.540,24.979,0.394,0.602,68.819
158.560,27.504,0.379,0.602,68.852
158.580,29.678,0.360,0.602,68.830
158.600,31.395,0.335,0.602,68.755
158.620,32.678,0.306,0.602,68.632
158.640,33.475,0.278,0.602,68.468
158.660,33.785,0.241,0.602,68.275
158.680,33.609,0.215,0.602,68.064
158.700,32.953,0.173,0.602,67.850
158.720,31.805,0.141,0.602,67.644
158.740,30.187,0.103,0.602,67.459
158.760,28.166,0.067,0.602,67.306
158.780,25.705,0.037,0.602,67.196
158.800,22.863,-0.004,0.602,67.131
158.820,19.711,-0.025,0.602,67.122
158.840,16.248,-0.065,0.602,67.159
158.860,12.562,-0.079,0.602,67.251
158.880,8.695,-0.111,0.602,67.384
158.900,4.723,-0.122,0.602,67.558
158.920,0.662,-0.143,0.602,67.754
158.940,-3.398,-0.151,0.602,67.970
158.960,-7.436,-0.165,0.602,68.184
158.980,-11.355,-0.162,0.602,68.390
159.000,-15.070,-0.166,0.602,68.569
159.020,-18.598,-0.155,0.602,68.717
159.040,-21.832,-0.148,0.602,68.818
159.060,-24.744,-0.134,0.602,68.866
159.080,-27.287,-0.118,0.602,68.860
159.100,-29.449,-0.099,0.602,68.798
159.120,-31.166,-0.069,0.602,68.685
159.140,-32.373,-0.046,0.602,68.521
159.160,-33.129,-0.012,0.602,68.321
159.180,-33.410,0.012,0.602,68.093
159.200,-33.234,0.049,0.602,67.850
159.220,-32.537,0.085,0.602,67.604
159.240,-31.371,0.118,0.602,67.369
159.260,-29.719,0.157,0.602,67.157
159.280,-27.627,0.186,0.602,66.843
159.300,-25.160,0.231,0.602,66.843
159.320,-22.289,0.255,0.602,66.759
159.340,-19.072,0.294,0.602,66.725
159.360,-15.604,0.314,0.602,66.749
159.380,-11.883,0.348,0.602,66.819
159.400,-7.998,0.360,0.602,66.942
159.420,-3.979,0.394,0.602,67.092
159.440,0.100,0.397,0.602,67.286
159.460,4.160,0.420,0.602,67.483
159.480,8.162,0.419,0.602,67.697
159.500,12.059,0.429,0.604,67.887
159.520,15.785,0.424,0.604,68.068
159.540,19.271,0.419,0.604,68.208
159.560,22.477,0.410,0.604,68.311
159.580,25.365,0.396,0.604,68.361
159.600,27.867,0.377,0.604,68.362
159.620,29.977,0.352,0.604,68.307
159.640,31.623,0.330,0.604,68.201
159.660,32.824,0.302,0.604,68.052
159.680,33.557,0.274,0.604,67.867
159.700,33.785,0.240,0.604,67.658
159.720,33.545,0.205,0.604,67.435
159.740,32.807,0.170,0.604,67.213
159.760,31.588,0.136,0.604,67.003
159.780,29.912,0.097,0.604,66.820
159.800,27.826,0.064,0.604,66.673
159.820,25.307,0.029,0.604,66.570
159.840,22.412,-0.007,0.604,66.518
159.860,19.219,-0.034,0.604,66.524
159.880,15.721,-0.066,0.604,66.581
159.900,12.006,-0.088,0.604,66.694
159.920,8.133,-0.116,0.604,66.851
159.940,4.113,-0.129,0.604,67.050
159.960,0.047,-0.150,0.604,67.274
159.980,-3.990,-0.161,0.604,67.519
160.000,-8.010,-0.167,0.604,67.763
160.020,-11.889,-0.171,0.604,67.999
160.040,-15.592,-0.166,0.604,68.210
160.060,-19.090,-0.166,0.604,68.388
160.080,-22.277,-0.151,0.604,68.522
160.100,-25.137,-0.141,0.604,68.605
160.120,-27.604,-0.120,0.604,68.634
160.140,-29.719,-0.101,0.604,68.607
160.160,-31.348,-0.075,0.604,68.528
160.180,-32.525,-0.049,0.604,68.403
160.200,-33.193,-0.017,0.604,68.241
160.220,-33.404,0.012,0.604,68.054
160.240,-33.152,0.046,0.604,67.853
160.260,-32.391,0.081,0.604,67.651
160.280,-31.148,0.116,0.604,67.462
160.300,-29.420,0.157,0.604,67.297
160.320,-27.264,0.186,0.604,67.167
160.340,-24.738,0.228,0.604,67.081
160.360,-21.814,0.253,0.604,67.044
160.380,-18.562,0.290,0.604,67.059
160.400,-15.070,0.316,0.604,67.128
160.420,-11.297,0.344,0.604,67.245
160.440,-7.395,0.365,0.604,67.407
160.460,-3.363,0.386,0.604,67.603
160.480,0.715,0.400,0.604,67.824
160.500,4.775,0.414,0.604,68.059
160.520,8.766,0.421,0.604,68.291
160.540,12.639,0.422,0.604,68.514
160.560,16.324,0.422,0.604,68.703
160.580,19.781,0.413,0.604,68.859
160.600,22.934,0.408,0.604,69.021
160.620,25.770,0.385,0.604,69.021
160.640,28.213,0.373,0.604,69.015
160.660,30.240,0.342,0.604,68.955
160.680,31.834,0.327,0.604,68.841
160.700,32.959,0.289,0.604,68.683
160.720,33.615,0.265,0.604,68.486
160.740,33.779,0.230,0.604,68.263
160.760,33.469,0.200,0.604,68.027
160.780,32.654,0.161,0.604,67.791
160.800,31.359,0.128,0.604,67.567
160.820,29.613,0.088,0.604,67.368
160.840,27.480,0.056,0.604,67.205
160.860,24.879,0.020,0.604,67.085
160.880,21.943,-0.013,0.604,67.013
160.900,18.703,-0.041,0.604,66.998
160.920,15.164,-0.073,0.604,67.030
160.940,11.414,-0.091,0.604,67.116
160.960,7.518,-0.122,0.604,67.243
160.980,3.504,-0.131,0.604,67.406
161.000,-0.551,-0.154,0.604,67.591
161.020,-4.623,-0.159,0.604,67.792
161.040,-8.602,-0.170,0.604,67.991
161.060,-12.463,-0.168,0.604,68.179
161.080,-16.131,-0.166,0.604,68.338
161.100,-19.582,-0.159,0.604,68.462
161.120,-22.758,-0.145,0.604,68.539
161.140,-25.547,-0.137,0.604,68.565
161.160,-27.955,-0.112,0.604,68.541
161.180,-30.000,-0.096,0.604,68.459
161.200,-31.576,-0.066,0.604,68.330
161.220,-32.684,-0.042,0.604,68.155
161.240,-33.258,-0.009,0.604,67.947
161.260,-33.416,0.020,0.604,67.717
161.280,-33.076,0.057,0.604,67.477
161.300,-32.238,0.088,0.604,67.239
161.320,-30.932,0.128,0.604,67.018
161.340,-29.156,0.161,0.604,66.824
161.360,-26.936,0.201,0.604,66.668
161.380,-24.340,0.232,0.604,66.561
161.400,-21.340,0.265,0.604,66.503
161.420,-18.059,0.296,0.604,66.502
161.440,-14.531,0.324,0.604,66.553
161.460,-10.740,0.353,0.604,66.658
161.480,-6.814,0.373,0.604,66.806
161.500,-2.754,0.394,0.604,66.992
161.520,1.330,0.410,0.604,67.204
161.540,5.379,0.418,0.604,67.434
161.560,9.340,0.423,0.604,67.659
161.580,13.184,0.429,0.604,67.874
161.600,16.863,0.423,0.604,68.063
161.620,20.256,0.419,0.604,68.216
161.640,23.379,0.406,0.604,68.325
161.660,26.156,0.390,0.604,68.384
161.680,28.541,0.371,0.604,68.389
161.700,30.510,0.349,0.604,68.338
161.720,32.033,0.324,0.604,68.239
161.740,33.094,0.293,0.604,68.097
161.760,33.668,0.263,0.604,67.923
161.780,33.773,0.233,0.604,67.725
161.800,33.387,0.194,0.604,67.518
161.820,32.479,0.163,0.604,67.314
161.840,31.125,0.123,0.604,67.126
161.860,29.320,0.091,0.604,66.966
161.880,27.117,0.050,0.604,66.845
161.900,24.469,0.020,0.604,66.769
161.920,21.480,-0.015,0.604,66.746
161.940,18.193,-0.043,0.604,66.859
161.960,14.619,-0.071,0.604,66.859
161.980,10.852,-0.097,0.604,66.989
162.000,6.920,-0.116,0.604,67.167
162.020,2.900,-0.136,0.604,67.373
162.040,-1.148,-0.147,0.604,67.608
162.060,-5.221,-0.161,0.604,67.848
162.080,-9.205,-0.160,0.604,68.091
162.100,-13.043,-0.168,0.604,68.312
162.120,-16.670,-0.158,0.604,68.508
162.140,-20.068,-0.158,0.604,68.662
162.160,-23.186,-0.143,0.604,68.824
162.180,-25.939,-0.129,0.604,68.824
162.200,-28.307,-0.112,0.604,68.820
162.220,-30.258,-0.087,0.604,68.762
162.240,-31.752,-0.063,0.604,68.651
162.260,-32.789,-0.030,0.604,68.498
162.280,-33.305,-0.005,0.604,68.096
162.300,-33.410,0.032,0.604,68.096
162.320,-32.965,0.059,0.604,67.874
162.340,-32.074,0.097,0.604,67.654
162.360,-30.680,0.129,0.604,67.450
162.380,-28.799,0.169,0.604,67.273
162.400,-26.555,0.199,0.604,67.134
162.420,-23.895,0.239,0.604,67.039
162.440,-20.859,0.265,0.604,66.995
162.460,-17.525,0.299,0.604,67.002
162.480,-13.934,0.323,0.604,67.061
162.500,-10.148,0.353,0.604,67.168
162.520,-6.187,0.376,0.604,67.316
162.540,-2.133,0.389,0.604,67.499
162.560,1.939,0.409,0.604,67.701
162.580,5.994,0.413,0.604,67.915
162.600,9.937,0.425,0.604,68.122
162.620,13.770,0.421,0.604,68.314
162.640,17.379,0.421,0.604,68.477
162.660,20.748,0.411,0.604,68.599
162.680,23.836,0.402,0.604,68.675
162.700,26.549,0.381,0.604,68.697
162.720,28.863,0.367,0.604,68.663
162.740,30.768,0.339,0.604,68.576
162.760,32.232,0.319,0.604,68.438
162.780,33.217,0.279,0.604,68.047
162.800,33.727,0.259,0.604,68.047
162.820,33.732,0.218,0.604,67.815
162.840,33.275,0.187,0.604,67.574
162.860,32.314,0.147,0.604,67.338
162.880,30.908,0.115,0.604,67.121
162.900,29.016,0.074,0.604,66.933
162.920,26.742,0.045,0.604,66.785
162.940,24.023,0.008,0.604,66.684
162.960,20.994,-0.021,0.600,66.636
162.980,17.678,-0.050,0.600,66.641
163.000,14.057,-0.078,0.600,66.700
163.020,10.260,-0.102,0.600,66.809
163.040,6.322,-0.127,0.600,66.961
163.060,2.273,-0.137,0.600,67.149
163.080,-1.775,-0.159,0.600,67.357
163.100,-5.818,-0.163,0.600,67.580
163.120,-9.791,-0.175,0.604,67.797
163.140,-13.623,-0.170,0.604,68.002
163.160,-17.215,-0.174,0.604,68.176
163.180,-20.578,-0.156,0.604,68.318
163.200,-23.643,-0.149,0.604,68.404
163.220,-26.314,-0.135,0.604,68.444
163.240,-28.652,-0.112,0.604,68.427
163.260,-30.568,-0.087,0.604,68.360
163.280,-31.986,-0.063,0.604,68.241
163.300,-32.953,-0.030,0.604,68.084
163.320,-33.357,-0.002,0.604,67.894
163.340,-33.410,0.029,0.604,67.687
163.360,-32.906,0.065,0.604,67.474
163.380,-31.939,0.097,0.604,67.267
163.400,-30.486,0.136,0.604,66.922
163.420,-28.553,0.171,0.604,66.922
163.440,-26.232,0.207,0.604,66.807
163.460,-23.525,0.239,0.604,66.739
163.480,-20.432,0.273,0.604,66.723
163.500,-17.057,0.306,0.604,66.764
163.520,-13.441,0.330,0.604,66.856
163.540,-9.592,0.356,0.604,67.000
163.560,-5.625,0.375,0.604,67.182
163.580,-1.564,0.398,0.604,67.399
163.600,2.502,0.408,0.604,67.638
163.620,6.557,0.420,0.604,67.886
163.640,10.488,0.423,0.604,68.128
163.660,14.309,0.425,0.604,68.350
163.680,17.900,0.422,0.604,68.543
163.700,21.229,0.414,0.604,68.694
163.720,24.264,0.399,0.604,68.799
163.740,26.918,0.385,0.604,68.846
163.760,29.174,0.361,0.604,68.840
163.780,31.014,0.341,0.604,68.664
163.800,32.414,0.315,0.604,68.664
163.820,33.328,0.282,0.604,68.510
163.840,33.750,0.253,0.604,68.323
163.860,33.691,0.219,0.604,68.117
163.880,33.164,0.187,0.604,67.903
163.900,32.127,0.145,0.604,67.695
163.920,30.650,0.115,0.604,67.506
163.940,28.711,0.074,0.604,67.346
163.960,26.361,0.045,0.604,67.226
163.980,23.596,0.007,0.604,67.152
164.000,20.508,-0.021,0.604,67.130
164.020,17.133,-0.056,0.604,67.160
164.040,13.482,-0.075,0.604,67.243
164.060,9.656,-0.107,0.604,67.369
164.080,5.707,-0.117,0.604,67.539
164.100,1.652,-0.142,0.604,67.735
164.120,-2.432,-0.150,0.604,67.952
164.140,-6.463,-0.161,0.604,68.171
164.160,-10.400,-0.162,0.604,68.385
164.180,-14.215,-0.158,0.604,68.576
164.200,-17.760,-0.158,0.604,68.733
164.220,-21.082,-0.154,0.604,68.849
164.240,-24.064,-0.137,0.604,68.916
164.260,-26.707,-0.121,0.604,68.927
164.280,-28.969,-0.106,0.604,68.882
164.300,-30.785,-0.076,0.604,68.785
164.320,-32.156,-0.050,0.604,68.636
164.340,-33.041,-0.019,0.604,68.446
164.360,-33.410,0.005,0.604,68.226
164.380,-33.334,0.043,0.604,67.988
164.400,-32.771,0.074,0.604,67.744
164.420,-31.746,0.112,0.604,67.508
164.440,-30.205,0.146,0.604,67.292
164.460,-28.225,0.184,0.604,67.107
164.480,-25.822,0.212,0.604,66.963
164.500,-23.057,0.250,0.604,66.866
164.520,-19.922,0.281,0.604,66.822
164.540,-16.506,0.311,0.604,66.832
164.560,-12.850,0.336,0.604,66.894
164.580,-8.982,0.363,0.604,67.002
164.600,-4.986,0.383,0.604,67.152
164.620,-0.943,0.402,0.604,67.331
164.640,3.152,0.414,0.604,67.533
164.660,7.166,0.421,0.604,67.738
164.680,11.092,0.427,0.604,67.939
164.700,14.877,0.425,0.604,68.119
164.720,18.422,0.423,0.604,68.272
164.740,21.703,0.412,0.604,68.383
164.760,24.703,0.402,0.604,68.446
164.780,27.275,0.380,0.604,68.458
164.800,29.473,0.361,0.604,68.413
164.820,31.248,0.338,0.604,68.319
164.840,32.584,0.311,0.604,68.177
164.860,33.422,0.278,0.604,67.999
164.880,33.768,0.249,0.604,67.791
164.900,33.645,0.211,0.604,67.569
164.920,33.029,0.182,0.604,67.343
164.940,31.939,0.139,0.604,67.127
164.960,30.387,0.107,0.604,66.935
164.980,28.389,0.067,0.604,66.775
165.000,25.963,0.038,0.604,66.660
165.020,23.156,-0.000,0.604,66.593
165.040,20.033,-0.026,0.604,66.582
165.060,16.611,-0.061,0.604,66.624
165.080,12.943,-0.083,0.604,66.723
165.100,9.094,-0.109,0.604,66.868
165.120,5.104,-0.125,0.604,67.055
165.140,1.066,-0.148,0.604,67.273
165.160,-3.006,-0.158,0.604,67.511
165.180,-7.043,-0.165,0.604,67.758
165.200,-10.945,-0.174,0.604,67.994
165.220,-14.707,-0.165,0.604,68.215
165.240,-18.246,-0.167,0.604,68.399
165.260,-21.527,-0.150,0.604,68.546
165.280,-24.463,-0.151,0.604,68.637
165.300,-27.053,-0.121,0.604,68.684
165.320,-29.244,-0.108,0.604,68.668
165.340,-30.996,-0.081,0.604,68.604
165.360,-32.285,-0.052,0.604,68.488
165.380,-33.105,-0.021,0.604,68.335
165.400,-33.404,0.004,0.604,68.152
165.420,-33.275,0.040,0.604,67.954
165.440,-32.643,0.074,0.604,67.752
165.460,-31.518,0.111,0.604,67.559
165.480,-29.912,0.145,0.604,67.388
165.500,-27.879,0.179,0.604,67.249
165.520,-25.424,0.220,0.604,67.153
165.540,-22.582,0.247,0.604,67.105
165.560,-19.406,0.281,0.604,67.108
165.580,-15.955,0.310,0.604,67.164
165.600,-12.264,0.340,0.604,67.270
165.620,-8.408,0.362,0.604,67.425
165.640,-4.371,0.383,0.604,67.614
165.660,-0.316,0.400,0.604,67.834
165.680,3.768,0.415,0.604,68.068
165.700,7.775,0.418,0.604,68.310
165.720,11.678,0.425,0.604,68.534
165.740,15.428,0.420,0.604,68.742
165.760,18.943,0.418,0.604,68.905
165.780,22.172,0.406,0.604,69.029
165.800,25.119,0.394,0.604,69.099
165.820,27.639,0.374,0.604,69.113
165.840,29.771,0.354,0.604,69.068
165.860,31.477,0.327,0.604,68.970
165.880,32.742,0.299,0.604,68.822
165.900,33.521,0.273,0.604,68.636
165.920,33.785,0.240,0.604,68.421
165.940,33.592,0.207,0.604,68.190
165.960,32.895,0.170,0.604,67.955
165.980,31.734,0.135,0.604,67.730
166.000,30.117,0.101,0.604,67.527
166.020,28.049,0.060,0.604,67.357
166.040,25.559,0.033,0.604,67.229
166.060,22.717,-0.008,0.604,67.148
166.080,19.547,-0.032,0.604,67.122
166.100,16.072,-0.065,0.604,67.146
166.120,12.375,-0.086,0.604,67.222
166.140,8.502,-0.116,0.604,67.340
166.160,4.488,-0.128,0.604,67.501
166.180,0.445,-0.149,0.604,67.684
166.200,-3.627,-0.155,0.604,67.886
166.220,-7.652,-0.169,0.604,68.087
166.240,-11.578,-0.165,0.604,68.282
166.260,-15.270,-0.167,0.604,68.451
166.280,-18.791,-0.161,0.604,68.587
166.300,-21.996,-0.150,0.604,68.679
166.320,-24.896,-0.143,0.604,68.720
166.340,-27.422,-0.118,0.604,68.709
166.360,-29.566,-0.099,0.604,68.642
166.380,-31.271,-0.072,0.604,68.524
166.400,-32.479,-0.049,0.604,68.359
166.420,-33.211,-0.011,0.604,68.160
166.440,-33.439,0.010,0.604,67.933
166.460,-33.229,0.054,0.604,67.695
166.480,-32.525,0.076,0.604,67.454
166.500,-31.336,0.121,0.604,67.228
166.520,-29.648,0.151,0.604,67.026
166.540,-27.562,0.192,0.604,66.859
166.560,-25.055,0.224,0.604,66.738
166.580,-22.172,0.257,0.603,66.666
166.600,-18.943,0.290,0.603,66.650
166.620,-15.451,0.316,0.603,66.687
166.640,-11.730,0.348,0.603,66.778
166.660,-7.822,0.365,0.603,66.914
166.680,-3.797,0.391,0.603,67.090
166.700,0.287,0.406,0.603,67.295
166.720,4.359,0.420,0.603,67.518
166.740,8.355,0.425,0.603,67.744
166.760,12.240,0.427,0.603,67.957
166.780,15.949,0.426,0.603,68.150
166.800,19.430,0.423,0.603,68.311
166.820,22.635,0.410,0.603,68.429
166.840,25.518,0.395,0.603,68.496
166.860,27.973,0.377,0.603,68.512
166.880,30.053,0.355,0.603,68.470
166.900,31.699,0.331,0.603,68.379
166.920,32.883,0.301,0.603,68.242
166.940,33.574,0.273,0.603,68.071
166.960,33.791,0.240,0.603,67.874
166.980,33.527,0.206,0.603,67.665
167.000,32.742,0.170,0.603,67.455
167.020,31.518,0.133,0.603,67.258
167.040,29.818,0.096,0.603,67.087
167.060,27.709,0.062,0.603,66.952
167.080,25.154,0.029,0.603,66.861
167.100,22.254,-0.001,0.603,66.820
167.120,19.037,-0.038,0.603,66.832
167.140,15.521,-0.058,0.603,66.899
167.160,11.807,-0.095,0.603,67.014
167.180,7.898,-0.109,0.603,67.178
167.200,3.885,-0.132,0.603,67.377
167.220,-0.176,-0.147,0.603,67.602
167.240,-4.236,-0.158,0.603,67.841
167.260,-8.238,-0.166,0.603,68.081
167.280,-12.117,-0.165,0.603,68.308
167.300,-15.803,-0.162,0.603,68.509
167.320,-19.283,-0.158,0.603,68.671
167.340,-22.482,-0.147,0.603,68.790
167.360,-25.289,-0.134,0.603,68.854
167.380,-27.779,-0.116,0.603,68.863
167.400,-29.848,-0.099,0.603,68.817
167.420,-31.477,-0.066,0.603,68.719
167.440,-32.607,-0.042,0.603,68.572
167.460,-33.229,-0.009,0.603,68.390
167.480,-33.445,0.021,0.603,68.180
167.500,-33.129,0.055,0.603,67.958
167.520,-32.385,0.088,0.603,67.735
167.540,-31.090,0.122,0.603,67.524
167.560,-29.344,0.162,0.603,67.339
167.580,-27.152,0.193,0.603,67.188
167.600,-24.604,0.231,0.603,67.082
167.620,-21.674,0.259,0.603,67.024
167.640,-18.398,0.297,0.603,67.018
167.660,-14.877,0.318,0.603,67.066
167.680,-11.109,0.348,0.603,67.160
167.700,-7.201,0.364,0.603,67.298
167.720,-3.164,0.391,0.603,67.471
167.740,0.914,0.401,0.603,67.671
167.760,4.963,0.418,0.603,67.880
167.780,8.959,0.420,0.603,68.094
167.800,12.838,0.423,0.603,68.287
167.820,16.500,0.421,0.603,68.459
167.840,19.939,0.414,0.603,68.589
167.860,23.098,0.402,0.603,68.680
167.880,25.916,0.388,0.603,68.712
167.900,28.324,0.367,0.603,68.693
167.920,30.334,0.344,0.603,68.617
167.940,31.910,0.323,0.603,68.489
167.960,33.012,0.290,0.603,68.318
167.980,33.645,0.267,0.603,68.113
168.000,33.779,0.226,0.603,67.885
168.020,33.434,0.199,0.603,67.644
168.040,32.584,0.156,0.603,67.405
168.060,31.301,0.129,0.603,67.181
168.080,29.531,0.087,0.603,66.984
168.100,27.357,0.055,0.603,66.825
168.120,24.744,0.017,0.602,66.710
168.140,21.791,-0.010,0.602,66.647
168.160,18.521,-0.048,0.601,66.637
168.180,14.971,-0.066,0.601,66.685
168.200,11.221,-0.100,0.601,66.779
168.220,7.312,-0.116,0.601,66.922
168.240,3.299,-0.140,0.601,67.099
168.260,-0.773,-0.152,0.601,67.306
168.280,-4.822,-0.163,0.601,67.523
168.300,-8.818,-0.168,0.601,67.743
168.320,-12.668,-0.170,0.601,67.948
168.340,-16.312,-0.170,0.601,68.130
168.360,-19.770,-0.163,0.601,68.275
168.380,-22.893,-0.150,0.601,68.377
168.400,-25.676,-0.139,0.601,68.426
168.420,-28.096,-0.113,0.601,68.424
168.440,-30.082,-0.098,0.601,68.364
168.460,-31.646,-0.064,0.601,68.258
168.480,-32.730,-0.043,0.601,68.107
168.500,-33.305,-0.008,0.601,67.925
168.520,-33.428,0.020,0.601,67.720
168.540,-33.035,0.058,0.601,67.295
168.560,-32.203,0.089,0.601,67.295
168.580,-30.861,0.125,0.601,67.100
168.600,-29.074,0.162,0.601,66.934
168.620,-26.818,0.198,0.601,66.806
168.640,-24.199,0.233,0.601,66.725
168.660,-21.211,0.262,0.601,66.695
168.680,-17.895,0.300,0.601,66.720
168.700,-14.344,0.319,0.601,66.799
168.720,-10.559,0.352,0.601,66.928
168.740,-6.604,0.369,0.601,67.101
168.760,-2.566,0.397,0.601,67.309
168.780,1.523,0.402,0.601,67.544
168.800,5.566,0.423,0.601,67.788
168.820,9.539,0.422,0.601,68.033
168.840,13.400,0.427,0.601,68.261
168.860,17.033,0.416,0.601,68.463
168.880,20.432,0.417,0.601,68.621
168.900,23.543,0.402,0.601,68.740
168.920,26.297,0.394,0.601,68.801
168.940,28.646,0.365,0.601,68.809
168.960,30.592,0.351,0.601,68.757
168.980,32.109,0.315,0.601,68.659
169.000,33.141,0.295,0.601,68.511
169.020,33.686,0.258,0.601,68.333
169.040,33.762,0.229,0.601,68.129
169.060,33.334,0.191,0.601,67.917
169.080,32.426,0.156,0.601,67.705
169.100,31.055,0.120,0.601,67.510
169.120,29.227,0.086,0.601,67.342
169.140,26.982,0.051,0.601,67.210
169.160,24.311,0.018,0.601,67.124
169.180,21.305,-0.013,0.601,67.088
169.200,18.000,-0.044,0.601,67.104
169.220,14.408,-0.072,0.601,67.173
169.240,10.623,-0.097,0.601,67.288
169.260,6.697,-0.118,0.601,67.447
169.280,2.666,-0.136,0.601,67.638
169.300,-1.406,-0.150,0.601,67.852
169.320,-5.449,-0.158,0.601,68.074
169.340,-9.445,-0.164,0.601,68.289
169.360,-13.260,-0.159,0.601,68.488
169.380,-16.881,-0.162,0.601,68.656
169.400,-20.279,-0.150,0.601,68.785
169.420,-23.355,-0.146,0.601,68.862
169.440,-26.104,-0.127,0.601,68.890
169.460,-28.453,-0.108,0.601,68.860
169.480,-30.387,-0.085,0.601,68.775
169.500,-31.863,-0.054,0.601,68.638
169.520,-32.854,-0.033,0.601,68.458
169.540,-33.363,0.004,0.601,68.246
169.560,-33.416,0.029,0.601,68.012
169.580,-32.965,0.069,0.601,67.769
169.600,-32.039,0.095,0.601,67.530
169.620,-30.609,0.139,0.601,67.309
169.640,-28.752,0.170,0.601,67.116
169.660,-26.455,0.210,0.601,66.961
169.680,-23.783,0.236,0.600,66.853
169.700,-20.725,0.274,0.600,66.796
169.720,-17.373,0.301,0.600,66.792
169.740,-13.805,0.332,0.600,66.843
169.760,-9.979,0.353,0.600,66.941
169.780,-6.000,0.377,0.600,67.082
169.800,-1.951,0.397,0.600,67.257
169.820,2.133,0.410,0.600,67.455
169.840,6.182,0.424,0.600,67.663
169.860,10.131,0.425,0.600,67.870
169.880,13.945,0.423,0.600,68.057
169.900,17.561,0.424,0.600,68.217
169.920,20.918,0.414,0.600,68.340
169.940,23.982,0.405,0.600,68.417
169.960,26.672,0.383,0.600,68.442
169.980,28.986,0.365,0.600,68.413
170.000,30.855,0.343,0.600,68.329
170.020,32.303,0.316,0.600,68.199
170.040,33.252,0.287,0.600,68.028
170.060,33.727,0.256,0.600,67.826
170.080,33.715,0.222,0.600,67.605
170.100,33.234,0.190,0.600,67.378
170.120,32.250,0.154,0.600,67.158
170.140,30.797,0.116,0.600,66.957
170.160,28.916,0.076,0.600,66.787
170.180,26.613,0.048,0.600,66.659
170.200,23.889,0.009,0.597,66.577
170.220,20.842,-0.021,0.597,66.552
170.240,17.502,-0.054,0.597,66.579
170.260,13.863,-0.075,0.597,66.662
170.280,10.066,-0.108,0.597,66.791
170.300,6.105,-0.120,0.597,66.970
170.320,2.080,-0.146,0.597,67.175
170.340,-1.998,-0.150,0.597,67.411
170.360,-6.029,-0.170,0.597,67.650
170.380,-10.014,-0.163,0.597,67.891
170.400,-13.799,-0.170,0.597,68.109
170.420,-17.379,-0.163,0.597,68.301
170.440,-20.754,-0.159,0.597,68.451
170.460,-23.760,-0.145,0.597,68.556
170.480,-26.449,-0.131,0.597,68.606
170.500,-28.752,-0.109,0.597,68.602
170.520,-30.621,-0.089,0.597,68.545
170.540,-32.021,-0.059,0.597,68.439
170.560,-32.953,-0.030,0.597,68.292
170.580,-33.369,-0.003,0.597,68.112
170.600,-33.352,0.033,0.597,67.914
170.620,-32.848,0.062,0.597,67.708
170.640,-31.846,0.102,0.597,67.509
170.660,-30.340,0.132,0.597,67.328
170.680,-28.418,0.178,0.597,67.177
170.700,-26.051,0.203,0.597,67.068
170.720,-23.332,0.244,0.597,67.003
170.740,-20.221,0.267,0.597,66.993
170.760,-16.834,0.307,0.597,67.030
170.780,-13.219,0.326,0.597,67.125
170.800,-9.357,0.360,0.597,67.261
170.820,-5.379,0.373,0.597,67.444
170.840,-1.330,0.400,0.597,67.653
170.860,2.748,0.406,0.597,67.886
170.880,6.791,0.422,0.597,68.120
170.900,10.717,0.418,0.597,68.351
170.920,14.520,0.424,0.597,68.558
170.940,18.082,0.416,0.597,68.736
170.960,21.393,0.408,0.597,68.869
170.980,24.428,0.397,0.597,68.952
171.000,27.041,0.378,0.597,68.978
171.020,29.297,0.360,0.597,68.949
171.040,31.090,0.335,0.597,68.863
171.060,32.484,0.311,0.597,68.729
171.080,33.357,0.277,0.597,68.553
171.100,33.762,0.247,0.597,68.345
171.120,33.680,0.215,0.597,68.117
171.140,33.111,0.178,0.597,67.883
171.160,32.062,0.141,0.597,67.655
171.180,30.533,0.112,0.597,67.446
171.200,28.594,0.068,0.597,67.267
171.220,26.227,0.044,0.597,67.130
171.240,23.455,0.001,0.597,67.036
171.260,20.344,-0.023,0.597,66.998
171.280,16.951,-0.059,0.597,67.009
171.300,13.295,-0.080,0.597,67.075
171.320,9.469,-0.105,0.597,67.183
171.340,5.496,-0.132,0.597,67.336
171.360,1.447,-0.141,0.597,67.517
171.380,-2.625,-0.158,0.597,67.720
171.400,-6.656,-0.166,0.597,67.926
171.420,-10.605,-0.168,0.597,68.128
171.440,-14.361,-0.169,0.597,68.304
171.460,-17.941,-0.166,0.597,68.453
171.480,-21.240,-0.152,0.597,68.560
171.500,-24.223,-0.148,0.597,68.619
171.520,-26.842,-0.121,0.597,68.624
171.540,-29.068,-0.105,0.597,68.574
171.560,-30.908,-0.074,0.597,68.470
171.580,-32.215,-0.058,0.597,68.319
171.600,-33.082,-0.020,0.597,68.130
171.620,-33.422,0.000,0.597,67.912
171.640,-33.328,0.043,0.597,67.678
171.660,-32.766,0.070,0.597,67.440
171.680,-31.676,0.114,0.597,67.212
171.700,-30.135,0.142,0.597,67.006
171.720,-28.113,0.186,0.597,66.832
171.740,-25.717,0.212,0.597,66.702
171.760,-22.916,0.255,0.597,66.620
171.780,-19.764,0.279,0.597,66.594
171.800,-16.348,0.316,0.597,66.621
171.820,-12.680,0.341,0.597,66.704
171.840,-8.818,0.360,0.597,66.835
171.860,-4.799,0.387,0.597,67.004
171.880,-0.732,0.402,0.597,67.209
171.900,3.334,0.420,0.597,67.432
171.920,7.371,0.423,0.597,67.665
171.940,11.291,0.429,0.599,67.886
171.960,15.053,0.426,0.599,68.092
171.980,18.598,0.424,0.599,68.263
172.000,21.861,0.414,0.599,68.399
172.020,24.838,0.402,0.599,68.484
172.040,27.398,0.379,0.599,68.517
172.060,29.602,0.363,0.599,68.494
172.080,31.324,0.334,0.599,68.417
172.100,32.643,0.311,0.599,68.296
172.120,33.451,0.280,0.599,68.136
172.140,33.773,0.248,0.599,67.950
172.160,33.621,0.215,0.599,67.746
172.180,32.971,0.180,0.599,67.540
172.200,31.857,0.143,0.599,67.343
172.220,30.258,0.108,0.599,67.169
172.240,28.271,0.066,0.599,67.028
172.260,25.834,0.040,0.599,66.929
172.280,23.004,0.001,0.599,66.879
172.300,19.852,-0.025,0.599,66.883
172.320,16.430,-0.059,0.599,66.940
172.340,12.727,-0.082,0.599,67.049
172.360,8.865,-0.108,0.599,67.204
172.380,4.898,-0.129,0.599,67.399
172.400,0.855,-0.137,0.599,67.624
172.420,-3.229,-0.158,0.599,67.863
172.440,-7.248,-0.158,0.599,68.109
172.460,-11.180,-0.169,0.599,68.339
172.480,-14.912,-0.159,0.599,68.553
172.500,-18.434,-0.162,0.599,68.726
172.520,-21.697,-0.148,0.599,68.860
172.540,-24.633,-0.141,0.599,68.938
172.560,-27.182,-0.116,0.599,68.964
172.580,-29.355,-0.105,0.599,68.931
172.600,-31.107,-0.071,0.599,68.847
172.620,-32.350,-0.050,0.599,68.711
172.640,-33.158,-0.021,0.599,68.538
172.660,-33.434,0.013,0.599,68.335
172.680,-33.246,0.043,0.599,68.116
172.700,-32.590,0.079,0.599,67.893
172.720,-31.436,0.112,0.599,67.678
172.740,-29.824,0.153,0.599,67.485
172.760,-27.756,0.181,0.599,67.324
172.780,-25.289,0.219,0.599,67.205
172.800,-22.436,0.248,0.599,67.133
172.820,-19.230,0.282,0.599,67.112
172.840,-15.785,0.310,0.599,67.142
172.860,-12.082,0.343,0.599,67.225
172.880,-8.180,0.359,0.599,67.351
172.900,-4.178,0.389,0.599,67.514
172.920,-0.100,0.394,0.599,67.705
172.940,3.973,0.417,0.599,67.910
172.960,7.980,0.417,0.599,68.117
172.980,11.877,0.426,0.599,68.486
173.000,15.604,0.422,0.599,68.486
173.020,19.119,0.418,0.599,68.625
173.040,22.336,0.408,0.599,68.719
173.060,25.260,0.391,0.599,68.763
173.080,27.750,0.375,0.599,68.750
173.100,29.889,0.348,0.599,68.684
173.120,31.553,0.332,0.599,68.562
173.140,32.783,0.300,0.599,68.397
173.160,33.533,0.272,0.599,68.194
173.180,33.785,0.235,0.599,67.964
173.200,33.562,0.209,0.599,67.719
173.220,32.842,0.161,0.599,67.474
173.240,31.652,0.139,0.599,67.239
173.260,29.988,0.093,0.599,67.029
173.280,27.943,0.064,0.599,66.853
173.300,25.430,0.025,0.599,66.721
173.320,22.553,-0.003,0.599,66.638
173.340,19.365,-0.035,0.599,66.610
173.360,15.879,-0.064,0.599,66.634
173.380,12.158,-0.092,0.599,66.713
173.400,8.303,-0.110,0.599,66.836
173.420,4.301,-0.137,0.599,67.000
173.440,0.246,-0.145,0.599,67.193
173.460,-3.820,-0.166,0.599,67.403
173.480,-7.840,-0.162,0.599,67.618
173.500,-11.754,-0.176,0.605,67.820
173.520,-15.445,-0.164,0.605,68.004
173.540,-18.932,-0.171,0.605,68.150
173.560,-22.143,-0.149,0.605,68.261
173.580,-25.020,-0.146,0.605,68.315
173.600,-27.533,-0.121,0.605,68.324
173.620,-29.648,-0.099,0.605,68.274
173.640,-31.324,-0.075,0.605,68.175
173.660,-32.496,-0.046,0.605,68.030
173.680,-33.211,-0.021,0.605,67.850
173.700,-33.434,0.017,0.605,67.647
173.720,-33.199,0.040,0.605,67.429
173.740,-32.473,0.088,0.605,67.213
173.760,-31.236,0.111,0.605,67.010
173.780,-29.543,0.160,0.605,66.833
173.800,-27.416,0.184,0.605,66.692
173.820,-24.896,0.225,0.605,66.595
173.840,-21.990,0.257,0.605,66.550
173.860,-18.744,0.290,0.605,66.559
173.880,-15.246,0.320,0.605,66.623
173.900,-11.508,0.342,0.605,66.739
173.920,-7.600,0.369,0.605,66.901
173.940,-3.580,0.386,0.605,67.101
173.960,0.498,0.401,0.605,67.329
173.980,4.570,0.417,0.605,67.571
174.000,8.555,0.423,0.605,67.817
174.020,12.439,0.423,0.605,68.052
174.040,16.148,0.426,0.605,68.261
174.060,19.605,0.414,0.605,68.435
174.080,22.781,0.408,0.605,68.565
174.100,25.658,0.389,0.605,68.641
174.120,28.090,0.378,0.605,68.661
174.140,30.170,0.348,0.605,68.626
174.160,31.764,0.327,0.605,68.539
174.180,32.936,0.297,0.605,68.405
174.200,33.592,0.265,0.605,68.040
174.220,33.785,0.235,0.605,68.040
174.240,33.498,0.202,0.605,67.831
174.260,32.689,0.165,0.605,67.620
174.280,31.441,0.132,0.605,67.422
174.300,29.695,0.095,0.605,67.249
174.320,27.580,0.058,0.605,67.110
174.340,25.014,0.031,0.605,67.016
174.360,22.078,-0.013,0.605,66.969
174.380,18.850,-0.029,0.605,66.978
174.400,15.328,-0.077,0.605,67.035
174.420,11.578,-0.079,0.605,67.146
174.440,7.682,-0.125,0.605,67.294
174.460,3.674,-0.116,0.605,67.487
174.480,-0.398,-0.158,0.605,67.693
174.500,-4.453,-0.148,0.605,67.923
174.520,-8.467,-0.173,0.605,68.141
174.540,-12.322,-0.157,0.605,68.354
174.560,-16.014,-0.169,0.605,68.532
174.580,-19.477,-0.150,0.605,68.679
174.600,-22.635,-0.153,0.605,68.774
174.620,-25.453,-0.127,0.605,68.819
174.640,-27.896,-0.117,0.605,68.806
174.660,-29.936,-0.089,0.605,68.738
174.680,-31.553,-0.065,0.605,68.618
174.700,-32.684,-0.041,0.605,68.453
174.720,-33.264,-0.004,0.605,68.252
174.740,-33.434,0.020,0.605,68.025
174.760,-33.117,0.061,0.605,67.788
174.780,-32.320,0.083,0.605,67.551
174.800,-31.037,0.128,0.605,67.327
174.820,-29.256,0.161,0.605,67.130
174.840,-27.053,0.196,0.605,66.968
174.860,-24.480,0.232,0.605,66.852
174.880,-21.516,0.269,0.605,66.785
174.900,-18.240,0.291,0.605,66.774
174.920,-14.713,0.328,0.605,66.813
174.940,-10.928,0.346,0.605,66.905
174.960,-7.008,0.377,0.605,67.040
174.980,-2.953,0.389,0.605,67.210
175.000,1.107,0.411,0.605,67.407
175.020,5.174,0.418,0.605,67.616
175.040,9.158,0.423,0.605,67.828
175.060,13.020,0.427,0.605,68.021
175.080,16.705,0.425,0.605,68.194
175.100,20.109,0.417,0.605,68.329
175.120,23.244,0.409,0.605,68.422
175.140,26.045,0.387,0.605,68.461
175.160,28.447,0.372,0.605,68.448
175.180,30.434,0.346,0.605,68.379
175.200,31.986,0.322,0.605,68.262
175.220,33.064,0.298,0.605,68.102
175.240,33.656,0.262,0.605,67.694
175.260,33.773,0.234,0.605,67.694
175.280,33.416,0.195,0.605,67.469
175.300,32.537,0.163,0.605,67.247
175.320,31.207,0.124,0.605,67.041
175.340,29.402,0.085,0.605,66.864
175.360,27.229,0.054,0.605,66.725
175.380,24.598,0.017,0.605,66.632
175.400,21.615,-0.011,0.605,66.604
175.420,18.346,-0.044,0.605,66.604
175.440,14.777,-0.071,0.605,66.673
175.460,11.010,-0.100,0.605,66.791
175.480,7.113,-0.119,0.605,66.960
175.500,3.082,-0.138,0.605,67.158
175.520,-0.990,-0.151,0.605,67.387
175.540,-5.039,-0.167,0.605,67.624
175.560,-9.041,-0.164,0.605,67.867
175.580,-12.850,-0.173,0.605,68.090
175.600,-16.523,-0.162,0.605,68.291
175.620,-19.934,-0.165,0.605,68.451
175.640,-23.051,-0.145,0.605,68.568
175.660,-25.828,-0.138,0.605,68.630
175.680,-28.201,-0.112,0.605,68.638
175.700,-30.199,-0.093,0.605,68.592
175.720,-31.723,-0.067,0.605,68.495
175.740,-32.760,-0.039,0.605,68.356
175.760,-33.305,-0.010,0.605,68.181
175.780,-33.398,0.024,0.605,67.985
175.800,-32.994,0.058,0.605,67.777
175.820,-32.127,0.094,0.605,67.573
175.840,-30.762,0.124,0.605,67.385
175.860,-28.945,0.169,0.605,67.224
175.880,-26.672,0.192,0.605,67.102
175.900,-24.041,0.237,0.605,67.022
175.920,-21.012,0.258,0.605,66.996
175.940,-17.701,0.303,0.605,67.020
175.960,-14.156,0.325,0.605,67.101
175.980,-10.330,0.350,0.605,67.226
176.000,-6.381,0.373,0.605,67.397
176.020,-2.332,0.388,0.605,67.598
176.040,1.734,0.406,0.605,67.824
176.060,5.789,0.416,0.605,68.056
176.080,9.750,0.421,0.605,68.289
176.100,13.594,0.421,0.605,68.499
176.120,17.238,0.423,0.605,68.686
176.140,20.602,0.413,0.605,68.829
176.160,23.695,0.401,0.605,68.928
176.180,26.426,0.385,0.605,68.968
176.200,28.764,0.364,0.605,68.952
176.220,30.691,0.343,0.605,68.879
176.240,32.186,0.318,0.605,68.756
176.260,33.182,0.286,0.605,68.590
176.280,33.703,0.257,0.605,68.388
176.300,33.738,0.222,0.605,68.166
176.320,33.311,0.193,0.605,67.932
176.340,32.361,0.152,0.605,67.703
176.360,30.979,0.122,0.605,67.489
176.380,29.115,0.076,0.605,67.302
176.400,26.848,0.054,0.605,67.154
176.420,24.170,0.007,0.605,67.051
176.440,21.146,-0.014,0.605,67.001
176.460,17.824,-0.055,0.605,67.001
176.480,14.215,-0.078,0.605,67.056
176.500,10.436,-0.102,0.605,67.159
176.520,6.486,-0.125,0.605,67.302
176.540,2.479,-0.140,0.605,67.479
176.560,-1.611,-0.155,0.605,67.678
176.580,-5.660,-0.162,0.605,67.887
176.600,-9.633,-0.169,0.605,68.090
176.620,-13.447,-0.168,0.605,68.279
176.640,-17.057,-0.167,0.605,68.436
176.660,-20.449,-0.160,0.605,68.557
176.680,-23.531,-0.145,0.605,68.628
176.700,-26.227,-0.131,0.605,68.650
176.720,-28.564,-0.108,0.605,68.613
176.740,-30.486,-0.085,0.605,68.524
176.760,-31.910,-0.062,0.605,68.385
176.780,-32.930,-0.029,0.605,68.206
176.800,-33.381,-0.004,0.605,67.994
176.820,-33.404,0.035,0.605,67.765
176.840,-32.947,0.061,0.605,67.528
176.860,-32.004,0.106,0.605,67.297
176.880,-30.557,0.132,0.605,67.085
176.900,-28.670,0.178,0.605,66.903
176.920,-26.350,0.201,0.605,66.762
176.940,-23.654,0.250,0.603,66.669
176.960,-20.566,0.269,0.603,66.628
176.980,-17.227,0.314,0.603,66.644
177.000,-13.629,0.326,0.603,66.711
177.020,-9.785,0.363,0.603,66.831
177.040,-5.807,0.379,0.603,66.987
177.060,-1.746,0.401,0.603,67.187
177.080,2.338,0.411,0.603,67.402
177.100,6.387,0.424,0.603,67.635
177.120,10.324,0.425,0.603,67.856
177.140,14.139,0.427,0.603,68.068
177.160,17.730,0.425,0.603,68.245
177.180,21.070,0.419,0.603,68.391
177.200,24.152,0.403,0.603,68.485
177.220,26.789,0.388,0.603,68.529
177.240,29.074,0.367,0.603,68.517
177.260,30.937,0.343,0.603,68.452
177.280,32.361,0.317,0.603,68.340
177.300,33.293,0.285,0.603,68.186
177.320,33.738,0.257,0.603,68.002
177.340,33.709,0.221,0.603,67.798
177.360,33.199,0.186,0.603,67.589
177.380,32.186,0.153,0.603,67.386
177.400,30.721,0.114,0.603,67.203
177.420,28.805,0.076,0.603,67.050
177.440,26.479,0.045,0.603,66.938
177.460,23.736,0.009,0.603,66.874
177.480,20.672,-0.018,0.603,66.861
177.500,17.297,-0.051,0.603,66.903
177.520,13.652,-0.075,0.603,66.996
177.540,9.861,-0.103,0.603,67.138
177.560,5.889,-0.121,0.603,67.538
177.580,1.852,-0.136,0.603,67.538
177.600,-2.227,-0.150,0.603,67.771
177.620,-6.258,-0.159,0.603,68.012
177.640,-10.242,-0.167,0.603,68.247
177.660,-14.021,-0.163,0.603,68.464
177.680,-17.590,-0.161,0.603,68.791
177.700,-20.924,-0.154,0.603,68.791
177.720,-23.918,-0.137,0.603,68.882
177.740,-26.578,-0.130,0.603,68.919
177.760,-28.863,-0.102,0.603,68.901
177.780,-30.715,-0.084,0.603,68.826
177.800,-32.068,-0.050,0.603,68.705
177.820,-32.988,-0.029,0.603,68.342
177.840,-33.369,0.005,0.603,68.342
177.860,-33.346,0.033,0.603,68.125
177.880,-32.801,0.073,0.603,67.902
177.900,-31.775,0.100,0.603,67.684
177.920,-30.258,0.140,0.603,67.486
177.940,-28.301,0.175,0.603,67.187
177.960,-25.934,0.211,0.603,67.187
177.980,-23.186,0.244,0.603,67.103
178.000,-20.062,0.272,0.603,67.071
178.020,-16.652,0.311,0.603,67.089
178.040,-13.014,0.327,0.603,67.163
178.060,-9.164,0.364,0.603,67.277
178.080,-5.180,0.375,0.603,67.436
178.100,-1.102,0.402,0.603,67.620
178.120,2.965,0.406,0.603,67.830
178.140,7.002,0.421,0.603,68.036
178.160,10.910,0.421,0.603,68.242
178.180,14.707,0.428,0.604,68.421
178.200,18.258,0.413,0.604,68.577
178.220,21.557,0.416,0.604,68.680
178.240,24.568,0.389,0.604,68.744
178.260,27.164,0.385,0.604,68.745
178.280,29.396,0.352,0.604,68.696
178.300,31.172,0.340,0.604,68.589
178.320,32.531,0.303,0.604,68.439
178.340,33.381,0.280,0.604,68.247
178.360,33.756,0.245,0.604,68.025
178.380,33.662,0.216,0.604,67.786
178.400,33.082,0.175,0.604,67.542
178.420,31.998,0.141,0.604,67.307
178.440,30.451,0.107,0.604,67.092
178.460,28.488,0.066,0.604,66.770
178.480,26.098,0.038,0.604,66.770
178.500,23.285,-0.001,0.601,66.676
178.520,20.186,-0.024,0.601,66.640
178.540,16.770,-0.067,0.601,66.654
178.560,13.096,-0.080,0.601,66.725
178.580,9.275,-0.116,0.601,66.840
178.600,5.309,-0.124,0.601,67.000
178.620,1.254,-0.149,0.601,67.187
178.640,-2.812,-0.157,0.601,67.398
178.660,-6.844,-0.169,0.601,67.825
178.680,-10.787,-0.168,0.601,67.825
178.700,-14.543,-0.168,0.601,68.177
178.720,-18.111,-0.166,0.601,68.177
178.740,-21.387,-0.158,0.601,68.299
178.760,-24.352,-0.145,0.601,68.372
178.780,-26.947,-0.129,0.601,68.393
178.800,-29.168,-0.105,0.601,68.360
178.820,-30.961,-0.080,0.601,68.276
178.840,-32.262,-0.055,0.601,68.143
178.860,-33.105,-0.024,0.601,67.974
178.880,-33.398,0.006,0.601,67.776
178.900,-33.305,0.039,0.601,67.563
178.920,-32.695,0.070,0.601,67.347
178.940,-31.594,0.109,0.601,67.142
178.960,-30.012,0.143,0.601,66.958
178.980,-27.984,0.182,0.601,66.808
179.000,-25.553,0.219,0.601,66.702
179.020,-22.740,0.249,0.601,66.645
179.040,-19.605,0.280,0.601,66.643
179.060,-16.137,0.313,0.601,66.695
179.080,-12.457,0.336,0.601,66.800
179.100,-8.572,0.365,0.601,66.952
179.120,-4.564,0.380,0.601,67.146
179.140,-0.527,0.405,0.601,67.368
179.160,3.562,0.415,0.601,67.611
179.180,7.570,0.422,0.601,67.860
179.200,11.484,0.424,0.601,68.098
179.220,15.258,0.426,0.601,68.316
179.240,18.779,0.418,0.601,68.503
179.260,22.014,0.411,0.601,68.643
179.280,24.984,0.395,0.601,68.735
179.300,27.527,0.381,0.601,68.769
179.320,29.684,0.356,0.601,68.749
179.340,31.412,0.336,0.601,68.675
179.360,32.684,0.306,0.601,68.553
179.380,33.475,0.277,0.601,68.393
179.400,33.779,0.244,0.601,68.202
179.420,33.609,0.211,0.601,67.996
179.440,32.947,0.175,0.601,67.785
179.460,31.787,0.139,0.601,67.583
179.480,30.187,0.105,0.601,67.404
179.500,28.166,0.066,0.601,67.256
179.520,25.687,0.037,0.601,67.152
179.540,22.840,-0.001,0.601,67.090
179.560,19.682,-0.025,0.601,67.090
179.580,16.225,-0.062,0.601,67.133
179.600,12.521,-0.078,0.601,67.233
179.620,8.666,-0.110,0.601,67.554
179.640,4.676,-0.123,0.601,67.554
179.660,0.621,-0.147,0.601,67.758
179.680,-3.445,-0.153,0.601,67.984
179.700,-7.488,-0.162,0.601,68.206
179.720,-11.385,-0.165,0.601,68.418
179.740,-15.117,-0.161,0.601,68.607
179.760,-18.633,-0.162,0.601,68.760
179.780,-21.879,-0.147,0.601,68.870
179.800,-24.773,-0.137,0.601,68.925
179.820,-27.322,-0.117,0.601,68.927
179.840,-29.473,-0.098,0.601,68.870
179.860,-31.195,-0.073,0.601,68.762
179.880,-32.443,-0.045,0.601,68.604
179.900,-33.176,-0.016,0.601,68.409
179.920,-33.422,0.015,0.601,68.186
179.940,-33.258,0.048,0.601,67.947
179.960,-32.555,0.079,0.601,67.706
179.980,-31.389,0.119,0.601,67.476
180.000,-29.730,0.154,0.601,67.268
180.020,-27.662,0.188,0.601,67.094
180.040,-25.166,0.227,0.601,66.963
180.060,-22.283,0.259,0.601,66.881
180.080,-19.084,0.287,0.601,66.853
180.100,-15.592,0.322,0.601,66.875
180.120,-11.889,0.344,0.601,66.952
180.140,-7.998,0.365,0.601,67.073
180.160,-3.979,0.387,0.601,67.229
180.180,0.094,0.408,0.601,67.414
180.200,4.172,0.416,0.601,67.618
180.220,8.174,0.424,0.601,67.826
180.240,12.070,0.427,0.601,68.021
180.260,15.797,0.424,0.601,68.195
180.280,19.289,0.421,0.601,68.335
180.300,22.506,0.412,0.601,68.432
180.320,25.395,0.394,0.601,68.484
180.340,27.873,0.379,0.601,68.476
180.360,29.977,0.352,0.601,68.419
180.380,31.635,0.329,0.601,68.306
180.400,32.830,0.298,0.601,68.152
180.420,33.557,0.273,0.601,67.960
180.440,33.803,0.236,0.601,67.746
180.460,33.539,0.203,0.601,67.517
180.480,32.807,0.168,0.601,67.289
180.500,31.582,0.132,0.601,67.074
180.520,29.906,0.095,0.601,66.885
180.540,27.814,0.059,0.601,66.732
180.560,25.283,0.029,0.601,66.624
180.580,22.400,-0.006,0.597,66.565
180.600,19.195,-0.038,0.597,66.564
180.620,15.691,-0.067,0.597,66.615
180.640,11.971,-0.091,0.597,66.722
180.660,8.086,-0.112,0.597,66.872
180.680,4.078,-0.137,0.597,67.064
180.700,0.029,-0.145,0.597,67.284
180.720,-4.043,-0.162,0.597,67.758
180.740,-8.045,-0.163,0.597,67.758
180.760,-11.941,-0.172,0.600,67.988
180.780,-15.645,-0.166,0.600,68.192
180.800,-19.102,-0.165,0.600,68.366
180.820,-22.318,-0.151,0.600,68.491
180.840,-25.160,-0.137,0.600,68.570
180.860,-27.656,-0.119,0.600,68.589
180.880,-29.742,-0.094,0.600,68.560
180.900,-31.371,-0.077,0.600,68.473
180.920,-32.543,-0.045,0.600,68.181
180.940,-33.205,-0.016,0.600,68.181
180.960,-33.422,0.015,0.600,67.992
180.980,-33.146,0.049,0.600,67.788
181.000,-32.396,0.078,0.600,67.585
181.020,-31.143,0.121,0.600,67.229
181.040,-29.402,0.150,0.600,67.229
181.060,-27.281,0.191,0.600,67.013
181.080,-24.727,0.221,0.600,67.013
181.100,-21.803,0.261,0.600,66.975
181.120,-18.539,0.281,0.600,66.995
181.140,-15.035,0.322,0.600,67.060
181.160,-11.291,0.339,0.600,67.184
181.180,-7.377,0.370,0.600,67.343
181.200,-3.340,0.380,0.600,67.545
181.220,0.732,0.408,0.600,67.766
181.240,4.799,0.410,0.600,68.007
181.260,8.771,0.426,0.600,68.241
181.280,12.656,0.416,0.600,68.466
181.300,16.348,0.426,0.600,68.659
181.320,19.799,0.409,0.600,68.821
181.340,22.969,0.409,0.600,68.931
181.360,25.793,0.386,0.600,68.993
181.380,28.219,0.374,0.600,68.939
181.400,30.246,0.345,0.600,68.830
181.420,31.840,0.329,0.600,68.677
181.440,32.971,0.290,0.600,68.677
181.460,33.621,0.267,0.600,68.485
181.480,33.779,0.232,0.600,68.269
181.500,33.469,0.200,0.600,67.809
181.520,32.643,0.161,0.600,67.809
181.540,31.359,0.128,0.600,67.591
181.560,29.607,0.093,0.600,67.398
181.580,27.469,0.057,0.600,67.241
181.600,24.873,0.025,0.600,67.127
181.620,21.937,-0.016,0.600,67.062
181.640,18.680,-0.040,0.600,67.051
181.660,15.129,-0.074,0.600,67.091
181.680,11.391,-0.090,0.600,67.183
181.700,7.465,-0.120,0.600,67.312
181.720,3.457,-0.134,0.600,67.484
181.740,-0.609,-0.155,0.600,67.677
181.760,-4.664,-0.157,0.600,67.885
181.780,-8.654,-0.172,0.600,68.086
181.800,-12.527,-0.166,0.600,68.280
181.820,-16.195,-0.168,0.600,68.442
181.840,-19.641,-0.159,0.600,68.570
181.860,-22.799,-0.149,0.600,68.650
181.880,-25.588,-0.137,0.600,68.680
181.900,-28.037,-0.112,0.600,68.655
181.920,-30.053,-0.092,0.600,68.575
181.940,-31.635,-0.066,0.600,68.445
181.960,-32.713,-0.038,0.600,68.270
181.980,-33.305,-0.009,0.600,68.062
182.000,-33.439,0.025,0.600,67.831
182.020,-33.123,0.058,0.600,67.590
182.040,-32.297,0.087,0.600,67.352
182.060,-30.979,0.130,0.600,67.129
182.080,-29.180,0.162,0.600,66.934
182.100,-26.947,0.200,0.600,66.777
182.120,-24.352,0.236,0.600,66.667
182.140,-21.369,0.268,0.600,66.607
182.160,-18.070,0.299,0.600,66.604
182.180,-14.520,0.327,0.600,66.653
182.200,-10.734,0.355,0.600,66.755
182.220,-6.803,0.371,0.600,66.901
182.240,-2.754,0.394,0.600,67.084
182.260,1.336,0.410,0.600,67.292
182.280,5.379,0.423,0.600,67.515
182.300,9.357,0.424,0.600,67.739
182.320,13.225,0.426,0.600,67.947
182.340,16.869,0.423,0.600,68.132
182.360,20.279,0.422,0.600,68.279
182.380,23.414,0.406,0.600,68.385
182.400,26.180,0.389,0.600,68.437
182.420,28.553,0.369,0.600,68.435
182.440,30.521,0.348,0.600,68.380
182.460,32.045,0.325,0.600,68.275
182.480,33.100,0.291,0.600,68.128
182.500,33.674,0.265,0.600,67.948
182.520,33.768,0.229,0.600,67.746
182.540,33.381,0.198,0.600,67.534
182.560,32.484,0.161,0.600,67.326
182.580,31.131,0.124,0.600,67.134
182.600,29.314,0.089,0.600,66.971
182.620,27.100,0.057,0.600,66.846
182.640,24.451,0.022,0.600,66.766
182.660,21.463,-0.009,0.600,66.738
182.680,18.164,-0.045,0.600,66.765
182.700,14.566,-0.067,0.600,66.846
182.720,10.816,-0.097,0.600,66.973
182.740,6.891,-0.116,0.600,67.147
182.760,2.859,-0.135,0.600,67.355
182.780,-1.201,-0.146,0.600,67.586
182.800,-5.250,-0.160,0.600,67.827
182.820,-9.240,-0.162,0.600,68.287
182.840,-13.090,-0.164,0.600,68.287
182.860,-16.705,-0.163,0.600,68.481
182.880,-20.127,-0.157,0.600,68.637
182.900,-23.221,-0.145,0.600,68.743
182.920,-25.957,-0.132,0.600,68.798
182.940,-28.330,-0.108,0.600,68.794
182.960,-30.270,-0.088,0.600,68.734
182.980,-31.805,-0.062,0.600,68.623
183.000,-32.824,-0.033,0.600,68.469
183.020,-33.328,-0.005,0.600,68.279
183.040,-33.398,0.029,0.600,68.068
183.060,-32.965,0.057,0.600,67.846
183.080,-32.092,0.099,0.600,67.628
183.100,-30.691,0.129,0.600,67.425
183.120,-28.828,0.167,0.600,67.110
183.140,-26.549,0.199,0.600,67.110
183.160,-23.883,0.236,0.600,67.016
183.180,-20.865,0.268,0.599,66.973
183.200,-17.531,0.301,0.599,66.982
183.220,-13.945,0.323,0.599,67.044
183.240,-10.143,0.356,0.599,67.150
183.260,-6.164,0.373,0.599,67.303
183.280,-2.121,0.394,0.599,67.483
183.300,1.951,0.403,0.599,67.689
183.320,6.006,0.419,0.599,67.898
183.340,9.955,0.423,0.599,68.109
183.360,13.799,0.423,0.599,68.300
183.380,17.414,0.424,0.599,68.463
183.400,20.766,0.415,0.599,68.587
183.420,23.848,0.401,0.599,68.662
183.440,26.561,0.383,0.599,68.683
183.460,28.881,0.363,0.599,68.646
183.480,30.785,0.345,0.599,68.558
183.500,32.250,0.314,0.599,68.420
183.520,33.211,0.286,0.599,68.239
183.540,33.727,0.256,0.599,68.026
183.560,33.727,0.222,0.599,67.793
183.580,33.275,0.190,0.599,67.552
183.600,32.309,0.150,0.599,67.315
183.620,30.879,0.116,0.599,67.096
183.640,29.016,0.078,0.599,66.907
183.660,26.725,0.044,0.599,66.757
183.680,24.023,0.009,0.599,66.602
183.700,20.988,-0.025,0.599,66.602
183.720,17.654,-0.054,0.599,66.609
183.740,14.021,-0.080,0.599,66.665
183.760,10.236,-0.106,0.599,66.774
183.780,6.293,-0.124,0.599,66.922
183.800,2.256,-0.144,0.599,67.109
183.820,-1.811,-0.154,0.599,67.315
183.840,-5.854,-0.166,0.599,67.535
183.860,-9.826,-0.173,0.599,67.747
183.880,-13.641,-0.168,0.599,67.950
183.900,-17.227,-0.166,0.599,68.117
183.920,-20.590,-0.157,0.599,68.253
183.940,-23.637,-0.148,0.599,68.336
183.960,-26.350,-0.132,0.599,68.373
183.980,-28.676,-0.111,0.599,68.353
184.000,-30.551,-0.085,0.599,68.161
184.020,-31.992,-0.062,0.599,68.161
184.040,-32.930,-0.029,0.599,68.001
184.060,-33.369,-0.004,0.599,67.810
184.080,-33.393,0.033,0.599,67.601
184.100,-32.883,0.061,0.599,67.384
184.120,-31.904,0.102,0.599,67.175
184.140,-30.439,0.133,0.599,66.985
184.160,-28.535,0.174,0.599,66.826
184.180,-26.186,0.206,0.599,66.707
184.200,-23.467,0.241,0.599,66.638
184.220,-20.391,0.267,0.599,66.621
184.240,-17.016,0.306,0.599,66.657
184.260,-13.406,0.328,0.599,66.747
184.280,-9.562,0.363,0.599,66.887
184.300,-5.590,0.373,0.599,67.072
184.320,-1.529,0.400,0.599,67.287
184.340,2.566,0.406,0.599,67.524
184.360,6.604,0.423,0.599,68.011
184.380,10.523,0.422,0.599,68.011
184.400,14.338,0.426,0.599,68.233
184.420,17.912,0.420,0.599,68.425
184.440,21.246,0.413,0.599,68.576
184.460,24.299,0.401,0.599,68.680
184.480,26.924,0.384,0.599,68.726
184.500,29.186,0.365,0.599,68.655
184.520,31.020,0.343,0.599,68.655
184.540,32.414,0.314,0.599,68.544
184.560,33.322,0.287,0.599,68.389
184.580,33.756,0.251,0.599,68.204
184.600,33.691,0.224,0.599,67.998
184.620,33.158,0.183,0.599,67.786
184.640,32.115,0.153,0.599,67.578
184.660,30.621,0.112,0.599,67.389
184.680,28.693,0.078,0.599,67.231
184.700,26.338,0.041,0.599,67.112
184.720,23.572,0.017,0.599,67.041
184.740,20.490,-0.025,0.599,67.018
184.760,17.104,-0.043,0.599,67.051
184.780,13.453,-0.084,0.599,67.132
184.800,9.639,-0.091,0.599,67.262
184.820,5.678,-0.128,0.599,67.426
184.840,1.629,-0.131,0.599,67.628
184.860,-2.432,-0.159,0.599,67.842
184.880,-6.475,-0.152,0.599,68.067
184.900,-10.436,-0.172,0.599,68.276
184.920,-14.215,-0.154,0.599,68.472
184.940,-17.783,-0.170,0.599,68.629
184.960,-21.111,-0.145,0.599,68.751
184.980,-24.088,-0.145,0.599,68.814
185.000,-26.736,-0.120,0.599,68.829
185.020,-28.986,-0.106,0.599,68.783
185.040,-30.809,-0.080,0.599,68.687
185.060,-32.168,-0.047,0.599,68.538
185.080,-33.041,-0.033,0.599,68.349
185.100,-33.416,0.017,0.599,68.131
185.120,-33.346,0.032,0.599,67.892
185.140,-32.771,0.080,0.599,67.649
185.160,-31.723,0.100,0.599,67.413
185.180,-30.187,0.152,0.599,67.196
185.200,-28.195,0.176,0.599,67.011
185.220,-25.828,0.222,0.599,66.866
185.240,-23.068,0.244,0.599,66.769
185.260,-19.904,0.287,0.599,66.723
185.280,-16.488,0.307,0.599,66.733
185.300,-12.820,0.342,0.599,66.792
185.320,-8.965,0.362,0.599,66.901
185.340,-4.980,0.381,0.599,67.049
185.360,-0.908,0.402,0.599,67.225
185.380,3.176,0.414,0.599,67.425
185.400,7.189,0.423,0.599,67.629
185.420,11.115,0.423,0.599,67.826
185.440,14.900,0.426,0.599,68.004
185.460,18.451,0.423,0.599,68.153
185.480,21.715,0.414,0.599,68.262
185.500,24.721,0.398,0.599,68.324
185.520,27.305,0.381,0.599,68.329
185.540,29.508,0.360,0.599,68.282
185.560,31.271,0.337,0.599,68.182
185.580,32.584,0.307,0.599,68.037
185.600,33.422,0.278,0.599,67.854
185.620,33.773,0.245,0.599,67.643
185.640,33.639,0.213,0.599,67.417
185.660,33.029,0.178,0.599,67.186
185.680,31.928,0.141,0.599,66.966
185.700,30.340,0.108,0.599,66.769
185.720,28.371,0.066,0.599,66.605
185.740,25.963,0.038,0.599,66.485
185.760,23.139,-0.001,0.599,66.413
185.780,20.004,-0.029,0.599,66.398
185.800,16.594,-0.058,0.599,66.435
185.820,12.908,-0.089,0.599,66.528
185.840,9.064,-0.108,0.599,66.670
185.860,5.080,-0.130,0.599,66.852
185.880,1.031,-0.147,0.599,67.065
185.900,-3.053,-0.156,0.599,67.300
185.920,-7.072,-0.167,0.599,67.539
185.940,-10.998,-0.171,0.599,67.773
185.960,-14.748,-0.165,0.599,67.990
185.980,-18.281,-0.165,0.599,68.172
186.000,-21.557,-0.150,0.599,68.313
186.020,-24.480,-0.148,0.599,68.402
186.040,-27.082,-0.117,0.599,68.442
186.060,-29.250,-0.111,0.599,68.425
186.080,-31.014,-0.073,0.599,68.358
186.100,-32.309,-0.058,0.599,68.240
186.120,-33.105,-0.021,0.599,68.087
186.140,-33.398,0.005,0.599,67.904
186.160,-33.252,0.041,0.599,67.707
186.180,-32.643,0.072,0.599,67.505
186.200,-31.488,0.110,0.599,67.312
186.220,-29.895,0.143,0.599,67.142
186.240,-27.855,0.179,0.599,67.005
186.260,-25.406,0.214,0.599,66.909
186.280,-22.570,0.248,0.599,66.863
186.300,-19.389,0.282,0.599,66.869
186.320,-15.932,0.307,0.599,66.930
186.340,-12.252,0.339,0.599,67.040
186.360,-8.344,0.356,0.599,67.196
186.380,-4.348,0.385,0.599,67.390
186.400,-0.293,0.396,0.599,67.613
186.420,3.773,0.413,0.599,67.851
186.440,7.799,0.415,0.599,68.095
186.460,11.713,0.423,0.599,68.323
186.480,15.451,0.422,0.599,68.530
186.500,18.955,0.421,0.599,68.702
186.520,22.195,0.403,0.599,68.832
186.540,25.131,0.398,0.599,68.906
186.560,27.645,0.374,0.599,68.927
186.580,29.795,0.359,0.599,68.888
186.600,31.494,0.326,0.599,68.798
186.620,32.742,0.303,0.599,68.655
186.640,33.510,0.271,0.599,68.476
186.660,33.779,0.240,0.599,68.267
186.680,33.574,0.208,0.599,68.042
186.700,32.895,0.172,0.599,67.593
186.720,31.717,0.136,0.599,67.593
186.740,30.076,0.100,0.599,67.396
186.760,28.031,0.063,0.599,67.231
186.780,25.553,0.029,0.599,67.108
186.800,22.687,-0.001,0.599,67.032
186.820,19.500,-0.037,0.599,67.009
186.840,16.025,-0.059,0.599,67.038
186.860,12.322,-0.091,0.599,67.118
186.880,8.461,-0.111,0.599,67.241
186.900,4.465,-0.127,0.599,67.404
186.920,0.393,-0.157,0.599,67.589
186.940,-3.674,-0.143,0.599,67.800
186.960,-7.687,-0.183,0.609,67.998
186.980,-11.607,-0.148,0.609,68.203
187.000,-15.305,-0.190,0.616,68.364
187.020,-18.826,-0.141,0.616,68.514
187.040,-22.055,-0.171,0.616,68.597
187.060,-24.949,-0.122,0.616,68.649
187.080,-27.469,-0.134,0.616,68.631
187.100,-29.590,-0.091,0.616,68.572
187.120,-31.307,-0.076,0.616,68.452
187.140,-32.490,-0.046,0.616,68.290
187.160,-33.234,-0.010,0.616,68.089
187.180,-33.451,0.006,0.616,67.862
187.200,-33.240,0.058,0.616,67.623
187.220,-32.555,0.073,0.616,67.382
187.240,-31.324,0.128,0.616,67.155
187.260,-29.666,0.146,0.616,66.952
187.280,-27.551,0.199,0.616,66.784
187.300,-25.043,0.219,0.616,66.661
187.320,-22.148,0.268,0.616,66.588
187.340,-18.914,0.286,0.616,66.570
187.360,-15.434,0.326,0.616,66.607
187.380,-11.701,0.344,0.616,66.694
187.400,-7.799,0.376,0.616,66.831
187.420,-3.756,0.378,0.616,67.005
187.440,0.311,0.413,0.616,67.206
187.460,4.371,0.407,0.616,67.426
187.480,8.367,0.435,0.624,67.648
187.500,12.258,0.404,0.624,67.863
187.520,15.990,0.436,0.626,68.047
187.540,19.453,0.398,0.626,68.207
187.560,22.641,0.416,0.626,68.314
187.580,25.523,0.380,0.626,68.381
187.600,27.990,0.385,0.626,68.387
187.620,30.070,0.335,0.626,68.349
187.640,31.705,0.341,0.626,68.115
187.660,32.883,0.289,0.626,68.115
187.680,33.574,0.289,0.626,67.935
187.700,33.779,0.210,0.626,67.741
187.720,33.516,0.228,0.626,67.524
187.740,32.742,0.141,0.626,67.315
187.760,31.506,0.159,0.626,67.116
187.780,29.789,0.072,0.626,66.941
187.800,27.691,0.087,0.626,66.807
187.820,25.148,0.008,0.626,66.709
187.840,22.230,0.014,0.626,66.672
187.860,18.996,-0.050,0.626,66.677
187.880,15.492,-0.050,0.626,66.748
187.900,11.742,-0.105,0.626,66.859
187.920,7.875,-0.100,0.626,67.026
187.940,3.861,-0.139,0.626,67.220
187.960,-0.199,-0.137,0.626,67.449
187.980,-4.266,-0.169,0.626,67.684
188.000,-8.279,-0.153,0.626,67.929
188.020,-12.141,-0.179,0.626,68.151
188.040,-15.844,-0.152,0.626,68.361
188.060,-19.307,-0.172,0.626,68.521
188.080,-22.477,-0.134,0.626,68.648
188.100,-25.324,-0.149,0.626,68.709
188.120,-27.785,-0.106,0.626,68.728
188.140,-29.836,-0.105,0.626,68.681
188.160,-31.477,-0.064,0.626,68.589
188.180,-32.602,-0.050,0.626,68.270
188.200,-33.258,-0.018,0.626,68.270
188.220,-33.457,0.024,0.626,68.068
188.240,-33.146,0.042,0.626,67.851
188.260,-32.355,0.095,0.626,67.635
188.280,-31.066,0.108,0.626,67.431
188.300,-29.355,0.171,0.626,67.252
188.320,-27.164,0.178,0.626,67.110
188.340,-24.604,0.236,0.626,67.009
188.360,-21.668,0.248,0.626,66.961
188.380,-18.381,0.300,0.626,66.961
188.400,-14.859,0.311,0.626,67.020
188.420,-11.104,0.354,0.626,67.121
188.440,-7.189,0.360,0.626,67.274
188.460,-3.152,0.393,0.626,67.454
188.480,0.937,0.395,0.626,67.882
188.500,4.992,0.418,0.626,67.882
188.520,8.971,0.417,0.626,68.105
188.540,12.844,0.422,0.626,68.306
188.560,16.529,0.418,0.626,68.486
188.580,19.963,0.415,0.626,68.623
188.600,23.109,0.403,0.626,68.722
188.620,25.922,0.389,0.626,68.762
188.640,28.324,0.366,0.626,68.752
188.660,30.340,0.352,0.626,68.680
188.680,31.904,0.319,0.626,68.564
188.700,33.012,0.298,0.626,68.398
188.720,33.639,0.259,0.626,68.200
188.740,33.762,0.232,0.626,67.975
188.760,33.428,0.195,0.626,67.739
188.780,32.584,0.161,0.626,67.505
188.800,31.283,0.124,0.626,67.285
188.820,29.514,0.087,0.626,67.090
188.840,27.328,0.053,0.626,66.933
188.860,24.732,0.019,0.626,66.821
188.880,21.762,-0.017,0.626,66.760
188.900,18.504,-0.043,0.626,66.752
188.920,14.947,-0.075,0.626,66.797
188.940,11.186,-0.096,0.626,66.893
188.960,7.271,-0.124,0.626,67.034
188.980,3.258,-0.133,0.626,67.211
189.000,-0.814,-0.159,0.626,67.411
189.020,-4.863,-0.162,0.626,67.627
189.040,-8.865,-0.172,0.626,67.841
189.060,-12.709,-0.166,0.626,68.044
189.080,-16.354,-0.171,0.626,68.219
189.100,-19.816,-0.159,0.626,68.357
189.120,-22.910,-0.153,0.626,68.452
189.140,-25.717,-0.134,0.626,68.495
189.160,-28.125,-0.116,0.626,68.484
189.180,-30.141,-0.096,0.626,68.416
189.200,-31.670,-0.069,0.626,68.301
189.220,-32.742,-0.041,0.626,68.142
189.240,-33.305,-0.011,0.626,67.950
189.260,-33.422,0.023,0.626,67.736
189.280,-33.064,0.056,0.626,67.512
189.300,-32.215,0.091,0.626,67.291
189.320,-30.861,0.122,0.626,67.086
189.340,-29.062,0.166,0.626,66.910
189.360,-26.801,0.196,0.626,66.772
189.380,-24.193,0.237,0.626,66.642
189.400,-21.176,0.262,0.626,66.642
189.420,-17.895,0.296,0.626,66.655
189.440,-14.338,0.322,0.626,66.725
189.460,-10.523,0.352,0.626,66.843
189.480,-6.592,0.371,0.626,67.005
189.500,-2.543,0.391,0.626,67.209
189.520,1.529,0.404,0.626,67.669
189.540,5.590,0.419,0.626,67.669
189.560,9.557,0.422,0.626,67.894
189.580,13.406,0.424,0.626,68.126
189.600,17.051,0.422,0.626,68.308
189.620,20.432,0.414,0.626,68.473
189.640,23.561,0.406,0.626,68.573
189.660,26.314,0.386,0.626,68.633
189.680,28.646,0.373,0.626,68.633
189.700,30.604,0.346,0.626,68.581
189.720,32.109,0.322,0.626,68.475
189.740,33.141,0.289,0.626,68.325
189.760,33.686,0.265,0.626,68.144
189.780,33.744,0.230,0.626,67.938
189.800,33.328,0.198,0.626,67.725
189.820,32.414,0.157,0.626,67.512
189.840,31.037,0.126,0.626,67.316
189.860,29.191,0.081,0.626,67.148
189.880,26.959,0.058,0.626,67.018
189.900,24.293,0.014,0.626,66.933
189.920,21.287,-0.009,0.626,66.899
189.940,17.971,-0.045,0.626,66.919
189.960,14.373,-0.070,0.626,66.990
189.980,10.588,-0.096,0.626,67.111
190.000,6.674,-0.116,0.626,67.268
190.020,2.625,-0.133,0.626,67.466
190.040,-1.436,-0.148,0.626,67.677
190.060,-5.484,-0.157,0.626,67.908
190.080,-9.480,-0.164,0.626,68.116
190.100,-13.283,-0.165,0.626,68.326
190.120,-16.916,-0.158,0.626,68.489
190.140,-20.314,-0.156,0.626,68.625
190.160,-23.396,-0.145,0.626,68.704
190.180,-26.133,-0.125,0.626,68.741
190.200,-28.459,-0.111,0.626,68.706
190.220,-30.410,-0.081,0.626,68.631
190.240,-31.887,-0.060,0.626,68.494
190.260,-32.889,-0.031,0.626,68.325
190.280,-33.363,-0.000,0.626,68.110
190.300,-33.398,0.033,0.626,67.884
190.320,-32.988,0.064,0.626,67.641
190.340,-32.051,0.100,0.626,67.407
190.360,-30.639,0.133,0.626,67.187
190.380,-28.746,0.174,0.626,66.995
190.400,-26.443,0.205,0.626,66.844
190.420,-23.771,0.243,0.626,66.734
190.440,-20.719,0.269,0.626,66.682
190.460,-17.379,0.305,0.626,66.674
190.480,-13.793,0.333,0.626,66.729
190.500,-9.932,0.355,0.626,66.823
190.520,-5.965,0.381,0.626,66.966
190.540,-1.916,0.396,0.626,67.136
190.560,2.150,0.413,0.626,67.337
190.580,6.199,0.423,0.626,67.538
190.600,10.143,0.423,0.626,67.747
190.620,13.980,0.424,0.626,67.925
190.640,17.584,0.423,0.626,68.089
190.660,20.930,0.414,0.626,68.201
190.680,24.006,0.403,0.626,68.280
190.700,26.689,0.381,0.626,68.296
190.720,28.986,0.369,0.626,68.265
190.740,30.867,0.339,0.626,68.178
190.760,32.297,0.319,0.626,68.045
190.780,33.246,0.283,0.626,67.873
190.800,33.727,0.251,0.626,67.665
190.820,33.715,0.219,0.626,67.442
190.840,33.217,0.183,0.626,67.210
190.860,32.250,0.155,0.626,66.987
190.880,30.779,0.113,0.626,66.783
190.900,28.887,0.079,0.626,66.609
190.920,26.578,0.041,0.626,66.478
190.940,23.871,0.012,0.626,66.393
190.960,20.812,-0.027,0.626,66.365
190.980,17.455,-0.046,0.626,66.390
191.000,13.834,-0.085,0.626,66.470
191.020,10.025,-0.099,0.626,66.600
191.040,6.070,-0.130,0.626,66.774
191.060,2.051,-0.134,0.626,66.981
191.080,-2.027,-0.157,0.626,67.210
191.100,-6.082,-0.160,0.626,67.450
191.120,-10.055,-0.170,0.626,67.686
191.140,-13.822,-0.167,0.626,67.906
191.160,-17.420,-0.167,0.626,68.099
191.180,-20.766,-0.158,0.626,68.254
191.200,-23.801,-0.149,0.626,68.415
191.220,-26.467,-0.129,0.626,68.415
191.240,-28.758,-0.112,0.626,68.415
191.260,-30.639,-0.084,0.626,68.361
191.280,-32.021,-0.060,0.626,68.259
191.300,-32.977,-0.033,0.626,68.114
191.320,-33.381,-0.000,0.626,67.940
191.340,-33.357,0.029,0.626,67.746
191.360,-32.830,0.065,0.626,67.546
191.380,-31.828,0.099,0.626,67.352
191.400,-30.352,0.133,0.626,67.176
191.420,-28.400,0.174,0.626,67.031
191.440,-26.045,0.205,0.626,66.927
191.460,-23.314,0.240,0.626,66.869
191.480,-20.209,0.269,0.626,66.863
191.500,-16.828,0.306,0.626,66.910
191.520,-13.195,0.333,0.626,67.010
191.540,-9.357,0.354,0.626,67.159
191.560,-5.355,0.378,0.626,67.344
191.580,-1.301,0.395,0.626,67.565
191.600,2.771,0.413,0.626,67.803
191.620,6.814,0.417,0.626,68.050
191.640,10.740,0.423,0.626,68.283
191.660,14.537,0.423,0.626,68.502
191.680,18.100,0.418,0.626,68.684
191.700,21.404,0.413,0.626,68.826
191.720,24.434,0.397,0.626,68.917
191.740,27.059,0.383,0.626,68.951
191.760,29.297,0.360,0.626,68.930
191.780,31.096,0.337,0.626,68.853
191.800,32.467,0.310,0.626,68.726
191.820,33.352,0.279,0.626,68.556
191.840,33.762,0.251,0.626,68.355
191.860,33.674,0.219,0.626,68.134
191.880,33.100,0.180,0.626,67.906
191.900,32.051,0.145,0.626,67.684
191.920,30.521,0.108,0.626,67.481
191.940,28.570,0.070,0.626,67.308
191.960,26.203,0.043,0.626,67.176
191.980,23.420,0.002,0.626,67.088
192.000,20.326,-0.024,0.615,67.054
192.020,16.939,-0.062,0.615,67.070
192.040,13.248,-0.079,0.615,67.141
192.060,9.434,-0.108,0.615,67.255
192.080,5.479,-0.127,0.615,67.410
192.100,1.406,-0.145,0.615,67.593
192.120,-2.654,-0.160,0.615,67.798
192.140,-6.691,-0.162,0.615,68.007
192.160,-10.652,-0.166,0.615,68.206
192.180,-14.414,-0.167,0.615,68.385
192.200,-17.971,-0.164,0.615,68.532
192.220,-21.281,-0.156,0.615,68.639
192.240,-24.264,-0.141,0.615,68.696
192.260,-26.871,-0.125,0.615,68.700
192.280,-29.127,-0.102,0.615,68.648
192.300,-30.908,-0.082,0.615,68.542
192.320,-32.232,-0.050,0.615,68.388
192.340,-33.111,-0.025,0.615,68.196
192.360,-33.416,0.012,0.615,67.976
192.380,-33.352,0.036,0.615,67.738
192.400,-32.771,0.079,0.615,67.496
192.420,-31.687,0.102,0.615,67.264
192.440,-30.105,0.154,0.615,67.053
192.460,-28.107,0.173,0.615,66.875
192.480,-25.705,0.222,0.615,66.738
192.500,-22.898,0.246,0.615,66.652
192.520,-19.740,0.285,0.603,66.618
192.540,-16.330,0.310,0.603,66.639
192.560,-12.639,0.343,0.603,66.712
192.580,-8.783,0.366,0.603,66.836
192.600,-4.770,0.385,0.603,67.000
192.620,-0.691,0.401,0.603,67.194
192.640,3.375,0.414,0.603,67.408
192.660,7.389,0.425,0.603,67.629
192.680,11.309,0.427,0.606,67.845
192.700,15.082,0.430,0.608,68.039
192.720,18.598,0.416,0.608,68.206
192.740,21.879,0.416,0.608,68.328
192.760,24.855,0.394,0.608,68.404
192.780,27.416,0.387,0.608,68.426
192.800,29.602,0.353,0.608,68.395
192.820,31.324,0.338,0.608,68.309
192.840,32.631,0.307,0.608,68.180
192.860,33.445,0.280,0.608,68.012
192.880,33.773,0.251,0.608,67.816
192.900,33.621,0.211,0.608,67.606
192.920,32.965,0.185,0.608,67.187
192.940,31.852,0.140,0.608,67.187
192.960,30.252,0.112,0.608,67.006
192.980,28.242,0.063,0.608,66.857
193.000,25.811,0.047,0.608,66.754
193.020,22.986,-0.006,0.602,66.694
193.040,19.828,-0.013,0.602,66.694
193.060,16.400,-0.072,0.602,66.741
193.080,12.703,-0.067,0.602,66.850
193.100,8.848,-0.120,0.602,66.995
193.120,4.869,-0.112,0.602,67.190
193.140,0.809,-0.154,0.602,67.403
193.160,-3.234,-0.145,0.602,67.646
193.180,-7.266,-0.173,0.603,67.880
193.200,-11.191,-0.158,0.603,68.115
193.220,-14.941,-0.170,0.603,68.320
193.240,-18.469,-0.158,0.603,68.497
193.260,-21.721,-0.153,0.603,68.627
193.280,-24.639,-0.138,0.603,68.705
193.300,-27.199,-0.120,0.603,68.731
193.320,-29.373,-0.106,0.603,68.698
193.340,-31.107,-0.071,0.603,68.617
193.360,-32.355,-0.060,0.603,68.481
193.380,-33.141,-0.015,0.603,68.311
193.400,-33.428,0.000,0.603,68.109
193.420,-33.264,0.053,0.603,67.893
193.440,-32.607,0.068,0.603,67.672
193.460,-31.447,0.116,0.603,67.461
193.480,-29.807,0.142,0.603,67.272
193.500,-27.727,0.189,0.603,67.115
193.520,-25.283,0.210,0.603,67.000
193.540,-22.424,0.257,0.603,66.932
193.560,-19.219,0.278,0.603,66.916
193.580,-15.768,0.319,0.603,66.953
193.600,-12.041,0.332,0.603,67.040
193.620,-8.162,0.369,0.603,67.172
193.640,-4.154,0.377,0.603,67.340
193.660,-0.088,0.404,0.603,67.533
193.680,3.996,0.410,0.603,67.745
193.700,7.992,0.422,0.603,67.957
193.720,11.906,0.420,0.603,68.160
193.740,15.639,0.424,0.603,68.338
193.760,19.125,0.417,0.603,68.483
193.780,22.336,0.410,0.603,68.584
193.800,25.271,0.389,0.603,68.634
193.820,27.773,0.380,0.603,68.626
193.840,29.900,0.348,0.603,68.565
193.860,31.547,0.332,0.603,68.449
193.880,32.795,0.298,0.603,68.289
193.900,33.533,0.269,0.603,68.090
193.920,33.773,0.240,0.603,67.864
193.940,33.562,0.202,0.603,67.624
193.960,32.824,0.171,0.603,67.381
193.980,31.646,0.128,0.603,67.150
194.000,29.977,0.099,0.603,66.943
194.020,27.920,0.052,0.603,66.769
194.040,25.412,0.031,0.603,66.641
194.060,22.535,-0.014,0.603,66.559
194.080,19.336,-0.030,0.603,66.535
194.100,15.855,-0.075,0.603,66.560
194.120,12.135,-0.084,0.603,66.642
194.140,8.262,-0.120,0.603,66.764
194.160,4.260,-0.128,0.603,66.931
194.180,0.199,-0.151,0.603,67.122
194.200,-3.861,-0.161,0.603,67.332
194.220,-7.887,-0.168,0.603,67.545
194.240,-11.766,-0.175,0.605,67.748
194.260,-15.480,-0.164,0.605,67.932
194.280,-18.973,-0.168,0.605,68.078
194.300,-22.195,-0.150,0.605,68.185
194.320,-25.061,-0.145,0.605,68.240
194.340,-27.562,-0.118,0.605,68.245
194.360,-29.654,-0.102,0.605,68.193
194.380,-31.342,-0.069,0.605,68.092
194.400,-32.520,-0.054,0.605,67.944
194.420,-33.234,-0.009,0.605,67.764
194.440,-33.439,0.006,0.605,67.557
194.460,-33.182,0.054,0.605,67.339
194.480,-32.449,0.074,0.605,67.120
194.500,-31.248,0.124,0.605,66.916
194.520,-29.549,0.148,0.605,66.737
194.540,-27.393,0.196,0.605,66.593
194.560,-24.873,0.218,0.605,66.496
194.580,-21.949,0.260,0.605,66.447
194.600,-18.732,0.282,0.605,66.457
194.620,-15.246,0.323,0.605,66.516
194.640,-11.490,0.338,0.605,66.632
194.660,-7.570,0.372,0.605,66.790
194.680,-3.545,0.381,0.605,66.992
194.700,0.516,0.410,0.605,67.217
194.720,4.582,0.413,0.605,67.461
194.740,8.578,0.423,0.605,67.704
194.760,12.457,0.423,0.605,67.937
194.780,16.172,0.427,0.605,68.146
194.800,19.629,0.417,0.605,68.323
194.820,22.811,0.410,0.605,68.451
194.840,25.664,0.390,0.605,68.531
194.860,28.113,0.380,0.605,68.552
194.880,30.170,0.350,0.605,68.522
194.900,31.775,0.333,0.605,68.435
194.920,32.936,0.296,0.605,68.306
194.940,33.609,0.270,0.605,68.137
194.960,33.779,0.236,0.605,67.945
194.980,33.480,0.204,0.605,67.738
195.000,32.672,0.165,0.605,67.531
195.020,31.430,0.134,0.605,67.336
195.040,29.689,0.095,0.605,67.166
195.060,27.568,0.061,0.605,67.032
195.080,25.002,0.026,0.605,66.940
195.100,22.055,-0.002,0.605,66.898
195.120,18.826,-0.040,0.605,66.907
195.140,15.299,-0.062,0.605,66.972
195.160,11.549,-0.093,0.605,67.084
195.180,7.635,-0.119,0.605,67.242
195.200,3.633,-0.124,0.605,67.435
195.220,-0.422,-0.160,0.605,67.646
195.240,-4.500,-0.154,0.605,67.882
195.260,-8.496,-0.181,0.611,68.106
195.280,-12.357,-0.160,0.611,68.329
195.300,-16.031,-0.181,0.611,68.508
195.320,-19.494,-0.150,0.611,68.666
195.340,-22.676,-0.156,0.611,68.760
195.360,-25.471,-0.120,0.611,68.815
195.380,-27.920,-0.125,0.611,68.797
195.400,-29.953,-0.091,0.611,68.738
195.420,-31.547,-0.063,0.611,68.620
195.440,-32.678,-0.052,0.611,68.457
195.460,-33.287,0.009,0.611,68.264
195.480,-33.469,0.001,0.611,68.037
195.500,-33.135,0.079,0.611,67.805
195.520,-32.303,0.070,0.611,67.569
195.540,-31.031,0.152,0.611,67.349
195.560,-29.256,0.141,0.611,67.155
195.580,-27.070,0.218,0.611,66.993
195.600,-24.486,0.215,0.611,66.884
195.620,-21.486,0.281,0.611,66.813
195.640,-18.211,0.280,0.611,66.810
195.660,-14.678,0.341,0.611,66.841
195.680,-10.904,0.339,0.611,66.944
195.700,-6.990,0.384,0.611,67.068
195.720,-2.936,0.387,0.611,67.249
195.740,1.148,0.410,0.611,67.438
195.760,5.203,0.419,0.611,67.653
195.780,9.164,0.418,0.611,67.858
195.800,13.049,0.438,0.619,68.052
195.820,16.711,0.409,0.619,68.226
195.840,20.121,0.433,0.619,68.352
195.860,23.273,0.388,0.619,68.448
195.880,26.068,0.410,0.619,68.476
195.900,28.447,0.352,0.619,68.470
195.920,30.434,0.370,0.619,68.388
195.940,31.986,0.300,0.619,68.279
195.960,33.070,0.315,0.619,68.107
195.980,33.662,0.239,0.619,67.918
196.000,33.768,0.251,0.619,67.692
196.020,33.398,0.174,0.619,67.467
196.040,32.520,0.179,0.619,67.238
196.060,31.201,0.106,0.619,67.029
196.080,29.391,0.106,0.619,66.848
196.100,27.211,0.038,0.619,66.702
196.120,24.580,0.031,0.619,66.608
196.140,21.598,-0.024,0.619,66.559
196.160,18.322,-0.039,0.619,66.573
196.180,14.766,-0.075,0.619,66.632
196.200,10.992,-0.097,0.619,66.750
196.220,7.061,-0.115,0.619,66.906
196.240,3.059,-0.143,0.619,67.101
196.260,-0.996,-0.147,0.619,67.323
196.280,-5.062,-0.168,0.619,67.555
196.300,-9.059,-0.163,0.619,67.789
196.320,-12.908,-0.171,0.619,68.006
196.340,-16.541,-0.166,0.619,68.200
196.360,-19.957,-0.162,0.619,68.357
196.380,-23.068,-0.151,0.619,68.466
196.400,-25.834,-0.134,0.619,68.527
196.420,-28.236,-0.116,0.619,68.528
196.440,-30.193,-0.094,0.619,68.479
196.460,-31.729,-0.071,0.619,68.378
196.480,-32.766,-0.040,0.619,68.235
196.500,-33.287,-0.012,0.619,68.057
196.520,-33.410,0.019,0.619,67.857
196.540,-33.012,0.059,0.619,67.648
196.560,-32.121,0.083,0.619,67.441
196.580,-30.756,0.132,0.619,67.251
196.600,-28.910,0.154,0.619,67.088
196.620,-26.684,0.203,0.619,66.962
196.640,-24.041,0.225,0.619,66.884
196.660,-21.006,0.269,0.619,66.852
196.680,-17.678,0.290,0.619,66.880
196.700,-14.109,0.326,0.619,66.952
196.720,-10.324,0.345,0.619,67.080
196.740,-6.369,0.377,0.619,67.243
196.760,-2.314,0.389,0.619,67.447
196.780,1.758,0.409,0.619,67.669
196.800,5.812,0.416,0.619,67.904
196.820,9.768,0.423,0.619,68.136
196.840,13.623,0.423,0.619,68.347
196.860,17.244,0.423,0.619,68.532
196.880,20.613,0.414,0.619,68.675
196.900,23.725,0.401,0.619,68.773
196.920,26.449,0.389,0.619,68.812
196.940,28.770,0.363,0.619,68.799
196.960,30.691,0.344,0.619,68.724
196.980,32.180,0.316,0.619,68.605
197.000,33.182,0.287,0.619,68.437
197.020,33.703,0.255,0.619,68.239
197.040,33.738,0.227,0.619,68.015
197.060,33.299,0.190,0.619,67.784
197.080,32.350,0.155,0.619,67.555
197.100,30.955,0.117,0.619,67.342
197.120,29.098,0.080,0.619,67.158
197.140,26.842,0.049,0.619,67.010
197.160,24.152,0.012,0.619,66.909
197.180,21.117,-0.017,0.619,66.856
197.200,17.795,-0.053,0.619,66.858
197.220,14.186,-0.074,0.619,66.911
197.240,10.400,-0.099,0.619,67.013
197.260,6.457,-0.119,0.619,67.152
197.280,2.414,-0.141,0.619,67.330
197.300,-1.652,-0.154,0.619,67.527
197.320,-5.701,-0.164,0.619,67.734
197.340,-9.674,-0.166,0.619,67.935
197.360,-13.494,-0.167,0.619,68.122
197.380,-17.098,-0.165,0.619,68.277
197.400,-20.484,-0.159,0.619,68.396
197.420,-23.549,-0.146,0.619,68.465
197.440,-26.256,-0.129,0.619,68.485
197.460,-28.582,-0.111,0.619,68.445
197.480,-30.504,-0.084,0.619,68.356
197.500,-31.957,-0.062,0.619,68.214
197.520,-32.947,-0.029,0.619,68.032
197.540,-33.393,-0.004,0.619,67.818
197.560,-33.404,0.034,0.619,67.585
197.580,-32.936,0.064,0.619,67.344
197.600,-31.998,0.101,0.619,67.109
197.620,-30.562,0.135,0.619,66.893
197.640,-28.646,0.173,0.619,66.707
197.660,-26.332,0.209,0.619,66.560
197.680,-23.613,0.243,0.619,66.461
197.700,-20.566,0.273,0.619,66.416
197.720,-17.197,0.305,0.619,66.424
197.740,-13.588,0.329,0.619,66.486
197.760,-9.756,0.357,0.619,66.599
197.780,-5.771,0.377,0.619,66.750
197.800,-1.717,0.399,0.619,66.943
197.820,2.361,0.411,0.619,67.153
197.840,6.404,0.423,0.619,67.384
197.860,10.348,0.424,0.619,67.600
197.880,14.180,0.426,0.619,67.811
197.900,17.760,0.424,0.619,67.980
197.920,21.088,0.418,0.619,68.121
197.940,24.158,0.402,0.619,68.206
197.960,26.807,0.386,0.619,68.248
197.980,29.086,0.365,0.619,68.231
198.000,30.937,0.347,0.619,68.160
198.020,32.367,0.319,0.619,67.887
198.040,33.293,0.286,0.619,67.887
198.060,33.738,0.258,0.619,67.704
198.080,33.697,0.224,0.619,67.493
198.100,33.187,0.190,0.619,67.283
198.120,32.174,0.152,0.619,67.076
198.140,30.703,0.114,0.619,66.889
198.160,28.793,0.082,0.619,66.735
198.180,26.467,0.049,0.619,66.618
198.200,23.707,0.016,0.619,66.553
198.220,20.637,-0.020,0.619,66.533
198.240,17.273,-0.049,0.619,66.578
198.260,13.641,-0.075,0.619,66.666
198.280,9.820,-0.104,0.619,66.810
198.300,5.865,-0.117,0.619,66.991
198.320,1.828,-0.143,0.619,67.204
198.340,-2.250,-0.148,0.619,67.441
198.360,-6.287,-0.162,0.619,67.678
198.380,-10.248,-0.162,0.619,67.921
198.400,-14.039,-0.167,0.619,68.128
198.420,-17.607,-0.164,0.619,68.323
198.440,-20.953,-0.154,0.619,68.459
198.460,-23.959,-0.145,0.619,68.563
198.480,-26.613,-0.126,0.619,68.595
198.500,-28.875,-0.106,0.619,68.588
198.520,-30.715,-0.084,0.619,68.509
198.540,-32.104,-0.055,0.619,68.396
198.560,-33.012,-0.029,0.619,68.226
198.580,-33.398,0.001,0.619,68.037
198.600,-33.346,0.037,0.619,67.820
198.620,-32.812,0.067,0.619,67.601
198.640,-31.781,0.106,0.619,67.386
198.660,-30.275,0.139,0.619,67.190
198.680,-28.318,0.176,0.619,67.024
198.700,-25.934,0.209,0.619,66.896
198.720,-23.174,0.244,0.619,66.817
198.740,-20.057,0.275,0.619,66.787
198.760,-16.646,0.307,0.619,66.810
198.780,-13.002,0.332,0.619,66.884
198.800,-9.158,0.358,0.619,67.002
198.820,-5.145,0.375,0.619,67.163
198.840,-1.090,0.397,0.619,67.348
198.860,2.988,0.406,0.619,67.559
198.880,7.020,0.419,0.619,67.768
198.900,10.939,0.421,0.619,67.975
198.920,14.736,0.423,0.619,68.159
198.940,18.293,0.417,0.619,68.313
198.960,21.580,0.414,0.619,68.424
198.980,24.592,0.394,0.619,68.487
199.000,27.176,0.381,0.619,68.494
199.020,29.396,0.357,0.619,68.446
199.040,31.195,0.336,0.619,68.344
199.060,32.537,0.305,0.619,68.195
199.080,33.387,0.278,0.619,68.004
199.100,33.762,0.249,0.619,67.785
199.120,33.662,0.211,0.619,67.547
199.140,33.076,0.179,0.619,67.305
199.160,31.992,0.139,0.619,67.070
199.180,30.445,0.107,0.619,66.856
199.200,28.459,0.069,0.619,66.675
199.220,26.080,0.035,0.619,66.534
199.240,23.273,0.001,0.619,66.443
199.260,20.156,-0.033,0.619,66.403
199.280,16.746,-0.054,0.619,66.420
199.300,13.084,-0.088,0.619,66.485
199.320,9.229,-0.109,0.619,66.605
199.340,5.268,-0.133,0.619,66.761
199.360,1.219,-0.143,0.619,66.954
199.380,-2.854,-0.156,0.619,67.162
199.400,-6.896,-0.166,0.619,67.378
199.420,-10.828,-0.169,0.619,67.588
199.440,-14.578,-0.168,0.619,67.780
199.460,-18.123,-0.168,0.619,67.941
199.480,-21.398,-0.154,0.619,68.063
199.500,-24.375,-0.145,0.619,68.136
199.520,-26.977,-0.128,0.619,68.156
199.540,-29.197,-0.104,0.619,68.124
199.560,-30.961,-0.083,0.619,68.038
199.580,-32.262,-0.053,0.619,67.908
199.600,-33.076,-0.025,0.619,67.737
199.620,-33.428,0.005,0.619,67.541
199.640,-33.311,0.041,0.619,67.329
199.660,-32.684,0.066,0.619,67.113
199.680,-31.582,0.109,0.619,66.908
199.700,-29.994,0.141,0.619,66.726
199.720,-27.984,0.183,0.619,66.577
199.740,-25.547,0.208,0.619,66.471
199.760,-22.729,0.250,0.619,66.414
199.780,-19.564,0.274,0.619,66.412
199.800,-16.119,0.314,0.619,66.462
199.820,-12.457,0.332,0.619,66.568
199.840,-8.566,0.366,0.619,66.718
199.860,-4.559,0.377,0.619,66.914
199.880,-0.498,0.404,0.619,67.136
199.900,3.592,0.410,0.619,67.381
199.920,7.600,0.425,0.619,67.627
199.940,11.502,0.421,0.619,67.869
199.960,15.275,0.429,0.619,68.086
199.980,18.785,0.417,0.619,68.276
200.000,22.043,0.413,0.619,68.418
200.020,25.002,0.396,0.619,68.512
200.040,27.533,0.382,0.619,68.549
200.060,29.689,0.359,0.619,68.532
200.080,31.418,0.337,0.619,68.461
200.100,32.678,0.307,0.619,68.342
200.120,33.480,0.275,0.619,68.183
200.140,33.779,0.246,0.619,67.995
200.160,33.615,0.211,0.619,67.790
200.180,32.936,0.174,0.619,67.581
200.200,31.775,0.139,0.619,67.381
200.220,30.170,0.107,0.619,67.203
200.240,28.125,0.066,0.619,67.057
200.260,25.664,0.040,0.619,66.954
200.280,22.805,0.001,0.619,66.896
200.300,19.646,-0.029,0.609,66.939
200.320,16.189,-0.062,0.609,66.939
200.340,12.510,-0.081,0.609,67.038
200.360,8.637,-0.105,0.609,67.179
200.380,4.652,-0.125,0.609,67.360
200.400,0.592,-0.146,0.609,67.566
200.420,-3.480,-0.156,0.609,67.791
200.440,-7.500,-0.162,0.609,68.016
200.460,-11.437,-0.164,0.609,68.229
200.480,-15.141,-0.161,0.609,68.418
200.500,-18.656,-0.162,0.609,68.571
200.520,-21.926,-0.149,0.609,68.681
200.540,-24.814,-0.139,0.609,68.738
200.560,-27.346,-0.117,0.609,68.739
200.580,-29.490,-0.096,0.609,68.685
200.600,-31.219,-0.072,0.609,68.577
200.620,-32.449,-0.044,0.609,68.420
200.640,-33.164,-0.018,0.609,68.225
200.660,-33.445,0.016,0.609,68.003
200.680,-33.240,0.045,0.609,67.765
200.700,-32.572,0.082,0.609,67.525
200.720,-31.383,0.117,0.609,67.294
200.740,-29.719,0.156,0.609,67.086
200.760,-27.627,0.190,0.609,66.912
200.780,-25.137,0.221,0.609,66.780
200.800,-22.289,0.260,0.604,66.697
200.820,-19.078,0.289,0.604,66.668
200.840,-15.580,0.317,0.600,66.690
200.860,-11.854,0.344,0.600,66.765
200.880,-7.963,0.368,0.600,66.883
200.900,-3.937,0.387,0.600,67.043
200.920,0.129,0.404,0.600,67.227
200.940,4.195,0.417,0.600,67.430
200.960,8.197,0.423,0.600,67.635
200.980,12.105,0.423,0.600,67.832
201.000,15.832,0.427,0.600,68.005
201.020,19.307,0.418,0.600,68.146
201.040,22.512,0.410,0.600,68.245
201.060,25.412,0.390,0.600,68.286
201.080,27.896,0.377,0.600,68.286
201.100,29.982,0.353,0.600,68.228
201.120,31.635,0.330,0.600,68.117
201.140,32.824,0.299,0.600,67.963
201.160,33.551,0.273,0.600,67.558
201.180,33.779,0.239,0.600,67.558
201.200,33.533,0.205,0.600,67.330
201.220,32.789,0.171,0.600,67.102
201.240,31.582,0.133,0.600,66.887
201.260,29.895,0.101,0.600,66.698
201.280,27.785,0.060,0.600,66.544
201.300,25.271,0.032,0.600,66.436
201.320,22.359,-0.009,0.598,66.378
201.340,19.166,-0.035,0.598,66.377
201.360,15.656,-0.066,0.598,66.428
201.380,11.947,-0.090,0.598,66.534
201.400,8.057,-0.112,0.598,66.684
201.420,4.049,-0.131,0.598,66.874
201.440,-0.006,-0.149,0.598,67.091
201.460,-4.072,-0.158,0.598,67.327
201.480,-8.080,-0.168,0.598,67.564
201.500,-11.965,-0.167,0.598,67.794
201.520,-15.662,-0.169,0.598,67.998
201.540,-19.148,-0.159,0.598,68.172
201.560,-22.336,-0.154,0.598,68.297
201.580,-25.184,-0.139,0.598,68.375
201.600,-27.680,-0.120,0.598,68.398
201.620,-29.742,-0.100,0.598,68.366
201.640,-31.418,-0.074,0.598,68.282
201.660,-32.561,-0.047,0.598,68.153
201.680,-33.229,-0.020,0.598,67.989
201.700,-33.439,0.013,0.598,67.798
201.720,-33.141,0.042,0.598,67.595
201.740,-32.402,0.082,0.598,67.391
201.760,-31.131,0.117,0.598,67.199
201.780,-29.437,0.155,0.598,67.033
201.800,-27.264,0.188,0.598,66.814
201.820,-24.703,0.225,0.598,66.814
201.840,-21.797,0.261,0.598,66.777
201.860,-18.539,0.283,0.598,66.792
201.880,-15.029,0.319,0.598,66.858
201.900,-11.268,0.343,0.598,66.977
201.920,-7.359,0.369,0.598,67.140
201.940,-3.322,0.385,0.598,67.337
201.960,0.756,0.406,0.598,67.558
201.980,4.799,0.411,0.598,67.796
202.000,8.789,0.424,0.598,68.029
202.020,12.668,0.418,0.598,68.252
202.040,16.354,0.426,0.598,68.446
202.060,19.811,0.410,0.598,68.605
202.080,22.980,0.409,0.598,68.714
202.100,25.811,0.387,0.598,68.774
202.120,28.236,0.376,0.598,68.773
202.140,30.252,0.347,0.598,68.720
202.160,31.857,0.328,0.598,68.610
202.180,32.965,0.294,0.598,68.457
202.200,33.615,0.267,0.598,68.266
202.220,33.773,0.231,0.598,68.049
202.240,33.451,0.201,0.598,67.820
202.260,32.631,0.161,0.598,67.590
202.280,31.342,0.124,0.598,67.373
202.300,29.607,0.091,0.598,67.181
202.320,27.434,0.055,0.598,67.023
202.340,24.844,0.025,0.598,66.910
202.360,21.908,-0.015,0.598,66.844
202.380,18.656,-0.040,0.598,66.835
202.400,15.111,-0.075,0.598,66.874
202.420,11.361,-0.092,0.598,66.969
202.440,7.453,-0.120,0.598,67.099
202.460,3.434,-0.133,0.598,67.273
202.480,-0.633,-0.150,0.598,67.464
202.500,-4.699,-0.161,0.598,67.673
202.520,-8.719,-0.166,0.598,67.877
202.540,-12.568,-0.166,0.598,68.072
202.560,-16.230,-0.166,0.598,68.235
202.580,-19.670,-0.158,0.598,68.366
202.600,-22.822,-0.152,0.598,68.448
202.620,-25.641,-0.135,0.598,68.483
202.640,-28.049,-0.112,0.598,68.461
202.660,-30.059,-0.092,0.598,68.384
202.680,-31.617,-0.067,0.598,68.256
202.700,-32.748,-0.041,0.598,68.085
202.720,-33.311,-0.006,0.598,67.881
202.740,-33.457,0.023,0.598,67.652
202.760,-33.100,0.054,0.598,67.414
202.780,-32.273,0.091,0.598,67.179
202.800,-30.949,0.126,0.598,66.959
202.820,-29.162,0.166,0.598,66.612
202.840,-26.947,0.196,0.598,66.612
202.860,-24.334,0.236,0.598,66.503
202.880,-21.352,0.265,0.598,66.447
202.900,-18.059,0.296,0.598,66.445
202.920,-14.508,0.324,0.598,66.496
202.940,-10.723,0.350,0.598,66.597
202.960,-6.768,0.373,0.598,66.744
202.980,-2.719,0.394,0.598,66.929
203.000,1.365,0.407,0.598,67.140
203.020,5.408,0.423,0.598,67.363
203.040,9.369,0.423,0.598,67.589
203.060,13.225,0.427,0.598,67.797
203.080,16.887,0.423,0.598,67.984
203.100,20.291,0.420,0.598,68.132
203.120,23.426,0.408,0.598,68.239
203.140,26.191,0.391,0.598,68.292
203.160,28.564,0.371,0.598,68.291
203.180,30.527,0.348,0.598,68.236
203.200,32.051,0.326,0.598,68.130
203.220,33.111,0.297,0.598,67.985
203.240,33.674,0.265,0.598,67.805
203.260,33.756,0.232,0.598,67.604
203.280,33.369,0.198,0.598,67.392
203.300,32.455,0.157,0.598,67.183
203.320,31.107,0.128,0.598,66.827
203.340,29.309,0.087,0.598,66.827
203.360,27.064,0.056,0.598,66.700
203.380,24.434,0.023,0.598,66.621
203.400,21.434,-0.011,0.598,66.591
203.420,18.141,-0.041,0.598,66.616
203.440,14.549,-0.069,0.598,66.694
203.460,10.775,-0.096,0.598,66.822
203.480,6.855,-0.116,0.598,66.993
203.500,2.830,-0.136,0.598,67.199
203.520,-1.236,-0.146,0.598,67.429
203.540,-5.273,-0.159,0.598,67.667
203.560,-9.293,-0.165,0.598,67.902
203.580,-13.102,-0.163,0.598,68.124
203.600,-16.734,-0.162,0.598,68.314
203.620,-20.139,-0.158,0.598,68.467
203.640,-23.221,-0.148,0.598,68.570
203.660,-25.992,-0.129,0.598,68.624
203.680,-28.354,-0.113,0.598,68.618
203.700,-30.322,-0.090,0.598,68.559
203.720,-31.805,-0.063,0.598,68.448
203.740,-32.801,-0.036,0.598,68.293
203.760,-33.322,-0.005,0.598,68.104
203.780,-33.422,0.027,0.598,67.892
203.800,-33.006,0.058,0.598,67.670
203.820,-32.098,0.095,0.598,67.247
203.840,-30.680,0.128,0.598,67.247
203.860,-28.822,0.173,0.598,67.070
203.880,-26.543,0.199,0.598,66.931
203.900,-23.889,0.240,0.598,66.837
203.920,-20.865,0.269,0.598,66.794
203.940,-17.514,0.299,0.598,66.803
203.960,-13.922,0.324,0.598,66.863
203.980,-10.107,0.353,0.598,66.970
204.000,-6.141,0.374,0.598,67.119
204.020,-2.109,0.394,0.598,67.301
204.040,1.975,0.405,0.598,67.504
204.060,6.035,0.417,0.598,67.717
204.080,9.979,0.423,0.598,67.925
204.100,13.793,0.426,0.598,68.117
204.120,17.426,0.420,0.598,68.280
204.140,20.789,0.412,0.598,68.404
204.160,23.871,0.402,0.598,68.502
204.180,26.566,0.381,0.598,68.502
204.200,28.887,0.367,0.598,68.467
204.220,30.773,0.340,0.598,68.381
204.240,32.250,0.315,0.598,68.243
204.260,33.223,0.281,0.598,68.065
204.280,33.709,0.254,0.598,67.852
204.300,33.721,0.223,0.598,67.621
204.320,33.264,0.188,0.598,67.380
204.340,32.285,0.149,0.598,67.145
204.360,30.850,0.116,0.598,66.927
204.380,28.998,0.074,0.598,66.738
204.400,26.707,0.049,0.598,66.590
204.420,24.012,0.009,0.598,66.488
204.440,20.953,-0.020,0.598,66.438
204.460,17.625,-0.052,0.598,66.442
204.480,13.998,-0.078,0.598,66.500
204.500,10.219,-0.103,0.598,66.608
204.520,6.264,-0.124,0.598,66.758
204.540,2.232,-0.140,0.598,66.945
204.560,-1.857,-0.154,0.598,67.150
204.580,-5.871,-0.163,0.598,67.370
204.600,-9.867,-0.167,0.598,67.582
204.620,-13.658,-0.170,0.599,67.783
204.640,-17.256,-0.166,0.599,67.952
204.660,-20.625,-0.155,0.599,68.087
204.680,-23.660,-0.150,0.599,68.171
204.700,-26.361,-0.131,0.599,68.209
204.720,-28.664,-0.115,0.599,68.190
204.740,-30.568,-0.086,0.599,68.121
204.760,-31.980,-0.062,0.599,68.001
204.780,-32.936,-0.031,0.599,67.841
204.800,-33.363,-0.006,0.599,67.649
204.820,-33.369,0.031,0.599,67.441
204.840,-32.889,0.061,0.599,67.224
204.860,-31.916,0.100,0.599,67.015
204.880,-30.439,0.131,0.599,66.825
204.900,-28.500,0.171,0.599,66.666
204.920,-26.191,0.202,0.599,66.547
204.940,-23.467,0.240,0.599,66.476
204.960,-20.373,0.269,0.597,66.458
204.980,-17.004,0.303,0.597,66.495
205.000,-13.389,0.331,0.597,66.585
205.020,-9.539,0.358,0.597,66.726
205.040,-5.572,0.380,0.597,66.907
205.060,-1.523,0.400,0.597,67.123
205.080,2.555,0.409,0.597,67.362
205.100,6.609,0.421,0.597,67.606
205.120,10.553,0.422,0.597,67.846
205.140,14.361,0.427,0.597,68.066
205.160,17.941,0.420,0.597,68.258
205.180,21.252,0.414,0.597,68.411
205.200,24.299,0.401,0.597,68.514
205.220,26.924,0.386,0.597,68.561
205.240,29.209,0.365,0.597,68.554
205.260,31.031,0.340,0.597,68.492
205.280,32.426,0.315,0.597,68.380
205.300,33.328,0.286,0.597,68.226
205.320,33.750,0.255,0.597,68.041
205.340,33.686,0.221,0.597,67.837
205.360,33.152,0.182,0.597,67.624
205.380,32.109,0.149,0.597,67.418
205.400,30.592,0.113,0.597,67.230
205.420,28.676,0.078,0.597,67.072
205.440,26.320,0.045,0.597,66.953
205.460,23.549,0.007,0.597,66.881
205.480,20.461,-0.021,0.597,66.861
205.500,17.080,-0.052,0.597,66.892
205.520,13.430,-0.075,0.597,66.975
205.540,9.609,-0.103,0.597,67.104
205.560,5.637,-0.120,0.597,67.274
205.580,1.600,-0.137,0.597,67.471
205.600,-2.479,-0.156,0.597,67.690
205.620,-6.510,-0.160,0.597,67.914
205.640,-10.471,-0.162,0.597,68.129
205.660,-14.238,-0.161,0.597,68.322
205.680,-17.812,-0.158,0.597,68.483
205.700,-21.117,-0.148,0.597,68.602
205.720,-24.141,-0.141,0.597,68.670
205.740,-26.771,-0.119,0.597,68.684
205.760,-29.004,-0.107,0.597,68.640
205.780,-30.844,-0.074,0.597,68.546
205.800,-32.156,-0.055,0.597,68.399
205.820,-33.070,-0.023,0.597,68.214
205.840,-33.434,0.006,0.597,67.996
205.860,-33.340,0.038,0.597,67.761
205.880,-32.789,0.074,0.597,67.519
205.900,-31.717,0.109,0.597,67.285
205.920,-30.182,0.146,0.597,67.070
205.940,-28.189,0.185,0.597,66.887
205.960,-25.787,0.219,0.597,66.745
205.980,-23.010,0.253,0.597,66.650
206.000,-19.881,0.279,0.597,66.608
206.020,-16.471,0.312,0.597,66.618
206.040,-12.814,0.338,0.597,66.681
206.060,-8.953,0.362,0.597,66.791
206.080,-4.939,0.383,0.597,66.942
206.100,-0.873,0.402,0.597,67.122
206.120,3.182,0.414,0.597,67.324
206.140,7.219,0.424,0.597,67.532
206.160,11.133,0.425,0.597,67.733
206.180,14.930,0.427,0.597,67.914
206.200,18.469,0.416,0.597,68.067
206.220,21.738,0.416,0.597,68.177
206.240,24.732,0.395,0.597,68.242
206.260,27.305,0.383,0.597,68.251
206.280,29.508,0.357,0.597,68.209
206.300,31.266,0.337,0.597,68.113
206.320,32.584,0.309,0.597,67.972
206.340,33.428,0.278,0.597,67.793
206.360,33.762,0.246,0.597,67.586
206.380,33.645,0.214,0.597,67.363
206.400,33.023,0.178,0.597,67.137
206.420,31.922,0.143,0.597,66.921
206.440,30.334,0.109,0.597,66.727
206.460,28.354,0.068,0.597,66.567
206.480,25.934,0.041,0.597,66.452
206.500,23.109,0.000,0.597,66.384
206.520,19.980,-0.027,0.597,66.372
206.540,16.541,-0.062,0.597,66.414
206.560,12.867,-0.081,0.597,66.512
206.580,9.018,-0.110,0.597,66.655
206.600,5.062,-0.125,0.597,66.843
206.620,1.014,-0.145,0.597,67.058
206.640,-3.047,-0.157,0.597,67.296
206.660,-7.090,-0.166,0.597,67.539
206.680,-11.016,-0.167,0.597,67.778
206.700,-14.766,-0.170,0.597,67.995
206.720,-18.293,-0.166,0.597,68.181
206.740,-21.562,-0.158,0.597,68.326
206.760,-24.516,-0.143,0.597,68.420
206.780,-27.100,-0.126,0.597,68.462
206.800,-29.273,-0.107,0.597,68.449
206.820,-31.037,-0.080,0.597,68.383
206.840,-32.297,-0.054,0.597,68.267
206.860,-33.123,-0.024,0.597,68.115
206.880,-33.416,0.008,0.597,67.933
206.900,-33.258,0.039,0.597,67.736
206.920,-32.648,0.072,0.597,67.535
206.940,-31.482,0.109,0.597,67.343
206.960,-29.895,0.149,0.597,67.174
206.980,-27.820,0.181,0.597,67.037
207.000,-25.383,0.215,0.597,66.942
207.020,-22.576,0.253,0.597,66.895
207.040,-19.359,0.277,0.597,66.902
207.060,-15.914,0.315,0.597,66.960
207.080,-12.217,0.333,0.597,67.071
207.100,-8.344,0.363,0.597,67.224
207.120,-4.336,0.381,0.597,67.417
207.140,-0.246,0.402,0.597,67.637
207.160,3.826,0.410,0.597,67.875
207.180,7.834,0.420,0.597,68.113
207.200,11.719,0.423,0.597,68.341
207.220,15.469,0.426,0.597,68.547
207.240,18.979,0.413,0.597,68.716
207.260,22.225,0.412,0.597,68.840
207.280,25.143,0.390,0.597,68.915
207.300,27.662,0.381,0.597,68.931
207.320,29.812,0.352,0.597,68.891
207.340,31.494,0.331,0.597,68.795
207.360,32.742,0.301,0.597,68.651
207.380,33.510,0.273,0.597,68.469
207.400,33.773,0.240,0.597,68.257
207.420,33.580,0.209,0.597,68.029
207.440,32.877,0.170,0.597,67.797
207.460,31.699,0.137,0.597,67.575
207.480,30.053,0.099,0.597,67.374
207.500,28.020,0.064,0.597,67.206
207.520,25.518,0.033,0.597,67.080
207.540,22.664,-0.005,0.597,67.001
207.560,19.477,-0.031,0.597,66.976
207.580,16.008,-0.066,0.597,67.001
207.600,12.293,-0.086,0.597,67.080
207.620,8.443,-0.108,0.597,67.201
207.640,4.430,-0.131,0.597,67.360
207.660,0.381,-0.147,0.597,67.546
207.680,-3.674,-0.158,0.597,67.749
207.700,-7.693,-0.164,0.597,67.952
207.720,-11.607,-0.166,0.597,68.146
207.740,-15.334,-0.166,0.597,68.314
207.760,-18.826,-0.161,0.597,68.449
207.780,-22.037,-0.152,0.597,68.540
207.800,-24.920,-0.135,0.597,68.582
207.820,-27.439,-0.120,0.597,68.568
207.840,-29.584,-0.097,0.597,68.500
207.860,-31.260,-0.075,0.597,68.381
207.880,-32.461,-0.046,0.597,68.217
207.900,-33.187,-0.017,0.597,68.015
207.920,-33.416,0.014,0.597,67.788
207.940,-33.223,0.047,0.597,67.547
207.960,-32.514,0.081,0.597,67.306
207.980,-31.301,0.116,0.597,67.077
208.000,-29.625,0.156,0.597,66.873
208.020,-27.492,0.190,0.597,66.705
208.040,-24.990,0.223,0.597,66.581
208.060,-22.096,0.263,0.597,66.507
208.080,-18.873,0.282,0.597,66.489
208.100,-15.381,0.322,0.597,66.521
208.120,-11.648,0.340,0.597,66.610
208.140,-7.746,0.373,0.597,66.741
208.160,-3.732,0.384,0.597,66.915
208.180,0.352,0.407,0.597,67.116
208.200,4.412,0.418,0.597,67.335
208.220,8.414,0.424,0.597,67.556
208.240,12.299,0.425,0.597,67.767
208.260,16.002,0.428,0.598,67.955
208.280,19.477,0.418,0.598,68.111
208.300,22.676,0.414,0.598,68.225
208.320,25.553,0.393,0.598,68.289
208.340,28.014,0.380,0.598,68.300
208.360,30.088,0.354,0.598,68.255
208.380,31.711,0.332,0.598,68.161
208.400,32.889,0.301,0.598,68.023
208.420,33.574,0.270,0.598,67.848
208.440,33.779,0.243,0.598,67.648
208.460,33.516,0.202,0.598,67.436
208.480,32.736,0.172,0.598,67.224
208.500,31.494,0.132,0.598,67.025
208.520,29.771,0.099,0.598,66.851
208.540,27.668,0.061,0.598,66.713
208.560,25.119,0.032,0.598,66.621
208.580,22.201,-0.004,0.598,66.577
208.600,18.984,-0.033,0.598,66.588
208.620,15.475,-0.065,0.598,66.651
208.640,11.742,-0.088,0.598,66.767
208.660,7.857,-0.112,0.598,66.927
208.680,3.850,-0.129,0.598,67.126
208.700,-0.223,-0.145,0.598,67.349
208.720,-4.295,-0.160,0.598,67.587
208.740,-8.273,-0.162,0.598,67.826
208.760,-12.152,-0.170,0.598,68.052
208.780,-15.844,-0.162,0.598,68.251
208.800,-19.312,-0.161,0.598,68.416
208.820,-22.494,-0.147,0.598,68.533
208.840,-25.324,-0.136,0.598,68.599
208.860,-27.779,-0.112,0.598,68.608
208.880,-29.836,-0.098,0.598,68.561
208.900,-31.471,-0.067,0.598,68.464
208.920,-32.607,-0.046,0.598,68.319
208.940,-33.229,-0.011,0.598,68.138
208.960,-33.422,0.016,0.598,67.931
208.980,-33.141,0.058,0.598,67.712
209.000,-32.332,0.085,0.598,67.491
209.020,-31.066,0.123,0.598,67.283
209.040,-29.320,0.160,0.598,67.100
209.060,-27.135,0.188,0.598,66.952
209.080,-24.557,0.233,0.598,66.847
209.100,-21.604,0.258,0.598,66.793
209.120,-18.352,0.297,0.598,66.791
209.140,-14.842,0.319,0.598,66.841
209.160,-11.068,0.348,0.598,66.939
209.180,-7.143,0.363,0.598,67.081
209.200,-3.100,0.389,0.598,67.255
209.220,0.973,0.403,0.598,67.458
209.240,5.033,0.419,0.598,67.672
209.260,9.012,0.417,0.598,67.887
209.280,12.879,0.426,0.598,68.084
209.300,16.553,0.418,0.598,68.260
209.320,19.980,0.417,0.598,68.396
209.340,23.139,0.400,0.598,68.488
209.360,25.951,0.388,0.598,68.524
209.380,28.348,0.365,0.598,68.507
209.400,30.363,0.344,0.598,68.308
209.420,31.922,0.320,0.598,68.308
209.440,33.018,0.294,0.598,68.139
209.460,33.645,0.262,0.598,67.937
209.480,33.762,0.230,0.598,67.710
209.500,33.428,0.197,0.598,67.472
209.520,32.578,0.160,0.598,67.235
209.540,31.266,0.125,0.598,67.013
209.560,29.473,0.081,0.598,66.818
209.580,27.311,0.054,0.598,66.660
209.600,24.709,0.017,0.598,66.548
209.620,21.744,-0.010,0.598,66.486
209.640,18.486,-0.045,0.598,66.478
209.660,14.918,-0.073,0.598,66.523
209.680,11.168,-0.097,0.598,66.621
209.700,7.260,-0.116,0.598,66.763
209.720,3.246,-0.137,0.598,66.941
209.740,-0.809,-0.147,0.598,67.144
209.760,-4.875,-0.166,0.598,67.360
209.780,-8.877,-0.167,0.598,67.580
209.800,-12.727,-0.172,0.600,67.786
209.820,-16.365,-0.162,0.600,67.965
209.840,-19.787,-0.166,0.600,68.109
209.860,-22.939,-0.147,0.600,68.209
209.880,-25.711,-0.139,0.600,68.258
209.900,-28.119,-0.115,0.600,68.253
209.920,-30.111,-0.095,0.600,68.194
209.940,-31.646,-0.070,0.600,68.086
209.960,-32.742,-0.038,0.600,67.935
209.980,-33.281,-0.011,0.600,67.751
210.000,-33.393,0.021,0.600,67.546
210.020,-33.041,0.050,0.600,67.330
210.040,-32.174,0.091,0.600,67.119
210.060,-30.838,0.123,0.600,66.923
210.080,-29.021,0.166,0.600,66.756
210.100,-26.771,0.190,0.600,66.627
210.120,-24.164,0.240,0.600,66.544
210.140,-21.141,0.259,0.600,66.515
210.160,-17.854,0.298,0.600,66.538
210.180,-14.285,0.321,0.600,66.617
210.200,-10.506,0.352,0.600,66.742
210.220,-6.551,0.373,0.600,66.916
210.240,-2.496,0.390,0.600,67.125
210.260,1.559,0.410,0.600,67.358
210.280,5.625,0.417,0.600,67.604
210.300,9.598,0.421,0.600,67.846
210.320,13.441,0.429,0.601,68.073
210.340,17.086,0.423,0.601,68.276
210.360,20.467,0.418,0.601,68.440
210.380,23.578,0.402,0.601,68.555
210.400,26.326,0.393,0.601,68.617
210.420,28.687,0.367,0.601,68.626
210.440,30.633,0.348,0.601,68.577
210.460,32.133,0.317,0.601,68.478
210.480,33.146,0.291,0.601,68.333
210.500,33.703,0.258,0.601,68.156
210.520,33.744,0.232,0.601,67.955
210.540,33.328,0.190,0.601,67.744
210.560,32.402,0.160,0.601,67.535
210.580,31.025,0.120,0.601,67.342
210.600,29.191,0.086,0.601,67.177
210.620,26.947,0.052,0.601,67.048
210.640,24.287,0.018,0.601,66.966
210.660,21.275,-0.013,0.601,66.931
210.680,17.965,-0.046,0.601,66.951
210.700,14.355,-0.073,0.601,67.021
210.720,10.576,-0.094,0.601,67.143
210.740,6.656,-0.119,0.601,67.301
210.760,2.625,-0.131,0.601,67.496
210.780,-1.436,-0.153,0.601,67.709
210.800,-5.496,-0.156,0.601,67.935
210.820,-9.492,-0.167,0.601,68.151
210.840,-13.301,-0.162,0.601,68.356
210.860,-16.916,-0.163,0.601,68.525
210.880,-20.297,-0.153,0.601,68.659
210.900,-23.402,-0.143,0.601,68.740
210.920,-26.098,-0.125,0.601,68.769
210.940,-28.465,-0.110,0.601,68.740
210.960,-30.393,-0.087,0.601,68.659
210.980,-31.857,-0.057,0.601,68.525
211.000,-32.848,-0.033,0.601,68.347
211.020,-33.305,-0.004,0.601,68.138
211.040,-33.381,0.030,0.601,67.906
211.060,-32.936,0.066,0.601,67.665
211.080,-32.004,0.099,0.601,67.428
211.100,-30.568,0.141,0.601,67.209
211.120,-28.682,0.172,0.601,67.018
211.140,-26.414,0.203,0.601,66.865
211.160,-23.719,0.240,0.601,66.758
211.180,-20.666,0.271,0.601,66.702
211.200,-17.314,0.306,0.601,66.700
211.220,-13.711,0.327,0.601,66.751
211.240,-9.908,0.359,0.601,66.850
211.260,-5.930,0.373,0.601,66.992
211.280,-1.887,0.398,0.601,67.164
211.300,2.191,0.408,0.601,67.364
211.320,6.246,0.420,0.601,67.569
211.340,10.184,0.423,0.601,67.775
211.360,13.998,0.425,0.601,67.961
211.380,17.619,0.418,0.601,68.122
211.400,20.947,0.417,0.601,68.240
211.420,24.023,0.398,0.601,68.317
211.440,26.713,0.386,0.601,68.336
211.460,29.004,0.363,0.601,68.306
211.480,30.867,0.345,0.601,68.220
211.500,32.314,0.316,0.601,68.089
211.520,33.252,0.284,0.601,67.916
211.540,33.732,0.259,0.601,67.712
211.560,33.709,0.219,0.601,67.489
211.580,33.211,0.190,0.601,67.259
211.600,32.238,0.152,0.601,67.037
211.620,30.785,0.115,0.601,66.833
211.640,28.881,0.076,0.601,66.660
211.660,26.578,0.045,0.601,66.529
211.680,23.842,0.008,0.601,66.445
211.700,20.789,-0.020,0.601,66.417
211.720,17.449,-0.055,0.601,66.441
211.740,13.811,-0.076,0.601,66.521
211.760,10.014,-0.108,0.601,66.646
211.780,6.047,-0.120,0.601,66.821
211.800,2.021,-0.142,0.601,67.025
211.820,-2.039,-0.156,0.601,67.256
211.840,-6.076,-0.165,0.601,67.493
211.860,-10.025,-0.170,0.601,67.729
211.880,-13.852,-0.170,0.601,67.946
211.900,-17.420,-0.166,0.601,68.137
211.920,-20.777,-0.160,0.601,68.285
211.940,-23.795,-0.146,0.601,68.388
211.960,-26.461,-0.131,0.601,68.435
211.980,-28.758,-0.108,0.601,68.429
212.000,-30.633,-0.090,0.601,68.368
212.020,-32.016,-0.063,0.601,68.262
212.040,-32.971,-0.033,0.601,68.114
212.060,-33.357,-0.005,0.601,67.935
212.080,-33.352,0.032,0.601,67.737
212.100,-32.807,0.063,0.601,67.531
212.120,-31.822,0.100,0.601,67.332
212.140,-30.328,0.135,0.601,67.152
212.160,-28.365,0.174,0.601,67.003
212.180,-26.016,0.203,0.601,66.894
212.200,-23.279,0.244,0.601,66.830
212.220,-20.180,0.270,0.601,66.821
212.240,-16.799,0.307,0.601,66.864
212.260,-13.160,0.325,0.601,66.960
212.280,-9.299,0.359,0.601,67.098
212.300,-5.320,0.373,0.601,67.283
212.320,-1.266,0.399,0.601,67.492
212.340,2.807,0.406,0.601,67.728
212.360,6.850,0.419,0.601,67.965
212.380,10.764,0.422,0.601,68.199
212.400,14.566,0.423,0.601,68.408
212.420,18.129,0.418,0.601,68.590
212.440,21.439,0.412,0.601,68.725
212.460,24.451,0.395,0.601,68.814
212.480,27.076,0.383,0.601,68.843
212.500,29.314,0.356,0.601,68.819
212.520,31.113,0.339,0.601,68.737
212.540,32.484,0.308,0.601,68.606
212.560,33.369,0.278,0.601,68.433
212.580,33.762,0.252,0.601,68.229
212.600,33.674,0.213,0.601,68.007
212.620,33.094,0.183,0.601,67.776
212.640,32.033,0.142,0.601,67.552
212.660,30.521,0.109,0.601,67.347
212.680,28.564,0.069,0.601,67.171
212.700,26.186,0.042,0.601,67.038
212.720,23.402,0.002,0.601,66.948
212.740,20.303,-0.024,0.601,66.913
212.760,16.904,-0.058,0.601,66.927
212.780,13.242,-0.083,0.601,66.995
212.800,9.416,-0.109,0.601,67.109
212.820,5.455,-0.127,0.601,67.263
212.840,1.412,-0.145,0.601,67.448
212.860,-2.678,-0.156,0.601,67.650
212.880,-6.709,-0.162,0.601,67.856
212.900,-10.646,-0.166,0.601,68.057
212.920,-14.408,-0.165,0.601,68.235
212.940,-17.941,-0.166,0.601,68.383
212.960,-21.264,-0.152,0.601,68.489
212.980,-24.234,-0.141,0.601,68.547
213.000,-26.848,-0.125,0.601,68.549
213.020,-29.074,-0.103,0.601,68.497
213.040,-30.867,-0.082,0.601,68.391
213.060,-32.203,-0.053,0.601,68.239
213.080,-33.059,-0.023,0.601,68.047
213.100,-33.381,0.006,0.601,67.828
213.120,-33.293,0.041,0.601,67.592
213.140,-32.713,0.071,0.601,67.352
213.160,-31.635,0.108,0.601,67.121
213.180,-30.047,0.142,0.601,66.911
213.200,-28.061,0.182,0.601,66.735
213.220,-25.646,0.215,0.601,66.601
213.240,-22.828,0.248,0.601,66.516
213.260,-19.687,0.278,0.601,66.485
213.280,-16.271,0.313,0.601,66.507
213.300,-12.598,0.335,0.601,66.583
213.320,-8.725,0.367,0.601,66.706
213.340,-4.717,0.381,0.601,66.872
213.360,-0.662,0.405,0.601,67.069
213.380,3.416,0.412,0.601,67.286
213.400,7.430,0.424,0.601,67.510
213.420,11.338,0.423,0.601,67.726
213.440,15.123,0.429,0.601,67.923
213.460,18.645,0.420,0.601,68.090
213.480,21.908,0.414,0.601,68.216
213.500,24.873,0.398,0.601,68.293
213.520,27.434,0.383,0.601,68.318
213.540,29.607,0.356,0.601,68.290
213.560,31.342,0.340,0.601,68.206
213.580,32.654,0.310,0.601,68.080
213.600,33.463,0.281,0.601,67.916
213.620,33.768,0.248,0.601,67.723
213.640,33.621,0.213,0.601,67.513
213.660,32.965,0.182,0.601,67.301
213.680,31.840,0.142,0.601,67.098
213.700,30.252,0.108,0.601,66.918
213.720,28.254,0.067,0.601,66.772
213.740,25.787,0.038,0.601,66.668
213.760,22.957,0.003,0.601,66.613
213.780,19.822,-0.028,0.601,66.612
213.800,16.371,-0.058,0.601,66.663
213.820,12.680,-0.085,0.601,66.768
213.840,8.824,-0.106,0.601,66.919
213.860,4.840,-0.125,0.601,67.109
213.880,0.803,-0.141,0.601,67.327
213.900,-3.281,-0.156,0.601,67.562
213.920,-7.295,-0.159,0.601,67.803
213.940,-11.227,-0.170,0.601,68.031
213.960,-14.953,-0.163,0.601,68.240
213.980,-18.457,-0.162,0.601,68.415
214.000,-21.732,-0.151,0.601,68.544
214.020,-24.656,-0.139,0.601,68.623
214.040,-27.211,-0.125,0.601,68.647
214.060,-29.385,-0.092,0.601,68.617
214.080,-31.090,-0.083,0.601,68.528
214.100,-32.361,-0.041,0.601,68.396
214.120,-33.111,-0.028,0.601,68.221
214.140,-33.428,0.016,0.601,68.021
214.160,-33.234,0.038,0.601,67.802
214.180,-32.561,0.079,0.601,67.580
214.200,-31.418,0.110,0.601,67.367
214.220,-29.760,0.153,0.601,67.176
214.240,-27.697,0.185,0.601,67.017
214.260,-25.230,0.218,0.601,66.900
214.280,-22.365,0.253,0.601,66.831
214.300,-19.178,0.282,0.601,66.814
214.320,-15.715,0.315,0.601,66.847
214.340,-12.012,0.336,0.601,66.935
214.360,-8.127,0.368,0.601,67.061
214.380,-4.107,0.377,0.601,67.231
214.400,-0.041,0.406,0.601,67.422
214.420,4.025,0.406,0.601,67.635
214.440,8.039,0.420,0.601,67.845
214.460,11.924,0.417,0.601,68.047
214.480,15.668,0.425,0.601,68.221
214.500,19.154,0.410,0.601,68.367
214.520,22.377,0.409,0.601,68.464
214.540,25.289,0.385,0.601,68.513
214.560,27.785,0.377,0.601,68.502
214.580,29.900,0.348,0.601,68.442
214.600,31.576,0.334,0.601,68.326
214.620,32.795,0.293,0.601,68.168
214.640,33.539,0.276,0.601,67.968
214.660,33.791,0.236,0.601,67.744
214.680,33.557,0.207,0.601,67.504
214.700,32.818,0.166,0.601,67.263
214.720,31.623,0.134,0.601,67.033
214.740,29.977,0.096,0.601,66.827
214.760,27.902,0.058,0.601,66.656
214.780,25.383,0.029,0.601,66.529
214.800,22.500,-0.010,0.599,66.451
214.820,19.301,-0.035,0.599,66.429
214.840,15.820,-0.069,0.599,66.457
214.860,12.105,-0.087,0.599,66.542
214.880,8.221,-0.112,0.599,66.668
214.900,4.213,-0.132,0.599,66.837
214.920,0.176,-0.150,0.599,67.031
214.940,-3.896,-0.158,0.599,67.246
214.960,-7.898,-0.169,0.599,67.462
214.980,-11.812,-0.171,0.600,67.671
215.000,-15.504,-0.171,0.600,67.857
215.020,-18.984,-0.167,0.600,68.012
215.040,-22.213,-0.152,0.600,68.123
215.060,-25.072,-0.144,0.600,68.184
215.080,-27.598,-0.120,0.600,68.191
215.100,-29.701,-0.098,0.600,68.145
215.120,-31.354,-0.077,0.600,68.047
215.140,-32.543,-0.046,0.600,67.906
215.160,-33.229,-0.022,0.600,67.729
215.180,-33.439,0.016,0.600,67.528
215.200,-33.217,0.044,0.600,67.313
215.220,-32.484,0.083,0.600,67.099
215.240,-31.248,0.114,0.600,66.899
215.260,-29.537,0.159,0.600,66.723
215.280,-27.410,0.186,0.600,66.585
215.300,-24.896,0.230,0.600,66.491
215.320,-21.984,0.253,0.600,66.448
215.340,-18.732,0.288,0.600,66.459
215.360,-15.229,0.315,0.600,66.525
215.380,-11.496,0.347,0.600,66.643
215.400,-7.564,0.368,0.600,66.809
215.420,-3.527,0.389,0.600,67.011
215.440,0.539,0.406,0.600,67.242
215.460,4.605,0.417,0.600,67.487
215.480,8.602,0.424,0.600,67.734
215.500,12.492,0.426,0.600,67.970
215.520,16.189,0.426,0.600,68.183
215.540,19.635,0.416,0.600,68.359
215.560,22.822,0.409,0.600,68.489
215.580,25.676,0.392,0.600,68.569
215.600,28.131,0.375,0.600,68.592
215.620,30.176,0.353,0.600,68.561
215.640,31.787,0.329,0.600,68.477
215.660,32.941,0.294,0.600,68.347
215.680,33.604,0.273,0.600,68.180
215.700,33.768,0.234,0.600,67.987
215.720,33.475,0.204,0.600,67.781
215.740,32.672,0.168,0.600,67.575
215.760,31.406,0.128,0.600,67.381
215.780,29.678,0.097,0.600,67.211
215.800,27.551,0.055,0.600,67.076
215.820,24.955,0.033,0.600,66.986
215.840,22.025,-0.012,0.600,66.942
215.860,18.803,-0.034,0.600,66.955
215.880,15.258,-0.067,0.600,67.016
215.900,11.531,-0.087,0.600,67.131
215.920,7.623,-0.114,0.600,67.284
215.940,3.609,-0.125,0.600,67.477
215.960,-0.463,-0.149,0.600,67.688
215.980,-4.529,-0.153,0.600,67.917
216.000,-8.520,-0.166,0.600,68.139
216.020,-12.393,-0.160,0.600,68.352
216.040,-16.061,-0.162,0.600,68.533
216.060,-19.535,-0.155,0.600,68.678
216.080,-22.676,-0.144,0.600,68.775
216.100,-25.512,-0.133,0.600,68.820
216.120,-27.937,-0.112,0.600,68.807
216.140,-29.971,-0.091,0.600,68.741
216.160,-31.576,-0.066,0.600,68.621
216.180,-32.678,-0.038,0.600,68.456
216.200,-33.281,-0.009,0.600,68.254
216.220,-33.445,0.029,0.600,68.028
216.240,-33.111,0.053,0.600,67.788
216.260,-32.326,0.092,0.600,67.550
216.280,-31.008,0.128,0.600,67.325
216.300,-29.232,0.169,0.600,67.126
216.320,-27.029,0.199,0.600,66.963
216.340,-24.428,0.233,0.600,66.844
216.360,-21.480,0.264,0.600,66.775
216.380,-18.205,0.298,0.600,66.759
216.400,-14.660,0.321,0.600,66.797
216.420,-10.881,0.352,0.600,66.881
216.440,-6.932,0.372,0.600,67.011
216.460,-2.906,0.391,0.600,67.175
216.480,1.160,0.407,0.600,67.366
216.500,5.221,0.418,0.600,67.568
216.520,9.199,0.427,0.600,67.773
216.540,13.084,0.427,0.600,67.963
216.560,16.734,0.424,0.600,68.128
216.580,20.150,0.417,0.600,68.257
216.600,23.291,0.406,0.600,68.341
216.620,26.080,0.389,0.600,68.376
216.640,28.465,0.374,0.600,68.350
216.660,30.445,0.349,0.600,68.280
216.680,31.998,0.325,0.600,68.154
216.700,33.076,0.290,0.600,67.991
216.720,33.662,0.266,0.600,67.789
216.740,33.762,0.228,0.600,67.569
216.760,33.387,0.199,0.600,67.338
216.780,32.514,0.160,0.600,67.112
216.800,31.184,0.127,0.600,66.901
216.820,29.385,0.087,0.600,66.719
216.840,27.199,0.054,0.600,66.575
216.860,24.551,0.020,0.600,66.478
216.880,21.574,-0.016,0.600,66.433
216.900,18.293,-0.039,0.600,66.446
216.920,14.719,-0.073,0.600,66.508
216.940,10.969,-0.094,0.600,66.627
216.960,7.055,-0.120,0.600,66.785
216.980,3.035,-0.133,0.600,66.987
217.000,-1.043,-0.156,0.600,67.207
217.020,-5.086,-0.162,0.600,67.447
217.040,-9.088,-0.172,0.601,67.682
217.060,-12.926,-0.167,0.601,67.910
217.080,-16.553,-0.169,0.601,68.104
217.100,-19.992,-0.158,0.601,68.268
217.120,-23.109,-0.151,0.601,68.378
217.140,-25.852,-0.135,0.601,68.445
217.160,-28.236,-0.115,0.601,68.452
217.180,-30.205,-0.096,0.601,68.410
217.200,-31.734,-0.066,0.601,68.313
217.220,-32.801,-0.042,0.601,68.176
217.240,-33.316,-0.007,0.601,68.004
217.260,-33.398,0.025,0.601,67.810
217.280,-33.000,0.057,0.601,67.605
217.300,-32.115,0.091,0.601,67.404
217.320,-30.762,0.126,0.601,67.219
217.340,-28.910,0.163,0.601,67.062
217.360,-26.654,0.201,0.601,66.942
217.380,-23.994,0.234,0.601,66.869
217.400,-20.977,0.265,0.601,66.845
217.420,-17.660,0.298,0.601,66.876
217.440,-14.092,0.320,0.601,66.957
217.460,-10.271,0.355,0.601,67.085
217.480,-6.322,0.368,0.601,67.259
217.500,-2.285,0.394,0.601,67.464
217.520,1.799,0.403,0.601,67.692
217.540,5.842,0.423,0.601,67.928
217.560,9.785,0.419,0.601,68.166
217.580,13.641,0.423,0.601,68.382
217.600,17.268,0.418,0.601,68.571
217.620,20.637,0.411,0.601,68.715
217.640,23.730,0.399,0.601,68.814
217.660,26.461,0.386,0.601,68.856
217.680,28.793,0.365,0.601,68.841
217.700,30.709,0.344,0.601,68.772
217.720,32.180,0.315,0.601,68.650
217.740,33.193,0.291,0.601,68.486
217.760,33.709,0.259,0.601,68.287
217.780,33.732,0.223,0.601,68.066
217.800,33.281,0.190,0.601,67.833
217.820,32.344,0.156,0.601,67.604
217.840,30.943,0.118,0.601,67.391
217.860,29.080,0.083,0.601,67.206
217.880,26.824,0.048,0.601,67.059
217.900,24.105,0.015,0.601,66.955
217.920,21.100,-0.020,0.601,66.903
217.940,17.777,-0.047,0.601,66.904
217.960,14.168,-0.079,0.601,66.957
217.980,10.371,-0.097,0.601,67.059
218.000,6.434,-0.124,0.601,67.200
218.020,2.402,-0.137,0.601,67.377
218.040,-1.664,-0.154,0.601,67.573
218.060,-5.713,-0.158,0.601,67.780
218.080,-9.703,-0.167,0.601,67.980
218.100,-13.523,-0.167,0.601,68.166
218.120,-17.121,-0.160,0.601,68.320
218.140,-20.502,-0.155,0.601,68.434
218.160,-23.555,-0.145,0.601,68.501
218.180,-26.273,-0.133,0.601,68.517
218.200,-28.600,-0.106,0.601,68.480
218.220,-30.516,-0.089,0.601,68.387
218.240,-31.945,-0.056,0.601,68.244
218.260,-32.930,-0.037,0.601,68.061
218.280,-33.387,0.004,0.601,67.847
218.300,-33.410,0.030,0.601,67.613
218.320,-32.941,0.066,0.601,67.372
218.340,-31.980,0.100,0.601,67.137
218.360,-30.539,0.132,0.601,66.921
218.380,-28.635,0.178,0.601,66.735
218.400,-26.332,0.203,0.601,66.589
218.420,-23.607,0.247,0.601,66.492
218.440,-20.531,0.267,0.599,66.447
218.460,-17.162,0.312,0.599,66.456
218.480,-13.553,0.325,0.599,66.521
218.500,-9.732,0.363,0.599,66.632
218.520,-5.754,0.373,0.599,66.788
218.540,-1.699,0.405,0.599,66.976
218.560,2.396,0.407,0.599,67.191
218.580,6.434,0.427,0.599,67.414
218.600,10.359,0.425,0.599,67.635
218.620,14.191,0.429,0.601,67.839
218.640,17.777,0.427,0.601,68.015
218.660,21.117,0.419,0.601,68.154
218.680,24.158,0.404,0.601,68.248
218.700,26.830,0.389,0.601,68.287
218.720,29.104,0.365,0.601,68.273
218.740,30.955,0.347,0.601,68.205
218.760,32.361,0.319,0.601,68.090
218.780,33.293,0.285,0.601,67.935
218.800,33.744,0.258,0.601,67.747
218.820,33.697,0.226,0.601,67.543
218.840,33.176,0.194,0.601,67.331
218.860,32.168,0.151,0.601,67.127
218.880,30.697,0.123,0.601,66.941
218.900,28.775,0.074,0.601,66.786
218.920,26.437,0.049,0.601,66.673
218.940,23.672,0.008,0.601,66.606
218.960,20.619,-0.021,0.601,66.594
218.980,17.262,-0.054,0.601,66.634
219.000,13.605,-0.077,0.601,66.729
219.020,9.785,-0.102,0.601,66.870
219.040,5.830,-0.120,0.601,67.053
219.060,1.787,-0.139,0.601,67.267
219.080,-2.279,-0.151,0.601,67.502
219.100,-6.305,-0.159,0.601,67.745
219.120,-10.283,-0.166,0.601,67.980
219.140,-14.062,-0.162,0.601,68.198
219.160,-17.654,-0.160,0.601,68.381
219.180,-20.965,-0.153,0.601,68.524
219.200,-23.977,-0.141,0.601,68.617
219.220,-26.631,-0.123,0.601,68.657
219.240,-28.898,-0.104,0.601,68.639
219.260,-30.750,-0.083,0.601,68.445
219.280,-32.121,-0.050,0.601,68.445
219.300,-32.994,-0.027,0.601,68.280
219.320,-33.398,0.006,0.601,68.085
219.340,-33.346,0.033,0.601,67.871
219.360,-32.807,0.072,0.601,67.649
219.380,-31.770,0.105,0.601,67.434
219.400,-30.223,0.145,0.601,67.237
219.420,-28.277,0.177,0.601,67.070
219.440,-25.898,0.207,0.601,66.942
219.460,-23.145,0.246,0.601,66.861
219.480,-20.021,0.274,0.601,66.830
219.500,-16.611,0.307,0.601,66.852
219.520,-12.967,0.333,0.601,66.924
219.540,-9.117,0.360,0.601,67.044
219.560,-5.115,0.377,0.601,67.202
219.580,-1.061,0.397,0.601,67.391
219.600,3.018,0.407,0.601,67.597
219.620,7.049,0.421,0.601,67.811
219.640,10.975,0.422,0.601,68.016
219.660,14.754,0.424,0.601,68.200
219.680,18.305,0.416,0.601,68.352
219.700,21.598,0.411,0.601,68.462
219.720,24.598,0.397,0.601,68.524
219.740,27.187,0.379,0.601,68.531
219.760,29.414,0.356,0.601,68.483
219.780,31.201,0.339,0.601,68.379
219.800,32.537,0.306,0.601,68.231
219.820,33.387,0.278,0.601,68.039
219.840,33.768,0.246,0.601,67.819
219.860,33.662,0.214,0.601,67.582
219.880,33.059,0.181,0.601,67.340
219.900,31.975,0.137,0.601,67.107
219.920,30.422,0.108,0.601,66.894
219.940,28.453,0.062,0.601,66.714
219.960,26.045,0.044,0.601,66.577
219.980,23.262,-0.002,0.601,66.485
220.000,20.127,-0.020,0.601,66.450
220.020,16.711,-0.066,0.601,66.463
220.040,13.061,-0.079,0.601,66.538
220.060,9.199,-0.112,0.601,66.653
220.080,5.238,-0.125,0.601,66.815
220.100,1.195,-0.145,0.601,67.003
220.120,-2.883,-0.154,0.601,67.218
220.140,-6.908,-0.170,0.601,67.433
220.160,-10.834,-0.169,0.601,67.647
220.180,-14.590,-0.173,0.602,67.839
220.200,-18.146,-0.162,0.602,68.003
220.220,-21.434,-0.158,0.602,68.123
220.240,-24.393,-0.141,0.602,68.199
220.260,-26.982,-0.126,0.602,68.220
220.280,-29.191,-0.103,0.602,68.188
220.300,-30.990,-0.076,0.602,68.103
220.320,-32.262,-0.058,0.602,67.973
220.340,-33.105,-0.021,0.602,67.807
220.360,-33.428,0.002,0.602,67.610
220.380,-33.293,0.041,0.602,67.186
220.400,-32.695,0.071,0.602,67.186
220.420,-31.588,0.112,0.602,66.982
220.440,-29.988,0.141,0.602,66.800
220.460,-27.967,0.185,0.602,66.652
220.480,-25.518,0.212,0.602,66.548
220.500,-22.711,0.253,0.602,66.493
220.520,-19.535,0.278,0.602,66.492
220.540,-16.107,0.315,0.602,66.545
220.560,-12.428,0.335,0.602,66.651
220.580,-8.531,0.365,0.602,66.805
220.600,-4.535,0.381,0.602,66.999
220.620,-0.457,0.406,0.602,67.224
220.640,3.615,0.410,0.602,67.468
220.660,7.623,0.424,0.602,67.715
220.680,11.537,0.422,0.602,67.956
220.700,15.305,0.426,0.602,68.171
220.720,18.814,0.417,0.602,68.356
220.740,22.061,0.415,0.602,68.498
220.760,25.014,0.395,0.602,68.594
220.780,27.539,0.379,0.602,68.629
220.800,29.701,0.358,0.602,68.611
220.820,31.430,0.331,0.602,68.537
220.840,32.701,0.308,0.602,68.417
220.860,33.480,0.273,0.602,68.257
220.880,33.785,0.247,0.602,68.067
220.900,33.604,0.211,0.602,67.862
220.920,32.900,0.174,0.602,67.653
220.940,31.770,0.137,0.602,67.452
220.960,30.158,0.106,0.602,67.274
220.980,28.113,0.065,0.602,67.127
221.000,25.646,0.037,0.602,67.024
221.020,22.799,-0.002,0.602,66.966
221.040,19.629,-0.029,0.602,66.964
221.060,16.166,-0.059,0.602,67.010
221.080,12.451,-0.087,0.602,67.110
221.100,8.613,-0.103,0.602,67.252
221.120,4.629,-0.132,0.602,67.434
221.140,0.574,-0.136,0.602,67.642
221.160,-3.504,-0.161,0.602,67.865
221.180,-7.529,-0.157,0.602,68.092
221.200,-11.443,-0.167,0.602,68.305
221.220,-15.170,-0.159,0.602,68.497
221.240,-18.674,-0.158,0.602,68.652
221.260,-21.920,-0.150,0.602,68.762
221.280,-24.826,-0.135,0.602,68.821
221.300,-27.369,-0.116,0.602,68.823
221.320,-29.490,-0.096,0.602,68.769
221.340,-31.219,-0.071,0.602,68.663
221.360,-32.437,-0.046,0.602,68.507
221.380,-33.182,-0.013,0.602,68.314
221.400,-33.457,0.016,0.602,68.094
221.420,-33.229,0.049,0.602,67.859
221.440,-32.555,0.083,0.602,67.621
221.460,-31.371,0.116,0.602,67.394
221.480,-29.725,0.158,0.602,67.190
221.500,-27.604,0.190,0.602,67.019
221.520,-25.131,0.224,0.602,66.892
221.540,-22.254,0.258,0.602,66.814
221.560,-19.031,0.286,0.602,66.790
221.580,-15.562,0.319,0.602,66.817
221.600,-11.842,0.344,0.602,66.897
221.620,-7.945,0.367,0.602,67.021
221.640,-3.920,0.389,0.602,67.184
221.660,0.170,0.404,0.602,67.375
221.680,4.213,0.420,0.602,67.582
221.700,8.227,0.424,0.602,67.796
221.720,12.123,0.425,0.602,67.995
221.740,15.844,0.426,0.602,68.172
221.760,19.336,0.418,0.602,68.317
221.780,22.523,0.413,0.602,68.417
221.800,25.424,0.393,0.602,68.470
221.820,27.902,0.380,0.602,68.467
221.840,29.994,0.354,0.602,68.413
221.860,31.652,0.331,0.602,68.304
221.880,32.848,0.301,0.602,68.154
221.900,33.557,0.271,0.602,67.966
221.920,33.773,0.238,0.602,67.754
221.940,33.527,0.207,0.602,67.528
221.960,32.777,0.167,0.602,67.303
221.980,31.559,0.135,0.602,67.091
222.000,29.871,0.093,0.602,66.905
222.020,27.785,0.066,0.602,66.755
222.040,25.225,0.027,0.602,66.649
222.060,22.342,-0.005,0.602,66.594
222.080,19.148,-0.034,0.602,66.594
222.100,15.627,-0.068,0.602,66.647
222.120,11.924,-0.091,0.602,66.756
222.140,8.027,-0.112,0.602,66.908
222.160,4.025,-0.134,0.602,67.100
222.180,-0.035,-0.150,0.602,67.319
222.200,-4.102,-0.158,0.602,67.795
222.220,-8.109,-0.167,0.602,67.795
222.240,-11.988,-0.169,0.602,68.024
222.260,-15.686,-0.170,0.602,68.228
222.280,-19.178,-0.156,0.602,68.400
222.300,-22.348,-0.156,0.602,68.523
222.320,-25.213,-0.133,0.602,68.599
222.340,-27.691,-0.125,0.602,68.616
222.360,-29.771,-0.095,0.602,68.586
222.380,-31.412,-0.074,0.602,68.497
222.400,-32.566,-0.042,0.602,68.366
222.420,-33.229,-0.017,0.602,68.197
222.440,-33.422,0.017,0.602,68.004
222.460,-33.158,0.044,0.602,67.798
222.480,-32.396,0.086,0.602,67.591
222.500,-31.125,0.115,0.602,67.397
222.520,-29.402,0.157,0.602,67.229
222.540,-27.234,0.189,0.602,67.095
222.560,-24.691,0.227,0.602,67.006
222.580,-21.768,0.259,0.602,66.964
222.600,-18.504,0.290,0.602,66.979
222.620,-14.994,0.319,0.602,67.043
222.640,-11.238,0.344,0.602,67.160
222.660,-7.330,0.369,0.602,67.318
222.680,-3.293,0.385,0.602,67.514
222.700,0.785,0.405,0.602,67.732
222.720,4.846,0.407,0.602,67.968
222.740,8.824,0.425,0.602,68.196
222.760,12.697,0.420,0.602,68.419
222.780,16.389,0.425,0.602,68.607
222.800,19.834,0.406,0.602,68.764
222.820,22.992,0.411,0.602,68.866
222.840,25.822,0.381,0.602,68.924
222.860,28.248,0.377,0.602,68.916
222.880,30.270,0.342,0.602,68.858
222.900,31.863,0.327,0.602,68.746
222.920,32.977,0.292,0.602,68.589
222.940,33.621,0.266,0.602,68.395
222.960,33.773,0.230,0.602,68.176
222.980,33.451,0.199,0.602,67.943
223.000,32.613,0.158,0.602,67.710
223.020,31.324,0.128,0.602,67.491
223.040,29.572,0.089,0.602,67.296
223.060,27.422,0.055,0.602,67.138
223.080,24.814,0.024,0.602,67.023
223.100,21.867,-0.015,0.602,66.957
223.120,18.627,-0.035,0.602,66.946
223.140,15.094,-0.079,0.602,66.983
223.160,11.326,-0.085,0.602,67.077
223.180,7.424,-0.125,0.602,67.205
223.200,3.398,-0.129,0.602,67.380
223.220,-0.668,-0.158,0.602,67.569
223.240,-4.734,-0.154,0.602,67.780
223.260,-8.725,-0.174,0.603,67.980
223.280,-12.580,-0.157,0.603,68.176
223.300,-16.248,-0.175,0.604,68.333
223.320,-19.687,-0.154,0.604,68.469
223.340,-22.828,-0.155,0.604,68.549
223.360,-25.623,-0.125,0.604,68.583
223.380,-28.049,-0.118,0.604,68.556
223.400,-30.082,-0.088,0.604,68.480
223.420,-31.646,-0.071,0.604,68.351
223.440,-32.730,-0.038,0.604,68.181
223.460,-33.311,-0.012,0.604,67.977
223.480,-33.434,0.026,0.604,67.750
223.500,-33.100,0.054,0.604,67.512
223.520,-32.279,0.094,0.604,67.278
223.540,-30.949,0.123,0.604,67.060
223.560,-29.145,0.170,0.604,66.869
223.580,-26.930,0.192,0.604,66.717
223.600,-24.316,0.241,0.604,66.610
223.620,-21.316,0.260,0.602,66.558
223.640,-18.035,0.305,0.601,66.557
223.660,-14.484,0.321,0.601,66.615
223.680,-10.693,0.359,0.601,66.873
223.700,-6.750,0.368,0.601,66.873
223.720,-2.695,0.399,0.601,67.055
223.740,1.371,0.402,0.601,67.274
223.760,5.426,0.427,0.602,67.495
223.780,9.398,0.421,0.602,67.727
223.800,13.260,0.430,0.605,67.936
223.820,16.910,0.423,0.605,68.126
223.840,20.320,0.426,0.605,68.277
223.860,23.443,0.407,0.605,68.388
223.880,26.203,0.390,0.605,68.443
223.900,28.570,0.372,0.605,68.443
223.920,30.539,0.349,0.605,68.390
223.940,32.057,0.325,0.605,68.289
223.960,33.105,0.295,0.605,68.144
223.980,33.668,0.266,0.605,67.966
224.000,33.744,0.228,0.605,67.766
224.020,33.357,0.198,0.605,67.556
224.040,32.443,0.163,0.605,67.350
224.060,31.102,0.127,0.605,67.160
224.080,29.285,0.082,0.605,66.998
224.100,27.059,0.058,0.605,66.874
224.120,24.398,0.017,0.605,66.796
224.140,21.404,-0.007,0.605,66.769
224.160,18.117,-0.045,0.605,66.795
224.180,14.525,-0.070,0.605,66.876
224.200,10.746,-0.096,0.605,67.005
224.220,6.838,-0.116,0.605,67.178
224.240,2.789,-0.132,0.605,67.385
224.260,-1.271,-0.150,0.605,67.615
224.280,-5.309,-0.160,0.605,67.855
224.300,-9.328,-0.163,0.605,68.092
224.320,-13.125,-0.164,0.605,68.311
224.340,-16.770,-0.161,0.605,68.501
224.360,-20.168,-0.157,0.605,68.653
224.380,-23.285,-0.146,0.605,68.755
224.400,-26.010,-0.127,0.605,68.807
224.420,-28.365,-0.112,0.605,68.798
224.440,-30.322,-0.087,0.605,68.737
224.460,-31.793,-0.064,0.605,68.622
224.480,-32.830,-0.030,0.605,68.464
224.500,-33.334,-0.007,0.605,68.271
224.520,-33.398,0.033,0.605,68.057
224.540,-32.982,0.056,0.605,67.831
224.560,-32.051,0.097,0.605,67.609
224.580,-30.686,0.128,0.605,67.403
224.600,-28.811,0.172,0.605,67.223
224.620,-26.531,0.197,0.605,67.082
224.640,-23.871,0.242,0.605,66.984
224.660,-20.801,0.265,0.605,66.938
224.680,-17.490,0.306,0.605,66.944
224.700,-13.916,0.323,0.605,67.003
224.720,-10.078,0.354,0.605,67.106
224.740,-6.123,0.372,0.605,67.254
224.760,-2.068,0.394,0.605,67.432
224.780,1.998,0.405,0.605,67.632
224.800,6.053,0.418,0.605,67.841
224.820,10.002,0.422,0.605,68.046
224.840,13.846,0.425,0.605,68.235
224.860,17.449,0.416,0.605,68.391
224.880,20.801,0.414,0.605,68.511
224.900,23.883,0.398,0.605,68.580
224.920,26.578,0.385,0.605,68.599
224.940,28.904,0.363,0.605,68.560
224.960,30.797,0.341,0.605,68.468
224.980,32.256,0.317,0.605,68.326
225.000,33.229,0.285,0.605,68.144
225.020,33.715,0.253,0.605,67.928
225.040,33.721,0.220,0.605,67.693
225.060,33.258,0.187,0.605,67.449
225.080,32.273,0.153,0.605,67.211
225.100,30.850,0.116,0.605,66.990
225.120,28.969,0.079,0.605,66.800
225.140,26.695,0.046,0.605,66.649
225.160,23.988,0.008,0.605,66.545
225.180,20.936,-0.021,0.605,66.494
225.200,17.596,-0.053,0.605,66.498
225.220,13.969,-0.077,0.605,66.555
225.240,10.178,-0.104,0.605,66.661
225.260,6.234,-0.122,0.605,66.810
225.280,2.197,-0.143,0.605,66.994
225.300,-1.863,-0.154,0.605,67.198
225.320,-5.912,-0.166,0.605,67.416
225.340,-9.879,-0.166,0.605,67.630
225.360,-13.687,-0.172,0.605,67.829
225.380,-17.285,-0.165,0.605,67.996
225.400,-20.648,-0.161,0.605,68.131
225.420,-23.684,-0.143,0.605,68.213
225.440,-26.367,-0.133,0.605,68.249
225.460,-28.693,-0.109,0.605,68.228
225.480,-30.574,-0.090,0.605,68.157
225.500,-31.986,-0.062,0.605,68.036
225.520,-32.941,-0.030,0.605,67.877
225.540,-33.363,-0.003,0.605,67.685
225.560,-33.387,0.032,0.605,67.476
225.580,-32.883,0.061,0.605,67.260
225.600,-31.916,0.103,0.605,67.051
225.620,-30.445,0.136,0.605,66.862
225.640,-28.494,0.174,0.605,66.704
225.660,-26.180,0.206,0.605,66.587
225.680,-23.455,0.247,0.605,66.518
225.700,-20.344,0.270,0.605,66.502
225.720,-16.969,0.310,0.605,66.542
225.740,-13.342,0.326,0.605,66.633
225.760,-9.521,0.360,0.605,66.775
225.780,-5.537,0.377,0.605,66.957
225.800,-1.482,0.400,0.605,67.177
225.820,2.602,0.410,0.605,67.413
225.840,6.645,0.421,0.605,67.664
225.860,10.570,0.425,0.605,67.900
225.880,14.391,0.427,0.605,68.129
225.900,17.965,0.422,0.605,68.321
225.920,21.275,0.414,0.605,68.477
225.940,24.311,0.398,0.605,68.577
225.960,26.941,0.384,0.605,68.628
225.980,29.221,0.365,0.605,68.620
226.000,31.037,0.338,0.605,68.561
226.020,32.432,0.313,0.605,68.450
226.040,33.334,0.282,0.605,68.299
226.060,33.744,0.255,0.605,68.114
226.080,33.686,0.217,0.605,67.912
226.100,33.141,0.188,0.605,67.701
226.120,32.098,0.148,0.605,67.497
226.140,30.592,0.115,0.605,67.312
226.160,28.658,0.079,0.605,67.156
226.180,26.303,0.046,0.605,67.041
226.200,23.525,0.008,0.605,66.970
226.220,20.443,-0.021,0.605,66.955
226.240,17.057,-0.050,0.605,66.987
226.260,13.389,-0.074,0.605,67.076
226.280,9.580,-0.100,0.605,67.204
226.300,5.602,-0.120,0.605,67.378
226.320,1.564,-0.141,0.605,67.575
226.340,-2.502,-0.153,0.605,67.799
226.360,-6.533,-0.157,0.605,68.023
226.380,-10.488,-0.164,0.605,68.240
226.400,-14.273,-0.162,0.605,68.434
226.420,-17.836,-0.159,0.605,68.601
226.440,-21.135,-0.154,0.605,68.721
226.460,-24.135,-0.137,0.605,68.792
226.480,-26.766,-0.123,0.605,68.806
226.500,-29.039,-0.100,0.605,68.765
226.520,-30.832,-0.081,0.605,68.668
226.540,-32.186,-0.050,0.605,68.524
226.560,-33.053,-0.023,0.605,68.338
226.580,-33.404,0.006,0.605,68.120
226.600,-33.363,0.041,0.605,67.886
226.620,-32.795,0.071,0.605,67.645
226.640,-31.711,0.110,0.605,67.411
226.660,-30.176,0.146,0.605,67.197
226.680,-28.166,0.182,0.605,67.014
226.700,-25.781,0.215,0.605,66.873
226.720,-23.010,0.251,0.605,66.777
226.740,-19.869,0.279,0.605,66.736
226.760,-16.441,0.311,0.605,66.746
226.780,-12.791,0.336,0.605,66.809
226.800,-8.936,0.365,0.605,66.918
226.820,-4.928,0.382,0.605,67.068
226.840,-0.861,0.401,0.605,67.248
226.860,3.217,0.416,0.605,67.449
226.880,7.242,0.424,0.605,67.655
226.900,11.162,0.425,0.605,67.855
226.920,14.947,0.424,0.605,68.033
226.940,18.480,0.418,0.605,68.182
226.960,21.762,0.417,0.605,68.289
226.980,24.738,0.395,0.605,68.350
227.000,27.322,0.384,0.605,68.356
227.020,29.525,0.357,0.605,68.310
227.040,31.271,0.340,0.605,68.210
227.060,32.596,0.313,0.605,68.065
227.080,33.428,0.277,0.605,67.883
227.100,33.762,0.249,0.605,67.670
227.120,33.633,0.212,0.605,67.444
227.140,33.012,0.182,0.605,67.214
227.160,31.898,0.141,0.605,66.994
227.180,30.322,0.106,0.605,66.796
227.200,28.330,0.068,0.605,66.632
227.220,25.904,0.037,0.605,66.512
227.240,23.092,-0.001,0.605,66.440
227.260,19.963,-0.028,0.605,66.426
227.280,16.541,-0.060,0.605,66.462
227.300,12.844,-0.084,0.605,66.555
227.320,9.006,-0.108,0.605,66.693
227.340,5.027,-0.125,0.605,66.875
227.360,0.973,-0.145,0.605,67.085
227.380,-3.088,-0.157,0.605,67.555
227.400,-7.119,-0.162,0.605,67.555
227.420,-11.033,-0.168,0.605,67.786
227.440,-14.801,-0.163,0.605,67.995
227.460,-18.328,-0.164,0.605,68.173
227.480,-21.615,-0.153,0.605,68.310
227.500,-24.527,-0.142,0.605,68.398
227.520,-27.105,-0.122,0.605,68.432
227.540,-29.291,-0.104,0.605,68.412
227.560,-31.043,-0.080,0.605,68.340
227.580,-32.314,-0.050,0.605,68.220
227.600,-33.129,-0.024,0.605,68.061
227.620,-33.416,0.007,0.605,67.874
227.640,-33.264,0.041,0.605,67.672
227.660,-32.619,0.077,0.605,67.467
227.680,-31.500,0.108,0.605,67.270
227.700,-29.883,0.149,0.605,67.096
227.720,-27.820,0.179,0.605,66.955
227.740,-25.365,0.216,0.605,66.856
227.760,-22.523,0.247,0.605,66.805
227.780,-19.359,0.281,0.605,66.807
227.800,-15.902,0.311,0.605,66.861
227.820,-12.199,0.338,0.605,66.967
227.840,-8.326,0.362,0.605,67.118
227.860,-4.295,0.381,0.605,67.309
227.880,-0.240,0.400,0.605,67.525
227.900,3.855,0.408,0.605,67.761
227.920,7.846,0.420,0.605,67.994
227.940,11.754,0.422,0.605,68.222
227.960,15.498,0.423,0.605,68.423
227.980,19.002,0.415,0.605,68.593
228.000,22.225,0.409,0.605,68.713
228.020,25.154,0.392,0.605,68.787
228.040,27.680,0.377,0.605,68.800
228.060,29.818,0.353,0.605,68.760
228.080,31.500,0.332,0.605,68.664
228.100,32.754,0.302,0.605,68.521
228.120,33.510,0.273,0.605,68.338
228.140,33.773,0.239,0.605,68.127
228.160,33.574,0.206,0.605,67.900
228.180,32.877,0.174,0.605,67.668
228.200,31.693,0.134,0.605,67.447
228.220,30.047,0.100,0.605,67.248
228.240,27.996,0.065,0.605,67.082
228.260,25.494,0.032,0.605,66.959
228.280,22.629,-0.004,0.605,66.882
228.300,19.459,-0.029,0.602,66.861
228.320,15.996,-0.069,0.602,66.887
228.340,12.275,-0.083,0.602,66.970
228.360,8.396,-0.115,0.602,67.093
228.380,4.400,-0.127,0.602,67.259
228.400,0.357,-0.151,0.602,67.447
228.420,-3.721,-0.156,0.602,67.656
228.440,-7.740,-0.167,0.602,67.864
228.460,-11.625,-0.170,0.602,68.064
228.480,-15.357,-0.166,0.602,68.240
228.500,-18.850,-0.164,0.602,68.381
228.520,-22.090,-0.151,0.602,68.478
228.540,-24.979,-0.140,0.602,68.524
228.560,-27.504,-0.117,0.602,68.518
228.580,-29.625,-0.098,0.602,68.454
228.600,-31.307,-0.071,0.602,68.340
228.620,-32.520,-0.046,0.602,68.179
228.640,-33.217,-0.017,0.602,67.984
228.660,-33.475,0.015,0.602,67.762
228.680,-33.229,0.049,0.602,67.528
228.700,-32.531,0.083,0.602,67.293
228.720,-31.330,0.120,0.602,67.070
228.740,-29.631,0.155,0.602,66.873
228.760,-27.527,0.190,0.602,66.711
228.780,-25.002,0.228,0.602,66.594
228.800,-22.107,0.260,0.599,66.527
228.820,-18.885,0.293,0.599,66.515
228.840,-15.387,0.321,0.599,66.557
228.860,-11.666,0.346,0.599,66.652
228.880,-7.752,0.371,0.599,66.792
228.900,-3.721,0.392,0.599,66.974
228.920,0.369,0.409,0.599,67.185
228.940,4.430,0.415,0.599,67.410
228.960,8.420,0.426,0.599,67.638
228.980,12.311,0.427,0.599,67.857
229.000,16.020,0.426,0.599,68.054
229.020,19.512,0.418,0.599,68.218
229.040,22.687,0.413,0.599,68.336
229.060,25.564,0.393,0.599,68.408
229.080,28.020,0.378,0.599,68.421
229.100,30.100,0.352,0.599,68.385
229.120,31.729,0.334,0.599,68.294
229.140,32.895,0.299,0.599,68.161
229.160,33.574,0.275,0.599,67.991
229.180,33.773,0.237,0.599,67.797
229.200,33.504,0.204,0.599,67.589
229.220,32.730,0.171,0.599,67.382
229.240,31.482,0.132,0.599,67.187
229.260,29.766,0.099,0.599,67.019
229.280,27.656,0.060,0.599,66.885
229.300,25.084,0.031,0.599,66.797
229.320,22.172,-0.003,0.599,66.758
229.340,18.955,-0.035,0.599,66.773
229.360,15.439,-0.064,0.599,66.841
229.380,11.701,-0.087,0.599,66.962
229.400,7.816,-0.113,0.599,67.125
229.420,3.797,-0.128,0.599,67.327
229.440,-0.258,-0.147,0.599,67.553
229.460,-4.318,-0.151,0.599,67.796
229.480,-8.332,-0.163,0.599,68.033
229.500,-12.223,-0.163,0.599,68.259
229.520,-15.902,-0.161,0.599,68.458
229.540,-19.348,-0.156,0.599,68.623
229.560,-22.518,-0.145,0.599,68.738
229.580,-25.348,-0.133,0.599,68.803
229.600,-27.820,-0.117,0.599,68.810
229.620,-29.889,-0.091,0.599,68.765
229.640,-31.482,-0.068,0.599,68.666
229.660,-32.625,-0.039,0.599,68.519
229.680,-33.229,-0.011,0.599,68.336
229.700,-33.451,0.019,0.599,68.127
229.720,-33.135,0.052,0.599,67.905
229.740,-32.344,0.087,0.599,67.682
229.760,-31.061,0.124,0.599,67.473
229.780,-29.297,0.158,0.599,67.287
229.800,-27.135,0.195,0.599,67.137
229.820,-24.557,0.229,0.599,67.031
229.840,-21.604,0.261,0.599,66.973
229.860,-18.340,0.290,0.599,66.968
229.880,-14.812,0.320,0.599,67.014
229.900,-11.051,0.347,0.599,67.109
229.920,-7.131,0.369,0.599,67.246
229.940,-3.070,0.389,0.599,67.420
229.960,0.996,0.404,0.599,67.618
229.980,5.057,0.414,0.599,67.826
230.000,9.023,0.423,0.599,68.034
230.020,12.902,0.422,0.599,68.227
230.040,16.570,0.422,0.599,68.394
230.060,20.004,0.413,0.599,68.525
230.080,23.156,0.406,0.599,68.609
230.100,25.957,0.388,0.599,68.642
230.120,28.365,0.369,0.599,68.619
230.140,30.375,0.346,0.599,68.541
230.160,31.934,0.319,0.599,68.412
230.180,33.023,0.289,0.599,68.238
230.200,33.639,0.267,0.599,68.030
230.220,33.773,0.228,0.599,67.800
230.240,33.422,0.197,0.599,67.558
230.260,32.561,0.160,0.599,67.318
230.280,31.254,0.124,0.599,67.093
230.300,29.473,0.087,0.599,66.895
230.320,27.293,0.049,0.599,66.734
230.340,24.668,0.020,0.599,66.619
230.360,21.727,-0.013,0.598,66.555
230.380,18.457,-0.046,0.598,66.545
230.400,14.900,-0.075,0.598,66.591
230.420,11.145,-0.098,0.598,66.688
230.440,7.225,-0.118,0.598,66.828
230.460,3.205,-0.137,0.598,67.005
230.480,-0.850,-0.156,0.598,67.206
230.500,-4.934,-0.161,0.598,67.426
230.520,-8.912,-0.170,0.598,67.641
230.540,-12.756,-0.170,0.598,67.848
230.560,-16.418,-0.166,0.598,68.027
230.580,-19.846,-0.159,0.598,68.172
230.600,-22.969,-0.147,0.598,68.270
230.620,-25.729,-0.137,0.598,68.318
230.640,-28.143,-0.113,0.598,68.314
230.660,-30.146,-0.094,0.598,68.256
230.680,-31.699,-0.067,0.598,68.149
230.700,-32.766,-0.038,0.598,67.999
230.720,-33.305,-0.009,0.598,67.816
230.740,-33.428,0.024,0.598,67.612
230.760,-33.041,0.056,0.598,67.398
230.780,-32.186,0.093,0.598,67.189
230.800,-30.850,0.125,0.598,66.996
230.820,-29.016,0.161,0.598,66.831
230.840,-26.783,0.199,0.598,66.705
230.860,-24.146,0.236,0.598,66.626
230.880,-21.146,0.264,0.598,66.598
230.900,-17.836,0.301,0.598,66.627
230.920,-14.279,0.323,0.598,66.708
230.940,-10.477,0.352,0.598,66.841
230.960,-6.527,0.373,0.598,67.017
230.980,-2.484,0.392,0.598,67.231
231.000,1.588,0.404,0.598,67.466
231.020,5.648,0.418,0.598,67.714
231.040,9.598,0.424,0.598,67.962
231.060,13.453,0.422,0.598,68.193
231.080,17.092,0.421,0.598,68.397
231.100,20.479,0.412,0.598,68.561
231.120,23.596,0.402,0.598,68.679
231.140,26.338,0.385,0.598,68.741
231.160,28.687,0.368,0.598,68.748
231.180,30.621,0.345,0.598,68.700
231.200,32.121,0.322,0.598,68.602
231.220,33.152,0.291,0.598,68.460
231.240,33.691,0.264,0.598,68.283
231.260,33.738,0.228,0.598,68.084
231.280,33.328,0.195,0.598,67.873
231.300,32.402,0.157,0.598,67.665
231.320,31.020,0.123,0.598,67.473
231.340,29.174,0.084,0.598,67.307
231.360,26.924,0.054,0.598,67.180
231.380,24.246,0.017,0.598,67.097
231.400,21.234,-0.013,0.598,67.066
231.420,17.924,-0.045,0.598,67.086
231.440,14.320,-0.073,0.598,67.158
231.460,10.547,-0.096,0.598,67.278
231.480,6.621,-0.117,0.598,67.440
231.500,2.590,-0.134,0.598,67.635
231.520,-1.494,-0.150,0.598,67.848
231.540,-5.549,-0.154,0.598,68.072
231.560,-9.521,-0.166,0.598,68.288
231.580,-13.354,-0.161,0.598,68.489
231.600,-16.945,-0.161,0.598,68.656
231.620,-20.361,-0.151,0.598,68.786
231.640,-23.432,-0.144,0.598,68.864
231.660,-26.156,-0.129,0.598,68.891
231.680,-28.500,-0.110,0.598,68.861
231.700,-30.428,-0.086,0.598,68.778
231.720,-31.904,-0.057,0.598,68.641
231.740,-32.900,-0.031,0.598,68.462
231.760,-33.369,-0.003,0.598,68.249
231.780,-33.422,0.033,0.598,68.016
231.800,-32.965,0.062,0.598,67.773
231.820,-32.039,0.104,0.598,67.535
231.840,-30.609,0.134,0.598,67.313
231.860,-28.740,0.177,0.598,66.968
231.880,-26.414,0.203,0.598,66.968
231.900,-23.736,0.241,0.598,66.803
231.920,-20.678,0.273,0.598,66.803
231.940,-17.314,0.308,0.598,66.801
231.960,-13.734,0.332,0.598,66.852
231.980,-9.891,0.354,0.598,66.952
232.000,-5.918,0.377,0.598,67.266
232.020,-1.881,0.398,0.598,67.266
232.040,2.215,0.410,0.598,67.462
232.060,6.252,0.422,0.598,67.669
232.080,10.189,0.426,0.598,67.872
232.100,14.033,0.423,0.598,68.058
232.120,17.637,0.424,0.598,68.215
232.140,20.977,0.415,0.598,68.335
232.160,24.035,0.403,0.598,68.409
232.180,26.730,0.387,0.598,68.433
232.200,29.010,0.363,0.598,68.400
232.220,30.879,0.344,0.598,68.314
232.240,32.309,0.315,0.598,68.181
232.260,33.270,0.290,0.598,68.008
232.280,33.727,0.255,0.598,67.805
232.300,33.715,0.222,0.598,67.583
232.320,33.217,0.189,0.598,67.354
232.340,32.221,0.150,0.598,67.131
232.360,30.773,0.117,0.598,66.929
232.380,28.863,0.076,0.598,66.757
232.400,26.561,0.044,0.598,66.627
232.420,23.824,0.008,0.598,66.517
232.440,20.771,-0.021,0.598,66.517
232.460,17.414,-0.056,0.598,66.543
232.480,13.787,-0.075,0.598,66.625
232.500,9.967,-0.108,0.598,66.754
232.520,6.006,-0.121,0.598,66.930
232.540,1.992,-0.142,0.598,67.136
232.560,-2.092,-0.151,0.598,67.365
232.580,-6.135,-0.163,0.598,67.603
232.600,-10.096,-0.166,0.598,67.837
232.620,-13.898,-0.169,0.598,68.054
232.640,-17.461,-0.164,0.598,68.242
232.660,-20.824,-0.157,0.598,68.393
232.680,-23.830,-0.145,0.598,68.494
232.700,-26.502,-0.128,0.598,68.542
232.720,-28.787,-0.110,0.598,68.534
232.740,-30.645,-0.083,0.598,68.474
232.760,-32.027,-0.056,0.598,68.362
232.780,-32.965,-0.032,0.598,68.213
232.800,-33.375,0.001,0.598,68.032
232.820,-33.363,0.033,0.598,67.831
232.840,-32.818,0.067,0.598,67.624
232.860,-31.822,0.101,0.598,67.423
232.880,-30.311,0.139,0.598,67.242
232.900,-28.371,0.175,0.598,67.091
232.920,-26.016,0.209,0.598,66.980
232.940,-23.268,0.238,0.598,66.916
232.960,-20.150,0.273,0.598,66.904
232.980,-16.775,0.302,0.598,66.946
233.000,-13.148,0.331,0.598,67.038
233.020,-9.281,0.352,0.598,67.177
233.040,-5.309,0.377,0.598,67.356
233.060,-1.248,0.392,0.598,67.568
233.080,2.830,0.408,0.598,67.795
233.100,6.861,0.418,0.598,68.032
233.120,10.793,0.420,0.598,68.261
233.140,14.590,0.423,0.598,68.468
233.160,18.152,0.420,0.598,68.643
233.180,21.457,0.410,0.598,68.776
233.200,24.457,0.402,0.598,68.860
233.220,27.088,0.381,0.598,68.889
233.240,29.314,0.360,0.598,68.860
233.260,31.125,0.339,0.598,68.776
233.280,32.490,0.307,0.598,68.642
233.300,33.363,0.282,0.598,68.467
233.320,33.750,0.246,0.598,68.260
233.340,33.674,0.216,0.598,68.035
233.360,33.094,0.182,0.598,67.802
233.380,32.027,0.145,0.598,67.577
233.400,30.516,0.112,0.598,67.371
233.420,28.547,0.069,0.598,67.195
233.440,26.174,0.041,0.598,67.061
233.460,23.379,0.001,0.598,66.972
233.480,20.279,-0.022,0.598,66.937
233.500,16.875,-0.058,0.598,66.952
233.520,13.225,-0.081,0.598,67.021
233.540,9.381,-0.106,0.598,67.135
233.560,5.408,-0.126,0.598,67.290
233.580,1.371,-0.147,0.598,67.473
233.600,-2.707,-0.154,0.598,67.679
233.620,-6.732,-0.168,0.598,67.888
233.640,-10.693,-0.168,0.598,68.090
233.660,-14.443,-0.167,0.598,68.272
233.680,-18.006,-0.166,0.598,68.420
233.700,-21.328,-0.153,0.598,68.529
233.720,-24.287,-0.145,0.598,68.586
233.740,-26.912,-0.120,0.598,68.594
233.760,-29.133,-0.104,0.598,68.543
233.780,-30.932,-0.079,0.598,68.442
233.800,-32.262,-0.054,0.598,68.292
233.820,-33.094,-0.023,0.598,68.105
233.840,-33.422,0.006,0.598,67.889
233.860,-33.346,0.040,0.598,67.656
233.880,-32.777,0.072,0.598,67.420
233.900,-31.670,0.111,0.598,67.192
233.920,-30.094,0.146,0.598,66.987
233.940,-28.066,0.181,0.598,66.814
233.960,-25.658,0.219,0.598,66.684
233.980,-22.869,0.247,0.596,66.604
234.000,-19.711,0.282,0.596,66.576
234.020,-16.277,0.311,0.596,66.604
234.040,-12.615,0.340,0.596,66.812
234.060,-8.730,0.362,0.596,66.812
234.080,-4.723,0.388,0.596,66.981
234.100,-0.662,0.406,0.596,67.184
234.120,3.422,0.416,0.596,67.404
234.140,7.441,0.424,0.596,67.633
234.160,11.367,0.427,0.597,67.851
234.180,15.135,0.428,0.599,68.052
234.200,18.656,0.423,0.599,68.220
234.220,21.926,0.414,0.599,68.349
234.240,24.879,0.399,0.599,68.430
234.260,27.445,0.379,0.599,68.457
234.280,29.613,0.360,0.599,68.428
234.300,31.354,0.337,0.599,68.346
234.320,32.654,0.307,0.599,68.219
234.340,33.457,0.279,0.599,67.860
234.360,33.768,0.245,0.599,67.860
234.380,33.615,0.215,0.599,67.651
234.400,32.965,0.179,0.599,67.438
234.420,31.828,0.140,0.599,67.235
234.440,30.246,0.110,0.599,67.055
234.460,28.225,0.061,0.599,66.907
234.480,25.764,0.046,0.599,66.804
234.500,22.934,-0.005,0.599,66.747
234.520,19.781,-0.018,0.599,66.748
234.540,16.336,-0.066,0.599,66.797
234.560,12.656,-0.076,0.599,66.902
234.580,8.795,-0.113,0.599,67.048
234.600,4.816,-0.120,0.599,67.241
234.620,0.750,-0.145,0.599,67.455
234.640,-3.316,-0.148,0.599,67.691
234.660,-7.336,-0.163,0.599,67.925
234.680,-11.256,-0.161,0.599,68.152
234.700,-14.982,-0.161,0.599,68.355
234.720,-18.510,-0.162,0.599,68.524
234.740,-21.773,-0.142,0.599,68.652
234.760,-24.686,-0.142,0.599,68.724
234.780,-27.240,-0.116,0.599,68.745
234.800,-29.391,-0.103,0.599,68.708
234.820,-31.166,-0.071,0.599,68.619
234.840,-32.385,-0.049,0.599,68.480
234.860,-33.141,-0.020,0.599,68.303
234.880,-33.428,0.014,0.599,68.098
234.900,-33.246,0.042,0.599,67.876
234.920,-32.596,0.082,0.599,67.651
234.940,-31.436,0.112,0.599,67.435
234.960,-29.783,0.153,0.599,67.241
234.980,-27.715,0.183,0.599,67.080
235.000,-25.230,0.222,0.599,66.961
235.020,-22.395,0.253,0.599,66.890
235.040,-19.184,0.284,0.599,66.872
235.060,-15.721,0.311,0.599,66.988
235.080,-12.006,0.344,0.599,66.988
235.100,-8.109,0.360,0.599,67.116
235.120,-4.096,0.387,0.599,67.281
235.140,-0.035,0.399,0.599,67.474
235.160,4.043,0.414,0.599,67.682
235.180,8.051,0.420,0.599,67.892
235.200,11.953,0.425,0.599,68.093
235.220,15.674,0.423,0.599,68.271
235.240,19.172,0.418,0.599,68.414
235.260,22.371,0.407,0.599,68.514
235.280,25.301,0.393,0.599,68.562
235.300,27.797,0.372,0.599,68.556
235.320,29.912,0.351,0.599,68.492
235.340,31.576,0.328,0.599,68.377
235.360,32.807,0.300,0.599,68.218
235.380,33.539,0.270,0.599,68.022
235.400,33.773,0.236,0.599,67.799
235.420,33.557,0.204,0.599,67.561
235.440,32.818,0.170,0.599,67.323
235.460,31.617,0.132,0.599,67.097
235.480,29.971,0.096,0.599,66.895
235.500,27.879,0.054,0.599,66.728
235.520,25.359,0.030,0.599,66.605
235.540,22.482,-0.011,0.597,66.532
235.560,19.295,-0.032,0.597,66.514
235.580,15.809,-0.073,0.597,66.547
235.600,12.082,-0.087,0.597,66.636
235.620,8.203,-0.120,0.597,66.943
235.640,4.213,-0.129,0.597,66.943
235.660,0.152,-0.151,0.597,67.142
235.680,-3.908,-0.159,0.597,67.363
235.700,-7.922,-0.170,0.599,67.584
235.720,-11.824,-0.166,0.599,67.799
235.740,-15.521,-0.169,0.599,67.989
235.760,-19.020,-0.161,0.599,68.146
235.780,-22.230,-0.154,0.599,68.262
235.800,-25.090,-0.140,0.599,68.329
235.820,-27.592,-0.119,0.599,68.341
235.840,-29.684,-0.100,0.599,68.299
235.860,-31.359,-0.069,0.599,68.206
235.880,-32.525,-0.050,0.599,68.068
235.900,-33.229,-0.016,0.599,67.895
235.920,-33.445,0.014,0.599,67.698
235.940,-33.182,0.052,0.599,67.488
235.960,-32.443,0.083,0.599,67.278
235.980,-31.225,0.117,0.599,67.081
236.000,-29.520,0.157,0.599,66.910
236.020,-27.375,0.195,0.599,66.776
236.040,-24.832,0.223,0.599,66.687
236.060,-21.914,0.261,0.599,66.647
236.080,-18.668,0.287,0.599,66.663
236.100,-15.182,0.319,0.599,66.732
236.120,-11.437,0.344,0.599,66.853
236.140,-7.512,0.366,0.599,67.020
236.160,-3.492,0.387,0.599,67.226
236.180,0.586,0.402,0.599,67.457
236.200,4.652,0.414,0.599,67.705
236.220,8.631,0.425,0.599,67.954
236.240,12.516,0.423,0.599,68.191
236.260,16.219,0.425,0.599,68.404
236.280,19.676,0.414,0.599,68.580
236.300,22.834,0.408,0.599,68.710
236.320,25.687,0.389,0.599,68.787
236.340,28.143,0.374,0.599,68.808
236.360,30.182,0.350,0.599,68.773
236.380,31.793,0.325,0.599,68.687
236.400,32.947,0.297,0.599,68.554
236.420,33.604,0.270,0.599,68.384
236.440,33.779,0.239,0.599,68.189
236.460,33.480,0.202,0.599,67.981
236.480,32.666,0.167,0.599,67.771
236.500,31.400,0.126,0.599,67.574
236.520,29.672,0.096,0.599,67.402
236.540,27.521,0.057,0.599,67.264
236.560,24.943,0.029,0.599,67.170
236.580,22.014,-0.009,0.599,67.125
236.600,18.768,-0.038,0.599,67.133
236.620,15.246,-0.070,0.599,67.193
236.640,11.496,-0.087,0.599,67.303
236.660,7.605,-0.112,0.599,67.455
236.680,3.598,-0.131,0.599,67.644
236.700,-0.469,-0.145,0.599,67.856
236.720,-4.541,-0.158,0.599,68.080
236.740,-8.549,-0.162,0.599,68.302
236.760,-12.416,-0.161,0.599,68.509
236.780,-16.078,-0.164,0.599,68.687
236.800,-19.541,-0.155,0.599,68.831
236.820,-22.699,-0.147,0.599,68.925
236.840,-25.512,-0.131,0.599,68.966
236.860,-27.955,-0.112,0.599,68.951
236.880,-29.982,-0.091,0.599,68.881
236.900,-31.582,-0.067,0.599,68.759
236.920,-32.678,-0.039,0.599,68.591
236.940,-33.311,-0.005,0.599,68.388
236.960,-33.445,0.025,0.599,68.159
236.980,-33.123,0.056,0.599,67.920
237.000,-32.320,0.093,0.599,67.681
237.020,-30.996,0.126,0.599,67.456
237.040,-29.227,0.168,0.599,67.258
237.060,-27.035,0.199,0.599,67.095
237.080,-24.428,0.236,0.599,66.979
237.100,-21.469,0.266,0.599,66.911
237.120,-18.182,0.298,0.599,66.900
237.140,-14.637,0.326,0.599,66.938
237.160,-10.846,0.350,0.599,67.031
237.180,-6.926,0.375,0.599,67.161
237.200,-2.889,0.394,0.599,67.333
237.220,1.195,0.411,0.599,67.525
237.240,5.262,0.418,0.599,67.736
237.260,9.223,0.424,0.599,67.941
237.280,13.084,0.427,0.599,68.134
237.300,16.746,0.426,0.599,68.304
237.320,20.180,0.415,0.599,68.434
237.340,23.297,0.406,0.599,68.523
237.360,26.086,0.386,0.599,68.558
237.380,28.482,0.372,0.599,68.541
237.400,30.451,0.347,0.599,68.469
237.420,31.998,0.319,0.599,68.349
237.440,33.064,0.294,0.599,68.185
237.460,33.662,0.260,0.599,67.989
237.480,33.756,0.231,0.599,67.771
237.500,33.381,0.195,0.599,67.544
237.520,32.508,0.158,0.599,67.320
237.540,31.166,0.124,0.599,67.113
237.560,29.385,0.081,0.599,66.934
237.580,27.176,0.059,0.599,66.795
237.600,24.527,0.015,0.599,66.701
237.620,21.557,-0.011,0.599,66.660
237.640,18.287,-0.047,0.599,66.672
237.660,14.701,-0.062,0.599,66.743
237.680,10.928,-0.104,0.599,66.857
237.700,6.996,-0.113,0.599,67.025
237.720,2.994,-0.143,0.599,67.223
237.740,-1.078,-0.146,0.599,67.452
237.760,-5.121,-0.166,0.599,67.687
237.780,-9.117,-0.162,0.599,67.929
237.800,-12.955,-0.168,0.599,68.347
237.820,-16.605,-0.161,0.599,68.347
237.840,-20.010,-0.160,0.599,68.505
237.860,-23.115,-0.148,0.599,68.619
237.880,-25.881,-0.132,0.599,68.679
237.900,-28.230,-0.115,0.599,68.684
237.920,-30.246,-0.088,0.599,68.636
237.940,-31.734,-0.067,0.599,68.537
237.960,-32.760,-0.036,0.599,68.396
237.980,-33.311,-0.010,0.599,68.220
238.000,-33.398,0.027,0.599,68.023
238.020,-33.006,0.054,0.599,67.815
238.040,-32.109,0.095,0.599,67.611
238.060,-30.738,0.124,0.599,67.423
238.080,-28.893,0.166,0.599,67.262
238.100,-26.625,0.197,0.599,67.140
238.120,-23.988,0.236,0.599,67.063
238.140,-20.953,0.265,0.599,67.036
238.160,-17.637,0.298,0.599,67.065
238.180,-14.074,0.323,0.599,67.144
238.200,-10.242,0.348,0.599,67.273
238.220,-6.311,0.373,0.599,67.440
238.240,-2.268,0.388,0.599,67.644
238.260,1.811,0.405,0.599,67.867
238.280,5.877,0.414,0.599,68.103
238.300,9.826,0.421,0.599,68.543
238.320,13.664,0.424,0.599,68.543
238.340,17.297,0.423,0.599,68.726
238.360,20.660,0.408,0.599,68.871
238.380,23.748,0.406,0.599,68.964
238.400,26.479,0.381,0.599,69.005
238.420,28.811,0.368,0.599,68.986
238.440,30.715,0.340,0.599,68.912
238.460,32.197,0.319,0.599,68.789
238.480,33.187,0.284,0.599,68.622
238.500,33.703,0.260,0.599,68.419
238.520,33.732,0.224,0.599,68.195
238.540,33.275,0.192,0.599,67.961
238.560,32.332,0.151,0.599,67.730
238.580,30.920,0.118,0.599,67.516
238.600,29.068,0.079,0.599,67.330
238.620,26.801,0.050,0.599,67.182
238.640,24.105,0.012,0.599,67.079
238.660,21.070,-0.017,0.599,67.028
238.680,17.748,-0.053,0.599,67.029
238.700,14.145,-0.075,0.599,67.083
238.720,10.354,-0.102,0.599,67.183
238.740,6.422,-0.123,0.599,67.327
238.760,2.361,-0.141,0.599,67.503
238.780,-1.699,-0.153,0.599,67.701
238.800,-5.742,-0.165,0.599,67.909
238.820,-9.721,-0.168,0.599,68.112
238.840,-13.535,-0.170,0.599,68.299
238.860,-17.145,-0.162,0.599,68.454
238.880,-20.520,-0.159,0.599,68.571
238.900,-23.596,-0.146,0.599,68.640
238.920,-26.291,-0.130,0.599,68.658
238.940,-28.594,-0.107,0.599,68.620
238.960,-30.533,-0.084,0.599,68.527
238.980,-31.975,-0.061,0.599,68.386
239.000,-32.953,-0.028,0.599,68.205
239.020,-33.404,-0.004,0.599,67.993
239.040,-33.398,0.035,0.599,67.761
239.060,-32.941,0.063,0.599,67.522
239.080,-31.963,0.103,0.599,67.290
239.100,-30.539,0.133,0.599,67.076
239.120,-28.623,0.181,0.599,66.893
239.140,-26.285,0.205,0.599,66.752
239.160,-23.590,0.245,0.599,66.657
239.180,-20.502,0.270,0.597,66.617
239.200,-17.150,0.309,0.597,66.630
239.220,-13.535,0.331,0.597,66.697
239.240,-9.697,0.358,0.597,66.813
239.260,-5.719,0.378,0.597,66.973
239.280,-1.664,0.400,0.597,67.166
239.300,2.414,0.413,0.597,67.384
239.320,6.457,0.420,0.597,67.611
239.340,10.395,0.424,0.597,67.831
239.360,14.209,0.426,0.597,68.038
239.380,17.807,0.422,0.597,68.215
239.400,21.135,0.414,0.597,68.354
239.420,24.182,0.405,0.597,68.445
239.440,26.848,0.385,0.597,68.486
239.460,29.121,0.366,0.597,68.471
239.480,30.961,0.343,0.597,68.403
239.500,32.373,0.319,0.597,68.288
239.520,33.305,0.285,0.597,68.131
239.540,33.732,0.257,0.597,67.943
239.560,33.697,0.220,0.597,67.737
239.580,33.158,0.190,0.597,67.524
239.600,32.162,0.153,0.597,67.319
239.620,30.662,0.115,0.597,67.132
239.640,28.764,0.079,0.597,66.976
239.660,26.414,0.047,0.597,66.862
239.680,23.660,0.009,0.597,66.794
239.700,20.602,-0.017,0.597,66.780
239.720,17.232,-0.052,0.597,66.818
239.740,13.576,-0.075,0.597,66.909
239.760,9.773,-0.097,0.597,67.228
239.780,5.801,-0.121,0.597,67.228
239.800,1.770,-0.134,0.597,67.441
239.820,-2.309,-0.154,0.597,67.909
239.840,-6.352,-0.156,0.597,67.909
239.860,-10.312,-0.166,0.597,68.139
239.880,-14.074,-0.159,0.597,68.353
239.900,-17.660,-0.161,0.597,68.668
239.920,-20.982,-0.147,0.597,68.668
239.940,-24.018,-0.142,0.597,68.751
239.960,-26.643,-0.120,0.597,68.786
239.980,-28.904,-0.110,0.597,68.761
240.000,-30.762,-0.080,0.597,68.684
240.020,-32.098,-0.058,0.597,68.556
240.040,-33.018,-0.024,0.597,68.387
240.060,-33.416,0.004,0.597,68.187
240.080,-33.363,0.035,0.597,67.967
240.100,-32.807,0.070,0.597,67.740
240.120,-31.740,0.101,0.597,67.520
240.140,-30.264,0.143,0.597,67.318
240.160,-28.277,0.174,0.597,67.015
240.180,-25.881,0.210,0.597,67.015
240.200,-23.127,0.244,0.597,66.930
240.220,-20.004,0.277,0.597,66.896
240.240,-16.570,0.307,0.597,66.912
240.260,-12.955,0.335,0.597,66.984
240.280,-9.100,0.355,0.597,67.098
240.300,-5.104,0.381,0.597,67.255
240.320,-1.043,0.394,0.597,67.439
240.340,3.047,0.414,0.597,67.643
240.360,7.072,0.418,0.597,67.853
240.380,10.986,0.424,0.597,68.054
240.400,14.783,0.422,0.597,68.234
240.420,18.334,0.418,0.597,68.383
240.440,21.615,0.411,0.597,68.491
240.460,24.627,0.396,0.597,68.550
240.480,27.211,0.379,0.597,68.554
240.500,29.432,0.355,0.597,68.502
240.520,31.201,0.338,0.597,68.397
240.540,32.549,0.307,0.597,68.246
240.560,33.404,0.277,0.597,68.055
240.580,33.773,0.245,0.597,67.596
240.600,33.656,0.215,0.597,67.596
240.620,33.041,0.175,0.597,67.354
240.640,31.969,0.142,0.597,67.120
240.660,30.398,0.105,0.597,66.908
240.680,28.424,0.070,0.597,66.728
240.700,26.021,0.037,0.596,66.590
240.720,23.227,-0.001,0.596,66.500
240.740,20.109,-0.027,0.596,66.466
240.760,16.682,-0.062,0.596,66.483
240.780,13.020,-0.079,0.596,66.555
240.800,9.176,-0.110,0.596,66.673
240.820,5.215,-0.124,0.596,66.833
240.840,1.160,-0.149,0.596,67.023
240.860,-2.900,-0.154,0.596,67.237
240.880,-6.932,-0.166,0.596,67.454
240.900,-10.869,-0.166,0.596,67.668
240.920,-14.625,-0.170,0.597,67.862
240.940,-18.170,-0.162,0.597,68.024
240.960,-21.457,-0.157,0.597,68.148
240.980,-24.410,-0.141,0.597,68.222
241.000,-26.994,-0.126,0.597,68.245
241.020,-29.209,-0.108,0.597,68.212
241.040,-30.984,-0.078,0.597,68.131
241.060,-32.256,-0.054,0.597,67.999
241.080,-33.100,-0.022,0.597,67.832
241.100,-33.410,0.005,0.597,67.636
241.120,-33.287,0.044,0.597,67.425
241.140,-32.678,0.072,0.597,67.210
241.160,-31.559,0.109,0.597,67.005
241.180,-29.965,0.145,0.597,66.824
241.200,-27.914,0.181,0.597,66.675
241.220,-25.500,0.215,0.597,66.570
241.240,-22.687,0.253,0.597,66.514
241.260,-19.518,0.277,0.597,66.565
241.280,-16.072,0.313,0.597,66.565
241.300,-12.381,0.334,0.597,66.671
241.320,-8.502,0.368,0.597,66.823
241.340,-4.506,0.381,0.597,67.019
241.360,-0.428,0.398,0.597,67.240
241.380,3.645,0.413,0.597,67.482
241.400,7.652,0.420,0.597,67.729
241.420,11.566,0.423,0.597,67.968
241.440,15.316,0.427,0.598,68.182
241.460,18.838,0.414,0.598,68.368
241.480,22.078,0.410,0.598,68.506
241.500,25.031,0.394,0.598,68.597
241.520,27.557,0.382,0.598,68.629
241.540,29.730,0.357,0.598,68.608
241.560,31.430,0.334,0.598,68.532
241.580,32.695,0.305,0.598,68.408
241.600,33.486,0.275,0.598,68.246
241.620,33.768,0.244,0.598,68.054
241.640,33.598,0.209,0.598,67.846
241.660,32.900,0.176,0.598,67.634
241.680,31.752,0.137,0.598,67.432
241.700,30.117,0.105,0.598,67.251
241.720,28.102,0.068,0.598,67.103
241.740,25.629,0.036,0.598,66.998
241.760,22.775,-0.001,0.598,66.938
241.780,19.605,-0.026,0.598,66.934
241.800,16.143,-0.059,0.598,66.979
241.820,12.451,-0.079,0.598,67.077
241.840,8.578,-0.110,0.598,67.216
241.860,4.582,-0.125,0.598,67.398
241.880,0.539,-0.147,0.598,67.605
241.900,-3.539,-0.153,0.598,67.828
241.920,-7.559,-0.165,0.598,68.051
241.940,-11.467,-0.163,0.598,68.265
241.960,-15.182,-0.163,0.598,68.452
241.980,-18.715,-0.160,0.598,68.716
242.000,-21.943,-0.153,0.598,68.716
242.020,-24.855,-0.137,0.598,68.774
242.040,-27.369,-0.119,0.598,68.776
242.060,-29.525,-0.093,0.598,68.723
242.080,-31.242,-0.071,0.598,68.615
242.100,-32.449,-0.047,0.598,68.267
242.120,-33.187,-0.013,0.598,68.267
242.140,-33.445,0.015,0.598,68.045
242.160,-33.258,0.049,0.598,67.810
242.180,-32.561,0.083,0.598,67.573
242.200,-31.383,0.120,0.598,67.346
242.220,-29.725,0.155,0.598,67.142
242.240,-27.609,0.192,0.598,66.972
242.260,-25.119,0.227,0.598,66.846
242.280,-22.236,0.256,0.598,66.769
242.300,-19.020,0.291,0.598,66.745
242.320,-15.551,0.320,0.598,66.774
242.340,-11.812,0.344,0.598,66.854
242.360,-7.916,0.371,0.598,66.981
242.380,-3.896,0.388,0.598,67.144
242.400,0.182,0.406,0.598,67.338
242.420,4.254,0.422,0.598,67.545
242.440,8.256,0.422,0.598,67.761
242.460,12.146,0.426,0.598,67.960
242.480,15.867,0.424,0.598,68.139
242.500,19.354,0.421,0.598,68.282
242.520,22.541,0.414,0.598,68.386
242.540,25.447,0.392,0.598,68.440
242.560,27.920,0.379,0.598,68.440
242.580,30.018,0.351,0.598,68.386
242.600,31.652,0.331,0.598,68.281
242.620,32.848,0.304,0.598,68.131
242.640,33.562,0.269,0.598,67.946
242.660,33.785,0.240,0.598,67.735
242.680,33.533,0.207,0.598,67.512
242.700,32.748,0.172,0.598,67.289
242.720,31.541,0.133,0.598,67.079
242.740,29.842,0.098,0.598,66.894
242.760,27.750,0.062,0.598,66.746
242.780,25.219,0.029,0.598,66.642
242.800,22.324,-0.007,0.598,66.589
242.820,19.119,-0.035,0.598,66.591
242.840,15.604,-0.067,0.598,66.648
242.860,11.883,-0.092,0.598,66.756
242.880,8.004,-0.115,0.598,66.912
242.900,3.990,-0.129,0.598,67.105
242.920,-0.059,-0.147,0.598,67.327
242.940,-4.125,-0.159,0.598,67.564
242.960,-8.133,-0.163,0.598,67.805
242.980,-12.029,-0.167,0.598,68.031
243.000,-15.697,-0.165,0.598,68.236
243.020,-19.195,-0.162,0.598,68.405
243.040,-22.377,-0.149,0.598,68.531
243.060,-25.230,-0.137,0.598,68.604
243.080,-27.691,-0.120,0.598,68.622
243.100,-29.760,-0.098,0.598,68.588
243.120,-31.400,-0.071,0.598,68.502
243.140,-32.566,-0.044,0.598,68.368
243.160,-33.234,-0.015,0.598,68.198
243.180,-33.422,0.016,0.598,68.004
243.200,-33.135,0.047,0.598,67.796
243.220,-32.361,0.083,0.598,67.588
243.240,-31.143,0.120,0.598,67.393
243.260,-29.391,0.155,0.598,67.222
243.280,-27.229,0.189,0.598,67.087
243.300,-24.686,0.227,0.598,66.996
243.320,-21.744,0.255,0.598,66.954
243.340,-18.486,0.291,0.598,66.965
243.360,-14.982,0.315,0.598,67.027
243.380,-11.227,0.343,0.598,67.139
243.400,-7.307,0.367,0.598,67.293
243.420,-3.258,0.386,0.598,67.486
243.440,0.803,0.403,0.598,67.701
243.460,4.869,0.416,0.598,67.930
243.480,8.848,0.422,0.598,68.374
243.500,12.715,0.423,0.598,68.374
243.520,16.400,0.423,0.598,68.560
243.540,19.846,0.415,0.598,68.711
243.560,23.016,0.405,0.598,68.814
243.580,25.834,0.389,0.598,68.865
243.600,28.260,0.374,0.598,68.859
243.620,30.287,0.346,0.598,68.797
243.640,31.863,0.327,0.598,68.521
243.660,32.982,0.294,0.598,68.521
243.680,33.627,0.269,0.598,68.325
243.700,33.773,0.232,0.598,68.102
243.720,33.457,0.199,0.598,67.868
243.740,32.607,0.164,0.598,67.633
243.760,31.324,0.125,0.598,67.411
243.780,29.543,0.091,0.598,67.215
243.800,27.393,0.054,0.598,67.055
243.820,24.803,0.020,0.598,66.940
243.840,21.861,-0.010,0.598,66.873
243.860,18.609,-0.042,0.598,66.859
243.880,15.053,-0.070,0.598,66.897
243.900,11.309,-0.095,0.598,66.988
243.920,7.406,-0.119,0.598,67.120
243.940,3.381,-0.137,0.598,67.288
243.960,-0.680,-0.150,0.598,67.482
243.980,-4.740,-0.161,0.598,67.687
244.000,-8.748,-0.169,0.598,67.891
244.020,-12.609,-0.170,0.598,68.086
244.040,-16.277,-0.162,0.598,68.250
244.060,-19.699,-0.162,0.598,68.377
244.080,-22.869,-0.147,0.598,68.461
244.100,-25.641,-0.135,0.598,68.495
244.120,-28.066,-0.115,0.598,68.473
244.140,-30.105,-0.093,0.598,68.397
244.160,-31.641,-0.068,0.598,68.271
244.180,-32.748,-0.037,0.598,68.102
244.200,-33.311,-0.009,0.598,67.899
244.220,-33.451,0.025,0.598,67.673
244.240,-33.123,0.058,0.598,67.438
244.260,-32.262,0.091,0.598,67.205
244.280,-30.932,0.128,0.598,66.989
244.300,-29.121,0.163,0.598,66.800
244.320,-26.906,0.198,0.598,66.650
244.340,-24.305,0.238,0.598,66.546
244.360,-21.305,0.263,0.598,66.494
244.380,-18.006,0.301,0.598,66.496
244.400,-14.443,0.322,0.598,66.552
244.420,-10.670,0.352,0.598,66.659
244.440,-6.715,0.373,0.598,66.810
244.460,-2.672,0.393,0.598,67.000
244.480,1.406,0.411,0.598,67.213
244.500,5.455,0.419,0.598,67.444
244.520,9.428,0.423,0.598,67.670
244.540,13.277,0.425,0.598,67.883
244.560,16.928,0.424,0.598,68.071
244.580,20.326,0.419,0.598,68.225
244.600,23.473,0.404,0.598,68.333
244.620,26.215,0.388,0.598,68.387
244.640,28.600,0.373,0.598,68.384
244.660,30.551,0.348,0.598,68.331
244.680,32.074,0.324,0.598,68.228
244.700,33.117,0.294,0.598,68.081
244.720,33.680,0.265,0.598,67.902
244.740,33.750,0.230,0.598,67.700
244.760,33.357,0.195,0.598,67.488
244.780,32.443,0.161,0.598,67.279
244.800,31.084,0.125,0.598,67.087
244.820,29.250,0.090,0.598,66.922
244.840,27.035,0.053,0.598,66.796
244.860,24.381,0.020,0.598,66.715
244.880,21.387,-0.013,0.598,66.686
244.900,18.088,-0.043,0.598,66.711
244.920,14.496,-0.066,0.598,66.788
244.940,10.740,-0.096,0.598,66.913
244.960,6.803,-0.112,0.598,67.083
244.980,2.771,-0.131,0.598,67.284
245.000,-1.295,-0.147,0.598,67.511
245.020,-5.338,-0.156,0.598,67.745
245.040,-9.328,-0.160,0.598,67.975
245.060,-13.178,-0.165,0.598,68.188
245.080,-16.793,-0.158,0.598,68.376
245.100,-20.197,-0.158,0.598,68.523
245.120,-23.279,-0.139,0.598,68.622
245.140,-26.016,-0.133,0.598,68.666
245.160,-28.395,-0.108,0.598,68.655
245.180,-30.328,-0.090,0.598,68.589
245.200,-31.822,-0.059,0.598,68.474
245.220,-32.842,-0.033,0.598,68.311
245.240,-33.334,-0.004,0.598,68.116
245.260,-33.422,0.030,0.598,67.899
245.280,-32.982,0.062,0.598,67.672
245.300,-32.074,0.099,0.598,67.447
245.320,-30.650,0.133,0.598,67.239
245.340,-28.787,0.172,0.598,67.058
245.360,-26.520,0.203,0.598,66.915
245.380,-23.854,0.244,0.598,66.818
245.400,-20.824,0.265,0.598,66.772
245.420,-17.473,0.305,0.598,66.776
245.440,-13.869,0.322,0.598,66.836
245.460,-10.066,0.359,0.598,66.940
245.480,-6.094,0.373,0.598,67.088
245.500,-2.045,0.398,0.598,67.267
245.520,2.027,0.404,0.598,67.472
245.540,6.082,0.421,0.598,67.680
245.560,10.020,0.421,0.598,67.889
245.580,13.857,0.424,0.598,68.078
245.600,17.473,0.419,0.598,68.241
245.620,20.824,0.417,0.598,68.362
245.640,23.906,0.395,0.598,68.440
245.660,26.596,0.385,0.598,68.461
245.680,28.922,0.362,0.598,68.429
245.700,30.814,0.344,0.598,68.342
245.720,32.268,0.314,0.598,68.208
245.740,33.229,0.282,0.598,68.030
245.760,33.715,0.257,0.598,67.821
245.780,33.727,0.220,0.598,67.594
245.800,33.258,0.189,0.598,67.358
245.820,32.279,0.150,0.598,67.127
245.840,30.850,0.115,0.598,66.915
245.860,28.951,0.077,0.598,66.732
245.880,26.672,0.045,0.598,66.591
245.900,23.947,0.008,0.598,66.496
245.920,20.912,-0.021,0.598,66.455
245.940,17.561,-0.054,0.598,66.467
245.960,13.945,-0.083,0.598,66.534
245.980,10.154,-0.103,0.598,66.651
246.000,6.199,-0.124,0.598,66.811
246.020,2.168,-0.140,0.598,67.005
246.040,-1.898,-0.156,0.598,67.223
246.060,-5.947,-0.164,0.598,67.451
246.080,-9.908,-0.171,0.599,67.676
246.100,-13.705,-0.167,0.599,67.887
246.120,-17.297,-0.166,0.599,68.067
246.140,-20.654,-0.156,0.599,68.210
246.160,-23.707,-0.147,0.599,68.305
246.180,-26.379,-0.134,0.599,68.351
246.200,-28.687,-0.106,0.599,68.341
246.220,-30.568,-0.087,0.599,68.278
246.240,-32.010,-0.058,0.599,68.166
246.260,-32.947,-0.032,0.599,68.015
246.280,-33.363,-0.001,0.599,67.832
246.300,-33.363,0.033,0.599,67.630
246.320,-32.848,0.066,0.599,67.423
246.340,-31.893,0.101,0.599,67.221
246.360,-30.422,0.135,0.599,67.040
246.380,-28.471,0.173,0.599,66.889
246.400,-26.139,0.204,0.599,66.779
246.420,-23.420,0.236,0.599,66.716
246.440,-20.314,0.273,0.597,66.705
246.460,-16.951,0.305,0.597,66.750
246.480,-13.336,0.328,0.597,66.848
246.500,-9.492,0.359,0.597,66.994
246.520,-5.502,0.376,0.597,67.184
246.540,-1.453,0.398,0.597,67.403
246.560,2.631,0.410,0.597,67.646
246.580,6.674,0.418,0.597,67.896
246.600,10.600,0.425,0.597,68.140
246.620,14.426,0.425,0.597,68.363
246.640,17.988,0.422,0.597,68.558
246.660,21.293,0.412,0.597,68.709
246.680,24.340,0.397,0.597,68.812
246.700,26.965,0.383,0.597,68.858
246.720,29.238,0.360,0.597,68.849
246.740,31.043,0.340,0.597,68.784
246.760,32.437,0.313,0.597,68.669
246.780,33.340,0.282,0.597,68.513
246.800,33.750,0.253,0.597,68.324
246.820,33.686,0.219,0.597,68.115
246.840,33.141,0.187,0.597,67.899
246.860,32.092,0.144,0.597,67.690
246.880,30.586,0.114,0.597,67.498
246.900,28.646,0.074,0.597,67.337
246.920,26.291,0.044,0.597,67.216
246.940,23.514,0.008,0.597,67.140
246.960,20.420,-0.021,0.597,67.117
246.980,17.045,-0.053,0.597,67.143
247.000,13.377,-0.076,0.597,67.223
247.020,9.557,-0.102,0.597,67.347
247.040,5.590,-0.121,0.597,67.511
247.060,1.553,-0.140,0.597,67.706
247.080,-2.537,-0.150,0.597,67.919
247.100,-6.568,-0.162,0.597,68.135
247.120,-10.518,-0.166,0.597,68.344
247.140,-14.285,-0.162,0.597,68.533
247.160,-17.848,-0.160,0.597,68.688
247.180,-21.199,-0.152,0.597,68.800
247.200,-24.164,-0.139,0.597,68.862
247.220,-26.795,-0.125,0.597,68.870
247.240,-29.045,-0.100,0.597,68.823
247.260,-30.850,-0.079,0.597,68.720
247.280,-32.191,-0.050,0.597,68.569
247.300,-33.088,-0.020,0.597,68.378
247.320,-33.422,0.006,0.597,68.155
247.340,-33.357,0.044,0.597,67.916
247.360,-32.777,0.074,0.597,67.671
247.380,-31.711,0.116,0.597,67.434
247.400,-30.164,0.147,0.597,67.218
247.420,-28.184,0.185,0.597,67.033
247.440,-25.799,0.215,0.597,66.890
247.460,-22.969,0.257,0.596,66.795
247.480,-19.840,0.266,0.596,66.755
247.500,-16.412,0.335,0.596,66.760
247.520,-12.779,0.327,0.596,66.832
247.540,-8.895,0.360,0.596,66.938
247.560,-4.881,0.385,0.596,67.087
247.580,-0.826,0.408,0.596,67.270
247.600,3.252,0.442,0.613,67.475
247.620,7.271,0.398,0.613,67.697
247.640,11.180,0.479,0.650,67.888
247.660,14.977,0.391,0.650,68.098
247.680,18.516,0.464,0.650,68.235
247.700,21.779,0.368,0.650,68.368
247.720,24.762,0.448,0.650,68.414
247.740,27.334,0.342,0.650,68.450
247.760,29.537,0.407,0.650,68.395
247.780,31.289,0.294,0.650,68.321
247.800,32.602,0.356,0.650,68.170
247.820,33.428,0.238,0.650,68.009
247.840,33.768,0.292,0.650,67.797
247.860,33.633,0.169,0.650,67.587
247.880,33.012,0.218,0.650,67.362
247.900,31.898,0.103,0.650,67.155
247.920,30.322,0.145,0.650,66.969
247.940,28.318,0.034,0.650,66.814
247.960,25.893,0.069,0.650,66.712
247.980,23.080,-0.026,0.650,66.646
248.000,19.934,-0.004,0.650,66.650
248.020,16.500,-0.080,0.650,66.692
248.040,12.814,-0.066,0.650,66.806
248.060,8.971,-0.124,0.650,66.950
248.080,4.986,-0.109,0.650,67.153
248.100,0.955,-0.157,0.650,67.367
248.120,-3.129,-0.143,0.650,67.618
248.140,-7.148,-0.174,0.653,67.859
248.160,-11.074,-0.156,0.653,68.105
248.180,-14.824,-0.175,0.654,68.318
248.200,-18.346,-0.156,0.654,68.512
248.220,-21.609,-0.155,0.654,68.650
248.240,-24.533,-0.137,0.654,68.746
248.260,-27.123,-0.122,0.654,68.783
248.280,-29.309,-0.108,0.654,68.768
248.300,-31.055,-0.072,0.654,68.701
248.320,-32.326,-0.065,0.654,68.580
248.340,-33.111,-0.009,0.654,68.428
248.360,-33.434,-0.010,0.654,68.240
248.380,-33.270,0.058,0.654,68.041
248.400,-32.631,0.054,0.654,67.833
248.420,-31.465,0.132,0.654,67.637
248.440,-29.854,0.128,0.654,67.462
248.460,-27.791,0.201,0.654,67.318
248.480,-25.354,0.199,0.654,67.219
248.500,-22.529,0.267,0.654,67.161
248.520,-19.312,0.268,0.654,67.164
248.540,-15.861,0.327,0.654,67.210
248.560,-12.182,0.327,0.654,67.315
248.580,-8.297,0.372,0.654,67.454
248.600,-4.283,0.373,0.654,67.639
248.620,-0.205,0.407,0.654,67.843
248.640,3.861,0.403,0.654,68.070
248.660,7.869,0.427,0.654,68.291
248.680,11.766,0.420,0.654,68.507
248.700,15.521,0.426,0.654,68.694
248.720,19.014,0.417,0.654,68.848
248.740,22.242,0.404,0.654,68.956
248.760,25.178,0.401,0.654,69.012
248.780,27.691,0.369,0.654,69.013
248.800,29.830,0.363,0.654,68.953
248.820,31.506,0.323,0.654,68.844
248.840,32.754,0.311,0.654,68.683
248.860,33.510,0.265,0.654,68.488
248.880,33.785,0.248,0.654,68.260
248.900,33.568,0.202,0.654,68.020
248.920,32.877,0.177,0.654,67.774
248.940,31.687,0.126,0.654,67.540
248.960,30.047,0.108,0.654,67.328
248.980,27.990,0.054,0.654,67.148
249.000,25.488,0.041,0.654,67.012
249.020,22.629,-0.014,0.654,66.922
249.040,19.441,-0.024,0.654,66.889
249.060,15.967,-0.076,0.654,66.902
249.080,12.252,-0.082,0.654,66.976
249.100,8.385,-0.118,0.654,67.085
249.120,4.377,-0.129,0.654,67.240
249.140,0.316,-0.154,0.654,67.418
249.160,-3.750,-0.158,0.654,67.616
249.180,-7.746,-0.171,0.654,67.815
249.200,-11.678,-0.169,0.654,68.006
249.220,-15.381,-0.169,0.654,68.173
249.240,-18.891,-0.162,0.654,68.306
249.260,-22.107,-0.154,0.654,68.394
249.280,-24.973,-0.140,0.654,68.435
249.300,-27.510,-0.120,0.654,68.422
249.320,-29.631,-0.100,0.654,68.356
249.340,-31.324,-0.074,0.654,68.240
249.360,-32.531,-0.046,0.654,68.078
249.380,-33.229,-0.021,0.654,67.881
249.400,-33.434,0.013,0.654,67.660
249.420,-33.217,0.048,0.654,67.426
249.440,-32.520,0.083,0.654,67.192
249.460,-31.336,0.118,0.654,66.971
249.480,-29.625,0.153,0.654,66.776
249.500,-27.486,0.192,0.654,66.617
249.520,-24.967,0.222,0.654,66.504
249.540,-22.090,0.261,0.654,66.440
249.560,-18.855,0.286,0.654,66.433
249.580,-15.363,0.320,0.654,66.478
249.600,-11.607,0.342,0.654,66.577
249.620,-7.705,0.369,0.654,66.721
249.640,-3.691,0.385,0.654,66.907
249.660,0.387,0.409,0.654,67.118
249.680,4.453,0.414,0.654,67.350
249.700,8.449,0.427,0.654,67.583
249.720,12.357,0.422,0.654,67.807
249.740,16.049,0.427,0.654,68.005
249.760,19.512,0.414,0.654,68.173
249.780,22.705,0.414,0.654,68.293
249.800,25.588,0.385,0.654,68.370
249.820,28.037,0.382,0.654,68.384
249.840,30.105,0.350,0.654,68.351
249.860,31.729,0.339,0.654,68.261
249.880,32.895,0.296,0.654,68.131
249.900,33.580,0.281,0.654,67.961
249.920,33.779,0.235,0.654,67.769
249.940,33.510,0.216,0.654,67.560
249.960,32.725,0.164,0.654,67.353
249.980,31.477,0.142,0.654,67.157
250.000,29.760,0.095,0.654,66.986
250.020,27.639,0.068,0.654,66.850
250.040,25.066,0.030,0.654,66.758
250.060,22.166,0.003,0.654,66.711
250.080,18.926,-0.037,0.654,66.725
250.100,15.422,-0.054,0.654,66.784
250.120,11.684,-0.094,0.654,66.891
250.140,7.787,-0.104,0.654,67.049
250.160,3.779,-0.132,0.654,67.240
250.180,-0.281,-0.139,0.654,67.470
250.200,-4.348,-0.157,0.654,67.683
250.220,-8.344,-0.158,0.654,67.939
250.240,-12.229,-0.167,0.654,68.131
250.260,-15.908,-0.158,0.654,68.343
250.280,-19.383,-0.158,0.654,68.466
250.300,-22.559,-0.145,0.654,68.595
250.320,-25.377,-0.133,0.654,68.625
250.340,-27.826,-0.113,0.654,68.640
250.360,-29.906,-0.088,0.654,68.560
250.380,-31.512,-0.071,0.654,68.461
250.400,-32.631,-0.038,0.654,68.289
250.420,-33.270,-0.017,0.654,68.102
250.440,-33.451,0.025,0.654,67.872
250.460,-33.105,0.047,0.654,67.641
250.480,-32.361,0.094,0.654,67.402
250.500,-31.066,0.121,0.654,67.179
250.520,-29.309,0.165,0.654,66.982
250.540,-27.129,0.193,0.654,66.816
250.560,-24.539,0.232,0.654,66.701
250.580,-21.592,0.265,0.654,66.626
250.600,-18.322,0.291,0.654,66.615
250.620,-14.818,0.323,0.654,66.643
250.640,-11.021,0.347,0.654,66.733
250.660,-7.096,0.373,0.654,66.852
250.680,-3.053,0.386,0.654,67.022
250.700,1.014,0.408,0.654,67.201
250.720,5.080,0.414,0.654,67.409
250.740,9.047,0.426,0.654,67.602
250.760,12.937,0.420,0.654,67.795
250.780,16.605,0.426,0.654,67.951
250.800,20.021,0.408,0.654,68.080
250.820,23.168,0.409,0.654,68.155
250.840,25.975,0.383,0.654,68.186
250.860,28.389,0.373,0.654,68.161
250.880,30.375,0.343,0.654,68.082
250.900,31.939,0.323,0.654,67.956
250.920,33.023,0.286,0.654,67.781
250.940,33.645,0.265,0.654,67.578
250.960,33.768,0.225,0.654,67.346
250.980,33.428,0.195,0.654,67.110
251.000,32.566,0.158,0.654,66.872
251.020,31.242,0.123,0.654,66.651
251.040,29.467,0.087,0.654,66.459
251.060,27.287,0.049,0.654,66.302
251.080,24.668,0.021,0.654,66.197
251.100,21.691,-0.015,0.654,66.136
251.120,18.428,-0.042,0.654,66.139
251.140,14.871,-0.077,0.654,66.187
251.160,11.115,-0.094,0.654,66.297
251.180,7.184,-0.121,0.654,66.443
251.200,3.187,-0.135,0.654,66.635
251.220,-0.891,-0.151,0.654,66.844
251.240,-4.957,-0.162,0.654,67.076
251.260,-8.941,-0.174,0.654,67.304
251.280,-12.803,-0.168,0.654,67.527
251.300,-16.418,-0.169,0.654,67.720
251.320,-19.857,-0.157,0.654,67.877
251.340,-22.969,-0.153,0.654,67.992
251.360,-25.770,-0.132,0.654,68.054
251.380,-28.160,-0.118,0.654,68.066
251.400,-30.135,-0.095,0.654,68.021
251.420,-31.676,-0.067,0.654,67.932
251.440,-32.742,-0.039,0.654,67.794
251.460,-33.305,-0.009,0.654,67.628
251.480,-33.410,0.023,0.654,67.436
251.500,-33.029,0.055,0.654,67.237
251.520,-32.168,0.089,0.654,67.040
251.540,-30.803,0.126,0.654,66.860
251.560,-29.004,0.166,0.654,66.709
251.580,-26.766,0.199,0.654,66.595
251.600,-24.129,0.229,0.654,66.530
251.620,-21.111,0.266,0.654,66.511
251.640,-17.789,0.298,0.654,66.555
251.660,-14.256,0.327,0.654,66.646
251.680,-10.447,0.351,0.654,66.792
251.700,-6.510,0.372,0.654,66.978
251.720,-2.467,0.394,0.654,67.203
251.740,1.629,0.406,0.654,67.450
251.760,5.678,0.418,0.654,67.710
251.780,9.645,0.423,0.654,67.965
251.800,13.482,0.423,0.654,68.205
251.820,17.115,0.423,0.654,68.415
251.840,20.502,0.414,0.654,68.588
251.860,23.619,0.406,0.654,68.712
251.880,26.355,0.388,0.654,68.783
251.900,28.717,0.371,0.654,68.796
251.920,30.633,0.348,0.654,68.754
251.940,32.133,0.322,0.654,68.659
251.960,33.158,0.291,0.654,68.521
251.980,33.697,0.264,0.654,68.347
252.000,33.738,0.226,0.654,68.150
252.020,33.322,0.197,0.654,67.941
252.040,32.396,0.156,0.654,67.734
252.060,31.002,0.124,0.654,67.543
252.080,29.168,0.085,0.654,67.379
252.100,26.906,0.052,0.654,67.252
252.120,24.240,0.020,0.654,67.170
252.140,21.223,-0.016,0.654,67.136
252.160,17.900,-0.043,0.654,67.157
252.180,14.303,-0.071,0.654,67.226
252.200,10.518,-0.095,0.654,67.345
252.220,6.586,-0.115,0.654,67.502
252.240,2.549,-0.138,0.654,67.694
252.260,-1.506,-0.146,0.654,67.906
252.280,-5.549,-0.161,0.654,68.126
252.300,-9.551,-0.161,0.654,68.339
252.320,-13.371,-0.163,0.654,68.536
252.340,-16.986,-0.164,0.654,68.698
252.360,-20.391,-0.155,0.654,68.827
252.380,-23.449,-0.146,0.654,68.899
252.400,-26.180,-0.127,0.654,68.925
252.420,-28.512,-0.109,0.654,68.888
252.440,-30.457,-0.084,0.654,68.802
252.460,-31.934,-0.059,0.654,68.659
252.480,-32.906,-0.029,0.654,68.478
252.500,-33.381,-0.000,0.654,68.259
252.520,-33.416,0.033,0.654,68.022
252.540,-32.982,0.062,0.654,67.774
252.560,-32.051,0.101,0.654,67.532
252.580,-30.609,0.134,0.654,67.306
252.600,-28.717,0.176,0.654,67.108
252.620,-26.391,0.206,0.654,66.951
252.640,-23.719,0.243,0.640,66.837
252.660,-20.648,0.275,0.640,66.778
252.680,-17.291,0.304,0.624,66.769
252.700,-13.687,0.331,0.624,66.816
252.720,-9.867,0.356,0.603,66.907
252.740,-5.906,0.381,0.603,67.045
252.760,-1.852,0.397,0.603,67.213
252.780,2.232,0.410,0.603,67.405
252.800,6.293,0.423,0.603,67.605
252.820,10.219,0.423,0.603,67.806
252.840,14.045,0.428,0.603,67.985
252.860,17.654,0.425,0.603,68.141
252.880,20.982,0.414,0.603,68.257
252.900,24.059,0.404,0.603,68.326
252.920,26.736,0.384,0.603,68.344
252.940,29.016,0.370,0.603,68.305
252.960,30.896,0.341,0.603,68.219
252.980,32.332,0.315,0.603,68.081
253.000,33.275,0.285,0.603,67.906
253.020,33.732,0.258,0.603,67.698
253.040,33.709,0.225,0.603,67.475
253.060,33.211,0.190,0.603,67.242
253.080,32.209,0.152,0.603,67.018
253.100,30.756,0.117,0.603,66.813
253.120,28.852,0.079,0.603,66.639
253.140,26.549,0.049,0.603,66.507
253.160,23.807,0.013,0.603,66.423
253.180,20.742,-0.017,0.602,66.391
253.200,17.385,-0.050,0.602,66.414
253.220,13.746,-0.078,0.602,66.492
253.240,9.955,-0.100,0.602,66.621
253.260,6.000,-0.123,0.602,66.789
253.280,1.957,-0.137,0.602,66.996
253.300,-2.115,-0.153,0.602,67.220
253.320,-6.146,-0.160,0.602,67.458
253.340,-10.119,-0.165,0.602,67.686
253.360,-13.916,-0.164,0.602,67.902
253.380,-17.502,-0.162,0.602,68.083
253.400,-20.830,-0.155,0.602,68.230
253.420,-23.859,-0.145,0.602,68.325
253.440,-26.520,-0.129,0.602,68.373
253.460,-28.787,-0.109,0.602,68.361
253.480,-30.674,-0.087,0.602,68.299
253.500,-32.039,-0.057,0.602,68.185
253.520,-32.971,-0.033,0.602,68.032
253.540,-33.387,0.001,0.602,67.848
253.560,-33.340,0.031,0.602,67.644
253.580,-32.830,0.067,0.602,67.434
253.600,-31.805,0.101,0.602,67.229
253.620,-30.322,0.137,0.602,67.044
253.640,-28.359,0.178,0.602,66.890
253.660,-25.992,0.206,0.602,66.775
253.680,-23.262,0.249,0.602,66.707
253.700,-20.150,0.270,0.602,66.691
253.720,-16.758,0.310,0.602,66.728
253.740,-13.125,0.328,0.602,66.817
253.760,-9.270,0.363,0.602,66.952
253.780,-5.285,0.369,0.602,67.129
253.800,-1.213,0.399,0.602,67.330
253.820,2.848,0.410,0.602,67.556
253.840,6.873,0.423,0.602,67.791
253.860,10.799,0.413,0.602,68.017
253.880,14.625,0.437,0.611,68.216
253.900,18.176,0.392,0.611,68.394
253.920,21.475,0.432,0.611,68.511
253.940,24.498,0.377,0.611,68.600
253.960,27.117,0.396,0.611,68.616
253.980,29.326,0.343,0.611,68.591
254.000,31.143,0.357,0.611,68.498
254.020,32.496,0.288,0.611,68.369
254.040,33.375,0.299,0.611,68.186
254.060,33.762,0.232,0.611,67.983
254.080,33.674,0.230,0.611,67.753
254.100,33.088,0.168,0.611,67.522
254.120,32.027,0.156,0.611,67.295
254.140,30.492,0.098,0.611,67.088
254.160,28.535,0.080,0.611,66.913
254.180,26.150,0.035,0.611,66.776
254.200,23.361,0.006,0.611,66.689
254.220,20.250,-0.023,0.611,66.653
254.240,16.846,-0.057,0.611,66.669
254.260,13.184,-0.081,0.611,66.739
254.280,9.352,-0.109,0.611,66.854
254.300,5.385,-0.128,0.611,67.012
254.320,1.348,-0.141,0.611,67.199
254.340,-2.748,-0.152,0.611,67.404
254.360,-6.773,-0.170,0.611,67.614
254.380,-10.723,-0.163,0.611,67.822
254.400,-14.461,-0.174,0.611,68.006
254.420,-18.029,-0.160,0.611,68.164
254.440,-21.334,-0.163,0.611,68.277
254.460,-24.311,-0.137,0.611,68.346
254.480,-26.930,-0.134,0.611,68.356
254.500,-29.127,-0.097,0.611,68.318
254.520,-30.943,-0.089,0.611,68.221
254.540,-32.244,-0.046,0.611,68.081
254.560,-33.105,-0.033,0.611,67.899
254.580,-33.445,0.014,0.611,67.691
254.600,-33.322,0.029,0.611,67.465
254.620,-32.736,0.081,0.611,67.237
254.640,-31.646,0.100,0.611,67.017
254.660,-30.094,0.153,0.611,66.819
254.680,-28.061,0.172,0.611,66.655
254.700,-25.652,0.219,0.611,66.532
254.720,-22.852,0.247,0.611,66.460
254.740,-19.676,0.282,0.611,66.441
254.760,-16.260,0.311,0.611,66.477
254.780,-12.574,0.340,0.611,66.565
254.800,-8.695,0.359,0.611,66.701
254.820,-4.699,0.382,0.611,66.879
254.840,-0.615,0.399,0.611,67.085
254.860,3.445,0.416,0.611,67.314
254.880,7.471,0.419,0.611,67.548
254.900,11.373,0.425,0.611,67.773
254.920,15.158,0.426,0.611,67.981
254.940,18.686,0.422,0.611,68.157
254.960,21.949,0.417,0.611,68.293
254.980,24.908,0.398,0.611,68.379
255.000,27.457,0.383,0.611,68.410
255.020,29.619,0.358,0.611,68.386
255.040,31.359,0.340,0.611,68.308
255.060,32.666,0.310,0.611,68.184
255.080,33.457,0.281,0.611,68.020
255.100,33.779,0.246,0.611,67.829
255.120,33.609,0.216,0.611,67.621
255.140,32.965,0.176,0.611,67.409
255.160,31.828,0.147,0.611,67.206
255.180,30.217,0.105,0.611,67.025
255.200,28.201,0.072,0.611,66.877
255.220,25.740,0.041,0.611,66.770
255.240,22.904,0.001,0.611,66.712
255.260,19.758,-0.021,0.611,66.707
255.280,16.312,-0.059,0.611,66.753
255.300,12.609,-0.079,0.611,66.852
255.320,8.771,-0.103,0.611,66.996
255.340,4.775,-0.129,0.611,67.177
255.360,0.727,-0.137,0.611,67.390
255.380,-3.334,-0.160,0.611,67.616
255.400,-7.365,-0.155,0.611,67.848
255.420,-11.297,-0.167,0.611,68.065
255.440,-15.012,-0.157,0.611,68.264
255.460,-18.545,-0.163,0.611,68.422
255.480,-21.785,-0.146,0.611,68.542
255.500,-24.721,-0.137,0.611,68.605
255.520,-27.264,-0.119,0.611,68.618
255.540,-29.426,-0.100,0.611,68.571
255.560,-31.154,-0.074,0.611,68.472
255.580,-32.385,-0.044,0.611,68.324
255.600,-33.164,-0.019,0.611,68.138
255.620,-33.451,0.016,0.611,67.924
255.640,-33.270,0.044,0.611,67.693
255.660,-32.602,0.082,0.611,67.459
255.680,-31.430,0.114,0.611,67.235
255.700,-29.771,0.155,0.611,67.033
255.720,-27.703,0.191,0.611,66.864
255.740,-25.230,0.223,0.611,66.737
255.760,-22.371,0.257,0.611,66.658
255.780,-19.166,0.284,0.611,66.632
255.800,-15.691,0.320,0.611,66.658
255.820,-11.971,0.339,0.611,66.736
255.840,-8.092,0.369,0.611,66.857
255.860,-4.072,0.383,0.611,67.018
255.880,0.018,0.403,0.611,67.205
255.900,4.084,0.414,0.611,67.409
255.920,8.086,0.424,0.611,67.616
255.940,11.965,0.423,0.611,67.813
255.960,15.709,0.429,0.611,67.987
255.980,19.201,0.414,0.611,68.131
256.000,22.406,0.413,0.611,68.229
256.020,25.330,0.387,0.611,68.280
256.040,27.814,0.377,0.611,68.273
256.060,29.918,0.348,0.611,68.214
256.080,31.582,0.333,0.611,68.101
256.100,32.812,0.298,0.611,67.947
256.120,33.545,0.272,0.611,67.754
256.140,33.791,0.237,0.611,67.536
256.160,33.551,0.202,0.611,67.304
256.180,32.812,0.167,0.611,67.071
256.200,31.605,0.131,0.611,66.851
256.220,29.941,0.099,0.611,66.656
256.240,27.879,0.058,0.611,66.496
256.260,25.348,0.032,0.611,66.382
256.280,22.465,-0.009,0.611,66.316
256.300,19.260,-0.033,0.611,66.309
256.320,15.785,-0.074,0.611,66.351
256.340,12.059,-0.083,0.611,66.454
256.360,8.174,-0.120,0.611,66.592
256.380,4.172,-0.130,0.611,66.781
256.400,0.105,-0.147,0.611,66.994
256.420,-3.937,-0.162,0.611,67.226
256.440,-7.945,-0.161,0.611,67.457
256.460,-11.830,-0.176,0.613,67.687
256.480,-15.551,-0.162,0.613,67.879
256.500,-19.037,-0.166,0.613,68.058
256.520,-22.236,-0.151,0.613,68.176
256.540,-25.084,-0.141,0.613,68.261
256.560,-27.580,-0.123,0.613,68.278
256.580,-29.701,-0.097,0.613,68.258
256.600,-31.348,-0.079,0.613,68.168
256.620,-32.520,-0.047,0.613,68.050
256.640,-33.223,-0.022,0.613,67.883
256.660,-33.404,0.016,0.613,67.700
256.680,-33.176,0.045,0.613,67.498
256.700,-32.437,0.085,0.613,67.299
256.720,-31.207,0.112,0.613,67.111
256.740,-29.484,0.156,0.613,66.949
256.760,-27.334,0.183,0.613,66.823
256.780,-24.820,0.226,0.613,66.739
256.800,-21.896,0.253,0.613,66.707
256.820,-18.645,0.287,0.613,66.728
256.840,-15.164,0.319,0.613,66.802
256.860,-11.396,0.341,0.613,66.930
256.880,-7.477,0.369,0.613,67.308
256.900,-3.469,0.383,0.613,67.308
256.920,0.615,0.405,0.613,67.538
256.940,4.670,0.412,0.613,67.790
256.960,8.672,0.422,0.613,68.034
256.980,12.551,0.425,0.613,68.273
257.000,16.225,0.427,0.613,68.481
257.020,19.687,0.410,0.613,68.661
257.040,22.863,0.412,0.613,68.781
257.060,25.717,0.388,0.613,68.861
257.080,28.154,0.380,0.613,68.872
257.100,30.211,0.347,0.613,68.838
257.120,31.805,0.331,0.613,68.740
257.140,32.947,0.294,0.613,68.604
257.160,33.609,0.269,0.613,68.423
257.180,33.773,0.234,0.613,68.221
257.200,33.475,0.204,0.613,68.002
257.220,32.660,0.166,0.613,67.784
257.240,31.389,0.134,0.613,67.576
257.260,29.654,0.095,0.613,67.393
257.280,27.510,0.058,0.613,67.245
257.300,24.943,0.025,0.613,67.139
257.320,21.990,-0.007,0.613,67.083
257.340,18.750,-0.034,0.613,67.078
257.360,15.217,-0.069,0.613,67.125
257.380,11.479,-0.088,0.613,67.220
257.400,7.576,-0.118,0.613,67.357
257.420,3.557,-0.129,0.613,67.532
257.440,-0.510,-0.150,0.613,67.729
257.460,-4.559,-0.158,0.613,67.938
257.480,-8.584,-0.161,0.613,68.145
257.500,-12.434,-0.163,0.613,68.336
257.520,-16.119,-0.160,0.613,68.501
257.540,-19.576,-0.157,0.613,68.629
257.560,-22.746,-0.145,0.613,68.710
257.580,-25.553,-0.133,0.613,68.739
257.600,-27.973,-0.112,0.613,68.712
257.620,-30.018,-0.089,0.613,68.630
257.640,-31.588,-0.062,0.613,68.496
257.660,-32.713,-0.038,0.613,68.316
257.680,-33.322,-0.008,0.613,68.102
257.700,-33.445,0.020,0.613,67.865
257.720,-33.117,0.058,0.613,67.616
257.740,-32.297,0.093,0.613,67.369
257.760,-31.025,0.129,0.613,67.135
257.780,-29.221,0.166,0.613,66.929
257.800,-27.000,0.198,0.613,66.759
257.820,-24.416,0.236,0.613,66.635
257.840,-21.428,0.265,0.613,66.561
257.860,-18.158,0.298,0.613,66.542
257.880,-14.613,0.326,0.613,66.575
257.900,-10.828,0.348,0.613,66.659
257.920,-6.885,0.377,0.613,66.789
257.940,-2.842,0.389,0.613,66.954
257.960,1.225,0.407,0.613,67.147
257.980,5.279,0.420,0.613,67.349
258.000,9.258,0.425,0.613,67.557
258.020,13.119,0.426,0.613,67.747
258.040,16.775,0.423,0.613,67.918
258.060,20.180,0.417,0.613,68.049
258.080,23.326,0.410,0.613,68.139
258.100,26.115,0.387,0.613,68.179
258.120,28.488,0.374,0.613,68.164
258.140,30.486,0.344,0.613,68.098
258.160,32.010,0.327,0.613,67.979
258.180,33.082,0.293,0.613,67.822
258.200,33.668,0.267,0.613,67.629
258.220,33.762,0.232,0.613,67.418
258.240,33.381,0.197,0.613,67.195
258.260,32.496,0.164,0.613,66.977
258.280,31.160,0.122,0.613,66.776
258.300,29.344,0.090,0.613,66.603
258.320,27.164,0.054,0.613,66.469
258.340,24.527,0.021,0.613,66.382
258.360,21.527,-0.013,0.613,66.346
258.380,18.252,-0.040,0.613,66.368
258.400,14.678,-0.072,0.613,66.441
258.420,10.898,-0.094,0.613,66.569
258.440,7.002,-0.120,0.613,66.737
258.460,2.977,-0.133,0.613,66.946
258.480,-1.102,-0.152,0.613,67.176
258.500,-5.150,-0.158,0.613,67.423
258.520,-9.146,-0.169,0.613,67.665
258.540,-12.984,-0.169,0.613,67.899
258.560,-16.605,-0.166,0.613,68.100
258.580,-20.021,-0.159,0.613,68.269
258.600,-23.156,-0.148,0.613,68.385
258.620,-25.881,-0.134,0.613,68.453
258.640,-28.277,-0.113,0.613,68.463
258.660,-30.229,-0.092,0.613,68.421
258.680,-31.740,-0.068,0.613,68.327
258.700,-32.807,-0.036,0.613,68.191
258.720,-33.311,-0.009,0.613,68.018
258.740,-33.422,0.024,0.613,67.824
258.760,-33.006,0.055,0.613,67.619
258.780,-32.098,0.095,0.613,67.418
258.800,-30.744,0.128,0.613,67.232
258.820,-28.893,0.166,0.613,67.074
258.840,-26.631,0.196,0.613,66.952
258.860,-23.982,0.236,0.613,66.877
258.880,-20.941,0.263,0.608,66.851
258.900,-17.619,0.300,0.608,66.880
258.920,-14.039,0.320,0.605,66.958
258.940,-10.242,0.353,0.605,67.086
258.960,-6.287,0.373,0.605,67.255
258.980,-2.221,0.392,0.605,67.456
259.000,1.857,0.407,0.605,67.681
259.020,5.906,0.416,0.605,67.911
259.040,9.850,0.422,0.605,68.142
259.060,13.705,0.424,0.605,68.350
259.080,17.314,0.420,0.605,68.533
259.100,20.678,0.417,0.605,68.673
259.120,23.777,0.402,0.605,68.768
259.140,26.496,0.382,0.605,68.806
259.160,28.828,0.368,0.605,68.785
259.180,30.721,0.341,0.605,68.712
259.200,32.203,0.319,0.605,68.585
259.220,33.193,0.282,0.605,68.418
259.240,33.703,0.259,0.605,68.212
259.260,33.732,0.219,0.605,67.987
259.280,33.287,0.189,0.605,67.751
259.300,32.326,0.150,0.605,67.519
259.320,30.914,0.118,0.605,67.303
259.340,29.045,0.080,0.605,66.967
259.360,26.783,0.049,0.605,66.967
259.380,24.094,0.012,0.605,66.862
259.400,21.041,-0.018,0.605,66.809
259.420,17.736,-0.048,0.605,66.809
259.440,14.121,-0.072,0.605,66.860
259.460,10.318,-0.101,0.605,66.960
259.480,6.381,-0.123,0.605,67.101
259.500,2.338,-0.137,0.605,67.278
259.520,-1.693,-0.153,0.605,67.473
259.540,-5.760,-0.161,0.605,67.680
259.560,-9.732,-0.167,0.605,67.882
259.580,-13.553,-0.165,0.605,68.071
259.600,-17.150,-0.165,0.605,68.224
259.620,-20.525,-0.158,0.605,68.345
259.640,-23.584,-0.145,0.605,68.415
259.660,-26.279,-0.129,0.605,68.437
259.680,-28.605,-0.109,0.605,68.399
259.700,-30.510,-0.085,0.605,68.312
259.720,-31.957,-0.064,0.605,68.173
259.740,-32.918,-0.032,0.605,67.995
259.760,-33.346,-0.004,0.605,67.786
259.780,-33.393,0.034,0.605,67.558
259.800,-32.936,0.066,0.605,67.322
259.820,-31.934,0.100,0.605,67.092
259.840,-30.486,0.134,0.605,66.882
259.860,-28.570,0.171,0.605,66.702
259.880,-26.262,0.205,0.605,66.563
259.900,-23.566,0.240,0.605,66.471
259.920,-20.473,0.266,0.605,66.431
259.940,-17.098,0.309,0.605,66.446
259.960,-13.488,0.327,0.605,66.517
259.980,-9.656,0.360,0.605,66.636
260.000,-5.684,0.376,0.605,66.798
260.020,-1.635,0.398,0.605,66.994
260.040,2.449,0.407,0.605,67.214
260.060,6.498,0.421,0.605,67.439
260.080,10.430,0.427,0.605,67.663
260.100,14.238,0.424,0.605,67.870
260.120,17.836,0.423,0.605,68.049
260.140,21.158,0.417,0.605,68.190
260.160,24.217,0.401,0.605,68.285
260.180,26.865,0.390,0.605,68.324
260.200,29.139,0.364,0.605,68.311
260.220,30.967,0.341,0.605,68.241
260.240,32.391,0.315,0.605,68.125
260.260,33.311,0.288,0.605,67.968
260.280,33.738,0.255,0.605,67.782
260.300,33.697,0.228,0.605,67.575
260.320,33.164,0.182,0.605,67.362
260.340,32.150,0.157,0.605,67.154
260.360,30.662,0.109,0.605,66.966
260.380,28.752,0.083,0.605,66.809
260.400,26.402,0.041,0.605,66.691
260.420,23.643,0.016,0.605,66.622
260.440,20.566,-0.022,0.605,66.603
260.460,17.221,-0.046,0.605,66.639
260.480,13.553,-0.075,0.605,66.725
260.500,9.756,-0.104,0.605,66.860
260.520,5.783,-0.117,0.605,67.036
260.540,1.729,-0.139,0.605,67.242
260.560,-2.326,-0.150,0.605,67.470
260.580,-6.352,-0.163,0.605,67.703
260.600,-10.312,-0.162,0.605,67.931
260.620,-14.115,-0.166,0.605,68.136
260.640,-17.678,-0.156,0.605,68.312
260.660,-21.000,-0.155,0.605,68.446
260.680,-23.994,-0.131,0.605,68.529
260.700,-26.643,-0.129,0.605,68.556
260.720,-28.916,-0.099,0.605,68.529
260.740,-30.750,-0.085,0.605,68.447
260.760,-32.115,-0.050,0.605,68.317
260.780,-33.029,-0.028,0.605,68.144
260.800,-33.375,0.007,0.605,67.942
260.820,-33.311,0.038,0.605,67.719
260.840,-32.777,0.073,0.605,67.490
260.860,-31.758,0.108,0.605,67.267
260.880,-30.229,0.145,0.605,67.063
260.900,-28.242,0.180,0.605,66.890
260.920,-25.863,0.211,0.605,66.757
260.940,-23.086,0.250,0.605,66.670
260.960,-19.969,0.277,0.603,66.636
260.980,-16.564,0.312,0.603,66.654
261.000,-12.902,0.331,0.603,66.725
261.020,-9.047,0.366,0.603,66.841
261.040,-5.057,0.376,0.603,66.999
261.060,-1.002,0.402,0.603,67.184
261.080,3.076,0.408,0.603,67.391
261.100,7.096,0.419,0.603,67.604
261.120,11.016,0.420,0.603,67.810
261.140,14.801,0.426,0.603,67.995
261.160,18.369,0.415,0.603,68.151
261.180,21.645,0.414,0.603,68.263
261.200,24.645,0.394,0.603,68.331
261.220,27.223,0.383,0.603,68.340
261.240,29.449,0.355,0.603,68.299
261.260,31.219,0.336,0.603,68.202
261.280,32.566,0.303,0.603,68.058
261.300,33.404,0.279,0.603,67.874
261.320,33.756,0.245,0.603,67.663
261.340,33.645,0.211,0.603,67.435
261.360,33.029,0.178,0.603,67.202
261.380,31.957,0.140,0.603,66.979
261.400,30.393,0.106,0.603,66.777
261.420,28.418,0.063,0.603,66.607
261.440,26.016,0.041,0.603,66.482
261.460,23.209,-0.002,0.596,66.403
261.480,20.092,-0.027,0.596,66.381
261.500,16.676,-0.062,0.596,66.410
261.520,13.014,-0.079,0.596,66.497
261.540,9.170,-0.112,0.596,66.628
261.560,5.191,-0.125,0.596,66.804
261.580,1.154,-0.147,0.596,67.009
261.600,-2.936,-0.155,0.596,67.236
261.620,-6.955,-0.165,0.596,67.469
261.640,-10.875,-0.168,0.596,67.696
261.660,-14.625,-0.165,0.596,67.903
261.680,-18.164,-0.170,0.597,68.081
261.700,-21.463,-0.151,0.597,68.220
261.720,-24.422,-0.147,0.597,68.304
261.740,-27.006,-0.125,0.597,68.343
261.760,-29.191,-0.104,0.597,68.323
261.780,-30.967,-0.080,0.597,68.252
261.800,-32.273,-0.055,0.597,68.132
261.820,-33.088,-0.027,0.597,67.976
261.840,-33.404,0.003,0.597,67.791
261.860,-33.287,0.037,0.597,67.590
261.880,-32.637,0.067,0.597,67.386
261.900,-31.541,0.108,0.597,67.192
261.920,-29.936,0.143,0.597,67.020
261.940,-27.902,0.182,0.597,66.882
261.960,-25.471,0.214,0.597,66.786
261.980,-22.646,0.247,0.597,66.739
262.000,-19.477,0.281,0.596,66.744
262.020,-16.037,0.313,0.596,66.803
262.040,-12.357,0.336,0.596,66.917
262.060,-8.473,0.359,0.596,67.076
262.080,-4.441,0.380,0.596,67.272
262.100,-0.398,0.402,0.596,67.498
262.120,3.680,0.409,0.596,67.744
262.140,7.705,0.418,0.596,67.991
262.160,11.590,0.423,0.596,68.228
262.180,15.357,0.424,0.596,68.444
262.200,18.885,0.418,0.596,68.627
262.220,22.107,0.409,0.596,68.765
262.240,25.061,0.393,0.596,68.852
262.260,27.574,0.377,0.596,68.881
262.280,29.748,0.356,0.596,68.854
262.300,31.459,0.335,0.596,68.774
262.320,32.719,0.302,0.596,68.646
262.340,33.492,0.275,0.596,68.476
262.360,33.785,0.243,0.596,68.277
262.380,33.592,0.207,0.596,68.061
262.400,32.895,0.172,0.596,67.841
262.420,31.746,0.136,0.596,67.630
262.440,30.117,0.102,0.596,67.441
262.460,28.090,0.065,0.596,67.284
262.480,25.617,0.034,0.596,67.168
262.500,22.764,-0.003,0.596,67.098
262.520,19.594,-0.029,0.596,67.084
262.540,16.131,-0.062,0.596,67.117
262.560,12.428,-0.085,0.596,67.205
262.580,8.561,-0.108,0.596,67.334
262.600,4.564,-0.125,0.596,67.501
262.620,0.527,-0.145,0.596,67.692
262.640,-3.539,-0.153,0.596,67.902
262.660,-7.570,-0.160,0.596,68.113
262.680,-11.479,-0.164,0.596,68.310
262.700,-15.211,-0.164,0.596,68.486
262.720,-18.697,-0.159,0.596,68.628
262.740,-21.932,-0.146,0.596,68.723
262.760,-24.844,-0.137,0.596,68.769
262.780,-27.369,-0.114,0.596,68.758
262.800,-29.531,-0.097,0.596,68.690
262.820,-31.219,-0.072,0.596,68.572
262.840,-32.432,-0.046,0.596,68.407
262.860,-33.146,-0.015,0.596,68.204
262.880,-33.416,0.015,0.596,67.975
262.900,-33.205,0.049,0.596,67.731
262.920,-32.525,0.083,0.596,67.485
262.940,-31.324,0.119,0.596,67.251
262.960,-29.648,0.155,0.596,67.040
262.980,-27.557,0.190,0.596,66.865
263.000,-25.084,0.228,0.596,66.651
263.020,-22.178,0.258,0.596,66.651
263.040,-18.973,0.290,0.596,66.622
263.060,-15.469,0.315,0.596,66.647
263.080,-11.777,0.348,0.596,66.724
263.100,-7.875,0.369,0.596,66.848
263.120,-3.844,0.387,0.596,67.011
263.140,0.229,0.407,0.596,67.202
263.160,4.295,0.416,0.596,67.413
263.180,8.291,0.425,0.596,67.625
263.200,12.193,0.427,0.596,67.829
263.220,15.908,0.425,0.596,68.009
263.240,19.371,0.419,0.596,68.159
263.260,22.588,0.409,0.596,68.261
263.280,25.477,0.398,0.596,68.320
263.300,27.932,0.377,0.596,68.323
263.320,30.035,0.355,0.596,68.276
263.340,31.676,0.331,0.596,68.174
263.360,32.865,0.301,0.596,68.032
263.380,33.568,0.272,0.596,67.851
263.400,33.797,0.240,0.596,67.647
263.420,33.527,0.207,0.596,67.430
263.440,32.754,0.172,0.596,67.214
263.460,31.547,0.132,0.596,67.011
263.480,29.836,0.099,0.596,66.834
263.500,27.762,0.060,0.596,66.693
263.520,25.219,0.031,0.596,66.598
263.540,22.318,-0.004,0.596,66.553
263.560,19.107,-0.036,0.596,66.563
263.580,15.598,-0.065,0.596,66.627
263.600,11.871,-0.089,0.596,66.746
263.620,7.980,-0.117,0.596,66.907
263.640,3.984,-0.129,0.596,67.113
263.660,-0.076,-0.151,0.596,67.339
263.680,-4.137,-0.156,0.596,67.586
263.700,-8.150,-0.170,0.596,67.829
263.720,-12.018,-0.167,0.596,68.068
263.740,-15.721,-0.169,0.596,68.277
263.760,-19.189,-0.160,0.596,68.456
263.780,-22.371,-0.150,0.596,68.585
263.800,-25.219,-0.138,0.596,68.665
263.820,-27.691,-0.121,0.596,68.688
263.840,-29.771,-0.099,0.596,68.658
263.860,-31.418,-0.075,0.596,68.573
263.880,-32.561,-0.044,0.596,68.445
263.900,-33.211,-0.018,0.596,68.277
263.920,-33.398,0.016,0.596,68.085
263.940,-33.117,0.048,0.596,67.879
263.960,-32.367,0.081,0.596,67.672
263.980,-31.107,0.116,0.596,67.478
264.000,-29.338,0.156,0.596,67.308
264.020,-27.182,0.189,0.596,67.173
264.040,-24.645,0.224,0.596,67.082
264.060,-21.709,0.254,0.596,67.039
264.080,-18.463,0.290,0.596,67.048
264.100,-14.930,0.317,0.596,67.108
264.120,-11.168,0.344,0.596,67.220
264.140,-7.266,0.366,0.596,67.372
264.160,-3.229,0.387,0.596,67.562
264.180,0.844,0.402,0.596,67.774
264.200,4.916,0.414,0.596,67.998
264.220,8.889,0.421,0.596,68.221
264.240,12.785,0.421,0.596,68.428
264.260,16.447,0.420,0.596,68.612
264.280,19.875,0.414,0.596,68.753
264.300,23.045,0.402,0.596,68.851
264.320,25.869,0.390,0.596,68.894
264.340,28.277,0.370,0.596,68.880
264.360,30.311,0.347,0.596,68.810
264.380,31.887,0.321,0.596,68.688
264.400,33.000,0.292,0.596,68.520
264.420,33.633,0.262,0.596,68.316
264.440,33.779,0.228,0.596,68.086
264.460,33.445,0.199,0.596,67.844
264.480,32.602,0.161,0.596,67.601
264.500,31.324,0.126,0.596,67.373
264.520,29.549,0.088,0.596,67.169
264.540,27.404,0.052,0.596,67.001
264.560,24.803,0.022,0.596,66.878
264.580,21.838,-0.016,0.596,66.804
264.600,18.598,-0.040,0.596,66.785
264.620,15.035,-0.071,0.596,66.815
264.640,11.291,-0.095,0.596,66.896
264.660,7.383,-0.117,0.596,67.021
264.680,3.375,-0.133,0.596,67.183
264.700,-0.686,-0.154,0.596,67.366
264.720,-4.740,-0.157,0.596,67.566
264.740,-8.742,-0.171,0.598,67.761
264.760,-12.604,-0.159,0.598,67.949
264.780,-16.248,-0.173,0.599,68.104
264.800,-19.693,-0.158,0.599,68.231
264.820,-22.852,-0.149,0.599,68.307
264.840,-25.611,-0.140,0.599,68.334
264.860,-28.049,-0.109,0.599,68.311
264.880,-30.035,-0.097,0.599,68.230
264.900,-31.623,-0.062,0.599,68.101
264.920,-32.713,-0.042,0.599,67.928
264.940,-33.258,-0.008,0.599,67.723
264.960,-33.398,0.016,0.599,67.495
264.980,-33.035,0.057,0.599,67.259
265.000,-32.197,0.087,0.599,67.026
265.020,-30.873,0.124,0.599,66.809
265.040,-29.080,0.168,0.599,66.621
265.060,-26.865,0.190,0.599,66.471
265.080,-24.223,0.240,0.599,66.367
265.100,-21.258,0.258,0.599,66.317
265.120,-17.953,0.305,0.599,66.319
265.140,-14.396,0.312,0.599,66.381
265.160,-10.600,0.360,0.599,66.485
265.180,-6.662,0.359,0.599,66.643
265.200,-2.625,0.405,0.599,66.828
265.220,1.453,0.395,0.599,67.051
265.240,5.508,0.427,0.600,67.274
265.260,9.469,0.414,0.600,67.509
265.280,13.324,0.435,0.607,67.722
265.300,16.975,0.416,0.607,67.919
265.320,20.367,0.424,0.607,68.070
265.340,23.490,0.397,0.607,68.186
265.360,26.256,0.399,0.607,68.239
265.380,28.611,0.361,0.607,68.249
265.400,30.568,0.354,0.607,68.196
265.420,32.086,0.317,0.607,68.100
265.440,33.123,0.300,0.607,67.957
265.460,33.680,0.262,0.607,67.783
265.480,33.756,0.233,0.607,67.586
265.500,33.357,0.198,0.607,67.379
265.520,32.437,0.159,0.607,67.175
265.540,31.096,0.127,0.607,66.987
265.560,29.262,0.086,0.607,66.826
265.580,27.029,0.055,0.607,66.704
265.600,24.381,0.017,0.607,66.627
265.620,21.369,-0.009,0.607,66.602
265.640,18.082,-0.048,0.607,66.627
265.660,14.484,-0.067,0.607,66.710
265.680,10.717,-0.100,0.607,66.838
265.700,6.803,-0.114,0.607,67.011
265.720,2.754,-0.137,0.607,67.217
265.740,-1.301,-0.146,0.607,67.446
265.760,-5.355,-0.158,0.607,67.683
265.780,-9.328,-0.164,0.607,67.917
265.800,-13.154,-0.166,0.607,68.134
265.820,-16.775,-0.162,0.607,68.323
265.840,-20.197,-0.155,0.607,68.471
265.860,-23.268,-0.143,0.607,68.573
265.880,-26.016,-0.130,0.607,68.619
265.900,-28.383,-0.108,0.607,68.609
265.920,-30.311,-0.090,0.607,68.543
265.940,-31.816,-0.058,0.607,68.426
265.960,-32.807,-0.032,0.607,68.264
265.980,-33.322,0.000,0.607,68.068
266.000,-33.393,0.031,0.607,67.850
266.020,-32.941,0.059,0.607,67.622
266.040,-32.021,0.099,0.607,67.397
266.060,-30.615,0.131,0.607,67.188
266.080,-28.758,0.175,0.607,67.007
266.100,-26.473,0.203,0.607,66.864
266.120,-23.801,0.243,0.607,66.765
266.140,-20.760,0.266,0.607,66.718
266.160,-17.408,0.310,0.607,66.722
266.180,-13.852,0.321,0.607,66.782
266.200,-10.020,0.356,0.607,66.885
266.220,-6.053,0.369,0.607,67.032
266.240,-2.004,0.398,0.607,67.211
266.260,2.086,0.404,0.607,67.413
266.280,6.111,0.422,0.607,67.624
266.300,10.061,0.419,0.607,67.832
266.320,13.904,0.424,0.607,68.022
266.340,17.502,0.416,0.607,68.183
266.360,20.848,0.414,0.607,68.303
266.380,23.936,0.400,0.607,68.380
266.400,26.631,0.385,0.607,68.404
266.420,28.934,0.361,0.607,68.372
266.440,30.814,0.342,0.607,68.286
266.460,32.273,0.313,0.607,68.151
266.480,33.234,0.284,0.607,67.975
266.500,33.738,0.255,0.607,67.767
266.520,33.721,0.224,0.607,67.539
266.540,33.258,0.187,0.607,67.305
266.560,32.279,0.148,0.607,67.075
266.580,30.844,0.121,0.607,66.865
266.600,28.945,0.073,0.607,66.684
266.620,26.654,0.053,0.607,66.544
266.640,23.941,0.001,0.607,66.449
266.660,20.883,-0.012,0.607,66.412
266.680,17.555,-0.062,0.607,66.424
266.700,13.928,-0.069,0.607,66.496
266.720,10.125,-0.112,0.607,66.611
266.740,6.182,-0.113,0.607,66.778
266.760,2.150,-0.150,0.607,66.969
266.780,-1.934,-0.147,0.607,67.193
266.800,-5.953,-0.170,0.607,67.419
266.820,-9.926,-0.165,0.607,67.649
266.840,-13.734,-0.172,0.607,67.858
266.860,-17.332,-0.166,0.607,68.041
266.880,-20.684,-0.163,0.607,68.185
266.900,-23.707,-0.146,0.607,68.286
266.920,-26.408,-0.130,0.607,68.331
266.940,-28.705,-0.112,0.607,68.321
266.960,-30.592,-0.087,0.607,68.259
266.980,-32.004,-0.062,0.607,68.147
267.000,-32.953,-0.029,0.607,67.995
267.020,-33.369,-0.004,0.607,67.812
267.040,-33.381,0.033,0.607,67.611
267.060,-32.883,0.060,0.607,67.403
267.080,-31.887,0.103,0.607,67.202
267.100,-30.404,0.131,0.607,67.019
267.120,-28.471,0.177,0.607,66.868
267.140,-26.133,0.200,0.607,66.757
267.160,-23.414,0.245,0.607,66.693
267.180,-20.303,0.264,0.607,66.682
267.200,-16.916,0.307,0.607,66.723
267.220,-13.307,0.328,0.607,66.820
267.240,-9.457,0.365,0.607,66.962
267.260,-5.467,0.372,0.607,67.150
267.280,-1.412,0.401,0.607,67.366
267.300,2.648,0.404,0.607,67.604
267.320,6.697,0.422,0.607,67.849
267.340,10.641,0.422,0.607,68.085
267.360,14.426,0.429,0.607,68.307
267.380,18.006,0.418,0.607,68.498
267.400,21.328,0.413,0.607,68.644
267.420,24.369,0.397,0.607,68.744
267.440,26.982,0.384,0.607,68.782
267.460,29.238,0.360,0.607,68.771
267.480,31.061,0.340,0.607,68.698
267.500,32.449,0.307,0.607,68.581
267.520,33.340,0.286,0.607,68.418
267.540,33.744,0.247,0.607,68.227
267.560,33.691,0.222,0.607,68.014
267.580,33.135,0.178,0.607,67.795
267.600,32.086,0.146,0.607,67.581
267.620,30.580,0.112,0.607,67.386
267.640,28.623,0.074,0.607,67.221
267.660,26.273,0.045,0.607,67.097
267.680,23.496,0.006,0.607,67.016
267.700,20.391,-0.026,0.607,66.992
267.720,17.010,-0.056,0.607,67.014
267.740,13.359,-0.077,0.607,67.095
267.760,9.521,-0.100,0.607,67.211
267.780,5.561,-0.121,0.607,67.378
267.800,1.506,-0.142,0.607,67.564
267.820,-2.572,-0.152,0.607,67.780
267.840,-6.586,-0.162,0.607,67.991
267.860,-10.547,-0.159,0.607,68.204
267.880,-14.326,-0.166,0.607,68.385
267.900,-17.889,-0.158,0.607,68.545
267.920,-21.199,-0.153,0.607,68.652
267.940,-24.187,-0.137,0.607,68.720
267.960,-26.807,-0.120,0.607,68.723
267.980,-29.033,-0.102,0.607,68.677
268.000,-30.891,-0.076,0.607,68.574
268.020,-32.215,-0.049,0.607,68.426
268.040,-33.070,-0.022,0.607,68.236
268.060,-33.422,0.012,0.607,68.017
268.080,-33.322,0.040,0.607,67.779
268.100,-32.771,0.076,0.607,67.537
268.120,-31.723,0.111,0.607,67.303
268.140,-30.152,0.145,0.607,67.090
268.160,-28.154,0.183,0.607,66.908
268.180,-25.746,0.215,0.607,66.769
268.200,-22.969,0.256,0.607,66.676
268.220,-19.822,0.278,0.607,66.640
268.240,-16.400,0.315,0.607,66.653
268.260,-12.738,0.340,0.607,66.724
268.280,-8.854,0.364,0.607,66.839
268.300,-4.869,0.385,0.607,66.996
268.320,-0.797,0.404,0.607,67.183
268.340,3.270,0.416,0.607,67.391
268.360,7.289,0.425,0.607,67.607
268.380,11.215,0.423,0.607,67.817
268.400,15.006,0.428,0.607,68.004
268.420,18.551,0.420,0.607,68.164
268.440,21.809,0.414,0.607,68.281
268.460,24.797,0.401,0.607,68.353
268.480,27.363,0.382,0.607,68.370
268.500,29.543,0.358,0.607,68.336
268.520,31.295,0.338,0.607,68.246
268.540,32.602,0.313,0.607,68.112
268.560,33.428,0.283,0.607,67.941
268.580,33.773,0.245,0.607,67.742
268.600,33.639,0.216,0.607,67.528
268.620,32.988,0.179,0.607,67.310
268.640,31.887,0.146,0.607,67.103
268.660,30.316,0.109,0.607,66.919
268.680,28.307,0.068,0.607,66.768
268.700,25.881,0.040,0.607,66.662
268.720,23.062,0.002,0.607,66.603
268.740,19.916,-0.024,0.607,66.603
268.760,16.488,-0.054,0.607,66.651
268.780,12.809,-0.082,0.607,66.755
268.800,8.953,-0.108,0.607,66.905
268.820,4.980,-0.128,0.607,67.100
268.840,0.920,-0.145,0.607,67.322
268.860,-3.146,-0.153,0.607,67.567
268.880,-7.172,-0.166,0.607,67.811
268.900,-11.104,-0.168,0.607,68.053
268.920,-14.830,-0.169,0.607,68.269
268.940,-18.375,-0.161,0.607,68.457
268.960,-21.645,-0.154,0.607,68.599
268.980,-24.562,-0.141,0.607,68.692
269.000,-27.141,-0.123,0.607,68.729
269.020,-29.320,-0.102,0.607,68.711
269.040,-31.061,-0.079,0.607,68.639
269.060,-32.332,-0.051,0.607,68.519
269.080,-33.129,-0.024,0.607,68.361
269.100,-33.410,0.009,0.607,68.174
269.120,-33.258,0.039,0.607,67.970
269.140,-32.613,0.075,0.607,67.762
269.160,-31.465,0.110,0.607,67.563
269.180,-29.859,0.149,0.607,67.386
269.200,-27.803,0.186,0.607,67.240
269.220,-25.330,0.215,0.607,67.139
269.240,-22.482,0.253,0.607,67.080
269.260,-19.295,0.275,0.607,67.080
269.280,-15.850,0.317,0.607,67.123
269.300,-12.152,0.335,0.607,67.226
269.320,-8.262,0.361,0.607,67.363
269.340,-4.230,0.379,0.607,67.547
269.360,-0.164,0.402,0.607,67.749
269.380,3.885,0.409,0.607,67.976
269.400,7.904,0.419,0.607,68.196
269.420,11.812,0.418,0.607,68.410
269.440,15.545,0.423,0.607,68.596
269.460,19.061,0.411,0.607,68.752
269.480,22.283,0.408,0.607,68.857
269.500,25.213,0.389,0.607,68.914
269.520,27.727,0.374,0.607,68.912
269.540,29.842,0.351,0.607,68.854
269.560,31.529,0.328,0.607,68.742
269.580,32.760,0.298,0.607,68.582
269.600,33.516,0.269,0.607,68.385
269.620,33.785,0.237,0.607,68.158
269.640,33.574,0.208,0.607,67.917
269.660,32.859,0.169,0.607,67.672
269.680,31.682,0.133,0.607,67.438
269.700,30.047,0.099,0.607,67.226
269.720,27.979,0.058,0.607,67.047
269.740,25.482,0.034,0.607,66.913
269.760,22.605,-0.009,0.607,66.822
269.780,19.418,-0.029,0.607,66.790
269.800,15.943,-0.067,0.607,66.806
269.820,12.240,-0.086,0.607,66.880
269.840,8.367,-0.114,0.607,66.991
269.860,4.371,-0.132,0.607,67.147
269.880,0.311,-0.147,0.607,67.326
269.900,-3.756,-0.157,0.607,67.525
269.920,-7.775,-0.165,0.607,67.723
269.940,-11.684,-0.169,0.607,67.916
269.960,-15.393,-0.166,0.607,68.084
269.980,-18.891,-0.166,0.607,68.219
270.000,-22.102,-0.152,0.607,68.312
270.020,-25.002,-0.140,0.607,68.355
270.040,-27.510,-0.116,0.607,68.344
270.060,-29.619,-0.101,0.607,68.279
270.080,-31.301,-0.072,0.607,68.163
270.100,-32.496,-0.051,0.607,68.004
270.120,-33.211,-0.015,0.607,67.809
270.140,-33.445,0.016,0.607,67.590
270.160,-33.205,0.050,0.607,67.356
270.180,-32.490,0.084,0.607,67.124
270.200,-31.266,0.117,0.607,66.906
270.220,-29.602,0.157,0.607,66.713
270.240,-27.469,0.183,0.607,66.556
270.260,-24.949,0.224,0.607,66.444
270.280,-22.061,0.257,0.601,66.385
270.300,-18.814,0.289,0.601,66.380
270.320,-15.334,0.315,0.601,66.430
270.340,-11.584,0.348,0.601,66.530
270.360,-7.682,0.367,0.601,66.680
270.380,-3.674,0.389,0.601,66.870
270.400,0.416,0.399,0.601,67.321
270.420,4.477,0.421,0.601,67.321
270.440,8.467,0.422,0.601,67.559
270.460,12.363,0.425,0.601,67.787
270.480,16.072,0.426,0.601,67.991
270.500,19.553,0.420,0.601,68.164
270.520,22.746,0.411,0.601,68.292
270.540,25.600,0.394,0.601,68.370
270.560,28.055,0.377,0.601,68.394
270.580,30.117,0.356,0.601,68.363
270.600,31.746,0.328,0.601,68.281
270.620,32.906,0.306,0.601,68.153
270.640,33.598,0.267,0.601,67.990
270.660,33.791,0.243,0.601,67.801
270.680,33.510,0.203,0.601,67.599
270.700,32.713,0.169,0.601,67.396
270.720,31.471,0.129,0.601,67.207
270.740,29.748,0.100,0.601,67.042
270.760,27.633,0.060,0.601,66.912
270.780,25.072,0.031,0.601,66.828
270.800,22.143,-0.009,0.601,66.791
270.820,18.926,-0.033,0.601,66.810
270.840,15.393,-0.070,0.601,66.881
270.860,11.660,-0.086,0.601,67.003
270.880,7.746,-0.115,0.601,67.167
270.900,3.750,-0.127,0.601,67.370
270.920,-0.316,-0.145,0.601,67.595
270.940,-4.383,-0.156,0.601,67.834
270.960,-8.396,-0.162,0.601,68.070
270.980,-12.252,-0.163,0.601,68.294
271.000,-15.943,-0.162,0.601,68.490
271.020,-19.406,-0.157,0.601,68.649
271.040,-22.559,-0.144,0.601,68.762
271.060,-25.377,-0.135,0.601,68.820
271.080,-27.844,-0.114,0.601,68.822
271.100,-29.912,-0.092,0.601,68.769
271.120,-31.523,-0.066,0.601,68.663
271.140,-32.625,-0.038,0.601,68.511
271.160,-33.252,-0.009,0.601,68.320
271.180,-33.445,0.022,0.601,68.104
271.200,-33.141,0.054,0.601,67.875
271.220,-32.332,0.090,0.601,67.646
271.240,-31.061,0.121,0.601,67.430
271.260,-29.279,0.166,0.601,67.238
271.280,-27.088,0.195,0.601,67.083
271.300,-24.521,0.235,0.601,66.970
271.320,-21.574,0.264,0.601,66.907
271.340,-18.299,0.295,0.601,66.896
271.360,-14.777,0.323,0.601,66.938
271.380,-10.986,0.348,0.601,67.029
271.400,-7.072,0.369,0.601,67.164
271.420,-3.029,0.391,0.601,67.333
271.440,1.061,0.402,0.601,67.526
271.460,5.121,0.416,0.601,67.732
271.480,9.094,0.422,0.601,67.939
271.500,12.949,0.422,0.601,68.132
271.520,16.623,0.423,0.601,68.296
271.540,20.045,0.414,0.601,68.426
271.560,23.191,0.409,0.601,68.510
271.580,25.986,0.388,0.601,68.545
271.600,28.395,0.371,0.601,68.522
271.620,30.398,0.347,0.601,68.446
271.640,31.957,0.323,0.601,68.318
271.660,33.041,0.293,0.601,68.149
271.680,33.656,0.261,0.601,67.945
271.700,33.785,0.231,0.601,67.718
271.720,33.422,0.195,0.601,67.480
271.740,32.561,0.161,0.601,67.246
271.760,31.242,0.128,0.601,67.026
271.780,29.461,0.085,0.601,66.835
271.800,27.275,0.056,0.601,66.682
271.820,24.656,0.016,0.601,66.575
271.840,21.674,-0.009,0.598,66.519
271.860,18.398,-0.045,0.598,66.518
271.880,14.848,-0.069,0.598,66.572
271.900,11.104,-0.099,0.598,66.676
271.920,7.172,-0.118,0.598,66.826
271.940,3.146,-0.136,0.598,67.014
271.960,-0.902,-0.154,0.598,67.225
271.980,-4.957,-0.164,0.598,67.453
272.000,-8.947,-0.167,0.598,67.679
272.020,-12.797,-0.166,0.598,67.894
272.040,-16.459,-0.176,0.605,68.079
272.060,-19.863,-0.150,0.605,68.237
272.080,-22.998,-0.162,0.605,68.338
272.100,-25.758,-0.128,0.605,68.400
272.120,-28.160,-0.126,0.605,68.399
272.140,-30.152,-0.107,0.605,68.352
272.160,-31.705,-0.055,0.605,68.256
272.180,-32.771,-0.078,0.605,68.108
272.200,-33.305,0.020,0.605,67.940
272.220,-33.393,-0.028,0.605,67.735
272.240,-33.012,0.106,0.605,67.534
272.260,-32.168,0.041,0.605,67.325
272.280,-30.797,0.182,0.605,67.136
272.300,-28.992,0.111,0.605,66.979
272.320,-26.713,0.255,0.605,66.849
272.340,-24.100,0.185,0.605,66.784
272.360,-21.076,0.315,0.604,66.747
272.380,-17.789,0.253,0.604,66.791
272.400,-14.227,0.376,0.604,66.857
272.420,-10.412,0.306,0.604,67.010
272.440,-6.451,0.419,0.604,67.166
272.460,-2.408,0.355,0.604,67.397
272.480,1.652,0.440,0.616,67.611
272.500,5.713,0.389,0.616,67.871
272.520,9.680,0.447,0.624,68.098
272.540,13.518,0.406,0.624,68.335
272.560,17.156,0.436,0.624,68.524
272.580,20.531,0.402,0.624,68.688
272.600,23.637,0.410,0.624,68.792
272.620,26.379,0.385,0.624,68.849
272.640,28.729,0.367,0.624,68.847
272.660,30.650,0.348,0.624,68.789
272.680,32.150,0.315,0.624,68.683
272.700,33.164,0.298,0.624,68.528
272.720,33.703,0.245,0.624,68.343
272.740,33.738,0.243,0.624,68.129
272.760,33.322,0.172,0.624,67.911
272.780,32.391,0.174,0.624,67.692
272.800,31.002,0.099,0.624,67.489
272.820,29.156,0.099,0.624,67.315
272.840,26.900,0.030,0.624,67.175
272.860,24.229,0.031,0.624,67.086
272.880,21.187,-0.033,0.624,67.040
272.900,17.871,-0.032,0.624,67.054
272.920,14.279,-0.091,0.624,67.112
272.940,10.494,-0.088,0.624,67.227
272.960,6.551,-0.133,0.624,67.374
272.980,2.525,-0.127,0.624,67.562
273.000,-1.559,-0.162,0.624,67.763
273.020,-5.613,-0.154,0.624,67.982
273.040,-9.586,-0.176,0.624,68.186
273.060,-13.400,-0.156,0.624,68.383
273.080,-17.010,-0.174,0.624,68.540
273.100,-20.396,-0.145,0.624,68.668
273.120,-23.473,-0.152,0.624,68.737
273.140,-26.186,-0.120,0.624,68.762
273.160,-28.512,-0.113,0.624,68.724
273.180,-30.457,-0.083,0.624,68.636
273.200,-31.887,-0.061,0.624,68.497
273.220,-32.918,-0.038,0.624,68.315
273.240,-33.369,0.008,0.624,68.104
273.260,-33.410,0.022,0.624,67.868
273.280,-32.959,0.079,0.624,67.627
273.300,-32.004,0.087,0.624,67.389
273.320,-30.580,0.150,0.624,67.170
273.340,-28.693,0.159,0.624,66.982
273.360,-26.396,0.215,0.624,66.830
273.380,-23.695,0.231,0.624,66.729
273.400,-20.613,0.281,0.624,66.675
273.420,-17.273,0.301,0.624,66.682
273.440,-13.670,0.340,0.624,66.736
273.460,-9.838,0.349,0.624,66.846
273.480,-5.871,0.387,0.624,66.990
273.500,-1.799,0.390,0.624,67.176
273.520,2.256,0.423,0.624,67.377
273.540,6.316,0.416,0.624,67.597
273.560,10.248,0.432,0.624,67.806
273.580,14.080,0.421,0.624,68.005
273.600,17.678,0.429,0.624,68.169
273.620,21.012,0.410,0.624,68.300
273.640,24.082,0.410,0.624,68.382
273.660,26.754,0.381,0.624,68.417
273.680,29.039,0.373,0.624,68.392
273.700,30.908,0.338,0.624,68.319
273.720,32.332,0.326,0.624,68.193
273.740,33.275,0.282,0.624,68.032
273.760,33.738,0.265,0.624,67.837
273.780,33.715,0.221,0.624,67.626
273.800,33.199,0.196,0.624,67.407
273.820,32.203,0.148,0.624,67.195
273.840,30.744,0.123,0.624,67.002
273.860,28.834,0.074,0.624,66.840
273.880,26.525,0.054,0.624,66.720
273.900,23.795,0.008,0.624,66.646
273.920,20.736,-0.016,0.624,66.626
273.940,17.367,-0.054,0.624,66.659
273.960,13.729,-0.073,0.624,66.747
273.980,9.926,-0.105,0.624,66.880
274.000,5.965,-0.118,0.624,67.060
274.020,1.934,-0.140,0.624,67.267
274.040,-2.139,-0.152,0.624,67.498
274.060,-6.187,-0.162,0.624,67.737
274.080,-10.154,-0.169,0.624,67.970
274.100,-13.939,-0.166,0.624,68.187
274.120,-17.508,-0.162,0.624,68.372
274.140,-20.848,-0.154,0.624,68.518
274.160,-23.883,-0.141,0.624,68.612
274.180,-26.549,-0.124,0.624,68.653
274.200,-28.828,-0.109,0.624,68.638
274.220,-30.680,-0.082,0.624,68.452
274.240,-32.062,-0.062,0.624,68.452
274.260,-32.988,-0.025,0.624,68.293
274.280,-33.369,-0.007,0.624,68.101
274.300,-33.369,0.037,0.624,67.892
274.320,-32.807,0.059,0.624,67.674
274.340,-31.781,0.107,0.624,67.462
274.360,-30.305,0.130,0.624,67.269
274.380,-28.342,0.177,0.624,66.981
274.400,-25.980,0.201,0.624,66.981
274.420,-23.250,0.247,0.624,66.900
274.440,-20.104,0.267,0.624,66.874
274.460,-16.711,0.310,0.624,66.896
274.480,-13.072,0.326,0.624,66.974
274.500,-9.229,0.357,0.624,67.094
274.520,-5.256,0.376,0.624,67.255
274.540,-1.189,0.395,0.624,67.446
274.560,2.895,0.411,0.624,67.656
274.580,6.920,0.418,0.624,67.872
274.600,10.840,0.422,0.624,68.078
274.620,14.643,0.424,0.624,68.269
274.640,18.211,0.418,0.624,68.420
274.660,21.510,0.411,0.624,68.538
274.680,24.521,0.396,0.624,68.598
274.700,27.135,0.378,0.624,68.611
274.720,29.361,0.356,0.624,68.567
274.740,31.148,0.335,0.624,68.459
274.760,32.508,0.310,0.624,68.321
274.780,33.381,0.278,0.624,68.121
274.800,33.773,0.252,0.624,67.910
274.820,33.668,0.215,0.624,67.662
274.840,33.088,0.179,0.624,67.421
274.860,32.016,0.145,0.624,67.179
274.880,30.469,0.104,0.624,66.960
274.900,28.518,0.070,0.624,66.777
274.920,26.127,0.037,0.624,66.625
274.940,23.344,0.002,0.624,66.536
274.960,20.238,-0.025,0.624,66.479
274.980,16.840,-0.058,0.624,66.502
275.000,13.160,-0.083,0.624,66.546
275.020,9.334,-0.102,0.624,66.672
275.040,5.367,-0.127,0.624,66.802
275.060,1.312,-0.147,0.624,66.997
275.080,-2.742,-0.155,0.624,67.184
275.100,-6.779,-0.167,0.624,67.403
275.120,-10.711,-0.169,0.624,67.595
275.140,-14.490,-0.168,0.624,67.784
275.160,-18.035,-0.163,0.624,67.928
275.180,-21.340,-0.156,0.624,68.043
275.200,-24.305,-0.147,0.624,68.104
275.220,-26.895,-0.125,0.624,68.117
275.240,-29.139,-0.110,0.624,68.074
275.260,-30.932,-0.077,0.624,67.980
275.280,-32.244,-0.062,0.624,67.840
275.300,-33.088,-0.021,0.624,67.659
275.320,-33.404,-0.001,0.624,67.454
275.340,-33.328,0.041,0.624,67.229
275.360,-32.736,0.067,0.624,67.005
275.380,-31.646,0.109,0.624,66.787
275.400,-30.059,0.141,0.624,66.593
275.420,-28.025,0.179,0.624,66.434
275.440,-25.629,0.216,0.624,66.314
275.460,-22.816,0.251,0.624,66.250
275.480,-19.670,0.280,0.624,66.233
275.500,-16.230,0.311,0.624,66.279
275.520,-12.527,0.333,0.624,66.370
275.540,-8.672,0.368,0.624,66.516
275.560,-4.670,0.381,0.624,66.698
275.580,-0.592,0.400,0.624,66.917
275.600,3.475,0.416,0.624,67.148
275.620,7.512,0.424,0.624,67.396
275.640,11.414,0.426,0.624,67.626
275.660,15.182,0.427,0.624,67.846
275.680,18.721,0.423,0.624,68.024
275.700,21.967,0.413,0.624,68.258
275.720,24.932,0.398,0.624,68.258
275.740,27.486,0.380,0.624,68.298
275.760,29.654,0.360,0.624,68.278
275.780,31.383,0.338,0.624,68.209
275.800,32.666,0.309,0.624,68.094
275.820,33.475,0.277,0.624,67.935
275.840,33.779,0.249,0.624,67.751
275.860,33.615,0.212,0.624,67.547
275.880,32.959,0.182,0.624,67.343
275.900,31.811,0.141,0.624,67.146
275.920,30.193,0.110,0.624,66.970
275.940,28.184,0.066,0.624,66.828
275.960,25.740,0.041,0.624,66.727
275.980,22.904,0.005,0.624,66.675
276.000,19.752,-0.022,0.624,66.673
276.020,16.295,-0.062,0.624,66.726
276.040,12.580,-0.077,0.624,66.828
276.060,8.742,-0.113,0.624,66.978
276.080,4.752,-0.120,0.624,67.164
276.100,0.697,-0.144,0.624,67.381
276.120,-3.375,-0.151,0.624,67.609
276.140,-7.406,-0.162,0.624,67.843
276.160,-11.309,-0.163,0.624,68.062
276.180,-15.047,-0.159,0.624,68.262
276.200,-18.562,-0.160,0.624,68.420
276.220,-21.826,-0.146,0.624,68.542
276.240,-24.727,-0.138,0.624,68.604
276.260,-27.275,-0.118,0.624,68.619
276.280,-29.437,-0.100,0.624,68.570
276.300,-31.148,-0.071,0.624,68.474
276.320,-32.408,-0.047,0.624,68.323
276.340,-33.176,-0.012,0.624,68.139
276.360,-33.439,0.009,0.624,67.921
276.380,-33.252,0.049,0.624,67.691
276.400,-32.572,0.076,0.624,67.455
276.420,-31.430,0.120,0.624,67.229
276.440,-29.771,0.146,0.624,67.025
276.460,-27.686,0.190,0.624,66.853
276.480,-25.207,0.218,0.624,66.725
276.500,-22.336,0.261,0.624,66.642
276.520,-19.137,0.280,0.624,66.615
276.540,-15.662,0.319,0.624,66.636
276.560,-11.959,0.333,0.624,66.713
276.580,-8.045,0.367,0.624,66.827
276.600,-4.031,0.381,0.624,66.984
276.620,0.018,0.406,0.624,67.166
276.640,4.096,0.415,0.624,67.369
276.660,8.104,0.420,0.624,67.575
276.680,12.006,0.423,0.624,67.937
276.700,15.738,0.423,0.624,67.937
276.720,19.230,0.421,0.624,68.074
276.740,22.441,0.410,0.624,68.169
276.760,25.342,0.393,0.624,68.212
276.780,27.838,0.376,0.624,68.203
276.800,29.947,0.355,0.624,68.139
276.820,31.605,0.327,0.624,68.026
276.840,32.818,0.303,0.624,67.864
276.860,33.557,0.269,0.624,67.671
276.880,33.785,0.244,0.624,67.447
276.900,33.551,0.203,0.624,67.214
276.920,32.812,0.174,0.624,66.978
276.940,31.605,0.132,0.624,66.755
276.960,29.912,0.100,0.624,66.557
276.980,27.861,0.063,0.624,66.393
277.000,25.354,0.029,0.624,66.276
277.020,22.447,-0.000,0.624,66.206
277.040,19.248,-0.037,0.624,66.193
277.060,15.750,-0.062,0.624,66.233
277.080,12.041,-0.093,0.624,66.327
277.100,8.162,-0.112,0.624,66.469
277.120,4.160,-0.133,0.624,66.649
277.140,0.100,-0.145,0.624,66.860
277.160,-3.967,-0.162,0.624,67.086
277.180,-7.980,-0.164,0.624,67.317
277.200,-11.871,-0.174,0.624,67.538
277.220,-15.562,-0.166,0.624,67.740
277.240,-19.055,-0.170,0.624,67.906
277.260,-22.266,-0.148,0.624,68.032
277.280,-25.119,-0.151,0.624,68.103
277.300,-27.598,-0.109,0.624,68.127
277.320,-29.713,-0.111,0.624,68.088
277.340,-31.342,-0.066,0.624,68.008
277.360,-32.549,-0.058,0.624,67.875
277.380,-33.211,-0.008,0.624,67.713
277.400,-33.428,0.001,0.624,67.520
277.420,-33.176,0.054,0.624,67.318
277.440,-32.414,0.073,0.624,67.113
277.460,-31.189,0.119,0.624,66.922
277.480,-29.473,0.150,0.624,66.756
277.500,-27.328,0.186,0.624,66.624
277.520,-24.791,0.229,0.612,66.538
277.540,-21.855,0.245,0.612,66.502
277.560,-18.621,0.301,0.608,66.516
277.580,-15.111,0.302,0.608,66.591
277.600,-11.385,0.359,0.608,66.704
277.620,-7.471,0.354,0.608,66.877
277.640,-3.410,0.404,0.608,67.311
277.660,0.656,0.387,0.608,67.311
277.680,4.717,0.430,0.608,67.547
277.700,8.689,0.406,0.608,67.799
277.720,12.586,0.439,0.616,68.021
277.740,16.271,0.406,0.616,68.234
277.760,19.729,0.427,0.616,68.393
277.780,22.893,0.392,0.616,68.523
277.800,25.734,0.405,0.616,68.585
277.820,28.178,0.363,0.616,68.605
277.840,30.229,0.360,0.616,68.555
277.860,31.816,0.316,0.616,68.465
277.880,32.959,0.304,0.616,68.317
277.900,33.615,0.261,0.616,68.141
277.920,33.791,0.239,0.616,67.932
277.940,33.475,0.196,0.616,67.712
277.960,32.654,0.166,0.616,67.490
277.980,31.389,0.128,0.616,67.281
278.000,29.637,0.092,0.616,67.096
278.020,27.504,0.058,0.616,66.946
278.040,24.926,0.020,0.614,66.839
278.060,21.961,-0.006,0.614,66.782
278.080,18.732,-0.042,0.614,66.776
278.100,15.199,-0.065,0.614,66.823
278.120,11.455,-0.096,0.614,66.920
278.140,7.547,-0.110,0.614,67.059
278.160,3.539,-0.136,0.614,67.231
278.180,-0.533,-0.147,0.614,67.432
278.200,-4.594,-0.158,0.614,67.644
278.220,-8.596,-0.162,0.614,67.854
278.240,-12.463,-0.171,0.614,68.049
278.260,-16.119,-0.159,0.614,68.223
278.280,-19.570,-0.164,0.614,68.353
278.300,-22.758,-0.141,0.614,68.443
278.320,-25.541,-0.143,0.614,68.473
278.340,-27.996,-0.104,0.614,68.457
278.360,-30.018,-0.096,0.614,68.379
278.380,-31.600,-0.059,0.614,68.254
278.400,-32.701,-0.044,0.614,68.080
278.420,-33.287,-0.006,0.614,67.877
278.440,-33.457,0.021,0.614,67.647
278.460,-33.111,0.058,0.614,67.408
278.480,-32.291,0.088,0.614,67.169
278.500,-30.996,0.127,0.614,66.946
278.520,-29.191,0.161,0.614,66.750
278.540,-27.006,0.199,0.614,66.590
278.560,-24.398,0.236,0.614,66.476
278.580,-21.428,0.261,0.614,66.413
278.600,-18.146,0.297,0.614,66.406
278.620,-14.578,0.321,0.614,66.449
278.640,-10.811,0.356,0.614,66.547
278.660,-6.891,0.370,0.614,66.689
278.680,-2.830,0.394,0.614,66.866
278.700,1.242,0.409,0.614,67.069
278.720,5.314,0.420,0.614,67.288
278.740,9.287,0.427,0.614,67.506
278.760,13.143,0.423,0.614,67.711
278.780,16.811,0.426,0.614,67.891
278.800,20.215,0.421,0.614,68.035
278.820,23.344,0.408,0.614,68.139
278.840,26.133,0.392,0.614,68.189
278.860,28.518,0.373,0.614,68.187
278.880,30.480,0.352,0.614,68.130
278.900,32.016,0.323,0.614,68.025
278.920,33.088,0.301,0.614,67.874
278.940,33.662,0.267,0.614,67.694
278.960,33.768,0.232,0.614,67.490
278.980,33.387,0.199,0.614,67.277
279.000,32.502,0.165,0.614,67.067
279.020,31.154,0.124,0.614,66.873
279.040,29.338,0.091,0.614,66.707
279.060,27.141,0.053,0.614,66.579
279.080,24.504,0.025,0.614,66.499
279.100,21.527,-0.011,0.614,66.467
279.120,18.240,-0.042,0.614,66.492
279.140,14.648,-0.069,0.614,66.567
279.160,10.881,-0.096,0.614,66.696
279.180,6.961,-0.114,0.614,66.867
279.200,2.936,-0.132,0.614,67.075
279.220,-1.131,-0.150,0.614,67.306
279.240,-5.180,-0.158,0.614,67.549
279.260,-9.158,-0.167,0.614,67.788
279.280,-13.025,-0.165,0.614,68.015
279.300,-16.652,-0.162,0.614,68.214
279.320,-20.062,-0.160,0.614,68.373
279.340,-23.180,-0.143,0.614,68.486
279.360,-25.910,-0.135,0.614,68.543
279.380,-28.301,-0.110,0.614,68.548
279.400,-30.258,-0.096,0.614,68.393
279.420,-31.775,-0.062,0.614,68.393
279.440,-32.818,-0.039,0.614,68.245
279.460,-33.316,-0.005,0.614,68.064
279.480,-33.410,0.023,0.614,67.858
279.500,-32.982,0.059,0.614,67.643
279.520,-32.109,0.091,0.614,67.430
279.540,-30.721,0.128,0.614,67.232
279.560,-28.857,0.166,0.614,67.060
279.580,-26.596,0.199,0.614,66.926
279.600,-23.941,0.238,0.614,66.836
279.620,-20.918,0.265,0.614,66.797
279.640,-17.596,0.298,0.614,66.809
279.660,-14.004,0.321,0.614,66.874
279.680,-10.201,0.352,0.614,66.984
279.700,-6.240,0.368,0.614,67.138
279.720,-2.197,0.392,0.614,67.320
279.740,1.875,0.403,0.614,67.529
279.760,5.936,0.414,0.614,67.742
279.780,9.873,0.419,0.614,67.956
279.800,13.711,0.423,0.614,68.148
279.820,17.344,0.418,0.614,68.317
279.840,20.707,0.411,0.614,68.439
279.860,23.795,0.397,0.614,68.522
279.880,26.514,0.385,0.614,68.538
279.900,28.840,0.364,0.614,68.510
279.920,30.750,0.345,0.614,68.419
279.940,32.221,0.311,0.614,68.285
279.960,33.205,0.286,0.614,68.100
279.980,33.709,0.254,0.614,67.889
280.000,33.727,0.224,0.614,67.651
280.020,33.281,0.189,0.614,67.408
280.040,32.326,0.151,0.614,67.167
280.060,30.914,0.120,0.614,66.943
280.080,29.039,0.079,0.614,66.748
280.100,26.766,0.047,0.614,66.592
280.120,24.076,0.012,0.614,66.480
280.140,21.047,-0.022,0.614,66.425
280.160,17.701,-0.052,0.614,66.417
280.180,14.080,-0.076,0.614,66.471
280.200,10.307,-0.106,0.614,66.563
280.220,6.357,-0.121,0.614,66.714
280.240,2.338,-0.143,0.614,66.880
280.260,-1.746,-0.152,0.614,67.087
280.280,-5.783,-0.163,0.614,67.287
280.300,-9.756,-0.171,0.614,67.500
280.320,-13.564,-0.170,0.614,67.683
280.340,-17.162,-0.169,0.614,67.852
280.360,-20.555,-0.155,0.614,67.972
280.380,-23.602,-0.150,0.614,68.056
280.400,-26.297,-0.136,0.614,68.080
280.420,-28.623,-0.111,0.614,68.060
280.440,-30.504,-0.090,0.614,67.978
280.460,-31.975,-0.059,0.614,67.855
280.480,-32.930,-0.033,0.614,67.685
280.500,-33.357,-0.004,0.614,67.489
280.520,-33.393,0.029,0.614,67.272
280.540,-32.918,0.061,0.614,67.050
280.560,-31.939,0.099,0.614,66.834
280.580,-30.498,0.134,0.614,66.638
280.600,-28.588,0.174,0.614,66.473
280.620,-26.268,0.204,0.614,66.349
280.640,-23.531,0.243,0.614,66.273
280.660,-20.473,0.271,0.614,66.251
280.680,-17.098,0.306,0.614,66.283
280.700,-13.500,0.330,0.614,66.371
280.720,-9.656,0.360,0.614,66.506
280.740,-5.660,0.378,0.614,66.688
280.760,-1.605,0.400,0.614,66.902
280.780,2.479,0.410,0.614,67.140
280.800,6.516,0.425,0.614,67.386
280.820,10.453,0.424,0.614,67.634
280.840,14.262,0.426,0.614,67.856
280.860,17.854,0.424,0.614,68.057
280.880,21.182,0.415,0.614,68.212
280.900,24.234,0.401,0.614,68.327
280.920,26.883,0.385,0.614,68.378
280.940,29.156,0.365,0.614,68.380
280.960,30.990,0.344,0.614,68.324
280.980,32.396,0.315,0.614,68.224
281.000,33.316,0.286,0.614,68.079
281.020,33.750,0.254,0.614,67.904
281.040,33.697,0.222,0.614,67.709
281.060,33.158,0.188,0.614,67.507
281.080,32.139,0.150,0.614,67.310
281.100,30.656,0.118,0.614,67.132
281.120,28.729,0.078,0.614,66.983
281.140,26.402,0.047,0.614,66.875
281.160,23.643,0.009,0.614,66.802
281.180,20.549,-0.015,0.614,66.802
281.200,17.180,-0.050,0.614,66.841
281.220,13.523,-0.072,0.614,66.936
281.240,9.703,-0.100,0.614,67.073
281.260,5.748,-0.118,0.614,67.253
281.280,1.705,-0.138,0.614,67.462
281.300,-2.367,-0.150,0.614,67.691
281.320,-6.387,-0.158,0.614,67.925
281.340,-10.365,-0.163,0.614,68.148
281.360,-14.145,-0.159,0.614,68.354
281.380,-17.707,-0.164,0.614,68.525
281.400,-21.041,-0.150,0.614,68.658
281.420,-24.041,-0.143,0.614,68.736
281.440,-26.689,-0.121,0.614,68.761
281.460,-28.957,-0.106,0.614,68.728
281.480,-30.768,-0.079,0.614,68.503
281.500,-32.127,-0.050,0.614,68.503
281.520,-33.023,-0.024,0.614,68.323
281.540,-33.404,0.003,0.614,68.111
281.560,-33.357,0.040,0.614,67.881
281.580,-32.795,0.069,0.614,67.643
281.600,-31.746,0.106,0.614,67.199
281.620,-30.187,0.141,0.614,67.199
281.640,-28.236,0.178,0.614,67.016
281.660,-25.857,0.210,0.614,66.873
281.680,-23.092,0.250,0.614,66.733
281.700,-19.963,0.276,0.614,66.733
281.720,-16.529,0.309,0.614,66.739
281.740,-12.908,0.333,0.614,66.799
281.760,-9.035,0.360,0.614,66.903
281.780,-5.033,0.376,0.614,67.220
281.800,-0.990,0.402,0.614,67.220
281.820,3.105,0.407,0.614,67.416
281.840,7.125,0.423,0.614,67.615
281.860,11.039,0.423,0.614,67.810
281.880,14.818,0.424,0.614,67.982
281.900,18.375,0.418,0.614,68.127
281.920,21.668,0.412,0.614,68.226
281.940,24.662,0.396,0.614,68.282
281.960,27.246,0.384,0.614,68.281
281.980,29.461,0.356,0.614,68.231
282.000,31.236,0.340,0.614,68.122
282.020,32.572,0.306,0.614,67.971
282.040,33.410,0.280,0.614,67.779
282.060,33.773,0.245,0.614,67.559
282.080,33.650,0.217,0.614,67.323
282.100,33.035,0.178,0.614,67.083
282.120,31.963,0.144,0.614,66.852
282.140,30.387,0.107,0.614,66.643
282.160,28.406,0.068,0.614,66.468
282.180,26.016,0.039,0.614,66.336
282.200,23.191,0.002,0.611,66.252
282.220,20.074,-0.031,0.611,66.222
282.240,16.652,-0.058,0.611,66.247
282.260,12.984,-0.085,0.611,66.327
282.280,9.141,-0.110,0.611,66.624
282.300,5.162,-0.125,0.611,66.624
282.320,1.125,-0.150,0.611,66.822
282.340,-2.965,-0.154,0.611,67.272
282.360,-6.979,-0.168,0.611,67.272
282.380,-10.945,-0.166,0.611,67.496
282.400,-14.660,-0.167,0.611,67.872
282.420,-18.199,-0.166,0.611,67.872
282.440,-21.492,-0.155,0.611,68.004
282.460,-24.434,-0.145,0.611,68.090
282.480,-27.023,-0.125,0.611,68.123
282.500,-29.227,-0.107,0.611,68.103
282.520,-31.014,-0.080,0.611,68.029
282.540,-32.297,-0.056,0.611,67.750
282.560,-33.094,-0.025,0.611,67.750
282.580,-33.398,0.004,0.611,67.565
282.600,-33.287,0.040,0.611,67.158
282.620,-32.654,0.072,0.611,67.158
282.640,-31.529,0.111,0.611,66.962
282.660,-29.924,0.144,0.611,66.789
282.680,-27.885,0.182,0.611,66.649
282.700,-25.436,0.217,0.611,66.552
282.720,-22.623,0.247,0.599,66.504
282.740,-19.453,0.282,0.599,66.509
282.760,-15.996,0.310,0.599,66.568
282.780,-12.311,0.339,0.599,66.679
282.800,-8.432,0.360,0.599,66.837
282.820,-4.430,0.382,0.599,67.034
282.840,-0.357,0.398,0.599,67.259
282.860,3.721,0.412,0.599,67.501
282.880,7.717,0.418,0.599,67.750
282.900,11.631,0.419,0.599,67.987
282.920,15.381,0.425,0.599,68.202
282.940,18.896,0.414,0.599,68.382
282.960,22.137,0.406,0.599,68.519
282.980,25.078,0.393,0.599,68.607
283.000,27.609,0.374,0.599,68.636
283.020,29.760,0.357,0.599,68.609
283.040,31.453,0.330,0.599,68.527
283.060,32.725,0.302,0.599,68.398
283.080,33.498,0.275,0.599,68.229
283.100,33.779,0.243,0.599,68.032
283.120,33.592,0.209,0.599,67.817
283.140,32.895,0.174,0.599,67.598
283.160,31.752,0.136,0.599,67.388
283.180,30.117,0.103,0.599,67.200
283.200,28.078,0.064,0.599,67.043
283.220,25.600,0.033,0.599,66.929
283.240,22.740,-0.003,0.599,66.862
283.260,19.564,-0.032,0.599,66.848
283.280,16.102,-0.059,0.599,66.886
283.300,12.393,-0.087,0.599,66.974
283.320,8.549,-0.105,0.599,67.108
283.340,4.553,-0.134,0.599,67.278
283.360,0.475,-0.143,0.599,67.478
283.380,-3.598,-0.159,0.599,67.692
283.400,-7.605,-0.160,0.599,67.908
283.420,-11.525,-0.169,0.599,68.111
283.440,-15.234,-0.162,0.599,68.294
283.460,-18.750,-0.163,0.599,68.439
283.480,-21.990,-0.150,0.599,68.541
283.500,-24.879,-0.140,0.599,68.592
283.520,-27.404,-0.119,0.599,68.589
283.540,-29.543,-0.096,0.599,68.530
283.560,-31.271,-0.074,0.599,68.418
283.580,-32.473,-0.046,0.599,68.259
283.600,-33.199,-0.017,0.599,68.063
283.620,-33.445,0.013,0.599,67.841
283.640,-33.240,0.044,0.599,67.605
283.660,-32.561,0.083,0.599,67.367
283.680,-31.359,0.118,0.599,67.141
283.700,-29.666,0.155,0.599,66.938
283.720,-27.586,0.187,0.599,66.771
283.740,-25.061,0.222,0.597,66.647
283.760,-22.201,0.259,0.597,66.572
283.780,-18.984,0.290,0.597,66.552
283.800,-15.504,0.319,0.597,66.585
283.820,-11.771,0.346,0.597,66.671
283.840,-7.857,0.366,0.597,66.802
283.860,-3.844,0.387,0.597,66.973
283.880,0.229,0.405,0.597,67.171
283.900,4.318,0.416,0.597,67.387
283.920,8.297,0.427,0.598,67.607
283.940,12.205,0.425,0.598,67.816
283.960,15.932,0.427,0.598,68.005
283.980,19.406,0.420,0.598,68.273
284.000,22.594,0.414,0.598,68.273
284.020,25.477,0.394,0.598,68.336
284.040,27.943,0.380,0.598,68.345
284.060,30.041,0.353,0.598,68.301
284.080,31.687,0.333,0.598,68.202
284.100,32.865,0.302,0.598,68.062
284.120,33.580,0.271,0.598,67.886
284.140,33.791,0.240,0.598,67.683
284.160,33.527,0.207,0.598,67.469
284.180,32.754,0.174,0.598,67.255
284.200,31.535,0.132,0.598,67.053
284.220,29.830,0.100,0.598,66.877
284.240,27.738,0.058,0.598,66.736
284.260,25.189,0.034,0.598,66.641
284.280,22.289,-0.009,0.598,66.593
284.300,19.066,-0.030,0.598,66.603
284.320,15.562,-0.067,0.598,66.663
284.340,11.830,-0.086,0.598,66.778
284.360,7.939,-0.112,0.598,66.934
284.380,3.932,-0.126,0.598,67.132
284.400,-0.123,-0.146,0.598,67.352
284.420,-4.184,-0.154,0.598,67.592
284.440,-8.186,-0.165,0.598,67.829
284.460,-12.082,-0.165,0.598,68.057
284.480,-15.750,-0.164,0.598,68.257
284.500,-19.236,-0.157,0.598,68.424
284.520,-22.412,-0.149,0.598,68.543
284.540,-25.260,-0.137,0.598,68.613
284.560,-27.744,-0.116,0.598,68.626
284.580,-29.801,-0.096,0.598,68.584
284.600,-31.430,-0.067,0.598,68.488
284.620,-32.584,-0.047,0.598,68.347
284.640,-33.229,-0.009,0.598,68.169
284.660,-33.439,0.016,0.598,67.965
284.680,-33.129,0.049,0.598,67.748
284.700,-32.355,0.084,0.598,67.530
284.720,-31.102,0.123,0.598,67.324
284.740,-29.367,0.155,0.598,67.142
284.760,-27.211,0.193,0.598,66.995
284.780,-24.627,0.227,0.598,66.892
284.800,-21.697,0.258,0.598,66.838
284.820,-18.445,0.289,0.598,66.836
284.840,-14.924,0.317,0.598,66.885
284.860,-11.168,0.342,0.598,66.985
284.880,-7.230,0.363,0.598,67.124
284.900,-3.223,0.389,0.598,67.302
284.920,0.867,0.399,0.598,67.503
284.940,4.922,0.415,0.598,67.717
284.960,8.900,0.417,0.598,67.931
284.980,12.779,0.423,0.598,68.128
285.000,16.465,0.421,0.598,68.439
285.020,19.898,0.413,0.598,68.439
285.040,23.051,0.404,0.598,68.530
285.060,25.881,0.388,0.598,68.568
285.080,28.301,0.369,0.598,68.551
285.100,30.311,0.347,0.598,68.478
285.120,31.898,0.323,0.598,68.353
285.140,33.006,0.290,0.598,68.185
285.160,33.639,0.265,0.598,67.980
285.180,33.785,0.229,0.598,67.750
285.200,33.439,0.203,0.598,67.509
285.220,32.596,0.155,0.598,67.269
285.240,31.318,0.128,0.598,67.043
285.260,29.537,0.085,0.598,66.843
285.280,27.381,0.055,0.598,66.681
285.300,24.779,0.016,0.597,66.562
285.320,21.820,-0.011,0.595,66.496
285.340,18.568,-0.047,0.595,66.482
285.360,15.023,-0.067,0.595,66.525
285.380,11.268,-0.099,0.595,66.614
285.400,7.348,-0.114,0.595,66.752
285.420,3.340,-0.139,0.595,66.922
285.440,-0.727,-0.150,0.595,67.122
285.460,-4.775,-0.167,0.595,67.333
285.480,-8.795,-0.170,0.596,67.750
285.500,-12.627,-0.170,0.596,67.750
285.520,-16.295,-0.170,0.597,67.924
285.540,-19.729,-0.160,0.597,68.066
285.560,-22.857,-0.152,0.597,68.160
285.580,-25.658,-0.133,0.597,68.205
285.600,-28.084,-0.118,0.597,68.197
285.620,-30.094,-0.092,0.597,68.136
285.640,-31.664,-0.071,0.597,68.024
285.660,-32.725,-0.038,0.597,67.872
285.680,-33.311,-0.013,0.597,67.685
285.700,-33.439,0.025,0.597,67.476
285.720,-33.088,0.054,0.597,67.257
285.740,-32.244,0.094,0.597,67.042
285.760,-30.885,0.123,0.597,66.843
285.780,-29.098,0.163,0.597,66.673
285.800,-26.859,0.196,0.597,66.540
285.820,-24.258,0.234,0.597,66.455
285.840,-21.258,0.266,0.597,66.422
285.860,-17.947,0.296,0.597,66.443
285.880,-14.402,0.324,0.597,66.644
285.900,-10.600,0.351,0.597,66.644
285.920,-6.662,0.372,0.597,66.819
285.940,-2.625,0.392,0.597,67.025
285.960,1.465,0.406,0.597,67.260
285.980,5.520,0.418,0.597,67.503
286.000,9.492,0.424,0.597,67.750
286.020,13.342,0.425,0.597,67.979
286.040,16.992,0.427,0.597,68.185
286.060,20.379,0.412,0.597,68.354
286.080,23.508,0.406,0.597,68.474
286.100,26.262,0.386,0.597,68.542
286.120,28.623,0.373,0.597,68.552
286.140,30.574,0.348,0.597,68.511
286.160,32.086,0.322,0.597,68.417
286.180,33.129,0.291,0.597,68.108
286.200,33.686,0.265,0.597,68.108
286.220,33.756,0.226,0.597,67.914
286.240,33.346,0.199,0.597,67.708
286.260,32.432,0.157,0.597,67.505
286.280,31.078,0.128,0.597,67.317
286.300,29.244,0.083,0.597,67.156
286.320,27.023,0.056,0.597,67.033
286.340,24.352,0.020,0.597,66.955
286.360,21.346,-0.013,0.597,66.927
286.380,18.041,-0.041,0.597,66.952
286.400,14.455,-0.070,0.597,67.029
286.420,10.676,-0.092,0.597,67.153
286.440,6.756,-0.117,0.597,67.318
286.460,2.701,-0.131,0.597,67.518
286.480,-1.359,-0.150,0.597,67.737
286.500,-5.402,-0.156,0.597,67.970
286.520,-9.387,-0.160,0.597,68.194
286.540,-13.213,-0.160,0.597,68.400
286.560,-16.834,-0.160,0.597,68.576
286.580,-20.244,-0.151,0.597,68.715
286.600,-23.332,-0.143,0.597,68.801
286.620,-26.051,-0.127,0.597,68.837
286.640,-28.412,-0.108,0.597,68.813
286.660,-30.369,-0.087,0.597,68.736
286.680,-31.863,-0.058,0.597,68.608
286.700,-32.871,-0.038,0.597,68.433
286.720,-33.346,0.002,0.597,68.227
286.740,-33.404,0.031,0.597,67.997
286.760,-32.988,0.066,0.597,67.758
286.780,-32.057,0.096,0.597,67.521
286.800,-30.650,0.132,0.597,67.301
286.820,-28.781,0.173,0.597,67.109
286.840,-26.484,0.204,0.597,66.955
286.860,-23.830,0.240,0.597,66.847
286.880,-20.760,0.268,0.597,66.788
286.900,-17.408,0.302,0.597,66.783
286.920,-13.840,0.325,0.597,66.829
286.940,-9.990,0.356,0.597,66.923
286.960,-6.047,0.375,0.597,67.059
286.980,-2.004,0.399,0.597,67.229
287.000,2.092,0.404,0.597,67.422
287.020,6.129,0.422,0.597,67.622
287.040,10.078,0.422,0.597,67.822
287.060,13.922,0.427,0.598,68.003
287.080,17.525,0.423,0.598,68.158
287.100,20.859,0.415,0.598,68.274
287.120,23.953,0.400,0.598,68.345
287.140,26.637,0.388,0.598,68.361
287.160,28.957,0.363,0.598,68.325
287.180,30.832,0.340,0.598,68.232
287.200,32.279,0.313,0.598,68.094
287.220,33.234,0.286,0.598,67.703
287.240,33.727,0.254,0.598,67.703
287.260,33.715,0.224,0.598,67.474
287.280,33.252,0.188,0.598,67.238
287.300,32.262,0.152,0.598,67.008
287.320,30.832,0.116,0.598,66.797
287.340,28.939,0.075,0.598,66.617
287.360,26.631,0.049,0.598,66.478
287.380,23.930,0.009,0.598,66.386
287.400,20.877,-0.018,0.598,66.348
287.420,17.531,-0.051,0.598,66.363
287.440,13.916,-0.080,0.598,66.434
287.460,10.102,-0.102,0.598,66.554
287.480,6.164,-0.125,0.598,66.720
287.500,2.127,-0.141,0.598,66.919
287.520,-1.934,-0.155,0.598,67.142
287.540,-5.982,-0.163,0.598,67.375
287.560,-9.967,-0.169,0.598,67.605
287.580,-13.734,-0.167,0.598,67.820
287.600,-17.355,-0.167,0.598,68.005
287.620,-20.707,-0.156,0.598,68.154
287.640,-23.748,-0.150,0.598,68.254
287.660,-26.432,-0.131,0.598,68.305
287.680,-28.711,-0.112,0.598,68.300
287.700,-30.586,-0.083,0.598,68.243
287.720,-32.004,-0.060,0.598,68.133
287.740,-32.953,-0.031,0.598,67.986
287.760,-33.369,-0.004,0.598,67.806
287.780,-33.352,0.033,0.598,67.610
287.800,-32.848,0.062,0.598,67.405
287.820,-31.857,0.100,0.598,67.207
287.840,-30.369,0.133,0.598,67.028
287.860,-28.441,0.174,0.598,66.879
287.880,-26.086,0.203,0.598,66.772
287.900,-23.355,0.244,0.598,66.710
287.920,-20.256,0.269,0.598,66.704
287.940,-16.869,0.307,0.598,66.746
287.960,-13.260,0.328,0.598,66.846
287.980,-9.422,0.360,0.598,66.989
288.000,-5.432,0.375,0.598,67.179
288.020,-1.365,0.396,0.598,67.395
288.040,2.701,0.407,0.598,67.636
288.060,6.744,0.418,0.598,67.881
288.080,10.664,0.422,0.598,68.120
288.100,14.473,0.426,0.598,68.341
288.120,18.059,0.414,0.598,68.529
288.140,21.346,0.410,0.598,68.673
288.160,24.387,0.397,0.598,68.767
288.180,27.012,0.378,0.598,68.807
288.200,29.256,0.362,0.598,68.788
288.220,31.072,0.336,0.598,68.718
288.240,32.443,0.313,0.598,68.594
288.260,33.346,0.282,0.598,68.432
288.280,33.744,0.252,0.598,68.235
288.300,33.686,0.215,0.598,68.019
288.320,33.123,0.184,0.598,67.795
288.340,32.080,0.145,0.598,67.578
288.360,30.568,0.113,0.598,67.379
288.380,28.629,0.069,0.598,67.210
288.400,26.244,0.045,0.598,67.081
288.420,23.479,0.003,0.598,66.998
288.440,20.391,-0.021,0.598,66.968
288.460,17.004,-0.057,0.598,66.988
288.480,13.342,-0.078,0.598,67.062
288.500,9.510,-0.101,0.598,67.179
288.520,5.549,-0.123,0.598,67.336
288.540,1.494,-0.141,0.598,67.524
288.560,-2.578,-0.155,0.598,67.730
288.580,-6.627,-0.164,0.598,67.943
288.600,-10.576,-0.165,0.598,68.149
288.620,-14.338,-0.168,0.598,68.334
288.640,-17.900,-0.161,0.598,68.485
288.660,-21.187,-0.157,0.598,68.596
288.680,-24.193,-0.142,0.598,68.657
288.700,-26.824,-0.127,0.598,68.665
288.720,-29.074,-0.104,0.598,68.618
288.740,-30.891,-0.077,0.598,68.516
288.760,-32.203,-0.053,0.598,68.364
288.780,-33.088,-0.025,0.598,68.174
288.800,-33.422,0.006,0.598,67.954
288.820,-33.346,0.039,0.598,67.718
288.840,-32.789,0.069,0.598,67.477
288.860,-31.699,0.111,0.598,67.245
288.880,-30.158,0.148,0.598,67.033
288.900,-28.148,0.181,0.598,66.854
288.920,-25.752,0.213,0.598,66.717
288.940,-22.969,0.251,0.598,66.628
288.960,-19.811,0.274,0.598,66.593
288.980,-16.371,0.315,0.598,66.610
289.000,-12.721,0.336,0.598,66.682
289.020,-8.854,0.363,0.598,66.802
289.040,-4.852,0.382,0.598,66.961
289.060,-0.773,0.403,0.598,67.154
289.080,3.287,0.412,0.598,67.366
289.100,7.330,0.423,0.598,67.583
289.120,11.244,0.425,0.598,67.793
289.140,15.018,0.427,0.598,67.986
289.160,18.562,0.418,0.598,68.147
289.180,21.814,0.419,0.598,68.267
289.200,24.809,0.396,0.598,68.343
289.220,27.381,0.383,0.598,68.362
289.240,29.566,0.359,0.598,68.330
289.260,31.312,0.339,0.598,68.242
289.280,32.602,0.307,0.598,68.113
289.300,33.445,0.278,0.598,67.941
289.320,33.779,0.248,0.598,67.742
289.340,33.639,0.215,0.598,67.527
289.360,32.994,0.181,0.598,67.309
289.380,31.887,0.143,0.598,67.101
289.400,30.305,0.109,0.598,66.915
289.420,28.283,0.069,0.598,66.763
289.440,25.857,0.041,0.598,66.654
289.460,23.021,-0.002,0.598,66.592
289.480,19.893,-0.025,0.598,66.586
289.500,16.459,-0.062,0.598,66.631
289.520,12.779,-0.073,0.598,66.732
289.540,8.906,-0.112,0.598,66.874
289.560,4.939,-0.120,0.598,67.065
289.580,0.891,-0.145,0.598,67.275
289.600,-3.193,-0.145,0.598,67.512
289.620,-7.207,-0.170,0.598,67.744
289.640,-11.121,-0.154,0.598,67.979
289.660,-14.865,-0.178,0.605,68.181
289.680,-18.393,-0.151,0.605,68.363
289.700,-21.656,-0.158,0.605,68.489
289.720,-24.604,-0.130,0.605,68.574
289.740,-27.146,-0.129,0.605,68.595
289.760,-29.338,-0.096,0.605,68.567
289.780,-31.072,-0.079,0.605,68.482
289.800,-32.338,-0.050,0.605,68.351
289.820,-33.129,-0.022,0.605,68.180
289.840,-33.410,0.006,0.605,67.982
289.860,-33.270,0.045,0.605,67.767
289.880,-32.619,0.072,0.605,67.547
289.900,-31.465,0.116,0.605,67.337
289.920,-29.830,0.146,0.605,67.149
289.940,-27.756,0.182,0.605,66.993
289.960,-25.324,0.215,0.605,66.879
289.980,-22.465,0.250,0.605,66.811
290.000,-19.277,0.277,0.605,66.797
290.020,-15.826,0.311,0.605,66.834
290.040,-12.105,0.338,0.605,66.922
290.060,-8.232,0.362,0.605,67.056
290.080,-4.219,0.384,0.605,67.227
290.100,-0.158,0.397,0.605,67.426
290.120,3.920,0.417,0.605,67.639
290.140,7.939,0.417,0.605,67.860
290.160,11.836,0.427,0.605,68.065
290.180,15.574,0.421,0.605,68.251
290.200,19.066,0.419,0.605,68.399
290.220,22.295,0.404,0.605,68.508
290.240,25.219,0.394,0.605,68.561
290.260,27.738,0.370,0.605,68.562
290.280,29.848,0.353,0.605,68.501
290.300,31.535,0.324,0.605,68.392
290.320,32.766,0.304,0.605,68.234
290.340,33.521,0.268,0.605,68.042
290.360,33.785,0.244,0.605,67.819
290.380,33.574,0.199,0.605,67.584
290.400,32.854,0.174,0.605,67.345
290.420,31.670,0.132,0.605,67.117
290.440,30.029,0.101,0.605,66.913
290.460,27.961,0.062,0.605,66.742
290.480,25.459,0.029,0.605,66.616
290.500,22.576,-0.007,0.605,66.537
290.520,19.406,-0.034,0.605,66.515
290.540,15.926,-0.069,0.605,66.543
290.560,12.223,-0.088,0.605,66.627
290.580,8.344,-0.114,0.605,66.753
290.600,4.336,-0.131,0.605,66.921
290.620,0.281,-0.149,0.605,67.115
290.640,-3.779,-0.164,0.605,67.327
290.660,-7.805,-0.164,0.605,67.545
290.680,-11.689,-0.174,0.605,67.751
290.700,-15.410,-0.162,0.605,67.935
290.720,-18.908,-0.168,0.605,68.083
290.740,-22.131,-0.152,0.605,68.193
290.760,-25.002,-0.142,0.605,68.250
290.780,-27.492,-0.120,0.605,68.257
290.800,-29.643,-0.099,0.605,68.208
290.820,-31.307,-0.074,0.605,68.109
290.840,-32.502,-0.048,0.605,67.964
290.860,-33.223,-0.017,0.605,67.784
290.880,-33.422,0.012,0.605,67.578
290.900,-33.205,0.045,0.605,67.360
290.920,-32.484,0.085,0.605,67.141
290.940,-31.271,0.113,0.605,66.935
290.960,-29.578,0.154,0.605,66.755
290.980,-27.439,0.183,0.605,66.610
291.000,-24.926,0.226,0.605,66.510
291.020,-22.025,0.253,0.605,66.461
291.040,-18.785,0.289,0.605,66.466
291.060,-15.316,0.317,0.605,66.525
291.080,-11.566,0.344,0.605,66.635
291.100,-7.641,0.369,0.605,66.792
291.120,-3.604,0.389,0.605,66.988
291.140,0.445,0.403,0.605,67.214
291.160,4.506,0.418,0.605,67.454
291.180,8.508,0.422,0.605,67.697
291.200,12.393,0.425,0.605,67.929
291.220,16.102,0.423,0.605,68.136
291.240,19.564,0.418,0.605,68.310
291.260,22.758,0.409,0.605,68.440
291.280,25.611,0.390,0.605,68.518
291.300,28.078,0.375,0.605,68.538
291.320,30.141,0.350,0.605,68.503
291.340,31.746,0.327,0.605,68.416
291.360,32.906,0.299,0.605,68.284
291.380,33.586,0.270,0.605,68.115
291.400,33.785,0.238,0.605,67.920
291.420,33.492,0.204,0.605,67.713
291.440,32.701,0.170,0.605,67.503
291.460,31.453,0.134,0.605,67.306
291.480,29.748,0.096,0.605,67.134
291.500,27.615,0.062,0.605,66.996
291.520,25.043,0.031,0.605,66.902
291.540,22.125,-0.002,0.605,66.855
291.560,18.885,-0.033,0.605,66.863
291.580,15.357,-0.067,0.605,66.922
291.600,11.619,-0.085,0.605,67.033
291.620,7.740,-0.114,0.605,67.184
291.640,3.709,-0.125,0.605,67.375
291.660,-0.357,-0.149,0.605,67.585
291.680,-4.406,-0.154,0.605,67.813
291.700,-8.414,-0.163,0.605,68.036
291.720,-12.264,-0.158,0.605,68.247
291.740,-15.943,-0.162,0.605,68.426
291.760,-19.412,-0.157,0.605,68.576
291.780,-22.605,-0.145,0.605,68.674
291.800,-25.436,-0.132,0.605,68.720
291.820,-27.861,-0.115,0.605,68.710
291.840,-29.918,-0.093,0.605,68.645
291.860,-31.523,-0.067,0.605,68.527
291.880,-32.654,-0.038,0.605,68.362
291.900,-33.293,-0.009,0.605,68.161
291.920,-33.457,0.022,0.605,67.935
291.940,-33.111,0.056,0.605,67.697
291.960,-32.320,0.087,0.605,67.459
291.980,-31.055,0.132,0.605,67.234
292.000,-29.279,0.164,0.605,67.035
292.020,-27.105,0.195,0.605,66.871
292.040,-24.498,0.232,0.605,66.752
292.060,-21.551,0.263,0.604,66.681
292.080,-18.270,0.295,0.604,66.665
292.100,-14.736,0.323,0.604,66.698
292.120,-10.975,0.348,0.604,66.785
292.140,-7.055,0.372,0.604,66.912
292.160,-2.994,0.392,0.604,67.078
292.180,1.066,0.411,0.604,67.265
292.200,5.133,0.419,0.604,67.475
292.220,9.117,0.423,0.604,67.674
292.240,12.973,0.427,0.605,67.871
292.260,16.646,0.423,0.605,68.033
292.280,20.068,0.419,0.605,68.167
292.300,23.221,0.406,0.605,68.250
292.320,26.004,0.392,0.605,68.288
292.340,28.412,0.372,0.605,68.268
292.360,30.410,0.348,0.605,68.196
292.380,31.969,0.323,0.605,68.074
292.400,33.059,0.295,0.605,67.909
292.420,33.662,0.263,0.605,67.712
292.440,33.773,0.231,0.605,67.491
292.460,33.410,0.196,0.605,67.261
292.480,32.555,0.159,0.605,67.034
292.500,31.230,0.124,0.605,66.822
292.520,29.443,0.085,0.605,66.640
292.540,27.252,0.051,0.605,66.495
292.560,24.633,0.018,0.605,66.398
292.580,21.656,-0.013,0.605,66.351
292.600,18.393,-0.045,0.605,66.360
292.620,14.824,-0.074,0.605,66.425
292.640,11.074,-0.096,0.605,66.542
292.660,7.154,-0.119,0.605,66.704
292.680,3.117,-0.133,0.605,66.902
292.700,-0.932,-0.152,0.605,67.127
292.720,-4.998,-0.159,0.605,67.365
292.740,-8.982,-0.168,0.605,67.604
292.760,-12.832,-0.168,0.605,67.830
292.780,-16.471,-0.166,0.605,68.032
292.800,-19.898,-0.160,0.605,68.194
292.820,-23.027,-0.147,0.605,68.313
292.840,-25.799,-0.137,0.605,68.377
292.860,-28.189,-0.115,0.605,68.391
292.880,-30.187,-0.093,0.605,68.348
292.900,-31.687,-0.064,0.605,68.258
292.920,-32.760,-0.038,0.605,68.122
292.940,-33.275,-0.009,0.605,67.954
292.960,-33.428,0.025,0.605,67.762
292.980,-33.018,0.057,0.605,67.561
293.000,-32.133,0.089,0.605,67.363
293.020,-30.785,0.126,0.605,67.180
293.040,-28.945,0.164,0.605,67.025
293.060,-26.719,0.195,0.605,66.908
293.080,-24.082,0.236,0.605,66.836
293.100,-21.047,0.261,0.605,66.816
293.120,-17.748,0.298,0.605,66.848
293.140,-14.180,0.317,0.605,66.934
293.160,-10.383,0.352,0.605,67.065
293.180,-6.434,0.369,0.605,67.242
293.200,-2.391,0.395,0.605,67.451
293.220,1.699,0.403,0.605,67.688
293.240,5.754,0.415,0.605,67.928
293.260,9.697,0.420,0.605,68.169
293.280,13.553,0.426,0.605,68.388
293.300,17.174,0.421,0.605,68.585
293.320,20.555,0.414,0.605,68.738
293.340,23.666,0.400,0.605,68.844
293.360,26.396,0.389,0.605,68.893
293.380,28.734,0.367,0.605,68.887
293.400,30.662,0.344,0.605,68.824
293.420,32.162,0.317,0.605,68.709
293.440,33.176,0.288,0.605,68.550
293.460,33.703,0.257,0.605,68.357
293.480,33.750,0.227,0.605,68.140
293.500,33.328,0.192,0.605,67.913
293.520,32.373,0.155,0.605,67.689
293.540,30.979,0.119,0.605,67.480
293.560,29.133,0.081,0.605,67.298
293.580,26.883,0.054,0.605,67.155
293.600,24.205,0.015,0.605,67.055
293.620,21.176,-0.017,0.605,67.006
293.640,17.865,-0.050,0.605,67.010
293.660,14.273,-0.074,0.605,67.067
293.680,10.465,-0.100,0.605,67.171
293.700,6.539,-0.120,0.605,67.318
293.720,2.502,-0.139,0.605,67.496
293.740,-1.559,-0.150,0.605,67.698
293.760,-5.613,-0.160,0.605,67.905
293.780,-9.598,-0.166,0.605,68.109
293.800,-13.447,-0.166,0.605,68.297
293.820,-17.033,-0.163,0.605,68.455
293.840,-20.420,-0.158,0.605,68.575
293.860,-23.484,-0.141,0.605,68.645
293.880,-26.221,-0.134,0.605,68.662
293.900,-28.547,-0.106,0.605,68.626
293.920,-30.463,-0.085,0.605,68.534
293.940,-31.934,-0.059,0.605,68.394
293.960,-32.906,-0.030,0.605,68.212
293.980,-33.363,-0.000,0.605,67.998
294.000,-33.422,0.033,0.605,67.764
294.020,-32.971,0.062,0.605,67.523
294.040,-32.027,0.101,0.605,67.287
294.060,-30.598,0.134,0.605,67.069
294.080,-28.682,0.175,0.605,66.882
294.100,-26.385,0.207,0.605,66.734
294.120,-23.678,0.244,0.605,66.633
294.140,-20.619,0.271,0.605,66.586
294.160,-17.262,0.309,0.605,66.592
294.180,-13.641,0.330,0.605,66.653
294.200,-9.826,0.359,0.605,66.763
294.220,-5.842,0.374,0.605,66.914
294.240,-1.793,0.403,0.605,67.101
294.260,2.291,0.412,0.605,67.313
294.280,6.340,0.426,0.605,67.535
294.300,10.277,0.426,0.605,67.752
294.320,14.109,0.427,0.605,67.953
294.340,17.695,0.422,0.605,68.127
294.360,21.029,0.421,0.605,68.262
294.380,24.088,0.400,0.605,68.354
294.400,26.771,0.389,0.605,68.390
294.420,29.062,0.362,0.605,68.375
294.440,30.908,0.346,0.605,68.303
294.460,32.344,0.315,0.605,68.186
294.480,33.281,0.289,0.605,68.027
294.500,33.738,0.257,0.605,67.838
294.520,33.703,0.223,0.605,67.631
294.540,33.211,0.192,0.605,67.417
294.560,32.203,0.153,0.605,67.209
294.580,30.727,0.118,0.605,67.021
294.600,28.828,0.079,0.605,66.863
294.620,26.502,0.049,0.605,66.746
294.640,23.777,0.011,0.605,66.676
294.660,20.689,-0.017,0.602,66.660
294.680,17.338,-0.050,0.602,66.697
294.700,13.699,-0.074,0.602,66.788
294.720,9.902,-0.099,0.602,66.926
294.740,5.930,-0.119,0.602,67.106
294.760,1.910,-0.136,0.602,67.321
294.780,-2.168,-0.147,0.602,67.554
294.800,-6.223,-0.159,0.602,67.793
294.820,-10.178,-0.165,0.602,68.029
294.840,-13.963,-0.161,0.602,68.246
294.860,-17.537,-0.162,0.602,68.430
294.880,-20.889,-0.151,0.602,68.575
294.900,-23.895,-0.140,0.602,68.670
294.920,-26.549,-0.125,0.602,68.710
294.940,-28.828,-0.106,0.602,68.694
294.960,-30.686,-0.084,0.602,68.624
294.980,-32.074,-0.054,0.602,68.504
295.000,-32.977,-0.027,0.602,68.341
295.020,-33.387,0.001,0.602,68.147
295.040,-33.357,0.036,0.602,67.934
295.060,-32.812,0.068,0.602,67.713
295.080,-31.811,0.106,0.602,67.498
295.100,-30.293,0.141,0.602,67.301
295.120,-28.318,0.176,0.602,67.134
295.140,-25.969,0.209,0.602,67.007
295.160,-23.203,0.245,0.602,66.926
295.180,-20.098,0.271,0.602,66.897
295.200,-16.699,0.308,0.602,66.919
295.220,-13.078,0.331,0.602,66.993
295.240,-9.199,0.359,0.602,67.112
295.260,-5.215,0.373,0.602,67.270
295.280,-1.166,0.400,0.602,67.458
295.300,2.918,0.405,0.602,67.666
295.320,6.943,0.420,0.602,67.878
295.340,10.863,0.421,0.602,68.085
295.360,14.660,0.424,0.602,68.270
295.380,18.229,0.418,0.602,68.425
295.400,21.516,0.414,0.602,68.536
295.420,24.521,0.398,0.602,68.603
295.440,27.135,0.381,0.602,68.611
295.460,29.373,0.355,0.602,68.564
295.480,31.154,0.343,0.602,68.460
295.500,32.514,0.307,0.602,68.313
295.520,33.381,0.282,0.602,68.124
295.540,33.762,0.247,0.602,67.904
295.560,33.662,0.213,0.602,67.667
295.580,33.094,0.183,0.602,67.425
295.600,32.004,0.144,0.602,67.190
295.620,30.457,0.111,0.602,66.976
295.640,28.506,0.066,0.602,66.794
295.660,26.115,0.039,0.602,66.654
295.680,23.320,0.000,0.595,66.561
295.700,20.215,-0.026,0.595,66.523
295.720,16.805,-0.064,0.595,66.535
295.740,13.137,-0.079,0.595,66.606
295.760,9.316,-0.114,0.595,66.719
295.780,5.350,-0.124,0.595,66.881
295.800,1.307,-0.149,0.595,67.067
295.820,-2.766,-0.151,0.595,67.278
295.840,-6.809,-0.168,0.595,67.490
295.860,-10.752,-0.166,0.595,67.704
295.880,-14.496,-0.167,0.595,67.894
295.900,-18.047,-0.163,0.595,68.056
295.920,-21.346,-0.158,0.595,68.175
295.940,-24.305,-0.141,0.595,68.251
295.960,-26.930,-0.129,0.595,68.271
295.980,-29.139,-0.102,0.595,68.239
296.000,-30.926,-0.083,0.595,68.153
296.020,-32.250,-0.053,0.595,68.021
296.040,-33.082,-0.027,0.595,67.850
296.060,-33.416,0.004,0.595,67.653
296.080,-33.316,0.040,0.595,67.440
296.100,-32.707,0.070,0.595,67.223
296.120,-31.623,0.108,0.595,67.015
296.140,-30.012,0.143,0.595,66.831
296.160,-28.025,0.182,0.595,66.679
296.180,-25.588,0.215,0.595,66.570
296.200,-22.770,0.252,0.595,66.511
296.220,-19.617,0.279,0.595,66.507
296.240,-16.172,0.311,0.595,66.556
296.260,-12.510,0.331,0.595,66.659
296.280,-8.643,0.365,0.595,66.806
296.300,-4.623,0.381,0.595,66.999
296.320,-0.562,0.402,0.595,67.218
296.340,3.516,0.408,0.595,67.459
296.360,7.535,0.423,0.595,67.702
296.380,11.455,0.423,0.595,67.940
296.400,15.211,0.423,0.595,68.155
296.420,18.732,0.418,0.595,68.340
296.440,21.984,0.410,0.595,68.479
296.460,24.943,0.399,0.595,68.572
296.480,27.492,0.380,0.595,68.607
296.500,29.678,0.358,0.595,68.586
296.520,31.389,0.336,0.595,68.512
296.540,32.666,0.305,0.595,68.390
296.560,33.469,0.278,0.595,68.228
296.580,33.791,0.247,0.595,68.037
296.600,33.609,0.212,0.595,67.830
296.620,32.953,0.179,0.595,67.617
296.640,31.811,0.141,0.595,67.414
296.660,30.187,0.108,0.595,67.232
296.680,28.184,0.066,0.595,67.083
296.700,25.705,0.041,0.595,66.975
296.720,22.869,0.002,0.595,66.914
296.740,19.717,-0.021,0.595,66.907
296.760,16.271,-0.059,0.595,66.948
296.780,12.586,-0.078,0.595,67.043
296.800,8.719,-0.108,0.595,67.178
296.820,4.717,-0.118,0.595,67.359
296.840,0.668,-0.143,0.595,67.559
296.860,-3.393,-0.154,0.595,67.782
296.880,-7.430,-0.159,0.595,68.004
296.900,-11.367,-0.162,0.595,68.214
296.920,-15.059,-0.159,0.595,68.399
296.940,-18.598,-0.158,0.595,68.552
296.960,-21.820,-0.145,0.595,68.657
296.980,-24.750,-0.137,0.595,68.712
297.000,-27.299,-0.114,0.595,68.711
297.020,-29.461,-0.098,0.595,68.654
297.040,-31.201,-0.073,0.595,68.544
297.060,-32.402,-0.044,0.595,68.387
297.080,-33.164,-0.016,0.595,68.191
297.100,-33.445,0.016,0.595,67.967
297.120,-33.252,0.046,0.595,67.727
297.140,-32.566,0.081,0.595,67.484
297.160,-31.418,0.119,0.595,67.252
297.180,-29.748,0.153,0.595,67.042
297.200,-27.668,0.187,0.595,66.866
297.220,-25.178,0.225,0.595,66.732
297.240,-22.336,0.259,0.595,66.647
297.260,-19.131,0.285,0.595,66.616
297.280,-15.633,0.321,0.595,66.636
297.300,-11.947,0.343,0.595,66.709
297.320,-8.027,0.368,0.595,66.827
297.340,-4.020,0.389,0.595,66.983
297.360,0.064,0.408,0.595,67.167
297.380,4.137,0.415,0.595,67.371
297.400,8.127,0.425,0.595,67.577
297.420,12.023,0.423,0.595,67.772
297.440,15.756,0.423,0.595,67.945
297.460,19.254,0.421,0.595,68.085
297.480,22.459,0.410,0.595,68.185
297.500,25.365,0.394,0.595,68.235
297.520,27.855,0.379,0.595,68.231
297.540,29.965,0.356,0.595,68.176
297.560,31.617,0.334,0.595,68.067
297.580,32.824,0.302,0.595,67.916
297.600,33.551,0.275,0.595,67.728
297.620,33.797,0.239,0.595,67.515
297.640,33.551,0.211,0.595,67.289
297.660,32.812,0.170,0.595,67.063
297.680,31.600,0.136,0.595,66.849
297.700,29.906,0.099,0.595,66.661
297.720,27.850,0.059,0.595,66.509
297.740,25.301,0.029,0.595,66.403
297.760,22.436,-0.007,0.595,66.346
297.780,19.225,-0.034,0.595,66.346
297.800,15.732,-0.068,0.595,66.399
297.820,12.012,-0.087,0.595,66.508
297.840,8.121,-0.115,0.595,66.658
297.860,4.131,-0.128,0.595,66.855
297.880,0.070,-0.150,0.595,67.072
297.900,-3.990,-0.155,0.595,67.314
297.920,-7.998,-0.168,0.595,67.554
297.940,-11.895,-0.166,0.595,67.788
297.960,-15.592,-0.166,0.595,67.997
297.980,-19.078,-0.161,0.595,68.174
298.000,-22.289,-0.150,0.595,68.306
298.020,-25.113,-0.140,0.595,68.388
298.040,-27.621,-0.118,0.595,68.414
298.060,-29.713,-0.102,0.595,68.389
298.080,-31.359,-0.072,0.595,68.311
298.100,-32.531,-0.046,0.595,68.186
298.120,-33.205,-0.015,0.595,68.025
298.140,-33.434,0.014,0.595,67.837
298.160,-33.146,0.045,0.595,67.637
298.180,-32.408,0.081,0.595,67.436
298.200,-31.160,0.119,0.595,67.248
298.220,-29.437,0.153,0.595,67.084
298.240,-27.287,0.188,0.595,66.954
298.260,-24.756,0.224,0.595,66.869
298.280,-21.844,0.257,0.595,66.833
298.300,-18.592,0.286,0.595,66.852
298.320,-15.094,0.315,0.595,66.919
298.340,-11.338,0.344,0.595,67.040
298.360,-7.412,0.364,0.595,67.202
298.380,-3.398,0.387,0.595,67.402
298.400,0.680,0.402,0.595,67.625
298.420,4.734,0.414,0.595,67.864
298.440,8.719,0.422,0.595,68.099
298.460,12.598,0.424,0.595,68.323
298.480,16.312,0.425,0.595,68.519
298.500,19.740,0.415,0.595,68.681
298.520,22.904,0.405,0.595,68.793
298.540,25.758,0.389,0.595,68.853
298.560,28.189,0.371,0.595,68.853
298.580,30.240,0.350,0.595,68.799
298.600,31.822,0.325,0.595,68.691
298.620,32.971,0.297,0.595,68.537
298.640,33.615,0.265,0.595,68.347
298.660,33.791,0.233,0.595,68.129
298.680,33.475,0.200,0.595,67.897
298.700,32.666,0.161,0.595,67.665
298.720,31.377,0.128,0.595,67.446
298.740,29.619,0.093,0.595,67.251
298.760,27.492,0.056,0.595,67.091
298.780,24.896,0.023,0.595,66.976
298.800,21.961,-0.009,0.595,66.909
298.820,18.732,-0.040,0.595,66.894
298.840,15.176,-0.071,0.595,66.930
298.860,11.449,-0.091,0.595,67.020
298.880,7.529,-0.118,0.595,67.149
298.900,3.521,-0.133,0.595,67.317
298.920,-0.539,-0.147,0.595,67.505
298.940,-4.617,-0.158,0.595,67.708
298.960,-8.619,-0.165,0.595,67.910
298.980,-12.469,-0.166,0.595,68.098
299.000,-16.154,-0.164,0.595,68.260
299.020,-19.623,-0.159,0.595,68.386
299.040,-22.752,-0.148,0.595,68.468
299.060,-25.570,-0.136,0.595,68.498
299.080,-28.014,-0.109,0.595,68.474
299.100,-30.023,-0.094,0.595,68.393
299.120,-31.611,-0.065,0.595,68.264
299.140,-32.713,-0.039,0.595,68.090
299.160,-33.322,-0.008,0.595,67.883
299.180,-33.463,0.022,0.595,67.653
299.200,-33.111,0.054,0.595,67.413
299.220,-32.285,0.094,0.595,67.175
299.240,-30.996,0.127,0.595,66.952
299.260,-29.186,0.161,0.595,66.757
299.280,-26.994,0.199,0.595,66.600
299.300,-24.393,0.233,0.595,66.489
299.320,-21.398,0.265,0.593,66.428
299.340,-18.123,0.296,0.593,66.424
299.360,-14.578,0.323,0.593,66.472
299.380,-10.793,0.355,0.593,66.572
299.400,-6.844,0.375,0.593,66.717
299.420,-2.795,0.398,0.593,66.901
299.440,1.283,0.410,0.593,67.113
299.460,5.332,0.421,0.593,67.337
299.480,9.311,0.425,0.593,67.561
299.500,13.166,0.426,0.594,67.771
299.520,16.828,0.427,0.595,67.957
299.540,20.238,0.416,0.595,68.107
299.560,23.361,0.411,0.595,68.214
299.580,26.145,0.389,0.595,68.270
299.600,28.529,0.373,0.595,68.271
299.620,30.498,0.349,0.595,68.219
299.640,32.033,0.326,0.595,68.117
299.660,33.094,0.297,0.595,67.974
299.680,33.674,0.263,0.595,67.797
299.700,33.768,0.231,0.595,67.597
299.720,33.381,0.197,0.595,67.388
299.740,32.496,0.164,0.595,67.181
299.760,31.137,0.126,0.595,66.991
299.780,29.326,0.090,0.595,66.829
299.800,27.129,0.058,0.595,66.705
299.820,24.469,0.025,0.595,66.627
299.840,21.492,-0.013,0.595,66.598
299.860,18.211,-0.036,0.595,66.627
299.880,14.625,-0.073,0.595,66.705
299.900,10.846,-0.088,0.595,66.837
299.920,6.926,-0.120,0.595,67.009
299.940,2.912,-0.129,0.595,67.222
299.960,-1.160,-0.151,0.595,67.450
299.980,-5.203,-0.150,0.595,67.696
300.000,-9.211,-0.170,0.596,67.929
300.020,-13.043,-0.156,0.596,68.156
300.040,-16.658,-0.169,0.596,68.347
300.060,-20.068,-0.146,0.596,68.508
300.080,-23.168,-0.151,0.596,68.611
300.100,-25.928,-0.125,0.596,68.671
300.120,-28.330,-0.114,0.596,68.667
300.140,-30.275,-0.089,0.596,68.613
300.160,-31.781,-0.060,0.596,68.504
300.180,-32.807,-0.040,0.596,68.352
300.200,-33.328,-0.000,0.596,68.165
300.220,-33.422,0.019,0.596,67.955
300.240,-33.000,0.064,0.596,67.735
300.260,-32.098,0.088,0.596,67.516
300.280,-30.709,0.133,0.596,67.313
300.300,-28.863,0.164,0.596,67.137
300.320,-26.596,0.204,0.596,66.997
300.340,-23.930,0.232,0.596,66.904
300.360,-20.895,0.267,0.596,66.867
300.380,-17.561,0.296,0.596,66.867
300.400,-14.004,0.325,0.596,66.925
300.420,-10.178,0.352,0.596,67.032
300.440,-6.234,0.373,0.596,67.179
300.460,-2.191,0.393,0.596,67.362
300.480,1.904,0.406,0.596,67.563
300.500,5.953,0.420,0.596,67.776
300.520,9.914,0.419,0.596,67.984
300.540,13.740,0.424,0.596,68.173
300.560,17.367,0.418,0.596,68.334
300.580,20.725,0.414,0.596,68.454
300.600,23.812,0.397,0.596,68.531
300.620,26.537,0.388,0.596,68.549
300.640,28.857,0.363,0.596,68.516
300.660,30.762,0.348,0.596,68.425
300.680,32.221,0.312,0.596,68.288
300.700,33.211,0.290,0.596,68.104
300.720,33.727,0.252,0.596,67.891
300.740,33.727,0.226,0.596,67.655
300.760,33.275,0.186,0.596,67.412
300.780,32.320,0.153,0.596,67.172
300.800,30.908,0.116,0.596,66.950
300.820,29.027,0.077,0.596,66.757
300.840,26.754,0.045,0.596,66.604
300.860,24.047,0.008,0.596,66.497
300.880,21.012,-0.020,0.596,66.443
300.900,17.689,-0.054,0.596,66.442
300.920,14.086,-0.075,0.596,66.496
300.940,10.283,-0.104,0.596,66.597
300.960,6.346,-0.120,0.596,66.744
300.980,2.309,-0.144,0.596,66.923
301.000,-1.764,-0.150,0.596,67.128
301.020,-5.795,-0.167,0.596,67.341
301.040,-9.768,-0.162,0.596,67.555
301.060,-13.594,-0.170,0.596,67.750
301.080,-17.191,-0.164,0.596,67.919
301.100,-20.561,-0.161,0.596,68.049
301.120,-23.613,-0.146,0.596,68.134
301.140,-26.309,-0.132,0.596,68.167
301.160,-28.635,-0.109,0.596,68.147
301.180,-30.539,-0.087,0.596,68.074
301.200,-31.969,-0.059,0.596,67.953
301.220,-32.918,-0.032,0.596,67.791
301.240,-33.357,0.003,0.596,67.598
301.260,-33.357,0.026,0.596,67.387
301.280,-32.895,0.063,0.596,67.170
301.300,-31.928,0.095,0.596,66.959
301.320,-30.457,0.134,0.596,66.768
301.340,-28.541,0.171,0.596,66.608
301.360,-26.215,0.204,0.596,66.488
301.380,-23.520,0.243,0.596,66.416
301.400,-20.437,0.270,0.596,66.398
301.420,-17.062,0.302,0.596,66.435
301.440,-13.447,0.327,0.596,66.524
301.460,-9.604,0.354,0.596,66.663
301.480,-5.631,0.377,0.596,66.844
301.500,-1.559,0.395,0.596,67.058
301.520,2.496,0.408,0.596,67.295
301.540,6.545,0.423,0.596,67.541
301.560,10.482,0.421,0.596,67.785
301.580,14.291,0.426,0.596,68.007
301.600,17.883,0.421,0.596,68.203
301.620,21.205,0.413,0.596,68.357
301.640,24.240,0.400,0.596,68.464
301.660,26.900,0.382,0.596,68.513
301.680,29.162,0.366,0.596,68.509
301.700,31.002,0.341,0.596,68.450
301.720,32.408,0.312,0.596,68.342
301.740,33.322,0.286,0.596,68.191
301.760,33.756,0.252,0.596,68.009
301.780,33.697,0.225,0.596,67.807
301.800,33.158,0.185,0.596,67.597
301.820,32.133,0.153,0.596,67.392
301.840,30.650,0.116,0.596,67.206
301.860,28.717,0.076,0.596,67.049
301.880,26.373,0.047,0.596,66.933
301.900,23.607,0.009,0.596,66.861
301.920,20.531,-0.018,0.596,66.842
301.940,17.150,-0.048,0.596,66.873
301.960,13.512,-0.071,0.596,66.957
301.980,9.680,-0.104,0.596,67.086
302.000,5.736,-0.118,0.596,67.260
302.020,1.682,-0.140,0.596,67.460
302.040,-2.396,-0.148,0.596,67.681
302.060,-6.422,-0.158,0.596,67.904
302.080,-10.395,-0.158,0.596,68.119
302.100,-14.168,-0.163,0.596,68.314
302.120,-17.736,-0.156,0.596,68.476
302.140,-21.064,-0.153,0.596,68.598
302.160,-24.064,-0.137,0.596,68.668
302.180,-26.713,-0.125,0.596,68.684
302.200,-28.945,-0.100,0.596,68.644
302.220,-30.814,-0.080,0.596,68.549
302.240,-32.150,-0.051,0.596,68.405
302.260,-33.047,-0.025,0.596,68.218
302.280,-33.422,0.007,0.596,68.001
302.300,-33.340,0.037,0.596,67.766
302.320,-32.801,0.074,0.596,67.524
302.340,-31.758,0.109,0.596,67.290
302.360,-30.211,0.143,0.596,67.075
302.380,-28.225,0.185,0.596,66.890
302.400,-25.846,0.211,0.596,66.746
302.420,-23.074,0.252,0.596,66.650
302.440,-19.957,0.278,0.596,66.605
302.460,-16.535,0.315,0.596,66.615
302.480,-12.891,0.336,0.596,66.676
302.500,-9.012,0.366,0.596,66.786
302.520,-5.021,0.381,0.596,66.935
302.540,-0.955,0.403,0.596,67.116
302.560,3.129,0.414,0.596,67.314
302.580,7.148,0.423,0.596,67.524
302.600,11.074,0.423,0.596,67.721
302.620,14.854,0.427,0.596,67.906
302.640,18.416,0.420,0.596,68.053
302.660,21.674,0.418,0.596,68.167
302.680,24.668,0.399,0.596,68.232
302.700,27.258,0.383,0.596,68.244
302.720,29.461,0.356,0.596,68.202
302.740,31.248,0.336,0.596,68.105
302.760,32.578,0.310,0.596,67.965
302.780,33.416,0.279,0.596,67.784
302.800,33.768,0.247,0.596,67.579
302.820,33.650,0.215,0.596,67.354
302.840,33.029,0.181,0.596,67.128
302.860,31.939,0.143,0.596,66.911
302.880,30.387,0.111,0.596,66.716
302.900,28.406,0.068,0.596,66.555
302.920,25.980,0.041,0.596,66.437
302.940,23.168,-0.003,0.596,66.368
302.960,20.045,-0.022,0.596,66.355
302.980,16.623,-0.064,0.596,66.394
303.000,12.943,-0.075,0.596,66.492
303.020,9.117,-0.115,0.596,66.631
303.040,5.133,-0.121,0.596,66.820
303.060,1.078,-0.148,0.596,67.034
303.080,-3.000,-0.151,0.596,67.275
303.100,-7.014,-0.169,0.596,67.514
303.120,-10.945,-0.165,0.596,67.754
303.140,-14.695,-0.170,0.597,67.969
303.160,-18.234,-0.159,0.597,68.157
303.180,-21.504,-0.156,0.597,68.297
303.200,-24.463,-0.141,0.597,68.395
303.220,-27.035,-0.120,0.597,68.436
303.240,-29.232,-0.104,0.597,68.423
303.260,-30.996,-0.077,0.597,68.356
303.280,-32.268,-0.053,0.597,68.088
303.300,-33.100,-0.020,0.597,68.088
303.320,-33.410,0.005,0.597,67.907
303.340,-33.258,0.036,0.597,67.709
303.360,-32.631,0.072,0.597,67.508
303.380,-31.512,0.109,0.597,67.315
303.400,-29.930,0.148,0.597,67.144
303.420,-27.885,0.180,0.597,67.006
303.440,-25.424,0.213,0.597,66.910
303.460,-22.600,0.248,0.597,66.861
303.480,-19.412,0.277,0.597,66.865
303.500,-15.990,0.315,0.597,66.920
303.520,-12.293,0.334,0.597,67.031
303.540,-8.408,0.360,0.597,67.182
303.560,-4.389,0.381,0.597,67.375
303.580,-0.328,0.397,0.597,67.593
303.600,3.738,0.414,0.597,67.830
303.620,7.752,0.419,0.597,68.067
303.640,11.643,0.423,0.597,68.295
303.660,15.398,0.423,0.597,68.499
303.680,18.920,0.417,0.597,68.671
303.700,22.154,0.411,0.597,68.796
303.720,25.090,0.394,0.597,68.872
303.740,27.615,0.378,0.597,68.888
303.760,29.760,0.353,0.597,68.849
303.780,31.465,0.332,0.597,68.753
303.800,32.736,0.306,0.597,68.611
303.820,33.498,0.273,0.597,68.428
303.840,33.773,0.243,0.597,68.218
303.860,33.598,0.207,0.597,67.991
303.880,32.895,0.174,0.597,67.759
303.900,31.734,0.136,0.597,67.537
303.920,30.117,0.102,0.597,67.336
303.940,28.061,0.064,0.597,67.168
303.960,25.576,0.037,0.597,67.043
303.980,22.723,-0.009,0.597,66.963
304.000,19.547,-0.026,0.597,66.940
304.020,16.084,-0.070,0.597,66.963
304.040,12.381,-0.083,0.597,67.043
304.060,8.508,-0.117,0.597,67.163
304.080,4.518,-0.127,0.597,67.327
304.100,0.451,-0.152,0.597,67.512
304.120,-3.609,-0.156,0.597,67.721
304.140,-7.635,-0.166,0.597,67.925
304.160,-11.537,-0.163,0.597,68.123
304.180,-15.264,-0.166,0.597,68.433
304.200,-18.779,-0.159,0.597,68.433
304.220,-21.990,-0.154,0.597,68.527
304.240,-24.902,-0.137,0.597,68.564
304.260,-27.410,-0.116,0.597,68.564
304.280,-29.578,-0.098,0.597,68.499
304.300,-31.277,-0.071,0.597,68.383
304.320,-32.479,-0.048,0.597,68.222
304.340,-33.205,-0.013,0.597,68.024
304.360,-33.434,0.012,0.597,67.800
304.380,-33.246,0.050,0.597,67.564
304.400,-32.549,0.082,0.597,67.326
304.420,-31.359,0.120,0.597,67.100
304.440,-29.666,0.157,0.597,66.899
304.460,-27.557,0.187,0.597,66.733
304.480,-25.061,0.225,0.597,66.612
304.500,-22.178,0.259,0.597,66.541
304.520,-18.926,0.287,0.597,66.524
304.540,-15.463,0.321,0.597,66.560
304.560,-11.730,0.347,0.597,66.652
304.580,-7.834,0.371,0.597,66.789
304.600,-3.814,0.390,0.597,66.967
304.620,0.264,0.407,0.597,67.171
304.640,4.336,0.418,0.597,67.394
304.660,8.332,0.424,0.597,67.618
304.680,12.223,0.426,0.597,67.835
304.700,15.937,0.427,0.597,68.027
304.720,19.418,0.423,0.597,68.189
304.740,22.623,0.410,0.597,68.308
304.760,25.500,0.393,0.597,68.378
304.780,27.955,0.380,0.597,68.390
304.800,30.041,0.353,0.597,68.352
304.820,31.687,0.331,0.597,68.261
304.840,32.883,0.303,0.597,68.126
304.860,33.574,0.273,0.597,67.956
304.880,33.791,0.241,0.597,67.760
304.900,33.521,0.208,0.597,67.551
304.920,32.742,0.172,0.597,67.342
304.940,31.512,0.137,0.597,67.146
304.960,29.818,0.101,0.597,66.974
304.980,27.721,0.069,0.597,66.838
305.000,25.154,0.030,0.597,66.747
305.020,22.266,-0.003,0.597,66.705
305.040,19.043,-0.032,0.597,66.719
305.060,15.539,-0.062,0.597,66.783
305.080,11.812,-0.083,0.597,66.902
305.100,7.939,-0.112,0.597,67.061
305.120,3.908,-0.123,0.597,67.262
305.140,-0.146,-0.146,0.597,67.484
305.160,-4.213,-0.153,0.597,67.725
305.180,-8.221,-0.159,0.597,67.961
305.200,-12.100,-0.162,0.597,68.186
305.220,-15.791,-0.158,0.597,68.385
305.240,-19.266,-0.158,0.597,68.549
305.260,-22.436,-0.146,0.597,68.667
305.280,-25.301,-0.135,0.597,68.733
305.300,-27.750,-0.117,0.597,68.741
305.320,-29.836,-0.093,0.597,68.694
305.340,-31.453,-0.069,0.597,68.594
305.360,-32.590,-0.044,0.597,68.448
305.380,-33.246,-0.009,0.597,68.265
305.400,-33.428,0.019,0.597,68.055
305.420,-33.146,0.052,0.597,67.832
305.440,-32.367,0.085,0.597,67.608
305.460,-31.107,0.122,0.597,67.396
305.480,-29.367,0.159,0.597,67.208
305.500,-27.187,0.193,0.597,67.055
305.520,-24.633,0.228,0.597,66.946
305.540,-21.680,0.261,0.597,66.884
305.560,-18.428,0.290,0.597,66.877
305.580,-14.906,0.322,0.597,66.917
305.600,-11.139,0.345,0.597,67.012
305.620,-7.225,0.371,0.597,67.145
305.640,-3.176,0.385,0.597,67.318
305.660,0.879,0.402,0.597,67.508
305.680,4.951,0.414,0.597,67.717
305.700,8.941,0.420,0.597,67.921
305.720,12.809,0.425,0.597,68.114
305.740,16.488,0.423,0.597,68.280
305.760,19.922,0.414,0.597,68.411
305.780,23.080,0.404,0.597,68.494
305.800,25.898,0.387,0.597,68.524
305.820,28.318,0.371,0.597,68.499
305.840,30.340,0.347,0.597,68.420
305.860,31.904,0.323,0.597,68.290
305.880,33.018,0.298,0.597,68.116
305.900,33.645,0.261,0.597,67.908
305.920,33.779,0.231,0.597,67.676
305.940,33.439,0.195,0.597,67.432
305.960,32.590,0.163,0.597,67.190
305.980,31.289,0.120,0.597,66.962
306.000,29.537,0.087,0.597,66.761
306.020,27.363,0.052,0.597,66.597
306.040,24.744,0.020,0.597,66.479
306.060,21.809,-0.016,0.597,66.411
306.080,18.539,-0.042,0.597,66.400
306.100,14.988,-0.077,0.597,66.440
306.120,11.238,-0.096,0.597,66.534
306.140,7.336,-0.120,0.597,66.671
306.160,3.305,-0.133,0.597,66.847
306.180,-0.744,-0.154,0.597,67.047
306.200,-4.805,-0.159,0.597,67.264
306.220,-8.824,-0.170,0.597,67.479
306.240,-12.662,-0.167,0.597,67.686
306.260,-16.318,-0.166,0.597,67.866
306.280,-19.746,-0.162,0.597,68.012
306.300,-22.898,-0.147,0.597,68.114
306.320,-25.670,-0.137,0.597,68.164
306.340,-28.078,-0.113,0.597,68.162
306.360,-30.088,-0.096,0.597,68.106
306.380,-31.635,-0.066,0.597,68.003
306.400,-32.719,-0.045,0.597,67.855
306.420,-33.287,-0.007,0.597,67.676
306.440,-33.416,0.016,0.597,67.473
306.460,-33.059,0.058,0.597,67.263
306.480,-32.197,0.089,0.597,67.054
306.500,-30.879,0.125,0.597,66.863
306.520,-29.057,0.164,0.597,66.699
306.540,-26.830,0.195,0.597,66.574
306.560,-24.223,0.237,0.597,66.497
306.580,-21.205,0.258,0.597,66.470
306.600,-17.912,0.299,0.597,66.499
306.620,-14.367,0.319,0.597,66.582
306.640,-10.570,0.354,0.597,66.717
306.660,-6.633,0.367,0.597,66.896
306.680,-2.578,0.394,0.597,67.110
306.700,1.500,0.402,0.597,67.350
306.720,5.549,0.418,0.597,67.600
306.740,9.510,0.419,0.597,67.849
306.760,13.371,0.427,0.598,68.082
306.780,17.021,0.419,0.598,68.291
306.800,20.396,0.416,0.598,68.460
306.820,23.525,0.402,0.598,68.583
306.840,26.273,0.390,0.598,68.650
306.860,28.635,0.369,0.598,68.663
306.880,30.586,0.348,0.598,68.619
306.900,32.098,0.322,0.598,68.526
306.920,33.141,0.291,0.598,68.386
306.940,33.686,0.263,0.598,68.213
306.960,33.750,0.232,0.598,68.016
306.980,33.328,0.197,0.598,67.808
307.000,32.426,0.157,0.598,67.601
307.020,31.049,0.124,0.598,67.410
307.040,29.227,0.087,0.598,67.117
307.060,26.988,0.058,0.598,67.117
307.080,24.322,0.017,0.598,67.034
307.100,21.328,-0.011,0.598,67.000
307.120,18.029,-0.046,0.598,67.019
307.140,14.420,-0.069,0.598,67.091
307.160,10.652,-0.093,0.598,67.210
307.180,6.721,-0.118,0.598,67.369
307.200,2.684,-0.130,0.598,67.563
307.220,-1.383,-0.154,0.598,67.774
307.240,-5.443,-0.155,0.598,67.998
307.260,-9.422,-0.163,0.598,68.213
307.280,-13.248,-0.164,0.598,68.413
307.300,-16.863,-0.162,0.598,68.583
307.320,-20.262,-0.153,0.598,68.713
307.340,-23.350,-0.143,0.598,68.791
307.360,-26.086,-0.126,0.598,68.818
307.380,-28.430,-0.112,0.598,68.786
307.400,-30.375,-0.085,0.598,68.702
307.420,-31.846,-0.058,0.598,68.565
307.440,-32.889,-0.029,0.598,68.384
307.460,-33.346,0.000,0.598,67.934
307.480,-33.439,0.030,0.598,67.934
307.500,-33.000,0.066,0.598,67.690
307.520,-32.027,0.099,0.598,67.449
307.540,-30.650,0.136,0.598,67.225
307.560,-28.770,0.177,0.598,67.028
307.580,-26.490,0.206,0.598,66.872
307.600,-23.812,0.241,0.598,66.761
307.620,-20.748,0.270,0.598,66.701
307.640,-17.402,0.311,0.598,66.694
307.660,-13.787,0.327,0.598,66.741
307.680,-9.990,0.361,0.598,66.836
307.700,-6.029,0.377,0.598,66.974
307.720,-1.975,0.399,0.598,67.146
307.740,2.115,0.410,0.598,67.341
307.760,6.164,0.425,0.598,67.544
307.780,10.107,0.425,0.598,67.748
307.800,13.939,0.430,0.600,67.931
307.820,17.555,0.418,0.600,68.093
307.840,20.895,0.421,0.600,68.211
307.860,23.965,0.398,0.600,68.290
307.880,26.654,0.391,0.600,68.312
307.900,28.963,0.365,0.600,68.283
307.920,30.838,0.344,0.600,68.200
307.940,32.291,0.315,0.600,68.071
307.960,33.246,0.286,0.600,67.898
307.980,33.738,0.256,0.600,67.696
308.000,33.727,0.227,0.600,67.476
308.020,33.246,0.190,0.600,67.249
308.040,32.256,0.153,0.600,66.828
308.060,30.809,0.116,0.600,66.828
308.080,28.922,0.079,0.600,66.658
308.100,26.619,0.049,0.600,66.530
308.120,23.889,0.011,0.600,66.449
308.140,20.848,-0.017,0.600,66.422
308.160,17.520,-0.051,0.600,66.450
308.180,13.869,-0.075,0.600,66.532
308.200,10.072,-0.103,0.600,66.665
308.220,6.129,-0.120,0.600,66.840
308.240,2.086,-0.141,0.600,67.048
308.260,-1.975,-0.149,0.600,67.282
308.280,-6.012,-0.162,0.600,67.522
308.300,-9.984,-0.164,0.600,67.761
308.320,-13.799,-0.168,0.600,67.983
308.340,-17.367,-0.160,0.600,68.176
308.360,-20.725,-0.160,0.600,68.328
308.380,-23.754,-0.142,0.600,68.435
308.400,-26.426,-0.133,0.600,68.488
308.420,-28.746,-0.108,0.600,68.488
308.440,-30.604,-0.088,0.600,68.433
308.460,-32.010,-0.061,0.600,68.330
308.480,-32.947,-0.030,0.600,68.184
308.500,-33.352,-0.003,0.600,68.006
308.520,-33.346,0.033,0.600,67.808
308.540,-32.848,0.060,0.600,67.604
308.560,-31.822,0.101,0.600,67.405
308.580,-30.346,0.133,0.600,67.225
308.600,-28.412,0.174,0.600,67.075
308.620,-26.068,0.204,0.600,66.964
308.640,-23.344,0.244,0.600,66.900
308.660,-20.227,0.266,0.600,66.888
308.680,-16.852,0.307,0.600,66.927
308.700,-13.225,0.325,0.600,67.020
308.720,-9.393,0.358,0.600,67.157
308.740,-5.402,0.375,0.600,67.335
308.760,-1.348,0.397,0.600,67.544
308.780,2.730,0.406,0.600,67.772
308.800,6.779,0.420,0.600,68.007
308.820,10.682,0.423,0.600,68.234
308.840,14.502,0.422,0.600,68.440
308.860,18.082,0.421,0.600,68.615
308.880,21.369,0.412,0.600,68.746
308.900,24.398,0.398,0.600,68.830
308.920,27.023,0.380,0.600,68.855
308.940,29.279,0.360,0.600,68.824
308.960,31.084,0.340,0.600,68.737
308.980,32.461,0.309,0.600,68.603
309.000,33.346,0.279,0.600,68.424
309.020,33.768,0.248,0.600,68.216
309.040,33.691,0.216,0.600,67.986
309.060,33.105,0.184,0.600,67.750
309.080,32.068,0.144,0.600,67.520
309.100,30.539,0.109,0.600,67.309
309.120,28.617,0.071,0.600,67.128
309.140,26.244,0.043,0.600,66.988
309.160,23.461,0.001,0.600,66.892
309.180,20.373,-0.023,0.600,66.851
309.200,16.975,-0.063,0.600,66.859
309.220,13.312,-0.077,0.600,66.925
309.240,9.486,-0.109,0.600,67.030
309.260,5.520,-0.126,0.600,67.182
309.280,1.465,-0.145,0.600,67.359
309.300,-2.602,-0.155,0.600,67.559
309.320,-6.645,-0.165,0.600,67.762
309.340,-10.570,-0.171,0.601,67.962
309.360,-14.350,-0.164,0.601,68.141
309.380,-17.918,-0.164,0.601,68.288
309.400,-21.234,-0.154,0.601,68.394
309.420,-24.217,-0.141,0.601,68.452
309.440,-26.836,-0.125,0.601,68.457
309.460,-29.068,-0.103,0.601,68.407
309.480,-30.896,-0.079,0.601,68.305
309.500,-32.232,-0.054,0.601,68.155
309.520,-33.082,-0.023,0.601,67.967
309.540,-33.422,0.004,0.601,67.751
309.560,-33.340,0.040,0.601,67.519
309.580,-32.760,0.072,0.601,67.282
309.600,-31.699,0.112,0.601,67.055
309.620,-30.141,0.147,0.601,66.849
309.640,-28.125,0.180,0.601,66.676
309.660,-25.723,0.218,0.601,66.546
309.680,-22.934,0.253,0.601,66.466
309.700,-19.775,0.281,0.601,66.441
309.720,-16.354,0.315,0.601,66.468
309.740,-12.686,0.335,0.601,66.550
309.760,-8.818,0.367,0.601,66.680
309.780,-4.816,0.380,0.601,66.852
309.800,-0.750,0.405,0.601,67.056
309.820,3.322,0.414,0.601,67.281
309.840,7.348,0.423,0.601,67.512
309.860,11.262,0.424,0.601,67.737
309.880,15.047,0.426,0.601,67.942
309.900,18.586,0.424,0.601,68.117
309.920,21.844,0.416,0.601,68.253
309.940,24.814,0.398,0.601,68.341
309.960,27.393,0.385,0.601,68.376
309.980,29.590,0.356,0.601,68.356
310.000,31.318,0.341,0.601,68.280
310.020,32.631,0.308,0.601,68.161
310.040,33.445,0.281,0.601,68.002
310.060,33.779,0.253,0.601,67.815
310.080,33.627,0.216,0.601,67.613
310.100,32.982,0.182,0.601,67.407
310.120,31.881,0.143,0.601,67.210
310.140,30.287,0.110,0.601,67.035
310.160,28.271,0.069,0.601,66.892
310.180,25.852,0.040,0.601,66.793
310.200,23.016,0.004,0.601,66.741
310.220,19.869,-0.028,0.601,66.745
310.240,16.441,-0.055,0.601,66.800
310.260,12.744,-0.079,0.601,66.909
310.280,8.895,-0.106,0.601,67.061
310.300,4.922,-0.122,0.601,67.255
310.320,0.873,-0.136,0.601,67.475
310.340,-3.211,-0.157,0.601,67.712
310.360,-7.248,-0.156,0.601,67.956
310.380,-11.139,-0.173,0.603,68.186
310.400,-14.889,-0.157,0.603,68.397
310.420,-18.404,-0.168,0.603,68.571
310.440,-21.697,-0.143,0.603,68.704
310.460,-24.627,-0.143,0.603,68.781
310.480,-27.170,-0.118,0.603,68.807
310.500,-29.355,-0.105,0.603,68.773
310.520,-31.078,-0.074,0.603,68.687
310.540,-32.350,-0.050,0.603,68.551
310.560,-33.152,-0.017,0.603,68.376
310.580,-33.434,0.008,0.603,68.172
310.600,-33.270,0.046,0.603,67.952
310.620,-32.602,0.074,0.603,67.727
310.640,-31.465,0.119,0.603,67.511
310.660,-29.818,0.143,0.603,67.317
310.680,-27.762,0.183,0.603,67.154
310.700,-25.301,0.216,0.603,67.033
310.720,-22.441,0.248,0.603,66.959
310.740,-19.248,0.295,0.603,66.936
310.760,-15.785,0.302,0.603,66.970
310.780,-12.094,0.352,0.603,67.047
310.800,-8.215,0.353,0.603,67.176
310.820,-4.184,0.396,0.603,67.335
310.840,-0.123,0.387,0.603,67.529
310.860,3.949,0.427,0.603,67.727
310.880,7.951,0.404,0.603,67.941
310.900,11.854,0.439,0.612,68.130
310.920,15.604,0.403,0.612,68.310
310.940,19.096,0.434,0.612,68.441
310.960,22.312,0.389,0.612,68.545
310.980,25.248,0.412,0.612,68.583
311.000,27.732,0.360,0.612,68.581
311.020,29.877,0.369,0.612,68.510
311.040,31.547,0.312,0.612,68.399
311.060,32.783,0.315,0.612,68.230
311.080,33.521,0.258,0.612,68.033
311.100,33.791,0.248,0.612,67.802
311.120,33.562,0.196,0.612,67.317
311.140,32.842,0.175,0.612,67.317
311.160,31.658,0.126,0.612,67.085
311.180,30.000,0.099,0.612,66.877
311.200,27.949,0.061,0.612,66.702
311.220,25.430,0.025,0.612,66.573
311.240,22.564,-0.004,0.612,66.492
311.260,19.371,-0.036,0.612,66.466
311.280,15.891,-0.058,0.612,66.491
311.300,12.187,-0.097,0.612,66.570
311.320,8.309,-0.106,0.612,66.698
311.340,4.318,-0.145,0.612,66.862
311.360,0.275,-0.141,0.612,67.061
311.380,-3.797,-0.173,0.612,67.270
311.400,-7.816,-0.154,0.612,67.494
311.420,-11.719,-0.183,0.623,67.694
311.440,-15.422,-0.155,0.623,67.888
311.460,-18.908,-0.176,0.623,68.035
311.480,-22.131,-0.142,0.623,68.152
311.500,-25.002,-0.153,0.623,68.208
311.520,-27.521,-0.109,0.623,68.223
311.540,-29.643,-0.112,0.623,68.174
311.560,-31.289,-0.067,0.623,67.940
311.580,-32.496,-0.055,0.623,67.940
311.600,-33.187,-0.011,0.623,67.766
311.620,-33.428,0.008,0.623,67.565
311.640,-33.187,0.051,0.623,67.353
311.660,-32.443,0.078,0.623,67.140
311.680,-31.230,0.117,0.623,66.941
311.700,-29.525,0.149,0.623,66.767
311.720,-27.416,0.186,0.623,66.629
311.740,-24.891,0.224,0.623,66.536
311.760,-21.996,0.253,0.623,66.493
311.780,-18.762,0.293,0.623,66.506
311.800,-15.246,0.312,0.623,66.573
311.820,-11.514,0.344,0.623,66.691
311.840,-7.629,0.361,0.623,66.856
311.860,-3.574,0.389,0.623,67.057
311.880,0.486,0.396,0.623,67.288
311.900,4.553,0.417,0.623,67.531
311.920,8.549,0.418,0.623,67.782
311.940,12.439,0.423,0.623,68.015
311.960,16.137,0.418,0.623,68.226
311.980,19.588,0.423,0.623,68.400
312.000,22.775,0.401,0.623,68.533
312.020,25.635,0.398,0.623,68.609
312.040,28.084,0.368,0.623,68.634
312.060,30.146,0.358,0.623,68.598
312.080,31.758,0.322,0.623,68.514
312.100,32.930,0.303,0.623,68.380
312.120,33.598,0.265,0.623,68.213
312.140,33.785,0.240,0.623,68.016
312.160,33.504,0.200,0.623,67.806
312.180,32.695,0.169,0.623,67.594
312.200,31.453,0.127,0.623,67.395
312.220,29.713,0.100,0.623,67.219
312.240,27.592,0.058,0.623,67.078
312.260,25.014,0.029,0.623,66.982
312.280,22.090,-0.004,0.623,66.932
312.300,18.879,-0.036,0.623,66.936
312.320,15.346,-0.067,0.623,66.989
312.340,11.619,-0.093,0.623,67.096
312.360,7.717,-0.110,0.623,67.243
312.380,3.715,-0.128,0.623,67.426
312.400,-0.357,-0.149,0.623,67.631
312.420,-4.418,-0.155,0.623,67.851
312.440,-8.432,-0.166,0.623,68.067
312.460,-12.293,-0.160,0.623,68.272
312.480,-15.973,-0.167,0.623,68.447
312.500,-19.436,-0.157,0.623,68.590
312.520,-22.594,-0.146,0.623,68.681
312.540,-25.406,-0.133,0.623,68.721
312.560,-27.885,-0.112,0.623,68.703
312.580,-29.924,-0.093,0.623,68.631
312.600,-31.535,-0.062,0.623,68.507
312.620,-32.660,-0.042,0.623,68.336
312.640,-33.252,-0.004,0.623,68.133
312.660,-33.434,0.019,0.623,67.902
312.680,-33.100,0.061,0.623,67.660
312.700,-32.320,0.086,0.623,67.418
312.720,-31.037,0.126,0.623,67.190
312.740,-29.250,0.158,0.623,66.988
312.760,-27.070,0.199,0.623,66.821
312.780,-24.463,0.229,0.623,66.701
312.800,-21.521,0.266,0.623,66.630
312.820,-18.246,0.299,0.623,66.650
312.840,-14.713,0.323,0.623,66.650
312.860,-10.916,0.351,0.623,66.736
312.880,-6.990,0.371,0.623,66.867
312.900,-2.977,0.394,0.623,67.031
312.920,1.107,0.406,0.623,67.227
312.940,5.162,0.419,0.623,67.431
312.960,9.146,0.421,0.623,67.644
312.980,13.002,0.427,0.623,67.833
313.000,16.687,0.423,0.623,68.009
313.020,20.098,0.418,0.623,68.140
313.040,23.232,0.404,0.623,68.234
313.060,26.027,0.394,0.623,68.272
313.080,28.430,0.369,0.623,68.263
313.100,30.416,0.352,0.623,68.194
313.120,31.969,0.319,0.623,68.080
313.140,33.059,0.297,0.623,67.919
313.160,33.662,0.261,0.623,67.728
313.180,33.768,0.233,0.623,67.513
313.200,33.416,0.199,0.623,67.290
313.220,32.543,0.166,0.623,67.069
313.240,31.213,0.124,0.623,66.865
313.260,29.426,0.089,0.623,66.688
313.280,27.240,0.055,0.623,66.550
313.300,24.598,0.023,0.623,66.458
313.320,21.633,-0.012,0.623,66.421
313.340,18.369,-0.044,0.623,66.433
313.360,14.795,-0.068,0.623,66.508
313.380,11.027,-0.096,0.623,66.624
313.400,7.125,-0.116,0.623,66.796
313.420,3.111,-0.137,0.623,66.992
313.440,-0.967,-0.148,0.623,67.228
313.460,-5.016,-0.162,0.623,67.460
313.480,-9.000,-0.166,0.623,67.710
313.500,-12.838,-0.168,0.623,67.926
313.520,-16.482,-0.166,0.623,68.136
313.540,-19.893,-0.159,0.623,68.290
313.560,-23.045,-0.145,0.623,68.417
313.580,-25.787,-0.137,0.623,68.473
313.600,-28.178,-0.113,0.623,68.492
313.620,0.000,-0.067,0.623,68.440
313.640,0.000,-0.042,0.623,68.475
313.660,0.000,-0.009,0.623,68.472
313.680,0.000,0.022,0.623,68.454
313.700,0.000,0.054,0.623,68.419
313.720,0.000,0.090,0.623,68.383
313.740,0.000,0.128,0.623,68.352
313.760,0.000,0.163,0.623,68.340
313.780,0.000,0.197,0.623,68.355
313.800,0.000,0.232,0.623,68.405
313.820,0.000,0.259,0.623,68.499
313.840,0.000,0.297,0.623,68.639
313.860,0.000,0.319,0.623,68.831
313.880,0.000,0.352,0.623,69.374
313.900,0.000,0.365,0.623,69.374
313.920,0.000,0.389,0.623,69.722
313.940,0.000,0.397,0.623,70.105
313.960,0.000,0.413,0.623,70.529
313.980,0.000,0.414,0.623,70.968
314.000,0.000,0.415,0.623,71.434
314.020,0.000,0.410,0.623,71.890
314.040,0.000,0.406,0.623,72.356
314.060,0.000,0.396,0.623,72.796
314.080,0.000,0.377,0.623,73.231
314.100,0.000,0.361,0.623,73.626
314.120,0.000,0.336,0.623,74.005
314.140,0.000,0.312,0.623,74.346
314.160,0.000,0.284,0.623,74.668
314.180,0.000,0.253,0.623,74.965
314.200,0.000,0.222,0.623,75.249
314.220,0.000,0.190,0.623,75.524
314.240,0.000,0.153,0.623,59.267
314.260,0.000,0.118,0.623,58.918
314.280,0.000,0.083,0.623,58.541
314.300,0.000,0.051,0.623,58.126
314.320,0.000,0.018,0.623,57.665
314.340,0.000,-0.013,0.623,57.153
314.360,0.000,-0.042,0.623,56.584
314.380,0.000,-0.065,0.623,55.961
314.400,0.000,-0.090,0.623,55.283
314.420,0.000,-0.113,0.623,54.557
314.440,0.000,-0.128,0.623,53.782
314.460,0.000,-0.139,0.623,52.976
314.480,0.000,-0.152,0.623,52.140
314.500,0.000,-0.155,0.623,51.290
314.520,0.000,-0.158,0.623,50.435
314.540,0.000,-0.152,0.623,49.586
314.560,0.000,-0.141,0.623,48.747
314.580,0.000,-0.133,0.623,47.937
314.600,0.000,-0.120,0.623,47.147
314.620,0.000,-0.101,0.623,46.392
314.640,0.000,-0.081,0.623,45.662
314.660,0.000,-0.053,0.623,44.964
314.680,0.000,-0.030,0.623,44.287
314.700,0.000,0.001,0.623,43.627
314.720,0.000,0.032,0.623,42.974
314.740,0.000,0.063,0.623,42.319
314.760,0.000,0.099,0.623,41.648
314.780,0.000,0.131,0.623,40.952
314.800,0.000,0.166,0.623,40.219
314.820,0.000,0.197,0.623,39.439
314.840,0.000,0.230,0.623,38.606
314.860,0.000,0.260,0.623,37.714
314.880,0.000,0.291,0.623,36.761
314.900,0.000,0.312,0.623,35.748
314.920,0.000,0.342,0.623,34.681
314.940,0.000,0.356,0.623,33.567
314.960,0.000,0.378,0.623,32.421
314.980,0.000,0.389,0.623,31.245
315.000,0.000,0.401,0.623,30.061
315.020,0.000,0.401,0.623,28.876
315.040,0.000,0.406,0.623,27.713
315.060,0.000,0.402,0.623,26.569
315.080,0.000,0.399,0.623,25.461
315.100,0.000,0.385,0.623,24.391
315.120,0.000,0.371,0.623,23.364
315.140,0.000,0.352,0.623,22.378
315.160,0.000,0.331,0.623,21.426
315.180,0.000,0.309,0.623,20.502
315.200,0.000,0.280,0.623,18.674
315.220,0.000,0.251,0.623,18.674
315.240,0.000,0.222,0.623,17.740
315.260,0.000,0.190,0.623,16.768
315.280,0.000,0.157,0.623,15.738
315.300,0.000,0.124,0.623,14.634
315.320,0.000,0.092,0.623,13.441
315.340,0.000,0.058,0.623,12.145
315.360,0.000,0.028,0.623,10.744
315.380,0.000,-0.004,0.623,9.237
315.400,0.000,-0.031,0.623,7.631
315.420,0.000,-0.054,0.623,5.948
315.440,0.000,-0.075,0.623,4.210
315.460,0.000,-0.096,0.623,2.447
315.480,0.000,-0.116,0.623,0.686
315.500,0.000,-0.126,0.623,-1.034
315.520,0.000,-0.138,0.623,-2.684
315.540,0.000,-0.143,0.623,-4.235
315.560,0.000,-0.145,0.623,-5.669
315.580,0.000,-0.141,0.623,-6.969
315.600,0.000,-0.136,0.623,-8.134
315.620,0.000,-0.125,0.623,-9.167
315.640,0.000,-0.109,0.623,-10.088
315.660,0.000,-0.093,0.623,-128.411
315.680,0.000,-0.075,0.623,-131.820
315.700,0.000,-0.050,0.623,-135.303
315.720,0.000,-0.028,0.623,-142.542
315.740,0.000,0.002,0.623,-142.542
315.760,0.000,0.031,0.623,-150.432
315.780,0.000,0.059,0.623,-150.432
315.800,0.000,0.090,0.623,-103.429
315.820,0.000,0.122,0.623,-114.345
315.840,0.000,0.157,0.623,-125.577
315.860,0.000,0.186,0.623,-149.605
315.880,0.000,0.218,0.623,-149.605
315.900,0.000,0.244,0.617,-162.552
315.920,0.000,0.273,0.617,160.711
315.940,0.000,0.298,0.611,160.711
315.960,0.000,0.323,0.611,180.000
315.980,0.000,0.341,0.611,180.000
316.000,0.000,0.357,0.611,180.000
316.020,0.000,0.372,0.611,180.000
316.040,0.000,0.378,0.611,180.000
316.060,0.000,0.389,0.611,180.000
316.080,0.000,0.385,0.611,180.000
316.100,0.000,0.386,0.611,180.000
316.120,0.000,0.377,0.611,180.000
316.140,0.000,0.373,0.611,180.000
316.160,0.000,0.354,0.611,124.008
316.180,0.000,0.337,0.611,0.000
316.200,0.000,0.316,0.611,0.000
316.220,0.000,0.297,0.611,0.000
316.240,0.000,0.271,0.611,0.000
316.260,0.000,0.244,0.611,0.000
316.280,0.000,0.212,0.611,0.000
316.300,0.000,0.184,0.611,0.000
316.320,0.000,0.154,0.611,0.000
316.340,0.000,0.122,0.611,0.000
316.360,0.000,0.092,0.611,0.000
316.380,0.000,0.056,0.611,0.000
316.400,0.000,0.030,0.611,0.000
316.420,0.000,0.002,0.603,0.000
316.440,0.000,-0.021,0.603,0.000
316.460,0.000,-0.051,0.595,0.000
316.480,0.000,-0.067,0.595,0.000
316.500,0.000,-0.088,0.595,0.000
316.520,0.000,-0.100,0.595,0.000
316.540,0.000,-0.118,0.595,0.000
316.560,0.000,-0.124,0.595,0.000
316.580,0.000,-0.133,0.595,0.000
316.600,0.000,-0.128,0.595,0.000
316.620,0.000,-0.132,0.595,0.000
316.640,0.000,-0.125,0.595,0.000
316.660,0.000,-0.114,0.595,0.000
316.680,0.000,-0.103,0.595,0.000
316.700,0.000,-0.083,0.595,0.000
316.720,0.000,-0.067,0.595,0.000
316.740,0.000,-0.044,0.595,0.000
316.760,0.000,-0.020,0.595,0.000
316.780,0.000,0.007,0.595,0.000
316.800,0.000,0.033,0.595,0.000
316.820,0.000,0.062,0.595,0.000
316.840,0.000,0.092,0.595,0.000
316.860,0.000,0.121,0.595,0.000
316.880,0.000,0.154,0.595,0.000
316.900,0.000,0.182,0.595,0.000
316.920,0.000,0.213,0.595,0.000
316.940,0.000,0.242,0.595,0.000
316.960,0.000,0.269,0.595,0.000
316.980,0.000,0.292,0.595,0.000
317.000,0.000,0.314,0.595,0.000
317.020,0.000,0.331,0.595,0.000
317.040,0.000,0.350,0.595,0.000
317.060,0.000,0.364,0.595,0.000
317.080,0.000,0.371,0.595,0.000
317.100,0.000,0.376,0.595,0.000
317.120,0.000,0.377,0.595,0.000
317.140,0.000,0.377,0.595,0.000
317.160,0.000,0.370,0.595,0.000
317.180,0.000,0.363,0.595,0.000
317.200,0.000,0.345,0.595,0.000
317.220,0.000,0.335,0.595,0.000
317.240,0.000,0.313,0.595,0.000
317.260,0.000,0.294,0.595,0.000
317.280,0.000,0.266,0.595,0.000
317.300,0.000,0.242,0.595,0.000
317.320,0.000,0.215,0.595,0.000
317.340,0.000,0.188,0.595,0.000
317.360,0.000,0.157,0.595,0.000
317.380,0.000,0.129,0.595,0.000
317.400,0.000,0.098,0.595,0.000
317.420,0.000,0.070,0.595,0.000
317.440,0.000,0.041,0.595,0.000
317.460,0.000,0.016,0.595,0.000
317.480,0.000,-0.013,0.595,0.000
317.500,0.000,-0.033,0.595,0.000
317.520,0.000,-0.054,0.595,0.000
317.540,0.000,-0.071,0.595,0.000
317.560,0.000,-0.087,0.595,0.000
317.580,0.000,-0.100,0.595,0.000
317.600,0.000,-0.110,0.595,0.000
317.620,0.000,-0.116,0.595,0.000
317.640,0.000,-0.116,0.595,0.000
317.660,0.000,-0.115,0.595,0.000
317.680,0.000,-0.110,0.595,0.000
317.700,0.000,-0.100,0.595,0.000
317.720,0.000,-0.090,0.595,0.000
317.740,0.000,-0.073,0.595,0.000
317.760,0.000,-0.052,0.595,0.000
317.780,0.000,-0.035,0.595,0.000
317.800,0.000,-0.011,0.595,0.000
317.820,0.000,0.012,0.595,0.000
317.840,0.000,0.037,0.595,0.000
317.860,0.000,0.067,0.595,0.000
317.880,0.000,0.092,0.595,0.000
317.900,0.000,0.120,0.595,0.000
317.920,0.000,0.149,0.595,0.000
317.940,0.000,0.180,0.595,0.000
317.960,0.000,0.204,0.595,0.000
317.980,0.000,0.232,0.591,0.000
318.000,0.000,0.256,0.587,0.000
318.020,0.000,0.282,0.583,0.000
318.040,0.000,0.299,0.583,0.000
318.060,0.000,0.320,0.583,0.000
318.080,0.000,0.333,0.583,0.000
318.100,0.000,0.347,0.583,0.000
318.120,0.000,0.354,0.583,0.000
318.140,0.000,0.358,0.583,0.000
318.160,0.000,0.361,0.583,0.000
318.180,0.000,0.359,0.583,0.000
318.200,0.000,0.354,0.583,0.000
318.220,0.000,0.347,0.583,0.000
318.240,0.000,0.333,0.583,0.000
318.260,0.000,0.318,0.583,0.000
318.280,0.000,0.300,0.583,0.000
318.300,0.000,0.282,0.583,0.000
318.320,0.000,0.260,0.583,0.000
318.340,0.000,0.233,0.583,0.000
318.360,0.000,0.207,0.583,0.000
318.380,0.000,0.181,0.583,0.000
318.400,0.000,0.151,0.583,0.000
318.420,0.000,0.127,0.583,0.000
318.440,0.000,0.095,0.583,0.000
318.460,0.000,0.070,0.583,0.000
318.480,0.000,0.041,0.583,0.000
318.500,0.000,0.017,0.581,0.000
318.520,0.000,-0.009,0.574,0.000
318.540,0.000,-0.029,0.573,0.000
318.560,0.000,-0.049,0.573,0.000
318.580,0.000,-0.067,0.573,0.000
318.600,0.000,-0.080,0.573,0.000
318.620,0.000,-0.093,0.573,0.000
318.640,0.000,-0.101,0.573,0.000
318.660,0.000,-0.109,0.573,0.000
318.680,0.000,-0.104,0.573,0.000
318.700,0.000,-0.104,0.573,0.000
318.720,0.000,-0.096,0.573,0.000
318.740,0.000,-0.095,0.573,0.000
318.760,0.000,-0.083,0.573,0.000
318.780,0.000,-0.067,0.573,0.000
318.800,0.000,-0.049,0.573,0.000
318.820,0.000,-0.029,0.573,0.000
318.840,0.000,-0.010,0.573,0.000
318.860,0.000,0.014,0.573,0.000
318.880,0.000,0.038,0.573,0.000
318.900,0.000,0.064,0.573,0.000
318.920,0.000,0.091,0.573,0.000
318.940,0.000,0.118,0.573,0.000
318.960,0.000,0.149,0.573,0.000
318.980,0.000,0.171,0.573,0.000
319.000,0.000,0.205,0.568,0.000
319.020,0.000,0.224,0.564,0.000
319.040,0.000,0.248,0.564,0.000
319.060,0.000,0.269,0.564,0.000
319.080,0.000,0.290,0.564,0.000
319.100,0.000,0.307,0.564,0.000
319.120,0.000,0.326,0.564,0.000
319.140,0.000,0.331,0.564,0.000
319.160,0.000,0.346,0.564,0.000
319.180,0.000,0.346,0.564,0.000
319.200,0.000,0.354,0.564,0.000
319.220,0.000,0.346,0.564,0.000
319.240,0.000,0.347,0.564,0.000
319.260,0.000,0.336,0.564,0.000
319.280,0.000,0.330,0.564,0.000
319.300,0.000,0.309,0.564,0.000
319.320,0.000,0.300,0.564,0.000
319.340,0.000,0.274,0.564,0.000
319.360,0.000,0.260,0.564,0.000
319.380,0.000,0.236,0.564,0.000
319.400,0.000,0.207,0.564,0.000
319.420,0.000,0.185,0.564,0.000
319.440,0.000,0.155,0.564,0.000
319.460,0.000,0.132,0.564,0.000
319.480,0.000,0.103,0.564,0.000
319.500,0.000,0.081,0.564,0.000
319.520,0.000,0.045,0.558,0.000
319.540,0.000,0.035,0.551,0.000
319.560,0.000,0.002,0.551,0.000
319.580,0.000,-0.011,0.551,0.000
319.600,0.000,-0.037,0.551,0.000
319.620,0.000,-0.043,0.551,0.000
319.640,0.000,-0.064,0.551,0.000
319.660,0.000,-0.076,0.551,0.000
319.680,0.000,-0.082,0.551,0.000
319.700,0.000,-0.089,0.551,0.000
319.720,0.000,-0.088,0.551,0.000
319.740,0.000,-0.091,0.551,0.000
319.760,0.000,-0.085,0.551,0.000
319.780,0.000,-0.081,0.551,0.000
319.800,0.000,-0.065,0.551,0.000
319.820,0.000,-0.051,0.551,0.000
319.840,0.000,-0.038,0.551,0.000
319.860,0.000,-0.021,0.551,0.000
319.880,0.000,-0.000,0.551,0.000
319.900,0.000,0.021,0.551,0.000
319.920,0.000,0.044,0.551,0.000
319.940,0.000,0.069,0.551,0.000
319.960,0.000,0.095,0.551,0.000
319.980,0.000,0.122,0.551,0.000
320.000,0.000,0.148,0.551,0.000
320.020,0.000,0.174,0.551,0.000
320.040,0.000,0.198,0.547,0.000
320.060,0.000,0.220,0.544,0.000
320.080,0.000,0.244,0.533,0.000
320.100,0.000,0.264,0.533,0.000
320.120,0.000,0.281,0.533,0.000
320.140,0.000,0.302,0.533,0.000
320.160,0.000,0.315,0.533,0.000
320.180,0.000,0.323,0.533,0.000
320.200,0.000,0.336,0.533,0.000
320.220,0.000,0.337,0.533,0.000
320.240,0.000,0.342,0.533,0.000
320.260,0.000,0.336,0.533,0.000
320.280,0.000,0.340,0.533,0.000
320.300,0.000,0.326,0.533,0.000
320.320,0.000,0.321,0.533,0.000
320.340,0.000,0.302,0.533,0.000
320.360,0.000,0.290,0.533,0.000
320.380,0.000,0.269,0.533,0.000
320.400,0.000,0.254,0.533,0.000
320.420,0.000,0.224,0.533,0.000
320.440,0.000,0.207,0.533,0.000
320.460,0.000,0.178,0.533,0.000
320.480,0.000,0.157,0.533,0.000
320.500,0.000,0.129,0.533,0.000
320.520,0.000,0.103,0.533,0.000
320.540,0.000,0.080,0.533,0.000
320.560,0.000,0.054,0.529,0.000
320.580,0.000,0.031,0.524,0.000
320.600,0.000,0.007,0.521,0.000
320.620,0.000,-0.009,0.521,0.000
320.640,0.000,-0.032,0.521,0.000
320.660,0.000,-0.045,0.521,0.000
320.680,0.000,-0.058,0.521,0.000
320.700,0.000,-0.070,0.521,0.000
320.720,0.000,-0.079,0.521,0.000
320.740,0.000,-0.083,0.521,0.000
320.760,0.000,-0.088,0.521,0.000
320.780,0.000,-0.087,0.521,0.000
320.800,0.000,-0.080,0.521,0.000
320.820,0.000,-0.074,0.521,0.000
320.840,0.000,-0.058,0.521,0.000
320.860,0.000,-0.052,0.521,0.000
320.880,0.000,-0.033,0.521,0.000
320.900,0.000,-0.025,0.521,0.000
320.920,0.000,0.004,0.521,0.000
320.940,0.000,0.015,0.521,0.000
320.960,0.000,0.045,0.521,0.000
320.980,0.000,0.062,0.521,0.000
321.000,0.000,0.093,0.521,0.000
321.020,0.000,0.113,0.521,0.000
321.040,0.000,0.140,0.521,0.000
321.060,0.000,0.166,0.519,0.000
321.080,0.000,0.187,0.519,0.000
321.100,0.000,0.212,0.510,0.000
321.120,0.000,0.231,0.510,0.000
321.140,0.000,0.257,0.510,0.000
321.160,0.000,0.269,0.510,0.000
321.180,0.000,0.290,0.510,0.000
321.200,0.000,0.297,0.510,0.000
321.220,0.000,0.316,0.510,0.000
321.240,0.000,0.318,0.510,0.000
321.260,0.000,0.327,0.510,0.000
321.280,0.000,0.325,0.510,0.000
321.300,0.000,0.331,0.510,0.000
321.320,0.000,0.322,0.510,0.000
321.340,0.000,0.320,0.510,0.000
321.360,0.000,0.307,0.510,0.000
321.380,0.000,0.298,0.510,0.000
321.400,0.000,0.276,0.510,0.000
321.420,0.000,0.265,0.510,0.000
321.440,0.000,0.243,0.510,0.000
321.460,0.000,0.224,0.510,0.000
321.480,0.000,0.201,0.510,0.000
321.500,0.000,0.180,0.510,0.000
321.520,0.000,0.155,0.510,0.000
321.540,0.000,0.132,0.510,0.000
321.560,0.000,0.108,0.510,0.000
321.580,0.000,0.082,0.509,0.000
321.600,0.000,0.062,0.509,0.000
321.620,0.000,0.039,0.502,0.000
321.640,0.000,0.020,0.494,0.000
321.660,0.000,0.000,0.494,0.000
321.680,0.000,-0.020,0.494,0.000
321.700,0.000,-0.034,0.494,0.000
321.720,0.000,-0.043,0.494,0.000
321.740,0.000,-0.055,0.494,0.000
321.760,0.000,-0.061,0.494,0.000
321.780,0.000,-0.071,0.494,0.000
321.800,0.000,-0.073,0.494,0.000
321.820,0.000,-0.075,0.494,0.000
321.840,0.000,-0.063,0.494,0.000
321.860,0.000,-0.067,0.494,0.000
321.880,0.000,-0.042,0.494,0.000
321.900,0.000,-0.045,0.494,0.000
321.920,0.000,-0.017,0.494,0.000
321.940,0.000,-0.017,0.494,0.000
321.960,0.000,0.016,0.494,0.000
321.980,0.000,0.022,0.494,0.000
322.000,0.000,0.057,0.494,0.000
322.020,0.000,0.067,0.494,0.000
322.040,0.000,0.101,0.494,0.000
322.060,0.000,0.115,0.494,0.000
322.080,0.000,0.145,0.494,0.000
322.100,0.000,0.161,0.494,0.000
322.120,0.000,0.188,0.493,0.000
322.140,0.000,0.207,0.487,0.000
322.160,0.000,0.232,0.479,0.000
322.180,0.000,0.250,0.478,0.000
322.200,0.000,0.267,0.478,0.000
322.220,0.000,0.282,0.478,0.000
322.240,0.000,0.294,0.478,0.000
322.260,0.000,0.308,0.478,0.000
322.280,0.000,0.314,0.478,0.000
322.300,0.000,0.323,0.478,0.000
322.320,0.000,0.318,0.478,0.000
322.340,0.000,0.324,0.478,0.000
322.360,0.000,0.314,0.478,0.000
322.380,0.000,0.315,0.478,0.000
322.400,0.000,0.298,0.478,0.000
322.420,0.000,0.297,0.478,0.000
322.440,0.000,0.270,0.478,0.000
322.460,0.000,0.265,0.478,0.000
322.480,0.000,0.237,0.478,0.000
322.500,0.000,0.222,0.478,0.000
322.520,0.000,0.198,0.478,0.000
322.540,0.000,0.183,0.478,0.000
322.560,0.000,0.157,0.478,0.000
322.580,0.000,0.137,0.478,0.000
322.600,0.000,0.108,0.478,0.000
322.620,0.000,0.087,0.478,0.000
322.640,0.000,0.064,0.476,0.000
322.660,0.000,0.044,0.471,0.000
322.680,0.000,0.025,0.471,0.000
322.700,0.000,0.004,0.471,0.000
322.720,0.000,-0.011,0.471,0.000
322.740,0.000,-0.027,0.471,0.000
322.760,0.000,-0.036,0.471,0.000
322.780,0.000,-0.049,0.471,0.000
322.800,0.000,-0.054,0.471,0.000
322.820,0.000,-0.062,0.471,0.000
322.840,0.000,-0.066,0.471,0.000
322.860,0.000,-0.062,0.471,0.000
322.880,0.000,-0.058,0.471,0.000
322.900,0.000,-0.053,0.471,0.000
322.920,0.000,-0.045,0.471,0.000
322.940,0.000,-0.033,0.471,0.000
322.960,0.000,-0.021,0.471,0.000
322.980,0.000,-0.012,0.471,0.000
323.000,0.000,0.015,0.471,0.000
323.020,0.000,0.026,0.471,0.000
323.040,0.000,0.047,0.471,0.000
323.060,0.000,0.066,0.471,0.000
323.080,0.000,0.085,0.471,0.000
323.100,0.000,0.118,0.471,0.000
323.120,0.000,0.128,0.471,0.000
323.140,0.000,0.163,0.471,0.000
323.160,0.000,0.169,0.468,0.000
323.180,0.000,0.207,0.463,0.000
323.200,0.000,0.215,0.463,0.000
323.220,0.000,0.242,0.463,0.000
323.240,0.000,0.250,0.463,0.000
323.260,0.000,0.273,0.463,0.000
323.280,0.000,0.279,0.463,0.000
323.300,0.000,0.291,0.463,0.000
323.320,0.000,0.301,0.463,0.000
323.340,0.000,0.298,0.463,0.000
323.360,0.000,0.312,0.463,0.000
323.380,0.000,0.298,0.463,0.000
323.400,0.000,0.312,0.463,0.000
323.420,0.000,0.289,0.463,0.000
323.440,0.000,0.301,0.463,0.000
323.460,0.000,0.267,0.463,0.000
323.480,0.000,0.276,0.463,0.000
323.500,0.000,0.241,0.463,0.000
323.520,0.000,0.245,0.463,0.000
323.540,0.000,0.202,0.463,0.000
323.560,0.000,0.206,0.463,0.000
323.580,0.000,0.166,0.463,0.000
323.600,0.000,0.158,0.463,0.000
323.620,0.000,0.128,0.463,0.000
323.640,0.000,0.113,0.463,0.000
323.660,0.000,0.090,0.458,0.000
323.680,0.000,0.063,0.458,0.000
323.700,0.000,0.050,0.450,0.000
323.720,0.000,0.022,0.449,0.000
323.740,0.000,0.016,0.445,0.000
323.760,0.000,-0.013,0.445,0.000
323.780,0.000,-0.013,0.445,0.000
323.800,0.000,-0.038,0.445,0.000
323.820,0.000,-0.033,0.445,0.000
323.840,0.000,-0.058,0.445,0.000
323.860,0.000,-0.046,0.445,0.000
323.880,0.000,-0.059,0.445,0.000
323.900,0.000,-0.046,0.445,0.000
323.920,0.000,-0.054,0.445,0.000
323.940,0.000,-0.042,0.445,0.000
323.960,0.000,-0.037,0.445,0.000
323.980,0.000,-0.028,0.445,0.000
324.000,0.000,-0.011,0.445,0.000
324.020,0.000,-0.006,0.445,0.000
324.040,0.000,0.027,0.445,0.000
324.060,0.000,0.023,0.445,0.000
324.080,0.000,0.065,0.445,0.000
324.100,0.000,0.058,0.445,0.000
324.120,0.000,0.103,0.445,0.000
324.140,0.000,0.102,0.445,0.000
324.160,0.000,0.147,0.445,0.000
324.180,0.000,0.152,0.445,0.000
324.200,0.000,0.185,0.437,0.000
324.220,0.000,0.191,0.437,0.000
324.240,0.000,0.221,0.433,0.000
324.260,0.000,0.230,0.433,0.000
324.280,0.000,0.254,0.433,0.000
324.300,0.000,0.268,0.433,0.000
324.320,0.000,0.277,0.433,0.000
324.340,0.000,0.288,0.433,0.000
324.360,0.000,0.291,0.433,0.000
324.380,0.000,0.305,0.433,0.000
324.400,0.000,0.301,0.433,0.000
324.420,0.000,0.306,0.433,0.000
324.440,0.000,0.296,0.433,0.000
324.460,0.000,0.300,0.433,0.000
324.480,0.000,0.279,0.433,0.000
324.500,0.000,0.275,0.433,0.000
324.520,0.000,0.261,0.433,0.000
324.540,0.000,0.253,0.433,0.000
324.560,0.000,0.232,0.433,0.000
324.580,0.000,0.219,0.433,0.000
324.600,0.000,0.198,0.433,0.000
324.620,0.000,0.180,0.433,0.000
324.640,0.000,0.158,0.433,0.000
324.660,0.000,0.137,0.433,0.000
324.680,0.000,0.119,0.433,0.000
324.700,0.000,0.093,0.433,0.000
324.720,0.000,0.079,0.433,0.000
324.740,0.000,0.051,0.430,0.000
324.760,0.000,0.038,0.430,0.000
324.780,0.000,0.019,0.430,0.000
324.800,0.000,0.008,0.430,0.000
324.820,0.000,-0.010,0.430,0.000
324.840,0.000,-0.017,0.430,0.000
324.860,0.000,-0.031,0.430,0.000
324.880,0.000,-0.036,0.430,0.000
324.900,0.000,-0.040,0.430,0.000
324.920,0.000,-0.046,0.430,0.000
324.940,0.000,-0.041,0.430,0.000
324.960,0.000,-0.041,0.430,0.000
324.980,0.000,-0.031,0.430,0.000
325.000,0.000,-0.031,0.430,0.000
325.020,0.000,-0.017,0.430,0.000
325.040,0.000,-0.011,0.430,0.000
325.060,0.000,0.010,0.430,0.000
325.080,0.000,0.022,0.430,0.000
325.100,0.000,0.038,0.430,0.000
325.120,0.000,0.058,0.430,0.000
325.140,0.000,0.073,0.430,0.000
325.160,0.000,0.095,0.430,0.000
325.180,0.000,0.111,0.430,0.000
325.200,0.000,0.132,0.430,0.000
325.220,0.000,0.149,0.430,0.000
325.240,0.000,0.174,0.428,0.000
325.260,0.000,0.187,0.428,0.000
325.280,0.000,0.211,0.420,0.000
325.300,0.000,0.222,0.420,0.000
325.320,0.000,0.244,0.420,0.000
325.340,0.000,0.249,0.420,0.000
325.360,0.000,0.271,0.420,0.000
325.380,0.000,0.266,0.420,0.000
325.400,0.000,0.289,0.420,0.000
325.420,0.000,0.278,0.420,0.000
325.440,0.000,0.294,0.420,0.000
325.460,0.000,0.279,0.420,0.000
325.480,0.000,0.293,0.420,0.000
325.500,0.000,0.275,0.420,0.000
325.520,0.000,0.279,0.420,0.000
325.540,0.000,0.257,0.420,0.000
325.560,0.000,0.257,0.420,0.000
325.580,0.000,0.234,0.420,0.000
325.600,0.000,0.228,0.420,0.000
325.620,0.000,0.203,0.420,0.000
325.640,0.000,0.196,0.420,0.000
325.660,0.000,0.164,0.420,0.000
325.680,0.000,0.157,0.420,0.000
325.700,0.000,0.126,0.420,0.000
325.720,0.000,0.121,0.420,0.000
325.740,0.000,0.088,0.420,0.000
325.760,0.000,0.082,0.418,0.000
325.780,0.000,0.049,0.412,0.000
325.800,0.000,0.045,0.407,0.000
325.820,0.000,0.015,0.407,0.000
325.840,0.000,0.012,0.407,0.000
325.860,0.000,-0.010,0.407,0.000
325.880,0.000,-0.012,0.407,0.000
325.900,0.000,-0.030,0.407,0.000
325.920,0.000,-0.029,0.407,0.000
325.940,0.000,-0.042,0.407,0.000
325.960,0.000,-0.036,0.407,0.000
325.980,0.000,-0.041,0.407,0.000
326.000,0.000,-0.034,0.407,0.000
326.020,0.000,-0.029,0.407,0.000
326.040,0.000,-0.025,0.407,0.000
326.060,0.000,-0.013,0.407,0.000
326.080,0.000,-0.005,0.407,0.000
326.100,0.000,0.010,0.407,0.000
326.120,0.000,0.021,0.407,0.000
326.140,0.000,0.042,0.407,0.000
326.160,0.000,0.054,0.407,0.000
326.180,0.000,0.078,0.407,0.000
326.200,0.000,0.093,0.407,0.000
326.220,0.000,0.112,0.407,0.000
326.240,0.000,0.131,0.407,0.000
326.260,0.000,0.149,0.407,0.000
326.280,0.000,0.169,0.407,0.000
326.300,0.000,0.187,0.400,0.000
326.320,0.000,0.202,0.400,0.000
326.340,0.000,0.228,0.400,0.000
326.360,0.000,0.236,0.400,0.000
326.380,0.000,0.253,0.400,0.000
326.400,0.000,0.256,0.400,0.000
326.420,0.000,0.271,0.400,0.000
326.440,0.000,0.274,0.400,0.000
326.460,0.000,0.287,0.400,0.000
326.480,0.000,0.275,0.400,0.000
326.500,0.000,0.288,0.400,0.000
326.520,0.000,0.272,0.400,0.000
326.540,0.000,0.281,0.400,0.000
326.560,0.000,0.268,0.400,0.000
326.580,0.000,0.267,0.400,0.000
326.600,0.000,0.247,0.400,0.000
326.620,0.000,0.241,0.400,0.000
326.640,0.000,0.221,0.400,0.000
326.660,0.000,0.210,0.400,0.000
326.680,0.000,0.188,0.400,0.000
326.700,0.000,0.174,0.400,0.000
326.720,0.000,0.154,0.400,0.000
326.740,0.000,0.137,0.400,0.000
326.760,0.000,0.115,0.400,0.000
326.780,0.000,0.099,0.400,0.000
326.800,0.000,0.082,0.400,0.000
326.820,0.000,0.063,0.391,0.000
326.840,0.000,0.054,0.391,0.000
326.860,0.000,0.029,0.390,0.000
326.880,0.000,0.033,0.390,0.000
326.900,0.000,-0.003,0.390,0.000
326.920,0.000,0.005,0.390,0.000
326.940,0.000,-0.025,0.390,0.000
326.960,0.000,-0.005,0.390,0.000
326.980,0.000,-0.035,0.390,0.000
327.000,0.000,-0.015,0.390,0.000
327.020,0.000,-0.036,0.390,0.000
327.040,0.000,-0.013,0.390,0.000
327.060,0.000,-0.026,0.390,0.000
327.080,0.000,-0.007,0.390,0.000
327.100,0.000,-0.008,0.390,0.000
327.120,0.000,0.006,0.390,0.000
327.140,0.000,0.024,0.390,0.000
327.160,0.000,0.028,0.390,0.000
327.180,0.000,0.051,0.390,0.000
327.200,0.000,0.053,0.390,0.000
327.220,0.000,0.089,0.390,0.000
327.240,0.000,0.088,0.390,0.000
327.260,0.000,0.124,0.390,0.000
327.280,0.000,0.120,0.390,0.000
327.300,0.000,0.161,0.390,0.000
327.320,0.000,0.153,0.390,0.000
327.340,0.000,0.198,0.380,0.000
327.360,0.000,0.190,0.380,0.000
327.380,0.000,0.230,0.378,0.000
327.400,0.000,0.218,0.378,0.000
327.420,0.000,0.254,0.378,0.000
327.440,0.000,0.243,0.378,0.000
327.460,0.000,0.272,0.378,0.000
327.480,0.000,0.261,0.378,0.000
327.500,0.000,0.279,0.378,0.000
327.520,0.000,0.265,0.378,0.000
327.540,0.000,0.279,0.378,0.000
327.560,0.000,0.269,0.378,0.000
327.580,0.000,0.272,0.378,0.000
327.600,0.000,0.259,0.378,0.000
327.620,0.000,0.255,0.378,0.000
327.640,0.000,0.240,0.378,0.000
327.660,0.000,0.232,0.378,0.000
327.680,0.000,0.218,0.378,0.000
327.700,0.000,0.201,0.378,0.000
327.720,0.000,0.188,0.378,0.000
327.740,0.000,0.166,0.378,0.000
327.760,0.000,0.158,0.378,0.000
327.780,0.000,0.128,0.378,0.000
327.800,0.000,0.121,0.378,0.000
327.820,0.000,0.092,0.378,0.000
327.840,0.000,0.089,0.375,0.000
327.860,0.000,0.055,0.371,0.000
327.880,0.000,0.057,0.371,0.000
327.900,0.000,0.023,0.371,0.000
327.920,0.000,0.029,0.371,0.000
327.940,0.000,-0.006,0.371,0.000
327.960,0.000,0.010,0.371,0.000
327.980,0.000,-0.025,0.371,0.000
328.000,0.000,-0.003,0.371,0.000
328.020,0.000,-0.040,0.371,0.000
328.040,0.000,-0.005,0.371,0.000
328.060,0.000,-0.043,0.371,0.000
328.080,0.000,-0.007,0.371,0.000
328.100,0.000,-0.034,0.371,0.000
328.120,0.000,0.004,0.371,0.000
328.140,0.000,-0.017,0.371,0.000
328.160,0.000,0.016,0.371,0.000
328.180,0.000,0.008,0.371,0.000
328.200,0.000,0.041,0.371,0.000
328.220,0.000,0.033,0.371,0.000
328.240,0.000,0.067,0.371,0.000
328.260,0.000,0.065,0.371,0.000
328.280,0.000,0.101,0.371,0.000
328.300,0.000,0.099,0.371,0.000
328.320,0.000,0.137,0.371,0.000
328.340,0.000,0.135,0.371,0.000
328.360,0.000,0.169,0.371,0.000
328.380,0.000,0.170,0.371,0.000
328.400,0.000,0.201,0.365,0.000
328.420,0.000,0.201,0.365,0.000
328.440,0.000,0.228,0.365,0.000
328.460,0.000,0.224,0.365,0.000
328.480,0.000,0.251,0.365,0.000
328.500,0.000,0.246,0.365,0.000
328.520,0.000,0.262,0.365,0.000
328.540,0.000,0.259,0.365,0.000
328.560,0.000,0.269,0.365,0.000
328.580,0.000,0.263,0.365,0.000
328.600,0.000,0.269,0.365,0.000
328.620,0.000,0.261,0.365,0.000
328.640,0.000,0.257,0.365,0.000
328.660,0.000,0.247,0.365,0.000
328.680,0.000,0.235,0.365,0.000
328.700,0.000,0.228,0.365,0.000
328.720,0.000,0.208,0.365,0.000
328.740,0.000,0.202,0.365,0.000
328.760,0.000,0.178,0.365,0.000
328.780,0.000,0.171,0.365,0.000
328.800,0.000,0.146,0.365,0.000
328.820,0.000,0.140,0.365,0.000
328.840,0.000,0.114,0.365,0.000
328.860,0.000,0.107,0.365,0.000
328.880,0.000,0.081,0.360,0.000
328.900,0.000,0.073,0.360,0.000
328.920,0.000,0.053,0.351,0.000
328.940,0.000,0.043,0.351,0.000
328.960,0.000,0.026,0.351,0.000
328.980,0.000,0.018,0.351,0.000
329.000,0.000,0.004,0.351,0.000
329.020,0.000,0.004,0.351,0.000
329.040,0.000,-0.006,0.351,0.000
329.060,0.000,-0.008,0.351,0.000
329.080,0.000,-0.017,0.351,0.000
329.100,0.000,-0.009,0.351,0.000
329.120,0.000,-0.014,0.351,0.000
329.140,0.000,-0.003,0.351,0.000
329.160,0.000,-0.002,0.351,0.000
329.180,0.000,0.012,0.351,0.000
329.200,0.000,0.012,0.351,0.000
329.220,0.000,0.033,0.351,0.000
329.240,0.000,0.036,0.351,0.000
329.260,0.000,0.056,0.351,0.000
329.280,0.000,0.069,0.351,0.000
329.300,0.000,0.079,0.351,0.000
329.320,0.000,0.102,0.351,0.000
329.340,0.000,0.113,0.351,0.000
329.360,0.000,0.136,0.351,0.000
329.380,0.000,0.139,0.351,0.000
329.400,0.000,0.170,0.351,0.000
329.420,0.000,0.172,0.346,0.000
329.440,0.000,0.200,0.346,0.000
329.460,0.000,0.202,0.340,0.000
329.480,0.000,0.228,0.340,0.000
329.500,0.000,0.224,0.340,0.000
329.520,0.000,0.252,0.340,0.000
329.540,0.000,0.242,0.340,0.000
329.560,0.000,0.262,0.340,0.000
329.580,0.000,0.254,0.340,0.000
329.600,0.000,0.273,0.340,0.000
329.620,0.000,0.256,0.340,0.000
329.640,0.000,0.272,0.340,0.000
329.660,0.000,0.253,0.340,0.000
329.680,0.000,0.257,0.340,0.000
329.700,0.000,0.240,0.340,0.000
329.720,0.000,0.238,0.340,0.000
329.740,0.000,0.220,0.340,0.000
329.760,0.000,0.212,0.340,0.000
329.780,0.000,0.199,0.340,0.000
329.800,0.000,0.182,0.340,0.000
329.820,0.000,0.170,0.340,0.000
329.840,0.000,0.150,0.340,0.000
329.860,0.000,0.141,0.340,0.000
329.880,0.000,0.114,0.340,0.000
329.900,0.000,0.110,0.340,0.000
329.920,0.000,0.085,0.338,0.000
329.940,0.000,0.078,0.338,0.000
329.960,0.000,0.053,0.338,0.000
329.980,0.000,0.049,0.338,0.000
330.000,0.000,0.027,0.338,0.000
330.020,0.000,0.026,0.338,0.000
330.040,0.000,0.008,0.338,0.000
330.060,0.000,0.007,0.338,0.000
330.080,0.000,-0.004,0.338,0.000
330.100,0.000,-0.008,0.338,0.000
330.120,0.000,-0.010,0.338,0.000
330.140,0.000,-0.013,0.338,0.000
330.160,0.000,-0.004,0.338,0.000
330.180,0.000,-0.007,0.338,0.000
330.200,0.000,0.007,0.338,0.000
330.220,0.000,0.005,0.338,0.000
330.240,0.000,0.023,0.338,0.000
330.260,0.000,0.025,0.338,0.000
330.280,0.000,0.044,0.338,0.000
330.300,0.000,0.050,0.338,0.000
330.320,0.000,0.066,0.338,0.000
330.340,0.000,0.076,0.338,0.000
330.360,0.000,0.102,0.338,0.000
330.380,0.000,0.108,0.338,0.000
330.400,0.000,0.124,0.338,0.000
330.420,0.000,0.137,0.338,0.000
330.440,0.000,0.161,0.336,0.000
330.460,0.000,0.170,0.336,0.000
330.480,0.000,0.184,0.331,0.000
330.500,0.000,0.199,0.331,0.000
330.520,0.000,0.208,0.331,0.000
330.540,0.000,0.224,0.331,0.000
330.560,0.000,0.224,0.331,0.000
330.580,0.000,0.242,0.331,0.000
330.600,0.000,0.241,0.331,0.000
330.620,0.000,0.257,0.331,0.000
330.640,0.000,0.248,0.331,0.000
330.660,0.000,0.258,0.331,0.000
330.680,0.000,0.244,0.331,0.000
330.700,0.000,0.249,0.331,0.000
330.720,0.000,0.240,0.331,0.000
330.740,0.000,0.240,0.331,0.000
330.760,0.000,0.223,0.331,0.000
330.780,0.000,0.219,0.331,0.000
330.800,0.000,0.203,0.331,0.000
330.820,0.000,0.198,0.331,0.000
330.840,0.000,0.176,0.331,0.000
330.860,0.000,0.168,0.331,0.000
330.880,0.000,0.145,0.331,0.000
330.900,0.000,0.137,0.331,0.000
330.920,0.000,0.114,0.331,0.000
330.940,0.000,0.111,0.331,0.000
330.960,0.000,0.082,0.331,0.000
330.980,0.000,0.078,0.331,0.000
331.000,0.000,0.058,0.331,0.000
331.020,0.000,0.054,0.331,0.000
331.040,0.000,0.037,0.331,0.000
331.060,0.000,0.023,0.331,0.000
331.080,0.000,0.020,0.331,0.000
331.100,0.000,0.006,0.331,0.000
331.120,0.000,0.014,0.331,0.000
331.140,0.000,-0.003,0.331,0.000
331.160,0.000,0.007,0.331,0.000
331.180,0.000,-0.009,0.331,0.000
331.200,0.000,0.012,0.331,0.000
331.220,0.000,-0.004,0.331,0.000
331.240,0.000,0.020,0.331,0.000
331.260,0.000,0.004,0.331,0.000
331.280,0.000,0.038,0.331,0.000
331.300,0.000,0.022,0.331,0.000
331.320,0.000,0.058,0.331,0.000
331.340,0.000,0.046,0.331,0.000
331.360,0.000,0.084,0.331,0.000
331.380,0.000,0.077,0.331,0.000
331.400,0.000,0.108,0.331,0.000
331.420,0.000,0.105,0.331,0.000
331.440,0.000,0.134,0.331,0.000
331.460,0.000,0.139,0.331,0.000
331.480,0.000,0.161,0.331,0.000
331.500,0.000,0.168,0.324,0.000
331.520,0.000,0.189,0.324,0.000
331.540,0.000,0.200,0.322,0.000
331.560,0.000,0.210,0.322,0.000
331.580,0.000,0.224,0.322,0.000
331.600,0.000,0.230,0.322,0.000
331.620,0.000,0.237,0.322,0.000
331.640,0.000,0.241,0.322,0.000
331.660,0.000,0.249,0.322,0.000
331.680,0.000,0.247,0.322,0.000
331.700,0.000,0.252,0.322,0.000
331.720,0.000,0.248,0.322,0.000
331.740,0.000,0.248,0.322,0.000
331.760,0.000,0.240,0.322,0.000
331.780,0.000,0.232,0.322,0.000
331.800,0.000,0.228,0.322,0.000
331.820,0.000,0.214,0.322,0.000
331.840,0.000,0.205,0.322,0.000
331.860,0.000,0.192,0.322,0.000
331.880,0.000,0.179,0.322,0.000
331.900,0.000,0.165,0.322,0.000
331.920,0.000,0.152,0.322,0.000
331.940,0.000,0.141,0.322,0.000
331.960,0.000,0.120,0.322,0.000
331.980,0.000,0.111,0.322,0.000
332.000,0.000,0.093,0.322,0.000
332.020,0.000,0.083,0.322,0.000
332.040,0.000,0.062,0.322,0.000
332.060,0.000,0.059,0.322,0.000
332.080,0.000,0.040,0.322,0.000
332.100,0.000,0.039,0.322,0.000
332.120,0.000,0.019,0.322,0.000
332.140,0.000,0.025,0.322,0.000
332.160,0.000,0.009,0.322,0.000
332.180,0.000,0.013,0.322,0.000
332.200,0.000,0.004,0.322,0.000
332.220,0.000,0.009,0.322,0.000
332.240,0.000,0.004,0.322,0.000
332.260,0.000,0.016,0.322,0.000
332.280,0.000,0.013,0.322,0.000
332.300,0.000,0.017,0.322,0.000
332.320,0.000,0.030,0.322,0.000
332.340,0.000,0.037,0.322,0.000
332.360,0.000,0.049,0.322,0.000
332.380,0.000,0.054,0.322,0.000
332.400,0.000,0.074,0.322,0.000
332.420,0.000,0.078,0.322,0.000
332.440,0.000,0.102,0.322,0.000
332.460,0.000,0.107,0.322,0.000
332.480,0.000,0.124,0.322,0.000
332.500,0.000,0.133,0.322,0.000
332.520,0.000,0.157,0.322,0.000
332.540,0.000,0.165,0.316,0.000
332.560,0.000,0.180,0.316,0.000
332.580,0.000,0.194,0.316,0.000
332.600,0.000,0.200,0.316,0.000
332.620,0.000,0.214,0.316,0.000
332.640,0.000,0.218,0.316,0.000
332.660,0.000,0.235,0.316,0.000
332.680,0.000,0.226,0.316,0.000
332.700,0.000,0.240,0.316,0.000
332.720,0.000,0.232,0.316,0.000
332.740,0.000,0.242,0.316,0.000
332.760,0.000,0.235,0.316,0.000
332.780,0.000,0.240,0.316,0.000
332.800,0.000,0.222,0.316,0.000
332.820,0.000,0.222,0.316,0.000
332.840,0.000,0.216,0.316,0.000
332.860,0.000,0.207,0.316,0.000
332.880,0.000,0.198,0.316,0.000
332.900,0.000,0.184,0.316,0.000
332.920,0.000,0.174,0.316,0.000
332.940,0.000,0.160,0.316,0.000
332.960,0.000,0.148,0.316,0.000
332.980,0.000,0.134,0.316,0.000
333.000,0.000,0.122,0.316,0.000
333.020,0.000,0.104,0.316,0.000
333.040,0.000,0.091,0.316,0.000
333.060,0.000,0.083,0.307,0.000
333.080,0.000,0.066,0.307,0.000
333.100,0.000,0.058,0.290,0.000
333.120,0.000,0.045,0.290,0.000
333.140,0.000,0.038,0.290,0.000
333.160,0.000,0.025,0.290,0.000
333.180,0.000,0.025,0.290,0.000
333.200,0.000,0.008,0.290,0.000
333.220,0.000,0.015,0.290,0.000
333.240,0.000,0.002,0.290,0.000
333.260,0.000,0.016,0.290,0.000
333.280,0.000,0.001,0.290,0.000
333.300,0.000,0.023,0.290,0.000
333.320,0.000,0.008,0.290,0.000
333.340,0.000,0.035,0.290,0.000
333.360,0.000,0.020,0.290,0.000
333.380,0.000,0.050,0.290,0.000
333.400,0.000,0.038,0.290,0.000
333.420,0.000,0.073,0.290,0.000
333.440,0.000,0.060,0.290,0.000
333.460,0.000,0.096,0.290,0.000
333.480,0.000,0.090,0.290,0.000
333.500,0.000,0.121,0.290,0.000
333.520,0.000,0.117,0.290,0.000
333.540,0.000,0.149,0.290,0.000
333.560,0.000,0.143,0.290,0.000
333.580,0.000,0.172,0.290,0.000
333.600,0.000,0.171,0.290,0.000
333.620,0.000,0.201,0.290,0.000
333.640,0.000,0.196,0.290,0.000
333.660,0.000,0.213,0.290,0.000
333.680,0.000,0.214,0.290,0.000
333.700,0.000,0.228,0.290,0.000
333.720,0.000,0.229,0.290,0.000
333.740,0.000,0.234,0.290,0.000
333.760,0.000,0.236,0.290,0.000
333.780,0.000,0.231,0.290,0.000
333.800,0.000,0.241,0.290,0.000
333.820,0.000,0.229,0.290,0.000
333.840,0.000,0.236,0.290,0.000
333.860,0.000,0.215,0.290,0.000
333.880,0.000,0.228,0.290,0.000
333.900,0.000,0.198,0.290,0.000
333.920,0.000,0.209,0.290,0.000
333.940,0.000,0.178,0.290,0.000
333.960,0.000,0.188,0.290,0.000
333.980,0.000,0.155,0.290,0.000
334.000,0.000,0.163,0.290,0.000
334.020,0.000,0.124,0.290,0.000
334.040,0.000,0.137,0.290,0.000
334.060,0.000,0.103,0.290,0.000
334.080,0.000,0.112,0.287,0.000
334.100,0.000,0.078,0.287,0.000
334.120,0.000,0.079,0.285,0.000
334.140,0.000,0.058,0.285,0.000
334.160,0.000,0.060,0.285,0.000
334.180,0.000,0.041,0.285,0.000
334.200,0.000,0.038,0.285,0.000
334.220,0.000,0.033,0.285,0.000
334.240,0.000,0.033,0.285,0.000
334.260,0.000,0.020,0.285,0.000
334.280,0.000,0.025,0.285,0.000
334.300,0.000,0.016,0.285,0.000
334.320,0.000,0.024,0.285,0.000
334.340,0.000,0.023,0.285,0.000
334.360,0.000,0.033,0.285,0.000
334.380,0.000,0.031,0.285,0.000
334.400,0.000,0.041,0.285,0.000
334.420,0.000,0.038,0.285,0.000
334.440,0.000,0.064,0.285,0.000
334.460,0.000,0.058,0.285,0.000
334.480,0.000,0.087,0.285,0.000
334.500,0.000,0.082,0.285,0.000
334.520,0.000,0.110,0.285,0.000
334.540,0.000,0.107,0.285,0.000
334.560,0.000,0.132,0.285,0.000
334.580,0.000,0.133,0.285,0.000
334.600,0.000,0.158,0.284,0.000
334.620,0.000,0.160,0.284,0.000
334.640,0.000,0.179,0.271,0.000
334.660,0.000,0.184,0.271,0.000
334.680,0.000,0.201,0.271,0.000
334.700,0.000,0.204,0.271,0.000
334.720,0.000,0.215,0.271,0.000
334.740,0.000,0.219,0.271,0.000
334.760,0.000,0.220,0.271,0.000
334.780,0.000,0.222,0.271,0.000
334.800,0.000,0.223,0.271,0.000
334.820,0.000,0.231,0.271,0.000
334.840,0.000,0.226,0.271,0.000
334.860,0.000,0.224,0.271,0.000
334.880,0.000,0.219,0.271,0.000
334.900,0.000,0.219,0.271,0.000
334.920,0.000,0.206,0.271,0.000
334.940,0.000,0.201,0.271,0.000
334.960,0.000,0.190,0.271,0.000
334.980,0.000,0.182,0.271,0.000
335.000,0.000,0.168,0.271,0.000
335.020,0.000,0.160,0.271,0.000
335.040,0.000,0.144,0.271,0.000
335.060,0.000,0.132,0.271,0.000
335.080,0.000,0.121,0.271,0.000
335.100,0.000,0.105,0.271,0.000
335.120,0.000,0.095,0.271,0.000
335.140,0.000,0.084,0.267,0.000
335.160,0.000,0.070,0.267,0.000
335.180,0.000,0.062,0.267,0.000
335.200,0.000,0.051,0.267,0.000
335.220,0.000,0.044,0.267,0.000
335.240,0.000,0.039,0.267,0.000
335.260,0.000,0.028,0.267,0.000
335.280,0.000,0.026,0.267,0.000
335.300,0.000,0.018,0.267,0.000
335.320,0.000,0.026,0.267,0.000
335.340,0.000,0.016,0.267,0.000
335.360,0.000,0.025,0.267,0.000
335.380,0.000,0.019,0.267,0.000
335.400,0.000,0.031,0.267,0.000
335.420,0.000,0.028,0.267,0.000
335.440,0.000,0.044,0.267,0.000
335.460,0.000,0.044,0.267,0.000
335.480,0.000,0.058,0.267,0.000
335.500,0.000,0.062,0.267,0.000
335.520,0.000,0.076,0.267,0.000
335.540,0.000,0.091,0.267,0.000
335.560,0.000,0.098,0.267,0.000
335.580,0.000,0.116,0.267,0.000
335.600,0.000,0.121,0.267,0.000
335.620,0.000,0.138,0.267,0.000
335.640,0.000,0.145,0.267,0.000
335.660,0.000,0.165,0.260,0.000
335.680,0.000,0.166,0.260,0.000
335.700,0.000,0.182,0.260,0.000
335.720,0.000,0.186,0.260,0.000
335.740,0.000,0.205,0.260,0.000
335.760,0.000,0.209,0.260,0.000
335.780,0.000,0.213,0.260,0.000
335.800,0.000,0.215,0.260,0.000
335.820,0.000,0.220,0.260,0.000
335.840,0.000,0.227,0.260,0.000
335.860,0.000,0.222,0.260,0.000
335.880,0.000,0.228,0.260,0.000
335.900,0.000,0.217,0.260,0.000
335.920,0.000,0.224,0.260,0.000
335.940,0.000,0.210,0.260,0.000
335.960,0.000,0.211,0.260,0.000
335.980,0.000,0.195,0.260,0.000
336.000,0.000,0.199,0.260,0.000
336.020,0.000,0.172,0.260,0.000
336.040,0.000,0.177,0.260,0.000
336.060,0.000,0.153,0.260,0.000
336.080,0.000,0.151,0.260,0.000
336.100,0.000,0.131,0.260,0.000
336.120,0.000,0.131,0.260,0.000
336.140,0.000,0.106,0.260,0.000
336.160,0.000,0.108,0.260,0.000
336.180,0.000,0.084,0.256,0.000
336.200,0.000,0.083,0.256,0.000
336.220,0.000,0.065,0.251,0.000
336.240,0.000,0.063,0.251,0.000
336.260,0.000,0.047,0.251,0.000
336.280,0.000,0.042,0.251,0.000
336.300,0.000,0.038,0.251,0.000
336.320,0.000,0.035,0.251,0.000
336.340,0.000,0.035,0.251,0.000
336.360,0.000,0.036,0.251,0.000
336.380,0.000,0.035,0.251,0.000
336.400,0.000,0.035,0.251,0.000
336.420,0.000,0.033,0.251,0.000
336.440,0.000,0.036,0.251,0.000
336.460,0.000,0.037,0.251,0.000
336.480,0.000,0.053,0.251,0.000
336.500,0.000,0.049,0.251,0.000
336.520,0.000,0.069,0.251,0.000
336.540,0.000,0.068,0.251,0.000
336.560,0.000,0.087,0.251,0.000
336.580,0.000,0.088,0.251,0.000
336.600,0.000,0.110,0.251,0.000
336.620,0.000,0.113,0.251,0.000
336.640,0.000,0.126,0.251,0.000
336.660,0.000,0.141,0.251,0.000
336.680,0.000,0.148,0.251,0.000
336.700,0.000,0.164,0.247,0.000
336.720,0.000,0.169,0.247,0.000
336.740,0.000,0.189,0.241,0.000
336.760,0.000,0.188,0.241,0.000
336.780,0.000,0.205,0.241,0.000
336.800,0.000,0.200,0.241,0.000
336.820,0.000,0.219,0.241,0.000
336.840,0.000,0.210,0.241,0.000
336.860,0.000,0.228,0.241,0.000
336.880,0.000,0.215,0.241,0.000
336.900,0.000,0.228,0.241,0.000
336.920,0.000,0.219,0.241,0.000
336.940,0.000,0.222,0.241,0.000
336.960,0.000,0.205,0.241,0.000
336.980,0.000,0.217,0.241,0.000
337.000,0.000,0.201,0.241,0.000
337.020,0.000,0.201,0.241,0.000
337.040,0.000,0.186,0.241,0.000
337.060,0.000,0.183,0.241,0.000
337.080,0.000,0.163,0.241,0.000
337.100,0.000,0.159,0.241,0.000
337.120,0.000,0.143,0.241,0.000
337.140,0.000,0.137,0.241,0.000
337.160,0.000,0.124,0.241,0.000
337.180,0.000,0.115,0.241,0.000
337.200,0.000,0.102,0.241,0.000
337.220,0.000,0.095,0.241,0.000
337.240,0.000,0.075,0.241,0.000
337.260,0.000,0.077,0.241,0.000
337.280,0.000,0.054,0.241,0.000
337.300,0.000,0.058,0.241,0.000
337.320,0.000,0.038,0.241,0.000
337.340,0.000,0.045,0.241,0.000
337.360,0.000,0.028,0.241,0.000
337.380,0.000,0.037,0.241,0.000
337.400,0.000,0.026,0.241,0.000
337.420,0.000,0.033,0.241,0.000
337.440,0.000,0.027,0.241,0.000
337.460,0.000,0.034,0.241,0.000
337.480,0.000,0.035,0.241,0.000
337.500,0.000,0.043,0.241,0.000
337.520,0.000,0.045,0.241,0.000
337.540,0.000,0.053,0.241,0.000
337.560,0.000,0.059,0.241,0.000
337.580,0.000,0.066,0.241,0.000
337.600,0.000,0.080,0.241,0.000
337.620,0.000,0.085,0.241,0.000
337.640,0.000,0.105,0.241,0.000
337.660,0.000,0.106,0.241,0.000
337.680,0.000,0.128,0.241,0.000
337.700,0.000,0.125,0.241,0.000
337.720,0.000,0.154,0.241,0.000
337.740,0.000,0.147,0.240,0.000
337.760,0.000,0.173,0.240,0.000
337.780,0.000,0.164,0.240,0.000
337.800,0.000,0.192,0.240,0.000
337.820,0.000,0.182,0.240,0.000
337.840,0.000,0.202,0.240,0.000
337.860,0.000,0.201,0.240,0.000
337.880,0.000,0.216,0.240,0.000
337.900,0.000,0.205,0.240,0.000
337.920,0.000,0.220,0.240,0.000
337.940,0.000,0.210,0.240,0.000
337.960,0.000,0.219,0.240,0.000
337.980,0.000,0.208,0.240,0.000
338.000,0.000,0.211,0.240,0.000
338.020,0.000,0.201,0.240,0.000
338.040,0.000,0.200,0.240,0.000
338.060,0.000,0.186,0.240,0.000
338.080,0.000,0.184,0.240,0.000
338.100,0.000,0.171,0.240,0.000
338.120,0.000,0.167,0.240,0.000
338.140,0.000,0.154,0.240,0.000
338.160,0.000,0.146,0.240,0.000
338.180,0.000,0.132,0.240,0.000
338.200,0.000,0.122,0.240,0.000
338.220,0.000,0.111,0.240,0.000
338.240,0.000,0.103,0.240,0.000
338.260,0.000,0.091,0.240,0.000
338.280,0.000,0.082,0.234,0.000
338.300,0.000,0.070,0.234,0.000
338.320,0.000,0.068,0.226,0.000
338.340,0.000,0.056,0.226,0.000
338.360,0.000,0.050,0.226,0.000
338.380,0.000,0.046,0.226,0.000
338.400,0.000,0.041,0.226,0.000
338.420,0.000,0.037,0.226,0.000
338.440,0.000,0.037,0.226,0.000
338.460,0.000,0.036,0.226,0.000
338.480,0.000,0.035,0.226,0.000
338.500,0.000,0.042,0.226,0.000
338.520,0.000,0.038,0.226,0.000
338.540,0.000,0.047,0.226,0.000
338.560,0.000,0.052,0.226,0.000
338.580,0.000,0.062,0.226,0.000
338.600,0.000,0.066,0.226,0.000
338.620,0.000,0.076,0.226,0.000
338.640,0.000,0.082,0.226,0.000
338.660,0.000,0.094,0.226,0.000
338.680,0.000,0.109,0.226,0.000
338.700,0.000,0.114,0.226,0.000
338.720,0.000,0.126,0.226,0.000
338.740,0.000,0.135,0.226,0.000
338.760,0.000,0.152,0.226,0.000
338.780,0.000,0.153,0.226,0.000
338.800,0.000,0.169,0.221,0.000
338.820,0.000,0.174,0.221,0.000
338.840,0.000,0.188,0.215,0.000
338.860,0.000,0.191,0.215,0.000
338.880,0.000,0.201,0.215,0.000
338.900,0.000,0.199,0.215,0.000
338.920,0.000,0.215,0.215,0.000
338.940,0.000,0.205,0.215,0.000
338.960,0.000,0.221,0.215,0.000
338.980,0.000,0.204,0.215,0.000
339.000,0.000,0.221,0.215,0.000
339.020,0.000,0.203,0.215,0.000
339.040,0.000,0.219,0.215,0.000
339.060,0.000,0.195,0.215,0.000
339.080,0.000,0.203,0.215,0.000
339.100,0.000,0.186,0.215,0.000
339.120,0.000,0.195,0.215,0.000
339.140,0.000,0.168,0.215,0.000
339.160,0.000,0.178,0.215,0.000
339.180,0.000,0.149,0.215,0.000
339.200,0.000,0.155,0.215,0.000
339.220,0.000,0.124,0.215,0.000
339.240,0.000,0.139,0.215,0.000
339.260,0.000,0.108,0.215,0.000
339.280,0.000,0.116,0.215,0.000
339.300,0.000,0.086,0.214,0.000
339.320,0.000,0.095,0.214,0.000
339.340,0.000,0.072,0.214,0.000
339.360,0.000,0.075,0.214,0.000
339.380,0.000,0.052,0.214,0.000
339.400,0.000,0.066,0.214,0.000
339.420,0.000,0.043,0.214,0.000
339.440,0.000,0.052,0.214,0.000
339.460,0.000,0.036,0.214,0.000
339.480,0.000,0.049,0.214,0.000
339.500,0.000,0.033,0.214,0.000
339.520,0.000,0.046,0.214,0.000
339.540,0.000,0.039,0.214,0.000
339.560,0.000,0.050,0.214,0.000
339.580,0.000,0.049,0.214,0.000
339.600,0.000,0.059,0.214,0.000
339.620,0.000,0.058,0.214,0.000
339.640,0.000,0.070,0.214,0.000
339.660,0.000,0.074,0.214,0.000
339.680,0.000,0.083,0.214,0.000
339.700,0.000,0.092,0.214,0.000
339.720,0.000,0.100,0.214,0.000
339.740,0.000,0.114,0.214,0.000
339.760,0.000,0.120,0.214,0.000
339.780,0.000,0.133,0.214,0.000
339.800,0.000,0.139,0.214,0.000
339.820,0.000,0.157,0.212,0.000
339.840,0.000,0.153,0.212,0.000
339.860,0.000,0.178,0.212,0.000
339.880,0.000,0.166,0.212,0.000
339.900,0.000,0.195,0.212,0.000
339.920,0.000,0.181,0.212,0.000
339.940,0.000,0.206,0.212,0.000
339.960,0.000,0.190,0.212,0.000
339.980,0.000,0.214,0.212,0.000
340.000,0.000,0.196,0.212,0.000
340.020,0.000,0.215,0.212,0.000
340.040,0.000,0.197,0.212,0.000
340.060,0.000,0.211,0.212,0.000
340.080,0.000,0.191,0.212,0.000
340.100,0.000,0.200,0.212,0.000
340.120,0.000,0.185,0.212,0.000
340.140,0.000,0.191,0.212,0.000
340.160,0.000,0.175,0.212,0.000
340.180,0.000,0.171,0.212,0.000
340.200,0.000,0.156,0.212,0.000
340.220,0.000,0.154,0.212,0.000
340.240,0.000,0.144,0.212,0.000
340.260,0.000,0.132,0.212,0.000
340.280,0.000,0.126,0.212,0.000
340.300,0.000,0.109,0.212,0.000
340.320,0.000,0.108,0.212,0.000
340.340,0.000,0.090,0.209,0.000
340.360,0.000,0.089,0.209,0.000
340.380,0.000,0.070,0.202,0.000
340.400,0.000,0.075,0.202,0.000
340.420,0.000,0.054,0.202,0.000
340.440,0.000,0.063,0.202,0.000
340.460,0.000,0.044,0.202,0.000
340.480,0.000,0.054,0.202,0.000
340.500,0.000,0.033,0.202,0.000
340.520,0.000,0.051,0.202,0.000
340.540,0.000,0.033,0.202,0.000
340.560,0.000,0.052,0.202,0.000
340.580,0.000,0.036,0.202,0.000
340.600,0.000,0.052,0.202,0.000
340.620,0.000,0.048,0.202,0.000
340.640,0.000,0.061,0.202,0.000
340.660,0.000,0.062,0.202,0.000
340.680,0.000,0.066,0.202,0.000
340.700,0.000,0.078,0.202,0.000
340.720,0.000,0.081,0.202,0.000
340.740,0.000,0.103,0.202,0.000
340.760,0.000,0.097,0.202,0.000
340.780,0.000,0.121,0.202,0.000
340.800,0.000,0.119,0.202,0.000
340.820,0.000,0.140,0.202,0.000
340.840,0.000,0.138,0.202,0.000
340.860,0.000,0.159,0.202,0.000
340.880,0.000,0.158,0.202,0.000
340.900,0.000,0.174,0.202,0.000
340.920,0.000,0.174,0.202,0.000
340.940,0.000,0.185,0.202,0.000
340.960,0.000,0.189,0.202,0.000
340.980,0.000,0.196,0.202,0.000
341.000,0.000,0.199,0.202,0.000
341.020,0.000,0.200,0.202,0.000
341.040,0.000,0.211,0.202,0.000
341.060,0.000,0.202,0.202,0.000
341.080,0.000,0.214,0.202,0.000
341.100,0.000,0.199,0.202,0.000
341.120,0.000,0.207,0.202,0.000
341.140,0.000,0.193,0.202,0.000
341.160,0.000,0.197,0.202,0.000
341.180,0.000,0.182,0.202,0.000
341.200,0.000,0.182,0.202,0.000
341.220,0.000,0.173,0.202,0.000
341.240,0.000,0.166,0.202,0.000
341.260,0.000,0.158,0.202,0.000
341.280,0.000,0.144,0.202,0.000
341.300,0.000,0.147,0.202,0.000
341.320,0.000,0.116,0.202,0.000
341.340,0.000,0.132,0.202,0.000
341.360,0.000,0.099,0.202,0.000
341.380,0.000,0.116,0.202,0.000
341.400,0.000,0.076,0.202,0.000
341.420,0.000,0.100,0.202,0.000
341.440,0.000,0.066,0.202,0.000
341.460,0.000,0.080,0.202,0.000
341.480,0.000,0.052,0.202,0.000
341.500,0.000,0.070,0.202,0.000
341.520,0.000,0.048,0.202,0.000
341.540,0.000,0.057,0.202,0.000
341.560,0.000,0.042,0.202,0.000
341.580,0.000,0.054,0.202,0.000
341.600,0.000,0.045,0.202,0.000
341.620,0.000,0.056,0.202,0.000
341.640,0.000,0.052,0.202,0.000
341.660,0.000,0.060,0.202,0.000
341.680,0.000,0.064,0.202,0.000
341.700,0.000,0.068,0.202,0.000
341.720,0.000,0.077,0.202,0.000
341.740,0.000,0.082,0.202,0.000
341.760,0.000,0.095,0.202,0.000
341.780,0.000,0.095,0.202,0.000
341.800,0.000,0.111,0.202,0.000
341.820,0.000,0.111,0.202,0.000
341.840,0.000,0.132,0.202,0.000
341.860,0.000,0.129,0.202,0.000
341.880,0.000,0.151,0.202,0.000
341.900,0.000,0.144,0.196,0.000
341.920,0.000,0.167,0.196,0.000
341.940,0.000,0.160,0.195,0.000
341.960,0.000,0.184,0.195,0.000
341.980,0.000,0.174,0.195,0.000
342.000,0.000,0.191,0.195,0.000
342.020,0.000,0.185,0.195,0.000
342.040,0.000,0.201,0.195,0.000
342.060,0.000,0.191,0.195,0.000
342.080,0.000,0.204,0.195,0.000
342.100,0.000,0.196,0.195,0.000
342.120,0.000,0.203,0.195,0.000
342.140,0.000,0.192,0.195,0.000
342.160,0.000,0.200,0.195,0.000
342.180,0.000,0.186,0.195,0.000
342.200,0.000,0.187,0.195,0.000
342.220,0.000,0.179,0.195,0.000
342.240,0.000,0.175,0.195,0.000
342.260,0.000,0.161,0.195,0.000
342.280,0.000,0.158,0.195,0.000
342.300,0.000,0.148,0.195,0.000
342.320,0.000,0.139,0.195,0.000
342.340,0.000,0.131,0.195,0.000
342.360,0.000,0.126,0.195,0.000
342.380,0.000,0.110,0.195,0.000
342.400,0.000,0.109,0.194,0.000
342.420,0.000,0.091,0.194,0.000
342.440,0.000,0.093,0.189,0.000
342.460,0.000,0.075,0.189,0.000
342.480,0.000,0.080,0.189,0.000
342.500,0.000,0.064,0.189,0.000
342.520,0.000,0.066,0.189,0.000
342.540,0.000,0.048,0.189,0.000
342.560,0.000,0.062,0.189,0.000
342.580,0.000,0.044,0.189,0.000
342.600,0.000,0.053,0.189,0.000
342.620,0.000,0.046,0.189,0.000
342.640,0.000,0.054,0.189,0.000
342.660,0.000,0.049,0.189,0.000
342.680,0.000,0.057,0.189,0.000
342.700,0.000,0.054,0.189,0.000
342.720,0.000,0.062,0.189,0.000
342.740,0.000,0.066,0.189,0.000
342.760,0.000,0.074,0.189,0.000
342.780,0.000,0.076,0.189,0.000
342.800,0.000,0.091,0.189,0.000
342.820,0.000,0.094,0.189,0.000
342.840,0.000,0.108,0.189,0.000
342.860,0.000,0.113,0.189,0.000
342.880,0.000,0.125,0.189,0.000
342.900,0.000,0.128,0.189,0.000
342.920,0.000,0.141,0.189,0.000
342.940,0.000,0.147,0.189,0.000
342.960,0.000,0.157,0.189,0.000
342.980,0.000,0.161,0.189,0.000
343.000,0.000,0.170,0.189,0.000
343.020,0.000,0.173,0.189,0.000
343.040,0.000,0.182,0.189,0.000
343.060,0.000,0.182,0.189,0.000
343.080,0.000,0.200,0.189,0.000
343.100,0.000,0.190,0.189,0.000
343.120,0.000,0.201,0.189,0.000
343.140,0.000,0.194,0.189,0.000
343.160,0.000,0.203,0.189,0.000
343.180,0.000,0.190,0.189,0.000
343.200,0.000,0.199,0.189,0.000
343.220,0.000,0.179,0.189,0.000
343.240,0.000,0.191,0.189,0.000
343.260,0.000,0.174,0.189,0.000
343.280,0.000,0.179,0.189,0.000
343.300,0.000,0.158,0.189,0.000
343.320,0.000,0.169,0.189,0.000
343.340,0.000,0.146,0.189,0.000
343.360,0.000,0.150,0.189,0.000
343.380,0.000,0.129,0.189,0.000
343.400,0.000,0.132,0.189,0.000
343.420,0.000,0.115,0.189,0.000
343.440,0.000,0.112,0.189,0.000
343.460,0.000,0.100,0.189,0.000
343.480,0.000,0.097,0.189,0.000
343.500,0.000,0.087,0.189,0.000
343.520,0.000,0.079,0.189,0.000
343.540,0.000,0.075,0.189,0.000
343.560,0.000,0.069,0.189,0.000
343.580,0.000,0.070,0.189,0.000
343.600,0.000,0.060,0.189,0.000
343.620,0.000,0.065,0.189,0.000
343.640,0.000,0.054,0.189,0.000
343.660,0.000,0.062,0.189,0.000
343.680,0.000,0.056,0.189,0.000
343.700,0.000,0.064,0.189,0.000
343.720,0.000,0.062,0.189,0.000
343.740,0.000,0.070,0.189,0.000
343.760,0.000,0.067,0.189,0.000
343.780,0.000,0.075,0.189,0.000
343.800,0.000,0.082,0.189,0.000
343.820,0.000,0.086,0.189,0.000
343.840,0.000,0.093,0.189,0.000
343.860,0.000,0.101,0.189,0.000
343.880,0.000,0.112,0.189,0.000
343.900,0.000,0.119,0.189,0.000
343.920,0.000,0.127,0.189,0.000
343.940,0.000,0.130,0.189,0.000
343.960,0.000,0.144,0.189,0.000
343.980,0.000,0.147,0.189,0.000
344.000,0.000,0.161,0.186,0.000
344.020,0.000,0.163,0.186,0.000
344.040,0.000,0.174,0.183,0.000
344.060,0.000,0.175,0.183,0.000
344.080,0.000,0.185,0.183,0.000
344.100,0.000,0.186,0.183,0.000
344.120,0.000,0.195,0.183,0.000
344.140,0.000,0.192,0.183,0.000
344.160,0.000,0.199,0.183,0.000
344.180,0.000,0.195,0.183,0.000
344.200,0.000,0.199,0.183,0.000
344.220,0.000,0.195,0.183,0.000
344.240,0.000,0.191,0.183,0.000
344.260,0.000,0.187,0.183,0.000
344.280,0.000,0.182,0.183,0.000
344.300,0.000,0.177,0.183,0.000
344.320,0.000,0.171,0.183,0.000
344.340,0.000,0.163,0.183,0.000
344.360,0.000,0.161,0.183,0.000
344.380,0.000,0.146,0.183,0.000
344.400,0.000,0.142,0.183,0.000
344.420,0.000,0.132,0.183,0.000
344.440,0.000,0.124,0.183,0.000
344.460,0.000,0.116,0.183,0.000
344.480,0.000,0.109,0.183,0.000
344.500,0.000,0.099,0.183,0.000
344.520,0.000,0.091,0.183,0.000
344.540,0.000,0.085,0.183,0.000
344.560,0.000,0.078,0.183,0.000
344.580,0.000,0.071,0.183,0.000
344.600,0.000,0.066,0.183,0.000
344.620,0.000,0.065,0.183,0.000
344.640,0.000,0.060,0.183,0.000
344.660,0.000,0.061,0.183,0.000
344.680,0.000,0.057,0.183,0.000
344.700,0.000,0.054,0.183,0.000
344.720,0.000,0.052,0.183,0.000
344.740,0.000,0.061,0.183,0.000
344.760,0.000,0.060,0.183,0.000
344.780,0.000,0.063,0.183,0.000
344.800,0.000,0.066,0.183,0.000
344.820,0.000,0.069,0.183,0.000
344.840,0.000,0.080,0.183,0.000
344.860,0.000,0.082,0.183,0.000
344.880,0.000,0.091,0.183,0.000
344.900,0.000,0.095,0.183,0.000
344.920,0.000,0.108,0.183,0.000
344.940,0.000,0.111,0.183,0.000
344.960,0.000,0.123,0.183,0.000
344.980,0.000,0.125,0.183,0.000
345.000,0.000,0.141,0.183,0.000
345.020,0.000,0.142,0.181,0.000
345.040,0.000,0.157,0.181,0.000
345.060,0.000,0.159,0.181,0.000
345.080,0.000,0.170,0.181,0.000
345.100,0.000,0.170,0.181,0.000
345.120,0.000,0.180,0.181,0.000
345.140,0.000,0.180,0.181,0.000
345.160,0.000,0.185,0.181,0.000
345.180,0.000,0.185,0.181,0.000
345.200,0.000,0.192,0.181,0.000
345.220,0.000,0.186,0.181,0.000
345.240,0.000,0.192,0.181,0.000
345.260,0.000,0.189,0.181,0.000
345.280,0.000,0.183,0.181,0.000
345.300,0.000,0.182,0.181,0.000
345.320,0.000,0.175,0.181,0.000
345.340,0.000,0.174,0.181,0.000
345.360,0.000,0.165,0.181,0.000
345.380,0.000,0.162,0.181,0.000
345.400,0.000,0.153,0.181,0.000
345.420,0.000,0.150,0.181,0.000
345.440,0.000,0.134,0.181,0.000
345.460,0.000,0.134,0.181,0.000
345.480,0.000,0.119,0.181,0.000
345.500,0.000,0.117,0.181,0.000
345.520,0.000,0.107,0.181,0.000
345.540,0.000,0.104,0.178,0.000
345.560,0.000,0.095,0.178,0.000
345.580,0.000,0.092,0.172,0.000
345.600,0.000,0.079,0.172,0.000
345.620,0.000,0.075,0.172,0.000
345.640,0.000,0.070,0.172,0.000
345.660,0.000,0.070,0.172,0.000
345.680,0.000,0.066,0.172,0.000
345.700,0.000,0.067,0.172,0.000
345.720,0.000,0.059,0.172,0.000
345.740,0.000,0.062,0.172,0.000
345.760,0.000,0.062,0.172,0.000
345.780,0.000,0.063,0.172,0.000
345.800,0.000,0.069,0.172,0.000
345.820,0.000,0.069,0.172,0.000
345.840,0.000,0.074,0.172,0.000
345.860,0.000,0.076,0.172,0.000
345.880,0.000,0.087,0.172,0.000
345.900,0.000,0.086,0.172,0.000
345.920,0.000,0.103,0.172,0.000
345.940,0.000,0.098,0.172,0.000
345.960,0.000,0.113,0.172,0.000
345.980,0.000,0.115,0.172,0.000
346.000,0.000,0.129,0.172,0.000
346.020,0.000,0.131,0.172,0.000
346.040,0.000,0.147,0.172,0.000
346.060,0.000,0.148,0.172,0.000
346.080,0.000,0.157,0.165,0.000
346.100,0.000,0.159,0.165,0.000
346.120,0.000,0.170,0.162,0.000
346.140,0.000,0.175,0.162,0.000
346.160,0.000,0.182,0.162,0.000
346.180,0.000,0.186,0.162,0.000
346.200,0.000,0.186,0.162,0.000
346.220,0.000,0.190,0.162,0.000
346.240,0.000,0.189,0.162,0.000
346.260,0.000,0.195,0.162,0.000
346.280,0.000,0.187,0.162,0.000
346.300,0.000,0.191,0.162,0.000
346.320,0.000,0.183,0.162,0.000
346.340,0.000,0.188,0.162,0.000
346.360,0.000,0.178,0.162,0.000
346.380,0.000,0.184,0.162,0.000
346.400,0.000,0.161,0.162,0.000
346.420,0.000,0.163,0.162,0.000
346.440,0.000,0.152,0.162,0.000
346.460,0.000,0.153,0.162,0.000
346.480,0.000,0.142,0.162,0.000
346.500,0.000,0.136,0.162,0.000
346.520,0.000,0.125,0.162,0.000
346.540,0.000,0.120,0.162,0.000
346.560,0.000,0.111,0.160,0.000
346.580,0.000,0.106,0.160,0.000
346.600,0.000,0.099,0.160,0.000
346.620,0.000,0.089,0.160,0.000
346.640,0.000,0.085,0.160,0.000
346.660,0.000,0.083,0.160,0.000
346.680,0.000,0.076,0.160,0.000
346.700,0.000,0.066,0.160,0.000
346.720,0.000,0.066,0.160,0.000
346.740,0.000,0.065,0.160,0.000
346.760,0.000,0.064,0.160,0.000
346.780,0.000,0.062,0.160,0.000
346.800,0.000,0.065,0.160,0.000
346.820,0.000,0.065,0.160,0.000
346.840,0.000,0.066,0.160,0.000
346.860,0.000,0.065,0.160,0.000
346.880,0.000,0.080,0.160,0.000
346.900,0.000,0.072,0.160,0.000
346.920,0.000,0.086,0.160,0.000
346.940,0.000,0.084,0.160,0.000
346.960,0.000,0.098,0.160,0.000
346.980,0.000,0.095,0.160,0.000
347.000,0.000,0.115,0.160,0.000
347.020,0.000,0.104,0.160,0.000
347.040,0.000,0.129,0.160,0.000
347.060,0.000,0.122,0.160,0.000
347.080,0.000,0.141,0.159,0.000
347.100,0.000,0.137,0.159,0.000
347.120,0.000,0.152,0.159,0.000
347.140,0.000,0.150,0.159,0.000
347.160,0.000,0.162,0.159,0.000
347.180,0.000,0.166,0.159,0.000
347.200,0.000,0.168,0.159,0.000
347.220,0.000,0.174,0.159,0.000
347.240,0.000,0.178,0.159,0.000
347.260,0.000,0.180,0.159,0.000
347.280,0.000,0.176,0.159,0.000
347.300,0.000,0.184,0.159,0.000
347.320,0.000,0.176,0.159,0.000
347.340,0.000,0.182,0.159,0.000
347.360,0.000,0.170,0.159,0.000
347.380,0.000,0.181,0.159,0.000
347.400,0.000,0.164,0.159,0.000
347.420,0.000,0.174,0.159,0.000
347.440,0.000,0.156,0.159,0.000
347.460,0.000,0.161,0.159,0.000
347.480,0.000,0.147,0.159,0.000
347.500,0.000,0.146,0.159,0.000
347.520,0.000,0.134,0.159,0.000
347.540,0.000,0.129,0.159,0.000
347.560,0.000,0.122,0.159,0.000
347.580,0.000,0.116,0.156,0.000
347.600,0.000,0.110,0.156,0.000
347.620,0.000,0.101,0.154,0.000
347.640,0.000,0.097,0.154,0.000
347.660,0.000,0.089,0.151,0.000
347.680,0.000,0.089,0.151,0.000
347.700,0.000,0.074,0.151,0.000
347.720,0.000,0.078,0.151,0.000
347.740,0.000,0.069,0.151,0.000
347.760,0.000,0.072,0.151,0.000
347.780,0.000,0.060,0.151,0.000
347.800,0.000,0.071,0.151,0.000
347.820,0.000,0.060,0.151,0.000
347.840,0.000,0.070,0.151,0.000
347.860,0.000,0.064,0.151,0.000
347.880,0.000,0.069,0.151,0.000
347.900,0.000,0.074,0.151,0.000
347.920,0.000,0.076,0.151,0.000
347.940,0.000,0.075,0.151,0.000
347.960,0.000,0.083,0.151,0.000
347.980,0.000,0.093,0.151,0.000
348.000,0.000,0.097,0.151,0.000
348.020,0.000,0.104,0.151,0.000
348.040,0.000,0.110,0.151,0.000
348.060,0.000,0.115,0.151,0.000
348.080,0.000,0.120,0.151,0.000
348.100,0.000,0.132,0.151,0.000
348.120,0.000,0.136,0.151,0.000
348.140,0.000,0.149,0.151,0.000
348.160,0.000,0.152,0.147,0.000
348.180,0.000,0.154,0.147,0.000
348.200,0.000,0.156,0.147,0.000
348.220,0.000,0.171,0.147,0.000
348.240,0.000,0.172,0.147,0.000
348.260,0.000,0.178,0.147,0.000
348.280,0.000,0.177,0.147,0.000
348.300,0.000,0.183,0.147,0.000
348.320,0.000,0.179,0.147,0.000
348.340,0.000,0.184,0.147,0.000
348.360,0.000,0.182,0.147,0.000
348.380,0.000,0.184,0.147,0.000
348.400,0.000,0.181,0.147,0.000
348.420,0.000,0.181,0.147,0.000
348.440,0.000,0.173,0.147,0.000
348.460,0.000,0.173,0.147,0.000
348.480,0.000,0.165,0.147,0.000
348.500,0.000,0.161,0.147,0.000
348.520,0.000,0.155,0.147,0.000
348.540,0.000,0.148,0.147,0.000
348.560,0.000,0.143,0.147,0.000
348.580,0.000,0.131,0.147,0.000
348.600,0.000,0.132,0.147,0.000
348.620,0.000,0.116,0.147,0.000
348.640,0.000,0.117,0.147,0.000
348.660,0.000,0.109,0.147,0.000
348.680,0.000,0.107,0.147,0.000
348.700,0.000,0.093,0.147,0.000
348.720,0.000,0.096,0.147,0.000
348.740,0.000,0.084,0.147,0.000
348.760,0.000,0.084,0.147,0.000
348.780,0.000,0.077,0.147,0.000
348.800,0.000,0.073,0.147,0.000
348.820,0.000,0.074,0.147,0.000
348.840,0.000,0.068,0.147,0.000
348.860,0.000,0.070,0.147,0.000
348.880,0.000,0.066,0.147,0.000
348.900,0.000,0.076,0.147,0.000
348.920,0.000,0.070,0.147,0.000
348.940,0.000,0.080,0.147,0.000
348.960,0.000,0.083,0.147,0.000
348.980,0.000,0.086,0.147,0.000
349.000,0.000,0.087,0.147,0.000
349.020,0.000,0.093,0.147,0.000
349.040,0.000,0.100,0.147,0.000
349.060,0.000,0.104,0.147,0.000
349.080,0.000,0.109,0.147,0.000
349.100,0.000,0.113,0.147,0.000
349.120,0.000,0.123,0.147,0.000
349.140,0.000,0.123,0.147,0.000
349.160,0.000,0.137,0.147,0.000
349.180,0.000,0.141,0.147,0.000
349.200,0.000,0.150,0.143,0.000
349.220,0.000,0.147,0.143,0.000
349.240,0.000,0.162,0.143,0.000
349.260,0.000,0.162,0.143,0.000
349.280,0.000,0.174,0.143,0.000
349.300,0.000,0.165,0.143,0.000
349.320,0.000,0.177,0.143,0.000
349.340,0.000,0.174,0.143,0.000
349.360,0.000,0.178,0.143,0.000
349.380,0.000,0.177,0.143,0.000
349.400,0.000,0.179,0.143,0.000
349.420,0.000,0.178,0.143,0.000
349.440,0.000,0.173,0.143,0.000
349.460,0.000,0.171,0.143,0.000
349.480,0.000,0.162,0.143,0.000
349.500,0.000,0.165,0.143,0.000
349.520,0.000,0.156,0.143,0.000
349.540,0.000,0.159,0.143,0.000
349.560,0.000,0.143,0.143,0.000
349.580,0.000,0.143,0.143,0.000
349.600,0.000,0.129,0.143,0.000
349.620,0.000,0.135,0.143,0.000
349.640,0.000,0.121,0.143,0.000
349.660,0.000,0.121,0.143,0.000
349.680,0.000,0.106,0.143,0.000
349.700,0.000,0.105,0.143,0.000
349.720,0.000,0.098,0.135,0.000
349.740,0.000,0.095,0.135,0.000
349.760,0.000,0.087,0.135,0.000
349.780,0.000,0.085,0.135,0.000
349.800,0.000,0.083,0.135,0.000
349.820,0.000,0.078,0.135,0.000
349.840,0.000,0.070,0.135,0.000
349.860,0.000,0.068,0.135,0.000
349.880,0.000,0.066,0.135,0.000
349.900,0.000,0.066,0.135,0.000
349.920,0.000,0.068,0.135,0.000
349.940,0.000,0.068,0.135,0.000
349.960,0.000,0.071,0.135,0.000
349.980,0.000,0.075,0.135,0.000
350.000,0.000,0.077,0.135,0.000
350.020,0.000,0.086,0.135,0.000
350.040,0.000,0.084,0.135,0.000
350.060,0.000,0.094,0.135,0.000
350.080,0.000,0.093,0.135,0.000
350.100,0.000,0.105,0.135,0.000
350.120,0.000,0.105,0.135,0.000
350.140,0.000,0.119,0.135,0.000
350.160,0.000,0.120,0.135,0.000
350.180,0.000,0.132,0.135,0.000
350.200,0.000,0.132,0.135,0.000
350.220,0.000,0.145,0.135,0.000
350.240,0.000,0.142,0.135,0.000
350.260,0.000,0.155,0.135,0.000
350.280,0.000,0.153,0.135,0.000
350.300,0.000,0.166,0.135,0.000
350.320,0.000,0.166,0.135,0.000
350.340,0.000,0.170,0.135,0.000
350.360,0.000,0.172,0.135,0.000
350.380,0.000,0.173,0.135,0.000
350.400,0.000,0.176,0.135,0.000
350.420,0.000,0.174,0.135,0.000
350.440,0.000,0.178,0.135,0.000
350.460,0.000,0.170,0.135,0.000
350.480,0.000,0.174,0.135,0.000
350.500,0.000,0.170,0.135,0.000
350.520,0.000,0.171,0.135,0.000
350.540,0.000,0.161,0.135,0.000
350.560,0.000,0.164,0.135,0.000
350.580,0.000,0.154,0.135,0.000
350.600,0.000,0.152,0.135,0.000
350.620,0.000,0.141,0.135,0.000
350.640,0.000,0.143,0.135,0.000
350.660,0.000,0.132,0.135,0.000
350.680,0.000,0.128,0.135,0.000
350.700,0.000,0.119,0.135,0.000
350.720,0.000,0.114,0.135,0.000
350.740,0.000,0.113,0.135,0.000
350.760,0.000,0.108,0.135,0.000
350.780,0.000,0.103,0.135,0.000
350.800,0.000,0.091,0.135,0.000
350.820,0.000,0.094,0.135,0.000
350.840,0.000,0.083,0.135,0.000
350.860,0.000,0.082,0.135,0.000
350.880,0.000,0.075,0.135,0.000
350.900,0.000,0.077,0.135,0.000
350.920,0.000,0.074,0.135,0.000
350.940,0.000,0.078,0.135,0.000
350.960,0.000,0.075,0.135,0.000
350.980,0.000,0.077,0.135,0.000
351.000,0.000,0.079,0.135,0.000
351.020,0.000,0.080,0.135,0.000
351.040,0.000,0.087,0.135,0.000
351.060,0.000,0.087,0.135,0.000
351.080,0.000,0.093,0.135,0.000
351.100,0.000,0.095,0.135,0.000
351.120,0.000,0.107,0.135,0.000
351.140,0.000,0.109,0.135,0.000
351.160,0.000,0.115,0.135,0.000
351.180,0.000,0.116,0.135,0.000
351.200,0.000,0.127,0.135,0.000
351.220,0.000,0.127,0.135,0.000
351.240,0.000,0.141,0.135,0.000
351.260,0.000,0.142,0.131,0.000
351.280,0.000,0.151,0.131,0.000
351.300,0.000,0.153,0.128,0.000
351.320,0.000,0.161,0.128,0.000
351.340,0.000,0.161,0.124,0.000
351.360,0.000,0.166,0.124,0.000
351.380,0.000,0.163,0.124,0.000
351.400,0.000,0.169,0.124,0.000
351.420,0.000,0.178,0.124,0.000
351.440,0.000,0.175,0.124,0.000
351.460,0.000,0.174,0.124,0.000
351.480,0.000,0.173,0.124,0.000
351.500,0.000,0.176,0.124,0.000
351.520,0.000,0.167,0.124,0.000
351.540,0.000,0.171,0.124,0.000
351.560,0.000,0.161,0.124,0.000
351.580,0.000,0.163,0.124,0.000
351.600,0.000,0.152,0.124,0.000
351.620,0.000,0.157,0.124,0.000
351.640,0.000,0.143,0.124,0.000
351.660,0.000,0.142,0.124,0.000
351.680,0.000,0.134,0.124,0.000
351.700,0.000,0.130,0.124,0.000
351.720,0.000,0.124,0.124,0.000
351.740,0.000,0.121,0.124,0.000
351.760,0.000,0.112,0.124,0.000
351.780,0.000,0.103,0.124,0.000
351.800,0.000,0.104,0.124,0.000
351.820,0.000,0.092,0.124,0.000
351.840,0.000,0.094,0.124,0.000
351.860,0.000,0.085,0.124,0.000
351.880,0.000,0.086,0.124,0.000
351.900,0.000,0.074,0.124,0.000
351.920,0.000,0.083,0.124,0.000
351.940,0.000,0.071,0.124,0.000
351.960,0.000,0.079,0.124,0.000
351.980,0.000,0.072,0.124,0.000
352.000,0.000,0.077,0.124,0.000
352.020,0.000,0.072,0.124,0.000
352.040,0.000,0.079,0.124,0.000
352.060,0.000,0.082,0.124,0.000
352.080,0.000,0.083,0.124,0.000
352.100,0.000,0.085,0.124,0.000
352.120,0.000,0.088,0.124,0.000
352.140,0.000,0.096,0.124,0.000
352.160,0.000,0.095,0.124,0.000
352.180,0.000,0.104,0.124,0.000
352.200,0.000,0.105,0.124,0.000
352.220,0.000,0.122,0.124,0.000
352.240,0.000,0.120,0.124,0.000
352.260,0.000,0.126,0.124,0.000
352.280,0.000,0.128,0.124,0.000
352.300,0.000,0.140,0.124,0.000
352.320,0.000,0.143,0.124,0.000
352.340,0.000,0.149,0.124,0.000
352.360,0.000,0.157,0.124,0.000
352.380,0.000,0.152,0.124,0.000
352.400,0.000,0.166,0.124,0.000
352.420,0.000,0.157,0.124,0.000
352.440,0.000,0.175,0.124,0.000
352.460,0.000,0.161,0.124,0.000
352.480,0.000,0.179,0.124,0.000
352.500,0.000,0.163,0.124,0.000
352.520,0.000,0.179,0.124,0.000
352.540,0.000,0.157,0.124,0.000
352.560,0.000,0.177,0.124,0.000
352.580,0.000,0.153,0.124,0.000
352.600,0.000,0.170,0.124,0.000
352.620,0.000,0.149,0.124,0.000
352.640,0.000,0.163,0.124,0.000
352.660,0.000,0.143,0.124,0.000
352.680,0.000,0.151,0.124,0.000
352.700,0.000,0.136,0.124,0.000
352.720,0.000,0.137,0.124,0.000
352.740,0.000,0.130,0.124,0.000
352.760,0.000,0.123,0.124,0.000
352.780,0.000,0.120,0.124,0.000
352.800,0.000,0.113,0.124,0.000
352.820,0.000,0.112,0.120,0.000
352.840,0.000,0.101,0.120,0.000
352.860,0.000,0.104,0.118,0.000
352.880,0.000,0.092,0.118,0.000
352.900,0.000,0.095,0.118,0.000
352.920,0.000,0.079,0.118,0.000
352.940,0.000,0.091,0.118,0.000
352.960,0.000,0.078,0.118,0.000
352.980,0.000,0.083,0.118,0.000
353.000,0.000,0.076,0.118,0.000
353.020,0.000,0.083,0.118,0.000
353.040,0.000,0.077,0.118,0.000
353.060,0.000,0.082,0.118,0.000
353.080,0.000,0.080,0.118,0.000
353.100,0.000,0.085,0.118,0.000
353.120,0.000,0.090,0.118,0.000
353.140,0.000,0.088,0.118,0.000
353.160,0.000,0.101,0.118,0.000
353.180,0.000,0.096,0.118,0.000
353.200,0.000,0.113,0.118,0.000
353.220,0.000,0.108,0.118,0.000
353.240,0.000,0.117,0.118,0.000
353.260,0.000,0.117,0.118,0.000
353.280,0.000,0.124,0.118,0.000
353.300,0.000,0.133,0.118,0.000
353.320,0.000,0.129,0.118,0.000
353.340,0.000,0.148,0.118,0.000
353.360,0.000,0.136,0.118,0.000
353.380,0.000,0.164,0.115,0.000
353.400,0.000,0.142,0.115,0.000
353.420,0.000,0.179,0.114,0.000
353.440,0.000,0.145,0.114,0.000
353.460,0.000,0.183,0.118,0.000
353.480,0.000,0.150,0.118,0.000
353.500,0.000,0.187,0.122,0.000
353.520,0.000,0.153,0.122,0.000
353.540,0.000,0.188,0.122,0.000
353.560,0.000,0.157,0.122,0.000
353.580,0.000,0.181,0.122,0.000
353.600,0.000,0.158,0.122,0.000
353.620,0.000,0.178,0.122,0.000
353.640,0.000,0.157,0.122,0.000
353.660,0.000,0.166,0.122,0.000
353.680,0.000,0.152,0.122,0.000
353.700,0.000,0.153,0.122,0.000
353.720,0.000,0.149,0.122,0.000
353.740,0.000,0.138,0.122,0.000
353.760,0.000,0.140,0.122,0.000
353.780,0.000,0.127,0.122,0.000
353.800,0.000,0.136,0.122,0.000
353.820,0.000,0.112,0.122,0.000
353.840,0.000,0.126,0.122,0.000
353.860,0.000,0.103,0.122,0.000
353.880,0.000,0.115,0.122,0.000
353.900,0.000,0.091,0.122,0.000
353.920,0.000,0.105,0.122,0.000
353.940,0.000,0.088,0.122,0.000
353.960,0.000,0.096,0.122,0.000
353.980,0.000,0.078,0.122,0.000
354.000,0.000,0.090,0.122,0.000
354.020,0.000,0.071,0.122,0.000
354.040,0.000,0.085,0.122,0.000
354.060,0.000,0.074,0.122,0.000
354.080,0.000,0.086,0.122,0.000
354.100,0.000,0.077,0.122,0.000
354.120,0.000,0.085,0.122,0.000
354.140,0.000,0.082,0.122,0.000
354.160,0.000,0.087,0.122,0.000
354.180,0.000,0.086,0.122,0.000
354.200,0.000,0.099,0.122,0.000
354.220,0.000,0.095,0.122,0.000
354.240,0.000,0.104,0.122,0.000
354.260,0.000,0.103,0.122,0.000
354.280,0.000,0.112,0.122,0.000
354.300,0.000,0.115,0.122,0.000
354.320,0.000,0.122,0.122,0.000
354.340,0.000,0.124,0.122,0.000
354.360,0.000,0.131,0.122,0.000
354.380,0.000,0.133,0.122,0.000
354.400,0.000,0.142,0.122,0.000
354.420,0.000,0.143,0.122,0.000
354.440,0.000,0.148,0.122,0.000
354.460,0.000,0.151,0.122,0.000
354.480,0.000,0.159,0.122,0.000
354.500,0.000,0.159,0.122,0.000
354.520,0.000,0.162,0.122,0.000
354.540,0.000,0.161,0.122,0.000
354.560,0.000,0.163,0.122,0.000
354.580,0.000,0.164,0.122,0.000
354.600,0.000,0.165,0.122,0.000
354.620,0.000,0.161,0.122,0.000
354.640,0.000,0.163,0.122,0.000
354.660,0.000,0.162,0.122,0.000
354.680,0.000,0.158,0.122,0.000
354.700,0.000,0.155,0.122,0.000
354.720,0.000,0.150,0.122,0.000
354.740,0.000,0.145,0.122,0.000
354.760,0.000,0.141,0.122,0.000
354.780,0.000,0.141,0.122,0.000
354.800,0.000,0.128,0.122,0.000
354.820,0.000,0.130,0.122,0.000
354.840,0.000,0.122,0.122,0.000
354.860,0.000,0.122,0.122,0.000
354.880,0.000,0.108,0.122,0.000
354.900,0.000,0.112,0.120,0.000
354.920,0.000,0.097,0.120,0.000
354.940,0.000,0.102,0.117,0.000
354.960,0.000,0.093,0.117,0.000
354.980,0.000,0.094,0.117,0.000
355.000,0.000,0.085,0.117,0.000
355.020,0.000,0.091,0.117,0.000
355.040,0.000,0.086,0.117,0.000
355.060,0.000,0.084,0.117,0.000
355.080,0.000,0.081,0.117,0.000
355.100,0.000,0.078,0.117,0.000
355.120,0.000,0.083,0.117,0.000
355.140,0.000,0.082,0.117,0.000
355.160,0.000,0.085,0.117,0.000
355.180,0.000,0.086,0.117,0.000
355.200,0.000,0.090,0.117,0.000
355.220,0.000,0.093,0.117,0.000
355.240,0.000,0.098,0.117,0.000
355.260,0.000,0.098,0.117,0.000
355.280,0.000,0.107,0.117,0.000
355.300,0.000,0.112,0.117,0.000
355.320,0.000,0.115,0.117,0.000
355.340,0.000,0.117,0.117,0.000
355.360,0.000,0.124,0.117,0.000
355.380,0.000,0.130,0.117,0.000
355.400,0.000,0.135,0.117,0.000
355.420,0.000,0.141,0.117,0.000
355.440,0.000,0.145,0.117,0.000
355.460,0.000,0.152,0.117,0.000
355.480,0.000,0.152,0.117,0.000
355.500,0.000,0.153,0.117,0.000
355.520,0.000,0.153,0.117,0.000
355.540,0.000,0.163,0.117,0.000
355.560,0.000,0.166,0.117,0.000
355.580,0.000,0.162,0.117,0.000
355.600,0.000,0.167,0.117,0.000
355.620,0.000,0.168,0.117,0.000
355.640,0.000,0.164,0.117,0.000
355.660,0.000,0.166,0.117,0.000
355.680,0.000,0.166,0.117,0.000
355.700,0.000,0.161,0.117,0.000
355.720,0.000,0.160,0.117,0.000
355.740,0.000,0.157,0.117,0.000
355.760,0.000,0.156,0.117,0.000
355.780,0.000,0.147,0.117,0.000
355.800,0.000,0.149,0.117,0.000
355.820,0.000,0.143,0.117,0.000
355.840,0.000,0.141,0.117,0.000
355.860,0.000,0.128,0.117,0.000
355.880,0.000,0.131,0.117,0.000
355.900,0.000,0.118,0.117,0.000
355.920,0.000,0.118,0.117,0.000
355.940,0.000,0.114,0.117,0.000
355.960,0.000,0.109,0.117,0.000
355.980,0.000,0.105,0.117,0.000
356.000,0.000,0.096,0.117,0.000
356.020,0.000,0.103,0.117,0.000
356.040,0.000,0.086,0.117,0.000
356.060,0.000,0.103,0.117,0.000
356.080,0.000,0.081,0.117,0.000
356.100,0.000,0.099,0.117,0.000
356.120,0.000,0.072,0.117,0.000
356.140,0.000,0.099,0.117,0.000
356.160,0.000,0.070,0.118,0.000
356.180,0.000,0.096,0.118,0.000
356.200,0.000,0.080,0.118,0.000
356.220,0.000,0.097,0.118,0.000
356.240,0.000,0.083,0.118,0.000
356.260,0.000,0.097,0.118,0.000
356.280,0.000,0.095,0.118,0.000
356.300,0.000,0.099,0.118,0.000
356.320,0.000,0.106,0.118,0.000
356.340,0.000,0.105,0.118,0.000
356.360,0.000,0.116,0.118,0.000
356.380,0.000,0.112,0.118,0.000
356.400,0.000,0.128,0.118,0.000
356.420,0.000,0.120,0.118,0.000
356.440,0.000,0.140,0.118,0.000
356.460,0.000,0.127,0.118,0.000
356.480,0.000,0.145,0.118,0.000
356.500,0.000,0.136,0.118,0.000
356.520,0.000,0.156,0.118,0.000
356.540,0.000,0.144,0.118,0.000
356.560,0.000,0.157,0.118,0.000
356.580,0.000,0.149,0.118,0.000
356.600,0.000,0.157,0.118,0.000
356.620,0.000,0.158,0.118,0.000
356.640,0.000,0.159,0.118,0.000
356.660,0.000,0.158,0.118,0.000
356.680,0.000,0.159,0.118,0.000
356.700,0.000,0.160,0.118,0.000
356.720,0.000,0.153,0.118,0.000
356.740,0.000,0.161,0.118,0.000
356.760,0.000,0.148,0.118,0.000
356.780,0.000,0.157,0.118,0.000
356.800,0.000,0.142,0.118,0.000
356.820,0.000,0.150,0.118,0.000
356.840,0.000,0.131,0.118,0.000
356.860,0.000,0.141,0.118,0.000
356.880,0.000,0.124,0.118,0.000
356.900,0.000,0.135,0.118,0.000
356.920,0.000,0.117,0.118,0.000
356.940,0.000,0.123,0.118,0.000
356.960,0.000,0.106,0.118,0.000
356.980,0.000,0.112,0.118,0.000
357.000,0.000,0.101,0.118,0.000
357.020,0.000,0.103,0.118,0.000
357.040,0.000,0.094,0.118,0.000
357.060,0.000,0.095,0.118,0.000
357.080,0.000,0.091,0.118,0.000
357.100,0.000,0.087,0.118,0.000
357.120,0.000,0.087,0.118,0.000
357.140,0.000,0.083,0.118,0.000
357.160,0.000,0.087,0.118,0.000
357.180,0.000,0.082,0.118,0.000
357.200,0.000,0.087,0.118,0.000
357.220,0.000,0.083,0.118,0.000
357.240,0.000,0.090,0.118,0.000
357.260,0.000,0.085,0.118,0.000
357.280,0.000,0.095,0.118,0.000
357.300,0.000,0.087,0.118,0.000
357.320,0.000,0.101,0.118,0.000
357.340,0.000,0.095,0.118,0.000
357.360,0.000,0.111,0.118,0.000
357.380,0.000,0.106,0.118,0.000
357.400,0.000,0.116,0.118,0.000
357.420,0.000,0.116,0.118,0.000
357.440,0.000,0.124,0.118,0.000
357.460,0.000,0.130,0.118,0.000
357.480,0.000,0.131,0.118,0.000
357.500,0.000,0.137,0.118,0.000
357.520,0.000,0.137,0.118,0.000
357.540,0.000,0.150,0.118,0.000
357.560,0.000,0.147,0.118,0.000
357.580,0.000,0.153,0.118,0.000
357.600,0.000,0.151,0.118,0.000
357.620,0.000,0.161,0.118,0.000
357.640,0.000,0.153,0.118,0.000
357.660,0.000,0.167,0.118,0.000
357.680,0.000,0.154,0.118,0.000
357.700,0.000,0.167,0.118,0.000
357.720,0.000,0.157,0.118,0.000
357.740,0.000,0.166,0.118,0.000
357.760,0.000,0.157,0.118,0.000
357.780,0.000,0.162,0.118,0.000
357.800,0.000,0.156,0.118,0.000
357.820,0.000,0.156,0.118,0.000
357.840,0.000,0.155,0.118,0.000
357.860,0.000,0.147,0.118,0.000
357.880,0.000,0.147,0.118,0.000
357.900,0.000,0.136,0.118,0.000
357.920,0.000,0.139,0.118,0.000
357.940,0.000,0.126,0.118,0.000
357.960,0.000,0.130,0.118,0.000
357.980,0.000,0.115,0.118,0.000
358.000,0.000,0.118,0.118,0.000
358.020,0.000,0.113,0.118,0.000
358.040,0.000,0.113,0.118,0.000
358.060,0.000,0.107,0.118,0.000
358.080,0.000,0.110,0.118,0.000
358.100,0.000,0.099,0.118,0.000
358.120,0.000,0.098,0.118,0.000
358.140,0.000,0.092,0.118,0.000
358.160,0.000,0.093,0.118,0.000
358.180,0.000,0.089,0.118,0.000
358.200,0.000,0.087,0.118,0.000
358.220,0.000,0.091,0.118,0.000
358.240,0.000,0.085,0.118,0.000
358.260,0.000,0.092,0.118,0.000
358.280,0.000,0.085,0.118,0.000
358.300,0.000,0.100,0.118,0.000
358.320,0.000,0.091,0.118,0.000
358.340,0.000,0.104,0.118,0.000
358.360,0.000,0.101,0.118,0.000
358.380,0.000,0.105,0.118,0.000
358.400,0.000,0.105,0.118,0.000
358.420,0.000,0.113,0.118,0.000
358.440,0.000,0.115,0.118,0.000
358.460,0.000,0.122,0.118,0.000
358.480,0.000,0.123,0.118,0.000
358.500,0.000,0.127,0.118,0.000
358.520,0.000,0.129,0.118,0.000
358.540,0.000,0.138,0.111,0.000
358.560,0.000,0.142,0.111,0.000
358.580,0.000,0.142,0.108,0.000
358.600,0.000,0.145,0.108,0.000
358.620,0.000,0.146,0.098,0.000
358.640,0.000,0.159,0.098,0.000
358.660,0.000,0.154,0.098,0.000
358.680,0.000,0.161,0.098,0.000
358.700,0.000,0.158,0.098,0.000
358.720,0.000,0.161,0.098,0.000
358.740,0.000,0.161,0.098,0.000
358.760,0.000,0.161,0.098,0.000
358.780,0.000,0.159,0.098,0.000
358.800,0.000,0.158,0.098,0.000
358.820,0.000,0.156,0.098,0.000
358.840,0.000,0.155,0.098,0.000
358.860,0.000,0.145,0.098,0.000
358.880,0.000,0.143,0.098,0.000
358.900,0.000,0.143,0.098,0.000
358.920,0.000,0.141,0.098,0.000
358.940,0.000,0.138,0.098,0.000
358.960,0.000,0.130,0.098,0.000
358.980,0.000,0.127,0.098,0.000
359.000,0.000,0.123,0.098,0.000
359.020,0.000,0.123,0.098,0.000
359.040,0.000,0.113,0.098,0.000
359.060,0.000,0.113,0.098,0.000
359.080,0.000,0.104,0.098,0.000
359.100,0.000,0.103,0.098,0.000
359.120,0.000,0.099,0.098,0.000
359.140,0.000,0.101,0.098,0.000
359.160,0.000,0.092,0.098,0.000
359.180,0.000,0.091,0.098,0.000
359.200,0.000,0.088,0.098,0.000
359.220,0.000,0.086,0.098,0.000
359.240,0.000,0.085,0.098,0.000
359.260,0.000,0.085,0.098,0.000
359.280,0.000,0.087,0.098,0.000
359.300,0.000,0.087,0.098,0.000
359.320,0.000,0.085,0.098,0.000
359.340,0.000,0.089,0.098,0.000
359.360,0.000,0.091,0.098,0.000
359.380,0.000,0.095,0.098,0.000
359.400,0.000,0.102,0.098,0.000
359.420,0.000,0.102,0.098,0.000
359.440,0.000,0.107,0.098,0.000
359.460,0.000,0.108,0.098,0.000
359.480,0.000,0.113,0.098,0.000
359.500,0.000,0.116,0.098,0.000
359.520,0.000,0.122,0.098,0.000
359.540,0.000,0.125,0.098,0.000
359.560,0.000,0.128,0.098,0.000
359.580,0.000,0.134,0.098,0.000
359.600,0.000,0.139,0.098,0.000
359.620,0.000,0.141,0.098,0.000
359.640,0.000,0.142,0.098,0.000
359.660,0.000,0.147,0.098,0.000
359.680,0.000,0.147,0.098,0.000
359.700,0.000,0.153,0.098,0.000
359.720,0.000,0.153,0.098,0.000
359.740,0.000,0.158,0.098,0.000
359.760,0.000,0.157,0.098,0.000
359.780,0.000,0.160,0.098,0.000
359.800,0.000,0.155,0.098,0.000
359.820,0.000,0.157,0.098,0.000
359.840,0.000,0.154,0.098,0.000
359.860,0.000,0.152,0.098,0.000
359.880,0.000,0.152,0.098,0.000
359.900,0.000,0.148,0.098,0.000
359.920,0.000,0.147,0.098,0.000
359.940,0.000,0.141,0.098,0.000
359.960,0.000,0.141,0.098,0.000
359.980,0.000,0.135,0.098,0.000
360.000,0.000,0.132,0.098,0.000
360.020,0.000,0.128,0.098,0.000
360.040,0.000,0.125,0.098,0.000
360.060,0.000,0.120,0.098,0.000
360.080,0.000,0.118,0.098,0.000
360.100,0.000,0.113,0.098,0.000
360.120,0.000,0.112,0.098,0.000
360.140,0.000,0.108,0.098,0.000
360.160,0.000,0.105,0.098,0.000
360.180,0.000,0.100,0.098,0.000
360.200,0.000,0.098,0.098,0.000
360.220,0.000,0.096,0.098,0.000
360.240,0.000,0.095,0.098,0.000
360.260,0.000,0.095,0.098,0.000
360.280,0.000,0.091,0.098,0.000
360.300,0.000,0.093,0.098,0.000
360.320,0.000,0.094,0.098,0.000
360.340,0.000,0.095,0.098,0.000
360.360,0.000,0.093,0.098,0.000
360.380,0.000,0.099,0.098,0.000
360.400,0.000,0.098,0.098,0.000
360.420,0.000,0.104,0.098,0.000
360.440,0.000,0.104,0.098,0.000
360.460,0.000,0.108,0.098,0.000
360.480,0.000,0.111,0.098,0.000
360.500,0.000,0.117,0.098,0.000
360.520,0.000,0.116,0.098,0.000
360.540,0.000,0.121,0.098,0.000
360.560,0.000,0.125,0.098,0.000
360.580,0.000,0.127,0.098,0.000
360.600,0.000,0.133,0.098,0.000
360.620,0.000,0.137,0.097,0.000
360.640,0.000,0.142,0.097,0.000
360.660,0.000,0.144,0.097,0.000
360.680,0.000,0.145,0.097,0.000
360.700,0.000,0.147,0.097,0.000
360.720,0.000,0.155,0.097,0.000
360.740,0.000,0.154,0.097,0.000
360.760,0.000,0.161,0.097,0.000
360.780,0.000,0.157,0.097,0.000
360.800,0.000,0.159,0.097,0.000
360.820,0.000,0.161,0.097,0.000
360.840,0.000,0.161,0.097,0.000
360.860,0.000,0.159,0.097,0.000
360.880,0.000,0.157,0.097,0.000
360.900,0.000,0.157,0.097,0.000
360.920,0.000,0.156,0.097,0.000
360.940,0.000,0.146,0.097,0.000
360.960,0.000,0.145,0.097,0.000
360.980,0.000,0.143,0.097,0.000
361.000,0.000,0.143,0.097,0.000
361.020,0.000,0.137,0.097,0.000
361.040,0.000,0.136,0.097,0.000
361.060,0.000,0.125,0.097,0.000
361.080,0.000,0.124,0.097,0.000
361.100,0.000,0.120,0.097,0.000
361.120,0.000,0.123,0.097,0.000
361.140,0.000,0.105,0.097,0.000
361.160,0.000,0.113,0.087,0.000
361.180,0.000,0.103,0.087,0.000
361.200,0.000,0.105,0.085,0.000
361.220,0.000,0.096,0.085,0.000
361.240,0.000,0.100,0.085,0.000
361.260,0.000,0.094,0.085,0.000
361.280,0.000,0.094,0.085,0.000
361.300,0.000,0.091,0.085,0.000
361.320,0.000,0.089,0.085,0.000
361.340,0.000,0.091,0.085,0.000
361.360,0.000,0.088,0.085,0.000
361.380,0.000,0.092,0.085,0.000
361.400,0.000,0.090,0.085,0.000
361.420,0.000,0.098,0.085,0.000
361.440,0.000,0.092,0.085,0.000
361.460,0.000,0.101,0.085,0.000
361.480,0.000,0.101,0.085,0.000
361.500,0.000,0.104,0.085,0.000
361.520,0.000,0.103,0.085,0.000
361.540,0.000,0.110,0.085,0.000
361.560,0.000,0.111,0.085,0.000
361.580,0.000,0.118,0.085,0.000
361.600,0.000,0.123,0.085,0.000
361.620,0.000,0.124,0.085,0.000
361.640,0.000,0.128,0.085,0.000
361.660,0.000,0.128,0.085,0.000
361.680,0.000,0.138,0.085,0.000
361.700,0.000,0.137,0.085,0.000
361.720,0.000,0.142,0.085,0.000
361.740,0.000,0.141,0.085,0.000
361.760,0.000,0.149,0.085,0.000
361.780,0.000,0.141,0.085,0.000
361.800,0.000,0.157,0.085,0.000
361.820,0.000,0.145,0.085,0.000
361.840,0.000,0.157,0.085,0.000
361.860,0.000,0.146,0.085,0.000
361.880,0.000,0.158,0.085,0.000
361.900,0.000,0.145,0.085,0.000
361.920,0.000,0.152,0.085,0.000
361.940,0.000,0.145,0.085,0.000
361.960,0.000,0.150,0.085,0.000
361.980,0.000,0.141,0.085,0.000
362.000,0.000,0.142,0.085,0.000
362.020,0.000,0.141,0.085,0.000
362.040,0.000,0.132,0.085,0.000
362.060,0.000,0.133,0.085,0.000
362.080,0.000,0.128,0.085,0.000
362.100,0.000,0.129,0.085,0.000
362.120,0.000,0.120,0.085,0.000
362.140,0.000,0.125,0.085,0.000
362.160,0.000,0.107,0.085,0.000
362.180,0.000,0.119,0.085,0.000
362.200,0.000,0.100,0.085,0.000
362.220,0.000,0.112,0.082,0.000
362.240,0.000,0.095,0.082,0.000
362.260,0.000,0.104,0.082,0.000
362.280,0.000,0.093,0.082,0.000
362.300,0.000,0.099,0.082,0.000
362.320,0.000,0.092,0.082,0.000
362.340,0.000,0.097,0.082,0.000
362.360,0.000,0.092,0.082,0.000
362.380,0.000,0.095,0.082,0.000
362.400,0.000,0.093,0.082,0.000
362.420,0.000,0.095,0.082,0.000
362.440,0.000,0.099,0.082,0.000
362.460,0.000,0.095,0.082,0.000
362.480,0.000,0.103,0.082,0.000
362.500,0.000,0.099,0.082,0.000
362.520,0.000,0.111,0.082,0.000
362.540,0.000,0.100,0.082,0.000
362.560,0.000,0.117,0.082,0.000
362.580,0.000,0.106,0.082,0.000
362.600,0.000,0.125,0.082,0.000
362.620,0.000,0.112,0.082,0.000
362.640,0.000,0.132,0.082,0.000
362.660,0.000,0.120,0.082,0.000
362.680,0.000,0.138,0.082,0.000
362.700,0.000,0.131,0.081,0.000
362.720,0.000,0.145,0.081,0.000
362.740,0.000,0.137,0.077,0.000
362.760,0.000,0.148,0.077,0.000
362.780,0.000,0.146,0.077,0.000
362.800,0.000,0.153,0.077,0.000
362.820,0.000,0.153,0.077,0.000
362.840,0.000,0.153,0.077,0.000
362.860,0.000,0.157,0.077,0.000
362.880,0.000,0.152,0.077,0.000
362.900,0.000,0.161,0.077,0.000
362.920,0.000,0.153,0.077,0.000
362.940,0.000,0.164,0.079,0.000
362.960,0.000,0.146,0.079,0.000
362.980,0.000,0.158,0.079,0.000
363.000,0.000,0.145,0.079,0.000
363.020,0.000,0.154,0.079,0.000
363.040,0.000,0.141,0.079,0.000
363.060,0.000,0.147,0.079,0.000
363.080,0.000,0.134,0.079,0.000
363.100,0.000,0.141,0.079,0.000
363.120,0.000,0.132,0.079,0.000
363.140,0.000,0.133,0.079,0.000
363.160,0.000,0.128,0.079,0.000
363.180,0.000,0.123,0.079,0.000
363.200,0.000,0.120,0.079,0.000
363.220,0.000,0.114,0.079,0.000
363.240,0.000,0.117,0.079,0.000
363.260,0.000,0.105,0.079,0.000
363.280,0.000,0.112,0.079,0.000
363.300,0.000,0.097,0.079,0.000
363.320,0.000,0.105,0.079,0.000
363.340,0.000,0.095,0.079,0.000
363.360,0.000,0.099,0.079,0.000
363.380,0.000,0.094,0.079,0.000
363.400,0.000,0.096,0.079,0.000
363.420,0.000,0.095,0.079,0.000
363.440,0.000,0.092,0.079,0.000
363.460,0.000,0.098,0.079,0.000
363.480,0.000,0.091,0.079,0.000
363.500,0.000,0.099,0.079,0.000
363.520,0.000,0.091,0.079,0.000
363.540,0.000,0.108,0.079,0.000
363.560,0.000,0.093,0.079,0.000
363.580,0.000,0.116,0.079,0.000
363.600,0.000,0.096,0.079,0.000
363.620,0.000,0.124,0.079,0.000
363.640,0.000,0.102,0.079,0.000
363.660,0.000,0.128,0.079,0.000
363.680,0.000,0.109,0.079,0.000
363.700,0.000,0.132,0.079,0.000
363.720,0.000,0.119,0.079,0.000
363.740,0.000,0.135,0.079,0.000
363.760,0.000,0.128,0.079,0.000
363.780,0.000,0.140,0.079,0.000
363.800,0.000,0.136,0.079,0.000
363.820,0.000,0.141,0.079,0.000
363.840,0.000,0.142,0.079,0.000
363.860,0.000,0.140,0.079,0.000
363.880,0.000,0.146,0.079,0.000
363.900,0.000,0.140,0.079,0.000
363.920,0.000,0.153,0.079,0.000
363.940,0.000,0.141,0.079,0.000
363.960,0.000,0.156,0.079,0.000
363.980,0.000,0.138,0.079,0.000
364.000,0.000,0.157,0.079,0.000
364.020,0.000,0.138,0.079,0.000
364.040,0.000,0.153,0.079,0.000
364.060,0.000,0.137,0.079,0.000
364.080,0.000,0.145,0.079,0.000
364.100,0.000,0.130,0.079,0.000
364.120,0.000,0.137,0.079,0.000
364.140,0.000,0.130,0.079,0.000
364.160,0.000,0.133,0.079,0.000
364.180,0.000,0.124,0.079,0.000
364.200,0.000,0.125,0.079,0.000
364.220,0.000,0.118,0.079,0.000
364.240,0.000,0.113,0.079,0.000
364.260,0.000,0.114,0.079,0.000
364.280,0.000,0.106,0.079,0.000
364.300,0.000,0.108,0.079,0.000
364.320,0.000,0.102,0.076,0.000
364.340,0.000,0.105,0.076,0.000
364.360,0.000,0.096,0.076,0.000
364.380,0.000,0.101,0.076,0.000
364.400,0.000,0.092,0.076,0.000
364.420,0.000,0.096,0.076,0.000
364.440,0.000,0.090,0.076,0.000
364.460,0.000,0.098,0.076,0.000
364.480,0.000,0.095,0.076,0.000
364.500,0.000,0.097,0.076,0.000
364.520,0.000,0.096,0.076,0.000
364.540,0.000,0.097,0.076,0.000
364.560,0.000,0.098,0.076,0.000
364.580,0.000,0.101,0.076,0.000
364.600,0.000,0.103,0.076,0.000
364.620,0.000,0.103,0.076,0.000
364.640,0.000,0.113,0.076,0.000
364.660,0.000,0.109,0.076,0.000
364.680,0.000,0.119,0.076,0.000
364.700,0.000,0.117,0.076,0.000
364.720,0.000,0.128,0.076,0.000
364.740,0.000,0.124,0.076,0.000
364.760,0.000,0.132,0.076,0.000
364.780,0.000,0.128,0.076,0.000
364.800,0.000,0.139,0.076,0.000
364.820,0.000,0.133,0.076,0.000
364.840,0.000,0.146,0.076,0.000
364.860,0.000,0.137,0.076,0.000
364.880,0.000,0.152,0.076,0.000
364.900,0.000,0.144,0.076,0.000
364.920,0.000,0.151,0.076,0.000
364.940,0.000,0.149,0.076,0.000
364.960,0.000,0.152,0.076,0.000
364.980,0.000,0.150,0.076,0.000
365.000,0.000,0.151,0.076,0.000
365.020,0.000,0.153,0.076,0.000
365.040,0.000,0.151,0.076,0.000
365.060,0.000,0.153,0.076,0.000
365.080,0.000,0.147,0.076,0.000
365.100,0.000,0.149,0.076,0.000
365.120,0.000,0.140,0.076,0.000
365.140,0.000,0.149,0.076,0.000
365.160,0.000,0.136,0.076,0.000
365.180,0.000,0.139,0.076,0.000
365.200,0.000,0.130,0.076,0.000
365.220,0.000,0.132,0.076,0.000
365.240,0.000,0.125,0.076,0.000
365.260,0.000,0.129,0.076,0.000
365.280,0.000,0.116,0.076,0.000
365.300,0.000,0.120,0.076,0.000
365.320,0.000,0.112,0.076,0.000
365.340,0.000,0.115,0.076,0.000
365.360,0.000,0.107,0.076,0.000
365.380,0.000,0.108,0.076,0.000
365.400,0.000,0.103,0.076,0.000
365.420,0.000,0.101,0.076,0.000
365.440,0.000,0.103,0.076,0.000
365.460,0.000,0.099,0.076,0.000
365.480,0.000,0.103,0.076,0.000
365.500,0.000,0.097,0.076,0.000
365.520,0.000,0.102,0.076,0.000
365.540,0.000,0.097,0.076,0.000
365.560,0.000,0.106,0.076,0.000
365.580,0.000,0.096,0.076,0.000
365.600,0.000,0.105,0.076,0.000
365.620,0.000,0.100,0.076,0.000
365.640,0.000,0.113,0.076,0.000
365.660,0.000,0.106,0.076,0.000
365.680,0.000,0.115,0.076,0.000
365.700,0.000,0.113,0.076,0.000
365.720,0.000,0.121,0.076,0.000
365.740,0.000,0.120,0.076,0.000
365.760,0.000,0.122,0.076,0.000
365.780,0.000,0.128,0.076,0.000
365.800,0.000,0.128,0.076,0.000
365.820,0.000,0.137,0.076,0.000
365.840,0.000,0.128,0.076,0.000
365.860,0.000,0.141,0.076,0.000
365.880,0.000,0.133,0.076,0.000
365.900,0.000,0.149,0.076,0.000
365.920,0.000,0.137,0.076,0.000
365.940,0.000,0.151,0.076,0.000
365.960,0.000,0.142,0.076,0.000
365.980,0.000,0.147,0.076,0.000
366.000,0.000,0.144,0.076,0.000
366.020,0.000,0.148,0.076,0.000
366.040,0.000,0.145,0.076,0.000
366.060,0.000,0.145,0.076,0.000
366.080,0.000,0.149,0.076,0.000
366.100,0.000,0.141,0.076,0.000
366.120,0.000,0.149,0.076,0.000
366.140,0.000,0.137,0.076,0.000
366.160,0.000,0.141,0.076,0.000
366.180,0.000,0.130,0.076,0.000
366.200,0.000,0.141,0.076,0.000
366.220,0.000,0.124,0.076,0.000
366.240,0.000,0.137,0.076,0.000
366.260,0.000,0.122,0.076,0.000
366.280,0.000,0.126,0.076,0.000
366.300,0.000,0.114,0.076,0.000
366.320,0.000,0.120,0.076,0.000
366.340,0.000,0.108,0.076,0.000
366.360,0.000,0.112,0.074,0.000
366.380,0.000,0.103,0.074,0.000
366.400,0.000,0.106,0.074,0.000
366.420,0.000,0.100,0.074,0.000
366.440,0.000,0.100,0.074,0.000
366.460,0.000,0.101,0.074,0.000
366.480,0.000,0.098,0.074,0.000
366.500,0.000,0.099,0.074,0.000
366.520,0.000,0.093,0.074,0.000
366.540,0.000,0.098,0.074,0.000
366.560,0.000,0.098,0.074,0.000
366.580,0.000,0.098,0.074,0.000
366.600,0.000,0.099,0.074,0.000
366.620,0.000,0.101,0.074,0.000
366.640,0.000,0.099,0.074,0.000
366.660,0.000,0.100,0.074,0.000
366.680,0.000,0.101,0.074,0.000
366.700,0.000,0.107,0.074,0.000
366.720,0.000,0.106,0.074,0.000
366.740,0.000,0.119,0.074,0.000
366.760,0.000,0.109,0.074,0.000
366.780,0.000,0.125,0.074,0.000
366.800,0.000,0.118,0.074,0.000
366.820,0.000,0.128,0.074,0.000
366.840,0.000,0.123,0.074,0.000
366.860,0.000,0.132,0.074,0.000
366.880,0.000,0.129,0.074,0.000
366.900,0.000,0.141,0.074,0.000
366.920,0.000,0.132,0.074,0.000
366.940,0.000,0.147,0.074,0.000
366.960,0.000,0.137,0.074,0.000
366.980,0.000,0.148,0.074,0.000
367.000,0.000,0.140,0.074,0.000
367.020,0.000,0.150,0.074,0.000
367.040,0.000,0.143,0.074,0.000
367.060,0.000,0.149,0.074,0.000
367.080,0.000,0.146,0.074,0.000
367.100,0.000,0.148,0.074,0.000
367.120,0.000,0.151,0.074,0.000
367.140,0.000,0.140,0.074,0.000
367.160,0.000,0.149,0.074,0.000
367.180,0.000,0.136,0.074,0.000
367.200,0.000,0.144,0.074,0.000
367.220,0.000,0.136,0.074,0.000
367.240,0.000,0.137,0.074,0.000
367.260,0.000,0.132,0.074,0.000
367.280,0.000,0.131,0.074,0.000
367.300,0.000,0.127,0.074,0.000
367.320,0.000,0.120,0.074,0.000
367.340,0.000,0.123,0.074,0.000
367.360,0.000,0.115,0.074,0.000
367.380,0.000,0.117,0.074,0.000
367.400,0.000,0.113,0.074,0.000
367.420,0.000,0.114,0.074,0.000
367.440,0.000,0.108,0.074,0.000
367.460,0.000,0.113,0.074,0.000
367.480,0.000,0.101,0.074,0.000
367.500,0.000,0.112,0.074,0.000
367.520,0.000,0.099,0.074,0.000
367.540,0.000,0.112,0.074,0.000
367.560,0.000,0.102,0.074,0.000
367.580,0.000,0.109,0.074,0.000
367.600,0.000,0.100,0.074,0.000
367.620,0.000,0.110,0.074,0.000
367.640,0.000,0.103,0.074,0.000
367.660,0.000,0.111,0.074,0.000
367.680,0.000,0.112,0.074,0.000
367.700,0.000,0.112,0.074,0.000
367.720,0.000,0.112,0.074,0.000
367.740,0.000,0.113,0.074,0.000
367.760,0.000,0.113,0.074,0.000
367.780,0.000,0.117,0.074,0.000
367.800,0.000,0.117,0.074,0.000
367.820,0.000,0.124,0.074,0.000
367.840,0.000,0.123,0.074,0.000
367.860,0.000,0.129,0.074,0.000
367.880,0.000,0.128,0.074,0.000
367.900,0.000,0.137,0.074,0.000
367.920,0.000,0.134,0.074,0.000
367.940,0.000,0.144,0.068,0.000
367.960,0.000,0.137,0.068,0.000
367.980,0.000,0.149,0.067,0.000
368.000,0.000,0.138,0.067,0.000
368.020,0.000,0.153,0.067,0.000
368.040,0.000,0.143,0.067,0.000
368.060,0.000,0.157,0.067,0.000
368.080,0.000,0.141,0.067,0.000
368.100,0.000,0.157,0.067,0.000
368.120,0.000,0.143,0.067,0.000
368.140,0.000,0.153,0.067,0.000
368.160,0.000,0.143,0.067,0.000
368.180,0.000,0.149,0.067,0.000
368.200,0.000,0.141,0.067,0.000
368.220,0.000,0.144,0.067,0.000
368.240,0.000,0.141,0.067,0.000
368.260,0.000,0.140,0.067,0.000
368.280,0.000,0.137,0.067,0.000
368.300,0.000,0.133,0.067,0.000
368.320,0.000,0.132,0.067,0.000
368.340,0.000,0.124,0.067,0.000
368.360,0.000,0.125,0.067,0.000
368.380,0.000,0.117,0.067,0.000
368.400,0.000,0.121,0.067,0.000
368.420,0.000,0.112,0.067,0.000
368.440,0.000,0.117,0.067,0.000
368.460,0.000,0.108,0.067,0.000
368.480,0.000,0.112,0.067,0.000
368.500,0.000,0.101,0.067,0.000
368.520,0.000,0.106,0.067,0.000
368.540,0.000,0.099,0.067,0.000
368.560,0.000,0.103,0.067,0.000
368.580,0.000,0.099,0.067,0.000
368.600,0.000,0.104,0.067,0.000
368.620,0.000,0.095,0.067,0.000
368.640,0.000,0.104,0.067,0.000
368.660,0.000,0.095,0.067,0.000
368.680,0.000,0.103,0.067,0.000
368.700,0.000,0.100,0.067,0.000
368.720,0.000,0.103,0.067,0.000
368.740,0.000,0.104,0.067,0.000
368.760,0.000,0.105,0.067,0.000
368.780,0.000,0.108,0.067,0.000
368.800,0.000,0.107,0.067,0.000
368.820,0.000,0.115,0.067,0.000
368.840,0.000,0.111,0.067,0.000
368.860,0.000,0.122,0.067,0.000
368.880,0.000,0.116,0.067,0.000
368.900,0.000,0.126,0.067,0.000
368.920,0.000,0.123,0.067,0.000
368.940,0.000,0.132,0.067,0.000
368.960,0.000,0.124,0.067,0.000
368.980,0.000,0.141,0.067,0.000
369.000,0.000,0.128,0.067,0.000
369.020,0.000,0.143,0.067,0.000
369.040,0.000,0.134,0.067,0.000
369.060,0.000,0.146,0.067,0.000
369.080,0.000,0.138,0.067,0.000
369.100,0.000,0.147,0.067,0.000
369.120,0.000,0.138,0.067,0.000
369.140,0.000,0.150,0.067,0.000
369.160,0.000,0.139,0.067,0.000
369.180,0.000,0.147,0.067,0.000
369.200,0.000,0.141,0.067,0.000
369.220,0.000,0.143,0.067,0.000
369.240,0.000,0.138,0.067,0.000
369.260,0.000,0.142,0.067,0.000
369.280,0.000,0.136,0.067,0.000
369.300,0.000,0.133,0.067,0.000
369.320,0.000,0.132,0.067,0.000
369.340,0.000,0.133,0.067,0.000
369.360,0.000,0.127,0.067,0.000
369.380,0.000,0.124,0.067,0.000
369.400,0.000,0.122,0.067,0.000
369.420,0.000,0.120,0.067,0.000
369.440,0.000,0.120,0.064,0.000
369.460,0.000,0.112,0.064,0.000
369.480,0.000,0.116,0.064,0.000
369.500,0.000,0.110,0.064,0.000
369.520,0.000,0.112,0.064,0.000
369.540,0.000,0.104,0.064,0.000
369.560,0.000,0.110,0.064,0.000
369.580,0.000,0.100,0.064,0.000
369.600,0.000,0.109,0.064,0.000
369.620,0.000,0.098,0.064,0.000
369.640,0.000,0.110,0.064,0.000
369.660,0.000,0.100,0.064,0.000
369.680,0.000,0.110,0.064,0.000
369.700,0.000,0.098,0.064,0.000
369.720,0.000,0.111,0.064,0.000
369.740,0.000,0.103,0.064,0.000
369.760,0.000,0.112,0.064,0.000
369.780,0.000,0.111,0.064,0.000
369.800,0.000,0.113,0.064,0.000
369.820,0.000,0.113,0.064,0.000
369.840,0.000,0.113,0.064,0.000
369.860,0.000,0.113,0.064,0.000
369.880,0.000,0.118,0.064,0.000
369.900,0.000,0.119,0.064,0.000
369.920,0.000,0.126,0.064,0.000
369.940,0.000,0.130,0.064,0.000
369.960,0.000,0.132,0.064,0.000
369.980,0.000,0.135,0.064,0.000
370.000,0.000,0.138,0.064,0.000
370.020,0.000,0.138,0.064,0.000
370.040,0.000,0.141,0.064,0.000
370.060,0.000,0.143,0.064,0.000
370.080,0.000,0.146,0.064,0.000
370.100,0.000,0.145,0.064,0.000
370.120,0.000,0.149,0.064,0.000
370.140,0.000,0.148,0.064,0.000
370.160,0.000,0.147,0.064,0.000
370.180,0.000,0.149,0.064,0.000
370.200,0.000,0.149,0.064,0.000
370.220,0.000,0.150,0.064,0.000
370.240,0.000,0.146,0.064,0.000
370.260,0.000,0.146,0.064,0.000
370.280,0.000,0.144,0.064,0.000
370.300,0.000,0.143,0.064,0.000
370.320,0.000,0.140,0.064,0.000
370.340,0.000,0.140,0.064,0.000
370.360,0.000,0.139,0.064,0.000
370.380,0.000,0.137,0.064,0.000
370.400,0.000,0.130,0.064,0.000
370.420,0.000,0.128,0.064,0.000
370.440,0.000,0.125,0.064,0.000
370.460,0.000,0.123,0.064,0.000
370.480,0.000,0.121,0.064,0.000
370.500,0.000,0.118,0.064,0.000
370.520,0.000,0.119,0.064,0.000
370.540,0.000,0.114,0.064,0.000
370.560,0.000,0.109,0.064,0.000
370.580,0.000,0.108,0.064,0.000
370.600,0.000,0.106,0.064,0.000
370.620,0.000,0.107,0.064,0.000
370.640,0.000,0.104,0.064,0.000
370.660,0.000,0.103,0.064,0.000
370.680,0.000,0.099,0.064,0.000
370.700,0.000,0.104,0.064,0.000
370.720,0.000,0.101,0.064,0.000
370.740,0.000,0.105,0.064,0.000
370.760,0.000,0.102,0.064,0.000
370.780,0.000,0.108,0.064,0.000
370.800,0.000,0.103,0.064,0.000
370.820,0.000,0.111,0.064,0.000
370.840,0.000,0.104,0.064,0.000
370.860,0.000,0.112,0.064,0.000
370.880,0.000,0.106,0.064,0.000
370.900,0.000,0.117,0.064,0.000
370.920,0.000,0.114,0.064,0.000
370.940,0.000,0.121,0.064,0.000
370.960,0.000,0.121,0.064,0.000
370.980,0.000,0.123,0.064,0.000
371.000,0.000,0.123,0.064,0.000
371.020,0.000,0.126,0.064,0.000
371.040,0.000,0.132,0.064,0.000
371.060,0.000,0.130,0.064,0.000
371.080,0.000,0.140,0.064,0.000
371.100,0.000,0.137,0.064,0.000
371.120,0.000,0.141,0.064,0.000
371.140,0.000,0.139,0.064,0.000
371.160,0.000,0.143,0.064,0.000
371.180,0.000,0.139,0.064,0.000
371.200,0.000,0.141,0.064,0.000
371.220,0.000,0.142,0.064,0.000
371.240,0.000,0.143,0.064,0.000
371.260,0.000,0.141,0.064,0.000
371.280,0.000,0.143,0.064,0.000
371.300,0.000,0.139,0.064,0.000
371.320,0.000,0.142,0.064,0.000
371.340,0.000,0.134,0.064,0.000
371.360,0.000,0.142,0.064,0.000
371.380,0.000,0.131,0.064,0.000
371.400,0.000,0.137,0.064,0.000
371.420,0.000,0.126,0.064,0.000
371.440,0.000,0.127,0.064,0.000
371.460,0.000,0.123,0.064,0.000
371.480,0.000,0.123,0.064,0.000
371.500,0.000,0.120,0.064,0.000
371.520,0.000,0.120,0.061,0.000
371.540,0.000,0.116,0.061,0.000
371.560,0.000,0.112,0.061,0.000
371.580,0.000,0.112,0.061,0.000
371.600,0.000,0.107,0.061,0.000
371.620,0.000,0.108,0.061,0.000
371.640,0.000,0.103,0.061,0.000
371.660,0.000,0.106,0.061,0.000
371.680,0.000,0.101,0.061,0.000
371.700,0.000,0.109,0.061,0.000
371.720,0.000,0.101,0.061,0.000
371.740,0.000,0.110,0.061,0.000
371.760,0.000,0.097,0.061,0.000
371.780,0.000,0.109,0.061,0.000
371.800,0.000,0.098,0.061,0.000
371.820,0.000,0.112,0.061,0.000
371.840,0.000,0.103,0.061,0.000
371.860,0.000,0.112,0.061,0.000
371.880,0.000,0.108,0.061,0.000
371.900,0.000,0.114,0.061,0.000
371.920,0.000,0.111,0.061,0.000
371.940,0.000,0.120,0.061,0.000
371.960,0.000,0.116,0.061,0.000
371.980,0.000,0.121,0.061,0.000
372.000,0.000,0.126,0.061,0.000
372.020,0.000,0.122,0.061,0.000
372.040,0.000,0.132,0.061,0.000
372.060,0.000,0.128,0.061,0.000
372.080,0.000,0.138,0.061,0.000
372.100,0.000,0.131,0.061,0.000
372.120,0.000,0.148,0.061,0.000
372.140,0.000,0.130,0.061,0.000
372.160,0.000,0.149,0.061,0.000
372.180,0.000,0.137,0.061,0.000
372.200,0.000,0.149,0.061,0.000
372.220,0.000,0.138,0.061,0.000
372.240,0.000,0.150,0.061,0.000
372.260,0.000,0.141,0.061,0.000
372.280,0.000,0.149,0.061,0.000
372.300,0.000,0.144,0.061,0.000
372.320,0.000,0.145,0.061,0.000
372.340,0.000,0.146,0.061,0.000
372.360,0.000,0.142,0.061,0.000
372.380,0.000,0.145,0.061,0.000
372.400,0.000,0.137,0.061,0.000
372.420,0.000,0.144,0.061,0.000
372.440,0.000,0.129,0.061,0.000
372.460,0.000,0.140,0.061,0.000
372.480,0.000,0.125,0.061,0.000
372.500,0.000,0.137,0.061,0.000
372.520,0.000,0.119,0.061,0.000
372.540,0.000,0.132,0.061,0.000
372.560,0.000,0.116,0.061,0.000
372.580,0.000,0.123,0.061,0.000
372.600,0.000,0.111,0.061,0.000
372.620,0.000,0.118,0.061,0.000
372.640,0.000,0.112,0.061,0.000
372.660,0.000,0.112,0.061,0.000
372.680,0.000,0.112,0.061,0.000
372.700,0.000,0.108,0.061,0.000
372.720,0.000,0.111,0.061,0.000
372.740,0.000,0.104,0.061,0.000
372.760,0.000,0.112,0.061,0.000
372.780,0.000,0.105,0.061,0.000
372.800,0.000,0.112,0.061,0.000
372.820,0.000,0.103,0.061,0.000
372.840,0.000,0.113,0.061,0.000
372.860,0.000,0.105,0.061,0.000
372.880,0.000,0.117,0.061,0.000
372.900,0.000,0.106,0.061,0.000
372.920,0.000,0.116,0.061,0.000
372.940,0.000,0.110,0.061,0.000
372.960,0.000,0.120,0.061,0.000
372.980,0.000,0.117,0.061,0.000
373.000,0.000,0.120,0.061,0.000
373.020,0.000,0.123,0.061,0.000
373.040,0.000,0.123,0.061,0.000
373.060,0.000,0.127,0.061,0.000
373.080,0.000,0.124,0.061,0.000
373.100,0.000,0.135,0.057,0.000
373.120,0.000,0.125,0.057,0.000
373.140,0.000,0.141,0.055,0.000
373.160,0.000,0.128,0.055,0.000
373.180,0.000,0.142,0.055,0.000
373.200,0.000,0.131,0.055,0.000
373.220,0.000,0.142,0.055,0.000
373.240,0.000,0.135,0.055,0.000
373.260,0.000,0.145,0.055,0.000
373.280,0.000,0.135,0.055,0.000
373.300,0.000,0.145,0.055,0.000
373.320,0.000,0.137,0.055,0.000
373.340,0.000,0.141,0.055,0.000
373.360,0.000,0.137,0.055,0.000
373.380,0.000,0.140,0.055,0.000
373.400,0.000,0.137,0.055,0.000
373.420,0.000,0.142,0.055,0.000
373.440,0.000,0.133,0.055,0.000
373.460,0.000,0.135,0.055,0.000
373.480,0.000,0.127,0.055,0.000
373.500,0.000,0.128,0.055,0.000
373.520,0.000,0.124,0.055,0.000
373.540,0.000,0.124,0.055,0.000
373.560,0.000,0.122,0.055,0.000
373.580,0.000,0.122,0.055,0.000
373.600,0.000,0.118,0.055,0.000
373.620,0.000,0.116,0.055,0.000
373.640,0.000,0.113,0.055,0.000
373.660,0.000,0.108,0.053,0.000
373.680,0.000,0.109,0.053,0.000
373.700,0.000,0.108,0.053,0.000
373.720,0.000,0.104,0.053,0.000
373.740,0.000,0.106,0.053,0.000
373.760,0.000,0.103,0.053,0.000
373.780,0.000,0.107,0.053,0.000
373.800,0.000,0.103,0.053,0.000
373.820,0.000,0.104,0.053,0.000
373.840,0.000,0.103,0.053,0.000
373.860,0.000,0.105,0.053,0.000
373.880,0.000,0.103,0.053,0.000
373.900,0.000,0.106,0.053,0.000
373.920,0.000,0.103,0.053,0.000
373.940,0.000,0.108,0.053,0.000
373.960,0.000,0.106,0.053,0.000
373.980,0.000,0.114,0.053,0.000
374.000,0.000,0.110,0.053,0.000
374.020,0.000,0.118,0.053,0.000
374.040,0.000,0.118,0.053,0.000
374.060,0.000,0.121,0.053,0.000
374.080,0.000,0.124,0.053,0.000
374.100,0.000,0.123,0.053,0.000
374.120,0.000,0.124,0.053,0.000
374.140,0.000,0.129,0.053,0.000
374.160,0.000,0.130,0.053,0.000
374.180,0.000,0.133,0.053,0.000
374.200,0.000,0.135,0.053,0.000
374.220,0.000,0.133,0.053,0.000
374.240,0.000,0.138,0.053,0.000
374.260,0.000,0.133,0.053,0.000
374.280,0.000,0.143,0.053,0.000
374.300,0.000,0.137,0.053,0.000
374.320,0.000,0.143,0.053,0.000
374.340,0.000,0.141,0.053,0.000
374.360,0.000,0.149,0.053,0.000
374.380,0.000,0.137,0.053,0.000
374.400,0.000,0.146,0.053,0.000
374.420,0.000,0.137,0.053,0.000
374.440,0.000,0.141,0.053,0.000
374.460,0.000,0.137,0.053,0.000
374.480,0.000,0.137,0.053,0.000
374.500,0.000,0.132,0.053,0.000
374.520,0.000,0.133,0.053,0.000
374.540,0.000,0.132,0.053,0.000
374.560,0.000,0.129,0.053,0.000
374.580,0.000,0.130,0.053,0.000
374.600,0.000,0.124,0.053,0.000
374.620,0.000,0.125,0.053,0.000
374.640,0.000,0.116,0.053,0.000
374.660,0.000,0.118,0.053,0.000
374.680,0.000,0.113,0.053,0.000
374.700,0.000,0.113,0.053,0.000
374.720,0.000,0.113,0.053,0.000
374.740,0.000,0.113,0.053,0.000
374.760,0.000,0.113,0.053,0.000
374.780,0.000,0.113,0.053,0.000
374.800,0.000,0.112,0.053,0.000
374.820,0.000,0.113,0.053,0.000
374.840,0.000,0.113,0.053,0.000
374.860,0.000,0.113,0.053,0.000
374.880,0.000,0.113,0.053,0.000
374.900,0.000,0.110,0.053,0.000
374.920,0.000,0.113,0.053,0.000
374.940,0.000,0.112,0.053,0.000
374.960,0.000,0.113,0.053,0.000
374.980,0.000,0.112,0.053,0.000
375.000,0.000,0.115,0.053,0.000
375.020,0.000,0.114,0.053,0.000
375.040,0.000,0.120,0.053,0.000
375.060,0.000,0.120,0.053,0.000
375.080,0.000,0.124,0.053,0.000
375.100,0.000,0.121,0.053,0.000
375.120,0.000,0.124,0.053,0.000
375.140,0.000,0.127,0.053,0.000
375.160,0.000,0.126,0.053,0.000
375.180,0.000,0.133,0.053,0.000
375.200,0.000,0.132,0.053,0.000
375.220,0.000,0.135,0.053,0.000
375.240,0.000,0.136,0.053,0.000
375.260,0.000,0.143,0.053,0.000
375.280,0.000,0.140,0.053,0.000
375.300,0.000,0.142,0.053,0.000
375.320,0.000,0.141,0.053,0.000
375.340,0.000,0.142,0.053,0.000
375.360,0.000,0.142,0.053,0.000
375.380,0.000,0.143,0.053,0.000
375.400,0.000,0.143,0.053,0.000
375.420,0.000,0.142,0.053,0.000
375.440,0.000,0.142,0.053,0.000
375.460,0.000,0.141,0.053,0.000
375.480,0.000,0.141,0.053,0.000
375.500,0.000,0.139,0.053,0.000
375.520,0.000,0.137,0.053,0.000
375.540,0.000,0.136,0.053,0.000
375.560,0.000,0.130,0.053,0.000
375.580,0.000,0.128,0.053,0.000
375.600,0.000,0.124,0.053,0.000
375.620,0.000,0.125,0.053,0.000
375.640,0.000,0.123,0.053,0.000
375.660,0.000,0.124,0.053,0.000
375.680,0.000,0.121,0.053,0.000
375.700,0.000,0.122,0.053,0.000
375.720,0.000,0.116,0.053,0.000
375.740,0.000,0.114,0.053,0.000
375.760,0.000,0.109,0.053,0.000
375.780,0.000,0.111,0.053,0.000
375.800,0.000,0.105,0.053,0.000
375.820,0.000,0.106,0.053,0.000
375.840,0.000,0.104,0.053,0.000
375.860,0.000,0.108,0.053,0.000
375.880,0.000,0.104,0.053,0.000
375.900,0.000,0.108,0.053,0.000
375.920,0.000,0.104,0.053,0.000
375.940,0.000,0.104,0.053,0.000
375.960,0.000,0.107,0.053,0.000
375.980,0.000,0.103,0.053,0.000
376.000,0.000,0.110,0.053,0.000
376.020,0.000,0.106,0.053,0.000
376.040,0.000,0.115,0.053,0.000
376.060,0.000,0.105,0.053,0.000
376.080,0.000,0.120,0.053,0.000
376.100,0.000,0.109,0.053,0.000
376.120,0.000,0.122,0.053,0.000
376.140,0.000,0.115,0.053,0.000
376.160,0.000,0.124,0.053,0.000
376.180,0.000,0.123,0.053,0.000
376.200,0.000,0.128,0.053,0.000
376.220,0.000,0.124,0.053,0.000
376.240,0.000,0.130,0.053,0.000
376.260,0.000,0.127,0.053,0.000
376.280,0.000,0.137,0.053,0.000
376.300,0.000,0.127,0.053,0.000
376.320,0.000,0.140,0.053,0.000
376.340,0.000,0.128,0.053,0.000
376.360,0.000,0.141,0.053,0.000
376.380,0.000,0.136,0.053,0.000
376.400,0.000,0.137,0.053,0.000
376.420,0.000,0.138,0.053,0.000
376.440,0.000,0.137,0.053,0.000
376.460,0.000,0.141,0.053,0.000
376.480,0.000,0.132,0.053,0.000
376.500,0.000,0.141,0.053,0.000
376.520,0.000,0.132,0.053,0.000
376.540,0.000,0.143,0.053,0.000
376.560,0.000,0.128,0.053,0.000
376.580,0.000,0.137,0.053,0.000
376.600,0.000,0.120,0.053,0.000
376.620,0.000,0.137,0.053,0.000
376.640,0.000,0.118,0.053,0.000
376.660,0.000,0.135,0.053,0.000
376.680,0.000,0.114,0.053,0.000
376.700,0.000,0.132,0.053,0.000
376.720,0.000,0.114,0.053,0.000
376.740,0.000,0.126,0.053,0.000
376.760,0.000,0.114,0.052,0.000
376.780,0.000,0.117,0.052,0.000
376.800,0.000,0.115,0.048,0.000
376.820,0.000,0.114,0.048,0.000
376.840,0.000,0.113,0.048,0.000
376.860,0.000,0.112,0.048,0.000
376.880,0.000,0.114,0.048,0.000
376.900,0.000,0.111,0.048,0.000
376.920,0.000,0.114,0.048,0.000
376.940,0.000,0.107,0.048,0.000
376.960,0.000,0.115,0.048,0.000
376.980,0.000,0.103,0.048,0.000
377.000,0.000,0.116,0.048,0.000
377.020,0.000,0.108,0.048,0.000
377.040,0.000,0.119,0.048,0.000
377.060,0.000,0.112,0.048,0.000
377.080,0.000,0.120,0.048,0.000
377.100,0.000,0.114,0.048,0.000
377.120,0.000,0.120,0.048,0.000
377.140,0.000,0.114,0.048,0.000
377.160,0.000,0.122,0.048,0.000
377.180,0.000,0.121,0.048,0.000
377.200,0.000,0.124,0.048,0.000
377.220,0.000,0.127,0.048,0.000
377.240,0.000,0.129,0.046,0.000
377.260,0.000,0.136,0.046,0.000
377.280,0.000,0.129,0.046,0.000
377.300,0.000,0.141,0.046,0.000
377.320,0.000,0.130,0.046,0.000
377.340,0.000,0.145,0.046,0.000
377.360,0.000,0.138,0.046,0.000
377.380,0.000,0.145,0.046,0.000
377.400,0.000,0.139,0.046,0.000
377.420,0.000,0.144,0.046,0.000
377.440,0.000,0.140,0.046,0.000
377.460,0.000,0.145,0.046,0.000
377.480,0.000,0.140,0.046,0.000
377.500,0.000,0.145,0.046,0.000
377.520,0.000,0.140,0.046,0.000
377.540,0.000,0.141,0.046,0.000
377.560,0.000,0.141,0.046,0.000
377.580,0.000,0.137,0.046,0.000
377.600,0.000,0.137,0.046,0.000
377.620,0.000,0.135,0.046,0.000
377.640,0.000,0.135,0.046,0.000
377.660,0.000,0.128,0.046,0.000
377.680,0.000,0.132,0.046,0.000
377.700,0.000,0.124,0.046,0.000
377.720,0.000,0.126,0.046,0.000
377.740,0.000,0.123,0.046,0.000
377.760,0.000,0.123,0.046,0.000
377.780,0.000,0.116,0.046,0.000
377.800,0.000,0.120,0.046,0.000
377.820,0.000,0.117,0.046,0.000
377.840,0.000,0.113,0.046,0.000
377.860,0.000,0.112,0.046,0.000
377.880,0.000,0.108,0.046,0.000
377.900,0.000,0.112,0.046,0.000
377.920,0.000,0.106,0.046,0.000
377.940,0.000,0.112,0.046,0.000
377.960,0.000,0.104,0.046,0.000
377.980,0.000,0.110,0.046,0.000
378.000,0.000,0.105,0.046,0.000
378.020,0.000,0.108,0.046,0.000
378.040,0.000,0.108,0.046,0.000
378.060,0.000,0.108,0.046,0.000
378.080,0.000,0.112,0.046,0.000
378.100,0.000,0.110,0.046,0.000
378.120,0.000,0.113,0.046,0.000
378.140,0.000,0.112,0.046,0.000
378.160,0.000,0.115,0.046,0.000
378.180,0.000,0.115,0.046,0.000
378.200,0.000,0.119,0.046,0.000
378.220,0.000,0.122,0.046,0.000
378.240,0.000,0.123,0.046,0.000
378.260,0.000,0.122,0.046,0.000
378.280,0.000,0.124,0.046,0.000
378.300,0.000,0.124,0.046,0.000
378.320,0.000,0.128,0.046,0.000
378.340,0.000,0.126,0.046,0.000
378.360,0.000,0.130,0.046,0.000
378.380,0.000,0.128,0.046,0.000
378.400,0.000,0.135,0.046,0.000
378.420,0.000,0.138,0.046,0.000
378.440,0.000,0.137,0.046,0.000
378.460,0.000,0.137,0.046,0.000
378.480,0.000,0.138,0.046,0.000
378.500,0.000,0.138,0.046,0.000
378.520,0.000,0.138,0.046,0.000
378.540,0.000,0.137,0.046,0.000
378.560,0.000,0.137,0.046,0.000
378.580,0.000,0.135,0.046,0.000
378.600,0.000,0.137,0.046,0.000
378.620,0.000,0.134,0.046,0.000
378.640,0.000,0.129,0.046,0.000
378.660,0.000,0.128,0.046,0.000
378.680,0.000,0.128,0.046,0.000
378.700,0.000,0.128,0.046,0.000
378.720,0.000,0.124,0.046,0.000
378.740,0.000,0.124,0.046,0.000
378.760,0.000,0.124,0.046,0.000
378.780,0.000,0.123,0.046,0.000
378.800,0.000,0.119,0.046,0.000
378.820,0.000,0.121,0.046,0.000
378.840,0.000,0.115,0.046,0.000
378.860,0.000,0.116,0.046,0.000
378.880,0.000,0.112,0.046,0.000
378.900,0.000,0.114,0.046,0.000
378.920,0.000,0.107,0.046,0.000
378.940,0.000,0.113,0.046,0.000
378.960,0.000,0.108,0.046,0.000
378.980,0.000,0.112,0.046,0.000
379.000,0.000,0.107,0.046,0.000
379.020,0.000,0.112,0.046,0.000
379.040,0.000,0.108,0.046,0.000
379.060,0.000,0.113,0.046,0.000
379.080,0.000,0.112,0.046,0.000
379.100,0.000,0.113,0.046,0.000
379.120,0.000,0.112,0.046,0.000
379.140,0.000,0.113,0.046,0.000
379.160,0.000,0.114,0.046,0.000
379.180,0.000,0.114,0.046,0.000
379.200,0.000,0.116,0.046,0.000
379.220,0.000,0.113,0.046,0.000
379.240,0.000,0.124,0.046,0.000
379.260,0.000,0.115,0.046,0.000
379.280,0.000,0.130,0.046,0.000
379.300,0.000,0.119,0.046,0.000
379.320,0.000,0.131,0.046,0.000
379.340,0.000,0.127,0.046,0.000
379.360,0.000,0.137,0.044,0.000
379.380,0.000,0.128,0.044,0.000
379.400,0.000,0.141,0.043,0.000
379.420,0.000,0.132,0.043,0.000
379.440,0.000,0.141,0.043,0.000
379.460,0.000,0.134,0.043,0.000
379.480,0.000,0.145,0.043,0.000
379.500,0.000,0.137,0.043,0.000
379.520,0.000,0.142,0.043,0.000
379.540,0.000,0.144,0.043,0.000
379.560,0.000,0.142,0.043,0.000
379.580,0.000,0.145,0.043,0.000
379.600,0.000,0.140,0.043,0.000
379.620,0.000,0.143,0.043,0.000
379.640,0.000,0.137,0.043,0.000
379.660,0.000,0.143,0.043,0.000
379.680,0.000,0.134,0.043,0.000
379.700,0.000,0.141,0.043,0.000
379.720,0.000,0.130,0.043,0.000
379.740,0.000,0.136,0.043,0.000
379.760,0.000,0.127,0.043,0.000
379.780,0.000,0.129,0.043,0.000
379.800,0.000,0.122,0.043,0.000
379.820,0.000,0.126,0.043,0.000
379.840,0.000,0.123,0.043,0.000
379.860,0.000,0.122,0.043,0.000
379.880,0.000,0.119,0.043,0.000
379.900,0.000,0.119,0.043,0.000
379.920,0.000,0.118,0.043,0.000
379.940,0.000,0.116,0.043,0.000
379.960,0.000,0.114,0.043,0.000
379.980,0.000,0.113,0.043,0.000
380.000,0.000,0.115,0.043,0.000
380.020,0.000,0.111,0.043,0.000
380.040,0.000,0.114,0.043,0.000
380.060,0.000,0.114,0.043,0.000
380.080,0.000,0.114,0.043,0.000
380.100,0.000,0.108,0.043,0.000
380.120,0.000,0.114,0.043,0.000
380.140,0.000,0.113,0.043,0.000
380.160,0.000,0.115,0.043,0.000
380.180,0.000,0.112,0.043,0.000
380.200,0.000,0.117,0.043,0.000
380.220,0.000,0.118,0.043,0.000
380.240,0.000,0.120,0.043,0.000
380.260,0.000,0.120,0.043,0.000
380.280,0.000,0.120,0.043,0.000
380.300,0.000,0.124,0.043,0.000
380.320,0.000,0.123,0.043,0.000
380.340,0.000,0.125,0.043,0.000
380.360,0.000,0.123,0.043,0.000
380.380,0.000,0.129,0.043,0.000
380.400,0.000,0.124,0.043,0.000
380.420,0.000,0.131,0.043,0.000
380.440,0.000,0.124,0.043,0.000
380.460,0.000,0.129,0.043,0.000
380.480,0.000,0.132,0.043,0.000
380.500,0.000,0.135,0.043,0.000
380.520,0.000,0.133,0.043,0.000
380.540,0.000,0.138,0.043,0.000
380.560,0.000,0.134,0.043,0.000
380.580,0.000,0.137,0.043,0.000
380.600,0.000,0.132,0.043,0.000
380.620,0.000,0.137,0.043,0.000
380.640,0.000,0.133,0.043,0.000
380.660,0.000,0.135,0.043,0.000
380.680,0.000,0.133,0.043,0.000
380.700,0.000,0.130,0.043,0.000
380.720,0.000,0.128,0.043,0.000
380.740,0.000,0.126,0.043,0.000
380.760,0.000,0.124,0.043,0.000
380.780,0.000,0.126,0.043,0.000
380.800,0.000,0.124,0.043,0.000
380.820,0.000,0.124,0.043,0.000
380.840,0.000,0.124,0.043,0.000
380.860,0.000,0.123,0.043,0.000
380.880,0.000,0.122,0.043,0.000
380.900,0.000,0.119,0.043,0.000
380.920,0.000,0.119,0.043,0.000
380.940,0.000,0.116,0.043,0.000
380.960,0.000,0.112,0.043,0.000
380.980,0.000,0.113,0.043,0.000
381.000,0.000,0.111,0.043,0.000
381.020,0.000,0.112,0.043,0.000
381.040,0.000,0.108,0.043,0.000
381.060,0.000,0.109,0.043,0.000
381.080,0.000,0.111,0.043,0.000
381.100,0.000,0.110,0.043,0.000
381.120,0.000,0.108,0.043,0.000
381.140,0.000,0.108,0.043,0.000
381.160,0.000,0.108,0.043,0.000
381.180,0.000,0.113,0.043,0.000
381.200,0.000,0.111,0.043,0.000
381.220,0.000,0.116,0.043,0.000
381.240,0.000,0.112,0.043,0.000
381.260,0.000,0.116,0.043,0.000
381.280,0.000,0.112,0.043,0.000
381.300,0.000,0.119,0.043,0.000
381.320,0.000,0.116,0.043,0.000
381.340,0.000,0.122,0.043,0.000
381.360,0.000,0.120,0.043,0.000
381.380,0.000,0.127,0.043,0.000
381.400,0.000,0.128,0.043,0.000
381.420,0.000,0.130,0.043,0.000
381.440,0.000,0.130,0.043,0.000
381.460,0.000,0.131,0.043,0.000
381.480,0.000,0.132,0.043,0.000
381.500,0.000,0.132,0.043,0.000
381.520,0.000,0.133,0.043,0.000
381.540,0.000,0.135,0.043,0.000
381.560,0.000,0.136,0.043,0.000
381.580,0.000,0.136,0.043,0.000
381.600,0.000,0.135,0.043,0.000
381.620,0.000,0.136,0.043,0.000
381.640,0.000,0.138,0.043,0.000
381.660,0.000,0.133,0.043,0.000
381.680,0.000,0.137,0.043,0.000
381.700,0.000,0.132,0.043,0.000
381.720,0.000,0.135,0.043,0.000
381.740,0.000,0.134,0.043,0.000
381.760,0.000,0.136,0.043,0.000
381.780,0.000,0.134,0.043,0.000
381.800,0.000,0.131,0.043,0.000
381.820,0.000,0.130,0.043,0.000
381.840,0.000,0.128,0.043,0.000
381.860,0.000,0.128,0.043,0.000
381.880,0.000,0.125,0.043,0.000
381.900,0.000,0.122,0.043,0.000
381.920,0.000,0.121,0.043,0.000
381.940,0.000,0.121,0.043,0.000
381.960,0.000,0.117,0.043,0.000
381.980,0.000,0.119,0.041,0.000
382.000,0.000,0.118,0.041,0.000
382.020,0.000,0.114,0.041,0.000
382.040,0.000,0.113,0.041,0.000
382.060,0.000,0.116,0.041,0.000
382.080,0.000,0.114,0.041,0.000
382.100,0.000,0.114,0.041,0.000
382.120,0.000,0.112,0.041,0.000
382.140,0.000,0.113,0.041,0.000
382.160,0.000,0.112,0.041,0.000
382.180,0.000,0.114,0.041,0.000
382.200,0.000,0.116,0.041,0.000
382.220,0.000,0.118,0.041,0.000
382.240,0.000,0.116,0.041,0.000
382.260,0.000,0.121,0.041,0.000
382.280,0.000,0.120,0.041,0.000
382.300,0.000,0.120,0.041,0.000
382.320,0.000,0.120,0.041,0.000
382.340,0.000,0.120,0.041,0.000
382.360,0.000,0.122,0.041,0.000
382.380,0.000,0.124,0.041,0.000
382.400,0.000,0.123,0.041,0.000
382.420,0.000,0.124,0.041,0.000
382.440,0.000,0.128,0.041,0.000
382.460,0.000,0.124,0.040,0.000
382.480,0.000,0.132,0.040,0.000
382.500,0.000,0.126,0.040,0.000
382.520,0.000,0.138,0.040,0.000
382.540,0.000,0.132,0.040,0.000
382.560,0.000,0.139,0.040,0.000
382.580,0.000,0.134,0.040,0.000
382.600,0.000,0.137,0.040,0.000
382.620,0.000,0.136,0.040,0.000
382.640,0.000,0.138,0.040,0.000
382.660,0.000,0.136,0.040,0.000
382.680,0.000,0.134,0.040,0.000
382.700,0.000,0.135,0.040,0.000
382.720,0.000,0.136,0.040,0.000
382.740,0.000,0.133,0.040,0.000
382.760,0.000,0.133,0.040,0.000
382.780,0.000,0.133,0.040,0.000
382.800,0.000,0.127,0.040,0.000
382.820,0.000,0.134,0.040,0.000
382.840,0.000,0.123,0.040,0.000
382.860,0.000,0.128,0.040,0.000
382.880,0.000,0.121,0.040,0.000
382.900,0.000,0.125,0.040,0.000
382.920,0.000,0.119,0.040,0.000
382.940,0.000,0.124,0.040,0.000
382.960,0.000,0.118,0.039,0.000
382.980,0.000,0.120,0.039,0.000
383.000,0.000,0.113,0.038,0.000
383.020,0.000,0.116,0.038,0.000
383.040,0.000,0.112,0.038,0.000
383.060,0.000,0.114,0.038,0.000
383.080,0.000,0.111,0.038,0.000
383.100,0.000,0.109,0.038,0.000
383.120,0.000,0.111,0.038,0.000
383.140,0.000,0.108,0.038,0.000
383.160,0.000,0.112,0.038,0.000
383.180,0.000,0.105,0.039,0.000
383.200,0.000,0.114,0.039,0.000
383.220,0.000,0.108,0.039,0.000
383.240,0.000,0.113,0.039,0.000
383.260,0.000,0.109,0.039,0.000
383.280,0.000,0.113,0.039,0.000
383.300,0.000,0.112,0.039,0.000
383.320,0.000,0.116,0.039,0.000
383.340,0.000,0.112,0.039,0.000
383.360,0.000,0.118,0.039,0.000
383.380,0.000,0.118,0.039,0.000
383.400,0.000,0.121,0.039,0.000
383.420,0.000,0.121,0.039,0.000
383.440,0.000,0.121,0.039,0.000
383.460,0.000,0.124,0.039,0.000
383.480,0.000,0.125,0.039,0.000
383.500,0.000,0.128,0.039,0.000
383.520,0.000,0.124,0.039,0.000
383.540,0.000,0.130,0.039,0.000
383.560,0.000,0.128,0.039,0.000
383.580,0.000,0.132,0.039,0.000
383.600,0.000,0.125,0.039,0.000
383.620,0.000,0.133,0.039,0.000
383.640,0.000,0.131,0.039,0.000
383.660,0.000,0.134,0.039,0.000
383.680,0.000,0.132,0.039,0.000
383.700,0.000,0.134,0.039,0.000
383.720,0.000,0.131,0.039,0.000
383.740,0.000,0.133,0.039,0.000
383.760,0.000,0.129,0.039,0.000
383.780,0.000,0.133,0.039,0.000
383.800,0.000,0.130,0.039,0.000
383.820,0.000,0.132,0.039,0.000
383.840,0.000,0.132,0.039,0.000
383.860,0.000,0.130,0.039,0.000
383.880,0.000,0.131,0.039,0.000
383.900,0.000,0.130,0.039,0.000
383.920,0.000,0.130,0.039,0.000
383.940,0.000,0.125,0.039,0.000
383.960,0.000,0.127,0.039,0.000
383.980,0.000,0.124,0.039,0.000
384.000,0.000,0.126,0.039,0.000
384.020,0.000,0.115,0.039,0.000
384.040,0.000,0.121,0.039,0.000
384.060,0.000,0.113,0.039,0.000
384.080,0.000,0.118,0.039,0.000
384.100,0.000,0.115,0.039,0.000
384.120,0.000,0.115,0.039,0.000
384.140,0.000,0.115,0.039,0.000
384.160,0.000,0.113,0.039,0.000
384.180,0.000,0.113,0.039,0.000
384.200,0.000,0.114,0.039,0.000
384.220,0.000,0.114,0.039,0.000
384.240,0.000,0.113,0.039,0.000
384.260,0.000,0.117,0.039,0.000
384.280,0.000,0.113,0.039,0.000
384.300,0.000,0.119,0.039,0.000
384.320,0.000,0.113,0.039,0.000
384.340,0.000,0.123,0.039,0.000
384.360,0.000,0.114,0.039,0.000
384.380,0.000,0.125,0.039,0.000
384.400,0.000,0.116,0.039,0.000
384.420,0.000,0.126,0.039,0.000
384.440,0.000,0.116,0.039,0.000
384.460,0.000,0.130,0.039,0.000
384.480,0.000,0.120,0.039,0.000
384.500,0.000,0.129,0.039,0.000
384.520,0.000,0.124,0.039,0.000
384.540,0.000,0.134,0.039,0.000
384.560,0.000,0.129,0.039,0.000
384.580,0.000,0.131,0.038,0.000
384.600,0.000,0.134,0.038,0.000
384.620,0.000,0.132,0.038,0.000
384.640,0.000,0.139,0.038,0.000
384.660,0.000,0.135,0.035,0.000
384.680,0.000,0.141,0.036,0.000
384.700,0.000,0.132,0.036,0.000
384.720,0.000,0.143,0.038,0.000
384.740,0.000,0.129,0.038,0.000
384.760,0.000,0.141,0.038,0.000
384.780,0.000,0.129,0.038,0.000
384.800,0.000,0.141,0.038,0.000
384.820,0.000,0.125,0.038,0.000
384.840,0.000,0.141,0.038,0.000
384.860,0.000,0.129,0.038,0.000
384.880,0.000,0.137,0.038,0.000
384.900,0.000,0.129,0.038,0.000
384.920,0.000,0.132,0.038,0.000
384.940,0.000,0.128,0.038,0.000
384.960,0.000,0.128,0.038,0.000
384.980,0.000,0.127,0.038,0.000
385.000,0.000,0.122,0.038,0.000
385.020,0.000,0.124,0.038,0.000
385.040,0.000,0.119,0.038,0.000
385.060,0.000,0.122,0.038,0.000
385.080,0.000,0.116,0.038,0.000
385.100,0.000,0.123,0.038,0.000
385.120,0.000,0.111,0.038,0.000
385.140,0.000,0.122,0.038,0.000
385.160,0.000,0.108,0.038,0.000
385.180,0.000,0.120,0.038,0.000
385.200,0.000,0.110,0.038,0.000
385.220,0.000,0.116,0.038,0.000
385.240,0.000,0.108,0.038,0.000
385.260,0.000,0.113,0.038,0.000
385.280,0.000,0.111,0.038,0.000
385.300,0.000,0.113,0.038,0.000
385.320,0.000,0.108,0.038,0.000
385.340,0.000,0.113,0.038,0.000
385.360,0.000,0.113,0.038,0.000
385.380,0.000,0.113,0.038,0.000
385.400,0.000,0.114,0.038,0.000
385.420,0.000,0.116,0.038,0.000
385.440,0.000,0.117,0.038,0.000
385.460,0.000,0.117,0.038,0.000
385.480,0.000,0.123,0.038,0.000
385.500,0.000,0.119,0.038,0.000
385.520,0.000,0.124,0.038,0.000
385.540,0.000,0.122,0.038,0.000
385.560,0.000,0.124,0.038,0.000
385.580,0.000,0.124,0.038,0.000
385.600,0.000,0.126,0.038,0.000
385.620,0.000,0.124,0.038,0.000
385.640,0.000,0.128,0.038,0.000
385.660,0.000,0.127,0.038,0.000
385.680,0.000,0.132,0.038,0.000
385.700,0.000,0.130,0.038,0.000
385.720,0.000,0.134,0.038,0.000
385.740,0.000,0.132,0.038,0.000
385.760,0.000,0.134,0.038,0.000
385.780,0.000,0.133,0.038,0.000
385.800,0.000,0.132,0.038,0.000
385.820,0.000,0.132,0.038,0.000
385.840,0.000,0.130,0.038,0.000
385.860,0.000,0.132,0.038,0.000
385.880,0.000,0.130,0.038,0.000
385.900,0.000,0.129,0.038,0.000
385.920,0.000,0.127,0.038,0.000
385.940,0.000,0.130,0.038,0.000
385.960,0.000,0.124,0.038,0.000
385.980,0.000,0.130,0.038,0.000
386.000,0.000,0.123,0.038,0.000
386.020,0.000,0.128,0.038,0.000
386.040,0.000,0.124,0.038,0.000
386.060,0.000,0.123,0.038,0.000
386.080,0.000,0.118,0.038,0.000
386.100,0.000,0.122,0.038,0.000
386.120,0.000,0.114,0.038,0.000
386.140,0.000,0.116,0.038,0.000
386.160,0.000,0.115,0.038,0.000
386.180,0.000,0.114,0.038,0.000
386.200,0.000,0.115,0.038,0.000
386.220,0.000,0.113,0.038,0.000
386.240,0.000,0.115,0.038,0.000
386.260,0.000,0.112,0.038,0.000
386.280,0.000,0.115,0.038,0.000
386.300,0.000,0.113,0.038,0.000
386.320,0.000,0.114,0.038,0.000
386.340,0.000,0.113,0.038,0.000
386.360,0.000,0.113,0.038,0.000
386.380,0.000,0.113,0.038,0.000
386.400,0.000,0.114,0.038,0.000
386.420,0.000,0.114,0.038,0.000
386.440,0.000,0.120,0.038,0.000
386.460,0.000,0.113,0.038,0.000
386.480,0.000,0.118,0.038,0.000
386.500,0.000,0.115,0.038,0.000
386.520,0.000,0.120,0.038,0.000
386.540,0.000,0.124,0.038,0.000
386.560,0.000,0.122,0.038,0.000
386.580,0.000,0.129,0.038,0.000
386.600,0.000,0.120,0.038,0.000
386.620,0.000,0.132,0.038,0.000
386.640,0.000,0.124,0.038,0.000
386.660,0.000,0.138,0.038,0.000
386.680,0.000,0.128,0.038,0.000
386.700,0.000,0.139,0.038,0.000
386.720,0.000,0.128,0.038,0.000
386.740,0.000,0.140,0.038,0.000
386.760,0.000,0.132,0.038,0.000
386.780,0.000,0.143,0.038,0.000
386.800,0.000,0.132,0.038,0.000
386.820,0.000,0.138,0.038,0.000
386.840,0.000,0.137,0.038,0.000
386.860,0.000,0.137,0.038,0.000
386.880,0.000,0.135,0.038,0.000
386.900,0.000,0.136,0.038,0.000
386.920,0.000,0.137,0.038,0.000
386.940,0.000,0.130,0.038,0.000
386.960,0.000,0.137,0.038,0.000
386.980,0.000,0.128,0.038,0.000
387.000,0.000,0.132,0.038,0.000
387.020,0.000,0.124,0.038,0.000
387.040,0.000,0.130,0.038,0.000
387.060,0.000,0.127,0.038,0.000
387.080,0.000,0.126,0.038,0.000
387.100,0.000,0.124,0.038,0.000
387.120,0.000,0.123,0.038,0.000
387.140,0.000,0.124,0.038,0.000
387.160,0.000,0.121,0.038,0.000
387.180,0.000,0.122,0.038,0.000
387.200,0.000,0.119,0.038,0.000
387.220,0.000,0.120,0.038,0.000
387.240,0.000,0.116,0.038,0.000
387.260,0.000,0.120,0.038,0.000
387.280,0.000,0.116,0.038,0.000
387.300,0.000,0.119,0.038,0.000
387.320,0.000,0.114,0.038,0.000
387.340,0.000,0.120,0.038,0.000
387.360,0.000,0.116,0.038,0.000
387.380,0.000,0.116,0.038,0.000
387.400,0.000,0.115,0.038,0.000
387.420,0.000,0.116,0.038,0.000
387.440,0.000,0.118,0.038,0.000
387.460,0.000,0.117,0.038,0.000
387.480,0.000,0.121,0.038,0.000
387.500,0.000,0.121,0.038,0.000
387.520,0.000,0.120,0.038,0.000
387.540,0.000,0.120,0.038,0.000
387.560,0.000,0.122,0.038,0.000
387.580,0.000,0.122,0.038,0.000
387.600,0.000,0.123,0.038,0.000
387.620,0.000,0.124,0.038,0.000
387.640,0.000,0.124,0.038,0.000
387.660,0.000,0.123,0.038,0.000
387.680,0.000,0.124,0.038,0.000
387.700,0.000,0.124,0.038,0.000
387.720,0.000,0.128,0.038,0.000
387.740,0.000,0.126,0.038,0.000
387.760,0.000,0.129,0.038,0.000
387.780,0.000,0.128,0.038,0.000
387.800,0.000,0.129,0.038,0.000
387.820,0.000,0.128,0.038,0.000
387.840,0.000,0.131,0.038,0.000
387.860,0.000,0.131,0.038,0.000
387.880,0.000,0.132,0.038,0.000
387.900,0.000,0.127,0.038,0.000
387.920,0.000,0.130,0.038,0.000
387.940,0.000,0.128,0.038,0.000
387.960,0.000,0.128,0.038,0.000
387.980,0.000,0.128,0.038,0.000
388.000,0.000,0.129,0.038,0.000
388.020,0.000,0.124,0.038,0.000
388.040,0.000,0.124,0.038,0.000
388.060,0.000,0.124,0.038,0.000
388.080,0.000,0.124,0.038,0.000
388.100,0.000,0.123,0.038,0.000
388.120,0.000,0.123,0.038,0.000
388.140,0.000,0.120,0.038,0.000
388.160,0.000,0.123,0.038,0.000
388.180,0.000,0.118,0.035,0.000
388.200,0.000,0.118,0.035,0.000
388.220,0.000,0.121,0.035,0.000
388.240,0.000,0.116,0.035,0.000
388.260,0.000,0.120,0.035,0.000
388.280,0.000,0.111,0.035,0.000
388.300,0.000,0.120,0.035,0.000
388.320,0.000,0.112,0.035,0.000
388.340,0.000,0.112,0.035,0.000
388.360,0.000,0.120,0.035,0.000
388.380,0.000,0.108,0.035,0.000
388.400,0.000,0.121,0.035,0.000
388.420,0.000,0.108,0.035,0.000
388.440,0.000,0.124,0.035,0.000
388.460,0.000,0.105,0.038,0.000
388.480,0.000,0.124,0.038,0.000
388.500,0.000,0.102,0.041,0.000
388.520,0.000,0.127,0.041,0.000
388.540,0.000,0.108,0.041,0.000
388.560,0.000,0.125,0.041,0.000
388.580,0.000,0.121,0.041,0.000
388.600,0.000,0.115,0.041,0.000
388.620,0.000,0.137,0.041,0.000
388.640,0.000,0.112,0.041,0.000
388.660,0.000,0.142,0.041,0.000
388.680,0.000,0.113,0.041,0.000
388.700,0.000,0.145,0.043,0.000
388.720,0.000,0.113,0.043,0.000
388.740,0.000,0.148,0.046,0.000
388.760,0.000,0.111,0.046,0.000
388.780,0.000,0.151,0.049,0.000
388.800,0.000,0.116,0.049,0.000
388.820,0.000,0.149,0.049,0.000
388.840,0.000,0.120,0.049,0.000
388.860,0.000,0.149,0.049,0.000
388.880,0.000,0.122,0.049,0.000
388.900,0.000,0.144,0.049,0.000
388.920,0.000,0.126,0.049,0.000
388.940,0.000,0.141,0.049,0.000
388.960,0.000,0.131,0.049,0.000
388.980,0.000,0.137,0.049,0.000
389.000,0.000,0.132,0.049,0.000
389.020,0.000,0.134,0.049,0.000
389.040,0.000,0.135,0.049,0.000
389.060,0.000,0.125,0.049,0.000
389.080,0.000,0.137,0.049,0.000
389.100,0.000,0.123,0.049,0.000
389.120,0.000,0.137,0.049,0.000
389.140,0.000,0.122,0.049,0.000
389.160,0.000,0.131,0.049,0.000
389.180,0.000,0.125,0.049,0.000
389.200,0.000,0.127,0.049,0.000
389.220,0.000,0.124,0.049,0.000
389.240,0.000,0.122,0.049,0.000
389.260,0.000,0.127,0.049,0.000
389.280,0.000,0.116,0.049,0.000
389.300,0.000,0.128,0.049,0.000
389.320,0.000,0.114,0.049,0.000
389.340,0.000,0.130,0.049,0.000
389.360,0.000,0.112,0.049,0.000
389.380,0.000,0.128,0.049,0.000
389.400,0.000,0.106,0.049,0.000
389.420,0.000,0.128,0.049,0.000
389.440,0.000,0.107,0.049,0.000
389.460,0.000,0.129,0.049,0.000
389.480,0.000,0.110,0.049,0.000
389.500,0.000,0.128,0.049,0.000
389.520,0.000,0.113,0.049,0.000
389.540,0.000,0.122,0.049,0.000
389.560,0.000,0.118,0.049,0.000
389.580,0.000,0.120,0.049,0.000
389.600,0.000,0.121,0.049,0.000
389.620,0.000,0.121,0.049,0.000
389.640,0.000,0.127,0.049,0.000
389.660,0.000,0.116,0.049,0.000
389.680,0.000,0.135,0.049,0.000
389.700,0.000,0.116,0.049,0.000
389.720,0.000,0.138,0.049,0.000
389.740,0.000,0.118,0.049,0.000
389.760,0.000,0.139,0.049,0.000
389.780,0.000,0.118,0.049,0.000
389.800,0.000,0.141,0.049,0.000
389.820,0.000,0.117,0.049,0.000
389.840,0.000,0.141,0.049,0.000
389.860,0.000,0.118,0.049,0.000
389.880,0.000,0.139,0.049,0.000
389.900,0.000,0.120,0.049,0.000
389.920,0.000,0.141,0.049,0.000
389.940,0.000,0.123,0.049,0.000
389.960,0.000,0.141,0.049,0.000
389.980,0.000,0.124,0.049,0.000
390.000,0.000,0.138,0.049,0.000
390.020,0.000,0.126,0.049,0.000
390.040,0.000,0.129,0.049,0.000
390.060,0.000,0.127,0.049,0.000
390.080,0.000,0.124,0.049,0.000
390.100,0.000,0.128,0.049,0.000
390.120,0.000,0.123,0.049,0.000
390.140,0.000,0.129,0.049,0.000
390.160,0.000,0.117,0.049,0.000
390.180,0.000,0.130,0.049,0.000
390.200,0.000,0.113,0.049,0.000
390.220,0.000,0.128,0.049,0.000
390.240,0.000,0.112,0.049,0.000
390.260,0.000,0.128,0.049,0.000
390.280,0.000,0.108,0.049,0.000
390.300,0.000,0.125,0.049,0.000
390.320,0.000,0.108,0.049,0.000
390.340,0.000,0.123,0.049,0.000
390.360,0.000,0.109,0.049,0.000
390.380,0.000,0.119,0.049,0.000
390.400,0.000,0.109,0.049,0.000
390.420,0.000,0.118,0.049,0.000
390.440,0.000,0.107,0.049,0.000
390.460,0.000,0.117,0.049,0.000
390.480,0.000,0.111,0.049,0.000
390.500,0.000,0.115,0.049,0.000
390.520,0.000,0.113,0.049,0.000
390.540,0.000,0.115,0.049,0.000
390.560,0.000,0.117,0.049,0.000
390.580,0.000,0.113,0.049,0.000
390.600,0.000,0.120,0.049,0.000
390.620,0.000,0.115,0.049,0.000
390.640,0.000,0.120,0.049,0.000
390.660,0.000,0.116,0.049,0.000
390.680,0.000,0.123,0.049,0.000
390.700,0.000,0.116,0.049,0.000
390.720,0.000,0.126,0.049,0.000
390.740,0.000,0.120,0.049,0.000
390.760,0.000,0.127,0.049,0.000
390.780,0.000,0.124,0.049,0.000
390.800,0.000,0.126,0.049,0.000
390.820,0.000,0.131,0.049,0.000
390.840,0.000,0.122,0.049,0.000
390.860,0.000,0.137,0.049,0.000
390.880,0.000,0.120,0.049,0.000
390.900,0.000,0.140,0.049,0.000
390.920,0.000,0.123,0.049,0.000
390.940,0.000,0.139,0.049,0.000
390.960,0.000,0.122,0.049,0.000
390.980,0.000,0.138,0.049,0.000
391.000,0.000,0.124,0.049,0.000
391.020,0.000,0.137,0.049,0.000
391.040,0.000,0.125,0.049,0.000
391.060,0.000,0.139,0.049,0.000
391.080,0.000,0.124,0.049,0.000
391.100,0.000,0.141,0.049,0.000
391.120,0.000,0.124,0.049,0.000
391.140,0.000,0.141,0.049,0.000
391.160,0.000,0.119,0.049,0.000
391.180,0.000,0.135,0.049,0.000
391.200,0.000,0.124,0.049,0.000
391.220,0.000,0.129,0.049,0.000
391.240,0.000,0.132,0.049,0.000
391.260,0.000,0.120,0.049,0.000
391.280,0.000,0.132,0.049,0.000
391.300,0.000,0.113,0.049,0.000
391.320,0.000,0.138,0.049,0.000
391.340,0.000,0.108,0.049,0.000
391.360,0.000,0.138,0.049,0.000
391.380,0.000,0.105,0.049,0.000
391.400,0.000,0.138,0.049,0.000
391.420,0.000,0.108,0.049,0.000
391.440,0.000,0.132,0.049,0.000
391.460,0.000,0.111,0.049,0.000
391.480,0.000,0.130,0.049,0.000
391.500,0.000,0.109,0.049,0.000
391.520,0.000,0.129,0.049,0.000
391.540,0.000,0.109,0.049,0.000
391.560,0.000,0.126,0.049,0.000
391.580,0.000,0.116,0.049,0.000
391.600,0.000,0.121,0.049,0.000
391.620,0.000,0.120,0.049,0.000
391.640,0.000,0.120,0.049,0.000
391.660,0.000,0.124,0.049,0.000
391.680,0.000,0.117,0.049,0.000
391.700,0.000,0.132,0.049,0.000
391.720,0.000,0.117,0.049,0.000
391.740,0.000,0.135,0.049,0.000
391.760,0.000,0.116,0.049,0.000
391.780,0.000,0.140,0.049,0.000
391.800,0.000,0.115,0.049,0.000
391.820,0.000,0.141,0.049,0.000
391.840,0.000,0.115,0.049,0.000
391.860,0.000,0.146,0.049,0.000
391.880,0.000,0.119,0.049,0.000
391.900,0.000,0.145,0.049,0.000
391.920,0.000,0.123,0.049,0.000
391.940,0.000,0.141,0.049,0.000
391.960,0.000,0.124,0.049,0.000
391.980,0.000,0.141,0.049,0.000
392.000,0.000,0.129,0.049,0.000
392.020,0.000,0.136,0.049,0.000
392.040,0.000,0.134,0.049,0.000
392.060,0.000,0.130,0.049,0.000
392.080,0.000,0.135,0.049,0.000
392.100,0.000,0.128,0.049,0.000
392.120,0.000,0.137,0.049,0.000
392.140,0.000,0.121,0.049,0.000
392.160,0.000,0.137,0.049,0.000
392.180,0.000,0.116,0.049,0.000
392.200,0.000,0.139,0.049,0.000
392.220,0.000,0.112,0.049,0.000
392.240,0.000,0.139,0.049,0.000
392.260,0.000,0.111,0.049,0.000
392.280,0.000,0.137,0.049,0.000
392.300,0.000,0.110,0.049,0.000
392.320,0.000,0.134,0.049,0.000
392.340,0.000,0.110,0.049,0.000
392.360,0.000,0.130,0.049,0.000
392.380,0.000,0.111,0.049,0.000
392.400,0.000,0.122,0.049,0.000
392.420,0.000,0.112,0.049,0.000
392.440,0.000,0.119,0.049,0.000
392.460,0.000,0.116,0.049,0.000
392.480,0.000,0.112,0.049,0.000
392.500,0.000,0.116,0.049,0.000
392.520,0.000,0.108,0.049,0.000
392.540,0.000,0.120,0.049,0.000
392.560,0.000,0.108,0.049,0.000
392.580,0.000,0.122,0.049,0.000
392.600,0.000,0.104,0.049,0.000
392.620,0.000,0.124,0.049,0.000
392.640,0.000,0.103,0.049,0.000
392.660,0.000,0.125,0.049,0.000
392.680,0.000,0.106,0.049,0.000
392.700,0.000,0.126,0.049,0.000
392.720,0.000,0.108,0.049,0.000
392.740,0.000,0.123,0.049,0.000
392.760,0.000,0.111,0.049,0.000
392.780,0.000,0.124,0.049,0.000
392.800,0.000,0.117,0.049,0.000
392.820,0.000,0.122,0.049,0.000
392.840,0.000,0.122,0.049,0.000
392.860,0.000,0.121,0.049,0.000
392.880,0.000,0.125,0.049,0.000
392.900,0.000,0.120,0.049,0.000
392.920,0.000,0.132,0.049,0.000
392.940,0.000,0.121,0.049,0.000
392.960,0.000,0.135,0.049,0.000
392.980,0.000,0.120,0.049,0.000
393.000,0.000,0.136,0.049,0.000
393.020,0.000,0.124,0.049,0.000
393.040,0.000,0.136,0.049,0.000
393.060,0.000,0.124,0.049,0.000
393.080,0.000,0.135,0.049,0.000
393.100,0.000,0.128,0.049,0.000
393.120,0.000,0.131,0.049,0.000
393.140,0.000,0.128,0.049,0.000
393.160,0.000,0.130,0.049,0.000
393.180,0.000,0.128,0.049,0.000
393.200,0.000,0.128,0.049,0.000
393.220,0.000,0.128,0.049,0.000
393.240,0.000,0.122,0.049,0.000
393.260,0.000,0.129,0.049,0.000
393.280,0.000,0.119,0.049,0.000
393.300,0.000,0.130,0.049,0.000
393.320,0.000,0.113,0.049,0.000
393.340,0.000,0.128,0.049,0.000
393.360,0.000,0.113,0.049,0.000
393.380,0.000,0.127,0.049,0.000
393.400,0.000,0.112,0.049,0.000
393.420,0.000,0.124,0.049,0.000
393.440,0.000,0.116,0.049,0.000
393.460,0.000,0.121,0.049,0.000
393.480,0.000,0.116,0.049,0.000
393.500,0.000,0.117,0.048,0.000
393.520,0.000,0.116,0.048,0.000
393.540,0.000,0.116,0.048,0.000
393.560,0.000,0.119,0.048,0.000
393.580,0.000,0.116,0.048,0.000
393.600,0.000,0.117,0.048,0.000
393.620,0.000,0.113,0.048,0.000
393.640,0.000,0.121,0.048,0.000
393.660,0.000,0.115,0.048,0.000
393.680,0.000,0.121,0.048,0.000
393.700,0.000,0.113,0.048,0.000
393.720,0.000,0.126,0.048,0.000
393.740,0.000,0.114,0.048,0.000
393.760,0.000,0.127,0.048,0.000
393.780,0.000,0.114,0.045,0.000
393.800,0.000,0.130,0.045,0.000
393.820,0.000,0.119,0.045,0.000
393.840,0.000,0.128,0.045,0.000
393.860,0.000,0.121,0.043,0.000
393.880,0.000,0.132,0.043,0.000
393.900,0.000,0.124,0.043,0.000
393.920,0.000,0.128,0.043,0.000
393.940,0.000,0.128,0.043,0.000
393.960,0.000,0.130,0.043,0.000
393.980,0.000,0.131,0.043,0.000
394.000,0.000,0.128,0.043,0.000
394.020,0.000,0.137,0.043,0.000
394.040,0.000,0.129,0.043,0.000
394.060,0.000,0.138,0.043,0.000
394.080,0.000,0.126,0.043,0.000
394.100,0.000,0.140,0.043,0.000
394.120,0.000,0.127,0.043,0.000
394.140,0.000,0.141,0.043,0.000
394.160,0.000,0.127,0.043,0.000
394.180,0.000,0.140,0.043,0.000
394.200,0.000,0.126,0.043,0.000
394.220,0.000,0.136,0.043,0.000
394.240,0.000,0.126,0.043,0.000
394.260,0.000,0.132,0.043,0.000
394.280,0.000,0.128,0.043,0.000
394.300,0.000,0.131,0.043,0.000
394.320,0.000,0.125,0.043,0.000
394.340,0.000,0.127,0.043,0.000
394.360,0.000,0.126,0.043,0.000
394.380,0.000,0.123,0.043,0.000
394.400,0.000,0.122,0.043,0.000
394.420,0.000,0.120,0.043,0.000
394.440,0.000,0.123,0.043,0.000
394.460,0.000,0.123,0.043,0.000
394.480,0.000,0.121,0.043,0.000
394.500,0.000,0.119,0.043,0.000
394.520,0.000,0.119,0.043,0.000
394.540,0.000,0.115,0.043,0.000
394.560,0.000,0.121,0.043,0.000
394.580,0.000,0.114,0.043,0.000
394.600,0.000,0.120,0.043,0.000
394.620,0.000,0.111,0.043,0.000
394.640,0.000,0.121,0.043,0.000
394.660,0.000,0.111,0.043,0.000
394.680,0.000,0.122,0.043,0.000
394.700,0.000,0.112,0.043,0.000
394.720,0.000,0.120,0.043,0.000
394.740,0.000,0.113,0.043,0.000
394.760,0.000,0.122,0.043,0.000
394.780,0.000,0.116,0.043,0.000
394.800,0.000,0.120,0.043,0.000
394.820,0.000,0.117,0.043,0.000
394.840,0.000,0.121,0.043,0.000
394.860,0.000,0.119,0.043,0.000
394.880,0.000,0.122,0.043,0.000
394.900,0.000,0.124,0.043,0.000
394.920,0.000,0.121,0.043,0.000
394.940,0.000,0.124,0.043,0.000
394.960,0.000,0.122,0.043,0.000
394.980,0.000,0.124,0.043,0.000
395.000,0.000,0.124,0.043,0.000
395.020,0.000,0.128,0.043,0.000
395.040,0.000,0.124,0.043,0.000
395.060,0.000,0.128,0.043,0.000
395.080,0.000,0.124,0.043,0.000
395.100,0.000,0.126,0.043,0.000
395.120,0.000,0.125,0.043,0.000
395.140,0.000,0.128,0.043,0.000
395.160,0.000,0.124,0.043,0.000
395.180,0.000,0.128,0.043,0.000
395.200,0.000,0.124,0.043,0.000
395.220,0.000,0.125,0.043,0.000
395.240,0.000,0.124,0.043,0.000
395.260,0.000,0.124,0.043,0.000
395.280,0.000,0.125,0.043,0.000
395.300,0.000,0.124,0.043,0.000
395.320,0.000,0.124,0.043,0.000
395.340,0.000,0.124,0.043,0.000
395.360,0.000,0.123,0.043,0.000
395.380,0.000,0.124,0.043,0.000
395.400,0.000,0.124,0.043,0.000
395.420,0.000,0.121,0.043,0.000
395.440,0.000,0.123,0.043,0.000
395.460,0.000,0.118,0.043,0.000
395.480,0.000,0.123,0.043,0.000
395.500,0.000,0.116,0.043,0.000
395.520,0.000,0.120,0.043,0.000
395.540,0.000,0.113,0.043,0.000
395.560,0.000,0.119,0.043,0.000
395.580,0.000,0.113,0.043,0.000
395.600,0.000,0.116,0.043,0.000
395.620,0.000,0.113,0.043,0.000
395.640,0.000,0.114,0.043,0.000
395.660,0.000,0.114,0.043,0.000
395.680,0.000,0.115,0.043,0.000
395.700,0.000,0.116,0.043,0.000
395.720,0.000,0.113,0.043,0.000
395.740,0.000,0.116,0.043,0.000
395.760,0.000,0.116,0.043,0.000
395.780,0.000,0.118,0.043,0.000
395.800,0.000,0.119,0.043,0.000
395.820,0.000,0.117,0.043,0.000
395.840,0.000,0.115,0.043,0.000
395.860,0.000,0.120,0.043,0.000
395.880,0.000,0.122,0.043,0.000
395.900,0.000,0.125,0.043,0.000
395.920,0.000,0.118,0.043,0.000
395.940,0.000,0.129,0.043,0.000
395.960,0.000,0.123,0.043,0.000
395.980,0.000,0.128,0.043,0.000
396.000,0.000,0.128,0.043,0.000
396.020,0.000,0.127,0.043,0.000
396.040,0.000,0.130,0.043,0.000
396.060,0.000,0.130,0.043,0.000
396.080,0.000,0.132,0.043,0.000
396.100,0.000,0.131,0.043,0.000
396.120,0.000,0.133,0.043,0.000
396.140,0.000,0.132,0.043,0.000
396.160,0.000,0.136,0.043,0.000
396.180,0.000,0.130,0.043,0.000
396.200,0.000,0.137,0.043,0.000
396.220,0.000,0.126,0.043,0.000
396.240,0.000,0.137,0.043,0.000
396.260,0.000,0.126,0.043,0.000
396.280,0.000,0.134,0.043,0.000
396.300,0.000,0.124,0.043,0.000
396.320,0.000,0.133,0.043,0.000
396.340,0.000,0.128,0.043,0.000
396.360,0.000,0.132,0.043,0.000
396.380,0.000,0.129,0.043,0.000
396.400,0.000,0.128,0.043,0.000
396.420,0.000,0.127,0.043,0.000
396.440,0.000,0.124,0.043,0.000
396.460,0.000,0.124,0.043,0.000
396.480,0.000,0.120,0.043,0.000
396.500,0.000,0.124,0.043,0.000
396.520,0.000,0.117,0.043,0.000
396.540,0.000,0.124,0.043,0.000
396.560,0.000,0.117,0.043,0.000
396.580,0.000,0.123,0.043,0.000
396.600,0.000,0.116,0.043,0.000
396.620,0.000,0.122,0.043,0.000
396.640,0.000,0.116,0.043,0.000
396.660,0.000,0.121,0.043,0.000
396.680,0.000,0.116,0.043,0.000
396.700,0.000,0.120,0.043,0.000
396.720,0.000,0.116,0.043,0.000
396.740,0.000,0.120,0.043,0.000
396.760,0.000,0.119,0.043,0.000
396.780,0.000,0.118,0.043,0.000
396.800,0.000,0.120,0.043,0.000
396.820,0.000,0.118,0.043,0.000
396.840,0.000,0.121,0.043,0.000
396.860,0.000,0.119,0.041,0.000
396.880,0.000,0.124,0.041,0.000
396.900,0.000,0.120,0.038,0.000
396.920,0.000,0.127,0.038,0.000
396.940,0.000,0.120,0.037,0.000
396.960,0.000,0.124,0.037,0.000
396.980,0.000,0.120,0.037,0.000
397.000,0.000,0.126,0.037,0.000
397.020,0.000,0.123,0.037,0.000
397.040,0.000,0.127,0.037,0.000
397.060,0.000,0.124,0.037,0.000
397.080,0.000,0.127,0.037,0.000
397.100,0.000,0.126,0.037,0.000
397.120,0.000,0.128,0.037,0.000
397.140,0.000,0.126,0.037,0.000
397.160,0.000,0.128,0.037,0.000
397.180,0.000,0.128,0.037,0.000
397.200,0.000,0.125,0.037,0.000
397.220,0.000,0.128,0.037,0.000
397.240,0.000,0.125,0.037,0.000
397.260,0.000,0.128,0.037,0.000
397.280,0.000,0.124,0.037,0.000
397.300,0.000,0.130,0.037,0.000
397.320,0.000,0.124,0.037,0.000
397.340,0.000,0.125,0.037,0.000
397.360,0.000,0.123,0.037,0.000
397.380,0.000,0.124,0.037,0.000
397.400,0.000,0.124,0.037,0.000
397.420,0.000,0.123,0.037,0.000
397.440,0.000,0.120,0.037,0.000
397.460,0.000,0.124,0.037,0.000
397.480,0.000,0.119,0.037,0.000
397.500,0.000,0.124,0.037,0.000
397.520,0.000,0.119,0.037,0.000
397.540,0.000,0.122,0.037,0.000
397.560,0.000,0.116,0.037,0.000
397.580,0.000,0.120,0.037,0.000
397.600,0.000,0.116,0.037,0.000
397.620,0.000,0.116,0.037,0.000
397.640,0.000,0.115,0.035,0.000
397.660,0.000,0.115,0.035,0.000
397.680,0.000,0.120,0.032,0.000
397.700,0.000,0.113,0.032,0.000
397.720,0.000,0.119,0.030,0.000
397.740,0.000,0.110,0.031,0.000
397.760,0.000,0.120,0.031,0.000
397.780,0.000,0.110,0.031,0.000
397.800,0.000,0.121,0.031,0.000
397.820,0.000,0.108,0.032,0.000
397.840,0.000,0.123,0.032,0.000
397.860,0.000,0.111,0.032,0.000
397.880,0.000,0.121,0.032,0.000
397.900,0.000,0.114,0.032,0.000
397.920,0.000,0.121,0.032,0.000
397.940,0.000,0.117,0.032,0.000
397.960,0.000,0.120,0.032,0.000
397.980,0.000,0.121,0.032,0.000
398.000,0.000,0.123,0.032,0.000
398.020,0.000,0.124,0.032,0.000
398.040,0.000,0.121,0.032,0.000
398.060,0.000,0.128,0.032,0.000
398.080,0.000,0.117,0.032,0.000
398.100,0.000,0.132,0.032,0.000
398.120,0.000,0.120,0.032,0.000
398.140,0.000,0.132,0.032,0.000
398.160,0.000,0.116,0.032,0.000
398.180,0.000,0.133,0.032,0.000
398.200,0.000,0.123,0.032,0.000
398.220,0.000,0.134,0.032,0.000
398.240,0.000,0.123,0.032,0.000
398.260,0.000,0.136,0.032,0.000
398.280,0.000,0.125,0.032,0.000
398.300,0.000,0.135,0.032,0.000
398.320,0.000,0.125,0.032,0.000
398.340,0.000,0.131,0.032,0.000
398.360,0.000,0.128,0.032,0.000
398.380,0.000,0.127,0.032,0.000
398.400,0.000,0.131,0.032,0.000
398.420,0.000,0.126,0.032,0.000
398.440,0.000,0.132,0.032,0.000
398.460,0.000,0.121,0.032,0.000
398.480,0.000,0.130,0.032,0.000
398.500,0.000,0.118,0.032,0.000
398.520,0.000,0.128,0.032,0.000
398.540,0.000,0.121,0.032,0.000
398.560,0.000,0.126,0.032,0.000
398.580,0.000,0.116,0.032,0.000
398.600,0.000,0.124,0.032,0.000
398.620,0.000,0.120,0.032,0.000
398.640,0.000,0.120,0.032,0.000
398.660,0.000,0.117,0.032,0.000
398.680,0.000,0.117,0.032,0.000
398.700,0.000,0.119,0.032,0.000
398.720,0.000,0.119,0.032,0.000
398.740,0.000,0.119,0.032,0.000
398.760,0.000,0.116,0.032,0.000
398.780,0.000,0.120,0.032,0.000
398.800,0.000,0.115,0.032,0.000
398.820,0.000,0.123,0.032,0.000
398.840,0.000,0.116,0.032,0.000
398.860,0.000,0.122,0.032,0.000
398.880,0.000,0.114,0.032,0.000
398.900,0.000,0.122,0.032,0.000
398.920,0.000,0.123,0.032,0.000
398.940,0.000,0.124,0.032,0.000
398.960,0.000,0.122,0.032,0.000
398.980,0.000,0.124,0.032,0.000
399.000,0.000,0.122,0.032,0.000
399.020,0.000,0.124,0.032,0.000
399.040,0.000,0.124,0.032,0.000
399.060,0.000,0.125,0.032,0.000
399.080,0.000,0.124,0.032,0.000
399.100,0.000,0.127,0.032,0.000
399.120,0.000,0.125,0.032,0.000
399.140,0.000,0.128,0.031,0.000
399.160,0.000,0.126,0.031,0.000
399.180,0.000,0.126,0.029,0.000
399.200,0.000,0.129,0.029,0.000
399.220,0.000,0.127,0.029,0.000
399.240,0.000,0.130,0.029,0.000
399.260,0.000,0.127,0.029,0.000
399.280,0.000,0.130,0.029,0.000
399.300,0.000,0.126,0.029,0.000
399.320,0.000,0.134,0.029,0.000
399.340,0.000,0.124,0.029,0.000
399.360,0.000,0.133,0.029,0.000
399.380,0.000,0.124,0.029,0.000
399.400,0.000,0.132,0.029,0.000
399.420,0.000,0.123,0.029,0.000
399.440,0.000,0.130,0.029,0.000
399.460,0.000,0.124,0.029,0.000
399.480,0.000,0.125,0.029,0.000
399.500,0.000,0.122,0.029,0.000
399.520,0.000,0.126,0.029,0.000
399.540,0.000,0.123,0.029,0.000
399.560,0.000,0.122,0.029,0.000
399.580,0.000,0.121,0.029,0.000
399.600,0.000,0.120,0.029,0.000
399.620,0.000,0.120,0.029,0.000
399.640,0.000,0.120,0.029,0.000
399.660,0.000,0.120,0.029,0.000
399.680,0.000,0.116,0.029,0.000
399.700,0.000,0.121,0.029,0.000
399.720,0.000,0.113,0.029,0.000
399.740,0.000,0.122,0.029,0.000
399.760,0.000,0.112,0.029,0.000
399.780,0.000,0.122,0.029,0.000
399.800,0.000,0.112,0.029,0.000
399.820,0.000,0.121,0.029,0.000
399.840,0.000,0.115,0.029,0.000
399.860,0.000,0.120,0.029,0.000
399.880,0.000,0.112,0.029,0.000
399.900,0.000,0.119,0.029,0.000
399.920,0.000,0.114,0.029,0.000
399.940,0.000,0.120,0.029,0.000
399.960,0.000,0.118,0.029,0.000
399.980,0.000,0.119,0.029,0.000
400.000,0.000,0.120,0.029,0.000
400.020,0.000,0.120,0.029,0.000
400.040,0.000,0.121,0.029,0.000
400.060,0.000,0.120,0.029,0.000
400.080,0.000,0.122,0.029,0.000
400.100,0.000,0.119,0.029,0.000
400.120,0.000,0.126,0.029,0.000
400.140,0.000,0.116,0.029,0.000
400.160,0.000,0.128,0.029,0.000
400.180,0.000,0.120,0.029,0.000
400.200,0.000,0.127,0.029,0.000
400.220,0.000,0.123,0.029,0.000
400.240,0.000,0.127,0.029,0.000
400.260,0.000,0.124,0.029,0.000
400.280,0.000,0.126,0.029,0.000
400.300,0.000,0.124,0.029,0.000
400.320,0.000,0.130,0.029,0.000
400.340,0.000,0.124,0.029,0.000
400.360,0.000,0.128,0.029,0.000
400.380,0.000,0.125,0.029,0.000
400.400,0.000,0.129,0.029,0.000
400.420,0.000,0.124,0.029,0.000
400.440,0.000,0.125,0.029,0.000
400.460,0.000,0.127,0.029,0.000
400.480,0.000,0.121,0.029,0.000
400.500,0.000,0.131,0.029,0.000
400.520,0.000,0.120,0.029,0.000
400.540,0.000,0.131,0.029,0.000
400.560,0.000,0.117,0.029,0.000
400.580,0.000,0.134,0.029,0.000
400.600,0.000,0.112,0.029,0.000
400.620,0.000,0.132,0.029,0.000
400.640,0.000,0.113,0.029,0.000
400.660,0.000,0.132,0.029,0.000
400.680,0.000,0.112,0.029,0.000
400.700,0.000,0.132,0.029,0.000
400.720,0.000,0.112,0.029,0.000
400.740,0.000,0.129,0.029,0.000
400.760,0.000,0.115,0.029,0.000
400.780,0.000,0.125,0.029,0.000
400.800,0.000,0.117,0.029,0.000
400.820,0.000,0.119,0.029,0.000
400.840,0.000,0.120,0.029,0.000
400.860,0.000,0.120,0.029,0.000
400.880,0.000,0.121,0.029,0.000
400.900,0.000,0.116,0.029,0.000
400.920,0.000,0.124,0.029,0.000
400.940,0.000,0.116,0.029,0.000
400.960,0.000,0.128,0.029,0.000
400.980,0.000,0.113,0.029,0.000
401.000,0.000,0.131,0.029,0.000
401.020,0.000,0.113,0.029,0.000
401.040,0.000,0.134,0.029,0.000
401.060,0.000,0.116,0.029,0.000
401.080,0.000,0.133,0.029,0.000
401.100,0.000,0.118,0.029,0.000
401.120,0.000,0.131,0.029,0.000
401.140,0.000,0.120,0.029,0.000
401.160,0.000,0.133,0.029,0.000
401.180,0.000,0.121,0.029,0.000
401.200,0.000,0.132,0.028,0.000
401.220,0.000,0.124,0.028,0.000
401.240,0.000,0.130,0.027,0.000
401.260,0.000,0.132,0.027,0.000
401.280,0.000,0.126,0.027,0.000
401.300,0.000,0.134,0.027,0.000
401.320,0.000,0.126,0.027,0.000
401.340,0.000,0.139,0.031,0.000
401.360,0.000,0.124,0.031,0.000
401.380,0.000,0.136,0.031,0.000
401.400,0.000,0.124,0.031,0.000
401.420,0.000,0.138,0.031,0.000
401.440,0.000,0.124,0.031,0.000
401.460,0.000,0.135,0.031,0.000
401.480,0.000,0.128,0.031,0.000
401.500,0.000,0.132,0.031,0.000
401.520,0.000,0.128,0.031,0.000
401.540,0.000,0.128,0.031,0.000
401.560,0.000,0.127,0.031,0.000
401.580,0.000,0.124,0.031,0.000
401.600,0.000,0.127,0.031,0.000
401.620,0.000,0.122,0.031,0.000
401.640,0.000,0.125,0.031,0.000
401.660,0.000,0.120,0.031,0.000
401.680,0.000,0.126,0.031,0.000
401.700,0.000,0.123,0.031,0.000
401.720,0.000,0.124,0.031,0.000
401.740,0.000,0.120,0.031,0.000
401.760,0.000,0.124,0.031,0.000
401.780,0.000,0.122,0.031,0.000
401.800,0.000,0.123,0.031,0.000
401.820,0.000,0.122,0.031,0.000
401.840,0.000,0.118,0.031,0.000
401.860,0.000,0.119,0.031,0.000
401.880,0.000,0.119,0.031,0.000
401.900,0.000,0.120,0.031,0.000
401.920,0.000,0.116,0.031,0.000
401.940,0.000,0.120,0.031,0.000
401.960,0.000,0.122,0.031,0.000
401.980,0.000,0.123,0.031,0.000
402.000,0.000,0.116,0.031,0.000
402.020,0.000,0.120,0.031,0.000
402.040,0.000,0.116,0.031,0.000
402.060,0.000,0.123,0.031,0.000
402.080,0.000,0.117,0.031,0.000
402.100,0.000,0.122,0.031,0.000
402.120,0.000,0.123,0.031,0.000
402.140,0.000,0.122,0.031,0.000
402.160,0.000,0.121,0.031,0.000
402.180,0.000,0.124,0.031,0.000
402.200,0.000,0.123,0.031,0.000
402.220,0.000,0.124,0.031,0.000
402.240,0.000,0.124,0.031,0.000
402.260,0.000,0.123,0.031,0.000
402.280,0.000,0.124,0.031,0.000
402.300,0.000,0.124,0.031,0.000
402.320,0.000,0.124,0.031,0.000
402.340,0.000,0.124,0.031,0.000
402.360,0.000,0.123,0.031,0.000
402.380,0.000,0.124,0.031,0.000
402.400,0.000,0.124,0.031,0.000
402.420,0.000,0.124,0.031,0.000
402.440,0.000,0.124,0.031,0.000
402.460,0.000,0.126,0.031,0.000
402.480,0.000,0.124,0.031,0.000
402.500,0.000,0.124,0.031,0.000
402.520,0.000,0.124,0.031,0.000
402.540,0.000,0.124,0.031,0.000
402.560,0.000,0.124,0.031,0.000
402.580,0.000,0.123,0.031,0.000
402.600,0.000,0.123,0.031,0.000
402.620,0.000,0.124,0.031,0.000
402.640,0.000,0.122,0.031,0.000
402.660,0.000,0.123,0.031,0.000
402.680,0.000,0.123,0.031,0.000
402.700,0.000,0.122,0.031,0.000
402.720,0.000,0.124,0.031,0.000
402.740,0.000,0.121,0.031,0.000
402.760,0.000,0.121,0.031,0.000
402.780,0.000,0.118,0.031,0.000
402.800,0.000,0.121,0.031,0.000
402.820,0.000,0.117,0.028,0.000
402.840,0.000,0.120,0.028,0.000
402.860,0.000,0.117,0.027,0.000
402.880,0.000,0.118,0.027,0.000
402.900,0.000,0.118,0.027,0.000
402.920,0.000,0.117,0.027,0.000
402.940,0.000,0.116,0.027,0.000
402.960,0.000,0.117,0.027,0.000
402.980,0.000,0.116,0.027,0.000
403.000,0.000,0.116,0.027,0.000
403.020,0.000,0.116,0.027,0.000
403.040,0.000,0.113,0.027,0.000
403.060,0.000,0.116,0.027,0.000
403.080,0.000,0.117,0.027,0.000
403.100,0.000,0.121,0.027,0.000
403.120,0.000,0.120,0.027,0.000
403.140,0.000,0.120,0.027,0.000
403.160,0.000,0.123,0.027,0.000
403.180,0.000,0.120,0.027,0.000
403.200,0.000,0.125,0.027,0.000
403.220,0.000,0.124,0.027,0.000
403.240,0.000,0.127,0.027,0.000
403.260,0.000,0.122,0.027,0.000
403.280,0.000,0.131,0.027,0.000
403.300,0.000,0.128,0.027,0.000
403.320,0.000,0.131,0.027,0.000
403.340,0.000,0.129,0.027,0.000
403.360,0.000,0.131,0.027,0.000
403.380,0.000,0.131,0.027,0.000
403.400,0.000,0.132,0.027,0.000
403.420,0.000,0.132,0.027,0.000
403.440,0.000,0.132,0.027,0.000
403.460,0.000,0.130,0.027,0.000
403.480,0.000,0.130,0.027,0.000
403.500,0.000,0.131,0.027,0.000
403.520,0.000,0.131,0.027,0.000
403.540,0.000,0.128,0.027,0.000
403.560,0.000,0.133,0.027,0.000
403.580,0.000,0.128,0.027,0.000
403.600,0.000,0.133,0.027,0.000
403.620,0.000,0.126,0.027,0.000
403.640,0.000,0.124,0.027,0.000
403.660,0.000,0.125,0.027,0.000
403.680,0.000,0.125,0.027,0.000
403.700,0.000,0.123,0.027,0.000
403.720,0.000,0.124,0.027,0.000
403.740,0.000,0.125,0.027,0.000
403.760,0.000,0.125,0.027,0.000
403.780,0.000,0.124,0.027,0.000
403.800,0.000,0.123,0.027,0.000
403.820,0.000,0.123,0.027,0.000
403.840,0.000,0.124,0.027,0.000
403.860,0.000,0.124,0.027,0.000
403.880,0.000,0.122,0.027,0.000
403.900,0.000,0.123,0.027,0.000
403.920,0.000,0.121,0.027,0.000
403.940,0.000,0.120,0.027,0.000
403.960,0.000,0.123,0.027,0.000
403.980,0.000,0.123,0.027,0.000
404.000,0.000,0.122,0.027,0.000
404.020,0.000,0.122,0.027,0.000
404.040,0.000,0.122,0.027,0.000
404.060,0.000,0.123,0.027,0.000
404.080,0.000,0.120,0.027,0.000
404.100,0.000,0.124,0.027,0.000
404.120,0.000,0.122,0.027,0.000
404.140,0.000,0.123,0.027,0.000
404.160,0.000,0.121,0.027,0.000
404.180,0.000,0.123,0.027,0.000
404.200,0.000,0.123,0.027,0.000
404.220,0.000,0.124,0.027,0.000
404.240,0.000,0.124,0.027,0.000
404.260,0.000,0.124,0.027,0.000
404.280,0.000,0.124,0.027,0.000
404.300,0.000,0.124,0.027,0.000
404.320,0.000,0.125,0.027,0.000
404.340,0.000,0.123,0.027,0.000
404.360,0.000,0.125,0.027,0.000
404.380,0.000,0.125,0.027,0.000
404.400,0.000,0.124,0.027,0.000
404.420,0.000,0.126,0.027,0.000
404.440,0.000,0.125,0.027,0.000
404.460,0.000,0.124,0.027,0.000
404.480,0.000,0.124,0.027,0.000
404.500,0.000,0.124,0.027,0.000
404.520,0.000,0.126,0.027,0.000
404.540,0.000,0.124,0.027,0.000
404.560,0.000,0.124,0.027,0.000
404.580,0.000,0.124,0.027,0.000
404.600,0.000,0.124,0.027,0.000
404.620,0.000,0.124,0.027,0.000
404.640,0.000,0.122,0.027,0.000
404.660,0.000,0.124,0.027,0.000
404.680,0.000,0.122,0.027,0.000
404.700,0.000,0.124,0.027,0.000
404.720,0.000,0.119,0.027,0.000
404.740,0.000,0.124,0.027,0.000
404.760,0.000,0.120,0.027,0.000
404.780,0.000,0.122,0.027,0.000
404.800,0.000,0.121,0.027,0.000
404.820,0.000,0.120,0.027,0.000
404.840,0.000,0.118,0.027,0.000
404.860,0.000,0.120,0.027,0.000
404.880,0.000,0.119,0.027,0.000
404.900,0.000,0.120,0.027,0.000
404.920,0.000,0.120,0.027,0.000
404.940,0.000,0.118,0.027,0.000
404.960,0.000,0.118,0.027,0.000
404.980,0.000,0.117,0.027,0.000
405.000,0.000,0.117,0.027,0.000
405.020,0.000,0.114,0.027,0.000
405.040,0.000,0.119,0.027,0.000
405.060,0.000,0.118,0.027,0.000
405.080,0.000,0.120,0.027,0.000
405.100,0.000,0.117,0.027,0.000
405.120,0.000,0.119,0.027,0.000
405.140,0.000,0.121,0.027,0.000
405.160,0.000,0.116,0.027,0.000
405.180,0.000,0.119,0.027,0.000
405.200,0.000,0.118,0.027,0.000
405.220,0.000,0.121,0.027,0.000
405.240,0.000,0.122,0.027,0.000
405.260,0.000,0.124,0.027,0.000
405.280,0.000,0.121,0.027,0.000
405.300,0.000,0.121,0.027,0.000
405.320,0.000,0.125,0.027,0.000
405.340,0.000,0.124,0.027,0.000
405.360,0.000,0.127,0.027,0.000
405.380,0.000,0.127,0.027,0.000
405.400,0.000,0.131,0.027,0.000
405.420,0.000,0.128,0.027,0.000
405.440,0.000,0.129,0.027,0.000
405.460,0.000,0.128,0.027,0.000
405.480,0.000,0.130,0.027,0.000
405.500,0.000,0.129,0.027,0.000
405.520,0.000,0.131,0.027,0.000
405.540,0.000,0.128,0.027,0.000
405.560,0.000,0.132,0.027,0.000
405.580,0.000,0.130,0.027,0.000
405.600,0.000,0.132,0.027,0.000
405.620,0.000,0.128,0.027,0.000
405.640,0.000,0.132,0.027,0.000
405.660,0.000,0.129,0.027,0.000
405.680,0.000,0.129,0.027,0.000
405.700,0.000,0.128,0.027,0.000
405.720,0.000,0.125,0.026,0.000
405.740,0.000,0.128,0.026,0.000
405.760,0.000,0.124,0.026,0.000
405.780,0.000,0.128,0.026,0.000
405.800,0.000,0.123,0.026,0.000
405.820,0.000,0.125,0.026,0.000
405.840,0.000,0.120,0.026,0.000
405.860,0.000,0.125,0.026,0.000
405.880,0.000,0.120,0.026,0.000
405.900,0.000,0.121,0.026,0.000
405.920,0.000,0.124,0.026,0.000
405.940,0.000,0.121,0.026,0.000
405.960,0.000,0.122,0.026,0.000
405.980,0.000,0.120,0.026,0.000
406.000,0.000,0.122,0.026,0.000
406.020,0.000,0.120,0.026,0.000
406.040,0.000,0.122,0.026,0.000
406.060,0.000,0.119,0.026,0.000
406.080,0.000,0.124,0.026,0.000
406.100,0.000,0.120,0.026,0.000
406.120,0.000,0.123,0.026,0.000
406.140,0.000,0.119,0.026,0.000
406.160,0.000,0.124,0.026,0.000
406.180,0.000,0.120,0.026,0.000
406.200,0.000,0.124,0.026,0.000
406.220,0.000,0.123,0.026,0.000
406.240,0.000,0.124,0.026,0.000
406.260,0.000,0.124,0.026,0.000
406.280,0.000,0.124,0.026,0.000
406.300,0.000,0.124,0.026,0.000
406.320,0.000,0.124,0.026,0.000
406.340,0.000,0.125,0.025,0.000
406.360,0.000,0.123,0.025,0.000
406.380,0.000,0.124,0.025,0.000
406.400,0.000,0.124,0.025,0.000
406.420,0.000,0.126,0.022,0.000
406.440,0.000,0.124,0.022,0.000
406.460,0.000,0.129,0.020,0.000
406.480,0.000,0.124,0.020,0.000
406.500,0.000,0.128,0.020,0.000
406.520,0.000,0.124,0.020,0.000
406.540,0.000,0.129,0.020,0.000
406.560,0.000,0.125,0.020,0.000
406.580,0.000,0.125,0.020,0.000
406.600,0.000,0.124,0.020,0.000
406.620,0.000,0.124,0.020,0.000
406.640,0.000,0.125,0.020,0.000
406.660,0.000,0.124,0.020,0.000
406.680,0.000,0.124,0.020,0.000
406.700,0.000,0.125,0.020,0.000
406.720,0.000,0.124,0.020,0.000
406.740,0.000,0.124,0.020,0.000
406.760,0.000,0.123,0.020,0.000
406.780,0.000,0.124,0.020,0.000
406.800,0.000,0.123,0.020,0.000
406.820,0.000,0.123,0.020,0.000
406.840,0.000,0.123,0.020,0.000
406.860,0.000,0.120,0.020,0.000
406.880,0.000,0.122,0.020,0.000
406.900,0.000,0.118,0.020,0.000
406.920,0.000,0.120,0.020,0.000
406.940,0.000,0.120,0.020,0.000
406.960,0.000,0.120,0.020,0.000
406.980,0.000,0.117,0.020,0.000
407.000,0.000,0.120,0.020,0.000
407.020,0.000,0.119,0.020,0.000
407.040,0.000,0.121,0.020,0.000
407.060,0.000,0.116,0.020,0.000
407.080,0.000,0.119,0.020,0.000
407.100,0.000,0.119,0.020,0.000
407.120,0.000,0.118,0.020,0.000
407.140,0.000,0.120,0.020,0.000
407.160,0.000,0.118,0.020,0.000
407.180,0.000,0.118,0.020,0.000
407.200,0.000,0.121,0.020,0.000
407.220,0.000,0.121,0.020,0.000
407.240,0.000,0.123,0.020,0.000
407.260,0.000,0.121,0.020,0.000
407.280,0.000,0.123,0.020,0.000
407.300,0.000,0.122,0.020,0.000
407.320,0.000,0.123,0.020,0.000
407.340,0.000,0.121,0.020,0.000
407.360,0.000,0.123,0.020,0.000
407.380,0.000,0.124,0.020,0.000
407.400,0.000,0.123,0.020,0.000
407.420,0.000,0.123,0.020,0.000
407.440,0.000,0.124,0.020,0.000
407.460,0.000,0.124,0.020,0.000
407.480,0.000,0.124,0.020,0.000
407.500,0.000,0.125,0.020,0.000
407.520,0.000,0.124,0.020,0.000
407.540,0.000,0.124,0.020,0.000
407.560,0.000,0.124,0.020,0.000
407.580,0.000,0.125,0.020,0.000
407.600,0.000,0.126,0.020,0.000
407.620,0.000,0.125,0.020,0.000
407.640,0.000,0.125,0.020,0.000
407.660,0.000,0.126,0.020,0.000
407.680,0.000,0.128,0.020,0.000
407.700,0.000,0.126,0.020,0.000
407.720,0.000,0.129,0.020,0.000
407.740,0.000,0.125,0.020,0.000
407.760,0.000,0.124,0.020,0.000
407.780,0.000,0.124,0.020,0.000
407.800,0.000,0.124,0.020,0.000
407.820,0.000,0.123,0.020,0.000
407.840,0.000,0.122,0.020,0.000
407.860,0.000,0.125,0.020,0.000
407.880,0.000,0.125,0.020,0.000
407.900,0.000,0.124,0.020,0.000
407.920,0.000,0.121,0.020,0.000
407.940,0.000,0.126,0.020,0.000
407.960,0.000,0.120,0.020,0.000
407.980,0.000,0.120,0.020,0.000
408.000,0.000,0.120,0.020,0.000
408.020,0.000,0.124,0.020,0.000
408.040,0.000,0.120,0.019,0.000
408.060,0.000,0.121,0.019,0.000
408.080,0.000,0.120,0.019,0.000
408.100,0.000,0.119,0.019,0.000
408.120,0.000,0.121,0.019,0.000
408.140,0.000,0.120,0.019,0.000
408.160,0.000,0.123,0.019,0.000
408.180,0.000,0.120,0.019,0.000
408.200,0.000,0.120,0.019,0.000
408.220,0.000,0.121,0.019,0.000
408.240,0.000,0.123,0.019,0.000
408.260,0.000,0.122,0.019,0.000
408.280,0.000,0.125,0.019,0.000
408.300,0.000,0.123,0.019,0.000
408.320,0.000,0.124,0.019,0.000
408.340,0.000,0.124,0.019,0.000
408.360,0.000,0.123,0.019,0.000
408.380,0.000,0.125,0.019,0.000
408.400,0.000,0.126,0.019,0.000
408.420,0.000,0.128,0.019,0.000
408.440,0.000,0.124,0.019,0.000
408.460,0.000,0.129,0.019,0.000
408.480,0.000,0.125,0.019,0.000
408.500,0.000,0.131,0.019,0.000
408.520,0.000,0.126,0.019,0.000
408.540,0.000,0.129,0.019,0.000
408.560,0.000,0.128,0.019,0.000
408.580,0.000,0.131,0.019,0.000
408.600,0.000,0.128,0.019,0.000
408.620,0.000,0.127,0.019,0.000
408.640,0.000,0.129,0.019,0.000
408.660,0.000,0.128,0.019,0.000
408.680,0.000,0.128,0.019,0.000
408.700,0.000,0.126,0.019,0.000
408.720,0.000,0.128,0.019,0.000
408.740,0.000,0.125,0.019,0.000
408.760,0.000,0.127,0.019,0.000
408.780,0.000,0.123,0.019,0.000
408.800,0.000,0.128,0.019,0.000
408.820,0.000,0.124,0.019,0.000
408.840,0.000,0.128,0.019,0.000
408.860,0.000,0.126,0.019,0.000
408.880,0.000,0.124,0.019,0.000
408.900,0.000,0.124,0.019,0.000
408.920,0.000,0.124,0.019,0.000
408.940,0.000,0.124,0.019,0.000
408.960,0.000,0.124,0.019,0.000
408.980,0.000,0.123,0.019,0.000
409.000,0.000,0.124,0.019,0.000
409.020,0.000,0.124,0.019,0.000
409.040,0.000,0.123,0.019,0.000
409.060,0.000,0.123,0.019,0.000
409.080,0.000,0.120,0.019,0.000
409.100,0.000,0.122,0.019,0.000
409.120,0.000,0.121,0.019,0.000
409.140,0.000,0.120,0.019,0.000
409.160,0.000,0.121,0.019,0.000
409.180,0.000,0.122,0.019,0.000
409.200,0.000,0.121,0.019,0.000
409.220,0.000,0.121,0.019,0.000
409.240,0.000,0.120,0.019,0.000
409.260,0.000,0.121,0.019,0.000
409.280,0.000,0.119,0.019,0.000
409.300,0.000,0.119,0.019,0.000
409.320,0.000,0.121,0.019,0.000
409.340,0.000,0.121,0.019,0.000
409.360,0.000,0.122,0.019,0.000
409.380,0.000,0.120,0.019,0.000
409.400,0.000,0.123,0.019,0.000
409.420,0.000,0.123,0.019,0.000
409.440,0.000,0.123,0.019,0.000
409.460,0.000,0.122,0.019,0.000
409.480,0.000,0.123,0.019,0.000
409.500,0.000,0.124,0.019,0.000
409.520,0.000,0.124,0.019,0.000
409.540,0.000,0.123,0.019,0.000
409.560,0.000,0.124,0.019,0.000
409.580,0.000,0.124,0.019,0.000
409.600,0.000,0.124,0.019,0.000
409.620,0.000,0.125,0.019,0.000
409.640,0.000,0.124,0.019,0.000
409.660,0.000,0.124,0.019,0.000
409.680,0.000,0.125,0.019,0.000
409.700,0.000,0.124,0.019,0.000
409.720,0.000,0.124,0.019,0.000
409.740,0.000,0.124,0.019,0.000
409.760,0.000,0.124,0.019,0.000
409.780,0.000,0.125,0.019,0.000
409.800,0.000,0.126,0.019,0.000
409.820,0.000,0.123,0.019,0.000
409.840,0.000,0.124,0.019,0.000
409.860,0.000,0.123,0.019,0.000
409.880,0.000,0.126,0.019,0.000
409.900,0.000,0.124,0.019,0.000
409.920,0.000,0.122,0.019,0.000
409.940,0.000,0.124,0.019,0.000
409.960,0.000,0.118,0.019,0.000
409.980,0.000,0.126,0.019,0.000
410.000,0.000,0.116,0.019,0.000
410.020,0.000,0.124,0.017,0.000
410.040,0.000,0.118,0.017,0.000
410.060,0.000,0.124,0.017,0.000
410.080,0.000,0.116,0.017,0.000
410.100,0.000,0.122,0.017,0.000
410.120,0.000,0.118,0.017,0.000
410.140,0.000,0.122,0.017,0.000
410.160,0.000,0.119,0.017,0.000
410.180,0.000,0.121,0.017,0.000
410.200,0.000,0.117,0.017,0.000
410.220,0.000,0.120,0.017,0.000
410.240,0.000,0.118,0.017,0.000
410.260,0.000,0.120,0.017,0.000
410.280,0.000,0.119,0.017,0.000
410.300,0.000,0.125,0.017,0.000
410.320,0.000,0.118,0.017,0.000
410.340,0.000,0.120,0.017,0.000
410.360,0.000,0.120,0.017,0.000
410.380,0.000,0.123,0.017,0.000
410.400,0.000,0.125,0.017,0.000
410.420,0.000,0.120,0.017,0.000
410.440,0.000,0.123,0.017,0.000
410.460,0.000,0.125,0.017,0.000
410.480,0.000,0.127,0.017,0.000
410.500,0.000,0.124,0.017,0.000
410.520,0.000,0.126,0.017,0.000
410.540,0.000,0.126,0.017,0.000
410.560,0.000,0.128,0.017,0.000
410.580,0.000,0.127,0.017,0.000
410.600,0.000,0.130,0.017,0.000
410.620,0.000,0.129,0.017,0.000
410.640,0.000,0.130,0.015,0.000
410.660,0.000,0.127,0.015,0.000
410.680,0.000,0.131,0.015,0.000
410.700,0.000,0.128,0.015,0.000
410.720,0.000,0.131,0.015,0.000
410.740,0.000,0.127,0.015,0.000
410.760,0.000,0.132,0.016,0.000
410.780,0.000,0.128,0.016,0.000
410.800,0.000,0.128,0.016,0.000
410.820,0.000,0.128,0.016,0.000
410.840,0.000,0.130,0.016,0.000
410.860,0.000,0.127,0.016,0.000
410.880,0.000,0.127,0.016,0.000
410.900,0.000,0.128,0.016,0.000
410.920,0.000,0.126,0.016,0.000
410.940,0.000,0.128,0.016,0.000
410.960,0.000,0.131,0.016,0.000
410.980,0.000,0.126,0.016,0.000
411.000,0.000,0.126,0.016,0.000
411.020,0.000,0.126,0.016,0.000
411.040,0.000,0.123,0.016,0.000
411.060,0.000,0.124,0.016,0.000
411.080,0.000,0.124,0.016,0.000
411.100,0.000,0.126,0.016,0.000
411.120,0.000,0.123,0.016,0.000
411.140,0.000,0.124,0.016,0.000
411.160,0.000,0.123,0.016,0.000
411.180,0.000,0.124,0.016,0.000
411.200,0.000,0.120,0.016,0.000
411.220,0.000,0.124,0.016,0.000
411.240,0.000,0.121,0.016,0.000
411.260,0.000,0.124,0.016,0.000
411.280,0.000,0.121,0.016,0.000
411.300,0.000,0.124,0.016,0.000
411.320,0.000,0.122,0.016,0.000
411.340,0.000,0.122,0.016,0.000
411.360,0.000,0.122,0.016,0.000
411.380,0.000,0.123,0.016,0.000
411.400,0.000,0.124,0.016,0.000
411.420,0.000,0.120,0.016,0.000
411.440,0.000,0.124,0.016,0.000
411.460,0.000,0.120,0.016,0.000
411.480,0.000,0.124,0.016,0.000
411.500,0.000,0.118,0.016,0.000
411.520,0.000,0.125,0.016,0.000
411.540,0.000,0.123,0.016,0.000
411.560,0.000,0.126,0.016,0.000
411.580,0.000,0.122,0.016,0.000
411.600,0.000,0.124,0.016,0.000
411.620,0.000,0.124,0.016,0.000
411.640,0.000,0.126,0.016,0.000
411.660,0.000,0.124,0.016,0.000
411.680,0.000,0.123,0.016,0.000
411.700,0.000,0.124,0.016,0.000
411.720,0.000,0.124,0.016,0.000
411.740,0.000,0.123,0.016,0.000
411.760,0.000,0.125,0.016,0.000
411.780,0.000,0.124,0.016,0.000
411.800,0.000,0.124,0.016,0.000
411.820,0.000,0.126,0.016,0.000
411.840,0.000,0.123,0.016,0.000
411.860,0.000,0.127,0.016,0.000
411.880,0.000,0.124,0.016,0.000
411.900,0.000,0.126,0.016,0.000
411.920,0.000,0.124,0.016,0.000
411.940,0.000,0.124,0.016,0.000
411.960,0.000,0.124,0.016,0.000
411.980,0.000,0.126,0.016,0.000
412.000,0.000,0.124,0.016,0.000
412.020,0.000,0.122,0.016,0.000
412.040,0.000,0.124,0.016,0.000
412.060,0.000,0.121,0.015,0.000
412.080,0.000,0.124,0.015,0.000
412.100,0.000,0.119,0.015,0.000
412.120,0.000,0.124,0.015,0.000
412.140,0.000,0.120,0.015,0.000
412.160,0.000,0.124,0.015,0.000
412.180,0.000,0.120,0.015,0.000
412.200,0.000,0.124,0.015,0.000
412.220,0.000,0.118,0.015,0.000
412.240,0.000,0.121,0.015,0.000
412.260,0.000,0.118,0.015,0.000
412.280,0.000,0.122,0.015,0.000
412.300,0.000,0.116,0.015,0.000
412.320,0.000,0.123,0.015,0.000
412.340,0.000,0.120,0.015,0.000
412.360,0.000,0.122,0.015,0.000
412.380,0.000,0.118,0.015,0.000
412.400,0.000,0.123,0.015,0.000
412.420,0.000,0.121,0.015,0.000
412.440,0.000,0.120,0.015,0.000
412.460,0.000,0.120,0.015,0.000
412.480,0.000,0.121,0.015,0.000
412.500,0.000,0.127,0.015,0.000
412.520,0.000,0.121,0.015,0.000
412.540,0.000,0.123,0.015,0.000
412.560,0.000,0.119,0.015,0.000
412.580,0.000,0.128,0.015,0.000
412.600,0.000,0.123,0.015,0.000
412.620,0.000,0.126,0.015,0.000
412.640,0.000,0.126,0.015,0.000
412.660,0.000,0.130,0.015,0.000
412.680,0.000,0.127,0.015,0.000
412.700,0.000,0.131,0.015,0.000
412.720,0.000,0.126,0.015,0.000
412.740,0.000,0.131,0.015,0.000
412.760,0.000,0.127,0.015,0.000
412.780,0.000,0.131,0.015,0.000
412.800,0.000,0.128,0.015,0.000
412.820,0.000,0.131,0.015,0.000
412.840,0.000,0.129,0.015,0.000
412.860,0.000,0.129,0.015,0.000
412.880,0.000,0.128,0.015,0.000
412.900,0.000,0.128,0.015,0.000
412.920,0.000,0.128,0.015,0.000
412.940,0.000,0.128,0.015,0.000
412.960,0.000,0.132,0.015,0.000
412.980,0.000,0.127,0.015,0.000
413.000,0.000,0.131,0.015,0.000
413.020,0.000,0.124,0.015,0.000
413.040,0.000,0.130,0.015,0.000
413.060,0.000,0.123,0.015,0.000
413.080,0.000,0.128,0.015,0.000
413.100,0.000,0.123,0.015,0.000
413.120,0.000,0.128,0.015,0.000
413.140,0.000,0.120,0.015,0.000
413.160,0.000,0.126,0.015,0.000
413.180,0.000,0.121,0.015,0.000
413.200,0.000,0.126,0.015,0.000
413.220,0.000,0.124,0.015,0.000
413.240,0.000,0.124,0.015,0.000
413.260,0.000,0.124,0.015,0.000
413.280,0.000,0.125,0.015,0.000
413.300,0.000,0.124,0.015,0.000
413.320,0.000,0.122,0.015,0.000
413.340,0.000,0.124,0.015,0.000
413.360,0.000,0.124,0.015,0.000
413.380,0.000,0.124,0.015,0.000
413.400,0.000,0.123,0.015,0.000
413.420,0.000,0.126,0.015,0.000
413.440,0.000,0.122,0.015,0.000
413.460,0.000,0.125,0.015,0.000
413.480,0.000,0.123,0.015,0.000
413.500,0.000,0.125,0.015,0.000
413.520,0.000,0.124,0.015,0.000
413.540,0.000,0.124,0.015,0.000
413.560,0.000,0.122,0.015,0.000
413.580,0.000,0.123,0.015,0.000
413.600,0.000,0.126,0.015,0.000
413.620,0.000,0.125,0.015,0.000
413.640,0.000,0.128,0.015,0.000
413.660,0.000,0.124,0.015,0.000
413.680,0.000,0.131,0.015,0.000
413.700,0.000,0.124,0.015,0.000
413.720,0.000,0.130,0.015,0.000
413.740,0.000,0.124,0.015,0.000
413.760,0.000,0.129,0.015,0.000
413.780,0.000,0.123,0.015,0.000
413.800,0.000,0.127,0.015,0.000
413.820,0.000,0.124,0.015,0.000
413.840,0.000,0.131,0.015,0.000
413.860,0.000,0.122,0.015,0.000
413.880,0.000,0.127,0.015,0.000
413.900,0.000,0.124,0.015,0.000
413.920,0.000,0.125,0.015,0.000
413.940,0.000,0.123,0.015,0.000
413.960,0.000,0.124,0.015,0.000
413.980,0.000,0.123,0.015,0.000
414.000,0.000,0.123,0.015,0.000
414.020,0.000,0.124,0.015,0.000
414.040,0.000,0.122,0.015,0.000
414.060,0.000,0.123,0.015,0.000
414.080,0.000,0.121,0.015,0.000
414.100,0.000,0.123,0.015,0.000
414.120,0.000,0.123,0.015,0.000
414.140,0.000,0.122,0.015,0.000
414.160,0.000,0.121,0.015,0.000
414.180,0.000,0.124,0.015,0.000
414.200,0.000,0.120,0.015,0.000
414.220,0.000,0.123,0.015,0.000
414.240,0.000,0.119,0.015,0.000
414.260,0.000,0.120,0.015,0.000
414.280,0.000,0.116,0.015,0.000
414.300,0.000,0.120,0.015,0.000
414.320,0.000,0.120,0.015,0.000
414.340,0.000,0.122,0.015,0.000
414.360,0.000,0.122,0.015,0.000
414.380,0.000,0.121,0.015,0.000
414.400,0.000,0.120,0.015,0.000
414.420,0.000,0.120,0.015,0.000
414.440,0.000,0.120,0.015,0.000
414.460,0.000,0.121,0.015,0.000
414.480,0.000,0.121,0.015,0.000
414.500,0.000,0.121,0.015,0.000
414.520,0.000,0.122,0.015,0.000
414.540,0.000,0.119,0.015,0.000
414.560,0.000,0.122,0.015,0.000
414.580,0.000,0.121,0.015,0.000
414.600,0.000,0.126,0.015,0.000
414.620,0.000,0.124,0.015,0.000
414.640,0.000,0.126,0.015,0.000
414.660,0.000,0.121,0.015,0.000
414.680,0.000,0.127,0.015,0.000
414.700,0.000,0.120,0.015,0.000
414.720,0.000,0.125,0.015,0.000
414.740,0.000,0.123,0.015,0.000
414.760,0.000,0.128,0.015,0.000
414.780,0.000,0.126,0.015,0.000
414.800,0.000,0.124,0.015,0.000
414.820,0.000,0.126,0.015,0.000
414.840,0.000,0.121,0.015,0.000
414.860,0.000,0.129,0.015,0.000
414.880,0.000,0.123,0.015,0.000
414.900,0.000,0.130,0.015,0.000
414.920,0.000,0.121,0.015,0.000
414.940,0.000,0.129,0.015,0.000
414.960,0.000,0.121,0.015,0.000
414.980,0.000,0.128,0.015,0.000
415.000,0.000,0.121,0.015,0.000
415.020,0.000,0.129,0.015,0.000
415.040,0.000,0.124,0.015,0.000
415.060,0.000,0.126,0.015,0.000
415.080,0.000,0.123,0.015,0.000
415.100,0.000,0.124,0.015,0.000
415.120,0.000,0.121,0.015,0.000
415.140,0.000,0.124,0.015,0.000
415.160,0.000,0.124,0.015,0.000
415.180,0.000,0.120,0.015,0.000
415.200,0.000,0.121,0.015,0.000
415.220,0.000,0.116,0.015,0.000
415.240,0.000,0.125,0.015,0.000
415.260,0.000,0.115,0.017,0.000
415.280,0.000,0.125,0.017,0.000
415.300,0.000,0.114,0.018,0.000
415.320,0.000,0.125,0.018,0.000
415.340,0.000,0.116,0.018,0.000
415.360,0.000,0.123,0.018,0.000
415.380,0.000,0.119,0.018,0.000
415.400,0.000,0.123,0.018,0.000
415.420,0.000,0.121,0.018,0.000
415.440,0.000,0.121,0.018,0.000
415.460,0.000,0.122,0.018,0.000
415.480,0.000,0.121,0.018,0.000
415.500,0.000,0.121,0.018,0.000
415.520,0.000,0.120,0.018,0.000
415.540,0.000,0.121,0.018,0.000
415.560,0.000,0.124,0.018,0.000
415.580,0.000,0.124,0.018,0.000
415.600,0.000,0.121,0.018,0.000
415.620,0.000,0.128,0.018,0.000
415.640,0.000,0.120,0.018,0.000
415.660,0.000,0.129,0.018,0.000
415.680,0.000,0.124,0.018,0.000
415.700,0.000,0.128,0.018,0.000
415.720,0.000,0.125,0.018,0.000
415.740,0.000,0.126,0.018,0.000
415.760,0.000,0.124,0.018,0.000
415.780,0.000,0.130,0.018,0.000
415.800,0.000,0.124,0.018,0.000
415.820,0.000,0.127,0.018,0.000
415.840,0.000,0.126,0.018,0.000
415.860,0.000,0.127,0.018,0.000
415.880,0.000,0.128,0.018,0.000
415.900,0.000,0.124,0.018,0.000
415.920,0.000,0.131,0.018,0.000
415.940,0.000,0.125,0.018,0.000
415.960,0.000,0.124,0.018,0.000
415.980,0.000,0.124,0.018,0.000
416.000,0.000,0.126,0.018,0.000
416.020,0.000,0.124,0.018,0.000
416.040,0.000,0.126,0.018,0.000
416.060,0.000,0.124,0.018,0.000
416.080,0.000,0.125,0.018,0.000
416.100,0.000,0.124,0.018,0.000
416.120,0.000,0.124,0.018,0.000
416.140,0.000,0.124,0.018,0.000
416.160,0.000,0.124,0.018,0.000
416.180,0.000,0.123,0.018,0.000
416.200,0.000,0.123,0.018,0.000
416.220,0.000,0.123,0.018,0.000
416.240,0.000,0.123,0.018,0.000
416.260,0.000,0.124,0.018,0.000
416.280,0.000,0.123,0.018,0.000
416.300,0.000,0.122,0.018,0.000
416.320,0.000,0.121,0.018,0.000
416.340,0.000,0.122,0.018,0.000
416.360,0.000,0.123,0.018,0.000
416.380,0.000,0.120,0.018,0.000
416.400,0.000,0.118,0.018,0.000
416.420,0.000,0.117,0.018,0.000
416.440,0.000,0.120,0.018,0.000
416.460,0.000,0.119,0.018,0.000
416.480,0.000,0.117,0.018,0.000
416.500,0.000,0.120,0.018,0.000
416.520,0.000,0.121,0.018,0.000
416.540,0.000,0.117,0.018,0.000
416.560,0.000,0.117,0.018,0.000
416.580,0.000,0.120,0.018,0.000
416.600,0.000,0.120,0.018,0.000
416.620,0.000,0.120,0.018,0.000
416.640,0.000,0.121,0.018,0.000
416.660,0.000,0.120,0.018,0.000
416.680,0.000,0.120,0.018,0.000
416.700,0.000,0.123,0.018,0.000
416.720,0.000,0.120,0.018,0.000
416.740,0.000,0.122,0.018,0.000
416.760,0.000,0.124,0.018,0.000
416.780,0.000,0.121,0.018,0.000
416.800,0.000,0.124,0.018,0.000
416.820,0.000,0.123,0.018,0.000
416.840,0.000,0.124,0.018,0.000
416.860,0.000,0.124,0.018,0.000
416.880,0.000,0.124,0.018,0.000
416.900,0.000,0.125,0.018,0.000
416.920,0.000,0.125,0.018,0.000
416.940,0.000,0.124,0.018,0.000
416.960,0.000,0.124,0.018,0.000
416.980,0.000,0.124,0.018,0.000
417.000,0.000,0.127,0.018,0.000
417.020,0.000,0.124,0.018,0.000
417.040,0.000,0.125,0.018,0.000
417.060,0.000,0.124,0.018,0.000
417.080,0.000,0.124,0.018,0.000
417.100,0.000,0.124,0.018,0.000
417.120,0.000,0.124,0.018,0.000
417.140,0.000,0.125,0.018,0.000
417.160,0.000,0.123,0.018,0.000
417.180,0.000,0.125,0.018,0.000
417.200,0.000,0.123,0.018,0.000
417.220,0.000,0.124,0.018,0.000
417.240,0.000,0.119,0.018,0.000
417.260,0.000,0.124,0.018,0.000
417.280,0.000,0.118,0.018,0.000
417.300,0.000,0.124,0.018,0.000
417.320,0.000,0.120,0.018,0.000
417.340,0.000,0.122,0.018,0.000
417.360,0.000,0.122,0.018,0.000
417.380,0.000,0.122,0.018,0.000
417.400,0.000,0.120,0.018,0.000
417.420,0.000,0.121,0.018,0.000
417.440,0.000,0.120,0.018,0.000
417.460,0.000,0.121,0.018,0.000
417.480,0.000,0.116,0.018,0.000
417.500,0.000,0.124,0.018,0.000
417.520,0.000,0.118,0.018,0.000
417.540,0.000,0.124,0.018,0.000
417.560,0.000,0.116,0.018,0.000
417.580,0.000,0.127,0.018,0.000
417.600,0.000,0.115,0.018,0.000
417.620,0.000,0.126,0.018,0.000
417.640,0.000,0.117,0.018,0.000
417.660,0.000,0.127,0.018,0.000
417.680,0.000,0.115,0.018,0.000
417.700,0.000,0.130,0.018,0.000
417.720,0.000,0.119,0.018,0.000
417.740,0.000,0.129,0.018,0.000
417.760,0.000,0.123,0.018,0.000
417.780,0.000,0.128,0.018,0.000
417.800,0.000,0.124,0.018,0.000
417.820,0.000,0.124,0.018,0.000
417.840,0.000,0.128,0.018,0.000
417.860,0.000,0.126,0.018,0.000
417.880,0.000,0.132,0.018,0.000
417.900,0.000,0.125,0.018,0.000
417.920,0.000,0.132,0.019,0.000
417.940,0.000,0.123,0.019,0.000
417.960,0.000,0.132,0.019,0.000
417.980,0.000,0.123,0.019,0.000
418.000,0.000,0.132,0.019,0.000
418.020,0.000,0.121,0.019,0.000
418.040,0.000,0.133,0.019,0.000
418.060,0.000,0.122,0.019,0.000
418.080,0.000,0.132,0.019,0.000
418.100,0.000,0.125,0.019,0.000
418.120,0.000,0.132,0.019,0.000
418.140,0.000,0.125,0.019,0.000
418.160,0.000,0.129,0.019,0.000
418.180,0.000,0.125,0.019,0.000
418.200,0.000,0.128,0.019,0.000
418.220,0.000,0.124,0.019,0.000
418.240,0.000,0.125,0.019,0.000
418.260,0.000,0.124,0.019,0.000
418.280,0.000,0.124,0.019,0.000
418.300,0.000,0.126,0.019,0.000
418.320,0.000,0.121,0.019,0.000
418.340,0.000,0.124,0.019,0.000
418.360,0.000,0.120,0.019,0.000
418.380,0.000,0.127,0.019,0.000
418.400,0.000,0.117,0.019,0.000
418.420,0.000,0.126,0.019,0.000
418.440,0.000,0.118,0.019,0.000
418.460,0.000,0.125,0.019,0.000
418.480,0.000,0.117,0.019,0.000
418.500,0.000,0.124,0.019,0.000
418.520,0.000,0.113,0.020,0.000
418.540,0.000,0.124,0.020,0.000
418.560,0.000,0.117,0.020,0.000
418.580,0.000,0.123,0.020,0.000
418.600,0.000,0.116,0.020,0.000
418.620,0.000,0.121,0.020,0.000
418.640,0.000,0.118,0.020,0.000
418.660,0.000,0.124,0.020,0.000
418.680,0.000,0.120,0.020,0.000
418.700,0.000,0.121,0.020,0.000
418.720,0.000,0.121,0.020,0.000
418.740,0.000,0.121,0.020,0.000
418.760,0.000,0.124,0.020,0.000
418.780,0.000,0.120,0.020,0.000
418.800,0.000,0.126,0.020,0.000
418.820,0.000,0.119,0.020,0.000
418.840,0.000,0.125,0.020,0.000
418.860,0.000,0.119,0.020,0.000
418.880,0.000,0.125,0.020,0.000
418.900,0.000,0.120,0.020,0.000
418.920,0.000,0.128,0.020,0.000
418.940,0.000,0.123,0.020,0.000
418.960,0.000,0.128,0.020,0.000
418.980,0.000,0.122,0.020,0.000
419.000,0.000,0.127,0.020,0.000
419.020,0.000,0.123,0.020,0.000
419.040,0.000,0.124,0.020,0.000
419.060,0.000,0.121,0.020,0.000
419.080,0.000,0.124,0.020,0.000
419.100,0.000,0.124,0.020,0.000
419.120,0.000,0.124,0.020,0.000
419.140,0.000,0.124,0.020,0.000
419.160,0.000,0.122,0.020,0.000
419.180,0.000,0.124,0.020,0.000
419.200,0.000,0.122,0.020,0.000
419.220,0.000,0.125,0.020,0.000
419.240,0.000,0.123,0.020,0.000
419.260,0.000,0.125,0.020,0.000
419.280,0.000,0.119,0.020,0.000
419.300,0.000,0.124,0.020,0.000
419.320,0.000,0.118,0.020,0.000
419.340,0.000,0.124,0.020,0.000
419.360,0.000,0.120,0.020,0.000
419.380,0.000,0.124,0.020,0.000
419.400,0.000,0.120,0.020,0.000
419.420,0.000,0.123,0.020,0.000
419.440,0.000,0.123,0.020,0.000
419.460,0.000,0.124,0.020,0.000
419.480,0.000,0.121,0.020,0.000
419.500,0.000,0.121,0.020,0.000
419.520,0.000,0.120,0.020,0.000
419.540,0.000,0.117,0.020,0.000
419.560,0.000,0.123,0.020,0.000
419.580,0.000,0.118,0.020,0.000
419.600,0.000,0.122,0.020,0.000
419.620,0.000,0.115,0.020,0.000
419.640,0.000,0.123,0.020,0.000
419.660,0.000,0.116,0.020,0.000
419.680,0.000,0.124,0.020,0.000
419.700,0.000,0.118,0.020,0.000
419.720,0.000,0.123,0.020,0.000
419.740,0.000,0.116,0.020,0.000
419.760,0.000,0.124,0.020,0.000
419.780,0.000,0.120,0.020,0.000
419.800,0.000,0.123,0.020,0.000
419.820,0.000,0.123,0.020,0.000
419.840,0.000,0.125,0.020,0.000
419.860,0.000,0.128,0.020,0.000
419.880,0.000,0.125,0.020,0.000
419.900,0.000,0.132,0.020,0.000
419.920,0.000,0.121,0.020,0.000
419.940,0.000,0.132,0.020,0.000
419.960,0.000,0.118,0.020,0.000
419.980,0.000,0.131,0.020,0.000
420.000,0.000,0.119,0.020,0.000
420.020,0.000,0.132,0.020,0.000
420.040,0.000,0.120,0.020,0.000
420.060,0.000,0.132,0.020,0.000
420.080,0.000,0.120,0.020,0.000
420.100,0.000,0.132,0.020,0.000
420.120,0.000,0.124,0.020,0.000
420.140,0.000,0.130,0.020,0.000
420.160,0.000,0.122,0.020,0.000
420.180,0.000,0.130,0.020,0.000
420.200,0.000,0.124,0.020,0.000
420.220,0.000,0.128,0.020,0.000
420.240,0.000,0.128,0.020,0.000
420.260,0.000,0.126,0.020,0.000
420.280,0.000,0.128,0.020,0.000
420.300,0.000,0.120,0.020,0.000
420.320,0.000,0.129,0.020,0.000
420.340,0.000,0.123,0.020,0.000
420.360,0.000,0.126,0.020,0.000
420.380,0.000,0.120,0.020,0.000
420.400,0.000,0.125,0.020,0.000
420.420,0.000,0.120,0.020,0.000
420.440,0.000,0.123,0.020,0.000
420.460,0.000,0.120,0.020,0.000
420.480,0.000,0.126,0.020,0.000
420.500,0.000,0.123,0.020,0.000
420.520,0.000,0.125,0.020,0.000
420.540,0.000,0.120,0.020,0.000
420.560,0.000,0.123,0.020,0.000
420.580,0.000,0.122,0.020,0.000
420.600,0.000,0.124,0.020,0.000
420.620,0.000,0.121,0.020,0.000
420.640,0.000,0.120,0.020,0.000
420.660,0.000,0.123,0.020,0.000
420.680,0.000,0.122,0.020,0.000
420.700,0.000,0.122,0.020,0.000
420.720,0.000,0.122,0.020,0.000
420.740,0.000,0.124,0.020,0.000
420.760,0.000,0.121,0.020,0.000
420.780,0.000,0.124,0.020,0.000
420.800,0.000,0.123,0.020,0.000
420.820,0.000,0.124,0.020,0.000
420.840,0.000,0.123,0.020,0.000
420.860,0.000,0.124,0.020,0.000
420.880,0.000,0.124,0.020,0.000
420.900,0.000,0.123,0.020,0.000
420.920,0.000,0.124,0.020,0.000
420.940,0.000,0.124,0.020,0.000
420.960,0.000,0.123,0.020,0.000
420.980,0.000,0.123,0.020,0.000
421.000,0.000,0.123,0.020,0.000
421.020,0.000,0.123,0.020,0.000
421.040,0.000,0.124,0.020,0.000
421.060,0.000,0.123,0.020,0.000
421.080,0.000,0.124,0.020,0.000
