Tempo,Forzante,Pendolo,Ampiezza,Fase
0.000,-6.035,0.070,0.218,167.003
0.020,-9.920,0.074,0.218,166.988
0.040,-13.635,0.091,0.218,166.968
0.060,-17.162,0.099,0.218,166.945
0.080,-20.432,0.113,0.218,166.921
0.100,-23.437,0.124,0.218,166.904
0.120,-26.104,0.132,0.218,166.889
0.140,-28.412,0.141,0.218,166.880
0.160,-30.322,0.149,0.218,166.882
0.180,-31.799,0.156,0.218,166.890
0.200,-32.830,0.166,0.218,166.920
0.220,-33.340,0.168,0.218,166.962
0.240,-33.480,0.174,0.218,167.023
0.260,-33.141,0.173,0.218,167.086
0.280,-32.361,0.174,0.218,167.166
0.300,-31.078,0.171,0.218,167.247
0.320,-29.338,0.170,0.218,167.339
0.340,-27.246,0.164,0.218,167.427
0.360,-24.744,0.162,0.218,167.519
0.380,-21.885,0.148,0.218,167.605
0.400,-18.703,0.144,0.218,167.685
0.420,-15.299,0.133,0.218,167.755
0.440,-11.666,0.128,0.218,167.818
0.460,-7.869,0.113,0.218,167.868
0.480,-3.926,0.105,0.218,167.906
0.500,0.041,0.095,0.218,167.932
0.520,4.025,0.083,0.218,167.946
0.540,7.934,0.071,0.218,167.948
0.560,11.719,0.058,0.218,167.942
0.580,15.381,0.049,0.218,167.926
0.600,18.814,0.032,0.218,167.902
0.620,21.984,0.026,0.218,167.878
0.640,24.885,0.012,0.218,167.853
0.660,27.375,0.007,0.218,167.831
0.680,29.525,-0.006,0.218,167.812
0.700,31.236,-0.004,0.218,167.795
0.720,32.537,-0.021,0.218,167.784
0.740,33.387,-0.018,0.218,167.783
0.760,33.773,-0.029,0.218,167.797
0.780,33.691,-0.025,0.218,167.813
0.800,33.152,-0.030,0.218,167.837
0.820,32.162,-0.030,0.218,167.858
0.840,30.709,-0.029,0.218,167.895
0.860,28.857,-0.027,0.218,167.922
0.880,26.602,-0.016,0.218,167.978
0.900,23.947,-0.012,0.218,167.978
0.920,20.988,-0.003,0.218,167.997
0.940,17.736,0.000,0.218,168.003
0.960,14.215,0.010,0.218,168.005
0.980,10.541,0.016,0.218,167.996
1.000,6.691,0.035,0.218,167.975
1.020,2.766,0.042,0.218,167.941
1.040,-1.201,0.054,0.218,167.895
1.060,-5.150,0.063,0.218,167.838
1.080,-9.059,0.076,0.218,167.772
1.100,-12.803,0.087,0.218,167.691
1.120,-16.354,0.095,0.218,167.612
1.140,-19.723,0.109,0.218,167.519
1.160,-22.775,0.120,0.218,167.429
1.180,-25.523,0.134,0.218,167.338
1.200,-27.896,0.138,0.218,167.254
1.220,-29.918,0.152,0.218,167.169
1.240,-31.494,0.149,0.218,167.103
1.260,-32.602,0.165,0.218,167.032
1.280,-33.270,0.163,0.218,166.947
1.300,-33.475,0.174,0.218,166.947
1.320,-33.246,0.166,0.218,166.925
1.340,-32.543,0.178,0.218,166.907
1.360,-31.371,0.161,0.218,166.907
1.380,-29.742,0.178,0.218,166.907
1.400,-27.703,0.155,0.218,166.918
1.420,-25.301,0.167,0.218,166.926
1.440,-22.535,0.145,0.218,166.939
1.460,-19.418,0.146,0.218,166.944
1.480,-16.049,0.132,0.218,166.946
1.500,-12.457,0.128,0.218,166.942
1.520,-8.689,0.112,0.218,166.934
1.540,-4.793,0.103,0.218,166.916
1.560,-0.803,0.092,0.218,166.888
1.580,3.158,0.079,0.218,166.852
1.600,7.072,0.070,0.218,166.810
1.620,10.887,0.051,0.218,166.760
1.640,14.602,0.049,0.218,166.710
1.660,18.088,0.024,0.218,166.652
1.680,21.311,0.028,0.218,166.606
1.700,24.270,-0.001,0.218,166.551
1.720,26.848,0.012,0.218,166.519
1.740,29.080,-0.014,0.218,166.480
1.760,30.879,-0.012,0.218,166.461
1.780,32.291,-0.029,0.218,166.456
1.800,33.234,-0.021,0.218,166.465
1.820,33.727,-0.034,0.218,166.488
1.840,33.750,-0.028,0.218,166.527
1.860,33.316,-0.038,0.218,166.581
1.880,32.426,-0.034,0.218,166.645
1.900,31.078,-0.030,0.218,166.726
1.920,29.303,-0.032,0.218,166.805
1.940,27.135,-0.019,0.218,166.901
1.960,24.592,-0.025,0.218,166.983
1.980,21.662,-0.004,0.218,167.078
2.000,18.492,-0.016,0.218,167.155
2.020,15.018,0.013,0.218,167.241
2.040,11.385,0.003,0.218,167.308
2.060,7.564,0.034,0.218,167.374
2.080,3.650,0.026,0.218,167.427
2.100,-0.311,0.054,0.218,167.472
2.120,-4.260,0.052,0.218,167.509
2.140,-8.168,0.074,0.218,167.535
2.160,-11.971,0.076,0.218,167.558
2.180,-15.568,0.100,0.218,167.570
2.200,-18.979,0.101,0.218,167.586
2.220,-22.113,0.117,0.218,167.596
2.240,-24.908,0.123,0.218,167.612
2.260,-27.410,0.133,0.218,167.628
2.280,-29.490,0.146,0.218,167.650
2.300,-31.172,0.147,0.218,167.683
2.320,-32.379,0.161,0.218,167.724
2.340,-33.158,0.156,0.218,167.777
2.360,-33.480,0.172,0.218,167.832
2.380,-33.334,0.163,0.218,167.908
2.400,-32.754,0.177,0.218,167.979
2.420,-31.705,0.161,0.218,168.068
2.440,-30.141,0.173,0.218,168.143
2.460,-28.219,0.160,0.218,168.238
2.480,-25.893,0.165,0.218,168.315
2.500,-23.209,0.147,0.218,168.395
2.520,-20.162,0.150,0.218,168.461
2.540,-16.846,0.133,0.218,168.522
2.560,-13.312,0.133,0.218,168.567
2.580,-9.568,0.114,0.218,168.601
2.600,-5.695,0.111,0.218,168.621
2.620,-1.729,0.095,0.218,168.627
2.640,2.250,0.087,0.218,168.619
2.660,6.187,0.073,0.218,168.598
2.680,10.049,0.061,0.218,168.565
2.700,13.775,0.050,0.218,168.522
2.720,17.303,0.041,0.218,168.469
2.740,20.590,0.026,0.218,168.408
2.760,23.631,0.019,0.218,168.346
2.780,26.303,0.008,0.218,168.224
2.800,28.605,-0.002,0.218,168.224
2.820,30.521,-0.008,0.218,168.172
2.840,32.021,-0.015,0.218,168.119
2.860,33.064,-0.022,0.218,168.075
2.880,33.650,-0.024,0.218,168.039
2.900,33.785,-0.030,0.218,168.010
2.920,33.463,-0.029,0.218,167.991
2.940,32.654,-0.034,0.218,167.980
2.960,31.412,-0.027,0.218,167.970
2.980,29.707,-0.029,0.218,167.961
3.000,27.656,-0.016,0.218,167.957
3.020,25.172,-0.019,0.218,167.947
3.040,22.336,-0.008,0.218,167.938
3.060,19.201,-0.004,0.218,167.922
3.080,15.814,0.006,0.218,167.875
3.100,12.193,0.017,0.218,167.875
3.120,8.408,0.028,0.218,167.835
3.140,4.518,0.037,0.218,167.785
3.160,0.545,0.054,0.218,167.726
3.180,-3.410,0.062,0.216,167.657
3.200,-7.336,0.073,0.216,167.578
3.220,-11.162,0.085,0.216,167.493
3.240,-14.818,0.097,0.216,167.400
3.260,-18.252,0.106,0.216,167.308
3.280,-21.451,0.116,0.216,167.206
3.300,-24.334,0.132,0.216,167.115
3.320,-26.883,0.134,0.216,167.027
3.340,-29.086,0.146,0.216,166.947
3.360,-30.850,0.156,0.216,166.821
3.380,-32.174,0.159,0.216,166.821
3.400,-33.047,0.166,0.216,166.778
3.420,-33.410,0.170,0.216,166.754
3.440,-33.434,0.173,0.216,166.746
3.460,-32.918,0.174,0.216,166.743
3.480,-31.963,0.171,0.216,166.757
3.500,-30.545,0.171,0.216,166.774
3.520,-28.676,0.167,0.216,166.809
3.540,-26.443,0.167,0.216,166.848
3.560,-23.830,0.157,0.216,166.898
3.580,-20.842,0.149,0.216,166.936
3.600,-17.607,0.140,0.216,166.975
3.620,-14.104,0.129,0.216,167.009
3.640,-10.412,0.123,0.216,167.037
3.660,-6.551,0.111,0.216,167.061
3.680,-2.607,0.098,0.216,167.076
3.700,1.377,0.089,0.216,167.083
3.720,5.326,0.074,0.216,167.083
3.740,9.199,0.066,0.216,167.078
3.760,12.967,0.054,0.216,167.069
3.780,16.541,0.042,0.216,167.055
3.800,19.893,0.026,0.216,167.044
3.820,22.975,0.020,0.216,167.032
3.840,25.729,0.010,0.216,167.029
3.860,28.125,-0.000,0.216,167.028
3.880,30.129,-0.012,0.216,167.049
3.900,31.717,-0.016,0.216,167.070
3.920,32.877,-0.021,0.216,167.119
3.940,33.574,-0.025,0.216,167.156
3.960,33.803,-0.029,0.216,167.234
3.980,33.574,-0.029,0.216,167.296
4.000,32.889,-0.030,0.216,167.390
4.020,31.729,-0.031,0.216,167.470
4.040,30.135,-0.029,0.216,167.572
4.060,28.166,-0.029,0.216,167.669
4.080,25.764,-0.017,0.216,167.777
4.100,23.010,-0.018,0.216,167.867
4.120,19.951,-0.006,0.216,167.961
4.140,16.605,-0.000,0.216,168.043
4.160,13.025,0.015,0.216,168.116
4.180,9.281,0.016,0.216,168.176
4.200,5.414,0.029,0.216,168.225
4.220,1.465,0.041,0.216,168.262
4.240,-2.496,0.053,0.216,168.287
4.260,-6.416,0.060,0.216,168.297
4.280,-10.295,0.079,0.216,168.302
4.300,-13.975,0.086,0.216,168.290
4.320,-17.484,0.099,0.216,168.279
4.340,-20.754,0.111,0.216,168.257
4.360,-23.701,0.121,0.216,168.242
4.380,-26.332,0.133,0.216,168.214
4.400,-28.588,0.140,0.216,168.202
4.420,-30.469,0.149,0.216,168.179
4.440,-31.898,0.153,0.216,168.174
4.460,-32.877,0.161,0.216,168.168
4.480,-33.369,0.169,0.216,168.171
4.500,-33.434,0.168,0.216,168.193
4.520,-33.053,0.173,0.216,168.202
4.540,-32.209,0.171,0.216,168.239
4.560,-30.879,0.170,0.216,168.256
4.580,-29.109,0.169,0.216,168.301
4.600,-26.941,0.158,0.216,168.321
4.620,-24.422,0.161,0.216,168.354
4.640,-21.527,0.146,0.216,168.368
4.660,-18.322,0.141,0.216,168.384
4.680,-14.900,0.131,0.216,168.381
4.700,-11.221,0.125,0.216,168.374
4.720,-7.430,0.111,0.216,168.352
4.740,-3.475,0.104,0.216,168.319
4.760,0.486,0.082,0.216,168.273
4.780,4.459,0.082,0.216,168.216
4.800,8.355,0.061,0.216,168.146
4.820,12.129,0.056,0.216,168.069
4.840,15.773,0.041,0.216,167.981
4.860,19.178,0.030,0.216,167.893
4.880,22.307,0.019,0.216,167.797
4.900,25.160,0.007,0.216,167.710
4.920,27.621,-0.002,0.216,167.616
4.940,29.719,-0.009,0.216,167.543
4.960,31.395,-0.013,0.216,167.463
4.980,32.660,-0.023,0.216,167.405
5.000,33.445,-0.026,0.216,167.343
5.020,33.779,-0.031,0.216,167.310
5.040,33.668,-0.033,0.216,167.277
5.060,33.088,-0.035,0.216,167.268
5.080,32.016,-0.029,0.216,167.254
5.100,30.521,-0.032,0.216,167.256
5.120,28.635,-0.023,0.216,167.258
5.140,26.338,-0.023,0.216,167.269
5.160,23.643,-0.015,0.216,167.275
5.180,20.637,-0.007,0.216,167.285
5.200,17.373,-0.000,0.216,167.287
5.220,13.822,0.008,0.216,167.288
5.240,10.125,0.020,0.216,167.280
5.260,6.258,0.032,0.216,167.264
5.280,2.332,0.042,0.216,167.239
5.300,-1.641,0.054,0.216,167.206
5.320,-5.584,0.065,0.216,167.166
5.340,-9.457,0.080,0.216,167.118
5.360,-13.207,0.087,0.216,167.067
5.380,-16.740,0.103,0.216,167.012
5.400,-20.068,0.107,0.216,166.958
5.420,-23.104,0.129,0.216,166.899
5.440,-25.805,0.126,0.216,166.859
5.460,-28.160,0.147,0.216,166.809
5.480,-30.135,0.140,0.216,166.789
5.500,-31.658,0.163,0.216,166.756
5.520,-32.754,0.153,0.216,166.767
5.540,-33.322,0.173,0.216,166.760
5.560,-33.486,0.168,0.216,166.798
5.580,-33.211,0.179,0.217,166.822
5.600,-32.479,0.168,0.217,166.886
5.620,-31.248,0.178,0.217,166.935
5.640,-29.572,0.170,0.217,167.013
5.660,-27.510,0.172,0.217,167.086
5.680,-25.043,0.160,0.217,167.165
5.700,-22.242,0.153,0.217,167.236
5.720,-19.107,0.148,0.217,167.304
5.740,-15.715,0.133,0.217,167.365
5.760,-12.100,0.129,0.217,167.418
5.780,-8.297,0.114,0.217,167.465
5.800,-4.389,0.112,0.217,167.500
5.820,-0.434,0.091,0.217,167.527
5.840,3.551,0.087,0.217,167.543
5.860,7.471,0.070,0.217,167.547
5.880,11.285,0.060,0.217,167.548
5.900,14.971,0.050,0.217,167.537
5.920,18.422,0.040,0.217,167.521
5.940,21.633,0.025,0.217,167.504
5.960,24.568,0.017,0.217,167.488
5.980,27.105,0.007,0.217,167.473
6.000,29.297,0.000,0.217,167.464
6.020,31.061,-0.009,0.217,167.459
6.040,32.426,-0.018,0.217,167.465
6.060,33.311,-0.015,0.217,167.480
6.080,33.762,-0.028,0.217,167.495
6.100,33.727,-0.023,0.217,167.531
6.120,33.252,-0.030,0.217,167.570
6.140,32.291,-0.025,0.217,167.618
6.160,30.896,-0.025,0.217,167.662
6.180,29.104,-0.025,0.217,167.708
6.200,26.895,-0.018,0.217,167.756
6.220,24.281,-0.018,0.217,167.801
6.240,21.346,-0.006,0.217,167.846
6.260,18.129,-0.003,0.217,167.875
6.280,14.648,0.012,0.217,167.901
6.300,10.963,0.018,0.217,167.909
6.320,7.154,0.035,0.217,167.908
6.340,3.223,0.039,0.217,167.893
6.360,-0.727,0.054,0.217,167.866
6.380,-4.682,0.058,0.217,167.826
6.400,-8.590,0.076,0.217,167.772
6.420,-12.352,0.082,0.217,167.710
6.440,-15.961,0.099,0.217,167.637
6.460,-19.336,0.105,0.217,167.565
6.480,-22.436,0.121,0.217,167.482
6.500,-25.201,0.128,0.217,167.403
6.520,-27.633,0.140,0.217,167.322
6.540,-29.689,0.146,0.217,167.250
6.560,-31.336,0.154,0.217,167.179
6.580,-32.490,0.158,0.217,167.119
6.600,-33.205,0.169,0.217,167.069
6.620,-33.463,0.166,0.217,167.039
6.640,-33.287,0.173,0.217,167.014
6.660,-32.631,0.174,0.217,166.996
6.680,-31.529,0.170,0.217,166.997
6.700,-29.947,0.171,0.217,166.994
6.720,-27.961,0.161,0.217,167.003
6.740,-25.617,0.158,0.217,166.999
6.760,-22.875,0.148,0.217,167.006
6.780,-19.793,0.143,0.217,167.004
6.800,-16.459,0.132,0.217,167.000
6.820,-12.902,0.128,0.217,166.987
6.840,-9.146,0.112,0.217,166.971
6.860,-5.256,0.108,0.214,166.940
6.880,-1.283,0.088,0.214,166.903
6.900,2.684,0.087,0.214,166.857
6.920,6.627,0.064,0.214,166.800
6.940,10.441,0.061,0.214,166.741
6.960,14.174,0.040,0.214,166.674
6.980,17.678,0.035,0.214,166.609
7.000,20.936,0.019,0.214,166.540
7.020,23.947,0.015,0.214,166.477
7.040,26.566,0.002,0.214,166.417
7.060,28.834,-0.003,0.214,166.374
7.080,30.691,-0.017,0.214,166.333
7.100,32.156,-0.016,0.214,166.320
7.120,33.146,-0.028,0.214,166.307
7.140,33.686,-0.024,0.214,166.321
7.160,33.779,-0.033,0.214,166.340
7.180,33.410,-0.033,0.214,166.376
7.200,32.549,-0.032,0.214,166.435
7.220,31.260,-0.033,0.214,166.491
7.240,29.543,-0.029,0.214,166.564
7.260,27.422,-0.025,0.214,166.639
7.280,24.885,-0.021,0.214,166.723
7.300,22.031,-0.011,0.214,166.802
7.320,18.885,-0.007,0.214,166.881
7.340,15.445,0.004,0.214,166.950
7.360,11.812,0.008,0.214,167.019
7.380,8.021,0.026,0.214,167.077
7.400,4.113,0.033,0.214,167.127
7.420,0.152,0.047,0.214,167.168
7.440,-3.814,0.056,0.214,167.201
7.460,-7.717,0.072,0.214,167.226
7.480,-11.543,0.082,0.214,167.247
7.500,-15.158,0.095,0.214,167.263
7.520,-18.598,0.099,0.214,167.279
7.540,-21.768,0.120,0.214,167.285
7.560,-24.615,0.124,0.214,167.307
7.580,-27.146,0.138,0.214,167.325
7.600,-29.273,0.139,0.214,167.359
7.620,-31.020,0.151,0.214,167.391
7.640,-32.303,0.157,0.214,167.442
7.660,-33.117,0.161,0.214,167.496
7.680,-33.445,0.168,0.214,167.566
7.700,-33.393,0.172,0.214,167.642
7.720,-32.877,0.172,0.214,167.735
7.740,-31.852,0.174,0.214,167.829
7.760,-30.375,0.167,0.214,167.930
7.780,-28.465,0.169,0.214,168.027
7.800,-26.191,0.160,0.214,168.130
7.820,-23.555,0.156,0.214,168.221
7.840,-20.543,0.148,0.214,168.305
7.860,-17.250,0.140,0.214,168.379
7.880,-13.746,0.133,0.214,168.443
7.900,-10.008,0.118,0.214,168.496
7.920,-6.170,0.112,0.214,168.533
7.940,-2.203,0.099,0.214,168.557
7.960,1.764,0.091,0.214,168.568
7.980,5.736,0.079,0.214,168.564
8.000,9.580,0.063,0.214,168.550
8.020,13.354,0.051,0.214,168.522
8.040,16.904,0.040,0.214,168.493
8.060,20.215,0.025,0.214,168.444
8.080,23.285,0.020,0.214,168.411
8.100,26.016,0.007,0.214,168.352
8.120,28.354,0.004,0.214,168.317
8.140,30.311,-0.009,0.214,168.267
8.160,31.852,-0.015,0.214,168.243
8.180,32.953,-0.018,0.214,168.207
8.200,33.615,-0.023,0.214,168.191
8.220,33.791,-0.026,0.214,168.174
8.240,33.521,-0.027,0.214,168.173
8.260,32.766,-0.029,0.214,168.167
8.280,31.582,-0.026,0.214,168.167
8.300,29.959,-0.025,0.214,168.171
8.320,27.937,-0.019,0.214,168.170
8.340,25.482,-0.016,0.214,168.171
8.360,22.699,-0.011,0.214,168.165
8.380,19.600,-0.003,0.214,168.163
8.400,16.230,0.006,0.214,168.145
8.420,12.627,0.016,0.214,168.123
8.440,8.871,0.025,0.214,168.087
8.460,4.980,0.038,0.214,168.041
8.480,1.037,0.049,0.214,167.984
8.500,-2.924,0.058,0.214,167.916
8.520,-6.861,0.073,0.214,167.838
8.540,-10.693,0.083,0.214,167.751
8.560,-14.391,0.099,0.214,167.657
8.580,-17.854,0.106,0.214,167.561
8.600,-21.088,0.117,0.214,167.460
8.620,-24.006,0.128,0.214,167.364
8.640,-26.590,0.137,0.214,167.262
8.660,-28.822,0.146,0.214,167.178
8.680,-30.674,0.153,0.214,167.094
8.700,-32.016,0.161,0.214,167.029
8.720,-32.971,0.168,0.214,166.971
8.740,-33.404,0.170,0.214,166.931
8.760,-33.451,0.174,0.214,166.907
8.780,-32.988,0.172,0.214,166.894
8.800,-32.104,0.174,0.214,166.898
8.820,-30.721,0.173,0.214,166.907
8.840,-28.916,0.170,0.214,166.931
8.860,-26.730,0.168,0.214,166.954
8.880,-24.158,0.161,0.214,166.987
8.900,-21.229,0.148,0.214,167.012
8.920,-18.000,0.145,0.214,167.036
8.940,-14.537,0.132,0.214,167.058
8.960,-10.846,0.128,0.214,167.076
8.980,-7.020,0.109,0.214,167.087
9.000,-3.070,0.103,0.214,167.089
9.020,0.896,0.087,0.214,167.084
9.040,4.869,0.078,0.214,167.071
9.060,8.754,0.065,0.214,167.054
9.080,12.527,0.054,0.214,167.031
9.100,16.137,0.044,0.214,167.007
9.120,19.518,0.031,0.214,166.980
9.140,22.635,0.019,0.214,166.958
9.160,25.447,0.010,0.214,166.941
9.180,27.861,0.000,0.214,166.937
9.200,29.912,-0.009,0.214,166.935
9.220,31.553,-0.016,0.214,166.954
9.240,32.754,-0.023,0.214,166.986
9.260,33.510,-0.025,0.214,167.030
9.280,33.797,-0.033,0.214,167.088
9.300,33.621,-0.034,0.214,167.158
9.320,32.965,-0.034,0.214,167.242
9.340,31.887,-0.032,0.214,167.327
9.360,30.369,-0.035,0.214,167.421
9.380,28.418,-0.026,0.214,167.523
9.400,26.074,-0.020,0.214,167.627
9.420,23.344,-0.020,0.214,167.719
9.440,20.309,-0.009,0.214,167.821
9.460,17.016,-0.004,0.214,167.905
9.480,13.465,0.007,0.214,167.991
9.500,9.738,0.020,0.214,168.058
9.520,5.877,0.030,0.214,168.116
9.540,1.945,0.040,0.214,168.161
9.560,-2.033,0.052,0.214,168.195
9.580,-5.965,0.062,0.214,168.220
9.600,-9.838,0.076,0.214,168.231
9.620,-13.547,0.085,0.214,168.236
9.640,-17.080,0.102,0.214,168.230
9.660,-20.385,0.112,0.214,168.229
9.680,-23.373,0.121,0.214,168.216
9.700,-26.033,0.133,0.214,168.210
9.720,-28.330,0.139,0.214,168.199
9.740,-30.275,0.150,0.214,168.196
9.760,-31.758,0.154,0.214,168.201
9.780,-32.771,0.163,0.214,168.207
9.800,-33.316,0.165,0.214,168.229
9.820,-33.445,0.171,0.214,168.251
9.840,-33.129,0.170,0.214,168.286
9.860,-32.344,0.174,0.214,168.323
9.880,-31.072,0.172,0.214,168.364
9.900,-29.355,0.174,0.214,168.410
9.920,-27.217,0.153,0.214,168.458
9.940,-24.756,0.158,0.214,168.488
9.960,-21.902,0.145,0.214,168.516
9.980,-18.732,0.147,0.214,168.535
10.000,-15.328,0.131,0.214,168.549
10.020,-11.689,0.126,0.214,168.548
10.040,-7.875,0.112,0.214,168.536
10.060,-3.961,0.102,0.214,168.510
10.080,-0.006,0.083,0.214,168.472
10.100,3.973,0.082,0.214,168.422
10.120,7.875,0.066,0.214,168.360
10.140,11.689,0.058,0.214,168.286
10.160,15.352,0.039,0.214,168.205
10.180,18.779,0.036,0.214,168.117
10.200,21.943,0.024,0.214,168.022
10.220,24.850,0.010,0.214,167.927
10.240,27.340,0.004,0.214,167.836
10.260,29.479,-0.008,0.214,167.748
10.280,31.219,-0.012,0.214,167.673
10.300,32.537,-0.022,0.214,167.600
10.320,33.381,-0.022,0.214,167.548
10.340,33.785,-0.028,0.214,167.491
10.360,33.691,-0.026,0.214,167.456
10.380,33.158,-0.034,0.214,167.418
10.400,32.168,-0.028,0.214,167.403
10.420,30.738,-0.031,0.214,167.386
10.440,28.881,-0.025,0.214,167.381
10.460,26.631,-0.021,0.214,167.379
10.480,23.977,-0.014,0.214,167.372
10.500,21.018,-0.009,0.214,167.368
10.520,17.783,-0.004,0.214,167.360
10.540,14.244,0.008,0.214,167.350
10.560,10.570,0.015,0.214,167.331
10.580,6.727,0.033,0.214,167.303
10.600,2.812,0.041,0.214,167.264
10.620,-1.160,0.052,0.209,167.218
10.640,-5.109,0.062,0.209,167.164
10.660,-9.012,0.079,0.209,167.102
10.680,-12.773,0.089,0.209,167.038
10.700,-16.336,0.101,0.209,166.966
10.720,-19.693,0.108,0.209,166.897
10.740,-22.770,0.125,0.209,166.826
10.760,-25.506,0.131,0.209,166.763
10.780,-27.896,0.145,0.209,166.703
10.800,-29.895,0.149,0.209,166.659
10.820,-31.494,0.160,0.209,166.621
10.840,-32.648,0.163,0.209,166.605
10.860,-33.287,0.169,0.209,166.597
10.880,-33.492,0.177,0.212,166.608
10.900,-33.258,0.172,0.212,166.636
10.920,-32.578,0.177,0.212,166.671
10.940,-31.424,0.171,0.212,166.725
10.960,-29.801,0.175,0.212,166.781
10.980,-27.768,0.171,0.212,166.851
11.000,-25.348,0.166,0.212,166.922
11.020,-22.600,0.156,0.212,166.997
11.040,-19.488,0.153,0.212,167.062
11.060,-16.107,0.137,0.212,167.126
11.080,-12.527,0.134,0.212,167.181
11.100,-8.730,0.117,0.212,167.230
11.120,-4.857,0.112,0.212,167.268
11.140,-0.891,0.094,0.212,167.296
11.160,3.094,0.089,0.212,167.316
11.180,7.020,0.069,0.212,167.326
11.200,10.840,0.061,0.212,167.331
11.220,14.561,0.049,0.212,167.329
11.240,18.041,0.037,0.212,167.322
11.260,21.264,0.023,0.212,167.314
11.280,24.240,0.018,0.212,167.312
11.300,26.824,0.008,0.212,167.309
11.320,29.045,-0.005,0.212,167.309
11.340,30.873,-0.008,0.212,167.325
11.360,32.273,-0.022,0.212,167.339
11.380,33.234,-0.019,0.212,167.376
11.400,33.738,-0.028,0.212,167.412
11.420,33.756,-0.023,0.212,167.467
11.440,33.334,-0.032,0.212,167.521
11.460,32.432,-0.026,0.212,167.593
11.480,31.090,-0.029,0.212,167.652
11.500,29.326,-0.025,0.212,167.725
11.520,27.182,-0.020,0.212,167.792
11.540,24.604,-0.014,0.212,167.862
11.560,21.703,-0.012,0.212,167.919
11.580,18.521,-0.000,0.212,167.976
11.600,15.076,0.004,0.212,168.018
11.620,11.408,0.019,0.212,168.052
11.640,7.617,0.025,0.212,168.072
11.660,3.691,0.036,0.212,168.080
11.680,-0.264,0.049,0.212,168.073
11.700,-4.219,0.060,0.212,168.054
11.720,-8.121,0.073,0.212,168.022
11.740,-11.918,0.083,0.212,167.980
11.760,-15.539,0.097,0.212,167.928
11.780,-18.926,0.105,0.212,167.871
11.800,-22.066,0.112,0.212,167.808
11.820,-24.891,0.128,0.212,167.739
11.840,-27.357,0.135,0.212,167.674
11.860,-29.443,0.144,0.212,167.614
11.880,-31.137,0.152,0.212,167.560
11.900,-32.361,0.161,0.212,167.513
11.920,-33.146,0.163,0.212,167.476
11.940,-33.445,0.166,0.212,167.452
11.960,-33.328,0.171,0.212,167.427
11.980,-32.730,0.170,0.212,167.412
12.000,-31.676,0.169,0.212,167.410
12.020,-30.152,0.170,0.212,167.408
12.040,-28.213,0.163,0.212,167.416
12.060,-25.898,0.160,0.212,167.418
12.080,-23.203,0.155,0.212,167.417
12.100,-20.186,0.143,0.212,167.413
12.120,-16.857,0.141,0.212,167.401
12.140,-13.342,0.128,0.212,167.384
12.160,-9.580,0.117,0.212,167.357
12.180,-5.719,0.104,0.212,167.317
12.200,-1.775,0.096,0.212,167.268
12.220,2.209,0.082,0.212,167.208
12.240,6.158,0.073,0.212,167.139
12.260,9.996,0.061,0.212,167.061
12.280,13.746,0.048,0.212,166.977
12.300,17.256,0.037,0.212,166.887
12.320,20.555,0.025,0.212,166.798
12.340,23.596,0.014,0.212,166.709
12.360,26.273,0.004,0.212,166.627
12.380,28.582,-0.008,0.212,166.550
12.400,30.498,-0.013,0.212,166.490
12.420,31.998,-0.015,0.212,166.435
12.440,33.059,-0.027,0.212,166.392
12.460,33.656,-0.026,0.212,166.372
12.480,33.785,-0.033,0.212,166.368
12.500,33.469,-0.028,0.212,166.358
12.520,32.666,-0.038,0.214,166.367
12.540,31.441,-0.031,0.214,166.392
12.560,29.760,-0.030,0.214,166.432
12.580,27.703,-0.024,0.214,166.471
12.600,25.207,-0.019,0.214,166.517
12.620,22.377,-0.011,0.214,166.561
12.640,19.248,-0.009,0.214,166.603
12.660,15.855,-0.000,0.214,166.641
12.680,12.234,0.012,0.214,166.681
12.700,8.455,0.025,0.214,166.709
12.720,4.564,0.036,0.214,166.730
12.740,0.615,0.044,0.214,166.742
12.760,-3.369,0.058,0.214,166.746
12.780,-7.271,0.068,0.214,166.744
12.800,-11.098,0.083,0.214,166.736
12.820,-14.748,0.093,0.214,166.724
12.840,-18.229,0.106,0.214,166.712
12.860,-21.439,0.112,0.214,166.699
12.880,-24.311,0.128,0.214,166.690
12.900,-26.871,0.137,0.214,166.694
12.920,-29.039,0.145,0.214,166.694
12.940,-30.873,0.150,0.214,166.705
12.960,-32.168,0.161,0.214,166.734
12.980,-33.053,0.161,0.214,166.775
13.000,-33.434,0.170,0.214,166.828
13.020,-33.416,0.169,0.214,166.896
13.040,-32.953,0.176,0.214,166.970
13.060,-31.998,0.174,0.214,167.061
13.080,-30.586,0.171,0.214,167.158
13.100,-28.723,0.168,0.214,167.261
13.120,-26.490,0.159,0.214,167.361
13.140,-23.889,0.159,0.214,167.457
13.160,-20.900,0.145,0.214,167.547
13.180,-17.654,0.141,0.214,167.628
13.200,-14.174,0.132,0.214,167.702
13.220,-10.453,0.125,0.214,167.766
13.240,-6.615,0.112,0.214,167.817
13.260,-2.678,0.100,0.214,167.855
13.280,1.312,0.088,0.214,167.881
13.300,5.256,0.080,0.214,167.894
13.320,9.141,0.065,0.214,167.896
13.340,12.914,0.058,0.214,167.888
13.360,16.500,0.044,0.214,167.873
13.380,19.852,0.033,0.214,167.849
13.400,22.928,0.020,0.214,167.825
13.420,25.711,0.014,0.214,167.801
13.440,28.096,0.006,0.214,167.775
13.460,30.100,-0.007,0.214,167.757
13.480,31.699,-0.009,0.214,167.742
13.500,32.871,-0.020,0.214,167.733
13.520,33.557,-0.021,0.214,167.731
13.540,33.803,-0.028,0.214,167.741
13.560,33.574,-0.025,0.214,167.764
13.580,32.895,-0.029,0.214,167.785
13.600,31.752,-0.024,0.214,167.810
13.620,30.170,-0.029,0.214,167.838
13.640,28.189,-0.017,0.214,167.868
13.660,25.799,-0.019,0.214,167.893
13.680,23.045,-0.006,0.214,167.913
13.700,19.998,-0.002,0.214,167.926
13.720,16.658,0.005,0.214,167.928
13.740,13.066,0.015,0.214,167.926
13.760,9.340,0.022,0.214,167.907
13.780,5.449,0.037,0.214,167.879
13.800,1.506,0.045,0.214,167.839
13.820,-2.455,0.056,0.214,167.786
13.840,-6.387,0.067,0.214,167.723
13.860,-10.260,0.083,0.214,167.648
13.880,-13.951,0.090,0.214,167.565
13.900,-17.443,0.107,0.214,167.478
13.920,-20.719,0.110,0.214,167.387
13.940,-23.689,0.127,0.214,167.296
13.960,-26.309,0.132,0.214,167.204
13.980,-28.582,0.148,0.214,167.118
14.000,-30.463,0.148,0.214,167.039
14.020,-31.887,0.163,0.214,166.969
14.040,-32.871,0.166,0.214,166.915
14.060,-33.363,0.172,0.214,166.876
14.080,-33.469,0.171,0.214,166.850
14.100,-33.059,0.174,0.214,166.830
14.120,-32.244,0.170,0.214,166.822
14.140,-30.914,0.173,0.214,166.824
14.160,-29.139,0.168,0.214,166.835
14.180,-26.994,0.166,0.214,166.853
14.200,-24.445,0.158,0.214,166.870
14.220,-21.574,0.144,0.214,166.889
14.240,-18.393,0.145,0.214,166.899
14.260,-14.953,0.132,0.214,166.910
14.280,-11.268,0.126,0.214,166.913
14.300,-7.459,0.107,0.214,166.910
14.320,-3.533,0.103,0.214,166.896
14.340,0.428,0.085,0.214,166.876
14.360,4.406,0.080,0.214,166.849
14.380,8.297,0.059,0.214,166.812
14.400,12.100,0.054,0.214,166.776
14.420,15.727,0.037,0.214,166.733
14.440,19.119,0.030,0.214,166.694
14.460,22.277,0.016,0.214,166.654
14.480,25.131,0.010,0.214,166.626
14.500,27.592,-0.003,0.214,166.599
14.520,29.689,-0.012,0.214,166.586
14.540,31.371,-0.017,0.214,166.591
14.560,32.648,-0.023,0.214,166.604
14.580,33.439,-0.022,0.214,166.633
14.600,33.791,-0.034,0.214,166.673
14.620,33.662,-0.031,0.214,166.736
14.640,33.088,-0.036,0.214,166.807
14.660,32.051,-0.033,0.214,166.896
14.680,30.562,-0.029,0.214,166.986
14.700,28.670,-0.028,0.214,167.088
14.720,26.379,-0.019,0.214,167.189
14.740,23.684,-0.017,0.214,167.286
14.760,20.689,-0.009,0.214,167.384
14.780,17.426,0.000,0.214,167.479
14.800,13.887,0.004,0.214,167.564
14.820,10.189,0.019,0.214,167.645
14.840,6.334,0.027,0.214,167.714
14.860,2.396,0.039,0.214,167.774
14.880,-1.559,0.052,0.214,167.823
14.900,-5.514,0.063,0.214,167.863
14.920,-9.398,0.075,0.214,167.895
14.940,-13.125,0.087,0.214,167.920
14.960,-16.670,0.100,0.214,167.943
14.980,-19.998,0.110,0.214,167.963
15.000,-23.033,0.119,0.214,167.977
15.020,-25.740,0.131,0.214,167.997
15.040,-28.084,0.138,0.214,168.018
15.060,-30.094,0.148,0.214,168.047
15.080,-31.605,0.153,0.214,168.077
15.100,-32.672,0.160,0.214,168.126
15.120,-33.299,0.166,0.214,168.178
15.140,-33.457,0.168,0.214,168.243
15.160,-33.211,0.170,0.214,168.310
15.180,-32.455,0.172,0.214,168.383
15.200,-31.248,0.166,0.214,168.460
15.220,-29.596,0.172,0.214,168.539
15.240,-27.527,0.160,0.214,168.627
15.260,-25.072,0.161,0.214,168.699
15.280,-22.266,0.145,0.214,168.769
15.300,-19.137,0.145,0.214,168.821
15.320,-15.762,0.130,0.214,168.872
15.340,-12.141,0.128,0.214,168.906
15.360,-8.350,0.114,0.214,168.930
15.380,-4.436,0.107,0.214,168.940
15.400,-0.492,0.090,0.214,168.936
15.420,3.498,0.087,0.214,168.919
15.440,7.418,0.069,0.214,168.886
15.460,11.244,0.062,0.214,168.845
15.480,14.936,0.045,0.214,168.792
15.500,18.381,0.038,0.214,168.734
15.520,21.586,0.026,0.214,168.665
15.540,24.510,0.012,0.214,168.600
15.560,27.064,0.007,0.214,168.532
15.580,29.256,-0.008,0.214,168.466
15.600,31.037,-0.009,0.214,168.409
15.620,32.402,-0.021,0.214,168.358
15.640,33.299,-0.021,0.214,168.319
15.660,33.750,-0.029,0.214,168.280
15.680,33.727,-0.028,0.214,168.255
15.700,33.264,-0.030,0.214,168.227
15.720,32.309,-0.031,0.214,168.216
15.740,30.926,-0.030,0.214,168.202
15.760,29.109,-0.027,0.214,168.197
15.780,26.930,-0.023,0.214,168.192
15.800,24.311,-0.010,0.214,168.191
15.820,21.381,-0.008,0.214,168.177
15.840,18.170,-0.001,0.214,168.161
15.860,14.684,0.008,0.214,168.139
15.880,11.021,0.019,0.214,168.111
15.900,7.195,0.031,0.214,168.071
15.920,3.275,0.041,0.214,168.021
15.940,-0.697,0.054,0.214,167.962
15.960,-4.658,0.066,0.214,167.894
15.980,-8.555,0.074,0.214,167.818
16.000,-12.334,0.089,0.214,167.732
16.020,-15.908,0.099,0.214,167.643
16.040,-19.318,0.109,0.214,167.553
16.060,-22.418,0.125,0.214,167.458
16.080,-25.207,0.132,0.214,167.376
16.100,-27.621,0.141,0.214,167.293
16.120,-29.678,0.151,0.214,167.223
16.140,-31.330,0.161,0.214,167.160
16.160,-32.496,0.165,0.214,167.119
16.180,-33.223,0.169,0.214,167.083
16.200,-33.475,0.174,0.214,167.071
16.220,-33.293,0.172,0.214,167.065
16.240,-32.695,0.175,0.214,167.075
16.260,-31.576,0.174,0.214,167.091
16.280,-30.006,0.172,0.214,167.120
16.300,-28.002,0.169,0.214,167.159
16.320,-25.646,0.166,0.214,167.201
16.340,-22.928,0.155,0.214,167.250
16.360,-19.852,0.152,0.214,167.289
16.380,-16.518,0.138,0.214,167.331
16.400,-12.967,0.132,0.214,167.365
16.420,-9.193,0.120,0.214,167.394
16.440,-5.309,0.111,0.214,167.413
16.460,-1.354,0.095,0.214,167.424
16.480,2.625,0.085,0.214,167.428
16.500,6.562,0.073,0.214,167.422
16.520,10.400,0.058,0.214,167.412
16.540,14.139,0.054,0.214,167.398
16.560,17.643,0.038,0.214,167.380
16.580,20.895,0.026,0.214,167.359
16.600,23.889,0.017,0.214,167.349
16.620,26.543,0.007,0.214,167.340
16.640,28.805,-0.004,0.214,167.342
16.660,30.680,-0.011,0.214,167.352
16.680,32.133,-0.017,0.214,167.373
16.700,33.129,-0.021,0.214,167.399
16.720,33.686,-0.028,0.214,167.443
16.740,33.779,-0.026,0.214,167.498
16.760,33.404,-0.030,0.214,167.560
16.780,32.561,-0.032,0.214,167.633
16.800,31.283,-0.025,0.214,167.703
16.820,29.555,-0.032,0.214,167.784
16.840,27.457,-0.020,0.214,167.872
16.860,24.926,-0.024,0.214,167.953
16.880,22.072,-0.009,0.214,168.031
16.900,18.920,-0.010,0.214,168.101
16.920,15.492,0.003,0.214,168.165
16.940,11.859,0.010,0.214,168.219
16.960,8.068,0.027,0.214,168.259
16.980,4.160,0.030,0.214,168.286
17.000,0.205,0.047,0.214,168.301
17.020,-3.756,0.055,0.214,168.304
17.040,-7.676,0.069,0.214,168.296
17.060,-11.467,0.079,0.214,168.275
17.080,-15.111,0.095,0.214,168.248
17.100,-18.545,0.104,0.214,168.217
17.120,-21.715,0.115,0.214,168.179
17.140,-24.586,0.124,0.214,168.138
17.160,-27.070,0.131,0.214,168.091
17.180,-29.221,0.145,0.214,168.053
17.200,-30.979,0.149,0.214,168.020
17.220,-32.256,0.162,0.214,167.995
17.240,-33.094,0.161,0.214,167.983
17.260,-33.416,0.171,0.214,167.967
17.280,-33.369,0.169,0.214,167.970
17.300,-32.818,0.173,0.214,167.968
17.320,-31.846,0.166,0.214,167.981
17.340,-30.369,0.173,0.214,167.988
17.360,-28.477,0.161,0.214,168.006
17.380,-26.186,0.166,0.214,168.019
17.400,-23.549,0.153,0.214,168.034
17.420,-20.543,0.151,0.214,168.038
17.440,-17.273,0.137,0.214,168.038
17.460,-13.764,0.129,0.214,168.023
17.480,-10.031,0.122,0.214,168.000
17.500,-6.164,0.106,0.214,167.966
17.520,-2.238,0.099,0.212,167.919
17.540,1.746,0.087,0.212,167.861
17.560,5.701,0.073,0.212,167.792
17.580,9.557,0.059,0.212,167.713
17.600,13.318,0.049,0.212,167.627
17.620,16.869,0.037,0.212,167.533
17.640,20.180,0.029,0.212,167.438
17.660,23.250,0.013,0.212,167.336
17.680,25.969,0.008,0.212,167.243
17.700,28.330,-0.008,0.212,167.152
17.720,30.299,-0.009,0.212,167.075
17.740,31.840,-0.017,0.212,166.997
17.760,32.953,-0.024,0.212,166.936
17.780,33.609,-0.031,0.212,166.881
17.800,33.809,-0.033,0.212,166.856
17.820,33.521,-0.030,0.212,166.830
17.840,32.771,-0.036,0.212,166.819
17.860,31.605,-0.032,0.212,166.813
17.880,29.977,-0.033,0.212,166.821
17.900,27.961,-0.024,0.212,166.832
17.920,25.523,-0.018,0.212,166.848
17.940,22.729,-0.013,0.212,166.861
17.960,19.623,-0.010,0.212,166.877
17.980,16.277,0.004,0.212,166.889
18.000,12.662,0.008,0.212,166.899
18.020,8.918,0.026,0.212,166.899
18.040,5.021,0.033,0.211,166.891
18.060,1.084,0.049,0.211,166.874
18.080,-2.900,0.057,0.211,166.849
18.100,-6.820,0.070,0.211,166.817
18.120,-10.670,0.079,0.211,166.781
18.140,-14.332,0.092,0.211,166.738
18.160,-17.818,0.103,0.211,166.697
18.180,-21.076,0.114,0.211,166.651
18.200,-23.988,0.126,0.211,166.613
18.220,-26.584,0.138,0.211,166.579
18.240,-28.811,0.144,0.211,166.560
18.260,-30.650,0.149,0.211,166.544
18.280,-32.045,0.161,0.211,166.539
18.300,-32.982,0.165,0.211,166.557
18.320,-33.416,0.170,0.211,166.588
18.340,-33.457,0.173,0.211,166.635
18.360,-33.035,0.174,0.211,166.695
18.380,-32.121,0.175,0.211,166.756
18.400,-30.773,0.174,0.211,166.835
18.420,-28.986,0.174,0.211,166.921
18.440,-26.754,0.162,0.211,167.014
18.460,-24.187,0.167,0.211,167.097
18.480,-21.264,0.149,0.211,167.188
18.500,-18.059,0.147,0.211,167.264
18.520,-14.602,0.135,0.211,167.336
18.540,-10.910,0.130,0.211,167.397
18.560,-7.078,0.116,0.211,167.452
18.580,-3.141,0.106,0.211,167.493
18.600,0.826,0.091,0.211,167.523
18.620,4.799,0.083,0.211,167.542
18.640,8.678,0.066,0.211,167.551
18.660,12.475,0.058,0.211,167.553
18.680,16.084,0.046,0.211,167.546
18.700,19.465,0.033,0.211,167.534
18.720,22.582,0.026,0.211,167.525
18.740,25.400,0.010,0.211,167.510
18.760,27.832,0.006,0.211,167.503
18.780,29.900,-0.008,0.211,167.497
18.800,31.529,-0.005,0.211,167.499
18.820,32.748,-0.021,0.211,167.498
18.840,33.516,-0.021,0.211,167.518
18.860,33.797,-0.029,0.211,167.541
18.880,33.621,-0.028,0.211,167.579
18.900,33.000,-0.029,0.211,167.621
18.920,31.898,-0.027,0.211,167.661
18.940,30.375,-0.026,0.211,167.710
18.960,28.441,-0.023,0.211,167.753
18.980,26.104,-0.020,0.211,167.800
19.000,23.385,-0.014,0.211,167.840
19.020,20.350,-0.004,0.211,167.876
19.040,17.057,-0.000,0.211,167.897
19.060,13.500,0.013,0.211,167.912
19.080,9.773,0.020,0.211,167.912
19.100,5.930,0.039,0.211,167.900
19.120,1.980,0.041,0.211,167.875
19.140,-1.998,0.057,0.211,167.837
19.160,-5.924,0.064,0.211,167.787
19.180,-9.803,0.080,0.211,167.724
19.200,-13.518,0.091,0.211,167.653
19.220,-17.039,0.103,0.211,167.575
19.240,-20.338,0.110,0.211,167.492
19.260,-23.350,0.127,0.211,167.402
19.280,-26.010,0.131,0.211,167.318
19.300,-28.324,0.143,0.211,167.233
19.320,-30.258,0.149,0.211,167.151
19.340,-31.758,0.160,0.211,167.077
19.360,-32.771,0.162,0.211,167.020
19.380,-33.328,0.170,0.211,166.962
19.400,-33.469,0.169,0.211,166.934
19.420,-33.105,0.173,0.211,166.898
19.440,-32.350,0.171,0.211,166.888
19.460,-31.084,0.173,0.211,166.872
19.480,-29.367,0.170,0.211,166.878
19.500,-27.252,0.162,0.211,166.881
19.520,-24.756,0.157,0.211,166.885
19.540,-21.926,0.151,0.211,166.881
19.560,-18.773,0.141,0.211,166.881
19.580,-15.357,0.131,0.211,166.871
19.600,-11.730,0.126,0.211,166.855
19.620,-7.916,0.108,0.211,166.833
19.640,-4.014,0.104,0.211,166.799
19.660,-0.047,0.087,0.211,166.758
19.680,3.926,0.079,0.211,166.708
19.700,7.846,0.062,0.211,166.651
19.720,11.648,0.054,0.211,166.589
19.740,15.305,0.044,0.211,166.519
19.760,18.744,0.031,0.211,166.451
19.780,21.902,0.019,0.211,166.382
19.800,24.814,0.013,0.211,166.325
19.820,27.322,0.000,0.211,166.263
19.840,29.473,-0.007,0.211,166.223
19.860,31.201,-0.017,0.211,166.187
19.880,32.514,-0.021,0.211,166.175
19.900,33.369,-0.026,0.211,166.164
19.920,33.773,-0.030,0.211,166.182
19.940,33.691,-0.031,0.211,166.204
19.960,33.182,-0.033,0.211,166.253
19.980,32.186,-0.032,0.211,166.304
20.000,30.762,-0.031,0.211,166.373
20.020,28.904,-0.029,0.211,166.444
20.040,26.666,-0.018,0.211,166.523
20.060,24.035,-0.018,0.211,166.601
20.080,21.064,-0.009,0.211,166.678
20.100,17.830,-0.004,0.211,166.754
20.120,14.309,0.004,0.211,166.827
20.140,10.623,0.017,0.211,166.892
20.160,6.803,0.025,0.211,166.946
20.180,2.871,0.038,0.211,166.993
20.200,-1.102,0.054,0.211,167.030
20.220,-5.045,0.060,0.211,167.059
20.240,-8.953,0.075,0.211,167.081
20.260,-12.697,0.083,0.211,167.096
20.280,-16.266,0.098,0.211,167.109
20.300,-19.635,0.103,0.211,167.118
20.320,-22.717,0.117,0.211,167.123
20.340,-25.471,0.128,0.211,167.134
20.360,-27.850,0.141,0.211,167.155
20.380,-29.871,0.148,0.211,167.187
20.400,-31.477,0.153,0.211,167.220
20.420,-32.613,0.157,0.211,167.269
20.440,-33.281,0.170,0.211,167.320
20.460,-33.480,0.169,0.211,167.398
20.480,-33.275,0.173,0.211,167.473
20.500,-32.584,0.174,0.211,167.557
20.520,-31.441,0.172,0.211,167.648
20.540,-29.848,0.173,0.211,167.749
20.560,-27.791,0.164,0.211,167.846
20.580,-25.389,0.167,0.211,167.941
20.600,-22.623,0.146,0.211,168.031
20.620,-19.523,0.147,0.211,168.104
20.640,-16.184,0.137,0.211,168.170
20.660,-12.598,0.132,0.211,168.228
20.680,-8.789,0.116,0.211,168.274
20.700,-4.904,0.110,0.211,168.306
20.720,-0.949,0.094,0.211,168.324
20.740,3.023,0.087,0.211,168.328
20.760,6.961,0.070,0.211,168.319
20.780,10.781,0.062,0.211,168.299
20.800,14.502,0.049,0.211,168.270
20.820,17.982,0.040,0.211,168.231
20.840,21.211,0.027,0.211,168.182
20.860,24.182,0.012,0.211,168.137
20.880,26.789,0.007,0.211,168.094
20.900,29.027,-0.006,0.211,168.049
20.920,30.844,-0.005,0.211,168.015
20.940,32.262,-0.017,0.211,167.976
20.960,33.223,-0.017,0.211,167.951
20.980,33.727,-0.026,0.211,167.928
21.000,33.756,-0.028,0.211,167.924
21.020,33.334,-0.026,0.211,167.915
21.040,32.437,-0.027,0.211,167.923
21.060,31.125,-0.026,0.211,167.921
21.080,29.338,-0.023,0.211,167.930
21.100,27.211,-0.018,0.211,167.934
21.120,24.633,-0.013,0.211,167.942
21.140,21.744,-0.007,0.211,167.941
21.160,18.580,0.001,0.211,167.935
21.180,15.105,0.011,0.211,167.919
21.200,11.467,0.017,0.211,167.895
21.220,7.652,0.032,0.211,167.860
21.240,3.744,0.040,0.211,167.813
21.260,-0.217,0.056,0.211,167.756
21.280,-4.189,0.062,0.211,167.689
21.300,-8.074,0.076,0.211,167.610
21.320,-11.889,0.086,0.211,167.525
21.340,-15.475,0.098,0.211,167.431
21.360,-18.914,0.112,0.211,167.337
21.380,-22.049,0.124,0.211,167.236
21.400,-24.867,0.132,0.211,167.146
21.420,-27.334,0.138,0.211,167.056
21.440,-29.449,0.149,0.211,166.973
21.460,-31.160,0.158,0.211,166.901
21.480,-32.379,0.166,0.211,166.843
21.500,-33.158,0.167,0.211,166.800
21.520,-33.469,0.171,0.211,166.767
21.540,-33.346,0.171,0.211,166.749
21.560,-32.766,0.177,0.213,166.744
21.580,-31.717,0.172,0.213,166.757
21.600,-30.205,0.172,0.213,166.771
21.620,-28.266,0.169,0.213,166.800
21.640,-25.951,0.167,0.213,166.829
21.660,-23.273,0.157,0.213,166.867
21.680,-20.227,0.153,0.213,166.892
21.700,-16.922,0.138,0.213,166.925
21.720,-13.400,0.134,0.213,166.945
21.740,-9.639,0.119,0.213,166.965
21.760,-5.783,0.108,0.213,166.974
21.780,-1.822,0.096,0.213,166.976
21.800,2.150,0.083,0.213,166.971
21.820,6.100,0.073,0.213,166.960
21.840,9.949,0.058,0.213,166.945
21.860,13.699,0.052,0.213,166.925
21.880,17.227,0.037,0.213,166.902
21.900,20.525,0.027,0.213,166.882
21.920,23.549,0.014,0.213,166.868
21.940,26.250,0.005,0.213,166.859
21.960,28.553,-0.004,0.213,166.864
21.980,30.480,-0.011,0.213,166.874
22.000,31.975,-0.017,0.213,166.899
22.020,33.035,-0.023,0.213,166.935
22.040,33.639,-0.027,0.213,166.990
22.060,33.803,-0.030,0.213,167.058
22.080,33.475,-0.033,0.213,167.134
22.100,32.678,-0.034,0.213,167.223
22.120,31.453,-0.031,0.213,167.324
22.140,29.766,-0.032,0.213,167.426
22.160,27.727,-0.023,0.213,167.534
22.180,25.254,-0.025,0.213,167.641
22.200,22.430,-0.011,0.213,167.746
22.220,19.295,-0.010,0.213,167.846
22.240,15.920,0.002,0.213,167.939
22.260,12.299,0.008,0.213,168.024
22.280,8.525,0.023,0.213,168.096
22.300,4.646,0.034,0.213,168.158
22.320,0.686,0.045,0.213,168.208
22.340,-3.293,0.056,0.213,168.247
22.360,-7.201,0.067,0.213,168.276
22.380,-11.051,0.076,0.213,168.293
22.400,-14.684,0.095,0.213,168.302
22.420,-18.146,0.100,0.213,168.309
22.440,-21.357,0.115,0.213,168.310
22.460,-24.264,0.126,0.213,168.309
22.480,-26.807,0.131,0.213,168.312
22.500,-28.992,0.145,0.213,168.312
22.520,-30.773,0.151,0.213,168.321
22.540,-32.121,0.160,0.213,168.335
22.560,-33.018,0.157,0.213,168.359
22.580,-33.398,0.174,0.213,168.380
22.600,-33.404,0.169,0.213,168.430
22.620,-32.918,0.174,0.213,168.462
22.640,-31.986,0.170,0.213,168.513
22.660,-30.562,0.174,0.213,168.558
22.680,-28.723,0.164,0.213,168.615
22.700,-26.484,0.165,0.213,168.661
22.720,-23.883,0.152,0.213,168.704
22.740,-20.936,0.152,0.213,168.735
22.760,-17.689,0.140,0.213,168.762
22.780,-14.221,0.130,0.213,168.772
22.800,-10.494,0.121,0.213,168.773
22.820,-6.650,0.108,0.213,168.761
22.840,-2.730,0.099,0.211,168.735
22.860,1.260,0.084,0.211,168.696
22.880,5.215,0.075,0.211,168.644
22.900,9.094,0.062,0.211,168.580
22.920,12.885,0.052,0.211,168.507
22.940,16.465,0.037,0.211,168.427
22.960,19.805,0.028,0.211,168.342
22.980,22.893,0.015,0.211,168.252
23.000,25.670,0.011,0.211,168.160
23.020,28.066,-0.004,0.211,168.073
23.040,30.094,-0.007,0.211,167.994
23.060,31.682,-0.018,0.211,167.917
23.080,32.836,-0.021,0.211,167.854
23.100,33.551,-0.028,0.211,167.796
23.120,33.797,-0.032,0.211,167.757
23.140,33.586,-0.028,0.211,167.722
23.160,32.895,-0.036,0.213,167.700
23.180,31.775,-0.026,0.213,167.677
23.200,30.176,-0.032,0.213,167.660
23.220,28.207,-0.021,0.213,167.656
23.240,25.828,-0.021,0.213,167.651
23.260,23.086,-0.010,0.213,167.646
23.280,20.021,-0.009,0.213,167.638
23.300,16.687,0.007,0.213,167.628
23.320,13.102,0.008,0.213,167.610
23.340,9.357,0.025,0.213,167.587
23.360,5.496,0.029,0.213,167.554
23.380,1.547,0.050,0.213,167.514
23.400,-2.420,0.056,0.213,167.466
23.420,-6.363,0.068,0.213,167.409
23.440,-10.225,0.079,0.213,167.348
23.460,-13.922,0.093,0.213,167.280
23.480,-17.420,0.102,0.213,167.215
23.500,-20.695,0.113,0.213,167.141
23.520,-23.666,0.125,0.213,167.073
23.540,-26.297,0.135,0.213,167.008
23.560,-28.553,0.147,0.213,166.957
23.580,-30.469,0.153,0.213,166.919
23.600,-31.904,0.162,0.213,166.888
23.620,-32.906,0.164,0.213,166.876
23.640,-33.375,0.175,0.213,166.896
23.660,-33.475,0.170,0.213,166.896
23.680,-33.105,0.177,0.213,166.920
23.700,-32.268,0.172,0.213,166.964
23.720,-30.967,0.176,0.213,167.013
23.740,-29.197,0.170,0.213,167.077
23.760,-27.047,0.169,0.213,167.142
23.780,-24.521,0.164,0.213,167.216
23.800,-21.627,0.155,0.213,167.286
23.820,-18.457,0.149,0.213,167.353
23.840,-15.012,0.138,0.213,167.412
23.860,-11.350,0.128,0.213,167.466
23.880,-7.512,0.118,0.213,167.510
23.900,-3.604,0.109,0.213,167.546
23.920,0.369,0.091,0.213,167.571
23.940,4.342,0.086,0.213,167.587
23.960,8.244,0.065,0.213,167.594
23.980,12.029,0.059,0.213,167.596
24.000,15.680,0.044,0.213,167.587
24.020,19.072,0.037,0.213,167.580
24.040,22.225,0.019,0.213,167.568
24.060,25.096,0.013,0.213,167.568
24.080,27.562,0.002,0.213,167.563
24.100,29.678,-0.003,0.213,167.566
24.120,31.354,-0.014,0.213,167.569
24.140,32.625,-0.014,0.213,167.593
24.160,33.428,-0.025,0.213,167.612
24.180,33.791,-0.023,0.213,167.653
24.200,33.674,-0.031,0.213,167.695
24.220,33.094,-0.026,0.213,167.757
24.240,32.068,-0.030,0.213,167.811
24.260,30.580,-0.025,0.213,167.879
24.280,28.687,-0.023,0.213,167.936
24.300,26.402,-0.019,0.213,168.001
24.320,23.725,-0.010,0.213,168.056
24.340,20.713,-0.010,0.213,168.103
24.360,17.479,0.003,0.213,168.147
24.380,13.922,0.009,0.213,168.177
24.400,10.225,0.020,0.213,168.198
24.420,6.381,0.027,0.213,168.205
24.440,2.455,0.044,0.213,168.201
24.460,-1.523,0.053,0.213,168.182
24.480,-5.461,0.067,0.213,168.151
24.500,-9.340,0.070,0.213,168.109
24.520,-13.084,0.091,0.213,168.053
24.540,-16.605,0.095,0.213,167.993
24.560,-19.951,0.112,0.213,167.922
24.580,-23.004,0.116,0.213,167.852
24.600,-25.693,0.132,0.213,167.774
24.620,-28.055,0.139,0.213,167.703
24.640,-30.029,0.148,0.213,167.634
24.660,-31.588,0.156,0.213,167.573
24.680,-32.666,0.161,0.213,167.523
24.700,-33.264,0.168,0.213,167.479
24.720,-33.463,0.168,0.213,167.452
24.740,-33.176,0.171,0.213,167.422
24.760,-32.455,0.170,0.213,167.412
24.780,-31.248,0.170,0.213,167.395
24.800,-29.596,0.168,0.213,167.395
24.820,-27.545,0.166,0.213,167.393
24.840,-25.072,0.156,0.213,167.397
24.860,-22.289,0.153,0.213,167.388
24.880,-19.154,0.141,0.213,167.378
24.900,-15.779,0.136,0.213,167.360
24.920,-12.176,0.123,0.213,167.336
24.940,-8.367,0.117,0.213,167.302
24.960,-4.471,0.101,0.213,167.260
24.980,-0.510,0.093,0.213,167.206
25.000,3.451,0.076,0.213,167.142
25.020,7.377,0.071,0.213,167.071
25.040,11.197,0.052,0.213,166.990
25.060,14.877,0.046,0.213,166.905
25.080,18.357,0.029,0.213,166.817
25.100,21.545,0.022,0.213,166.731
25.120,24.498,0.009,0.213,166.648
25.140,27.041,-0.002,0.213,166.564
25.160,29.244,-0.005,0.213,166.507
25.180,31.020,-0.015,0.213,166.401
25.200,32.385,-0.018,0.213,166.401
25.220,33.299,-0.029,0.213,166.363
25.240,33.750,-0.027,0.213,166.358
25.260,33.727,-0.032,0.213,166.349
25.280,33.264,-0.033,0.213,166.366
25.300,32.326,-0.035,0.213,166.385
25.320,30.943,-0.031,0.213,166.428
25.340,29.121,-0.030,0.213,166.472
25.360,26.947,-0.021,0.213,166.523
25.380,24.363,-0.018,0.213,166.574
25.400,21.422,-0.007,0.213,166.626
25.420,18.217,-0.007,0.213,166.674
25.440,14.730,0.005,0.213,166.722
25.460,11.057,0.013,0.213,166.763
25.480,7.254,0.027,0.213,166.797
25.500,3.328,0.037,0.213,166.823
25.520,-0.627,0.049,0.213,166.841
25.540,-4.594,0.058,0.213,166.851
25.560,-8.502,0.074,0.213,166.855
25.580,-12.264,0.083,0.213,166.853
25.600,-15.861,0.101,0.213,166.849
25.620,-19.266,0.108,0.213,166.846
25.640,-22.389,0.118,0.213,166.844
25.660,-25.160,0.131,0.213,166.842
25.680,-27.592,0.137,0.213,166.853
25.700,-29.678,0.149,0.213,166.870
25.720,-31.312,0.151,0.213,166.895
25.740,-32.496,0.163,0.213,166.935
25.760,-33.240,0.164,0.213,166.984
25.780,-33.463,0.169,0.213,167.050
25.800,-33.311,0.172,0.213,167.120
25.820,-32.695,0.173,0.213,167.208
25.840,-31.605,0.175,0.213,167.297
25.860,-30.053,0.172,0.213,167.404
25.880,-28.061,0.163,0.213,167.502
25.900,-25.693,0.163,0.213,167.604
25.920,-22.980,0.157,0.213,167.699
25.940,-19.910,0.146,0.213,167.795
25.960,-16.576,0.141,0.213,167.871
25.980,-13.025,0.128,0.213,167.944
26.000,-9.270,0.120,0.213,168.003
26.020,-5.367,0.109,0.213,168.051
26.040,-1.412,0.099,0.213,168.084
26.060,2.555,0.087,0.213,168.105
26.080,6.498,0.076,0.213,168.112
26.100,10.336,0.062,0.213,168.108
26.120,14.068,0.054,0.213,168.095
26.140,17.572,0.039,0.213,168.075
26.160,20.848,0.032,0.213,168.050
26.180,23.859,0.016,0.213,168.021
26.200,26.502,0.009,0.213,167.992
26.220,28.770,-0.000,0.213,167.971
26.240,30.650,-0.005,0.213,167.944
26.260,32.115,-0.013,0.213,167.925
26.280,33.123,-0.017,0.213,167.909
26.300,33.686,-0.023,0.213,167.905
26.320,33.773,-0.025,0.213,167.907
26.340,33.422,-0.028,0.213,167.918
26.360,32.578,-0.030,0.213,167.936
26.380,31.301,-0.026,0.213,167.958
26.400,29.561,-0.025,0.213,167.981
26.420,27.492,-0.017,0.213,168.002
26.440,24.955,-0.014,0.213,168.014
26.460,22.113,-0.007,0.213,168.025
26.480,18.961,0.000,0.213,168.030
26.500,15.516,0.011,0.213,168.021
26.520,11.895,0.016,0.213,168.005
26.540,8.115,0.029,0.213,167.976
26.560,4.213,0.037,0.213,167.936
26.580,0.252,0.053,0.213,167.884
26.600,-3.715,0.058,0.213,167.819
26.620,-7.623,0.074,0.213,167.745
26.640,-11.443,0.085,0.213,167.661
26.660,-15.059,0.095,0.213,167.570
26.680,-18.516,0.107,0.213,167.471
26.700,-21.691,0.118,0.213,167.372
26.720,-24.551,0.129,0.213,167.268
26.740,-27.064,0.137,0.213,167.175
26.760,-29.203,0.147,0.213,167.079
26.780,-30.973,0.154,0.213,167.000
26.800,-32.227,0.166,0.213,166.924
26.820,-33.094,0.167,0.213,166.873
26.840,-33.457,0.174,0.213,166.824
26.860,-33.381,0.170,0.213,166.795
26.880,-32.854,0.178,0.214,166.770
26.900,-31.857,0.169,0.214,166.763
26.920,-30.398,0.172,0.214,166.762
26.940,-28.518,0.170,0.214,166.768
26.960,-26.238,0.166,0.214,166.785
26.980,-23.572,0.155,0.214,166.801
27.000,-20.578,0.146,0.214,166.816
27.020,-17.332,0.138,0.214,166.822
27.040,-13.816,0.132,0.214,166.825
27.060,-10.090,0.119,0.214,166.823
27.080,-6.234,0.112,0.214,166.816
27.100,-2.285,0.095,0.214,166.800
27.120,1.693,0.089,0.214,166.776
27.140,5.637,0.069,0.214,166.744
27.160,9.504,0.066,0.214,166.708
27.180,13.271,0.047,0.214,166.666
27.200,16.834,0.041,0.214,166.625
27.220,20.150,0.023,0.214,166.580
27.240,23.203,0.018,0.214,166.547
27.260,25.945,-0.000,0.214,166.514
27.280,28.301,0.001,0.214,166.503
27.300,30.275,-0.018,0.214,166.487
27.320,31.828,-0.013,0.214,166.502
27.340,32.941,-0.027,0.214,166.511
27.360,33.598,-0.026,0.214,166.551
27.380,33.797,-0.035,0.214,166.599
27.400,33.527,-0.030,0.214,166.674
27.420,32.812,-0.038,0.217,166.744
27.440,31.623,-0.029,0.217,166.841
27.460,29.977,-0.033,0.217,166.927
27.480,27.984,-0.021,0.217,167.033
27.500,25.547,-0.021,0.217,167.127
27.520,22.781,-0.010,0.217,167.233
27.540,19.687,-0.009,0.217,167.326
27.560,16.312,-0.003,0.217,167.421
27.580,12.721,0.012,0.217,167.507
27.600,8.982,0.019,0.217,167.584
27.620,5.104,0.035,0.217,167.650
27.640,1.148,0.041,0.217,167.706
27.660,-2.818,0.059,0.217,167.751
27.680,-6.744,0.065,0.217,167.789
27.700,-10.576,0.083,0.217,167.817
27.720,-14.262,0.087,0.217,167.842
27.740,-17.730,0.103,0.217,167.855
27.760,-20.994,0.112,0.217,167.872
27.780,-23.941,0.125,0.217,167.882
27.800,-26.502,0.132,0.217,167.903
27.820,-28.764,0.149,0.217,167.919
27.840,-30.574,0.146,0.217,167.954
27.860,-31.998,0.160,0.217,167.982
27.880,-32.936,0.157,0.217,168.032
27.900,-33.375,0.167,0.217,168.076
27.920,-33.434,0.172,0.217,168.140
27.940,-32.994,0.169,0.217,168.206
27.960,-32.145,0.170,0.217,168.275
27.980,-30.762,0.168,0.217,168.341
28.000,-28.969,0.167,0.217,168.493
28.020,-26.771,0.160,0.217,168.493
28.040,-24.187,0.158,0.217,168.561
28.060,-21.293,0.145,0.217,168.622
28.080,-18.082,0.142,0.217,168.670
28.100,-14.631,0.132,0.217,168.710
28.120,-10.963,0.124,0.217,168.739
28.140,-7.113,0.111,0.217,168.753
28.160,-3.158,0.102,0.217,168.753
28.180,0.797,0.087,0.217,168.739
28.200,4.746,0.079,0.217,168.713
28.220,8.637,0.063,0.217,168.673
28.240,12.434,0.057,0.217,168.625
28.260,16.049,0.042,0.217,168.564
28.280,19.441,0.031,0.217,168.500
28.300,22.535,0.022,0.217,168.428
28.320,25.377,0.009,0.217,168.358
28.340,27.791,0.002,0.217,168.287
28.360,29.865,-0.009,0.217,168.220
28.380,31.506,-0.012,0.217,168.163
28.400,32.736,-0.021,0.217,168.107
28.420,33.492,-0.021,0.217,168.070
28.440,33.791,-0.029,0.217,168.033
28.460,33.633,-0.028,0.217,168.003
28.480,33.018,-0.033,0.217,167.984
28.500,31.928,-0.027,0.217,167.978
28.520,30.387,-0.031,0.217,167.966
28.540,28.471,-0.021,0.217,167.969
28.560,26.133,-0.019,0.217,167.962
28.580,23.426,-0.013,0.217,167.958
28.600,20.391,-0.004,0.217,167.951
28.620,17.115,0.000,0.217,167.938
28.640,13.535,0.012,0.217,167.921
28.660,9.832,0.022,0.217,167.894
28.680,5.977,0.032,0.217,167.857
28.700,2.033,0.046,0.217,167.811
28.720,-1.928,0.058,0.217,167.755
28.740,-5.883,0.070,0.217,167.690
28.760,-9.768,0.082,0.217,167.620
28.780,-13.488,0.092,0.217,167.544
28.800,-16.998,0.106,0.217,167.463
28.820,-20.303,0.115,0.217,167.382
28.840,-23.320,0.128,0.217,167.301
28.860,-25.998,0.138,0.217,167.227
28.880,-28.312,0.146,0.217,167.162
28.900,-30.223,0.154,0.217,167.106
28.920,-31.717,0.160,0.217,167.063
28.940,-32.766,0.167,0.217,167.036
28.960,-33.316,0.174,0.217,167.023
28.980,-33.463,0.173,0.217,167.029
29.000,-33.123,0.179,0.218,167.038
29.020,-32.338,0.173,0.218,167.072
29.040,-31.107,0.177,0.218,167.106
29.060,-29.396,0.172,0.218,167.157
29.080,-27.281,0.165,0.218,167.210
29.100,-24.797,0.166,0.218,167.268
29.120,-21.949,0.153,0.218,167.331
29.140,-18.820,0.152,0.218,167.387
29.160,-15.416,0.134,0.218,167.442
29.180,-11.766,0.130,0.218,167.488
29.200,-7.980,0.113,0.218,167.528
29.220,-4.043,0.109,0.218,167.559
29.240,-0.088,0.091,0.218,167.582
29.260,3.873,0.085,0.218,167.598
29.280,7.787,0.066,0.218,167.605
29.300,11.602,0.060,0.218,167.609
29.320,15.275,0.047,0.218,167.605
29.340,18.680,0.035,0.218,167.600
29.360,21.873,0.026,0.218,167.596
29.380,24.785,0.012,0.218,167.598
29.400,27.287,0.009,0.218,167.606
29.420,29.455,-0.009,0.218,167.616
29.440,31.184,-0.005,0.218,167.639
29.460,32.508,-0.023,0.218,167.669
29.480,33.369,-0.017,0.218,167.713
29.500,33.768,-0.032,0.218,167.758
29.520,33.697,-0.025,0.218,167.834
29.540,33.205,-0.036,0.218,167.903
29.560,32.197,-0.025,0.218,167.988
29.580,30.773,-0.033,0.218,168.062
29.600,28.945,-0.021,0.218,168.150
29.620,26.689,-0.024,0.218,168.231
29.640,24.059,-0.016,0.218,168.313
29.660,21.105,-0.014,0.218,168.391
29.680,17.877,0.001,0.218,168.460
29.700,14.367,0.008,0.218,168.517
29.720,10.682,0.016,0.218,168.560
29.740,6.861,0.028,0.218,168.595
29.760,2.941,0.036,0.218,168.614
29.780,-1.037,0.053,0.218,168.620
29.800,-4.975,0.061,0.218,168.615
29.820,-8.871,0.074,0.218,168.595
29.840,-12.633,0.084,0.218,168.570
29.860,-16.184,0.095,0.218,168.529
29.880,-19.559,0.107,0.218,168.489
29.900,-22.641,0.121,0.218,168.434
29.920,-25.383,0.128,0.218,168.390
29.940,-27.791,0.137,0.218,168.336
29.960,-29.807,0.145,0.218,168.293
29.980,-31.406,0.155,0.218,168.246
30.000,-32.543,0.158,0.218,168.219
30.020,-33.229,0.165,0.218,168.182
30.040,-33.457,0.170,0.218,168.166
30.060,-33.217,0.168,0.218,168.147
30.080,-32.566,0.171,0.218,168.137
30.100,-31.418,0.169,0.218,168.129
30.120,-29.824,0.169,0.218,168.130
30.140,-27.779,0.162,0.218,168.138
30.160,-25.383,0.163,0.218,168.134
30.180,-22.641,0.149,0.218,168.136
30.200,-19.523,0.145,0.218,168.121
30.220,-16.184,0.134,0.218,168.105
30.240,-12.609,0.129,0.218,168.073
30.260,-8.836,0.111,0.218,168.037
30.280,-4.928,0.107,0.218,167.985
30.300,-0.961,0.090,0.218,167.925
30.320,3.018,0.084,0.218,167.853
30.340,6.926,0.066,0.218,167.769
30.360,10.764,0.058,0.218,167.679
30.380,14.461,0.045,0.218,167.579
30.400,17.947,0.031,0.218,167.480
30.420,21.182,0.024,0.218,167.374
30.440,24.170,0.010,0.218,167.272
30.460,26.760,0.001,0.218,167.168
30.480,28.998,-0.011,0.218,167.076
30.500,30.820,-0.014,0.218,167.001
30.520,32.250,-0.020,0.218,166.925
30.540,33.205,-0.024,0.218,166.862
30.560,33.721,-0.031,0.218,166.811
30.580,33.750,-0.031,0.218,166.782
30.600,33.346,-0.034,0.218,166.759
30.620,32.443,-0.031,0.218,166.756
30.640,31.131,-0.032,0.218,166.751
30.660,29.379,-0.032,0.218,166.765
30.680,27.240,-0.018,0.218,166.786
30.700,24.680,-0.022,0.218,166.803
30.720,21.785,-0.009,0.218,166.828
30.740,18.621,-0.009,0.218,166.849
30.760,15.158,0.007,0.218,166.869
30.780,11.520,0.008,0.218,166.881
30.800,7.711,0.030,0.218,166.890
30.820,3.797,0.033,0.218,166.888
30.840,-0.152,0.052,0.218,166.880
30.860,-4.113,0.056,0.218,166.866
30.880,-8.039,0.076,0.218,166.843
30.900,-11.812,0.081,0.218,166.820
30.920,-15.434,0.099,0.218,166.789
30.940,-18.838,0.103,0.218,166.765
30.960,-22.008,0.119,0.218,166.733
30.980,-24.832,0.128,0.218,166.714
31.000,-27.305,0.140,0.218,166.696
31.020,-29.414,0.147,0.218,166.695
31.040,-31.102,0.151,0.218,166.700
31.060,-32.344,0.166,0.218,166.721
31.080,-33.146,0.163,0.218,166.760
31.100,-33.439,0.174,0.218,166.811
31.120,-33.328,0.170,0.218,166.877
31.140,-32.754,0.176,0.218,166.950
31.160,-31.729,0.172,0.218,167.039
31.180,-30.205,0.175,0.218,167.128
31.200,-28.283,0.167,0.218,167.234
31.220,-25.975,0.167,0.218,167.333
31.240,-23.291,0.157,0.218,167.435
31.260,-20.256,0.155,0.218,167.529
31.280,-16.957,0.141,0.218,167.618
31.300,-13.441,0.133,0.218,167.693
31.320,-9.709,0.122,0.218,167.760
31.340,-5.812,0.112,0.218,167.815
31.360,-1.863,0.103,0.218,167.858
31.380,2.115,0.091,0.218,167.889
31.400,6.053,0.077,0.218,167.908
31.420,9.902,0.064,0.218,167.918
31.440,13.646,0.053,0.218,167.919
31.460,17.186,0.043,0.218,167.913
31.480,20.484,0.032,0.218,167.900
31.500,23.508,0.019,0.218,167.884
31.520,26.215,0.013,0.218,167.871
31.540,28.518,-0.001,0.218,167.858
31.560,30.445,-0.005,0.218,167.851
31.580,31.963,-0.014,0.218,167.852
31.600,33.023,-0.017,0.218,167.852
31.620,33.645,-0.023,0.218,167.862
31.640,33.803,-0.027,0.218,167.880
31.660,33.480,-0.028,0.218,167.901
31.680,32.684,-0.029,0.218,167.935
31.700,31.471,-0.027,0.218,168.004
31.720,29.795,-0.026,0.218,168.004
31.740,27.762,-0.022,0.218,168.033
31.760,25.277,-0.019,0.218,168.064
31.780,22.465,-0.009,0.218,168.086
31.800,19.354,-0.002,0.218,168.102
31.820,15.961,0.008,0.218,168.104
31.840,12.340,0.012,0.218,168.099
31.860,8.578,0.025,0.218,168.080
31.880,4.687,0.034,0.218,168.050
31.900,0.750,0.048,0.218,168.006
31.920,-3.234,0.059,0.218,167.949
31.940,-7.137,0.070,0.218,167.879
31.960,-10.998,0.083,0.218,167.799
31.980,-14.631,0.094,0.218,167.707
32.000,-18.082,0.106,0.218,167.614
32.020,-21.305,0.114,0.218,167.509
32.040,-24.205,0.127,0.218,167.410
32.060,-26.771,0.137,0.218,167.302
32.080,-28.951,0.145,0.218,167.211
32.100,-30.750,0.152,0.218,167.116
32.120,-32.086,0.160,0.218,167.041
32.140,-33.018,0.165,0.218,166.964
32.160,-33.404,0.171,0.218,166.911
32.180,-33.375,0.172,0.218,166.860
32.200,-32.900,0.172,0.218,166.829
32.220,-31.963,0.170,0.218,166.802
32.240,-30.574,0.171,0.218,166.790
32.260,-28.734,0.170,0.218,166.777
32.280,-26.502,0.163,0.218,166.774
32.300,-23.889,0.156,0.218,166.770
32.320,-20.930,0.147,0.218,166.762
32.340,-17.707,0.141,0.218,166.753
32.360,-14.238,0.129,0.218,166.735
32.380,-10.529,0.122,0.218,166.713
32.400,-6.674,0.108,0.218,166.683
32.420,-2.736,0.096,0.215,166.644
32.440,1.230,0.083,0.215,166.597
32.460,5.191,0.074,0.215,166.543
32.480,9.059,0.058,0.215,166.483
32.500,12.826,0.051,0.215,166.418
32.520,16.424,0.039,0.215,166.349
32.540,19.770,0.026,0.215,166.280
32.560,22.863,0.014,0.215,166.217
32.580,25.652,0.008,0.215,166.159
32.600,28.049,-0.004,0.215,166.107
32.620,30.064,-0.012,0.215,166.072
32.640,31.658,-0.016,0.215,166.045
32.660,32.830,-0.024,0.215,166.033
32.680,33.545,-0.029,0.215,166.039
32.700,33.797,-0.030,0.215,166.064
32.720,33.586,-0.036,0.215,166.099
32.740,32.895,-0.033,0.215,166.163
32.760,31.787,-0.029,0.215,166.223
32.780,30.211,-0.033,0.215,166.294
32.800,28.248,-0.025,0.215,166.378
32.820,25.869,-0.022,0.215,166.466
32.840,23.104,-0.017,0.215,166.549
32.860,20.086,-0.014,0.215,166.638
32.880,16.734,0.002,0.215,166.722
32.900,13.160,0.007,0.215,166.799
32.920,9.428,0.018,0.215,166.868
32.940,5.590,0.028,0.215,166.929
32.960,1.641,0.040,0.215,166.981
32.980,-2.326,0.051,0.215,167.023
33.000,-6.275,0.063,0.215,167.057
33.020,-10.125,0.075,0.215,167.084
33.040,-13.828,0.088,0.215,167.105
33.060,-17.303,0.098,0.215,167.126
33.080,-20.607,0.112,0.215,167.141
33.100,-23.590,0.123,0.215,167.159
33.120,-26.215,0.128,0.215,167.179
33.140,-28.523,0.144,0.215,167.202
33.160,-30.369,0.146,0.215,167.239
33.180,-31.852,0.159,0.215,167.280
33.200,-32.842,0.158,0.215,167.335
33.220,-33.352,0.170,0.215,167.394
33.240,-33.469,0.166,0.215,167.477
33.260,-33.070,0.176,0.215,167.544
33.280,-32.232,0.169,0.215,167.644
33.300,-30.937,0.172,0.215,167.729
33.320,-29.186,0.167,0.215,167.831
33.340,-27.047,0.162,0.215,167.921
33.360,-24.527,0.157,0.215,168.016
33.380,-21.645,0.149,0.215,168.093
33.400,-18.457,0.145,0.215,168.166
33.420,-15.035,0.133,0.215,168.226
33.440,-11.379,0.126,0.215,168.276
33.460,-7.553,0.109,0.215,168.310
33.480,-3.650,0.108,0.215,168.331
33.500,0.334,0.089,0.215,168.337
33.520,4.289,0.081,0.215,168.329
33.540,8.180,0.066,0.215,168.308
33.560,12.000,0.057,0.215,168.277
33.580,15.639,0.041,0.215,168.235
33.600,19.037,0.033,0.215,168.188
33.620,22.178,0.022,0.215,168.129
33.640,25.055,0.013,0.215,168.077
33.660,27.527,-0.002,0.215,168.015
33.680,29.637,-0.005,0.215,167.972
33.700,31.330,-0.014,0.215,167.919
33.720,32.607,-0.018,0.215,167.881
33.740,33.428,-0.021,0.215,167.842
33.760,33.791,-0.029,0.215,167.815
33.780,33.674,-0.028,0.215,167.796
33.800,33.094,-0.031,0.215,167.787
33.820,32.074,-0.025,0.215,167.781
33.840,30.586,-0.029,0.215,167.778
33.860,28.717,-0.023,0.215,167.778
33.880,26.443,-0.013,0.215,167.777
33.900,23.766,-0.012,0.215,167.768
33.920,20.771,-0.003,0.215,167.759
33.940,17.525,0.002,0.215,167.725
33.960,13.969,0.014,0.215,167.725
33.980,10.283,0.020,0.215,167.693
34.000,6.439,0.033,0.213,167.653
34.020,2.508,0.045,0.213,167.601
34.040,-1.447,0.056,0.212,167.539
34.060,-5.408,0.067,0.212,167.388
34.080,-9.293,0.079,0.212,167.388
34.100,-13.014,0.091,0.212,167.300
34.120,-16.559,0.100,0.212,167.210
34.140,-19.881,0.114,0.212,167.114
34.160,-22.969,0.120,0.212,167.023
34.180,-25.676,0.133,0.212,166.927
34.200,-28.025,0.142,0.212,166.842
34.220,-29.988,0.153,0.212,166.768
34.240,-31.559,0.156,0.212,166.708
34.260,-32.631,0.168,0.212,166.657
34.280,-33.281,0.168,0.212,166.628
34.300,-33.445,0.171,0.212,166.610
34.320,-33.187,0.170,0.212,166.607
34.340,-32.443,0.173,0.212,166.616
34.360,-31.271,0.171,0.212,166.633
34.380,-29.602,0.172,0.212,166.661
34.400,-27.533,0.167,0.212,166.699
34.420,-25.125,0.163,0.212,166.746
34.440,-22.312,0.154,0.212,166.792
34.460,-19.178,0.149,0.212,166.836
34.480,-15.803,0.138,0.212,166.877
34.500,-12.211,0.128,0.212,166.910
34.520,-8.420,0.119,0.212,166.937
34.540,-4.512,0.104,0.212,166.957
34.560,-0.562,0.095,0.212,166.968
34.580,3.416,0.086,0.212,166.971
34.600,7.330,0.073,0.212,166.967
34.620,11.156,0.057,0.212,166.958
34.640,14.842,0.045,0.212,166.947
34.660,18.316,0.036,0.212,166.935
34.680,21.504,0.024,0.212,166.922
34.700,24.445,0.016,0.212,166.915
34.720,27.012,0.005,0.212,166.910
34.740,29.215,-0.004,0.212,166.920
34.760,30.984,-0.012,0.212,166.938
34.780,32.373,-0.020,0.212,166.968
34.800,33.281,-0.025,0.212,167.010
34.820,33.744,-0.027,0.212,167.071
34.840,33.738,-0.032,0.212,167.143
34.860,33.275,-0.033,0.212,167.226
34.880,32.350,-0.034,0.212,167.317
34.900,30.961,-0.030,0.212,167.413
34.920,29.180,-0.030,0.212,167.512
34.940,26.994,-0.023,0.212,167.613
34.960,24.393,-0.021,0.212,167.713
34.980,21.469,-0.009,0.212,167.808
35.000,18.258,-0.005,0.212,167.891
35.020,14.795,0.004,0.212,167.967
35.040,11.109,0.011,0.212,168.035
35.060,7.295,0.028,0.212,168.090
35.080,3.393,0.033,0.212,168.132
35.100,-0.568,0.053,0.212,168.162
35.120,-4.529,0.058,0.212,168.181
35.140,-8.426,0.074,0.212,168.188
35.160,-12.217,0.082,0.212,168.185
35.180,-15.797,0.093,0.212,168.173
35.200,-19.195,0.108,0.212,168.154
35.220,-22.289,0.115,0.212,168.133
35.240,-25.102,0.130,0.212,168.108
35.260,-27.533,0.137,0.212,168.090
35.280,-29.613,0.144,0.212,168.069
35.300,-31.248,0.153,0.212,168.057
35.320,-32.449,0.159,0.212,168.048
35.340,-33.199,0.164,0.212,168.043
35.360,-33.451,0.173,0.212,168.055
35.380,-33.299,0.165,0.212,168.074
35.400,-32.666,0.174,0.212,168.087
35.420,-31.564,0.168,0.212,168.116
35.440,-30.053,0.175,0.212,168.148
35.460,-28.066,0.159,0.212,168.181
35.480,-25.711,0.161,0.212,168.202
35.500,-22.980,0.149,0.212,168.225
35.520,-19.928,0.148,0.212,168.236
35.540,-16.617,0.135,0.212,168.243
35.560,-13.049,0.131,0.212,168.236
35.580,-9.311,0.112,0.212,168.219
35.600,-5.420,0.108,0.212,168.188
35.620,-1.453,0.089,0.212,168.145
35.640,2.514,0.084,0.212,168.089
35.660,6.445,0.070,0.212,168.022
35.680,10.295,0.058,0.212,167.946
35.700,14.027,0.045,0.212,167.859
35.720,17.525,0.034,0.212,167.771
35.740,20.807,0.026,0.212,167.675
35.760,23.818,0.014,0.212,167.580
35.780,26.467,0.006,0.212,167.483
35.800,28.746,-0.008,0.212,167.396
35.820,30.627,-0.012,0.212,167.314
35.840,32.104,-0.019,0.212,167.248
35.860,33.123,-0.023,0.212,167.184
35.880,33.686,-0.032,0.212,167.136
35.900,33.779,-0.025,0.212,167.105
35.920,33.422,-0.037,0.213,167.071
35.940,32.584,-0.025,0.213,167.063
35.960,31.318,-0.037,0.213,167.047
35.980,29.613,-0.021,0.213,167.059
36.000,27.516,-0.025,0.213,167.056
36.020,24.996,-0.014,0.213,167.069
36.040,22.131,-0.009,0.213,167.070
36.060,19.008,-0.003,0.213,167.080
36.080,15.574,0.002,0.213,167.080
36.100,11.936,0.016,0.213,167.080
36.120,8.156,0.026,0.213,167.068
36.140,4.254,0.040,0.213,167.050
36.160,0.293,0.049,0.213,167.024
36.180,-3.686,0.057,0.213,166.990
36.200,-7.594,0.074,0.213,166.949
36.220,-11.408,0.080,0.213,166.904
36.240,-15.059,0.097,0.213,166.855
36.260,-18.480,0.098,0.213,166.806
36.280,-21.680,0.125,0.213,166.750
36.300,-24.557,0.124,0.213,166.713
36.320,-27.064,0.144,0.213,166.668
36.340,-29.215,0.143,0.213,166.649
36.360,-30.967,0.157,0.213,166.627
36.380,-32.279,0.159,0.213,166.630
36.400,-33.117,0.172,0.213,166.633
36.420,-33.486,0.169,0.213,166.672
36.440,-33.422,0.180,0.217,166.712
36.460,-32.883,0.174,0.217,166.771
36.480,-31.934,0.178,0.217,166.836
36.500,-30.445,0.167,0.217,166.915
36.520,-28.570,0.174,0.217,166.994
36.540,-26.291,0.160,0.217,167.085
36.560,-23.654,0.163,0.217,167.170
36.580,-20.643,0.150,0.217,167.261
36.600,-17.379,0.145,0.217,167.341
36.620,-13.904,0.122,0.217,167.417
36.640,-10.154,0.128,0.217,167.477
36.660,-6.305,0.099,0.217,167.536
36.680,-2.350,0.108,0.217,167.580
36.700,1.623,0.078,0.217,167.616
36.720,5.578,0.081,0.217,167.645
36.740,9.434,0.049,0.217,167.661
36.760,13.213,0.063,0.217,167.679
36.780,16.781,0.030,0.217,167.678
36.800,20.104,0.035,0.217,167.692
36.820,23.162,0.015,0.217,167.688
36.840,25.916,0.023,0.217,167.702
36.860,28.266,-0.011,0.217,167.694
36.880,30.234,0.008,0.217,167.724
36.900,31.805,-0.026,0.217,167.720
36.920,32.930,0.001,0.217,167.768
36.940,33.592,-0.045,0.225,167.774
36.960,33.803,-0.006,0.225,167.857
36.980,33.533,-0.058,0.238,167.884
37.000,32.818,-0.004,0.238,167.992
37.020,31.635,-0.059,0.239,168.024
37.040,30.029,0.005,0.239,168.139
37.060,28.014,-0.060,0.240,168.171
37.080,25.600,0.020,0.240,168.282
37.100,22.811,-0.046,0.240,168.308
37.120,19.729,0.030,0.240,168.393
37.140,16.377,-0.031,0.240,168.415
37.160,12.779,0.043,0.240,168.474
37.180,9.018,-0.002,0.240,168.486
37.200,5.150,0.054,0.240,168.504
37.220,1.195,0.029,0.240,168.500
37.240,-2.748,0.068,0.240,168.484
37.260,-6.703,0.061,0.240,168.461
37.280,-10.553,0.082,0.240,168.419
37.300,-14.215,0.095,0.240,168.373
37.320,-17.689,0.098,0.240,168.321
37.340,-20.941,0.120,0.240,168.258
37.360,-23.895,0.116,0.240,168.203
37.380,-26.502,0.145,0.240,168.135
37.400,-28.734,0.129,0.240,168.090
37.420,-30.568,0.166,0.240,168.021
37.440,-31.951,0.137,0.240,167.999
37.460,-32.936,0.177,0.240,167.937
37.480,-33.381,0.149,0.240,167.931
37.500,-33.416,0.184,0.244,167.890
37.520,-33.000,0.154,0.244,167.902
37.540,-32.115,0.179,0.244,167.882
37.560,-30.791,0.153,0.244,167.894
37.580,-28.975,0.181,0.244,167.883
37.600,-26.795,0.145,0.244,167.911
37.620,-24.234,0.169,0.244,167.906
37.640,-21.305,0.134,0.244,167.921
37.660,-18.117,0.157,0.244,167.911
37.680,-14.660,0.116,0.244,167.910
37.700,-10.992,0.129,0.244,167.886
37.720,-7.166,0.102,0.244,167.861
37.740,-3.217,0.103,0.244,167.821
37.760,0.750,0.083,0.244,167.773
37.780,4.711,0.077,0.244,167.716
37.800,8.578,0.062,0.244,167.649
37.820,12.387,0.052,0.244,167.577
37.840,16.008,0.044,0.244,167.498
37.860,19.395,0.027,0.244,167.413
37.880,22.512,0.022,0.244,167.334
37.900,25.342,0.006,0.244,167.252
37.920,27.768,0.004,0.244,167.182
37.940,29.836,-0.016,0.244,167.119
37.960,31.482,-0.007,0.244,167.068
37.980,32.730,-0.032,0.244,167.019
38.000,33.480,-0.018,0.244,167.003
38.020,33.791,-0.040,0.244,166.988
38.040,33.633,-0.026,0.244,166.996
38.060,33.018,-0.040,0.244,167.004
38.080,31.939,-0.026,0.244,167.032
38.100,30.416,-0.034,0.244,167.060
38.120,28.494,-0.026,0.244,167.103
38.140,26.174,-0.026,0.244,167.150
38.160,23.467,-0.014,0.244,167.194
38.180,20.437,-0.012,0.244,167.238
38.200,17.145,0.004,0.244,167.275
38.220,13.594,0.008,0.244,167.308
38.240,9.879,0.014,0.244,167.336
38.260,6.041,0.031,0.244,167.356
38.280,2.086,0.037,0.244,167.367
38.300,-1.881,0.054,0.244,167.370
38.320,-5.812,0.061,0.244,167.365
38.340,-9.709,0.075,0.244,167.352
38.360,-13.430,0.086,0.244,167.335
38.380,-16.945,0.095,0.244,167.316
38.400,-20.262,0.110,0.244,167.293
38.420,-23.273,0.120,0.244,167.274
38.440,-25.969,0.128,0.244,167.258
38.460,-28.295,0.139,0.244,167.252
38.480,-30.205,0.145,0.244,167.245
38.500,-31.723,0.151,0.244,167.260
38.520,-32.771,0.163,0.244,167.268
38.540,-33.340,0.160,0.244,167.316
38.560,-33.475,0.173,0.244,167.344
38.580,-33.152,0.162,0.244,167.410
38.600,-32.379,0.180,0.244,167.459
38.620,-31.131,0.162,0.244,167.542
38.640,-29.437,0.177,0.244,167.607
38.660,-27.352,0.153,0.244,167.701
38.680,-24.879,0.168,0.244,167.764
38.700,-22.025,0.145,0.244,167.844
38.720,-18.879,0.152,0.244,167.899
38.740,-15.498,0.129,0.244,167.959
38.760,-11.836,0.132,0.244,168.001
38.780,-8.045,0.108,0.244,168.033
38.800,-4.119,0.108,0.244,168.051
38.820,-0.176,0.088,0.244,168.057
38.840,3.809,0.087,0.244,168.049
38.860,7.729,0.070,0.244,168.030
38.880,11.531,0.059,0.244,167.998
38.900,15.199,0.050,0.244,167.963
38.920,18.639,0.030,0.244,167.911
38.940,21.826,0.031,0.244,167.868
38.960,24.738,0.008,0.244,167.808
38.980,27.258,0.015,0.244,167.771
39.000,29.408,-0.009,0.244,167.709
39.020,31.166,0.000,0.244,167.685
39.040,32.496,-0.025,0.244,167.634
39.060,33.352,-0.011,0.244,167.625
39.080,33.762,-0.033,0.244,167.582
39.100,33.709,-0.014,0.244,167.591
39.120,33.211,-0.037,0.244,167.560
39.140,32.209,-0.018,0.244,167.581
39.160,30.791,-0.031,0.244,167.572
39.180,28.963,-0.017,0.244,167.588
39.200,26.730,-0.017,0.244,167.574
39.220,24.105,-0.011,0.244,167.582
39.240,21.146,-0.001,0.244,167.565
39.260,17.912,0.000,0.244,167.559
39.280,14.396,0.012,0.244,167.534
39.300,10.711,0.017,0.244,167.507
39.320,6.891,0.035,0.244,167.462
39.340,2.953,0.039,0.244,167.412
39.360,-0.996,0.059,0.244,167.349
39.380,-4.957,0.062,0.244,167.275
39.400,-8.848,0.081,0.244,167.192
39.420,-12.604,0.083,0.244,167.095
39.440,-16.172,0.103,0.244,166.890
39.460,-19.529,0.103,0.244,166.890
39.480,-22.641,0.128,0.244,166.792
39.500,-25.389,0.129,0.244,166.676
39.520,-27.809,0.144,0.244,166.602
39.540,-29.807,0.150,0.244,166.492
39.560,-31.436,0.159,0.244,166.456
39.580,-32.566,0.166,0.244,166.359
39.600,-33.252,0.173,0.244,166.359
39.620,-33.504,0.172,0.244,166.285
39.640,-33.270,0.173,0.244,166.323
39.660,-32.590,0.172,0.244,166.262
39.680,-31.459,0.172,0.244,166.316
39.700,-29.854,0.174,0.244,166.284
39.720,-27.850,0.166,0.244,166.358
39.740,-25.447,0.167,0.244,166.350
39.760,-22.670,0.151,0.244,166.414
39.780,-19.588,0.154,0.244,166.421
39.800,-16.242,0.137,0.244,166.467
39.820,-12.674,0.135,0.244,166.481
39.840,-8.883,0.115,0.244,166.504
39.860,-5.010,0.111,0.244,166.512
39.880,-1.025,0.094,0.244,166.514
39.900,2.941,0.087,0.244,166.510
39.920,6.873,0.072,0.244,166.500
39.940,10.699,0.062,0.244,166.483
39.960,14.414,0.045,0.244,166.471
39.980,17.906,0.041,0.244,166.446
40.000,21.141,0.022,0.244,166.440
40.020,24.111,0.019,0.244,166.414
40.040,26.736,0.005,0.244,166.424
40.060,28.963,-0.004,0.244,166.410
40.080,30.809,-0.013,0.244,166.451
40.100,32.238,-0.018,0.244,166.464
40.120,33.199,-0.022,0.244,166.526
40.140,33.709,-0.025,0.244,166.563
40.160,33.762,-0.035,0.244,166.660
40.180,33.363,-0.030,0.244,166.732
40.200,32.461,-0.035,0.244,166.850
40.220,31.160,-0.028,0.244,166.942
40.240,29.402,-0.033,0.244,167.073
40.260,27.270,-0.017,0.244,167.176
40.280,24.709,-0.021,0.244,167.292
40.300,21.838,-0.009,0.244,167.396
40.320,18.662,-0.008,0.244,167.500
40.340,15.205,0.008,0.244,167.593
40.360,11.549,0.012,0.244,167.676
40.380,7.764,0.025,0.244,167.748
40.400,3.867,0.032,0.244,167.807
40.420,-0.100,0.054,0.244,167.854
40.440,-4.049,0.054,0.244,167.890
40.460,-7.975,0.071,0.244,167.910
40.480,-11.771,0.079,0.244,167.925
40.500,-15.375,0.095,0.244,167.924
40.520,-18.791,0.106,0.244,167.928
40.540,-21.943,0.116,0.244,167.914
40.560,-24.791,0.128,0.244,167.917
40.580,-27.258,0.136,0.244,167.901
40.600,-29.367,0.144,0.244,167.909
40.620,-31.078,0.153,0.244,167.900
40.640,-32.297,0.157,0.244,167.917
40.660,-33.123,0.161,0.244,167.921
40.680,-33.445,0.170,0.244,167.944
40.700,-33.346,0.167,0.244,167.976
40.720,-32.777,0.174,0.244,168.011
40.740,-31.717,0.166,0.244,168.049
40.760,-30.258,0.174,0.244,168.085
40.780,-28.312,0.158,0.244,168.125
40.800,-26.004,0.165,0.244,168.154
40.820,-23.344,0.148,0.244,168.194
40.840,-20.309,0.149,0.244,168.209
40.860,-17.010,0.137,0.244,168.227
40.880,-13.494,0.131,0.244,168.227
40.900,-9.756,0.116,0.244,168.220
40.920,-5.883,0.112,0.244,168.197
40.940,-1.928,0.097,0.244,168.162
40.960,2.045,0.088,0.244,168.113
40.980,5.994,0.074,0.244,168.052
41.000,9.844,0.059,0.244,167.979
41.020,13.576,0.051,0.244,167.898
41.040,17.139,0.038,0.244,167.808
41.060,20.437,0.029,0.244,167.714
41.080,23.479,0.012,0.244,167.613
41.100,26.174,0.009,0.244,167.527
41.120,28.494,-0.004,0.244,167.428
41.140,30.428,-0.007,0.244,167.354
41.160,31.957,-0.020,0.244,167.263
41.180,33.018,-0.020,0.244,167.216
41.200,33.639,-0.027,0.244,167.148
41.220,33.797,-0.026,0.244,167.121
41.240,33.486,-0.036,0.244,167.071
41.260,32.725,-0.027,0.244,167.072
41.280,31.488,-0.033,0.244,167.045
41.300,29.836,-0.028,0.244,167.055
41.320,27.773,-0.023,0.244,167.049
41.340,25.312,-0.021,0.244,167.058
41.360,22.500,-0.009,0.244,167.055
41.380,19.377,-0.009,0.244,167.057
41.400,15.996,0.008,0.244,167.052
41.420,12.369,0.011,0.244,167.044
41.440,8.613,0.029,0.244,167.029
41.460,4.723,0.031,0.244,167.003
41.480,0.773,0.054,0.244,166.970
41.500,-3.199,0.058,0.244,166.930
41.520,-7.137,0.076,0.244,166.880
41.540,-10.986,0.079,0.244,166.830
41.560,-14.631,0.099,0.244,166.764
41.580,-18.088,0.103,0.244,166.713
41.600,-21.311,0.122,0.244,166.643
41.620,-24.217,0.128,0.244,166.602
41.640,-26.795,0.133,0.244,166.543
41.660,-28.975,0.147,0.244,166.509
41.680,-30.773,0.148,0.244,166.466
41.700,-32.121,0.170,0.244,166.455
41.720,-33.035,0.157,0.244,166.456
41.740,-33.445,0.180,0.244,166.468
41.760,-33.422,0.166,0.244,166.506
41.780,-32.959,0.183,0.244,166.540
41.800,-32.027,0.166,0.244,166.609
41.820,-30.615,0.182,0.244,166.659
41.840,-28.816,0.163,0.244,166.749
41.860,-26.584,0.172,0.244,166.819
41.880,-23.971,0.153,0.244,166.912
41.900,-21.012,0.160,0.244,166.982
41.920,-17.760,0.139,0.244,167.067
41.940,-14.314,0.137,0.244,167.128
41.960,-10.611,0.126,0.244,167.192
41.980,-6.750,0.113,0.244,167.242
42.000,-2.830,0.103,0.244,167.284
42.020,1.166,0.090,0.244,167.315
42.040,5.121,0.081,0.244,167.335
42.060,9.000,0.064,0.230,167.349
42.080,12.768,0.056,0.230,167.353
42.100,16.365,0.039,0.224,167.354
42.120,19.723,0.036,0.224,167.354
42.140,22.822,0.018,0.224,167.348
42.160,25.611,0.016,0.224,167.352
42.180,28.002,-0.001,0.224,167.354
42.200,30.035,-0.000,0.224,167.368
42.220,31.641,-0.017,0.224,167.376
42.240,32.818,-0.014,0.224,167.405
42.260,33.539,-0.024,0.224,167.432
42.280,33.803,-0.021,0.224,167.483
42.300,33.598,-0.027,0.224,167.526
42.320,32.912,-0.031,0.224,167.592
42.340,31.799,-0.024,0.224,167.654
42.360,30.240,-0.029,0.224,167.725
42.380,28.277,-0.019,0.224,167.794
42.400,25.893,-0.018,0.224,167.863
42.420,23.162,-0.011,0.224,167.921
42.440,20.115,-0.008,0.224,167.978
42.460,16.787,0.003,0.224,168.025
42.480,13.213,0.011,0.224,168.062
42.500,9.475,0.022,0.223,168.086
42.520,5.607,0.026,0.223,168.097
42.540,1.676,0.048,0.223,168.094
42.560,-2.297,0.053,0.223,168.078
42.580,-6.246,0.066,0.223,168.050
42.600,-10.090,0.074,0.223,168.008
42.620,-13.787,0.089,0.223,167.956
42.640,-17.303,0.099,0.223,167.898
42.660,-20.572,0.113,0.223,167.833
42.680,-23.566,0.121,0.223,167.768
42.700,-26.203,0.130,0.223,167.699
42.720,-28.506,0.141,0.223,167.629
42.740,-30.381,0.150,0.223,167.576
42.760,-31.822,0.158,0.223,167.523
42.780,-32.836,0.159,0.223,167.487
42.800,-33.340,0.169,0.223,167.445
42.820,-33.469,0.165,0.223,167.433
42.840,-33.088,0.174,0.223,167.401
42.860,-32.256,0.166,0.223,167.402
42.880,-30.979,0.171,0.223,167.390
42.900,-29.203,0.166,0.223,167.399
42.920,-27.088,0.163,0.223,167.399
42.940,-24.574,0.157,0.223,167.405
42.960,-21.674,0.148,0.223,167.404
42.980,-18.498,0.145,0.223,167.400
43.000,-15.070,0.132,0.223,167.384
43.020,-11.426,0.127,0.223,167.365
43.040,-7.605,0.111,0.223,167.334
43.060,-3.680,0.103,0.220,167.292
43.080,0.281,0.087,0.220,167.239
43.100,4.254,0.081,0.220,167.177
43.120,8.145,0.061,0.220,167.104
43.140,11.947,0.058,0.220,167.028
43.160,15.598,0.037,0.220,166.941
43.180,19.008,0.035,0.220,166.857
43.200,22.148,0.015,0.220,166.767
43.220,25.031,0.016,0.220,166.687
43.240,27.498,-0.008,0.220,166.598
43.260,29.619,-0.006,0.220,166.543
43.280,31.324,-0.018,0.220,166.478
43.300,32.596,-0.020,0.220,166.441
43.320,33.422,-0.029,0.220,166.400
43.340,33.791,-0.029,0.220,166.397
43.360,33.674,-0.036,0.220,166.384
43.380,33.105,-0.032,0.220,166.408
43.400,32.092,-0.036,0.220,166.421
43.420,30.633,-0.026,0.220,166.463
43.440,28.740,-0.030,0.220,166.496
43.460,26.467,-0.017,0.220,166.548
43.480,23.812,-0.016,0.220,166.587
43.500,20.812,-0.011,0.220,166.683
43.520,17.555,-0.001,0.220,166.683
43.540,14.021,0.006,0.220,166.724
43.560,10.324,0.018,0.220,166.759
43.580,6.480,0.027,0.220,166.783
43.600,2.555,0.041,0.220,166.800
43.620,-1.418,0.050,0.220,166.809
43.640,-5.373,0.064,0.220,166.810
43.660,-9.264,0.074,0.220,166.806
43.680,-13.020,0.086,0.220,166.794
43.700,-16.547,0.096,0.220,166.782
43.720,-19.893,0.110,0.220,166.764
43.740,-22.934,0.117,0.220,166.755
43.760,-25.682,0.133,0.220,166.742
43.780,-28.043,0.141,0.220,166.746
43.800,-30.018,0.146,0.220,166.753
43.820,-31.564,0.153,0.220,166.777
43.840,-32.666,0.161,0.220,166.800
43.860,-33.305,0.162,0.220,166.850
43.880,-33.480,0.171,0.220,166.903
43.900,-33.246,0.171,0.220,166.975
43.920,-32.531,0.171,0.220,167.057
43.940,-31.312,0.173,0.220,167.139
43.960,-29.684,0.168,0.220,167.238
43.980,-27.633,0.171,0.220,167.326
44.000,-25.195,0.152,0.220,167.429
44.020,-22.400,0.157,0.220,167.504
44.040,-19.271,0.141,0.220,167.593
44.060,-15.902,0.145,0.220,167.657
44.080,-12.311,0.126,0.220,167.724
44.100,-8.508,0.123,0.220,167.771
44.120,-4.600,0.103,0.219,167.811
44.140,-0.633,0.099,0.219,167.834
44.160,3.334,0.085,0.219,167.845
44.180,7.266,0.074,0.219,167.845
44.200,11.086,0.060,0.219,167.832
44.220,14.777,0.053,0.219,167.809
44.240,18.246,0.039,0.219,167.779
44.260,21.457,0.028,0.219,167.739
44.280,24.404,0.016,0.219,167.668
44.300,26.971,0.007,0.219,167.668
44.320,29.180,-0.000,0.219,167.649
44.340,30.967,-0.007,0.219,167.610
44.360,32.361,-0.011,0.219,167.598
44.380,33.287,-0.025,0.219,167.578
44.400,33.744,-0.024,0.219,167.578
44.420,33.744,-0.029,0.219,167.569
44.440,33.281,-0.028,0.219,167.590
44.460,32.355,-0.026,0.219,167.594
44.480,31.002,-0.028,0.219,167.619
44.500,29.191,-0.028,0.219,167.633
44.520,27.023,-0.017,0.219,167.658
44.540,24.416,-0.016,0.219,167.670
44.560,21.516,-0.003,0.219,167.680
44.580,18.305,-0.001,0.219,167.679
44.600,14.812,0.014,0.219,167.672
44.620,11.168,0.018,0.219,167.653
44.640,7.348,0.029,0.219,167.623
44.660,3.434,0.041,0.219,167.582
44.680,-0.516,0.052,0.219,167.528
44.700,-4.482,0.065,0.219,167.462
44.720,-8.408,0.070,0.219,167.388
44.740,-12.176,0.092,0.219,167.300
44.760,-15.779,0.093,0.219,167.214
44.780,-19.154,0.119,0.219,167.110
44.800,-22.295,0.115,0.219,167.025
44.820,-25.066,0.140,0.219,166.918
44.840,-27.533,0.137,0.219,166.838
44.860,-29.613,0.157,0.219,166.742
44.880,-31.248,0.149,0.219,166.676
44.900,-32.432,0.169,0.219,166.606
44.920,-33.187,0.165,0.219,166.558
44.940,-33.480,0.176,0.219,166.521
44.960,-33.311,0.171,0.219,166.500
44.980,-32.684,0.173,0.219,166.487
45.000,-31.594,0.174,0.219,166.499
45.020,-30.035,0.169,0.219,166.499
45.040,-28.090,0.171,0.219,166.514
45.060,-25.740,0.157,0.219,166.541
45.080,-23.033,0.163,0.219,166.558
45.100,-19.951,0.141,0.219,166.593
45.120,-16.635,0.143,0.219,166.601
45.140,-13.107,0.123,0.219,166.618
45.160,-9.352,0.124,0.219,166.623
45.180,-5.461,0.099,0.219,166.623
45.200,-1.506,0.102,0.219,166.612
45.220,2.473,0.079,0.219,166.596
45.240,6.410,0.080,0.219,166.573
45.260,10.266,0.056,0.219,166.540
45.280,13.975,0.049,0.219,166.509
45.300,17.490,0.033,0.219,166.474
45.320,20.777,0.028,0.219,166.445
45.340,23.783,0.016,0.219,166.416
45.360,26.437,0.007,0.219,166.391
45.380,28.729,-0.000,0.219,166.381
45.400,30.604,-0.016,0.219,166.370
45.420,32.086,-0.015,0.219,166.394
45.440,33.117,-0.030,0.219,166.411
45.460,33.674,-0.018,0.219,166.467
45.480,33.779,-0.045,0.228,166.510
45.500,33.428,-0.022,0.228,166.603
45.520,32.596,-0.044,0.228,166.671
45.540,31.330,-0.020,0.228,166.777
45.560,29.625,-0.041,0.228,166.865
45.580,27.545,-0.016,0.228,166.983
45.600,25.037,-0.027,0.228,167.081
45.620,22.184,-0.004,0.228,167.189
45.640,19.061,-0.012,0.228,167.280
45.660,15.627,0.007,0.228,167.373
45.680,12.006,0.007,0.228,167.455
45.700,8.215,0.026,0.228,167.528
45.720,4.330,0.033,0.228,167.589
45.740,0.393,0.044,0.228,167.639
45.760,-3.586,0.058,0.228,167.677
45.780,-7.518,0.065,0.228,167.708
45.800,-11.332,0.085,0.228,167.723
45.820,-14.953,0.083,0.228,167.744
45.840,-18.393,0.111,0.228,167.744
45.860,-21.580,0.106,0.228,167.758
45.880,-24.480,0.132,0.228,167.751
45.900,-26.988,0.126,0.228,167.770
45.920,-29.156,0.149,0.228,167.768
45.940,-30.914,0.145,0.228,167.798
45.960,-32.186,0.163,0.228,167.810
45.980,-33.088,0.158,0.228,167.855
46.000,-33.428,0.173,0.228,167.881
46.020,-33.410,0.167,0.228,167.942
46.040,-32.889,0.178,0.228,167.984
46.060,-31.869,0.170,0.228,168.051
46.080,-30.451,0.174,0.228,168.114
46.100,-28.576,0.167,0.228,168.182
46.120,-26.314,0.159,0.228,168.244
46.140,-23.684,0.158,0.228,168.295
46.160,-20.684,0.144,0.228,168.346
46.180,-17.420,0.143,0.228,168.378
46.200,-13.928,0.129,0.228,168.406
46.220,-10.219,0.127,0.228,168.418
46.240,-6.357,0.107,0.228,168.421
46.260,-2.408,0.103,0.228,168.407
46.280,1.582,0.083,0.228,168.380
46.300,5.531,0.080,0.228,168.340
46.320,9.387,0.058,0.228,168.286
46.340,13.148,0.058,0.228,168.228
46.360,16.734,0.035,0.228,168.154
46.380,20.057,0.033,0.228,168.080
46.400,23.127,0.013,0.228,167.994
46.420,25.863,0.013,0.228,167.919
46.440,28.236,-0.001,0.228,167.831
46.460,30.229,-0.009,0.228,167.761
46.480,31.793,-0.015,0.228,167.694
46.500,32.924,-0.021,0.228,167.633
46.520,33.598,-0.023,0.228,167.586
46.540,33.797,-0.031,0.228,167.541
46.560,33.551,-0.025,0.228,167.523
46.580,32.824,-0.036,0.228,167.482
46.600,31.658,-0.021,0.228,167.480
46.620,30.047,-0.037,0.228,167.453
46.640,28.043,-0.015,0.228,167.467
46.660,25.611,-0.025,0.228,167.450
46.680,22.852,-0.003,0.228,167.456
46.700,19.775,-0.010,0.228,167.435
46.720,16.400,0.012,0.228,167.426
46.740,12.809,0.008,0.228,167.400
46.760,9.059,0.031,0.228,167.372
46.780,5.180,0.033,0.226,167.330
46.800,1.248,0.049,0.226,167.281
46.820,-2.730,0.058,0.222,167.221
46.840,-6.639,0.070,0.222,167.154
46.860,-10.523,0.085,0.222,167.079
46.880,-14.209,0.096,0.222,167.000
46.900,-17.666,0.107,0.222,166.918
46.920,-20.936,0.118,0.222,166.833
46.940,-23.854,0.129,0.222,166.749
46.960,-26.496,0.137,0.222,166.680
46.980,-28.729,0.151,0.222,166.611
47.000,-30.586,0.153,0.222,166.563
47.020,-31.969,0.164,0.222,166.517
47.040,-32.930,0.166,0.222,166.490
47.060,-33.416,0.172,0.222,166.478
47.080,-33.457,0.173,0.222,166.489
47.100,-33.041,0.174,0.222,166.501
47.120,-32.168,0.174,0.222,166.534
47.140,-30.809,0.175,0.222,166.569
47.160,-29.039,0.174,0.222,166.625
47.180,-26.871,0.166,0.222,166.682
47.200,-24.293,0.158,0.222,166.743
47.220,-21.375,0.154,0.222,166.802
47.240,-18.152,0.147,0.222,166.861
47.260,-14.719,0.137,0.222,166.916
47.280,-11.051,0.127,0.222,166.962
47.300,-7.230,0.115,0.222,167.004
47.320,-3.281,0.107,0.222,167.033
47.340,0.686,0.091,0.222,167.056
47.360,4.652,0.086,0.222,167.071
47.380,8.543,0.068,0.222,167.075
47.400,12.311,0.058,0.222,167.080
47.420,15.949,0.048,0.222,167.075
47.440,19.330,0.033,0.222,167.074
47.460,22.465,0.023,0.222,167.065
47.480,25.307,0.014,0.222,167.071
47.500,27.738,0.005,0.222,167.090
47.520,29.830,-0.003,0.222,167.090
47.540,31.471,-0.013,0.222,167.108
47.560,32.713,-0.017,0.222,167.142
47.580,33.475,-0.025,0.222,167.186
47.600,33.797,-0.025,0.222,167.243
47.620,33.645,-0.027,0.222,167.314
47.640,33.029,-0.031,0.222,167.380
47.660,31.951,-0.028,0.222,167.475
47.680,30.445,-0.030,0.222,167.549
47.700,28.529,-0.024,0.222,167.646
47.720,26.209,-0.018,0.222,167.725
47.740,23.490,-0.016,0.222,167.812
47.760,20.473,-0.009,0.222,167.882
47.780,17.197,0.000,0.222,167.956
47.800,13.641,0.013,0.222,168.010
47.820,9.920,0.020,0.222,168.058
47.840,6.076,0.027,0.222,168.089
47.860,2.133,0.043,0.222,168.108
47.880,-1.811,0.053,0.222,168.113
47.900,-5.766,0.065,0.222,168.105
47.920,-9.650,0.077,0.222,168.085
47.940,-13.365,0.087,0.222,168.054
47.960,-16.898,0.098,0.222,168.012
47.980,-20.186,0.110,0.222,167.970
48.000,-23.227,0.122,0.222,167.917
48.020,-25.893,0.132,0.222,167.875
48.040,-28.254,0.141,0.222,167.814
48.060,-30.170,0.147,0.222,167.788
48.080,-31.682,0.155,0.222,167.732
48.100,-32.736,0.162,0.222,167.715
48.120,-33.311,0.167,0.222,167.675
48.140,-33.475,0.170,0.222,167.678
48.160,-33.141,0.171,0.222,167.657
48.180,-32.379,0.169,0.222,167.666
48.200,-31.125,0.171,0.222,167.653
48.220,-29.426,0.169,0.222,167.669
48.240,-27.352,0.163,0.222,167.672
48.260,-24.891,0.162,0.222,167.684
48.280,-22.031,0.147,0.222,167.685
48.300,-18.885,0.149,0.222,167.677
48.320,-15.480,0.129,0.222,167.668
48.340,-11.889,0.130,0.222,167.641
48.360,-8.062,0.108,0.222,167.611
48.380,-4.160,0.105,0.222,167.562
48.400,-0.182,0.087,0.222,167.506
48.420,3.779,0.082,0.222,167.359
48.440,7.693,0.065,0.222,167.359
48.460,11.479,0.054,0.222,167.276
48.480,15.164,0.041,0.222,167.179
48.500,18.604,0.034,0.222,167.088
48.520,21.797,0.020,0.222,166.982
48.540,24.709,0.010,0.222,166.892
48.560,27.223,0.003,0.222,166.795
48.580,29.396,-0.009,0.222,166.716
48.600,31.131,-0.011,0.222,166.640
48.620,32.473,-0.022,0.222,166.582
48.640,33.340,-0.023,0.222,166.534
48.660,33.773,-0.032,0.222,166.503
48.680,33.703,-0.028,0.222,166.488
48.700,33.205,-0.034,0.222,166.472
48.720,32.232,-0.030,0.222,166.483
48.740,30.826,-0.031,0.222,166.489
48.760,28.980,-0.031,0.222,166.516
48.780,26.766,-0.020,0.222,166.547
48.800,24.123,-0.016,0.222,166.581
48.820,21.187,-0.013,0.222,166.607
48.840,17.965,-0.004,0.222,166.641
48.860,14.449,0.005,0.222,166.664
48.880,10.764,0.018,0.222,166.686
48.900,6.943,0.029,0.222,166.695
48.920,3.018,0.038,0.222,166.701
48.940,-0.949,0.052,0.222,166.697
48.960,-4.910,0.062,0.222,166.685
48.980,-8.807,0.074,0.222,166.670
49.000,-12.568,0.087,0.222,166.646
49.020,-16.137,0.096,0.222,166.623
49.040,-19.518,0.111,0.222,166.597
49.060,-22.611,0.118,0.222,166.576
49.080,-25.365,0.132,0.222,166.556
49.100,-27.779,0.139,0.222,166.546
49.120,-29.818,0.149,0.222,166.549
49.140,-31.441,0.154,0.222,166.556
49.160,-32.566,0.161,0.222,166.588
49.180,-33.264,0.168,0.222,166.614
49.200,-33.463,0.174,0.222,166.685
49.220,-33.299,0.174,0.222,166.744
49.240,-32.648,0.177,0.222,166.833
49.260,-31.500,0.174,0.222,166.913
49.280,-29.912,0.176,0.222,167.016
49.300,-27.879,0.166,0.222,167.111
49.320,-25.506,0.162,0.222,167.215
49.340,-22.752,0.153,0.222,167.303
49.360,-19.635,0.146,0.222,167.394
49.380,-16.295,0.141,0.222,167.473
49.400,-12.732,0.131,0.222,167.547
49.420,-8.982,0.123,0.222,167.609
49.440,-5.068,0.112,0.222,167.659
49.460,-1.096,0.098,0.222,167.722
49.480,2.889,0.091,0.222,167.722
49.500,6.814,0.074,0.222,167.735
49.520,10.629,0.066,0.222,167.739
49.540,14.355,0.054,0.222,167.732
49.560,17.865,0.041,0.222,167.721
49.580,21.082,0.031,0.222,167.701
49.600,24.094,0.019,0.222,167.682
49.620,26.695,0.008,0.222,167.661
49.640,28.939,0.000,0.222,167.647
49.660,30.791,-0.009,0.222,167.633
49.680,32.209,-0.016,0.222,167.627
49.700,33.193,-0.021,0.222,167.629
49.720,33.703,-0.021,0.222,167.643
49.740,33.750,-0.026,0.222,167.660
49.760,33.375,-0.028,0.222,167.682
49.780,32.490,-0.026,0.222,167.706
49.800,31.178,-0.023,0.222,167.736
49.820,29.408,-0.022,0.222,167.765
49.840,27.299,-0.017,0.222,167.795
49.860,24.744,-0.017,0.222,167.843
49.880,21.873,-0.004,0.222,167.843
49.900,18.709,-0.004,0.222,167.855
49.920,15.246,0.013,0.222,167.860
49.940,11.602,0.015,0.222,167.852
49.960,7.805,0.032,0.222,167.833
49.980,3.896,0.037,0.222,167.800
50.000,-0.064,0.055,0.222,167.754
50.020,-4.014,0.062,0.222,167.696
50.040,-7.916,0.081,0.222,167.547
50.060,-11.736,0.085,0.222,167.458
50.080,-15.357,0.102,0.222,167.458
50.100,-18.762,0.105,0.222,167.365
50.120,-21.920,0.120,0.222,167.266
50.140,-24.727,0.132,0.222,167.167
50.160,-27.229,0.141,0.222,167.078
50.180,-29.361,0.153,0.222,166.988
50.200,-31.066,0.155,0.222,166.911
50.220,-32.303,0.166,0.222,166.842
50.240,-33.117,0.161,0.222,166.788
50.260,-33.457,0.174,0.222,166.737
50.280,-33.357,0.168,0.222,166.708
50.300,-32.783,0.177,0.222,166.673
50.320,-31.758,0.166,0.222,166.673
50.340,-30.246,0.174,0.222,166.666
50.360,-28.336,0.163,0.222,166.675
50.380,-26.051,0.169,0.222,166.675
50.400,-23.367,0.148,0.222,166.692
50.420,-20.338,0.156,0.222,166.696
50.440,-17.033,0.134,0.222,166.702
50.460,-13.535,0.135,0.222,166.702
50.480,-9.779,0.114,0.222,166.697
50.500,-5.930,0.116,0.222,166.680
50.520,-1.986,0.095,0.218,166.659
50.540,1.998,0.089,0.218,166.628
50.560,5.953,0.075,0.214,166.590
50.580,9.803,0.062,0.214,166.546
50.600,13.547,0.051,0.214,166.448
50.620,17.104,0.035,0.214,166.448
50.640,20.396,0.027,0.214,166.401
50.660,23.449,0.016,0.214,166.356
50.680,26.139,0.011,0.214,166.318
50.700,28.471,-0.006,0.214,166.286
50.720,30.422,-0.004,0.214,166.275
50.740,31.928,-0.022,0.214,166.265
50.760,33.012,-0.018,0.214,166.281
50.780,33.627,-0.032,0.214,166.304
50.800,33.797,-0.028,0.214,166.357
50.820,33.504,-0.033,0.214,166.490
50.840,32.725,-0.033,0.214,166.490
50.860,31.512,-0.032,0.214,166.567
50.880,29.836,-0.032,0.214,166.665
50.900,27.809,-0.025,0.214,166.758
50.920,25.342,-0.024,0.214,166.862
50.940,22.535,-0.011,0.214,166.957
50.960,19.430,-0.012,0.214,167.050
50.980,16.072,0.005,0.214,167.140
51.000,12.439,0.008,0.214,167.221
51.020,8.678,0.025,0.214,167.294
51.040,4.787,0.025,0.214,167.355
51.060,0.850,0.049,0.214,167.407
51.080,-3.117,0.051,0.214,167.449
51.100,-7.055,0.070,0.214,167.481
51.120,-10.893,0.073,0.214,167.507
51.140,-14.572,0.092,0.214,167.520
51.160,-18.018,0.103,0.214,167.534
51.180,-21.229,0.116,0.214,167.542
51.200,-24.158,0.125,0.214,167.556
51.220,-26.719,0.134,0.214,167.588
51.240,-28.939,0.144,0.214,167.588
51.260,-30.738,0.151,0.214,167.608
51.280,-32.080,0.159,0.214,167.643
51.300,-33.006,0.163,0.214,167.733
51.320,-33.398,0.170,0.214,167.733
51.340,-33.434,0.165,0.214,167.801
51.360,-32.971,0.180,0.217,167.853
51.380,-32.021,0.164,0.217,167.933
51.400,-30.645,0.178,0.217,167.998
51.420,-28.811,0.157,0.217,168.083
51.440,-26.607,0.170,0.217,168.144
51.460,-24.012,0.151,0.217,168.268
51.480,-21.053,0.150,0.217,168.268
51.500,-17.836,0.141,0.217,168.317
51.520,-14.344,0.134,0.217,168.352
51.540,-10.670,0.119,0.217,168.376
51.560,-6.814,0.114,0.217,168.385
51.580,-2.865,0.100,0.217,168.381
51.600,1.090,0.091,0.217,168.363
51.620,5.062,0.075,0.214,168.331
51.640,8.936,0.068,0.214,168.286
51.660,12.715,0.054,0.214,168.230
51.680,16.312,0.043,0.214,168.165
51.700,19.676,0.030,0.214,168.094
51.720,22.781,0.020,0.214,168.017
51.740,25.582,0.012,0.214,167.941
51.760,27.979,0.000,0.214,167.864
51.780,30.018,-0.004,0.214,167.797
51.800,31.611,-0.013,0.214,167.728
51.820,32.812,-0.017,0.214,167.673
51.840,33.539,-0.023,0.214,167.621
51.860,33.797,-0.027,0.214,167.586
51.880,33.615,-0.028,0.214,167.552
51.900,32.936,-0.033,0.214,167.526
51.920,31.822,-0.029,0.214,167.510
51.940,30.252,-0.025,0.214,167.496
51.960,28.295,-0.025,0.214,167.487
51.980,25.934,-0.014,0.214,167.481
52.000,23.186,-0.007,0.214,167.471
52.020,20.156,-0.004,0.214,167.456
52.040,16.822,0.006,0.214,167.437
52.060,13.254,0.013,0.214,167.413
52.080,9.510,0.028,0.214,167.378
52.100,5.648,0.035,0.214,167.334
52.120,1.723,0.048,0.214,167.282
52.140,-2.262,0.062,0.214,167.219
52.160,-6.187,0.070,0.214,167.149
52.180,-10.078,0.082,0.214,167.070
52.200,-13.764,0.098,0.214,166.987
52.220,-17.279,0.101,0.214,166.903
52.240,-20.555,0.120,0.214,166.813
52.260,-23.537,0.125,0.214,166.733
52.280,-26.203,0.140,0.214,166.654
52.300,-28.482,0.142,0.214,166.584
52.320,-30.381,0.155,0.214,166.519
52.340,-31.852,0.163,0.214,166.475
52.360,-32.824,0.165,0.214,166.445
52.380,-33.369,0.173,0.214,166.422
52.400,-33.475,0.176,0.214,166.423
52.420,-33.100,0.176,0.214,166.439
52.440,-32.303,0.175,0.214,166.475
52.460,-31.002,0.175,0.214,166.511
52.480,-29.250,0.175,0.214,166.568
52.500,-27.117,0.169,0.214,166.626
52.520,-24.639,0.165,0.214,166.693
52.540,-21.744,0.153,0.214,166.756
52.560,-18.562,0.148,0.214,166.818
52.580,-15.141,0.138,0.214,166.872
52.600,-11.484,0.129,0.214,166.925
52.620,-7.676,0.120,0.214,166.967
52.640,-3.762,0.104,0.214,167.005
52.660,0.229,0.093,0.214,167.033
52.680,4.178,0.084,0.214,167.053
52.700,8.092,0.066,0.214,167.067
52.720,11.889,0.057,0.214,167.078
52.740,15.545,0.049,0.214,167.085
52.760,18.949,0.031,0.214,167.090
52.780,22.119,0.028,0.214,167.099
52.800,24.996,0.012,0.214,167.109
52.820,27.469,0.006,0.214,167.119
52.840,29.602,-0.006,0.214,167.145
52.860,31.301,-0.013,0.214,167.175
52.880,32.596,-0.019,0.214,167.226
52.900,33.422,-0.025,0.214,167.275
52.920,33.779,-0.027,0.214,167.354
52.940,33.680,-0.028,0.214,167.428
52.960,33.129,-0.031,0.214,167.524
52.980,32.104,-0.029,0.214,167.610
53.000,30.645,-0.028,0.214,167.721
53.020,28.770,-0.024,0.214,167.816
53.040,26.502,-0.019,0.214,167.922
53.060,23.836,-0.016,0.214,168.012
53.080,20.848,-0.004,0.214,168.111
53.100,17.602,-0.002,0.214,168.190
53.120,14.068,0.013,0.214,168.267
53.140,10.377,0.016,0.214,168.327
53.160,6.545,0.028,0.214,168.376
53.180,2.607,0.037,0.214,168.411
53.200,-1.348,0.051,0.214,168.432
53.220,-5.303,0.065,0.214,168.440
53.240,-9.176,0.072,0.214,168.436
53.260,-12.937,0.088,0.214,168.418
53.280,-16.488,0.099,0.214,168.398
53.300,-19.822,0.108,0.214,168.363
53.320,-22.881,0.120,0.214,168.331
53.340,-25.582,0.132,0.214,168.289
53.360,-27.979,0.139,0.214,168.260
53.380,-29.977,0.149,0.214,168.222
53.400,-31.523,0.152,0.214,168.197
53.420,-32.643,0.164,0.214,168.170
53.440,-33.246,0.163,0.214,168.159
53.460,-33.475,0.172,0.214,168.152
53.480,-33.211,0.170,0.214,168.154
53.500,-32.496,0.169,0.214,168.162
53.520,-31.307,0.170,0.214,168.162
53.540,-29.643,0.171,0.214,168.179
53.560,-27.615,0.162,0.214,168.189
53.580,-25.195,0.161,0.214,168.199
53.600,-22.400,0.146,0.214,168.202
53.620,-19.283,0.147,0.214,168.199
53.640,-15.908,0.132,0.214,168.185
53.660,-12.322,0.129,0.214,168.162
53.680,-8.537,0.115,0.214,168.128
53.700,-4.646,0.104,0.213,168.084
53.720,-0.662,0.094,0.213,168.026
53.740,3.305,0.081,0.213,167.956
53.760,7.236,0.070,0.213,167.876
53.780,11.039,0.054,0.213,167.786
53.800,14.736,0.045,0.213,167.691
53.820,18.205,0.036,0.213,167.590
53.840,21.428,0.025,0.213,167.484
53.860,24.381,0.010,0.213,167.379
53.880,26.953,0.002,0.213,167.282
53.900,29.162,-0.008,0.213,167.193
53.920,30.949,-0.008,0.213,167.103
53.940,32.350,-0.023,0.213,167.034
53.960,33.275,-0.021,0.213,166.966
53.980,33.732,-0.031,0.213,166.923
54.000,33.744,-0.025,0.213,166.878
54.020,33.299,-0.036,0.216,166.858
54.040,32.361,-0.028,0.216,166.845
54.060,31.014,-0.030,0.216,166.839
54.080,29.215,-0.030,0.216,166.845
54.100,27.053,-0.023,0.216,166.863
54.120,24.457,-0.019,0.216,166.874
54.140,21.545,-0.012,0.216,166.893
54.160,18.352,-0.006,0.216,166.907
54.180,14.877,0.009,0.216,166.920
54.200,11.197,0.012,0.216,166.921
54.220,7.395,0.033,0.216,166.921
54.240,3.480,0.032,0.216,166.909
54.260,-0.486,0.058,0.216,166.891
54.280,-4.447,0.055,0.216,166.867
54.300,-8.367,0.081,0.216,166.834
54.320,-12.129,0.079,0.216,166.800
54.340,-15.744,0.102,0.216,166.758
54.360,-19.143,0.104,0.216,166.720
54.380,-22.254,0.123,0.216,166.678
54.400,-25.072,0.131,0.216,166.648
54.420,-27.510,0.139,0.216,166.623
54.440,-29.607,0.145,0.216,166.608
54.460,-31.266,0.153,0.216,166.599
54.480,-32.455,0.164,0.216,166.612
54.500,-33.211,0.164,0.216,166.641
54.520,-33.463,0.174,0.216,166.675
54.540,-33.346,0.167,0.216,166.737
54.560,-32.742,0.178,0.216,166.789
54.580,-31.652,0.168,0.216,166.866
54.600,-30.100,0.176,0.216,166.941
54.620,-28.137,0.163,0.216,167.034
54.640,-25.805,0.170,0.216,167.119
54.660,-23.098,0.150,0.216,167.210
54.680,-20.033,0.153,0.216,167.288
54.700,-16.711,0.138,0.216,167.367
54.720,-13.160,0.136,0.216,167.431
54.740,-9.428,0.119,0.216,167.491
54.760,-5.531,0.116,0.216,167.537
54.780,-1.564,0.097,0.216,167.571
54.800,2.414,0.094,0.216,167.594
54.820,6.357,0.075,0.216,167.605
54.840,10.184,0.062,0.216,167.606
54.860,13.934,0.054,0.216,167.601
54.880,17.461,0.041,0.216,167.582
54.900,20.725,0.031,0.216,167.565
54.920,23.748,0.016,0.216,167.546
54.940,26.414,0.012,0.216,167.527
54.960,28.699,0.001,0.216,167.509
54.980,30.586,-0.004,0.216,167.499
55.000,32.080,-0.013,0.216,167.491
55.020,33.088,-0.017,0.216,167.492
55.040,33.668,-0.022,0.216,167.501
55.060,33.785,-0.021,0.216,167.524
55.080,33.428,-0.027,0.216,167.544
55.100,32.602,-0.026,0.216,167.578
55.120,31.359,-0.025,0.216,167.608
55.140,29.648,-0.023,0.216,167.644
55.160,27.568,-0.019,0.216,167.679
55.180,25.061,-0.014,0.216,167.712
55.200,22.219,-0.006,0.216,167.742
55.220,19.096,-0.006,0.216,167.758
55.240,15.680,0.009,0.216,167.770
55.260,12.053,0.012,0.216,167.769
55.280,8.268,0.033,0.216,167.756
55.300,4.371,0.036,0.216,167.729
55.320,0.410,0.052,0.216,167.690
55.340,-3.539,0.062,0.216,167.639
55.360,-7.465,0.074,0.216,167.576
55.380,-11.285,0.083,0.216,167.504
55.400,-14.941,0.095,0.216,167.420
55.420,-18.363,0.105,0.216,167.334
55.440,-21.545,0.117,0.216,167.242
55.460,-24.422,0.128,0.216,167.151
55.480,-26.982,0.137,0.216,167.064
55.500,-29.133,0.149,0.216,166.980
55.520,-30.908,0.150,0.216,166.906
55.540,-32.191,0.161,0.216,166.835
55.560,-33.047,0.166,0.216,166.782
55.580,-33.434,0.172,0.216,166.740
55.600,-33.393,0.171,0.216,166.712
55.620,-32.895,0.174,0.216,166.689
55.640,-31.928,0.170,0.216,166.683
55.660,-30.451,0.170,0.216,166.675
55.680,-28.605,0.169,0.216,166.683
55.700,-26.332,0.161,0.216,166.689
55.720,-23.719,0.158,0.216,166.701
55.740,-20.730,0.146,0.216,166.713
55.760,-17.449,0.142,0.216,166.718
55.780,-13.963,0.132,0.216,166.719
55.800,-10.248,0.124,0.216,166.710
55.820,-6.393,0.108,0.216,166.696
55.840,-2.449,0.098,0.216,166.671
55.860,1.541,0.084,0.216,166.637
55.880,5.484,0.078,0.216,166.596
55.900,9.352,0.061,0.216,166.547
55.920,13.113,0.053,0.216,166.496
55.940,16.705,0.044,0.216,166.440
55.960,20.021,0.022,0.216,166.383
55.980,23.098,0.018,0.216,166.335
56.000,25.846,0.005,0.216,166.292
56.020,28.219,0.002,0.216,166.255
56.040,30.193,-0.011,0.216,166.229
56.060,31.770,-0.017,0.216,166.219
56.080,32.906,-0.022,0.216,166.218
56.100,33.586,-0.028,0.216,166.236
56.120,33.797,-0.031,0.216,166.276
56.140,33.551,-0.033,0.216,166.324
56.160,32.824,-0.035,0.216,166.392
56.180,31.682,-0.028,0.216,166.460
56.200,30.047,-0.033,0.216,166.541
56.220,28.084,-0.023,0.216,166.629
56.240,25.658,-0.022,0.216,166.720
56.260,22.887,-0.013,0.216,166.812
56.280,19.822,-0.005,0.216,166.897
56.300,16.471,-0.000,0.216,166.979
56.320,12.861,0.011,0.216,167.056
56.340,9.129,0.018,0.216,167.123
56.360,5.268,0.032,0.214,167.180
56.380,1.318,0.041,0.214,167.227
56.400,-2.666,0.055,0.214,167.264
56.420,-6.592,0.064,0.214,167.292
56.440,-10.453,0.078,0.214,167.313
56.460,-14.145,0.087,0.214,167.327
56.480,-17.625,0.101,0.214,167.337
56.500,-20.865,0.113,0.214,167.340
56.520,-23.824,0.125,0.214,167.353
56.540,-26.420,0.132,0.214,167.362
56.560,-28.699,0.145,0.214,167.380
56.580,-30.533,0.145,0.214,167.400
56.600,-31.963,0.155,0.214,167.431
56.620,-32.930,0.161,0.214,167.464
56.640,-33.381,0.168,0.214,167.512
56.660,-33.457,0.166,0.214,167.578
56.680,-33.047,0.171,0.214,167.641
56.700,-32.186,0.164,0.214,167.716
56.720,-30.838,0.170,0.214,167.784
56.740,-29.068,0.162,0.214,167.866
56.760,-26.889,0.162,0.214,167.933
56.780,-24.346,0.155,0.214,168.009
56.800,-21.428,0.146,0.214,168.065
56.820,-18.229,0.142,0.214,168.122
56.840,-14.777,0.133,0.214,168.159
56.860,-11.115,0.125,0.214,168.193
56.880,-7.295,0.112,0.214,168.208
56.900,-3.340,0.105,0.214,168.212
56.920,0.615,0.090,0.214,168.200
56.940,4.600,0.086,0.214,168.174
56.960,8.479,0.065,0.214,168.135
56.980,12.287,0.060,0.214,168.088
57.000,15.885,0.041,0.214,168.026
57.020,19.307,0.038,0.214,167.960
57.040,22.418,0.018,0.214,167.884
57.060,25.271,0.018,0.214,167.819
57.080,27.709,0.001,0.214,167.738
57.100,29.801,0.000,0.214,167.677
57.120,31.447,-0.011,0.214,167.600
57.140,32.684,-0.013,0.214,167.550
57.160,33.475,-0.023,0.214,167.489
57.180,33.791,-0.026,0.214,167.458
57.200,33.645,-0.027,0.214,167.422
57.220,33.029,-0.031,0.214,167.408
57.240,31.975,-0.024,0.214,167.387
57.260,30.451,-0.028,0.214,167.376
57.280,28.547,-0.020,0.214,167.367
57.300,26.232,-0.016,0.214,167.361
57.320,23.531,-0.008,0.214,167.346
57.340,20.520,-0.008,0.214,167.334
57.360,17.238,0.008,0.214,167.315
57.380,13.687,0.010,0.214,167.290
57.400,9.979,0.028,0.214,167.255
57.420,6.123,0.030,0.214,167.207
57.440,2.180,0.048,0.214,167.152
57.460,-1.781,0.056,0.214,167.087
57.480,-5.730,0.070,0.214,167.012
57.500,-9.615,0.079,0.214,166.931
57.520,-13.330,0.093,0.214,166.841
57.540,-16.869,0.103,0.214,166.749
57.560,-20.191,0.117,0.214,166.654
57.580,-23.203,0.128,0.214,166.565
57.600,-25.910,0.137,0.214,166.480
57.620,-28.225,0.145,0.214,166.402
57.640,-30.199,0.154,0.214,166.329
57.660,-31.699,0.161,0.214,166.276
57.680,-32.748,0.168,0.214,166.236
57.700,-33.322,0.172,0.214,166.214
57.720,-33.469,0.174,0.214,166.209
57.740,-33.187,0.176,0.214,166.218
57.760,-32.432,0.177,0.214,166.241
57.780,-31.172,0.174,0.214,166.275
57.800,-29.479,0.178,0.214,166.327
57.820,-27.393,0.163,0.214,166.387
57.840,-24.937,0.168,0.214,166.444
57.860,-22.107,0.153,0.214,166.504
57.880,-18.949,0.153,0.214,166.561
57.900,-15.562,0.137,0.214,166.617
57.920,-11.930,0.133,0.214,166.664
57.940,-8.139,0.112,0.214,166.709
57.960,-4.225,0.110,0.214,166.743
57.980,-0.240,0.091,0.214,166.771
58.000,3.715,0.089,0.214,166.791
58.020,7.641,0.066,0.214,166.803
58.040,11.432,0.059,0.214,166.814
58.060,15.117,0.049,0.214,166.820
58.080,18.568,0.034,0.214,166.826
58.100,21.750,0.022,0.214,166.831
58.120,24.668,0.013,0.214,166.847
58.140,27.199,0.010,0.214,166.868
58.160,29.367,-0.009,0.214,166.893
58.180,31.107,-0.008,0.214,166.937
58.200,32.467,-0.021,0.214,166.984
58.220,33.340,-0.020,0.214,167.049
58.240,33.762,-0.029,0.214,167.121
58.260,33.709,-0.028,0.214,167.215
58.280,33.211,-0.038,0.216,167.309
58.300,32.238,-0.029,0.216,167.428
58.320,30.838,-0.032,0.216,167.533
58.340,29.016,-0.023,0.216,167.653
58.360,26.795,-0.021,0.216,167.765
58.380,24.170,-0.016,0.216,167.878
58.400,21.240,-0.009,0.216,167.981
58.420,18.012,-0.003,0.216,168.076
58.440,14.496,0.008,0.216,168.161
58.460,10.840,0.012,0.216,168.235
58.480,7.008,0.031,0.216,168.297
58.500,3.100,0.037,0.216,168.345
58.520,-0.879,0.052,0.216,168.378
58.540,-4.828,0.058,0.216,168.401
58.560,-8.730,0.072,0.216,168.408
58.580,-12.492,0.083,0.216,168.407
58.600,-16.078,0.099,0.216,168.392
58.620,-19.441,0.105,0.216,168.377
58.640,-22.529,0.119,0.216,168.352
58.660,-25.277,0.128,0.216,168.327
58.680,-27.709,0.138,0.216,168.303
58.700,-29.760,0.147,0.216,168.282
58.720,-31.359,0.150,0.216,168.265
58.740,-32.531,0.160,0.216,168.252
58.760,-33.205,0.164,0.216,168.240
58.780,-33.463,0.170,0.216,168.246
58.800,-33.275,0.171,0.216,168.250
58.820,-32.607,0.170,0.216,168.265
58.840,-31.482,0.173,0.216,168.276
58.860,-29.889,0.170,0.216,168.293
58.880,-27.873,0.165,0.216,168.315
58.900,-25.512,0.160,0.216,168.328
58.920,-22.764,0.150,0.216,168.339
58.940,-19.670,0.149,0.216,168.337
58.960,-16.318,0.137,0.216,168.332
58.980,-12.750,0.129,0.216,168.312
59.000,-8.977,0.116,0.216,168.283
59.020,-5.098,0.110,0.216,168.240
59.040,-1.148,0.093,0.216,168.185
59.060,2.830,0.081,0.216,168.117
59.080,6.768,0.072,0.216,168.038
59.100,10.617,0.056,0.216,167.949
59.120,14.309,0.048,0.216,167.853
59.140,17.801,0.036,0.216,167.751
59.160,21.064,0.027,0.216,167.641
59.180,24.035,0.014,0.216,167.531
59.200,26.666,0.004,0.216,167.425
59.220,28.910,-0.007,0.216,167.328
59.240,30.768,-0.012,0.216,167.236
59.260,32.203,-0.021,0.216,167.154
59.280,33.182,-0.025,0.216,167.077
59.300,33.703,-0.029,0.216,167.021
59.320,33.762,-0.031,0.216,166.971
59.340,33.381,-0.030,0.216,166.939
59.360,32.502,-0.033,0.216,166.913
59.380,31.201,-0.029,0.216,166.898
59.400,29.455,-0.030,0.216,166.893
59.420,27.322,-0.017,0.216,166.898
59.440,24.791,-0.021,0.216,166.897
59.460,21.896,-0.008,0.216,166.904
59.480,18.738,-0.005,0.216,166.907
59.500,15.305,0.010,0.216,166.907
59.520,11.660,0.016,0.216,166.903
59.540,7.852,0.029,0.216,166.889
59.560,3.937,0.037,0.216,166.869
59.580,-0.023,0.057,0.216,166.840
59.600,-3.973,0.060,0.216,166.805
59.620,-7.898,0.079,0.216,166.764
59.640,-11.695,0.084,0.216,166.718
59.660,-15.328,0.099,0.216,166.669
59.680,-18.756,0.108,0.216,166.618
59.700,-21.914,0.120,0.216,166.569
59.720,-24.744,0.130,0.216,166.522
59.740,-27.223,0.141,0.216,166.487
59.760,-29.367,0.144,0.216,166.465
59.780,-31.090,0.157,0.216,166.445
59.800,-32.338,0.153,0.216,166.452
59.820,-33.135,0.173,0.216,166.451
59.840,-33.457,0.162,0.216,166.495
59.860,-33.387,0.180,0.218,166.525
59.880,-32.830,0.170,0.218,166.593
59.900,-31.816,0.179,0.218,166.654
59.920,-30.316,0.165,0.218,166.747
59.940,-28.395,0.174,0.218,166.820
59.960,-26.098,0.157,0.218,166.922
59.980,-23.437,0.164,0.218,166.999
60.000,-20.396,0.146,0.218,167.096
60.020,-17.127,0.146,0.218,167.173
60.040,-13.600,0.132,0.218,167.251
60.060,-9.867,0.128,0.218,167.316
60.080,-5.994,0.113,0.218,167.373
60.100,-2.057,0.099,0.218,167.418
60.120,1.928,0.094,0.218,167.452
60.140,5.883,0.079,0.218,167.475
60.160,9.732,0.070,0.218,167.489
60.180,13.506,0.053,0.218,167.494
60.200,17.039,0.048,0.218,167.495
60.220,20.355,0.029,0.218,167.488
60.240,23.385,0.024,0.218,167.486
60.260,26.098,0.011,0.218,167.482
60.280,28.441,0.007,0.218,167.484
60.300,30.387,-0.008,0.218,167.484
60.320,31.910,-0.007,0.218,167.500
60.340,33.000,-0.021,0.218,167.514
60.360,33.627,-0.019,0.218,167.545
60.380,33.791,-0.029,0.218,167.587
60.400,33.504,-0.025,0.218,167.629
60.420,32.742,-0.029,0.218,167.683
60.440,31.529,-0.028,0.218,167.736
60.460,29.865,-0.026,0.218,167.800
60.480,27.838,-0.022,0.218,167.854
60.500,25.395,-0.013,0.218,167.913
60.520,22.582,-0.011,0.218,167.951
60.540,19.465,-0.002,0.218,167.994
60.560,16.107,0.003,0.218,168.020
60.580,12.492,0.016,0.218,168.042
60.600,8.719,0.025,0.218,168.044
60.620,4.840,0.039,0.218,168.036
60.640,0.891,0.041,0.218,168.013
60.660,-3.094,0.061,0.218,167.978
60.680,-7.008,0.061,0.218,167.931
60.700,-10.852,0.084,0.218,167.868
60.720,-14.496,0.089,0.218,167.797
60.740,-17.982,0.105,0.218,167.721
60.760,-21.199,0.113,0.218,167.637
60.780,-24.111,0.128,0.218,167.553
60.800,-26.695,0.137,0.218,167.468
60.820,-28.898,0.141,0.218,167.392
60.840,-30.727,0.150,0.218,167.312
60.860,-32.074,0.157,0.218,167.252
60.880,-32.988,0.166,0.218,167.190
60.900,-33.398,0.168,0.218,167.151
60.920,-33.422,0.170,0.218,167.109
60.940,-32.977,0.170,0.218,167.081
60.960,-32.045,0.174,0.218,167.059
60.980,-30.650,0.166,0.218,167.049
61.000,-28.822,0.172,0.218,167.038
61.020,-26.596,0.156,0.218,167.037
61.040,-24.029,0.163,0.218,167.030
61.060,-21.082,0.141,0.218,167.024
61.080,-17.854,0.145,0.218,167.005
61.100,-14.379,0.127,0.218,166.986
61.120,-10.693,0.126,0.218,166.956
61.140,-6.855,0.103,0.218,166.920
61.160,-2.900,0.103,0.218,166.871
61.180,1.055,0.082,0.218,166.813
61.200,5.027,0.083,0.218,166.747
61.220,8.906,0.056,0.218,166.670
61.240,12.668,0.054,0.218,166.592
61.260,16.283,0.038,0.218,166.507
61.280,19.646,0.025,0.218,166.422
61.300,22.746,0.019,0.218,166.339
61.320,25.541,0.007,0.218,166.258
61.340,27.955,0.002,0.218,166.187
61.360,29.977,-0.014,0.218,166.123
61.380,31.617,-0.013,0.218,166.082
61.400,32.812,-0.023,0.218,166.041
61.420,33.521,-0.021,0.218,166.027
61.440,33.803,-0.036,0.218,166.019
61.460,33.615,-0.025,0.218,166.041
61.480,32.959,-0.037,0.218,166.059
61.500,31.828,-0.027,0.218,166.099
61.520,30.287,-0.037,0.218,166.146
61.540,28.336,-0.021,0.218,166.212
61.560,25.980,-0.020,0.218,166.268
61.580,23.232,-0.012,0.218,166.329
61.600,20.203,-0.008,0.218,166.392
61.620,16.881,0.001,0.218,166.449
61.640,13.301,0.012,0.218,166.501
61.660,9.574,0.016,0.218,166.547
61.680,5.713,0.034,0.218,166.586
61.700,1.770,0.038,0.218,166.616
61.720,-2.203,0.057,0.218,166.639
61.740,-6.135,0.061,0.218,166.654
61.760,-9.990,0.081,0.218,166.661
61.780,-13.723,0.084,0.218,166.667
61.800,-17.215,0.100,0.218,166.667
61.820,-20.508,0.110,0.218,166.668
61.840,-23.508,0.124,0.218,166.672
61.860,-26.150,0.129,0.218,166.684
61.880,-28.453,0.146,0.218,166.698
61.900,-30.352,0.147,0.218,166.731
61.920,-31.822,0.156,0.218,166.763
61.940,-32.842,0.158,0.218,166.814
61.960,-33.346,0.165,0.218,166.869
61.980,-33.463,0.170,0.218,166.944
62.000,-33.129,0.172,0.218,167.020
62.020,-32.344,0.168,0.218,167.118
62.040,-31.049,0.172,0.218,167.207
62.060,-29.303,0.168,0.218,167.314
62.080,-27.176,0.164,0.218,167.412
62.100,-24.668,0.157,0.218,167.512
62.120,-21.803,0.150,0.218,167.602
62.140,-18.627,0.147,0.218,167.687
62.160,-15.199,0.137,0.218,167.759
62.180,-11.549,0.128,0.218,167.825
62.200,-7.729,0.116,0.218,167.874
62.220,-3.838,0.105,0.218,167.912
62.240,0.158,0.095,0.218,167.936
62.260,4.137,0.083,0.218,167.947
62.280,8.021,0.072,0.218,167.944
62.300,11.824,0.058,0.218,167.931
62.320,15.463,0.049,0.218,167.910
62.340,18.891,0.037,0.218,167.875
62.360,22.061,0.023,0.218,167.841
62.380,24.943,0.013,0.218,167.798
62.400,27.434,0.004,0.218,167.771
62.420,29.561,-0.001,0.218,167.730
62.440,31.277,-0.010,0.218,167.709
62.460,32.572,-0.017,0.218,167.681
62.480,33.404,-0.021,0.218,167.675
62.500,33.785,-0.027,0.218,167.656
62.520,33.686,-0.027,0.218,167.669
62.540,33.141,-0.031,0.218,167.664
62.560,32.115,-0.029,0.218,167.689
62.580,30.662,-0.025,0.218,167.700
62.600,28.787,-0.024,0.218,167.720
62.620,26.531,-0.013,0.218,167.735
62.640,23.871,-0.013,0.218,167.748
62.660,20.877,-0.002,0.218,167.755
62.680,17.637,0.001,0.218,167.751
62.700,14.109,0.013,0.218,167.745
62.720,10.418,0.023,0.218,167.725
62.740,6.586,0.034,0.218,167.694
62.760,2.643,0.044,0.218,167.650
62.780,-1.318,0.058,0.218,167.595
62.800,-5.262,0.063,0.218,167.530
62.820,-9.158,0.083,0.218,167.453
62.840,-12.896,0.087,0.218,167.372
62.860,-16.453,0.106,0.218,167.278
62.880,-19.811,0.116,0.218,167.191
62.900,-22.857,0.128,0.218,167.095
62.920,-25.600,0.136,0.218,167.013
62.940,-27.955,0.145,0.218,166.927
62.960,-29.959,0.153,0.218,166.858
62.980,-31.547,0.162,0.218,166.792
63.000,-32.637,0.164,0.218,166.748
63.020,-33.281,0.172,0.218,166.710
63.040,-33.475,0.172,0.218,166.694
63.060,-33.234,0.175,0.218,166.686
63.080,-32.514,0.174,0.218,166.687
63.100,-31.359,0.172,0.218,166.704
63.120,-29.713,0.174,0.218,166.725
63.140,-27.645,0.166,0.218,166.765
63.160,-25.248,0.169,0.218,166.798
63.180,-22.459,0.151,0.218,166.842
63.200,-19.354,0.149,0.218,166.871
63.220,-15.967,0.136,0.218,166.909
63.240,-12.369,0.132,0.218,166.933
63.260,-8.596,0.118,0.218,166.959
63.280,-4.682,0.112,0.217,166.971
63.300,-0.738,0.091,0.217,166.977
63.320,3.240,0.090,0.217,166.975
63.340,7.178,0.066,0.217,166.965
63.360,10.986,0.062,0.217,166.954
63.380,14.689,0.045,0.217,166.937
63.400,18.176,0.037,0.217,166.920
63.420,21.375,0.022,0.217,166.903
63.440,24.334,0.015,0.217,166.894
63.460,26.912,0.007,0.217,166.893
63.480,29.115,-0.004,0.217,166.897
63.500,30.926,-0.011,0.217,166.914
63.520,32.320,-0.018,0.217,166.942
63.540,33.252,-0.021,0.217,166.989
63.560,33.738,-0.029,0.217,167.037
63.580,33.750,-0.028,0.217,167.119
63.600,33.305,-0.031,0.217,167.189
63.620,32.391,-0.029,0.217,167.292
63.640,31.031,-0.034,0.217,167.377
63.660,29.250,-0.027,0.217,167.493
63.680,27.088,-0.023,0.217,167.593
63.700,24.504,-0.017,0.217,167.702
63.720,21.592,-0.013,0.217,167.795
63.740,18.398,-0.004,0.217,167.894
63.760,14.924,0.004,0.217,167.976
63.780,11.268,0.012,0.217,168.055
63.800,7.465,0.026,0.217,168.116
63.820,3.539,0.034,0.217,168.167
63.840,-0.404,0.047,0.217,168.206
63.860,-4.359,0.057,0.217,168.233
63.880,-8.279,0.070,0.217,168.247
63.900,-12.070,0.082,0.217,168.252
63.920,-15.656,0.096,0.217,168.246
63.940,-19.066,0.103,0.217,168.242
63.960,-22.195,0.120,0.217,168.223
63.980,-24.979,0.123,0.217,168.212
64.000,-27.451,0.138,0.217,168.187
64.020,-29.537,0.141,0.217,168.185
64.040,-31.219,0.153,0.217,168.164
64.060,-32.402,0.159,0.217,168.170
64.080,-33.164,0.166,0.217,168.169
64.100,-33.445,0.167,0.217,168.196
64.120,-33.287,0.170,0.217,168.206
64.140,-32.713,0.173,0.217,168.229
64.160,-31.623,0.169,0.217,168.255
64.180,-30.088,0.174,0.217,168.283
64.200,-28.148,0.163,0.217,168.318
64.220,-25.775,0.162,0.217,168.341
64.240,-23.104,0.149,0.217,168.369
64.260,-20.039,0.147,0.217,168.375
64.280,-16.734,0.132,0.217,168.383
64.300,-13.184,0.131,0.217,168.370
64.320,-9.445,0.114,0.217,168.354
64.340,-5.555,0.108,0.217,168.320
64.360,-1.611,0.093,0.217,168.275
64.380,2.367,0.079,0.217,168.216
64.400,6.299,0.074,0.217,168.146
64.420,10.143,0.055,0.217,168.064
64.440,13.875,0.050,0.217,167.974
64.460,17.408,0.034,0.217,167.878
64.480,20.689,0.027,0.217,167.776
64.500,23.701,0.012,0.217,167.670
64.520,26.361,0.007,0.217,167.566
64.540,28.658,-0.004,0.217,167.464
64.560,30.557,-0.009,0.217,167.374
64.580,32.045,-0.018,0.217,167.289
64.600,33.076,-0.022,0.217,167.212
64.620,33.668,-0.029,0.217,167.151
64.640,33.791,-0.028,0.217,167.104
64.660,33.451,-0.033,0.217,167.063
64.680,32.613,-0.031,0.217,167.036
64.700,31.377,-0.030,0.217,167.016
64.720,29.684,-0.028,0.217,167.009
64.740,27.598,-0.017,0.217,167.006
64.760,25.102,-0.020,0.217,166.999
64.780,22.260,-0.009,0.217,167.000
64.800,19.125,-0.004,0.217,166.994
64.820,15.709,0.004,0.217,166.988
64.840,12.082,0.013,0.217,166.977
64.860,8.314,0.025,0.216,166.959
64.880,4.418,0.037,0.216,166.932
64.900,0.439,0.052,0.212,166.897
64.920,-3.504,0.055,0.212,166.855
64.940,-7.436,0.078,0.212,166.806
64.960,-11.256,0.082,0.212,166.755
64.980,-14.900,0.093,0.212,166.698
65.000,-18.346,0.107,0.212,166.637
65.020,-21.557,0.114,0.212,166.581
65.040,-24.428,0.131,0.212,166.527
65.060,-26.965,0.139,0.212,166.485
65.080,-29.150,0.147,0.212,166.455
65.100,-30.920,0.155,0.212,166.434
65.120,-32.221,0.158,0.212,166.432
65.140,-33.100,0.174,0.212,166.474
65.160,-33.439,0.161,0.212,166.474
65.180,-33.434,0.182,0.219,166.504
65.200,-32.912,0.172,0.219,166.567
65.220,-31.957,0.176,0.219,166.632
65.240,-30.539,0.174,0.219,166.709
65.260,-28.635,0.165,0.219,166.799
65.280,-26.402,0.174,0.219,166.882
65.300,-23.754,0.150,0.219,166.983
65.320,-20.795,0.158,0.219,167.062
65.340,-17.531,0.135,0.219,167.152
65.360,-14.033,0.146,0.219,167.222
65.380,-10.301,0.112,0.219,167.300
65.400,-6.439,0.129,0.219,167.354
65.420,-2.508,0.089,0.219,167.408
65.440,1.465,0.107,0.219,167.446
65.460,5.432,0.065,0.219,167.473
65.480,9.299,0.082,0.219,167.499
65.500,13.072,0.041,0.219,167.505
65.520,16.623,0.059,0.219,167.522
65.540,19.980,0.021,0.219,167.515
65.560,23.051,0.035,0.219,167.531
65.580,25.816,-0.001,0.219,167.519
65.600,28.189,0.010,0.219,167.544
65.620,30.176,-0.013,0.219,167.547
65.640,31.752,-0.001,0.219,167.577
65.660,32.889,-0.025,0.219,167.588
65.680,33.580,-0.014,0.219,167.633
65.700,33.809,-0.033,0.219,167.669
65.720,33.557,-0.018,0.219,167.730
65.740,32.842,-0.032,0.219,167.783
65.760,31.693,-0.027,0.219,167.844
65.780,30.105,-0.027,0.219,167.909
65.800,28.107,-0.022,0.219,167.970
65.820,25.693,-0.016,0.219,168.034
65.840,22.934,-0.011,0.219,168.086
65.860,19.869,-0.005,0.219,168.137
65.880,16.506,0.011,0.219,168.170
65.900,12.926,0.012,0.219,168.194
65.920,9.176,0.028,0.219,168.204
65.940,5.314,0.031,0.219,168.202
65.960,1.359,0.048,0.219,168.186
65.980,-2.619,0.054,0.219,168.157
66.000,-6.533,0.070,0.219,168.114
66.020,-10.400,0.075,0.219,168.060
66.040,-14.074,0.102,0.219,167.992
66.060,-17.590,0.092,0.219,167.927
66.080,-20.830,0.125,0.219,167.839
66.100,-23.771,0.116,0.219,167.770
66.120,-26.391,0.145,0.219,167.676
66.140,-28.641,0.133,0.219,167.613
66.160,-30.510,0.161,0.219,167.524
66.180,-31.916,0.147,0.219,167.471
66.200,-32.906,0.170,0.219,167.395
66.220,-33.363,0.160,0.219,167.365
66.240,-33.434,0.175,0.219,167.316
66.260,-33.023,0.169,0.219,167.295
66.280,-32.174,0.170,0.219,167.270
66.300,-30.814,0.170,0.219,167.259
66.320,-29.068,0.166,0.219,167.252
66.340,-26.883,0.159,0.219,167.246
66.360,-24.346,0.155,0.219,167.240
66.380,-21.439,0.149,0.219,167.230
66.400,-18.270,0.143,0.219,167.218
66.420,-14.795,0.132,0.219,167.200
66.440,-11.127,0.121,0.219,167.174
66.460,-7.318,0.112,0.219,167.138
66.480,-3.363,0.098,0.219,167.093
66.500,0.586,0.092,0.219,167.038
66.520,4.553,0.072,0.217,166.973
66.540,8.455,0.067,0.217,166.904
66.560,12.246,0.048,0.217,166.823
66.580,15.855,0.046,0.217,166.746
66.600,19.266,0.025,0.217,166.656
66.620,22.377,0.025,0.217,166.580
66.640,25.242,0.007,0.217,166.499
66.660,27.680,0.003,0.217,166.435
66.680,29.766,-0.010,0.217,166.372
66.700,31.430,-0.017,0.217,166.327
66.720,32.678,-0.019,0.217,166.300
66.740,33.469,-0.032,0.217,166.277
66.760,33.797,-0.021,0.217,166.293
66.780,33.650,-0.043,0.226,166.292
66.800,33.035,-0.013,0.226,166.343
66.820,31.992,-0.051,0.234,166.351
66.840,30.504,-0.013,0.234,166.432
66.860,28.582,-0.047,0.234,166.462
66.880,26.273,-0.001,0.234,166.556
66.900,23.578,-0.035,0.234,166.683
66.920,20.561,0.010,0.234,166.683
66.940,17.279,-0.018,0.234,166.728
66.960,13.740,0.019,0.234,166.796
66.980,10.043,0.007,0.234,166.843
67.000,6.187,0.033,0.234,166.890
67.020,2.238,0.040,0.234,166.925
67.040,-1.723,0.047,0.234,166.952
67.060,-5.672,0.072,0.234,166.970
67.080,-9.545,0.066,0.234,166.987
67.100,-13.283,0.101,0.234,166.989
67.120,-16.816,0.084,0.234,167.004
67.140,-20.145,0.126,0.234,166.994
67.160,-23.174,0.104,0.234,167.016
67.180,-25.857,0.148,0.234,167.006
67.200,-28.207,0.127,0.234,167.047
67.220,-30.152,0.166,0.234,167.052
67.240,-31.682,0.141,0.234,167.115
67.260,-32.760,0.181,0.234,167.140
67.280,-33.346,0.152,0.234,167.229
67.300,-33.475,0.185,0.236,167.279
67.320,-33.182,0.161,0.236,167.374
67.340,-32.455,0.181,0.236,167.451
67.360,-31.213,0.164,0.236,167.556
67.380,-29.520,0.177,0.236,167.645
67.400,-27.439,0.162,0.236,167.854
67.420,-24.967,0.159,0.236,167.854
67.440,-22.166,0.149,0.236,167.945
67.460,-19.008,0.145,0.236,168.025
67.480,-15.615,0.138,0.236,168.096
67.500,-11.982,0.124,0.236,168.163
67.520,-8.197,0.122,0.236,168.209
67.540,-4.283,0.099,0.236,168.247
67.560,-0.316,0.104,0.236,168.269
67.580,3.650,0.073,0.236,168.278
67.600,7.570,0.085,0.236,168.276
67.620,11.391,0.051,0.236,168.257
67.640,15.059,0.060,0.236,168.238
67.660,18.516,0.026,0.236,168.198
67.680,21.697,0.033,0.236,168.171
67.700,24.627,0.008,0.236,168.121
67.720,27.170,0.012,0.236,168.100
67.740,29.332,-0.004,0.236,168.045
67.760,31.102,-0.006,0.236,168.027
67.780,32.443,-0.017,0.236,167.992
67.800,33.322,-0.021,0.236,167.976
67.820,33.768,-0.019,0.236,167.967
67.840,33.709,-0.029,0.236,167.947
67.860,33.223,-0.019,0.236,167.965
67.880,32.256,-0.035,0.236,167.945
67.900,30.861,-0.015,0.236,167.973
67.920,29.033,-0.036,0.236,167.958
67.940,26.818,-0.004,0.236,167.997
67.960,24.205,-0.023,0.236,167.974
67.980,21.264,0.008,0.236,167.999
68.000,18.047,-0.008,0.236,167.970
68.020,14.525,0.017,0.236,167.971
68.040,10.863,0.015,0.236,167.934
68.060,7.037,0.037,0.236,167.903
68.080,3.117,0.041,0.236,167.850
68.100,-0.850,0.056,0.236,167.718
68.120,-4.793,0.065,0.236,167.718
68.140,-8.707,0.074,0.236,167.632
68.160,-12.451,0.093,0.236,167.545
68.180,-16.055,0.097,0.236,167.446
68.200,-19.430,0.122,0.236,167.348
68.220,-22.512,0.110,0.236,167.246
68.240,-25.289,0.144,0.236,167.141
68.260,-27.686,0.130,0.236,167.049
68.280,-29.748,0.166,0.236,166.956
68.300,-31.371,0.145,0.236,166.888
68.320,-32.537,0.175,0.236,166.810
68.340,-33.240,0.158,0.236,166.775
68.360,-33.469,0.185,0.236,166.725
68.380,-33.299,0.164,0.236,166.722
68.400,-32.648,0.188,0.239,166.695
68.420,-31.512,0.166,0.239,166.716
68.440,-29.936,0.181,0.239,166.717
68.460,-27.908,0.159,0.239,166.740
68.480,-25.547,0.172,0.239,166.755
68.500,-22.816,0.151,0.239,166.785
68.520,-19.711,0.153,0.239,166.807
68.540,-16.383,0.143,0.239,166.829
68.560,-12.803,0.130,0.239,166.849
68.580,-9.029,0.121,0.239,166.858
68.600,-5.145,0.105,0.239,166.862
68.620,-1.195,0.099,0.239,166.854
68.640,2.777,0.079,0.239,166.842
68.660,6.727,0.079,0.239,166.826
68.680,10.553,0.054,0.239,166.796
68.700,14.279,0.058,0.239,166.778
68.720,17.754,0.029,0.239,166.737
68.740,21.012,0.037,0.239,166.726
68.760,24.012,0.005,0.239,166.683
68.780,26.631,0.016,0.239,166.688
68.800,28.875,-0.013,0.239,166.662
68.820,30.744,-0.004,0.239,166.689
68.840,32.186,-0.024,0.239,166.696
68.860,33.182,-0.020,0.239,166.738
68.880,33.697,-0.031,0.239,166.782
68.900,33.773,-0.031,0.239,166.849
68.920,33.387,-0.033,0.239,166.921
68.940,32.520,-0.033,0.239,167.007
68.960,31.213,-0.027,0.239,167.102
68.980,29.479,-0.031,0.239,167.200
69.000,27.363,-0.019,0.239,167.307
69.020,24.814,-0.021,0.239,167.404
69.040,21.943,-0.008,0.239,167.507
69.060,18.791,-0.013,0.239,167.596
69.080,15.346,0.009,0.239,167.692
69.100,11.701,0.008,0.239,167.764
69.120,7.910,0.031,0.239,167.833
69.140,4.025,0.027,0.239,167.885
69.160,0.059,0.050,0.239,167.929
69.180,-3.914,0.054,0.239,167.961
69.200,-7.805,0.074,0.239,167.979
69.220,-11.619,0.081,0.239,167.992
69.240,-15.240,0.095,0.239,167.993
69.260,-18.674,0.104,0.239,167.992
69.280,-21.838,0.119,0.239,167.986
69.300,-24.662,0.126,0.239,167.978
69.320,-27.170,0.137,0.239,167.977
69.340,-29.285,0.140,0.239,167.963
69.360,-31.043,0.152,0.239,167.973
69.380,-32.291,0.160,0.239,167.953
69.400,-33.094,0.161,0.239,167.999
69.420,-33.428,0.172,0.239,167.992
69.440,-33.334,0.163,0.239,168.059
69.460,-32.818,0.176,0.239,168.053
69.480,-31.770,0.165,0.239,168.127
69.500,-30.299,0.172,0.239,168.135
69.520,-28.377,0.161,0.239,168.203
69.540,-26.086,0.164,0.239,168.224
69.560,-23.449,0.151,0.239,168.273
69.580,-20.426,0.150,0.239,168.292
69.600,-17.145,0.137,0.239,168.311
69.620,-13.635,0.132,0.239,168.318
69.640,-9.891,0.120,0.239,168.307
69.660,-6.035,0.109,0.239,168.290
69.680,-2.080,0.096,0.239,168.254
69.700,1.887,0.084,0.239,168.207
69.720,5.836,0.076,0.239,168.151
69.740,9.697,0.061,0.239,168.073
69.760,13.447,0.054,0.239,168.001
69.780,17.004,0.037,0.239,167.901
69.800,20.303,0.029,0.239,167.823
69.820,23.361,0.014,0.239,167.712
69.840,26.068,0.009,0.239,167.640
69.860,28.412,-0.007,0.239,167.529
69.880,30.363,-0.008,0.239,167.469
69.900,31.898,-0.017,0.239,167.374
69.920,32.988,-0.019,0.239,167.320
69.940,33.615,-0.027,0.239,167.248
69.960,33.803,-0.026,0.239,167.216
69.980,33.510,-0.031,0.239,167.173
70.000,32.748,-0.029,0.239,167.149
70.020,31.553,-0.028,0.239,167.126
70.040,29.906,-0.026,0.239,167.114
70.060,27.885,-0.022,0.239,167.111
70.080,25.406,-0.018,0.239,167.105
70.100,22.605,-0.010,0.239,167.109
70.120,19.506,-0.006,0.239,167.098
70.140,16.137,0.004,0.239,167.099
70.160,12.527,0.013,0.239,167.080
70.180,8.760,0.025,0.239,167.065
70.200,4.875,0.036,0.239,167.033
70.220,0.926,0.049,0.239,166.997
70.240,-3.047,0.057,0.239,166.952
70.260,-6.979,0.074,0.239,166.898
70.280,-10.816,0.079,0.239,166.843
70.300,-14.496,0.099,0.239,166.776
70.320,-17.953,0.103,0.239,166.717
70.340,-21.187,0.120,0.239,166.648
70.360,-24.111,0.128,0.239,166.593
70.380,-26.684,0.141,0.239,166.542
70.400,-28.898,0.148,0.239,166.496
70.420,-30.715,0.157,0.239,166.470
70.440,-32.109,0.162,0.239,166.444
70.460,-33.000,0.173,0.239,166.455
70.480,-33.410,0.173,0.239,166.463
70.500,-33.451,0.177,0.239,166.516
70.520,-32.994,0.179,0.239,166.546
70.540,-32.109,0.178,0.239,166.625
70.560,-30.703,0.178,0.239,166.679
70.580,-28.881,0.176,0.239,166.775
70.600,-26.672,0.168,0.239,166.857
70.620,-24.064,0.158,0.239,166.951
70.640,-21.152,0.159,0.239,167.027
70.660,-17.918,0.148,0.239,167.114
70.680,-14.443,0.138,0.239,167.189
70.700,-10.764,0.127,0.239,167.259
70.720,-6.902,0.117,0.239,167.320
70.740,-2.977,0.103,0.239,167.370
70.760,1.008,0.095,0.239,167.410
70.780,4.975,0.077,0.239,167.442
70.800,8.848,0.069,0.239,167.463
70.820,12.633,0.055,0.239,167.484
70.840,16.230,0.049,0.239,167.488
70.860,19.594,0.031,0.239,167.506
70.880,22.699,0.025,0.239,167.504
70.900,25.518,0.016,0.239,167.523
70.920,27.914,0.008,0.239,167.521
70.940,29.971,-0.005,0.239,167.551
70.960,31.588,-0.010,0.239,167.565
70.980,32.789,-0.019,0.239,167.617
71.000,33.527,-0.020,0.239,167.651
71.020,33.797,-0.025,0.239,167.715
71.040,33.609,-0.025,0.239,167.761
71.060,32.965,-0.029,0.239,167.839
71.080,31.857,-0.025,0.239,167.905
71.100,30.311,-0.024,0.239,167.981
71.120,28.359,-0.023,0.239,168.056
71.140,26.004,-0.014,0.239,168.127
71.160,23.273,-0.012,0.239,168.189
71.180,20.250,-0.004,0.239,168.243
71.200,16.922,0.005,0.239,168.290
71.220,13.359,0.011,0.239,168.321
71.240,9.639,0.024,0.239,168.346
71.260,5.760,0.032,0.239,168.351
71.280,1.828,0.045,0.239,168.346
71.300,-2.150,0.054,0.239,168.325
71.320,-6.076,0.066,0.239,168.288
71.340,-9.949,0.077,0.239,168.244
71.360,-13.635,0.091,0.239,168.179
71.380,-17.168,0.099,0.239,168.119
71.400,-20.467,0.115,0.239,168.038
71.420,-23.443,0.117,0.239,167.967
71.440,-26.104,0.135,0.239,167.877
71.460,-28.395,0.137,0.239,167.805
71.480,-30.322,0.152,0.239,167.725
71.500,-31.787,0.155,0.239,167.659
71.520,-32.795,0.163,0.239,167.537
71.540,-33.334,0.167,0.239,167.537
71.560,-33.463,0.171,0.239,167.498
71.580,-33.100,0.173,0.239,167.456
71.600,-32.309,0.171,0.239,167.432
71.620,-31.037,0.170,0.239,167.402
71.640,-29.285,0.171,0.239,167.394
71.660,-27.152,0.164,0.239,167.375
71.680,-24.662,0.161,0.239,167.364
71.700,-21.803,0.150,0.239,167.341
71.720,-18.650,0.145,0.239,167.322
71.740,-15.217,0.133,0.239,167.289
71.760,-11.566,0.125,0.239,167.251
71.780,-7.752,0.112,0.239,167.201
71.800,-3.844,0.101,0.239,167.142
71.820,0.117,0.093,0.235,167.073
71.840,4.090,0.079,0.235,166.994
71.860,7.998,0.063,0.224,166.908
71.880,11.801,0.056,0.224,166.816
71.900,15.451,0.042,0.224,166.718
71.920,18.861,0.029,0.224,166.615
71.940,22.025,0.021,0.224,166.422
71.960,24.920,0.008,0.224,166.422
71.980,27.410,0.003,0.224,166.333
72.000,29.549,-0.013,0.224,166.257
72.020,31.254,-0.013,0.224,166.189
72.040,32.572,-0.023,0.224,166.139
72.060,33.398,-0.026,0.224,166.096
72.080,33.791,-0.030,0.224,166.080
72.100,33.697,-0.029,0.224,166.070
72.120,33.146,-0.032,0.224,166.081
72.140,32.139,-0.029,0.224,166.098
72.160,30.697,-0.033,0.224,166.133
72.180,28.816,-0.028,0.224,166.177
72.200,26.572,-0.017,0.224,166.231
72.220,23.900,-0.020,0.224,166.278
72.240,20.936,-0.007,0.224,166.336
72.260,17.689,-0.004,0.224,166.385
72.280,14.174,0.012,0.224,166.434
72.300,10.477,0.015,0.224,166.475
72.320,6.645,0.034,0.224,166.512
72.340,2.713,0.036,0.224,166.540
72.360,-1.260,0.054,0.224,166.561
72.380,-5.209,0.063,0.224,166.575
72.400,-9.100,0.077,0.224,166.584
72.420,-12.855,0.087,0.224,166.587
72.440,-16.400,0.099,0.224,166.592
72.460,-19.764,0.110,0.224,166.593
72.480,-22.834,0.120,0.224,166.598
72.500,-25.559,0.131,0.224,166.603
72.520,-27.932,0.145,0.224,166.621
72.540,-29.936,0.145,0.224,166.649
72.560,-31.535,0.156,0.224,166.682
72.580,-32.648,0.164,0.224,166.730
72.600,-33.287,0.165,0.224,166.793
72.620,-33.451,0.177,0.224,166.865
72.640,-33.229,0.170,0.224,166.961
72.660,-32.549,0.181,0.224,167.055
72.680,-31.377,0.168,0.224,167.169
72.700,-29.742,0.173,0.224,167.275
72.720,-27.715,0.161,0.224,167.391
72.740,-25.295,0.166,0.224,167.495
72.760,-22.512,0.147,0.224,167.605
72.780,-19.400,0.153,0.224,167.696
72.800,-16.037,0.134,0.224,167.788
72.820,-12.451,0.135,0.224,167.865
72.840,-8.648,0.112,0.224,167.932
72.860,-4.758,0.113,0.224,167.983
72.880,-0.785,0.092,0.224,168.022
72.900,3.187,0.090,0.224,168.047
72.920,7.107,0.070,0.221,168.058
72.940,10.934,0.062,0.221,168.061
72.960,14.643,0.051,0.221,168.053
72.980,18.117,0.041,0.221,168.036
73.000,21.328,0.029,0.221,168.014
73.020,24.305,0.016,0.221,167.988
73.040,26.883,0.010,0.221,167.970
73.060,29.098,-0.001,0.221,167.946
73.080,30.920,-0.006,0.221,167.931
73.100,32.309,-0.015,0.221,167.919
73.120,33.246,-0.015,0.221,167.915
73.140,33.738,-0.025,0.221,167.913
73.160,33.750,-0.024,0.221,167.929
73.180,33.316,-0.029,0.221,167.940
73.200,32.402,-0.028,0.221,167.956
73.220,31.061,-0.025,0.221,167.985
73.240,29.262,-0.025,0.221,168.009
73.260,27.111,-0.010,0.221,168.034
73.280,24.527,-0.013,0.221,168.043
73.300,21.627,0.001,0.221,168.057
73.320,18.434,-0.001,0.221,168.054
73.340,14.965,0.013,0.221,168.052
73.360,11.309,0.015,0.221,168.033
73.380,7.512,0.033,0.221,168.008
73.400,3.592,0.039,0.214,167.969
73.420,-0.369,0.054,0.214,167.918
73.440,-4.324,0.059,0.214,167.856
73.460,-8.256,0.078,0.214,167.781
73.480,-12.012,0.087,0.214,167.699
73.500,-15.645,0.104,0.214,167.606
73.520,-19.025,0.113,0.214,167.517
73.540,-22.184,0.124,0.214,167.423
73.560,-24.990,0.135,0.214,167.334
73.580,-27.428,0.137,0.214,167.245
73.600,-29.531,0.153,0.214,167.156
73.620,-31.207,0.156,0.214,167.085
73.640,-32.426,0.171,0.214,167.022
73.660,-33.193,0.170,0.214,166.980
73.680,-33.457,0.174,0.214,166.945
73.700,-33.328,0.174,0.214,166.928
73.720,-32.725,0.177,0.214,166.914
73.740,-31.670,0.174,0.214,166.919
73.760,-30.117,0.177,0.214,166.929
73.780,-28.184,0.166,0.214,166.952
73.800,-25.828,0.169,0.214,166.974
73.820,-23.127,0.156,0.214,167.003
73.840,-20.098,0.153,0.214,167.027
73.860,-16.775,0.144,0.214,167.049
73.880,-13.230,0.132,0.214,167.067
73.900,-9.498,0.122,0.214,167.077
73.920,-5.602,0.107,0.214,167.081
73.940,-1.664,0.099,0.214,167.075
73.960,2.303,0.087,0.214,167.062
73.980,6.246,0.074,0.214,167.042
74.000,10.107,0.060,0.214,167.015
74.020,13.852,0.050,0.214,166.989
74.040,17.379,0.039,0.214,166.955
74.060,20.643,0.029,0.214,166.928
74.080,23.672,0.016,0.214,166.899
74.100,26.344,0.011,0.214,166.882
74.120,28.635,-0.008,0.214,166.868
74.140,30.557,-0.009,0.214,166.879
74.160,32.033,-0.018,0.214,166.894
74.180,33.076,-0.021,0.214,166.924
74.200,33.662,-0.021,0.214,166.966
74.220,33.785,-0.028,0.214,167.021
74.240,33.457,-0.027,0.214,167.089
74.260,32.648,-0.033,0.214,167.168
74.280,31.395,-0.028,0.214,167.258
74.300,29.695,-0.029,0.214,167.352
74.320,27.639,-0.021,0.214,167.451
74.340,25.143,-0.019,0.214,167.547
74.360,22.307,-0.009,0.214,167.643
74.380,19.184,-0.007,0.214,167.730
74.400,15.779,0.009,0.214,167.816
74.420,12.164,0.011,0.214,167.887
74.440,8.385,0.024,0.214,167.950
74.460,4.488,0.031,0.214,168.001
74.480,0.527,0.048,0.214,168.041
74.500,-3.434,0.056,0.214,168.069
74.520,-7.354,0.070,0.214,168.086
74.540,-11.168,0.081,0.214,168.095
74.560,-14.818,0.095,0.214,168.093
74.580,-18.258,0.103,0.214,168.092
74.600,-21.475,0.115,0.214,168.069
74.620,-24.352,0.122,0.214,168.069
74.640,-26.900,0.134,0.214,168.054
74.660,-29.051,0.141,0.214,168.046
74.680,-30.850,0.155,0.214,168.037
74.700,-32.168,0.158,0.214,168.044
74.720,-33.035,0.166,0.214,168.051
74.740,-33.416,0.170,0.214,168.077
74.760,-33.381,0.173,0.214,168.107
74.780,-32.895,0.174,0.214,168.136
74.800,-31.928,0.171,0.214,168.182
74.820,-30.498,0.172,0.214,168.217
74.840,-28.658,0.166,0.214,168.264
74.860,-26.391,0.165,0.214,168.297
74.880,-23.783,0.155,0.214,168.337
74.900,-20.807,0.153,0.214,168.357
74.920,-17.549,0.141,0.214,168.381
74.940,-14.068,0.135,0.214,168.387
74.960,-10.354,0.120,0.214,168.384
74.980,-6.504,0.113,0.214,168.366
75.000,-2.549,0.099,0.214,168.337
75.020,1.406,0.091,0.214,168.294
75.040,5.373,0.077,0.214,168.238
75.060,9.246,0.063,0.214,168.171
75.080,13.014,0.051,0.214,168.096
75.100,16.594,0.040,0.214,168.016
75.120,19.939,0.031,0.214,167.925
75.140,23.004,0.022,0.214,167.833
75.160,25.781,0.012,0.214,167.741
75.180,28.160,-0.000,0.214,167.649
75.200,30.170,-0.010,0.214,167.576
75.220,31.729,-0.014,0.214,167.501
75.240,32.883,-0.018,0.214,167.447
75.260,33.574,-0.027,0.214,167.384
75.280,33.797,-0.028,0.214,167.349
75.300,33.562,-0.031,0.214,167.309
75.320,32.854,-0.029,0.214,167.295
75.340,31.711,-0.030,0.214,167.271
75.360,30.111,-0.032,0.214,167.274
75.380,28.131,-0.024,0.214,167.273
75.400,25.729,-0.016,0.214,167.281
75.420,22.957,-0.009,0.214,167.273
75.440,19.898,-0.005,0.214,167.274
75.460,16.547,0.003,0.214,167.266
75.480,12.955,0.014,0.214,167.259
75.500,9.229,0.026,0.214,167.238
75.520,5.350,0.039,0.214,167.211
75.540,1.412,0.049,0.214,167.175
75.560,-2.584,0.059,0.214,167.131
75.580,-6.516,0.071,0.214,167.079
75.600,-10.365,0.083,0.214,167.021
75.620,-14.062,0.095,0.214,166.958
75.640,-17.555,0.106,0.214,166.894
75.660,-20.824,0.117,0.214,166.828
75.680,-23.783,0.130,0.214,166.767
75.700,-26.402,0.137,0.214,166.709
75.720,-28.646,0.147,0.214,166.663
75.740,-30.510,0.155,0.214,166.624
75.760,-31.945,0.163,0.214,166.604
75.780,-32.930,0.166,0.214,166.599
75.800,-33.381,0.171,0.214,166.605
75.820,-33.469,0.179,0.214,166.631
75.840,-33.059,0.177,0.214,166.662
75.860,-32.221,0.178,0.214,166.713
75.880,-30.885,0.176,0.214,166.765
75.900,-29.121,0.177,0.214,166.838
75.920,-26.959,0.165,0.214,166.913
75.940,-24.393,0.166,0.214,166.991
75.960,-21.516,0.153,0.214,167.067
75.980,-18.316,0.151,0.214,167.137
76.000,-14.871,0.133,0.214,167.203
76.020,-11.197,0.134,0.214,167.261
76.040,-7.359,0.115,0.214,167.311
76.060,-3.451,0.109,0.214,167.349
76.080,0.527,0.090,0.214,167.377
76.100,4.488,0.084,0.214,167.397
76.120,8.379,0.068,0.214,167.408
76.140,12.182,0.059,0.214,167.414
76.160,15.826,0.049,0.214,167.410
76.180,19.230,0.034,0.214,167.406
76.200,22.342,0.024,0.214,167.399
76.220,25.195,0.015,0.214,167.404
76.240,27.645,0.010,0.214,167.405
76.260,29.754,-0.002,0.214,167.408
76.280,31.418,-0.006,0.214,167.421
76.300,32.678,-0.018,0.214,167.440
76.320,33.457,-0.016,0.214,167.475
76.340,33.797,-0.027,0.214,167.515
76.360,33.656,-0.024,0.214,167.566
76.380,33.070,-0.032,0.214,167.627
76.400,32.004,-0.025,0.214,167.695
76.420,30.510,-0.027,0.214,167.762
76.440,28.605,-0.024,0.214,167.836
76.460,26.314,-0.015,0.214,167.905
76.480,23.613,-0.014,0.214,167.966
76.500,20.602,-0.001,0.214,168.021
76.520,17.332,-0.001,0.214,168.067
76.540,13.781,0.012,0.214,168.107
76.560,10.072,0.018,0.214,168.132
76.580,6.240,0.035,0.214,168.145
76.600,2.309,0.041,0.214,168.144
76.620,-1.682,0.057,0.214,168.130
76.640,-5.613,0.063,0.214,168.104
76.660,-9.498,0.082,0.214,168.065
76.680,-13.225,0.087,0.214,167.962
76.700,-16.775,0.101,0.214,167.962
76.720,-20.080,0.109,0.214,167.898
76.740,-23.127,0.124,0.214,167.831
76.760,-25.799,0.133,0.214,167.765
76.780,-28.148,0.141,0.214,167.695
76.800,-30.111,0.149,0.214,167.631
76.820,-31.629,0.156,0.214,167.570
76.840,-32.719,0.161,0.214,167.524
76.860,-33.305,0.169,0.214,167.481
76.880,-33.475,0.171,0.214,167.457
76.900,-33.164,0.171,0.214,167.434
76.920,-32.402,0.174,0.214,167.421
76.940,-31.189,0.171,0.214,167.414
76.960,-29.520,0.173,0.214,167.416
76.980,-27.428,0.161,0.214,167.416
77.000,-24.973,0.164,0.214,167.415
77.020,-22.154,0.144,0.214,167.417
77.040,-19.031,0.149,0.214,167.406
77.060,-15.621,0.135,0.214,167.394
77.080,-12.029,0.128,0.214,167.371
77.100,-8.209,0.110,0.214,167.340
77.120,-4.324,0.101,0.214,167.296
77.140,-0.352,0.088,0.214,167.242
77.160,3.633,0.081,0.214,167.179
77.180,7.541,0.062,0.214,167.107
77.200,11.355,0.055,0.214,167.028
77.220,15.035,0.042,0.214,166.943
77.240,18.463,0.032,0.214,166.854
77.260,21.674,0.021,0.214,166.770
77.280,24.592,0.008,0.214,166.612
77.300,27.141,0.004,0.214,166.612
77.320,29.320,-0.009,0.214,166.541
77.340,31.072,-0.010,0.214,166.488
77.360,32.432,-0.021,0.214,166.440
77.380,33.316,-0.022,0.214,166.410
77.400,33.762,-0.031,0.214,166.392
77.420,33.721,-0.026,0.214,166.394
77.440,33.234,-0.033,0.214,166.403
77.460,32.273,-0.033,0.214,166.429
77.480,30.891,-0.033,0.214,166.474
77.500,29.057,-0.028,0.214,166.523
77.520,26.859,-0.020,0.214,166.580
77.540,24.240,-0.017,0.214,166.630
77.560,21.311,-0.010,0.214,166.689
77.580,18.094,-0.002,0.214,166.742
77.600,14.596,0.008,0.214,166.794
77.620,10.916,0.018,0.214,166.838
77.640,7.096,0.029,0.214,166.875
77.660,3.176,0.037,0.213,166.905
77.680,-0.785,0.056,0.213,166.928
77.700,-4.752,0.063,0.213,166.944
77.720,-8.637,0.076,0.213,166.953
77.740,-12.404,0.085,0.213,166.958
77.760,-15.984,0.099,0.213,166.960
77.780,-19.389,0.108,0.213,166.965
77.800,-22.488,0.120,0.213,166.968
77.820,-25.260,0.131,0.213,166.974
77.840,-27.680,0.142,0.213,166.993
77.860,-29.713,0.145,0.213,167.021
77.880,-31.371,0.158,0.213,167.056
77.900,-32.537,0.161,0.213,167.108
77.920,-33.252,0.165,0.213,167.171
77.940,-33.475,0.174,0.213,167.250
77.960,-33.299,0.174,0.213,167.342
77.980,-32.672,0.179,0.213,167.436
78.000,-31.547,0.172,0.213,167.545
78.020,-29.977,0.175,0.213,167.654
78.040,-27.979,0.166,0.213,167.773
78.060,-25.594,0.167,0.213,167.881
78.080,-22.881,0.155,0.213,167.990
78.100,-19.775,0.150,0.213,168.085
78.120,-16.453,0.138,0.213,168.176
78.140,-12.873,0.136,0.213,168.254
78.160,-9.117,0.118,0.213,168.324
78.180,-5.209,0.116,0.213,168.378
78.200,-1.260,0.095,0.213,168.421
78.220,2.707,0.092,0.213,168.450
78.240,6.645,0.076,0.213,168.464
78.260,10.482,0.063,0.213,168.469
78.280,14.215,0.052,0.213,168.464
78.300,17.730,0.041,0.213,168.451
78.320,20.965,0.030,0.213,168.431
78.340,23.965,0.020,0.213,168.384
78.360,26.596,0.008,0.213,168.384
78.380,28.863,0.001,0.213,168.364
78.400,30.715,-0.007,0.213,168.351
78.420,32.174,-0.015,0.213,168.339
78.440,33.164,-0.017,0.213,168.335
78.460,33.697,-0.025,0.213,168.333
78.480,33.773,-0.025,0.213,168.349
78.500,33.387,-0.031,0.213,168.354
78.520,32.520,-0.026,0.213,168.381
78.540,31.242,-0.029,0.213,168.394
78.560,29.484,-0.023,0.213,168.422
78.580,27.393,-0.018,0.213,168.433
78.600,24.844,-0.015,0.213,168.453
78.620,21.984,-0.002,0.213,168.460
78.640,18.832,-0.000,0.213,168.460
78.660,15.387,0.011,0.213,168.449
78.680,11.754,0.018,0.213,168.430
78.700,7.957,0.031,0.213,168.398
78.720,4.043,0.039,0.213,168.355
78.740,0.094,0.054,0.213,168.300
78.760,-3.867,0.062,0.213,168.234
78.780,-7.793,0.074,0.213,168.155
78.800,-11.566,0.087,0.213,168.067
78.820,-15.217,0.103,0.213,167.969
78.840,-18.639,0.107,0.213,167.762
78.860,-21.809,0.127,0.213,167.762
78.880,-24.639,0.132,0.213,167.666
78.900,-27.152,0.141,0.213,167.562
78.920,-29.297,0.150,0.213,167.470
78.940,-30.996,0.160,0.213,167.381
78.960,-32.291,0.163,0.213,167.315
78.980,-33.117,0.170,0.213,167.247
79.000,-33.445,0.170,0.213,167.201
79.020,-33.369,0.176,0.213,167.163
79.040,-32.807,0.174,0.213,167.136
79.060,-31.822,0.174,0.213,167.123
79.080,-30.346,0.172,0.213,167.112
79.100,-28.441,0.170,0.213,167.117
79.120,-26.139,0.166,0.213,167.123
79.140,-23.467,0.155,0.213,167.137
79.160,-20.473,0.153,0.213,167.138
79.180,-17.191,0.145,0.213,167.146
79.200,-13.682,0.133,0.213,167.146
79.220,-9.955,0.121,0.213,167.141
79.240,-6.076,0.109,0.213,167.126
79.260,-2.127,0.099,0.213,167.104
79.280,1.834,0.087,0.213,167.075
79.300,5.801,0.076,0.213,167.039
79.320,9.656,0.062,0.213,166.998
79.340,13.412,0.050,0.213,166.953
79.360,16.963,0.041,0.213,166.906
79.380,20.273,0.026,0.213,166.858
79.400,23.320,0.019,0.213,166.816
79.420,26.045,0.006,0.213,166.777
79.440,28.383,-0.000,0.213,166.754
79.460,30.352,-0.009,0.213,166.738
79.480,31.875,-0.015,0.213,166.732
79.500,32.965,-0.023,0.213,166.745
79.520,33.615,-0.023,0.213,166.773
79.540,33.809,-0.031,0.213,166.816
79.560,33.521,-0.029,0.213,166.868
79.580,32.748,-0.034,0.214,166.941
79.600,31.576,-0.029,0.214,167.011
79.620,29.906,-0.031,0.214,167.102
79.640,27.914,-0.025,0.214,167.195
79.660,25.459,-0.018,0.214,167.291
79.680,22.658,-0.013,0.214,167.375
79.700,19.564,-0.009,0.214,167.461
79.720,16.189,0.003,0.214,167.542
79.740,12.592,0.010,0.214,167.617
79.760,8.836,0.020,0.214,167.680
79.780,4.963,0.029,0.214,167.735
79.800,1.002,0.045,0.214,167.779
79.820,-2.965,0.053,0.214,167.812
79.840,-6.885,0.067,0.214,167.835
79.860,-10.746,0.079,0.214,167.851
79.880,-14.391,0.089,0.214,167.857
79.900,-17.859,0.103,0.214,167.859
79.920,-21.105,0.115,0.214,167.855
79.940,-24.023,0.125,0.214,167.855
79.960,-26.619,0.135,0.214,167.852
79.980,-28.828,0.141,0.214,167.859
80.000,-30.662,0.154,0.214,167.857
80.020,-32.027,0.157,0.214,167.879
80.040,-32.982,0.164,0.214,167.904
80.060,-33.393,0.170,0.214,167.940
80.080,-33.398,0.170,0.214,167.984
80.100,-32.965,0.174,0.214,168.026
80.120,-32.062,0.171,0.214,168.081
80.140,-30.703,0.171,0.214,168.135
80.160,-28.887,0.169,0.214,168.192
80.180,-26.654,0.161,0.214,168.246
80.200,-24.088,0.157,0.214,168.293
80.220,-21.135,0.147,0.214,168.334
80.240,-17.930,0.144,0.214,168.366
80.260,-14.484,0.134,0.214,168.386
80.280,-10.775,0.122,0.214,168.396
80.300,-6.949,0.109,0.214,168.392
80.320,-3.000,0.099,0.214,168.375
80.340,0.949,0.091,0.214,168.344
80.360,4.916,0.079,0.214,168.300
80.380,8.795,0.063,0.214,168.243
80.400,12.574,0.052,0.214,168.178
80.420,16.195,0.041,0.214,168.106
80.440,19.547,0.029,0.214,168.022
80.460,22.658,0.022,0.214,167.941
80.480,25.477,0.006,0.214,167.770
80.500,27.891,0.002,0.214,167.770
80.520,29.947,-0.009,0.214,167.693
80.540,31.576,-0.012,0.214,167.624
80.560,32.777,-0.021,0.214,167.564
80.580,33.516,-0.022,0.214,167.509
80.600,33.797,-0.029,0.214,167.467
80.620,33.621,-0.028,0.214,167.433
80.640,32.965,-0.028,0.214,167.412
80.660,31.863,-0.028,0.214,167.390
80.680,30.316,-0.025,0.214,167.379
80.700,28.377,-0.023,0.214,167.368
80.720,26.039,-0.017,0.214,167.361
80.740,23.309,-0.011,0.214,167.361
80.760,20.285,-0.004,0.214,167.359
80.780,16.980,0.000,0.214,167.345
80.800,13.389,0.013,0.214,167.333
80.820,9.686,0.023,0.214,167.308
80.840,5.818,0.033,0.214,167.275
80.860,1.887,0.044,0.214,167.234
80.880,-2.109,0.058,0.214,167.183
80.900,-6.029,0.067,0.214,167.125
80.920,-9.902,0.080,0.214,167.059
80.940,-13.611,0.095,0.214,166.990
80.960,-17.133,0.103,0.214,166.918
80.980,-20.432,0.114,0.214,166.845
81.000,-23.426,0.124,0.214,166.774
81.020,-26.080,0.135,0.214,166.706
81.040,-28.389,0.147,0.214,166.651
81.060,-30.287,0.153,0.214,166.606
81.080,-31.770,0.164,0.214,166.578
81.100,-32.801,0.166,0.214,166.564
81.120,-33.334,0.171,0.214,166.566
81.140,-33.451,0.176,0.214,166.581
81.160,-33.100,0.176,0.214,166.611
81.180,-32.320,0.178,0.214,166.656
81.200,-31.061,0.178,0.214,166.772
81.220,-29.350,0.175,0.214,166.772
81.240,-27.223,0.169,0.214,166.842
81.260,-24.691,0.166,0.214,166.915
81.280,-21.850,0.157,0.214,166.988
81.300,-18.691,0.150,0.214,167.059
81.320,-15.287,0.137,0.214,167.123
81.340,-11.643,0.132,0.214,167.179
81.360,-7.822,0.114,0.214,167.230
81.380,-3.885,0.111,0.214,167.268
81.400,0.064,0.091,0.214,167.298
81.420,4.031,0.088,0.214,167.320
81.440,7.951,0.068,0.214,167.333
81.460,11.742,0.061,0.214,167.342
81.480,15.404,0.049,0.214,167.342
81.500,18.838,0.037,0.214,167.340
81.520,21.979,0.027,0.214,167.339
81.540,24.896,0.016,0.214,167.337
81.560,27.381,0.005,0.214,167.343
81.580,29.531,-0.004,0.214,167.352
81.600,31.236,-0.010,0.214,167.375
81.620,32.549,-0.018,0.214,167.401
81.640,33.387,-0.018,0.214,167.441
81.660,33.779,-0.029,0.214,167.483
81.680,33.697,-0.026,0.214,167.545
81.700,33.158,-0.033,0.214,167.611
81.720,32.156,-0.021,0.214,167.683
81.740,30.709,-0.028,0.214,167.751
81.760,28.857,-0.023,0.214,167.832
81.780,26.596,-0.020,0.214,167.907
81.800,23.965,-0.013,0.214,167.977
81.820,20.988,-0.004,0.214,168.039
81.840,17.748,0.000,0.214,168.137
81.860,14.227,0.011,0.214,168.137
81.880,10.541,0.019,0.214,168.170
81.900,6.703,0.030,0.214,168.190
81.920,2.771,0.043,0.214,168.196
81.940,-1.189,0.054,0.214,168.189
81.960,-5.150,0.059,0.214,168.170
81.980,-9.035,0.077,0.214,168.135
82.000,-12.773,0.087,0.214,168.094
82.020,-16.330,0.106,0.214,168.041
82.040,-19.676,0.106,0.214,167.987
82.060,-22.775,0.124,0.214,167.920
82.080,-25.494,0.132,0.214,167.860
82.100,-27.861,0.142,0.214,167.795
82.120,-29.871,0.146,0.214,167.741
82.140,-31.447,0.157,0.214,167.683
82.160,-32.584,0.161,0.214,167.644
82.180,-33.246,0.170,0.214,167.605
82.200,-33.445,0.168,0.214,167.586
82.220,-33.205,0.172,0.214,167.564
82.240,-32.496,0.172,0.214,167.551
82.260,-31.354,0.171,0.214,167.546
82.280,-29.725,0.169,0.214,167.549
82.300,-27.686,0.161,0.214,167.551
82.320,-25.271,0.161,0.214,167.551
82.340,-22.506,0.147,0.214,167.552
82.360,-19.395,0.148,0.214,167.545
82.380,-16.043,0.134,0.214,167.533
82.400,-12.451,0.128,0.214,167.513
82.420,-8.660,0.109,0.214,167.483
82.440,-4.758,0.108,0.214,167.440
82.460,-0.803,0.087,0.214,167.390
82.480,3.158,0.086,0.214,167.329
82.500,7.078,0.063,0.214,167.258
82.520,10.898,0.061,0.214,167.182
82.540,14.619,0.041,0.214,167.097
82.560,18.094,0.038,0.214,167.012
82.580,21.316,0.020,0.214,166.924
82.600,24.287,0.015,0.214,166.841
82.620,26.854,0.002,0.214,166.760
82.640,29.074,-0.004,0.214,166.693
82.660,30.891,-0.013,0.214,166.630
82.680,32.297,-0.017,0.214,166.585
82.700,33.234,-0.025,0.214,166.547
82.720,33.738,-0.027,0.214,166.531
82.740,33.738,-0.033,0.214,166.527
82.760,33.322,-0.031,0.214,166.540
82.780,32.420,-0.032,0.214,166.562
82.800,31.078,-0.029,0.214,166.592
82.820,29.303,-0.029,0.214,166.636
82.840,27.141,-0.022,0.214,166.689
82.860,24.580,-0.017,0.214,166.739
82.880,21.674,-0.012,0.214,166.788
82.900,18.475,-0.001,0.214,166.885
82.920,15.023,0.004,0.214,166.885
82.940,11.373,0.016,0.214,166.929
82.960,7.564,0.025,0.214,166.961
82.980,3.662,0.041,0.212,166.988
83.000,-0.311,0.046,0.212,167.006
83.020,-4.277,0.064,0.212,167.017
83.040,-8.174,0.066,0.212,167.023
83.060,-11.965,0.087,0.212,167.021
83.080,-15.562,0.089,0.212,167.019
83.100,-18.979,0.112,0.212,167.010
83.120,-22.125,0.116,0.212,167.009
83.140,-24.926,0.132,0.212,167.008
83.160,-27.393,0.137,0.212,167.017
83.180,-29.484,0.150,0.212,167.032
83.200,-31.172,0.157,0.212,167.061
83.220,-32.373,0.162,0.212,167.100
83.240,-33.164,0.170,0.212,167.151
83.260,-33.439,0.171,0.212,167.219
83.280,-33.316,0.175,0.212,167.296
83.300,-32.736,0.174,0.212,167.384
83.320,-31.670,0.175,0.212,167.476
83.340,-30.158,0.170,0.212,167.577
83.360,-28.201,0.175,0.212,167.683
83.380,-25.852,0.159,0.212,167.793
83.400,-23.168,0.164,0.212,167.887
83.420,-20.109,0.145,0.212,167.988
83.440,-16.822,0.149,0.212,168.070
83.460,-13.289,0.128,0.212,168.148
83.480,-9.545,0.128,0.212,168.209
83.500,-5.648,0.107,0.212,168.260
83.520,-1.705,0.101,0.212,168.296
83.540,2.268,0.087,0.212,168.319
83.560,6.205,0.079,0.212,168.330
83.580,10.049,0.061,0.212,168.329
83.600,13.793,0.052,0.212,168.320
83.620,17.314,0.038,0.212,168.304
83.640,20.602,0.030,0.212,168.283
83.660,23.631,0.019,0.212,168.260
83.680,26.303,0.008,0.212,168.234
83.700,28.611,0.001,0.212,168.212
83.720,30.516,-0.008,0.212,168.193
83.740,32.021,-0.009,0.212,168.179
83.760,33.064,-0.021,0.212,168.166
83.780,33.662,-0.017,0.212,168.172
83.800,33.791,-0.027,0.212,168.173
83.820,33.463,-0.023,0.212,168.186
83.840,32.660,-0.025,0.212,168.200
83.860,31.424,-0.021,0.212,168.218
83.880,29.719,-0.023,0.212,168.236
83.900,27.668,-0.021,0.212,168.252
83.920,25.178,-0.014,0.212,168.273
83.940,22.342,-0.005,0.212,168.280
83.960,19.225,0.001,0.212,168.286
83.980,15.820,0.006,0.212,168.276
84.000,12.193,0.020,0.212,168.265
84.020,8.426,0.023,0.212,168.236
84.040,4.535,0.043,0.212,168.199
84.060,0.598,0.047,0.212,168.148
84.080,-3.393,0.066,0.212,168.084
84.100,-7.301,0.068,0.212,168.011
84.120,-11.121,0.088,0.212,167.925
84.140,-14.766,0.093,0.212,167.836
84.160,-18.217,0.108,0.212,167.737
84.180,-21.434,0.119,0.212,167.637
84.200,-24.311,0.128,0.212,167.538
84.220,-26.859,0.134,0.212,167.436
84.240,-29.039,0.145,0.212,167.343
84.260,-30.809,0.152,0.212,167.254
84.280,-32.145,0.165,0.212,167.181
84.300,-33.035,0.167,0.212,167.114
84.320,-33.410,0.169,0.212,167.066
84.340,-33.393,0.177,0.212,167.025
84.360,-32.865,0.170,0.212,167.007
84.380,-31.928,0.178,0.212,166.987
84.400,-30.498,0.168,0.212,166.984
84.420,-28.682,0.170,0.212,166.981
84.440,-26.420,0.158,0.212,166.988
84.460,-23.795,0.161,0.212,166.991
84.480,-20.812,0.145,0.212,167.000
84.500,-17.566,0.145,0.212,166.998
84.520,-14.104,0.126,0.212,166.998
84.540,-10.400,0.128,0.212,166.989
84.560,-6.527,0.104,0.212,166.975
84.580,-2.584,0.106,0.211,166.950
84.600,1.395,0.084,0.211,166.918
84.620,5.338,0.079,0.211,166.879
84.640,9.205,0.062,0.211,166.833
84.660,12.979,0.054,0.211,166.785
84.680,16.553,0.041,0.211,166.733
84.700,19.898,0.029,0.211,166.678
84.720,22.980,0.020,0.211,166.632
84.740,25.740,0.010,0.211,166.587
84.760,28.119,-0.001,0.211,166.555
84.780,30.141,-0.007,0.211,166.531
84.800,31.711,-0.018,0.211,166.519
84.820,32.877,-0.021,0.211,166.527
84.840,33.568,-0.026,0.211,166.547
84.860,33.797,-0.032,0.211,166.582
84.880,33.574,-0.032,0.211,166.631
84.900,32.883,-0.035,0.213,166.696
84.920,31.734,-0.029,0.213,166.766
84.940,30.129,-0.029,0.213,166.849
84.960,28.160,-0.025,0.213,166.935
84.980,25.764,-0.021,0.213,167.026
85.000,23.016,-0.014,0.213,167.109
85.020,19.957,-0.008,0.213,167.198
85.040,16.605,0.001,0.213,167.276
85.060,13.020,0.010,0.213,167.354
85.080,9.287,0.020,0.213,167.417
85.100,5.426,0.029,0.213,167.474
85.120,1.482,0.041,0.213,167.520
85.140,-2.484,0.059,0.213,167.556
85.160,-6.422,0.062,0.213,167.584
85.180,-10.283,0.081,0.213,167.600
85.200,-13.969,0.087,0.213,167.614
85.220,-17.455,0.105,0.213,167.617
85.240,-20.719,0.108,0.213,167.625
85.260,-23.695,0.127,0.213,167.623
85.280,-26.320,0.132,0.213,167.635
85.300,-28.564,0.143,0.213,167.644
85.320,-30.445,0.149,0.213,167.666
85.340,-31.857,0.157,0.213,167.690
85.360,-32.859,0.166,0.213,167.724
85.380,-33.334,0.167,0.213,167.772
85.400,-33.416,0.172,0.213,167.828
85.420,-33.023,0.170,0.213,167.890
85.440,-32.162,0.173,0.213,167.952
85.460,-30.867,0.166,0.213,168.026
85.480,-29.109,0.174,0.213,168.090
85.500,-26.941,0.156,0.213,168.172
85.520,-24.398,0.170,0.213,168.228
85.540,-21.498,0.139,0.213,168.301
85.560,-18.311,0.154,0.213,168.338
85.580,-14.889,0.126,0.213,168.388
85.600,-11.232,0.133,0.213,168.409
85.620,-7.400,0.103,0.213,168.429
85.640,-3.457,0.111,0.213,168.427
85.660,0.486,0.083,0.213,168.414
85.680,4.447,0.086,0.213,168.390
85.700,8.344,0.059,0.213,168.348
85.720,12.135,0.059,0.213,168.304
85.740,15.768,0.041,0.213,168.243
85.760,19.172,0.035,0.213,168.182
85.780,22.312,0.019,0.213,168.113
85.800,25.172,0.009,0.213,168.048
85.820,27.615,0.000,0.213,167.987
85.840,29.730,-0.010,0.213,167.927
85.860,31.395,-0.008,0.213,167.878
85.880,32.666,-0.026,0.213,167.821
85.900,33.457,-0.017,0.213,167.794
85.920,33.785,-0.032,0.213,167.751
85.940,33.662,-0.025,0.213,167.747
85.960,33.082,-0.034,0.213,167.721
85.980,32.021,-0.025,0.213,167.731
86.000,30.521,-0.031,0.213,167.719
86.020,28.641,-0.022,0.213,167.736
86.040,26.344,-0.021,0.213,167.734
86.060,23.654,-0.013,0.213,167.745
86.080,20.648,-0.007,0.213,167.742
86.100,17.379,-0.000,0.213,167.739
86.120,13.828,0.012,0.213,167.729
86.140,10.125,0.018,0.213,167.710
86.160,6.281,0.035,0.213,167.682
86.180,2.355,0.039,0.213,167.644
86.200,-1.617,0.056,0.213,167.597
86.220,-5.561,0.064,0.213,167.542
86.240,-9.445,0.083,0.213,167.478
86.260,-13.172,0.091,0.213,167.412
86.280,-16.699,0.102,0.213,167.340
86.300,-20.033,0.115,0.213,167.268
86.320,-23.068,0.125,0.213,167.193
86.340,-25.787,0.132,0.213,167.130
86.360,-28.125,0.146,0.213,167.060
86.380,-30.076,0.151,0.213,167.014
86.400,-31.617,0.161,0.213,166.968
86.420,-32.689,0.166,0.213,166.942
86.440,-33.305,0.170,0.213,166.926
86.460,-33.469,0.175,0.213,166.930
86.480,-33.158,0.176,0.213,166.952
86.500,-32.420,0.178,0.213,166.983
86.520,-31.207,0.170,0.213,167.024
86.540,-29.543,0.175,0.213,167.065
86.560,-27.463,0.165,0.213,167.127
86.580,-25.008,0.168,0.213,167.178
86.600,-22.189,0.152,0.213,167.246
86.620,-19.061,0.154,0.213,167.293
86.640,-15.686,0.134,0.213,167.349
86.660,-12.076,0.133,0.213,167.386
86.680,-8.268,0.114,0.213,167.425
86.700,-4.359,0.114,0.213,167.449
86.720,-0.381,0.092,0.213,167.466
86.740,3.580,0.088,0.213,167.474
86.760,7.482,0.069,0.213,167.471
86.780,11.297,0.061,0.213,167.464
86.800,14.982,0.049,0.213,167.448
86.820,18.428,0.037,0.213,167.429
86.840,21.627,0.030,0.213,167.408
86.860,24.574,0.016,0.213,167.391
86.880,27.111,0.007,0.213,167.379
86.900,29.285,-0.004,0.213,167.370
86.920,31.061,-0.007,0.213,167.379
86.940,32.426,-0.018,0.213,167.381
86.960,33.305,-0.017,0.213,167.411
86.980,33.756,-0.026,0.213,167.432
87.000,33.721,-0.021,0.213,167.478
87.020,33.252,-0.033,0.213,167.511
87.040,32.297,-0.022,0.213,167.579
87.060,30.908,-0.027,0.213,167.625
87.080,29.092,-0.021,0.213,167.694
87.100,26.889,-0.017,0.213,167.747
87.120,24.281,-0.013,0.213,167.811
87.140,21.357,-0.004,0.213,167.858
87.160,18.152,-0.001,0.213,167.907
87.180,14.666,0.012,0.213,167.943
87.200,10.975,0.016,0.213,167.970
87.220,7.160,0.031,0.213,167.984
87.240,3.252,0.037,0.213,167.985
87.260,-0.703,0.054,0.213,167.973
87.280,-4.682,0.062,0.213,167.949
87.300,-8.572,0.076,0.213,167.911
87.320,-12.340,0.082,0.213,167.864
87.340,-15.926,0.101,0.213,167.806
87.360,-19.283,0.107,0.213,167.745
87.380,-22.412,0.120,0.213,167.680
87.400,-25.189,0.127,0.213,167.614
87.420,-27.598,0.138,0.213,167.545
87.440,-29.660,0.147,0.213,167.486
87.460,-31.277,0.153,0.213,167.431
87.480,-32.479,0.161,0.213,167.387
87.500,-33.205,0.164,0.213,167.347
87.520,-33.445,0.168,0.213,167.317
87.540,-33.264,0.171,0.213,167.296
87.560,-32.613,0.172,0.213,167.287
87.580,-31.523,0.168,0.213,167.284
87.600,-29.959,0.175,0.213,167.284
87.620,-27.967,0.159,0.213,167.297
87.640,-25.600,0.166,0.213,167.297
87.660,-22.857,0.149,0.213,167.307
87.680,-19.793,0.154,0.213,167.304
87.700,-16.465,0.132,0.213,167.304
87.720,-12.920,0.134,0.213,167.283
87.740,-9.146,0.116,0.213,167.264
87.760,-5.250,0.111,0.213,167.228
87.780,-1.295,0.092,0.213,167.185
87.800,2.701,0.087,0.213,167.131
87.820,6.609,0.070,0.213,167.065
87.840,10.436,0.062,0.213,166.996
87.860,14.174,0.045,0.213,166.916
87.880,17.689,0.039,0.213,166.837
87.900,20.936,0.024,0.213,166.753
87.920,23.936,0.017,0.213,166.674
87.940,26.555,0.008,0.213,166.599
87.960,28.840,-0.006,0.213,166.529
87.980,30.697,-0.009,0.213,166.478
88.000,32.150,-0.021,0.213,166.428
88.020,33.152,-0.021,0.213,166.403
88.040,33.697,-0.025,0.213,166.378
88.060,33.779,-0.028,0.213,166.382
88.080,33.398,-0.033,0.213,166.380
88.100,32.525,-0.033,0.213,166.425
88.120,31.266,-0.029,0.213,166.446
88.140,29.537,-0.030,0.213,166.503
88.160,27.428,-0.023,0.213,166.545
88.180,24.885,-0.020,0.213,166.607
88.200,22.025,-0.012,0.213,166.649
88.220,18.867,-0.007,0.213,166.706
88.240,15.439,0.006,0.213,166.746
88.260,11.812,0.012,0.213,166.787
88.280,8.004,0.029,0.213,166.814
88.300,4.096,0.034,0.213,166.836
88.320,0.146,0.052,0.213,166.848
88.340,-3.820,0.058,0.213,166.852
88.360,-7.758,0.076,0.213,166.849
88.380,-11.566,0.083,0.213,166.842
88.400,-15.182,0.098,0.213,166.829
88.420,-18.615,0.109,0.213,166.819
88.440,-21.797,0.117,0.213,166.801
88.460,-24.674,0.131,0.213,166.796
88.480,-27.170,0.137,0.213,166.785
88.500,-29.297,0.145,0.213,166.793
88.520,-31.037,0.151,0.213,166.798
88.540,-32.297,0.160,0.213,166.823
88.560,-33.141,0.166,0.213,166.852
88.580,-33.475,0.173,0.213,166.907
88.600,-33.387,0.170,0.213,166.970
88.620,-32.871,0.182,0.217,167.039
88.640,-31.863,0.172,0.217,167.130
88.660,-30.416,0.176,0.217,167.215
88.680,-28.512,0.166,0.217,167.313
88.700,-26.215,0.163,0.217,167.398
88.720,-23.543,0.159,0.217,167.488
88.740,-20.525,0.147,0.217,167.567
88.760,-17.279,0.145,0.217,167.642
88.780,-13.758,0.135,0.217,167.706
88.800,-10.020,0.122,0.217,167.761
88.820,-6.152,0.112,0.217,167.800
88.840,-2.209,0.099,0.217,167.828
88.860,1.764,0.093,0.217,167.843
88.880,5.725,0.083,0.217,167.846
88.900,9.586,0.062,0.217,167.837
88.920,13.354,0.059,0.217,167.820
88.940,16.910,0.045,0.217,167.795
88.960,20.227,0.033,0.217,167.762
88.980,23.285,0.019,0.217,167.731
89.000,26.004,0.014,0.217,167.702
89.020,28.354,0.004,0.217,167.670
89.040,30.322,-0.003,0.217,167.645
89.060,31.863,-0.004,0.217,167.624
89.080,32.959,-0.016,0.217,167.605
89.100,33.615,-0.017,0.217,167.592
89.120,33.797,-0.025,0.217,167.594
89.140,33.527,-0.025,0.217,167.601
89.160,32.766,-0.025,0.217,167.623
89.180,31.582,-0.026,0.217,167.635
89.200,29.959,-0.025,0.217,167.667
89.220,27.932,-0.016,0.217,167.686
89.240,25.482,-0.013,0.217,167.706
89.260,22.699,-0.005,0.217,167.715
89.280,19.600,-0.000,0.217,167.727
89.300,16.225,0.011,0.217,167.724
89.320,12.627,0.014,0.217,167.714
89.340,8.865,0.025,0.217,167.693
89.360,4.986,0.037,0.217,167.660
89.380,1.055,0.051,0.217,167.615
89.400,-2.936,0.061,0.217,167.557
89.420,-6.850,0.074,0.217,167.488
89.440,-10.717,0.081,0.217,167.409
89.460,-14.373,0.100,0.217,167.321
89.480,-17.824,0.106,0.217,167.234
89.500,-21.088,0.121,0.217,167.135
89.520,-24.018,0.128,0.217,167.046
89.540,-26.625,0.141,0.217,166.950
89.560,-28.834,0.148,0.217,166.868
89.580,-30.650,0.158,0.217,166.783
89.600,-32.039,0.166,0.217,166.727
89.620,-32.953,0.166,0.217,166.669
89.640,-33.404,0.172,0.217,166.626
89.660,-33.445,0.172,0.217,166.596
89.680,-32.977,0.175,0.217,166.575
89.700,-32.080,0.176,0.217,166.570
89.720,-30.709,0.174,0.217,166.574
89.740,-28.922,0.173,0.217,166.592
89.760,-26.725,0.166,0.217,166.611
89.780,-24.129,0.158,0.217,166.637
89.800,-21.193,0.155,0.217,166.656
89.820,-17.994,0.141,0.217,166.679
89.840,-14.514,0.138,0.217,166.689
89.860,-10.834,0.125,0.217,166.700
89.880,-7.014,0.110,0.217,166.700
89.900,-3.064,0.103,0.216,166.694
89.920,0.914,0.088,0.216,166.679
89.940,4.857,0.078,0.216,166.658
89.960,8.748,0.064,0.216,166.631
89.980,12.527,0.051,0.216,166.599
90.000,16.137,0.042,0.216,166.567
90.020,19.518,0.031,0.216,166.534
90.040,22.629,0.020,0.216,166.504
90.060,25.441,0.009,0.216,166.481
90.080,27.855,0.001,0.216,166.466
90.100,29.912,-0.005,0.216,166.461
90.120,31.547,-0.017,0.216,166.469
90.140,32.754,-0.018,0.216,166.497
90.160,33.516,-0.023,0.216,166.529
90.180,33.797,-0.026,0.216,166.591
90.200,33.615,-0.028,0.216,166.648
90.220,32.965,-0.032,0.216,166.735
90.240,31.887,-0.029,0.216,166.821
90.260,30.352,-0.029,0.216,166.931
90.280,28.412,-0.025,0.216,167.032
90.300,26.080,-0.018,0.216,167.147
90.320,23.350,-0.014,0.216,167.250
90.340,20.332,-0.005,0.216,167.357
90.360,17.016,0.000,0.216,167.451
90.380,13.453,0.013,0.216,167.544
90.400,9.727,0.021,0.216,167.622
90.420,5.877,0.031,0.216,167.693
90.440,1.939,0.043,0.216,167.751
90.460,-2.021,0.056,0.216,167.799
90.480,-5.982,0.068,0.216,167.838
90.500,-9.844,0.079,0.216,167.866
90.520,-13.559,0.088,0.216,167.886
90.540,-17.080,0.103,0.216,167.902
90.560,-20.350,0.110,0.216,167.914
90.580,-23.373,0.122,0.216,167.925
90.600,-26.033,0.132,0.216,167.934
90.620,-28.348,0.140,0.216,167.944
90.640,-30.246,0.149,0.216,167.958
90.660,-31.746,0.156,0.216,167.987
90.680,-32.789,0.165,0.216,168.023
90.700,-33.316,0.170,0.216,168.068
90.720,-33.457,0.169,0.216,168.126
90.740,-33.123,0.172,0.216,168.180
90.760,-32.320,0.171,0.216,168.245
90.780,-31.066,0.173,0.216,168.310
90.800,-29.344,0.170,0.216,168.383
90.820,-27.240,0.160,0.216,168.448
90.840,-24.738,0.161,0.216,168.505
90.860,-21.873,0.150,0.216,168.558
90.880,-18.732,0.151,0.216,168.603
90.900,-15.328,0.130,0.216,168.639
90.920,-11.695,0.130,0.216,168.658
90.940,-7.881,0.109,0.216,168.667
90.960,-3.967,0.108,0.215,168.660
90.980,0.006,0.088,0.215,168.642
91.000,3.973,0.085,0.215,168.611
91.020,7.893,0.066,0.215,168.565
91.040,11.678,0.058,0.215,168.513
91.060,15.352,0.045,0.215,168.449
91.080,18.785,0.037,0.215,168.378
91.100,21.943,0.020,0.215,168.299
91.120,24.844,0.015,0.215,168.226
91.140,27.340,0.004,0.215,168.150
91.160,29.484,-0.004,0.215,168.083
91.180,31.213,-0.013,0.215,168.014
91.200,32.525,-0.017,0.215,167.970
91.220,33.381,-0.024,0.215,167.919
91.240,33.773,-0.026,0.215,167.889
91.260,33.703,-0.029,0.215,167.857
91.280,33.158,-0.031,0.215,167.839
91.300,32.174,-0.032,0.215,167.833
91.320,30.721,-0.025,0.215,167.828
91.340,28.881,-0.025,0.215,167.828
91.360,26.631,-0.019,0.215,167.835
91.380,23.977,-0.013,0.215,167.835
91.400,21.012,-0.009,0.215,167.835
91.420,17.766,0.006,0.215,167.832
91.440,14.250,0.008,0.215,167.821
91.460,10.559,0.024,0.215,167.806
91.480,6.727,0.032,0.215,167.777
91.500,2.812,0.045,0.215,167.743
91.520,-1.154,0.055,0.215,167.699
91.540,-5.109,0.068,0.215,167.647
91.560,-9.006,0.079,0.215,167.589
91.580,-12.773,0.095,0.215,167.524
91.600,-16.342,0.099,0.215,167.458
91.620,-19.687,0.117,0.215,167.385
91.640,-22.764,0.120,0.215,167.315
91.660,-25.494,0.138,0.215,167.247
91.680,-27.891,0.142,0.215,167.191
91.700,-29.906,0.149,0.215,167.145
91.720,-31.482,0.162,0.215,167.087
91.740,-32.613,0.165,0.215,167.087
91.760,-33.287,0.176,0.215,167.082
91.780,-33.492,0.170,0.215,167.104
91.800,-33.252,0.178,0.215,167.117
91.820,-32.572,0.176,0.215,167.154
91.840,-31.395,0.175,0.215,167.197
91.860,-29.789,0.174,0.215,167.253
91.880,-27.779,0.170,0.215,167.313
91.900,-25.348,0.165,0.215,167.382
91.920,-22.576,0.159,0.215,167.449
91.940,-19.465,0.150,0.215,167.514
91.960,-16.131,0.144,0.215,167.570
91.980,-12.521,0.132,0.215,167.622
92.000,-8.754,0.122,0.215,167.664
92.020,-4.846,0.112,0.215,167.698
92.040,-0.879,0.099,0.215,167.721
92.060,3.094,0.089,0.215,167.735
92.080,7.020,0.074,0.215,167.740
92.100,10.834,0.062,0.215,167.738
92.120,14.555,0.055,0.215,167.731
92.140,18.023,0.039,0.215,167.717
92.160,21.270,0.031,0.215,167.707
92.180,24.240,0.019,0.215,167.695
92.200,26.824,0.009,0.215,167.680
92.220,29.039,0.001,0.215,167.680
92.240,30.873,-0.009,0.215,167.680
92.260,32.279,-0.014,0.215,167.694
92.280,33.234,-0.019,0.215,167.717
92.300,33.732,-0.021,0.215,167.750
92.320,33.756,-0.025,0.215,167.790
92.340,33.334,-0.028,0.215,167.839
92.360,32.432,-0.025,0.215,167.893
92.380,31.096,-0.029,0.215,167.954
92.400,29.332,-0.024,0.215,168.014
92.420,27.176,-0.016,0.215,168.080
92.440,24.598,-0.015,0.215,168.134
92.460,21.715,-0.007,0.215,168.184
92.480,18.533,-0.000,0.215,168.228
92.500,15.070,0.010,0.215,168.262
92.520,11.414,0.017,0.215,168.284
92.540,7.623,0.026,0.215,168.295
92.560,3.709,0.040,0.215,168.292
92.580,-0.264,0.052,0.215,168.277
92.600,-4.219,0.062,0.215,168.249
92.620,-8.127,0.074,0.215,168.209
92.640,-11.918,0.084,0.215,168.160
92.660,-15.527,0.099,0.215,168.099
92.680,-18.926,0.109,0.215,168.033
92.700,-22.078,0.120,0.215,167.965
92.720,-24.885,0.128,0.215,167.892
92.740,-27.381,0.138,0.215,167.817
92.760,-29.467,0.150,0.215,167.746
92.780,-31.154,0.153,0.215,167.685
92.800,-32.385,0.164,0.215,167.587
92.820,-33.158,0.166,0.215,167.587
92.840,-33.463,0.170,0.215,167.552
92.860,-33.346,0.171,0.215,167.526
92.880,-32.730,0.171,0.215,167.505
92.900,-31.676,0.173,0.215,167.485
92.920,-30.135,0.170,0.215,167.485
92.940,-28.230,0.166,0.215,167.484
92.960,-25.916,0.165,0.215,167.479
92.980,-23.197,0.153,0.215,167.478
93.000,-20.162,0.153,0.215,167.469
93.020,-16.846,0.136,0.215,167.459
93.040,-13.348,0.132,0.215,167.434
93.060,-9.580,0.117,0.215,167.404
93.080,-5.707,0.108,0.215,167.363
93.100,-1.746,0.099,0.214,167.314
93.120,2.221,0.083,0.214,167.254
93.140,6.170,0.073,0.214,167.185
93.160,10.002,0.057,0.214,167.108
93.180,13.746,0.051,0.214,167.027
93.200,17.279,0.034,0.214,166.938
93.220,20.566,0.029,0.214,166.853
93.240,23.602,0.015,0.214,166.763
93.260,26.262,0.012,0.214,166.686
93.280,28.588,-0.009,0.214,166.608
93.300,30.504,-0.009,0.214,166.551
93.320,31.998,-0.019,0.214,166.498
93.340,33.053,-0.018,0.214,166.463
93.360,33.650,-0.029,0.214,166.438
93.380,33.791,-0.029,0.214,166.436
93.400,33.475,-0.032,0.214,166.436
93.420,32.666,-0.031,0.214,166.462
93.440,31.441,-0.028,0.214,166.491
93.460,29.766,-0.032,0.214,166.539
93.480,27.697,-0.021,0.214,166.585
93.500,25.207,-0.019,0.214,166.639
93.520,22.383,-0.009,0.214,166.686
93.540,19.271,-0.006,0.214,166.739
93.560,15.861,0.007,0.214,166.785
93.580,12.246,0.013,0.214,166.828
93.600,8.473,0.026,0.214,166.862
93.620,4.588,0.031,0.209,166.889
93.640,0.633,0.049,0.209,166.909
93.660,-3.340,0.058,0.209,166.920
93.680,-7.271,0.070,0.209,166.924
93.700,-11.092,0.081,0.209,166.922
93.720,-14.730,0.094,0.209,166.915
93.740,-18.193,0.104,0.209,166.906
93.760,-21.416,0.116,0.209,166.899
93.780,-24.299,0.127,0.209,166.892
93.800,-26.865,0.137,0.209,166.895
93.820,-29.051,0.146,0.209,166.904
93.840,-30.820,0.146,0.209,166.925
93.860,-32.150,0.161,0.209,166.948
93.880,-33.076,0.163,0.209,166.998
93.900,-33.451,0.174,0.209,167.047
93.920,-33.416,0.170,0.209,167.123
93.940,-32.953,0.178,0.209,167.197
93.960,-31.980,0.171,0.209,167.289
93.980,-30.592,0.176,0.209,167.382
94.000,-28.740,0.170,0.209,167.476
94.020,-26.490,0.168,0.209,167.576
94.040,-23.883,0.159,0.209,167.668
94.060,-20.895,0.148,0.209,167.755
94.080,-17.660,0.148,0.209,167.829
94.100,-14.174,0.133,0.209,167.899
94.120,-10.482,0.126,0.209,167.954
94.140,-6.615,0.112,0.209,167.999
94.160,-2.666,0.106,0.209,168.029
94.180,1.312,0.092,0.209,168.046
94.200,5.268,0.083,0.209,168.051
94.220,9.141,0.063,0.209,168.042
94.240,12.920,0.058,0.209,168.029
94.260,16.506,0.042,0.209,168.001
94.280,19.840,0.037,0.209,167.969
94.300,22.939,0.020,0.209,167.932
94.320,25.717,0.013,0.209,167.898
94.340,28.090,0.004,0.209,167.869
94.360,30.105,-0.001,0.209,167.832
94.380,31.693,-0.009,0.209,167.804
94.400,32.865,-0.018,0.209,167.781
94.420,33.557,-0.018,0.209,167.771
94.440,33.803,-0.029,0.209,167.763
94.460,33.580,-0.025,0.209,167.772
94.480,32.895,-0.029,0.209,167.780
94.500,31.746,-0.023,0.209,167.797
94.520,30.176,-0.025,0.209,167.808
94.540,28.189,-0.019,0.209,167.827
94.560,25.799,-0.015,0.209,167.841
94.580,23.039,-0.007,0.209,167.851
94.600,19.980,-0.001,0.209,167.853
94.620,16.646,0.007,0.209,167.848
94.640,13.072,0.018,0.209,167.835
94.660,9.322,0.025,0.209,167.808
94.680,5.461,0.037,0.209,167.772
94.700,1.506,0.046,0.209,167.724
94.720,-2.473,0.062,0.209,167.664
94.740,-6.375,0.069,0.209,167.593
94.760,-10.271,0.087,0.209,167.512
94.780,-13.945,0.095,0.209,167.425
94.800,-17.449,0.106,0.209,167.332
94.820,-20.707,0.118,0.209,167.236
94.840,-23.684,0.131,0.209,167.141
94.860,-26.320,0.137,0.209,167.051
94.880,-28.588,0.149,0.209,166.960
94.900,-30.445,0.154,0.209,166.885
94.920,-31.875,0.164,0.209,166.817
94.940,-32.859,0.166,0.209,166.763
94.960,-33.363,0.174,0.209,166.724
94.980,-33.463,0.174,0.209,166.702
95.000,-33.064,0.174,0.209,166.682
95.020,-32.221,0.174,0.209,166.680
95.040,-30.891,0.172,0.209,166.685
95.060,-29.156,0.175,0.209,166.700
95.080,-26.988,0.165,0.209,166.726
95.100,-24.451,0.165,0.209,166.751
95.120,-21.586,0.152,0.209,166.782
95.140,-18.363,0.149,0.209,166.803
95.160,-14.953,0.133,0.209,166.824
95.180,-11.285,0.128,0.209,166.835
95.200,-7.459,0.111,0.209,166.842
95.220,-3.533,0.104,0.209,166.839
95.240,0.439,0.090,0.209,166.829
95.260,4.395,0.086,0.209,166.813
95.280,8.303,0.065,0.209,166.788
95.300,12.094,0.056,0.209,166.761
95.320,15.721,0.045,0.209,166.731
95.340,19.125,0.028,0.209,166.701
95.360,22.271,0.025,0.209,166.677
95.380,25.131,0.008,0.209,166.654
95.400,27.592,0.006,0.209,166.644
95.420,29.695,-0.012,0.209,166.636
95.440,31.377,-0.011,0.209,166.652
95.460,32.654,-0.024,0.209,166.669
95.480,33.445,-0.021,0.209,166.715
95.500,33.791,-0.030,0.209,166.762
95.520,33.662,-0.026,0.209,166.831
95.540,33.088,-0.035,0.213,166.908
95.560,32.045,-0.030,0.213,166.999
95.580,30.557,-0.032,0.213,167.103
95.600,28.658,-0.030,0.213,167.205
95.620,26.367,-0.018,0.213,167.317
95.640,23.689,-0.021,0.213,167.416
95.660,20.684,0.000,0.213,167.520
95.680,17.426,-0.011,0.213,167.610
95.700,13.887,0.017,0.213,167.703
95.720,10.178,0.012,0.213,167.776
95.740,6.352,0.037,0.213,167.844
95.760,2.402,0.033,0.213,167.899
95.780,-1.541,0.058,0.213,167.944
95.800,-5.502,0.058,0.213,167.979
95.820,-9.393,0.080,0.213,168.002
95.840,-13.119,0.080,0.213,168.018
95.860,-16.664,0.105,0.213,168.027
95.880,-19.986,0.103,0.213,168.036
95.900,-23.051,0.125,0.213,168.035
95.920,-25.740,0.128,0.213,168.039
95.940,-28.090,0.137,0.213,168.045
95.960,-30.059,0.153,0.213,168.049
95.980,-31.600,0.148,0.213,168.073
96.000,-32.689,0.176,0.213,168.085
96.020,-33.287,0.149,0.213,168.135
96.040,-33.463,0.187,0.222,168.154
96.060,-33.187,0.149,0.222,168.222
96.080,-32.455,0.195,0.230,168.240
96.100,-31.248,0.145,0.230,168.322
96.120,-29.561,0.197,0.232,168.344
96.140,-27.516,0.137,0.232,168.430
96.160,-25.066,0.189,0.232,168.448
96.180,-22.248,0.122,0.232,168.519
96.200,-19.119,0.176,0.232,168.529
96.220,-15.744,0.108,0.232,168.573
96.240,-12.129,0.153,0.232,168.568
96.260,-8.350,0.093,0.232,168.577
96.280,-4.430,0.129,0.232,168.555
96.300,-0.457,0.074,0.232,168.527
96.320,3.516,0.101,0.232,168.485
96.340,7.436,0.057,0.232,168.423
96.360,11.244,0.070,0.232,168.361
96.380,14.930,0.039,0.232,168.276
96.400,18.387,0.037,0.232,168.197
96.420,21.586,0.023,0.232,168.100
96.440,24.521,0.013,0.232,168.011
96.460,27.070,0.011,0.232,167.918
96.480,29.256,-0.013,0.232,167.828
96.500,31.037,0.001,0.232,167.754
96.520,32.414,-0.030,0.232,167.668
96.540,33.299,-0.009,0.232,167.617
96.560,33.750,-0.037,0.234,167.547
96.580,33.721,-0.017,0.234,167.519
96.600,33.270,-0.035,0.234,167.471
96.620,32.303,-0.023,0.234,167.451
96.640,30.932,-0.028,0.234,167.416
96.660,29.115,-0.026,0.234,167.406
96.680,26.918,-0.014,0.234,167.394
96.700,24.311,-0.021,0.234,167.377
96.720,21.398,0.003,0.234,167.367
96.740,18.170,-0.010,0.234,167.343
96.760,14.689,0.021,0.234,167.328
96.780,11.016,0.007,0.234,167.292
96.800,7.189,0.048,0.234,167.256
96.820,3.270,0.026,0.234,167.205
96.840,-0.686,0.069,0.234,167.150
96.860,-4.646,0.050,0.234,167.087
96.880,-8.566,0.090,0.234,167.011
96.900,-12.340,0.080,0.234,166.940
96.920,-15.908,0.108,0.234,166.853
96.940,-19.307,0.105,0.234,166.775
96.960,-22.400,0.128,0.234,166.687
96.980,-25.201,0.130,0.234,166.619
97.000,-27.627,0.140,0.234,166.544
97.020,-29.689,0.150,0.234,166.489
97.040,-31.342,0.153,0.234,166.442
97.060,-32.496,0.172,0.234,166.406
97.080,-33.240,0.161,0.234,166.398
97.100,-33.486,0.182,0.234,166.387
97.120,-33.316,0.159,0.234,166.416
97.140,-32.695,0.189,0.234,166.423
97.160,-31.559,0.160,0.234,166.482
97.180,-30.006,0.189,0.234,166.514
97.200,-28.014,0.153,0.234,166.594
97.220,-25.664,0.180,0.234,166.637
97.240,-22.939,0.142,0.234,166.721
97.260,-19.846,0.165,0.234,166.770
97.280,-16.529,0.132,0.234,166.843
97.300,-12.967,0.144,0.234,166.888
97.320,-9.211,0.116,0.234,166.941
97.340,-5.314,0.122,0.234,166.976
97.360,-1.354,0.095,0.234,167.005
97.380,2.631,0.097,0.234,167.024
97.400,6.568,0.074,0.234,167.033
97.420,10.395,0.064,0.234,167.038
97.440,14.109,0.056,0.234,167.035
97.460,17.625,0.036,0.234,167.029
97.480,20.895,0.038,0.234,167.025
97.500,23.895,0.011,0.234,167.014
97.520,26.525,0.019,0.234,167.020
97.540,28.799,-0.008,0.234,167.017
97.560,30.674,0.002,0.234,167.040
97.580,32.127,-0.023,0.234,167.048
97.600,33.135,-0.011,0.234,167.091
97.620,33.691,-0.032,0.234,167.119
97.640,33.773,-0.021,0.234,167.192
97.660,33.410,-0.033,0.234,167.244
97.680,32.566,-0.024,0.234,167.328
97.700,31.289,-0.029,0.234,167.394
97.720,29.549,-0.022,0.234,167.479
97.740,27.457,-0.019,0.234,167.549
97.760,24.932,-0.018,0.234,167.624
97.780,22.061,-0.002,0.234,167.692
97.800,18.926,-0.010,0.234,167.747
97.820,15.480,0.016,0.234,167.803
97.840,11.854,0.009,0.234,167.841
97.860,8.062,0.036,0.234,167.870
97.880,4.154,0.029,0.234,167.881
97.900,0.223,0.055,0.234,167.882
97.920,-3.756,0.052,0.234,167.871
97.940,-7.670,0.079,0.234,167.842
97.960,-11.490,0.076,0.234,167.811
97.980,-15.117,0.104,0.234,167.758
98.000,-18.539,0.099,0.234,167.717
98.020,-21.709,0.125,0.234,167.651
98.040,-24.562,0.124,0.234,167.605
98.060,-27.082,0.140,0.234,167.538
98.080,-29.227,0.142,0.234,167.489
98.100,-30.949,0.152,0.234,167.429
98.120,-32.227,0.160,0.234,167.390
98.140,-33.064,0.166,0.234,167.356
98.160,-33.439,0.168,0.234,167.338
98.180,-33.363,0.168,0.234,167.328
98.200,-32.836,0.174,0.234,167.312
98.220,-31.822,0.166,0.234,167.321
98.240,-30.352,0.173,0.234,167.305
98.260,-28.465,0.161,0.234,167.331
98.280,-26.197,0.170,0.234,167.321
98.300,-23.549,0.147,0.234,167.342
98.320,-20.549,0.153,0.234,167.328
98.340,-17.256,0.130,0.234,167.333
98.360,-13.758,0.137,0.234,167.308
98.380,-10.037,0.113,0.234,167.291
98.400,-6.176,0.113,0.234,167.253
98.420,-2.215,0.089,0.234,167.210
98.440,1.758,0.091,0.234,167.155
98.460,5.689,0.069,0.234,167.087
98.480,9.557,0.067,0.234,167.017
98.500,13.318,0.047,0.234,166.933
98.520,16.863,0.045,0.234,166.847
98.540,20.191,0.025,0.234,166.759
98.560,23.256,0.020,0.234,166.668
98.580,25.980,0.007,0.234,166.599
98.600,28.318,-0.000,0.234,166.504
98.620,30.293,-0.009,0.234,166.460
98.640,31.834,-0.017,0.234,166.375
98.660,32.953,-0.019,0.234,166.369
98.680,33.609,-0.026,0.234,166.300
98.700,33.797,-0.026,0.234,166.332
98.720,33.527,-0.033,0.234,166.289
98.740,32.789,-0.028,0.234,166.351
98.760,31.605,-0.033,0.234,166.330
98.780,29.977,-0.027,0.234,166.412
98.800,27.949,-0.025,0.234,166.417
98.820,25.529,-0.016,0.234,166.496
98.840,22.740,-0.013,0.234,166.515
98.860,19.641,-0.005,0.234,166.585
98.880,16.289,-0.000,0.234,166.611
98.900,12.686,0.013,0.234,166.663
98.920,8.924,0.022,0.234,166.686
98.940,5.045,0.033,0.234,166.712
98.960,1.096,0.047,0.234,166.725
98.980,-2.877,0.054,0.234,166.731
99.000,-6.809,0.071,0.234,166.729
99.020,-10.670,0.079,0.234,166.724
99.040,-14.332,0.094,0.234,166.709
99.060,-17.818,0.102,0.234,166.704
99.080,-21.053,0.116,0.234,166.680
99.100,-23.988,0.126,0.234,166.685
99.120,-26.572,0.136,0.234,166.668
99.140,-28.828,0.142,0.234,166.688
99.160,-30.656,0.153,0.234,166.686
99.180,-32.021,0.157,0.234,166.724
99.200,-32.977,0.170,0.234,166.753
99.220,-33.410,0.170,0.234,166.817
99.240,-33.463,0.174,0.234,166.890
99.260,-33.035,0.178,0.234,166.964
99.280,-32.133,0.174,0.234,167.068
99.300,-30.762,0.175,0.234,167.150
99.320,-28.963,0.170,0.234,167.269
99.340,-26.771,0.167,0.234,167.356
99.360,-24.217,0.163,0.234,167.472
99.380,-21.258,0.149,0.234,167.552
99.400,-18.053,0.146,0.234,167.650
99.420,-14.584,0.136,0.234,167.717
99.440,-10.922,0.128,0.234,167.792
99.460,-7.072,0.117,0.234,167.843
99.480,-3.129,0.103,0.234,167.888
99.500,0.832,0.093,0.234,167.917
99.520,4.805,0.082,0.234,167.933
99.540,8.684,0.068,0.234,167.941
99.560,12.463,0.060,0.234,167.936
99.580,16.084,0.045,0.234,167.921
99.600,19.471,0.034,0.234,167.904
99.620,22.582,0.022,0.234,167.878
99.640,25.406,0.015,0.234,167.867
99.660,27.826,0.006,0.234,167.835
99.680,29.895,-0.004,0.234,167.829
99.700,31.518,-0.009,0.234,167.796
99.720,32.748,-0.016,0.234,167.809
99.740,33.510,-0.016,0.234,167.788
99.760,33.773,-0.024,0.234,167.814
99.780,33.627,-0.023,0.234,167.806
99.800,32.994,-0.028,0.234,167.846
99.820,31.904,-0.024,0.234,167.851
99.840,30.381,-0.024,0.234,167.895
99.860,28.447,-0.018,0.234,167.910
99.880,26.104,-0.013,0.234,167.946
99.900,23.385,-0.008,0.234,167.958
99.920,20.367,-0.002,0.234,167.979
99.940,17.051,0.008,0.234,167.979
99.960,13.494,0.012,0.234,167.978
99.980,9.762,0.025,0.234,167.961
100.000,5.918,0.038,0.234,167.931
100.020,1.986,0.049,0.234,167.834
100.040,-1.975,0.059,0.234,167.834
100.060,-5.918,0.068,0.234,167.766
100.080,-9.814,0.083,0.234,167.692
100.100,-13.523,0.095,0.234,167.602
100.120,-17.033,0.102,0.234,167.517
100.140,-20.338,0.116,0.234,167.412
100.160,-23.350,0.126,0.234,167.323
100.180,-26.033,0.132,0.234,167.219
100.200,-28.318,0.144,0.234,167.134
100.220,-30.258,0.151,0.234,167.042
100.240,-31.734,0.165,0.234,166.973
100.260,-32.777,0.160,0.234,166.911
100.280,-33.334,0.175,0.234,166.855
100.300,-33.475,0.168,0.234,166.822
100.320,-33.135,0.178,0.234,166.788
100.340,-32.355,0.169,0.234,166.783
100.360,-31.090,0.181,0.234,166.762
100.380,-29.373,0.167,0.234,166.788
100.400,-27.264,0.171,0.234,166.783
100.420,-24.791,0.154,0.234,166.809
100.440,-21.943,0.162,0.234,166.805
100.460,-18.773,0.141,0.234,166.831
100.480,-15.363,0.140,0.234,166.827
100.500,-11.725,0.124,0.234,166.834
100.520,-7.945,0.121,0.234,166.822
100.540,-4.008,0.102,0.234,166.810
100.560,-0.035,0.098,0.234,166.786
100.580,3.932,0.078,0.234,166.754
100.600,7.863,0.073,0.234,166.720
100.620,11.631,0.055,0.234,166.675
100.640,15.299,0.054,0.234,166.634
100.660,18.727,0.029,0.234,166.580
100.680,21.908,0.029,0.234,166.541
100.700,24.809,0.006,0.234,166.498
100.720,27.322,0.011,0.234,166.479
100.740,29.473,-0.011,0.234,166.450
100.760,31.189,-0.006,0.234,166.447
100.780,32.514,-0.023,0.234,166.448
100.800,33.375,-0.021,0.234,166.469
100.820,33.773,-0.030,0.234,166.509
100.840,33.703,-0.029,0.234,166.558
100.860,33.182,-0.036,0.234,166.634
100.880,32.186,-0.030,0.234,166.707
100.900,30.768,-0.034,0.234,166.801
100.920,28.904,-0.025,0.234,166.888
100.940,26.660,-0.023,0.234,166.992
100.960,24.029,-0.021,0.234,167.083
100.980,21.059,-0.009,0.234,167.186
101.000,17.830,-0.008,0.234,167.267
101.020,14.314,0.012,0.234,167.358
101.040,10.629,0.014,0.234,167.427
101.060,6.803,0.033,0.234,167.494
101.080,2.877,0.033,0.234,167.546
101.100,-1.096,0.053,0.234,167.589
101.120,-5.045,0.062,0.226,167.622
101.140,-8.936,0.074,0.226,167.644
101.160,-12.691,0.085,0.226,167.659
101.180,-16.248,0.101,0.226,167.667
101.200,-19.594,0.108,0.226,167.675
101.220,-22.682,0.124,0.226,167.679
101.240,-25.424,0.130,0.226,167.685
101.260,-27.832,0.144,0.226,167.693
101.280,-29.848,0.149,0.226,167.708
101.300,-31.441,0.153,0.226,167.753
101.320,-32.566,0.159,0.226,167.753
101.340,-33.234,0.170,0.226,167.790
101.360,-33.463,0.174,0.226,167.839
101.380,-33.240,0.176,0.226,167.901
101.400,-32.555,0.174,0.226,167.961
101.420,-31.389,0.174,0.226,168.027
101.440,-29.795,0.172,0.226,168.095
101.460,-27.785,0.163,0.226,168.167
101.480,-25.371,0.163,0.226,168.224
101.500,-22.617,0.151,0.226,168.282
101.520,-19.512,0.150,0.226,168.327
101.540,-16.154,0.137,0.226,168.365
101.560,-12.574,0.131,0.225,168.391
101.580,-8.795,0.117,0.225,168.403
101.600,-4.893,0.107,0.225,168.402
101.620,-0.932,0.095,0.225,168.386
101.640,3.035,0.086,0.225,168.357
101.660,6.973,0.074,0.225,168.316
101.680,10.787,0.060,0.225,168.262
101.700,14.496,0.049,0.225,168.200
101.720,17.982,0.037,0.225,168.128
101.740,21.223,0.027,0.225,168.054
101.760,24.182,0.016,0.225,167.973
101.780,26.783,0.008,0.225,167.902
101.800,29.021,-0.006,0.225,167.828
101.820,30.838,-0.009,0.225,167.767
101.840,32.262,-0.019,0.225,167.710
101.860,33.217,-0.018,0.225,167.662
101.880,33.732,-0.027,0.225,167.617
101.900,33.750,-0.027,0.225,167.587
101.920,33.334,-0.030,0.225,167.564
101.940,32.437,-0.029,0.225,167.554
101.960,31.119,-0.027,0.225,167.538
101.980,29.338,-0.027,0.225,167.534
102.000,27.211,-0.017,0.225,167.534
102.020,24.639,-0.016,0.225,167.531
102.040,21.744,-0.006,0.225,167.529
102.060,18.568,-0.004,0.225,167.518
102.080,15.111,0.010,0.225,167.506
102.100,11.455,0.015,0.225,167.483
102.120,7.646,0.028,0.225,167.453
102.140,3.744,0.038,0.225,167.414
102.160,-0.223,0.054,0.225,167.365
102.180,-4.178,0.062,0.217,167.307
102.200,-8.104,0.079,0.217,167.241
102.220,-11.895,0.087,0.217,167.170
102.240,-15.504,0.099,0.217,167.092
102.260,-18.920,0.108,0.217,167.014
102.280,-22.049,0.124,0.217,166.932
102.300,-24.896,0.133,0.217,166.859
102.320,-27.363,0.143,0.217,166.786
102.340,-29.484,0.146,0.217,166.728
102.360,-31.172,0.161,0.217,166.669
102.380,-32.391,0.164,0.217,166.641
102.400,-33.182,0.174,0.217,166.616
102.420,-33.439,0.175,0.217,166.617
102.440,-33.369,0.174,0.217,166.625
102.460,-32.783,0.180,0.217,166.642
102.480,-31.734,0.173,0.217,166.679
102.500,-30.211,0.180,0.217,166.719
102.520,-28.277,0.169,0.217,166.776
102.540,-25.957,0.172,0.217,166.834
102.560,-23.279,0.160,0.217,166.897
102.580,-20.232,0.156,0.217,166.951
102.600,-16.934,0.143,0.217,167.005
102.620,-13.383,0.135,0.217,167.051
102.640,-9.656,0.122,0.217,167.092
102.660,-5.777,0.118,0.217,167.122
102.680,-1.828,0.099,0.217,167.145
102.700,2.150,0.095,0.217,167.158
102.720,6.100,0.076,0.217,167.161
102.740,9.955,0.064,0.217,167.158
102.760,13.687,0.054,0.217,167.148
102.780,17.232,0.041,0.217,167.134
102.800,20.514,0.033,0.217,167.118
102.820,23.555,0.020,0.217,167.108
102.840,26.232,0.015,0.217,167.091
102.860,28.553,0.002,0.217,167.088
102.880,30.486,-0.004,0.217,167.083
102.900,31.992,-0.015,0.217,167.096
102.920,33.047,-0.018,0.217,167.112
102.940,33.650,-0.026,0.217,167.154
102.960,33.791,-0.021,0.217,167.197
102.980,33.475,-0.030,0.217,167.248
103.000,32.672,-0.023,0.217,167.302
103.020,31.453,-0.030,0.217,167.373
103.040,29.766,-0.020,0.217,167.440
103.060,27.732,-0.022,0.217,167.507
103.080,25.248,-0.014,0.217,167.573
103.100,22.418,-0.010,0.217,167.640
103.120,19.307,-0.002,0.217,167.695
103.140,15.914,0.005,0.217,167.746
103.160,12.293,0.016,0.217,167.781
103.180,8.525,0.026,0.217,167.807
103.200,4.629,0.037,0.217,167.818
103.220,0.686,0.046,0.217,167.817
103.240,-3.293,0.059,0.217,167.802
103.260,-7.195,0.070,0.217,167.774
103.280,-11.045,0.083,0.217,167.738
103.300,-14.701,0.096,0.217,167.685
103.320,-18.141,0.103,0.217,167.635
103.340,-21.346,0.118,0.217,167.566
103.360,-24.252,0.124,0.217,167.508
103.380,-26.818,0.136,0.217,167.439
103.400,-29.004,0.143,0.217,167.381
103.420,-30.779,0.152,0.217,167.320
103.440,-32.109,0.158,0.217,167.276
103.460,-33.000,0.166,0.217,167.233
103.480,-33.410,0.170,0.217,167.212
103.500,-33.404,0.172,0.217,167.191
103.520,-32.918,0.170,0.217,167.180
103.540,-31.963,0.170,0.217,167.176
103.560,-30.568,0.170,0.217,167.172
103.580,-28.729,0.170,0.217,167.182
103.600,-26.490,0.161,0.217,167.185
103.620,-23.883,0.160,0.217,167.189
103.640,-20.918,0.147,0.217,167.186
103.660,-17.660,0.145,0.217,167.182
103.680,-14.191,0.132,0.217,167.168
103.700,-10.488,0.124,0.217,167.144
103.720,-6.650,0.108,0.217,167.110
103.740,-2.701,0.099,0.217,167.064
103.760,1.289,0.085,0.217,167.008
103.780,5.232,0.079,0.217,166.942
103.800,9.105,0.062,0.217,166.867
103.820,12.873,0.053,0.217,166.786
103.840,16.453,0.041,0.217,166.701
103.860,19.816,0.028,0.217,166.612
103.880,22.893,0.020,0.217,166.524
103.900,25.682,0.008,0.217,166.434
103.920,28.066,0.001,0.217,166.360
103.940,30.100,-0.007,0.217,166.294
103.960,31.687,-0.017,0.217,166.240
103.980,32.848,-0.018,0.217,166.201
104.000,33.557,-0.032,0.217,166.170
104.020,33.803,-0.028,0.217,166.168
104.040,33.586,-0.034,0.217,166.163
104.060,32.895,-0.031,0.217,166.185
104.080,31.770,-0.033,0.217,166.206
104.100,30.182,-0.028,0.217,166.251
104.120,28.213,-0.029,0.217,166.291
104.140,25.828,-0.018,0.217,166.347
104.160,23.086,-0.016,0.217,166.395
104.180,20.039,-0.008,0.217,166.445
104.200,16.693,-0.001,0.217,166.492
104.220,13.113,0.012,0.217,166.537
104.240,9.363,0.017,0.217,166.572
104.260,5.502,0.034,0.217,166.600
104.280,1.541,0.042,0.217,166.619
104.300,-2.391,0.055,0.217,166.630
104.320,-6.352,0.070,0.217,166.634
104.340,-10.213,0.078,0.217,166.634
104.360,-13.922,0.093,0.217,166.626
104.380,-17.420,0.100,0.217,166.622
104.400,-20.684,0.114,0.217,166.611
104.420,-23.648,0.126,0.217,166.609
104.440,-26.273,0.134,0.217,166.607
104.460,-28.582,0.141,0.217,166.617
104.480,-30.457,0.153,0.217,166.630
104.500,-31.875,0.155,0.217,166.663
104.520,-32.877,0.166,0.217,166.700
104.540,-33.363,0.168,0.217,166.757
104.560,-33.480,0.175,0.217,166.827
104.580,-33.100,0.174,0.217,166.906
104.600,-32.262,0.178,0.217,166.997
104.620,-30.955,0.175,0.217,167.094
104.640,-29.197,0.173,0.217,167.201
104.660,-27.064,0.167,0.217,167.303
104.680,-24.527,0.161,0.217,167.406
104.700,-21.627,0.149,0.217,167.501
104.720,-18.451,0.147,0.217,167.585
104.740,-15.006,0.137,0.217,167.661
104.760,-11.355,0.132,0.217,167.726
104.780,-7.535,0.116,0.217,167.779
104.800,-3.609,0.105,0.217,167.818
104.820,0.363,0.092,0.217,167.844
104.840,4.330,0.087,0.217,167.857
104.860,8.221,0.072,0.217,167.857
104.880,12.018,0.061,0.217,167.847
104.900,15.668,0.050,0.217,167.827
104.920,19.072,0.037,0.217,167.795
104.940,22.225,0.027,0.217,167.767
104.960,25.096,0.018,0.217,167.732
104.980,27.562,0.009,0.217,167.701
105.000,29.678,-0.001,0.217,167.669
105.020,31.354,-0.009,0.217,167.640
105.040,32.607,-0.017,0.217,167.624
105.060,33.428,-0.016,0.217,167.607
105.080,33.785,-0.025,0.217,167.604
105.100,33.662,-0.027,0.217,167.603
105.120,33.094,-0.026,0.217,167.620
105.140,32.062,-0.027,0.217,167.631
105.160,30.580,-0.023,0.217,167.650
105.180,28.682,-0.023,0.217,167.662
105.200,26.396,-0.009,0.217,167.677
105.220,23.719,-0.009,0.217,167.676
105.240,20.725,-0.000,0.217,167.682
105.260,17.461,0.004,0.217,167.672
105.280,13.922,0.014,0.217,167.661
105.300,10.225,0.019,0.217,167.633
105.320,6.363,0.037,0.217,167.595
105.340,2.449,0.044,0.217,167.544
105.360,-1.512,0.058,0.216,167.480
105.380,-5.461,0.065,0.216,167.406
105.400,-9.363,0.084,0.216,167.320
105.420,-13.090,0.092,0.216,167.226
105.440,-16.641,0.103,0.216,167.126
105.460,-19.963,0.115,0.216,167.019
105.480,-23.021,0.125,0.216,166.916
105.500,-25.723,0.138,0.216,166.812
105.520,-28.055,0.145,0.216,166.720
105.540,-30.047,0.153,0.216,166.623
105.560,-31.594,0.160,0.216,166.546
105.580,-32.666,0.167,0.216,166.470
105.600,-33.322,0.171,0.216,166.422
105.620,-33.469,0.175,0.216,166.375
105.640,-33.211,0.173,0.216,166.352
105.660,-32.473,0.177,0.216,166.331
105.680,-31.266,0.173,0.216,166.330
105.700,-29.607,0.178,0.216,166.332
105.720,-27.533,0.166,0.216,166.353
105.740,-25.102,0.170,0.216,166.366
105.760,-22.283,0.155,0.216,166.390
105.780,-19.160,0.153,0.216,166.404
105.800,-15.773,0.134,0.216,166.421
105.820,-12.176,0.132,0.216,166.426
105.840,-8.385,0.118,0.216,166.428
105.860,-4.465,0.107,0.214,166.422
105.880,-0.510,0.095,0.214,166.408
105.900,3.475,0.086,0.214,166.387
105.920,7.377,0.070,0.214,166.359
105.940,11.191,0.058,0.214,166.327
105.960,14.883,0.048,0.214,166.292
105.980,18.352,0.033,0.214,166.255
106.000,21.551,0.022,0.214,166.224
106.020,24.498,0.012,0.214,166.199
106.040,27.041,0.011,0.214,166.184
106.060,29.244,-0.008,0.214,166.170
106.080,31.014,-0.011,0.214,166.181
106.100,32.373,-0.021,0.214,166.194
106.120,33.293,-0.021,0.214,166.230
106.140,33.750,-0.027,0.214,166.276
106.160,33.732,-0.026,0.214,166.345
106.180,33.275,-0.033,0.214,166.415
106.200,32.326,-0.029,0.214,166.514
106.220,30.949,-0.029,0.214,166.607
106.240,29.145,-0.027,0.214,166.717
106.260,26.953,-0.018,0.214,166.827
106.280,24.352,-0.018,0.214,166.934
106.300,21.422,-0.004,0.214,167.040
106.320,18.223,-0.006,0.214,167.136
106.340,14.736,0.011,0.214,167.231
106.360,11.068,0.012,0.214,167.315
106.380,7.248,0.030,0.214,167.391
106.400,3.334,0.037,0.214,167.453
106.420,-0.615,0.052,0.214,167.505
106.440,-4.576,0.060,0.214,167.547
106.460,-8.473,0.075,0.214,167.576
106.480,-12.258,0.085,0.214,167.599
106.500,-15.844,0.097,0.214,167.612
106.520,-19.230,0.108,0.214,167.621
106.540,-22.336,0.120,0.214,167.630
106.560,-25.113,0.127,0.214,167.634
106.580,-27.562,0.140,0.214,167.647
106.600,-29.631,0.149,0.214,167.660
106.620,-31.271,0.153,0.214,167.686
106.640,-32.461,0.161,0.214,167.710
106.660,-33.182,0.164,0.214,167.749
106.680,-33.469,0.171,0.214,167.788
106.700,-33.299,0.173,0.214,167.847
106.720,-32.666,0.173,0.214,167.902
106.740,-31.576,0.169,0.214,167.965
106.760,-30.006,0.173,0.214,168.024
106.780,-28.037,0.163,0.214,168.092
106.800,-25.676,0.166,0.214,168.145
106.820,-22.969,0.152,0.214,168.207
106.840,-19.898,0.153,0.214,168.246
106.860,-16.541,0.140,0.214,168.286
106.880,-13.008,0.136,0.214,168.309
106.900,-9.246,0.118,0.214,168.320
106.920,-5.361,0.109,0.214,168.316
106.940,-1.406,0.096,0.214,168.298
106.960,2.578,0.086,0.214,168.267
106.980,6.510,0.076,0.214,168.223
107.000,10.348,0.062,0.214,168.168
107.020,14.074,0.053,0.214,168.103
107.040,17.572,0.041,0.214,168.026
107.060,20.854,0.029,0.214,167.948
107.080,23.865,0.016,0.214,167.864
107.100,26.496,0.008,0.214,167.788
107.120,28.775,-0.005,0.214,167.710
107.140,30.650,-0.008,0.214,167.648
107.160,32.115,-0.021,0.214,167.584
107.180,33.123,-0.018,0.214,167.541
107.200,33.680,-0.029,0.214,167.496
107.220,33.768,-0.026,0.214,167.472
107.240,33.422,-0.033,0.214,167.447
107.260,32.572,-0.029,0.214,167.437
107.280,31.295,-0.031,0.214,167.424
107.300,29.561,-0.025,0.214,167.427
107.320,27.463,-0.018,0.214,167.427
107.340,24.949,-0.013,0.214,167.431
107.360,22.102,-0.010,0.214,167.428
107.380,18.955,-0.002,0.214,167.426
107.400,15.521,0.008,0.214,167.416
107.420,11.889,0.017,0.214,167.403
107.440,8.115,0.027,0.214,167.380
107.460,4.201,0.035,0.214,167.349
107.480,0.234,0.054,0.214,167.307
107.500,-3.721,0.060,0.212,167.258
107.520,-7.641,0.079,0.212,167.199
107.540,-11.455,0.084,0.212,167.135
107.560,-15.100,0.101,0.212,167.064
107.580,-18.521,0.104,0.212,166.995
107.600,-21.709,0.127,0.212,166.919
107.620,-24.574,0.128,0.212,166.860
107.640,-27.076,0.144,0.212,166.791
107.660,-29.256,0.145,0.212,166.745
107.680,-31.002,0.164,0.212,166.699
107.700,-32.250,0.157,0.212,166.681
107.720,-33.111,0.176,0.212,166.660
107.740,-33.428,0.167,0.212,166.671
107.760,-33.410,0.181,0.215,166.683
107.780,-32.877,0.174,0.215,166.711
107.800,-31.869,0.178,0.215,166.748
107.820,-30.416,0.172,0.215,166.798
107.840,-28.506,0.171,0.215,166.855
107.860,-26.256,0.163,0.215,166.918
107.880,-23.607,0.163,0.215,166.984
107.900,-20.619,0.152,0.215,167.046
107.920,-17.344,0.147,0.215,167.104
107.940,-13.828,0.132,0.215,167.157
107.960,-10.107,0.130,0.215,167.200
107.980,-6.252,0.112,0.215,167.235
108.000,-2.297,0.103,0.215,167.260
108.020,1.670,0.093,0.215,167.275
108.040,5.637,0.079,0.215,167.280
108.060,9.498,0.067,0.215,167.277
108.080,13.260,0.057,0.215,167.269
108.100,16.822,0.047,0.215,167.254
108.120,20.162,0.033,0.215,167.234
108.140,23.215,0.023,0.215,167.217
108.160,25.951,0.015,0.215,167.203
108.180,28.301,0.007,0.215,167.191
108.200,30.275,-0.009,0.215,167.185
108.220,31.822,-0.010,0.215,167.192
108.240,32.947,-0.021,0.215,167.206
108.260,33.604,-0.017,0.215,167.233
108.280,33.803,-0.029,0.215,167.269
108.300,33.527,-0.024,0.215,167.316
108.320,32.812,-0.029,0.215,167.373
108.340,31.617,-0.023,0.215,167.432
108.360,29.977,-0.026,0.215,167.494
108.380,27.990,-0.021,0.215,167.553
108.400,25.547,-0.013,0.215,167.617
108.420,22.775,-0.012,0.215,167.669
108.440,19.682,-0.003,0.215,167.720
108.460,16.330,0.007,0.215,167.761
108.480,12.738,0.016,0.215,167.792
108.500,8.982,0.023,0.215,167.810
108.520,5.098,0.036,0.215,167.816
108.540,1.154,0.045,0.215,167.809
108.560,-2.824,0.058,0.215,167.790
108.580,-6.744,0.065,0.215,167.759
108.600,-10.600,0.084,0.215,167.715
108.620,-14.273,0.092,0.215,167.661
108.640,-17.760,0.105,0.215,167.604
108.660,-20.977,0.116,0.215,167.541
108.680,-23.924,0.125,0.215,167.478
108.700,-26.514,0.137,0.215,167.411
108.720,-28.775,0.144,0.215,167.351
108.740,-30.609,0.153,0.215,167.289
108.760,-31.992,0.163,0.215,167.245
108.780,-32.941,0.163,0.215,167.208
108.800,-33.375,0.170,0.215,167.176
108.820,-33.416,0.171,0.215,167.160
108.840,-33.023,0.172,0.215,167.145
108.860,-32.104,0.173,0.215,167.144
108.880,-30.744,0.170,0.215,167.142
108.900,-28.969,0.172,0.215,167.154
108.920,-26.760,0.161,0.215,167.165
108.940,-24.217,0.162,0.215,167.176
108.960,-21.299,0.148,0.215,167.184
108.980,-18.070,0.145,0.215,167.184
109.000,-14.607,0.132,0.215,167.178
109.020,-10.916,0.127,0.215,167.163
109.040,-7.113,0.109,0.214,167.139
109.060,-3.164,0.103,0.214,167.103
109.080,0.809,0.084,0.214,167.058
109.100,4.764,0.084,0.214,167.003
109.120,8.654,0.061,0.214,166.938
109.140,12.434,0.058,0.214,166.868
109.160,16.055,0.040,0.214,166.791
109.180,19.436,0.032,0.214,166.716
109.200,22.547,0.020,0.214,166.637
109.220,25.383,0.008,0.214,166.564
109.240,27.803,0.001,0.214,166.497
109.260,29.877,-0.012,0.214,166.440
109.280,31.512,-0.013,0.214,166.401
109.300,32.742,-0.024,0.214,166.365
109.320,33.486,-0.024,0.214,166.346
109.340,33.791,-0.032,0.214,166.344
109.360,33.639,-0.026,0.214,166.354
109.380,33.018,-0.035,0.216,166.379
109.400,31.916,-0.029,0.216,166.414
109.420,30.381,-0.034,0.216,166.465
109.440,28.477,-0.021,0.216,166.525
109.460,26.133,-0.020,0.216,166.583
109.480,23.426,-0.013,0.216,166.638
109.500,20.408,-0.007,0.216,166.694
109.520,17.109,0.001,0.216,166.746
109.540,13.547,0.011,0.216,166.794
109.560,9.838,0.019,0.216,166.836
109.580,5.965,0.033,0.216,166.869
109.600,2.033,0.043,0.216,166.893
109.620,-1.934,0.058,0.216,166.908
109.640,-5.871,0.065,0.216,166.916
109.660,-9.762,0.080,0.216,166.917
109.680,-13.482,0.087,0.216,166.914
109.700,-16.998,0.103,0.216,166.908
109.720,-20.309,0.108,0.216,166.900
109.740,-23.326,0.126,0.216,166.895
109.760,-25.992,0.129,0.216,166.893
109.780,-28.318,0.145,0.216,166.899
109.800,-30.252,0.146,0.216,166.915
109.820,-31.746,0.157,0.216,166.939
109.840,-32.789,0.162,0.216,166.976
109.860,-33.328,0.166,0.216,167.028
109.880,-33.469,0.172,0.216,167.086
109.900,-33.170,0.177,0.216,167.154
109.920,-32.396,0.167,0.216,167.237
109.940,-31.131,0.173,0.216,167.317
109.960,-29.426,0.170,0.216,167.410
109.980,-27.328,0.161,0.216,167.502
110.000,-24.844,0.163,0.216,167.586
110.020,-22.002,0.148,0.216,167.675
110.040,-18.844,0.150,0.216,167.751
110.060,-15.439,0.131,0.216,167.819
110.080,-11.807,0.135,0.216,167.874
110.100,-8.004,0.114,0.216,167.919
110.120,-4.084,0.111,0.216,167.951
110.140,-0.117,0.094,0.216,167.969
110.160,3.867,0.091,0.216,167.974
110.180,7.775,0.070,0.216,167.966
110.200,11.584,0.063,0.216,167.948
110.220,15.246,0.049,0.216,167.921
110.240,18.686,0.041,0.216,167.882
110.260,21.861,0.025,0.216,167.846
110.280,24.779,0.018,0.216,167.801
110.300,27.287,0.006,0.216,167.767
110.320,29.437,-0.001,0.216,167.724
110.340,31.184,-0.005,0.216,167.699
110.360,32.508,-0.013,0.216,167.665
110.380,33.363,-0.018,0.216,167.646
110.400,33.773,-0.025,0.216,167.630
110.420,33.703,-0.024,0.216,167.631
110.440,33.193,-0.029,0.216,167.627
110.460,32.197,-0.025,0.216,167.644
110.480,30.773,-0.028,0.216,167.654
110.500,28.939,-0.025,0.216,167.676
110.520,26.695,-0.017,0.216,167.689
110.540,24.047,-0.012,0.216,167.705
110.560,21.088,-0.004,0.216,167.709
110.580,17.865,0.004,0.216,167.707
110.600,14.350,0.009,0.216,167.697
110.620,10.670,0.021,0.216,167.678
110.640,6.850,0.033,0.216,167.646
110.660,2.912,0.042,0.216,167.603
110.680,-1.061,0.057,0.216,167.549
110.700,-5.010,0.064,0.216,167.484
110.720,-8.906,0.082,0.216,167.407
110.740,-12.656,0.091,0.216,167.324
110.760,-16.236,0.103,0.216,167.233
110.780,-19.594,0.116,0.216,167.144
110.800,-22.670,0.126,0.216,167.051
110.820,-25.406,0.137,0.216,166.965
110.840,-27.814,0.142,0.216,166.876
110.860,-29.842,0.153,0.216,166.802
110.880,-31.418,0.165,0.216,166.732
110.900,-32.584,0.168,0.216,166.687
110.920,-33.246,0.173,0.216,166.645
110.940,-33.457,0.173,0.216,166.626
110.960,-33.264,0.174,0.216,166.614
110.980,-32.584,0.175,0.216,166.606
111.000,-31.418,0.172,0.216,166.620
111.020,-29.824,0.174,0.216,166.637
111.040,-27.791,0.166,0.216,166.665
111.060,-25.424,0.169,0.216,166.692
111.080,-22.664,0.157,0.216,166.731
111.100,-19.541,0.149,0.216,166.762
111.120,-16.201,0.137,0.216,166.791
111.140,-12.615,0.132,0.216,166.810
111.160,-8.848,0.120,0.216,166.827
111.180,-4.939,0.107,0.216,166.833
111.200,-0.990,0.094,0.216,166.831
111.220,2.988,0.086,0.216,166.822
111.240,6.920,0.070,0.216,166.805
111.260,10.752,0.060,0.216,166.784
111.280,14.461,0.049,0.216,166.760
111.300,17.947,0.037,0.216,166.732
111.320,21.187,0.028,0.216,166.708
111.340,24.152,0.016,0.216,166.689
111.360,26.766,0.008,0.216,166.672
111.380,28.986,-0.004,0.216,166.666
111.400,30.814,-0.012,0.216,166.674
111.420,32.256,-0.017,0.216,166.694
111.440,33.205,-0.023,0.216,166.727
111.460,33.715,-0.022,0.216,166.773
111.480,33.756,-0.031,0.216,166.833
111.500,33.340,-0.028,0.216,166.905
111.520,32.449,-0.031,0.216,166.991
111.540,31.131,-0.028,0.216,167.079
111.560,29.385,-0.030,0.216,167.177
111.580,27.240,-0.017,0.216,167.280
111.600,24.674,-0.019,0.216,167.377
111.620,21.791,-0.008,0.216,167.471
111.640,18.609,-0.009,0.216,167.561
111.660,15.164,0.008,0.216,167.643
111.680,11.531,0.008,0.216,167.719
111.700,7.717,0.028,0.216,167.782
111.720,3.809,0.033,0.216,167.832
111.740,-0.146,0.049,0.216,167.871
111.760,-4.113,0.058,0.216,167.898
111.780,-8.010,0.070,0.216,167.913
111.800,-11.824,0.084,0.216,167.921
111.820,-15.422,0.095,0.216,167.920
111.840,-18.838,0.105,0.216,167.917
111.860,-21.996,0.117,0.216,167.904
111.880,-24.820,0.128,0.216,167.897
111.900,-27.287,0.137,0.216,167.887
111.920,-29.408,0.145,0.216,167.885
111.940,-31.119,0.151,0.216,167.878
111.960,-32.344,0.164,0.216,167.887
111.980,-33.135,0.166,0.216,167.907
112.000,-33.445,0.172,0.216,167.940
112.020,-33.346,0.169,0.216,167.970
112.040,-32.777,0.171,0.216,168.002
112.060,-31.723,0.172,0.216,168.041
112.080,-30.217,0.169,0.216,168.085
112.100,-28.277,0.167,0.216,168.128
112.120,-25.980,0.161,0.216,168.170
112.140,-23.285,0.157,0.216,168.208
112.160,-20.268,0.150,0.216,168.237
112.180,-16.951,0.143,0.216,168.258
112.200,-13.436,0.129,0.216,168.267
112.220,-9.686,0.120,0.216,168.264
112.240,-5.830,0.108,0.216,168.248
112.260,-1.887,0.102,0.216,168.219
112.280,2.098,0.080,0.216,168.177
112.300,6.047,0.079,0.216,168.123
112.320,9.908,0.057,0.216,168.057
112.340,13.646,0.053,0.216,167.983
112.360,17.180,0.037,0.216,167.901
112.380,20.479,0.029,0.216,167.812
112.400,23.520,0.017,0.216,167.723
112.420,26.215,0.006,0.216,167.633
112.440,28.529,-0.002,0.216,167.548
112.460,30.451,-0.009,0.216,167.471
112.480,31.951,-0.016,0.216,167.406
112.500,33.018,-0.022,0.216,167.336
112.520,33.650,-0.025,0.216,167.288
112.540,33.791,-0.029,0.216,167.250
112.560,33.486,-0.029,0.216,167.215
112.580,32.689,-0.033,0.216,167.200
112.600,31.471,-0.025,0.216,167.185
112.620,29.789,-0.029,0.216,167.181
112.640,27.750,-0.020,0.216,167.177
112.660,25.266,-0.017,0.216,167.185
112.680,22.441,-0.009,0.216,167.184
112.700,19.342,-0.001,0.216,167.186
112.720,15.955,0.004,0.216,167.178
112.740,12.322,0.017,0.216,167.172
112.760,8.566,0.025,0.213,167.151
112.780,4.664,0.041,0.213,167.124
112.800,0.715,0.049,0.212,167.088
112.820,-3.246,0.063,0.212,167.043
112.840,-7.184,0.073,0.212,166.992
112.860,-10.998,0.085,0.212,166.933
112.880,-14.678,0.099,0.212,166.872
112.900,-18.135,0.106,0.212,166.810
112.920,-21.334,0.120,0.212,166.742
112.940,-24.246,0.128,0.212,166.682
112.960,-26.789,0.137,0.212,166.625
112.980,-29.016,0.150,0.212,166.580
113.000,-30.791,0.157,0.212,166.548
113.020,-32.133,0.161,0.212,166.535
113.040,-33.035,0.170,0.212,166.528
113.060,-33.422,0.171,0.212,166.547
113.080,-33.434,0.177,0.212,166.578
113.100,-32.971,0.175,0.212,166.622
113.120,-32.033,0.174,0.212,166.675
113.140,-30.604,0.174,0.212,166.736
113.160,-28.775,0.176,0.212,166.807
113.180,-26.543,0.166,0.212,166.893
113.200,-23.930,0.166,0.212,166.971
113.220,-20.988,0.152,0.212,167.053
113.240,-17.742,0.148,0.212,167.126
113.260,-14.256,0.136,0.212,167.193
113.280,-10.559,0.134,0.212,167.253
113.300,-6.697,0.112,0.212,167.305
113.320,-2.766,0.107,0.212,167.345
113.340,1.201,0.090,0.212,167.376
113.360,5.168,0.084,0.212,167.398
113.380,9.041,0.066,0.212,167.411
113.400,12.814,0.060,0.212,167.419
113.420,16.406,0.045,0.212,167.418
113.440,19.770,0.039,0.212,167.418
113.460,22.857,0.021,0.212,167.416
113.480,25.652,0.016,0.212,167.421
113.500,28.043,0.005,0.212,167.426
113.520,30.053,0.002,0.212,167.435
113.540,31.658,-0.009,0.212,167.443
113.560,32.824,-0.013,0.212,167.467
113.580,33.545,-0.021,0.212,167.495
113.600,33.803,-0.025,0.212,167.542
113.620,33.586,-0.026,0.212,167.592
113.640,32.900,-0.029,0.212,167.660
113.660,31.787,-0.026,0.212,167.728
113.680,30.193,-0.026,0.212,167.795
113.700,28.248,-0.023,0.212,167.861
113.720,25.869,-0.013,0.212,167.930
113.740,23.104,-0.006,0.212,167.987
113.760,20.086,-0.007,0.212,168.033
113.780,16.740,0.007,0.212,168.076
113.800,13.154,0.013,0.212,168.107
113.820,9.416,0.025,0.212,168.124
113.840,5.572,0.031,0.212,168.129
113.860,1.611,0.047,0.212,168.120
113.880,-2.338,0.057,0.212,168.098
113.900,-6.293,0.067,0.212,168.061
113.920,-10.148,0.082,0.212,168.013
113.940,-13.846,0.093,0.212,167.954
113.960,-17.355,0.102,0.212,167.889
113.980,-20.631,0.116,0.212,167.817
114.000,-23.602,0.124,0.212,167.742
114.020,-26.244,0.137,0.212,167.665
114.040,-28.506,0.141,0.212,167.589
114.060,-30.416,0.152,0.212,167.519
114.080,-31.852,0.160,0.212,167.452
114.100,-32.854,0.162,0.212,167.400
114.120,-33.334,0.169,0.212,167.349
114.140,-33.428,0.171,0.212,167.319
114.160,-33.070,0.174,0.212,167.283
114.180,-32.250,0.171,0.212,167.269
114.200,-30.937,0.170,0.212,167.250
114.220,-29.180,0.173,0.212,167.246
114.240,-27.041,0.161,0.212,167.243
114.260,-24.516,0.160,0.212,167.241
114.280,-21.645,0.149,0.212,167.231
114.300,-18.463,0.147,0.212,167.218
114.320,-15.053,0.133,0.212,167.199
114.340,-11.379,0.124,0.212,167.169
114.360,-7.570,0.112,0.212,167.131
114.380,-3.639,0.103,0.211,167.082
114.400,0.328,0.085,0.211,167.024
114.420,4.301,0.083,0.209,166.957
114.440,8.203,0.062,0.209,166.880
114.460,11.988,0.060,0.209,166.800
114.480,15.633,0.040,0.209,166.710
114.500,19.055,0.030,0.209,166.623
114.520,22.184,0.021,0.209,166.535
114.540,25.055,0.012,0.209,166.455
114.560,27.527,0.005,0.209,166.378
114.580,29.643,-0.010,0.209,166.311
114.600,31.330,-0.012,0.209,166.258
114.620,32.607,-0.023,0.209,166.213
114.640,33.428,-0.023,0.209,166.192
114.660,33.791,-0.028,0.209,166.178
114.680,33.680,-0.029,0.209,166.185
114.700,33.094,-0.033,0.210,166.201
114.720,32.074,-0.029,0.210,166.240
114.740,30.592,-0.033,0.210,166.283
114.760,28.717,-0.025,0.210,166.344
114.780,26.443,-0.022,0.210,166.399
114.800,23.754,-0.015,0.210,166.460
114.820,20.771,-0.009,0.210,166.518
114.840,17.520,-0.003,0.210,166.580
114.860,13.980,0.012,0.210,166.630
114.880,10.283,0.020,0.210,166.714
114.900,6.428,0.030,0.210,166.714
114.920,2.496,0.041,0.210,166.745
114.940,-1.453,0.054,0.210,166.768
114.960,-5.420,0.062,0.210,166.783
114.980,-9.299,0.078,0.210,166.791
115.000,-13.037,0.087,0.210,166.797
115.020,-16.600,0.104,0.210,166.798
115.040,-19.934,0.109,0.210,166.803
115.060,-22.986,0.122,0.210,166.804
115.080,-25.705,0.130,0.210,166.813
115.100,-28.055,0.146,0.210,166.825
115.120,-30.035,0.149,0.210,166.856
115.140,-31.600,0.156,0.210,166.890
115.160,-32.689,0.165,0.210,166.939
115.180,-33.305,0.166,0.210,166.995
115.200,-33.492,0.176,0.210,167.067
115.220,-33.217,0.173,0.210,167.153
115.240,-32.496,0.181,0.214,167.245
115.260,-31.318,0.169,0.214,167.351
115.280,-29.654,0.178,0.214,167.446
115.300,-27.586,0.160,0.214,167.561
115.320,-25.160,0.170,0.214,167.653
115.340,-22.342,0.151,0.214,167.759
115.360,-19.230,0.153,0.214,167.841
115.380,-15.850,0.135,0.214,167.925
115.400,-12.234,0.135,0.214,167.991
115.420,-8.443,0.113,0.214,168.050
115.440,-4.559,0.116,0.214,168.092
115.460,-0.580,0.095,0.214,168.122
115.480,3.393,0.087,0.214,168.139
115.500,7.324,0.073,0.214,168.143
115.520,11.145,0.061,0.214,168.135
115.540,14.824,0.049,0.214,168.118
115.560,18.287,0.040,0.214,168.096
115.580,21.510,0.029,0.214,168.067
115.600,24.451,0.013,0.214,168.034
115.620,27.018,0.008,0.214,168.008
115.640,29.203,-0.000,0.214,167.977
115.660,30.990,-0.003,0.214,167.955
115.680,32.373,-0.017,0.214,167.927
115.700,33.287,-0.014,0.214,167.916
115.720,33.744,-0.028,0.214,167.903
115.740,33.732,-0.023,0.214,167.918
115.760,33.275,-0.029,0.214,167.921
115.780,32.344,-0.023,0.214,167.946
115.800,30.961,-0.026,0.214,167.954
115.820,29.174,-0.020,0.214,167.975
115.840,26.988,-0.013,0.214,167.988
115.860,24.387,-0.011,0.214,168.004
115.880,21.463,-0.003,0.214,168.007
115.900,18.258,0.004,0.214,168.007
115.920,14.777,0.013,0.214,167.996
115.940,11.115,0.020,0.214,167.977
115.960,7.307,0.037,0.214,167.947
115.980,3.369,0.042,0.214,167.904
116.000,-0.574,0.058,0.214,167.784
116.020,-4.535,0.061,0.214,167.784
116.040,-8.449,0.081,0.214,167.708
116.060,-12.229,0.089,0.214,167.624
116.080,-15.814,0.104,0.214,167.532
116.100,-19.207,0.109,0.214,167.435
116.120,-22.301,0.129,0.214,167.334
116.140,-25.113,0.133,0.214,167.242
116.160,-27.527,0.142,0.214,167.151
116.180,-29.625,0.151,0.214,167.068
116.200,-31.289,0.161,0.214,166.993
116.220,-32.467,0.168,0.214,166.935
116.240,-33.211,0.170,0.214,166.890
116.260,-33.469,0.173,0.214,166.858
116.280,-33.316,0.175,0.214,166.839
116.300,-32.689,0.176,0.214,166.826
116.320,-31.588,0.172,0.214,166.822
116.340,-30.047,0.175,0.214,166.835
116.360,-28.043,0.169,0.214,166.855
116.380,-25.699,0.170,0.214,166.879
116.400,-22.986,0.157,0.214,166.909
116.420,-19.928,0.153,0.214,166.935
116.440,-16.623,0.141,0.214,166.957
116.460,-13.055,0.132,0.214,166.973
116.480,-9.299,0.122,0.214,166.984
116.500,-5.402,0.109,0.214,166.986
116.520,-1.453,0.096,0.214,166.981
116.540,2.525,0.091,0.214,166.968
116.560,6.457,0.074,0.214,166.948
116.580,10.295,0.062,0.214,166.924
116.600,14.045,0.052,0.214,166.897
116.620,17.537,0.041,0.214,166.866
116.640,20.801,0.029,0.214,166.836
116.660,23.812,0.015,0.214,166.796
116.680,26.467,0.006,0.214,166.796
116.700,28.752,-0.003,0.214,166.790
116.720,30.633,-0.006,0.214,166.796
116.740,32.092,-0.017,0.214,166.810
116.760,33.123,-0.021,0.214,166.881
116.780,33.680,-0.024,0.214,166.881
116.800,33.785,-0.031,0.214,166.944
116.820,33.422,-0.030,0.214,167.015
116.840,32.596,-0.029,0.214,167.100
116.860,31.318,-0.032,0.214,167.188
116.880,29.619,-0.027,0.214,167.294
116.900,27.510,-0.024,0.214,167.394
116.920,24.996,-0.018,0.214,167.497
116.940,22.154,-0.013,0.214,167.594
116.960,19.020,-0.007,0.214,167.690
116.980,15.586,0.008,0.214,167.774
117.000,11.959,0.012,0.214,167.852
117.020,8.180,0.027,0.214,167.918
117.040,4.266,0.030,0.214,167.974
117.060,0.322,0.046,0.214,168.017
117.080,-3.668,0.058,0.214,168.049
117.100,-7.559,0.073,0.214,168.070
117.120,-11.396,0.084,0.214,168.083
117.140,-15.012,0.097,0.214,168.085
117.160,-18.463,0.103,0.214,168.088
117.180,-21.650,0.118,0.214,168.079
117.200,-24.492,0.126,0.214,168.077
117.220,-27.012,0.137,0.214,168.068
117.240,-29.186,0.143,0.214,168.064
117.260,-30.914,0.153,0.214,168.061
117.280,-32.221,0.164,0.214,168.072
117.300,-33.064,0.163,0.214,168.091
117.320,-33.404,0.176,0.214,168.118
117.340,-33.363,0.168,0.214,168.158
117.360,-32.871,0.177,0.214,168.192
117.380,-31.863,0.172,0.214,168.284
117.400,-30.404,0.174,0.214,168.284
117.420,-28.518,0.164,0.214,168.335
117.440,-26.244,0.165,0.214,168.370
117.460,-23.625,0.153,0.214,168.408
117.480,-20.625,0.149,0.214,168.434
117.500,-17.361,0.138,0.214,168.454
117.520,-13.881,0.132,0.214,168.460
117.540,-10.131,0.120,0.214,168.459
117.560,-6.293,0.115,0.214,168.441
117.580,-2.332,0.098,0.214,168.413
117.600,1.635,0.086,0.214,168.370
117.620,5.584,0.076,0.214,168.314
117.640,9.428,0.061,0.214,168.247
117.660,13.213,0.057,0.214,168.171
117.680,16.787,0.038,0.214,168.086
117.700,20.098,0.032,0.214,167.998
117.720,23.168,0.016,0.214,167.902
117.740,25.916,0.011,0.214,167.815
117.760,28.271,-0.003,0.214,167.720
117.780,30.246,-0.007,0.214,167.646
117.800,31.811,-0.019,0.214,167.568
117.820,32.941,-0.020,0.214,167.516
117.840,33.604,-0.029,0.214,167.425
117.860,33.803,-0.026,0.214,167.425
117.880,33.539,-0.029,0.214,167.378
117.900,32.812,-0.029,0.214,167.364
117.920,31.646,-0.029,0.214,167.343
117.940,30.023,-0.027,0.214,167.341
117.960,28.020,-0.023,0.214,167.333
117.980,25.605,-0.020,0.214,167.339
118.000,22.805,-0.009,0.214,167.335
118.020,19.729,-0.002,0.214,167.337
118.040,16.359,0.004,0.214,167.328
118.060,12.773,0.016,0.214,167.316
118.080,9.012,0.024,0.214,167.296
118.100,5.133,0.038,0.214,167.233
118.120,1.189,0.048,0.214,167.233
118.140,-2.783,0.057,0.214,167.190
118.160,-6.721,0.070,0.214,167.083
118.180,-10.564,0.083,0.214,167.083
118.200,-14.262,0.097,0.214,167.023
118.220,-17.725,0.105,0.214,166.962
118.240,-20.971,0.119,0.214,166.895
118.260,-23.924,0.130,0.214,166.841
118.280,-26.514,0.137,0.214,166.786
118.300,-28.770,0.147,0.214,166.747
118.320,-30.598,0.154,0.214,166.712
118.340,-32.021,0.163,0.214,166.697
118.360,-32.965,0.172,0.214,166.691
118.380,-33.375,0.171,0.214,166.712
118.400,-33.457,0.178,0.214,166.736
118.420,-33.041,0.175,0.214,166.827
118.440,-32.162,0.179,0.214,166.827
118.460,-30.820,0.175,0.214,166.893
118.480,-29.016,0.174,0.214,166.966
118.500,-26.824,0.166,0.214,167.044
118.520,-24.264,0.166,0.214,167.124
118.540,-21.363,0.155,0.214,167.202
118.560,-18.141,0.151,0.214,167.277
118.580,-14.684,0.136,0.214,167.346
118.600,-10.992,0.133,0.214,167.408
118.620,-7.166,0.113,0.214,167.461
118.640,-3.246,0.109,0.214,167.502
118.660,0.738,0.093,0.214,167.534
118.680,4.693,0.084,0.214,167.555
118.700,8.584,0.070,0.214,167.569
118.720,12.387,0.059,0.214,167.575
118.740,15.990,0.049,0.214,167.574
118.760,19.383,0.034,0.214,167.568
118.780,22.512,0.025,0.214,167.565
118.800,25.348,0.014,0.214,167.564
118.820,27.773,0.010,0.214,167.564
118.840,29.836,-0.005,0.214,167.563
118.860,31.488,-0.007,0.214,167.578
118.880,32.730,-0.020,0.214,167.594
118.900,33.486,-0.016,0.214,167.624
118.920,33.809,-0.027,0.214,167.658
118.940,33.639,-0.020,0.214,167.707
118.960,33.023,-0.028,0.214,167.759
118.980,31.934,-0.023,0.214,167.816
119.000,30.416,-0.024,0.214,167.875
119.020,28.488,-0.021,0.214,167.935
119.040,26.180,-0.013,0.214,167.994
119.060,23.455,-0.013,0.214,168.044
119.080,20.443,-0.002,0.214,168.092
119.100,17.150,0.002,0.214,168.126
119.120,13.594,0.015,0.214,168.157
119.140,9.879,0.021,0.214,168.170
119.160,6.029,0.035,0.214,168.171
119.180,2.092,0.044,0.214,168.158
119.200,-1.887,0.056,0.214,168.132
119.220,-5.807,0.066,0.214,168.092
119.240,-9.703,0.076,0.214,168.041
119.260,-13.406,0.091,0.214,167.978
119.280,-16.939,0.099,0.214,167.908
119.300,-20.250,0.114,0.214,167.827
119.320,-23.268,0.122,0.214,167.747
119.340,-25.928,0.131,0.214,167.663
119.360,-28.248,0.142,0.214,167.578
119.380,-30.205,0.141,0.214,167.505
119.400,-31.693,0.163,0.214,167.423
119.420,-32.754,0.153,0.214,167.368
119.440,-33.305,0.175,0.214,167.304
119.460,-33.451,0.160,0.214,167.273
119.480,-33.146,0.184,0.218,167.225
119.500,-32.361,0.161,0.218,167.217
119.520,-31.113,0.181,0.218,167.184
119.540,-29.432,0.160,0.218,167.186
119.560,-27.293,0.166,0.218,167.160
119.580,-24.844,0.153,0.218,167.152
119.600,-21.996,0.156,0.218,167.130
119.620,-18.861,0.140,0.218,167.119
119.640,-15.457,0.139,0.218,167.059
119.660,-11.830,0.123,0.218,167.059
119.680,-8.033,0.119,0.218,167.013
119.700,-4.096,0.102,0.217,166.960
119.720,-0.158,0.092,0.217,166.896
119.740,3.838,0.083,0.216,166.823
119.760,7.740,0.064,0.216,166.741
119.780,11.537,0.058,0.216,166.653
119.800,15.211,0.040,0.216,166.558
119.820,18.650,0.037,0.216,166.464
119.840,21.826,0.022,0.216,166.364
119.860,24.744,0.015,0.216,166.276
119.880,27.264,0.002,0.216,166.185
119.900,29.414,-0.004,0.216,166.118
119.920,31.160,-0.013,0.216,166.047
119.940,32.502,-0.021,0.216,166.002
119.960,33.346,-0.023,0.216,165.968
119.980,33.768,-0.030,0.216,165.951
120.000,33.703,-0.029,0.216,165.946
120.020,33.199,-0.035,0.219,165.959
120.040,32.215,-0.025,0.219,165.985
120.060,30.803,-0.037,0.221,166.014
120.080,28.957,-0.020,0.221,166.065
120.100,26.730,-0.029,0.221,166.109
120.120,24.100,-0.009,0.221,166.171
120.140,21.152,-0.017,0.221,166.223
120.160,17.924,0.006,0.221,166.282
120.180,14.408,-0.001,0.221,166.373
120.200,10.729,0.024,0.221,166.373
120.220,6.902,0.025,0.221,166.406
120.240,2.982,0.047,0.221,166.436
120.260,-1.008,0.047,0.221,166.456
120.280,-4.945,0.066,0.221,166.469
120.300,-8.830,0.072,0.221,166.478
120.320,-12.609,0.090,0.221,166.479
120.340,-16.178,0.097,0.221,166.483
120.360,-19.553,0.112,0.221,166.481
120.380,-22.635,0.123,0.221,166.489
120.400,-25.389,0.128,0.221,166.498
120.420,-27.785,0.146,0.221,166.515
120.440,-29.812,0.143,0.221,166.546
120.460,-31.424,0.161,0.221,166.573
120.480,-32.561,0.157,0.221,166.629
120.500,-33.252,0.175,0.221,166.684
120.520,-33.463,0.165,0.221,166.773
120.540,-33.246,0.180,0.221,166.852
120.560,-32.613,0.166,0.221,166.964
120.580,-31.471,0.182,0.221,167.054
120.600,-29.854,0.169,0.221,167.174
120.620,-27.861,0.171,0.221,167.284
120.640,-25.453,0.153,0.221,167.397
120.660,-22.687,0.160,0.221,167.495
120.680,-19.605,0.145,0.221,167.596
120.700,-16.260,0.142,0.221,167.682
120.720,-12.691,0.129,0.221,167.764
120.740,-8.906,0.117,0.221,167.830
120.760,-5.004,0.111,0.221,167.882
120.780,-1.055,0.098,0.221,167.921
120.800,2.924,0.088,0.221,167.947
120.820,6.855,0.075,0.221,167.960
120.840,10.687,0.064,0.221,167.963
120.860,14.402,0.054,0.221,167.953
120.880,17.900,0.041,0.221,167.936
120.900,21.141,0.027,0.221,167.914
120.920,24.105,0.022,0.221,167.893
120.940,26.730,0.005,0.221,167.870
120.960,28.969,0.005,0.221,167.852
120.980,30.809,-0.009,0.221,167.832
121.000,32.244,-0.009,0.221,167.822
121.020,33.211,-0.022,0.221,167.814
121.040,33.715,-0.021,0.221,167.821
121.060,33.762,-0.027,0.221,167.830
121.080,33.357,-0.028,0.221,167.845
121.100,32.473,-0.025,0.221,167.871
121.120,31.160,-0.024,0.221,167.891
121.140,29.402,-0.026,0.221,167.919
121.160,27.275,-0.017,0.221,167.943
121.180,24.721,-0.011,0.221,167.967
121.200,21.826,-0.005,0.221,167.975
121.220,18.645,0.002,0.221,167.983
121.240,15.205,0.008,0.221,167.979
121.260,11.549,0.023,0.221,167.968
121.280,7.758,0.029,0.221,167.942
121.300,3.855,0.047,0.221,167.905
121.320,-0.111,0.053,0.221,167.856
121.340,-4.078,0.062,0.221,167.796
121.360,-7.986,0.075,0.221,167.725
121.380,-11.783,0.087,0.221,167.645
121.400,-15.404,0.101,0.221,167.555
121.420,-18.826,0.108,0.221,167.467
121.440,-21.973,0.123,0.221,167.369
121.460,-24.791,0.131,0.221,167.282
121.480,-27.270,0.145,0.221,167.188
121.500,-29.408,0.148,0.221,167.114
121.520,-31.090,0.164,0.221,167.031
121.540,-32.361,0.163,0.221,166.981
121.560,-33.170,0.174,0.221,166.927
121.580,-33.463,0.171,0.221,166.898
121.600,-33.363,0.180,0.221,166.876
121.620,-32.777,0.173,0.221,166.869
121.640,-31.752,0.178,0.221,166.871
121.660,-30.252,0.176,0.221,166.884
121.680,-28.307,0.171,0.221,166.910
121.700,-25.998,0.166,0.221,166.934
121.720,-23.338,0.161,0.221,166.988
121.740,-20.320,0.151,0.221,166.988
121.760,-17.004,0.148,0.221,167.009
121.780,-13.482,0.132,0.221,167.029
121.800,-9.738,0.127,0.221,167.040
121.820,-5.859,0.110,0.221,167.045
121.840,-1.928,0.103,0.221,167.040
121.860,2.051,0.091,0.221,167.027
121.880,6.023,0.076,0.221,167.007
121.900,9.855,0.062,0.221,166.981
121.920,13.600,0.050,0.221,166.951
121.940,17.127,0.043,0.221,166.921
121.960,20.443,0.026,0.221,166.881
121.980,23.479,0.016,0.221,166.863
122.000,26.168,0.010,0.221,166.833
122.020,28.494,-0.001,0.221,166.828
122.040,30.428,-0.008,0.221,166.814
122.060,31.951,-0.011,0.221,166.841
122.080,33.018,-0.022,0.221,166.843
122.100,33.639,-0.021,0.221,166.932
122.120,33.803,-0.028,0.221,166.932
122.140,33.492,-0.028,0.221,166.998
122.160,32.713,-0.033,0.221,167.062
122.180,31.482,-0.028,0.221,167.155
122.200,29.830,-0.025,0.221,167.236
122.220,27.791,-0.021,0.221,167.332
122.240,25.330,-0.016,0.221,167.420
122.260,22.500,-0.014,0.221,167.512
122.280,19.389,-0.003,0.221,167.597
122.300,16.014,0.008,0.221,167.673
122.320,12.398,0.016,0.221,167.740
122.340,8.637,0.024,0.221,167.794
122.360,4.746,0.030,0.221,167.840
122.380,0.797,0.049,0.221,167.873
122.400,-3.182,0.058,0.221,167.894
122.420,-7.102,0.069,0.221,167.905
122.440,-10.934,0.081,0.221,167.903
122.460,-14.602,0.097,0.221,167.895
122.480,-18.053,0.105,0.221,167.882
122.500,-21.281,0.116,0.221,167.864
122.520,-24.170,0.125,0.221,167.846
122.540,-26.725,0.137,0.221,167.824
122.560,-28.928,0.142,0.221,167.813
122.580,-30.744,0.154,0.221,167.796
122.600,-32.086,0.157,0.221,167.800
122.620,-32.988,0.167,0.221,167.791
122.640,-33.375,0.169,0.221,167.818
122.660,-33.375,0.171,0.221,167.829
122.680,-32.941,0.174,0.221,167.867
122.700,-32.010,0.172,0.221,167.891
122.720,-30.598,0.170,0.221,167.938
122.740,-28.787,0.170,0.221,167.965
122.760,-26.555,0.158,0.221,168.015
122.780,-23.965,0.161,0.221,168.036
122.800,-21.006,0.147,0.221,168.070
122.820,-17.789,0.144,0.221,168.080
122.840,-14.303,0.132,0.221,168.093
122.860,-10.588,0.125,0.221,168.088
122.880,-6.744,0.110,0.221,168.075
122.900,-2.807,0.102,0.221,168.047
122.920,1.166,0.090,0.221,168.007
122.940,5.121,0.081,0.221,167.893
122.960,9.000,0.062,0.221,167.893
122.980,12.779,0.057,0.221,167.822
123.000,16.383,0.038,0.221,167.745
123.020,19.729,0.031,0.221,167.660
123.040,22.822,0.021,0.221,167.580
123.060,25.611,0.009,0.221,167.489
123.080,28.014,-0.000,0.221,167.420
123.100,30.035,-0.009,0.221,167.340
123.120,31.652,-0.013,0.221,167.288
123.140,32.824,-0.025,0.221,167.221
123.160,33.545,-0.023,0.221,167.197
123.180,33.803,-0.026,0.221,167.161
123.200,33.592,-0.029,0.221,167.146
123.220,32.895,-0.030,0.221,167.124
123.240,31.799,-0.025,0.221,167.132
123.260,30.240,-0.031,0.221,167.131
123.280,28.266,-0.021,0.221,167.154
123.300,25.898,-0.019,0.221,167.167
123.320,23.156,-0.012,0.221,167.183
123.340,20.104,-0.007,0.221,167.200
123.360,16.787,0.000,0.221,167.213
123.380,13.201,0.011,0.221,167.223
123.400,9.475,0.021,0.221,167.223
123.420,5.602,0.035,0.221,167.214
123.440,1.652,0.046,0.221,167.196
123.460,-2.320,0.055,0.221,167.170
123.480,-6.258,0.065,0.221,167.136
123.500,-10.119,0.083,0.221,167.093
123.520,-13.822,0.095,0.221,167.050
123.540,-17.326,0.105,0.221,167.000
123.560,-20.631,0.113,0.221,166.955
123.580,-23.602,0.130,0.221,166.902
123.600,-26.232,0.135,0.221,166.870
123.620,-28.523,0.149,0.221,166.833
123.640,-30.404,0.150,0.221,166.818
123.660,-31.875,0.167,0.221,166.805
123.680,-32.895,0.165,0.221,166.817
123.700,-33.369,0.174,0.221,166.831
123.720,-33.463,0.170,0.221,166.875
123.740,-33.100,0.180,0.221,166.914
123.760,-32.285,0.175,0.221,166.976
123.780,-30.984,0.179,0.221,167.041
123.800,-29.244,0.169,0.221,167.120
123.820,-27.082,0.167,0.221,167.198
123.840,-24.574,0.161,0.221,167.272
123.860,-21.732,0.154,0.221,167.349
123.880,-18.527,0.152,0.221,167.415
123.900,-15.117,0.137,0.221,167.483
123.920,-11.455,0.131,0.221,167.539
123.940,-7.623,0.116,0.221,167.586
123.960,-3.721,0.112,0.221,167.621
123.980,0.258,0.093,0.221,167.646
124.000,4.225,0.087,0.221,167.658
124.020,8.133,0.066,0.221,167.660
124.040,11.953,0.062,0.221,167.656
124.060,15.574,0.048,0.221,167.644
124.080,18.996,0.040,0.221,167.625
124.100,22.148,0.026,0.221,167.608
124.120,25.037,0.020,0.221,167.587
124.140,27.498,0.007,0.221,167.570
124.160,29.619,0.004,0.221,167.554
124.180,31.318,-0.008,0.221,167.546
124.200,32.607,-0.016,0.221,167.553
124.220,33.422,-0.018,0.221,167.553
124.240,33.785,-0.025,0.221,167.572
124.260,33.686,-0.022,0.221,167.602
124.280,33.111,-0.029,0.221,167.630
124.300,32.092,-0.023,0.221,167.675
124.320,30.633,-0.025,0.221,167.711
124.340,28.740,-0.021,0.221,167.760
124.360,26.473,-0.017,0.221,167.799
124.380,23.818,-0.008,0.221,167.840
124.400,20.807,-0.001,0.221,167.866
124.420,17.549,0.006,0.221,167.888
124.440,14.021,0.012,0.221,167.900
124.460,10.330,0.023,0.221,167.900
124.480,6.486,0.032,0.218,167.863
124.500,2.543,0.045,0.218,167.863
124.520,-1.406,0.054,0.218,167.825
124.540,-5.361,0.062,0.218,167.776
124.560,-9.246,0.081,0.218,167.714
124.580,-12.996,0.088,0.218,167.644
124.600,-16.541,0.106,0.218,167.565
124.620,-19.881,0.109,0.218,167.485
124.640,-22.928,0.121,0.218,167.391
124.660,-25.635,0.130,0.218,167.304
124.680,-28.014,0.143,0.218,167.213
124.700,-30.006,0.149,0.218,167.136
124.720,-31.559,0.160,0.218,167.061
124.740,-32.678,0.163,0.218,167.007
124.760,-33.287,0.171,0.218,166.955
124.780,-33.451,0.170,0.218,166.919
124.800,-33.193,0.175,0.218,166.886
124.820,-32.490,0.172,0.218,166.868
124.840,-31.301,0.173,0.218,166.860
124.860,-29.643,0.170,0.218,166.856
124.880,-27.592,0.164,0.218,166.852
124.900,-25.160,0.164,0.218,166.849
124.920,-22.354,0.152,0.218,166.855
124.940,-19.248,0.149,0.218,166.855
124.960,-15.867,0.137,0.218,166.848
124.980,-12.252,0.130,0.218,166.834
125.000,-8.467,0.113,0.218,166.812
125.020,-4.570,0.109,0.218,166.779
125.040,-0.609,0.089,0.218,166.738
125.060,3.369,0.087,0.214,166.689
125.080,7.289,0.067,0.214,166.630
125.100,11.104,0.060,0.214,166.567
125.120,14.795,0.044,0.214,166.498
125.140,18.252,0.037,0.214,166.428
125.160,21.469,0.023,0.214,166.357
125.180,24.410,0.013,0.214,166.290
125.200,26.982,0.002,0.214,166.235
125.220,29.186,-0.007,0.214,166.189
125.240,30.979,-0.011,0.214,166.154
125.260,32.355,-0.021,0.214,166.131
125.280,33.281,-0.025,0.214,166.126
125.300,33.744,-0.029,0.214,166.133
125.320,33.732,-0.029,0.214,166.163
125.340,33.275,-0.033,0.214,166.193
125.360,32.355,-0.029,0.214,166.252
125.380,30.990,-0.031,0.214,166.306
125.400,29.186,-0.026,0.214,166.381
125.420,27.018,-0.021,0.214,166.455
125.440,24.428,-0.012,0.214,166.535
125.460,21.510,-0.010,0.214,166.606
125.480,18.305,0.002,0.214,166.682
125.500,14.824,0.008,0.214,166.749
125.520,11.180,0.016,0.214,166.813
125.540,7.359,0.026,0.214,166.867
125.560,3.451,0.039,0.214,166.913
125.580,-0.533,0.050,0.213,166.950
125.600,-4.477,0.065,0.213,166.978
125.620,-8.379,0.074,0.213,166.999
125.640,-12.158,0.087,0.213,167.013
125.660,-15.750,0.099,0.213,167.025
125.680,-19.154,0.107,0.213,167.036
125.700,-22.277,0.120,0.213,167.042
125.720,-25.066,0.126,0.213,167.060
125.740,-27.504,0.141,0.213,167.071
125.760,-29.584,0.145,0.213,167.096
125.780,-31.289,0.157,0.213,167.125
125.800,-32.467,0.158,0.213,167.172
125.820,-33.199,0.166,0.213,167.217
125.840,-33.457,0.166,0.213,167.289
125.860,-33.316,0.172,0.213,167.357
125.880,-32.730,0.176,0.213,167.441
125.900,-31.635,0.174,0.213,167.535
125.920,-30.070,0.173,0.213,167.634
125.940,-28.096,0.167,0.213,167.735
125.960,-25.770,0.161,0.213,167.830
125.980,-23.074,0.156,0.213,167.918
126.000,-19.986,0.149,0.213,167.997
126.020,-16.676,0.142,0.213,168.068
126.040,-13.119,0.132,0.213,168.129
126.060,-9.340,0.120,0.213,168.179
126.080,-5.479,0.113,0.213,168.211
126.100,-1.535,0.098,0.213,168.230
126.120,2.449,0.091,0.213,168.236
126.140,6.404,0.078,0.213,168.228
126.160,10.236,0.065,0.213,168.210
126.180,13.963,0.054,0.213,168.180
126.200,17.508,0.041,0.213,168.144
126.220,20.754,0.028,0.213,168.098
126.240,23.771,0.020,0.213,168.061
126.260,26.432,0.009,0.213,168.013
126.280,28.723,0.000,0.213,167.974
126.300,30.604,-0.006,0.213,167.931
126.320,32.086,-0.011,0.213,167.903
126.340,33.123,-0.016,0.213,167.872
126.360,33.674,-0.024,0.213,167.856
126.380,33.779,-0.026,0.213,167.842
126.400,33.428,-0.029,0.213,167.839
126.420,32.596,-0.026,0.213,167.843
126.440,31.324,-0.028,0.213,167.847
126.460,29.625,-0.021,0.213,167.865
126.480,27.533,-0.016,0.213,167.871
126.500,25.031,-0.010,0.213,167.878
126.520,22.189,-0.004,0.213,167.877
126.540,19.049,-0.000,0.213,167.877
126.560,15.621,0.008,0.213,167.866
126.580,11.994,0.018,0.213,167.850
126.600,8.215,0.029,0.213,167.818
126.620,4.312,0.043,0.213,167.778
126.640,0.369,0.052,0.213,167.727
126.660,-3.604,0.063,0.213,167.664
126.680,-7.535,0.074,0.213,167.593
126.700,-11.350,0.089,0.213,167.511
126.720,-15.000,0.100,0.213,167.426
126.740,-18.434,0.112,0.213,167.333
126.760,-21.615,0.120,0.213,167.242
126.780,-24.480,0.136,0.213,167.152
126.800,-27.012,0.140,0.213,167.070
126.820,-29.180,0.152,0.213,166.994
126.840,-30.932,0.159,0.213,166.924
126.860,-32.227,0.170,0.213,166.874
126.880,-33.088,0.172,0.213,166.838
126.900,-33.434,0.176,0.213,166.816
126.920,-33.404,0.178,0.213,166.809
126.940,-32.871,0.178,0.213,166.814
126.960,-31.904,0.178,0.213,166.825
126.980,-30.451,0.177,0.213,166.847
127.000,-28.564,0.170,0.213,166.879
127.020,-26.285,0.166,0.213,166.916
127.040,-23.660,0.161,0.213,166.955
127.060,-20.666,0.153,0.213,166.996
127.080,-17.420,0.148,0.213,167.032
127.100,-13.928,0.131,0.213,167.068
127.120,-10.201,0.125,0.213,167.094
127.140,-6.334,0.111,0.213,167.113
127.160,-2.396,0.105,0.213,167.124
127.180,1.576,0.087,0.213,167.127
127.200,5.531,0.080,0.213,167.124
127.220,9.398,0.062,0.213,167.113
127.240,13.154,0.058,0.213,167.100
127.260,16.734,0.043,0.213,167.082
127.280,20.057,0.033,0.213,167.065
127.300,23.139,0.017,0.213,167.053
127.320,25.881,0.013,0.213,167.049
127.340,28.242,-0.000,0.213,167.051
127.360,30.223,-0.003,0.213,167.062
127.380,31.793,-0.017,0.213,167.083
127.400,32.906,-0.018,0.213,167.120
127.420,33.580,-0.025,0.213,167.168
127.440,33.803,-0.021,0.213,167.232
127.460,33.551,-0.029,0.213,167.294
127.480,32.824,-0.027,0.213,167.383
127.500,31.664,-0.025,0.213,167.468
127.520,30.047,-0.035,0.215,167.563
127.540,28.055,-0.009,0.215,167.674
127.560,25.623,-0.033,0.215,167.760
127.580,22.863,0.011,0.215,167.868
127.600,19.764,-0.026,0.215,167.941
127.620,16.424,0.032,0.215,168.036
127.640,12.832,-0.017,0.215,168.094
127.660,9.076,0.054,0.215,168.167
127.680,5.209,0.001,0.215,168.208
127.700,1.266,0.074,0.215,168.247
127.720,-2.713,0.026,0.215,168.272
127.740,-6.633,0.094,0.215,168.277
127.760,-10.494,0.055,0.215,168.289
127.780,-14.168,0.112,0.215,168.267
127.800,-17.648,0.084,0.215,168.268
127.820,-20.900,0.130,0.215,168.230
127.840,-23.842,0.108,0.215,168.225
127.860,-26.473,0.144,0.215,168.184
127.880,-28.682,0.135,0.215,168.176
127.900,-30.557,0.157,0.215,168.147
127.920,-31.928,0.155,0.215,168.145
127.940,-32.930,0.163,0.215,168.132
127.960,-33.375,0.170,0.215,168.137
127.980,-33.428,0.164,0.215,168.150
128.000,-33.012,0.182,0.218,168.155
128.020,-32.139,0.161,0.218,168.184
128.040,-30.809,0.183,0.218,168.194
128.060,-29.010,0.159,0.218,168.230
128.080,-26.836,0.172,0.218,168.243
128.100,-24.275,0.145,0.218,168.273
128.120,-21.352,0.161,0.218,168.276
128.140,-18.176,0.134,0.218,168.289
128.160,-14.719,0.145,0.218,168.279
128.180,-11.045,0.113,0.218,168.267
128.200,-7.207,0.121,0.218,168.236
128.220,-3.258,0.096,0.218,168.196
128.240,0.691,0.097,0.218,168.143
128.260,4.641,0.074,0.218,168.076
128.280,8.543,0.068,0.218,168.002
128.300,12.334,0.054,0.218,167.913
128.320,15.949,0.044,0.218,167.822
128.340,19.342,0.032,0.218,167.721
128.360,22.459,0.015,0.218,167.622
128.380,25.312,0.017,0.218,167.525
128.400,27.744,-0.004,0.218,167.420
128.420,29.824,0.001,0.218,167.333
128.440,31.459,-0.023,0.218,167.240
128.460,32.713,-0.009,0.218,167.185
128.480,33.480,-0.036,0.219,167.112
128.500,33.797,-0.017,0.219,167.084
128.520,33.639,-0.044,0.227,167.033
128.540,33.029,-0.020,0.227,167.028
128.560,31.951,-0.038,0.227,166.999
128.580,30.445,-0.019,0.227,167.005
128.600,28.518,-0.030,0.227,166.998
128.620,26.203,-0.013,0.227,167.012
128.640,23.496,-0.019,0.227,167.011
128.660,20.484,-0.004,0.227,167.026
128.680,17.191,-0.000,0.227,167.026
128.700,13.641,0.012,0.227,167.028
128.720,9.920,0.023,0.227,167.021
128.740,6.082,0.031,0.227,167.006
128.760,2.127,0.050,0.227,166.983
128.780,-1.852,0.050,0.227,166.952
128.800,-5.801,0.076,0.227,166.914
128.820,-9.674,0.072,0.227,166.874
128.840,-13.377,0.099,0.227,166.823
128.860,-16.904,0.095,0.227,166.779
128.880,-20.244,0.124,0.227,166.723
128.900,-23.262,0.118,0.227,166.684
128.920,-25.945,0.139,0.227,166.633
128.940,-28.260,0.140,0.227,166.609
128.960,-30.211,0.155,0.227,166.584
128.980,-31.729,0.157,0.227,166.583
129.000,-32.783,0.167,0.227,166.587
129.020,-33.340,0.169,0.227,166.616
129.040,-33.480,0.174,0.227,166.650
129.060,-33.170,0.178,0.227,166.700
129.080,-32.426,0.173,0.227,166.764
129.100,-31.178,0.179,0.227,166.830
129.120,-29.484,0.166,0.227,166.920
129.140,-27.375,0.173,0.227,167.001
129.160,-24.896,0.157,0.227,167.095
129.180,-22.096,0.163,0.227,167.176
129.200,-18.932,0.142,0.227,167.261
129.220,-15.533,0.147,0.227,167.331
129.240,-11.906,0.124,0.227,167.402
129.260,-8.092,0.127,0.227,167.456
129.280,-4.178,0.102,0.227,167.536
129.300,-0.205,0.101,0.227,167.536
129.320,3.762,0.080,0.227,167.559
129.340,7.687,0.083,0.227,167.573
129.360,11.467,0.055,0.227,167.574
129.380,15.158,0.059,0.227,167.573
129.400,18.609,0.037,0.227,167.559
129.420,21.785,0.033,0.227,167.550
129.440,24.703,0.017,0.227,167.539
129.460,27.229,0.008,0.227,167.532
129.480,29.391,0.004,0.227,167.530
129.500,31.137,-0.011,0.227,167.526
129.520,32.473,-0.006,0.227,167.540
129.540,33.340,-0.025,0.227,167.545
129.560,33.762,-0.015,0.227,167.581
129.580,33.709,-0.028,0.227,167.598
129.600,33.211,-0.018,0.227,167.640
129.620,32.238,-0.033,0.227,167.671
129.640,30.820,-0.013,0.227,167.727
129.660,28.975,-0.030,0.227,167.763
129.680,26.766,-0.008,0.227,167.813
129.700,24.123,-0.021,0.227,167.843
129.720,21.170,0.006,0.227,167.883
129.740,17.953,-0.006,0.227,167.901
129.760,14.449,0.016,0.227,167.919
129.780,10.781,0.019,0.227,167.920
129.800,6.949,0.033,0.227,167.909
129.820,3.029,0.045,0.227,167.885
129.840,-0.932,0.054,0.227,167.848
129.860,-4.904,0.066,0.227,167.798
129.880,-8.801,0.076,0.227,167.738
129.900,-12.557,0.094,0.227,167.664
129.920,-16.143,0.098,0.227,167.588
129.940,-19.500,0.117,0.227,167.498
129.960,-22.588,0.117,0.227,167.417
129.980,-25.342,0.138,0.227,167.321
130.000,-27.744,0.134,0.227,167.243
130.020,-29.783,0.163,0.227,167.145
130.040,-31.389,0.150,0.227,167.090
130.060,-32.549,0.172,0.227,167.013
130.080,-33.246,0.161,0.227,166.967
130.100,-33.463,0.178,0.227,166.928
130.120,-33.264,0.169,0.227,166.888
130.140,-32.584,0.178,0.227,166.884
130.160,-31.477,0.169,0.227,166.847
130.180,-29.871,0.175,0.227,166.867
130.200,-27.832,0.161,0.227,166.839
130.220,-25.471,0.169,0.227,166.871
130.240,-22.699,0.150,0.227,166.848
130.260,-19.629,0.151,0.227,166.874
130.280,-16.289,0.137,0.227,166.849
130.300,-12.703,0.128,0.227,166.857
130.320,-8.941,0.120,0.227,166.825
130.340,-5.027,0.103,0.227,166.806
130.360,-1.084,0.096,0.227,166.767
130.380,2.895,0.083,0.227,166.722
130.400,6.826,0.074,0.227,166.674
130.420,10.652,0.055,0.227,166.610
130.440,14.367,0.049,0.227,166.555
130.460,17.854,0.032,0.227,166.486
130.480,21.100,0.028,0.227,166.432
130.500,24.094,0.010,0.227,166.370
130.520,26.695,0.012,0.227,166.324
130.540,28.945,-0.009,0.227,166.279
130.560,30.797,-0.007,0.227,166.248
130.580,32.209,-0.021,0.227,166.243
130.600,33.193,-0.020,0.227,166.233
130.620,33.703,-0.028,0.227,166.265
130.640,33.762,-0.029,0.227,166.287
130.660,33.375,-0.027,0.227,166.348
130.680,32.484,-0.031,0.227,166.386
130.700,31.172,-0.027,0.227,166.473
130.720,29.414,-0.029,0.227,166.538
130.740,27.287,-0.019,0.227,166.643
130.760,24.750,-0.019,0.227,166.715
130.780,21.861,-0.008,0.227,166.813
130.800,18.691,-0.008,0.227,166.891
130.820,15.246,0.012,0.227,166.979
130.840,11.613,0.012,0.227,167.046
130.860,7.816,0.033,0.227,167.112
130.880,3.920,0.033,0.227,167.166
130.900,-0.059,0.051,0.227,167.212
130.920,-3.996,0.056,0.227,167.249
130.940,-7.916,0.072,0.227,167.279
130.960,-11.719,0.082,0.227,167.298
130.980,-15.334,0.095,0.227,167.317
131.000,-18.768,0.110,0.227,167.326
131.020,-21.920,0.115,0.227,167.351
131.040,-24.762,0.132,0.227,167.351
131.060,-27.252,0.137,0.227,167.389
131.080,-29.373,0.150,0.227,167.402
131.100,-31.090,0.153,0.227,167.462
131.120,-32.332,0.166,0.227,167.489
131.140,-33.164,0.164,0.227,167.564
131.160,-33.469,0.176,0.227,167.613
131.180,-33.369,0.171,0.227,167.707
131.200,-32.801,0.182,0.227,167.778
131.220,-31.764,0.167,0.227,167.888
131.240,-30.281,0.176,0.227,167.968
131.260,-28.365,0.166,0.227,168.070
131.280,-26.045,0.167,0.227,168.158
131.300,-23.391,0.155,0.227,168.247
131.320,-20.355,0.152,0.227,168.324
131.340,-17.086,0.142,0.227,168.389
131.360,-13.559,0.136,0.227,168.449
131.380,-9.797,0.124,0.227,168.491
131.400,-5.941,0.112,0.227,168.525
131.420,-1.980,0.102,0.227,168.541
131.440,1.975,0.087,0.227,168.544
131.460,5.930,0.081,0.227,168.537
131.480,9.791,0.061,0.227,168.511
131.500,13.547,0.057,0.227,168.484
131.520,17.092,0.036,0.227,168.439
131.540,20.391,0.035,0.227,168.401
131.560,23.443,0.016,0.227,168.345
131.580,26.145,0.015,0.227,168.301
131.600,28.477,-0.004,0.227,168.246
131.620,30.410,-0.003,0.227,168.210
131.640,31.928,-0.012,0.227,168.171
131.660,33.012,-0.014,0.227,168.134
131.680,33.627,-0.026,0.227,168.090
131.700,33.803,-0.023,0.227,168.090
131.720,33.498,-0.029,0.227,168.084
131.740,32.725,-0.025,0.227,168.076
131.760,31.512,-0.022,0.227,168.084
131.780,29.836,-0.024,0.227,168.075
131.800,27.814,-0.014,0.227,168.091
131.820,25.342,-0.014,0.227,168.082
131.840,22.547,-0.003,0.227,168.090
131.860,19.436,-0.002,0.227,168.075
131.880,16.031,0.009,0.227,168.067
131.900,12.428,0.015,0.227,168.041
131.920,8.666,0.030,0.227,168.015
131.940,4.775,0.037,0.227,167.970
131.960,0.820,0.051,0.227,167.918
131.980,-3.141,0.061,0.227,167.854
132.000,-7.078,0.076,0.227,167.778
132.020,-10.904,0.085,0.227,167.697
132.040,-14.555,0.100,0.227,167.608
132.060,-18.018,0.111,0.227,167.514
132.080,-21.264,0.124,0.227,167.425
132.100,-24.176,0.134,0.227,167.327
132.120,-26.730,0.142,0.227,167.249
132.140,-28.934,0.151,0.227,167.161
132.160,-30.738,0.157,0.227,167.095
132.180,-32.098,0.166,0.227,167.024
132.200,-33.006,0.170,0.227,166.992
132.220,-33.422,0.173,0.227,166.944
132.240,-33.428,0.175,0.227,166.940
132.260,-32.947,0.178,0.227,166.922
132.280,-32.045,0.179,0.227,166.945
132.300,-30.650,0.179,0.227,166.952
132.320,-28.822,0.173,0.227,166.997
132.340,-26.578,0.166,0.227,167.026
132.360,-23.994,0.165,0.227,167.064
132.380,-21.059,0.157,0.227,167.101
132.400,-17.807,0.151,0.227,167.135
132.420,-14.350,0.138,0.227,167.168
132.440,-10.652,0.132,0.227,167.191
132.460,-6.797,0.115,0.227,167.210
132.480,-2.865,0.108,0.227,167.217
132.500,1.125,0.091,0.227,167.218
132.520,5.057,0.083,0.227,167.212
132.540,8.941,0.066,0.227,167.196
132.560,12.727,0.058,0.227,167.182
132.580,16.318,0.046,0.227,167.155
132.600,19.682,0.031,0.227,167.143
132.620,22.781,0.021,0.227,167.120
132.640,25.588,0.015,0.227,167.117
132.660,27.973,0.004,0.227,167.099
132.680,30.023,-0.002,0.227,167.110
132.700,31.623,-0.011,0.227,167.114
132.720,32.807,-0.019,0.227,167.144
132.740,33.527,-0.019,0.227,167.178
132.760,33.803,-0.029,0.227,167.232
132.780,33.604,-0.026,0.227,167.290
132.800,32.947,-0.031,0.227,167.371
132.820,31.816,-0.026,0.227,167.449
132.840,30.246,-0.029,0.227,167.538
132.860,28.289,-0.022,0.227,167.629
132.880,25.939,-0.018,0.227,167.717
132.900,23.186,-0.011,0.227,167.805
132.920,20.145,-0.004,0.227,167.882
132.940,16.834,0.004,0.227,167.956
132.960,13.260,0.012,0.227,168.019
132.980,9.521,0.021,0.227,168.073
133.000,5.678,0.029,0.227,168.112
133.020,1.717,0.044,0.227,168.141
133.040,-2.244,0.051,0.226,168.156
133.060,-6.193,0.064,0.226,168.157
133.080,-10.049,0.079,0.226,168.150
133.100,-13.740,0.092,0.226,168.128
133.120,-17.262,0.104,0.226,168.107
133.140,-20.537,0.114,0.226,168.074
133.160,-23.543,0.125,0.226,168.043
133.180,-26.162,0.135,0.226,168.006
133.200,-28.459,0.142,0.226,167.974
133.220,-30.363,0.156,0.226,167.943
133.240,-31.793,0.160,0.226,167.920
133.260,-32.824,0.165,0.226,167.906
133.280,-33.357,0.170,0.226,167.894
133.300,-33.439,0.172,0.226,167.900
133.320,-33.076,0.174,0.226,167.901
133.340,-32.250,0.172,0.226,167.915
133.360,-30.990,0.171,0.226,167.925
133.380,-29.227,0.173,0.226,167.947
133.400,-27.100,0.161,0.226,167.960
133.420,-24.598,0.162,0.226,167.974
133.440,-21.697,0.149,0.226,167.979
133.460,-18.557,0.150,0.226,167.982
133.480,-15.135,0.133,0.226,167.976
133.500,-11.473,0.127,0.226,167.958
133.520,-7.658,0.109,0.220,167.928
133.540,-3.756,0.105,0.220,167.885
133.560,0.234,0.091,0.215,167.830
133.580,4.201,0.082,0.215,167.763
133.600,8.098,0.066,0.215,167.685
133.620,11.889,0.057,0.215,167.600
133.640,15.551,0.044,0.215,167.505
133.660,18.961,0.034,0.215,167.410
133.680,22.107,0.024,0.215,167.306
133.700,24.979,0.011,0.215,167.210
133.720,27.475,0.004,0.215,167.112
133.740,29.596,-0.009,0.215,167.028
133.760,31.295,-0.009,0.215,166.950
133.780,32.596,-0.022,0.215,166.886
133.800,33.410,-0.021,0.215,166.825
133.820,33.779,-0.032,0.215,166.783
133.840,33.680,-0.028,0.215,166.756
133.860,33.141,-0.029,0.215,166.740
133.880,32.109,-0.029,0.215,166.727
133.900,30.645,-0.029,0.215,166.730
133.920,28.781,-0.025,0.215,166.740
133.940,26.502,-0.017,0.215,166.758
133.960,23.830,-0.014,0.215,166.774
133.980,20.854,-0.005,0.215,166.790
134.000,17.607,0.004,0.215,166.804
134.020,14.062,0.013,0.215,166.811
134.040,10.395,0.016,0.215,166.815
134.060,6.527,0.034,0.215,166.811
134.080,2.607,0.041,0.215,166.800
134.100,-1.359,0.054,0.215,166.781
134.120,-5.297,0.066,0.215,166.754
134.140,-9.193,0.076,0.215,166.724
134.160,-12.937,0.090,0.215,166.685
134.180,-16.477,0.101,0.215,166.649
134.200,-19.846,0.112,0.215,166.608
134.220,-22.893,0.124,0.215,166.571
134.240,-25.629,0.132,0.215,166.537
134.260,-27.996,0.144,0.215,166.517
134.280,-29.971,0.153,0.215,166.503
134.300,-31.547,0.161,0.215,166.509
134.320,-32.643,0.168,0.215,166.523
134.340,-33.299,0.172,0.215,166.552
134.360,-33.480,0.176,0.215,166.600
134.380,-33.211,0.178,0.215,166.655
134.400,-32.531,0.178,0.215,166.729
134.420,-31.324,0.177,0.215,166.805
134.440,-29.689,0.176,0.215,166.994
134.460,-27.633,0.170,0.215,166.994
134.480,-25.201,0.168,0.215,167.092
134.500,-22.418,0.161,0.215,167.187
134.520,-19.301,0.152,0.215,167.281
134.540,-15.914,0.143,0.215,167.363
134.560,-12.322,0.134,0.215,167.437
134.580,-8.543,0.122,0.215,167.500
134.600,-4.629,0.111,0.215,167.552
134.620,-0.668,0.098,0.214,167.592
134.640,3.299,0.091,0.214,167.620
134.660,7.230,0.078,0.214,167.638
134.680,11.051,0.062,0.214,167.647
134.700,14.736,0.055,0.214,167.642
134.720,18.217,0.037,0.214,167.642
134.740,21.428,0.033,0.214,167.636
134.760,24.381,0.016,0.214,167.625
134.780,26.953,0.012,0.214,167.619
134.800,29.162,0.000,0.214,167.609
134.820,30.943,-0.006,0.214,167.608
134.840,32.338,-0.012,0.214,167.614
134.860,33.264,-0.020,0.214,167.629
134.880,33.744,-0.022,0.214,167.658
134.900,33.738,-0.022,0.214,167.687
134.920,33.293,-0.022,0.214,167.717
134.940,32.361,-0.025,0.214,167.756
134.960,31.014,-0.020,0.214,167.800
134.980,29.203,-0.021,0.214,167.844
135.000,27.053,-0.015,0.214,167.887
135.020,24.451,-0.014,0.214,167.928
135.040,21.562,0.003,0.214,167.961
135.060,18.357,0.002,0.214,167.980
135.080,14.889,0.016,0.214,167.992
135.100,11.215,0.018,0.214,167.992
135.120,7.418,0.033,0.214,167.980
135.140,3.498,0.041,0.214,167.956
135.160,-0.463,0.054,0.214,167.917
135.180,-4.436,0.062,0.214,167.866
135.200,-8.314,0.081,0.214,167.803
135.220,-12.100,0.087,0.214,167.730
135.240,-15.686,0.103,0.214,167.646
135.260,-19.090,0.108,0.214,167.558
135.280,-22.213,0.128,0.214,167.461
135.300,-25.025,0.134,0.214,167.375
135.320,-27.463,0.140,0.214,167.281
135.340,-29.543,0.153,0.214,167.196
135.360,-31.195,0.157,0.214,167.117
135.380,-32.414,0.166,0.214,167.050
135.400,-33.164,0.168,0.214,166.991
135.420,-33.445,0.170,0.214,166.946
135.440,-33.287,0.173,0.214,166.907
135.460,-32.672,0.174,0.214,166.879
135.480,-31.617,0.173,0.214,166.861
135.500,-30.053,0.173,0.214,166.850
135.520,-28.096,0.167,0.214,166.847
135.540,-25.740,0.167,0.214,166.845
135.560,-23.039,0.153,0.214,166.850
135.580,-20.004,0.153,0.214,166.846
135.600,-16.676,0.137,0.214,166.842
135.620,-13.148,0.130,0.214,166.810
135.640,-9.381,0.117,0.214,166.810
135.660,-5.490,0.109,0.214,166.780
135.680,-1.547,0.098,0.214,166.742
135.700,2.432,0.089,0.214,166.696
135.720,6.363,0.071,0.214,166.643
135.740,10.207,0.062,0.214,166.585
135.760,13.939,0.049,0.214,166.521
135.780,17.473,0.040,0.214,166.456
135.800,20.736,0.025,0.214,166.394
135.820,23.748,0.017,0.214,166.337
135.840,26.408,0.008,0.214,166.283
135.860,28.699,-0.004,0.214,166.241
135.880,30.604,-0.008,0.214,166.214
135.900,32.062,-0.020,0.214,166.195
135.920,33.100,-0.021,0.214,166.196
135.940,33.662,-0.026,0.214,166.208
135.960,33.779,-0.029,0.214,166.245
135.980,33.428,-0.032,0.214,166.286
136.000,32.602,-0.032,0.214,166.353
136.020,31.365,-0.032,0.214,166.423
136.040,29.648,-0.028,0.214,166.515
136.060,27.574,-0.025,0.214,166.600
136.080,25.072,-0.015,0.214,166.695
136.100,22.219,-0.014,0.214,166.777
136.120,19.096,-0.002,0.214,166.870
136.140,15.686,0.004,0.214,166.952
136.160,12.047,0.016,0.214,167.032
136.180,8.279,0.020,0.214,167.100
136.200,4.389,0.036,0.211,167.163
136.220,0.428,0.043,0.211,167.215
136.240,-3.539,0.058,0.211,167.258
136.260,-7.459,0.066,0.211,167.292
136.280,-11.279,0.085,0.211,167.319
136.300,-14.900,0.091,0.211,167.342
136.320,-18.346,0.108,0.211,167.363
136.340,-21.551,0.115,0.211,167.379
136.360,-24.428,0.126,0.211,167.401
136.380,-26.959,0.134,0.211,167.421
136.400,-29.104,0.143,0.211,167.454
136.420,-30.873,0.161,0.211,167.486
136.440,-32.168,0.157,0.211,167.542
136.460,-33.053,0.174,0.211,167.593
136.480,-33.416,0.165,0.211,167.672
136.500,-33.381,0.176,0.211,167.741
136.520,-32.859,0.170,0.211,167.825
136.540,-31.881,0.178,0.211,167.907
136.560,-30.457,0.166,0.211,168.001
136.580,-28.570,0.174,0.211,168.081
136.600,-26.314,0.155,0.211,168.172
136.620,-23.689,0.161,0.211,168.248
136.640,-20.695,0.141,0.211,168.322
136.660,-17.467,0.145,0.211,168.379
136.680,-13.969,0.131,0.211,168.431
136.700,-10.248,0.124,0.211,168.467
136.720,-6.381,0.111,0.211,168.490
136.740,-2.426,0.100,0.211,168.498
136.760,1.535,0.091,0.211,168.490
136.780,5.479,0.076,0.211,168.469
136.800,9.352,0.066,0.211,168.435
136.820,13.119,0.054,0.211,168.388
136.840,16.687,0.044,0.211,168.334
136.860,20.027,0.029,0.211,168.271
136.880,23.092,0.026,0.211,168.207
136.900,25.852,0.008,0.211,168.136
136.920,28.207,0.009,0.211,168.074
136.940,30.199,-0.012,0.211,168.003
136.960,31.764,-0.005,0.211,167.954
136.980,32.900,-0.023,0.211,167.892
137.000,33.586,-0.019,0.211,167.855
137.020,33.803,-0.031,0.211,167.817
137.040,33.557,-0.026,0.211,167.795
137.060,32.824,-0.029,0.211,167.776
137.080,31.676,-0.025,0.211,167.766
137.100,30.047,-0.026,0.211,167.754
137.120,28.078,-0.020,0.211,167.748
137.140,25.658,-0.013,0.211,167.739
137.160,22.887,-0.007,0.211,167.725
137.180,19.811,-0.003,0.211,167.706
137.200,16.465,0.006,0.211,167.683
137.220,12.879,0.017,0.211,167.655
137.240,9.135,0.025,0.211,167.617
137.260,5.262,0.037,0.211,167.568
137.280,1.312,0.043,0.211,167.510
137.300,-2.666,0.062,0.209,167.443
137.320,-6.586,0.070,0.209,167.366
137.340,-10.447,0.083,0.209,167.283
137.360,-14.121,0.095,0.209,167.192
137.380,-17.607,0.106,0.209,167.100
137.400,-20.865,0.116,0.209,167.007
137.420,-23.807,0.132,0.209,166.914
137.440,-26.432,0.135,0.209,166.835
137.460,-28.670,0.152,0.209,166.755
137.480,-30.521,0.154,0.209,166.692
137.500,-31.945,0.166,0.209,166.634
137.520,-32.895,0.169,0.209,166.601
137.540,-33.381,0.174,0.209,166.573
137.560,-33.428,0.174,0.209,166.568
137.580,-33.006,0.178,0.209,166.573
137.600,-32.145,0.176,0.209,166.600
137.620,-30.803,0.175,0.209,166.622
137.640,-29.045,0.176,0.209,166.665
137.660,-26.859,0.169,0.209,166.713
137.680,-24.299,0.165,0.209,166.769
137.700,-21.387,0.157,0.209,166.822
137.720,-18.193,0.148,0.209,166.874
137.740,-14.760,0.138,0.209,166.920
137.760,-11.086,0.134,0.209,166.960
137.780,-7.236,0.116,0.209,166.992
137.800,-3.311,0.106,0.209,167.015
137.820,0.668,0.093,0.209,167.029
137.840,4.617,0.084,0.209,167.034
137.860,8.496,0.067,0.209,167.034
137.880,12.293,0.057,0.209,167.030
137.900,15.908,0.047,0.209,167.020
137.920,19.318,0.032,0.209,167.010
137.940,22.430,0.023,0.209,167.002
137.960,25.271,0.015,0.209,166.999
137.980,27.709,0.005,0.209,166.997
138.000,29.801,-0.004,0.209,167.002
138.020,31.453,-0.015,0.209,167.019
138.040,32.684,-0.017,0.209,167.053
138.060,33.475,-0.021,0.209,167.093
138.080,33.803,-0.027,0.209,167.147
138.100,33.650,-0.025,0.209,167.211
138.120,33.029,-0.029,0.209,167.286
138.140,31.980,-0.028,0.209,167.362
138.160,30.457,-0.028,0.209,167.452
138.180,28.547,-0.025,0.209,167.537
138.200,26.244,-0.016,0.209,167.625
138.220,23.543,-0.014,0.209,167.703
138.240,20.531,-0.004,0.209,167.782
138.260,17.256,0.000,0.209,167.850
138.280,13.682,0.014,0.209,167.913
138.300,9.996,0.019,0.209,167.959
138.320,6.135,0.031,0.209,167.995
138.340,2.203,0.041,0.209,168.017
138.360,-1.752,0.052,0.209,168.026
138.380,-5.707,0.065,0.209,168.023
138.400,-9.598,0.078,0.209,168.007
138.420,-13.307,0.086,0.209,167.982
138.440,-16.828,0.103,0.209,167.948
138.460,-20.139,0.107,0.209,167.908
138.480,-23.174,0.125,0.209,167.864
138.500,-25.863,0.130,0.209,167.821
138.520,-28.178,0.145,0.209,167.776
138.540,-30.129,0.148,0.209,167.741
138.560,-31.629,0.157,0.209,167.707
138.580,-32.725,0.161,0.209,167.682
138.600,-33.293,0.167,0.209,167.666
138.620,-33.428,0.170,0.209,167.657
138.640,-33.123,0.172,0.209,167.657
138.660,-32.361,0.171,0.209,167.656
138.680,-31.137,0.171,0.209,167.667
138.700,-29.449,0.173,0.209,167.676
138.720,-27.375,0.161,0.209,167.694
138.740,-24.902,0.166,0.209,167.698
138.760,-22.061,0.146,0.209,167.714
138.780,-18.920,0.152,0.209,167.708
138.800,-15.545,0.131,0.209,167.706
138.820,-11.930,0.130,0.209,167.685
138.840,-8.121,0.112,0.209,167.658
138.860,-4.195,0.108,0.209,167.614
138.880,-0.240,0.089,0.209,167.561
138.900,3.744,0.086,0.209,167.497
138.920,7.652,0.066,0.209,167.420
138.940,11.455,0.058,0.209,167.336
138.960,15.135,0.044,0.209,167.243
138.980,18.580,0.035,0.209,167.147
139.000,21.756,0.023,0.209,167.055
139.020,24.662,0.012,0.209,166.957
139.040,27.205,0.006,0.209,166.875
139.060,29.379,-0.010,0.209,166.782
139.080,31.125,-0.011,0.209,166.718
139.100,32.461,-0.022,0.209,166.647
139.120,33.334,-0.021,0.209,166.608
139.140,33.762,-0.030,0.209,166.558
139.160,33.709,-0.028,0.209,166.547
139.180,33.217,-0.032,0.209,166.521
139.200,32.250,-0.029,0.209,166.529
139.220,30.844,-0.031,0.209,166.527
139.240,29.021,-0.026,0.209,166.551
139.260,26.807,-0.024,0.209,166.573
139.280,24.176,-0.017,0.209,166.603
139.300,21.234,-0.009,0.209,166.629
139.320,18.000,-0.004,0.209,166.652
139.340,14.508,0.011,0.209,166.675
139.360,10.828,0.012,0.209,166.686
139.380,7.014,0.032,0.209,166.694
139.400,3.076,0.036,0.209,166.692
139.420,-0.879,0.052,0.209,166.683
139.440,-4.834,0.058,0.209,166.666
139.460,-8.730,0.077,0.209,166.639
139.480,-12.504,0.087,0.209,166.612
139.500,-16.061,0.099,0.209,166.576
139.520,-19.430,0.109,0.209,166.548
139.540,-22.529,0.124,0.209,166.509
139.560,-25.312,0.128,0.209,166.491
139.580,-27.715,0.143,0.209,166.464
139.600,-29.742,0.146,0.209,166.465
139.620,-31.354,0.162,0.209,166.461
139.640,-32.514,0.161,0.209,166.487
139.660,-33.229,0.170,0.209,166.511
139.680,-33.445,0.173,0.209,166.561
139.700,-33.246,0.174,0.209,166.619
139.720,-32.602,0.174,0.209,166.685
139.740,-31.453,0.174,0.209,166.760
139.760,-29.889,0.175,0.209,166.846
139.780,-27.867,0.169,0.209,166.940
139.800,-25.494,0.165,0.209,167.029
139.820,-22.746,0.157,0.209,167.119
139.840,-19.664,0.147,0.209,167.202
139.860,-16.324,0.141,0.209,167.280
139.880,-12.750,0.133,0.209,167.345
139.900,-8.988,0.121,0.209,167.402
139.920,-5.092,0.113,0.209,167.446
139.940,-1.119,0.095,0.209,167.478
139.960,2.842,0.094,0.209,167.497
139.980,6.779,0.075,0.209,167.502
140.000,10.588,0.063,0.209,167.500
140.020,14.332,0.050,0.209,167.487
140.040,17.818,0.041,0.209,167.472
140.060,21.047,0.029,0.209,167.448
140.080,24.047,0.019,0.209,167.428
140.100,26.654,0.012,0.209,167.404
140.120,28.916,0.004,0.209,167.382
140.140,30.762,-0.006,0.209,167.362
140.160,32.197,-0.011,0.209,167.352
140.180,33.182,-0.021,0.209,167.346
140.200,33.697,-0.021,0.209,167.355
140.220,33.756,-0.020,0.209,167.371
140.240,33.375,-0.027,0.209,167.384
140.260,32.502,-0.024,0.209,167.415
140.280,31.195,-0.022,0.209,167.443
140.300,29.461,-0.021,0.209,167.472
140.320,27.334,-0.014,0.209,167.501
140.340,24.791,-0.013,0.209,167.530
140.360,21.914,-0.004,0.209,167.550
140.380,18.750,-0.002,0.209,167.563
140.400,15.293,0.011,0.209,167.569
140.420,11.666,0.020,0.209,167.563
140.440,7.875,0.030,0.209,167.543
140.460,3.973,0.041,0.209,167.511
140.480,0.018,0.053,0.209,167.467
140.500,-3.955,0.061,0.209,167.412
140.520,-7.857,0.074,0.209,167.344
140.540,-11.666,0.085,0.209,167.265
140.560,-15.287,0.099,0.209,167.178
140.580,-18.680,0.106,0.209,167.087
140.600,-21.873,0.123,0.209,166.993
140.620,-24.697,0.127,0.209,166.902
140.640,-27.193,0.139,0.209,166.805
140.660,-29.314,0.149,0.209,166.720
140.680,-31.031,0.158,0.209,166.639
140.700,-32.285,0.165,0.209,166.576
140.720,-33.105,0.166,0.209,166.523
140.740,-33.434,0.172,0.209,166.481
140.760,-33.340,0.174,0.209,166.455
140.780,-32.771,0.173,0.209,166.433
140.800,-31.764,0.171,0.209,166.425
140.820,-30.252,0.174,0.209,166.420
140.840,-28.354,0.167,0.209,166.434
140.860,-26.045,0.166,0.209,166.441
140.880,-23.385,0.153,0.209,166.460
140.900,-20.373,0.153,0.209,166.468
140.920,-17.062,0.136,0.209,166.479
140.940,-13.576,0.133,0.209,166.479
140.960,-9.838,0.117,0.209,166.476
140.980,-5.953,0.111,0.209,166.462
141.000,-2.016,0.095,0.209,166.442
141.020,1.951,0.089,0.209,166.413
141.040,5.912,0.072,0.209,166.375
141.060,9.762,0.063,0.209,166.334
141.080,13.506,0.049,0.209,166.286
141.100,17.062,0.041,0.209,166.241
141.120,20.355,0.027,0.209,166.190
141.140,23.402,0.018,0.209,166.146
141.160,26.109,0.006,0.209,166.107
141.180,28.447,-0.004,0.209,166.081
141.200,30.387,-0.009,0.209,166.067
141.220,31.922,-0.019,0.209,166.064
141.240,33.006,-0.020,0.209,166.079
141.260,33.627,-0.031,0.209,166.105
141.280,33.803,-0.029,0.209,166.164
141.300,33.498,-0.033,0.211,166.217
141.320,32.736,-0.029,0.211,166.304
141.340,31.535,-0.033,0.211,166.377
141.360,29.895,-0.029,0.211,166.484
141.380,27.838,-0.025,0.211,166.578
141.400,25.395,-0.017,0.211,166.684
141.420,22.588,-0.017,0.211,166.780
141.440,19.471,-0.003,0.211,166.885
141.460,16.102,0.000,0.211,166.973
141.480,12.492,0.013,0.211,167.064
141.500,8.719,0.023,0.211,167.139
141.520,4.840,0.034,0.211,167.207
141.540,0.891,0.044,0.211,167.264
141.560,-3.082,0.055,0.211,167.311
141.580,-7.008,0.070,0.211,167.350
141.600,-10.857,0.081,0.211,167.382
141.620,-14.508,0.092,0.211,167.405
141.640,-17.971,0.100,0.211,167.429
141.660,-21.193,0.115,0.211,167.443
141.680,-24.135,0.126,0.211,167.466
141.700,-26.701,0.137,0.211,167.485
141.720,-28.922,0.141,0.211,167.519
141.740,-30.715,0.155,0.211,167.547
141.760,-32.086,0.155,0.211,167.596
141.780,-33.023,0.166,0.211,167.640
141.800,-33.422,0.170,0.211,167.707
141.820,-33.445,0.171,0.211,167.780
141.840,-32.988,0.172,0.211,167.860
141.860,-32.074,0.170,0.211,167.943
141.880,-30.686,0.173,0.211,168.025
141.900,-28.875,0.168,0.211,168.116
141.920,-26.660,0.162,0.211,168.196
141.940,-24.064,0.161,0.211,168.278
141.960,-21.111,0.146,0.211,168.348
141.980,-17.895,0.147,0.211,168.408
142.000,-14.426,0.131,0.211,168.459
142.020,-10.723,0.123,0.211,168.495
142.040,-6.891,0.113,0.211,168.516
142.060,-2.930,0.104,0.211,168.524
142.080,1.037,0.090,0.211,168.517
142.100,5.004,0.079,0.211,168.496
142.120,8.883,0.066,0.211,168.463
142.140,12.656,0.057,0.211,168.418
142.160,16.254,0.046,0.211,168.364
142.180,19.635,0.033,0.211,168.299
142.200,22.740,0.023,0.211,168.239
142.220,25.535,0.012,0.211,168.168
142.240,27.943,0.007,0.211,168.106
142.260,29.988,-0.005,0.211,168.040
142.280,31.600,-0.007,0.211,167.983
142.300,32.801,-0.020,0.211,167.925
142.320,33.527,-0.021,0.211,167.884
142.340,33.797,-0.027,0.211,167.853
142.360,33.609,-0.026,0.211,167.829
142.380,32.959,-0.029,0.211,167.810
142.400,31.828,-0.027,0.211,167.797
142.420,30.275,-0.026,0.211,167.784
142.440,28.330,-0.023,0.211,167.778
142.460,25.957,-0.015,0.211,167.774
142.480,23.232,-0.008,0.211,167.763
142.500,20.174,-0.001,0.211,167.749
142.520,16.863,0.007,0.211,167.725
142.540,13.301,0.016,0.211,167.700
142.560,9.562,0.023,0.211,167.662
142.580,5.701,0.037,0.209,167.615
142.600,1.775,0.046,0.209,167.558
142.620,-2.215,0.061,0.209,167.491
142.640,-6.152,0.070,0.209,167.415
142.660,-10.020,0.083,0.209,167.331
142.680,-13.717,0.095,0.209,167.240
142.700,-17.238,0.105,0.209,167.145
142.720,-20.525,0.122,0.209,167.049
142.740,-23.514,0.128,0.209,166.959
142.760,-26.174,0.140,0.209,166.874
142.780,-28.459,0.148,0.209,166.794
142.800,-30.357,0.157,0.209,166.718
142.820,-31.816,0.165,0.209,166.665
142.840,-32.824,0.170,0.209,166.622
142.860,-33.369,0.172,0.209,166.593
142.880,-33.486,0.179,0.213,166.579
142.900,-33.111,0.172,0.213,166.582
142.920,-32.309,0.178,0.213,166.591
142.940,-31.025,0.171,0.213,166.619
142.960,-29.279,0.178,0.213,166.656
142.980,-27.146,0.167,0.213,166.707
143.000,-24.650,0.169,0.213,166.753
143.020,-21.779,0.153,0.213,166.808
143.040,-18.586,0.153,0.213,166.853
143.060,-15.199,0.135,0.213,166.901
143.080,-11.543,0.132,0.213,166.939
143.100,-7.734,0.112,0.213,166.973
143.120,-3.814,0.111,0.213,166.996
143.140,0.170,0.092,0.213,167.013
143.160,4.143,0.088,0.213,167.023
143.180,8.045,0.067,0.213,167.025
143.200,11.836,0.058,0.213,167.023
143.220,15.486,0.049,0.213,167.018
143.240,18.908,0.036,0.213,167.011
143.260,22.061,0.029,0.213,167.009
143.280,24.943,0.016,0.213,167.008
143.300,27.451,0.007,0.213,167.012
143.320,29.566,-0.006,0.213,167.027
143.340,31.283,-0.008,0.213,167.057
143.360,32.584,-0.015,0.213,167.089
143.380,33.416,-0.019,0.213,167.132
143.400,33.773,-0.027,0.213,167.195
143.420,33.680,-0.025,0.213,167.270
143.440,33.146,-0.033,0.213,167.353
143.460,32.127,-0.021,0.213,167.444
143.480,30.662,-0.029,0.213,167.535
143.500,28.799,-0.020,0.213,167.630
143.520,26.537,-0.017,0.213,167.726
143.540,23.877,-0.015,0.213,167.815
143.560,20.895,-0.003,0.213,167.906
143.580,17.654,0.001,0.213,167.982
143.600,14.127,0.016,0.213,168.054
143.620,10.418,0.020,0.213,168.109
143.640,6.592,0.029,0.213,168.156
143.660,2.666,0.038,0.213,168.188
143.680,-1.289,0.053,0.213,168.207
143.700,-5.268,0.062,0.213,168.214
143.720,-9.146,0.079,0.213,168.206
143.740,-12.873,0.087,0.213,168.192
143.760,-16.441,0.101,0.213,168.167
143.780,-19.770,0.111,0.213,168.135
143.800,-22.852,0.125,0.213,168.102
143.820,-25.570,0.130,0.213,168.066
143.840,-27.949,0.141,0.213,168.033
143.860,-29.941,0.151,0.213,167.999
143.880,-31.494,0.160,0.213,167.977
143.900,-32.625,0.166,0.213,167.958
143.920,-33.252,0.166,0.213,167.953
143.940,-33.469,0.169,0.213,167.947
143.960,-33.217,0.173,0.213,167.947
143.980,-32.514,0.171,0.213,167.953
144.000,-31.318,0.170,0.213,167.970
144.020,-29.689,0.170,0.213,167.980
144.040,-27.662,0.166,0.213,168.001
144.060,-25.225,0.164,0.213,168.014
144.080,-22.436,0.148,0.213,168.028
144.100,-19.312,0.149,0.213,168.026
144.120,-15.955,0.135,0.213,168.024
144.140,-12.369,0.132,0.213,168.010
144.160,-8.590,0.112,0.213,167.986
144.180,-4.676,0.109,0.213,167.900
144.200,-0.709,0.091,0.213,167.900
144.220,3.270,0.087,0.213,167.841
144.240,7.189,0.068,0.213,167.770
144.260,11.010,0.060,0.213,167.693
144.280,14.713,0.045,0.213,167.609
144.300,18.176,0.037,0.213,167.519
144.320,21.393,0.020,0.213,167.429
144.340,24.352,0.013,0.213,167.339
144.360,26.918,0.004,0.213,167.256
144.380,29.121,-0.007,0.213,167.179
144.400,30.920,-0.010,0.213,167.113
144.420,32.332,-0.022,0.213,167.051
144.440,33.252,-0.022,0.213,167.009
144.460,33.738,-0.030,0.213,166.978
144.480,33.744,-0.028,0.213,166.964
144.500,33.305,-0.034,0.214,166.954
144.520,32.385,-0.030,0.214,166.969
144.540,31.031,-0.031,0.214,166.979
144.560,29.256,-0.027,0.214,167.011
144.580,27.076,-0.021,0.214,167.038
144.600,24.498,-0.016,0.214,167.068
144.620,21.592,-0.011,0.214,167.100
144.640,18.387,-0.004,0.214,167.134
144.660,14.924,0.010,0.214,167.161
144.680,11.262,0.013,0.214,167.181
144.700,7.453,0.028,0.214,167.196
144.720,3.539,0.036,0.214,167.202
144.740,-0.422,0.054,0.214,167.200
144.760,-4.377,0.061,0.214,167.191
144.780,-8.303,0.076,0.214,167.175
144.800,-12.088,0.089,0.214,167.155
144.820,-15.668,0.099,0.214,167.130
144.840,-19.084,0.112,0.214,167.107
144.860,-22.195,0.118,0.214,167.081
144.880,-25.025,0.134,0.214,167.062
144.900,-27.475,0.141,0.214,167.053
144.920,-29.561,0.149,0.214,167.053
144.940,-31.219,0.156,0.214,167.059
144.960,-32.437,0.163,0.214,167.081
144.980,-33.193,0.170,0.214,167.115
145.000,-33.475,0.174,0.214,167.168
145.020,-33.340,0.174,0.214,167.234
145.040,-32.748,0.177,0.214,167.303
145.060,-31.676,0.175,0.214,167.469
145.080,-30.129,0.178,0.214,167.469
145.100,-28.166,0.171,0.214,167.565
145.120,-25.840,0.164,0.214,167.658
145.140,-23.127,0.158,0.214,167.749
145.160,-20.068,0.149,0.214,167.832
145.180,-16.752,0.145,0.214,167.908
145.200,-13.213,0.132,0.214,167.977
145.220,-9.463,0.128,0.214,168.034
145.240,-5.590,0.111,0.214,168.080
145.260,-1.623,0.099,0.214,168.113
145.280,2.355,0.092,0.214,168.133
145.300,6.293,0.079,0.214,168.143
145.320,10.131,0.064,0.214,168.141
145.340,13.887,0.058,0.214,168.132
145.360,17.396,0.041,0.214,168.111
145.380,20.689,0.033,0.214,168.091
145.400,23.719,0.023,0.214,168.066
145.420,26.373,0.014,0.214,168.040
145.440,28.658,0.004,0.214,168.013
145.460,30.568,-0.006,0.214,167.996
145.480,32.057,-0.009,0.214,167.977
145.500,33.088,-0.019,0.214,167.967
145.520,33.668,-0.019,0.214,167.962
145.540,33.785,-0.026,0.214,167.974
145.560,33.445,-0.025,0.214,167.987
145.580,32.613,-0.028,0.214,168.012
145.600,31.371,-0.025,0.214,168.032
145.620,29.684,-0.024,0.214,168.081
145.640,27.615,-0.015,0.214,168.081
145.660,25.102,-0.014,0.214,168.099
145.680,22.260,-0.005,0.214,168.108
145.700,19.131,0.003,0.214,168.116
145.720,15.715,0.010,0.214,168.110
145.740,12.111,0.016,0.214,168.099
145.760,8.326,0.027,0.214,168.073
145.780,4.418,0.041,0.214,168.036
145.800,0.480,0.049,0.214,167.986
145.820,-3.510,0.064,0.214,167.924
145.840,-7.418,0.072,0.214,167.850
145.860,-11.256,0.087,0.214,167.764
145.880,-14.889,0.101,0.214,167.672
145.900,-18.334,0.109,0.214,167.579
145.920,-21.533,0.122,0.214,167.475
145.940,-24.398,0.130,0.214,167.374
145.960,-26.959,0.142,0.214,167.271
145.980,-29.115,0.153,0.214,167.182
146.000,-30.879,0.158,0.214,167.098
146.020,-32.191,0.165,0.214,167.030
146.040,-33.059,0.167,0.214,166.958
146.060,-33.445,0.171,0.214,166.908
146.080,-33.398,0.174,0.214,166.862
146.100,-32.883,0.174,0.214,166.832
146.120,-31.922,0.175,0.214,166.817
146.140,-30.463,0.172,0.214,166.805
146.160,-28.617,0.174,0.214,166.804
146.180,-26.373,0.166,0.214,166.806
146.200,-23.725,0.161,0.214,166.813
146.220,-20.754,0.153,0.214,166.822
146.240,-17.479,0.147,0.214,166.828
146.260,-14.016,0.132,0.214,166.828
146.280,-10.289,0.126,0.214,166.819
146.300,-6.434,0.107,0.214,166.802
146.320,-2.484,0.103,0.214,166.777
146.340,1.488,0.086,0.214,166.744
146.360,5.437,0.081,0.214,166.705
146.380,9.287,0.062,0.214,166.659
146.400,13.066,0.050,0.214,166.610
146.420,16.635,0.044,0.214,166.561
146.440,19.992,0.029,0.214,166.465
146.460,23.057,0.016,0.214,166.465
146.480,25.816,0.009,0.214,166.430
146.500,28.178,-0.002,0.214,166.377
146.520,30.176,-0.008,0.214,166.377
146.540,31.764,-0.014,0.214,166.371
146.560,32.895,-0.020,0.214,166.375
146.580,33.580,-0.024,0.214,166.395
146.600,33.803,-0.029,0.214,166.434
146.620,33.557,-0.027,0.214,166.490
146.640,32.836,-0.036,0.215,166.558
146.660,31.693,-0.025,0.215,166.635
146.680,30.100,-0.031,0.215,166.720
146.700,28.107,-0.019,0.215,166.815
146.720,25.682,-0.019,0.215,166.910
146.740,22.939,-0.011,0.215,167.001
146.760,19.846,-0.007,0.215,167.095
146.780,16.523,0.003,0.215,167.181
146.800,12.932,0.012,0.215,167.264
146.820,9.187,0.023,0.215,167.335
146.840,5.309,0.029,0.215,167.396
146.860,1.365,0.047,0.215,167.447
146.880,-2.602,0.054,0.215,167.488
146.900,-6.533,0.066,0.215,167.520
146.920,-10.383,0.082,0.215,167.542
146.940,-14.068,0.089,0.215,167.559
146.960,-17.549,0.103,0.215,167.569
146.980,-20.807,0.113,0.215,167.576
147.000,-23.777,0.127,0.215,167.586
147.020,-26.391,0.131,0.215,167.597
147.040,-28.658,0.145,0.215,167.609
147.060,-30.504,0.150,0.215,167.629
147.080,-31.922,0.160,0.215,167.659
147.100,-32.906,0.165,0.215,167.697
147.120,-33.375,0.167,0.215,167.745
147.140,-33.439,0.170,0.215,167.798
147.160,-33.041,0.174,0.215,167.854
147.180,-32.186,0.171,0.215,167.922
147.200,-30.844,0.173,0.215,167.991
147.220,-29.074,0.173,0.215,168.066
147.240,-26.912,0.160,0.215,168.136
147.260,-24.352,0.162,0.215,168.200
147.280,-21.451,0.146,0.215,168.260
147.300,-18.270,0.149,0.215,168.306
147.320,-14.812,0.132,0.215,168.344
147.340,-11.145,0.132,0.215,168.368
147.360,-7.324,0.110,0.215,168.382
147.380,-3.393,0.108,0.215,168.378
147.400,0.580,0.086,0.215,168.362
147.420,4.547,0.085,0.215,168.333
147.440,8.432,0.066,0.215,168.289
147.460,12.234,0.059,0.215,168.239
147.480,15.850,0.042,0.215,168.176
147.500,19.248,0.037,0.215,168.109
147.520,22.389,0.018,0.215,168.032
147.540,25.236,0.016,0.215,167.963
147.560,27.686,0.003,0.215,167.889
147.580,29.766,-0.009,0.215,167.823
147.600,31.436,-0.011,0.215,167.764
147.620,32.678,-0.022,0.215,167.710
147.640,33.469,-0.020,0.215,167.671
147.660,33.791,-0.029,0.215,167.639
147.680,33.645,-0.029,0.215,167.620
147.700,33.035,-0.031,0.215,167.601
147.720,31.998,-0.027,0.215,167.594
147.740,30.492,-0.025,0.215,167.585
147.760,28.582,-0.023,0.215,167.587
147.780,26.268,-0.014,0.215,167.587
147.800,23.555,-0.012,0.215,167.589
147.820,20.566,-0.003,0.215,167.585
147.840,17.279,0.004,0.215,167.575
147.860,13.729,0.016,0.215,167.563
147.880,10.008,0.021,0.214,167.540
147.900,6.164,0.037,0.214,167.509
147.920,2.227,0.043,0.214,167.469
147.940,-1.734,0.060,0.214,167.420
147.960,-5.678,0.064,0.214,167.363
147.980,-9.568,0.085,0.214,167.296
148.000,-13.295,0.090,0.214,167.226
148.020,-16.805,0.107,0.214,167.149
148.040,-20.121,0.119,0.214,167.077
148.060,-23.180,0.128,0.214,167.004
148.080,-25.881,0.140,0.214,166.941
148.100,-28.213,0.146,0.214,166.881
148.120,-30.146,0.154,0.214,166.835
148.140,-31.670,0.163,0.214,166.796
148.160,-32.730,0.170,0.214,166.779
148.180,-33.334,0.167,0.214,166.775
148.200,-33.480,0.176,0.214,166.778
148.220,-33.193,0.170,0.214,166.798
148.240,-32.420,0.183,0.219,166.825
148.260,-31.201,0.170,0.219,166.879
148.280,-29.508,0.179,0.219,166.924
148.300,-27.428,0.166,0.219,166.993
148.320,-24.961,0.171,0.219,167.057
148.340,-22.148,0.153,0.219,167.132
148.360,-18.984,0.156,0.219,167.190
148.380,-15.609,0.138,0.219,167.254
148.400,-11.977,0.137,0.219,167.303
148.420,-8.203,0.112,0.219,167.351
148.440,-4.277,0.114,0.219,167.383
148.460,-0.311,0.096,0.219,167.409
148.480,3.668,0.091,0.219,167.425
148.500,7.588,0.071,0.219,167.432
148.520,11.396,0.062,0.219,167.434
148.540,15.059,0.052,0.219,167.431
148.560,18.516,0.037,0.219,167.427
148.580,21.703,0.033,0.219,167.422
148.600,24.645,0.016,0.219,167.412
148.620,27.158,0.015,0.219,167.411
148.640,29.332,-0.003,0.219,167.406
148.660,31.096,-0.004,0.219,167.436
148.680,32.443,-0.018,0.219,167.436
148.700,33.328,-0.018,0.219,167.474
148.720,33.762,-0.022,0.219,167.513
148.740,33.727,-0.021,0.219,167.568
148.760,33.217,-0.028,0.219,167.620
148.780,32.268,-0.025,0.219,167.691
148.800,30.855,-0.026,0.219,167.759
148.820,29.033,-0.026,0.219,167.837
148.840,26.818,-0.018,0.219,167.911
148.860,24.205,-0.018,0.219,167.980
148.880,21.264,-0.002,0.219,168.040
148.900,18.064,-0.001,0.219,168.091
148.920,14.543,0.014,0.219,168.133
148.940,10.875,0.018,0.219,168.164
148.960,7.049,0.029,0.219,168.181
148.980,3.135,0.037,0.219,168.184
149.000,-0.820,0.051,0.219,168.175
149.020,-4.781,0.064,0.219,168.152
149.040,-8.689,0.076,0.219,168.118
149.060,-12.463,0.086,0.219,168.073
149.080,-16.037,0.101,0.219,168.018
149.100,-19.395,0.108,0.219,167.958
149.120,-22.494,0.124,0.219,167.889
149.140,-25.277,0.132,0.219,167.824
149.160,-27.691,0.143,0.219,167.756
149.180,-29.736,0.149,0.219,167.697
149.200,-31.330,0.157,0.219,167.635
149.220,-32.520,0.166,0.219,167.594
149.240,-33.199,0.168,0.219,167.524
149.260,-33.486,0.174,0.219,167.524
149.280,-33.252,0.172,0.219,167.496
149.300,-32.619,0.171,0.219,167.479
149.320,-31.471,0.174,0.219,167.464
149.340,-29.883,0.171,0.219,167.462
149.360,-27.914,0.166,0.219,167.461
149.380,-25.529,0.161,0.219,167.457
149.400,-22.764,0.153,0.219,167.451
149.420,-19.705,0.148,0.219,167.443
149.440,-16.348,0.139,0.219,167.425
149.460,-12.814,0.129,0.219,167.401
149.480,-9.023,0.116,0.219,167.367
149.500,-5.139,0.104,0.219,167.321
149.520,-1.178,0.095,0.219,167.266
149.540,2.789,0.083,0.219,167.201
149.560,6.721,0.070,0.219,167.126
149.580,10.553,0.059,0.219,167.045
149.600,14.268,0.044,0.219,166.955
149.620,17.771,0.037,0.219,166.867
149.640,21.023,0.022,0.219,166.773
149.660,24.029,0.020,0.219,166.687
149.680,26.631,0.004,0.219,166.597
149.700,28.881,-0.002,0.219,166.519
149.720,30.744,-0.011,0.219,166.449
149.740,32.180,-0.017,0.219,166.396
149.760,33.170,-0.021,0.219,166.326
149.780,33.709,-0.027,0.219,166.326
149.800,33.768,-0.028,0.219,166.322
149.820,33.381,-0.030,0.219,166.317
149.840,32.514,-0.031,0.219,166.339
149.860,31.213,-0.026,0.219,166.360
149.880,29.484,-0.030,0.219,166.400
149.900,27.357,-0.020,0.219,166.444
149.920,24.814,-0.016,0.219,166.496
149.940,21.949,-0.010,0.219,166.539
149.960,18.785,-0.003,0.219,166.590
149.980,15.352,0.004,0.219,166.629
150.000,11.713,0.018,0.219,166.670
150.020,7.916,0.029,0.219,166.698
150.040,4.002,0.035,0.219,166.721
150.060,0.059,0.052,0.219,166.736
150.080,-3.914,0.057,0.219,166.743
150.100,-7.840,0.074,0.219,166.744
150.120,-11.637,0.080,0.219,166.728
150.140,-15.275,0.099,0.219,166.728
150.160,-18.691,0.105,0.219,166.723
150.180,-21.850,0.120,0.219,166.712
150.200,-24.715,0.128,0.219,166.714
150.220,-27.205,0.141,0.219,166.712
150.240,-29.326,0.146,0.219,166.731
150.260,-31.049,0.157,0.219,166.752
150.280,-32.303,0.156,0.219,166.794
150.300,-33.158,0.174,0.219,166.831
150.320,-33.457,0.170,0.219,166.902
150.340,-33.393,0.178,0.219,166.975
150.360,-32.848,0.176,0.219,167.060
150.380,-31.805,0.176,0.219,167.155
150.400,-30.340,0.176,0.219,167.254
150.420,-28.424,0.172,0.219,167.362
150.440,-26.156,0.164,0.219,167.465
150.460,-23.479,0.157,0.219,167.566
150.480,-20.455,0.149,0.219,167.655
150.500,-17.150,0.144,0.219,167.742
150.520,-13.652,0.134,0.219,167.817
150.540,-9.926,0.124,0.219,167.884
150.560,-6.041,0.115,0.219,167.936
150.580,-2.080,0.099,0.219,168.003
150.600,1.893,0.091,0.219,168.003
150.620,5.836,0.078,0.219,168.018
150.640,9.686,0.070,0.219,168.022
150.660,13.453,0.058,0.219,168.015
150.680,16.992,0.045,0.219,167.999
150.700,20.314,0.033,0.219,167.978
150.720,23.361,0.021,0.219,167.957
150.740,26.074,0.014,0.219,167.936
150.760,28.412,0.003,0.219,167.907
150.780,30.357,-0.003,0.219,167.865
150.800,31.898,-0.009,0.219,167.865
150.820,32.994,-0.017,0.219,167.865
150.840,33.609,-0.018,0.219,167.858
150.860,33.797,-0.024,0.219,167.870
150.880,33.516,-0.024,0.219,167.879
150.900,32.748,-0.025,0.219,167.905
150.920,31.547,-0.020,0.219,167.922
150.940,29.906,-0.024,0.219,167.948
150.960,27.867,-0.016,0.219,167.970
150.980,25.412,-0.017,0.219,167.995
151.000,22.605,-0.000,0.219,168.005
151.020,19.518,-0.001,0.219,168.012
151.040,16.131,0.012,0.219,168.012
151.060,12.521,0.017,0.219,168.002
151.080,8.760,0.033,0.219,167.979
151.100,4.887,0.041,0.219,167.944
151.120,0.943,0.049,0.219,167.897
151.140,-3.035,0.062,0.219,167.837
151.160,-6.949,0.074,0.219,167.766
151.180,-10.816,0.091,0.219,167.686
151.200,-14.467,0.097,0.219,167.597
151.220,-17.924,0.110,0.219,167.505
151.240,-21.176,0.119,0.219,167.406
151.260,-24.076,0.132,0.219,167.312
151.280,-26.672,0.139,0.219,167.218
151.300,-28.898,0.154,0.219,167.126
151.320,-30.674,0.153,0.219,167.047
151.340,-32.057,0.170,0.219,166.974
151.360,-32.965,0.165,0.219,166.923
151.380,-33.428,0.175,0.219,166.875
151.400,-33.439,0.172,0.219,166.854
151.420,-32.971,0.174,0.219,166.831
151.440,-32.057,0.174,0.219,166.830
151.460,-30.674,0.170,0.219,166.825
151.480,-28.881,0.174,0.219,166.835
151.500,-26.654,0.163,0.219,166.849
151.520,-24.070,0.161,0.219,166.866
151.540,-21.135,0.153,0.219,166.886
151.560,-17.883,0.146,0.219,166.905
151.580,-14.443,0.135,0.219,166.917
151.600,-10.746,0.125,0.219,166.922
151.620,-6.896,0.112,0.219,166.920
151.640,-2.977,0.103,0.214,166.910
151.660,1.014,0.087,0.214,166.892
151.680,4.963,0.084,0.214,166.868
151.700,8.848,0.065,0.214,166.837
151.720,12.633,0.055,0.214,166.804
151.740,16.230,0.041,0.214,166.769
151.760,19.594,0.033,0.214,166.735
151.780,22.699,0.021,0.214,166.703
151.800,25.518,0.013,0.214,166.681
151.820,27.920,-0.000,0.214,166.663
151.840,29.971,-0.005,0.214,166.665
151.860,31.588,-0.016,0.214,166.672
151.880,32.783,-0.017,0.214,166.695
151.900,33.521,-0.025,0.214,166.732
151.920,33.809,-0.027,0.214,166.789
151.940,33.615,-0.031,0.214,166.855
151.960,32.959,-0.027,0.214,166.938
151.980,31.857,-0.029,0.214,167.023
152.000,30.311,-0.028,0.214,167.124
152.020,28.354,-0.029,0.214,167.230
152.040,26.010,-0.021,0.214,167.343
152.060,23.273,-0.016,0.214,167.449
152.080,20.238,-0.004,0.214,167.551
152.100,16.928,-0.004,0.214,167.647
152.120,13.354,0.014,0.214,167.739
152.140,9.633,0.018,0.214,167.817
152.160,5.766,0.030,0.214,167.887
152.180,1.828,0.039,0.214,167.946
152.200,-2.139,0.052,0.214,167.994
152.220,-6.076,0.068,0.214,168.032
152.240,-9.943,0.074,0.214,168.059
152.260,-13.646,0.090,0.214,168.078
152.280,-17.174,0.100,0.214,168.092
152.300,-20.455,0.114,0.214,168.103
152.320,-23.461,0.123,0.214,168.113
152.340,-26.092,0.134,0.214,168.120
152.360,-28.406,0.139,0.214,168.135
152.380,-30.311,0.153,0.214,168.147
152.400,-31.764,0.155,0.214,168.174
152.420,-32.812,0.166,0.214,168.202
152.440,-33.322,0.163,0.214,168.240
152.460,-33.439,0.174,0.214,168.285
152.480,-33.111,0.174,0.214,168.338
152.500,-32.303,0.172,0.214,168.394
152.520,-31.014,0.176,0.214,168.451
152.540,-29.279,0.170,0.214,168.517
152.560,-27.176,0.167,0.214,168.576
152.580,-24.680,0.159,0.214,168.627
152.600,-21.809,0.154,0.214,168.668
152.620,-18.645,0.149,0.214,168.705
152.640,-15.223,0.136,0.214,168.728
152.660,-11.584,0.124,0.214,168.740
152.680,-7.793,0.116,0.214,168.734
152.700,-3.879,0.102,0.214,168.717
152.720,0.111,0.094,0.214,168.684
152.740,4.090,0.079,0.214,168.638
152.760,7.980,0.074,0.214,168.580
152.780,11.789,0.054,0.214,168.507
152.800,15.445,0.045,0.214,168.430
152.820,18.867,0.033,0.214,168.342
152.840,22.025,0.024,0.214,168.253
152.860,24.926,0.013,0.214,168.153
152.880,27.416,0.003,0.214,168.068
152.900,29.537,-0.007,0.214,167.979
152.920,31.260,-0.010,0.214,167.905
152.940,32.566,-0.017,0.214,167.828
152.960,33.404,-0.022,0.214,167.763
152.980,33.773,-0.025,0.214,167.711
153.000,33.686,-0.028,0.214,167.666
153.020,33.152,-0.026,0.214,167.626
153.040,32.133,-0.031,0.214,167.589
153.060,30.697,-0.025,0.214,167.566
153.080,28.816,-0.027,0.214,167.547
153.100,26.561,-0.013,0.214,167.535
153.120,23.895,-0.014,0.214,167.513
153.140,20.930,-0.004,0.214,167.498
153.160,17.678,0.000,0.214,167.472
153.180,14.168,0.013,0.214,167.447
153.200,10.471,0.021,0.214,167.369
153.220,6.633,0.037,0.214,167.369
153.240,2.713,0.041,0.210,167.317
153.260,-1.266,0.058,0.210,167.257
153.280,-5.209,0.065,0.209,167.189
153.300,-9.123,0.080,0.209,167.114
153.320,-12.850,0.091,0.209,167.034
153.340,-16.406,0.102,0.209,166.952
153.360,-19.764,0.113,0.209,166.867
153.380,-22.840,0.126,0.209,166.784
153.400,-25.576,0.137,0.209,166.711
153.420,-27.955,0.143,0.209,166.643
153.440,-29.941,0.151,0.209,166.584
153.460,-31.529,0.161,0.209,166.536
153.480,-32.637,0.168,0.209,166.508
153.500,-33.299,0.172,0.209,166.491
153.520,-33.475,0.178,0.209,166.498
153.540,-33.252,0.174,0.209,166.517
153.560,-32.549,0.180,0.211,166.552
153.580,-31.377,0.175,0.211,166.592
153.600,-29.760,0.179,0.211,166.648
153.620,-27.703,0.167,0.211,166.777
153.640,-25.307,0.170,0.211,166.777
153.660,-22.506,0.157,0.211,166.845
153.680,-19.395,0.156,0.211,166.908
153.700,-16.014,0.142,0.211,166.975
153.720,-12.428,0.135,0.211,167.031
153.740,-8.648,0.119,0.211,167.080
153.760,-4.746,0.112,0.211,167.117
153.780,-0.779,0.096,0.211,167.148
153.800,3.193,0.095,0.211,167.170
153.820,7.125,0.074,0.211,167.181
153.840,10.945,0.066,0.211,167.189
153.860,14.654,0.053,0.211,167.188
153.880,18.105,0.041,0.211,167.189
153.900,21.340,0.031,0.211,167.182
153.920,24.316,0.016,0.211,167.186
153.940,26.883,0.012,0.211,167.187
153.960,29.104,0.000,0.211,167.196
153.980,30.908,-0.008,0.211,167.208
154.000,32.309,-0.017,0.211,167.233
154.020,33.258,-0.017,0.211,167.271
154.040,33.732,-0.021,0.211,167.309
154.060,33.744,-0.024,0.211,167.367
154.080,33.316,-0.025,0.211,167.424
154.100,32.396,-0.025,0.211,167.492
154.120,31.055,-0.022,0.211,167.564
154.140,29.262,-0.021,0.211,167.638
154.160,27.111,-0.019,0.211,167.712
154.180,24.527,-0.013,0.211,167.784
154.200,21.633,-0.008,0.211,167.846
154.220,18.457,0.000,0.211,167.904
154.240,14.965,0.012,0.211,167.948
154.260,11.320,0.017,0.211,167.984
154.280,7.494,0.028,0.211,168.005
154.300,3.586,0.041,0.211,168.013
154.320,-0.352,0.050,0.211,168.007
154.340,-4.324,0.064,0.211,167.987
154.360,-8.227,0.071,0.211,167.954
154.380,-12.018,0.089,0.211,167.907
154.400,-15.627,0.099,0.211,167.856
154.420,-19.014,0.108,0.211,167.796
154.440,-22.154,0.123,0.211,167.730
154.460,-24.961,0.130,0.211,167.662
154.480,-27.422,0.141,0.211,167.595
154.500,-29.508,0.146,0.211,167.531
154.520,-31.195,0.157,0.211,167.471
154.540,-32.396,0.164,0.211,167.415
154.560,-33.141,0.168,0.211,167.374
154.580,-33.451,0.170,0.211,167.341
154.600,-33.322,0.175,0.211,167.320
154.620,-32.707,0.169,0.211,167.307
154.640,-31.646,0.173,0.211,167.293
154.660,-30.100,0.169,0.211,167.284
154.680,-28.172,0.168,0.211,167.287
154.700,-25.828,0.161,0.211,167.282
154.720,-23.145,0.157,0.211,167.279
154.740,-20.086,0.148,0.211,167.273
154.760,-16.770,0.139,0.211,167.261
154.780,-13.254,0.128,0.211,167.239
154.800,-9.480,0.119,0.211,167.205
154.820,-5.619,0.107,0.211,167.164
154.840,-1.670,0.099,0.211,167.111
154.860,2.326,0.083,0.211,167.049
154.880,6.258,0.078,0.211,166.978
154.900,10.125,0.060,0.211,166.897
154.920,13.834,0.049,0.211,166.812
154.940,17.355,0.036,0.211,166.721
154.960,20.654,0.025,0.211,166.635
154.980,23.666,0.018,0.211,166.546
155.000,26.338,0.008,0.211,166.464
155.020,28.646,-0.000,0.211,166.382
155.040,30.545,-0.011,0.211,166.319
155.060,32.027,-0.014,0.211,166.270
155.080,33.076,-0.021,0.211,166.228
155.100,33.662,-0.026,0.211,166.212
155.120,33.785,-0.029,0.211,166.206
155.140,33.457,-0.029,0.211,166.218
155.160,32.654,-0.033,0.213,166.236
155.180,31.395,-0.029,0.213,166.274
155.200,29.695,-0.031,0.213,166.322
155.220,27.639,-0.023,0.213,166.376
155.240,25.143,-0.019,0.213,166.427
155.260,22.307,-0.011,0.213,166.483
155.280,19.184,-0.004,0.213,166.534
155.300,15.773,0.003,0.213,166.585
155.320,12.141,0.014,0.213,166.629
155.340,8.385,0.025,0.213,166.669
155.360,4.471,0.033,0.213,166.698
155.380,0.527,0.048,0.213,166.720
155.400,-3.428,0.058,0.213,166.735
155.420,-7.365,0.070,0.213,166.742
155.440,-11.197,0.084,0.213,166.743
155.460,-14.854,0.095,0.213,166.743
155.480,-18.293,0.107,0.213,166.742
155.500,-21.480,0.119,0.213,166.738
155.520,-24.393,0.131,0.213,166.740
155.540,-26.924,0.135,0.213,166.750
155.560,-29.127,0.148,0.213,166.762
155.580,-30.879,0.150,0.213,166.789
155.600,-32.174,0.161,0.213,166.816
155.620,-33.059,0.167,0.213,166.870
155.640,-33.422,0.174,0.213,166.932
155.660,-33.416,0.174,0.213,167.017
155.680,-32.941,0.180,0.213,167.093
155.700,-31.945,0.170,0.213,167.197
155.720,-30.527,0.178,0.213,167.287
155.740,-28.658,0.166,0.213,167.398
155.760,-26.426,0.169,0.213,167.493
155.780,-23.807,0.157,0.213,167.596
155.800,-20.801,0.151,0.213,167.682
155.820,-17.561,0.145,0.213,167.767
155.840,-14.080,0.133,0.213,167.839
155.860,-10.359,0.122,0.213,167.902
155.880,-6.510,0.115,0.213,167.949
155.900,-2.549,0.103,0.213,167.985
155.920,1.395,0.092,0.213,168.007
155.940,5.373,0.080,0.213,168.016
155.960,9.234,0.068,0.213,168.013
155.980,13.014,0.056,0.213,168.001
156.000,16.594,0.043,0.213,167.978
156.020,19.939,0.037,0.213,167.950
156.040,23.016,0.019,0.213,167.915
156.060,25.787,0.015,0.213,167.888
156.080,28.154,0.004,0.213,167.855
156.100,30.158,-0.003,0.213,167.831
156.120,31.734,-0.011,0.213,167.803
156.140,32.889,-0.014,0.213,167.790
156.160,33.574,-0.018,0.213,167.775
156.180,33.797,-0.025,0.213,167.777
156.200,33.562,-0.024,0.213,167.778
156.220,32.871,-0.025,0.213,167.792
156.240,31.717,-0.022,0.213,167.803
156.260,30.117,-0.021,0.213,167.823
156.280,28.131,-0.017,0.213,167.838
156.300,25.740,-0.011,0.213,167.853
156.320,22.957,-0.006,0.213,167.857
156.340,19.887,0.002,0.213,167.861
156.360,16.547,0.008,0.213,167.853
156.380,12.973,0.017,0.213,167.844
156.400,9.217,0.025,0.213,167.819
156.420,5.355,0.038,0.213,167.784
156.440,1.406,0.050,0.213,167.736
156.460,-2.578,0.058,0.213,167.676
156.480,-6.498,0.072,0.213,167.605
156.500,-10.354,0.085,0.213,167.526
156.520,-14.051,0.098,0.213,167.437
156.540,-17.520,0.105,0.213,167.346
156.560,-20.807,0.120,0.213,167.249
156.580,-23.754,0.129,0.213,167.158
156.600,-26.379,0.138,0.213,167.065
156.620,-28.623,0.149,0.213,166.976
156.640,-30.504,0.157,0.213,166.900
156.660,-31.904,0.169,0.213,166.833
156.680,-32.906,0.168,0.213,166.786
156.700,-33.404,0.175,0.213,166.742
156.720,-33.463,0.174,0.213,166.719
156.740,-33.070,0.179,0.213,166.707
156.760,-32.215,0.174,0.213,166.711
156.780,-30.867,0.174,0.213,166.721
156.800,-29.104,0.174,0.213,166.740
156.820,-26.936,0.167,0.213,166.766
156.840,-24.404,0.166,0.213,166.796
156.860,-21.492,0.153,0.213,166.830
156.880,-18.287,0.149,0.213,166.881
156.900,-14.854,0.137,0.213,166.881
156.920,-11.180,0.128,0.213,166.897
156.940,-7.383,0.110,0.213,166.909
156.960,-3.439,0.108,0.213,166.909
156.980,0.533,0.089,0.213,166.905
157.000,4.512,0.086,0.213,166.893
157.020,8.408,0.065,0.213,166.874
157.040,12.176,0.060,0.213,166.854
157.060,15.820,0.045,0.213,166.828
157.080,19.201,0.035,0.213,166.802
157.100,22.348,0.022,0.213,166.780
157.120,25.201,0.013,0.213,166.767
157.140,27.656,0.002,0.213,166.760
157.160,29.748,-0.007,0.213,166.764
157.180,31.406,-0.013,0.213,166.786
157.200,32.672,-0.021,0.213,166.810
157.220,33.451,-0.020,0.213,166.858
157.240,33.785,-0.032,0.213,166.909
157.260,33.662,-0.021,0.213,166.990
157.280,33.070,-0.042,0.222,167.060
157.300,32.004,-0.022,0.222,167.173
157.320,30.516,-0.040,0.222,167.264
157.340,28.617,-0.013,0.222,167.385
157.360,26.303,-0.025,0.222,167.477
157.380,23.602,-0.006,0.222,167.587
157.400,20.619,-0.014,0.222,167.680
157.420,17.338,0.009,0.222,167.783
157.440,13.787,0.004,0.222,167.864
157.460,10.072,0.026,0.222,167.946
157.480,6.229,0.025,0.222,168.009
157.500,2.303,0.045,0.222,168.064
157.520,-1.658,0.048,0.222,168.107
157.540,-5.607,0.066,0.222,168.137
157.560,-9.480,0.074,0.222,168.158
157.580,-13.219,0.090,0.222,168.168
157.600,-16.752,0.103,0.222,168.173
157.620,-20.080,0.114,0.222,168.176
157.640,-23.115,0.127,0.222,168.173
157.660,-25.775,0.131,0.222,168.175
157.680,-28.143,0.144,0.222,168.173
157.700,-30.105,0.149,0.222,168.181
157.720,-31.623,0.157,0.222,168.186
157.740,-32.684,0.163,0.222,168.205
157.760,-33.281,0.167,0.222,168.229
157.780,-33.451,0.171,0.222,168.266
157.800,-33.164,0.173,0.222,168.304
157.820,-32.408,0.173,0.222,168.349
157.840,-31.195,0.173,0.222,168.394
157.860,-29.520,0.170,0.222,168.443
157.880,-27.439,0.162,0.222,168.492
157.900,-24.990,0.163,0.222,168.531
157.920,-22.166,0.149,0.222,168.569
157.940,-19.031,0.150,0.222,168.593
157.960,-15.639,0.131,0.222,168.613
157.980,-12.029,0.133,0.222,168.615
158.000,-8.232,0.112,0.222,168.609
158.020,-4.318,0.109,0.222,168.587
158.040,-0.357,0.091,0.222,168.552
158.060,3.627,0.087,0.222,168.505
158.080,7.523,0.070,0.222,168.445
158.100,11.338,0.062,0.222,168.377
158.120,15.023,0.046,0.222,168.294
158.140,18.475,0.036,0.222,168.210
158.160,21.656,0.025,0.222,168.117
158.180,24.598,0.016,0.222,168.026
158.200,27.129,0.003,0.222,167.936
158.220,29.320,-0.006,0.222,167.858
158.240,31.066,-0.012,0.222,167.783
158.260,32.437,-0.018,0.222,167.722
158.280,33.322,-0.020,0.222,167.658
158.300,33.744,-0.025,0.222,167.612
158.320,33.709,-0.025,0.222,167.567
158.340,33.234,-0.031,0.222,167.540
158.360,32.279,-0.026,0.222,167.520
158.380,30.885,-0.029,0.222,167.503
158.400,29.045,-0.021,0.222,167.501
158.420,26.854,-0.021,0.222,167.494
158.440,24.240,-0.012,0.222,167.490
158.460,21.281,-0.009,0.222,167.485
158.480,18.094,0.003,0.222,167.481
158.500,14.590,0.008,0.222,167.469
158.520,10.910,0.020,0.222,167.452
158.540,7.084,0.029,0.222,167.425
158.560,3.170,0.041,0.222,167.391
158.580,-0.803,0.056,0.222,167.347
158.600,-4.740,0.065,0.222,167.296
158.620,-8.654,0.079,0.222,167.239
158.640,-12.422,0.091,0.222,167.175
158.660,-16.031,0.101,0.222,167.110
158.680,-19.395,0.112,0.222,167.042
158.700,-22.488,0.125,0.222,166.976
158.720,-25.271,0.137,0.222,166.915
158.740,-27.680,0.142,0.222,166.861
158.760,-29.754,0.149,0.222,166.818
158.780,-31.371,0.164,0.222,166.780
158.800,-32.537,0.164,0.222,166.769
158.820,-33.252,0.176,0.222,166.760
158.840,-33.469,0.172,0.222,166.780
158.860,-33.311,0.179,0.222,166.802
158.880,-32.678,0.178,0.222,166.843
158.900,-31.547,0.178,0.222,166.896
158.920,-29.959,0.175,0.222,166.958
158.940,-27.961,0.170,0.222,167.028
158.960,-25.605,0.166,0.222,167.099
158.980,-22.857,0.162,0.222,167.173
159.000,-19.775,0.149,0.222,167.246
159.020,-16.418,0.145,0.222,167.308
159.040,-12.867,0.135,0.222,167.369
159.060,-9.111,0.126,0.222,167.420
159.080,-5.215,0.112,0.222,167.461
159.100,-1.254,0.101,0.222,167.492
159.120,2.713,0.090,0.222,167.512
159.140,6.656,0.073,0.222,167.524
159.160,10.482,0.066,0.222,167.529
159.180,14.221,0.055,0.222,167.526
159.200,17.725,0.041,0.222,167.518
159.220,20.982,0.029,0.222,167.510
159.240,23.965,0.020,0.222,167.508
159.260,26.596,0.015,0.222,167.503
159.280,28.863,0.007,0.222,167.500
159.300,30.721,-0.007,0.222,167.498
159.320,32.180,-0.010,0.222,167.517
159.340,33.164,-0.020,0.222,167.533
159.360,33.691,-0.018,0.222,167.567
159.380,33.773,-0.025,0.222,167.606
159.400,33.387,-0.024,0.222,167.656
159.420,32.525,-0.025,0.222,167.713
159.440,31.242,-0.021,0.222,167.769
159.460,29.490,-0.022,0.222,167.828
159.480,27.398,-0.015,0.222,167.888
159.500,24.855,-0.013,0.222,167.943
159.520,21.996,-0.001,0.222,167.988
159.540,18.832,-0.000,0.222,168.030
159.560,15.404,0.012,0.222,168.062
159.580,11.754,0.017,0.222,168.085
159.600,7.969,0.032,0.222,168.093
159.620,4.061,0.041,0.222,168.089
159.640,0.111,0.048,0.222,168.072
159.660,-3.861,0.063,0.222,168.040
159.680,-7.752,0.070,0.222,167.997
159.700,-11.572,0.088,0.222,167.940
159.720,-15.199,0.099,0.222,167.878
159.740,-18.621,0.108,0.222,167.810
159.760,-21.797,0.119,0.222,167.735
159.780,-24.645,0.131,0.222,167.660
159.800,-27.146,0.138,0.222,167.580
159.820,-29.285,0.145,0.222,167.512
159.840,-31.020,0.155,0.222,167.430
159.860,-32.273,0.162,0.222,167.386
159.880,-33.094,0.168,0.222,167.326
159.900,-33.439,0.170,0.222,167.306
159.920,-33.357,0.173,0.222,167.259
159.940,-32.830,0.173,0.222,167.245
159.960,-31.799,0.174,0.222,167.219
159.980,-30.311,0.170,0.222,167.222
160.000,-28.418,0.172,0.222,167.208
160.020,-26.115,0.161,0.222,167.218
160.040,-23.479,0.158,0.222,167.208
160.060,-20.473,0.146,0.222,167.209
160.080,-17.174,0.143,0.222,167.193
160.100,-13.670,0.131,0.222,167.180
160.120,-9.937,0.124,0.222,167.153
160.140,-6.076,0.108,0.222,167.119
160.160,-2.133,0.103,0.222,167.073
160.180,1.857,0.085,0.222,167.018
160.200,5.801,0.074,0.222,166.955
160.220,9.662,0.062,0.222,166.886
160.240,13.400,0.056,0.222,166.809
160.260,16.951,0.041,0.222,166.728
160.280,20.279,0.025,0.222,166.646
160.300,23.314,0.020,0.222,166.571
160.320,26.051,0.005,0.222,166.496
160.340,28.389,0.002,0.222,166.435
160.360,30.352,-0.013,0.222,166.379
160.380,31.875,-0.016,0.222,166.345
160.400,32.982,-0.025,0.222,166.319
160.420,33.621,-0.024,0.222,166.315
160.440,33.809,-0.029,0.222,166.320
160.460,33.516,-0.027,0.222,166.336
160.480,32.754,-0.033,0.222,166.370
160.500,31.570,-0.027,0.222,166.413
160.520,29.906,-0.030,0.222,166.472
160.540,27.896,-0.021,0.222,166.530
160.560,25.465,-0.017,0.222,166.600
160.580,22.646,-0.012,0.222,166.661
160.600,19.559,-0.004,0.222,166.730
160.620,16.189,-0.000,0.222,166.789
160.640,12.586,0.017,0.222,166.851
160.660,8.818,0.021,0.222,166.897
160.680,4.945,0.037,0.221,166.940
160.700,0.984,0.041,0.221,166.972
160.720,-2.977,0.059,0.221,166.995
160.740,-6.896,0.068,0.221,167.012
160.760,-10.723,0.085,0.221,167.021
160.780,-14.426,0.092,0.221,167.029
160.800,-17.895,0.107,0.221,167.033
160.820,-21.117,0.112,0.221,167.039
160.840,-24.041,0.133,0.221,167.042
160.860,-26.607,0.134,0.221,167.058
160.880,-28.857,0.148,0.221,167.072
160.900,-30.674,0.153,0.221,167.099
160.920,-32.045,0.157,0.221,167.139
160.940,-32.965,0.164,0.221,167.179
160.960,-33.404,0.163,0.221,167.241
160.980,-33.439,0.175,0.221,167.299
161.000,-33.000,0.171,0.221,167.386
161.020,-32.086,0.176,0.221,167.467
161.040,-30.703,0.165,0.221,167.567
161.060,-28.893,0.174,0.221,167.649
161.080,-26.719,0.161,0.221,167.753
161.100,-24.135,0.164,0.221,167.838
161.120,-21.187,0.145,0.221,167.928
161.140,-17.959,0.149,0.221,167.997
161.160,-14.490,0.131,0.221,168.062
161.180,-10.816,0.132,0.221,168.112
161.200,-6.973,0.111,0.221,168.152
161.220,-3.047,0.107,0.221,168.175
161.240,0.937,0.091,0.221,168.185
161.260,4.904,0.084,0.221,168.182
161.280,8.789,0.070,0.221,168.166
161.300,12.574,0.061,0.221,168.140
161.320,16.160,0.048,0.221,168.102
161.340,19.553,0.036,0.221,168.055
161.360,22.652,0.023,0.221,168.012
161.380,25.471,0.016,0.221,167.963
161.400,27.902,0.006,0.221,167.919
161.420,29.947,-0.004,0.221,167.871
161.440,31.570,-0.008,0.221,167.836
161.460,32.777,-0.016,0.221,167.801
161.480,33.510,-0.017,0.221,167.779
161.500,33.797,-0.027,0.221,167.758
161.520,33.621,-0.025,0.221,167.750
161.540,32.965,-0.027,0.221,167.745
161.560,31.869,-0.025,0.221,167.751
161.580,30.316,-0.024,0.221,167.750
161.600,28.395,-0.021,0.221,167.758
161.620,26.033,-0.012,0.221,167.766
161.640,23.309,-0.009,0.221,167.766
161.660,20.279,-0.000,0.221,167.761
161.680,16.963,0.006,0.221,167.749
161.700,13.400,0.013,0.221,167.729
161.720,9.680,0.027,0.221,167.698
161.740,5.807,0.038,0.221,167.656
161.760,1.863,0.046,0.221,167.604
161.780,-2.104,0.059,0.221,167.541
161.800,-6.023,0.067,0.221,167.468
161.820,-9.914,0.088,0.221,167.385
161.840,-13.617,0.091,0.221,167.297
161.860,-17.150,0.108,0.221,167.198
161.880,-20.426,0.118,0.221,167.105
161.900,-23.432,0.131,0.221,167.008
161.920,-26.086,0.139,0.221,166.923
161.940,-28.406,0.149,0.221,166.836
161.960,-30.322,0.155,0.221,166.764
161.980,-31.787,0.166,0.221,166.698
162.000,-32.807,0.170,0.221,166.653
162.020,-33.346,0.175,0.221,166.614
162.040,-33.463,0.174,0.221,166.599
162.060,-33.129,0.180,0.222,166.587
162.080,-32.338,0.178,0.222,166.600
162.100,-31.061,0.174,0.222,166.613
162.120,-29.332,0.178,0.222,166.641
162.140,-27.193,0.168,0.222,166.677
162.160,-24.721,0.167,0.222,166.716
162.180,-21.873,0.155,0.222,166.756
162.200,-18.680,0.151,0.222,166.791
162.220,-15.275,0.139,0.222,166.828
162.240,-11.643,0.132,0.222,166.855
162.260,-7.828,0.112,0.222,166.878
162.280,-3.908,0.108,0.220,166.889
162.300,0.053,0.091,0.220,166.893
162.320,4.043,0.088,0.214,166.891
162.340,7.939,0.066,0.214,166.881
162.360,11.736,0.063,0.214,166.870
162.380,15.393,0.046,0.214,166.850
162.400,18.826,0.037,0.214,166.831
162.420,21.996,0.025,0.214,166.815
162.440,24.891,0.015,0.214,166.804
162.460,27.381,0.008,0.214,166.802
162.480,29.525,-0.005,0.214,166.805
162.500,31.242,-0.011,0.214,166.825
162.520,32.531,-0.018,0.214,166.855
162.540,33.381,-0.023,0.214,166.901
162.560,33.785,-0.023,0.214,166.958
162.580,33.691,-0.025,0.214,167.030
162.600,33.152,-0.029,0.214,167.105
162.620,32.150,-0.027,0.214,167.197
162.640,30.709,-0.027,0.214,167.287
162.660,28.846,-0.023,0.214,167.389
162.680,26.596,-0.021,0.214,167.488
162.700,23.953,-0.014,0.214,167.591
162.720,20.977,-0.005,0.214,167.683
162.740,17.748,0.000,0.214,167.771
162.760,14.221,0.011,0.214,167.848
162.780,10.541,0.016,0.214,167.914
162.800,6.697,0.033,0.214,167.970
162.820,2.760,0.041,0.214,168.013
162.840,-1.201,0.051,0.214,168.043
162.860,-5.139,0.062,0.214,168.061
162.880,-9.035,0.074,0.214,168.067
162.900,-12.773,0.086,0.214,168.064
162.920,-16.342,0.099,0.214,168.050
162.940,-19.705,0.108,0.214,168.037
162.960,-22.758,0.123,0.214,168.014
162.980,-25.500,0.132,0.214,167.999
163.000,-27.896,0.142,0.214,167.978
163.020,-29.895,0.149,0.214,167.964
163.040,-31.471,0.159,0.214,167.948
163.060,-32.578,0.162,0.214,167.952
163.080,-33.240,0.169,0.214,167.951
163.100,-33.469,0.172,0.214,167.969
163.120,-33.205,0.173,0.214,167.985
163.140,-32.543,0.174,0.214,168.008
163.160,-31.365,0.172,0.214,168.036
163.180,-29.725,0.171,0.214,168.064
163.200,-27.715,0.166,0.214,168.101
163.220,-25.289,0.162,0.214,168.123
163.240,-22.523,0.153,0.214,168.149
163.260,-19.406,0.149,0.214,168.159
163.280,-16.043,0.134,0.214,168.170
163.300,-12.463,0.132,0.214,168.161
163.320,-8.666,0.117,0.214,168.146
163.340,-4.793,0.110,0.214,168.115
163.360,-0.820,0.093,0.214,168.073
163.380,3.146,0.086,0.214,168.019
163.400,7.078,0.073,0.214,167.951
163.420,10.898,0.058,0.214,167.878
163.440,14.602,0.052,0.214,167.793
163.460,18.070,0.040,0.214,167.703
163.480,21.305,0.024,0.214,167.607
163.500,24.264,0.016,0.214,167.512
163.520,26.854,0.004,0.214,167.419
163.540,29.080,-0.004,0.214,167.327
163.560,30.879,-0.011,0.214,167.254
163.580,32.297,-0.017,0.214,167.182
163.600,33.234,-0.021,0.214,167.128
163.620,33.732,-0.029,0.214,167.068
163.640,33.750,-0.027,0.214,167.046
163.660,33.316,-0.033,0.214,167.015
163.680,32.426,-0.032,0.214,167.015
163.700,31.078,-0.028,0.214,167.005
163.720,29.291,-0.029,0.214,167.014
163.740,27.146,-0.016,0.214,167.021
163.760,24.568,-0.014,0.214,167.033
163.780,21.662,-0.008,0.214,167.038
163.800,18.480,-0.002,0.214,167.047
163.820,15.018,0.008,0.214,167.051
163.840,11.350,0.021,0.214,167.050
163.860,7.553,0.029,0.214,167.038
163.880,3.633,0.039,0.214,167.020
163.900,-0.340,0.054,0.214,166.994
163.920,-4.295,0.060,0.214,166.959
163.940,-8.203,0.079,0.214,166.916
163.960,-11.977,0.087,0.214,166.870
163.980,-15.609,0.103,0.214,166.818
164.000,-19.008,0.111,0.214,166.770
164.020,-22.137,0.123,0.214,166.718
164.040,-24.949,0.137,0.214,166.673
164.060,-27.416,0.141,0.214,166.637
164.080,-29.508,0.149,0.214,166.611
164.100,-31.207,0.157,0.214,166.592
164.120,-32.426,0.160,0.214,166.589
164.140,-33.176,0.174,0.214,166.593
164.160,-33.463,0.173,0.214,166.628
164.180,-33.352,0.176,0.214,166.671
164.200,-32.766,0.179,0.214,166.721
164.220,-31.699,0.174,0.214,166.791
164.240,-30.182,0.174,0.214,166.860
164.260,-28.219,0.171,0.214,166.940
164.280,-25.904,0.168,0.214,167.026
164.300,-23.197,0.159,0.214,167.109
164.320,-20.162,0.151,0.214,167.186
164.340,-16.846,0.145,0.214,167.259
164.360,-13.324,0.136,0.214,167.326
164.380,-9.568,0.126,0.214,167.385
164.400,-5.689,0.116,0.214,167.430
164.420,-1.729,0.101,0.214,167.466
164.440,2.238,0.091,0.214,167.490
164.460,6.199,0.079,0.214,167.504
164.480,10.049,0.067,0.214,167.509
164.500,13.781,0.057,0.214,167.507
164.520,17.320,0.045,0.214,167.497
164.540,20.590,0.032,0.214,167.483
164.560,23.631,0.022,0.214,167.473
164.580,26.309,0.013,0.214,167.463
164.600,28.605,0.002,0.214,167.456
164.620,30.510,-0.004,0.214,167.454
164.640,32.021,-0.010,0.214,167.462
164.660,33.059,-0.015,0.214,167.475
164.680,33.656,-0.021,0.214,167.491
164.700,33.791,-0.025,0.214,167.527
164.720,33.463,-0.025,0.214,167.566
164.740,32.660,-0.026,0.214,167.614
164.760,31.418,-0.024,0.214,167.661
164.780,29.725,-0.024,0.214,167.713
164.800,27.668,-0.018,0.214,167.765
164.820,25.178,-0.010,0.214,167.815
164.840,22.354,-0.006,0.214,167.847
164.860,19.230,0.001,0.214,167.882
164.880,15.820,0.012,0.214,167.903
164.900,12.211,0.016,0.214,167.918
164.920,8.426,0.029,0.214,167.919
164.940,4.529,0.038,0.214,167.909
164.960,0.580,0.050,0.214,167.885
164.980,-3.404,0.062,0.214,167.848
165.000,-7.307,0.072,0.214,167.799
165.020,-11.133,0.087,0.214,167.738
165.040,-14.789,0.098,0.214,167.669
165.060,-18.252,0.108,0.214,167.595
165.080,-21.457,0.120,0.214,167.515
165.100,-24.328,0.130,0.214,167.437
165.120,-26.871,0.141,0.214,167.359
165.140,-29.057,0.149,0.214,167.282
165.160,-30.844,0.156,0.214,167.211
165.180,-32.168,0.166,0.214,167.151
165.200,-33.041,0.168,0.214,167.104
165.220,-33.422,0.174,0.214,167.065
165.240,-33.381,0.172,0.214,167.041
165.260,-32.912,0.174,0.214,167.022
165.280,-31.945,0.175,0.214,167.013
165.300,-30.510,0.174,0.214,167.011
165.320,-28.670,0.170,0.214,167.018
165.340,-26.408,0.166,0.214,167.025
165.360,-23.807,0.161,0.214,167.038
165.380,-20.848,0.152,0.214,167.043
165.400,-17.578,0.146,0.214,167.045
165.420,-14.092,0.132,0.214,167.043
165.440,-10.371,0.122,0.214,167.031
165.460,-6.539,0.108,0.214,167.010
165.480,-2.596,0.101,0.214,166.979
165.500,1.383,0.086,0.214,166.940
165.520,5.326,0.079,0.214,166.892
165.540,9.205,0.062,0.214,166.838
165.560,12.961,0.054,0.214,166.780
165.580,16.553,0.041,0.214,166.717
165.600,19.904,0.030,0.214,166.654
165.620,22.969,0.021,0.214,166.595
165.640,25.752,0.012,0.214,166.538
165.660,28.119,0.002,0.214,166.490
165.680,30.141,-0.010,0.214,166.453
165.700,31.717,-0.016,0.214,166.433
165.720,32.877,-0.021,0.214,166.425
165.740,33.562,-0.023,0.214,166.431
165.760,33.797,-0.029,0.214,166.451
165.780,33.568,-0.029,0.214,166.487
165.800,32.883,-0.030,0.214,166.538
165.820,31.723,-0.027,0.214,166.595
165.840,30.123,-0.028,0.214,166.664
165.860,28.154,-0.023,0.214,166.736
165.880,25.764,-0.018,0.214,166.817
165.900,23.010,-0.013,0.214,166.895
165.920,19.934,-0.002,0.214,166.976
165.940,16.605,-0.000,0.214,167.044
165.960,13.025,0.016,0.214,167.114
165.980,9.281,0.018,0.214,167.171
166.000,5.408,0.035,0.214,167.221
166.020,1.477,0.043,0.214,167.261
166.040,-2.496,0.056,0.214,167.291
166.060,-6.422,0.066,0.214,167.313
166.080,-10.301,0.079,0.214,167.326
166.100,-13.998,0.091,0.214,167.334
166.120,-17.479,0.102,0.214,167.338
166.140,-20.742,0.116,0.214,167.340
166.160,-23.701,0.124,0.214,167.345
166.180,-26.326,0.137,0.214,167.348
166.200,-28.605,0.144,0.214,167.365
166.220,-30.469,0.152,0.214,167.382
166.240,-31.898,0.155,0.214,167.415
166.260,-32.900,0.166,0.214,167.451
166.280,-33.369,0.166,0.214,167.502
166.300,-33.457,0.176,0.214,167.560
166.320,-33.064,0.174,0.214,167.626
166.340,-32.227,0.177,0.214,167.699
166.360,-30.902,0.169,0.214,167.780
166.380,-29.145,0.174,0.214,167.857
166.400,-26.988,0.160,0.214,167.942
166.420,-24.445,0.166,0.214,168.008
166.440,-21.557,0.149,0.214,168.083
166.460,-18.357,0.150,0.214,168.140
166.480,-14.924,0.132,0.214,168.192
166.500,-11.256,0.134,0.214,168.229
166.520,-7.436,0.112,0.214,168.255
166.540,-3.510,0.107,0.214,168.265
166.560,0.463,0.091,0.214,168.262
166.580,4.447,0.083,0.214,168.246
166.600,8.338,0.069,0.214,168.217
166.620,12.129,0.059,0.214,168.180
166.640,15.756,0.050,0.214,168.130
166.660,19.172,0.037,0.214,168.071
166.680,22.295,0.026,0.214,168.009
166.700,25.166,0.012,0.214,167.941
166.720,27.621,0.007,0.214,167.888
166.740,29.713,-0.006,0.214,167.829
166.760,31.400,-0.009,0.214,167.781
166.780,32.666,-0.023,0.214,167.738
166.800,33.457,-0.017,0.214,167.708
166.820,33.803,-0.029,0.214,167.673
166.840,33.662,-0.021,0.214,167.662
166.860,33.076,-0.029,0.214,167.644
166.880,32.027,-0.025,0.214,167.640
166.900,30.521,-0.026,0.214,167.635
166.920,28.641,-0.020,0.214,167.641
166.940,26.344,-0.009,0.214,167.642
166.960,23.637,-0.009,0.214,167.637
166.980,20.654,-0.000,0.214,167.634
167.000,17.367,0.004,0.214,167.621
167.020,13.828,0.018,0.214,167.604
167.040,10.119,0.022,0.214,167.575
167.060,6.275,0.038,0.213,167.539
167.080,2.332,0.045,0.213,167.492
167.100,-1.623,0.061,0.213,167.434
167.120,-5.578,0.065,0.213,167.368
167.140,-9.463,0.088,0.213,167.291
167.160,-13.184,0.094,0.213,167.212
167.180,-16.734,0.108,0.213,167.127
167.200,-20.057,0.116,0.213,167.041
167.220,-23.098,0.131,0.213,166.953
167.240,-25.799,0.138,0.213,166.873
167.260,-28.137,0.148,0.213,166.798
167.280,-30.117,0.161,0.213,166.736
167.300,-31.635,0.165,0.213,166.690
167.320,-32.707,0.170,0.213,166.655
167.340,-33.316,0.174,0.213,166.632
167.360,-33.469,0.174,0.213,166.628
167.380,-33.187,0.178,0.213,166.632
167.400,-32.461,0.176,0.213,166.649
167.420,-31.219,0.174,0.213,166.678
167.440,-29.561,0.175,0.213,166.715
167.460,-27.463,0.169,0.213,166.762
167.480,-25.031,0.170,0.213,166.817
167.500,-22.225,0.155,0.213,166.876
167.520,-19.084,0.152,0.213,166.927
167.540,-15.691,0.138,0.213,166.978
167.560,-12.076,0.132,0.213,167.019
167.580,-8.291,0.121,0.213,167.057
167.600,-4.377,0.111,0.213,167.085
167.620,-0.410,0.095,0.213,167.106
167.640,3.568,0.090,0.213,167.119
167.660,7.477,0.071,0.213,167.124
167.680,11.297,0.062,0.213,167.125
167.700,14.971,0.049,0.213,167.122
167.720,18.428,0.039,0.213,167.119
167.740,21.627,0.029,0.213,167.115
167.760,24.557,0.016,0.213,167.117
167.780,27.100,0.011,0.213,167.126
167.800,29.291,-0.002,0.213,167.141
167.820,31.055,-0.006,0.213,167.165
167.840,32.426,-0.016,0.213,167.197
167.860,33.305,-0.017,0.213,167.248
167.880,33.750,-0.023,0.213,167.307
167.900,33.721,-0.025,0.213,167.379
167.920,33.252,-0.029,0.213,167.463
167.940,32.285,-0.025,0.213,167.560
167.960,30.902,-0.029,0.213,167.654
167.980,29.092,-0.024,0.213,167.762
168.000,26.895,-0.021,0.213,167.860
168.020,24.275,-0.012,0.213,167.958
168.040,21.346,-0.009,0.213,168.043
168.060,18.141,-0.000,0.213,168.129
168.080,14.637,0.011,0.213,168.202
168.100,10.986,0.019,0.213,168.266
168.120,7.160,0.029,0.213,168.316
168.140,3.246,0.037,0.213,168.354
168.160,-0.727,0.049,0.213,168.379
168.180,-4.682,0.063,0.213,168.391
168.200,-8.578,0.073,0.213,168.391
168.220,-12.352,0.087,0.213,168.378
168.240,-15.937,0.100,0.213,168.359
168.260,-19.312,0.108,0.213,168.336
168.280,-22.447,0.125,0.213,168.305
168.300,-25.195,0.128,0.213,168.278
168.320,-27.615,0.145,0.213,168.240
168.340,-29.666,0.146,0.213,168.219
168.360,-31.330,0.157,0.213,168.191
168.380,-32.484,0.161,0.213,168.174
168.400,-33.211,0.169,0.213,168.157
168.420,-33.463,0.173,0.213,168.156
168.440,-33.264,0.173,0.213,168.162
168.460,-32.654,0.174,0.213,168.170
168.480,-31.535,0.176,0.213,168.186
168.500,-29.930,0.174,0.213,168.202
168.520,-27.949,0.166,0.213,168.233
168.540,-25.582,0.161,0.213,168.233
168.560,-22.881,0.155,0.213,168.247
168.580,-19.770,0.152,0.213,168.248
168.600,-16.441,0.136,0.213,168.246
168.620,-12.896,0.132,0.213,168.228
168.640,-9.129,0.116,0.213,168.203
168.660,-5.256,0.109,0.211,168.163
168.680,-1.289,0.095,0.209,168.112
168.700,2.684,0.085,0.209,168.049
168.720,6.621,0.073,0.209,167.975
168.740,10.459,0.060,0.209,167.890
168.760,14.162,0.048,0.209,167.800
168.780,17.684,0.037,0.209,167.704
168.800,20.941,0.025,0.209,167.604
168.820,23.924,0.017,0.209,167.501
168.840,26.566,0.006,0.209,167.404
168.860,28.834,-0.001,0.209,167.309
168.880,30.697,-0.009,0.209,167.229
168.900,32.150,-0.015,0.209,167.155
168.920,33.141,-0.021,0.209,167.095
168.940,33.686,-0.027,0.209,167.040
168.960,33.773,-0.025,0.209,167.012
168.980,33.387,-0.028,0.209,166.975
169.000,32.537,-0.029,0.209,166.968
169.020,31.254,-0.029,0.209,166.957
169.040,29.531,-0.028,0.209,166.970
169.060,27.422,-0.018,0.209,166.978
169.080,24.891,-0.013,0.209,166.996
169.100,22.031,-0.010,0.209,167.002
169.120,18.873,0.001,0.209,167.016
169.140,15.439,0.005,0.209,167.021
169.160,11.807,0.020,0.209,167.025
169.180,8.010,0.026,0.209,167.018
169.200,4.096,0.039,0.209,167.006
169.220,0.152,0.050,0.209,166.986
169.240,-3.826,0.059,0.209,166.957
169.260,-7.746,0.076,0.209,166.921
169.280,-11.549,0.083,0.209,166.883
169.300,-15.193,0.100,0.209,166.837
169.320,-18.598,0.110,0.209,166.797
169.340,-21.791,0.120,0.209,166.753
169.360,-24.645,0.132,0.209,166.722
169.380,-27.135,0.140,0.209,166.686
169.400,-29.303,0.149,0.209,166.671
169.420,-31.020,0.158,0.209,166.652
169.440,-32.309,0.164,0.209,166.660
169.460,-33.141,0.169,0.209,166.677
169.480,-33.439,0.175,0.209,166.713
169.500,-33.398,0.178,0.209,166.762
169.520,-32.871,0.178,0.209,166.816
169.540,-31.863,0.178,0.209,166.887
169.560,-30.375,0.175,0.209,166.967
169.580,-28.477,0.171,0.209,167.054
169.600,-26.209,0.167,0.209,167.138
169.620,-23.549,0.162,0.209,167.228
169.640,-20.549,0.153,0.209,167.311
169.660,-17.279,0.146,0.209,167.389
169.680,-13.752,0.135,0.209,167.458
169.700,-10.014,0.132,0.209,167.521
169.720,-6.129,0.112,0.209,167.571
169.740,-2.197,0.106,0.209,167.609
169.760,1.787,0.093,0.209,167.636
169.780,5.742,0.086,0.209,167.653
169.800,9.586,0.066,0.209,167.659
169.820,13.354,0.058,0.209,167.659
169.840,16.904,0.045,0.209,167.651
169.860,20.232,0.039,0.209,167.644
169.880,23.285,0.021,0.209,167.628
169.900,26.010,0.017,0.209,167.619
169.920,28.354,0.005,0.209,167.606
169.940,30.311,-0.000,0.209,167.597
169.960,31.863,-0.011,0.209,167.596
169.980,32.953,-0.015,0.209,167.604
170.000,33.609,-0.018,0.209,167.615
170.020,33.791,-0.025,0.209,167.639
170.040,33.521,-0.023,0.209,167.672
170.060,32.760,-0.022,0.209,167.714
170.080,31.588,-0.025,0.209,167.748
170.100,29.953,-0.022,0.209,167.794
170.120,27.932,-0.018,0.209,167.834
170.140,25.482,-0.013,0.209,167.875
170.160,22.693,-0.009,0.209,167.909
170.180,19.594,0.004,0.209,167.939
170.200,16.230,0.011,0.209,167.952
170.220,12.627,0.016,0.209,167.960
170.240,8.865,0.033,0.209,167.954
170.260,4.992,0.036,0.209,167.934
170.280,1.025,0.052,0.209,167.903
170.300,-2.941,0.061,0.209,167.858
170.320,-6.855,0.074,0.209,167.800
170.340,-10.699,0.086,0.209,167.733
170.360,-14.361,0.100,0.209,167.655
170.380,-17.848,0.109,0.209,167.574
170.400,-21.094,0.120,0.209,167.484
170.420,-24.006,0.129,0.209,167.396
170.440,-26.590,0.141,0.209,167.304
170.460,-28.805,0.147,0.209,167.220
170.480,-30.662,0.156,0.209,167.139
170.500,-32.027,0.166,0.209,167.072
170.520,-32.953,0.166,0.209,167.015
170.540,-33.387,0.175,0.209,166.971
170.560,-33.422,0.172,0.209,166.941
170.580,-33.006,0.178,0.209,166.916
170.600,-32.086,0.174,0.209,166.903
170.620,-30.715,0.174,0.209,166.896
170.640,-28.904,0.173,0.209,166.899
170.660,-26.684,0.166,0.209,166.904
170.680,-24.141,0.161,0.209,166.910
170.700,-21.217,0.155,0.209,166.915
170.720,-17.982,0.142,0.209,166.921
170.740,-14.525,0.134,0.209,166.916
170.760,-10.834,0.122,0.209,166.904
170.780,-7.008,0.117,0.209,166.884
170.800,-3.070,0.103,0.208,166.857
170.820,0.908,0.090,0.208,166.821
170.840,4.869,0.080,0.208,166.778
170.860,8.754,0.066,0.208,166.728
170.880,12.533,0.057,0.208,166.672
170.900,16.143,0.043,0.208,166.616
170.920,19.506,0.030,0.208,166.557
170.940,22.617,0.020,0.208,166.504
170.960,25.441,0.012,0.208,166.455
170.980,27.867,0.001,0.208,166.414
171.000,29.912,-0.004,0.208,166.389
171.020,31.547,-0.012,0.208,166.370
171.040,32.754,-0.017,0.208,166.368
171.060,33.516,-0.025,0.208,166.383
171.080,33.803,-0.029,0.208,166.419
171.100,33.621,-0.031,0.209,166.465
171.120,32.971,-0.030,0.209,166.526
171.140,31.887,-0.030,0.209,166.596
171.160,30.352,-0.030,0.209,166.769
171.180,28.418,-0.025,0.209,166.769
171.200,26.080,-0.017,0.209,166.865
171.220,23.361,-0.013,0.209,166.950
171.240,20.326,-0.007,0.209,167.040
171.260,17.021,0.000,0.209,167.125
171.280,13.447,0.012,0.209,167.205
171.300,9.732,0.020,0.209,167.276
171.320,5.871,0.030,0.209,167.339
171.340,1.934,0.041,0.209,167.391
171.360,-2.033,0.053,0.209,167.434
171.380,-5.977,0.068,0.209,167.468
171.400,-9.838,0.080,0.209,167.494
171.420,-13.564,0.092,0.209,167.515
171.440,-17.080,0.104,0.209,167.545
171.460,-20.385,0.112,0.209,167.545
171.480,-23.391,0.124,0.209,167.556
171.500,-26.033,0.132,0.209,167.571
171.520,-28.359,0.147,0.209,167.591
171.540,-30.281,0.149,0.209,167.618
171.560,-31.770,0.159,0.209,167.648
171.580,-32.801,0.163,0.209,167.691
171.600,-33.316,0.170,0.209,167.745
171.620,-33.457,0.173,0.209,167.812
171.640,-33.129,0.172,0.209,167.878
171.660,-32.344,0.178,0.209,168.034
171.680,-31.066,0.167,0.209,168.034
171.700,-29.355,0.176,0.209,168.103
171.720,-27.240,0.157,0.209,168.193
171.740,-24.738,0.166,0.209,168.253
171.760,-21.902,0.147,0.209,168.328
171.780,-18.750,0.153,0.209,168.381
171.800,-15.322,0.130,0.209,168.433
171.820,-11.689,0.128,0.209,168.465
171.840,-7.881,0.115,0.209,168.486
171.860,-3.967,0.106,0.209,168.493
171.880,0.006,0.095,0.209,168.485
171.900,3.979,0.079,0.209,168.464
171.920,7.875,0.076,0.209,168.431
171.940,11.695,0.055,0.209,168.383
171.960,15.346,0.055,0.209,168.330
171.980,18.773,0.028,0.209,168.260
172.000,21.943,0.030,0.209,168.201
172.020,24.844,0.008,0.209,168.126
172.040,27.340,0.012,0.209,168.065
172.060,29.479,-0.005,0.209,167.994
172.080,31.219,-0.004,0.209,167.939
172.100,32.525,-0.021,0.209,167.878
172.120,33.381,-0.013,0.209,167.842
172.140,33.779,-0.024,0.209,167.794
172.160,33.691,-0.021,0.209,167.764
172.180,33.164,-0.028,0.209,167.736
172.200,32.180,-0.026,0.209,167.724
172.220,30.721,-0.020,0.209,167.713
172.240,28.881,-0.026,0.209,167.702
172.260,26.637,-0.009,0.209,167.701
172.280,23.965,-0.017,0.209,167.692
172.300,21.018,0.007,0.209,167.686
172.320,17.771,-0.002,0.209,167.664
172.340,14.256,0.023,0.209,167.647
172.360,10.559,0.014,0.209,167.616
172.380,6.732,0.044,0.209,167.579
172.400,2.812,0.039,0.209,167.529
172.420,-1.172,0.063,0.209,167.471
172.440,-5.109,0.058,0.209,167.404
172.460,-9.012,0.085,0.209,167.327
172.480,-12.756,0.087,0.209,167.247
172.500,-16.324,0.108,0.209,167.159
172.520,-19.687,0.116,0.209,167.074
172.540,-22.764,0.128,0.209,166.991
172.560,-25.482,0.136,0.209,166.912
172.580,-27.867,0.145,0.209,166.837
172.600,-29.918,0.160,0.209,166.775
172.620,-31.471,0.158,0.209,166.731
172.640,-32.596,0.172,0.209,166.687
172.660,-33.281,0.169,0.209,166.674
172.680,-33.475,0.181,0.212,166.665
172.700,-33.258,0.171,0.212,166.684
172.720,-32.566,0.185,0.216,166.699
172.740,-31.412,0.171,0.216,166.750
172.760,-29.777,0.183,0.216,166.785
172.780,-27.738,0.165,0.216,166.848
172.800,-25.348,0.178,0.216,166.903
172.820,-22.553,0.152,0.216,166.971
172.840,-19.477,0.159,0.216,167.027
172.860,-16.125,0.139,0.216,167.087
172.880,-12.533,0.138,0.216,167.135
172.900,-8.730,0.121,0.216,167.180
172.920,-4.840,0.116,0.216,167.215
172.940,-0.891,0.098,0.216,167.242
172.960,3.094,0.091,0.216,167.261
172.980,7.020,0.078,0.216,167.272
173.000,10.840,0.063,0.216,167.277
173.020,14.549,0.053,0.216,167.280
173.040,18.035,0.040,0.216,167.277
173.060,21.258,0.032,0.216,167.277
173.080,24.246,0.016,0.216,167.281
173.100,26.824,0.013,0.216,167.290
173.120,29.051,-0.005,0.216,167.304
173.140,30.873,-0.000,0.216,167.333
173.160,32.279,-0.018,0.216,167.361
173.180,33.229,-0.017,0.216,167.411
173.200,33.727,-0.028,0.216,167.466
173.220,33.738,-0.026,0.216,167.544
173.240,33.328,-0.026,0.216,167.622
173.260,32.432,-0.024,0.216,167.705
173.280,31.090,-0.028,0.216,167.793
173.300,29.326,-0.025,0.216,167.884
173.320,27.187,-0.018,0.216,167.975
173.340,24.598,-0.017,0.216,168.059
173.360,21.709,-0.004,0.216,168.148
173.380,18.527,-0.007,0.216,168.220
173.400,15.059,0.016,0.216,168.288
173.420,11.408,0.012,0.216,168.338
173.440,7.623,0.035,0.216,168.380
173.460,3.703,0.030,0.216,168.405
173.480,-0.264,0.056,0.216,168.418
173.500,-4.213,0.060,0.216,168.419
173.520,-8.121,0.079,0.216,168.405
173.540,-11.924,0.083,0.216,168.383
173.560,-15.516,0.103,0.216,168.347
173.580,-18.943,0.105,0.216,168.309
173.600,-22.072,0.124,0.216,168.258
173.620,-24.896,0.127,0.216,168.212
173.640,-27.346,0.145,0.216,168.161
173.660,-29.437,0.143,0.216,168.123
173.680,-31.160,0.157,0.216,168.077
173.700,-32.373,0.164,0.216,168.044
173.720,-33.129,0.165,0.216,168.019
173.740,-33.457,0.173,0.216,167.999
173.760,-33.311,0.170,0.216,167.991
173.780,-32.748,0.177,0.216,167.976
173.800,-31.687,0.170,0.216,167.977
173.820,-30.141,0.173,0.216,167.975
173.840,-28.230,0.165,0.216,167.979
173.860,-25.875,0.166,0.216,167.979
173.880,-23.209,0.153,0.216,167.982
173.900,-20.168,0.151,0.216,167.972
173.920,-16.863,0.136,0.216,167.960
173.940,-13.336,0.135,0.216,167.933
173.960,-9.580,0.116,0.216,167.898
173.980,-5.713,0.114,0.216,167.849
174.000,-1.770,0.094,0.216,167.791
174.020,2.215,0.088,0.216,167.722
174.040,6.158,0.074,0.216,167.641
174.060,9.996,0.063,0.216,167.553
174.080,13.746,0.049,0.216,167.455
174.100,17.291,0.041,0.216,167.356
174.120,20.561,0.028,0.216,167.250
174.140,23.602,0.013,0.216,167.147
174.160,26.279,0.008,0.216,167.050
174.180,28.570,-0.000,0.216,166.956
174.200,30.504,-0.005,0.216,166.872
174.220,31.998,-0.013,0.216,166.791
174.240,33.059,-0.016,0.216,166.731
174.260,33.662,-0.029,0.216,166.668
174.280,33.791,-0.025,0.216,166.648
174.300,33.475,-0.032,0.217,166.610
174.320,32.666,-0.028,0.217,166.615
174.340,31.430,-0.029,0.217,166.606
174.360,29.760,-0.029,0.217,166.628
174.380,27.686,-0.022,0.217,166.641
174.400,25.207,-0.017,0.217,166.664
174.420,22.383,-0.009,0.217,166.687
174.440,19.277,-0.005,0.217,166.708
174.460,15.861,0.008,0.217,166.731
174.480,12.246,0.011,0.217,166.743
174.500,8.473,0.028,0.217,166.755
174.520,4.570,0.035,0.217,166.755
174.540,0.621,0.049,0.217,166.749
174.560,-3.340,0.056,0.217,166.736
174.580,-7.283,0.074,0.217,166.713
174.600,-11.098,0.082,0.217,166.692
174.620,-14.754,0.101,0.217,166.659
174.640,-18.211,0.107,0.217,166.635
174.660,-21.428,0.120,0.217,166.601
174.680,-24.316,0.132,0.217,166.584
174.700,-26.865,0.135,0.217,166.562
174.720,-29.068,0.151,0.217,166.550
174.740,-30.844,0.156,0.217,166.550
174.760,-32.186,0.164,0.217,166.568
174.780,-33.047,0.168,0.217,166.601
174.800,-33.428,0.174,0.217,166.639
174.820,-33.434,0.174,0.217,166.708
174.840,-32.941,0.180,0.217,166.767
174.860,-32.010,0.175,0.217,166.864
174.880,-30.586,0.177,0.217,166.938
174.900,-28.723,0.174,0.217,167.045
174.920,-26.496,0.168,0.217,167.134
174.940,-23.854,0.162,0.217,167.242
174.960,-20.912,0.154,0.217,167.326
174.980,-17.666,0.147,0.217,167.418
175.000,-14.174,0.137,0.217,167.492
175.020,-10.447,0.129,0.217,167.564
175.040,-6.609,0.117,0.217,167.619
175.060,-2.672,0.108,0.217,167.664
175.080,1.307,0.093,0.217,167.696
175.100,5.262,0.085,0.217,167.716
175.120,9.135,0.070,0.217,167.724
175.140,12.908,0.058,0.217,167.723
175.160,16.488,0.046,0.217,167.714
175.180,19.846,0.035,0.217,167.705
175.200,22.945,0.020,0.217,167.687
175.220,25.717,0.017,0.217,167.679
175.240,28.102,0.005,0.217,167.657
175.260,30.105,0.000,0.217,167.654
175.280,31.693,-0.010,0.217,167.636
175.300,32.877,-0.016,0.217,167.649
175.320,33.557,-0.016,0.217,167.649
175.340,33.797,-0.021,0.217,167.673
175.360,33.574,-0.019,0.217,167.684
175.380,32.895,-0.025,0.217,167.723
175.400,31.752,-0.021,0.217,167.744
175.420,30.176,-0.022,0.217,167.785
175.440,28.189,-0.015,0.217,167.814
175.460,25.793,-0.010,0.217,167.846
175.480,23.033,-0.006,0.217,167.867
175.500,19.975,0.003,0.217,167.889
175.520,16.641,0.011,0.217,167.894
175.540,13.066,0.016,0.217,167.892
175.560,9.328,0.030,0.217,167.880
175.580,5.467,0.037,0.217,167.852
175.600,1.506,0.051,0.217,167.812
175.620,-2.449,0.062,0.217,167.759
175.640,-6.375,0.070,0.217,167.694
175.660,-10.260,0.086,0.217,167.618
175.680,-13.934,0.097,0.217,167.532
175.700,-17.443,0.107,0.217,167.342
175.720,-20.713,0.119,0.217,167.342
175.740,-23.689,0.127,0.217,167.249
175.760,-26.303,0.137,0.217,167.149
175.780,-28.576,0.145,0.217,167.061
175.800,-30.469,0.154,0.217,166.974
175.820,-31.898,0.165,0.217,166.894
175.840,-32.883,0.167,0.217,166.828
175.860,-33.369,0.172,0.217,166.777
175.880,-33.463,0.174,0.217,166.708
175.900,-33.070,0.179,0.217,166.708
175.920,-32.215,0.173,0.217,166.700
175.940,-30.920,0.173,0.217,166.684
175.960,-29.162,0.173,0.217,166.690
175.980,-26.994,0.167,0.217,166.687
176.000,-24.469,0.166,0.217,166.700
176.020,-21.574,0.150,0.217,166.705
176.040,-18.404,0.146,0.217,166.713
176.060,-14.953,0.135,0.217,166.708
176.080,-11.279,0.129,0.217,166.701
176.100,-7.459,0.114,0.217,166.685
176.120,-3.545,0.106,0.217,166.663
176.140,0.422,0.091,0.217,166.632
176.160,4.383,0.087,0.217,166.594
176.180,8.303,0.067,0.217,166.549
176.200,12.100,0.064,0.217,166.500
176.220,15.732,0.044,0.217,166.447
176.240,19.131,0.036,0.217,166.393
176.260,22.283,0.024,0.217,166.345
176.280,25.131,0.012,0.217,166.303
176.300,27.598,0.003,0.217,166.267
176.320,29.695,-0.004,0.217,166.248
176.340,31.377,-0.013,0.217,166.235
176.360,32.660,-0.018,0.217,166.245
176.380,33.439,-0.023,0.217,166.262
176.400,33.797,-0.028,0.217,166.302
176.420,33.668,-0.029,0.217,166.352
176.440,33.088,-0.029,0.217,166.425
176.460,32.051,-0.027,0.217,166.498
176.480,30.568,-0.029,0.217,166.585
176.500,28.664,-0.024,0.217,166.676
176.520,26.373,-0.022,0.217,166.778
176.540,23.689,-0.011,0.217,166.874
176.560,20.695,-0.009,0.217,166.972
176.580,17.420,0.004,0.217,167.062
176.600,13.893,0.012,0.217,167.147
176.620,10.178,0.020,0.217,167.222
176.640,6.340,0.029,0.217,167.290
176.660,2.408,0.041,0.217,167.347
176.680,-1.576,0.051,0.217,167.393
176.700,-5.508,0.065,0.217,167.430
176.720,-9.398,0.075,0.217,167.459
176.740,-13.113,0.090,0.217,167.479
176.760,-16.646,0.100,0.217,167.494
176.780,-19.992,0.115,0.217,167.504
176.800,-23.045,0.124,0.217,167.516
176.820,-25.723,0.133,0.217,167.524
176.840,-28.090,0.142,0.217,167.546
176.860,-30.053,0.149,0.217,167.566
176.880,-31.605,0.154,0.217,167.598
176.900,-32.689,0.164,0.217,167.629
176.920,-33.287,0.165,0.217,167.678
176.940,-33.457,0.176,0.217,167.733
176.960,-33.164,0.172,0.217,167.803
176.980,-32.461,0.176,0.217,167.871
177.000,-31.248,0.174,0.217,167.944
177.020,-29.566,0.170,0.217,168.023
177.040,-27.504,0.163,0.217,168.093
177.060,-25.043,0.163,0.217,168.163
177.080,-22.254,0.151,0.217,168.224
177.100,-19.119,0.148,0.217,168.274
177.120,-15.744,0.134,0.217,168.315
177.140,-12.123,0.128,0.217,168.344
177.160,-8.344,0.116,0.217,168.358
177.180,-4.436,0.110,0.217,168.359
177.200,-0.463,0.095,0.217,168.345
177.220,3.510,0.087,0.217,168.318
177.240,7.430,0.072,0.217,168.277
177.260,11.244,0.060,0.217,168.226
177.280,14.918,0.050,0.217,168.163
177.300,18.387,0.033,0.217,168.095
177.320,21.574,0.027,0.217,168.025
177.340,24.521,0.012,0.217,167.950
177.360,27.064,0.007,0.217,167.880
177.380,29.250,-0.007,0.217,167.811
177.400,31.037,-0.004,0.217,167.751
177.420,32.408,-0.019,0.217,167.691
177.440,33.305,-0.015,0.217,167.644
177.460,33.756,-0.029,0.217,167.599
177.480,33.732,-0.022,0.217,167.579
177.500,33.258,-0.032,0.217,167.552
177.520,32.314,-0.023,0.217,167.546
177.540,30.932,-0.025,0.217,167.532
177.560,29.109,-0.023,0.217,167.529
177.580,26.924,-0.013,0.217,167.528
177.600,24.311,-0.011,0.217,167.524
177.620,21.369,-0.001,0.217,167.520
177.640,18.164,0.003,0.217,167.511
177.660,14.678,0.013,0.217,167.497
177.680,11.021,0.017,0.217,167.476
177.700,7.201,0.037,0.217,167.447
177.720,3.264,0.041,0.215,167.407
177.740,-0.697,0.058,0.215,167.359
177.760,-4.646,0.062,0.212,167.303
177.780,-8.566,0.083,0.212,167.239
177.800,-12.328,0.090,0.212,167.170
177.820,-15.926,0.106,0.212,167.098
177.840,-19.307,0.110,0.212,167.025
177.860,-22.430,0.131,0.212,166.950
177.880,-25.201,0.136,0.212,166.890
177.900,-27.621,0.145,0.212,166.827
177.920,-29.684,0.155,0.212,166.778
177.940,-31.330,0.161,0.212,166.737
177.960,-32.514,0.173,0.212,166.716
177.980,-33.229,0.174,0.212,166.715
178.000,-33.463,0.179,0.212,166.728
178.020,-33.316,0.179,0.212,166.754
178.040,-32.672,0.182,0.214,166.792
178.060,-31.576,0.176,0.214,166.847
178.080,-30.000,0.184,0.216,166.903
178.100,-27.996,0.168,0.216,166.980
178.120,-25.646,0.176,0.216,167.052
178.140,-22.922,0.157,0.216,167.134
178.160,-19.863,0.161,0.216,167.207
178.180,-16.518,0.142,0.216,167.282
178.200,-12.967,0.137,0.216,167.344
178.220,-9.205,0.123,0.216,167.404
178.240,-5.314,0.117,0.216,167.452
178.260,-1.342,0.102,0.216,167.493
178.280,2.631,0.094,0.216,167.525
178.300,6.574,0.077,0.216,167.549
178.320,10.400,0.065,0.216,167.566
178.340,14.127,0.054,0.216,167.578
178.360,17.613,0.045,0.216,167.586
178.380,20.889,0.032,0.216,167.590
178.400,23.889,0.017,0.216,167.602
178.420,26.537,0.016,0.216,167.619
178.440,28.805,0.000,0.216,167.633
178.460,30.680,0.000,0.216,167.662
178.480,32.133,-0.013,0.216,167.694
178.500,33.152,-0.016,0.216,167.737
178.520,33.686,-0.021,0.216,167.787
178.540,33.779,-0.021,0.216,167.852
178.560,33.398,-0.022,0.216,167.920
178.580,32.561,-0.024,0.216,168.000
178.600,31.271,-0.021,0.216,168.073
178.620,29.549,-0.020,0.216,168.150
178.640,27.445,-0.017,0.216,168.227
178.660,24.926,-0.016,0.216,168.306
178.680,22.072,-0.004,0.216,168.378
178.700,18.908,-0.003,0.216,168.440
178.720,15.492,0.013,0.216,168.493
178.740,11.865,0.015,0.216,168.533
178.760,8.062,0.031,0.216,168.560
178.780,4.178,0.033,0.216,168.573
178.800,0.211,0.054,0.216,168.570
178.820,-3.750,0.058,0.216,168.554
178.840,-7.676,0.074,0.216,168.522
178.860,-11.467,0.084,0.216,168.480
178.880,-15.105,0.099,0.216,168.426
178.900,-18.545,0.106,0.216,168.366
178.920,-21.721,0.122,0.216,168.297
178.940,-24.568,0.125,0.216,168.229
178.960,-27.094,0.141,0.216,168.152
178.980,-29.197,0.142,0.216,168.086
179.000,-30.967,0.161,0.216,168.013
179.020,-32.238,0.164,0.216,167.959
179.040,-33.100,0.168,0.216,167.906
179.060,-33.422,0.170,0.216,167.863
179.080,-33.363,0.171,0.216,167.824
179.100,-32.830,0.177,0.216,167.794
179.120,-31.811,0.174,0.216,167.769
179.140,-30.369,0.174,0.216,167.752
179.160,-28.471,0.168,0.216,167.735
179.180,-26.180,0.166,0.216,167.714
179.200,-23.549,0.161,0.216,167.697
179.220,-20.537,0.151,0.216,167.678
179.240,-17.268,0.140,0.216,167.649
179.260,-13.770,0.133,0.216,167.611
179.280,-10.014,0.124,0.216,167.565
179.300,-6.176,0.112,0.216,167.508
179.320,-2.227,0.100,0.216,167.441
179.340,1.752,0.091,0.216,167.362
179.360,5.695,0.074,0.216,167.275
179.380,9.562,0.066,0.216,167.179
179.400,13.318,0.053,0.216,167.076
179.420,16.875,0.044,0.216,166.969
179.440,20.191,0.030,0.216,166.857
179.460,23.250,0.020,0.216,166.746
179.480,25.992,0.008,0.216,166.642
179.500,28.336,0.002,0.216,166.543
179.520,30.293,-0.009,0.216,166.460
179.540,31.852,-0.014,0.216,166.385
179.560,32.947,-0.021,0.216,166.327
179.580,33.609,-0.023,0.216,166.286
179.600,33.809,-0.029,0.216,166.254
179.620,33.533,-0.028,0.216,166.237
179.640,32.789,-0.034,0.218,166.236
179.660,31.605,-0.025,0.218,166.249
179.680,29.977,-0.033,0.218,166.267
179.700,27.961,-0.016,0.218,166.300
179.720,25.523,-0.025,0.218,166.326
179.740,22.740,-0.004,0.218,166.369
179.760,19.646,-0.009,0.218,166.401
179.780,16.283,0.012,0.218,166.438
179.800,12.680,0.008,0.218,166.465
179.820,8.930,0.029,0.218,166.490
179.840,5.045,0.035,0.218,166.504
179.860,1.102,0.051,0.218,166.512
179.880,-2.877,0.055,0.218,166.513
179.900,-6.814,0.075,0.218,166.505
179.920,-10.646,0.083,0.218,166.497
179.940,-14.326,0.096,0.218,166.482
179.960,-17.801,0.108,0.218,166.470
179.980,-21.041,0.118,0.218,166.452
180.000,-23.988,0.132,0.218,166.445
180.020,-26.555,0.136,0.218,166.437
180.040,-28.805,0.151,0.218,166.445
180.060,-30.615,0.148,0.218,166.459
180.080,-32.033,0.168,0.218,166.483
180.100,-32.982,0.161,0.218,166.527
180.120,-33.393,0.181,0.218,166.570
180.140,-33.445,0.167,0.218,166.653
180.160,-33.006,0.183,0.218,166.715
180.180,-32.133,0.173,0.218,166.814
180.200,-30.768,0.182,0.218,166.901
180.220,-28.980,0.165,0.218,167.106
180.240,-26.771,0.173,0.218,167.106
180.260,-24.199,0.158,0.218,167.219
180.280,-21.281,0.157,0.218,167.307
180.300,-18.041,0.145,0.218,167.401
180.320,-14.602,0.137,0.218,167.478
180.340,-10.910,0.126,0.218,167.549
180.360,-7.066,0.118,0.218,167.604
180.380,-3.146,0.109,0.218,167.649
180.400,0.838,0.094,0.218,167.680
180.420,4.793,0.089,0.218,167.698
180.440,8.678,0.067,0.218,167.704
180.460,12.475,0.062,0.218,167.703
180.480,16.078,0.049,0.218,167.690
180.500,19.453,0.038,0.218,167.673
180.520,22.576,0.023,0.218,167.650
180.540,25.406,0.019,0.218,167.637
180.560,27.838,0.006,0.218,167.613
180.580,29.900,0.006,0.218,167.601
180.600,31.523,-0.009,0.218,167.580
180.620,32.754,-0.012,0.218,167.579
180.640,33.504,-0.017,0.218,167.573
180.660,33.797,-0.025,0.218,167.592
180.680,33.621,-0.021,0.218,167.605
180.700,32.977,-0.027,0.218,167.635
180.720,31.898,-0.019,0.218,167.659
180.740,30.381,-0.025,0.218,167.691
180.760,28.436,-0.013,0.218,167.720
180.780,26.104,-0.014,0.218,167.744
180.800,23.385,-0.005,0.218,167.765
180.820,20.355,-0.002,0.218,167.782
180.840,17.045,0.009,0.218,167.791
180.860,13.494,0.013,0.218,167.791
180.880,9.768,0.030,0.218,167.778
180.900,5.924,0.035,0.218,167.752
180.920,1.975,0.049,0.218,167.715
180.940,-1.975,0.057,0.218,167.665
180.960,-5.924,0.070,0.218,167.604
180.980,-9.809,0.084,0.218,167.534
181.000,-13.518,0.095,0.218,167.453
181.020,-17.051,0.108,0.218,167.368
181.040,-20.350,0.118,0.218,167.276
181.060,-23.367,0.129,0.218,167.187
181.080,-26.021,0.139,0.218,167.098
181.100,-28.330,0.148,0.218,167.016
181.120,-30.264,0.157,0.218,166.937
181.140,-31.746,0.168,0.218,166.868
181.160,-32.789,0.168,0.218,166.818
181.180,-33.334,0.175,0.218,166.771
181.200,-33.463,0.173,0.218,166.743
181.220,-33.129,0.181,0.218,166.722
181.240,-32.338,0.175,0.218,166.727
181.260,-31.102,0.178,0.218,166.727
181.280,-29.373,0.175,0.218,166.749
181.300,-27.252,0.170,0.218,166.766
181.320,-24.773,0.168,0.218,166.792
181.340,-21.943,0.155,0.218,166.817
181.360,-18.779,0.151,0.218,166.840
181.380,-15.375,0.141,0.218,166.855
181.400,-11.707,0.131,0.218,166.868
181.420,-7.910,0.120,0.218,166.870
181.440,-3.996,0.108,0.218,166.864
181.460,-0.041,0.094,0.218,166.850
181.480,3.926,0.086,0.218,166.828
181.500,7.840,0.068,0.218,166.799
181.520,11.643,0.061,0.218,166.765
181.540,15.305,0.044,0.218,166.728
181.560,18.738,0.038,0.218,166.689
181.580,21.914,0.022,0.218,166.656
181.600,24.809,0.014,0.218,166.631
181.620,27.316,0.006,0.218,166.610
181.640,29.473,-0.003,0.218,166.594
181.660,31.189,-0.009,0.218,166.591
181.680,32.525,-0.015,0.218,166.604
181.700,33.381,-0.023,0.218,166.629
181.720,33.779,-0.025,0.218,166.676
181.740,33.703,-0.026,0.218,166.731
181.760,33.187,-0.029,0.218,166.800
181.780,32.191,-0.026,0.218,166.884
181.800,30.762,-0.029,0.218,166.970
181.820,28.898,-0.025,0.218,167.063
181.840,26.666,-0.019,0.218,167.161
181.860,24.023,-0.013,0.218,167.258
181.880,21.059,-0.004,0.218,167.351
181.900,17.824,0.005,0.218,167.437
181.920,14.309,0.011,0.218,167.516
181.940,10.617,0.020,0.218,167.586
181.960,6.797,0.031,0.218,167.647
181.980,2.883,0.038,0.218,167.696
182.000,-1.102,0.051,0.218,167.735
182.020,-5.039,0.064,0.218,167.762
182.040,-8.930,0.074,0.218,167.779
182.060,-12.680,0.091,0.218,167.787
182.080,-16.236,0.097,0.218,167.790
182.100,-19.611,0.114,0.218,167.787
182.120,-22.687,0.122,0.218,167.785
182.140,-25.424,0.131,0.218,167.783
182.160,-27.832,0.143,0.218,167.778
182.180,-29.824,0.147,0.218,167.786
182.200,-31.447,0.157,0.218,167.790
182.220,-32.584,0.166,0.218,167.815
182.240,-33.252,0.168,0.218,167.838
182.260,-33.457,0.172,0.218,167.882
182.280,-33.234,0.174,0.218,167.914
182.300,-32.555,0.175,0.218,167.974
182.320,-31.418,0.174,0.218,168.016
182.340,-29.789,0.170,0.218,168.078
182.360,-27.773,0.170,0.218,168.122
182.380,-25.377,0.161,0.218,168.181
182.400,-22.600,0.159,0.218,168.219
182.420,-19.500,0.147,0.218,168.259
182.440,-16.160,0.140,0.218,168.281
182.460,-12.562,0.132,0.218,168.298
182.480,-8.783,0.122,0.218,168.299
182.500,-4.898,0.112,0.218,168.288
182.520,-0.932,0.096,0.218,168.263
182.540,3.035,0.088,0.218,168.225
182.560,6.979,0.074,0.218,168.174
182.580,10.799,0.062,0.218,168.114
182.600,14.502,0.049,0.218,168.042
182.620,18.000,0.038,0.218,167.967
182.640,21.217,0.025,0.218,167.880
182.660,24.193,0.019,0.218,167.805
182.680,26.783,0.005,0.218,167.713
182.700,29.021,-0.002,0.218,167.568
182.720,30.850,-0.010,0.218,167.568
182.740,32.262,-0.013,0.218,167.516
182.760,33.217,-0.019,0.218,167.453
182.780,33.721,-0.025,0.218,167.418
182.800,33.750,-0.029,0.218,167.374
182.820,33.328,-0.029,0.218,167.363
182.840,32.437,-0.026,0.218,167.344
182.860,31.119,-0.025,0.218,167.339
182.880,29.338,-0.025,0.218,167.333
182.900,27.211,-0.017,0.218,167.336
182.920,24.645,-0.013,0.218,167.334
182.940,21.738,-0.004,0.218,167.336
182.960,18.568,0.004,0.218,167.334
182.980,15.111,0.009,0.218,167.324
183.000,11.455,0.020,0.218,167.314
183.020,7.646,0.032,0.218,167.290
183.040,3.738,0.045,0.218,167.259
183.060,-0.223,0.052,0.218,167.219
183.080,-4.184,0.067,0.218,167.171
183.100,-8.092,0.075,0.218,167.117
183.120,-11.883,0.091,0.218,167.053
183.140,-15.504,0.103,0.218,166.990
183.160,-18.914,0.115,0.218,166.920
183.180,-22.072,0.126,0.218,166.857
183.200,-24.896,0.137,0.218,166.796
183.220,-27.346,0.141,0.218,166.743
183.240,-29.461,0.153,0.218,166.698
183.260,-31.148,0.160,0.218,166.663
183.280,-32.408,0.171,0.218,166.647
183.300,-33.176,0.170,0.218,166.644
183.320,-33.469,0.177,0.218,166.658
183.340,-33.357,0.176,0.218,166.680
183.360,-32.771,0.181,0.218,166.719
183.380,-31.734,0.180,0.218,166.772
183.400,-30.217,0.175,0.218,166.839
183.420,-28.277,0.171,0.218,166.905
183.440,-25.963,0.170,0.218,166.981
183.460,-23.262,0.161,0.218,167.053
183.480,-20.238,0.160,0.218,167.126
183.500,-16.934,0.146,0.218,167.198
183.520,-13.400,0.137,0.218,167.262
183.540,-9.656,0.128,0.218,167.316
183.560,-5.777,0.115,0.218,167.395
183.580,-1.840,0.103,0.218,167.395
183.600,2.156,0.091,0.218,167.420
183.620,6.094,0.083,0.218,167.436
183.640,9.949,0.063,0.218,167.443
183.660,13.693,0.060,0.218,167.447
183.680,17.227,0.045,0.218,167.442
183.700,20.525,0.037,0.218,167.438
183.720,23.549,0.021,0.218,167.434
183.740,26.244,0.019,0.218,167.433
183.760,28.553,0.003,0.218,167.432
183.780,30.475,0.004,0.218,167.440
183.800,31.980,-0.014,0.218,167.452
183.820,33.041,-0.013,0.218,167.481
183.840,33.650,-0.020,0.218,167.516
183.860,33.791,-0.021,0.218,167.563
183.880,33.480,-0.025,0.218,167.615
183.900,32.678,-0.028,0.218,167.681
183.920,31.459,-0.021,0.218,167.747
183.940,29.766,-0.024,0.218,167.812
183.960,27.721,-0.015,0.218,167.883
183.980,25.242,-0.013,0.218,167.945
184.000,22.430,-0.006,0.218,168.004
184.020,19.312,-0.001,0.218,168.055
184.040,15.920,0.012,0.218,168.095
184.060,12.287,0.017,0.218,168.124
184.080,8.525,0.027,0.218,168.140
184.100,4.629,0.033,0.218,168.144
184.120,0.680,0.051,0.218,168.134
184.140,-3.287,0.058,0.218,168.111
184.160,-7.207,0.073,0.218,168.075
184.180,-11.033,0.084,0.218,168.028
184.200,-14.689,0.099,0.218,167.970
184.220,-18.146,0.107,0.218,167.906
184.240,-21.352,0.119,0.218,167.833
184.260,-24.258,0.128,0.218,167.759
184.280,-26.824,0.140,0.218,167.686
184.300,-28.992,0.146,0.218,167.617
184.320,-30.814,0.156,0.218,167.548
184.340,-32.109,0.166,0.218,167.491
184.360,-33.029,0.166,0.218,167.443
184.380,-33.428,0.172,0.218,167.404
184.400,-33.404,0.170,0.218,167.375
184.420,-32.918,0.178,0.218,167.346
184.440,-31.957,0.173,0.218,167.334
184.460,-30.580,0.176,0.218,167.319
184.480,-28.717,0.170,0.218,167.312
184.500,-26.479,0.164,0.218,167.307
184.520,-23.871,0.160,0.218,167.299
184.540,-20.924,0.150,0.218,167.290
184.560,-17.654,0.144,0.218,167.277
184.580,-14.197,0.132,0.218,167.256
184.600,-10.482,0.124,0.218,167.223
184.620,-6.639,0.111,0.218,167.183
184.640,-2.684,0.103,0.217,167.131
184.660,1.271,0.088,0.217,167.069
184.680,5.227,0.082,0.213,166.999
184.700,9.105,0.061,0.213,166.918
184.720,12.873,0.056,0.213,166.834
184.740,16.453,0.041,0.213,166.743
184.760,19.822,0.030,0.213,166.651
184.780,22.904,0.017,0.213,166.561
184.800,25.687,0.010,0.213,166.480
184.820,28.066,0.001,0.213,166.401
184.840,30.094,-0.006,0.213,166.333
184.860,31.682,-0.013,0.213,166.276
184.880,32.842,-0.020,0.213,166.233
184.900,33.557,-0.024,0.213,166.207
184.920,33.803,-0.026,0.213,166.194
184.940,33.586,-0.028,0.213,166.199
184.960,32.895,-0.032,0.215,166.212
184.980,31.758,-0.027,0.215,166.250
185.000,30.182,-0.030,0.215,166.286
185.020,28.225,-0.021,0.215,166.339
185.040,25.834,-0.019,0.215,166.390
185.060,23.080,-0.010,0.215,166.448
185.080,20.021,-0.006,0.215,166.504
185.100,16.699,0.004,0.215,166.556
185.120,13.113,0.012,0.215,166.604
185.140,9.381,0.023,0.215,166.645
185.160,5.508,0.034,0.214,166.678
185.180,1.564,0.045,0.214,166.702
185.200,-2.408,0.058,0.213,166.720
185.220,-6.334,0.070,0.213,166.731
185.240,-10.213,0.078,0.213,166.735
185.260,-13.887,0.094,0.213,166.735
185.280,-17.396,0.105,0.213,166.734
185.300,-20.672,0.116,0.213,166.735
185.320,-23.660,0.128,0.213,166.735
185.340,-26.273,0.135,0.213,166.743
185.360,-28.570,0.146,0.213,166.757
185.380,-30.428,0.149,0.213,166.788
185.400,-31.881,0.162,0.213,166.820
185.420,-32.883,0.165,0.213,166.870
185.440,-33.363,0.170,0.213,166.929
185.460,-33.445,0.174,0.213,167.005
185.480,-33.088,0.175,0.213,167.088
185.500,-32.262,0.178,0.213,167.181
185.520,-30.961,0.175,0.213,167.280
185.540,-29.215,0.175,0.213,167.382
185.560,-27.047,0.168,0.213,167.492
185.580,-24.516,0.162,0.213,167.594
185.600,-21.645,0.153,0.213,167.689
185.620,-18.445,0.149,0.213,167.773
185.640,-15.029,0.134,0.213,167.853
185.660,-11.355,0.131,0.213,167.916
185.680,-7.535,0.116,0.213,167.971
185.700,-3.609,0.109,0.213,168.010
185.720,0.369,0.095,0.213,168.036
185.740,4.336,0.090,0.213,168.050
185.760,8.238,0.071,0.213,168.049
185.780,12.035,0.062,0.213,168.040
185.800,15.668,0.049,0.213,168.018
185.820,19.072,0.037,0.213,167.991
185.840,22.225,0.028,0.213,167.960
185.860,25.090,0.018,0.213,167.931
185.880,27.557,0.008,0.213,167.895
185.900,29.678,-0.001,0.213,167.865
185.920,31.365,-0.008,0.213,167.838
185.940,32.631,-0.013,0.213,167.821
185.960,33.439,-0.017,0.213,167.809
185.980,33.797,-0.025,0.213,167.798
186.000,33.668,-0.025,0.213,167.801
186.020,33.094,-0.029,0.213,167.811
186.040,32.057,-0.022,0.213,167.826
186.060,30.574,-0.028,0.213,167.845
186.080,28.682,-0.019,0.213,167.867
186.100,26.408,-0.012,0.213,167.881
186.120,23.719,-0.006,0.213,167.890
186.140,20.736,-0.000,0.213,167.892
186.160,17.461,0.008,0.213,167.888
186.180,13.910,0.014,0.213,167.875
186.200,10.225,0.027,0.213,167.854
186.220,6.369,0.035,0.213,167.818
186.240,2.443,0.052,0.213,167.774
186.260,-1.529,0.057,0.213,167.716
186.280,-5.484,0.069,0.213,167.648
186.300,-9.357,0.083,0.213,167.570
186.320,-13.090,0.093,0.213,167.482
186.340,-16.623,0.109,0.213,167.391
186.360,-19.963,0.114,0.213,167.293
186.380,-23.033,0.135,0.213,167.199
186.400,-25.723,0.138,0.213,167.110
186.420,-28.066,0.148,0.213,167.023
186.440,-30.053,0.155,0.213,166.942
186.460,-31.570,0.166,0.213,166.873
186.480,-32.701,0.167,0.213,166.827
186.500,-33.305,0.174,0.213,166.778
186.520,-33.486,0.174,0.213,166.754
186.540,-33.199,0.178,0.213,166.731
186.560,-32.443,0.175,0.213,166.730
186.580,-31.271,0.176,0.213,166.734
186.600,-29.625,0.174,0.213,166.753
186.620,-27.539,0.168,0.213,166.773
186.640,-25.102,0.168,0.213,166.800
186.660,-22.271,0.155,0.213,166.833
186.680,-19.166,0.156,0.213,166.863
186.700,-15.785,0.137,0.213,166.890
186.720,-12.176,0.133,0.213,166.907
186.740,-8.391,0.119,0.213,166.918
186.760,-4.465,0.112,0.213,166.921
186.780,-0.510,0.095,0.213,166.917
186.800,3.463,0.090,0.213,166.904
186.820,7.365,0.068,0.213,166.885
186.840,11.191,0.065,0.213,166.862
186.860,14.883,0.048,0.213,166.834
186.880,18.334,0.041,0.213,166.806
186.900,21.551,0.025,0.213,166.777
186.920,24.486,0.017,0.213,166.761
186.940,27.041,0.009,0.213,166.745
186.960,29.238,-0.001,0.213,166.738
186.980,30.996,-0.010,0.213,166.739
187.000,32.379,-0.016,0.213,166.765
187.020,33.299,-0.019,0.213,166.796
187.040,33.756,-0.021,0.213,166.846
187.060,33.732,-0.030,0.213,166.903
187.080,33.270,-0.029,0.213,166.980
187.100,32.326,-0.030,0.213,167.066
187.120,30.955,-0.025,0.213,167.158
187.140,29.133,-0.025,0.213,167.254
187.160,26.959,-0.016,0.213,167.351
187.180,24.357,-0.017,0.213,167.446
187.200,21.422,-0.007,0.213,167.542
187.220,18.234,-0.001,0.213,167.632
187.240,14.742,0.012,0.213,167.713
187.260,11.080,0.014,0.213,167.785
187.280,7.266,0.029,0.213,167.845
187.300,3.346,0.037,0.213,167.895
187.320,-0.627,0.051,0.213,167.932
187.340,-4.576,0.062,0.213,167.958
187.360,-8.484,0.075,0.213,167.973
187.380,-12.258,0.087,0.213,167.980
187.400,-15.844,0.099,0.213,167.978
187.420,-19.236,0.109,0.213,167.971
187.440,-22.336,0.122,0.213,167.959
187.460,-25.137,0.129,0.213,167.950
187.480,-27.574,0.139,0.213,167.938
187.500,-29.619,0.151,0.213,167.930
187.520,-31.277,0.156,0.213,167.931
187.540,-32.449,0.165,0.213,167.941
187.560,-33.205,0.166,0.213,167.957
187.580,-33.439,0.171,0.213,167.982
187.600,-33.275,0.171,0.213,168.008
187.620,-32.643,0.177,0.213,168.042
187.640,-31.547,0.173,0.213,168.127
187.660,-30.018,0.176,0.213,168.127
187.680,-28.025,0.166,0.213,168.174
187.700,-25.658,0.162,0.213,168.212
187.720,-22.934,0.157,0.213,168.246
187.740,-19.852,0.149,0.213,168.273
187.760,-16.559,0.141,0.213,168.290
187.780,-13.008,0.131,0.213,168.296
187.800,-9.229,0.121,0.213,168.288
187.820,-5.344,0.112,0.213,168.270
187.840,-1.389,0.098,0.213,168.237
187.860,2.590,0.088,0.213,168.191
187.880,6.516,0.076,0.213,168.132
187.900,10.354,0.059,0.213,168.063
187.920,14.080,0.049,0.213,167.987
187.940,17.590,0.037,0.213,167.904
187.960,20.854,0.029,0.213,167.814
187.980,23.865,0.017,0.213,167.634
188.000,26.496,0.008,0.213,167.634
188.020,28.781,-0.002,0.213,167.548
188.040,30.662,-0.013,0.213,167.473
188.060,32.115,-0.013,0.213,167.408
188.080,33.135,-0.021,0.213,167.349
188.100,33.686,-0.021,0.213,167.302
188.120,33.773,-0.029,0.213,167.266
188.140,33.410,-0.027,0.213,167.244
188.160,32.572,-0.029,0.213,167.226
188.180,31.301,-0.025,0.213,167.215
188.200,29.561,-0.029,0.213,167.213
188.220,27.475,-0.016,0.213,167.216
188.240,24.967,-0.015,0.213,167.219
188.260,22.113,-0.004,0.213,167.221
188.280,18.961,-0.004,0.213,167.221
188.300,15.539,0.011,0.213,167.220
188.320,11.906,0.017,0.213,167.212
188.340,8.121,0.027,0.213,167.195
188.360,4.213,0.039,0.212,167.171
188.380,0.270,0.053,0.209,167.137
188.400,-3.709,0.063,0.209,167.096
188.420,-7.605,0.075,0.209,167.047
188.440,-11.432,0.087,0.209,166.992
188.460,-15.047,0.101,0.209,166.933
188.480,-18.510,0.110,0.209,166.875
188.500,-21.686,0.123,0.209,166.816
188.520,-24.551,0.132,0.209,166.762
188.540,-27.059,0.139,0.209,166.711
188.560,-29.221,0.151,0.209,166.673
188.580,-30.937,0.159,0.209,166.648
188.600,-32.244,0.166,0.209,166.641
188.620,-33.100,0.166,0.209,166.662
188.640,-33.428,0.176,0.209,166.662
188.660,-33.387,0.177,0.209,166.697
188.680,-32.836,0.177,0.209,166.739
188.700,-31.863,0.178,0.209,166.792
188.720,-30.393,0.176,0.209,166.857
188.740,-28.512,0.172,0.209,166.930
188.760,-26.232,0.170,0.209,167.009
188.780,-23.596,0.163,0.209,167.088
188.800,-20.602,0.157,0.209,167.166
188.820,-17.320,0.149,0.209,167.236
188.840,-13.840,0.136,0.209,167.303
188.860,-10.102,0.128,0.209,167.359
188.880,-6.229,0.112,0.209,167.405
188.900,-2.285,0.109,0.209,167.441
188.920,1.705,0.093,0.209,167.466
188.940,5.643,0.085,0.209,167.481
188.960,9.498,0.067,0.209,167.489
188.980,13.260,0.060,0.209,167.490
189.000,16.828,0.048,0.209,167.483
189.020,20.156,0.036,0.209,167.472
189.040,23.221,0.023,0.209,167.464
189.060,25.951,0.018,0.209,167.456
189.080,28.307,0.005,0.209,167.448
189.100,30.293,-0.001,0.209,167.447
189.120,31.828,-0.011,0.209,167.453
189.140,32.947,-0.015,0.209,167.469
189.160,33.604,-0.019,0.209,167.493
189.180,33.809,-0.025,0.209,167.527
189.200,33.527,-0.025,0.209,167.569
189.220,32.807,-0.029,0.209,167.622
189.240,31.617,-0.019,0.209,167.678
189.260,29.988,-0.026,0.209,167.735
189.280,27.990,-0.017,0.209,167.790
189.300,25.564,-0.017,0.209,167.844
189.320,22.775,-0.004,0.209,167.894
189.340,19.682,-0.000,0.209,167.934
189.360,16.318,0.011,0.209,167.963
189.380,12.727,0.016,0.209,167.985
189.400,8.977,0.029,0.209,167.991
189.420,5.098,0.036,0.209,167.987
189.440,1.148,0.052,0.209,167.969
189.460,-2.807,0.058,0.209,167.937
189.480,-6.744,0.072,0.209,167.893
189.500,-10.594,0.084,0.209,167.838
189.520,-14.250,0.098,0.209,167.773
189.540,-17.736,0.108,0.209,167.702
189.560,-20.965,0.117,0.209,167.627
189.580,-23.930,0.132,0.209,167.548
189.600,-26.514,0.135,0.209,167.471
189.620,-28.752,0.149,0.209,167.388
189.640,-30.574,0.153,0.209,167.325
189.660,-31.945,0.163,0.209,167.261
189.680,-32.924,0.166,0.209,167.214
189.700,-33.369,0.174,0.209,167.167
189.720,-33.422,0.170,0.209,167.142
189.740,-32.977,0.176,0.209,167.109
189.760,-32.080,0.173,0.209,167.101
189.780,-30.732,0.174,0.209,167.091
189.800,-28.963,0.169,0.209,167.093
189.820,-26.760,0.166,0.209,167.090
189.840,-24.193,0.159,0.209,167.096
189.860,-21.246,0.149,0.209,167.096
189.880,-18.059,0.147,0.209,167.090
189.900,-14.613,0.132,0.209,167.080
189.920,-10.916,0.125,0.209,167.059
189.940,-7.102,0.110,0.209,167.031
189.960,-3.146,0.104,0.208,166.992
189.980,0.814,0.088,0.208,166.944
190.000,4.764,0.081,0.208,166.888
190.020,8.648,0.065,0.208,166.824
190.040,12.445,0.054,0.208,166.755
190.060,16.049,0.042,0.208,166.681
190.080,19.424,0.034,0.208,166.609
190.100,22.547,0.017,0.208,166.534
190.120,25.377,0.013,0.208,166.472
190.140,27.803,0.001,0.208,166.407
190.160,29.883,-0.006,0.208,166.359
190.180,31.518,-0.011,0.208,166.318
190.200,32.748,-0.022,0.208,166.296
190.220,33.486,-0.021,0.208,166.291
190.240,33.803,-0.027,0.208,166.323
190.260,33.633,-0.027,0.208,166.323
190.280,33.018,-0.034,0.212,166.357
190.300,31.934,-0.025,0.212,166.414
190.320,30.387,-0.030,0.212,166.469
190.340,28.471,-0.020,0.212,166.540
190.360,26.139,-0.023,0.212,166.607
190.380,23.437,-0.012,0.212,166.686
190.400,20.420,-0.011,0.212,166.759
190.420,17.115,0.007,0.212,166.832
190.440,13.553,0.011,0.212,166.894
190.460,9.838,0.020,0.212,166.952
190.480,5.982,0.028,0.212,167.000
190.500,2.057,0.043,0.212,167.041
190.520,-1.928,0.052,0.212,167.073
190.540,-5.865,0.068,0.212,167.096
190.560,-9.738,0.075,0.212,167.114
190.580,-13.447,0.092,0.212,167.124
190.600,-16.969,0.099,0.212,167.135
190.620,-20.279,0.116,0.212,167.144
190.640,-23.285,0.125,0.212,167.153
190.660,-25.969,0.133,0.212,167.168
190.680,-28.283,0.145,0.212,167.183
190.700,-30.205,0.150,0.212,167.216
190.720,-31.717,0.162,0.212,167.250
190.740,-32.742,0.164,0.212,167.305
190.760,-33.334,0.173,0.212,167.361
190.780,-33.451,0.171,0.212,167.444
190.800,-33.123,0.178,0.212,167.516
190.820,-32.344,0.173,0.212,167.609
190.840,-31.090,0.177,0.212,167.694
190.860,-29.408,0.171,0.212,167.799
190.880,-27.287,0.168,0.212,167.892
190.900,-24.803,0.158,0.212,167.986
190.920,-21.961,0.154,0.212,168.071
190.940,-18.803,0.147,0.212,168.149
190.960,-15.398,0.140,0.212,168.216
190.980,-11.777,0.128,0.212,168.272
191.000,-7.969,0.116,0.212,168.315
191.020,-4.043,0.111,0.212,168.343
191.040,-0.088,0.093,0.212,168.358
191.060,3.879,0.086,0.212,168.359
191.080,7.781,0.070,0.212,168.348
191.100,11.590,0.061,0.212,168.325
191.120,15.258,0.049,0.212,168.291
191.140,18.703,0.037,0.212,168.252
191.160,21.861,0.027,0.212,168.209
191.180,24.791,0.018,0.212,168.163
191.200,27.281,0.004,0.212,168.109
191.220,29.455,0.002,0.212,168.071
191.240,31.172,-0.011,0.212,168.027
191.260,32.502,-0.013,0.212,167.995
191.280,33.363,-0.019,0.212,167.966
191.300,33.762,-0.020,0.212,167.947
191.320,33.697,-0.025,0.212,167.929
191.340,33.193,-0.023,0.212,167.928
191.360,32.197,-0.025,0.212,167.925
191.380,30.773,-0.021,0.212,167.931
191.400,28.939,-0.022,0.212,167.936
191.420,26.695,-0.012,0.212,167.941
191.440,24.047,-0.009,0.212,167.939
191.460,21.105,-0.004,0.212,167.931
191.480,17.865,0.004,0.212,167.926
191.500,14.344,0.014,0.212,167.909
191.520,10.676,0.025,0.212,167.884
191.540,6.861,0.033,0.212,167.845
191.560,2.941,0.049,0.212,167.797
191.580,-1.031,0.054,0.212,167.737
191.600,-4.992,0.073,0.212,167.667
191.620,-8.889,0.079,0.212,167.590
191.640,-12.633,0.093,0.212,167.501
191.660,-16.195,0.105,0.212,167.410
191.680,-19.564,0.116,0.212,167.315
191.700,-22.664,0.126,0.212,167.223
191.720,-25.400,0.136,0.212,167.131
191.740,-27.791,0.143,0.212,167.044
191.760,-29.830,0.156,0.212,166.966
191.780,-31.400,0.162,0.212,166.903
191.800,-32.543,0.170,0.212,166.858
191.820,-33.229,0.172,0.212,166.815
191.840,-33.463,0.176,0.212,166.798
191.860,-33.234,0.179,0.214,166.787
191.880,-32.549,0.177,0.214,166.799
191.900,-31.406,0.178,0.214,166.808
191.920,-29.807,0.177,0.214,166.836
191.940,-27.785,0.170,0.214,166.868
191.960,-25.389,0.168,0.214,166.905
191.980,-22.641,0.157,0.214,166.944
192.000,-19.529,0.155,0.214,166.983
192.020,-16.172,0.141,0.214,167.018
192.040,-12.615,0.133,0.214,167.048
192.060,-8.842,0.122,0.214,167.072
192.080,-4.939,0.114,0.214,167.087
192.100,-0.973,0.099,0.214,167.094
192.120,3.000,0.090,0.214,167.094
192.140,6.937,0.074,0.214,167.087
192.160,10.764,0.066,0.214,167.076
192.180,14.461,0.053,0.214,167.057
192.200,17.947,0.039,0.214,167.040
192.220,21.187,0.028,0.214,167.023
192.240,24.164,0.018,0.214,167.014
192.260,26.748,0.013,0.214,167.006
192.280,28.998,-0.003,0.214,167.007
192.300,30.820,-0.005,0.214,167.019
192.320,32.244,-0.017,0.214,167.042
192.340,33.205,-0.018,0.214,167.081
192.360,33.715,-0.023,0.214,167.132
192.380,33.756,-0.023,0.214,167.192
192.400,33.346,-0.033,0.214,167.261
192.420,32.449,-0.026,0.214,167.350
192.440,31.137,-0.029,0.214,167.434
192.460,29.379,-0.023,0.214,167.535
192.480,27.252,-0.021,0.214,167.626
192.500,24.680,-0.016,0.214,167.722
192.520,21.797,-0.009,0.214,167.809
192.540,18.615,-0.001,0.214,167.895
192.560,15.170,0.009,0.214,167.968
192.580,11.520,0.016,0.214,168.032
192.600,7.723,0.030,0.214,168.084
192.620,3.814,0.036,0.214,168.123
192.640,-0.135,0.054,0.214,168.150
192.660,-4.107,0.058,0.214,168.165
192.680,-8.016,0.074,0.214,168.168
192.700,-11.812,0.083,0.214,168.161
192.720,-15.416,0.099,0.214,168.144
192.740,-18.832,0.108,0.214,168.122
192.760,-21.955,0.120,0.214,168.093
192.780,-24.803,0.128,0.214,168.067
192.800,-27.275,0.142,0.214,168.035
192.820,-29.373,0.148,0.214,168.013
192.840,-31.090,0.156,0.214,167.989
192.860,-32.303,0.161,0.214,167.982
192.880,-33.123,0.166,0.214,167.969
192.900,-33.410,0.170,0.214,167.974
192.920,-33.299,0.170,0.214,167.975
192.940,-32.736,0.176,0.214,167.992
192.960,-31.682,0.170,0.214,168.012
192.980,-30.182,0.175,0.214,168.036
193.000,-28.242,0.166,0.214,168.057
193.020,-25.945,0.164,0.214,168.076
193.040,-23.256,0.153,0.214,168.094
193.060,-20.232,0.148,0.214,168.104
193.080,-16.945,0.140,0.214,168.103
193.100,-13.418,0.132,0.214,168.095
193.120,-9.680,0.120,0.214,168.073
193.140,-5.801,0.107,0.214,168.041
193.160,-1.846,0.097,0.214,167.994
193.180,2.127,0.086,0.214,167.936
193.200,6.059,0.079,0.214,167.867
193.220,9.908,0.062,0.214,167.787
193.240,13.664,0.053,0.214,167.698
193.260,17.191,0.037,0.214,167.604
193.280,20.479,0.033,0.214,167.508
193.300,23.531,0.016,0.214,167.409
193.320,26.215,0.012,0.214,167.314
193.340,28.535,-0.004,0.214,167.140
193.360,30.445,-0.008,0.214,167.140
193.380,31.963,-0.013,0.214,167.070
193.400,33.023,-0.021,0.214,166.955
193.420,33.645,-0.024,0.214,166.955
193.440,33.797,-0.026,0.214,166.917
193.460,33.480,-0.028,0.214,166.891
193.480,32.678,-0.027,0.214,166.871
193.500,31.471,-0.028,0.214,166.863
193.520,29.795,-0.024,0.214,166.867
193.540,27.756,-0.021,0.214,166.877
193.560,25.271,-0.019,0.214,166.889
193.580,22.465,-0.008,0.214,166.903
193.600,19.354,-0.007,0.214,166.916
193.620,15.955,0.008,0.214,166.926
193.640,12.334,0.012,0.214,166.929
193.660,8.584,0.025,0.214,166.926
193.680,4.693,0.036,0.214,166.914
193.700,0.744,0.045,0.214,166.895
193.720,-3.223,0.060,0.214,166.867
193.740,-7.143,0.071,0.214,166.833
193.760,-10.992,0.085,0.214,166.792
193.780,-14.631,0.099,0.214,166.751
193.800,-18.088,0.110,0.214,166.668
193.820,-21.305,0.120,0.214,166.668
193.840,-24.211,0.128,0.214,166.629
193.860,-26.783,0.137,0.214,166.595
193.880,-28.980,0.149,0.214,166.566
193.900,-30.744,0.155,0.214,166.557
193.920,-32.109,0.167,0.214,166.554
193.940,-33.006,0.168,0.214,166.604
193.960,-33.398,0.173,0.214,166.604
193.980,-33.393,0.180,0.214,166.653
194.000,-32.924,0.175,0.214,166.713
194.020,-31.992,0.178,0.214,166.779
194.040,-30.568,0.178,0.214,166.861
194.060,-28.758,0.177,0.214,166.952
194.080,-26.525,0.168,0.214,167.046
194.100,-23.900,0.165,0.214,167.134
194.120,-20.947,0.153,0.214,167.225
194.140,-17.713,0.152,0.214,167.301
194.160,-14.250,0.135,0.214,167.379
194.180,-10.535,0.129,0.214,167.439
194.200,-6.686,0.116,0.214,167.494
194.220,-2.742,0.104,0.214,167.535
194.240,1.230,0.093,0.214,167.565
194.260,5.174,0.085,0.214,167.585
194.280,9.041,0.066,0.214,167.593
194.300,12.832,0.054,0.214,167.596
194.320,16.424,0.048,0.214,167.591
194.340,19.781,0.034,0.214,167.582
194.360,22.875,0.028,0.214,167.572
194.380,25.658,0.015,0.214,167.559
194.400,28.043,0.008,0.214,167.550
194.420,30.070,-0.004,0.214,167.543
194.440,31.664,-0.008,0.214,167.550
194.460,32.830,-0.016,0.214,167.556
194.480,33.545,-0.018,0.214,167.575
194.500,33.814,-0.023,0.214,167.602
194.520,33.592,-0.018,0.214,167.634
194.540,32.895,-0.028,0.214,167.667
194.560,31.787,-0.020,0.214,167.712
194.580,30.211,-0.025,0.214,167.756
194.600,28.248,-0.017,0.214,167.803
194.620,25.869,-0.012,0.214,167.844
194.640,23.121,-0.007,0.214,167.879
194.660,20.074,0.000,0.214,167.911
194.680,16.740,0.009,0.214,167.932
194.700,13.166,0.018,0.214,167.943
194.720,9.428,0.028,0.214,167.940
194.740,5.584,0.034,0.214,167.926
194.760,1.635,0.046,0.214,167.899
194.780,-2.320,0.058,0.214,167.858
194.800,-6.270,0.070,0.214,167.805
194.820,-10.148,0.086,0.214,167.741
194.840,-13.816,0.093,0.214,167.666
194.860,-17.326,0.108,0.214,167.587
194.880,-20.602,0.116,0.214,167.501
194.900,-23.590,0.132,0.214,167.416
194.920,-26.215,0.135,0.214,167.333
194.940,-28.500,0.146,0.214,167.246
194.960,-30.387,0.153,0.214,167.164
194.980,-31.811,0.163,0.214,167.101
195.000,-32.836,0.167,0.214,167.043
195.020,-33.322,0.172,0.214,167.000
195.040,-33.428,0.171,0.214,166.964
195.060,-33.035,0.175,0.214,166.938
195.080,-32.203,0.173,0.214,166.925
195.100,-30.943,0.175,0.214,166.918
195.120,-29.186,0.171,0.214,166.921
195.140,-27.053,0.166,0.214,166.924
195.160,-24.504,0.163,0.214,166.930
195.180,-21.633,0.152,0.214,166.935
195.200,-18.457,0.149,0.214,166.937
195.220,-15.029,0.135,0.214,166.933
195.240,-11.379,0.128,0.214,166.924
195.260,-7.553,0.112,0.214,166.905
195.280,-3.615,0.105,0.213,166.877
195.300,0.334,0.093,0.213,166.841
195.320,4.312,0.083,0.213,166.796
195.340,8.215,0.068,0.213,166.744
195.360,12.006,0.056,0.213,166.687
195.380,15.639,0.044,0.213,166.629
195.400,19.049,0.034,0.213,166.569
195.420,22.195,0.024,0.213,166.511
195.440,25.061,0.014,0.213,166.456
195.460,27.545,0.004,0.213,166.408
195.480,29.648,-0.007,0.213,166.371
195.500,31.342,-0.009,0.213,166.348
195.520,32.613,-0.020,0.213,166.338
195.540,33.428,-0.023,0.213,166.342
195.560,33.785,-0.029,0.213,166.371
195.580,33.674,-0.029,0.213,166.410
195.600,33.094,-0.033,0.214,166.463
195.620,32.074,-0.030,0.214,166.527
195.640,30.592,-0.026,0.214,166.600
195.660,28.729,-0.023,0.214,166.678
195.680,26.437,-0.020,0.214,166.761
195.700,23.754,-0.016,0.214,166.846
195.720,20.777,-0.005,0.214,166.929
195.740,17.508,-0.001,0.214,167.007
195.760,13.980,0.012,0.214,167.082
195.780,10.271,0.016,0.214,167.149
195.800,6.439,0.037,0.214,167.208
195.820,2.502,0.039,0.214,167.255
195.840,-1.477,0.058,0.214,167.294
195.860,-5.408,0.062,0.214,167.324
195.880,-9.311,0.079,0.214,167.345
195.900,-13.049,0.091,0.214,167.359
195.920,-16.594,0.102,0.214,167.374
195.940,-19.928,0.116,0.214,167.382
195.960,-22.975,0.124,0.214,167.392
195.980,-25.693,0.135,0.214,167.405
196.000,-28.072,0.141,0.214,167.422
196.020,-30.023,0.151,0.214,167.442
196.040,-31.582,0.157,0.214,167.473
196.060,-32.672,0.168,0.214,167.510
196.080,-33.305,0.170,0.214,167.567
196.100,-33.475,0.178,0.214,167.629
196.120,-33.211,0.174,0.214,167.707
196.140,-32.508,0.180,0.214,167.788
196.160,-31.289,0.173,0.214,167.875
196.180,-29.648,0.178,0.214,167.965
196.200,-27.592,0.166,0.214,168.057
196.220,-25.166,0.168,0.214,168.226
196.240,-22.354,0.150,0.214,168.226
196.260,-19.225,0.148,0.214,168.291
196.280,-15.855,0.139,0.214,168.353
196.300,-12.258,0.132,0.214,168.400
196.320,-8.461,0.114,0.214,168.436
196.340,-4.553,0.113,0.214,168.456
196.360,-0.586,0.093,0.214,168.464
196.380,3.393,0.091,0.214,168.460
196.400,7.307,0.073,0.214,168.441
196.420,11.127,0.065,0.214,168.412
196.440,14.824,0.054,0.214,168.371
196.460,18.287,0.035,0.214,168.324
196.480,21.492,0.031,0.214,168.277
196.500,24.445,0.012,0.214,168.226
196.520,27.000,0.011,0.214,168.180
196.540,29.203,-0.002,0.214,168.128
196.560,30.984,-0.004,0.214,168.093
196.580,32.373,-0.012,0.214,168.049
196.600,33.281,-0.015,0.214,168.017
196.620,33.750,-0.023,0.214,167.993
196.640,33.732,-0.023,0.214,167.986
196.660,33.275,-0.028,0.214,167.977
196.680,32.338,-0.021,0.214,167.983
196.700,30.961,-0.025,0.214,167.979
196.720,29.180,-0.022,0.214,167.994
196.740,26.977,-0.012,0.214,167.999
196.760,24.381,-0.009,0.214,168.001
196.780,21.457,-0.000,0.214,168.000
196.800,18.275,0.002,0.214,167.992
196.820,14.766,0.013,0.214,167.980
196.840,11.109,0.018,0.214,167.960
196.860,7.283,0.033,0.214,167.929
196.880,3.381,0.041,0.214,167.886
196.900,-0.580,0.055,0.214,167.833
196.920,-4.559,0.063,0.214,167.770
196.940,-8.461,0.079,0.214,167.696
196.960,-12.240,0.091,0.214,167.615
196.980,-15.820,0.105,0.214,167.528
197.000,-19.201,0.113,0.214,167.442
197.020,-22.336,0.129,0.214,167.350
197.040,-25.125,0.135,0.214,167.269
197.060,-27.568,0.145,0.214,167.185
197.080,-29.631,0.155,0.214,167.113
197.100,-31.277,0.162,0.214,167.043
197.120,-32.479,0.172,0.214,166.998
197.140,-33.193,0.174,0.214,166.961
197.160,-33.492,0.177,0.214,166.947
197.180,-33.322,0.178,0.214,166.936
197.200,-32.689,0.178,0.214,166.938
197.220,-31.600,0.176,0.214,166.953
197.240,-30.035,0.182,0.215,166.974
197.260,-28.066,0.168,0.215,167.012
197.280,-25.717,0.174,0.215,167.042
197.300,-22.980,0.161,0.215,167.085
197.320,-19.916,0.158,0.215,167.125
197.340,-16.605,0.145,0.215,167.164
197.360,-13.066,0.137,0.215,167.193
197.380,-9.299,0.125,0.215,167.216
197.400,-5.408,0.116,0.215,167.228
197.420,-1.441,0.101,0.215,167.234
197.440,2.531,0.091,0.215,167.230
197.460,6.463,0.079,0.215,167.219
197.480,10.289,0.064,0.215,167.204
197.500,14.021,0.054,0.215,167.182
197.520,17.555,0.042,0.215,167.158
197.540,20.818,0.032,0.215,167.133
197.560,23.818,0.022,0.215,167.113
197.580,26.473,0.013,0.215,167.096
197.600,28.752,0.000,0.215,167.086
197.620,30.627,-0.000,0.215,167.086
197.640,32.092,-0.016,0.215,167.090
197.660,33.123,-0.016,0.215,167.115
197.680,33.680,-0.023,0.215,167.150
197.700,33.785,-0.025,0.215,167.200
197.720,33.428,-0.026,0.215,167.257
197.740,32.584,-0.023,0.215,167.327
197.760,31.324,-0.023,0.215,167.393
197.780,29.613,-0.023,0.215,167.473
197.800,27.510,-0.016,0.215,167.551
197.820,24.996,-0.012,0.215,167.628
197.840,22.148,-0.007,0.215,167.697
197.860,19.008,0.000,0.215,167.765
197.880,15.586,0.008,0.215,167.824
197.900,11.947,0.018,0.215,167.874
197.920,8.168,0.030,0.215,167.911
197.940,4.266,0.034,0.215,167.935
197.960,0.328,0.052,0.215,167.947
197.980,-3.639,0.056,0.215,167.946
198.000,-7.570,0.079,0.215,167.932
198.020,-11.379,0.083,0.215,167.910
198.040,-15.012,0.101,0.215,167.875
198.060,-18.439,0.105,0.215,167.790
198.080,-21.609,0.120,0.215,167.790
198.100,-24.504,0.125,0.215,167.746
198.120,-27.018,0.141,0.215,167.695
198.140,-29.174,0.147,0.215,167.657
198.160,-30.926,0.156,0.215,167.618
198.180,-32.191,0.166,0.215,167.592
198.200,-33.059,0.168,0.215,167.576
198.220,-33.410,0.173,0.215,167.560
198.240,-33.369,0.171,0.215,167.555
198.260,-32.836,0.178,0.215,167.553
198.280,-31.846,0.171,0.215,167.568
198.300,-30.404,0.175,0.215,167.573
198.320,-28.518,0.166,0.215,167.594
198.340,-26.262,0.166,0.215,167.602
198.360,-23.619,0.155,0.215,167.619
198.380,-20.625,0.156,0.215,167.616
198.400,-17.355,0.144,0.215,167.621
198.420,-13.852,0.134,0.215,167.609
198.440,-10.154,0.121,0.215,167.590
198.460,-6.287,0.111,0.215,167.557
198.480,-2.338,0.097,0.215,167.513
198.500,1.641,0.094,0.215,167.458
198.520,5.584,0.078,0.215,167.392
198.540,9.451,0.066,0.215,167.318
198.560,13.207,0.057,0.215,167.236
198.580,16.781,0.037,0.215,167.144
198.600,20.115,0.033,0.215,167.057
198.620,23.168,0.017,0.215,166.962
198.640,25.928,0.013,0.215,166.880
198.660,28.271,-0.000,0.215,166.795
198.680,30.240,-0.006,0.215,166.730
198.700,31.805,-0.016,0.215,166.623
198.720,32.936,-0.015,0.215,166.623
198.740,33.598,-0.024,0.215,166.564
198.760,33.803,-0.027,0.215,166.564
198.780,33.545,-0.031,0.215,166.551
198.800,32.812,-0.029,0.215,166.565
198.820,31.635,-0.028,0.215,166.570
198.840,30.029,-0.029,0.215,166.591
198.860,28.025,-0.019,0.215,166.623
198.880,25.582,-0.017,0.215,166.655
198.900,22.805,-0.008,0.215,166.718
198.920,19.729,-0.006,0.215,166.718
198.940,16.377,0.008,0.215,166.747
198.960,12.768,0.009,0.215,166.773
198.980,9.023,0.025,0.215,166.793
199.000,5.127,0.033,0.215,166.806
199.020,1.213,0.050,0.215,166.806
199.040,-2.789,0.058,0.215,166.800
199.060,-6.709,0.072,0.215,166.785
199.080,-10.553,0.084,0.215,166.769
199.100,-14.238,0.095,0.215,166.745
199.120,-17.725,0.108,0.215,166.722
199.140,-20.965,0.118,0.215,166.696
199.160,-23.900,0.129,0.215,166.672
199.180,-26.508,0.138,0.215,166.654
199.200,-28.758,0.150,0.215,166.647
199.220,-30.592,0.149,0.215,166.652
199.240,-31.975,0.169,0.215,166.662
199.260,-32.930,0.166,0.215,166.695
199.280,-33.404,0.181,0.215,166.737
199.300,-33.445,0.173,0.215,166.808
199.320,-33.035,0.183,0.217,166.866
199.340,-32.168,0.174,0.217,166.952
199.360,-30.791,0.181,0.217,167.029
199.380,-29.021,0.174,0.217,167.130
199.400,-26.824,0.170,0.217,167.226
199.420,-24.270,0.164,0.217,167.326
199.440,-21.346,0.157,0.217,167.416
199.460,-18.129,0.149,0.217,167.502
199.480,-14.695,0.139,0.217,167.643
199.500,-11.010,0.133,0.217,167.643
199.520,-7.178,0.115,0.217,167.697
199.540,-3.252,0.112,0.217,167.737
199.560,0.738,0.091,0.217,167.765
199.580,4.687,0.088,0.217,167.782
199.600,8.584,0.067,0.217,167.787
199.620,12.375,0.063,0.217,167.784
199.640,15.996,0.049,0.217,167.771
199.660,19.383,0.040,0.217,167.754
199.680,22.494,0.024,0.217,167.731
199.700,25.330,0.016,0.217,167.718
199.720,27.768,0.008,0.217,167.701
199.740,29.836,0.004,0.217,167.686
199.760,31.488,-0.011,0.217,167.669
199.780,32.725,-0.009,0.217,167.669
199.800,33.486,-0.021,0.217,167.663
199.820,33.797,-0.019,0.217,167.687
199.840,33.639,-0.023,0.217,167.695
199.860,33.023,-0.029,0.217,167.728
199.880,31.945,-0.021,0.217,167.763
199.900,30.439,-0.022,0.217,167.798
199.920,28.494,-0.017,0.217,167.831
199.940,26.162,-0.010,0.217,167.860
199.960,23.461,-0.004,0.217,167.883
199.980,20.467,0.004,0.217,167.902
200.000,17.150,0.007,0.217,167.909
200.020,13.605,0.019,0.217,167.911
200.040,9.879,0.023,0.217,167.900
200.060,6.023,0.039,0.217,167.878
200.080,2.086,0.049,0.217,167.796
200.100,-1.869,0.059,0.217,167.796
200.120,-5.824,0.072,0.217,167.737
200.140,-9.715,0.083,0.217,167.667
200.160,-13.418,0.094,0.217,167.587
200.180,-16.945,0.105,0.217,167.503
200.200,-20.244,0.116,0.217,167.408
200.220,-23.268,0.132,0.217,167.319
200.240,-25.945,0.137,0.217,167.231
200.260,-28.283,0.149,0.217,167.145
200.280,-30.217,0.155,0.217,167.069
200.300,-31.705,0.162,0.217,166.999
200.320,-32.754,0.172,0.217,166.936
200.340,-33.305,0.174,0.217,166.891
200.360,-33.480,0.177,0.217,166.860
200.380,-33.152,0.177,0.217,166.835
200.400,-32.385,0.176,0.217,166.822
200.420,-31.119,0.176,0.217,166.818
200.440,-29.414,0.171,0.217,166.825
200.460,-27.328,0.166,0.217,166.834
200.480,-24.850,0.166,0.217,166.844
200.500,-21.984,0.154,0.217,166.860
200.520,-18.850,0.153,0.217,166.873
200.540,-15.439,0.140,0.217,166.882
200.560,-11.842,0.134,0.217,166.886
200.580,-8.021,0.119,0.217,166.879
200.600,-4.107,0.108,0.214,166.865
200.620,-0.141,0.099,0.214,166.841
200.640,3.838,0.083,0.214,166.809
200.660,7.734,0.070,0.214,166.772
200.680,11.549,0.060,0.214,166.727
200.700,15.211,0.048,0.214,166.681
200.720,18.662,0.033,0.214,166.633
200.740,21.832,0.025,0.214,166.591
200.760,24.732,0.015,0.214,166.554
200.780,27.258,0.009,0.214,166.521
200.800,29.408,-0.007,0.214,166.496
200.820,31.148,-0.010,0.214,166.488
200.840,32.496,-0.021,0.214,166.495
200.860,33.352,-0.018,0.214,166.515
200.880,33.773,-0.029,0.214,166.548
200.900,33.709,-0.027,0.214,166.599
200.920,33.199,-0.030,0.214,166.663
200.940,32.209,-0.026,0.214,166.734
200.960,30.791,-0.025,0.214,166.821
200.980,28.963,-0.026,0.214,166.911
201.000,26.730,-0.017,0.214,167.009
201.020,24.094,-0.015,0.214,167.099
201.040,21.135,-0.009,0.214,167.191
201.060,17.918,0.001,0.214,167.278
201.080,14.414,0.015,0.214,167.363
201.100,10.740,0.020,0.214,167.434
201.120,6.896,0.033,0.214,167.498
201.140,2.988,0.035,0.214,167.552
201.160,-0.984,0.054,0.214,167.596
201.180,-4.922,0.061,0.214,167.629
201.200,-8.842,0.077,0.214,167.653
201.220,-12.598,0.089,0.214,167.668
201.240,-16.160,0.105,0.214,167.681
201.260,-19.518,0.110,0.214,167.691
201.280,-22.605,0.126,0.214,167.698
201.300,-25.377,0.132,0.214,167.704
201.320,-27.768,0.144,0.214,167.714
201.340,-29.795,0.151,0.214,167.733
201.360,-31.400,0.161,0.214,167.761
201.380,-32.531,0.164,0.214,167.796
201.400,-33.246,0.171,0.214,167.836
201.420,-33.457,0.174,0.214,167.894
201.440,-33.264,0.172,0.214,167.949
201.460,-32.590,0.178,0.214,168.010
201.480,-31.447,0.172,0.214,168.080
201.500,-29.842,0.178,0.214,168.151
201.520,-27.832,0.170,0.214,168.227
201.540,-25.447,0.169,0.214,168.302
201.560,-22.693,0.153,0.214,168.369
201.580,-19.594,0.153,0.214,168.421
201.600,-16.248,0.138,0.214,168.464
201.620,-12.668,0.136,0.214,168.495
201.640,-8.918,0.119,0.214,168.516
201.660,-5.010,0.113,0.214,168.521
201.680,-1.025,0.097,0.214,168.513
201.700,2.936,0.094,0.214,168.492
201.720,6.861,0.074,0.214,168.457
201.740,10.687,0.065,0.214,168.412
201.760,14.396,0.052,0.214,168.356
201.780,17.883,0.038,0.214,168.295
201.800,21.135,0.030,0.214,168.223
201.820,24.105,0.018,0.214,168.158
201.840,26.719,0.009,0.214,168.086
201.860,28.957,-0.000,0.214,168.029
201.880,30.814,-0.009,0.214,167.965
201.900,32.238,-0.014,0.214,167.920
201.920,33.205,-0.017,0.214,167.869
201.940,33.709,-0.025,0.214,167.835
201.960,33.762,-0.025,0.214,167.811
201.980,33.363,-0.027,0.214,167.794
202.000,32.473,-0.025,0.214,167.783
202.020,31.154,-0.027,0.214,167.775
202.040,29.402,-0.025,0.214,167.777
202.060,27.264,-0.015,0.214,167.780
202.080,24.709,-0.013,0.214,167.781
202.100,21.838,-0.005,0.214,167.775
202.120,18.656,-0.001,0.214,167.771
202.140,15.199,0.013,0.214,167.757
202.160,11.549,0.016,0.214,167.737
202.180,7.746,0.036,0.214,167.706
202.200,3.844,0.037,0.214,167.667
202.220,-0.117,0.055,0.214,167.618
202.240,-4.078,0.065,0.214,167.559
202.260,-7.980,0.079,0.214,167.493
202.280,-11.801,0.090,0.214,167.420
202.300,-15.416,0.108,0.214,167.341
202.320,-18.820,0.111,0.214,167.262
202.340,-21.984,0.130,0.214,167.182
202.360,-24.809,0.134,0.214,167.106
202.380,-27.305,0.145,0.214,167.036
202.400,-29.426,0.154,0.214,166.971
202.420,-31.119,0.162,0.214,166.919
202.440,-32.367,0.165,0.214,166.888
202.460,-33.129,0.172,0.214,166.857
202.480,-33.480,0.178,0.214,166.847
202.500,-33.363,0.180,0.214,166.853
202.520,-32.795,0.182,0.214,166.868
202.540,-31.752,0.181,0.214,166.896
202.560,-30.234,0.178,0.214,166.933
202.580,-28.324,0.173,0.214,166.983
202.600,-26.021,0.169,0.214,167.031
202.620,-23.332,0.159,0.214,167.087
202.640,-20.314,0.157,0.214,167.134
202.660,-17.016,0.146,0.214,167.182
202.680,-13.488,0.139,0.214,167.224
202.700,-9.750,0.128,0.214,167.259
202.720,-5.883,0.116,0.214,167.286
202.740,-1.928,0.104,0.214,167.303
202.760,2.057,0.092,0.214,167.311
202.780,6.000,0.083,0.214,167.311
202.800,9.844,0.066,0.214,167.303
202.820,13.594,0.055,0.214,167.289
202.840,17.139,0.045,0.214,167.274
202.860,20.437,0.033,0.214,167.254
202.880,23.484,0.025,0.214,167.236
202.900,26.180,0.014,0.214,167.225
202.920,28.500,0.005,0.214,167.216
202.940,30.434,-0.005,0.214,167.216
202.960,31.951,-0.009,0.214,167.227
202.980,33.012,-0.016,0.214,167.243
203.000,33.645,-0.018,0.214,167.273
203.020,33.791,-0.025,0.214,167.308
203.040,33.486,-0.021,0.214,167.355
203.060,32.713,-0.025,0.214,167.412
203.080,31.500,-0.021,0.214,167.474
203.100,29.836,-0.026,0.214,167.543
203.120,27.785,-0.014,0.214,167.619
203.140,25.318,-0.018,0.214,167.687
203.160,22.500,-0.006,0.214,167.756
203.180,19.400,-0.003,0.214,167.814
203.200,15.990,0.012,0.214,167.867
203.220,12.393,0.015,0.214,167.903
203.240,8.625,0.029,0.214,167.931
203.260,4.746,0.034,0.214,167.945
203.280,0.791,0.049,0.214,167.947
203.300,-3.164,0.058,0.214,167.936
203.320,-7.107,0.073,0.214,167.912
203.340,-10.934,0.085,0.214,167.878
203.360,-14.596,0.095,0.214,167.832
203.380,-18.059,0.108,0.214,167.783
203.400,-21.270,0.117,0.214,167.727
203.420,-24.176,0.131,0.214,167.671
203.440,-26.748,0.136,0.214,167.611
203.460,-28.951,0.149,0.214,167.557
203.480,-30.762,0.156,0.214,167.507
203.500,-32.098,0.162,0.214,167.467
203.520,-33.000,0.168,0.214,167.429
203.540,-33.398,0.173,0.214,167.402
203.560,-33.434,0.172,0.214,167.391
203.580,-32.936,0.176,0.214,167.377
203.600,-32.004,0.173,0.214,167.379
203.620,-30.592,0.178,0.214,167.382
203.640,-28.764,0.170,0.214,167.396
203.660,-26.549,0.166,0.214,167.398
203.680,-23.947,0.163,0.214,167.404
203.700,-20.982,0.149,0.214,167.408
203.720,-17.754,0.148,0.214,167.405
203.740,-14.279,0.132,0.214,167.394
203.760,-10.582,0.129,0.214,167.373
203.780,-6.738,0.110,0.214,167.342
203.800,-2.789,0.103,0.214,167.297
203.820,1.172,0.091,0.214,167.243
203.840,5.145,0.082,0.214,167.178
203.860,9.000,0.066,0.214,167.104
203.880,12.791,0.055,0.214,167.022
203.900,16.377,0.041,0.214,166.936
203.920,19.734,0.029,0.214,166.849
203.940,22.828,0.019,0.214,166.764
203.960,25.617,0.013,0.214,166.680
203.980,28.008,0.000,0.214,166.600
204.000,30.035,-0.006,0.214,166.532
204.020,31.641,-0.011,0.214,166.468
204.040,32.818,-0.021,0.214,166.422
204.060,33.545,-0.022,0.214,166.387
204.080,33.809,-0.029,0.214,166.375
204.100,33.592,-0.025,0.214,166.374
204.120,32.912,-0.029,0.214,166.385
204.140,31.805,-0.028,0.214,166.398
204.160,30.246,-0.028,0.214,166.431
204.180,28.266,-0.022,0.214,166.466
204.200,25.898,-0.017,0.214,166.511
204.220,23.156,-0.010,0.214,166.550
204.240,20.104,-0.004,0.214,166.593
204.260,16.799,0.005,0.214,166.630
204.280,13.213,0.015,0.214,166.667
204.300,9.480,0.025,0.214,166.692
204.320,5.619,0.037,0.212,166.711
204.340,1.658,0.047,0.212,166.722
204.360,-2.309,0.059,0.212,166.724
204.380,-6.229,0.069,0.212,166.720
204.400,-10.102,0.081,0.212,166.709
204.420,-13.811,0.094,0.212,166.693
204.440,-17.303,0.105,0.212,166.677
204.460,-20.590,0.118,0.212,166.660
204.480,-23.578,0.124,0.212,166.648
204.500,-26.238,0.138,0.212,166.632
204.520,-28.512,0.145,0.212,166.635
204.540,-30.393,0.151,0.212,166.641
204.560,-31.852,0.161,0.212,166.658
204.580,-32.859,0.167,0.212,166.688
204.600,-33.369,0.176,0.212,166.738
204.620,-33.457,0.177,0.212,166.808
204.640,-33.117,0.178,0.212,166.879
204.660,-32.291,0.181,0.212,166.964
204.680,-30.979,0.177,0.212,167.059
204.700,-29.250,0.178,0.212,167.159
204.720,-27.117,0.169,0.212,167.258
204.740,-24.598,0.167,0.212,167.358
204.760,-21.727,0.154,0.212,167.448
204.780,-18.533,0.146,0.212,167.535
204.800,-15.111,0.138,0.212,167.608
204.820,-11.449,0.133,0.212,167.673
204.840,-7.641,0.116,0.212,167.728
204.860,-3.715,0.112,0.212,167.768
204.880,0.264,0.095,0.212,167.796
204.900,4.236,0.092,0.212,167.813
204.920,8.139,0.070,0.212,167.817
204.940,11.930,0.063,0.212,167.814
204.960,15.580,0.051,0.212,167.800
204.980,18.990,0.041,0.212,167.781
205.000,22.137,0.029,0.212,167.757
205.020,25.025,0.017,0.212,167.729
205.040,27.492,0.009,0.212,167.706
205.060,29.613,0.002,0.212,167.688
205.080,31.312,-0.007,0.212,167.674
205.100,32.602,-0.011,0.212,167.669
205.120,33.428,-0.017,0.212,167.668
205.140,33.791,-0.024,0.212,167.676
205.160,33.674,-0.022,0.212,167.693
205.180,33.111,-0.027,0.212,167.712
205.200,32.086,-0.023,0.212,167.736
205.220,30.627,-0.024,0.212,167.766
205.240,28.740,-0.013,0.212,167.797
205.260,26.473,-0.013,0.212,167.820
205.280,23.801,-0.005,0.212,167.845
205.300,20.812,-0.004,0.212,167.860
205.320,17.555,0.008,0.212,167.872
205.340,14.021,0.017,0.212,167.870
205.360,10.318,0.026,0.212,167.860
205.380,6.480,0.035,0.212,167.836
205.400,2.543,0.050,0.212,167.800
205.420,-1.424,0.054,0.212,167.752
205.440,-5.367,0.073,0.212,167.692
205.460,-9.246,0.079,0.212,167.623
205.480,-13.002,0.095,0.212,167.542
205.500,-16.541,0.105,0.212,167.457
205.520,-19.869,0.120,0.212,167.368
205.540,-22.928,0.129,0.212,167.279
205.560,-25.629,0.139,0.212,167.191
205.580,-28.031,0.150,0.212,167.104
205.600,-30.000,0.161,0.212,167.032
205.620,-31.541,0.159,0.212,166.964
205.640,-32.643,0.173,0.212,166.902
205.660,-33.264,0.170,0.212,166.858
205.680,-33.486,0.178,0.212,166.828
205.700,-33.229,0.173,0.212,166.806
205.720,-32.490,0.181,0.212,166.798
205.740,-31.307,0.176,0.212,166.803
205.760,-29.637,0.176,0.212,166.817
205.780,-27.604,0.167,0.212,166.830
205.800,-25.160,0.170,0.212,166.850
205.820,-22.354,0.151,0.212,166.873
205.840,-19.248,0.153,0.212,166.889
205.860,-15.873,0.135,0.212,166.906
205.880,-12.252,0.137,0.212,166.912
205.900,-8.496,0.113,0.212,166.915
205.920,-4.576,0.112,0.211,166.906
205.940,-0.621,0.092,0.211,166.891
205.960,3.363,0.088,0.211,166.869
205.980,7.289,0.073,0.211,166.838
206.000,11.092,0.062,0.211,166.804
206.020,14.801,0.048,0.211,166.764
206.040,18.258,0.037,0.211,166.726
206.060,21.469,0.028,0.211,166.689
206.080,24.410,0.016,0.211,166.656
206.100,26.977,0.012,0.211,166.632
206.120,29.180,-0.010,0.211,166.611
206.140,30.973,-0.001,0.211,166.616
206.160,32.361,-0.025,0.211,166.615
206.180,33.275,-0.009,0.211,166.650
206.200,33.744,-0.037,0.218,166.679
206.220,33.732,-0.016,0.218,166.751
206.240,33.281,-0.043,0.225,166.801
206.260,32.361,-0.015,0.225,166.907
206.280,31.002,-0.040,0.225,166.970
206.300,29.186,-0.017,0.225,167.087
206.320,27.023,-0.028,0.225,167.173
206.340,24.428,-0.004,0.225,167.286
206.360,21.510,-0.015,0.225,167.369
206.380,18.322,0.004,0.225,167.468
206.400,14.848,0.007,0.225,167.551
206.420,11.174,0.019,0.225,167.631
206.440,7.354,0.030,0.225,167.698
206.460,3.463,0.033,0.225,167.755
206.480,-0.516,0.055,0.225,167.801
206.500,-4.459,0.054,0.225,167.838
206.520,-8.385,0.081,0.225,167.862
206.540,-12.152,0.079,0.225,167.883
206.560,-15.756,0.104,0.225,167.890
206.580,-19.143,0.102,0.225,167.903
206.600,-22.254,0.128,0.225,167.899
206.620,-25.061,0.125,0.225,167.914
206.640,-27.492,0.146,0.225,167.914
206.660,-29.590,0.144,0.225,167.937
206.680,-31.242,0.166,0.225,167.945
206.700,-32.426,0.158,0.225,167.985
206.720,-33.164,0.176,0.225,168.013
206.740,-33.434,0.170,0.225,168.071
206.760,-33.316,0.178,0.225,168.120
206.780,-32.689,0.172,0.225,168.181
206.800,-31.582,0.174,0.225,168.237
206.820,-30.035,0.174,0.225,168.301
206.840,-28.078,0.167,0.225,168.366
206.860,-25.752,0.167,0.225,168.422
206.880,-23.027,0.157,0.225,168.479
206.900,-19.957,0.150,0.225,168.522
206.920,-16.641,0.140,0.225,168.558
206.940,-13.090,0.135,0.225,168.580
206.960,-9.346,0.118,0.225,168.592
206.980,-5.455,0.114,0.225,168.589
207.000,-1.506,0.093,0.225,168.572
207.020,2.479,0.095,0.225,168.542
207.040,6.410,0.070,0.225,168.498
207.060,10.242,0.070,0.225,168.443
207.080,13.980,0.046,0.225,168.376
207.100,17.502,0.043,0.225,168.305
207.120,20.771,0.025,0.225,168.222
207.140,23.789,0.021,0.225,168.144
207.160,26.437,0.004,0.225,168.060
207.180,28.729,0.005,0.225,167.993
207.200,30.609,-0.011,0.225,167.916
207.220,32.092,-0.013,0.225,167.857
207.240,33.123,-0.019,0.225,167.803
207.260,33.668,-0.020,0.225,167.755
207.280,33.791,-0.028,0.225,167.718
207.300,33.428,-0.027,0.225,167.691
207.320,32.596,-0.026,0.225,167.675
207.340,31.330,-0.029,0.225,167.656
207.360,29.625,-0.017,0.225,167.647
207.380,27.551,-0.020,0.225,167.633
207.400,25.043,-0.010,0.225,167.632
207.420,22.178,-0.004,0.225,167.619
207.440,19.037,0.000,0.225,167.609
207.460,15.627,0.011,0.225,167.593
207.480,12.000,0.016,0.225,167.573
207.500,8.209,0.033,0.225,167.543
207.520,4.312,0.036,0.224,167.502
207.540,0.346,0.054,0.224,167.454
207.560,-3.604,0.058,0.224,167.397
207.580,-7.529,0.078,0.224,167.331
207.600,-11.361,0.081,0.224,167.260
207.620,-14.988,0.106,0.224,167.180
207.640,-18.434,0.103,0.224,167.105
207.660,-21.621,0.127,0.224,167.021
207.680,-24.486,0.127,0.224,166.949
207.700,-27.047,0.147,0.224,166.874
207.720,-29.203,0.145,0.224,166.824
207.740,-30.932,0.161,0.224,166.766
207.760,-32.244,0.161,0.224,166.739
207.780,-33.076,0.173,0.224,166.712
207.800,-33.445,0.172,0.224,166.712
207.820,-33.410,0.181,0.224,166.710
207.840,-32.895,0.177,0.224,166.738
207.860,-31.916,0.181,0.224,166.767
207.880,-30.434,0.178,0.224,166.820
207.900,-28.594,0.176,0.224,166.872
207.920,-26.332,0.170,0.224,166.932
207.940,-23.701,0.161,0.224,166.991
207.960,-20.689,0.157,0.224,167.049
207.980,-17.426,0.146,0.224,167.102
208.000,-13.939,0.144,0.224,167.153
208.020,-10.219,0.127,0.224,167.196
208.040,-6.352,0.126,0.224,167.228
208.060,-2.414,0.100,0.224,167.252
208.080,1.582,0.099,0.224,167.264
208.100,5.525,0.079,0.224,167.267
208.120,9.410,0.072,0.224,167.264
208.140,13.154,0.057,0.224,167.252
208.160,16.717,0.054,0.224,167.239
208.180,20.068,0.029,0.224,167.220
208.200,23.139,0.031,0.224,167.205
208.220,25.893,0.012,0.224,167.188
208.240,28.248,0.008,0.224,167.177
208.260,30.229,-0.002,0.224,167.174
208.280,31.793,-0.008,0.224,167.173
208.300,32.912,-0.017,0.224,167.189
208.320,33.586,-0.024,0.224,167.216
208.340,33.803,-0.020,0.224,167.260
208.360,33.545,-0.026,0.224,167.295
208.380,32.824,-0.023,0.224,167.357
208.400,31.652,-0.027,0.224,167.402
208.420,30.047,-0.019,0.224,167.471
208.440,28.037,-0.024,0.224,167.521
208.460,25.617,-0.004,0.224,167.593
208.480,22.852,-0.017,0.224,167.631
208.500,19.775,0.010,0.224,167.690
208.520,16.424,-0.002,0.224,167.718
208.540,12.826,0.029,0.224,167.754
208.560,9.082,0.019,0.224,167.765
208.580,5.197,0.045,0.224,167.771
208.600,1.260,0.044,0.224,167.761
208.620,-2.725,0.064,0.224,167.738
208.640,-6.645,0.070,0.224,167.703
208.660,-10.506,0.087,0.224,167.656
208.680,-14.174,0.094,0.224,167.599
208.700,-17.654,0.108,0.224,167.540
208.720,-20.912,0.117,0.224,167.466
208.740,-23.848,0.128,0.224,167.403
208.760,-26.461,0.137,0.224,167.318
208.780,-28.711,0.144,0.224,167.263
208.800,-30.551,0.159,0.224,167.181
208.820,-31.945,0.157,0.224,167.151
208.840,-32.895,0.174,0.224,167.079
208.860,-33.352,0.171,0.224,167.072
208.880,-33.445,0.180,0.224,167.034
208.900,-33.012,0.171,0.224,167.037
208.920,-32.133,0.179,0.224,167.008
208.940,-30.785,0.171,0.224,167.022
208.960,-28.980,0.178,0.224,167.017
208.980,-26.824,0.161,0.224,167.033
209.000,-24.270,0.166,0.224,167.031
209.020,-21.363,0.146,0.224,167.037
209.040,-18.164,0.149,0.224,167.033
209.060,-14.713,0.132,0.224,167.023
209.080,-11.033,0.128,0.224,167.008
209.100,-7.195,0.112,0.224,166.979
209.120,-3.270,0.104,0.224,166.943
209.140,0.686,0.093,0.224,166.895
209.160,4.670,0.082,0.224,166.838
209.180,8.549,0.070,0.224,166.774
209.200,12.328,0.056,0.224,166.700
209.220,15.955,0.045,0.224,166.628
209.240,19.348,0.034,0.224,166.546
209.260,22.477,0.020,0.224,166.477
209.280,25.312,0.010,0.224,166.402
209.300,27.738,0.004,0.224,166.349
209.320,29.824,-0.005,0.224,166.291
209.340,31.477,-0.013,0.224,166.253
209.360,32.713,-0.020,0.224,166.221
209.380,33.480,-0.021,0.224,166.209
209.400,33.797,-0.025,0.224,166.212
209.420,33.650,-0.024,0.224,166.223
209.440,33.023,-0.026,0.224,166.251
209.460,31.963,-0.030,0.224,166.288
209.480,30.445,-0.025,0.224,166.343
209.500,28.535,-0.026,0.224,166.398
209.520,26.203,-0.013,0.224,166.468
209.540,23.490,-0.017,0.224,166.523
209.560,20.502,-0.002,0.224,166.594
209.580,17.197,-0.001,0.224,166.647
209.600,13.646,0.012,0.224,166.710
209.620,9.914,0.019,0.224,166.755
209.640,6.070,0.035,0.224,166.798
209.660,2.145,0.040,0.224,166.827
209.680,-1.834,0.056,0.224,166.849
209.700,-5.760,0.065,0.224,166.864
209.720,-9.668,0.082,0.224,166.869
209.740,-13.365,0.091,0.224,166.874
209.760,-16.893,0.107,0.224,166.869
209.780,-20.215,0.116,0.224,166.872
209.800,-23.227,0.124,0.224,166.871
209.820,-25.928,0.139,0.224,166.873
209.840,-28.266,0.143,0.224,166.882
209.860,-30.199,0.154,0.224,166.901
209.880,-31.723,0.157,0.224,166.931
209.900,-32.766,0.169,0.224,166.964
209.920,-33.352,0.171,0.224,167.024
209.940,-33.475,0.178,0.224,167.080
209.960,-33.187,0.176,0.224,167.161
209.980,-32.420,0.180,0.224,167.239
210.000,-31.160,0.172,0.224,167.328
210.020,-29.467,0.180,0.224,167.417
210.040,-27.363,0.166,0.224,167.518
210.060,-24.914,0.171,0.224,167.610
210.080,-22.078,0.150,0.224,167.700
210.100,-18.914,0.151,0.224,167.777
210.120,-15.510,0.137,0.224,167.847
210.140,-11.900,0.137,0.224,167.906
210.160,-8.104,0.117,0.224,167.953
210.180,-4.184,0.114,0.224,167.987
210.200,-0.205,0.094,0.224,168.006
210.220,3.762,0.091,0.224,168.012
210.240,7.676,0.073,0.224,168.005
210.260,11.473,0.066,0.224,167.987
210.280,15.164,0.052,0.224,167.962
210.300,18.580,0.037,0.224,167.923
210.320,21.779,0.031,0.224,167.890
210.340,24.709,0.016,0.224,167.844
210.360,27.223,0.013,0.224,167.810
210.380,29.396,0.000,0.224,167.766
210.400,31.143,-0.004,0.224,167.739
210.420,32.473,-0.015,0.224,167.708
210.440,33.346,-0.014,0.224,167.697
210.460,33.773,-0.025,0.224,167.683
210.480,33.715,-0.020,0.224,167.690
210.500,33.211,-0.028,0.224,167.689
210.520,32.238,-0.016,0.224,167.701
210.540,30.826,-0.025,0.224,167.705
210.560,28.986,-0.014,0.224,167.722
210.580,26.754,-0.015,0.224,167.736
210.600,24.111,-0.006,0.224,167.746
210.620,21.176,-0.000,0.224,167.757
210.640,17.959,0.007,0.224,167.750
210.660,14.449,0.016,0.224,167.743
210.680,10.770,0.023,0.224,167.720
210.700,6.937,0.037,0.224,167.690
210.720,3.012,0.048,0.224,167.645
210.740,-0.955,0.058,0.224,167.591
210.760,-4.904,0.066,0.224,167.526
210.780,-8.812,0.085,0.224,167.447
210.800,-12.557,0.094,0.224,167.366
210.820,-16.148,0.112,0.224,167.275
210.840,-19.512,0.112,0.224,167.186
210.860,-22.611,0.135,0.224,167.086
210.880,-25.342,0.135,0.224,167.004
210.900,-27.779,0.152,0.224,166.919
210.920,-29.789,0.153,0.224,166.843
210.940,-31.418,0.166,0.224,166.775
210.960,-32.543,0.166,0.224,166.720
210.980,-33.217,0.176,0.224,166.679
211.000,-33.486,0.175,0.224,166.651
211.020,-33.275,0.179,0.224,166.644
211.040,-32.607,0.177,0.224,166.630
211.060,-31.465,0.178,0.224,166.651
211.080,-29.865,0.179,0.224,166.658
211.100,-27.879,0.171,0.224,166.703
211.120,-25.494,0.169,0.224,166.721
211.140,-22.740,0.154,0.224,166.765
211.160,-19.641,0.159,0.224,166.786
211.180,-16.283,0.137,0.224,166.825
211.200,-12.715,0.141,0.224,166.842
211.220,-8.936,0.118,0.224,166.864
211.240,-5.045,0.119,0.221,166.872
211.260,-1.084,0.096,0.221,166.876
211.280,2.900,0.096,0.211,166.871
211.300,6.814,0.072,0.211,166.857
211.320,10.652,0.069,0.211,166.842
211.340,14.361,0.049,0.211,166.818
211.360,17.859,0.048,0.211,166.796
211.380,21.094,0.025,0.211,166.774
211.400,24.082,0.022,0.211,166.758
211.420,26.689,0.007,0.211,166.753
211.440,28.945,0.003,0.211,166.756
211.460,30.773,-0.008,0.211,166.773
211.480,32.209,-0.014,0.211,166.792
211.500,33.187,-0.019,0.211,166.837
211.520,33.703,-0.027,0.211,166.885
211.540,33.768,-0.025,0.211,166.967
211.560,33.369,-0.030,0.211,167.036
211.580,32.490,-0.027,0.211,167.138
211.600,31.178,-0.028,0.211,167.224
211.620,29.414,-0.025,0.211,167.333
211.640,27.299,-0.022,0.211,167.436
211.660,24.744,-0.012,0.211,167.546
211.680,21.873,-0.013,0.211,167.642
211.700,18.709,0.002,0.211,167.743
211.720,15.246,0.004,0.211,167.830
211.740,11.613,0.020,0.211,167.912
211.760,7.822,0.023,0.211,167.979
211.780,3.920,0.039,0.211,168.035
211.800,-0.053,0.045,0.211,168.079
211.820,-4.002,0.058,0.211,168.109
211.840,-7.922,0.072,0.211,168.129
211.860,-11.707,0.085,0.211,168.140
211.880,-15.346,0.097,0.211,168.141
211.900,-18.756,0.106,0.211,168.137
211.920,-21.896,0.120,0.211,168.127
211.940,-24.744,0.130,0.211,168.119
211.960,-27.229,0.140,0.211,168.108
211.980,-29.355,0.146,0.211,168.100
212.000,-31.072,0.157,0.211,168.089
212.020,-32.309,0.155,0.211,168.091
212.040,-33.105,0.174,0.211,168.094
212.060,-33.428,0.168,0.211,168.117
212.080,-33.346,0.178,0.211,168.141
212.100,-32.783,0.170,0.211,168.166
212.120,-31.734,0.176,0.211,168.198
212.140,-30.240,0.173,0.211,168.230
212.160,-28.330,0.168,0.211,168.268
212.180,-26.027,0.166,0.211,168.297
212.200,-23.367,0.154,0.211,168.326
212.220,-20.332,0.152,0.211,168.336
212.240,-17.051,0.140,0.211,168.345
212.260,-13.518,0.134,0.211,168.337
212.280,-9.791,0.120,0.211,168.320
212.300,-5.918,0.117,0.211,168.286
212.320,-1.980,0.096,0.211,168.240
212.340,2.010,0.095,0.211,168.180
212.360,5.953,0.073,0.211,168.105
212.380,9.797,0.074,0.211,168.021
212.400,13.541,0.046,0.211,167.922
212.420,17.098,0.048,0.211,167.823
212.440,20.391,0.025,0.211,167.710
212.460,23.437,0.029,0.211,167.600
212.480,26.156,0.005,0.211,167.483
212.500,28.477,0.006,0.211,167.381
212.520,30.410,-0.013,0.211,167.277
212.540,31.928,-0.008,0.211,167.191
212.560,33.006,-0.023,0.211,167.102
212.580,33.633,-0.017,0.211,167.029
212.600,33.797,-0.031,0.212,166.968
212.620,33.498,-0.024,0.212,166.920
212.640,32.730,-0.028,0.212,166.884
212.660,31.506,-0.025,0.212,166.843
212.680,29.836,-0.026,0.212,166.818
212.700,27.814,-0.020,0.212,166.796
212.720,25.342,-0.013,0.212,166.785
212.740,22.523,-0.004,0.212,166.764
212.760,19.430,-0.001,0.212,166.747
212.780,16.049,0.012,0.212,166.723
212.800,12.434,0.016,0.212,166.696
212.820,8.660,0.030,0.212,166.662
212.840,4.787,0.041,0.212,166.621
212.860,0.826,0.049,0.211,166.571
212.880,-3.158,0.066,0.211,166.514
212.900,-7.078,0.072,0.211,166.451
212.920,-10.916,0.088,0.211,166.382
212.940,-14.584,0.095,0.211,166.309
212.960,-18.041,0.111,0.211,166.234
212.980,-21.258,0.120,0.211,166.162
213.000,-24.164,0.128,0.211,166.096
213.020,-26.754,0.142,0.211,166.029
213.040,-28.957,0.149,0.211,165.986
213.060,-30.762,0.160,0.211,165.943
213.080,-32.133,0.161,0.211,165.929
213.100,-33.018,0.174,0.211,165.907
213.120,-33.410,0.174,0.211,165.930
213.140,-33.434,0.180,0.211,165.950
213.160,-32.994,0.178,0.211,165.998
213.180,-32.068,0.182,0.213,166.051
213.200,-30.662,0.177,0.213,166.122
213.220,-28.834,0.182,0.213,166.198
213.240,-26.602,0.164,0.213,166.289
213.260,-24.023,0.167,0.213,166.371
213.280,-21.076,0.153,0.213,166.457
213.300,-17.818,0.153,0.213,166.534
213.320,-14.367,0.137,0.213,166.612
213.340,-10.646,0.134,0.213,166.682
213.360,-6.820,0.118,0.213,166.742
213.380,-2.871,0.105,0.213,166.791
213.400,1.102,0.098,0.213,166.831
213.420,5.068,0.083,0.213,166.861
213.440,8.930,0.073,0.213,166.886
213.460,12.721,0.055,0.213,166.900
213.480,16.307,0.054,0.213,166.916
213.500,19.670,0.029,0.213,166.918
213.520,22.770,0.034,0.213,166.936
213.540,25.576,0.010,0.213,166.935
213.560,27.973,0.016,0.213,166.961
213.580,30.023,-0.009,0.213,166.968
213.600,31.617,-0.001,0.213,167.009
213.620,32.812,-0.021,0.213,167.035
213.640,33.533,-0.012,0.213,167.094
213.660,33.797,-0.027,0.213,167.146
213.680,33.604,-0.019,0.213,167.219
213.700,32.936,-0.029,0.213,167.287
213.720,31.816,-0.016,0.213,167.363
213.740,30.252,-0.025,0.213,167.442
213.760,28.295,-0.013,0.213,167.518
213.780,25.939,-0.015,0.213,167.597
213.800,23.197,-0.006,0.213,167.665
213.820,20.145,0.001,0.213,167.735
213.840,16.840,0.007,0.213,167.785
213.860,13.266,0.017,0.213,167.834
213.880,9.527,0.026,0.213,167.862
213.900,5.666,0.044,0.213,167.880
213.920,1.723,0.047,0.213,167.882
213.940,-2.250,0.057,0.213,167.871
213.960,-6.170,0.072,0.213,167.847
213.980,-10.049,0.085,0.213,167.810
214.000,-13.758,0.096,0.213,167.766
214.020,-17.256,0.108,0.213,167.711
214.040,-20.555,0.116,0.213,167.652
214.060,-23.520,0.132,0.213,167.588
214.080,-26.162,0.133,0.213,167.529
214.100,-28.465,0.151,0.213,167.467
214.120,-30.381,0.154,0.213,167.415
214.140,-31.799,0.162,0.213,167.368
214.160,-32.830,0.169,0.213,167.327
214.180,-33.340,0.170,0.213,167.300
214.200,-33.463,0.174,0.213,167.280
214.220,-33.088,0.176,0.213,167.270
214.240,-32.285,0.174,0.213,167.263
214.260,-30.984,0.171,0.213,167.269
214.280,-29.232,0.177,0.213,167.269
214.300,-27.100,0.161,0.213,167.291
214.320,-24.598,0.170,0.213,167.290
214.340,-21.727,0.145,0.213,167.310
214.360,-18.557,0.156,0.213,167.303
214.380,-15.129,0.125,0.213,167.309
214.400,-11.490,0.141,0.213,167.291
214.420,-7.652,0.104,0.213,167.275
214.440,-3.744,0.113,0.213,167.241
214.460,0.217,0.084,0.213,167.200
214.480,4.189,0.091,0.213,167.150
214.500,8.098,0.063,0.213,167.089
214.520,11.895,0.064,0.213,167.028
214.540,15.533,0.045,0.213,166.955
214.560,18.955,0.035,0.213,166.884
214.580,22.113,0.025,0.213,166.816
214.600,24.990,0.009,0.213,166.743
214.620,27.475,0.009,0.213,166.696
214.640,29.602,-0.013,0.213,166.637
214.660,31.295,0.000,0.213,166.617
214.680,32.590,-0.028,0.213,166.572
214.700,33.410,-0.010,0.213,166.581
214.720,33.779,-0.038,0.220,166.571
214.740,33.686,-0.016,0.220,166.610
214.760,33.129,-0.042,0.224,166.630
214.780,32.104,-0.021,0.224,166.692
214.800,30.639,-0.038,0.224,166.739
214.820,28.775,-0.020,0.224,166.815
214.840,26.508,-0.022,0.224,166.881
214.860,23.824,-0.012,0.224,166.953
214.880,20.865,-0.009,0.224,167.028
214.900,17.602,0.002,0.224,167.093
214.920,14.074,0.012,0.224,167.158
214.940,10.389,0.020,0.224,167.211
214.960,6.545,0.036,0.224,167.261
214.980,2.613,0.036,0.224,167.297
215.000,-1.354,0.060,0.224,167.326
215.020,-5.291,0.054,0.224,167.349
215.040,-9.199,0.085,0.224,167.357
215.060,-12.937,0.078,0.224,167.371
215.080,-16.512,0.108,0.224,167.364
215.100,-19.834,0.102,0.224,167.378
215.120,-22.893,0.130,0.224,167.365
215.140,-25.617,0.125,0.224,167.384
215.160,-27.973,0.148,0.224,167.379
215.180,-29.982,0.145,0.224,167.412
215.200,-31.541,0.163,0.224,167.426
215.220,-32.643,0.158,0.224,167.510
215.240,-33.287,0.173,0.224,167.510
215.260,-33.451,0.166,0.224,167.578
215.280,-33.223,0.176,0.224,167.637
215.300,-32.525,0.171,0.224,167.713
215.320,-31.324,0.172,0.224,167.783
215.340,-29.678,0.174,0.224,167.864
215.360,-27.627,0.161,0.224,167.946
215.380,-25.219,0.164,0.224,168.019
215.400,-22.430,0.153,0.224,168.091
215.420,-19.301,0.149,0.224,168.151
215.440,-15.937,0.136,0.224,168.207
215.460,-12.334,0.132,0.224,168.244
215.480,-8.561,0.119,0.224,168.274
215.500,-4.641,0.114,0.224,168.287
215.520,-0.691,0.095,0.224,168.287
215.540,3.293,0.095,0.224,168.273
215.560,7.225,0.072,0.224,168.243
215.580,11.039,0.073,0.224,168.202
215.600,14.730,0.049,0.224,168.146
215.620,18.205,0.041,0.224,168.088
215.640,21.416,0.028,0.224,168.024
215.660,24.375,0.018,0.224,167.954
215.680,26.936,0.012,0.224,167.891
215.700,29.162,0.000,0.224,167.821
215.720,30.943,-0.004,0.224,167.763
215.740,32.338,-0.012,0.224,167.703
215.760,33.270,-0.015,0.224,167.657
215.780,33.738,-0.022,0.224,167.611
215.800,33.732,-0.022,0.224,167.590
215.820,33.299,-0.026,0.224,167.553
215.840,32.361,-0.022,0.224,167.540
215.860,31.014,-0.025,0.224,167.516
215.880,29.203,-0.019,0.224,167.513
215.900,27.053,-0.013,0.224,167.497
215.920,24.451,-0.007,0.224,167.487
215.940,21.533,-0.000,0.224,167.466
215.960,18.346,0.001,0.224,167.440
215.980,14.871,0.013,0.224,167.414
216.000,11.209,0.020,0.224,167.375
216.020,7.395,0.037,0.224,167.328
216.040,3.480,0.044,0.224,167.267
216.060,-0.475,0.057,0.224,167.199
216.080,-4.441,0.063,0.224,167.121
216.100,-8.344,0.082,0.224,167.031
216.120,-12.141,0.093,0.224,166.940
216.140,-15.727,0.105,0.224,166.744
216.160,-19.125,0.114,0.224,166.744
216.180,-22.271,0.131,0.224,166.637
216.200,-25.037,0.136,0.224,166.554
216.220,-27.521,0.149,0.224,166.457
216.240,-29.596,0.155,0.224,166.388
216.260,-31.266,0.166,0.224,166.316
216.280,-32.455,0.170,0.224,166.276
216.300,-33.187,0.174,0.224,166.232
216.320,-33.498,0.177,0.224,166.219
216.340,-33.328,0.178,0.224,166.207
216.360,-32.725,0.181,0.224,166.221
216.380,-31.635,0.182,0.224,166.246
216.400,-30.076,0.178,0.224,166.284
216.420,-28.137,0.175,0.224,166.332
216.440,-25.781,0.170,0.224,166.385
216.460,-23.074,0.165,0.224,166.442
216.480,-20.027,0.157,0.224,166.492
216.500,-16.687,0.148,0.224,166.548
216.520,-13.148,0.137,0.224,166.598
216.540,-9.387,0.128,0.224,166.640
216.560,-5.514,0.115,0.224,166.675
216.580,-1.564,0.103,0.224,166.701
216.600,2.420,0.091,0.224,166.721
216.620,6.357,0.082,0.224,166.734
216.640,10.195,0.066,0.224,166.742
216.660,13.928,0.054,0.224,166.746
216.680,17.449,0.045,0.224,166.752
216.700,20.730,0.031,0.224,166.755
216.720,23.742,0.020,0.224,166.766
216.740,26.414,0.014,0.224,166.784
216.760,28.687,0.005,0.224,166.803
216.780,30.586,-0.005,0.224,166.833
216.800,32.080,-0.011,0.224,166.879
216.820,33.094,-0.017,0.224,166.932
216.840,33.662,-0.021,0.224,166.998
216.860,33.779,-0.022,0.224,167.087
216.880,33.439,-0.025,0.224,167.166
216.900,32.602,-0.025,0.224,167.278
216.920,31.354,-0.022,0.224,167.369
216.940,29.637,-0.025,0.224,167.487
216.960,27.574,-0.015,0.224,167.584
216.980,25.066,-0.014,0.224,167.703
217.000,22.225,-0.008,0.224,167.793
217.020,19.090,-0.000,0.224,167.894
217.040,15.674,0.009,0.224,167.971
217.060,12.053,0.016,0.224,168.048
217.080,8.279,0.026,0.224,168.105
217.100,4.359,0.037,0.224,168.151
217.120,0.434,0.051,0.224,168.182
217.140,-3.539,0.057,0.224,168.198
217.160,-7.453,0.075,0.224,168.200
217.180,-11.262,0.085,0.224,168.194
217.200,-14.912,0.099,0.224,168.172
217.220,-18.357,0.108,0.224,168.153
217.240,-21.551,0.120,0.224,168.109
217.260,-24.422,0.128,0.224,168.084
217.280,-26.936,0.138,0.224,168.031
217.300,-29.121,0.147,0.224,168.009
217.320,-30.891,0.155,0.224,167.958
217.340,-32.186,0.160,0.224,167.947
217.360,-33.041,0.169,0.224,167.910
217.380,-33.404,0.170,0.224,167.913
217.400,-33.404,0.176,0.224,167.898
217.420,-32.877,0.172,0.224,167.903
217.440,-31.875,0.173,0.224,167.898
217.460,-30.439,0.173,0.224,167.903
217.480,-28.570,0.171,0.224,167.909
217.500,-26.326,0.167,0.224,167.914
217.520,-23.689,0.163,0.224,167.917
217.540,-20.701,0.151,0.224,167.902
217.560,-17.455,0.146,0.224,167.902
217.580,-13.957,0.134,0.224,167.877
217.600,-10.236,0.127,0.224,167.849
217.620,-6.387,0.112,0.224,167.802
217.640,-2.449,0.103,0.224,167.747
217.660,1.535,0.090,0.224,167.678
217.680,5.484,0.081,0.224,167.596
217.700,9.357,0.067,0.224,167.508
217.720,13.119,0.054,0.224,167.405
217.740,16.687,0.045,0.224,167.306
217.760,20.021,0.033,0.224,167.191
217.780,23.098,0.022,0.224,167.087
217.800,25.852,0.011,0.224,166.975
217.820,28.213,0.003,0.224,166.880
217.840,30.199,-0.008,0.224,166.780
217.860,31.764,-0.011,0.224,166.703
217.880,32.900,-0.021,0.224,166.625
217.900,33.580,-0.020,0.224,166.569
217.920,33.803,-0.029,0.224,166.526
217.940,33.551,-0.027,0.224,166.492
217.960,32.824,-0.029,0.224,166.477
217.980,31.682,-0.027,0.224,166.468
218.000,30.053,-0.027,0.224,166.473
218.020,28.072,-0.020,0.224,166.481
218.040,25.664,-0.017,0.224,166.496
218.060,22.887,-0.011,0.224,166.512
218.080,19.816,-0.004,0.224,166.533
218.100,16.453,0.007,0.224,166.546
218.120,12.879,0.015,0.224,166.559
218.140,9.117,0.028,0.224,166.560
218.160,5.244,0.037,0.224,166.557
218.180,1.289,0.046,0.224,166.543
218.200,-2.684,0.060,0.224,166.523
218.220,-6.609,0.071,0.224,166.495
218.240,-10.471,0.086,0.224,166.462
218.260,-14.145,0.096,0.224,166.425
218.280,-17.648,0.109,0.224,166.388
218.300,-20.900,0.120,0.224,166.350
218.320,-23.842,0.130,0.224,166.316
218.340,-26.455,0.139,0.224,166.287
218.360,-28.693,0.147,0.224,166.269
218.380,-30.568,0.161,0.224,166.259
218.400,-31.980,0.163,0.224,166.273
218.420,-32.918,0.169,0.224,166.290
218.440,-33.387,0.178,0.224,166.329
218.460,-33.457,0.170,0.224,166.385
218.480,-33.064,0.180,0.224,166.437
218.500,-32.197,0.177,0.224,166.510
218.520,-30.850,0.178,0.224,166.589
218.540,-29.068,0.181,0.224,166.686
218.560,-26.895,0.161,0.224,166.788
218.580,-24.352,0.175,0.224,166.877
218.600,-21.439,0.146,0.224,166.976
218.620,-18.223,0.162,0.224,167.053
218.640,-14.777,0.124,0.224,167.139
218.660,-11.104,0.146,0.224,167.201
218.680,-7.283,0.103,0.224,167.263
218.700,-3.340,0.129,0.224,167.304
218.720,0.621,0.070,0.224,167.339
218.740,4.600,0.108,0.224,167.363
218.760,8.490,0.050,0.224,167.369
218.780,12.275,0.087,0.224,167.381
218.800,15.896,0.026,0.224,167.361
218.820,19.301,0.060,0.224,167.369
218.840,22.424,0.008,0.224,167.340
218.860,25.260,0.044,0.224,167.307
218.880,27.715,-0.010,0.224,167.307
218.900,29.795,0.019,0.224,167.323
218.920,31.447,-0.024,0.224,167.296
218.940,32.684,0.002,0.224,167.327
218.960,33.480,-0.031,0.224,167.323
218.980,33.791,-0.008,0.224,167.366
219.000,33.650,-0.035,0.224,167.379
219.020,33.029,-0.014,0.224,167.435
219.040,31.969,-0.029,0.224,167.466
219.060,30.451,-0.017,0.224,167.522
219.080,28.559,-0.023,0.224,167.563
219.100,26.244,-0.005,0.224,167.612
219.120,23.531,-0.012,0.224,167.644
219.140,20.525,0.005,0.224,167.680
219.160,17.250,0.004,0.224,167.698
219.180,13.676,0.017,0.224,167.713
219.200,9.990,0.025,0.224,167.715
219.220,6.129,0.034,0.224,167.704
219.240,2.191,0.045,0.224,167.680
219.260,-1.775,0.056,0.224,167.643
219.280,-5.725,0.068,0.224,167.533
219.300,-9.592,0.082,0.224,167.533
219.320,-13.336,0.093,0.224,167.462
219.340,-16.852,0.107,0.224,167.383
219.360,-20.156,0.110,0.224,167.303
219.380,-23.174,0.131,0.224,167.212
219.400,-25.869,0.132,0.224,167.133
219.420,-28.207,0.150,0.224,167.046
219.440,-30.176,0.151,0.224,166.975
219.460,-31.693,0.166,0.224,166.904
219.480,-32.742,0.164,0.224,166.854
219.500,-33.305,0.174,0.224,166.801
219.520,-33.480,0.171,0.224,166.775
219.540,-33.164,0.177,0.224,166.743
219.560,-32.396,0.174,0.224,166.733
219.580,-31.166,0.178,0.224,166.733
219.600,-29.490,0.174,0.224,166.741
219.620,-27.369,0.167,0.224,166.741
219.640,-24.908,0.165,0.224,166.749
219.660,-22.090,0.156,0.224,166.761
219.680,-18.949,0.152,0.224,166.766
219.700,-15.539,0.135,0.224,166.766
219.720,-11.918,0.137,0.224,166.742
219.740,-8.133,0.113,0.224,166.742
219.760,-4.219,0.112,0.219,166.714
219.780,-0.246,0.092,0.219,166.678
219.800,3.721,0.091,0.217,166.633
219.820,7.641,0.067,0.217,166.579
219.840,11.461,0.062,0.217,166.521
219.860,15.123,0.046,0.217,166.456
219.880,18.557,0.041,0.217,166.391
219.900,21.744,0.021,0.217,166.321
219.920,24.662,0.016,0.217,166.263
219.940,27.199,0.002,0.217,166.209
219.960,29.373,-0.001,0.217,166.168
219.980,31.113,-0.011,0.217,166.136
220.000,32.455,-0.017,0.217,166.114
220.020,33.334,-0.022,0.217,166.108
220.040,33.756,-0.025,0.217,166.120
220.060,33.709,-0.025,0.217,166.148
220.080,33.217,-0.029,0.217,166.187
220.100,32.256,-0.028,0.217,166.245
220.120,30.838,-0.028,0.217,166.304
220.140,29.016,-0.026,0.217,166.378
220.160,26.795,-0.014,0.217,166.454
220.180,24.170,-0.017,0.217,166.527
220.200,21.217,-0.006,0.217,166.603
220.220,18.000,-0.001,0.217,166.674
220.240,14.514,0.011,0.217,166.740
220.260,10.828,0.019,0.217,166.798
220.280,7.014,0.030,0.217,166.847
220.300,3.076,0.039,0.217,166.886
220.320,-0.873,0.057,0.217,166.915
220.340,-4.834,0.058,0.217,166.936
220.360,-8.736,0.078,0.217,166.947
220.380,-12.486,0.087,0.217,166.953
220.400,-16.090,0.104,0.217,166.953
220.420,-19.436,0.110,0.217,166.956
220.440,-22.541,0.126,0.217,166.952
220.460,-25.307,0.133,0.217,166.959
220.480,-27.715,0.139,0.217,166.963
220.500,-29.771,0.153,0.217,166.976
220.520,-31.377,0.155,0.217,167.000
220.540,-32.520,0.169,0.217,167.031
220.560,-33.234,0.166,0.217,167.081
220.580,-33.445,0.178,0.217,167.135
220.600,-33.270,0.172,0.217,167.205
220.620,-32.613,0.182,0.218,167.274
220.640,-31.488,0.170,0.218,167.364
220.660,-29.900,0.182,0.218,167.442
220.680,-27.885,0.162,0.218,167.536
220.700,-25.506,0.170,0.218,167.610
220.720,-22.764,0.153,0.218,167.690
220.740,-19.687,0.155,0.218,167.754
220.760,-16.348,0.140,0.218,167.819
220.780,-12.773,0.137,0.218,167.866
220.800,-9.012,0.120,0.218,167.904
220.820,-5.115,0.115,0.218,167.925
220.840,-1.137,0.099,0.218,167.935
220.860,2.812,0.092,0.218,167.930
220.880,6.768,0.074,0.218,167.913
220.900,10.600,0.062,0.218,167.886
220.920,14.309,0.052,0.218,167.849
220.940,17.812,0.040,0.218,167.804
220.960,21.053,0.034,0.218,167.759
220.980,24.035,0.018,0.218,167.702
221.000,26.666,0.013,0.218,167.606
221.020,28.916,-0.004,0.218,167.606
221.040,30.756,0.001,0.218,167.563
221.060,32.186,-0.014,0.218,167.519
221.080,33.187,-0.013,0.218,167.491
221.100,33.703,-0.023,0.218,167.465
221.120,33.756,-0.023,0.218,167.466
221.140,33.381,-0.029,0.218,167.449
221.160,32.508,-0.022,0.218,167.473
221.180,31.195,-0.027,0.218,167.462
221.200,29.449,-0.021,0.218,167.496
221.220,27.340,-0.013,0.218,167.489
221.240,24.791,-0.009,0.218,167.514
221.260,21.902,-0.002,0.218,167.504
221.280,18.744,0.001,0.218,167.522
221.300,15.305,0.009,0.218,167.500
221.320,11.654,0.019,0.218,167.501
221.340,7.869,0.033,0.218,167.469
221.360,3.949,0.041,0.218,167.440
221.380,-0.018,0.058,0.218,167.337
221.400,-3.979,0.065,0.218,167.337
221.420,-7.875,0.080,0.218,167.277
221.440,-11.695,0.091,0.218,167.194
221.460,-15.311,0.103,0.218,167.128
221.480,-18.756,0.113,0.218,166.966
221.500,-21.896,0.127,0.218,166.874
221.520,-24.727,0.133,0.218,166.874
221.540,-27.234,0.147,0.218,166.813
221.560,-29.344,0.154,0.218,166.733
221.580,-31.078,0.166,0.218,166.694
221.600,-32.332,0.170,0.218,166.644
221.620,-33.129,0.174,0.218,166.628
221.640,-33.451,0.181,0.218,166.609
221.660,-33.369,0.178,0.218,166.623
221.680,-32.818,0.185,0.220,166.623
221.700,-31.781,0.180,0.220,166.662
221.720,-30.293,0.179,0.220,166.691
221.740,-28.383,0.174,0.220,166.743
221.760,-26.062,0.171,0.220,166.791
221.780,-23.420,0.164,0.220,166.845
221.800,-20.396,0.160,0.220,166.899
221.820,-17.115,0.145,0.220,166.951
221.840,-13.588,0.140,0.220,166.993
221.860,-9.855,0.124,0.220,167.031
221.880,-5.977,0.121,0.220,167.057
221.900,-2.033,0.101,0.220,167.077
221.920,1.963,0.096,0.220,167.088
221.940,5.889,0.079,0.220,167.090
221.960,9.756,0.066,0.220,167.089
221.980,13.512,0.056,0.220,167.079
222.000,17.045,0.048,0.220,167.072
222.020,20.350,0.031,0.220,167.056
222.040,23.402,0.025,0.220,167.054
222.060,26.115,0.014,0.220,167.045
222.080,28.436,0.009,0.220,167.051
222.100,30.393,-0.004,0.220,167.052
222.120,31.916,-0.009,0.220,167.076
222.140,33.006,-0.017,0.220,167.104
222.160,33.627,-0.023,0.220,167.154
222.180,33.809,-0.021,0.220,167.217
222.200,33.516,-0.025,0.220,167.278
222.220,32.736,-0.023,0.220,167.357
222.240,31.518,-0.024,0.220,167.436
222.260,29.889,-0.024,0.220,167.527
222.280,27.832,-0.017,0.220,167.612
222.300,25.389,-0.013,0.220,167.705
222.320,22.576,-0.006,0.220,167.782
222.340,19.477,0.004,0.220,167.862
222.360,16.096,0.006,0.220,167.924
222.380,12.492,0.017,0.220,167.987
222.400,8.730,0.025,0.220,168.030
222.420,4.846,0.037,0.220,168.064
222.440,0.908,0.048,0.220,168.083
222.460,-3.070,0.056,0.220,168.089
222.480,-6.990,0.072,0.220,168.082
222.500,-10.834,0.083,0.220,168.064
222.520,-14.502,0.099,0.220,168.038
222.540,-17.959,0.105,0.220,168.004
222.560,-21.205,0.120,0.220,167.962
222.580,-24.111,0.125,0.220,167.921
222.600,-26.678,0.137,0.220,167.873
222.620,-28.893,0.148,0.220,167.829
222.640,-30.709,0.160,0.220,167.789
222.660,-32.074,0.163,0.220,167.763
222.680,-32.982,0.170,0.220,167.739
222.700,-33.381,0.171,0.220,167.728
222.720,-33.410,0.174,0.220,167.723
222.740,-32.953,0.174,0.220,167.713
222.760,-32.039,0.174,0.220,167.720
222.780,-30.645,0.175,0.220,167.727
222.800,-28.811,0.172,0.220,167.742
222.820,-26.613,0.168,0.220,167.754
222.840,-24.006,0.161,0.220,167.764
222.860,-21.082,0.153,0.220,167.768
222.880,-17.848,0.145,0.220,167.766
222.900,-14.379,0.137,0.220,167.750
222.920,-10.682,0.126,0.220,167.731
222.940,-6.838,0.116,0.220,167.696
222.960,-2.906,0.105,0.220,167.650
222.980,1.066,0.093,0.220,167.592
223.000,5.039,0.074,0.220,167.523
223.020,8.912,0.069,0.220,167.447
223.040,12.691,0.050,0.220,167.361
223.060,16.266,0.049,0.220,167.270
223.080,19.646,0.031,0.220,167.172
223.100,22.740,0.021,0.220,167.074
223.120,25.553,0.009,0.220,166.985
223.140,27.955,0.005,0.220,166.896
223.160,30.000,-0.007,0.220,166.818
223.180,31.605,-0.010,0.220,166.745
223.200,32.807,-0.022,0.220,166.693
223.220,33.527,-0.022,0.220,166.646
223.240,33.797,-0.028,0.220,166.628
223.260,33.598,-0.025,0.220,166.603
223.280,32.947,-0.031,0.220,166.602
223.300,31.846,-0.028,0.220,166.605
223.320,30.270,-0.029,0.220,166.628
223.340,28.330,-0.021,0.220,166.653
223.360,25.969,-0.015,0.220,166.685
223.380,23.238,-0.012,0.220,166.710
223.400,20.180,-0.004,0.220,166.744
223.420,16.869,0.004,0.220,166.770
223.440,13.301,0.014,0.220,166.795
223.460,9.580,0.025,0.220,166.810
223.480,5.719,0.035,0.220,166.817
223.500,1.758,0.046,0.220,166.818
223.520,-2.203,0.058,0.220,166.811
223.540,-6.146,0.066,0.220,166.796
223.560,-9.996,0.083,0.220,166.776
223.580,-13.699,0.095,0.220,166.751
223.600,-17.227,0.110,0.220,166.730
223.620,-20.525,0.117,0.220,166.702
223.640,-23.514,0.129,0.220,166.681
223.660,-26.168,0.137,0.220,166.661
223.680,-28.441,0.145,0.220,166.653
223.700,-30.381,0.153,0.220,166.652
223.720,-31.834,0.161,0.220,166.669
223.740,-32.859,0.168,0.220,166.691
223.760,-33.357,0.174,0.220,166.737
223.780,-33.457,0.178,0.220,166.794
223.800,-33.141,0.181,0.220,166.939
223.820,-32.320,0.176,0.220,166.939
223.840,-31.037,0.178,0.220,167.019
223.860,-29.297,0.177,0.220,167.116
223.880,-27.164,0.171,0.220,167.217
223.900,-24.674,0.166,0.220,167.316
223.920,-21.803,0.154,0.220,167.407
223.940,-18.621,0.149,0.220,167.489
223.960,-15.205,0.141,0.220,167.563
223.980,-11.543,0.135,0.220,167.630
224.000,-7.752,0.121,0.216,167.685
224.020,-3.809,0.113,0.216,167.727
224.040,0.141,0.096,0.216,167.757
224.060,4.131,0.091,0.216,167.775
224.080,8.033,0.074,0.216,167.780
224.100,11.824,0.062,0.216,167.775
224.120,15.498,0.054,0.216,167.764
224.140,18.908,0.043,0.216,167.744
224.160,22.072,0.031,0.216,167.722
224.180,24.949,0.018,0.216,167.699
224.200,27.434,0.012,0.216,167.677
224.220,29.566,-0.000,0.216,167.660
224.240,31.283,-0.001,0.216,167.645
224.260,32.584,-0.012,0.216,167.636
224.280,33.410,-0.013,0.216,167.635
224.300,33.791,-0.023,0.216,167.638
224.320,33.691,-0.018,0.216,167.655
224.340,33.152,-0.028,0.216,167.670
224.360,32.115,-0.021,0.216,167.700
224.380,30.662,-0.024,0.216,167.729
224.400,28.799,-0.018,0.216,167.783
224.420,26.543,-0.015,0.216,167.783
224.440,23.877,-0.005,0.216,167.801
224.460,20.906,0.001,0.216,167.818
224.480,17.643,0.005,0.216,167.820
224.500,14.109,0.016,0.216,167.820
224.520,10.424,0.023,0.216,167.805
224.540,6.580,0.039,0.216,167.778
224.560,2.648,0.045,0.216,167.739
224.580,-1.318,0.060,0.216,167.687
224.600,-5.268,0.067,0.216,167.624
224.620,-9.152,0.087,0.216,167.548
224.640,-12.902,0.094,0.216,167.466
224.660,-16.441,0.108,0.216,167.372
224.680,-19.805,0.117,0.216,167.279
224.700,-22.875,0.132,0.216,167.181
224.720,-25.570,0.137,0.216,167.089
224.740,-27.955,0.150,0.216,166.998
224.760,-29.947,0.157,0.216,166.913
224.780,-31.541,0.168,0.216,166.839
224.800,-32.648,0.170,0.216,166.726
224.820,-33.264,0.175,0.216,166.726
224.840,-33.480,0.177,0.216,166.692
224.860,-33.205,0.174,0.216,166.663
224.880,-32.514,0.178,0.216,166.642
224.900,-31.330,0.175,0.216,166.634
224.920,-29.695,0.177,0.216,166.629
224.940,-27.650,0.170,0.216,166.644
224.960,-25.219,0.168,0.216,166.656
224.980,-22.447,0.159,0.216,166.676
225.000,-19.336,0.153,0.216,166.689
225.020,-15.961,0.139,0.216,166.700
225.040,-12.375,0.135,0.216,166.704
225.060,-8.578,0.117,0.216,166.701
225.080,-4.687,0.111,0.216,166.688
225.100,-0.721,0.095,0.216,166.668
225.120,3.258,0.087,0.216,166.640
225.140,7.178,0.074,0.216,166.606
225.160,10.998,0.060,0.216,166.566
225.180,14.707,0.052,0.216,166.523
225.200,18.170,0.040,0.216,166.479
225.220,21.381,0.029,0.216,166.440
225.240,24.346,0.017,0.216,166.403
225.260,26.906,0.011,0.216,166.377
225.280,29.121,-0.002,0.216,166.354
225.300,30.926,-0.008,0.216,166.348
225.320,32.332,-0.017,0.216,166.353
225.340,33.252,-0.017,0.216,166.377
225.360,33.738,-0.027,0.216,166.412
225.380,33.732,-0.023,0.216,166.472
225.400,33.299,-0.031,0.216,166.536
225.420,32.391,-0.028,0.216,166.621
225.440,31.025,-0.026,0.216,166.709
225.460,29.250,-0.025,0.216,166.805
225.480,27.082,-0.017,0.216,166.908
225.500,24.504,-0.015,0.216,167.007
225.520,21.574,-0.006,0.216,167.108
225.540,18.387,0.002,0.216,167.203
225.560,14.930,0.006,0.216,167.291
225.580,11.268,0.021,0.216,167.369
225.600,7.459,0.027,0.216,167.438
225.620,3.545,0.040,0.216,167.497
225.640,-0.410,0.052,0.216,167.546
225.660,-4.371,0.058,0.216,167.584
225.680,-8.279,0.072,0.216,167.612
225.700,-12.029,0.087,0.216,167.631
225.720,-15.650,0.100,0.216,167.643
225.740,-19.043,0.108,0.216,167.655
225.760,-22.201,0.120,0.216,167.657
225.780,-24.979,0.132,0.216,167.667
225.800,-27.434,0.138,0.216,167.676
225.820,-29.514,0.152,0.216,167.688
225.840,-31.201,0.158,0.216,167.708
225.860,-32.432,0.166,0.216,167.741
225.880,-33.176,0.170,0.216,167.781
225.900,-33.434,0.172,0.216,167.831
225.920,-33.316,0.178,0.216,167.881
225.940,-32.695,0.178,0.216,167.941
225.960,-31.658,0.176,0.216,168.007
225.980,-30.105,0.173,0.216,168.074
226.000,-28.131,0.171,0.216,168.139
226.020,-25.816,0.163,0.216,168.202
226.040,-23.104,0.160,0.216,168.254
226.060,-20.062,0.150,0.216,168.302
226.080,-16.734,0.144,0.216,168.339
226.100,-13.207,0.132,0.216,168.378
226.120,-9.434,0.124,0.216,168.378
226.140,-5.561,0.112,0.216,168.376
226.160,-1.611,0.100,0.216,168.360
226.180,2.367,0.090,0.216,168.331
226.200,6.305,0.078,0.216,168.288
226.220,10.143,0.064,0.216,168.234
226.240,13.869,0.052,0.216,168.169
226.260,17.402,0.039,0.216,168.097
226.280,20.678,0.029,0.216,168.020
226.300,23.713,0.017,0.216,167.940
226.320,26.373,0.011,0.216,167.862
226.340,28.658,0.001,0.216,167.786
226.360,30.562,-0.007,0.216,167.717
226.380,32.057,-0.013,0.216,167.657
226.400,33.082,-0.020,0.216,167.598
226.420,33.662,-0.021,0.216,167.555
226.440,33.791,-0.031,0.216,167.520
226.460,33.445,-0.025,0.216,167.503
226.480,32.625,-0.025,0.216,167.484
226.500,31.371,-0.023,0.216,167.465
226.520,29.689,-0.025,0.216,167.456
226.540,27.598,-0.017,0.216,167.456
226.560,25.096,-0.012,0.216,167.457
226.580,22.271,-0.004,0.216,167.453
226.600,19.119,0.001,0.216,167.448
226.620,15.727,0.007,0.216,167.434
226.640,12.100,0.018,0.216,167.420
226.660,8.314,0.032,0.216,167.394
226.680,4.406,0.042,0.212,167.358
226.700,0.457,0.057,0.212,167.314
226.720,-3.516,0.066,0.212,167.262
226.740,-7.424,0.077,0.212,167.202
226.760,-11.256,0.092,0.212,167.136
226.780,-14.889,0.098,0.212,167.067
226.800,-18.352,0.113,0.212,166.994
226.820,-21.533,0.123,0.212,166.920
226.840,-24.428,0.134,0.212,166.852
226.860,-26.959,0.142,0.212,166.787
226.880,-29.139,0.153,0.212,166.737
226.900,-30.896,0.159,0.212,166.691
226.920,-32.209,0.170,0.212,166.669
226.940,-33.070,0.167,0.212,166.659
226.960,-33.445,0.182,0.213,166.659
226.980,-33.393,0.175,0.213,166.687
227.000,-32.936,0.186,0.217,166.718
227.020,-31.945,0.177,0.217,166.768
227.040,-30.498,0.182,0.217,166.818
227.060,-28.641,0.173,0.217,166.891
227.080,-26.361,0.172,0.217,166.958
227.100,-23.760,0.163,0.217,167.034
227.120,-20.777,0.158,0.217,167.100
227.140,-17.520,0.148,0.217,167.170
227.160,-14.045,0.141,0.217,167.229
227.180,-10.301,0.129,0.217,167.285
227.200,-6.457,0.120,0.217,167.328
227.220,-2.508,0.108,0.217,167.363
227.240,1.465,0.095,0.217,167.389
227.260,5.426,0.086,0.217,167.406
227.280,9.287,0.067,0.217,167.415
227.300,13.066,0.062,0.217,167.419
227.320,16.652,0.046,0.217,167.418
227.340,19.975,0.041,0.217,167.417
227.360,23.057,0.025,0.217,167.414
227.380,25.822,0.017,0.217,167.415
227.400,28.178,0.007,0.217,167.420
227.420,30.170,0.003,0.217,167.430
227.440,31.752,-0.009,0.217,167.438
227.460,32.883,-0.013,0.217,167.467
227.480,33.580,-0.020,0.217,167.500
227.500,33.797,-0.021,0.217,167.552
227.520,33.557,-0.027,0.217,167.604
227.540,32.836,-0.025,0.217,167.675
227.560,31.693,-0.025,0.217,167.744
227.580,30.105,-0.025,0.217,167.821
227.600,28.107,-0.017,0.217,167.892
227.620,25.693,-0.013,0.217,167.964
227.640,22.928,-0.007,0.217,168.023
227.660,19.857,-0.000,0.217,168.081
227.680,16.506,0.008,0.217,168.127
227.700,12.932,0.018,0.217,168.165
227.720,9.176,0.025,0.217,168.189
227.740,5.303,0.038,0.217,168.201
227.760,1.359,0.050,0.217,168.199
227.780,-2.613,0.060,0.217,168.184
227.800,-6.539,0.072,0.217,168.155
227.820,-10.389,0.084,0.217,168.115
227.840,-14.074,0.099,0.217,168.064
227.860,-17.561,0.105,0.217,168.009
227.880,-20.836,0.120,0.217,167.943
227.900,-23.789,0.125,0.217,167.879
227.920,-26.385,0.136,0.217,167.804
227.940,-28.652,0.147,0.217,167.738
227.960,-30.492,0.153,0.217,167.672
227.980,-31.934,0.164,0.217,167.619
228.000,-32.895,0.169,0.217,167.575
228.020,-33.352,0.170,0.217,167.538
228.040,-33.410,0.174,0.217,167.507
228.060,-33.018,0.176,0.217,167.482
228.080,-32.168,0.177,0.217,167.470
228.100,-30.844,0.176,0.217,167.462
228.120,-29.057,0.175,0.217,167.458
228.140,-26.889,0.165,0.217,167.464
228.160,-24.322,0.164,0.217,167.456
228.180,-21.451,0.152,0.217,167.454
228.200,-18.246,0.149,0.217,167.439
228.220,-14.789,0.132,0.217,167.421
228.240,-11.133,0.128,0.217,167.393
228.260,-7.289,0.112,0.217,167.356
228.280,-3.369,0.107,0.217,167.306
228.300,0.615,0.091,0.217,167.247
228.320,4.553,0.084,0.217,167.178
228.340,8.455,0.067,0.217,167.099
228.360,12.252,0.057,0.217,167.015
228.380,15.855,0.047,0.217,166.924
228.400,19.254,0.034,0.217,166.832
228.420,22.389,0.022,0.217,166.740
228.440,25.236,0.016,0.217,166.655
228.460,27.686,0.004,0.217,166.570
228.480,29.766,-0.002,0.217,166.496
228.500,31.436,-0.011,0.217,166.436
228.520,32.678,-0.020,0.217,166.389
228.540,33.475,-0.019,0.217,166.360
228.560,33.797,-0.029,0.217,166.335
228.580,33.650,-0.025,0.217,166.338
228.600,33.029,-0.027,0.217,166.342
228.620,31.992,-0.025,0.217,166.391
228.640,30.486,-0.025,0.217,166.391
228.660,28.582,-0.022,0.217,166.432
228.680,26.268,-0.016,0.217,166.476
228.700,23.578,-0.010,0.217,166.566
228.720,20.572,-0.006,0.217,166.566
228.740,17.285,0.008,0.217,166.610
228.760,13.734,0.008,0.217,166.647
228.780,10.049,0.025,0.217,166.681
228.800,6.182,0.033,0.217,166.704
228.820,2.250,0.045,0.217,166.720
228.840,-1.729,0.055,0.217,166.728
228.860,-5.660,0.068,0.217,166.728
228.880,-9.557,0.081,0.217,166.711
228.900,-13.277,0.094,0.217,166.711
228.920,-16.811,0.105,0.217,166.699
228.940,-20.133,0.115,0.217,166.686
228.960,-23.174,0.127,0.217,166.675
228.980,-25.863,0.132,0.217,166.670
229.000,-28.201,0.148,0.217,166.664
229.020,-30.170,0.153,0.217,166.685
229.040,-31.682,0.161,0.217,166.703
229.060,-32.748,0.166,0.217,166.735
229.080,-33.334,0.170,0.217,166.778
229.100,-33.463,0.176,0.217,166.841
229.120,-33.205,0.177,0.217,166.913
229.140,-32.426,0.182,0.217,167.085
229.160,-31.230,0.173,0.217,167.085
229.180,-29.543,0.181,0.217,167.174
229.200,-27.445,0.166,0.217,167.282
229.220,-24.973,0.174,0.217,167.374
229.240,-22.148,0.149,0.217,167.472
229.260,-19.031,0.156,0.217,167.547
229.280,-15.615,0.139,0.217,167.623
229.300,-11.988,0.137,0.217,167.740
229.320,-8.197,0.120,0.217,167.740
229.340,-4.271,0.116,0.217,167.779
229.360,-0.328,0.095,0.217,167.806
229.380,3.650,0.095,0.217,167.821
229.400,7.564,0.072,0.217,167.822
229.420,11.396,0.066,0.217,167.816
229.440,15.064,0.049,0.217,167.797
229.460,18.510,0.041,0.217,167.776
229.480,21.703,0.029,0.217,167.747
229.500,24.633,0.016,0.217,167.724
229.520,27.152,0.011,0.217,167.694
229.540,29.332,-0.000,0.217,167.676
229.560,31.107,-0.003,0.217,167.655
229.580,32.443,-0.014,0.217,167.647
229.600,33.322,-0.012,0.217,167.641
229.620,33.762,-0.020,0.217,167.643
229.640,33.715,-0.021,0.217,167.649
229.660,33.217,-0.026,0.217,167.667
229.680,32.262,-0.020,0.217,167.692
229.700,30.879,-0.024,0.217,167.715
229.720,29.033,-0.018,0.217,167.744
229.740,26.824,-0.010,0.217,167.771
229.760,24.199,-0.005,0.217,167.790
229.780,21.270,0.000,0.217,167.805
229.800,18.029,0.004,0.217,167.814
229.820,14.531,0.019,0.217,167.817
229.840,10.857,0.021,0.217,167.807
229.860,7.055,0.041,0.217,167.785
229.880,3.117,0.044,0.217,167.751
229.900,-0.838,0.064,0.217,167.706
229.920,-4.799,0.066,0.217,167.650
229.940,-8.701,0.085,0.217,167.582
229.960,-12.463,0.094,0.217,167.508
229.980,-16.025,0.107,0.217,167.426
230.000,-19.430,0.113,0.217,167.338
230.020,-22.523,0.130,0.217,167.248
230.040,-25.277,0.133,0.217,167.164
230.060,-27.697,0.149,0.217,167.079
230.080,-29.736,0.153,0.217,167.006
230.100,-31.383,0.168,0.217,166.944
230.120,-32.531,0.170,0.217,166.898
230.140,-33.234,0.172,0.217,166.863
230.160,-33.486,0.178,0.217,166.839
230.180,-33.264,0.175,0.217,166.826
230.200,-32.643,0.182,0.217,166.819
230.220,-31.506,0.174,0.217,166.831
230.240,-29.918,0.179,0.217,166.844
230.260,-27.920,0.169,0.217,166.874
230.280,-25.541,0.170,0.217,166.897
230.300,-22.799,0.155,0.217,166.933
230.320,-19.717,0.157,0.217,166.981
230.340,-16.383,0.140,0.217,166.981
230.360,-12.820,0.140,0.217,166.997
230.380,-9.035,0.118,0.217,167.011
230.400,-5.145,0.117,0.217,167.012
230.420,-1.189,0.094,0.217,167.008
230.440,2.795,0.094,0.217,166.996
230.460,6.721,0.074,0.217,166.975
230.480,10.553,0.066,0.217,166.950
230.500,14.273,0.053,0.217,166.919
230.520,17.777,0.045,0.217,166.888
230.540,21.018,0.029,0.217,166.854
230.560,24.018,0.020,0.217,166.832
230.580,26.631,0.012,0.217,166.799
230.600,28.887,0.003,0.217,166.799
230.620,30.744,-0.004,0.217,166.798
230.640,32.191,-0.013,0.217,166.809
230.660,33.176,-0.017,0.217,166.838
230.680,33.697,-0.025,0.217,166.881
230.700,33.768,-0.025,0.217,166.946
230.720,33.381,-0.027,0.217,167.009
230.740,32.514,-0.025,0.217,167.092
230.760,31.219,-0.026,0.217,167.173
230.780,29.479,-0.029,0.217,167.270
230.800,27.375,-0.017,0.217,167.367
230.820,24.826,-0.020,0.217,167.463
230.840,21.949,-0.004,0.217,167.558
230.860,18.779,-0.003,0.217,167.645
230.880,15.346,0.012,0.217,167.726
230.900,11.707,0.015,0.217,167.798
230.920,7.928,0.029,0.217,167.860
230.940,4.031,0.038,0.217,167.909
230.960,0.053,0.057,0.217,167.948
230.980,-3.914,0.061,0.217,167.976
231.000,-7.811,0.074,0.217,167.993
231.020,-11.619,0.083,0.217,168.000
231.040,-15.240,0.103,0.217,167.998
231.060,-18.656,0.108,0.217,167.995
231.080,-21.826,0.122,0.217,167.985
231.100,-24.680,0.132,0.217,167.972
231.120,-27.152,0.138,0.217,167.970
231.140,-29.297,0.149,0.217,167.970
231.160,-30.996,0.153,0.217,167.970
231.180,-32.273,0.166,0.217,167.973
231.200,-33.123,0.173,0.217,167.992
231.220,-33.428,0.174,0.217,168.024
231.240,-33.346,0.177,0.217,168.060
231.260,-32.783,0.178,0.217,168.101
231.280,-31.799,0.176,0.217,168.147
231.300,-30.305,0.174,0.217,168.197
231.320,-28.383,0.172,0.217,168.241
231.340,-26.092,0.165,0.217,168.294
231.360,-23.420,0.157,0.217,168.332
231.380,-20.443,0.152,0.217,168.364
231.400,-17.133,0.142,0.217,168.388
231.420,-13.611,0.132,0.217,168.402
231.440,-9.896,0.121,0.214,168.402
231.460,-6.012,0.111,0.214,168.390
231.480,-2.074,0.101,0.214,168.365
231.500,1.893,0.090,0.214,168.327
231.520,5.836,0.075,0.214,168.278
231.540,9.691,0.070,0.214,168.218
231.560,13.453,0.050,0.214,168.145
231.580,16.986,0.047,0.214,168.072
231.600,20.309,0.026,0.214,167.986
231.620,23.361,0.025,0.214,167.907
231.640,26.086,0.008,0.214,167.819
231.660,28.412,0.003,0.214,167.743
231.680,30.369,-0.006,0.214,167.670
231.700,31.898,-0.013,0.214,167.605
231.720,32.994,-0.017,0.214,167.556
231.740,33.627,-0.023,0.214,167.504
231.760,33.797,-0.026,0.214,167.482
231.780,33.516,-0.030,0.216,167.455
231.800,32.742,-0.021,0.216,167.459
231.820,31.541,-0.029,0.216,167.433
231.840,29.906,-0.014,0.216,167.446
231.860,27.867,-0.030,0.216,167.437
231.880,25.406,-0.005,0.216,167.463
231.900,22.617,-0.018,0.216,167.460
231.920,19.512,0.012,0.216,167.478
231.940,16.137,-0.001,0.216,167.466
231.960,12.533,0.029,0.216,167.471
231.980,8.766,0.017,0.216,167.451
232.000,4.887,0.050,0.213,167.433
232.020,0.914,0.042,0.213,167.402
232.040,-3.047,0.074,0.212,167.363
232.060,-6.990,0.063,0.212,167.320
232.080,-10.811,0.093,0.212,167.266
232.100,-14.473,0.091,0.212,167.214
232.120,-17.953,0.116,0.212,167.153
232.140,-21.164,0.117,0.212,167.099
232.160,-24.100,0.132,0.212,167.045
232.180,-26.684,0.137,0.212,166.993
232.200,-28.881,0.150,0.212,166.947
232.220,-30.721,0.161,0.212,166.918
232.240,-32.092,0.161,0.212,166.910
232.260,-33.029,0.176,0.212,166.899
232.280,-33.434,0.170,0.212,166.924
232.300,-33.451,0.179,0.212,166.946
232.320,-33.000,0.177,0.212,166.984
232.340,-32.080,0.183,0.214,167.030
232.360,-30.709,0.169,0.214,167.097
232.380,-28.887,0.186,0.216,167.159
232.400,-26.660,0.161,0.216,167.242
232.420,-24.094,0.174,0.216,167.310
232.440,-21.123,0.147,0.216,167.387
232.460,-17.924,0.163,0.216,167.448
232.480,-14.467,0.132,0.216,167.515
232.500,-10.752,0.138,0.216,167.565
232.520,-6.920,0.111,0.216,167.609
232.540,-2.977,0.113,0.216,167.640
232.560,0.990,0.088,0.216,167.662
232.580,4.969,0.093,0.216,167.674
232.600,8.854,0.067,0.216,167.675
232.620,12.621,0.066,0.216,167.670
232.640,16.225,0.045,0.216,167.656
232.660,19.600,0.038,0.216,167.643
232.680,22.705,0.027,0.216,167.631
232.700,25.512,0.016,0.216,167.618
232.720,27.926,0.011,0.216,167.605
232.740,29.965,-0.004,0.216,167.596
232.760,31.582,-0.000,0.216,167.597
232.780,32.789,-0.019,0.216,167.600
232.800,33.533,-0.013,0.216,167.620
232.820,33.814,-0.024,0.216,167.645
232.840,33.615,-0.020,0.216,167.679
232.860,32.965,-0.030,0.216,167.722
232.880,31.852,-0.019,0.216,167.771
232.900,30.311,-0.025,0.216,167.821
232.920,28.359,-0.017,0.216,167.872
232.940,25.998,-0.014,0.216,167.926
232.960,23.256,-0.006,0.216,167.967
232.980,20.232,0.002,0.216,168.009
233.000,16.922,0.005,0.216,168.032
233.020,13.342,0.023,0.216,168.057
233.040,9.633,0.022,0.216,168.061
233.060,5.766,0.046,0.216,168.059
233.080,1.828,0.045,0.216,168.040
233.100,-2.145,0.066,0.216,168.010
233.120,-6.082,0.065,0.216,167.969
233.140,-9.949,0.091,0.216,167.914
233.160,-13.658,0.091,0.216,167.854
233.180,-17.150,0.111,0.216,167.781
233.200,-20.467,0.109,0.216,167.708
233.220,-23.467,0.136,0.216,167.622
233.240,-26.109,0.131,0.216,167.552
233.260,-28.389,0.156,0.216,167.473
233.280,-30.293,0.144,0.216,167.415
233.300,-31.787,0.162,0.216,167.340
233.320,-32.801,0.170,0.216,167.286
233.340,-33.346,0.164,0.216,167.250
233.360,-33.451,0.179,0.216,167.217
233.380,-33.088,0.169,0.216,167.201
233.400,-32.303,0.183,0.216,167.187
233.420,-31.020,0.166,0.216,167.189
233.440,-29.285,0.184,0.216,167.183
233.460,-27.158,0.153,0.216,167.199
233.480,-24.668,0.176,0.216,167.191
233.500,-21.809,0.139,0.216,167.208
233.520,-18.633,0.165,0.216,167.193
233.540,-15.234,0.120,0.216,167.195
233.560,-11.578,0.145,0.216,167.170
233.580,-7.770,0.098,0.216,167.153
233.600,-3.850,0.122,0.216,167.115
233.620,0.123,0.078,0.216,167.073
233.640,4.084,0.099,0.216,167.022
233.660,7.992,0.055,0.216,166.959
233.680,11.795,0.074,0.216,166.899
233.700,15.451,0.033,0.216,166.818
233.720,18.867,0.047,0.216,166.756
233.740,22.037,0.017,0.216,166.671
233.760,24.920,0.019,0.216,166.614
233.780,27.410,-0.003,0.216,166.553
233.800,29.549,0.001,0.216,166.515
233.820,31.260,-0.015,0.216,166.473
233.840,32.566,-0.012,0.216,166.458
233.860,33.393,-0.022,0.216,166.442
233.880,33.779,-0.026,0.216,166.450
233.900,33.691,-0.029,0.216,166.475
233.920,33.146,-0.029,0.216,166.511
233.940,32.139,-0.029,0.216,166.556
233.960,30.697,-0.031,0.217,166.614
233.980,28.816,-0.025,0.217,166.684
234.000,26.566,-0.018,0.217,166.755
234.020,23.906,-0.013,0.217,166.823
234.040,20.941,-0.003,0.217,166.893
234.060,17.689,0.002,0.217,166.958
234.080,14.162,0.010,0.217,167.021
234.100,10.477,0.021,0.217,167.076
234.120,6.633,0.030,0.217,167.126
234.140,2.707,0.045,0.217,167.165
234.160,-1.236,0.054,0.217,167.196
234.180,-5.221,0.062,0.217,167.219
234.200,-9.100,0.078,0.217,167.232
234.220,-12.844,0.091,0.217,167.244
234.240,-16.389,0.103,0.217,167.251
234.260,-19.752,0.113,0.217,167.257
234.280,-22.834,0.124,0.217,167.263
234.300,-25.570,0.136,0.217,167.273
234.320,-27.926,0.140,0.217,167.292
234.340,-29.936,0.154,0.217,167.312
234.360,-31.518,0.153,0.217,167.354
234.380,-32.643,0.170,0.217,167.381
234.400,-33.299,0.167,0.217,167.448
234.420,-33.463,0.176,0.217,167.496
234.440,-33.234,0.175,0.217,167.592
234.460,-32.520,0.178,0.217,167.769
234.480,-31.377,0.170,0.217,167.769
234.500,-29.748,0.179,0.217,167.837
234.520,-27.697,0.161,0.217,167.950
234.540,-25.289,0.171,0.217,168.018
234.560,-22.500,0.146,0.217,168.122
234.580,-19.406,0.154,0.217,168.178
234.600,-16.025,0.133,0.217,168.255
234.620,-12.457,0.134,0.217,168.298
234.640,-8.666,0.118,0.217,168.346
234.660,-4.746,0.114,0.217,168.372
234.680,-0.785,0.097,0.217,168.387
234.700,3.176,0.090,0.217,168.389
234.720,7.125,0.073,0.217,168.375
234.740,10.939,0.066,0.217,168.353
234.760,14.637,0.055,0.217,168.316
234.780,18.105,0.041,0.217,168.272
234.800,21.334,0.033,0.217,168.228
234.820,24.299,0.013,0.217,168.173
234.840,26.865,0.015,0.217,168.137
234.860,29.104,-0.003,0.217,168.078
234.880,30.902,0.002,0.217,168.044
234.900,32.303,-0.020,0.217,167.993
234.920,33.240,-0.013,0.217,167.981
234.940,33.732,-0.029,0.217,167.939
234.960,33.756,-0.016,0.217,167.953
234.980,33.311,-0.027,0.217,167.921
235.000,32.402,-0.019,0.217,167.938
235.020,31.061,-0.026,0.217,167.919
235.040,29.262,-0.016,0.217,167.947
235.060,27.123,-0.017,0.217,167.938
235.080,24.527,-0.008,0.217,167.952
235.100,21.627,-0.004,0.217,167.941
235.120,18.428,0.006,0.217,167.938
235.140,14.965,0.012,0.217,167.917
235.160,11.320,0.020,0.217,167.898
235.180,7.512,0.034,0.217,167.863
235.200,3.592,0.045,0.217,167.819
235.220,-0.375,0.060,0.217,167.763
235.240,-4.336,0.068,0.217,167.697
235.260,-8.256,0.082,0.217,167.623
235.280,-12.041,0.091,0.217,167.542
235.300,-15.615,0.104,0.217,167.452
235.320,-19.055,0.115,0.217,167.365
235.340,-22.178,0.129,0.217,167.269
235.360,-24.973,0.134,0.217,167.191
235.380,-27.439,0.147,0.217,167.100
235.400,-29.514,0.157,0.217,167.032
235.420,-31.225,0.168,0.217,166.970
235.440,-32.426,0.170,0.217,166.939
235.460,-33.176,0.174,0.217,166.901
235.480,-33.480,0.178,0.217,166.889
235.500,-33.334,0.178,0.217,166.886
235.520,-32.742,0.181,0.217,166.895
235.540,-31.664,0.179,0.217,166.917
235.560,-30.158,0.181,0.217,166.947
235.580,-28.184,0.176,0.217,166.996
235.600,-25.857,0.171,0.217,167.038
235.620,-23.150,0.164,0.217,167.094
235.640,-20.092,0.160,0.217,167.134
235.660,-16.793,0.146,0.217,167.186
235.680,-13.248,0.141,0.217,167.222
235.700,-9.492,0.122,0.217,167.261
235.720,-5.607,0.119,0.217,167.284
235.740,-1.646,0.100,0.217,167.304
235.760,2.320,0.094,0.217,167.316
235.780,6.258,0.079,0.217,167.318
235.800,10.113,0.071,0.217,167.320
235.820,13.834,0.056,0.217,167.310
235.840,17.379,0.045,0.217,167.309
235.860,20.643,0.031,0.217,167.294
235.880,23.672,0.020,0.217,167.293
235.900,26.338,0.011,0.217,167.302
235.920,28.641,0.004,0.217,167.305
235.940,30.545,-0.004,0.217,167.330
235.960,32.027,-0.013,0.217,167.351
235.980,33.082,-0.017,0.217,167.407
236.000,33.662,-0.022,0.217,167.448
236.020,33.785,-0.023,0.217,167.535
236.040,33.451,-0.025,0.217,167.589
236.060,32.643,-0.025,0.217,167.695
236.080,31.395,-0.028,0.217,167.762
236.100,29.695,-0.023,0.217,167.886
236.120,27.633,-0.016,0.217,167.962
236.140,25.143,-0.013,0.217,168.072
236.160,22.307,-0.005,0.217,168.142
236.180,19.178,-0.001,0.217,168.237
236.200,15.762,0.007,0.217,168.300
236.220,12.158,0.016,0.217,168.373
236.240,8.367,0.027,0.217,168.418
236.260,4.482,0.038,0.217,168.459
236.280,0.533,0.052,0.217,168.482
236.300,-3.445,0.062,0.217,168.492
236.320,-7.365,0.075,0.217,168.491
236.340,-11.174,0.083,0.217,168.477
236.360,-14.818,0.101,0.217,168.457
236.380,-18.252,0.105,0.217,168.426
236.400,-21.475,0.120,0.217,168.390
236.420,-24.363,0.128,0.217,168.346
236.440,-26.889,0.140,0.217,168.305
236.460,-29.068,0.149,0.217,168.268
236.480,-30.832,0.153,0.217,168.235
236.500,-32.168,0.163,0.217,168.203
236.520,-33.041,0.166,0.217,168.182
236.540,-33.416,0.170,0.217,168.170
236.560,-33.387,0.174,0.217,168.161
236.580,-32.859,0.174,0.217,168.156
236.600,-31.916,0.175,0.217,168.157
236.620,-30.504,0.174,0.217,168.158
236.640,-28.635,0.167,0.217,168.166
236.660,-26.396,0.167,0.217,168.169
236.680,-23.754,0.157,0.217,168.171
236.700,-20.789,0.153,0.217,168.166
236.720,-17.531,0.145,0.217,168.153
236.740,-14.074,0.133,0.217,168.132
236.760,-10.342,0.123,0.217,168.101
236.780,-6.486,0.114,0.217,168.056
236.800,-2.543,0.103,0.217,168.000
236.820,1.436,0.089,0.217,167.932
236.840,5.367,0.079,0.217,167.854
236.860,9.252,0.069,0.217,167.765
236.880,13.014,0.054,0.217,167.668
236.900,16.611,0.046,0.217,167.564
236.920,19.939,0.030,0.217,167.457
236.940,23.016,0.024,0.217,167.346
236.960,25.787,0.009,0.217,167.243
236.980,28.166,0.004,0.217,167.142
237.000,30.164,-0.006,0.217,167.052
237.020,31.740,-0.010,0.217,166.970
237.040,32.883,-0.019,0.217,166.898
237.060,33.568,-0.021,0.217,166.834
237.080,33.803,-0.027,0.217,166.798
237.100,33.568,-0.024,0.217,166.757
237.120,32.859,-0.033,0.218,166.745
237.140,31.705,-0.023,0.218,166.729
237.160,30.117,-0.032,0.218,166.732
237.180,28.131,-0.021,0.218,166.740
237.200,25.734,-0.015,0.218,166.756
237.220,22.963,-0.010,0.218,166.767
237.240,19.898,-0.002,0.218,166.786
237.260,16.553,0.006,0.218,166.796
237.280,12.961,0.015,0.218,166.805
237.300,9.217,0.028,0.218,166.806
237.320,5.338,0.037,0.218,166.800
237.340,1.395,0.052,0.218,166.787
237.360,-2.572,0.063,0.218,166.767
237.380,-6.510,0.072,0.217,166.740
237.400,-10.383,0.087,0.217,166.709
237.420,-14.051,0.098,0.217,166.672
237.440,-17.543,0.108,0.217,166.639
237.460,-20.824,0.119,0.217,166.598
237.480,-23.771,0.129,0.217,166.573
237.500,-26.408,0.139,0.217,166.542
237.520,-28.652,0.150,0.217,166.534
237.540,-30.527,0.156,0.217,166.522
237.560,-31.939,0.165,0.217,166.533
237.580,-32.924,0.170,0.217,166.551
237.600,-33.398,0.179,0.217,166.595
237.620,-33.451,0.175,0.217,166.651
237.640,-33.070,0.184,0.217,166.717
237.660,-32.203,0.177,0.217,166.801
237.680,-30.902,0.179,0.217,166.888
237.700,-29.133,0.178,0.217,166.984
237.720,-26.953,0.170,0.217,167.089
237.740,-24.398,0.165,0.217,167.191
237.760,-21.516,0.157,0.217,167.287
237.780,-18.322,0.154,0.217,167.378
237.800,-14.889,0.140,0.217,167.462
237.820,-11.191,0.133,0.217,167.536
237.840,-7.395,0.120,0.217,167.601
237.860,-3.445,0.112,0.217,167.653
237.880,0.510,0.096,0.217,167.695
237.900,4.494,0.090,0.217,167.725
237.920,8.385,0.070,0.217,167.744
237.940,12.170,0.066,0.217,167.755
237.960,15.814,0.049,0.217,167.756
237.980,19.207,0.041,0.217,167.757
238.000,22.342,0.029,0.217,167.756
238.020,25.195,0.017,0.217,167.753
238.040,27.650,0.012,0.217,167.752
238.060,29.760,0.003,0.217,167.752
238.080,31.406,-0.004,0.217,167.753
238.100,32.672,-0.010,0.217,167.764
238.120,33.457,-0.017,0.217,167.781
238.140,33.791,-0.021,0.217,167.813
238.160,33.650,-0.021,0.217,167.853
238.180,33.076,-0.021,0.217,167.894
238.200,32.010,-0.022,0.217,167.938
238.220,30.510,-0.020,0.217,167.990
238.240,28.594,-0.017,0.217,168.034
238.260,26.303,-0.009,0.217,168.080
238.280,23.607,-0.008,0.217,168.110
238.300,20.613,0.004,0.217,168.145
238.320,17.326,0.009,0.217,168.160
238.340,13.787,0.016,0.217,168.171
238.360,10.078,0.023,0.217,168.169
238.380,6.234,0.040,0.217,168.157
238.400,2.297,0.050,0.217,168.128
238.420,-1.676,0.059,0.217,168.086
238.440,-5.613,0.067,0.217,168.032
238.460,-9.492,0.084,0.217,167.966
238.480,-13.230,0.095,0.217,167.891
238.500,-16.740,0.103,0.217,167.807
238.520,-20.086,0.122,0.217,167.716
238.540,-23.115,0.129,0.217,167.629
238.560,-25.828,0.135,0.217,167.538
238.580,-28.166,0.146,0.217,167.447
238.600,-30.111,0.155,0.217,167.360
238.620,-31.652,0.167,0.217,167.284
238.640,-32.719,0.170,0.217,167.223
238.660,-33.322,0.173,0.217,167.174
238.680,-33.498,0.176,0.217,167.131
238.700,-33.170,0.176,0.217,167.094
238.720,-32.426,0.178,0.217,167.069
238.740,-31.189,0.175,0.217,167.052
238.760,-29.531,0.177,0.217,167.046
238.780,-27.451,0.167,0.217,167.049
238.800,-24.990,0.168,0.217,167.048
238.820,-22.178,0.156,0.217,167.052
238.840,-19.025,0.153,0.217,167.047
238.860,-15.656,0.137,0.217,167.040
238.880,-12.023,0.132,0.217,167.023
238.900,-8.221,0.117,0.217,167.001
238.920,-4.307,0.113,0.217,166.970
238.940,-0.340,0.091,0.217,166.930
238.960,3.615,0.091,0.217,166.883
238.980,7.529,0.069,0.217,166.828
239.000,11.332,0.061,0.217,166.769
239.020,15.035,0.049,0.217,166.706
239.040,18.492,0.038,0.217,166.643
239.060,21.668,0.029,0.217,166.578
239.080,24.598,0.016,0.217,166.520
239.100,27.123,0.006,0.217,166.468
239.120,29.314,-0.004,0.217,166.427
239.140,31.078,-0.009,0.217,166.401
239.160,32.432,-0.015,0.217,166.386
239.180,33.328,-0.019,0.217,166.388
239.200,33.756,-0.029,0.217,166.405
239.220,33.721,-0.025,0.217,166.442
239.240,33.240,-0.032,0.217,166.490
239.260,32.279,-0.025,0.217,166.553
239.280,30.891,-0.028,0.217,166.623
239.300,29.062,-0.025,0.217,166.706
239.320,26.854,-0.016,0.217,166.791
239.340,24.246,-0.016,0.217,166.871
239.360,21.299,-0.004,0.217,166.959
239.380,18.094,0.000,0.217,167.039
239.400,14.590,0.012,0.217,167.115
239.420,10.904,0.019,0.217,167.182
239.440,7.102,0.034,0.217,167.243
239.460,3.193,0.040,0.217,167.293
239.480,-0.762,0.056,0.217,167.334
239.500,-4.734,0.066,0.217,167.367
239.520,-8.643,0.081,0.217,167.390
239.540,-12.393,0.089,0.217,167.410
239.560,-15.973,0.105,0.217,167.422
239.580,-19.354,0.113,0.217,167.436
239.600,-22.471,0.124,0.217,167.444
239.620,-25.248,0.132,0.217,167.458
239.640,-27.650,0.143,0.217,167.471
239.660,-29.707,0.154,0.217,167.496
239.680,-31.330,0.157,0.217,167.527
239.700,-32.514,0.168,0.217,167.571
239.720,-33.234,0.168,0.217,167.621
239.740,-33.451,0.174,0.217,167.689
239.760,-33.275,0.174,0.217,167.758
239.780,-32.625,0.176,0.217,167.831
239.800,-31.523,0.177,0.217,167.913
239.820,-29.959,0.179,0.217,167.999
239.840,-27.943,0.167,0.217,168.091
239.860,-25.582,0.167,0.217,168.171
239.880,-22.846,0.152,0.217,168.248
239.900,-19.770,0.153,0.217,168.311
239.920,-16.430,0.140,0.217,168.368
239.940,-12.879,0.131,0.217,168.412
239.960,-9.111,0.120,0.217,168.446
239.980,-5.215,0.112,0.217,168.465
240.000,-1.260,0.101,0.217,168.472
240.020,2.725,0.090,0.217,168.466
240.040,6.650,0.076,0.217,168.446
240.060,10.482,0.067,0.217,168.415
240.080,14.203,0.052,0.217,168.373
240.100,17.695,0.045,0.217,168.327
240.120,20.965,0.031,0.217,168.269
240.140,23.965,0.017,0.217,168.213
240.160,26.602,0.014,0.217,168.160
240.180,28.857,0.000,0.217,168.109
240.200,30.727,-0.005,0.217,168.060
240.220,32.174,-0.013,0.217,168.024
240.240,33.152,-0.015,0.217,167.987
240.260,33.697,-0.021,0.217,167.960
240.280,33.773,-0.024,0.217,167.949
240.300,33.381,-0.025,0.217,167.938
240.320,32.525,-0.026,0.217,167.935
240.340,31.242,-0.021,0.217,167.938
240.360,29.484,-0.023,0.217,167.947
240.380,27.393,-0.013,0.217,167.956
240.400,24.855,-0.009,0.217,167.962
240.420,21.984,-0.003,0.217,167.964
240.440,18.814,0.003,0.217,167.964
240.460,15.387,0.012,0.217,167.956
240.480,11.730,0.019,0.217,167.942
240.500,7.969,0.035,0.217,167.917
240.520,4.043,0.042,0.217,167.882
240.540,0.088,0.059,0.217,167.838
240.560,-3.885,0.065,0.217,167.784
240.580,-7.793,0.081,0.217,167.721
240.600,-11.590,0.091,0.217,167.653
240.620,-15.223,0.104,0.217,167.578
240.640,-18.650,0.115,0.217,167.501
240.660,-21.820,0.128,0.217,167.422
240.680,-24.680,0.137,0.217,167.350
240.700,-27.170,0.143,0.217,167.283
240.720,-29.303,0.153,0.217,167.222
240.740,-31.037,0.163,0.217,167.172
240.760,-32.291,0.172,0.217,167.135
240.780,-33.146,0.170,0.217,167.119
240.800,-33.451,0.182,0.217,167.105
240.820,-33.375,0.173,0.217,167.119
240.840,-32.848,0.188,0.221,167.125
240.860,-31.811,0.175,0.221,167.170
240.880,-30.346,0.183,0.221,167.200
240.900,-28.436,0.174,0.221,167.255
240.920,-26.139,0.170,0.221,167.309
240.940,-23.496,0.164,0.221,167.368
240.960,-20.461,0.154,0.221,167.421
240.980,-17.191,0.151,0.221,167.469
241.000,-13.682,0.135,0.221,167.517
241.020,-9.961,0.131,0.221,167.556
241.040,-6.076,0.116,0.221,167.587
241.060,-2.127,0.108,0.221,167.608
241.080,1.834,0.090,0.221,167.621
241.100,5.795,0.086,0.221,167.628
241.120,9.645,0.065,0.221,167.625
241.140,13.400,0.063,0.221,167.618
241.160,16.957,0.043,0.221,167.603
241.180,20.268,0.039,0.221,167.593
241.200,23.320,0.018,0.221,167.583
241.220,26.057,0.016,0.221,167.585
241.240,28.383,0.007,0.221,167.583
241.260,30.352,-0.000,0.221,167.590
241.280,31.875,-0.008,0.221,167.602
241.300,32.965,-0.015,0.221,167.628
241.320,33.621,-0.018,0.221,167.665
241.340,33.803,-0.021,0.221,167.718
241.360,33.516,-0.022,0.221,167.771
241.380,32.748,-0.025,0.221,167.841
241.400,31.564,-0.020,0.221,167.912
241.420,29.906,-0.027,0.221,167.989
241.440,27.902,-0.011,0.221,168.070
241.460,25.453,-0.016,0.221,168.140
241.480,22.658,0.000,0.221,168.212
241.500,19.570,-0.005,0.221,168.275
241.520,16.201,0.014,0.221,168.331
241.540,12.580,0.012,0.221,168.376
241.560,8.842,0.032,0.221,168.411
241.580,4.951,0.037,0.221,168.430
241.600,1.002,0.052,0.221,168.438
241.620,-2.965,0.059,0.221,168.433
241.640,-6.902,0.072,0.221,168.414
241.660,-10.729,0.083,0.221,168.384
241.680,-14.408,0.097,0.221,168.345
241.700,-17.859,0.106,0.221,168.301
241.720,-21.111,0.120,0.221,168.248
241.740,-24.023,0.131,0.221,168.194
241.760,-26.607,0.133,0.221,168.139
241.780,-28.846,0.151,0.221,168.086
241.800,-30.650,0.150,0.221,168.040
241.820,-32.021,0.169,0.221,167.996
241.840,-32.971,0.161,0.221,167.968
241.860,-33.398,0.177,0.221,167.934
241.880,-33.434,0.173,0.221,167.928
241.900,-32.971,0.182,0.221,167.911
241.920,-32.080,0.174,0.221,167.921
241.940,-30.686,0.178,0.221,167.915
241.960,-28.881,0.168,0.221,167.925
241.980,-26.672,0.169,0.221,167.923
242.000,-24.088,0.158,0.221,167.929
242.020,-21.176,0.155,0.221,167.921
242.040,-17.930,0.142,0.221,167.915
242.060,-14.490,0.137,0.221,167.893
242.080,-10.793,0.126,0.221,167.866
242.100,-6.937,0.112,0.221,167.827
242.120,-3.000,0.103,0.220,167.778
242.140,0.967,0.091,0.220,167.718
242.160,4.916,0.083,0.220,167.648
242.180,8.812,0.064,0.220,167.568
242.200,12.574,0.056,0.220,167.483
242.220,16.195,0.044,0.220,167.391
242.240,19.564,0.033,0.220,167.299
242.260,22.664,0.022,0.220,167.204
242.280,25.471,0.013,0.220,167.116
242.300,27.896,0.002,0.220,167.027
242.320,29.941,-0.005,0.220,166.952
242.340,31.576,-0.013,0.220,166.884
242.360,32.771,-0.018,0.220,166.832
242.380,33.510,-0.021,0.220,166.795
242.400,33.803,-0.028,0.220,166.777
242.420,33.621,-0.025,0.220,166.766
242.440,32.965,-0.033,0.221,166.768
242.460,31.863,-0.022,0.221,166.779
242.480,30.322,-0.026,0.221,166.799
242.500,28.395,-0.019,0.221,166.828
242.520,26.039,-0.014,0.221,166.858
242.540,23.309,-0.009,0.221,166.891
242.560,20.262,-0.004,0.221,166.927
242.580,16.975,0.007,0.221,166.963
242.600,13.412,0.013,0.221,166.992
242.620,9.674,0.025,0.221,167.016
242.640,5.824,0.033,0.221,167.033
242.660,1.875,0.051,0.221,167.041
242.680,-2.086,0.059,0.221,167.042
242.700,-6.023,0.074,0.221,167.037
242.720,-9.902,0.084,0.221,167.028
242.740,-13.605,0.098,0.221,167.012
242.760,-17.121,0.108,0.221,166.999
242.780,-20.414,0.119,0.221,166.985
242.800,-23.426,0.130,0.221,166.974
242.820,-26.074,0.138,0.221,166.968
242.840,-28.383,0.149,0.221,166.970
242.860,-30.281,0.157,0.221,166.985
242.880,-31.758,0.162,0.221,167.012
242.900,-32.824,0.169,0.221,167.053
242.920,-33.352,0.173,0.221,167.103
242.940,-33.439,0.176,0.221,167.173
242.960,-33.111,0.179,0.221,167.247
242.980,-32.326,0.176,0.221,167.336
243.000,-31.049,0.180,0.221,167.429
243.020,-29.320,0.176,0.221,167.536
243.040,-27.199,0.170,0.221,167.644
243.060,-24.709,0.167,0.221,167.752
243.080,-21.844,0.155,0.221,167.853
243.100,-18.715,0.153,0.221,167.945
243.120,-15.287,0.141,0.221,168.031
243.140,-11.637,0.134,0.221,168.107
243.160,-7.840,0.122,0.221,168.172
243.180,-3.914,0.111,0.221,168.224
243.200,0.064,0.100,0.221,168.264
243.220,4.043,0.091,0.221,168.292
243.240,7.945,0.076,0.221,168.309
243.260,11.736,0.066,0.221,168.316
243.280,15.404,0.056,0.221,168.313
243.300,18.832,0.045,0.221,168.302
243.320,21.990,0.029,0.221,168.288
243.340,24.891,0.020,0.221,168.281
243.360,27.369,0.014,0.221,168.264
243.380,29.537,0.001,0.221,168.257
243.400,31.242,-0.001,0.221,168.244
243.420,32.537,-0.014,0.221,168.251
243.440,33.381,-0.014,0.221,168.255
243.460,33.785,-0.019,0.221,168.274
243.480,33.697,-0.017,0.221,168.292
243.500,33.152,-0.025,0.221,168.309
243.520,32.162,-0.021,0.221,168.341
243.540,30.709,-0.021,0.221,168.368
243.560,28.852,-0.017,0.221,168.404
243.580,26.607,-0.012,0.221,168.428
243.600,23.953,-0.006,0.221,168.452
243.620,20.988,-0.000,0.221,168.466
243.640,17.742,0.006,0.221,168.475
243.660,14.209,0.016,0.221,168.470
243.680,10.535,0.025,0.221,168.458
243.700,6.691,0.040,0.221,168.429
243.720,2.777,0.047,0.221,168.389
243.740,-1.201,0.063,0.221,168.335
243.760,-5.150,0.069,0.221,168.270
243.780,-9.047,0.087,0.221,168.194
243.800,-12.779,0.094,0.221,168.110
243.820,-16.348,0.108,0.221,168.015
243.840,-19.705,0.117,0.221,167.916
243.860,-22.775,0.131,0.221,167.813
243.880,-25.506,0.135,0.221,167.714
243.900,-27.891,0.149,0.221,167.611
243.920,-29.889,0.154,0.221,167.519
243.940,-31.465,0.169,0.221,167.430
243.960,-32.584,0.168,0.221,167.365
243.980,-33.240,0.176,0.221,167.297
244.000,-33.469,0.174,0.221,167.259
244.020,-33.205,0.175,0.221,167.207
244.040,-32.508,0.179,0.221,167.180
244.060,-31.342,0.174,0.221,167.154
244.080,-29.730,0.174,0.221,167.148
244.100,-27.680,0.171,0.221,167.137
244.120,-25.277,0.170,0.221,167.142
244.140,-22.512,0.157,0.221,167.142
244.160,-19.389,0.153,0.221,167.139
244.180,-16.055,0.141,0.221,167.132
244.200,-12.457,0.135,0.221,167.120
244.220,-8.672,0.116,0.221,167.102
244.240,-4.775,0.110,0.221,167.074
244.260,-0.809,0.095,0.221,167.039
244.280,3.164,0.091,0.221,166.997
244.300,7.090,0.074,0.221,166.947
244.320,10.898,0.060,0.221,166.893
244.340,14.607,0.051,0.221,166.835
244.360,18.082,0.040,0.221,166.778
244.380,21.293,0.030,0.221,166.717
244.400,24.270,0.018,0.221,166.670
244.420,26.854,0.012,0.221,166.618
244.440,29.080,-0.003,0.221,166.587
244.460,30.902,-0.008,0.221,166.566
244.480,32.291,-0.015,0.221,166.569
244.500,33.234,-0.018,0.221,166.575
244.520,33.732,-0.024,0.221,166.603
244.540,33.750,-0.024,0.221,166.639
244.560,33.328,-0.029,0.221,166.694
244.580,32.426,-0.027,0.221,166.760
244.600,31.078,-0.029,0.221,166.840
244.620,29.309,-0.024,0.221,166.926
244.640,27.158,-0.017,0.221,167.017
244.660,24.574,-0.017,0.221,167.107
244.680,21.674,-0.001,0.221,167.197
244.700,18.498,-0.003,0.221,167.279
244.720,15.035,0.015,0.221,167.363
244.740,11.385,0.016,0.221,167.436
244.760,7.570,0.033,0.221,167.501
244.780,3.650,0.038,0.221,167.556
244.800,-0.299,0.056,0.221,167.603
244.820,-4.271,0.061,0.221,167.640
244.840,-8.162,0.079,0.221,167.667
244.860,-11.953,0.085,0.221,167.688
244.880,-15.557,0.102,0.221,167.702
244.900,-18.943,0.108,0.221,167.716
244.920,-22.090,0.122,0.221,167.725
244.940,-24.902,0.128,0.221,167.738
244.960,-27.369,0.141,0.221,167.771
244.980,-29.455,0.150,0.221,167.771
245.000,-31.131,0.158,0.221,167.796
245.020,-32.391,0.167,0.221,167.839
245.040,-33.146,0.167,0.221,167.882
245.060,-33.439,0.176,0.221,167.934
245.080,-33.305,0.171,0.221,167.998
245.100,-32.719,0.181,0.221,168.057
245.120,-31.646,0.174,0.221,168.135
245.140,-30.105,0.178,0.221,168.210
245.160,-28.201,0.166,0.221,168.288
245.180,-25.857,0.171,0.221,168.356
245.200,-23.156,0.156,0.221,168.428
245.220,-20.109,0.151,0.221,168.485
245.240,-16.805,0.142,0.221,168.529
245.260,-13.295,0.136,0.221,168.564
245.280,-9.527,0.121,0.221,168.587
245.300,-5.648,0.111,0.221,168.595
245.320,-1.693,0.104,0.221,168.590
245.340,2.273,0.089,0.221,168.571
245.360,6.211,0.077,0.221,168.540
245.380,10.055,0.062,0.221,168.498
245.400,13.799,0.054,0.221,168.447
245.420,17.332,0.043,0.221,168.386
245.440,20.607,0.028,0.221,168.320
245.460,23.619,0.021,0.221,168.254
245.480,26.314,0.010,0.221,168.184
245.500,28.623,0.000,0.221,168.118
245.520,30.527,-0.003,0.221,168.058
245.540,32.021,-0.015,0.221,168.000
245.560,33.064,-0.016,0.221,167.954
245.580,33.656,-0.021,0.221,167.917
245.600,33.785,-0.024,0.221,167.890
245.620,33.457,-0.025,0.221,167.868
245.640,32.660,-0.025,0.221,167.858
245.660,31.412,-0.022,0.221,167.847
245.680,29.725,-0.021,0.221,167.847
245.700,27.668,-0.018,0.221,167.846
245.720,25.166,-0.011,0.221,167.850
245.740,22.336,-0.004,0.221,167.849
245.760,19.219,0.005,0.221,167.844
245.780,15.826,0.011,0.221,167.832
245.800,12.193,0.022,0.221,167.816
245.820,8.420,0.035,0.221,167.790
245.840,4.541,0.042,0.216,167.755
245.860,0.580,0.058,0.216,167.711
245.880,-3.387,0.062,0.215,167.659
245.900,-7.318,0.080,0.215,167.598
245.920,-11.139,0.091,0.215,167.532
245.940,-14.771,0.103,0.215,167.460
245.960,-18.217,0.112,0.215,167.388
245.980,-21.434,0.127,0.215,167.312
246.000,-24.334,0.133,0.215,167.249
246.020,-26.871,0.145,0.215,167.183
246.040,-29.045,0.152,0.215,167.130
246.060,-30.820,0.163,0.215,167.079
246.080,-32.127,0.166,0.215,167.056
246.100,-33.041,0.171,0.215,167.038
246.120,-33.398,0.176,0.215,167.038
246.140,-33.393,0.177,0.215,167.053
246.160,-32.883,0.181,0.215,167.078
246.180,-31.910,0.179,0.215,167.120
246.200,-30.533,0.179,0.215,167.235
246.220,-28.652,0.174,0.215,167.235
246.240,-26.408,0.170,0.215,167.301
246.260,-23.795,0.164,0.215,167.369
246.280,-20.824,0.157,0.215,167.432
246.300,-17.584,0.152,0.215,167.495
246.320,-14.092,0.137,0.215,167.552
246.340,-10.389,0.129,0.215,167.601
246.360,-6.539,0.117,0.215,167.642
246.380,-2.584,0.107,0.215,167.675
246.400,1.377,0.095,0.215,167.699
246.420,5.338,0.085,0.215,167.715
246.440,9.193,0.070,0.215,167.724
246.460,12.967,0.059,0.215,167.726
246.480,16.553,0.053,0.215,167.726
246.500,19.893,0.038,0.215,167.718
246.520,22.975,0.028,0.215,167.719
246.540,25.746,0.020,0.215,167.718
246.560,28.125,0.011,0.215,167.723
246.580,30.141,-0.000,0.215,167.727
246.600,31.717,-0.007,0.215,167.744
246.620,32.877,-0.014,0.215,167.775
246.640,33.562,-0.016,0.215,167.812
246.660,33.797,-0.022,0.215,167.859
246.680,33.574,-0.021,0.215,167.920
246.700,32.889,-0.022,0.215,167.988
246.720,31.729,-0.025,0.215,168.055
246.740,30.129,-0.022,0.215,168.134
246.760,28.166,-0.016,0.215,168.208
246.780,25.770,-0.013,0.215,168.282
246.800,23.021,-0.006,0.215,168.345
246.820,19.945,0.000,0.215,168.404
246.840,16.611,0.009,0.215,168.453
246.860,13.020,0.017,0.215,168.496
246.880,9.299,0.026,0.215,168.523
246.900,5.426,0.039,0.214,168.538
246.920,1.488,0.047,0.214,168.539
246.940,-2.496,0.062,0.214,168.527
246.960,-6.422,0.072,0.214,168.503
246.980,-10.289,0.087,0.214,168.466
247.000,-13.975,0.098,0.214,168.419
247.020,-17.461,0.108,0.214,168.368
247.040,-20.736,0.121,0.214,168.309
247.060,-23.689,0.127,0.214,168.250
247.080,-26.314,0.138,0.214,168.182
247.100,-28.588,0.147,0.214,168.121
247.120,-30.445,0.155,0.214,168.060
247.140,-31.869,0.163,0.214,168.011
247.160,-32.842,0.168,0.214,167.969
247.180,-33.340,0.170,0.214,167.940
247.200,-33.422,0.175,0.214,167.912
247.220,-33.006,0.173,0.214,167.881
247.240,-32.156,0.174,0.214,167.881
247.260,-30.838,0.171,0.214,167.866
247.280,-29.098,0.173,0.214,167.864
247.300,-26.947,0.165,0.214,167.858
247.320,-24.393,0.161,0.214,167.857
247.340,-21.492,0.152,0.214,167.848
247.360,-18.316,0.145,0.214,167.836
247.380,-14.871,0.135,0.214,167.813
247.400,-11.215,0.128,0.214,167.785
247.420,-7.389,0.114,0.214,167.745
247.440,-3.463,0.103,0.210,167.696
247.460,0.504,0.087,0.210,167.636
247.480,4.471,0.083,0.210,167.567
247.500,8.355,0.067,0.210,167.489
247.520,12.152,0.056,0.210,167.403
247.540,15.768,0.044,0.210,167.314
247.560,19.172,0.032,0.210,167.223
247.580,22.312,0.023,0.210,167.135
247.600,25.172,0.015,0.210,167.051
247.620,27.627,0.004,0.210,166.966
247.640,29.725,-0.004,0.210,166.899
247.660,31.400,-0.013,0.210,166.796
247.680,32.666,-0.018,0.210,166.796
247.700,33.451,-0.021,0.210,166.764
247.720,33.779,-0.027,0.210,166.752
247.740,33.668,-0.023,0.210,166.746
247.760,33.082,-0.030,0.211,166.761
247.780,32.027,-0.022,0.211,166.785
247.800,30.527,-0.030,0.211,166.812
247.820,28.641,-0.020,0.211,166.860
247.840,26.338,-0.018,0.211,166.909
247.860,23.660,-0.014,0.211,166.958
247.880,20.672,-0.004,0.211,167.010
247.900,17.391,0.003,0.211,167.062
247.920,13.828,0.014,0.211,167.107
247.940,10.143,0.023,0.211,167.145
247.960,6.299,0.033,0.211,167.176
247.980,2.361,0.045,0.211,167.201
248.000,-1.600,0.055,0.211,167.218
248.020,-5.555,0.066,0.211,167.229
248.040,-9.439,0.082,0.211,167.234
248.060,-13.154,0.090,0.211,167.237
248.080,-16.699,0.107,0.211,167.236
248.100,-20.016,0.113,0.211,167.237
248.120,-23.074,0.126,0.211,167.241
248.140,-25.764,0.132,0.211,167.247
248.160,-28.107,0.144,0.211,167.259
248.180,-30.088,0.154,0.211,167.283
248.200,-31.588,0.159,0.211,167.321
248.220,-32.689,0.170,0.211,167.368
248.240,-33.287,0.171,0.211,167.432
248.260,-33.445,0.175,0.211,167.506
248.280,-33.176,0.177,0.211,167.594
248.300,-32.437,0.178,0.211,167.686
248.320,-31.213,0.178,0.211,167.788
248.340,-29.531,0.174,0.211,167.890
248.360,-27.475,0.166,0.211,167.997
248.380,-25.031,0.170,0.211,168.095
248.400,-22.207,0.153,0.211,168.194
248.420,-19.061,0.152,0.211,168.280
248.440,-15.697,0.138,0.211,168.359
248.460,-12.076,0.134,0.211,168.429
248.480,-8.279,0.120,0.211,168.486
248.500,-4.354,0.112,0.211,168.529
248.520,-0.416,0.099,0.211,168.559
248.540,3.580,0.091,0.211,168.576
248.560,7.488,0.076,0.211,168.580
248.580,11.297,0.066,0.211,168.573
248.600,14.988,0.052,0.211,168.556
248.620,18.439,0.041,0.211,168.532
248.640,21.639,0.029,0.211,168.505
248.660,24.574,0.020,0.211,168.472
248.680,27.100,0.012,0.211,168.438
248.700,29.285,-0.000,0.211,168.405
248.720,31.055,0.000,0.211,168.379
248.740,32.414,-0.015,0.211,168.351
248.760,33.316,-0.012,0.211,168.340
248.780,33.762,-0.019,0.211,168.326
248.800,33.727,-0.021,0.211,168.321
248.820,33.252,-0.024,0.211,168.321
248.840,32.303,-0.023,0.211,168.328
248.860,30.896,-0.021,0.211,168.336
248.880,29.098,-0.021,0.211,168.349
248.900,26.906,-0.009,0.211,168.356
248.920,24.281,-0.009,0.211,168.355
248.940,21.346,-0.001,0.211,168.353
248.960,18.141,0.007,0.211,168.344
248.980,14.648,0.015,0.211,168.325
249.000,10.975,0.024,0.211,168.296
249.020,7.160,0.039,0.211,168.256
249.040,3.240,0.045,0.211,168.203
249.060,-0.721,0.062,0.211,168.139
249.080,-4.676,0.071,0.211,168.064
249.100,-8.590,0.084,0.211,167.978
249.120,-12.357,0.094,0.211,167.884
249.140,-15.926,0.103,0.211,167.782
249.160,-19.301,0.118,0.211,167.676
249.180,-22.406,0.126,0.211,167.572
249.200,-25.189,0.139,0.211,167.468
249.220,-27.615,0.146,0.211,167.368
249.240,-29.648,0.156,0.211,167.277
249.260,-31.312,0.162,0.211,167.193
249.280,-32.455,0.168,0.211,167.121
249.300,-33.193,0.173,0.211,167.066
249.320,-33.457,0.178,0.211,167.024
249.340,-33.258,0.174,0.211,166.994
249.360,-32.631,0.179,0.211,166.973
249.380,-31.494,0.174,0.211,166.967
249.400,-29.947,0.178,0.211,166.965
249.420,-27.943,0.169,0.211,166.978
249.440,-25.576,0.168,0.211,166.991
249.460,-22.857,0.160,0.211,167.011
249.480,-19.770,0.155,0.211,167.026
249.500,-16.447,0.146,0.211,167.043
249.520,-12.908,0.133,0.211,167.054
249.540,-9.135,0.121,0.211,167.054
249.560,-5.244,0.112,0.211,167.048
249.580,-1.277,0.101,0.211,167.035
249.600,2.684,0.088,0.211,167.016
249.620,6.639,0.078,0.211,166.991
249.640,10.459,0.064,0.211,166.960
249.660,14.186,0.057,0.211,166.927
249.680,17.672,0.041,0.211,166.889
249.700,20.947,0.033,0.211,166.828
249.720,23.941,0.018,0.211,166.828
249.740,26.578,0.014,0.211,166.810
249.760,28.834,0.000,0.211,166.793
249.780,30.703,-0.009,0.211,166.796
249.800,32.156,-0.009,0.211,166.810
249.820,33.141,-0.020,0.211,166.831
249.840,33.686,-0.020,0.211,166.873
249.860,33.779,-0.025,0.211,166.928
249.880,33.404,-0.026,0.211,166.996
249.900,32.531,-0.028,0.211,167.077
249.920,31.254,-0.024,0.211,167.166
249.940,29.537,-0.027,0.211,167.259
249.960,27.422,-0.017,0.211,167.361
249.980,24.896,-0.018,0.211,167.461
250.000,22.037,-0.003,0.211,167.561
250.020,18.879,-0.006,0.211,167.648
250.040,15.457,0.012,0.211,167.733
250.060,11.812,0.016,0.211,167.808
250.080,8.027,0.029,0.211,167.873
250.100,4.143,0.037,0.211,167.927
250.120,0.170,0.054,0.211,167.970
250.140,-3.809,0.062,0.211,168.002
250.160,-7.705,0.078,0.211,168.023
250.180,-11.543,0.084,0.211,168.036
250.200,-15.176,0.102,0.211,168.039
250.220,-18.586,0.108,0.211,168.041
250.240,-21.756,0.124,0.211,168.037
250.260,-24.609,0.129,0.211,168.036
250.280,-27.117,0.139,0.211,168.030
250.300,-29.256,0.148,0.211,168.031
250.320,-31.002,0.153,0.211,168.029
250.340,-32.268,0.163,0.211,168.041
250.360,-33.082,0.166,0.211,168.053
250.380,-33.428,0.178,0.211,168.085
250.400,-33.381,0.173,0.211,168.126
250.420,-32.836,0.175,0.211,168.166
250.440,-31.834,0.175,0.211,168.215
250.460,-30.340,0.174,0.211,168.264
250.480,-28.477,0.167,0.211,168.314
250.500,-26.180,0.165,0.211,168.355
250.520,-23.502,0.154,0.211,168.395
250.540,-20.525,0.152,0.211,168.424
250.560,-17.238,0.140,0.211,168.447
250.580,-13.752,0.136,0.211,168.459
250.600,-10.020,0.121,0.211,168.461
250.620,-6.146,0.111,0.211,168.448
250.640,-2.209,0.102,0.211,168.422
250.660,1.781,0.087,0.211,168.383
250.680,5.725,0.083,0.211,168.333
250.700,9.592,0.064,0.211,168.269
250.720,13.354,0.056,0.211,168.197
250.740,16.916,0.043,0.211,168.116
250.760,20.227,0.033,0.211,168.033
250.780,23.291,0.023,0.211,167.944
250.800,26.004,0.012,0.211,167.861
250.820,28.354,0.003,0.211,167.779
250.840,30.311,-0.002,0.211,167.704
250.860,31.857,-0.015,0.211,167.632
250.880,32.965,-0.017,0.211,167.580
250.900,33.621,-0.023,0.211,167.532
250.920,33.809,-0.025,0.211,167.499
250.940,33.527,-0.029,0.211,167.467
250.960,32.754,-0.025,0.211,167.462
250.980,31.582,-0.024,0.211,167.445
251.000,29.947,-0.023,0.211,167.444
251.020,27.932,-0.018,0.211,167.442
251.040,25.482,-0.013,0.211,167.448
251.060,22.693,-0.007,0.211,167.450
251.080,19.594,-0.003,0.211,167.452
251.100,16.225,0.008,0.211,167.452
251.120,12.621,0.014,0.211,167.445
251.140,8.854,0.030,0.211,167.431
251.160,4.975,0.036,0.209,167.406
251.180,1.037,0.054,0.209,167.374
251.200,-2.941,0.059,0.209,167.333
251.220,-6.885,0.079,0.209,167.284
251.240,-10.711,0.087,0.209,167.232
251.260,-14.402,0.097,0.209,167.173
251.280,-17.865,0.108,0.209,167.114
251.300,-21.094,0.123,0.209,167.049
251.320,-24.047,0.133,0.209,166.999
251.340,-26.631,0.141,0.209,166.946
251.360,-28.863,0.149,0.209,166.904
251.380,-30.697,0.158,0.209,166.873
251.400,-32.051,0.170,0.209,166.858
251.420,-33.012,0.174,0.209,166.863
251.440,-33.428,0.176,0.209,166.883
251.460,-33.463,0.178,0.209,166.917
251.480,-33.041,0.182,0.213,166.953
251.500,-32.127,0.178,0.213,167.015
251.520,-30.762,0.181,0.213,167.079
251.540,-28.922,0.176,0.213,167.155
251.560,-26.742,0.172,0.213,167.234
251.580,-24.158,0.170,0.213,167.315
251.600,-21.229,0.161,0.213,167.393
251.620,-18.012,0.153,0.213,167.469
251.640,-14.537,0.140,0.213,167.535
251.660,-10.846,0.137,0.213,167.592
251.680,-7.025,0.119,0.213,167.643
251.700,-3.064,0.109,0.213,167.682
251.720,0.908,0.095,0.213,167.711
251.740,4.863,0.086,0.213,167.731
251.760,8.748,0.071,0.213,167.741
251.780,12.527,0.064,0.213,167.747
251.800,16.137,0.049,0.213,167.743
251.820,19.523,0.041,0.213,167.738
251.840,22.629,0.025,0.213,167.730
251.860,25.441,0.019,0.213,167.728
251.880,27.867,0.009,0.213,167.724
251.900,29.918,-0.000,0.213,167.729
251.920,31.547,-0.005,0.213,167.735
251.940,32.754,-0.013,0.213,167.752
251.960,33.516,-0.015,0.213,167.774
251.980,33.803,-0.021,0.213,167.809
252.000,33.621,-0.022,0.213,167.849
252.020,32.965,-0.024,0.213,167.900
252.040,31.893,-0.019,0.213,167.954
252.060,30.346,-0.019,0.213,168.009
252.080,28.424,-0.016,0.213,168.066
252.100,26.074,-0.012,0.213,168.116
252.120,23.338,-0.005,0.213,168.161
252.140,20.320,-0.000,0.213,168.200
252.160,16.998,0.010,0.213,168.232
252.180,13.447,0.018,0.213,168.251
252.200,9.715,0.026,0.213,168.260
252.220,5.865,0.044,0.213,168.255
252.240,1.939,0.049,0.213,168.235
252.260,-2.027,0.062,0.213,168.203
252.280,-5.988,0.070,0.213,168.158
252.300,-9.855,0.087,0.213,168.101
252.320,-13.553,0.095,0.213,168.033
252.340,-17.068,0.108,0.213,167.959
252.360,-20.355,0.120,0.213,167.882
252.380,-23.361,0.128,0.213,167.796
252.400,-26.045,0.138,0.213,167.713
252.420,-28.354,0.150,0.213,167.628
252.440,-30.264,0.153,0.213,167.554
252.460,-31.746,0.164,0.213,167.480
252.480,-32.771,0.166,0.213,167.423
252.500,-33.334,0.172,0.213,167.365
252.520,-33.469,0.174,0.213,167.329
252.540,-33.105,0.174,0.213,167.293
252.560,-32.309,0.176,0.213,167.274
252.580,-31.031,0.171,0.213,167.252
252.600,-29.355,0.175,0.213,167.246
252.620,-27.229,0.164,0.213,167.238
252.640,-24.732,0.164,0.213,167.231
252.660,-21.885,0.153,0.213,167.226
252.680,-18.703,0.145,0.213,167.215
252.700,-15.311,0.137,0.213,167.195
252.720,-11.672,0.129,0.213,167.171
252.740,-7.875,0.115,0.213,167.138
252.760,-3.955,0.108,0.213,167.098
252.780,0.018,0.093,0.213,167.049
252.800,3.984,0.086,0.212,166.991
252.820,7.887,0.069,0.212,166.926
252.840,11.689,0.059,0.212,166.856
252.860,15.340,0.053,0.212,166.781
252.880,18.779,0.038,0.212,166.701
252.900,21.949,0.027,0.212,166.623
252.920,24.855,0.014,0.212,166.552
252.940,27.334,0.007,0.212,166.488
252.960,29.490,-0.003,0.212,166.443
252.980,31.225,-0.011,0.212,166.402
253.000,32.531,-0.014,0.212,166.378
253.020,33.381,-0.020,0.212,166.366
253.040,33.779,-0.025,0.212,166.372
253.060,33.697,-0.027,0.212,166.392
253.080,33.158,-0.029,0.212,166.430
253.100,32.174,-0.028,0.212,166.476
253.120,30.727,-0.029,0.212,166.538
253.140,28.875,-0.025,0.212,166.607
253.160,26.637,-0.013,0.212,166.687
253.180,23.977,-0.014,0.212,166.757
253.200,21.023,-0.004,0.212,166.834
253.220,17.783,-0.000,0.212,166.908
253.240,14.250,0.013,0.212,166.978
253.260,10.576,0.017,0.212,167.043
253.280,6.732,0.034,0.212,167.099
253.300,2.812,0.041,0.212,167.146
253.320,-1.148,0.055,0.212,167.184
253.340,-5.104,0.067,0.212,167.214
253.360,-8.988,0.081,0.212,167.237
253.380,-12.738,0.091,0.212,167.256
253.400,-16.307,0.103,0.212,167.270
253.420,-19.658,0.116,0.212,167.281
253.440,-22.752,0.126,0.212,167.300
253.460,-25.459,0.132,0.212,167.318
253.480,-27.885,0.143,0.212,167.340
253.500,-29.895,0.153,0.212,167.370
253.520,-31.477,0.155,0.212,167.415
253.540,-32.602,0.169,0.212,167.458
253.560,-33.264,0.170,0.212,167.522
253.580,-33.463,0.175,0.212,167.594
253.600,-33.258,0.176,0.212,167.676
253.620,-32.555,0.179,0.212,167.765
253.640,-31.395,0.176,0.212,167.862
253.660,-29.760,0.177,0.212,167.964
253.680,-27.762,0.166,0.212,168.066
253.700,-25.342,0.165,0.212,168.160
253.720,-22.582,0.153,0.212,168.247
253.740,-19.471,0.153,0.212,168.326
253.760,-16.107,0.137,0.212,168.395
253.780,-12.539,0.134,0.212,168.452
253.800,-8.748,0.120,0.212,168.496
253.820,-4.857,0.112,0.212,168.526
253.840,-0.879,0.099,0.212,168.543
253.860,3.100,0.090,0.212,168.546
253.880,7.014,0.078,0.212,168.536
253.900,10.828,0.064,0.212,168.514
253.920,14.537,0.055,0.212,168.482
253.940,18.035,0.042,0.212,168.439
253.960,21.258,0.032,0.212,168.393
253.980,24.229,0.021,0.212,168.347
254.000,26.824,0.012,0.212,168.300
254.020,29.033,-0.000,0.212,168.252
254.040,30.867,-0.002,0.212,168.212
254.060,32.279,-0.010,0.212,168.174
254.080,33.234,-0.011,0.212,168.139
254.100,33.727,-0.019,0.212,168.111
254.120,33.756,-0.021,0.212,168.093
254.140,33.328,-0.024,0.212,168.082
254.160,32.432,-0.021,0.212,168.083
254.180,31.090,-0.018,0.212,168.082
254.200,29.326,-0.019,0.212,168.082
254.220,27.164,-0.010,0.212,168.081
254.240,24.598,-0.009,0.212,168.080
254.260,21.709,0.000,0.212,168.072
254.280,18.539,0.006,0.212,168.057
254.300,15.064,0.016,0.212,168.034
254.320,11.396,0.022,0.212,168.004
254.340,7.611,0.038,0.212,167.963
254.360,3.686,0.044,0.212,167.911
254.380,-0.258,0.062,0.212,167.849
254.400,-4.225,0.066,0.212,167.777
254.420,-8.145,0.085,0.212,167.696
254.440,-11.941,0.090,0.212,167.608
254.460,-15.551,0.103,0.212,167.512
254.480,-18.937,0.114,0.212,167.415
254.500,-22.090,0.126,0.212,167.314
254.520,-24.914,0.136,0.212,167.220
254.540,-27.369,0.146,0.212,167.127
254.560,-29.484,0.152,0.212,167.047
254.580,-31.160,0.164,0.212,166.972
254.600,-32.379,0.169,0.212,166.918
254.620,-33.176,0.176,0.212,166.871
254.640,-33.480,0.174,0.212,166.844
254.660,-33.369,0.178,0.212,166.824
254.680,-32.777,0.178,0.212,166.820
254.700,-31.699,0.175,0.212,166.829
254.720,-30.176,0.182,0.212,166.847
254.740,-28.230,0.172,0.212,166.882
254.760,-25.928,0.170,0.212,166.915
254.780,-23.227,0.159,0.212,166.955
254.800,-20.162,0.157,0.212,166.983
254.820,-16.863,0.145,0.212,167.019
254.840,-13.342,0.137,0.212,167.046
254.860,-9.598,0.125,0.212,167.070
254.880,-5.730,0.120,0.212,167.084
254.900,-1.758,0.102,0.212,167.092
254.920,2.227,0.095,0.212,167.092
254.940,6.158,0.074,0.212,167.085
254.960,9.990,0.070,0.212,167.075
254.980,13.752,0.056,0.212,167.058
255.000,17.273,0.047,0.212,167.043
255.020,20.566,0.034,0.212,167.023
255.040,23.596,0.022,0.212,167.011
255.060,26.273,0.013,0.212,167.003
255.080,28.576,0.004,0.212,167.005
255.100,30.498,-0.004,0.212,167.015
255.120,32.004,-0.010,0.212,167.038
255.140,33.053,-0.017,0.212,167.074
255.160,33.656,-0.021,0.212,167.122
255.180,33.791,-0.023,0.212,167.190
255.200,33.475,-0.025,0.212,167.259
255.220,32.666,-0.023,0.212,167.346
255.240,31.436,-0.025,0.212,167.433
255.260,29.766,-0.021,0.212,167.528
255.280,27.697,-0.019,0.212,167.625
255.300,25.207,-0.016,0.212,167.725
255.320,22.383,-0.007,0.212,167.820
255.340,19.266,-0.001,0.212,167.910
255.360,15.873,0.011,0.212,167.991
255.380,12.252,0.016,0.212,168.061
255.400,8.473,0.030,0.212,168.120
255.420,4.582,0.036,0.212,168.166
255.440,0.639,0.051,0.212,168.201
255.460,-3.334,0.062,0.212,168.222
255.480,-7.260,0.076,0.212,168.231
255.500,-11.092,0.086,0.212,168.232
255.520,-14.736,0.102,0.212,168.223
255.540,-18.176,0.105,0.212,168.211
255.560,-21.375,0.124,0.212,168.188
255.580,-24.264,0.128,0.212,168.169
255.600,-26.842,0.143,0.212,168.143
255.620,-29.016,0.145,0.212,168.129
255.640,-30.785,0.156,0.212,168.111
255.660,-32.121,0.160,0.212,168.105
255.680,-33.000,0.168,0.212,168.101
255.700,-33.428,0.172,0.212,168.112
255.720,-33.404,0.174,0.212,168.131
255.740,-32.883,0.174,0.212,168.144
255.760,-31.957,0.174,0.212,168.169
255.780,-30.521,0.168,0.212,168.194
255.800,-28.693,0.175,0.212,168.219
255.820,-26.432,0.163,0.212,168.250
255.840,-23.836,0.157,0.212,168.274
255.860,-20.871,0.150,0.212,168.286
255.880,-17.602,0.144,0.212,168.293
255.900,-14.156,0.135,0.212,168.290
255.920,-10.453,0.125,0.212,168.275
255.940,-6.598,0.113,0.212,168.248
255.960,-2.654,0.103,0.212,168.209
255.980,1.312,0.091,0.212,168.157
256.000,5.291,0.082,0.212,168.095
256.020,9.146,0.067,0.212,168.021
256.040,12.920,0.054,0.212,167.938
256.060,16.500,0.047,0.212,167.850
256.080,19.857,0.031,0.212,167.756
256.100,22.939,0.027,0.212,167.659
256.120,25.711,0.008,0.212,167.565
256.140,28.107,0.008,0.212,167.482
256.160,30.105,-0.005,0.212,167.397
256.180,31.693,-0.012,0.212,167.326
256.200,32.865,-0.019,0.212,167.269
256.220,33.562,-0.021,0.212,167.223
256.240,33.814,-0.025,0.212,167.191
256.260,33.586,-0.022,0.212,167.161
256.280,32.895,-0.030,0.213,167.142
256.300,31.752,-0.025,0.213,167.135
256.320,30.170,-0.030,0.213,167.141
256.340,28.189,-0.017,0.213,167.153
256.360,25.805,-0.013,0.213,167.164
256.380,23.033,-0.012,0.213,167.174
256.400,19.980,-0.003,0.213,167.190
256.420,16.646,0.004,0.213,167.200
256.440,13.061,0.019,0.213,167.207
256.460,9.316,0.026,0.213,167.204
256.480,5.437,0.037,0.213,167.193
256.500,1.494,0.046,0.213,167.176
256.520,-2.467,0.063,0.213,167.150
256.540,-6.416,0.072,0.213,167.118
256.560,-10.271,0.089,0.213,167.080
256.580,-13.980,0.094,0.213,167.040
256.600,-17.461,0.112,0.213,166.997
256.620,-20.730,0.116,0.213,166.956
256.640,-23.725,0.134,0.213,166.912
256.660,-26.320,0.132,0.213,166.879
256.680,-28.617,0.153,0.213,166.845
256.700,-30.480,0.155,0.213,166.836
256.720,-31.916,0.167,0.213,166.835
256.740,-32.889,0.169,0.213,166.851
256.760,-33.369,0.178,0.213,166.874
256.780,-33.469,0.177,0.213,166.925
256.800,-33.100,0.181,0.213,166.976
256.820,-32.244,0.177,0.213,167.047
256.840,-30.932,0.181,0.213,167.119
256.860,-29.162,0.178,0.213,167.207
256.880,-27.029,0.171,0.213,167.297
256.900,-24.492,0.167,0.213,167.388
256.920,-21.586,0.157,0.213,167.472
256.940,-18.404,0.156,0.213,167.553
256.960,-14.953,0.138,0.213,167.627
256.980,-11.309,0.136,0.213,167.692
257.000,-7.488,0.117,0.213,167.746
257.020,-3.539,0.111,0.213,167.789
257.040,0.416,0.097,0.213,167.821
257.060,4.377,0.090,0.213,167.843
257.080,8.291,0.074,0.213,167.853
257.100,12.082,0.066,0.213,167.855
257.120,15.721,0.052,0.213,167.848
257.140,19.119,0.043,0.213,167.836
257.160,22.266,0.026,0.213,167.823
257.180,25.131,0.023,0.213,167.815
257.200,27.574,0.008,0.213,167.804
257.220,29.689,0.002,0.213,167.796
257.240,31.371,-0.004,0.213,167.794
257.260,32.648,-0.011,0.213,167.796
257.280,33.445,-0.009,0.213,167.804
257.300,33.803,-0.022,0.213,167.824
257.320,33.668,-0.016,0.213,167.855
257.340,33.088,-0.023,0.213,167.884
257.360,32.039,-0.018,0.213,167.919
257.380,30.568,-0.022,0.213,167.959
257.400,28.652,-0.016,0.213,168.001
257.420,26.367,-0.010,0.213,168.039
257.440,23.684,-0.002,0.213,168.070
257.460,20.684,0.003,0.213,168.096
257.480,17.426,0.011,0.213,168.110
257.500,13.887,0.015,0.213,168.117
257.520,10.184,0.027,0.213,168.110
257.540,6.334,0.037,0.213,168.093
257.560,2.408,0.049,0.213,168.061
257.580,-1.564,0.058,0.213,168.015
257.600,-5.496,0.070,0.213,167.957
257.620,-9.416,0.087,0.213,167.887
257.640,-13.125,0.096,0.213,167.809
257.660,-16.670,0.105,0.213,167.722
257.680,-20.010,0.117,0.213,167.629
257.700,-23.039,0.127,0.213,167.532
257.720,-25.752,0.136,0.213,167.436
257.740,-28.096,0.148,0.213,167.340
257.760,-30.064,0.156,0.213,167.253
257.780,-31.605,0.166,0.213,167.174
257.800,-32.672,0.169,0.213,167.106
257.820,-33.305,0.174,0.213,167.050
257.840,-33.475,0.174,0.213,167.003
257.860,-33.182,0.175,0.213,166.966
257.880,-32.467,0.177,0.213,166.941
257.900,-31.236,0.175,0.213,166.924
257.920,-29.578,0.175,0.213,166.915
257.940,-27.504,0.169,0.213,166.909
257.960,-25.055,0.166,0.213,166.908
257.980,-22.254,0.157,0.213,166.904
258.000,-19.102,0.149,0.213,166.902
258.020,-15.715,0.140,0.213,166.890
258.040,-12.100,0.132,0.213,166.873
258.060,-8.338,0.120,0.213,166.848
258.080,-4.424,0.110,0.213,166.816
258.100,-0.451,0.097,0.213,166.775
258.120,3.527,0.087,0.213,166.727
258.140,7.447,0.071,0.213,166.672
258.160,11.256,0.058,0.213,166.612
258.180,14.930,0.052,0.213,166.552
258.200,18.381,0.035,0.213,166.485
258.220,21.586,0.032,0.213,166.425
258.240,24.521,0.012,0.213,166.361
258.260,27.070,0.014,0.213,166.318
258.280,29.256,-0.004,0.213,166.272
258.300,31.037,-0.007,0.213,166.251
258.320,32.402,-0.020,0.213,166.235
258.340,33.305,-0.021,0.213,166.247
258.360,33.756,-0.022,0.213,166.262
258.380,33.721,-0.026,0.213,166.305
258.400,33.264,-0.028,0.213,166.353
258.420,32.314,-0.025,0.213,166.416
258.440,30.932,-0.026,0.213,166.486
258.460,29.109,-0.024,0.213,166.571
258.480,26.918,-0.017,0.213,166.661
258.500,24.316,-0.014,0.213,166.752
258.520,21.381,-0.006,0.213,166.843
258.540,18.176,-0.002,0.213,166.931
258.560,14.684,0.013,0.213,167.016
258.580,11.027,0.020,0.213,167.091
258.600,7.213,0.030,0.213,167.157
258.620,3.287,0.040,0.213,167.214
258.640,-0.674,0.053,0.213,167.262
258.660,-4.641,0.068,0.213,167.301
258.680,-8.537,0.074,0.213,167.331
258.700,-12.311,0.091,0.213,167.356
258.720,-15.896,0.100,0.213,167.374
258.740,-19.271,0.112,0.213,167.391
258.760,-22.371,0.120,0.213,167.408
258.780,-25.148,0.132,0.213,167.426
258.800,-27.604,0.142,0.213,167.448
258.820,-29.672,0.154,0.213,167.478
258.840,-31.295,0.157,0.213,167.513
258.860,-32.490,0.167,0.213,167.562
258.880,-33.199,0.166,0.213,167.620
258.900,-33.475,0.174,0.213,167.690
258.920,-33.293,0.176,0.213,167.759
258.940,-32.666,0.174,0.213,167.838
258.960,-31.559,0.175,0.213,167.925
258.980,-29.977,0.171,0.213,168.014
259.000,-28.008,0.169,0.213,168.102
259.020,-25.652,0.166,0.213,168.181
259.040,-22.922,0.159,0.213,168.260
259.060,-19.857,0.149,0.213,168.330
259.080,-16.523,0.142,0.213,168.388
259.100,-12.973,0.132,0.213,168.432
259.120,-9.205,0.127,0.213,168.464
259.140,-5.320,0.111,0.213,168.483
259.160,-1.365,0.103,0.213,168.487
259.180,2.619,0.087,0.213,168.476
259.200,6.539,0.081,0.213,168.452
259.220,10.400,0.064,0.213,168.417
259.240,14.109,0.057,0.213,168.367
259.260,17.631,0.041,0.213,168.314
259.280,20.889,0.033,0.213,168.253
259.300,23.883,0.024,0.213,168.191
259.320,26.537,0.012,0.213,168.123
259.340,28.793,0.002,0.213,168.065
259.360,30.674,-0.002,0.213,168.007
259.380,32.133,-0.009,0.213,167.954
259.400,33.141,-0.017,0.213,167.903
259.420,33.686,-0.021,0.213,167.872
259.440,33.779,-0.024,0.213,167.848
259.460,33.410,-0.025,0.213,167.829
259.480,32.566,-0.025,0.213,167.818
259.500,31.283,-0.021,0.213,167.807
259.520,29.549,-0.024,0.213,167.805
259.540,27.445,-0.010,0.213,167.801
259.560,24.932,-0.012,0.213,167.794
259.580,22.078,-0.000,0.213,167.783
259.600,18.914,0.002,0.213,167.767
259.620,15.486,0.012,0.213,167.748
259.640,11.842,0.022,0.213,167.722
259.660,8.051,0.033,0.213,167.685
259.680,4.143,0.042,0.213,167.639
259.700,0.193,0.058,0.213,167.582
259.720,-3.768,0.064,0.211,167.516
259.740,-7.693,0.081,0.211,167.442
259.760,-11.508,0.093,0.211,167.360
259.780,-15.135,0.103,0.211,167.276
259.800,-18.574,0.116,0.211,167.188
259.820,-21.732,0.125,0.211,167.100
259.840,-24.615,0.139,0.211,167.015
259.860,-27.111,0.143,0.211,166.933
259.880,-29.268,0.157,0.211,166.864
259.900,-31.014,0.161,0.211,166.801
259.920,-32.268,0.169,0.211,166.757
259.940,-33.105,0.174,0.211,166.723
259.960,-33.451,0.177,0.211,166.714
259.980,-33.387,0.179,0.211,166.713
260.000,-32.865,0.185,0.215,166.725
260.020,-31.846,0.180,0.215,166.753
260.040,-30.375,0.180,0.215,166.789
260.060,-28.482,0.176,0.215,166.835
260.080,-26.221,0.171,0.215,166.892
260.100,-23.561,0.166,0.215,166.948
260.120,-20.555,0.156,0.215,167.005
260.140,-17.273,0.153,0.215,167.055
260.160,-13.764,0.137,0.215,167.108
260.180,-10.055,0.131,0.215,167.147
260.200,-6.182,0.117,0.215,167.180
260.220,-2.238,0.103,0.215,167.204
260.240,1.734,0.093,0.215,167.221
260.260,5.701,0.083,0.215,167.230
260.280,9.545,0.070,0.215,167.232
260.300,13.295,0.062,0.215,167.230
260.320,16.875,0.047,0.215,167.223
260.340,20.180,0.037,0.215,167.218
260.360,23.250,0.023,0.215,167.218
260.380,25.980,0.018,0.215,167.222
260.400,28.330,0.005,0.215,167.228
260.420,30.299,-0.001,0.215,167.244
260.440,31.834,-0.010,0.215,167.268
260.460,32.947,-0.013,0.215,167.307
260.480,33.609,-0.017,0.215,167.353
260.500,33.803,-0.023,0.215,167.414
260.520,33.527,-0.023,0.215,167.485
260.540,32.789,-0.025,0.215,167.565
260.560,31.600,-0.022,0.215,167.651
260.580,29.977,-0.023,0.215,167.738
260.600,27.967,-0.018,0.215,167.829
260.620,25.529,-0.015,0.215,167.919
260.640,22.729,-0.004,0.215,168.005
260.660,19.652,-0.001,0.215,168.081
260.680,16.277,0.008,0.215,168.150
260.700,12.697,0.016,0.215,168.208
260.720,8.912,0.028,0.215,168.253
260.740,5.062,0.040,0.215,168.284
260.760,1.102,0.048,0.215,168.302
260.780,-2.865,0.060,0.215,168.307
260.800,-6.773,0.069,0.215,168.298
260.820,-10.635,0.087,0.215,168.280
260.840,-14.309,0.097,0.215,168.248
260.860,-17.777,0.107,0.215,168.214
260.880,-21.023,0.120,0.215,168.169
260.900,-23.953,0.126,0.215,168.128
260.920,-26.555,0.137,0.215,168.079
260.940,-28.781,0.143,0.215,168.030
260.960,-30.615,0.155,0.215,167.982
260.980,-31.998,0.165,0.215,167.946
261.000,-32.930,0.167,0.215,167.918
261.020,-33.387,0.172,0.215,167.896
261.040,-33.422,0.172,0.215,167.884
261.060,-33.000,0.174,0.215,167.871
261.080,-32.104,0.175,0.215,167.868
261.100,-30.727,0.173,0.215,167.869
261.120,-28.957,0.176,0.215,167.876
261.140,-26.725,0.165,0.215,167.883
261.160,-24.170,0.164,0.215,167.881
261.180,-21.258,0.149,0.215,167.880
261.200,-18.006,0.149,0.215,167.866
261.220,-14.566,0.134,0.215,167.849
261.240,-10.887,0.129,0.215,167.815
261.260,-7.055,0.111,0.215,167.775
261.280,-3.105,0.109,0.215,167.720
261.300,0.867,0.091,0.215,167.655
261.320,4.816,0.087,0.213,167.580
261.340,8.713,0.066,0.213,167.491
261.360,12.480,0.058,0.213,167.398
261.380,16.084,0.048,0.213,167.297
261.400,19.477,0.035,0.213,167.194
261.420,22.582,0.029,0.213,167.087
261.440,25.400,0.012,0.213,166.982
261.460,27.826,0.007,0.213,166.883
261.480,29.900,-0.008,0.213,166.791
261.500,31.529,-0.008,0.213,166.717
261.520,32.742,-0.022,0.213,166.643
261.540,33.510,-0.017,0.213,166.596
261.560,33.803,-0.026,0.213,166.545
261.580,33.621,-0.023,0.213,166.519
261.600,32.982,-0.031,0.216,166.502
261.620,31.904,-0.021,0.216,166.506
261.640,30.381,-0.028,0.216,166.502
261.660,28.436,-0.018,0.216,166.520
261.680,26.109,-0.015,0.216,166.535
261.700,23.391,-0.010,0.216,166.559
261.720,20.355,-0.002,0.216,166.578
261.740,17.057,0.001,0.216,166.596
261.760,13.494,0.019,0.216,166.611
261.780,9.785,0.022,0.216,166.617
261.800,5.906,0.033,0.216,166.617
261.820,1.975,0.045,0.216,166.610
261.840,-1.992,0.061,0.216,166.594
261.860,-5.936,0.069,0.216,166.571
261.880,-9.797,0.084,0.216,166.541
261.900,-13.547,0.095,0.216,166.508
261.920,-17.039,0.108,0.216,166.474
261.940,-20.355,0.116,0.216,166.440
261.960,-23.355,0.129,0.216,166.405
261.980,-26.016,0.135,0.216,166.383
262.000,-28.365,0.148,0.216,166.364
262.020,-30.281,0.155,0.216,166.360
262.040,-31.752,0.160,0.216,166.367
262.060,-32.807,0.170,0.216,166.385
262.080,-33.328,0.170,0.216,166.419
262.100,-33.475,0.181,0.216,166.471
262.120,-33.164,0.175,0.216,166.532
262.140,-32.379,0.181,0.216,166.604
262.160,-31.107,0.175,0.216,166.687
262.180,-29.402,0.178,0.216,166.776
262.200,-27.299,0.170,0.216,166.875
262.220,-24.814,0.170,0.216,166.967
262.240,-21.961,0.153,0.216,167.061
262.260,-18.797,0.151,0.216,167.142
262.280,-15.387,0.140,0.216,167.216
262.300,-11.754,0.136,0.216,167.283
262.320,-7.945,0.121,0.216,167.340
262.340,-4.025,0.110,0.216,167.383
262.360,-0.059,0.103,0.216,167.415
262.380,3.908,0.091,0.216,167.434
262.400,7.822,0.081,0.216,167.442
262.420,11.631,0.062,0.216,167.441
262.440,15.299,0.061,0.216,167.432
262.460,18.732,0.039,0.216,167.413
262.480,21.896,0.037,0.216,167.397
262.500,24.809,0.020,0.216,167.372
262.520,27.316,0.012,0.216,167.356
262.540,29.473,-0.000,0.216,167.340
262.560,31.201,0.001,0.216,167.335
262.580,32.520,-0.013,0.216,167.331
262.600,33.363,-0.009,0.216,167.339
262.620,33.785,-0.024,0.216,167.344
262.640,33.691,-0.016,0.216,167.374
262.660,33.182,-0.025,0.216,167.394
262.680,32.186,-0.018,0.216,167.432
262.700,30.768,-0.020,0.216,167.461
262.720,28.898,-0.018,0.216,167.502
262.740,26.666,-0.008,0.216,167.534
262.760,24.023,-0.008,0.216,167.560
262.780,21.070,0.004,0.216,167.583
262.800,17.818,0.005,0.216,167.593
262.820,14.314,0.019,0.216,167.598
262.840,10.611,0.023,0.216,167.590
262.860,6.791,0.041,0.216,167.571
262.880,2.865,0.045,0.216,167.538
262.900,-1.102,0.062,0.216,167.492
262.920,-5.033,0.064,0.216,167.434
262.940,-8.947,0.089,0.216,167.364
262.960,-12.703,0.092,0.216,167.287
262.980,-16.266,0.109,0.216,167.200
263.000,-19.623,0.116,0.216,167.019
263.020,-22.693,0.132,0.216,167.019
263.040,-25.453,0.136,0.216,166.931
263.060,-27.850,0.147,0.216,166.838
263.080,-29.859,0.157,0.216,166.758
263.100,-31.465,0.167,0.216,166.632
263.120,-32.584,0.171,0.216,166.632
263.140,-33.234,0.174,0.216,166.584
263.160,-33.463,0.179,0.216,166.553
263.180,-33.252,0.177,0.216,166.534
263.200,-32.572,0.181,0.216,166.523
263.220,-31.412,0.174,0.216,166.520
263.240,-29.789,0.182,0.216,166.523
263.260,-27.744,0.167,0.216,166.546
263.280,-25.365,0.172,0.216,166.559
263.300,-22.600,0.157,0.216,166.582
263.320,-19.506,0.157,0.216,166.594
263.340,-16.131,0.139,0.216,166.611
263.360,-12.551,0.136,0.216,166.615
263.380,-8.789,0.119,0.216,166.617
263.400,-4.904,0.112,0.216,166.606
263.420,-0.926,0.097,0.216,166.589
263.440,3.047,0.089,0.216,166.565
263.460,6.984,0.071,0.216,166.535
263.480,10.811,0.062,0.216,166.500
263.500,14.508,0.050,0.216,166.461
263.520,17.988,0.038,0.216,166.420
263.540,21.211,0.032,0.216,166.384
263.560,24.193,0.016,0.216,166.352
263.580,26.795,0.013,0.216,166.330
263.600,29.027,-0.004,0.216,166.312
263.620,30.850,-0.004,0.216,166.313
263.640,32.262,-0.017,0.216,166.319
263.660,33.223,-0.019,0.216,166.352
263.680,33.721,-0.021,0.216,166.395
263.700,33.756,-0.025,0.216,166.459
263.720,33.328,-0.027,0.216,166.530
263.740,32.437,-0.025,0.216,166.621
263.760,31.119,-0.026,0.216,166.708
263.780,29.338,-0.022,0.216,166.817
263.800,27.199,-0.018,0.216,166.920
263.820,24.656,-0.016,0.216,167.031
263.840,21.750,-0.003,0.216,167.135
263.860,18.586,-0.003,0.216,167.238
263.880,15.129,0.012,0.216,167.334
263.900,11.467,0.014,0.216,167.423
263.920,7.664,0.033,0.216,167.502
263.940,3.756,0.038,0.216,167.569
263.960,-0.205,0.054,0.216,167.625
263.980,-4.172,0.059,0.216,167.672
264.000,-8.068,0.075,0.216,167.735
264.020,-11.859,0.084,0.216,167.735
264.040,-15.480,0.099,0.216,167.754
264.060,-18.879,0.106,0.216,167.775
264.080,-22.014,0.122,0.216,167.783
264.100,-24.838,0.128,0.216,167.805
264.120,-27.316,0.139,0.216,167.814
264.140,-29.437,0.149,0.216,167.835
264.160,-31.125,0.158,0.216,167.857
264.180,-32.355,0.166,0.216,167.899
264.200,-33.135,0.168,0.216,167.937
264.220,-33.451,0.176,0.216,167.992
264.240,-33.328,0.173,0.216,168.052
264.260,-32.760,0.177,0.216,168.110
264.280,-31.717,0.177,0.216,168.179
264.300,-30.182,0.178,0.216,168.248
264.320,-28.271,0.170,0.216,168.327
264.340,-25.928,0.167,0.216,168.385
264.360,-23.268,0.159,0.216,168.448
264.380,-20.215,0.153,0.216,168.499
264.400,-16.922,0.144,0.216,168.539
264.420,-13.389,0.136,0.216,168.564
264.440,-9.645,0.124,0.216,168.579
264.460,-5.777,0.113,0.216,168.577
264.480,-1.822,0.103,0.216,168.562
264.500,2.156,0.091,0.216,168.532
264.520,6.094,0.080,0.216,168.489
264.540,9.961,0.064,0.216,168.433
264.560,13.699,0.056,0.216,168.367
264.580,17.221,0.043,0.216,168.293
264.600,20.514,0.029,0.216,168.212
264.620,23.555,0.025,0.216,168.043
264.640,26.250,0.008,0.216,168.043
264.660,28.553,0.005,0.216,167.962
264.680,30.486,-0.007,0.216,167.888
264.700,31.986,-0.013,0.216,167.816
264.720,33.041,-0.016,0.216,167.757
264.740,33.645,-0.020,0.216,167.699
264.760,33.797,-0.026,0.216,167.658
264.780,33.475,-0.024,0.216,167.624
264.800,32.672,-0.026,0.216,167.600
264.820,31.453,-0.024,0.216,167.573
264.840,29.766,-0.027,0.216,167.558
264.860,27.727,-0.016,0.216,167.549
264.880,25.242,-0.013,0.216,167.540
264.900,22.436,-0.005,0.216,167.526
264.920,19.295,0.002,0.216,167.509
264.940,15.914,0.013,0.216,167.490
264.960,12.281,0.022,0.216,167.462
264.980,8.508,0.031,0.216,167.427
265.000,4.605,0.039,0.214,167.328
265.020,0.656,0.057,0.214,167.328
265.040,-3.305,0.063,0.214,167.266
265.060,-7.225,0.080,0.214,167.194
265.080,-11.068,0.091,0.214,167.119
265.100,-14.713,0.104,0.214,167.039
265.120,-18.176,0.111,0.214,166.962
265.140,-21.375,0.128,0.214,166.874
265.160,-24.275,0.135,0.214,166.802
265.180,-26.818,0.145,0.214,166.724
265.200,-29.039,0.154,0.214,166.670
265.220,-30.814,0.163,0.214,166.615
265.240,-32.168,0.167,0.214,166.587
265.260,-33.053,0.177,0.214,166.561
265.280,-33.428,0.174,0.214,166.562
265.300,-33.434,0.179,0.214,166.572
265.320,-32.953,0.178,0.214,166.592
265.340,-31.998,0.180,0.214,166.675
265.360,-30.580,0.178,0.214,166.675
265.380,-28.740,0.174,0.214,166.738
265.400,-26.502,0.172,0.214,166.798
265.420,-23.895,0.166,0.214,166.871
265.440,-20.941,0.157,0.214,166.937
265.460,-17.701,0.149,0.214,167.003
265.480,-14.215,0.137,0.214,167.061
265.500,-10.506,0.132,0.214,167.116
265.520,-6.650,0.119,0.214,167.159
265.540,-2.713,0.108,0.214,167.196
265.560,1.254,0.098,0.214,167.223
265.580,5.232,0.084,0.214,167.241
265.600,9.082,0.075,0.214,167.254
265.620,12.873,0.061,0.214,167.257
265.640,16.459,0.050,0.214,167.258
265.660,19.811,0.038,0.214,167.257
265.680,22.904,0.028,0.214,167.261
265.700,25.682,0.020,0.214,167.266
265.720,28.066,0.008,0.214,167.272
265.740,30.100,0.000,0.214,167.290
265.760,31.682,-0.005,0.214,167.312
265.780,32.842,-0.015,0.214,167.346
265.800,33.551,-0.017,0.214,167.387
265.820,33.814,-0.022,0.214,167.451
265.840,33.580,-0.022,0.214,167.511
265.860,32.895,-0.023,0.214,167.590
265.880,31.758,-0.022,0.214,167.664
265.900,30.182,-0.021,0.214,167.750
265.920,28.219,-0.020,0.214,167.826
265.940,25.828,-0.012,0.214,167.912
265.960,23.080,-0.008,0.214,167.982
265.980,20.027,0.002,0.214,168.052
266.000,16.687,0.008,0.214,168.107
266.020,13.119,0.016,0.214,168.156
266.040,9.387,0.025,0.214,168.191
266.060,5.508,0.038,0.214,168.213
266.080,1.564,0.045,0.214,168.222
266.100,-2.402,0.060,0.214,168.217
266.120,-6.322,0.070,0.214,168.198
266.140,-10.201,0.083,0.214,168.169
266.160,-13.893,0.095,0.214,168.125
266.180,-17.391,0.106,0.214,168.080
266.200,-20.678,0.119,0.214,168.022
266.220,-23.643,0.128,0.214,167.968
266.240,-26.273,0.140,0.214,167.908
266.260,-28.529,0.145,0.214,167.851
266.280,-30.422,0.156,0.214,167.793
266.300,-31.875,0.161,0.214,167.747
266.320,-32.848,0.166,0.214,167.704
266.340,-33.352,0.173,0.214,167.671
266.360,-33.434,0.176,0.214,167.648
266.380,-33.064,0.174,0.214,167.633
266.400,-32.215,0.175,0.214,167.623
266.420,-30.908,0.172,0.214,167.613
266.440,-29.168,0.176,0.214,167.613
266.460,-26.994,0.164,0.214,167.615
266.480,-24.486,0.166,0.214,167.615
266.500,-21.598,0.150,0.214,167.610
266.520,-18.404,0.148,0.214,167.596
266.540,-14.982,0.134,0.214,167.576
266.560,-11.326,0.129,0.214,167.548
266.580,-7.512,0.116,0.214,167.509
266.600,-3.592,0.106,0.210,167.459
266.620,0.393,0.089,0.210,167.398
266.640,4.336,0.084,0.209,167.327
266.660,8.256,0.066,0.209,167.246
266.680,12.035,0.058,0.209,167.158
266.700,15.686,0.048,0.209,167.063
266.720,19.078,0.033,0.209,166.964
266.740,22.225,0.026,0.209,166.869
266.760,25.096,0.013,0.209,166.775
266.780,27.562,0.011,0.209,166.687
266.800,29.678,-0.007,0.209,166.604
266.820,31.359,-0.009,0.209,166.537
266.840,32.619,-0.020,0.209,166.480
266.860,33.428,-0.017,0.209,166.445
266.880,33.785,-0.028,0.210,166.408
266.900,33.668,-0.025,0.210,166.408
266.920,33.094,-0.030,0.213,166.410
266.940,32.057,-0.025,0.213,166.427
266.960,30.574,-0.027,0.213,166.450
266.980,28.687,-0.021,0.213,166.485
267.000,26.408,-0.015,0.213,166.524
267.020,23.730,-0.009,0.213,166.563
267.040,20.748,-0.000,0.213,166.601
267.060,17.467,0.002,0.213,166.638
267.080,13.928,0.016,0.213,166.674
267.100,10.225,0.019,0.213,166.701
267.120,6.381,0.036,0.213,166.723
267.140,2.455,0.041,0.213,166.736
267.160,-1.506,0.058,0.213,166.742
267.180,-5.449,0.070,0.213,166.742
267.200,-9.352,0.078,0.213,166.734
267.220,-13.107,0.096,0.213,166.724
267.240,-16.629,0.101,0.213,166.711
267.260,-19.951,0.117,0.213,166.698
267.280,-23.027,0.122,0.213,166.690
267.300,-25.717,0.136,0.213,166.680
267.320,-28.090,0.146,0.213,166.681
267.340,-30.076,0.155,0.213,166.699
267.360,-31.605,0.157,0.213,166.724
267.380,-32.684,0.168,0.213,166.758
267.400,-33.293,0.168,0.213,166.811
267.420,-33.492,0.182,0.213,166.879
267.440,-33.205,0.175,0.213,166.965
267.460,-32.496,0.175,0.213,167.050
267.480,-31.295,0.176,0.213,167.141
267.500,-29.625,0.174,0.213,167.241
267.520,-27.557,0.174,0.213,167.341
267.540,-25.113,0.164,0.213,167.446
267.560,-22.330,0.154,0.213,167.542
267.580,-19.195,0.152,0.213,167.632
267.600,-15.797,0.137,0.213,167.712
267.620,-12.193,0.137,0.213,167.782
267.640,-8.396,0.117,0.213,167.843
267.660,-4.506,0.120,0.213,167.888
267.680,-0.521,0.094,0.213,167.923
267.700,3.439,0.096,0.213,167.945
267.720,7.371,0.069,0.213,167.953
267.740,11.191,0.074,0.213,167.956
267.760,14.871,0.049,0.213,167.942
267.780,18.340,0.046,0.213,167.930
267.800,21.539,0.029,0.213,167.907
267.820,24.486,0.021,0.213,167.886
267.840,27.035,0.012,0.213,167.868
267.860,29.238,-0.001,0.213,167.845
267.880,31.008,0.004,0.213,167.835
267.900,32.385,-0.018,0.213,167.810
267.920,33.293,-0.009,0.213,167.819
267.940,33.744,-0.029,0.213,167.814
267.960,33.738,-0.007,0.213,167.838
267.980,33.264,-0.032,0.214,167.836
268.000,32.332,-0.016,0.214,167.875
268.020,30.961,-0.033,0.215,167.891
268.040,29.121,-0.007,0.215,167.934
268.060,26.947,-0.024,0.215,167.943
268.080,24.346,0.008,0.215,167.979
268.100,21.410,-0.013,0.215,167.979
268.120,18.217,0.018,0.215,167.998
268.140,14.736,0.004,0.215,167.991
268.160,11.062,0.038,0.215,167.986
268.180,7.242,0.025,0.215,167.960
268.200,3.316,0.057,0.215,167.927
268.220,-0.650,0.052,0.215,167.880
268.240,-4.588,0.074,0.215,167.820
268.260,-8.490,0.079,0.215,167.673
268.280,-12.264,0.097,0.215,167.673
268.300,-15.855,0.105,0.215,167.591
268.320,-19.260,0.113,0.215,167.502
268.340,-22.336,0.131,0.215,167.407
268.360,-25.143,0.132,0.215,167.325
268.380,-27.551,0.155,0.215,167.232
268.400,-29.660,0.145,0.215,167.168
268.420,-31.307,0.174,0.215,167.086
268.440,-32.473,0.153,0.215,167.046
268.460,-33.205,0.190,0.222,166.978
268.480,-33.463,0.158,0.222,166.972
268.500,-33.311,0.195,0.228,166.931
268.520,-32.689,0.161,0.228,166.949
268.540,-31.570,0.195,0.228,166.929
268.560,-30.018,0.157,0.228,166.964
268.580,-28.031,0.190,0.228,166.961
268.600,-25.670,0.149,0.228,167.010
268.620,-22.957,0.179,0.228,167.017
268.640,-19.893,0.132,0.228,167.058
268.660,-16.559,0.164,0.228,167.064
268.680,-13.002,0.117,0.228,167.091
268.700,-9.252,0.141,0.228,167.092
268.720,-5.355,0.101,0.228,167.097
268.740,-1.400,0.112,0.228,167.087
268.760,2.572,0.081,0.228,167.071
268.780,6.510,0.087,0.228,167.049
268.800,10.342,0.060,0.228,167.017
268.820,14.086,0.058,0.228,166.989
268.840,17.602,0.041,0.228,166.951
268.860,20.859,0.029,0.228,166.921
268.880,23.871,0.024,0.228,166.894
268.900,26.514,0.008,0.228,166.868
268.920,28.775,0.009,0.228,166.860
268.940,30.650,-0.013,0.228,166.851
268.960,32.115,-0.003,0.228,166.871
268.980,33.129,-0.029,0.228,166.881
269.000,33.686,-0.010,0.228,166.934
269.020,33.785,-0.035,0.230,166.977
269.040,33.422,-0.015,0.230,167.054
269.060,32.572,-0.034,0.230,167.121
269.080,31.295,-0.017,0.230,167.212
269.100,29.572,-0.030,0.230,167.295
269.120,27.492,-0.015,0.230,167.395
269.140,24.955,-0.017,0.230,167.488
269.160,22.107,-0.006,0.230,167.582
269.180,18.955,-0.002,0.230,167.669
269.200,15.545,0.008,0.230,167.747
269.220,11.912,0.019,0.230,167.819
269.240,8.133,0.024,0.230,167.877
269.260,4.219,0.043,0.230,167.928
269.280,0.270,0.045,0.230,167.965
269.300,-3.709,0.067,0.230,167.991
269.320,-7.600,0.066,0.230,168.008
269.340,-11.426,0.093,0.230,168.011
269.360,-15.059,0.089,0.230,168.011
269.380,-18.492,0.113,0.230,168.001
269.400,-21.674,0.113,0.230,167.994
269.420,-24.527,0.134,0.230,167.979
269.440,-27.041,0.134,0.230,167.969
269.460,-29.197,0.153,0.230,167.960
269.480,-30.949,0.151,0.230,167.965
269.500,-32.238,0.166,0.230,167.968
269.520,-33.070,0.163,0.230,167.985
269.540,-33.404,0.174,0.230,168.003
269.560,-33.352,0.175,0.230,168.036
269.580,-32.854,0.178,0.230,168.069
269.600,-31.840,0.175,0.230,168.110
269.620,-30.381,0.174,0.230,168.148
269.640,-28.488,0.172,0.230,168.193
269.660,-26.203,0.162,0.230,168.232
269.680,-23.607,0.161,0.230,168.268
269.700,-20.596,0.149,0.230,168.296
269.720,-17.309,0.145,0.230,168.315
269.740,-13.822,0.131,0.230,168.321
269.760,-10.078,0.126,0.230,168.314
269.780,-6.246,0.112,0.230,168.297
269.800,-2.279,0.105,0.230,168.265
269.820,1.682,0.085,0.230,168.221
269.840,5.648,0.082,0.230,168.165
269.860,9.504,0.064,0.230,168.095
269.880,13.266,0.060,0.230,168.018
269.900,16.811,0.041,0.230,167.930
269.920,20.139,0.033,0.230,167.748
269.940,23.215,0.020,0.230,167.748
269.960,25.957,0.013,0.230,167.659
269.980,28.301,0.008,0.230,167.564
270.000,30.264,-0.004,0.230,167.486
270.020,31.822,-0.011,0.230,167.408
270.040,32.941,-0.016,0.230,167.339
270.060,33.609,-0.020,0.230,167.281
270.080,33.797,-0.026,0.230,167.236
270.100,33.533,-0.023,0.230,167.212
270.120,32.801,-0.028,0.230,167.184
270.140,31.623,-0.021,0.230,167.165
270.160,29.977,-0.025,0.230,167.153
270.180,27.979,-0.013,0.230,167.146
270.200,25.553,-0.019,0.230,167.142
270.220,22.770,-0.004,0.230,167.140
270.240,19.687,-0.003,0.230,167.141
270.260,16.330,0.008,0.230,167.130
270.280,12.727,0.018,0.230,167.120
270.300,8.988,0.025,0.230,167.094
270.320,5.074,0.041,0.230,167.067
270.340,1.137,0.053,0.230,167.027
270.360,-2.836,0.061,0.230,166.979
270.380,-6.768,0.074,0.230,166.925
270.400,-10.611,0.086,0.230,166.864
270.420,-14.303,0.098,0.230,166.798
270.440,-17.766,0.112,0.230,166.734
270.460,-21.018,0.118,0.230,166.663
270.480,-23.959,0.135,0.230,166.605
270.500,-26.555,0.137,0.230,166.546
270.520,-28.811,0.153,0.230,166.505
270.540,-30.621,0.155,0.230,166.454
270.560,-32.021,0.170,0.230,166.441
270.580,-32.977,0.169,0.230,166.432
270.600,-33.387,0.176,0.230,166.456
270.620,-33.469,0.178,0.230,166.467
270.640,-33.029,0.180,0.230,166.522
270.660,-32.150,0.177,0.230,166.551
270.680,-30.797,0.180,0.230,166.627
270.700,-28.992,0.177,0.230,166.685
270.720,-26.795,0.172,0.230,166.778
270.740,-24.240,0.167,0.230,166.842
270.760,-21.322,0.158,0.230,166.931
270.780,-18.100,0.155,0.230,166.995
270.800,-14.643,0.138,0.230,167.069
270.820,-10.963,0.136,0.230,167.124
270.840,-7.102,0.117,0.230,167.176
270.860,-3.187,0.113,0.230,167.215
270.880,0.797,0.098,0.230,167.245
270.900,4.758,0.091,0.230,167.265
270.920,8.643,0.071,0.230,167.276
270.940,12.428,0.065,0.230,167.279
270.960,16.037,0.053,0.230,167.281
270.980,19.436,0.043,0.230,167.268
271.000,22.535,0.025,0.230,167.270
271.020,25.371,0.020,0.230,167.253
271.040,27.803,0.008,0.230,167.271
271.060,29.889,0.004,0.230,167.256
271.080,31.512,-0.005,0.230,167.288
271.100,32.748,-0.015,0.230,167.282
271.120,33.504,-0.013,0.230,167.342
271.140,33.791,-0.024,0.230,167.348
271.160,33.627,-0.019,0.230,167.429
271.180,33.012,-0.023,0.230,167.452
271.200,31.922,-0.019,0.230,167.539
271.220,30.387,-0.022,0.230,167.569
271.240,28.465,-0.017,0.230,167.660
271.260,26.145,-0.013,0.230,167.699
271.280,23.420,-0.008,0.230,167.772
271.300,20.391,-0.000,0.230,167.810
271.320,17.104,0.011,0.230,167.858
271.340,13.553,0.015,0.230,167.878
271.360,9.820,0.029,0.230,167.899
271.380,5.988,0.036,0.230,167.898
271.400,2.021,0.050,0.230,167.887
271.420,-1.922,0.059,0.230,167.861
271.440,-5.871,0.074,0.230,167.823
271.460,-9.744,0.085,0.230,167.772
271.480,-13.447,0.098,0.230,167.713
271.500,-16.998,0.108,0.230,167.641
271.520,-20.297,0.124,0.230,167.574
271.540,-23.297,0.126,0.230,167.493
271.560,-25.975,0.142,0.230,167.425
271.580,-28.277,0.147,0.230,167.340
271.600,-30.240,0.161,0.230,167.283
271.620,-31.729,0.163,0.230,167.211
271.640,-32.748,0.170,0.230,167.170
271.660,-33.311,0.174,0.230,167.118
271.680,-33.457,0.175,0.230,167.099
271.700,-33.135,0.177,0.230,167.070
271.720,-32.355,0.178,0.230,167.061
271.740,-31.090,0.173,0.230,167.055
271.760,-29.379,0.175,0.230,167.053
271.780,-27.275,0.169,0.230,167.059
271.800,-24.803,0.167,0.230,167.062
271.820,-21.967,0.156,0.230,167.073
271.840,-18.814,0.148,0.230,167.068
271.860,-15.404,0.138,0.230,167.064
271.880,-11.766,0.128,0.230,167.046
271.900,-7.975,0.119,0.230,167.027
271.920,-4.055,0.108,0.230,166.993
271.940,-0.088,0.096,0.230,166.953
271.960,3.885,0.084,0.230,166.904
271.980,7.793,0.070,0.230,166.846
272.000,11.607,0.062,0.230,166.786
272.020,15.270,0.048,0.230,166.716
272.040,18.697,0.037,0.230,166.652
272.060,21.873,0.025,0.230,166.582
272.080,24.779,0.014,0.230,166.525
272.100,27.293,0.009,0.230,166.467
272.120,29.455,-0.001,0.230,166.423
272.140,31.178,-0.010,0.230,166.392
272.160,32.508,-0.017,0.230,166.379
272.180,33.363,-0.017,0.230,166.379
272.200,33.779,-0.025,0.230,166.388
272.220,33.709,-0.026,0.230,166.422
272.240,33.199,-0.029,0.230,166.461
272.260,32.203,-0.025,0.230,166.521
272.280,30.779,-0.028,0.230,166.582
272.300,28.945,-0.023,0.230,166.660
272.320,26.707,-0.018,0.230,166.735
272.340,24.064,-0.011,0.230,166.819
272.360,21.105,-0.007,0.230,166.896
272.380,17.865,0.004,0.230,166.977
272.400,14.355,0.011,0.230,167.045
272.420,10.687,0.019,0.230,167.112
272.440,6.844,0.031,0.230,167.169
272.460,2.930,0.041,0.230,167.218
272.480,-1.037,0.054,0.230,167.257
272.500,-4.992,0.065,0.230,167.288
272.520,-8.889,0.079,0.230,167.310
272.540,-12.656,0.090,0.230,167.327
272.560,-16.213,0.102,0.230,167.336
272.580,-19.576,0.112,0.230,167.345
272.600,-22.670,0.125,0.230,167.354
272.620,-25.400,0.132,0.230,167.367
272.640,-27.820,0.144,0.230,167.381
272.660,-29.830,0.151,0.230,167.408
272.680,-31.447,0.161,0.230,167.435
272.700,-32.572,0.165,0.230,167.482
272.720,-33.252,0.170,0.230,167.527
272.740,-33.475,0.178,0.230,167.594
272.760,-33.252,0.176,0.230,167.662
272.780,-32.602,0.178,0.230,167.749
272.800,-31.453,0.175,0.230,167.829
272.820,-29.830,0.175,0.230,167.918
272.840,-27.809,0.168,0.230,168.007
272.860,-25.406,0.168,0.230,168.088
272.880,-22.676,0.156,0.230,168.172
272.900,-19.559,0.153,0.230,168.238
272.920,-16.207,0.142,0.230,168.298
272.940,-12.627,0.137,0.230,168.347
272.960,-8.836,0.120,0.230,168.403
272.980,-4.969,0.114,0.230,168.403
273.000,-0.996,0.098,0.230,168.410
273.020,2.988,0.091,0.230,168.403
273.040,6.908,0.074,0.230,168.381
273.060,10.746,0.066,0.230,168.351
273.080,14.449,0.054,0.230,168.306
273.100,17.924,0.045,0.230,168.257
273.120,21.170,0.032,0.230,168.195
273.140,24.164,0.020,0.230,168.140
273.160,26.760,0.012,0.230,168.079
273.180,28.986,0.004,0.230,168.022
273.200,30.826,-0.001,0.230,167.967
273.220,32.250,-0.013,0.230,167.915
273.240,33.199,-0.013,0.230,167.872
273.260,33.721,-0.021,0.230,167.837
273.280,33.750,-0.018,0.230,167.816
273.300,33.352,-0.026,0.230,167.793
273.320,32.449,-0.022,0.230,167.788
273.340,31.143,-0.020,0.230,167.778
273.360,29.367,-0.021,0.230,167.777
273.380,27.240,-0.009,0.230,167.772
273.400,24.668,-0.008,0.230,167.766
273.420,21.773,0.004,0.230,167.752
273.440,18.604,0.005,0.230,167.736
273.460,15.152,0.016,0.230,167.714
273.480,11.508,0.024,0.230,167.685
273.500,7.717,0.038,0.230,167.643
273.520,3.791,0.046,0.230,167.592
273.540,-0.170,0.058,0.226,167.530
273.560,-4.113,0.066,0.226,167.459
273.580,-8.045,0.082,0.215,167.378
273.600,-11.818,0.094,0.215,167.290
273.620,-15.463,0.105,0.215,167.199
273.640,-18.867,0.117,0.215,167.102
273.660,-22.008,0.127,0.215,167.006
273.680,-24.838,0.136,0.215,166.824
273.700,-27.299,0.143,0.215,166.824
273.720,-29.443,0.160,0.215,166.746
273.740,-31.125,0.164,0.215,166.681
273.760,-32.367,0.172,0.215,166.630
273.780,-33.158,0.174,0.215,166.590
273.800,-33.457,0.180,0.215,166.570
273.820,-33.352,0.178,0.215,166.566
273.840,-32.783,0.184,0.219,166.571
273.860,-31.734,0.178,0.219,166.597
273.880,-30.246,0.182,0.219,166.626
273.900,-28.289,0.173,0.219,166.667
273.920,-25.980,0.174,0.219,166.712
273.940,-23.297,0.165,0.219,166.762
273.960,-20.273,0.156,0.219,166.813
273.980,-16.992,0.146,0.219,166.857
274.000,-13.436,0.137,0.219,166.897
274.020,-9.697,0.129,0.218,166.930
274.040,-5.824,0.118,0.218,166.958
274.060,-1.869,0.105,0.214,166.978
274.080,2.098,0.093,0.214,166.990
274.100,6.035,0.083,0.214,166.997
274.120,9.896,0.067,0.214,166.996
274.140,13.641,0.057,0.214,166.996
274.160,17.186,0.045,0.214,166.991
274.180,20.479,0.035,0.214,166.991
274.200,23.525,0.021,0.214,166.990
274.220,26.221,0.017,0.214,167.000
274.240,28.523,0.004,0.214,167.012
274.260,30.457,-0.001,0.214,167.037
274.280,31.963,-0.013,0.214,167.070
274.300,33.029,-0.017,0.214,167.123
274.320,33.645,-0.021,0.214,167.182
274.340,33.797,-0.025,0.214,167.259
274.360,33.486,-0.025,0.214,167.348
274.380,32.684,-0.026,0.214,167.449
274.400,31.459,-0.025,0.214,167.551
274.420,29.801,-0.022,0.214,167.658
274.440,27.768,-0.019,0.214,167.764
274.460,25.277,-0.012,0.214,167.871
274.480,22.459,-0.006,0.214,167.972
274.500,19.342,0.001,0.214,168.067
274.520,15.949,0.008,0.214,168.154
274.540,12.340,0.016,0.214,168.231
274.560,8.561,0.028,0.214,168.295
274.580,4.682,0.035,0.214,168.347
274.600,0.732,0.047,0.214,168.386
274.620,-3.234,0.063,0.214,168.412
274.640,-7.154,0.071,0.214,168.426
274.660,-10.980,0.087,0.214,168.428
274.680,-14.631,0.097,0.214,168.420
274.700,-18.105,0.111,0.214,168.404
274.720,-21.311,0.121,0.214,168.387
274.740,-24.211,0.128,0.214,168.367
274.760,-26.766,0.141,0.214,168.338
274.780,-28.957,0.147,0.214,168.319
274.800,-30.762,0.157,0.214,168.298
274.820,-32.104,0.162,0.214,168.288
274.840,-32.994,0.167,0.214,168.277
274.860,-33.387,0.173,0.214,168.279
274.880,-33.381,0.175,0.214,168.286
274.900,-32.930,0.174,0.214,168.299
274.920,-31.980,0.177,0.214,168.309
274.940,-30.574,0.173,0.214,168.331
274.960,-28.740,0.174,0.214,168.346
274.980,-26.502,0.160,0.214,168.368
275.000,-23.906,0.167,0.214,168.376
275.020,-20.947,0.146,0.214,168.389
275.040,-17.725,0.149,0.214,168.382
275.060,-14.238,0.129,0.214,168.373
275.080,-10.547,0.129,0.214,168.346
275.100,-6.691,0.110,0.214,168.310
275.120,-2.760,0.108,0.214,168.260
275.140,1.213,0.085,0.214,168.198
275.160,5.174,0.084,0.214,168.126
275.180,9.070,0.062,0.214,168.041
275.200,12.814,0.060,0.214,167.950
275.220,16.424,0.043,0.214,167.847
275.240,19.764,0.037,0.214,167.743
275.260,22.857,0.024,0.214,167.635
275.280,25.646,0.012,0.214,167.529
275.300,28.031,0.007,0.214,167.429
275.320,30.064,-0.007,0.214,167.336
275.340,31.658,-0.009,0.214,167.254
275.360,32.824,-0.020,0.214,167.178
275.380,33.551,-0.018,0.214,167.118
275.400,33.803,-0.028,0.214,167.067
275.420,33.592,-0.025,0.214,167.032
275.440,32.895,-0.027,0.214,167.008
275.460,31.781,-0.021,0.214,166.990
275.480,30.193,-0.026,0.214,166.982
275.500,28.236,-0.016,0.214,166.986
275.520,25.863,-0.016,0.214,166.990
275.540,23.115,-0.006,0.214,166.994
275.560,20.068,-0.005,0.214,166.999
275.580,16.746,0.005,0.214,167.003
275.600,13.154,0.016,0.214,167.005
275.620,9.428,0.025,0.214,166.996
275.640,5.555,0.037,0.214,166.982
275.660,1.611,0.047,0.214,166.960
275.680,-2.373,0.060,0.214,166.931
275.700,-6.305,0.070,0.214,166.895
275.720,-10.166,0.086,0.214,166.853
275.740,-13.863,0.099,0.214,166.809
275.760,-17.367,0.108,0.214,166.765
275.780,-20.648,0.118,0.214,166.676
275.800,-23.648,0.133,0.214,166.676
275.820,-26.256,0.136,0.214,166.643
275.840,-28.547,0.151,0.214,166.615
275.860,-30.434,0.156,0.214,166.599
275.880,-31.887,0.166,0.214,166.601
275.900,-32.889,0.167,0.214,166.617
275.920,-33.375,0.179,0.214,166.640
275.940,-33.475,0.176,0.214,166.696
275.960,-33.100,0.183,0.214,166.745
275.980,-32.297,0.177,0.214,166.821
276.000,-30.979,0.185,0.214,166.890
276.020,-29.227,0.173,0.214,166.988
276.040,-27.076,0.175,0.214,167.074
276.060,-24.545,0.163,0.214,167.172
276.080,-21.686,0.159,0.214,167.256
276.100,-18.498,0.153,0.214,167.342
276.120,-15.059,0.141,0.214,167.421
276.140,-11.408,0.132,0.214,167.493
276.160,-7.582,0.121,0.214,167.551
276.180,-3.650,0.113,0.214,167.599
276.200,0.316,0.096,0.214,167.636
276.220,4.277,0.091,0.214,167.663
276.240,8.180,0.074,0.214,167.684
276.260,11.977,0.063,0.214,167.684
276.280,15.621,0.054,0.214,167.682
276.300,19.025,0.041,0.214,167.678
276.320,22.178,0.029,0.214,167.670
276.340,25.061,0.020,0.214,167.665
276.360,27.533,0.011,0.214,167.657
276.380,29.637,0.005,0.214,167.657
276.400,31.330,-0.004,0.214,167.654
276.420,32.607,-0.014,0.214,167.668
276.440,33.428,-0.014,0.214,167.688
276.460,33.785,-0.020,0.214,167.716
276.480,33.674,-0.020,0.214,167.747
276.500,33.094,-0.024,0.214,167.790
276.520,32.080,-0.021,0.214,167.837
276.540,30.598,-0.021,0.214,167.881
276.560,28.723,-0.017,0.214,167.926
276.580,26.443,-0.010,0.214,167.969
276.600,23.754,-0.007,0.214,168.007
276.620,20.795,0.000,0.214,168.041
276.640,17.502,0.008,0.214,168.064
276.660,13.980,0.016,0.214,168.077
276.680,10.277,0.028,0.214,168.079
276.700,6.445,0.036,0.214,168.065
276.720,2.490,0.050,0.214,168.040
276.740,-1.459,0.058,0.214,168.002
276.760,-5.414,0.071,0.214,167.950
276.780,-9.305,0.083,0.214,167.888
276.800,-13.025,0.097,0.214,167.814
276.820,-16.582,0.108,0.214,167.736
276.840,-19.922,0.119,0.214,167.650
276.860,-22.957,0.126,0.214,167.565
276.880,-25.687,0.139,0.214,167.475
276.900,-28.037,0.148,0.214,167.391
276.920,-30.029,0.159,0.214,167.315
276.940,-31.570,0.166,0.214,167.249
276.960,-32.678,0.169,0.214,167.194
276.980,-33.293,0.176,0.214,167.145
277.000,-33.475,0.174,0.214,167.111
277.020,-33.193,0.182,0.214,167.081
277.040,-32.473,0.175,0.214,167.069
277.060,-31.283,0.177,0.214,167.055
277.080,-29.631,0.175,0.214,167.052
277.100,-27.557,0.169,0.214,167.057
277.120,-25.131,0.166,0.214,167.063
277.140,-22.318,0.157,0.214,167.070
277.160,-19.219,0.152,0.214,167.074
277.180,-15.832,0.141,0.214,167.075
277.200,-12.229,0.131,0.214,167.049
277.220,-8.426,0.120,0.214,167.049
277.240,-4.523,0.110,0.213,167.024
277.260,-0.562,0.099,0.213,166.991
277.280,3.416,0.089,0.213,166.950
277.300,7.336,0.072,0.213,166.902
277.320,11.150,0.065,0.213,166.848
277.340,14.848,0.050,0.213,166.790
277.360,18.305,0.039,0.213,166.731
277.380,21.498,0.029,0.213,166.674
277.400,24.457,0.015,0.213,166.620
277.420,27.012,0.010,0.213,166.576
277.440,29.209,-0.001,0.213,166.539
277.460,30.990,-0.006,0.213,166.517
277.480,32.367,-0.018,0.213,166.502
277.500,33.287,-0.021,0.213,166.514
277.520,33.750,-0.025,0.213,166.535
277.540,33.744,-0.025,0.213,166.578
277.560,33.275,-0.027,0.213,166.618
277.580,32.338,-0.027,0.213,166.690
277.600,30.973,-0.026,0.213,166.752
277.620,29.174,-0.024,0.213,166.839
277.640,26.988,-0.018,0.213,166.917
277.660,24.381,-0.013,0.213,167.007
277.680,21.463,-0.009,0.213,167.088
277.700,18.270,0.002,0.213,167.175
277.720,14.777,0.011,0.213,167.246
277.740,11.127,0.018,0.213,167.316
277.760,7.307,0.030,0.213,167.374
277.780,3.398,0.042,0.213,167.425
277.800,-0.574,0.050,0.213,167.465
277.820,-4.529,0.064,0.213,167.495
277.840,-8.426,0.076,0.213,167.516
277.860,-12.211,0.090,0.213,167.531
277.880,-15.791,0.102,0.213,167.539
277.900,-19.207,0.108,0.213,167.548
277.920,-22.307,0.124,0.213,167.547
277.940,-25.084,0.130,0.213,167.558
277.960,-27.533,0.145,0.213,167.560
277.980,-29.596,0.149,0.213,167.583
278.000,-31.266,0.161,0.213,167.636
278.020,-32.455,0.161,0.213,167.636
278.040,-33.199,0.172,0.213,167.665
278.060,-33.445,0.172,0.213,167.723
278.080,-33.293,0.177,0.213,167.772
278.100,-32.695,0.174,0.213,167.840
278.120,-31.600,0.174,0.213,167.902
278.140,-30.035,0.170,0.213,167.977
278.160,-28.061,0.169,0.213,168.047
278.180,-25.705,0.158,0.213,168.115
278.200,-23.010,0.158,0.213,168.172
278.220,-19.916,0.150,0.213,168.227
278.240,-16.611,0.142,0.213,168.272
278.260,-13.066,0.131,0.213,168.305
278.280,-9.293,0.121,0.213,168.325
278.300,-5.420,0.111,0.213,168.330
278.320,-1.471,0.101,0.213,168.321
278.340,2.514,0.091,0.213,168.299
278.360,6.445,0.078,0.213,168.263
278.380,10.295,0.068,0.213,168.217
278.400,14.021,0.054,0.213,168.156
278.420,17.543,0.046,0.213,168.092
278.440,20.807,0.031,0.213,168.017
278.460,23.812,0.024,0.213,167.945
278.480,26.467,0.011,0.213,167.865
278.500,28.746,0.006,0.213,167.799
278.520,30.627,-0.007,0.213,167.726
278.540,32.092,-0.009,0.213,167.674
278.560,33.123,-0.017,0.213,167.613
278.580,33.680,-0.015,0.213,167.579
278.600,33.773,-0.027,0.213,167.532
278.620,33.422,-0.021,0.213,167.517
278.640,32.590,-0.028,0.213,167.490
278.660,31.318,-0.023,0.213,167.482
278.680,29.607,-0.025,0.213,167.478
278.700,27.516,-0.009,0.213,167.477
278.720,24.996,-0.013,0.213,167.462
278.740,22.143,0.001,0.213,167.457
278.760,18.996,0.002,0.213,167.444
278.780,15.574,0.009,0.213,167.426
278.800,11.941,0.020,0.213,167.404
278.820,8.168,0.029,0.213,167.329
278.840,4.248,0.045,0.213,167.329
278.860,0.293,0.054,0.213,167.215
278.880,-3.674,0.062,0.213,167.215
278.900,-7.588,0.078,0.213,167.145
278.920,-11.402,0.092,0.213,167.069
278.940,-15.041,0.105,0.213,166.990
278.960,-18.469,0.114,0.213,166.908
278.980,-21.668,0.124,0.213,166.826
279.000,-24.545,0.134,0.213,166.750
279.020,-27.035,0.143,0.213,166.676
279.040,-29.221,0.158,0.213,166.613
279.060,-30.955,0.162,0.213,166.566
279.080,-32.250,0.173,0.213,166.534
279.100,-33.105,0.174,0.213,166.520
279.120,-33.451,0.176,0.213,166.517
279.140,-33.398,0.179,0.213,166.527
279.160,-32.871,0.183,0.213,166.549
279.180,-31.898,0.181,0.213,166.593
279.200,-30.422,0.180,0.213,166.643
279.220,-28.535,0.178,0.213,166.704
279.240,-26.268,0.171,0.213,166.771
279.260,-23.619,0.163,0.213,166.837
279.280,-20.648,0.157,0.213,166.903
279.300,-17.385,0.153,0.213,166.963
279.320,-13.887,0.137,0.213,167.024
279.340,-10.143,0.133,0.213,167.073
279.360,-6.287,0.115,0.213,167.117
279.380,-2.344,0.109,0.213,167.150
279.400,1.635,0.091,0.213,167.175
279.420,5.584,0.087,0.213,167.193
279.440,9.439,0.067,0.213,167.201
279.460,13.213,0.060,0.213,167.208
279.480,16.770,0.047,0.213,167.209
279.500,20.098,0.041,0.213,167.213
279.520,23.168,0.020,0.213,167.214
279.540,25.910,0.018,0.213,167.225
279.560,28.271,0.004,0.213,167.260
279.580,30.240,0.004,0.213,167.260
279.600,31.799,-0.012,0.213,167.288
279.620,32.941,-0.015,0.213,167.329
279.640,33.598,-0.018,0.213,167.381
279.660,33.809,-0.019,0.213,167.443
279.680,33.545,-0.022,0.213,167.508
279.700,32.812,-0.023,0.213,167.587
279.720,31.635,-0.023,0.213,167.667
279.740,30.029,-0.020,0.213,167.756
279.760,28.020,-0.017,0.213,167.841
279.780,25.582,-0.013,0.213,167.924
279.800,22.811,-0.005,0.213,168.005
279.820,19.729,0.000,0.213,168.076
279.840,16.365,0.011,0.213,168.141
279.860,12.791,0.015,0.213,168.193
279.880,9.023,0.029,0.213,168.232
279.900,5.150,0.036,0.213,168.258
279.920,1.195,0.051,0.213,168.270
279.940,-2.766,0.060,0.213,168.268
279.960,-6.691,0.070,0.213,168.252
279.980,-10.547,0.085,0.213,168.225
280.000,-14.215,0.095,0.213,168.187
280.020,-17.701,0.107,0.213,168.141
280.040,-20.959,0.116,0.213,168.087
280.060,-23.877,0.125,0.213,168.033
280.080,-26.502,0.136,0.213,167.974
280.100,-28.717,0.149,0.213,167.917
280.120,-30.580,0.155,0.213,167.867
280.140,-31.957,0.162,0.213,167.821
280.160,-32.918,0.170,0.213,167.783
280.180,-33.363,0.172,0.213,167.756
280.200,-33.416,0.172,0.213,167.736
280.220,-33.000,0.177,0.213,167.717
280.240,-32.121,0.177,0.213,167.710
280.260,-30.779,0.174,0.213,167.710
280.280,-28.986,0.174,0.213,167.706
280.300,-26.801,0.163,0.213,167.707
280.320,-24.240,0.167,0.213,167.701
280.340,-21.311,0.151,0.213,167.699
280.360,-18.105,0.149,0.213,167.680
280.380,-14.678,0.134,0.213,167.661
280.400,-10.975,0.131,0.213,167.627
280.420,-7.148,0.115,0.213,167.585
280.440,-3.211,0.108,0.213,167.530
280.460,0.750,0.090,0.213,167.464
280.480,4.717,0.085,0.213,167.388
280.500,8.590,0.065,0.213,167.302
280.520,12.381,0.057,0.213,167.210
280.540,16.008,0.041,0.213,167.114
280.560,19.395,0.037,0.213,167.015
280.580,22.500,0.026,0.213,166.913
280.600,25.342,0.014,0.213,166.810
280.620,27.779,0.007,0.213,166.720
280.640,29.836,-0.007,0.213,166.632
280.660,31.494,-0.008,0.213,166.566
280.680,32.725,-0.019,0.213,166.498
280.700,33.486,-0.020,0.213,166.454
280.720,33.797,-0.028,0.213,166.417
280.740,33.627,-0.026,0.213,166.403
280.760,33.018,-0.031,0.216,166.390
280.780,31.939,-0.022,0.216,166.403
280.800,30.428,-0.032,0.217,166.415
280.820,28.494,-0.020,0.217,166.450
280.840,26.174,-0.019,0.217,166.477
280.860,23.455,-0.008,0.217,166.512
280.880,20.432,-0.006,0.217,166.542
280.900,17.133,0.005,0.217,166.575
280.920,13.582,0.014,0.217,166.603
280.940,9.879,0.024,0.217,166.624
280.960,6.029,0.038,0.217,166.639
280.980,2.080,0.045,0.217,166.644
281.000,-1.887,0.061,0.215,166.642
281.020,-5.842,0.071,0.215,166.634
281.040,-9.709,0.083,0.215,166.620
281.060,-13.424,0.095,0.215,166.602
281.080,-16.957,0.108,0.215,166.580
281.100,-20.285,0.116,0.215,166.564
281.120,-23.285,0.132,0.215,166.543
281.140,-25.963,0.136,0.215,166.537
281.160,-28.277,0.152,0.215,166.525
281.180,-30.211,0.153,0.215,166.544
281.200,-31.746,0.163,0.215,166.556
281.220,-32.783,0.167,0.215,166.596
281.240,-33.352,0.174,0.215,166.642
281.260,-33.463,0.176,0.215,166.711
281.280,-33.170,0.180,0.215,166.774
281.300,-32.414,0.178,0.215,166.866
281.320,-31.137,0.178,0.215,166.950
281.340,-29.449,0.174,0.215,167.053
281.360,-27.352,0.168,0.215,167.157
281.380,-24.867,0.170,0.215,167.258
281.400,-22.043,0.155,0.215,167.364
281.420,-18.891,0.153,0.215,167.450
281.440,-15.486,0.140,0.215,167.535
281.460,-11.859,0.136,0.215,167.609
281.480,-8.045,0.120,0.215,167.672
281.500,-4.143,0.116,0.215,167.721
281.520,-0.164,0.097,0.215,167.758
281.540,3.809,0.091,0.215,167.783
281.560,7.723,0.074,0.215,167.795
281.580,11.537,0.065,0.215,167.799
281.600,15.193,0.054,0.215,167.792
281.620,18.639,0.043,0.215,167.784
281.640,21.832,0.032,0.215,167.768
281.660,24.732,0.020,0.215,167.755
281.680,27.258,0.012,0.215,167.739
281.700,29.408,0.004,0.215,167.724
281.720,31.148,-0.002,0.215,167.715
281.740,32.496,-0.010,0.215,167.714
281.760,33.357,-0.009,0.215,167.719
281.780,33.773,-0.021,0.215,167.725
281.800,33.703,-0.017,0.215,167.752
281.820,33.205,-0.026,0.215,167.772
281.840,32.209,-0.017,0.215,167.806
281.860,30.803,-0.021,0.215,167.832
281.880,28.957,-0.016,0.215,167.872
281.900,26.730,-0.010,0.215,167.900
281.920,24.105,-0.009,0.215,167.929
281.940,21.146,0.004,0.215,167.949
281.960,17.912,0.007,0.215,167.960
281.980,14.396,0.016,0.215,167.962
282.000,10.711,0.023,0.215,167.956
282.020,6.902,0.037,0.215,167.935
282.040,2.977,0.046,0.215,167.902
282.060,-0.984,0.058,0.215,167.856
282.080,-4.945,0.066,0.215,167.798
282.100,-8.859,0.085,0.215,167.729
282.120,-12.586,0.091,0.215,167.651
282.140,-16.178,0.112,0.215,167.566
282.160,-19.547,0.120,0.215,167.475
282.180,-22.646,0.128,0.215,167.388
282.200,-25.389,0.140,0.215,167.298
282.220,-27.797,0.149,0.215,167.212
282.240,-29.812,0.157,0.215,167.129
282.260,-31.424,0.164,0.215,167.057
282.280,-32.578,0.170,0.215,166.996
282.300,-33.246,0.176,0.215,166.948
282.320,-33.480,0.178,0.215,166.914
282.340,-33.270,0.179,0.215,166.890
282.360,-32.566,0.183,0.215,166.880
282.380,-31.453,0.180,0.215,166.882
282.400,-29.836,0.180,0.215,166.892
282.420,-27.820,0.171,0.215,166.907
282.440,-25.436,0.172,0.215,166.926
282.460,-22.658,0.157,0.215,166.949
282.480,-19.594,0.154,0.215,166.964
282.500,-16.230,0.140,0.215,166.977
282.520,-12.668,0.135,0.215,166.982
282.540,-8.877,0.120,0.215,166.984
282.560,-4.980,0.110,0.215,166.975
282.580,-1.049,0.098,0.215,166.960
282.600,2.947,0.091,0.215,166.937
282.620,6.867,0.070,0.215,166.906
282.640,10.699,0.065,0.215,166.872
282.660,14.420,0.050,0.215,166.833
282.680,17.895,0.040,0.215,166.796
282.700,21.141,0.029,0.215,166.759
282.720,24.111,0.014,0.215,166.727
282.740,26.736,0.012,0.215,166.710
282.760,28.963,-0.002,0.215,166.691
282.780,30.809,-0.004,0.215,166.689
282.800,32.232,-0.014,0.215,166.698
282.820,33.199,-0.019,0.215,166.726
282.840,33.715,-0.022,0.215,166.766
282.860,33.756,-0.022,0.215,166.825
282.880,33.363,-0.025,0.215,166.884
282.900,32.473,-0.025,0.215,166.970
282.920,31.160,-0.021,0.215,167.054
282.940,29.408,-0.025,0.215,167.151
282.960,27.270,-0.016,0.215,167.251
282.980,24.721,-0.015,0.215,167.354
283.000,21.838,-0.006,0.215,167.454
283.020,18.674,-0.004,0.215,167.551
283.040,15.211,0.011,0.215,167.640
283.060,11.561,0.018,0.215,167.721
283.080,7.775,0.030,0.215,167.789
283.100,3.867,0.039,0.215,167.848
283.120,-0.094,0.052,0.215,167.897
283.140,-4.066,0.062,0.215,167.934
283.160,-7.963,0.074,0.215,167.961
283.180,-11.766,0.090,0.215,167.980
283.200,-15.363,0.099,0.215,167.992
283.220,-18.803,0.110,0.215,168.003
283.240,-21.943,0.119,0.215,168.005
283.260,-24.773,0.129,0.215,168.009
283.280,-27.246,0.139,0.215,168.011
283.300,-29.373,0.149,0.215,168.023
283.320,-31.084,0.161,0.215,168.037
283.340,-32.332,0.163,0.215,168.071
283.360,-33.141,0.169,0.215,168.094
283.380,-33.439,0.174,0.215,168.144
283.400,-33.328,0.174,0.215,168.189
283.420,-32.771,0.178,0.215,168.244
283.440,-31.740,0.176,0.215,168.300
283.460,-30.229,0.172,0.215,168.363
283.480,-28.318,0.174,0.215,168.419
283.500,-26.004,0.162,0.215,168.478
283.520,-23.332,0.160,0.215,168.524
283.540,-20.314,0.149,0.215,168.563
283.560,-17.010,0.146,0.215,168.593
283.580,-13.494,0.132,0.215,168.613
283.600,-9.738,0.128,0.215,168.619
283.620,-5.883,0.112,0.215,168.613
283.640,-1.934,0.104,0.215,168.592
283.660,2.039,0.091,0.215,168.559
283.680,5.994,0.083,0.215,168.511
283.700,9.850,0.067,0.215,168.452
283.720,13.600,0.057,0.215,168.382
283.740,17.150,0.043,0.215,168.308
283.760,20.437,0.033,0.215,168.223
283.780,23.473,0.020,0.215,168.138
283.800,26.186,0.012,0.215,168.053
283.820,28.500,0.002,0.215,167.971
283.840,30.428,-0.007,0.215,167.895
283.860,31.945,-0.012,0.215,167.830
283.880,33.018,-0.016,0.215,167.767
283.900,33.639,-0.020,0.215,167.714
283.920,33.803,-0.027,0.215,167.668
283.940,33.486,-0.025,0.215,167.635
283.960,32.713,-0.026,0.215,167.618
283.980,31.488,-0.021,0.215,167.596
284.000,29.836,-0.025,0.215,167.583
284.020,27.791,-0.017,0.215,167.576
284.040,25.318,-0.013,0.215,167.571
284.060,22.494,-0.003,0.215,167.562
284.080,19.377,0.003,0.215,167.553
284.100,15.990,0.011,0.215,167.534
284.120,12.369,0.020,0.215,167.513
284.140,8.613,0.029,0.215,167.482
284.160,4.729,0.042,0.215,167.444
284.180,0.773,0.054,0.215,167.396
284.200,-3.205,0.063,0.215,167.340
284.220,-7.125,0.075,0.215,167.276
284.240,-10.957,0.091,0.215,167.206
284.260,-14.613,0.101,0.215,167.133
284.280,-18.070,0.113,0.215,167.058
284.300,-21.322,0.124,0.215,166.982
284.320,-24.211,0.136,0.215,166.911
284.340,-26.771,0.141,0.215,166.841
284.360,-28.963,0.156,0.215,166.785
284.380,-30.768,0.157,0.215,166.739
284.400,-32.133,0.171,0.215,166.709
284.420,-33.041,0.171,0.215,166.693
284.440,-33.422,0.180,0.215,166.692
284.460,-33.422,0.177,0.215,166.711
284.480,-32.947,0.185,0.217,166.733
284.500,-32.039,0.180,0.217,166.785
284.520,-30.627,0.179,0.217,166.832
284.540,-28.787,0.174,0.217,166.895
284.560,-26.566,0.172,0.217,166.961
284.580,-23.965,0.167,0.217,167.034
284.600,-21.023,0.158,0.217,167.102
284.620,-17.766,0.155,0.217,167.168
284.640,-14.309,0.136,0.217,167.282
284.660,-10.605,0.132,0.217,167.282
284.680,-6.762,0.117,0.217,167.324
284.700,-2.807,0.110,0.217,167.358
284.720,1.148,0.096,0.217,167.383
284.740,5.115,0.088,0.217,167.399
284.760,8.994,0.072,0.217,167.406
284.780,12.773,0.062,0.217,167.408
284.800,16.359,0.051,0.217,167.406
284.820,19.729,0.040,0.217,167.400
284.840,22.816,0.029,0.217,167.394
284.860,25.605,0.019,0.217,167.391
284.880,28.002,0.009,0.217,167.394
284.900,30.035,0.005,0.217,167.402
284.920,31.635,-0.008,0.217,167.413
284.940,32.818,-0.012,0.217,167.446
284.960,33.545,-0.015,0.217,167.483
284.980,33.803,-0.021,0.217,167.531
285.000,33.604,-0.020,0.217,167.650
285.020,32.924,-0.027,0.217,167.650
285.040,31.793,-0.019,0.217,167.719
285.060,30.246,-0.022,0.217,167.786
285.080,28.271,-0.019,0.217,167.854
285.100,25.898,-0.013,0.217,167.926
285.120,23.162,-0.005,0.217,167.987
285.140,20.109,0.005,0.217,168.040
285.160,16.793,0.010,0.217,168.082
285.180,13.219,0.016,0.217,168.120
285.200,9.486,0.026,0.217,168.142
285.220,5.619,0.033,0.217,168.154
285.240,1.676,0.050,0.217,168.135
285.260,-2.303,0.055,0.217,168.104
285.280,-6.246,0.073,0.217,168.104
285.300,-10.113,0.083,0.217,168.065
285.320,-13.793,0.099,0.217,168.011
285.340,-17.291,0.105,0.217,167.956
285.360,-20.590,0.120,0.217,167.887
285.380,-23.578,0.124,0.217,167.821
285.400,-26.209,0.139,0.217,167.745
285.420,-28.494,0.146,0.217,167.677
285.440,-30.381,0.157,0.217,167.608
285.460,-31.840,0.164,0.217,167.550
285.480,-32.842,0.166,0.217,167.501
285.500,-33.357,0.173,0.217,167.452
285.520,-33.445,0.174,0.217,167.424
285.540,-33.070,0.182,0.217,167.394
285.560,-32.232,0.174,0.217,167.389
285.580,-30.973,0.178,0.217,167.375
285.600,-29.221,0.173,0.217,167.379
285.620,-27.059,0.167,0.217,167.374
285.640,-24.545,0.166,0.217,167.369
285.660,-21.662,0.150,0.217,167.363
285.680,-18.516,0.150,0.217,167.346
285.700,-15.082,0.138,0.217,167.328
285.720,-11.414,0.128,0.217,167.299
285.740,-7.605,0.116,0.217,167.261
285.760,-3.680,0.107,0.217,167.211
285.780,0.293,0.092,0.217,167.152
285.800,4.236,0.083,0.212,167.083
285.820,8.156,0.068,0.212,167.005
285.840,11.947,0.060,0.212,166.921
285.860,15.592,0.045,0.212,166.830
285.880,18.990,0.036,0.212,166.651
285.900,22.154,0.024,0.212,166.651
285.920,25.025,0.015,0.212,166.564
285.940,27.498,0.006,0.212,166.483
285.960,29.619,-0.003,0.212,166.411
285.980,31.324,-0.010,0.212,166.351
286.000,32.602,-0.019,0.212,166.307
286.020,33.422,-0.022,0.212,166.280
286.040,33.791,-0.025,0.212,166.264
286.060,33.674,-0.026,0.212,166.268
286.080,33.100,-0.024,0.212,166.276
286.100,32.092,-0.027,0.212,166.298
286.120,30.633,-0.025,0.212,166.331
286.140,28.740,-0.021,0.212,166.381
286.160,26.461,-0.017,0.212,166.428
286.180,23.807,-0.013,0.212,166.484
286.200,20.801,-0.001,0.212,166.538
286.220,17.555,0.004,0.212,166.589
286.240,14.021,0.016,0.212,166.636
286.260,10.342,0.023,0.212,166.677
286.280,6.480,0.033,0.212,166.711
286.300,2.561,0.042,0.212,166.737
286.320,-1.406,0.058,0.212,166.755
286.340,-5.361,0.070,0.212,166.765
286.360,-9.258,0.081,0.212,166.771
286.380,-12.990,0.095,0.212,166.771
286.400,-16.535,0.102,0.212,166.771
286.420,-19.875,0.115,0.212,166.769
286.440,-22.934,0.126,0.212,166.768
286.460,-25.652,0.136,0.212,166.772
286.480,-28.037,0.143,0.212,166.782
286.500,-29.994,0.152,0.212,166.804
286.520,-31.576,0.161,0.212,166.834
286.540,-32.672,0.170,0.212,166.879
286.560,-33.293,0.166,0.212,166.938
286.580,-33.475,0.177,0.212,167.004
286.600,-33.229,0.170,0.212,167.168
286.620,-32.514,0.182,0.212,167.168
286.640,-31.324,0.173,0.212,167.268
286.660,-29.689,0.177,0.212,167.364
286.680,-27.627,0.166,0.212,167.470
286.700,-25.172,0.169,0.212,167.567
286.720,-22.389,0.157,0.212,167.758
286.740,-19.266,0.153,0.212,167.758
286.760,-15.902,0.138,0.212,167.840
286.780,-12.293,0.134,0.212,167.908
286.800,-8.502,0.120,0.212,167.966
286.820,-4.600,0.113,0.212,168.009
286.840,-0.615,0.099,0.212,168.040
286.860,3.334,0.091,0.212,168.057
286.880,7.266,0.078,0.212,168.062
286.900,11.104,0.065,0.212,168.056
286.920,14.783,0.055,0.212,168.040
286.940,18.252,0.037,0.212,168.018
286.960,21.457,0.034,0.212,167.992
286.980,24.404,0.019,0.212,167.963
287.000,26.971,0.012,0.212,167.934
287.020,29.180,0.000,0.212,167.911
287.040,30.979,-0.004,0.212,167.889
287.060,32.355,-0.012,0.212,167.877
287.080,33.270,-0.013,0.212,167.869
287.100,33.744,-0.023,0.212,167.865
287.120,33.744,-0.022,0.212,167.874
287.140,33.281,-0.025,0.212,167.888
287.160,32.355,-0.021,0.212,167.912
287.180,30.990,-0.020,0.212,167.930
287.200,29.191,-0.019,0.212,167.958
287.220,27.018,-0.009,0.212,167.975
287.240,24.434,-0.011,0.212,167.992
287.260,21.504,0.005,0.212,168.007
287.280,18.305,0.004,0.212,168.010
287.300,14.818,0.016,0.212,168.011
287.320,11.150,0.020,0.212,168.001
287.340,7.354,0.037,0.212,167.980
287.360,3.434,0.046,0.212,167.946
287.380,-0.510,0.060,0.212,167.901
287.400,-4.506,0.066,0.212,167.846
287.420,-8.396,0.083,0.212,167.779
287.440,-12.176,0.093,0.212,167.706
287.460,-15.756,0.110,0.212,167.626
287.480,-19.154,0.118,0.212,167.543
287.500,-22.289,0.129,0.212,167.462
287.520,-25.084,0.138,0.212,167.381
287.540,-27.510,0.148,0.212,167.302
287.560,-29.596,0.157,0.212,167.235
287.580,-31.254,0.166,0.212,167.175
287.600,-32.467,0.174,0.212,167.138
287.620,-33.193,0.174,0.212,167.106
287.640,-33.469,0.178,0.212,167.089
287.660,-33.299,0.176,0.212,167.086
287.680,-32.684,0.178,0.212,167.089
287.700,-31.623,0.178,0.212,167.102
287.720,-30.053,0.180,0.212,167.121
287.740,-28.096,0.169,0.212,167.157
287.760,-25.734,0.172,0.212,167.191
287.780,-23.016,0.161,0.212,167.236
287.800,-19.957,0.159,0.212,167.278
287.820,-16.664,0.141,0.212,167.315
287.840,-13.090,0.137,0.212,167.344
287.860,-9.357,0.121,0.212,167.367
287.880,-5.461,0.114,0.212,167.380
287.900,-1.512,0.103,0.212,167.386
287.920,2.467,0.091,0.212,167.384
287.940,6.404,0.076,0.212,167.360
287.960,10.254,0.070,0.212,167.341
287.980,13.986,0.049,0.212,167.341
288.000,17.484,0.045,0.212,167.323
288.020,20.771,0.029,0.212,167.305
288.040,23.783,0.024,0.212,167.294
288.060,26.449,0.012,0.212,167.280
288.080,28.723,0.002,0.212,167.278
288.100,30.621,-0.002,0.212,167.287
288.120,32.092,-0.014,0.212,167.312
288.140,33.123,-0.018,0.212,167.347
288.160,33.674,-0.019,0.212,167.401
288.180,33.791,-0.025,0.212,167.458
288.200,33.428,-0.023,0.212,167.530
288.220,32.596,-0.025,0.212,167.612
288.240,31.330,-0.023,0.212,167.693
288.260,29.625,-0.021,0.212,167.789
288.280,27.551,-0.019,0.212,167.883
288.300,25.025,-0.017,0.212,167.980
288.320,22.189,-0.008,0.212,168.074
288.340,19.055,-0.000,0.212,168.161
288.360,15.633,0.008,0.212,168.239
288.380,12.000,0.017,0.212,168.308
288.400,8.221,0.027,0.212,168.366
288.420,4.336,0.036,0.212,168.412
288.440,0.363,0.051,0.212,168.446
288.460,-3.592,0.060,0.212,168.468
288.480,-7.506,0.073,0.212,168.479
288.500,-11.332,0.086,0.212,168.479
288.520,-14.959,0.098,0.212,168.472
288.540,-18.398,0.109,0.212,168.458
288.560,-21.580,0.121,0.212,168.440
288.580,-24.469,0.129,0.212,168.425
288.600,-27.000,0.141,0.212,168.406
288.620,-29.145,0.149,0.212,168.391
288.640,-30.920,0.161,0.212,168.379
288.660,-32.191,0.162,0.212,168.374
288.680,-33.064,0.170,0.212,168.376
288.700,-33.416,0.174,0.212,168.389
288.720,-33.357,0.174,0.212,168.407
288.740,-32.859,0.178,0.212,168.427
288.760,-31.869,0.175,0.212,168.460
288.780,-30.434,0.176,0.212,168.485
288.800,-28.553,0.170,0.212,168.517
288.820,-26.291,0.166,0.212,168.542
288.840,-23.648,0.159,0.212,168.567
288.860,-20.666,0.153,0.212,168.583
288.880,-17.402,0.144,0.212,168.595
288.900,-13.910,0.134,0.212,168.591
288.920,-10.207,0.121,0.212,168.577
288.940,-6.328,0.112,0.212,168.550
288.960,-2.391,0.100,0.212,168.510
288.980,1.576,0.091,0.212,168.460
289.000,5.531,0.079,0.212,168.397
289.020,9.398,0.067,0.212,168.323
289.040,13.160,0.050,0.212,168.241
289.060,16.734,0.044,0.212,168.153
289.080,20.062,0.030,0.212,168.058
289.100,23.139,0.022,0.212,167.964
289.120,25.869,0.011,0.212,167.873
289.140,28.242,0.001,0.212,167.778
289.160,30.229,-0.006,0.212,167.699
289.180,31.799,-0.012,0.212,167.616
289.200,32.924,-0.017,0.212,167.557
289.220,33.592,-0.019,0.212,167.498
289.240,33.809,-0.025,0.212,167.455
289.260,33.551,-0.026,0.212,167.418
289.280,32.824,-0.027,0.212,167.403
289.300,31.652,-0.026,0.212,167.391
289.320,30.047,-0.023,0.212,167.391
289.340,28.043,-0.019,0.212,167.388
289.360,25.623,-0.015,0.212,167.394
289.380,22.857,-0.008,0.212,167.398
289.400,19.775,-0.001,0.212,167.403
289.420,16.430,0.007,0.212,167.404
289.440,12.814,0.022,0.212,167.401
289.460,9.070,0.025,0.212,167.387
289.480,5.191,0.041,0.209,167.369
289.500,1.266,0.047,0.209,167.342
289.520,-2.742,0.066,0.209,167.307
289.540,-6.656,0.073,0.209,167.265
289.560,-10.512,0.088,0.209,167.219
289.580,-14.209,0.098,0.209,167.168
289.600,-17.666,0.109,0.209,167.117
289.620,-20.941,0.121,0.209,167.065
289.640,-23.877,0.128,0.209,167.019
289.660,-26.484,0.138,0.209,166.971
289.680,-28.740,0.151,0.209,166.939
289.700,-30.580,0.158,0.209,166.919
289.720,-31.992,0.163,0.209,166.915
289.740,-32.953,0.172,0.209,166.915
289.760,-33.398,0.173,0.209,166.937
289.780,-33.457,0.174,0.209,166.972
289.800,-33.035,0.178,0.209,167.009
289.820,-32.180,0.177,0.209,167.073
289.840,-30.838,0.178,0.209,167.132
289.860,-29.045,0.176,0.209,167.213
289.880,-26.877,0.171,0.209,167.295
289.900,-24.299,0.166,0.209,167.384
289.920,-21.393,0.160,0.209,167.464
289.940,-18.164,0.149,0.209,167.541
289.960,-14.736,0.141,0.209,167.608
289.980,-11.074,0.132,0.209,167.670
290.000,-7.219,0.120,0.209,167.721
290.020,-3.287,0.113,0.209,167.760
290.040,0.680,0.097,0.209,167.789
290.060,4.641,0.092,0.209,167.808
290.080,8.531,0.073,0.209,167.815
290.100,12.322,0.062,0.209,167.816
290.120,15.961,0.052,0.209,167.810
290.140,19.324,0.038,0.209,167.800
290.160,22.459,0.029,0.209,167.792
290.180,25.307,0.020,0.209,167.785
290.200,27.738,0.009,0.209,167.774
290.220,29.830,0.008,0.209,167.770
290.240,31.471,-0.008,0.209,167.758
290.260,32.707,-0.008,0.209,167.767
290.280,33.480,-0.020,0.209,167.776
290.300,33.785,-0.021,0.209,167.811
290.320,33.639,-0.022,0.209,167.838
290.340,33.023,-0.021,0.209,167.882
290.360,31.951,-0.020,0.209,167.923
290.380,30.451,-0.019,0.209,167.972
290.400,28.529,-0.019,0.209,168.011
290.420,26.197,-0.008,0.209,168.060
290.440,23.508,-0.007,0.209,168.090
290.460,20.479,0.005,0.209,168.122
290.480,17.197,0.010,0.209,168.143
290.500,13.629,0.017,0.209,168.155
290.520,9.932,0.025,0.209,168.154
290.540,6.064,0.038,0.209,168.144
290.560,2.133,0.049,0.209,168.117
290.580,-1.816,0.059,0.209,168.078
290.600,-5.777,0.072,0.209,168.027
290.620,-9.656,0.084,0.209,167.964
290.640,-13.371,0.099,0.209,167.891
290.660,-16.898,0.107,0.209,167.814
290.680,-20.191,0.120,0.209,167.726
290.700,-23.232,0.129,0.209,167.642
290.720,-25.904,0.141,0.209,167.556
290.740,-28.230,0.145,0.209,167.471
290.760,-30.170,0.158,0.209,167.389
290.780,-31.676,0.161,0.209,167.317
290.800,-32.754,0.171,0.209,167.252
290.820,-33.305,0.174,0.209,167.203
290.840,-33.463,0.177,0.209,167.164
290.860,-33.129,0.179,0.209,167.137
290.880,-32.355,0.177,0.209,167.126
290.900,-31.154,0.176,0.209,167.115
290.920,-29.455,0.174,0.209,167.112
290.940,-27.352,0.165,0.209,167.114
290.960,-24.879,0.163,0.209,167.112
290.980,-22.043,0.153,0.209,167.114
291.000,-18.896,0.151,0.209,167.112
291.020,-15.504,0.136,0.209,167.105
291.040,-11.871,0.129,0.209,167.090
291.060,-8.074,0.113,0.209,167.068
291.080,-4.154,0.110,0.209,167.035
291.100,-0.187,0.095,0.209,166.996
291.120,3.785,0.085,0.209,166.949
291.140,7.699,0.072,0.209,166.894
291.160,11.496,0.062,0.209,166.834
291.180,15.170,0.048,0.209,166.770
291.200,18.604,0.036,0.209,166.706
291.220,21.791,0.027,0.209,166.648
291.240,24.709,0.012,0.209,166.590
291.260,27.229,0.013,0.209,166.548
291.280,29.396,-0.005,0.209,166.502
291.300,31.137,-0.004,0.209,166.479
291.320,32.479,-0.021,0.209,166.464
291.340,33.346,-0.017,0.209,166.477
291.360,33.773,-0.026,0.209,166.494
291.380,33.709,-0.022,0.209,166.533
291.400,33.211,-0.029,0.212,166.577
291.420,32.238,-0.025,0.212,166.642
291.440,30.826,-0.025,0.212,166.712
291.460,28.986,-0.021,0.212,166.792
291.480,26.760,-0.020,0.212,166.875
291.500,24.135,-0.017,0.212,166.961
291.520,21.193,-0.004,0.212,167.050
291.540,17.959,-0.000,0.212,167.129
291.560,14.461,0.015,0.212,167.208
291.580,10.775,0.013,0.212,167.276
291.600,6.943,0.037,0.212,167.341
291.620,3.029,0.035,0.209,167.391
291.640,-0.932,0.059,0.209,167.435
291.660,-4.893,0.060,0.209,167.470
291.680,-8.789,0.082,0.209,167.495
291.700,-12.545,0.086,0.209,167.518
291.720,-16.107,0.105,0.209,167.533
291.740,-19.500,0.109,0.209,167.550
291.760,-22.582,0.128,0.209,167.561
291.780,-25.354,0.132,0.209,167.581
291.800,-27.768,0.146,0.209,167.596
291.820,-29.783,0.152,0.209,167.628
291.840,-31.406,0.164,0.209,167.664
291.860,-32.543,0.164,0.209,167.717
291.880,-33.264,0.172,0.209,167.771
291.900,-33.457,0.174,0.209,167.839
291.920,-33.270,0.174,0.209,167.914
291.940,-32.607,0.180,0.209,167.993
291.960,-31.477,0.174,0.209,168.084
291.980,-29.883,0.182,0.212,168.170
292.000,-27.867,0.161,0.212,168.270
292.020,-25.477,0.170,0.212,168.338
292.040,-22.729,0.153,0.212,168.425
292.060,-19.641,0.157,0.212,168.488
292.080,-16.301,0.136,0.212,168.555
292.100,-12.732,0.141,0.212,168.597
292.120,-8.947,0.112,0.212,168.636
292.140,-5.057,0.122,0.212,168.654
292.160,-1.090,0.089,0.212,168.663
292.180,2.877,0.098,0.212,168.658
292.200,6.814,0.072,0.212,168.637
292.220,10.635,0.068,0.212,168.607
292.240,14.361,0.050,0.212,168.518
292.260,17.865,0.044,0.212,168.518
292.280,21.094,0.030,0.212,168.463
292.300,24.082,0.020,0.212,168.405
292.320,26.701,0.012,0.212,168.350
292.340,28.939,0.002,0.212,168.292
292.360,30.785,-0.003,0.212,168.237
292.380,32.209,-0.015,0.212,168.187
292.400,33.187,-0.010,0.212,168.151
292.420,33.703,-0.024,0.212,168.112
292.440,33.768,-0.015,0.212,168.097
292.460,33.375,-0.025,0.212,168.071
292.480,32.490,-0.016,0.212,168.064
292.500,31.178,-0.022,0.212,168.051
292.520,29.414,-0.016,0.212,168.048
292.540,27.293,-0.017,0.212,168.042
292.560,24.744,-0.009,0.212,168.042
292.580,21.855,0.000,0.212,168.033
292.600,18.703,0.006,0.212,168.021
292.620,15.240,0.019,0.212,168.000
292.640,11.602,0.024,0.212,167.971
292.660,7.811,0.035,0.212,167.932
292.680,3.908,0.045,0.212,167.882
292.700,-0.059,0.059,0.212,167.823
292.720,-4.031,0.066,0.212,167.754
292.740,-7.951,0.087,0.212,167.675
292.760,-11.736,0.087,0.212,167.592
292.780,-15.357,0.109,0.212,167.498
292.800,-18.779,0.109,0.212,167.404
292.820,-21.943,0.131,0.212,167.307
292.840,-24.756,0.131,0.212,167.217
292.860,-27.258,0.149,0.212,167.129
292.880,-29.367,0.150,0.212,167.056
292.900,-31.090,0.167,0.212,166.985
292.920,-32.338,0.170,0.212,166.938
292.940,-33.135,0.178,0.212,166.898
292.960,-33.469,0.173,0.212,166.881
292.980,-33.363,0.181,0.212,166.869
293.000,-32.801,0.180,0.212,166.871
293.020,-31.770,0.182,0.212,166.890
293.040,-30.275,0.178,0.212,166.916
293.060,-28.365,0.174,0.212,166.951
293.080,-26.068,0.172,0.212,166.994
293.100,-23.367,0.163,0.212,167.044
293.120,-20.361,0.161,0.212,167.088
293.140,-17.057,0.145,0.212,167.135
293.160,-13.547,0.143,0.212,167.172
293.180,-9.803,0.123,0.212,167.205
293.200,-5.918,0.120,0.212,167.227
293.220,-1.975,0.103,0.212,167.244
293.240,2.010,0.101,0.212,167.253
293.260,5.947,0.079,0.212,167.253
293.280,9.803,0.075,0.212,167.251
293.300,13.553,0.054,0.212,167.241
293.320,17.104,0.051,0.212,167.231
293.340,20.391,0.033,0.212,167.219
293.360,23.455,0.029,0.212,167.212
293.380,26.145,0.016,0.212,167.209
293.400,28.471,0.007,0.212,167.214
293.420,30.410,-0.001,0.212,167.230
293.440,31.934,-0.011,0.212,167.258
293.460,33.012,-0.015,0.212,167.298
293.480,33.633,-0.022,0.212,167.349
293.500,33.809,-0.021,0.212,167.417
293.520,33.498,-0.032,0.214,167.481
293.540,32.725,-0.021,0.214,167.574
293.560,31.512,-0.027,0.214,167.654
293.580,29.836,-0.018,0.214,167.755
293.600,27.809,-0.023,0.214,167.841
293.620,25.348,-0.008,0.214,167.940
293.640,22.541,-0.013,0.214,168.017
293.660,19.424,0.008,0.214,168.107
293.680,16.055,0.000,0.214,168.174
293.700,12.445,0.020,0.214,168.242
293.720,8.678,0.025,0.214,168.291
293.740,4.793,0.041,0.214,168.330
293.760,0.844,0.046,0.214,168.354
293.780,-3.141,0.060,0.214,168.364
293.800,-7.049,0.075,0.214,168.362
293.820,-10.893,0.085,0.214,168.352
293.840,-14.537,0.099,0.214,168.325
293.860,-18.000,0.108,0.214,168.299
293.880,-21.223,0.120,0.214,168.259
293.900,-24.146,0.129,0.214,168.227
293.920,-26.719,0.141,0.214,168.182
293.940,-28.904,0.150,0.214,168.150
293.960,-30.709,0.157,0.214,168.113
293.980,-32.051,0.160,0.214,168.088
294.000,-32.994,0.168,0.214,168.058
294.020,-33.393,0.174,0.214,168.043
294.040,-33.404,0.170,0.214,168.038
294.060,-32.924,0.179,0.214,168.031
294.080,-31.998,0.173,0.214,168.046
294.100,-30.615,0.175,0.214,168.046
294.120,-28.811,0.174,0.214,168.059
294.140,-26.561,0.163,0.214,168.064
294.160,-23.977,0.161,0.214,168.072
294.180,-21.012,0.150,0.214,168.065
294.200,-17.789,0.148,0.214,168.058
294.220,-14.332,0.134,0.214,168.036
294.240,-10.635,0.124,0.214,168.007
294.260,-6.797,0.111,0.214,167.962
294.280,-2.842,0.103,0.214,167.908
294.300,1.113,0.089,0.214,167.841
294.320,5.080,0.082,0.214,167.763
294.340,8.936,0.067,0.214,167.676
294.360,12.738,0.058,0.214,167.579
294.380,16.330,0.045,0.214,167.478
294.400,19.682,0.036,0.214,167.372
294.420,22.787,0.024,0.214,167.267
294.440,25.582,0.016,0.214,167.159
294.460,27.973,0.006,0.214,167.058
294.480,30.023,-0.004,0.214,166.964
294.500,31.623,-0.011,0.214,166.880
294.520,32.818,-0.018,0.214,166.813
294.540,33.527,-0.018,0.214,166.754
294.560,33.803,-0.024,0.214,166.718
294.580,33.604,-0.026,0.214,166.672
294.600,32.924,-0.029,0.214,166.661
294.620,31.822,-0.024,0.214,166.649
294.640,30.252,-0.028,0.214,166.657
294.660,28.301,-0.018,0.214,166.663
294.680,25.934,-0.014,0.214,166.684
294.700,23.186,-0.006,0.214,166.687
294.720,20.156,-0.005,0.214,166.710
294.740,16.816,0.004,0.214,166.717
294.760,13.248,0.013,0.214,166.733
294.780,9.516,0.023,0.214,166.734
294.800,5.666,0.037,0.214,166.732
294.820,1.723,0.048,0.214,166.720
294.840,-2.256,0.060,0.214,166.702
294.860,-6.217,0.070,0.214,166.677
294.880,-10.061,0.083,0.214,166.647
294.900,-13.770,0.096,0.214,166.579
294.920,-17.268,0.108,0.214,166.579
294.940,-20.566,0.120,0.214,166.544
294.960,-23.555,0.132,0.214,166.520
294.980,-26.203,0.137,0.214,166.493
295.000,-28.506,0.150,0.214,166.481
295.020,-30.375,0.156,0.214,166.471
295.040,-31.863,0.168,0.214,166.483
295.060,-32.859,0.165,0.214,166.504
295.080,-33.387,0.178,0.214,166.538
295.100,-33.475,0.177,0.214,166.595
295.120,-33.111,0.182,0.214,166.667
295.140,-32.297,0.179,0.214,166.752
295.160,-31.014,0.180,0.214,166.838
295.180,-29.279,0.177,0.214,166.937
295.200,-27.141,0.174,0.214,167.033
295.220,-24.627,0.164,0.214,167.137
295.240,-21.738,0.161,0.214,167.232
295.260,-18.568,0.152,0.214,167.327
295.280,-15.158,0.149,0.214,167.410
295.300,-11.508,0.135,0.214,167.491
295.320,-7.682,0.124,0.214,167.553
295.340,-3.762,0.114,0.214,167.608
295.360,0.211,0.098,0.214,167.648
295.380,4.172,0.092,0.214,167.677
295.400,8.062,0.073,0.214,167.695
295.420,11.883,0.064,0.214,167.703
295.440,15.539,0.051,0.214,167.705
295.460,18.949,0.042,0.214,167.698
295.480,22.107,0.029,0.214,167.694
295.500,24.984,0.020,0.214,167.688
295.520,27.463,0.012,0.214,167.685
295.540,29.602,0.002,0.214,167.673
295.560,31.295,-0.007,0.214,167.677
295.580,32.596,-0.010,0.214,167.687
295.600,33.404,-0.015,0.214,167.704
295.620,33.779,-0.018,0.214,167.725
295.640,33.674,-0.018,0.214,167.751
295.660,33.135,-0.024,0.214,167.784
295.680,32.109,-0.018,0.214,167.824
295.700,30.645,-0.018,0.214,167.867
295.720,28.764,-0.018,0.214,167.902
295.740,26.502,-0.016,0.214,167.947
295.760,23.824,-0.006,0.214,167.979
295.780,20.859,0.004,0.214,168.007
295.800,17.613,0.012,0.214,168.019
295.820,14.062,0.021,0.214,168.029
295.840,10.365,0.026,0.214,168.019
295.860,6.545,0.039,0.214,168.003
295.880,2.602,0.046,0.214,167.970
295.900,-1.354,0.062,0.214,167.925
295.920,-5.314,0.069,0.214,167.868
295.940,-9.187,0.084,0.214,167.796
295.960,-12.943,0.093,0.214,167.716
295.980,-16.500,0.109,0.214,167.626
296.000,-19.816,0.116,0.214,167.534
296.020,-22.910,0.128,0.214,167.438
296.040,-25.600,0.137,0.214,167.342
296.060,-28.002,0.149,0.214,167.250
296.080,-29.977,0.157,0.214,167.162
296.100,-31.529,0.165,0.214,167.094
296.120,-32.648,0.170,0.214,167.022
296.140,-33.275,0.178,0.214,166.971
296.160,-33.498,0.178,0.214,166.928
296.180,-33.199,0.181,0.214,166.902
296.200,-32.496,0.179,0.214,166.875
296.220,-31.324,0.182,0.214,166.871
296.240,-29.666,0.176,0.214,166.862
296.260,-27.639,0.171,0.214,166.873
296.280,-25.213,0.167,0.214,166.872
296.300,-22.395,0.161,0.214,166.880
296.320,-19.307,0.155,0.214,166.881
296.340,-15.908,0.142,0.214,166.884
296.360,-12.334,0.130,0.214,166.875
296.380,-8.537,0.122,0.214,166.857
296.400,-4.617,0.110,0.214,166.834
296.420,-0.668,0.099,0.214,166.802
296.440,3.311,0.088,0.214,166.763
296.460,7.219,0.074,0.214,166.717
296.480,11.045,0.066,0.214,166.667
296.500,14.742,0.047,0.214,166.613
296.520,18.211,0.040,0.214,166.563
296.540,21.428,0.027,0.214,166.511
296.560,24.369,0.018,0.214,166.462
296.580,26.947,0.011,0.214,166.422
296.600,29.162,-0.001,0.214,166.393
296.620,30.955,-0.009,0.214,166.372
296.640,32.350,-0.016,0.214,166.375
296.660,33.270,-0.018,0.214,166.387
296.680,33.750,-0.025,0.214,166.416
296.700,33.750,-0.025,0.214,166.467
296.720,33.299,-0.033,0.215,166.519
296.740,32.361,-0.025,0.215,166.599
296.760,31.020,-0.029,0.215,166.675
296.780,29.221,-0.019,0.215,166.774
296.800,27.053,-0.024,0.215,166.861
296.820,24.457,-0.009,0.215,166.961
296.840,21.551,-0.010,0.215,167.048
296.860,18.369,0.008,0.215,167.143
296.880,14.877,0.006,0.215,167.223
296.900,11.209,0.020,0.215,167.304
296.920,7.418,0.028,0.215,167.373
296.940,3.504,0.042,0.215,167.433
296.960,-0.475,0.052,0.215,167.482
296.980,-4.418,0.063,0.215,167.521
297.000,-8.332,0.078,0.215,167.551
297.020,-12.123,0.089,0.215,167.573
297.040,-15.703,0.103,0.215,167.588
297.060,-19.107,0.111,0.215,167.604
297.080,-22.225,0.124,0.215,167.614
297.100,-25.025,0.135,0.215,167.629
297.120,-27.475,0.145,0.215,167.642
297.140,-29.549,0.149,0.215,167.664
297.160,-31.219,0.162,0.215,167.688
297.180,-32.391,0.161,0.215,167.732
297.200,-33.176,0.172,0.215,167.766
297.220,-33.445,0.172,0.215,167.828
297.240,-33.299,0.180,0.215,167.882
297.260,-32.689,0.175,0.215,167.953
297.280,-31.594,0.178,0.215,168.017
297.300,-30.076,0.175,0.215,168.097
297.320,-28.102,0.170,0.215,168.174
297.340,-25.764,0.164,0.215,168.245
297.360,-23.051,0.159,0.215,168.311
297.380,-19.998,0.153,0.215,168.366
297.400,-16.682,0.143,0.215,168.412
297.420,-13.148,0.133,0.215,168.446
297.440,-9.398,0.121,0.215,168.467
297.460,-5.520,0.111,0.215,168.474
297.480,-1.547,0.099,0.215,168.467
297.500,2.420,0.091,0.215,168.446
297.520,6.363,0.079,0.215,168.413
297.540,10.201,0.066,0.215,168.368
297.560,13.945,0.054,0.215,168.311
297.580,17.461,0.041,0.215,168.248
297.600,20.719,0.031,0.215,168.179
297.620,23.742,0.022,0.215,168.112
297.640,26.414,0.011,0.215,168.033
297.660,28.687,0.003,0.215,167.967
297.680,30.580,-0.006,0.215,167.901
297.700,32.062,-0.011,0.215,167.848
297.720,33.094,-0.017,0.215,167.796
297.740,33.674,-0.017,0.215,167.758
297.760,33.785,-0.021,0.215,167.723
297.780,33.439,-0.025,0.215,167.700
297.800,32.602,-0.025,0.215,167.681
297.820,31.359,-0.022,0.215,167.674
297.840,29.631,-0.021,0.215,167.669
297.860,27.574,-0.017,0.215,167.676
297.880,25.066,-0.010,0.215,167.677
297.900,22.225,-0.002,0.215,167.675
297.920,19.096,0.002,0.215,167.668
297.940,15.680,0.008,0.215,167.656
297.960,12.053,0.025,0.215,167.641
297.980,8.268,0.031,0.215,167.611
298.000,4.383,0.044,0.215,167.575
298.020,0.434,0.047,0.215,167.529
298.040,-3.557,0.067,0.215,167.474
298.060,-7.453,0.074,0.215,167.413
298.080,-11.291,0.090,0.215,167.343
298.100,-14.912,0.100,0.215,167.269
298.120,-18.357,0.116,0.215,167.193
298.140,-21.562,0.123,0.215,167.122
298.160,-24.428,0.135,0.215,167.048
298.180,-26.959,0.145,0.215,166.983
298.200,-29.139,0.157,0.215,166.926
298.220,-30.908,0.161,0.215,166.881
298.240,-32.209,0.174,0.215,166.852
298.260,-33.059,0.173,0.215,166.839
298.280,-33.416,0.176,0.215,166.834
298.300,-33.381,0.183,0.216,166.848
298.320,-32.859,0.180,0.216,166.887
298.340,-31.898,0.181,0.216,166.926
298.360,-30.451,0.178,0.216,166.972
298.380,-28.582,0.176,0.216,167.026
298.400,-26.326,0.172,0.216,167.085
298.420,-23.689,0.165,0.216,167.153
298.440,-20.695,0.157,0.216,167.216
298.460,-17.437,0.150,0.216,167.278
298.480,-13.957,0.137,0.216,167.333
298.500,-10.248,0.134,0.216,167.381
298.520,-6.375,0.111,0.216,167.422
298.540,-2.426,0.116,0.216,167.451
298.560,1.547,0.083,0.216,167.472
298.580,5.479,0.097,0.216,167.486
298.600,9.363,0.061,0.216,167.485
298.620,13.113,0.068,0.216,167.488
298.640,16.705,0.035,0.216,167.477
298.660,20.033,0.049,0.216,167.480
298.680,23.092,0.014,0.216,167.461
298.700,25.846,0.034,0.216,167.470
298.720,28.219,-0.010,0.216,167.455
298.740,30.211,0.015,0.216,167.485
298.760,31.764,-0.024,0.216,167.482
298.780,32.900,0.004,0.216,167.532
298.800,33.574,-0.031,0.216,167.549
298.820,33.803,-0.011,0.216,167.616
298.840,33.551,-0.033,0.217,167.655
298.860,32.824,-0.016,0.217,167.735
298.880,31.682,-0.029,0.217,167.795
298.900,30.047,-0.016,0.217,167.881
298.920,28.072,-0.021,0.217,167.947
298.940,25.670,-0.009,0.217,168.019
298.960,22.893,-0.012,0.217,168.083
298.980,19.834,0.004,0.217,168.147
299.000,16.465,0.009,0.217,168.196
299.020,12.885,0.020,0.217,168.237
299.040,9.129,0.029,0.217,168.264
299.060,5.268,0.035,0.217,168.280
299.080,1.318,0.052,0.217,168.283
299.100,-2.643,0.055,0.217,168.272
299.120,-6.580,0.074,0.217,168.248
299.140,-10.436,0.080,0.217,168.213
299.160,-14.115,0.100,0.217,168.165
299.180,-17.590,0.104,0.217,168.117
299.200,-20.830,0.120,0.217,168.057
299.220,-23.807,0.126,0.217,167.999
299.240,-26.408,0.138,0.217,167.933
299.260,-28.658,0.146,0.217,167.875
299.280,-30.510,0.153,0.217,167.816
299.300,-31.910,0.160,0.217,167.772
299.320,-32.883,0.166,0.217,167.726
299.340,-33.352,0.176,0.217,167.674
299.360,-33.428,0.169,0.217,167.674
299.380,-33.000,0.179,0.217,167.657
299.400,-32.139,0.169,0.217,167.646
299.420,-30.814,0.179,0.217,167.638
299.440,-29.033,0.167,0.217,167.635
299.460,-26.859,0.169,0.217,167.635
299.480,-24.311,0.158,0.217,167.634
299.500,-21.393,0.157,0.217,167.628
299.520,-18.187,0.144,0.217,167.617
299.540,-14.742,0.140,0.217,167.596
299.560,-11.098,0.124,0.217,167.568
299.580,-7.254,0.119,0.217,167.526
299.600,-3.322,0.104,0.217,167.475
299.620,0.668,0.095,0.217,167.413
299.640,4.611,0.082,0.217,167.340
299.660,8.508,0.068,0.217,167.258
299.680,12.305,0.057,0.217,167.170
299.700,15.914,0.043,0.217,167.077
299.720,19.307,0.037,0.217,166.981
299.740,22.424,0.023,0.217,166.884
299.760,25.271,0.020,0.217,166.786
299.780,27.721,0.000,0.217,166.693
299.800,29.801,-0.002,0.217,166.616
299.820,31.453,-0.013,0.217,166.550
299.840,32.684,-0.016,0.217,166.495
299.860,33.469,-0.025,0.217,166.453
299.880,33.803,-0.021,0.217,166.432
299.900,33.645,-0.030,0.217,166.413
299.920,33.029,-0.030,0.217,166.416
299.940,31.969,-0.030,0.217,166.432
299.960,30.457,-0.021,0.217,166.460
299.980,28.559,-0.025,0.217,166.486
300.000,26.238,-0.015,0.217,166.524
300.020,23.537,-0.011,0.217,166.558
300.040,20.531,-0.002,0.217,166.594
300.060,17.250,0.007,0.217,166.627
300.080,13.687,0.012,0.217,166.657
300.100,9.984,0.026,0.217,166.684
300.120,6.129,0.034,0.217,166.701
300.140,2.197,0.045,0.217,166.712
300.160,-1.781,0.057,0.217,166.715
300.180,-5.713,0.074,0.217,166.711
300.200,-9.615,0.079,0.217,166.703
300.220,-13.307,0.097,0.217,166.689
300.240,-16.840,0.101,0.217,166.676
300.260,-20.162,0.120,0.217,166.659
300.280,-23.162,0.127,0.217,166.651
300.300,-25.875,0.141,0.217,166.646
300.320,-28.207,0.145,0.217,166.649
300.340,-30.141,0.155,0.217,166.657
300.360,-31.676,0.164,0.217,166.683
300.380,-32.707,0.166,0.217,166.724
300.400,-33.293,0.173,0.217,166.773
300.420,-33.451,0.179,0.217,166.841
300.440,-33.146,0.177,0.217,166.925
300.460,-32.379,0.179,0.217,167.011
300.480,-31.137,0.176,0.217,167.106
300.500,-29.467,0.178,0.217,167.209
300.520,-27.369,0.170,0.217,167.323
300.540,-24.920,0.166,0.217,167.423
300.560,0.000,0.153,0.217,167.525
300.580,0.000,0.141,0.217,167.654
300.600,0.000,0.133,0.217,167.761
300.620,0.000,0.119,0.217,167.842
300.640,0.000,0.110,0.217,167.903
300.660,0.000,0.098,0.217,167.947
300.680,0.000,0.087,0.217,167.979
300.700,0.000,0.077,0.217,168.004
300.720,0.000,0.059,0.217,168.026
300.740,0.000,0.051,0.217,168.053
300.760,0.000,0.034,0.217,168.086
300.780,0.000,0.031,0.217,168.139
300.800,0.000,0.014,0.217,168.200
300.820,0.000,0.012,0.217,168.294
300.840,0.000,-0.003,0.217,168.398
300.860,0.000,-0.007,0.217,168.533
300.880,0.000,-0.019,0.217,168.695
300.900,0.000,-0.017,0.217,168.885
300.920,0.000,-0.025,0.217,169.088
300.940,0.000,-0.024,0.217,169.318
300.960,0.000,-0.028,0.217,169.562
300.980,0.000,-0.022,0.217,169.825
301.000,0.000,-0.023,0.217,170.088
301.020,0.000,-0.016,0.217,170.361
301.040,0.000,-0.013,0.217,170.635
301.060,0.000,-0.004,0.217,170.907
301.080,0.000,0.004,0.217,171.183
301.100,0.000,0.009,0.217,171.446
301.120,0.000,0.026,0.217,171.723
301.140,0.000,0.034,0.217,171.980
301.160,0.000,0.044,0.217,172.256
301.180,0.000,0.052,0.217,172.526
301.200,0.000,0.070,0.217,172.809
301.220,0.000,0.074,0.217,173.101
301.240,0.000,0.092,0.217,173.405
301.260,0.000,0.103,0.217,173.735
301.280,0.000,0.113,0.217,174.074
301.300,0.000,0.120,0.217,174.460
301.320,0.000,0.131,0.217,174.846
301.340,0.000,0.143,0.217,175.292
301.360,0.000,0.149,0.217,175.739
301.380,0.000,0.157,0.217,176.252
301.400,0.000,0.161,0.217,176.769
301.420,0.000,0.170,0.217,177.342
301.440,0.000,0.171,0.217,177.925
301.460,0.000,0.178,0.217,178.551
301.480,0.000,0.173,0.217,179.191
301.500,0.000,0.175,0.217,179.853
301.520,0.000,0.169,0.217,180.527
301.540,0.000,0.170,0.217,-178.780
301.560,0.000,0.159,0.217,-178.084
301.580,0.000,0.154,0.217,-177.384
301.600,0.000,0.148,0.217,-176.678
301.620,0.000,0.139,0.217,-175.966
301.640,0.000,0.125,0.217,-175.245
301.660,0.000,0.115,0.217,-174.528
301.680,0.000,0.108,0.217,-173.798
301.700,0.000,0.095,0.217,-173.060
301.720,0.000,0.082,0.217,-172.311
301.740,0.000,0.070,0.217,-170.771
301.760,0.000,0.059,0.217,-170.771
301.780,0.000,0.042,0.217,-169.973
301.800,0.000,0.036,0.217,-169.153
301.820,0.000,0.025,0.217,-168.312
301.840,0.000,0.016,0.217,-167.448
301.860,0.000,0.002,0.217,-166.562
301.880,0.000,-0.001,0.217,-165.648
301.900,0.000,-0.014,0.217,-164.717
301.920,0.000,-0.010,0.217,-163.750
301.940,0.000,-0.025,0.217,-162.794
301.960,0.000,-0.020,0.217,-161.795
301.980,0.000,-0.029,0.217,-160.815
302.000,0.000,-0.029,0.217,-159.796
302.020,0.000,-0.025,0.217,-158.788
302.040,0.000,-0.024,0.217,-157.771
302.060,0.000,-0.018,0.217,-156.757
302.080,0.000,-0.015,0.217,-155.735
302.100,0.000,-0.003,0.217,-154.713
302.120,0.000,-0.005,0.217,-153.686
302.140,0.000,0.012,0.217,-152.645
302.160,0.000,0.013,0.217,-151.594
302.180,0.000,0.035,0.217,-150.523
302.200,0.000,0.035,0.217,-149.436
302.220,0.000,0.054,0.217,-148.320
302.240,0.000,0.057,0.217,-147.178
302.260,0.000,0.079,0.217,-146.005
302.280,0.000,0.076,0.217,-144.798
302.300,0.000,0.100,0.217,-143.565
302.320,0.000,0.103,0.217,-142.297
302.340,0.000,0.121,0.217,-141.013
302.360,0.000,0.122,0.217,-139.695
302.380,0.000,0.138,0.217,-138.378
302.400,0.000,0.146,0.217,-137.046
302.420,0.000,0.151,0.217,-135.725
302.440,0.000,0.158,0.217,-134.421
302.460,0.000,0.161,0.217,-133.154
302.480,0.000,0.170,0.217,-131.922
302.500,0.000,0.165,0.217,-130.736
302.520,0.000,0.171,0.217,-129.620
302.540,0.000,0.162,0.217,-128.569
302.560,0.000,0.168,0.217,55.141
302.580,0.000,0.157,0.217,180.000
302.600,0.000,0.159,0.217,180.000
302.620,0.000,0.145,0.217,180.000
302.640,0.000,0.146,0.217,180.000
302.660,0.000,0.128,0.217,180.000
302.680,0.000,0.132,0.217,180.000
302.700,0.000,0.110,0.217,180.000
302.720,0.000,0.108,0.217,180.000
302.740,0.000,0.089,0.217,180.000
302.760,0.000,0.086,0.217,180.000
302.780,0.000,0.068,0.217,180.000
302.800,0.000,0.063,0.217,180.000
302.820,0.000,0.046,0.217,180.000
302.840,0.000,0.041,0.217,180.000
302.860,0.000,0.030,0.217,180.000
302.880,0.000,0.022,0.217,180.000
302.900,0.000,0.010,0.217,180.000
302.920,0.000,0.003,0.217,180.000
302.940,0.000,-0.000,0.217,180.000
302.960,0.000,-0.013,0.217,180.000
302.980,0.000,-0.010,0.217,180.000
303.000,0.000,-0.019,0.217,180.000
303.020,0.000,-0.013,0.217,180.000
303.040,0.000,-0.021,0.217,180.000
303.060,0.000,-0.012,0.217,180.000
303.080,0.000,-0.017,0.217,180.000
303.100,0.000,-0.007,0.217,17.567
303.120,0.000,-0.009,0.217,0.000
303.140,0.000,0.004,0.217,0.000
303.160,0.000,0.006,0.217,0.000
303.180,0.000,0.017,0.217,0.000
303.200,0.000,0.026,0.217,0.000
303.220,0.000,0.034,0.217,0.000
303.240,0.000,0.044,0.217,0.000
303.260,0.000,0.053,0.217,0.000
303.280,0.000,0.069,0.217,0.000
303.300,0.000,0.076,0.214,0.000
303.320,0.000,0.091,0.214,0.000
303.340,0.000,0.099,0.213,0.000
303.360,0.000,0.112,0.213,0.000
303.380,0.000,0.116,0.213,0.000
303.400,0.000,0.131,0.213,0.000
303.420,0.000,0.134,0.213,0.000
303.440,0.000,0.146,0.213,0.000
303.460,0.000,0.149,0.213,0.000
303.480,0.000,0.158,0.213,0.000
303.500,0.000,0.161,0.213,0.000
303.520,0.000,0.164,0.213,0.000
303.540,0.000,0.166,0.213,0.000
303.560,0.000,0.164,0.213,0.000
303.580,0.000,0.168,0.213,0.000
303.600,0.000,0.161,0.213,0.000
303.620,0.000,0.161,0.213,0.000
303.640,0.000,0.154,0.213,0.000
303.660,0.000,0.150,0.213,0.000
303.680,0.000,0.141,0.213,0.000
303.700,0.000,0.137,0.213,0.000
303.720,0.000,0.120,0.213,0.000
303.740,0.000,0.117,0.213,0.000
303.760,0.000,0.106,0.213,0.000
303.780,0.000,0.102,0.213,0.000
303.800,0.000,0.083,0.213,0.000
303.820,0.000,0.074,0.213,0.000
303.840,0.000,0.065,0.209,0.000
303.860,0.000,0.052,0.209,0.000
303.880,0.000,0.042,0.209,0.000
303.900,0.000,0.031,0.209,0.000
303.920,0.000,0.025,0.209,0.000
303.940,0.000,0.012,0.209,0.000
303.960,0.000,0.008,0.209,0.000
303.980,0.000,-0.003,0.209,0.000
304.000,0.000,-0.005,0.209,0.000
304.020,0.000,-0.012,0.209,0.000
304.040,0.000,-0.011,0.209,0.000
304.060,0.000,-0.016,0.209,0.000
304.080,0.000,-0.013,0.209,0.000
304.100,0.000,-0.015,0.209,0.000
304.120,0.000,-0.011,0.209,0.000
304.140,0.000,-0.009,0.209,0.000
304.160,0.000,-0.003,0.209,0.000
304.180,0.000,0.003,0.209,0.000
304.200,0.000,0.004,0.209,0.000
304.220,0.000,0.016,0.209,0.000
304.240,0.000,0.023,0.209,0.000
304.260,0.000,0.033,0.209,0.000
304.280,0.000,0.038,0.209,0.000
304.300,0.000,0.054,0.209,0.000
304.320,0.000,0.063,0.209,0.000
304.340,0.000,0.074,0.209,0.000
304.360,0.000,0.081,0.209,0.000
304.380,0.000,0.093,0.209,0.000
304.400,0.000,0.108,0.209,0.000
304.420,0.000,0.110,0.209,0.000
304.440,0.000,0.124,0.209,0.000
304.460,0.000,0.128,0.209,0.000
304.480,0.000,0.137,0.209,0.000
304.500,0.000,0.141,0.209,0.000
304.520,0.000,0.151,0.209,0.000
304.540,0.000,0.153,0.209,0.000
304.560,0.000,0.157,0.209,0.000
304.580,0.000,0.154,0.209,0.000
304.600,0.000,0.156,0.209,0.000
304.620,0.000,0.157,0.209,0.000
304.640,0.000,0.153,0.209,0.000
304.660,0.000,0.153,0.209,0.000
304.680,0.000,0.148,0.209,0.000
304.700,0.000,0.149,0.209,0.000
304.720,0.000,0.134,0.209,0.000
304.740,0.000,0.132,0.209,0.000
304.760,0.000,0.116,0.209,0.000
304.780,0.000,0.113,0.209,0.000
304.800,0.000,0.098,0.209,0.000
304.820,0.000,0.095,0.209,0.000
304.840,0.000,0.078,0.209,0.000
304.860,0.000,0.071,0.209,0.000
304.880,0.000,0.058,0.209,0.000
304.900,0.000,0.054,0.209,0.000
304.920,0.000,0.036,0.209,0.000
304.940,0.000,0.033,0.209,0.000
304.960,0.000,0.019,0.209,0.000
304.980,0.000,0.015,0.209,0.000
305.000,0.000,0.007,0.209,0.000
305.020,0.000,0.006,0.209,0.000
305.040,0.000,-0.004,0.209,0.000
305.060,0.000,-0.009,0.209,0.000
305.080,0.000,-0.009,0.209,0.000
305.100,0.000,-0.013,0.209,0.000
305.120,0.000,-0.012,0.209,0.000
305.140,0.000,-0.013,0.209,0.000
305.160,0.000,-0.009,0.209,0.000
305.180,0.000,-0.011,0.209,0.000
305.200,0.000,0.004,0.209,0.000
305.220,0.000,0.004,0.209,0.000
305.240,0.000,0.010,0.209,0.000
305.260,0.000,0.016,0.209,0.000
305.280,0.000,0.026,0.209,0.000
305.300,0.000,0.035,0.209,0.000
305.320,0.000,0.043,0.209,0.000
305.340,0.000,0.056,0.209,0.000
305.360,0.000,0.064,0.209,0.000
305.380,0.000,0.079,0.209,0.000
305.400,0.000,0.083,0.209,0.000
305.420,0.000,0.099,0.209,0.000
305.440,0.000,0.102,0.209,0.000
305.460,0.000,0.117,0.208,0.000
305.480,0.000,0.118,0.208,0.000
305.500,0.000,0.130,0.207,0.000
305.520,0.000,0.133,0.207,0.000
305.540,0.000,0.144,0.207,0.000
305.560,0.000,0.146,0.207,0.000
305.580,0.000,0.154,0.207,0.000
305.600,0.000,0.152,0.207,0.000
305.620,0.000,0.157,0.207,0.000
305.640,0.000,0.156,0.207,0.000
305.660,0.000,0.154,0.207,0.000
305.680,0.000,0.155,0.207,0.000
305.700,0.000,0.153,0.207,0.000
305.720,0.000,0.149,0.207,0.000
305.740,0.000,0.145,0.207,0.000
305.760,0.000,0.137,0.207,0.000
305.780,0.000,0.126,0.207,0.000
305.800,0.000,0.119,0.207,0.000
305.820,0.000,0.112,0.207,0.000
305.840,0.000,0.105,0.207,0.000
305.860,0.000,0.095,0.207,0.000
305.880,0.000,0.085,0.207,0.000
305.900,0.000,0.076,0.207,0.000
305.920,0.000,0.070,0.207,0.000
305.940,0.000,0.049,0.207,0.000
305.960,0.000,0.045,0.207,0.000
305.980,0.000,0.036,0.207,0.000
306.000,0.000,0.034,0.207,0.000
306.020,0.000,0.023,0.207,0.000
306.040,0.000,0.023,0.207,0.000
306.060,0.000,0.002,0.207,0.000
306.080,0.000,0.005,0.207,0.000
306.100,0.000,-0.001,0.207,0.000
306.120,0.000,-0.002,0.207,0.000
306.140,0.000,-0.004,0.207,0.000
306.160,0.000,-0.003,0.207,0.000
306.180,0.000,-0.002,0.207,0.000
306.200,0.000,-0.001,0.207,0.000
306.220,0.000,-0.003,0.207,0.000
306.240,0.000,0.004,0.207,0.000
306.260,0.000,0.009,0.207,0.000
306.280,0.000,0.020,0.207,0.000
306.300,0.000,0.029,0.207,0.000
306.320,0.000,0.032,0.207,0.000
306.340,0.000,0.036,0.207,0.000
306.360,0.000,0.045,0.207,0.000
306.380,0.000,0.058,0.207,0.000
306.400,0.000,0.065,0.207,0.000
306.420,0.000,0.074,0.207,0.000
306.440,0.000,0.084,0.207,0.000
306.460,0.000,0.099,0.205,0.000
306.480,0.000,0.108,0.205,0.000
306.500,0.000,0.113,0.201,0.000
306.520,0.000,0.115,0.201,0.000
306.540,0.000,0.126,0.201,0.000
306.560,0.000,0.132,0.201,0.000
306.580,0.000,0.140,0.201,0.000
306.600,0.000,0.147,0.201,0.000
306.620,0.000,0.149,0.201,0.000
306.640,0.000,0.150,0.201,0.000
306.660,0.000,0.152,0.201,0.000
306.680,0.000,0.152,0.201,0.000
306.700,0.000,0.153,0.201,0.000
306.720,0.000,0.152,0.201,0.000
306.740,0.000,0.144,0.201,0.000
306.760,0.000,0.140,0.201,0.000
306.780,0.000,0.138,0.201,0.000
306.800,0.000,0.129,0.201,0.000
306.820,0.000,0.118,0.201,0.000
306.840,0.000,0.115,0.201,0.000
306.860,0.000,0.112,0.201,0.000
306.880,0.000,0.100,0.201,0.000
306.900,0.000,0.091,0.201,0.000
306.920,0.000,0.077,0.201,0.000
306.940,0.000,0.071,0.201,0.000
306.960,0.000,0.061,0.201,0.000
306.980,0.000,0.051,0.200,0.000
307.000,0.000,0.040,0.197,0.000
307.020,0.000,0.036,0.195,0.000
307.040,0.000,0.029,0.193,0.000
307.060,0.000,0.019,0.193,0.000
307.080,0.000,0.015,0.193,0.000
307.100,0.000,0.008,0.193,0.000
307.120,0.000,-0.002,0.193,0.000
307.140,0.000,-0.002,0.193,0.000
307.160,0.000,-0.002,0.193,0.000
307.180,0.000,-0.003,0.193,0.000
307.200,0.000,-0.003,0.193,0.000
307.220,0.000,-0.002,0.193,0.000
307.240,0.000,-0.003,0.193,0.000
307.260,0.000,-0.002,0.193,0.000
307.280,0.000,-0.000,0.193,0.000
307.300,0.000,0.008,0.193,0.000
307.320,0.000,0.015,0.193,0.000
307.340,0.000,0.020,0.193,0.000
307.360,0.000,0.029,0.193,0.000
307.380,0.000,0.037,0.193,0.000
307.400,0.000,0.044,0.193,0.000
307.420,0.000,0.055,0.193,0.000
307.440,0.000,0.062,0.193,0.000
307.460,0.000,0.071,0.193,0.000
307.480,0.000,0.084,0.193,0.000
307.500,0.000,0.091,0.193,0.000
307.520,0.000,0.098,0.189,0.000
307.540,0.000,0.108,0.189,0.000
307.560,0.000,0.116,0.189,0.000
307.580,0.000,0.120,0.189,0.000
307.600,0.000,0.132,0.189,0.000
307.620,0.000,0.133,0.189,0.000
307.640,0.000,0.142,0.189,0.000
307.660,0.000,0.140,0.189,0.000
307.680,0.000,0.146,0.189,0.000
307.700,0.000,0.147,0.189,0.000
307.720,0.000,0.149,0.189,0.000
307.740,0.000,0.145,0.189,0.000
307.760,0.000,0.146,0.189,0.000
307.780,0.000,0.143,0.189,0.000
307.800,0.000,0.142,0.189,0.000
307.820,0.000,0.133,0.189,0.000
307.840,0.000,0.129,0.189,0.000
307.860,0.000,0.120,0.189,0.000
307.880,0.000,0.119,0.189,0.000
307.900,0.000,0.105,0.189,0.000
307.920,0.000,0.103,0.189,0.000
307.940,0.000,0.090,0.189,0.000
307.960,0.000,0.084,0.189,0.000
307.980,0.000,0.070,0.189,0.000
308.000,0.000,0.064,0.189,0.000
308.020,0.000,0.058,0.189,0.000
308.040,0.000,0.046,0.184,0.000
308.060,0.000,0.042,0.184,0.000
308.080,0.000,0.029,0.184,0.000
308.100,0.000,0.027,0.184,0.000
308.120,0.000,0.017,0.184,0.000
308.140,0.000,0.014,0.184,0.000
308.160,0.000,0.007,0.184,0.000
308.180,0.000,0.007,0.184,0.000
308.200,0.000,0.005,0.184,0.000
308.220,0.000,0.004,0.184,0.000
308.240,0.000,0.004,0.184,0.000
308.260,0.000,0.004,0.184,0.000
308.280,0.000,0.004,0.184,0.000
308.300,0.000,0.005,0.184,0.000
308.320,0.000,0.012,0.184,0.000
308.340,0.000,0.018,0.184,0.000
308.360,0.000,0.026,0.184,0.000
308.380,0.000,0.031,0.184,0.000
308.400,0.000,0.036,0.184,0.000
308.420,0.000,0.041,0.184,0.000
308.440,0.000,0.045,0.184,0.000
308.460,0.000,0.058,0.184,0.000
308.480,0.000,0.070,0.184,0.000
308.500,0.000,0.074,0.184,0.000
308.520,0.000,0.088,0.184,0.000
308.540,0.000,0.095,0.184,0.000
308.560,0.000,0.108,0.184,0.000
308.580,0.000,0.110,0.177,0.000
308.600,0.000,0.117,0.177,0.000
308.620,0.000,0.121,0.173,0.000
308.640,0.000,0.131,0.173,0.000
308.660,0.000,0.134,0.173,0.000
308.680,0.000,0.143,0.173,0.000
308.700,0.000,0.144,0.173,0.000
308.720,0.000,0.148,0.173,0.000
308.740,0.000,0.149,0.173,0.000
308.760,0.000,0.148,0.173,0.000
308.780,0.000,0.151,0.173,0.000
308.800,0.000,0.147,0.173,0.000
308.820,0.000,0.143,0.173,0.000
308.840,0.000,0.140,0.173,0.000
308.860,0.000,0.134,0.173,0.000
308.880,0.000,0.125,0.173,0.000
308.900,0.000,0.120,0.173,0.000
308.920,0.000,0.113,0.173,0.000
308.940,0.000,0.112,0.173,0.000
308.960,0.000,0.097,0.173,0.000
308.980,0.000,0.094,0.173,0.000
309.000,0.000,0.078,0.173,0.000
309.020,0.000,0.075,0.173,0.000
309.040,0.000,0.061,0.173,0.000
309.060,0.000,0.056,0.172,0.000
309.080,0.000,0.042,0.172,0.000
309.100,0.000,0.038,0.171,0.000
309.120,0.000,0.033,0.171,0.000
309.140,0.000,0.030,0.171,0.000
309.160,0.000,0.020,0.171,0.000
309.180,0.000,0.016,0.171,0.000
309.200,0.000,0.010,0.171,0.000
309.220,0.000,0.002,0.171,0.000
309.240,0.000,0.007,0.171,0.000
309.260,0.000,-0.000,0.171,0.000
309.280,0.000,0.003,0.171,0.000
309.300,0.000,-0.002,0.171,0.000
309.320,0.000,0.008,0.171,0.000
309.340,0.000,-0.000,0.171,0.000
309.360,0.000,0.016,0.171,0.000
309.380,0.000,0.012,0.171,0.000
309.400,0.000,0.025,0.171,0.000
309.420,0.000,0.029,0.171,0.000
309.440,0.000,0.034,0.171,0.000
309.460,0.000,0.037,0.171,0.000
309.480,0.000,0.045,0.171,0.000
309.500,0.000,0.055,0.171,0.000
309.520,0.000,0.064,0.171,0.000
309.540,0.000,0.074,0.171,0.000
309.560,0.000,0.077,0.170,0.000
309.580,0.000,0.091,0.170,0.000
309.600,0.000,0.093,0.170,0.000
309.620,0.000,0.112,0.170,0.000
309.640,0.000,0.112,0.170,0.000
309.660,0.000,0.116,0.170,0.000
309.680,0.000,0.116,0.170,0.000
309.700,0.000,0.130,0.170,0.000
309.720,0.000,0.128,0.170,0.000
309.740,0.000,0.137,0.170,0.000
309.760,0.000,0.135,0.170,0.000
309.780,0.000,0.142,0.170,0.000
309.800,0.000,0.137,0.170,0.000
309.820,0.000,0.140,0.170,0.000
309.840,0.000,0.137,0.170,0.000
309.860,0.000,0.134,0.170,0.000
309.880,0.000,0.132,0.170,0.000
309.900,0.000,0.126,0.170,0.000
309.920,0.000,0.127,0.170,0.000
309.940,0.000,0.114,0.170,0.000
309.960,0.000,0.112,0.170,0.000
309.980,0.000,0.099,0.170,0.000
310.000,0.000,0.098,0.170,0.000
310.020,0.000,0.082,0.170,0.000
310.040,0.000,0.082,0.170,0.000
310.060,0.000,0.068,0.170,0.000
310.080,0.000,0.065,0.170,0.000
310.100,0.000,0.054,0.170,0.000
310.120,0.000,0.052,0.170,0.000
310.140,0.000,0.039,0.168,0.000
310.160,0.000,0.033,0.168,0.000
310.180,0.000,0.027,0.160,0.000
310.200,0.000,0.017,0.160,0.000
310.220,0.000,0.020,0.160,0.000
310.240,0.000,0.007,0.160,0.000
310.260,0.000,0.013,0.160,0.000
310.280,0.000,-0.000,0.160,0.000
310.300,0.000,0.013,0.160,0.000
310.320,0.000,-0.001,0.160,0.000
310.340,0.000,0.016,0.160,0.000
310.360,0.000,0.004,0.160,0.000
310.380,0.000,0.020,0.160,0.000
310.400,0.000,0.008,0.160,0.000
310.420,0.000,0.025,0.160,0.000
310.440,0.000,0.019,0.160,0.000
310.460,0.000,0.036,0.160,0.000
310.480,0.000,0.035,0.160,0.000
310.500,0.000,0.044,0.160,0.000
310.520,0.000,0.050,0.160,0.000
310.540,0.000,0.057,0.160,0.000
310.560,0.000,0.068,0.160,0.000
310.580,0.000,0.072,0.160,0.000
310.600,0.000,0.085,0.160,0.000
310.620,0.000,0.088,0.160,0.000
310.640,0.000,0.105,0.159,0.000
310.660,0.000,0.107,0.159,0.000
310.680,0.000,0.117,0.156,0.000
310.700,0.000,0.113,0.156,0.000
310.720,0.000,0.125,0.156,0.000
310.740,0.000,0.122,0.156,0.000
310.760,0.000,0.139,0.156,0.000
310.780,0.000,0.131,0.156,0.000
310.800,0.000,0.143,0.156,0.000
310.820,0.000,0.138,0.156,0.000
310.840,0.000,0.145,0.156,0.000
310.860,0.000,0.141,0.156,0.000
310.880,0.000,0.141,0.156,0.000
310.900,0.000,0.136,0.156,0.000
310.920,0.000,0.131,0.156,0.000
310.940,0.000,0.132,0.156,0.000
310.960,0.000,0.120,0.156,0.000
310.980,0.000,0.119,0.156,0.000
311.000,0.000,0.108,0.156,0.000
311.020,0.000,0.109,0.156,0.000
311.040,0.000,0.095,0.156,0.000
311.060,0.000,0.098,0.156,0.000
311.080,0.000,0.079,0.156,0.000
311.100,0.000,0.080,0.156,0.000
311.120,0.000,0.062,0.156,0.000
311.140,0.000,0.066,0.155,0.000
311.160,0.000,0.045,0.155,0.000
311.180,0.000,0.049,0.155,0.000
311.200,0.000,0.036,0.155,0.000
311.220,0.000,0.037,0.155,0.000
311.240,0.000,0.028,0.155,0.000
311.260,0.000,0.031,0.155,0.000
311.280,0.000,0.019,0.155,0.000
311.300,0.000,0.017,0.155,0.000
311.320,0.000,0.015,0.155,0.000
311.340,0.000,0.011,0.155,0.000
311.360,0.000,0.015,0.155,0.000
311.380,0.000,0.012,0.155,0.000
311.400,0.000,0.017,0.155,0.000
311.420,0.000,0.013,0.155,0.000
311.440,0.000,0.025,0.155,0.000
311.460,0.000,0.022,0.155,0.000
311.480,0.000,0.033,0.155,0.000
311.500,0.000,0.035,0.155,0.000
311.520,0.000,0.039,0.155,0.000
311.540,0.000,0.039,0.155,0.000
311.560,0.000,0.051,0.155,0.000
311.580,0.000,0.056,0.155,0.000
311.600,0.000,0.068,0.155,0.000
311.620,0.000,0.075,0.155,0.000
311.640,0.000,0.081,0.155,0.000
311.660,0.000,0.087,0.155,0.000
311.680,0.000,0.099,0.155,0.000
311.700,0.000,0.108,0.155,0.000
311.720,0.000,0.111,0.154,0.000
311.740,0.000,0.113,0.154,0.000
311.760,0.000,0.115,0.154,0.000
311.780,0.000,0.124,0.154,0.000
311.800,0.000,0.124,0.154,0.000
311.820,0.000,0.132,0.154,0.000
311.840,0.000,0.130,0.154,0.000
311.860,0.000,0.132,0.154,0.000
311.880,0.000,0.132,0.154,0.000
311.900,0.000,0.133,0.154,0.000
311.920,0.000,0.132,0.154,0.000
311.940,0.000,0.131,0.154,0.000
311.960,0.000,0.122,0.154,0.000
311.980,0.000,0.120,0.154,0.000
312.000,0.000,0.113,0.154,0.000
312.020,0.000,0.114,0.154,0.000
312.040,0.000,0.106,0.154,0.000
312.060,0.000,0.098,0.154,0.000
312.080,0.000,0.092,0.154,0.000
312.100,0.000,0.084,0.154,0.000
312.120,0.000,0.076,0.154,0.000
312.140,0.000,0.070,0.154,0.000
312.160,0.000,0.065,0.154,0.000
312.180,0.000,0.054,0.154,0.000
312.200,0.000,0.053,0.154,0.000
312.220,0.000,0.037,0.154,0.000
312.240,0.000,0.037,0.153,0.000
312.260,0.000,0.033,0.153,0.000
312.280,0.000,0.028,0.153,0.000
312.300,0.000,0.023,0.153,0.000
312.320,0.000,0.017,0.153,0.000
312.340,0.000,0.016,0.153,0.000
312.360,0.000,0.008,0.153,0.000
312.380,0.000,0.016,0.153,0.000
312.400,0.000,0.009,0.153,0.000
312.420,0.000,0.016,0.153,0.000
312.440,0.000,0.008,0.153,0.000
312.460,0.000,0.020,0.153,0.000
312.480,0.000,0.016,0.153,0.000
312.500,0.000,0.029,0.153,0.000
312.520,0.000,0.020,0.153,0.000
312.540,0.000,0.039,0.153,0.000
312.560,0.000,0.033,0.153,0.000
312.580,0.000,0.052,0.153,0.000
312.600,0.000,0.048,0.153,0.000
312.620,0.000,0.062,0.153,0.000
312.640,0.000,0.061,0.153,0.000
312.660,0.000,0.077,0.153,0.000
312.680,0.000,0.079,0.153,0.000
312.700,0.000,0.091,0.153,0.000
312.720,0.000,0.095,0.153,0.000
312.740,0.000,0.101,0.153,0.000
312.760,0.000,0.108,0.153,0.000
312.780,0.000,0.112,0.153,0.000
312.800,0.000,0.119,0.153,0.000
312.820,0.000,0.120,0.153,0.000
312.840,0.000,0.128,0.153,0.000
312.860,0.000,0.123,0.153,0.000
312.880,0.000,0.136,0.153,0.000
312.900,0.000,0.124,0.153,0.000
312.920,0.000,0.139,0.153,0.000
312.940,0.000,0.125,0.153,0.000
312.960,0.000,0.134,0.153,0.000
312.980,0.000,0.123,0.153,0.000
313.000,0.000,0.128,0.153,0.000
313.020,0.000,0.120,0.153,0.000
313.040,0.000,0.121,0.153,0.000
313.060,0.000,0.109,0.153,0.000
313.080,0.000,0.108,0.153,0.000
313.100,0.000,0.103,0.153,0.000
313.120,0.000,0.099,0.153,0.000
313.140,0.000,0.087,0.153,0.000
313.160,0.000,0.081,0.153,0.000
313.180,0.000,0.074,0.153,0.000
313.200,0.000,0.065,0.153,0.000
313.220,0.000,0.065,0.153,0.000
313.240,0.000,0.048,0.153,0.000
313.260,0.000,0.049,0.153,0.000
313.280,0.000,0.041,0.153,0.000
313.300,0.000,0.041,0.153,0.000
313.320,0.000,0.028,0.153,0.000
313.340,0.000,0.032,0.153,0.000
313.360,0.000,0.025,0.153,0.000
313.380,0.000,0.029,0.153,0.000
313.400,0.000,0.019,0.153,0.000
313.420,0.000,0.025,0.153,0.000
313.440,0.000,0.020,0.153,0.000
313.460,0.000,0.024,0.153,0.000
313.480,0.000,0.024,0.153,0.000
313.500,0.000,0.027,0.153,0.000
313.520,0.000,0.026,0.153,0.000
313.540,0.000,0.031,0.153,0.000
313.560,0.000,0.036,0.153,0.000
313.580,0.000,0.037,0.153,0.000
313.600,0.000,0.042,0.153,0.000
313.620,0.000,0.045,0.153,0.000
313.640,0.000,0.058,0.153,0.000
313.660,0.000,0.062,0.153,0.000
313.680,0.000,0.072,0.153,0.000
313.700,0.000,0.074,0.153,0.000
313.720,0.000,0.083,0.153,0.000
313.740,0.000,0.092,0.153,0.000
313.760,0.000,0.099,0.153,0.000
313.780,0.000,0.103,0.149,0.000
313.800,0.000,0.112,0.147,0.000
313.820,0.000,0.113,0.147,0.000
313.840,0.000,0.113,0.147,0.000
313.860,0.000,0.120,0.147,0.000
313.880,0.000,0.120,0.147,0.000
313.900,0.000,0.132,0.147,0.000
313.920,0.000,0.127,0.147,0.000
313.940,0.000,0.136,0.147,0.000
313.960,0.000,0.123,0.147,0.000
313.980,0.000,0.137,0.147,0.000
314.000,0.000,0.120,0.147,0.000
314.020,0.000,0.133,0.147,0.000
314.040,0.000,0.114,0.147,0.000
314.060,0.000,0.126,0.147,0.000
314.080,0.000,0.113,0.147,0.000
314.100,0.000,0.113,0.147,0.000
314.120,0.000,0.103,0.147,0.000
314.140,0.000,0.106,0.147,0.000
314.160,0.000,0.093,0.147,0.000
314.180,0.000,0.091,0.147,0.000
314.200,0.000,0.079,0.147,0.000
314.220,0.000,0.074,0.147,0.000
314.240,0.000,0.066,0.147,0.000
314.260,0.000,0.058,0.147,0.000
314.280,0.000,0.051,0.147,0.000
314.300,0.000,0.044,0.146,0.000
314.320,0.000,0.042,0.146,0.000
314.340,0.000,0.036,0.146,0.000
314.360,0.000,0.033,0.146,0.000
314.380,0.000,0.024,0.146,0.000
314.400,0.000,0.028,0.146,0.000
314.420,0.000,0.016,0.146,0.000
314.440,0.000,0.025,0.146,0.000
314.460,0.000,0.013,0.146,0.000
314.480,0.000,0.024,0.146,0.000
314.500,0.000,0.015,0.146,0.000
314.520,0.000,0.026,0.146,0.000
314.540,0.000,0.015,0.146,0.000
314.560,0.000,0.032,0.146,0.000
314.580,0.000,0.022,0.146,0.000
314.600,0.000,0.037,0.146,0.000
314.620,0.000,0.033,0.146,0.000
314.640,0.000,0.045,0.146,0.000
314.660,0.000,0.037,0.146,0.000
314.680,0.000,0.057,0.146,0.000
314.700,0.000,0.054,0.146,0.000
314.720,0.000,0.070,0.146,0.000
314.740,0.000,0.070,0.146,0.000
314.760,0.000,0.080,0.146,0.000
314.780,0.000,0.078,0.146,0.000
314.800,0.000,0.091,0.146,0.000
314.820,0.000,0.096,0.146,0.000
314.840,0.000,0.105,0.146,0.000
314.860,0.000,0.112,0.146,0.000
314.880,0.000,0.112,0.146,0.000
314.900,0.000,0.119,0.146,0.000
314.920,0.000,0.115,0.146,0.000
314.940,0.000,0.128,0.146,0.000
314.960,0.000,0.117,0.146,0.000
314.980,0.000,0.130,0.146,0.000
315.000,0.000,0.116,0.146,0.000
315.020,0.000,0.130,0.146,0.000
315.040,0.000,0.116,0.146,0.000
315.060,0.000,0.128,0.146,0.000
315.080,0.000,0.116,0.146,0.000
315.100,0.000,0.119,0.146,0.000
315.120,0.000,0.111,0.146,0.000
315.140,0.000,0.110,0.146,0.000
315.160,0.000,0.104,0.146,0.000
315.180,0.000,0.097,0.146,0.000
315.200,0.000,0.091,0.146,0.000
315.220,0.000,0.083,0.146,0.000
315.240,0.000,0.080,0.146,0.000
315.260,0.000,0.067,0.146,0.000
315.280,0.000,0.070,0.146,0.000
315.300,0.000,0.058,0.146,0.000
315.320,0.000,0.058,0.141,0.000
315.340,0.000,0.043,0.141,0.000
315.360,0.000,0.047,0.136,0.000
315.380,0.000,0.029,0.136,0.000
315.400,0.000,0.041,0.136,0.000
315.420,0.000,0.025,0.136,0.000
315.440,0.000,0.028,0.136,0.000
315.460,0.000,0.022,0.136,0.000
315.480,0.000,0.026,0.136,0.000
315.500,0.000,0.021,0.136,0.000
315.520,0.000,0.026,0.136,0.000
315.540,0.000,0.025,0.136,0.000
315.560,0.000,0.025,0.136,0.000
315.580,0.000,0.027,0.136,0.000
315.600,0.000,0.027,0.136,0.000
315.620,0.000,0.034,0.136,0.000
315.640,0.000,0.031,0.136,0.000
315.660,0.000,0.045,0.136,0.000
315.680,0.000,0.044,0.136,0.000
315.700,0.000,0.054,0.136,0.000
315.720,0.000,0.053,0.136,0.000
315.740,0.000,0.064,0.136,0.000
315.760,0.000,0.066,0.136,0.000
315.780,0.000,0.077,0.136,0.000
315.800,0.000,0.083,0.136,0.000
315.820,0.000,0.089,0.136,0.000
315.840,0.000,0.103,0.133,0.000
315.860,0.000,0.101,0.133,0.000
315.880,0.000,0.108,0.131,0.000
315.900,0.000,0.110,0.131,0.000
315.920,0.000,0.117,0.131,0.000
315.940,0.000,0.115,0.131,0.000
315.960,0.000,0.122,0.131,0.000
315.980,0.000,0.120,0.131,0.000
316.000,0.000,0.128,0.131,0.000
316.020,0.000,0.123,0.131,0.000
316.040,0.000,0.131,0.131,0.000
316.060,0.000,0.123,0.131,0.000
316.080,0.000,0.128,0.131,0.000
316.100,0.000,0.120,0.131,0.000
316.120,0.000,0.121,0.131,0.000
316.140,0.000,0.115,0.131,0.000
316.160,0.000,0.114,0.131,0.000
316.180,0.000,0.113,0.131,0.000
316.200,0.000,0.112,0.131,0.000
316.220,0.000,0.102,0.131,0.000
316.240,0.000,0.096,0.131,0.000
316.260,0.000,0.086,0.131,0.000
316.280,0.000,0.080,0.131,0.000
316.300,0.000,0.074,0.131,0.000
316.320,0.000,0.073,0.131,0.000
316.340,0.000,0.063,0.131,0.000
316.360,0.000,0.055,0.131,0.000
316.380,0.000,0.049,0.131,0.000
316.400,0.000,0.041,0.131,0.000
316.420,0.000,0.036,0.131,0.000
316.440,0.000,0.036,0.131,0.000
316.460,0.000,0.036,0.131,0.000
316.480,0.000,0.035,0.131,0.000
316.500,0.000,0.033,0.131,0.000
316.520,0.000,0.032,0.131,0.000
316.540,0.000,0.033,0.131,0.000
316.560,0.000,0.032,0.131,0.000
316.580,0.000,0.033,0.131,0.000
316.600,0.000,0.033,0.131,0.000
316.620,0.000,0.033,0.131,0.000
316.640,0.000,0.033,0.131,0.000
316.660,0.000,0.036,0.131,0.000
316.680,0.000,0.036,0.131,0.000
316.700,0.000,0.037,0.131,0.000
316.720,0.000,0.039,0.131,0.000
316.740,0.000,0.051,0.131,0.000
316.760,0.000,0.054,0.131,0.000
316.780,0.000,0.062,0.131,0.000
316.800,0.000,0.063,0.131,0.000
316.820,0.000,0.075,0.131,0.000
316.840,0.000,0.075,0.131,0.000
316.860,0.000,0.085,0.131,0.000
316.880,0.000,0.089,0.131,0.000
316.900,0.000,0.098,0.131,0.000
316.920,0.000,0.099,0.131,0.000
316.940,0.000,0.106,0.131,0.000
316.960,0.000,0.113,0.131,0.000
316.980,0.000,0.112,0.131,0.000
317.000,0.000,0.114,0.131,0.000
317.020,0.000,0.114,0.131,0.000
317.040,0.000,0.119,0.131,0.000
317.060,0.000,0.113,0.131,0.000
317.080,0.000,0.118,0.131,0.000
317.100,0.000,0.114,0.131,0.000
317.120,0.000,0.116,0.131,0.000
317.140,0.000,0.114,0.131,0.000
317.160,0.000,0.114,0.131,0.000
317.180,0.000,0.114,0.131,0.000
317.200,0.000,0.110,0.131,0.000
317.220,0.000,0.107,0.131,0.000
317.240,0.000,0.097,0.131,0.000
317.260,0.000,0.096,0.131,0.000
317.280,0.000,0.085,0.131,0.000
317.300,0.000,0.087,0.131,0.000
317.320,0.000,0.074,0.131,0.000
317.340,0.000,0.074,0.131,0.000
317.360,0.000,0.062,0.131,0.000
317.380,0.000,0.064,0.131,0.000
317.400,0.000,0.056,0.131,0.000
317.420,0.000,0.054,0.131,0.000
317.440,0.000,0.037,0.126,0.000
317.460,0.000,0.041,0.126,0.000
317.480,0.000,0.034,0.126,0.000
317.500,0.000,0.035,0.126,0.000
317.520,0.000,0.027,0.126,0.000
317.540,0.000,0.029,0.126,0.000
317.560,0.000,0.023,0.126,0.000
317.580,0.000,0.025,0.126,0.000
317.600,0.000,0.021,0.126,0.000
317.620,0.000,0.027,0.126,0.000
317.640,0.000,0.025,0.126,0.000
317.660,0.000,0.029,0.126,0.000
317.680,0.000,0.030,0.126,0.000
317.700,0.000,0.034,0.126,0.000
317.720,0.000,0.038,0.126,0.000
317.740,0.000,0.043,0.126,0.000
317.760,0.000,0.046,0.126,0.000
317.780,0.000,0.051,0.126,0.000
317.800,0.000,0.054,0.126,0.000
317.820,0.000,0.064,0.126,0.000
317.840,0.000,0.066,0.126,0.000
317.860,0.000,0.074,0.126,0.000
317.880,0.000,0.082,0.126,0.000
317.900,0.000,0.084,0.126,0.000
317.920,0.000,0.087,0.124,0.000
317.940,0.000,0.099,0.124,0.000
317.960,0.000,0.103,0.124,0.000
317.980,0.000,0.104,0.124,0.000
318.000,0.000,0.107,0.124,0.000
318.020,0.000,0.113,0.124,0.000
318.040,0.000,0.119,0.124,0.000
318.060,0.000,0.119,0.124,0.000
318.080,0.000,0.120,0.124,0.000
318.100,0.000,0.122,0.124,0.000
318.120,0.000,0.123,0.124,0.000
318.140,0.000,0.123,0.124,0.000
318.160,0.000,0.121,0.124,0.000
318.180,0.000,0.120,0.124,0.000
318.200,0.000,0.119,0.124,0.000
318.220,0.000,0.112,0.124,0.000
318.240,0.000,0.110,0.124,0.000
318.260,0.000,0.107,0.124,0.000
318.280,0.000,0.104,0.124,0.000
318.300,0.000,0.103,0.124,0.000
318.320,0.000,0.094,0.124,0.000
318.340,0.000,0.087,0.124,0.000
318.360,0.000,0.076,0.124,0.000
318.380,0.000,0.077,0.124,0.000
318.400,0.000,0.070,0.124,0.000
318.420,0.000,0.065,0.124,0.000
318.440,0.000,0.062,0.124,0.000
318.460,0.000,0.054,0.124,0.000
318.480,0.000,0.045,0.124,0.000
318.500,0.000,0.045,0.124,0.000
318.520,0.000,0.039,0.124,0.000
318.540,0.000,0.038,0.124,0.000
318.560,0.000,0.037,0.124,0.000
318.580,0.000,0.035,0.124,0.000
318.600,0.000,0.034,0.124,0.000
318.620,0.000,0.036,0.124,0.000
318.640,0.000,0.034,0.124,0.000
318.660,0.000,0.034,0.124,0.000
318.680,0.000,0.036,0.124,0.000
318.700,0.000,0.036,0.124,0.000
318.720,0.000,0.036,0.124,0.000
318.740,0.000,0.036,0.124,0.000
318.760,0.000,0.037,0.124,0.000
318.780,0.000,0.043,0.124,0.000
318.800,0.000,0.054,0.124,0.000
318.820,0.000,0.054,0.124,0.000
318.840,0.000,0.060,0.124,0.000
318.860,0.000,0.069,0.124,0.000
318.880,0.000,0.073,0.124,0.000
318.900,0.000,0.074,0.124,0.000
318.920,0.000,0.079,0.124,0.000
318.940,0.000,0.084,0.124,0.000
318.960,0.000,0.093,0.124,0.000
318.980,0.000,0.096,0.120,0.000
319.000,0.000,0.106,0.120,0.000
319.020,0.000,0.112,0.118,0.000
319.040,0.000,0.112,0.118,0.000
319.060,0.000,0.113,0.118,0.000
319.080,0.000,0.113,0.118,0.000
319.100,0.000,0.113,0.118,0.000
319.120,0.000,0.113,0.118,0.000
319.140,0.000,0.115,0.118,0.000
319.160,0.000,0.114,0.118,0.000
319.180,0.000,0.113,0.118,0.000
319.200,0.000,0.113,0.118,0.000
319.220,0.000,0.113,0.118,0.000
319.240,0.000,0.113,0.118,0.000
319.260,0.000,0.113,0.118,0.000
319.280,0.000,0.108,0.118,0.000
319.300,0.000,0.103,0.118,0.000
319.320,0.000,0.095,0.118,0.000
319.340,0.000,0.092,0.118,0.000
319.360,0.000,0.086,0.118,0.000
319.380,0.000,0.079,0.118,0.000
319.400,0.000,0.075,0.118,0.000
319.420,0.000,0.071,0.118,0.000
319.440,0.000,0.070,0.118,0.000
319.460,0.000,0.059,0.116,0.000
319.480,0.000,0.056,0.116,0.000
319.500,0.000,0.049,0.116,0.000
319.520,0.000,0.045,0.116,0.000
319.540,0.000,0.037,0.110,0.000
319.560,0.000,0.037,0.110,0.000
319.580,0.000,0.036,0.110,0.000
319.600,0.000,0.036,0.110,0.000
319.620,0.000,0.033,0.110,0.000
319.640,0.000,0.035,0.110,0.000
319.660,0.000,0.028,0.110,0.000
319.680,0.000,0.036,0.110,0.000
319.700,0.000,0.032,0.110,0.000
319.720,0.000,0.034,0.110,0.000
319.740,0.000,0.036,0.110,0.000
319.760,0.000,0.036,0.110,0.000
319.780,0.000,0.037,0.110,0.000
319.800,0.000,0.037,0.110,0.000
319.820,0.000,0.039,0.110,0.000
319.840,0.000,0.044,0.110,0.000
319.860,0.000,0.054,0.110,0.000
319.880,0.000,0.055,0.110,0.000
319.900,0.000,0.066,0.110,0.000
319.920,0.000,0.064,0.110,0.000
319.940,0.000,0.074,0.110,0.000
319.960,0.000,0.074,0.110,0.000
319.980,0.000,0.089,0.110,0.000
320.000,0.000,0.086,0.110,0.000
320.020,0.000,0.094,0.110,0.000
320.040,0.000,0.095,0.110,0.000
320.060,0.000,0.103,0.110,0.000
320.080,0.000,0.100,0.110,0.000
320.100,0.000,0.110,0.110,0.000
320.120,0.000,0.112,0.110,0.000
320.140,0.000,0.113,0.110,0.000
320.160,0.000,0.112,0.110,0.000
320.180,0.000,0.115,0.110,0.000
320.200,0.000,0.115,0.110,0.000
320.220,0.000,0.112,0.110,0.000
320.240,0.000,0.116,0.110,0.000
320.260,0.000,0.109,0.110,0.000
320.280,0.000,0.111,0.110,0.000
320.300,0.000,0.105,0.110,0.000
320.320,0.000,0.105,0.110,0.000
320.340,0.000,0.101,0.110,0.000
320.360,0.000,0.102,0.110,0.000
320.380,0.000,0.091,0.110,0.000
320.400,0.000,0.088,0.110,0.000
320.420,0.000,0.083,0.110,0.000
320.440,0.000,0.082,0.110,0.000
320.460,0.000,0.071,0.110,0.000
320.480,0.000,0.067,0.110,0.000
320.500,0.000,0.066,0.110,0.000
320.520,0.000,0.063,0.110,0.000
320.540,0.000,0.056,0.110,0.000
320.560,0.000,0.047,0.110,0.000
320.580,0.000,0.044,0.110,0.000
320.600,0.000,0.043,0.110,0.000
320.620,0.000,0.041,0.110,0.000
320.640,0.000,0.039,0.110,0.000
320.660,0.000,0.036,0.110,0.000
320.680,0.000,0.037,0.110,0.000
320.700,0.000,0.036,0.110,0.000
320.720,0.000,0.033,0.110,0.000
320.740,0.000,0.036,0.110,0.000
320.760,0.000,0.034,0.110,0.000
320.780,0.000,0.036,0.110,0.000
320.800,0.000,0.038,0.110,0.000
320.820,0.000,0.041,0.110,0.000
320.840,0.000,0.045,0.110,0.000
320.860,0.000,0.047,0.110,0.000
320.880,0.000,0.049,0.110,0.000
320.900,0.000,0.061,0.110,0.000
320.920,0.000,0.062,0.110,0.000
320.940,0.000,0.070,0.110,0.000
320.960,0.000,0.073,0.110,0.000
320.980,0.000,0.077,0.110,0.000
321.000,0.000,0.081,0.110,0.000
321.020,0.000,0.089,0.110,0.000
321.040,0.000,0.089,0.106,0.000
321.060,0.000,0.099,0.106,0.000
321.080,0.000,0.103,0.102,0.000
321.100,0.000,0.108,0.102,0.000
321.120,0.000,0.110,0.102,0.000
321.140,0.000,0.112,0.102,0.000
321.160,0.000,0.113,0.102,0.000
321.180,0.000,0.113,0.102,0.000
321.200,0.000,0.116,0.102,0.000
321.220,0.000,0.114,0.102,0.000
321.240,0.000,0.115,0.102,0.000
321.260,0.000,0.113,0.102,0.000
321.280,0.000,0.113,0.102,0.000
321.300,0.000,0.113,0.102,0.000
321.320,0.000,0.113,0.102,0.000
321.340,0.000,0.113,0.102,0.000
321.360,0.000,0.112,0.102,0.000
321.380,0.000,0.108,0.102,0.000
321.400,0.000,0.097,0.102,0.000
321.420,0.000,0.095,0.102,0.000
321.440,0.000,0.087,0.102,0.000
321.460,0.000,0.087,0.102,0.000
321.480,0.000,0.075,0.102,0.000
321.500,0.000,0.074,0.102,0.000
321.520,0.000,0.068,0.102,0.000
321.540,0.000,0.069,0.102,0.000
321.560,0.000,0.057,0.102,0.000
321.580,0.000,0.058,0.102,0.000
321.600,0.000,0.044,0.102,0.000
321.620,0.000,0.046,0.102,0.000
321.640,0.000,0.037,0.102,0.000
321.660,0.000,0.036,0.102,0.000
321.680,0.000,0.036,0.102,0.000
321.700,0.000,0.036,0.102,0.000
321.720,0.000,0.036,0.102,0.000
321.740,0.000,0.036,0.102,0.000
321.760,0.000,0.036,0.102,0.000
321.780,0.000,0.036,0.102,0.000
321.800,0.000,0.036,0.102,0.000
321.820,0.000,0.036,0.102,0.000
321.840,0.000,0.036,0.102,0.000
321.860,0.000,0.037,0.102,0.000
321.880,0.000,0.037,0.102,0.000
321.900,0.000,0.043,0.102,0.000
321.920,0.000,0.048,0.102,0.000
321.940,0.000,0.054,0.102,0.000
321.960,0.000,0.058,0.102,0.000
321.980,0.000,0.063,0.102,0.000
322.000,0.000,0.071,0.102,0.000
322.020,0.000,0.074,0.102,0.000
322.040,0.000,0.075,0.102,0.000
322.060,0.000,0.081,0.102,0.000
322.080,0.000,0.084,0.102,0.000
322.100,0.000,0.089,0.102,0.000
322.120,0.000,0.094,0.102,0.000
322.140,0.000,0.098,0.102,0.000
322.160,0.000,0.101,0.102,0.000
322.180,0.000,0.106,0.102,0.000
322.200,0.000,0.110,0.102,0.000
322.220,0.000,0.112,0.102,0.000
322.240,0.000,0.112,0.102,0.000
322.260,0.000,0.113,0.102,0.000
322.280,0.000,0.112,0.102,0.000
322.300,0.000,0.112,0.102,0.000
322.320,0.000,0.111,0.102,0.000
322.340,0.000,0.111,0.102,0.000
322.360,0.000,0.108,0.102,0.000
322.380,0.000,0.103,0.102,0.000
322.400,0.000,0.104,0.102,0.000
322.420,0.000,0.094,0.102,0.000
322.440,0.000,0.094,0.102,0.000
322.460,0.000,0.087,0.102,0.000
322.480,0.000,0.087,0.102,0.000
322.500,0.000,0.076,0.102,0.000
322.520,0.000,0.076,0.102,0.000
322.540,0.000,0.071,0.102,0.000
322.560,0.000,0.066,0.102,0.000
322.580,0.000,0.058,0.102,0.000
322.600,0.000,0.059,0.098,0.000
322.620,0.000,0.055,0.098,0.000
322.640,0.000,0.052,0.095,0.000
322.660,0.000,0.048,0.095,0.000
322.680,0.000,0.043,0.095,0.000
322.700,0.000,0.041,0.095,0.000
322.720,0.000,0.037,0.095,0.000
322.740,0.000,0.041,0.095,0.000
322.760,0.000,0.031,0.095,0.000
322.780,0.000,0.039,0.095,0.000
322.800,0.000,0.029,0.095,0.000
322.820,0.000,0.044,0.095,0.000
322.840,0.000,0.029,0.095,0.000
322.860,0.000,0.044,0.095,0.000
322.880,0.000,0.033,0.095,0.000
322.900,0.000,0.046,0.095,0.000
322.920,0.000,0.042,0.095,0.000
322.940,0.000,0.054,0.095,0.000
322.960,0.000,0.049,0.095,0.000
322.980,0.000,0.062,0.095,0.000
323.000,0.000,0.059,0.095,0.000
323.020,0.000,0.070,0.095,0.000
323.040,0.000,0.066,0.095,0.000
323.060,0.000,0.073,0.095,0.000
323.080,0.000,0.082,0.095,0.000
323.100,0.000,0.083,0.095,0.000
323.120,0.000,0.092,0.095,0.000
323.140,0.000,0.088,0.093,0.000
323.160,0.000,0.103,0.092,0.000
323.180,0.000,0.100,0.091,0.000
323.200,0.000,0.105,0.089,0.000
323.220,0.000,0.105,0.089,0.000
323.240,0.000,0.114,0.089,0.000
323.260,0.000,0.108,0.089,0.000
323.280,0.000,0.116,0.089,0.000
323.300,0.000,0.110,0.089,0.000
323.320,0.000,0.116,0.089,0.000
323.340,0.000,0.112,0.089,0.000
323.360,0.000,0.115,0.089,0.000
323.380,0.000,0.112,0.089,0.000
323.400,0.000,0.108,0.089,0.000
323.420,0.000,0.109,0.089,0.000
323.440,0.000,0.106,0.089,0.000
323.460,0.000,0.104,0.089,0.000
323.480,0.000,0.101,0.089,0.000
323.500,0.000,0.094,0.089,0.000
323.520,0.000,0.088,0.089,0.000
323.540,0.000,0.084,0.089,0.000
323.560,0.000,0.076,0.089,0.000
323.580,0.000,0.074,0.089,0.000
323.600,0.000,0.070,0.089,0.000
323.620,0.000,0.071,0.089,0.000
323.640,0.000,0.062,0.089,0.000
323.660,0.000,0.059,0.089,0.000
323.680,0.000,0.053,0.089,0.000
323.700,0.000,0.048,0.089,0.000
323.720,0.000,0.045,0.089,0.000
323.740,0.000,0.041,0.089,0.000
323.760,0.000,0.042,0.089,0.000
323.780,0.000,0.038,0.089,0.000
323.800,0.000,0.038,0.089,0.000
323.820,0.000,0.037,0.089,0.000
323.840,0.000,0.038,0.089,0.000
323.860,0.000,0.036,0.089,0.000
323.880,0.000,0.039,0.089,0.000
323.900,0.000,0.037,0.089,0.000
323.920,0.000,0.043,0.089,0.000
323.940,0.000,0.040,0.089,0.000
323.960,0.000,0.048,0.089,0.000
323.980,0.000,0.051,0.089,0.000
324.000,0.000,0.056,0.089,0.000
324.020,0.000,0.060,0.089,0.000
324.040,0.000,0.061,0.089,0.000
324.060,0.000,0.071,0.089,0.000
324.080,0.000,0.068,0.089,0.000
324.100,0.000,0.079,0.089,0.000
324.120,0.000,0.076,0.089,0.000
324.140,0.000,0.090,0.089,0.000
324.160,0.000,0.081,0.089,0.000
324.180,0.000,0.095,0.089,0.000
324.200,0.000,0.091,0.089,0.000
324.220,0.000,0.104,0.089,0.000
324.240,0.000,0.098,0.089,0.000
324.260,0.000,0.112,0.089,0.000
324.280,0.000,0.103,0.089,0.000
324.300,0.000,0.112,0.089,0.000
324.320,0.000,0.109,0.089,0.000
324.340,0.000,0.111,0.089,0.000
324.360,0.000,0.112,0.089,0.000
324.380,0.000,0.111,0.089,0.000
324.400,0.000,0.111,0.089,0.000
324.420,0.000,0.105,0.089,0.000
324.440,0.000,0.108,0.089,0.000
324.460,0.000,0.098,0.089,0.000
324.480,0.000,0.101,0.089,0.000
324.500,0.000,0.094,0.089,0.000
324.520,0.000,0.093,0.089,0.000
324.540,0.000,0.084,0.089,0.000
324.560,0.000,0.086,0.089,0.000
324.580,0.000,0.075,0.089,0.000
324.600,0.000,0.074,0.089,0.000
324.620,0.000,0.071,0.089,0.000
324.640,0.000,0.071,0.089,0.000
324.660,0.000,0.059,0.088,0.000
324.680,0.000,0.058,0.088,0.000
324.700,0.000,0.054,0.088,0.000
324.720,0.000,0.053,0.088,0.000
324.740,0.000,0.045,0.088,0.000
324.760,0.000,0.045,0.088,0.000
324.780,0.000,0.038,0.088,0.000
324.800,0.000,0.041,0.088,0.000
324.820,0.000,0.037,0.088,0.000
324.840,0.000,0.037,0.088,0.000
324.860,0.000,0.037,0.088,0.000
324.880,0.000,0.037,0.088,0.000
324.900,0.000,0.037,0.088,0.000
324.920,0.000,0.037,0.088,0.000
324.940,0.000,0.042,0.088,0.000
324.960,0.000,0.037,0.088,0.000
324.980,0.000,0.044,0.088,0.000
325.000,0.000,0.044,0.088,0.000
325.020,0.000,0.055,0.088,0.000
325.040,0.000,0.054,0.088,0.000
325.060,0.000,0.058,0.088,0.000
325.080,0.000,0.057,0.088,0.000
325.100,0.000,0.066,0.088,0.000
325.120,0.000,0.066,0.088,0.000
325.140,0.000,0.073,0.088,0.000
325.160,0.000,0.076,0.088,0.000
325.180,0.000,0.080,0.088,0.000
325.200,0.000,0.085,0.088,0.000
325.220,0.000,0.087,0.088,0.000
325.240,0.000,0.093,0.088,0.000
325.260,0.000,0.095,0.088,0.000
325.280,0.000,0.099,0.088,0.000
325.300,0.000,0.100,0.088,0.000
325.320,0.000,0.104,0.088,0.000
325.340,0.000,0.102,0.088,0.000
325.360,0.000,0.107,0.088,0.000
325.380,0.000,0.102,0.088,0.000
325.400,0.000,0.107,0.088,0.000
325.420,0.000,0.103,0.088,0.000
325.440,0.000,0.106,0.088,0.000
325.460,0.000,0.103,0.088,0.000
325.480,0.000,0.103,0.088,0.000
325.500,0.000,0.102,0.088,0.000
325.520,0.000,0.103,0.088,0.000
325.540,0.000,0.097,0.088,0.000
325.560,0.000,0.093,0.088,0.000
325.580,0.000,0.087,0.088,0.000
325.600,0.000,0.084,0.088,0.000
325.620,0.000,0.083,0.088,0.000
325.640,0.000,0.080,0.088,0.000
325.660,0.000,0.075,0.088,0.000
325.680,0.000,0.070,0.088,0.000
325.700,0.000,0.067,0.088,0.000
325.720,0.000,0.064,0.088,0.000
325.740,0.000,0.061,0.088,0.000
325.760,0.000,0.055,0.088,0.000
325.780,0.000,0.054,0.088,0.000
325.800,0.000,0.048,0.088,0.000
325.820,0.000,0.047,0.088,0.000
325.840,0.000,0.045,0.088,0.000
325.860,0.000,0.042,0.088,0.000
325.880,0.000,0.042,0.088,0.000
325.900,0.000,0.041,0.088,0.000
325.920,0.000,0.044,0.088,0.000
325.940,0.000,0.042,0.088,0.000
325.960,0.000,0.045,0.088,0.000
325.980,0.000,0.044,0.088,0.000
326.000,0.000,0.047,0.088,0.000
326.020,0.000,0.047,0.088,0.000
326.040,0.000,0.050,0.088,0.000
326.060,0.000,0.054,0.088,0.000
326.080,0.000,0.062,0.088,0.000
326.100,0.000,0.062,0.088,0.000
326.120,0.000,0.070,0.088,0.000
326.140,0.000,0.066,0.088,0.000
326.160,0.000,0.074,0.088,0.000
326.180,0.000,0.074,0.088,0.000
326.200,0.000,0.079,0.088,0.000
326.220,0.000,0.083,0.088,0.000
326.240,0.000,0.088,0.088,0.000
326.260,0.000,0.093,0.088,0.000
326.280,0.000,0.096,0.088,0.000
326.300,0.000,0.100,0.088,0.000
326.320,0.000,0.104,0.088,0.000
326.340,0.000,0.110,0.088,0.000
326.360,0.000,0.108,0.088,0.000
326.380,0.000,0.112,0.088,0.000
326.400,0.000,0.111,0.088,0.000
326.420,0.000,0.113,0.088,0.000
326.440,0.000,0.112,0.088,0.000
326.460,0.000,0.113,0.088,0.000
326.480,0.000,0.112,0.088,0.000
326.500,0.000,0.112,0.088,0.000
326.520,0.000,0.105,0.088,0.000
326.540,0.000,0.105,0.088,0.000
326.560,0.000,0.097,0.088,0.000
326.580,0.000,0.096,0.088,0.000
326.600,0.000,0.091,0.088,0.000
326.620,0.000,0.091,0.088,0.000
326.640,0.000,0.088,0.088,0.000
326.660,0.000,0.082,0.088,0.000
326.680,0.000,0.077,0.088,0.000
326.700,0.000,0.074,0.088,0.000
326.720,0.000,0.072,0.088,0.000
326.740,0.000,0.063,0.088,0.000
326.760,0.000,0.064,0.088,0.000
326.780,0.000,0.054,0.088,0.000
326.800,0.000,0.056,0.088,0.000
326.820,0.000,0.046,0.088,0.000
326.840,0.000,0.053,0.088,0.000
326.860,0.000,0.044,0.088,0.000
326.880,0.000,0.042,0.088,0.000
326.900,0.000,0.039,0.088,0.000
326.920,0.000,0.041,0.088,0.000
326.940,0.000,0.037,0.088,0.000
326.960,0.000,0.037,0.088,0.000
326.980,0.000,0.037,0.088,0.000
327.000,0.000,0.037,0.088,0.000
327.020,0.000,0.041,0.088,0.000
327.040,0.000,0.042,0.088,0.000
327.060,0.000,0.047,0.088,0.000
327.080,0.000,0.044,0.088,0.000
327.100,0.000,0.053,0.088,0.000
327.120,0.000,0.049,0.088,0.000
327.140,0.000,0.058,0.088,0.000
327.160,0.000,0.058,0.088,0.000
327.180,0.000,0.070,0.088,0.000
327.200,0.000,0.068,0.088,0.000
327.220,0.000,0.074,0.088,0.000
327.240,0.000,0.074,0.088,0.000
327.260,0.000,0.079,0.088,0.000
327.280,0.000,0.077,0.088,0.000
327.300,0.000,0.087,0.088,0.000
327.320,0.000,0.090,0.088,0.000
327.340,0.000,0.094,0.088,0.000
327.360,0.000,0.095,0.088,0.000
327.380,0.000,0.095,0.088,0.000
327.400,0.000,0.099,0.088,0.000
327.420,0.000,0.098,0.088,0.000
327.440,0.000,0.111,0.088,0.000
327.460,0.000,0.099,0.088,0.000
327.480,0.000,0.110,0.088,0.000
327.500,0.000,0.096,0.088,0.000
327.520,0.000,0.107,0.088,0.000
327.540,0.000,0.096,0.088,0.000
327.560,0.000,0.103,0.088,0.000
327.580,0.000,0.095,0.088,0.000
327.600,0.000,0.095,0.088,0.000
327.620,0.000,0.091,0.088,0.000
327.640,0.000,0.092,0.088,0.000
327.660,0.000,0.083,0.088,0.000
327.680,0.000,0.080,0.088,0.000
327.700,0.000,0.076,0.088,0.000
327.720,0.000,0.076,0.088,0.000
327.740,0.000,0.070,0.088,0.000
327.760,0.000,0.069,0.088,0.000
327.780,0.000,0.064,0.088,0.000
327.800,0.000,0.058,0.088,0.000
327.820,0.000,0.058,0.088,0.000
327.840,0.000,0.055,0.084,0.000
327.860,0.000,0.054,0.084,0.000
327.880,0.000,0.049,0.081,0.000
327.900,0.000,0.051,0.081,0.000
327.920,0.000,0.045,0.081,0.000
327.940,0.000,0.048,0.081,0.000
327.960,0.000,0.044,0.081,0.000
327.980,0.000,0.045,0.081,0.000
328.000,0.000,0.045,0.081,0.000
328.020,0.000,0.045,0.081,0.000
328.040,0.000,0.045,0.081,0.000
328.060,0.000,0.044,0.081,0.000
328.080,0.000,0.051,0.081,0.000
328.100,0.000,0.047,0.081,0.000
328.120,0.000,0.058,0.081,0.000
328.140,0.000,0.053,0.081,0.000
328.160,0.000,0.064,0.081,0.000
328.180,0.000,0.059,0.081,0.000
328.200,0.000,0.068,0.081,0.000
328.220,0.000,0.067,0.081,0.000
328.240,0.000,0.077,0.081,0.000
328.260,0.000,0.074,0.081,0.000
328.280,0.000,0.081,0.081,0.000
328.300,0.000,0.082,0.081,0.000
328.320,0.000,0.087,0.079,0.000
328.340,0.000,0.090,0.079,0.000
328.360,0.000,0.091,0.077,0.000
328.380,0.000,0.103,0.077,0.000
328.400,0.000,0.100,0.077,0.000
328.420,0.000,0.107,0.077,0.000
328.440,0.000,0.103,0.077,0.000
328.460,0.000,0.109,0.077,0.000
328.480,0.000,0.104,0.077,0.000
328.500,0.000,0.112,0.077,0.000
328.520,0.000,0.103,0.077,0.000
328.540,0.000,0.113,0.077,0.000
328.560,0.000,0.101,0.077,0.000
328.580,0.000,0.112,0.077,0.000
328.600,0.000,0.095,0.077,0.000
328.620,0.000,0.111,0.077,0.000
328.640,0.000,0.097,0.077,0.000
328.660,0.000,0.102,0.077,0.000
328.680,0.000,0.092,0.077,0.000
328.700,0.000,0.091,0.077,0.000
328.720,0.000,0.087,0.077,0.000
328.740,0.000,0.080,0.077,0.000
328.760,0.000,0.076,0.077,0.000
328.780,0.000,0.074,0.077,0.000
328.800,0.000,0.074,0.077,0.000
328.820,0.000,0.072,0.077,0.000
328.840,0.000,0.067,0.077,0.000
328.860,0.000,0.063,0.077,0.000
328.880,0.000,0.058,0.077,0.000
328.900,0.000,0.056,0.077,0.000
328.920,0.000,0.052,0.077,0.000
328.940,0.000,0.054,0.077,0.000
328.960,0.000,0.047,0.077,0.000
328.980,0.000,0.049,0.077,0.000
329.000,0.000,0.043,0.077,0.000
329.020,0.000,0.047,0.077,0.000
329.040,0.000,0.041,0.077,0.000
329.060,0.000,0.049,0.077,0.000
329.080,0.000,0.039,0.077,0.000
329.100,0.000,0.052,0.077,0.000
329.120,0.000,0.042,0.077,0.000
329.140,0.000,0.054,0.077,0.000
329.160,0.000,0.051,0.077,0.000
329.180,0.000,0.058,0.077,0.000
329.200,0.000,0.056,0.077,0.000
329.220,0.000,0.061,0.077,0.000
329.240,0.000,0.066,0.077,0.000
329.260,0.000,0.068,0.077,0.000
329.280,0.000,0.074,0.077,0.000
329.300,0.000,0.074,0.077,0.000
329.320,0.000,0.075,0.077,0.000
329.340,0.000,0.075,0.077,0.000
329.360,0.000,0.087,0.077,0.000
329.380,0.000,0.080,0.077,0.000
329.400,0.000,0.093,0.077,0.000
329.420,0.000,0.088,0.077,0.000
329.440,0.000,0.097,0.077,0.000
329.460,0.000,0.094,0.077,0.000
329.480,0.000,0.102,0.077,0.000
329.500,0.000,0.091,0.077,0.000
329.520,0.000,0.107,0.077,0.000
329.540,0.000,0.095,0.077,0.000
329.560,0.000,0.108,0.077,0.000
329.580,0.000,0.096,0.077,0.000
329.600,0.000,0.104,0.077,0.000
329.620,0.000,0.094,0.077,0.000
329.640,0.000,0.098,0.077,0.000
329.660,0.000,0.091,0.077,0.000
329.680,0.000,0.094,0.077,0.000
329.700,0.000,0.087,0.077,0.000
329.720,0.000,0.089,0.077,0.000
329.740,0.000,0.078,0.077,0.000
329.760,0.000,0.077,0.077,0.000
329.780,0.000,0.076,0.077,0.000
329.800,0.000,0.074,0.077,0.000
329.820,0.000,0.074,0.077,0.000
329.840,0.000,0.070,0.077,0.000
329.860,0.000,0.065,0.077,0.000
329.880,0.000,0.058,0.077,0.000
329.900,0.000,0.057,0.077,0.000
329.920,0.000,0.055,0.077,0.000
329.940,0.000,0.053,0.077,0.000
329.960,0.000,0.049,0.076,0.000
329.980,0.000,0.049,0.076,0.000
330.000,0.000,0.046,0.076,0.000
330.020,0.000,0.045,0.076,0.000
330.040,0.000,0.042,0.076,0.000
330.060,0.000,0.048,0.076,0.000
330.080,0.000,0.041,0.076,0.000
330.100,0.000,0.046,0.076,0.000
330.120,0.000,0.045,0.076,0.000
330.140,0.000,0.049,0.076,0.000
330.160,0.000,0.049,0.076,0.000
330.180,0.000,0.055,0.076,0.000
330.200,0.000,0.052,0.076,0.000
330.220,0.000,0.056,0.076,0.000
330.240,0.000,0.055,0.076,0.000
330.260,0.000,0.061,0.076,0.000
330.280,0.000,0.058,0.076,0.000
330.300,0.000,0.069,0.076,0.000
330.320,0.000,0.071,0.076,0.000
330.340,0.000,0.074,0.076,0.000
330.360,0.000,0.077,0.076,0.000
330.380,0.000,0.080,0.076,0.000
330.400,0.000,0.084,0.076,0.000
330.420,0.000,0.084,0.076,0.000
330.440,0.000,0.088,0.076,0.000
330.460,0.000,0.087,0.076,0.000
330.480,0.000,0.099,0.076,0.000
330.500,0.000,0.092,0.076,0.000
330.520,0.000,0.103,0.076,0.000
330.540,0.000,0.095,0.076,0.000
330.560,0.000,0.105,0.076,0.000
330.580,0.000,0.095,0.076,0.000
330.600,0.000,0.105,0.076,0.000
330.620,0.000,0.096,0.076,0.000
330.640,0.000,0.104,0.076,0.000
330.660,0.000,0.093,0.076,0.000
330.680,0.000,0.104,0.076,0.000
330.700,0.000,0.091,0.076,0.000
330.720,0.000,0.100,0.076,0.000
330.740,0.000,0.092,0.076,0.000
330.760,0.000,0.092,0.076,0.000
330.780,0.000,0.087,0.076,0.000
330.800,0.000,0.083,0.076,0.000
330.820,0.000,0.080,0.076,0.000
330.840,0.000,0.080,0.076,0.000
330.860,0.000,0.074,0.076,0.000
330.880,0.000,0.071,0.076,0.000
330.900,0.000,0.071,0.076,0.000
330.920,0.000,0.066,0.076,0.000
330.940,0.000,0.067,0.076,0.000
330.960,0.000,0.062,0.076,0.000
330.980,0.000,0.060,0.076,0.000
331.000,0.000,0.050,0.076,0.000
331.020,0.000,0.056,0.076,0.000
331.040,0.000,0.047,0.076,0.000
331.060,0.000,0.054,0.076,0.000
331.080,0.000,0.047,0.076,0.000
331.100,0.000,0.052,0.076,0.000
331.120,0.000,0.043,0.076,0.000
331.140,0.000,0.053,0.076,0.000
331.160,0.000,0.046,0.076,0.000
331.180,0.000,0.055,0.076,0.000
331.200,0.000,0.049,0.076,0.000
331.220,0.000,0.054,0.076,0.000
331.240,0.000,0.056,0.076,0.000
331.260,0.000,0.062,0.076,0.000
331.280,0.000,0.066,0.076,0.000
331.300,0.000,0.066,0.076,0.000
331.320,0.000,0.070,0.076,0.000
331.340,0.000,0.070,0.076,0.000
331.360,0.000,0.075,0.076,0.000
331.380,0.000,0.075,0.076,0.000
331.400,0.000,0.080,0.076,0.000
331.420,0.000,0.079,0.076,0.000
331.440,0.000,0.088,0.076,0.000
331.460,0.000,0.081,0.076,0.000
331.480,0.000,0.097,0.076,0.000
331.500,0.000,0.087,0.076,0.000
331.520,0.000,0.101,0.076,0.000
331.540,0.000,0.092,0.076,0.000
331.560,0.000,0.111,0.076,0.000
331.580,0.000,0.094,0.076,0.000
331.600,0.000,0.112,0.076,0.000
331.620,0.000,0.095,0.076,0.000
331.640,0.000,0.112,0.076,0.000
331.660,0.000,0.096,0.076,0.000
331.680,0.000,0.109,0.076,0.000
331.700,0.000,0.095,0.076,0.000
331.720,0.000,0.103,0.076,0.000
331.740,0.000,0.091,0.076,0.000
331.760,0.000,0.095,0.076,0.000
331.780,0.000,0.089,0.076,0.000
331.800,0.000,0.093,0.076,0.000
331.820,0.000,0.082,0.076,0.000
331.840,0.000,0.078,0.076,0.000
331.860,0.000,0.075,0.076,0.000
331.880,0.000,0.074,0.076,0.000
331.900,0.000,0.074,0.076,0.000
331.920,0.000,0.074,0.076,0.000
331.940,0.000,0.071,0.076,0.000
331.960,0.000,0.059,0.076,0.000
331.980,0.000,0.061,0.076,0.000
332.000,0.000,0.057,0.074,0.000
332.020,0.000,0.055,0.074,0.000
332.040,0.000,0.049,0.074,0.000
332.060,0.000,0.053,0.074,0.000
332.080,0.000,0.044,0.074,0.000
332.100,0.000,0.052,0.074,0.000
332.120,0.000,0.041,0.074,0.000
332.140,0.000,0.045,0.074,0.000
332.160,0.000,0.044,0.074,0.000
332.180,0.000,0.041,0.074,0.000
332.200,0.000,0.051,0.074,0.000
332.220,0.000,0.040,0.074,0.000
332.240,0.000,0.055,0.074,0.000
332.260,0.000,0.040,0.074,0.000
332.280,0.000,0.058,0.074,0.000
332.300,0.000,0.049,0.074,0.000
332.320,0.000,0.070,0.074,0.000
332.340,0.000,0.054,0.074,0.000
332.360,0.000,0.070,0.074,0.000
332.380,0.000,0.058,0.074,0.000
332.400,0.000,0.075,0.074,0.000
332.420,0.000,0.062,0.074,0.000
332.440,0.000,0.082,0.074,0.000
332.460,0.000,0.071,0.074,0.000
332.480,0.000,0.087,0.074,0.000
332.500,0.000,0.081,0.074,0.000
332.520,0.000,0.087,0.074,0.000
332.540,0.000,0.087,0.074,0.000
332.560,0.000,0.091,0.074,0.000
332.580,0.000,0.095,0.074,0.000
332.600,0.000,0.092,0.074,0.000
332.620,0.000,0.098,0.074,0.000
332.640,0.000,0.093,0.074,0.000
332.660,0.000,0.100,0.074,0.000
332.680,0.000,0.092,0.074,0.000
332.700,0.000,0.097,0.074,0.000
332.720,0.000,0.093,0.074,0.000
332.740,0.000,0.099,0.074,0.000
332.760,0.000,0.086,0.074,0.000
332.780,0.000,0.096,0.074,0.000
332.800,0.000,0.087,0.074,0.000
332.820,0.000,0.090,0.074,0.000
332.840,0.000,0.084,0.074,0.000
332.860,0.000,0.086,0.074,0.000
332.880,0.000,0.080,0.074,0.000
332.900,0.000,0.079,0.074,0.000
332.920,0.000,0.075,0.074,0.000
332.940,0.000,0.070,0.074,0.000
332.960,0.000,0.069,0.074,0.000
332.980,0.000,0.064,0.074,0.000
333.000,0.000,0.069,0.074,0.000
333.020,0.000,0.058,0.074,0.000
333.040,0.000,0.065,0.074,0.000
333.060,0.000,0.051,0.074,0.000
333.080,0.000,0.062,0.074,0.000
333.100,0.000,0.047,0.074,0.000
333.120,0.000,0.062,0.074,0.000
333.140,0.000,0.045,0.074,0.000
333.160,0.000,0.060,0.074,0.000
333.180,0.000,0.048,0.074,0.000
333.200,0.000,0.057,0.074,0.000
333.220,0.000,0.046,0.074,0.000
333.240,0.000,0.056,0.074,0.000
333.260,0.000,0.052,0.074,0.000
333.280,0.000,0.054,0.074,0.000
333.300,0.000,0.061,0.074,0.000
333.320,0.000,0.052,0.074,0.000
333.340,0.000,0.069,0.074,0.000
333.360,0.000,0.054,0.074,0.000
333.380,0.000,0.075,0.074,0.000
333.400,0.000,0.060,0.074,0.000
333.420,0.000,0.079,0.074,0.000
333.440,0.000,0.066,0.074,0.000
333.460,0.000,0.089,0.074,0.000
333.480,0.000,0.067,0.074,0.000
333.500,0.000,0.094,0.074,0.000
333.520,0.000,0.078,0.074,0.000
333.540,0.000,0.097,0.073,0.000
333.560,0.000,0.082,0.073,0.000
333.580,0.000,0.100,0.073,0.000
333.600,0.000,0.092,0.073,0.000
333.620,0.000,0.101,0.073,0.000
333.640,0.000,0.101,0.073,0.000
333.660,0.000,0.100,0.073,0.000
333.680,0.000,0.103,0.073,0.000
333.700,0.000,0.099,0.073,0.000
333.720,0.000,0.108,0.073,0.000
333.740,0.000,0.098,0.073,0.000
333.760,0.000,0.112,0.073,0.000
333.780,0.000,0.095,0.073,0.000
333.800,0.000,0.105,0.073,0.000
333.820,0.000,0.091,0.073,0.000
333.840,0.000,0.105,0.073,0.000
333.860,0.000,0.084,0.073,0.000
333.880,0.000,0.096,0.073,0.000
333.900,0.000,0.081,0.073,0.000
333.920,0.000,0.088,0.073,0.000
333.940,0.000,0.079,0.073,0.000
333.960,0.000,0.081,0.073,0.000
333.980,0.000,0.075,0.073,0.000
334.000,0.000,0.073,0.073,0.000
334.020,0.000,0.069,0.073,0.000
334.040,0.000,0.068,0.073,0.000
334.060,0.000,0.066,0.073,0.000
334.080,0.000,0.061,0.072,0.000
334.100,0.000,0.062,0.072,0.000
334.120,0.000,0.052,0.072,0.000
334.140,0.000,0.060,0.072,0.000
334.160,0.000,0.050,0.072,0.000
334.180,0.000,0.058,0.072,0.000
334.200,0.000,0.049,0.072,0.000
334.220,0.000,0.055,0.072,0.000
334.240,0.000,0.043,0.072,0.000
334.260,0.000,0.054,0.072,0.000
334.280,0.000,0.049,0.072,0.000
334.300,0.000,0.054,0.072,0.000
334.320,0.000,0.053,0.072,0.000
334.340,0.000,0.058,0.072,0.000
334.360,0.000,0.055,0.072,0.000
334.380,0.000,0.060,0.072,0.000
334.400,0.000,0.060,0.072,0.000
334.420,0.000,0.062,0.072,0.000
334.440,0.000,0.070,0.072,0.000
334.460,0.000,0.065,0.072,0.000
334.480,0.000,0.074,0.072,0.000
334.500,0.000,0.072,0.072,0.000
334.520,0.000,0.076,0.072,0.000
334.540,0.000,0.076,0.072,0.000
334.560,0.000,0.081,0.072,0.000
334.580,0.000,0.075,0.072,0.000
334.600,0.000,0.091,0.072,0.000
334.620,0.000,0.080,0.072,0.000
334.640,0.000,0.094,0.072,0.000
334.660,0.000,0.088,0.072,0.000
334.680,0.000,0.094,0.072,0.000
334.700,0.000,0.089,0.072,0.000
334.720,0.000,0.095,0.072,0.000
334.740,0.000,0.094,0.072,0.000
334.760,0.000,0.095,0.072,0.000
334.780,0.000,0.094,0.072,0.000
334.800,0.000,0.094,0.072,0.000
334.820,0.000,0.094,0.072,0.000
334.840,0.000,0.091,0.072,0.000
334.860,0.000,0.091,0.072,0.000
334.880,0.000,0.085,0.072,0.000
334.900,0.000,0.087,0.072,0.000
334.920,0.000,0.078,0.072,0.000
334.940,0.000,0.081,0.072,0.000
334.960,0.000,0.074,0.072,0.000
334.980,0.000,0.079,0.072,0.000
335.000,0.000,0.073,0.072,0.000
335.020,0.000,0.074,0.072,0.000
335.040,0.000,0.066,0.072,0.000
335.060,0.000,0.071,0.072,0.000
335.080,0.000,0.058,0.072,0.000
335.100,0.000,0.066,0.072,0.000
335.120,0.000,0.056,0.072,0.000
335.140,0.000,0.058,0.072,0.000
335.160,0.000,0.056,0.072,0.000
335.180,0.000,0.055,0.072,0.000
335.200,0.000,0.054,0.072,0.000
335.220,0.000,0.054,0.072,0.000
335.240,0.000,0.054,0.072,0.000
335.260,0.000,0.052,0.072,0.000
335.280,0.000,0.055,0.072,0.000
335.300,0.000,0.053,0.072,0.000
335.320,0.000,0.055,0.072,0.000
335.340,0.000,0.051,0.072,0.000
335.360,0.000,0.056,0.072,0.000
335.380,0.000,0.055,0.072,0.000
335.400,0.000,0.063,0.072,0.000
335.420,0.000,0.058,0.072,0.000
335.440,0.000,0.063,0.072,0.000
335.460,0.000,0.060,0.072,0.000
335.480,0.000,0.068,0.072,0.000
335.500,0.000,0.068,0.072,0.000
335.520,0.000,0.073,0.072,0.000
335.540,0.000,0.072,0.072,0.000
335.560,0.000,0.083,0.072,0.000
335.580,0.000,0.078,0.072,0.000
335.600,0.000,0.083,0.072,0.000
335.620,0.000,0.083,0.072,0.000
335.640,0.000,0.087,0.072,0.000
335.660,0.000,0.087,0.072,0.000
335.680,0.000,0.091,0.072,0.000
335.700,0.000,0.094,0.072,0.000
335.720,0.000,0.093,0.072,0.000
335.740,0.000,0.097,0.072,0.000
335.760,0.000,0.097,0.072,0.000
335.780,0.000,0.100,0.072,0.000
335.800,0.000,0.099,0.072,0.000
335.820,0.000,0.102,0.072,0.000
335.840,0.000,0.098,0.072,0.000
335.860,0.000,0.100,0.072,0.000
335.880,0.000,0.095,0.072,0.000
335.900,0.000,0.099,0.072,0.000
335.920,0.000,0.091,0.072,0.000
335.940,0.000,0.090,0.072,0.000
335.960,0.000,0.085,0.072,0.000
335.980,0.000,0.084,0.072,0.000
336.000,0.000,0.082,0.072,0.000
336.020,0.000,0.079,0.072,0.000
336.040,0.000,0.076,0.072,0.000
336.060,0.000,0.074,0.072,0.000
336.080,0.000,0.075,0.072,0.000
336.100,0.000,0.071,0.072,0.000
336.120,0.000,0.070,0.072,0.000
336.140,0.000,0.065,0.072,0.000
336.160,0.000,0.066,0.072,0.000
336.180,0.000,0.065,0.072,0.000
336.200,0.000,0.058,0.072,0.000
336.220,0.000,0.058,0.072,0.000
336.240,0.000,0.062,0.072,0.000
336.260,0.000,0.051,0.072,0.000
336.280,0.000,0.066,0.072,0.000
336.300,0.000,0.046,0.072,0.000
336.320,0.000,0.062,0.072,0.000
336.340,0.000,0.049,0.072,0.000
336.360,0.000,0.065,0.072,0.000
336.380,0.000,0.051,0.072,0.000
336.400,0.000,0.066,0.072,0.000
336.420,0.000,0.055,0.072,0.000
336.440,0.000,0.066,0.072,0.000
336.460,0.000,0.065,0.072,0.000
336.480,0.000,0.068,0.072,0.000
336.500,0.000,0.069,0.072,0.000
336.520,0.000,0.068,0.072,0.000
336.540,0.000,0.074,0.072,0.000
336.560,0.000,0.072,0.072,0.000
336.580,0.000,0.077,0.072,0.000
336.600,0.000,0.074,0.072,0.000
336.620,0.000,0.087,0.072,0.000
336.640,0.000,0.075,0.072,0.000
336.660,0.000,0.093,0.072,0.000
336.680,0.000,0.076,0.072,0.000
336.700,0.000,0.097,0.072,0.000
336.720,0.000,0.082,0.072,0.000
336.740,0.000,0.103,0.072,0.000
336.760,0.000,0.087,0.072,0.000
336.780,0.000,0.101,0.072,0.000
336.800,0.000,0.089,0.072,0.000
336.820,0.000,0.099,0.072,0.000
336.840,0.000,0.095,0.072,0.000
336.860,0.000,0.095,0.072,0.000
336.880,0.000,0.095,0.072,0.000
336.900,0.000,0.089,0.072,0.000
336.920,0.000,0.092,0.072,0.000
336.940,0.000,0.083,0.072,0.000
336.960,0.000,0.090,0.072,0.000
336.980,0.000,0.078,0.072,0.000
337.000,0.000,0.087,0.072,0.000
337.020,0.000,0.075,0.072,0.000
337.040,0.000,0.080,0.072,0.000
337.060,0.000,0.071,0.072,0.000
337.080,0.000,0.075,0.072,0.000
337.100,0.000,0.070,0.072,0.000
337.120,0.000,0.073,0.072,0.000
337.140,0.000,0.066,0.072,0.000
337.160,0.000,0.066,0.072,0.000
337.180,0.000,0.062,0.072,0.000
337.200,0.000,0.059,0.072,0.000
337.220,0.000,0.058,0.072,0.000
337.240,0.000,0.055,0.072,0.000
337.260,0.000,0.058,0.068,0.000
337.280,0.000,0.051,0.068,0.000
337.300,0.000,0.056,0.068,0.000
337.320,0.000,0.049,0.068,0.000
337.340,0.000,0.054,0.068,0.000
337.360,0.000,0.050,0.068,0.000
337.380,0.000,0.054,0.068,0.000
337.400,0.000,0.051,0.068,0.000
337.420,0.000,0.055,0.068,0.000
337.440,0.000,0.052,0.068,0.000
337.460,0.000,0.056,0.068,0.000
337.480,0.000,0.055,0.068,0.000
337.500,0.000,0.062,0.068,0.000
337.520,0.000,0.056,0.068,0.000
337.540,0.000,0.066,0.068,0.000
337.560,0.000,0.062,0.068,0.000
337.580,0.000,0.071,0.068,0.000
337.600,0.000,0.071,0.068,0.000
337.620,0.000,0.074,0.068,0.000
337.640,0.000,0.075,0.068,0.000
337.660,0.000,0.074,0.068,0.000
337.680,0.000,0.076,0.068,0.000
337.700,0.000,0.078,0.068,0.000
337.720,0.000,0.081,0.068,0.000
337.740,0.000,0.084,0.068,0.000
337.760,0.000,0.088,0.068,0.000
337.780,0.000,0.087,0.068,0.000
337.800,0.000,0.093,0.068,0.000
337.820,0.000,0.090,0.068,0.000
337.840,0.000,0.092,0.068,0.000
337.860,0.000,0.091,0.068,0.000
337.880,0.000,0.095,0.068,0.000
337.900,0.000,0.090,0.068,0.000
337.920,0.000,0.095,0.068,0.000
337.940,0.000,0.089,0.068,0.000
337.960,0.000,0.095,0.068,0.000
337.980,0.000,0.087,0.068,0.000
338.000,0.000,0.087,0.068,0.000
338.020,0.000,0.085,0.068,0.000
338.040,0.000,0.085,0.068,0.000
338.060,0.000,0.080,0.068,0.000
338.080,0.000,0.079,0.068,0.000
338.100,0.000,0.078,0.068,0.000
338.120,0.000,0.077,0.068,0.000
338.140,0.000,0.073,0.068,0.000
338.160,0.000,0.071,0.068,0.000
338.180,0.000,0.070,0.068,0.000
338.200,0.000,0.066,0.068,0.000
338.220,0.000,0.066,0.068,0.000
338.240,0.000,0.065,0.068,0.000
338.260,0.000,0.065,0.068,0.000
338.280,0.000,0.058,0.068,0.000
338.300,0.000,0.059,0.068,0.000
338.320,0.000,0.060,0.068,0.000
338.340,0.000,0.058,0.068,0.000
338.360,0.000,0.057,0.068,0.000
338.380,0.000,0.058,0.068,0.000
338.400,0.000,0.057,0.068,0.000
338.420,0.000,0.057,0.068,0.000
338.440,0.000,0.062,0.068,0.000
338.460,0.000,0.058,0.068,0.000
338.480,0.000,0.064,0.068,0.000
338.500,0.000,0.062,0.068,0.000
338.520,0.000,0.065,0.068,0.000
338.540,0.000,0.066,0.068,0.000
338.560,0.000,0.070,0.068,0.000
338.580,0.000,0.070,0.068,0.000
338.600,0.000,0.074,0.068,0.000
338.620,0.000,0.074,0.068,0.000
338.640,0.000,0.076,0.068,0.000
338.660,0.000,0.076,0.068,0.000
338.680,0.000,0.079,0.068,0.000
338.700,0.000,0.079,0.068,0.000
338.720,0.000,0.083,0.068,0.000
338.740,0.000,0.083,0.068,0.000
338.760,0.000,0.088,0.062,0.000
338.780,0.000,0.088,0.062,0.000
338.800,0.000,0.092,0.062,0.000
338.820,0.000,0.091,0.062,0.000
338.840,0.000,0.100,0.060,0.000
338.860,0.000,0.095,0.060,0.000
338.880,0.000,0.097,0.060,0.000
338.900,0.000,0.095,0.060,0.000
338.920,0.000,0.098,0.060,0.000
338.940,0.000,0.097,0.060,0.000
338.960,0.000,0.096,0.060,0.000
338.980,0.000,0.096,0.060,0.000
339.000,0.000,0.093,0.060,0.000
339.020,0.000,0.090,0.060,0.000
339.040,0.000,0.092,0.060,0.000
339.060,0.000,0.091,0.060,0.000
339.080,0.000,0.083,0.060,0.000
339.100,0.000,0.090,0.060,0.000
339.120,0.000,0.077,0.060,0.000
339.140,0.000,0.075,0.060,0.000
339.160,0.000,0.074,0.060,0.000
339.180,0.000,0.074,0.060,0.000
339.200,0.000,0.073,0.060,0.000
339.220,0.000,0.074,0.060,0.000
339.240,0.000,0.070,0.057,0.000
339.260,0.000,0.072,0.057,0.000
339.280,0.000,0.065,0.057,0.000
339.300,0.000,0.060,0.057,0.000
339.320,0.000,0.058,0.057,0.000
339.340,0.000,0.058,0.057,0.000
339.360,0.000,0.058,0.057,0.000
339.380,0.000,0.052,0.057,0.000
339.400,0.000,0.055,0.057,0.000
339.420,0.000,0.055,0.057,0.000
339.440,0.000,0.054,0.057,0.000
339.460,0.000,0.053,0.057,0.000
339.480,0.000,0.056,0.057,0.000
339.500,0.000,0.055,0.057,0.000
339.520,0.000,0.060,0.057,0.000
339.540,0.000,0.054,0.057,0.000
339.560,0.000,0.058,0.057,0.000
339.580,0.000,0.057,0.057,0.000
339.600,0.000,0.066,0.057,0.000
339.620,0.000,0.065,0.057,0.000
339.640,0.000,0.071,0.057,0.000
339.660,0.000,0.071,0.057,0.000
339.680,0.000,0.074,0.057,0.000
339.700,0.000,0.073,0.057,0.000
339.720,0.000,0.075,0.057,0.000
339.740,0.000,0.075,0.057,0.000
339.760,0.000,0.075,0.057,0.000
339.780,0.000,0.077,0.057,0.000
339.800,0.000,0.079,0.057,0.000
339.820,0.000,0.083,0.057,0.000
339.840,0.000,0.083,0.057,0.000
339.860,0.000,0.085,0.057,0.000
339.880,0.000,0.086,0.057,0.000
339.900,0.000,0.089,0.057,0.000
339.920,0.000,0.087,0.057,0.000
339.940,0.000,0.090,0.057,0.000
339.960,0.000,0.089,0.057,0.000
339.980,0.000,0.087,0.057,0.000
340.000,0.000,0.087,0.057,0.000
340.020,0.000,0.090,0.057,0.000
340.040,0.000,0.082,0.057,0.000
340.060,0.000,0.083,0.057,0.000
340.080,0.000,0.083,0.057,0.000
340.100,0.000,0.079,0.057,0.000
340.120,0.000,0.079,0.057,0.000
340.140,0.000,0.075,0.057,0.000
340.160,0.000,0.076,0.057,0.000
340.180,0.000,0.074,0.057,0.000
340.200,0.000,0.076,0.057,0.000
340.220,0.000,0.074,0.057,0.000
340.240,0.000,0.074,0.057,0.000
340.260,0.000,0.065,0.057,0.000
340.280,0.000,0.069,0.057,0.000
340.300,0.000,0.062,0.057,0.000
340.320,0.000,0.061,0.057,0.000
340.340,0.000,0.056,0.057,0.000
340.360,0.000,0.058,0.057,0.000
340.380,0.000,0.055,0.057,0.000
340.400,0.000,0.056,0.057,0.000
340.420,0.000,0.057,0.057,0.000
340.440,0.000,0.055,0.057,0.000
340.460,0.000,0.056,0.057,0.000
340.480,0.000,0.056,0.057,0.000
340.500,0.000,0.056,0.057,0.000
340.520,0.000,0.056,0.057,0.000
340.540,0.000,0.057,0.057,0.000
340.560,0.000,0.057,0.057,0.000
340.580,0.000,0.060,0.057,0.000
340.600,0.000,0.063,0.057,0.000
340.620,0.000,0.059,0.057,0.000
340.640,0.000,0.064,0.057,0.000
340.660,0.000,0.065,0.057,0.000
340.680,0.000,0.069,0.057,0.000
340.700,0.000,0.070,0.057,0.000
340.720,0.000,0.074,0.057,0.000
340.740,0.000,0.074,0.057,0.000
340.760,0.000,0.079,0.057,0.000
340.780,0.000,0.081,0.057,0.000
340.800,0.000,0.083,0.057,0.000
340.820,0.000,0.084,0.057,0.000
340.840,0.000,0.085,0.057,0.000
340.860,0.000,0.085,0.057,0.000
340.880,0.000,0.089,0.057,0.000
340.900,0.000,0.090,0.057,0.000
340.920,0.000,0.089,0.057,0.000
340.940,0.000,0.092,0.057,0.000
340.960,0.000,0.091,0.057,0.000
340.980,0.000,0.094,0.057,0.000
341.000,0.000,0.093,0.057,0.000
341.020,0.000,0.095,0.057,0.000
341.040,0.000,0.091,0.057,0.000
341.060,0.000,0.100,0.057,0.000
341.080,0.000,0.089,0.057,0.000
341.100,0.000,0.092,0.057,0.000
341.120,0.000,0.085,0.057,0.000
341.140,0.000,0.089,0.057,0.000
341.160,0.000,0.085,0.057,0.000
341.180,0.000,0.083,0.057,0.000
341.200,0.000,0.081,0.057,0.000
341.220,0.000,0.078,0.057,0.000
341.240,0.000,0.076,0.057,0.000
341.260,0.000,0.075,0.057,0.000
341.280,0.000,0.074,0.057,0.000
341.300,0.000,0.074,0.055,0.000
341.320,0.000,0.073,0.055,0.000
341.340,0.000,0.070,0.055,0.000
341.360,0.000,0.072,0.055,0.000
341.380,0.000,0.065,0.055,0.000
341.400,0.000,0.070,0.055,0.000
341.420,0.000,0.061,0.055,0.000
341.440,0.000,0.066,0.055,0.000
341.460,0.000,0.059,0.055,0.000
341.480,0.000,0.066,0.055,0.000
341.500,0.000,0.058,0.055,0.000
341.520,0.000,0.061,0.055,0.000
341.540,0.000,0.058,0.055,0.000
341.560,0.000,0.059,0.055,0.000
341.580,0.000,0.060,0.055,0.000
341.600,0.000,0.061,0.055,0.000
341.620,0.000,0.065,0.055,0.000
341.640,0.000,0.065,0.055,0.000
341.660,0.000,0.070,0.055,0.000
341.680,0.000,0.066,0.055,0.000
341.700,0.000,0.073,0.055,0.000
341.720,0.000,0.070,0.055,0.000
341.740,0.000,0.075,0.052,0.000
341.760,0.000,0.074,0.052,0.000
341.780,0.000,0.075,0.052,0.000
341.800,0.000,0.074,0.052,0.000
341.820,0.000,0.077,0.052,0.000
341.840,0.000,0.075,0.052,0.000
341.860,0.000,0.079,0.052,0.000
341.880,0.000,0.083,0.052,0.000
341.900,0.000,0.087,0.052,0.000
341.920,0.000,0.083,0.052,0.000
341.940,0.000,0.087,0.052,0.000
341.960,0.000,0.087,0.052,0.000
341.980,0.000,0.090,0.052,0.000
342.000,0.000,0.087,0.052,0.000
342.020,0.000,0.089,0.052,0.000
342.040,0.000,0.087,0.052,0.000
342.060,0.000,0.089,0.052,0.000
342.080,0.000,0.090,0.052,0.000
342.100,0.000,0.087,0.052,0.000
342.120,0.000,0.087,0.052,0.000
342.140,0.000,0.084,0.052,0.000
342.160,0.000,0.083,0.052,0.000
342.180,0.000,0.078,0.052,0.000
342.200,0.000,0.079,0.052,0.000
342.220,0.000,0.074,0.052,0.000
342.240,0.000,0.076,0.052,0.000
342.260,0.000,0.074,0.052,0.000
342.280,0.000,0.074,0.052,0.000
342.300,0.000,0.074,0.052,0.000
342.320,0.000,0.073,0.050,0.000
342.340,0.000,0.066,0.050,0.000
342.360,0.000,0.066,0.049,0.000
342.380,0.000,0.062,0.049,0.000
342.400,0.000,0.062,0.048,0.000
342.420,0.000,0.058,0.048,0.000
342.440,0.000,0.057,0.048,0.000
342.460,0.000,0.058,0.048,0.000
342.480,0.000,0.058,0.048,0.000
342.500,0.000,0.056,0.048,0.000
342.520,0.000,0.055,0.048,0.000
342.540,0.000,0.058,0.048,0.000
342.560,0.000,0.055,0.048,0.000
342.580,0.000,0.055,0.048,0.000
342.600,0.000,0.055,0.048,0.000
342.620,0.000,0.057,0.048,0.000
342.640,0.000,0.057,0.048,0.000
342.660,0.000,0.057,0.048,0.000
342.680,0.000,0.058,0.048,0.000
342.700,0.000,0.058,0.048,0.000
342.720,0.000,0.062,0.048,0.000
342.740,0.000,0.066,0.048,0.000
342.760,0.000,0.068,0.048,0.000
342.780,0.000,0.070,0.048,0.000
342.800,0.000,0.074,0.048,0.000
342.820,0.000,0.073,0.048,0.000
342.840,0.000,0.075,0.048,0.000
342.860,0.000,0.074,0.048,0.000
342.880,0.000,0.079,0.048,0.000
342.900,0.000,0.075,0.048,0.000
342.920,0.000,0.084,0.048,0.000
342.940,0.000,0.079,0.048,0.000
342.960,0.000,0.090,0.048,0.000
342.980,0.000,0.081,0.048,0.000
343.000,0.000,0.089,0.048,0.000
343.020,0.000,0.087,0.048,0.000
343.040,0.000,0.089,0.048,0.000
343.060,0.000,0.089,0.048,0.000
343.080,0.000,0.087,0.048,0.000
343.100,0.000,0.088,0.048,0.000
343.120,0.000,0.087,0.048,0.000
343.140,0.000,0.088,0.048,0.000
343.160,0.000,0.084,0.048,0.000
343.180,0.000,0.086,0.048,0.000
343.200,0.000,0.080,0.048,0.000
343.220,0.000,0.086,0.048,0.000
343.240,0.000,0.079,0.048,0.000
343.260,0.000,0.080,0.048,0.000
343.280,0.000,0.078,0.048,0.000
343.300,0.000,0.081,0.048,0.000
343.320,0.000,0.074,0.048,0.000
343.340,0.000,0.074,0.048,0.000
343.360,0.000,0.068,0.048,0.000
343.380,0.000,0.071,0.048,0.000
343.400,0.000,0.067,0.048,0.000
343.420,0.000,0.065,0.048,0.000
343.440,0.000,0.066,0.048,0.000
343.460,0.000,0.066,0.048,0.000
343.480,0.000,0.066,0.048,0.000
343.500,0.000,0.066,0.048,0.000
343.520,0.000,0.062,0.048,0.000
343.540,0.000,0.064,0.048,0.000
343.560,0.000,0.065,0.048,0.000
343.580,0.000,0.065,0.048,0.000
343.600,0.000,0.063,0.048,0.000
343.620,0.000,0.065,0.048,0.000
343.640,0.000,0.064,0.048,0.000
343.660,0.000,0.063,0.048,0.000
343.680,0.000,0.065,0.048,0.000
343.700,0.000,0.066,0.048,0.000
343.720,0.000,0.068,0.048,0.000
343.740,0.000,0.069,0.048,0.000
343.760,0.000,0.071,0.048,0.000
343.780,0.000,0.071,0.048,0.000
343.800,0.000,0.074,0.048,0.000
343.820,0.000,0.074,0.048,0.000
343.840,0.000,0.076,0.048,0.000
343.860,0.000,0.074,0.048,0.000
343.880,0.000,0.081,0.048,0.000
343.900,0.000,0.075,0.048,0.000
343.920,0.000,0.081,0.048,0.000
343.940,0.000,0.078,0.048,0.000
343.960,0.000,0.087,0.048,0.000
343.980,0.000,0.083,0.048,0.000
344.000,0.000,0.091,0.048,0.000
344.020,0.000,0.090,0.048,0.000
344.040,0.000,0.092,0.048,0.000
344.060,0.000,0.086,0.048,0.000
344.080,0.000,0.091,0.048,0.000
344.100,0.000,0.092,0.048,0.000
344.120,0.000,0.091,0.048,0.000
344.140,0.000,0.091,0.048,0.000
344.160,0.000,0.087,0.048,0.000
344.180,0.000,0.092,0.048,0.000
344.200,0.000,0.086,0.048,0.000
344.220,0.000,0.090,0.048,0.000
344.240,0.000,0.081,0.048,0.000
344.260,0.000,0.087,0.048,0.000
344.280,0.000,0.077,0.048,0.000
344.300,0.000,0.083,0.048,0.000
344.320,0.000,0.074,0.048,0.000
344.340,0.000,0.078,0.048,0.000
344.360,0.000,0.073,0.048,0.000
344.380,0.000,0.074,0.048,0.000
344.400,0.000,0.073,0.048,0.000
344.420,0.000,0.074,0.048,0.000
344.440,0.000,0.066,0.048,0.000
344.460,0.000,0.070,0.046,0.000
344.480,0.000,0.066,0.046,0.000
344.500,0.000,0.063,0.046,0.000
344.520,0.000,0.060,0.046,0.000
344.540,0.000,0.058,0.045,0.000
344.560,0.000,0.059,0.045,0.000
344.580,0.000,0.056,0.045,0.000
344.600,0.000,0.058,0.045,0.000
344.620,0.000,0.057,0.045,0.000
344.640,0.000,0.058,0.045,0.000
344.660,0.000,0.057,0.045,0.000
344.680,0.000,0.056,0.045,0.000
344.700,0.000,0.056,0.045,0.000
344.720,0.000,0.057,0.045,0.000
344.740,0.000,0.057,0.045,0.000
344.760,0.000,0.059,0.045,0.000
344.780,0.000,0.059,0.045,0.000
344.800,0.000,0.070,0.045,0.000
344.820,0.000,0.065,0.045,0.000
344.840,0.000,0.070,0.045,0.000
344.860,0.000,0.069,0.045,0.000
344.880,0.000,0.074,0.045,0.000
344.900,0.000,0.073,0.045,0.000
344.920,0.000,0.073,0.045,0.000
344.940,0.000,0.075,0.045,0.000
344.960,0.000,0.074,0.045,0.000
344.980,0.000,0.078,0.045,0.000
345.000,0.000,0.076,0.045,0.000
345.020,0.000,0.083,0.045,0.000
345.040,0.000,0.078,0.045,0.000
345.060,0.000,0.082,0.045,0.000
345.080,0.000,0.082,0.045,0.000
345.100,0.000,0.081,0.045,0.000
345.120,0.000,0.086,0.045,0.000
345.140,0.000,0.083,0.045,0.000
345.160,0.000,0.092,0.045,0.000
345.180,0.000,0.083,0.045,0.000
345.200,0.000,0.091,0.045,0.000
345.220,0.000,0.082,0.045,0.000
345.240,0.000,0.090,0.045,0.000
345.260,0.000,0.075,0.045,0.000
345.280,0.000,0.083,0.045,0.000
345.300,0.000,0.075,0.045,0.000
345.320,0.000,0.082,0.045,0.000
345.340,0.000,0.074,0.045,0.000
345.360,0.000,0.077,0.045,0.000
345.380,0.000,0.069,0.045,0.000
345.400,0.000,0.077,0.045,0.000
345.420,0.000,0.066,0.045,0.000
345.440,0.000,0.074,0.045,0.000
345.460,0.000,0.064,0.045,0.000
345.480,0.000,0.070,0.045,0.000
345.500,0.000,0.066,0.045,0.000
345.520,0.000,0.065,0.045,0.000
345.540,0.000,0.062,0.045,0.000
345.560,0.000,0.062,0.045,0.000
345.580,0.000,0.064,0.045,0.000
345.600,0.000,0.057,0.045,0.000
345.620,0.000,0.064,0.045,0.000
345.640,0.000,0.056,0.045,0.000
345.660,0.000,0.065,0.045,0.000
345.680,0.000,0.058,0.045,0.000
345.700,0.000,0.064,0.045,0.000
345.720,0.000,0.060,0.045,0.000
345.740,0.000,0.065,0.045,0.000
345.760,0.000,0.061,0.045,0.000
345.780,0.000,0.067,0.045,0.000
345.800,0.000,0.065,0.045,0.000
345.820,0.000,0.070,0.045,0.000
345.840,0.000,0.067,0.045,0.000
345.860,0.000,0.070,0.045,0.000
345.880,0.000,0.072,0.045,0.000
345.900,0.000,0.072,0.045,0.000
345.920,0.000,0.080,0.045,0.000
345.940,0.000,0.070,0.045,0.000
345.960,0.000,0.081,0.045,0.000
345.980,0.000,0.074,0.045,0.000
346.000,0.000,0.085,0.045,0.000
346.020,0.000,0.078,0.045,0.000
346.040,0.000,0.088,0.045,0.000
346.060,0.000,0.080,0.037,0.000
346.080,0.000,0.092,0.037,0.000
346.100,0.000,0.083,0.037,0.000
346.120,0.000,0.094,0.039,0.000
346.140,0.000,0.086,0.039,0.000
346.160,0.000,0.095,0.040,0.000
346.180,0.000,0.090,0.040,0.000
346.200,0.000,0.090,0.040,0.000
346.220,0.000,0.092,0.040,0.000
346.240,0.000,0.087,0.040,0.000
346.260,0.000,0.091,0.040,0.000
346.280,0.000,0.085,0.040,0.000
346.300,0.000,0.095,0.040,0.000
346.320,0.000,0.079,0.040,0.000
346.340,0.000,0.091,0.040,0.000
346.360,0.000,0.079,0.040,0.000
346.380,0.000,0.091,0.040,0.000
346.400,0.000,0.074,0.040,0.000
346.420,0.000,0.083,0.040,0.000
346.440,0.000,0.074,0.040,0.000
346.460,0.000,0.081,0.040,0.000
346.480,0.000,0.070,0.040,0.000
346.500,0.000,0.075,0.040,0.000
346.520,0.000,0.066,0.040,0.000
346.540,0.000,0.074,0.040,0.000
346.560,0.000,0.067,0.040,0.000
346.580,0.000,0.073,0.040,0.000
346.600,0.000,0.063,0.040,0.000
346.620,0.000,0.068,0.040,0.000
346.640,0.000,0.064,0.040,0.000
346.660,0.000,0.065,0.040,0.000
346.680,0.000,0.067,0.040,0.000
346.700,0.000,0.059,0.040,0.000
346.720,0.000,0.068,0.040,0.000
346.740,0.000,0.058,0.040,0.000
346.760,0.000,0.072,0.040,0.000
346.780,0.000,0.058,0.040,0.000
346.800,0.000,0.070,0.040,0.000
346.820,0.000,0.063,0.040,0.000
346.840,0.000,0.073,0.040,0.000
346.860,0.000,0.064,0.040,0.000
346.880,0.000,0.071,0.040,0.000
346.900,0.000,0.067,0.040,0.000
346.920,0.000,0.072,0.040,0.000
346.940,0.000,0.072,0.040,0.000
346.960,0.000,0.074,0.040,0.000
346.980,0.000,0.075,0.040,0.000
347.000,0.000,0.074,0.040,0.000
347.020,0.000,0.078,0.040,0.000
347.040,0.000,0.078,0.040,0.000
347.060,0.000,0.076,0.040,0.000
347.080,0.000,0.077,0.040,0.000
347.100,0.000,0.082,0.040,0.000
347.120,0.000,0.077,0.040,0.000
347.140,0.000,0.085,0.040,0.000
347.160,0.000,0.078,0.040,0.000
347.180,0.000,0.088,0.040,0.000
347.200,0.000,0.081,0.040,0.000
347.220,0.000,0.089,0.040,0.000
347.240,0.000,0.079,0.040,0.000
347.260,0.000,0.087,0.040,0.000
347.280,0.000,0.081,0.040,0.000
347.300,0.000,0.084,0.040,0.000
347.320,0.000,0.080,0.040,0.000
347.340,0.000,0.081,0.040,0.000
347.360,0.000,0.079,0.040,0.000
347.380,0.000,0.078,0.040,0.000
347.400,0.000,0.078,0.040,0.000
347.420,0.000,0.076,0.040,0.000
347.440,0.000,0.079,0.040,0.000
347.460,0.000,0.070,0.040,0.000
347.480,0.000,0.076,0.040,0.000
347.500,0.000,0.067,0.040,0.000
347.520,0.000,0.073,0.040,0.000
347.540,0.000,0.062,0.040,0.000
347.560,0.000,0.074,0.040,0.000
347.580,0.000,0.058,0.040,0.000
347.600,0.000,0.074,0.039,0.000
347.620,0.000,0.055,0.040,0.000
347.640,0.000,0.073,0.040,0.000
347.660,0.000,0.054,0.042,0.000
347.680,0.000,0.070,0.042,0.000
347.700,0.000,0.056,0.042,0.000
347.720,0.000,0.067,0.042,0.000
347.740,0.000,0.057,0.042,0.000
347.760,0.000,0.062,0.042,0.000
347.780,0.000,0.059,0.042,0.000
347.800,0.000,0.063,0.042,0.000
347.820,0.000,0.062,0.042,0.000
347.840,0.000,0.059,0.042,0.000
347.860,0.000,0.068,0.042,0.000
347.880,0.000,0.059,0.042,0.000
347.900,0.000,0.071,0.042,0.000
347.920,0.000,0.059,0.042,0.000
347.940,0.000,0.074,0.042,0.000
347.960,0.000,0.058,0.042,0.000
347.980,0.000,0.074,0.042,0.000
348.000,0.000,0.066,0.042,0.000
348.020,0.000,0.077,0.042,0.000
348.040,0.000,0.071,0.042,0.000
348.060,0.000,0.081,0.042,0.000
348.080,0.000,0.073,0.042,0.000
348.100,0.000,0.083,0.042,0.000
348.120,0.000,0.079,0.042,0.000
348.140,0.000,0.082,0.042,0.000
348.160,0.000,0.082,0.042,0.000
348.180,0.000,0.083,0.042,0.000
348.200,0.000,0.087,0.042,0.000
348.220,0.000,0.081,0.042,0.000
348.240,0.000,0.091,0.042,0.000
348.260,0.000,0.080,0.042,0.000
348.280,0.000,0.088,0.042,0.000
348.300,0.000,0.079,0.042,0.000
348.320,0.000,0.091,0.042,0.000
348.340,0.000,0.080,0.042,0.000
348.360,0.000,0.089,0.042,0.000
348.380,0.000,0.080,0.042,0.000
348.400,0.000,0.086,0.042,0.000
348.420,0.000,0.082,0.042,0.000
348.440,0.000,0.084,0.042,0.000
348.460,0.000,0.080,0.042,0.000
348.480,0.000,0.077,0.042,0.000
348.500,0.000,0.079,0.042,0.000
348.520,0.000,0.076,0.042,0.000
348.540,0.000,0.077,0.042,0.000
348.560,0.000,0.071,0.042,0.000
348.580,0.000,0.074,0.042,0.000
348.600,0.000,0.068,0.042,0.000
348.620,0.000,0.072,0.042,0.000
348.640,0.000,0.067,0.042,0.000
348.660,0.000,0.073,0.042,0.000
348.680,0.000,0.064,0.042,0.000
348.700,0.000,0.072,0.042,0.000
348.720,0.000,0.066,0.042,0.000
348.740,0.000,0.066,0.042,0.000
348.760,0.000,0.066,0.042,0.000
348.780,0.000,0.066,0.042,0.000
348.800,0.000,0.066,0.042,0.000
348.820,0.000,0.066,0.042,0.000
348.840,0.000,0.067,0.042,0.000
348.860,0.000,0.069,0.042,0.000
348.880,0.000,0.069,0.042,0.000
348.900,0.000,0.068,0.042,0.000
348.920,0.000,0.072,0.042,0.000
348.940,0.000,0.072,0.042,0.000
348.960,0.000,0.074,0.042,0.000
348.980,0.000,0.070,0.042,0.000
349.000,0.000,0.077,0.042,0.000
349.020,0.000,0.072,0.042,0.000
349.040,0.000,0.078,0.042,0.000
349.060,0.000,0.074,0.042,0.000
349.080,0.000,0.079,0.042,0.000
349.100,0.000,0.078,0.042,0.000
349.120,0.000,0.080,0.042,0.000
349.140,0.000,0.081,0.042,0.000
349.160,0.000,0.083,0.042,0.000
349.180,0.000,0.086,0.042,0.000
349.200,0.000,0.083,0.042,0.000
349.220,0.000,0.086,0.042,0.000
349.240,0.000,0.084,0.042,0.000
349.260,0.000,0.086,0.042,0.000
349.280,0.000,0.084,0.042,0.000
349.300,0.000,0.087,0.042,0.000
349.320,0.000,0.086,0.042,0.000
349.340,0.000,0.085,0.042,0.000
349.360,0.000,0.086,0.042,0.000
349.380,0.000,0.083,0.042,0.000
349.400,0.000,0.087,0.042,0.000
349.420,0.000,0.081,0.042,0.000
349.440,0.000,0.083,0.042,0.000
349.460,0.000,0.080,0.042,0.000
349.480,0.000,0.080,0.042,0.000
349.500,0.000,0.075,0.042,0.000
349.520,0.000,0.076,0.042,0.000
349.540,0.000,0.074,0.042,0.000
349.560,0.000,0.072,0.042,0.000
349.580,0.000,0.073,0.042,0.000
349.600,0.000,0.070,0.042,0.000
349.620,0.000,0.069,0.042,0.000
349.640,0.000,0.068,0.042,0.000
349.660,0.000,0.069,0.042,0.000
349.680,0.000,0.064,0.042,0.000
349.700,0.000,0.066,0.042,0.000
349.720,0.000,0.061,0.042,0.000
349.740,0.000,0.064,0.042,0.000
349.760,0.000,0.058,0.042,0.000
349.780,0.000,0.064,0.042,0.000
349.800,0.000,0.055,0.042,0.000
349.820,0.000,0.062,0.042,0.000
349.840,0.000,0.058,0.042,0.000
349.860,0.000,0.064,0.042,0.000
349.880,0.000,0.061,0.042,0.000
349.900,0.000,0.062,0.042,0.000
349.920,0.000,0.062,0.042,0.000
349.940,0.000,0.063,0.042,0.000
349.960,0.000,0.060,0.042,0.000
349.980,0.000,0.067,0.042,0.000
350.000,0.000,0.064,0.042,0.000
350.020,0.000,0.070,0.042,0.000
350.040,0.000,0.064,0.042,0.000
350.060,0.000,0.073,0.042,0.000
350.080,0.000,0.061,0.042,0.000
350.100,0.000,0.080,0.042,0.000
350.120,0.000,0.061,0.042,0.000
350.140,0.000,0.085,0.042,0.000
350.160,0.000,0.066,0.042,0.000
350.180,0.000,0.083,0.042,0.000
350.200,0.000,0.072,0.042,0.000
350.220,0.000,0.079,0.042,0.000
350.240,0.000,0.078,0.042,0.000
350.260,0.000,0.079,0.042,0.000
350.280,0.000,0.083,0.042,0.000
350.300,0.000,0.079,0.042,0.000
350.320,0.000,0.087,0.042,0.000
350.340,0.000,0.074,0.042,0.000
350.360,0.000,0.091,0.042,0.000
350.380,0.000,0.075,0.042,0.000
350.400,0.000,0.090,0.042,0.000
350.420,0.000,0.073,0.042,0.000
350.440,0.000,0.085,0.042,0.000
350.460,0.000,0.074,0.042,0.000
350.480,0.000,0.085,0.042,0.000
350.500,0.000,0.073,0.042,0.000
350.520,0.000,0.082,0.042,0.000
350.540,0.000,0.071,0.042,0.000
350.560,0.000,0.079,0.042,0.000
350.580,0.000,0.074,0.042,0.000
350.600,0.000,0.074,0.042,0.000
350.620,0.000,0.071,0.042,0.000
350.640,0.000,0.069,0.042,0.000
350.660,0.000,0.070,0.042,0.000
350.680,0.000,0.065,0.042,0.000
350.700,0.000,0.070,0.042,0.000
350.720,0.000,0.062,0.042,0.000
350.740,0.000,0.069,0.042,0.000
350.760,0.000,0.060,0.042,0.000
350.780,0.000,0.067,0.042,0.000
350.800,0.000,0.059,0.042,0.000
350.820,0.000,0.066,0.042,0.000
350.840,0.000,0.062,0.042,0.000
350.860,0.000,0.066,0.042,0.000
350.880,0.000,0.063,0.042,0.000
350.900,0.000,0.066,0.042,0.000
350.920,0.000,0.062,0.042,0.000
350.940,0.000,0.066,0.042,0.000
350.960,0.000,0.066,0.042,0.000
350.980,0.000,0.067,0.042,0.000
351.000,0.000,0.069,0.042,0.000
351.020,0.000,0.068,0.042,0.000
351.040,0.000,0.072,0.042,0.000
351.060,0.000,0.070,0.042,0.000
351.080,0.000,0.075,0.042,0.000
351.100,0.000,0.070,0.042,0.000
351.120,0.000,0.079,0.042,0.000
351.140,0.000,0.072,0.042,0.000
351.160,0.000,0.083,0.041,0.000
351.180,0.000,0.073,0.041,0.000
351.200,0.000,0.083,0.041,0.000
351.220,0.000,0.076,0.041,0.000
351.240,0.000,0.084,0.041,0.000
351.260,0.000,0.080,0.041,0.000
351.280,0.000,0.085,0.041,0.000
351.300,0.000,0.080,0.038,0.000
351.320,0.000,0.086,0.038,0.000
351.340,0.000,0.083,0.038,0.000
351.360,0.000,0.085,0.038,0.000
351.380,0.000,0.087,0.038,0.000
351.400,0.000,0.086,0.038,0.000
351.420,0.000,0.087,0.038,0.000
351.440,0.000,0.085,0.038,0.000
351.460,0.000,0.088,0.038,0.000
351.480,0.000,0.079,0.038,0.000
351.500,0.000,0.087,0.038,0.000
351.520,0.000,0.083,0.038,0.000
351.540,0.000,0.083,0.038,0.000
351.560,0.000,0.080,0.038,0.000
351.580,0.000,0.083,0.038,0.000
351.600,0.000,0.076,0.038,0.000
351.620,0.000,0.079,0.038,0.000
351.640,0.000,0.074,0.038,0.000
351.660,0.000,0.075,0.038,0.000
351.680,0.000,0.072,0.038,0.000
351.700,0.000,0.072,0.038,0.000
351.720,0.000,0.072,0.038,0.000
351.740,0.000,0.070,0.038,0.000
351.760,0.000,0.070,0.038,0.000
351.780,0.000,0.069,0.038,0.000
351.800,0.000,0.069,0.038,0.000
351.820,0.000,0.066,0.038,0.000
351.840,0.000,0.066,0.038,0.000
351.860,0.000,0.063,0.038,0.000
351.880,0.000,0.065,0.038,0.000
351.900,0.000,0.062,0.038,0.000
351.920,0.000,0.065,0.038,0.000
351.940,0.000,0.060,0.038,0.000
351.960,0.000,0.066,0.038,0.000
351.980,0.000,0.062,0.038,0.000
352.000,0.000,0.066,0.038,0.000
352.020,0.000,0.062,0.038,0.000
352.040,0.000,0.068,0.038,0.000
352.060,0.000,0.064,0.038,0.000
352.080,0.000,0.068,0.038,0.000
352.100,0.000,0.068,0.038,0.000
352.120,0.000,0.070,0.038,0.000
352.140,0.000,0.070,0.038,0.000
352.160,0.000,0.070,0.038,0.000
352.180,0.000,0.070,0.038,0.000
352.200,0.000,0.074,0.038,0.000
352.220,0.000,0.073,0.038,0.000
352.240,0.000,0.075,0.038,0.000
352.260,0.000,0.077,0.038,0.000
352.280,0.000,0.074,0.038,0.000
352.300,0.000,0.078,0.038,0.000
352.320,0.000,0.074,0.038,0.000
352.340,0.000,0.083,0.038,0.000
352.360,0.000,0.074,0.038,0.000
352.380,0.000,0.084,0.038,0.000
352.400,0.000,0.076,0.038,0.000
352.420,0.000,0.079,0.038,0.000
352.440,0.000,0.077,0.038,0.000
352.460,0.000,0.082,0.038,0.000
352.480,0.000,0.076,0.038,0.000
352.500,0.000,0.079,0.038,0.000
352.520,0.000,0.080,0.038,0.000
352.540,0.000,0.075,0.038,0.000
352.560,0.000,0.080,0.038,0.000
352.580,0.000,0.071,0.038,0.000
352.600,0.000,0.081,0.038,0.000
352.620,0.000,0.069,0.038,0.000
352.640,0.000,0.079,0.038,0.000
352.660,0.000,0.066,0.036,0.000
352.680,0.000,0.076,0.036,0.000
352.700,0.000,0.065,0.036,0.000
352.720,0.000,0.074,0.036,0.000
352.740,0.000,0.058,0.036,0.000
352.760,0.000,0.072,0.036,0.000
352.780,0.000,0.061,0.036,0.000
352.800,0.000,0.068,0.036,0.000
352.820,0.000,0.062,0.036,0.000
352.840,0.000,0.065,0.036,0.000
352.860,0.000,0.061,0.036,0.000
352.880,0.000,0.064,0.036,0.000
352.900,0.000,0.062,0.036,0.000
352.920,0.000,0.060,0.036,0.000
352.940,0.000,0.065,0.036,0.000
352.960,0.000,0.058,0.036,0.000
352.980,0.000,0.065,0.036,0.000
353.000,0.000,0.058,0.036,0.000
353.020,0.000,0.067,0.036,0.000
353.040,0.000,0.058,0.036,0.000
353.060,0.000,0.069,0.036,0.000
353.080,0.000,0.058,0.036,0.000
353.100,0.000,0.070,0.036,0.000
353.120,0.000,0.062,0.036,0.000
353.140,0.000,0.067,0.036,0.000
353.160,0.000,0.066,0.036,0.000
353.180,0.000,0.072,0.036,0.000
353.200,0.000,0.068,0.036,0.000
353.220,0.000,0.078,0.036,0.000
353.240,0.000,0.074,0.036,0.000
353.260,0.000,0.075,0.036,0.000
353.280,0.000,0.077,0.036,0.000
353.300,0.000,0.077,0.036,0.000
353.320,0.000,0.079,0.036,0.000
353.340,0.000,0.078,0.036,0.000
353.360,0.000,0.083,0.036,0.000
353.380,0.000,0.081,0.036,0.000
353.400,0.000,0.083,0.036,0.000
353.420,0.000,0.083,0.036,0.000
353.440,0.000,0.086,0.036,0.000
353.460,0.000,0.083,0.036,0.000
353.480,0.000,0.085,0.036,0.000
353.500,0.000,0.082,0.036,0.000
353.520,0.000,0.086,0.036,0.000
353.540,0.000,0.082,0.036,0.000
353.560,0.000,0.084,0.036,0.000
353.580,0.000,0.079,0.036,0.000
353.600,0.000,0.084,0.036,0.000
353.620,0.000,0.077,0.036,0.000
353.640,0.000,0.083,0.036,0.000
353.660,0.000,0.076,0.036,0.000
353.680,0.000,0.081,0.036,0.000
353.700,0.000,0.077,0.036,0.000
353.720,0.000,0.077,0.036,0.000
353.740,0.000,0.076,0.036,0.000
353.760,0.000,0.075,0.036,0.000
353.780,0.000,0.075,0.036,0.000
353.800,0.000,0.070,0.036,0.000
353.820,0.000,0.074,0.036,0.000
353.840,0.000,0.066,0.036,0.000
353.860,0.000,0.072,0.036,0.000
353.880,0.000,0.064,0.036,0.000
353.900,0.000,0.074,0.036,0.000
353.920,0.000,0.061,0.036,0.000
353.940,0.000,0.074,0.036,0.000
353.960,0.000,0.062,0.036,0.000
353.980,0.000,0.071,0.036,0.000
354.000,0.000,0.063,0.036,0.000
354.020,0.000,0.070,0.036,0.000
354.040,0.000,0.062,0.036,0.000
354.060,0.000,0.070,0.036,0.000
354.080,0.000,0.066,0.036,0.000
354.100,0.000,0.067,0.036,0.000
354.120,0.000,0.070,0.036,0.000
354.140,0.000,0.068,0.036,0.000
354.160,0.000,0.072,0.036,0.000
354.180,0.000,0.069,0.036,0.000
354.200,0.000,0.075,0.036,0.000
354.220,0.000,0.070,0.036,0.000
354.240,0.000,0.079,0.036,0.000
354.260,0.000,0.070,0.036,0.000
354.280,0.000,0.082,0.036,0.000
354.300,0.000,0.072,0.036,0.000
354.320,0.000,0.084,0.036,0.000
354.340,0.000,0.073,0.036,0.000
354.360,0.000,0.083,0.036,0.000
354.380,0.000,0.078,0.036,0.000
354.400,0.000,0.084,0.036,0.000
354.420,0.000,0.077,0.036,0.000
354.440,0.000,0.083,0.036,0.000
354.460,0.000,0.079,0.036,0.000
354.480,0.000,0.083,0.036,0.000
354.500,0.000,0.080,0.036,0.000
354.520,0.000,0.083,0.036,0.000
354.540,0.000,0.081,0.036,0.000
354.560,0.000,0.081,0.036,0.000
354.580,0.000,0.083,0.036,0.000
354.600,0.000,0.078,0.036,0.000
354.620,0.000,0.083,0.036,0.000
354.640,0.000,0.074,0.036,0.000
354.660,0.000,0.078,0.036,0.000
354.680,0.000,0.072,0.036,0.000
354.700,0.000,0.081,0.036,0.000
354.720,0.000,0.070,0.036,0.000
354.740,0.000,0.074,0.036,0.000
354.760,0.000,0.070,0.036,0.000
354.780,0.000,0.073,0.036,0.000
354.800,0.000,0.066,0.034,0.000
354.820,0.000,0.071,0.034,0.000
354.840,0.000,0.063,0.034,0.000
354.860,0.000,0.070,0.034,0.000
354.880,0.000,0.062,0.034,0.000
354.900,0.000,0.066,0.034,0.000
354.920,0.000,0.062,0.034,0.000
354.940,0.000,0.060,0.034,0.000
354.960,0.000,0.059,0.034,0.000
354.980,0.000,0.058,0.034,0.000
355.000,0.000,0.061,0.034,0.000
355.020,0.000,0.057,0.035,0.000
355.040,0.000,0.062,0.035,0.000
355.060,0.000,0.057,0.035,0.000
355.080,0.000,0.065,0.035,0.000
355.100,0.000,0.058,0.035,0.000
355.120,0.000,0.065,0.035,0.000
355.140,0.000,0.061,0.035,0.000
355.160,0.000,0.065,0.035,0.000
355.180,0.000,0.062,0.035,0.000
355.200,0.000,0.070,0.035,0.000
355.220,0.000,0.065,0.035,0.000
355.240,0.000,0.069,0.035,0.000
355.260,0.000,0.069,0.035,0.000
355.280,0.000,0.072,0.035,0.000
355.300,0.000,0.070,0.035,0.000
355.320,0.000,0.073,0.035,0.000
355.340,0.000,0.074,0.035,0.000
355.360,0.000,0.077,0.033,0.000
355.380,0.000,0.076,0.033,0.000
355.400,0.000,0.076,0.031,0.000
355.420,0.000,0.079,0.031,0.000
355.440,0.000,0.076,0.031,0.000
355.460,0.000,0.077,0.031,0.000
355.480,0.000,0.076,0.031,0.000
355.500,0.000,0.083,0.031,0.000
355.520,0.000,0.078,0.031,0.000
355.540,0.000,0.085,0.031,0.000
355.560,0.000,0.079,0.031,0.000
355.580,0.000,0.084,0.031,0.000
355.600,0.000,0.076,0.031,0.000
355.620,0.000,0.083,0.031,0.000
355.640,0.000,0.075,0.031,0.000
355.660,0.000,0.083,0.031,0.000
355.680,0.000,0.074,0.031,0.000
355.700,0.000,0.080,0.031,0.000
355.720,0.000,0.074,0.031,0.000
355.740,0.000,0.076,0.031,0.000
355.760,0.000,0.075,0.031,0.000
355.780,0.000,0.074,0.031,0.000
355.800,0.000,0.076,0.031,0.000
355.820,0.000,0.071,0.031,0.000
355.840,0.000,0.075,0.031,0.000
355.860,0.000,0.070,0.031,0.000
355.880,0.000,0.074,0.031,0.000
355.900,0.000,0.067,0.031,0.000
355.920,0.000,0.072,0.031,0.000
355.940,0.000,0.062,0.031,0.000
355.960,0.000,0.072,0.031,0.000
355.980,0.000,0.064,0.031,0.000
356.000,0.000,0.072,0.031,0.000
356.020,0.000,0.063,0.031,0.000
356.040,0.000,0.070,0.031,0.000
356.060,0.000,0.066,0.031,0.000
356.080,0.000,0.068,0.031,0.000
356.100,0.000,0.068,0.031,0.000
356.120,0.000,0.070,0.031,0.000
356.140,0.000,0.072,0.031,0.000
356.160,0.000,0.070,0.031,0.000
356.180,0.000,0.074,0.031,0.000
356.200,0.000,0.069,0.031,0.000
356.220,0.000,0.074,0.031,0.000
356.240,0.000,0.071,0.031,0.000
356.260,0.000,0.074,0.031,0.000
356.280,0.000,0.074,0.031,0.000
356.300,0.000,0.074,0.031,0.000
356.320,0.000,0.074,0.031,0.000
356.340,0.000,0.074,0.031,0.000
356.360,0.000,0.075,0.031,0.000
356.380,0.000,0.074,0.031,0.000
356.400,0.000,0.075,0.031,0.000
356.420,0.000,0.077,0.031,0.000
356.440,0.000,0.079,0.031,0.000
356.460,0.000,0.078,0.031,0.000
356.480,0.000,0.082,0.031,0.000
356.500,0.000,0.079,0.029,0.000
356.520,0.000,0.084,0.029,0.000
356.540,0.000,0.082,0.029,0.000
356.560,0.000,0.087,0.030,0.000
356.580,0.000,0.082,0.030,0.000
356.600,0.000,0.083,0.030,0.000
356.620,0.000,0.083,0.030,0.000
356.640,0.000,0.083,0.030,0.000
356.660,0.000,0.086,0.030,0.000
356.680,0.000,0.083,0.030,0.000
356.700,0.000,0.081,0.030,0.000
356.720,0.000,0.078,0.030,0.000
356.740,0.000,0.079,0.030,0.000
356.760,0.000,0.077,0.030,0.000
356.780,0.000,0.079,0.030,0.000
356.800,0.000,0.074,0.030,0.000
356.820,0.000,0.076,0.030,0.000
356.840,0.000,0.074,0.030,0.000
356.860,0.000,0.075,0.030,0.000
356.880,0.000,0.074,0.030,0.000
356.900,0.000,0.073,0.030,0.000
356.920,0.000,0.074,0.030,0.000
356.940,0.000,0.072,0.030,0.000
356.960,0.000,0.071,0.030,0.000
356.980,0.000,0.070,0.030,0.000
357.000,0.000,0.068,0.030,0.000
357.020,0.000,0.068,0.030,0.000
357.040,0.000,0.066,0.030,0.000
357.060,0.000,0.069,0.030,0.000
357.080,0.000,0.067,0.030,0.000
357.100,0.000,0.065,0.030,0.000
357.120,0.000,0.069,0.030,0.000
357.140,0.000,0.067,0.030,0.000
357.160,0.000,0.067,0.030,0.000
357.180,0.000,0.065,0.030,0.000
357.200,0.000,0.066,0.030,0.000
357.220,0.000,0.067,0.030,0.000
357.240,0.000,0.070,0.030,0.000
357.260,0.000,0.072,0.030,0.000
357.280,0.000,0.072,0.030,0.000
357.300,0.000,0.073,0.030,0.000
357.320,0.000,0.073,0.030,0.000
357.340,0.000,0.074,0.030,0.000
357.360,0.000,0.072,0.030,0.000
357.380,0.000,0.073,0.030,0.000
357.400,0.000,0.074,0.030,0.000
357.420,0.000,0.074,0.030,0.000
357.440,0.000,0.074,0.030,0.000
357.460,0.000,0.074,0.030,0.000
357.480,0.000,0.074,0.030,0.000
357.500,0.000,0.074,0.030,0.000
357.520,0.000,0.074,0.030,0.000
357.540,0.000,0.075,0.030,0.000
357.560,0.000,0.074,0.030,0.000
357.580,0.000,0.075,0.030,0.000
357.600,0.000,0.077,0.030,0.000
357.620,0.000,0.074,0.030,0.000
357.640,0.000,0.075,0.030,0.000
357.660,0.000,0.077,0.030,0.000
357.680,0.000,0.075,0.030,0.000
357.700,0.000,0.078,0.030,0.000
357.720,0.000,0.075,0.030,0.000
357.740,0.000,0.077,0.030,0.000
357.760,0.000,0.074,0.030,0.000
357.780,0.000,0.078,0.030,0.000
357.800,0.000,0.074,0.030,0.000
357.820,0.000,0.076,0.030,0.000
357.840,0.000,0.074,0.030,0.000
357.860,0.000,0.074,0.030,0.000
357.880,0.000,0.071,0.030,0.000
357.900,0.000,0.073,0.030,0.000
357.920,0.000,0.070,0.030,0.000
357.940,0.000,0.070,0.030,0.000
357.960,0.000,0.072,0.030,0.000
357.980,0.000,0.066,0.030,0.000
358.000,0.000,0.070,0.030,0.000
358.020,0.000,0.066,0.030,0.000
358.040,0.000,0.067,0.030,0.000
358.060,0.000,0.060,0.030,0.000
358.080,0.000,0.070,0.030,0.000
358.100,0.000,0.058,0.030,0.000
358.120,0.000,0.071,0.030,0.000
358.140,0.000,0.056,0.031,0.000
358.160,0.000,0.069,0.031,0.000
358.180,0.000,0.059,0.031,0.000
358.200,0.000,0.070,0.031,0.000
358.220,0.000,0.058,0.031,0.000
358.240,0.000,0.074,0.031,0.000
358.260,0.000,0.062,0.031,0.000
358.280,0.000,0.071,0.031,0.000
358.300,0.000,0.070,0.031,0.000
358.320,0.000,0.070,0.031,0.000
358.340,0.000,0.074,0.031,0.000
358.360,0.000,0.069,0.031,0.000
358.380,0.000,0.080,0.031,0.000
358.400,0.000,0.066,0.031,0.000
358.420,0.000,0.083,0.031,0.000
358.440,0.000,0.068,0.031,0.000
358.460,0.000,0.087,0.031,0.000
358.480,0.000,0.068,0.031,0.000
358.500,0.000,0.093,0.037,0.000
358.520,0.000,0.070,0.037,0.000
358.540,0.000,0.091,0.037,0.000
358.560,0.000,0.074,0.037,0.000
358.580,0.000,0.091,0.037,0.000
358.600,0.000,0.077,0.037,0.000
358.620,0.000,0.089,0.037,0.000
358.640,0.000,0.081,0.037,0.000
358.660,0.000,0.084,0.037,0.000
358.680,0.000,0.086,0.037,0.000
358.700,0.000,0.083,0.037,0.000
358.720,0.000,0.088,0.037,0.000
358.740,0.000,0.079,0.037,0.000
358.760,0.000,0.087,0.037,0.000
358.780,0.000,0.074,0.037,0.000
358.800,0.000,0.088,0.037,0.000
358.820,0.000,0.073,0.037,0.000
358.840,0.000,0.089,0.037,0.000
358.860,0.000,0.074,0.037,0.000
358.880,0.000,0.084,0.037,0.000
358.900,0.000,0.075,0.037,0.000
358.920,0.000,0.079,0.037,0.000
358.940,0.000,0.074,0.037,0.000
358.960,0.000,0.077,0.037,0.000
358.980,0.000,0.074,0.037,0.000
359.000,0.000,0.074,0.037,0.000
359.020,0.000,0.073,0.037,0.000
359.040,0.000,0.070,0.037,0.000
359.060,0.000,0.075,0.037,0.000
359.080,0.000,0.064,0.037,0.000
359.100,0.000,0.074,0.037,0.000
359.120,0.000,0.063,0.037,0.000
359.140,0.000,0.076,0.037,0.000
359.160,0.000,0.062,0.037,0.000
359.180,0.000,0.074,0.037,0.000
359.200,0.000,0.062,0.037,0.000
359.220,0.000,0.078,0.037,0.000
359.240,0.000,0.062,0.037,0.000
359.260,0.000,0.076,0.037,0.000
359.280,0.000,0.066,0.037,0.000
359.300,0.000,0.075,0.037,0.000
359.320,0.000,0.066,0.037,0.000
359.340,0.000,0.074,0.037,0.000
359.360,0.000,0.070,0.037,0.000
359.380,0.000,0.074,0.037,0.000
359.400,0.000,0.074,0.037,0.000
359.420,0.000,0.074,0.037,0.000
359.440,0.000,0.074,0.037,0.000
359.460,0.000,0.074,0.037,0.000
359.480,0.000,0.074,0.037,0.000
359.500,0.000,0.073,0.037,0.000
359.520,0.000,0.078,0.037,0.000
359.540,0.000,0.073,0.037,0.000
359.560,0.000,0.082,0.037,0.000
359.580,0.000,0.072,0.037,0.000
359.600,0.000,0.083,0.037,0.000
359.620,0.000,0.073,0.037,0.000
359.640,0.000,0.086,0.037,0.000
359.660,0.000,0.074,0.037,0.000
359.680,0.000,0.087,0.037,0.000
359.700,0.000,0.074,0.037,0.000
359.720,0.000,0.085,0.037,0.000
359.740,0.000,0.074,0.037,0.000
359.760,0.000,0.082,0.037,0.000
359.780,0.000,0.074,0.037,0.000
359.800,0.000,0.080,0.037,0.000
359.820,0.000,0.074,0.037,0.000
359.840,0.000,0.075,0.037,0.000
359.860,0.000,0.075,0.037,0.000
359.880,0.000,0.074,0.037,0.000
359.900,0.000,0.076,0.037,0.000
359.920,0.000,0.074,0.037,0.000
359.940,0.000,0.074,0.037,0.000
359.960,0.000,0.071,0.037,0.000
359.980,0.000,0.074,0.037,0.000
360.000,0.000,0.070,0.037,0.000
360.020,0.000,0.073,0.037,0.000
360.040,0.000,0.066,0.037,0.000
360.060,0.000,0.074,0.037,0.000
360.080,0.000,0.062,0.037,0.000
360.100,0.000,0.069,0.037,0.000
360.120,0.000,0.062,0.037,0.000
360.140,0.000,0.067,0.037,0.000
360.160,0.000,0.063,0.037,0.000
360.180,0.000,0.065,0.037,0.000
360.200,0.000,0.062,0.037,0.000
360.220,0.000,0.064,0.037,0.000
360.240,0.000,0.066,0.037,0.000
360.260,0.000,0.066,0.037,0.000
360.280,0.000,0.066,0.037,0.000
360.300,0.000,0.064,0.037,0.000
360.320,0.000,0.066,0.037,0.000
360.340,0.000,0.066,0.037,0.000
360.360,0.000,0.070,0.037,0.000
360.380,0.000,0.067,0.037,0.000
360.400,0.000,0.072,0.037,0.000
360.420,0.000,0.070,0.037,0.000
360.440,0.000,0.073,0.037,0.000
360.460,0.000,0.074,0.037,0.000
360.480,0.000,0.072,0.037,0.000
360.500,0.000,0.074,0.037,0.000
360.520,0.000,0.074,0.037,0.000
360.540,0.000,0.075,0.037,0.000
360.560,0.000,0.074,0.037,0.000
360.580,0.000,0.077,0.037,0.000
360.600,0.000,0.074,0.037,0.000
360.620,0.000,0.079,0.037,0.000
360.640,0.000,0.075,0.037,0.000
360.660,0.000,0.080,0.037,0.000
360.680,0.000,0.074,0.037,0.000
360.700,0.000,0.079,0.037,0.000
360.720,0.000,0.077,0.037,0.000
360.740,0.000,0.083,0.037,0.000
360.760,0.000,0.078,0.037,0.000
360.780,0.000,0.082,0.037,0.000
360.800,0.000,0.077,0.037,0.000
360.820,0.000,0.082,0.037,0.000
360.840,0.000,0.078,0.037,0.000
360.860,0.000,0.080,0.037,0.000
360.880,0.000,0.079,0.037,0.000
360.900,0.000,0.079,0.037,0.000
360.920,0.000,0.079,0.037,0.000
360.940,0.000,0.079,0.037,0.000
360.960,0.000,0.078,0.037,0.000
360.980,0.000,0.074,0.037,0.000
361.000,0.000,0.075,0.037,0.000
361.020,0.000,0.074,0.037,0.000
361.040,0.000,0.079,0.037,0.000
361.060,0.000,0.070,0.037,0.000
361.080,0.000,0.076,0.037,0.000
361.100,0.000,0.072,0.037,0.000
361.120,0.000,0.074,0.037,0.000
361.140,0.000,0.073,0.037,0.000
361.160,0.000,0.074,0.037,0.000
361.180,0.000,0.074,0.037,0.000
361.200,0.000,0.074,0.037,0.000
361.220,0.000,0.071,0.037,0.000
361.240,0.000,0.075,0.037,0.000
361.260,0.000,0.073,0.037,0.000
361.280,0.000,0.073,0.037,0.000
361.300,0.000,0.073,0.037,0.000
361.320,0.000,0.072,0.037,0.000
361.340,0.000,0.075,0.037,0.000
361.360,0.000,0.073,0.037,0.000
361.380,0.000,0.074,0.037,0.000
361.400,0.000,0.075,0.037,0.000
361.420,0.000,0.074,0.037,0.000
361.440,0.000,0.075,0.037,0.000
361.460,0.000,0.074,0.037,0.000
361.480,0.000,0.075,0.037,0.000
361.500,0.000,0.075,0.037,0.000
361.520,0.000,0.076,0.037,0.000
361.540,0.000,0.076,0.037,0.000
361.560,0.000,0.077,0.037,0.000
361.580,0.000,0.079,0.037,0.000
361.600,0.000,0.078,0.037,0.000
361.620,0.000,0.079,0.037,0.000
361.640,0.000,0.080,0.037,0.000
361.660,0.000,0.079,0.037,0.000
361.680,0.000,0.083,0.037,0.000
361.700,0.000,0.078,0.037,0.000
361.720,0.000,0.085,0.037,0.000
361.740,0.000,0.075,0.037,0.000
361.760,0.000,0.087,0.037,0.000
361.780,0.000,0.076,0.037,0.000
361.800,0.000,0.086,0.037,0.000
361.820,0.000,0.075,0.037,0.000
361.840,0.000,0.084,0.037,0.000
361.860,0.000,0.075,0.037,0.000
361.880,0.000,0.083,0.037,0.000
361.900,0.000,0.076,0.037,0.000
361.920,0.000,0.079,0.037,0.000
361.940,0.000,0.074,0.037,0.000
361.960,0.000,0.074,0.037,0.000
361.980,0.000,0.075,0.037,0.000
362.000,0.000,0.074,0.037,0.000
362.020,0.000,0.076,0.037,0.000
362.040,0.000,0.074,0.037,0.000
362.060,0.000,0.074,0.037,0.000
362.080,0.000,0.072,0.037,0.000
362.100,0.000,0.074,0.037,0.000
362.120,0.000,0.074,0.037,0.000
362.140,0.000,0.074,0.037,0.000
362.160,0.000,0.069,0.037,0.000
362.180,0.000,0.074,0.037,0.000
362.200,0.000,0.067,0.037,0.000
362.220,0.000,0.072,0.037,0.000
362.240,0.000,0.063,0.037,0.000
362.260,0.000,0.074,0.037,0.000
362.280,0.000,0.064,0.037,0.000
362.300,0.000,0.071,0.037,0.000
362.320,0.000,0.066,0.037,0.000
362.340,0.000,0.071,0.037,0.000
362.360,0.000,0.066,0.037,0.000
362.380,0.000,0.065,0.037,0.000
362.400,0.000,0.070,0.037,0.000
362.420,0.000,0.070,0.037,0.000
362.440,0.000,0.073,0.037,0.000
362.460,0.000,0.071,0.037,0.000
362.480,0.000,0.073,0.037,0.000
362.500,0.000,0.071,0.037,0.000
362.520,0.000,0.074,0.037,0.000
362.540,0.000,0.070,0.037,0.000
362.560,0.000,0.075,0.037,0.000
362.580,0.000,0.072,0.037,0.000
362.600,0.000,0.074,0.037,0.000
362.620,0.000,0.072,0.037,0.000
362.640,0.000,0.074,0.037,0.000
362.660,0.000,0.075,0.037,0.000
362.680,0.000,0.074,0.037,0.000
362.700,0.000,0.074,0.037,0.000
362.720,0.000,0.074,0.037,0.000
362.740,0.000,0.076,0.037,0.000
362.760,0.000,0.074,0.037,0.000
362.780,0.000,0.075,0.037,0.000
362.800,0.000,0.074,0.037,0.000
362.820,0.000,0.076,0.037,0.000
362.840,0.000,0.075,0.037,0.000
362.860,0.000,0.075,0.037,0.000
362.880,0.000,0.075,0.037,0.000
362.900,0.000,0.074,0.037,0.000
362.920,0.000,0.074,0.037,0.000
362.940,0.000,0.074,0.037,0.000
362.960,0.000,0.076,0.037,0.000
362.980,0.000,0.074,0.037,0.000
363.000,0.000,0.075,0.037,0.000
363.020,0.000,0.075,0.037,0.000
363.040,0.000,0.073,0.037,0.000
363.060,0.000,0.074,0.037,0.000
363.080,0.000,0.074,0.037,0.000
363.100,0.000,0.074,0.037,0.000
363.120,0.000,0.073,0.037,0.000
363.140,0.000,0.070,0.035,0.000
363.160,0.000,0.069,0.035,0.000
363.180,0.000,0.074,0.035,0.000
363.200,0.000,0.069,0.035,0.000
363.220,0.000,0.067,0.031,0.000
363.240,0.000,0.067,0.031,0.000
363.260,0.000,0.072,0.031,0.000
363.280,0.000,0.068,0.031,0.000
363.300,0.000,0.069,0.031,0.000
363.320,0.000,0.067,0.031,0.000
363.340,0.000,0.066,0.031,0.000
363.360,0.000,0.067,0.031,0.000
363.380,0.000,0.070,0.031,0.000
363.400,0.000,0.069,0.031,0.000
363.420,0.000,0.068,0.031,0.000
363.440,0.000,0.070,0.031,0.000
363.460,0.000,0.070,0.031,0.000
363.480,0.000,0.072,0.031,0.000
363.500,0.000,0.071,0.030,0.000
363.520,0.000,0.073,0.030,0.000
363.540,0.000,0.074,0.029,0.000
363.560,0.000,0.076,0.029,0.000
363.580,0.000,0.073,0.027,0.000
363.600,0.000,0.076,0.027,0.000
363.620,0.000,0.075,0.027,0.000
363.640,0.000,0.076,0.027,0.000
363.660,0.000,0.075,0.027,0.000
363.680,0.000,0.079,0.027,0.000
363.700,0.000,0.077,0.027,0.000
363.720,0.000,0.078,0.027,0.000
363.740,0.000,0.077,0.027,0.000
363.760,0.000,0.076,0.027,0.000
363.780,0.000,0.080,0.027,0.000
363.800,0.000,0.076,0.027,0.000
363.820,0.000,0.080,0.027,0.000
363.840,0.000,0.076,0.026,0.000
363.860,0.000,0.080,0.026,0.000
363.880,0.000,0.078,0.026,0.000
363.900,0.000,0.081,0.026,0.000
363.920,0.000,0.078,0.026,0.000
363.940,0.000,0.078,0.026,0.000
363.960,0.000,0.080,0.026,0.000
363.980,0.000,0.077,0.026,0.000
364.000,0.000,0.077,0.026,0.000
364.020,0.000,0.074,0.026,0.000
364.040,0.000,0.078,0.026,0.000
364.060,0.000,0.075,0.026,0.000
364.080,0.000,0.078,0.026,0.000
364.100,0.000,0.075,0.026,0.000
364.120,0.000,0.075,0.026,0.000
364.140,0.000,0.074,0.026,0.000
364.160,0.000,0.075,0.026,0.000
364.180,0.000,0.074,0.026,0.000
364.200,0.000,0.073,0.026,0.000
364.220,0.000,0.074,0.026,0.000
364.240,0.000,0.074,0.026,0.000
364.260,0.000,0.074,0.026,0.000
364.280,0.000,0.074,0.026,0.000
364.300,0.000,0.074,0.026,0.000
364.320,0.000,0.073,0.026,0.000
364.340,0.000,0.074,0.026,0.000
364.360,0.000,0.072,0.026,0.000
364.380,0.000,0.074,0.026,0.000
364.400,0.000,0.074,0.026,0.000
364.420,0.000,0.074,0.026,0.000
364.440,0.000,0.070,0.026,0.000
364.460,0.000,0.074,0.026,0.000
364.480,0.000,0.070,0.026,0.000
364.500,0.000,0.074,0.026,0.000
364.520,0.000,0.068,0.026,0.000
364.540,0.000,0.074,0.026,0.000
364.560,0.000,0.072,0.026,0.000
364.580,0.000,0.074,0.026,0.000
364.600,0.000,0.073,0.026,0.000
364.620,0.000,0.074,0.026,0.000
364.640,0.000,0.074,0.026,0.000
364.660,0.000,0.075,0.026,0.000
364.680,0.000,0.077,0.026,0.000
364.700,0.000,0.074,0.026,0.000
364.720,0.000,0.074,0.026,0.000
364.740,0.000,0.074,0.026,0.000
364.760,0.000,0.075,0.026,0.000
364.780,0.000,0.074,0.026,0.000
364.800,0.000,0.076,0.026,0.000
364.820,0.000,0.075,0.026,0.000
364.840,0.000,0.076,0.026,0.000
364.860,0.000,0.074,0.026,0.000
364.880,0.000,0.077,0.026,0.000
364.900,0.000,0.074,0.026,0.000
364.920,0.000,0.078,0.026,0.000
364.940,0.000,0.075,0.026,0.000
364.960,0.000,0.077,0.026,0.000
364.980,0.000,0.074,0.026,0.000
365.000,0.000,0.076,0.026,0.000
365.020,0.000,0.075,0.026,0.000
365.040,0.000,0.074,0.026,0.000
365.060,0.000,0.075,0.026,0.000
365.080,0.000,0.073,0.026,0.000
365.100,0.000,0.075,0.026,0.000
365.120,0.000,0.072,0.026,0.000
365.140,0.000,0.075,0.026,0.000
365.160,0.000,0.074,0.026,0.000
365.180,0.000,0.075,0.026,0.000
365.200,0.000,0.070,0.024,0.000
365.220,0.000,0.075,0.024,0.000
365.240,0.000,0.069,0.024,0.000
365.260,0.000,0.074,0.024,0.000
365.280,0.000,0.067,0.024,0.000
365.300,0.000,0.073,0.024,0.000
365.320,0.000,0.061,0.027,0.000
365.340,0.000,0.073,0.027,0.000
365.360,0.000,0.065,0.027,0.000
365.380,0.000,0.072,0.027,0.000
365.400,0.000,0.062,0.027,0.000
365.420,0.000,0.070,0.027,0.000
365.440,0.000,0.067,0.027,0.000
365.460,0.000,0.070,0.027,0.000
365.480,0.000,0.067,0.027,0.000
365.500,0.000,0.068,0.027,0.000
365.520,0.000,0.072,0.027,0.000
365.540,0.000,0.069,0.027,0.000
365.560,0.000,0.072,0.027,0.000
365.580,0.000,0.069,0.027,0.000
365.600,0.000,0.074,0.027,0.000
365.620,0.000,0.070,0.027,0.000
365.640,0.000,0.072,0.027,0.000
365.660,0.000,0.071,0.027,0.000
365.680,0.000,0.075,0.027,0.000
365.700,0.000,0.074,0.027,0.000
365.720,0.000,0.076,0.027,0.000
365.740,0.000,0.074,0.027,0.000
365.760,0.000,0.077,0.027,0.000
365.780,0.000,0.074,0.027,0.000
365.800,0.000,0.078,0.027,0.000
365.820,0.000,0.079,0.027,0.000
365.840,0.000,0.079,0.027,0.000
365.860,0.000,0.080,0.027,0.000
365.880,0.000,0.076,0.027,0.000
365.900,0.000,0.079,0.027,0.000
365.920,0.000,0.075,0.027,0.000
365.940,0.000,0.079,0.027,0.000
365.960,0.000,0.076,0.027,0.000
365.980,0.000,0.079,0.027,0.000
366.000,0.000,0.078,0.027,0.000
366.020,0.000,0.080,0.027,0.000
366.040,0.000,0.077,0.027,0.000
366.060,0.000,0.077,0.027,0.000
366.080,0.000,0.077,0.027,0.000
366.100,0.000,0.076,0.027,0.000
366.120,0.000,0.076,0.027,0.000
366.140,0.000,0.077,0.027,0.000
366.160,0.000,0.074,0.027,0.000
366.180,0.000,0.077,0.027,0.000
366.200,0.000,0.074,0.027,0.000
366.220,0.000,0.074,0.027,0.000
366.240,0.000,0.074,0.027,0.000
366.260,0.000,0.074,0.027,0.000
366.280,0.000,0.075,0.027,0.000
366.300,0.000,0.073,0.027,0.000
366.320,0.000,0.074,0.027,0.000
366.340,0.000,0.074,0.027,0.000
366.360,0.000,0.074,0.027,0.000
366.380,0.000,0.074,0.027,0.000
366.400,0.000,0.074,0.027,0.000
366.420,0.000,0.073,0.027,0.000
366.440,0.000,0.074,0.027,0.000
366.460,0.000,0.072,0.027,0.000
366.480,0.000,0.074,0.027,0.000
366.500,0.000,0.073,0.027,0.000
366.520,0.000,0.074,0.027,0.000
366.540,0.000,0.074,0.027,0.000
366.560,0.000,0.074,0.027,0.000
366.580,0.000,0.074,0.027,0.000
366.600,0.000,0.075,0.027,0.000
366.620,0.000,0.074,0.027,0.000
366.640,0.000,0.075,0.027,0.000
366.660,0.000,0.074,0.027,0.000
366.680,0.000,0.074,0.027,0.000
366.700,0.000,0.075,0.027,0.000
366.720,0.000,0.075,0.027,0.000
366.740,0.000,0.076,0.027,0.000
366.760,0.000,0.074,0.025,0.000
366.780,0.000,0.078,0.025,0.000
366.800,0.000,0.075,0.023,0.000
366.820,0.000,0.078,0.023,0.000
366.840,0.000,0.074,0.023,0.000
366.860,0.000,0.081,0.023,0.000
366.880,0.000,0.075,0.020,0.000
366.900,0.000,0.083,0.022,0.000
366.920,0.000,0.075,0.022,0.000
366.940,0.000,0.079,0.022,0.000
366.960,0.000,0.076,0.022,0.000
366.980,0.000,0.080,0.022,0.000
367.000,0.000,0.075,0.022,0.000
367.020,0.000,0.076,0.022,0.000
367.040,0.000,0.076,0.022,0.000
367.060,0.000,0.075,0.022,0.000
367.080,0.000,0.075,0.022,0.000
367.100,0.000,0.074,0.022,0.000
367.120,0.000,0.074,0.022,0.000
367.140,0.000,0.075,0.022,0.000
367.160,0.000,0.076,0.022,0.000
367.180,0.000,0.074,0.022,0.000
367.200,0.000,0.074,0.022,0.000
367.220,0.000,0.074,0.022,0.000
367.240,0.000,0.074,0.022,0.000
367.260,0.000,0.073,0.022,0.000
367.280,0.000,0.074,0.022,0.000
367.300,0.000,0.070,0.022,0.000
367.320,0.000,0.072,0.022,0.000
367.340,0.000,0.073,0.022,0.000
367.360,0.000,0.071,0.022,0.000
367.380,0.000,0.070,0.022,0.000
367.400,0.000,0.064,0.022,0.000
367.420,0.000,0.074,0.022,0.000
367.440,0.000,0.060,0.023,0.000
367.460,0.000,0.074,0.023,0.000
367.480,0.000,0.060,0.023,0.000
367.500,0.000,0.074,0.023,0.000
367.520,0.000,0.058,0.025,0.000
367.540,0.000,0.073,0.025,0.000
367.560,0.000,0.062,0.025,0.000
367.580,0.000,0.073,0.025,0.000
367.600,0.000,0.064,0.025,0.000
367.620,0.000,0.073,0.025,0.000
367.640,0.000,0.066,0.025,0.000
367.660,0.000,0.071,0.025,0.000
367.680,0.000,0.072,0.025,0.000
367.700,0.000,0.071,0.025,0.000
367.720,0.000,0.074,0.025,0.000
367.740,0.000,0.070,0.025,0.000
367.760,0.000,0.073,0.025,0.000
367.780,0.000,0.069,0.025,0.000
367.800,0.000,0.075,0.025,0.000
367.820,0.000,0.070,0.025,0.000
367.840,0.000,0.077,0.025,0.000
367.860,0.000,0.073,0.025,0.000
367.880,0.000,0.080,0.025,0.000
367.900,0.000,0.072,0.025,0.000
367.920,0.000,0.079,0.025,0.000
367.940,0.000,0.072,0.025,0.000
367.960,0.000,0.079,0.025,0.000
367.980,0.000,0.074,0.025,0.000
368.000,0.000,0.080,0.025,0.000
368.020,0.000,0.079,0.025,0.000
368.040,0.000,0.074,0.025,0.000
368.060,0.000,0.081,0.025,0.000
368.080,0.000,0.074,0.025,0.000
368.100,0.000,0.079,0.025,0.000
368.120,0.000,0.074,0.025,0.000
368.140,0.000,0.081,0.025,0.000
368.160,0.000,0.073,0.025,0.000
368.180,0.000,0.077,0.025,0.000
368.200,0.000,0.074,0.025,0.000
368.220,0.000,0.079,0.025,0.000
368.240,0.000,0.071,0.025,0.000
368.260,0.000,0.078,0.025,0.000
368.280,0.000,0.071,0.025,0.000
368.300,0.000,0.075,0.025,0.000
368.320,0.000,0.073,0.025,0.000
368.340,0.000,0.073,0.025,0.000
368.360,0.000,0.073,0.025,0.000
368.380,0.000,0.072,0.025,0.000
368.400,0.000,0.072,0.025,0.000
368.420,0.000,0.067,0.025,0.000
368.440,0.000,0.074,0.025,0.000
368.460,0.000,0.066,0.025,0.000
368.480,0.000,0.074,0.025,0.000
368.500,0.000,0.066,0.025,0.000
368.520,0.000,0.075,0.025,0.000
368.540,0.000,0.066,0.025,0.000
368.560,0.000,0.075,0.025,0.000
368.580,0.000,0.068,0.025,0.000
368.600,0.000,0.074,0.025,0.000
368.620,0.000,0.071,0.025,0.000
368.640,0.000,0.074,0.025,0.000
368.660,0.000,0.070,0.025,0.000
368.680,0.000,0.074,0.025,0.000
368.700,0.000,0.073,0.025,0.000
368.720,0.000,0.077,0.025,0.000
368.740,0.000,0.075,0.025,0.000
368.760,0.000,0.074,0.025,0.000
368.780,0.000,0.074,0.025,0.000
368.800,0.000,0.074,0.025,0.000
368.820,0.000,0.076,0.025,0.000
368.840,0.000,0.075,0.025,0.000
368.860,0.000,0.075,0.025,0.000
368.880,0.000,0.074,0.025,0.000
368.900,0.000,0.079,0.025,0.000
368.920,0.000,0.075,0.025,0.000
368.940,0.000,0.079,0.025,0.000
368.960,0.000,0.075,0.025,0.000
368.980,0.000,0.082,0.025,0.000
369.000,0.000,0.077,0.025,0.000
369.020,0.000,0.083,0.025,0.000
369.040,0.000,0.075,0.025,0.000
369.060,0.000,0.083,0.025,0.000
369.080,0.000,0.078,0.025,0.000
369.100,0.000,0.080,0.025,0.000
369.120,0.000,0.078,0.025,0.000
369.140,0.000,0.079,0.025,0.000
369.160,0.000,0.079,0.025,0.000
369.180,0.000,0.077,0.025,0.000
369.200,0.000,0.078,0.025,0.000
369.220,0.000,0.076,0.025,0.000
369.240,0.000,0.077,0.025,0.000
369.260,0.000,0.074,0.025,0.000
369.280,0.000,0.076,0.025,0.000
369.300,0.000,0.074,0.025,0.000
369.320,0.000,0.074,0.025,0.000
369.340,0.000,0.074,0.025,0.000
369.360,0.000,0.074,0.025,0.000
369.380,0.000,0.074,0.025,0.000
369.400,0.000,0.074,0.025,0.000
369.420,0.000,0.075,0.025,0.000
369.440,0.000,0.074,0.025,0.000
369.460,0.000,0.074,0.025,0.000
369.480,0.000,0.074,0.025,0.000
369.500,0.000,0.072,0.025,0.000
369.520,0.000,0.070,0.025,0.000
369.540,0.000,0.073,0.025,0.000
369.560,0.000,0.072,0.025,0.000
369.580,0.000,0.071,0.025,0.000
369.600,0.000,0.071,0.025,0.000
369.620,0.000,0.071,0.025,0.000
369.640,0.000,0.072,0.025,0.000
369.660,0.000,0.073,0.025,0.000
369.680,0.000,0.070,0.025,0.000
369.700,0.000,0.073,0.025,0.000
369.720,0.000,0.070,0.025,0.000
369.740,0.000,0.072,0.025,0.000
369.760,0.000,0.072,0.025,0.000
369.780,0.000,0.073,0.025,0.000
369.800,0.000,0.074,0.025,0.000
369.820,0.000,0.074,0.025,0.000
369.840,0.000,0.074,0.025,0.000
369.860,0.000,0.074,0.025,0.000
369.880,0.000,0.075,0.025,0.000
369.900,0.000,0.074,0.025,0.000
369.920,0.000,0.074,0.025,0.000
369.940,0.000,0.073,0.025,0.000
369.960,0.000,0.074,0.025,0.000
369.980,0.000,0.074,0.025,0.000
370.000,0.000,0.074,0.025,0.000
370.020,0.000,0.074,0.025,0.000
370.040,0.000,0.075,0.025,0.000
370.060,0.000,0.075,0.025,0.000
370.080,0.000,0.074,0.025,0.000
370.100,0.000,0.075,0.025,0.000
370.120,0.000,0.075,0.025,0.000
370.140,0.000,0.076,0.025,0.000
370.160,0.000,0.077,0.025,0.000
370.180,0.000,0.075,0.025,0.000
370.200,0.000,0.074,0.025,0.000
370.220,0.000,0.074,0.025,0.000
370.240,0.000,0.076,0.025,0.000
370.260,0.000,0.074,0.025,0.000
370.280,0.000,0.074,0.025,0.000
370.300,0.000,0.074,0.025,0.000
370.320,0.000,0.072,0.025,0.000
370.340,0.000,0.074,0.025,0.000
370.360,0.000,0.073,0.025,0.000
370.380,0.000,0.074,0.025,0.000
370.400,0.000,0.070,0.025,0.000
370.420,0.000,0.072,0.025,0.000
370.440,0.000,0.070,0.025,0.000
370.460,0.000,0.074,0.025,0.000
370.480,0.000,0.070,0.025,0.000
370.500,0.000,0.074,0.025,0.000
370.520,0.000,0.070,0.025,0.000
370.540,0.000,0.074,0.025,0.000
370.560,0.000,0.070,0.025,0.000
370.580,0.000,0.073,0.025,0.000
370.600,0.000,0.068,0.025,0.000
370.620,0.000,0.070,0.025,0.000
370.640,0.000,0.071,0.025,0.000
370.660,0.000,0.069,0.025,0.000
370.680,0.000,0.071,0.025,0.000
370.700,0.000,0.071,0.025,0.000
370.720,0.000,0.073,0.025,0.000
370.740,0.000,0.070,0.025,0.000
370.760,0.000,0.072,0.025,0.000
370.780,0.000,0.070,0.025,0.000
370.800,0.000,0.074,0.025,0.000
370.820,0.000,0.073,0.025,0.000
370.840,0.000,0.074,0.025,0.000
370.860,0.000,0.075,0.025,0.000
370.880,0.000,0.074,0.025,0.000
370.900,0.000,0.075,0.025,0.000
370.920,0.000,0.074,0.025,0.000
370.940,0.000,0.074,0.025,0.000
370.960,0.000,0.077,0.025,0.000
370.980,0.000,0.074,0.025,0.000
371.000,0.000,0.076,0.025,0.000
371.020,0.000,0.078,0.025,0.000
371.040,0.000,0.079,0.025,0.000
371.060,0.000,0.080,0.025,0.000
371.080,0.000,0.078,0.025,0.000
371.100,0.000,0.080,0.025,0.000
371.120,0.000,0.076,0.025,0.000
371.140,0.000,0.082,0.025,0.000
371.160,0.000,0.078,0.025,0.000
371.180,0.000,0.081,0.025,0.000
371.200,0.000,0.077,0.025,0.000
371.220,0.000,0.081,0.025,0.000
371.240,0.000,0.075,0.025,0.000
371.260,0.000,0.081,0.025,0.000
371.280,0.000,0.075,0.025,0.000
371.300,0.000,0.081,0.025,0.000
371.320,0.000,0.074,0.025,0.000
371.340,0.000,0.079,0.025,0.000
371.360,0.000,0.076,0.025,0.000
371.380,0.000,0.077,0.025,0.000
371.400,0.000,0.075,0.025,0.000
371.420,0.000,0.074,0.025,0.000
371.440,0.000,0.075,0.025,0.000
371.460,0.000,0.075,0.025,0.000
371.480,0.000,0.074,0.025,0.000
371.500,0.000,0.075,0.025,0.000
371.520,0.000,0.074,0.025,0.000
371.540,0.000,0.074,0.025,0.000
371.560,0.000,0.072,0.025,0.000
371.580,0.000,0.074,0.025,0.000
371.600,0.000,0.074,0.025,0.000
371.620,0.000,0.074,0.025,0.000
371.640,0.000,0.072,0.025,0.000
371.660,0.000,0.074,0.025,0.000
371.680,0.000,0.072,0.025,0.000
371.700,0.000,0.074,0.025,0.000
371.720,0.000,0.073,0.025,0.000
371.740,0.000,0.076,0.025,0.000
371.760,0.000,0.073,0.025,0.000
371.780,0.000,0.074,0.025,0.000
371.800,0.000,0.074,0.025,0.000
371.820,0.000,0.074,0.025,0.000
371.840,0.000,0.073,0.025,0.000
371.860,0.000,0.074,0.025,0.000
371.880,0.000,0.074,0.025,0.000
371.900,0.000,0.074,0.025,0.000
371.920,0.000,0.074,0.025,0.000
371.940,0.000,0.074,0.025,0.000
371.960,0.000,0.074,0.025,0.000
371.980,0.000,0.075,0.025,0.000
372.000,0.000,0.074,0.025,0.000
372.020,0.000,0.076,0.025,0.000
372.040,0.000,0.074,0.025,0.000
372.060,0.000,0.076,0.025,0.000
372.080,0.000,0.076,0.025,0.000
372.100,0.000,0.078,0.025,0.000
372.120,0.000,0.077,0.025,0.000
372.140,0.000,0.074,0.025,0.000
372.160,0.000,0.075,0.025,0.000
372.180,0.000,0.075,0.025,0.000
372.200,0.000,0.075,0.025,0.000
372.220,0.000,0.074,0.025,0.000
372.240,0.000,0.078,0.025,0.000
372.260,0.000,0.074,0.025,0.000
372.280,0.000,0.076,0.025,0.000
372.300,0.000,0.074,0.025,0.000
372.320,0.000,0.076,0.025,0.000
372.340,0.000,0.074,0.025,0.000
372.360,0.000,0.075,0.025,0.000
372.380,0.000,0.071,0.025,0.000
372.400,0.000,0.074,0.025,0.000
372.420,0.000,0.072,0.025,0.000
372.440,0.000,0.074,0.025,0.000
372.460,0.000,0.072,0.025,0.000
372.480,0.000,0.072,0.025,0.000
372.500,0.000,0.072,0.025,0.000
372.520,0.000,0.071,0.020,0.000
372.540,0.000,0.072,0.020,0.000
372.560,0.000,0.071,0.019,0.000
372.580,0.000,0.072,0.019,0.000
372.600,0.000,0.067,0.016,0.000
372.620,0.000,0.072,0.016,0.000
372.640,0.000,0.067,0.016,0.000
372.660,0.000,0.074,0.016,0.000
372.680,0.000,0.065,0.018,0.000
372.700,0.000,0.073,0.018,0.000
372.720,0.000,0.062,0.020,0.000
372.740,0.000,0.074,0.020,0.000
372.760,0.000,0.066,0.020,0.000
372.780,0.000,0.070,0.020,0.000
372.800,0.000,0.066,0.020,0.000
372.820,0.000,0.073,0.020,0.000
372.840,0.000,0.066,0.020,0.000
372.860,0.000,0.070,0.020,0.000
372.880,0.000,0.068,0.020,0.000
372.900,0.000,0.073,0.020,0.000
372.920,0.000,0.070,0.020,0.000
372.940,0.000,0.072,0.020,0.000
372.960,0.000,0.072,0.020,0.000
372.980,0.000,0.072,0.020,0.000
373.000,0.000,0.074,0.020,0.000
373.020,0.000,0.074,0.020,0.000
373.040,0.000,0.075,0.020,0.000
373.060,0.000,0.074,0.020,0.000
373.080,0.000,0.076,0.020,0.000
373.100,0.000,0.074,0.020,0.000
373.120,0.000,0.079,0.020,0.000
373.140,0.000,0.073,0.020,0.000
373.160,0.000,0.076,0.020,0.000
373.180,0.000,0.074,0.020,0.000
373.200,0.000,0.077,0.020,0.000
373.220,0.000,0.072,0.020,0.000
373.240,0.000,0.077,0.020,0.000
373.260,0.000,0.074,0.020,0.000
373.280,0.000,0.079,0.020,0.000
373.300,0.000,0.075,0.020,0.000
373.320,0.000,0.075,0.020,0.000
373.340,0.000,0.076,0.020,0.000
373.360,0.000,0.074,0.020,0.000
373.380,0.000,0.077,0.020,0.000
373.400,0.000,0.072,0.020,0.000
373.420,0.000,0.079,0.020,0.000
373.440,0.000,0.071,0.020,0.000
373.460,0.000,0.078,0.020,0.000
373.480,0.000,0.071,0.020,0.000
373.500,0.000,0.077,0.020,0.000
373.520,0.000,0.072,0.020,0.000
373.540,0.000,0.076,0.020,0.000
373.560,0.000,0.070,0.020,0.000
373.580,0.000,0.076,0.020,0.000
373.600,0.000,0.070,0.020,0.000
373.620,0.000,0.076,0.020,0.000
373.640,0.000,0.069,0.020,0.000
373.660,0.000,0.075,0.020,0.000
373.680,0.000,0.070,0.020,0.000
373.700,0.000,0.074,0.020,0.000
373.720,0.000,0.073,0.020,0.000
373.740,0.000,0.072,0.020,0.000
373.760,0.000,0.074,0.020,0.000
373.780,0.000,0.074,0.020,0.000
373.800,0.000,0.076,0.020,0.000
373.820,0.000,0.074,0.020,0.000
373.840,0.000,0.076,0.020,0.000
373.860,0.000,0.071,0.020,0.000
373.880,0.000,0.075,0.020,0.000
373.900,0.000,0.073,0.020,0.000
373.920,0.000,0.076,0.020,0.000
373.940,0.000,0.074,0.020,0.000
373.960,0.000,0.074,0.020,0.000
373.980,0.000,0.075,0.020,0.000
374.000,0.000,0.075,0.020,0.000
374.020,0.000,0.075,0.020,0.000
374.040,0.000,0.076,0.020,0.000
374.060,0.000,0.076,0.019,0.000
374.080,0.000,0.074,0.019,0.000
374.100,0.000,0.079,0.019,0.000
374.120,0.000,0.075,0.019,0.000
374.140,0.000,0.077,0.019,0.000
374.160,0.000,0.074,0.019,0.000
374.180,0.000,0.078,0.019,0.000
374.200,0.000,0.076,0.019,0.000
374.220,0.000,0.077,0.019,0.000
374.240,0.000,0.076,0.019,0.000
374.260,0.000,0.075,0.019,0.000
374.280,0.000,0.076,0.019,0.000
374.300,0.000,0.077,0.019,0.000
374.320,0.000,0.077,0.019,0.000
374.340,0.000,0.077,0.019,0.000
374.360,0.000,0.075,0.019,0.000
374.380,0.000,0.077,0.019,0.000
374.400,0.000,0.075,0.019,0.000
374.420,0.000,0.076,0.019,0.000
374.440,0.000,0.075,0.019,0.000
374.460,0.000,0.076,0.019,0.000
374.480,0.000,0.074,0.019,0.000
374.500,0.000,0.076,0.019,0.000
374.520,0.000,0.074,0.019,0.000
374.540,0.000,0.075,0.019,0.000
374.560,0.000,0.074,0.019,0.000
374.580,0.000,0.075,0.019,0.000
374.600,0.000,0.073,0.019,0.000
374.620,0.000,0.074,0.019,0.000
374.640,0.000,0.073,0.019,0.000
374.660,0.000,0.074,0.019,0.000
374.680,0.000,0.073,0.019,0.000
374.700,0.000,0.074,0.019,0.000
374.720,0.000,0.074,0.019,0.000
374.740,0.000,0.071,0.019,0.000
374.760,0.000,0.072,0.019,0.000
374.780,0.000,0.070,0.019,0.000
374.800,0.000,0.073,0.019,0.000
374.820,0.000,0.070,0.019,0.000
374.840,0.000,0.073,0.019,0.000
374.860,0.000,0.069,0.019,0.000
374.880,0.000,0.073,0.019,0.000
374.900,0.000,0.070,0.019,0.000
374.920,0.000,0.074,0.019,0.000
374.940,0.000,0.068,0.019,0.000
374.960,0.000,0.072,0.019,0.000
374.980,0.000,0.070,0.019,0.000
375.000,0.000,0.073,0.019,0.000
375.020,0.000,0.074,0.019,0.000
375.040,0.000,0.075,0.019,0.000
375.060,0.000,0.074,0.019,0.000
375.080,0.000,0.070,0.019,0.000
375.100,0.000,0.075,0.019,0.000
375.120,0.000,0.073,0.019,0.000
375.140,0.000,0.076,0.019,0.000
375.160,0.000,0.074,0.019,0.000
375.180,0.000,0.074,0.019,0.000
375.200,0.000,0.074,0.019,0.000
375.220,0.000,0.074,0.019,0.000
375.240,0.000,0.074,0.019,0.000
375.260,0.000,0.074,0.019,0.000
375.280,0.000,0.075,0.019,0.000
375.300,0.000,0.074,0.019,0.000
375.320,0.000,0.075,0.019,0.000
375.340,0.000,0.074,0.019,0.000
375.360,0.000,0.076,0.019,0.000
375.380,0.000,0.074,0.019,0.000
375.400,0.000,0.075,0.019,0.000
375.420,0.000,0.074,0.019,0.000
375.440,0.000,0.074,0.019,0.000
375.460,0.000,0.074,0.019,0.000
375.480,0.000,0.074,0.019,0.000
375.500,0.000,0.074,0.019,0.000
375.520,0.000,0.075,0.019,0.000
375.540,0.000,0.072,0.019,0.000
375.560,0.000,0.074,0.019,0.000
375.580,0.000,0.073,0.019,0.000
375.600,0.000,0.074,0.019,0.000
375.620,0.000,0.072,0.019,0.000
375.640,0.000,0.074,0.019,0.000
375.660,0.000,0.073,0.019,0.000
375.680,0.000,0.074,0.019,0.000
375.700,0.000,0.072,0.019,0.000
375.720,0.000,0.070,0.019,0.000
375.740,0.000,0.074,0.019,0.000
375.760,0.000,0.070,0.019,0.000
375.780,0.000,0.073,0.019,0.000
375.800,0.000,0.070,0.019,0.000
375.820,0.000,0.072,0.019,0.000
375.840,0.000,0.070,0.019,0.000
375.860,0.000,0.072,0.019,0.000
375.880,0.000,0.068,0.019,0.000
375.900,0.000,0.072,0.019,0.000
375.920,0.000,0.070,0.019,0.000
375.940,0.000,0.073,0.019,0.000
375.960,0.000,0.071,0.019,0.000
375.980,0.000,0.073,0.019,0.000
376.000,0.000,0.073,0.019,0.000
376.020,0.000,0.072,0.019,0.000
376.040,0.000,0.074,0.019,0.000
376.060,0.000,0.073,0.019,0.000
376.080,0.000,0.077,0.019,0.000
376.100,0.000,0.074,0.019,0.000
376.120,0.000,0.076,0.019,0.000
376.140,0.000,0.074,0.019,0.000
376.160,0.000,0.079,0.019,0.000
376.180,0.000,0.076,0.019,0.000
376.200,0.000,0.077,0.019,0.000
376.220,0.000,0.080,0.019,0.000
376.240,0.000,0.076,0.019,0.000
376.260,0.000,0.074,0.019,0.000
376.280,0.000,0.079,0.019,0.000
376.300,0.000,0.079,0.018,0.000
376.320,0.000,0.075,0.018,0.000
376.340,0.000,0.076,0.018,0.000
376.360,0.000,0.079,0.018,0.000
376.380,0.000,0.076,0.018,0.000
376.400,0.000,0.080,0.018,0.000
376.420,0.000,0.074,0.018,0.000
376.440,0.000,0.083,0.020,0.000
376.460,0.000,0.075,0.020,0.000
376.480,0.000,0.078,0.020,0.000
376.500,0.000,0.075,0.020,0.000
376.520,0.000,0.074,0.020,0.000
376.540,0.000,0.075,0.020,0.000
376.560,0.000,0.076,0.020,0.000
376.580,0.000,0.076,0.020,0.000
376.600,0.000,0.074,0.020,0.000
376.620,0.000,0.074,0.020,0.000
376.640,0.000,0.074,0.020,0.000
376.660,0.000,0.075,0.020,0.000
376.680,0.000,0.074,0.020,0.000
376.700,0.000,0.074,0.020,0.000
376.720,0.000,0.073,0.020,0.000
376.740,0.000,0.074,0.020,0.000
376.760,0.000,0.074,0.020,0.000
376.780,0.000,0.074,0.020,0.000
376.800,0.000,0.074,0.020,0.000
376.820,0.000,0.074,0.020,0.000
376.840,0.000,0.074,0.020,0.000
376.860,0.000,0.075,0.020,0.000
376.880,0.000,0.074,0.020,0.000
376.900,0.000,0.074,0.020,0.000
376.920,0.000,0.074,0.020,0.000
376.940,0.000,0.073,0.020,0.000
376.960,0.000,0.075,0.020,0.000
376.980,0.000,0.073,0.020,0.000
377.000,0.000,0.074,0.020,0.000
377.020,0.000,0.073,0.020,0.000
377.040,0.000,0.075,0.020,0.000
377.060,0.000,0.072,0.020,0.000
377.080,0.000,0.076,0.020,0.000
377.100,0.000,0.074,0.020,0.000
377.120,0.000,0.075,0.020,0.000
377.140,0.000,0.073,0.020,0.000
377.160,0.000,0.078,0.020,0.000
377.180,0.000,0.072,0.020,0.000
377.200,0.000,0.077,0.020,0.000
377.220,0.000,0.075,0.020,0.000
377.240,0.000,0.075,0.020,0.000
377.260,0.000,0.076,0.020,0.000
377.280,0.000,0.074,0.020,0.000
377.300,0.000,0.077,0.020,0.000
377.320,0.000,0.075,0.020,0.000
377.340,0.000,0.077,0.020,0.000
377.360,0.000,0.074,0.020,0.000
377.380,0.000,0.078,0.020,0.000
377.400,0.000,0.074,0.020,0.000
377.420,0.000,0.078,0.020,0.000
377.440,0.000,0.073,0.020,0.000
377.460,0.000,0.079,0.020,0.000
377.480,0.000,0.074,0.020,0.000
377.500,0.000,0.076,0.020,0.000
377.520,0.000,0.073,0.020,0.000
377.540,0.000,0.077,0.020,0.000
377.560,0.000,0.071,0.020,0.000
377.580,0.000,0.074,0.020,0.000
377.600,0.000,0.072,0.020,0.000
377.620,0.000,0.073,0.020,0.000
377.640,0.000,0.074,0.020,0.000
377.660,0.000,0.069,0.020,0.000
377.680,0.000,0.073,0.020,0.000
377.700,0.000,0.070,0.020,0.000
377.720,0.000,0.074,0.017,0.000
377.740,0.000,0.069,0.017,0.000
377.760,0.000,0.073,0.017,0.000
377.780,0.000,0.066,0.017,0.000
377.800,0.000,0.071,0.017,0.000
377.820,0.000,0.062,0.020,0.000
377.840,0.000,0.074,0.020,0.000
377.860,0.000,0.069,0.020,0.000
377.880,0.000,0.072,0.020,0.000
377.900,0.000,0.067,0.020,0.000
377.920,0.000,0.074,0.020,0.000
377.940,0.000,0.066,0.020,0.000
377.960,0.000,0.071,0.020,0.000
377.980,0.000,0.070,0.020,0.000
378.000,0.000,0.071,0.020,0.000
378.020,0.000,0.067,0.020,0.000
378.040,0.000,0.071,0.020,0.000
378.060,0.000,0.072,0.020,0.000
378.080,0.000,0.073,0.020,0.000
378.100,0.000,0.074,0.020,0.000
378.120,0.000,0.074,0.020,0.000
378.140,0.000,0.075,0.020,0.000
378.160,0.000,0.074,0.020,0.000
378.180,0.000,0.075,0.020,0.000
378.200,0.000,0.072,0.020,0.000
378.220,0.000,0.074,0.020,0.000
378.240,0.000,0.074,0.020,0.000
378.260,0.000,0.077,0.020,0.000
378.280,0.000,0.074,0.020,0.000
378.300,0.000,0.078,0.020,0.000
378.320,0.000,0.075,0.020,0.000
378.340,0.000,0.074,0.020,0.000
378.360,0.000,0.074,0.020,0.000
378.380,0.000,0.079,0.020,0.000
378.400,0.000,0.074,0.020,0.000
378.420,0.000,0.079,0.020,0.000
378.440,0.000,0.075,0.020,0.000
378.460,0.000,0.079,0.020,0.000
378.480,0.000,0.076,0.020,0.000
378.500,0.000,0.076,0.020,0.000
378.520,0.000,0.079,0.020,0.000
378.540,0.000,0.074,0.020,0.000
378.560,0.000,0.079,0.020,0.000
378.580,0.000,0.073,0.020,0.000
378.600,0.000,0.079,0.020,0.000
378.620,0.000,0.073,0.020,0.000
378.640,0.000,0.079,0.020,0.000
378.660,0.000,0.074,0.020,0.000
378.680,0.000,0.079,0.020,0.000
378.700,0.000,0.071,0.020,0.000
378.720,0.000,0.079,0.020,0.000
378.740,0.000,0.071,0.020,0.000
378.760,0.000,0.079,0.020,0.000
378.780,0.000,0.068,0.020,0.000
378.800,0.000,0.077,0.020,0.000
378.820,0.000,0.070,0.020,0.000
378.840,0.000,0.074,0.020,0.000
378.860,0.000,0.074,0.020,0.000
378.880,0.000,0.074,0.020,0.000
378.900,0.000,0.072,0.020,0.000
378.920,0.000,0.075,0.020,0.000
378.940,0.000,0.073,0.020,0.000
378.960,0.000,0.075,0.020,0.000
378.980,0.000,0.074,0.020,0.000
379.000,0.000,0.074,0.020,0.000
379.020,0.000,0.074,0.020,0.000
379.040,0.000,0.074,0.020,0.000
379.060,0.000,0.074,0.020,0.000
379.080,0.000,0.074,0.020,0.000
379.100,0.000,0.074,0.020,0.000
379.120,0.000,0.074,0.020,0.000
379.140,0.000,0.075,0.020,0.000
379.160,0.000,0.074,0.020,0.000
379.180,0.000,0.074,0.020,0.000
379.200,0.000,0.075,0.020,0.000
379.220,0.000,0.076,0.020,0.000
379.240,0.000,0.075,0.020,0.000
379.260,0.000,0.075,0.020,0.000
379.280,0.000,0.077,0.020,0.000
379.300,0.000,0.076,0.020,0.000
379.320,0.000,0.077,0.020,0.000
379.340,0.000,0.075,0.020,0.000
379.360,0.000,0.076,0.020,0.000
379.380,0.000,0.074,0.020,0.000
379.400,0.000,0.079,0.020,0.000
379.420,0.000,0.077,0.020,0.000
379.440,0.000,0.075,0.020,0.000
379.460,0.000,0.074,0.020,0.000
379.480,0.000,0.079,0.020,0.000
379.500,0.000,0.075,0.020,0.000
379.520,0.000,0.074,0.020,0.000
379.540,0.000,0.076,0.020,0.000
379.560,0.000,0.075,0.020,0.000
379.580,0.000,0.076,0.020,0.000
379.600,0.000,0.074,0.020,0.000
379.620,0.000,0.077,0.020,0.000
379.640,0.000,0.076,0.020,0.000
379.660,0.000,0.074,0.020,0.000
379.680,0.000,0.074,0.020,0.000
379.700,0.000,0.074,0.020,0.000
379.720,0.000,0.074,0.020,0.000
379.740,0.000,0.074,0.020,0.000
379.760,0.000,0.073,0.020,0.000
379.780,0.000,0.074,0.020,0.000
379.800,0.000,0.072,0.020,0.000
379.820,0.000,0.073,0.020,0.000
379.840,0.000,0.074,0.020,0.000
379.860,0.000,0.072,0.020,0.000
379.880,0.000,0.070,0.020,0.000
379.900,0.000,0.074,0.020,0.000
379.920,0.000,0.070,0.020,0.000
379.940,0.000,0.072,0.020,0.000
379.960,0.000,0.068,0.020,0.000
379.980,0.000,0.071,0.020,0.000
380.000,0.000,0.068,0.020,0.000
380.020,0.000,0.073,0.020,0.000
380.040,0.000,0.068,0.020,0.000
380.060,0.000,0.074,0.020,0.000
380.080,0.000,0.070,0.020,0.000
380.100,0.000,0.074,0.020,0.000
380.120,0.000,0.071,0.020,0.000
380.140,0.000,0.072,0.020,0.000
380.160,0.000,0.072,0.020,0.000
380.180,0.000,0.071,0.020,0.000
380.200,0.000,0.072,0.020,0.000
380.220,0.000,0.072,0.020,0.000
380.240,0.000,0.073,0.020,0.000
380.260,0.000,0.071,0.020,0.000
380.280,0.000,0.073,0.020,0.000
380.300,0.000,0.071,0.020,0.000
380.320,0.000,0.074,0.020,0.000
380.340,0.000,0.074,0.020,0.000
380.360,0.000,0.074,0.020,0.000
380.380,0.000,0.074,0.020,0.000
380.400,0.000,0.074,0.020,0.000
380.420,0.000,0.074,0.020,0.000
380.440,0.000,0.074,0.020,0.000
380.460,0.000,0.074,0.020,0.000
380.480,0.000,0.074,0.020,0.000
380.500,0.000,0.074,0.020,0.000
380.520,0.000,0.075,0.020,0.000
380.540,0.000,0.075,0.020,0.000
380.560,0.000,0.074,0.020,0.000
380.580,0.000,0.075,0.020,0.000
380.600,0.000,0.074,0.020,0.000
380.620,0.000,0.075,0.020,0.000
380.640,0.000,0.074,0.020,0.000
380.660,0.000,0.074,0.020,0.000
380.680,0.000,0.074,0.020,0.000
380.700,0.000,0.074,0.020,0.000
380.720,0.000,0.074,0.020,0.000
380.740,0.000,0.074,0.020,0.000
380.760,0.000,0.073,0.020,0.000
380.780,0.000,0.074,0.020,0.000
380.800,0.000,0.070,0.020,0.000
380.820,0.000,0.074,0.020,0.000
380.840,0.000,0.073,0.020,0.000
380.860,0.000,0.073,0.020,0.000
380.880,0.000,0.070,0.020,0.000
380.900,0.000,0.070,0.020,0.000
380.920,0.000,0.070,0.020,0.000
380.940,0.000,0.073,0.020,0.000
380.960,0.000,0.070,0.020,0.000
380.980,0.000,0.074,0.020,0.000
381.000,0.000,0.069,0.020,0.000
381.020,0.000,0.074,0.020,0.000
381.040,0.000,0.069,0.020,0.000
381.060,0.000,0.071,0.020,0.000
381.080,0.000,0.074,0.020,0.000
381.100,0.000,0.074,0.020,0.000
381.120,0.000,0.073,0.020,0.000
381.140,0.000,0.073,0.020,0.000
381.160,0.000,0.072,0.020,0.000
381.180,0.000,0.074,0.020,0.000
381.200,0.000,0.075,0.020,0.000
381.220,0.000,0.074,0.020,0.000
381.240,0.000,0.074,0.020,0.000
381.260,0.000,0.074,0.020,0.000
381.280,0.000,0.075,0.020,0.000
381.300,0.000,0.074,0.020,0.000
381.320,0.000,0.079,0.020,0.000
381.340,0.000,0.075,0.020,0.000
381.360,0.000,0.076,0.020,0.000
381.380,0.000,0.075,0.020,0.000
381.400,0.000,0.074,0.020,0.000
381.420,0.000,0.077,0.020,0.000
381.440,0.000,0.075,0.017,0.000
381.460,0.000,0.077,0.017,0.000
381.480,0.000,0.074,0.017,0.000
381.500,0.000,0.079,0.017,0.000
381.520,0.000,0.075,0.017,0.000
381.540,0.000,0.078,0.017,0.000
381.560,0.000,0.074,0.017,0.000
381.580,0.000,0.079,0.017,0.000
381.600,0.000,0.075,0.017,0.000
381.620,0.000,0.078,0.017,0.000
381.640,0.000,0.074,0.017,0.000
381.660,0.000,0.077,0.017,0.000
381.680,0.000,0.074,0.017,0.000
381.700,0.000,0.077,0.017,0.000
381.720,0.000,0.074,0.017,0.000
381.740,0.000,0.075,0.017,0.000
381.760,0.000,0.075,0.017,0.000
381.780,0.000,0.077,0.017,0.000
381.800,0.000,0.074,0.017,0.000
381.820,0.000,0.077,0.017,0.000
381.840,0.000,0.074,0.017,0.000
381.860,0.000,0.074,0.017,0.000
381.880,0.000,0.074,0.017,0.000
381.900,0.000,0.075,0.017,0.000
381.920,0.000,0.075,0.017,0.000
381.940,0.000,0.073,0.017,0.000
381.960,0.000,0.074,0.017,0.000
381.980,0.000,0.074,0.017,0.000
382.000,0.000,0.074,0.017,0.000
382.020,0.000,0.074,0.017,0.000
382.040,0.000,0.074,0.017,0.000
382.060,0.000,0.073,0.017,0.000
382.080,0.000,0.074,0.017,0.000
382.100,0.000,0.073,0.017,0.000
382.120,0.000,0.074,0.017,0.000
382.140,0.000,0.073,0.017,0.000
382.160,0.000,0.074,0.017,0.000
382.180,0.000,0.074,0.017,0.000
382.200,0.000,0.072,0.017,0.000
382.220,0.000,0.074,0.017,0.000
382.240,0.000,0.073,0.017,0.000
382.260,0.000,0.074,0.017,0.000
382.280,0.000,0.073,0.017,0.000
382.300,0.000,0.074,0.017,0.000
382.320,0.000,0.073,0.017,0.000
382.340,0.000,0.075,0.017,0.000
382.360,0.000,0.073,0.017,0.000
382.380,0.000,0.075,0.017,0.000
382.400,0.000,0.074,0.017,0.000
382.420,0.000,0.074,0.017,0.000
382.440,0.000,0.075,0.017,0.000
382.460,0.000,0.074,0.017,0.000
382.480,0.000,0.075,0.017,0.000
382.500,0.000,0.074,0.017,0.000
382.520,0.000,0.074,0.017,0.000
382.540,0.000,0.074,0.017,0.000
382.560,0.000,0.074,0.017,0.000
382.580,0.000,0.074,0.017,0.000
382.600,0.000,0.072,0.017,0.000
382.620,0.000,0.076,0.017,0.000
382.640,0.000,0.072,0.017,0.000
382.660,0.000,0.076,0.017,0.000
382.680,0.000,0.072,0.017,0.000
382.700,0.000,0.075,0.017,0.000
382.720,0.000,0.073,0.017,0.000
382.740,0.000,0.075,0.017,0.000
382.760,0.000,0.071,0.017,0.000
382.780,0.000,0.075,0.017,0.000
382.800,0.000,0.071,0.017,0.000
382.820,0.000,0.074,0.013,0.000
382.840,0.000,0.070,0.013,0.000
382.860,0.000,0.072,0.013,0.000
382.880,0.000,0.070,0.013,0.000
382.900,0.000,0.073,0.013,0.000
382.920,0.000,0.071,0.013,0.000
382.940,0.000,0.072,0.012,0.000
382.960,0.000,0.073,0.012,0.000
382.980,0.000,0.074,0.012,0.000
383.000,0.000,0.073,0.012,0.000
383.020,0.000,0.071,0.011,0.000
383.040,0.000,0.072,0.011,0.000
383.060,0.000,0.069,0.011,0.000
383.080,0.000,0.074,0.011,0.000
383.100,0.000,0.070,0.011,0.000
383.120,0.000,0.072,0.011,0.000
383.140,0.000,0.071,0.011,0.000
383.160,0.000,0.073,0.011,0.000
383.180,0.000,0.072,0.011,0.000
383.200,0.000,0.074,0.011,0.000
383.220,0.000,0.073,0.011,0.000
383.240,0.000,0.072,0.011,0.000
383.260,0.000,0.074,0.011,0.000
383.280,0.000,0.072,0.011,0.000
383.300,0.000,0.074,0.011,0.000
383.320,0.000,0.071,0.011,0.000
383.340,0.000,0.075,0.011,0.000
383.360,0.000,0.072,0.011,0.000
383.380,0.000,0.075,0.011,0.000
383.400,0.000,0.073,0.011,0.000
383.420,0.000,0.075,0.011,0.000
383.440,0.000,0.074,0.011,0.000
383.460,0.000,0.076,0.011,0.000
383.480,0.000,0.074,0.011,0.000
383.500,0.000,0.076,0.011,0.000
383.520,0.000,0.074,0.011,0.000
383.540,0.000,0.077,0.011,0.000
383.560,0.000,0.075,0.011,0.000
383.580,0.000,0.075,0.011,0.000
383.600,0.000,0.078,0.011,0.000
383.620,0.000,0.077,0.011,0.000
383.640,0.000,0.075,0.011,0.000
383.660,0.000,0.077,0.011,0.000
383.680,0.000,0.079,0.011,0.000
383.700,0.000,0.075,0.011,0.000
383.720,0.000,0.079,0.011,0.000
383.740,0.000,0.074,0.011,0.000
383.760,0.000,0.079,0.011,0.000
383.780,0.000,0.074,0.011,0.000
383.800,0.000,0.081,0.013,0.000
383.820,0.000,0.070,0.013,0.000
383.840,0.000,0.080,0.013,0.000
383.860,0.000,0.071,0.013,0.000
383.880,0.000,0.081,0.013,0.000
383.900,0.000,0.069,0.013,0.000
383.920,0.000,0.082,0.014,0.000
383.940,0.000,0.070,0.014,0.000
383.960,0.000,0.080,0.014,0.000
383.980,0.000,0.071,0.014,0.000
384.000,0.000,0.077,0.014,0.000
384.020,0.000,0.073,0.014,0.000
384.040,0.000,0.075,0.014,0.000
384.060,0.000,0.075,0.014,0.000
384.080,0.000,0.074,0.014,0.000
384.100,0.000,0.079,0.014,0.000
384.120,0.000,0.070,0.014,0.000
384.140,0.000,0.079,0.014,0.000
384.160,0.000,0.070,0.014,0.000
384.180,0.000,0.079,0.014,0.000
384.200,0.000,0.069,0.014,0.000
384.220,0.000,0.079,0.014,0.000
384.240,0.000,0.068,0.014,0.000
384.260,0.000,0.077,0.014,0.000
384.280,0.000,0.073,0.014,0.000
384.300,0.000,0.079,0.014,0.000
384.320,0.000,0.075,0.014,0.000
384.340,0.000,0.079,0.014,0.000
384.360,0.000,0.074,0.014,0.000
384.380,0.000,0.077,0.014,0.000
384.400,0.000,0.074,0.014,0.000
384.420,0.000,0.075,0.014,0.000
384.440,0.000,0.078,0.014,0.000
384.460,0.000,0.074,0.014,0.000
384.480,0.000,0.083,0.015,0.000
384.500,0.000,0.070,0.015,0.000
384.520,0.000,0.085,0.017,0.000
384.540,0.000,0.073,0.017,0.000
384.560,0.000,0.088,0.020,0.000
384.580,0.000,0.070,0.020,0.000
384.600,0.000,0.088,0.020,0.000
384.620,0.000,0.068,0.020,0.000
384.640,0.000,0.087,0.020,0.000
384.660,0.000,0.067,0.021,0.000
384.680,0.000,0.084,0.021,0.000
384.700,0.000,0.068,0.021,0.000
384.720,0.000,0.083,0.021,0.000
384.740,0.000,0.069,0.021,0.000
384.760,0.000,0.081,0.021,0.000
384.780,0.000,0.071,0.021,0.000
384.800,0.000,0.078,0.021,0.000
384.820,0.000,0.074,0.021,0.000
384.840,0.000,0.074,0.021,0.000
384.860,0.000,0.075,0.021,0.000
384.880,0.000,0.070,0.021,0.000
384.900,0.000,0.075,0.021,0.000
384.920,0.000,0.068,0.021,0.000
384.940,0.000,0.075,0.021,0.000
384.960,0.000,0.068,0.021,0.000
384.980,0.000,0.074,0.021,0.000
385.000,0.000,0.066,0.023,0.000
385.020,0.000,0.075,0.023,0.000
385.040,0.000,0.063,0.025,0.000
385.060,0.000,0.072,0.025,0.000
385.080,0.000,0.063,0.025,0.000
385.100,0.000,0.074,0.025,0.000
385.120,0.000,0.068,0.025,0.000
385.140,0.000,0.074,0.025,0.000
385.160,0.000,0.065,0.025,0.000
385.180,0.000,0.071,0.025,0.000
385.200,0.000,0.069,0.025,0.000
385.220,0.000,0.073,0.025,0.000
385.240,0.000,0.074,0.025,0.000
385.260,0.000,0.070,0.025,0.000
385.280,0.000,0.074,0.025,0.000
385.300,0.000,0.070,0.025,0.000
385.320,0.000,0.074,0.025,0.000
385.340,0.000,0.069,0.025,0.000
385.360,0.000,0.074,0.025,0.000
385.380,0.000,0.070,0.025,0.000
385.400,0.000,0.073,0.025,0.000
385.420,0.000,0.070,0.025,0.000
385.440,0.000,0.074,0.025,0.000
385.460,0.000,0.073,0.025,0.000
385.480,0.000,0.075,0.025,0.000
385.500,0.000,0.072,0.025,0.000
385.520,0.000,0.073,0.025,0.000
385.540,0.000,0.075,0.025,0.000
385.560,0.000,0.073,0.025,0.000
385.580,0.000,0.074,0.025,0.000
385.600,0.000,0.074,0.025,0.000
385.620,0.000,0.074,0.025,0.000
385.640,0.000,0.074,0.025,0.000
385.660,0.000,0.074,0.025,0.000
385.680,0.000,0.073,0.025,0.000
385.700,0.000,0.075,0.025,0.000
385.720,0.000,0.074,0.025,0.000
385.740,0.000,0.075,0.025,0.000
385.760,0.000,0.074,0.025,0.000
385.780,0.000,0.075,0.025,0.000
385.800,0.000,0.073,0.025,0.000
385.820,0.000,0.074,0.025,0.000
385.840,0.000,0.074,0.025,0.000
385.860,0.000,0.073,0.025,0.000
385.880,0.000,0.073,0.025,0.000
385.900,0.000,0.074,0.025,0.000
385.920,0.000,0.073,0.025,0.000
385.940,0.000,0.070,0.025,0.000
385.960,0.000,0.073,0.025,0.000
385.980,0.000,0.071,0.025,0.000
386.000,0.000,0.077,0.025,0.000
386.020,0.000,0.070,0.025,0.000
386.040,0.000,0.074,0.025,0.000
386.060,0.000,0.070,0.025,0.000
386.080,0.000,0.076,0.025,0.000
386.100,0.000,0.069,0.025,0.000
386.120,0.000,0.074,0.025,0.000
386.140,0.000,0.070,0.025,0.000
386.160,0.000,0.075,0.025,0.000
386.180,0.000,0.072,0.025,0.000
386.200,0.000,0.074,0.025,0.000
386.220,0.000,0.072,0.025,0.000
386.240,0.000,0.074,0.025,0.000
386.260,0.000,0.074,0.025,0.000
386.280,0.000,0.072,0.025,0.000
386.300,0.000,0.075,0.025,0.000
386.320,0.000,0.073,0.025,0.000
386.340,0.000,0.076,0.025,0.000
386.360,0.000,0.073,0.025,0.000
386.380,0.000,0.077,0.025,0.000
386.400,0.000,0.071,0.025,0.000
386.420,0.000,0.081,0.025,0.000
386.440,0.000,0.069,0.025,0.000
386.460,0.000,0.087,0.025,0.000
386.480,0.000,0.067,0.025,0.000
386.500,0.000,0.087,0.025,0.000
386.520,0.000,0.070,0.025,0.000
386.540,0.000,0.086,0.025,0.000
386.560,0.000,0.073,0.025,0.000
386.580,0.000,0.083,0.025,0.000
386.600,0.000,0.075,0.025,0.000
386.620,0.000,0.080,0.025,0.000
386.640,0.000,0.080,0.025,0.000
386.660,0.000,0.080,0.025,0.000
386.680,0.000,0.080,0.025,0.000
386.700,0.000,0.075,0.025,0.000
386.720,0.000,0.081,0.025,0.000
386.740,0.000,0.077,0.025,0.000
386.760,0.000,0.081,0.025,0.000
386.780,0.000,0.075,0.025,0.000
386.800,0.000,0.083,0.025,0.000
386.820,0.000,0.076,0.025,0.000
386.840,0.000,0.081,0.025,0.000
386.860,0.000,0.074,0.025,0.000
386.880,0.000,0.077,0.025,0.000
386.900,0.000,0.074,0.025,0.000
386.920,0.000,0.079,0.025,0.000
386.940,0.000,0.076,0.025,0.000
386.960,0.000,0.077,0.025,0.000
386.980,0.000,0.075,0.025,0.000
387.000,0.000,0.074,0.025,0.000
387.020,0.000,0.078,0.025,0.000
387.040,0.000,0.071,0.025,0.000
387.060,0.000,0.078,0.025,0.000
387.080,0.000,0.070,0.025,0.000
387.100,0.000,0.080,0.025,0.000
387.120,0.000,0.069,0.025,0.000
387.140,0.000,0.079,0.025,0.000
387.160,0.000,0.069,0.025,0.000
387.180,0.000,0.079,0.025,0.000
387.200,0.000,0.068,0.025,0.000
387.220,0.000,0.083,0.025,0.000
387.240,0.000,0.066,0.025,0.000
387.260,0.000,0.082,0.025,0.000
387.280,0.000,0.066,0.025,0.000
387.300,0.000,0.081,0.025,0.000
387.320,0.000,0.066,0.025,0.000
387.340,0.000,0.077,0.025,0.000
387.360,0.000,0.065,0.025,0.000
387.380,0.000,0.077,0.025,0.000
387.400,0.000,0.066,0.025,0.000
387.420,0.000,0.079,0.025,0.000
387.440,0.000,0.067,0.025,0.000
387.460,0.000,0.079,0.025,0.000
387.480,0.000,0.067,0.025,0.000
387.500,0.000,0.078,0.025,0.000
387.520,0.000,0.070,0.025,0.000
387.540,0.000,0.074,0.025,0.000
387.560,0.000,0.073,0.025,0.000
387.580,0.000,0.075,0.025,0.000
387.600,0.000,0.070,0.025,0.000
387.620,0.000,0.075,0.025,0.000
387.640,0.000,0.073,0.025,0.000
387.660,0.000,0.073,0.025,0.000
387.680,0.000,0.073,0.025,0.000
387.700,0.000,0.074,0.025,0.000
387.720,0.000,0.074,0.025,0.000
387.740,0.000,0.071,0.025,0.000
387.760,0.000,0.070,0.025,0.000
387.780,0.000,0.075,0.025,0.000
387.800,0.000,0.073,0.025,0.000
387.820,0.000,0.074,0.025,0.000
387.840,0.000,0.073,0.025,0.000
387.860,0.000,0.075,0.025,0.000
387.880,0.000,0.071,0.025,0.000
387.900,0.000,0.074,0.025,0.000
387.920,0.000,0.070,0.025,0.000
387.940,0.000,0.075,0.025,0.000
387.960,0.000,0.070,0.025,0.000
387.980,0.000,0.074,0.025,0.000
388.000,0.000,0.070,0.025,0.000
388.020,0.000,0.074,0.025,0.000
388.040,0.000,0.070,0.025,0.000
388.060,0.000,0.074,0.025,0.000
388.080,0.000,0.073,0.025,0.000
388.100,0.000,0.072,0.025,0.000
388.120,0.000,0.070,0.025,0.000
388.140,0.000,0.074,0.025,0.000
388.160,0.000,0.072,0.025,0.000
388.180,0.000,0.070,0.025,0.000
388.200,0.000,0.074,0.025,0.000
388.220,0.000,0.068,0.025,0.000
388.240,0.000,0.076,0.025,0.000
388.260,0.000,0.066,0.025,0.000
388.280,0.000,0.074,0.025,0.000
388.300,0.000,0.066,0.025,0.000
388.320,0.000,0.073,0.025,0.000
388.340,0.000,0.064,0.025,0.000
388.360,0.000,0.078,0.025,0.000
388.380,0.000,0.064,0.025,0.000
388.400,0.000,0.079,0.025,0.000
388.420,0.000,0.062,0.027,0.000
388.440,0.000,0.075,0.027,0.000
388.460,0.000,0.063,0.027,0.000
388.480,0.000,0.079,0.027,0.000
388.500,0.000,0.065,0.027,0.000
388.520,0.000,0.079,0.027,0.000
388.540,0.000,0.068,0.027,0.000
388.560,0.000,0.079,0.027,0.000
388.580,0.000,0.072,0.027,0.000
388.600,0.000,0.077,0.027,0.000
388.620,0.000,0.071,0.027,0.000
388.640,0.000,0.077,0.027,0.000
388.660,0.000,0.074,0.027,0.000
388.680,0.000,0.075,0.027,0.000
388.700,0.000,0.074,0.027,0.000
388.720,0.000,0.075,0.027,0.000
388.740,0.000,0.079,0.027,0.000
388.760,0.000,0.074,0.027,0.000
388.780,0.000,0.075,0.027,0.000
388.800,0.000,0.075,0.027,0.000
388.820,0.000,0.079,0.027,0.000
388.840,0.000,0.074,0.027,0.000
388.860,0.000,0.079,0.027,0.000
388.880,0.000,0.071,0.027,0.000
388.900,0.000,0.077,0.027,0.000
388.920,0.000,0.075,0.027,0.000
388.940,0.000,0.080,0.027,0.000
388.960,0.000,0.074,0.027,0.000
388.980,0.000,0.080,0.027,0.000
389.000,0.000,0.074,0.027,0.000
389.020,0.000,0.077,0.027,0.000
389.040,0.000,0.074,0.027,0.000
389.060,0.000,0.074,0.027,0.000
389.080,0.000,0.075,0.027,0.000
389.100,0.000,0.074,0.027,0.000
389.120,0.000,0.074,0.027,0.000
389.140,0.000,0.074,0.027,0.000
389.160,0.000,0.075,0.027,0.000
389.180,0.000,0.076,0.027,0.000
389.200,0.000,0.075,0.027,0.000
389.220,0.000,0.074,0.027,0.000
389.240,0.000,0.078,0.027,0.000
389.260,0.000,0.073,0.027,0.000
389.280,0.000,0.075,0.027,0.000
389.300,0.000,0.074,0.027,0.000
389.320,0.000,0.076,0.027,0.000
389.340,0.000,0.074,0.027,0.000
389.360,0.000,0.076,0.027,0.000
389.380,0.000,0.078,0.027,0.000
389.400,0.000,0.074,0.027,0.000
389.420,0.000,0.078,0.027,0.000
389.440,0.000,0.074,0.027,0.000
389.460,0.000,0.077,0.027,0.000
389.480,0.000,0.072,0.027,0.000
389.500,0.000,0.079,0.027,0.000
389.520,0.000,0.070,0.027,0.000
389.540,0.000,0.081,0.027,0.000
389.560,0.000,0.071,0.027,0.000
389.580,0.000,0.079,0.027,0.000
389.600,0.000,0.074,0.025,0.000
389.620,0.000,0.079,0.025,0.000
389.640,0.000,0.074,0.025,0.000
389.660,0.000,0.077,0.025,0.000
389.680,0.000,0.075,0.025,0.000
389.700,0.000,0.077,0.025,0.000
389.720,0.000,0.079,0.025,0.000
389.740,0.000,0.074,0.025,0.000
389.760,0.000,0.079,0.025,0.000
389.780,0.000,0.070,0.025,0.000
389.800,0.000,0.079,0.025,0.000
389.820,0.000,0.069,0.025,0.000
389.840,0.000,0.082,0.025,0.000
389.860,0.000,0.066,0.025,0.000
389.880,0.000,0.085,0.025,0.000
389.900,0.000,0.064,0.025,0.000
389.920,0.000,0.086,0.025,0.000
389.940,0.000,0.065,0.025,0.000
389.960,0.000,0.087,0.026,0.000
389.980,0.000,0.064,0.026,0.000
390.000,0.000,0.082,0.026,0.000
390.020,0.000,0.066,0.026,0.000
390.040,0.000,0.079,0.026,0.000
390.060,0.000,0.070,0.026,0.000
390.080,0.000,0.076,0.026,0.000
390.100,0.000,0.071,0.026,0.000
390.120,0.000,0.074,0.026,0.000
390.140,0.000,0.072,0.026,0.000
390.160,0.000,0.072,0.026,0.000
390.180,0.000,0.074,0.026,0.000
390.200,0.000,0.068,0.026,0.000
390.220,0.000,0.074,0.026,0.000
390.240,0.000,0.066,0.026,0.000
390.260,0.000,0.078,0.026,0.000
390.280,0.000,0.060,0.027,0.000
390.300,0.000,0.077,0.027,0.000
390.320,0.000,0.061,0.027,0.000
390.340,0.000,0.077,0.027,0.000
390.360,0.000,0.062,0.027,0.000
390.380,0.000,0.076,0.027,0.000
390.400,0.000,0.060,0.027,0.000
390.420,0.000,0.078,0.027,0.000
390.440,0.000,0.062,0.027,0.000
390.460,0.000,0.076,0.027,0.000
390.480,0.000,0.066,0.027,0.000
390.500,0.000,0.075,0.027,0.000
390.520,0.000,0.070,0.027,0.000
390.540,0.000,0.075,0.027,0.000
390.560,0.000,0.066,0.027,0.000
390.580,0.000,0.073,0.027,0.000
390.600,0.000,0.073,0.027,0.000
390.620,0.000,0.074,0.027,0.000
390.640,0.000,0.074,0.027,0.000
390.660,0.000,0.074,0.027,0.000
390.680,0.000,0.074,0.027,0.000
390.700,0.000,0.073,0.027,0.000
390.720,0.000,0.074,0.027,0.000
390.740,0.000,0.073,0.027,0.000
390.760,0.000,0.074,0.027,0.000
390.780,0.000,0.075,0.027,0.000
390.800,0.000,0.076,0.027,0.000
390.820,0.000,0.072,0.027,0.000
390.840,0.000,0.075,0.027,0.000
390.860,0.000,0.074,0.027,0.000
390.880,0.000,0.075,0.027,0.000
390.900,0.000,0.073,0.027,0.000
390.920,0.000,0.077,0.027,0.000
390.940,0.000,0.074,0.027,0.000
390.960,0.000,0.076,0.027,0.000
390.980,0.000,0.074,0.027,0.000
391.000,0.000,0.076,0.027,0.000
391.020,0.000,0.074,0.027,0.000
391.040,0.000,0.075,0.027,0.000
391.060,0.000,0.076,0.027,0.000
391.080,0.000,0.073,0.027,0.000
391.100,0.000,0.075,0.027,0.000
391.120,0.000,0.074,0.027,0.000
391.140,0.000,0.075,0.027,0.000
391.160,0.000,0.073,0.027,0.000
391.180,0.000,0.074,0.027,0.000
391.200,0.000,0.074,0.027,0.000
391.220,0.000,0.078,0.027,0.000
391.240,0.000,0.073,0.027,0.000
391.260,0.000,0.074,0.027,0.000
391.280,0.000,0.073,0.027,0.000
391.300,0.000,0.076,0.027,0.000
391.320,0.000,0.072,0.027,0.000
391.340,0.000,0.074,0.027,0.000
391.360,0.000,0.074,0.027,0.000
391.380,0.000,0.075,0.027,0.000
391.400,0.000,0.075,0.027,0.000
391.420,0.000,0.074,0.027,0.000
391.440,0.000,0.076,0.027,0.000
391.460,0.000,0.074,0.027,0.000
391.480,0.000,0.078,0.027,0.000
391.500,0.000,0.074,0.027,0.000
391.520,0.000,0.078,0.027,0.000
391.540,0.000,0.074,0.027,0.000
391.560,0.000,0.079,0.027,0.000
391.580,0.000,0.075,0.027,0.000
391.600,0.000,0.078,0.027,0.000
391.620,0.000,0.075,0.027,0.000
391.640,0.000,0.078,0.027,0.000
391.660,0.000,0.074,0.027,0.000
391.680,0.000,0.076,0.027,0.000
391.700,0.000,0.074,0.027,0.000
391.720,0.000,0.076,0.027,0.000
391.740,0.000,0.075,0.027,0.000
391.760,0.000,0.075,0.027,0.000
391.780,0.000,0.074,0.027,0.000
391.800,0.000,0.074,0.027,0.000
391.820,0.000,0.077,0.027,0.000
391.840,0.000,0.074,0.027,0.000
391.860,0.000,0.079,0.027,0.000
391.880,0.000,0.074,0.027,0.000
391.900,0.000,0.081,0.027,0.000
391.920,0.000,0.074,0.027,0.000
391.940,0.000,0.081,0.027,0.000
391.960,0.000,0.074,0.027,0.000
391.980,0.000,0.081,0.027,0.000
392.000,0.000,0.074,0.027,0.000
392.020,0.000,0.079,0.027,0.000
392.040,0.000,0.074,0.027,0.000
392.060,0.000,0.077,0.027,0.000
392.080,0.000,0.075,0.027,0.000
392.100,0.000,0.075,0.027,0.000
392.120,0.000,0.074,0.027,0.000
392.140,0.000,0.077,0.027,0.000
392.160,0.000,0.075,0.027,0.000
392.180,0.000,0.075,0.027,0.000
392.200,0.000,0.075,0.027,0.000
392.220,0.000,0.073,0.027,0.000
392.240,0.000,0.075,0.027,0.000
392.260,0.000,0.074,0.027,0.000
392.280,0.000,0.074,0.027,0.000
392.300,0.000,0.074,0.027,0.000
392.320,0.000,0.074,0.027,0.000
392.340,0.000,0.073,0.027,0.000
392.360,0.000,0.075,0.027,0.000
392.380,0.000,0.073,0.027,0.000
392.400,0.000,0.075,0.027,0.000
392.420,0.000,0.072,0.027,0.000
392.440,0.000,0.074,0.027,0.000
392.460,0.000,0.070,0.027,0.000
392.480,0.000,0.074,0.027,0.000
392.500,0.000,0.073,0.027,0.000
392.520,0.000,0.074,0.027,0.000
392.540,0.000,0.072,0.027,0.000
392.560,0.000,0.075,0.027,0.000
392.580,0.000,0.071,0.027,0.000
392.600,0.000,0.073,0.027,0.000
392.620,0.000,0.074,0.027,0.000
392.640,0.000,0.074,0.027,0.000
392.660,0.000,0.073,0.027,0.000
392.680,0.000,0.073,0.027,0.000
392.700,0.000,0.074,0.027,0.000
392.720,0.000,0.074,0.027,0.000
392.740,0.000,0.074,0.027,0.000
392.760,0.000,0.073,0.027,0.000
392.780,0.000,0.073,0.027,0.000
392.800,0.000,0.070,0.027,0.000
392.820,0.000,0.073,0.027,0.000
392.840,0.000,0.071,0.027,0.000
392.860,0.000,0.074,0.027,0.000
392.880,0.000,0.073,0.027,0.000
392.900,0.000,0.074,0.027,0.000
392.920,0.000,0.074,0.027,0.000
392.940,0.000,0.073,0.027,0.000
392.960,0.000,0.073,0.027,0.000
392.980,0.000,0.074,0.027,0.000
393.000,0.000,0.074,0.027,0.000
393.020,0.000,0.074,0.027,0.000
393.040,0.000,0.073,0.027,0.000
393.060,0.000,0.073,0.027,0.000
393.080,0.000,0.074,0.027,0.000
393.100,0.000,0.072,0.027,0.000
393.120,0.000,0.074,0.027,0.000
393.140,0.000,0.070,0.027,0.000
393.160,0.000,0.075,0.027,0.000
393.180,0.000,0.070,0.027,0.000
393.200,0.000,0.074,0.027,0.000
393.220,0.000,0.071,0.027,0.000
393.240,0.000,0.074,0.027,0.000
393.260,0.000,0.072,0.027,0.000
393.280,0.000,0.077,0.027,0.000
393.300,0.000,0.070,0.027,0.000
393.320,0.000,0.074,0.027,0.000
393.340,0.000,0.074,0.027,0.000
393.360,0.000,0.075,0.027,0.000
393.380,0.000,0.072,0.027,0.000
393.400,0.000,0.075,0.027,0.000
393.420,0.000,0.073,0.027,0.000
393.440,0.000,0.073,0.027,0.000
393.460,0.000,0.075,0.027,0.000
393.480,0.000,0.070,0.027,0.000
393.500,0.000,0.074,0.027,0.000
393.520,0.000,0.070,0.027,0.000
393.540,0.000,0.076,0.027,0.000
393.560,0.000,0.071,0.027,0.000
393.580,0.000,0.074,0.027,0.000
393.600,0.000,0.073,0.027,0.000
393.620,0.000,0.077,0.027,0.000
393.640,0.000,0.074,0.027,0.000
393.660,0.000,0.076,0.027,0.000
393.680,0.000,0.071,0.027,0.000
393.700,0.000,0.077,0.027,0.000
393.720,0.000,0.074,0.027,0.000
393.740,0.000,0.079,0.027,0.000
393.760,0.000,0.074,0.027,0.000
393.780,0.000,0.075,0.027,0.000
393.800,0.000,0.074,0.027,0.000
393.820,0.000,0.077,0.027,0.000
393.840,0.000,0.075,0.027,0.000
393.860,0.000,0.075,0.027,0.000
393.880,0.000,0.075,0.027,0.000
393.900,0.000,0.074,0.027,0.000
393.920,0.000,0.074,0.027,0.000
393.940,0.000,0.075,0.027,0.000
393.960,0.000,0.078,0.027,0.000
393.980,0.000,0.074,0.027,0.000
394.000,0.000,0.078,0.027,0.000
394.020,0.000,0.074,0.027,0.000
394.040,0.000,0.074,0.027,0.000
394.060,0.000,0.075,0.027,0.000
394.080,0.000,0.075,0.027,0.000
394.100,0.000,0.074,0.027,0.000
394.120,0.000,0.074,0.027,0.000
394.140,0.000,0.075,0.027,0.000
394.160,0.000,0.076,0.027,0.000
394.180,0.000,0.076,0.027,0.000
394.200,0.000,0.077,0.027,0.000
394.220,0.000,0.075,0.027,0.000
394.240,0.000,0.076,0.027,0.000
394.260,0.000,0.074,0.027,0.000
394.280,0.000,0.075,0.027,0.000
394.300,0.000,0.075,0.027,0.000
394.320,0.000,0.075,0.027,0.000
394.340,0.000,0.075,0.027,0.000
394.360,0.000,0.075,0.027,0.000
394.380,0.000,0.075,0.027,0.000
394.400,0.000,0.074,0.027,0.000
394.420,0.000,0.075,0.027,0.000
394.440,0.000,0.074,0.027,0.000
394.460,0.000,0.078,0.027,0.000
394.480,0.000,0.073,0.027,0.000
394.500,0.000,0.074,0.027,0.000
394.520,0.000,0.074,0.027,0.000
394.540,0.000,0.076,0.027,0.000
394.560,0.000,0.074,0.027,0.000
394.580,0.000,0.075,0.027,0.000
394.600,0.000,0.074,0.027,0.000
394.620,0.000,0.074,0.027,0.000
394.640,0.000,0.074,0.027,0.000
394.660,0.000,0.077,0.027,0.000
394.680,0.000,0.074,0.027,0.000
394.700,0.000,0.075,0.027,0.000
394.720,0.000,0.074,0.027,0.000
394.740,0.000,0.075,0.027,0.000
394.760,0.000,0.076,0.027,0.000
394.780,0.000,0.074,0.027,0.000
394.800,0.000,0.075,0.027,0.000
394.820,0.000,0.071,0.027,0.000
394.840,0.000,0.078,0.027,0.000
394.860,0.000,0.069,0.027,0.000
394.880,0.000,0.084,0.027,0.000
394.900,0.000,0.069,0.027,0.000
394.920,0.000,0.080,0.027,0.000
394.940,0.000,0.069,0.027,0.000
394.960,0.000,0.082,0.024,0.000
394.980,0.000,0.070,0.024,0.000
395.000,0.000,0.079,0.024,0.000
395.020,0.000,0.074,0.024,0.000
395.040,0.000,0.076,0.024,0.000
395.060,0.000,0.074,0.024,0.000
395.080,0.000,0.072,0.024,0.000
395.100,0.000,0.077,0.024,0.000
395.120,0.000,0.071,0.024,0.000
395.140,0.000,0.079,0.024,0.000
395.160,0.000,0.069,0.024,0.000
395.180,0.000,0.081,0.024,0.000
395.200,0.000,0.066,0.024,0.000
395.220,0.000,0.079,0.024,0.000
395.240,0.000,0.065,0.024,0.000
395.260,0.000,0.076,0.024,0.000
395.280,0.000,0.066,0.024,0.000
395.300,0.000,0.075,0.024,0.000
395.320,0.000,0.070,0.024,0.000
395.340,0.000,0.076,0.024,0.000
395.360,0.000,0.067,0.024,0.000
395.380,0.000,0.073,0.024,0.000
395.400,0.000,0.070,0.022,0.000
395.420,0.000,0.070,0.022,0.000
395.440,0.000,0.071,0.019,0.000
395.460,0.000,0.069,0.019,0.000
395.480,0.000,0.074,0.019,0.000
395.500,0.000,0.068,0.019,0.000
395.520,0.000,0.074,0.019,0.000
395.540,0.000,0.067,0.019,0.000
395.560,0.000,0.074,0.019,0.000
395.580,0.000,0.067,0.019,0.000
395.600,0.000,0.074,0.019,0.000
395.620,0.000,0.067,0.019,0.000
395.640,0.000,0.075,0.019,0.000
395.660,0.000,0.069,0.019,0.000
395.680,0.000,0.074,0.019,0.000
395.700,0.000,0.071,0.019,0.000
395.720,0.000,0.074,0.019,0.000
395.740,0.000,0.068,0.019,0.000
395.760,0.000,0.073,0.019,0.000
395.780,0.000,0.071,0.019,0.000
395.800,0.000,0.073,0.019,0.000
395.820,0.000,0.074,0.019,0.000
395.840,0.000,0.073,0.019,0.000
395.860,0.000,0.071,0.019,0.000
395.880,0.000,0.073,0.019,0.000
395.900,0.000,0.075,0.019,0.000
395.920,0.000,0.073,0.019,0.000
395.940,0.000,0.075,0.019,0.000
395.960,0.000,0.074,0.019,0.000
395.980,0.000,0.076,0.019,0.000
396.000,0.000,0.074,0.019,0.000
396.020,0.000,0.074,0.019,0.000
396.040,0.000,0.070,0.019,0.000
396.060,0.000,0.076,0.019,0.000
396.080,0.000,0.072,0.019,0.000
396.100,0.000,0.074,0.019,0.000
396.120,0.000,0.073,0.019,0.000
396.140,0.000,0.078,0.019,0.000
396.160,0.000,0.072,0.019,0.000
396.180,0.000,0.078,0.019,0.000
396.200,0.000,0.074,0.019,0.000
396.220,0.000,0.076,0.019,0.000
396.240,0.000,0.075,0.019,0.000
396.260,0.000,0.076,0.019,0.000
396.280,0.000,0.075,0.019,0.000
396.300,0.000,0.077,0.019,0.000
396.320,0.000,0.077,0.019,0.000
396.340,0.000,0.074,0.019,0.000
396.360,0.000,0.076,0.019,0.000
396.380,0.000,0.072,0.019,0.000
396.400,0.000,0.074,0.019,0.000
396.420,0.000,0.073,0.019,0.000
396.440,0.000,0.075,0.019,0.000
396.460,0.000,0.074,0.019,0.000
396.480,0.000,0.078,0.019,0.000
396.500,0.000,0.074,0.019,0.000
396.520,0.000,0.074,0.019,0.000
396.540,0.000,0.073,0.019,0.000
396.560,0.000,0.075,0.019,0.000
396.580,0.000,0.074,0.019,0.000
396.600,0.000,0.074,0.019,0.000
396.620,0.000,0.075,0.019,0.000
396.640,0.000,0.075,0.019,0.000
396.660,0.000,0.076,0.019,0.000
396.680,0.000,0.075,0.019,0.000
396.700,0.000,0.077,0.019,0.000
396.720,0.000,0.073,0.019,0.000
396.740,0.000,0.076,0.019,0.000
396.760,0.000,0.074,0.019,0.000
396.780,0.000,0.079,0.019,0.000
396.800,0.000,0.072,0.019,0.000
396.820,0.000,0.079,0.019,0.000
396.840,0.000,0.074,0.019,0.000
396.860,0.000,0.078,0.019,0.000
396.880,0.000,0.074,0.019,0.000
396.900,0.000,0.078,0.019,0.000
396.920,0.000,0.074,0.019,0.000
396.940,0.000,0.077,0.019,0.000
396.960,0.000,0.075,0.019,0.000
396.980,0.000,0.077,0.019,0.000
397.000,0.000,0.077,0.019,0.000
397.020,0.000,0.078,0.019,0.000
397.040,0.000,0.075,0.019,0.000
397.060,0.000,0.074,0.019,0.000
397.080,0.000,0.077,0.019,0.000
397.100,0.000,0.074,0.019,0.000
397.120,0.000,0.076,0.019,0.000
397.140,0.000,0.074,0.019,0.000
397.160,0.000,0.079,0.019,0.000
397.180,0.000,0.074,0.019,0.000
397.200,0.000,0.079,0.019,0.000
397.220,0.000,0.074,0.019,0.000
397.240,0.000,0.079,0.019,0.000
397.260,0.000,0.074,0.019,0.000
397.280,0.000,0.080,0.019,0.000
397.300,0.000,0.073,0.019,0.000
397.320,0.000,0.078,0.019,0.000
397.340,0.000,0.077,0.019,0.000
397.360,0.000,0.076,0.019,0.000
397.380,0.000,0.075,0.019,0.000
397.400,0.000,0.074,0.019,0.000
397.420,0.000,0.075,0.019,0.000
397.440,0.000,0.074,0.019,0.000
397.460,0.000,0.075,0.019,0.000
397.480,0.000,0.071,0.019,0.000
397.500,0.000,0.074,0.019,0.000
397.520,0.000,0.072,0.019,0.000
397.540,0.000,0.076,0.019,0.000
397.560,0.000,0.070,0.019,0.000
397.580,0.000,0.072,0.019,0.000
397.600,0.000,0.073,0.019,0.000
397.620,0.000,0.070,0.019,0.000
397.640,0.000,0.074,0.019,0.000
397.660,0.000,0.070,0.019,0.000
397.680,0.000,0.074,0.019,0.000
397.700,0.000,0.073,0.019,0.000
397.720,0.000,0.074,0.019,0.000
397.740,0.000,0.070,0.019,0.000
397.760,0.000,0.074,0.019,0.000
397.780,0.000,0.069,0.019,0.000
397.800,0.000,0.071,0.019,0.000
397.820,0.000,0.073,0.019,0.000
397.840,0.000,0.073,0.019,0.000
397.860,0.000,0.073,0.019,0.000
397.880,0.000,0.074,0.019,0.000
397.900,0.000,0.073,0.019,0.000
397.920,0.000,0.074,0.019,0.000
397.940,0.000,0.074,0.019,0.000
397.960,0.000,0.071,0.019,0.000
397.980,0.000,0.074,0.019,0.000
398.000,0.000,0.072,0.019,0.000
398.020,0.000,0.073,0.019,0.000
398.040,0.000,0.071,0.019,0.000
398.060,0.000,0.074,0.019,0.000
398.080,0.000,0.073,0.019,0.000
398.100,0.000,0.075,0.019,0.000
398.120,0.000,0.072,0.019,0.000
398.140,0.000,0.075,0.019,0.000
398.160,0.000,0.073,0.019,0.000
398.180,0.000,0.074,0.019,0.000
398.200,0.000,0.074,0.019,0.000
398.220,0.000,0.074,0.019,0.000
398.240,0.000,0.072,0.019,0.000
398.260,0.000,0.074,0.019,0.000
398.280,0.000,0.074,0.019,0.000
398.300,0.000,0.075,0.019,0.000
398.320,0.000,0.074,0.019,0.000
398.340,0.000,0.074,0.019,0.000
398.360,0.000,0.075,0.019,0.000
398.380,0.000,0.075,0.019,0.000
398.400,0.000,0.074,0.019,0.000
398.420,0.000,0.074,0.019,0.000
398.440,0.000,0.074,0.019,0.000
398.460,0.000,0.072,0.019,0.000
398.480,0.000,0.074,0.019,0.000
398.500,0.000,0.074,0.019,0.000
398.520,0.000,0.074,0.019,0.000
398.540,0.000,0.072,0.019,0.000
398.560,0.000,0.073,0.019,0.000
398.580,0.000,0.072,0.019,0.000
398.600,0.000,0.074,0.019,0.000
398.620,0.000,0.071,0.019,0.000
398.640,0.000,0.074,0.019,0.000
398.660,0.000,0.075,0.019,0.000
398.680,0.000,0.072,0.019,0.000
398.700,0.000,0.072,0.019,0.000
398.720,0.000,0.073,0.019,0.000
398.740,0.000,0.072,0.019,0.000
398.760,0.000,0.074,0.019,0.000
398.780,0.000,0.072,0.019,0.000
398.800,0.000,0.076,0.019,0.000
398.820,0.000,0.071,0.019,0.000
398.840,0.000,0.071,0.019,0.000
398.860,0.000,0.075,0.019,0.000
398.880,0.000,0.074,0.019,0.000
398.900,0.000,0.074,0.019,0.000
398.920,0.000,0.074,0.019,0.000
398.940,0.000,0.074,0.019,0.000
398.960,0.000,0.076,0.019,0.000
398.980,0.000,0.076,0.019,0.000
399.000,0.000,0.074,0.019,0.000
399.020,0.000,0.078,0.019,0.000
399.040,0.000,0.074,0.019,0.000
399.060,0.000,0.079,0.019,0.000
399.080,0.000,0.076,0.019,0.000
399.100,0.000,0.077,0.019,0.000
399.120,0.000,0.077,0.019,0.000
399.140,0.000,0.079,0.019,0.000
399.160,0.000,0.074,0.019,0.000
399.180,0.000,0.078,0.019,0.000
399.200,0.000,0.076,0.019,0.000
399.220,0.000,0.079,0.019,0.000
399.240,0.000,0.075,0.019,0.000
399.260,0.000,0.077,0.019,0.000
399.280,0.000,0.078,0.019,0.000
399.300,0.000,0.079,0.019,0.000
399.320,0.000,0.076,0.019,0.000
399.340,0.000,0.079,0.019,0.000
399.360,0.000,0.074,0.019,0.000
399.380,0.000,0.077,0.019,0.000
399.400,0.000,0.075,0.019,0.000
399.420,0.000,0.077,0.019,0.000
399.440,0.000,0.078,0.019,0.000
399.460,0.000,0.075,0.019,0.000
399.480,0.000,0.075,0.019,0.000
399.500,0.000,0.077,0.019,0.000
399.520,0.000,0.079,0.019,0.000
399.540,0.000,0.074,0.019,0.000
399.560,0.000,0.078,0.019,0.000
399.580,0.000,0.074,0.019,0.000
399.600,0.000,0.078,0.019,0.000
399.620,0.000,0.070,0.019,0.000
399.640,0.000,0.079,0.019,0.000
399.660,0.000,0.070,0.019,0.000
399.680,0.000,0.077,0.019,0.000
399.700,0.000,0.070,0.019,0.000
399.720,0.000,0.076,0.019,0.000
399.740,0.000,0.072,0.019,0.000
399.760,0.000,0.075,0.019,0.000
399.780,0.000,0.073,0.019,0.000
399.800,0.000,0.074,0.019,0.000
399.820,0.000,0.073,0.019,0.000
399.840,0.000,0.075,0.019,0.000
399.860,0.000,0.074,0.019,0.000
399.880,0.000,0.073,0.017,0.000
399.900,0.000,0.073,0.017,0.000
399.920,0.000,0.072,0.017,0.000
399.940,0.000,0.076,0.017,0.000
399.960,0.000,0.072,0.016,0.000
399.980,0.000,0.076,0.016,0.000
400.000,0.000,0.072,0.016,0.000
400.020,0.000,0.075,0.016,0.000
400.040,0.000,0.070,0.016,0.000
400.060,0.000,0.075,0.016,0.000
400.080,0.000,0.070,0.016,0.000
400.100,0.000,0.074,0.016,0.000
400.120,0.000,0.069,0.016,0.000
400.140,0.000,0.078,0.016,0.000
400.160,0.000,0.069,0.016,0.000
400.180,0.000,0.074,0.015,0.000
400.200,0.000,0.069,0.015,0.000
400.220,0.000,0.075,0.015,0.000
400.240,0.000,0.074,0.015,0.000
400.260,0.000,0.073,0.015,0.000
400.280,0.000,0.075,0.013,0.000
400.300,0.000,0.070,0.013,0.000
400.320,0.000,0.080,0.013,0.000
400.340,0.000,0.064,0.016,0.000
400.360,0.000,0.082,0.018,0.000
400.380,0.000,0.062,0.020,0.000
400.400,0.000,0.082,0.020,0.000
400.420,0.000,0.062,0.020,0.000
400.440,0.000,0.083,0.022,0.000
400.460,0.000,0.061,0.023,0.000
400.480,0.000,0.080,0.023,0.000
400.500,0.000,0.063,0.023,0.000
400.520,0.000,0.077,0.023,0.000
400.540,0.000,0.065,0.023,0.000
400.560,0.000,0.075,0.023,0.000
400.580,0.000,0.070,0.023,0.000
400.600,0.000,0.073,0.023,0.000
400.620,0.000,0.071,0.023,0.000
400.640,0.000,0.069,0.023,0.000
400.660,0.000,0.074,0.023,0.000
400.680,0.000,0.069,0.023,0.000
400.700,0.000,0.076,0.023,0.000
400.720,0.000,0.065,0.023,0.000
400.740,0.000,0.076,0.023,0.000
400.760,0.000,0.065,0.023,0.000
400.780,0.000,0.075,0.023,0.000
400.800,0.000,0.066,0.023,0.000
400.820,0.000,0.076,0.023,0.000
400.840,0.000,0.065,0.023,0.000
400.860,0.000,0.077,0.023,0.000
400.880,0.000,0.066,0.023,0.000
400.900,0.000,0.075,0.023,0.000
400.920,0.000,0.067,0.023,0.000
400.940,0.000,0.074,0.023,0.000
400.960,0.000,0.069,0.023,0.000
400.980,0.000,0.077,0.023,0.000
401.000,0.000,0.070,0.023,0.000
401.020,0.000,0.074,0.023,0.000
401.040,0.000,0.074,0.023,0.000
401.060,0.000,0.069,0.023,0.000
401.080,0.000,0.075,0.023,0.000
401.100,0.000,0.068,0.023,0.000
401.120,0.000,0.077,0.023,0.000
401.140,0.000,0.066,0.023,0.000
401.160,0.000,0.081,0.023,0.000
401.180,0.000,0.066,0.023,0.000
401.200,0.000,0.081,0.023,0.000
401.220,0.000,0.066,0.023,0.000
401.240,0.000,0.081,0.023,0.000
401.260,0.000,0.069,0.023,0.000
401.280,0.000,0.083,0.023,0.000
401.300,0.000,0.070,0.023,0.000
401.320,0.000,0.079,0.023,0.000
401.340,0.000,0.070,0.023,0.000
401.360,0.000,0.079,0.023,0.000
401.380,0.000,0.073,0.023,0.000
401.400,0.000,0.078,0.023,0.000
401.420,0.000,0.078,0.023,0.000
401.440,0.000,0.075,0.023,0.000
401.460,0.000,0.078,0.023,0.000
401.480,0.000,0.071,0.023,0.000
401.500,0.000,0.079,0.023,0.000
401.520,0.000,0.072,0.023,0.000
401.540,0.000,0.080,0.023,0.000
401.560,0.000,0.070,0.023,0.000
401.580,0.000,0.082,0.023,0.000
401.600,0.000,0.067,0.023,0.000
401.620,0.000,0.083,0.023,0.000
401.640,0.000,0.069,0.023,0.000
401.660,0.000,0.079,0.023,0.000
401.680,0.000,0.073,0.023,0.000
401.700,0.000,0.078,0.023,0.000
401.720,0.000,0.073,0.023,0.000
401.740,0.000,0.081,0.023,0.000
401.760,0.000,0.071,0.023,0.000
401.780,0.000,0.080,0.023,0.000
401.800,0.000,0.074,0.023,0.000
401.820,0.000,0.079,0.023,0.000
401.840,0.000,0.074,0.023,0.000
401.860,0.000,0.080,0.023,0.000
401.880,0.000,0.074,0.023,0.000
401.900,0.000,0.078,0.023,0.000
401.920,0.000,0.074,0.023,0.000
401.940,0.000,0.075,0.023,0.000
401.960,0.000,0.078,0.023,0.000
401.980,0.000,0.075,0.023,0.000
402.000,0.000,0.074,0.023,0.000
402.020,0.000,0.079,0.023,0.000
402.040,0.000,0.072,0.023,0.000
402.060,0.000,0.075,0.023,0.000
402.080,0.000,0.075,0.023,0.000
402.100,0.000,0.079,0.023,0.000
402.120,0.000,0.075,0.023,0.000
402.140,0.000,0.081,0.023,0.000
402.160,0.000,0.074,0.023,0.000
402.180,0.000,0.079,0.023,0.000
402.200,0.000,0.076,0.023,0.000
402.220,0.000,0.078,0.023,0.000
402.240,0.000,0.074,0.023,0.000
402.260,0.000,0.078,0.023,0.000
402.280,0.000,0.074,0.023,0.000
402.300,0.000,0.079,0.023,0.000
402.320,0.000,0.077,0.023,0.000
402.340,0.000,0.075,0.023,0.000
402.360,0.000,0.081,0.023,0.000
402.380,0.000,0.075,0.023,0.000
402.400,0.000,0.076,0.023,0.000
402.420,0.000,0.074,0.023,0.000
402.440,0.000,0.077,0.023,0.000
402.460,0.000,0.072,0.023,0.000
402.480,0.000,0.077,0.023,0.000
402.500,0.000,0.070,0.023,0.000
402.520,0.000,0.076,0.023,0.000
402.540,0.000,0.072,0.023,0.000
402.560,0.000,0.076,0.023,0.000
402.580,0.000,0.072,0.023,0.000
402.600,0.000,0.075,0.023,0.000
402.620,0.000,0.071,0.023,0.000
402.640,0.000,0.074,0.023,0.000
402.660,0.000,0.070,0.023,0.000
402.680,0.000,0.071,0.023,0.000
402.700,0.000,0.069,0.023,0.000
402.720,0.000,0.073,0.023,0.000
402.740,0.000,0.070,0.023,0.000
402.760,0.000,0.073,0.023,0.000
402.780,0.000,0.070,0.023,0.000
402.800,0.000,0.071,0.023,0.000
402.820,0.000,0.071,0.023,0.000
402.840,0.000,0.073,0.023,0.000
402.860,0.000,0.066,0.023,0.000
402.880,0.000,0.074,0.023,0.000
402.900,0.000,0.069,0.023,0.000
402.920,0.000,0.074,0.023,0.000
402.940,0.000,0.067,0.023,0.000
402.960,0.000,0.075,0.023,0.000
402.980,0.000,0.068,0.023,0.000
403.000,0.000,0.076,0.023,0.000
403.020,0.000,0.066,0.023,0.000
403.040,0.000,0.076,0.023,0.000
403.060,0.000,0.069,0.023,0.000
403.080,0.000,0.074,0.023,0.000
403.100,0.000,0.070,0.023,0.000
403.120,0.000,0.074,0.023,0.000
403.140,0.000,0.070,0.023,0.000
403.160,0.000,0.072,0.023,0.000
403.180,0.000,0.072,0.023,0.000
403.200,0.000,0.070,0.023,0.000
403.220,0.000,0.073,0.023,0.000
403.240,0.000,0.070,0.023,0.000
403.260,0.000,0.074,0.023,0.000
403.280,0.000,0.068,0.023,0.000
403.300,0.000,0.078,0.023,0.000
403.320,0.000,0.068,0.023,0.000
403.340,0.000,0.075,0.023,0.000
403.360,0.000,0.070,0.023,0.000
403.380,0.000,0.078,0.023,0.000
403.400,0.000,0.069,0.023,0.000
403.420,0.000,0.078,0.023,0.000
403.440,0.000,0.068,0.023,0.000
403.460,0.000,0.076,0.023,0.000
403.480,0.000,0.069,0.023,0.000
403.500,0.000,0.076,0.023,0.000
403.520,0.000,0.068,0.023,0.000
403.540,0.000,0.074,0.023,0.000
403.560,0.000,0.070,0.023,0.000
403.580,0.000,0.078,0.023,0.000
403.600,0.000,0.068,0.023,0.000
403.620,0.000,0.074,0.023,0.000
403.640,0.000,0.068,0.023,0.000
403.660,0.000,0.074,0.023,0.000
403.680,0.000,0.070,0.023,0.000
403.700,0.000,0.072,0.023,0.000
403.720,0.000,0.071,0.023,0.000
403.740,0.000,0.071,0.023,0.000
403.760,0.000,0.070,0.023,0.000
403.780,0.000,0.075,0.023,0.000
403.800,0.000,0.071,0.023,0.000
403.820,0.000,0.070,0.023,0.000
403.840,0.000,0.073,0.023,0.000
403.860,0.000,0.069,0.023,0.000
403.880,0.000,0.077,0.023,0.000
403.900,0.000,0.070,0.023,0.000
403.920,0.000,0.075,0.023,0.000
403.940,0.000,0.071,0.023,0.000
403.960,0.000,0.078,0.023,0.000
403.980,0.000,0.073,0.023,0.000
404.000,0.000,0.076,0.023,0.000
404.020,0.000,0.070,0.023,0.000
404.040,0.000,0.082,0.023,0.000
404.060,0.000,0.069,0.023,0.000
404.080,0.000,0.079,0.023,0.000
404.100,0.000,0.071,0.023,0.000
404.120,0.000,0.080,0.023,0.000
404.140,0.000,0.072,0.023,0.000
404.160,0.000,0.080,0.023,0.000
404.180,0.000,0.074,0.023,0.000
404.200,0.000,0.081,0.023,0.000
404.220,0.000,0.076,0.023,0.000
404.240,0.000,0.078,0.023,0.000
404.260,0.000,0.076,0.023,0.000
404.280,0.000,0.077,0.023,0.000
404.300,0.000,0.078,0.023,0.000
404.320,0.000,0.079,0.023,0.000
404.340,0.000,0.080,0.023,0.000
404.360,0.000,0.075,0.023,0.000
404.380,0.000,0.079,0.023,0.000
404.400,0.000,0.075,0.023,0.000
404.420,0.000,0.079,0.023,0.000
404.440,0.000,0.077,0.023,0.000
404.460,0.000,0.078,0.023,0.000
404.480,0.000,0.078,0.023,0.000
404.500,0.000,0.078,0.023,0.000
404.520,0.000,0.078,0.023,0.000
404.540,0.000,0.076,0.023,0.000
404.560,0.000,0.078,0.023,0.000
404.580,0.000,0.076,0.023,0.000
404.600,0.000,0.075,0.023,0.000
404.620,0.000,0.075,0.023,0.000
404.640,0.000,0.079,0.023,0.000
404.660,0.000,0.076,0.023,0.000
404.680,0.000,0.076,0.023,0.000
404.700,0.000,0.074,0.023,0.000
404.720,0.000,0.077,0.023,0.000
404.740,0.000,0.073,0.023,0.000
404.760,0.000,0.079,0.023,0.000
404.780,0.000,0.073,0.023,0.000
404.800,0.000,0.077,0.023,0.000
404.820,0.000,0.075,0.023,0.000
404.840,0.000,0.074,0.023,0.000
404.860,0.000,0.074,0.023,0.000
404.880,0.000,0.074,0.023,0.000
404.900,0.000,0.077,0.023,0.000
404.920,0.000,0.072,0.023,0.000
404.940,0.000,0.076,0.023,0.000
404.960,0.000,0.072,0.023,0.000
404.980,0.000,0.074,0.023,0.000
405.000,0.000,0.072,0.023,0.000
405.020,0.000,0.074,0.023,0.000
405.040,0.000,0.070,0.023,0.000
405.060,0.000,0.074,0.023,0.000
405.080,0.000,0.072,0.023,0.000
405.100,0.000,0.071,0.023,0.000
405.120,0.000,0.070,0.023,0.000
405.140,0.000,0.071,0.023,0.000
405.160,0.000,0.073,0.023,0.000
405.180,0.000,0.073,0.023,0.000
405.200,0.000,0.070,0.023,0.000
405.220,0.000,0.075,0.023,0.000
405.240,0.000,0.069,0.023,0.000
405.260,0.000,0.075,0.023,0.000
405.280,0.000,0.069,0.023,0.000
405.300,0.000,0.074,0.023,0.000
405.320,0.000,0.069,0.023,0.000
405.340,0.000,0.074,0.023,0.000
405.360,0.000,0.073,0.023,0.000
405.380,0.000,0.070,0.023,0.000
405.400,0.000,0.074,0.023,0.000
405.420,0.000,0.071,0.023,0.000
405.440,0.000,0.074,0.022,0.000
405.460,0.000,0.070,0.019,0.000
405.480,0.000,0.075,0.019,0.000
405.500,0.000,0.070,0.018,0.000
405.520,0.000,0.076,0.018,0.000
405.540,0.000,0.068,0.018,0.000
405.560,0.000,0.078,0.018,0.000
405.580,0.000,0.064,0.019,0.000
405.600,0.000,0.076,0.019,0.000
405.620,0.000,0.069,0.019,0.000
405.640,0.000,0.077,0.019,0.000
405.660,0.000,0.069,0.019,0.000
405.680,0.000,0.075,0.019,0.000
405.700,0.000,0.070,0.019,0.000
405.720,0.000,0.077,0.019,0.000
405.740,0.000,0.069,0.019,0.000
405.760,0.000,0.073,0.019,0.000
405.780,0.000,0.070,0.019,0.000
405.800,0.000,0.072,0.019,0.000
405.820,0.000,0.074,0.019,0.000
405.840,0.000,0.071,0.019,0.000
405.860,0.000,0.073,0.019,0.000
405.880,0.000,0.070,0.019,0.000
405.900,0.000,0.075,0.019,0.000
405.920,0.000,0.069,0.019,0.000
405.940,0.000,0.079,0.019,0.000
405.960,0.000,0.066,0.019,0.000
405.980,0.000,0.075,0.019,0.000
406.000,0.000,0.067,0.019,0.000
406.020,0.000,0.077,0.019,0.000
406.040,0.000,0.069,0.019,0.000
406.060,0.000,0.078,0.019,0.000
406.080,0.000,0.071,0.019,0.000
406.100,0.000,0.074,0.019,0.000
406.120,0.000,0.074,0.019,0.000
406.140,0.000,0.072,0.019,0.000
406.160,0.000,0.074,0.019,0.000
406.180,0.000,0.070,0.019,0.000
406.200,0.000,0.079,0.019,0.000
406.220,0.000,0.069,0.019,0.000
406.240,0.000,0.083,0.019,0.000
406.260,0.000,0.070,0.019,0.000
406.280,0.000,0.082,0.019,0.000
406.300,0.000,0.067,0.019,0.000
406.320,0.000,0.083,0.019,0.000
406.340,0.000,0.069,0.019,0.000
406.360,0.000,0.083,0.019,0.000
406.380,0.000,0.070,0.019,0.000
406.400,0.000,0.082,0.019,0.000
406.420,0.000,0.073,0.019,0.000
406.440,0.000,0.079,0.019,0.000
406.460,0.000,0.076,0.019,0.000
406.480,0.000,0.077,0.019,0.000
406.500,0.000,0.078,0.019,0.000
406.520,0.000,0.077,0.019,0.000
406.540,0.000,0.079,0.019,0.000
406.560,0.000,0.074,0.019,0.000
406.580,0.000,0.080,0.019,0.000
406.600,0.000,0.075,0.019,0.000
406.620,0.000,0.078,0.019,0.000
406.640,0.000,0.074,0.019,0.000
406.660,0.000,0.078,0.019,0.000
406.680,0.000,0.074,0.019,0.000
406.700,0.000,0.079,0.019,0.000
406.720,0.000,0.076,0.019,0.000
406.740,0.000,0.078,0.019,0.000
406.760,0.000,0.074,0.019,0.000
406.780,0.000,0.076,0.019,0.000
406.800,0.000,0.074,0.019,0.000
406.820,0.000,0.076,0.019,0.000
406.840,0.000,0.074,0.019,0.000
406.860,0.000,0.075,0.019,0.000
406.880,0.000,0.075,0.019,0.000
406.900,0.000,0.076,0.019,0.000
406.920,0.000,0.075,0.019,0.000
406.940,0.000,0.074,0.019,0.000
406.960,0.000,0.076,0.019,0.000
406.980,0.000,0.074,0.019,0.000
407.000,0.000,0.074,0.019,0.000
407.020,0.000,0.075,0.019,0.000
407.040,0.000,0.076,0.019,0.000
407.060,0.000,0.076,0.019,0.000
407.080,0.000,0.076,0.019,0.000
407.100,0.000,0.075,0.019,0.000
407.120,0.000,0.077,0.019,0.000
407.140,0.000,0.075,0.019,0.000
407.160,0.000,0.077,0.019,0.000
407.180,0.000,0.075,0.019,0.000
407.200,0.000,0.076,0.019,0.000
407.220,0.000,0.077,0.019,0.000
407.240,0.000,0.075,0.019,0.000
407.260,0.000,0.074,0.019,0.000
407.280,0.000,0.077,0.019,0.000
407.300,0.000,0.074,0.019,0.000
407.320,0.000,0.074,0.019,0.000
407.340,0.000,0.074,0.019,0.000
407.360,0.000,0.075,0.019,0.000
407.380,0.000,0.077,0.019,0.000
407.400,0.000,0.075,0.019,0.000
407.420,0.000,0.077,0.019,0.000
407.440,0.000,0.074,0.019,0.000
407.460,0.000,0.077,0.019,0.000
407.480,0.000,0.074,0.019,0.000
407.500,0.000,0.074,0.019,0.000
407.520,0.000,0.074,0.019,0.000
407.540,0.000,0.075,0.019,0.000
407.560,0.000,0.075,0.019,0.000
407.580,0.000,0.075,0.019,0.000
407.600,0.000,0.074,0.019,0.000
407.620,0.000,0.076,0.019,0.000
407.640,0.000,0.074,0.019,0.000
407.660,0.000,0.074,0.019,0.000
407.680,0.000,0.074,0.019,0.000
407.700,0.000,0.073,0.019,0.000
407.720,0.000,0.074,0.019,0.000
407.740,0.000,0.074,0.019,0.000
407.760,0.000,0.075,0.019,0.000
407.780,0.000,0.074,0.019,0.000
407.800,0.000,0.074,0.019,0.000
407.820,0.000,0.071,0.019,0.000
407.840,0.000,0.074,0.019,0.000
407.860,0.000,0.074,0.019,0.000
407.880,0.000,0.074,0.019,0.000
407.900,0.000,0.075,0.019,0.000
407.920,0.000,0.075,0.019,0.000
407.940,0.000,0.074,0.019,0.000
407.960,0.000,0.074,0.019,0.000
407.980,0.000,0.074,0.019,0.000
408.000,0.000,0.072,0.019,0.000
408.020,0.000,0.073,0.019,0.000
408.040,0.000,0.074,0.019,0.000
408.060,0.000,0.073,0.019,0.000
408.080,0.000,0.074,0.019,0.000
408.100,0.000,0.074,0.019,0.000
408.120,0.000,0.074,0.019,0.000
408.140,0.000,0.074,0.019,0.000
408.160,0.000,0.073,0.019,0.000
408.180,0.000,0.074,0.019,0.000
408.200,0.000,0.070,0.019,0.000
408.220,0.000,0.075,0.019,0.000
408.240,0.000,0.073,0.019,0.000
408.260,0.000,0.076,0.019,0.000
408.280,0.000,0.070,0.019,0.000
408.300,0.000,0.074,0.019,0.000
408.320,0.000,0.073,0.019,0.000
408.340,0.000,0.076,0.019,0.000
408.360,0.000,0.072,0.019,0.000
408.380,0.000,0.074,0.019,0.000
408.400,0.000,0.073,0.019,0.000
408.420,0.000,0.074,0.019,0.000
408.440,0.000,0.074,0.019,0.000
408.460,0.000,0.074,0.019,0.000
408.480,0.000,0.074,0.019,0.000
408.500,0.000,0.072,0.019,0.000
408.520,0.000,0.075,0.019,0.000
408.540,0.000,0.074,0.019,0.000
408.560,0.000,0.075,0.019,0.000
408.580,0.000,0.074,0.019,0.000
408.600,0.000,0.076,0.019,0.000
408.620,0.000,0.071,0.019,0.000
408.640,0.000,0.076,0.019,0.000
408.660,0.000,0.074,0.019,0.000
408.680,0.000,0.074,0.019,0.000
408.700,0.000,0.074,0.019,0.000
408.720,0.000,0.075,0.019,0.000
408.740,0.000,0.075,0.019,0.000
408.760,0.000,0.074,0.019,0.000
408.780,0.000,0.073,0.019,0.000
408.800,0.000,0.073,0.019,0.000
408.820,0.000,0.074,0.019,0.000
408.840,0.000,0.072,0.019,0.000
408.860,0.000,0.072,0.019,0.000
408.880,0.000,0.074,0.019,0.000
408.900,0.000,0.078,0.019,0.000
408.920,0.000,0.073,0.019,0.000
408.940,0.000,0.079,0.019,0.000
408.960,0.000,0.072,0.019,0.000
408.980,0.000,0.078,0.019,0.000
409.000,0.000,0.071,0.019,0.000
409.020,0.000,0.078,0.019,0.000
409.040,0.000,0.072,0.019,0.000
409.060,0.000,0.078,0.019,0.000
409.080,0.000,0.074,0.019,0.000
409.100,0.000,0.078,0.019,0.000
409.120,0.000,0.074,0.019,0.000
409.140,0.000,0.077,0.019,0.000
409.160,0.000,0.076,0.019,0.000
409.180,0.000,0.076,0.019,0.000
409.200,0.000,0.075,0.019,0.000
409.220,0.000,0.076,0.019,0.000
409.240,0.000,0.076,0.019,0.000
409.260,0.000,0.074,0.019,0.000
409.280,0.000,0.076,0.019,0.000
409.300,0.000,0.074,0.019,0.000
409.320,0.000,0.078,0.019,0.000
409.340,0.000,0.074,0.019,0.000
409.360,0.000,0.077,0.019,0.000
409.380,0.000,0.074,0.019,0.000
409.400,0.000,0.079,0.019,0.000
409.420,0.000,0.074,0.019,0.000
409.440,0.000,0.081,0.019,0.000
409.460,0.000,0.074,0.019,0.000
409.480,0.000,0.079,0.019,0.000
409.500,0.000,0.074,0.019,0.000
409.520,0.000,0.083,0.019,0.000
409.540,0.000,0.074,0.019,0.000
409.560,0.000,0.079,0.019,0.000
409.580,0.000,0.075,0.019,0.000
409.600,0.000,0.079,0.019,0.000
409.620,0.000,0.078,0.019,0.000
409.640,0.000,0.079,0.019,0.000
409.660,0.000,0.079,0.019,0.000
409.680,0.000,0.075,0.019,0.000
409.700,0.000,0.079,0.019,0.000
409.720,0.000,0.075,0.019,0.000
409.740,0.000,0.079,0.019,0.000
409.760,0.000,0.074,0.019,0.000
409.780,0.000,0.079,0.019,0.000
409.800,0.000,0.072,0.019,0.000
409.820,0.000,0.082,0.019,0.000
409.840,0.000,0.073,0.019,0.000
409.860,0.000,0.079,0.019,0.000
409.880,0.000,0.074,0.019,0.000
409.900,0.000,0.075,0.019,0.000
409.920,0.000,0.074,0.019,0.000
409.940,0.000,0.076,0.019,0.000
409.960,0.000,0.074,0.019,0.000
409.980,0.000,0.074,0.019,0.000
410.000,0.000,0.075,0.019,0.000
410.020,0.000,0.074,0.019,0.000
410.040,0.000,0.076,0.019,0.000
410.060,0.000,0.070,0.019,0.000
410.080,0.000,0.076,0.019,0.000
410.100,0.000,0.070,0.019,0.000
410.120,0.000,0.076,0.019,0.000
410.140,0.000,0.070,0.019,0.000
410.160,0.000,0.079,0.019,0.000
410.180,0.000,0.072,0.019,0.000
410.200,0.000,0.075,0.019,0.000
410.220,0.000,0.073,0.019,0.000
410.240,0.000,0.074,0.019,0.000
410.260,0.000,0.070,0.019,0.000
410.280,0.000,0.073,0.019,0.000
410.300,0.000,0.070,0.019,0.000
410.320,0.000,0.074,0.019,0.000
410.340,0.000,0.074,0.019,0.000
410.360,0.000,0.073,0.019,0.000
410.380,0.000,0.074,0.019,0.000
410.400,0.000,0.072,0.019,0.000
410.420,0.000,0.073,0.019,0.000
410.440,0.000,0.072,0.019,0.000
410.460,0.000,0.074,0.019,0.000
410.480,0.000,0.074,0.019,0.000
410.500,0.000,0.074,0.019,0.000
410.520,0.000,0.074,0.019,0.000
410.540,0.000,0.073,0.019,0.000
410.560,0.000,0.074,0.019,0.000
410.580,0.000,0.074,0.018,0.000
410.600,0.000,0.073,0.018,0.000
410.620,0.000,0.075,0.018,0.000
410.640,0.000,0.074,0.018,0.000
410.660,0.000,0.073,0.018,0.000
410.680,0.000,0.074,0.018,0.000
410.700,0.000,0.074,0.018,0.000
410.720,0.000,0.074,0.018,0.000
410.740,0.000,0.075,0.018,0.000
410.760,0.000,0.074,0.018,0.000
410.780,0.000,0.074,0.018,0.000
410.800,0.000,0.073,0.018,0.000
410.820,0.000,0.074,0.018,0.000
410.840,0.000,0.074,0.018,0.000
410.860,0.000,0.076,0.018,0.000
410.880,0.000,0.071,0.018,0.000
410.900,0.000,0.074,0.018,0.000
410.920,0.000,0.074,0.018,0.000
410.940,0.000,0.074,0.018,0.000
410.960,0.000,0.072,0.016,0.000
410.980,0.000,0.074,0.016,0.000
411.000,0.000,0.074,0.016,0.000
411.020,0.000,0.074,0.016,0.000
411.040,0.000,0.074,0.016,0.000
411.060,0.000,0.074,0.016,0.000
411.080,0.000,0.074,0.016,0.000
411.100,0.000,0.075,0.016,0.000
411.120,0.000,0.074,0.016,0.000
411.140,0.000,0.074,0.016,0.000
411.160,0.000,0.074,0.016,0.000
411.180,0.000,0.074,0.016,0.000
411.200,0.000,0.075,0.016,0.000
411.220,0.000,0.073,0.016,0.000
411.240,0.000,0.074,0.015,0.000
411.260,0.000,0.074,0.015,0.000
411.280,0.000,0.075,0.015,0.000
411.300,0.000,0.071,0.014,0.000
411.320,0.000,0.079,0.014,0.000
411.340,0.000,0.074,0.013,0.000
411.360,0.000,0.076,0.013,0.000
411.380,0.000,0.074,0.013,0.000
411.400,0.000,0.075,0.013,0.000
411.420,0.000,0.074,0.013,0.000
411.440,0.000,0.075,0.013,0.000
411.460,0.000,0.076,0.013,0.000
411.480,0.000,0.076,0.013,0.000
411.500,0.000,0.078,0.013,0.000
411.520,0.000,0.079,0.013,0.000
411.540,0.000,0.078,0.013,0.000
411.560,0.000,0.077,0.013,0.000
411.580,0.000,0.075,0.013,0.000
411.600,0.000,0.077,0.013,0.000
411.620,0.000,0.079,0.013,0.000
411.640,0.000,0.076,0.013,0.000
411.660,0.000,0.077,0.013,0.000
411.680,0.000,0.076,0.013,0.000
411.700,0.000,0.076,0.013,0.000
411.720,0.000,0.078,0.013,0.000
411.740,0.000,0.076,0.013,0.000
411.760,0.000,0.076,0.013,0.000
411.780,0.000,0.078,0.013,0.000
411.800,0.000,0.075,0.013,0.000
411.820,0.000,0.075,0.013,0.000
411.840,0.000,0.079,0.013,0.000
411.860,0.000,0.074,0.013,0.000
411.880,0.000,0.076,0.013,0.000
411.900,0.000,0.075,0.013,0.000
411.920,0.000,0.074,0.013,0.000
411.940,0.000,0.075,0.013,0.000
411.960,0.000,0.074,0.013,0.000
411.980,0.000,0.075,0.013,0.000
412.000,0.000,0.075,0.013,0.000
412.020,0.000,0.074,0.013,0.000
412.040,0.000,0.075,0.013,0.000
412.060,0.000,0.074,0.013,0.000
412.080,0.000,0.074,0.013,0.000
412.100,0.000,0.074,0.013,0.000
412.120,0.000,0.075,0.013,0.000
412.140,0.000,0.074,0.013,0.000
412.160,0.000,0.074,0.013,0.000
412.180,0.000,0.074,0.013,0.000
412.200,0.000,0.075,0.013,0.000
412.220,0.000,0.074,0.013,0.000
412.240,0.000,0.075,0.013,0.000
412.260,0.000,0.075,0.013,0.000
412.280,0.000,0.074,0.013,0.000
412.300,0.000,0.074,0.013,0.000
412.320,0.000,0.074,0.013,0.000
412.340,0.000,0.075,0.013,0.000
412.360,0.000,0.074,0.013,0.000
412.380,0.000,0.077,0.013,0.000
412.400,0.000,0.074,0.013,0.000
412.420,0.000,0.075,0.013,0.000
412.440,0.000,0.074,0.013,0.000
412.460,0.000,0.077,0.013,0.000
412.480,0.000,0.075,0.013,0.000
412.500,0.000,0.078,0.013,0.000
412.520,0.000,0.075,0.013,0.000
412.540,0.000,0.076,0.013,0.000
412.560,0.000,0.074,0.013,0.000
412.580,0.000,0.076,0.013,0.000
412.600,0.000,0.074,0.013,0.000
412.620,0.000,0.075,0.013,0.000
412.640,0.000,0.074,0.013,0.000
412.660,0.000,0.076,0.013,0.000
412.680,0.000,0.074,0.013,0.000
412.700,0.000,0.074,0.013,0.000
412.720,0.000,0.075,0.013,0.000
412.740,0.000,0.073,0.013,0.000
412.760,0.000,0.073,0.013,0.000
412.780,0.000,0.074,0.013,0.000
412.800,0.000,0.074,0.013,0.000
412.820,0.000,0.074,0.013,0.000
412.840,0.000,0.075,0.013,0.000
412.860,0.000,0.073,0.013,0.000
412.880,0.000,0.076,0.013,0.000
412.900,0.000,0.073,0.013,0.000
412.920,0.000,0.074,0.013,0.000
412.940,0.000,0.073,0.013,0.000
412.960,0.000,0.074,0.013,0.000
412.980,0.000,0.073,0.013,0.000
413.000,0.000,0.074,0.013,0.000
413.020,0.000,0.074,0.013,0.000
413.040,0.000,0.075,0.013,0.000
413.060,0.000,0.070,0.013,0.000
413.080,0.000,0.074,0.013,0.000
413.100,0.000,0.071,0.013,0.000
413.120,0.000,0.074,0.013,0.000
413.140,0.000,0.074,0.013,0.000
413.160,0.000,0.075,0.013,0.000
413.180,0.000,0.074,0.013,0.000
413.200,0.000,0.074,0.013,0.000
413.220,0.000,0.070,0.013,0.000
413.240,0.000,0.075,0.013,0.000
413.260,0.000,0.074,0.013,0.000
413.280,0.000,0.074,0.013,0.000
413.300,0.000,0.074,0.013,0.000
413.320,0.000,0.074,0.013,0.000
413.340,0.000,0.074,0.013,0.000
413.360,0.000,0.074,0.013,0.000
413.380,0.000,0.074,0.013,0.000
413.400,0.000,0.074,0.013,0.000
413.420,0.000,0.075,0.013,0.000
413.440,0.000,0.074,0.013,0.000
413.460,0.000,0.075,0.013,0.000
413.480,0.000,0.074,0.013,0.000
413.500,0.000,0.075,0.013,0.000
413.520,0.000,0.074,0.013,0.000
413.540,0.000,0.075,0.013,0.000
413.560,0.000,0.074,0.013,0.000
413.580,0.000,0.075,0.013,0.000
413.600,0.000,0.074,0.013,0.000
413.620,0.000,0.074,0.013,0.000
413.640,0.000,0.076,0.013,0.000
413.660,0.000,0.075,0.013,0.000
413.680,0.000,0.073,0.013,0.000
413.700,0.000,0.076,0.013,0.000
413.720,0.000,0.075,0.013,0.000
413.740,0.000,0.074,0.013,0.000
413.760,0.000,0.071,0.013,0.000
413.780,0.000,0.074,0.013,0.000
413.800,0.000,0.074,0.013,0.000
413.820,0.000,0.074,0.013,0.000
413.840,0.000,0.074,0.013,0.000
413.860,0.000,0.076,0.013,0.000
413.880,0.000,0.072,0.013,0.000
413.900,0.000,0.081,0.013,0.000
413.920,0.000,0.074,0.013,0.000
413.940,0.000,0.078,0.013,0.000
413.960,0.000,0.074,0.013,0.000
413.980,0.000,0.075,0.013,0.000
414.000,0.000,0.075,0.013,0.000
414.020,0.000,0.075,0.013,0.000
414.040,0.000,0.078,0.013,0.000
414.060,0.000,0.075,0.013,0.000
414.080,0.000,0.080,0.013,0.000
414.100,0.000,0.075,0.013,0.000
414.120,0.000,0.076,0.013,0.000
414.140,0.000,0.074,0.013,0.000
414.160,0.000,0.078,0.013,0.000
414.180,0.000,0.073,0.013,0.000
414.200,0.000,0.079,0.013,0.000
414.220,0.000,0.073,0.013,0.000
414.240,0.000,0.077,0.013,0.000
414.260,0.000,0.074,0.013,0.000
414.280,0.000,0.076,0.013,0.000
414.300,0.000,0.075,0.013,0.000
414.320,0.000,0.078,0.013,0.000
414.340,0.000,0.074,0.013,0.000
414.360,0.000,0.077,0.013,0.000
414.380,0.000,0.075,0.013,0.000
414.400,0.000,0.077,0.013,0.000
414.420,0.000,0.075,0.013,0.000
414.440,0.000,0.077,0.013,0.000
414.460,0.000,0.077,0.013,0.000
414.480,0.000,0.075,0.013,0.000
414.500,0.000,0.075,0.013,0.000
414.520,0.000,0.074,0.012,0.000
414.540,0.000,0.078,0.012,0.000
414.560,0.000,0.074,0.012,0.000
414.580,0.000,0.079,0.012,0.000
414.600,0.000,0.074,0.012,0.000
414.620,0.000,0.079,0.012,0.000
414.640,0.000,0.074,0.012,0.000
414.660,0.000,0.079,0.012,0.000
414.680,0.000,0.074,0.012,0.000
414.700,0.000,0.083,0.014,0.000
414.720,0.000,0.076,0.014,0.000
414.740,0.000,0.079,0.014,0.000
414.760,0.000,0.074,0.014,0.000
414.780,0.000,0.081,0.014,0.000
414.800,0.000,0.074,0.014,0.000
414.820,0.000,0.078,0.014,0.000
414.840,0.000,0.077,0.014,0.000
414.860,0.000,0.076,0.014,0.000
414.880,0.000,0.075,0.014,0.000
414.900,0.000,0.075,0.014,0.000
414.920,0.000,0.075,0.014,0.000
414.940,0.000,0.076,0.014,0.000
414.960,0.000,0.079,0.014,0.000
414.980,0.000,0.074,0.014,0.000
415.000,0.000,0.077,0.014,0.000
415.020,0.000,0.074,0.014,0.000
415.040,0.000,0.075,0.014,0.000
415.060,0.000,0.074,0.014,0.000
415.080,0.000,0.075,0.014,0.000
415.100,0.000,0.074,0.014,0.000
415.120,0.000,0.075,0.014,0.000
415.140,0.000,0.076,0.014,0.000
415.160,0.000,0.076,0.014,0.000
415.180,0.000,0.074,0.014,0.000
415.200,0.000,0.074,0.014,0.000
415.220,0.000,0.074,0.014,0.000
415.240,0.000,0.076,0.014,0.000
415.260,0.000,0.073,0.014,0.000
415.280,0.000,0.074,0.014,0.000
415.300,0.000,0.074,0.014,0.000
415.320,0.000,0.074,0.014,0.000
415.340,0.000,0.074,0.014,0.000
415.360,0.000,0.074,0.014,0.000
415.380,0.000,0.074,0.014,0.000
415.400,0.000,0.074,0.014,0.000
415.420,0.000,0.074,0.014,0.000
415.440,0.000,0.074,0.014,0.000
415.460,0.000,0.074,0.014,0.000
415.480,0.000,0.073,0.014,0.000
415.500,0.000,0.074,0.014,0.000
415.520,0.000,0.074,0.014,0.000
415.540,0.000,0.073,0.014,0.000
415.560,0.000,0.074,0.014,0.000
415.580,0.000,0.074,0.014,0.000
415.600,0.000,0.074,0.014,0.000
415.620,0.000,0.074,0.014,0.000
415.640,0.000,0.074,0.014,0.000
415.660,0.000,0.075,0.014,0.000
415.680,0.000,0.073,0.014,0.000
415.700,0.000,0.074,0.014,0.000
415.720,0.000,0.074,0.014,0.000
415.740,0.000,0.074,0.014,0.000
415.760,0.000,0.075,0.014,0.000
415.780,0.000,0.074,0.014,0.000
415.800,0.000,0.075,0.014,0.000
415.820,0.000,0.074,0.014,0.000
415.840,0.000,0.075,0.014,0.000
415.860,0.000,0.074,0.014,0.000
415.880,0.000,0.074,0.014,0.000
415.900,0.000,0.076,0.014,0.000
415.920,0.000,0.075,0.014,0.000
415.940,0.000,0.073,0.014,0.000
415.960,0.000,0.075,0.014,0.000
415.980,0.000,0.074,0.014,0.000
416.000,0.000,0.074,0.014,0.000
416.020,0.000,0.075,0.014,0.000
416.040,0.000,0.074,0.014,0.000
416.060,0.000,0.074,0.014,0.000
416.080,0.000,0.074,0.014,0.000
416.100,0.000,0.074,0.014,0.000
416.120,0.000,0.074,0.014,0.000
416.140,0.000,0.074,0.014,0.000
416.160,0.000,0.073,0.014,0.000
416.180,0.000,0.074,0.014,0.000
416.200,0.000,0.074,0.014,0.000
416.220,0.000,0.074,0.014,0.000
416.240,0.000,0.073,0.014,0.000
416.260,0.000,0.074,0.014,0.000
416.280,0.000,0.072,0.014,0.000
416.300,0.000,0.076,0.014,0.000
416.320,0.000,0.072,0.014,0.000
416.340,0.000,0.075,0.014,0.000
416.360,0.000,0.073,0.014,0.000
416.380,0.000,0.075,0.014,0.000
416.400,0.000,0.071,0.014,0.000
416.420,0.000,0.074,0.014,0.000
416.440,0.000,0.077,0.014,0.000
416.460,0.000,0.074,0.014,0.000
416.480,0.000,0.075,0.014,0.000
416.500,0.000,0.075,0.014,0.000
416.520,0.000,0.077,0.014,0.000
416.540,0.000,0.074,0.014,0.000
416.560,0.000,0.081,0.014,0.000
416.580,0.000,0.077,0.014,0.000
416.600,0.000,0.075,0.014,0.000
416.620,0.000,0.075,0.014,0.000
416.640,0.000,0.075,0.014,0.000
416.660,0.000,0.077,0.014,0.000
416.680,0.000,0.075,0.014,0.000
416.700,0.000,0.075,0.014,0.000
416.720,0.000,0.077,0.014,0.000
416.740,0.000,0.074,0.014,0.000
416.760,0.000,0.077,0.014,0.000
416.780,0.000,0.077,0.014,0.000
416.800,0.000,0.079,0.014,0.000
416.820,0.000,0.074,0.014,0.000
416.840,0.000,0.079,0.014,0.000
416.860,0.000,0.074,0.014,0.000
416.880,0.000,0.076,0.014,0.000
416.900,0.000,0.074,0.014,0.000
416.920,0.000,0.078,0.014,0.000
416.940,0.000,0.076,0.014,0.000
416.960,0.000,0.075,0.014,0.000
416.980,0.000,0.076,0.014,0.000
417.000,0.000,0.075,0.014,0.000
417.020,0.000,0.075,0.014,0.000
417.040,0.000,0.075,0.014,0.000
417.060,0.000,0.074,0.014,0.000
417.080,0.000,0.075,0.014,0.000
417.100,0.000,0.074,0.014,0.000
417.120,0.000,0.076,0.014,0.000
417.140,0.000,0.074,0.014,0.000
417.160,0.000,0.076,0.014,0.000
417.180,0.000,0.077,0.014,0.000
417.200,0.000,0.076,0.014,0.000
417.220,0.000,0.075,0.014,0.000
417.240,0.000,0.076,0.014,0.000
417.260,0.000,0.079,0.014,0.000
417.280,0.000,0.074,0.014,0.000
417.300,0.000,0.077,0.014,0.000
417.320,0.000,0.076,0.014,0.000
417.340,0.000,0.077,0.014,0.000
417.360,0.000,0.075,0.014,0.000
417.380,0.000,0.075,0.014,0.000
417.400,0.000,0.074,0.014,0.000
417.420,0.000,0.074,0.014,0.000
417.440,0.000,0.078,0.014,0.000
417.460,0.000,0.074,0.014,0.000
417.480,0.000,0.076,0.014,0.000
417.500,0.000,0.074,0.014,0.000
417.520,0.000,0.077,0.014,0.000
417.540,0.000,0.074,0.014,0.000
417.560,0.000,0.075,0.014,0.000
417.580,0.000,0.073,0.014,0.000
417.600,0.000,0.075,0.014,0.000
417.620,0.000,0.074,0.014,0.000
417.640,0.000,0.078,0.014,0.000
417.660,0.000,0.070,0.014,0.000
417.680,0.000,0.079,0.014,0.000
417.700,0.000,0.068,0.015,0.000
417.720,0.000,0.077,0.015,0.000
417.740,0.000,0.070,0.015,0.000
417.760,0.000,0.079,0.015,0.000
417.780,0.000,0.073,0.015,0.000
417.800,0.000,0.077,0.015,0.000
417.820,0.000,0.074,0.015,0.000
417.840,0.000,0.073,0.015,0.000
417.860,0.000,0.074,0.015,0.000
417.880,0.000,0.073,0.015,0.000
417.900,0.000,0.075,0.015,0.000
417.920,0.000,0.073,0.015,0.000
417.940,0.000,0.075,0.015,0.000
417.960,0.000,0.074,0.015,0.000
417.980,0.000,0.074,0.015,0.000
418.000,0.000,0.073,0.015,0.000
418.020,0.000,0.074,0.015,0.000
418.040,0.000,0.073,0.015,0.000
418.060,0.000,0.075,0.015,0.000
418.080,0.000,0.071,0.015,0.000
418.100,0.000,0.074,0.015,0.000
418.120,0.000,0.073,0.015,0.000
418.140,0.000,0.074,0.015,0.000
418.160,0.000,0.072,0.015,0.000
418.180,0.000,0.074,0.015,0.000
418.200,0.000,0.073,0.015,0.000
418.220,0.000,0.073,0.015,0.000
418.240,0.000,0.074,0.015,0.000
418.260,0.000,0.072,0.015,0.000
418.280,0.000,0.074,0.015,0.000
418.300,0.000,0.070,0.015,0.000
418.320,0.000,0.075,0.015,0.000
418.340,0.000,0.071,0.015,0.000
418.360,0.000,0.076,0.015,0.000
418.380,0.000,0.070,0.015,0.000
418.400,0.000,0.076,0.015,0.000
418.420,0.000,0.071,0.015,0.000
418.440,0.000,0.076,0.015,0.000
418.460,0.000,0.071,0.015,0.000
418.480,0.000,0.077,0.015,0.000
418.500,0.000,0.072,0.015,0.000
418.520,0.000,0.075,0.015,0.000
418.540,0.000,0.074,0.015,0.000
418.560,0.000,0.073,0.015,0.000
418.580,0.000,0.074,0.015,0.000
418.600,0.000,0.071,0.015,0.000
418.620,0.000,0.074,0.015,0.000
418.640,0.000,0.071,0.015,0.000
418.660,0.000,0.077,0.015,0.000
418.680,0.000,0.070,0.015,0.000
418.700,0.000,0.077,0.015,0.000
418.720,0.000,0.068,0.015,0.000
418.740,0.000,0.080,0.015,0.000
418.760,0.000,0.068,0.015,0.000
418.780,0.000,0.080,0.015,0.000
418.800,0.000,0.070,0.015,0.000
418.820,0.000,0.080,0.015,0.000
418.840,0.000,0.070,0.015,0.000
418.860,0.000,0.081,0.015,0.000
418.880,0.000,0.073,0.015,0.000
418.900,0.000,0.079,0.015,0.000
418.920,0.000,0.071,0.015,0.000
418.940,0.000,0.078,0.015,0.000
418.960,0.000,0.074,0.015,0.000
418.980,0.000,0.076,0.015,0.000
419.000,0.000,0.076,0.015,0.000
419.020,0.000,0.074,0.015,0.000
419.040,0.000,0.078,0.015,0.000
419.060,0.000,0.074,0.015,0.000
419.080,0.000,0.081,0.015,0.000
419.100,0.000,0.071,0.015,0.000
419.120,0.000,0.083,0.015,0.000
419.140,0.000,0.071,0.015,0.000
419.160,0.000,0.081,0.015,0.000
419.180,0.000,0.073,0.015,0.000
419.200,0.000,0.081,0.015,0.000
419.220,0.000,0.072,0.015,0.000
419.240,0.000,0.083,0.015,0.000
419.260,0.000,0.074,0.015,0.000
419.280,0.000,0.082,0.015,0.000
419.300,0.000,0.075,0.015,0.000
419.320,0.000,0.080,0.015,0.000
419.340,0.000,0.075,0.015,0.000
419.360,0.000,0.079,0.015,0.000
419.380,0.000,0.078,0.015,0.000
419.400,0.000,0.076,0.015,0.000
419.420,0.000,0.080,0.015,0.000
419.440,0.000,0.073,0.015,0.000
419.460,0.000,0.080,0.015,0.000
419.480,0.000,0.074,0.015,0.000
419.500,0.000,0.081,0.015,0.000
419.520,0.000,0.075,0.015,0.000
419.540,0.000,0.082,0.015,0.000
419.560,0.000,0.073,0.015,0.000
419.580,0.000,0.081,0.015,0.000
419.600,0.000,0.073,0.015,0.000
419.620,0.000,0.086,0.018,0.000
419.640,0.000,0.072,0.018,0.000
419.660,0.000,0.085,0.018,0.000
419.680,0.000,0.074,0.018,0.000
419.700,0.000,0.083,0.018,0.000
419.720,0.000,0.073,0.018,0.000
419.740,0.000,0.084,0.018,0.000
419.760,0.000,0.074,0.018,0.000
419.780,0.000,0.080,0.018,0.000
419.800,0.000,0.074,0.018,0.000
419.820,0.000,0.081,0.018,0.000
419.840,0.000,0.077,0.018,0.000
419.860,0.000,0.080,0.018,0.000
419.880,0.000,0.075,0.018,0.000
419.900,0.000,0.079,0.018,0.000
419.920,0.000,0.075,0.018,0.000
419.940,0.000,0.078,0.018,0.000
419.960,0.000,0.076,0.018,0.000
419.980,0.000,0.074,0.018,0.000
420.000,0.000,0.075,0.018,0.000
420.020,0.000,0.077,0.018,0.000
420.040,0.000,0.078,0.018,0.000
420.060,0.000,0.074,0.018,0.000
420.080,0.000,0.077,0.018,0.000
420.100,0.000,0.075,0.018,0.000
420.120,0.000,0.075,0.018,0.000
420.140,0.000,0.075,0.018,0.000
420.160,0.000,0.075,0.018,0.000
420.180,0.000,0.074,0.018,0.000
420.200,0.000,0.074,0.018,0.000
420.220,0.000,0.075,0.018,0.000
420.240,0.000,0.074,0.018,0.000
420.260,0.000,0.074,0.018,0.000
420.280,0.000,0.075,0.018,0.000
420.300,0.000,0.072,0.018,0.000
