Tempo,Forzante,Pendolo,Ampiezza,Fase
0.000,13.488,0.435,0.679,98.727
0.020,17.098,0.416,0.679,98.787
0.040,20.473,0.382,0.679,98.793
0.060,23.578,0.357,0.679,98.742
0.080,26.314,0.320,0.679,98.638
0.100,28.658,0.283,0.679,98.486
0.120,30.580,0.248,0.679,98.294
0.140,32.092,0.208,0.679,98.071
0.160,33.123,0.169,0.679,97.832
0.180,33.686,0.126,0.679,97.588
0.200,33.750,0.087,0.679,97.354
0.220,33.363,0.046,0.679,97.142
0.240,32.461,0.009,0.679,96.966
0.260,31.107,-0.027,0.679,96.835
0.280,29.309,-0.062,0.679,96.757
0.300,27.105,-0.089,0.679,96.737
0.320,24.451,-0.118,0.679,96.774
0.340,21.486,-0.137,0.679,96.870
0.360,18.217,-0.155,0.679,97.014
0.380,14.654,-0.174,0.679,97.203
0.400,10.887,-0.184,0.679,97.664
0.420,6.996,-0.183,0.679,97.664
0.440,2.994,-0.189,0.683,97.907
0.460,-1.055,-0.181,0.683,98.145
0.480,-5.080,-0.172,0.683,98.360
0.500,-9.076,-0.157,0.683,98.542
0.520,-12.891,-0.139,0.683,98.680
0.540,-16.500,-0.116,0.683,98.769
0.560,-19.904,-0.087,0.683,98.802
0.580,-23.016,-0.062,0.683,98.780
0.600,-25.781,-0.028,0.683,98.704
0.620,-28.160,0.010,0.683,98.579
0.640,-30.141,0.046,0.683,98.412
0.660,-31.664,0.083,0.683,98.215
0.680,-32.742,0.123,0.683,97.999
0.700,-33.293,0.164,0.683,97.779
0.720,-33.416,0.206,0.683,97.567
0.740,-33.041,0.240,0.683,97.377
0.760,-32.191,0.285,0.683,97.221
0.780,-30.844,0.314,0.683,97.110
0.800,-29.051,0.355,0.683,97.049
0.820,-26.830,0.380,0.683,97.047
0.840,-24.240,0.414,0.683,97.099
0.860,-21.264,0.431,0.683,97.211
0.880,-17.977,0.459,0.683,97.367
0.900,-14.461,0.467,0.683,97.798
0.920,-10.670,0.484,0.683,97.798
0.940,-6.756,0.482,0.683,98.048
0.960,-2.725,0.487,0.683,98.300
0.980,1.330,0.477,0.683,98.543
1.000,5.379,0.475,0.683,98.762
1.020,9.305,0.458,0.683,98.947
1.040,13.154,0.440,0.683,99.090
1.060,16.811,0.417,0.683,99.179
1.080,20.197,0.391,0.683,99.212
1.100,23.320,0.361,0.683,99.186
1.120,26.104,0.327,0.683,99.105
1.140,28.477,0.291,0.683,98.972
1.160,30.439,0.255,0.683,98.798
1.180,31.992,0.215,0.683,98.590
1.200,33.059,0.174,0.683,98.363
1.220,33.662,0.133,0.683,98.128
1.240,33.773,0.091,0.683,97.899
1.260,33.410,0.056,0.683,97.515
1.280,32.543,0.013,0.683,97.515
1.300,31.230,-0.017,0.683,97.383
1.320,29.461,-0.054,0.683,97.299
1.340,27.281,-0.081,0.683,97.272
1.360,24.674,-0.110,0.683,97.299
1.380,21.715,-0.132,0.683,97.513
1.400,18.475,-0.154,0.683,97.513
1.420,14.930,-0.166,0.683,97.687
1.440,11.191,-0.177,0.683,97.887
1.460,7.307,-0.179,0.683,98.108
1.480,3.311,-0.183,0.683,98.330
1.500,-0.750,-0.175,0.683,98.546
1.520,-4.770,-0.166,0.683,98.738
1.540,-8.766,-0.154,0.683,98.896
1.560,-12.615,-0.134,0.683,99.011
1.580,-16.260,-0.115,0.683,99.074
1.600,-19.687,-0.084,0.683,99.082
1.620,-22.816,-0.059,0.683,99.033
1.640,-25.594,-0.023,0.683,98.928
1.660,-28.008,0.012,0.683,98.774
1.680,-30.041,0.048,0.683,98.577
1.700,-31.605,0.083,0.683,98.348
1.720,-32.689,0.124,0.683,98.100
1.740,-33.287,0.170,0.683,97.597
1.760,-33.422,0.207,0.683,97.597
1.780,-33.111,0.248,0.683,97.370
1.800,-32.309,0.283,0.678,97.025
1.820,-30.996,0.323,0.678,97.025
1.840,-29.227,0.357,0.678,96.925
1.860,-27.029,0.384,0.678,96.882
1.880,-24.475,0.418,0.678,96.896
1.900,-21.521,0.435,0.678,96.967
1.920,-18.234,0.457,0.678,97.087
1.940,-14.742,0.470,0.678,97.253
1.960,-10.969,0.482,0.678,97.449
1.980,-7.066,0.489,0.678,97.893
2.000,-3.041,0.491,0.680,97.893
2.020,1.008,0.484,0.680,98.113
2.040,5.057,0.478,0.680,98.313
2.060,9.012,0.460,0.680,98.482
2.080,12.855,0.443,0.680,98.610
2.100,16.535,0.418,0.680,98.687
2.120,19.934,0.392,0.680,98.709
2.140,23.086,0.363,0.680,98.678
2.160,25.893,0.328,0.680,98.592
2.180,28.301,0.295,0.680,98.457
2.200,30.311,0.257,0.680,98.281
2.220,31.875,0.215,0.680,98.074
2.240,33.000,0.180,0.680,97.847
2.260,33.621,0.136,0.680,97.615
2.280,33.773,0.097,0.680,97.391
2.300,33.451,0.056,0.680,97.187
2.320,32.637,0.019,0.680,97.017
2.340,31.354,-0.019,0.680,96.891
2.360,29.619,-0.053,0.680,96.818
2.380,27.492,-0.085,0.680,96.802
2.400,24.914,-0.109,0.680,96.845
2.420,21.979,-0.136,0.680,96.945
2.440,18.756,-0.154,0.680,97.096
2.460,15.240,-0.168,0.680,97.291
2.480,11.525,-0.176,0.680,97.519
2.500,7.641,-0.186,0.680,97.769
2.520,3.639,-0.181,0.680,98.025
2.540,-0.404,-0.183,0.680,98.273
2.560,-4.447,-0.174,0.680,98.504
2.580,-8.443,-0.160,0.680,98.702
2.600,-12.264,-0.142,0.680,98.858
2.620,-15.943,-0.120,0.680,98.961
2.640,-19.395,-0.098,0.680,99.011
2.660,-22.547,-0.068,0.680,99.003
2.680,-25.342,-0.033,0.680,98.940
2.700,-27.785,0.001,0.680,98.826
2.720,-29.859,0.038,0.680,98.669
2.740,-31.465,0.074,0.680,98.478
2.760,-32.584,0.117,0.680,98.266
2.780,-33.223,0.157,0.680,98.046
2.800,-33.404,0.198,0.680,97.831
2.820,-33.129,0.237,0.680,97.636
2.840,-32.355,0.275,0.680,97.472
2.860,-31.102,0.311,0.680,97.350
2.880,-29.367,0.348,0.680,97.276
2.900,-27.199,0.377,0.680,97.258
2.920,-24.680,0.408,0.680,97.295
2.940,-21.744,0.430,0.680,97.388
2.960,-18.521,0.450,0.680,97.530
2.980,-15.035,0.467,0.680,97.715
3.000,-11.285,0.478,0.680,97.930
3.020,-7.377,0.482,0.680,98.166
3.040,-3.363,0.488,0.680,98.405
3.060,0.680,0.481,0.680,98.639
3.080,4.729,0.476,0.680,98.850
3.100,8.701,0.458,0.680,99.029
3.120,12.557,0.445,0.680,99.162
3.140,16.242,0.417,0.680,99.244
3.160,19.676,0.398,0.680,99.270
3.180,22.840,0.360,0.680,99.240
3.200,25.682,0.331,0.680,99.150
3.220,28.107,0.292,0.680,99.010
3.240,30.170,0.258,0.680,98.825
3.260,31.758,0.217,0.680,98.606
3.280,32.918,0.182,0.680,98.365
3.300,33.592,0.132,0.680,98.115
3.320,33.779,0.100,0.680,97.870
3.340,33.498,0.052,0.680,97.643
3.360,32.719,0.024,0.680,97.446
3.380,31.471,-0.021,0.680,97.291
3.400,29.766,-0.050,0.680,97.185
3.420,27.668,-0.084,0.680,97.135
3.440,25.125,-0.102,0.680,97.140
3.460,22.213,-0.137,0.680,97.200
3.480,19.002,-0.145,0.680,97.312
3.500,15.521,-0.179,0.680,97.657
3.520,11.795,-0.165,0.680,97.657
3.540,7.945,-0.195,0.686,97.860
3.560,3.949,-0.171,0.686,98.080
3.580,-0.088,-0.191,0.686,98.285
3.600,-4.154,-0.160,0.686,98.481
3.620,-8.145,-0.166,0.686,98.637
3.640,-12.000,-0.137,0.686,98.759
3.660,-15.674,-0.121,0.686,98.828
3.680,-19.143,-0.089,0.686,98.845
3.700,-22.354,-0.065,0.686,98.803
3.720,-25.172,-0.030,0.686,98.709
3.740,-27.656,0.004,0.686,98.564
3.760,-29.742,0.040,0.686,98.377
3.780,-31.377,0.080,0.686,98.156
3.800,-32.578,0.119,0.686,97.915
3.820,-33.240,0.157,0.686,97.666
3.840,-33.434,0.198,0.686,97.423
3.860,-33.187,0.239,0.686,97.199
3.880,-32.461,0.274,0.686,97.007
3.900,-31.260,0.314,0.686,96.858
3.920,-29.555,0.349,0.686,96.758
3.940,-27.428,0.373,0.686,96.716
3.960,-24.920,0.414,0.686,96.730
3.980,-22.031,0.430,0.686,96.807
4.000,-18.814,0.461,0.686,96.932
4.020,-15.322,0.470,0.686,97.108
4.040,-11.613,0.484,0.686,97.314
4.060,-7.723,0.491,0.686,97.546
4.080,-3.697,0.493,0.687,97.787
4.100,0.357,0.490,0.687,98.025
4.120,4.389,0.480,0.687,98.246
4.140,8.367,0.464,0.687,98.436
4.160,12.240,0.447,0.687,98.586
4.180,15.961,0.425,0.687,98.686
4.200,19.418,0.398,0.687,98.734
4.220,22.600,0.371,0.687,98.724
4.240,25.465,0.335,0.687,98.661
4.260,27.937,0.308,0.687,98.546
4.280,30.012,0.262,0.687,98.390
4.300,31.658,0.233,0.687,98.199
4.320,32.836,0.182,0.687,97.987
4.340,33.557,0.149,0.687,97.765
4.360,33.779,0.100,0.687,97.548
4.380,33.533,0.067,0.687,97.351
4.400,32.801,0.023,0.687,97.183
4.420,31.594,-0.005,0.687,97.059
4.440,29.912,-0.051,0.687,96.982
4.460,27.844,-0.071,0.687,96.965
4.480,25.354,-0.108,0.687,97.000
4.500,22.477,-0.124,0.687,97.096
4.520,19.289,-0.150,0.687,97.239
4.540,15.814,-0.164,0.687,97.429
4.560,12.111,-0.175,0.687,97.653
4.580,8.256,-0.179,0.687,98.151
4.600,4.283,-0.184,0.687,98.151
4.620,0.264,-0.182,0.687,98.401
4.640,-3.809,-0.175,0.687,98.629
4.660,-7.805,-0.160,0.687,98.827
4.680,-11.678,-0.145,0.687,98.981
4.700,-15.375,-0.124,0.687,99.085
4.720,-18.838,-0.100,0.687,99.134
4.740,-22.084,-0.067,0.687,99.060
4.760,-24.920,-0.039,0.687,99.060
4.780,-27.457,-0.004,0.687,98.942
4.800,-29.566,0.033,0.687,98.778
4.820,-31.242,0.070,0.687,98.579
4.840,-32.432,0.114,0.687,98.356
4.860,-33.182,0.150,0.687,98.123
4.880,-33.428,0.190,0.687,97.891
4.900,-33.211,0.232,0.687,97.676
4.920,-32.508,0.268,0.687,97.490
4.940,-31.330,0.305,0.687,97.344
4.960,-29.666,0.345,0.687,97.245
4.980,-27.598,0.369,0.687,97.200
5.000,-25.113,0.408,0.687,97.210
5.020,-22.230,0.422,0.687,97.278
5.040,-19.037,0.455,0.687,97.392
5.060,-15.580,0.462,0.687,97.553
5.080,-11.900,0.481,0.687,97.745
5.100,-8.021,0.477,0.687,97.960
5.120,-4.020,0.489,0.687,98.180
5.140,0.041,0.476,0.687,98.401
5.160,4.090,0.477,0.687,98.597
5.180,8.074,0.456,0.687,98.766
5.200,11.941,0.449,0.687,98.890
5.220,15.662,0.421,0.687,98.970
5.240,19.154,0.398,0.687,98.993
5.260,22.342,0.361,0.687,98.958
5.280,25.260,0.337,0.687,98.866
5.300,27.756,0.295,0.687,98.723
5.320,29.854,0.266,0.687,98.312
5.340,31.535,0.226,0.687,98.312
5.360,32.766,0.185,0.687,98.066
5.380,33.510,0.142,0.687,97.809
5.400,33.785,0.106,0.687,97.555
5.420,33.574,0.062,0.687,97.317
5.440,32.889,0.024,0.687,97.109
5.460,31.711,-0.011,0.687,96.943
5.480,30.064,-0.046,0.687,96.824
5.500,28.049,-0.079,0.687,96.761
5.520,25.559,-0.104,0.687,96.756
5.540,22.723,-0.131,0.687,96.806
5.560,19.559,-0.149,0.687,96.911
5.580,16.113,-0.166,0.687,97.060
5.600,12.428,-0.175,0.687,97.245
5.620,8.572,-0.187,0.687,97.456
5.640,4.594,-0.183,0.687,97.678
5.660,0.574,-0.183,0.687,97.897
5.680,-3.475,-0.173,0.687,98.099
5.700,-7.471,-0.166,0.687,98.274
5.720,-11.402,-0.145,0.687,98.411
5.740,-15.100,-0.126,0.687,98.536
5.760,-18.586,-0.104,0.687,98.536
5.780,-21.832,-0.070,0.687,98.517
5.800,-24.721,-0.040,0.687,98.442
5.820,-27.270,-0.001,0.687,98.317
5.840,-29.432,0.030,0.687,98.148
5.860,-31.137,0.067,0.687,97.946
5.880,-32.391,0.105,0.687,97.720
5.900,-33.152,0.150,0.687,97.485
5.920,-33.445,0.190,0.687,97.253
5.940,-33.281,0.226,0.687,97.039
5.960,-32.625,0.268,0.687,96.855
5.980,-31.482,0.308,0.687,96.712
6.000,-29.854,0.343,0.687,96.620
6.020,-27.809,0.376,0.687,96.581
6.040,-25.336,0.404,0.687,96.605
6.060,-22.553,0.427,0.687,96.682
6.080,-19.359,0.452,0.687,96.820
6.100,-15.914,0.464,0.687,96.995
6.120,-12.246,0.481,0.687,97.216
6.140,-8.361,0.486,0.687,97.453
6.160,-4.383,0.491,0.687,97.711
6.180,-0.328,0.483,0.687,97.957
6.200,3.744,0.483,0.687,98.195
6.220,7.740,0.468,0.687,98.401
6.240,11.625,0.453,0.687,98.569
6.260,15.357,0.429,0.687,98.687
6.280,18.867,0.406,0.687,98.752
6.300,22.102,0.374,0.687,98.760
6.320,25.031,0.347,0.687,98.711
6.340,27.557,0.308,0.687,98.611
6.360,29.695,0.273,0.687,98.464
6.380,31.418,0.232,0.687,98.281
6.400,32.684,0.192,0.687,98.074
6.420,33.475,0.154,0.687,97.854
6.440,33.773,0.109,0.687,97.637
6.460,33.615,0.071,0.687,97.434
6.480,32.953,0.034,0.687,97.260
6.500,31.822,-0.007,0.687,97.125
6.520,30.229,-0.038,0.687,97.037
6.540,28.201,-0.074,0.687,97.005
6.560,25.764,-0.093,0.687,97.028
6.580,22.963,-0.125,0.687,97.107
6.600,19.816,-0.141,0.687,97.239
6.620,16.400,-0.162,0.687,97.414
6.640,12.721,-0.172,0.687,97.626
6.660,8.883,-0.180,0.687,97.860
6.680,4.928,-0.183,0.687,98.105
6.700,0.896,-0.181,0.687,98.345
6.720,-3.170,-0.170,0.687,98.567
6.740,-7.154,-0.162,0.687,98.757
6.760,-11.074,-0.140,0.687,98.907
6.780,-14.795,-0.123,0.687,99.006
6.800,-18.328,-0.101,0.687,99.052
6.820,-21.586,-0.070,0.687,99.040
6.840,-24.492,-0.042,0.687,98.972
6.860,-27.070,-0.000,0.687,98.849
6.880,-29.244,0.029,0.687,98.680
6.900,-31.008,0.070,0.687,98.474
6.920,-32.303,0.108,0.687,98.242
6.940,-33.105,0.149,0.687,97.997
6.960,-33.410,0.191,0.687,97.752
6.980,-33.264,0.230,0.687,97.523
7.000,-32.678,0.265,0.687,97.320
7.020,-31.559,0.304,0.687,97.156
7.040,-29.953,0.339,0.687,97.037
7.060,-27.943,0.369,0.687,96.974
7.080,-25.535,0.397,0.687,96.964
7.100,-22.746,0.425,0.687,97.011
7.120,-19.576,0.445,0.687,97.111
7.140,-16.172,0.463,0.687,97.256
7.160,-12.521,0.476,0.687,97.436
7.180,-8.637,0.481,0.687,97.642
7.200,-4.670,0.489,0.687,97.859
7.220,-0.627,0.483,0.687,98.077
7.240,3.434,0.472,0.687,98.277
7.260,7.441,0.470,0.687,98.449
7.280,11.332,0.435,0.687,98.586
7.300,15.070,0.435,0.687,98.668
7.320,18.609,0.394,0.687,98.704
7.340,21.850,0.376,0.687,98.680
7.360,24.803,0.335,0.687,98.604
7.380,27.375,0.307,0.687,98.472
7.400,29.543,0.268,0.687,98.298
7.420,31.295,0.232,0.687,98.086
7.440,32.602,0.187,0.687,97.851
7.460,33.428,0.152,0.687,97.603
7.480,33.768,0.108,0.687,97.357
7.500,33.645,0.069,0.687,97.126
7.520,33.023,0.028,0.687,96.924
7.540,31.928,-0.004,0.687,96.763
7.560,30.375,-0.041,0.687,96.648
7.580,28.400,-0.074,0.687,96.591
7.600,25.992,-0.099,0.687,96.590
7.620,23.203,-0.132,0.687,96.650
7.640,20.086,-0.140,0.687,96.764
7.660,16.693,-0.176,0.687,96.924
7.680,13.049,-0.170,0.687,97.126
7.700,9.211,-0.191,0.687,97.352
7.720,5.273,-0.180,0.687,97.593
7.740,1.236,-0.189,0.687,97.833
7.760,-2.812,-0.177,0.687,98.060
7.780,-6.844,-0.173,0.687,98.263
7.800,-10.752,-0.154,0.687,98.429
7.820,-14.490,-0.129,0.687,98.548
7.840,-18.029,-0.112,0.687,98.611
7.860,-21.305,-0.080,0.687,98.623
7.880,-24.258,-0.050,0.687,98.577
7.900,-26.854,-0.014,0.687,98.482
7.920,-29.074,0.024,0.687,98.340
7.940,-30.885,0.058,0.687,98.161
7.960,-32.203,0.104,0.687,97.957
7.980,-33.076,0.135,0.687,97.741
8.000,-33.393,0.190,0.687,97.526
8.020,-33.311,0.215,0.687,97.326
8.040,-32.754,0.267,0.687,97.153
8.060,-31.682,0.293,0.687,97.021
8.080,-30.146,0.340,0.687,96.934
8.100,-28.160,0.365,0.687,96.905
8.120,-25.770,0.399,0.687,96.932
8.140,-22.998,0.419,0.687,97.017
8.160,-19.857,0.446,0.687,97.153
8.180,-16.477,0.461,0.687,97.338
8.200,-12.838,0.477,0.687,97.561
8.220,-8.982,0.481,0.687,97.809
8.240,-5.010,0.489,0.687,98.068
8.260,-0.961,0.467,0.687,98.327
8.280,3.082,0.495,0.690,98.563
8.300,7.096,0.498,0.693,98.785
8.320,11.004,0.435,0.693,98.974
8.340,14.789,0.470,0.693,99.097
8.360,18.316,0.453,0.693,99.182
8.380,21.592,0.396,0.693,99.211
8.400,24.586,0.344,0.693,99.172
8.420,27.182,0.336,0.693,99.074
8.440,29.391,0.261,0.693,98.748
8.460,31.154,0.254,0.693,98.748
8.480,32.514,0.175,0.693,98.538
8.500,33.387,0.179,0.693,98.313
8.520,33.750,0.082,0.693,98.085
8.540,33.668,0.095,0.690,97.875
8.560,33.088,0.007,0.690,97.684
8.580,32.027,0.037,0.690,97.539
8.600,30.521,-0.075,0.690,97.425
8.620,28.564,-0.029,0.690,97.385
8.640,26.197,-0.143,0.690,97.374
8.660,23.437,-0.071,0.690,97.450
8.680,20.350,-0.193,0.691,97.538
8.700,16.957,-0.107,0.691,97.716
8.720,13.324,-0.236,0.734,97.882
8.740,9.504,-0.126,0.734,98.127
8.760,5.572,-0.236,0.734,98.326
8.780,1.541,-0.141,0.734,98.576
8.800,-2.496,-0.216,0.734,98.765
8.820,-6.533,-0.127,0.734,98.964
8.840,-10.471,-0.176,0.734,99.088
8.860,-14.215,-0.105,0.734,99.192
8.880,-17.777,-0.125,0.734,99.221
8.900,-21.070,-0.060,0.734,99.209
8.920,-24.076,-0.061,0.734,99.128
8.940,-26.684,-0.001,0.734,99.000
8.960,-28.928,0.013,0.734,98.820
8.980,-30.779,0.067,0.734,98.605
9.000,-32.098,0.091,0.734,98.360
9.020,-33.006,0.147,0.734,98.101
9.040,-33.398,0.170,0.734,97.840
9.060,-33.352,0.225,0.734,97.591
9.080,-32.807,0.251,0.734,97.369
9.100,-31.770,0.302,0.734,97.181
9.120,-30.281,0.324,0.734,97.042
9.140,-28.330,0.375,0.734,96.950
9.160,-25.963,0.385,0.734,96.921
9.180,-23.238,0.431,0.734,96.939
9.200,-20.115,0.433,0.734,97.020
9.220,-16.746,0.480,0.734,97.139
9.240,-13.125,0.460,0.734,97.309
9.260,-9.299,0.500,0.736,97.491
9.280,-5.332,0.475,0.736,97.702
9.300,-1.260,0.501,0.737,97.899
9.320,2.766,0.467,0.737,98.097
9.340,6.803,0.484,0.737,98.255
9.360,10.693,0.440,0.737,98.391
9.380,14.496,0.443,0.737,98.471
9.400,18.047,0.397,0.737,98.507
9.420,21.340,0.390,0.737,98.482
9.440,24.375,0.340,0.737,98.406
9.460,26.988,0.321,0.737,98.275
9.480,29.227,0.271,0.737,98.100
9.500,31.049,0.247,0.737,97.886
9.520,32.426,0.194,0.737,97.647
9.540,33.328,0.165,0.737,97.394
9.560,33.744,0.114,0.737,97.140
9.580,33.691,0.081,0.737,96.900
9.600,33.158,0.033,0.737,96.686
9.620,32.133,0.008,0.737,96.512
9.640,30.650,-0.038,0.737,96.382
9.660,28.734,-0.070,0.737,96.308
9.680,26.420,-0.087,0.737,96.293
9.700,23.666,-0.131,0.737,96.331
9.720,20.607,-0.133,0.737,96.432
9.740,17.262,-0.170,0.737,96.574
9.760,13.646,-0.170,0.737,96.763
9.780,9.832,-0.185,0.737,96.978
9.800,5.906,-0.183,0.737,97.211
9.820,1.881,-0.191,0.737,97.443
9.840,-2.168,-0.184,0.737,97.671
9.860,-6.187,-0.179,0.737,97.867
9.880,-10.131,-0.152,0.737,98.039
9.900,-13.928,-0.147,0.737,98.156
9.920,-17.479,-0.105,0.737,98.230
9.940,-20.818,-0.096,0.737,98.240
9.960,-23.818,-0.042,0.737,98.203
9.980,-26.449,-0.034,0.737,98.106
10.000,-28.764,0.028,0.737,97.969
10.020,-30.609,0.045,0.737,97.789
10.040,-31.992,0.096,0.737,97.584
10.060,-32.941,0.129,0.737,97.364
10.080,-33.346,0.167,0.737,97.142
10.100,-33.357,0.216,0.737,96.933
10.120,-32.848,0.244,0.737,96.749
10.140,-31.852,0.302,0.737,96.600
10.160,-30.381,0.315,0.737,96.501
10.180,-28.471,0.372,0.737,96.449
10.200,-26.145,0.371,0.737,96.464
10.220,-23.467,0.445,0.737,96.520
10.240,-20.367,0.416,0.737,96.656
10.260,-17.010,0.484,0.737,96.811
10.280,-13.418,0.452,0.737,97.034
10.300,-9.615,0.500,0.737,97.256
10.320,-5.637,0.464,0.737,97.517
10.340,-1.605,0.508,0.744,97.758
10.360,2.461,0.458,0.744,98.010
10.380,6.480,0.483,0.744,98.215
10.400,10.395,0.438,0.744,98.397
10.420,14.191,0.448,0.744,98.522
10.440,17.777,0.397,0.744,98.604
10.460,21.088,0.390,0.744,98.620
10.480,24.129,0.344,0.744,98.584
10.500,26.789,0.323,0.744,98.489
10.520,29.057,0.282,0.744,98.348
10.540,30.914,0.239,0.744,98.165
10.560,32.332,0.211,0.744,97.952
10.580,33.270,0.152,0.744,97.723
10.600,33.732,0.137,0.744,97.490
10.620,33.709,0.063,0.744,97.266
10.640,33.217,0.066,0.744,97.067
10.660,32.232,-0.012,0.744,96.899
10.680,30.779,-0.010,0.744,96.782
10.700,28.904,-0.083,0.744,96.707
10.720,26.619,-0.067,0.744,96.699
10.740,23.883,-0.142,0.744,96.732
10.760,20.848,-0.116,0.744,96.836
10.780,17.543,-0.176,0.744,96.968
10.800,13.922,-0.159,0.744,97.155
10.820,10.137,-0.187,0.744,97.358
10.840,6.199,-0.180,0.744,97.574
10.860,2.191,-0.180,0.744,97.803
10.880,-1.846,-0.183,0.744,98.025
10.900,-5.895,-0.160,0.744,98.205
10.920,-9.832,-0.162,0.744,98.367
10.940,-13.652,-0.122,0.744,98.491
10.960,-17.227,-0.120,0.744,98.542
10.980,-20.561,-0.075,0.744,98.538
11.000,-23.619,-0.058,0.744,98.480
11.020,-26.297,-0.014,0.744,98.361
11.040,-28.617,0.009,0.744,98.199
11.060,-30.521,0.057,0.744,97.993
11.080,-31.957,0.088,0.744,97.762
11.100,-32.918,0.136,0.744,97.512
11.120,-33.352,0.172,0.744,97.260
11.140,-33.410,0.219,0.744,97.023
11.160,-32.941,0.251,0.744,96.802
11.180,-32.004,0.294,0.744,96.629
11.200,-30.568,0.327,0.744,96.486
11.220,-28.670,0.364,0.744,96.418
11.240,-26.396,0.391,0.744,96.378
11.260,-23.701,0.424,0.744,96.430
11.280,-20.648,0.440,0.744,96.500
11.300,-17.320,0.465,0.744,96.666
11.320,-13.740,0.472,0.744,96.824
11.340,-9.926,0.494,0.744,97.057
11.360,-5.977,0.486,0.744,97.270
11.380,-1.951,0.498,0.744,97.520
11.400,2.121,0.479,0.744,97.730
11.420,6.146,0.485,0.744,97.940
11.440,10.084,0.450,0.744,98.101
11.460,13.893,0.447,0.744,98.228
11.480,17.496,0.405,0.744,98.297
11.500,20.824,0.397,0.744,98.315
11.520,23.895,0.347,0.744,98.275
11.540,26.590,0.335,0.744,98.184
11.560,28.887,0.278,0.744,98.045
11.580,30.779,0.256,0.744,97.867
11.600,32.238,0.204,0.744,97.659
11.620,33.205,0.167,0.744,97.436
11.640,33.715,0.128,0.744,97.210
11.660,33.727,0.083,0.744,96.994
11.680,33.275,0.056,0.744,96.805
11.700,32.338,-0.001,0.744,96.647
11.720,30.920,-0.017,0.744,96.543
11.740,29.074,-0.075,0.744,96.482
11.760,26.812,-0.072,0.744,96.492
11.780,24.129,-0.130,0.744,96.541
11.800,21.117,-0.125,0.744,96.670
11.820,17.824,-0.168,0.744,96.822
11.840,14.227,-0.161,0.744,97.040
11.860,10.471,-0.187,0.744,97.265
11.880,6.551,-0.177,0.744,97.529
11.900,2.537,-0.186,0.744,97.775
11.920,-1.529,-0.181,0.744,98.027
11.940,-5.555,-0.165,0.744,98.243
11.960,-9.516,-0.162,0.744,98.431
11.980,-13.312,-0.129,0.744,98.569
12.000,-16.904,-0.123,0.744,98.658
12.020,-20.285,-0.079,0.744,98.689
12.040,-23.373,-0.064,0.744,98.662
12.060,-26.057,-0.017,0.744,98.581
12.080,-28.412,0.006,0.744,98.450
12.100,-30.328,0.052,0.744,98.278
12.120,-31.811,0.082,0.744,98.075
12.140,-32.824,0.136,0.744,97.854
12.160,-33.311,0.161,0.744,97.627
12.180,-33.381,0.215,0.744,97.410
12.200,-32.947,0.240,0.744,97.214
12.220,-32.068,0.289,0.744,97.051
12.240,-30.656,0.316,0.744,96.934
12.260,-28.822,0.357,0.744,96.863
12.280,-26.549,0.377,0.744,96.854
12.300,-23.900,0.416,0.744,96.889
12.320,-20.889,0.432,0.744,96.991
12.340,-17.555,0.458,0.744,97.132
12.360,-14.004,0.463,0.744,97.318
12.380,-10.219,0.485,0.744,97.525
12.400,-6.275,0.480,0.744,97.758
12.420,-2.250,0.490,0.744,97.989
12.440,1.805,0.476,0.744,98.216
12.460,5.836,0.473,0.744,98.408
12.480,9.773,0.453,0.744,98.575
12.500,13.600,0.439,0.744,98.686
12.520,17.215,0.411,0.744,98.753
12.540,20.572,0.386,0.744,98.754
12.560,23.666,0.352,0.744,98.707
12.580,26.385,0.322,0.744,98.596
12.600,28.723,0.287,0.744,98.441
12.620,30.639,0.248,0.744,98.243
12.640,32.133,0.209,0.744,98.014
12.660,33.146,0.166,0.744,97.767
12.680,33.691,0.130,0.744,97.515
12.700,33.750,0.086,0.744,97.270
12.720,33.328,0.051,0.744,97.050
12.740,32.414,0.004,0.744,96.859
12.760,31.049,-0.019,0.744,96.720
12.780,29.232,-0.065,0.744,96.621
12.800,27.029,-0.088,0.744,96.596
12.820,24.369,-0.117,0.744,96.609
12.840,21.369,-0.137,0.744,96.697
12.860,18.105,-0.159,0.744,96.815
12.880,14.525,-0.171,0.744,96.993
12.900,10.770,-0.179,0.744,97.182
12.920,6.855,-0.186,0.744,97.411
12.940,2.854,-0.186,0.744,97.624
12.960,-1.189,-0.182,0.744,97.845
12.980,-5.232,-0.170,0.744,98.032
13.000,-9.205,-0.162,0.744,98.197
13.020,-13.043,-0.133,0.744,98.311
13.040,-16.646,-0.124,0.744,98.379
13.060,-20.039,-0.082,0.744,98.391
13.080,-23.145,-0.062,0.744,98.347
13.100,-25.898,-0.021,0.744,98.250
13.120,-28.283,0.011,0.744,98.103
13.140,-30.223,0.049,0.744,97.918
13.160,-31.752,0.087,0.744,97.701
13.180,-32.807,0.127,0.744,97.468
13.200,-33.352,0.164,0.744,97.230
13.220,-33.428,0.210,0.744,97.000
13.240,-33.053,0.248,0.744,96.797
13.260,-32.191,0.288,0.744,96.624
13.280,-30.820,0.324,0.744,96.503
13.300,-29.010,0.359,0.744,96.424
13.320,-26.789,0.385,0.744,96.418
13.340,-24.158,0.421,0.744,96.452
13.360,-21.164,0.435,0.744,96.562
13.380,-17.871,0.462,0.744,96.707
13.400,-14.344,0.470,0.744,96.906
13.420,-10.553,0.485,0.744,97.129
13.440,-6.621,0.484,0.744,97.374
13.460,-2.602,0.493,0.744,97.626
13.480,1.459,0.481,0.744,97.869
13.500,5.490,0.477,0.744,98.095
13.520,9.445,0.460,0.744,98.281
13.540,13.289,0.440,0.744,98.431
13.560,16.922,0.418,0.744,98.523
13.580,20.303,0.392,0.744,98.565
13.600,23.426,0.360,0.744,98.547
13.620,26.180,0.331,0.744,98.477
13.640,28.553,0.290,0.744,98.355
13.660,30.504,0.257,0.744,98.193
13.680,32.027,0.213,0.744,97.998
13.700,33.082,0.176,0.744,97.785
13.720,33.668,0.135,0.744,97.566
13.740,33.768,0.094,0.744,97.354
13.760,33.381,0.060,0.723,97.164
13.780,32.508,0.015,0.723,97.006
13.800,31.172,-0.015,0.699,96.893
13.820,29.396,-0.055,0.699,96.829
13.840,27.211,-0.077,0.699,96.825
13.860,24.586,-0.112,0.699,96.873
13.880,21.627,-0.128,0.699,96.981
13.900,18.375,-0.152,0.699,97.132
13.920,14.824,-0.166,0.699,97.332
13.940,11.080,-0.175,0.699,97.556
13.960,7.178,-0.183,0.699,97.804
13.980,3.182,-0.181,0.699,98.050
14.000,-0.873,-0.175,0.699,98.293
14.020,-4.904,-0.168,0.699,98.504
14.040,-8.877,-0.155,0.699,98.687
14.060,-12.727,-0.136,0.699,98.819
14.080,-16.342,-0.117,0.699,98.905
14.100,-19.764,-0.089,0.699,98.930
14.120,-22.893,-0.061,0.699,98.902
14.140,-25.652,-0.026,0.699,98.813
14.160,-28.049,0.012,0.699,98.676
14.180,-30.053,0.045,0.699,98.494
14.200,-31.617,0.082,0.699,98.280
14.220,-32.689,0.122,0.699,98.045
14.240,-33.305,0.163,0.699,97.804
14.260,-33.422,0.204,0.699,97.568
14.280,-33.059,0.240,0.699,97.354
14.300,-32.238,0.280,0.699,97.169
14.320,-30.920,0.313,0.699,97.031
14.340,-29.150,0.356,0.699,96.933
14.360,-26.947,0.379,0.699,96.903
14.380,-24.381,0.414,0.699,96.917
14.400,-21.416,0.431,0.699,96.997
14.420,-18.117,0.456,0.699,97.115
14.440,-14.613,0.469,0.699,97.285
14.460,-10.846,0.482,0.699,97.478
14.480,-6.937,0.481,0.699,97.695
14.500,-2.900,0.490,0.699,97.916
14.520,1.148,0.477,0.699,98.128
14.540,5.197,0.477,0.699,98.321
14.560,9.152,0.456,0.699,98.478
14.580,12.990,0.443,0.699,98.597
14.600,16.641,0.419,0.699,98.660
14.620,20.051,0.390,0.699,98.673
14.640,23.180,0.359,0.699,98.625
14.660,25.980,0.327,0.699,98.524
14.680,28.365,0.292,0.699,98.372
14.700,30.369,0.255,0.699,98.180
14.720,31.922,0.215,0.699,97.955
14.740,33.023,0.176,0.699,97.711
14.760,33.639,0.133,0.699,97.460
14.780,33.773,0.092,0.699,97.216
14.800,33.434,0.054,0.699,96.994
14.820,32.596,0.012,0.695,96.804
14.840,31.301,-0.018,0.695,96.660
14.860,29.543,-0.060,0.695,96.563
14.880,27.404,-0.083,0.695,96.528
14.900,24.814,-0.112,0.695,96.547
14.920,21.891,-0.133,0.695,96.626
14.940,18.645,-0.154,0.695,96.752
14.960,15.123,-0.171,0.695,96.927
14.980,11.391,-0.179,0.695,97.132
15.000,7.500,-0.187,0.695,97.363
15.020,3.498,-0.183,0.695,97.597
15.040,-0.533,-0.182,0.695,97.827
15.060,-4.559,-0.172,0.695,98.037
15.080,-8.566,-0.162,0.695,98.217
15.100,-12.404,-0.145,0.695,98.354
15.120,-16.072,-0.121,0.695,98.444
15.140,-19.518,-0.096,0.695,98.477
15.160,-22.646,-0.068,0.695,98.456
15.180,-25.441,-0.031,0.695,98.381
15.200,-27.879,0.003,0.695,98.255
15.220,-29.936,0.040,0.695,98.088
15.240,-31.518,0.079,0.695,97.888
15.260,-32.625,0.117,0.695,97.668
15.280,-33.252,0.159,0.695,97.442
15.300,-33.428,0.196,0.695,97.223
15.320,-33.129,0.240,0.695,97.024
15.340,-32.355,0.278,0.686,96.857
15.360,-31.055,0.313,0.686,96.735
15.380,-29.326,0.353,0.686,96.662
15.400,-27.141,0.377,0.686,96.648
15.420,-24.615,0.410,0.686,96.689
15.440,-21.674,0.431,0.686,96.789
15.460,-18.428,0.454,0.686,96.938
15.480,-14.900,0.466,0.686,97.132
15.500,-11.174,0.479,0.686,97.357
15.520,-7.271,0.482,0.686,97.604
15.540,-3.252,0.488,0.686,97.856
15.560,0.797,0.481,0.686,98.103
15.580,4.852,0.477,0.686,98.331
15.600,8.818,0.457,0.686,98.524
15.620,12.674,0.444,0.686,98.676
15.640,16.348,0.422,0.686,98.773
15.660,19.775,0.394,0.686,98.818
15.680,22.939,0.365,0.686,98.803
15.700,25.758,0.333,0.686,98.732
15.720,28.178,0.300,0.686,98.609
15.740,30.223,0.261,0.686,98.444
15.760,31.805,0.222,0.686,98.243
15.780,32.953,0.179,0.686,98.021
15.800,33.609,0.142,0.686,97.791
15.820,33.779,0.099,0.686,97.564
15.840,33.475,0.062,0.686,97.357
15.860,32.672,0.025,0.686,97.181
15.880,31.424,-0.008,0.686,97.046
15.900,29.707,-0.044,0.686,96.957
15.920,27.598,-0.075,0.686,96.927
15.940,25.031,-0.105,0.686,96.950
15.960,22.125,-0.125,0.686,97.031
15.980,18.896,-0.149,0.686,97.157
16.000,15.398,-0.166,0.686,97.330
16.020,11.684,-0.171,0.686,97.532
16.040,7.811,-0.182,0.686,97.756
16.060,3.820,-0.181,0.686,97.984
16.080,-0.211,-0.176,0.686,98.207
16.100,-4.266,-0.170,0.686,98.408
16.120,-8.250,-0.157,0.686,98.576
16.140,-12.123,-0.139,0.686,98.701
16.160,-15.791,-0.116,0.686,98.776
16.180,-19.248,-0.094,0.686,98.795
16.200,-22.418,-0.067,0.686,98.758
16.220,-25.254,-0.031,0.686,98.664
16.240,-27.709,0.006,0.686,98.519
16.260,-29.777,0.041,0.686,98.329
16.280,-31.406,0.078,0.686,98.106
16.300,-32.590,0.120,0.686,97.862
16.320,-33.252,0.161,0.686,97.608
16.340,-33.434,0.199,0.686,97.359
16.360,-33.170,0.243,0.686,97.129
16.380,-32.420,0.276,0.680,96.930
16.400,-31.201,0.315,0.680,96.772
16.420,-29.473,0.348,0.680,96.663
16.440,-27.334,0.378,0.680,96.611
16.460,-24.803,0.411,0.680,96.613
16.480,-21.920,0.430,0.680,96.676
16.500,-18.686,0.452,0.680,96.787
16.520,-15.182,0.470,0.680,96.943
16.540,-11.473,0.480,0.680,97.135
16.560,-7.564,0.489,0.680,97.348
16.580,-3.557,0.489,0.680,97.571
16.600,0.480,0.485,0.680,97.789
16.620,4.535,0.478,0.680,97.990
16.640,8.514,0.460,0.680,98.160
16.660,12.387,0.445,0.680,98.290
16.680,16.084,0.422,0.680,98.371
16.700,19.518,0.397,0.680,98.399
16.720,22.687,0.365,0.680,98.371
16.740,25.547,0.334,0.680,98.287
16.760,28.014,0.296,0.680,98.154
16.780,30.064,0.260,0.680,97.978
16.800,31.705,0.224,0.680,97.770
16.820,32.877,0.181,0.680,97.540
16.840,33.574,0.141,0.680,97.303
16.860,33.791,0.098,0.679,97.070
16.880,33.527,0.061,0.679,96.858
16.900,32.754,0.023,0.679,96.676
16.920,31.547,-0.014,0.679,96.539
16.940,29.859,-0.051,0.679,96.451
16.960,27.785,-0.080,0.679,96.423
16.980,25.254,-0.109,0.679,96.451
17.000,22.383,-0.129,0.679,96.538
17.020,19.195,-0.152,0.679,96.677
17.040,15.697,-0.170,0.679,96.863
17.060,12.006,-0.180,0.679,97.083
17.080,8.139,-0.187,0.679,97.330
17.100,4.160,-0.186,0.679,97.583
17.120,0.117,-0.184,0.679,97.834
17.140,-3.926,-0.177,0.679,98.066
17.160,-7.934,-0.162,0.679,98.270
17.180,-11.789,-0.149,0.679,98.432
17.200,-15.469,-0.123,0.679,98.545
17.220,-18.949,-0.104,0.679,98.602
17.240,-22.166,-0.067,0.679,98.605
17.260,-25.025,-0.042,0.679,98.551
17.280,-27.492,-0.004,0.679,98.447
17.300,-29.607,0.031,0.679,98.297
17.320,-31.266,0.070,0.679,98.114
17.340,-32.473,0.108,0.679,97.908
17.360,-33.170,0.150,0.679,97.692
17.380,-33.387,0.186,0.679,97.481
17.400,-33.193,0.237,0.679,97.287
17.420,-32.467,0.268,0.679,97.124
17.440,-31.283,0.307,0.679,97.002
17.460,-29.619,0.342,0.679,96.928
17.480,-27.521,0.372,0.679,96.909
17.500,-25.020,0.404,0.679,97.040
17.520,-22.154,0.425,0.679,97.040
17.540,-18.967,0.453,0.679,97.184
17.560,-15.480,0.461,0.679,97.374
17.580,-11.783,0.478,0.679,97.596
17.600,-7.898,0.482,0.679,97.838
17.620,-3.885,0.488,0.679,98.089
17.640,0.164,0.483,0.679,98.335
17.660,4.219,0.479,0.679,98.562
17.680,8.186,0.460,0.679,98.760
17.700,12.070,0.447,0.679,98.911
17.720,15.768,0.423,0.679,99.014
17.740,19.236,0.398,0.679,99.060
17.760,22.436,0.367,0.679,99.047
17.780,25.336,0.336,0.679,98.976
17.800,27.814,0.300,0.679,98.853
17.820,29.912,0.266,0.679,98.684
17.840,31.588,0.228,0.679,98.479
17.860,32.795,0.185,0.679,98.250
17.880,33.533,0.147,0.679,98.009
17.900,33.779,0.105,0.679,97.771
17.920,33.557,0.065,0.679,97.549
17.940,32.836,0.026,0.679,97.355
17.960,31.652,-0.012,0.679,97.202
17.980,30.018,-0.044,0.679,97.096
18.000,27.973,-0.076,0.679,97.044
18.020,25.477,-0.104,0.679,97.048
18.040,22.611,-0.129,0.679,97.107
18.060,19.459,-0.147,0.679,97.217
18.080,15.984,-0.162,0.679,97.370
18.100,12.299,-0.172,0.679,97.555
18.120,8.432,-0.181,0.679,97.764
18.140,4.465,-0.181,0.679,97.981
18.160,0.422,-0.180,0.679,98.195
18.180,-3.633,-0.170,0.679,98.389
18.200,-7.623,-0.158,0.679,98.554
18.220,-11.537,-0.144,0.679,98.678
18.240,-15.229,-0.120,0.679,98.753
18.260,-18.715,-0.099,0.679,98.774
18.280,-21.955,-0.067,0.679,98.740
18.300,-24.838,-0.037,0.679,98.649
18.320,-27.375,-0.000,0.679,98.507
18.340,-29.508,0.034,0.679,98.320
18.360,-31.195,0.075,0.679,98.098
18.380,-32.414,0.113,0.679,97.854
18.400,-33.170,0.155,0.679,97.599
18.420,-33.434,0.195,0.679,97.347
18.440,-33.258,0.236,0.679,97.113
18.460,-32.566,0.273,0.677,96.908
18.480,-31.430,0.312,0.677,96.744
18.500,-29.777,0.346,0.677,96.630
18.520,-27.715,0.373,0.677,96.571
18.540,-25.266,0.404,0.677,96.568
18.560,-22.406,0.427,0.677,96.624
18.580,-19.225,0.455,0.677,96.733
18.600,-15.773,0.464,0.677,96.890
18.620,-12.105,0.483,0.677,97.082
18.640,-8.227,0.484,0.677,97.302
18.660,-4.219,0.493,0.679,97.530
18.680,-0.182,0.485,0.679,97.760
18.700,3.896,0.480,0.679,97.972
18.720,7.881,0.466,0.679,98.158
18.740,11.754,0.449,0.679,98.304
18.760,15.486,0.427,0.679,98.404
18.780,18.967,0.402,0.679,98.452
18.800,22.201,0.372,0.679,98.443
18.820,25.125,0.340,0.679,98.379
18.840,27.639,0.307,0.679,98.264
18.860,29.760,0.269,0.679,98.106
18.880,31.459,0.231,0.679,97.913
18.900,32.730,0.190,0.679,97.697
18.920,33.492,0.150,0.679,97.471
18.940,33.785,0.108,0.679,97.248
18.960,33.604,0.069,0.679,97.042
18.980,32.906,0.029,0.679,96.866
19.000,31.764,-0.007,0.679,96.732
19.020,30.170,-0.038,0.679,96.646
19.040,28.137,-0.078,0.679,96.617
19.060,25.687,-0.097,0.679,96.646
19.080,22.863,-0.124,0.679,96.731
19.100,19.723,-0.145,0.679,96.870
19.120,16.277,-0.163,0.679,97.056
19.140,12.598,-0.175,0.679,97.279
19.160,8.771,-0.184,0.679,97.527
19.180,4.805,-0.183,0.679,97.786
19.200,0.779,-0.185,0.679,98.041
19.220,-3.281,-0.175,0.679,98.280
19.240,-7.283,-0.166,0.679,98.489
19.260,-11.203,-0.149,0.679,98.659
19.280,-14.900,-0.126,0.679,98.780
19.300,-18.428,-0.105,0.679,98.845
19.320,-21.662,-0.074,0.679,98.854
19.340,-24.574,-0.049,0.679,98.805
19.360,-27.135,-0.003,0.679,98.705
19.380,-29.309,0.024,0.679,98.557
19.400,-31.055,0.066,0.679,98.373
19.420,-32.320,0.099,0.679,98.164
19.440,-33.105,0.146,0.679,97.942
19.460,-33.404,0.185,0.679,97.721
19.480,-33.252,0.227,0.679,97.515
19.500,-32.631,0.262,0.679,97.337
19.520,-31.512,0.302,0.679,97.197
19.540,-29.900,0.337,0.679,97.105
19.560,-27.873,0.369,0.679,97.066
19.580,-25.441,0.399,0.679,97.082
19.600,-22.652,0.423,0.679,97.154
19.620,-19.465,0.447,0.679,97.278
19.640,-16.043,0.461,0.679,97.448
19.660,-12.381,0.477,0.679,97.651
19.680,-8.525,0.481,0.679,97.878
19.700,-4.529,0.489,0.679,98.114
19.720,-0.486,0.483,0.679,98.348
19.740,3.574,0.477,0.679,98.563
19.760,7.570,0.466,0.679,98.749
19.780,11.473,0.448,0.679,98.894
19.800,15.199,0.430,0.679,98.992
19.820,18.703,0.402,0.679,99.032
19.840,21.955,0.376,0.679,99.016
19.860,24.908,0.342,0.679,98.942
19.880,27.451,0.306,0.679,98.815
19.900,29.613,0.269,0.679,98.641
19.920,31.342,0.231,0.679,98.430
19.940,32.643,0.190,0.679,98.193
19.960,33.445,0.150,0.679,97.943
19.980,33.773,0.109,0.679,97.695
20.000,33.621,0.070,0.679,97.460
20.020,32.977,0.031,0.679,97.253
20.040,31.875,-0.006,0.679,97.084
20.060,30.316,-0.040,0.679,96.963
20.080,28.318,-0.075,0.679,96.896
20.100,25.898,-0.096,0.679,96.885
20.120,23.098,-0.127,0.679,96.931
20.140,19.975,-0.145,0.679,97.029
20.160,16.564,-0.165,0.679,97.174
20.180,12.891,-0.175,0.679,97.355
20.200,9.076,-0.181,0.679,97.563
20.220,5.098,-0.183,0.679,97.780
20.240,1.084,-0.182,0.679,97.998
20.260,-2.982,-0.174,0.679,98.199
20.280,-6.979,-0.162,0.679,98.373
20.300,-10.898,-0.152,0.679,98.509
20.320,-14.637,-0.122,0.679,98.600
20.340,-18.182,-0.107,0.679,98.633
20.360,-21.451,-0.071,0.679,98.615
20.380,-24.387,-0.042,0.679,98.539
20.400,-26.971,-0.014,0.679,98.412
20.420,-29.186,0.036,0.679,98.241
20.440,-30.973,0.054,0.679,98.032
20.460,-32.273,0.118,0.679,97.800
20.480,-33.100,0.129,0.679,97.555
20.500,-33.422,0.201,0.679,97.311
20.520,-33.311,0.212,0.679,97.085
20.540,-32.742,0.276,0.679,96.883
20.560,-31.641,0.288,0.679,96.725
20.580,-30.094,0.347,0.679,96.610
20.600,-28.090,0.360,0.679,96.556
20.620,-25.682,0.406,0.679,96.554
20.640,-22.916,0.420,0.679,96.615
20.660,-19.770,0.450,0.679,96.726
20.680,-16.359,0.461,0.679,96.887
20.700,-12.715,0.481,0.679,97.084
20.720,-8.854,0.485,0.679,97.311
20.740,-4.881,0.492,0.679,97.551
20.760,-0.832,0.491,0.679,97.791
20.780,3.223,0.481,0.679,98.018
20.800,7.225,0.469,0.679,98.218
20.820,11.127,0.452,0.679,98.379
20.840,14.906,0.435,0.679,98.495
20.860,18.434,0.404,0.679,98.557
20.880,21.686,0.379,0.679,98.562
20.900,24.662,0.348,0.679,98.512
20.920,27.258,0.315,0.679,98.410
20.940,29.461,0.278,0.679,98.262
20.960,31.219,0.237,0.679,98.076
20.980,32.543,0.199,0.679,97.865
21.000,33.398,0.157,0.679,97.641
21.020,33.762,0.121,0.679,97.417
21.040,33.656,0.075,0.679,97.207
21.060,33.064,0.041,0.679,97.025
21.080,31.992,0.002,0.679,96.881
21.100,30.457,-0.025,0.679,96.783
21.120,28.494,-0.075,0.679,96.738
21.140,26.115,-0.083,0.679,96.754
21.160,23.332,-0.131,0.679,96.822
21.180,20.244,-0.133,0.679,96.949
21.200,16.857,-0.169,0.679,97.118
21.220,13.213,-0.166,0.679,97.329
21.240,9.404,-0.183,0.679,97.561
21.260,5.449,-0.177,0.679,97.808
21.280,1.418,-0.183,0.679,98.050
21.300,-2.625,-0.172,0.679,98.280
21.320,-6.645,-0.164,0.679,98.481
21.340,-10.576,-0.152,0.679,98.643
21.360,-14.314,-0.125,0.679,98.759
21.380,-17.883,-0.105,0.679,98.817
21.400,-21.176,-0.074,0.679,98.820
21.420,-24.152,-0.047,0.679,98.765
21.440,-26.760,-0.007,0.679,98.657
21.460,-28.986,0.016,0.679,98.501
21.480,-30.820,0.066,0.679,98.307
21.500,-32.139,0.096,0.679,98.085
21.520,-33.035,0.145,0.679,97.848
21.540,-33.393,0.178,0.679,97.386
21.560,-33.316,0.223,0.679,97.386
21.580,-32.766,0.259,0.679,97.187
21.600,-31.717,0.297,0.679,97.023
21.620,-30.199,0.332,0.679,96.907
21.640,-28.225,0.367,0.679,96.842
21.660,-25.869,0.394,0.679,96.833
21.680,-23.109,0.425,0.679,96.880
21.700,-19.998,0.439,0.679,96.982
21.720,-16.611,0.464,0.679,97.127
21.740,-13.014,0.471,0.679,97.313
21.760,-9.146,0.481,0.679,97.521
21.780,-5.174,0.487,0.679,97.745
21.800,-1.137,0.483,0.679,97.968
21.820,2.900,0.478,0.679,98.177
21.840,6.932,0.464,0.679,98.359
21.860,10.846,0.451,0.679,98.502
21.880,14.607,0.430,0.679,98.601
21.900,18.170,0.407,0.679,98.644
21.920,21.451,0.374,0.679,98.634
21.940,24.457,0.345,0.679,98.563
21.960,27.053,0.309,0.679,98.442
21.980,29.303,0.273,0.679,98.273
22.000,31.096,0.237,0.679,98.066
22.020,32.461,0.199,0.679,97.833
22.040,33.352,0.154,0.679,97.585
22.060,33.762,0.116,0.679,97.336
22.080,33.686,0.071,0.678,97.101
22.100,33.135,0.041,0.678,96.892
22.120,32.092,-0.009,0.678,96.720
22.140,30.592,-0.025,0.678,96.598
22.160,28.664,-0.086,0.678,96.525
22.180,26.314,-0.081,0.678,96.518
22.200,23.578,-0.144,0.678,96.559
22.220,20.508,-0.124,0.678,96.667
22.240,17.150,-0.183,0.678,96.808
22.260,13.506,-0.157,0.678,97.006
22.280,9.721,-0.202,0.694,97.216
22.300,5.783,-0.169,0.694,97.457
22.320,1.758,-0.199,0.694,97.683
22.340,-2.297,-0.168,0.694,97.913
22.360,-6.322,-0.174,0.694,98.106
22.380,-10.266,-0.149,0.694,98.272
22.400,-14.027,-0.138,0.694,98.387
22.420,-17.584,-0.108,0.694,98.454
22.440,-20.912,-0.082,0.694,98.464
22.460,-23.918,-0.055,0.694,98.418
22.480,-26.572,-0.014,0.694,98.320
22.500,-28.834,0.013,0.694,98.175
22.520,-30.686,0.060,0.694,97.993
22.540,-32.068,0.087,0.694,97.783
22.560,-32.982,0.138,0.694,97.560
22.580,-33.387,0.167,0.694,97.337
22.600,-33.357,0.219,0.694,97.125
22.620,-32.848,0.253,0.694,96.942
22.640,-31.857,0.294,0.694,96.794
22.660,-30.363,0.331,0.694,96.696
22.680,-28.447,0.366,0.694,96.649
22.700,-26.115,0.389,0.694,96.663
22.720,-23.379,0.423,0.694,96.731
22.740,-20.291,0.442,0.694,96.858
22.760,-16.928,0.461,0.694,97.032
22.780,-13.307,0.473,0.694,97.244
22.800,-9.498,0.484,0.694,97.483
22.820,-5.537,0.487,0.694,97.738
22.840,-1.488,0.486,0.694,97.994
22.860,2.561,0.483,0.694,98.236
22.880,6.598,0.470,0.694,98.457
22.900,10.500,0.456,0.694,98.635
22.920,14.309,0.435,0.694,98.770
22.940,17.877,0.411,0.694,98.849
22.960,21.187,0.385,0.694,98.871
22.980,24.229,0.353,0.694,98.838
23.000,26.859,0.318,0.694,98.746
23.020,29.121,0.287,0.694,98.610
23.040,30.949,0.242,0.694,98.430
23.060,32.361,0.207,0.694,98.224
23.080,33.299,0.157,0.694,98.000
23.100,33.756,0.129,0.694,97.773
23.120,33.709,0.080,0.694,97.558
23.140,33.205,0.046,0.694,97.364
23.160,32.191,0.007,0.694,97.209
23.180,30.721,-0.029,0.694,97.096
23.200,28.840,-0.062,0.694,97.038
23.220,26.537,-0.089,0.694,97.032
23.240,23.812,-0.120,0.694,97.085
23.260,20.760,-0.134,0.694,97.189
23.280,17.437,-0.156,0.694,97.340
23.300,13.805,-0.165,0.694,97.528
23.320,10.020,-0.177,0.694,97.742
23.340,6.088,-0.183,0.694,97.972
23.360,2.062,-0.180,0.694,98.201
23.380,-1.975,-0.179,0.694,98.416
23.400,-6.012,-0.160,0.694,98.606
23.420,-9.967,-0.153,0.694,98.756
23.440,-13.746,-0.128,0.694,98.859
23.460,-17.314,-0.110,0.694,98.909
23.480,-20.654,-0.075,0.694,98.903
23.500,-23.684,-0.050,0.694,98.838
23.520,-26.355,-0.018,0.694,98.721
23.540,-28.682,0.022,0.694,98.554
23.560,-30.539,0.058,0.694,98.347
23.580,-31.939,0.098,0.694,98.111
23.600,-32.912,0.134,0.694,97.858
23.620,-33.363,0.177,0.694,97.603
23.640,-33.375,0.215,0.694,97.358
23.660,-32.906,0.257,0.694,97.137
23.680,-31.928,0.289,0.694,96.950
23.700,-30.469,0.329,0.694,96.812
23.720,-28.564,0.357,0.694,96.720
23.740,-26.273,0.392,0.694,96.691
23.760,-23.590,0.420,0.694,96.713
23.780,-20.531,0.441,0.694,96.797
23.800,-17.191,0.459,0.694,96.923
23.820,-13.594,0.472,0.694,97.093
23.840,-9.779,0.481,0.694,97.287
23.860,-5.836,0.489,0.694,97.501
23.880,-1.793,0.485,0.694,97.718
23.900,2.268,0.481,0.694,97.924
23.920,6.305,0.466,0.694,98.108
23.940,10.225,0.456,0.694,98.253
23.960,14.027,0.431,0.694,98.358
23.980,17.607,0.413,0.694,98.407
24.000,20.941,0.380,0.694,98.406
24.020,24.012,0.352,0.694,98.346
24.040,26.666,0.320,0.694,98.236
24.060,28.963,0.280,0.694,98.078
24.080,30.826,0.242,0.694,97.881
24.100,32.273,0.207,0.694,97.656
24.120,33.246,0.161,0.694,97.416
24.140,33.744,0.124,0.694,97.173
24.160,33.727,0.082,0.694,96.942
24.180,33.258,0.044,0.694,96.737
24.200,32.291,0.007,0.694,96.567
24.220,30.885,-0.029,0.694,96.445
24.240,29.016,-0.067,0.694,96.376
24.260,26.742,-0.087,0.694,96.369
24.280,24.041,-0.125,0.694,96.414
24.300,21.029,-0.137,0.694,96.522
24.320,17.713,-0.162,0.694,96.674
24.340,14.115,-0.169,0.694,96.872
24.360,10.342,-0.187,0.694,97.098
24.380,6.416,-0.184,0.694,97.344
24.400,2.420,-0.184,0.694,97.593
24.420,-1.641,-0.184,0.694,97.830
24.440,-5.660,-0.166,0.694,98.049
24.460,-9.627,-0.160,0.694,98.228
24.480,-13.424,-0.134,0.694,98.368
24.500,-17.004,-0.121,0.694,98.452
24.520,-20.385,-0.085,0.694,98.485
24.540,-23.443,-0.061,0.694,98.459
24.560,-26.127,-0.022,0.694,98.380
24.580,-28.465,0.012,0.694,98.253
24.600,-30.387,0.051,0.694,98.086
24.620,-31.857,0.087,0.694,97.889
24.640,-32.859,0.126,0.694,97.675
24.660,-33.316,0.168,0.694,97.459
24.680,-33.381,0.209,0.694,97.252
24.700,-32.936,0.251,0.694,97.070
24.720,-32.045,0.282,0.694,96.920
24.740,-30.627,0.323,0.694,96.820
24.760,-28.746,0.353,0.694,96.765
24.780,-26.479,0.388,0.694,96.777
24.800,-23.795,0.414,0.694,96.832
24.820,-20.777,0.438,0.694,96.958
24.840,-17.467,0.460,0.694,97.117
24.860,-13.893,0.469,0.694,97.333
24.880,-10.102,0.485,0.694,97.560
24.900,-6.158,0.481,0.694,97.819
24.920,-2.139,0.489,0.694,98.066
24.940,1.945,0.478,0.694,98.313
24.960,5.971,0.472,0.694,98.527
24.980,9.891,0.453,0.694,98.711
25.000,13.729,0.435,0.694,98.845
25.020,17.326,0.413,0.694,98.926
25.040,20.684,0.388,0.694,98.952
25.060,23.766,0.352,0.694,98.917
25.080,26.461,0.325,0.694,98.829
25.100,28.799,0.286,0.694,98.689
25.120,30.703,0.249,0.694,98.509
25.140,32.186,0.205,0.694,98.296
25.160,33.182,0.165,0.694,98.065
25.180,33.715,0.128,0.694,97.829
25.200,33.744,0.086,0.694,97.600
25.220,33.322,0.051,0.694,97.394
25.240,32.391,0.009,0.694,97.222
25.260,31.008,-0.021,0.694,97.094
25.280,29.174,-0.061,0.694,97.014
25.300,26.947,-0.084,0.694,96.994
25.320,24.264,-0.113,0.694,97.026
25.340,21.270,-0.133,0.694,97.114
25.360,17.977,-0.157,0.694,97.247
25.380,14.396,-0.165,0.694,97.424
25.400,10.652,-0.181,0.694,97.626
25.420,6.721,-0.179,0.694,97.848
25.440,2.730,-0.183,0.694,98.283
25.460,-1.336,-0.175,0.694,98.283
25.480,-5.367,-0.163,0.694,98.472
25.500,-9.328,-0.156,0.694,98.624
25.520,-13.160,-0.129,0.694,98.733
25.540,-16.758,-0.114,0.694,98.788
25.560,-20.150,-0.080,0.694,98.790
25.580,-23.244,-0.056,0.694,98.732
25.600,-25.963,-0.020,0.694,98.623
25.620,-28.336,0.012,0.694,98.463
25.640,-30.275,0.052,0.694,98.263
25.660,-31.793,0.087,0.694,98.031
25.680,-32.812,0.130,0.694,97.782
25.700,-33.311,0.170,0.694,97.529
25.720,-33.428,0.211,0.694,97.284
25.740,-32.994,0.248,0.693,97.063
25.760,-32.121,0.288,0.691,96.876
25.780,-30.762,0.323,0.691,96.733
25.800,-28.939,0.360,0.691,96.642
25.820,-26.695,0.389,0.691,96.610
25.840,-24.059,0.418,0.691,96.633
25.860,-21.053,0.441,0.691,96.714
25.880,-17.742,0.458,0.691,96.844
25.900,-14.209,0.475,0.691,97.017
25.920,-10.418,0.486,0.691,97.222
25.940,-6.475,0.485,0.691,97.447
25.960,-2.455,0.490,0.692,97.677
25.980,1.623,0.482,0.692,97.898
26.000,5.648,0.476,0.692,98.099
26.020,9.568,0.458,0.692,98.267
26.040,13.424,0.440,0.692,98.392
26.060,17.039,0.417,0.692,98.465
26.080,20.432,0.394,0.692,98.486
26.100,23.514,0.361,0.692,98.452
26.120,26.268,0.328,0.692,98.226
26.140,28.617,0.289,0.692,98.226
26.160,30.568,0.256,0.692,98.048
26.180,32.086,0.211,0.692,97.841
26.200,33.123,0.174,0.692,97.616
26.220,33.697,0.131,0.692,97.386
26.240,33.762,0.088,0.692,97.167
26.260,33.375,0.053,0.692,96.969
26.280,32.479,0.011,0.692,96.807
26.300,31.148,-0.020,0.692,96.690
26.320,29.332,-0.061,0.692,96.625
26.340,27.135,-0.087,0.692,96.620
26.360,24.516,-0.116,0.692,96.672
26.380,21.533,-0.133,0.692,96.780
26.400,18.264,-0.158,0.692,96.937
26.420,14.707,-0.169,0.692,97.139
26.440,10.969,-0.181,0.692,97.372
26.460,7.049,-0.181,0.692,97.624
26.480,3.070,-0.187,0.692,97.880
26.500,-0.984,-0.179,0.692,98.127
26.520,-5.027,-0.170,0.692,98.352
26.540,-9.006,-0.160,0.692,98.542
26.560,-12.826,-0.138,0.692,98.692
26.580,-16.436,-0.120,0.692,98.786
26.600,-19.869,-0.091,0.692,98.827
26.620,-22.969,-0.062,0.692,98.738
26.640,-25.740,-0.027,0.692,98.738
26.660,-28.125,0.007,0.692,98.615
26.680,-30.111,0.043,0.692,98.254
26.700,-31.646,0.083,0.692,98.254
26.720,-32.713,0.122,0.692,98.037
26.740,-33.275,0.161,0.692,97.814
26.760,-33.393,0.203,0.692,97.598
26.780,-33.018,0.242,0.692,97.403
26.800,-32.191,0.284,0.692,97.240
26.820,-30.844,0.316,0.692,97.123
26.840,-29.074,0.355,0.692,97.051
26.860,-26.854,0.379,0.692,97.041
26.880,-24.246,0.410,0.692,97.080
26.900,-21.275,0.431,0.692,97.178
26.920,-17.988,0.455,0.692,97.320
26.940,-14.479,0.468,0.692,97.509
26.960,-10.705,0.482,0.692,97.724
26.980,-6.797,0.485,0.692,97.959
27.000,-2.760,0.489,0.692,98.198
27.020,1.301,0.479,0.692,98.425
27.040,5.326,0.472,0.692,98.632
27.060,9.270,0.455,0.692,98.802
27.080,13.131,0.437,0.692,98.929
27.100,16.770,0.417,0.692,99.002
27.120,20.174,0.389,0.692,99.021
27.140,23.285,0.360,0.692,98.980
27.160,26.057,0.327,0.692,98.884
27.180,28.447,0.290,0.692,98.737
27.200,30.434,0.253,0.692,98.547
27.220,31.969,0.212,0.692,98.325
27.240,33.059,0.172,0.692,98.083
27.260,33.656,0.132,0.692,97.833
27.280,33.773,0.094,0.690,97.590
27.300,33.422,0.053,0.690,97.367
27.320,32.572,0.013,0.678,97.177
27.340,31.254,-0.018,0.678,97.029
27.360,29.479,-0.057,0.678,96.932
27.380,27.334,-0.083,0.678,96.891
27.400,24.732,-0.113,0.678,96.906
27.420,21.768,-0.137,0.678,97.099
27.440,18.539,-0.154,0.678,97.099
27.460,15.000,-0.169,0.678,97.264
27.480,11.250,-0.174,0.678,97.457
27.500,7.377,-0.184,0.678,97.671
27.520,3.381,-0.185,0.678,97.890
27.540,-0.674,-0.180,0.678,98.104
27.560,-4.711,-0.170,0.678,98.295
27.580,-8.713,-0.159,0.678,98.455
27.600,-12.533,-0.139,0.678,98.573
27.620,-16.195,-0.122,0.678,98.641
27.640,-19.617,-0.088,0.678,98.654
27.660,-22.764,-0.067,0.678,98.612
27.680,-25.553,-0.025,0.678,98.516
27.700,-27.973,0.005,0.678,98.369
27.720,-30.006,0.043,0.678,98.180
27.740,-31.576,0.083,0.678,97.960
27.760,-32.672,0.118,0.678,97.721
27.780,-33.281,0.163,0.678,97.476
27.800,-33.439,0.202,0.678,97.239
27.820,-33.123,0.244,0.678,97.023
27.840,-32.332,0.281,0.678,96.840
27.860,-31.020,0.318,0.678,96.701
27.880,-29.285,0.356,0.678,96.612
27.900,-27.088,0.381,0.678,96.582
27.920,-24.527,0.416,0.678,96.608
27.940,-21.580,0.436,0.678,96.695
27.960,-18.305,0.459,0.678,96.830
27.980,-14.807,0.472,0.678,97.013
28.000,-11.039,0.485,0.678,97.225
28.020,-7.125,0.489,0.678,97.462
28.040,-3.117,0.494,0.682,97.704
28.060,0.961,0.486,0.682,97.941
28.080,4.992,0.481,0.682,98.161
28.100,8.959,0.461,0.682,98.346
28.120,12.803,0.445,0.682,98.490
28.140,16.482,0.425,0.682,98.583
28.160,19.904,0.393,0.682,98.624
28.180,23.033,0.367,0.682,98.606
28.200,25.857,0.328,0.682,98.535
28.220,28.266,0.298,0.682,98.413
28.240,30.293,0.259,0.682,98.249
28.260,31.863,0.222,0.682,98.053
28.280,33.000,0.178,0.682,97.836
28.300,33.621,0.137,0.682,97.612
28.320,33.779,0.101,0.682,97.395
28.340,33.475,0.060,0.682,97.197
28.360,32.660,0.020,0.682,97.031
28.380,31.389,-0.016,0.682,96.910
28.400,29.654,-0.053,0.682,96.838
28.420,27.521,-0.079,0.682,96.824
28.440,24.949,-0.105,0.682,96.865
28.460,22.031,-0.131,0.682,96.961
28.480,18.809,-0.148,0.682,97.110
28.500,15.305,-0.165,0.682,97.300
28.520,11.590,-0.173,0.682,97.521
28.540,7.699,-0.182,0.682,97.763
28.560,3.691,-0.180,0.682,98.011
28.580,-0.340,-0.176,0.682,98.252
28.600,-4.377,-0.170,0.682,98.470
28.620,-8.379,-0.157,0.682,98.657
28.640,-12.223,-0.138,0.682,98.800
28.660,-15.902,-0.120,0.682,98.893
28.680,-19.342,-0.095,0.682,98.931
28.700,-22.494,-0.064,0.682,98.911
28.720,-25.318,-0.032,0.682,98.833
28.740,-27.768,0.004,0.682,98.705
28.760,-29.824,0.039,0.682,98.531
28.780,-31.453,0.080,0.682,98.324
28.800,-32.572,0.115,0.682,98.095
28.820,-33.223,0.161,0.682,97.857
28.840,-33.416,0.191,0.682,97.625
28.860,-33.141,0.241,0.682,97.409
28.880,-32.367,0.272,0.682,97.225
28.900,-31.096,0.313,0.682,97.082
28.920,-29.385,0.348,0.682,96.989
28.940,-27.234,0.373,0.682,96.950
28.960,-24.697,0.406,0.682,96.964
28.980,-21.803,0.431,0.682,97.036
29.000,-18.562,0.452,0.682,97.158
29.020,-15.064,0.466,0.682,97.323
29.040,-11.309,0.477,0.682,97.517
29.060,-7.424,0.484,0.682,97.735
29.080,-3.422,0.485,0.682,97.957
29.100,0.633,0.481,0.682,98.174
29.120,4.670,0.475,0.682,98.372
29.140,8.654,0.458,0.682,98.537
29.160,12.521,0.445,0.682,98.661
29.180,16.201,0.421,0.682,98.735
29.200,19.635,0.394,0.682,98.714
29.220,22.799,0.365,0.682,98.714
29.240,25.658,0.328,0.682,98.620
29.260,28.084,0.298,0.682,98.475
29.280,30.146,0.258,0.682,98.286
29.300,31.758,0.222,0.682,98.064
29.320,32.906,0.182,0.682,97.821
29.340,33.586,0.137,0.682,97.569
29.360,33.791,0.101,0.682,97.322
29.380,33.516,0.054,0.682,97.095
29.400,32.742,0.021,0.682,96.899
29.420,31.506,-0.014,0.682,96.745
29.440,29.818,-0.051,0.682,96.640
29.460,27.721,-0.083,0.682,96.592
29.480,25.166,-0.108,0.682,96.602
29.500,22.271,-0.134,0.682,96.669
29.520,19.084,-0.154,0.682,96.788
29.540,15.598,-0.169,0.682,96.954
29.560,11.889,-0.180,0.682,97.153
29.580,8.027,-0.187,0.682,97.376
29.600,4.025,-0.184,0.682,97.607
29.620,-0.012,-0.183,0.682,97.832
29.640,-4.049,-0.175,0.682,98.040
29.660,-8.051,-0.162,0.682,98.218
29.680,-11.924,-0.147,0.682,98.356
29.700,-15.609,-0.120,0.682,98.447
29.720,-19.072,-0.100,0.682,98.483
29.740,-22.295,-0.070,0.682,98.464
29.760,-25.131,-0.036,0.682,98.390
29.780,-27.574,-0.000,0.682,98.266
29.800,-29.707,0.037,0.682,98.098
29.820,-31.342,0.072,0.682,97.897
29.840,-32.549,0.113,0.682,97.675
29.860,-33.223,0.153,0.682,97.445
29.880,-33.422,0.192,0.682,97.220
29.900,-33.187,0.239,0.682,97.015
29.920,-32.473,0.272,0.682,96.841
29.940,-31.271,0.313,0.682,96.709
29.960,-29.578,0.346,0.682,96.627
29.980,-27.451,0.380,0.682,96.602
30.000,-24.943,0.404,0.682,96.636
30.020,-22.055,0.432,0.682,96.725
30.040,-18.855,0.451,0.682,96.868
30.060,-15.381,0.470,0.682,97.053
30.080,-11.660,0.479,0.682,97.276
30.100,-7.775,0.488,0.682,97.520
30.120,-3.768,0.486,0.682,97.775
30.140,0.281,0.485,0.682,98.023
30.160,4.354,0.478,0.682,98.254
30.180,8.320,0.464,0.682,98.454
30.200,12.193,0.449,0.682,98.615
30.220,15.914,0.422,0.682,98.723
30.240,19.371,0.401,0.682,98.777
30.260,22.541,0.369,0.682,98.773
30.280,25.424,0.338,0.682,98.713
30.300,27.902,0.302,0.682,98.600
30.320,29.982,0.266,0.682,98.443
30.340,31.646,0.228,0.682,98.252
30.360,32.830,0.188,0.682,98.036
30.380,33.545,0.146,0.682,97.811
30.400,33.797,0.105,0.682,97.588
30.420,33.551,0.066,0.682,97.383
30.440,32.818,0.029,0.682,97.207
30.460,31.623,-0.008,0.682,97.072
30.480,29.971,-0.044,0.682,96.985
30.500,27.896,-0.075,0.682,96.954
30.520,25.400,-0.100,0.682,96.978
30.540,22.523,-0.123,0.682,97.058
30.560,19.359,-0.143,0.682,97.187
30.580,15.879,-0.163,0.682,97.360
30.600,12.176,-0.172,0.682,97.568
30.620,8.326,-0.182,0.682,97.798
30.640,4.336,-0.176,0.682,98.035
30.660,0.322,-0.183,0.682,98.265
30.680,-3.756,-0.165,0.682,98.477
30.700,-7.740,-0.162,0.682,98.654
30.720,-11.619,-0.141,0.682,98.795
30.740,-15.316,-0.123,0.682,98.881
30.760,-18.809,-0.099,0.682,98.914
30.780,-22.020,-0.066,0.682,98.888
30.800,-24.896,-0.037,0.682,98.806
30.820,-27.416,0.002,0.682,98.672
30.840,-29.537,0.037,0.682,98.492
30.860,-31.225,0.073,0.682,98.277
30.880,-32.443,0.112,0.682,98.038
30.900,-33.170,0.155,0.682,97.789
30.920,-33.416,0.192,0.682,97.543
30.940,-33.229,0.236,0.682,97.313
30.960,-32.537,0.268,0.682,97.113
30.980,-31.359,0.312,0.682,96.952
31.000,-29.678,0.344,0.682,96.840
31.020,-27.633,0.374,0.682,96.782
31.040,-25.166,0.405,0.682,96.780
31.060,-22.283,0.427,0.682,96.834
31.080,-19.102,0.451,0.682,96.940
31.100,-15.639,0.468,0.682,97.091
31.120,-11.953,0.478,0.682,97.279
31.140,-8.080,0.483,0.682,97.488
31.160,-4.061,0.488,0.682,97.706
31.180,-0.018,0.485,0.682,97.923
31.200,4.031,0.478,0.682,98.123
31.220,8.016,0.461,0.682,98.294
31.240,11.906,0.445,0.682,98.426
31.260,15.621,0.424,0.682,98.539
31.280,19.107,0.398,0.682,98.539
31.300,22.318,0.369,0.682,98.513
31.320,25.219,0.335,0.682,98.431
31.340,27.715,0.306,0.682,98.299
31.360,29.830,0.265,0.682,98.123
31.380,31.523,0.228,0.682,97.913
31.400,32.766,0.179,0.682,97.679
31.420,33.521,0.147,0.682,97.196
31.440,33.797,0.106,0.682,97.196
31.460,33.592,0.065,0.682,96.973
31.480,32.895,0.027,0.681,96.782
31.500,31.740,-0.013,0.681,96.631
31.520,30.111,-0.042,0.681,96.530
31.540,28.090,-0.083,0.681,96.484
31.560,25.611,-0.104,0.681,96.500
31.580,22.781,-0.132,0.681,96.572
31.600,19.623,-0.151,0.681,96.698
31.620,16.172,-0.166,0.681,96.871
31.640,12.486,-0.177,0.681,97.079
31.660,8.637,-0.184,0.681,97.313
31.680,4.687,-0.186,0.681,97.558
31.700,0.650,-0.187,0.682,97.802
31.720,-3.410,-0.173,0.682,98.031
31.740,-7.395,-0.168,0.682,98.231
31.760,-11.309,-0.147,0.682,98.393
31.780,-15.029,-0.128,0.682,98.506
31.800,-18.521,-0.104,0.682,98.566
31.820,-21.762,-0.073,0.682,98.570
31.840,-24.662,-0.045,0.682,98.518
31.860,-27.205,-0.007,0.682,98.416
31.880,-29.355,0.029,0.682,98.268
31.900,-31.084,0.065,0.682,98.085
31.920,-32.326,0.103,0.682,97.878
31.940,-33.111,0.148,0.682,97.445
31.960,-33.404,0.184,0.682,97.445
31.980,-33.246,0.230,0.682,97.246
32.000,-32.590,0.262,0.682,97.077
32.020,-31.465,0.306,0.682,96.946
32.040,-29.830,0.335,0.682,96.866
32.060,-27.791,0.372,0.682,96.839
32.080,-25.354,0.399,0.682,96.871
32.100,-22.541,0.426,0.682,96.958
32.120,-19.371,0.444,0.682,97.099
32.140,-15.920,0.466,0.682,97.284
32.160,-12.264,0.474,0.682,97.507
32.180,-8.402,0.485,0.682,97.750
32.200,-4.400,0.485,0.682,98.005
32.220,-0.357,0.483,0.682,98.256
32.240,3.697,0.472,0.682,98.490
32.260,7.687,0.466,0.682,98.692
32.280,11.584,0.447,0.682,98.855
32.300,15.316,0.429,0.682,98.969
32.320,18.826,0.400,0.682,99.028
32.340,22.061,0.374,0.682,98.970
32.360,25.002,0.342,0.682,98.970
32.380,27.527,0.308,0.682,98.701
32.400,29.684,0.269,0.682,98.701
32.420,31.400,0.235,0.682,98.506
32.440,32.678,0.190,0.682,98.285
32.460,33.475,0.152,0.682,98.051
32.480,33.785,0.111,0.682,97.818
32.500,33.621,0.072,0.682,97.599
32.520,32.965,0.036,0.682,97.407
32.540,31.840,-0.007,0.682,97.253
32.560,30.258,-0.037,0.682,97.148
32.580,28.260,-0.075,0.682,97.094
32.600,25.822,-0.093,0.682,97.099
32.620,23.004,-0.125,0.682,97.154
32.640,19.869,-0.142,0.682,97.265
32.660,16.465,-0.166,0.682,97.418
32.680,12.791,-0.170,0.682,97.610
32.700,8.959,-0.181,0.682,97.820
32.720,4.980,-0.183,0.682,98.044
32.740,0.949,-0.183,0.682,98.264
32.760,-3.094,-0.169,0.682,98.467
32.780,-7.102,-0.163,0.682,98.640
32.800,-11.010,-0.144,0.682,98.772
32.820,-14.760,-0.121,0.682,98.857
32.840,-18.270,-0.103,0.682,98.887
32.860,-21.527,-0.074,0.682,98.862
32.880,-24.463,-0.045,0.682,98.646
32.900,-27.047,-0.004,0.682,98.646
32.920,-29.232,0.029,0.682,98.465
32.940,-31.008,0.069,0.682,98.248
32.960,-32.297,0.105,0.682,98.006
32.980,-33.105,0.149,0.682,97.751
33.000,-33.416,0.186,0.682,97.498
33.020,-33.299,0.231,0.682,97.260
33.040,-32.719,0.267,0.675,97.050
33.060,-31.600,0.306,0.675,96.879
33.080,-30.012,0.339,0.675,96.756
33.100,-27.996,0.372,0.675,96.687
33.120,-25.570,0.400,0.675,96.675
33.140,-22.787,0.427,0.675,96.719
33.160,-19.664,0.452,0.675,96.820
33.180,-16.219,0.468,0.675,96.968
33.200,-12.557,0.477,0.675,97.155
33.220,-8.701,0.489,0.676,97.363
33.240,-4.729,0.490,0.678,97.591
33.260,-0.697,0.489,0.678,97.813
33.280,3.381,0.475,0.678,98.025
33.300,7.395,0.469,0.678,98.207
33.320,11.279,0.450,0.678,98.354
33.340,15.035,0.432,0.678,98.455
33.360,18.557,0.403,0.678,98.503
33.380,21.814,0.377,0.678,98.495
33.400,24.785,0.342,0.678,98.431
33.420,27.334,0.308,0.678,98.315
33.440,29.531,0.273,0.678,98.156
33.460,31.271,0.236,0.678,97.960
33.480,32.590,0.192,0.678,97.740
33.500,33.428,0.153,0.678,97.508
33.520,33.779,0.112,0.678,97.278
33.540,33.650,0.071,0.678,97.063
33.560,33.035,0.033,0.678,96.877
33.580,31.951,-0.003,0.678,96.731
33.600,30.387,-0.040,0.678,96.633
33.620,28.430,-0.074,0.678,96.591
33.640,26.045,-0.096,0.678,96.607
33.660,23.250,-0.127,0.678,96.680
33.680,20.145,-0.144,0.678,96.811
33.700,16.752,-0.165,0.678,96.986
33.720,13.096,-0.173,0.678,97.200
33.740,9.270,-0.183,0.678,97.440
33.760,5.338,-0.187,0.678,97.694
33.780,1.283,-0.184,0.678,97.949
33.800,-2.760,-0.176,0.678,98.186
33.820,-6.756,-0.165,0.678,98.397
33.840,-10.693,-0.152,0.678,98.569
33.860,-14.426,-0.132,0.678,98.695
33.880,-17.977,-0.108,0.678,98.768
33.900,-21.258,-0.078,0.678,98.783
33.920,-24.211,-0.050,0.678,98.743
33.940,-26.824,-0.011,0.678,98.649
33.960,-29.027,0.020,0.678,98.329
33.980,-30.861,0.063,0.678,98.329
34.000,-32.156,0.097,0.678,98.123
34.020,-33.023,0.139,0.678,97.904
34.040,-33.381,0.176,0.678,97.685
34.060,-33.287,0.220,0.678,97.479
34.080,-32.725,0.259,0.678,97.300
34.100,-31.658,0.296,0.678,97.158
34.120,-30.123,0.331,0.678,97.064
34.140,-28.143,0.365,0.678,97.022
34.160,-25.752,0.393,0.678,97.036
34.180,-23.010,0.421,0.678,97.106
34.200,-19.881,0.441,0.678,97.229
34.220,-16.506,0.460,0.678,97.396
34.240,-12.855,0.472,0.678,97.601
34.260,-9.018,0.485,0.678,97.829
34.280,-5.062,0.485,0.678,98.074
34.300,-0.996,0.484,0.678,98.311
34.320,3.035,0.474,0.678,98.537
34.340,7.061,0.468,0.678,98.731
34.360,10.975,0.448,0.678,98.889
34.380,14.736,0.433,0.678,98.997
34.400,18.281,0.403,0.678,99.051
34.420,21.551,0.379,0.678,99.047
34.440,24.551,0.346,0.678,98.985
34.460,27.135,0.311,0.678,98.870
34.480,29.373,0.272,0.678,98.706
34.500,31.148,0.237,0.678,98.504
34.520,32.502,0.195,0.678,98.274
34.540,33.375,0.153,0.678,98.029
34.560,33.773,0.115,0.678,97.784
34.580,33.674,0.074,0.678,97.550
34.600,33.105,0.036,0.678,97.343
34.620,32.062,-0.003,0.678,97.172
34.640,30.527,-0.035,0.678,97.048
34.660,28.611,-0.076,0.678,96.964
34.680,26.244,-0.092,0.678,96.964
34.700,23.479,-0.127,0.678,97.002
34.720,20.391,-0.141,0.678,97.100
34.740,17.021,-0.167,0.678,97.238
34.760,13.383,-0.170,0.678,97.420
34.780,9.574,-0.183,0.678,97.623
34.800,5.643,-0.185,0.678,97.842
34.820,1.605,-0.179,0.678,98.058
34.840,-2.461,-0.175,0.678,98.262
34.860,-6.475,-0.166,0.678,98.439
34.880,-10.412,-0.151,0.678,98.582
34.900,-14.150,-0.129,0.678,98.676
34.920,-17.701,-0.107,0.678,98.719
34.940,-21.029,-0.078,0.678,98.706
34.960,-24.029,-0.049,0.678,98.638
34.980,-26.654,-0.009,0.678,98.516
35.000,-28.916,0.019,0.678,98.348
35.020,-30.756,0.062,0.678,98.143
35.040,-32.098,0.097,0.678,97.911
35.060,-33.035,0.143,0.678,97.666
35.080,-33.404,0.178,0.678,97.420
35.100,-33.363,0.224,0.678,97.188
35.120,-32.836,0.260,0.678,96.983
35.140,-31.799,0.299,0.678,96.815
35.160,-30.311,0.331,0.678,96.697
35.180,-28.365,0.369,0.678,96.629
35.200,-26.016,0.395,0.678,96.622
35.220,-23.268,0.425,0.678,96.671
35.240,-20.174,0.443,0.678,96.779
35.260,-16.805,0.468,0.678,96.932
35.280,-13.178,0.472,0.678,97.128
35.300,-9.363,0.489,0.678,97.349
35.320,-5.379,0.490,0.678,97.590
35.340,-1.342,0.491,0.678,97.828
35.360,2.713,0.481,0.678,98.059
35.380,6.738,0.472,0.678,98.261
35.400,10.652,0.452,0.678,98.427
35.420,14.443,0.436,0.678,98.548
35.440,18.000,0.408,0.678,98.619
35.460,21.293,0.385,0.678,98.634
35.480,24.316,0.349,0.678,98.592
35.500,26.953,0.318,0.678,98.497
35.520,29.203,0.278,0.678,98.355
35.540,31.014,0.244,0.678,98.175
35.560,32.414,0.203,0.678,97.968
35.580,33.322,0.162,0.678,97.746
35.600,33.750,0.122,0.678,97.524
35.620,33.691,0.081,0.678,97.313
35.640,33.164,0.041,0.678,97.129
35.660,32.156,0.008,0.678,96.982
35.680,30.674,-0.029,0.678,96.881
35.700,28.775,-0.062,0.678,96.834
35.720,26.455,-0.089,0.678,96.844
35.740,23.725,-0.121,0.678,96.911
35.760,20.660,-0.137,0.678,97.035
35.780,17.314,-0.159,0.678,97.203
35.800,13.687,-0.167,0.678,97.412
35.820,9.896,-0.179,0.678,97.645
35.840,5.977,-0.183,0.678,97.895
35.860,1.939,-0.183,0.678,98.142
35.880,-2.121,-0.175,0.678,98.379
35.900,-6.123,-0.165,0.678,98.587
35.920,-10.084,-0.150,0.678,98.758
35.940,-13.852,-0.131,0.678,98.881
35.960,-17.414,-0.111,0.678,98.952
35.980,-20.742,-0.084,0.678,98.921
36.000,-23.783,-0.052,0.678,98.822
36.020,-26.449,-0.017,0.678,98.822
36.040,-28.723,0.015,0.678,98.675
36.060,-30.592,0.058,0.678,98.488
36.080,-31.975,0.091,0.678,98.271
36.100,-32.924,0.136,0.678,98.038
36.120,-33.346,0.174,0.678,97.802
36.140,-33.363,0.217,0.678,97.577
36.160,-32.859,0.253,0.678,97.376
36.180,-31.869,0.291,0.678,97.210
36.200,-30.422,0.329,0.678,97.090
36.220,-28.500,0.361,0.678,97.020
36.240,-26.209,0.389,0.678,97.007
36.260,-23.490,0.419,0.678,97.048
36.280,-20.396,0.437,0.678,97.145
36.300,-17.051,0.464,0.678,97.285
36.320,-13.447,0.469,0.678,97.468
36.340,-9.656,0.485,0.678,97.675
36.360,-5.695,0.484,0.678,98.120
36.380,-1.652,0.485,0.678,98.120
36.400,2.402,0.478,0.678,98.330
36.420,6.434,0.470,0.678,98.515
36.440,10.336,0.452,0.678,98.664
36.460,14.150,0.432,0.678,98.767
36.480,17.725,0.405,0.678,98.816
36.500,21.041,0.383,0.678,98.808
36.520,24.100,0.347,0.678,98.744
36.540,26.748,0.317,0.678,98.626
36.560,29.033,0.275,0.678,98.460
36.580,30.891,0.240,0.678,98.254
36.600,32.320,0.199,0.678,98.021
36.620,33.264,0.159,0.678,97.771
36.640,33.750,0.119,0.678,97.519
36.660,33.727,0.080,0.678,97.278
36.680,33.234,0.040,0.678,97.062
36.700,32.256,0.001,0.678,96.882
36.720,30.832,-0.033,0.678,96.749
36.740,28.939,-0.067,0.678,96.668
36.760,26.660,-0.095,0.678,96.645
36.780,23.953,-0.121,0.678,96.679
36.800,20.924,-0.141,0.678,96.769
36.820,17.602,-0.164,0.678,96.907
36.840,13.998,-0.170,0.678,97.090
36.860,10.225,-0.183,0.678,97.298
36.880,6.287,-0.186,0.678,97.524
36.900,2.279,-0.186,0.678,97.752
36.920,-1.764,-0.182,0.678,97.973
36.940,-5.807,-0.170,0.678,98.170
36.960,-9.744,-0.155,0.678,98.333
36.980,-13.553,-0.137,0.678,98.450
37.000,-17.133,-0.114,0.678,98.531
37.020,-20.490,-0.083,0.678,98.531
37.040,-23.531,-0.054,0.678,98.486
37.060,-26.221,-0.020,0.678,98.389
37.080,-28.559,0.012,0.678,98.245
37.100,-30.463,0.052,0.678,98.063
37.120,-31.875,0.089,0.678,97.852
37.140,-32.877,0.132,0.678,97.625
37.160,-33.311,0.167,0.678,97.397
37.180,-33.381,0.216,0.678,97.180
37.200,-32.924,0.251,0.678,96.988
37.220,-31.980,0.288,0.678,96.833
37.240,-30.545,0.322,0.678,96.725
37.260,-28.676,0.363,0.678,96.666
37.280,-26.396,0.386,0.678,96.670
37.300,-23.725,0.419,0.678,96.728
37.320,-20.684,0.435,0.678,96.846
37.340,-17.350,0.466,0.678,97.008
37.360,-13.764,0.465,0.678,97.218
37.380,-9.973,0.488,0.678,97.450
37.400,-6.023,0.484,0.678,97.703
37.420,-1.998,0.491,0.678,97.956
37.440,2.074,0.479,0.678,98.203
37.460,6.100,0.475,0.678,98.423
37.480,10.025,0.456,0.678,98.609
37.500,13.846,0.440,0.678,98.748
37.520,17.443,0.412,0.678,98.836
37.540,20.789,0.389,0.678,98.866
37.560,23.871,0.355,0.678,98.839
37.580,26.555,0.325,0.678,98.758
37.600,28.869,0.285,0.678,98.627
37.620,30.762,0.251,0.678,98.455
37.640,32.215,0.207,0.678,98.252
37.660,33.205,0.168,0.678,98.032
37.680,33.715,0.131,0.678,97.808
37.700,33.744,0.090,0.678,97.593
37.720,33.305,0.049,0.678,97.400
37.740,32.350,0.011,0.678,97.242
37.760,30.955,-0.023,0.678,97.129
37.780,29.104,-0.062,0.678,97.065
37.800,26.871,-0.085,0.678,97.060
37.820,24.182,-0.114,0.678,97.108
37.840,21.187,-0.129,0.678,97.213
37.860,17.889,-0.156,0.678,97.358
37.880,14.279,-0.166,0.678,97.550
37.900,10.529,-0.179,0.678,97.767
37.920,6.609,-0.181,0.678,98.235
37.940,2.602,-0.183,0.678,98.235
37.960,-1.459,-0.177,0.678,98.459
37.980,-5.473,-0.167,0.678,98.655
38.000,-9.434,-0.154,0.678,98.817
38.020,-13.254,-0.133,0.678,98.931
38.040,-16.852,-0.111,0.678,98.994
38.060,-20.244,-0.085,0.678,98.999
38.080,-23.303,-0.057,0.678,98.947
38.100,-26.010,-0.019,0.678,98.839
38.120,-28.377,0.018,0.678,98.682
38.140,-30.305,0.055,0.678,98.483
38.160,-31.805,0.091,0.678,98.254
38.180,-32.812,0.133,0.678,97.755
38.200,-33.305,0.172,0.678,97.755
38.220,-33.375,0.212,0.678,97.512
38.240,-32.941,0.250,0.678,97.291
38.260,-32.074,0.290,0.678,97.103
38.280,-30.680,0.325,0.678,96.960
38.300,-28.840,0.359,0.678,96.868
38.320,-26.566,0.385,0.678,96.833
38.340,-23.912,0.417,0.678,96.852
38.360,-20.924,0.438,0.678,96.929
38.380,-17.619,0.458,0.678,97.053
38.400,-14.057,0.470,0.678,97.218
38.420,-10.266,0.483,0.678,97.414
38.440,-6.316,0.483,0.678,97.629
38.460,-2.303,0.491,0.678,97.845
38.480,1.752,0.479,0.678,98.055
38.500,5.789,0.470,0.678,98.241
38.520,9.721,0.454,0.678,98.393
38.540,13.559,0.434,0.678,98.503
38.560,17.174,0.414,0.678,98.562
38.580,20.525,0.387,0.678,98.567
38.600,23.637,0.353,0.678,98.515
38.620,26.355,0.323,0.678,98.410
38.640,28.699,0.284,0.678,98.256
38.660,30.621,0.250,0.678,98.063
38.680,32.115,0.208,0.678,97.840
38.700,33.141,0.165,0.678,97.601
38.720,33.697,0.131,0.678,97.357
38.740,33.756,0.087,0.678,97.122
38.760,33.346,0.048,0.677,96.912
38.780,32.449,0.009,0.677,96.737
38.800,31.090,-0.026,0.677,96.607
38.820,29.256,-0.059,0.677,96.531
38.840,27.059,-0.091,0.677,96.512
38.860,24.422,-0.116,0.677,96.552
38.880,21.434,-0.141,0.677,96.651
38.900,18.152,-0.161,0.677,96.798
38.920,14.607,-0.170,0.677,96.991
38.940,10.840,-0.184,0.677,97.213
38.960,6.949,-0.184,0.677,97.457
38.980,2.941,-0.186,0.677,97.703
39.000,-1.119,-0.180,0.677,97.944
39.020,-5.162,-0.171,0.677,98.162
39.040,-9.105,-0.160,0.677,98.347
39.060,-12.937,-0.137,0.677,98.488
39.080,-16.553,-0.116,0.677,98.580
39.100,-19.957,-0.087,0.677,98.615
39.120,-23.057,-0.062,0.677,98.595
39.140,-25.799,-0.028,0.677,98.521
39.160,-28.178,0.008,0.677,98.398
39.180,-30.152,0.044,0.677,98.234
39.200,-31.676,0.084,0.677,98.040
39.220,-32.730,0.124,0.677,97.827
39.240,-33.275,0.162,0.677,97.610
39.260,-33.393,0.207,0.677,97.401
39.280,-32.994,0.243,0.677,97.214
39.300,-32.162,0.286,0.677,97.061
39.320,-30.797,0.316,0.677,96.953
39.340,-29.010,0.356,0.677,96.895
39.360,-26.777,0.381,0.677,96.896
39.380,-24.164,0.413,0.677,96.951
39.400,-21.193,0.435,0.677,97.064
39.420,-17.889,0.456,0.677,97.223
39.440,-14.367,0.468,0.677,97.427
39.460,-10.582,0.482,0.677,97.659
39.480,-6.656,0.480,0.677,97.910
39.500,-2.625,0.489,0.677,98.163
39.520,1.418,0.478,0.677,98.410
39.540,5.461,0.478,0.677,98.631
39.560,9.404,0.456,0.677,98.821
39.580,13.254,0.440,0.677,98.963
39.600,16.893,0.415,0.677,99.052
39.620,20.279,0.391,0.677,99.084
39.640,23.379,0.356,0.677,99.059
39.660,26.145,0.326,0.677,98.977
39.680,28.518,0.291,0.677,98.845
39.700,30.492,0.253,0.677,98.670
39.720,32.021,0.211,0.677,98.463
39.740,33.082,0.174,0.677,98.235
39.760,33.668,0.133,0.677,98.001
39.780,33.773,0.091,0.677,97.773
39.800,33.410,0.054,0.677,97.565
39.820,32.531,0.013,0.677,97.390
39.840,31.207,-0.017,0.677,97.259
39.860,29.426,-0.059,0.677,97.175
39.880,27.258,-0.083,0.677,97.150
39.900,24.639,-0.112,0.677,97.177
39.920,21.680,-0.133,0.677,97.264
39.940,18.422,-0.155,0.677,97.392
39.960,14.883,-0.166,0.677,97.569
39.980,11.139,-0.179,0.677,97.770
40.000,7.242,-0.178,0.677,97.994
40.020,3.258,-0.182,0.677,98.217
40.040,-0.803,-0.174,0.677,98.434
40.060,-4.846,-0.170,0.677,98.626
40.080,-8.824,-0.155,0.677,98.788
40.100,-12.656,-0.136,0.677,98.903
40.120,-16.266,-0.116,0.677,98.969
40.140,-19.705,-0.083,0.677,98.978
40.160,-22.822,-0.059,0.677,98.930
40.180,-25.629,-0.023,0.677,98.827
40.200,-28.025,0.007,0.677,98.674
40.220,-30.012,0.047,0.677,98.479
40.240,-31.576,0.086,0.677,98.253
40.260,-32.660,0.128,0.677,98.007
40.280,-33.264,0.163,0.677,97.754
40.300,-33.410,0.207,0.677,97.509
40.320,-33.053,0.243,0.677,97.286
40.340,-32.221,0.285,0.677,97.094
40.360,-30.926,0.318,0.677,96.948
40.380,-29.162,0.357,0.677,96.850
40.400,-26.982,0.383,0.677,96.811
40.420,-24.375,0.414,0.677,96.826
40.440,-21.428,0.435,0.677,96.901
40.460,-18.146,0.456,0.677,97.024
40.480,-14.648,0.470,0.677,97.193
40.500,-10.898,0.482,0.677,97.393
40.520,-6.979,0.486,0.677,97.615
40.540,-2.959,0.489,0.677,97.843
40.560,1.102,0.482,0.677,98.065
40.580,5.133,0.476,0.677,98.267
40.600,9.100,0.459,0.677,98.438
40.620,12.943,0.440,0.677,98.565
40.640,16.600,0.418,0.677,98.644
40.660,20.010,0.391,0.677,98.669
40.680,23.145,0.364,0.677,98.637
40.700,25.945,0.327,0.677,98.551
40.720,28.330,0.295,0.677,98.415
40.740,30.352,0.256,0.677,98.239
40.760,31.910,0.216,0.677,98.031
40.780,33.006,0.178,0.677,97.804
40.800,33.639,0.134,0.677,97.571
40.820,33.779,0.095,0.677,97.346
40.840,33.451,0.054,0.677,97.142
40.860,32.625,0.015,0.677,96.971
40.880,31.336,-0.019,0.677,96.845
40.900,29.596,-0.055,0.677,96.770
40.920,27.445,-0.085,0.677,96.753
40.940,24.861,-0.112,0.677,96.793
40.960,21.932,-0.135,0.677,96.891
40.980,18.715,-0.154,0.677,97.039
41.000,15.187,-0.171,0.677,97.232
41.020,11.443,-0.175,0.677,97.458
41.040,7.588,-0.187,0.678,97.704
41.060,3.580,-0.185,0.678,97.957
41.080,-0.457,-0.182,0.678,98.202
41.100,-4.494,-0.173,0.678,98.427
41.120,-8.479,-0.162,0.678,98.619
41.140,-12.334,-0.142,0.678,98.771
41.160,-15.984,-0.123,0.678,98.872
41.180,-19.424,-0.098,0.678,98.917
41.200,-22.576,-0.067,0.678,98.906
41.220,-25.389,-0.033,0.678,98.839
41.240,-27.820,-0.000,0.678,98.721
41.260,-29.877,0.036,0.678,98.560
41.280,-31.477,0.078,0.678,98.366
41.300,-32.590,0.115,0.678,98.151
41.320,-33.217,0.159,0.678,97.928
41.340,-33.387,0.196,0.678,97.711
41.360,-33.088,0.239,0.678,97.513
41.380,-32.309,0.274,0.678,97.347
41.400,-31.037,0.313,0.678,97.223
41.420,-29.303,0.350,0.678,97.149
41.440,-27.141,0.375,0.678,97.131
41.460,-24.621,0.410,0.678,97.167
41.480,-21.668,0.429,0.678,97.262
41.500,-18.416,0.455,0.678,97.404
41.520,-14.918,0.466,0.678,97.591
41.540,-11.174,0.477,0.678,97.806
41.560,-7.289,0.485,0.678,98.041
41.580,-3.270,0.489,0.678,98.283
41.600,0.773,0.479,0.678,98.518
41.620,4.828,0.474,0.678,98.731
41.640,8.801,0.456,0.678,98.909
41.660,12.650,0.444,0.678,99.043
41.680,16.312,0.417,0.678,99.128
41.700,19.758,0.392,0.678,99.156
41.720,22.904,0.363,0.678,99.126
41.740,25.746,0.330,0.678,99.039
41.760,28.172,0.294,0.678,98.902
41.780,30.193,0.257,0.678,98.719
41.800,31.787,0.216,0.678,98.504
41.820,32.947,0.175,0.678,98.266
41.840,33.609,0.135,0.678,98.019
41.860,33.791,0.099,0.678,97.778
41.880,33.486,0.057,0.678,97.554
41.900,32.707,0.014,0.678,97.361
41.920,31.465,-0.019,0.678,97.212
41.940,29.760,-0.054,0.678,97.066
41.960,27.645,-0.081,0.678,97.066
41.980,25.084,-0.112,0.678,97.076
42.000,22.178,-0.131,0.678,97.143
42.020,18.984,-0.155,0.678,97.258
42.040,15.469,-0.166,0.678,97.420
42.060,11.754,-0.177,0.678,97.609
42.080,7.898,-0.182,0.678,97.823
42.100,3.902,-0.183,0.678,98.041
42.120,-0.129,-0.179,0.678,98.257
42.140,-4.178,-0.173,0.678,98.451
42.160,-8.180,-0.158,0.678,98.615
42.180,-12.023,-0.145,0.678,98.736
42.200,-15.721,-0.117,0.678,98.810
42.220,-19.172,-0.095,0.678,98.826
42.240,-22.336,-0.067,0.678,98.789
42.260,-25.184,-0.033,0.678,98.697
42.280,-27.627,0.000,0.678,98.554
42.300,-29.736,0.040,0.678,98.369
42.320,-31.371,0.077,0.678,98.150
42.340,-32.531,0.115,0.678,97.911
42.360,-33.199,0.157,0.678,97.664
42.380,-33.393,0.195,0.678,97.423
42.400,-33.141,0.241,0.678,97.201
42.420,-32.420,0.273,0.678,97.011
42.440,-31.178,0.316,0.678,96.864
42.460,-29.473,0.349,0.678,96.768
42.480,-27.346,0.376,0.678,96.728
42.500,-24.838,0.407,0.678,96.744
42.520,-21.920,0.433,0.678,96.820
42.540,-18.721,0.455,0.678,96.947
42.560,-15.229,0.468,0.678,97.121
42.580,-11.508,0.479,0.678,97.326
42.600,-7.623,0.489,0.678,97.555
42.620,-3.609,0.493,0.680,97.794
42.640,0.439,0.485,0.680,98.032
42.660,4.494,0.478,0.680,98.250
42.680,8.479,0.463,0.680,98.437
42.700,12.334,0.446,0.680,98.585
42.720,16.031,0.423,0.680,98.681
42.740,19.482,0.400,0.680,98.712
42.760,22.652,0.369,0.680,98.712
42.780,25.541,0.336,0.680,98.646
42.800,27.990,0.302,0.680,98.528
42.820,30.041,0.261,0.680,98.367
42.840,31.682,0.226,0.680,98.172
42.860,32.865,0.187,0.680,97.956
42.880,33.574,0.145,0.680,97.730
42.900,33.797,0.105,0.680,97.510
42.920,33.539,0.061,0.680,97.308
42.940,32.789,0.025,0.680,97.137
42.960,31.582,-0.009,0.680,97.008
42.980,29.906,-0.050,0.680,96.927
43.000,27.814,-0.077,0.680,96.905
43.020,25.301,-0.107,0.680,96.938
43.040,22.424,-0.127,0.680,97.028
43.060,19.248,-0.147,0.680,97.168
43.080,15.768,-0.166,0.680,97.353
43.100,12.076,-0.174,0.680,97.572
43.120,8.203,-0.182,0.680,97.811
43.140,4.236,-0.180,0.680,98.059
43.160,0.187,-0.180,0.680,98.300
43.180,-3.850,-0.175,0.680,98.522
43.200,-7.846,-0.160,0.680,98.715
43.220,-11.719,-0.144,0.680,98.864
43.240,-15.416,-0.120,0.680,98.963
43.260,-18.896,-0.099,0.680,99.006
43.280,-22.096,-0.068,0.680,98.993
43.300,-24.967,-0.037,0.680,98.923
43.320,-27.457,-0.004,0.680,98.800
43.340,-29.566,0.034,0.680,98.632
43.360,-31.236,0.073,0.680,98.430
43.380,-32.437,0.110,0.680,98.203
43.400,-33.146,0.154,0.680,97.966
43.420,-33.381,0.186,0.680,97.732
43.440,-33.170,0.232,0.680,97.514
43.460,-32.467,0.267,0.680,97.326
43.480,-31.295,0.307,0.680,97.177
43.500,-29.613,0.347,0.680,97.077
43.520,-27.521,0.370,0.680,97.032
43.540,-25.043,0.404,0.680,97.041
43.560,-22.172,0.426,0.680,97.107
43.580,-18.979,0.450,0.680,97.223
43.600,-15.516,0.464,0.680,97.382
43.620,-11.818,0.475,0.680,97.790
43.640,-7.910,0.478,0.680,97.790
43.660,-3.920,0.485,0.680,98.011
43.680,0.117,0.479,0.680,98.229
43.700,4.160,0.475,0.680,98.428
43.720,8.150,0.459,0.680,98.598
43.740,12.029,0.447,0.680,98.726
43.760,15.744,0.418,0.680,98.808
43.780,19.219,0.397,0.680,98.831
43.800,22.406,0.368,0.680,98.798
43.820,25.301,0.336,0.680,98.711
43.840,27.797,0.300,0.680,98.571
43.860,29.906,0.263,0.680,98.386
43.880,31.570,0.226,0.680,98.166
43.900,32.783,0.182,0.680,97.923
43.920,33.533,0.141,0.680,97.670
43.940,33.791,0.103,0.680,97.421
43.960,33.574,0.060,0.680,97.188
43.980,32.871,0.026,0.680,96.986
44.000,31.687,-0.013,0.680,96.824
44.020,30.047,-0.047,0.680,96.711
44.040,28.002,-0.079,0.680,96.655
44.060,25.518,-0.104,0.680,96.656
44.080,22.664,-0.132,0.680,96.714
44.100,19.494,-0.151,0.680,96.825
44.120,16.055,-0.167,0.680,96.982
44.140,12.357,-0.176,0.680,97.176
44.160,8.502,-0.187,0.680,97.394
44.180,4.535,-0.181,0.680,97.622
44.200,0.492,-0.186,0.680,97.845
44.220,-3.562,-0.174,0.680,98.053
44.240,-7.564,-0.167,0.680,98.234
44.260,-11.455,-0.150,0.680,98.471
44.280,-15.176,-0.125,0.680,98.471
44.300,-18.656,-0.104,0.680,98.511
44.320,-21.914,-0.070,0.680,98.497
44.340,-24.791,-0.042,0.680,98.426
44.360,-27.328,-0.006,0.680,98.305
44.380,-29.467,0.029,0.680,98.140
44.400,-31.184,0.069,0.680,97.940
44.420,-32.432,0.108,0.680,97.718
44.440,-33.199,0.150,0.680,97.486
44.460,-33.439,0.188,0.680,97.257
44.480,-33.287,0.233,0.680,97.047
44.500,-32.619,0.266,0.680,96.867
44.520,-31.482,0.308,0.680,96.727
44.540,-29.824,0.344,0.680,96.637
44.560,-27.785,0.372,0.680,96.604
44.580,-25.318,0.406,0.680,96.626
44.600,-22.482,0.427,0.680,96.710
44.620,-19.295,0.452,0.680,96.843
44.640,-15.832,0.464,0.680,97.025
44.660,-12.164,0.478,0.680,97.241
44.680,-8.297,0.489,0.680,97.482
44.700,-4.289,0.490,0.680,97.735
44.720,-0.234,0.489,0.680,97.986
44.740,3.820,0.477,0.680,98.221
44.760,7.816,0.464,0.680,98.426
44.780,11.695,0.451,0.680,98.588
44.800,15.428,0.427,0.680,98.705
44.820,18.949,0.405,0.680,98.767
44.840,22.160,0.374,0.680,98.772
44.860,25.078,0.341,0.680,98.720
44.880,27.609,0.307,0.680,98.615
44.900,29.754,0.271,0.680,98.465
44.920,31.441,0.230,0.680,98.278
44.940,32.707,0.190,0.680,98.067
44.960,33.486,0.153,0.680,97.844
44.980,33.791,0.111,0.680,97.623
45.000,33.609,0.066,0.680,97.417
45.020,32.947,0.036,0.680,97.241
45.040,31.799,-0.008,0.680,97.103
45.060,30.187,-0.038,0.680,96.976
45.080,28.189,-0.075,0.680,96.976
45.100,25.752,-0.096,0.680,96.998
45.120,22.904,-0.125,0.680,97.074
45.140,19.775,-0.142,0.680,97.202
45.160,16.342,-0.162,0.680,97.373
45.180,12.668,-0.171,0.680,97.583
45.200,8.818,-0.180,0.680,97.815
45.220,4.857,-0.179,0.680,98.055
45.240,0.838,-0.179,0.680,98.290
45.260,-3.211,-0.168,0.680,98.508
45.280,-7.236,-0.159,0.680,98.694
45.300,-11.127,-0.142,0.680,98.841
45.320,-14.848,-0.125,0.680,98.939
45.340,-18.357,-0.099,0.680,98.982
45.360,-21.604,-0.068,0.680,98.967
45.380,-24.533,-0.042,0.680,98.896
45.400,-27.100,0.000,0.680,98.771
45.420,-29.291,0.031,0.680,98.599
45.440,-31.025,0.070,0.680,98.392
45.460,-32.297,0.108,0.680,98.159
45.480,-33.082,0.149,0.680,97.913
45.500,-33.428,0.190,0.680,97.669
45.520,-33.275,0.231,0.680,97.439
45.540,-32.637,0.265,0.680,97.237
45.560,-31.535,0.303,0.680,97.073
45.580,-29.918,0.338,0.680,96.957
45.600,-27.920,0.370,0.680,96.894
45.620,-25.482,0.401,0.680,96.887
45.640,-22.676,0.425,0.680,96.936
45.660,-19.529,0.446,0.680,97.039
45.680,-16.096,0.465,0.680,97.186
45.700,-12.445,0.477,0.680,97.370
45.720,-8.572,0.485,0.680,97.577
45.740,-4.600,0.488,0.680,97.798
45.760,-0.551,0.486,0.680,98.018
45.780,3.516,0.474,0.680,98.222
45.800,7.518,0.467,0.680,98.397
45.820,11.414,0.447,0.680,98.534
45.840,15.158,0.429,0.680,98.624
45.860,18.668,0.401,0.680,98.661
45.880,21.908,0.370,0.680,98.642
45.900,24.873,0.343,0.680,98.567
45.920,27.416,0.306,0.680,98.442
45.940,29.596,0.273,0.680,98.270
45.960,31.324,0.232,0.680,97.833
45.980,32.625,0.191,0.680,97.833
46.000,33.439,0.153,0.680,97.349
46.020,33.791,0.110,0.680,97.349
46.040,33.645,0.068,0.680,97.124
46.060,33.018,0.030,0.680,96.928
46.080,31.898,-0.009,0.680,96.772
46.100,30.328,-0.041,0.680,96.665
46.120,28.365,-0.081,0.680,96.614
46.140,25.951,-0.097,0.680,96.622
46.160,23.150,-0.132,0.680,96.686
46.180,20.027,-0.145,0.680,96.807
46.200,16.629,-0.170,0.680,96.972
46.220,12.967,-0.174,0.680,97.178
46.240,9.158,-0.185,0.680,97.408
46.260,5.203,-0.184,0.680,97.653
46.280,1.166,-0.186,0.680,97.897
46.300,-2.883,-0.177,0.680,98.127
46.320,-6.891,-0.168,0.680,98.332
46.340,-10.816,-0.152,0.680,98.497
46.360,-14.549,-0.129,0.680,98.617
46.380,-18.082,-0.109,0.680,98.684
46.400,-21.369,-0.075,0.680,98.696
46.420,-24.305,-0.046,0.680,98.650
46.440,-26.906,-0.009,0.680,98.553
46.460,-29.115,0.023,0.680,98.230
46.480,-30.896,0.062,0.680,98.230
46.500,-32.191,0.099,0.680,98.025
46.520,-33.035,0.141,0.680,97.807
46.540,-33.393,0.182,0.680,97.591
46.560,-33.287,0.225,0.680,97.389
46.580,-32.719,0.262,0.680,97.215
46.600,-31.635,0.300,0.680,97.079
46.620,-30.070,0.333,0.680,96.956
46.640,-28.072,0.369,0.680,96.956
46.660,-25.687,0.398,0.680,96.981
46.680,-22.934,0.423,0.680,97.062
46.700,-19.793,0.445,0.680,97.195
46.720,-16.377,0.461,0.680,97.374
46.740,-12.744,0.477,0.680,97.591
46.760,-8.900,0.484,0.680,97.831
46.780,-4.916,0.484,0.680,98.086
46.800,-0.879,0.485,0.680,98.336
46.820,3.182,0.478,0.680,98.573
46.840,7.189,0.466,0.680,98.782
46.860,11.086,0.450,0.680,98.949
46.880,14.854,0.431,0.680,99.070
46.900,18.410,0.402,0.680,99.133
46.920,21.645,0.378,0.680,99.140
46.940,24.650,0.345,0.680,99.089
46.960,27.229,0.314,0.680,98.985
46.980,29.432,0.273,0.680,98.832
47.000,31.201,0.237,0.680,98.641
47.020,32.537,0.195,0.680,98.422
47.040,33.398,0.159,0.680,98.189
47.060,33.779,0.113,0.680,97.955
47.080,33.674,0.075,0.680,97.734
47.100,33.088,0.039,0.680,97.539
47.120,32.016,-0.003,0.680,97.381
47.140,30.475,-0.030,0.680,97.269
47.160,28.529,-0.072,0.680,97.210
47.180,26.150,-0.087,0.680,97.208
47.200,23.385,-0.126,0.680,97.258
47.220,20.297,-0.139,0.680,97.364
47.240,16.910,-0.161,0.680,97.701
47.260,13.271,-0.166,0.680,97.701
47.280,9.451,-0.180,0.680,98.136
47.300,5.508,-0.183,0.680,98.136
47.320,1.459,-0.180,0.680,98.357
47.340,-2.584,-0.173,0.680,98.562
47.360,-6.592,-0.162,0.680,98.741
47.380,-10.529,-0.150,0.680,98.880
47.400,-14.279,-0.125,0.680,98.974
47.420,-17.848,-0.104,0.680,99.013
47.440,-21.129,-0.075,0.680,98.995
47.460,-24.105,-0.046,0.680,98.920
47.480,-26.736,-0.010,0.680,98.793
47.500,-28.951,0.023,0.680,98.618
47.520,-30.814,0.066,0.680,98.406
47.540,-32.127,0.103,0.680,98.166
47.560,-33.035,0.141,0.680,97.913
47.580,-33.393,0.183,0.680,97.660
47.600,-33.334,0.225,0.680,97.420
47.620,-32.801,0.264,0.677,97.207
47.640,-31.758,0.302,0.677,97.031
47.660,-30.252,0.337,0.677,96.904
47.680,-28.283,0.369,0.677,96.828
47.700,-25.904,0.401,0.677,96.812
47.720,-23.162,0.425,0.677,96.852
47.740,-20.051,0.447,0.677,96.947
47.760,-16.682,0.466,0.677,97.089
47.780,-13.078,0.481,0.677,97.271
47.800,-9.199,0.485,0.677,97.481
47.820,-5.250,0.491,0.678,97.704
47.840,-1.201,0.488,0.678,97.928
47.860,2.854,0.481,0.678,98.140
47.880,6.873,0.471,0.678,98.327
47.900,10.793,0.453,0.678,98.480
47.920,14.566,0.434,0.678,98.585
47.940,18.123,0.407,0.678,98.639
47.960,21.404,0.382,0.678,98.638
47.980,24.416,0.348,0.678,98.581
48.000,27.041,0.315,0.678,98.473
48.020,29.273,0.277,0.678,98.318
48.040,31.078,0.239,0.678,98.127
48.060,32.449,0.202,0.678,97.909
48.080,33.340,0.157,0.678,97.678
48.100,33.756,0.116,0.678,97.448
48.120,33.697,0.077,0.678,97.231
48.140,33.152,0.037,0.678,97.040
48.160,32.115,-0.001,0.678,96.889
48.180,30.633,-0.033,0.678,96.785
48.200,28.699,-0.073,0.678,96.736
48.220,26.367,-0.093,0.678,96.747
48.240,23.613,-0.127,0.678,96.813
48.260,20.549,-0.137,0.678,96.937
48.280,17.215,-0.166,0.678,97.105
48.300,13.570,-0.170,0.678,97.318
48.320,9.773,-0.183,0.678,97.555
48.340,5.848,-0.184,0.678,97.810
48.360,1.816,-0.184,0.678,98.062
48.380,-2.221,-0.178,0.678,98.303
48.400,-6.270,-0.166,0.678,98.518
48.420,-10.195,-0.153,0.678,98.697
48.440,-13.957,-0.133,0.678,98.828
48.460,-17.525,-0.113,0.678,98.906
48.480,-20.848,-0.079,0.678,98.930
48.500,-23.854,-0.055,0.678,98.895
48.520,-26.508,-0.012,0.678,98.809
48.540,-28.758,0.012,0.678,98.672
48.560,-30.627,0.058,0.678,98.499
48.580,-32.004,0.089,0.678,98.296
48.600,-32.953,0.140,0.678,98.078
48.620,-33.352,0.175,0.678,97.858
48.640,-33.328,0.215,0.678,97.650
48.660,-32.824,0.256,0.678,97.467
48.680,-31.834,0.286,0.678,97.320
48.700,-30.352,0.329,0.678,97.219
48.720,-28.424,0.359,0.678,97.169
48.740,-26.104,0.394,0.678,97.176
48.760,-23.379,0.413,0.678,97.239
48.780,-20.297,0.443,0.678,97.355
48.800,-16.939,0.456,0.678,97.518
48.820,-13.348,0.475,0.678,97.717
48.840,-9.516,0.478,0.678,97.943
48.860,-5.561,0.490,0.678,98.182
48.880,-1.518,0.481,0.678,98.423
48.900,2.525,0.484,0.678,98.648
48.920,6.557,0.468,0.678,98.849
48.940,10.459,0.455,0.678,99.124
48.960,14.268,0.431,0.678,99.124
48.980,17.842,0.408,0.678,99.182
49.000,21.146,0.379,0.678,99.183
49.020,24.176,0.348,0.678,99.126
49.040,26.830,0.313,0.678,99.015
49.060,29.092,0.278,0.678,98.656
49.080,30.943,0.241,0.678,98.656
49.100,32.361,0.199,0.678,98.182
49.120,33.287,0.161,0.678,98.182
49.140,33.744,0.120,0.678,97.935
49.160,33.715,0.079,0.677,97.698
49.180,33.211,0.040,0.677,97.485
49.200,32.209,0.004,0.677,97.308
49.220,30.768,-0.036,0.677,97.176
49.240,28.875,-0.063,0.677,97.073
49.260,26.572,-0.092,0.677,97.073
49.280,23.854,-0.124,0.677,97.106
49.300,20.818,-0.137,0.677,97.193
49.320,17.484,-0.162,0.677,97.326
49.340,13.863,-0.167,0.677,97.500
49.360,10.084,-0.183,0.677,97.697
49.380,6.146,-0.183,0.677,97.914
49.400,2.139,-0.184,0.677,98.131
49.420,-1.916,-0.178,0.677,98.336
49.440,-5.959,-0.166,0.677,98.516
49.460,-9.896,-0.157,0.677,98.660
49.480,-13.687,-0.132,0.677,98.760
49.500,-17.273,-0.107,0.677,98.808
49.520,-20.625,-0.079,0.677,98.800
49.540,-23.660,-0.055,0.677,98.736
49.560,-26.350,-0.013,0.677,98.620
49.580,-28.658,0.015,0.677,98.456
49.600,-30.545,0.060,0.677,98.253
49.620,-31.957,0.092,0.677,98.023
49.640,-32.936,0.139,0.677,97.777
49.660,-33.369,0.175,0.677,97.530
49.680,-33.398,0.218,0.677,97.294
49.700,-32.924,0.257,0.677,97.085
49.720,-31.975,0.294,0.677,96.911
49.740,-30.533,0.331,0.677,96.785
49.760,-28.641,0.361,0.677,96.710
49.780,-26.332,0.393,0.677,96.695
49.800,-23.654,0.423,0.677,96.736
49.820,-20.584,0.440,0.677,96.836
49.840,-17.244,0.464,0.677,96.981
49.860,-13.658,0.476,0.677,97.171
49.880,-9.850,0.487,0.677,97.390
49.900,-5.912,0.492,0.678,97.628
49.920,-1.863,0.489,0.678,97.868
49.940,2.197,0.486,0.678,98.098
49.960,6.229,0.472,0.678,98.307
49.980,10.154,0.456,0.678,98.478
50.000,13.957,0.435,0.678,98.606
50.020,17.572,0.414,0.678,98.681
50.040,20.883,0.385,0.678,98.702
50.060,23.953,0.353,0.678,98.667
50.080,26.648,0.322,0.678,98.578
50.100,28.928,0.286,0.678,98.442
50.120,30.820,0.248,0.678,98.266
50.140,32.256,0.208,0.678,98.062
50.160,33.229,0.166,0.678,97.841
50.180,33.732,0.128,0.678,97.618
50.200,33.738,0.084,0.678,97.406
50.220,33.270,0.045,0.678,97.218
50.240,32.314,0.007,0.678,97.067
50.260,30.908,-0.025,0.678,96.961
50.280,29.033,-0.061,0.678,96.908
50.300,26.777,-0.087,0.678,96.912
50.320,24.094,-0.120,0.678,96.973
50.340,21.059,-0.132,0.678,97.091
50.360,17.766,-0.158,0.678,97.254
50.380,14.168,-0.166,0.678,97.459
50.400,10.395,-0.180,0.678,97.690
50.420,6.469,-0.180,0.678,97.940
50.440,2.461,-0.181,0.678,98.189
50.460,-1.600,-0.177,0.678,98.427
50.480,-5.607,-0.167,0.678,98.641
50.500,-9.580,-0.157,0.678,98.818
50.520,-13.383,-0.129,0.678,98.951
50.540,-16.975,-0.116,0.678,99.028
50.560,-20.332,-0.082,0.678,99.051
50.580,-23.402,-0.058,0.678,99.014
50.600,-26.086,-0.019,0.678,98.923
50.620,-28.471,0.011,0.678,98.783
50.640,-30.381,0.051,0.678,98.602
50.660,-31.828,0.087,0.678,98.389
50.680,-32.836,0.131,0.678,98.159
50.700,-33.305,0.166,0.678,97.925
50.720,-33.387,0.211,0.678,97.699
50.740,-32.947,0.247,0.678,97.496
50.760,-32.021,0.286,0.678,97.327
50.780,-30.633,0.322,0.678,97.203
50.800,-28.775,0.356,0.678,97.127
50.820,-26.496,0.388,0.678,97.110
50.840,-23.848,0.414,0.678,97.144
50.860,-20.836,0.436,0.678,97.237
50.880,-17.496,0.460,0.678,97.374
50.900,-13.934,0.469,0.678,97.554
50.920,-10.154,0.483,0.678,97.759
50.940,-6.199,0.483,0.678,97.982
50.960,-2.186,0.487,0.678,98.205
50.980,1.881,0.479,0.678,98.420
51.000,5.918,0.468,0.678,98.609
51.020,9.850,0.455,0.678,98.762
51.040,13.670,0.435,0.678,98.872
51.060,17.285,0.411,0.678,98.927
51.080,20.643,0.382,0.678,98.929
51.100,23.725,0.355,0.678,98.870
51.120,26.449,0.320,0.678,98.760
51.140,28.764,0.282,0.678,98.599
51.160,30.680,0.247,0.678,98.399
51.180,32.162,0.206,0.678,98.167
51.200,33.182,0.164,0.678,97.919
51.220,33.703,0.126,0.678,97.666
51.240,33.750,0.084,0.678,97.422
51.260,33.334,0.046,0.678,97.201
51.280,32.408,0.005,0.676,97.015
51.300,31.037,-0.028,0.676,96.874
51.320,29.191,-0.064,0.676,96.786
51.340,26.977,-0.096,0.676,96.753
51.360,24.316,-0.117,0.676,96.781
51.380,21.328,-0.139,0.676,96.861
51.400,18.041,-0.161,0.676,96.993
51.420,14.461,-0.171,0.676,97.166
51.440,10.711,-0.183,0.676,97.372
51.460,6.797,-0.185,0.677,97.593
51.480,2.783,-0.187,0.679,97.822
51.500,-1.260,-0.182,0.679,98.042
51.520,-5.291,-0.167,0.679,98.240
51.540,-9.275,-0.158,0.679,98.402
51.560,-13.078,-0.135,0.679,98.523
51.580,-16.687,-0.116,0.679,98.591
51.600,-20.098,-0.087,0.679,98.607
51.620,-23.186,-0.062,0.679,98.566
51.640,-25.904,-0.021,0.679,98.474
51.660,-28.289,0.011,0.679,98.332
51.680,-30.252,0.046,0.679,98.150
51.700,-31.775,0.087,0.679,97.940
51.720,-32.807,0.127,0.679,97.711
51.740,-33.311,0.165,0.679,97.479
51.760,-33.410,0.210,0.679,97.257
51.780,-33.012,0.248,0.679,97.059
51.800,-32.133,0.287,0.679,96.896
51.820,-30.791,0.322,0.679,96.778
51.840,-28.969,0.358,0.679,96.712
51.860,-26.725,0.387,0.679,96.706
51.880,-24.094,0.416,0.679,96.755
51.900,-21.117,0.437,0.679,96.863
51.920,-17.812,0.459,0.679,97.018
51.940,-14.250,0.470,0.679,97.219
51.960,-10.482,0.485,0.679,97.448
51.980,-6.539,0.485,0.679,97.699
52.000,-2.525,0.489,0.679,97.953
52.020,1.535,0.479,0.679,98.199
52.040,5.584,0.474,0.679,98.423
52.060,9.516,0.457,0.679,98.612
52.080,13.354,0.440,0.679,98.756
52.100,16.992,0.417,0.679,98.849
52.120,20.367,0.390,0.679,98.888
52.140,23.473,0.359,0.679,98.868
52.160,26.232,0.329,0.679,98.794
52.180,28.582,0.292,0.679,98.669
52.200,30.539,0.257,0.679,98.503
52.220,32.062,0.214,0.679,98.306
52.240,33.105,0.172,0.679,98.089
52.260,33.686,0.134,0.679,97.866
52.280,33.762,0.091,0.679,97.651
52.300,33.381,0.054,0.679,97.458
52.320,32.496,0.016,0.679,97.297
52.340,31.160,-0.018,0.679,97.180
52.360,29.361,-0.054,0.679,97.113
52.380,27.176,-0.083,0.679,97.103
52.400,24.533,-0.109,0.679,97.147
52.420,21.574,-0.131,0.679,97.248
52.440,18.311,-0.151,0.679,97.395
52.460,14.760,-0.166,0.679,97.585
52.480,11.016,-0.175,0.679,97.804
52.500,7.119,-0.183,0.679,98.040
52.520,3.100,-0.184,0.679,98.511
52.540,-0.949,-0.176,0.679,98.511
52.560,-4.980,-0.166,0.679,98.716
52.580,-8.947,-0.153,0.679,98.884
52.600,-12.779,-0.133,0.679,99.009
52.620,-16.400,-0.114,0.679,99.081
52.640,-19.834,-0.087,0.679,99.097
52.660,-22.939,-0.059,0.679,99.056
52.680,-25.711,-0.023,0.679,98.960
52.700,-28.119,0.009,0.679,98.812
52.720,-30.076,0.048,0.679,98.622
52.740,-31.658,0.087,0.679,98.400
52.760,-32.707,0.128,0.679,98.157
52.780,-33.299,0.163,0.679,97.909
52.800,-33.422,0.205,0.679,97.667
52.820,-33.053,0.244,0.679,97.446
52.840,-32.244,0.286,0.679,97.257
52.860,-30.896,0.319,0.679,97.111
52.880,-29.127,0.357,0.679,97.015
52.900,-26.924,0.381,0.679,96.977
52.920,-24.299,0.414,0.679,96.990
52.940,-21.334,0.435,0.679,97.063
52.960,-18.053,0.458,0.679,97.182
52.980,-14.549,0.469,0.679,97.347
53.000,-10.781,0.485,0.679,97.539
53.020,-6.850,0.485,0.679,97.754
53.040,-2.836,0.490,0.679,97.972
53.060,1.230,0.484,0.679,98.185
53.080,5.262,0.473,0.679,98.378
53.100,9.217,0.459,0.679,98.534
53.120,13.078,0.439,0.679,98.651
53.140,16.717,0.417,0.679,98.714
53.160,20.121,0.387,0.679,98.726
53.180,23.244,0.360,0.679,98.679
53.200,26.021,0.326,0.679,98.580
53.220,28.406,0.288,0.679,98.430
53.240,30.404,0.253,0.679,98.240
53.260,31.957,0.209,0.679,98.019
53.280,33.047,0.172,0.679,97.779
53.300,33.650,0.129,0.679,97.534
53.320,33.785,0.090,0.679,97.296
53.340,33.428,0.054,0.679,97.081
53.360,32.590,0.012,0.679,96.898
53.380,31.277,-0.020,0.679,96.761
53.400,29.537,-0.056,0.679,96.675
53.420,27.363,-0.086,0.679,96.647
53.440,24.773,-0.114,0.679,96.677
53.460,21.832,-0.135,0.679,96.767
53.480,18.592,-0.156,0.679,96.905
53.500,15.059,-0.170,0.679,97.090
53.520,11.320,-0.182,0.679,97.306
53.540,7.441,-0.183,0.679,97.545
53.560,3.439,-0.188,0.680,97.788
53.580,-0.604,-0.179,0.680,98.028
53.600,-4.629,-0.175,0.680,98.245
53.620,-8.631,-0.155,0.680,98.433
53.640,-12.469,-0.143,0.680,98.576
53.660,-16.107,-0.116,0.680,98.672
53.680,-19.535,-0.094,0.680,98.712
53.700,-22.687,-0.065,0.680,98.697
53.720,-25.482,-0.027,0.680,98.627
53.740,-27.908,0.002,0.680,98.507
53.760,-29.936,0.043,0.680,98.345
53.780,-31.529,0.077,0.680,98.152
53.800,-32.619,0.117,0.680,97.939
53.820,-33.258,0.163,0.680,97.719
53.840,-33.398,0.197,0.680,97.506
53.860,-33.094,0.245,0.680,97.314
53.880,-32.303,0.274,0.680,97.156
53.900,-31.020,0.317,0.680,97.039
53.920,-29.262,0.348,0.680,96.976
53.940,-27.094,0.381,0.680,96.966
53.960,-24.539,0.406,0.680,97.013
53.980,-21.604,0.437,0.680,97.117
54.000,-18.346,0.453,0.680,97.272
54.020,-14.836,0.468,0.680,97.470
54.040,-11.098,0.478,0.680,97.699
54.060,-7.189,0.485,0.680,97.947
54.080,-3.170,0.487,0.680,98.202
54.100,0.902,0.481,0.680,98.447
54.120,4.934,0.472,0.680,98.673
54.140,8.895,0.462,0.680,98.863
54.160,12.744,0.443,0.680,99.013
54.180,16.424,0.420,0.680,99.109
54.200,19.846,0.392,0.680,99.151
54.220,22.992,0.365,0.680,99.131
54.240,25.816,0.330,0.680,99.058
54.260,28.236,0.298,0.680,98.932
54.280,30.252,0.260,0.680,98.763
54.300,31.840,0.219,0.680,98.560
54.320,32.965,0.178,0.680,98.335
54.340,33.615,0.140,0.680,98.101
54.360,33.785,0.096,0.680,97.873
54.380,33.475,0.064,0.680,97.664
54.400,32.666,0.015,0.680,97.484
54.420,31.400,-0.013,0.680,97.349
54.440,29.678,-0.055,0.680,97.260
54.460,27.557,-0.076,0.680,97.230
54.480,24.996,-0.108,0.680,97.251
54.500,22.066,-0.131,0.680,97.330
54.520,18.855,-0.154,0.680,97.457
54.540,15.346,-0.168,0.680,97.630
54.560,11.607,-0.172,0.680,97.832
54.580,7.740,-0.184,0.680,98.051
54.600,3.750,-0.179,0.680,98.278
54.620,-0.299,-0.183,0.680,98.496
54.640,-4.342,-0.166,0.680,98.696
54.660,-8.338,-0.158,0.680,98.860
54.680,-12.182,-0.137,0.680,98.983
54.700,-15.855,-0.120,0.680,99.054
54.720,-19.307,-0.090,0.680,99.071
54.740,-22.465,-0.063,0.680,99.031
54.760,-25.318,-0.025,0.680,98.936
54.780,-27.750,0.006,0.680,98.789
54.800,-29.842,0.041,0.680,98.599
54.820,-31.441,0.079,0.680,98.376
54.840,-32.590,0.122,0.680,98.132
54.860,-33.234,0.161,0.680,97.880
54.880,-33.422,0.203,0.680,97.633
54.900,-33.164,0.240,0.678,97.406
54.920,-32.402,0.281,0.678,97.209
54.940,-31.154,0.312,0.678,97.056
54.960,-29.432,0.356,0.678,96.951
54.980,-27.270,0.377,0.678,96.905
55.000,-24.773,0.418,0.678,96.912
55.020,-21.861,0.430,0.678,96.981
55.040,-18.627,0.460,0.678,97.096
55.060,-15.111,0.468,0.678,97.261
55.080,-11.391,0.486,0.678,97.456
55.100,-7.512,0.483,0.678,97.678
55.120,-3.492,0.493,0.682,97.902
55.140,0.568,0.483,0.682,98.125
55.160,4.617,0.479,0.682,98.327
55.180,8.584,0.457,0.682,98.501
55.200,12.451,0.448,0.682,98.631
55.220,16.137,0.418,0.682,98.716
55.240,19.582,0.396,0.682,98.745
55.260,22.746,0.365,0.682,98.718
55.280,25.605,0.331,0.682,98.638
55.300,28.055,0.298,0.682,98.507
55.320,30.111,0.261,0.682,98.333
55.340,31.717,0.220,0.682,98.127
55.360,32.889,0.182,0.682,97.901
55.380,33.580,0.141,0.682,97.666
55.400,33.785,0.100,0.682,97.437
55.420,33.516,0.060,0.682,97.229
55.440,32.748,0.020,0.682,97.051
55.460,31.529,-0.013,0.682,96.918
55.480,29.836,-0.052,0.682,96.834
55.500,27.738,-0.079,0.682,96.808
55.520,25.213,-0.107,0.682,96.839
55.540,22.324,-0.129,0.682,96.929
55.560,19.125,-0.148,0.682,97.068
55.580,15.650,-0.169,0.682,97.254
55.600,11.953,-0.178,0.682,97.475
55.620,8.074,-0.187,0.682,97.719
55.640,4.084,-0.182,0.682,97.972
55.660,0.053,-0.187,0.682,98.216
55.680,-4.002,-0.176,0.682,98.446
55.700,-7.980,-0.163,0.682,98.643
55.720,-11.848,-0.146,0.682,98.798
55.740,-15.551,-0.120,0.682,98.904
55.760,-19.014,-0.101,0.682,98.953
55.780,-22.213,-0.069,0.682,98.948
55.800,-25.049,-0.039,0.682,98.886
55.820,-27.527,-0.002,0.682,98.773
55.840,-29.643,0.032,0.682,98.615
55.860,-31.307,0.074,0.682,98.424
55.880,-32.479,0.110,0.682,98.210
55.900,-33.176,0.154,0.682,97.986
55.920,-33.387,0.190,0.682,97.767
55.940,-33.176,0.234,0.682,97.566
55.960,-32.449,0.270,0.682,97.394
55.980,-31.248,0.306,0.682,97.263
56.000,-29.561,0.348,0.682,97.181
56.020,-27.457,0.368,0.682,97.156
56.040,-24.973,0.409,0.682,97.182
56.060,-22.078,0.423,0.682,97.269
56.080,-18.891,0.454,0.682,97.403
56.100,-15.398,0.463,0.682,97.584
56.120,-11.689,0.482,0.682,97.794
56.140,-7.799,0.480,0.682,98.030
56.160,-3.797,0.487,0.682,98.267
56.180,0.246,0.478,0.682,98.503
56.200,4.277,0.479,0.682,98.714
56.220,8.273,0.460,0.682,98.900
56.240,12.164,0.441,0.682,99.038
56.260,15.861,0.426,0.682,99.127
56.280,19.324,0.391,0.682,99.163
56.300,22.500,0.370,0.682,99.137
56.320,25.400,0.330,0.682,99.058
56.340,27.873,0.302,0.682,98.924
56.360,29.965,0.256,0.682,98.747
56.380,31.611,0.228,0.682,98.533
56.400,32.818,0.178,0.682,98.296
56.420,33.545,0.145,0.682,98.049
56.440,33.791,0.099,0.682,97.805
56.460,33.557,0.059,0.682,97.578
56.480,32.824,0.027,0.682,97.381
56.500,31.646,-0.018,0.682,97.222
56.520,29.977,-0.043,0.682,97.114
56.540,27.932,-0.082,0.682,97.057
56.560,25.424,-0.102,0.682,97.062
56.580,22.564,-0.131,0.682,97.118
56.600,19.400,-0.148,0.682,97.228
56.620,15.920,-0.168,0.682,97.380
56.640,12.234,-0.178,0.682,97.568
56.660,8.385,-0.176,0.682,97.778
56.680,4.395,-0.188,0.682,97.994
56.700,0.363,-0.173,0.682,98.210
56.720,-3.703,-0.183,0.682,98.404
56.740,-7.693,-0.152,0.682,98.575
56.760,-11.590,-0.155,0.682,98.698
56.780,-15.270,-0.110,0.682,98.781
56.800,-18.762,-0.104,0.682,98.801
56.820,-22.008,-0.065,0.682,98.772
56.840,-24.885,-0.039,0.682,98.685
56.860,-27.375,0.001,0.682,98.548
56.880,-29.520,0.034,0.682,98.367
56.900,-31.225,0.075,0.682,98.152
56.920,-32.449,0.112,0.682,97.914
56.940,-33.182,0.153,0.682,97.666
56.960,-33.428,0.192,0.682,97.423
56.980,-33.252,0.232,0.682,97.198
57.000,-32.555,0.273,0.682,97.002
57.020,-31.406,0.309,0.682,96.849
57.040,-29.760,0.349,0.682,96.744
57.060,-27.686,0.370,0.682,96.698
57.080,-25.219,0.407,0.682,96.706
57.100,-22.348,0.426,0.682,96.777
57.120,-19.172,0.457,0.682,96.897
57.140,-15.715,0.466,0.682,97.066
57.160,-12.029,0.483,0.682,97.271
57.180,-8.145,0.488,0.682,97.500
57.200,-4.148,0.492,0.682,97.742
57.220,-0.100,0.488,0.682,97.980
57.240,3.955,0.481,0.682,98.203
57.260,7.945,0.463,0.682,98.397
57.280,11.836,0.452,0.682,98.550
57.300,15.557,0.426,0.682,98.657
57.320,19.037,0.408,0.682,98.710
57.340,22.260,0.370,0.682,98.707
57.360,25.166,0.344,0.682,98.648
57.380,27.686,0.307,0.682,98.539
57.400,29.812,0.270,0.682,98.385
57.420,31.494,0.231,0.682,98.196
57.440,32.748,0.189,0.682,97.983
57.460,33.510,0.153,0.682,97.761
57.480,33.791,0.105,0.682,97.541
57.500,33.598,0.072,0.682,97.339
57.520,32.895,0.032,0.682,97.165
57.540,31.746,-0.008,0.682,97.033
57.560,30.117,-0.038,0.682,96.949
57.580,28.113,-0.071,0.682,96.923
57.600,25.635,-0.096,0.682,96.950
57.620,22.805,-0.127,0.682,97.036
57.640,19.658,-0.142,0.682,97.173
57.660,16.225,-0.166,0.682,97.357
57.680,12.539,-0.170,0.682,97.574
57.700,8.701,-0.183,0.682,97.816
57.720,4.734,-0.182,0.682,98.067
57.740,0.709,-0.179,0.682,98.314
57.760,-3.363,-0.173,0.682,98.539
57.780,-7.365,-0.160,0.682,98.739
57.800,-11.262,-0.145,0.682,98.894
57.820,-14.982,-0.125,0.682,99.001
57.840,-18.463,-0.100,0.682,99.053
57.860,-21.727,-0.067,0.682,99.047
57.880,-24.627,-0.042,0.682,98.984
57.900,-27.187,-0.006,0.682,98.869
57.920,-29.344,0.031,0.682,98.707
57.940,-31.078,0.062,0.682,98.509
57.960,-32.332,0.114,0.682,98.285
57.980,-33.111,0.142,0.682,98.049
58.000,-33.410,0.187,0.682,97.813
58.020,-33.264,0.227,0.682,97.593
58.040,-32.607,0.267,0.682,97.400
58.060,-31.477,0.302,0.682,97.246
58.080,-29.877,0.342,0.682,97.138
58.100,-27.838,0.368,0.682,97.084
58.120,-25.395,0.402,0.682,97.084
58.140,-22.559,0.423,0.682,97.140
58.160,-19.412,0.448,0.682,97.249
58.180,-15.973,0.460,0.682,97.402
58.200,-12.311,0.479,0.682,97.589
58.220,-8.449,0.481,0.682,97.800
58.240,-4.447,0.489,0.682,98.021
58.260,-0.410,0.482,0.682,98.241
58.280,3.656,0.476,0.682,98.442
58.300,7.646,0.464,0.682,98.615
58.320,11.531,0.447,0.682,98.745
58.340,15.275,0.424,0.682,98.830
58.360,18.768,0.400,0.682,98.858
58.380,22.014,0.366,0.682,98.831
58.400,24.961,0.339,0.682,98.745
58.420,27.498,0.305,0.682,98.609
58.440,29.666,0.267,0.682,98.427
58.460,31.371,0.226,0.682,98.209
58.480,32.666,0.189,0.682,97.967
58.500,33.463,0.147,0.682,97.712
58.520,33.779,0.113,0.682,97.460
58.540,33.627,0.062,0.682,97.222
58.560,32.965,0.033,0.682,97.015
58.580,31.857,-0.012,0.682,96.846
58.600,30.264,-0.036,0.682,96.725
58.620,28.277,-0.087,0.682,96.660
58.640,25.857,-0.096,0.682,96.656
58.660,23.051,-0.137,0.682,96.705
58.680,19.928,-0.141,0.682,96.812
58.700,16.512,-0.172,0.682,96.963
58.720,12.850,-0.170,0.682,97.154
58.740,9.018,-0.189,0.682,97.367
58.760,5.051,-0.181,0.682,97.595
58.780,1.037,-0.186,0.682,97.823
58.800,-3.023,-0.172,0.682,98.036
58.820,-7.025,-0.166,0.682,98.219
58.840,-10.951,-0.146,0.682,98.370
58.860,-14.695,-0.129,0.682,98.470
58.880,-18.205,-0.105,0.682,98.521
58.900,-21.469,-0.072,0.682,98.515
58.920,-24.398,-0.045,0.682,98.454
58.940,-27.006,-0.004,0.682,98.341
58.960,-29.186,0.019,0.682,98.185
58.980,-30.973,0.067,0.682,97.993
59.000,-32.262,0.098,0.682,97.776
59.020,-33.088,0.146,0.682,97.549
59.040,-33.416,0.182,0.682,97.323
59.060,-33.305,0.230,0.682,97.113
59.080,-32.707,0.261,0.682,96.933
59.100,-31.629,0.306,0.682,96.791
59.120,-30.029,0.330,0.682,96.700
59.140,-28.055,0.376,0.682,96.660
59.160,-25.646,0.394,0.682,96.683
59.180,-22.852,0.428,0.682,96.760
59.200,-19.711,0.443,0.682,96.895
59.220,-16.283,0.468,0.682,97.074
59.240,-12.650,0.472,0.682,97.291
59.260,-8.789,0.489,0.682,97.534
59.280,-4.816,0.483,0.682,97.788
59.300,-0.756,0.491,0.682,98.046
59.320,3.299,0.477,0.682,98.284
59.340,7.307,0.472,0.682,98.501
59.360,11.209,0.445,0.682,98.671
59.380,14.965,0.435,0.682,98.796
59.400,18.486,0.408,0.682,98.868
59.420,21.750,0.377,0.682,98.884
59.440,24.732,0.352,0.682,98.840
59.460,27.305,0.301,0.682,98.745
59.480,29.490,0.282,0.682,98.600
59.500,31.248,0.231,0.682,98.420
59.520,32.584,0.201,0.682,98.212
59.540,33.410,0.145,0.682,97.991
59.560,33.768,0.124,0.682,97.770
59.580,33.650,0.067,0.682,97.562
59.600,33.035,0.041,0.682,97.382
59.620,31.975,-0.009,0.682,97.239
59.640,30.434,-0.041,0.682,97.143
59.660,28.459,-0.067,0.682,97.103
59.680,26.086,-0.104,0.682,97.114
59.700,23.291,-0.109,0.682,97.188
59.720,20.180,-0.157,0.682,97.304
59.740,16.793,-0.145,0.682,97.478
59.760,13.143,-0.183,0.682,97.674
59.780,9.311,-0.171,0.682,97.908
59.800,5.379,-0.191,0.684,98.143
59.820,1.342,-0.177,0.684,98.385
59.840,-2.713,-0.174,0.684,98.601
59.860,-6.727,-0.169,0.684,98.794
59.880,-10.652,-0.141,0.684,98.948
59.900,-14.391,-0.133,0.684,99.052
59.920,-17.947,-0.098,0.684,99.102
59.940,-21.240,-0.080,0.684,99.094
59.960,-24.187,-0.043,0.684,99.030
59.980,-26.818,-0.006,0.684,98.912
60.000,-29.027,0.022,0.684,98.746
60.020,-30.855,0.070,0.684,98.542
60.040,-32.174,0.092,0.684,98.312
60.060,-33.035,0.153,0.684,98.067
60.080,-33.387,0.172,0.684,97.823
60.100,-33.299,0.236,0.684,97.590
60.120,-32.760,0.250,0.682,97.388
60.140,-31.729,0.317,0.682,97.217
60.160,-30.170,0.320,0.682,97.100
60.180,-28.195,0.387,0.682,97.026
60.200,-25.822,0.375,0.682,97.023
60.220,-23.062,0.446,0.682,97.058
60.240,-19.951,0.416,0.682,97.168
60.260,-16.553,0.488,0.682,97.300
60.280,-12.914,0.447,0.682,97.495
60.300,-9.088,0.510,0.700,97.690
60.320,-5.115,0.458,0.700,97.924
60.340,-1.066,0.503,0.700,98.133
60.360,2.994,0.464,0.700,98.350
60.380,7.002,0.475,0.700,98.526
60.400,10.904,0.439,0.700,98.674
60.420,14.684,0.439,0.700,98.768
60.440,18.223,0.397,0.700,98.815
60.460,21.504,0.381,0.700,98.803
60.480,24.510,0.344,0.700,98.738
60.500,27.111,0.316,0.700,98.619
60.520,29.320,0.273,0.700,98.456
60.540,31.131,0.241,0.700,98.252
60.560,32.490,0.191,0.700,98.024
60.580,33.357,0.160,0.700,97.782
60.600,33.762,0.109,0.700,97.540
60.620,33.686,0.076,0.700,97.312
60.640,33.123,0.034,0.700,97.110
60.660,32.074,-0.004,0.700,96.948
60.680,30.568,-0.034,0.700,96.832
60.700,28.635,-0.077,0.700,96.771
60.720,26.279,-0.087,0.700,96.770
60.740,23.531,-0.134,0.700,96.821
60.760,20.461,-0.133,0.700,96.933
60.780,17.074,-0.177,0.700,97.087
60.800,13.441,-0.160,0.700,97.289
60.820,9.656,-0.199,0.708,97.508
60.840,5.701,-0.174,0.708,97.754
60.860,1.676,-0.199,0.708,97.988
60.880,-2.379,-0.166,0.708,98.222
60.900,-6.387,-0.181,0.708,98.419
60.920,-10.318,-0.144,0.708,98.589
60.940,-14.080,-0.145,0.708,98.704
60.960,-17.631,-0.104,0.708,98.773
60.980,-20.965,-0.088,0.708,98.783
61.000,-23.941,-0.052,0.708,98.740
61.020,-26.602,-0.015,0.708,98.642
61.040,-28.857,0.009,0.708,98.497
61.060,-30.703,0.068,0.708,98.316
61.080,-32.074,0.082,0.708,98.105
61.100,-32.988,0.145,0.708,97.882
61.120,-33.375,0.167,0.708,97.658
61.140,-33.334,0.220,0.708,97.446
61.160,-32.812,0.253,0.708,97.262
61.180,-31.805,0.296,0.708,97.112
61.200,-30.322,0.331,0.708,97.014
61.220,-28.383,0.362,0.708,96.965
61.240,-26.027,0.392,0.708,96.977
61.260,-23.309,0.415,0.708,97.040
61.280,-20.203,0.447,0.708,97.162
61.300,-16.857,0.455,0.708,97.329
61.320,-13.242,0.479,0.708,97.535
61.340,-9.387,0.475,0.708,97.768
61.360,-5.432,0.499,0.708,98.012
61.380,-1.389,0.477,0.708,98.262
61.400,2.660,0.488,0.708,98.493
61.420,6.674,0.459,0.708,98.702
61.440,10.594,0.460,0.708,98.866
61.460,14.385,0.426,0.708,98.991
61.480,17.947,0.416,0.708,99.055
61.500,21.246,0.376,0.708,99.068
61.520,24.287,0.358,0.708,99.018
61.540,26.918,0.307,0.708,98.919
61.560,29.162,0.286,0.708,98.767
61.580,30.996,0.235,0.708,98.579
61.600,32.391,0.205,0.708,98.360
61.620,33.316,0.158,0.708,98.125
61.640,33.744,0.120,0.708,97.889
61.660,33.697,0.079,0.708,97.663
61.680,33.193,0.044,0.708,97.462
61.700,32.174,0.005,0.708,97.294
61.720,30.709,-0.033,0.708,97.175
61.740,28.793,-0.062,0.708,97.106
61.760,26.502,-0.095,0.708,97.095
61.780,23.748,-0.111,0.708,97.138
61.800,20.701,-0.145,0.708,97.233
61.820,17.361,-0.149,0.708,97.377
61.840,13.723,-0.182,0.708,97.556
61.860,9.937,-0.170,0.708,97.767
61.880,6.023,-0.193,0.708,97.986
61.900,1.986,-0.170,0.708,98.212
61.920,-2.051,-0.186,0.708,98.417
61.940,-6.100,-0.157,0.708,98.602
61.960,-10.049,-0.158,0.708,98.745
61.980,-13.811,-0.125,0.708,98.848
62.000,-17.379,-0.110,0.708,98.891
62.020,-20.719,-0.076,0.708,98.884
62.040,-23.766,-0.049,0.708,98.813
62.060,-26.420,-0.012,0.708,98.694
62.080,-28.711,0.025,0.708,98.523
62.100,-30.598,0.055,0.708,98.316
62.120,-31.998,0.098,0.708,98.079
62.140,-32.953,0.137,0.708,97.827
62.160,-33.369,0.181,0.708,97.574
62.180,-33.375,0.214,0.708,97.331
62.200,-32.906,0.261,0.708,97.114
62.220,-31.910,0.292,0.708,96.935
62.240,-30.475,0.338,0.708,96.799
62.260,-28.570,0.361,0.708,96.721
62.280,-26.250,0.394,0.708,96.691
62.300,-23.555,0.422,0.708,96.728
62.320,-20.467,0.440,0.708,96.810
62.340,-17.145,0.464,0.708,96.951
62.360,-13.529,0.473,0.708,97.125
62.380,-9.715,0.487,0.708,97.334
62.400,-5.777,0.490,0.708,97.556
62.420,-1.723,0.490,0.708,97.782
62.440,2.332,0.483,0.708,98.002
62.460,6.352,0.473,0.708,98.192
62.480,10.277,0.454,0.708,98.352
62.500,14.092,0.439,0.708,98.463
62.520,17.666,0.412,0.708,98.527
62.540,21.000,0.388,0.708,98.534
62.560,24.047,0.353,0.708,98.486
62.580,26.719,0.320,0.708,98.386
62.600,29.004,0.281,0.708,98.237
62.620,30.867,0.244,0.708,98.052
62.640,32.309,0.206,0.708,97.837
62.660,33.252,0.166,0.708,97.609
62.680,33.732,0.124,0.708,97.379
62.700,33.721,0.083,0.708,97.159
62.720,33.258,0.048,0.708,96.969
62.740,32.273,0.004,0.708,96.809
62.760,30.844,-0.028,0.708,96.706
62.780,28.975,-0.070,0.708,96.644
62.800,26.701,-0.090,0.708,96.657
62.820,23.988,-0.125,0.708,96.707
62.840,20.965,-0.134,0.708,96.837
62.860,17.654,-0.165,0.708,96.988
62.880,14.045,-0.165,0.708,97.210
62.900,10.266,-0.187,0.708,97.430
62.920,6.334,-0.183,0.708,97.695
62.940,2.332,-0.187,0.708,97.944
62.960,-1.717,-0.179,0.708,98.193
62.980,-5.754,-0.170,0.708,98.409
63.000,-9.697,-0.158,0.708,98.598
63.020,-13.512,-0.138,0.708,98.735
63.040,-17.092,-0.109,0.708,98.825
63.060,-20.432,-0.095,0.708,98.854
63.080,-23.496,-0.046,0.708,98.832
63.100,-26.180,-0.033,0.708,98.748
63.120,-28.523,0.027,0.708,98.622
63.140,-30.445,0.034,0.708,98.450
63.160,-31.857,0.105,0.708,98.251
63.180,-32.865,0.116,0.708,98.034
63.200,-33.316,0.187,0.708,97.813
63.220,-33.387,0.199,0.708,97.604
63.240,-32.924,0.260,0.708,97.415
63.260,-31.986,0.278,0.708,97.263
63.280,-30.562,0.332,0.708,97.154
63.300,-28.699,0.351,0.708,97.096
63.320,-26.426,0.389,0.708,97.095
63.340,-23.754,0.416,0.708,97.146
63.360,-20.701,0.437,0.708,97.260
63.380,-17.396,0.459,0.708,97.408
63.400,-13.822,0.465,0.708,97.610
63.420,-10.014,0.490,0.708,97.824
63.440,-6.070,0.481,0.708,98.072
63.460,-2.039,0.489,0.708,98.303
63.480,2.027,0.475,0.708,98.537
63.500,6.047,0.474,0.708,98.732
63.520,9.967,0.451,0.708,98.903
63.540,13.793,0.439,0.708,99.018
63.560,17.391,0.409,0.708,99.087
63.580,20.736,0.387,0.708,99.095
63.600,23.818,0.347,0.708,99.045
63.620,26.514,0.323,0.708,98.941
63.640,28.834,0.283,0.708,98.785
63.660,30.732,0.247,0.708,98.591
63.680,32.203,0.207,0.708,98.364
63.700,33.193,0.161,0.708,98.121
63.720,33.715,0.128,0.708,97.872
63.740,33.750,0.083,0.708,97.633
63.760,33.305,0.048,0.708,97.416
63.780,32.361,0.004,0.708,97.233
63.800,30.979,-0.026,0.708,97.096
63.820,29.133,-0.066,0.708,97.009
63.840,26.889,-0.083,0.708,96.979
63.860,24.229,-0.120,0.708,97.004
63.880,21.223,-0.133,0.708,97.084
63.900,17.930,-0.162,0.708,97.213
63.920,14.332,-0.172,0.708,97.381
63.940,10.576,-0.179,0.708,97.586
63.960,6.668,-0.184,0.708,97.797
63.980,2.643,-0.182,0.708,98.021
64.000,-1.395,-0.181,0.708,98.225
64.020,-5.437,-0.166,0.708,98.415
64.040,-9.404,-0.161,0.708,98.563
64.060,-13.230,-0.134,0.708,98.676
64.080,-16.822,-0.114,0.708,98.731
64.100,-20.215,-0.083,0.708,98.736
64.120,-23.297,-0.058,0.708,98.678
64.140,-26.016,-0.023,0.708,98.573
64.160,-28.377,0.012,0.708,98.416
64.180,-30.328,0.051,0.708,98.221
64.200,-31.811,0.084,0.708,97.995
64.220,-32.836,0.131,0.708,97.753
64.240,-33.322,0.165,0.708,97.508
64.260,-33.422,0.215,0.708,97.272
64.280,-33.018,0.248,0.708,97.060
64.300,-32.133,0.288,0.708,96.884
64.320,-30.768,0.322,0.708,96.752
64.340,-28.898,0.362,0.708,96.673
64.360,-26.666,0.385,0.708,96.650
64.380,-24.023,0.423,0.708,96.687
64.400,-21.018,0.440,0.708,96.779
64.420,-17.689,0.464,0.708,96.928
64.440,-14.150,0.468,0.708,97.111
64.460,-10.354,0.488,0.708,97.330
64.480,-6.428,0.485,0.708,97.563
64.500,-2.396,0.492,0.708,97.807
64.520,1.670,0.482,0.708,98.037
64.540,5.701,0.475,0.708,98.250
64.560,9.650,0.462,0.708,98.425
64.580,13.488,0.439,0.708,98.562
64.600,17.115,0.421,0.708,98.643
64.620,20.473,0.389,0.708,98.671
64.640,23.584,0.360,0.708,98.642
64.660,26.309,0.328,0.708,98.558
64.680,28.658,0.291,0.708,98.427
64.700,30.592,0.254,0.708,98.255
64.720,32.092,0.215,0.708,98.052
64.740,33.123,0.168,0.708,97.832
64.760,33.697,0.132,0.708,97.606
64.780,33.756,0.093,0.708,97.390
64.800,33.357,0.052,0.708,97.195
64.820,32.455,0.015,0.708,97.037
64.840,31.102,-0.023,0.708,96.920
64.860,29.309,-0.056,0.708,96.857
64.880,27.100,-0.087,0.708,96.850
64.900,24.457,-0.112,0.708,96.899
64.920,21.469,-0.134,0.708,97.005
64.940,18.199,-0.153,0.708,97.158
64.960,14.625,-0.167,0.708,97.354
64.980,10.881,-0.177,0.708,97.580
65.000,6.984,-0.181,0.708,97.823
65.020,2.982,-0.183,0.708,98.069
65.040,-1.072,-0.174,0.708,98.306
65.060,-5.098,-0.169,0.708,98.517
65.080,-9.082,-0.153,0.708,98.696
65.100,-12.908,-0.135,0.708,98.828
65.120,-16.529,-0.115,0.708,98.910
65.140,-19.928,-0.087,0.708,98.935
65.160,-23.045,-0.055,0.708,98.902
65.180,-25.787,-0.028,0.708,98.813
65.200,-28.160,0.014,0.708,98.674
65.220,-30.129,0.046,0.708,98.493
65.240,-31.693,0.087,0.708,98.281
65.260,-32.742,0.123,0.708,98.048
65.280,-33.270,0.166,0.708,97.809
65.300,-33.422,0.208,0.702,97.578
65.320,-33.023,0.241,0.702,97.368
65.340,-32.191,0.282,0.698,97.189
65.360,-30.844,0.318,0.698,97.055
65.380,-29.039,0.351,0.698,96.969
65.400,-26.807,0.382,0.698,96.941
65.420,-24.187,0.411,0.698,96.965
65.440,-21.246,0.431,0.698,97.049
65.460,-17.959,0.454,0.698,97.174
65.480,-14.408,0.465,0.698,97.348
65.500,-10.641,0.480,0.698,97.546
65.520,-6.715,0.481,0.698,97.766
65.540,-2.701,0.490,0.698,97.988
65.560,1.371,0.480,0.698,98.205
65.580,5.402,0.472,0.698,98.399
65.600,9.340,0.456,0.698,98.560
65.620,13.189,0.437,0.698,98.673
65.640,16.822,0.414,0.698,98.741
65.660,20.227,0.387,0.698,98.746
65.680,23.332,0.358,0.698,98.701
65.700,26.115,0.327,0.698,98.594
65.720,28.482,0.289,0.698,98.445
65.740,30.451,0.253,0.698,98.249
65.760,31.992,0.212,0.698,98.025
65.780,33.070,0.173,0.698,97.779
65.800,33.662,0.134,0.698,97.528
65.820,33.773,0.087,0.698,97.286
65.840,33.422,0.053,0.698,97.064
65.860,32.555,0.012,0.692,96.877
65.880,31.236,-0.019,0.692,96.732
65.900,29.467,-0.062,0.692,96.639
65.920,27.287,-0.086,0.692,96.605
65.940,24.668,-0.116,0.692,96.627
65.960,21.732,-0.137,0.692,96.707
65.980,18.486,-0.154,0.692,96.835
66.000,14.936,-0.173,0.692,97.012
66.020,11.197,-0.179,0.692,97.216
66.040,7.312,-0.187,0.692,97.443
66.060,3.316,-0.187,0.692,97.675
66.080,-0.732,-0.181,0.692,97.903
66.100,-4.775,-0.171,0.692,98.107
66.120,-8.766,-0.162,0.692,98.283
66.140,-12.592,-0.141,0.692,98.415
66.160,-16.236,-0.121,0.692,98.499
66.180,-19.670,-0.092,0.692,98.526
66.200,-22.799,-0.062,0.692,98.499
66.220,-25.588,-0.033,0.692,98.417
66.240,-28.008,0.007,0.692,98.287
66.260,-30.006,0.041,0.692,98.115
66.280,-31.594,0.085,0.692,97.911
66.300,-32.684,0.120,0.692,97.688
66.320,-33.287,0.157,0.692,97.460
66.340,-33.422,0.205,0.692,97.239
66.360,-33.105,0.234,0.685,97.041
66.380,-32.285,0.286,0.685,96.874
66.400,-30.990,0.316,0.685,96.755
66.420,-29.215,0.354,0.685,96.683
66.440,-27.047,0.382,0.685,96.671
66.460,-24.457,0.411,0.685,96.714
66.480,-21.510,0.432,0.685,96.818
66.500,-18.229,0.455,0.685,96.970
66.520,-14.719,0.476,0.685,97.165
66.540,-10.986,0.478,0.685,97.396
66.560,-7.061,0.489,0.685,97.642
66.580,-3.047,0.483,0.685,97.899
66.600,1.025,0.485,0.685,98.144
66.620,5.057,0.477,0.685,98.374
66.640,9.023,0.463,0.685,98.568
66.660,12.879,0.436,0.685,98.720
66.680,16.541,0.423,0.685,98.816
66.700,19.951,0.389,0.685,98.861
66.720,23.086,0.369,0.685,98.845
66.740,25.904,0.328,0.685,98.777
66.760,28.307,0.297,0.685,98.655
66.780,30.311,0.256,0.685,98.492
66.800,31.887,0.220,0.685,98.294
66.820,33.006,0.174,0.685,98.076
66.840,33.627,0.139,0.685,97.849
66.860,33.779,0.099,0.685,97.629
66.880,33.469,0.058,0.679,97.427
66.900,32.637,0.026,0.679,97.257
66.920,31.354,-0.017,0.679,97.129
66.940,29.613,-0.054,0.679,97.051
66.960,27.480,-0.075,0.679,97.032
66.980,24.891,-0.110,0.679,97.063
67.000,21.973,-0.122,0.679,97.155
67.020,18.738,-0.153,0.679,97.287
67.040,15.229,-0.164,0.679,97.469
67.060,11.514,-0.175,0.679,97.678
67.080,7.605,-0.183,0.679,97.909
67.100,3.621,-0.179,0.679,98.144
67.120,-0.416,-0.180,0.679,98.370
67.140,-4.441,-0.164,0.679,98.577
67.160,-8.467,-0.160,0.679,98.746
67.180,-12.311,-0.136,0.679,98.877
67.200,-15.949,-0.119,0.679,98.952
67.220,-19.406,-0.094,0.679,98.974
67.240,-22.559,-0.060,0.679,98.939
67.260,-25.383,-0.026,0.679,98.846
67.280,-27.826,0.006,0.679,98.702
67.300,-29.883,0.044,0.679,98.514
67.320,-31.465,0.075,0.679,98.293
67.340,-32.607,0.121,0.679,98.051
67.360,-33.270,0.159,0.679,97.801
67.380,-33.439,0.203,0.679,97.556
67.400,-33.123,0.242,0.679,97.330
67.420,-32.361,0.276,0.679,97.136
67.440,-31.102,0.315,0.679,96.983
67.460,-29.355,0.348,0.679,96.881
67.480,-27.223,0.385,0.679,96.833
67.500,-24.668,0.407,0.679,96.844
67.520,-21.744,0.436,0.679,96.908
67.540,-18.504,0.453,0.679,97.026
67.560,-15.018,0.472,0.679,97.185
67.580,-11.262,0.480,0.679,97.379
67.600,-7.383,0.490,0.679,97.593
67.620,-3.352,0.489,0.679,97.815
67.640,0.703,0.488,0.679,98.032
67.660,4.746,0.473,0.679,98.231
67.680,8.730,0.461,0.679,98.396
67.700,12.574,0.440,0.679,98.522
67.720,16.266,0.425,0.679,98.597
67.740,19.693,0.394,0.679,98.619
67.760,22.840,0.365,0.679,98.586
67.780,25.687,0.331,0.679,98.497
67.800,28.125,0.298,0.679,98.359
67.820,30.170,0.259,0.679,98.178
67.840,31.781,0.217,0.679,97.965
67.860,32.930,0.182,0.679,97.732
67.880,33.604,0.137,0.679,97.491
67.900,33.791,0.100,0.678,97.256
67.920,33.510,0.055,0.678,97.041
67.940,32.725,0.016,0.678,96.859
67.960,31.471,-0.017,0.678,96.721
67.980,29.766,-0.053,0.678,96.633
68.000,27.668,-0.083,0.678,96.602
68.020,25.131,-0.111,0.678,96.629
68.040,22.225,-0.137,0.678,96.714
68.060,19.020,-0.152,0.678,96.852
68.080,15.521,-0.172,0.678,97.034
68.100,11.812,-0.176,0.678,97.251
68.120,7.939,-0.186,0.678,97.491
68.140,3.955,-0.183,0.678,97.739
68.160,-0.105,-0.186,0.678,97.982
68.180,-4.119,-0.173,0.678,98.208
68.200,-8.127,-0.165,0.678,98.401
68.220,-11.982,-0.143,0.678,98.555
68.240,-15.668,-0.126,0.678,98.659
68.260,-19.143,-0.099,0.678,98.710
68.280,-22.301,-0.070,0.678,98.704
68.300,-25.166,-0.034,0.678,98.643
68.320,-27.615,-0.000,0.678,98.530
68.340,-29.713,0.034,0.678,98.374
68.360,-31.359,0.074,0.678,98.185
68.380,-32.502,0.111,0.678,97.974
68.400,-33.193,0.157,0.678,97.754
68.420,-33.410,0.193,0.678,97.539
68.440,-33.164,0.239,0.678,97.343
68.460,-32.432,0.272,0.678,97.177
68.480,-31.201,0.309,0.678,97.054
68.500,-29.502,0.343,0.678,96.979
68.520,-27.387,0.374,0.678,96.960
68.540,-24.885,0.407,0.678,96.998
68.560,-21.990,0.430,0.678,97.092
68.580,-18.768,0.450,0.678,97.238
68.600,-15.275,0.466,0.678,97.425
68.620,-11.590,0.477,0.678,97.647
68.640,-7.687,0.486,0.678,97.889
68.660,-3.674,0.487,0.678,98.139
68.680,0.381,0.485,0.678,98.383
68.700,4.412,0.476,0.678,98.609
68.720,8.396,0.461,0.678,98.802
68.740,12.264,0.446,0.678,98.952
68.760,15.967,0.424,0.678,99.051
68.780,19.418,0.394,0.678,99.094
68.800,22.600,0.367,0.678,99.079
68.820,25.477,0.332,0.678,99.006
68.840,27.949,0.302,0.678,98.881
68.860,30.029,0.262,0.678,98.712
68.880,31.664,0.227,0.678,98.507
68.900,32.854,0.182,0.678,98.280
68.920,33.557,0.141,0.678,98.041
68.940,33.785,0.103,0.678,97.806
68.960,33.539,0.061,0.678,97.589
68.980,32.801,0.025,0.678,97.401
69.000,31.600,-0.012,0.678,97.254
69.020,29.906,-0.050,0.678,97.154
69.040,27.850,-0.077,0.678,97.110
69.060,25.342,-0.103,0.678,97.121
69.080,22.465,-0.128,0.678,97.186
69.100,19.271,-0.146,0.678,97.306
69.120,15.809,-0.167,0.678,97.464
69.140,12.100,-0.174,0.678,97.660
69.160,8.250,-0.184,0.678,97.873
69.180,4.266,-0.182,0.678,98.098
69.200,0.205,-0.181,0.678,98.316
69.220,-3.838,-0.171,0.678,98.516
69.240,-7.828,-0.161,0.678,98.681
69.260,-11.701,-0.145,0.678,98.810
69.280,-15.404,-0.120,0.678,98.887
69.300,-18.879,-0.099,0.678,98.911
69.320,-22.078,-0.065,0.678,98.877
69.340,-24.967,-0.035,0.678,98.788
69.360,-27.463,0.004,0.678,98.647
69.380,-29.578,0.035,0.678,98.463
69.400,-31.289,0.078,0.678,98.243
69.420,-32.484,0.110,0.678,98.002
69.440,-33.211,0.159,0.678,97.750
69.460,-33.428,0.194,0.678,97.504
69.480,-33.229,0.240,0.678,97.274
69.500,-32.555,0.277,0.677,97.075
69.520,-31.354,0.312,0.677,96.919
69.540,-29.695,0.350,0.677,96.809
69.560,-27.586,0.372,0.677,96.759
69.580,-25.125,0.414,0.677,96.759
69.600,-22.254,0.427,0.677,96.825
69.620,-19.049,0.457,0.677,96.937
69.640,-15.604,0.470,0.677,97.099
69.660,-11.900,0.483,0.677,97.297
69.680,-8.010,0.489,0.677,97.517
69.700,-4.008,0.493,0.679,97.749
69.720,0.041,0.485,0.679,97.976
69.740,4.096,0.481,0.679,98.189
69.760,8.074,0.464,0.679,98.372
69.780,11.959,0.449,0.679,98.516
69.800,15.691,0.426,0.679,98.613
69.820,19.154,0.404,0.679,98.654
69.840,22.354,0.373,0.679,98.641
69.860,25.266,0.340,0.679,98.574
69.880,27.762,0.304,0.679,98.454
69.900,29.871,0.266,0.679,98.293
69.920,31.541,0.230,0.679,98.096
69.940,32.771,0.190,0.679,97.877
69.960,33.521,0.146,0.679,97.648
69.980,33.785,0.107,0.679,97.423
70.000,33.580,0.066,0.679,97.216
70.020,32.889,0.029,0.679,97.039
70.040,31.717,-0.010,0.679,96.903
70.060,30.064,-0.042,0.679,96.819
70.080,28.031,-0.077,0.679,96.788
70.100,25.564,-0.101,0.679,96.817
70.120,22.711,-0.125,0.679,96.902
70.140,19.559,-0.148,0.679,97.040
70.160,16.102,-0.166,0.679,97.223
70.180,12.410,-0.172,0.679,97.445
70.200,8.584,-0.184,0.679,97.686
70.220,4.600,-0.183,0.679,97.941
70.240,0.568,-0.185,0.679,98.188
70.260,-3.492,-0.173,0.679,98.421
70.280,-7.488,-0.162,0.679,98.620
70.300,-11.379,-0.146,0.679,98.783
70.320,-15.082,-0.125,0.679,98.894
70.340,-18.580,-0.104,0.679,98.951
70.360,-21.838,-0.074,0.679,98.952
70.380,-24.715,-0.042,0.679,98.896
70.400,-27.240,-0.004,0.679,98.787
70.420,-29.396,0.030,0.679,98.631
70.440,-31.107,0.068,0.679,98.440
70.460,-32.350,0.109,0.679,98.224
70.480,-33.123,0.145,0.679,97.997
70.500,-33.393,0.185,0.679,97.772
70.520,-33.240,0.229,0.679,97.562
70.540,-32.572,0.265,0.679,97.381
70.560,-31.447,0.302,0.679,97.239
70.580,-29.807,0.340,0.679,97.143
70.600,-27.756,0.369,0.679,97.103
70.620,-25.301,0.398,0.679,97.118
70.640,-22.471,0.426,0.679,97.187
70.660,-19.307,0.446,0.679,97.310
70.680,-15.867,0.464,0.679,97.473
70.700,-12.199,0.476,0.679,97.673
70.720,-8.332,0.488,0.679,97.893
70.740,-4.330,0.483,0.679,98.128
70.760,-0.275,0.488,0.679,98.353
70.780,3.779,0.471,0.679,98.566
70.800,7.775,0.464,0.679,98.743
70.820,11.654,0.443,0.679,98.883
70.840,15.387,0.427,0.679,98.971
70.860,18.885,0.400,0.679,99.006
70.880,22.113,0.373,0.679,98.982
70.900,25.055,0.339,0.679,98.902
70.920,27.568,0.308,0.679,98.770
70.940,29.713,0.264,0.679,98.591
70.960,31.430,0.230,0.679,98.376
70.980,32.689,0.188,0.679,98.136
71.000,33.480,0.149,0.679,97.884
71.020,33.779,0.108,0.679,97.634
71.040,33.621,0.066,0.679,97.399
71.060,32.959,0.033,0.678,97.192
71.080,31.822,-0.013,0.678,97.023
71.100,30.229,-0.040,0.678,96.904
71.120,28.219,-0.079,0.678,96.839
71.140,25.770,-0.099,0.678,96.832
71.160,22.951,-0.133,0.678,96.879
71.180,19.811,-0.145,0.678,96.982
71.200,16.389,-0.166,0.678,97.127
71.220,12.715,-0.173,0.678,97.312
71.240,8.889,-0.187,0.680,97.519
71.260,4.916,-0.184,0.680,97.741
71.280,0.885,-0.184,0.680,97.958
71.300,-3.187,-0.173,0.680,98.161
71.320,-7.184,-0.166,0.680,98.335
71.340,-11.104,-0.150,0.680,98.472
71.360,-14.824,-0.124,0.680,98.561
71.380,-18.322,-0.104,0.680,98.596
71.400,-21.604,-0.071,0.680,98.577
71.420,-24.521,-0.046,0.680,98.502
71.440,-27.117,-0.004,0.680,98.377
71.460,-29.273,0.028,0.680,98.206
71.480,-31.025,0.069,0.680,98.000
71.500,-32.303,0.105,0.680,97.770
71.520,-33.111,0.145,0.680,97.529
71.540,-33.439,0.184,0.680,97.291
71.560,-33.299,0.232,0.680,97.068
71.580,-32.678,0.265,0.680,96.876
71.600,-31.582,0.308,0.680,96.723
71.620,-29.977,0.337,0.680,96.619
71.640,-27.979,0.377,0.680,96.569
71.660,-25.553,0.402,0.680,96.580
71.680,-22.746,0.426,0.680,96.647
71.700,-19.582,0.447,0.680,96.769
71.720,-16.160,0.465,0.680,96.936
71.740,-12.521,0.477,0.680,97.144
71.760,-8.660,0.489,0.680,97.375
71.780,-4.676,0.485,0.680,97.622
71.800,-0.627,0.489,0.680,97.865
71.820,3.445,0.480,0.680,98.096
71.840,7.441,0.472,0.680,98.300
71.860,11.338,0.452,0.680,98.465
71.880,15.100,0.431,0.680,98.584
71.900,18.615,0.407,0.680,98.647
71.920,21.855,0.378,0.680,98.655
71.940,24.820,0.346,0.680,98.605
71.960,27.381,0.311,0.680,98.504
71.980,29.549,0.270,0.680,98.357
72.000,31.301,0.238,0.680,98.173
72.020,32.602,0.196,0.680,97.963
72.040,33.434,0.159,0.680,97.741
72.060,33.773,0.114,0.680,97.520
72.080,33.650,0.074,0.680,97.135
72.100,33.023,0.037,0.680,97.135
72.120,31.928,-0.002,0.680,96.995
72.140,30.375,-0.034,0.680,96.901
72.160,28.395,-0.070,0.680,96.864
72.180,25.975,-0.094,0.680,96.881
72.200,23.191,-0.122,0.680,96.956
72.220,20.080,-0.139,0.680,97.084
72.240,16.693,-0.159,0.680,97.256
72.260,13.025,-0.169,0.680,97.466
72.280,9.205,-0.180,0.680,97.699
72.300,5.262,-0.180,0.680,97.943
72.320,1.213,-0.184,0.680,98.185
72.340,-2.836,-0.167,0.680,98.412
72.360,-6.838,-0.165,0.680,98.606
72.380,-10.787,-0.145,0.680,98.764
72.400,-14.508,-0.127,0.680,98.873
72.420,-18.047,-0.104,0.680,98.928
72.440,-21.316,-0.075,0.680,98.925
72.460,-24.264,-0.047,0.680,98.864
72.480,-26.877,-0.007,0.680,98.751
72.500,-29.086,0.025,0.680,98.589
72.520,-30.891,0.065,0.680,98.390
72.540,-32.191,0.101,0.680,98.163
72.560,-33.035,0.141,0.680,97.923
72.580,-33.398,0.182,0.680,97.682
72.600,-33.311,0.224,0.680,97.454
72.620,-32.736,0.262,0.680,97.253
72.640,-31.676,0.297,0.680,97.089
72.660,-30.094,0.334,0.680,96.971
72.680,-28.125,0.370,0.680,96.906
72.700,-25.729,0.394,0.680,96.897
72.720,-22.975,0.421,0.680,96.943
72.740,-19.846,0.446,0.680,97.043
72.760,-16.430,0.462,0.680,97.188
72.780,-12.797,0.474,0.680,97.372
72.800,-8.947,0.480,0.680,97.578
72.820,-4.986,0.487,0.680,97.799
72.840,-0.920,0.486,0.680,98.017
72.860,3.135,0.476,0.680,98.223
72.880,7.137,0.468,0.680,98.400
72.900,11.045,0.445,0.680,98.540
72.920,14.807,0.431,0.680,98.632
72.940,18.340,0.404,0.680,98.672
72.960,21.604,0.375,0.680,98.655
72.980,24.604,0.344,0.680,98.581
73.000,27.182,0.310,0.680,98.455
73.020,29.396,0.270,0.680,98.283
73.040,31.172,0.236,0.680,98.073
73.060,32.525,0.191,0.680,97.837
73.080,33.381,0.155,0.680,97.589
73.100,33.779,0.112,0.680,97.340
73.120,33.680,0.074,0.680,97.106
73.140,33.094,0.034,0.680,96.897
73.160,32.021,-0.007,0.680,96.729
73.180,30.516,-0.035,0.680,96.608
73.200,28.564,-0.075,0.680,96.540
73.220,26.203,-0.093,0.680,96.533
73.240,23.437,-0.132,0.680,96.580
73.260,20.338,-0.140,0.680,96.687
73.280,16.969,-0.168,0.680,96.837
73.300,13.324,-0.171,0.680,97.033
73.320,9.516,-0.186,0.680,97.249
73.340,5.566,-0.184,0.680,97.486
73.360,1.547,-0.187,0.680,97.718
73.380,-2.502,-0.177,0.680,97.942
73.400,-6.521,-0.166,0.680,98.137
73.420,-10.459,-0.153,0.680,98.298
73.440,-14.203,-0.131,0.680,98.413
73.460,-17.771,-0.113,0.680,98.476
73.480,-21.070,-0.079,0.680,98.486
73.500,-24.053,-0.054,0.680,98.438
73.520,-26.672,-0.011,0.680,98.339
73.540,-28.922,0.016,0.680,98.192
73.560,-30.768,0.061,0.680,98.009
73.580,-32.109,0.097,0.680,97.799
73.600,-33.000,0.138,0.680,97.576
73.620,-33.381,0.179,0.680,97.353
73.640,-33.322,0.218,0.680,97.144
73.660,-32.812,0.257,0.680,96.962
73.680,-31.775,0.294,0.680,96.817
73.700,-30.258,0.330,0.680,96.721
73.720,-28.312,0.365,0.680,96.677
73.740,-25.957,0.391,0.680,96.695
73.760,-23.215,0.420,0.680,96.765
73.780,-20.104,0.440,0.680,96.893
73.800,-16.734,0.462,0.680,97.066
73.820,-13.113,0.472,0.680,97.282
73.840,-9.275,0.483,0.680,97.521
73.860,-5.326,0.486,0.680,97.777
73.880,-1.266,0.488,0.680,98.030
73.900,2.795,0.479,0.680,98.274
73.920,6.797,0.469,0.680,98.489
73.940,10.717,0.453,0.680,98.665
73.960,14.502,0.434,0.680,98.795
73.980,18.064,0.406,0.680,98.870
74.000,21.352,0.384,0.680,98.888
74.020,24.369,0.348,0.680,98.849
74.040,26.988,0.315,0.680,98.755
74.060,29.238,0.280,0.680,98.612
74.080,31.049,0.240,0.680,98.431
74.100,32.432,0.199,0.680,98.221
74.120,33.340,0.161,0.680,97.996
74.140,33.756,0.118,0.680,97.768
74.160,33.697,0.080,0.680,97.552
74.180,33.158,0.042,0.680,97.361
74.200,32.133,0.005,0.680,97.206
74.220,30.645,-0.028,0.680,97.097
74.240,28.740,-0.070,0.680,97.039
74.260,26.414,-0.087,0.680,97.039
74.280,23.666,-0.125,0.680,97.090
74.300,20.596,-0.133,0.680,97.200
74.320,17.250,-0.161,0.680,97.350
74.340,13.629,-0.168,0.680,97.544
74.360,9.820,-0.182,0.680,97.757
74.380,5.877,-0.183,0.680,97.989
74.400,1.857,-0.180,0.680,98.219
74.420,-2.203,-0.176,0.680,98.435
74.440,-6.217,-0.165,0.680,98.624
74.460,-10.160,-0.152,0.680,98.775
74.480,-13.928,-0.125,0.680,98.879
74.500,-17.502,-0.106,0.680,98.928
74.520,-20.836,-0.076,0.680,98.921
74.540,-23.854,-0.050,0.680,98.856
74.560,-26.496,-0.010,0.680,98.737
74.580,-28.781,0.020,0.680,98.570
74.600,-30.633,0.063,0.680,98.365
74.620,-32.027,0.098,0.680,98.131
74.640,-32.977,0.137,0.680,97.882
74.660,-33.381,0.180,0.680,97.631
74.680,-33.357,0.221,0.680,97.392
74.700,-32.854,0.261,0.677,97.178
74.720,-31.863,0.298,0.677,97.000
74.740,-30.410,0.333,0.677,96.869
74.760,-28.482,0.368,0.677,96.790
74.780,-26.145,0.393,0.677,96.769
74.800,-23.449,0.423,0.677,96.802
74.820,-20.367,0.441,0.677,96.893
74.840,-17.004,0.468,0.677,97.028
74.860,-13.395,0.475,0.677,97.210
74.880,-9.592,0.484,0.677,97.415
74.900,-5.619,0.491,0.678,97.639
74.920,-1.576,0.488,0.678,97.862
74.940,2.479,0.481,0.678,98.077
74.960,6.498,0.472,0.678,98.266
74.980,10.418,0.449,0.678,98.421
75.000,14.209,0.434,0.678,98.529
75.020,17.795,0.411,0.678,98.587
75.040,21.105,0.385,0.678,98.591
75.060,24.158,0.348,0.678,98.538
75.080,26.795,0.319,0.678,98.432
75.100,29.080,0.278,0.678,98.281
75.120,30.926,0.241,0.678,98.090
75.140,32.344,0.203,0.678,97.873
75.160,33.281,0.158,0.678,97.641
75.180,33.732,0.120,0.678,97.407
75.200,33.715,0.078,0.678,97.186
75.220,33.217,0.044,0.678,96.991
75.240,32.238,0.003,0.678,96.833
75.260,30.779,-0.028,0.678,96.723
75.280,28.893,-0.069,0.678,96.665
75.300,26.619,-0.091,0.678,96.667
75.320,23.895,-0.125,0.678,96.727
75.340,20.871,-0.140,0.678,96.844
75.360,17.543,-0.163,0.678,97.008
75.380,13.922,-0.175,0.678,97.214
75.400,10.143,-0.186,0.678,97.451
75.420,6.229,-0.183,0.678,97.705
75.440,2.215,-0.189,0.680,97.957
75.460,-1.852,-0.179,0.680,98.203
75.480,-5.865,-0.174,0.680,98.420
75.500,-9.838,-0.152,0.680,98.605
75.520,-13.611,-0.138,0.680,98.742
75.540,-17.191,-0.113,0.680,98.828
75.560,-20.549,-0.089,0.680,98.858
75.580,-23.596,-0.056,0.680,98.832
75.600,-26.262,-0.019,0.680,98.750
75.620,-28.576,0.009,0.680,98.621
75.640,-30.480,0.056,0.680,98.452
75.660,-31.898,0.082,0.680,98.254
75.680,-32.895,0.137,0.680,98.040
75.700,-33.328,0.166,0.680,97.822
75.720,-33.357,0.217,0.680,97.615
75.740,-32.900,0.246,0.680,97.434
75.760,-31.939,0.291,0.680,97.285
75.780,-30.533,0.320,0.680,97.184
75.800,-28.623,0.362,0.680,97.130
75.820,-26.350,0.385,0.680,97.139
75.840,-23.666,0.418,0.680,97.198
75.860,-20.613,0.433,0.680,97.317
75.880,-17.279,0.460,0.680,97.475
75.900,-13.711,0.470,0.680,97.680
75.920,-9.908,0.480,0.680,97.907
75.940,-5.953,0.483,0.680,98.151
75.960,-1.910,0.485,0.680,98.394
75.980,2.133,0.481,0.680,98.626
76.000,6.176,0.468,0.680,98.834
76.020,10.102,0.457,0.680,99.002
76.040,13.916,0.431,0.680,99.128
76.060,17.508,0.414,0.680,99.194
76.080,20.830,0.379,0.680,99.208
76.100,23.918,0.356,0.680,99.159
76.120,26.590,0.321,0.680,99.059
76.140,28.893,0.285,0.680,98.907
76.160,30.791,0.244,0.680,98.714
76.180,32.244,0.208,0.680,98.491
76.200,33.211,0.161,0.680,98.250
76.220,33.727,0.129,0.680,98.005
76.240,33.732,0.081,0.680,97.768
76.260,33.275,0.046,0.680,97.554
76.280,32.332,0.008,0.680,97.375
76.300,30.920,-0.029,0.680,97.240
76.320,29.068,-0.061,0.680,97.155
76.340,26.807,-0.091,0.680,97.127
76.360,24.123,-0.115,0.680,97.154
76.380,21.105,-0.138,0.680,97.235
76.400,17.812,-0.157,0.680,97.363
76.420,14.215,-0.170,0.680,97.532
76.440,10.447,-0.174,0.680,97.728
76.460,6.516,-0.183,0.680,97.940
76.480,2.496,-0.181,0.680,98.155
76.500,-1.553,-0.180,0.680,98.359
76.520,-5.578,-0.166,0.680,98.540
76.540,-9.545,-0.157,0.680,98.684
76.560,-13.348,-0.133,0.680,98.785
76.580,-16.945,-0.110,0.680,98.834
76.600,-20.314,-0.083,0.680,98.826
76.620,-23.396,-0.052,0.680,98.763
76.640,-26.104,-0.019,0.680,98.645
76.660,-28.453,0.017,0.680,98.480
76.680,-30.393,0.053,0.680,98.274
76.700,-31.846,0.090,0.680,98.040
76.720,-32.854,0.134,0.680,97.788
76.740,-33.334,0.173,0.680,97.534
76.760,-33.422,0.215,0.680,97.290
76.780,-33.000,0.255,0.680,97.069
76.800,-32.080,0.288,0.680,96.884
76.820,-30.680,0.330,0.680,96.745
76.840,-28.822,0.360,0.680,96.658
76.860,-26.572,0.391,0.680,96.631
76.880,-23.918,0.418,0.680,96.657
76.900,-20.889,0.437,0.680,96.743
76.920,-17.555,0.463,0.680,96.875
76.940,-14.027,0.470,0.680,97.055
76.960,-10.225,0.489,0.680,97.261
76.980,-6.287,0.488,0.680,97.490
77.000,-2.250,0.492,0.681,97.723
77.020,1.828,0.485,0.681,97.948
77.040,5.848,0.472,0.681,98.152
77.060,9.768,0.459,0.681,98.319
77.080,13.605,0.440,0.681,98.445
77.100,17.238,0.414,0.681,98.520
77.120,20.590,0.389,0.681,98.540
77.140,23.672,0.357,0.681,98.505
77.160,26.402,0.327,0.681,98.417
77.180,28.723,0.290,0.681,98.280
77.200,30.645,0.252,0.681,98.105
77.220,32.145,0.211,0.681,97.899
77.240,33.152,0.170,0.681,97.677
77.260,33.703,0.131,0.681,97.451
77.280,33.744,0.090,0.681,97.235
77.300,33.334,0.051,0.681,97.043
77.320,32.426,0.016,0.681,96.886
77.340,31.049,-0.023,0.681,96.774
77.360,29.244,-0.060,0.681,96.714
77.380,27.018,-0.087,0.681,96.714
77.400,24.363,-0.113,0.681,96.769
77.420,21.363,-0.133,0.681,96.884
77.440,18.094,-0.158,0.681,97.044
77.460,14.508,-0.166,0.681,97.248
77.480,10.764,-0.182,0.681,97.482
77.500,6.867,-0.183,0.681,97.735
77.520,2.842,-0.184,0.681,97.989
77.540,-1.195,-0.182,0.681,98.236
77.560,-5.227,-0.170,0.681,98.457
77.580,-9.193,-0.158,0.681,98.645
77.600,-13.031,-0.140,0.681,98.788
77.620,-16.646,-0.118,0.681,98.880
77.640,-20.033,-0.091,0.681,98.914
77.660,-23.145,-0.060,0.681,98.813
77.680,-25.840,-0.024,0.681,98.813
77.700,-28.254,0.010,0.681,98.684
77.720,-30.211,0.046,0.681,98.513
77.740,-31.740,0.081,0.681,98.310
77.760,-32.766,0.126,0.681,98.089
77.780,-33.299,0.163,0.681,97.861
77.800,-33.410,0.207,0.681,97.641
77.820,-33.000,0.242,0.681,97.443
77.840,-32.139,0.282,0.681,97.276
77.860,-30.797,0.316,0.681,97.155
77.880,-28.963,0.352,0.681,97.080
77.900,-26.730,0.383,0.681,97.102
77.920,-24.111,0.413,0.681,97.102
77.940,-21.123,0.432,0.681,97.336
77.960,-17.830,0.453,0.681,97.336
77.980,-14.297,0.468,0.681,97.518
78.000,-10.518,0.479,0.681,97.726
78.020,-6.586,0.484,0.681,97.954
78.040,-2.566,0.487,0.681,98.184
78.060,1.488,0.477,0.681,98.407
78.080,5.543,0.472,0.681,98.601
78.100,9.480,0.454,0.681,98.764
78.120,13.318,0.435,0.681,98.880
78.140,16.951,0.418,0.681,98.944
78.160,20.326,0.385,0.681,98.953
78.180,23.443,0.355,0.681,98.902
78.200,26.197,0.321,0.681,98.798
78.220,28.553,0.286,0.681,98.641
78.240,30.510,0.249,0.681,98.444
78.260,32.039,0.209,0.681,98.214
78.280,33.088,0.168,0.681,97.966
78.300,33.674,0.132,0.681,97.711
78.320,33.768,0.088,0.681,97.464
78.340,33.387,0.048,0.681,97.238
78.360,32.508,0.013,0.681,97.045
78.380,31.172,-0.022,0.681,96.896
78.400,29.396,-0.058,0.681,96.797
78.420,27.205,-0.086,0.681,96.756
78.440,24.592,-0.113,0.681,96.769
78.460,21.621,-0.137,0.681,96.840
78.480,18.357,-0.158,0.681,96.960
78.500,14.818,-0.170,0.681,97.123
78.520,11.074,-0.180,0.681,97.317
78.540,7.172,-0.182,0.681,97.531
78.560,3.164,-0.185,0.681,97.750
78.580,-0.891,-0.182,0.681,97.962
78.600,-4.934,-0.171,0.681,98.155
78.620,-8.900,-0.161,0.681,98.313
78.640,-12.732,-0.141,0.681,98.432
78.660,-16.365,-0.121,0.681,98.497
78.680,-19.793,-0.088,0.681,98.512
78.700,-22.922,-0.062,0.681,98.469
78.720,-25.687,-0.025,0.681,98.373
78.740,-28.078,0.009,0.681,98.227
78.760,-30.076,0.041,0.681,98.041
78.780,-31.641,0.085,0.681,97.824
78.800,-32.736,0.123,0.681,97.589
78.820,-33.305,0.161,0.681,97.117
78.840,-33.422,0.203,0.681,97.117
78.860,-33.082,0.243,0.681,96.907
78.880,-32.268,0.283,0.681,96.732
78.900,-30.961,0.316,0.681,96.602
78.920,-29.162,0.356,0.681,96.522
78.940,-26.959,0.382,0.681,96.502
78.960,-24.375,0.414,0.681,96.538
78.980,-21.416,0.432,0.681,96.634
79.000,-18.146,0.456,0.681,96.966
79.020,-14.637,0.468,0.681,96.966
79.040,-10.863,0.483,0.681,97.188
79.060,-6.932,0.484,0.681,97.431
79.080,-2.912,0.493,0.682,97.681
79.100,1.154,0.482,0.682,97.925
79.120,5.186,0.478,0.682,98.149
79.140,9.129,0.461,0.682,98.341
79.160,13.014,0.442,0.682,98.586
79.180,16.658,0.422,0.682,98.586
79.200,20.057,0.394,0.682,98.613
79.220,23.191,0.364,0.682,98.613
79.240,25.998,0.336,0.682,98.543
79.260,28.383,0.294,0.682,98.425
79.280,30.369,0.260,0.682,98.263
79.300,31.928,0.216,0.682,98.068
79.320,33.018,0.179,0.682,97.854
79.340,33.639,0.140,0.682,97.633
79.360,33.779,0.097,0.682,97.418
79.380,33.434,0.058,0.682,97.223
79.400,32.596,0.017,0.682,97.062
79.420,31.312,-0.017,0.682,96.944
79.440,29.549,-0.050,0.682,96.875
79.460,27.398,-0.080,0.682,96.863
79.480,24.803,-0.110,0.682,96.905
79.500,21.873,-0.132,0.682,97.006
79.520,18.633,-0.151,0.682,97.153
79.540,15.100,-0.166,0.682,97.345
79.560,11.385,-0.174,0.682,97.566
79.580,7.477,-0.180,0.682,97.807
79.600,3.492,-0.184,0.682,98.052
79.620,-0.557,-0.176,0.682,98.289
79.640,-4.600,-0.166,0.682,98.503
79.660,-8.590,-0.158,0.682,98.682
79.680,-12.445,-0.133,0.682,98.819
79.700,-16.084,-0.116,0.682,98.902
79.720,-19.523,-0.089,0.682,98.930
79.740,-22.682,-0.061,0.682,98.900
79.760,-25.465,-0.036,0.682,98.815
79.780,-27.896,0.015,0.682,98.497
79.800,-29.930,0.034,0.682,98.497
79.820,-31.523,0.092,0.682,98.284
79.840,-32.619,0.112,0.682,98.047
79.860,-33.275,0.173,0.682,97.566
79.880,-33.428,0.192,0.682,97.566
79.900,-33.094,0.252,0.682,97.345
79.920,-32.320,0.272,0.682,97.159
79.940,-31.043,0.320,0.682,97.012
79.960,-29.285,0.348,0.682,96.916
79.980,-27.141,0.386,0.682,96.874
80.000,-24.574,0.404,0.682,96.889
80.020,-21.639,0.432,0.682,96.957
80.040,-18.375,0.451,0.682,97.076
80.060,-14.895,0.470,0.682,97.238
80.080,-11.133,0.474,0.682,97.433
80.100,-7.219,0.487,0.682,97.645
80.120,-3.217,0.489,0.682,97.868
80.140,0.838,0.479,0.682,98.085
80.160,4.881,0.475,0.682,98.279
80.180,8.842,0.456,0.682,98.443
80.200,12.703,0.439,0.682,98.563
80.220,16.377,0.419,0.682,98.634
80.240,19.805,0.390,0.682,98.651
80.260,22.963,0.365,0.682,98.610
80.280,25.787,0.327,0.682,98.515
80.300,28.201,0.297,0.682,98.369
80.320,30.240,0.257,0.682,98.183
80.340,31.828,0.219,0.682,97.963
80.360,32.947,0.176,0.682,97.723
80.380,33.615,0.137,0.682,97.476
80.400,33.791,0.097,0.682,97.235
80.420,33.492,0.056,0.682,97.014
80.440,32.678,0.018,0.678,96.825
80.460,31.430,-0.018,0.678,96.680
80.480,29.701,-0.052,0.678,96.587
80.500,27.592,-0.084,0.678,96.550
80.520,25.031,-0.109,0.678,96.572
80.540,22.125,-0.135,0.678,96.650
80.560,18.914,-0.148,0.678,96.781
80.580,15.404,-0.171,0.678,96.955
80.600,11.689,-0.176,0.678,97.166
80.620,7.816,-0.185,0.678,97.398
80.640,3.826,-0.187,0.680,97.639
80.660,-0.205,-0.183,0.680,97.876
80.680,-4.254,-0.178,0.680,98.093
80.700,-8.238,-0.162,0.680,98.281
80.720,-12.111,-0.145,0.680,98.429
80.740,-15.785,-0.122,0.680,98.527
80.760,-19.236,-0.097,0.680,98.569
80.780,-22.406,-0.069,0.680,98.556
80.800,-25.230,-0.036,0.680,98.488
80.820,-27.709,-0.004,0.680,98.371
80.840,-29.777,0.036,0.680,98.211
80.860,-31.406,0.071,0.680,98.017
80.880,-32.561,0.116,0.680,97.803
80.900,-33.229,0.150,0.680,97.580
80.920,-33.428,0.199,0.680,97.364
80.940,-33.170,0.231,0.680,97.167
80.960,-32.426,0.272,0.680,97.000
80.980,-31.178,0.314,0.680,96.876
81.000,-29.467,0.343,0.680,96.803
81.020,-27.311,0.380,0.680,96.785
81.040,-24.820,0.403,0.680,96.826
81.060,-21.920,0.435,0.680,96.922
81.080,-18.656,0.450,0.680,97.072
81.100,-15.182,0.468,0.680,97.263
81.120,-11.473,0.477,0.680,97.486
81.140,-7.582,0.485,0.680,97.732
81.160,-3.557,0.485,0.680,97.985
81.180,0.510,0.481,0.680,98.232
81.200,4.547,0.480,0.680,98.460
81.220,8.531,0.458,0.680,98.657
81.240,12.381,0.447,0.680,98.810
81.260,16.084,0.422,0.680,98.912
81.280,19.535,0.398,0.680,98.958
81.300,22.699,0.368,0.680,98.945
81.320,25.570,0.332,0.680,98.875
81.340,28.014,0.298,0.680,98.754
81.360,30.094,0.261,0.680,98.588
81.380,31.711,0.223,0.680,98.387
81.400,32.889,0.180,0.680,98.163
81.420,33.580,0.142,0.680,97.929
81.440,33.785,0.099,0.680,97.487
81.460,33.527,0.062,0.680,97.303
81.480,32.748,0.025,0.680,97.303
81.500,31.547,-0.013,0.680,97.162
81.520,29.836,-0.050,0.680,97.068
81.540,27.791,-0.075,0.680,97.031
81.560,25.242,-0.104,0.680,97.046
81.580,22.365,-0.128,0.680,97.118
81.600,19.178,-0.145,0.680,97.240
81.620,15.691,-0.165,0.680,97.404
81.640,11.982,-0.170,0.680,97.601
81.660,8.115,-0.183,0.680,97.820
81.680,4.131,-0.179,0.680,98.047
81.700,0.094,-0.179,0.680,98.266
81.720,-3.955,-0.170,0.680,98.467
81.740,-7.951,-0.154,0.680,98.636
81.760,-11.824,-0.142,0.680,98.761
81.780,-15.527,-0.118,0.680,98.839
81.800,-18.996,-0.095,0.680,98.860
81.820,-22.178,-0.065,0.680,98.827
81.840,-25.043,-0.033,0.680,98.735
81.860,-27.539,0.002,0.680,98.594
81.880,-29.643,0.042,0.680,98.407
81.900,-31.324,0.074,0.680,98.185
81.920,-32.496,0.116,0.680,97.942
81.940,-33.205,0.157,0.680,97.689
81.960,-33.422,0.196,0.680,97.440
81.980,-33.205,0.238,0.680,97.210
82.000,-32.508,0.273,0.680,97.010
82.020,-31.301,0.312,0.680,96.850
82.040,-29.619,0.348,0.680,96.741
82.060,-27.492,0.376,0.680,96.688
82.080,-25.020,0.406,0.680,96.691
82.100,-22.143,0.429,0.680,96.752
82.120,-18.926,0.454,0.680,96.864
82.140,-15.475,0.469,0.680,97.022
82.160,-11.754,0.481,0.680,97.215
82.180,-7.887,0.489,0.680,97.434
82.200,-3.879,0.489,0.680,97.662
82.220,0.176,0.485,0.680,97.885
82.240,4.225,0.480,0.680,98.093
82.260,8.215,0.464,0.680,98.270
82.280,12.088,0.448,0.680,98.409
82.300,15.797,0.423,0.680,98.500
82.320,19.260,0.401,0.680,98.536
82.340,22.465,0.368,0.680,98.521
82.360,25.354,0.336,0.680,98.445
82.380,27.832,0.302,0.680,98.155
82.400,29.930,0.265,0.680,98.155
82.420,31.594,0.228,0.680,97.956
82.440,32.818,0.187,0.680,97.733
82.460,33.539,0.145,0.680,97.501
82.480,33.791,0.104,0.680,97.275
82.500,33.562,0.062,0.680,97.066
82.520,32.824,0.027,0.680,96.890
82.540,31.664,-0.011,0.680,96.753
82.560,30.012,-0.047,0.680,96.670
82.580,27.961,-0.079,0.680,96.640
82.600,25.477,-0.106,0.680,96.670
82.620,22.605,-0.129,0.680,96.757
82.640,19.459,-0.148,0.680,96.898
82.660,15.990,-0.169,0.680,97.081
82.680,12.293,-0.175,0.680,97.305
82.700,8.437,-0.188,0.682,97.551
82.720,4.465,-0.185,0.682,97.807
82.740,0.428,-0.183,0.682,98.060
82.760,-3.615,-0.175,0.682,98.497
82.780,-7.623,-0.164,0.682,98.497
82.800,-11.496,-0.149,0.682,98.778
82.820,-15.223,-0.125,0.682,98.778
82.840,-18.697,-0.104,0.682,98.839
82.860,-21.926,-0.070,0.682,98.843
82.880,-24.803,-0.043,0.682,98.791
82.900,-27.316,-0.006,0.682,98.687
82.920,-29.473,0.028,0.682,98.538
82.940,-31.166,0.070,0.682,98.353
82.960,-32.396,0.107,0.682,98.144
82.980,-33.146,0.150,0.682,97.924
83.000,-33.410,0.185,0.682,97.708
83.020,-33.217,0.233,0.682,97.506
83.040,-32.531,0.265,0.682,97.335
83.060,-31.395,0.303,0.682,97.202
83.080,-29.760,0.339,0.682,97.118
83.100,-27.680,0.371,0.682,97.088
83.120,-25.230,0.402,0.682,97.114
83.140,-22.365,0.423,0.682,97.194
83.160,-19.195,0.450,0.682,97.327
83.180,-15.744,0.461,0.682,97.503
83.200,-12.059,0.478,0.682,97.713
83.220,-8.191,0.484,0.682,97.947
83.240,-4.184,0.484,0.682,98.189
83.260,-0.146,0.485,0.682,98.427
83.280,3.908,0.473,0.682,98.647
83.300,7.910,0.459,0.682,98.834
83.320,11.783,0.447,0.682,98.978
83.340,15.498,0.422,0.682,99.074
83.360,18.990,0.401,0.682,99.114
83.380,22.207,0.367,0.682,99.097
83.400,25.143,0.336,0.682,99.023
83.420,27.645,0.302,0.682,98.894
83.440,29.766,0.264,0.682,98.721
83.460,31.471,0.229,0.682,98.510
83.480,32.736,0.186,0.682,98.275
83.500,33.510,0.145,0.682,98.028
83.520,33.791,0.105,0.682,97.551
83.540,33.598,0.066,0.682,97.551
83.560,32.912,0.032,0.682,97.350
83.580,31.770,-0.012,0.682,97.185
83.600,30.176,-0.042,0.682,97.072
83.620,28.137,-0.077,0.682,97.010
83.640,25.687,-0.102,0.682,97.008
83.660,22.846,-0.129,0.682,97.059
83.680,19.711,-0.145,0.682,97.163
83.700,16.271,-0.164,0.682,97.310
83.720,12.592,-0.173,0.682,97.494
83.740,8.754,-0.183,0.682,97.700
83.760,4.775,-0.182,0.682,97.917
83.780,0.756,-0.183,0.682,98.133
83.800,-3.305,-0.174,0.682,98.331
83.820,-7.324,-0.164,0.682,98.502
83.840,-11.221,-0.145,0.682,98.633
83.860,-14.941,-0.121,0.682,98.715
83.880,-18.445,-0.101,0.682,98.744
83.900,-21.715,-0.067,0.682,98.717
83.920,-24.621,-0.047,0.682,98.634
83.940,-27.176,0.000,0.682,98.502
83.960,-29.350,0.025,0.682,98.323
83.980,-31.072,0.073,0.682,98.110
84.000,-32.373,0.102,0.682,97.873
84.020,-33.152,0.152,0.682,97.625
84.040,-33.434,0.182,0.682,97.380
84.060,-33.275,0.237,0.682,97.151
84.080,-32.654,0.261,0.678,96.953
84.100,-31.553,0.313,0.678,96.794
84.120,-29.924,0.336,0.678,96.686
84.140,-27.896,0.381,0.678,96.630
84.160,-25.477,0.396,0.678,96.637
84.180,-22.652,0.432,0.678,96.695
84.200,-19.512,0.445,0.678,96.814
84.220,-16.061,0.471,0.678,96.973
84.240,-12.398,0.476,0.678,97.177
84.260,-8.531,0.488,0.678,97.400
84.280,-4.541,0.493,0.681,97.641
84.300,-0.492,0.484,0.681,97.881
84.320,3.574,0.478,0.681,98.101
84.340,7.559,0.464,0.681,98.297
84.360,11.449,0.458,0.681,98.453
84.380,15.205,0.424,0.681,98.568
84.400,18.738,0.408,0.681,98.623
84.420,21.961,0.362,0.681,98.627
84.440,24.926,0.342,0.681,98.569
84.460,27.451,0.311,0.681,98.463
84.480,29.625,0.264,0.681,98.313
84.500,31.348,0.233,0.681,98.125
84.520,32.654,0.181,0.681,97.914
84.540,33.457,0.166,0.681,97.691
84.560,33.773,0.095,0.681,97.469
84.580,33.639,0.079,0.681,97.266
84.600,33.000,0.020,0.681,96.953
84.620,31.887,0.007,0.681,96.953
84.640,30.322,-0.054,0.681,96.861
84.660,28.318,-0.058,0.681,96.832
84.680,25.898,-0.118,0.681,96.850
84.700,23.092,-0.104,0.681,96.939
84.720,19.980,-0.168,0.681,97.065
84.740,16.564,-0.139,0.681,97.255
84.760,12.885,-0.199,0.691,97.463
84.780,9.064,-0.160,0.691,97.716
84.800,5.121,-0.201,0.694,97.958
84.820,1.090,-0.165,0.694,98.218
84.840,-2.977,-0.185,0.694,98.445
84.860,-6.973,-0.161,0.694,98.656
84.880,-10.904,-0.146,0.694,98.820
84.900,-14.631,-0.133,0.694,98.938
84.920,-18.158,-0.091,0.694,99.002
84.940,-21.434,-0.093,0.694,99.005
84.960,-24.375,-0.028,0.694,98.959
84.980,-26.965,-0.032,0.694,98.851
85.000,-29.162,0.040,0.694,98.705
85.020,-30.932,0.049,0.694,98.515
85.040,-32.221,0.111,0.694,98.302
85.060,-33.047,0.135,0.694,98.075
85.080,-33.404,0.185,0.694,97.848
85.100,-33.281,0.224,0.694,97.635
85.120,-32.678,0.257,0.694,97.449
85.140,-31.605,0.305,0.694,97.300
85.160,-30.029,0.324,0.694,97.201
85.180,-28.043,0.376,0.694,97.150
85.200,-25.646,0.382,0.694,97.161
85.220,-22.863,0.430,0.694,97.219
85.240,-19.723,0.431,0.694,97.339
85.260,-16.312,0.473,0.694,97.494
85.280,-12.680,0.460,0.694,97.699
85.300,-8.824,0.493,0.694,97.914
85.320,-4.846,0.472,0.694,98.153
85.340,-0.814,0.495,0.696,98.378
85.360,3.270,0.464,0.696,98.598
85.380,7.266,0.477,0.696,98.781
85.400,11.162,0.435,0.696,98.932
85.420,14.936,0.439,0.696,99.027
85.440,18.457,0.394,0.696,99.075
85.460,21.721,0.386,0.696,99.060
85.480,24.697,0.335,0.696,98.994
85.500,27.264,0.318,0.696,98.869
85.520,29.467,0.264,0.696,98.701
85.540,31.219,0.240,0.696,98.492
85.560,32.566,0.190,0.696,98.259
85.580,33.404,0.157,0.696,98.011
85.600,33.768,0.108,0.696,97.764
85.620,33.656,0.074,0.696,97.530
85.640,33.064,0.036,0.696,97.323
85.660,31.998,-0.004,0.696,97.153
85.680,30.457,-0.035,0.696,97.031
85.700,28.488,-0.076,0.696,96.962
85.720,26.104,-0.093,0.696,96.952
85.740,23.338,-0.129,0.696,96.996
85.760,20.227,-0.140,0.696,97.096
85.780,16.857,-0.164,0.696,97.239
85.800,13.213,-0.172,0.696,97.423
85.820,9.398,-0.186,0.696,97.630
85.840,5.437,-0.179,0.696,97.855
85.860,1.418,-0.192,0.696,98.072
85.880,-2.631,-0.171,0.696,98.282
85.900,-6.639,-0.178,0.696,98.460
85.920,-10.588,-0.141,0.696,98.607
85.940,-14.320,-0.141,0.696,98.701
85.960,-17.877,-0.099,0.696,98.747
85.980,-21.164,-0.089,0.696,98.732
86.000,-24.152,-0.041,0.696,98.667
86.020,-26.771,-0.017,0.696,98.545
86.040,-28.998,0.022,0.696,98.380
86.060,-30.820,0.059,0.696,98.177
86.080,-32.156,0.096,0.696,97.948
86.100,-33.012,0.145,0.696,97.706
86.120,-33.375,0.174,0.696,97.464
86.140,-33.328,0.230,0.696,97.236
86.160,-32.789,0.248,0.696,97.037
86.180,-31.746,0.309,0.696,96.872
86.200,-30.199,0.323,0.696,96.761
86.220,-28.219,0.376,0.696,96.698
86.240,-25.852,0.385,0.696,96.700
86.260,-23.109,0.435,0.696,96.750
86.280,-19.992,0.435,0.696,96.866
86.300,-16.594,0.472,0.696,97.018
86.320,-12.979,0.468,0.696,97.220
86.340,-9.152,0.493,0.696,97.439
86.360,-5.174,0.480,0.696,97.682
86.380,-1.131,0.493,0.696,97.917
86.400,2.930,0.473,0.696,98.147
86.420,6.961,0.478,0.696,98.343
86.440,10.846,0.449,0.696,98.508
86.460,14.631,0.438,0.696,98.624
86.480,18.187,0.406,0.696,98.687
86.500,21.457,0.383,0.696,98.696
86.520,24.463,0.347,0.696,98.646
86.540,27.076,0.316,0.696,98.544
86.560,29.303,0.280,0.696,98.395
86.580,31.107,0.240,0.696,98.208
86.600,32.473,0.197,0.696,97.994
86.620,33.352,0.157,0.696,97.765
86.640,33.768,0.120,0.696,97.537
86.660,33.686,0.082,0.696,97.320
86.680,33.141,0.043,0.696,97.130
86.700,32.092,0.002,0.696,96.976
86.720,30.592,-0.029,0.696,96.872
86.740,28.670,-0.067,0.696,96.816
86.760,26.320,-0.087,0.696,96.823
86.780,23.572,-0.120,0.696,96.880
86.800,20.490,-0.136,0.696,96.996
86.820,17.133,-0.160,0.696,97.154
86.840,13.506,-0.167,0.696,97.355
86.860,9.697,-0.180,0.696,97.580
86.880,5.766,-0.181,0.696,97.818
86.900,1.734,-0.184,0.696,98.055
86.920,-2.314,-0.168,0.696,98.279
86.940,-6.340,-0.164,0.696,98.476
86.960,-10.271,-0.142,0.696,98.633
86.980,-14.021,-0.128,0.696,98.743
87.000,-17.590,-0.107,0.696,98.795
87.020,-20.918,-0.078,0.696,98.796
87.040,-23.912,-0.049,0.696,98.740
87.060,-26.549,-0.013,0.696,98.627
87.080,-28.799,0.020,0.696,98.468
87.100,-30.680,0.059,0.696,98.269
87.120,-32.045,0.097,0.696,98.043
87.140,-32.965,0.139,0.696,97.800
87.160,-33.357,0.178,0.696,97.556
87.180,-33.316,0.217,0.696,97.325
87.200,-32.795,0.257,0.696,97.115
87.220,-31.822,0.297,0.696,96.946
87.240,-30.340,0.331,0.696,96.817
87.260,-28.400,0.367,0.696,96.749
87.280,-26.039,0.390,0.696,96.726
87.300,-23.326,0.424,0.696,96.772
87.320,-20.232,0.438,0.696,96.858
87.340,-16.875,0.465,0.696,97.006
87.360,-13.289,0.469,0.696,97.178
87.380,-9.451,0.485,0.696,97.389
87.400,-5.484,0.484,0.696,97.603
87.420,-1.441,0.491,0.696,97.829
87.440,2.607,0.478,0.696,98.039
87.460,6.627,0.474,0.696,98.223
87.480,10.541,0.446,0.696,98.376
87.500,14.338,0.436,0.696,98.471
87.520,17.912,0.403,0.696,98.529
87.540,21.205,0.385,0.696,98.516
87.560,24.240,0.345,0.696,98.463
87.580,26.883,0.320,0.696,98.344
87.600,29.139,0.278,0.696,98.186
87.620,30.973,0.240,0.696,97.986
87.640,32.379,0.194,0.696,97.518
87.660,33.299,0.160,0.696,97.518
87.680,33.750,0.115,0.696,97.275
87.700,33.715,0.079,0.696,97.046
87.720,33.199,0.038,0.696,96.842
87.740,32.186,0.002,0.696,96.674
87.760,30.727,-0.035,0.696,96.557
87.780,28.846,-0.070,0.696,96.489
87.800,26.543,-0.095,0.696,96.485
87.820,23.807,-0.123,0.696,96.532
87.840,20.748,-0.141,0.696,96.644
87.860,17.420,-0.162,0.696,96.793
87.880,13.799,-0.177,0.696,96.996
87.900,10.031,-0.183,0.696,97.218
87.920,6.088,-0.188,0.696,97.467
87.940,2.062,-0.185,0.696,97.708
87.960,-1.969,-0.181,0.696,97.948
87.980,-6.000,-0.172,0.696,98.154
88.000,-9.961,-0.154,0.696,98.335
88.020,-13.711,-0.138,0.696,98.461
88.040,-17.314,-0.110,0.696,98.545
88.060,-20.660,-0.090,0.696,98.565
88.080,-23.672,-0.054,0.696,98.537
88.100,-26.355,-0.023,0.696,98.449
88.120,-28.629,0.016,0.696,98.318
88.140,-30.527,0.049,0.696,98.145
88.160,-31.934,0.091,0.696,97.945
88.180,-32.906,0.129,0.696,97.730
88.200,-33.334,0.174,0.696,97.512
88.220,-33.352,0.212,0.696,97.306
88.240,-32.854,0.249,0.696,97.125
88.260,-31.887,0.287,0.696,96.979
88.280,-30.463,0.326,0.696,96.881
88.300,-28.559,0.360,0.696,96.833
88.320,-26.262,0.385,0.696,96.846
88.340,-23.561,0.418,0.696,96.911
88.360,-20.490,0.435,0.696,97.034
88.380,-17.156,0.460,0.696,97.202
88.400,-13.576,0.468,0.696,97.414
88.420,-9.768,0.481,0.696,97.647
88.440,-5.801,0.483,0.696,97.903
88.460,-1.775,0.489,0.696,98.153
88.480,2.285,0.478,0.696,98.400
88.500,6.311,0.470,0.696,98.611
88.520,10.230,0.447,0.696,98.793
88.540,14.033,0.439,0.696,98.919
88.560,17.643,0.407,0.696,99.001
88.580,20.959,0.386,0.696,99.018
88.600,24.012,0.350,0.696,98.981
88.620,26.684,0.320,0.696,98.887
88.640,28.980,0.280,0.696,98.744
88.660,30.838,0.248,0.696,98.560
88.680,32.279,0.203,0.696,98.345
88.700,33.240,0.162,0.696,98.113
88.720,33.721,0.125,0.696,97.878
88.740,33.732,0.084,0.696,97.650
88.760,33.270,0.047,0.696,97.447
88.780,32.279,0.006,0.696,97.275
88.800,30.861,-0.025,0.696,97.153
88.820,29.004,-0.063,0.696,97.075
88.840,26.725,-0.087,0.696,97.061
88.860,24.029,-0.120,0.696,97.093
88.880,21.023,-0.136,0.696,97.190
88.900,17.713,-0.157,0.696,97.323
88.920,14.098,-0.167,0.696,97.503
88.940,10.318,-0.178,0.696,97.702
88.960,6.416,-0.184,0.696,97.924
88.980,2.391,-0.181,0.696,98.142
89.000,-1.652,-0.176,0.696,98.354
89.020,-5.689,-0.169,0.696,98.535
89.040,-9.650,-0.156,0.696,98.685
89.060,-13.447,-0.136,0.696,98.787
89.080,-17.045,-0.109,0.696,98.838
89.100,-20.402,-0.086,0.696,98.830
89.120,-23.461,-0.053,0.696,98.768
89.140,-26.168,-0.022,0.696,98.651
89.160,-28.477,0.015,0.696,98.485
89.180,-30.404,0.055,0.696,98.279
89.200,-31.852,0.091,0.696,98.043
89.220,-32.854,0.136,0.696,97.791
89.240,-33.311,0.174,0.696,97.536
89.260,-33.381,0.213,0.696,97.071
89.280,-32.941,0.251,0.696,97.071
89.300,-32.010,0.293,0.696,96.885
89.320,-30.609,0.327,0.696,96.746
89.340,-28.717,0.358,0.696,96.657
89.360,-26.455,0.388,0.696,96.626
89.380,-23.795,0.421,0.696,96.651
89.400,-20.771,0.436,0.696,96.866
89.420,-17.449,0.465,0.696,96.866
89.440,-13.887,0.472,0.696,97.043
89.460,-10.072,0.485,0.696,97.247
89.480,-6.129,0.485,0.696,97.472
89.500,-2.092,0.489,0.696,97.696
89.520,1.963,0.479,0.696,97.915
89.540,5.988,0.472,0.696,98.107
89.560,9.937,0.460,0.696,98.270
89.580,13.746,0.439,0.696,98.390
89.600,17.355,0.414,0.696,98.459
89.620,20.684,0.385,0.696,98.473
89.640,23.783,0.353,0.696,98.430
89.660,26.490,0.326,0.696,98.335
89.680,28.793,0.287,0.696,98.192
89.700,30.709,0.248,0.696,98.010
89.720,32.186,0.207,0.696,97.798
89.740,33.187,0.165,0.696,97.570
89.760,33.703,0.132,0.696,97.339
89.780,33.744,0.085,0.696,97.117
89.800,33.322,0.047,0.687,96.921
89.820,32.391,0.012,0.687,96.759
89.840,31.008,-0.023,0.687,96.644
89.860,29.168,-0.062,0.687,96.579
89.880,26.936,-0.088,0.687,96.576
89.900,24.264,-0.120,0.687,96.627
89.920,21.270,-0.134,0.687,96.739
89.940,17.988,-0.158,0.687,96.894
89.960,14.408,-0.168,0.687,97.096
89.980,10.641,-0.179,0.687,97.324
90.000,6.732,-0.185,0.687,97.575
90.020,2.719,-0.183,0.687,97.827
90.040,-1.324,-0.180,0.687,98.071
90.060,-5.361,-0.170,0.687,98.288
90.080,-9.316,-0.158,0.687,98.474
90.100,-13.125,-0.138,0.687,98.612
90.120,-16.734,-0.112,0.687,98.702
90.140,-20.121,-0.092,0.687,98.732
90.160,-23.203,-0.058,0.687,98.709
90.180,-25.922,-0.030,0.687,98.628
90.200,-28.295,0.012,0.687,98.500
90.220,-30.258,0.044,0.687,98.327
90.240,-31.740,0.084,0.687,98.125
90.260,-32.760,0.123,0.687,97.904
90.280,-33.270,0.166,0.687,97.678
90.300,-33.398,0.205,0.687,97.461
90.320,-32.965,0.244,0.687,97.266
90.340,-32.074,0.280,0.686,97.104
90.360,-30.703,0.315,0.686,96.985
90.380,-28.875,0.353,0.686,96.916
90.400,-26.643,0.381,0.686,96.905
90.420,-24.012,0.412,0.686,96.947
90.440,-21.012,0.429,0.686,97.046
90.460,-17.701,0.456,0.686,97.192
90.480,-14.150,0.464,0.686,97.379
90.500,-10.383,0.481,0.686,97.594
90.520,-6.457,0.481,0.686,97.827
90.540,-2.426,0.486,0.686,98.063
90.560,1.629,0.480,0.686,98.290
90.580,5.672,0.471,0.686,98.491
90.600,9.609,0.456,0.686,98.659
90.620,13.447,0.439,0.686,98.779
90.640,17.051,0.414,0.686,98.851
90.660,20.432,0.385,0.686,98.862
90.680,23.543,0.355,0.686,98.817
90.700,26.285,0.323,0.686,98.715
90.720,28.629,0.284,0.686,98.565
90.740,30.568,0.249,0.686,98.371
90.760,32.086,0.210,0.686,98.147
90.780,33.123,0.169,0.686,97.903
90.800,33.680,0.128,0.686,97.654
90.820,33.756,0.084,0.686,97.412
90.840,33.369,0.052,0.686,97.192
90.860,32.484,0.008,0.682,97.005
90.880,31.131,-0.020,0.682,96.769
90.900,29.320,-0.063,0.682,96.769
90.920,27.117,-0.088,0.682,96.735
90.940,24.504,-0.119,0.682,96.756
90.960,21.521,-0.137,0.682,96.835
90.980,18.258,-0.162,0.682,96.960
91.000,14.689,-0.174,0.682,97.130
91.020,10.951,-0.181,0.682,97.330
91.040,7.043,-0.184,0.682,97.550
91.060,3.047,-0.186,0.682,97.772
91.080,-0.996,-0.182,0.682,97.987
91.100,-5.039,-0.173,0.682,98.178
91.120,-9.012,-0.159,0.682,98.341
91.140,-12.838,-0.140,0.682,98.457
91.160,-16.465,-0.116,0.682,98.526
91.180,-19.881,-0.094,0.682,98.537
91.200,-22.986,-0.062,0.682,98.495
91.220,-25.734,-0.026,0.682,98.398
91.240,-28.125,0.008,0.682,98.252
91.260,-30.111,0.045,0.682,98.065
91.280,-31.664,0.084,0.682,97.848
91.300,-32.725,0.124,0.682,97.612
91.320,-33.252,0.166,0.682,97.141
91.340,-33.404,0.207,0.682,97.141
91.360,-33.018,0.243,0.682,96.932
91.380,-32.191,0.285,0.679,96.756
91.400,-30.867,0.320,0.679,96.627
91.420,-29.051,0.356,0.679,96.548
91.440,-26.848,0.383,0.679,96.530
91.460,-24.240,0.413,0.679,96.566
91.480,-21.281,0.435,0.679,96.661
91.500,-17.994,0.460,0.679,96.805
91.520,-14.461,0.468,0.679,96.995
91.540,-10.711,0.486,0.679,97.216
91.560,-6.768,0.485,0.679,97.706
91.580,-2.748,0.493,0.682,97.706
91.600,1.295,0.484,0.682,97.950
91.620,5.338,0.477,0.682,98.172
91.640,9.305,0.459,0.682,98.505
91.660,13.131,0.443,0.682,98.505
91.680,16.770,0.418,0.682,98.601
91.700,20.162,0.394,0.682,98.639
91.720,23.297,0.360,0.682,98.623
91.740,26.080,0.331,0.682,98.550
91.760,28.459,0.293,0.682,98.428
91.780,30.434,0.257,0.682,98.264
91.800,31.975,0.216,0.682,98.068
91.820,33.047,0.178,0.682,97.853
91.840,33.662,0.137,0.682,97.631
91.860,33.773,0.099,0.682,97.416
91.880,33.422,0.059,0.682,97.223
91.900,32.566,0.017,0.682,97.061
91.920,31.260,-0.017,0.682,96.944
91.940,29.473,-0.054,0.682,96.876
91.960,27.334,-0.079,0.682,96.867
91.980,24.732,-0.110,0.682,96.910
92.000,21.773,-0.131,0.682,97.014
92.020,18.521,-0.154,0.682,97.163
92.040,14.988,-0.163,0.682,97.357
92.060,11.262,-0.177,0.682,97.577
92.080,7.377,-0.178,0.682,97.820
92.100,3.375,-0.182,0.682,98.062
92.120,-0.668,-0.176,0.682,98.298
92.140,-4.705,-0.171,0.682,98.513
92.160,-8.689,-0.158,0.682,98.693
92.180,-12.521,-0.134,0.682,98.829
92.200,-16.160,-0.122,0.682,98.911
92.220,-19.588,-0.090,0.682,98.939
92.240,-22.734,-0.062,0.682,98.908
92.260,-25.512,-0.030,0.682,98.822
92.280,-27.943,0.005,0.682,98.684
92.300,-29.941,0.037,0.682,98.502
92.320,-31.547,0.082,0.682,98.051
92.340,-32.631,0.119,0.682,98.051
92.360,-33.234,0.157,0.682,97.807
92.380,-33.398,0.202,0.682,97.569
92.400,-33.064,0.242,0.682,97.350
92.420,-32.285,0.278,0.682,97.162
92.440,-30.973,0.315,0.682,97.017
92.460,-29.209,0.349,0.682,96.921
92.480,-27.053,0.378,0.682,96.880
92.500,-24.451,0.404,0.682,96.893
92.520,-21.521,0.433,0.682,96.961
92.540,-18.264,0.451,0.682,97.079
92.560,-14.748,0.469,0.682,97.238
92.580,-11.004,0.474,0.682,97.431
92.600,-7.084,0.485,0.682,97.640
92.620,-3.082,0.484,0.682,97.858
92.640,0.973,0.483,0.682,98.068
92.660,5.016,0.468,0.682,98.415
92.680,8.982,0.460,0.682,98.415
92.700,12.832,0.437,0.682,98.529
92.720,16.488,0.418,0.682,98.594
92.740,19.928,0.389,0.682,98.603
92.760,23.057,0.363,0.682,98.557
92.780,25.875,0.326,0.682,98.303
92.800,28.266,0.292,0.682,98.303
92.820,30.299,0.252,0.682,98.109
92.840,31.875,0.215,0.682,97.882
92.860,32.994,0.175,0.682,97.635
92.880,33.627,0.135,0.682,97.382
92.900,33.762,0.093,0.682,96.908
92.920,33.463,0.053,0.679,96.908
92.940,32.660,0.014,0.679,96.713
92.960,31.377,-0.021,0.679,96.563
92.980,29.625,-0.056,0.679,96.464
93.000,27.504,-0.086,0.679,96.422
93.020,24.937,-0.112,0.679,96.437
93.040,22.025,-0.136,0.679,96.510
93.060,18.803,-0.154,0.679,96.634
93.080,15.281,-0.170,0.679,96.804
93.100,11.549,-0.183,0.679,97.008
93.120,7.664,-0.186,0.679,97.236
93.140,3.674,-0.187,0.680,97.471
93.160,-0.363,-0.180,0.680,97.701
93.180,-4.400,-0.178,0.680,97.911
93.200,-8.420,-0.165,0.680,98.094
93.220,-12.275,-0.143,0.680,98.235
93.240,-15.920,-0.126,0.680,98.326
93.260,-19.377,-0.092,0.680,98.364
93.280,-22.523,-0.068,0.680,98.345
93.300,-25.371,-0.034,0.680,98.272
93.320,-27.814,0.004,0.680,98.150
93.340,-29.865,0.035,0.680,97.985
93.360,-31.477,0.076,0.680,97.789
93.380,-32.625,0.114,0.680,97.572
93.400,-33.281,0.158,0.680,97.348
93.420,-33.451,0.197,0.680,97.131
93.440,-33.164,0.237,0.680,96.934
93.460,-32.396,0.275,0.680,96.768
93.480,-31.137,0.308,0.680,96.647
93.500,-29.443,0.349,0.680,96.575
93.520,-27.275,0.377,0.680,96.562
93.540,-24.750,0.409,0.680,96.606
93.560,-21.832,0.428,0.680,96.709
93.580,-18.568,0.452,0.680,96.861
93.600,-15.094,0.467,0.680,97.058
93.620,-11.361,0.479,0.680,97.287
93.640,-7.465,0.483,0.680,97.539
93.660,-3.445,0.488,0.680,97.797
93.680,0.609,0.480,0.680,98.051
93.700,4.652,0.480,0.680,98.284
93.720,8.631,0.460,0.680,98.487
93.740,12.516,0.443,0.680,98.645
93.760,16.184,0.423,0.680,98.754
93.780,19.635,0.396,0.680,98.806
93.800,22.799,0.369,0.680,98.800
93.820,25.658,0.333,0.680,98.738
93.840,28.084,0.297,0.680,98.624
93.860,30.135,0.264,0.680,98.465
93.880,31.752,0.224,0.680,98.272
93.900,32.906,0.185,0.680,98.056
93.920,33.586,0.140,0.680,97.831
93.940,33.779,0.105,0.680,97.610
93.960,33.504,0.063,0.680,97.407
93.980,32.736,0.026,0.680,97.234
94.000,31.488,-0.010,0.680,97.102
94.020,29.795,-0.048,0.680,97.018
94.040,27.697,-0.076,0.680,96.990
94.060,25.148,-0.106,0.680,97.017
94.080,22.260,-0.128,0.680,97.102
94.100,19.061,-0.147,0.680,97.232
94.120,15.562,-0.164,0.680,97.408
94.140,11.854,-0.170,0.680,97.614
94.160,7.980,-0.183,0.680,97.841
94.180,4.020,-0.185,0.680,98.076
94.200,-0.041,-0.177,0.680,98.304
94.220,-4.084,-0.171,0.680,98.509
94.240,-8.086,-0.158,0.680,98.683
94.260,-11.959,-0.141,0.680,98.812
94.280,-15.633,-0.121,0.680,98.892
94.300,-19.090,-0.095,0.680,98.916
94.320,-22.289,-0.067,0.680,98.883
94.340,-25.137,-0.029,0.680,98.794
94.360,-27.633,0.002,0.680,98.652
94.380,-29.707,0.039,0.680,98.466
94.400,-31.365,0.077,0.680,98.245
94.420,-32.531,0.115,0.680,98.002
94.440,-33.223,0.158,0.680,97.749
94.460,-33.439,0.197,0.680,97.501
94.480,-33.211,0.240,0.680,97.070
94.500,-32.467,0.273,0.680,97.070
94.520,-31.230,0.315,0.680,96.910
94.540,-29.561,0.350,0.680,96.800
94.560,-27.439,0.379,0.680,96.746
94.580,-24.937,0.408,0.680,96.747
94.600,-22.037,0.431,0.680,96.807
94.620,-18.832,0.452,0.680,96.915
94.640,-15.357,0.467,0.680,97.069
94.660,-11.625,0.477,0.680,97.255
94.680,-7.746,0.485,0.680,97.464
94.700,-3.744,0.492,0.680,97.683
94.720,0.316,0.482,0.680,97.902
94.740,4.365,0.476,0.680,98.100
94.760,8.332,0.462,0.680,98.267
94.780,12.211,0.443,0.680,98.398
94.800,15.920,0.426,0.680,98.478
94.820,19.365,0.395,0.680,98.506
94.840,22.559,0.368,0.680,98.478
94.860,25.453,0.334,0.680,98.395
94.880,27.896,0.302,0.680,98.262
94.900,29.988,0.261,0.680,98.086
94.920,31.641,0.224,0.680,97.876
94.940,32.824,0.186,0.680,97.645
94.960,33.557,0.141,0.680,97.405
94.980,33.785,0.103,0.680,97.170
95.000,33.551,0.062,0.680,96.954
95.020,32.807,0.024,0.680,96.769
95.040,31.611,-0.012,0.680,96.627
95.060,29.953,-0.050,0.680,96.534
95.080,27.879,-0.078,0.680,96.498
95.100,25.383,-0.108,0.680,96.522
95.120,22.506,-0.129,0.680,96.603
95.140,19.330,-0.149,0.680,96.738
95.160,15.861,-0.166,0.680,96.916
95.180,12.176,-0.178,0.680,97.132
95.200,8.314,-0.183,0.680,97.371
95.220,4.342,-0.187,0.681,97.622
95.240,0.287,-0.182,0.681,97.868
95.260,-3.750,-0.179,0.681,98.098
95.280,-7.740,-0.163,0.681,98.299
95.300,-11.619,-0.147,0.681,98.460
95.320,-15.322,-0.128,0.681,98.571
95.340,-18.820,-0.103,0.681,98.629
95.360,-22.002,-0.075,0.681,98.630
95.380,-24.879,-0.041,0.681,98.576
95.400,-27.387,-0.008,0.681,98.470
95.420,-29.531,0.027,0.681,98.319
95.440,-31.219,0.072,0.681,98.134
95.460,-32.420,0.106,0.681,97.924
95.480,-33.146,0.149,0.681,97.705
95.500,-33.398,0.184,0.681,97.490
95.520,-33.205,0.234,0.681,97.291
95.540,-32.525,0.265,0.681,97.123
95.560,-31.365,0.306,0.681,96.994
95.580,-29.695,0.342,0.681,96.914
95.600,-27.598,0.371,0.681,96.889
95.620,-25.131,0.401,0.681,96.920
95.640,-22.277,0.427,0.681,97.007
95.660,-19.102,0.451,0.681,97.146
95.680,-15.639,0.464,0.681,97.331
95.700,-11.953,0.477,0.681,97.548
95.720,-8.074,0.483,0.681,97.787
95.740,-4.055,0.486,0.681,98.033
95.760,-0.035,0.482,0.681,98.277
95.780,4.031,0.478,0.681,98.503
95.800,8.027,0.462,0.681,98.697
95.820,11.912,0.447,0.681,98.849
95.840,15.627,0.423,0.681,98.949
95.860,19.090,0.398,0.681,98.994
95.880,22.312,0.371,0.681,98.982
95.900,25.225,0.335,0.681,98.911
95.920,27.715,0.302,0.681,98.788
95.940,29.836,0.264,0.681,98.619
95.960,31.518,0.230,0.681,98.414
95.980,32.754,0.189,0.681,98.185
96.000,33.510,0.147,0.681,97.943
96.020,33.779,0.108,0.681,97.704
96.040,33.580,0.064,0.681,97.480
96.060,32.895,0.029,0.681,97.284
96.080,31.717,-0.009,0.681,97.128
96.100,30.111,-0.042,0.681,97.019
96.120,28.061,-0.079,0.681,96.965
96.140,25.576,-0.099,0.681,96.967
96.160,22.758,-0.131,0.681,97.023
96.180,19.611,-0.144,0.681,97.134
96.200,16.154,-0.166,0.681,97.285
96.220,12.457,-0.171,0.681,97.473
96.240,8.607,-0.185,0.681,97.682
96.260,4.629,-0.181,0.681,97.902
96.280,0.604,-0.181,0.681,98.119
96.300,-3.445,-0.174,0.681,98.317
96.320,-7.465,-0.162,0.681,98.486
96.340,-11.338,-0.145,0.681,98.616
96.360,-15.064,-0.121,0.681,98.698
96.380,-18.557,-0.099,0.681,98.725
96.400,-21.814,-0.071,0.681,98.695
96.420,-24.721,-0.040,0.681,98.609
96.440,-27.240,-0.003,0.681,98.473
96.460,-29.408,0.033,0.681,98.291
96.480,-31.119,0.071,0.681,98.074
96.500,-32.402,0.108,0.681,97.833
96.520,-33.164,0.150,0.681,97.581
96.540,-33.422,0.190,0.681,97.333
96.560,-33.281,0.236,0.681,97.100
96.580,-32.625,0.269,0.679,96.897
96.600,-31.500,0.307,0.679,96.735
96.620,-29.895,0.345,0.679,96.621
96.640,-27.820,0.371,0.679,96.563
96.660,-25.383,0.406,0.679,96.561
96.680,-22.541,0.424,0.679,96.619
96.700,-19.383,0.451,0.679,96.728
96.720,-15.932,0.466,0.679,96.883
96.740,-12.264,0.480,0.679,97.079
96.760,-8.402,0.488,0.679,97.300
96.780,-4.389,0.489,0.679,97.532
96.800,-0.346,0.487,0.679,97.763
96.820,3.709,0.481,0.679,97.979
96.840,7.705,0.464,0.679,98.168
96.860,11.596,0.451,0.679,98.317
96.880,15.334,0.427,0.679,98.421
96.900,18.820,0.405,0.679,98.471
96.920,22.043,0.376,0.679,98.465
96.940,25.008,0.343,0.679,98.405
96.960,27.539,0.311,0.679,98.292
96.980,29.689,0.269,0.679,98.136
97.000,31.395,0.237,0.679,97.944
97.020,32.672,0.192,0.679,97.728
97.040,33.469,0.153,0.679,97.501
97.060,33.773,0.110,0.679,97.276
97.080,33.615,0.070,0.679,97.068
97.100,32.965,0.034,0.679,96.889
97.120,31.840,-0.009,0.679,96.751
97.140,30.252,-0.038,0.679,96.662
97.160,28.248,-0.075,0.679,96.627
97.180,25.805,-0.094,0.679,96.652
97.200,22.998,-0.126,0.679,96.730
97.220,19.863,-0.141,0.679,96.865
97.240,16.441,-0.166,0.679,97.042
97.260,12.785,-0.170,0.679,97.260
97.280,8.953,-0.186,0.679,97.502
97.300,4.980,-0.181,0.679,97.756
97.320,0.955,-0.185,0.679,98.005
97.340,-3.105,-0.172,0.679,98.241
97.360,-7.119,-0.165,0.679,98.444
97.380,-11.016,-0.149,0.679,98.612
97.400,-14.742,-0.129,0.679,98.729
97.420,-18.252,-0.105,0.679,98.792
97.440,-21.533,-0.074,0.679,98.798
97.460,-24.457,-0.048,0.679,98.747
97.480,-27.023,-0.009,0.679,98.644
97.500,-29.221,0.021,0.679,98.493
97.520,-30.967,0.064,0.679,98.305
97.540,-32.268,0.099,0.679,98.091
97.560,-33.088,0.144,0.679,97.864
97.580,-33.410,0.181,0.679,97.638
97.600,-33.281,0.228,0.679,97.425
97.620,-32.654,0.261,0.679,97.240
97.640,-31.564,0.301,0.679,97.093
97.660,-29.988,0.333,0.679,96.993
97.680,-27.979,0.368,0.679,96.945
97.700,-25.570,0.394,0.679,96.953
97.720,-22.770,0.422,0.679,97.016
97.740,-19.623,0.446,0.679,97.131
97.760,-16.201,0.463,0.679,97.293
97.780,-12.557,0.473,0.679,97.489
97.800,-8.695,0.481,0.679,97.710
97.820,-4.717,0.483,0.679,97.940
97.840,-0.656,0.484,0.679,98.169
97.860,3.393,0.473,0.679,98.381
97.880,7.389,0.464,0.679,98.708
97.900,11.273,0.447,0.679,98.708
97.920,15.041,0.427,0.679,98.803
97.940,18.562,0.401,0.679,98.845
97.960,21.814,0.372,0.679,98.827
97.980,24.785,0.342,0.679,98.754
98.000,27.346,0.308,0.679,98.627
98.020,29.531,0.268,0.679,98.453
98.040,31.271,0.230,0.679,98.242
98.060,32.596,0.191,0.679,98.004
98.080,33.428,0.154,0.679,97.754
98.100,33.762,0.108,0.679,97.503
98.120,33.639,0.070,0.679,97.267
98.140,33.029,0.030,0.679,97.058
98.160,31.939,-0.009,0.679,96.888
98.180,30.387,-0.037,0.679,96.695
98.200,28.418,-0.078,0.679,96.695
98.220,26.021,-0.097,0.679,96.684
98.240,23.232,-0.130,0.679,96.729
98.260,20.133,-0.144,0.679,96.829
98.280,16.740,-0.166,0.679,96.973
98.300,13.078,-0.174,0.679,97.157
98.320,9.252,-0.183,0.679,97.366
98.340,5.297,-0.185,0.679,97.588
98.360,1.266,-0.183,0.679,97.811
98.380,-2.789,-0.178,0.679,98.018
98.400,-6.785,-0.165,0.679,98.201
98.420,-10.740,-0.155,0.679,98.344
98.440,-14.467,-0.125,0.679,98.444
98.460,-18.012,-0.111,0.679,98.488
98.480,-21.287,-0.075,0.679,98.480
98.500,-24.240,-0.050,0.679,98.414
98.520,-26.871,-0.009,0.679,98.298
98.540,-29.104,0.020,0.679,98.136
98.560,-30.879,0.062,0.679,97.939
98.580,-32.186,0.099,0.679,97.715
98.600,-33.053,0.139,0.679,97.479
98.620,-33.422,0.179,0.679,97.244
98.640,-33.346,0.221,0.679,97.024
98.660,-32.771,0.258,0.679,96.832
98.680,-31.693,0.302,0.679,96.678
98.700,-30.141,0.332,0.679,96.576
98.720,-28.189,0.370,0.679,96.524
98.740,-25.805,0.394,0.679,96.535
98.760,-23.045,0.423,0.679,96.599
98.780,-19.916,0.446,0.679,96.722
98.800,-16.512,0.464,0.679,96.890
98.820,-12.891,0.475,0.679,97.100
98.840,-9.041,0.484,0.679,97.334
98.860,-5.062,0.486,0.679,97.583
98.880,-1.008,0.489,0.679,97.832
98.900,3.053,0.477,0.679,98.070
98.920,7.055,0.474,0.679,98.279
98.940,10.963,0.451,0.679,98.452
98.960,14.730,0.434,0.679,98.577
98.980,18.275,0.408,0.679,98.649
99.000,21.539,0.382,0.679,98.665
99.020,24.545,0.348,0.679,98.625
99.040,27.135,0.318,0.679,98.530
99.060,29.373,0.278,0.679,98.389
99.080,31.143,0.243,0.679,98.209
99.100,32.508,0.197,0.679,98.003
99.120,33.381,0.160,0.679,97.782
99.140,33.756,0.118,0.679,97.560
99.160,33.674,0.078,0.679,97.351
99.180,33.094,0.042,0.679,97.169
99.200,32.057,-0.002,0.679,97.023
99.220,30.521,-0.029,0.679,96.925
99.240,28.588,-0.073,0.679,96.879
99.260,26.227,-0.087,0.679,96.891
99.280,23.467,-0.124,0.679,96.956
99.300,20.373,-0.136,0.679,97.077
99.320,17.010,-0.162,0.679,97.241
99.340,13.371,-0.167,0.679,97.446
99.360,9.574,-0.183,0.679,97.673
99.380,5.625,-0.180,0.679,97.916
99.400,1.600,-0.183,0.679,98.154
99.420,-2.461,-0.174,0.679,98.378
99.440,-6.475,-0.164,0.679,98.574
99.460,-10.418,-0.149,0.679,98.731
99.480,-14.168,-0.130,0.679,98.841
99.500,-17.725,-0.108,0.679,98.897
99.520,-21.047,-0.075,0.679,98.895
99.540,-24.023,-0.051,0.679,98.836
99.560,-26.654,-0.009,0.679,98.722
99.580,-28.898,0.017,0.679,98.560
99.600,-30.768,0.062,0.679,98.360
99.620,-32.104,0.095,0.679,98.131
99.640,-32.988,0.141,0.679,97.887
99.660,-33.387,0.178,0.679,97.641
99.680,-33.340,0.221,0.679,97.407
99.700,-32.824,0.258,0.677,97.200
99.720,-31.775,0.298,0.677,97.027
99.740,-30.275,0.326,0.677,96.902
99.760,-28.330,0.365,0.677,96.824
99.780,-25.980,0.389,0.677,96.807
99.800,-23.256,0.422,0.677,96.842
99.820,-20.162,0.439,0.677,96.936
99.840,-16.770,0.457,0.677,97.071
99.860,-13.166,0.472,0.677,97.248
99.880,-9.322,0.480,0.677,97.449
99.900,-5.379,0.483,0.677,97.666
99.920,-1.330,0.486,0.677,97.882
99.940,2.736,0.475,0.677,98.088
99.960,6.750,0.466,0.677,98.266
99.980,10.670,0.450,0.677,98.409
100.000,14.449,0.432,0.677,98.505
100.020,18.018,0.408,0.677,98.549
100.040,21.311,0.376,0.677,98.538
100.060,24.322,0.348,0.677,98.469
100.080,26.959,0.311,0.677,98.349
100.100,29.203,0.278,0.677,98.181
100.120,31.031,0.236,0.677,97.976
100.140,32.402,0.199,0.677,97.743
100.160,33.316,0.158,0.677,97.495
100.180,33.744,0.118,0.677,97.247
100.200,33.697,0.076,0.677,97.011
100.220,33.158,0.037,0.675,96.802
100.240,32.150,0.000,0.675,96.630
100.260,30.668,-0.033,0.675,96.506
100.280,28.758,-0.073,0.675,96.434
100.300,26.437,-0.091,0.675,96.423
100.320,23.719,-0.125,0.675,96.468
100.340,20.637,-0.141,0.675,96.571
100.360,17.297,-0.161,0.675,96.719
100.380,13.670,-0.174,0.675,96.909
100.400,9.891,-0.183,0.675,97.128
100.420,5.965,-0.187,0.676,97.364
100.440,1.922,-0.186,0.676,97.601
100.460,-2.133,-0.182,0.676,97.828
100.480,-6.141,-0.168,0.676,98.032
100.500,-10.084,-0.154,0.676,98.199
100.520,-13.863,-0.133,0.676,98.321
100.540,-17.437,-0.115,0.676,98.391
100.560,-20.760,-0.086,0.676,98.408
100.580,-23.783,-0.057,0.676,98.368
100.600,-26.432,-0.018,0.676,98.275
100.620,-28.729,0.013,0.676,98.135
100.640,-30.598,0.054,0.676,97.957
100.660,-32.004,0.090,0.676,97.751
100.680,-32.947,0.130,0.676,97.530
100.700,-33.352,0.174,0.676,97.307
100.720,-33.352,0.215,0.676,97.097
100.740,-32.877,0.253,0.676,96.913
100.760,-31.898,0.289,0.676,96.765
100.780,-30.439,0.327,0.676,96.664
100.800,-28.518,0.362,0.676,96.615
100.820,-26.191,0.389,0.676,96.627
100.840,-23.502,0.419,0.676,96.692
100.860,-20.432,0.439,0.676,96.816
100.880,-17.074,0.459,0.676,96.986
100.900,-13.477,0.471,0.676,97.195
100.920,-9.650,0.482,0.676,97.432
100.940,-5.701,0.485,0.676,97.685
100.960,-1.664,0.484,0.676,97.939
100.980,2.408,0.481,0.676,98.180
101.000,6.434,0.468,0.676,98.400
101.020,10.348,0.451,0.676,98.576
101.040,14.139,0.435,0.676,98.710
101.060,17.725,0.408,0.676,98.789
101.080,21.047,0.386,0.676,98.811
101.100,24.094,0.352,0.676,98.776
101.120,26.760,0.316,0.676,98.686
101.140,29.033,0.282,0.676,98.546
101.160,30.891,0.244,0.676,98.367
101.180,32.314,0.204,0.676,98.157
101.200,33.264,0.162,0.676,97.931
101.220,33.732,0.120,0.676,97.701
101.240,33.715,0.084,0.676,97.481
101.260,33.223,0.043,0.676,97.285
101.280,32.244,0.006,0.676,97.124
101.300,30.803,-0.026,0.676,97.009
101.320,28.934,-0.065,0.676,96.943
101.340,26.631,-0.085,0.676,96.935
101.360,23.936,-0.117,0.676,96.980
101.380,20.889,-0.130,0.676,97.082
101.400,17.572,-0.158,0.676,97.226
101.420,13.951,-0.167,0.676,97.412
101.440,10.184,-0.181,0.676,97.624
101.460,6.270,-0.181,0.676,97.854
101.480,2.232,-0.181,0.676,98.081
101.500,-1.811,-0.176,0.676,98.299
101.520,-5.848,-0.166,0.676,98.489
101.540,-9.814,-0.149,0.676,98.643
101.560,-13.582,-0.129,0.676,98.750
101.580,-17.174,-0.107,0.676,98.804
101.600,-20.525,-0.080,0.676,98.802
101.620,-23.596,-0.051,0.676,98.743
101.640,-26.273,-0.013,0.676,98.629
101.660,-28.588,0.016,0.676,98.467
101.680,-30.480,0.058,0.676,98.264
101.700,-31.910,0.093,0.676,98.032
101.720,-32.918,0.137,0.676,97.784
101.740,-33.369,0.175,0.676,97.532
101.760,-33.404,0.217,0.676,97.290
101.780,-32.924,0.252,0.675,97.073
101.800,-31.992,0.292,0.675,96.890
101.820,-30.580,0.330,0.675,96.755
101.840,-28.687,0.365,0.675,96.669
101.860,-26.402,0.387,0.675,96.644
101.880,-23.730,0.423,0.675,96.671
101.900,-20.672,0.435,0.675,96.759
101.920,-17.344,0.464,0.675,96.889
101.940,-13.770,0.473,0.675,97.068
101.960,-9.967,0.485,0.675,97.271
101.980,-6.029,0.485,0.675,97.495
102.000,-1.980,0.488,0.675,97.720
102.020,2.074,0.482,0.675,97.937
102.040,6.105,0.470,0.675,98.131
102.060,10.031,0.453,0.675,98.290
102.080,13.857,0.439,0.675,98.406
102.100,17.449,0.411,0.675,98.471
102.120,20.789,0.388,0.675,98.482
102.140,23.865,0.351,0.675,98.436
102.160,26.555,0.325,0.675,98.338
102.180,28.863,0.282,0.675,98.192
102.200,30.762,0.249,0.675,98.007
102.220,32.209,0.206,0.675,97.793
102.240,33.205,0.167,0.675,97.564
102.260,33.709,0.125,0.675,97.332
102.280,33.732,0.083,0.675,97.111
102.300,33.275,0.047,0.675,96.915
102.320,32.344,0.004,0.675,96.754
102.340,30.943,-0.023,0.675,96.643
102.360,29.092,-0.070,0.675,96.580
102.380,26.842,-0.085,0.675,96.582
102.400,24.176,-0.122,0.675,96.636
102.420,21.170,-0.132,0.675,96.750
102.440,17.859,-0.162,0.675,96.909
102.460,14.268,-0.167,0.675,97.115
102.480,10.512,-0.184,0.675,97.347
102.500,6.598,-0.184,0.675,97.602
102.520,2.578,-0.186,0.675,97.857
102.540,-1.459,-0.183,0.675,98.104
102.560,-5.496,-0.170,0.675,98.328
102.580,-9.463,-0.159,0.675,98.518
102.600,-13.260,-0.137,0.675,98.663
102.620,-16.857,-0.119,0.675,98.754
102.640,-20.238,-0.090,0.675,98.792
102.660,-23.314,-0.062,0.675,98.771
102.680,-26.033,-0.023,0.675,98.697
102.700,-28.400,0.008,0.675,98.572
102.720,-30.340,0.048,0.675,98.407
102.740,-31.805,0.084,0.675,98.211
102.760,-32.818,0.127,0.675,97.997
102.780,-33.311,0.162,0.675,97.778
102.800,-33.410,0.207,0.675,97.569
102.820,-32.977,0.244,0.675,97.382
102.840,-32.068,0.282,0.675,97.229
102.860,-30.680,0.321,0.675,97.121
102.880,-28.828,0.354,0.675,97.062
102.900,-26.572,0.381,0.675,97.061
102.920,-23.930,0.416,0.675,97.112
102.940,-20.918,0.431,0.675,97.222
102.960,-17.602,0.460,0.675,97.376
102.980,-14.057,0.468,0.675,97.574
103.000,-10.271,0.483,0.675,97.798
103.020,-6.346,0.485,0.675,98.041
103.040,-2.285,0.487,0.675,98.284
103.060,1.764,0.478,0.675,98.516
103.080,5.789,0.470,0.675,98.722
103.100,9.727,0.453,0.675,98.892
103.120,13.559,0.437,0.675,99.017
103.140,17.162,0.413,0.675,99.090
103.160,20.537,0.388,0.675,99.105
103.180,23.637,0.349,0.675,99.061
103.200,26.355,0.326,0.675,98.961
103.220,28.693,0.283,0.675,98.811
103.240,30.621,0.249,0.675,98.619
103.260,32.121,0.207,0.675,98.396
103.280,33.141,0.166,0.675,98.153
103.300,33.686,0.128,0.675,97.905
103.320,33.756,0.086,0.675,97.665
103.340,33.340,0.049,0.675,97.446
103.360,32.426,0.008,0.675,97.260
103.380,31.072,-0.023,0.675,97.119
103.400,29.256,-0.062,0.675,97.027
103.420,27.041,-0.083,0.675,96.994
103.440,24.387,-0.123,0.675,97.013
103.460,21.404,-0.131,0.675,97.092
103.480,18.135,-0.162,0.675,97.213
103.500,14.561,-0.164,0.675,97.381
103.520,10.816,-0.185,0.675,97.573
103.540,6.891,-0.179,0.675,97.788
103.560,2.883,-0.183,0.675,98.004
103.580,-1.166,-0.176,0.675,98.210
103.600,-5.197,-0.170,0.675,98.392
103.620,-9.170,-0.159,0.675,98.544
103.640,-13.008,-0.133,0.675,98.652
103.660,-16.617,-0.115,0.675,98.708
103.680,-20.010,-0.087,0.675,98.710
103.700,-23.115,-0.058,0.675,98.654
103.720,-25.852,-0.023,0.675,98.546
103.740,-28.254,0.008,0.675,98.389
103.760,-30.229,0.048,0.675,98.192
103.780,-31.752,0.086,0.675,97.964
103.800,-32.777,0.129,0.675,97.718
103.820,-33.322,0.163,0.675,97.467
103.840,-33.445,0.211,0.675,97.226
103.860,-33.041,0.244,0.675,97.008
103.880,-32.203,0.284,0.674,96.824
103.900,-30.855,0.323,0.674,96.685
103.920,-29.021,0.356,0.674,96.597
103.940,-26.824,0.386,0.674,96.568
103.960,-24.193,0.417,0.674,96.594
103.980,-21.211,0.434,0.674,96.682
104.000,-17.906,0.461,0.674,96.816
104.020,-14.373,0.470,0.674,96.998
104.040,-10.582,0.485,0.674,97.209
104.060,-6.674,0.488,0.674,97.442
104.080,-2.643,0.493,0.679,97.681
104.100,1.412,0.483,0.679,97.914
104.120,5.449,0.476,0.679,98.123
104.140,9.398,0.462,0.679,98.300
104.160,13.248,0.439,0.679,98.436
104.180,16.881,0.420,0.679,98.520
104.200,20.279,0.392,0.679,98.552
104.220,23.385,0.362,0.679,98.525
104.240,26.156,0.331,0.679,98.446
104.260,28.523,0.290,0.679,98.318
104.280,30.486,0.255,0.679,98.149
104.300,32.016,0.217,0.679,97.948
104.320,33.082,0.174,0.679,97.729
104.340,33.662,0.136,0.679,97.505
104.360,33.773,0.093,0.679,97.288
104.380,33.387,0.058,0.679,97.094
104.400,32.520,0.014,0.679,96.933
104.420,31.201,-0.019,0.679,96.819
104.440,29.414,-0.055,0.679,96.753
104.460,27.240,-0.087,0.679,96.746
104.480,24.609,-0.110,0.679,96.795
104.500,21.662,-0.131,0.679,96.902
104.520,18.410,-0.154,0.679,97.055
104.540,14.865,-0.167,0.679,97.254
104.560,11.121,-0.178,0.679,97.480
104.580,7.225,-0.183,0.679,97.727
104.600,3.223,-0.183,0.679,97.979
104.620,-0.820,-0.179,0.679,98.221
104.640,-4.857,-0.170,0.679,98.440
104.660,-8.830,-0.158,0.679,98.627
104.680,-12.674,-0.137,0.679,98.768
104.700,-16.307,-0.117,0.679,98.858
104.720,-19.729,-0.088,0.679,98.891
104.740,-22.869,-0.062,0.679,98.867
104.760,-25.623,-0.030,0.679,98.787
104.780,-28.031,0.008,0.679,98.657
104.800,-30.047,0.041,0.679,98.483
104.820,-31.605,0.078,0.679,98.276
104.840,-32.689,0.121,0.679,98.049
104.860,-33.258,0.159,0.679,97.815
104.880,-33.428,0.206,0.679,97.587
104.900,-33.059,0.240,0.679,97.380
104.920,-32.262,0.282,0.679,97.202
104.940,-30.955,0.314,0.679,97.071
104.960,-29.156,0.354,0.679,96.984
104.980,-26.977,0.379,0.679,96.957
105.000,-24.381,0.412,0.679,96.980
105.020,-21.428,0.430,0.679,97.064
105.040,-18.176,0.455,0.679,97.191
105.060,-14.648,0.463,0.679,97.365
105.080,-10.875,0.480,0.679,97.564
105.100,-6.967,0.479,0.679,97.786
105.120,-2.959,0.489,0.679,98.011
105.140,1.102,0.476,0.679,98.230
105.160,5.139,0.472,0.679,98.425
105.180,9.094,0.455,0.679,98.588
105.200,12.961,0.440,0.679,98.707
105.220,16.605,0.416,0.679,98.776
105.240,20.010,0.389,0.679,98.790
105.260,23.150,0.360,0.679,98.744
105.280,25.951,0.327,0.679,98.645
105.300,28.336,0.290,0.679,98.494
105.320,30.340,0.254,0.679,98.302
105.340,31.904,0.214,0.679,98.076
105.360,33.012,0.176,0.679,97.831
105.380,33.639,0.133,0.679,97.579
105.400,33.773,0.092,0.679,97.333
105.420,33.445,0.054,0.678,97.108
105.440,32.602,0.015,0.678,96.915
105.460,31.330,-0.021,0.678,96.766
105.480,29.561,-0.055,0.678,96.667
105.500,27.428,-0.087,0.678,96.626
105.520,24.850,-0.112,0.678,96.641
105.540,21.902,-0.137,0.678,96.715
105.560,18.691,-0.154,0.678,96.838
105.580,15.164,-0.170,0.678,97.006
105.600,11.443,-0.181,0.678,97.206
105.620,7.547,-0.185,0.678,97.429
105.640,3.557,-0.187,0.679,97.657
105.660,-0.492,-0.182,0.679,97.881
105.680,-4.535,-0.175,0.679,98.083
105.700,-8.525,-0.162,0.679,98.257
105.720,-12.375,-0.142,0.679,98.389
105.740,-16.014,-0.121,0.679,98.471
105.760,-19.471,-0.096,0.679,98.497
105.780,-22.635,-0.067,0.679,98.471
105.800,-25.424,-0.036,0.679,98.389
105.820,-27.873,0.004,0.679,98.258
105.840,-29.906,0.036,0.679,98.084
105.860,-31.518,0.078,0.679,97.879
105.880,-32.637,0.115,0.679,97.654
105.900,-33.287,0.156,0.679,97.422
105.920,-33.434,0.201,0.679,97.197
105.940,-33.135,0.240,0.679,96.994
105.960,-32.361,0.280,0.679,96.823
105.980,-31.090,0.311,0.679,96.696
106.000,-29.379,0.352,0.679,96.618
106.020,-27.205,0.377,0.679,96.601
106.040,-24.639,0.413,0.679,96.637
106.060,-21.732,0.431,0.679,96.736
106.080,-18.451,0.458,0.679,96.880
106.100,-14.965,0.466,0.679,97.075
106.120,-11.238,0.481,0.679,97.296
106.140,-7.312,0.481,0.679,97.542
106.160,-3.299,0.491,0.679,97.792
106.180,0.768,0.481,0.679,98.041
106.200,4.811,0.479,0.679,98.268
106.220,8.771,0.461,0.679,98.464
106.240,12.639,0.445,0.679,98.617
106.260,16.318,0.422,0.679,98.719
106.280,19.752,0.397,0.679,98.767
106.300,22.904,0.365,0.679,98.756
106.320,25.734,0.333,0.679,98.691
106.340,28.172,0.294,0.679,98.573
106.360,30.193,0.262,0.679,98.411
106.380,31.793,0.219,0.679,98.216
106.400,32.947,0.182,0.679,98.000
106.420,33.604,0.140,0.679,97.774
106.440,33.779,0.101,0.679,97.554
106.460,33.486,0.060,0.679,97.351
106.480,32.678,0.023,0.679,97.181
106.500,31.441,-0.013,0.679,97.052
106.520,29.736,-0.047,0.679,96.971
106.540,27.627,-0.076,0.679,96.947
106.560,25.078,-0.103,0.679,96.976
106.580,22.166,-0.131,0.679,97.062
106.600,18.949,-0.143,0.679,97.198
106.620,15.451,-0.168,0.679,97.375
106.640,11.725,-0.170,0.679,97.588
106.660,7.846,-0.183,0.679,97.818
106.680,3.867,-0.182,0.679,98.055
106.700,-0.187,-0.178,0.679,98.284
106.720,-4.213,-0.169,0.679,98.493
106.740,-8.221,-0.155,0.679,98.667
106.760,-12.076,-0.138,0.679,98.799
106.780,-15.732,-0.117,0.679,98.880
106.800,-19.201,-0.093,0.679,98.906
106.820,-22.389,-0.065,0.679,98.875
106.840,-25.219,-0.033,0.679,98.786
106.860,-27.697,0.006,0.679,98.647
106.880,-29.748,0.038,0.679,98.463
106.900,-31.389,0.079,0.679,98.244
106.920,-32.549,0.117,0.679,98.004
106.940,-33.229,0.158,0.679,97.754
106.960,-33.439,0.197,0.679,97.509
106.980,-33.158,0.236,0.679,97.282
107.000,-32.414,0.273,0.679,97.084
107.020,-31.201,0.311,0.679,96.929
107.040,-29.496,0.350,0.679,96.823
107.060,-27.357,0.374,0.679,96.772
107.080,-24.838,0.408,0.679,96.775
107.100,-21.943,0.428,0.679,96.837
107.120,-18.709,0.450,0.679,96.948
107.140,-15.240,0.467,0.679,97.104
107.160,-11.520,0.477,0.679,97.293
107.180,-7.623,0.483,0.679,97.504
107.200,-3.609,0.487,0.679,97.723
107.220,0.439,0.478,0.679,97.939
107.240,4.482,0.476,0.679,98.134
107.260,8.461,0.460,0.679,98.301
107.280,12.346,0.443,0.679,98.427
107.300,16.031,0.423,0.679,98.503
107.320,19.482,0.396,0.679,98.527
107.340,22.658,0.363,0.679,98.495
107.360,25.529,0.331,0.679,98.406
107.380,27.984,0.298,0.679,98.269
107.400,30.041,0.261,0.679,98.088
107.420,31.676,0.222,0.679,97.874
107.440,32.859,0.182,0.679,97.639
107.460,33.562,0.134,0.679,97.395
107.480,33.773,0.099,0.679,97.156
107.500,33.527,0.060,0.679,96.937
107.520,32.771,0.021,0.679,96.749
107.540,31.564,-0.014,0.679,96.604
107.560,29.895,-0.052,0.679,96.509
107.580,27.809,-0.083,0.679,96.473
107.600,25.283,-0.108,0.679,96.493
107.620,22.406,-0.136,0.679,96.572
107.640,19.213,-0.150,0.679,96.703
107.660,15.750,-0.175,0.679,96.880
107.680,12.041,-0.175,0.679,97.094
107.700,8.191,-0.190,0.682,97.331
107.720,4.213,-0.187,0.682,97.577
107.740,0.170,-0.187,0.682,97.821
107.760,-3.873,-0.172,0.682,98.047
107.780,-7.881,-0.162,0.682,98.242
107.800,-11.754,-0.149,0.682,98.398
107.820,-15.445,-0.125,0.682,98.507
107.840,-18.926,-0.103,0.682,98.561
107.860,-22.119,-0.072,0.682,98.560
107.880,-24.996,-0.040,0.682,98.503
107.900,-27.475,-0.004,0.682,98.395
107.920,-29.596,0.030,0.682,98.243
107.940,-31.283,0.075,0.682,98.058
107.960,-32.455,0.106,0.682,97.849
107.980,-33.170,0.153,0.682,97.631
108.000,-33.404,0.190,0.682,97.418
108.020,-33.217,0.233,0.682,97.223
108.040,-32.496,0.270,0.682,97.059
108.060,-31.277,0.306,0.682,96.936
108.080,-29.631,0.346,0.682,96.862
108.100,-27.533,0.369,0.682,96.845
108.120,-25.066,0.405,0.682,96.882
108.140,-22.189,0.426,0.682,96.978
108.160,-18.979,0.448,0.682,97.124
108.180,-15.516,0.463,0.682,97.316
108.200,-11.818,0.478,0.682,97.541
108.220,-7.945,0.482,0.682,97.789
108.240,-3.937,0.486,0.682,98.045
108.260,0.111,0.481,0.682,98.297
108.280,4.160,0.476,0.682,98.529
108.300,8.145,0.459,0.682,98.730
108.320,12.018,0.447,0.682,98.888
108.340,15.732,0.424,0.682,98.998
108.360,19.201,0.396,0.682,99.051
108.380,22.418,0.371,0.682,99.045
108.400,25.307,0.334,0.682,98.983
108.420,27.797,0.301,0.682,98.867
108.440,29.900,0.262,0.682,98.705
108.460,31.559,0.228,0.682,98.286
108.480,32.783,0.184,0.682,98.286
108.500,33.527,0.145,0.682,98.053
108.520,33.779,0.108,0.682,97.822
108.540,33.562,0.066,0.682,97.607
108.560,32.854,0.026,0.682,97.420
108.580,31.676,-0.010,0.682,97.274
108.600,30.047,-0.042,0.682,97.174
108.620,27.990,-0.075,0.682,97.130
108.640,25.488,-0.100,0.682,97.140
108.660,22.646,-0.126,0.682,97.207
108.680,19.482,-0.145,0.682,97.322
108.700,16.025,-0.166,0.682,97.483
108.720,12.334,-0.171,0.682,97.676
108.740,8.496,-0.183,0.682,97.892
108.760,4.512,-0.179,0.682,98.116
108.780,0.463,-0.180,0.682,98.335
108.800,-3.574,-0.174,0.682,98.536
108.820,-7.582,-0.160,0.682,98.708
108.840,-11.461,-0.145,0.682,98.837
108.860,-15.193,-0.121,0.682,98.919
108.880,-18.691,-0.098,0.682,98.944
108.900,-21.908,-0.067,0.682,98.912
108.920,-24.803,-0.038,0.682,98.823
108.940,-27.311,0.000,0.682,98.684
108.960,-29.473,0.033,0.682,98.498
108.980,-31.189,0.074,0.682,98.278
109.000,-32.420,0.111,0.682,98.035
109.020,-33.164,0.157,0.682,97.780
109.040,-33.439,0.190,0.682,97.529
109.060,-33.281,0.238,0.682,97.295
109.080,-32.590,0.269,0.681,97.090
109.100,-31.436,0.311,0.681,96.925
109.120,-29.818,0.345,0.681,96.810
109.140,-27.732,0.373,0.681,96.749
109.160,-25.289,0.406,0.681,96.746
109.180,-22.436,0.427,0.681,96.798
109.200,-19.271,0.454,0.681,96.906
109.220,-15.844,0.467,0.681,97.060
109.240,-12.117,0.481,0.681,97.250
109.260,-8.262,0.489,0.681,97.466
109.280,-4.266,0.489,0.681,97.693
109.300,-0.211,0.484,0.681,97.917
109.320,3.844,0.480,0.681,98.124
109.340,7.840,0.466,0.681,98.306
109.360,11.719,0.451,0.681,98.448
109.380,15.451,0.429,0.681,98.545
109.400,18.949,0.402,0.681,98.589
109.420,22.166,0.374,0.681,98.577
109.440,25.078,0.340,0.681,98.509
109.460,27.609,0.306,0.681,98.391
109.480,29.760,0.268,0.681,98.228
109.500,31.447,0.231,0.681,98.031
109.520,32.719,0.190,0.681,97.811
109.540,33.480,0.149,0.681,97.581
109.560,33.779,0.109,0.681,97.355
109.580,33.615,0.069,0.681,97.145
109.600,32.936,0.029,0.681,96.965
109.620,31.793,-0.007,0.681,96.827
109.640,30.187,-0.042,0.681,96.737
109.660,28.172,-0.074,0.681,96.705
109.680,25.717,-0.103,0.681,96.729
109.700,22.904,-0.125,0.681,96.812
109.720,19.764,-0.144,0.681,96.948
109.740,16.330,-0.170,0.681,97.129
109.760,12.650,-0.174,0.681,97.351
109.780,8.807,-0.187,0.681,97.595
109.800,4.846,-0.183,0.681,97.850
109.820,0.820,-0.185,0.681,98.103
109.840,-3.258,-0.174,0.681,98.340
109.860,-7.248,-0.164,0.681,98.548
109.880,-11.139,-0.149,0.681,98.716
109.900,-14.865,-0.126,0.681,98.837
109.920,-18.381,-0.107,0.681,98.901
109.940,-21.633,-0.072,0.681,98.910
109.960,-24.551,-0.046,0.681,98.861
109.980,-27.088,-0.005,0.681,98.760
110.000,-29.273,0.025,0.681,98.612
110.020,-31.014,0.068,0.681,98.429
110.040,-32.309,0.102,0.681,98.219
110.060,-33.100,0.146,0.681,97.997
110.080,-33.393,0.181,0.681,97.776
110.100,-33.264,0.225,0.681,97.391
110.120,-32.631,0.259,0.681,97.391
110.140,-31.535,0.302,0.681,97.250
110.160,-29.924,0.334,0.681,97.158
110.180,-27.891,0.365,0.681,97.118
110.200,-25.477,0.395,0.681,97.134
110.220,-22.658,0.421,0.681,97.204
110.240,-19.512,0.444,0.681,97.329
110.260,-16.084,0.460,0.681,97.495
110.280,-12.416,0.472,0.681,97.699
110.300,-8.566,0.478,0.681,97.923
110.320,-4.564,0.485,0.681,98.158
110.340,-0.545,0.484,0.681,98.388
110.360,3.527,0.475,0.681,98.603
110.380,7.518,0.461,0.681,98.788
110.400,11.414,0.447,0.681,98.931
110.420,15.170,0.427,0.681,99.028
110.440,18.674,0.402,0.681,99.068
110.460,21.920,0.373,0.681,99.050
110.480,24.867,0.341,0.681,98.975
110.500,27.416,0.305,0.681,98.847
110.520,29.596,0.269,0.681,98.670
110.540,31.318,0.230,0.681,98.458
110.560,32.613,0.191,0.681,98.219
110.580,33.439,0.150,0.681,97.967
110.600,33.768,0.112,0.681,97.716
110.620,33.639,0.068,0.681,97.479
110.640,33.006,0.032,0.681,97.269
110.660,31.898,-0.009,0.681,97.098
110.680,30.322,-0.039,0.681,96.973
110.700,28.342,-0.077,0.681,96.903
110.720,25.934,-0.100,0.681,96.891
110.740,23.133,-0.129,0.681,96.933
110.760,20.010,-0.146,0.681,97.029
110.780,16.611,-0.164,0.681,97.171
110.800,12.949,-0.174,0.681,97.349
110.820,9.123,-0.188,0.681,97.552
110.840,5.162,-0.184,0.681,97.770
110.860,1.125,-0.187,0.681,97.985
110.880,-2.930,-0.175,0.681,98.185
110.900,-6.937,-0.168,0.681,98.359
110.920,-10.857,-0.151,0.681,98.496
110.940,-14.596,-0.131,0.681,98.584
110.960,-18.123,-0.108,0.681,98.622
110.980,-21.404,-0.073,0.681,98.603
111.000,-24.346,-0.046,0.681,98.528
111.020,-26.971,-0.009,0.681,98.401
111.040,-29.156,0.024,0.681,98.230
111.060,-30.943,0.065,0.681,98.023
111.080,-32.250,0.103,0.681,97.791
111.100,-33.094,0.143,0.681,97.548
111.120,-33.434,0.184,0.681,97.306
111.140,-33.340,0.227,0.681,97.079
111.160,-32.730,0.264,0.678,96.882
111.180,-31.676,0.301,0.678,96.723
111.200,-30.111,0.336,0.678,96.613
111.220,-28.113,0.369,0.678,96.557
111.240,-25.711,0.402,0.678,96.561
111.260,-22.934,0.423,0.678,96.623
111.280,-19.787,0.447,0.678,96.741
111.300,-16.389,0.463,0.678,96.904
111.320,-12.762,0.478,0.678,97.108
111.340,-8.918,0.486,0.678,97.337
111.360,-4.928,0.487,0.678,97.582
111.380,-0.873,0.487,0.678,97.826
111.400,3.187,0.481,0.678,98.057
111.420,7.178,0.469,0.678,98.264
111.440,11.092,0.454,0.678,98.430
111.460,14.859,0.429,0.678,98.552
111.480,18.398,0.411,0.678,98.617
111.500,21.656,0.377,0.678,98.630
111.520,24.650,0.348,0.678,98.584
111.540,27.229,0.311,0.678,98.487
111.560,29.437,0.276,0.678,98.342
111.580,31.195,0.240,0.678,98.161
111.600,32.525,0.196,0.678,97.954
111.620,33.398,0.160,0.678,97.733
111.640,33.762,0.115,0.678,97.513
111.660,33.662,0.075,0.678,97.306
111.680,33.082,0.040,0.678,97.127
111.700,31.998,-0.001,0.678,96.985
111.720,30.457,-0.034,0.678,96.890
111.740,28.518,-0.068,0.678,96.850
111.760,26.150,-0.095,0.678,96.865
111.780,23.367,-0.120,0.678,96.939
111.800,20.279,-0.139,0.678,97.064
111.820,16.893,-0.161,0.678,97.235
111.840,13.254,-0.172,0.678,97.445
111.860,9.439,-0.179,0.678,97.679
111.880,5.484,-0.181,0.678,97.923
111.900,1.471,-0.183,0.678,98.167
111.920,-2.590,-0.174,0.678,98.397
111.940,-6.592,-0.166,0.678,98.598
111.960,-10.547,-0.146,0.678,98.873
111.980,-14.285,-0.129,0.678,98.873
112.000,-17.812,-0.109,0.678,98.933
112.020,-21.135,-0.076,0.678,98.935
112.040,-24.100,-0.050,0.678,98.879
112.060,-26.736,-0.011,0.678,98.612
112.080,-28.975,0.024,0.678,98.612
112.100,-30.785,0.057,0.678,98.415
112.120,-32.115,0.096,0.678,98.192
112.140,-33.006,0.141,0.678,97.953
112.160,-33.381,0.178,0.678,97.713
112.180,-33.340,0.221,0.678,97.486
112.200,-32.766,0.258,0.678,97.284
112.220,-31.746,0.297,0.678,97.118
112.240,-30.205,0.327,0.678,96.999
112.260,-28.260,0.365,0.678,96.930
112.280,-25.904,0.394,0.678,96.919
112.300,-23.156,0.422,0.678,96.962
112.320,-20.045,0.440,0.678,97.063
112.340,-16.664,0.463,0.678,97.205
112.360,-13.049,0.468,0.678,97.389
112.380,-9.193,0.483,0.678,97.593
112.400,-5.238,0.482,0.678,97.815
112.420,-1.184,0.486,0.678,98.033
112.440,2.865,0.475,0.678,98.240
112.460,6.885,0.469,0.678,98.419
112.480,10.793,0.446,0.678,98.562
112.500,14.561,0.432,0.678,98.658
112.520,18.123,0.402,0.678,98.701
112.540,21.404,0.376,0.678,98.687
112.560,24.428,0.344,0.678,98.616
112.580,27.041,0.311,0.678,98.494
112.600,29.273,0.273,0.678,98.324
112.620,31.072,0.238,0.678,98.116
112.640,32.449,0.192,0.678,97.882
112.660,33.334,0.156,0.678,97.634
112.680,33.750,0.113,0.678,97.384
112.700,33.686,0.074,0.677,97.148
112.720,33.152,0.036,0.677,96.939
112.740,32.092,-0.004,0.677,96.767
112.760,30.598,-0.033,0.677,96.642
112.780,28.699,-0.075,0.677,96.570
112.800,26.355,-0.094,0.677,96.559
112.820,23.602,-0.127,0.677,96.602
112.840,20.537,-0.144,0.677,96.703
112.860,17.180,-0.165,0.677,96.851
112.880,13.564,-0.173,0.677,97.039
112.900,9.762,-0.183,0.677,97.255
112.920,5.824,-0.187,0.677,97.488
112.940,1.811,-0.187,0.677,97.722
112.960,-2.273,-0.181,0.677,97.944
112.980,-6.270,-0.170,0.677,98.143
113.000,-10.225,-0.152,0.677,98.306
113.020,-13.986,-0.134,0.677,98.422
113.040,-17.566,-0.112,0.677,98.488
113.060,-20.895,-0.083,0.677,98.499
113.080,-23.871,-0.054,0.677,98.453
113.100,-26.525,-0.016,0.677,98.356
113.120,-28.805,0.016,0.677,98.211
113.140,-30.656,0.058,0.677,98.029
113.160,-32.051,0.094,0.677,97.820
113.180,-32.971,0.132,0.677,97.596
113.200,-33.369,0.173,0.677,97.372
113.220,-33.352,0.216,0.677,97.160
113.240,-32.859,0.253,0.677,96.975
113.260,-31.852,0.293,0.677,96.827
113.280,-30.363,0.326,0.677,96.727
113.300,-28.447,0.363,0.677,96.690
113.320,-26.121,0.386,0.677,96.690
113.340,-23.408,0.421,0.677,96.756
113.360,-20.326,0.441,0.677,96.880
113.380,-16.951,0.461,0.677,97.051
113.400,-13.348,0.469,0.677,97.265
113.420,-9.527,0.482,0.677,97.501
113.440,-5.596,0.483,0.677,97.756
113.460,-1.535,0.489,0.677,98.009
113.480,2.525,0.477,0.677,98.254
113.500,6.545,0.472,0.677,98.470
113.520,10.465,0.449,0.677,98.651
113.540,14.273,0.438,0.677,98.783
113.560,17.848,0.407,0.677,98.862
113.580,21.141,0.383,0.677,98.883
113.600,24.176,0.352,0.677,98.847
113.620,26.842,0.317,0.677,98.757
113.640,29.098,0.282,0.677,98.618
113.660,30.943,0.242,0.677,98.439
113.680,32.350,0.204,0.677,98.231
113.700,33.281,0.165,0.677,98.007
113.720,33.727,0.124,0.677,97.779
113.740,33.709,0.080,0.677,97.562
113.760,33.211,0.045,0.677,97.370
113.780,32.197,0.004,0.677,97.212
113.800,30.750,-0.028,0.677,97.100
113.820,28.863,-0.069,0.677,97.040
113.840,26.561,-0.083,0.677,97.037
113.860,23.836,-0.119,0.677,97.086
113.880,20.801,-0.136,0.677,97.191
113.900,17.461,-0.160,0.677,97.341
113.920,13.852,-0.171,0.677,97.532
113.940,10.066,-0.178,0.677,97.748
113.960,6.129,-0.185,0.677,97.978
113.980,2.109,-0.179,0.677,98.210
114.000,-1.945,-0.178,0.677,98.426
114.020,-5.977,-0.166,0.677,98.618
114.040,-9.926,-0.152,0.677,98.770
114.060,-13.705,-0.132,0.677,98.878
114.080,-17.285,-0.110,0.677,98.931
114.100,-20.643,-0.079,0.677,98.928
114.120,-23.672,-0.052,0.677,98.865
114.140,-26.344,-0.017,0.677,98.750
114.160,-28.646,0.017,0.677,98.587
114.180,-30.551,0.056,0.677,98.383
114.200,-31.963,0.092,0.677,98.150
114.220,-32.936,0.136,0.677,97.901
114.240,-33.369,0.175,0.677,97.648
114.260,-33.381,0.218,0.677,97.406
114.280,-32.918,0.253,0.677,97.189
114.300,-31.957,0.291,0.677,97.007
114.320,-30.527,0.327,0.677,96.870
114.340,-28.635,0.364,0.677,96.785
114.360,-26.303,0.389,0.677,96.758
114.380,-23.637,0.421,0.677,96.785
114.400,-20.578,0.439,0.677,96.870
114.420,-17.232,0.463,0.677,97.002
114.440,-13.664,0.472,0.677,97.376
114.460,-9.838,0.488,0.677,97.376
114.480,-5.877,0.489,0.677,97.597
114.500,-1.834,0.490,0.678,97.819
114.520,2.209,0.477,0.678,98.033
114.540,6.240,0.471,0.678,98.218
114.560,10.172,0.453,0.678,98.371
114.580,13.980,0.435,0.678,98.480
114.600,17.572,0.408,0.678,98.537
114.620,20.889,0.383,0.678,98.539
114.640,23.953,0.352,0.678,98.485
114.660,26.637,0.318,0.678,98.378
114.680,28.945,0.280,0.678,98.225
114.700,30.820,0.244,0.678,98.032
114.720,32.256,0.207,0.678,97.811
114.740,33.234,0.164,0.678,97.575
114.760,33.715,0.120,0.678,97.336
114.780,33.727,0.083,0.678,97.110
114.800,33.270,0.042,0.678,96.907
114.820,32.303,0.004,0.678,96.741
114.840,30.896,-0.027,0.678,96.623
114.860,29.021,-0.070,0.678,96.557
114.880,26.771,-0.088,0.678,96.552
114.900,24.082,-0.121,0.678,96.601
114.920,21.041,-0.136,0.678,96.710
114.940,17.754,-0.163,0.678,96.863
114.960,14.139,-0.171,0.678,97.064
114.980,10.383,-0.185,0.678,97.291
115.000,6.469,-0.186,0.678,97.540
115.020,2.443,-0.187,0.678,97.788
115.040,-1.600,-0.183,0.678,98.030
115.060,-5.637,-0.170,0.678,98.246
115.080,-9.604,-0.156,0.678,98.429
115.100,-13.377,-0.137,0.678,98.565
115.120,-16.986,-0.114,0.678,98.650
115.140,-20.350,-0.090,0.678,98.679
115.160,-23.408,-0.058,0.678,98.573
115.180,-26.109,-0.024,0.678,98.573
115.200,-28.453,0.008,0.678,98.444
115.220,-30.375,0.051,0.678,98.275
115.240,-31.834,0.084,0.678,98.076
115.260,-32.842,0.128,0.678,97.860
115.280,-33.305,0.166,0.678,97.640
115.300,-33.381,0.206,0.678,97.430
115.320,-32.930,0.247,0.678,97.243
115.340,-32.016,0.286,0.678,97.091
115.360,-30.645,0.320,0.678,96.985
115.380,-28.770,0.357,0.678,96.928
115.400,-26.514,0.383,0.678,96.931
115.420,-23.848,0.413,0.678,96.986
115.440,-20.818,0.435,0.678,97.099
115.460,-17.502,0.460,0.678,97.258
115.480,-13.939,0.467,0.678,97.460
115.500,-10.148,0.480,0.678,97.686
115.520,-6.205,0.484,0.678,97.932
115.540,-2.168,0.485,0.678,98.179
115.560,1.881,0.477,0.678,98.415
115.580,5.918,0.471,0.678,98.624
115.600,9.850,0.454,0.678,98.799
115.620,13.682,0.437,0.678,98.928
115.640,17.291,0.409,0.678,99.005
115.660,20.643,0.386,0.678,99.023
115.680,23.730,0.352,0.678,98.983
115.700,26.437,0.321,0.678,98.888
115.720,28.775,0.284,0.678,98.556
115.740,30.680,0.246,0.678,98.556
115.760,32.162,0.208,0.678,98.338
115.780,33.176,0.163,0.678,98.102
115.800,33.697,0.126,0.678,97.861
115.820,33.744,0.087,0.678,97.628
115.840,33.322,0.045,0.678,97.417
115.860,32.396,0.008,0.678,97.239
115.880,31.025,-0.026,0.678,97.107
115.900,29.180,-0.062,0.678,97.023
115.920,26.953,-0.087,0.678,96.998
115.940,24.305,-0.116,0.678,97.027
115.960,21.316,-0.136,0.678,97.112
115.980,18.023,-0.158,0.678,97.242
116.000,14.443,-0.170,0.678,97.616
116.020,10.670,-0.179,0.678,97.616
116.040,6.773,-0.184,0.678,97.836
116.060,2.748,-0.184,0.678,98.057
116.080,-1.295,-0.181,0.678,98.271
116.100,-5.344,-0.166,0.678,98.459
116.120,-9.311,-0.156,0.678,98.613
116.140,-13.131,-0.136,0.678,98.723
116.160,-16.734,-0.114,0.678,98.781
116.180,-20.121,-0.084,0.678,98.785
116.200,-23.221,-0.055,0.678,98.731
116.220,-25.969,-0.023,0.678,98.623
116.240,-28.324,0.010,0.678,98.467
116.260,-30.281,0.054,0.678,98.270
116.280,-31.781,0.088,0.678,98.043
116.300,-32.836,0.131,0.678,97.798
116.320,-33.334,0.170,0.678,97.549
116.340,-33.434,0.210,0.678,97.310
116.360,-33.035,0.254,0.678,97.093
116.380,-32.150,0.286,0.678,96.912
116.400,-30.785,0.322,0.678,96.776
116.420,-28.963,0.359,0.678,96.689
116.440,-26.736,0.388,0.678,96.662
116.460,-24.105,0.420,0.678,96.691
116.480,-21.094,0.433,0.678,96.781
116.500,-17.783,0.461,0.678,96.916
116.520,-14.238,0.469,0.678,97.097
116.540,-10.482,0.489,0.678,97.308
116.560,-6.545,0.488,0.678,97.541
116.580,-2.508,0.492,0.679,97.778
116.600,1.559,0.481,0.679,98.009
116.620,5.590,0.473,0.679,98.216
116.640,9.539,0.458,0.679,98.391
116.660,13.371,0.443,0.679,98.523
116.680,16.998,0.416,0.679,98.605
116.700,20.379,0.393,0.679,98.632
116.720,23.502,0.356,0.679,98.604
116.740,26.232,0.334,0.679,98.521
116.760,28.594,0.289,0.679,98.391
116.780,30.545,0.254,0.679,98.219
116.800,32.062,0.214,0.679,98.017
116.820,33.100,0.174,0.679,97.797
116.840,33.686,0.133,0.679,97.572
116.860,33.756,0.092,0.679,97.356
116.880,33.381,0.054,0.679,97.162
116.900,32.490,0.015,0.679,97.003
116.920,31.154,-0.020,0.679,96.889
116.940,29.350,-0.058,0.679,96.825
116.960,27.164,-0.083,0.679,96.822
116.980,24.521,-0.115,0.679,96.873
117.000,21.539,-0.129,0.679,96.983
117.020,18.293,-0.154,0.679,97.138
117.040,14.766,-0.165,0.679,97.340
117.060,11.004,-0.179,0.679,97.570
117.080,7.096,-0.181,0.679,97.820
117.100,3.076,-0.184,0.679,98.071
117.120,-0.961,-0.179,0.679,98.315
117.140,-4.992,-0.167,0.679,98.536
117.160,-8.959,-0.158,0.679,98.721
117.180,-12.809,-0.140,0.679,98.862
117.200,-16.436,-0.122,0.679,98.952
117.220,-19.828,-0.093,0.679,98.987
117.240,-22.951,-0.062,0.679,98.964
117.260,-25.693,-0.029,0.679,98.884
117.280,-28.113,0.007,0.679,98.753
117.300,-30.105,0.044,0.679,98.580
117.320,-31.652,0.079,0.679,98.374
117.340,-32.713,0.120,0.679,98.149
117.360,-33.270,0.162,0.679,97.916
117.380,-33.422,0.203,0.679,97.690
117.400,-33.053,0.244,0.679,97.485
117.420,-32.221,0.279,0.679,97.311
117.440,-30.896,0.318,0.679,97.181
117.460,-29.092,0.351,0.679,97.099
117.480,-26.906,0.381,0.679,97.073
117.500,-24.299,0.414,0.679,97.187
117.520,-21.340,0.427,0.679,97.187
117.540,-18.041,0.454,0.679,97.316
117.560,-14.525,0.465,0.679,97.491
117.580,-10.764,0.481,0.679,97.692
117.600,-6.844,0.480,0.679,97.914
117.620,-2.818,0.485,0.679,98.139
117.640,1.236,0.478,0.679,98.355
117.660,5.279,0.472,0.679,98.548
117.680,9.240,0.456,0.679,98.708
117.700,13.084,0.436,0.679,98.823
117.720,16.723,0.416,0.679,98.887
117.740,20.127,0.389,0.679,98.895
117.760,23.244,0.356,0.679,98.846
117.780,26.027,0.327,0.679,98.741
117.800,28.412,0.287,0.679,98.586
117.820,30.387,0.255,0.679,98.389
117.840,31.951,0.211,0.679,98.159
117.860,33.029,0.172,0.679,97.910
117.880,33.645,0.131,0.679,97.654
117.900,33.768,0.091,0.679,97.405
117.920,33.428,0.056,0.679,97.177
117.940,32.578,0.012,0.678,96.981
117.960,31.283,-0.022,0.678,96.830
117.980,29.490,-0.058,0.678,96.728
118.000,27.346,-0.083,0.678,96.684
118.020,24.738,-0.116,0.678,96.695
118.040,21.820,-0.134,0.678,96.767
118.060,18.574,-0.158,0.678,96.885
118.080,15.041,-0.171,0.678,97.049
118.100,11.303,-0.182,0.678,97.245
118.120,7.412,-0.183,0.678,97.462
118.140,3.422,-0.186,0.678,97.683
118.160,-0.627,-0.181,0.678,97.901
118.180,-4.664,-0.172,0.678,98.097
118.200,-8.648,-0.162,0.678,98.263
118.220,-12.504,-0.140,0.678,98.387
118.240,-16.143,-0.120,0.678,98.462
118.260,-19.582,-0.092,0.678,98.482
118.280,-22.734,-0.063,0.678,98.447
118.300,-25.512,-0.031,0.678,98.358
118.320,-27.949,0.005,0.678,98.220
118.340,-29.971,0.041,0.678,98.041
118.360,-31.564,0.079,0.678,97.830
118.380,-32.678,0.119,0.678,97.601
118.400,-33.270,0.159,0.678,97.365
118.420,-33.434,0.201,0.678,97.137
118.440,-33.123,0.238,0.678,96.930
118.460,-32.338,0.282,0.678,96.756
118.480,-31.061,0.314,0.678,96.628
118.500,-29.291,0.349,0.678,96.549
118.520,-27.117,0.378,0.678,96.528
118.540,-24.545,0.414,0.678,96.564
118.560,-21.621,0.434,0.678,96.661
118.580,-18.357,0.455,0.678,96.807
118.600,-14.854,0.466,0.678,96.998
118.620,-11.109,0.484,0.678,97.220
118.640,-7.184,0.483,0.678,97.467
118.660,-3.176,0.490,0.678,97.719
118.680,0.891,0.481,0.678,97.966
118.700,4.928,0.477,0.678,98.192
118.720,8.895,0.460,0.678,98.539
118.740,12.756,0.443,0.678,98.539
118.760,16.424,0.424,0.678,98.640
118.780,19.852,0.397,0.678,98.688
118.800,22.992,0.364,0.678,98.678
118.820,25.805,0.335,0.678,98.612
118.840,28.242,0.297,0.678,98.495
118.860,30.252,0.262,0.678,98.334
118.880,31.828,0.219,0.678,98.141
118.900,32.953,0.182,0.678,97.927
118.920,33.615,0.140,0.678,97.704
118.940,33.785,0.101,0.678,97.488
118.960,33.475,0.062,0.678,97.290
118.980,32.666,0.020,0.678,97.123
119.000,31.400,-0.012,0.678,97.000
119.020,29.666,-0.047,0.678,96.925
119.040,27.551,-0.080,0.678,96.907
119.060,24.973,-0.105,0.678,96.943
119.080,22.061,-0.129,0.678,97.036
119.100,18.838,-0.146,0.678,97.363
119.120,15.328,-0.166,0.678,97.363
119.140,11.602,-0.176,0.678,97.580
119.160,7.723,-0.181,0.678,97.817
119.180,3.738,-0.183,0.678,98.057
119.200,-0.316,-0.177,0.678,98.291
119.220,-4.354,-0.170,0.678,98.502
119.240,-8.338,-0.158,0.678,98.817
119.260,-12.205,-0.137,0.678,98.817
119.280,-15.855,-0.120,0.678,98.901
119.300,-19.318,-0.092,0.678,98.928
119.320,-22.477,-0.061,0.678,98.900
119.340,-25.324,-0.031,0.678,98.812
119.360,-27.768,0.004,0.678,98.674
119.380,-29.818,0.041,0.678,98.492
119.400,-31.465,0.083,0.678,98.276
119.420,-32.578,0.119,0.678,98.037
119.440,-33.252,0.161,0.678,97.790
119.460,-33.451,0.199,0.678,97.548
119.480,-33.141,0.237,0.678,97.323
119.500,-32.396,0.278,0.678,97.129
119.520,-31.137,0.311,0.678,96.978
119.540,-29.432,0.348,0.678,96.874
119.560,-27.281,0.378,0.678,96.826
119.580,-24.750,0.410,0.678,96.832
119.600,-21.838,0.431,0.678,96.897
119.620,-18.586,0.454,0.678,97.168
119.640,-15.117,0.468,0.678,97.168
119.660,-11.391,0.480,0.678,97.358
119.680,-7.488,0.483,0.678,97.789
119.700,-3.475,0.487,0.678,97.789
119.720,0.580,0.479,0.678,98.002
119.740,4.611,0.474,0.678,98.196
119.760,8.596,0.460,0.678,98.361
119.780,12.457,0.439,0.678,98.486
119.800,16.148,0.419,0.678,98.560
119.820,19.588,0.389,0.678,98.580
119.840,22.764,0.363,0.678,98.542
119.860,25.605,0.331,0.678,98.450
119.880,28.049,0.297,0.678,98.309
119.900,30.111,0.258,0.678,98.125
119.920,31.723,0.216,0.678,97.908
119.940,32.889,0.180,0.678,97.669
119.960,33.574,0.137,0.678,97.423
119.980,33.785,0.095,0.678,97.183
120.000,33.516,0.058,0.678,96.962
120.020,32.742,0.020,0.678,96.773
120.040,31.512,-0.015,0.678,96.531
120.060,29.836,-0.055,0.678,96.531
120.080,27.732,-0.084,0.678,96.496
120.100,25.201,-0.107,0.678,96.515
120.120,22.318,-0.134,0.678,96.593
120.140,19.113,-0.153,0.678,96.724
120.160,15.621,-0.174,0.678,96.901
120.180,11.930,-0.178,0.678,97.114
120.200,8.045,-0.185,0.678,97.349
120.220,4.078,-0.187,0.678,97.593
120.240,0.041,-0.182,0.678,97.835
120.260,-4.008,-0.177,0.678,98.058
120.280,-8.010,-0.164,0.678,98.252
120.300,-11.877,-0.146,0.678,98.407
120.320,-15.562,-0.126,0.678,98.513
120.340,-19.020,-0.100,0.678,98.564
120.360,-22.213,-0.070,0.678,98.561
120.380,-25.084,-0.038,0.678,98.501
120.400,-27.574,-0.000,0.678,98.392
120.420,-29.660,0.031,0.678,98.238
120.440,-31.301,0.071,0.678,98.052
120.460,-32.479,0.110,0.678,97.844
120.480,-33.182,0.153,0.678,97.627
120.500,-33.428,0.189,0.678,97.415
120.520,-33.182,0.235,0.678,97.222
120.540,-32.467,0.270,0.678,97.060
120.560,-31.248,0.306,0.678,96.940
120.580,-29.578,0.346,0.678,96.867
120.600,-27.475,0.371,0.678,96.895
120.620,-24.984,0.406,0.678,96.895
120.640,-22.096,0.430,0.678,96.996
120.660,-18.867,0.450,0.678,97.147
120.680,-15.416,0.464,0.678,97.571
120.700,-11.707,0.481,0.678,97.571
120.720,-7.822,0.481,0.678,97.823
120.740,-3.814,0.488,0.678,98.080
120.760,0.246,0.481,0.678,98.334
120.780,4.312,0.479,0.678,98.568
120.800,8.273,0.458,0.678,98.771
120.820,12.146,0.443,0.678,98.930
120.840,15.850,0.425,0.678,99.038
120.860,19.318,0.397,0.678,99.092
120.880,22.506,0.372,0.678,99.087
120.900,25.400,0.335,0.678,99.026
120.920,27.873,0.303,0.678,98.911
120.940,29.959,0.265,0.678,98.751
120.960,31.611,0.224,0.678,98.555
120.980,32.824,0.184,0.678,98.335
121.000,33.545,0.142,0.678,98.104
121.020,33.779,0.105,0.678,97.876
121.040,33.557,0.063,0.678,97.664
121.060,32.824,0.024,0.678,97.481
121.080,31.629,-0.012,0.678,97.338
121.100,29.977,-0.044,0.678,97.242
121.120,27.914,-0.076,0.678,97.202
121.140,25.412,-0.101,0.678,97.217
121.160,22.541,-0.129,0.678,97.286
121.180,19.377,-0.148,0.678,97.405
121.200,15.914,-0.166,0.678,97.570
121.220,12.223,-0.172,0.678,97.765
121.240,8.361,-0.182,0.678,97.983
121.260,4.377,-0.183,0.678,98.207
121.280,0.346,-0.179,0.678,98.428
121.300,-3.709,-0.172,0.678,98.628
121.320,-7.699,-0.159,0.678,98.798
121.340,-11.590,-0.144,0.678,98.927
121.360,-15.311,-0.118,0.678,99.006
121.380,-18.803,-0.096,0.678,99.028
121.400,-22.008,-0.065,0.678,98.994
121.420,-24.885,-0.035,0.678,98.903
121.440,-27.387,-0.000,0.678,98.762
121.460,-29.555,0.033,0.678,98.575
121.480,-31.236,0.077,0.678,98.354
121.500,-32.437,0.112,0.678,98.108
121.520,-33.182,0.156,0.678,97.853
121.540,-33.428,0.194,0.678,97.601
121.560,-33.234,0.236,0.678,97.366
121.580,-32.572,0.271,0.677,97.161
121.600,-31.377,0.307,0.677,96.995
121.620,-29.748,0.348,0.677,96.879
121.640,-27.645,0.377,0.677,96.819
121.660,-25.201,0.409,0.677,96.816
121.680,-22.359,0.428,0.677,96.870
121.700,-19.148,0.448,0.677,96.976
121.720,-15.680,0.467,0.677,97.128
121.740,-11.994,0.479,0.677,97.316
121.760,-8.133,0.487,0.677,97.529
121.780,-4.137,0.489,0.677,97.752
121.800,-0.082,0.485,0.677,97.973
121.820,3.973,0.476,0.677,98.179
121.840,7.963,0.463,0.677,98.354
121.860,11.836,0.450,0.677,98.492
121.880,15.562,0.427,0.677,98.583
121.900,19.055,0.401,0.677,98.620
121.920,22.266,0.373,0.677,98.602
121.940,25.189,0.340,0.677,98.530
121.960,27.680,0.308,0.677,98.406
121.980,29.818,0.265,0.677,98.239
122.000,31.494,0.229,0.677,98.037
122.020,32.742,0.189,0.677,97.812
122.040,33.516,0.147,0.677,97.578
122.060,33.779,0.108,0.677,97.348
122.080,33.592,0.066,0.677,97.135
122.100,32.895,0.029,0.677,96.953
122.120,31.746,-0.006,0.677,96.812
122.140,30.117,-0.040,0.677,96.720
122.160,28.096,-0.078,0.677,96.684
122.180,25.623,-0.102,0.677,96.708
122.200,22.793,-0.127,0.677,96.789
122.220,19.641,-0.144,0.677,96.923
122.240,16.213,-0.170,0.677,97.103
122.260,12.527,-0.175,0.677,97.321
122.280,8.689,-0.185,0.677,97.814
122.300,4.705,-0.184,0.677,97.814
122.320,0.686,-0.185,0.677,98.063
122.340,-3.369,-0.177,0.677,98.297
122.360,-7.377,-0.165,0.677,98.500
122.380,-11.268,-0.150,0.677,98.664
122.400,-14.988,-0.125,0.677,98.778
122.420,-18.486,-0.108,0.677,98.838
122.440,-21.727,-0.072,0.677,98.844
122.460,-24.633,-0.046,0.677,98.792
122.480,-27.176,-0.004,0.677,98.688
122.500,-29.350,0.026,0.677,98.537
122.520,-31.078,0.067,0.677,98.351
122.540,-32.338,0.104,0.677,98.139
122.560,-33.123,0.144,0.677,97.916
122.580,-33.393,0.186,0.677,97.695
122.600,-33.252,0.224,0.677,97.489
122.620,-32.619,0.267,0.677,97.310
122.640,-31.500,0.298,0.677,97.173
122.660,-29.871,0.341,0.677,97.081
122.680,-27.814,0.364,0.677,97.044
122.700,-25.400,0.406,0.677,97.060
122.720,-22.570,0.417,0.677,97.137
122.740,-19.406,0.453,0.677,97.262
122.760,-15.973,0.459,0.677,97.435
122.780,-12.299,0.477,0.677,97.638
122.800,-8.420,0.486,0.677,97.866
122.820,-4.441,0.483,0.677,98.105
122.840,-0.393,0.487,0.677,98.339
122.860,3.650,0.474,0.677,98.557
122.880,7.652,0.464,0.677,98.744
122.900,11.537,0.442,0.677,98.890
122.920,15.281,0.426,0.677,98.985
122.940,18.791,0.397,0.677,99.027
122.960,22.020,0.374,0.677,99.009
122.980,24.973,0.336,0.677,98.936
123.000,27.498,0.306,0.677,98.809
123.020,29.666,0.264,0.677,98.636
123.040,31.377,0.232,0.677,98.426
123.060,32.660,0.189,0.677,98.191
123.080,33.463,0.147,0.677,97.943
123.100,33.773,0.108,0.677,97.696
123.120,33.615,0.064,0.677,97.464
123.140,32.965,0.030,0.677,97.260
123.160,31.863,-0.012,0.677,97.095
123.180,30.252,-0.040,0.677,96.977
123.200,28.266,-0.079,0.677,96.913
123.220,25.846,-0.096,0.677,96.908
123.240,23.039,-0.129,0.677,96.955
123.260,19.910,-0.145,0.677,97.058
123.280,16.488,-0.170,0.677,97.206
123.300,12.814,-0.172,0.677,97.391
123.320,8.988,-0.187,0.677,97.599
123.340,5.045,-0.183,0.677,97.821
123.360,1.014,-0.183,0.677,98.040
123.380,-3.070,-0.174,0.677,98.242
123.400,-7.061,-0.164,0.677,98.416
123.420,-10.980,-0.149,0.677,98.554
123.440,-14.713,-0.124,0.677,98.644
123.460,-18.234,-0.104,0.677,98.682
123.480,-21.527,-0.071,0.677,98.663
123.500,-24.451,-0.046,0.677,98.589
123.520,-27.012,-0.006,0.677,98.465
123.540,-29.221,0.026,0.677,98.294
123.560,-30.990,0.066,0.677,98.087
123.580,-32.291,0.103,0.677,97.856
123.600,-33.123,0.146,0.677,97.614
123.620,-33.410,0.181,0.677,97.374
123.640,-33.299,0.231,0.677,97.149
123.660,-32.713,0.260,0.676,96.954
123.680,-31.641,0.303,0.676,96.797
123.700,-30.059,0.336,0.676,96.689
123.720,-28.055,0.371,0.676,96.636
123.740,-25.641,0.397,0.676,96.642
123.760,-22.834,0.425,0.676,96.705
123.780,-19.705,0.445,0.676,96.823
123.800,-16.266,0.467,0.676,96.987
123.820,-12.656,0.472,0.676,97.191
123.840,-8.783,0.486,0.676,97.419
123.860,-4.787,0.486,0.676,97.663
123.880,-0.738,0.489,0.676,97.904
123.900,3.316,0.478,0.676,98.134
123.920,7.312,0.472,0.676,98.336
123.940,11.227,0.450,0.676,98.500
123.960,14.982,0.433,0.676,98.616
123.980,18.504,0.405,0.676,98.679
124.000,21.768,0.381,0.676,98.686
124.020,24.727,0.344,0.676,98.638
124.040,27.293,0.315,0.676,98.536
124.060,29.508,0.274,0.676,98.389
124.080,31.254,0.238,0.676,98.205
124.100,32.578,0.193,0.676,97.994
124.120,33.416,0.156,0.676,97.771
124.140,33.762,0.115,0.676,97.549
124.160,33.650,0.074,0.676,97.341
124.180,33.035,0.038,0.676,97.160
124.200,31.963,-0.004,0.676,97.019
124.220,30.398,-0.032,0.676,96.925
124.240,28.447,-0.072,0.676,96.885
124.260,26.057,-0.095,0.676,96.902
124.280,23.285,-0.125,0.676,96.973
124.300,20.168,-0.139,0.676,97.100
124.320,16.781,-0.164,0.676,97.481
124.340,13.125,-0.172,0.676,97.481
124.360,9.311,-0.183,0.676,97.715
124.380,5.361,-0.181,0.676,97.961
124.400,1.330,-0.186,0.676,98.203
124.420,-2.730,-0.173,0.676,98.432
124.440,-6.732,-0.165,0.676,98.631
124.460,-10.664,-0.150,0.676,98.792
124.480,-14.414,-0.126,0.676,98.905
124.500,-17.936,-0.106,0.676,98.962
124.520,-21.246,-0.072,0.676,98.963
124.540,-24.199,-0.054,0.676,98.906
124.560,-26.801,-0.009,0.676,98.797
124.580,-29.045,0.025,0.676,98.639
124.600,-30.826,0.065,0.676,98.442
124.620,-32.168,0.100,0.676,98.219
124.640,-33.035,0.143,0.676,97.982
124.660,-33.404,0.183,0.676,97.744
124.680,-33.316,0.223,0.676,97.519
124.700,-32.748,0.260,0.676,97.320
124.720,-31.705,0.297,0.676,97.157
124.740,-30.158,0.332,0.676,97.042
124.760,-28.195,0.364,0.676,96.979
124.780,-25.811,0.394,0.676,96.971
124.800,-23.045,0.420,0.676,97.018
124.820,-19.916,0.443,0.676,97.122
124.840,-16.529,0.460,0.676,97.270
124.860,-12.920,0.473,0.676,97.456
124.880,-9.076,0.482,0.676,97.666
124.900,-5.092,0.481,0.676,97.890
124.920,-1.049,0.485,0.676,98.112
124.940,3.000,0.476,0.676,98.321
124.960,7.020,0.464,0.676,98.503
124.980,10.910,0.448,0.676,98.645
125.000,14.695,0.426,0.676,98.743
125.020,18.246,0.404,0.676,98.784
125.040,21.521,0.375,0.676,98.772
125.060,24.521,0.344,0.676,98.701
125.080,27.111,0.311,0.676,98.579
125.100,29.332,0.272,0.676,98.409
125.120,31.131,0.236,0.676,98.202
125.140,32.496,0.193,0.676,97.969
125.160,33.357,0.153,0.676,97.721
125.180,33.750,0.113,0.676,97.473
125.200,33.680,0.073,0.676,97.239
125.220,33.094,0.035,0.676,97.031
125.240,32.068,-0.004,0.676,96.863
125.260,30.568,-0.033,0.676,96.740
125.280,28.623,-0.078,0.676,96.673
125.300,26.268,-0.096,0.676,96.663
125.320,23.514,-0.128,0.676,96.712
125.340,20.443,-0.144,0.676,96.814
125.360,17.068,-0.164,0.676,96.964
125.380,13.436,-0.172,0.676,97.156
125.400,9.633,-0.184,0.676,97.371
125.420,5.689,-0.183,0.676,97.605
125.440,1.676,-0.186,0.676,97.836
125.460,-2.408,-0.179,0.676,98.057
125.480,-6.398,-0.170,0.676,98.251
125.500,-10.371,-0.155,0.676,98.411
125.520,-14.109,-0.132,0.676,98.525
125.540,-17.666,-0.112,0.676,98.587
125.560,-20.977,-0.079,0.676,98.593
125.580,-23.959,-0.056,0.676,98.544
125.600,-26.613,-0.016,0.676,98.443
125.620,-28.881,0.014,0.676,98.295
125.640,-30.715,0.059,0.676,98.110
125.660,-32.092,0.093,0.676,97.897
125.680,-32.994,0.136,0.676,97.671
125.700,-33.369,0.174,0.676,97.445
125.720,-33.363,0.219,0.676,97.232
125.740,-32.842,0.254,0.676,97.046
125.760,-31.822,0.295,0.676,96.897
125.780,-30.316,0.327,0.676,96.797
125.800,-28.400,0.365,0.676,96.747
125.820,-26.033,0.391,0.676,96.759
125.840,-23.326,0.421,0.676,96.825
125.860,-20.238,0.443,0.676,97.119
125.880,-16.846,0.462,0.676,97.119
125.900,-13.236,0.474,0.676,97.331
125.920,-9.404,0.485,0.676,97.567
125.940,-5.426,0.484,0.676,97.820
125.960,-1.400,0.488,0.676,98.070
125.980,2.660,0.478,0.676,98.310
126.000,6.680,0.469,0.676,98.523
126.020,10.594,0.452,0.676,98.697
126.040,14.396,0.435,0.676,98.826
126.060,17.959,0.410,0.676,98.900
126.080,21.252,0.379,0.676,98.920
126.100,24.293,0.347,0.676,98.879
126.120,26.906,0.316,0.676,98.785
126.140,29.168,0.278,0.676,98.643
126.160,31.002,0.245,0.676,98.462
126.180,32.391,0.200,0.676,98.252
126.200,33.305,0.159,0.676,98.027
126.220,33.750,0.119,0.676,97.800
126.240,33.697,0.079,0.676,97.583
126.260,33.170,0.042,0.676,97.391
126.280,32.168,0.000,0.676,97.234
126.300,30.703,-0.028,0.676,97.125
126.320,28.793,-0.071,0.676,97.065
126.340,26.479,-0.087,0.676,97.065
126.360,23.736,-0.119,0.676,97.117
126.380,20.684,-0.133,0.676,97.225
126.400,17.344,-0.158,0.676,97.373
126.420,13.717,-0.166,0.676,97.565
126.440,9.937,-0.183,0.676,97.780
126.460,6.006,-0.180,0.676,98.014
126.480,1.980,-0.183,0.676,98.243
126.500,-2.080,-0.176,0.676,98.463
126.520,-6.088,-0.165,0.676,98.653
126.540,-10.049,-0.148,0.676,98.807
126.560,-13.822,-0.129,0.676,98.912
126.580,-17.396,-0.112,0.676,98.965
126.600,-20.754,-0.075,0.676,98.961
126.620,-23.754,-0.050,0.676,98.899
126.640,-26.420,-0.009,0.676,98.784
126.660,-28.699,0.018,0.676,98.619
126.680,-30.598,0.061,0.676,98.416
126.700,-31.998,0.093,0.676,98.183
126.720,-32.936,0.141,0.676,97.935
126.740,-33.369,0.175,0.676,97.685
126.760,-33.363,0.219,0.676,97.446
126.780,-32.889,0.257,0.676,97.232
126.800,-31.916,0.293,0.676,97.053
126.820,-30.457,0.327,0.676,96.920
126.840,-28.535,0.362,0.676,96.838
126.860,-26.221,0.390,0.676,96.815
126.880,-23.543,0.421,0.676,96.846
126.900,-20.467,0.439,0.676,96.936
126.920,-17.104,0.460,0.676,97.071
126.940,-13.529,0.474,0.676,97.248
126.960,-9.697,0.483,0.676,97.451
126.980,-5.748,0.488,0.676,97.674
127.000,-1.705,0.488,0.676,97.896
127.020,2.344,0.481,0.676,98.110
127.040,6.369,0.472,0.676,98.452
127.060,10.289,0.453,0.676,98.452
127.080,14.092,0.433,0.676,98.561
127.100,17.689,0.411,0.676,98.616
127.120,21.000,0.381,0.676,98.621
127.140,24.059,0.350,0.676,98.566
127.160,26.713,0.318,0.676,98.459
127.180,29.010,0.282,0.676,98.305
127.200,30.867,0.242,0.676,98.113
127.220,32.303,0.203,0.676,97.893
127.240,33.258,0.164,0.676,97.658
127.260,33.732,0.121,0.676,97.421
127.280,33.721,0.080,0.676,97.196
127.300,33.246,0.042,0.676,96.997
127.320,32.268,0.004,0.676,96.834
127.340,30.838,-0.030,0.676,96.718
127.360,28.951,-0.071,0.676,96.656
127.380,26.684,-0.091,0.676,96.655
127.400,23.988,-0.123,0.676,96.709
127.420,20.953,-0.138,0.676,96.821
127.440,17.637,-0.162,0.676,96.979
127.460,14.027,-0.172,0.676,97.182
127.480,10.248,-0.183,0.676,97.411
127.500,6.334,-0.187,0.676,97.660
127.520,2.314,-0.184,0.676,97.910
127.540,-1.734,-0.183,0.676,98.150
127.560,-5.760,-0.171,0.676,98.367
127.580,-9.721,-0.159,0.676,98.548
127.600,-13.506,-0.135,0.676,98.685
127.620,-17.109,-0.116,0.676,98.769
127.640,-20.461,-0.088,0.676,98.798
127.660,-23.508,-0.060,0.676,98.771
127.680,-26.215,-0.022,0.676,98.690
127.700,-28.529,0.008,0.676,98.559
127.720,-30.451,0.054,0.676,98.389
127.740,-31.869,0.085,0.676,98.190
127.760,-32.877,0.129,0.676,97.973
127.780,-33.322,0.167,0.676,97.754
127.800,-33.352,0.211,0.676,97.545
127.820,-32.918,0.249,0.676,97.359
127.840,-31.980,0.287,0.676,97.208
127.860,-30.586,0.322,0.676,97.105
127.880,-28.693,0.358,0.676,97.050
127.900,-26.414,0.386,0.676,97.054
127.920,-23.742,0.417,0.676,97.112
127.940,-20.707,0.436,0.676,97.227
127.960,-17.385,0.460,0.676,97.386
127.980,-13.811,0.470,0.676,97.589
128.000,-10.014,0.480,0.676,97.815
128.020,-6.059,0.486,0.676,98.059
128.040,-2.033,0.483,0.676,98.305
128.060,2.021,0.480,0.676,98.539
128.080,6.059,0.468,0.676,98.749
128.100,9.984,0.451,0.676,98.919
128.120,13.799,0.435,0.676,99.044
128.140,17.414,0.406,0.676,99.116
128.160,20.742,0.385,0.676,99.130
128.180,23.824,0.352,0.676,99.087
128.200,26.514,0.317,0.676,98.989
128.220,28.840,0.282,0.676,98.840
128.240,30.738,0.246,0.676,98.650
128.260,32.203,0.204,0.676,98.429
128.280,33.199,0.165,0.676,98.191
128.300,33.715,0.123,0.676,97.947
128.320,33.738,0.085,0.676,97.712
128.340,33.305,0.046,0.676,97.500
128.360,32.361,0.012,0.676,97.321
128.380,30.973,-0.026,0.676,97.187
128.400,29.109,-0.062,0.676,97.103
128.420,26.889,-0.087,0.676,97.077
128.440,24.217,-0.116,0.676,97.105
128.460,21.199,-0.136,0.676,97.189
128.480,17.912,-0.158,0.676,97.319
128.500,14.320,-0.168,0.676,97.491
128.520,10.559,-0.179,0.676,97.688
128.540,6.645,-0.185,0.676,97.905
128.560,2.643,-0.180,0.676,98.124
128.580,-1.412,-0.179,0.676,98.330
128.600,-5.455,-0.166,0.676,98.514
128.620,-9.422,-0.153,0.676,98.664
128.640,-13.236,-0.135,0.676,98.769
128.660,-16.822,-0.112,0.676,98.821
128.680,-20.232,-0.088,0.676,98.818
128.700,-23.303,-0.054,0.676,98.760
128.720,-26.027,-0.021,0.676,98.647
128.740,-28.383,0.014,0.676,98.486
128.760,-30.334,0.051,0.676,98.285
128.780,-31.816,0.088,0.676,98.053
128.800,-32.842,0.131,0.676,97.805
128.820,-33.334,0.168,0.676,97.553
128.840,-33.422,0.211,0.676,97.311
128.860,-33.018,0.253,0.676,97.093
128.880,-32.104,0.289,0.674,96.909
128.900,-30.732,0.323,0.674,96.772
128.920,-28.898,0.360,0.674,96.685
128.940,-26.648,0.387,0.674,96.657
128.960,-24.018,0.420,0.674,96.770
128.980,-20.988,0.435,0.674,96.770
129.000,-17.684,0.463,0.674,96.903
129.020,-14.127,0.470,0.674,97.085
129.040,-10.342,0.486,0.674,97.292
129.060,-6.410,0.489,0.675,97.523
129.080,-2.367,0.490,0.677,97.757
129.100,1.693,0.481,0.677,97.984
129.120,5.730,0.477,0.677,98.187
129.140,9.668,0.457,0.677,98.359
129.160,13.506,0.439,0.677,98.489
129.180,17.121,0.416,0.677,98.565
129.200,20.490,0.389,0.677,98.588
129.220,23.590,0.359,0.677,98.554
129.240,26.326,0.327,0.677,98.469
129.260,28.664,0.291,0.677,98.334
129.280,30.609,0.249,0.677,98.160
129.300,32.104,0.211,0.677,97.955
129.320,33.141,0.170,0.677,97.733
129.340,33.686,0.131,0.677,97.507
129.360,33.756,0.089,0.677,97.290
129.380,33.369,0.051,0.677,97.097
129.400,32.443,0.012,0.677,96.938
129.420,31.102,-0.023,0.677,96.824
129.440,29.303,-0.058,0.677,96.759
129.460,27.094,-0.085,0.677,96.759
129.480,24.451,-0.116,0.677,96.811
129.500,21.463,-0.131,0.677,96.922
129.520,18.193,-0.158,0.677,97.079
129.540,14.625,-0.167,0.677,97.282
129.560,10.869,-0.180,0.677,97.513
129.580,6.967,-0.182,0.677,97.764
129.600,2.959,-0.183,0.677,98.017
129.620,-1.078,-0.180,0.677,98.262
129.640,-5.109,-0.169,0.677,98.484
129.660,-9.082,-0.157,0.677,98.670
129.680,-12.914,-0.139,0.677,98.812
129.700,-16.535,-0.114,0.677,98.903
129.720,-19.934,-0.091,0.677,98.935
129.740,-23.045,-0.058,0.677,98.913
129.760,-25.775,-0.027,0.677,98.833
129.780,-28.189,0.010,0.677,98.704
129.800,-30.170,0.045,0.677,98.532
129.820,-31.682,0.083,0.677,98.329
129.840,-32.730,0.124,0.677,98.106
129.860,-33.270,0.166,0.677,97.876
129.880,-33.410,0.205,0.677,97.655
129.900,-33.023,0.244,0.677,97.454
129.920,-32.162,0.279,0.677,97.286
129.940,-30.826,0.319,0.677,97.161
129.960,-29.016,0.351,0.677,97.086
129.980,-26.801,0.381,0.677,97.067
130.000,-24.199,0.410,0.677,97.101
130.020,-21.211,0.431,0.677,97.192
130.040,-17.936,0.455,0.677,97.329
130.060,-14.391,0.465,0.677,97.509
130.080,-10.623,0.481,0.677,97.717
130.100,-6.697,0.478,0.677,97.944
130.120,-2.684,0.484,0.677,98.173
130.140,1.377,0.478,0.677,98.395
130.160,5.420,0.470,0.677,98.594
130.180,9.357,0.456,0.677,98.756
130.200,13.201,0.437,0.677,98.876
130.220,16.834,0.413,0.677,98.944
130.240,20.232,0.387,0.677,98.956
130.260,23.355,0.356,0.677,98.909
130.280,26.127,0.326,0.677,98.808
130.300,28.488,0.286,0.677,98.655
130.320,30.457,0.253,0.677,98.461
130.340,31.998,0.211,0.677,98.235
130.360,33.076,0.170,0.677,97.990
130.380,33.662,0.130,0.677,97.738
130.400,33.779,0.090,0.677,97.494
130.420,33.416,0.052,0.677,97.270
130.440,32.537,0.011,0.677,97.079
130.460,31.230,-0.021,0.677,96.933
130.480,29.461,-0.059,0.677,96.836
130.500,27.281,-0.087,0.677,96.799
130.520,24.662,-0.112,0.677,96.816
130.540,21.732,-0.137,0.677,96.891
130.560,18.475,-0.156,0.677,97.015
130.580,14.918,-0.167,0.677,97.182
130.600,11.197,-0.182,0.677,97.380
130.620,7.295,-0.185,0.677,97.599
130.640,3.281,-0.185,0.677,97.824
130.660,-0.762,-0.183,0.677,98.041
130.680,-4.805,-0.170,0.677,98.238
130.700,-8.771,-0.162,0.677,98.403
130.720,-12.621,-0.140,0.677,98.524
130.740,-16.266,-0.120,0.677,98.598
130.760,-19.693,-0.094,0.677,98.617
130.780,-22.828,-0.065,0.677,98.580
130.800,-25.600,-0.030,0.677,98.489
130.820,-28.025,0.006,0.677,98.349
130.840,-30.035,0.044,0.677,98.167
130.860,-31.611,0.079,0.677,97.954
130.880,-32.701,0.123,0.677,97.723
130.900,-33.287,0.158,0.677,97.486
130.920,-33.428,0.206,0.677,97.257
130.940,-33.117,0.242,0.677,97.049
130.960,-32.309,0.280,0.677,96.875
130.980,-31.002,0.319,0.677,96.746
131.000,-29.209,0.352,0.677,96.668
131.020,-27.012,0.383,0.677,96.647
131.040,-24.457,0.412,0.677,96.684
131.060,-21.527,0.433,0.677,96.779
131.080,-18.246,0.460,0.677,96.923
131.100,-14.725,0.469,0.677,97.115
131.120,-10.969,0.483,0.677,97.337
131.140,-7.037,0.484,0.677,97.580
131.160,-3.029,0.491,0.678,97.829
131.180,1.025,0.484,0.678,98.073
131.200,5.080,0.473,0.678,98.295
131.220,9.029,0.460,0.678,98.485
131.240,12.891,0.441,0.678,98.633
131.260,16.547,0.422,0.678,98.730
131.280,19.963,0.393,0.678,98.773
131.300,23.109,0.362,0.678,98.757
131.320,25.916,0.331,0.678,98.687
131.340,28.312,0.296,0.678,98.566
131.360,30.311,0.259,0.678,98.403
131.380,31.898,0.219,0.678,98.206
131.400,33.006,0.178,0.678,97.990
131.420,33.633,0.135,0.678,97.765
131.440,33.791,0.099,0.678,97.548
131.460,33.469,0.059,0.678,97.350
131.480,32.637,0.022,0.678,97.183
131.500,31.354,-0.018,0.678,97.060
131.520,29.607,-0.049,0.678,96.986
131.540,27.480,-0.085,0.678,96.969
131.560,24.879,-0.101,0.678,97.008
131.580,21.955,-0.133,0.678,97.102
131.600,18.727,-0.145,0.678,97.245
131.620,15.217,-0.166,0.678,97.430
131.640,11.496,-0.173,0.678,97.648
131.660,7.617,-0.179,0.678,97.884
131.680,3.604,-0.185,0.678,98.123
131.700,-0.434,-0.175,0.678,98.360
131.720,-4.477,-0.170,0.678,98.569
131.740,-8.455,-0.157,0.678,98.882
131.760,-12.316,-0.139,0.678,98.882
131.780,-15.967,-0.116,0.678,98.965
131.800,-19.418,-0.088,0.678,98.992
131.820,-22.588,-0.060,0.678,98.960
131.840,-25.377,-0.033,0.678,98.873
131.860,-27.826,0.006,0.678,98.734
131.880,-29.859,0.042,0.678,98.552
131.900,-31.471,0.082,0.678,98.336
131.920,-32.602,0.120,0.678,98.098
131.940,-33.240,0.157,0.678,97.853
131.960,-33.416,0.201,0.678,97.612
131.980,-33.123,0.237,0.678,97.391
132.000,-32.361,0.279,0.678,97.200
132.020,-31.090,0.312,0.678,97.051
132.040,-29.350,0.350,0.678,96.951
132.060,-27.205,0.375,0.678,96.908
132.080,-24.645,0.407,0.678,96.916
132.100,-21.732,0.430,0.678,96.984
132.120,-18.486,0.456,0.678,97.100
132.140,-15.000,0.464,0.678,97.263
132.160,-11.262,0.481,0.678,97.453
132.180,-7.359,0.482,0.678,97.668
132.200,-3.340,0.487,0.678,97.888
132.220,0.715,0.480,0.678,98.103
132.240,4.746,0.474,0.678,98.297
132.260,8.730,0.459,0.678,98.462
132.280,12.592,0.439,0.678,98.583
132.300,16.277,0.421,0.678,98.656
132.320,19.705,0.391,0.678,98.673
132.340,22.857,0.365,0.678,98.635
132.360,25.711,0.329,0.678,98.541
132.380,28.125,0.293,0.678,98.398
132.400,30.176,0.257,0.678,98.212
132.420,31.787,0.219,0.678,97.993
132.440,32.947,0.176,0.678,97.754
132.460,33.604,0.137,0.678,97.507
132.480,33.791,0.093,0.678,97.266
132.500,33.510,0.058,0.676,97.045
132.520,32.725,0.016,0.676,96.856
132.540,31.471,-0.018,0.676,96.711
132.560,29.766,-0.053,0.676,96.616
132.580,27.656,-0.089,0.676,96.578
132.600,25.125,-0.108,0.676,96.600
132.620,22.219,-0.138,0.676,96.678
132.640,19.014,-0.150,0.676,96.809
132.660,15.516,-0.174,0.676,96.985
132.680,11.807,-0.178,0.676,97.195
132.700,7.945,-0.191,0.682,97.427
132.720,3.937,-0.184,0.682,97.671
132.740,-0.094,-0.184,0.682,97.908
132.760,-4.154,-0.173,0.682,98.317
132.780,-8.139,-0.167,0.682,98.317
132.800,-12.012,-0.145,0.682,98.468
132.820,-15.668,-0.126,0.682,98.568
132.840,-19.137,-0.096,0.682,98.615
132.860,-22.312,-0.067,0.682,98.605
132.880,-25.166,-0.046,0.682,98.540
132.900,-27.627,0.004,0.682,98.428
132.920,-29.707,0.024,0.682,98.270
132.940,-31.365,0.079,0.682,98.080
132.960,-32.508,0.108,0.682,97.868
132.980,-33.217,0.156,0.682,97.648
133.000,-33.422,0.195,0.682,97.433
133.020,-33.158,0.232,0.682,97.238
133.040,-32.432,0.274,0.682,97.073
133.060,-31.195,0.303,0.682,96.952
133.080,-29.514,0.352,0.682,96.879
133.100,-27.398,0.370,0.682,96.865
133.120,-24.861,0.413,0.682,96.905
133.140,-21.984,0.419,0.682,97.006
133.160,-18.762,0.456,0.682,97.150
133.180,-15.287,0.459,0.682,97.348
133.200,-11.561,0.487,0.682,97.571
133.220,-7.682,0.480,0.682,97.824
133.240,-3.674,0.490,0.682,98.080
133.260,0.381,0.475,0.682,98.331
133.280,4.430,0.481,0.682,98.560
133.300,8.408,0.454,0.682,98.762
133.320,12.293,0.448,0.682,98.916
133.340,15.979,0.419,0.682,99.024
133.360,19.436,0.401,0.682,99.073
133.380,22.617,0.365,0.682,99.066
133.400,25.488,0.339,0.682,99.000
133.420,27.955,0.297,0.682,98.883
133.440,30.035,0.262,0.682,98.720
133.460,31.664,0.224,0.682,98.522
133.480,32.854,0.186,0.682,98.300
133.500,33.574,0.145,0.682,98.068
133.520,33.791,0.102,0.682,97.839
133.540,33.539,0.065,0.682,97.627
133.560,32.807,0.025,0.682,97.444
133.580,31.588,-0.007,0.682,97.302
133.600,29.906,-0.047,0.682,97.207
133.620,27.838,-0.078,0.682,97.167
133.640,25.330,-0.103,0.682,97.183
133.660,22.447,-0.129,0.682,97.255
133.680,19.277,-0.147,0.682,97.375
133.700,15.785,-0.166,0.682,97.539
133.720,12.100,-0.174,0.682,97.736
133.740,8.232,-0.180,0.682,97.954
133.760,4.248,-0.184,0.682,98.179
133.780,0.223,-0.178,0.682,98.397
133.800,-3.826,-0.177,0.682,98.595
133.820,-7.846,-0.151,0.682,98.765
133.840,-11.725,-0.147,0.682,98.888
133.860,-15.404,-0.117,0.682,98.965
133.880,-18.902,-0.099,0.682,98.984
133.900,-22.102,-0.067,0.682,98.948
133.920,-24.973,-0.039,0.682,98.856
133.940,-27.463,0.005,0.682,98.713
133.960,-29.596,0.033,0.682,98.523
133.980,-31.271,0.078,0.682,98.300
134.000,-32.455,0.112,0.682,98.053
134.020,-33.193,0.157,0.682,97.796
134.040,-33.434,0.192,0.682,97.544
134.060,-33.229,0.234,0.682,97.308
134.080,-32.525,0.275,0.682,97.103
134.100,-31.330,0.308,0.682,96.938
134.120,-29.689,0.349,0.682,96.824
134.140,-27.586,0.373,0.682,96.763
134.160,-25.113,0.412,0.682,96.759
134.180,-22.254,0.429,0.682,96.814
134.200,-19.037,0.454,0.682,96.920
134.220,-15.592,0.468,0.682,97.072
134.240,-11.871,0.481,0.682,97.259
134.260,-8.021,0.483,0.682,97.473
134.280,-3.996,0.493,0.683,97.692
134.300,0.053,0.482,0.683,97.913
134.320,4.113,0.483,0.683,98.115
134.340,8.104,0.463,0.683,98.291
134.360,11.959,0.449,0.683,98.425
134.380,15.691,0.423,0.683,98.512
134.400,19.160,0.403,0.683,98.545
134.420,22.371,0.371,0.683,98.526
134.440,25.283,0.340,0.683,98.450
134.460,27.768,0.302,0.683,98.324
134.480,29.889,0.269,0.683,98.154
134.500,31.541,0.224,0.683,97.951
134.520,32.783,0.188,0.683,97.725
134.540,33.521,0.144,0.683,97.490
134.560,33.785,0.107,0.683,97.260
134.580,33.586,0.063,0.683,97.047
134.600,32.877,0.029,0.683,96.865
134.620,31.711,-0.013,0.683,96.725
134.640,30.047,-0.042,0.683,96.635
134.660,28.025,-0.080,0.683,96.600
134.680,25.559,-0.104,0.683,96.625
134.700,22.711,-0.133,0.683,96.709
134.720,19.547,-0.144,0.683,96.845
134.740,16.107,-0.170,0.683,97.025
134.760,12.410,-0.173,0.683,97.244
134.780,8.566,-0.187,0.683,97.485
134.800,4.582,-0.186,0.683,97.989
134.820,0.545,-0.184,0.683,97.989
134.840,-3.486,-0.178,0.683,98.223
134.860,-7.500,-0.165,0.683,98.426
134.880,-11.391,-0.151,0.683,98.591
134.900,-15.105,-0.125,0.683,98.707
134.920,-18.598,-0.104,0.683,98.768
134.940,-21.814,-0.069,0.683,98.773
134.960,-24.727,-0.044,0.683,98.719
134.980,-27.234,-0.004,0.683,98.616
135.000,-29.408,0.028,0.683,98.466
135.020,-31.125,0.068,0.683,98.280
135.040,-32.344,0.099,0.683,98.071
135.060,-33.117,0.149,0.683,97.850
135.080,-33.398,0.183,0.683,97.631
135.100,-33.234,0.228,0.683,97.428
135.120,-32.566,0.264,0.683,97.254
135.140,-31.424,0.302,0.683,97.118
135.160,-29.789,0.339,0.683,97.032
135.180,-27.732,0.365,0.683,96.999
135.200,-25.307,0.400,0.683,97.021
135.220,-22.447,0.423,0.683,97.098
135.240,-19.289,0.443,0.683,97.229
135.260,-15.838,0.460,0.683,97.401
135.280,-12.158,0.474,0.683,97.838
135.300,-8.309,0.480,0.683,97.838
135.320,-4.307,0.485,0.683,98.077
135.340,-0.264,0.481,0.683,98.311
135.360,3.791,0.477,0.683,98.530
135.380,7.781,0.460,0.683,98.718
135.400,11.672,0.446,0.683,98.864
135.420,15.404,0.425,0.683,98.959
135.440,18.902,0.399,0.683,98.998
135.460,22.119,0.369,0.683,98.984
135.480,25.066,0.338,0.683,98.907
135.500,27.586,0.304,0.683,98.781
135.520,29.725,0.267,0.683,98.606
135.540,31.436,0.228,0.683,98.395
135.560,32.695,0.189,0.683,98.159
135.580,33.480,0.145,0.683,97.910
135.600,33.785,0.109,0.683,97.663
135.620,33.621,0.065,0.683,97.430
135.640,32.959,0.028,0.683,97.061
135.660,31.822,-0.009,0.683,97.061
135.680,30.211,-0.045,0.683,96.941
135.700,28.213,-0.078,0.683,96.880
135.720,25.764,-0.104,0.683,96.870
135.740,22.957,-0.131,0.683,96.922
135.760,19.811,-0.147,0.683,97.021
135.780,16.377,-0.168,0.683,97.171
135.800,12.715,-0.173,0.683,97.352
135.820,8.877,-0.187,0.683,97.559
135.840,4.916,-0.183,0.683,97.775
135.860,0.867,-0.184,0.683,97.992
135.880,-3.176,-0.175,0.683,98.189
135.900,-7.195,-0.164,0.683,98.362
135.920,-11.086,-0.149,0.683,98.494
135.940,-14.807,-0.124,0.683,98.581
135.960,-18.328,-0.106,0.683,98.612
135.980,-21.592,-0.071,0.683,98.591
136.000,-24.533,-0.045,0.683,98.512
136.020,-27.070,-0.009,0.683,98.382
136.040,-29.268,0.029,0.683,98.208
136.060,-31.020,0.067,0.683,97.999
136.080,-32.297,0.104,0.683,97.765
136.100,-33.111,0.149,0.683,97.520
136.120,-33.410,0.186,0.683,97.278
136.140,-33.281,0.228,0.683,97.052
136.160,-32.654,0.265,0.683,96.854
136.180,-31.559,0.307,0.683,96.697
136.200,-29.971,0.339,0.683,96.591
136.220,-27.943,0.371,0.683,96.538
136.240,-25.512,0.403,0.683,96.544
136.260,-22.693,0.426,0.683,96.609
136.280,-19.576,0.450,0.683,96.728
136.300,-16.137,0.465,0.683,96.895
136.320,-12.469,0.475,0.683,97.099
136.340,-8.607,0.488,0.683,97.329
136.360,-4.629,0.486,0.683,97.573
136.380,-0.598,0.488,0.683,97.818
136.400,3.475,0.480,0.683,98.044
136.420,7.459,0.468,0.683,98.249
136.440,11.367,0.449,0.683,98.411
136.460,15.117,0.431,0.683,98.529
136.480,18.627,0.407,0.683,98.593
136.500,21.879,0.377,0.683,98.603
136.520,24.844,0.344,0.683,98.554
136.540,27.387,0.311,0.683,98.455
136.560,29.584,0.269,0.683,98.309
136.580,31.312,0.236,0.683,98.127
136.600,32.613,0.194,0.683,97.920
136.620,33.439,0.154,0.683,97.701
136.640,33.785,0.112,0.683,97.482
136.660,33.645,0.076,0.683,97.279
136.680,33.029,0.037,0.683,97.103
136.700,31.922,-0.002,0.683,96.967
136.720,30.375,-0.037,0.683,96.878
136.740,28.389,-0.068,0.683,96.845
136.760,25.980,-0.100,0.683,96.866
136.780,23.186,-0.120,0.683,96.947
136.800,20.074,-0.141,0.683,97.079
136.820,16.670,-0.158,0.683,97.256
136.840,13.014,-0.171,0.683,97.468
136.860,9.205,-0.180,0.683,97.707
136.880,5.238,-0.183,0.683,97.955
136.900,1.230,-0.180,0.683,98.205
136.920,-2.842,-0.173,0.683,98.435
136.940,-6.844,-0.162,0.683,98.637
136.960,-10.770,-0.148,0.683,98.797
136.980,-14.496,-0.125,0.683,98.912
137.000,-18.035,-0.108,0.683,98.970
137.020,-21.322,-0.075,0.683,98.972
137.040,-24.264,-0.049,0.683,98.915
137.060,-26.865,-0.014,0.683,98.806
137.080,-29.068,0.023,0.683,98.648
137.100,-30.844,0.060,0.683,98.453
137.120,-32.191,0.102,0.683,98.230
137.140,-33.041,0.141,0.683,97.992
137.160,-33.375,0.182,0.683,97.755
137.180,-33.270,0.223,0.683,97.530
137.200,-32.701,0.258,0.683,97.332
137.220,-31.635,0.298,0.683,97.169
137.240,-30.076,0.329,0.683,97.055
137.260,-28.107,0.364,0.683,96.991
137.280,-25.723,0.394,0.683,96.984
137.300,-22.934,0.422,0.683,97.031
137.320,-19.811,0.441,0.683,97.133
137.340,-16.400,0.461,0.683,97.277
137.360,-12.785,0.472,0.683,97.462
137.380,-8.924,0.481,0.683,97.669
137.400,-4.939,0.483,0.683,97.888
137.420,-0.891,0.485,0.683,98.107
137.440,3.152,0.473,0.683,98.312
137.460,7.166,0.465,0.683,98.488
137.480,11.062,0.444,0.683,98.625
137.500,14.830,0.429,0.683,98.713
137.520,18.357,0.405,0.683,98.749
137.540,21.627,0.377,0.683,98.730
137.560,24.615,0.340,0.683,98.653
137.580,27.193,0.311,0.683,98.523
137.600,29.402,0.269,0.683,98.347
137.620,31.189,0.233,0.683,98.135
137.640,32.520,0.190,0.683,97.895
137.660,33.381,0.155,0.683,97.642
137.680,33.779,0.108,0.683,97.389
137.700,33.674,0.070,0.679,97.151
137.720,33.094,0.033,0.679,96.939
137.740,32.027,-0.006,0.679,96.766
137.760,30.510,-0.038,0.679,96.639
137.780,28.564,-0.079,0.679,96.568
137.800,26.197,-0.098,0.679,96.557
137.820,23.432,-0.128,0.679,96.600
137.840,20.355,-0.145,0.679,96.699
137.860,16.963,-0.166,0.679,96.845
137.880,13.324,-0.174,0.679,97.031
137.900,9.498,-0.185,0.679,97.245
137.920,5.566,-0.183,0.679,97.473
137.940,1.535,-0.186,0.679,97.702
137.960,-2.508,-0.177,0.679,97.919
137.980,-6.533,-0.170,0.679,98.110
138.000,-10.465,-0.151,0.679,98.267
138.020,-14.215,-0.133,0.679,98.377
138.040,-17.748,-0.110,0.679,98.435
138.060,-21.070,-0.080,0.679,98.438
138.080,-24.047,-0.054,0.679,98.386
138.100,-26.684,-0.011,0.679,98.283
138.120,-28.916,0.020,0.679,98.132
138.140,-30.738,0.059,0.679,97.945
138.160,-32.098,0.096,0.679,97.732
138.180,-32.977,0.141,0.679,97.505
138.200,-33.363,0.176,0.679,97.280
138.220,-33.322,0.223,0.679,97.068
138.240,-32.771,0.254,0.679,96.883
138.260,-31.723,0.293,0.679,96.737
138.280,-30.223,0.331,0.679,96.638
138.300,-28.289,0.365,0.679,96.594
138.320,-25.922,0.390,0.679,96.610
138.340,-23.186,0.417,0.679,96.680
138.360,-20.080,0.441,0.679,96.807
138.380,-16.693,0.461,0.679,96.979
138.400,-13.096,0.472,0.679,97.195
138.420,-9.252,0.484,0.679,97.434
138.440,-5.279,0.485,0.679,97.691
138.460,-1.242,0.489,0.679,97.946
138.480,2.824,0.475,0.679,98.190
138.500,6.832,0.470,0.679,98.406
138.520,10.729,0.450,0.679,98.584
138.540,14.525,0.436,0.679,98.716
138.560,18.082,0.407,0.679,98.795
138.580,21.375,0.381,0.679,98.816
138.600,24.381,0.350,0.679,98.780
138.620,27.006,0.316,0.679,98.690
138.640,29.244,0.277,0.679,98.551
138.660,31.055,0.242,0.679,98.374
138.680,32.437,0.199,0.679,98.168
138.700,33.334,0.160,0.679,97.946
138.720,33.756,0.120,0.679,97.723
138.740,33.697,0.081,0.679,97.511
138.760,33.158,0.037,0.679,97.325
138.780,32.127,0.004,0.679,97.175
138.800,30.650,-0.031,0.679,97.070
138.820,28.734,-0.065,0.679,97.019
138.840,26.402,-0.090,0.679,97.023
138.860,23.654,-0.117,0.679,97.082
138.880,20.584,-0.136,0.679,97.194
138.900,17.244,-0.157,0.679,97.350
138.920,13.617,-0.170,0.679,97.547
138.940,9.820,-0.177,0.679,97.768
138.960,5.889,-0.183,0.679,98.002
138.980,1.881,-0.182,0.679,98.236
139.000,-2.180,-0.173,0.679,98.456
139.020,-6.199,-0.165,0.679,98.647
139.040,-10.160,-0.147,0.679,98.801
139.060,-13.916,-0.128,0.679,98.908
139.080,-17.490,-0.110,0.679,98.960
139.100,-20.795,-0.080,0.679,98.956
139.120,-23.824,-0.052,0.679,98.895
139.140,-26.473,-0.013,0.679,98.779
139.160,-28.770,0.020,0.679,98.614
139.180,-30.633,0.059,0.679,98.409
139.200,-32.010,0.095,0.679,98.177
139.220,-32.918,0.138,0.679,97.928
139.240,-33.352,0.178,0.679,97.677
139.260,-33.328,0.217,0.679,97.438
139.280,-32.842,0.260,0.675,97.223
139.300,-31.840,0.297,0.675,97.045
139.320,-30.363,0.331,0.675,96.912
139.340,-28.465,0.362,0.675,96.833
139.360,-26.098,0.390,0.675,96.808
139.380,-23.426,0.423,0.675,96.839
139.400,-20.326,0.440,0.675,96.927
139.420,-16.969,0.463,0.675,97.061
139.440,-13.371,0.472,0.675,97.236
139.460,-9.539,0.485,0.675,97.438
139.480,-5.602,0.486,0.675,97.657
139.500,-1.559,0.488,0.675,97.876
139.520,2.496,0.477,0.675,98.085
139.540,6.510,0.472,0.675,98.267
139.560,10.441,0.448,0.675,98.416
139.580,14.232,0.432,0.675,98.519
139.600,17.812,0.407,0.675,98.571
139.620,21.111,0.380,0.675,98.568
139.640,24.158,0.347,0.675,98.510
139.660,26.812,0.315,0.675,98.397
139.680,29.086,0.278,0.675,98.239
139.700,30.932,0.237,0.675,98.042
139.720,32.344,0.199,0.675,97.817
139.740,33.287,0.158,0.675,97.578
139.760,33.744,0.122,0.675,97.338
139.780,33.715,0.079,0.675,97.110
139.800,33.217,0.042,0.675,96.908
139.820,32.244,0.002,0.675,96.742
139.840,30.779,-0.031,0.675,96.624
139.860,28.898,-0.071,0.675,96.560
139.880,26.613,-0.091,0.675,96.557
139.900,23.883,-0.122,0.675,96.609
139.920,20.854,-0.139,0.675,96.876
139.940,17.525,-0.161,0.675,96.876
139.960,13.928,-0.173,0.675,97.075
139.980,10.148,-0.184,0.675,97.304
140.000,6.211,-0.184,0.675,97.552
140.020,2.203,-0.185,0.675,97.799
140.040,-1.857,-0.178,0.675,98.037
140.060,-5.859,-0.172,0.675,98.249
140.080,-9.826,-0.154,0.675,98.430
140.100,-13.605,-0.138,0.675,98.564
140.120,-17.197,-0.112,0.675,98.648
140.140,-20.537,-0.086,0.675,98.674
140.160,-23.584,-0.059,0.675,98.645
140.180,-26.256,-0.024,0.675,98.562
140.200,-28.553,0.014,0.675,98.431
140.220,-30.480,0.051,0.675,98.259
140.240,-31.887,0.087,0.675,98.060
140.260,-32.859,0.129,0.675,97.844
140.280,-33.305,0.168,0.675,97.626
140.300,-33.340,0.211,0.675,97.418
140.320,-32.877,0.246,0.675,97.235
140.340,-31.928,0.290,0.675,97.087
140.360,-30.486,0.319,0.675,96.987
140.380,-28.623,0.362,0.675,96.935
140.400,-26.297,0.379,0.675,96.945
140.420,-23.643,0.422,0.675,97.004
140.440,-20.584,0.432,0.675,97.126
140.460,-17.256,0.460,0.675,97.288
140.480,-13.687,0.466,0.675,97.496
140.500,-9.879,0.483,0.675,97.724
140.520,-5.924,0.481,0.675,97.974
140.540,-1.887,0.485,0.675,98.221
140.560,2.174,0.476,0.675,98.460
140.580,6.187,0.473,0.675,98.669
140.600,10.107,0.452,0.675,98.846
140.620,13.928,0.437,0.675,98.973
140.640,17.520,0.406,0.675,99.048
140.660,20.865,0.381,0.675,99.065
140.680,23.930,0.352,0.675,99.022
140.700,26.613,0.316,0.675,98.925
140.720,28.916,0.282,0.675,98.778
140.740,30.803,0.244,0.675,98.591
140.760,32.256,0.206,0.675,98.372
140.780,33.223,0.166,0.675,98.137
140.800,33.732,0.122,0.675,97.897
140.820,33.732,0.083,0.674,97.666
140.840,33.275,0.045,0.674,97.457
140.860,32.332,0.004,0.674,97.283
140.880,30.920,-0.025,0.674,97.155
140.900,29.068,-0.067,0.674,97.075
140.920,26.818,-0.091,0.674,97.053
140.940,24.129,-0.121,0.674,97.086
140.960,21.100,-0.137,0.674,97.176
140.980,17.795,-0.157,0.674,97.310
141.000,14.209,-0.171,0.674,97.485
141.020,10.441,-0.178,0.674,97.687
141.040,6.539,-0.182,0.674,97.907
141.060,2.508,-0.182,0.674,98.125
141.080,-1.541,-0.177,0.674,98.335
141.100,-5.566,-0.170,0.674,98.519
141.120,-9.533,-0.155,0.674,98.672
141.140,-13.318,-0.133,0.674,98.777
141.160,-16.922,-0.112,0.674,98.830
141.180,-20.297,-0.085,0.674,98.828
141.200,-23.379,-0.052,0.674,98.769
141.220,-26.074,-0.021,0.674,98.655
141.240,-28.400,0.012,0.674,98.494
141.260,-30.340,0.053,0.674,98.293
141.280,-31.816,0.091,0.674,98.062
141.300,-32.842,0.132,0.674,97.815
141.320,-33.322,0.172,0.674,97.564
141.340,-33.375,0.212,0.674,97.323
141.360,-32.947,0.253,0.674,97.106
141.380,-32.010,0.286,0.674,96.925
141.400,-30.645,0.325,0.674,96.789
141.420,-28.787,0.360,0.674,96.704
141.440,-26.514,0.387,0.674,96.678
141.460,-23.871,0.420,0.674,96.708
141.480,-20.842,0.436,0.674,96.796
141.500,-17.543,0.460,0.674,96.933
141.520,-13.963,0.469,0.674,97.113
141.540,-10.178,0.482,0.674,97.322
141.560,-6.240,0.485,0.674,97.551
141.580,-2.221,0.488,0.674,97.783
141.600,1.828,0.481,0.674,98.008
141.620,5.877,0.472,0.674,98.210
141.640,9.820,0.454,0.674,98.378
141.660,13.635,0.439,0.674,98.505
141.680,17.250,0.414,0.674,98.581
141.700,20.596,0.390,0.674,98.602
141.720,23.684,0.356,0.674,98.567
141.740,26.414,0.320,0.674,98.478
141.760,28.740,0.289,0.674,98.339
141.780,30.656,0.248,0.674,98.162
141.800,32.150,0.209,0.674,97.955
141.820,33.164,0.173,0.674,97.731
141.840,33.703,0.128,0.674,97.503
141.860,33.756,0.088,0.674,97.285
141.880,33.328,0.051,0.674,97.091
141.900,32.426,0.011,0.674,96.931
141.920,31.049,-0.024,0.674,96.816
141.940,29.221,-0.063,0.674,96.754
141.960,27.012,-0.084,0.674,96.752
141.980,24.357,-0.114,0.674,96.803
142.000,21.375,-0.132,0.674,96.913
142.020,18.088,-0.158,0.674,97.069
142.040,14.502,-0.170,0.674,97.271
142.060,10.764,-0.179,0.674,97.501
142.080,6.861,-0.183,0.674,97.749
142.100,2.842,-0.184,0.674,97.999
142.120,-1.184,-0.183,0.674,98.242
142.140,-5.244,-0.170,0.674,98.460
142.160,-9.199,-0.159,0.674,98.643
142.180,-13.014,-0.137,0.674,98.783
142.200,-16.629,-0.116,0.674,98.869
142.220,-20.021,-0.089,0.674,98.899
142.240,-23.133,-0.062,0.674,98.872
142.260,-25.857,-0.026,0.674,98.790
142.280,-28.236,0.006,0.674,98.657
142.300,-30.182,0.045,0.674,98.483
142.320,-31.687,0.083,0.674,98.277
142.340,-32.748,0.125,0.674,98.053
142.360,-33.281,0.161,0.674,97.823
142.380,-33.387,0.205,0.674,97.600
142.400,-32.994,0.239,0.674,97.400
142.420,-32.109,0.281,0.674,97.231
142.440,-30.785,0.316,0.674,97.107
142.460,-28.939,0.355,0.674,97.032
142.480,-26.725,0.380,0.674,97.014
142.500,-24.105,0.413,0.674,97.049
142.520,-21.094,0.430,0.674,97.142
142.540,-17.812,0.455,0.674,97.280
142.560,-14.273,0.467,0.674,97.462
142.580,-10.494,0.481,0.674,97.671
142.600,-6.574,0.482,0.674,97.899
142.620,-2.537,0.482,0.674,98.128
142.640,1.506,0.478,0.674,98.349
142.660,5.543,0.469,0.674,98.546
142.680,9.492,0.454,0.674,98.710
142.700,13.330,0.435,0.674,98.827
142.720,16.951,0.412,0.674,98.892
142.740,20.338,0.387,0.674,98.903
142.760,23.443,0.353,0.674,98.856
142.780,26.203,0.324,0.674,98.752
142.800,28.564,0.286,0.674,98.599
142.820,30.516,0.247,0.674,98.404
142.840,32.045,0.211,0.674,98.177
142.860,33.094,0.166,0.674,97.931
142.880,33.668,0.131,0.674,97.679
142.900,33.773,0.088,0.674,97.434
142.920,33.381,0.049,0.674,97.212
142.940,32.496,0.008,0.674,97.022
142.960,31.172,-0.023,0.674,96.878
142.980,29.391,-0.062,0.674,96.781
143.000,27.205,-0.084,0.674,96.746
143.020,24.580,-0.120,0.674,96.762
143.040,21.604,-0.135,0.674,96.841
143.060,18.352,-0.159,0.674,96.963
143.080,14.789,-0.169,0.674,97.133
143.100,11.057,-0.180,0.674,97.330
143.120,7.143,-0.180,0.674,97.549
143.140,3.135,-0.185,0.674,97.769
143.160,-0.914,-0.182,0.674,97.987
143.180,-4.951,-0.171,0.674,98.182
143.200,-8.936,-0.158,0.674,98.346
143.220,-12.768,-0.141,0.674,98.465
143.240,-16.406,-0.121,0.674,98.535
143.260,-19.811,-0.090,0.674,98.552
143.280,-22.939,-0.062,0.674,98.510
143.300,-25.687,-0.031,0.674,98.416
143.320,-28.102,0.008,0.674,98.274
143.340,-30.117,0.045,0.674,98.089
143.360,-31.658,0.080,0.674,97.874
143.380,-32.748,0.122,0.674,97.641
143.400,-33.293,0.161,0.674,97.402
143.420,-33.439,0.205,0.674,97.172
143.440,-33.105,0.243,0.674,96.964
143.460,-32.268,0.280,0.673,96.789
143.480,-30.943,0.318,0.673,96.660
143.500,-29.168,0.352,0.673,96.581
143.520,-26.965,0.382,0.673,96.562
143.540,-24.381,0.411,0.673,96.599
143.560,-21.393,0.429,0.673,96.693
143.580,-18.135,0.459,0.673,96.836
143.600,-14.602,0.470,0.673,97.026
143.620,-10.840,0.482,0.673,97.247
143.640,-6.932,0.489,0.674,97.488
143.660,-2.900,0.491,0.676,97.738
143.680,1.166,0.484,0.676,97.982
143.700,5.209,0.475,0.676,98.204
143.720,9.158,0.460,0.676,98.392
143.740,13.008,0.442,0.676,98.538
143.760,16.670,0.418,0.676,98.634
143.780,20.068,0.396,0.676,98.672
143.800,23.203,0.360,0.676,98.656
143.820,25.998,0.330,0.676,98.584
143.840,28.395,0.291,0.676,98.462
143.860,30.381,0.257,0.676,98.297
143.880,31.939,0.218,0.676,98.100
143.900,33.023,0.177,0.676,97.883
143.920,33.650,0.134,0.676,97.659
143.940,33.779,0.092,0.676,97.443
143.960,33.434,0.060,0.676,97.247
143.980,32.596,0.018,0.676,97.083
144.000,31.301,-0.017,0.676,96.963
144.020,29.549,-0.052,0.676,96.892
144.040,27.393,-0.086,0.676,96.879
144.060,24.803,-0.106,0.676,96.922
144.080,21.867,-0.129,0.676,97.019
144.100,18.633,-0.150,0.676,97.164
144.120,15.094,-0.169,0.676,97.352
144.140,11.379,-0.174,0.676,97.573
144.160,7.477,-0.183,0.676,97.812
144.180,3.480,-0.179,0.676,98.056
144.200,-0.568,-0.179,0.676,98.290
144.220,-4.594,-0.168,0.676,98.503
144.240,-8.590,-0.156,0.676,98.683
144.260,-12.439,-0.137,0.676,98.819
144.280,-16.090,-0.115,0.676,98.903
144.300,-19.523,-0.091,0.676,98.931
144.320,-22.682,-0.060,0.676,98.900
144.340,-25.471,-0.029,0.676,98.815
144.360,-27.896,0.010,0.676,98.677
144.380,-29.930,0.042,0.676,98.496
144.400,-31.523,0.081,0.676,98.283
144.420,-32.654,0.123,0.676,98.048
144.440,-33.252,0.156,0.676,97.805
144.460,-33.422,0.206,0.676,97.568
144.480,-33.088,0.237,0.676,97.350
144.500,-32.326,0.283,0.676,97.163
144.520,-31.025,0.315,0.676,97.021
144.540,-29.279,0.351,0.676,96.925
144.560,-27.105,0.379,0.676,96.885
144.580,-24.557,0.408,0.676,96.899
144.600,-21.627,0.433,0.676,96.971
144.620,-18.387,0.453,0.676,97.094
144.640,-14.877,0.466,0.676,97.258
144.660,-11.109,0.482,0.676,97.453
144.680,-7.207,0.487,0.676,97.671
144.700,-3.199,0.489,0.676,97.897
144.720,0.850,0.480,0.676,98.115
144.740,4.898,0.471,0.676,98.313
144.760,8.865,0.458,0.676,98.477
144.780,12.727,0.437,0.676,98.600
144.800,16.389,0.419,0.676,98.672
144.820,19.811,0.388,0.676,98.692
144.840,22.969,0.358,0.676,98.653
144.860,25.799,0.330,0.676,98.560
144.880,28.213,0.290,0.676,98.418
144.900,30.240,0.259,0.676,98.234
144.920,31.822,0.219,0.676,98.017
144.940,32.959,0.174,0.676,97.780
144.960,33.615,0.137,0.676,97.536
144.980,33.785,0.094,0.676,97.298
145.000,33.475,0.058,0.676,97.080
145.020,32.678,0.018,0.676,96.895
145.040,31.430,-0.017,0.676,96.754
145.060,29.695,-0.055,0.676,96.662
145.080,27.586,-0.087,0.676,96.630
145.100,25.020,-0.111,0.676,96.655
145.120,22.119,-0.134,0.676,96.738
145.140,18.902,-0.153,0.676,96.871
145.160,15.398,-0.170,0.676,97.051
145.180,11.678,-0.179,0.676,97.264
145.200,7.805,-0.186,0.677,97.499
145.220,3.820,-0.187,0.678,97.743
145.240,-0.223,-0.183,0.678,97.982
145.260,-4.271,-0.174,0.678,98.201
145.280,-8.250,-0.163,0.678,98.390
145.300,-12.117,-0.145,0.678,98.539
145.320,-15.779,-0.125,0.678,98.638
145.340,-19.260,-0.096,0.678,98.683
145.360,-22.418,-0.070,0.678,98.672
145.380,-25.236,-0.037,0.678,98.606
145.400,-27.697,0.002,0.678,98.489
145.420,-29.760,0.033,0.678,98.330
145.440,-31.412,0.075,0.678,98.138
145.460,-32.555,0.112,0.678,97.924
145.480,-33.217,0.156,0.678,97.703
145.500,-33.434,0.192,0.678,97.487
145.520,-33.141,0.236,0.678,97.291
145.540,-32.408,0.273,0.678,97.126
145.560,-31.148,0.309,0.678,97.004
145.580,-29.455,0.345,0.678,96.930
145.600,-27.322,0.375,0.678,96.915
145.620,-24.785,0.406,0.678,96.954
145.640,-21.879,0.432,0.678,97.052
145.660,-18.639,0.454,0.678,97.200
145.680,-15.187,0.467,0.678,97.393
145.700,-11.461,0.478,0.678,97.616
145.720,-7.553,0.481,0.678,97.861
145.740,-3.539,0.484,0.678,98.112
145.760,0.516,0.480,0.678,98.357
145.780,4.553,0.478,0.678,98.583
145.800,8.531,0.460,0.678,98.779
145.820,12.416,0.445,0.678,98.931
145.840,16.090,0.422,0.678,99.031
145.860,19.547,0.396,0.678,99.076
145.880,22.705,0.369,0.678,99.063
145.900,25.576,0.337,0.678,98.993
145.920,28.031,0.298,0.678,98.870
145.940,30.105,0.261,0.678,98.703
145.960,31.717,0.219,0.678,98.500
145.980,32.889,0.184,0.678,98.275
146.000,33.574,0.141,0.678,98.040
146.020,33.797,0.099,0.678,97.809
146.040,33.533,0.062,0.678,97.595
146.060,32.748,0.023,0.678,97.411
146.080,31.535,-0.014,0.678,97.268
146.100,29.836,-0.048,0.678,97.174
146.120,27.773,-0.078,0.678,97.134
146.140,25.236,-0.103,0.678,97.148
146.160,22.354,-0.130,0.678,97.220
146.180,19.160,-0.145,0.678,97.342
146.200,15.674,-0.166,0.678,97.505
146.220,11.959,-0.171,0.678,97.704
146.240,8.098,-0.184,0.678,97.922
146.260,4.119,-0.183,0.678,98.148
146.280,0.076,-0.179,0.678,98.367
146.300,-3.979,-0.171,0.678,98.566
146.320,-7.975,-0.157,0.678,98.733
146.340,-11.836,-0.141,0.678,98.857
146.360,-15.521,-0.119,0.678,98.933
146.380,-19.014,-0.095,0.678,98.952
146.400,-22.195,-0.063,0.678,98.916
146.420,-25.066,-0.035,0.678,98.822
146.440,-27.539,0.004,0.678,98.679
146.460,-29.643,0.039,0.678,98.491
146.480,-31.301,0.079,0.678,98.268
146.500,-32.508,0.114,0.678,98.023
146.520,-33.193,0.158,0.678,97.769
146.540,-33.439,0.198,0.678,97.520
146.560,-33.187,0.236,0.678,97.288
146.580,-32.484,0.275,0.678,97.087
146.600,-31.289,0.309,0.678,96.927
146.620,-29.625,0.350,0.678,96.817
146.640,-27.533,0.375,0.678,96.762
146.660,-25.008,0.407,0.678,96.763
146.680,-22.148,0.429,0.678,96.821
146.700,-18.914,0.453,0.678,96.934
146.720,-15.469,0.471,0.678,97.090
146.740,-11.754,0.479,0.678,97.284
146.760,-7.875,0.485,0.678,97.498
146.780,-3.867,0.491,0.678,97.724
146.800,0.199,0.483,0.678,97.947
146.820,4.248,0.479,0.678,98.151
146.840,8.238,0.462,0.678,98.328
146.860,12.094,0.443,0.678,98.463
146.880,15.814,0.428,0.678,98.551
146.900,19.277,0.399,0.678,98.587
146.920,22.471,0.369,0.678,98.567
146.940,25.365,0.336,0.678,98.491
146.960,27.838,0.302,0.678,98.366
146.980,29.947,0.264,0.678,98.197
147.000,31.600,0.228,0.678,97.995
147.020,32.818,0.187,0.678,97.771
147.040,33.539,0.145,0.678,97.537
147.060,33.779,0.105,0.678,97.309
147.080,33.562,0.064,0.678,97.099
147.100,32.824,0.026,0.678,96.919
147.120,31.664,-0.010,0.678,96.782
147.140,30.018,-0.045,0.678,96.695
147.160,27.949,-0.082,0.678,96.663
147.180,25.453,-0.102,0.678,96.693
147.200,22.600,-0.131,0.678,96.777
147.220,19.441,-0.145,0.678,96.915
147.240,15.979,-0.172,0.678,97.098
147.260,12.281,-0.174,0.678,97.322
147.280,8.426,-0.186,0.678,97.565
147.300,4.465,-0.183,0.678,97.818
147.320,0.422,-0.184,0.678,98.065
147.340,-3.627,-0.177,0.678,98.298
147.360,-7.629,-0.164,0.678,98.499
147.380,-11.525,-0.148,0.678,98.662
147.400,-15.205,-0.129,0.678,98.774
147.420,-18.703,-0.103,0.678,98.832
147.440,-21.914,-0.073,0.678,98.834
147.460,-24.814,-0.036,0.678,98.779
147.480,-27.334,-0.006,0.678,98.671
147.500,-29.473,0.033,0.678,98.520
147.520,-31.184,0.070,0.678,98.332
147.540,-32.367,0.106,0.678,98.120
147.560,-33.158,0.149,0.678,97.898
147.580,-33.393,0.188,0.678,97.679
147.600,-33.234,0.227,0.678,97.475
147.620,-32.549,0.266,0.678,97.300
147.640,-31.371,0.301,0.678,97.166
147.660,-29.742,0.341,0.678,97.079
147.680,-27.650,0.368,0.678,97.047
147.700,-25.219,0.401,0.678,97.069
147.720,-22.377,0.427,0.678,97.148
147.740,-19.172,0.447,0.678,97.279
147.760,-15.721,0.465,0.678,97.453
147.780,-12.029,0.477,0.678,97.663
147.800,-8.156,0.485,0.678,97.894
147.820,-4.166,0.486,0.678,98.134
147.840,-0.111,0.483,0.678,98.369
147.860,3.926,0.473,0.678,98.586
147.880,7.910,0.462,0.678,98.771
147.900,11.795,0.443,0.678,98.916
147.920,15.527,0.424,0.678,99.009
147.940,19.008,0.394,0.678,99.049
147.960,22.225,0.371,0.678,99.029
147.980,25.143,0.333,0.678,98.953
148.000,27.656,0.304,0.678,98.824
148.020,29.783,0.263,0.678,98.649
148.040,31.477,0.225,0.678,98.438
148.060,32.742,0.189,0.678,98.202
148.080,33.504,0.145,0.678,97.955
148.100,33.797,0.106,0.678,97.709
148.120,33.598,0.063,0.678,97.479
148.140,32.900,0.026,0.678,97.278
148.160,31.770,-0.013,0.678,97.116
148.180,30.170,-0.043,0.678,97.002
148.200,28.137,-0.080,0.678,96.942
148.220,25.676,-0.097,0.678,96.941
148.240,22.857,-0.131,0.678,96.993
148.260,19.693,-0.145,0.678,97.100
148.280,16.266,-0.171,0.678,97.249
148.300,12.586,-0.173,0.678,97.436
148.320,8.748,-0.186,0.678,97.643
148.340,4.764,-0.181,0.678,97.864
148.360,0.738,-0.180,0.678,98.081
148.380,-3.322,-0.179,0.678,98.281
148.400,-7.324,-0.160,0.678,98.457
148.420,-11.227,-0.146,0.678,98.589
148.440,-14.959,-0.123,0.678,98.675
148.460,-18.457,-0.102,0.678,98.707
148.480,-21.697,-0.072,0.678,98.686
148.500,-24.621,-0.043,0.678,98.607
148.520,-27.158,-0.006,0.678,98.477
148.540,-29.355,0.029,0.678,98.303
148.560,-31.096,0.068,0.678,98.093
148.580,-32.361,0.103,0.678,97.860
148.600,-33.129,0.147,0.678,97.616
148.620,-33.422,0.186,0.678,97.375
148.640,-33.287,0.232,0.678,97.150
148.660,-32.666,0.267,0.678,96.956
148.680,-31.535,0.304,0.678,96.801
148.700,-29.912,0.336,0.678,96.695
148.720,-27.879,0.372,0.678,96.643
148.740,-25.441,0.402,0.678,96.652
148.760,-22.635,0.427,0.678,96.716
148.780,-19.482,0.449,0.678,96.836
148.800,-16.049,0.466,0.678,97.002
148.820,-12.387,0.477,0.678,97.207
148.840,-8.508,0.487,0.678,97.437
148.860,-4.512,0.490,0.678,97.679
148.880,-0.475,0.487,0.678,97.921
148.900,3.580,0.483,0.678,98.146
148.920,7.588,0.466,0.678,98.346
148.940,11.473,0.452,0.678,98.504
148.960,15.240,0.429,0.678,98.617
148.980,18.732,0.402,0.678,98.675
149.000,21.973,0.376,0.678,98.677
149.020,24.932,0.342,0.678,98.623
149.040,27.469,0.314,0.678,98.517
149.060,29.631,0.273,0.678,98.367
149.080,31.354,0.234,0.678,98.180
149.100,32.666,0.193,0.678,97.968
149.120,33.457,0.149,0.678,97.744
149.140,33.785,0.114,0.678,97.522
149.160,33.627,0.067,0.678,97.315
149.180,32.977,0.037,0.678,97.137
149.200,31.881,-0.006,0.678,96.998
149.220,30.316,-0.037,0.678,96.906
149.240,28.312,-0.075,0.678,96.869
149.260,25.893,-0.094,0.678,96.890
149.280,23.080,-0.125,0.678,96.965
149.300,19.969,-0.137,0.678,97.096
149.320,16.553,-0.166,0.678,97.268
149.340,12.873,-0.167,0.678,97.480
149.360,9.070,-0.184,0.678,97.714
149.380,5.104,-0.181,0.678,97.960
149.400,1.072,-0.184,0.678,98.203
149.420,-3.000,-0.171,0.678,98.430
149.440,-6.973,-0.162,0.678,98.625
149.460,-10.887,-0.146,0.678,98.784
149.480,-14.643,-0.125,0.678,98.892
149.500,-18.152,-0.104,0.678,98.946
149.520,-21.445,-0.074,0.678,98.943
149.540,-24.387,-0.043,0.678,98.882
149.560,-26.947,-0.009,0.678,98.768
149.580,-29.168,0.026,0.678,98.607
149.600,-30.926,0.066,0.678,98.409
149.620,-32.244,0.104,0.678,98.184
149.640,-33.076,0.148,0.678,97.946
149.660,-33.404,0.181,0.678,97.708
149.680,-33.293,0.228,0.678,97.484
149.700,-32.672,0.258,0.678,97.287
149.720,-31.605,0.300,0.678,97.126
149.740,-30.047,0.333,0.678,97.014
149.760,-28.020,0.366,0.678,96.953
149.780,-25.652,0.397,0.678,96.949
149.800,-22.834,0.425,0.678,97.000
149.820,-19.723,0.441,0.678,97.108
149.840,-16.301,0.464,0.678,97.255
149.860,-12.656,0.472,0.678,97.443
149.880,-8.812,0.483,0.678,97.652
149.900,-4.822,0.481,0.678,97.876
149.920,-0.791,0.486,0.678,98.097
149.940,3.281,0.474,0.678,98.305
149.960,7.295,0.467,0.678,98.483
149.980,11.168,0.444,0.678,98.625
150.000,14.959,0.427,0.678,98.717
150.020,18.463,0.402,0.678,98.756
150.040,21.721,0.374,0.678,98.737
150.060,24.715,0.340,0.678,98.664
150.080,27.270,0.307,0.678,98.537
150.100,29.467,0.267,0.678,98.364
150.120,31.236,0.235,0.678,98.155
150.140,32.572,0.190,0.678,97.920
150.160,33.410,0.150,0.678,97.672
150.180,33.768,0.112,0.678,97.425
150.200,33.656,0.068,0.678,97.192
150.220,33.053,0.036,0.677,96.987
150.240,31.998,-0.005,0.677,96.820
150.260,30.457,-0.038,0.677,96.701
150.280,28.488,-0.075,0.677,96.637
150.300,26.109,-0.097,0.677,96.632
150.320,23.326,-0.127,0.677,96.683
150.340,20.227,-0.145,0.677,96.791
150.360,16.846,-0.165,0.677,96.945
150.380,13.201,-0.175,0.677,97.139
150.400,9.387,-0.183,0.677,97.359
150.420,5.443,-0.184,0.677,97.593
150.440,1.412,-0.186,0.677,97.826
150.460,-2.648,-0.177,0.677,98.047
150.480,-6.662,-0.170,0.677,98.241
150.500,-10.594,-0.157,0.677,98.400
150.520,-14.350,-0.129,0.677,98.513
150.540,-17.883,-0.112,0.677,98.572
150.560,-21.187,-0.079,0.677,98.577
150.580,-24.158,-0.053,0.677,98.526
150.600,-26.760,-0.013,0.677,98.423
150.620,-28.998,0.019,0.677,98.273
150.640,-30.803,0.062,0.677,98.088
150.660,-32.156,0.097,0.677,97.875
150.680,-33.018,0.141,0.677,97.651
150.700,-33.393,0.177,0.677,97.426
150.720,-33.340,0.223,0.677,97.217
150.740,-32.783,0.259,0.677,97.035
150.760,-31.740,0.299,0.677,96.890
150.780,-30.199,0.331,0.677,96.796
150.800,-28.236,0.364,0.677,96.751
150.820,-25.881,0.398,0.677,96.767
150.840,-23.121,0.423,0.677,96.841
150.860,-19.992,0.442,0.677,96.972
150.880,-16.600,0.461,0.677,97.145
150.900,-12.990,0.475,0.677,97.360
150.920,-9.152,0.482,0.677,97.598
150.940,-5.168,0.485,0.677,97.850
150.960,-1.125,0.485,0.677,98.105
150.980,2.930,0.479,0.677,98.555
151.000,6.955,0.467,0.677,98.555
151.020,10.852,0.452,0.677,98.727
151.040,14.631,0.431,0.677,98.854
151.060,18.187,0.406,0.677,98.927
151.080,21.457,0.378,0.677,98.942
151.100,24.475,0.347,0.677,98.900
151.120,27.088,0.312,0.677,98.804
151.140,29.314,0.277,0.677,98.659
151.160,31.107,0.240,0.677,98.477
151.180,32.479,0.195,0.677,98.266
151.200,33.363,0.161,0.677,98.041
151.220,33.773,0.118,0.677,97.814
151.240,33.686,0.078,0.677,97.598
151.260,33.146,0.039,0.677,97.409
151.280,32.092,0.000,0.677,97.148
151.300,30.580,-0.030,0.677,97.148
151.320,28.652,-0.072,0.677,97.093
151.340,26.314,-0.091,0.677,97.097
151.360,23.566,-0.123,0.677,97.265
151.380,20.502,-0.135,0.677,97.265
151.400,17.115,-0.163,0.677,97.418
151.420,13.500,-0.167,0.677,97.614
151.440,9.680,-0.183,0.677,97.832
151.460,5.742,-0.175,0.677,98.065
151.480,1.705,-0.184,0.677,98.294
151.500,-2.338,-0.168,0.677,98.511
151.520,-6.363,-0.166,0.677,98.697
151.540,-10.301,-0.147,0.677,98.848
151.560,-14.074,-0.128,0.677,98.949
151.580,-17.607,-0.108,0.677,98.998
151.600,-20.930,-0.077,0.677,98.990
151.620,-23.924,-0.047,0.677,98.926
151.640,-26.584,-0.010,0.677,98.807
151.660,-28.857,0.023,0.677,98.640
151.680,-30.680,0.060,0.677,98.434
151.700,-32.062,0.098,0.677,98.201
151.720,-32.982,0.142,0.677,97.703
151.740,-33.387,0.179,0.677,97.703
151.760,-33.357,0.225,0.677,97.465
151.780,-32.842,0.254,0.676,97.254
151.800,-31.828,0.298,0.676,97.077
151.820,-30.322,0.331,0.676,96.949
151.840,-28.418,0.364,0.676,96.872
151.860,-26.057,0.398,0.676,96.852
151.880,-23.332,0.416,0.676,96.888
151.900,-20.244,0.445,0.676,96.980
151.920,-16.863,0.460,0.676,97.118
151.940,-13.254,0.474,0.676,97.298
151.960,-9.445,0.487,0.676,97.503
151.980,-5.490,0.485,0.676,97.728
152.000,-1.459,0.490,0.676,97.950
152.020,2.613,0.478,0.676,98.163
152.040,6.633,0.474,0.676,98.349
152.060,10.553,0.448,0.676,98.502
152.080,14.338,0.439,0.676,98.607
152.100,17.906,0.406,0.676,98.663
152.120,21.205,0.382,0.676,98.661
152.140,24.240,0.348,0.676,98.605
152.160,26.895,0.319,0.676,98.495
152.180,29.156,0.277,0.676,98.340
152.200,30.979,0.244,0.676,98.145
152.220,32.385,0.199,0.676,97.925
152.240,33.305,0.161,0.676,97.690
152.260,33.762,0.120,0.676,97.454
152.280,33.709,0.076,0.676,97.230
152.300,33.199,0.043,0.676,97.034
152.320,32.186,-0.000,0.676,96.873
152.340,30.721,-0.031,0.676,96.762
152.360,28.828,-0.074,0.676,96.704
152.380,26.520,-0.094,0.676,96.707
152.400,23.807,-0.124,0.676,96.764
152.420,20.742,-0.145,0.676,96.881
152.440,17.420,-0.163,0.676,97.248
152.460,13.799,-0.177,0.676,97.248
152.480,10.008,-0.180,0.676,97.480
152.500,6.070,-0.186,0.676,97.729
152.520,2.057,-0.187,0.678,97.978
152.540,-2.004,-0.182,0.678,98.219
152.560,-6.012,-0.170,0.678,98.432
152.580,-9.967,-0.154,0.678,98.611
152.600,-13.764,-0.134,0.678,98.743
152.620,-17.326,-0.113,0.678,98.823
152.640,-20.672,-0.085,0.678,98.847
152.660,-23.684,-0.055,0.678,98.815
152.680,-26.373,-0.017,0.678,98.728
152.700,-28.664,0.014,0.678,98.594
152.720,-30.557,0.056,0.678,98.420
152.740,-31.969,0.090,0.678,98.218
152.760,-32.906,0.136,0.678,98.000
152.780,-33.346,0.170,0.678,97.780
152.800,-33.322,0.215,0.678,97.571
152.820,-32.871,0.250,0.678,97.387
152.840,-31.916,0.291,0.678,97.237
152.860,-30.439,0.322,0.678,97.135
152.880,-28.559,0.365,0.678,97.082
152.900,-26.244,0.383,0.678,97.089
152.920,-23.561,0.423,0.678,97.148
152.940,-20.496,0.437,0.678,97.266
152.960,-17.150,0.464,0.678,97.428
152.980,-13.570,0.470,0.678,97.632
153.000,-9.744,0.484,0.678,97.858
153.020,-5.801,0.486,0.678,98.103
153.040,-1.758,0.486,0.678,98.347
153.060,2.285,0.479,0.678,98.580
153.080,6.311,0.470,0.678,98.788
153.100,10.236,0.453,0.678,98.955
153.120,14.045,0.434,0.678,99.146
153.140,17.631,0.410,0.678,99.146
153.160,20.953,0.379,0.678,99.157
153.180,24.018,0.352,0.678,99.108
153.200,26.695,0.317,0.678,99.007
153.220,28.980,0.283,0.678,98.855
153.240,30.850,0.241,0.678,98.663
153.260,32.273,0.207,0.678,98.442
153.280,33.246,0.163,0.678,98.203
153.300,33.727,0.122,0.678,97.961
153.320,33.738,0.081,0.678,97.728
153.340,33.258,0.045,0.678,97.520
153.360,32.285,0.004,0.678,97.345
153.380,30.850,-0.029,0.678,97.216
153.400,28.998,-0.067,0.678,97.139
153.420,26.719,-0.087,0.678,97.119
153.440,24.029,-0.119,0.678,97.152
153.460,21.012,-0.139,0.678,97.241
153.480,17.678,-0.157,0.678,97.377
153.500,14.080,-0.171,0.678,97.552
153.520,10.307,-0.179,0.678,97.755
153.540,6.387,-0.183,0.678,97.973
153.560,2.350,-0.181,0.678,98.193
153.580,-1.693,-0.175,0.678,98.402
153.600,-5.719,-0.168,0.678,98.586
153.620,-9.680,-0.150,0.678,98.735
153.640,-13.471,-0.137,0.678,98.838
153.660,-17.080,-0.108,0.678,98.891
153.680,-20.443,-0.083,0.678,98.886
153.700,-23.484,-0.055,0.678,98.826
153.720,-26.191,-0.018,0.678,98.712
153.740,-28.512,0.014,0.678,98.550
153.760,-30.445,0.057,0.678,98.349
153.780,-31.904,0.091,0.678,98.118
153.800,-32.895,0.131,0.678,97.871
153.820,-33.357,0.172,0.678,97.621
153.840,-33.381,0.214,0.678,97.382
153.860,-32.977,0.255,0.678,97.167
153.880,-32.051,0.292,0.678,96.987
153.900,-30.639,0.328,0.678,96.855
153.920,-28.770,0.362,0.678,96.773
153.940,-26.490,0.388,0.678,96.750
153.960,-23.824,0.422,0.678,96.780
153.980,-20.777,0.439,0.678,96.873
154.000,-17.467,0.464,0.678,97.010
154.020,-13.898,0.473,0.678,97.193
154.040,-10.078,0.489,0.678,97.400
154.060,-6.146,0.489,0.678,97.632
154.080,-2.098,0.489,0.678,97.863
154.100,1.951,0.483,0.678,98.088
154.120,5.988,0.477,0.678,98.288
154.140,9.920,0.456,0.678,98.456
154.160,13.746,0.439,0.678,98.580
154.180,17.355,0.415,0.678,98.652
154.200,20.695,0.389,0.678,98.670
154.220,23.783,0.355,0.678,98.631
154.240,26.496,0.324,0.678,98.539
154.260,28.822,0.286,0.678,98.399
154.280,30.715,0.250,0.678,98.220
154.300,32.186,0.211,0.678,98.011
154.320,33.182,0.168,0.678,97.786
154.340,33.703,0.127,0.678,97.557
154.360,33.738,0.090,0.678,97.339
154.380,33.316,0.045,0.678,97.144
154.400,32.379,0.013,0.678,96.986
154.420,30.990,-0.025,0.678,96.871
154.440,29.162,-0.062,0.678,96.811
154.460,26.924,-0.090,0.678,96.807
154.480,24.252,-0.116,0.678,96.862
154.500,21.246,-0.134,0.678,96.971
154.520,17.965,-0.155,0.678,97.129
154.540,14.385,-0.169,0.678,97.330
154.560,10.617,-0.177,0.678,97.558
154.580,6.709,-0.183,0.678,97.805
154.600,2.701,-0.182,0.678,98.054
154.620,-1.348,-0.177,0.678,98.296
154.640,-5.379,-0.170,0.678,98.509
154.660,-9.363,-0.157,0.678,98.692
154.680,-13.131,-0.137,0.678,98.827
154.700,-16.775,-0.114,0.678,98.912
154.720,-20.156,-0.087,0.678,98.938
154.740,-23.238,-0.058,0.678,98.909
154.760,-25.975,-0.023,0.678,98.823
154.780,-28.318,0.011,0.678,98.688
154.800,-30.258,0.049,0.678,98.511
154.820,-31.746,0.087,0.678,98.304
154.840,-32.795,0.126,0.678,98.078
154.860,-33.311,0.166,0.678,97.847
154.880,-33.381,0.207,0.678,97.624
154.900,-32.977,0.246,0.678,97.423
154.920,-32.098,0.282,0.678,97.255
154.940,-30.732,0.319,0.678,97.132
154.960,-28.898,0.355,0.678,97.057
154.980,-26.643,0.379,0.678,97.040
155.000,-24.029,0.413,0.678,97.077
155.020,-21.006,0.430,0.678,97.170
155.040,-17.707,0.457,0.678,97.308
155.060,-14.168,0.468,0.678,97.489
155.080,-10.371,0.479,0.678,97.697
155.100,-6.434,0.481,0.678,97.923
155.120,-2.414,0.488,0.678,98.152
155.140,1.652,0.478,0.678,98.372
155.160,5.689,0.472,0.678,98.567
155.180,9.615,0.453,0.678,98.727
155.200,13.441,0.439,0.678,98.842
155.220,17.080,0.412,0.678,98.905
155.240,20.449,0.387,0.678,98.912
155.260,23.555,0.352,0.678,98.860
155.280,26.279,0.323,0.678,98.754
155.300,28.635,0.287,0.678,98.598
155.320,30.568,0.249,0.678,98.401
155.340,32.092,0.209,0.678,98.172
155.360,33.123,0.167,0.678,97.925
155.380,33.680,0.128,0.678,97.673
155.400,33.768,0.088,0.678,97.429
155.420,33.369,0.045,0.678,97.206
155.440,32.473,0.011,0.678,97.018
155.460,31.131,-0.026,0.678,96.874
155.480,29.326,-0.057,0.678,96.780
155.500,27.123,-0.090,0.678,96.744
155.520,24.492,-0.113,0.678,96.765
155.540,21.521,-0.137,0.678,96.842
155.560,18.252,-0.158,0.678,96.967
155.580,14.689,-0.173,0.678,97.137
155.600,10.934,-0.179,0.678,97.338
155.620,7.020,-0.184,0.678,97.556
155.640,3.029,-0.185,0.678,97.780
155.660,-1.020,-0.182,0.678,97.996
155.680,-5.062,-0.170,0.678,98.191
155.700,-9.041,-0.160,0.678,98.353
155.720,-12.873,-0.143,0.678,98.473
155.740,-16.494,-0.120,0.678,98.542
155.760,-19.887,-0.088,0.678,98.558
155.780,-23.010,-0.060,0.678,98.516
155.800,-25.764,-0.027,0.678,98.421
155.820,-28.178,0.005,0.678,98.278
155.840,-30.158,0.045,0.678,98.094
155.860,-31.682,0.082,0.678,97.880
155.880,-32.760,0.126,0.678,97.647
155.900,-33.311,0.161,0.678,97.410
155.920,-33.445,0.207,0.678,97.182
155.940,-33.076,0.245,0.678,96.977
155.960,-32.209,0.281,0.678,96.805
155.980,-30.891,0.318,0.678,96.679
156.000,-29.086,0.356,0.678,96.603
156.020,-26.895,0.385,0.678,96.588
156.040,-24.275,0.414,0.678,96.629
156.060,-21.275,0.434,0.678,96.727
156.080,-18.000,0.460,0.678,96.875
156.100,-14.473,0.468,0.678,97.069
156.120,-10.717,0.482,0.678,97.291
156.140,-6.785,0.483,0.678,97.535
156.160,-2.760,0.489,0.678,97.782
156.180,1.295,0.481,0.678,98.025
156.200,5.350,0.476,0.678,98.245
156.220,9.287,0.456,0.678,98.435
156.240,13.137,0.439,0.678,98.578
156.260,16.781,0.418,0.678,98.671
156.280,20.180,0.390,0.678,98.710
156.300,23.297,0.361,0.678,98.690
156.320,26.068,0.331,0.678,98.617
156.340,28.471,0.292,0.678,98.493
156.360,30.439,0.253,0.678,98.326
156.380,31.980,0.214,0.678,98.127
156.400,33.059,0.175,0.678,97.909
156.420,33.650,0.137,0.678,97.684
156.440,33.773,0.095,0.678,97.466
156.460,33.428,0.055,0.678,97.269
156.480,32.566,0.020,0.678,97.104
156.500,31.248,-0.018,0.678,96.983
156.520,29.473,-0.050,0.678,96.911
156.540,27.316,-0.082,0.678,96.895
156.560,24.709,-0.109,0.678,96.936
156.580,21.750,-0.132,0.678,97.033
156.600,18.510,-0.150,0.678,97.177
156.620,14.977,-0.164,0.678,97.366
156.640,11.244,-0.176,0.678,97.583
156.660,7.342,-0.181,0.678,97.819
156.680,3.340,-0.179,0.678,98.059
156.700,-0.697,-0.179,0.678,98.290
156.720,-4.734,-0.166,0.678,98.499
156.740,-8.725,-0.154,0.678,98.672
156.760,-12.551,-0.133,0.678,98.802
156.780,-16.207,-0.115,0.678,98.880
156.800,-19.629,-0.089,0.678,98.901
156.820,-22.770,-0.060,0.678,98.866
156.840,-25.541,-0.029,0.678,98.775
156.860,-27.990,0.011,0.678,98.633
156.880,-29.982,0.044,0.678,98.448
156.900,-31.559,0.083,0.678,98.230
156.920,-32.666,0.123,0.678,97.991
156.940,-33.264,0.162,0.678,97.745
156.960,-33.416,0.202,0.678,97.506
156.980,-33.100,0.242,0.678,97.285
157.000,-32.291,0.278,0.677,97.098
157.020,-31.002,0.315,0.677,96.952
157.040,-29.209,0.352,0.677,96.857
157.060,-27.064,0.381,0.677,96.817
157.080,-24.463,0.411,0.677,96.832
157.100,-21.533,0.431,0.677,96.905
157.120,-18.281,0.457,0.677,97.026
157.140,-14.760,0.467,0.677,97.191
157.160,-10.998,0.484,0.677,97.387
157.180,-7.090,0.485,0.677,97.605
157.200,-3.076,0.489,0.677,97.828
157.220,0.990,0.481,0.677,98.046
157.240,5.027,0.476,0.677,98.244
157.260,8.988,0.457,0.677,98.410
157.280,12.850,0.442,0.677,98.532
157.300,16.512,0.416,0.677,98.605
157.320,19.922,0.393,0.677,98.622
157.340,23.062,0.357,0.677,98.584
157.360,25.869,0.328,0.677,98.490
157.380,28.283,0.290,0.677,98.348
157.400,30.305,0.254,0.677,98.163
157.420,31.875,0.219,0.677,97.947
157.440,33.000,0.172,0.677,97.711
157.460,33.627,0.134,0.677,97.469
157.480,33.779,0.095,0.677,97.234
157.500,33.475,0.057,0.677,97.019
157.520,32.654,0.012,0.674,96.837
157.540,31.365,-0.021,0.674,96.700
157.560,29.637,-0.058,0.674,96.613
157.580,27.510,-0.087,0.674,96.585
157.600,24.937,-0.112,0.674,96.613
157.620,22.008,-0.137,0.674,96.701
157.640,18.779,-0.154,0.674,96.840
157.660,15.270,-0.171,0.674,97.023
157.680,11.561,-0.180,0.674,97.240
157.700,7.670,-0.183,0.674,97.481
157.720,3.674,-0.187,0.676,97.726
157.740,-0.363,-0.186,0.676,97.968
157.760,-4.412,-0.174,0.676,98.191
157.780,-8.379,-0.161,0.676,98.383
157.800,-12.258,-0.145,0.676,98.532
157.820,-15.902,-0.120,0.676,98.633
157.840,-19.354,-0.096,0.676,98.677
157.860,-22.523,-0.063,0.676,98.666
157.880,-25.324,-0.038,0.676,98.600
157.900,-27.797,0.004,0.676,98.486
157.920,-29.836,0.037,0.676,98.327
157.940,-31.459,0.077,0.676,98.136
157.960,-32.590,0.115,0.676,97.924
157.980,-33.217,0.157,0.676,97.705
158.000,-33.404,0.199,0.676,97.493
158.020,-33.105,0.237,0.676,97.300
158.040,-32.361,0.275,0.676,97.139
158.060,-31.113,0.312,0.676,97.020
158.080,-29.391,0.348,0.676,96.951
158.100,-27.223,0.374,0.676,96.938
158.120,-24.686,0.407,0.676,96.981
158.140,-21.773,0.427,0.676,97.083
158.160,-18.539,0.455,0.676,97.234
158.180,-15.047,0.462,0.676,97.429
158.200,-11.326,0.480,0.676,97.654
158.220,-7.406,0.478,0.676,97.902
158.240,-3.404,0.489,0.676,98.154
158.260,0.656,0.475,0.676,98.402
158.280,4.693,0.476,0.676,98.626
158.300,8.666,0.456,0.676,98.823
158.320,12.533,0.443,0.676,98.972
158.340,16.213,0.420,0.676,99.071
158.360,19.658,0.396,0.676,99.113
158.380,22.816,0.362,0.676,99.098
158.400,25.664,0.332,0.676,99.026
158.420,28.102,0.295,0.676,98.902
158.440,30.158,0.262,0.676,98.733
158.460,31.752,0.219,0.676,98.530
158.480,32.906,0.177,0.676,98.304
158.500,33.592,0.140,0.676,98.068
158.520,33.797,0.097,0.676,97.837
158.540,33.516,0.060,0.676,97.624
158.560,32.730,0.018,0.676,97.441
158.580,31.494,-0.013,0.676,97.301
158.600,29.783,-0.050,0.676,97.207
158.620,27.709,-0.080,0.676,97.170
158.640,25.143,-0.106,0.676,97.188
158.660,22.254,-0.132,0.676,97.262
158.680,19.043,-0.150,0.676,97.385
158.700,15.562,-0.166,0.676,97.551
158.720,11.842,-0.175,0.676,97.747
158.740,7.980,-0.184,0.676,97.966
158.760,3.996,-0.183,0.676,98.191
158.780,-0.064,-0.179,0.676,98.411
158.800,-4.113,-0.171,0.676,98.608
158.820,-8.104,-0.162,0.676,98.774
158.840,-11.971,-0.140,0.676,98.901
158.860,-15.645,-0.118,0.676,98.975
158.880,-19.113,-0.094,0.676,98.994
158.900,-22.307,-0.064,0.676,98.958
158.920,-25.143,-0.034,0.676,98.865
158.940,-27.633,0.004,0.676,98.722
158.960,-29.719,0.036,0.676,98.534
158.980,-31.371,0.079,0.676,98.313
159.000,-32.543,0.113,0.676,98.071
159.020,-33.234,0.160,0.676,97.820
159.040,-33.451,0.196,0.676,97.574
159.060,-33.193,0.242,0.676,97.346
159.080,-32.473,0.276,0.676,97.150
159.100,-31.248,0.315,0.676,96.995
159.120,-29.566,0.348,0.676,96.890
159.140,-27.451,0.381,0.676,96.842
159.160,-24.914,0.406,0.676,96.851
159.180,-22.043,0.430,0.676,96.917
159.200,-18.826,0.454,0.676,97.033
159.220,-15.352,0.472,0.676,97.197
159.240,-11.631,0.482,0.676,97.397
159.260,-7.734,0.486,0.676,97.618
159.280,-3.738,0.493,0.679,97.849
159.300,0.316,0.484,0.679,98.077
159.320,4.371,0.483,0.679,98.285
159.340,8.355,0.464,0.679,98.467
159.360,12.234,0.445,0.679,98.606
159.380,15.932,0.425,0.679,98.698
159.400,19.383,0.395,0.679,98.736
159.420,22.576,0.369,0.679,98.718
159.440,25.459,0.337,0.679,98.645
159.460,27.914,0.298,0.679,98.522
159.480,30.006,0.263,0.679,98.356
159.500,31.641,0.222,0.679,98.156
159.520,32.836,0.188,0.679,97.935
159.540,33.557,0.143,0.679,97.705
159.560,33.785,0.104,0.679,97.481
159.580,33.551,0.061,0.679,97.274
159.600,32.818,0.025,0.679,97.099
159.620,31.617,-0.013,0.679,96.966
159.640,29.936,-0.040,0.679,96.883
159.660,27.879,-0.080,0.679,96.855
159.680,25.365,-0.102,0.679,96.886
159.700,22.512,-0.131,0.679,96.975
159.720,19.318,-0.145,0.679,97.115
159.740,15.855,-0.170,0.679,97.300
159.760,12.170,-0.174,0.679,97.522
159.780,8.303,-0.186,0.679,97.765
159.800,4.336,-0.184,0.679,98.018
159.820,0.305,-0.182,0.679,98.266
159.840,-3.762,-0.174,0.679,98.494
159.860,-7.764,-0.162,0.679,98.692
159.880,-11.648,-0.146,0.679,98.848
159.900,-15.334,-0.125,0.679,98.956
159.920,-18.814,-0.100,0.679,99.007
159.940,-22.014,-0.071,0.679,99.002
159.960,-24.908,-0.041,0.679,98.939
159.980,-27.398,-0.002,0.679,98.826
160.000,-29.537,0.029,0.679,98.667
160.020,-31.207,0.070,0.679,98.473
160.040,-32.420,0.107,0.679,98.255
160.060,-33.176,0.152,0.679,98.026
160.080,-33.404,0.188,0.679,97.801
160.100,-33.193,0.231,0.679,97.592
160.120,-32.508,0.267,0.679,97.413
160.140,-31.318,0.307,0.679,97.273
160.160,-29.678,0.341,0.679,97.182
160.180,-27.598,0.370,0.679,97.144
160.200,-25.113,0.398,0.679,97.162
160.220,-22.277,0.425,0.679,97.234
160.240,-19.061,0.444,0.679,97.358
160.260,-15.633,0.466,0.679,97.525
160.280,-11.930,0.474,0.679,97.726
160.300,-8.045,0.482,0.679,97.948
160.320,-4.037,0.487,0.679,98.180
160.340,0.018,0.481,0.679,98.407
160.360,4.049,0.476,0.679,98.614
160.380,8.039,0.462,0.679,98.792
160.400,11.918,0.443,0.679,98.927
160.420,15.656,0.423,0.679,99.012
160.440,19.125,0.394,0.679,99.041
160.460,22.324,0.370,0.679,99.013
160.480,25.230,0.336,0.679,98.929
160.500,27.738,0.302,0.679,98.793
160.520,29.848,0.266,0.679,98.612
160.540,31.535,0.224,0.679,98.394
160.560,32.754,0.186,0.679,98.153
160.580,33.521,0.145,0.679,97.901
160.600,33.797,0.102,0.679,97.651
160.620,33.580,0.066,0.679,97.418
160.640,32.895,0.026,0.679,97.213
160.660,31.723,-0.011,0.679,97.049
160.680,30.117,-0.046,0.679,96.933
160.700,28.055,-0.079,0.679,96.872
160.720,25.588,-0.101,0.679,96.867
160.740,22.740,-0.132,0.679,96.920
160.760,19.594,-0.149,0.679,97.023
160.780,16.154,-0.170,0.679,97.174
160.800,12.457,-0.176,0.679,97.358
160.820,8.619,-0.186,0.679,97.569
160.840,4.646,-0.186,0.679,97.787
160.860,0.604,-0.184,0.679,98.005
160.880,-3.445,-0.174,0.679,98.204
160.900,-7.459,-0.162,0.679,98.376
160.920,-11.344,-0.145,0.679,98.508
160.940,-15.076,-0.125,0.679,98.594
160.960,-18.574,-0.100,0.679,98.625
160.980,-21.797,-0.072,0.679,98.601
161.000,-24.709,-0.038,0.679,98.521
161.020,-27.252,-0.007,0.679,98.392
161.040,-29.432,0.031,0.679,98.218
161.060,-31.154,0.072,0.679,98.008
161.080,-32.373,0.107,0.679,97.776
161.100,-33.158,0.151,0.679,97.534
161.120,-33.416,0.186,0.679,97.295
161.140,-33.270,0.232,0.679,97.073
161.160,-32.637,0.269,0.679,96.881
161.180,-31.494,0.305,0.679,96.730
161.200,-29.871,0.340,0.679,96.628
161.220,-27.803,0.374,0.679,96.581
161.240,-25.377,0.405,0.679,96.594
161.260,-22.541,0.428,0.679,96.664
161.280,-19.365,0.447,0.679,96.788
161.300,-15.932,0.467,0.679,96.957
161.320,-12.252,0.477,0.679,97.165
161.340,-8.408,0.485,0.679,97.397
161.360,-4.395,0.488,0.679,97.641
161.380,-0.352,0.487,0.679,97.883
161.400,3.715,0.477,0.679,98.113
161.420,7.717,0.465,0.679,98.311
161.440,11.596,0.451,0.679,98.470
161.460,15.346,0.429,0.679,98.582
161.480,18.844,0.402,0.679,98.641
161.500,22.078,0.378,0.679,98.643
161.520,25.008,0.340,0.679,98.590
161.540,27.539,0.311,0.679,98.485
161.560,29.684,0.269,0.679,98.334
161.580,31.400,0.235,0.679,98.147
161.600,32.678,0.192,0.679,97.936
161.620,33.475,0.150,0.679,97.713
161.640,33.791,0.114,0.679,97.492
161.660,33.621,0.070,0.679,97.286
161.680,32.959,0.034,0.679,97.109
161.700,31.834,-0.004,0.679,96.972
161.720,30.252,-0.039,0.679,96.883
161.740,28.242,-0.070,0.679,96.848
161.760,25.816,-0.098,0.679,96.869
161.780,22.998,-0.125,0.679,96.947
161.800,19.846,-0.139,0.679,97.080
161.820,16.430,-0.164,0.679,97.255
161.840,12.768,-0.169,0.679,97.467
161.860,8.930,-0.183,0.679,97.703
161.880,4.963,-0.180,0.679,97.949
161.900,0.937,-0.183,0.679,98.193
161.920,-3.105,-0.170,0.679,98.419
161.940,-7.107,-0.162,0.679,98.613
161.960,-11.033,-0.148,0.679,98.769
161.980,-14.771,-0.123,0.679,98.875
162.000,-18.287,-0.104,0.679,98.926
162.020,-21.545,-0.071,0.679,98.921
162.040,-24.475,-0.042,0.679,98.857
162.060,-27.029,-0.004,0.679,98.740
162.080,-29.244,0.026,0.679,98.576
162.100,-30.996,0.064,0.679,98.377
162.120,-32.262,0.102,0.679,98.151
162.140,-33.094,0.144,0.679,97.912
162.160,-33.398,0.181,0.679,97.673
162.180,-33.287,0.230,0.679,97.448
162.200,-32.678,0.261,0.679,97.251
162.220,-31.564,0.301,0.679,97.090
162.240,-30.000,0.334,0.679,96.978
162.260,-27.973,0.368,0.679,96.917
162.280,-25.559,0.398,0.679,96.914
162.300,-22.758,0.424,0.679,96.965
162.320,-19.617,0.444,0.679,97.072
162.340,-16.184,0.464,0.679,97.221
162.360,-12.533,0.472,0.679,97.409
162.380,-8.689,0.483,0.679,97.618
162.400,-4.699,0.485,0.679,97.840
162.420,-0.650,0.485,0.679,98.059
162.440,3.398,0.477,0.679,98.265
162.460,7.418,0.465,0.679,98.442
162.480,11.320,0.446,0.679,98.580
162.500,15.059,0.427,0.679,98.669
162.520,18.592,0.401,0.679,98.706
162.540,21.832,0.373,0.679,98.686
162.560,24.803,0.338,0.679,98.609
162.580,27.357,0.309,0.679,98.480
162.600,29.537,0.269,0.679,98.305
162.620,31.289,0.232,0.679,98.094
162.640,32.596,0.190,0.679,97.858
162.660,33.428,0.147,0.679,97.609
162.680,33.773,0.108,0.679,97.361
162.700,33.650,0.066,0.679,97.128
162.720,33.035,0.031,0.678,96.924
162.740,31.945,-0.007,0.678,96.759
162.760,30.387,-0.041,0.678,96.641
162.780,28.418,-0.076,0.678,96.578
162.800,26.021,-0.099,0.678,96.574
162.820,23.232,-0.127,0.678,96.626
162.840,20.115,-0.145,0.678,96.734
162.860,16.729,-0.165,0.678,96.888
162.880,13.078,-0.175,0.678,97.082
162.900,9.252,-0.184,0.678,97.303
162.920,5.297,-0.185,0.678,97.536
162.940,1.260,-0.184,0.678,97.770
162.960,-2.783,-0.181,0.678,97.991
162.980,-6.803,-0.166,0.678,98.186
163.000,-10.723,-0.153,0.678,98.342
163.020,-14.455,-0.127,0.678,98.453
163.040,-17.988,-0.108,0.678,98.510
163.060,-21.299,-0.077,0.678,98.514
163.080,-24.252,-0.046,0.678,98.462
163.100,-26.836,-0.013,0.678,98.358
163.120,-29.062,0.021,0.678,98.207
163.140,-30.855,0.061,0.678,98.021
163.160,-32.186,0.097,0.678,97.809
163.180,-33.047,0.142,0.678,97.585
163.200,-33.393,0.177,0.678,97.361
163.220,-33.316,0.224,0.678,97.152
163.240,-32.719,0.258,0.678,96.971
163.260,-31.687,0.296,0.678,96.829
163.280,-30.135,0.333,0.678,96.735
163.300,-28.160,0.367,0.678,96.694
163.320,-25.775,0.395,0.678,96.714
163.340,-23.010,0.420,0.678,96.789
163.360,-19.887,0.443,0.678,96.920
163.380,-16.488,0.462,0.678,97.097
163.400,-12.861,0.472,0.678,97.313
163.420,-9.006,0.482,0.678,97.553
163.440,-5.021,0.485,0.678,97.808
163.460,-0.996,0.487,0.678,98.061
163.480,3.064,0.477,0.678,98.301
163.500,7.078,0.467,0.678,98.512
163.520,10.986,0.452,0.678,98.810
163.540,14.760,0.430,0.678,98.810
163.560,18.293,0.409,0.678,98.882
163.580,21.568,0.378,0.678,98.896
163.600,24.580,0.348,0.678,98.853
163.620,27.152,0.314,0.678,98.756
163.640,29.385,0.276,0.678,98.610
163.660,31.148,0.240,0.678,98.427
163.680,32.514,0.196,0.678,98.216
163.700,33.381,0.156,0.678,97.990
163.720,33.785,0.116,0.678,97.764
163.740,33.680,0.077,0.678,97.550
163.760,33.094,0.041,0.678,97.361
163.780,32.051,-0.001,0.678,97.209
163.800,30.527,-0.030,0.678,97.104
163.820,28.582,-0.072,0.678,97.051
163.840,26.227,-0.091,0.678,97.057
163.860,23.449,-0.122,0.678,97.114
163.880,20.373,-0.138,0.678,97.227
163.900,17.010,-0.162,0.678,97.382
163.920,13.359,-0.169,0.678,97.578
163.940,9.557,-0.185,0.678,97.796
163.960,5.613,-0.179,0.678,98.030
163.980,1.582,-0.184,0.678,98.258
164.000,-2.484,-0.171,0.678,98.661
164.020,-6.492,-0.166,0.678,98.661
164.040,-10.430,-0.148,0.678,98.810
164.060,-14.197,-0.129,0.678,98.910
164.080,-17.730,-0.107,0.678,98.959
164.100,-21.059,-0.075,0.678,98.949
164.120,-24.047,-0.047,0.678,98.882
164.140,-26.689,-0.010,0.678,98.761
164.160,-28.916,0.025,0.678,98.592
164.180,-30.750,0.059,0.678,98.385
164.200,-32.115,0.100,0.678,98.151
164.220,-33.029,0.141,0.678,97.902
164.240,-33.393,0.182,0.678,97.652
164.260,-33.346,0.223,0.678,97.415
164.280,-32.801,0.261,0.674,97.203
164.300,-31.799,0.298,0.674,97.029
164.320,-30.275,0.331,0.674,96.900
164.340,-28.336,0.365,0.674,96.825
164.360,-25.975,0.397,0.674,96.806
164.380,-23.232,0.424,0.674,96.844
164.400,-20.145,0.445,0.674,96.939
164.420,-16.764,0.466,0.674,97.078
164.440,-13.160,0.477,0.674,97.261
164.460,-9.328,0.488,0.674,97.467
164.480,-5.338,0.488,0.674,97.692
164.500,-1.312,0.490,0.676,97.914
164.520,2.760,0.476,0.676,98.127
164.540,6.756,0.470,0.676,98.312
164.560,10.676,0.449,0.676,98.461
164.580,14.473,0.433,0.676,98.565
164.600,18.029,0.408,0.676,98.617
164.620,21.322,0.381,0.676,98.614
164.640,24.334,0.349,0.676,98.554
164.660,26.959,0.315,0.676,98.444
164.680,29.215,0.273,0.676,98.287
164.700,31.025,0.239,0.676,98.092
164.720,32.426,0.199,0.676,97.871
164.740,33.316,0.160,0.676,97.635
164.760,33.756,0.119,0.676,97.400
164.780,33.697,0.077,0.676,97.177
164.800,33.158,0.041,0.676,96.981
164.820,32.156,-0.002,0.676,96.822
164.840,30.680,-0.032,0.676,96.712
164.860,28.752,-0.069,0.676,96.655
164.880,26.432,-0.093,0.676,96.658
164.900,23.701,-0.120,0.676,96.717
164.920,20.648,-0.145,0.676,96.833
164.940,17.291,-0.160,0.676,96.997
164.960,13.670,-0.179,0.676,97.201
164.980,9.873,-0.180,0.676,97.435
165.000,5.947,-0.187,0.678,97.683
165.020,1.910,-0.181,0.678,97.933
165.040,-2.127,-0.181,0.678,98.170
165.060,-6.141,-0.169,0.678,98.382
165.080,-10.113,-0.156,0.678,98.558
165.100,-13.869,-0.133,0.678,98.689
165.120,-17.426,-0.115,0.678,98.766
165.140,-20.760,-0.082,0.678,98.788
165.160,-23.777,-0.054,0.678,98.753
165.180,-26.443,-0.019,0.678,98.665
165.200,-28.729,0.015,0.678,98.528
165.220,-30.592,0.054,0.678,98.353
165.240,-31.992,0.091,0.678,98.149
165.260,-32.918,0.132,0.678,97.930
165.280,-33.363,0.173,0.678,97.709
165.300,-33.340,0.215,0.678,97.499
165.320,-32.848,0.249,0.678,97.315
165.340,-31.869,0.288,0.678,97.166
165.360,-30.393,0.327,0.678,97.063
165.380,-28.488,0.361,0.678,97.011
165.400,-26.162,0.385,0.678,97.018
165.420,-23.461,0.417,0.678,97.077
165.440,-20.402,0.438,0.678,97.193
165.460,-17.021,0.462,0.678,97.354
165.480,-13.459,0.470,0.678,97.557
165.500,-9.639,0.483,0.678,97.783
165.520,-5.678,0.483,0.678,98.026
165.540,-1.641,0.486,0.678,98.269
165.560,2.432,0.476,0.678,98.498
165.580,6.439,0.471,0.678,98.700
165.600,10.371,0.450,0.678,98.865
165.620,14.162,0.435,0.678,98.982
165.640,17.760,0.406,0.678,99.046
165.660,21.064,0.381,0.678,99.052
165.680,24.105,0.348,0.678,99.001
165.700,26.766,0.316,0.678,98.895
165.720,29.039,0.277,0.678,98.740
165.740,30.902,0.241,0.678,98.545
165.760,32.332,0.202,0.678,98.321
165.780,33.270,0.161,0.678,98.080
165.800,33.738,0.120,0.678,97.835
165.820,33.715,0.079,0.678,97.601
165.840,33.217,0.041,0.678,97.391
165.860,32.244,-0.001,0.678,97.216
165.880,30.797,-0.030,0.678,97.087
165.900,28.928,-0.068,0.678,97.009
165.920,26.637,-0.091,0.678,96.988
165.940,23.941,-0.122,0.678,97.021
165.960,20.895,-0.138,0.678,97.111
165.980,17.578,-0.162,0.678,97.244
166.000,13.969,-0.170,0.678,97.420
166.020,10.184,-0.179,0.678,97.622
166.040,6.246,-0.183,0.678,97.841
166.060,2.227,-0.185,0.678,98.060
166.080,-1.822,-0.179,0.678,98.269
166.100,-5.848,-0.169,0.678,98.454
166.120,-9.814,-0.150,0.678,98.602
166.140,-13.582,-0.134,0.678,98.706
166.160,-17.191,-0.112,0.678,98.757
166.180,-20.555,-0.081,0.678,98.754
166.200,-23.584,-0.053,0.678,98.694
166.220,-26.285,-0.016,0.678,98.581
166.240,-28.594,0.020,0.678,98.419
166.260,-30.504,0.054,0.678,98.219
166.280,-31.939,0.095,0.678,97.990
166.300,-32.918,0.133,0.678,97.746
166.320,-33.346,0.173,0.678,97.499
166.340,-33.381,0.215,0.678,97.264
166.360,-32.959,0.253,0.678,97.054
166.380,-32.016,0.292,0.678,96.879
166.400,-30.562,0.327,0.678,96.753
166.420,-28.687,0.368,0.678,96.676
166.440,-26.391,0.390,0.678,96.662
166.460,-23.725,0.423,0.678,96.702
166.480,-20.684,0.440,0.678,96.802
166.500,-17.332,0.464,0.678,96.947
166.520,-13.770,0.472,0.678,97.140
166.540,-9.949,0.489,0.678,97.356
166.560,-6.018,0.488,0.678,97.596
166.580,-1.963,0.492,0.679,97.834
166.600,2.086,0.477,0.679,98.067
166.620,6.123,0.475,0.679,98.272
166.640,10.043,0.454,0.679,98.447
166.660,13.857,0.440,0.679,98.576
166.680,17.467,0.411,0.679,98.655
166.700,20.807,0.387,0.679,98.677
166.720,23.871,0.353,0.679,98.644
166.740,26.561,0.326,0.679,98.557
166.760,28.875,0.285,0.679,98.423
166.780,30.768,0.249,0.679,98.249
166.800,32.227,0.209,0.679,98.046
166.820,33.217,0.172,0.679,97.827
166.840,33.715,0.128,0.679,97.604
166.860,33.744,0.088,0.679,97.393
166.880,33.293,0.049,0.679,97.205
166.900,32.338,0.010,0.679,97.052
166.920,30.949,-0.020,0.679,96.945
166.940,29.092,-0.063,0.679,96.889
166.960,26.842,-0.082,0.679,96.894
166.980,24.164,-0.118,0.679,96.952
167.000,21.164,-0.128,0.679,97.069
167.020,17.848,-0.158,0.679,97.229
167.040,14.262,-0.167,0.679,97.435
167.060,10.500,-0.182,0.679,97.667
167.080,6.592,-0.179,0.679,97.918
167.100,2.566,-0.184,0.679,98.165
167.120,-1.482,-0.175,0.679,98.406
167.140,-5.514,-0.171,0.679,98.618
167.160,-9.475,-0.154,0.679,98.798
167.180,-13.254,-0.135,0.679,98.930
167.200,-16.881,-0.114,0.679,99.010
167.220,-20.250,-0.087,0.679,99.034
167.240,-23.338,-0.058,0.679,98.999
167.260,-26.045,-0.021,0.679,98.908
167.280,-28.395,0.009,0.679,98.767
167.300,-30.334,0.053,0.679,98.586
167.320,-31.805,0.086,0.679,98.373
167.340,-32.824,0.128,0.679,98.142
167.360,-33.328,0.166,0.679,97.906
167.380,-33.375,0.211,0.679,97.678
167.400,-32.971,0.248,0.679,97.472
167.420,-32.051,0.285,0.679,97.300
167.440,-30.686,0.321,0.679,97.171
167.460,-28.852,0.357,0.679,97.092
167.480,-26.566,0.384,0.679,97.069
167.500,-23.936,0.416,0.679,97.101
167.520,-20.900,0.432,0.679,97.188
167.540,-17.596,0.459,0.679,97.322
167.560,-14.051,0.470,0.679,97.497
167.580,-10.254,0.481,0.679,97.700
167.600,-6.311,0.485,0.679,97.917
167.620,-2.262,0.485,0.679,98.140
167.640,1.775,0.480,0.679,98.351
167.660,5.812,0.468,0.679,98.540
167.680,9.750,0.452,0.679,98.691
167.700,13.576,0.435,0.679,98.799
167.720,17.203,0.408,0.679,98.853
167.740,20.549,0.385,0.679,98.851
167.760,23.648,0.353,0.679,98.794
167.780,26.373,0.319,0.679,98.681
167.800,28.711,0.282,0.679,98.520
167.820,30.633,0.247,0.679,98.317
167.840,32.127,0.207,0.679,98.085
167.860,33.146,0.168,0.679,97.834
167.880,33.691,0.125,0.679,97.579
167.900,33.756,0.083,0.679,97.333
167.920,33.346,0.045,0.679,97.110
167.940,32.432,0.008,0.679,96.922
167.960,31.078,-0.025,0.679,96.778
167.980,29.256,-0.066,0.679,96.685
168.000,27.041,-0.088,0.679,96.652
168.020,24.387,-0.116,0.679,96.674
168.040,21.398,-0.136,0.679,96.755
168.060,18.135,-0.158,0.679,96.883
168.080,14.566,-0.171,0.679,97.055
168.100,10.805,-0.181,0.679,97.258
168.120,6.908,-0.189,0.681,97.481
168.140,2.895,-0.182,0.681,97.709
168.160,-1.148,-0.183,0.681,97.929
168.180,-5.203,-0.170,0.681,98.128
168.200,-9.158,-0.156,0.681,98.293
168.220,-12.961,-0.140,0.681,98.415
168.240,-16.588,-0.116,0.681,98.489
168.260,-19.980,-0.086,0.681,98.507
168.280,-23.109,-0.061,0.681,98.469
168.300,-25.852,-0.024,0.681,98.379
168.320,-28.219,0.008,0.681,98.240
168.340,-30.205,0.049,0.681,98.061
168.360,-31.699,0.081,0.681,97.852
168.380,-32.795,0.123,0.681,97.626
168.400,-33.311,0.163,0.681,97.395
168.420,-33.422,0.207,0.681,97.174
168.440,-33.023,0.244,0.681,96.977
168.460,-32.174,0.282,0.681,96.813
168.480,-30.838,0.319,0.681,96.696
168.500,-29.027,0.358,0.681,96.629
168.520,-26.812,0.381,0.681,96.622
168.540,-24.199,0.414,0.681,96.669
168.560,-21.176,0.432,0.681,96.777
168.580,-17.912,0.459,0.681,96.932
168.600,-14.367,0.468,0.681,97.132
168.620,-10.594,0.482,0.681,97.361
168.640,-6.650,0.485,0.681,97.612
168.660,-2.637,0.489,0.681,97.867
168.680,1.430,0.484,0.681,98.115
168.700,5.479,0.472,0.681,98.340
168.720,9.422,0.460,0.681,98.530
168.740,13.260,0.438,0.681,98.679
168.760,16.893,0.420,0.681,98.772
168.780,20.285,0.389,0.681,98.813
168.800,23.402,0.362,0.681,98.793
168.820,26.145,0.329,0.681,98.720
168.840,28.541,0.294,0.681,98.596
168.860,30.498,0.253,0.681,98.430
168.880,32.027,0.219,0.681,98.232
168.900,33.082,0.171,0.681,98.015
168.920,33.662,0.136,0.681,97.791
168.940,33.773,0.096,0.681,97.574
168.960,33.398,0.054,0.681,97.377
168.980,32.514,0.018,0.681,97.214
169.000,31.201,-0.022,0.681,97.094
169.020,29.402,-0.050,0.681,97.025
169.040,27.234,-0.083,0.681,97.011
169.060,24.598,-0.107,0.681,97.052
169.080,21.662,-0.132,0.681,97.149
169.100,18.410,-0.150,0.681,97.293
169.120,14.854,-0.165,0.681,97.480
169.140,11.109,-0.173,0.681,97.695
169.160,7.225,-0.185,0.681,97.928
169.180,3.199,-0.179,0.681,98.164
169.200,-0.838,-0.179,0.681,98.391
169.220,-4.881,-0.166,0.681,98.595
169.240,-8.859,-0.156,0.681,98.764
169.260,-12.697,-0.134,0.681,98.889
169.280,-16.342,-0.116,0.681,98.961
169.300,-19.723,-0.087,0.681,98.977
169.320,-22.887,-0.055,0.681,98.936
169.340,-25.652,-0.025,0.681,98.838
169.360,-28.066,0.010,0.681,98.690
169.380,-30.064,0.045,0.681,98.499
169.400,-31.617,0.083,0.681,98.276
169.420,-32.695,0.128,0.681,98.033
169.440,-33.287,0.166,0.681,97.783
169.460,-33.428,0.203,0.681,97.539
169.480,-33.076,0.246,0.681,97.316
169.500,-32.256,0.280,0.681,97.124
169.520,-30.949,0.320,0.681,96.976
169.540,-29.150,0.352,0.681,96.877
169.560,-26.965,0.385,0.681,96.835
169.580,-24.393,0.412,0.681,96.846
169.600,-21.404,0.434,0.681,96.917
169.620,-18.146,0.457,0.681,97.036
169.640,-14.631,0.469,0.681,97.200
169.660,-10.881,0.481,0.681,97.392
169.680,-6.973,0.487,0.681,97.607
169.700,-2.930,0.485,0.681,97.826
169.720,1.125,0.480,0.681,98.040
169.740,5.162,0.472,0.681,98.232
169.760,9.129,0.457,0.681,98.392
169.780,12.961,0.436,0.681,98.510
169.800,16.617,0.417,0.681,98.577
169.820,20.027,0.388,0.681,98.592
169.840,23.162,0.361,0.681,98.548
169.860,25.963,0.327,0.681,98.453
169.880,28.359,0.290,0.681,98.306
169.900,30.352,0.249,0.681,98.119
169.920,31.916,0.215,0.681,97.900
169.940,33.018,0.174,0.681,97.662
169.960,33.645,0.135,0.681,97.418
169.980,33.785,0.094,0.681,97.182
170.000,33.445,0.053,0.681,96.967
170.020,32.607,0.020,0.681,96.786
170.040,31.330,-0.021,0.681,96.648
170.060,29.555,-0.053,0.681,96.563
170.080,27.428,-0.087,0.681,96.535
170.100,24.844,-0.112,0.681,96.565
170.120,21.902,-0.139,0.681,96.655
170.140,18.686,-0.151,0.681,96.797
170.160,15.164,-0.169,0.681,96.980
170.180,11.432,-0.182,0.681,97.198
170.200,7.535,-0.186,0.681,97.439
170.220,3.562,-0.184,0.681,97.687
170.240,-0.492,-0.184,0.681,97.927
170.260,-4.535,-0.171,0.681,98.149
170.280,-8.502,-0.163,0.681,98.338
170.300,-12.369,-0.140,0.681,98.487
170.320,-16.014,-0.123,0.681,98.585
170.340,-19.459,-0.095,0.681,98.618
170.360,-22.605,-0.066,0.681,98.618
170.380,-25.406,-0.033,0.681,98.551
170.400,-27.861,0.003,0.681,98.435
170.420,-29.895,0.041,0.681,98.276
170.440,-31.500,0.075,0.681,98.084
170.460,-32.619,0.116,0.681,97.873
170.480,-33.223,0.158,0.681,97.654
170.500,-33.428,0.198,0.681,97.442
170.520,-33.129,0.239,0.681,97.250
170.540,-32.338,0.272,0.681,97.090
170.560,-31.055,0.315,0.681,96.974
170.580,-29.309,0.348,0.681,96.907
170.600,-27.158,0.380,0.681,96.897
170.620,-24.586,0.406,0.681,96.943
170.640,-21.697,0.429,0.681,97.045
170.660,-18.434,0.455,0.681,97.197
170.680,-14.936,0.468,0.681,97.395
170.700,-11.191,0.477,0.681,97.625
170.720,-7.271,0.485,0.681,97.870
170.740,-3.270,0.486,0.681,98.126
170.760,0.791,0.482,0.681,98.372
170.780,4.834,0.475,0.681,98.597
170.800,8.807,0.460,0.681,98.791
170.820,12.656,0.440,0.681,98.940
170.840,16.324,0.420,0.681,99.036
170.860,19.758,0.394,0.681,99.077
170.880,22.910,0.361,0.681,99.060
170.900,25.752,0.331,0.681,98.986
170.920,28.178,0.293,0.681,98.860
170.940,30.205,0.260,0.681,98.690
170.960,31.799,0.218,0.681,98.486
170.980,32.947,0.177,0.681,98.260
171.000,33.609,0.137,0.681,98.025
171.020,33.797,0.096,0.681,97.795
171.040,33.492,0.059,0.681,97.583
171.060,32.695,0.019,0.681,97.401
171.080,31.436,-0.017,0.681,97.263
171.100,29.730,-0.050,0.681,97.171
171.120,27.633,-0.081,0.681,97.135
171.140,25.061,-0.105,0.681,97.154
171.160,22.160,-0.133,0.681,97.230
171.180,18.937,-0.151,0.681,97.355
171.200,15.445,-0.165,0.681,97.523
171.220,11.719,-0.175,0.681,97.721
171.240,7.840,-0.183,0.681,97.941
171.260,3.867,-0.182,0.681,98.168
171.280,-0.199,-0.180,0.681,98.386
171.300,-4.242,-0.170,0.681,98.586
171.320,-8.227,-0.158,0.681,98.751
171.340,-12.094,-0.141,0.681,98.876
171.360,-15.744,-0.116,0.681,98.949
171.380,-19.236,-0.095,0.681,98.968
171.400,-22.400,-0.060,0.681,98.931
171.420,-25.230,-0.034,0.681,98.836
171.440,-27.697,0.008,0.681,98.692
171.460,-29.760,0.040,0.681,98.504
171.480,-31.436,0.079,0.681,98.283
171.500,-32.561,0.117,0.681,98.040
171.520,-33.229,0.157,0.681,97.789
171.540,-33.439,0.199,0.681,97.544
171.560,-33.158,0.236,0.681,97.318
171.580,-32.443,0.279,0.678,97.123
171.600,-31.219,0.314,0.678,96.970
171.620,-29.496,0.352,0.678,96.867
171.640,-27.346,0.377,0.678,96.821
171.660,-24.838,0.414,0.678,96.830
171.680,-21.949,0.431,0.678,96.900
171.700,-18.715,0.456,0.678,97.018
171.720,-15.217,0.469,0.678,97.183
171.740,-11.502,0.484,0.678,97.384
171.760,-7.605,0.485,0.678,97.606
171.780,-3.586,0.494,0.683,97.837
171.800,0.451,0.484,0.683,98.065
171.820,4.494,0.479,0.683,98.274
171.840,8.484,0.461,0.683,98.453
171.860,12.340,0.444,0.683,98.591
171.880,16.037,0.425,0.683,98.681
171.900,19.500,0.399,0.683,98.716
171.920,22.670,0.366,0.683,98.696
171.940,25.547,0.337,0.683,98.621
171.960,27.996,0.298,0.683,98.497
171.980,30.059,0.264,0.683,98.329
172.000,31.687,0.223,0.683,98.128
172.020,32.865,0.183,0.683,97.906
172.040,33.580,0.145,0.683,97.676
172.060,33.791,0.104,0.683,97.451
172.080,33.545,0.066,0.683,97.244
172.100,32.766,0.023,0.683,97.069
172.120,31.553,-0.013,0.683,96.937
172.140,29.900,-0.046,0.683,96.856
172.160,27.797,-0.081,0.683,96.830
172.180,25.277,-0.103,0.683,96.863
172.200,22.412,-0.132,0.683,96.953
172.220,19.225,-0.146,0.683,97.095
172.240,15.744,-0.168,0.683,97.280
172.260,12.023,-0.174,0.683,97.502
172.280,8.180,-0.186,0.683,97.743
172.300,4.195,-0.185,0.683,97.994
172.320,0.146,-0.182,0.683,98.240
172.340,-3.896,-0.173,0.683,98.467
172.360,-7.893,-0.164,0.683,98.661
172.380,-11.766,-0.144,0.683,98.817
172.400,-15.439,-0.126,0.683,98.920
172.420,-18.937,-0.097,0.683,98.971
172.440,-22.125,-0.067,0.683,98.963
172.460,-24.996,-0.042,0.683,98.898
172.480,-27.498,-0.000,0.683,98.783
172.500,-29.590,0.034,0.683,98.622
172.520,-31.283,0.074,0.683,98.426
172.540,-32.461,0.108,0.683,98.207
172.560,-33.182,0.151,0.683,97.978
172.580,-33.416,0.194,0.683,97.752
172.600,-33.182,0.234,0.683,97.544
172.620,-32.502,0.269,0.683,97.365
172.640,-31.283,0.305,0.683,97.225
172.660,-29.625,0.344,0.683,97.134
172.680,-27.533,0.373,0.683,97.098
172.700,-25.031,0.402,0.683,97.119
172.720,-22.160,0.425,0.683,97.192
172.740,-18.943,0.447,0.683,97.316
172.760,-15.498,0.465,0.683,97.485
172.780,-11.789,0.477,0.683,97.688
172.800,-7.904,0.483,0.683,97.911
172.820,-3.914,0.486,0.683,98.143
172.840,0.152,0.480,0.683,98.369
172.860,4.189,0.476,0.683,98.576
172.880,8.191,0.458,0.683,98.752
172.900,12.059,0.442,0.683,98.885
172.920,15.756,0.423,0.683,98.969
172.940,19.242,0.396,0.683,98.998
172.960,22.424,0.365,0.683,98.969
172.980,25.336,0.335,0.683,98.883
173.000,27.803,0.295,0.683,98.745
173.020,29.906,0.262,0.683,98.563
173.040,31.576,0.219,0.683,98.345
173.060,32.801,0.189,0.683,98.104
173.080,33.533,0.140,0.683,97.853
173.100,33.791,0.106,0.683,97.604
173.120,33.580,0.061,0.680,97.372
173.140,32.859,0.025,0.680,97.170
173.160,31.676,-0.012,0.680,97.008
173.180,30.047,-0.048,0.680,96.896
173.200,27.984,-0.079,0.680,96.838
173.220,25.494,-0.105,0.680,96.837
173.240,22.652,-0.130,0.680,96.894
173.260,19.482,-0.151,0.680,97.003
173.280,16.031,-0.162,0.680,97.156
173.300,12.322,-0.179,0.680,97.343
173.320,8.490,-0.180,0.680,97.556
173.340,4.512,-0.185,0.680,97.777
173.360,0.463,-0.180,0.680,97.997
173.380,-3.562,-0.179,0.680,98.198
173.400,-7.594,-0.161,0.680,98.373
173.420,-11.479,-0.146,0.680,98.507
173.440,-15.164,-0.126,0.680,98.594
173.460,-18.674,-0.103,0.680,98.627
173.480,-21.891,-0.070,0.680,98.605
173.500,-24.785,-0.041,0.680,98.527
173.520,-27.328,-0.003,0.680,98.399
173.540,-29.467,0.028,0.680,98.021
173.560,-31.189,0.070,0.680,98.021
173.580,-32.396,0.103,0.680,97.791
173.600,-33.176,0.153,0.680,97.552
173.620,-33.445,0.189,0.680,97.317
173.640,-33.258,0.228,0.680,97.100
173.660,-32.602,0.271,0.680,96.913
173.680,-31.430,0.304,0.680,96.767
173.700,-29.807,0.345,0.680,96.670
173.720,-27.738,0.371,0.680,96.630
173.740,-25.289,0.406,0.680,96.648
173.760,-22.459,0.425,0.680,96.725
173.780,-19.254,0.452,0.680,96.852
173.800,-15.820,0.467,0.680,97.028
173.820,-12.129,0.481,0.680,97.241
173.840,-8.262,0.485,0.680,97.478
173.860,-4.260,0.491,0.680,97.726
173.880,-0.205,0.483,0.680,97.972
173.900,3.844,0.481,0.680,98.200
173.920,7.846,0.467,0.680,98.403
173.940,11.730,0.452,0.680,98.563
173.960,15.463,0.426,0.680,98.678
173.980,18.943,0.405,0.680,98.734
174.000,22.178,0.377,0.680,98.738
174.020,25.119,0.342,0.680,98.684
174.040,27.615,0.311,0.680,98.578
174.060,29.760,0.272,0.680,98.427
174.080,31.447,0.231,0.680,98.240
174.100,32.725,0.195,0.680,98.029
174.120,33.486,0.146,0.680,97.806
174.140,33.791,0.116,0.680,97.585
174.160,33.609,0.065,0.680,97.380
174.180,32.930,0.038,0.680,97.204
174.200,31.787,-0.011,0.680,97.067
174.220,30.182,-0.035,0.680,96.979
174.240,28.172,-0.077,0.680,96.945
174.260,25.711,-0.093,0.680,96.969
174.280,22.887,-0.128,0.680,97.046
174.300,19.752,-0.143,0.680,97.177
174.320,16.312,-0.163,0.680,97.353
174.340,12.656,-0.169,0.680,97.562
174.360,8.812,-0.178,0.680,97.795
174.380,4.846,-0.186,0.680,98.036
174.400,0.803,-0.174,0.680,98.276
174.420,-3.246,-0.178,0.680,98.493
174.440,-7.254,-0.158,0.680,98.685
174.460,-11.150,-0.147,0.680,98.833
174.480,-14.883,-0.119,0.680,98.935
174.500,-18.404,-0.104,0.680,98.977
174.520,-21.650,-0.067,0.680,98.966
174.540,-24.580,-0.042,0.680,98.894
174.560,-27.105,-0.004,0.680,98.771
174.580,-29.309,0.031,0.680,98.601
174.600,-31.049,0.068,0.680,98.394
174.620,-32.291,0.106,0.680,98.162
174.640,-33.100,0.151,0.680,97.917
174.660,-33.410,0.185,0.680,97.673
174.680,-33.270,0.227,0.680,97.444
174.700,-32.643,0.265,0.680,97.242
174.720,-31.523,0.305,0.680,97.078
174.740,-29.930,0.338,0.680,96.963
174.760,-27.873,0.369,0.680,96.899
174.780,-25.477,0.399,0.680,96.893
174.800,-22.670,0.425,0.680,96.940
174.820,-19.512,0.444,0.680,97.043
174.840,-16.066,0.462,0.680,97.187
174.860,-12.416,0.474,0.680,97.370
174.880,-8.572,0.481,0.680,97.576
174.900,-4.559,0.488,0.680,97.794
174.920,-0.521,0.481,0.680,98.010
174.940,3.539,0.479,0.680,98.210
174.960,7.553,0.458,0.680,98.383
174.980,11.437,0.452,0.680,98.515
175.000,15.170,0.422,0.680,98.602
175.020,18.691,0.404,0.680,98.631
175.040,21.926,0.365,0.680,98.610
175.060,24.896,0.340,0.680,98.527
175.080,27.422,0.305,0.680,98.396
175.100,29.607,0.269,0.680,98.218
175.120,31.330,0.228,0.680,98.006
175.140,32.631,0.190,0.680,97.768
175.160,33.445,0.150,0.680,97.519
175.180,33.797,0.108,0.680,97.272
175.200,33.633,0.066,0.680,97.041
175.220,33.012,0.031,0.680,96.838
175.240,31.898,-0.003,0.680,96.675
175.260,30.322,-0.045,0.680,96.560
175.280,28.348,-0.075,0.680,96.502
175.300,25.934,-0.102,0.680,96.501
175.320,23.139,-0.126,0.680,96.558
175.340,20.016,-0.148,0.680,96.671
175.360,16.617,-0.170,0.680,96.831
175.380,12.949,-0.174,0.680,97.031
175.400,9.129,-0.187,0.681,97.256
175.420,5.174,-0.183,0.681,97.494
175.440,1.143,-0.187,0.682,97.732
175.460,-2.906,-0.180,0.682,97.956
175.480,-6.920,-0.166,0.682,98.154
175.500,-10.822,-0.154,0.682,98.315
175.520,-14.572,-0.131,0.682,98.431
175.540,-18.105,-0.111,0.682,98.492
175.560,-21.404,-0.080,0.682,98.500
175.580,-24.328,-0.047,0.682,98.451
175.600,-26.900,-0.011,0.682,98.350
175.620,-29.133,0.022,0.682,98.204
175.640,-30.908,0.058,0.682,98.022
175.660,-32.221,0.099,0.682,97.815
175.680,-33.070,0.142,0.682,97.596
175.700,-33.387,0.178,0.682,97.379
175.720,-33.293,0.224,0.682,97.176
175.740,-32.707,0.254,0.682,97.002
175.760,-31.658,0.299,0.682,96.865
175.780,-30.082,0.336,0.682,96.778
175.800,-28.072,0.367,0.682,96.746
175.820,-25.699,0.396,0.682,96.771
175.840,-22.898,0.422,0.682,96.854
175.860,-19.787,0.443,0.682,96.988
175.880,-16.365,0.469,0.682,97.172
175.900,-12.727,0.474,0.682,97.393
175.920,-8.883,0.482,0.682,97.638
175.940,-4.904,0.485,0.682,97.894
175.960,-0.861,0.485,0.682,98.152
175.980,3.193,0.477,0.682,98.392
176.000,7.213,0.468,0.682,98.604
176.020,11.115,0.453,0.682,98.779
176.040,14.877,0.430,0.682,98.906
176.060,18.404,0.404,0.682,98.975
176.080,21.662,0.378,0.682,98.987
176.100,24.668,0.340,0.682,98.942
176.120,27.229,0.314,0.682,98.842
176.140,29.449,0.269,0.682,98.695
176.160,31.213,0.237,0.682,98.509
176.180,32.561,0.192,0.682,98.296
176.200,33.404,0.157,0.682,98.068
176.220,33.768,0.115,0.682,97.839
176.240,33.668,0.075,0.682,97.624
176.260,33.082,0.038,0.682,97.433
176.280,32.010,-0.000,0.682,97.280
176.300,30.457,-0.035,0.682,97.172
176.320,28.518,-0.071,0.682,97.119
176.340,26.139,-0.096,0.682,97.120
176.360,23.379,-0.121,0.682,97.177
176.380,20.262,-0.141,0.682,97.286
176.400,16.881,-0.159,0.682,97.441
176.420,13.225,-0.170,0.682,97.630
176.440,9.434,-0.181,0.682,97.845
176.460,5.473,-0.179,0.682,98.070
176.480,1.459,-0.182,0.682,98.503
176.500,-2.619,-0.170,0.682,98.503
176.520,-6.633,-0.163,0.682,98.683
176.540,-10.553,-0.147,0.682,98.823
176.560,-14.303,-0.126,0.682,98.917
176.580,-17.836,-0.102,0.682,98.958
176.600,-21.158,-0.073,0.682,98.940
176.620,-24.135,-0.046,0.682,98.866
176.640,-26.742,-0.009,0.682,98.738
176.660,-28.986,0.024,0.682,98.563
176.680,-30.809,0.067,0.682,98.351
176.700,-32.162,0.097,0.682,98.110
176.720,-33.029,0.149,0.682,97.857
176.740,-33.410,0.174,0.682,97.360
176.760,-33.352,0.229,0.682,97.360
176.780,-32.771,0.253,0.678,97.147
176.800,-31.752,0.307,0.678,96.968
176.820,-30.223,0.328,0.678,96.841
176.840,-28.266,0.373,0.678,96.760
176.860,-25.881,0.394,0.678,96.744
176.880,-23.127,0.426,0.678,96.780
176.900,-20.039,0.445,0.678,96.874
176.920,-16.658,0.466,0.678,97.012
176.940,-13.037,0.473,0.678,97.191
176.960,-9.187,0.486,0.678,97.397
176.980,-5.209,0.489,0.678,97.617
177.000,-1.166,0.489,0.678,97.841
177.020,2.883,0.481,0.678,98.051
177.040,6.891,0.468,0.678,98.238
177.060,10.805,0.456,0.678,98.384
177.080,14.590,0.434,0.678,98.491
177.100,18.129,0.410,0.678,98.541
177.120,21.422,0.376,0.678,98.539
177.140,24.445,0.352,0.678,98.369
177.160,27.035,0.315,0.678,98.369
177.180,29.279,0.278,0.678,98.213
177.200,31.084,0.240,0.678,98.019
177.220,32.455,0.199,0.678,97.800
177.240,33.352,0.161,0.678,97.567
177.260,33.756,0.118,0.678,97.334
177.280,33.691,0.079,0.678,97.116
177.300,33.158,0.039,0.678,96.924
177.320,32.104,-0.000,0.678,96.771
177.340,30.615,-0.036,0.678,96.666
177.360,28.687,-0.068,0.678,96.616
177.380,26.355,-0.095,0.678,96.624
177.400,23.596,-0.123,0.678,96.689
177.420,20.537,-0.144,0.678,96.810
177.440,17.174,-0.162,0.678,96.980
177.460,13.547,-0.174,0.678,97.189
177.480,9.756,-0.182,0.678,97.428
177.500,5.818,-0.184,0.678,97.679
177.520,1.799,-0.187,0.678,97.933
177.540,-2.268,-0.174,0.678,98.173
177.560,-6.270,-0.170,0.678,98.388
177.580,-10.248,-0.154,0.678,98.565
177.600,-13.980,-0.133,0.678,98.698
177.620,-17.543,-0.114,0.678,98.774
177.640,-20.889,-0.084,0.678,98.797
177.660,-23.877,-0.053,0.678,98.763
177.680,-26.525,-0.017,0.678,98.675
177.700,-28.816,0.018,0.678,98.362
177.720,-30.633,0.054,0.678,98.362
177.740,-32.027,0.095,0.678,98.159
177.760,-32.959,0.133,0.678,97.940
177.780,-33.375,0.173,0.678,97.719
177.800,-33.352,0.215,0.678,97.510
177.820,-32.807,0.252,0.678,97.325
177.840,-31.816,0.290,0.678,97.177
177.860,-30.340,0.328,0.678,97.073
177.880,-28.424,0.361,0.678,97.023
177.900,-26.086,0.391,0.678,97.028
177.920,-23.350,0.418,0.678,97.089
177.940,-20.285,0.438,0.678,97.206
177.960,-16.904,0.456,0.678,97.364
177.980,-13.312,0.475,0.678,97.562
178.000,-9.486,0.477,0.678,97.786
178.020,-5.537,0.482,0.678,98.023
178.040,-1.488,0.484,0.678,98.260
178.060,2.561,0.477,0.678,98.483
178.080,6.592,0.469,0.678,98.681
178.100,10.494,0.455,0.678,98.840
178.120,14.303,0.430,0.678,98.954
178.140,17.859,0.407,0.678,99.011
178.160,21.170,0.375,0.678,99.010
178.180,24.211,0.351,0.678,98.950
178.200,26.848,0.315,0.678,98.837
178.220,29.109,0.280,0.678,98.676
178.240,30.955,0.240,0.678,98.475
178.260,32.361,0.202,0.678,98.244
178.280,33.299,0.160,0.678,97.997
178.300,33.750,0.119,0.678,97.747
178.320,33.709,0.081,0.678,97.507
178.340,33.211,0.043,0.678,97.292
178.360,32.209,0.006,0.678,97.112
178.380,30.768,-0.032,0.678,96.978
178.400,28.863,-0.067,0.678,96.896
178.420,26.561,-0.092,0.678,96.871
178.440,23.830,-0.121,0.678,96.901
178.460,20.801,-0.141,0.678,96.989
178.480,17.455,-0.160,0.678,97.121
178.500,13.846,-0.175,0.678,97.293
178.520,10.061,-0.181,0.678,97.493
178.540,6.117,-0.183,0.678,97.708
178.560,2.104,-0.182,0.678,97.923
178.580,-1.957,-0.174,0.678,98.128
178.600,-5.971,-0.170,0.678,98.308
178.620,-9.943,-0.154,0.678,98.453
178.640,-13.734,-0.134,0.678,98.553
178.660,-17.309,-0.111,0.678,98.601
178.680,-20.643,-0.079,0.678,98.592
178.700,-23.689,-0.056,0.678,98.529
178.720,-26.373,-0.017,0.678,98.412
178.740,-28.670,0.016,0.678,98.249
178.760,-30.551,0.053,0.678,98.046
178.780,-31.980,0.091,0.678,97.816
178.800,-32.936,0.133,0.678,97.571
178.820,-33.357,0.174,0.678,97.324
178.840,-33.398,0.217,0.678,97.089
178.860,-32.930,0.254,0.677,96.880
178.880,-31.980,0.290,0.677,96.707
178.900,-30.510,0.327,0.677,96.581
178.920,-28.635,0.364,0.677,96.508
178.940,-26.332,0.390,0.677,96.493
178.960,-23.637,0.420,0.677,96.535
178.980,-20.590,0.443,0.677,96.635
179.000,-17.232,0.461,0.677,96.783
179.020,-13.646,0.476,0.677,96.974
179.040,-9.826,0.485,0.677,97.193
179.060,-5.889,0.490,0.678,97.431
179.080,-1.840,0.493,0.680,97.671
179.100,2.227,0.481,0.680,97.904
179.120,6.264,0.475,0.680,98.111
179.140,10.172,0.459,0.680,98.285
179.160,13.986,0.438,0.680,98.413
179.180,17.572,0.414,0.680,98.490
179.200,20.924,0.384,0.680,98.512
179.220,23.971,0.355,0.680,98.476
179.240,26.648,0.323,0.680,98.389
179.260,28.945,0.283,0.680,98.252
179.280,30.820,0.249,0.680,98.077
179.300,32.273,0.207,0.680,97.873
179.320,33.234,0.167,0.680,97.652
179.340,33.732,0.127,0.680,97.429
179.360,33.727,0.087,0.680,97.216
179.380,33.275,0.048,0.680,97.028
179.400,32.303,0.010,0.680,96.874
179.420,30.891,-0.025,0.680,96.768
179.440,29.027,-0.064,0.680,96.712
179.460,26.760,-0.086,0.680,96.717
179.480,24.082,-0.116,0.680,96.775
179.500,21.047,-0.134,0.680,96.890
179.520,17.736,-0.155,0.680,97.050
179.540,14.145,-0.170,0.680,97.252
179.560,10.365,-0.176,0.680,97.483
179.580,6.439,-0.183,0.680,97.730
179.600,2.426,-0.183,0.680,97.979
179.620,-1.611,-0.175,0.680,98.215
179.640,-5.643,-0.170,0.680,98.428
179.660,-9.609,-0.152,0.680,98.604
179.680,-13.389,-0.136,0.680,98.734
179.700,-17.021,-0.113,0.680,98.809
179.720,-20.367,-0.083,0.680,98.830
179.740,-23.437,-0.056,0.680,98.791
179.760,-26.133,-0.017,0.680,98.698
179.780,-28.447,0.014,0.680,98.555
179.800,-30.393,0.052,0.680,98.371
179.820,-31.852,0.089,0.680,98.156
179.840,-32.848,0.129,0.680,97.924
179.860,-33.316,0.168,0.680,97.686
179.880,-33.369,0.207,0.680,97.458
179.900,-32.947,0.249,0.680,97.252
179.920,-32.033,0.286,0.680,97.081
179.940,-30.621,0.321,0.680,96.953
179.960,-28.758,0.358,0.680,96.875
179.980,-26.490,0.382,0.680,96.855
180.000,-23.836,0.415,0.680,96.888
180.020,-20.795,0.435,0.680,96.978
180.040,-17.490,0.457,0.680,97.114
180.060,-13.916,0.468,0.680,97.291
180.080,-10.113,0.481,0.680,97.493
180.100,-6.182,0.484,0.680,97.716
180.120,-2.150,0.488,0.680,97.937
180.140,1.910,0.477,0.680,98.153
180.160,5.936,0.471,0.680,98.341
180.180,9.873,0.448,0.680,98.496
180.200,13.693,0.436,0.680,98.604
180.220,17.314,0.410,0.680,98.662
180.240,20.660,0.385,0.680,98.663
180.260,23.742,0.353,0.680,98.607
180.280,26.461,0.321,0.680,98.497
180.300,28.781,0.284,0.680,98.338
180.320,30.691,0.247,0.680,98.138
180.340,32.168,0.207,0.680,97.909
180.360,33.182,0.168,0.680,97.662
180.380,33.703,0.126,0.680,97.410
180.400,33.750,0.086,0.680,97.169
180.420,33.328,0.047,0.680,96.950
180.440,32.396,0.008,0.680,96.766
180.460,31.020,-0.027,0.680,96.627
180.480,29.180,-0.068,0.680,96.541
180.500,26.965,-0.091,0.680,96.515
180.520,24.316,-0.120,0.680,96.543
180.540,21.305,-0.136,0.680,96.628
180.560,18.018,-0.161,0.680,96.762
180.580,14.432,-0.173,0.680,96.939
180.600,10.693,-0.183,0.680,97.146
180.620,6.779,-0.186,0.680,97.373
180.640,2.771,-0.184,0.680,97.604
180.660,-1.289,-0.183,0.680,97.828
180.680,-5.314,-0.171,0.680,98.032
180.700,-9.287,-0.157,0.680,98.199
180.720,-13.102,-0.140,0.680,98.324
180.740,-16.723,-0.117,0.680,98.397
180.760,-20.109,-0.091,0.680,98.418
180.780,-23.191,-0.058,0.680,98.383
180.800,-25.939,-0.023,0.680,98.294
180.820,-28.295,0.009,0.680,98.156
180.840,-30.264,0.049,0.680,97.979
180.860,-31.770,0.083,0.680,97.771
180.880,-32.812,0.124,0.680,97.547
180.900,-33.334,0.167,0.680,97.318
180.920,-33.410,0.207,0.680,97.099
180.940,-33.018,0.248,0.680,96.903
180.960,-32.133,0.284,0.680,96.743
180.980,-30.785,0.319,0.680,96.627
181.000,-28.957,0.356,0.680,96.563
181.020,-26.713,0.381,0.680,96.558
181.040,-24.076,0.416,0.680,96.609
181.060,-21.076,0.433,0.680,96.718
181.080,-17.795,0.458,0.680,96.876
181.100,-14.244,0.472,0.680,97.078
181.120,-10.453,0.481,0.680,97.309
181.140,-6.516,0.485,0.680,97.559
181.160,-2.479,0.489,0.680,97.811
181.180,1.564,0.481,0.680,98.059
181.200,5.602,0.472,0.680,98.283
181.220,9.539,0.455,0.680,98.472
181.240,13.389,0.439,0.680,98.616
181.260,17.016,0.414,0.680,98.707
181.280,20.391,0.389,0.680,98.744
181.300,23.496,0.358,0.680,98.723
181.320,26.244,0.326,0.680,98.647
181.340,28.611,0.290,0.680,98.521
181.360,30.551,0.253,0.680,98.353
181.380,32.068,0.215,0.680,98.152
181.400,33.117,0.172,0.680,97.933
181.420,33.680,0.134,0.680,97.707
181.440,33.762,0.093,0.680,97.489
181.460,33.381,0.054,0.680,97.292
181.480,32.484,0.016,0.680,97.127
181.500,31.154,-0.021,0.680,97.007
181.520,29.332,-0.057,0.680,96.936
181.540,27.146,-0.082,0.680,96.923
181.560,24.527,-0.108,0.680,96.964
181.580,21.545,-0.130,0.680,97.059
181.600,18.293,-0.152,0.680,97.203
181.620,14.725,-0.164,0.680,97.388
181.640,10.975,-0.174,0.680,97.602
181.660,7.078,-0.184,0.680,97.835
181.680,3.070,-0.180,0.680,98.071
181.700,-0.961,-0.179,0.680,98.297
181.720,-5.004,-0.165,0.680,98.501
181.740,-8.988,-0.153,0.680,98.668
181.760,-12.814,-0.137,0.680,98.790
181.780,-16.441,-0.113,0.680,98.860
181.800,-19.852,-0.087,0.680,98.874
181.820,-22.975,-0.056,0.680,98.831
181.840,-25.734,-0.025,0.680,98.731
181.860,-28.125,0.012,0.680,98.582
181.880,-30.111,0.047,0.680,98.391
181.900,-31.658,0.083,0.680,98.167
181.920,-32.730,0.125,0.680,97.924
181.940,-33.299,0.167,0.680,97.674
181.960,-33.439,0.203,0.680,97.432
181.980,-33.064,0.245,0.680,97.209
182.000,-32.215,0.282,0.680,97.020
182.020,-30.891,0.322,0.680,96.780
182.040,-29.098,0.355,0.680,96.780
182.060,-26.900,0.381,0.680,96.741
182.080,-24.322,0.416,0.680,96.757
182.100,-21.316,0.434,0.680,96.831
182.120,-18.064,0.458,0.680,96.954
182.140,-14.508,0.469,0.680,97.119
182.160,-10.764,0.485,0.680,97.316
182.180,-6.832,0.487,0.680,97.535
182.200,-2.795,0.489,0.680,97.758
182.220,1.248,0.484,0.680,97.975
182.240,5.291,0.476,0.680,98.171
182.260,9.229,0.458,0.680,98.335
182.280,13.084,0.444,0.680,98.456
182.300,16.729,0.416,0.680,98.527
182.320,20.133,0.391,0.680,98.543
182.340,23.262,0.358,0.680,98.502
182.360,26.045,0.330,0.680,98.407
182.380,28.424,0.293,0.680,98.264
182.400,30.410,0.251,0.680,98.081
182.420,31.963,0.214,0.680,97.865
182.440,33.047,0.172,0.680,97.631
182.460,33.656,0.137,0.680,97.392
182.480,33.785,0.088,0.680,97.160
182.500,33.422,0.053,0.680,96.951
182.520,32.584,0.011,0.678,96.775
182.540,31.271,-0.021,0.678,96.645
182.560,29.496,-0.058,0.678,96.565
182.580,27.352,-0.085,0.678,96.544
182.600,24.732,-0.114,0.678,96.581
182.620,21.809,-0.133,0.678,96.676
182.640,18.568,-0.158,0.678,96.819
182.660,15.035,-0.170,0.678,97.010
182.680,11.303,-0.179,0.678,97.233
182.700,7.418,-0.188,0.681,97.478
182.720,3.416,-0.187,0.681,97.729
182.740,-0.627,-0.187,0.681,98.197
182.760,-4.676,-0.170,0.681,98.197
182.780,-8.654,-0.166,0.681,98.387
182.800,-12.510,-0.141,0.681,98.539
182.820,-16.148,-0.125,0.681,98.638
182.840,-19.570,-0.091,0.681,98.684
182.860,-22.723,-0.067,0.681,98.671
182.880,-25.500,-0.030,0.681,98.604
182.900,-27.943,-0.002,0.681,98.487
182.920,-29.959,0.042,0.681,98.328
182.940,-31.541,0.074,0.681,98.136
182.960,-32.643,0.121,0.681,97.924
182.980,-33.223,0.156,0.681,97.705
183.000,-33.404,0.201,0.681,97.301
183.020,-33.076,0.234,0.681,97.301
183.040,-32.291,0.276,0.681,97.141
183.060,-31.008,0.313,0.681,97.025
183.080,-29.232,0.350,0.681,96.958
183.100,-27.076,0.377,0.681,96.948
183.120,-24.510,0.410,0.681,96.992
183.140,-21.574,0.431,0.681,97.095
183.160,-18.316,0.454,0.681,97.245
183.180,-14.807,0.463,0.681,97.440
183.200,-11.062,0.480,0.681,97.662
183.220,-7.166,0.481,0.681,97.905
183.240,-3.141,0.487,0.681,98.154
183.260,0.920,0.479,0.681,98.396
183.280,4.957,0.472,0.681,98.614
183.300,8.918,0.460,0.681,98.799
183.320,12.779,0.442,0.681,98.941
183.340,16.447,0.418,0.681,99.031
183.360,19.863,0.391,0.681,99.064
183.380,23.004,0.363,0.681,99.037
183.400,25.840,0.331,0.681,98.955
183.420,28.248,0.295,0.681,98.821
183.440,30.258,0.254,0.681,98.644
183.460,31.852,0.219,0.681,98.432
183.480,32.965,0.172,0.681,98.199
183.500,33.627,0.139,0.681,97.957
183.520,33.779,0.095,0.681,97.720
183.540,33.475,0.058,0.681,97.502
183.560,32.666,0.020,0.681,97.314
183.580,31.389,-0.019,0.681,97.168
183.600,29.666,-0.052,0.681,97.071
183.620,27.539,-0.084,0.681,97.030
183.640,24.955,-0.108,0.681,97.045
183.660,22.055,-0.135,0.681,97.114
183.680,18.838,-0.151,0.681,97.235
183.700,15.322,-0.170,0.681,97.396
183.720,11.596,-0.176,0.681,97.591
183.740,7.711,-0.187,0.681,97.804
183.760,3.715,-0.180,0.681,98.025
183.780,-0.334,-0.183,0.681,98.236
183.800,-4.365,-0.170,0.681,98.428
183.820,-8.361,-0.162,0.681,98.588
183.840,-12.217,-0.136,0.681,98.707
183.860,-15.891,-0.120,0.681,98.773
183.880,-19.342,-0.093,0.681,98.787
183.900,-22.512,-0.067,0.681,98.744
183.920,-25.312,-0.033,0.681,98.647
183.940,-27.791,0.008,0.681,98.500
183.960,-29.854,0.040,0.681,98.309
183.980,-31.471,0.079,0.681,98.085
184.000,-32.625,0.115,0.681,97.841
184.020,-33.252,0.162,0.681,97.589
184.040,-33.445,0.199,0.681,97.344
184.060,-33.164,0.243,0.681,97.118
184.080,-32.420,0.272,0.677,96.924
184.100,-31.172,0.318,0.677,96.773
184.120,-29.432,0.347,0.677,96.672
184.140,-27.299,0.384,0.677,96.627
184.160,-24.732,0.410,0.677,96.641
184.180,-21.867,0.433,0.677,96.712
184.200,-18.615,0.456,0.677,96.834
184.220,-15.105,0.472,0.677,97.001
184.240,-11.379,0.482,0.677,97.206
184.260,-7.471,0.489,0.677,97.431
184.280,-3.469,0.489,0.678,97.667
184.300,0.580,0.488,0.678,97.895
184.320,4.641,0.477,0.678,98.108
184.340,8.607,0.464,0.678,98.290
184.360,12.475,0.441,0.678,98.431
184.380,16.160,0.424,0.678,98.522
184.400,19.611,0.397,0.678,98.560
184.420,22.770,0.369,0.678,98.543
184.440,25.623,0.336,0.678,98.471
184.460,28.066,0.299,0.678,98.349
184.480,30.117,0.261,0.678,98.184
184.500,31.740,0.224,0.678,97.987
184.520,32.895,0.182,0.678,97.768
184.540,33.586,0.142,0.678,97.541
184.560,33.785,0.099,0.678,97.319
184.580,33.521,0.064,0.678,97.117
184.600,32.742,0.024,0.678,96.947
184.620,31.506,-0.013,0.678,96.819
184.640,29.824,-0.049,0.678,96.741
184.660,27.721,-0.079,0.678,96.721
184.680,25.201,-0.104,0.678,96.756
184.700,22.295,-0.130,0.678,96.849
184.720,19.107,-0.147,0.678,96.993
184.740,15.621,-0.167,0.678,97.181
184.760,11.918,-0.177,0.678,97.405
184.780,8.057,-0.179,0.678,97.649
184.800,4.066,-0.185,0.678,97.899
184.820,0.006,-0.180,0.678,98.147
184.840,-4.025,-0.170,0.678,98.372
184.860,-8.010,-0.160,0.678,98.567
184.880,-11.895,-0.138,0.678,98.719
184.900,-15.568,-0.125,0.678,98.819
184.920,-19.037,-0.097,0.678,98.866
184.940,-22.242,-0.065,0.678,98.856
184.960,-25.078,-0.038,0.678,98.789
184.980,-27.545,0.001,0.678,98.669
185.000,-29.643,0.033,0.678,98.505
185.020,-31.336,0.073,0.678,98.307
185.040,-32.490,0.108,0.678,98.085
185.060,-33.199,0.150,0.678,97.853
185.080,-33.410,0.190,0.678,97.625
185.100,-33.152,0.233,0.678,97.414
185.120,-32.467,0.269,0.678,97.233
185.140,-31.242,0.307,0.678,97.092
185.160,-29.549,0.342,0.678,96.998
185.180,-27.434,0.374,0.678,96.960
185.200,-24.937,0.403,0.678,96.976
185.220,-22.072,0.426,0.678,97.049
185.240,-18.850,0.447,0.678,97.171
185.260,-15.381,0.466,0.678,97.337
185.280,-11.672,0.475,0.678,97.537
185.300,-7.770,0.481,0.678,97.757
185.320,-3.785,0.486,0.678,97.986
185.340,0.275,0.484,0.678,98.207
185.360,4.312,0.472,0.678,98.414
185.380,8.297,0.461,0.678,98.584
185.400,12.176,0.441,0.678,98.716
185.420,15.879,0.424,0.678,98.794
185.440,19.342,0.392,0.678,98.821
185.460,22.518,0.366,0.678,98.787
185.480,25.418,0.332,0.678,98.700
185.500,27.885,0.298,0.678,98.559
185.520,29.977,0.263,0.678,98.375
185.540,31.623,0.222,0.678,98.156
185.560,32.824,0.181,0.678,97.914
185.580,33.545,0.141,0.678,97.662
185.600,33.779,0.101,0.678,97.414
185.620,33.551,0.058,0.678,97.183
185.640,32.824,0.021,0.678,96.982
185.660,31.617,-0.013,0.678,96.824
185.680,29.977,-0.049,0.678,96.713
185.700,27.926,-0.084,0.678,96.659
185.720,25.418,-0.105,0.678,96.663
185.740,22.564,-0.135,0.678,96.723
185.760,19.377,-0.149,0.678,96.835
185.780,15.914,-0.170,0.678,96.992
185.800,12.217,-0.178,0.678,97.185
185.820,8.367,-0.184,0.678,97.402
185.840,4.395,-0.185,0.678,97.628
185.860,0.340,-0.181,0.678,97.850
185.880,-3.691,-0.177,0.678,98.056
185.900,-7.705,-0.166,0.678,98.235
185.920,-11.590,-0.147,0.678,98.374
185.940,-15.299,-0.120,0.678,98.465
185.960,-18.779,-0.099,0.678,98.501
185.980,-21.990,-0.070,0.678,98.482
186.000,-24.873,-0.041,0.678,98.409
186.020,-27.381,-0.001,0.678,98.285
186.040,-29.502,0.030,0.678,98.118
186.060,-31.225,0.072,0.678,97.916
186.080,-32.426,0.108,0.678,97.692
186.100,-33.164,0.152,0.678,97.459
186.120,-33.422,0.193,0.678,97.019
186.140,-33.211,0.233,0.678,97.019
186.160,-32.537,0.266,0.678,96.840
186.180,-31.348,0.305,0.678,96.700
186.200,-29.725,0.343,0.678,96.611
186.220,-27.645,0.373,0.678,96.579
186.240,-25.178,0.403,0.678,96.605
186.260,-22.307,0.430,0.678,96.687
186.280,-19.113,0.447,0.678,96.826
186.300,-15.691,0.464,0.678,97.007
186.320,-11.988,0.478,0.678,97.226
186.340,-8.115,0.484,0.678,97.467
186.360,-4.113,0.487,0.678,97.720
186.380,-0.053,0.485,0.678,97.969
186.400,3.996,0.480,0.678,98.204
186.420,7.986,0.464,0.678,98.407
186.440,11.854,0.445,0.678,98.571
186.460,15.592,0.425,0.678,98.685
186.480,19.066,0.403,0.678,98.745
186.500,22.283,0.374,0.678,98.750
186.520,25.195,0.340,0.678,98.696
186.540,27.686,0.307,0.678,98.591
186.560,29.818,0.269,0.678,98.440
186.580,31.500,0.232,0.678,98.254
186.600,32.748,0.187,0.678,98.043
186.620,33.516,0.149,0.678,97.821
186.640,33.791,0.108,0.678,97.602
186.660,33.592,0.068,0.678,97.397
186.680,32.895,0.029,0.678,97.223
186.700,31.740,-0.005,0.678,97.087
186.720,30.117,-0.043,0.678,97.001
186.740,28.090,-0.075,0.678,96.969
186.760,25.623,-0.096,0.678,96.993
186.780,22.793,-0.126,0.678,97.071
186.800,19.629,-0.142,0.678,97.203
186.820,16.207,-0.164,0.678,97.377
186.840,12.521,-0.170,0.678,97.588
186.860,8.666,-0.178,0.678,97.819
186.880,4.717,-0.183,0.678,98.060
186.900,0.691,-0.180,0.678,98.296
186.920,-3.369,-0.171,0.678,98.515
186.940,-7.383,-0.159,0.678,98.700
186.960,-11.273,-0.144,0.678,98.846
186.980,-14.988,-0.123,0.678,98.942
187.000,-18.504,-0.102,0.678,98.984
187.020,-21.721,-0.070,0.678,98.969
187.040,-24.650,-0.038,0.678,98.895
187.060,-27.187,-0.000,0.678,98.769
187.080,-29.355,0.033,0.678,98.596
187.100,-31.102,0.070,0.678,98.387
187.120,-32.320,0.105,0.678,98.153
187.140,-33.123,0.151,0.678,97.907
187.160,-33.393,0.190,0.678,97.662
187.180,-33.264,0.230,0.678,97.433
187.200,-32.613,0.268,0.678,97.232
187.220,-31.447,0.303,0.678,97.071
187.240,-29.848,0.342,0.678,96.956
187.260,-27.809,0.371,0.678,96.896
187.280,-25.395,0.401,0.678,96.892
187.300,-22.559,0.426,0.678,96.943
187.320,-19.383,0.447,0.678,97.048
187.340,-15.967,0.467,0.678,97.198
187.360,-12.264,0.476,0.678,97.383
187.380,-8.414,0.485,0.678,97.593
187.400,-4.436,0.487,0.678,97.814
187.420,-0.369,0.484,0.678,98.032
187.440,3.680,0.478,0.678,98.235
187.460,7.682,0.462,0.678,98.408
187.480,11.561,0.446,0.678,98.544
187.500,15.305,0.427,0.678,98.632
187.520,18.797,0.398,0.678,98.666
187.540,22.031,0.373,0.678,98.645
187.560,24.984,0.339,0.678,98.568
187.580,27.510,0.303,0.678,98.440
187.600,29.678,0.265,0.678,98.267
187.620,31.383,0.226,0.678,98.058
187.640,32.672,0.187,0.678,97.825
187.660,33.469,0.145,0.678,97.582
187.680,33.785,0.108,0.678,97.341
187.700,33.621,0.066,0.676,97.116
187.720,32.965,0.027,0.676,96.920
187.740,31.852,-0.009,0.676,96.765
187.760,30.252,-0.044,0.676,96.659
187.780,28.271,-0.081,0.676,96.610
187.800,25.840,-0.100,0.676,96.619
187.820,23.027,-0.132,0.676,96.684
187.840,19.904,-0.145,0.676,96.807
187.860,16.494,-0.168,0.676,96.973
187.880,12.809,-0.172,0.676,97.179
187.900,9.000,-0.188,0.678,97.409
187.920,5.027,-0.184,0.678,97.657
187.940,1.014,-0.185,0.678,97.899
187.960,-3.029,-0.177,0.678,98.129
187.980,-7.049,-0.167,0.678,98.330
188.000,-10.963,-0.153,0.678,98.495
188.020,-14.695,-0.130,0.678,98.612
188.040,-18.211,-0.108,0.678,98.676
188.060,-21.463,-0.076,0.678,98.684
188.080,-24.404,-0.048,0.678,98.636
188.100,-26.965,-0.010,0.678,98.538
188.120,-29.174,0.024,0.678,98.393
188.140,-30.955,0.065,0.678,98.211
188.160,-32.227,0.095,0.678,98.005
188.180,-33.047,0.145,0.678,97.787
188.200,-33.381,0.177,0.678,97.571
188.220,-33.270,0.225,0.678,97.370
188.240,-32.672,0.257,0.678,97.197
188.260,-31.564,0.301,0.678,97.063
188.280,-30.000,0.333,0.678,96.978
188.300,-27.984,0.366,0.678,96.946
188.320,-25.600,0.394,0.678,96.973
188.340,-22.787,0.424,0.678,97.053
188.360,-19.641,0.441,0.678,97.191
188.380,-16.230,0.465,0.678,97.371
188.400,-12.580,0.471,0.678,97.591
188.420,-8.742,0.485,0.678,97.831
188.440,-4.758,0.485,0.678,98.085
188.460,-0.727,0.485,0.678,98.336
188.480,3.357,0.475,0.678,98.573
188.500,7.354,0.466,0.678,98.779
188.520,11.238,0.447,0.678,98.944
188.540,15.006,0.428,0.678,99.060
188.560,18.516,0.403,0.678,99.122
188.580,21.779,0.376,0.678,99.127
188.600,24.750,0.340,0.678,99.073
188.620,27.316,0.311,0.678,98.965
188.640,29.520,0.269,0.678,98.810
188.660,31.260,0.236,0.678,98.617
188.680,32.584,0.192,0.678,98.397
188.700,33.422,0.152,0.678,98.163
188.720,33.779,0.116,0.678,97.928
188.740,33.656,0.069,0.678,97.706
188.760,33.041,0.037,0.678,97.511
188.780,31.969,-0.006,0.678,97.353
188.800,30.398,-0.038,0.678,97.242
188.820,28.453,-0.074,0.678,97.184
188.840,26.051,-0.094,0.678,97.183
188.860,23.273,-0.125,0.678,97.234
188.880,20.174,-0.139,0.678,97.339
188.900,16.775,-0.165,0.678,97.487
188.920,13.131,-0.173,0.678,97.674
188.940,9.305,-0.185,0.678,97.884
188.960,5.355,-0.179,0.678,98.108
188.980,1.318,-0.186,0.678,98.327
189.000,-2.725,-0.174,0.678,98.532
189.020,-6.744,-0.162,0.678,98.706
189.040,-10.670,-0.149,0.678,98.842
189.060,-14.402,-0.125,0.678,98.933
189.080,-17.965,-0.108,0.678,98.968
189.100,-21.240,-0.075,0.678,98.948
189.120,-24.199,-0.046,0.678,98.871
189.140,-26.795,-0.006,0.678,98.741
189.160,-29.033,0.026,0.678,98.564
189.180,-30.838,0.066,0.678,98.350
189.200,-32.168,0.100,0.678,98.110
189.220,-33.035,0.147,0.678,97.856
189.240,-33.375,0.182,0.678,97.604
189.260,-33.311,0.224,0.678,97.365
189.280,-32.725,0.263,0.676,97.153
189.300,-31.693,0.299,0.675,96.980
189.320,-30.152,0.340,0.675,96.854
189.340,-28.172,0.368,0.675,96.782
189.360,-25.805,0.400,0.675,96.768
189.380,-23.039,0.423,0.675,96.811
189.400,-19.922,0.448,0.675,96.909
189.420,-16.518,0.465,0.675,97.054
189.440,-12.902,0.477,0.675,97.238
189.460,-9.041,0.488,0.676,97.450
189.480,-5.068,0.488,0.676,97.678
189.500,-1.037,0.485,0.676,97.904
189.520,3.029,0.480,0.676,98.117
189.540,7.037,0.464,0.676,98.306
189.560,10.951,0.452,0.676,98.456
189.580,14.725,0.430,0.676,98.564
189.600,18.240,0.406,0.676,98.618
189.620,21.521,0.380,0.676,98.616
189.640,24.527,0.346,0.676,98.560
189.660,27.129,0.314,0.676,98.451
189.680,29.355,0.273,0.676,98.297
189.700,31.131,0.240,0.676,98.107
189.720,32.496,0.195,0.676,97.890
189.740,33.381,0.157,0.676,97.661
189.760,33.773,0.115,0.676,97.432
189.780,33.680,0.075,0.676,97.217
189.800,33.111,0.043,0.676,97.029
189.820,32.068,-0.001,0.676,96.879
189.840,30.562,-0.034,0.676,96.778
189.860,28.623,-0.071,0.676,96.731
189.880,26.273,-0.097,0.676,96.743
189.900,23.514,-0.125,0.676,96.812
189.920,20.437,-0.139,0.676,96.938
189.940,17.074,-0.163,0.676,97.108
189.960,13.430,-0.172,0.676,97.319
189.980,9.633,-0.184,0.676,97.556
190.000,5.689,-0.183,0.676,97.809
190.020,1.670,-0.187,0.676,98.060
190.040,-2.385,-0.179,0.676,98.299
190.060,-6.398,-0.166,0.676,98.511
190.080,-10.342,-0.155,0.676,98.685
190.100,-14.098,-0.129,0.676,98.813
190.120,-17.637,-0.112,0.676,98.886
190.140,-20.971,-0.079,0.676,98.904
190.160,-23.941,-0.054,0.676,98.863
190.180,-26.596,-0.017,0.676,98.770
190.200,-28.834,0.016,0.676,98.628
190.220,-30.674,0.054,0.676,98.448
190.240,-32.057,0.094,0.676,98.240
190.260,-32.947,0.137,0.676,98.017
190.280,-33.352,0.171,0.676,97.793
190.300,-33.305,0.218,0.676,97.581
190.320,-32.760,0.251,0.676,97.394
190.340,-31.781,0.293,0.676,97.242
190.360,-30.275,0.324,0.676,97.139
190.380,-28.336,0.361,0.676,97.084
190.400,-26.004,0.389,0.676,97.088
190.420,-23.244,0.418,0.676,97.145
190.440,-20.168,0.442,0.676,97.258
190.460,-16.793,0.460,0.676,97.415
190.480,-13.195,0.469,0.676,97.612
190.500,-9.369,0.481,0.676,97.831
190.520,-5.379,0.483,0.676,98.065
190.540,-1.359,0.485,0.676,98.298
190.560,2.713,0.478,0.676,98.518
190.580,6.727,0.464,0.676,98.712
190.600,10.617,0.451,0.676,98.866
190.620,14.432,0.431,0.676,98.973
190.640,17.982,0.404,0.676,99.025
190.660,21.281,0.376,0.676,99.020
190.680,24.311,0.345,0.676,98.957
190.700,26.936,0.313,0.676,98.840
190.720,29.180,0.272,0.676,98.675
190.740,31.014,0.237,0.676,98.471
190.760,32.402,0.196,0.676,98.239
190.780,33.316,0.155,0.676,97.990
190.800,33.750,0.115,0.676,97.740
190.820,33.703,0.072,0.676,97.501
190.840,33.176,0.039,0.676,97.288
190.860,32.168,-0.006,0.676,97.110
190.880,30.703,-0.033,0.676,96.980
190.900,28.793,-0.075,0.676,96.900
190.920,26.479,-0.096,0.676,96.880
190.940,23.742,-0.126,0.676,96.913
190.960,20.695,-0.139,0.676,97.005
190.980,17.355,-0.165,0.676,97.138
191.000,13.723,-0.174,0.676,97.316
191.020,9.943,-0.184,0.676,97.519
191.040,6.000,-0.183,0.676,97.739
191.060,1.986,-0.188,0.676,97.957
191.080,-2.074,-0.178,0.676,98.167
191.100,-6.088,-0.166,0.676,98.350
191.120,-10.031,-0.155,0.676,98.497
191.140,-13.816,-0.130,0.676,98.600
191.160,-17.373,-0.116,0.676,98.651
191.180,-20.730,-0.079,0.676,98.648
191.200,-23.736,-0.056,0.676,98.588
191.220,-26.420,-0.016,0.676,98.476
191.240,-28.693,0.016,0.676,98.317
191.260,-30.574,0.058,0.676,98.120
191.280,-31.957,0.091,0.676,97.896
191.300,-32.912,0.137,0.676,97.658
191.320,-33.346,0.174,0.676,97.418
191.340,-33.352,0.218,0.676,97.191
191.360,-32.854,0.253,0.676,96.990
191.380,-31.875,0.294,0.676,96.826
191.400,-30.404,0.327,0.676,96.711
191.420,-28.523,0.364,0.676,96.647
191.440,-26.209,0.392,0.676,96.643
191.460,-23.514,0.419,0.676,96.695
191.480,-20.420,0.440,0.676,96.806
191.500,-17.074,0.459,0.676,96.964
191.520,-13.512,0.477,0.676,97.165
191.540,-9.674,0.482,0.676,97.393
191.560,-5.725,0.486,0.676,97.640
191.580,-1.693,0.486,0.676,97.887
191.600,2.385,0.477,0.676,98.124
191.620,6.387,0.474,0.676,98.336
191.640,10.318,0.453,0.676,98.515
191.660,14.115,0.435,0.676,98.649
191.680,17.701,0.413,0.676,98.729
191.700,21.029,0.384,0.676,98.755
191.720,24.076,0.352,0.676,98.722
191.740,26.736,0.319,0.676,98.636
191.760,29.016,0.284,0.676,98.503
191.780,30.879,0.246,0.676,98.330
191.800,32.309,0.207,0.676,98.129
191.820,33.258,0.166,0.676,97.911
191.840,33.727,0.122,0.676,97.690
191.860,33.721,0.083,0.676,97.481
191.880,33.246,0.045,0.676,97.296
191.900,32.262,0.009,0.676,97.147
191.920,30.832,-0.026,0.676,97.042
191.940,28.963,-0.066,0.676,96.991
191.960,26.672,-0.086,0.676,96.997
191.980,23.977,-0.119,0.676,97.057
192.000,20.941,-0.134,0.676,97.174
192.020,17.637,-0.159,0.676,97.335
192.040,14.016,-0.168,0.676,97.540
192.060,10.242,-0.180,0.676,97.768
192.080,6.328,-0.179,0.676,98.012
192.100,2.332,-0.183,0.676,98.255
192.120,-1.752,-0.173,0.676,98.485
192.140,-5.766,-0.169,0.676,98.689
192.160,-9.721,-0.154,0.676,98.858
192.180,-13.506,-0.134,0.676,98.981
192.200,-17.098,-0.113,0.676,99.050
192.220,-20.443,-0.081,0.676,99.062
192.240,-23.490,-0.055,0.676,99.016
192.260,-26.197,-0.016,0.676,98.914
192.280,-28.518,0.012,0.676,98.763
192.300,-30.439,0.054,0.676,98.571
192.320,-31.863,0.087,0.676,98.349
192.340,-32.848,0.131,0.676,98.110
192.360,-33.311,0.173,0.676,97.866
192.380,-33.352,0.213,0.676,97.632
192.400,-32.930,0.248,0.676,97.421
192.420,-31.969,0.290,0.676,97.243
192.440,-30.545,0.322,0.676,97.112
192.460,-28.687,0.360,0.676,97.029
192.480,-26.385,0.386,0.676,97.005
192.500,-23.736,0.414,0.676,97.033
192.520,-20.689,0.436,0.676,97.117
192.540,-17.355,0.458,0.676,97.247
192.560,-13.793,0.471,0.676,97.420
192.580,-9.984,0.481,0.676,97.619
192.600,-6.047,0.486,0.676,97.836
192.620,-2.016,0.484,0.676,98.056
192.640,2.045,0.478,0.676,98.263
192.660,6.082,0.468,0.676,98.448
192.680,10.002,0.448,0.676,98.594
192.700,13.828,0.435,0.676,98.697
192.720,17.420,0.410,0.676,98.748
192.740,20.760,0.381,0.676,98.744
192.760,23.836,0.350,0.676,98.683
192.780,26.543,0.315,0.676,98.569
192.800,28.852,0.280,0.676,98.407
192.820,30.744,0.244,0.676,98.204
192.840,32.215,0.203,0.676,97.973
192.860,33.199,0.161,0.676,97.725
192.880,33.721,0.120,0.676,97.474
192.900,33.738,0.083,0.676,97.234
192.920,33.305,0.041,0.676,97.017
192.940,32.355,0.002,0.676,96.835
192.960,30.961,-0.027,0.676,96.701
192.980,29.109,-0.071,0.676,96.618
193.000,26.883,-0.089,0.676,96.597
193.020,24.217,-0.122,0.676,96.630
193.040,21.211,-0.140,0.676,96.722
193.060,17.889,-0.162,0.676,96.862
193.080,14.332,-0.171,0.676,97.045
193.100,10.559,-0.182,0.676,97.258
193.120,6.650,-0.186,0.676,97.490
193.140,2.625,-0.187,0.676,97.728
193.160,-1.424,-0.182,0.676,97.955
193.180,-5.443,-0.171,0.676,98.162
193.200,-9.416,-0.162,0.676,98.334
193.220,-13.219,-0.137,0.676,98.464
193.240,-16.840,-0.117,0.676,98.542
193.260,-20.227,-0.088,0.676,98.566
193.280,-23.297,-0.062,0.676,98.534
193.300,-26.033,-0.021,0.676,98.448
193.320,-28.383,0.008,0.676,98.314
193.340,-30.340,0.048,0.676,98.141
193.360,-31.816,0.084,0.676,97.938
193.380,-32.836,0.128,0.676,97.719
193.400,-33.334,0.164,0.676,97.496
193.420,-33.404,0.207,0.676,97.283
193.440,-33.018,0.245,0.676,97.094
193.460,-32.109,0.284,0.676,96.939
193.480,-30.744,0.319,0.676,96.832
193.500,-28.904,0.358,0.676,96.775
193.520,-26.637,0.382,0.676,96.778
193.540,-24.012,0.414,0.676,96.833
193.560,-20.994,0.435,0.676,96.950
193.580,-17.689,0.460,0.676,97.113
193.600,-14.133,0.470,0.676,97.321
193.620,-10.330,0.478,0.676,97.554
193.640,-6.398,0.485,0.676,97.808
193.660,-2.373,0.485,0.676,98.064
193.680,1.693,0.481,0.676,98.309
193.700,5.719,0.472,0.676,98.534
193.720,9.674,0.455,0.676,98.721
193.740,13.500,0.437,0.676,98.865
193.760,17.133,0.411,0.676,98.954
193.780,20.479,0.389,0.676,98.988
193.800,23.602,0.357,0.676,98.963
193.820,26.332,0.323,0.676,98.753
193.840,28.670,0.287,0.676,98.753
193.860,30.615,0.251,0.676,98.582
193.880,32.109,0.211,0.676,98.378
193.900,33.141,0.169,0.676,98.156
193.920,33.686,0.127,0.676,97.928
193.940,33.756,0.089,0.676,97.707
193.960,33.352,0.049,0.676,97.509
193.980,32.449,0.013,0.676,97.343
194.000,31.096,-0.024,0.676,97.222
194.020,29.262,-0.061,0.676,97.150
194.040,27.076,-0.089,0.676,97.136
194.060,24.428,-0.113,0.676,97.177
194.080,21.439,-0.130,0.676,97.270
194.100,18.176,-0.157,0.676,97.412
194.120,14.613,-0.169,0.676,97.595
194.140,10.846,-0.179,0.676,97.806
194.160,6.955,-0.185,0.676,98.035
194.180,2.941,-0.183,0.676,98.266
194.200,-1.102,-0.178,0.676,98.488
194.220,-5.150,-0.167,0.676,98.685
194.240,-9.123,-0.153,0.676,98.846
194.260,-12.937,-0.133,0.676,98.963
194.280,-16.570,-0.112,0.676,99.027
194.300,-19.963,-0.087,0.676,99.035
194.320,-23.086,-0.056,0.676,98.986
194.340,-25.834,-0.021,0.676,98.883
194.360,-28.213,0.012,0.676,98.729
194.380,-30.193,0.052,0.676,98.534
194.400,-31.711,0.088,0.676,98.307
194.420,-32.754,0.128,0.676,98.062
194.440,-33.316,0.169,0.676,97.811
194.460,-33.422,0.208,0.676,97.568
194.480,-33.029,0.251,0.674,97.347
194.500,-32.168,0.286,0.674,97.160
194.520,-30.855,0.323,0.674,97.018
194.540,-29.033,0.356,0.674,96.925
194.560,-26.818,0.381,0.674,96.889
194.580,-24.211,0.417,0.674,96.907
194.600,-21.223,0.435,0.674,96.986
194.620,-17.941,0.459,0.674,97.112
194.640,-14.408,0.468,0.674,97.282
194.660,-10.617,0.483,0.674,97.479
194.680,-6.703,0.488,0.676,97.700
194.700,-2.678,0.489,0.678,97.925
194.720,1.377,0.482,0.678,98.344
194.740,5.408,0.474,0.678,98.344
194.760,9.387,0.456,0.678,98.510
194.780,13.213,0.439,0.678,98.632
194.800,16.857,0.417,0.678,98.703
194.820,20.250,0.392,0.678,98.722
194.840,23.361,0.358,0.678,98.684
194.860,26.133,0.323,0.678,98.593
194.880,28.494,0.290,0.678,98.452
194.900,30.469,0.250,0.678,98.272
194.920,31.998,0.216,0.678,98.061
194.940,33.070,0.174,0.678,97.832
194.960,33.662,0.132,0.678,97.597
194.980,33.773,0.094,0.678,97.371
195.000,33.416,0.054,0.678,97.168
195.020,32.543,0.016,0.678,96.998
195.040,31.225,-0.024,0.678,96.874
195.060,29.449,-0.058,0.678,96.802
195.080,27.264,-0.083,0.678,96.787
195.100,24.662,-0.114,0.678,96.830
195.120,21.697,-0.134,0.678,96.931
195.140,18.463,-0.158,0.678,97.082
195.160,14.924,-0.167,0.678,97.278
195.180,11.168,-0.181,0.678,97.504
195.200,7.277,-0.185,0.678,97.751
195.220,3.293,-0.183,0.678,98.003
195.240,-0.750,-0.184,0.678,98.246
195.260,-4.805,-0.173,0.678,98.469
195.280,-8.777,-0.162,0.678,98.660
195.300,-12.609,-0.144,0.678,98.808
195.320,-16.248,-0.122,0.678,98.905
195.340,-19.664,-0.096,0.678,98.946
195.360,-22.811,-0.065,0.678,98.930
195.380,-25.588,-0.033,0.678,98.858
195.400,-27.984,0.002,0.678,98.737
195.420,-30.012,0.041,0.678,98.573
195.440,-31.564,0.078,0.678,98.376
195.460,-32.666,0.120,0.678,98.159
195.480,-33.246,0.155,0.678,97.935
195.500,-33.428,0.201,0.678,97.718
195.520,-33.082,0.240,0.678,97.522
195.540,-32.256,0.276,0.678,97.357
195.560,-30.967,0.312,0.678,97.237
195.580,-29.180,0.349,0.678,97.163
195.600,-27.000,0.376,0.678,97.147
195.620,-24.416,0.410,0.678,97.185
195.640,-21.451,0.429,0.678,97.280
195.660,-18.193,0.453,0.678,97.422
195.680,-14.660,0.468,0.678,97.606
195.700,-10.934,0.481,0.678,98.056
195.720,-7.008,0.482,0.678,98.056
195.740,-3.000,0.488,0.678,98.293
195.760,1.066,0.480,0.678,98.524
195.780,5.098,0.472,0.678,98.732
195.800,9.059,0.456,0.678,98.904
195.820,12.908,0.441,0.678,99.033
195.840,16.576,0.416,0.678,99.109
195.860,19.975,0.392,0.678,99.130
195.880,23.115,0.360,0.678,99.092
195.900,25.928,0.327,0.678,98.998
195.920,28.342,0.290,0.678,98.852
195.940,30.328,0.252,0.678,98.663
195.960,31.904,0.215,0.678,98.441
195.980,33.006,0.170,0.678,98.198
196.000,33.633,0.137,0.678,97.947
196.020,33.779,0.094,0.678,97.702
196.040,33.457,0.053,0.678,97.476
196.060,32.643,0.015,0.676,97.282
196.080,31.354,-0.020,0.676,97.132
196.100,29.602,-0.055,0.676,97.029
196.120,27.463,-0.084,0.676,96.984
196.140,24.873,-0.111,0.676,96.993
196.160,21.943,-0.137,0.676,97.060
196.180,18.715,-0.154,0.676,97.177
196.200,15.193,-0.170,0.676,97.334
196.220,11.473,-0.177,0.676,97.525
196.240,7.582,-0.185,0.676,97.734
196.260,3.580,-0.181,0.676,97.951
196.280,-0.451,-0.182,0.676,98.160
196.300,-4.512,-0.170,0.676,98.350
196.320,-8.473,-0.162,0.676,98.508
196.340,-12.334,-0.141,0.676,98.624
196.360,-15.996,-0.119,0.676,98.691
196.380,-19.424,-0.091,0.676,98.703
196.400,-22.600,-0.062,0.676,98.658
196.420,-25.395,-0.033,0.676,98.560
196.440,-27.861,0.007,0.676,98.412
196.460,-29.912,0.040,0.676,98.222
196.480,-31.500,0.080,0.676,98.000
196.500,-32.643,0.121,0.676,97.757
196.520,-33.246,0.160,0.676,97.509
196.540,-33.445,0.203,0.676,97.267
196.560,-33.141,0.242,0.676,97.046
196.580,-32.373,0.278,0.676,96.858
196.600,-31.107,0.316,0.676,96.713
196.620,-29.355,0.351,0.676,96.620
196.640,-27.234,0.384,0.676,96.583
196.660,-24.680,0.412,0.676,96.603
196.680,-21.750,0.431,0.676,96.684
196.700,-18.504,0.456,0.676,96.813
196.720,-15.000,0.469,0.676,96.990
196.740,-11.268,0.483,0.676,97.201
196.760,-7.354,0.487,0.676,97.434
196.780,-3.352,0.491,0.678,97.676
196.800,0.721,0.485,0.678,97.913
196.820,4.758,0.478,0.678,98.130
196.840,8.736,0.463,0.678,98.317
196.860,12.586,0.447,0.678,98.463
196.880,16.277,0.421,0.678,98.561
196.900,19.711,0.398,0.678,98.603
196.920,22.869,0.365,0.678,98.590
196.940,25.705,0.336,0.678,98.522
196.960,28.143,0.294,0.678,98.404
196.980,30.176,0.263,0.678,98.243
197.000,31.793,0.222,0.678,98.050
197.020,32.930,0.181,0.678,97.836
197.040,33.592,0.144,0.678,97.615
197.060,33.797,0.099,0.678,97.399
197.080,33.498,0.061,0.678,97.204
197.100,32.713,0.025,0.678,97.040
197.120,31.471,-0.014,0.678,96.918
197.140,29.760,-0.048,0.678,96.846
197.160,27.650,-0.085,0.678,96.831
197.180,25.090,-0.101,0.678,96.875
197.200,22.207,-0.129,0.678,96.972
197.220,18.984,-0.149,0.678,97.120
197.240,15.486,-0.167,0.678,97.312
197.260,11.789,-0.175,0.678,97.539
197.280,7.904,-0.180,0.678,97.786
197.300,3.926,-0.181,0.678,98.039
197.320,-0.123,-0.181,0.678,98.284
197.340,-4.166,-0.170,0.678,98.510
197.360,-8.156,-0.160,0.678,98.703
197.380,-12.018,-0.141,0.678,98.854
197.400,-15.680,-0.120,0.678,98.954
197.420,-19.172,-0.098,0.678,98.998
197.440,-22.342,-0.066,0.678,98.984
197.460,-25.154,-0.036,0.678,98.913
197.480,-27.650,0.004,0.678,98.791
197.500,-29.713,0.035,0.678,98.624
197.520,-31.377,0.075,0.678,98.422
197.540,-32.543,0.112,0.678,98.198
197.560,-33.217,0.154,0.678,97.963
197.580,-33.416,0.194,0.678,97.733
197.600,-33.158,0.239,0.678,97.519
197.620,-32.432,0.271,0.678,97.337
197.640,-31.201,0.309,0.678,97.195
197.660,-29.496,0.346,0.678,97.099
197.680,-27.352,0.374,0.678,97.060
197.700,-24.850,0.409,0.678,97.074
197.720,-21.973,0.427,0.678,97.147
197.740,-18.750,0.453,0.678,97.266
197.760,-15.264,0.464,0.678,97.432
197.780,-11.543,0.477,0.678,97.627
197.800,-7.641,0.479,0.678,97.843
197.820,-3.645,0.489,0.678,98.066
197.840,0.410,0.481,0.678,98.286
197.860,4.453,0.475,0.678,98.486
197.880,8.449,0.460,0.678,98.655
197.900,12.299,0.439,0.678,98.781
197.920,15.996,0.420,0.678,98.856
197.940,19.447,0.392,0.678,98.876
197.960,22.629,0.360,0.678,98.839
197.980,25.494,0.332,0.678,98.746
198.000,27.961,0.294,0.678,98.603
198.020,30.029,0.261,0.678,98.415
198.040,31.670,0.219,0.678,98.193
198.060,32.848,0.180,0.678,97.949
198.080,33.562,0.140,0.678,97.696
198.100,33.803,0.098,0.678,97.448
198.120,33.539,0.061,0.678,97.217
198.140,32.801,0.020,0.676,97.017
198.160,31.582,-0.014,0.676,96.859
198.180,29.906,-0.053,0.676,96.750
198.200,27.844,-0.083,0.676,96.699
198.220,25.330,-0.108,0.676,96.705
198.240,22.447,-0.133,0.676,96.768
198.260,19.260,-0.151,0.676,96.884
198.280,15.791,-0.170,0.676,97.045
198.300,12.094,-0.182,0.676,97.241
198.320,8.238,-0.186,0.677,97.463
198.340,4.266,-0.187,0.678,97.692
198.360,0.205,-0.183,0.678,97.918
198.380,-3.832,-0.174,0.678,98.126
198.400,-7.828,-0.164,0.678,98.305
198.420,-11.725,-0.147,0.678,98.446
198.440,-15.398,-0.127,0.678,98.539
198.460,-18.902,-0.099,0.678,98.578
198.480,-22.096,-0.070,0.678,98.560
198.500,-24.961,-0.040,0.678,98.488
198.520,-27.457,-0.002,0.678,98.366
198.540,-29.561,0.028,0.678,98.201
198.560,-31.289,0.073,0.678,98.003
198.580,-32.479,0.108,0.678,97.782
198.600,-33.193,0.148,0.678,97.552
198.620,-33.428,0.189,0.678,97.328
198.640,-33.223,0.230,0.678,97.122
198.660,-32.543,0.269,0.678,96.946
198.680,-31.348,0.305,0.678,96.813
198.700,-29.684,0.344,0.678,96.729
198.720,-27.598,0.374,0.678,96.702
198.740,-25.090,0.403,0.678,96.734
198.760,-22.260,0.429,0.678,96.822
198.780,-19.025,0.452,0.678,96.963
198.800,-15.574,0.464,0.678,97.150
198.820,-11.900,0.478,0.678,97.371
198.840,-7.980,0.482,0.678,97.614
198.860,-3.996,0.487,0.678,97.868
198.880,0.064,0.479,0.678,98.118
198.900,4.113,0.477,0.678,98.350
198.920,8.104,0.466,0.678,98.553
198.940,11.994,0.448,0.678,98.715
198.960,15.691,0.426,0.678,98.827
198.980,19.172,0.398,0.678,98.883
199.000,22.383,0.372,0.678,98.882
199.020,25.277,0.339,0.678,98.825
199.040,27.773,0.303,0.678,98.715
199.060,29.889,0.266,0.678,98.560
199.080,31.553,0.227,0.678,98.368
199.100,32.771,0.190,0.678,98.153
199.120,33.527,0.144,0.678,97.927
199.140,33.791,0.105,0.678,97.704
199.160,33.580,0.066,0.678,97.496
199.180,32.871,0.029,0.678,97.318
199.200,31.687,-0.009,0.678,97.178
199.220,30.053,-0.042,0.678,97.088
199.240,28.014,-0.076,0.678,97.052
199.260,25.547,-0.098,0.678,97.071
199.280,22.693,-0.129,0.678,97.144
199.300,19.518,-0.144,0.678,97.270
199.320,16.066,-0.166,0.678,97.439
199.340,12.387,-0.170,0.678,97.643
199.360,8.537,-0.181,0.678,97.867
199.380,4.564,-0.180,0.678,98.101
199.400,0.521,-0.179,0.678,98.328
199.420,-3.521,-0.170,0.678,98.538
199.440,-7.535,-0.158,0.678,98.716
199.460,-11.426,-0.142,0.678,98.852
199.480,-15.123,-0.121,0.678,98.939
199.500,-18.639,-0.098,0.678,98.970
199.520,-21.838,-0.066,0.678,98.946
199.540,-24.768,-0.039,0.678,98.862
199.560,-27.281,0.002,0.678,98.728
199.580,-29.420,0.032,0.678,98.548
199.600,-31.143,0.072,0.678,98.332
199.620,-32.385,0.112,0.678,98.092
199.640,-33.152,0.153,0.678,97.841
199.660,-33.439,0.190,0.678,97.592
199.680,-33.240,0.232,0.678,97.358
199.700,-32.590,0.269,0.678,97.154
199.720,-31.424,0.308,0.678,96.989
199.740,-29.818,0.345,0.678,96.875
199.760,-27.756,0.373,0.678,96.812
199.780,-25.307,0.404,0.678,96.806
199.800,-22.459,0.427,0.678,96.858
199.820,-19.260,0.447,0.678,96.962
199.840,-15.855,0.465,0.678,97.111
199.860,-12.176,0.478,0.678,97.295
199.880,-8.297,0.483,0.678,97.504
199.900,-4.301,0.488,0.678,97.725
199.920,-0.252,0.482,0.678,97.944
199.940,3.809,0.477,0.678,98.147
199.960,7.793,0.462,0.678,98.322
199.980,11.678,0.447,0.678,98.458
200.000,15.410,0.427,0.678,98.548
200.020,18.920,0.398,0.678,98.584
200.040,22.131,0.372,0.678,98.564
200.060,25.072,0.337,0.678,98.489
200.080,27.580,0.303,0.678,98.363
200.100,29.742,0.267,0.678,98.193
200.120,31.436,0.228,0.678,97.988
200.140,32.689,0.188,0.678,97.760
200.160,33.480,0.145,0.678,97.522
200.180,33.779,0.107,0.678,97.287
200.200,33.621,0.065,0.678,97.068
200.220,32.965,0.027,0.678,96.879
200.240,31.816,-0.009,0.678,96.732
200.260,30.199,-0.043,0.678,96.634
200.280,28.201,-0.077,0.678,96.594
200.300,25.758,-0.105,0.678,96.610
200.320,22.939,-0.132,0.678,96.687
200.340,19.799,-0.145,0.678,96.818
200.360,16.377,-0.170,0.678,96.993
200.380,12.703,-0.174,0.678,97.207
200.400,8.859,-0.187,0.678,97.447
200.420,4.904,-0.186,0.678,97.699
200.440,0.879,-0.185,0.678,97.950
200.460,-3.164,-0.180,0.678,98.185
200.480,-7.189,-0.167,0.678,98.392
200.500,-11.115,-0.150,0.678,98.561
200.520,-14.830,-0.130,0.678,98.681
200.540,-18.346,-0.108,0.678,98.747
200.560,-21.586,-0.076,0.678,98.759
200.580,-24.492,-0.050,0.678,98.713
200.600,-27.070,-0.009,0.678,98.618
200.620,-29.250,0.022,0.678,98.475
200.640,-31.020,0.065,0.678,98.297
200.660,-32.273,0.099,0.678,98.093
200.680,-33.100,0.146,0.678,97.877
200.700,-33.381,0.182,0.678,97.664
200.720,-33.275,0.224,0.678,97.465
200.740,-32.648,0.261,0.678,97.295
200.760,-31.535,0.300,0.678,97.164
200.780,-29.959,0.336,0.678,97.081
200.800,-27.908,0.363,0.678,97.052
200.820,-25.512,0.399,0.678,97.078
200.840,-22.705,0.421,0.678,97.162
200.860,-19.541,0.444,0.678,97.298
200.880,-16.125,0.462,0.678,97.480
200.900,-12.463,0.472,0.678,97.697
200.920,-8.619,0.481,0.678,97.936
200.940,-4.629,0.486,0.678,98.186
200.960,-0.586,0.481,0.678,98.433
200.980,3.480,0.477,0.678,98.663
201.000,7.482,0.463,0.678,98.864
201.020,11.361,0.446,0.678,99.024
201.040,15.117,0.426,0.678,99.133
201.060,18.633,0.399,0.678,99.188
201.080,21.879,0.370,0.678,99.184
201.100,24.855,0.336,0.678,99.122
201.120,27.398,0.309,0.678,99.007
201.140,29.572,0.267,0.678,98.844
201.160,31.312,0.228,0.678,98.644
201.180,32.602,0.192,0.678,98.417
201.200,33.434,0.145,0.678,98.177
201.220,33.773,0.112,0.678,97.936
201.240,33.639,0.068,0.678,97.709
201.260,33.023,0.031,0.678,97.509
201.280,31.922,-0.005,0.678,97.347
201.300,30.352,-0.039,0.678,97.231
201.320,28.377,-0.074,0.678,97.169
201.340,25.969,-0.098,0.678,97.212
201.360,23.162,-0.129,0.678,97.212
201.380,20.051,-0.143,0.678,97.314
201.400,16.641,-0.165,0.678,97.459
201.420,13.008,-0.171,0.678,97.642
201.440,9.176,-0.184,0.678,97.847
201.460,5.203,-0.183,0.678,98.064
201.480,1.172,-0.179,0.678,98.279
201.500,-2.877,-0.176,0.678,98.479
201.520,-6.885,-0.162,0.678,98.653
201.540,-10.816,-0.148,0.678,98.785
201.560,-14.566,-0.125,0.678,98.870
201.580,-18.088,-0.102,0.678,98.902
201.600,-21.363,-0.073,0.678,98.878
201.620,-24.316,-0.045,0.678,98.798
201.640,-26.900,-0.005,0.678,98.666
201.660,-29.127,0.028,0.678,98.488
201.680,-30.914,0.066,0.678,98.274
201.700,-32.221,0.102,0.678,98.034
201.720,-33.082,0.144,0.678,97.782
201.740,-33.410,0.180,0.678,97.531
201.760,-33.340,0.229,0.678,97.295
201.780,-32.748,0.262,0.676,97.088
201.800,-31.664,0.302,0.676,96.918
201.820,-30.135,0.336,0.676,96.799
201.840,-28.125,0.368,0.676,96.731
201.860,-25.734,0.404,0.676,96.724
201.880,-22.969,0.427,0.676,96.775
201.900,-19.846,0.449,0.676,96.882
201.920,-16.441,0.464,0.676,97.034
201.940,-12.791,0.478,0.676,97.226
201.960,-8.953,0.489,0.677,97.444
201.980,-4.969,0.490,0.678,97.679
202.000,-0.920,0.489,0.678,97.913
202.020,3.146,0.481,0.678,98.134
202.040,7.154,0.469,0.678,98.330
202.060,11.057,0.452,0.678,98.488
202.080,14.818,0.430,0.678,98.601
202.100,18.363,0.406,0.678,98.660
202.120,21.621,0.378,0.678,98.665
202.140,24.609,0.346,0.678,98.614
202.160,27.205,0.312,0.678,98.512
202.180,29.414,0.277,0.678,98.365
202.200,31.189,0.237,0.678,98.180
202.220,32.531,0.197,0.678,97.970
202.240,33.387,0.157,0.678,97.748
202.260,33.768,0.116,0.678,97.527
202.280,33.668,0.074,0.678,97.320
202.300,33.088,0.037,0.678,97.141
202.320,32.027,-0.003,0.678,97.001
202.340,30.510,-0.038,0.678,96.908
202.360,28.553,-0.071,0.678,96.871
202.380,26.186,-0.097,0.678,96.892
202.400,23.408,-0.123,0.678,96.969
202.420,20.326,-0.141,0.678,97.101
202.440,16.945,-0.164,0.678,97.279
202.460,13.289,-0.169,0.678,97.496
202.480,9.498,-0.185,0.678,97.737
202.500,5.531,-0.180,0.678,97.993
202.520,1.518,-0.185,0.678,98.246
202.540,-2.537,-0.178,0.678,98.486
202.560,-6.562,-0.166,0.678,98.700
202.580,-10.482,-0.152,0.678,98.874
202.600,-14.238,-0.129,0.678,99.000
202.620,-17.783,-0.110,0.678,99.071
202.640,-21.094,-0.078,0.678,99.086
202.660,-24.076,-0.049,0.678,99.043
202.680,-26.678,-0.012,0.678,98.946
202.700,-28.957,0.020,0.678,98.801
202.720,-30.744,0.058,0.678,98.618
202.740,-32.109,0.094,0.678,98.407
202.760,-33.000,0.138,0.678,98.180
202.780,-33.357,0.177,0.678,97.953
202.800,-33.311,0.220,0.678,97.738
202.820,-32.760,0.254,0.678,97.548
202.840,-31.770,0.294,0.678,97.393
202.860,-30.229,0.331,0.678,97.285
202.880,-28.271,0.363,0.678,97.229
202.900,-25.910,0.391,0.678,97.230
202.920,-23.162,0.419,0.678,97.283
202.940,-20.086,0.438,0.678,97.392
202.960,-16.693,0.457,0.678,97.542
202.980,-13.084,0.471,0.678,97.945
203.000,-9.229,0.481,0.678,97.945
203.020,-5.262,0.484,0.678,98.172
203.040,-1.236,0.485,0.678,98.399
203.060,2.836,0.474,0.678,98.612
203.080,6.838,0.464,0.678,98.795
203.100,10.752,0.450,0.678,98.940
203.120,14.537,0.428,0.678,99.039
203.140,18.088,0.405,0.678,99.082
203.160,21.375,0.377,0.678,99.070
203.180,24.393,0.344,0.678,98.999
203.200,27.006,0.314,0.678,98.703
203.220,29.250,0.273,0.678,98.703
203.240,31.066,0.239,0.678,98.493
203.260,32.443,0.195,0.678,98.254
203.280,33.340,0.155,0.678,98.001
203.300,33.768,0.115,0.678,97.746
203.320,33.697,0.074,0.678,97.504
203.340,33.152,0.037,0.677,97.287
203.360,32.127,-0.002,0.677,97.108
203.380,30.650,-0.035,0.677,96.974
203.400,28.723,-0.072,0.677,96.894
203.420,26.391,-0.096,0.677,96.872
203.440,23.654,-0.126,0.677,96.905
203.460,20.572,-0.145,0.677,96.995
203.480,17.221,-0.162,0.677,97.132
203.500,13.600,-0.175,0.677,97.307
203.520,9.803,-0.183,0.677,97.511
203.540,5.859,-0.185,0.677,97.730
203.560,1.846,-0.186,0.677,97.949
203.580,-2.227,-0.179,0.677,98.157
203.600,-6.229,-0.170,0.677,98.340
203.620,-10.189,-0.157,0.677,98.488
203.640,-13.945,-0.132,0.677,98.591
203.660,-17.520,-0.113,0.677,98.640
203.680,-20.854,-0.079,0.677,98.636
203.700,-23.865,-0.055,0.677,98.576
203.720,-26.514,-0.013,0.677,98.465
203.740,-28.799,0.016,0.677,98.305
203.760,-30.633,0.054,0.677,98.110
203.780,-32.062,0.095,0.677,97.887
203.800,-32.994,0.134,0.677,97.650
203.820,-33.381,0.177,0.677,97.413
203.840,-33.387,0.217,0.677,97.189
203.860,-32.877,0.257,0.677,96.991
203.880,-31.887,0.297,0.677,96.831
203.900,-30.398,0.330,0.677,96.720
203.920,-28.500,0.363,0.677,96.661
203.940,-26.168,0.392,0.677,96.661
203.960,-23.437,0.422,0.677,96.717
203.980,-20.361,0.443,0.677,96.832
204.000,-16.992,0.461,0.677,96.994
204.020,-13.400,0.472,0.677,97.198
204.040,-9.586,0.486,0.677,97.427
204.060,-5.607,0.486,0.677,97.674
204.080,-1.582,0.488,0.677,97.924
204.100,2.484,0.478,0.677,98.161
204.120,6.492,0.472,0.677,98.373
204.140,10.424,0.454,0.677,98.550
204.160,14.215,0.435,0.677,98.680
204.180,17.812,0.410,0.677,98.759
204.200,21.123,0.383,0.677,98.781
204.220,24.170,0.352,0.677,98.746
204.240,26.812,0.319,0.677,98.658
204.260,29.086,0.278,0.677,98.522
204.280,30.932,0.245,0.677,98.346
204.300,32.344,0.203,0.677,98.143
204.320,33.281,0.164,0.677,97.923
204.340,33.744,0.122,0.677,97.701
204.360,33.715,0.081,0.677,97.489
204.380,33.217,0.046,0.677,97.303
204.400,32.227,0.004,0.677,97.151
204.420,30.779,-0.026,0.677,97.047
204.440,28.875,-0.066,0.677,96.994
204.460,26.584,-0.087,0.677,97.000
204.480,23.883,-0.120,0.677,97.059
204.500,20.830,-0.135,0.677,97.173
204.520,17.508,-0.157,0.677,97.333
204.540,13.904,-0.169,0.677,97.534
204.560,10.107,-0.178,0.677,97.760
204.580,6.170,-0.183,0.677,98.001
204.600,2.168,-0.184,0.677,98.242
204.620,-1.893,-0.175,0.677,98.471
204.640,-5.906,-0.166,0.677,98.672
204.660,-9.885,-0.150,0.677,98.835
204.680,-13.646,-0.129,0.677,98.951
204.700,-17.238,-0.112,0.677,99.014
204.720,-20.578,-0.078,0.677,99.021
204.740,-23.613,-0.051,0.677,98.969
204.760,-26.314,-0.014,0.677,98.864
204.780,-28.611,0.016,0.677,98.709
204.800,-30.498,0.055,0.677,98.514
204.820,-31.922,0.092,0.677,98.289
204.840,-32.889,0.131,0.677,98.048
204.860,-33.346,0.175,0.677,97.802
204.880,-33.369,0.214,0.677,97.568
204.900,-32.900,0.251,0.677,97.357
204.920,-31.945,0.291,0.677,97.180
204.940,-30.516,0.325,0.677,97.049
204.960,-28.641,0.363,0.677,96.969
204.980,-26.344,0.388,0.677,96.946
205.000,-23.654,0.418,0.677,96.977
205.020,-20.607,0.438,0.677,97.196
205.040,-17.262,0.457,0.677,97.196
205.060,-13.676,0.472,0.677,97.371
205.080,-9.879,0.481,0.677,97.571
205.100,-5.924,0.485,0.677,97.790
205.120,-1.887,0.486,0.677,98.010
205.140,2.191,0.477,0.677,98.221
205.160,6.205,0.471,0.677,98.405
205.180,10.131,0.452,0.677,98.556
205.200,13.928,0.432,0.677,98.661
205.220,17.543,0.407,0.677,98.713
205.240,20.859,0.381,0.677,98.710
205.260,23.936,0.349,0.677,98.651
205.280,26.619,0.320,0.677,98.539
205.300,28.928,0.278,0.677,98.381
205.320,30.809,0.244,0.677,98.182
205.340,32.250,0.201,0.677,97.955
205.360,33.229,0.166,0.677,97.711
205.380,33.715,0.120,0.677,97.465
205.400,33.732,0.081,0.676,97.231
205.420,33.275,0.045,0.676,97.020
205.440,32.332,0.004,0.676,96.846
205.460,30.908,-0.027,0.676,96.718
205.480,29.057,-0.071,0.676,96.642
205.500,26.795,-0.091,0.676,96.628
205.520,24.100,-0.125,0.676,96.667
205.540,21.088,-0.141,0.676,96.766
205.560,17.795,-0.166,0.676,96.913
205.580,14.203,-0.172,0.676,97.105
205.600,10.436,-0.185,0.676,97.324
205.620,6.521,-0.187,0.677,97.563
205.640,2.496,-0.189,0.679,97.803
205.660,-1.553,-0.183,0.679,98.036
205.680,-5.572,-0.174,0.679,98.247
205.700,-9.545,-0.157,0.679,98.423
205.720,-13.348,-0.139,0.679,98.555
205.740,-16.951,-0.120,0.679,98.635
205.760,-20.320,-0.086,0.679,98.662
205.780,-23.379,-0.059,0.679,98.631
205.800,-26.104,-0.021,0.679,98.548
205.820,-28.436,0.008,0.679,98.415
205.840,-30.375,0.050,0.679,98.244
205.860,-31.828,0.084,0.679,97.825
205.880,-32.836,0.129,0.679,97.825
205.900,-33.316,0.167,0.679,97.604
205.920,-33.375,0.208,0.679,97.394
205.940,-32.971,0.247,0.679,97.207
205.960,-32.062,0.286,0.679,97.055
205.980,-30.633,0.322,0.679,96.950
206.000,-28.811,0.358,0.679,96.896
206.020,-26.525,0.387,0.679,96.901
206.040,-23.895,0.416,0.679,96.962
206.060,-20.871,0.434,0.679,97.079
206.080,-17.543,0.456,0.679,97.242
206.100,-13.992,0.469,0.679,97.448
206.120,-10.195,0.480,0.679,97.681
206.140,-6.252,0.485,0.679,97.933
206.160,-2.221,0.485,0.679,98.186
206.180,1.846,0.477,0.679,98.431
206.200,5.877,0.469,0.679,98.650
206.220,9.803,0.451,0.679,98.832
206.240,13.629,0.435,0.679,98.970
206.260,17.250,0.413,0.679,99.053
206.280,20.596,0.385,0.679,99.081
206.300,23.684,0.353,0.679,99.050
206.320,26.414,0.324,0.679,98.964
206.340,28.746,0.286,0.679,98.829
206.360,30.674,0.248,0.679,98.651
206.380,32.150,0.210,0.679,98.442
206.400,33.170,0.166,0.679,98.214
206.420,33.697,0.128,0.679,97.981
206.440,33.750,0.090,0.679,97.756
206.460,33.328,0.051,0.679,97.552
206.480,32.408,0.008,0.679,97.382
206.500,31.037,-0.026,0.679,97.257
206.520,29.221,-0.063,0.679,97.182
206.540,27.000,-0.083,0.679,97.164
206.560,24.322,-0.116,0.679,97.198
206.580,21.357,-0.133,0.679,97.289
206.600,18.059,-0.155,0.679,97.424
206.620,14.490,-0.166,0.679,97.603
206.640,10.734,-0.174,0.679,97.808
206.660,6.814,-0.187,0.679,98.029
206.680,2.807,-0.178,0.679,98.255
206.700,-1.248,-0.179,0.679,98.468
206.720,-5.279,-0.168,0.679,98.659
206.740,-9.246,-0.151,0.679,98.814
206.760,-13.055,-0.135,0.679,98.923
206.780,-16.687,-0.112,0.679,98.982
206.800,-20.074,-0.083,0.679,98.984
206.820,-23.180,-0.060,0.679,98.928
206.840,-25.916,-0.021,0.679,98.818
206.860,-28.271,0.006,0.679,98.659
206.880,-30.246,0.055,0.679,98.460
206.900,-31.758,0.083,0.679,98.228
206.920,-32.795,0.132,0.679,97.979
206.940,-33.322,0.166,0.679,97.725
206.960,-33.398,0.210,0.679,97.480
206.980,-33.035,0.246,0.678,97.257
207.000,-32.168,0.286,0.677,97.067
207.020,-30.814,0.324,0.677,96.923
207.040,-28.980,0.355,0.677,96.829
207.060,-26.748,0.389,0.677,96.793
207.080,-24.129,0.415,0.677,96.813
207.100,-21.123,0.442,0.677,96.890
207.120,-17.842,0.455,0.677,97.018
207.140,-14.291,0.481,0.677,97.186
207.160,-10.500,0.476,0.677,97.391
207.180,-6.580,0.497,0.686,97.609
207.200,-2.543,0.481,0.686,97.839
207.220,1.506,0.492,0.686,98.054
207.240,5.543,0.468,0.686,98.255
207.260,9.492,0.467,0.686,98.416
207.280,13.348,0.433,0.686,98.542
207.300,16.980,0.425,0.686,98.610
207.320,20.344,0.381,0.686,98.630
207.340,23.461,0.367,0.686,98.588
207.360,26.203,0.318,0.686,98.499
207.380,28.570,0.296,0.686,98.357
207.400,30.521,0.244,0.686,98.178
207.420,32.051,0.217,0.686,97.967
207.440,33.100,0.166,0.686,97.739
207.460,33.668,0.132,0.686,97.506
207.480,33.773,0.091,0.686,97.282
207.500,33.381,0.047,0.686,97.081
207.520,32.502,0.015,0.686,96.916
207.540,31.172,-0.025,0.686,96.795
207.560,29.385,-0.057,0.686,96.727
207.580,27.193,-0.090,0.686,96.716
207.600,24.580,-0.108,0.686,96.764
207.620,21.598,-0.141,0.686,96.865
207.640,18.346,-0.149,0.686,97.022
207.660,14.783,-0.177,0.686,97.216
207.680,11.027,-0.171,0.686,97.448
207.700,7.148,-0.194,0.691,97.693
207.720,3.135,-0.177,0.691,97.950
207.740,-0.908,-0.187,0.691,98.193
207.760,-4.951,-0.167,0.691,98.419
207.780,-8.924,-0.162,0.691,98.607
207.800,-12.744,-0.137,0.691,98.753
207.820,-16.377,-0.120,0.691,98.847
207.840,-19.787,-0.088,0.691,98.887
207.860,-22.910,-0.065,0.691,98.869
207.880,-25.682,-0.029,0.691,98.796
207.900,-28.061,0.004,0.691,98.673
207.920,-30.064,0.042,0.691,98.508
207.940,-31.605,0.082,0.691,98.311
207.960,-32.695,0.120,0.691,98.094
207.980,-33.275,0.160,0.691,97.870
208.000,-33.410,0.200,0.691,97.653
208.020,-33.047,0.242,0.691,97.456
208.040,-32.191,0.273,0.691,97.292
208.060,-30.902,0.314,0.691,97.171
208.080,-29.115,0.351,0.691,97.099
208.100,-26.900,0.376,0.691,97.085
208.120,-24.322,0.411,0.691,97.123
208.140,-21.340,0.427,0.691,97.221
208.160,-18.088,0.455,0.691,97.362
208.180,-14.566,0.462,0.691,97.548
208.200,-10.811,0.479,0.691,97.760
208.220,-6.896,0.479,0.691,97.995
208.240,-2.848,0.485,0.691,98.230
208.260,1.195,0.475,0.691,98.459
208.280,5.232,0.470,0.691,98.662
208.300,9.182,0.452,0.691,98.832
208.320,13.031,0.438,0.691,98.958
208.340,16.682,0.414,0.691,99.031
208.360,20.086,0.390,0.691,99.048
208.380,23.221,0.357,0.691,99.007
208.400,25.998,0.325,0.691,98.910
208.420,28.412,0.291,0.691,98.762
208.440,30.381,0.249,0.691,98.572
208.460,31.939,0.218,0.691,98.348
208.480,33.029,0.169,0.691,98.104
208.500,33.645,0.136,0.691,97.853
208.520,33.785,0.090,0.691,97.607
208.540,33.428,0.053,0.691,97.382
208.560,32.584,0.013,0.691,97.189
208.580,31.289,-0.019,0.691,97.040
208.600,29.537,-0.058,0.691,96.939
208.620,27.387,-0.083,0.691,96.896
208.640,24.797,-0.116,0.691,96.907
208.660,21.855,-0.134,0.691,96.976
208.680,18.615,-0.158,0.691,97.093
208.700,15.082,-0.170,0.691,97.255
208.720,11.350,-0.181,0.691,97.448
208.740,7.459,-0.187,0.691,97.661
208.760,3.475,-0.186,0.691,97.880
208.780,-0.580,-0.184,0.691,98.091
208.800,-4.617,-0.170,0.691,98.283
208.820,-8.613,-0.162,0.691,98.441
208.840,-12.457,-0.144,0.691,98.559
208.860,-16.119,-0.120,0.691,98.629
208.880,-19.541,-0.090,0.691,98.642
208.900,-22.711,-0.065,0.691,98.600
208.920,-25.494,-0.028,0.691,98.505
208.940,-27.943,0.002,0.691,98.359
208.960,-29.977,0.045,0.691,98.172
208.980,-31.559,0.079,0.691,97.953
209.000,-32.678,0.123,0.691,97.715
209.020,-33.275,0.156,0.691,97.471
209.040,-33.439,0.203,0.691,97.234
209.060,-33.152,0.243,0.691,97.019
209.080,-32.332,0.280,0.691,96.838
209.100,-31.072,0.317,0.691,96.701
209.120,-29.303,0.352,0.691,96.613
209.140,-27.152,0.381,0.691,96.585
209.160,-24.586,0.414,0.691,96.612
209.180,-21.639,0.431,0.691,96.700
209.200,-18.381,0.458,0.691,96.836
209.220,-14.883,0.468,0.691,97.019
209.240,-11.145,0.479,0.691,97.237
209.260,-7.225,0.487,0.691,97.473
209.280,-3.199,0.489,0.691,97.720
209.300,0.861,0.485,0.691,97.961
209.320,4.898,0.473,0.691,98.183
209.340,8.859,0.463,0.691,98.373
209.360,12.709,0.437,0.691,98.522
209.380,16.389,0.423,0.691,98.617
209.400,19.811,0.393,0.691,98.664
209.420,22.969,0.364,0.691,98.651
209.440,25.799,0.331,0.691,98.585
209.460,28.225,0.298,0.691,98.466
209.480,30.240,0.258,0.691,98.307
209.500,31.834,0.222,0.691,98.114
209.520,32.959,0.176,0.691,97.900
209.540,33.609,0.142,0.691,97.679
209.560,33.779,0.096,0.691,97.463
209.580,33.475,0.058,0.691,97.268
209.600,32.672,0.021,0.691,97.104
209.620,31.418,-0.017,0.691,96.982
209.640,29.695,-0.049,0.691,96.912
209.660,27.574,-0.079,0.691,96.897
209.680,25.014,-0.105,0.691,96.940
209.700,22.096,-0.129,0.691,97.035
209.720,18.879,-0.148,0.691,97.185
209.740,15.369,-0.166,0.691,97.372
209.760,11.666,-0.174,0.691,97.600
209.780,7.781,-0.181,0.691,97.838
209.800,3.779,-0.181,0.691,98.090
209.820,-0.252,-0.181,0.691,98.328
209.840,-4.301,-0.170,0.691,98.553
209.860,-8.268,-0.158,0.691,98.737
209.880,-12.152,-0.138,0.691,98.884
209.900,-15.820,-0.119,0.691,98.972
209.920,-19.266,-0.096,0.691,99.011
209.940,-22.436,-0.066,0.691,98.988
209.960,-25.248,-0.033,0.691,98.912
209.980,-27.732,0.006,0.691,98.781
210.000,-29.783,0.037,0.691,98.607
210.020,-31.424,0.076,0.691,98.398
210.040,-32.561,0.116,0.691,98.168
210.060,-33.187,0.155,0.691,97.928
210.080,-33.422,0.198,0.691,97.694
210.100,-33.152,0.236,0.691,97.477
210.120,-32.391,0.269,0.691,97.291
210.140,-31.160,0.311,0.691,97.144
210.160,-29.426,0.344,0.691,97.048
210.180,-27.322,0.376,0.691,97.004
210.200,-24.762,0.406,0.691,97.020
210.220,-21.879,0.428,0.691,97.087
210.240,-18.633,0.450,0.691,97.208
210.260,-15.158,0.468,0.691,97.367
210.280,-11.426,0.478,0.691,97.567
210.300,-7.529,0.481,0.691,97.779
210.320,-3.521,0.485,0.691,98.004
210.340,0.539,0.481,0.691,98.219
210.360,4.576,0.471,0.691,98.418
210.380,8.549,0.460,0.691,98.582
210.400,12.422,0.439,0.691,98.708
210.420,16.102,0.421,0.691,98.780
210.440,19.553,0.391,0.691,98.801
210.460,22.729,0.362,0.691,98.764
210.480,25.576,0.328,0.691,98.671
210.500,28.031,0.295,0.691,98.528
210.520,30.100,0.257,0.691,98.342
210.540,31.717,0.220,0.691,98.122
210.560,32.889,0.176,0.691,97.880
210.580,33.574,0.137,0.691,97.631
210.600,33.785,0.095,0.691,97.386
210.620,33.516,0.060,0.691,97.161
210.640,32.748,0.017,0.691,96.966
210.660,31.541,-0.020,0.691,96.815
210.680,29.836,-0.055,0.691,96.713
210.700,27.773,-0.087,0.691,96.671
210.720,25.225,-0.109,0.691,96.684
210.740,22.348,-0.135,0.691,96.755
210.760,19.154,-0.153,0.691,96.877
210.780,15.668,-0.170,0.691,97.046
210.800,11.977,-0.183,0.691,97.249
210.820,8.109,-0.187,0.691,97.477
210.840,4.119,-0.188,0.691,97.712
210.860,0.070,-0.183,0.691,97.945
210.880,-3.973,-0.175,0.691,98.158
210.900,-7.951,-0.162,0.691,98.344
210.920,-11.842,-0.145,0.691,98.489
210.940,-15.516,-0.125,0.691,98.586
210.960,-19.008,-0.100,0.691,98.629
210.980,-22.184,-0.071,0.691,98.617
211.000,-25.043,-0.040,0.691,98.551
211.020,-27.539,-0.000,0.691,98.433
211.040,-29.619,0.032,0.691,98.273
211.060,-31.324,0.071,0.691,98.079
211.080,-32.490,0.109,0.691,97.864
211.100,-33.193,0.150,0.691,97.639
211.120,-33.416,0.193,0.691,97.420
211.140,-33.170,0.233,0.691,97.220
211.160,-32.484,0.269,0.691,97.051
211.180,-31.295,0.309,0.691,96.924
211.200,-29.602,0.344,0.691,96.846
211.220,-27.486,0.376,0.691,96.827
211.240,-24.996,0.402,0.691,96.863
211.260,-22.143,0.429,0.691,96.958
211.280,-18.937,0.447,0.691,97.105
211.300,-15.451,0.463,0.691,97.295
211.320,-11.754,0.477,0.691,97.520
211.340,-7.846,0.483,0.691,97.768
211.360,-3.867,0.485,0.691,98.025
211.380,0.199,0.481,0.691,98.509
211.400,4.260,0.474,0.691,98.509
211.420,8.232,0.462,0.691,98.712
211.440,12.105,0.442,0.691,98.873
211.460,15.820,0.425,0.691,98.981
211.480,19.283,0.396,0.691,99.037
211.500,22.477,0.367,0.691,99.032
211.520,25.348,0.335,0.691,98.973
211.540,27.850,0.299,0.691,98.859
211.560,29.953,0.267,0.691,98.702
211.580,31.605,0.227,0.691,98.508
211.600,32.818,0.185,0.691,98.292
211.620,33.545,0.142,0.691,98.064
211.640,33.797,0.103,0.691,97.839
211.660,33.562,0.064,0.691,97.631
211.680,32.824,0.026,0.691,97.451
211.700,31.652,-0.009,0.691,97.312
211.720,29.982,-0.039,0.691,97.221
211.740,27.937,-0.079,0.691,97.183
211.760,25.447,-0.099,0.691,97.202
211.780,22.582,-0.127,0.691,97.276
211.800,19.412,-0.144,0.691,97.399
211.820,15.961,-0.165,0.691,97.565
211.840,12.275,-0.174,0.691,97.767
211.860,8.408,-0.182,0.691,97.989
211.880,4.430,-0.186,0.691,98.220
211.900,0.398,-0.179,0.691,98.446
211.920,-3.668,-0.170,0.691,98.652
211.940,-7.670,-0.161,0.691,98.822
211.960,-11.549,-0.141,0.691,98.956
211.980,-15.246,-0.120,0.691,99.037
212.000,-18.738,-0.097,0.691,99.064
212.020,-21.943,-0.067,0.691,99.034
212.040,-24.867,-0.038,0.691,98.947
212.060,-27.381,0.001,0.691,98.808
212.080,-29.473,0.033,0.691,98.624
212.100,-31.207,0.076,0.691,98.405
212.120,-32.443,0.108,0.691,98.162
212.140,-33.176,0.154,0.691,97.908
212.160,-33.434,0.193,0.691,97.658
212.180,-33.234,0.232,0.686,97.424
212.200,-32.590,0.269,0.686,97.219
212.220,-31.406,0.308,0.682,97.054
212.240,-29.789,0.344,0.682,96.937
212.260,-27.691,0.374,0.682,96.876
212.280,-25.219,0.403,0.682,96.871
212.300,-22.354,0.433,0.682,96.922
212.320,-19.166,0.450,0.682,97.029
212.340,-15.750,0.469,0.682,97.179
212.360,-12.053,0.477,0.682,97.366
212.380,-8.174,0.486,0.682,97.575
212.400,-4.172,0.488,0.682,97.797
212.420,-0.123,0.485,0.682,98.016
212.440,3.920,0.478,0.682,98.219
212.460,7.922,0.464,0.682,98.393
212.480,11.795,0.443,0.682,98.528
212.500,15.521,0.427,0.682,98.615
212.520,19.002,0.398,0.682,98.651
212.540,22.236,0.371,0.682,98.629
212.560,25.154,0.336,0.682,98.553
212.580,27.674,0.301,0.682,98.427
212.600,29.783,0.265,0.682,98.256
212.620,31.488,0.226,0.682,98.051
212.640,32.748,0.189,0.682,97.824
212.660,33.504,0.145,0.682,97.587
212.680,33.779,0.104,0.682,97.353
212.700,33.604,0.063,0.677,97.137
212.720,32.900,0.029,0.677,96.951
212.740,31.758,-0.011,0.677,96.806
212.760,30.170,-0.043,0.677,96.712
212.780,28.131,-0.081,0.677,96.674
212.800,25.664,-0.103,0.677,96.695
212.820,22.828,-0.133,0.677,96.773
212.840,19.687,-0.145,0.677,96.907
212.860,16.260,-0.171,0.677,97.085
212.880,12.580,-0.174,0.677,97.302
212.900,8.736,-0.187,0.677,97.541
212.920,4.764,-0.187,0.677,97.795
212.940,0.732,-0.185,0.677,98.044
212.960,-3.305,-0.174,0.677,98.279
212.980,-7.330,-0.167,0.677,98.482
213.000,-11.227,-0.146,0.677,98.650
213.020,-14.930,-0.129,0.677,98.766
213.040,-18.445,-0.103,0.677,98.830
213.060,-21.691,-0.076,0.677,98.836
213.080,-24.609,-0.043,0.677,98.788
213.100,-27.141,-0.005,0.677,98.687
213.120,-29.320,0.023,0.677,98.540
213.140,-31.066,0.069,0.677,98.358
213.160,-32.297,0.101,0.677,98.151
213.180,-33.105,0.147,0.677,97.932
213.200,-33.393,0.182,0.677,97.716
213.220,-33.246,0.227,0.677,97.515
213.240,-32.607,0.259,0.677,97.343
213.260,-31.482,0.299,0.677,97.209
213.280,-29.883,0.336,0.677,97.124
213.300,-27.844,0.369,0.677,97.092
213.320,-25.412,0.395,0.677,97.117
213.340,-22.582,0.422,0.677,97.196
213.360,-19.430,0.441,0.677,97.328
213.380,-16.014,0.463,0.677,97.505
213.400,-12.340,0.473,0.677,97.718
213.420,-8.490,0.482,0.677,97.954
213.440,-4.488,0.486,0.677,98.199
213.460,-0.428,0.482,0.677,98.440
213.480,3.621,0.475,0.677,98.664
213.500,7.611,0.461,0.677,98.857
213.520,11.484,0.447,0.677,99.009
213.540,15.246,0.424,0.677,99.114
213.560,18.738,0.399,0.677,99.161
213.580,21.984,0.374,0.677,99.152
213.600,24.932,0.336,0.677,99.085
213.620,27.475,0.307,0.677,98.964
213.640,29.643,0.268,0.677,98.796
213.660,31.359,0.230,0.677,98.591
213.680,32.660,0.189,0.677,98.361
213.700,33.457,0.145,0.677,98.117
213.720,33.768,0.111,0.677,97.874
213.740,33.627,0.070,0.677,97.444
213.760,32.982,0.029,0.677,97.444
213.780,31.869,-0.008,0.677,97.281
213.800,30.305,-0.042,0.677,97.166
213.820,28.295,-0.079,0.677,97.104
213.840,25.881,-0.099,0.677,97.100
213.860,23.068,-0.133,0.677,97.149
213.880,19.945,-0.145,0.677,97.252
213.900,16.541,-0.170,0.677,97.399
213.920,12.873,-0.170,0.677,97.585
213.940,9.029,-0.187,0.677,97.790
213.960,5.080,-0.183,0.677,98.011
213.980,1.037,-0.184,0.677,98.227
214.000,-3.000,-0.176,0.677,98.429
214.020,-7.025,-0.163,0.677,98.601
214.040,-10.939,-0.151,0.677,98.736
214.060,-14.666,-0.125,0.677,98.823
214.080,-18.229,-0.104,0.677,98.856
214.100,-21.469,-0.072,0.677,98.833
214.120,-24.422,-0.043,0.677,98.625
214.140,-26.988,-0.005,0.677,98.625
214.160,-29.203,0.028,0.677,98.449
214.180,-30.979,0.069,0.677,98.237
214.200,-32.273,0.102,0.677,98.001
214.220,-33.117,0.148,0.677,97.753
214.240,-33.410,0.180,0.677,97.506
214.260,-33.346,0.231,0.677,97.275
214.280,-32.725,0.265,0.676,97.073
214.300,-31.629,0.301,0.676,96.909
214.320,-30.064,0.339,0.676,96.795
214.340,-28.055,0.369,0.676,96.734
214.360,-25.670,0.403,0.676,96.732
214.380,-22.869,0.425,0.676,96.788
214.400,-19.729,0.448,0.676,96.899
214.420,-16.312,0.466,0.676,97.057
214.440,-12.674,0.476,0.676,97.255
214.460,-8.836,0.486,0.676,97.478
214.480,-4.834,0.491,0.679,97.715
214.500,-0.779,0.487,0.679,97.953
214.520,3.275,0.482,0.679,98.176
214.540,7.277,0.465,0.679,98.373
214.560,11.168,0.452,0.679,98.531
214.580,14.947,0.428,0.679,98.644
214.600,18.457,0.406,0.679,98.702
214.620,21.727,0.377,0.679,98.707
214.640,24.727,0.344,0.679,98.655
214.660,27.275,0.312,0.679,98.551
214.680,29.467,0.273,0.679,98.402
214.700,31.248,0.237,0.679,98.216
214.720,32.566,0.198,0.679,98.005
214.740,33.404,0.154,0.679,97.782
214.760,33.773,0.115,0.679,97.559
214.780,33.662,0.073,0.679,97.351
214.800,33.064,0.037,0.679,97.170
214.820,31.975,-0.001,0.679,97.029
214.840,30.451,-0.036,0.679,96.935
214.860,28.482,-0.071,0.679,96.895
214.880,26.098,-0.094,0.679,96.916
214.900,23.309,-0.125,0.679,96.990
214.920,20.209,-0.136,0.679,97.121
214.940,16.822,-0.164,0.679,97.292
214.960,13.172,-0.168,0.679,97.506
214.980,9.357,-0.184,0.679,97.742
215.000,5.408,-0.182,0.679,97.994
215.020,1.377,-0.185,0.679,98.242
215.040,-2.666,-0.176,0.679,98.476
215.060,-6.680,-0.163,0.679,98.680
215.080,-10.600,-0.150,0.679,98.846
215.100,-14.367,-0.127,0.679,98.963
215.120,-17.906,-0.108,0.679,99.026
215.140,-21.187,-0.077,0.679,99.032
215.160,-24.170,-0.049,0.679,98.980
215.180,-26.766,-0.012,0.679,98.875
215.200,-29.021,0.020,0.679,98.722
215.220,-30.820,0.062,0.679,98.532
215.240,-32.145,0.096,0.679,98.313
215.260,-33.041,0.140,0.679,98.080
215.280,-33.375,0.177,0.679,97.847
215.300,-33.328,0.224,0.679,97.625
215.320,-32.748,0.256,0.679,97.430
215.340,-31.723,0.295,0.679,97.271
215.360,-30.182,0.332,0.679,97.159
215.380,-28.213,0.362,0.679,97.098
215.400,-25.840,0.394,0.679,97.094
215.420,-23.098,0.420,0.679,97.143
215.440,-19.980,0.441,0.679,97.249
215.460,-16.582,0.462,0.679,97.397
215.480,-12.961,0.470,0.679,97.584
215.500,-9.117,0.483,0.679,97.794
215.520,-5.139,0.484,0.679,98.019
215.540,-1.107,0.481,0.679,98.240
215.560,2.953,0.475,0.679,98.448
215.580,6.973,0.464,0.679,98.626
215.600,10.869,0.449,0.679,98.768
215.620,14.666,0.429,0.679,98.863
215.640,18.187,0.403,0.679,98.904
215.660,21.486,0.377,0.679,98.889
215.680,24.492,0.344,0.679,98.816
215.700,27.082,0.309,0.679,98.691
215.720,29.314,0.271,0.679,98.517
215.740,31.107,0.233,0.679,98.307
215.760,32.490,0.194,0.679,98.069
215.780,33.369,0.152,0.679,97.818
215.800,33.768,0.110,0.679,97.566
215.820,33.680,0.070,0.679,97.326
215.840,33.129,0.038,0.678,97.114
215.860,32.086,-0.005,0.678,96.938
215.880,30.586,-0.037,0.678,96.810
215.900,28.646,-0.075,0.678,96.735
215.920,26.314,-0.097,0.678,96.720
215.940,23.549,-0.127,0.678,96.759
215.960,20.484,-0.141,0.678,96.855
215.980,17.109,-0.167,0.678,97.181
216.000,13.471,-0.171,0.678,97.181
216.020,9.674,-0.187,0.678,97.391
216.040,5.730,-0.183,0.678,97.618
216.060,1.711,-0.187,0.678,97.843
216.080,-2.355,-0.176,0.678,98.058
216.100,-6.363,-0.170,0.678,98.247
216.120,-10.301,-0.154,0.678,98.401
216.140,-14.057,-0.130,0.678,98.509
216.160,-17.613,-0.112,0.678,98.566
216.180,-20.959,-0.080,0.678,98.567
216.200,-23.941,-0.056,0.678,98.513
216.220,-26.572,-0.013,0.678,98.409
216.240,-28.846,0.016,0.678,98.256
216.260,-30.686,0.061,0.678,98.066
216.280,-32.074,0.093,0.678,97.850
216.300,-33.006,0.136,0.678,97.620
216.320,-33.375,0.174,0.678,97.390
216.340,-33.357,0.220,0.678,97.174
216.360,-32.842,0.252,0.678,96.984
216.380,-31.846,0.294,0.678,96.832
216.400,-30.357,0.331,0.678,96.728
216.420,-28.418,0.364,0.678,96.678
216.440,-26.086,0.394,0.678,96.688
216.460,-23.350,0.422,0.678,96.753
216.480,-20.268,0.443,0.678,96.877
216.500,-16.893,0.462,0.678,97.045
216.520,-13.277,0.471,0.678,97.256
216.540,-9.451,0.482,0.678,97.491
216.560,-5.473,0.486,0.678,97.744
216.580,-1.459,0.488,0.678,97.998
216.600,2.619,0.480,0.678,98.240
216.620,6.627,0.466,0.678,98.457
216.640,10.541,0.454,0.678,98.634
216.660,14.344,0.431,0.678,98.844
216.680,17.912,0.410,0.678,98.844
216.700,21.217,0.381,0.678,98.867
216.720,24.246,0.347,0.678,98.831
216.740,26.889,0.317,0.678,98.742
216.760,29.145,0.281,0.678,98.604
216.780,30.967,0.245,0.678,98.429
216.800,32.379,0.200,0.678,98.224
216.820,33.293,0.161,0.678,98.004
216.840,33.744,0.120,0.678,97.781
216.860,33.697,0.081,0.678,97.570
216.880,33.182,0.042,0.678,97.383
216.900,32.180,0.004,0.678,97.232
216.920,30.721,-0.026,0.678,97.127
216.940,28.811,-0.071,0.678,97.073
216.960,26.514,-0.089,0.678,97.079
216.980,23.777,-0.119,0.678,97.137
217.000,20.719,-0.138,0.678,97.251
217.020,17.391,-0.161,0.678,97.409
217.040,13.770,-0.168,0.678,97.608
217.060,9.984,-0.183,0.678,97.831
217.080,6.047,-0.183,0.678,98.071
217.100,2.027,-0.186,0.678,98.309
217.120,-2.027,-0.174,0.678,98.533
217.140,-6.047,-0.166,0.678,98.729
217.160,-10.014,-0.151,0.678,98.887
217.180,-13.799,-0.127,0.678,99.000
217.200,-17.361,-0.111,0.678,99.057
217.220,-20.713,-0.077,0.678,99.058
217.240,-23.725,-0.050,0.678,99.001
217.260,-26.402,-0.012,0.678,98.891
217.280,-28.711,0.020,0.678,98.731
217.300,-30.580,0.058,0.678,98.532
217.320,-31.998,0.095,0.678,98.304
217.340,-32.941,0.136,0.678,98.059
217.360,-33.381,0.176,0.678,97.812
217.380,-33.398,0.219,0.678,97.576
217.400,-32.883,0.253,0.678,97.364
217.420,-31.939,0.294,0.678,97.187
217.440,-30.463,0.329,0.678,97.057
217.460,-28.576,0.361,0.678,96.977
217.480,-26.268,0.389,0.678,96.955
217.500,-23.566,0.422,0.678,96.985
217.520,-20.502,0.439,0.678,97.076
217.540,-17.133,0.460,0.678,97.209
217.560,-13.564,0.472,0.678,97.387
217.580,-9.762,0.487,0.678,97.589
217.600,-5.801,0.485,0.678,97.813
217.620,-1.775,0.489,0.678,98.035
217.640,2.303,0.474,0.678,98.246
217.660,6.322,0.470,0.678,98.431
217.680,10.254,0.450,0.678,98.582
217.700,14.062,0.432,0.678,98.689
217.720,17.637,0.406,0.678,98.743
217.740,20.971,0.379,0.678,98.742
217.760,24.029,0.349,0.678,98.685
217.780,26.684,0.315,0.678,98.575
217.800,28.986,0.279,0.678,98.418
217.820,30.850,0.241,0.678,98.223
217.840,32.285,0.199,0.678,97.999
217.860,33.240,0.163,0.678,97.760
217.880,33.732,0.117,0.678,97.519
217.900,33.721,0.082,0.678,97.085
217.920,33.258,0.042,0.678,97.085
217.940,32.268,0.001,0.678,96.918
217.960,30.850,-0.028,0.678,96.798
217.980,28.992,-0.068,0.678,96.729
218.000,26.713,-0.092,0.678,96.722
218.020,24.018,-0.123,0.678,96.770
218.040,20.988,-0.142,0.678,96.877
218.060,17.666,-0.162,0.678,97.031
218.080,14.068,-0.176,0.678,97.229
218.100,10.295,-0.184,0.678,97.456
218.120,6.375,-0.184,0.678,97.699
218.140,2.367,-0.187,0.678,97.944
218.160,-1.682,-0.183,0.678,98.180
218.180,-5.695,-0.171,0.678,98.395
218.200,-9.686,-0.157,0.678,98.574
218.220,-13.459,-0.135,0.678,98.708
218.240,-17.057,-0.119,0.678,98.790
218.260,-20.420,-0.084,0.678,98.818
218.280,-23.473,-0.061,0.678,98.788
218.300,-26.186,-0.021,0.678,98.705
218.320,-28.494,0.009,0.678,98.574
218.340,-30.416,0.049,0.678,98.403
218.360,-31.857,0.086,0.678,98.203
218.380,-32.842,0.128,0.678,97.987
218.400,-33.316,0.169,0.678,97.768
218.420,-33.369,0.211,0.678,97.559
218.440,-32.941,0.247,0.678,97.375
218.460,-32.010,0.286,0.678,97.121
218.480,-30.586,0.323,0.678,97.121
218.500,-28.740,0.358,0.678,97.069
218.520,-26.449,0.385,0.678,97.075
218.540,-23.789,0.415,0.678,97.134
218.560,-20.754,0.435,0.678,97.253
218.580,-17.420,0.456,0.678,97.415
218.600,-13.875,0.470,0.678,97.621
218.620,-10.066,0.476,0.678,97.852
218.640,-6.129,0.484,0.678,98.099
218.660,-2.098,0.486,0.678,98.348
218.680,1.969,0.475,0.678,98.588
218.700,6.000,0.470,0.678,98.801
218.720,9.926,0.452,0.678,98.977
218.740,13.758,0.434,0.678,99.108
218.760,17.361,0.410,0.678,99.185
218.780,20.713,0.386,0.678,99.207
218.800,23.795,0.350,0.678,99.169
218.820,26.484,0.319,0.678,99.076
218.840,28.811,0.280,0.678,98.932
218.860,30.715,0.246,0.678,98.748
218.880,32.180,0.203,0.678,98.533
218.900,33.187,0.163,0.678,98.299
218.920,33.703,0.122,0.678,98.061
218.940,33.732,0.084,0.678,97.831
218.960,33.316,0.043,0.678,97.624
218.980,32.367,0.006,0.678,97.451
219.000,30.979,-0.027,0.678,97.322
219.020,29.145,-0.066,0.678,97.244
219.040,26.906,-0.088,0.678,97.223
219.060,24.234,-0.120,0.678,97.256
219.080,21.229,-0.137,0.678,97.346
219.100,17.941,-0.158,0.678,97.479
219.120,14.355,-0.173,0.678,97.654
219.140,10.588,-0.179,0.678,97.859
219.160,6.686,-0.182,0.678,98.079
219.180,2.672,-0.186,0.678,98.512
219.200,-1.383,-0.177,0.678,98.512
219.220,-5.408,-0.170,0.678,98.700
219.240,-9.398,-0.152,0.678,98.852
219.260,-13.195,-0.137,0.678,98.959
219.280,-16.828,-0.112,0.678,99.016
219.300,-20.191,-0.082,0.678,99.016
219.320,-23.273,-0.055,0.678,98.959
219.340,-26.021,-0.020,0.678,98.690
219.360,-28.354,0.014,0.678,98.690
219.380,-30.316,0.054,0.678,98.490
219.400,-31.816,0.091,0.678,98.261
219.420,-32.824,0.128,0.678,98.014
219.440,-33.334,0.170,0.678,97.764
219.460,-33.410,0.213,0.678,97.523
219.480,-33.018,0.253,0.676,97.306
219.500,-32.150,0.288,0.676,97.122
219.520,-30.750,0.321,0.676,96.986
219.540,-28.916,0.360,0.676,96.899
219.560,-26.666,0.385,0.676,96.872
219.580,-24.053,0.418,0.676,96.900
219.600,-21.023,0.435,0.676,96.988
219.620,-17.719,0.461,0.676,97.121
219.640,-14.180,0.468,0.676,97.303
219.660,-10.365,0.483,0.676,97.511
219.680,-6.457,0.489,0.677,97.741
219.700,-2.420,0.489,0.677,97.976
219.720,1.635,0.483,0.677,98.202
219.740,5.672,0.473,0.677,98.576
219.760,9.615,0.456,0.677,98.576
219.780,13.441,0.441,0.677,98.705
219.800,17.080,0.416,0.677,98.782
219.820,20.455,0.388,0.677,98.805
219.840,23.549,0.357,0.677,98.771
219.860,26.279,0.328,0.677,98.684
219.880,28.629,0.290,0.677,98.549
219.900,30.574,0.253,0.677,98.374
219.920,32.086,0.211,0.677,98.169
219.940,33.129,0.172,0.677,97.946
219.960,33.680,0.130,0.677,97.719
219.980,33.756,0.091,0.677,97.502
220.000,33.369,0.049,0.677,97.307
220.020,32.473,0.012,0.677,97.148
220.040,31.113,-0.025,0.677,97.033
220.060,29.309,-0.059,0.677,96.970
220.080,27.105,-0.086,0.677,96.967
220.100,24.457,-0.116,0.677,97.018
220.120,21.498,-0.133,0.677,97.128
220.140,18.229,-0.156,0.677,97.284
220.160,14.660,-0.167,0.677,97.486
220.180,10.910,-0.179,0.677,97.715
220.200,7.008,-0.183,0.677,98.215
220.220,2.994,-0.184,0.677,98.215
220.240,-1.043,-0.184,0.677,98.458
220.260,-5.086,-0.173,0.677,98.679
220.280,-9.053,-0.158,0.677,98.865
220.300,-12.867,-0.139,0.677,99.004
220.320,-16.506,-0.120,0.677,99.092
220.340,-19.910,-0.091,0.677,99.125
220.360,-23.027,-0.063,0.677,99.100
220.380,-25.764,-0.027,0.677,99.020
220.400,-28.148,0.009,0.677,98.889
220.420,-30.146,0.045,0.677,98.715
220.440,-31.664,0.083,0.677,98.510
220.460,-32.760,0.123,0.677,98.285
220.480,-33.311,0.161,0.677,98.053
220.500,-33.404,0.204,0.677,97.829
220.520,-33.035,0.245,0.677,97.627
220.540,-32.180,0.278,0.677,97.456
220.560,-30.873,0.318,0.677,97.328
220.580,-29.062,0.352,0.677,97.249
220.600,-26.842,0.377,0.677,97.228
220.620,-24.240,0.415,0.677,97.259
220.640,-21.258,0.429,0.677,97.349
220.660,-17.994,0.456,0.677,97.483
220.680,-14.467,0.465,0.677,97.662
220.700,-10.682,0.481,0.677,97.865
220.720,-6.762,0.482,0.677,98.089
220.740,-2.736,0.485,0.677,98.317
220.760,1.318,0.477,0.677,98.535
220.780,5.361,0.474,0.677,98.729
220.800,9.316,0.456,0.677,98.891
220.820,13.148,0.437,0.677,99.008
220.840,16.799,0.411,0.677,99.071
220.860,20.186,0.387,0.677,99.080
220.880,23.303,0.355,0.677,99.030
220.900,26.074,0.324,0.677,98.926
220.920,28.471,0.285,0.677,98.771
220.940,30.434,0.251,0.677,98.574
220.960,31.980,0.211,0.677,98.346
220.980,33.064,0.171,0.677,98.098
221.000,33.656,0.128,0.677,97.843
221.020,33.773,0.088,0.677,97.596
221.040,33.422,0.047,0.677,97.370
221.060,32.555,0.014,0.676,97.177
221.080,31.242,-0.023,0.676,97.028
221.100,29.467,-0.060,0.676,96.929
221.120,27.305,-0.087,0.676,96.888
221.140,24.686,-0.116,0.676,96.902
221.160,21.744,-0.140,0.676,96.974
221.180,18.504,-0.155,0.676,97.097
221.200,14.959,-0.175,0.676,97.259
221.220,11.215,-0.181,0.676,97.457
221.240,7.330,-0.189,0.678,97.675
221.260,3.316,-0.185,0.678,97.898
221.280,-0.709,-0.183,0.678,98.114
221.300,-4.764,-0.171,0.678,98.310
221.320,-8.748,-0.161,0.678,98.473
221.340,-12.580,-0.142,0.678,98.595
221.360,-16.219,-0.118,0.678,98.669
221.380,-19.635,-0.096,0.678,98.686
221.400,-22.793,-0.063,0.678,98.649
221.420,-25.576,-0.029,0.678,98.557
221.440,-28.002,0.004,0.678,98.417
221.460,-30.018,0.041,0.678,98.235
221.480,-31.600,0.078,0.678,98.023
221.500,-32.695,0.119,0.678,97.791
221.520,-33.281,0.161,0.678,97.555
221.540,-33.457,0.200,0.678,97.326
221.560,-33.117,0.241,0.678,97.119
221.580,-32.303,0.275,0.678,96.945
221.600,-31.020,0.317,0.678,96.815
221.620,-29.244,0.354,0.678,96.737
221.640,-27.064,0.381,0.678,96.718
221.660,-24.510,0.413,0.678,96.755
221.680,-21.545,0.430,0.678,96.851
221.700,-18.275,0.456,0.678,96.996
221.720,-14.771,0.465,0.678,97.186
221.740,-11.021,0.481,0.678,97.405
221.760,-7.102,0.485,0.678,97.649
221.780,-3.082,0.489,0.678,97.898
221.800,0.967,0.483,0.678,98.143
221.820,5.021,0.475,0.678,98.365
221.840,8.982,0.458,0.678,98.557
221.860,12.838,0.442,0.678,98.704
221.880,16.500,0.420,0.678,98.801
221.900,19.916,0.394,0.678,98.843
221.920,23.068,0.360,0.678,98.828
221.940,25.863,0.333,0.678,98.757
221.960,28.283,0.297,0.678,98.637
221.980,30.293,0.258,0.678,98.473
222.000,31.869,0.224,0.678,98.277
222.020,32.982,0.176,0.678,98.060
222.040,33.627,0.141,0.678,97.836
222.060,33.773,0.097,0.678,97.617
222.080,33.451,0.058,0.678,97.418
222.100,32.643,0.019,0.678,97.250
222.120,31.359,-0.017,0.678,97.125
222.140,29.613,-0.051,0.678,97.049
222.160,27.498,-0.081,0.678,97.031
222.180,24.932,-0.108,0.678,97.065
222.200,21.984,-0.129,0.678,97.158
222.220,18.773,-0.150,0.678,97.296
222.240,15.252,-0.166,0.678,97.479
222.260,11.525,-0.174,0.678,97.694
222.280,7.652,-0.184,0.678,97.927
222.300,3.650,-0.181,0.678,98.167
222.320,-0.387,-0.179,0.678,98.397
222.340,-4.441,-0.168,0.678,98.605
222.360,-8.426,-0.157,0.678,98.780
222.380,-12.275,-0.137,0.678,98.912
222.400,-15.949,-0.116,0.678,98.991
222.420,-19.377,-0.095,0.678,99.014
222.440,-22.564,-0.062,0.678,98.982
222.460,-25.371,-0.031,0.678,98.893
222.480,-27.814,0.005,0.678,98.752
222.500,-29.865,0.041,0.678,98.567
222.520,-31.465,0.079,0.678,98.348
222.540,-32.619,0.120,0.678,98.108
222.560,-33.229,0.160,0.678,97.859
222.580,-33.445,0.202,0.678,97.616
222.600,-33.135,0.239,0.678,97.392
222.620,-32.367,0.275,0.678,97.198
222.640,-31.107,0.314,0.678,97.046
222.660,-29.367,0.350,0.678,96.943
222.680,-27.240,0.379,0.678,96.896
222.700,-24.697,0.409,0.678,96.904
222.720,-21.756,0.429,0.678,96.969
222.740,-18.521,0.454,0.678,97.081
222.760,-15.029,0.464,0.678,97.240
222.780,-11.303,0.482,0.678,97.429
222.800,-7.400,0.481,0.678,97.642
222.820,-3.387,0.487,0.678,97.862
222.840,0.662,0.478,0.678,98.078
222.860,4.717,0.473,0.678,98.271
222.880,8.666,0.458,0.678,98.434
222.900,12.539,0.441,0.678,98.557
222.920,16.219,0.418,0.678,98.630
222.940,19.658,0.393,0.678,98.649
222.960,22.828,0.363,0.678,98.611
222.980,25.676,0.331,0.678,98.518
223.000,28.102,0.294,0.678,98.376
223.020,30.158,0.257,0.678,98.192
223.040,31.758,0.217,0.678,97.974
223.060,32.912,0.175,0.678,97.736
223.080,33.592,0.136,0.678,97.491
223.100,33.797,0.095,0.678,97.252
223.120,33.516,0.056,0.678,97.032
223.140,32.736,0.016,0.678,96.845
223.160,31.488,-0.018,0.678,96.701
223.180,29.766,-0.052,0.678,96.607
223.200,27.686,-0.086,0.678,96.573
223.220,25.143,-0.113,0.678,96.595
223.240,22.242,-0.135,0.678,96.678
223.260,19.049,-0.154,0.678,96.810
223.280,15.551,-0.173,0.678,96.989
223.300,11.842,-0.180,0.678,97.203
223.320,7.975,-0.187,0.678,97.440
223.340,3.984,-0.184,0.678,97.684
223.360,-0.053,-0.187,0.678,97.926
223.380,-4.107,-0.174,0.678,98.151
223.400,-8.080,-0.166,0.678,98.343
223.420,-11.971,-0.144,0.678,98.495
223.440,-15.639,-0.125,0.678,98.599
223.460,-19.090,-0.100,0.678,98.648
223.480,-22.289,-0.071,0.678,98.643
223.500,-25.119,-0.039,0.678,98.581
223.520,-27.609,-0.000,0.678,98.470
223.540,-29.713,0.031,0.678,98.315
223.560,-31.342,0.070,0.678,98.127
223.580,-32.520,0.108,0.678,97.918
223.600,-33.193,0.151,0.678,97.699
223.620,-33.410,0.191,0.678,97.487
223.640,-33.182,0.233,0.678,97.292
223.660,-32.455,0.272,0.678,97.129
223.680,-31.230,0.310,0.678,97.009
223.700,-29.525,0.344,0.678,96.937
223.720,-27.428,0.373,0.678,96.922
223.740,-24.932,0.406,0.678,96.964
223.760,-22.031,0.427,0.678,97.062
223.780,-18.814,0.454,0.678,97.213
223.800,-15.328,0.461,0.678,97.408
223.820,-11.619,0.477,0.678,97.634
223.840,-7.723,0.481,0.678,97.881
223.860,-3.727,0.486,0.678,98.136
223.880,0.328,0.481,0.678,98.386
223.900,4.371,0.478,0.678,98.616
223.920,8.350,0.459,0.678,98.816
223.940,12.234,0.443,0.678,98.970
223.960,15.932,0.423,0.678,99.075
223.980,19.395,0.396,0.678,99.124
224.000,22.576,0.361,0.678,99.115
224.020,25.465,0.334,0.678,99.047
224.040,27.920,0.294,0.678,98.928
224.060,30.012,0.263,0.678,98.763
224.080,31.646,0.222,0.678,98.563
224.100,32.842,0.179,0.678,98.340
224.120,33.557,0.139,0.678,98.106
224.140,33.785,0.099,0.678,97.875
224.160,33.539,0.064,0.678,97.661
224.180,32.812,0.024,0.678,97.476
224.200,31.605,-0.014,0.678,97.332
224.220,29.912,-0.050,0.678,97.236
224.240,27.855,-0.079,0.678,97.196
224.260,25.348,-0.102,0.678,97.209
224.280,22.482,-0.131,0.678,97.277
224.300,19.312,-0.149,0.678,97.395
224.320,15.832,-0.168,0.678,97.558
224.340,12.129,-0.174,0.678,97.754
224.360,8.262,-0.181,0.678,97.970
224.380,4.301,-0.183,0.678,98.194
224.400,0.246,-0.180,0.678,98.413
224.420,-3.809,-0.170,0.678,98.611
224.440,-7.799,-0.161,0.678,98.778
224.460,-11.678,-0.145,0.678,98.906
224.480,-15.369,-0.120,0.678,98.984
224.500,-18.873,-0.097,0.678,99.005
224.520,-22.084,-0.066,0.678,98.971
224.540,-24.943,-0.035,0.678,98.881
224.560,-27.445,0.002,0.678,98.740
224.580,-29.561,0.033,0.678,98.554
224.600,-31.260,0.079,0.678,98.333
224.620,-32.467,0.110,0.678,98.090
224.640,-33.187,0.158,0.678,97.837
224.660,-33.434,0.196,0.678,97.588
224.680,-33.211,0.235,0.678,97.357
224.700,-32.555,0.272,0.678,97.156
224.720,-31.365,0.311,0.678,96.995
224.740,-29.713,0.344,0.678,96.885
224.760,-27.604,0.379,0.678,96.829
224.780,-25.143,0.407,0.678,96.832
224.800,-22.283,0.431,0.678,96.892
224.820,-19.090,0.452,0.678,97.005
224.840,-15.627,0.466,0.678,97.163
224.860,-11.936,0.483,0.678,97.358
224.880,-8.051,0.486,0.678,97.577
224.900,-4.049,0.492,0.681,97.807
224.920,0.006,0.485,0.681,98.034
224.940,4.055,0.480,0.681,98.245
224.960,8.039,0.463,0.681,98.427
224.980,11.936,0.447,0.681,98.569
225.000,15.627,0.425,0.681,98.666
225.020,19.125,0.399,0.681,98.707
225.040,22.324,0.369,0.681,98.694
225.060,25.230,0.340,0.681,98.626
225.080,27.732,0.302,0.681,98.508
225.100,29.842,0.268,0.681,98.346
225.120,31.518,0.224,0.681,98.150
225.140,32.754,0.188,0.681,97.932
225.160,33.516,0.147,0.681,97.704
225.180,33.779,0.105,0.681,97.480
225.200,33.574,0.069,0.681,97.274
225.220,32.889,0.028,0.681,97.099
225.240,31.711,-0.009,0.681,96.965
225.260,30.094,-0.043,0.681,96.881
225.280,28.049,-0.078,0.681,96.853
225.300,25.570,-0.101,0.681,96.883
225.320,22.734,-0.133,0.681,96.971
225.340,19.588,-0.147,0.681,97.111
225.360,16.137,-0.169,0.681,97.299
225.380,12.445,-0.176,0.681,97.521
225.400,8.596,-0.185,0.681,97.767
225.420,4.641,-0.186,0.681,98.023
225.440,0.598,-0.183,0.681,98.275
225.460,-3.463,-0.177,0.681,98.510
225.480,-7.447,-0.166,0.681,98.716
225.500,-11.355,-0.150,0.681,98.881
225.520,-15.059,-0.129,0.681,98.998
225.540,-18.574,-0.102,0.681,99.059
225.560,-21.797,-0.072,0.681,99.063
225.580,-24.697,-0.046,0.681,99.010
225.600,-27.240,-0.004,0.681,98.905
225.620,-29.385,0.025,0.681,98.752
225.640,-31.113,0.069,0.681,98.565
225.660,-32.350,0.103,0.681,98.352
225.680,-33.141,0.146,0.681,98.128
225.700,-33.404,0.184,0.681,97.906
225.720,-33.229,0.224,0.681,97.699
225.740,-32.596,0.265,0.681,97.519
225.760,-31.436,0.299,0.681,97.379
225.780,-29.842,0.339,0.681,97.286
225.800,-27.791,0.368,0.681,97.248
225.820,-25.324,0.402,0.681,97.264
225.840,-22.488,0.424,0.681,97.337
225.860,-19.318,0.443,0.681,97.462
225.880,-15.896,0.462,0.681,97.627
225.900,-12.229,0.474,0.681,97.828
225.920,-8.350,0.475,0.681,98.049
225.940,-4.377,0.485,0.681,98.280
225.960,-0.311,0.477,0.681,98.507
225.980,3.732,0.475,0.681,98.715
226.000,7.729,0.458,0.681,98.894
226.020,11.625,0.443,0.681,99.031
226.040,15.369,0.423,0.681,99.119
226.060,18.855,0.400,0.681,99.152
226.080,22.078,0.367,0.681,99.128
226.100,25.014,0.336,0.681,99.045
226.120,27.539,0.301,0.681,98.910
226.140,29.689,0.265,0.681,98.730
226.160,31.406,0.223,0.681,98.512
226.180,32.678,0.189,0.681,98.269
226.200,33.475,0.148,0.681,98.014
226.220,33.773,0.103,0.681,97.760
226.240,33.615,0.066,0.679,97.522
226.260,32.959,0.026,0.679,97.312
226.280,31.822,-0.009,0.679,97.141
226.300,30.240,-0.045,0.679,97.017
226.320,28.225,-0.079,0.679,96.948
226.340,25.781,-0.104,0.679,96.936
226.360,22.969,-0.132,0.679,96.982
226.380,19.834,-0.150,0.679,97.079
226.400,16.406,-0.166,0.679,97.222
226.420,12.732,-0.174,0.679,97.400
226.440,8.906,-0.183,0.679,97.603
226.460,4.951,-0.187,0.679,97.818
226.480,0.920,-0.182,0.679,98.034
226.500,-3.146,-0.178,0.679,98.231
226.520,-7.154,-0.164,0.679,98.402
226.540,-11.057,-0.148,0.679,98.535
226.560,-14.783,-0.128,0.679,98.621
226.580,-18.299,-0.103,0.679,98.653
226.600,-21.574,-0.077,0.679,98.631
226.620,-24.510,-0.045,0.679,98.554
226.640,-27.070,-0.009,0.679,98.426
226.660,-29.268,0.026,0.679,98.254
226.680,-31.020,0.065,0.679,98.046
226.700,-32.297,0.102,0.679,97.814
226.720,-33.141,0.145,0.679,97.572
226.740,-33.434,0.185,0.679,97.332
226.760,-33.305,0.228,0.679,97.109
226.780,-32.713,0.263,0.679,96.915
226.800,-31.594,0.299,0.679,96.762
226.820,-30.023,0.342,0.679,96.657
226.840,-28.002,0.371,0.679,96.608
226.860,-25.588,0.398,0.679,96.619
226.880,-22.793,0.426,0.679,96.686
226.900,-19.623,0.447,0.679,96.809
226.920,-16.219,0.467,0.679,96.979
226.940,-12.545,0.475,0.679,97.188
226.960,-8.707,0.485,0.679,97.421
226.980,-4.723,0.488,0.679,97.669
227.000,-0.650,0.487,0.679,97.916
227.020,3.410,0.480,0.679,98.150
227.040,7.406,0.467,0.679,98.357
227.060,11.291,0.451,0.679,98.524
227.080,15.059,0.431,0.679,98.645
227.100,18.586,0.402,0.679,98.713
227.120,21.826,0.377,0.679,98.723
227.140,24.803,0.344,0.679,98.678
227.160,27.357,0.309,0.679,98.581
227.180,29.537,0.273,0.679,98.437
227.200,31.289,0.233,0.679,98.257
227.220,32.596,0.195,0.679,98.051
227.240,33.428,0.149,0.679,97.833
227.260,33.768,0.115,0.679,97.616
227.280,33.645,0.070,0.679,97.413
227.300,33.029,0.036,0.679,97.238
227.320,31.928,-0.004,0.679,97.101
227.340,30.381,-0.037,0.679,97.013
227.360,28.412,-0.075,0.679,96.978
227.380,26.010,-0.096,0.679,97.002
227.400,23.215,-0.124,0.679,97.079
227.420,20.109,-0.140,0.679,97.209
227.440,16.717,-0.164,0.679,97.385
227.460,13.043,-0.170,0.679,97.599
227.480,9.234,-0.181,0.679,97.836
227.500,5.262,-0.184,0.679,98.083
227.520,1.242,-0.180,0.679,98.330
227.540,-2.818,-0.175,0.679,98.557
227.560,-6.838,-0.159,0.679,98.757
227.580,-10.740,-0.154,0.679,98.914
227.600,-14.490,-0.127,0.679,99.027
227.620,-18.035,-0.108,0.679,99.083
227.640,-21.305,-0.071,0.679,99.083
227.660,-24.264,-0.047,0.679,99.023
227.680,-26.854,-0.006,0.679,98.911
227.700,-29.092,0.022,0.679,98.552
227.720,-30.885,0.067,0.679,98.552
227.740,-32.186,0.099,0.679,98.326
227.760,-33.047,0.146,0.679,98.087
227.780,-33.381,0.181,0.679,97.847
227.800,-33.322,0.224,0.679,97.620
227.820,-32.742,0.260,0.679,97.419
227.840,-31.670,0.300,0.679,97.255
227.860,-30.141,0.336,0.679,97.139
227.880,-28.137,0.364,0.679,97.075
227.900,-25.764,0.395,0.679,97.067
227.920,-22.992,0.421,0.679,97.114
227.940,-19.863,0.437,0.679,97.215
227.960,-16.465,0.460,0.679,97.358
227.980,-12.826,0.473,0.679,97.542
228.000,-8.982,0.481,0.679,97.750
228.020,-5.010,0.486,0.679,97.970
228.040,-0.979,0.481,0.679,98.191
228.060,3.082,0.476,0.679,98.396
228.080,7.096,0.459,0.679,98.574
228.100,10.992,0.451,0.679,98.712
228.120,14.771,0.423,0.679,98.806
228.140,18.311,0.405,0.679,98.843
228.160,21.574,0.369,0.679,98.828
228.180,24.598,0.345,0.679,98.753
228.200,27.158,0.305,0.679,98.628
228.220,29.391,0.273,0.679,98.456
228.240,31.160,0.231,0.679,98.248
228.260,32.514,0.195,0.679,98.012
228.280,33.381,0.149,0.679,97.764
228.300,33.762,0.113,0.679,97.517
228.320,33.674,0.068,0.679,97.283
228.340,33.094,0.036,0.679,97.076
228.360,32.045,-0.002,0.679,96.908
228.380,30.521,-0.042,0.679,96.787
228.400,28.576,-0.071,0.679,96.724
228.420,26.221,-0.104,0.679,96.716
228.440,23.449,-0.120,0.679,96.768
228.460,20.361,-0.149,0.679,96.871
228.480,16.986,-0.164,0.679,97.026
228.500,13.365,-0.180,0.679,97.216
228.520,9.557,-0.183,0.679,97.438
228.540,5.607,-0.190,0.682,97.670
228.560,1.588,-0.183,0.682,97.908
228.580,-2.473,-0.184,0.682,98.129
228.600,-6.492,-0.167,0.682,98.329
228.620,-10.436,-0.158,0.682,98.489
228.640,-14.197,-0.132,0.682,98.608
228.660,-17.725,-0.112,0.682,98.670
228.680,-21.047,-0.084,0.682,98.679
228.700,-24.035,-0.053,0.682,98.632
228.720,-26.660,-0.017,0.682,98.534
228.740,-28.910,0.018,0.682,98.387
228.760,-30.738,0.058,0.682,98.205
228.780,-32.115,0.095,0.682,97.996
228.800,-33.018,0.136,0.682,97.773
228.820,-33.375,0.176,0.682,97.550
228.840,-33.352,0.219,0.682,97.341
228.860,-32.807,0.257,0.682,97.159
228.880,-31.799,0.291,0.682,97.015
228.900,-30.293,0.334,0.682,96.918
228.920,-28.318,0.363,0.682,96.876
228.940,-25.969,0.394,0.682,96.892
228.960,-23.232,0.419,0.682,96.965
228.980,-20.156,0.440,0.682,97.091
229.000,-16.770,0.462,0.682,97.263
229.020,-13.160,0.471,0.682,97.476
229.040,-9.311,0.481,0.682,97.715
229.060,-5.344,0.482,0.682,97.967
229.080,-1.301,0.484,0.682,98.220
229.100,2.742,0.477,0.682,98.459
229.120,6.773,0.466,0.682,98.671
229.140,10.676,0.450,0.682,98.845
229.160,14.479,0.431,0.682,98.972
229.180,18.023,0.406,0.682,99.045
229.200,21.311,0.378,0.682,99.062
229.220,24.352,0.347,0.682,99.020
229.240,26.959,0.315,0.682,98.924
229.260,29.221,0.276,0.682,98.780
229.280,31.031,0.239,0.682,98.597
229.300,32.420,0.198,0.682,98.385
229.320,33.316,0.154,0.682,98.157
229.340,33.738,0.118,0.682,97.927
229.360,33.691,0.075,0.682,97.709
229.380,33.158,0.044,0.682,97.515
229.400,32.139,-0.000,0.682,97.357
229.420,30.650,-0.026,0.682,97.246
229.440,28.740,-0.071,0.682,97.184
229.460,26.420,-0.088,0.682,97.182
229.480,23.672,-0.126,0.682,97.232
229.500,20.613,-0.136,0.682,97.341
229.520,17.262,-0.163,0.682,97.489
229.540,13.641,-0.167,0.682,97.679
229.560,9.855,-0.185,0.682,97.892
229.580,5.918,-0.179,0.682,98.123
229.600,1.893,-0.185,0.682,98.349
229.620,-2.168,-0.172,0.682,98.563
229.640,-6.193,-0.165,0.682,98.748
229.660,-10.137,-0.148,0.682,98.897
229.680,-13.910,-0.129,0.682,98.997
229.700,-17.467,-0.106,0.682,99.045
229.720,-20.812,-0.079,0.682,99.036
229.740,-23.830,-0.049,0.682,98.970
229.760,-26.461,-0.013,0.682,98.851
229.780,-28.764,0.021,0.682,98.683
229.800,-30.627,0.058,0.682,98.476
229.820,-32.021,0.097,0.682,98.241
229.840,-32.971,0.138,0.682,97.991
229.860,-33.387,0.177,0.682,97.739
229.880,-33.363,0.219,0.682,97.499
229.900,-32.859,0.252,0.678,97.284
229.920,-31.898,0.295,0.678,97.105
229.940,-30.422,0.327,0.678,96.973
229.960,-28.506,0.361,0.678,96.892
229.980,-26.168,0.393,0.678,96.869
230.000,-23.479,0.421,0.678,96.901
230.020,-20.408,0.439,0.678,96.992
230.040,-17.039,0.465,0.678,97.127
230.060,-13.453,0.471,0.678,97.306
230.080,-9.633,0.486,0.678,97.511
230.100,-5.666,0.486,0.678,97.734
230.120,-1.629,0.488,0.678,97.958
230.140,2.420,0.478,0.678,98.170
230.160,6.451,0.472,0.678,98.361
230.180,10.377,0.451,0.678,98.515
230.200,14.186,0.433,0.678,98.625
230.220,17.754,0.408,0.678,98.681
230.240,21.064,0.380,0.678,98.684
230.260,24.111,0.350,0.678,98.629
230.280,26.760,0.318,0.678,98.524
230.300,29.062,0.278,0.678,98.371
230.320,30.896,0.244,0.678,98.180
230.340,32.332,0.200,0.678,97.962
230.360,33.275,0.159,0.678,97.729
230.380,33.732,0.124,0.678,97.494
230.400,33.709,0.077,0.678,97.272
230.420,33.217,0.041,0.678,97.076
230.440,32.238,0.001,0.678,96.918
230.460,30.797,-0.032,0.678,96.806
230.480,28.922,-0.070,0.678,96.748
230.500,26.631,-0.096,0.678,96.749
230.520,23.930,-0.122,0.678,96.806
230.540,20.877,-0.141,0.678,96.920
230.560,17.555,-0.164,0.678,97.084
230.580,13.939,-0.174,0.678,97.289
230.600,10.166,-0.186,0.678,97.523
230.620,6.246,-0.185,0.678,97.774
230.640,2.227,-0.187,0.678,98.025
230.660,-1.828,-0.180,0.678,98.264
230.680,-5.854,-0.174,0.678,98.482
230.700,-9.809,-0.157,0.678,98.663
230.720,-13.611,-0.137,0.678,98.800
230.740,-17.162,-0.116,0.678,98.882
230.760,-20.549,-0.083,0.678,98.911
230.780,-23.549,-0.059,0.678,98.880
230.800,-26.273,-0.021,0.678,98.799
230.820,-28.588,0.013,0.678,98.666
230.840,-30.451,0.052,0.678,98.495
230.860,-31.898,0.088,0.678,98.294
230.880,-32.859,0.130,0.678,98.077
230.900,-33.357,0.168,0.678,97.857
230.920,-33.369,0.214,0.678,97.647
230.940,-32.889,0.248,0.678,97.462
230.960,-31.945,0.287,0.678,97.311
230.980,-30.521,0.323,0.678,97.206
231.000,-28.658,0.357,0.678,97.153
231.020,-26.367,0.385,0.678,97.154
231.040,-23.701,0.416,0.678,97.212
231.060,-20.631,0.436,0.678,97.326
231.080,-17.291,0.454,0.678,97.487
231.100,-13.740,0.469,0.678,97.684
231.120,-9.914,0.478,0.678,97.912
231.140,-5.988,0.482,0.678,98.151
231.160,-1.957,0.484,0.678,98.395
231.180,2.115,0.473,0.678,98.625
231.200,6.129,0.470,0.678,98.830
231.220,10.061,0.451,0.678,98.998
231.240,13.881,0.431,0.678,99.120
231.260,17.473,0.406,0.678,99.187
231.280,20.818,0.381,0.678,99.197
231.300,23.883,0.350,0.678,99.150
231.320,26.584,0.318,0.678,99.047
231.340,28.863,0.278,0.678,98.895
231.360,30.768,0.244,0.678,98.701
231.380,32.232,0.202,0.678,98.478
231.400,33.205,0.162,0.678,98.237
231.420,33.709,0.124,0.678,97.991
231.440,33.732,0.082,0.678,97.755
231.460,33.275,0.043,0.678,97.541
231.480,32.338,0.004,0.678,97.363
231.500,30.932,-0.028,0.678,97.229
231.520,29.080,-0.068,0.678,97.147
231.540,26.824,-0.088,0.678,97.122
231.560,24.152,-0.122,0.678,97.150
231.580,21.146,-0.140,0.678,97.236
231.600,17.830,-0.160,0.678,97.367
231.620,14.250,-0.174,0.678,97.539
231.640,10.465,-0.180,0.678,97.739
231.660,6.551,-0.182,0.678,97.956
231.680,2.537,-0.185,0.678,98.173
231.700,-1.512,-0.179,0.678,98.382
231.720,-5.543,-0.172,0.678,98.567
231.740,-9.516,-0.156,0.678,98.718
231.760,-13.312,-0.135,0.678,98.824
231.780,-16.916,-0.118,0.678,98.878
231.800,-20.309,-0.083,0.678,98.878
231.820,-23.355,-0.060,0.678,98.821
231.840,-26.092,-0.020,0.678,98.711
231.860,-28.436,0.011,0.678,98.552
231.880,-30.369,0.052,0.678,98.353
231.900,-31.857,0.087,0.678,98.125
231.920,-32.854,0.128,0.678,97.881
231.940,-33.352,0.170,0.678,97.633
231.960,-33.428,0.212,0.678,97.396
231.980,-33.023,0.252,0.678,97.183
232.000,-32.109,0.286,0.678,97.004
232.020,-30.709,0.321,0.678,96.873
232.040,-28.857,0.359,0.678,96.791
232.060,-26.602,0.389,0.678,96.771
232.080,-23.965,0.417,0.678,96.806
232.100,-20.941,0.439,0.678,96.900
232.120,-17.619,0.461,0.678,97.041
232.140,-14.062,0.473,0.678,97.230
232.160,-10.254,0.482,0.678,97.444
232.180,-6.340,0.487,0.678,97.679
232.200,-2.303,0.490,0.680,97.916
232.220,1.764,0.477,0.680,98.148
232.240,5.807,0.476,0.680,98.353
232.260,9.732,0.456,0.680,98.528
232.280,13.576,0.440,0.680,98.658
232.300,17.191,0.418,0.680,98.739
232.320,20.549,0.386,0.680,98.765
232.340,23.660,0.356,0.680,98.733
232.360,26.379,0.326,0.680,98.647
232.380,28.705,0.286,0.680,98.514
232.400,30.633,0.252,0.680,98.340
232.420,32.133,0.207,0.680,98.137
232.440,33.141,0.170,0.680,97.915
232.460,33.691,0.127,0.680,97.690
232.480,33.744,0.090,0.680,97.474
232.500,33.328,0.049,0.680,97.282
232.520,32.426,0.010,0.680,97.123
232.540,31.061,-0.022,0.680,97.010
232.560,29.238,-0.062,0.680,96.948
232.580,27.029,-0.085,0.680,96.945
232.600,24.387,-0.117,0.680,96.996
232.620,21.393,-0.133,0.680,97.107
232.640,18.094,-0.156,0.680,97.462
232.660,14.537,-0.166,0.680,97.462
232.680,10.787,-0.181,0.680,97.688
232.700,6.896,-0.182,0.680,97.934
232.720,2.859,-0.184,0.680,98.181
232.740,-1.160,-0.179,0.680,98.420
232.760,-5.203,-0.169,0.680,98.634
232.780,-9.176,-0.155,0.680,98.812
232.800,-12.990,-0.136,0.680,98.946
232.820,-16.617,-0.119,0.680,99.026
232.840,-20.027,-0.087,0.680,99.052
232.860,-23.109,-0.062,0.680,99.020
232.880,-25.857,-0.022,0.680,98.932
232.900,-28.219,0.008,0.680,98.793
232.920,-30.217,0.046,0.680,98.613
232.940,-31.734,0.083,0.680,98.401
232.960,-32.754,0.124,0.680,98.169
232.980,-33.281,0.166,0.680,97.932
233.000,-33.381,0.205,0.680,97.703
233.020,-33.023,0.244,0.680,97.495
233.040,-32.168,0.281,0.680,97.319
233.060,-30.809,0.314,0.680,97.187
233.080,-28.992,0.353,0.680,97.104
233.100,-26.748,0.375,0.680,97.078
233.120,-24.135,0.411,0.680,97.103
233.140,-21.152,0.431,0.680,97.188
233.160,-17.877,0.453,0.680,97.318
233.180,-14.332,0.464,0.680,97.492
233.200,-10.547,0.478,0.680,97.691
233.220,-6.615,0.482,0.680,97.910
233.240,-2.602,0.481,0.680,98.133
233.260,1.459,0.473,0.680,98.347
233.280,5.490,0.472,0.680,98.536
233.300,9.445,0.452,0.680,98.694
233.320,13.277,0.436,0.680,98.806
233.340,16.910,0.411,0.680,98.866
233.360,20.291,0.388,0.680,98.871
233.380,23.414,0.354,0.680,98.819
233.400,26.174,0.323,0.680,98.712
233.420,28.535,0.284,0.680,98.555
233.440,30.504,0.248,0.680,98.357
233.460,32.033,0.211,0.680,98.127
233.480,33.082,0.170,0.680,97.879
233.500,33.674,0.124,0.680,97.625
233.520,33.768,0.087,0.680,97.379
233.540,33.387,0.047,0.677,97.155
233.560,32.514,0.008,0.677,96.965
233.580,31.195,-0.027,0.677,96.819
233.600,29.396,-0.063,0.677,96.725
233.620,27.229,-0.088,0.677,96.689
233.640,24.598,-0.118,0.677,96.709
233.660,21.639,-0.135,0.677,96.785
233.680,18.393,-0.159,0.677,96.910
233.700,14.842,-0.174,0.677,97.081
233.720,11.104,-0.182,0.677,97.284
233.740,7.207,-0.189,0.679,97.506
233.760,3.199,-0.185,0.679,97.734
233.780,-0.844,-0.186,0.679,97.957
233.800,-4.887,-0.172,0.679,98.159
233.820,-8.871,-0.162,0.679,98.327
233.840,-12.686,-0.143,0.679,98.453
233.860,-16.324,-0.123,0.679,98.532
233.880,-19.740,-0.092,0.679,98.556
233.900,-22.893,-0.067,0.679,98.524
233.920,-25.652,-0.027,0.679,98.438
233.940,-28.061,0.002,0.679,98.303
233.960,-30.064,0.044,0.679,98.128
233.980,-31.605,0.078,0.679,97.921
234.000,-32.713,0.122,0.679,97.697
234.020,-33.293,0.162,0.679,97.467
234.040,-33.416,0.203,0.679,97.246
234.060,-33.094,0.243,0.679,97.047
234.080,-32.250,0.277,0.679,96.881
234.100,-30.961,0.315,0.679,96.760
234.120,-29.180,0.352,0.679,96.690
234.140,-26.982,0.378,0.679,96.679
234.160,-24.387,0.412,0.679,96.724
234.180,-21.428,0.431,0.679,96.829
234.200,-18.164,0.456,0.679,96.982
234.220,-14.654,0.466,0.679,97.180
234.240,-10.893,0.479,0.679,97.407
234.260,-6.984,0.481,0.679,97.657
234.280,-2.936,0.483,0.679,97.912
234.300,1.107,0.480,0.679,98.160
234.320,5.150,0.471,0.679,98.388
234.340,9.117,0.454,0.679,98.581
234.360,12.961,0.438,0.679,98.732
234.380,16.629,0.416,0.679,98.830
234.400,20.027,0.392,0.679,98.875
234.420,23.162,0.359,0.679,98.861
234.440,25.963,0.328,0.679,98.791
234.460,28.354,0.290,0.679,98.671
234.480,30.363,0.253,0.679,98.507
234.500,31.922,0.220,0.679,98.311
234.520,33.018,0.171,0.679,98.094
234.540,33.639,0.136,0.679,97.870
234.560,33.768,0.097,0.679,97.652
234.580,33.434,0.054,0.679,97.453
234.600,32.602,0.016,0.679,97.286
234.620,31.318,-0.018,0.679,97.162
234.640,29.543,-0.054,0.679,97.088
234.660,27.410,-0.082,0.679,97.070
234.680,24.814,-0.109,0.679,97.107
234.700,21.885,-0.128,0.679,97.200
234.720,18.656,-0.152,0.679,97.339
234.740,15.123,-0.166,0.679,97.521
234.760,11.402,-0.179,0.679,97.734
234.780,7.500,-0.182,0.679,97.968
234.800,3.510,-0.180,0.679,98.202
234.820,-0.527,-0.182,0.679,98.430
234.840,-4.570,-0.166,0.679,98.637
234.860,-8.561,-0.156,0.679,98.808
234.880,-12.393,-0.138,0.679,98.936
234.900,-16.066,-0.118,0.679,99.012
234.920,-19.500,-0.093,0.679,99.032
234.940,-22.664,-0.062,0.679,98.996
234.960,-25.453,-0.029,0.679,98.902
234.980,-27.867,0.005,0.679,98.758
235.000,-29.912,0.043,0.679,98.570
235.020,-31.512,0.079,0.679,98.349
235.040,-32.643,0.122,0.679,98.107
235.060,-33.275,0.161,0.679,97.858
235.080,-33.445,0.199,0.679,97.614
235.100,-33.123,0.241,0.679,97.390
235.120,-32.338,0.278,0.679,97.197
235.140,-31.078,0.315,0.679,97.047
235.160,-29.320,0.350,0.679,96.946
235.180,-27.170,0.377,0.679,96.902
235.200,-24.609,0.410,0.679,96.912
235.220,-21.662,0.431,0.679,96.981
235.240,-18.410,0.456,0.679,97.098
235.260,-14.936,0.467,0.679,97.455
235.280,-11.191,0.484,0.679,97.455
235.300,-7.283,0.484,0.679,97.674
235.320,-3.252,0.489,0.679,97.897
235.340,0.791,0.483,0.679,98.115
235.360,4.846,0.472,0.679,98.314
235.380,8.807,0.458,0.679,98.479
235.400,12.656,0.437,0.679,98.606
235.420,16.342,0.417,0.679,98.680
235.440,19.770,0.393,0.679,98.702
235.460,22.928,0.362,0.679,98.667
235.480,25.758,0.331,0.679,98.579
235.500,28.184,0.294,0.679,98.441
235.520,30.217,0.254,0.679,98.261
235.540,31.805,0.216,0.679,98.049
235.560,32.947,0.174,0.679,97.816
235.580,33.604,0.133,0.679,97.577
235.600,33.773,0.095,0.679,97.345
235.620,33.480,0.051,0.679,97.133
235.640,32.678,0.019,0.679,96.954
235.660,31.430,-0.021,0.679,96.818
235.680,29.713,-0.052,0.679,96.732
235.700,27.609,-0.087,0.679,96.705
235.720,25.055,-0.111,0.679,96.737
235.740,22.148,-0.137,0.679,96.825
235.760,18.926,-0.155,0.679,96.965
235.780,15.434,-0.170,0.679,97.152
235.800,11.713,-0.180,0.679,97.372
235.820,7.846,-0.189,0.679,97.613
235.840,3.855,-0.187,0.679,97.862
235.860,-0.164,-0.187,0.679,98.109
235.880,-4.242,-0.171,0.679,98.335
235.900,-8.232,-0.166,0.679,98.529
235.920,-12.100,-0.145,0.679,98.683
235.940,-15.750,-0.125,0.679,98.789
235.960,-19.207,-0.102,0.679,98.838
235.980,-22.377,-0.069,0.679,98.833
236.000,-25.207,-0.038,0.679,98.770
236.020,-27.674,0.002,0.679,98.657
236.040,-29.760,0.033,0.679,98.500
236.060,-31.389,0.074,0.679,98.310
236.080,-32.531,0.112,0.679,98.099
236.100,-33.205,0.153,0.679,97.879
236.120,-33.410,0.192,0.679,97.665
236.140,-33.135,0.234,0.679,97.469
236.160,-32.396,0.268,0.679,97.305
236.180,-31.172,0.307,0.679,97.182
236.200,-29.449,0.344,0.679,97.108
236.220,-27.352,0.373,0.679,97.090
236.240,-24.814,0.405,0.679,97.127
236.260,-21.914,0.422,0.679,97.222
236.280,-18.674,0.450,0.679,97.365
236.300,-15.217,0.460,0.679,97.554
236.320,-11.490,0.477,0.679,97.773
236.340,-7.588,0.479,0.679,98.013
236.360,-3.586,0.485,0.679,98.260
236.380,0.480,0.475,0.679,98.501
236.400,4.523,0.470,0.679,98.720
236.420,8.508,0.459,0.679,98.907
236.440,12.357,0.438,0.679,99.053
236.460,16.061,0.419,0.679,99.145
236.480,19.512,0.392,0.679,99.183
236.500,22.687,0.360,0.679,99.160
236.520,25.547,0.331,0.679,99.082
236.540,28.002,0.295,0.679,98.952
236.560,30.059,0.259,0.679,98.777
236.580,31.693,0.219,0.679,98.567
236.600,32.877,0.178,0.679,98.334
236.620,33.580,0.137,0.679,98.091
236.640,33.768,0.098,0.679,97.852
236.660,33.521,0.060,0.679,97.629
236.680,32.766,0.024,0.679,97.437
236.700,31.553,-0.020,0.679,97.285
236.720,29.871,-0.048,0.679,97.135
236.740,27.779,-0.087,0.679,97.135
236.760,25.271,-0.104,0.679,97.145
236.780,22.389,-0.137,0.679,97.207
236.800,19.207,-0.150,0.679,97.323
236.820,15.721,-0.169,0.679,97.480
236.840,12.029,-0.177,0.679,97.670
236.860,8.156,-0.184,0.679,97.880
236.880,4.172,-0.184,0.679,98.100
236.900,0.129,-0.181,0.679,98.314
236.920,-3.902,-0.176,0.679,98.507
236.940,-7.910,-0.161,0.679,98.672
236.960,-11.783,-0.147,0.679,98.795
236.980,-15.469,-0.116,0.679,98.871
237.000,-18.955,-0.103,0.679,98.889
237.020,-22.154,-0.064,0.679,98.854
237.040,-25.008,-0.040,0.679,98.762
237.060,-27.504,0.002,0.679,98.620
237.080,-29.619,0.033,0.679,98.435
237.100,-31.301,0.072,0.679,98.215
237.120,-32.484,0.112,0.679,97.974
237.140,-33.176,0.153,0.679,97.723
237.160,-33.422,0.196,0.679,97.478
237.180,-33.187,0.232,0.679,97.252
237.200,-32.502,0.271,0.678,97.055
237.220,-31.318,0.311,0.678,96.901
237.240,-29.631,0.345,0.678,96.797
237.260,-27.533,0.375,0.678,96.749
237.280,-25.037,0.406,0.678,96.757
237.300,-22.184,0.428,0.678,96.825
237.320,-18.961,0.454,0.678,96.945
237.340,-15.492,0.467,0.678,97.114
237.360,-11.801,0.480,0.678,97.316
237.380,-7.898,0.485,0.678,97.541
237.400,-3.902,0.489,0.678,97.779
237.420,0.141,0.482,0.678,98.012
237.440,4.207,0.474,0.678,98.228
237.460,8.186,0.463,0.678,98.415
237.480,12.070,0.441,0.678,98.563
237.500,15.779,0.426,0.678,98.662
237.520,19.242,0.398,0.678,98.709
237.540,22.430,0.370,0.678,98.699
237.560,25.342,0.336,0.678,98.636
237.580,27.820,0.300,0.678,98.520
237.600,29.912,0.263,0.678,98.361
237.620,31.576,0.227,0.678,98.168
237.640,32.801,0.184,0.678,97.952
237.660,33.527,0.145,0.678,97.727
237.680,33.785,0.103,0.678,97.506
237.700,33.574,0.063,0.678,97.303
237.720,32.848,0.025,0.678,97.131
237.740,31.670,-0.016,0.678,97.000
237.760,30.035,-0.045,0.678,96.918
237.780,27.990,-0.083,0.678,96.892
237.800,25.488,-0.100,0.678,96.926
237.820,22.635,-0.132,0.678,97.013
237.840,19.465,-0.143,0.678,97.155
237.860,16.008,-0.166,0.678,97.340
237.880,12.322,-0.174,0.678,97.560
237.900,8.479,-0.182,0.678,97.803
237.920,4.500,-0.187,0.678,98.055
237.940,0.475,-0.181,0.678,98.303
237.960,-3.580,-0.174,0.678,98.532
237.980,-7.564,-0.162,0.678,98.729
238.000,-11.467,-0.144,0.678,98.885
238.020,-15.158,-0.125,0.678,98.992
238.040,-18.680,-0.103,0.678,99.045
238.060,-21.891,-0.070,0.678,99.041
238.080,-24.773,-0.046,0.678,98.978
238.100,-27.293,-0.004,0.678,98.865
238.120,-29.414,0.028,0.678,98.704
238.140,-31.160,0.069,0.678,98.508
238.160,-32.379,0.103,0.678,98.288
238.180,-33.123,0.145,0.678,98.056
238.200,-33.398,0.186,0.678,97.826
238.220,-33.211,0.224,0.678,97.612
238.240,-32.555,0.266,0.678,97.426
238.260,-31.406,0.298,0.678,97.280
238.280,-29.766,0.337,0.678,97.180
238.300,-27.697,0.368,0.678,97.135
238.320,-25.230,0.398,0.678,97.212
238.340,-22.406,0.423,0.678,97.212
238.360,-19.207,0.444,0.678,97.329
238.380,-15.773,0.458,0.678,97.490
238.400,-12.105,0.474,0.678,97.685
238.420,-8.203,0.479,0.678,97.902
238.440,-4.236,0.484,0.678,98.130
238.460,-0.176,0.480,0.678,98.351
238.480,3.879,0.472,0.678,98.556
238.500,7.869,0.460,0.678,98.731
238.520,11.748,0.442,0.678,98.865
238.540,15.492,0.424,0.678,98.950
238.560,18.979,0.398,0.678,98.981
238.580,22.189,0.367,0.678,98.954
238.600,25.125,0.335,0.678,98.868
238.620,27.621,0.299,0.678,98.732
238.640,29.766,0.264,0.678,98.550
238.660,31.459,0.222,0.678,98.333
238.680,32.719,0.186,0.678,98.091
238.700,33.498,0.145,0.678,97.838
238.720,33.773,0.107,0.678,97.587
238.740,33.598,0.062,0.678,97.352
238.760,32.912,0.025,0.678,97.146
238.780,31.787,-0.013,0.678,96.980
238.800,30.182,-0.046,0.678,96.863
238.820,28.154,-0.087,0.678,96.801
238.840,25.699,-0.102,0.678,96.798
238.860,22.875,-0.136,0.678,96.849
238.880,19.734,-0.146,0.678,96.955
238.900,16.301,-0.172,0.678,97.105
238.920,12.639,-0.179,0.678,97.294
238.940,8.789,-0.186,0.678,97.508
238.960,4.822,-0.190,0.679,97.730
238.980,0.791,-0.183,0.679,97.952
239.000,-3.246,-0.177,0.679,98.158
239.020,-7.271,-0.164,0.679,98.336
239.040,-11.168,-0.152,0.679,98.476
239.060,-14.895,-0.129,0.679,98.570
239.080,-18.398,-0.103,0.679,98.609
239.100,-21.650,-0.075,0.679,98.594
239.120,-24.568,-0.046,0.679,98.524
239.140,-27.111,-0.008,0.679,98.403
239.160,-29.291,0.026,0.679,98.237
239.180,-31.043,0.067,0.679,98.036
239.200,-32.303,0.102,0.679,97.812
239.220,-33.111,0.149,0.679,97.576
239.240,-33.393,0.184,0.679,97.344
239.260,-33.264,0.228,0.679,97.128
239.280,-32.643,0.261,0.679,96.943
239.300,-31.500,0.301,0.679,96.796
239.320,-29.924,0.336,0.679,96.700
239.340,-27.891,0.372,0.679,96.657
239.360,-25.459,0.399,0.679,96.677
239.380,-22.658,0.427,0.679,96.751
239.400,-19.488,0.439,0.679,96.881
239.420,-16.078,0.464,0.679,97.054
239.440,-12.410,0.473,0.679,97.267
239.460,-8.537,0.481,0.679,97.504
239.480,-4.553,0.487,0.679,97.753
239.500,-0.504,0.485,0.679,98.003
239.520,3.539,0.473,0.679,98.237
239.540,7.541,0.465,0.679,98.443
239.560,11.449,0.443,0.679,98.606
239.580,15.182,0.428,0.679,98.725
239.600,18.697,0.399,0.679,98.789
239.620,21.943,0.375,0.679,98.797
239.640,24.896,0.339,0.679,98.747
239.660,27.451,0.309,0.679,98.645
239.680,29.607,0.271,0.679,98.498
239.700,31.336,0.232,0.679,98.314
239.720,32.637,0.194,0.679,98.104
239.740,33.434,0.149,0.679,97.659
239.760,33.785,0.113,0.679,97.659
239.780,33.627,0.070,0.679,97.452
239.800,32.994,0.036,0.679,97.273
239.820,31.898,-0.004,0.679,97.131
239.840,30.322,-0.036,0.679,97.038
239.860,28.330,-0.075,0.679,96.998
239.880,25.916,-0.095,0.679,97.016
239.900,23.104,-0.125,0.679,97.088
239.920,20.016,-0.137,0.679,97.214
239.940,16.605,-0.167,0.679,97.381
239.960,12.932,-0.169,0.679,97.590
239.980,9.100,-0.183,0.679,97.819
240.000,5.145,-0.179,0.679,98.059
240.020,1.143,-0.182,0.679,98.293
240.040,-2.918,-0.175,0.679,98.514
240.060,-6.943,-0.162,0.679,98.703
240.080,-10.852,-0.148,0.679,98.854
240.100,-14.590,-0.125,0.679,98.956
240.120,-18.105,-0.105,0.679,99.003
240.140,-21.393,-0.074,0.679,98.993
240.160,-24.334,-0.045,0.679,98.925
240.180,-26.918,-0.008,0.679,98.804
240.200,-29.133,0.024,0.679,98.636
240.220,-30.896,0.066,0.679,98.430
240.240,-32.209,0.100,0.679,98.198
240.260,-33.053,0.146,0.679,97.952
240.280,-33.375,0.184,0.679,97.707
240.300,-33.281,0.225,0.679,97.476
240.320,-32.695,0.258,0.679,97.272
240.340,-31.611,0.298,0.679,97.104
240.360,-30.041,0.336,0.679,96.985
240.380,-28.049,0.367,0.679,96.917
240.400,-25.670,0.397,0.679,96.907
240.420,-22.893,0.421,0.679,96.951
240.440,-19.746,0.443,0.679,97.050
240.460,-16.348,0.462,0.679,97.194
240.480,-12.680,0.472,0.679,97.376
240.500,-8.859,0.483,0.679,97.583
240.520,-4.869,0.485,0.679,97.803
240.540,-0.814,0.481,0.679,98.023
240.560,3.234,0.475,0.679,98.226
240.580,7.242,0.462,0.679,98.403
240.600,11.133,0.447,0.679,98.541
240.620,14.889,0.426,0.679,98.635
240.640,18.439,0.403,0.679,98.674
240.660,21.686,0.375,0.679,98.660
240.680,24.668,0.339,0.679,98.589
240.700,27.246,0.306,0.679,98.465
240.720,29.449,0.268,0.679,98.296
240.740,31.219,0.227,0.679,98.090
240.760,32.537,0.190,0.679,97.859
240.780,33.393,0.149,0.679,97.616
240.800,33.756,0.112,0.679,97.373
240.820,33.662,0.067,0.679,97.145
240.840,33.070,0.032,0.679,96.945
240.860,31.998,-0.005,0.679,96.785
240.880,30.457,-0.040,0.679,96.672
240.900,28.506,-0.075,0.679,96.615
240.920,26.139,-0.100,0.679,96.617
240.940,23.355,-0.129,0.679,96.676
240.960,20.256,-0.145,0.679,96.790
240.980,16.893,-0.170,0.679,96.952
241.000,13.225,-0.173,0.679,97.155
241.020,9.434,-0.188,0.679,97.383
241.040,5.467,-0.184,0.679,97.628
241.060,1.447,-0.188,0.679,97.870
241.080,-2.602,-0.182,0.679,98.102
241.100,-6.604,-0.171,0.679,98.307
241.120,-10.535,-0.155,0.679,98.477
241.140,-14.297,-0.133,0.679,98.600
241.160,-17.824,-0.115,0.679,98.669
241.180,-21.117,-0.079,0.679,98.684
241.200,-24.100,-0.054,0.679,98.641
241.220,-26.701,-0.013,0.679,98.547
241.240,-28.957,0.020,0.679,98.405
241.260,-30.785,0.061,0.679,98.227
241.280,-32.109,0.093,0.679,98.022
241.300,-32.988,0.138,0.679,97.805
241.320,-33.352,0.173,0.679,97.587
241.340,-33.311,0.219,0.679,97.383
241.360,-32.760,0.253,0.679,97.206
241.380,-31.705,0.293,0.679,97.066
241.400,-30.187,0.327,0.679,96.976
241.420,-28.213,0.360,0.679,96.937
241.440,-25.863,0.392,0.679,96.957
241.460,-23.127,0.418,0.679,97.031
241.480,-20.016,0.439,0.679,97.162
241.500,-16.629,0.460,0.679,97.339
241.520,-13.002,0.472,0.679,97.554
241.540,-9.164,0.482,0.679,97.795
241.560,-5.191,0.482,0.679,98.048
241.580,-1.160,0.487,0.679,98.299
241.600,2.895,0.474,0.679,98.538
241.620,6.920,0.464,0.679,98.749
241.640,10.816,0.449,0.679,98.919
241.660,14.590,0.428,0.679,99.042
241.680,18.141,0.401,0.679,99.110
241.700,21.428,0.376,0.679,99.121
241.720,24.439,0.343,0.679,99.073
241.740,27.064,0.312,0.679,98.972
241.760,29.291,0.273,0.679,98.822
241.780,31.084,0.237,0.679,98.633
241.800,32.467,0.199,0.679,98.416
241.820,33.340,0.155,0.679,98.183
241.840,33.750,0.116,0.679,97.949
241.860,33.680,0.075,0.679,97.726
241.880,33.141,0.038,0.679,97.529
241.900,32.092,-0.000,0.679,97.367
241.920,30.592,-0.034,0.679,97.252
241.940,28.682,-0.070,0.679,97.189
241.960,26.338,-0.093,0.679,97.183
241.980,23.584,-0.127,0.679,97.228
242.000,20.520,-0.143,0.679,97.332
242.020,17.168,-0.164,0.679,97.478
242.040,13.529,-0.171,0.679,97.664
242.060,9.744,-0.185,0.679,97.873
242.080,5.789,-0.180,0.679,98.099
242.100,1.764,-0.183,0.679,98.318
242.120,-2.279,-0.176,0.679,98.526
242.140,-6.305,-0.166,0.679,98.705
242.160,-10.242,-0.151,0.679,98.849
242.180,-14.004,-0.129,0.679,98.945
242.200,-17.566,-0.111,0.679,98.988
242.220,-20.900,-0.079,0.679,98.975
242.240,-23.895,-0.051,0.679,98.905
242.260,-26.520,-0.013,0.679,98.782
242.280,-28.799,0.016,0.679,98.611
242.300,-30.668,0.061,0.679,98.403
242.320,-32.045,0.095,0.679,98.166
242.340,-32.971,0.137,0.679,97.915
242.360,-33.346,0.178,0.679,97.662
242.380,-33.346,0.224,0.679,97.422
242.400,-32.812,0.255,0.677,97.209
242.420,-31.834,0.296,0.677,97.030
242.440,-30.340,0.334,0.677,96.901
242.460,-28.406,0.362,0.677,96.824
242.480,-26.074,0.396,0.677,96.804
242.500,-23.350,0.419,0.677,96.840
242.520,-20.285,0.442,0.677,96.934
242.540,-16.904,0.461,0.677,97.074
242.560,-13.307,0.475,0.677,97.256
242.580,-9.480,0.485,0.677,97.464
242.600,-5.508,0.487,0.677,97.690
242.620,-1.482,0.489,0.678,97.918
242.640,2.578,0.481,0.678,98.135
242.660,6.598,0.467,0.678,98.328
242.680,10.518,0.451,0.678,98.483
242.700,14.320,0.431,0.678,98.595
242.720,17.877,0.409,0.678,98.655
242.740,21.182,0.377,0.678,98.660
242.760,24.223,0.348,0.678,98.608
242.780,26.859,0.314,0.678,98.506
242.800,29.115,0.280,0.678,98.356
242.820,30.955,0.243,0.678,98.169
242.840,32.367,0.203,0.678,97.954
242.860,33.287,0.159,0.678,97.725
242.880,33.738,0.120,0.678,97.495
242.900,33.709,0.079,0.678,97.277
242.920,33.205,0.042,0.678,97.085
242.940,32.191,0.001,0.678,96.931
242.960,30.727,-0.031,0.678,96.824
242.980,28.846,-0.071,0.678,96.771
243.000,26.549,-0.093,0.678,96.777
243.020,23.830,-0.120,0.678,96.839
243.040,20.783,-0.141,0.678,96.957
243.060,17.449,-0.162,0.678,97.122
243.080,13.840,-0.173,0.678,97.329
243.100,10.049,-0.186,0.678,97.564
243.120,6.123,-0.185,0.678,97.815
243.140,2.104,-0.187,0.678,98.065
243.160,-1.951,-0.178,0.678,98.305
243.180,-5.977,-0.170,0.678,98.519
243.200,-9.920,-0.152,0.678,98.696
243.220,-13.699,-0.139,0.678,98.828
243.240,-17.262,-0.112,0.678,98.909
243.260,-20.643,-0.088,0.678,98.930
243.280,-23.654,-0.050,0.678,98.896
243.300,-26.320,-0.025,0.678,98.805
243.320,-28.617,0.012,0.678,98.668
243.340,-30.492,0.047,0.678,98.490
243.360,-31.951,0.086,0.678,98.284
243.380,-32.900,0.135,0.678,98.061
243.400,-33.334,0.159,0.678,97.835
243.420,-33.369,0.220,0.678,97.619
243.440,-32.865,0.237,0.678,97.428
243.460,-31.928,0.298,0.678,97.269
243.480,-30.480,0.312,0.678,97.160
243.500,-28.582,0.366,0.678,97.096
243.520,-26.291,0.377,0.678,97.095
243.540,-23.590,0.423,0.678,97.141
243.560,-20.543,0.428,0.678,97.251
243.580,-17.191,0.465,0.678,97.398
243.600,-13.617,0.460,0.678,97.594
243.620,-9.803,0.484,0.678,97.805
243.640,-5.854,0.477,0.678,98.040
243.660,-1.816,0.493,0.682,98.271
243.680,2.238,0.469,0.682,98.497
243.700,6.258,0.473,0.682,98.688
243.720,10.184,0.446,0.682,98.848
243.740,13.992,0.438,0.682,98.959
243.760,17.596,0.403,0.682,99.017
243.780,20.918,0.381,0.682,99.017
243.800,23.965,0.351,0.682,98.960
243.820,26.660,0.316,0.682,98.848
243.840,28.945,0.278,0.682,98.687
243.860,30.820,0.242,0.682,98.486
243.880,32.273,0.200,0.682,98.255
243.900,33.234,0.159,0.682,98.008
243.920,33.721,0.120,0.682,97.756
243.940,33.732,0.079,0.682,97.515
243.960,33.270,0.041,0.681,97.297
243.980,32.285,0.004,0.681,97.115
244.000,30.873,-0.033,0.681,96.977
244.020,29.016,-0.064,0.681,96.892
244.040,26.736,-0.098,0.681,96.863
244.060,24.041,-0.118,0.681,96.892
244.080,21.029,-0.147,0.681,96.975
244.100,17.707,-0.155,0.681,97.109
244.120,14.121,-0.176,0.681,97.279
244.140,10.348,-0.184,0.681,97.480
244.160,6.410,-0.188,0.681,97.700
244.180,2.402,-0.188,0.681,97.920
244.200,-1.664,-0.179,0.681,98.131
244.220,-5.678,-0.174,0.681,98.317
244.240,-9.662,-0.152,0.681,98.470
244.260,-13.477,-0.142,0.681,98.574
244.280,-17.045,-0.112,0.681,98.632
244.300,-20.420,-0.085,0.681,98.633
244.320,-23.479,-0.055,0.681,98.578
244.340,-26.197,-0.021,0.681,98.470
244.360,-28.529,0.012,0.681,98.315
244.380,-30.439,0.051,0.681,98.121
244.400,-31.898,0.088,0.681,97.898
244.420,-32.895,0.128,0.681,97.658
244.440,-33.381,0.170,0.681,97.416
244.460,-33.422,0.211,0.681,97.185
244.480,-32.988,0.248,0.681,96.979
244.500,-32.080,0.286,0.681,96.808
244.520,-30.662,0.323,0.681,96.683
244.540,-28.811,0.359,0.681,96.610
244.560,-26.525,0.387,0.681,96.598
244.580,-23.871,0.414,0.681,96.641
244.600,-20.842,0.441,0.681,96.742
244.620,-17.502,0.457,0.681,96.893
244.640,-13.951,0.471,0.681,97.086
244.660,-10.148,0.478,0.681,97.306
244.680,-6.199,0.487,0.681,97.545
244.700,-2.174,0.489,0.681,97.789
244.720,1.910,0.482,0.681,98.026
244.740,5.918,0.470,0.681,98.239
244.760,9.873,0.455,0.681,98.416
244.780,13.687,0.436,0.681,98.551
244.800,17.297,0.417,0.681,98.633
244.820,20.637,0.385,0.681,98.661
244.840,23.742,0.359,0.681,98.631
244.860,26.461,0.322,0.681,98.549
244.880,28.775,0.287,0.681,98.416
244.900,30.697,0.252,0.681,98.243
244.920,32.162,0.207,0.681,98.040
244.940,33.182,0.173,0.681,97.820
244.960,33.703,0.127,0.681,97.596
244.980,33.756,0.087,0.681,97.381
245.000,33.311,0.049,0.681,97.189
245.020,32.391,0.008,0.681,97.032
245.040,31.008,-0.025,0.681,96.920
245.060,29.168,-0.060,0.681,96.860
245.080,26.941,-0.087,0.681,96.856
245.100,24.287,-0.114,0.681,96.908
245.120,21.287,-0.134,0.681,97.015
245.140,17.994,-0.153,0.681,97.170
245.160,14.414,-0.171,0.681,97.365
245.180,10.670,-0.176,0.681,97.591
245.200,6.756,-0.185,0.681,97.833
245.220,2.742,-0.182,0.681,98.079
245.240,-1.307,-0.180,0.681,98.310
245.260,-5.350,-0.169,0.681,98.520
245.280,-9.334,-0.153,0.681,98.692
245.300,-13.107,-0.137,0.681,98.820
245.320,-16.734,-0.115,0.681,98.894
245.340,-20.127,-0.087,0.681,98.913
245.360,-23.197,-0.057,0.681,98.874
245.380,-25.945,-0.025,0.681,98.780
245.400,-28.289,0.015,0.681,98.636
245.420,-30.270,0.049,0.681,98.450
245.440,-31.770,0.088,0.681,98.233
245.460,-32.777,0.123,0.681,97.997
245.480,-33.322,0.167,0.681,97.755
245.500,-33.393,0.207,0.681,97.522
245.520,-33.012,0.245,0.681,97.311
245.540,-32.127,0.286,0.681,97.132
245.560,-30.750,0.316,0.681,96.999
245.580,-28.945,0.356,0.681,96.913
245.600,-26.672,0.381,0.681,96.885
245.620,-24.070,0.414,0.681,96.910
245.640,-21.059,0.431,0.681,96.994
245.660,-17.748,0.457,0.681,97.122
245.680,-14.209,0.467,0.681,97.297
245.700,-10.418,0.478,0.681,97.496
245.720,-6.492,0.481,0.681,97.715
245.740,-2.467,0.489,0.681,97.936
245.760,1.594,0.476,0.681,98.152
245.780,5.637,0.472,0.681,98.341
245.800,9.586,0.449,0.681,98.500
245.820,13.400,0.434,0.681,98.611
245.840,17.033,0.410,0.681,98.674
245.860,20.396,0.382,0.681,98.678
245.880,23.514,0.352,0.681,98.628
245.900,26.262,0.319,0.681,98.524
245.920,28.611,0.285,0.681,98.372
245.940,30.557,0.247,0.681,98.178
245.960,32.068,0.208,0.681,97.953
245.980,33.117,0.168,0.681,97.711
246.000,33.680,0.123,0.681,97.464
246.020,33.750,0.087,0.681,97.224
246.040,33.381,0.048,0.681,97.009
246.060,32.484,0.008,0.681,96.825
246.080,31.143,-0.025,0.681,96.603
246.100,29.332,-0.062,0.681,96.603
246.120,27.141,-0.089,0.681,96.579
246.140,24.516,-0.120,0.681,96.606
246.160,21.551,-0.140,0.681,96.699
246.180,18.281,-0.158,0.681,96.833
246.200,14.719,-0.175,0.681,97.016
246.220,10.975,-0.179,0.681,97.228
246.240,7.090,-0.186,0.681,97.465
246.260,3.070,-0.187,0.681,97.700
246.280,-0.973,-0.181,0.681,97.934
246.300,-5.004,-0.173,0.681,98.142
246.320,-8.994,-0.158,0.681,98.323
246.340,-12.809,-0.143,0.681,98.456
246.360,-16.441,-0.119,0.681,98.543
246.380,-19.857,-0.092,0.681,98.574
246.400,-22.957,-0.062,0.681,98.549
246.420,-25.723,-0.031,0.681,98.470
246.440,-28.107,0.007,0.681,98.342
246.460,-30.123,0.042,0.681,98.173
246.480,-31.664,0.078,0.681,97.973
246.500,-32.730,0.120,0.681,97.755
246.520,-33.281,0.159,0.681,97.532
246.540,-33.398,0.199,0.681,97.317
246.560,-33.047,0.242,0.681,97.123
246.580,-32.215,0.278,0.681,96.965
246.600,-30.891,0.314,0.681,96.849
246.620,-29.092,0.354,0.681,96.787
246.640,-26.900,0.378,0.681,96.781
246.660,-24.299,0.412,0.681,96.833
246.680,-21.334,0.430,0.681,96.939
246.700,-18.053,0.457,0.681,97.097
246.720,-14.520,0.465,0.681,97.299
246.740,-10.752,0.479,0.681,97.530
246.760,-6.832,0.484,0.681,97.782
246.780,-2.812,0.485,0.681,98.037
246.800,1.236,0.479,0.681,98.509
246.820,5.285,0.472,0.681,98.509
246.840,9.240,0.456,0.681,98.703
246.860,13.084,0.440,0.681,98.849
246.880,16.746,0.414,0.681,98.944
246.900,20.127,0.391,0.681,98.981
246.920,23.262,0.360,0.681,98.962
246.940,26.051,0.327,0.681,98.888
246.960,28.430,0.294,0.681,98.762
246.980,30.416,0.253,0.681,98.593
247.000,31.957,0.217,0.681,98.392
247.020,33.029,0.174,0.681,98.170
247.040,33.645,0.132,0.681,97.940
247.060,33.773,0.094,0.681,97.718
247.080,33.422,0.054,0.681,97.514
247.100,32.572,0.017,0.681,97.343
247.120,31.260,-0.021,0.681,97.215
247.140,29.484,-0.057,0.681,97.137
247.160,27.340,-0.084,0.681,97.114
247.180,24.732,-0.108,0.681,97.148
247.200,21.779,-0.130,0.681,97.235
247.220,18.545,-0.151,0.681,97.369
247.240,15.000,-0.168,0.681,97.545
247.260,11.268,-0.175,0.681,97.753
247.280,7.395,-0.186,0.681,97.979
247.300,3.369,-0.179,0.681,98.212
247.320,-0.668,-0.180,0.681,98.431
247.340,-4.717,-0.167,0.681,98.630
247.360,-8.707,-0.155,0.681,98.794
247.380,-12.539,-0.138,0.681,98.916
247.400,-16.178,-0.116,0.681,98.984
247.420,-19.605,-0.091,0.681,98.999
247.440,-22.764,-0.060,0.681,98.955
247.460,-25.553,-0.029,0.681,98.855
247.480,-27.955,0.005,0.681,98.705
247.500,-29.988,0.041,0.681,98.512
247.520,-31.564,0.081,0.681,98.287
247.540,-32.689,0.123,0.681,98.040
247.560,-33.299,0.162,0.681,97.787
247.580,-33.434,0.203,0.681,97.540
247.600,-33.111,0.244,0.681,97.313
247.620,-32.297,0.279,0.681,97.119
247.640,-31.025,0.317,0.681,96.967
247.660,-29.262,0.352,0.681,96.866
247.680,-27.082,0.379,0.681,96.820
247.700,-24.516,0.412,0.681,96.830
247.720,-21.557,0.429,0.681,96.897
247.740,-18.311,0.455,0.681,97.014
247.760,-14.801,0.469,0.681,97.175
247.780,-11.057,0.480,0.681,97.370
247.800,-7.131,0.485,0.681,97.584
247.820,-3.123,0.488,0.681,97.807
247.840,0.937,0.481,0.681,98.024
247.860,4.980,0.476,0.681,98.219
247.880,8.941,0.454,0.681,98.386
247.900,12.803,0.441,0.681,98.508
247.920,16.459,0.414,0.681,98.583
247.940,19.887,0.394,0.681,98.601
247.960,23.027,0.360,0.681,98.566
247.980,25.857,0.327,0.681,98.475
248.000,28.254,0.291,0.681,98.335
248.020,30.281,0.256,0.681,98.153
248.040,31.846,0.219,0.681,97.941
248.060,32.965,0.180,0.681,97.708
248.080,33.615,0.133,0.681,97.469
248.100,33.779,0.097,0.681,97.238
248.120,33.475,0.054,0.681,97.026
248.140,32.660,0.020,0.681,96.848
248.160,31.389,-0.022,0.681,96.713
248.180,29.643,-0.054,0.681,96.631
248.200,27.533,-0.087,0.681,96.606
248.220,24.955,-0.110,0.681,96.639
248.240,22.055,-0.134,0.681,96.730
248.260,18.826,-0.154,0.681,96.871
248.280,15.316,-0.169,0.681,97.057
248.300,11.590,-0.179,0.681,97.277
248.320,7.705,-0.188,0.681,97.521
248.340,3.721,-0.183,0.681,97.771
248.360,-0.316,-0.186,0.681,98.015
248.380,-4.365,-0.173,0.681,98.238
248.400,-8.361,-0.163,0.681,98.430
248.420,-12.217,-0.146,0.681,98.581
248.440,-15.867,-0.125,0.681,98.683
248.460,-19.318,-0.100,0.681,98.730
248.480,-22.500,-0.067,0.681,98.720
248.500,-25.301,-0.039,0.681,98.654
248.520,-27.762,-0.001,0.681,98.539
248.540,-29.812,0.035,0.681,98.380
248.560,-31.441,0.073,0.681,98.187
248.580,-32.566,0.112,0.681,97.973
248.600,-33.205,0.154,0.681,97.751
248.620,-33.422,0.191,0.681,97.535
248.640,-33.135,0.240,0.681,97.338
248.660,-32.379,0.271,0.677,97.172
248.680,-31.137,0.309,0.677,97.048
248.700,-29.408,0.343,0.677,96.973
248.720,-27.264,0.374,0.677,96.954
248.740,-24.732,0.404,0.677,96.992
248.760,-21.809,0.429,0.677,97.084
248.780,-18.568,0.449,0.677,97.229
248.800,-15.070,0.467,0.677,97.414
248.820,-11.361,0.476,0.677,97.632
248.840,-7.471,0.485,0.677,97.870
248.860,-3.445,0.485,0.677,98.116
248.880,0.609,0.481,0.677,98.354
248.900,4.652,0.472,0.677,98.571
248.920,8.625,0.457,0.677,98.756
248.940,12.486,0.443,0.677,98.897
248.960,16.172,0.416,0.677,98.988
248.980,19.611,0.395,0.677,99.020
249.000,22.775,0.363,0.677,98.998
249.020,25.629,0.333,0.677,98.917
249.040,28.078,0.294,0.677,98.785
249.060,30.129,0.256,0.677,98.608
249.080,31.740,0.216,0.677,98.397
249.100,32.895,0.178,0.677,98.163
249.120,33.580,0.138,0.677,97.920
249.140,33.785,0.096,0.677,97.681
249.160,33.516,0.055,0.677,97.460
249.180,32.742,0.018,0.677,97.269
249.200,31.500,-0.018,0.677,97.121
249.220,29.824,-0.050,0.677,97.020
249.240,27.721,-0.082,0.677,96.975
249.260,25.172,-0.111,0.677,96.985
249.280,22.283,-0.133,0.677,97.054
249.300,19.090,-0.154,0.677,97.170
249.320,15.592,-0.166,0.677,97.332
249.340,11.895,-0.178,0.677,97.525
249.360,8.004,-0.184,0.677,97.739
249.380,4.037,-0.183,0.677,97.961
249.400,-0.012,-0.181,0.677,98.177
249.420,-4.066,-0.171,0.677,98.374
249.440,-8.045,-0.160,0.677,98.541
249.460,-11.936,-0.145,0.677,98.665
249.480,-15.609,-0.120,0.677,98.742
249.500,-19.072,-0.099,0.677,98.763
249.520,-22.277,-0.066,0.677,98.729
249.540,-25.107,-0.037,0.677,98.640
249.560,-27.609,0.000,0.677,98.500
249.580,-29.695,0.033,0.677,98.317
249.600,-31.354,0.075,0.677,98.100
249.620,-32.537,0.115,0.677,97.861
249.640,-33.205,0.155,0.677,97.613
249.660,-33.445,0.196,0.677,97.371
249.680,-33.211,0.235,0.677,97.148
249.700,-32.502,0.271,0.677,96.956
249.720,-31.283,0.307,0.677,96.806
249.740,-29.584,0.346,0.677,96.705
249.760,-27.498,0.375,0.677,96.673
249.780,-24.979,0.406,0.677,96.673
249.800,-22.096,0.428,0.677,96.744
249.820,-18.879,0.451,0.677,96.868
249.840,-15.387,0.466,0.677,97.036
249.860,-11.684,0.483,0.677,97.241
249.880,-7.799,0.484,0.677,97.469
249.900,-3.797,0.489,0.678,97.707
249.920,0.258,0.483,0.678,97.941
249.940,4.312,0.477,0.678,98.157
249.960,8.285,0.461,0.678,98.344
249.980,12.170,0.446,0.678,98.490
250.000,15.873,0.422,0.678,98.589
250.020,19.342,0.400,0.678,98.632
250.040,22.535,0.367,0.678,98.621
250.060,25.412,0.339,0.678,98.555
250.080,27.885,0.302,0.678,98.438
250.100,29.971,0.266,0.678,98.277
250.120,31.617,0.224,0.678,98.081
250.140,32.824,0.182,0.678,97.863
250.160,33.545,0.145,0.678,97.636
250.180,33.779,0.104,0.678,97.414
250.200,33.551,0.066,0.678,97.210
250.220,32.818,0.026,0.678,97.035
250.240,31.623,-0.009,0.678,96.903
250.260,29.977,-0.046,0.678,96.819
250.280,27.920,-0.078,0.678,96.792
250.300,25.406,-0.101,0.678,96.821
250.320,22.529,-0.129,0.678,96.907
250.340,19.354,-0.149,0.678,97.046
250.360,15.902,-0.167,0.678,97.228
250.380,12.211,-0.175,0.678,97.447
250.400,8.338,-0.185,0.678,97.686
250.420,4.359,-0.183,0.678,97.935
250.440,0.322,-0.184,0.678,98.179
250.460,-3.732,-0.172,0.678,98.403
250.480,-7.723,-0.163,0.678,98.596
250.500,-11.607,-0.143,0.678,98.747
250.520,-15.305,-0.123,0.678,98.850
250.540,-18.797,-0.100,0.678,98.896
250.560,-22.014,-0.068,0.678,98.886
250.580,-24.879,-0.042,0.678,98.818
250.600,-27.404,-0.001,0.678,98.700
250.620,-29.520,0.029,0.678,98.536
250.640,-31.225,0.070,0.678,98.336
250.660,-32.437,0.107,0.678,98.112
250.680,-33.141,0.149,0.678,97.877
250.700,-33.428,0.188,0.678,97.645
250.720,-33.205,0.229,0.678,97.429
250.740,-32.531,0.266,0.678,97.242
250.760,-31.365,0.302,0.678,97.094
250.780,-29.701,0.341,0.678,96.994
250.800,-27.627,0.369,0.678,96.949
250.820,-25.137,0.402,0.678,96.958
250.840,-22.324,0.426,0.678,97.024
250.860,-19.125,0.447,0.678,97.141
250.880,-15.662,0.462,0.678,97.303
250.900,-11.971,0.476,0.678,97.499
250.920,-8.086,0.477,0.678,97.715
250.940,-4.102,0.485,0.678,97.941
250.960,-0.047,0.479,0.678,98.163
250.980,4.014,0.473,0.678,98.367
251.000,7.992,0.456,0.678,98.542
251.020,11.877,0.439,0.678,98.674
251.040,15.592,0.420,0.678,98.758
251.060,19.072,0.396,0.678,98.787
251.080,22.289,0.364,0.678,98.760
251.100,25.201,0.334,0.678,98.676
251.120,27.697,0.298,0.678,98.541
251.140,29.830,0.264,0.678,98.360
251.160,31.506,0.223,0.678,98.145
251.180,32.748,0.181,0.678,97.905
251.200,33.516,0.140,0.678,97.654
251.220,33.791,0.101,0.678,97.407
251.240,33.586,0.062,0.678,97.177
251.260,32.895,0.024,0.678,96.975
251.280,31.740,-0.014,0.678,96.814
251.300,30.117,-0.046,0.678,96.702
251.320,28.084,-0.083,0.678,96.645
251.340,25.623,-0.103,0.678,96.648
251.360,22.781,-0.133,0.678,96.819
251.380,19.629,-0.148,0.678,96.819
251.400,16.195,-0.168,0.678,96.975
251.420,12.521,-0.179,0.678,97.171
251.440,8.684,-0.186,0.678,97.390
251.460,4.705,-0.185,0.678,97.621
251.480,0.656,-0.184,0.678,97.848
251.500,-3.393,-0.175,0.678,98.059
251.520,-7.400,-0.166,0.678,98.244
251.540,-11.279,-0.150,0.678,98.388
251.560,-15.006,-0.129,0.678,98.488
251.580,-18.521,-0.106,0.678,98.534
251.600,-21.744,-0.075,0.678,98.525
251.620,-24.662,-0.045,0.678,98.460
251.640,-27.199,-0.008,0.678,98.344
251.660,-29.350,0.025,0.678,98.183
251.680,-31.113,0.068,0.678,97.988
251.700,-32.355,0.102,0.678,97.769
251.720,-33.146,0.147,0.678,97.540
251.740,-33.434,0.182,0.678,97.314
251.760,-33.246,0.226,0.678,97.105
251.780,-32.631,0.261,0.678,96.927
251.800,-31.482,0.302,0.678,96.787
251.820,-29.895,0.335,0.678,96.698
251.840,-27.855,0.373,0.678,96.664
251.860,-25.400,0.398,0.678,96.690
251.880,-22.570,0.426,0.678,96.772
251.900,-19.389,0.447,0.678,96.908
251.920,-15.979,0.464,0.678,97.091
251.940,-12.293,0.474,0.678,97.311
251.960,-8.426,0.481,0.678,97.553
251.980,-4.424,0.485,0.678,97.807
252.000,-0.387,0.481,0.678,98.059
252.020,3.668,0.476,0.678,98.294
252.040,7.664,0.462,0.678,98.503
252.060,11.561,0.447,0.678,98.669
252.080,15.299,0.429,0.678,98.789
252.100,18.797,0.399,0.678,98.854
252.120,22.031,0.372,0.678,98.861
252.140,24.996,0.343,0.678,98.811
252.160,27.521,0.307,0.678,98.710
252.180,29.678,0.267,0.678,98.561
252.200,31.389,0.230,0.678,98.375
252.220,32.672,0.190,0.678,98.164
252.240,33.469,0.150,0.678,97.941
252.260,33.791,0.107,0.678,97.719
252.280,33.627,0.070,0.678,97.511
252.300,32.965,0.027,0.678,97.331
252.320,31.852,-0.003,0.678,97.191
252.340,30.258,-0.042,0.678,97.096
252.360,28.266,-0.073,0.678,97.056
252.380,25.834,-0.100,0.678,97.072
252.400,23.021,-0.125,0.678,97.144
252.420,19.887,-0.142,0.678,97.267
252.440,16.471,-0.163,0.678,97.436
252.460,12.797,-0.171,0.678,97.639
252.480,8.971,-0.181,0.678,97.865
252.500,5.010,-0.183,0.678,98.101
252.520,0.973,-0.180,0.678,98.334
252.540,-3.070,-0.173,0.678,98.548
252.560,-7.090,-0.162,0.678,98.734
252.580,-11.010,-0.144,0.678,98.878
252.600,-14.725,-0.126,0.678,98.974
252.620,-18.246,-0.101,0.678,99.015
252.640,-21.516,-0.070,0.678,99.000
252.660,-24.469,-0.044,0.678,98.926
252.680,-27.012,-0.000,0.678,98.801
252.700,-29.191,0.028,0.678,98.627
252.720,-30.979,0.067,0.678,98.417
252.740,-32.256,0.103,0.678,98.182
252.760,-33.100,0.148,0.678,97.933
252.780,-33.410,0.187,0.678,97.686
252.800,-33.281,0.226,0.678,97.453
252.820,-32.666,0.265,0.678,97.246
252.840,-31.564,0.298,0.678,97.079
252.860,-30.029,0.336,0.678,96.959
252.880,-28.008,0.366,0.678,96.891
252.900,-25.594,0.397,0.678,96.881
252.920,-22.805,0.422,0.678,96.928
252.940,-19.635,0.443,0.678,97.028
252.960,-16.236,0.464,0.678,97.173
252.980,-12.586,0.472,0.678,97.358
253.000,-8.730,0.481,0.678,97.566
253.020,-4.734,0.485,0.678,97.788
253.040,-0.697,0.482,0.678,98.007
253.060,3.357,0.477,0.678,98.392
253.080,7.359,0.462,0.678,98.392
253.100,11.256,0.446,0.678,98.532
253.120,15.023,0.430,0.678,98.626
253.140,18.539,0.399,0.678,98.667
253.160,21.791,0.373,0.678,98.653
253.180,24.773,0.337,0.678,98.582
253.200,27.322,0.310,0.678,98.461
253.220,29.525,0.268,0.678,98.294
253.240,31.266,0.230,0.678,98.091
253.260,32.590,0.194,0.678,97.863
253.280,33.422,0.146,0.678,97.624
253.300,33.779,0.113,0.678,97.386
253.320,33.650,0.066,0.675,97.162
253.340,33.035,0.032,0.675,96.968
253.360,31.969,-0.007,0.675,96.814
253.380,30.398,-0.041,0.675,96.708
253.400,28.430,-0.075,0.675,96.658
253.420,26.045,-0.101,0.675,96.667
253.440,23.268,-0.128,0.675,96.734
253.460,20.168,-0.148,0.675,96.855
253.480,16.775,-0.168,0.675,97.231
253.500,13.102,-0.179,0.675,97.231
253.520,9.293,-0.184,0.675,97.467
253.540,5.344,-0.191,0.680,97.714
253.560,1.318,-0.184,0.680,97.964
253.580,-2.713,-0.181,0.680,98.196
253.600,-6.756,-0.166,0.680,98.403
253.620,-10.664,-0.152,0.680,98.571
253.640,-14.420,-0.135,0.680,98.694
253.660,-17.953,-0.106,0.680,98.765
253.680,-21.223,-0.085,0.680,98.737
253.700,-24.199,-0.046,0.680,98.737
253.720,-26.801,-0.019,0.680,98.642
253.740,-29.045,0.022,0.680,98.502
253.760,-30.838,0.054,0.680,98.323
253.780,-32.162,0.098,0.680,98.119
253.800,-33.029,0.139,0.680,97.901
253.820,-33.357,0.178,0.680,97.684
253.840,-33.305,0.219,0.680,97.481
253.860,-32.736,0.256,0.680,97.305
253.880,-31.676,0.293,0.680,97.167
253.900,-30.146,0.330,0.680,97.076
253.920,-28.166,0.365,0.680,97.037
253.940,-25.805,0.392,0.680,97.058
253.960,-23.039,0.423,0.680,97.132
253.980,-19.904,0.438,0.680,97.263
254.000,-16.506,0.466,0.680,97.437
254.020,-12.879,0.468,0.680,97.653
254.040,-9.053,0.489,0.680,97.887
254.060,-5.080,0.484,0.680,98.141
254.080,-1.020,0.485,0.680,98.388
254.100,3.035,0.473,0.680,98.622
254.120,7.043,0.465,0.680,98.826
254.140,10.945,0.446,0.680,98.992
254.160,14.725,0.430,0.680,99.109
254.180,18.258,0.399,0.680,99.172
254.200,21.533,0.377,0.680,99.176
254.220,24.533,0.340,0.680,99.123
254.240,27.135,0.309,0.680,99.016
254.260,29.361,0.273,0.680,98.860
254.280,31.143,0.233,0.680,98.666
254.300,32.496,0.194,0.680,98.444
254.320,33.375,0.150,0.680,98.207
254.340,33.773,0.115,0.680,97.970
254.360,33.674,0.071,0.680,97.743
254.380,33.100,0.035,0.680,97.543
254.400,32.074,-0.006,0.680,97.380
254.420,30.545,-0.036,0.680,97.264
254.440,28.617,-0.072,0.680,97.199
254.460,26.256,-0.096,0.680,97.192
254.480,23.490,-0.126,0.680,97.239
254.500,20.402,-0.145,0.680,97.342
254.520,17.045,-0.162,0.680,97.488
254.540,13.395,-0.174,0.680,97.671
254.560,9.609,-0.181,0.680,97.880
254.580,5.643,-0.183,0.680,98.101
254.600,1.623,-0.183,0.680,98.321
254.620,-2.432,-0.178,0.680,98.527
254.640,-6.451,-0.166,0.680,98.707
254.660,-10.400,-0.150,0.680,98.850
254.680,-14.150,-0.131,0.680,98.944
254.700,-17.730,-0.108,0.680,98.986
254.720,-21.018,-0.079,0.680,98.973
254.740,-24.012,-0.049,0.680,98.903
254.760,-26.631,-0.017,0.680,98.779
254.780,-28.910,0.022,0.680,98.609
254.800,-30.744,0.059,0.680,98.401
254.820,-32.104,0.098,0.680,98.166
254.840,-33.023,0.139,0.680,97.917
254.860,-33.387,0.174,0.680,97.667
254.880,-33.357,0.224,0.680,97.431
254.900,-32.848,0.255,0.679,97.221
254.920,-31.828,0.296,0.679,97.049
254.940,-30.316,0.331,0.679,96.923
254.960,-28.359,0.368,0.679,96.852
254.980,-26.021,0.393,0.679,96.839
255.000,-23.279,0.427,0.679,96.881
255.020,-20.203,0.439,0.679,96.983
255.040,-16.822,0.468,0.679,97.127
255.060,-13.201,0.472,0.679,97.316
255.080,-9.387,0.492,0.682,97.530
255.100,-5.408,0.486,0.682,97.763
255.120,-1.359,0.489,0.682,97.994
255.140,2.684,0.480,0.682,98.215
255.160,6.709,0.474,0.682,98.409
255.180,10.629,0.450,0.682,98.571
255.200,14.426,0.439,0.682,98.684
255.220,17.977,0.404,0.682,98.747
255.240,21.293,0.386,0.682,98.753
255.260,24.316,0.344,0.682,98.704
255.280,26.936,0.321,0.682,98.602
255.300,29.191,0.278,0.682,98.455
255.320,31.014,0.244,0.682,98.269
255.340,32.414,0.199,0.682,98.056
255.360,33.311,0.158,0.682,97.830
255.380,33.762,0.122,0.682,97.602
255.400,33.697,0.077,0.682,97.388
255.420,33.164,0.041,0.682,97.199
255.440,32.168,0.000,0.682,97.048
255.460,30.703,-0.029,0.682,96.944
255.480,28.787,-0.071,0.682,96.892
255.500,26.467,-0.091,0.682,96.901
255.520,23.736,-0.124,0.682,96.963
255.540,20.678,-0.141,0.682,97.085
255.560,17.326,-0.163,0.682,97.250
255.580,13.699,-0.173,0.682,97.457
255.600,9.932,-0.184,0.682,97.690
255.620,5.977,-0.182,0.682,97.939
255.640,1.963,-0.185,0.682,98.187
255.660,-2.092,-0.178,0.682,98.422
255.680,-6.111,-0.169,0.682,98.630
255.700,-10.055,-0.151,0.682,98.804
255.720,-13.834,-0.132,0.682,98.928
255.740,-17.396,-0.112,0.682,98.999
255.760,-20.742,-0.084,0.682,99.014
255.780,-23.766,-0.054,0.682,98.973
255.800,-26.408,-0.019,0.682,98.877
255.820,-28.705,0.014,0.682,98.732
255.840,-30.586,0.053,0.682,98.548
255.860,-31.998,0.092,0.682,98.334
255.880,-32.941,0.135,0.682,98.104
255.900,-33.340,0.169,0.682,97.872
255.920,-33.352,0.215,0.682,97.650
255.940,-32.848,0.248,0.682,97.453
255.960,-31.875,0.289,0.682,97.290
255.980,-30.422,0.324,0.682,97.172
256.000,-28.512,0.359,0.682,97.106
256.020,-26.186,0.387,0.682,97.096
256.040,-23.473,0.414,0.682,97.140
256.060,-20.443,0.436,0.682,97.239
256.080,-17.080,0.458,0.682,97.384
256.100,-13.488,0.464,0.682,97.568
256.120,-9.668,0.479,0.682,97.777
256.140,-5.707,0.478,0.682,98.000
256.160,-1.676,0.485,0.682,98.223
256.180,2.385,0.476,0.682,98.435
256.200,6.410,0.464,0.682,98.620
256.220,10.324,0.446,0.682,98.769
256.240,14.133,0.432,0.682,98.869
256.260,17.707,0.406,0.682,98.921
256.280,21.029,0.380,0.682,98.912
256.300,24.088,0.344,0.682,98.849
256.320,26.742,0.315,0.682,98.729
256.340,29.021,0.278,0.682,98.563
256.360,30.885,0.240,0.682,98.357
256.380,32.314,0.200,0.682,98.121
256.400,33.264,0.157,0.682,97.870
256.420,33.738,0.120,0.682,97.615
256.440,33.709,0.078,0.682,97.371
256.460,33.246,0.044,0.682,97.151
256.480,32.250,-0.003,0.682,96.967
256.500,30.832,-0.029,0.682,96.830
256.520,28.945,-0.071,0.682,96.743
256.540,26.666,-0.094,0.682,96.718
256.560,23.965,-0.122,0.682,96.745
256.580,20.930,-0.144,0.682,96.832
256.600,17.619,-0.158,0.682,96.963
256.620,14.016,-0.178,0.682,97.139
256.640,10.230,-0.184,0.682,97.343
256.660,6.316,-0.185,0.682,97.564
256.680,2.297,-0.187,0.682,97.784
256.700,-1.775,-0.181,0.682,97.998
256.720,-5.777,-0.170,0.682,98.186
256.740,-9.750,-0.160,0.682,98.341
256.760,-13.547,-0.136,0.682,98.451
256.780,-17.121,-0.118,0.682,98.511
256.800,-20.496,-0.087,0.682,98.516
256.820,-23.543,-0.058,0.682,98.465
256.840,-26.238,-0.025,0.682,98.362
256.860,-28.564,0.013,0.682,98.212
256.880,-30.469,0.050,0.682,98.022
256.900,-31.916,0.089,0.682,97.804
256.920,-32.895,0.131,0.682,97.571
256.940,-33.369,0.167,0.682,97.336
256.960,-33.393,0.214,0.682,97.113
256.980,-32.953,0.247,0.682,96.915
257.000,-32.033,0.289,0.682,96.752
257.020,-30.598,0.323,0.682,96.637
257.040,-28.723,0.360,0.682,96.574
257.060,-26.432,0.386,0.682,96.571
257.080,-23.760,0.417,0.682,96.624
257.100,-20.713,0.435,0.682,96.735
257.120,-17.367,0.460,0.682,96.893
257.140,-13.822,0.468,0.682,97.095
257.160,-10.002,0.485,0.682,97.323
257.180,-6.053,0.482,0.682,97.573
257.200,-2.021,0.490,0.682,97.824
257.220,2.039,0.475,0.682,98.068
257.240,6.053,0.476,0.682,98.283
257.260,9.990,0.451,0.682,98.469
257.280,13.822,0.437,0.682,98.606
257.300,17.426,0.410,0.682,98.693
257.320,20.777,0.385,0.682,98.722
257.340,23.842,0.352,0.682,98.696
257.360,26.531,0.321,0.682,98.614
257.380,28.852,0.282,0.682,98.483
257.400,30.756,0.248,0.682,98.312
257.420,32.215,0.207,0.682,98.111
257.440,33.199,0.167,0.682,97.892
257.460,33.715,0.126,0.682,97.669
257.480,33.738,0.083,0.682,97.456
257.500,33.311,0.045,0.682,97.265
257.520,32.355,0.005,0.682,97.109
257.540,30.961,-0.026,0.682,97.000
257.560,29.104,-0.063,0.682,96.940
257.580,26.865,-0.088,0.682,96.939
257.600,24.176,-0.117,0.682,96.990
257.620,21.193,-0.134,0.682,97.100
257.640,17.883,-0.156,0.682,97.252
257.660,14.297,-0.168,0.682,97.450
257.680,10.535,-0.178,0.682,97.671
257.700,6.604,-0.182,0.682,97.911
257.720,2.602,-0.184,0.682,98.150
257.740,-1.436,-0.176,0.682,98.382
257.760,-5.467,-0.168,0.682,98.584
257.780,-9.451,-0.151,0.682,98.754
257.800,-13.242,-0.133,0.682,98.873
257.820,-16.840,-0.112,0.682,98.943
257.840,-20.227,-0.083,0.682,98.954
257.860,-23.291,-0.055,0.682,98.909
257.880,-26.045,-0.020,0.682,98.808
257.900,-28.383,0.016,0.682,98.658
257.920,-30.316,0.049,0.682,98.466
257.940,-31.799,0.087,0.682,98.244
257.960,-32.801,0.128,0.682,98.004
257.980,-33.340,0.168,0.682,97.759
258.000,-33.416,0.208,0.682,97.522
258.020,-32.977,0.243,0.682,97.308
258.040,-32.074,0.286,0.682,97.126
258.060,-30.697,0.320,0.682,96.991
258.080,-28.863,0.358,0.682,96.905
258.100,-26.602,0.387,0.682,96.878
258.120,-23.971,0.414,0.682,96.905
258.140,-20.953,0.435,0.682,96.989
258.160,-17.625,0.456,0.682,97.119
258.180,-14.104,0.468,0.682,97.293
258.200,-10.301,0.483,0.682,97.492
258.220,-6.363,0.484,0.682,97.714
258.240,-2.338,0.486,0.682,97.937
258.260,1.729,0.477,0.682,98.153
258.280,5.748,0.472,0.682,98.343
258.300,9.697,0.449,0.682,98.501
258.320,13.523,0.438,0.682,98.614
258.340,17.145,0.410,0.682,98.678
258.360,20.508,0.385,0.682,98.686
258.380,23.607,0.352,0.682,98.638
258.400,26.332,0.321,0.682,98.537
258.420,28.687,0.284,0.682,98.387
258.440,30.621,0.248,0.682,98.196
258.460,32.104,0.204,0.682,97.975
258.480,33.135,0.165,0.682,97.738
258.500,33.697,0.124,0.682,97.496
258.520,33.756,0.084,0.682,97.264
258.540,33.357,0.043,0.679,97.055
258.560,32.449,0.006,0.679,96.882
258.580,31.096,-0.027,0.679,96.754
258.600,29.262,-0.068,0.679,96.678
258.620,27.064,-0.091,0.679,96.662
258.640,24.428,-0.124,0.679,96.702
258.660,21.439,-0.140,0.679,96.802
258.680,18.176,-0.163,0.679,96.948
258.700,14.607,-0.175,0.679,97.140
258.720,10.846,-0.183,0.679,97.362
258.740,6.949,-0.189,0.681,97.605
258.760,2.947,-0.189,0.681,97.853
258.780,-1.102,-0.183,0.681,98.091
258.800,-5.133,-0.174,0.681,98.307
258.820,-9.111,-0.158,0.681,98.492
258.840,-12.937,-0.144,0.681,98.633
258.860,-16.553,-0.123,0.681,98.725
258.880,-19.963,-0.090,0.681,98.761
258.900,-23.045,-0.065,0.681,98.740
258.920,-25.805,-0.028,0.681,98.666
258.940,-28.189,0.003,0.681,98.542
258.960,-30.176,0.043,0.681,98.378
258.980,-31.682,0.082,0.681,98.183
259.000,-32.760,0.122,0.681,97.969
259.020,-33.293,0.164,0.681,97.751
259.040,-33.398,0.203,0.681,97.541
259.060,-33.035,0.243,0.681,97.354
259.080,-32.174,0.282,0.681,97.199
259.100,-30.826,0.311,0.681,97.091
259.120,-29.016,0.354,0.681,97.031
259.140,-26.783,0.379,0.681,97.031
259.160,-24.187,0.412,0.681,97.086
259.180,-21.211,0.431,0.681,97.196
259.200,-17.924,0.452,0.681,97.357
259.220,-14.385,0.466,0.681,97.558
259.240,-10.605,0.477,0.681,97.789
259.260,-6.686,0.482,0.681,98.038
259.280,-2.660,0.484,0.681,98.291
259.300,1.383,0.474,0.681,98.535
259.320,5.432,0.469,0.681,98.755
259.340,9.381,0.450,0.681,98.940
259.360,13.225,0.436,0.681,99.080
259.380,16.857,0.410,0.681,99.169
259.400,20.250,0.386,0.681,99.199
259.420,23.355,0.357,0.681,99.172
259.440,26.127,0.321,0.681,99.089
259.460,28.500,0.289,0.681,98.955
259.480,30.475,0.248,0.681,98.778
259.500,32.004,0.210,0.681,98.568
259.520,33.076,0.170,0.681,98.339
259.540,33.668,0.128,0.681,98.102
259.560,33.779,0.090,0.681,97.872
259.580,33.410,0.053,0.681,97.662
259.600,32.525,0.009,0.681,97.484
259.620,31.219,-0.019,0.681,97.350
259.640,29.437,-0.063,0.681,97.264
259.660,27.264,-0.083,0.681,97.237
259.680,24.656,-0.117,0.681,97.260
259.700,21.697,-0.134,0.681,97.344
259.720,18.434,-0.155,0.681,97.471
259.740,14.906,-0.169,0.681,97.643
259.760,11.162,-0.180,0.681,97.842
259.780,7.266,-0.188,0.681,98.063
259.800,3.258,-0.183,0.681,98.285
259.820,-0.797,-0.180,0.681,98.501
259.840,-4.834,-0.170,0.681,98.690
259.860,-8.812,-0.158,0.681,98.848
259.880,-12.645,-0.139,0.681,98.962
259.900,-16.312,-0.117,0.681,99.024
259.920,-19.723,-0.088,0.681,99.031
259.940,-22.852,-0.062,0.681,98.981
259.960,-25.623,-0.027,0.681,98.877
259.980,-28.043,0.007,0.681,98.723
260.000,-30.064,0.045,0.681,98.527
260.020,-31.629,0.082,0.681,98.299
260.040,-32.701,0.122,0.681,98.052
260.060,-33.293,0.165,0.681,97.799
260.080,-33.422,0.203,0.679,97.554
260.100,-33.105,0.244,0.679,97.331
260.120,-32.291,0.282,0.679,97.140
260.140,-31.008,0.315,0.679,96.993
260.160,-29.215,0.356,0.679,96.897
260.180,-27.012,0.379,0.679,96.859
260.200,-24.439,0.414,0.679,96.875
260.220,-21.475,0.434,0.679,96.952
260.240,-18.217,0.456,0.679,97.077
260.260,-14.689,0.470,0.679,97.247
260.280,-10.934,0.484,0.679,97.450
260.300,-7.014,0.487,0.679,97.676
260.320,-2.988,0.487,0.679,97.907
260.340,1.072,0.481,0.679,98.132
260.360,5.115,0.477,0.679,98.335
260.380,9.064,0.458,0.679,98.509
260.400,12.932,0.443,0.679,98.641
260.420,16.582,0.418,0.679,98.723
260.440,19.992,0.394,0.679,98.751
260.460,23.133,0.357,0.679,98.724
260.480,25.922,0.327,0.679,98.641
260.500,28.336,0.292,0.679,98.511
260.520,30.322,0.255,0.679,98.339
260.540,31.898,0.215,0.679,98.136
260.560,33.006,0.178,0.679,97.913
260.580,33.645,0.130,0.679,97.684
260.600,33.785,0.091,0.679,97.463
260.620,33.445,0.052,0.679,97.263
260.640,32.619,0.019,0.679,97.096
260.660,31.336,-0.021,0.679,96.973
260.680,29.602,-0.058,0.679,96.902
260.700,27.457,-0.087,0.679,96.889
260.720,24.873,-0.112,0.679,96.933
260.740,21.943,-0.133,0.679,97.033
260.760,18.721,-0.155,0.679,97.183
260.780,15.199,-0.170,0.679,97.379
260.800,11.467,-0.179,0.679,97.605
260.820,7.588,-0.186,0.679,97.853
260.840,3.598,-0.183,0.679,98.106
260.860,-0.457,-0.183,0.679,98.352
260.880,-4.494,-0.172,0.679,98.576
260.900,-8.484,-0.162,0.679,98.769
260.920,-12.328,-0.142,0.679,98.918
260.940,-15.984,-0.124,0.679,99.016
260.960,-19.424,-0.096,0.679,99.059
260.980,-22.594,-0.069,0.679,99.045
261.000,-25.395,-0.033,0.679,98.975
261.020,-27.826,-0.000,0.679,98.854
261.040,-29.877,0.035,0.679,98.491
261.060,-31.459,0.075,0.679,98.491
261.080,-32.607,0.115,0.679,98.271
261.100,-33.240,0.154,0.679,98.043
261.120,-33.404,0.193,0.679,97.820
261.140,-33.105,0.237,0.679,97.617
261.160,-32.314,0.270,0.679,97.444
261.180,-31.061,0.310,0.679,97.314
261.200,-29.332,0.348,0.679,97.232
261.220,-27.170,0.370,0.679,97.207
261.240,-24.633,0.406,0.679,97.234
261.260,-21.703,0.426,0.679,97.319
261.280,-18.463,0.447,0.679,97.452
261.300,-14.959,0.461,0.679,97.626
261.320,-11.215,0.476,0.679,97.831
261.340,-7.330,0.480,0.679,98.057
261.360,-3.299,0.483,0.679,98.511
261.380,0.744,0.479,0.679,98.511
261.400,4.799,0.473,0.679,98.713
261.420,8.754,0.455,0.679,98.885
261.440,12.627,0.439,0.679,99.011
261.460,16.295,0.417,0.679,99.086
261.480,19.734,0.389,0.679,99.105
261.500,22.887,0.358,0.679,99.066
261.520,25.723,0.327,0.679,98.971
261.540,28.148,0.293,0.679,98.825
261.560,30.182,0.253,0.679,98.635
261.580,31.787,0.218,0.679,98.412
261.600,32.947,0.175,0.679,98.167
261.620,33.609,0.134,0.679,97.665
261.640,33.791,0.095,0.679,97.435
261.660,33.492,0.055,0.679,97.435
261.680,32.713,0.016,0.679,97.235
261.700,31.465,-0.020,0.679,97.080
261.720,29.754,-0.054,0.679,96.972
261.740,27.645,-0.085,0.679,96.922
261.760,25.090,-0.113,0.679,96.927
261.780,22.195,-0.134,0.679,96.990
261.800,18.990,-0.158,0.679,97.102
261.820,15.469,-0.168,0.679,97.260
261.840,11.766,-0.181,0.679,97.449
261.860,7.898,-0.187,0.679,97.661
261.880,3.908,-0.185,0.679,97.879
261.900,-0.135,-0.188,0.679,98.092
261.920,-4.184,-0.174,0.679,98.287
261.940,-8.180,-0.165,0.679,98.452
261.960,-12.029,-0.149,0.679,98.576
261.980,-15.721,-0.124,0.679,98.652
262.000,-19.184,-0.097,0.679,98.674
262.020,-22.365,-0.067,0.679,98.639
262.040,-25.201,-0.035,0.679,98.550
262.060,-27.686,-0.001,0.679,98.411
262.080,-29.771,0.037,0.679,98.230
262.100,-31.406,0.074,0.679,98.016
262.120,-32.578,0.112,0.679,97.781
262.140,-33.234,0.156,0.679,97.538
262.160,-33.434,0.196,0.679,97.302
262.180,-33.217,0.236,0.679,97.086
262.200,-32.461,0.275,0.676,96.900
262.220,-31.236,0.309,0.676,96.760
262.240,-29.520,0.347,0.676,96.667
262.260,-27.416,0.375,0.676,96.634
262.280,-24.879,0.411,0.676,96.656
262.300,-21.973,0.427,0.676,96.739
262.320,-18.756,0.452,0.676,96.872
262.340,-15.270,0.465,0.676,97.052
262.360,-11.566,0.481,0.676,97.267
262.380,-7.664,0.481,0.676,97.505
262.400,-3.656,0.488,0.677,97.749
262.420,0.404,0.484,0.677,97.992
262.440,4.447,0.475,0.677,98.216
262.460,8.437,0.460,0.677,98.410
262.480,12.299,0.443,0.677,98.563
262.500,16.002,0.424,0.677,98.666
262.520,19.453,0.397,0.677,98.717
262.540,22.635,0.365,0.677,98.710
262.560,25.518,0.336,0.677,98.647
262.580,27.973,0.299,0.677,98.534
262.600,30.035,0.263,0.677,98.377
262.620,31.664,0.223,0.677,98.186
262.640,32.859,0.182,0.677,97.972
262.660,33.562,0.141,0.677,97.750
262.680,33.797,0.100,0.677,97.532
262.700,33.539,0.061,0.677,97.332
262.720,32.795,0.026,0.677,97.162
262.740,31.582,-0.012,0.677,97.034
262.760,29.906,-0.046,0.677,96.955
262.780,27.826,-0.077,0.677,96.932
262.800,25.312,-0.107,0.677,96.965
262.820,22.430,-0.129,0.677,97.055
262.840,19.266,-0.149,0.677,97.196
262.860,15.785,-0.166,0.677,97.381
262.880,12.076,-0.177,0.677,97.599
262.900,8.215,-0.179,0.677,97.838
262.920,4.236,-0.183,0.677,98.082
262.940,0.193,-0.184,0.677,98.323
262.960,-3.855,-0.173,0.677,98.544
262.980,-7.840,-0.159,0.677,98.734
263.000,-11.725,-0.144,0.677,98.880
263.020,-15.422,-0.123,0.677,98.977
263.040,-18.896,-0.101,0.677,99.016
263.060,-22.090,-0.067,0.677,99.000
263.080,-24.967,-0.040,0.677,98.925
263.100,-27.475,0.002,0.677,98.799
263.120,-29.596,0.032,0.677,98.627
263.140,-31.260,0.070,0.677,98.421
263.160,-32.449,0.111,0.677,98.190
263.180,-33.164,0.150,0.677,97.949
263.200,-33.434,0.190,0.677,97.712
263.220,-33.205,0.232,0.677,97.490
263.240,-32.508,0.266,0.677,97.298
263.260,-31.324,0.305,0.677,97.146
263.280,-29.637,0.339,0.677,97.043
263.300,-27.562,0.370,0.677,96.992
263.320,-25.066,0.402,0.677,96.997
263.340,-22.230,0.423,0.677,97.059
263.360,-19.020,0.447,0.677,97.171
263.380,-15.545,0.463,0.677,97.327
263.400,-11.836,0.478,0.677,97.518
263.420,-7.969,0.482,0.677,97.731
263.440,-3.979,0.485,0.677,97.953
263.460,0.082,0.481,0.677,98.170
263.480,4.148,0.471,0.677,98.369
263.500,8.121,0.456,0.677,98.537
263.520,12.012,0.441,0.677,98.665
263.540,15.721,0.422,0.677,98.744
263.560,19.189,0.395,0.677,98.770
263.580,22.400,0.365,0.677,98.739
263.600,25.295,0.336,0.677,98.652
263.620,27.785,0.298,0.677,98.515
263.640,29.900,0.261,0.677,98.333
263.660,31.559,0.222,0.677,98.116
263.680,32.789,0.181,0.677,97.876
263.700,33.521,0.141,0.677,97.626
263.720,33.791,0.100,0.677,97.380
263.740,33.580,0.061,0.677,97.152
263.760,32.871,0.023,0.676,96.953
263.780,31.687,-0.017,0.676,96.797
263.800,30.047,-0.051,0.676,96.688
263.820,28.008,-0.086,0.676,96.638
263.840,25.535,-0.106,0.676,96.646
263.860,22.693,-0.136,0.676,96.709
263.880,19.523,-0.154,0.676,96.826
263.900,16.072,-0.172,0.676,96.990
263.920,12.398,-0.180,0.676,97.191
263.940,8.537,-0.184,0.676,97.416
263.960,4.553,-0.187,0.676,97.650
263.980,0.516,-0.184,0.676,97.884
264.000,-3.521,-0.177,0.676,98.100
264.020,-7.506,-0.166,0.676,98.288
264.040,-11.420,-0.149,0.676,98.438
264.060,-15.123,-0.128,0.676,98.539
264.080,-18.627,-0.105,0.676,98.587
264.100,-21.855,-0.073,0.676,98.580
264.120,-24.732,-0.045,0.676,98.518
264.140,-27.270,-0.005,0.676,98.405
264.160,-29.408,0.027,0.676,98.248
264.180,-31.160,0.067,0.676,98.056
264.200,-32.385,0.102,0.676,97.841
264.220,-33.135,0.147,0.676,97.616
264.240,-33.404,0.184,0.676,97.394
264.260,-33.223,0.229,0.676,97.190
264.280,-32.584,0.266,0.676,97.015
264.300,-31.436,0.302,0.676,96.882
264.320,-29.807,0.337,0.676,96.797
264.340,-27.738,0.370,0.676,96.768
264.360,-25.283,0.398,0.676,96.797
264.380,-22.471,0.424,0.676,96.883
264.400,-19.289,0.446,0.676,97.021
264.420,-15.850,0.461,0.676,97.205
264.440,-12.164,0.472,0.676,97.425
264.460,-8.285,0.480,0.676,97.667
264.480,-4.295,0.487,0.676,97.922
264.500,-0.252,0.481,0.676,98.174
264.520,3.803,0.471,0.676,98.408
264.540,7.799,0.461,0.676,98.612
264.560,11.678,0.443,0.676,98.776
264.580,15.416,0.426,0.676,98.889
264.600,18.914,0.398,0.676,98.949
264.620,22.137,0.369,0.676,98.950
264.640,25.072,0.339,0.676,98.895
264.660,27.592,0.304,0.676,98.786
264.680,29.736,0.267,0.676,98.632
264.700,31.430,0.228,0.676,98.441
264.720,32.701,0.189,0.676,98.225
264.740,33.486,0.145,0.676,97.997
264.760,33.803,0.107,0.676,97.770
264.780,33.615,0.071,0.676,97.559
264.800,32.953,0.030,0.676,97.374
264.820,31.805,-0.009,0.676,97.229
264.840,30.187,-0.040,0.676,97.131
264.860,28.195,-0.079,0.676,97.089
264.880,25.740,-0.098,0.676,97.102
264.900,22.922,-0.129,0.676,97.169
264.920,19.781,-0.147,0.676,97.289
264.940,16.359,-0.163,0.676,97.455
264.960,12.674,-0.174,0.676,97.652
264.980,8.842,-0.183,0.676,97.874
265.000,4.881,-0.183,0.676,98.107
265.020,0.850,-0.185,0.676,98.334
265.040,-3.211,-0.171,0.676,98.545
265.060,-7.219,-0.166,0.676,98.723
265.080,-11.127,-0.145,0.676,98.865
265.100,-14.842,-0.125,0.676,98.956
265.120,-18.375,-0.101,0.676,98.991
265.140,-21.645,-0.071,0.676,98.971
265.160,-24.557,-0.043,0.676,98.893
265.180,-27.105,-0.004,0.676,98.764
265.200,-29.285,0.025,0.676,98.587
265.220,-31.037,0.071,0.676,98.375
265.240,-32.320,0.103,0.676,98.137
265.260,-33.129,0.150,0.676,97.887
265.280,-33.404,0.186,0.676,97.639
265.300,-33.287,0.228,0.676,97.406
265.320,-32.672,0.266,0.676,97.201
265.340,-31.547,0.305,0.676,97.035
265.360,-29.982,0.340,0.676,96.918
265.380,-27.926,0.371,0.676,96.855
265.400,-25.506,0.400,0.676,96.849
265.420,-22.717,0.427,0.676,96.900
265.440,-19.541,0.445,0.676,97.005
265.460,-16.143,0.463,0.676,97.155
265.480,-12.475,0.477,0.676,97.340
265.500,-8.602,0.483,0.676,97.553
265.520,-4.605,0.489,0.678,97.779
265.540,-0.562,0.482,0.678,98.005
265.560,3.475,0.477,0.678,98.213
265.580,7.477,0.464,0.678,98.395
265.600,11.391,0.447,0.678,98.539
265.620,15.135,0.429,0.678,98.638
265.640,18.645,0.399,0.678,98.682
265.660,21.891,0.374,0.678,98.671
265.680,24.873,0.340,0.678,98.604
265.700,27.398,0.307,0.678,98.486
265.720,29.590,0.269,0.678,98.323
265.740,31.312,0.228,0.678,98.125
265.760,32.613,0.191,0.678,97.902
265.780,33.434,0.149,0.678,97.667
265.800,33.791,0.110,0.678,97.435
265.820,33.645,0.068,0.678,97.218
265.840,33.023,0.029,0.678,97.031
265.860,31.916,-0.006,0.678,96.883
265.880,30.334,-0.038,0.678,96.783
265.900,28.371,-0.079,0.678,96.739
265.920,25.957,-0.097,0.678,96.755
265.940,23.162,-0.133,0.678,96.826
265.960,20.051,-0.141,0.678,96.955
265.980,16.658,-0.170,0.678,97.128
266.000,12.984,-0.173,0.678,97.342
266.020,9.158,-0.186,0.678,97.579
266.040,5.203,-0.187,0.678,97.830
266.060,1.189,-0.184,0.678,98.079
266.080,-2.883,-0.183,0.678,98.311
266.100,-6.891,-0.169,0.678,98.520
266.120,-10.816,-0.151,0.678,98.690
266.140,-14.537,-0.132,0.678,98.811
266.160,-18.070,-0.110,0.678,98.878
266.180,-21.340,-0.077,0.678,98.890
266.200,-24.299,-0.052,0.678,98.844
266.220,-26.877,-0.010,0.678,98.747
266.240,-29.104,0.016,0.678,98.601
266.260,-30.885,0.061,0.678,98.419
266.280,-32.168,0.091,0.678,98.211
266.300,-33.047,0.142,0.678,97.989
266.320,-33.393,0.176,0.678,97.768
266.340,-33.281,0.219,0.678,97.560
266.360,-32.689,0.257,0.678,97.380
266.380,-31.629,0.293,0.678,97.238
266.400,-30.082,0.334,0.678,97.143
266.420,-28.090,0.361,0.678,97.100
266.440,-25.699,0.392,0.678,97.114
266.460,-22.928,0.419,0.678,97.184
266.480,-19.770,0.439,0.678,97.308
266.500,-16.406,0.459,0.678,97.475
266.520,-12.762,0.471,0.678,97.678
266.540,-8.912,0.477,0.678,97.905
266.560,-4.939,0.486,0.678,98.143
266.580,-0.891,0.478,0.678,98.381
266.600,3.152,0.475,0.678,98.601
266.620,7.166,0.461,0.678,98.794
266.640,11.080,0.448,0.678,98.946
266.660,14.842,0.425,0.678,99.052
266.680,18.375,0.402,0.678,99.101
266.700,21.645,0.375,0.678,99.094
266.720,24.639,0.342,0.678,99.029
266.740,27.217,0.306,0.678,98.910
266.760,29.426,0.274,0.678,98.743
266.780,31.189,0.230,0.678,98.539
266.800,32.531,0.195,0.678,98.306
266.820,33.387,0.149,0.678,98.060
266.840,33.768,0.112,0.678,97.813
266.860,33.674,0.069,0.678,97.578
266.880,33.088,0.033,0.678,97.370
266.900,32.016,-0.005,0.677,97.199
266.920,30.504,-0.040,0.677,97.075
266.940,28.547,-0.080,0.677,97.004
266.960,26.180,-0.100,0.677,96.992
266.980,23.396,-0.133,0.677,97.033
267.000,20.309,-0.144,0.677,97.131
267.020,16.939,-0.170,0.677,97.270
267.040,13.289,-0.174,0.677,97.450
267.060,9.463,-0.186,0.677,97.655
267.080,5.520,-0.187,0.677,97.873
267.100,1.494,-0.187,0.677,98.089
267.120,-2.561,-0.179,0.677,98.292
267.140,-6.580,-0.164,0.677,98.468
267.160,-10.494,-0.155,0.677,98.607
267.180,-14.285,-0.133,0.677,98.702
267.200,-17.824,-0.110,0.677,98.742
267.220,-21.135,-0.078,0.677,98.728
267.240,-24.111,-0.051,0.677,98.658
267.260,-26.719,-0.012,0.677,98.536
267.280,-28.992,0.020,0.677,98.366
267.300,-30.814,0.062,0.677,98.161
267.320,-32.150,0.099,0.677,97.929
267.340,-33.059,0.141,0.677,97.684
267.360,-33.398,0.177,0.677,97.439
267.380,-33.357,0.221,0.677,97.209
267.400,-32.818,0.257,0.677,97.006
267.420,-31.775,0.298,0.677,96.840
267.440,-30.264,0.332,0.677,96.724
267.460,-28.301,0.364,0.677,96.661
267.480,-25.951,0.395,0.677,96.657
267.500,-23.191,0.421,0.677,96.711
267.520,-20.080,0.441,0.677,96.820
267.540,-16.693,0.463,0.677,96.976
267.560,-13.084,0.472,0.677,97.174
267.580,-9.246,0.485,0.677,97.397
267.600,-5.279,0.490,0.678,97.640
267.620,-1.236,0.487,0.678,97.881
267.640,2.824,0.479,0.678,98.113
267.660,6.838,0.465,0.678,98.316
267.680,10.752,0.454,0.678,98.483
267.700,14.537,0.432,0.678,98.605
267.720,18.088,0.408,0.678,98.674
267.740,21.369,0.380,0.678,98.689
267.760,24.398,0.348,0.678,98.646
267.780,27.006,0.316,0.678,98.551
267.800,29.256,0.275,0.678,98.409
267.820,31.055,0.236,0.678,98.229
267.840,32.449,0.198,0.678,98.022
267.860,33.340,0.159,0.678,97.801
267.880,33.762,0.124,0.678,97.580
267.900,33.703,0.074,0.678,97.370
267.920,33.158,0.042,0.678,97.188
267.940,32.127,0.001,0.678,97.042
267.960,30.645,-0.030,0.678,96.944
267.980,28.711,-0.069,0.678,96.898
268.000,26.385,-0.092,0.678,96.911
268.020,23.643,-0.125,0.678,96.978
268.040,20.566,-0.137,0.678,97.101
268.060,17.227,-0.163,0.678,97.268
268.080,13.582,-0.165,0.678,97.477
268.100,9.791,-0.186,0.678,97.708
268.120,5.848,-0.181,0.678,97.957
268.140,1.822,-0.183,0.678,98.202
268.160,-2.244,-0.178,0.678,98.434
268.180,-6.252,-0.167,0.678,98.640
268.200,-10.184,-0.151,0.678,98.808
268.220,-13.945,-0.127,0.678,98.927
268.240,-17.531,-0.108,0.678,98.991
268.260,-20.854,-0.078,0.678,98.999
268.280,-23.859,-0.056,0.678,98.950
268.300,-26.490,-0.017,0.678,98.847
268.320,-28.787,0.016,0.678,98.695
268.340,-30.627,0.060,0.678,98.504
268.360,-32.010,0.091,0.678,98.283
268.380,-32.953,0.133,0.678,98.047
268.400,-33.357,0.170,0.678,97.809
268.420,-33.357,0.218,0.678,97.581
268.440,-32.830,0.250,0.678,97.378
268.460,-31.857,0.290,0.678,97.209
268.480,-30.375,0.325,0.678,97.087
268.500,-28.447,0.356,0.678,97.014
268.520,-26.127,0.389,0.678,96.999
268.540,-23.408,0.416,0.678,97.037
268.560,-20.344,0.438,0.678,97.132
268.580,-16.975,0.456,0.678,97.270
268.600,-13.359,0.469,0.678,97.449
268.620,-9.539,0.480,0.678,97.653
268.640,-5.578,0.481,0.678,97.872
268.660,-1.564,0.482,0.678,98.093
268.680,2.514,0.478,0.678,98.301
268.700,6.545,0.464,0.678,98.483
268.720,10.453,0.452,0.678,98.627
268.740,14.268,0.429,0.678,98.727
268.760,17.818,0.406,0.678,98.771
268.780,21.141,0.377,0.678,98.763
268.800,24.176,0.345,0.678,98.694
268.820,26.818,0.313,0.678,98.575
268.840,29.098,0.273,0.678,98.407
268.860,30.937,0.235,0.678,98.201
268.880,32.350,0.198,0.678,97.966
268.900,33.287,0.153,0.678,97.716
268.920,33.732,0.116,0.678,97.464
268.940,33.709,0.075,0.678,97.224
268.960,33.211,0.041,0.678,97.009
268.980,32.221,-0.004,0.678,96.832
269.000,30.773,-0.035,0.678,96.701
269.020,28.881,-0.073,0.678,96.623
269.040,26.584,-0.093,0.678,96.605
269.060,23.877,-0.122,0.678,96.641
269.080,20.830,-0.145,0.678,96.734
269.100,17.490,-0.165,0.678,96.877
269.120,13.887,-0.173,0.678,97.060
269.140,10.102,-0.186,0.678,97.273
269.160,6.182,-0.186,0.678,97.502
269.180,2.150,-0.187,0.678,97.734
269.200,-1.904,-0.181,0.678,97.956
269.220,-5.924,-0.168,0.678,98.155
269.240,-9.867,-0.158,0.678,98.317
269.260,-13.664,-0.133,0.678,98.438
269.280,-17.227,-0.118,0.678,98.506
269.300,-20.590,-0.083,0.678,98.521
269.320,-23.637,-0.058,0.678,98.477
269.340,-26.303,-0.019,0.678,98.383
269.360,-28.611,0.013,0.678,98.240
269.380,-30.510,0.053,0.678,98.060
269.400,-31.957,0.089,0.678,97.851
269.420,-32.918,0.130,0.678,97.627
269.440,-33.346,0.168,0.678,97.401
269.460,-33.381,0.214,0.678,97.187
269.480,-32.895,0.250,0.678,96.998
269.500,-31.992,0.286,0.678,96.846
269.520,-30.516,0.324,0.678,96.741
269.540,-28.641,0.356,0.678,96.689
269.560,-26.332,0.387,0.678,96.696
269.580,-23.660,0.414,0.678,96.757
269.600,-20.602,0.439,0.678,96.878
269.620,-17.256,0.456,0.678,97.045
269.640,-13.705,0.468,0.678,97.254
269.660,-9.879,0.480,0.678,97.490
269.680,-5.918,0.484,0.678,97.744
269.700,-1.887,0.482,0.678,98.000
269.720,2.180,0.478,0.678,98.242
269.740,6.193,0.468,0.678,98.464
269.760,10.119,0.454,0.678,98.648
269.780,13.951,0.433,0.678,98.787
269.800,17.525,0.410,0.678,98.871
269.820,20.865,0.382,0.678,98.901
269.840,23.930,0.352,0.678,98.871
269.860,26.619,0.319,0.678,98.787
269.880,28.922,0.280,0.678,98.653
269.900,30.814,0.247,0.678,98.479
269.920,32.262,0.203,0.678,98.275
269.940,33.229,0.165,0.678,98.054
269.960,33.727,0.127,0.678,97.829
269.980,33.732,0.083,0.678,97.613
270.000,33.275,0.045,0.678,97.421
270.020,32.320,0.006,0.678,97.263
270.040,30.914,-0.026,0.678,97.150
270.060,29.045,-0.066,0.678,97.088
270.080,26.795,-0.089,0.678,97.084
270.100,24.094,-0.119,0.678,97.133
270.120,21.070,-0.137,0.678,97.238
270.140,17.777,-0.159,0.678,97.388
270.160,14.180,-0.169,0.678,97.581
270.180,10.406,-0.180,0.678,97.800
270.200,6.486,-0.183,0.678,98.035
270.220,2.479,-0.183,0.678,98.269
270.240,-1.570,-0.179,0.678,98.491
270.260,-5.607,-0.168,0.678,98.689
270.280,-9.580,-0.157,0.678,98.851
270.300,-13.371,-0.133,0.678,98.967
270.320,-16.969,-0.115,0.678,99.029
270.340,-20.338,-0.079,0.678,99.035
270.360,-23.408,-0.058,0.678,98.982
270.380,-26.127,-0.016,0.678,98.875
270.400,-28.471,0.015,0.678,98.718
270.420,-30.369,0.054,0.678,98.520
270.440,-31.846,0.094,0.678,98.293
270.460,-32.842,0.132,0.678,98.049
270.480,-33.357,0.170,0.678,97.801
270.500,-33.416,0.212,0.678,97.561
270.520,-32.977,0.250,0.678,97.345
270.540,-32.074,0.290,0.678,97.163
270.560,-30.656,0.323,0.678,97.028
270.580,-28.811,0.358,0.678,96.942
270.600,-26.520,0.387,0.678,96.915
270.620,-23.865,0.419,0.678,96.941
270.640,-20.842,0.439,0.678,97.028
270.660,-17.525,0.460,0.678,97.159
270.680,-13.969,0.471,0.678,97.336
270.700,-10.184,0.480,0.678,97.538
270.720,-6.234,0.486,0.678,97.759
270.740,-2.197,0.488,0.678,97.985
270.760,1.857,0.480,0.678,98.203
270.780,5.883,0.469,0.678,98.396
270.800,9.832,0.451,0.678,98.554
270.820,13.652,0.433,0.678,98.668
270.840,17.262,0.410,0.678,98.730
270.860,20.637,0.383,0.678,98.741
270.880,23.713,0.352,0.678,98.695
270.900,26.432,0.319,0.678,98.596
270.920,28.752,0.284,0.678,98.448
270.940,30.674,0.245,0.678,98.261
270.960,32.156,0.207,0.678,98.045
270.980,33.164,0.166,0.678,97.812
271.000,33.703,0.125,0.678,97.575
271.020,33.750,0.083,0.678,97.349
271.040,33.334,0.045,0.678,97.146
271.060,32.414,0.006,0.678,96.979
271.080,31.031,-0.029,0.678,96.858
271.100,29.215,-0.067,0.678,96.790
271.120,26.988,-0.091,0.678,96.782
271.140,24.328,-0.119,0.678,96.830
271.160,21.340,-0.139,0.678,96.934
271.180,18.053,-0.158,0.678,97.088
271.200,14.484,-0.173,0.678,97.285
271.220,10.734,-0.183,0.678,97.512
271.240,6.826,-0.185,0.678,97.758
271.260,2.818,-0.187,0.678,98.009
271.280,-1.225,-0.181,0.678,98.250
271.300,-5.262,-0.174,0.678,98.470
271.320,-9.240,-0.158,0.678,98.655
271.340,-13.043,-0.139,0.678,98.796
271.360,-16.658,-0.121,0.678,98.885
271.380,-20.057,-0.091,0.678,98.921
271.400,-23.145,-0.065,0.678,98.898
271.420,-25.904,-0.028,0.678,98.822
271.440,-28.254,0.004,0.678,98.695
271.460,-30.223,0.041,0.678,98.528
271.480,-31.717,0.082,0.678,98.330
271.500,-32.754,0.123,0.678,98.114
271.520,-33.305,0.161,0.678,97.893
271.540,-33.387,0.206,0.678,97.680
271.560,-33.000,0.242,0.678,97.491
271.580,-32.133,0.282,0.678,97.334
271.600,-30.756,0.313,0.678,97.223
271.620,-28.963,0.354,0.678,97.159
271.640,-26.713,0.380,0.678,97.154
271.660,-24.100,0.410,0.678,97.204
271.680,-21.094,0.431,0.678,97.311
271.700,-17.795,0.454,0.678,97.463
271.720,-14.268,0.470,0.678,97.659
271.740,-10.465,0.478,0.678,97.883
271.760,-6.562,0.481,0.678,98.124
271.780,-2.537,0.483,0.678,98.368
271.800,1.541,0.474,0.678,98.600
271.820,5.572,0.470,0.678,98.809
271.840,9.516,0.454,0.678,98.983
271.860,13.354,0.439,0.678,99.114
271.880,16.980,0.413,0.678,99.191
271.900,20.361,0.385,0.678,99.211
271.920,23.467,0.358,0.678,99.172
271.940,26.209,0.322,0.678,99.079
271.960,28.582,0.289,0.678,98.934
271.980,30.521,0.248,0.678,98.748
272.000,32.045,0.208,0.678,98.529
272.020,33.111,0.168,0.678,98.291
272.040,33.680,0.125,0.678,98.046
272.060,33.779,0.087,0.678,97.809
272.080,33.381,0.048,0.678,97.592
272.100,32.502,0.010,0.678,97.409
272.120,31.160,-0.027,0.678,97.268
272.140,29.379,-0.061,0.678,97.179
272.160,27.182,-0.091,0.678,97.145
272.180,24.545,-0.112,0.678,97.168
272.200,21.586,-0.140,0.678,97.244
272.220,18.322,-0.157,0.678,97.369
272.240,14.777,-0.173,0.678,97.536
272.260,11.027,-0.177,0.678,97.733
272.280,7.125,-0.183,0.678,97.946
272.300,3.123,-0.186,0.678,98.164
272.320,-0.937,-0.179,0.678,98.375
272.340,-4.957,-0.170,0.678,98.562
272.360,-8.959,-0.154,0.678,98.717
272.380,-12.785,-0.140,0.678,98.827
272.400,-16.424,-0.116,0.678,98.887
272.420,-19.840,-0.086,0.678,98.892
272.440,-22.957,-0.061,0.678,98.840
272.460,-25.711,-0.025,0.678,98.734
272.480,-28.102,0.008,0.678,98.580
272.500,-30.129,0.047,0.678,98.383
272.520,-31.670,0.085,0.678,98.156
272.540,-32.730,0.123,0.678,97.910
272.560,-33.299,0.165,0.678,97.659
272.580,-33.416,0.206,0.678,97.416
272.600,-33.094,0.246,0.675,97.196
272.620,-32.262,0.281,0.675,97.008
272.640,-30.932,0.315,0.675,96.866
272.660,-29.133,0.356,0.675,96.773
272.680,-26.924,0.382,0.675,96.740
272.700,-24.352,0.414,0.675,96.763
272.720,-21.363,0.435,0.675,96.845
272.740,-18.094,0.456,0.675,96.975
272.760,-14.561,0.468,0.675,97.151
272.780,-10.811,0.478,0.675,97.357
272.800,-6.885,0.490,0.678,97.584
272.820,-2.865,0.490,0.678,97.821
272.840,1.201,0.480,0.678,98.051
272.860,5.244,0.472,0.678,98.260
272.880,9.182,0.456,0.678,98.436
272.900,13.049,0.442,0.678,98.570
272.920,16.699,0.418,0.678,98.653
272.940,20.092,0.392,0.678,98.684
272.960,23.221,0.360,0.678,98.657
272.980,26.016,0.327,0.678,98.577
273.000,28.400,0.294,0.678,98.448
273.020,30.387,0.254,0.678,98.277
273.040,31.939,0.215,0.678,98.075
273.060,33.035,0.174,0.678,97.855
273.080,33.650,0.134,0.678,97.628
273.100,33.785,0.095,0.678,97.409
273.120,33.439,0.054,0.678,97.212
273.140,32.590,0.016,0.678,97.048
273.160,31.301,-0.019,0.678,96.928
273.180,29.537,-0.056,0.678,96.859
273.200,27.387,-0.085,0.678,96.849
273.220,24.797,-0.112,0.678,96.895
273.240,21.850,-0.129,0.678,96.999
273.260,18.609,-0.154,0.678,97.149
273.280,15.076,-0.169,0.678,97.344
273.300,11.338,-0.175,0.678,97.572
273.320,7.459,-0.187,0.678,97.818
273.340,3.457,-0.183,0.678,98.073
273.360,-0.580,-0.183,0.678,98.316
273.380,-4.611,-0.171,0.678,98.539
273.400,-8.607,-0.160,0.678,98.727
273.420,-12.439,-0.142,0.678,98.873
273.440,-16.107,-0.119,0.678,98.967
273.460,-19.559,-0.095,0.678,99.006
273.480,-22.676,-0.066,0.678,98.987
273.500,-25.465,-0.029,0.678,98.913
273.520,-27.891,0.003,0.678,98.787
273.540,-29.924,0.044,0.678,98.618
273.560,-31.518,0.077,0.678,98.416
273.580,-32.643,0.115,0.678,98.193
273.600,-33.246,0.157,0.678,97.962
273.620,-33.404,0.196,0.678,97.736
273.640,-33.100,0.240,0.678,97.531
273.660,-32.309,0.272,0.678,97.357
273.680,-31.037,0.312,0.678,97.224
273.700,-29.285,0.348,0.678,97.141
273.720,-27.094,0.377,0.678,97.113
273.740,-24.533,0.407,0.678,97.140
273.760,-21.598,0.431,0.678,97.222
273.780,-18.363,0.448,0.678,97.354
273.800,-14.830,0.464,0.678,97.527
273.820,-11.092,0.477,0.678,97.730
273.840,-7.195,0.484,0.678,97.954
273.860,-3.170,0.483,0.678,98.183
273.880,0.879,0.479,0.678,98.405
273.900,4.922,0.471,0.678,98.605
273.920,8.895,0.455,0.678,98.772
273.940,12.756,0.439,0.678,98.897
273.960,16.424,0.416,0.678,98.969
273.980,19.840,0.388,0.678,98.988
274.000,22.992,0.360,0.678,98.947
274.020,25.805,0.324,0.678,98.852
274.040,28.225,0.290,0.678,98.705
274.060,30.240,0.251,0.678,98.516
274.080,31.840,0.214,0.678,98.293
274.100,32.953,0.174,0.678,98.049
274.120,33.621,0.132,0.678,97.797
274.140,33.785,0.091,0.678,97.552
274.160,33.475,0.053,0.678,97.326
274.180,32.672,0.016,0.678,97.131
274.200,31.424,-0.021,0.678,96.979
274.220,29.689,-0.058,0.678,96.878
274.240,27.574,-0.087,0.678,96.833
274.260,25.014,-0.114,0.678,96.845
274.280,22.096,-0.134,0.678,96.915
274.300,18.879,-0.154,0.678,97.035
274.320,15.369,-0.170,0.678,97.199
274.340,11.654,-0.179,0.678,97.395
274.360,7.770,-0.188,0.678,97.613
274.380,3.785,-0.184,0.678,97.839
274.400,-0.275,-0.186,0.678,98.059
274.420,-4.324,-0.174,0.678,98.262
274.440,-8.303,-0.163,0.678,98.435
274.460,-12.152,-0.142,0.678,98.565
274.480,-15.826,-0.122,0.678,98.646
274.500,-19.277,-0.100,0.678,98.674
274.520,-22.459,-0.068,0.678,98.647
274.540,-25.277,-0.036,0.678,98.564
274.560,-27.732,-0.002,0.678,98.432
274.580,-29.812,0.037,0.678,98.257
274.600,-31.424,0.074,0.678,98.050
274.620,-32.596,0.116,0.678,97.822
274.640,-33.246,0.154,0.678,97.587
274.660,-33.445,0.196,0.678,97.359
274.680,-33.176,0.236,0.678,97.151
274.700,-32.402,0.273,0.678,96.975
274.720,-31.189,0.310,0.678,96.842
274.740,-29.461,0.347,0.678,96.761
274.760,-27.322,0.376,0.678,96.735
274.780,-24.803,0.406,0.678,96.768
274.800,-21.879,0.428,0.678,96.858
274.820,-18.650,0.453,0.678,97.000
274.840,-15.170,0.466,0.678,97.186
274.860,-11.432,0.480,0.678,97.405
274.880,-7.553,0.485,0.678,97.649
274.900,-3.510,0.485,0.678,97.900
274.920,0.533,0.481,0.678,98.145
274.940,4.588,0.476,0.678,98.371
274.960,8.555,0.460,0.678,98.568
274.980,12.428,0.445,0.678,98.721
275.000,16.113,0.422,0.678,98.825
275.020,19.570,0.395,0.678,98.874
275.040,22.740,0.365,0.678,98.865
275.060,25.588,0.333,0.678,98.801
275.080,28.037,0.298,0.678,98.685
275.100,30.105,0.261,0.678,98.525
275.120,31.717,0.226,0.678,98.332
275.140,32.889,0.178,0.678,98.116
275.160,33.586,0.141,0.678,97.892
275.180,33.791,0.101,0.678,97.671
275.200,33.521,0.060,0.678,97.469
275.220,32.748,0.026,0.678,97.296
275.240,31.535,-0.016,0.678,97.166
275.260,29.836,-0.046,0.678,97.085
275.280,27.762,-0.083,0.678,97.058
275.300,25.219,-0.104,0.678,97.090
275.320,22.336,-0.132,0.678,97.175
275.340,19.131,-0.150,0.678,97.310
275.360,15.656,-0.169,0.678,97.488
275.380,11.953,-0.173,0.678,97.703
275.400,8.080,-0.186,0.678,97.935
275.420,4.107,-0.182,0.678,98.174
275.440,0.064,-0.182,0.678,98.405
275.460,-4.002,-0.170,0.678,98.617
275.480,-7.975,-0.162,0.678,98.797
275.500,-11.859,-0.142,0.678,98.935
275.520,-15.551,-0.120,0.678,99.022
275.540,-19.020,-0.096,0.678,99.053
275.560,-22.207,-0.062,0.678,99.026
275.580,-25.055,-0.034,0.678,98.943
275.600,-27.568,0.000,0.678,98.808
275.620,-29.648,0.037,0.678,98.629
275.640,-31.301,0.076,0.678,98.414
275.660,-32.508,0.113,0.678,98.177
275.680,-33.182,0.156,0.678,97.930
275.700,-33.428,0.191,0.678,97.688
275.720,-33.187,0.236,0.678,97.462
275.740,-32.479,0.268,0.678,97.266
275.760,-31.266,0.310,0.678,97.110
275.780,-29.584,0.346,0.678,97.004
275.800,-27.492,0.373,0.678,96.954
275.820,-24.990,0.406,0.678,96.956
275.840,-22.102,0.424,0.678,97.018
275.860,-18.891,0.452,0.678,97.128
275.880,-15.416,0.462,0.678,97.284
275.900,-11.719,0.479,0.678,97.475
275.920,-7.834,0.481,0.678,97.688
275.940,-3.820,0.483,0.678,97.909
275.960,0.223,0.480,0.678,98.125
275.980,4.289,0.473,0.678,98.325
276.000,8.244,0.457,0.678,98.495
276.020,12.135,0.443,0.678,98.622
276.040,15.850,0.417,0.678,98.703
276.060,19.307,0.394,0.678,98.729
276.080,22.500,0.363,0.678,98.698
276.100,25.383,0.332,0.678,98.613
276.120,27.861,0.294,0.678,98.477
276.140,29.959,0.260,0.678,98.297
276.160,31.605,0.220,0.678,98.084
276.180,32.818,0.180,0.678,97.849
276.200,33.545,0.139,0.678,97.605
276.220,33.779,0.100,0.678,97.365
276.240,33.562,0.055,0.678,97.143
276.260,32.830,0.022,0.678,96.953
276.280,31.652,-0.016,0.678,96.805
276.300,29.988,-0.052,0.678,96.706
276.320,27.943,-0.085,0.678,96.665
276.340,25.436,-0.108,0.678,96.683
276.360,22.576,-0.135,0.678,96.757
276.380,19.418,-0.151,0.678,96.884
276.400,15.955,-0.169,0.678,97.057
276.420,12.252,-0.179,0.678,97.267
276.440,8.414,-0.187,0.678,97.501
276.460,4.424,-0.184,0.678,97.745
276.480,0.404,-0.186,0.678,97.985
276.500,-3.639,-0.176,0.678,98.209
276.520,-7.652,-0.167,0.678,98.404
276.540,-11.555,-0.148,0.678,98.561
276.560,-15.240,-0.125,0.678,98.668
276.580,-18.732,-0.106,0.678,98.721
276.600,-21.943,-0.072,0.678,98.720
276.620,-24.820,-0.047,0.678,98.662
276.640,-27.352,-0.006,0.678,98.555
276.660,-29.484,0.026,0.678,98.402
276.680,-31.184,0.067,0.678,98.215
276.700,-32.396,0.106,0.678,98.006
276.720,-33.152,0.145,0.678,97.786
276.740,-33.404,0.186,0.678,97.570
276.760,-33.205,0.228,0.678,97.371
276.780,-32.566,0.264,0.678,97.203
276.800,-31.395,0.301,0.678,97.075
276.820,-29.730,0.340,0.678,96.996
276.840,-27.680,0.369,0.678,96.973
276.860,-25.213,0.403,0.678,97.006
276.880,-22.365,0.421,0.678,97.097
276.900,-19.160,0.449,0.678,97.238
276.920,-15.703,0.460,0.678,97.426
276.940,-12.035,0.476,0.678,97.648
276.960,-8.145,0.480,0.678,97.892
276.980,-4.166,0.488,0.678,98.146
277.000,-0.111,0.479,0.678,98.628
277.020,3.943,0.472,0.678,98.628
277.040,7.934,0.460,0.678,98.828
277.060,11.812,0.444,0.678,98.987
277.080,15.539,0.423,0.678,99.097
277.100,19.037,0.399,0.678,99.148
277.120,22.248,0.368,0.678,99.148
277.140,25.166,0.336,0.678,99.088
277.160,27.668,0.298,0.678,98.973
277.180,29.807,0.264,0.678,98.813
277.200,31.488,0.226,0.678,98.615
277.220,32.736,0.180,0.678,98.394
277.240,33.510,0.145,0.678,98.160
277.260,33.785,0.103,0.678,97.928
277.280,33.598,0.065,0.678,97.712
277.300,32.900,0.026,0.678,97.523
277.320,31.764,-0.009,0.678,97.374
277.340,30.123,-0.047,0.678,97.272
277.360,28.125,-0.079,0.678,97.225
277.380,25.646,-0.100,0.678,97.234
277.400,22.816,-0.129,0.678,97.298
277.420,19.658,-0.147,0.678,97.412
277.440,16.230,-0.167,0.678,97.572
277.460,12.557,-0.172,0.678,97.766
277.480,8.713,-0.185,0.678,97.980
277.500,4.740,-0.185,0.678,98.206
277.520,0.697,-0.183,0.678,98.428
277.540,-3.346,-0.174,0.678,98.631
277.560,-7.348,-0.160,0.678,98.805
277.580,-11.262,-0.145,0.678,98.937
277.600,-14.971,-0.124,0.678,99.021
277.620,-18.498,-0.102,0.678,99.050
277.640,-21.732,-0.067,0.678,99.023
277.660,-24.627,-0.043,0.678,98.939
277.680,-27.187,-0.000,0.678,98.804
277.700,-29.344,0.029,0.678,98.623
277.720,-31.113,0.074,0.678,98.407
277.740,-32.355,0.105,0.678,98.166
277.760,-33.123,0.151,0.678,97.914
277.780,-33.422,0.189,0.678,97.665
277.800,-33.270,0.229,0.678,97.431
277.820,-32.648,0.269,0.676,97.227
277.840,-31.506,0.305,0.676,97.063
277.860,-29.900,0.342,0.676,96.948
277.880,-27.867,0.369,0.676,96.887
277.900,-25.424,0.402,0.676,96.883
277.920,-22.629,0.423,0.676,96.938
277.940,-19.441,0.450,0.676,97.045
277.960,-16.002,0.464,0.676,97.199
277.980,-12.340,0.481,0.676,97.391
278.000,-8.479,0.481,0.676,97.608
278.020,-4.488,0.489,0.678,98.064
278.040,-0.434,0.482,0.678,98.064
278.060,3.615,0.478,0.678,98.277
278.080,7.617,0.462,0.678,98.462
278.100,11.514,0.448,0.678,98.608
278.120,15.264,0.427,0.678,98.708
278.140,18.762,0.403,0.678,98.753
278.160,21.996,0.371,0.678,98.745
278.180,24.943,0.343,0.678,98.681
278.200,27.475,0.307,0.678,98.567
278.220,29.648,0.270,0.678,98.407
278.240,31.359,0.227,0.678,98.213
278.260,32.666,0.192,0.678,97.994
278.280,33.463,0.152,0.678,97.764
278.300,33.791,0.108,0.678,97.538
278.320,33.633,0.070,0.678,97.326
278.340,32.965,0.032,0.678,97.145
278.360,31.863,-0.004,0.678,97.004
278.380,30.299,-0.042,0.678,96.911
278.400,28.295,-0.077,0.678,96.875
278.420,25.875,-0.098,0.678,96.896
278.440,23.068,-0.132,0.678,96.975
278.460,19.945,-0.144,0.678,97.108
278.480,16.535,-0.170,0.678,97.287
278.500,12.867,-0.174,0.678,97.505
278.520,9.047,-0.187,0.678,97.744
278.540,5.086,-0.187,0.678,97.998
278.560,1.037,-0.183,0.678,98.249
278.580,-3.006,-0.178,0.678,98.482
278.600,-7.002,-0.168,0.678,98.689
278.620,-10.922,-0.152,0.678,98.855
278.640,-14.660,-0.129,0.678,98.975
278.660,-18.182,-0.106,0.678,99.039
278.680,-21.445,-0.079,0.678,99.046
278.700,-24.393,-0.049,0.678,98.996
278.720,-26.971,-0.010,0.678,98.894
278.740,-29.162,0.022,0.678,98.745
278.760,-30.943,0.063,0.678,98.559
278.780,-32.227,0.096,0.678,98.347
278.800,-33.070,0.143,0.678,98.121
278.820,-33.404,0.174,0.678,97.897
278.840,-33.270,0.227,0.678,97.685
278.860,-32.701,0.257,0.678,97.502
278.880,-31.588,0.300,0.678,97.356
278.900,-30.035,0.331,0.678,97.259
278.920,-28.014,0.366,0.678,97.212
278.940,-25.594,0.395,0.678,97.223
278.960,-22.840,0.420,0.678,97.288
278.980,-19.682,0.446,0.678,97.405
279.000,-16.271,0.458,0.678,97.569
279.020,-12.639,0.477,0.678,97.766
279.040,-8.783,0.473,0.678,97.988
279.060,-4.793,0.489,0.678,98.218
279.080,-0.750,0.477,0.678,98.450
279.100,3.281,0.481,0.678,98.663
279.120,7.307,0.457,0.678,98.850
279.140,11.209,0.449,0.678,98.992
279.160,14.971,0.420,0.678,99.090
279.180,18.492,0.403,0.678,99.130
279.200,21.750,0.368,0.678,99.116
279.220,24.732,0.341,0.678,99.042
279.240,27.287,0.302,0.678,98.917
279.260,29.479,0.267,0.678,98.743
279.280,31.248,0.229,0.678,98.532
279.300,32.578,0.191,0.678,98.295
279.320,33.410,0.151,0.678,98.044
279.340,33.773,0.104,0.678,97.794
279.360,33.650,0.072,0.677,97.557
279.380,33.053,0.026,0.677,97.347
279.400,31.975,-0.002,0.677,97.176
279.420,30.439,-0.046,0.677,97.050
279.440,28.477,-0.073,0.677,96.982
279.460,26.092,-0.102,0.677,96.966
279.480,23.309,-0.129,0.677,97.010
279.500,20.203,-0.145,0.677,97.106
279.520,16.822,-0.164,0.677,97.248
279.540,13.154,-0.177,0.677,97.428
279.560,9.340,-0.184,0.677,97.636
279.580,5.402,-0.187,0.677,97.854
279.600,1.371,-0.185,0.677,98.072
279.620,-2.684,-0.180,0.677,98.276
279.640,-6.703,-0.166,0.677,98.456
279.660,-10.635,-0.153,0.677,98.597
279.680,-14.379,-0.130,0.677,98.692
279.700,-17.924,-0.109,0.677,98.734
279.720,-21.211,-0.082,0.677,98.722
279.740,-24.182,-0.046,0.677,98.653
279.760,-26.801,-0.017,0.677,98.532
279.780,-29.039,0.022,0.677,98.367
279.800,-30.850,0.057,0.677,98.164
279.820,-32.168,0.099,0.677,97.936
279.840,-33.053,0.140,0.677,97.696
279.860,-33.398,0.180,0.677,97.232
279.880,-33.340,0.219,0.677,97.232
279.900,-32.789,0.256,0.677,97.034
279.920,-31.729,0.298,0.677,96.875
279.940,-30.217,0.333,0.677,96.766
279.960,-28.236,0.364,0.677,96.710
279.980,-25.881,0.392,0.677,96.712
280.000,-23.127,0.423,0.677,96.770
280.020,-19.980,0.439,0.677,96.887
280.040,-16.594,0.464,0.677,97.047
280.060,-12.967,0.471,0.677,97.251
280.080,-9.135,0.486,0.677,97.479
280.100,-5.156,0.489,0.677,97.724
280.120,-1.090,0.485,0.677,97.969
280.140,2.953,0.477,0.677,98.199
280.160,6.973,0.469,0.677,98.404
280.180,10.875,0.450,0.677,98.572
280.200,14.666,0.430,0.677,98.694
280.220,18.223,0.405,0.677,98.760
280.240,21.486,0.380,0.677,98.773
280.260,24.498,0.346,0.677,98.727
280.280,27.094,0.312,0.677,98.630
280.300,29.326,0.278,0.677,98.485
280.320,31.119,0.239,0.677,98.303
280.340,32.484,0.200,0.677,98.094
280.360,33.363,0.156,0.677,97.870
280.380,33.756,0.118,0.677,97.646
280.400,33.686,0.074,0.677,97.435
280.420,33.135,0.040,0.677,97.250
280.440,32.080,-0.001,0.677,97.102
280.460,30.586,-0.035,0.677,97.000
280.480,28.635,-0.071,0.677,96.953
280.500,26.297,-0.097,0.677,96.961
280.520,23.537,-0.124,0.677,97.028
280.540,20.467,-0.137,0.677,97.147
280.560,17.098,-0.163,0.677,97.311
280.580,13.459,-0.170,0.677,97.512
280.600,9.668,-0.183,0.677,97.741
280.620,5.719,-0.182,0.677,97.981
280.640,1.682,-0.185,0.677,98.221
280.660,-2.355,-0.174,0.677,98.446
280.680,-6.375,-0.165,0.677,98.642
280.700,-10.324,-0.149,0.677,98.801
280.720,-14.086,-0.129,0.677,98.913
280.740,-17.631,-0.107,0.677,98.969
280.760,-20.941,-0.080,0.677,98.971
280.780,-23.947,-0.046,0.677,98.914
280.800,-26.578,-0.013,0.677,98.803
280.820,-28.863,0.021,0.677,98.644
280.840,-30.709,0.060,0.677,98.446
280.860,-32.051,0.095,0.677,98.220
280.880,-32.971,0.141,0.677,97.979
280.900,-33.369,0.174,0.677,97.736
280.920,-33.346,0.220,0.677,97.505
280.940,-32.801,0.251,0.677,97.299
280.960,-31.805,0.294,0.677,97.128
280.980,-30.328,0.328,0.677,97.005
281.000,-28.377,0.359,0.677,96.932
281.020,-26.039,0.392,0.677,96.917
281.040,-23.309,0.422,0.677,96.957
281.060,-20.221,0.435,0.677,97.055
281.080,-16.840,0.460,0.677,97.193
281.100,-13.230,0.469,0.677,97.375
281.120,-9.410,0.480,0.677,97.581
281.140,-5.443,0.481,0.677,97.802
281.160,-1.400,0.481,0.677,98.022
281.180,2.654,0.477,0.677,98.231
281.200,6.662,0.465,0.677,98.416
281.220,10.576,0.447,0.677,98.563
281.240,14.367,0.427,0.677,98.712
281.260,17.941,0.405,0.677,98.712
281.280,21.229,0.377,0.677,98.705
281.300,24.281,0.345,0.677,98.641
281.320,26.912,0.311,0.677,98.525
281.340,29.156,0.276,0.677,98.361
281.360,30.990,0.235,0.677,98.161
281.380,32.402,0.199,0.677,97.931
281.400,33.305,0.154,0.677,97.688
281.420,33.762,0.116,0.677,97.444
281.440,33.697,0.074,0.677,97.211
281.460,33.199,0.037,0.677,97.006
281.480,32.180,-0.000,0.677,96.837
281.500,30.721,-0.036,0.677,96.715
281.520,28.828,-0.072,0.677,96.648
281.540,26.502,-0.099,0.677,96.640
281.560,23.777,-0.125,0.677,96.690
281.580,20.725,-0.144,0.677,96.794
281.600,17.391,-0.167,0.677,96.948
281.620,13.770,-0.174,0.677,97.141
281.640,9.984,-0.187,0.677,97.366
281.660,6.047,-0.186,0.677,97.604
281.680,2.027,-0.189,0.678,97.847
281.700,-2.021,-0.183,0.678,98.076
281.720,-6.059,-0.173,0.678,98.284
281.740,-9.990,-0.158,0.678,98.453
281.760,-13.775,-0.134,0.678,98.581
281.780,-17.350,-0.117,0.678,98.653
281.800,-20.701,-0.085,0.678,98.673
281.820,-23.713,-0.057,0.678,98.635
281.840,-26.361,-0.019,0.678,98.544
281.860,-28.682,0.015,0.678,98.406
281.880,-30.551,0.055,0.678,98.230
281.900,-31.980,0.088,0.678,98.026
281.920,-32.924,0.135,0.678,97.807
281.940,-33.340,0.169,0.678,97.587
281.960,-33.363,0.216,0.678,97.379
281.980,-32.895,0.248,0.678,97.195
282.000,-31.928,0.286,0.678,97.049
282.020,-30.475,0.326,0.678,96.948
282.040,-28.564,0.360,0.678,96.901
282.060,-26.256,0.389,0.678,96.912
282.080,-23.549,0.414,0.678,96.978
282.100,-20.490,0.438,0.678,97.099
282.120,-17.139,0.458,0.678,97.270
282.140,-13.553,0.471,0.678,97.480
282.160,-9.738,0.481,0.678,97.718
282.180,-5.771,0.479,0.678,97.971
282.200,-1.758,0.482,0.678,98.224
282.220,2.303,0.477,0.678,98.465
282.240,6.340,0.468,0.678,98.682
282.260,10.266,0.451,0.678,98.861
282.280,14.062,0.431,0.678,98.994
282.300,17.654,0.409,0.678,99.073
282.320,20.971,0.380,0.678,99.094
282.340,24.023,0.348,0.678,99.059
282.360,26.707,0.315,0.678,98.968
282.380,28.986,0.277,0.678,98.828
282.400,30.867,0.244,0.678,98.647
282.420,32.303,0.204,0.678,98.436
282.440,33.252,0.158,0.678,98.209
282.460,33.738,0.122,0.678,97.978
282.480,33.727,0.079,0.678,97.756
282.500,33.258,0.046,0.678,97.559
282.520,32.279,0.003,0.678,97.396
282.540,30.850,-0.030,0.678,97.278
282.560,28.975,-0.065,0.678,97.210
282.580,26.695,-0.093,0.678,97.200
282.600,24.006,-0.117,0.678,97.244
282.620,20.982,-0.139,0.678,97.343
282.640,17.648,-0.158,0.678,97.673
282.660,14.057,-0.169,0.678,97.673
282.680,10.277,-0.182,0.678,97.885
282.700,6.352,-0.182,0.678,98.112
282.720,2.344,-0.183,0.678,98.338
282.740,-1.723,-0.176,0.678,98.554
282.760,-5.730,-0.166,0.678,98.743
282.780,-9.691,-0.154,0.678,98.895
282.800,-13.500,-0.131,0.678,99.001
282.820,-17.080,-0.112,0.678,99.055
282.840,-20.455,-0.078,0.678,99.053
282.860,-23.525,-0.054,0.678,98.992
282.880,-26.186,-0.018,0.678,98.879
282.900,-28.535,0.016,0.678,98.717
282.920,-30.428,0.052,0.678,98.515
282.940,-31.904,0.091,0.678,98.283
282.960,-32.883,0.132,0.678,97.783
282.980,-33.352,0.170,0.678,97.783
283.000,-33.381,0.213,0.678,97.541
283.020,-32.941,0.253,0.678,97.324
283.040,-32.027,0.290,0.678,97.142
283.060,-30.598,0.328,0.678,97.005
283.080,-28.740,0.359,0.678,96.922
283.100,-26.443,0.389,0.678,96.895
283.120,-23.783,0.419,0.678,96.923
283.140,-20.754,0.439,0.678,97.010
283.160,-17.408,0.458,0.678,97.143
283.180,-13.846,0.472,0.678,97.320
283.200,-10.049,0.485,0.678,97.524
283.220,-6.100,0.487,0.678,97.749
283.240,-2.068,0.491,0.680,97.975
283.260,1.986,0.477,0.680,98.195
283.280,6.012,0.473,0.680,98.388
283.300,9.955,0.453,0.680,98.549
283.320,13.775,0.435,0.680,98.665
283.340,17.373,0.411,0.680,98.732
283.360,20.725,0.385,0.680,98.742
283.380,23.801,0.352,0.680,98.697
283.400,26.508,0.323,0.680,98.600
283.420,28.834,0.281,0.680,98.455
283.440,30.738,0.245,0.680,98.270
283.460,32.197,0.203,0.680,98.057
283.480,33.193,0.166,0.680,97.828
283.500,33.709,0.123,0.680,97.596
283.520,33.738,0.083,0.680,97.374
283.540,33.311,0.047,0.680,97.178
283.560,32.373,0.004,0.680,97.016
283.580,30.984,-0.027,0.680,96.902
283.600,29.156,-0.070,0.680,96.840
283.620,26.900,-0.091,0.680,96.840
283.640,24.240,-0.120,0.680,96.893
283.660,21.240,-0.140,0.680,97.005
283.680,17.941,-0.159,0.680,97.165
283.700,14.355,-0.173,0.680,97.367
283.720,10.594,-0.181,0.680,97.598
283.740,6.686,-0.186,0.680,97.846
283.760,2.678,-0.185,0.680,98.100
283.780,-1.389,-0.180,0.680,98.344
283.800,-5.396,-0.172,0.680,98.563
283.820,-9.393,-0.162,0.680,98.748
283.840,-13.178,-0.137,0.680,98.891
283.860,-16.781,-0.120,0.680,98.980
283.880,-20.180,-0.087,0.680,99.014
283.900,-23.256,-0.063,0.680,98.989
283.920,-25.986,-0.022,0.680,98.911
283.940,-28.342,0.009,0.680,98.782
283.960,-30.264,0.045,0.680,98.612
283.980,-31.758,0.083,0.680,98.413
284.000,-32.795,0.127,0.680,98.195
284.020,-33.311,0.161,0.680,97.972
284.040,-33.393,0.207,0.680,97.566
284.060,-32.959,0.241,0.680,97.566
284.080,-32.086,0.284,0.680,97.407
284.100,-30.697,0.315,0.680,97.294
284.120,-28.875,0.358,0.680,97.229
284.140,-26.631,0.384,0.680,97.224
284.160,-24.000,0.414,0.680,97.272
284.180,-20.982,0.433,0.680,97.377
284.200,-17.666,0.452,0.680,97.527
284.220,-14.139,0.468,0.680,97.718
284.240,-10.342,0.479,0.680,97.936
284.260,-6.410,0.481,0.680,98.173
284.280,-2.391,0.485,0.680,98.411
284.300,1.676,0.475,0.680,98.640
284.320,5.695,0.470,0.680,98.843
284.340,9.650,0.452,0.680,99.011
284.360,13.471,0.433,0.680,99.134
284.380,17.104,0.410,0.680,99.202
284.400,20.461,0.383,0.680,99.214
284.420,23.572,0.354,0.680,99.168
284.440,26.314,0.318,0.680,99.067
284.460,28.652,0.285,0.680,98.915
284.480,30.586,0.248,0.680,98.723
284.500,32.092,0.207,0.680,98.498
284.520,33.135,0.166,0.680,98.007
284.540,33.691,0.124,0.680,98.007
284.560,33.756,0.083,0.680,97.766
284.580,33.375,0.047,0.680,97.547
284.600,32.461,0.007,0.680,97.361
284.620,31.107,-0.025,0.680,97.220
284.640,29.314,-0.062,0.680,97.129
284.660,27.105,-0.088,0.680,97.095
284.680,24.457,-0.118,0.680,97.116
284.700,21.492,-0.139,0.680,97.194
284.720,18.217,-0.156,0.680,97.320
284.740,14.654,-0.174,0.680,97.487
284.760,10.893,-0.179,0.680,97.683
284.780,7.002,-0.186,0.680,97.897
284.800,2.988,-0.184,0.680,98.117
284.820,-1.055,-0.182,0.680,98.328
284.840,-5.086,-0.171,0.680,98.516
284.860,-9.088,-0.162,0.680,98.671
284.880,-12.896,-0.138,0.680,98.785
284.900,-16.535,-0.120,0.680,98.845
284.920,-19.939,-0.089,0.680,98.852
284.940,-23.045,-0.064,0.680,98.802
284.960,-25.811,-0.023,0.680,98.699
284.980,-28.189,0.006,0.680,98.546
285.000,-30.176,0.045,0.680,98.354
285.020,-31.711,0.083,0.680,98.131
285.040,-32.754,0.125,0.680,97.889
285.060,-33.311,0.167,0.680,97.644
285.080,-33.439,0.207,0.680,97.407
285.100,-33.082,0.245,0.680,97.193
285.120,-32.232,0.282,0.680,97.013
285.140,-30.885,0.321,0.680,96.878
285.160,-29.086,0.358,0.680,96.795
285.180,-26.859,0.381,0.680,96.770
285.200,-24.270,0.414,0.680,96.801
285.220,-21.299,0.435,0.680,96.891
285.240,-17.994,0.458,0.680,97.029
285.260,-14.467,0.472,0.680,97.214
285.280,-10.676,0.481,0.680,97.429
285.300,-6.773,0.486,0.680,97.664
285.320,-2.725,0.493,0.682,97.905
285.340,1.324,0.481,0.682,98.141
285.360,5.361,0.477,0.682,98.353
285.380,9.322,0.456,0.682,98.535
285.400,13.166,0.442,0.682,98.672
285.420,16.811,0.416,0.682,98.758
285.440,20.203,0.389,0.682,98.791
285.460,23.309,0.361,0.682,98.766
285.480,26.104,0.327,0.682,98.688
285.500,28.477,0.294,0.682,98.561
285.520,30.445,0.256,0.682,98.393
285.540,31.992,0.214,0.682,98.193
285.560,33.064,0.171,0.682,97.974
285.580,33.662,0.133,0.682,97.750
285.600,33.779,0.092,0.682,97.533
285.620,33.416,0.051,0.682,97.337
285.640,32.561,0.010,0.682,97.176
285.660,31.242,-0.020,0.682,97.059
285.680,29.473,-0.057,0.682,96.991
285.700,27.293,-0.081,0.682,96.982
285.720,24.674,-0.112,0.682,97.027
285.740,21.738,-0.134,0.682,97.128
285.760,18.486,-0.155,0.682,97.279
285.780,14.959,-0.170,0.682,97.475
285.800,11.215,-0.179,0.682,97.700
285.820,7.336,-0.183,0.682,97.946
285.840,3.322,-0.182,0.682,98.192
285.860,-0.727,-0.181,0.682,98.431
285.880,-4.764,-0.170,0.682,98.647
285.900,-8.748,-0.158,0.682,98.828
285.920,-12.545,-0.136,0.682,98.966
285.940,-16.225,-0.120,0.682,99.051
285.960,-19.652,-0.089,0.682,99.082
285.980,-22.775,-0.060,0.682,99.055
286.000,-25.570,-0.029,0.682,98.970
286.020,-27.973,0.006,0.682,98.836
286.040,-29.988,0.041,0.682,98.658
286.060,-31.576,0.079,0.682,98.448
286.080,-32.648,0.116,0.682,98.218
286.100,-33.258,0.162,0.682,97.980
286.120,-33.416,0.199,0.682,97.748
286.140,-33.082,0.244,0.682,97.536
286.160,-32.273,0.276,0.682,97.356
286.180,-30.973,0.311,0.682,97.219
286.200,-29.209,0.349,0.682,97.129
286.220,-27.018,0.375,0.682,97.096
286.240,-24.451,0.407,0.682,97.116
286.260,-21.510,0.430,0.682,97.193
286.280,-18.223,0.449,0.682,97.318
286.300,-14.719,0.465,0.682,97.485
286.320,-10.969,0.479,0.682,97.683
286.340,-7.072,0.481,0.682,97.901
286.360,-3.035,0.484,0.682,98.123
286.380,1.014,0.478,0.682,98.339
286.400,5.051,0.472,0.682,98.534
286.420,9.023,0.452,0.682,98.696
286.440,12.867,0.441,0.682,98.813
286.460,16.535,0.412,0.682,98.881
286.480,19.945,0.389,0.682,98.893
286.500,23.080,0.356,0.682,98.847
286.520,25.904,0.329,0.682,98.747
286.540,28.301,0.288,0.682,98.598
286.560,30.311,0.253,0.682,98.405
286.580,31.881,0.211,0.682,98.180
286.600,33.000,0.174,0.682,97.935
286.620,33.633,0.128,0.682,97.683
286.640,33.791,0.095,0.682,97.213
286.660,33.463,0.053,0.682,97.213
286.680,32.643,0.015,0.678,97.020
286.700,31.371,-0.020,0.678,96.871
286.720,29.619,-0.060,0.678,96.773
286.740,27.498,-0.087,0.678,96.733
286.760,24.920,-0.113,0.678,96.749
286.780,21.990,-0.137,0.678,96.821
286.800,18.768,-0.154,0.678,97.114
286.820,15.246,-0.177,0.678,97.114
286.840,11.537,-0.179,0.678,97.317
286.860,7.664,-0.188,0.681,97.540
286.880,3.645,-0.183,0.681,97.771
286.900,-0.387,-0.186,0.681,97.995
286.920,-4.424,-0.174,0.681,98.202
286.940,-8.420,-0.163,0.681,98.376
286.960,-12.264,-0.145,0.681,98.510
286.980,-15.937,-0.120,0.681,98.595
287.000,-19.377,-0.100,0.681,98.626
287.020,-22.535,-0.067,0.681,98.601
287.040,-25.359,-0.034,0.681,98.523
287.060,-27.785,0.001,0.681,98.394
287.080,-29.842,0.039,0.681,98.224
287.100,-31.471,0.075,0.681,98.021
287.120,-32.607,0.113,0.681,97.798
287.140,-33.217,0.158,0.681,97.568
287.160,-33.398,0.195,0.681,97.346
287.180,-33.117,0.236,0.681,97.144
287.200,-32.344,0.274,0.681,96.974
287.220,-31.107,0.311,0.681,96.847
287.240,-29.355,0.349,0.681,96.771
287.260,-27.229,0.375,0.681,96.753
287.280,-24.662,0.409,0.681,96.791
287.300,-21.727,0.429,0.681,96.887
287.320,-18.521,0.452,0.681,97.035
287.340,-15.018,0.467,0.681,97.226
287.360,-11.285,0.481,0.681,97.451
287.380,-7.389,0.482,0.681,97.697
287.400,-3.375,0.486,0.681,97.950
287.420,0.680,0.480,0.681,98.198
287.440,4.734,0.475,0.681,98.427
287.460,8.695,0.454,0.681,98.623
287.480,12.568,0.442,0.681,98.776
287.500,16.254,0.418,0.681,98.879
287.520,19.670,0.397,0.681,98.927
287.540,22.846,0.362,0.681,98.916
287.560,25.682,0.331,0.681,98.850
287.580,28.113,0.296,0.681,98.732
287.600,30.170,0.259,0.681,98.571
287.620,31.770,0.219,0.681,98.375
287.640,32.924,0.179,0.681,98.157
287.660,33.598,0.137,0.681,97.930
287.680,33.785,0.101,0.681,97.708
287.700,33.510,0.059,0.681,97.504
287.720,32.730,0.022,0.681,97.331
287.740,31.471,-0.013,0.681,97.200
287.760,29.766,-0.049,0.681,97.116
287.780,27.680,-0.080,0.681,97.089
287.800,25.143,-0.108,0.681,97.117
287.820,22.242,-0.130,0.681,97.202
287.840,19.043,-0.149,0.681,97.336
287.860,15.521,-0.164,0.681,97.512
287.880,11.842,-0.177,0.681,97.719
287.900,7.969,-0.183,0.681,97.950
287.920,3.973,-0.180,0.681,98.185
287.940,-0.064,-0.182,0.681,98.413
287.960,-4.107,-0.170,0.681,98.620
287.980,-8.098,-0.158,0.681,98.794
288.000,-11.965,-0.139,0.681,98.925
288.020,-15.656,-0.116,0.681,99.005
288.040,-19.107,-0.096,0.681,99.029
288.060,-22.312,-0.062,0.681,98.997
288.080,-25.131,-0.033,0.681,98.909
288.100,-27.598,0.004,0.681,98.769
288.120,-29.701,0.036,0.681,98.585
288.140,-31.324,0.074,0.681,98.366
288.160,-32.514,0.115,0.681,98.125
288.180,-33.205,0.157,0.681,97.875
288.200,-33.404,0.195,0.681,97.629
288.220,-33.164,0.239,0.681,97.402
288.240,-32.426,0.273,0.681,97.205
288.260,-31.219,0.315,0.681,97.049
288.280,-29.508,0.347,0.681,96.942
288.300,-27.410,0.377,0.681,96.891
288.320,-24.896,0.407,0.681,96.896
288.340,-21.990,0.430,0.681,96.959
288.360,-18.779,0.452,0.681,97.073
288.380,-15.287,0.468,0.681,97.231
288.400,-11.602,0.479,0.681,97.423
288.420,-7.687,0.483,0.681,97.637
288.440,-3.686,0.487,0.681,97.860
288.460,0.375,0.484,0.681,98.079
288.480,4.418,0.477,0.681,98.280
288.500,8.373,0.460,0.681,98.451
288.520,12.252,0.444,0.681,98.583
288.540,15.955,0.420,0.681,98.665
288.560,19.424,0.396,0.681,98.692
288.580,22.605,0.365,0.681,98.665
288.600,25.477,0.332,0.681,98.583
288.620,27.926,0.297,0.681,98.451
288.640,30.029,0.259,0.681,98.275
288.660,31.652,0.221,0.681,98.067
288.680,32.859,0.178,0.681,97.837
288.700,33.562,0.141,0.681,97.599
288.720,33.785,0.099,0.681,97.367
288.740,33.551,0.058,0.681,97.152
288.760,32.807,0.021,0.681,96.970
288.780,31.600,-0.017,0.681,96.830
288.800,29.918,-0.052,0.681,96.740
288.820,27.867,-0.085,0.681,96.709
288.840,25.354,-0.112,0.681,96.736
288.860,22.482,-0.131,0.681,96.820
288.880,19.312,-0.154,0.681,96.956
288.900,15.838,-0.166,0.681,97.140
288.920,12.141,-0.181,0.681,97.357
288.940,8.285,-0.187,0.681,97.599
288.960,4.307,-0.186,0.681,97.851
288.980,0.281,-0.184,0.681,98.098
289.000,-3.762,-0.174,0.681,98.326
289.020,-7.770,-0.166,0.681,98.527
289.040,-11.666,-0.146,0.681,98.686
289.060,-15.352,-0.126,0.681,98.797
289.080,-18.838,-0.104,0.681,98.853
289.100,-22.031,-0.077,0.681,98.856
289.120,-24.891,-0.040,0.681,98.801
289.140,-27.416,-0.005,0.681,98.694
289.160,-29.531,0.030,0.681,98.543
289.180,-31.213,0.068,0.681,98.357
289.200,-32.396,0.108,0.681,98.148
289.220,-33.135,0.147,0.681,97.929
289.240,-33.398,0.190,0.681,97.714
289.260,-33.187,0.229,0.681,97.517
289.280,-32.484,0.265,0.681,97.349
289.300,-31.307,0.303,0.681,97.222
289.320,-29.643,0.338,0.681,97.143
289.340,-27.568,0.369,0.681,97.118
289.360,-25.102,0.398,0.681,97.150
289.380,-22.248,0.421,0.681,97.237
289.400,-19.025,0.446,0.681,97.377
289.420,-15.586,0.464,0.681,97.560
289.440,-11.883,0.477,0.681,97.778
289.460,-8.016,0.483,0.681,98.016
289.480,-4.014,0.481,0.681,98.265
289.500,0.041,0.481,0.681,98.505
289.520,4.096,0.472,0.681,98.728
289.540,8.062,0.462,0.681,98.919
289.560,11.953,0.439,0.681,99.068
289.580,15.674,0.424,0.681,99.166
289.600,19.148,0.394,0.681,99.210
289.620,22.348,0.366,0.681,99.194
289.640,25.271,0.334,0.681,99.121
289.660,27.756,0.299,0.681,98.995
289.680,29.865,0.262,0.681,98.823
289.700,31.535,0.224,0.681,98.616
289.720,32.766,0.178,0.681,98.383
289.740,33.521,0.143,0.681,98.140
289.760,33.803,0.101,0.681,97.899
289.780,33.586,0.061,0.681,97.673
289.800,32.889,0.025,0.681,97.476
289.820,31.723,-0.014,0.681,97.319
289.840,30.082,-0.046,0.681,97.210
289.860,28.061,-0.082,0.681,97.155
289.880,25.576,-0.103,0.681,97.157
289.900,22.729,-0.132,0.681,97.213
289.920,19.576,-0.149,0.681,97.321
289.940,16.137,-0.168,0.681,97.474
289.960,12.439,-0.177,0.681,97.661
289.980,8.590,-0.183,0.681,97.870
290.000,4.617,-0.185,0.681,98.087
290.020,0.586,-0.186,0.681,98.303
290.040,-3.445,-0.171,0.681,98.499
290.060,-7.441,-0.165,0.681,98.665
290.080,-11.355,-0.145,0.681,98.793
290.100,-15.076,-0.129,0.681,98.873
290.120,-18.574,-0.101,0.681,98.899
290.140,-21.809,-0.071,0.681,98.869
290.160,-24.697,-0.042,0.681,98.783
290.180,-27.246,-0.004,0.681,98.646
290.200,-29.385,0.030,0.681,98.464
290.220,-31.131,0.071,0.681,98.248
290.240,-32.361,0.108,0.681,98.008
290.260,-33.135,0.151,0.681,97.758
290.280,-33.404,0.191,0.681,97.512
290.300,-33.223,0.232,0.681,97.283
290.320,-32.607,0.268,0.675,97.084
290.340,-31.447,0.305,0.675,96.925
290.360,-29.812,0.340,0.675,96.815
290.380,-27.773,0.375,0.675,96.761
290.400,-25.324,0.402,0.675,96.767
290.420,-22.506,0.431,0.675,96.828
290.440,-19.336,0.451,0.675,96.945
290.460,-15.879,0.468,0.675,97.109
290.480,-12.199,0.477,0.675,97.311
290.500,-8.320,0.486,0.675,97.535
290.520,-4.336,0.488,0.676,97.774
290.540,-0.305,0.486,0.676,98.009
290.560,3.762,0.476,0.676,98.230
290.580,7.764,0.467,0.676,98.422
290.600,11.648,0.444,0.676,98.575
290.620,15.375,0.427,0.676,98.681
290.640,18.879,0.398,0.676,98.735
290.660,22.096,0.369,0.676,98.732
290.680,25.043,0.340,0.676,98.674
290.700,27.568,0.304,0.676,98.567
290.720,29.695,0.269,0.676,98.414
290.740,31.424,0.228,0.676,98.226
290.760,32.678,0.189,0.676,98.014
290.780,33.486,0.146,0.676,97.791
290.800,33.791,0.107,0.676,97.571
290.820,33.621,0.070,0.676,97.367
290.840,32.959,0.032,0.676,97.193
290.860,31.822,-0.009,0.676,97.058
290.880,30.234,-0.042,0.676,96.973
290.900,28.225,-0.082,0.676,96.942
290.920,25.781,-0.099,0.676,96.972
290.940,22.986,-0.130,0.676,97.055
290.960,19.840,-0.144,0.676,97.193
290.980,16.424,-0.167,0.676,97.375
291.000,12.732,-0.174,0.676,97.594
291.020,8.918,-0.182,0.676,97.836
291.040,4.957,-0.185,0.676,98.089
291.060,0.926,-0.184,0.676,98.340
291.080,-3.117,-0.174,0.676,98.574
291.100,-7.125,-0.166,0.676,98.777
291.120,-11.045,-0.145,0.676,98.941
291.140,-14.766,-0.129,0.676,99.055
291.160,-18.287,-0.104,0.676,99.114
291.180,-21.527,-0.075,0.676,99.116
291.200,-24.463,-0.047,0.676,99.062
291.220,-27.035,-0.009,0.676,98.954
291.240,-29.203,0.020,0.676,98.800
291.260,-30.984,0.066,0.676,98.608
291.280,-32.256,0.098,0.676,98.391
291.300,-33.053,0.145,0.676,98.161
291.320,-33.369,0.179,0.676,97.931
291.340,-33.234,0.222,0.676,97.716
291.360,-32.643,0.258,0.676,97.528
291.380,-31.535,0.298,0.676,97.377
291.400,-29.941,0.332,0.676,97.275
291.420,-27.943,0.369,0.676,97.225
291.440,-25.518,0.391,0.676,97.231
291.460,-22.729,0.423,0.676,97.291
291.480,-19.564,0.439,0.676,97.404
291.500,-16.148,0.462,0.676,97.560
291.520,-12.504,0.469,0.676,97.754
291.540,-8.637,0.484,0.676,97.968
291.560,-4.658,0.482,0.676,98.196
291.580,-0.604,0.481,0.676,98.418
291.600,3.434,0.470,0.676,98.626
291.620,7.436,0.460,0.676,98.803
291.640,11.344,0.443,0.676,98.940
291.660,15.088,0.427,0.676,99.030
291.680,18.609,0.398,0.676,99.068
291.700,21.861,0.371,0.676,99.045
291.720,24.820,0.337,0.676,98.967
291.740,27.381,0.304,0.676,98.835
291.760,29.543,0.266,0.676,98.657
291.780,31.295,0.227,0.676,98.443
291.800,32.607,0.187,0.676,98.202
291.820,33.428,0.145,0.676,97.949
291.840,33.768,0.108,0.676,97.697
291.860,33.650,0.067,0.674,97.459
291.880,33.035,0.025,0.674,97.248
291.900,31.934,-0.011,0.674,97.077
291.920,30.387,-0.041,0.674,96.954
291.940,28.412,-0.081,0.674,96.883
291.960,25.998,-0.104,0.674,96.871
291.980,23.215,-0.133,0.674,96.916
292.000,20.104,-0.145,0.674,97.018
292.020,16.711,-0.170,0.674,97.163
292.040,13.061,-0.179,0.674,97.349
292.060,9.211,-0.187,0.674,97.557
292.080,5.291,-0.187,0.674,97.780
292.100,1.248,-0.187,0.675,98.001
292.120,-2.807,-0.178,0.675,98.211
292.140,-6.814,-0.168,0.675,98.391
292.160,-10.740,-0.150,0.675,98.536
292.180,-14.473,-0.135,0.675,98.633
292.200,-18.018,-0.108,0.675,98.680
292.220,-21.293,-0.079,0.675,98.671
292.240,-24.264,-0.053,0.675,98.606
292.260,-26.871,-0.012,0.675,98.492
292.280,-29.062,0.018,0.675,98.330
292.300,-30.861,0.062,0.675,98.133
292.320,-32.174,0.095,0.675,97.911
292.340,-33.035,0.141,0.675,97.677
292.360,-33.375,0.177,0.675,97.444
292.380,-33.281,0.224,0.675,97.227
292.400,-32.713,0.259,0.675,96.889
292.420,-31.641,0.297,0.675,96.889
292.440,-30.100,0.332,0.675,96.788
292.460,-28.131,0.364,0.675,96.741
292.480,-25.734,0.398,0.675,96.753
292.500,-22.963,0.422,0.675,96.824
292.520,-19.840,0.441,0.675,96.949
292.540,-16.453,0.463,0.675,97.121
292.560,-12.820,0.473,0.675,97.332
292.580,-8.971,0.481,0.675,97.569
292.600,-4.998,0.486,0.675,97.821
292.620,-0.937,0.482,0.675,98.070
292.640,3.111,0.480,0.675,98.307
292.660,7.113,0.464,0.675,98.518
292.680,11.010,0.448,0.675,98.690
292.700,14.789,0.431,0.675,98.815
292.720,18.334,0.405,0.675,98.886
292.740,21.604,0.379,0.675,98.902
292.760,24.598,0.344,0.675,98.860
292.780,27.176,0.311,0.675,98.764
292.800,29.391,0.273,0.675,98.621
292.820,31.178,0.235,0.675,98.440
292.840,32.520,0.195,0.675,98.232
292.860,33.387,0.156,0.675,98.010
292.880,33.785,0.116,0.675,97.788
292.900,33.674,0.074,0.675,97.578
292.920,33.094,0.039,0.675,97.394
292.940,32.039,0.001,0.675,97.247
292.960,30.521,-0.036,0.675,97.147
292.980,28.564,-0.071,0.675,97.101
293.000,26.209,-0.094,0.675,97.112
293.020,23.449,-0.125,0.675,97.177
293.040,20.355,-0.137,0.675,97.297
293.060,16.998,-0.163,0.675,97.458
293.080,13.354,-0.171,0.675,97.660
293.100,9.533,-0.180,0.675,97.885
293.120,5.602,-0.183,0.675,98.122
293.140,1.576,-0.179,0.675,98.356
293.160,-2.461,-0.180,0.675,98.575
293.180,-6.492,-0.162,0.675,98.767
293.200,-10.418,-0.151,0.675,98.918
293.220,-14.186,-0.126,0.675,99.022
293.240,-17.742,-0.108,0.675,99.069
293.260,-21.029,-0.078,0.675,99.063
293.280,-24.023,-0.053,0.675,98.997
293.300,-26.648,-0.011,0.675,98.879
293.320,-28.893,0.018,0.675,98.712
293.340,-30.727,0.061,0.675,98.506
293.360,-32.062,0.095,0.675,98.024
293.380,-32.977,0.140,0.675,98.024
293.400,-33.363,0.179,0.675,97.775
293.420,-33.311,0.222,0.675,97.537
293.440,-32.783,0.257,0.675,97.326
293.460,-31.740,0.297,0.675,97.150
293.480,-30.246,0.334,0.675,97.023
293.500,-28.277,0.363,0.675,96.947
293.520,-25.945,0.392,0.675,96.927
293.540,-23.227,0.421,0.675,96.962
293.560,-20.098,0.442,0.675,97.053
293.580,-16.711,0.463,0.675,97.189
293.600,-13.102,0.471,0.675,97.365
293.620,-9.275,0.485,0.675,97.566
293.640,-5.309,0.483,0.675,97.785
293.660,-1.260,0.484,0.675,98.000
293.680,2.795,0.479,0.675,98.205
293.700,6.809,0.468,0.675,98.384
293.720,10.717,0.451,0.675,98.527
293.740,14.490,0.430,0.675,98.624
293.760,18.070,0.403,0.675,98.669
293.780,21.340,0.380,0.675,98.658
293.800,24.375,0.340,0.675,98.593
293.820,26.994,0.311,0.675,98.474
293.840,29.227,0.272,0.675,98.308
293.860,31.049,0.232,0.675,98.106
293.880,32.432,0.195,0.675,97.877
293.900,33.328,0.153,0.675,97.634
293.920,33.756,0.116,0.675,97.391
293.940,33.703,0.070,0.675,97.162
293.960,33.158,0.034,0.675,96.959
293.980,32.145,-0.005,0.675,96.795
294.000,30.656,-0.037,0.675,96.680
294.020,28.746,-0.076,0.675,96.616
294.040,26.432,-0.094,0.675,96.615
294.060,23.678,-0.128,0.675,96.780
294.080,20.613,-0.141,0.675,96.780
294.100,17.273,-0.167,0.675,96.936
294.120,13.646,-0.170,0.675,97.139
294.140,9.867,-0.187,0.675,97.365
294.160,5.912,-0.185,0.675,97.611
294.180,1.881,-0.188,0.676,97.854
294.200,-2.168,-0.183,0.676,98.089
294.220,-6.176,-0.168,0.676,98.298
294.240,-10.131,-0.155,0.676,98.473
294.260,-13.904,-0.137,0.676,98.601
294.280,-17.467,-0.112,0.676,98.678
294.300,-20.795,-0.082,0.676,98.699
294.320,-23.807,-0.057,0.676,98.664
294.340,-26.449,-0.017,0.676,98.576
294.360,-28.758,0.012,0.676,98.441
294.380,-30.615,0.055,0.676,98.267
294.400,-32.016,0.091,0.676,98.065
294.420,-32.936,0.135,0.676,97.849
294.440,-33.346,0.170,0.676,97.631
294.460,-33.375,0.217,0.676,97.426
294.480,-32.865,0.251,0.676,97.246
294.500,-31.887,0.288,0.676,97.102
294.520,-30.393,0.319,0.676,97.005
294.540,-28.494,0.361,0.676,96.959
294.560,-26.191,0.386,0.676,96.973
294.580,-23.473,0.416,0.676,97.040
294.600,-20.396,0.437,0.676,97.165
294.620,-17.045,0.460,0.676,97.335
294.640,-13.447,0.467,0.676,97.547
294.660,-9.627,0.483,0.676,97.780
294.680,-5.666,0.481,0.676,98.033
294.700,-1.641,0.487,0.676,98.283
294.720,2.432,0.476,0.676,98.523
294.740,6.451,0.467,0.676,98.733
294.760,10.377,0.451,0.676,98.909
294.780,14.180,0.433,0.676,99.036
294.800,17.760,0.406,0.676,99.109
294.820,21.082,0.377,0.676,99.126
294.840,24.129,0.348,0.676,99.083
294.860,26.789,0.319,0.676,98.987
294.880,29.074,0.278,0.676,98.841
294.900,30.902,0.241,0.676,98.655
294.920,32.338,0.203,0.676,98.439
294.940,33.275,0.159,0.676,98.207
294.960,33.744,0.120,0.676,97.971
294.980,33.715,0.078,0.676,97.746
295.000,33.217,0.041,0.676,97.545
295.020,32.250,0.002,0.676,97.379
295.040,30.791,-0.031,0.676,97.258
295.060,28.910,-0.068,0.676,97.189
295.080,26.613,-0.090,0.676,97.177
295.100,23.895,-0.121,0.676,97.218
295.120,20.865,-0.140,0.676,97.315
295.140,17.543,-0.164,0.676,97.458
295.160,13.939,-0.169,0.676,97.641
295.180,10.160,-0.187,0.676,97.849
295.200,6.229,-0.185,0.676,98.074
295.220,2.203,-0.187,0.676,98.300
295.240,-1.857,-0.181,0.676,98.512
295.260,-5.871,-0.166,0.676,98.699
295.280,-9.838,-0.152,0.676,98.849
295.300,-13.641,-0.133,0.676,98.952
295.320,-17.215,-0.111,0.676,99.004
295.340,-20.566,-0.079,0.676,99.000
295.360,-23.619,-0.054,0.676,98.937
295.380,-26.297,-0.015,0.676,98.822
295.400,-28.611,0.020,0.676,98.658
295.420,-30.516,0.054,0.676,98.455
295.440,-31.945,0.091,0.676,98.224
295.460,-32.930,0.137,0.676,97.977
295.480,-33.375,0.174,0.676,97.727
295.500,-33.404,0.215,0.676,97.488
295.520,-32.924,0.250,0.675,97.273
295.540,-31.998,0.293,0.675,97.094
295.560,-30.562,0.330,0.675,96.962
295.580,-28.658,0.360,0.675,96.882
295.600,-26.355,0.391,0.675,96.860
295.620,-23.689,0.421,0.675,96.893
295.640,-20.643,0.440,0.675,96.985
295.660,-17.314,0.464,0.675,97.123
295.680,-13.723,0.472,0.675,97.305
295.700,-9.926,0.489,0.678,97.514
295.720,-5.965,0.485,0.678,97.743
295.740,-1.945,0.493,0.681,97.975
295.760,2.127,0.480,0.681,98.395
295.780,6.146,0.472,0.681,98.395
295.800,10.078,0.456,0.681,98.557
295.820,13.898,0.435,0.681,98.677
295.840,17.490,0.410,0.681,98.745
295.860,20.836,0.383,0.681,98.759
295.880,23.895,0.352,0.681,98.620
295.900,26.590,0.319,0.681,98.620
295.920,28.893,0.282,0.681,98.477
295.940,30.773,0.247,0.681,98.295
295.960,32.244,0.204,0.681,98.084
295.980,33.217,0.162,0.681,97.858
296.000,33.721,0.124,0.681,97.628
296.020,33.738,0.082,0.681,97.410
296.040,33.281,0.048,0.681,97.217
296.060,32.332,0.007,0.681,97.059
296.080,30.926,-0.025,0.681,96.948
296.100,29.086,-0.065,0.681,96.888
296.120,26.818,-0.091,0.681,96.889
296.140,24.141,-0.120,0.681,96.946
296.160,21.135,-0.138,0.681,97.060
296.180,17.830,-0.159,0.681,97.221
296.200,14.238,-0.169,0.681,97.425
296.220,10.482,-0.183,0.681,97.655
296.240,6.557,-0.184,0.681,97.904
296.260,2.549,-0.185,0.681,98.156
296.280,-1.512,-0.181,0.681,98.398
296.300,-5.543,-0.170,0.681,98.616
296.320,-9.498,-0.157,0.681,98.797
296.340,-13.295,-0.137,0.681,98.932
296.360,-16.875,-0.121,0.681,99.017
296.380,-20.279,-0.083,0.681,99.045
296.400,-23.355,-0.062,0.681,99.014
296.420,-26.039,-0.023,0.681,98.929
296.440,-28.389,0.010,0.681,98.794
296.460,-30.334,0.046,0.681,98.619
296.480,-31.805,0.085,0.681,98.414
296.500,-32.824,0.127,0.681,98.190
296.520,-33.316,0.165,0.681,97.963
296.540,-33.381,0.207,0.681,97.744
296.560,-32.936,0.243,0.681,97.548
296.580,-32.062,0.286,0.681,97.384
296.600,-30.662,0.317,0.681,97.267
296.620,-28.828,0.354,0.681,97.197
296.640,-26.572,0.381,0.681,97.186
296.660,-23.906,0.413,0.681,97.226
296.680,-20.895,0.431,0.681,97.325
296.700,-17.572,0.454,0.681,97.466
296.720,-14.016,0.468,0.681,97.651
296.740,-10.219,0.480,0.681,97.863
296.760,-6.287,0.477,0.681,98.092
296.780,-2.268,0.485,0.681,98.321
296.800,1.816,0.477,0.681,98.541
296.820,5.836,0.469,0.681,98.735
296.840,9.768,0.453,0.681,98.895
296.860,13.605,0.434,0.681,99.009
296.880,17.221,0.410,0.681,99.069
296.900,20.572,0.381,0.681,99.074
296.920,23.660,0.352,0.681,99.019
296.940,26.391,0.319,0.681,98.911
296.960,28.717,0.283,0.681,98.753
296.980,30.639,0.244,0.681,98.554
297.000,32.139,0.205,0.681,98.323
297.020,33.164,0.164,0.681,98.075
297.040,33.697,0.123,0.681,97.822
297.060,33.750,0.082,0.681,97.577
297.080,33.352,0.043,0.681,97.355
297.100,32.432,0.004,0.681,97.165
297.120,31.066,-0.027,0.681,97.023
297.140,29.250,-0.066,0.681,96.929
297.160,27.029,-0.091,0.681,96.894
297.180,24.387,-0.120,0.681,96.914
297.200,21.393,-0.141,0.681,96.992
297.220,18.117,-0.161,0.681,97.116
297.240,14.537,-0.173,0.681,97.285
297.260,10.781,-0.182,0.681,97.481
297.280,6.885,-0.188,0.681,97.698
297.300,2.865,-0.188,0.681,97.919
297.320,-1.184,-0.179,0.681,98.131
297.340,-5.221,-0.174,0.681,98.320
297.360,-9.199,-0.159,0.681,98.478
297.380,-13.020,-0.140,0.681,98.592
297.400,-16.623,-0.120,0.681,98.654
297.420,-20.039,-0.087,0.681,98.664
297.440,-23.127,-0.062,0.681,98.618
297.460,-25.875,-0.025,0.681,98.518
297.480,-28.242,0.009,0.681,98.369
297.500,-30.229,0.045,0.681,98.181
297.520,-31.723,0.087,0.681,97.728
297.540,-32.771,0.125,0.681,97.728
297.560,-33.316,0.166,0.681,97.488
297.580,-33.410,0.208,0.681,97.259
297.600,-33.041,0.243,0.681,97.053
297.620,-32.168,0.282,0.681,96.881
297.640,-30.809,0.319,0.681,96.755
297.660,-29.021,0.359,0.681,96.681
297.680,-26.777,0.384,0.681,96.667
297.700,-24.152,0.413,0.681,96.709
297.720,-21.164,0.433,0.681,96.810
297.740,-17.865,0.459,0.681,96.957
297.760,-14.332,0.469,0.681,97.154
297.780,-10.559,0.485,0.681,97.379
297.800,-6.633,0.485,0.681,97.626
297.820,-2.607,0.490,0.681,97.878
297.840,1.459,0.479,0.681,98.121
297.860,5.490,0.474,0.681,98.341
297.880,9.445,0.456,0.681,98.529
297.900,13.289,0.435,0.681,98.673
297.920,16.928,0.417,0.681,98.764
297.940,20.314,0.389,0.681,98.804
297.960,23.420,0.358,0.681,98.784
297.980,26.191,0.327,0.681,98.710
298.000,28.541,0.290,0.681,98.588
298.020,30.504,0.254,0.681,98.424
298.040,32.021,0.211,0.681,98.228
298.060,33.088,0.173,0.681,98.013
298.080,33.668,0.130,0.681,97.793
298.100,33.756,0.094,0.681,97.580
298.120,33.387,0.053,0.681,97.389
298.140,32.508,0.012,0.681,97.231
298.160,31.195,-0.020,0.681,97.117
298.180,29.396,-0.059,0.681,97.054
298.200,27.211,-0.083,0.681,97.048
298.220,24.598,-0.111,0.681,97.097
298.240,21.633,-0.135,0.681,97.202
298.260,18.375,-0.152,0.681,97.354
298.280,14.830,-0.168,0.681,97.550
298.300,11.086,-0.175,0.681,97.773
298.320,7.184,-0.186,0.681,98.016
298.340,3.182,-0.184,0.681,98.262
298.360,-0.861,-0.178,0.681,98.498
298.380,-4.893,-0.170,0.681,98.710
298.400,-8.871,-0.158,0.681,99.019
298.420,-12.703,-0.137,0.681,99.019
298.440,-16.354,-0.118,0.681,99.098
298.460,-19.758,-0.088,0.681,99.122
298.480,-22.881,-0.062,0.681,99.087
298.500,-25.664,-0.027,0.681,98.997
298.520,-28.055,0.008,0.681,98.857
298.540,-30.059,0.045,0.681,98.673
298.560,-31.605,0.081,0.681,98.456
298.580,-32.695,0.124,0.681,98.219
298.600,-33.299,0.165,0.681,97.976
298.620,-33.416,0.203,0.681,97.739
298.640,-33.076,0.244,0.681,97.522
298.660,-32.238,0.281,0.681,97.337
298.680,-30.926,0.314,0.681,97.195
298.700,-29.139,0.352,0.681,97.102
298.720,-26.936,0.379,0.681,97.066
298.740,-24.375,0.411,0.681,97.083
298.760,-21.404,0.433,0.681,97.158
298.780,-18.141,0.457,0.681,97.280
298.800,-14.596,0.466,0.681,97.447
298.820,-10.834,0.481,0.681,97.642
298.840,-6.932,0.483,0.681,97.857
298.860,-2.906,0.488,0.681,98.078
298.880,1.160,0.477,0.681,98.292
298.900,5.191,0.472,0.681,98.482
298.920,9.152,0.453,0.681,98.642
298.940,12.990,0.438,0.681,98.759
298.960,16.646,0.413,0.681,98.823
298.980,20.045,0.385,0.681,98.834
299.000,23.191,0.356,0.681,98.787
299.020,25.980,0.323,0.681,98.686
299.040,28.383,0.286,0.681,98.536
299.060,30.369,0.250,0.681,98.345
299.080,31.922,0.207,0.681,98.122
299.100,33.018,0.171,0.681,97.879
299.120,33.645,0.126,0.681,97.631
299.140,33.785,0.092,0.681,97.391
299.160,33.439,0.049,0.681,97.171
299.180,32.596,0.012,0.681,96.985
299.200,31.318,-0.021,0.681,96.843
299.220,29.549,-0.058,0.681,96.752
299.240,27.416,-0.089,0.681,96.720
299.260,24.826,-0.114,0.681,96.744
299.280,21.891,-0.141,0.681,96.826
299.300,18.656,-0.156,0.681,96.962
299.320,15.135,-0.174,0.681,97.140
299.340,11.402,-0.181,0.681,97.350
299.360,7.535,-0.189,0.682,97.584
299.380,3.521,-0.188,0.682,97.825
299.400,-0.516,-0.183,0.682,98.060
299.420,-4.553,-0.177,0.682,98.275
299.440,-8.543,-0.159,0.682,98.459
299.460,-12.387,-0.147,0.682,98.600
299.480,-16.043,-0.124,0.682,98.693
299.500,-19.500,-0.099,0.682,98.732
299.520,-22.629,-0.066,0.682,98.715
299.540,-25.424,-0.038,0.682,98.643
299.560,-27.867,0.001,0.682,98.523
299.580,-29.912,0.038,0.682,98.359
299.600,-31.506,0.073,0.682,98.164
299.620,-32.625,0.114,0.682,97.949
299.640,-33.246,0.157,0.682,97.728
299.660,-33.404,0.195,0.682,97.513
299.680,-33.117,0.237,0.682,97.320
299.700,-32.338,0.272,0.682,97.158
299.720,-31.055,0.311,0.682,97.040
299.740,-29.303,0.348,0.682,96.972
299.760,-27.135,0.374,0.682,96.962
299.780,-24.592,0.409,0.682,97.007
299.800,-21.656,0.431,0.682,97.112
299.820,-18.434,0.452,0.682,97.265
299.840,-14.918,0.467,0.682,97.462
299.860,-11.162,0.477,0.682,97.692
299.880,-7.260,0.483,0.682,97.941
299.900,-3.246,0.486,0.682,98.195
299.920,0.809,0.479,0.682,98.444
299.940,4.846,0.474,0.682,98.671
299.960,8.824,0.460,0.682,98.866
299.980,12.662,0.440,0.682,99.018
300.000,16.354,0.417,0.682,99.116
300.020,19.775,0.392,0.682,99.158
300.040,22.939,0.361,0.682,99.142
300.060,25.764,0.329,0.682,99.070
300.080,28.184,0.295,0.682,98.946
300.100,30.240,0.256,0.682,98.778
300.120,31.822,0.219,0.682,98.576
300.140,32.947,0.174,0.682,98.352
300.160,33.609,0.132,0.682,98.120
300.180,33.785,0.099,0.682,97.892
300.200,33.486,0.054,0.682,97.682
300.220,32.684,0.020,0.682,97.504
300.240,31.430,-0.017,0.682,97.367
300.260,29.707,-0.054,0.682,97.278
300.280,27.604,-0.084,0.682,97.245
300.300,25.049,-0.109,0.682,97.267
300.320,22.131,-0.132,0.682,97.471
300.340,18.926,-0.153,0.682,97.471
300.360,15.422,-0.170,0.682,97.641
300.380,11.689,-0.174,0.682,97.841
300.400,7.828,-0.187,0.682,98.061
300.420,3.832,-0.179,0.682,98.287
300.440,-0.223,-0.182,0.682,98.504
300.460,-4.277,-0.173,0.682,98.700
300.480,-8.244,-0.158,0.682,98.864
300.500,-12.105,-0.141,0.682,98.985
300.520,-15.797,-0.116,0.682,99.056
300.540,-19.230,-0.094,0.682,99.070
300.560,-22.436,-0.062,0.682,99.030
300.580,-25.260,-0.031,0.682,98.932
300.600,-27.697,0.004,0.682,98.784
300.620,-29.777,0.039,0.682,98.592
300.640,-31.395,0.080,0.682,98.368
300.660,-32.578,0.116,0.682,98.121
300.680,-33.223,0.163,0.682,97.866
300.700,-33.434,0.195,0.682,97.618
300.720,-33.146,0.244,0.682,97.387
300.740,-32.414,0.272,0.679,97.189
300.760,-31.184,0.317,0.679,97.032
300.780,-29.473,0.348,0.679,96.926
300.800,-27.340,0.377,0.679,96.874
300.820,-24.814,0.409,0.679,96.880
300.840,-21.914,0.431,0.679,96.943
300.860,-18.703,0.452,0.679,97.057
300.880,-15.205,0.469,0.679,97.215
300.900,-11.461,0.479,0.679,97.411
300.920,-7.570,0.488,0.679,97.627
300.940,-3.557,0.489,0.679,97.853
300.960,0.492,0.485,0.679,98.075
300.980,4.523,0.476,0.679,98.279
301.000,8.514,0.461,0.679,98.452
301.020,12.381,0.442,0.679,98.586
301.040,16.066,0.418,0.679,98.670
301.060,19.512,0.398,0.679,98.701
301.080,22.693,0.363,0.679,98.677
301.100,25.553,0.333,0.679,98.598
301.120,28.008,0.298,0.679,98.470
301.140,30.070,0.263,0.679,98.299
301.160,31.711,0.222,0.679,98.096
301.180,32.889,0.181,0.679,97.871
301.200,33.580,0.140,0.679,97.638
301.220,33.791,0.100,0.679,97.412
301.240,33.533,0.058,0.679,97.205
301.260,32.766,0.023,0.679,97.029
301.280,31.559,-0.017,0.679,96.897
301.300,29.871,-0.048,0.679,96.815
301.320,27.785,-0.083,0.679,96.790
301.340,25.271,-0.107,0.679,96.825
301.360,22.395,-0.133,0.679,96.917
301.380,19.195,-0.150,0.679,97.060
301.400,15.721,-0.170,0.679,97.248
301.420,12.006,-0.178,0.679,97.472
301.440,8.156,-0.187,0.679,97.718
301.460,4.172,-0.184,0.679,97.972
301.480,0.129,-0.186,0.679,98.221
301.500,-3.926,-0.177,0.679,98.452
301.520,-7.922,-0.166,0.679,98.653
301.540,-11.777,-0.146,0.679,98.812
301.560,-15.480,-0.126,0.679,98.920
301.580,-18.943,-0.104,0.679,98.974
301.600,-22.154,-0.070,0.679,98.972
301.620,-25.008,-0.039,0.679,98.913
301.640,-27.498,-0.004,0.679,98.802
301.660,-29.613,0.030,0.679,98.647
301.680,-31.266,0.070,0.679,98.457
301.700,-32.455,0.108,0.679,98.244
301.720,-33.193,0.148,0.679,98.021
301.740,-33.422,0.190,0.679,97.802
301.760,-33.199,0.231,0.679,97.600
301.780,-32.467,0.265,0.679,97.428
301.800,-31.283,0.307,0.679,97.295
301.820,-29.602,0.341,0.679,97.212
301.840,-27.521,0.371,0.679,97.209
301.860,-25.020,0.403,0.679,97.209
301.880,-22.137,0.424,0.679,97.291
301.900,-18.949,0.447,0.679,97.424
301.920,-15.445,0.462,0.679,97.598
301.940,-11.783,0.476,0.679,97.807
301.960,-7.893,0.483,0.679,98.037
301.980,-3.885,0.485,0.679,98.274
302.000,0.182,0.480,0.679,98.506
302.020,4.230,0.473,0.679,98.716
302.040,8.203,0.460,0.679,98.897
302.060,12.070,0.440,0.679,99.036
302.080,15.791,0.420,0.679,99.123
302.100,19.254,0.393,0.679,99.154
302.120,22.447,0.365,0.679,99.128
302.140,25.342,0.336,0.679,99.045
302.160,27.832,0.295,0.679,98.909
302.180,29.924,0.258,0.679,98.728
302.200,31.588,0.224,0.679,98.512
302.220,32.812,0.179,0.679,98.272
302.240,33.539,0.141,0.679,98.022
302.260,33.779,0.099,0.679,97.774
302.280,33.568,0.057,0.679,97.543
302.300,32.848,0.021,0.679,97.341
302.320,31.664,-0.014,0.679,97.180
302.340,30.023,-0.047,0.679,97.067
302.360,27.979,-0.087,0.679,97.009
302.380,25.488,-0.105,0.679,97.010
302.400,22.623,-0.137,0.679,97.064
302.420,19.465,-0.150,0.679,97.173
302.440,16.002,-0.171,0.679,97.324
302.460,12.316,-0.175,0.679,97.511
302.480,8.461,-0.188,0.679,97.719
302.500,4.471,-0.183,0.679,97.939
302.520,0.439,-0.186,0.679,98.153
302.540,-3.598,-0.172,0.679,98.353
302.560,-7.611,-0.166,0.679,98.520
302.580,-11.508,-0.146,0.679,98.650
302.600,-15.211,-0.121,0.679,98.731
302.620,-18.703,-0.103,0.679,98.757
302.640,-21.920,-0.069,0.679,98.729
302.660,-24.814,-0.042,0.679,98.646
302.680,-27.346,-0.002,0.679,98.513
302.700,-29.473,0.030,0.679,98.335
302.720,-31.189,0.071,0.679,98.123
302.740,-32.408,0.111,0.679,97.889
302.760,-33.158,0.147,0.679,97.645
302.780,-33.428,0.191,0.679,97.405
302.800,-33.252,0.230,0.679,97.184
302.820,-32.584,0.264,0.678,96.992
302.840,-31.430,0.304,0.678,96.841
302.860,-29.777,0.338,0.678,96.741
302.880,-27.721,0.373,0.678,96.695
302.900,-25.271,0.400,0.678,96.708
302.920,-22.430,0.427,0.678,96.779
302.940,-19.236,0.450,0.678,96.905
302.960,-15.785,0.466,0.678,97.075
302.980,-12.111,0.477,0.678,97.285
303.000,-8.232,0.485,0.678,97.515
303.020,-4.242,0.489,0.678,97.760
303.040,-0.182,0.485,0.678,98.003
303.060,3.873,0.477,0.678,98.229
303.080,7.852,0.465,0.678,98.426
303.100,11.754,0.446,0.678,98.583
303.120,15.475,0.427,0.678,98.693
303.140,18.973,0.403,0.678,98.748
303.160,22.201,0.369,0.678,98.749
303.180,25.131,0.342,0.678,98.692
303.200,27.633,0.303,0.678,98.585
303.220,29.760,0.269,0.678,98.432
303.240,31.477,0.232,0.678,98.245
303.260,32.736,0.188,0.678,98.033
303.280,33.498,0.148,0.678,97.810
303.300,33.791,0.105,0.678,97.591
303.320,33.609,0.066,0.678,97.387
303.340,32.936,0.031,0.678,97.213
303.360,31.775,-0.008,0.678,97.077
303.380,30.182,-0.041,0.678,96.991
303.400,28.160,-0.079,0.678,96.959
303.420,25.687,-0.095,0.678,96.986
303.440,22.869,-0.127,0.678,97.064
303.460,19.729,-0.145,0.678,97.198
303.480,16.289,-0.167,0.678,97.376
303.500,12.615,-0.175,0.678,97.592
303.520,8.783,-0.187,0.678,97.829
303.540,4.811,-0.181,0.678,98.078
303.560,0.773,-0.183,0.678,98.319
303.580,-3.287,-0.172,0.678,98.544
303.600,-7.266,-0.166,0.678,98.736
303.620,-11.186,-0.146,0.678,98.890
303.640,-14.918,-0.127,0.678,98.995
303.660,-18.422,-0.104,0.678,99.044
303.680,-21.668,-0.071,0.678,99.036
303.700,-24.562,-0.046,0.678,98.970
303.720,-27.135,-0.003,0.678,98.853
303.740,-29.314,0.027,0.678,98.688
303.760,-31.072,0.066,0.678,98.487
303.780,-32.309,0.103,0.678,98.260
303.800,-33.111,0.146,0.678,98.020
303.820,-33.404,0.185,0.678,97.782
303.840,-33.258,0.226,0.678,97.559
303.860,-32.643,0.262,0.678,97.364
303.880,-31.512,0.301,0.678,97.205
303.900,-29.895,0.336,0.678,97.096
303.920,-27.879,0.368,0.678,97.039
303.940,-25.430,0.397,0.678,97.038
303.960,-22.641,0.422,0.678,97.092
303.980,-19.471,0.445,0.678,97.199
304.000,-16.043,0.457,0.678,97.351
304.020,-12.375,0.475,0.678,97.537
304.040,-8.525,0.479,0.678,97.748
304.060,-4.535,0.485,0.678,97.969
304.080,-0.492,0.481,0.678,98.190
304.100,3.568,0.472,0.678,98.394
304.120,7.559,0.460,0.678,98.567
304.140,11.455,0.443,0.678,98.702
304.160,15.199,0.422,0.678,98.789
304.180,18.703,0.397,0.678,98.821
304.200,21.955,0.368,0.678,98.797
304.220,24.908,0.339,0.678,98.717
304.240,27.457,0.301,0.678,98.585
304.260,29.619,0.265,0.678,98.408
304.280,31.348,0.227,0.678,98.194
304.300,32.643,0.188,0.678,97.956
304.320,33.463,0.145,0.678,97.705
304.340,33.773,0.105,0.678,97.457
304.360,33.633,0.067,0.677,97.223
304.380,32.994,0.027,0.677,97.018
304.400,31.898,-0.012,0.677,96.854
304.420,30.322,-0.042,0.677,96.737
304.440,28.342,-0.081,0.677,96.676
304.460,25.916,-0.100,0.677,96.673
304.480,23.127,-0.133,0.677,96.726
304.500,19.986,-0.144,0.677,96.835
304.520,16.582,-0.169,0.677,96.988
304.540,12.926,-0.177,0.677,97.183
304.560,9.105,-0.187,0.677,97.402
304.580,5.145,-0.185,0.677,97.635
304.600,1.102,-0.186,0.677,97.865
304.620,-2.959,-0.182,0.677,98.083
304.640,-6.949,-0.166,0.677,98.274
304.660,-10.869,-0.154,0.677,98.427
304.680,-14.590,-0.130,0.677,98.534
304.700,-18.135,-0.110,0.677,98.587
304.720,-21.410,-0.077,0.677,98.587
304.740,-24.352,-0.054,0.677,98.529
304.760,-26.930,-0.009,0.677,98.422
304.780,-29.133,0.019,0.677,98.268
304.800,-30.937,0.067,0.677,98.079
304.820,-32.238,0.098,0.677,97.864
304.840,-33.082,0.143,0.677,97.637
304.860,-33.398,0.178,0.677,97.413
304.880,-33.299,0.223,0.677,97.204
304.900,-32.719,0.263,0.677,97.023
304.920,-31.635,0.296,0.677,96.882
304.940,-30.100,0.335,0.677,96.790
304.960,-28.084,0.365,0.677,96.752
304.980,-25.687,0.394,0.677,96.773
305.000,-22.898,0.423,0.677,96.850
305.020,-19.752,0.440,0.677,96.983
305.040,-16.365,0.463,0.677,97.159
305.060,-12.721,0.473,0.677,97.377
305.080,-8.848,0.482,0.677,97.617
305.100,-4.881,0.485,0.677,97.873
305.120,-0.838,0.484,0.677,98.124
305.140,3.223,0.478,0.677,98.364
305.160,7.225,0.467,0.677,98.576
305.180,11.127,0.447,0.677,98.747
305.200,14.900,0.431,0.677,98.871
305.220,18.434,0.402,0.677,98.941
305.240,21.680,0.377,0.677,98.953
305.260,24.674,0.346,0.677,98.909
305.280,27.258,0.313,0.677,98.811
305.300,29.461,0.274,0.677,98.666
305.320,31.219,0.234,0.677,98.483
305.340,32.566,0.195,0.677,98.273
305.360,33.404,0.153,0.677,98.049
305.380,33.762,0.115,0.677,97.825
305.400,33.668,0.074,0.677,97.613
305.420,33.076,0.036,0.677,97.428
305.440,31.998,-0.001,0.677,97.279
305.460,30.457,-0.037,0.677,97.178
305.480,28.494,-0.075,0.677,97.130
305.500,26.133,-0.091,0.677,97.140
305.520,23.350,-0.129,0.677,97.202
305.540,20.244,-0.137,0.677,97.321
305.560,16.857,-0.164,0.677,97.479
305.580,13.219,-0.170,0.677,97.679
305.600,9.398,-0.183,0.677,97.900
305.620,5.461,-0.183,0.677,98.135
305.640,1.424,-0.182,0.677,98.367
305.660,-2.625,-0.170,0.677,98.583
305.680,-6.662,-0.165,0.677,98.767
305.700,-10.576,-0.147,0.677,98.915
305.720,-14.326,-0.127,0.677,99.015
305.740,-17.883,-0.105,0.677,99.059
305.760,-21.158,-0.075,0.677,99.048
305.780,-24.158,-0.047,0.677,98.978
305.800,-26.748,-0.007,0.677,98.856
305.820,-28.998,0.023,0.677,98.685
305.840,-30.803,0.067,0.677,98.476
305.860,-32.145,0.099,0.677,98.240
305.880,-33.018,0.145,0.677,97.990
305.900,-33.404,0.182,0.677,97.739
305.920,-33.322,0.225,0.677,97.501
305.940,-32.771,0.258,0.677,97.290
305.960,-31.717,0.299,0.677,97.115
305.980,-30.229,0.335,0.677,96.989
306.000,-28.230,0.365,0.677,96.912
306.020,-25.881,0.394,0.677,96.894
306.040,-23.115,0.424,0.677,96.931
306.060,-20.004,0.438,0.677,97.026
306.080,-16.623,0.465,0.677,97.163
306.100,-13.008,0.475,0.677,97.344
306.120,-9.158,0.483,0.677,97.548
306.140,-5.191,0.487,0.677,97.767
306.160,-1.154,0.483,0.677,97.985
306.180,2.900,0.481,0.677,98.193
306.200,6.926,0.468,0.677,98.375
306.220,10.822,0.450,0.677,98.520
306.240,14.613,0.428,0.677,98.619
306.260,18.158,0.406,0.677,98.663
306.280,21.439,0.377,0.677,98.656
306.300,24.451,0.346,0.677,98.590
306.320,27.064,0.311,0.677,98.474
306.340,29.291,0.276,0.677,98.312
306.360,31.090,0.235,0.677,98.113
306.380,32.467,0.196,0.677,97.888
306.400,33.346,0.153,0.677,97.649
306.420,33.756,0.114,0.677,97.411
306.440,33.686,0.075,0.677,97.187
306.460,33.146,0.035,0.677,96.990
306.480,32.092,-0.001,0.677,96.832
306.500,30.592,-0.038,0.677,96.722
306.520,28.682,-0.071,0.677,96.667
306.540,26.326,-0.097,0.677,96.670
306.560,23.584,-0.125,0.677,96.732
306.580,20.514,-0.145,0.677,96.848
306.600,17.156,-0.165,0.677,97.014
306.620,13.512,-0.174,0.677,97.219
306.640,9.727,-0.187,0.677,97.453
306.660,5.789,-0.188,0.677,97.704
306.680,1.758,-0.186,0.677,97.954
306.700,-2.279,-0.183,0.677,98.190
306.720,-6.305,-0.168,0.677,98.404
306.740,-10.242,-0.158,0.677,98.578
306.760,-14.010,-0.136,0.677,98.709
306.780,-17.566,-0.112,0.677,98.786
306.800,-20.877,-0.085,0.677,98.809
306.820,-23.906,-0.054,0.677,98.774
306.840,-26.543,-0.019,0.677,98.686
306.860,-28.811,0.016,0.677,98.550
306.880,-30.668,0.056,0.677,98.377
306.900,-32.027,0.090,0.677,98.175
306.920,-32.959,0.136,0.677,97.959
306.940,-33.357,0.172,0.677,97.741
306.960,-33.346,0.216,0.677,97.536
306.980,-32.812,0.254,0.677,97.357
307.000,-31.811,0.291,0.677,97.213
307.020,-30.334,0.327,0.677,97.118
307.040,-28.389,0.360,0.677,97.072
307.060,-26.080,0.387,0.677,97.086
307.080,-23.355,0.419,0.677,97.151
307.100,-20.262,0.435,0.677,97.275
307.120,-16.887,0.459,0.677,97.442
307.140,-13.289,0.468,0.677,97.649
307.160,-9.475,0.483,0.677,97.879
307.180,-5.514,0.481,0.677,98.127
307.200,-1.471,0.482,0.677,98.373
307.220,2.590,0.475,0.677,98.604
307.240,6.609,0.464,0.677,98.809
307.260,10.518,0.449,0.677,98.974
307.280,14.314,0.431,0.677,99.094
307.300,17.877,0.403,0.677,99.158
307.320,21.187,0.377,0.677,99.166
307.340,24.234,0.342,0.677,99.114
307.360,26.859,0.315,0.677,99.008
307.380,29.139,0.274,0.677,98.853
307.400,30.961,0.239,0.677,98.658
307.420,32.367,0.197,0.677,98.434
307.440,33.299,0.157,0.677,98.194
307.460,33.738,0.119,0.677,97.951
307.480,33.703,0.077,0.677,97.719
307.500,33.199,0.039,0.677,97.510
307.520,32.191,0.000,0.677,97.338
307.540,30.732,-0.032,0.677,97.210
307.560,28.840,-0.069,0.677,97.134
307.580,26.537,-0.091,0.677,97.116
307.600,23.812,-0.120,0.677,97.150
307.620,20.771,-0.141,0.677,97.240
307.640,17.437,-0.162,0.677,97.375
307.660,13.799,-0.171,0.677,97.551
307.680,10.043,-0.182,0.677,97.752
307.700,6.082,-0.183,0.677,97.969
307.720,2.068,-0.182,0.677,98.187
307.740,-1.986,-0.180,0.677,98.392
307.760,-6.012,-0.167,0.677,98.572
307.780,-9.961,-0.152,0.677,98.717
307.800,-13.752,-0.131,0.677,98.813
307.820,-17.344,-0.110,0.677,98.859
307.840,-20.666,-0.080,0.677,98.849
307.860,-23.684,-0.052,0.677,98.784
307.880,-26.379,-0.018,0.677,98.664
307.900,-28.670,0.018,0.677,98.497
307.920,-30.580,0.057,0.677,98.292
307.940,-31.969,0.091,0.677,98.058
307.960,-32.941,0.137,0.677,97.809
307.980,-33.352,0.172,0.677,97.559
308.000,-33.393,0.221,0.677,97.320
308.020,-32.906,0.249,0.675,97.107
308.040,-31.945,0.293,0.675,96.930
308.060,-30.492,0.328,0.675,96.801
308.080,-28.600,0.360,0.675,96.723
308.100,-26.314,0.394,0.675,96.706
308.120,-23.607,0.420,0.675,96.743
308.140,-20.555,0.439,0.675,96.840
308.160,-17.203,0.460,0.675,96.982
308.180,-13.629,0.471,0.675,97.169
308.200,-9.803,0.487,0.675,97.383
308.220,-5.854,0.485,0.675,97.617
308.240,-1.828,0.489,0.678,97.850
308.260,2.238,0.480,0.678,98.078
308.280,6.275,0.472,0.678,98.280
308.300,10.195,0.455,0.678,98.448
308.320,14.010,0.437,0.678,98.572
308.340,17.602,0.409,0.678,98.645
308.360,20.936,0.385,0.678,98.662
308.380,24.000,0.353,0.678,98.623
308.400,26.666,0.320,0.678,98.531
308.420,28.963,0.284,0.678,98.392
308.440,30.838,0.245,0.678,98.214
308.460,32.273,0.206,0.678,98.008
308.480,33.240,0.161,0.678,97.786
308.500,33.738,0.126,0.678,97.562
308.520,33.727,0.081,0.678,97.349
308.540,33.270,0.044,0.678,97.161
308.560,32.297,0.005,0.678,97.009
308.580,30.879,-0.030,0.678,96.904
308.600,29.016,-0.069,0.678,96.851
308.620,26.736,-0.091,0.678,96.859
308.640,24.047,-0.120,0.678,96.919
308.660,21.041,-0.141,0.678,97.040
308.680,17.719,-0.160,0.678,97.206
308.700,14.109,-0.173,0.678,97.414
308.720,10.342,-0.183,0.678,97.650
308.740,6.416,-0.184,0.678,97.902
308.760,2.402,-0.183,0.678,98.157
308.780,-1.641,-0.181,0.678,98.398
308.800,-5.672,-0.170,0.678,98.616
308.820,-9.645,-0.154,0.678,98.797
308.840,-13.430,-0.135,0.678,98.932
308.860,-17.010,-0.117,0.678,99.013
308.880,-20.396,-0.084,0.678,99.040
308.900,-23.449,-0.056,0.678,99.007
308.920,-26.133,-0.021,0.678,98.921
308.940,-28.488,0.012,0.678,98.784
308.960,-30.381,0.050,0.678,98.607
308.980,-31.852,0.085,0.678,98.399
309.000,-32.842,0.129,0.678,98.175
309.020,-33.316,0.165,0.678,97.945
309.040,-33.387,0.210,0.678,97.725
309.060,-32.930,0.244,0.678,97.528
309.080,-32.021,0.283,0.678,97.364
309.100,-30.609,0.319,0.678,97.245
309.120,-28.752,0.356,0.678,97.176
309.140,-26.461,0.384,0.678,97.163
309.160,-23.807,0.414,0.678,97.206
309.180,-20.771,0.432,0.678,97.304
309.200,-17.461,0.456,0.678,97.446
309.220,-13.910,0.464,0.678,97.632
309.240,-10.090,0.478,0.678,97.841
309.260,-6.141,0.478,0.678,98.068
309.280,-2.133,0.486,0.678,98.296
309.300,1.939,0.473,0.678,98.514
309.320,5.971,0.467,0.678,98.706
309.340,9.908,0.451,0.678,98.863
309.360,13.717,0.434,0.678,98.973
309.380,17.332,0.408,0.678,99.032
309.400,20.678,0.384,0.678,99.033
309.420,23.760,0.347,0.678,98.977
309.440,26.467,0.319,0.678,98.865
309.460,28.799,0.279,0.678,98.705
309.480,30.697,0.243,0.678,98.504
309.500,32.180,0.203,0.678,98.272
309.520,33.187,0.162,0.678,98.023
309.540,33.703,0.124,0.678,97.769
309.560,33.738,0.081,0.678,97.525
309.580,33.322,0.045,0.678,97.304
309.600,32.391,0.004,0.678,97.117
309.620,31.014,-0.028,0.678,96.975
309.640,29.168,-0.067,0.678,96.884
309.660,26.947,-0.091,0.678,96.852
309.680,24.287,-0.118,0.678,96.874
309.700,21.275,-0.141,0.678,96.954
309.720,17.988,-0.160,0.678,97.081
309.740,14.414,-0.176,0.678,97.252
309.760,10.664,-0.183,0.678,97.453
309.780,6.750,-0.184,0.678,97.891
309.800,2.736,-0.187,0.678,97.891
309.820,-1.318,-0.181,0.678,98.104
309.840,-5.344,-0.174,0.678,98.295
309.860,-9.316,-0.162,0.678,98.454
309.880,-13.125,-0.140,0.678,98.569
309.900,-16.734,-0.121,0.678,98.633
309.920,-20.150,-0.088,0.678,98.643
309.940,-23.215,-0.062,0.678,98.596
309.960,-25.963,-0.026,0.678,98.497
309.980,-28.318,0.006,0.678,98.349
310.000,-30.264,0.045,0.678,98.162
310.020,-31.787,0.084,0.678,97.945
310.040,-32.818,0.127,0.678,97.712
310.060,-33.346,0.166,0.678,97.475
310.080,-33.422,0.208,0.678,97.248
310.100,-33.000,0.245,0.678,97.045
310.120,-32.156,0.283,0.678,96.876
310.140,-30.762,0.319,0.678,96.754
310.160,-28.951,0.356,0.678,96.682
310.180,-26.719,0.382,0.678,96.670
310.200,-24.070,0.416,0.678,96.715
310.220,-21.059,0.434,0.678,96.819
310.240,-17.754,0.458,0.678,96.970
310.260,-14.227,0.468,0.678,97.167
310.280,-10.430,0.481,0.678,97.391
310.300,-6.498,0.484,0.678,97.636
310.320,-2.473,0.489,0.678,97.887
310.340,1.600,0.477,0.678,98.131
310.360,5.619,0.474,0.678,98.349
310.380,9.562,0.454,0.678,98.535
310.400,13.406,0.439,0.678,98.676
310.420,17.033,0.414,0.678,98.766
310.440,20.420,0.387,0.678,98.801
310.460,23.514,0.355,0.678,98.779
310.480,26.256,0.326,0.678,98.701
310.500,28.611,0.290,0.678,98.574
310.520,30.562,0.253,0.678,98.407
310.540,32.080,0.211,0.678,98.207
310.560,33.123,0.174,0.678,97.989
310.580,33.680,0.131,0.678,97.765
310.600,33.762,0.086,0.678,97.549
310.620,33.369,0.053,0.678,97.356
310.640,32.484,0.011,0.678,97.195
310.660,31.143,-0.019,0.678,97.078
310.680,29.326,-0.060,0.678,97.011
310.700,27.141,-0.084,0.678,97.003
310.720,24.521,-0.112,0.678,97.047
310.740,21.521,-0.134,0.678,97.148
310.760,18.264,-0.154,0.678,97.295
310.780,14.695,-0.169,0.678,97.486
310.800,10.945,-0.176,0.678,97.705
310.820,7.049,-0.183,0.678,97.942
310.840,3.053,-0.183,0.678,98.181
310.860,-0.996,-0.179,0.678,98.411
310.880,-5.021,-0.167,0.678,98.617
310.900,-9.023,-0.154,0.678,98.787
310.920,-12.832,-0.134,0.678,98.911
310.940,-16.465,-0.114,0.678,98.984
310.960,-19.863,-0.087,0.678,99.001
310.980,-22.980,-0.060,0.678,98.960
311.000,-25.752,-0.023,0.678,98.864
311.020,-28.160,0.010,0.678,98.716
311.040,-30.105,0.044,0.678,98.526
311.060,-31.652,0.086,0.678,98.304
311.080,-32.707,0.124,0.678,98.063
311.100,-33.305,0.166,0.678,97.815
311.120,-33.434,0.204,0.678,97.574
311.140,-33.035,0.241,0.678,97.354
311.160,-32.209,0.282,0.678,97.166
311.180,-30.873,0.315,0.678,97.023
311.200,-29.098,0.355,0.678,96.928
311.220,-26.877,0.381,0.678,96.890
311.240,-24.275,0.412,0.678,96.908
311.260,-21.299,0.433,0.678,96.982
311.280,-18.012,0.456,0.678,97.104
311.300,-14.502,0.465,0.678,97.270
311.320,-10.723,0.479,0.678,97.464
311.340,-6.814,0.485,0.678,97.678
311.360,-2.783,0.486,0.678,97.900
311.380,1.295,0.477,0.678,98.113
311.400,5.314,0.473,0.678,98.303
311.420,9.258,0.453,0.678,98.462
311.440,13.102,0.436,0.678,98.578
311.460,16.752,0.415,0.678,98.643
311.480,20.156,0.385,0.678,98.654
311.500,23.279,0.358,0.678,98.608
311.520,26.051,0.323,0.678,98.509
311.540,28.441,0.290,0.678,98.360
311.560,30.422,0.252,0.678,98.172
311.580,31.963,0.210,0.678,97.952
311.600,33.059,0.171,0.678,97.713
311.620,33.656,0.130,0.678,97.469
311.640,33.779,0.087,0.678,97.232
311.660,33.428,0.050,0.677,97.018
311.680,32.566,0.010,0.677,96.838
311.700,31.271,-0.022,0.677,96.703
311.720,29.479,-0.061,0.677,96.618
311.740,27.340,-0.087,0.677,96.594
311.760,24.732,-0.116,0.677,96.625
311.780,21.785,-0.138,0.677,96.717
311.800,18.545,-0.158,0.677,96.856
311.820,15.018,-0.175,0.677,97.042
311.840,11.256,-0.182,0.677,97.260
311.860,7.395,-0.191,0.680,97.501
311.880,3.393,-0.185,0.680,97.748
311.900,-0.656,-0.185,0.680,97.987
311.920,-4.693,-0.172,0.680,98.207
311.940,-8.684,-0.164,0.680,98.395
311.960,-12.521,-0.141,0.680,98.541
311.980,-16.166,-0.126,0.680,98.637
312.000,-19.600,-0.095,0.680,98.679
312.020,-22.723,-0.069,0.680,98.665
312.040,-25.523,-0.033,0.680,98.597
312.060,-27.937,0.002,0.680,98.478
312.080,-29.988,0.037,0.680,98.317
312.100,-31.564,0.077,0.680,98.124
312.120,-32.637,0.114,0.680,97.912
312.140,-33.252,0.160,0.680,97.693
312.160,-33.410,0.198,0.680,97.482
312.180,-33.088,0.237,0.680,97.291
312.200,-32.291,0.274,0.680,97.132
312.220,-31.002,0.313,0.680,97.018
312.240,-29.238,0.349,0.680,96.953
312.260,-27.041,0.378,0.680,96.945
312.280,-24.504,0.408,0.680,96.993
312.300,-21.551,0.429,0.680,97.098
312.320,-18.281,0.452,0.680,97.254
312.340,-14.789,0.468,0.680,97.452
312.360,-11.033,0.477,0.680,97.680
312.380,-7.125,0.485,0.680,97.928
312.400,-3.111,0.487,0.680,98.182
312.420,0.949,0.477,0.680,98.430
312.440,4.992,0.472,0.680,98.654
312.460,8.947,0.452,0.680,98.845
312.480,12.809,0.442,0.680,98.991
312.500,16.471,0.413,0.680,99.086
312.520,19.898,0.389,0.680,99.123
312.540,23.027,0.360,0.680,99.102
312.560,25.846,0.327,0.680,99.026
312.580,28.266,0.290,0.680,98.898
312.600,30.287,0.253,0.680,98.726
312.620,31.857,0.217,0.680,98.519
312.640,32.982,0.176,0.680,98.292
312.660,33.615,0.133,0.680,98.056
312.680,33.791,0.094,0.680,97.825
312.700,33.475,0.055,0.680,97.613
312.720,32.660,0.015,0.680,97.432
312.740,31.383,-0.019,0.680,97.294
312.760,29.654,-0.055,0.680,97.203
312.780,27.533,-0.082,0.680,97.170
312.800,24.949,-0.108,0.680,97.190
312.820,22.031,-0.135,0.680,97.266
312.840,18.814,-0.152,0.680,97.391
312.860,15.299,-0.167,0.680,97.559
312.880,11.584,-0.178,0.680,97.757
312.900,7.693,-0.187,0.680,97.976
312.920,3.686,-0.182,0.680,98.201
312.940,-0.352,-0.183,0.680,98.417
312.960,-4.395,-0.173,0.680,98.613
312.980,-8.379,-0.158,0.680,98.777
313.000,-12.240,-0.143,0.680,98.896
313.020,-15.908,-0.120,0.680,98.967
313.040,-19.354,-0.092,0.680,98.980
313.060,-22.535,-0.067,0.680,98.938
313.080,-25.336,-0.031,0.680,98.842
313.100,-27.791,0.003,0.680,98.694
313.120,-29.859,0.039,0.680,98.503
313.140,-31.471,0.078,0.680,98.279
313.160,-32.613,0.117,0.680,98.034
313.180,-33.252,0.159,0.680,97.782
313.200,-33.416,0.197,0.680,97.536
313.220,-33.170,0.244,0.680,97.309
313.240,-32.408,0.275,0.680,97.114
313.260,-31.143,0.313,0.680,96.962
313.280,-29.432,0.351,0.680,96.860
313.300,-27.252,0.379,0.680,96.814
313.320,-24.744,0.411,0.680,96.826
313.340,-21.826,0.430,0.680,96.896
313.360,-18.604,0.454,0.680,97.016
313.380,-15.088,0.468,0.680,97.181
313.400,-11.355,0.481,0.680,97.380
313.420,-7.447,0.488,0.680,97.601
313.440,-3.445,0.488,0.680,97.832
313.460,0.615,0.481,0.680,98.057
313.480,4.658,0.477,0.680,98.263
313.500,8.637,0.461,0.680,98.439
313.520,12.504,0.443,0.680,98.575
313.540,16.195,0.420,0.680,98.661
313.560,19.623,0.397,0.680,98.694
313.580,22.787,0.362,0.680,98.671
313.600,25.641,0.333,0.680,98.593
313.620,28.084,0.299,0.680,98.467
313.640,30.146,0.261,0.680,98.298
313.660,31.734,0.220,0.680,98.095
313.680,32.895,0.180,0.680,97.872
313.700,33.586,0.137,0.680,97.642
313.720,33.785,0.096,0.680,97.417
313.740,33.516,0.057,0.680,97.212
313.760,32.736,0.021,0.680,97.039
313.780,31.512,-0.015,0.680,96.908
313.800,29.812,-0.053,0.680,96.828
313.820,27.721,-0.084,0.680,96.806
313.840,25.172,-0.108,0.680,96.841
313.860,22.277,-0.129,0.680,96.933
313.880,19.078,-0.154,0.680,97.074
313.900,15.586,-0.172,0.680,97.262
313.920,11.889,-0.176,0.680,97.486
313.940,8.027,-0.187,0.680,97.729
313.960,4.025,-0.181,0.680,97.981
313.980,-0.012,-0.184,0.680,98.225
314.000,-4.061,-0.174,0.680,98.451
314.020,-8.057,-0.163,0.680,98.646
314.040,-11.912,-0.146,0.680,98.800
314.060,-15.586,-0.124,0.680,98.902
314.080,-19.066,-0.104,0.680,98.951
314.100,-22.266,-0.070,0.680,98.943
314.120,-25.090,-0.037,0.680,98.878
314.140,-27.574,-0.000,0.680,98.762
314.160,-29.672,0.034,0.680,98.600
314.180,-31.301,0.074,0.680,98.404
314.200,-32.502,0.108,0.680,98.186
314.220,-33.182,0.154,0.680,97.958
314.240,-33.416,0.190,0.680,97.735
314.260,-33.170,0.235,0.680,97.529
314.280,-32.426,0.266,0.680,97.353
314.300,-31.248,0.308,0.680,97.217
314.320,-29.531,0.342,0.680,97.130
314.340,-27.416,0.367,0.680,97.098
314.360,-24.914,0.401,0.680,97.120
314.380,-22.037,0.425,0.680,97.198
314.400,-18.838,0.447,0.680,97.328
314.420,-15.363,0.462,0.680,97.501
314.440,-11.637,0.474,0.680,97.707
314.460,-7.764,0.478,0.680,97.931
314.480,-3.744,0.481,0.680,98.163
314.500,0.299,0.480,0.680,98.389
314.520,4.354,0.472,0.680,98.598
314.540,8.314,0.456,0.680,98.773
314.560,12.193,0.443,0.680,98.908
314.580,15.896,0.418,0.680,98.992
314.600,19.359,0.394,0.680,99.020
314.620,22.541,0.364,0.680,98.991
314.640,25.430,0.331,0.680,98.905
314.660,27.896,0.298,0.680,98.768
314.680,29.977,0.257,0.680,98.586
314.700,31.635,0.219,0.680,98.368
314.720,32.824,0.179,0.680,98.128
314.740,33.551,0.137,0.680,97.878
314.760,33.797,0.102,0.680,97.631
314.780,33.551,0.057,0.680,97.401
314.800,32.818,0.022,0.680,97.202
314.820,31.617,-0.019,0.680,97.043
314.840,29.977,-0.050,0.680,96.935
314.860,27.902,-0.082,0.680,96.881
314.880,25.406,-0.107,0.680,96.883
314.900,22.535,-0.133,0.680,96.942
314.920,19.342,-0.152,0.680,97.054
314.940,15.879,-0.168,0.680,97.209
314.960,12.176,-0.177,0.680,97.400
314.980,8.332,-0.187,0.680,97.613
315.000,4.348,-0.187,0.680,97.836
315.020,0.322,-0.185,0.680,98.056
315.040,-3.738,-0.174,0.680,98.256
315.060,-7.740,-0.166,0.680,98.428
315.080,-11.625,-0.150,0.680,98.560
315.100,-15.340,-0.124,0.680,98.645
315.120,-18.809,-0.100,0.680,98.675
315.140,-22.025,-0.070,0.680,98.650
315.160,-24.914,-0.040,0.680,98.569
315.180,-27.439,-0.003,0.680,98.438
315.200,-29.566,0.030,0.680,98.264
315.220,-31.230,0.071,0.680,98.056
315.240,-32.467,0.110,0.680,97.826
315.260,-33.193,0.149,0.680,97.586
315.280,-33.439,0.190,0.680,97.351
315.300,-33.252,0.231,0.680,97.134
315.320,-32.555,0.268,0.678,96.947
315.340,-31.389,0.307,0.678,96.803
315.360,-29.730,0.341,0.678,96.707
315.380,-27.674,0.373,0.678,96.668
315.400,-25.195,0.405,0.678,96.687
315.420,-22.324,0.424,0.678,96.764
315.440,-19.119,0.452,0.678,96.893
315.460,-15.674,0.464,0.678,97.070
315.480,-11.977,0.477,0.678,97.284
315.500,-8.109,0.484,0.678,97.519
315.520,-4.102,0.488,0.678,97.767
315.540,-0.059,0.485,0.678,98.012
315.560,4.014,0.475,0.678,98.239
315.580,7.998,0.462,0.678,98.438
315.600,11.877,0.446,0.678,98.596
315.620,15.592,0.424,0.678,98.706
315.640,19.090,0.399,0.678,98.762
315.660,22.301,0.369,0.678,98.761
315.680,25.207,0.338,0.678,98.704
315.700,27.709,0.303,0.678,98.596
315.720,29.836,0.266,0.678,98.442
315.740,31.512,0.228,0.678,98.254
315.760,32.748,0.188,0.678,98.041
315.780,33.516,0.148,0.678,97.818
315.800,33.791,0.107,0.678,97.598
315.820,33.586,0.065,0.678,97.394
315.840,32.889,0.029,0.678,97.219
315.860,31.729,-0.009,0.678,97.085
315.880,30.117,-0.042,0.678,96.999
315.900,28.072,-0.076,0.678,96.969
315.920,25.611,-0.100,0.678,96.994
315.940,22.775,-0.127,0.678,97.075
315.960,19.623,-0.145,0.678,97.208
315.980,16.172,-0.164,0.678,97.385
316.000,12.510,-0.173,0.678,97.599
316.020,8.637,-0.181,0.678,98.076
316.040,4.682,-0.183,0.678,98.076
316.060,0.645,-0.182,0.678,98.316
316.080,-3.410,-0.173,0.678,98.537
316.100,-7.400,-0.164,0.678,98.727
316.120,-11.314,-0.142,0.678,98.877
316.140,-15.035,-0.124,0.678,98.976
316.160,-18.521,-0.103,0.678,99.020
316.180,-21.756,-0.069,0.678,99.007
316.200,-24.656,-0.041,0.678,98.937
316.220,-27.217,-0.001,0.678,98.815
316.240,-29.373,0.028,0.678,98.645
316.260,-31.096,0.065,0.678,98.440
316.280,-32.350,0.104,0.678,98.209
316.300,-33.117,0.149,0.678,97.967
316.320,-33.428,0.186,0.678,97.726
316.340,-33.246,0.227,0.678,97.500
316.360,-32.613,0.262,0.678,97.302
316.380,-31.465,0.302,0.678,97.143
316.400,-29.859,0.339,0.678,97.033
316.420,-27.809,0.369,0.678,96.976
316.440,-25.354,0.398,0.678,96.973
316.460,-22.553,0.423,0.678,97.028
316.480,-19.377,0.443,0.678,97.136
316.500,-15.920,0.464,0.678,97.285
316.520,-12.264,0.473,0.678,97.474
316.540,-8.396,0.483,0.678,97.682
316.560,-4.412,0.481,0.678,97.904
316.580,-0.363,0.482,0.678,98.121
316.600,3.697,0.473,0.678,98.324
316.620,7.699,0.464,0.678,98.497
316.640,11.584,0.441,0.678,98.632
316.660,15.316,0.423,0.678,98.718
316.680,18.838,0.400,0.678,98.750
316.700,22.055,0.369,0.678,98.726
316.720,25.002,0.337,0.678,98.645
316.740,27.521,0.302,0.678,98.336
316.760,29.684,0.263,0.678,98.336
316.780,31.400,0.224,0.678,98.124
316.800,32.672,0.183,0.678,97.887
316.820,33.469,0.145,0.678,97.639
316.840,33.779,0.103,0.678,97.394
316.860,33.621,0.062,0.675,97.165
316.880,32.965,0.027,0.675,96.966
316.900,31.840,-0.012,0.675,96.806
316.920,30.258,-0.045,0.675,96.694
316.940,28.260,-0.087,0.675,96.639
316.960,25.822,-0.098,0.675,96.645
316.980,23.010,-0.136,0.675,96.703
317.000,19.875,-0.149,0.675,96.820
317.020,16.465,-0.170,0.675,96.981
317.040,12.803,-0.178,0.675,97.182
317.060,8.953,-0.188,0.676,97.406
317.080,5.010,-0.185,0.676,97.646
317.100,0.973,-0.187,0.676,97.882
317.120,-3.070,-0.179,0.676,98.105
317.140,-7.072,-0.170,0.676,98.302
317.160,-11.004,-0.148,0.676,98.461
317.180,-14.730,-0.131,0.676,98.571
317.200,-18.252,-0.106,0.676,98.629
317.220,-21.510,-0.076,0.676,98.632
317.240,-24.428,-0.050,0.676,98.579
317.260,-27.018,-0.010,0.676,98.476
317.280,-29.203,0.020,0.676,98.326
317.300,-31.002,0.064,0.676,98.141
317.320,-32.262,0.101,0.676,97.931
317.340,-33.082,0.144,0.676,97.710
317.360,-33.393,0.178,0.676,97.491
317.380,-33.275,0.224,0.676,97.287
317.400,-32.689,0.258,0.676,97.113
317.420,-31.594,0.299,0.676,96.977
317.440,-30.006,0.331,0.676,96.891
317.460,-27.990,0.366,0.676,96.857
317.480,-25.553,0.397,0.676,96.883
317.500,-22.805,0.423,0.676,96.966
317.520,-19.641,0.443,0.676,97.103
317.540,-16.230,0.462,0.676,97.284
317.560,-12.580,0.472,0.676,97.505
317.580,-8.736,0.477,0.676,97.750
317.600,-4.746,0.486,0.676,98.004
317.620,-0.686,0.481,0.676,98.258
317.640,3.352,0.476,0.676,98.498
317.660,7.359,0.461,0.676,98.709
317.680,11.268,0.445,0.676,98.877
317.700,15.012,0.428,0.676,98.997
317.720,18.545,0.402,0.676,99.064
317.740,21.797,0.374,0.676,99.072
317.760,24.773,0.342,0.676,99.023
317.780,27.328,0.306,0.676,98.921
317.800,29.525,0.271,0.676,98.771
317.820,31.271,0.229,0.676,98.584
317.840,32.590,0.192,0.676,98.369
317.860,33.422,0.152,0.676,98.141
317.880,33.773,0.111,0.676,97.913
317.900,33.650,0.074,0.676,97.698
317.920,33.035,0.035,0.676,97.510
317.940,31.963,-0.004,0.676,97.358
317.960,30.387,-0.038,0.676,97.254
317.980,28.430,-0.077,0.676,97.204
318.000,26.033,-0.091,0.676,97.209
318.020,23.250,-0.129,0.676,97.268
318.040,20.150,-0.140,0.676,97.382
318.060,16.740,-0.163,0.676,97.538
318.080,13.084,-0.173,0.676,97.731
318.100,9.258,-0.183,0.676,97.949
318.120,5.320,-0.184,0.676,98.178
318.140,1.283,-0.183,0.676,98.403
318.160,-2.766,-0.174,0.676,98.613
318.180,-6.779,-0.166,0.676,98.793
318.200,-10.711,-0.148,0.676,98.935
318.220,-14.443,-0.127,0.676,99.028
318.240,-18.000,-0.104,0.676,99.066
318.260,-21.270,-0.076,0.676,99.048
318.280,-24.234,-0.046,0.676,98.974
318.300,-26.854,-0.006,0.676,98.846
318.320,-29.051,0.023,0.676,98.671
318.340,-30.879,0.064,0.676,98.221
318.360,-32.203,0.101,0.676,98.221
318.380,-33.059,0.146,0.676,97.968
318.400,-33.416,0.182,0.676,97.717
318.420,-33.322,0.224,0.676,97.479
318.440,-32.771,0.262,0.676,97.268
318.460,-31.717,0.300,0.676,97.094
318.480,-30.182,0.337,0.676,96.969
318.500,-28.178,0.367,0.676,96.897
318.520,-25.793,0.394,0.676,96.882
318.540,-23.027,0.426,0.676,96.922
318.560,-19.904,0.443,0.676,97.020
318.580,-16.518,0.464,0.676,97.162
318.600,-12.902,0.477,0.676,97.345
318.620,-9.035,0.485,0.676,97.553
318.640,-5.057,0.489,0.677,97.777
318.660,-1.020,0.485,0.677,98.001
318.680,3.035,0.479,0.677,98.212
318.700,7.043,0.466,0.677,98.396
318.720,10.957,0.448,0.677,98.543
318.740,14.736,0.431,0.677,98.645
318.760,18.275,0.402,0.677,98.694
318.780,21.539,0.377,0.677,98.688
318.800,24.551,0.343,0.677,98.626
318.820,27.146,0.311,0.677,98.513
318.840,29.379,0.272,0.677,98.355
318.860,31.148,0.235,0.677,98.160
318.880,32.508,0.195,0.677,97.940
318.900,33.363,0.153,0.677,97.706
318.920,33.768,0.112,0.677,97.474
318.940,33.686,0.071,0.677,97.256
318.960,33.100,0.037,0.677,97.065
318.980,32.057,-0.005,0.677,96.913
319.000,30.533,-0.036,0.677,96.811
319.020,28.617,-0.075,0.677,96.762
319.040,26.238,-0.096,0.677,96.773
319.060,23.479,-0.128,0.677,96.839
319.080,20.402,-0.138,0.677,96.964
319.100,17.033,-0.170,0.677,97.132
319.120,13.377,-0.170,0.677,97.346
319.140,9.580,-0.187,0.677,97.580
319.160,5.654,-0.187,0.677,97.833
319.180,1.623,-0.186,0.677,98.085
319.200,-2.414,-0.182,0.677,98.325
319.220,-6.445,-0.168,0.677,98.537
319.240,-10.389,-0.153,0.677,98.712
319.260,-14.133,-0.132,0.677,98.841
319.280,-17.678,-0.112,0.677,98.915
319.300,-20.988,-0.079,0.677,98.935
319.320,-23.988,-0.053,0.677,98.897
319.340,-26.631,-0.014,0.677,98.666
319.360,-28.869,0.017,0.677,98.666
319.380,-30.709,0.058,0.677,98.489
319.400,-32.062,0.088,0.677,98.284
319.420,-32.988,0.137,0.677,98.065
319.440,-33.357,0.174,0.677,97.845
319.460,-33.322,0.215,0.677,97.637
319.480,-32.789,0.249,0.677,97.454
319.500,-31.775,0.289,0.677,97.307
319.520,-30.270,0.327,0.677,97.209
319.540,-28.342,0.361,0.677,97.160
319.560,-25.992,0.385,0.677,97.171
319.580,-23.268,0.418,0.677,97.233
319.600,-20.150,0.437,0.677,97.353
319.620,-16.787,0.460,0.677,97.515
319.640,-13.166,0.470,0.677,97.719
319.660,-9.346,0.481,0.677,97.944
319.680,-5.385,0.483,0.677,98.185
319.700,-1.330,0.481,0.677,98.424
319.720,2.725,0.475,0.677,98.649
319.740,6.744,0.466,0.677,98.844
319.760,10.646,0.447,0.677,99.003
319.780,14.437,0.430,0.677,99.113
319.800,18.000,0.402,0.677,99.169
319.820,21.293,0.378,0.677,99.169
319.840,24.322,0.345,0.677,99.110
319.860,26.936,0.310,0.677,98.997
319.880,29.197,0.273,0.677,98.835
319.900,31.014,0.237,0.677,98.634
319.920,32.420,0.197,0.677,98.404
319.940,33.316,0.153,0.677,98.159
319.960,33.756,0.119,0.677,97.912
319.980,33.697,0.078,0.677,97.676
320.000,33.158,0.036,0.677,97.464
320.020,32.156,-0.001,0.677,97.289
320.040,30.674,-0.036,0.677,97.160
320.060,28.775,-0.075,0.677,97.084
320.080,26.443,-0.093,0.677,97.066
320.100,23.719,-0.131,0.677,97.101
320.120,20.666,-0.141,0.677,97.194
320.140,17.309,-0.166,0.677,97.330
320.160,13.693,-0.170,0.677,97.505
320.180,9.885,-0.183,0.677,97.707
320.200,5.953,-0.186,0.677,97.924
320.220,1.934,-0.184,0.677,98.142
320.240,-2.121,-0.180,0.677,98.346
320.260,-6.146,-0.167,0.677,98.526
320.280,-10.090,-0.157,0.677,98.670
320.300,-13.857,-0.130,0.677,98.770
320.320,-17.443,-0.109,0.677,98.815
320.340,-20.771,-0.081,0.677,98.806
320.360,-23.807,-0.053,0.677,98.740
320.380,-26.461,-0.016,0.677,98.623
320.400,-28.764,0.016,0.677,98.457
320.420,-30.621,0.059,0.677,98.255
320.440,-32.033,0.092,0.677,98.024
320.460,-32.982,0.139,0.677,97.779
320.480,-33.369,0.172,0.677,97.533
320.500,-33.393,0.219,0.677,97.299
320.520,-32.912,0.253,0.677,97.092
320.540,-31.916,0.293,0.677,96.921
320.560,-30.445,0.330,0.677,96.798
320.580,-28.529,0.362,0.677,96.727
320.600,-26.227,0.393,0.677,96.717
320.620,-23.525,0.420,0.677,96.761
320.640,-20.461,0.441,0.677,96.864
320.660,-17.086,0.464,0.677,97.014
320.680,-13.494,0.468,0.677,97.208
320.700,-9.680,0.485,0.677,97.426
320.720,-5.725,0.488,0.677,97.665
320.740,-1.676,0.489,0.678,97.905
320.760,2.367,0.477,0.678,98.137
320.780,6.416,0.468,0.678,98.342
320.800,10.318,0.454,0.678,98.511
320.820,14.133,0.431,0.678,98.636
320.840,17.713,0.411,0.678,98.709
320.860,21.029,0.387,0.678,98.728
320.880,24.100,0.351,0.678,98.690
320.900,26.748,0.319,0.678,98.599
320.920,29.027,0.278,0.678,98.461
320.940,30.891,0.244,0.678,98.283
320.960,32.314,0.204,0.678,98.077
320.980,33.264,0.164,0.678,97.856
321.000,33.744,0.124,0.678,97.632
321.020,33.721,0.083,0.678,97.420
321.040,33.234,0.045,0.678,97.233
321.060,32.268,0.008,0.678,97.082
321.080,30.832,-0.025,0.678,96.976
321.100,28.951,-0.067,0.678,96.922
321.120,26.666,-0.087,0.678,96.929
321.140,23.953,-0.123,0.678,96.989
321.160,20.912,-0.133,0.678,97.108
321.180,17.602,-0.162,0.678,97.270
321.200,13.992,-0.166,0.678,97.476
321.220,10.236,-0.186,0.678,97.706
321.240,6.281,-0.180,0.678,97.955
321.260,2.273,-0.183,0.678,98.202
321.280,-1.770,-0.180,0.678,98.436
321.300,-5.795,-0.167,0.678,98.646
321.320,-9.750,-0.155,0.678,98.819
321.340,-13.547,-0.132,0.678,98.944
321.360,-17.139,-0.114,0.678,99.016
321.380,-20.496,-0.083,0.678,99.032
321.400,-23.537,-0.057,0.678,98.990
321.420,-26.221,-0.023,0.678,98.893
321.440,-28.547,0.014,0.678,98.748
321.460,-30.457,0.053,0.678,98.561
321.480,-31.893,0.087,0.678,98.344
321.500,-32.877,0.132,0.678,98.110
321.520,-33.328,0.169,0.678,97.872
321.540,-33.375,0.209,0.678,97.643
321.560,-32.906,0.247,0.678,97.438
321.580,-31.998,0.286,0.678,97.266
321.600,-30.562,0.322,0.678,97.140
321.620,-28.676,0.358,0.678,97.063
321.640,-26.408,0.385,0.678,97.045
321.660,-23.730,0.413,0.678,97.077
321.680,-20.689,0.433,0.678,97.169
321.700,-17.350,0.457,0.678,97.302
321.720,-13.775,0.468,0.678,97.480
321.740,-9.973,0.478,0.678,97.683
321.760,-6.023,0.480,0.678,97.902
321.780,-1.998,0.484,0.678,98.123
321.800,2.068,0.477,0.678,98.333
321.820,6.100,0.468,0.678,98.519
321.840,10.020,0.453,0.678,98.668
321.860,13.852,0.432,0.678,98.774
321.880,17.437,0.406,0.678,98.825
321.900,20.783,0.381,0.678,98.820
321.920,23.859,0.349,0.678,98.758
321.940,26.561,0.316,0.678,98.643
321.960,28.863,0.280,0.678,98.479
321.980,30.750,0.241,0.678,98.276
322.000,32.221,0.203,0.678,98.043
322.020,33.199,0.158,0.678,97.793
322.040,33.715,0.120,0.678,97.540
322.060,33.744,0.077,0.677,97.297
322.080,33.293,0.044,0.677,97.077
322.100,32.344,-0.000,0.677,96.893
322.120,30.961,-0.030,0.677,96.756
322.140,29.104,-0.072,0.677,96.669
322.160,26.865,-0.092,0.677,96.644
322.180,24.182,-0.121,0.677,96.672
322.200,21.182,-0.142,0.677,96.759
322.220,17.877,-0.164,0.677,96.894
322.240,14.291,-0.173,0.677,97.074
322.260,10.535,-0.186,0.677,97.281
322.280,6.615,-0.187,0.677,97.508
322.300,2.602,-0.187,0.677,97.738
322.320,-1.459,-0.183,0.677,97.960
322.340,-5.490,-0.169,0.677,98.159
322.360,-9.445,-0.162,0.677,98.324
322.380,-13.254,-0.137,0.677,98.448
322.400,-16.846,-0.123,0.677,98.519
322.420,-20.221,-0.086,0.677,98.539
322.440,-23.314,-0.062,0.677,98.500
322.460,-26.021,-0.021,0.677,98.410
322.480,-28.365,0.008,0.677,98.092
322.500,-30.305,0.046,0.677,98.092
322.520,-31.805,0.084,0.677,97.885
322.540,-32.818,0.128,0.677,97.661
322.560,-33.328,0.162,0.677,97.434
322.580,-33.410,0.210,0.677,97.217
322.600,-32.959,0.243,0.677,97.025
322.620,-32.092,0.283,0.677,96.867
322.640,-30.709,0.318,0.677,96.757
322.660,-28.852,0.356,0.677,96.699
322.680,-26.607,0.384,0.677,96.699
322.700,-23.965,0.411,0.677,96.754
322.720,-20.965,0.434,0.677,96.868
322.740,-17.643,0.452,0.677,97.029
322.760,-14.086,0.466,0.677,97.232
322.780,-10.307,0.479,0.677,97.466
322.800,-6.363,0.483,0.677,97.718
322.820,-2.350,0.485,0.677,97.975
322.840,1.729,0.478,0.677,98.222
322.860,5.754,0.468,0.677,98.447
322.880,9.703,0.458,0.677,98.634
322.900,13.541,0.437,0.677,98.779
322.920,17.162,0.414,0.677,98.870
322.940,20.508,0.386,0.677,98.906
322.960,23.613,0.356,0.677,98.883
322.980,26.350,0.325,0.677,98.806
323.000,28.699,0.286,0.677,98.678
323.020,30.621,0.249,0.677,98.509
323.040,32.121,0.208,0.677,98.307
323.060,33.135,0.168,0.677,98.087
323.080,33.691,0.128,0.677,97.862
323.100,33.756,0.087,0.677,97.644
323.120,33.346,0.053,0.677,97.449
323.140,32.443,0.011,0.677,97.286
323.160,31.084,-0.022,0.677,97.167
323.180,29.256,-0.060,0.677,97.098
323.200,27.053,-0.086,0.677,97.086
323.220,24.393,-0.114,0.677,97.129
323.240,21.422,-0.132,0.677,97.227
323.260,18.152,-0.159,0.677,97.556
323.280,14.590,-0.164,0.677,97.556
323.300,10.834,-0.184,0.677,97.768
323.320,6.920,-0.182,0.677,98.002
323.340,2.930,-0.187,0.677,98.233
323.360,-1.119,-0.176,0.677,98.457
323.380,-5.174,-0.170,0.677,98.654
323.400,-9.141,-0.158,0.677,98.816
323.420,-12.973,-0.135,0.677,98.935
323.440,-16.582,-0.116,0.677,99.001
323.460,-19.992,-0.087,0.677,99.011
323.480,-23.086,-0.062,0.677,98.962
323.500,-25.846,-0.022,0.677,98.858
323.520,-28.225,0.012,0.677,98.703
323.540,-30.193,0.049,0.677,98.507
323.560,-31.723,0.087,0.677,98.280
323.580,-32.777,0.126,0.677,98.033
323.600,-33.328,0.167,0.677,97.781
323.620,-33.445,0.208,0.677,97.537
323.640,-33.041,0.248,0.677,97.314
323.660,-32.186,0.286,0.677,97.124
323.680,-30.814,0.319,0.677,96.980
323.700,-29.039,0.357,0.677,96.884
323.720,-26.801,0.384,0.677,96.848
323.740,-24.176,0.414,0.677,96.864
323.760,-21.211,0.435,0.677,96.940
323.780,-17.906,0.455,0.677,97.062
323.800,-14.367,0.471,0.677,97.230
323.820,-10.600,0.481,0.677,97.426
323.840,-6.668,0.481,0.677,97.643
323.860,-2.637,0.492,0.679,97.864
323.880,1.412,0.477,0.679,98.081
323.900,5.455,0.470,0.679,98.274
323.920,9.398,0.456,0.679,98.433
323.940,13.230,0.434,0.679,98.552
323.960,16.887,0.410,0.679,98.618
323.980,20.262,0.385,0.679,98.631
324.000,23.379,0.356,0.679,98.588
324.020,26.156,0.324,0.679,98.492
324.040,28.518,0.284,0.679,98.347
324.060,30.486,0.249,0.679,98.162
324.080,32.016,0.207,0.679,97.946
324.100,33.082,0.171,0.679,97.712
324.120,33.674,0.128,0.679,97.473
324.140,33.773,0.087,0.679,97.243
324.160,33.398,0.050,0.679,97.036
324.180,32.531,0.008,0.679,96.862
324.200,31.213,-0.021,0.679,96.735
324.220,29.426,-0.060,0.679,96.659
324.240,27.264,-0.088,0.679,96.641
324.260,24.645,-0.117,0.679,96.680
324.280,21.691,-0.141,0.679,96.779
324.300,18.434,-0.157,0.679,96.929
324.320,14.900,-0.173,0.679,97.120
324.340,11.150,-0.179,0.679,97.344
324.360,7.254,-0.186,0.679,97.589
324.380,3.258,-0.187,0.679,97.840
324.400,-0.797,-0.183,0.679,98.085
324.420,-4.811,-0.174,0.679,98.309
324.440,-8.807,-0.158,0.679,98.499
324.460,-12.639,-0.141,0.679,98.646
324.480,-16.277,-0.126,0.679,98.742
324.500,-19.693,-0.095,0.679,98.786
324.520,-22.816,-0.067,0.679,98.772
324.540,-25.623,-0.031,0.679,98.704
324.560,-28.020,0.002,0.679,98.584
324.580,-30.012,0.041,0.679,98.423
324.600,-31.594,0.077,0.679,98.230
324.620,-32.666,0.118,0.679,98.018
324.640,-33.264,0.157,0.679,97.799
324.660,-33.387,0.199,0.679,97.587
324.680,-33.070,0.238,0.679,97.397
324.700,-32.244,0.274,0.679,97.239
324.720,-30.943,0.311,0.679,97.125
324.740,-29.162,0.348,0.679,97.060
324.760,-26.977,0.376,0.679,97.051
324.780,-24.410,0.408,0.679,97.098
324.800,-21.439,0.429,0.679,97.203
324.820,-18.182,0.455,0.679,97.355
324.840,-14.666,0.468,0.679,97.552
324.860,-10.904,0.477,0.679,97.778
324.880,-7.008,0.483,0.679,98.022
324.900,-2.977,0.487,0.679,98.271
324.920,1.096,0.476,0.679,98.511
324.940,5.121,0.474,0.679,98.729
324.960,9.094,0.454,0.679,98.913
324.980,12.932,0.440,0.679,99.054
325.000,16.588,0.415,0.679,99.141
325.020,20.010,0.387,0.679,99.172
325.040,23.145,0.361,0.679,99.143
325.060,25.934,0.325,0.679,99.060
325.080,28.336,0.294,0.679,98.925
325.100,30.334,0.254,0.679,98.748
325.120,31.904,0.213,0.679,98.536
325.140,33.012,0.172,0.679,98.303
325.160,33.639,0.131,0.679,98.063
325.180,33.785,0.092,0.679,97.828
325.200,33.439,0.051,0.679,97.613
325.220,32.613,0.012,0.679,97.429
325.240,31.330,-0.024,0.679,97.289
325.260,29.590,-0.059,0.679,97.198
325.280,27.445,-0.085,0.679,97.162
325.300,24.867,-0.109,0.679,97.181
325.320,21.932,-0.138,0.679,97.253
325.340,18.691,-0.154,0.679,97.378
325.360,15.182,-0.172,0.679,97.543
325.380,11.455,-0.178,0.679,97.742
325.400,7.559,-0.187,0.679,97.958
325.420,3.562,-0.185,0.679,98.181
325.440,-0.475,-0.182,0.679,98.396
325.460,-4.535,-0.170,0.679,98.591
325.480,-8.514,-0.156,0.679,98.752
325.500,-12.369,-0.142,0.679,98.869
325.520,-16.031,-0.119,0.679,98.938
325.540,-19.477,-0.089,0.679,98.952
325.560,-22.629,-0.064,0.679,98.908
325.580,-25.424,-0.029,0.679,98.809
325.600,-27.855,0.003,0.679,98.661
325.620,-29.930,0.040,0.679,98.470
325.640,-31.523,0.079,0.679,98.247
325.660,-32.637,0.118,0.679,98.003
325.680,-33.252,0.165,0.679,97.753
325.700,-33.428,0.199,0.679,97.509
325.720,-33.158,0.240,0.679,97.286
325.740,-32.373,0.278,0.679,97.094
325.760,-31.090,0.314,0.679,96.947
325.780,-29.350,0.352,0.679,96.849
325.800,-27.187,0.378,0.679,96.809
325.820,-24.650,0.413,0.679,96.823
325.840,-21.721,0.428,0.679,96.900
325.860,-18.480,0.454,0.679,97.021
325.880,-14.971,0.466,0.679,97.194
325.900,-11.221,0.479,0.679,97.395
325.920,-7.318,0.489,0.679,97.622
325.940,-3.305,0.489,0.679,97.855
325.960,0.732,0.482,0.679,98.085
325.980,4.793,0.473,0.679,98.295
326.000,8.760,0.459,0.679,98.473
326.020,12.627,0.443,0.679,98.610
326.040,16.295,0.420,0.679,98.698
326.060,19.734,0.393,0.679,98.733
326.080,22.887,0.364,0.679,98.710
326.100,25.740,0.330,0.679,98.633
326.120,28.166,0.298,0.679,98.506
326.140,30.182,0.258,0.679,98.338
326.160,31.787,0.221,0.679,98.136
326.180,32.947,0.180,0.679,97.915
326.200,33.609,0.138,0.679,97.685
326.220,33.779,0.100,0.679,97.463
326.240,33.492,0.057,0.679,97.260
326.260,32.701,0.022,0.679,97.089
326.280,31.453,-0.017,0.679,96.961
326.300,29.754,-0.050,0.679,96.884
326.320,27.645,-0.080,0.679,96.864
326.340,25.084,-0.105,0.679,96.900
326.360,22.184,-0.133,0.679,96.992
326.380,18.979,-0.150,0.679,97.137
326.400,15.475,-0.170,0.679,97.325
326.420,11.754,-0.175,0.679,97.546
326.440,7.887,-0.186,0.679,97.790
326.460,3.908,-0.180,0.679,98.039
326.480,-0.146,-0.182,0.679,98.280
326.500,-4.184,-0.179,0.679,98.503
326.520,-8.174,-0.162,0.679,98.695
326.540,-12.041,-0.145,0.679,98.842
326.560,-15.732,-0.122,0.679,98.940
326.580,-19.172,-0.097,0.679,98.983
326.600,-22.348,-0.068,0.679,98.968
326.620,-25.189,-0.037,0.679,98.897
326.640,-27.633,-0.001,0.679,98.774
326.660,-29.742,0.037,0.679,98.607
326.680,-31.365,0.074,0.679,98.406
326.700,-32.531,0.112,0.679,98.183
326.720,-33.217,0.154,0.679,97.950
326.740,-33.422,0.191,0.679,97.722
326.760,-33.158,0.233,0.679,97.512
326.780,-32.420,0.267,0.679,97.331
326.800,-31.213,0.307,0.679,97.191
326.820,-29.479,0.344,0.679,97.099
326.840,-27.352,0.371,0.679,97.064
326.860,-24.838,0.403,0.679,97.083
326.880,-21.943,0.428,0.679,97.157
326.900,-18.727,0.449,0.679,97.283
326.920,-15.246,0.468,0.679,97.450
326.940,-11.525,0.474,0.679,97.652
326.960,-7.629,0.483,0.679,97.872
326.980,-3.627,0.483,0.679,98.101
327.000,0.434,0.481,0.679,98.322
327.020,4.477,0.472,0.679,98.524
327.040,8.467,0.455,0.679,98.694
327.060,12.328,0.439,0.679,98.823
327.080,16.020,0.416,0.679,98.901
327.100,19.477,0.391,0.679,98.924
327.120,22.652,0.362,0.679,98.889
327.140,25.523,0.325,0.679,98.799
327.160,27.979,0.298,0.679,98.656
327.180,30.041,0.255,0.679,98.470
327.200,31.676,0.218,0.679,98.250
327.220,32.865,0.176,0.679,98.008
327.240,33.562,0.135,0.679,97.756
327.260,33.803,0.096,0.679,97.509
327.280,33.539,0.057,0.679,97.279
327.300,32.795,0.020,0.679,97.080
327.320,31.576,-0.018,0.679,96.923
327.340,29.906,-0.051,0.679,96.815
327.360,27.832,-0.086,0.679,96.763
327.380,25.295,-0.108,0.679,96.769
327.400,22.430,-0.133,0.679,96.833
327.420,19.242,-0.153,0.679,96.948
327.440,15.756,-0.173,0.679,97.107
327.460,12.053,-0.178,0.679,97.303
327.480,8.215,-0.187,0.679,97.521
327.500,4.219,-0.183,0.679,97.746
327.520,0.193,-0.187,0.679,97.969
327.540,-3.855,-0.174,0.679,98.175
327.560,-7.881,-0.163,0.679,98.351
327.580,-11.748,-0.146,0.679,98.487
327.600,-15.428,-0.126,0.679,98.574
327.620,-18.908,-0.102,0.679,98.609
327.640,-22.113,-0.068,0.679,98.588
327.660,-24.996,-0.038,0.679,98.512
327.680,-27.492,-0.002,0.679,98.386
327.700,-29.584,0.029,0.679,98.216
327.720,-31.260,0.067,0.679,98.013
327.740,-32.484,0.112,0.679,97.789
327.760,-33.199,0.149,0.679,97.555
327.780,-33.428,0.187,0.679,97.326
327.800,-33.199,0.232,0.679,97.116
327.820,-32.520,0.268,0.679,96.938
327.840,-31.348,0.307,0.679,96.802
327.860,-29.666,0.342,0.679,96.715
327.880,-27.574,0.374,0.679,96.683
327.900,-25.096,0.403,0.679,96.712
327.920,-22.219,0.425,0.679,96.797
327.940,-19.020,0.453,0.679,96.936
327.960,-15.562,0.462,0.679,97.121
327.980,-11.859,0.481,0.679,97.340
328.000,-7.969,0.485,0.679,97.585
328.020,-3.973,0.489,0.679,97.838
328.040,0.076,0.483,0.679,98.088
328.060,4.143,0.477,0.679,98.318
328.080,8.121,0.462,0.679,98.521
328.100,12.006,0.447,0.679,98.682
328.120,15.727,0.424,0.679,98.793
328.140,19.195,0.401,0.679,98.851
328.160,22.389,0.367,0.679,98.851
328.180,25.301,0.339,0.679,98.795
328.200,27.785,0.302,0.679,98.688
328.220,29.906,0.265,0.679,98.535
328.240,31.559,0.229,0.679,98.347
328.260,32.789,0.188,0.679,98.136
328.280,33.521,0.148,0.679,97.914
328.300,33.791,0.105,0.679,97.694
328.320,33.568,0.065,0.679,97.491
328.340,32.877,0.029,0.679,97.318
328.360,31.693,-0.012,0.679,97.184
328.380,30.047,-0.042,0.679,97.100
328.400,28.002,-0.081,0.679,97.070
328.420,25.523,-0.100,0.679,97.096
328.440,22.682,-0.128,0.679,97.177
328.460,19.506,-0.145,0.679,97.309
328.480,16.055,-0.165,0.679,97.484
328.500,12.375,-0.170,0.679,97.696
328.520,8.520,-0.186,0.679,97.927
328.540,4.541,-0.181,0.679,98.168
328.560,0.504,-0.184,0.679,98.401
328.580,-3.533,-0.170,0.679,98.618
328.600,-7.547,-0.162,0.679,98.802
328.620,-11.437,-0.144,0.679,98.945
328.640,-15.170,-0.122,0.679,99.037
328.660,-18.639,-0.098,0.679,99.074
328.680,-21.879,-0.063,0.679,99.053
328.700,-24.762,-0.042,0.679,98.975
328.720,-27.305,-0.000,0.679,98.846
328.740,-29.455,0.033,0.679,98.670
328.760,-31.143,0.069,0.679,98.458
328.780,-32.391,0.109,0.679,98.221
328.800,-33.146,0.151,0.679,97.973
328.820,-33.428,0.190,0.679,97.727
328.840,-33.246,0.233,0.679,97.497
328.860,-32.578,0.265,0.677,97.296
328.880,-31.430,0.307,0.677,97.133
328.900,-29.777,0.341,0.677,97.018
328.920,-27.738,0.369,0.677,96.957
328.940,-25.289,0.402,0.677,96.952
328.960,-22.441,0.425,0.677,97.004
328.980,-19.271,0.449,0.677,97.108
329.000,-15.820,0.462,0.677,97.256
329.020,-12.141,0.476,0.677,97.440
329.040,-8.285,0.484,0.677,97.645
329.060,-4.277,0.485,0.677,97.864
329.080,-0.217,0.481,0.677,98.081
329.100,3.838,0.472,0.677,98.279
329.120,7.816,0.461,0.677,98.449
329.140,11.701,0.444,0.677,98.579
329.160,15.434,0.423,0.677,98.662
329.180,18.937,0.398,0.677,98.691
329.200,22.154,0.369,0.677,98.665
329.220,25.084,0.336,0.677,98.583
329.240,27.604,0.300,0.677,98.450
329.260,29.748,0.261,0.677,98.272
329.280,31.441,0.229,0.677,98.060
329.300,32.707,0.183,0.677,97.824
329.320,33.492,0.145,0.677,97.578
329.340,33.785,0.102,0.677,97.336
329.360,33.609,0.063,0.677,97.110
329.380,32.947,0.027,0.677,96.913
329.400,31.799,-0.013,0.677,96.758
329.420,30.187,-0.044,0.677,96.652
329.440,28.195,-0.081,0.677,96.602
329.460,25.740,-0.102,0.677,96.613
329.480,22.916,-0.131,0.677,96.679
329.500,19.781,-0.148,0.677,96.802
329.520,16.348,-0.171,0.677,96.969
329.540,12.674,-0.178,0.677,97.178
329.560,8.842,-0.187,0.677,97.409
329.580,4.881,-0.186,0.677,97.654
329.600,0.850,-0.186,0.677,97.895
329.620,-3.187,-0.178,0.677,98.122
329.640,-7.213,-0.169,0.677,98.321
329.660,-11.133,-0.153,0.677,98.483
329.680,-14.836,-0.129,0.677,98.598
329.700,-18.346,-0.108,0.677,98.659
329.720,-21.598,-0.079,0.677,98.665
329.740,-24.516,-0.050,0.677,98.616
329.760,-27.100,-0.011,0.677,98.516
329.780,-29.273,0.021,0.677,98.369
329.800,-31.014,0.064,0.677,98.187
329.820,-32.285,0.099,0.677,97.981
329.840,-33.094,0.141,0.677,97.763
329.860,-33.410,0.185,0.677,97.548
329.880,-33.252,0.222,0.677,97.348
329.900,-32.654,0.263,0.677,97.177
329.920,-31.541,0.300,0.677,97.046
329.940,-29.941,0.336,0.677,96.964
329.960,-27.926,0.369,0.677,96.936
329.980,-25.500,0.399,0.677,96.965
330.000,-22.705,0.421,0.677,97.051
330.020,-19.541,0.446,0.677,97.191
330.040,-16.107,0.463,0.677,97.375
330.060,-12.445,0.474,0.677,97.596
330.080,-8.578,0.480,0.677,97.838
330.100,-4.611,0.486,0.677,98.094
330.120,-0.557,0.483,0.677,98.346
330.140,3.498,0.475,0.677,98.582
330.160,7.500,0.462,0.677,98.788
330.180,11.402,0.444,0.677,98.953
330.200,15.146,0.429,0.677,99.069
330.220,18.680,0.398,0.677,99.131
330.240,21.896,0.372,0.677,99.133
330.260,24.873,0.340,0.677,99.078
330.280,27.422,0.304,0.677,98.970
330.300,29.590,0.269,0.677,98.816
330.320,31.318,0.230,0.677,98.622
330.340,32.619,0.189,0.677,98.403
330.360,33.434,0.147,0.677,98.170
330.380,33.779,0.106,0.677,97.938
330.400,33.645,0.070,0.676,97.719
330.420,33.023,0.030,0.676,97.527
330.440,31.904,-0.007,0.676,97.373
330.460,30.328,-0.040,0.676,97.266
330.480,28.348,-0.077,0.676,97.211
330.500,25.945,-0.096,0.676,97.214
330.520,23.145,-0.132,0.676,97.270
330.540,20.021,-0.141,0.676,97.381
330.560,16.629,-0.165,0.676,97.534
330.580,12.955,-0.171,0.676,97.724
330.600,9.141,-0.186,0.676,97.938
330.620,5.180,-0.179,0.676,98.163
330.640,1.143,-0.186,0.676,98.382
330.660,-2.918,-0.174,0.676,98.588
330.680,-6.902,-0.166,0.676,98.765
330.700,-10.834,-0.147,0.676,98.903
330.720,-14.566,-0.127,0.676,98.993
330.740,-18.117,-0.104,0.676,99.027
330.760,-21.387,-0.073,0.676,99.006
330.780,-24.328,-0.048,0.676,98.928
330.800,-26.930,-0.004,0.676,98.798
330.820,-29.133,0.025,0.676,98.621
330.840,-30.937,0.070,0.676,98.408
330.860,-32.256,0.102,0.676,98.169
330.880,-33.070,0.145,0.676,97.917
330.900,-33.404,0.180,0.676,97.666
330.920,-33.322,0.224,0.676,97.430
330.940,-32.742,0.265,0.676,97.221
330.960,-31.652,0.301,0.676,97.051
330.980,-30.105,0.336,0.676,96.931
331.000,-28.125,0.368,0.676,96.862
331.020,-25.711,0.394,0.676,96.852
331.040,-22.939,0.426,0.676,96.897
331.060,-19.828,0.445,0.676,97.000
331.080,-16.400,0.464,0.676,97.146
331.100,-12.773,0.477,0.676,97.336
331.120,-8.906,0.483,0.676,97.549
331.140,-4.945,0.489,0.676,97.777
331.160,-0.891,0.488,0.676,98.005
331.180,3.170,0.480,0.676,98.220
331.200,7.189,0.467,0.676,98.409
331.220,11.080,0.450,0.676,98.559
331.240,14.859,0.430,0.676,98.664
331.260,18.381,0.405,0.676,98.714
331.280,21.645,0.375,0.676,98.713
331.300,24.639,0.342,0.676,98.653
331.320,27.223,0.310,0.676,98.543
331.340,29.426,0.275,0.676,98.387
331.360,31.201,0.236,0.676,98.195
331.380,32.543,0.195,0.676,97.978
331.400,33.393,0.156,0.676,97.748
331.420,33.768,0.113,0.676,97.519
331.440,33.662,0.074,0.676,97.305
331.460,33.088,0.036,0.676,97.118
331.480,32.021,-0.002,0.676,96.971
331.500,30.475,-0.034,0.676,96.871
331.520,28.541,-0.072,0.676,96.826
331.540,26.162,-0.094,0.676,96.839
331.560,23.385,-0.127,0.676,96.909
331.580,20.309,-0.139,0.676,97.035
331.600,16.928,-0.166,0.676,97.204
331.620,13.283,-0.173,0.676,97.417
331.640,9.457,-0.186,0.676,97.652
331.660,5.514,-0.185,0.676,97.903
331.680,1.500,-0.186,0.676,98.151
331.700,-2.561,-0.179,0.676,98.386
331.720,-6.580,-0.168,0.676,98.594
331.740,-10.518,-0.156,0.676,98.764
331.760,-14.244,-0.131,0.676,98.887
331.780,-17.801,-0.109,0.676,98.956
331.800,-21.094,-0.079,0.676,98.967
331.820,-24.088,-0.055,0.676,98.921
331.840,-26.701,-0.012,0.676,98.823
331.860,-28.951,0.017,0.676,98.677
331.880,-30.797,0.064,0.676,98.492
331.900,-32.104,0.091,0.676,98.279
331.920,-33.012,0.137,0.676,98.053
331.940,-33.404,0.176,0.676,97.825
331.960,-33.305,0.217,0.676,97.610
331.980,-32.777,0.253,0.676,97.421
332.000,-31.740,0.292,0.676,97.267
332.020,-30.240,0.331,0.676,97.161
332.040,-28.271,0.362,0.676,97.106
332.060,-25.869,0.387,0.676,97.108
332.080,-23.156,0.417,0.676,97.162
332.100,-20.027,0.436,0.676,97.273
332.120,-16.670,0.459,0.676,97.427
332.140,-13.055,0.472,0.676,97.621
332.160,-9.211,0.476,0.676,97.838
332.180,-5.244,0.485,0.676,98.066
332.200,-1.201,0.481,0.676,98.296
332.220,2.865,0.477,0.676,98.511
332.240,6.873,0.463,0.676,98.700
332.260,10.793,0.445,0.676,98.847
332.280,14.566,0.427,0.676,98.948
332.300,18.123,0.399,0.676,98.995
332.320,21.398,0.373,0.676,98.984
332.340,24.410,0.341,0.676,98.916
332.360,27.029,0.309,0.676,98.795
332.380,29.262,0.269,0.676,98.625
332.400,31.072,0.233,0.676,98.417
332.420,32.443,0.196,0.676,98.181
332.440,33.340,0.153,0.676,97.931
332.460,33.756,0.113,0.676,97.678
332.480,33.686,0.074,0.676,97.439
332.500,33.152,0.035,0.676,97.224
332.520,32.115,-0.003,0.676,97.047
332.540,30.639,-0.038,0.676,96.917
332.560,28.705,-0.075,0.676,96.840
332.580,26.379,-0.095,0.676,96.820
332.600,23.631,-0.129,0.676,96.856
332.620,20.561,-0.142,0.676,96.949
332.640,17.209,-0.166,0.676,97.086
332.660,13.576,-0.173,0.676,97.264
332.680,9.785,-0.184,0.676,97.468
332.700,5.842,-0.184,0.676,97.688
332.720,1.805,-0.183,0.676,97.908
332.740,-2.232,-0.181,0.676,98.115
332.760,-6.270,-0.168,0.676,98.299
332.780,-10.207,-0.154,0.676,98.447
332.800,-13.969,-0.134,0.676,98.549
332.820,-17.543,-0.111,0.676,98.600
332.840,-20.854,-0.083,0.676,98.596
332.860,-23.900,-0.051,0.676,98.536
332.880,-26.531,-0.017,0.676,98.424
332.900,-28.816,0.015,0.676,98.265
332.920,-30.674,0.056,0.676,98.069
332.940,-32.033,0.089,0.676,97.846
332.960,-32.988,0.135,0.676,97.609
332.980,-33.393,0.172,0.676,97.372
333.000,-33.375,0.217,0.676,97.148
333.020,-32.877,0.254,0.676,96.950
333.040,-31.863,0.291,0.676,96.790
333.060,-30.416,0.329,0.676,96.679
333.080,-28.477,0.364,0.676,96.619
333.100,-26.162,0.391,0.676,96.622
333.120,-23.437,0.421,0.676,96.678
333.140,-20.350,0.440,0.676,96.793
333.160,-16.986,0.464,0.676,96.955
333.180,-13.377,0.469,0.676,97.161
333.200,-9.562,0.484,0.676,97.389
333.220,-5.602,0.486,0.676,97.639
333.240,-1.547,0.488,0.676,97.889
333.260,2.508,0.480,0.676,98.130
333.280,6.545,0.469,0.676,98.344
333.300,10.441,0.453,0.676,98.522
333.320,14.256,0.434,0.676,98.654
333.340,17.830,0.408,0.676,98.733
333.360,21.146,0.385,0.676,98.758
333.380,24.176,0.348,0.676,98.724
333.400,26.824,0.319,0.676,98.637
333.420,29.092,0.281,0.676,98.502
333.440,30.943,0.241,0.676,98.328
333.460,32.355,0.201,0.676,98.126
333.480,33.287,0.159,0.676,97.908
333.500,33.732,0.121,0.676,97.688
333.520,33.709,0.083,0.676,97.479
333.540,33.217,0.042,0.676,97.295
333.560,32.215,0.006,0.676,97.147
333.580,30.768,-0.032,0.676,97.044
333.600,28.875,-0.063,0.676,96.993
333.620,26.572,-0.091,0.676,97.000
333.640,23.877,-0.123,0.676,97.063
333.660,20.818,-0.141,0.676,97.182
333.680,17.490,-0.163,0.676,97.346
333.700,13.869,-0.167,0.676,97.550
333.720,10.096,-0.180,0.676,97.778
333.740,6.158,-0.181,0.676,98.023
333.760,2.127,-0.183,0.676,98.266
333.780,-1.916,-0.176,0.676,98.496
333.800,-5.947,-0.163,0.676,98.699
333.820,-9.891,-0.150,0.676,98.864
333.840,-13.670,-0.131,0.676,98.982
333.860,-17.279,-0.111,0.676,99.046
333.880,-20.602,-0.081,0.676,99.054
333.900,-23.637,-0.054,0.676,99.004
333.920,-26.320,-0.017,0.676,98.900
333.940,-28.641,0.018,0.676,98.747
333.960,-30.527,0.056,0.676,98.553
333.980,-31.934,0.091,0.676,98.329
334.000,-32.900,0.135,0.676,98.089
334.020,-33.346,0.172,0.676,97.846
334.040,-33.381,0.215,0.676,97.612
334.060,-32.889,0.251,0.676,97.402
334.080,-31.939,0.287,0.676,97.226
334.100,-30.504,0.326,0.676,97.096
334.120,-28.600,0.356,0.676,97.016
334.140,-26.332,0.389,0.676,96.993
334.160,-23.631,0.414,0.676,97.112
334.180,-20.566,0.435,0.676,97.112
334.200,-17.227,0.456,0.676,97.244
334.220,-13.646,0.467,0.676,97.419
334.240,-9.838,0.481,0.676,97.619
334.260,-5.906,0.481,0.676,97.838
334.280,-1.857,0.482,0.676,98.056
334.300,2.203,0.474,0.676,98.265
334.320,6.229,0.467,0.676,98.449
334.340,10.160,0.450,0.676,98.597
334.360,13.969,0.433,0.676,98.700
334.380,17.555,0.406,0.676,98.752
334.400,20.883,0.381,0.676,98.687
334.420,23.947,0.346,0.676,98.687
334.440,26.637,0.317,0.676,98.573
334.460,28.939,0.275,0.676,98.410
334.480,30.814,0.240,0.676,98.210
334.500,32.256,0.203,0.676,97.980
334.520,33.234,0.157,0.676,97.734
334.540,33.715,0.120,0.676,97.486
334.560,33.732,0.079,0.675,97.249
334.580,33.275,0.039,0.675,97.037
334.600,32.314,0.002,0.675,96.861
334.620,30.902,-0.029,0.675,96.732
334.640,29.033,-0.068,0.675,96.654
334.660,26.795,-0.094,0.675,96.636
334.680,24.094,-0.122,0.675,96.675
334.700,21.070,-0.145,0.675,96.772
334.720,17.760,-0.167,0.675,96.919
334.740,14.180,-0.173,0.675,97.108
334.760,10.406,-0.187,0.677,97.326
334.780,6.486,-0.185,0.677,97.563
334.800,2.467,-0.188,0.678,97.804
334.820,-1.582,-0.185,0.678,98.035
334.840,-5.590,-0.175,0.678,98.243
334.860,-9.562,-0.158,0.678,98.418
334.880,-13.377,-0.138,0.678,98.547
334.900,-16.963,-0.119,0.678,98.626
334.920,-20.355,-0.089,0.678,98.651
334.940,-23.408,-0.062,0.678,98.620
334.960,-26.104,-0.025,0.678,98.403
334.980,-28.453,0.009,0.678,98.403
335.000,-30.375,0.047,0.678,98.232
335.020,-31.834,0.083,0.678,98.032
335.040,-32.854,0.128,0.678,97.815
335.060,-33.322,0.163,0.678,97.595
335.080,-33.404,0.211,0.678,97.385
335.100,-32.953,0.246,0.678,97.200
335.120,-32.057,0.284,0.678,97.050
335.140,-30.650,0.320,0.678,96.947
335.160,-28.793,0.356,0.678,96.894
335.180,-26.537,0.385,0.678,96.901
335.200,-23.871,0.414,0.678,96.963
335.220,-20.854,0.435,0.678,97.083
335.240,-17.525,0.459,0.678,97.250
335.260,-13.969,0.466,0.678,97.460
335.280,-10.160,0.481,0.678,97.695
335.300,-6.217,0.480,0.678,97.949
335.320,-2.203,0.485,0.678,98.205
335.340,1.852,0.477,0.678,98.451
335.360,5.883,0.470,0.678,98.673
335.380,9.826,0.451,0.678,98.860
335.400,13.658,0.435,0.678,98.999
335.420,17.273,0.409,0.678,99.087
335.440,20.625,0.383,0.678,99.116
335.460,23.719,0.351,0.678,99.087
335.480,26.443,0.323,0.678,99.004
335.500,28.752,0.281,0.678,98.870
335.520,30.674,0.248,0.678,98.695
335.540,32.162,0.205,0.678,98.263
335.560,33.176,0.162,0.678,98.263
335.580,33.697,0.126,0.678,98.032
335.600,33.750,0.083,0.678,97.810
335.620,33.328,0.050,0.678,97.609
335.640,32.402,0.006,0.678,97.441
335.660,31.037,-0.027,0.678,97.319
335.680,29.191,-0.061,0.678,97.246
335.700,26.977,-0.088,0.678,97.229
335.720,24.316,-0.112,0.678,97.267
335.740,21.340,-0.137,0.678,97.360
335.760,18.047,-0.158,0.678,97.497
335.780,14.467,-0.170,0.678,97.678
335.800,10.705,-0.179,0.678,97.886
335.820,6.791,-0.183,0.678,98.110
335.840,2.789,-0.182,0.678,98.336
335.860,-1.266,-0.179,0.678,98.550
335.880,-5.303,-0.164,0.678,98.741
335.900,-9.270,-0.154,0.678,98.895
335.920,-13.090,-0.135,0.678,99.004
335.940,-16.693,-0.114,0.678,99.063
335.960,-20.109,-0.081,0.678,99.064
335.980,-23.191,-0.056,0.678,99.008
336.000,-25.928,-0.021,0.678,98.897
336.020,-28.283,0.013,0.678,98.737
336.040,-30.240,0.050,0.678,98.535
336.060,-31.758,0.087,0.678,98.304
336.080,-32.812,0.128,0.678,98.054
336.100,-33.322,0.166,0.678,97.799
336.120,-33.416,0.209,0.678,97.553
336.140,-33.012,0.244,0.676,97.329
336.160,-32.133,0.287,0.676,97.140
336.180,-30.797,0.319,0.676,96.995
336.200,-28.957,0.357,0.676,96.900
336.220,-26.725,0.381,0.676,96.865
336.240,-24.094,0.418,0.676,96.884
336.260,-21.100,0.435,0.676,96.965
336.280,-17.801,0.459,0.676,97.089
336.300,-14.262,0.467,0.676,97.259
336.320,-10.477,0.485,0.676,97.456
336.340,-6.539,0.485,0.676,97.677
336.360,-2.525,0.490,0.678,97.901
336.380,1.541,0.480,0.678,98.119
336.400,5.566,0.475,0.678,98.314
336.420,9.527,0.453,0.678,98.478
336.440,13.365,0.439,0.678,98.597
336.460,16.980,0.414,0.678,98.668
336.480,20.367,0.386,0.678,98.685
336.500,23.484,0.355,0.678,98.645
336.520,26.227,0.327,0.678,98.551
336.540,28.582,0.283,0.678,98.410
336.560,30.539,0.253,0.678,98.229
336.580,32.062,0.211,0.678,98.018
336.600,33.100,0.171,0.678,97.789
336.620,33.674,0.128,0.678,97.557
336.640,33.773,0.085,0.678,97.333
336.660,33.387,0.050,0.678,97.133
336.680,32.496,0.010,0.678,96.967
336.700,31.166,-0.024,0.678,96.847
336.720,29.367,-0.065,0.678,96.779
336.740,27.176,-0.091,0.678,96.771
336.760,24.551,-0.117,0.678,96.819
336.780,21.586,-0.141,0.678,96.925
336.800,18.340,-0.156,0.678,97.081
336.820,14.766,-0.175,0.678,97.280
336.840,11.027,-0.182,0.678,97.511
336.860,7.119,-0.187,0.678,97.761
336.880,3.129,-0.187,0.678,98.016
336.900,-0.937,-0.183,0.678,98.263
336.920,-4.969,-0.174,0.678,98.488
336.940,-8.953,-0.161,0.678,98.681
336.960,-12.768,-0.141,0.678,98.829
336.980,-16.395,-0.121,0.678,98.927
337.000,-19.811,-0.093,0.678,98.968
337.020,-22.939,-0.066,0.678,98.953
337.040,-25.699,-0.030,0.678,98.882
337.060,-28.096,0.006,0.678,98.761
337.080,-30.082,0.041,0.678,98.598
337.100,-31.629,0.081,0.678,98.403
337.120,-32.684,0.119,0.678,98.188
337.140,-33.275,0.158,0.678,97.968
337.160,-33.416,0.199,0.678,97.754
337.180,-33.035,0.236,0.678,97.562
337.200,-32.209,0.278,0.678,97.400
337.220,-30.885,0.311,0.678,97.283
337.240,-29.104,0.348,0.678,97.215
337.260,-26.889,0.377,0.678,97.203
337.280,-24.305,0.407,0.678,97.247
337.300,-21.328,0.431,0.678,97.348
337.320,-18.035,0.452,0.678,97.495
337.340,-14.537,0.464,0.678,97.685
337.360,-10.787,0.480,0.678,97.900
337.380,-6.855,0.474,0.678,98.138
337.400,-2.836,0.485,0.678,98.375
337.420,1.230,0.472,0.678,98.607
337.440,5.262,0.473,0.678,98.812
337.460,9.217,0.454,0.678,98.986
337.480,13.066,0.436,0.678,99.114
337.500,16.711,0.415,0.678,99.189
337.520,20.115,0.383,0.678,99.209
337.540,23.238,0.356,0.678,99.168
337.560,26.021,0.323,0.678,99.072
337.580,28.418,0.288,0.678,98.925
337.600,30.393,0.247,0.678,98.735
337.620,31.957,0.210,0.678,98.512
337.640,33.041,0.170,0.678,98.268
337.660,33.645,0.129,0.678,98.018
337.680,33.785,0.091,0.678,97.773
337.700,33.428,0.052,0.678,97.548
337.720,32.578,0.011,0.678,97.355
337.740,31.283,-0.024,0.678,97.206
337.760,29.525,-0.059,0.678,97.107
337.780,27.369,-0.089,0.678,97.063
337.800,24.779,-0.112,0.678,97.076
337.820,21.838,-0.143,0.678,97.144
337.840,18.592,-0.155,0.678,97.263
337.860,15.053,-0.176,0.678,97.423
337.880,11.338,-0.176,0.678,97.614
337.900,7.447,-0.187,0.678,97.823
337.920,3.451,-0.183,0.678,98.040
337.940,-0.604,-0.183,0.678,98.249
337.960,-4.652,-0.175,0.678,98.437
337.980,-8.631,-0.159,0.678,98.595
338.000,-12.475,-0.140,0.678,98.707
338.020,-16.102,-0.119,0.678,98.771
338.040,-19.547,-0.095,0.678,98.780
338.060,-22.705,-0.065,0.678,98.735
338.080,-25.512,-0.031,0.678,98.634
338.100,-27.926,0.004,0.678,98.485
338.120,-29.947,0.039,0.678,98.294
338.140,-31.541,0.077,0.678,98.072
338.160,-32.643,0.120,0.678,97.830
338.180,-33.275,0.159,0.678,97.583
338.200,-33.398,0.202,0.678,97.343
338.220,-33.111,0.239,0.678,97.125
338.240,-32.326,0.278,0.678,96.939
338.260,-31.037,0.312,0.678,96.798
338.280,-29.268,0.353,0.678,96.707
338.300,-27.100,0.377,0.678,96.675
338.320,-24.562,0.412,0.678,96.699
338.340,-21.615,0.433,0.678,96.784
338.360,-18.340,0.454,0.678,96.919
338.380,-14.842,0.469,0.678,97.098
338.400,-11.086,0.481,0.678,97.311
338.420,-7.201,0.486,0.678,97.546
338.440,-3.170,0.489,0.678,97.790
338.460,0.896,0.480,0.678,98.026
338.480,4.934,0.475,0.678,98.243
338.500,8.900,0.460,0.678,98.430
338.520,12.750,0.443,0.678,98.576
338.540,16.412,0.418,0.678,98.671
338.560,19.840,0.394,0.678,98.712
338.580,22.992,0.361,0.678,98.697
338.600,25.816,0.326,0.678,98.627
338.620,28.236,0.296,0.678,98.507
338.640,30.240,0.257,0.678,98.345
338.660,31.840,0.216,0.678,98.151
338.680,32.965,0.178,0.678,97.936
338.700,33.615,0.134,0.678,97.714
338.720,33.791,0.099,0.678,97.499
338.740,33.486,0.054,0.678,97.303
338.760,32.672,0.017,0.678,97.139
338.780,31.412,-0.017,0.678,97.019
338.800,29.684,-0.054,0.678,96.947
338.820,27.562,-0.083,0.678,96.935
338.840,25.008,-0.109,0.678,96.977
338.860,22.072,-0.135,0.678,97.077
338.880,18.879,-0.151,0.678,97.225
338.900,15.369,-0.170,0.678,97.418
338.920,11.637,-0.172,0.678,97.643
338.940,7.764,-0.183,0.678,97.886
338.960,3.762,-0.181,0.678,98.136
338.980,-0.270,-0.180,0.678,98.378
339.000,-4.318,-0.173,0.678,98.598
339.020,-8.297,-0.160,0.678,98.787
339.040,-12.135,-0.141,0.678,98.933
339.060,-15.832,-0.120,0.678,99.026
339.080,-19.283,-0.095,0.678,99.063
339.100,-22.436,-0.064,0.678,99.044
339.120,-25.260,-0.033,0.678,98.967
339.140,-27.721,0.003,0.678,98.840
339.160,-29.783,0.037,0.678,98.667
339.180,-31.412,0.076,0.678,98.461
339.200,-32.561,0.116,0.678,98.233
339.220,-33.205,0.157,0.678,97.996
339.240,-33.381,0.194,0.678,97.763
339.260,-33.129,0.236,0.678,97.548
339.280,-32.379,0.271,0.678,97.364
339.300,-31.131,0.307,0.678,97.222
339.320,-29.408,0.345,0.678,97.127
339.340,-27.264,0.370,0.678,97.088
339.360,-24.750,0.403,0.678,97.104
339.380,-21.826,0.427,0.678,97.174
339.400,-18.604,0.447,0.678,97.297
339.420,-15.117,0.460,0.678,97.460
339.440,-11.385,0.475,0.678,97.655
339.460,-7.500,0.481,0.678,97.872
339.480,-3.486,0.481,0.678,98.096
339.500,0.568,0.477,0.678,98.313
339.520,4.617,0.470,0.678,98.510
339.540,8.590,0.456,0.678,98.676
339.560,12.451,0.442,0.678,98.800
339.580,16.143,0.414,0.678,98.875
339.600,19.582,0.393,0.678,98.894
339.620,22.740,0.360,0.678,98.856
339.640,25.611,0.327,0.678,98.762
339.660,28.055,0.294,0.678,98.618
339.680,30.111,0.255,0.678,98.430
339.700,31.723,0.214,0.678,98.209
339.720,32.895,0.174,0.678,97.967
339.740,33.574,0.137,0.678,97.716
339.760,33.773,0.093,0.678,97.470
339.780,33.516,0.054,0.678,97.244
339.800,32.742,0.016,0.678,97.048
339.820,31.523,-0.021,0.678,96.895
339.840,29.836,-0.054,0.678,96.793
339.860,27.744,-0.087,0.678,96.747
339.880,25.219,-0.109,0.678,96.760
339.900,22.330,-0.136,0.678,96.828
339.920,19.131,-0.155,0.678,96.949
339.940,15.650,-0.176,0.678,97.317
339.960,11.959,-0.180,0.678,97.317
339.980,8.074,-0.191,0.682,97.542
340.000,4.102,-0.186,0.682,97.775
340.020,0.059,-0.185,0.682,98.006
340.040,-3.996,-0.176,0.682,98.217
340.060,-7.969,-0.164,0.682,98.399
340.080,-11.836,-0.150,0.682,98.542
340.100,-15.545,-0.124,0.682,98.635
340.120,-19.014,-0.102,0.682,98.674
340.140,-22.207,-0.071,0.682,98.659
340.160,-25.055,-0.040,0.682,98.589
340.180,-27.521,-0.007,0.682,98.468
340.200,-29.654,0.033,0.682,98.305
340.220,-31.307,0.066,0.682,98.108
340.240,-32.502,0.112,0.682,97.890
340.260,-33.199,0.153,0.682,97.663
340.280,-33.393,0.190,0.682,97.442
340.300,-33.182,0.232,0.682,97.240
340.320,-32.449,0.266,0.682,97.069
340.340,-31.271,0.304,0.682,96.940
340.360,-29.572,0.343,0.682,96.861
340.380,-27.469,0.373,0.682,96.838
340.400,-24.967,0.406,0.682,96.875
340.420,-22.084,0.424,0.682,96.969
340.440,-18.891,0.449,0.682,97.115
340.460,-15.422,0.464,0.682,97.303
340.480,-11.701,0.476,0.682,97.528
340.500,-7.805,0.485,0.682,97.773
340.520,-3.826,0.483,0.682,98.030
340.540,0.240,0.484,0.682,98.281
340.560,4.271,0.472,0.682,98.514
340.580,8.268,0.457,0.682,98.714
340.600,12.129,0.439,0.682,98.872
340.620,15.855,0.420,0.682,98.981
340.640,19.307,0.395,0.682,99.035
340.660,22.500,0.366,0.682,99.031
340.680,25.395,0.331,0.682,98.971
340.700,27.867,0.301,0.682,98.859
340.720,29.959,0.260,0.682,98.702
340.740,31.605,0.222,0.682,98.508
340.760,32.824,0.181,0.682,98.292
340.780,33.551,0.141,0.682,98.065
340.800,33.773,0.099,0.682,97.841
340.820,33.557,0.063,0.682,97.633
340.840,32.818,0.025,0.682,97.455
340.860,31.641,-0.012,0.682,97.317
340.880,29.977,-0.046,0.682,97.227
340.900,27.926,-0.080,0.682,97.192
340.920,25.424,-0.106,0.682,97.214
340.940,22.553,-0.129,0.682,97.291
340.960,19.389,-0.148,0.682,97.417
340.980,15.932,-0.169,0.682,97.588
341.000,12.240,-0.179,0.682,97.793
341.020,8.396,-0.181,0.682,98.020
341.040,4.418,-0.179,0.682,98.250
341.060,0.387,-0.184,0.682,98.475
341.080,-3.680,-0.170,0.682,98.684
341.100,-7.682,-0.161,0.682,98.860
341.120,-11.549,-0.145,0.682,98.994
341.140,-15.246,-0.123,0.682,99.080
341.160,-18.738,-0.100,0.682,99.109
341.180,-21.967,-0.067,0.682,99.080
341.200,-24.832,-0.040,0.682,98.996
341.220,-27.352,-0.001,0.682,98.860
341.240,-29.473,0.030,0.682,98.678
341.260,-31.201,0.070,0.682,98.461
341.280,-32.408,0.108,0.682,98.221
341.300,-33.152,0.150,0.682,97.970
341.320,-33.398,0.189,0.682,97.722
341.340,-33.205,0.231,0.682,97.491
341.360,-32.520,0.264,0.680,97.290
341.380,-31.371,0.307,0.680,97.128
341.400,-29.719,0.343,0.680,97.015
341.420,-27.656,0.373,0.680,96.958
341.440,-25.172,0.402,0.680,96.958
341.460,-22.330,0.424,0.680,97.013
341.480,-19.154,0.447,0.680,97.121
341.500,-15.680,0.465,0.680,97.272
341.520,-12.012,0.477,0.680,97.461
341.540,-8.139,0.480,0.680,97.672
341.560,-4.131,0.485,0.680,97.894
341.580,-0.088,0.484,0.680,98.114
341.600,3.973,0.477,0.680,98.319
341.620,7.957,0.461,0.680,98.494
341.640,11.836,0.443,0.680,98.629
341.660,15.562,0.420,0.680,98.716
341.680,19.043,0.399,0.680,98.749
341.700,22.260,0.364,0.680,98.727
341.720,25.172,0.337,0.680,98.649
341.740,27.680,0.300,0.680,98.522
341.760,29.812,0.265,0.680,98.350
341.780,31.488,0.225,0.680,98.144
341.800,32.742,0.182,0.680,97.915
341.820,33.510,0.141,0.680,97.676
341.840,33.779,0.102,0.680,97.441
341.860,33.586,0.060,0.680,97.222
341.880,32.895,0.025,0.680,97.035
341.900,31.758,-0.014,0.680,96.888
341.920,30.117,-0.048,0.680,96.790
341.940,28.113,-0.082,0.680,96.749
341.960,25.646,-0.107,0.680,96.767
341.980,22.816,-0.133,0.680,96.842
342.000,19.670,-0.150,0.680,96.970
342.020,16.230,-0.170,0.680,97.144
342.040,12.551,-0.179,0.680,97.357
342.060,8.707,-0.188,0.680,97.592
342.080,4.746,-0.188,0.680,97.840
342.100,0.715,-0.190,0.680,98.084
342.120,-3.346,-0.177,0.680,98.315
342.140,-7.342,-0.169,0.680,98.516
342.160,-11.256,-0.152,0.680,98.676
342.180,-14.953,-0.129,0.680,98.790
342.200,-18.463,-0.108,0.680,98.849
342.220,-21.697,-0.078,0.680,98.852
342.240,-24.586,-0.046,0.680,98.799
342.260,-27.158,-0.010,0.680,98.694
342.280,-29.326,0.025,0.680,98.543
342.300,-31.043,0.062,0.680,98.357
342.320,-32.297,0.103,0.680,98.147
342.340,-33.076,0.141,0.680,97.925
342.360,-33.387,0.182,0.680,97.502
342.380,-33.229,0.225,0.680,97.502
342.400,-32.584,0.258,0.680,97.328
342.420,-31.459,0.301,0.680,97.191
342.440,-29.848,0.331,0.680,97.105
342.460,-27.826,0.367,0.680,97.070
342.480,-25.389,0.391,0.680,97.093
342.500,-22.570,0.420,0.680,97.171
342.520,-19.406,0.440,0.680,97.305
342.540,-15.955,0.463,0.680,97.479
342.560,-12.316,0.472,0.680,97.694
342.580,-8.449,0.481,0.680,97.928
342.600,-4.447,0.481,0.680,98.174
342.620,-0.410,0.485,0.680,98.414
342.640,3.650,0.468,0.680,98.640
342.660,7.641,0.465,0.680,98.987
342.680,11.520,0.441,0.680,98.987
342.700,15.270,0.427,0.680,99.091
342.720,18.773,0.394,0.680,99.141
342.740,22.008,0.371,0.680,99.131
342.760,24.949,0.337,0.680,99.066
342.780,27.486,0.302,0.680,98.946
342.800,29.643,0.265,0.680,98.780
342.820,31.365,0.228,0.680,98.576
342.840,32.666,0.186,0.680,98.347
342.860,33.469,0.146,0.680,98.105
342.880,33.768,0.105,0.680,97.863
342.900,33.627,0.066,0.680,97.637
342.920,32.965,0.030,0.680,97.437
342.940,31.863,-0.011,0.680,97.276
342.960,30.270,-0.040,0.680,97.163
342.980,28.277,-0.080,0.680,97.103
343.000,25.869,-0.101,0.680,97.100
343.020,23.051,-0.130,0.680,97.152
343.040,19.934,-0.146,0.680,97.257
343.060,16.523,-0.169,0.680,97.405
343.080,12.867,-0.175,0.680,97.593
343.100,9.018,-0.186,0.680,97.800
343.120,5.062,-0.183,0.680,98.022
343.140,1.043,-0.186,0.680,98.237
343.160,-3.023,-0.178,0.680,98.438
343.180,-7.014,-0.170,0.680,98.610
343.200,-10.928,-0.147,0.680,98.745
343.220,-14.678,-0.131,0.680,98.830
343.240,-18.205,-0.105,0.680,98.864
343.260,-21.469,-0.075,0.680,98.840
343.280,-24.393,-0.047,0.680,98.761
343.300,-26.988,-0.009,0.680,98.629
343.320,-29.180,0.025,0.680,98.452
343.340,-30.937,0.066,0.680,98.239
343.360,-32.256,0.099,0.680,98.001
343.380,-33.053,0.145,0.680,97.751
343.400,-33.381,0.185,0.680,97.270
343.420,-33.287,0.226,0.680,97.270
343.440,-32.701,0.261,0.677,97.066
343.460,-31.600,0.303,0.677,96.900
343.480,-30.012,0.336,0.677,96.784
343.500,-28.025,0.370,0.677,96.723
343.520,-25.605,0.398,0.677,96.719
343.540,-22.834,0.423,0.677,96.772
343.560,-19.670,0.445,0.677,96.881
343.580,-16.260,0.466,0.677,97.037
343.600,-12.621,0.476,0.677,97.231
343.620,-8.771,0.484,0.677,97.449
343.640,-4.793,0.487,0.678,97.684
343.660,-0.738,0.485,0.678,97.916
343.680,3.316,0.477,0.678,98.136
343.700,7.318,0.465,0.678,98.329
343.720,11.227,0.448,0.678,98.485
343.740,14.971,0.431,0.678,98.594
343.760,18.486,0.403,0.678,98.651
343.780,21.744,0.374,0.678,98.653
343.800,24.732,0.340,0.678,98.598
343.820,27.299,0.307,0.678,98.492
343.840,29.490,0.272,0.678,98.340
343.860,31.236,0.232,0.678,98.152
343.880,32.572,0.195,0.678,97.939
343.900,33.404,0.152,0.678,97.714
343.920,33.756,0.113,0.678,97.490
343.940,33.650,0.073,0.678,97.280
343.960,33.041,0.033,0.678,97.099
343.980,31.975,-0.005,0.678,96.957
344.000,30.428,-0.037,0.678,96.863
344.020,28.471,-0.077,0.678,96.823
344.040,26.080,-0.095,0.678,96.843
344.060,23.297,-0.127,0.678,96.916
344.080,20.186,-0.143,0.678,97.046
344.100,16.799,-0.168,0.678,97.221
344.120,13.160,-0.172,0.678,97.435
344.140,9.340,-0.182,0.678,97.672
344.160,5.396,-0.183,0.678,97.924
344.180,1.359,-0.183,0.678,98.173
344.200,-2.689,-0.174,0.678,98.407
344.220,-6.691,-0.167,0.678,98.611
344.240,-10.611,-0.153,0.678,98.778
344.260,-14.361,-0.132,0.678,98.899
344.280,-17.906,-0.111,0.678,98.963
344.300,-21.205,-0.077,0.678,98.972
344.320,-24.146,-0.050,0.678,98.922
344.340,-26.771,-0.011,0.678,98.820
344.360,-28.998,0.016,0.678,98.669
344.380,-30.820,0.058,0.678,98.481
344.400,-32.145,0.095,0.678,98.265
344.420,-33.006,0.137,0.678,98.035
344.440,-33.357,0.175,0.678,97.804
344.460,-33.275,0.215,0.678,97.585
344.480,-32.742,0.256,0.678,97.392
344.500,-31.687,0.289,0.678,97.237
344.520,-30.158,0.328,0.678,97.126
344.540,-28.178,0.360,0.678,97.069
344.560,-25.805,0.390,0.678,97.067
344.580,-23.068,0.418,0.678,97.120
344.600,-19.939,0.439,0.678,97.228
344.620,-16.564,0.456,0.678,97.379
344.640,-12.932,0.469,0.678,97.568
344.660,-9.076,0.478,0.678,97.781
344.680,-5.115,0.482,0.678,98.008
344.700,-1.055,0.481,0.678,98.231
344.720,2.994,0.472,0.678,98.442
344.740,7.002,0.463,0.678,98.624
344.760,10.893,0.443,0.678,98.767
344.780,14.672,0.427,0.678,98.862
344.800,18.211,0.400,0.678,98.905
344.820,21.492,0.376,0.678,98.890
344.840,24.510,0.343,0.678,98.818
344.860,27.105,0.309,0.678,98.693
344.880,29.320,0.269,0.678,98.521
344.900,31.119,0.231,0.678,98.310
344.920,32.484,0.195,0.678,98.073
344.940,33.357,0.149,0.678,97.821
344.960,33.762,0.112,0.678,97.569
344.980,33.680,0.068,0.677,97.329
345.000,33.105,0.036,0.677,97.116
345.020,32.074,-0.009,0.677,96.939
345.040,30.574,-0.033,0.677,96.811
345.060,28.629,-0.082,0.677,96.733
345.080,26.279,-0.097,0.677,96.718
345.100,23.531,-0.129,0.677,96.756
345.120,20.461,-0.143,0.677,96.852
345.140,17.074,-0.168,0.677,96.992
345.160,13.447,-0.176,0.677,97.175
345.180,9.621,-0.185,0.677,97.382
345.200,5.701,-0.186,0.677,97.607
345.220,1.664,-0.185,0.677,97.827
345.240,-2.396,-0.179,0.677,98.040
345.260,-6.422,-0.169,0.677,98.224
345.280,-10.371,-0.154,0.677,98.376
345.300,-14.104,-0.134,0.677,98.479
345.320,-17.672,-0.108,0.677,98.532
345.340,-20.994,-0.085,0.677,98.529
345.360,-24.000,-0.054,0.677,98.472
345.380,-26.643,-0.019,0.677,98.361
345.400,-28.893,0.014,0.677,98.205
345.420,-30.721,0.058,0.677,98.012
345.440,-32.115,0.088,0.677,97.791
345.460,-33.035,0.137,0.677,97.558
345.480,-33.404,0.174,0.677,97.323
345.500,-33.381,0.220,0.677,97.103
345.520,-32.859,0.253,0.677,96.910
345.540,-31.852,0.293,0.677,96.753
345.560,-30.363,0.327,0.677,96.645
345.580,-28.412,0.365,0.677,96.590
345.600,-26.074,0.385,0.677,96.596
345.620,-23.332,0.423,0.677,96.654
345.640,-20.244,0.433,0.677,96.775
345.660,-16.875,0.465,0.677,96.937
345.680,-13.260,0.467,0.677,97.146
345.700,-9.422,0.485,0.677,97.375
345.720,-5.467,0.482,0.677,97.627
345.740,-1.418,0.486,0.677,97.876
345.760,2.625,0.477,0.677,98.117
345.780,6.662,0.471,0.677,98.328
345.800,10.570,0.447,0.677,98.506
345.820,14.367,0.432,0.677,98.634
345.840,17.941,0.406,0.677,98.711
345.860,21.234,0.381,0.677,98.731
345.880,24.281,0.346,0.677,98.694
345.900,26.906,0.317,0.677,98.603
345.920,29.162,0.278,0.677,98.464
345.940,30.990,0.240,0.677,98.287
345.960,32.385,0.203,0.677,98.081
345.980,33.311,0.161,0.677,97.859
346.000,33.744,0.120,0.677,97.636
346.020,33.703,0.079,0.677,97.424
346.040,33.176,0.041,0.677,97.237
346.060,32.174,0.000,0.677,97.086
346.080,30.709,-0.029,0.677,96.983
346.100,28.805,-0.070,0.677,96.930
346.120,26.490,-0.087,0.677,96.935
346.140,23.754,-0.125,0.677,96.994
346.160,20.707,-0.136,0.677,97.111
346.180,17.367,-0.162,0.677,97.270
346.200,13.740,-0.164,0.677,97.471
346.220,9.961,-0.182,0.677,97.693
346.240,6.023,-0.182,0.677,97.934
346.260,1.998,-0.183,0.677,98.172
346.280,-2.051,-0.175,0.677,98.397
346.300,-6.076,-0.168,0.677,98.595
346.320,-10.020,-0.148,0.677,98.758
346.340,-13.811,-0.133,0.677,98.870
346.360,-17.367,-0.109,0.677,98.930
346.380,-20.695,-0.084,0.677,98.932
346.400,-23.736,-0.051,0.677,98.878
346.420,-26.414,-0.017,0.677,98.769
346.440,-28.699,0.017,0.677,98.610
346.460,-30.574,0.057,0.677,98.413
346.480,-31.969,0.094,0.677,98.186
346.500,-32.936,0.138,0.677,97.943
346.520,-33.369,0.171,0.677,97.697
346.540,-33.387,0.215,0.677,97.462
346.560,-32.889,0.252,0.677,97.252
346.580,-31.904,0.290,0.677,97.075
346.600,-30.463,0.327,0.677,96.946
346.620,-28.559,0.360,0.677,96.867
346.640,-26.256,0.388,0.677,96.846
346.660,-23.555,0.419,0.677,96.879
346.680,-20.461,0.437,0.677,96.971
346.700,-17.121,0.460,0.677,97.105
346.720,-13.529,0.468,0.677,97.282
346.740,-9.732,0.481,0.677,97.483
346.760,-5.771,0.483,0.677,97.703
346.780,-1.729,0.482,0.677,97.923
346.800,2.332,0.477,0.677,98.133
346.820,6.363,0.467,0.677,98.320
346.840,10.277,0.451,0.677,98.471
346.860,14.080,0.431,0.677,98.577
346.880,17.672,0.402,0.677,98.630
346.900,20.988,0.380,0.677,98.628
346.920,24.041,0.348,0.677,98.569
346.940,26.713,0.316,0.677,98.459
346.960,28.998,0.278,0.677,98.302
346.980,30.861,0.239,0.677,98.105
347.000,32.291,0.197,0.677,97.880
347.020,33.252,0.155,0.677,97.640
347.040,33.721,0.119,0.677,97.398
347.060,33.715,0.077,0.677,97.168
347.080,33.240,0.040,0.677,96.962
347.100,32.273,-0.002,0.673,96.794
347.120,30.844,-0.030,0.673,96.673
347.140,28.969,-0.075,0.673,96.604
347.160,26.695,-0.093,0.673,96.597
347.180,23.994,-0.125,0.673,96.645
347.200,20.959,-0.141,0.673,96.751
347.220,17.666,-0.167,0.673,96.904
347.240,14.062,-0.170,0.673,97.102
347.260,10.295,-0.186,0.673,97.326
347.280,6.352,-0.187,0.674,97.570
347.300,2.332,-0.187,0.674,97.816
347.320,-1.717,-0.183,0.674,98.053
347.340,-5.736,-0.172,0.674,98.265
347.360,-9.697,-0.157,0.674,98.445
347.380,-13.500,-0.138,0.674,98.579
347.400,-17.074,-0.118,0.674,98.663
347.420,-20.437,-0.090,0.674,98.692
347.440,-23.490,-0.058,0.674,98.664
347.460,-26.174,-0.024,0.674,98.582
347.480,-28.518,0.012,0.674,98.451
347.500,-30.428,0.049,0.674,98.282
347.520,-31.869,0.082,0.674,98.083
347.540,-32.859,0.128,0.674,97.869
347.560,-33.316,0.165,0.674,97.651
347.580,-33.398,0.211,0.674,97.444
347.600,-32.930,0.244,0.674,97.262
347.620,-31.998,0.282,0.674,97.113
347.640,-30.580,0.321,0.674,97.012
347.660,-28.705,0.356,0.674,96.962
347.680,-26.443,0.384,0.674,96.971
347.700,-23.777,0.412,0.674,97.033
347.720,-20.730,0.435,0.674,97.153
347.740,-17.408,0.458,0.674,97.320
347.760,-13.840,0.465,0.674,97.529
347.780,-10.055,0.483,0.674,98.015
347.800,-6.088,0.481,0.674,98.015
347.820,-2.068,0.486,0.674,98.268
347.840,1.992,0.474,0.674,98.511
347.860,6.035,0.468,0.674,98.727
347.880,9.955,0.451,0.674,98.908
347.900,13.781,0.436,0.674,99.041
347.920,17.385,0.408,0.674,99.124
347.940,20.730,0.382,0.674,99.147
347.960,23.807,0.348,0.674,99.113
347.980,26.520,0.321,0.674,99.023
348.000,28.828,0.279,0.674,98.883
348.020,30.732,0.244,0.674,98.703
348.040,32.191,0.207,0.674,98.490
348.060,33.187,0.163,0.674,98.260
348.080,33.709,0.124,0.674,98.025
348.100,33.744,0.079,0.674,97.799
348.120,33.299,0.047,0.674,97.595
348.140,32.355,0.004,0.674,97.424
348.160,30.979,-0.027,0.674,97.300
348.180,29.139,-0.063,0.674,97.222
348.200,26.889,-0.090,0.674,97.205
348.220,24.229,-0.119,0.674,97.238
348.240,21.211,-0.137,0.674,97.332
348.260,17.918,-0.162,0.674,97.467
348.280,14.338,-0.171,0.674,97.648
348.300,10.582,-0.185,0.674,97.852
348.320,6.650,-0.187,0.674,98.077
348.340,2.643,-0.187,0.674,98.302
348.360,-1.400,-0.182,0.674,98.518
348.380,-5.449,-0.167,0.674,98.706
348.400,-9.404,-0.158,0.674,98.859
348.420,-13.236,-0.133,0.674,98.968
348.440,-16.828,-0.114,0.674,99.023
348.460,-20.221,-0.083,0.674,99.023
348.480,-23.285,-0.062,0.674,98.966
348.500,-26.004,-0.020,0.674,98.856
348.520,-28.371,0.012,0.674,98.696
348.540,-30.316,0.050,0.674,98.496
348.560,-31.816,0.087,0.674,98.266
348.580,-32.836,0.132,0.674,98.018
348.600,-33.334,0.169,0.674,97.767
348.620,-33.410,0.210,0.674,97.525
348.640,-33.006,0.248,0.674,97.306
348.660,-32.127,0.286,0.674,97.121
348.680,-30.738,0.323,0.674,96.982
348.700,-28.898,0.356,0.674,96.894
348.720,-26.643,0.389,0.674,96.865
348.740,-24.006,0.418,0.674,96.891
348.760,-21.006,0.435,0.674,96.977
348.780,-17.695,0.460,0.674,97.106
348.800,-14.145,0.468,0.674,97.284
348.820,-10.342,0.485,0.674,97.488
348.840,-6.416,0.486,0.674,97.715
348.860,-2.391,0.489,0.676,97.945
348.880,1.670,0.476,0.676,98.168
348.900,5.707,0.471,0.676,98.365
348.920,9.650,0.456,0.676,98.532
348.940,13.488,0.433,0.676,98.655
348.960,17.104,0.414,0.676,98.728
348.980,20.479,0.383,0.676,98.747
349.000,23.578,0.356,0.676,98.709
349.020,26.309,0.323,0.676,98.618
349.040,28.658,0.287,0.676,98.479
349.060,30.586,0.251,0.676,98.300
349.080,32.092,0.209,0.676,98.090
349.100,33.129,0.169,0.676,97.864
349.120,33.680,0.126,0.676,97.633
349.140,33.744,0.087,0.676,97.413
349.160,33.352,0.049,0.676,97.215
349.180,32.455,0.006,0.676,97.052
349.200,31.102,-0.023,0.676,96.935
349.220,29.291,-0.059,0.676,96.868
349.240,27.100,-0.089,0.676,96.861
349.260,24.457,-0.116,0.676,96.910
349.280,21.486,-0.136,0.676,97.017
349.300,18.205,-0.158,0.676,97.171
349.320,14.637,-0.170,0.676,97.370
349.340,10.893,-0.183,0.676,97.597
349.360,6.990,-0.184,0.676,97.844
349.380,2.988,-0.187,0.676,98.095
349.400,-1.061,-0.183,0.676,98.337
349.420,-5.104,-0.172,0.676,98.557
349.440,-9.070,-0.161,0.676,98.742
349.460,-12.885,-0.140,0.676,98.882
349.480,-16.506,-0.121,0.676,98.971
349.500,-19.939,-0.091,0.676,99.005
349.520,-23.033,-0.063,0.676,98.981
349.540,-25.787,-0.030,0.676,98.902
349.560,-28.154,0.003,0.676,98.773
349.580,-30.141,0.040,0.676,98.601
349.600,-31.676,0.078,0.676,98.398
349.620,-32.730,0.120,0.676,98.176
349.640,-33.275,0.159,0.676,97.948
349.660,-33.410,0.202,0.676,97.727
349.680,-33.029,0.240,0.676,97.528
349.700,-32.174,0.282,0.676,97.360
349.720,-30.861,0.315,0.676,97.238
349.740,-29.051,0.349,0.676,97.164
349.760,-26.830,0.377,0.676,97.146
349.780,-24.211,0.409,0.676,97.181
349.800,-21.240,0.431,0.676,97.276
349.820,-17.959,0.452,0.676,97.414
349.840,-14.432,0.464,0.676,97.596
349.860,-10.658,0.478,0.676,97.805
349.880,-6.732,0.481,0.676,98.034
349.900,-2.701,0.485,0.676,98.266
349.920,1.354,0.474,0.676,98.490
349.940,5.385,0.470,0.676,98.687
349.960,9.340,0.456,0.676,98.853
349.980,13.172,0.435,0.676,98.975
350.000,16.822,0.413,0.676,99.044
350.020,20.227,0.385,0.676,99.056
350.040,23.344,0.354,0.676,99.011
350.060,26.098,0.323,0.676,98.909
350.080,28.477,0.284,0.676,98.758
350.100,30.445,0.251,0.676,98.564
350.120,31.992,0.209,0.676,98.339
350.140,33.064,0.171,0.676,98.093
350.160,33.656,0.127,0.676,97.841
350.180,33.768,0.087,0.676,97.596
350.200,33.410,0.049,0.676,97.372
350.220,32.543,0.009,0.676,97.180
350.240,31.236,-0.022,0.676,97.033
350.260,29.461,-0.066,0.676,96.934
350.280,27.281,-0.091,0.676,96.895
350.300,24.674,-0.117,0.676,96.911
350.320,21.738,-0.142,0.676,96.984
350.340,18.469,-0.158,0.676,97.106
350.360,14.936,-0.170,0.676,97.272
350.380,11.197,-0.183,0.676,97.466
350.400,7.307,-0.185,0.676,97.683
350.420,3.305,-0.189,0.678,97.901
350.440,-0.750,-0.182,0.678,98.116
350.460,-4.787,-0.174,0.678,98.308
350.480,-8.777,-0.162,0.678,98.470
350.500,-12.609,-0.141,0.678,98.588
350.520,-16.242,-0.121,0.678,98.656
350.540,-19.676,-0.091,0.678,98.670
350.560,-22.805,-0.067,0.678,98.628
350.580,-25.623,-0.031,0.678,98.533
350.600,-28.020,0.005,0.678,98.388
350.620,-30.035,0.044,0.678,98.202
350.640,-31.588,0.080,0.678,97.985
350.660,-32.672,0.120,0.678,97.749
350.680,-33.287,0.159,0.678,97.508
350.700,-33.445,0.202,0.678,97.274
350.720,-33.100,0.240,0.678,97.062
350.740,-32.303,0.279,0.678,96.883
350.760,-31.002,0.312,0.678,96.749
350.780,-29.227,0.354,0.678,96.665
350.800,-27.053,0.377,0.678,96.641
350.820,-24.475,0.409,0.678,96.672
350.840,-21.533,0.431,0.678,96.762
350.860,-18.234,0.451,0.678,96.903
350.880,-14.754,0.466,0.678,97.088
350.900,-10.986,0.481,0.678,97.306
350.920,-7.072,0.485,0.678,97.547
350.940,-3.053,0.488,0.678,97.794
350.960,1.014,0.481,0.678,98.033
350.980,5.057,0.474,0.678,98.254
351.000,9.012,0.457,0.678,98.441
351.020,12.867,0.438,0.678,98.585
351.040,16.523,0.419,0.678,98.678
351.060,19.939,0.392,0.678,98.721
351.080,23.086,0.365,0.678,98.704
351.100,25.893,0.328,0.678,98.633
351.120,28.312,0.292,0.678,98.511
351.140,30.311,0.258,0.678,98.347
351.160,31.881,0.217,0.678,98.150
351.180,33.000,0.178,0.678,97.933
351.200,33.627,0.137,0.678,97.709
351.220,33.773,0.096,0.678,97.492
351.240,33.463,0.055,0.678,97.294
351.260,32.637,0.019,0.678,97.129
351.280,31.354,-0.017,0.678,97.006
351.300,29.613,-0.054,0.678,96.934
351.320,27.475,-0.083,0.678,96.919
351.340,24.896,-0.108,0.678,96.959
351.360,21.973,-0.134,0.678,97.055
351.380,18.750,-0.151,0.678,97.200
351.400,15.229,-0.171,0.678,97.389
351.420,11.508,-0.177,0.678,97.611
351.440,7.617,-0.184,0.678,97.851
351.460,3.639,-0.183,0.678,98.093
351.480,-0.416,-0.183,0.678,98.329
351.500,-4.465,-0.171,0.678,98.546
351.520,-8.443,-0.160,0.678,98.725
351.540,-12.293,-0.141,0.678,98.864
351.560,-15.973,-0.124,0.678,98.950
351.580,-19.400,-0.091,0.678,98.982
351.600,-22.570,-0.067,0.678,98.955
351.620,-25.371,-0.030,0.678,98.873
351.640,-27.820,0.005,0.678,98.739
351.660,-29.889,0.038,0.678,98.561
351.680,-31.477,0.077,0.678,98.349
351.700,-32.607,0.114,0.678,98.116
351.720,-33.252,0.160,0.678,97.874
351.740,-33.434,0.196,0.678,97.638
351.760,-33.152,0.236,0.678,97.420
351.780,-32.361,0.270,0.678,97.233
351.800,-31.102,0.311,0.678,97.086
351.820,-29.367,0.348,0.678,96.990
351.840,-27.217,0.376,0.678,96.949
351.860,-24.686,0.406,0.678,96.963
351.880,-21.762,0.430,0.678,97.034
351.900,-18.504,0.449,0.678,97.153
351.920,-15.000,0.465,0.678,97.317
351.940,-11.262,0.472,0.678,97.512
351.960,-7.371,0.480,0.678,97.726
351.980,-3.363,0.485,0.678,97.948
352.000,0.709,0.478,0.678,98.165
352.020,4.746,0.470,0.678,98.362
352.040,8.719,0.452,0.678,98.526
352.060,12.562,0.440,0.678,98.648
352.080,16.242,0.415,0.678,98.721
352.100,19.693,0.387,0.678,98.739
352.120,22.846,0.360,0.678,98.700
352.140,25.676,0.326,0.678,98.607
352.160,28.125,0.291,0.678,98.463
352.180,30.170,0.254,0.678,98.276
352.200,31.764,0.212,0.678,98.056
352.220,32.912,0.175,0.678,97.815
352.240,33.592,0.133,0.678,97.567
352.260,33.779,0.096,0.678,97.324
352.280,33.498,0.053,0.678,97.100
352.300,32.730,0.016,0.678,96.909
352.320,31.471,-0.021,0.678,96.760
352.340,29.766,-0.056,0.678,96.661
352.360,27.662,-0.086,0.678,96.621
352.380,25.125,-0.110,0.678,96.638
352.400,22.225,-0.136,0.678,96.711
352.420,19.020,-0.154,0.678,96.836
352.440,15.527,-0.174,0.678,97.007
352.460,11.818,-0.179,0.678,97.214
352.480,7.957,-0.187,0.678,97.443
352.500,3.949,-0.186,0.678,97.678
352.520,-0.088,-0.186,0.678,97.910
352.540,-4.119,-0.179,0.678,98.126
352.560,-8.115,-0.166,0.678,98.312
352.580,-11.977,-0.148,0.678,98.457
352.600,-15.656,-0.127,0.678,98.552
352.620,-19.131,-0.102,0.678,98.594
352.640,-22.301,-0.074,0.678,98.580
352.660,-25.154,-0.038,0.678,98.511
352.680,-27.609,-0.006,0.678,98.392
352.700,-29.707,0.030,0.678,98.231
352.720,-31.377,0.070,0.678,98.036
352.740,-32.514,0.107,0.678,97.820
352.760,-33.217,0.151,0.678,97.595
352.780,-33.410,0.187,0.678,97.376
352.800,-33.176,0.232,0.678,97.176
352.820,-32.449,0.268,0.678,97.008
352.840,-31.219,0.303,0.678,96.883
352.860,-29.549,0.342,0.678,96.806
352.880,-27.393,0.369,0.678,96.787
352.900,-24.902,0.406,0.678,96.825
352.920,-22.002,0.423,0.678,96.921
352.940,-18.797,0.446,0.678,97.065
352.960,-15.328,0.464,0.678,97.256
352.980,-11.578,0.474,0.678,97.479
353.000,-7.711,0.480,0.678,97.726
353.020,-3.703,0.483,0.678,97.979
353.040,0.352,0.481,0.678,98.228
353.060,4.400,0.472,0.678,98.459
353.080,8.391,0.459,0.678,98.657
353.100,12.240,0.443,0.678,98.813
353.120,15.949,0.417,0.678,98.918
353.140,19.406,0.395,0.678,98.968
353.160,22.600,0.365,0.678,98.960
353.180,25.471,0.331,0.678,98.894
353.200,27.937,0.298,0.678,98.776
353.220,30.023,0.257,0.678,98.614
353.240,31.658,0.225,0.678,98.416
353.260,32.854,0.182,0.678,98.195
353.280,33.557,0.140,0.678,97.735
353.300,33.791,0.102,0.678,97.735
353.320,33.533,0.059,0.678,97.524
353.340,32.807,0.021,0.678,97.342
353.360,31.582,-0.014,0.678,97.201
353.380,29.906,-0.048,0.678,97.107
353.400,27.850,-0.081,0.678,97.069
353.420,25.348,-0.104,0.678,97.086
353.440,22.459,-0.132,0.678,97.156
353.460,19.271,-0.150,0.678,97.278
353.480,15.803,-0.167,0.678,97.445
353.500,12.105,-0.175,0.678,97.643
353.520,8.250,-0.187,0.678,97.863
353.540,4.266,-0.183,0.678,98.091
353.560,0.211,-0.183,0.678,98.312
353.580,-3.820,-0.174,0.678,98.514
353.600,-7.828,-0.158,0.678,98.683
353.620,-11.695,-0.145,0.678,98.811
353.640,-15.410,-0.120,0.678,98.890
353.660,-18.885,-0.100,0.678,98.914
353.680,-22.102,-0.070,0.678,98.880
353.700,-24.979,-0.038,0.678,98.790
353.720,-27.475,0.000,0.678,98.649
353.740,-29.584,0.037,0.678,98.463
353.760,-31.260,0.074,0.678,98.242
353.780,-32.484,0.112,0.678,97.998
353.800,-33.199,0.156,0.678,97.744
353.820,-33.439,0.192,0.678,97.494
353.840,-33.223,0.234,0.678,97.261
353.860,-32.525,0.268,0.677,97.058
353.880,-31.354,0.310,0.677,96.895
353.900,-29.701,0.345,0.677,96.783
353.920,-27.604,0.371,0.677,96.726
353.940,-25.107,0.402,0.677,96.725
353.960,-22.260,0.427,0.677,96.780
353.980,-19.061,0.450,0.677,96.891
354.000,-15.598,0.466,0.677,97.046
354.020,-11.889,0.476,0.677,97.237
354.040,-8.033,0.481,0.677,97.450
354.060,-4.014,0.486,0.677,97.675
354.080,0.035,0.481,0.677,97.898
354.100,4.090,0.477,0.677,98.104
354.120,8.068,0.460,0.677,98.282
354.140,11.953,0.442,0.677,98.421
354.160,15.674,0.420,0.677,98.509
354.180,19.154,0.398,0.677,98.547
354.200,22.342,0.366,0.677,98.528
354.220,25.254,0.336,0.677,98.454
354.240,27.744,0.301,0.677,98.331
354.260,29.859,0.261,0.677,98.164
354.280,31.529,0.227,0.677,97.963
354.300,32.754,0.185,0.677,97.739
354.320,33.521,0.145,0.677,97.506
354.340,33.773,0.103,0.677,97.278
354.360,33.580,0.061,0.677,97.066
354.380,32.889,0.024,0.677,96.887
354.400,31.699,-0.014,0.677,96.749
354.420,30.047,-0.044,0.677,96.661
354.440,28.043,-0.082,0.677,96.629
354.460,25.564,-0.104,0.677,96.657
354.480,22.717,-0.133,0.677,96.740
354.500,19.553,-0.147,0.677,96.879
354.520,16.102,-0.171,0.677,97.060
354.540,12.434,-0.177,0.677,97.281
354.560,8.578,-0.189,0.677,97.526
354.580,4.605,-0.186,0.677,97.782
354.600,0.568,-0.185,0.677,98.033
354.620,-3.480,-0.177,0.677,98.266
354.640,-7.488,-0.168,0.677,98.472
354.660,-11.391,-0.150,0.677,98.639
354.680,-15.076,-0.129,0.677,98.755
354.700,-18.580,-0.106,0.677,98.817
354.720,-21.820,-0.074,0.677,98.823
354.740,-24.715,-0.046,0.677,98.772
354.760,-27.252,-0.009,0.677,98.670
354.780,-29.402,0.026,0.677,98.521
354.800,-31.096,0.064,0.677,98.337
354.820,-32.367,0.103,0.677,98.129
354.840,-33.123,0.145,0.677,97.909
354.860,-33.416,0.181,0.677,97.692
354.880,-33.240,0.222,0.677,97.489
354.900,-32.561,0.261,0.677,97.316
354.920,-31.453,0.303,0.677,97.182
354.940,-29.807,0.333,0.677,97.097
354.960,-27.762,0.369,0.677,97.063
354.980,-25.312,0.396,0.677,97.087
355.000,-22.494,0.423,0.677,97.166
355.020,-19.312,0.445,0.677,97.299
355.040,-15.873,0.460,0.677,97.474
355.060,-12.193,0.473,0.677,97.683
355.080,-8.332,0.483,0.677,97.915
355.100,-4.336,0.483,0.677,98.158
355.120,-0.281,0.482,0.677,98.396
355.140,3.773,0.475,0.677,98.617
355.160,7.758,0.460,0.677,98.808
355.180,11.643,0.442,0.677,98.956
355.200,15.387,0.423,0.677,99.054
355.220,18.885,0.396,0.677,99.098
355.240,22.096,0.369,0.677,99.082
355.260,25.037,0.336,0.677,99.011
355.280,27.562,0.302,0.677,98.886
355.300,29.707,0.261,0.677,98.714
355.320,31.406,0.228,0.677,98.506
355.340,32.678,0.184,0.677,98.273
355.360,33.469,0.146,0.677,98.027
355.380,33.779,0.105,0.677,97.783
355.400,33.615,0.065,0.677,97.554
355.420,32.953,0.028,0.677,97.352
355.440,31.811,-0.015,0.677,97.189
355.460,30.217,-0.043,0.677,97.075
355.480,28.213,-0.082,0.677,97.015
355.500,25.764,-0.104,0.677,97.012
355.520,22.939,-0.135,0.677,97.063
355.540,19.816,-0.151,0.677,97.170
355.560,16.395,-0.169,0.677,97.320
355.580,12.721,-0.177,0.677,97.506
355.600,8.871,-0.187,0.677,97.716
355.620,4.916,-0.186,0.677,97.938
355.640,0.879,-0.187,0.677,98.156
355.660,-3.182,-0.177,0.677,98.359
355.680,-7.172,-0.169,0.677,98.534
355.700,-11.109,-0.148,0.677,98.670
355.720,-14.818,-0.130,0.677,98.757
355.740,-18.334,-0.104,0.677,98.792
355.760,-21.604,-0.076,0.677,98.770
355.780,-24.516,-0.047,0.677,98.694
355.800,-27.100,-0.005,0.677,98.565
355.820,-29.279,0.025,0.677,98.391
355.840,-31.031,0.066,0.677,98.182
355.860,-32.314,0.103,0.677,97.949
355.880,-33.117,0.144,0.677,97.704
355.900,-33.434,0.184,0.677,97.462
355.920,-33.299,0.227,0.677,97.235
355.940,-32.684,0.257,0.675,97.038
355.960,-31.582,0.299,0.675,96.879
355.980,-30.006,0.333,0.675,96.770
356.000,-27.979,0.370,0.675,96.715
356.020,-25.559,0.398,0.675,96.720
356.040,-22.764,0.423,0.675,96.781
356.060,-19.600,0.444,0.675,96.897
356.080,-16.172,0.464,0.675,97.059
356.100,-12.527,0.476,0.675,97.261
356.120,-8.678,0.484,0.675,97.486
356.140,-4.693,0.486,0.675,97.727
356.160,-0.633,0.486,0.675,97.966
356.180,3.428,0.476,0.675,98.189
356.200,7.418,0.466,0.675,98.386
356.220,11.326,0.448,0.675,98.543
356.240,15.064,0.428,0.675,98.655
356.260,18.604,0.403,0.675,98.713
356.280,21.844,0.373,0.675,98.716
356.300,24.803,0.344,0.675,98.661
356.320,27.375,0.311,0.675,98.554
356.340,29.543,0.269,0.675,98.403
356.360,31.289,0.240,0.675,98.214
356.380,32.602,0.192,0.675,98.000
356.400,33.428,0.152,0.675,97.774
356.420,33.762,0.112,0.675,97.550
356.440,33.645,0.072,0.675,97.339
356.460,33.029,0.032,0.675,97.157
356.480,31.928,-0.005,0.675,97.014
356.500,30.375,-0.037,0.675,96.918
356.520,28.406,-0.074,0.675,96.876
356.540,25.986,-0.096,0.675,96.892
356.560,23.191,-0.126,0.675,96.963
356.580,20.080,-0.141,0.675,97.089
356.600,16.687,-0.165,0.675,97.258
356.620,13.020,-0.174,0.675,97.465
356.640,9.211,-0.182,0.675,97.696
356.660,5.250,-0.184,0.675,97.939
356.680,1.219,-0.184,0.675,98.181
356.700,-2.842,-0.174,0.675,98.405
356.720,-6.832,-0.166,0.675,98.599
356.740,-10.770,-0.150,0.675,98.755
356.760,-14.514,-0.130,0.675,98.865
356.780,-18.047,-0.109,0.675,98.919
356.800,-21.328,-0.076,0.675,98.917
356.820,-24.270,-0.049,0.675,98.856
356.840,-26.889,-0.008,0.675,98.742
356.860,-29.086,0.022,0.675,98.581
356.880,-30.902,0.061,0.675,98.382
356.900,-32.203,0.097,0.675,98.157
356.920,-33.047,0.139,0.675,97.917
356.940,-33.410,0.181,0.675,97.677
356.960,-33.305,0.219,0.675,97.450
356.980,-32.742,0.259,0.675,97.250
357.000,-31.664,0.294,0.675,97.086
357.020,-30.117,0.329,0.675,96.970
357.040,-28.131,0.363,0.675,96.905
357.060,-25.723,0.389,0.675,96.897
357.080,-22.975,0.422,0.675,96.942
357.100,-19.857,0.439,0.675,97.045
357.120,-16.436,0.460,0.675,97.189
357.140,-12.803,0.469,0.675,97.374
357.160,-8.965,0.478,0.675,97.581
357.180,-4.992,0.483,0.675,97.801
357.200,-0.926,0.481,0.675,98.020
357.220,3.123,0.472,0.675,98.226
357.240,7.131,0.460,0.675,98.403
357.260,11.033,0.441,0.675,98.542
357.280,14.789,0.423,0.675,98.633
357.300,18.340,0.401,0.675,98.671
357.320,21.604,0.373,0.675,98.654
357.340,24.592,0.340,0.675,98.580
357.360,27.182,0.306,0.675,98.454
357.380,29.391,0.270,0.675,98.281
357.400,31.172,0.232,0.675,98.072
357.420,32.514,0.190,0.675,97.835
357.440,33.381,0.152,0.675,97.586
357.460,33.756,0.110,0.675,97.336
357.480,33.674,0.071,0.675,97.100
357.500,33.094,0.032,0.675,96.892
357.520,32.027,-0.010,0.675,96.721
357.540,30.516,-0.039,0.675,96.600
357.560,28.564,-0.079,0.675,96.531
357.580,26.203,-0.096,0.675,96.523
357.600,23.443,-0.133,0.675,96.569
357.620,20.338,-0.145,0.675,96.674
357.640,16.975,-0.169,0.675,96.823
357.660,13.348,-0.175,0.675,97.015
357.680,9.527,-0.188,0.675,97.232
357.700,5.584,-0.186,0.675,97.466
357.720,1.547,-0.188,0.675,97.699
357.740,-2.502,-0.182,0.675,97.920
357.760,-6.516,-0.168,0.675,98.115
357.780,-10.459,-0.157,0.675,98.274
357.800,-14.203,-0.133,0.675,98.388
357.820,-17.771,-0.112,0.675,98.450
357.840,-21.070,-0.081,0.675,98.456
357.860,-24.041,-0.058,0.675,98.407
357.880,-26.672,-0.017,0.675,98.306
357.900,-28.916,0.016,0.675,98.159
357.920,-30.762,0.058,0.675,97.975
357.940,-32.109,0.088,0.675,97.765
357.960,-33.012,0.137,0.675,97.541
357.980,-33.381,0.172,0.675,97.317
358.000,-33.352,0.215,0.675,97.107
358.020,-32.812,0.254,0.675,96.924
358.040,-31.787,0.292,0.675,96.779
358.060,-30.293,0.325,0.675,96.683
358.080,-28.324,0.362,0.675,96.638
358.100,-25.963,0.389,0.675,96.655
358.120,-23.221,0.418,0.675,96.727
358.140,-20.121,0.438,0.675,96.856
358.160,-16.746,0.458,0.675,97.030
358.180,-13.148,0.472,0.675,97.245
358.200,-9.293,0.479,0.675,97.485
358.220,-5.320,0.483,0.675,97.741
358.240,-1.271,0.482,0.675,97.996
358.260,2.766,0.477,0.675,98.240
358.280,6.797,0.467,0.675,98.455
358.300,10.711,0.448,0.675,98.634
358.320,14.496,0.431,0.675,98.764
358.340,18.064,0.404,0.675,98.841
358.360,21.346,0.381,0.675,98.861
358.380,24.369,0.347,0.675,98.823
358.400,26.982,0.311,0.675,98.731
358.420,29.238,0.278,0.675,98.590
358.440,31.043,0.237,0.675,98.410
358.460,32.432,0.199,0.675,98.202
358.480,33.334,0.157,0.675,97.978
358.500,33.756,0.116,0.675,97.753
358.520,33.691,0.076,0.675,97.538
358.540,33.158,0.037,0.675,97.348
358.560,32.121,0.002,0.675,97.194
358.580,30.656,-0.033,0.675,97.087
358.600,28.734,-0.071,0.675,97.031
358.620,26.402,-0.092,0.675,97.032
358.640,23.666,-0.125,0.675,97.087
358.660,20.596,-0.137,0.675,97.198
358.680,17.250,-0.164,0.675,97.351
358.700,13.629,-0.169,0.675,97.546
358.720,9.826,-0.183,0.675,97.763
358.740,5.900,-0.181,0.675,97.996
358.760,1.852,-0.182,0.675,98.225
358.780,-2.197,-0.178,0.675,98.441
358.800,-6.217,-0.166,0.675,98.631
358.820,-10.184,-0.154,0.675,98.782
358.840,-13.934,-0.132,0.675,98.887
358.860,-17.496,-0.111,0.675,98.938
358.880,-20.812,-0.079,0.675,98.932
358.900,-23.848,-0.050,0.675,98.869
358.920,-26.508,-0.012,0.675,98.750
358.940,-28.770,0.016,0.675,98.584
358.960,-30.633,0.060,0.675,98.379
358.980,-32.021,0.090,0.675,98.145
359.000,-32.977,0.136,0.675,97.896
359.020,-33.381,0.175,0.675,97.644
359.040,-33.363,0.215,0.675,97.405
359.060,-32.871,0.255,0.675,97.189
359.080,-31.869,0.290,0.675,97.010
359.100,-30.410,0.328,0.675,96.877
359.120,-28.494,0.361,0.675,96.796
359.140,-26.162,0.389,0.675,96.773
359.160,-23.455,0.419,0.675,96.804
359.180,-20.367,0.438,0.675,96.894
359.200,-17.004,0.459,0.675,97.029
359.220,-13.430,0.472,0.675,97.204
359.240,-9.598,0.479,0.675,97.408
359.260,-5.643,0.483,0.675,97.627
359.280,-1.588,0.482,0.675,97.847
359.300,2.461,0.478,0.675,98.058
359.320,6.475,0.464,0.675,98.245
359.340,10.395,0.450,0.675,98.395
359.360,14.203,0.431,0.675,98.502
359.380,17.783,0.407,0.675,98.556
359.400,21.088,0.381,0.675,98.556
359.420,24.146,0.347,0.675,98.499
359.440,26.783,0.315,0.675,98.390
359.460,29.074,0.279,0.675,98.234
359.480,30.914,0.239,0.675,97.818
359.500,32.332,0.201,0.675,97.818
359.520,33.275,0.159,0.675,97.581
359.540,33.727,0.116,0.675,97.343
359.560,33.709,0.079,0.674,97.118
359.580,33.217,0.041,0.674,96.918
359.600,32.238,0.001,0.674,96.754
359.620,30.779,-0.034,0.674,96.638
359.640,28.893,-0.071,0.674,96.576
359.660,26.619,-0.096,0.674,96.574
359.680,23.900,-0.125,0.674,96.628
359.700,20.871,-0.141,0.674,96.740
359.720,17.531,-0.166,0.674,96.898
359.740,13.928,-0.175,0.674,97.101
359.760,10.148,-0.187,0.674,97.331
359.780,6.223,-0.187,0.674,97.579
359.800,2.215,-0.189,0.675,97.828
359.820,-1.846,-0.186,0.675,98.067
359.840,-5.865,-0.173,0.675,98.281
359.860,-9.826,-0.159,0.675,98.459
359.880,-13.594,-0.138,0.675,98.594
359.900,-17.186,-0.119,0.675,98.677
359.920,-20.525,-0.088,0.675,98.704
359.940,-23.596,-0.060,0.675,98.674
359.960,-26.273,-0.024,0.675,98.590
359.980,-28.600,0.009,0.675,98.458
360.000,-30.492,0.048,0.675,98.286
360.020,-31.916,0.083,0.675,98.086
360.040,-32.900,0.129,0.675,97.869
360.060,-33.340,0.166,0.675,97.649
360.080,-33.375,0.210,0.675,97.439
360.100,-32.900,0.247,0.675,97.255
360.120,-31.951,0.286,0.675,97.104
360.140,-30.521,0.320,0.675,97.001
360.160,-28.635,0.355,0.675,96.947
360.180,-26.350,0.382,0.675,96.952
360.200,-23.678,0.414,0.675,97.010
360.220,-20.631,0.433,0.675,97.127
360.240,-17.285,0.456,0.675,97.287
360.260,-13.711,0.465,0.675,97.490
360.280,-9.914,0.478,0.675,97.716
360.300,-5.965,0.481,0.675,97.961
360.320,-1.922,0.482,0.675,98.207
360.340,2.121,0.474,0.675,98.439
360.360,6.170,0.465,0.675,98.647
360.380,10.078,0.452,0.675,98.817
360.400,13.898,0.430,0.675,98.942
360.420,17.502,0.405,0.675,99.011
360.440,20.824,0.377,0.675,99.026
360.460,23.895,0.348,0.675,98.980
360.480,26.584,0.317,0.675,98.880
360.500,28.893,0.280,0.675,98.730
360.520,30.773,0.240,0.675,98.541
360.540,32.244,0.203,0.675,98.319
360.560,33.205,0.159,0.675,98.081
360.580,33.703,0.122,0.675,97.838
360.600,33.732,0.079,0.675,97.604
360.620,33.275,0.038,0.675,97.393
360.640,32.326,0.005,0.675,97.216
360.660,30.914,-0.031,0.675,97.083
360.680,29.068,-0.065,0.675,97.002
360.700,26.807,-0.091,0.675,96.977
360.720,24.123,-0.123,0.675,97.007
360.740,21.111,-0.140,0.675,97.093
360.760,17.801,-0.162,0.675,97.226
360.780,14.209,-0.173,0.675,97.399
360.800,10.453,-0.183,0.675,97.600
360.820,6.527,-0.187,0.675,97.818
360.840,2.502,-0.183,0.675,98.039
360.860,-1.541,-0.180,0.675,98.247
360.880,-5.566,-0.166,0.675,98.432
360.900,-9.539,-0.159,0.675,98.581
360.920,-13.348,-0.133,0.675,98.687
360.940,-16.957,-0.116,0.675,98.740
360.960,-20.314,-0.085,0.675,98.740
360.980,-23.379,-0.061,0.675,98.681
361.000,-26.098,-0.023,0.675,98.571
361.020,-28.453,0.009,0.675,98.411
361.040,-30.381,0.052,0.675,98.212
361.060,-31.840,0.087,0.675,97.982
361.080,-32.859,0.128,0.675,97.737
361.100,-33.352,0.168,0.675,97.488
361.120,-33.422,0.208,0.675,97.249
361.140,-32.994,0.247,0.675,97.034
361.160,-32.086,0.281,0.672,96.854
361.180,-30.703,0.327,0.672,96.720
361.200,-28.834,0.352,0.672,96.639
361.220,-26.590,0.389,0.672,96.615
361.240,-23.930,0.409,0.672,96.649
361.260,-20.912,0.437,0.672,96.739
361.280,-17.590,0.460,0.672,96.878
361.300,-14.027,0.467,0.672,97.063
361.320,-10.242,0.488,0.677,97.273
361.340,-6.293,0.483,0.677,97.508
361.360,-2.268,0.487,0.677,97.745
361.380,1.787,0.478,0.677,97.974
361.400,5.824,0.472,0.677,98.182
361.420,9.762,0.454,0.677,98.356
361.440,13.594,0.439,0.677,98.486
361.460,17.209,0.411,0.677,98.565
361.480,20.566,0.387,0.677,98.589
361.500,23.666,0.352,0.677,98.556
361.520,26.379,0.327,0.677,98.471
361.540,28.729,0.283,0.677,98.337
361.560,30.639,0.253,0.677,98.164
361.580,32.127,0.207,0.677,97.960
361.600,33.141,0.166,0.677,97.739
361.620,33.697,0.128,0.677,97.515
361.640,33.744,0.087,0.677,97.299
361.660,33.334,0.048,0.677,97.107
361.680,32.414,0.009,0.677,96.950
361.700,31.043,-0.028,0.677,96.838
361.720,29.232,-0.062,0.677,96.778
361.740,27.012,-0.090,0.677,96.777
361.760,24.363,-0.114,0.677,96.831
361.780,21.375,-0.137,0.677,96.941
361.800,18.094,-0.158,0.677,97.100
361.820,14.508,-0.171,0.677,97.301
361.840,10.758,-0.183,0.677,97.531
361.860,6.850,-0.184,0.677,97.780
361.880,2.842,-0.184,0.677,98.031
361.900,-1.195,-0.179,0.677,98.271
361.920,-5.244,-0.171,0.677,98.488
361.940,-9.199,-0.156,0.677,98.671
361.960,-13.025,-0.137,0.677,98.808
361.980,-16.635,-0.117,0.677,98.894
362.000,-20.057,-0.092,0.677,98.923
362.020,-23.145,-0.058,0.677,98.895
362.040,-25.869,-0.029,0.677,98.810
362.060,-28.254,0.009,0.677,98.676
362.080,-30.193,0.041,0.677,98.500
362.100,-31.723,0.082,0.677,98.292
362.120,-32.777,0.123,0.677,98.065
362.140,-33.299,0.161,0.677,97.832
362.160,-33.404,0.207,0.677,97.606
362.180,-32.988,0.240,0.677,97.402
362.200,-32.156,0.281,0.677,97.231
362.220,-30.803,0.313,0.677,97.103
362.240,-28.992,0.354,0.677,97.024
362.260,-26.748,0.376,0.677,97.003
362.280,-24.117,0.410,0.677,97.033
362.300,-21.146,0.427,0.677,97.122
362.320,-17.854,0.456,0.677,97.256
362.340,-14.303,0.460,0.677,97.435
362.360,-10.535,0.477,0.677,97.638
362.380,-6.598,0.477,0.677,97.862
362.400,-2.578,0.483,0.677,98.089
362.420,1.494,0.472,0.677,98.307
362.440,5.525,0.469,0.677,98.500
362.460,9.451,0.452,0.677,98.661
362.480,13.307,0.435,0.677,98.777
362.500,16.939,0.411,0.677,98.841
362.520,20.314,0.383,0.677,98.849
362.540,23.432,0.355,0.677,98.799
362.560,26.180,0.321,0.677,98.696
362.580,28.547,0.282,0.677,98.541
362.600,30.510,0.247,0.677,98.346
362.620,32.027,0.208,0.677,98.118
362.640,33.082,0.164,0.677,97.872
362.660,33.662,0.130,0.677,97.620
362.680,33.773,0.083,0.677,97.376
362.700,33.381,0.049,0.677,97.154
362.720,32.502,0.008,0.677,96.965
362.740,31.178,-0.025,0.677,96.821
362.760,29.396,-0.062,0.677,96.727
362.780,27.199,-0.091,0.677,96.692
362.800,24.598,-0.118,0.677,96.713
362.820,21.621,-0.141,0.677,96.792
362.840,18.369,-0.157,0.677,96.919
362.860,14.807,-0.174,0.677,97.089
362.880,11.080,-0.182,0.677,97.292
362.900,7.184,-0.186,0.677,97.515
362.920,3.182,-0.191,0.679,97.742
362.940,-0.879,-0.182,0.679,97.964
362.960,-4.910,-0.174,0.679,98.165
362.980,-8.889,-0.162,0.679,98.332
363.000,-12.727,-0.145,0.679,98.533
363.020,-16.359,-0.122,0.679,98.533
363.040,-19.787,-0.095,0.679,98.555
363.060,-22.898,-0.067,0.679,98.522
363.080,-25.670,-0.033,0.679,98.435
363.100,-28.084,0.001,0.679,98.298
363.120,-30.088,0.039,0.679,98.120
363.140,-31.646,0.077,0.679,97.911
363.160,-32.730,0.120,0.679,97.683
363.180,-33.316,0.157,0.679,97.450
363.200,-33.434,0.200,0.679,97.226
363.220,-33.094,0.239,0.679,97.023
363.240,-32.262,0.279,0.679,96.854
363.260,-30.949,0.313,0.679,96.730
363.280,-29.186,0.349,0.679,96.656
363.300,-26.971,0.379,0.679,96.642
363.320,-24.381,0.412,0.679,96.683
363.340,-21.428,0.430,0.679,96.785
363.360,-18.141,0.456,0.679,96.934
363.380,-14.637,0.465,0.679,97.130
363.400,-10.846,0.481,0.679,97.355
363.420,-6.937,0.480,0.679,97.600
363.440,-2.912,0.488,0.679,97.850
363.460,1.143,0.475,0.679,98.094
363.480,5.174,0.474,0.679,98.317
363.500,9.135,0.456,0.679,98.507
363.520,12.990,0.438,0.679,98.654
363.540,16.652,0.417,0.679,98.749
363.560,20.057,0.389,0.679,98.791
363.580,23.180,0.362,0.679,98.774
363.600,25.975,0.330,0.679,98.702
363.620,28.383,0.290,0.679,98.579
363.640,30.369,0.253,0.679,98.413
363.660,31.928,0.214,0.679,98.215
363.680,33.018,0.174,0.679,97.996
363.700,33.639,0.137,0.679,97.769
363.720,33.773,0.091,0.679,97.549
363.740,33.434,0.056,0.679,97.349
363.760,32.590,0.014,0.679,97.181
363.780,31.301,-0.016,0.679,97.055
363.800,29.543,-0.054,0.679,96.980
363.820,27.393,-0.085,0.679,96.959
363.840,24.809,-0.108,0.679,96.995
363.860,21.879,-0.135,0.679,97.087
363.880,18.633,-0.150,0.679,97.226
363.900,15.105,-0.170,0.679,97.410
363.920,11.379,-0.175,0.679,97.854
363.940,7.477,-0.185,0.679,97.854
363.960,3.504,-0.181,0.679,98.090
363.980,-0.545,-0.179,0.679,98.317
364.000,-4.582,-0.171,0.679,98.522
364.020,-8.596,-0.158,0.679,98.695
364.040,-12.445,-0.140,0.679,98.822
364.060,-16.066,-0.120,0.679,98.899
364.080,-19.523,-0.092,0.679,98.919
364.100,-22.664,-0.064,0.679,98.883
364.120,-25.471,-0.029,0.679,98.789
364.140,-27.902,0.007,0.679,98.645
364.160,-29.936,0.041,0.679,98.457
364.180,-31.523,0.082,0.679,98.236
364.200,-32.613,0.119,0.679,97.994
364.220,-33.264,0.159,0.679,97.745
364.240,-33.434,0.200,0.679,97.501
364.260,-33.129,0.238,0.679,97.276
364.280,-32.332,0.277,0.679,97.084
364.300,-31.031,0.312,0.679,96.933
364.320,-29.320,0.349,0.679,96.832
364.340,-27.135,0.376,0.679,96.787
364.360,-24.580,0.406,0.679,96.797
364.380,-21.650,0.429,0.679,96.864
364.400,-18.393,0.451,0.679,96.981
364.420,-14.900,0.468,0.679,97.142
364.440,-11.168,0.477,0.679,97.336
364.460,-7.254,0.484,0.679,97.549
364.480,-3.240,0.488,0.679,97.771
364.500,0.832,0.480,0.679,97.988
364.520,4.863,0.474,0.679,98.183
364.540,8.818,0.455,0.679,98.349
364.560,12.697,0.439,0.679,98.471
364.580,16.365,0.418,0.679,98.546
364.600,19.787,0.388,0.679,98.565
364.620,22.957,0.361,0.679,98.529
364.640,25.764,0.326,0.679,98.438
364.660,28.195,0.293,0.679,98.299
364.680,30.240,0.255,0.679,98.117
364.700,31.816,0.215,0.679,97.902
364.720,32.947,0.176,0.679,97.668
364.740,33.609,0.134,0.679,97.427
364.760,33.773,0.096,0.679,97.192
364.780,33.480,0.052,0.679,96.978
364.800,32.672,0.014,0.679,96.796
364.820,31.430,-0.019,0.679,96.660
364.840,29.701,-0.058,0.679,96.572
364.860,27.592,-0.087,0.679,96.544
364.880,25.020,-0.110,0.679,96.573
364.900,22.125,-0.140,0.679,96.660
364.920,18.908,-0.154,0.679,96.798
364.940,15.404,-0.176,0.679,96.982
364.960,11.684,-0.179,0.679,97.201
364.980,7.816,-0.191,0.679,97.441
365.000,3.826,-0.187,0.679,97.690
365.020,-0.217,-0.188,0.679,97.934
365.040,-4.248,-0.179,0.679,98.161
365.060,-8.250,-0.166,0.679,98.357
365.080,-12.105,-0.147,0.679,98.511
365.100,-15.773,-0.124,0.679,98.615
365.120,-19.242,-0.102,0.679,98.665
365.140,-22.406,-0.072,0.679,98.659
365.160,-25.242,-0.037,0.679,98.597
365.180,-27.697,-0.001,0.679,98.485
365.200,-29.789,0.031,0.679,98.329
365.220,-31.395,0.072,0.679,98.140
365.240,-32.549,0.112,0.679,97.930
365.260,-33.211,0.156,0.679,97.712
365.280,-33.404,0.190,0.679,97.499
365.300,-33.164,0.232,0.679,97.305
365.320,-32.414,0.269,0.679,97.142
365.340,-31.166,0.308,0.679,97.021
365.360,-29.467,0.345,0.679,96.951
365.380,-27.305,0.373,0.679,96.936
365.400,-24.803,0.403,0.679,96.977
365.420,-21.908,0.429,0.679,97.074
365.440,-18.668,0.447,0.679,97.223
365.460,-15.187,0.464,0.679,97.413
365.480,-11.461,0.473,0.679,97.636
365.500,-7.570,0.483,0.679,97.882
365.520,-3.557,0.481,0.679,98.133
365.540,0.498,0.477,0.679,98.377
365.560,4.535,0.472,0.679,98.601
365.580,8.514,0.455,0.679,98.794
365.600,12.381,0.439,0.679,98.942
365.620,16.072,0.418,0.679,99.040
365.640,19.523,0.390,0.679,99.083
365.660,22.699,0.364,0.679,99.066
365.680,25.553,0.327,0.679,98.994
365.700,28.014,0.298,0.679,98.868
365.720,30.070,0.256,0.679,98.698
365.740,31.687,0.219,0.679,98.492
365.760,32.877,0.178,0.679,98.264
365.780,33.568,0.138,0.679,98.025
365.800,33.791,0.098,0.679,97.791
365.820,33.533,0.058,0.679,97.573
365.840,32.748,0.021,0.679,97.386
365.860,31.535,-0.015,0.679,97.239
365.880,29.848,-0.050,0.679,97.140
365.900,27.785,-0.079,0.679,97.097
365.920,25.254,-0.109,0.679,97.108
365.940,22.359,-0.135,0.679,97.178
365.960,19.178,-0.151,0.679,97.296
365.980,15.691,-0.172,0.679,97.458
366.000,11.977,-0.175,0.679,97.653
366.020,8.127,-0.190,0.679,97.868
366.040,4.143,-0.182,0.679,98.091
366.060,0.088,-0.183,0.679,98.307
366.080,-3.961,-0.174,0.679,98.505
366.100,-7.957,-0.163,0.679,98.671
366.120,-11.830,-0.145,0.679,98.797
366.140,-15.533,-0.120,0.679,98.873
366.160,-19.008,-0.097,0.679,98.894
366.180,-22.195,-0.071,0.679,98.859
366.200,-25.049,-0.036,0.679,98.768
366.220,-27.521,-0.002,0.679,98.625
366.240,-29.660,0.036,0.679,98.439
366.260,-31.330,0.074,0.679,98.219
366.280,-32.496,0.110,0.679,97.977
366.300,-33.229,0.153,0.679,97.726
366.320,-33.445,0.191,0.679,97.480
366.340,-33.217,0.236,0.679,97.252
366.360,-32.520,0.269,0.679,97.054
366.380,-31.318,0.309,0.679,96.897
366.400,-29.631,0.345,0.679,96.792
366.420,-27.539,0.373,0.679,96.741
366.440,-25.061,0.408,0.679,96.748
366.460,-22.148,0.428,0.679,96.813
366.480,-18.961,0.450,0.679,96.931
366.500,-15.492,0.468,0.679,97.092
366.520,-11.777,0.477,0.679,97.292
366.540,-7.904,0.488,0.679,97.512
366.560,-3.885,0.486,0.679,97.746
366.580,0.146,0.483,0.679,97.975
366.600,4.213,0.477,0.679,98.187
366.620,8.209,0.460,0.679,98.371
366.640,12.076,0.444,0.679,98.514
366.660,15.791,0.423,0.679,98.609
366.680,19.254,0.393,0.679,98.651
366.700,22.447,0.370,0.679,98.635
366.720,25.348,0.336,0.679,98.566
366.740,27.820,0.299,0.679,98.447
366.760,29.918,0.262,0.679,98.283
366.780,31.588,0.227,0.679,98.086
366.800,32.807,0.183,0.679,97.867
366.820,33.539,0.142,0.679,97.638
366.840,33.785,0.100,0.679,97.413
366.860,33.568,0.060,0.679,97.207
366.880,32.824,0.024,0.679,97.032
366.900,31.652,-0.014,0.679,96.898
366.920,30.018,-0.049,0.679,96.813
366.940,27.961,-0.083,0.679,96.785
366.960,25.482,-0.107,0.679,96.816
366.980,22.623,-0.129,0.679,96.902
367.000,19.453,-0.149,0.679,97.042
367.020,15.979,-0.170,0.679,97.224
367.040,12.305,-0.174,0.679,97.446
367.060,8.443,-0.189,0.679,97.688
367.080,4.471,-0.185,0.679,97.941
367.100,0.434,-0.186,0.679,98.189
367.120,-3.615,-0.174,0.679,98.419
367.140,-7.617,-0.165,0.679,98.617
367.160,-11.514,-0.150,0.679,98.777
367.180,-15.217,-0.125,0.679,98.886
367.200,-18.680,-0.106,0.679,98.940
367.220,-21.932,-0.073,0.679,98.938
367.240,-24.809,-0.043,0.679,98.879
367.260,-27.311,-0.007,0.679,98.768
367.280,-29.461,0.028,0.679,98.612
367.300,-31.148,0.066,0.679,98.420
367.320,-32.396,0.104,0.679,98.203
367.340,-33.164,0.149,0.679,97.976
367.360,-33.393,0.184,0.679,97.751
367.380,-33.211,0.228,0.679,97.542
367.400,-32.525,0.263,0.679,97.361
367.420,-31.395,0.303,0.679,97.221
367.440,-29.754,0.335,0.679,97.129
367.460,-27.686,0.365,0.679,97.089
367.480,-25.219,0.396,0.679,97.105
367.500,-22.365,0.420,0.679,97.177
367.520,-19.201,0.443,0.679,97.301
367.540,-15.756,0.460,0.679,97.467
367.560,-12.070,0.472,0.679,97.670
367.580,-8.197,0.479,0.679,97.893
367.600,-4.195,0.482,0.679,98.127
367.620,-0.158,0.481,0.679,98.356
367.640,3.896,0.470,0.679,98.568
367.660,7.881,0.456,0.679,98.747
367.680,11.777,0.440,0.679,98.884
367.700,15.498,0.422,0.679,98.974
367.720,18.990,0.396,0.679,99.009
367.740,22.201,0.366,0.679,98.986
367.760,25.131,0.335,0.679,98.905
367.780,27.645,0.298,0.679,98.774
367.800,29.766,0.262,0.679,98.595
367.820,31.471,0.226,0.679,98.381
367.840,32.736,0.184,0.679,98.143
367.860,33.504,0.143,0.679,97.893
367.880,33.779,0.104,0.679,97.645
367.900,33.592,0.058,0.679,97.412
367.920,32.912,0.027,0.679,97.209
367.940,31.764,-0.013,0.679,97.046
367.960,30.170,-0.049,0.679,96.930
367.980,28.148,-0.083,0.679,96.870
368.000,25.682,-0.107,0.679,96.868
368.020,22.857,-0.131,0.679,96.921
368.040,19.723,-0.153,0.679,97.026
368.060,16.271,-0.170,0.679,97.177
368.080,12.604,-0.178,0.679,97.366
368.100,8.760,-0.189,0.679,97.576
368.120,4.793,-0.188,0.679,97.798
368.140,0.762,-0.187,0.679,98.019
368.160,-3.299,-0.178,0.679,98.223
368.180,-7.307,-0.169,0.679,98.398
368.200,-11.203,-0.151,0.679,98.536
368.220,-14.941,-0.127,0.679,98.626
368.240,-18.434,-0.108,0.679,98.663
368.260,-21.686,-0.071,0.679,98.644
368.280,-24.609,-0.046,0.679,98.569
368.300,-27.176,-0.007,0.679,98.444
368.320,-29.344,0.021,0.679,98.274
368.340,-31.072,0.066,0.679,98.070
368.360,-32.355,0.102,0.679,97.841
368.380,-33.129,0.145,0.679,97.602
368.400,-33.439,0.183,0.679,97.366
368.420,-33.281,0.228,0.679,97.146
368.440,-32.672,0.261,0.679,96.956
368.460,-31.553,0.300,0.679,96.805
368.480,-29.918,0.336,0.679,96.704
368.500,-27.914,0.370,0.679,96.659
368.520,-25.482,0.398,0.679,96.673
368.540,-22.658,0.422,0.679,96.743
368.560,-19.488,0.447,0.679,96.869
368.580,-16.066,0.464,0.679,97.040
368.600,-12.410,0.478,0.679,97.251
368.620,-8.543,0.482,0.679,97.485
368.640,-4.547,0.487,0.679,97.732
368.660,-0.486,0.482,0.679,97.978
368.680,3.551,0.476,0.679,98.209
368.700,7.559,0.464,0.679,98.411
368.720,11.449,0.446,0.679,98.574
368.740,15.199,0.426,0.679,98.688
368.760,18.715,0.398,0.679,98.751
368.780,21.955,0.371,0.679,98.755
368.800,24.914,0.343,0.679,98.704
368.820,27.451,0.306,0.679,98.601
368.840,29.607,0.268,0.679,98.452
368.860,31.342,0.231,0.679,98.267
368.880,32.637,0.192,0.679,98.056
368.900,33.451,0.148,0.679,97.833
368.920,33.762,0.111,0.679,97.612
368.940,33.621,0.068,0.679,97.405
368.960,32.988,0.034,0.679,97.226
368.980,31.881,-0.005,0.679,97.086
369.000,30.316,-0.040,0.679,96.993
369.020,28.318,-0.075,0.679,96.956
369.040,25.893,-0.098,0.679,96.976
369.060,23.086,-0.125,0.679,97.050
369.080,19.980,-0.143,0.679,97.178
369.100,16.553,-0.165,0.679,97.349
369.120,12.891,-0.174,0.679,97.560
369.140,9.059,-0.182,0.679,97.791
369.160,5.109,-0.182,0.679,98.034
369.180,1.072,-0.184,0.679,98.273
369.200,-2.959,-0.173,0.679,98.496
369.220,-6.961,-0.165,0.679,98.688
369.240,-10.904,-0.148,0.679,98.842
369.260,-14.637,-0.129,0.679,98.945
369.280,-18.152,-0.107,0.679,98.997
369.300,-21.428,-0.070,0.679,98.990
369.320,-24.369,-0.050,0.679,98.924
369.340,-26.953,-0.004,0.679,98.807
369.360,-29.162,0.022,0.679,98.641
369.380,-30.926,0.063,0.679,98.439
369.400,-32.232,0.098,0.679,98.210
369.420,-33.064,0.144,0.679,97.968
369.440,-33.422,0.180,0.679,97.726
369.460,-33.305,0.224,0.679,97.497
369.480,-32.701,0.261,0.679,97.296
369.500,-31.641,0.296,0.679,97.132
369.520,-30.047,0.331,0.679,97.016
369.540,-28.066,0.368,0.679,96.952
369.560,-25.664,0.396,0.679,96.944
369.580,-22.893,0.418,0.679,96.992
369.600,-19.746,0.441,0.679,97.093
369.620,-16.318,0.459,0.679,97.238
369.640,-12.691,0.472,0.679,97.423
369.660,-8.836,0.481,0.679,97.631
369.680,-4.881,0.485,0.679,97.853
369.700,-0.814,0.480,0.679,98.073
369.720,3.240,0.472,0.679,98.278
369.740,7.254,0.463,0.679,98.456
369.760,11.150,0.445,0.679,98.594
369.780,14.912,0.426,0.679,98.688
369.800,18.439,0.399,0.679,98.727
369.820,21.709,0.369,0.679,98.710
369.840,24.697,0.341,0.679,98.637
369.860,27.252,0.307,0.679,98.512
369.880,29.467,0.269,0.679,98.342
369.900,31.207,0.228,0.679,98.135
369.920,32.555,0.189,0.679,97.902
369.940,33.393,0.149,0.679,97.656
369.960,33.756,0.108,0.679,97.412
369.980,33.662,0.068,0.678,97.183
370.000,33.064,0.029,0.678,96.981
370.020,31.992,-0.010,0.678,96.818
370.040,30.457,-0.042,0.678,96.703
370.060,28.488,-0.081,0.678,96.644
370.080,26.104,-0.101,0.678,96.644
370.100,23.338,-0.132,0.678,96.700
370.120,20.232,-0.150,0.678,96.812
370.140,16.852,-0.167,0.678,96.972
370.160,13.213,-0.179,0.678,97.171
370.180,9.387,-0.187,0.678,97.397
370.200,5.443,-0.188,0.678,97.638
370.220,1.424,-0.189,0.678,97.877
370.240,-2.637,-0.180,0.678,98.104
370.260,-6.645,-0.170,0.678,98.304
370.280,-10.582,-0.154,0.678,98.469
370.300,-14.320,-0.133,0.678,98.588
370.320,-17.889,-0.111,0.678,98.654
370.340,-21.176,-0.079,0.678,98.664
370.360,-24.129,-0.054,0.678,98.618
370.380,-26.754,-0.011,0.678,98.521
370.400,-28.986,0.017,0.678,98.377
370.420,-30.814,0.062,0.678,98.196
370.440,-32.150,0.092,0.678,97.989
370.460,-33.012,0.136,0.678,97.769
370.480,-33.375,0.175,0.678,97.550
370.500,-33.311,0.218,0.678,97.345
370.520,-32.789,0.257,0.678,97.166
370.540,-31.723,0.294,0.678,97.027
370.560,-30.193,0.327,0.678,96.935
370.580,-28.236,0.360,0.678,96.896
370.600,-25.857,0.392,0.678,96.914
370.620,-23.121,0.419,0.678,96.991
370.640,-20.027,0.439,0.678,97.122
370.660,-16.623,0.456,0.678,97.298
370.680,-12.990,0.470,0.678,97.513
370.700,-9.170,0.477,0.678,97.754
370.720,-5.186,0.485,0.678,98.008
370.740,-1.143,0.480,0.678,98.262
370.760,2.906,0.474,0.678,98.502
370.780,6.926,0.464,0.678,98.713
370.800,10.834,0.445,0.678,98.885
370.820,14.613,0.431,0.678,99.010
370.840,18.158,0.403,0.678,99.080
370.860,21.451,0.375,0.678,99.094
370.880,24.457,0.344,0.678,99.049
370.900,27.059,0.311,0.678,98.951
370.920,29.303,0.271,0.678,98.804
370.940,31.084,0.236,0.678,98.618
370.960,32.461,0.195,0.678,98.405
370.980,33.352,0.158,0.678,98.176
371.000,33.744,0.112,0.678,97.945
371.020,33.686,0.074,0.677,97.726
371.040,33.141,0.039,0.677,97.533
371.060,32.092,0.001,0.677,97.375
371.080,30.592,-0.034,0.677,97.264
371.100,28.658,-0.073,0.677,97.204
371.120,26.314,-0.093,0.677,97.202
371.140,23.578,-0.121,0.677,97.254
371.160,20.490,-0.141,0.677,97.360
371.180,17.139,-0.162,0.677,97.700
371.200,13.500,-0.174,0.677,97.700
371.220,9.691,-0.183,0.677,97.915
371.240,5.754,-0.187,0.677,98.142
371.260,1.717,-0.182,0.677,98.368
371.280,-2.338,-0.176,0.677,98.579
371.300,-6.352,-0.166,0.677,98.762
371.320,-10.289,-0.151,0.677,99.004
371.340,-14.062,-0.131,0.677,99.004
371.360,-17.625,-0.108,0.677,99.049
371.380,-20.941,-0.080,0.677,99.038
371.400,-23.936,-0.052,0.677,98.969
371.420,-26.596,-0.015,0.677,98.847
371.440,-28.857,0.019,0.677,98.677
371.460,-30.709,0.058,0.677,98.468
371.480,-32.074,0.097,0.677,98.232
371.500,-33.006,0.136,0.677,97.981
371.520,-33.404,0.175,0.677,97.729
371.540,-33.357,0.218,0.676,97.488
371.560,-32.859,0.259,0.676,97.274
371.580,-31.846,0.292,0.676,97.096
371.600,-30.375,0.332,0.676,96.966
371.620,-28.430,0.365,0.676,96.888
371.640,-26.086,0.390,0.676,96.867
371.660,-23.355,0.419,0.676,96.902
371.680,-20.279,0.439,0.676,96.993
371.700,-16.922,0.463,0.676,97.131
371.720,-13.312,0.473,0.676,97.311
371.740,-9.463,0.483,0.676,97.517
371.760,-5.514,0.487,0.676,97.740
371.780,-1.471,0.485,0.676,97.964
371.800,2.590,0.479,0.676,98.177
371.820,6.592,0.469,0.676,98.365
371.840,10.518,0.449,0.676,98.518
371.860,14.332,0.433,0.676,98.626
371.880,17.900,0.406,0.676,98.680
371.900,21.193,0.381,0.676,98.625
371.920,24.240,0.345,0.676,98.625
371.940,26.865,0.313,0.676,98.518
371.960,29.133,0.276,0.676,98.363
371.980,30.961,0.236,0.676,98.171
372.000,32.373,0.202,0.676,97.952
372.020,33.299,0.157,0.676,97.719
372.040,33.738,0.119,0.676,97.484
372.060,33.709,0.074,0.676,97.263
372.080,33.205,0.039,0.676,97.067
372.100,32.186,0.001,0.676,96.799
372.120,30.721,-0.033,0.676,96.799
372.140,28.834,-0.072,0.676,96.742
372.160,26.537,-0.094,0.676,96.745
372.180,23.807,-0.124,0.676,96.803
372.200,20.748,-0.141,0.676,96.918
372.220,17.426,-0.166,0.676,97.081
372.240,13.799,-0.171,0.676,97.287
372.260,10.008,-0.185,0.676,97.519
372.280,6.088,-0.187,0.676,97.767
372.300,2.057,-0.187,0.676,98.016
372.320,-1.980,-0.184,0.676,98.254
372.340,-6.012,-0.172,0.676,98.468
372.360,-9.967,-0.156,0.676,98.646
372.380,-13.723,-0.134,0.676,98.776
372.400,-17.314,-0.114,0.676,98.853
372.420,-20.648,-0.087,0.676,98.875
372.440,-23.695,-0.058,0.676,98.841
372.460,-26.367,-0.020,0.676,98.753
372.480,-28.652,0.010,0.676,98.615
372.500,-30.539,0.053,0.676,98.439
372.520,-31.939,0.086,0.676,98.233
372.540,-32.912,0.129,0.676,98.012
372.560,-33.340,0.165,0.676,97.788
372.580,-33.363,0.210,0.676,97.574
372.600,-32.889,0.246,0.676,97.385
372.620,-31.898,0.285,0.676,97.231
372.640,-30.475,0.320,0.676,97.124
372.660,-28.576,0.358,0.676,97.066
372.680,-26.256,0.381,0.676,97.067
372.700,-23.578,0.414,0.676,97.120
372.720,-20.514,0.431,0.676,97.230
372.740,-17.174,0.457,0.676,97.384
372.760,-13.582,0.467,0.676,97.581
372.780,-9.773,0.477,0.676,97.802
372.800,-5.824,0.481,0.676,98.038
372.820,-1.787,0.484,0.676,98.275
372.840,2.273,0.474,0.676,98.501
372.860,6.299,0.467,0.676,98.698
372.880,10.219,0.448,0.676,98.860
372.900,14.016,0.431,0.676,98.974
372.920,17.619,0.404,0.676,99.034
372.940,20.941,0.381,0.676,99.038
372.960,24.006,0.345,0.676,98.983
372.980,26.666,0.315,0.676,98.874
373.000,28.957,0.279,0.676,98.716
373.020,30.838,0.239,0.676,98.518
373.040,32.273,0.202,0.676,98.290
373.060,33.234,0.157,0.676,98.046
373.080,33.721,0.120,0.676,97.797
373.100,33.721,0.078,0.676,97.559
373.120,33.264,0.040,0.676,97.344
373.140,32.273,-0.000,0.676,97.163
373.160,30.855,-0.033,0.676,97.028
373.180,28.998,-0.068,0.676,96.945
373.200,26.725,-0.091,0.676,96.920
373.220,24.035,-0.126,0.676,96.948
373.240,21.006,-0.145,0.676,97.033
373.260,17.695,-0.166,0.676,97.165
373.280,14.086,-0.174,0.676,97.338
373.300,10.312,-0.185,0.676,97.540
373.320,6.398,-0.188,0.676,97.757
373.340,2.361,-0.187,0.676,97.977
373.360,-1.670,-0.181,0.676,98.186
373.380,-5.701,-0.170,0.676,98.370
373.400,-9.674,-0.158,0.676,98.522
373.420,-13.465,-0.138,0.676,98.628
373.440,-17.062,-0.115,0.676,98.683
373.460,-20.414,-0.084,0.676,98.682
373.480,-23.490,-0.058,0.676,98.625
373.500,-26.191,-0.020,0.676,98.515
373.520,-28.535,0.012,0.676,98.358
373.540,-30.457,0.052,0.676,98.161
373.560,-31.875,0.087,0.676,97.936
373.580,-32.883,0.132,0.676,97.695
373.600,-33.357,0.167,0.676,97.451
373.620,-33.398,0.211,0.676,97.218
373.640,-32.977,0.251,0.676,97.010
373.660,-32.045,0.288,0.676,96.838
373.680,-30.645,0.324,0.676,96.713
373.700,-28.764,0.357,0.676,96.639
373.720,-26.514,0.388,0.676,96.624
373.740,-23.848,0.418,0.676,96.666
373.760,-20.777,0.434,0.676,96.915
373.780,-17.473,0.461,0.676,96.915
373.800,-13.910,0.472,0.676,97.109
373.820,-10.113,0.484,0.676,97.332
373.840,-6.164,0.487,0.676,97.573
373.860,-2.145,0.486,0.676,98.053
373.880,1.928,0.479,0.676,98.053
373.900,5.965,0.471,0.676,98.266
373.920,9.891,0.454,0.676,98.444
373.940,13.717,0.435,0.676,98.579
373.960,17.326,0.411,0.676,98.661
373.980,20.672,0.386,0.676,98.690
374.000,23.754,0.352,0.676,98.662
374.020,26.479,0.321,0.676,98.580
374.040,28.787,0.283,0.676,98.449
374.060,30.703,0.247,0.676,98.278
374.080,32.186,0.210,0.676,98.078
374.100,33.182,0.166,0.676,97.861
374.120,33.703,0.132,0.676,97.640
374.140,33.732,0.083,0.676,97.428
374.160,33.316,0.049,0.676,97.240
374.180,32.385,0.008,0.676,97.087
374.200,30.996,-0.028,0.676,96.979
374.220,29.168,-0.058,0.676,96.923
374.240,26.936,-0.093,0.676,96.923
374.260,24.264,-0.112,0.676,96.981
374.280,21.258,-0.141,0.676,97.093
374.300,17.982,-0.151,0.676,97.256
374.320,14.402,-0.174,0.676,97.455
374.340,10.635,-0.181,0.676,97.687
374.360,6.721,-0.183,0.676,97.934
374.380,2.701,-0.184,0.676,98.183
374.400,-1.336,-0.181,0.676,98.422
374.420,-5.367,-0.167,0.676,98.635
374.440,-9.340,-0.155,0.676,98.812
374.460,-13.160,-0.136,0.676,98.943
374.480,-16.758,-0.119,0.676,99.023
374.500,-20.139,-0.087,0.676,99.046
374.520,-23.232,-0.062,0.676,99.010
374.540,-25.934,-0.023,0.676,98.919
374.560,-28.330,0.009,0.676,98.778
374.580,-30.281,0.048,0.676,98.595
374.600,-31.775,0.083,0.676,98.381
374.620,-32.807,0.128,0.676,98.148
374.640,-33.305,0.161,0.676,97.910
374.660,-33.404,0.203,0.676,97.679
374.680,-32.988,0.243,0.676,97.470
374.700,-32.133,0.280,0.676,97.294
374.720,-30.756,0.320,0.676,97.162
374.740,-28.893,0.351,0.676,97.079
374.760,-26.684,0.384,0.676,97.052
374.780,-24.029,0.410,0.676,97.081
374.800,-21.053,0.436,0.676,97.166
374.820,-17.730,0.452,0.676,97.297
374.840,-14.186,0.468,0.676,97.468
374.860,-10.389,0.481,0.676,97.670
374.880,-6.463,0.482,0.676,97.890
374.900,-2.437,0.481,0.676,98.113
374.920,1.623,0.480,0.676,98.325
374.940,5.660,0.465,0.676,98.515
374.960,9.604,0.456,0.676,98.667
374.980,13.436,0.433,0.676,98.837
375.000,17.068,0.414,0.676,98.837
375.020,20.432,0.382,0.676,98.786
375.040,23.531,0.353,0.676,98.786
375.060,26.285,0.319,0.676,98.679
375.080,28.623,0.284,0.676,98.521
375.100,30.568,0.245,0.676,98.324
375.120,32.086,0.202,0.676,98.095
375.140,33.123,0.159,0.676,97.848
375.160,33.680,0.124,0.676,97.597
375.180,33.768,0.081,0.676,97.354
375.200,33.381,0.046,0.676,97.134
375.220,32.484,0.005,0.675,96.948
375.240,31.131,-0.029,0.675,96.808
375.260,29.326,-0.064,0.675,96.718
375.280,27.141,-0.094,0.675,96.687
375.300,24.516,-0.116,0.675,96.713
375.320,21.533,-0.143,0.675,96.796
375.340,18.258,-0.160,0.675,96.929
375.360,14.695,-0.173,0.675,97.105
375.380,10.969,-0.185,0.675,97.313
375.400,7.049,-0.187,0.675,97.542
375.420,3.053,-0.186,0.675,97.774
375.440,-1.008,-0.187,0.675,98.000
375.460,-5.033,-0.171,0.675,98.206
375.480,-9.006,-0.162,0.675,98.378
375.500,-12.844,-0.141,0.675,98.508
375.520,-16.447,-0.122,0.675,98.588
375.540,-19.875,-0.093,0.675,98.614
375.560,-22.986,-0.062,0.675,98.584
375.580,-25.734,-0.028,0.675,98.501
375.600,-28.125,0.004,0.675,98.368
375.620,-30.105,0.040,0.675,98.195
375.640,-31.676,0.082,0.675,97.992
375.660,-32.742,0.121,0.675,97.770
375.680,-33.281,0.159,0.675,97.543
375.700,-33.410,0.199,0.675,97.326
375.720,-33.035,0.238,0.675,97.130
375.740,-32.209,0.277,0.675,96.969
375.760,-30.908,0.314,0.675,96.852
375.780,-29.080,0.347,0.675,96.785
375.800,-26.871,0.378,0.675,96.777
375.820,-24.264,0.406,0.675,96.827
375.840,-21.311,0.433,0.675,96.933
375.860,-18.029,0.452,0.675,97.090
375.880,-14.502,0.467,0.675,97.289
375.900,-10.723,0.478,0.675,97.520
375.920,-6.809,0.480,0.675,97.770
375.940,-2.783,0.486,0.675,98.023
375.960,1.271,0.478,0.675,98.269
375.980,5.320,0.468,0.675,98.494
376.000,9.270,0.458,0.675,98.684
376.020,13.119,0.437,0.675,98.831
376.040,16.758,0.418,0.675,98.924
376.060,20.156,0.386,0.675,98.964
376.080,23.285,0.359,0.675,98.943
376.100,26.068,0.327,0.675,98.868
376.120,28.453,0.292,0.675,98.742
376.140,30.434,0.253,0.675,98.574
376.160,31.969,0.213,0.675,98.373
376.180,33.053,0.172,0.675,98.151
376.200,33.662,0.131,0.675,97.922
376.220,33.779,0.091,0.675,97.700
376.240,33.428,0.052,0.675,97.498
376.260,32.566,0.013,0.675,97.329
376.280,31.260,-0.017,0.675,97.202
376.300,29.479,-0.055,0.675,97.123
376.320,27.334,-0.086,0.675,97.102
376.340,24.727,-0.108,0.675,97.135
376.360,21.768,-0.136,0.675,97.223
376.380,18.527,-0.154,0.675,97.360
376.400,14.988,-0.170,0.675,97.539
376.420,11.250,-0.178,0.675,97.749
376.440,7.365,-0.187,0.675,97.976
376.460,3.363,-0.185,0.675,98.207
376.480,-0.691,-0.182,0.675,98.430
376.500,-4.723,-0.167,0.675,98.629
376.520,-8.713,-0.160,0.675,98.792
376.540,-12.539,-0.137,0.675,98.914
376.560,-16.184,-0.119,0.675,98.983
376.580,-19.641,-0.091,0.675,98.997
376.600,-22.775,-0.063,0.675,98.953
376.620,-25.553,-0.028,0.675,98.853
376.640,-27.979,0.008,0.675,98.703
376.660,-30.000,0.041,0.675,98.510
376.680,-31.576,0.083,0.675,98.285
376.700,-32.678,0.122,0.675,98.039
376.720,-33.281,0.163,0.675,97.787
376.740,-33.457,0.201,0.675,97.540
376.760,-33.088,0.243,0.675,97.314
376.780,-32.297,0.279,0.675,97.121
376.800,-31.002,0.318,0.675,96.970
376.820,-29.256,0.351,0.675,96.871
376.840,-27.053,0.383,0.675,96.825
376.860,-24.492,0.407,0.675,96.840
376.880,-21.551,0.435,0.675,96.905
376.900,-18.275,0.451,0.675,97.026
376.920,-14.771,0.472,0.675,97.188
376.940,-11.039,0.479,0.675,97.385
376.960,-7.107,0.483,0.675,97.601
376.980,-3.088,0.485,0.675,97.824
377.000,0.973,0.481,0.675,98.040
377.020,4.998,0.473,0.675,98.237
377.040,8.959,0.455,0.675,98.404
377.060,12.809,0.438,0.675,98.529
377.080,16.482,0.417,0.675,98.603
377.100,19.910,0.385,0.675,98.625
377.120,23.051,0.362,0.675,98.588
377.140,25.869,0.324,0.675,98.500
377.160,28.271,0.292,0.675,98.361
377.180,30.299,0.251,0.675,98.182
377.200,31.869,0.212,0.675,97.970
377.220,32.988,0.174,0.675,97.740
377.240,33.621,0.133,0.675,97.502
377.260,33.779,0.089,0.675,97.272
377.280,33.480,0.055,0.675,96.888
377.300,32.660,0.012,0.675,96.888
377.320,31.389,-0.019,0.675,96.757
377.340,29.637,-0.058,0.675,96.676
377.360,27.516,-0.088,0.675,96.654
377.380,24.937,-0.113,0.675,96.692
377.400,22.037,-0.138,0.675,96.785
377.420,18.809,-0.154,0.675,96.931
377.440,15.299,-0.174,0.675,97.122
377.460,11.572,-0.181,0.675,97.346
377.480,7.693,-0.186,0.675,97.591
377.500,3.697,-0.189,0.676,97.844
377.520,-0.340,-0.185,0.676,98.090
377.540,-4.371,-0.174,0.676,98.319
377.560,-8.373,-0.163,0.676,98.514
377.580,-12.240,-0.143,0.676,98.670
377.600,-15.885,-0.126,0.676,98.772
377.620,-19.342,-0.098,0.676,98.823
377.640,-22.488,-0.070,0.676,98.815
377.660,-25.324,-0.034,0.676,98.753
377.680,-27.768,-0.004,0.676,98.639
377.700,-29.812,0.036,0.676,98.483
377.720,-31.436,0.072,0.676,98.293
377.740,-32.566,0.108,0.676,98.082
377.760,-33.217,0.153,0.676,97.864
377.780,-33.416,0.195,0.676,97.651
377.800,-33.141,0.232,0.676,97.458
377.820,-32.361,0.271,0.676,97.296
377.840,-31.096,0.307,0.676,97.176
377.860,-29.373,0.346,0.676,97.106
377.880,-27.246,0.372,0.676,97.090
377.900,-24.709,0.403,0.676,97.131
377.920,-21.785,0.426,0.676,97.228
377.940,-18.533,0.449,0.676,97.374
377.960,-15.070,0.464,0.676,97.565
377.980,-11.320,0.476,0.676,97.786
378.000,-7.436,0.482,0.676,98.026
378.020,-3.410,0.482,0.676,98.276
378.040,0.627,0.477,0.676,98.514
378.060,4.682,0.472,0.676,98.733
378.080,8.666,0.456,0.676,98.919
378.100,12.504,0.440,0.676,99.062
378.120,16.195,0.418,0.676,99.154
378.140,19.641,0.388,0.676,99.189
378.160,22.811,0.363,0.676,99.164
378.180,25.658,0.327,0.676,99.085
378.200,28.096,0.296,0.676,98.954
378.220,30.141,0.257,0.676,98.777
378.240,31.752,0.218,0.676,98.567
378.260,32.912,0.178,0.676,98.334
378.280,33.592,0.135,0.676,98.091
378.300,33.797,0.095,0.676,97.853
378.320,33.516,0.053,0.676,97.632
378.340,32.736,0.018,0.676,97.442
378.360,31.494,-0.021,0.676,97.292
378.380,29.812,-0.056,0.676,97.193
378.400,27.709,-0.085,0.676,97.148
378.420,25.160,-0.110,0.676,97.160
378.440,22.266,-0.134,0.676,97.226
378.460,19.061,-0.154,0.676,97.343
378.480,15.580,-0.170,0.676,97.503
378.500,11.865,-0.179,0.676,97.694
378.520,7.992,-0.188,0.676,97.908
378.540,3.996,-0.187,0.676,98.130
378.560,-0.041,-0.184,0.676,98.344
378.580,-4.078,-0.175,0.676,98.541
378.600,-8.092,-0.163,0.676,98.705
378.620,-11.953,-0.146,0.676,98.830
378.640,-15.645,-0.125,0.676,98.903
378.660,-19.113,-0.096,0.676,98.922
378.680,-22.277,-0.069,0.676,98.885
378.700,-25.154,-0.033,0.676,98.793
378.720,-27.609,0.002,0.676,98.649
378.740,-29.730,0.035,0.676,98.462
378.760,-31.365,0.075,0.676,98.242
378.780,-32.537,0.114,0.676,98.001
378.800,-33.229,0.157,0.676,97.751
378.820,-33.428,0.189,0.676,97.507
378.840,-33.217,0.239,0.675,97.282
378.860,-32.490,0.272,0.675,97.087
378.880,-31.236,0.312,0.675,96.935
378.900,-29.578,0.348,0.675,96.834
378.920,-27.457,0.377,0.675,96.788
378.940,-24.949,0.406,0.675,96.801
378.960,-22.066,0.429,0.675,96.872
378.980,-18.844,0.452,0.675,96.994
379.000,-15.375,0.468,0.675,97.162
379.020,-11.660,0.475,0.675,97.368
379.040,-7.775,0.486,0.675,97.593
379.060,-3.756,0.489,0.678,97.830
379.080,0.299,0.483,0.678,98.062
379.100,4.348,0.474,0.678,98.279
379.120,8.332,0.461,0.678,98.463
379.140,12.199,0.447,0.678,98.609
379.160,15.908,0.423,0.678,98.706
379.180,19.371,0.397,0.678,98.750
379.200,22.553,0.368,0.678,98.737
379.220,25.441,0.335,0.678,98.669
379.240,27.896,0.301,0.678,98.550
379.260,29.994,0.265,0.678,98.389
379.280,31.646,0.223,0.678,98.193
379.300,32.830,0.183,0.678,97.976
379.320,33.562,0.141,0.678,97.749
379.340,33.785,0.103,0.678,97.528
379.360,33.557,0.061,0.678,97.325
379.380,32.818,0.025,0.678,97.153
379.400,31.617,-0.013,0.678,97.022
379.420,29.965,-0.047,0.678,96.941
379.440,27.891,-0.079,0.678,96.916
379.460,25.395,-0.106,0.678,96.949
379.480,22.518,-0.128,0.678,97.037
379.500,19.342,-0.148,0.678,97.178
379.520,15.879,-0.168,0.678,97.362
379.540,12.170,-0.175,0.678,97.581
379.560,8.326,-0.187,0.678,97.822
379.580,4.354,-0.184,0.678,98.073
379.600,0.305,-0.183,0.678,98.318
379.620,-3.756,-0.174,0.678,98.542
379.640,-7.746,-0.164,0.678,98.736
379.660,-11.631,-0.145,0.678,98.890
379.680,-15.328,-0.129,0.678,98.991
379.700,-18.814,-0.101,0.678,99.041
379.720,-22.020,-0.075,0.678,99.030
379.740,-24.891,-0.041,0.678,98.965
379.760,-27.398,-0.005,0.678,98.846
379.780,-29.537,0.032,0.678,98.682
379.800,-31.225,0.065,0.678,98.482
379.820,-32.420,0.106,0.678,98.259
379.840,-33.176,0.148,0.678,98.025
379.860,-33.410,0.187,0.678,97.793
379.880,-33.211,0.230,0.678,97.578
379.900,-32.531,0.265,0.678,97.391
379.920,-31.359,0.304,0.678,97.244
379.940,-29.707,0.340,0.678,97.145
379.960,-27.604,0.368,0.678,97.100
379.980,-25.131,0.402,0.678,97.110
380.000,-22.277,0.421,0.678,97.176
380.020,-19.107,0.446,0.678,97.292
380.040,-15.639,0.464,0.678,97.452
380.060,-11.941,0.475,0.678,97.647
380.080,-8.057,0.480,0.678,97.864
380.100,-4.055,0.484,0.678,98.088
380.120,-0.023,0.480,0.678,98.308
380.140,4.037,0.471,0.678,98.509
380.160,8.027,0.457,0.678,98.679
380.180,11.912,0.441,0.678,98.809
380.200,15.627,0.419,0.678,98.890
380.220,19.096,0.393,0.678,98.916
380.240,22.318,0.364,0.678,98.884
380.260,25.219,0.330,0.678,98.797
380.280,27.721,0.298,0.678,98.657
380.300,29.836,0.258,0.678,98.474
380.320,31.518,0.224,0.678,98.255
380.340,32.754,0.180,0.678,98.012
380.360,33.516,0.140,0.678,97.759
380.380,33.797,0.100,0.678,97.509
380.400,33.586,0.058,0.678,97.275
380.420,32.895,0.024,0.678,97.071
380.440,31.734,-0.014,0.678,96.907
380.460,30.117,-0.047,0.678,96.792
380.480,28.078,-0.084,0.678,96.731
380.500,25.605,-0.104,0.678,96.730
380.520,22.758,-0.136,0.678,96.784
380.540,19.617,-0.150,0.678,96.894
380.560,16.154,-0.174,0.678,97.047
380.580,12.463,-0.179,0.678,97.240
380.600,8.643,-0.190,0.679,97.454
380.620,4.658,-0.185,0.679,97.680
380.640,0.633,-0.188,0.679,97.903
380.660,-3.428,-0.178,0.679,98.112
380.680,-7.418,-0.166,0.679,98.292
380.700,-11.320,-0.152,0.679,98.433
380.720,-15.023,-0.129,0.679,98.527
380.740,-18.533,-0.108,0.679,98.569
380.760,-21.791,-0.072,0.679,98.555
380.780,-24.680,-0.045,0.679,98.486
380.800,-27.229,-0.009,0.679,98.367
380.820,-29.385,0.027,0.679,98.203
380.840,-31.102,0.066,0.679,98.004
380.860,-32.373,0.103,0.679,97.783
380.880,-33.141,0.145,0.679,97.551
380.900,-33.422,0.182,0.679,97.323
380.920,-33.252,0.226,0.679,97.111
380.940,-32.607,0.261,0.679,96.931
380.960,-31.482,0.302,0.679,96.790
380.980,-29.871,0.336,0.679,96.700
381.000,-27.844,0.369,0.679,96.664
381.020,-25.389,0.397,0.679,96.687
381.040,-22.559,0.423,0.679,96.766
381.060,-19.383,0.445,0.679,96.900
381.080,-15.943,0.464,0.679,97.080
381.100,-12.287,0.471,0.679,97.300
381.120,-8.420,0.484,0.679,97.540
381.140,-4.406,0.485,0.679,97.795
381.160,-0.363,0.485,0.679,98.047
381.180,3.691,0.472,0.679,98.284
381.200,7.699,0.461,0.679,98.489
381.220,11.584,0.446,0.679,98.656
381.240,15.322,0.427,0.679,98.773
381.260,18.832,0.401,0.679,98.837
381.280,22.061,0.372,0.679,98.843
381.300,25.002,0.339,0.679,98.793
381.320,27.521,0.306,0.679,98.690
381.340,29.684,0.267,0.679,98.541
381.360,31.400,0.232,0.679,98.355
381.380,32.672,0.190,0.679,98.144
381.400,33.475,0.153,0.679,97.921
381.420,33.785,0.110,0.679,97.699
381.440,33.621,0.066,0.679,97.492
381.460,32.965,0.033,0.679,97.173
381.480,31.834,-0.009,0.679,97.173
381.500,30.252,-0.040,0.679,97.081
381.520,28.248,-0.079,0.679,97.042
381.540,25.816,-0.098,0.679,97.061
381.560,23.010,-0.129,0.679,97.133
381.580,19.863,-0.145,0.679,97.259
381.600,16.441,-0.164,0.679,97.425
381.620,12.779,-0.173,0.679,97.630
381.640,8.936,-0.185,0.679,97.858
381.660,4.986,-0.182,0.679,98.096
381.680,0.955,-0.184,0.679,98.327
381.700,-3.105,-0.172,0.679,98.544
381.720,-7.113,-0.162,0.679,98.874
381.740,-11.027,-0.149,0.679,98.874
381.760,-14.754,-0.129,0.679,98.971
381.780,-18.246,-0.106,0.679,99.013
381.800,-21.562,-0.070,0.679,98.998
381.820,-24.469,-0.045,0.679,98.924
381.840,-27.047,-0.004,0.679,98.799
381.860,-29.250,0.027,0.679,98.625
381.880,-30.984,0.066,0.679,98.415
381.900,-32.268,0.103,0.679,98.179
381.920,-33.094,0.147,0.679,97.931
381.940,-33.434,0.186,0.679,97.683
381.960,-33.287,0.228,0.679,97.450
381.980,-32.666,0.261,0.679,97.245
382.000,-31.576,0.302,0.679,97.077
382.020,-29.988,0.336,0.679,96.957
382.040,-27.990,0.372,0.679,96.891
382.060,-25.576,0.398,0.679,96.881
382.080,-22.764,0.422,0.679,96.927
382.100,-19.629,0.446,0.679,97.027
382.120,-16.213,0.461,0.679,97.172
382.140,-12.562,0.474,0.679,97.356
382.160,-8.701,0.480,0.679,97.563
382.180,-4.723,0.485,0.679,97.782
382.200,-0.680,0.482,0.679,98.000
382.220,3.375,0.472,0.679,98.205
382.240,7.389,0.460,0.679,98.381
382.260,11.273,0.445,0.679,98.520
382.280,15.029,0.423,0.679,98.612
382.300,18.551,0.399,0.679,98.652
382.320,21.814,0.373,0.679,98.636
382.340,24.791,0.340,0.679,98.564
382.360,27.352,0.305,0.679,98.441
382.380,29.537,0.265,0.679,98.273
382.400,31.277,0.231,0.679,98.068
382.420,32.596,0.186,0.679,97.839
382.440,33.428,0.150,0.679,97.598
382.460,33.779,0.106,0.679,97.359
382.480,33.650,0.066,0.679,97.135
382.500,33.029,0.031,0.679,96.940
382.520,31.951,-0.011,0.679,96.784
382.540,30.393,-0.040,0.679,96.678
382.560,28.424,-0.081,0.679,96.627
382.580,26.039,-0.100,0.679,96.635
382.600,23.232,-0.132,0.679,96.700
382.620,20.150,-0.144,0.679,96.823
382.640,16.752,-0.168,0.679,96.989
382.660,13.090,-0.177,0.679,97.197
382.680,9.270,-0.184,0.679,97.430
382.700,5.314,-0.187,0.679,97.677
382.720,1.295,-0.187,0.679,97.924
382.740,-2.766,-0.178,0.679,98.156
382.760,-6.773,-0.171,0.679,98.362
382.780,-10.699,-0.151,0.679,98.532
382.800,-14.449,-0.134,0.679,98.653
382.820,-17.971,-0.112,0.679,98.723
382.840,-21.258,-0.081,0.679,98.737
382.860,-24.211,-0.052,0.679,98.695
382.880,-26.824,-0.013,0.679,98.600
382.900,-29.057,0.020,0.679,98.459
382.920,-30.850,0.058,0.679,98.281
382.940,-32.168,0.095,0.679,98.077
382.960,-33.012,0.137,0.679,97.860
382.980,-33.381,0.175,0.679,97.644
383.000,-33.316,0.219,0.679,97.442
383.020,-32.748,0.256,0.679,97.266
383.040,-31.687,0.295,0.679,97.128
383.060,-30.129,0.331,0.679,97.040
383.080,-28.172,0.364,0.679,97.003
383.100,-25.764,0.389,0.679,97.025
383.120,-23.021,0.417,0.679,97.100
383.140,-19.893,0.439,0.679,97.232
383.160,-16.500,0.458,0.679,97.408
383.180,-12.879,0.472,0.679,97.623
383.200,-9.000,0.481,0.679,97.860
383.220,-5.051,0.485,0.679,98.113
383.240,-1.002,0.482,0.679,98.363
383.260,3.059,0.474,0.679,98.597
383.280,7.066,0.464,0.679,98.804
383.300,10.969,0.446,0.679,98.971
383.320,14.736,0.429,0.679,99.090
383.340,18.275,0.404,0.679,99.153
383.360,21.557,0.373,0.679,99.159
383.380,24.551,0.344,0.679,99.107
383.400,27.146,0.307,0.679,99.001
383.420,29.367,0.272,0.679,98.847
383.440,31.154,0.232,0.679,98.654
383.460,32.508,0.192,0.679,98.433
383.480,33.381,0.150,0.679,98.198
383.500,33.785,0.112,0.679,97.962
383.520,33.674,0.069,0.679,97.738
383.540,33.094,0.033,0.679,97.540
383.560,32.057,-0.006,0.679,97.378
383.580,30.527,-0.038,0.679,97.264
383.600,28.594,-0.078,0.679,97.200
383.620,26.244,-0.093,0.679,97.196
383.640,23.455,-0.129,0.679,97.243
383.660,20.391,-0.141,0.679,97.348
383.680,17.016,-0.166,0.679,97.493
383.700,13.371,-0.173,0.679,97.681
383.720,9.574,-0.184,0.679,97.891
383.740,5.619,-0.186,0.679,98.116
383.760,1.588,-0.184,0.679,98.337
383.780,-2.467,-0.178,0.679,98.544
383.800,-6.480,-0.166,0.679,98.725
383.820,-10.418,-0.147,0.679,98.868
383.840,-14.168,-0.131,0.679,98.962
383.860,-17.748,-0.109,0.679,99.005
383.880,-21.053,-0.077,0.679,98.992
383.900,-24.029,-0.052,0.679,98.921
383.920,-26.654,-0.010,0.679,98.799
383.940,-28.904,0.017,0.679,98.629
383.960,-30.756,0.065,0.679,98.421
383.980,-32.127,0.095,0.679,98.187
384.000,-33.023,0.140,0.679,97.938
384.020,-33.404,0.178,0.679,97.689
384.040,-33.357,0.219,0.679,97.453
384.060,-32.842,0.257,0.675,97.244
384.080,-31.787,0.294,0.675,97.072
384.100,-30.305,0.331,0.675,96.948
384.120,-28.365,0.364,0.675,96.876
384.140,-25.986,0.393,0.675,96.864
384.160,-23.268,0.420,0.675,96.907
384.180,-20.174,0.440,0.675,97.006
384.200,-16.793,0.458,0.675,97.152
384.220,-13.189,0.474,0.675,97.339
384.240,-9.334,0.482,0.675,97.552
384.260,-5.385,0.489,0.679,97.783
384.280,-1.330,0.484,0.679,98.014
384.300,2.719,0.480,0.679,98.233
384.320,6.738,0.467,0.679,98.428
384.340,10.652,0.449,0.679,98.587
384.360,14.449,0.433,0.679,98.700
384.380,18.012,0.406,0.679,98.760
384.400,21.299,0.377,0.679,98.765
384.420,24.316,0.348,0.679,98.713
384.440,26.953,0.311,0.679,98.610
384.460,29.209,0.279,0.679,98.460
384.480,31.014,0.240,0.679,98.273
384.500,32.426,0.197,0.679,98.059
384.520,33.328,0.157,0.679,97.830
384.540,33.756,0.120,0.679,97.601
384.560,33.691,0.077,0.679,97.384
384.580,33.164,0.036,0.679,97.194
384.600,32.156,0.004,0.679,97.042
384.620,30.668,-0.033,0.679,96.937
384.640,28.764,-0.074,0.679,96.885
384.660,26.443,-0.093,0.679,96.893
384.680,23.725,-0.126,0.679,96.956
384.700,20.666,-0.139,0.679,97.076
384.720,17.314,-0.166,0.679,97.241
384.740,13.682,-0.172,0.679,97.447
384.760,9.891,-0.185,0.679,97.928
384.780,5.965,-0.184,0.679,97.928
384.800,1.934,-0.187,0.679,98.173
384.820,-2.109,-0.181,0.679,98.408
384.840,-6.135,-0.170,0.679,98.618
384.860,-10.084,-0.156,0.679,98.789
384.880,-13.834,-0.136,0.679,98.915
384.900,-17.420,-0.115,0.679,98.988
384.920,-20.766,-0.083,0.679,99.005
384.940,-23.789,-0.058,0.679,98.963
384.960,-26.443,-0.017,0.679,98.867
384.980,-28.723,0.013,0.679,98.723
385.000,-30.592,0.054,0.679,98.540
385.020,-31.986,0.088,0.679,98.328
385.040,-32.936,0.132,0.679,98.101
385.060,-33.369,0.172,0.679,97.871
385.080,-33.357,0.212,0.679,97.652
385.100,-32.854,0.253,0.679,97.457
385.120,-31.863,0.286,0.679,97.298
385.140,-30.428,0.324,0.679,97.186
385.160,-28.500,0.359,0.679,97.123
385.180,-26.168,0.385,0.679,97.119
385.200,-23.467,0.414,0.679,97.166
385.220,-20.391,0.435,0.679,97.270
385.240,-17.057,0.457,0.679,97.419
385.260,-13.465,0.469,0.679,97.608
385.280,-9.645,0.479,0.679,97.823
385.300,-5.684,0.484,0.679,98.053
385.320,-1.641,0.481,0.679,98.283
385.340,2.408,0.476,0.679,98.502
385.360,6.439,0.460,0.679,98.692
385.380,10.348,0.446,0.679,98.845
385.400,14.145,0.426,0.679,98.953
385.420,17.730,0.402,0.679,99.006
385.440,21.047,0.377,0.679,99.004
385.460,24.094,0.344,0.679,98.943
385.480,26.766,0.311,0.679,98.829
385.500,29.045,0.273,0.679,98.666
385.520,30.891,0.236,0.679,98.464
385.540,32.326,0.199,0.679,98.234
385.560,33.270,0.159,0.679,97.987
385.580,33.738,0.114,0.679,97.737
385.600,33.721,0.074,0.678,97.498
385.620,33.234,0.034,0.678,97.284
385.640,32.262,0.002,0.677,97.106
385.660,30.838,-0.035,0.677,96.973
385.680,28.939,-0.071,0.677,96.892
385.700,26.643,-0.094,0.677,96.869
385.720,23.947,-0.125,0.677,96.901
385.740,20.895,-0.141,0.677,96.990
385.760,17.590,-0.165,0.677,97.125
385.780,13.986,-0.175,0.677,97.304
385.800,10.213,-0.183,0.677,97.511
385.820,6.281,-0.187,0.677,97.733
385.840,2.256,-0.186,0.677,97.957
385.860,-1.793,-0.183,0.677,98.171
385.880,-5.812,-0.169,0.677,98.361
385.900,-9.773,-0.159,0.677,98.516
385.920,-13.576,-0.137,0.677,98.628
385.940,-17.156,-0.118,0.677,98.687
385.960,-20.496,-0.088,0.677,98.693
385.980,-23.572,-0.059,0.677,98.642
386.000,-26.256,-0.021,0.677,98.539
386.020,-28.564,0.010,0.677,98.387
386.040,-30.486,0.050,0.677,98.196
386.060,-31.898,0.083,0.677,97.978
386.080,-32.918,0.133,0.677,97.744
386.100,-33.375,0.166,0.677,97.508
386.120,-33.398,0.212,0.677,97.283
386.140,-32.941,0.248,0.677,97.084
386.160,-32.004,0.288,0.677,96.921
386.180,-30.592,0.323,0.677,96.806
386.200,-28.699,0.359,0.677,96.741
386.220,-26.432,0.385,0.677,96.738
386.240,-23.748,0.418,0.677,96.788
386.260,-20.695,0.435,0.677,96.899
386.280,-17.373,0.459,0.677,97.056
386.300,-13.793,0.468,0.677,97.257
386.320,-9.990,0.481,0.677,97.485
386.340,-6.041,0.484,0.677,97.731
386.360,-2.004,0.485,0.677,97.980
386.380,2.068,0.481,0.677,98.219
386.400,6.105,0.470,0.677,98.434
386.420,10.014,0.454,0.677,98.615
386.440,13.840,0.436,0.677,98.752
386.460,17.443,0.407,0.677,98.835
386.480,20.801,0.386,0.677,98.862
386.500,23.865,0.351,0.677,98.832
386.520,26.561,0.324,0.677,98.749
386.540,28.863,0.283,0.677,98.616
386.560,30.762,0.246,0.677,98.444
386.580,32.221,0.207,0.677,98.241
386.600,33.205,0.166,0.677,98.021
386.620,33.709,0.124,0.677,97.797
386.640,33.744,0.083,0.677,97.583
386.660,33.281,0.044,0.677,97.393
386.680,32.344,0.008,0.677,97.237
386.700,30.955,-0.030,0.677,97.126
386.720,29.098,-0.061,0.677,97.067
386.740,26.854,-0.090,0.677,97.063
386.760,24.176,-0.120,0.677,97.116
386.780,21.176,-0.136,0.677,97.223
386.800,17.865,-0.162,0.677,97.377
386.820,14.285,-0.168,0.677,97.574
386.840,10.518,-0.181,0.677,97.797
386.860,6.586,-0.183,0.677,98.035
386.880,2.578,-0.186,0.677,98.276
386.900,-1.465,-0.177,0.677,98.505
386.920,-5.502,-0.167,0.677,98.706
386.940,-9.463,-0.151,0.677,98.873
386.960,-13.260,-0.132,0.677,98.992
386.980,-16.863,-0.116,0.677,99.058
387.000,-20.244,-0.083,0.677,99.071
387.020,-23.332,-0.054,0.677,99.022
387.040,-26.033,-0.023,0.677,98.921
387.060,-28.400,0.012,0.677,98.770
387.080,-30.346,0.050,0.677,98.577
387.100,-31.787,0.086,0.677,98.353
387.120,-32.830,0.131,0.677,98.112
387.140,-33.322,0.164,0.677,97.865
387.160,-33.404,0.212,0.677,97.628
387.180,-32.982,0.246,0.677,97.412
387.200,-32.086,0.284,0.677,97.230
387.220,-30.691,0.322,0.677,97.094
387.240,-28.840,0.353,0.677,97.006
387.260,-26.584,0.385,0.677,96.976
387.280,-23.947,0.409,0.677,97.000
387.300,-20.930,0.435,0.677,97.081
387.320,-17.607,0.453,0.677,97.208
387.340,-14.057,0.468,0.677,97.378
387.360,-10.283,0.479,0.677,97.576
387.380,-6.346,0.483,0.677,97.793
387.400,-2.314,0.481,0.677,98.014
387.420,1.752,0.477,0.677,98.223
387.440,5.795,0.468,0.677,98.412
387.460,9.721,0.452,0.677,98.565
387.480,13.553,0.432,0.677,98.676
387.500,17.168,0.409,0.677,98.734
387.520,20.531,0.383,0.677,98.738
387.540,23.637,0.352,0.677,98.684
387.560,26.355,0.321,0.677,98.579
387.580,28.693,0.280,0.677,98.424
387.600,30.627,0.244,0.677,98.229
387.620,32.115,0.204,0.677,98.004
387.640,33.146,0.160,0.677,97.762
387.660,33.697,0.128,0.677,97.516
387.680,33.762,0.080,0.677,97.280
387.700,33.346,0.046,0.677,97.068
387.720,32.432,0.006,0.677,96.890
387.740,31.084,-0.029,0.677,96.758
387.760,29.256,-0.067,0.677,96.678
387.780,27.059,-0.093,0.677,96.658
387.800,24.404,-0.118,0.677,96.695
387.820,21.434,-0.139,0.677,96.789
387.840,18.146,-0.162,0.677,96.932
387.860,14.584,-0.174,0.677,97.120
387.880,10.828,-0.187,0.677,97.340
387.900,6.920,-0.186,0.677,97.579
387.920,2.918,-0.190,0.679,97.822
387.940,-1.125,-0.184,0.679,98.056
387.960,-5.156,-0.174,0.679,98.269
387.980,-9.129,-0.162,0.679,98.449
388.000,-12.955,-0.139,0.679,98.587
388.020,-16.570,-0.122,0.679,98.673
388.040,-19.980,-0.092,0.679,98.706
388.060,-23.062,-0.065,0.679,98.682
388.080,-25.811,-0.029,0.679,98.604
388.100,-28.219,0.004,0.679,98.478
388.120,-30.170,0.042,0.679,98.311
388.140,-31.699,0.077,0.679,98.113
388.160,-32.748,0.122,0.679,97.898
388.180,-33.275,0.159,0.679,97.677
388.200,-33.404,0.204,0.679,97.466
388.220,-33.006,0.243,0.679,97.277
388.240,-32.180,0.281,0.679,97.122
388.260,-30.826,0.315,0.679,97.012
388.280,-28.998,0.352,0.679,96.952
388.300,-26.783,0.378,0.679,96.951
388.320,-24.164,0.410,0.679,97.004
388.340,-21.187,0.431,0.679,97.116
388.360,-17.900,0.456,0.679,97.275
388.380,-14.344,0.464,0.679,97.477
388.400,-10.576,0.481,0.679,97.707
388.420,-6.639,0.482,0.679,97.958
388.440,-2.619,0.487,0.679,98.212
388.460,1.418,0.477,0.679,98.458
388.480,5.461,0.467,0.679,98.680
388.500,9.404,0.454,0.679,98.866
388.520,13.260,0.435,0.679,99.009
388.540,16.887,0.414,0.679,99.098
388.560,20.291,0.383,0.679,99.132
388.580,23.391,0.355,0.679,99.105
388.600,26.150,0.321,0.679,99.025
388.620,28.529,0.287,0.679,98.892
388.640,30.492,0.249,0.679,98.719
388.660,32.016,0.211,0.679,98.511
388.680,33.076,0.168,0.679,98.284
388.700,33.668,0.129,0.679,98.050
388.720,33.773,0.088,0.679,97.824
388.740,33.398,0.049,0.679,97.617
388.760,32.525,0.011,0.679,97.444
388.780,31.207,-0.024,0.679,97.313
388.800,29.420,-0.056,0.679,97.232
388.820,27.258,-0.089,0.679,97.207
388.840,24.627,-0.113,0.679,97.237
388.860,21.680,-0.136,0.679,97.323
388.880,18.416,-0.156,0.679,97.455
388.900,14.865,-0.171,0.679,97.630
388.920,11.145,-0.180,0.679,97.834
388.940,7.236,-0.183,0.679,98.057
388.960,3.234,-0.183,0.679,98.283
388.980,-0.814,-0.179,0.679,98.500
389.000,-4.846,-0.166,0.679,98.694
389.020,-8.830,-0.159,0.679,98.853
389.040,-12.650,-0.135,0.679,98.968
389.060,-16.283,-0.119,0.679,99.033
389.080,-19.717,-0.089,0.679,99.042
389.100,-22.852,-0.062,0.679,98.995
389.120,-25.611,-0.028,0.679,98.892
389.140,-28.020,0.009,0.679,98.739
389.160,-30.035,0.044,0.679,98.544
389.180,-31.600,0.083,0.679,98.317
389.200,-32.689,0.119,0.679,98.071
389.220,-33.264,0.165,0.679,97.818
389.240,-33.404,0.201,0.679,97.573
389.260,-33.059,0.244,0.677,97.349
389.280,-32.256,0.282,0.677,97.159
389.300,-30.955,0.316,0.677,97.011
389.320,-29.168,0.351,0.677,96.915
389.340,-26.977,0.378,0.677,96.876
389.360,-24.381,0.410,0.677,96.891
389.380,-21.445,0.435,0.677,96.966
389.400,-18.170,0.456,0.677,97.090
389.420,-14.660,0.465,0.677,97.260
389.440,-10.887,0.484,0.677,97.458
389.460,-6.961,0.485,0.677,97.682
389.480,-2.959,0.489,0.679,97.910
389.500,1.113,0.481,0.679,98.132
389.520,5.127,0.476,0.679,98.332
389.540,9.105,0.456,0.679,98.502
389.560,12.949,0.440,0.679,98.631
389.580,16.611,0.418,0.679,98.708
389.600,20.016,0.392,0.679,98.733
389.620,23.139,0.361,0.679,98.702
389.640,25.945,0.331,0.679,98.617
389.660,28.342,0.289,0.679,98.483
389.680,30.357,0.255,0.679,98.307
389.700,31.910,0.213,0.679,98.100
389.720,33.012,0.174,0.679,97.874
389.740,33.639,0.134,0.679,97.642
389.760,33.779,0.091,0.679,97.214
389.780,33.451,0.054,0.679,97.214
389.800,32.602,0.011,0.679,97.045
389.820,31.336,-0.023,0.679,96.920
389.840,29.590,-0.058,0.679,96.847
389.860,27.439,-0.085,0.679,96.830
389.880,24.867,-0.112,0.679,96.871
389.900,21.920,-0.137,0.679,96.968
389.920,18.691,-0.157,0.679,97.118
389.940,15.176,-0.171,0.679,97.312
389.960,11.449,-0.180,0.679,97.538
389.980,7.553,-0.185,0.679,97.782
390.000,3.574,-0.187,0.679,98.034
390.020,-0.475,-0.183,0.679,98.279
390.040,-4.518,-0.176,0.679,98.504
390.060,-8.508,-0.164,0.679,98.696
390.080,-12.340,-0.141,0.679,98.846
390.100,-16.008,-0.123,0.679,98.944
390.120,-19.447,-0.097,0.679,98.988
390.140,-22.594,-0.066,0.679,98.975
390.160,-25.406,-0.038,0.679,98.904
390.180,-27.844,0.002,0.679,98.784
390.200,-29.883,0.035,0.679,98.620
390.220,-31.477,0.076,0.679,98.423
390.240,-32.596,0.109,0.679,98.204
390.260,-33.234,0.158,0.679,97.978
390.280,-33.404,0.193,0.679,97.758
390.300,-33.094,0.237,0.679,97.557
390.320,-32.297,0.270,0.679,97.387
390.340,-31.043,0.307,0.679,97.259
390.360,-29.314,0.348,0.679,97.180
390.380,-27.152,0.372,0.679,97.157
390.400,-24.598,0.400,0.679,97.187
390.420,-21.668,0.427,0.679,97.273
390.440,-18.422,0.445,0.679,97.408
390.460,-14.930,0.464,0.679,97.587
390.480,-11.197,0.477,0.679,97.795
390.500,-7.283,0.477,0.679,98.025
390.520,-3.270,0.483,0.679,98.258
390.540,0.773,0.474,0.679,98.485
390.560,4.834,0.472,0.679,98.690
390.580,8.789,0.450,0.679,98.862
390.600,12.656,0.439,0.679,98.989
390.620,16.318,0.414,0.679,99.067
390.640,19.758,0.389,0.679,99.088
390.660,22.904,0.360,0.679,99.051
390.680,25.740,0.328,0.679,98.958
390.700,28.172,0.289,0.679,98.814
390.720,30.205,0.254,0.679,98.626
390.740,31.799,0.212,0.679,98.403
390.760,32.941,0.173,0.679,98.159
390.780,33.609,0.135,0.679,97.907
390.800,33.785,0.091,0.679,97.659
390.820,33.498,0.053,0.679,97.431
390.840,32.701,0.014,0.679,97.233
390.860,31.459,-0.016,0.679,97.078
390.880,29.748,-0.056,0.679,96.970
390.900,27.639,-0.083,0.679,96.920
390.920,25.078,-0.115,0.679,96.925
390.940,22.184,-0.137,0.679,96.990
390.960,18.973,-0.158,0.679,97.102
390.980,15.469,-0.172,0.679,97.261
391.000,11.748,-0.181,0.679,97.451
391.020,7.881,-0.186,0.679,97.664
391.040,3.891,-0.188,0.679,97.882
391.060,-0.146,-0.181,0.679,98.095
391.080,-4.178,-0.180,0.679,98.288
391.100,-8.191,-0.162,0.679,98.454
391.120,-12.041,-0.149,0.679,98.577
391.140,-15.727,-0.124,0.679,98.651
391.160,-19.172,-0.100,0.679,98.671
391.180,-22.348,-0.070,0.679,98.636
391.200,-25.195,-0.038,0.679,98.546
391.220,-27.680,-0.000,0.679,98.407
391.240,-29.742,0.032,0.679,98.225
391.260,-31.389,0.073,0.679,98.011
391.280,-32.520,0.111,0.679,97.776
391.300,-33.217,0.156,0.679,97.533
391.320,-33.410,0.195,0.679,97.297
391.340,-33.164,0.232,0.679,97.081
391.360,-32.420,0.269,0.679,96.896
391.380,-31.189,0.307,0.679,96.753
391.400,-29.484,0.348,0.679,96.662
391.420,-27.352,0.373,0.679,96.629
391.440,-24.850,0.408,0.679,96.653
391.460,-21.943,0.427,0.679,96.870
391.480,-18.697,0.456,0.679,96.870
391.500,-15.252,0.465,0.679,97.053
391.520,-11.496,0.477,0.679,97.267
391.540,-7.629,0.483,0.679,97.503
391.560,-3.604,0.489,0.679,97.750
391.580,0.457,0.480,0.679,97.992
391.600,4.488,0.478,0.679,98.216
391.620,8.484,0.457,0.679,98.411
391.640,12.352,0.448,0.679,98.563
391.660,16.025,0.419,0.679,98.669
391.680,19.482,0.398,0.679,98.719
391.700,22.664,0.363,0.679,98.713
391.720,25.535,0.334,0.679,98.650
391.740,27.990,0.298,0.679,98.537
391.760,30.047,0.261,0.679,98.380
391.780,31.687,0.219,0.679,98.189
391.800,32.877,0.182,0.679,97.976
391.820,33.562,0.141,0.679,97.754
391.840,33.797,0.099,0.679,97.536
391.860,33.533,0.062,0.679,97.337
391.880,32.777,0.020,0.679,97.167
391.900,31.576,-0.014,0.679,97.039
391.920,29.906,-0.049,0.679,96.960
391.940,27.814,-0.081,0.679,96.937
391.960,25.289,-0.106,0.679,96.971
391.980,22.430,-0.133,0.679,97.061
392.000,19.225,-0.146,0.679,97.200
392.020,15.762,-0.168,0.679,97.384
392.040,12.053,-0.174,0.679,97.601
392.060,8.203,-0.184,0.679,97.839
392.080,4.213,-0.183,0.679,98.084
392.100,0.182,-0.181,0.679,98.324
392.120,-3.867,-0.173,0.679,98.541
392.140,-7.869,-0.159,0.679,98.728
392.160,-11.742,-0.143,0.679,98.873
392.180,-15.439,-0.122,0.679,98.967
392.200,-18.896,-0.097,0.679,99.005
392.220,-22.107,-0.071,0.679,98.987
392.240,-24.973,-0.038,0.679,98.911
392.260,-27.457,-0.001,0.679,98.783
392.280,-29.590,0.033,0.679,98.609
392.300,-31.260,0.071,0.679,98.400
392.320,-32.443,0.106,0.679,98.168
392.340,-33.158,0.153,0.679,97.925
392.360,-33.416,0.185,0.679,97.685
392.380,-33.182,0.233,0.679,97.462
392.400,-32.484,0.263,0.679,97.270
392.420,-31.295,0.305,0.679,97.115
392.440,-29.619,0.340,0.679,97.009
392.460,-27.504,0.369,0.679,96.957
392.480,-25.043,0.403,0.679,96.962
392.500,-22.154,0.423,0.679,97.024
392.520,-18.955,0.447,0.679,97.135
392.540,-15.504,0.461,0.679,97.290
392.560,-11.801,0.472,0.679,97.479
392.580,-7.945,0.479,0.679,97.689
392.600,-3.926,0.483,0.679,97.909
392.620,0.135,0.476,0.679,98.126
392.640,4.184,0.472,0.679,98.323
392.660,8.156,0.456,0.679,98.490
392.680,12.029,0.442,0.679,98.617
392.700,15.750,0.416,0.679,98.696
392.720,19.207,0.394,0.679,98.718
392.740,22.412,0.363,0.679,98.687
392.760,25.318,0.331,0.679,98.599
392.780,27.803,0.298,0.679,98.460
392.800,29.906,0.257,0.679,98.277
392.820,31.570,0.219,0.679,98.060
392.840,32.789,0.180,0.679,97.820
392.860,33.533,0.137,0.679,97.570
392.880,33.797,0.100,0.679,97.324
392.900,33.574,0.058,0.679,97.096
392.920,32.865,0.023,0.678,96.898
392.940,31.687,-0.014,0.678,96.742
392.960,30.047,-0.053,0.678,96.634
392.980,28.002,-0.086,0.678,96.584
393.000,25.512,-0.107,0.678,96.593
393.020,22.664,-0.135,0.678,96.656
393.040,19.494,-0.154,0.678,96.776
393.060,16.055,-0.178,0.678,96.942
393.080,12.369,-0.181,0.678,97.146
393.100,8.525,-0.193,0.682,97.372
393.120,4.547,-0.189,0.682,97.611
393.140,0.516,-0.187,0.682,97.847
393.160,-3.539,-0.181,0.682,98.064
393.180,-7.535,-0.169,0.682,98.256
393.200,-11.426,-0.154,0.682,98.408
393.220,-15.117,-0.127,0.682,98.514
393.240,-18.621,-0.108,0.682,98.565
393.260,-21.873,-0.078,0.682,98.562
393.280,-24.756,-0.047,0.682,98.502
393.300,-27.258,-0.009,0.682,98.393
393.320,-29.420,0.025,0.682,98.239
393.340,-31.125,0.066,0.682,98.050
393.360,-32.361,0.101,0.682,97.839
393.380,-33.129,0.147,0.682,97.617
393.400,-33.387,0.185,0.682,97.400
393.420,-33.223,0.229,0.682,97.200
393.440,-32.543,0.262,0.682,97.029
393.460,-31.412,0.302,0.682,96.900
393.480,-29.771,0.338,0.682,96.820
393.500,-27.709,0.366,0.682,96.797
393.520,-25.254,0.399,0.682,96.829
393.540,-22.400,0.422,0.682,96.921
393.560,-19.248,0.446,0.682,97.065
393.580,-15.803,0.460,0.682,97.254
393.600,-12.129,0.472,0.682,97.478
393.620,-8.238,0.481,0.682,97.725
393.640,-4.248,0.481,0.682,97.982
393.660,-0.211,0.477,0.682,98.238
393.680,3.838,0.472,0.682,98.473
393.700,7.840,0.458,0.682,98.681
393.720,11.725,0.443,0.682,98.846
393.740,15.457,0.418,0.682,98.963
393.760,18.943,0.398,0.682,99.023
393.780,22.160,0.368,0.682,99.028
393.800,25.090,0.333,0.682,98.974
393.820,27.604,0.301,0.682,98.867
393.840,29.760,0.264,0.682,98.713
393.860,31.447,0.226,0.682,98.523
393.880,32.713,0.183,0.682,98.308
393.900,33.492,0.145,0.682,98.080
393.920,33.785,0.106,0.682,97.853
393.940,33.604,0.063,0.682,97.641
393.960,32.953,0.028,0.682,97.457
393.980,31.799,-0.009,0.682,97.313
394.000,30.187,-0.045,0.682,97.214
394.020,28.178,-0.079,0.682,97.171
394.040,25.734,-0.104,0.682,97.183
394.060,22.910,-0.125,0.682,97.252
394.080,19.775,-0.148,0.682,97.368
394.100,16.330,-0.166,0.682,97.530
394.120,12.656,-0.174,0.682,97.727
394.140,8.836,-0.186,0.682,97.947
394.160,4.857,-0.182,0.682,98.175
394.180,0.850,-0.183,0.682,98.400
394.200,-3.229,-0.172,0.682,98.605
394.220,-7.230,-0.165,0.682,98.783
394.240,-11.109,-0.149,0.682,98.918
394.260,-14.848,-0.126,0.682,99.007
394.280,-18.346,-0.106,0.682,99.038
394.300,-21.621,-0.072,0.682,99.015
394.320,-24.545,-0.046,0.682,98.933
394.340,-27.076,-0.007,0.682,98.800
394.360,-29.262,0.025,0.682,98.620
394.380,-30.996,0.066,0.682,98.405
394.400,-32.279,0.100,0.682,98.165
394.420,-33.094,0.147,0.682,97.912
394.440,-33.387,0.184,0.682,97.661
394.460,-33.252,0.230,0.682,97.427
394.480,-32.637,0.263,0.682,97.220
394.500,-31.518,0.302,0.682,97.053
394.520,-29.900,0.336,0.682,96.934
394.540,-27.885,0.367,0.682,96.869
394.560,-25.471,0.398,0.682,96.862
394.580,-22.670,0.421,0.682,96.910
394.600,-19.529,0.447,0.682,97.012
394.620,-16.090,0.464,0.682,97.161
394.640,-12.428,0.477,0.682,97.349
394.660,-8.561,0.484,0.682,97.562
394.680,-4.570,0.486,0.682,97.787
394.700,-0.527,0.485,0.682,98.011
394.720,3.527,0.474,0.682,98.220
394.740,7.518,0.463,0.682,98.400
394.760,11.414,0.451,0.682,98.544
394.780,15.158,0.423,0.682,98.642
394.800,18.680,0.401,0.682,98.687
394.820,21.920,0.370,0.682,98.676
394.840,24.861,0.342,0.682,98.609
394.860,27.422,0.305,0.682,98.492
394.880,29.607,0.267,0.682,98.330
394.900,31.336,0.228,0.682,98.133
394.920,32.631,0.188,0.682,97.911
394.940,33.445,0.147,0.682,97.678
394.960,33.791,0.105,0.682,97.447
394.980,33.645,0.064,0.682,97.232
395.000,33.018,0.027,0.682,97.046
395.020,31.898,-0.010,0.682,96.900
395.040,30.322,-0.044,0.682,96.803
395.060,28.359,-0.080,0.682,96.763
395.080,25.945,-0.102,0.682,96.780
395.100,23.150,-0.129,0.682,96.855
395.120,20.033,-0.153,0.682,96.983
395.140,16.635,-0.169,0.682,97.160
395.160,12.961,-0.180,0.682,97.374
395.180,9.141,-0.190,0.682,97.614
395.200,5.191,-0.189,0.682,97.867
395.220,1.172,-0.190,0.682,98.118
395.240,-2.889,-0.179,0.682,98.354
395.260,-6.896,-0.170,0.682,98.562
395.280,-10.846,-0.154,0.682,98.730
395.300,-14.578,-0.130,0.682,98.852
395.320,-18.076,-0.114,0.682,98.919
395.340,-21.375,-0.078,0.682,98.932
395.360,-24.305,-0.052,0.682,98.887
395.380,-26.906,-0.013,0.682,98.789
395.400,-29.115,0.019,0.682,98.644
395.420,-30.891,0.058,0.682,98.462
395.440,-32.197,0.095,0.682,98.033
395.460,-33.035,0.140,0.682,98.033
395.480,-33.398,0.176,0.682,97.812
395.500,-33.293,0.218,0.682,97.605
395.520,-32.695,0.256,0.682,97.424
395.540,-31.617,0.294,0.682,97.282
395.560,-30.064,0.331,0.682,97.188
395.580,-28.084,0.364,0.682,97.145
395.600,-25.693,0.389,0.682,97.160
395.620,-22.910,0.417,0.682,97.229
395.640,-19.775,0.439,0.682,97.353
395.660,-16.365,0.457,0.682,97.520
395.680,-12.744,0.468,0.682,97.726
395.700,-8.912,0.477,0.682,97.953
395.720,-4.922,0.481,0.682,98.428
395.740,-0.873,0.478,0.682,98.428
395.760,3.182,0.472,0.682,98.649
395.780,7.195,0.463,0.682,98.841
395.800,11.092,0.445,0.682,98.993
395.820,14.854,0.426,0.682,99.098
395.840,18.398,0.399,0.682,99.148
395.860,21.650,0.370,0.682,99.139
395.880,24.650,0.345,0.682,99.073
395.900,27.229,0.304,0.682,98.954
395.920,29.443,0.269,0.682,98.786
395.940,31.201,0.231,0.682,98.581
395.960,32.549,0.188,0.682,98.348
395.980,33.393,0.151,0.682,98.102
396.000,33.768,0.108,0.682,97.855
396.020,33.668,0.069,0.682,97.621
396.040,33.082,0.032,0.682,97.413
396.060,32.010,-0.006,0.682,97.243
396.080,30.480,-0.041,0.682,97.119
396.100,28.535,-0.078,0.682,97.049
396.120,26.162,-0.097,0.682,97.036
396.140,23.379,-0.129,0.682,97.078
396.160,20.291,-0.147,0.682,97.174
396.180,16.893,-0.170,0.682,97.315
396.200,13.254,-0.176,0.682,97.496
396.220,9.439,-0.187,0.682,97.699
396.240,5.490,-0.189,0.682,97.917
396.260,1.465,-0.188,0.682,98.134
396.280,-2.584,-0.177,0.682,98.337
396.300,-6.604,-0.170,0.682,98.512
396.320,-10.547,-0.153,0.682,98.650
396.340,-14.309,-0.133,0.682,98.744
396.360,-17.859,-0.107,0.682,98.783
396.380,-21.158,-0.079,0.682,98.766
396.400,-24.135,-0.052,0.682,98.695
396.420,-26.760,-0.014,0.682,98.571
396.440,-28.986,0.020,0.682,98.401
396.460,-30.826,0.060,0.682,98.194
396.480,-32.168,0.096,0.682,97.961
396.500,-33.053,0.141,0.682,97.716
396.520,-33.410,0.178,0.682,97.470
396.540,-33.357,0.221,0.682,97.239
396.560,-32.836,0.257,0.679,97.035
396.580,-31.793,0.295,0.679,96.869
396.600,-30.258,0.333,0.679,96.751
396.620,-28.295,0.365,0.679,96.688
396.640,-25.934,0.395,0.679,96.681
396.660,-23.203,0.421,0.679,96.733
396.680,-20.074,0.443,0.679,96.841
396.700,-16.676,0.461,0.679,96.996
396.720,-13.072,0.474,0.679,97.192
396.740,-9.217,0.483,0.679,97.652
396.760,-5.256,0.493,0.686,97.652
396.780,-1.195,0.487,0.686,97.892
396.800,2.848,0.480,0.686,98.121
396.820,6.867,0.468,0.686,98.324
396.840,10.787,0.449,0.686,98.489
396.860,14.561,0.433,0.686,98.610
396.880,18.117,0.405,0.686,98.677
396.900,21.398,0.377,0.686,98.690
396.920,24.428,0.346,0.686,98.646
396.940,27.041,0.310,0.686,98.550
396.960,29.279,0.278,0.686,98.406
396.980,31.084,0.240,0.686,98.226
397.000,32.455,0.197,0.686,98.019
397.020,33.340,0.158,0.686,97.798
397.040,33.768,0.114,0.686,97.576
397.060,33.691,0.079,0.686,97.368
397.080,33.158,0.037,0.686,97.185
397.100,32.115,0.001,0.686,97.041
397.120,30.621,-0.034,0.686,96.942
397.140,28.699,-0.071,0.686,96.898
397.160,26.361,-0.096,0.686,96.912
397.180,23.613,-0.125,0.686,96.982
397.200,20.549,-0.140,0.686,97.108
397.220,17.191,-0.161,0.686,97.279
397.240,13.570,-0.172,0.686,97.489
397.260,9.756,-0.180,0.686,97.725
397.280,5.836,-0.187,0.686,97.974
397.300,1.793,-0.185,0.686,98.223
397.320,-2.273,-0.176,0.686,98.458
397.340,-6.264,-0.168,0.686,98.667
397.360,-10.219,-0.150,0.686,98.836
397.380,-13.975,-0.132,0.686,98.957
397.400,-17.537,-0.108,0.686,99.025
397.420,-20.865,-0.082,0.686,99.036
397.440,-23.871,-0.053,0.686,98.990
397.460,-26.514,-0.013,0.686,98.889
397.480,-28.787,0.015,0.686,98.739
397.500,-30.650,0.054,0.686,98.550
397.520,-32.027,0.091,0.686,98.332
397.540,-32.959,0.130,0.686,98.099
397.560,-33.369,0.172,0.686,97.863
397.580,-33.328,0.211,0.686,97.638
397.600,-32.842,0.251,0.686,97.437
397.620,-31.828,0.289,0.686,97.272
397.640,-30.363,0.326,0.686,97.152
397.660,-28.436,0.358,0.686,97.083
397.680,-26.092,0.386,0.686,97.070
397.700,-23.396,0.416,0.686,97.112
397.720,-20.309,0.436,0.686,97.209
397.740,-16.945,0.456,0.686,97.351
397.760,-13.348,0.467,0.686,97.532
397.780,-9.504,0.477,0.686,97.737
397.800,-5.561,0.481,0.686,97.958
397.820,-1.518,0.481,0.686,98.177
397.840,2.549,0.472,0.686,98.384
397.860,6.568,0.468,0.686,98.564
397.880,10.488,0.445,0.686,98.709
397.900,14.268,0.431,0.686,98.807
397.920,17.854,0.402,0.686,98.852
397.940,21.152,0.377,0.686,98.841
397.960,24.187,0.345,0.686,98.772
397.980,26.842,0.314,0.686,98.651
398.000,29.115,0.273,0.686,98.482
398.020,30.949,0.235,0.686,98.274
398.040,32.355,0.197,0.686,98.037
398.060,33.287,0.154,0.686,97.785
398.080,33.744,0.112,0.686,97.532
398.100,33.721,0.074,0.682,97.291
398.120,33.211,0.034,0.682,97.074
398.140,32.209,-0.003,0.682,96.895
398.160,30.768,-0.038,0.682,96.763
398.180,28.881,-0.074,0.682,96.683
398.200,26.572,-0.098,0.682,96.662
398.220,23.865,-0.130,0.682,96.697
398.240,20.812,-0.145,0.682,96.791
398.260,17.490,-0.168,0.682,96.930
398.280,13.863,-0.176,0.682,97.112
398.300,10.090,-0.186,0.682,97.321
398.320,6.164,-0.190,0.682,97.548
398.340,2.127,-0.187,0.682,97.777
398.360,-1.928,-0.183,0.682,97.997
398.380,-5.959,-0.173,0.682,98.193
398.400,-9.902,-0.155,0.682,98.355
398.420,-13.682,-0.133,0.682,98.471
398.440,-17.273,-0.117,0.682,98.535
398.460,-20.602,-0.084,0.682,98.549
398.480,-23.648,-0.056,0.682,98.503
398.500,-26.344,-0.018,0.682,98.406
398.520,-28.641,0.008,0.682,98.262
398.540,-30.510,0.054,0.682,98.080
398.560,-31.945,0.088,0.682,97.870
398.580,-32.941,0.129,0.682,97.645
398.600,-33.357,0.169,0.682,97.418
398.620,-33.375,0.211,0.682,97.204
398.640,-32.906,0.250,0.682,97.015
398.660,-31.939,0.286,0.682,96.863
398.680,-30.521,0.326,0.682,96.758
398.700,-28.617,0.356,0.682,96.706
398.720,-26.332,0.385,0.682,96.712
398.740,-23.643,0.414,0.682,96.775
398.760,-20.561,0.435,0.682,96.896
398.780,-17.250,0.456,0.682,97.064
398.800,-13.658,0.468,0.682,97.274
398.820,-9.844,0.478,0.682,97.512
398.840,-5.895,0.484,0.682,97.767
398.860,-1.852,0.481,0.682,98.024
398.880,2.191,0.476,0.682,98.270
398.900,6.240,0.466,0.682,98.490
398.920,10.154,0.452,0.682,98.675
398.940,13.969,0.433,0.682,98.814
398.960,17.566,0.406,0.682,98.900
398.980,20.883,0.383,0.682,98.930
399.000,23.953,0.351,0.682,98.902
399.020,26.643,0.316,0.682,98.820
399.040,28.939,0.281,0.682,98.687
399.060,30.820,0.244,0.682,98.515
399.080,32.262,0.207,0.682,98.312
399.100,33.240,0.161,0.682,98.093
399.120,33.732,0.122,0.682,97.869
399.140,33.738,0.083,0.682,97.655
399.160,33.275,0.041,0.682,97.464
399.180,32.314,0.008,0.682,97.309
399.200,30.896,-0.032,0.682,97.197
399.220,29.021,-0.064,0.682,97.138
399.240,26.771,-0.091,0.682,97.134
399.260,24.094,-0.119,0.682,97.186
399.280,21.035,-0.138,0.682,97.292
399.300,17.760,-0.158,0.682,97.444
399.320,14.145,-0.166,0.682,97.635
399.340,10.383,-0.180,0.682,97.855
399.360,6.469,-0.184,0.682,98.090
399.380,2.449,-0.183,0.682,98.325
399.400,-1.605,-0.179,0.682,98.548
399.420,-5.643,-0.166,0.682,98.744
399.440,-9.604,-0.158,0.682,98.903
399.460,-13.389,-0.133,0.682,99.018
399.480,-17.004,-0.115,0.682,99.078
399.500,-20.361,-0.086,0.682,99.082
399.520,-23.437,-0.056,0.682,99.028
399.540,-26.150,-0.021,0.682,98.920
399.560,-28.471,0.013,0.682,98.762
399.580,-30.393,0.051,0.682,98.563
399.600,-31.846,0.088,0.682,98.334
399.620,-32.877,0.132,0.682,98.088
399.640,-33.340,0.170,0.682,97.837
399.660,-33.422,0.210,0.682,97.596
399.680,-32.971,0.252,0.682,97.378
399.700,-32.039,0.285,0.682,97.195
399.720,-30.656,0.325,0.682,97.057
399.740,-28.775,0.356,0.682,96.970
399.760,-26.543,0.388,0.682,96.940
399.780,-23.871,0.412,0.682,96.965
399.800,-20.830,0.435,0.682,97.046
399.820,-17.508,0.459,0.682,97.174
399.840,-13.939,0.467,0.682,97.346
399.860,-10.143,0.481,0.682,97.545
399.880,-6.211,0.484,0.682,97.765
399.900,-2.168,0.485,0.682,97.985
399.920,1.887,0.482,0.682,98.198
399.940,5.918,0.468,0.682,98.388
399.960,9.855,0.454,0.682,98.543
399.980,13.670,0.436,0.682,98.655
400.000,17.291,0.409,0.682,98.717
400.020,20.631,0.383,0.682,98.722
400.040,23.725,0.348,0.682,98.671
400.060,26.432,0.319,0.682,98.568
400.080,28.770,0.278,0.682,98.417
400.100,30.680,0.244,0.682,98.226
400.120,32.162,0.202,0.682,98.006
400.140,33.182,0.160,0.682,97.769
400.160,33.709,0.123,0.682,97.530
400.180,33.750,0.078,0.682,97.300
400.200,33.328,0.043,0.682,97.095
400.220,32.408,0.005,0.682,96.926
400.240,31.031,-0.032,0.682,96.802
400.260,29.186,-0.067,0.682,96.732
400.280,26.965,-0.091,0.682,96.721
400.300,24.316,-0.121,0.682,96.766
400.320,21.316,-0.141,0.682,96.869
400.340,18.047,-0.165,0.682,97.021
400.360,14.467,-0.174,0.682,97.218
400.380,10.711,-0.184,0.682,97.443
400.400,6.797,-0.186,0.682,97.688
400.420,2.771,-0.187,0.682,97.936
400.440,-1.266,-0.184,0.682,98.178
400.460,-5.314,-0.173,0.682,98.395
400.480,-9.252,-0.161,0.682,98.581
400.500,-13.090,-0.140,0.682,98.721
400.520,-16.682,-0.119,0.682,98.811
400.540,-20.086,-0.094,0.682,98.845
400.560,-23.180,-0.063,0.682,98.824
400.580,-25.898,-0.031,0.682,98.747
400.600,-28.283,0.011,0.682,98.622
400.620,-30.240,0.045,0.682,98.455
400.640,-31.734,0.078,0.682,98.258
400.660,-32.766,0.124,0.682,98.043
400.680,-33.275,0.158,0.682,97.824
400.700,-33.410,0.203,0.682,97.613
400.720,-32.988,0.236,0.682,97.425
400.740,-32.109,0.277,0.682,97.270
400.760,-30.756,0.312,0.682,97.160
400.780,-28.928,0.352,0.682,97.100
400.800,-26.713,0.377,0.682,97.100
400.820,-24.082,0.410,0.682,97.152
400.840,-21.082,0.429,0.682,97.263
400.860,-17.766,0.455,0.682,97.419
400.880,-14.232,0.462,0.682,97.618
400.900,-10.453,0.477,0.682,97.844
400.920,-6.527,0.478,0.682,98.089
400.940,-2.508,0.482,0.682,98.335
400.960,1.553,0.474,0.682,98.573
400.980,5.590,0.466,0.682,98.784
401.000,9.539,0.451,0.682,98.960
401.020,13.383,0.435,0.682,99.092
401.040,17.004,0.411,0.682,99.171
401.060,20.373,0.385,0.682,99.193
401.080,23.490,0.352,0.682,99.157
401.100,26.238,0.321,0.682,99.066
401.120,28.600,0.284,0.682,98.923
401.140,30.551,0.248,0.682,98.738
401.160,32.062,0.211,0.682,98.521
401.180,33.123,0.166,0.682,98.285
401.200,33.674,0.128,0.682,98.042
401.220,33.762,0.084,0.682,97.807
401.240,33.381,0.049,0.682,97.592
401.260,32.502,0.008,0.682,97.410
401.280,31.154,-0.027,0.682,97.271
401.300,29.367,-0.062,0.682,97.183
401.320,27.170,-0.091,0.682,97.150
401.340,24.527,-0.114,0.682,97.173
401.360,21.568,-0.142,0.682,97.250
401.380,18.299,-0.159,0.682,97.377
401.400,14.748,-0.172,0.682,97.545
401.420,11.010,-0.182,0.682,97.742
401.440,7.096,-0.186,0.682,97.956
401.460,3.082,-0.186,0.682,98.175
401.480,-0.961,-0.184,0.682,98.384
401.500,-4.992,-0.170,0.682,98.573
401.520,-8.959,-0.159,0.682,98.726
401.540,-12.814,-0.137,0.682,98.836
401.560,-16.436,-0.119,0.682,98.895
401.580,-19.846,-0.088,0.682,98.899
401.600,-22.980,-0.062,0.682,98.846
401.620,-25.717,-0.029,0.682,98.739
401.640,-28.137,0.010,0.682,98.584
401.660,-30.123,0.045,0.682,98.387
401.680,-31.670,0.083,0.682,98.158
401.700,-32.760,0.122,0.682,97.911
401.720,-33.305,0.166,0.682,97.659
401.740,-33.434,0.207,0.682,97.416
401.760,-33.070,0.244,0.677,97.194
401.780,-32.268,0.282,0.674,97.007
401.800,-30.920,0.319,0.674,96.864
401.820,-29.127,0.352,0.674,96.773
401.840,-26.912,0.384,0.674,96.739
401.860,-24.316,0.414,0.674,96.762
401.880,-21.369,0.437,0.674,96.844
401.900,-18.076,0.456,0.674,96.974
401.920,-14.537,0.472,0.674,97.150
401.940,-10.781,0.482,0.674,97.360
401.960,-6.861,0.484,0.674,97.589
401.980,-2.842,0.486,0.676,97.824
402.000,1.213,0.478,0.676,98.052
402.020,5.262,0.472,0.676,98.262
402.040,9.223,0.456,0.676,98.438
402.060,13.072,0.441,0.676,98.574
402.080,16.711,0.417,0.676,98.661
402.100,20.121,0.387,0.676,98.692
402.120,23.244,0.356,0.676,98.667
402.140,26.033,0.327,0.676,98.588
402.160,28.412,0.290,0.676,98.460
402.180,30.416,0.255,0.676,98.292
402.200,31.957,0.214,0.676,98.092
402.220,33.029,0.173,0.676,97.873
402.240,33.650,0.132,0.676,97.649
402.260,33.785,0.094,0.676,97.433
402.280,33.428,0.055,0.676,97.238
402.300,32.584,0.015,0.676,97.076
402.320,31.277,-0.022,0.676,96.959
402.340,29.514,-0.056,0.676,96.894
402.360,27.352,-0.087,0.676,96.886
402.380,24.773,-0.108,0.676,96.935
402.400,21.820,-0.136,0.676,97.039
402.420,18.592,-0.154,0.676,97.194
402.440,15.053,-0.170,0.676,97.393
402.460,11.326,-0.179,0.676,97.623
402.480,7.424,-0.185,0.676,97.872
402.500,3.445,-0.185,0.676,98.129
402.520,-0.609,-0.181,0.676,98.375
402.540,-4.652,-0.173,0.676,98.600
402.560,-8.631,-0.161,0.676,98.792
402.580,-12.475,-0.141,0.676,98.940
402.600,-16.125,-0.124,0.676,99.035
402.620,-19.559,-0.097,0.676,99.075
402.640,-22.705,-0.069,0.676,99.058
402.660,-25.500,-0.034,0.676,98.983
402.680,-27.926,0.003,0.676,98.858
402.700,-29.941,0.034,0.676,98.689
402.720,-31.541,0.077,0.676,98.487
402.740,-32.643,0.115,0.676,98.264
402.760,-33.246,0.156,0.676,98.033
402.780,-33.422,0.198,0.676,97.808
402.800,-33.094,0.237,0.676,97.602
402.820,-32.309,0.273,0.676,97.428
402.840,-31.008,0.312,0.676,97.295
402.860,-29.279,0.342,0.676,97.211
402.880,-27.094,0.374,0.676,97.181
402.900,-24.521,0.405,0.676,97.206
402.920,-21.586,0.429,0.676,97.288
402.940,-18.328,0.449,0.676,97.418
402.960,-14.830,0.462,0.676,97.590
402.980,-11.080,0.476,0.676,97.790
403.000,-7.148,0.478,0.676,98.010
403.020,-3.146,0.485,0.676,98.236
403.040,0.914,0.474,0.676,98.454
403.060,4.945,0.469,0.676,98.650
403.080,8.918,0.452,0.676,98.812
403.100,12.779,0.434,0.676,98.931
403.120,16.447,0.415,0.676,98.999
403.140,19.869,0.386,0.676,99.012
403.160,22.998,0.356,0.676,98.967
403.180,25.816,0.323,0.676,98.865
403.200,28.242,0.285,0.676,98.713
403.220,30.252,0.252,0.676,98.519
403.240,31.840,0.211,0.676,98.291
403.260,32.965,0.173,0.676,98.043
403.280,33.621,0.128,0.676,97.787
403.300,33.779,0.090,0.676,97.536
403.320,33.475,0.049,0.674,97.306
403.340,32.666,0.012,0.674,97.106
403.360,31.400,-0.022,0.674,96.951
403.380,29.684,-0.060,0.674,96.844
403.400,27.551,-0.091,0.674,96.796
403.420,24.984,-0.112,0.674,96.804
403.440,22.078,-0.143,0.674,96.869
403.460,18.855,-0.155,0.674,96.986
403.480,15.340,-0.177,0.674,97.145
403.500,11.619,-0.183,0.674,97.340
403.520,7.734,-0.187,0.674,97.555
403.540,3.750,-0.187,0.674,97.777
403.560,-0.305,-0.184,0.674,97.994
403.580,-4.330,-0.175,0.674,98.192
403.600,-8.332,-0.165,0.674,98.361
403.620,-12.187,-0.143,0.674,98.490
403.640,-15.844,-0.125,0.674,98.569
403.660,-19.318,-0.098,0.674,98.594
403.680,-22.471,-0.071,0.674,98.565
403.700,-25.318,-0.036,0.674,98.482
403.720,-27.768,-0.000,0.674,98.349
403.740,-29.830,0.032,0.674,98.174
403.760,-31.441,0.074,0.674,97.967
403.780,-32.578,0.109,0.674,97.740
403.800,-33.258,0.157,0.674,97.506
403.820,-33.434,0.195,0.674,97.280
403.840,-33.158,0.233,0.674,97.073
403.860,-32.402,0.268,0.674,96.899
403.880,-31.160,0.310,0.674,96.767
403.900,-29.443,0.344,0.674,96.688
403.920,-27.316,0.373,0.674,96.665
403.940,-24.773,0.401,0.674,96.701
403.960,-21.855,0.426,0.674,96.793
403.980,-18.609,0.449,0.674,96.938
404.000,-15.146,0.465,0.674,97.128
404.020,-11.402,0.475,0.674,97.353
404.040,-7.518,0.484,0.674,97.598
404.060,-3.504,0.484,0.674,97.855
404.080,0.574,0.481,0.674,98.104
404.100,4.588,0.471,0.674,98.336
404.120,8.590,0.457,0.674,98.533
404.140,12.445,0.440,0.674,98.691
404.160,16.131,0.420,0.674,98.797
404.180,19.594,0.393,0.674,98.850
404.200,22.764,0.368,0.674,98.845
404.220,25.605,0.330,0.674,98.785
404.240,28.049,0.297,0.674,98.672
404.260,30.111,0.259,0.674,98.515
404.280,31.740,0.222,0.674,98.324
404.300,32.895,0.182,0.674,98.111
404.320,33.586,0.137,0.674,97.889
404.340,33.791,0.100,0.674,97.671
404.360,33.516,0.062,0.674,97.470
404.380,32.742,0.022,0.674,97.300
404.400,31.518,-0.013,0.674,97.171
404.420,29.836,-0.053,0.674,97.092
404.440,27.732,-0.078,0.674,97.069
404.460,25.213,-0.107,0.674,97.100
404.480,22.318,-0.131,0.674,97.187
404.500,19.125,-0.147,0.674,97.324
404.520,15.639,-0.167,0.674,97.502
404.540,11.930,-0.176,0.674,97.713
404.560,8.062,-0.187,0.674,97.944
404.580,4.078,-0.185,0.674,98.183
404.600,0.041,-0.182,0.674,98.414
404.620,-4.008,-0.173,0.674,98.624
404.640,-8.004,-0.162,0.674,98.802
404.660,-11.889,-0.141,0.674,98.938
404.680,-15.568,-0.125,0.674,99.020
404.700,-19.043,-0.098,0.674,99.048
404.720,-22.230,-0.069,0.674,99.019
404.740,-25.084,-0.033,0.674,98.933
404.760,-27.568,-0.002,0.674,98.794
404.780,-29.654,0.036,0.674,98.612
404.800,-31.336,0.074,0.674,98.394
404.820,-32.502,0.113,0.674,98.153
404.840,-33.223,0.156,0.674,97.902
404.860,-33.445,0.191,0.674,97.655
404.880,-33.205,0.232,0.674,97.425
404.900,-32.484,0.269,0.674,97.226
404.920,-31.260,0.306,0.674,97.066
404.940,-29.584,0.346,0.674,96.956
404.960,-27.457,0.371,0.674,96.900
404.980,-24.973,0.402,0.674,96.900
405.000,-22.102,0.426,0.674,96.956
405.020,-18.879,0.448,0.674,97.064
405.040,-15.404,0.465,0.674,97.216
405.060,-11.684,0.475,0.674,97.403
405.080,-7.822,0.484,0.674,97.611
405.100,-3.809,0.485,0.674,97.830
405.120,0.252,0.478,0.674,98.044
405.140,4.295,0.475,0.674,98.240
405.160,8.285,0.457,0.674,98.407
405.180,12.152,0.443,0.674,98.534
405.200,15.855,0.418,0.674,98.613
405.220,19.336,0.392,0.674,98.637
405.240,22.512,0.363,0.674,98.605
405.260,25.412,0.331,0.674,98.518
405.280,27.873,0.294,0.674,98.381
405.300,29.971,0.259,0.674,98.200
405.320,31.617,0.218,0.674,97.986
405.340,32.824,0.181,0.674,97.750
405.360,33.545,0.137,0.674,97.505
405.380,33.791,0.099,0.674,97.265
405.400,33.557,0.059,0.674,97.044
405.420,32.818,0.018,0.674,96.854
405.440,31.641,-0.016,0.674,96.706
405.460,29.977,-0.052,0.674,96.607
405.480,27.932,-0.083,0.674,96.567
405.500,25.424,-0.108,0.674,96.586
405.520,22.576,-0.133,0.674,96.661
405.540,19.389,-0.153,0.674,96.789
405.560,15.932,-0.172,0.674,96.964
405.580,12.234,-0.178,0.674,97.176
405.600,8.385,-0.187,0.674,97.411
405.620,4.400,-0.186,0.674,97.656
405.640,0.381,-0.185,0.674,97.898
405.660,-3.674,-0.179,0.674,98.122
405.680,-7.664,-0.166,0.674,98.319
405.700,-11.549,-0.151,0.674,98.476
405.720,-15.264,-0.127,0.674,98.586
405.740,-18.762,-0.106,0.674,98.640
405.760,-21.973,-0.074,0.674,98.640
405.780,-24.838,-0.043,0.674,98.583
405.800,-27.346,-0.008,0.674,98.475
405.820,-29.490,0.027,0.674,98.323
405.840,-31.189,0.062,0.674,98.137
405.860,-32.408,0.102,0.674,97.928
405.880,-33.152,0.149,0.674,97.708
405.900,-33.410,0.183,0.674,97.492
405.920,-33.223,0.228,0.674,97.293
405.940,-32.537,0.262,0.674,97.124
405.960,-31.371,0.302,0.674,96.995
405.980,-29.725,0.337,0.674,96.917
406.000,-27.639,0.368,0.674,96.891
406.020,-25.201,0.396,0.674,96.925
406.040,-22.336,0.421,0.674,97.012
406.060,-19.148,0.446,0.674,97.154
406.080,-15.703,0.462,0.674,97.340
406.100,-12.012,0.472,0.674,97.560
406.120,-8.150,0.480,0.674,97.800
406.140,-4.131,0.482,0.674,98.051
406.160,-0.094,0.477,0.674,98.298
406.180,3.955,0.472,0.674,98.526
406.200,7.957,0.460,0.674,98.723
406.220,11.842,0.445,0.674,98.880
406.240,15.568,0.421,0.674,98.987
406.260,19.037,0.397,0.674,99.038
406.280,22.266,0.369,0.674,99.031
406.300,25.184,0.333,0.674,98.967
406.320,27.691,0.300,0.674,98.850
406.340,29.818,0.262,0.674,98.686
406.360,31.494,0.228,0.674,98.487
406.380,32.742,0.184,0.674,98.262
406.400,33.510,0.143,0.674,98.026
406.420,33.785,0.103,0.674,97.792
406.440,33.598,0.060,0.674,97.572
406.460,32.895,0.023,0.674,97.382
406.480,31.752,-0.013,0.674,97.232
406.500,30.123,-0.047,0.674,97.128
406.520,28.102,-0.082,0.674,97.078
406.540,25.635,-0.102,0.674,97.085
406.560,22.799,-0.133,0.674,97.146
406.580,19.646,-0.147,0.674,97.262
406.600,16.219,-0.167,0.674,97.418
406.620,12.533,-0.178,0.674,97.612
406.640,8.695,-0.187,0.674,97.827
406.660,4.705,-0.183,0.674,98.054
406.680,0.674,-0.183,0.674,98.273
406.700,-3.393,-0.175,0.674,98.476
406.720,-7.389,-0.165,0.674,98.649
406.740,-11.279,-0.146,0.674,98.784
406.760,-15.018,-0.124,0.674,98.869
406.780,-18.510,-0.099,0.674,98.900
406.800,-21.756,-0.072,0.674,98.873
406.820,-24.668,-0.041,0.674,98.791
406.840,-27.193,-0.005,0.674,98.657
406.860,-29.367,0.030,0.674,98.479
406.880,-31.113,0.070,0.674,98.265
406.900,-32.385,0.107,0.674,98.026
406.920,-33.152,0.151,0.674,97.776
406.940,-33.428,0.186,0.674,97.529
406.960,-33.275,0.229,0.674,97.299
406.980,-32.631,0.264,0.672,97.097
407.000,-31.523,0.306,0.672,96.935
407.020,-29.906,0.340,0.672,96.822
407.040,-27.844,0.370,0.672,96.765
407.060,-25.412,0.401,0.672,96.765
407.080,-22.594,0.427,0.672,96.821
407.100,-19.447,0.448,0.672,96.933
407.120,-15.990,0.461,0.672,97.091
407.140,-12.322,0.474,0.672,97.286
407.160,-8.461,0.485,0.673,97.505
407.180,-4.459,0.485,0.673,97.739
407.200,-0.416,0.485,0.673,97.969
407.220,3.656,0.477,0.673,98.187
407.240,7.646,0.461,0.673,98.375
407.260,11.537,0.445,0.673,98.525
407.280,15.281,0.426,0.673,98.628
407.300,18.779,0.403,0.673,98.679
407.320,22.020,0.371,0.673,98.673
407.340,24.967,0.340,0.673,98.613
407.360,27.498,0.306,0.673,98.501
407.380,29.666,0.267,0.673,98.344
407.400,31.383,0.228,0.673,98.152
407.420,32.666,0.190,0.673,97.936
407.440,33.469,0.148,0.673,97.709
407.460,33.785,0.107,0.673,97.484
407.480,33.627,0.065,0.673,97.276
407.500,32.971,0.032,0.673,97.097
407.520,31.857,-0.010,0.673,96.958
407.540,30.264,-0.039,0.673,96.868
407.560,28.289,-0.075,0.673,96.832
407.580,25.863,-0.101,0.673,96.855
407.600,23.045,-0.129,0.673,96.935
407.620,19.916,-0.148,0.673,97.071
407.640,16.506,-0.167,0.673,97.251
407.660,12.826,-0.176,0.673,97.470
407.680,9.018,-0.185,0.673,97.712
407.700,5.062,-0.186,0.673,97.965
407.720,1.025,-0.186,0.673,98.218
407.740,-3.041,-0.179,0.673,98.453
407.760,-7.031,-0.170,0.673,98.661
407.780,-10.951,-0.151,0.673,98.829
407.800,-14.684,-0.129,0.673,98.947
407.820,-18.199,-0.110,0.673,99.010
407.840,-21.480,-0.077,0.673,99.018
407.860,-24.422,-0.051,0.673,98.968
407.880,-26.982,-0.014,0.673,98.866
407.900,-29.186,0.018,0.673,98.717
407.920,-30.955,0.062,0.673,98.531
407.940,-32.232,0.099,0.673,98.318
407.960,-33.094,0.140,0.673,98.092
407.980,-33.393,0.176,0.673,97.867
408.000,-33.287,0.221,0.673,97.656
408.020,-32.684,0.256,0.673,97.472
408.040,-31.594,0.294,0.673,97.325
408.060,-30.012,0.331,0.673,97.226
408.080,-28.020,0.361,0.673,97.179
408.100,-25.623,0.392,0.673,97.187
408.120,-22.811,0.414,0.673,97.251
408.140,-19.676,0.443,0.673,97.367
408.160,-16.248,0.459,0.673,97.528
408.180,-12.627,0.470,0.673,97.725
408.200,-8.754,0.480,0.673,97.944
408.220,-4.781,0.482,0.673,98.175
408.240,-0.721,0.481,0.673,98.404
408.260,3.334,0.470,0.673,98.616
408.280,7.330,0.464,0.673,98.799
408.300,11.227,0.443,0.673,98.943
408.320,14.988,0.424,0.673,99.038
408.340,18.516,0.398,0.673,99.077
408.360,21.773,0.369,0.673,99.059
408.380,24.732,0.338,0.673,98.984
408.400,27.305,0.302,0.673,98.856
408.420,29.508,0.265,0.673,98.681
408.440,31.254,0.231,0.673,98.468
408.460,32.584,0.186,0.673,98.229
408.480,33.416,0.149,0.673,97.977
408.500,33.762,0.106,0.673,97.724
408.520,33.656,0.067,0.673,97.486
408.540,33.035,0.030,0.673,97.274
408.560,31.969,-0.011,0.673,97.100
408.580,30.428,-0.039,0.673,96.974
408.600,28.459,-0.078,0.673,96.900
408.620,26.068,-0.101,0.673,96.884
408.640,23.297,-0.130,0.673,96.925
408.660,20.191,-0.147,0.673,97.020
408.680,16.805,-0.170,0.673,97.159
408.700,13.143,-0.174,0.673,97.339
408.720,9.311,-0.187,0.673,97.542
408.740,5.361,-0.187,0.673,97.758
408.760,1.330,-0.187,0.673,97.975
408.780,-2.719,-0.176,0.673,98.178
408.800,-6.727,-0.167,0.673,98.355
408.820,-10.670,-0.154,0.673,98.493
408.840,-14.420,-0.132,0.673,98.587
408.860,-17.930,-0.112,0.673,98.629
408.880,-21.234,-0.079,0.673,98.615
408.900,-24.187,-0.053,0.673,98.545
408.920,-26.836,-0.011,0.673,98.424
408.940,-29.051,0.020,0.673,98.256
408.960,-30.844,0.058,0.673,98.053
408.980,-32.174,0.096,0.673,97.824
409.000,-33.053,0.138,0.673,97.582
409.020,-33.410,0.178,0.673,97.342
409.040,-33.346,0.218,0.673,97.117
409.060,-32.783,0.257,0.673,96.919
409.080,-31.729,0.294,0.673,96.760
409.100,-30.170,0.329,0.673,96.650
409.120,-28.225,0.365,0.673,96.593
409.140,-25.834,0.391,0.673,96.598
409.160,-23.080,0.418,0.673,96.656
409.180,-19.957,0.441,0.673,96.772
409.200,-16.576,0.460,0.673,96.936
409.220,-12.955,0.470,0.673,97.140
409.240,-9.088,0.485,0.673,97.368
409.260,-5.121,0.483,0.673,97.614
409.280,-1.078,0.486,0.674,97.859
409.300,2.994,0.474,0.674,98.093
409.320,6.984,0.467,0.674,98.298
409.340,10.893,0.449,0.674,98.467
409.360,14.666,0.429,0.674,98.589
409.380,18.234,0.408,0.674,98.658
409.400,21.510,0.373,0.674,98.673
409.420,24.516,0.348,0.674,98.629
409.440,27.111,0.312,0.674,98.534
409.460,29.338,0.278,0.674,98.392
409.480,31.125,0.238,0.674,98.211
409.500,32.490,0.196,0.674,98.004
409.520,33.375,0.153,0.674,97.782
409.540,33.762,0.116,0.674,97.560
409.560,33.680,0.072,0.673,97.351
409.580,33.105,0.041,0.673,97.169
409.600,32.068,-0.004,0.673,97.023
409.620,30.574,-0.032,0.673,96.925
409.640,28.629,-0.075,0.673,96.878
409.660,26.273,-0.090,0.673,96.892
409.680,23.520,-0.126,0.673,96.958
409.700,20.437,-0.141,0.673,97.080
409.720,17.080,-0.165,0.673,97.245
409.740,13.430,-0.172,0.673,97.453
409.760,9.633,-0.182,0.673,97.682
409.780,5.689,-0.184,0.673,97.927
409.800,1.664,-0.187,0.673,98.169
409.820,-2.391,-0.178,0.673,98.396
409.840,-6.398,-0.169,0.673,98.596
409.860,-10.348,-0.150,0.673,98.758
409.880,-14.098,-0.133,0.673,98.872
409.900,-17.660,-0.111,0.673,98.932
409.920,-20.988,-0.077,0.673,98.935
409.940,-23.965,-0.051,0.673,98.879
409.960,-26.625,-0.013,0.673,98.770
409.980,-28.857,0.018,0.673,98.612
410.000,-30.727,0.057,0.673,98.415
410.020,-32.098,0.096,0.673,98.191
410.040,-32.977,0.136,0.673,97.951
410.060,-33.393,0.177,0.673,97.709
410.080,-33.334,0.218,0.673,97.479
410.100,-32.842,0.257,0.673,97.275
410.120,-31.811,0.293,0.673,97.106
410.140,-30.299,0.327,0.673,96.983
410.160,-28.371,0.360,0.673,96.912
410.180,-26.010,0.389,0.673,96.897
410.200,-23.314,0.419,0.673,96.939
410.220,-20.209,0.439,0.673,97.036
410.240,-16.822,0.456,0.673,97.178
410.260,-13.225,0.471,0.673,97.358
410.280,-9.381,0.476,0.673,97.565
410.300,-5.443,0.484,0.673,97.785
410.320,-1.395,0.479,0.673,98.008
410.340,2.672,0.473,0.673,98.217
410.360,6.697,0.460,0.673,98.400
410.380,10.600,0.443,0.673,98.545
410.400,14.396,0.427,0.673,98.645
410.420,17.971,0.404,0.673,98.692
410.440,21.264,0.374,0.673,98.686
410.460,24.293,0.344,0.673,98.622
410.480,26.912,0.309,0.673,98.505
410.500,29.174,0.271,0.673,98.341
410.520,30.996,0.232,0.673,98.138
410.540,32.396,0.194,0.673,97.908
410.560,33.316,0.153,0.673,97.664
410.580,33.750,0.114,0.673,97.419
410.600,33.697,0.072,0.673,97.186
410.620,33.187,0.034,0.673,96.980
410.640,32.168,-0.007,0.673,96.811
410.660,30.709,-0.035,0.673,96.689
410.680,28.805,-0.079,0.673,96.620
410.700,26.484,-0.095,0.673,96.612
410.720,23.742,-0.132,0.673,96.660
410.740,20.707,-0.142,0.673,96.767
410.760,17.361,-0.170,0.673,96.918
410.780,13.740,-0.175,0.673,97.114
410.800,9.955,-0.186,0.673,97.336
410.820,6.035,-0.189,0.675,97.575
410.840,2.004,-0.186,0.675,97.815
410.860,-2.057,-0.182,0.675,98.045
410.880,-6.076,-0.174,0.675,98.251
410.900,-10.014,-0.158,0.675,98.422
410.920,-13.793,-0.139,0.675,98.547
410.940,-17.373,-0.116,0.675,98.621
410.960,-20.713,-0.087,0.675,98.641
410.980,-23.736,-0.060,0.675,98.603
411.000,-26.408,-0.022,0.675,98.514
411.020,-28.676,0.011,0.675,98.377
411.040,-30.568,0.052,0.675,98.202
411.060,-31.992,0.088,0.675,97.999
411.080,-32.930,0.131,0.675,97.781
411.100,-33.346,0.169,0.675,97.355
411.120,-33.375,0.212,0.675,97.355
411.140,-32.877,0.244,0.675,97.174
411.160,-31.898,0.288,0.675,97.027
411.180,-30.451,0.320,0.675,96.930
411.200,-28.553,0.360,0.675,96.884
411.220,-26.232,0.385,0.675,96.898
411.240,-23.543,0.417,0.675,96.966
411.260,-20.455,0.432,0.675,97.093
411.280,-17.133,0.460,0.675,97.263
411.300,-13.541,0.466,0.675,97.477
411.320,-9.715,0.481,0.675,97.715
411.340,-5.754,0.481,0.675,97.972
411.360,-1.734,0.482,0.675,98.226
411.380,2.332,0.474,0.675,98.470
411.400,6.363,0.469,0.675,98.689
411.420,10.289,0.449,0.675,98.871
411.440,14.086,0.433,0.675,99.007
411.460,17.678,0.405,0.675,99.088
411.480,21.000,0.383,0.675,99.112
411.500,24.041,0.347,0.675,99.078
411.520,26.707,0.315,0.675,98.988
411.540,29.004,0.280,0.675,98.850
411.560,30.867,0.238,0.675,98.671
411.580,32.297,0.200,0.675,98.462
411.600,33.246,0.161,0.675,98.237
411.620,33.732,0.119,0.675,98.007
411.640,33.727,0.079,0.675,97.787
411.660,33.246,0.042,0.675,97.591
411.680,32.268,0.002,0.675,97.429
411.700,30.844,-0.031,0.675,97.313
411.720,28.951,-0.068,0.675,97.246
411.740,26.689,-0.091,0.675,97.237
411.760,23.977,-0.124,0.675,97.282
411.780,20.953,-0.137,0.675,97.383
411.800,17.648,-0.163,0.675,97.526
411.820,14.021,-0.170,0.675,97.714
411.840,10.254,-0.183,0.675,97.923
411.860,6.328,-0.186,0.675,98.151
411.880,2.309,-0.182,0.675,98.376
411.900,-1.758,-0.177,0.675,98.589
411.920,-5.783,-0.169,0.675,98.777
411.940,-9.732,-0.154,0.675,98.928
411.960,-13.512,-0.132,0.675,99.035
411.980,-17.127,-0.112,0.675,99.085
412.000,-20.467,-0.082,0.675,99.081
412.020,-23.549,-0.055,0.675,99.019
412.040,-26.221,-0.014,0.675,98.904
412.060,-28.547,0.016,0.675,98.739
412.080,-30.463,0.056,0.675,98.534
412.100,-31.887,0.087,0.675,98.299
412.120,-32.895,0.131,0.675,98.048
412.140,-33.352,0.171,0.675,97.794
412.160,-33.375,0.210,0.675,97.550
412.180,-32.936,0.251,0.675,97.330
412.200,-32.010,0.283,0.675,97.145
412.220,-30.592,0.327,0.675,97.005
412.240,-28.717,0.356,0.675,96.917
412.260,-26.432,0.389,0.675,96.887
412.280,-23.771,0.415,0.675,96.913
412.300,-20.725,0.435,0.675,96.996
412.320,-17.408,0.456,0.675,97.125
412.340,-13.840,0.470,0.675,97.296
412.360,-10.020,0.478,0.675,97.497
412.380,-6.082,0.485,0.675,97.717
412.400,-2.039,0.483,0.675,97.940
412.420,2.004,0.481,0.675,98.154
412.440,6.053,0.469,0.675,98.345
412.460,9.979,0.449,0.675,98.502
412.480,13.793,0.436,0.675,98.615
412.500,17.408,0.409,0.675,98.676
412.520,20.736,0.384,0.675,98.683
412.540,23.812,0.349,0.675,98.634
412.560,26.508,0.319,0.675,98.533
412.580,28.840,0.283,0.675,98.384
412.600,30.738,0.243,0.675,98.196
412.620,32.197,0.207,0.675,97.979
412.640,33.187,0.164,0.675,97.746
412.660,33.709,0.122,0.675,97.511
412.680,33.738,0.082,0.675,97.287
412.700,33.311,0.045,0.675,97.086
412.720,32.361,0.007,0.675,96.922
412.740,30.973,-0.028,0.675,96.804
412.760,29.121,-0.067,0.675,96.738
412.780,26.895,-0.088,0.675,96.734
412.800,24.217,-0.123,0.675,96.784
412.820,21.217,-0.139,0.675,96.893
412.840,17.906,-0.165,0.675,97.050
412.860,14.332,-0.173,0.675,97.250
412.880,10.570,-0.186,0.675,97.481
412.900,6.662,-0.188,0.675,97.728
412.920,2.654,-0.187,0.675,98.220
412.940,-1.400,-0.184,0.675,98.220
412.960,-5.426,-0.173,0.675,98.437
412.980,-9.398,-0.160,0.675,98.621
413.000,-13.195,-0.140,0.675,98.761
413.020,-16.816,-0.121,0.675,98.848
413.040,-20.186,-0.089,0.675,98.881
413.060,-23.285,-0.064,0.675,98.855
413.080,-25.992,-0.021,0.675,98.776
413.100,-28.354,0.001,0.675,98.645
413.120,-30.305,0.049,0.675,98.475
413.140,-31.764,0.081,0.675,98.274
413.160,-32.801,0.126,0.675,98.056
413.180,-33.299,0.167,0.675,97.833
413.200,-33.404,0.201,0.675,97.619
413.220,-32.994,0.245,0.675,97.427
413.240,-32.098,0.274,0.675,97.269
413.260,-30.703,0.321,0.675,97.155
413.280,-28.869,0.347,0.675,97.091
413.300,-26.631,0.383,0.675,97.085
413.320,-23.977,0.405,0.675,97.132
413.340,-20.959,0.432,0.675,97.236
413.360,-17.654,0.451,0.675,97.386
413.380,-14.104,0.468,0.675,97.577
413.400,-10.330,0.476,0.675,97.798
413.420,-6.410,0.482,0.675,98.033
413.440,-2.355,0.478,0.675,98.272
413.460,1.693,0.480,0.675,98.500
413.480,5.730,0.464,0.675,98.706
413.500,9.656,0.454,0.675,98.874
413.520,13.500,0.431,0.675,98.998
413.540,17.127,0.409,0.675,99.067
413.560,20.473,0.381,0.675,99.081
413.580,23.590,0.352,0.675,99.036
413.600,26.320,0.317,0.675,98.937
413.620,28.658,0.282,0.675,98.786
413.640,30.609,0.245,0.675,98.594
413.660,32.092,0.207,0.675,98.370
413.680,33.135,0.163,0.675,98.128
413.700,33.686,0.126,0.675,97.880
413.720,33.756,0.083,0.675,97.640
413.740,33.363,0.042,0.675,97.422
413.760,32.443,0.004,0.675,97.237
413.780,31.102,-0.029,0.675,97.097
413.800,29.291,-0.065,0.675,97.007
413.820,27.094,-0.091,0.675,96.976
413.840,24.451,-0.120,0.675,96.997
413.860,21.463,-0.141,0.675,97.078
413.880,18.205,-0.162,0.675,97.204
413.900,14.631,-0.172,0.675,97.374
413.920,10.887,-0.184,0.675,97.572
413.940,6.973,-0.183,0.675,97.790
413.960,2.953,-0.183,0.675,98.009
413.980,-1.078,-0.184,0.675,98.221
414.000,-5.127,-0.167,0.675,98.412
414.020,-9.094,-0.163,0.675,98.568
414.040,-12.920,-0.137,0.675,98.682
414.060,-16.547,-0.122,0.675,98.745
414.080,-19.945,-0.087,0.675,98.754
414.100,-23.068,-0.064,0.675,98.705
414.120,-25.811,-0.027,0.675,98.604
414.140,-28.213,0.005,0.675,98.452
414.160,-30.193,0.046,0.675,98.261
414.180,-31.723,0.079,0.675,98.040
414.200,-32.771,0.122,0.675,97.800
414.220,-33.311,0.161,0.675,97.556
414.240,-33.428,0.206,0.675,97.321
414.260,-33.053,0.244,0.675,97.109
414.280,-32.215,0.281,0.674,96.931
414.300,-30.885,0.316,0.674,96.799
414.320,-29.057,0.352,0.674,96.717
414.340,-26.848,0.381,0.674,96.694
414.360,-24.246,0.412,0.674,96.727
414.380,-21.258,0.434,0.674,96.820
414.400,-17.988,0.457,0.674,96.961
414.420,-14.432,0.468,0.674,97.149
414.440,-10.670,0.482,0.674,97.366
414.460,-6.750,0.485,0.674,97.604
414.480,-2.713,0.489,0.678,97.847
414.500,1.348,0.479,0.678,98.085
414.520,5.391,0.473,0.678,98.300
414.540,9.334,0.459,0.678,98.483
414.560,13.189,0.437,0.678,98.623
414.580,16.822,0.418,0.678,98.711
414.600,20.221,0.389,0.678,98.747
414.620,23.338,0.359,0.678,98.723
414.640,26.109,0.327,0.678,98.647
414.660,28.477,0.288,0.678,98.521
414.680,30.457,0.253,0.678,98.354
414.700,31.998,0.210,0.678,98.156
414.720,33.070,0.170,0.678,97.938
414.740,33.656,0.132,0.678,97.715
414.760,33.773,0.089,0.678,97.500
414.780,33.410,0.053,0.678,97.306
414.800,32.555,0.012,0.678,97.146
414.820,31.230,-0.024,0.678,97.029
414.840,29.461,-0.058,0.678,96.964
414.860,27.281,-0.087,0.678,96.956
414.880,24.668,-0.112,0.678,97.003
414.900,21.727,-0.134,0.678,97.106
414.920,18.475,-0.156,0.678,97.258
414.940,14.930,-0.169,0.678,97.452
414.960,11.186,-0.183,0.678,97.677
414.980,7.295,-0.184,0.678,97.922
415.000,3.293,-0.183,0.678,98.171
415.020,-0.762,-0.181,0.678,98.409
415.040,-4.799,-0.170,0.678,98.624
415.060,-8.771,-0.162,0.678,98.806
415.080,-12.598,-0.139,0.678,98.946
415.100,-16.248,-0.122,0.678,99.032
415.120,-19.687,-0.089,0.678,99.062
415.140,-22.822,-0.062,0.678,99.034
415.160,-25.588,-0.028,0.678,98.950
415.180,-28.002,0.006,0.678,98.815
415.200,-30.006,0.041,0.678,98.637
415.220,-31.600,0.079,0.678,98.427
415.240,-32.689,0.120,0.678,98.196
415.260,-33.264,0.156,0.678,97.957
415.280,-33.416,0.203,0.678,97.725
415.300,-33.059,0.237,0.678,97.513
415.320,-32.268,0.275,0.678,97.332
415.340,-30.979,0.314,0.678,97.194
415.360,-29.203,0.348,0.678,97.103
415.380,-27.012,0.377,0.678,97.071
415.400,-24.428,0.406,0.678,97.170
415.420,-21.498,0.430,0.678,97.170
415.440,-18.217,0.448,0.678,97.296
415.460,-14.701,0.463,0.678,97.464
415.480,-10.951,0.477,0.678,97.663
415.500,-7.025,0.481,0.678,97.881
415.520,-3.029,0.483,0.678,98.105
415.540,1.043,0.475,0.678,98.321
415.560,5.080,0.467,0.678,98.515
415.580,9.029,0.454,0.678,98.676
415.600,12.896,0.435,0.678,98.795
415.620,16.553,0.414,0.678,98.862
415.640,19.963,0.386,0.678,98.876
415.660,23.104,0.355,0.678,98.830
415.680,25.916,0.325,0.678,98.732
415.700,28.307,0.286,0.678,98.582
415.720,30.311,0.253,0.678,98.391
415.740,31.893,0.209,0.678,98.167
415.760,33.000,0.170,0.678,97.923
415.780,33.639,0.129,0.678,97.673
415.800,33.779,0.088,0.678,97.429
415.820,33.457,0.049,0.677,97.206
415.840,32.637,0.013,0.677,97.016
415.860,31.354,-0.023,0.677,96.868
415.880,29.613,-0.058,0.677,96.773
415.900,27.480,-0.093,0.677,96.733
415.920,24.896,-0.113,0.677,96.754
415.940,21.967,-0.143,0.677,96.828
415.960,18.744,-0.155,0.677,96.958
415.980,15.234,-0.177,0.677,97.128
416.000,11.508,-0.186,0.677,97.336
416.020,7.623,-0.185,0.677,97.562
416.040,3.621,-0.189,0.678,97.797
416.060,-0.416,-0.184,0.678,98.024
416.080,-4.465,-0.179,0.678,98.234
416.100,-8.461,-0.166,0.678,98.412
416.120,-12.299,-0.146,0.678,98.550
416.140,-15.955,-0.126,0.678,98.638
416.160,-19.418,-0.098,0.678,98.673
416.180,-22.570,-0.070,0.678,98.651
416.200,-25.371,-0.038,0.678,98.575
416.220,-27.814,-0.003,0.678,98.450
416.240,-29.865,0.036,0.678,98.283
416.260,-31.488,0.074,0.678,98.083
416.280,-32.619,0.114,0.678,97.863
416.300,-33.264,0.153,0.678,97.637
416.320,-33.434,0.197,0.678,97.417
416.340,-33.129,0.232,0.678,97.219
416.360,-32.385,0.273,0.678,97.052
416.380,-31.107,0.308,0.678,96.929
416.400,-29.385,0.347,0.678,96.856
416.420,-27.217,0.375,0.678,96.842
416.440,-24.674,0.406,0.678,96.884
416.460,-21.756,0.430,0.678,96.984
416.480,-18.492,0.451,0.678,97.134
416.500,-15.041,0.464,0.678,97.330
416.520,-11.279,0.477,0.678,97.555
416.540,-7.365,0.482,0.678,97.801
416.560,-3.352,0.489,0.678,98.058
416.580,0.703,0.478,0.678,98.306
416.600,4.740,0.475,0.678,98.536
416.620,8.707,0.457,0.678,98.732
416.640,12.580,0.439,0.678,98.888
416.660,16.254,0.418,0.678,98.989
416.680,19.693,0.389,0.678,99.037
416.700,22.840,0.364,0.678,99.025
416.720,25.676,0.329,0.678,98.959
416.740,28.125,0.293,0.678,98.840
416.760,30.176,0.257,0.678,98.678
416.780,31.770,0.218,0.678,98.481
416.800,32.936,0.177,0.678,98.262
416.820,33.586,0.137,0.678,98.034
416.840,33.791,0.095,0.678,97.811
416.860,33.498,0.058,0.678,97.606
416.880,32.725,0.017,0.678,97.432
416.900,31.471,-0.013,0.678,97.299
416.920,29.766,-0.053,0.678,97.213
416.940,27.662,-0.083,0.678,97.185
416.960,25.107,-0.104,0.678,97.212
416.980,22.213,-0.133,0.678,97.292
417.000,19.008,-0.150,0.678,97.423
417.020,15.504,-0.170,0.678,97.597
417.040,11.801,-0.174,0.678,97.803
417.060,7.922,-0.185,0.678,98.028
417.080,3.932,-0.183,0.678,98.258
417.100,-0.111,-0.181,0.678,98.482
417.120,-4.148,-0.171,0.678,98.686
417.140,-8.156,-0.160,0.678,98.855
417.160,-12.023,-0.141,0.678,98.983
417.180,-15.691,-0.122,0.678,99.059
417.200,-19.154,-0.094,0.678,99.081
417.220,-22.336,-0.067,0.678,99.044
417.240,-25.189,-0.033,0.678,98.951
417.260,-27.645,0.001,0.678,98.807
417.280,-29.736,0.037,0.678,98.619
417.300,-31.383,0.074,0.678,98.396
417.320,-32.537,0.112,0.678,98.152
417.340,-33.217,0.156,0.678,97.898
417.360,-33.445,0.195,0.678,97.649
417.380,-33.164,0.235,0.678,97.419
417.400,-32.426,0.269,0.678,97.219
417.420,-31.219,0.308,0.678,97.059
417.440,-29.531,0.346,0.678,96.949
417.460,-27.398,0.374,0.678,96.895
417.480,-24.891,0.403,0.678,96.896
417.500,-22.002,0.428,0.678,96.955
417.520,-18.768,0.449,0.678,97.064
417.540,-15.305,0.466,0.678,97.220
417.560,-11.584,0.476,0.678,97.409
417.580,-7.699,0.483,0.678,97.618
417.600,-3.680,0.486,0.678,97.838
417.620,0.363,0.481,0.678,98.054
417.640,4.418,0.473,0.678,98.253
417.660,8.402,0.461,0.678,98.421
417.680,12.258,0.438,0.678,98.551
417.700,15.973,0.421,0.678,98.627
417.720,19.436,0.390,0.678,98.653
417.740,22.605,0.365,0.678,98.621
417.760,25.482,0.329,0.678,98.537
417.780,27.943,0.293,0.678,98.401
417.800,30.029,0.257,0.678,98.223
417.820,31.652,0.219,0.678,98.012
417.840,32.859,0.179,0.678,97.780
417.860,33.574,0.136,0.678,97.540
417.880,33.791,0.099,0.678,97.305
417.900,33.545,0.058,0.678,97.089
417.920,32.807,0.019,0.678,96.904
417.940,31.582,-0.017,0.678,96.762
417.960,29.906,-0.054,0.678,96.671
417.980,27.855,-0.087,0.678,96.638
418.000,25.342,-0.107,0.678,96.664
418.020,22.459,-0.138,0.678,96.744
418.040,19.277,-0.151,0.678,96.880
418.060,15.809,-0.178,0.678,97.060
418.080,12.105,-0.177,0.678,97.279
418.100,8.244,-0.191,0.680,97.518
418.120,4.277,-0.185,0.680,97.768
418.140,0.234,-0.190,0.680,98.011
418.160,-3.803,-0.176,0.680,98.242
418.180,-7.811,-0.165,0.680,98.439
418.200,-11.689,-0.148,0.680,98.597
418.220,-15.387,-0.126,0.680,98.707
418.240,-18.873,-0.105,0.680,98.761
418.260,-22.049,-0.076,0.680,98.762
418.280,-24.955,-0.039,0.680,98.706
418.300,-27.439,-0.007,0.680,98.447
418.320,-29.572,0.026,0.680,98.447
418.340,-31.230,0.067,0.680,98.261
418.360,-32.426,0.105,0.680,98.052
418.380,-33.152,0.151,0.680,97.833
418.400,-33.398,0.185,0.680,97.619
418.420,-33.217,0.225,0.680,97.421
418.440,-32.502,0.266,0.680,97.253
418.460,-31.318,0.298,0.680,97.126
418.480,-29.643,0.343,0.680,97.048
418.500,-27.562,0.366,0.680,97.026
418.520,-25.113,0.401,0.680,97.060
418.540,-22.225,0.423,0.680,97.149
418.560,-19.025,0.446,0.680,97.291
418.580,-15.568,0.463,0.680,97.478
418.600,-11.883,0.472,0.680,97.696
418.620,-8.004,0.481,0.680,97.937
418.640,-4.002,0.485,0.680,98.186
418.660,0.047,0.477,0.680,98.432
418.680,4.096,0.471,0.680,98.657
418.700,8.098,0.455,0.680,98.851
418.720,11.977,0.443,0.680,99.002
418.740,15.686,0.418,0.680,99.103
418.760,19.154,0.393,0.680,99.148
418.780,22.365,0.364,0.680,99.136
418.800,25.266,0.331,0.680,99.067
418.820,27.762,0.299,0.680,98.944
418.840,29.889,0.260,0.680,98.776
418.860,31.547,0.224,0.680,98.571
418.880,32.771,0.180,0.680,98.343
418.900,33.527,0.141,0.680,98.103
418.920,33.791,0.102,0.680,97.865
418.940,33.580,0.060,0.680,97.643
418.960,32.889,0.020,0.680,97.450
418.980,31.705,-0.016,0.680,97.298
419.000,30.047,-0.049,0.680,97.193
419.020,28.031,-0.081,0.680,97.142
419.040,25.553,-0.104,0.680,97.148
419.060,22.699,-0.134,0.680,97.209
419.080,19.541,-0.150,0.680,97.322
419.100,16.090,-0.171,0.680,97.477
419.120,12.398,-0.175,0.680,97.669
419.140,8.566,-0.187,0.680,97.883
419.160,4.576,-0.184,0.680,98.106
419.180,0.539,-0.183,0.680,98.324
419.200,-3.504,-0.179,0.680,98.524
419.220,-7.518,-0.164,0.680,98.695
419.240,-11.396,-0.150,0.680,98.826
419.260,-15.129,-0.123,0.680,98.907
419.280,-18.627,-0.103,0.680,98.934
419.300,-21.855,-0.074,0.680,98.906
419.320,-24.744,-0.042,0.680,98.822
419.340,-27.281,-0.007,0.680,98.686
419.360,-29.461,0.028,0.680,98.506
419.380,-31.178,0.070,0.680,98.291
419.400,-32.420,0.105,0.680,98.052
419.420,-33.182,0.148,0.680,97.803
419.440,-33.422,0.186,0.680,97.558
419.460,-33.275,0.235,0.680,97.329
419.480,-32.625,0.265,0.680,97.130
419.500,-31.482,0.306,0.680,96.972
419.520,-29.848,0.338,0.680,96.864
419.540,-27.791,0.371,0.680,96.808
419.560,-25.342,0.403,0.680,96.812
419.580,-22.500,0.428,0.680,96.874
419.600,-19.336,0.446,0.680,96.991
419.620,-15.891,0.468,0.680,97.151
419.640,-12.199,0.475,0.680,97.352
419.660,-8.350,0.488,0.680,97.812
419.680,-4.336,0.485,0.680,97.812
419.700,-0.293,0.488,0.680,98.044
419.720,3.762,0.476,0.680,98.264
419.740,7.770,0.468,0.680,98.453
419.760,11.660,0.446,0.680,98.607
419.780,15.398,0.427,0.680,98.710
419.800,18.879,0.400,0.680,98.762
419.820,22.119,0.372,0.680,98.756
419.840,25.055,0.337,0.680,98.696
419.860,27.568,0.307,0.680,98.584
419.880,29.713,0.265,0.680,98.429
419.900,31.412,0.232,0.680,98.238
419.920,32.695,0.188,0.680,98.023
419.940,33.475,0.143,0.680,97.797
419.960,33.791,0.110,0.680,97.575
419.980,33.615,0.063,0.680,97.367
420.000,32.959,0.029,0.680,97.191
420.020,31.822,-0.010,0.680,97.054
420.040,30.211,-0.042,0.680,96.966
420.060,28.213,-0.079,0.680,96.932
420.080,25.764,-0.103,0.680,96.958
420.100,22.939,-0.129,0.680,97.040
420.120,19.816,-0.146,0.680,97.175
420.140,16.383,-0.168,0.680,97.354
420.160,12.709,-0.174,0.680,97.571
420.180,8.877,-0.184,0.680,97.810
420.200,4.910,-0.184,0.680,98.061
420.220,0.891,-0.183,0.680,98.308
420.240,-3.176,-0.176,0.680,98.539
420.260,-7.184,-0.166,0.680,98.738
420.280,-11.092,-0.149,0.680,98.899
420.300,-14.812,-0.127,0.680,99.009
420.320,-18.316,-0.105,0.680,99.066
420.340,-21.609,-0.072,0.680,99.065
420.360,-24.521,-0.046,0.680,99.005
420.380,-27.053,-0.009,0.680,98.895
420.400,-29.250,0.025,0.680,98.737
420.420,-30.984,0.062,0.680,98.543
420.440,-32.297,0.101,0.680,98.323
420.460,-33.105,0.141,0.680,98.090
420.480,-33.416,0.180,0.680,97.857
420.500,-33.275,0.222,0.680,97.639
420.520,-32.648,0.257,0.680,97.449
420.540,-31.547,0.300,0.680,97.296
420.560,-29.959,0.333,0.680,97.191
420.580,-27.943,0.364,0.680,97.137
420.600,-25.512,0.394,0.680,97.141
420.620,-22.723,0.418,0.680,97.197
420.640,-19.588,0.441,0.680,97.310
420.660,-16.148,0.458,0.680,97.462
420.680,-12.498,0.468,0.680,97.653
420.700,-8.631,0.477,0.680,97.863
420.720,-4.641,0.481,0.680,98.088
420.740,-0.592,0.481,0.680,98.308
420.760,3.463,0.470,0.680,98.513
420.780,7.453,0.461,0.680,98.687
420.800,11.355,0.444,0.680,98.823
420.820,15.117,0.424,0.680,98.912
420.840,18.621,0.398,0.680,98.946
420.860,21.867,0.369,0.680,98.922
420.880,24.832,0.339,0.680,98.842
420.900,27.375,0.302,0.680,98.710
420.920,29.561,0.262,0.680,98.532
420.940,31.301,0.230,0.680,98.316
420.960,32.607,0.186,0.680,98.075
420.980,33.434,0.148,0.680,97.822
421.000,33.768,0.104,0.680,97.569
421.020,33.645,0.063,0.680,97.332
421.040,33.029,0.032,0.680,97.121
421.060,31.928,-0.009,0.680,96.951
421.080,30.369,-0.041,0.680,96.827
421.100,28.395,-0.083,0.680,96.758
421.120,25.975,-0.099,0.680,96.749
421.140,23.186,-0.131,0.680,96.794
421.160,20.074,-0.147,0.680,96.895
421.180,16.664,-0.172,0.680,97.041
421.200,13.020,-0.179,0.680,97.229
421.220,9.193,-0.190,0.680,97.441
421.240,5.238,-0.187,0.680,97.666
421.260,1.213,-0.189,0.680,97.889
421.280,-2.842,-0.178,0.680,98.098
421.300,-6.850,-0.170,0.680,98.282
421.320,-10.770,-0.156,0.680,98.428
421.340,-14.525,-0.135,0.680,98.530
421.360,-18.041,-0.113,0.680,98.578
421.380,-21.334,-0.077,0.680,98.572
421.400,-24.281,-0.054,0.680,98.510
421.420,-26.889,-0.013,0.680,98.397
421.440,-29.109,0.020,0.680,98.238
421.460,-30.896,0.062,0.680,98.042
421.480,-32.227,0.094,0.680,97.822
421.500,-33.082,0.139,0.680,97.590
421.520,-33.416,0.176,0.680,97.359
421.540,-33.334,0.222,0.680,97.144
421.560,-32.730,0.255,0.679,96.957
421.580,-31.682,0.298,0.679,96.809
421.600,-30.135,0.328,0.679,96.663
421.620,-28.160,0.365,0.679,96.663
421.640,-25.752,0.393,0.679,96.678
421.660,-22.975,0.423,0.679,96.748
421.680,-19.846,0.444,0.679,96.876
421.700,-16.441,0.460,0.679,97.049
421.720,-12.814,0.473,0.679,97.261
421.740,-8.977,0.482,0.679,97.498
421.760,-4.992,0.484,0.679,97.749
421.780,-0.943,0.486,0.679,98.001
421.800,3.117,0.475,0.679,98.239
421.820,7.125,0.466,0.679,98.449
421.840,11.027,0.447,0.679,98.620
421.860,14.801,0.427,0.679,98.744
421.880,18.334,0.401,0.679,98.814
421.900,21.609,0.372,0.679,98.827
421.920,24.592,0.345,0.679,98.783
421.940,27.182,0.312,0.679,98.687
421.960,29.396,0.273,0.679,98.543
421.980,31.189,0.235,0.679,98.361
422.000,32.520,0.194,0.679,98.151
422.020,33.381,0.154,0.679,97.928
422.040,33.773,0.113,0.679,97.704
422.060,33.674,0.074,0.679,97.493
422.080,33.094,0.037,0.679,97.307
422.100,32.021,-0.002,0.679,97.159
422.120,30.510,-0.033,0.679,97.057
422.140,28.553,-0.075,0.679,97.009
422.160,26.186,-0.096,0.679,97.019
422.180,23.426,-0.125,0.679,97.082
422.200,20.332,-0.143,0.679,97.201
422.220,16.963,-0.163,0.679,97.362
422.240,13.312,-0.173,0.679,97.563
422.260,9.486,-0.183,0.679,97.785
422.280,5.549,-0.183,0.679,98.023
422.300,1.523,-0.184,0.679,98.256
422.320,-2.525,-0.174,0.679,98.477
422.340,-6.539,-0.165,0.679,98.666
422.360,-10.482,-0.150,0.679,98.817
422.380,-14.232,-0.128,0.679,98.920
422.400,-17.789,-0.109,0.679,98.969
422.420,-21.082,-0.075,0.679,98.961
422.440,-24.059,-0.053,0.679,98.896
422.460,-26.707,-0.011,0.679,98.777
422.480,-28.951,0.020,0.679,98.611
422.500,-30.768,0.058,0.679,98.406
422.520,-32.109,0.095,0.679,98.173
422.540,-33.000,0.140,0.679,97.926
422.560,-33.404,0.180,0.679,97.678
422.580,-33.334,0.220,0.679,97.442
422.600,-32.789,0.254,0.679,97.232
422.620,-31.775,0.294,0.679,97.058
422.640,-30.246,0.329,0.679,96.932
422.660,-28.307,0.365,0.679,96.858
422.680,-25.928,0.391,0.679,96.841
422.700,-23.209,0.418,0.679,96.879
422.720,-20.104,0.440,0.679,96.974
422.740,-16.717,0.460,0.679,97.112
422.760,-13.102,0.471,0.679,97.291
422.780,-9.270,0.481,0.679,97.495
422.800,-5.303,0.485,0.679,97.716
422.820,-1.254,0.487,0.679,97.936
422.840,2.807,0.476,0.679,98.147
422.860,6.820,0.465,0.679,98.329
422.880,10.723,0.447,0.679,98.474
422.900,14.514,0.429,0.679,98.575
422.920,18.070,0.403,0.679,98.621
422.940,21.352,0.373,0.679,98.614
422.960,24.387,0.345,0.679,98.550
422.980,26.988,0.309,0.679,98.435
423.000,29.238,0.273,0.679,98.273
423.020,31.049,0.235,0.679,98.074
423.040,32.432,0.195,0.679,97.848
423.060,33.328,0.153,0.679,97.609
423.080,33.762,0.112,0.679,97.369
423.100,33.691,0.073,0.678,97.143
423.120,33.158,0.034,0.678,96.943
423.140,32.133,-0.005,0.678,96.782
423.160,30.650,-0.039,0.678,96.668
423.180,28.729,-0.077,0.678,96.609
423.200,26.408,-0.100,0.678,96.610
423.220,23.666,-0.126,0.678,96.667
423.240,20.596,-0.148,0.678,96.780
423.260,17.250,-0.166,0.678,96.940
423.280,13.617,-0.179,0.678,97.142
423.300,9.826,-0.185,0.678,97.373
423.320,5.889,-0.187,0.678,97.619
423.340,1.869,-0.191,0.678,97.864
423.360,-2.186,-0.183,0.678,98.102
423.380,-6.199,-0.173,0.678,98.313
423.400,-10.160,-0.154,0.678,98.489
423.420,-13.934,-0.139,0.678,98.618
423.440,-17.496,-0.115,0.678,98.696
423.460,-20.830,-0.084,0.678,98.718
423.480,-23.818,-0.058,0.678,98.683
423.500,-26.467,-0.018,0.678,98.595
423.520,-28.746,0.012,0.678,98.460
423.540,-30.621,0.054,0.678,98.287
423.560,-32.016,0.088,0.678,98.085
423.580,-32.936,0.131,0.678,97.869
423.600,-33.346,0.171,0.678,97.652
423.620,-33.322,0.211,0.678,97.446
423.640,-32.859,0.249,0.678,97.266
423.660,-31.875,0.287,0.678,97.121
423.680,-30.381,0.323,0.678,97.025
423.700,-28.453,0.357,0.678,96.979
423.720,-26.139,0.381,0.678,96.991
423.740,-23.437,0.415,0.678,97.056
423.760,-20.350,0.432,0.678,97.349
423.780,-16.998,0.457,0.678,97.349
423.800,-13.412,0.464,0.678,97.560
423.820,-9.574,0.479,0.678,97.792
423.840,-5.631,0.481,0.678,98.043
423.860,-1.570,0.481,0.678,98.291
423.880,2.467,0.472,0.678,98.528
423.900,6.504,0.464,0.678,98.737
423.920,10.418,0.449,0.678,98.909
423.940,14.209,0.431,0.678,99.035
423.960,17.783,0.405,0.678,99.105
423.980,21.094,0.377,0.678,99.119
424.000,24.146,0.344,0.678,99.073
424.020,26.807,0.311,0.678,98.973
424.040,29.086,0.277,0.678,98.822
424.060,30.920,0.237,0.678,98.633
424.080,32.344,0.195,0.678,98.414
424.100,33.281,0.159,0.678,98.178
424.120,33.738,0.116,0.678,97.939
424.140,33.709,0.078,0.678,97.710
424.160,33.217,0.038,0.678,97.505
424.180,32.232,0.002,0.678,97.209
424.200,30.779,-0.033,0.678,97.209
424.220,28.887,-0.071,0.678,97.136
424.240,26.607,-0.090,0.678,97.120
424.260,23.877,-0.124,0.678,97.158
424.280,20.848,-0.141,0.678,97.250
424.300,17.531,-0.162,0.678,97.388
424.320,13.928,-0.171,0.678,97.566
424.340,10.119,-0.182,0.678,97.769
424.360,6.193,-0.187,0.678,97.990
424.380,2.174,-0.184,0.678,98.210
424.400,-1.875,-0.180,0.678,98.417
424.420,-5.889,-0.170,0.678,98.599
424.440,-9.861,-0.154,0.678,98.746
424.460,-13.641,-0.136,0.678,98.845
424.480,-17.238,-0.112,0.678,98.892
424.500,-20.596,-0.082,0.678,98.884
424.520,-23.631,-0.054,0.678,98.820
424.540,-26.314,-0.020,0.678,98.702
424.560,-28.605,0.014,0.678,98.536
424.580,-30.521,0.054,0.678,98.097
424.600,-31.957,0.092,0.678,98.097
424.620,-32.924,0.132,0.678,97.848
424.640,-33.375,0.171,0.678,97.596
424.660,-33.398,0.214,0.678,97.355
424.680,-32.936,0.252,0.678,97.139
424.700,-31.998,0.286,0.678,96.959
424.720,-30.562,0.327,0.678,96.826
424.740,-28.670,0.360,0.678,96.746
424.760,-26.355,0.389,0.678,96.724
424.780,-23.678,0.418,0.678,96.758
424.800,-20.619,0.439,0.678,96.850
424.820,-17.303,0.460,0.678,96.990
424.840,-13.717,0.472,0.678,97.173
424.860,-9.902,0.483,0.678,97.384
424.880,-5.959,0.487,0.678,97.615
424.900,-1.904,0.486,0.678,97.847
424.920,2.145,0.480,0.678,98.071
424.940,6.182,0.471,0.678,98.271
424.960,10.096,0.453,0.678,98.437
424.980,13.928,0.435,0.678,98.560
425.000,17.508,0.410,0.678,98.630
425.020,20.848,0.383,0.678,98.648
425.040,23.912,0.349,0.678,98.607
425.060,26.607,0.317,0.678,98.514
425.080,28.898,0.278,0.678,98.374
425.100,30.791,0.244,0.678,98.195
425.120,32.256,0.206,0.678,97.987
425.140,33.211,0.161,0.678,97.764
425.160,33.715,0.123,0.678,97.538
425.180,33.732,0.083,0.678,97.323
425.200,33.275,0.045,0.678,97.133
425.220,32.332,0.005,0.678,96.978
425.240,30.920,-0.029,0.678,96.815
425.260,29.068,-0.067,0.678,96.815
425.280,26.812,-0.091,0.678,96.819
425.300,24.117,-0.121,0.678,96.878
425.320,21.105,-0.138,0.678,96.995
425.340,17.807,-0.161,0.678,97.159
425.360,14.209,-0.171,0.678,97.365
425.380,10.453,-0.182,0.678,97.600
425.400,6.527,-0.188,0.678,97.853
425.420,2.514,-0.184,0.678,98.108
425.440,-1.535,-0.183,0.678,98.350
425.460,-5.566,-0.170,0.678,98.569
425.480,-9.545,-0.158,0.678,98.752
425.500,-13.330,-0.138,0.678,98.889
425.520,-16.928,-0.118,0.678,98.972
425.540,-20.291,-0.088,0.678,99.001
425.560,-23.373,-0.061,0.678,98.971
425.580,-26.086,-0.025,0.678,98.887
425.600,-28.418,0.007,0.678,98.753
425.620,-30.352,0.049,0.678,98.578
425.640,-31.811,0.079,0.678,98.372
425.660,-32.836,0.125,0.678,98.148
425.680,-33.305,0.164,0.678,97.919
425.700,-33.387,0.203,0.678,97.502
425.720,-32.941,0.245,0.678,97.502
425.740,-32.033,0.281,0.678,97.339
425.760,-30.656,0.318,0.678,97.220
425.780,-28.799,0.352,0.678,97.151
425.800,-26.537,0.379,0.678,97.138
425.820,-23.889,0.409,0.678,97.179
425.840,-20.859,0.431,0.678,97.275
425.860,-17.561,0.453,0.678,97.418
425.880,-13.998,0.465,0.678,97.601
425.900,-10.195,0.477,0.678,97.811
425.920,-6.264,0.481,0.678,98.039
425.940,-2.227,0.481,0.678,98.269
425.960,1.816,0.475,0.678,98.487
425.980,5.865,0.465,0.678,98.679
426.000,9.791,0.449,0.678,98.838
426.020,13.623,0.432,0.678,98.949
426.040,17.238,0.404,0.678,99.008
426.060,20.590,0.382,0.678,98.955
426.080,23.678,0.350,0.678,98.955
426.100,26.414,0.319,0.678,98.845
426.120,28.734,0.278,0.678,98.686
426.140,30.650,0.243,0.678,98.485
426.160,32.150,0.204,0.678,98.254
426.180,33.152,0.161,0.678,98.005
426.200,33.697,0.121,0.678,97.751
426.220,33.756,0.083,0.678,97.506
426.240,33.328,0.041,0.678,97.283
426.260,32.426,0.007,0.678,97.095
426.280,31.049,-0.033,0.678,96.950
426.300,29.238,-0.067,0.678,96.857
426.320,27.012,-0.095,0.678,96.823
426.340,24.363,-0.121,0.678,96.843
426.360,21.375,-0.141,0.678,96.922
426.380,18.094,-0.164,0.678,97.046
426.400,14.514,-0.174,0.678,97.216
426.420,10.758,-0.184,0.678,97.414
426.440,6.850,-0.188,0.678,97.632
426.460,2.836,-0.188,0.678,97.852
426.480,-1.201,-0.184,0.678,98.065
426.500,-5.256,-0.171,0.678,98.257
426.520,-9.234,-0.162,0.678,98.415
426.540,-13.055,-0.141,0.678,98.531
426.560,-16.664,-0.121,0.678,98.596
426.580,-20.057,-0.091,0.678,98.607
426.600,-23.162,-0.062,0.678,98.561
426.620,-25.904,-0.030,0.678,98.463
426.640,-28.289,0.008,0.678,98.316
426.660,-30.252,0.045,0.678,98.129
426.680,-31.746,0.082,0.678,97.912
426.700,-32.807,0.122,0.678,97.679
426.720,-33.328,0.163,0.678,97.441
426.740,-33.422,0.204,0.678,97.214
426.760,-33.053,0.243,0.678,97.009
426.780,-32.162,0.281,0.678,96.840
426.800,-30.814,0.319,0.678,96.643
426.820,-28.986,0.356,0.678,96.643
426.840,-26.771,0.381,0.678,96.632
426.860,-24.152,0.411,0.678,96.675
426.880,-21.152,0.431,0.678,96.777
426.900,-17.854,0.456,0.678,96.926
426.920,-14.309,0.464,0.678,97.122
426.940,-10.535,0.482,0.678,97.347
426.960,-6.615,0.483,0.678,97.846
426.980,-2.572,0.486,0.678,97.846
427.000,1.477,0.473,0.678,98.090
427.020,5.520,0.471,0.678,98.309
427.040,9.457,0.456,0.678,98.498
427.060,13.307,0.439,0.678,98.643
427.080,16.939,0.412,0.678,98.736
427.100,20.326,0.386,0.678,98.773
427.120,23.437,0.352,0.678,98.754
427.140,26.203,0.329,0.678,98.679
427.160,28.559,0.288,0.678,98.556
427.180,30.510,0.253,0.678,98.391
427.200,32.033,0.211,0.678,98.194
427.220,33.088,0.172,0.678,97.978
427.240,33.680,0.131,0.678,97.756
427.260,33.768,0.091,0.678,97.541
427.280,33.381,0.052,0.678,97.348
427.300,32.508,0.012,0.678,97.188
427.320,31.195,-0.022,0.678,97.072
427.340,29.391,-0.057,0.678,97.006
427.360,27.193,-0.086,0.678,96.997
427.380,24.586,-0.112,0.678,97.044
427.400,21.609,-0.134,0.678,97.145
427.420,18.357,-0.156,0.678,97.295
427.440,14.801,-0.167,0.678,97.487
427.460,11.074,-0.180,0.678,97.708
427.480,7.166,-0.186,0.678,97.947
427.500,3.152,-0.185,0.678,98.190
427.520,-0.885,-0.183,0.678,98.423
427.540,-4.928,-0.170,0.678,98.633
427.560,-8.906,-0.158,0.678,98.806
427.580,-12.738,-0.139,0.678,98.936
427.600,-16.377,-0.120,0.678,99.012
427.620,-19.787,-0.093,0.678,99.032
427.640,-22.910,-0.061,0.678,98.995
427.660,-25.670,-0.029,0.678,98.900
427.680,-28.084,0.009,0.678,98.756
427.700,-30.088,0.041,0.678,98.569
427.720,-31.635,0.081,0.678,98.350
427.740,-32.713,0.120,0.678,98.110
427.760,-33.264,0.161,0.678,97.864
427.780,-33.445,0.202,0.678,97.624
427.800,-33.053,0.240,0.678,97.405
427.820,-32.256,0.275,0.678,97.218
427.840,-30.926,0.318,0.678,97.073
427.860,-29.145,0.351,0.678,96.978
427.880,-26.924,0.381,0.678,96.940
427.900,-24.334,0.407,0.678,96.957
427.920,-21.387,0.430,0.678,97.030
427.940,-18.117,0.454,0.678,97.150
427.960,-14.578,0.465,0.678,97.314
427.980,-10.834,0.479,0.678,97.509
428.000,-6.902,0.481,0.678,97.723
428.020,-2.889,0.484,0.678,97.944
428.040,1.166,0.478,0.678,98.156
428.060,5.221,0.469,0.678,98.348
428.080,9.158,0.454,0.678,98.506
428.100,13.025,0.437,0.678,98.622
428.120,16.664,0.411,0.678,98.688
428.140,20.080,0.387,0.678,98.699
428.160,23.203,0.352,0.678,98.653
428.180,26.004,0.323,0.678,98.553
428.200,28.389,0.283,0.678,98.403
428.220,30.375,0.250,0.678,98.213
428.240,31.928,0.207,0.678,97.991
428.260,33.023,0.168,0.678,97.750
428.280,33.656,0.128,0.678,97.503
428.300,33.785,0.083,0.678,97.264
428.320,33.434,0.047,0.678,97.047
428.340,32.596,0.008,0.675,96.863
428.360,31.289,-0.027,0.675,96.724
428.380,29.543,-0.060,0.675,96.636
428.400,27.398,-0.091,0.675,96.605
428.420,24.803,-0.116,0.675,96.633
428.440,21.873,-0.141,0.675,96.718
428.460,18.639,-0.160,0.675,96.855
428.480,15.100,-0.174,0.675,97.037
428.500,11.379,-0.183,0.675,97.252
428.520,7.477,-0.187,0.675,97.488
428.540,3.480,-0.191,0.678,97.730
428.560,-0.557,-0.187,0.678,97.969
428.580,-4.582,-0.177,0.678,98.186
428.600,-8.566,-0.166,0.678,98.374
428.620,-12.422,-0.143,0.678,98.518
428.640,-16.061,-0.129,0.678,98.613
428.660,-19.512,-0.095,0.678,98.656
428.680,-22.664,-0.070,0.678,98.641
428.700,-25.430,-0.032,0.678,98.572
428.720,-27.885,0.000,0.678,98.453
428.740,-29.906,0.037,0.678,98.292
428.760,-31.523,0.078,0.678,98.100
428.780,-32.637,0.112,0.678,97.888
428.800,-33.240,0.153,0.678,97.669
428.820,-33.416,0.195,0.678,97.457
428.840,-33.094,0.235,0.678,97.266
428.860,-32.320,0.276,0.678,97.108
428.880,-31.055,0.309,0.678,96.993
428.900,-29.291,0.344,0.678,96.929
428.920,-27.129,0.376,0.678,96.921
428.940,-24.568,0.402,0.678,96.970
428.960,-21.645,0.427,0.678,97.075
428.980,-18.387,0.451,0.678,97.230
429.000,-14.889,0.461,0.678,97.660
429.020,-11.133,0.475,0.678,97.660
429.040,-7.225,0.480,0.678,97.910
429.060,-3.211,0.485,0.678,98.167
429.080,0.826,0.473,0.678,98.417
429.100,4.875,0.470,0.678,98.645
429.120,8.836,0.453,0.678,98.840
429.140,12.715,0.439,0.678,98.992
429.160,16.377,0.416,0.678,99.092
429.180,19.805,0.390,0.678,99.136
429.200,22.951,0.359,0.678,99.122
429.220,25.793,0.327,0.678,99.051
429.240,28.201,0.292,0.678,98.928
429.260,30.234,0.256,0.678,98.761
429.280,31.822,0.211,0.678,98.561
429.300,32.953,0.174,0.678,98.338
429.320,33.615,0.137,0.678,98.106
429.340,33.785,0.091,0.678,97.879
429.360,33.480,0.055,0.678,97.671
429.380,32.672,0.017,0.678,97.493
429.400,31.424,-0.019,0.678,97.358
429.420,29.695,-0.052,0.678,97.271
429.440,27.574,-0.084,0.678,97.238
429.460,25.025,-0.108,0.678,97.261
429.480,22.113,-0.137,0.678,97.339
429.500,18.891,-0.153,0.678,97.466
429.520,15.393,-0.168,0.678,97.637
429.540,11.678,-0.179,0.678,97.837
429.560,7.787,-0.185,0.678,98.058
429.580,3.809,-0.188,0.678,98.282
429.600,-0.246,-0.185,0.678,98.502
429.620,-4.301,-0.174,0.678,98.702
429.640,-8.268,-0.164,0.678,98.868
429.660,-12.141,-0.143,0.678,98.991
429.680,-15.803,-0.122,0.678,99.063
429.700,-19.266,-0.093,0.678,99.078
429.720,-22.447,-0.066,0.678,99.038
429.740,-25.271,-0.035,0.678,98.942
429.760,-27.750,0.006,0.678,98.795
429.780,-29.795,0.037,0.678,98.604
429.800,-31.459,0.079,0.678,98.380
429.820,-32.572,0.113,0.678,98.134
429.840,-33.252,0.157,0.678,97.880
429.860,-33.445,0.198,0.678,97.632
429.880,-33.170,0.236,0.678,97.403
429.900,-32.432,0.273,0.678,97.205
429.920,-31.160,0.311,0.678,97.049
429.940,-29.484,0.348,0.678,96.943
429.960,-27.334,0.377,0.678,96.894
429.980,-24.791,0.407,0.678,96.901
430.000,-21.885,0.427,0.678,96.966
430.020,-18.656,0.450,0.678,97.080
430.040,-15.182,0.469,0.678,97.240
430.060,-11.455,0.480,0.678,97.437
430.080,-7.553,0.481,0.678,97.655
430.100,-3.539,0.490,0.682,97.881
430.120,0.516,0.480,0.682,98.105
430.140,4.553,0.475,0.682,98.308
430.160,8.549,0.458,0.682,98.482
430.180,12.398,0.439,0.682,98.615
430.200,16.090,0.417,0.682,98.699
430.220,19.547,0.390,0.682,98.729
430.240,22.705,0.364,0.682,98.703
430.260,25.576,0.331,0.682,98.623
430.280,28.020,0.290,0.682,98.493
430.300,30.094,0.261,0.682,98.321
430.320,31.711,0.216,0.682,98.116
430.340,32.889,0.182,0.682,97.890
430.360,33.574,0.139,0.682,97.656
430.380,33.797,0.099,0.682,97.428
430.400,33.521,0.058,0.682,97.219
430.420,32.754,0.017,0.682,97.042
430.440,31.535,-0.018,0.682,96.909
430.460,29.842,-0.054,0.682,96.827
430.480,27.779,-0.085,0.682,96.801
430.500,25.242,-0.108,0.682,96.833
430.520,22.371,-0.135,0.682,96.922
430.540,19.172,-0.150,0.682,97.063
430.560,15.691,-0.172,0.682,97.248
430.580,11.965,-0.180,0.682,97.470
430.600,8.115,-0.187,0.682,97.713
430.620,4.143,-0.187,0.682,97.965
430.640,0.100,-0.185,0.682,98.211
430.660,-3.943,-0.181,0.682,98.439
430.680,-7.957,-0.163,0.682,98.639
430.700,-11.830,-0.147,0.682,98.793
430.720,-15.498,-0.127,0.682,98.899
430.740,-18.973,-0.101,0.682,98.949
430.760,-22.160,-0.074,0.682,98.943
430.780,-25.020,-0.042,0.682,98.881
430.800,-27.504,-0.007,0.682,98.768
430.820,-29.631,0.028,0.682,98.610
430.840,-31.289,0.067,0.682,98.418
430.860,-32.467,0.104,0.682,98.203
430.880,-33.176,0.145,0.682,97.978
430.900,-33.404,0.187,0.682,97.757
430.920,-33.193,0.228,0.682,97.553
430.940,-32.490,0.265,0.682,97.379
430.960,-31.254,0.300,0.682,97.245
430.980,-29.607,0.340,0.682,97.159
431.000,-27.486,0.368,0.682,97.129
431.020,-25.002,0.400,0.682,97.154
431.040,-22.131,0.421,0.682,97.235
431.060,-18.914,0.446,0.682,97.365
431.080,-15.457,0.462,0.682,97.540
431.100,-11.736,0.470,0.682,97.747
431.120,-7.875,0.477,0.682,97.975
431.140,-3.867,0.481,0.682,98.211
431.160,0.193,0.477,0.682,98.442
431.180,4.242,0.472,0.682,98.653
431.200,8.238,0.456,0.682,98.832
431.220,12.100,0.439,0.682,98.970
431.240,15.814,0.421,0.682,99.056
431.260,19.277,0.393,0.682,99.088
431.280,22.477,0.364,0.682,99.060
431.300,25.359,0.332,0.682,98.976
431.320,27.826,0.294,0.682,98.841
431.340,29.947,0.257,0.682,98.659
431.360,31.588,0.219,0.682,98.442
431.380,32.807,0.180,0.682,98.203
431.400,33.545,0.137,0.682,97.952
431.420,33.779,0.099,0.682,97.704
431.440,33.557,0.057,0.682,97.474
431.460,32.836,0.018,0.682,97.272
431.480,31.658,-0.017,0.682,97.111
431.500,29.994,-0.054,0.682,96.999
431.520,27.949,-0.085,0.682,96.942
431.540,25.459,-0.109,0.682,96.941
431.560,22.600,-0.137,0.682,96.997
431.580,19.430,-0.152,0.682,97.105
431.600,15.973,-0.170,0.682,97.255
431.620,12.281,-0.179,0.682,97.441
431.640,8.420,-0.188,0.682,97.651
431.660,4.441,-0.187,0.682,97.869
431.680,0.398,-0.185,0.682,98.084
431.700,-3.633,-0.180,0.682,98.280
431.720,-7.641,-0.162,0.682,98.451
431.740,-11.531,-0.152,0.682,98.578
431.760,-15.234,-0.125,0.682,98.661
431.780,-18.738,-0.103,0.682,98.687
431.800,-21.967,-0.073,0.682,98.659
431.820,-24.838,-0.039,0.682,98.576
431.840,-27.357,-0.006,0.682,98.442
431.860,-29.496,0.028,0.682,98.264
431.880,-31.207,0.070,0.682,98.052
431.900,-32.426,0.104,0.682,97.817
431.920,-33.158,0.152,0.682,97.573
431.940,-33.416,0.186,0.682,97.334
431.960,-33.264,0.229,0.682,97.112
431.980,-32.584,0.267,0.682,96.920
432.000,-31.418,0.303,0.682,96.770
432.020,-29.789,0.342,0.682,96.669
432.040,-27.709,0.368,0.682,96.625
432.060,-25.248,0.397,0.682,96.639
432.080,-22.418,0.427,0.682,96.709
432.100,-19.230,0.444,0.682,96.834
432.120,-15.762,0.464,0.682,97.005
432.140,-12.076,0.473,0.682,97.214
432.160,-8.221,0.485,0.682,97.447
432.180,-4.201,0.487,0.682,97.695
432.200,-0.152,0.482,0.682,97.938
432.220,3.896,0.476,0.682,98.166
432.240,7.893,0.462,0.682,98.365
432.260,11.783,0.447,0.682,98.523
432.280,15.498,0.425,0.682,98.634
432.300,19.002,0.396,0.682,98.691
432.320,22.207,0.370,0.682,98.691
432.340,25.143,0.335,0.682,98.635
432.360,27.650,0.305,0.682,98.528
432.380,29.766,0.265,0.682,98.377
432.400,31.471,0.231,0.682,98.190
432.420,32.736,0.187,0.682,97.980
432.440,33.504,0.145,0.682,97.759
432.460,33.785,0.110,0.682,97.540
432.480,33.598,0.063,0.682,97.337
432.500,32.900,0.030,0.682,97.165
432.520,31.764,-0.010,0.682,97.032
432.540,30.170,-0.041,0.682,96.948
432.560,28.137,-0.079,0.682,96.917
432.580,25.687,-0.104,0.682,96.945
432.600,22.852,-0.128,0.682,97.028
432.620,19.693,-0.145,0.682,97.165
432.640,16.271,-0.170,0.682,97.345
432.660,12.586,-0.175,0.682,97.561
432.680,8.754,-0.187,0.682,97.801
432.700,4.781,-0.183,0.682,98.050
432.720,0.744,-0.183,0.682,98.294
432.740,-3.299,-0.176,0.682,98.519
432.760,-7.312,-0.167,0.682,98.714
432.780,-11.215,-0.148,0.682,98.869
432.800,-14.930,-0.131,0.682,98.973
432.820,-18.439,-0.102,0.682,99.024
432.840,-21.697,-0.076,0.682,99.016
432.860,-24.604,-0.044,0.682,98.951
432.880,-27.141,-0.009,0.682,98.833
432.900,-29.338,0.025,0.682,98.669
432.920,-31.061,0.065,0.682,98.468
432.940,-32.332,0.103,0.682,98.241
432.960,-33.117,0.145,0.682,98.002
432.980,-33.398,0.181,0.682,97.764
433.000,-33.264,0.227,0.682,97.541
433.020,-32.631,0.257,0.682,97.346
433.040,-31.523,0.298,0.682,97.188
433.060,-29.918,0.332,0.682,97.078
433.080,-27.867,0.365,0.682,97.020
433.100,-25.430,0.395,0.682,97.019
433.120,-22.611,0.419,0.682,97.071
433.140,-19.471,0.443,0.682,97.178
433.160,-16.037,0.463,0.682,97.329
433.180,-12.363,0.469,0.682,97.517
433.200,-8.508,0.482,0.682,97.725
433.220,-4.500,0.481,0.682,97.947
433.240,-0.469,0.481,0.682,98.166
433.260,3.586,0.472,0.682,98.367
433.280,7.582,0.458,0.682,98.540
433.300,11.479,0.443,0.682,98.672
433.320,15.234,0.421,0.682,98.757
433.340,18.738,0.394,0.682,98.788
433.360,21.979,0.365,0.682,98.762
433.380,24.932,0.335,0.682,98.680
433.400,27.469,0.301,0.682,98.547
433.420,29.625,0.261,0.682,98.368
433.440,31.354,0.225,0.682,98.153
433.460,32.654,0.185,0.682,97.914
433.480,33.463,0.142,0.682,97.662
433.500,33.773,0.105,0.682,97.412
433.520,33.627,0.060,0.682,97.178
433.540,32.988,0.026,0.678,96.973
433.560,31.887,-0.013,0.678,96.807
433.580,30.316,-0.046,0.678,96.690
433.600,28.312,-0.083,0.678,96.628
433.620,25.893,-0.104,0.678,96.625
433.640,23.086,-0.134,0.678,96.678
433.660,19.980,-0.150,0.678,96.788
433.680,16.564,-0.171,0.678,96.941
433.700,12.891,-0.177,0.678,97.135
433.720,9.076,-0.191,0.681,97.352
433.740,5.121,-0.186,0.681,97.585
433.760,1.084,-0.189,0.681,97.816
433.780,-2.977,-0.182,0.681,98.034
433.800,-6.979,-0.172,0.681,98.225
433.820,-10.893,-0.154,0.681,98.381
433.840,-14.619,-0.133,0.681,98.488
433.860,-18.141,-0.112,0.681,98.543
433.880,-21.428,-0.077,0.681,98.544
433.900,-24.381,-0.050,0.681,98.486
433.920,-26.959,-0.016,0.681,98.379
433.940,-29.145,0.022,0.681,98.226
433.960,-30.932,0.058,0.681,98.038
433.980,-32.238,0.096,0.681,97.825
434.000,-33.082,0.139,0.681,97.600
434.020,-33.398,0.175,0.681,97.377
434.040,-33.293,0.220,0.681,97.170
434.060,-32.689,0.253,0.681,96.991
434.080,-31.623,0.295,0.681,96.851
434.100,-30.059,0.330,0.681,96.761
434.120,-28.072,0.364,0.681,96.724
434.140,-25.658,0.393,0.681,96.747
434.160,-22.863,0.420,0.681,96.825
434.180,-19.758,0.439,0.681,96.959
434.200,-16.324,0.458,0.681,97.138
434.220,-12.686,0.467,0.681,97.356
434.240,-8.848,0.479,0.681,97.596
434.260,-4.846,0.482,0.681,97.851
434.280,-0.809,0.482,0.681,98.106
434.300,3.258,0.473,0.681,98.345
434.320,7.248,0.466,0.681,98.557
434.340,11.156,0.447,0.681,98.729
434.360,14.918,0.427,0.681,98.853
434.380,18.463,0.400,0.681,98.923
434.400,21.715,0.375,0.681,98.933
434.420,24.709,0.340,0.681,98.888
434.440,27.264,0.310,0.681,98.789
434.460,29.467,0.269,0.681,98.643
434.480,31.230,0.234,0.681,98.459
434.500,32.566,0.190,0.681,98.247
434.520,33.410,0.151,0.681,98.022
434.540,33.762,0.111,0.681,97.796
434.560,33.668,0.070,0.681,97.583
434.580,33.070,0.036,0.681,97.396
434.600,31.998,-0.009,0.681,97.247
434.620,30.451,-0.036,0.681,97.144
434.640,28.482,-0.079,0.681,97.092
434.660,26.104,-0.096,0.681,97.100
434.680,23.314,-0.129,0.681,97.159
434.700,20.232,-0.143,0.681,97.275
434.720,16.834,-0.164,0.681,97.432
434.740,13.195,-0.170,0.681,97.628
434.760,9.381,-0.187,0.681,97.846
434.780,5.426,-0.183,0.681,98.078
434.800,1.389,-0.186,0.681,98.306
434.820,-2.660,-0.174,0.681,98.519
434.840,-6.680,-0.168,0.681,98.703
434.860,-10.605,-0.153,0.681,98.849
434.880,-14.373,-0.130,0.681,98.946
434.900,-17.900,-0.107,0.681,98.989
434.920,-21.211,-0.074,0.681,98.973
434.940,-24.170,-0.050,0.681,98.901
434.960,-26.795,-0.009,0.681,98.777
434.980,-29.021,0.022,0.681,98.605
435.000,-30.832,0.062,0.681,98.394
435.020,-32.156,0.099,0.681,98.157
435.040,-33.041,0.142,0.681,97.906
435.060,-33.416,0.175,0.681,97.655
435.080,-33.334,0.222,0.681,97.416
435.100,-32.783,0.256,0.678,97.204
435.120,-31.734,0.300,0.678,97.029
435.140,-30.182,0.329,0.678,96.903
435.160,-28.236,0.369,0.678,96.828
435.180,-25.863,0.392,0.678,96.812
435.200,-23.121,0.420,0.678,96.850
435.220,-19.992,0.441,0.678,96.946
435.240,-16.611,0.460,0.678,97.086
435.260,-12.984,0.474,0.678,97.267
435.280,-9.141,0.482,0.678,97.473
435.300,-5.162,0.483,0.678,97.695
435.320,-1.119,0.483,0.678,97.916
435.340,2.941,0.471,0.678,98.127
435.360,6.949,0.466,0.678,98.308
435.380,10.852,0.447,0.678,98.457
435.400,14.637,0.427,0.678,98.557
435.420,18.182,0.404,0.678,98.606
435.440,21.463,0.374,0.678,98.601
435.460,24.469,0.344,0.678,98.539
435.480,27.082,0.307,0.678,98.426
435.500,29.309,0.272,0.678,98.266
435.520,31.107,0.232,0.678,98.070
435.540,32.484,0.194,0.678,97.848
435.560,33.357,0.153,0.678,97.612
435.580,33.768,0.114,0.678,97.378
435.600,33.686,0.069,0.678,97.156
435.620,33.135,0.033,0.678,96.962
435.640,32.092,-0.004,0.678,96.807
435.660,30.586,-0.040,0.678,96.700
435.680,28.658,-0.074,0.678,96.648
435.700,26.320,-0.100,0.678,96.654
435.720,23.566,-0.127,0.678,96.718
435.740,20.496,-0.147,0.678,96.840
435.760,17.133,-0.163,0.678,97.007
435.780,13.506,-0.182,0.678,97.215
435.800,9.686,-0.183,0.678,97.453
435.820,5.754,-0.188,0.678,97.703
435.840,1.734,-0.187,0.678,97.955
435.860,-2.320,-0.183,0.678,98.193
435.880,-6.322,-0.173,0.678,98.407
435.900,-10.289,-0.158,0.678,98.583
435.920,-14.045,-0.137,0.678,98.713
435.940,-17.602,-0.112,0.678,98.790
435.960,-20.918,-0.084,0.678,98.811
435.980,-23.912,-0.057,0.678,98.776
436.000,-26.566,-0.021,0.678,98.687
436.020,-28.822,0.014,0.678,98.551
436.040,-30.668,0.053,0.678,98.376
436.060,-32.045,0.089,0.678,98.174
436.080,-32.959,0.130,0.678,97.957
436.100,-33.346,0.174,0.678,97.739
436.120,-33.340,0.210,0.678,97.533
436.140,-32.836,0.247,0.678,97.352
436.160,-31.816,0.288,0.678,97.206
436.180,-30.311,0.323,0.678,97.109
436.200,-28.406,0.360,0.678,97.061
436.220,-26.051,0.384,0.678,97.074
436.240,-23.338,0.414,0.678,97.138
436.260,-20.256,0.434,0.678,97.259
436.280,-16.881,0.458,0.678,97.423
436.300,-13.277,0.468,0.678,97.630
436.320,-9.439,0.481,0.678,97.858
436.340,-5.496,0.478,0.678,98.104
436.360,-1.441,0.482,0.678,98.346
436.380,2.613,0.471,0.678,98.577
436.400,6.645,0.468,0.678,98.778
436.420,10.553,0.441,0.678,98.944
436.440,14.332,0.431,0.678,99.059
436.460,17.912,0.404,0.678,99.125
436.480,21.211,0.376,0.678,99.125
436.500,24.246,0.341,0.678,99.072
436.520,26.895,0.309,0.678,98.963
436.540,29.156,0.272,0.678,98.807
436.560,30.973,0.236,0.678,98.610
436.580,32.385,0.194,0.678,98.384
436.600,33.299,0.153,0.678,98.143
436.620,33.744,0.112,0.678,97.899
436.640,33.709,0.075,0.678,97.665
436.660,33.199,0.035,0.678,97.456
436.680,32.186,-0.004,0.678,97.283
436.700,30.721,-0.037,0.678,97.156
436.720,28.828,-0.074,0.678,97.080
436.740,26.520,-0.093,0.678,97.063
436.760,23.801,-0.129,0.678,97.097
436.780,20.742,-0.143,0.678,97.190
436.800,17.414,-0.167,0.678,97.325
436.820,13.781,-0.173,0.678,97.503
436.840,10.008,-0.186,0.678,97.705
436.860,6.070,-0.183,0.678,97.924
436.880,2.039,-0.188,0.678,98.141
436.900,-2.004,-0.180,0.678,98.351
436.920,-6.029,-0.169,0.678,98.533
436.940,-9.979,-0.154,0.678,98.678
436.960,-13.775,-0.138,0.678,98.777
436.980,-17.355,-0.113,0.678,98.827
437.000,-20.695,-0.079,0.678,98.820
437.020,-23.713,-0.058,0.678,98.755
437.040,-26.391,-0.015,0.678,98.639
437.060,-28.676,0.012,0.678,98.475
437.080,-30.574,0.054,0.678,98.273
437.100,-32.010,0.089,0.678,98.042
437.120,-32.936,0.134,0.678,97.797
437.140,-33.375,0.173,0.678,97.550
437.160,-33.381,0.215,0.678,97.315
437.180,-32.936,0.253,0.674,97.107
437.200,-31.951,0.291,0.674,96.934
437.220,-30.492,0.321,0.674,96.810
437.240,-28.588,0.360,0.674,96.736
437.260,-26.285,0.387,0.674,96.723
437.280,-23.602,0.418,0.674,96.765
437.300,-20.531,0.436,0.674,96.866
437.320,-17.191,0.459,0.674,97.012
437.340,-13.600,0.472,0.674,97.205
437.360,-9.762,0.483,0.674,97.424
437.380,-5.818,0.486,0.677,97.662
437.400,-1.787,0.485,0.677,97.902
437.420,2.262,0.479,0.677,98.133
437.440,6.305,0.470,0.677,98.341
437.460,10.225,0.455,0.677,98.513
437.480,14.033,0.432,0.677,98.640
437.500,17.619,0.410,0.677,98.714
437.520,20.947,0.380,0.677,98.735
437.540,24.012,0.348,0.677,98.697
437.560,26.695,0.317,0.677,98.608
437.580,28.975,0.281,0.677,98.471
437.600,30.850,0.242,0.677,98.295
437.620,32.273,0.203,0.677,98.091
437.640,33.252,0.164,0.677,97.871
437.660,33.727,0.120,0.677,97.648
437.680,33.721,0.082,0.677,97.437
437.700,33.258,0.041,0.677,97.251
437.720,32.285,0.004,0.677,97.100
437.740,30.861,-0.030,0.677,96.997
437.760,29.016,-0.069,0.677,96.945
437.780,26.725,-0.092,0.677,96.953
437.800,24.029,-0.120,0.677,97.015
437.820,21.012,-0.137,0.677,97.133
437.840,17.689,-0.163,0.677,97.298
437.860,14.074,-0.177,0.677,97.506
437.880,10.318,-0.183,0.677,97.741
437.900,6.393,-0.187,0.677,97.991
437.920,2.373,-0.186,0.677,98.240
437.940,-1.670,-0.180,0.677,98.480
437.960,-5.707,-0.172,0.677,98.693
437.980,-9.674,-0.158,0.677,98.871
438.000,-13.453,-0.136,0.677,99.003
438.020,-17.051,-0.115,0.677,99.080
438.040,-20.402,-0.087,0.677,99.101
438.060,-23.484,-0.061,0.677,99.064
438.080,-26.174,-0.021,0.677,98.973
438.100,-28.500,0.010,0.677,98.831
438.120,-30.404,0.049,0.677,98.650
438.140,-31.863,0.086,0.677,98.437
438.160,-32.865,0.125,0.677,98.207
438.180,-33.357,0.167,0.677,97.973
438.200,-33.375,0.207,0.677,97.748
438.220,-32.936,0.248,0.677,97.546
438.240,-32.010,0.281,0.677,97.378
438.260,-30.615,0.323,0.677,97.254
438.280,-28.734,0.352,0.677,97.181
438.300,-26.455,0.381,0.677,97.163
438.320,-23.795,0.410,0.677,97.200
438.340,-20.748,0.431,0.677,97.291
438.360,-17.449,0.453,0.677,97.430
438.380,-13.881,0.467,0.677,97.607
438.400,-10.072,0.477,0.677,97.813
438.420,-6.135,0.482,0.677,98.035
438.440,-2.092,0.480,0.677,98.260
438.460,1.969,0.474,0.677,98.473
438.480,5.988,0.465,0.677,98.661
438.500,9.920,0.446,0.677,98.814
438.520,13.740,0.430,0.677,98.919
438.540,17.355,0.407,0.677,98.973
438.560,20.701,0.379,0.677,98.972
438.580,23.783,0.347,0.677,98.913
438.600,26.490,0.315,0.677,98.799
438.620,28.811,0.278,0.677,98.637
438.640,30.721,0.240,0.677,98.435
438.660,32.186,0.198,0.677,98.202
438.680,33.187,0.160,0.677,97.953
438.700,33.709,0.118,0.677,97.699
438.720,33.756,0.080,0.675,97.455
438.740,33.322,0.040,0.675,97.234
438.760,32.379,0.004,0.674,97.048
438.780,31.002,-0.031,0.674,96.908
438.800,29.156,-0.070,0.674,96.818
438.820,26.918,-0.093,0.674,96.788
438.840,24.258,-0.125,0.674,96.813
438.860,21.246,-0.143,0.674,96.898
438.880,17.977,-0.167,0.674,97.029
438.900,14.391,-0.179,0.674,97.206
438.920,10.629,-0.183,0.674,97.410
438.940,6.727,-0.191,0.678,97.633
438.960,2.713,-0.187,0.678,97.859
438.980,-1.336,-0.185,0.678,98.079
439.000,-5.367,-0.170,0.678,98.273
439.020,-9.346,-0.162,0.678,98.435
439.040,-13.154,-0.142,0.678,98.556
439.060,-16.752,-0.120,0.678,98.626
439.080,-20.133,-0.091,0.678,98.640
439.100,-23.238,-0.064,0.678,98.599
439.120,-25.963,-0.024,0.678,98.505
439.140,-28.312,0.005,0.678,98.363
439.160,-30.264,0.045,0.678,98.181
439.180,-31.764,0.079,0.678,97.970
439.200,-32.807,0.125,0.678,97.743
439.220,-33.316,0.159,0.678,97.511
439.240,-33.387,0.202,0.678,97.290
439.260,-32.994,0.240,0.678,97.093
439.280,-32.104,0.278,0.678,96.930
439.300,-30.744,0.318,0.678,96.814
439.320,-28.910,0.352,0.678,96.749
439.340,-26.678,0.378,0.678,96.744
439.360,-24.047,0.408,0.678,96.793
439.380,-21.029,0.432,0.678,96.902
439.400,-17.725,0.457,0.678,97.058
439.420,-14.174,0.466,0.678,97.260
439.440,-10.395,0.481,0.678,97.488
439.460,-6.457,0.481,0.678,97.739
439.480,-2.437,0.484,0.678,97.992
439.500,1.623,0.477,0.678,98.236
439.520,5.666,0.470,0.678,98.457
439.540,9.604,0.453,0.678,98.646
439.560,13.436,0.436,0.678,98.790
439.580,17.068,0.411,0.678,98.879
439.600,20.437,0.387,0.678,98.915
439.620,23.543,0.354,0.678,98.892
439.640,26.273,0.323,0.678,98.814
439.660,28.629,0.286,0.678,98.687
439.680,30.568,0.244,0.678,98.518
439.700,32.086,0.207,0.678,98.317
439.720,33.117,0.166,0.678,98.097
439.740,33.686,0.127,0.678,97.872
439.760,33.773,0.088,0.678,97.654
439.780,33.381,0.045,0.678,97.458
439.800,32.467,0.009,0.678,97.295
439.820,31.125,-0.027,0.678,97.176
439.840,29.326,-0.061,0.678,97.107
439.860,27.135,-0.090,0.678,97.095
439.880,24.492,-0.116,0.678,97.138
439.900,21.516,-0.135,0.678,97.236
439.920,18.246,-0.160,0.678,97.381
439.940,14.689,-0.169,0.678,97.569
439.960,10.939,-0.180,0.678,97.784
439.980,7.020,-0.185,0.678,98.017
440.000,3.035,-0.183,0.678,98.252
440.020,-1.008,-0.179,0.678,98.477
440.040,-5.045,-0.170,0.678,98.679
440.060,-9.029,-0.159,0.678,98.844
440.080,-12.855,-0.140,0.678,98.967
440.100,-16.488,-0.116,0.678,99.036
440.120,-19.869,-0.090,0.678,99.048
440.140,-23.004,-0.059,0.678,99.003
440.160,-25.746,-0.027,0.678,98.903
440.180,-28.160,0.009,0.678,98.752
440.200,-30.135,0.043,0.678,98.560
440.220,-31.652,0.084,0.678,98.336
440.240,-32.730,0.121,0.678,98.092
440.260,-33.252,0.162,0.678,97.843
440.280,-33.404,0.204,0.678,97.601
440.300,-33.041,0.244,0.678,97.380
440.320,-32.174,0.280,0.678,97.193
440.340,-30.873,0.317,0.678,97.049
440.360,-29.045,0.349,0.678,96.955
440.380,-26.854,0.381,0.678,96.917
440.400,-24.258,0.406,0.678,96.934
440.420,-21.264,0.431,0.678,97.009
440.440,-17.994,0.454,0.678,97.134
440.460,-14.455,0.464,0.678,97.302
440.480,-10.711,0.480,0.678,97.498
440.500,-6.768,0.481,0.678,97.717
440.520,-2.748,0.481,0.678,97.939
440.540,1.312,0.478,0.678,98.154
440.560,5.350,0.469,0.678,98.349
440.580,9.293,0.454,0.678,98.510
440.600,13.131,0.437,0.678,98.629
440.620,16.781,0.411,0.678,98.699
440.640,20.180,0.384,0.678,98.714
440.660,23.297,0.355,0.678,98.671
440.680,26.074,0.322,0.678,98.576
440.700,28.471,0.285,0.678,98.431
440.720,30.428,0.247,0.678,98.245
440.740,31.975,0.211,0.678,98.029
440.760,33.059,0.166,0.678,97.795
440.780,33.662,0.126,0.678,97.555
440.800,33.773,0.087,0.678,97.323
440.820,33.422,0.046,0.678,97.113
440.840,32.578,0.010,0.678,96.939
440.860,31.248,-0.027,0.678,96.807
440.880,29.479,-0.059,0.678,96.729
440.900,27.322,-0.092,0.678,96.707
440.920,24.727,-0.115,0.678,96.744
440.940,21.756,-0.137,0.678,96.838
440.960,18.533,-0.160,0.678,96.982
440.980,14.988,-0.173,0.678,97.172
441.000,11.250,-0.187,0.678,97.394
441.020,7.383,-0.187,0.678,97.637
441.040,3.363,-0.188,0.678,97.885
441.060,-0.680,-0.186,0.678,98.126
441.080,-4.717,-0.179,0.678,98.346
441.100,-8.689,-0.166,0.678,98.536
441.120,-12.527,-0.145,0.678,98.683
441.140,-16.178,-0.125,0.678,98.779
441.160,-19.611,-0.096,0.678,98.820
441.180,-22.746,-0.069,0.678,98.804
441.200,-25.523,-0.034,0.678,98.734
441.220,-27.937,-0.001,0.678,98.614
441.240,-29.959,0.037,0.678,98.451
441.260,-31.541,0.072,0.678,98.257
441.280,-32.654,0.117,0.678,98.042
441.300,-33.234,0.156,0.678,97.821
441.320,-33.404,0.199,0.678,97.607
441.340,-33.064,0.232,0.678,97.414
441.360,-32.297,0.273,0.678,97.252
441.380,-30.984,0.312,0.678,97.134
441.400,-29.197,0.344,0.678,97.066
441.420,-27.041,0.376,0.678,97.055
441.440,-24.445,0.405,0.678,97.099
441.460,-21.521,0.429,0.678,97.202
441.480,-18.270,0.452,0.678,97.353
441.500,-14.760,0.461,0.678,97.546
441.520,-10.992,0.477,0.678,97.769
441.540,-7.072,0.478,0.678,98.011
441.560,-3.064,0.484,0.678,98.258
441.580,0.990,0.477,0.678,98.497
441.600,5.021,0.469,0.678,98.716
441.620,9.000,0.456,0.678,98.901
441.640,12.832,0.435,0.678,99.042
441.660,16.500,0.413,0.678,99.130
441.680,19.922,0.385,0.678,99.162
441.700,23.062,0.356,0.678,99.134
441.720,25.869,0.323,0.678,99.052
441.740,28.283,0.286,0.678,98.918
441.760,30.293,0.251,0.678,98.741
441.780,31.869,0.211,0.678,98.530
441.800,32.988,0.170,0.678,98.298
441.820,33.633,0.131,0.678,98.058
441.840,33.779,0.088,0.678,97.824
441.860,33.475,0.054,0.678,97.608
441.880,32.648,0.010,0.678,97.424
441.900,31.371,-0.024,0.678,97.283
441.920,29.619,-0.057,0.678,97.190
441.940,27.516,-0.087,0.678,97.153
441.960,24.937,-0.108,0.678,97.172
441.980,22.014,-0.139,0.678,97.246
442.000,18.785,-0.154,0.678,97.371
442.020,15.287,-0.172,0.678,97.538
442.040,11.549,-0.181,0.678,97.736
442.060,7.676,-0.185,0.678,97.955
442.080,3.686,-0.185,0.678,98.177
442.100,-0.369,-0.183,0.678,98.394
442.120,-4.400,-0.173,0.678,98.590
442.140,-8.379,-0.164,0.678,98.754
442.160,-12.246,-0.142,0.678,98.876
442.180,-15.902,-0.122,0.678,98.947
442.200,-19.359,-0.092,0.678,98.964
442.220,-22.523,-0.067,0.678,98.923
442.240,-25.336,-0.033,0.678,98.828
442.260,-27.779,0.002,0.678,98.681
442.280,-29.824,0.037,0.678,98.493
442.300,-31.459,0.077,0.678,98.272
442.320,-32.584,0.116,0.678,98.030
442.340,-33.223,0.157,0.678,97.781
442.360,-33.422,0.196,0.678,97.539
442.380,-33.123,0.236,0.677,97.317
442.400,-32.373,0.273,0.675,97.127
442.420,-31.096,0.309,0.675,96.979
442.440,-29.379,0.344,0.675,96.882
442.460,-27.234,0.377,0.675,96.841
442.480,-24.691,0.406,0.675,96.857
442.500,-21.785,0.428,0.675,96.933
442.520,-18.533,0.451,0.675,97.057
442.540,-15.059,0.468,0.675,97.228
442.560,-11.320,0.477,0.675,97.434
442.580,-7.400,0.482,0.675,97.659
442.600,-3.393,0.486,0.678,97.893
442.620,0.656,0.480,0.678,98.123
442.640,4.699,0.475,0.678,98.335
442.660,8.654,0.460,0.678,98.517
442.680,12.527,0.439,0.678,98.657
442.700,16.213,0.419,0.678,98.747
442.720,19.652,0.392,0.678,98.784
442.740,22.816,0.363,0.678,98.764
442.760,25.652,0.331,0.678,98.689
442.780,28.107,0.294,0.678,98.566
442.800,30.152,0.255,0.678,98.398
442.820,31.758,0.219,0.678,98.198
442.840,32.918,0.178,0.678,97.978
442.860,33.592,0.138,0.678,97.749
442.880,33.785,0.095,0.678,97.527
442.900,33.516,0.059,0.678,97.324
442.920,32.736,0.018,0.678,97.152
442.940,31.506,-0.017,0.678,97.023
442.960,29.789,-0.055,0.678,96.945
442.980,27.709,-0.086,0.678,96.923
443.000,25.148,-0.110,0.678,96.959
443.020,22.277,-0.136,0.678,97.052
443.040,19.072,-0.151,0.678,97.195
443.060,15.580,-0.173,0.678,97.383
443.080,11.865,-0.183,0.678,97.605
443.100,8.010,-0.184,0.678,97.848
443.120,4.020,-0.185,0.678,98.097
443.140,-0.029,-0.181,0.678,98.340
443.160,-4.072,-0.176,0.678,98.562
443.180,-8.074,-0.165,0.678,98.755
443.200,-11.947,-0.143,0.678,98.905
443.220,-15.598,-0.125,0.678,99.003
443.240,-19.072,-0.099,0.678,99.047
443.260,-22.260,-0.071,0.678,99.033
443.280,-25.107,-0.039,0.678,98.963
443.300,-27.580,-0.002,0.678,98.841
443.320,-29.654,0.028,0.678,98.676
443.340,-31.324,0.073,0.678,98.476
443.360,-32.479,0.106,0.678,98.252
443.380,-33.182,0.151,0.678,98.020
443.400,-33.404,0.190,0.678,97.792
443.420,-33.123,0.231,0.678,97.581
443.440,-32.432,0.269,0.678,97.400
443.460,-31.189,0.303,0.678,97.168
443.480,-29.514,0.341,0.678,97.168
443.500,-27.410,0.368,0.678,97.130
443.520,-24.885,0.398,0.678,97.147
443.540,-22.002,0.424,0.678,97.221
443.560,-18.785,0.442,0.678,97.345
443.580,-15.328,0.460,0.678,97.512
443.600,-11.607,0.472,0.678,97.711
443.620,-7.723,0.478,0.678,97.931
443.640,-3.715,0.480,0.678,98.159
443.660,0.346,0.476,0.678,98.382
443.680,4.371,0.470,0.678,98.586
443.700,8.355,0.456,0.678,98.758
443.720,12.229,0.436,0.678,98.889
443.740,15.937,0.417,0.678,98.967
443.760,19.395,0.391,0.678,98.992
443.780,22.570,0.360,0.678,98.959
443.800,25.465,0.327,0.678,98.870
443.820,27.914,0.291,0.678,98.729
443.840,30.012,0.254,0.678,98.545
443.860,31.646,0.215,0.678,98.325
443.880,32.854,0.179,0.678,98.082
443.900,33.557,0.135,0.678,97.831
443.920,33.791,0.095,0.678,97.583
443.940,33.551,0.057,0.674,97.353
443.960,32.812,0.017,0.674,97.153
443.980,31.617,-0.018,0.674,96.994
444.000,29.965,-0.054,0.674,96.885
444.020,27.879,-0.087,0.674,96.833
444.040,25.371,-0.110,0.674,96.839
444.060,22.518,-0.139,0.674,96.900
444.080,19.336,-0.153,0.674,97.014
444.100,15.867,-0.177,0.674,97.172
444.120,12.164,-0.179,0.674,97.367
444.140,8.314,-0.191,0.677,97.584
444.160,4.342,-0.188,0.677,97.811
444.180,0.305,-0.187,0.677,98.034
444.200,-3.744,-0.180,0.677,98.240
444.220,-7.740,-0.166,0.677,98.417
444.240,-11.619,-0.152,0.677,98.553
444.260,-15.322,-0.127,0.677,98.642
444.280,-18.797,-0.104,0.677,98.677
444.300,-22.002,-0.075,0.677,98.657
444.320,-24.891,-0.045,0.677,98.581
444.340,-27.410,-0.005,0.677,98.456
444.360,-29.520,0.026,0.677,98.287
444.380,-31.219,0.070,0.677,98.084
444.400,-32.402,0.102,0.677,97.860
444.420,-33.164,0.149,0.677,97.626
444.440,-33.387,0.186,0.677,97.397
444.460,-33.205,0.227,0.677,97.187
444.480,-32.508,0.266,0.677,97.007
444.500,-31.330,0.302,0.677,96.869
444.520,-29.695,0.342,0.677,96.781
444.540,-27.604,0.370,0.677,96.748
444.560,-25.137,0.399,0.677,96.775
444.580,-22.271,0.424,0.677,96.858
444.600,-19.084,0.447,0.677,96.996
444.620,-15.627,0.464,0.677,97.179
444.640,-11.924,0.474,0.677,97.397
444.660,-8.039,0.481,0.677,97.638
444.680,-4.043,0.485,0.677,97.890
444.700,0.006,0.478,0.677,98.139
444.720,4.055,0.477,0.677,98.371
444.740,8.045,0.460,0.677,98.575
444.760,11.924,0.444,0.677,98.736
444.780,15.633,0.421,0.677,98.848
444.800,19.131,0.394,0.677,98.906
444.820,22.318,0.366,0.677,98.905
444.840,25.225,0.335,0.677,98.850
444.860,27.727,0.302,0.677,98.742
444.880,29.836,0.263,0.677,98.589
444.900,31.523,0.222,0.677,98.401
444.920,32.754,0.182,0.677,98.188
444.940,33.521,0.141,0.677,97.965
444.960,33.791,0.105,0.677,97.744
444.980,33.580,0.062,0.677,97.539
445.000,32.895,0.027,0.677,97.363
445.020,31.723,-0.012,0.677,97.226
445.040,30.117,-0.045,0.677,97.139
445.060,28.061,-0.080,0.677,97.105
445.080,25.594,-0.102,0.677,97.128
445.100,22.740,-0.132,0.677,97.205
445.120,19.594,-0.145,0.677,97.337
445.140,16.154,-0.167,0.677,97.509
445.160,12.469,-0.170,0.677,97.716
445.180,8.625,-0.185,0.677,97.944
445.200,4.646,-0.183,0.677,98.182
445.220,0.621,-0.181,0.677,98.415
445.240,-3.410,-0.173,0.677,98.629
445.260,-7.412,-0.160,0.677,98.811
445.280,-11.320,-0.146,0.677,98.952
445.300,-15.047,-0.125,0.677,99.045
445.320,-18.533,-0.104,0.677,99.082
445.340,-21.756,-0.072,0.677,99.062
445.360,-24.674,-0.042,0.677,98.985
445.380,-27.187,-0.000,0.677,98.854
445.400,-29.373,0.029,0.677,98.677
445.420,-31.102,0.071,0.677,98.465
445.440,-32.320,0.102,0.677,98.227
445.460,-33.100,0.148,0.677,97.979
445.480,-33.363,0.184,0.677,97.732
445.500,-33.246,0.230,0.677,97.500
445.520,-32.578,0.265,0.677,97.297
445.540,-31.447,0.298,0.677,97.134
445.560,-29.818,0.337,0.677,97.018
445.580,-27.762,0.365,0.677,96.956
445.600,-25.324,0.397,0.677,96.949
445.620,-22.518,0.421,0.677,96.999
445.640,-19.324,0.443,0.677,97.102
445.660,-15.902,0.458,0.677,97.251
445.680,-12.223,0.472,0.677,97.433
445.700,-8.361,0.481,0.677,97.639
445.720,-4.371,0.482,0.677,97.857
445.740,-0.328,0.477,0.677,98.073
445.760,3.727,0.474,0.677,98.273
445.780,7.723,0.459,0.677,98.445
445.800,11.602,0.446,0.677,98.578
445.820,15.352,0.420,0.677,98.665
445.840,18.838,0.397,0.677,98.697
445.860,22.066,0.367,0.677,98.674
445.880,25.014,0.334,0.677,98.595
445.900,27.545,0.299,0.677,98.466
445.920,29.689,0.264,0.677,98.292
445.940,31.406,0.224,0.677,98.083
445.960,32.678,0.185,0.677,97.850
445.980,33.469,0.142,0.677,97.606
446.000,33.779,0.104,0.677,97.365
446.020,33.621,0.060,0.677,97.141
446.040,32.965,0.025,0.677,96.947
446.060,31.840,-0.011,0.677,96.793
446.080,30.252,-0.047,0.677,96.687
446.100,28.242,-0.085,0.677,96.639
446.120,25.816,-0.105,0.677,96.651
446.140,22.998,-0.133,0.677,96.717
446.160,19.869,-0.147,0.677,96.840
446.180,16.447,-0.172,0.677,97.007
446.200,12.773,-0.179,0.677,97.216
446.220,8.941,-0.190,0.677,97.448
446.240,4.975,-0.188,0.677,97.695
446.260,0.943,-0.187,0.677,97.939
446.280,-3.111,-0.183,0.677,98.169
446.300,-7.119,-0.168,0.677,98.371
446.320,-11.016,-0.152,0.677,98.535
446.340,-14.748,-0.129,0.677,98.652
446.360,-18.270,-0.112,0.677,98.714
446.380,-21.533,-0.079,0.677,98.723
446.400,-24.475,-0.051,0.677,98.674
446.420,-27.047,-0.012,0.677,98.574
446.440,-29.238,0.021,0.677,98.428
446.460,-30.990,0.060,0.677,98.247
446.480,-32.297,0.099,0.677,98.040
446.500,-33.111,0.140,0.677,97.821
446.520,-33.393,0.176,0.677,97.605
446.540,-33.299,0.225,0.677,97.403
446.560,-32.684,0.257,0.677,97.230
446.580,-31.611,0.298,0.677,97.096
446.600,-30.023,0.331,0.677,97.011
446.620,-27.990,0.365,0.677,96.979
446.640,-25.564,0.395,0.677,97.005
446.660,-22.764,0.416,0.677,97.087
446.680,-19.646,0.444,0.677,97.223
446.700,-16.225,0.459,0.677,97.404
446.720,-12.568,0.470,0.677,97.622
446.740,-8.713,0.479,0.677,97.862
446.760,-4.711,0.482,0.677,98.114
446.780,-0.691,0.480,0.677,98.365
446.800,3.393,0.476,0.677,98.598
446.820,7.389,0.458,0.677,98.804
446.840,11.279,0.442,0.677,98.966
446.860,15.041,0.420,0.677,99.081
446.880,18.568,0.397,0.677,99.139
446.900,21.814,0.372,0.677,99.142
446.920,24.797,0.336,0.677,99.086
446.940,27.352,0.305,0.677,98.976
446.960,29.531,0.267,0.677,98.819
446.980,31.271,0.232,0.677,98.625
447.000,32.596,0.187,0.677,98.404
447.020,33.428,0.147,0.677,98.170
447.040,33.773,0.109,0.677,97.935
447.060,33.645,0.068,0.677,97.714
447.080,33.029,0.032,0.677,97.519
447.100,31.939,-0.006,0.677,97.363
447.120,30.387,-0.040,0.677,97.252
447.140,28.412,-0.077,0.677,97.195
447.160,26.016,-0.098,0.677,97.196
447.180,23.221,-0.129,0.677,97.250
447.200,20.121,-0.149,0.677,97.359
447.220,16.717,-0.166,0.677,97.512
447.240,13.072,-0.174,0.677,97.702
447.260,9.240,-0.187,0.677,97.915
447.280,5.291,-0.185,0.677,98.140
447.300,1.266,-0.186,0.677,98.364
447.320,-2.807,-0.176,0.677,98.571
447.340,-6.803,-0.165,0.677,98.750
447.360,-10.729,-0.150,0.677,98.888
447.380,-14.473,-0.127,0.677,98.979
447.400,-18.012,-0.110,0.677,99.016
447.420,-21.311,-0.075,0.677,98.998
447.440,-24.264,-0.050,0.677,98.923
447.460,-26.865,-0.009,0.677,98.796
447.480,-29.068,0.020,0.677,98.621
447.500,-30.879,0.061,0.677,98.411
447.520,-32.197,0.098,0.677,98.174
447.540,-33.070,0.141,0.677,97.924
447.560,-33.410,0.180,0.677,97.675
447.580,-33.334,0.224,0.677,97.440
447.600,-32.742,0.259,0.676,97.233
447.620,-31.699,0.299,0.676,97.064
447.640,-30.164,0.333,0.676,96.944
447.660,-28.172,0.365,0.676,96.876
447.680,-25.799,0.394,0.676,96.867
447.700,-23.010,0.422,0.676,96.913
447.720,-19.881,0.443,0.676,97.016
447.740,-16.506,0.462,0.676,97.163
447.760,-12.855,0.473,0.676,97.352
447.780,-9.012,0.485,0.676,97.566
447.800,-5.021,0.484,0.676,97.795
447.820,-0.990,0.487,0.678,98.023
447.840,3.064,0.476,0.678,98.239
447.860,7.078,0.469,0.678,98.429
447.880,10.975,0.447,0.678,98.584
447.900,14.754,0.428,0.678,98.692
447.920,18.299,0.400,0.678,98.746
447.940,21.568,0.376,0.678,98.745
447.960,24.574,0.344,0.678,98.687
447.980,27.152,0.309,0.678,98.579
448.000,29.379,0.272,0.678,98.424
448.020,31.154,0.235,0.678,98.234
448.040,32.514,0.193,0.678,98.017
448.060,33.381,0.154,0.678,97.788
448.080,33.756,0.112,0.678,97.559
448.100,33.674,0.071,0.678,97.344
448.120,33.094,0.037,0.678,97.156
448.140,32.057,-0.006,0.678,97.006
448.160,30.521,-0.038,0.678,96.905
448.180,28.594,-0.076,0.678,96.858
448.200,26.227,-0.100,0.678,96.871
448.220,23.467,-0.129,0.678,96.939
448.240,20.385,-0.144,0.678,97.063
448.260,17.021,-0.167,0.678,97.232
448.280,13.383,-0.177,0.678,97.443
448.300,9.562,-0.185,0.678,97.679
448.320,5.619,-0.187,0.678,97.927
448.340,1.600,-0.186,0.678,98.176
448.360,-2.455,-0.179,0.678,98.411
448.380,-6.480,-0.168,0.678,98.620
448.400,-10.406,-0.155,0.678,98.789
448.420,-14.180,-0.133,0.678,98.913
448.440,-17.713,-0.112,0.678,98.983
448.460,-21.029,-0.079,0.678,98.995
448.480,-24.000,-0.056,0.678,98.950
448.500,-26.660,-0.017,0.678,98.854
448.520,-28.904,0.019,0.678,98.708
448.540,-30.709,0.053,0.678,98.524
448.560,-32.074,0.092,0.678,98.312
448.580,-32.971,0.132,0.678,98.086
448.600,-33.363,0.174,0.678,97.859
448.620,-33.340,0.214,0.678,97.643
448.640,-32.789,0.248,0.678,97.453
448.660,-31.758,0.293,0.678,97.298
448.680,-30.240,0.322,0.678,97.193
448.700,-28.330,0.360,0.678,97.136
448.720,-25.975,0.387,0.678,97.137
448.740,-23.244,0.414,0.678,97.192
448.760,-20.133,0.435,0.678,97.302
448.780,-16.746,0.457,0.678,97.455
448.800,-13.160,0.464,0.678,97.650
448.820,-9.299,0.478,0.678,97.866
448.840,-5.344,0.478,0.678,98.097
448.860,-1.318,0.481,0.678,98.328
448.880,2.754,0.470,0.678,98.544
448.900,6.768,0.464,0.678,98.731
448.920,10.670,0.442,0.678,98.882
448.940,14.461,0.431,0.678,98.985
448.960,18.023,0.400,0.678,99.036
448.980,21.316,0.375,0.678,98.964
449.000,24.334,0.344,0.678,98.964
449.020,26.971,0.311,0.678,98.845
449.040,29.215,0.272,0.678,98.679
449.060,31.031,0.233,0.678,98.473
449.080,32.426,0.193,0.678,98.239
449.100,33.328,0.158,0.678,97.990
449.120,33.756,0.113,0.678,97.739
449.140,33.697,0.074,0.677,97.500
449.160,33.164,0.035,0.677,97.286
449.180,32.162,-0.006,0.677,97.108
449.200,30.662,-0.037,0.677,96.978
449.220,28.764,-0.078,0.677,96.900
449.240,26.443,-0.095,0.677,96.880
449.260,23.713,-0.128,0.677,96.915
449.280,20.648,-0.145,0.677,97.006
449.300,17.297,-0.165,0.677,97.143
449.320,13.670,-0.174,0.677,97.320
449.340,9.873,-0.184,0.677,97.523
449.360,5.918,-0.186,0.677,97.742
449.380,1.916,-0.188,0.677,97.962
449.400,-2.145,-0.184,0.677,98.170
449.420,-6.164,-0.171,0.677,98.353
449.440,-10.113,-0.156,0.677,98.500
449.460,-13.869,-0.136,0.677,98.601
449.480,-17.467,-0.111,0.677,98.652
449.500,-20.783,-0.084,0.677,98.646
449.520,-23.795,-0.058,0.677,98.585
449.540,-26.467,-0.017,0.677,98.473
449.560,-28.764,0.012,0.677,98.313
449.580,-30.639,0.054,0.677,98.115
449.600,-32.033,0.090,0.677,97.890
449.620,-32.959,0.136,0.677,97.650
449.640,-33.387,0.173,0.677,97.409
449.660,-33.381,0.215,0.677,97.181
449.680,-32.895,0.252,0.677,96.979
449.700,-31.934,0.290,0.677,96.814
449.720,-30.439,0.326,0.677,96.696
449.740,-28.541,0.363,0.677,96.631
449.760,-26.197,0.386,0.677,96.627
449.780,-23.508,0.422,0.677,96.678
449.800,-20.426,0.439,0.677,96.789
449.820,-17.062,0.461,0.677,96.944
449.840,-13.477,0.471,0.677,97.144
449.860,-9.639,0.481,0.677,97.370
449.880,-5.701,0.485,0.677,97.614
449.900,-1.664,0.486,0.677,97.859
449.920,2.414,0.476,0.677,98.094
449.940,6.439,0.468,0.677,98.304
449.960,10.365,0.450,0.677,98.477
449.980,14.156,0.434,0.677,98.607
450.000,17.748,0.409,0.677,98.684
450.020,21.059,0.379,0.677,98.707
450.040,24.105,0.349,0.677,98.670
450.060,26.766,0.313,0.677,98.582
450.080,29.045,0.279,0.677,98.445
450.100,30.902,0.242,0.677,98.270
450.120,32.332,0.199,0.677,98.066
450.140,33.270,0.160,0.677,97.846
450.160,33.750,0.120,0.677,97.624
450.180,33.727,0.081,0.677,97.413
450.200,33.223,0.043,0.677,97.227
450.220,32.250,0.004,0.677,97.076
450.240,30.809,-0.031,0.677,96.971
450.260,28.928,-0.065,0.677,96.925
450.280,26.643,-0.089,0.677,96.925
450.300,23.947,-0.120,0.677,96.985
450.320,20.895,-0.137,0.677,97.101
450.340,17.572,-0.160,0.677,97.263
450.360,13.969,-0.171,0.677,97.467
450.380,10.201,-0.180,0.677,97.696
450.400,6.270,-0.185,0.677,97.942
450.420,2.244,-0.184,0.677,98.187
450.440,-1.811,-0.179,0.677,98.421
450.460,-5.824,-0.168,0.677,98.628
450.480,-9.779,-0.153,0.677,98.797
450.500,-13.576,-0.134,0.677,98.919
450.520,-17.156,-0.113,0.677,98.988
450.540,-20.531,-0.080,0.677,99.002
450.560,-23.555,-0.057,0.677,98.955
450.580,-26.250,-0.018,0.677,98.856
450.600,-28.547,0.012,0.677,98.707
450.620,-30.486,0.050,0.677,98.517
450.640,-31.898,0.087,0.677,98.298
450.660,-32.877,0.130,0.677,98.061
450.680,-33.334,0.169,0.677,97.821
450.700,-33.375,0.212,0.677,97.590
450.720,-32.924,0.247,0.677,97.383
450.740,-31.980,0.287,0.677,97.210
450.760,-30.557,0.320,0.677,97.083
450.780,-28.676,0.358,0.677,97.005
450.800,-26.385,0.380,0.677,96.986
450.820,-23.707,0.418,0.677,97.017
450.840,-20.660,0.431,0.677,97.109
450.860,-17.350,0.453,0.677,97.244
450.880,-13.764,0.464,0.677,97.420
450.900,-9.955,0.478,0.677,97.622
450.920,-6.006,0.482,0.677,97.842
450.940,-1.969,0.481,0.677,98.064
450.960,2.080,0.473,0.677,98.275
450.980,6.123,0.466,0.677,98.461
451.000,10.043,0.447,0.677,98.613
451.020,13.857,0.432,0.677,98.718
451.040,17.467,0.403,0.677,98.772
451.060,20.807,0.380,0.677,98.770
451.080,23.877,0.348,0.677,98.712
451.100,26.566,0.314,0.677,98.600
451.120,28.875,0.278,0.677,98.441
451.140,30.768,0.241,0.677,98.241
451.160,32.227,0.201,0.677,98.013
451.180,33.199,0.158,0.677,97.768
451.200,33.715,0.118,0.677,97.520
451.220,33.744,0.077,0.675,97.282
451.240,33.281,0.041,0.675,97.069
451.260,32.338,0.001,0.675,96.891
451.280,30.949,-0.033,0.675,96.760
451.300,29.092,-0.071,0.675,96.681
451.320,26.842,-0.098,0.675,96.661
451.340,24.176,-0.127,0.675,96.698
451.360,21.164,-0.145,0.675,96.794
451.380,17.859,-0.166,0.675,96.936
451.400,14.279,-0.178,0.675,97.123
451.420,10.506,-0.187,0.675,97.339
451.440,6.592,-0.190,0.677,97.574
451.460,2.572,-0.187,0.677,97.811
451.480,-1.477,-0.183,0.677,98.041
451.500,-5.502,-0.174,0.677,98.246
451.520,-9.480,-0.159,0.677,98.421
451.540,-13.266,-0.141,0.677,98.550
451.560,-16.875,-0.116,0.677,98.630
451.580,-20.232,-0.092,0.677,98.654
451.600,-23.338,-0.061,0.677,98.623
451.620,-26.045,-0.024,0.677,98.538
451.640,-28.395,0.004,0.677,98.405
451.660,-30.340,0.047,0.677,98.232
451.680,-31.811,0.082,0.677,98.031
451.700,-32.836,0.128,0.677,97.813
451.720,-33.334,0.164,0.677,97.591
451.740,-33.387,0.207,0.677,97.380
451.760,-32.971,0.240,0.677,97.193
451.780,-32.068,0.282,0.677,97.040
451.800,-30.703,0.316,0.677,96.935
451.820,-28.840,0.353,0.677,96.879
451.840,-26.578,0.378,0.677,96.883
451.860,-23.953,0.414,0.677,96.942
451.880,-20.924,0.429,0.677,97.060
451.900,-17.619,0.457,0.677,97.223
451.920,-14.062,0.460,0.677,97.432
451.940,-10.266,0.478,0.677,97.664
451.960,-6.346,0.477,0.677,97.919
451.980,-2.297,0.484,0.677,98.175
452.000,1.746,0.473,0.677,98.423
452.020,5.789,0.467,0.677,98.645
452.040,9.732,0.448,0.677,98.832
452.060,13.553,0.435,0.677,98.972
452.080,17.174,0.406,0.677,99.061
452.100,20.537,0.384,0.677,99.093
452.120,23.631,0.352,0.677,99.067
452.140,26.350,0.321,0.677,98.986
452.160,28.699,0.285,0.677,98.855
452.180,30.633,0.245,0.677,98.681
452.200,32.127,0.208,0.677,98.476
452.220,33.141,0.163,0.677,98.252
452.240,33.691,0.128,0.677,98.022
452.260,33.756,0.086,0.677,97.800
452.280,33.346,0.048,0.677,97.599
452.300,32.432,0.008,0.677,97.432
452.320,31.084,-0.025,0.677,97.309
452.340,29.256,-0.063,0.677,97.234
452.360,27.029,-0.087,0.677,97.219
452.380,24.387,-0.117,0.677,97.256
452.400,21.398,-0.139,0.677,97.350
452.420,18.123,-0.160,0.677,97.490
452.440,14.543,-0.169,0.677,97.671
452.460,10.805,-0.184,0.677,97.879
452.480,6.902,-0.185,0.677,98.107
452.500,2.895,-0.184,0.677,98.333
452.520,-1.160,-0.182,0.677,98.551
452.540,-5.191,-0.169,0.677,98.744
452.560,-9.176,-0.158,0.677,98.901
452.580,-12.990,-0.137,0.677,99.015
452.600,-16.623,-0.113,0.677,99.075
452.620,-20.004,-0.089,0.677,99.078
452.640,-23.127,-0.058,0.677,99.025
452.660,-25.846,-0.025,0.677,98.917
452.680,-28.242,0.008,0.677,98.759
452.700,-30.211,0.048,0.677,98.560
452.720,-31.723,0.084,0.677,98.330
452.740,-32.783,0.125,0.677,98.082
452.760,-33.311,0.165,0.677,97.828
452.780,-33.451,0.205,0.677,97.583
452.800,-33.053,0.247,0.677,97.359
452.820,-32.168,0.282,0.676,97.170
452.840,-30.838,0.322,0.676,97.025
452.860,-29.010,0.355,0.676,96.931
452.880,-26.801,0.379,0.676,96.894
452.900,-24.182,0.412,0.676,96.911
452.920,-21.182,0.433,0.676,96.988
452.940,-17.895,0.456,0.676,97.282
452.960,-14.344,0.468,0.676,97.282
452.980,-10.600,0.483,0.676,97.481
453.000,-6.645,0.488,0.678,97.703
453.020,-2.619,0.486,0.678,97.930
453.040,1.430,0.481,0.678,98.148
453.060,5.473,0.472,0.678,98.345
453.080,9.416,0.456,0.678,98.509
453.100,13.266,0.435,0.678,98.631
453.120,16.898,0.412,0.678,98.701
453.140,20.285,0.385,0.678,98.718
453.160,23.408,0.355,0.678,98.679
453.180,26.156,0.321,0.678,98.587
453.200,28.535,0.286,0.678,98.446
453.220,30.498,0.245,0.678,98.265
453.240,32.016,0.210,0.678,98.054
453.260,33.082,0.167,0.678,97.825
453.280,33.662,0.128,0.678,97.591
453.300,33.773,0.083,0.678,97.366
453.320,33.398,0.047,0.678,97.164
453.340,32.514,0.011,0.678,96.996
453.360,31.207,-0.028,0.678,96.874
453.380,29.402,-0.062,0.678,96.803
453.400,27.240,-0.091,0.678,96.793
453.420,24.615,-0.118,0.678,96.838
453.440,21.668,-0.137,0.678,96.941
453.460,18.422,-0.162,0.678,97.092
453.480,14.859,-0.175,0.678,97.290
453.500,11.121,-0.183,0.678,97.521
453.520,7.219,-0.186,0.678,97.769
453.540,3.217,-0.187,0.678,98.022
453.560,-0.820,-0.183,0.678,98.267
453.580,-4.857,-0.175,0.678,98.491
453.600,-8.824,-0.164,0.678,98.683
453.620,-12.680,-0.144,0.678,98.831
453.640,-16.312,-0.122,0.678,98.929
453.660,-19.717,-0.094,0.678,98.971
453.680,-22.840,-0.065,0.678,98.955
453.700,-25.611,-0.033,0.678,98.884
453.720,-28.037,0.004,0.678,98.764
453.740,-30.047,0.039,0.678,98.601
453.760,-31.600,0.076,0.678,98.406
453.780,-32.666,0.116,0.678,98.191
453.800,-33.252,0.154,0.678,97.970
453.820,-33.410,0.198,0.678,97.755
453.840,-33.070,0.235,0.678,97.561
453.860,-32.250,0.270,0.678,97.399
453.880,-30.932,0.309,0.678,97.280
453.900,-29.145,0.346,0.678,97.211
453.920,-26.965,0.373,0.678,97.199
453.940,-24.381,0.406,0.678,97.241
453.960,-21.434,0.426,0.678,97.340
453.980,-18.164,0.450,0.678,97.485
454.000,-14.631,0.460,0.678,97.674
454.020,-10.875,0.477,0.678,97.890
454.040,-6.955,0.481,0.678,98.127
454.060,-2.947,0.486,0.678,98.367
454.080,1.113,0.477,0.678,98.601
454.100,5.162,0.468,0.678,98.809
454.120,9.105,0.455,0.678,98.984
454.140,12.943,0.434,0.678,99.114
454.160,16.605,0.414,0.678,99.192
454.180,20.021,0.387,0.678,99.213
454.200,23.156,0.355,0.678,99.176
454.220,25.951,0.324,0.678,99.084
454.240,28.348,0.285,0.678,98.940
454.260,30.352,0.249,0.678,98.753
454.280,31.916,0.215,0.678,98.532
454.300,33.023,0.167,0.678,98.291
454.320,33.639,0.130,0.678,98.043
454.340,33.779,0.088,0.678,97.801
454.360,33.445,0.052,0.678,97.578
454.380,32.602,0.012,0.678,97.386
454.400,31.336,-0.023,0.678,97.238
454.420,29.561,-0.061,0.678,97.138
454.440,27.434,-0.090,0.678,97.098
454.460,24.850,-0.112,0.678,97.110
454.480,21.902,-0.145,0.678,97.180
454.500,18.674,-0.158,0.678,97.298
454.520,15.146,-0.171,0.678,97.460
454.540,11.432,-0.179,0.678,97.650
454.560,7.529,-0.188,0.678,97.862
454.580,3.539,-0.187,0.678,98.079
454.600,-0.516,-0.187,0.678,98.290
454.620,-4.559,-0.173,0.678,98.480
454.640,-8.531,-0.164,0.678,98.639
454.660,-12.393,-0.142,0.678,98.755
454.680,-16.055,-0.120,0.678,98.821
454.700,-19.500,-0.096,0.678,98.833
454.720,-22.664,-0.067,0.678,98.790
454.740,-25.441,-0.033,0.678,98.691
454.760,-27.891,0.006,0.678,98.543
454.780,-29.912,0.037,0.678,98.353
454.800,-31.535,0.078,0.678,98.131
454.820,-32.666,0.116,0.678,97.889
454.840,-33.270,0.158,0.678,97.640
454.860,-33.434,0.200,0.678,97.399
454.880,-33.129,0.235,0.678,97.179
454.900,-32.379,0.276,0.678,96.990
454.920,-31.096,0.315,0.678,96.846
454.940,-29.344,0.348,0.678,96.753
454.960,-27.176,0.377,0.678,96.717
454.980,-24.633,0.406,0.678,96.739
455.000,-21.709,0.428,0.678,96.818
455.020,-18.469,0.456,0.678,96.947
455.040,-14.965,0.465,0.678,97.126
455.060,-11.215,0.485,0.678,97.334
455.080,-7.295,0.478,0.678,97.568
455.100,-3.281,0.492,0.682,97.806
455.120,0.762,0.478,0.682,98.042
455.140,4.816,0.471,0.682,98.257
455.160,8.789,0.457,0.682,98.440
455.180,12.656,0.439,0.682,98.582
455.200,16.324,0.417,0.682,98.675
455.220,19.740,0.391,0.682,98.714
455.240,22.910,0.362,0.682,98.697
455.260,25.740,0.331,0.682,98.625
455.280,28.178,0.292,0.682,98.504
455.300,30.217,0.261,0.682,98.340
455.320,31.805,0.215,0.682,98.143
455.340,32.941,0.180,0.682,97.926
455.360,33.609,0.137,0.682,97.701
455.380,33.797,0.096,0.682,97.482
455.400,33.486,0.056,0.682,97.283
455.420,32.684,0.020,0.682,97.116
455.440,31.447,-0.018,0.682,96.992
455.460,29.736,-0.050,0.682,96.916
455.480,27.621,-0.085,0.682,96.898
455.500,25.078,-0.104,0.682,96.937
455.520,22.166,-0.136,0.682,97.031
455.540,18.943,-0.147,0.682,97.177
455.560,15.445,-0.170,0.682,97.366
455.580,11.730,-0.179,0.682,97.590
455.600,7.852,-0.186,0.682,97.833
455.620,3.873,-0.184,0.682,98.083
455.640,-0.182,-0.185,0.682,98.325
455.660,-4.225,-0.170,0.682,98.548
455.680,-8.215,-0.164,0.682,98.734
455.700,-12.076,-0.142,0.682,98.881
455.720,-15.732,-0.124,0.682,98.975
455.740,-19.207,-0.097,0.682,99.014
455.760,-22.377,-0.070,0.682,98.995
455.780,-25.207,-0.038,0.682,98.921
455.800,-27.674,-0.000,0.682,98.794
455.820,-29.754,0.034,0.682,98.623
455.840,-31.400,0.068,0.682,98.418
455.860,-32.543,0.113,0.682,98.190
455.880,-33.217,0.150,0.682,97.953
455.900,-33.434,0.190,0.682,97.721
455.920,-33.152,0.232,0.682,97.505
455.940,-32.420,0.270,0.682,97.321
455.960,-31.189,0.306,0.682,97.177
455.980,-29.490,0.341,0.682,97.082
456.000,-27.357,0.373,0.682,97.056
456.020,-24.832,0.402,0.682,97.056
456.040,-21.949,0.426,0.682,97.127
456.060,-18.715,0.445,0.682,97.248
456.080,-15.217,0.463,0.682,97.411
456.100,-11.520,0.471,0.682,97.606
456.120,-7.605,0.481,0.682,97.820
456.140,-3.598,0.485,0.682,98.044
456.160,0.451,0.478,0.682,98.264
456.180,4.506,0.470,0.682,98.463
456.200,8.484,0.458,0.682,98.630
456.220,12.352,0.436,0.682,98.756
456.240,16.049,0.422,0.682,98.830
456.260,19.482,0.387,0.682,98.851
456.280,22.658,0.365,0.682,98.814
456.300,25.535,0.327,0.682,98.722
456.320,27.984,0.295,0.682,98.578
456.340,30.041,0.255,0.682,98.391
456.360,31.687,0.214,0.682,98.170
456.380,32.871,0.175,0.682,97.928
456.400,33.568,0.133,0.682,97.676
456.420,33.791,0.092,0.682,97.429
456.440,33.533,0.052,0.680,97.200
456.460,32.783,0.018,0.680,97.002
456.480,31.570,-0.020,0.680,96.847
456.500,29.900,-0.053,0.680,96.740
456.520,27.797,-0.091,0.680,96.691
456.540,25.277,-0.109,0.680,96.700
456.560,22.424,-0.141,0.680,96.765
456.580,19.219,-0.154,0.680,97.047
456.600,15.750,-0.177,0.680,97.047
456.620,12.041,-0.179,0.680,97.248
456.640,8.174,-0.189,0.681,97.470
456.660,4.207,-0.187,0.681,97.702
456.680,0.158,-0.186,0.681,97.928
456.700,-3.879,-0.177,0.681,98.318
456.720,-7.893,-0.168,0.681,98.318
456.740,-11.771,-0.150,0.681,98.460
456.760,-15.439,-0.128,0.681,98.553
456.780,-18.926,-0.100,0.681,98.592
456.800,-22.125,-0.071,0.681,98.575
456.820,-25.008,-0.042,0.681,98.503
456.840,-27.498,-0.003,0.681,98.382
456.860,-29.607,0.028,0.681,98.217
456.880,-31.283,0.073,0.681,98.019
456.900,-32.467,0.107,0.681,97.799
456.920,-33.187,0.151,0.681,97.570
456.940,-33.439,0.190,0.681,97.346
456.960,-33.217,0.233,0.681,97.141
456.980,-32.490,0.265,0.681,96.968
457.000,-31.312,0.302,0.681,96.836
457.020,-29.654,0.339,0.681,96.754
457.040,-27.551,0.369,0.681,96.727
457.060,-25.066,0.400,0.681,96.850
457.080,-22.201,0.427,0.681,96.850
457.100,-18.990,0.445,0.681,96.992
457.120,-15.533,0.466,0.681,97.178
457.140,-11.836,0.472,0.681,97.402
457.160,-7.939,0.481,0.681,97.646
457.180,-3.949,0.484,0.681,97.902
457.200,0.105,0.482,0.681,98.152
457.220,4.172,0.473,0.681,98.387
457.240,8.145,0.462,0.681,98.589
457.260,12.018,0.442,0.681,98.751
457.280,15.738,0.423,0.681,98.862
457.300,19.213,0.392,0.681,98.920
457.320,22.412,0.369,0.681,98.918
457.340,25.318,0.331,0.681,98.861
457.360,27.803,0.299,0.681,98.751
457.380,29.906,0.260,0.681,98.597
457.400,31.576,0.223,0.681,98.407
457.420,32.789,0.185,0.681,98.193
457.440,33.527,0.142,0.681,97.969
457.460,33.779,0.103,0.681,97.747
457.480,33.568,0.065,0.681,97.542
457.500,32.859,0.023,0.681,97.366
457.520,31.676,-0.012,0.681,97.231
457.540,30.047,-0.048,0.681,97.143
457.560,27.990,-0.079,0.681,97.110
457.580,25.494,-0.102,0.681,97.132
457.600,22.646,-0.133,0.681,97.211
457.620,19.482,-0.147,0.681,97.341
457.640,16.037,-0.168,0.681,97.516
457.660,12.316,-0.174,0.681,97.721
457.680,8.484,-0.187,0.681,97.951
457.700,4.512,-0.187,0.681,98.188
457.720,0.463,-0.187,0.681,98.419
457.740,-3.568,-0.174,0.681,98.633
457.760,-7.582,-0.162,0.681,98.813
457.780,-11.473,-0.144,0.681,98.953
457.800,-15.176,-0.125,0.681,99.042
457.820,-18.680,-0.100,0.681,99.077
457.840,-21.891,-0.068,0.681,99.055
457.860,-24.797,-0.037,0.681,98.975
457.880,-27.328,-0.000,0.681,98.844
457.900,-29.484,0.029,0.681,98.666
457.920,-31.189,0.071,0.681,98.454
457.940,-32.402,0.105,0.681,98.217
457.960,-33.170,0.153,0.681,97.969
457.980,-33.434,0.184,0.681,97.724
458.000,-33.252,0.233,0.681,97.495
458.020,-32.590,0.262,0.681,97.295
458.040,-31.424,0.307,0.681,97.133
458.060,-29.795,0.341,0.681,97.022
458.080,-27.709,0.376,0.681,96.963
458.100,-25.283,0.400,0.681,96.965
458.120,-22.436,0.430,0.681,97.018
458.140,-19.230,0.443,0.681,97.129
458.160,-15.803,0.468,0.681,97.280
458.180,-12.111,0.473,0.681,97.472
458.200,-8.256,0.485,0.681,97.683
458.220,-4.260,0.486,0.681,97.909
458.240,-0.211,0.479,0.681,98.129
458.260,3.850,0.473,0.681,98.334
458.280,7.846,0.464,0.681,98.509
458.300,11.719,0.444,0.681,98.647
458.320,15.457,0.423,0.681,98.737
458.340,18.949,0.394,0.681,98.774
458.360,22.172,0.367,0.681,98.754
458.380,25.096,0.333,0.681,98.678
458.400,27.615,0.302,0.681,98.552
458.420,29.760,0.261,0.681,98.383
458.440,31.447,0.227,0.681,98.178
458.460,32.719,0.185,0.681,97.951
458.480,33.492,0.141,0.681,97.712
458.500,33.791,0.104,0.681,97.478
458.520,33.604,0.062,0.681,97.260
458.540,32.930,0.025,0.681,97.072
458.560,31.793,-0.012,0.681,96.925
458.580,30.187,-0.050,0.681,96.828
458.600,28.172,-0.079,0.681,96.787
458.620,0.000,-0.136,0.681,96.804
458.640,0.000,-0.150,0.681,96.969
458.660,0.000,-0.174,0.681,97.164
458.680,0.000,-0.177,0.681,97.390
458.700,0.000,-0.188,0.681,97.632
458.720,0.000,-0.187,0.681,97.890
458.740,0.000,-0.189,0.681,98.146
458.760,0.000,-0.178,0.681,98.397
458.780,0.000,-0.171,0.681,98.629
458.800,0.000,-0.147,0.681,98.838
458.820,0.000,-0.130,0.681,99.014
458.840,0.000,-0.104,0.681,99.154
458.860,0.000,-0.078,0.681,99.257
458.880,0.000,-0.046,0.681,99.322
458.900,0.000,-0.010,0.681,99.353
458.920,0.000,0.022,0.681,99.354
458.940,0.000,0.063,0.681,99.333
458.960,0.000,0.101,0.681,99.297
458.980,0.000,0.141,0.681,99.259
459.000,0.000,0.180,0.681,99.227
459.020,0.000,0.223,0.681,99.214
459.040,0.000,0.257,0.681,99.229
459.060,0.000,0.296,0.681,99.282
459.080,0.000,0.329,0.681,99.381
459.100,0.000,0.362,0.681,99.535
459.120,0.000,0.388,0.681,99.742
459.140,0.000,0.415,0.681,100.009
459.160,0.000,0.436,0.681,100.331
459.180,0.000,0.454,0.681,100.710
459.200,0.000,0.462,0.681,101.133
459.220,0.000,0.472,0.681,101.596
459.240,0.000,0.472,0.681,102.088
459.260,0.000,0.472,0.681,102.602
459.280,0.000,0.460,0.681,103.126
459.300,0.000,0.451,0.681,103.650
459.320,0.000,0.435,0.681,104.166
459.340,0.000,0.416,0.681,104.666
459.360,0.000,0.383,0.681,105.143
459.380,0.000,0.360,0.681,105.593
459.400,0.000,0.327,0.681,106.018
459.420,0.000,0.297,0.681,106.416
459.440,0.000,0.255,0.681,106.796
459.460,0.000,0.224,0.681,107.156
459.480,0.000,0.180,0.681,107.510
459.500,0.000,0.144,0.681,107.863
459.520,0.000,0.104,0.681,108.226
459.540,0.000,0.070,0.681,108.609
459.560,0.000,0.028,0.681,109.020
459.580,0.000,-0.004,0.681,109.471
459.600,0.000,-0.038,0.681,109.968
459.620,0.000,-0.069,0.681,110.518
459.640,0.000,-0.096,0.681,111.126
459.660,0.000,-0.118,0.681,111.796
459.680,0.000,-0.138,0.681,112.523
459.700,0.000,-0.150,0.681,113.309
459.720,0.000,-0.163,0.681,114.142
459.740,0.000,-0.169,0.681,115.021
459.760,0.000,-0.167,0.681,115.934
459.780,0.000,-0.168,0.681,116.870
459.800,0.000,-0.163,0.681,117.821
459.820,0.000,-0.150,0.681,118.777
459.840,0.000,-0.135,0.681,119.723
459.860,0.000,-0.114,0.681,120.655
459.880,0.000,-0.090,0.681,121.559
459.900,0.000,-0.062,0.681,122.437
459.920,0.000,-0.037,0.681,123.280
459.940,0.000,-0.000,0.681,124.091
459.960,0.000,0.033,0.681,124.869
459.980,0.000,0.070,0.681,125.619
460.000,0.000,0.107,0.681,126.345
460.020,0.000,0.145,0.681,127.055
460.040,0.000,0.183,0.681,127.758
460.060,0.000,0.219,0.681,128.463
460.080,0.000,0.256,0.681,129.181
460.100,0.000,0.289,0.675,129.923
460.120,0.000,0.325,0.675,130.698
460.140,0.000,0.353,0.675,131.517
460.160,0.000,0.382,0.675,132.384
460.180,0.000,0.403,0.675,133.311
460.200,0.000,0.427,0.675,134.295
460.220,0.000,0.438,0.675,135.343
460.240,0.000,0.449,0.675,136.447
460.260,0.000,0.459,0.675,137.609
460.280,0.000,0.459,0.675,138.820
460.300,0.000,0.458,0.675,140.073
460.320,0.000,0.445,0.675,141.356
460.340,0.000,0.440,0.675,142.657
460.360,0.000,0.420,0.675,143.971
460.380,0.000,0.403,0.675,145.283
460.400,0.000,0.377,0.675,146.584
460.420,0.000,0.356,0.675,147.861
460.440,0.000,0.322,0.675,149.109
460.460,0.000,0.294,0.675,150.315
460.480,0.000,0.255,0.675,151.477
460.500,0.000,0.223,0.675,152.585
460.520,0.000,0.183,0.675,153.636
460.540,0.000,0.149,0.675,154.626
460.560,0.000,0.110,0.675,155.555
460.580,0.000,0.074,0.675,156.425
460.600,0.000,0.040,0.675,157.237
460.620,0.000,0.007,0.675,158.001
460.640,0.000,-0.024,0.675,158.726
460.660,0.000,-0.058,0.675,159.430
460.680,0.000,-0.079,0.675,0.000
460.700,0.000,-0.104,0.675,0.000
460.720,0.000,-0.122,0.675,0.000
460.740,0.000,-0.137,0.675,0.000
460.760,0.000,-0.145,0.675,0.000
460.780,0.000,-0.156,0.675,0.000
460.800,0.000,-0.158,0.675,0.000
460.820,0.000,-0.157,0.675,0.000
460.840,0.000,-0.145,0.675,0.000
460.860,0.000,-0.137,0.675,0.000
460.880,0.000,-0.126,0.675,0.000
460.900,0.000,-0.103,0.675,0.000
460.920,0.000,-0.087,0.675,0.000
460.940,0.000,-0.058,0.675,0.000
460.960,0.000,-0.030,0.675,0.000
460.980,0.000,0.003,0.675,0.000
461.000,0.000,0.029,0.675,0.000
461.020,0.000,0.067,0.675,0.000
461.040,0.000,0.103,0.675,0.000
461.060,0.000,0.138,0.675,0.000
461.080,0.000,0.173,0.675,0.000
461.100,0.000,0.207,0.675,0.000
461.120,0.000,0.244,0.675,0.000
461.140,0.000,0.276,0.675,0.000
461.160,0.000,0.308,0.675,168.017
461.180,0.000,0.335,0.675,0.000
461.200,0.000,0.365,0.675,0.000
461.220,0.000,0.383,0.675,0.000
461.240,0.000,0.405,0.675,0.000
461.260,0.000,0.416,0.675,0.000
461.280,0.000,0.435,0.675,0.000
461.300,0.000,0.440,0.675,0.000
461.320,0.000,0.443,0.675,0.000
461.340,0.000,0.439,0.675,0.000
461.360,0.000,0.437,0.675,0.000
461.380,0.000,0.421,0.675,0.000
461.400,0.000,0.405,0.675,0.000
461.420,0.000,0.387,0.675,0.000
461.440,0.000,0.365,0.675,0.000
461.460,0.000,0.336,0.675,0.000
461.480,0.000,0.313,0.675,0.000
461.500,0.000,0.282,0.675,0.000
461.520,0.000,0.250,0.675,0.000
461.540,0.000,0.215,0.675,0.000
461.560,0.000,0.185,0.675,0.000
461.580,0.000,0.146,0.675,0.000
461.600,0.000,0.115,0.675,0.000
461.620,0.000,0.077,0.675,0.000
461.640,0.000,0.042,0.675,0.000
461.660,0.000,0.011,0.675,0.000
461.680,0.000,-0.017,0.675,0.000
461.700,0.000,-0.042,0.675,0.000
461.720,0.000,-0.074,0.675,0.000
461.740,0.000,-0.090,0.675,0.000
461.760,0.000,-0.113,0.675,0.000
461.780,0.000,-0.120,0.675,0.000
461.800,0.000,-0.137,0.675,0.000
461.820,0.000,-0.137,0.675,0.000
461.840,0.000,-0.146,0.675,0.000
461.860,0.000,-0.137,0.675,0.000
461.880,0.000,-0.136,0.675,0.000
461.900,0.000,-0.120,0.675,0.000
461.920,0.000,-0.116,0.675,0.000
461.940,0.000,-0.092,0.675,0.000
461.960,0.000,-0.074,0.675,0.000
461.980,0.000,-0.047,0.675,0.000
462.000,0.000,-0.023,0.675,0.000
462.020,0.000,0.008,0.675,0.000
462.040,0.000,0.037,0.675,0.000
462.060,0.000,0.070,0.675,0.000
462.080,0.000,0.105,0.675,0.000
462.100,0.000,0.137,0.675,0.000
462.120,0.000,0.171,0.675,0.000
462.140,0.000,0.203,0.675,0.000
462.160,0.000,0.242,0.675,0.000
462.180,0.000,0.272,0.675,0.000
462.200,0.000,0.304,0.675,0.000
462.220,0.000,0.328,0.675,0.000
462.240,0.000,0.352,0.675,0.000
462.260,0.000,0.374,0.675,0.000
462.280,0.000,0.395,0.675,0.000
462.300,0.000,0.411,0.675,0.000
462.320,0.000,0.418,0.675,0.000
462.340,0.000,0.432,0.675,0.000
462.360,0.000,0.430,0.675,0.000
462.380,0.000,0.429,0.675,0.000
462.400,0.000,0.420,0.675,0.000
462.420,0.000,0.414,0.675,0.000
462.440,0.000,0.397,0.675,0.000
462.460,0.000,0.382,0.675,0.000
462.480,0.000,0.360,0.675,0.000
462.500,0.000,0.340,0.675,0.000
462.520,0.000,0.309,0.675,0.000
462.540,0.000,0.286,0.675,0.000
462.560,0.000,0.252,0.675,0.000
462.580,0.000,0.219,0.675,0.000
462.600,0.000,0.186,0.675,0.000
462.620,0.000,0.154,0.675,0.000
462.640,0.000,0.120,0.675,0.000
462.660,0.000,0.087,0.675,0.000
462.680,0.000,0.054,0.675,0.000
462.700,0.000,0.021,0.675,0.000
462.720,0.000,-0.003,0.675,0.000
462.740,0.000,-0.030,0.675,0.000
462.760,0.000,-0.055,0.675,0.000
462.780,0.000,-0.078,0.675,0.000
462.800,0.000,-0.091,0.675,0.000
462.820,0.000,-0.104,0.675,0.000
462.840,0.000,-0.116,0.675,0.000
462.860,0.000,-0.129,0.675,0.000
462.880,0.000,-0.126,0.675,0.000
462.900,0.000,-0.129,0.675,0.000
462.920,0.000,-0.118,0.675,0.000
462.940,0.000,-0.112,0.675,0.000
462.960,0.000,-0.099,0.675,0.000
462.980,0.000,-0.083,0.675,0.000
463.000,0.000,-0.062,0.675,0.000
463.020,0.000,-0.038,0.675,0.000
463.040,0.000,-0.014,0.675,0.000
463.060,0.000,0.011,0.675,0.000
463.080,0.000,0.041,0.675,0.000
463.100,0.000,0.069,0.675,0.000
463.120,0.000,0.099,0.675,0.000
463.140,0.000,0.133,0.675,0.000
463.160,0.000,0.165,0.675,0.000
463.180,0.000,0.197,0.675,0.000
463.200,0.000,0.228,0.675,0.000
463.220,0.000,0.258,0.668,0.000
463.240,0.000,0.286,0.662,0.000
463.260,0.000,0.315,0.661,0.000
463.280,0.000,0.337,0.661,0.000
463.300,0.000,0.364,0.661,0.000
463.320,0.000,0.378,0.661,0.000
463.340,0.000,0.388,0.661,0.000
463.360,0.000,0.403,0.661,0.000
463.380,0.000,0.406,0.661,0.000
463.400,0.000,0.406,0.661,0.000
463.420,0.000,0.405,0.661,0.000
463.440,0.000,0.403,0.661,0.000
463.460,0.000,0.397,0.661,0.000
463.480,0.000,0.384,0.661,0.000
463.500,0.000,0.365,0.661,0.000
463.520,0.000,0.346,0.661,0.000
463.540,0.000,0.323,0.661,0.000
463.560,0.000,0.299,0.661,0.000
463.580,0.000,0.273,0.661,0.000
463.600,0.000,0.244,0.661,0.000
463.620,0.000,0.215,0.661,0.000
463.640,0.000,0.182,0.661,0.000
463.660,0.000,0.149,0.661,0.000
463.680,0.000,0.120,0.661,0.000
463.700,0.000,0.086,0.661,0.000
463.720,0.000,0.054,0.661,0.000
463.740,0.000,0.025,0.650,0.000
463.760,0.000,0.003,0.644,0.000
463.780,0.000,-0.024,0.641,0.000
463.800,0.000,-0.048,0.641,0.000
463.820,0.000,-0.068,0.641,0.000
463.840,0.000,-0.080,0.641,0.000
463.860,0.000,-0.098,0.641,0.000
463.880,0.000,-0.108,0.641,0.000
463.900,0.000,-0.118,0.641,0.000
463.920,0.000,-0.118,0.641,0.000
463.940,0.000,-0.119,0.641,0.000
463.960,0.000,-0.113,0.641,0.000
463.980,0.000,-0.102,0.641,0.000
464.000,0.000,-0.089,0.641,0.000
464.020,0.000,-0.073,0.641,0.000
464.040,0.000,-0.057,0.641,0.000
464.060,0.000,-0.035,0.641,0.000
464.080,0.000,-0.012,0.641,0.000
464.100,0.000,0.017,0.641,0.000
464.120,0.000,0.041,0.641,0.000
464.140,0.000,0.071,0.641,0.000
464.160,0.000,0.098,0.641,0.000
464.180,0.000,0.132,0.641,0.000
464.200,0.000,0.162,0.641,0.000
464.220,0.000,0.194,0.641,0.000
464.240,0.000,0.224,0.641,0.000
464.260,0.000,0.250,0.628,0.000
464.280,0.000,0.284,0.628,0.000
464.300,0.000,0.307,0.628,0.000
464.320,0.000,0.329,0.628,0.000
464.340,0.000,0.349,0.628,0.000
464.360,0.000,0.369,0.628,0.000
464.380,0.000,0.377,0.628,0.000
464.400,0.000,0.393,0.628,0.000
464.420,0.000,0.394,0.628,0.000
464.440,0.000,0.398,0.628,0.000
464.460,0.000,0.397,0.628,0.000
464.480,0.000,0.395,0.628,0.000
464.500,0.000,0.385,0.628,0.000
464.520,0.000,0.373,0.628,0.000
464.540,0.000,0.360,0.628,0.000
464.560,0.000,0.341,0.628,0.000
464.580,0.000,0.323,0.628,0.000
464.600,0.000,0.296,0.628,0.000
464.620,0.000,0.273,0.628,0.000
464.640,0.000,0.244,0.628,0.000
464.660,0.000,0.215,0.628,0.000
464.680,0.000,0.186,0.628,0.000
464.700,0.000,0.160,0.628,0.000
464.720,0.000,0.127,0.628,0.000
464.740,0.000,0.098,0.627,0.000
464.760,0.000,0.066,0.627,0.000
464.780,0.000,0.043,0.622,0.000
464.800,0.000,0.013,0.616,0.000
464.820,0.000,-0.010,0.616,0.000
464.840,0.000,-0.031,0.616,0.000
464.860,0.000,-0.054,0.616,0.000
464.880,0.000,-0.068,0.616,0.000
464.900,0.000,-0.079,0.616,0.000
464.920,0.000,-0.094,0.616,0.000
464.940,0.000,-0.099,0.616,0.000
464.960,0.000,-0.100,0.616,0.000
464.980,0.000,-0.100,0.616,0.000
465.000,0.000,-0.096,0.616,0.000
465.020,0.000,-0.087,0.616,0.000
465.040,0.000,-0.076,0.616,0.000
465.060,0.000,-0.062,0.616,0.000
465.080,0.000,-0.046,0.616,0.000
465.100,0.000,-0.023,0.616,0.000
465.120,0.000,-0.003,0.616,0.000
465.140,0.000,0.021,0.616,0.000
465.160,0.000,0.048,0.616,0.000
465.180,0.000,0.074,0.616,0.000
465.200,0.000,0.103,0.616,0.000
465.220,0.000,0.132,0.616,0.000
465.240,0.000,0.160,0.616,0.000
465.260,0.000,0.190,0.616,0.000
465.280,0.000,0.219,0.616,0.000
465.300,0.000,0.244,0.603,0.000
465.320,0.000,0.277,0.600,0.000
465.340,0.000,0.294,0.600,0.000
465.360,0.000,0.321,0.600,0.000
465.380,0.000,0.333,0.600,0.000
465.400,0.000,0.360,0.600,0.000
465.420,0.000,0.366,0.600,0.000
465.440,0.000,0.378,0.600,0.000
465.460,0.000,0.383,0.600,0.000
465.480,0.000,0.385,0.600,0.000
465.500,0.000,0.385,0.600,0.000
465.520,0.000,0.381,0.600,0.000
465.540,0.000,0.368,0.600,0.000
465.560,0.000,0.365,0.600,0.000
465.580,0.000,0.348,0.600,0.000
465.600,0.000,0.329,0.600,0.000
465.620,0.000,0.311,0.600,0.000
465.640,0.000,0.290,0.600,0.000
465.660,0.000,0.264,0.600,0.000
465.680,0.000,0.238,0.600,0.000
465.700,0.000,0.208,0.600,0.000
465.720,0.000,0.181,0.600,0.000
465.740,0.000,0.153,0.600,0.000
465.760,0.000,0.125,0.600,0.000
465.780,0.000,0.094,0.600,0.000
465.800,0.000,0.068,0.599,0.000
465.820,0.000,0.041,0.589,0.000
465.840,0.000,0.016,0.589,0.000
465.860,0.000,-0.005,0.589,0.000
465.880,0.000,-0.025,0.589,0.000
465.900,0.000,-0.050,0.589,0.000
465.920,0.000,-0.060,0.589,0.000
465.940,0.000,-0.077,0.589,0.000
465.960,0.000,-0.082,0.589,0.000
465.980,0.000,-0.093,0.589,0.000
466.000,0.000,-0.096,0.589,0.000
466.020,0.000,-0.094,0.589,0.000
466.040,0.000,-0.089,0.589,0.000
466.060,0.000,-0.079,0.589,0.000
466.080,0.000,-0.072,0.589,0.000
466.100,0.000,-0.055,0.589,0.000
466.120,0.000,-0.042,0.589,0.000
466.140,0.000,-0.020,0.589,0.000
466.160,0.000,-0.003,0.589,0.000
466.180,0.000,0.025,0.589,0.000
466.200,0.000,0.043,0.589,0.000
466.220,0.000,0.075,0.589,0.000
466.240,0.000,0.099,0.589,0.000
466.260,0.000,0.128,0.589,0.000
466.280,0.000,0.156,0.589,0.000
466.300,0.000,0.183,0.589,0.000
466.320,0.000,0.210,0.586,0.000
466.340,0.000,0.236,0.583,0.000
466.360,0.000,0.262,0.578,0.000
466.380,0.000,0.282,0.578,0.000
466.400,0.000,0.309,0.578,0.000
466.420,0.000,0.325,0.578,0.000
466.440,0.000,0.341,0.578,0.000
466.460,0.000,0.353,0.578,0.000
466.480,0.000,0.362,0.578,0.000
466.500,0.000,0.373,0.578,0.000
466.520,0.000,0.374,0.578,0.000
466.540,0.000,0.374,0.578,0.000
466.560,0.000,0.373,0.578,0.000
466.580,0.000,0.360,0.578,0.000
466.600,0.000,0.355,0.578,0.000
466.620,0.000,0.341,0.578,0.000
466.640,0.000,0.323,0.578,0.000
466.660,0.000,0.304,0.578,0.000
466.680,0.000,0.282,0.578,0.000
466.700,0.000,0.262,0.578,0.000
466.720,0.000,0.237,0.578,0.000
466.740,0.000,0.213,0.578,0.000
466.760,0.000,0.186,0.578,0.000
466.780,0.000,0.161,0.578,0.000
466.800,0.000,0.131,0.578,0.000
466.820,0.000,0.106,0.578,0.000
466.840,0.000,0.074,0.569,0.000
466.860,0.000,0.054,0.568,0.000
466.880,0.000,0.029,0.562,0.000
466.900,0.000,0.009,0.562,0.000
466.920,0.000,-0.013,0.562,0.000
466.940,0.000,-0.031,0.562,0.000
466.960,0.000,-0.044,0.562,0.000
466.980,0.000,-0.058,0.562,0.000
467.000,0.000,-0.067,0.562,0.000
467.020,0.000,-0.071,0.562,0.000
467.040,0.000,-0.071,0.562,0.000
467.060,0.000,-0.074,0.562,0.000
467.080,0.000,-0.070,0.562,0.000
467.100,0.000,-0.065,0.562,0.000
467.120,0.000,-0.055,0.562,0.000
467.140,0.000,-0.044,0.562,0.000
467.160,0.000,-0.027,0.562,0.000
467.180,0.000,-0.008,0.562,0.000
467.200,0.000,0.011,0.562,0.000
467.220,0.000,0.034,0.562,0.000
467.240,0.000,0.054,0.562,0.000
467.260,0.000,0.081,0.562,0.000
467.280,0.000,0.106,0.562,0.000
467.300,0.000,0.133,0.562,0.000
467.320,0.000,0.157,0.562,0.000
467.340,0.000,0.182,0.559,0.000
467.360,0.000,0.210,0.558,0.000
467.380,0.000,0.238,0.549,0.000
467.400,0.000,0.257,0.543,0.000
467.420,0.000,0.282,0.536,0.000
467.440,0.000,0.299,0.536,0.000
467.460,0.000,0.319,0.536,0.000
467.480,0.000,0.331,0.536,0.000
467.500,0.000,0.346,0.536,0.000
467.520,0.000,0.356,0.536,0.000
467.540,0.000,0.362,0.536,0.000
467.560,0.000,0.365,0.536,0.000
467.580,0.000,0.365,0.536,0.000
467.600,0.000,0.365,0.536,0.000
467.620,0.000,0.356,0.536,0.000
467.640,0.000,0.345,0.536,0.000
467.660,0.000,0.326,0.536,0.000
467.680,0.000,0.315,0.536,0.000
467.700,0.000,0.297,0.536,0.000
467.720,0.000,0.283,0.536,0.000
467.740,0.000,0.252,0.536,0.000
467.760,0.000,0.234,0.536,0.000
467.780,0.000,0.208,0.536,0.000
467.800,0.000,0.186,0.536,0.000
467.820,0.000,0.156,0.536,0.000
467.840,0.000,0.132,0.536,0.000
467.860,0.000,0.102,0.536,0.000
467.880,0.000,0.080,0.536,0.000
467.900,0.000,0.057,0.525,0.000
467.920,0.000,0.033,0.525,0.000
467.940,0.000,0.012,0.525,0.000
467.960,0.000,-0.012,0.525,0.000
467.980,0.000,-0.021,0.525,0.000
468.000,0.000,-0.040,0.525,0.000
468.020,0.000,-0.055,0.525,0.000
468.040,0.000,-0.061,0.525,0.000
468.060,0.000,-0.062,0.525,0.000
468.080,0.000,-0.071,0.525,0.000
468.100,0.000,-0.069,0.525,0.000
468.120,0.000,-0.069,0.525,0.000
468.140,0.000,-0.061,0.525,0.000
468.160,0.000,-0.054,0.525,0.000
468.180,0.000,-0.040,0.525,0.000
468.200,0.000,-0.022,0.525,0.000
468.220,0.000,-0.009,0.525,0.000
468.240,0.000,0.008,0.525,0.000
468.260,0.000,0.032,0.525,0.000
468.280,0.000,0.049,0.525,0.000
468.300,0.000,0.079,0.525,0.000
468.320,0.000,0.099,0.525,0.000
468.340,0.000,0.130,0.525,0.000
468.360,0.000,0.146,0.525,0.000
468.380,0.000,0.177,0.525,0.000
468.400,0.000,0.199,0.524,0.000
468.420,0.000,0.225,0.522,0.000
468.440,0.000,0.244,0.516,0.000
468.460,0.000,0.271,0.516,0.000
468.480,0.000,0.286,0.516,0.000
468.500,0.000,0.308,0.516,0.000
468.520,0.000,0.317,0.516,0.000
468.540,0.000,0.332,0.516,0.000
468.560,0.000,0.343,0.516,0.000
468.580,0.000,0.348,0.516,0.000
468.600,0.000,0.348,0.516,0.000
468.620,0.000,0.348,0.516,0.000
468.640,0.000,0.346,0.516,0.000
468.660,0.000,0.344,0.516,0.000
468.680,0.000,0.332,0.516,0.000
468.700,0.000,0.321,0.516,0.000
468.720,0.000,0.307,0.516,0.000
468.740,0.000,0.290,0.516,0.000
468.760,0.000,0.273,0.516,0.000
468.780,0.000,0.249,0.516,0.000
468.800,0.000,0.229,0.516,0.000
468.820,0.000,0.204,0.516,0.000
468.840,0.000,0.187,0.516,0.000
468.860,0.000,0.158,0.516,0.000
468.880,0.000,0.133,0.516,0.000
468.900,0.000,0.108,0.516,0.000
468.920,0.000,0.083,0.516,0.000
468.940,0.000,0.063,0.511,0.000
468.960,0.000,0.042,0.500,0.000
468.980,0.000,0.023,0.497,0.000
469.000,0.000,0.004,0.497,0.000
469.020,0.000,-0.013,0.497,0.000
469.040,0.000,-0.029,0.497,0.000
469.060,0.000,-0.037,0.497,0.000
469.080,0.000,-0.047,0.497,0.000
469.100,0.000,-0.054,0.497,0.000
469.120,0.000,-0.052,0.497,0.000
469.140,0.000,-0.055,0.497,0.000
469.160,0.000,-0.054,0.497,0.000
469.180,0.000,-0.046,0.497,0.000
469.200,0.000,-0.041,0.497,0.000
469.220,0.000,-0.025,0.497,0.000
469.240,0.000,-0.014,0.497,0.000
469.260,0.000,0.004,0.497,0.000
469.280,0.000,0.019,0.497,0.000
469.300,0.000,0.042,0.497,0.000
469.320,0.000,0.060,0.497,0.000
469.340,0.000,0.084,0.497,0.000
469.360,0.000,0.104,0.497,0.000
469.380,0.000,0.131,0.497,0.000
469.400,0.000,0.153,0.497,0.000
469.420,0.000,0.178,0.497,0.000
469.440,0.000,0.201,0.496,0.000
469.460,0.000,0.223,0.495,0.000
469.480,0.000,0.246,0.484,0.000
469.500,0.000,0.265,0.484,0.000
469.520,0.000,0.286,0.484,0.000
469.540,0.000,0.300,0.484,0.000
469.560,0.000,0.313,0.484,0.000
469.580,0.000,0.325,0.484,0.000
469.600,0.000,0.333,0.484,0.000
469.620,0.000,0.340,0.484,0.000
469.640,0.000,0.348,0.484,0.000
469.660,0.000,0.340,0.484,0.000
469.680,0.000,0.344,0.484,0.000
469.700,0.000,0.333,0.484,0.000
469.720,0.000,0.325,0.484,0.000
469.740,0.000,0.322,0.484,0.000
469.760,0.000,0.301,0.484,0.000
469.780,0.000,0.286,0.484,0.000
469.800,0.000,0.269,0.484,0.000
469.820,0.000,0.252,0.484,0.000
469.840,0.000,0.230,0.484,0.000
469.860,0.000,0.210,0.484,0.000
469.880,0.000,0.183,0.484,0.000
469.900,0.000,0.167,0.484,0.000
469.920,0.000,0.135,0.484,0.000
469.940,0.000,0.113,0.484,0.000
469.960,0.000,0.091,0.484,0.000
469.980,0.000,0.070,0.481,0.000
470.000,0.000,0.049,0.481,0.000
470.020,0.000,0.023,0.481,0.000
470.040,0.000,0.012,0.481,0.000
470.060,0.000,-0.003,0.481,0.000
470.080,0.000,-0.017,0.481,0.000
470.100,0.000,-0.026,0.481,0.000
470.120,0.000,-0.037,0.481,0.000
470.140,0.000,-0.049,0.481,0.000
470.160,0.000,-0.047,0.481,0.000
470.180,0.000,-0.050,0.481,0.000
470.200,0.000,-0.042,0.481,0.000
470.220,0.000,-0.043,0.481,0.000
470.240,0.000,-0.025,0.481,0.000
470.260,0.000,-0.022,0.481,0.000
470.280,0.000,-0.008,0.481,0.000
470.300,0.000,0.003,0.481,0.000
470.320,0.000,0.022,0.481,0.000
470.340,0.000,0.039,0.481,0.000
470.360,0.000,0.061,0.481,0.000
470.380,0.000,0.078,0.481,0.000
470.400,0.000,0.103,0.481,0.000
470.420,0.000,0.126,0.481,0.000
470.440,0.000,0.145,0.481,0.000
470.460,0.000,0.171,0.481,0.000
470.480,0.000,0.192,0.481,0.000
470.500,0.000,0.211,0.478,0.000
470.520,0.000,0.234,0.471,0.000
470.540,0.000,0.250,0.471,0.000
470.560,0.000,0.272,0.471,0.000
470.580,0.000,0.286,0.471,0.000
470.600,0.000,0.298,0.471,0.000
470.620,0.000,0.307,0.471,0.000
470.640,0.000,0.325,0.471,0.000
470.660,0.000,0.327,0.471,0.000
470.680,0.000,0.326,0.471,0.000
470.700,0.000,0.328,0.471,0.000
470.720,0.000,0.327,0.471,0.000
470.740,0.000,0.326,0.471,0.000
470.760,0.000,0.312,0.471,0.000
470.780,0.000,0.307,0.471,0.000
470.800,0.000,0.289,0.471,0.000
470.820,0.000,0.278,0.471,0.000
470.840,0.000,0.263,0.471,0.000
470.860,0.000,0.243,0.471,0.000
470.880,0.000,0.227,0.471,0.000
470.900,0.000,0.200,0.471,0.000
470.920,0.000,0.186,0.471,0.000
470.940,0.000,0.157,0.471,0.000
470.960,0.000,0.138,0.471,0.000
470.980,0.000,0.109,0.471,0.000
471.000,0.000,0.098,0.468,0.000
471.020,0.000,0.070,0.463,0.000
471.040,0.000,0.054,0.454,0.000
471.060,0.000,0.032,0.448,0.000
471.080,0.000,0.021,0.448,0.000
471.100,0.000,0.000,0.448,0.000
471.120,0.000,-0.012,0.448,0.000
471.140,0.000,-0.021,0.448,0.000
471.160,0.000,-0.031,0.448,0.000
471.180,0.000,-0.033,0.448,0.000
471.200,0.000,-0.034,0.448,0.000
471.220,0.000,-0.033,0.448,0.000
471.240,0.000,-0.032,0.448,0.000
471.260,0.000,-0.032,0.448,0.000
471.280,0.000,-0.024,0.448,0.000
471.300,0.000,-0.015,0.448,0.000
471.320,0.000,-0.001,0.448,0.000
471.340,0.000,0.012,0.448,0.000
471.360,0.000,0.029,0.448,0.000
471.380,0.000,0.045,0.448,0.000
471.400,0.000,0.066,0.448,0.000
471.420,0.000,0.082,0.448,0.000
471.440,0.000,0.106,0.448,0.000
471.460,0.000,0.124,0.448,0.000
471.480,0.000,0.151,0.448,0.000
471.500,0.000,0.168,0.448,0.000
471.520,0.000,0.192,0.448,0.000
471.540,0.000,0.211,0.446,0.000
471.560,0.000,0.233,0.438,0.000
471.580,0.000,0.249,0.438,0.000
471.600,0.000,0.268,0.438,0.000
471.620,0.000,0.280,0.438,0.000
471.640,0.000,0.294,0.438,0.000
471.660,0.000,0.311,0.438,0.000
471.680,0.000,0.315,0.438,0.000
471.700,0.000,0.321,0.438,0.000
471.720,0.000,0.324,0.438,0.000
471.740,0.000,0.328,0.438,0.000
471.760,0.000,0.319,0.438,0.000
471.780,0.000,0.319,0.438,0.000
471.800,0.000,0.313,0.438,0.000
471.820,0.000,0.299,0.438,0.000
471.840,0.000,0.288,0.438,0.000
471.860,0.000,0.278,0.438,0.000
471.880,0.000,0.259,0.438,0.000
471.900,0.000,0.245,0.438,0.000
471.920,0.000,0.224,0.438,0.000
471.940,0.000,0.203,0.438,0.000
471.960,0.000,0.184,0.438,0.000
471.980,0.000,0.165,0.438,0.000
472.000,0.000,0.141,0.438,0.000
472.020,0.000,0.124,0.438,0.000
472.040,0.000,0.099,0.438,0.000
472.060,0.000,0.079,0.436,0.000
472.080,0.000,0.064,0.436,0.000
472.100,0.000,0.047,0.436,0.000
472.120,0.000,0.025,0.436,0.000
472.140,0.000,0.012,0.436,0.000
472.160,0.000,0.000,0.436,0.000
472.180,0.000,-0.014,0.436,0.000
472.200,0.000,-0.017,0.436,0.000
472.220,0.000,-0.022,0.436,0.000
472.240,0.000,-0.022,0.436,0.000
472.260,0.000,-0.027,0.436,0.000
472.280,0.000,-0.023,0.436,0.000
472.300,0.000,-0.022,0.436,0.000
472.320,0.000,-0.016,0.436,0.000
472.340,0.000,-0.005,0.436,0.000
472.360,0.000,0.007,0.436,0.000
472.380,0.000,0.016,0.436,0.000
472.400,0.000,0.031,0.436,0.000
472.420,0.000,0.053,0.436,0.000
472.440,0.000,0.064,0.436,0.000
472.460,0.000,0.088,0.436,0.000
472.480,0.000,0.099,0.436,0.000
472.500,0.000,0.127,0.436,0.000
472.520,0.000,0.142,0.436,0.000
472.540,0.000,0.168,0.436,0.000
472.560,0.000,0.184,0.436,0.000
472.580,0.000,0.207,0.436,0.000
472.600,0.000,0.222,0.428,0.000
472.620,0.000,0.244,0.420,0.000
472.640,0.000,0.250,0.420,0.000
472.660,0.000,0.273,0.420,0.000
472.680,0.000,0.283,0.420,0.000
472.700,0.000,0.294,0.420,0.000
472.720,0.000,0.301,0.420,0.000
472.740,0.000,0.307,0.420,0.000
472.760,0.000,0.307,0.420,0.000
472.780,0.000,0.311,0.420,0.000
472.800,0.000,0.309,0.420,0.000
472.820,0.000,0.307,0.420,0.000
472.840,0.000,0.293,0.420,0.000
472.860,0.000,0.288,0.420,0.000
472.880,0.000,0.282,0.420,0.000
472.900,0.000,0.265,0.420,0.000
472.920,0.000,0.250,0.420,0.000
472.940,0.000,0.232,0.420,0.000
472.960,0.000,0.215,0.420,0.000
472.980,0.000,0.200,0.420,0.000
473.000,0.000,0.178,0.420,0.000
473.020,0.000,0.158,0.420,0.000
473.040,0.000,0.137,0.420,0.000
473.060,0.000,0.117,0.420,0.000
473.080,0.000,0.096,0.417,0.000
473.100,0.000,0.082,0.417,0.000
473.120,0.000,0.062,0.409,0.000
473.140,0.000,0.044,0.404,0.000
473.160,0.000,0.033,0.404,0.000
473.180,0.000,0.014,0.404,0.000
473.200,0.000,-0.000,0.404,0.000
473.220,0.000,-0.007,0.404,0.000
473.240,0.000,-0.016,0.404,0.000
473.260,0.000,-0.018,0.404,0.000
473.280,0.000,-0.022,0.404,0.000
473.300,0.000,-0.017,0.404,0.000
473.320,0.000,-0.023,0.404,0.000
473.340,0.000,-0.013,0.404,0.000
473.360,0.000,-0.011,0.404,0.000
473.380,0.000,-0.002,0.404,0.000
473.400,0.000,0.008,0.404,0.000
473.420,0.000,0.020,0.404,0.000
473.440,0.000,0.037,0.404,0.000
473.460,0.000,0.046,0.404,0.000
473.480,0.000,0.069,0.404,0.000
473.500,0.000,0.083,0.404,0.000
473.520,0.000,0.106,0.404,0.000
473.540,0.000,0.122,0.404,0.000
473.560,0.000,0.148,0.404,0.000
473.580,0.000,0.161,0.404,0.000
473.600,0.000,0.189,0.404,0.000
473.620,0.000,0.195,0.404,0.000
473.640,0.000,0.223,0.404,0.000
473.660,0.000,0.236,0.404,0.000
473.680,0.000,0.254,0.404,0.000
473.700,0.000,0.265,0.404,0.000
473.720,0.000,0.280,0.404,0.000
473.740,0.000,0.292,0.404,0.000
473.760,0.000,0.297,0.404,0.000
473.780,0.000,0.299,0.404,0.000
473.800,0.000,0.302,0.404,0.000
473.820,0.000,0.310,0.404,0.000
473.840,0.000,0.298,0.404,0.000
473.860,0.000,0.302,0.404,0.000
473.880,0.000,0.293,0.404,0.000
473.900,0.000,0.289,0.404,0.000
473.920,0.000,0.277,0.404,0.000
473.940,0.000,0.272,0.404,0.000
473.960,0.000,0.248,0.404,0.000
473.980,0.000,0.241,0.404,0.000
474.000,0.000,0.215,0.404,0.000
474.020,0.000,0.205,0.404,0.000
474.040,0.000,0.180,0.404,0.000
474.060,0.000,0.166,0.404,0.000
474.080,0.000,0.141,0.404,0.000
474.100,0.000,0.128,0.404,0.000
474.120,0.000,0.106,0.404,0.000
474.140,0.000,0.087,0.402,0.000
474.160,0.000,0.074,0.399,0.000
474.180,0.000,0.055,0.399,0.000
474.200,0.000,0.045,0.399,0.000
474.220,0.000,0.027,0.399,0.000
474.240,0.000,0.019,0.399,0.000
474.260,0.000,0.005,0.399,0.000
474.280,0.000,-0.000,0.399,0.000
474.300,0.000,-0.008,0.399,0.000
474.320,0.000,-0.009,0.399,0.000
474.340,0.000,-0.008,0.399,0.000
474.360,0.000,-0.009,0.399,0.000
474.380,0.000,-0.004,0.399,0.000
474.400,0.000,-0.000,0.399,0.000
474.420,0.000,0.014,0.399,0.000
474.440,0.000,0.017,0.399,0.000
474.460,0.000,0.033,0.399,0.000
474.480,0.000,0.046,0.399,0.000
474.500,0.000,0.059,0.399,0.000
474.520,0.000,0.074,0.399,0.000
474.540,0.000,0.093,0.399,0.000
474.560,0.000,0.106,0.399,0.000
474.580,0.000,0.132,0.399,0.000
474.600,0.000,0.144,0.399,0.000
474.620,0.000,0.162,0.399,0.000
474.640,0.000,0.182,0.394,0.000
474.660,0.000,0.202,0.394,0.000
474.680,0.000,0.215,0.383,0.000
474.700,0.000,0.230,0.379,0.000
474.720,0.000,0.247,0.379,0.000
474.740,0.000,0.249,0.379,0.000
474.760,0.000,0.274,0.379,0.000
474.780,0.000,0.282,0.379,0.000
474.800,0.000,0.288,0.379,0.000
474.820,0.000,0.288,0.379,0.000
474.840,0.000,0.296,0.379,0.000
474.860,0.000,0.294,0.379,0.000
474.880,0.000,0.290,0.379,0.000
474.900,0.000,0.289,0.379,0.000
474.920,0.000,0.286,0.379,0.000
474.940,0.000,0.278,0.379,0.000
474.960,0.000,0.267,0.379,0.000
474.980,0.000,0.251,0.379,0.000
475.000,0.000,0.244,0.379,0.000
475.020,0.000,0.228,0.379,0.000
475.040,0.000,0.211,0.379,0.000
475.060,0.000,0.198,0.379,0.000
475.080,0.000,0.173,0.379,0.000
475.100,0.000,0.161,0.379,0.000
475.120,0.000,0.137,0.379,0.000
475.140,0.000,0.124,0.379,0.000
475.160,0.000,0.099,0.379,0.000
475.180,0.000,0.090,0.371,0.000
475.200,0.000,0.070,0.371,0.000
475.220,0.000,0.055,0.363,0.000
475.240,0.000,0.041,0.363,0.000
475.260,0.000,0.027,0.363,0.000
475.280,0.000,0.016,0.363,0.000
475.300,0.000,0.010,0.363,0.000
475.320,0.000,-0.000,0.363,0.000
475.340,0.000,-0.002,0.363,0.000
475.360,0.000,-0.004,0.363,0.000
475.380,0.000,-0.009,0.363,0.000
475.400,0.000,-0.004,0.363,0.000
475.420,0.000,-0.002,0.363,0.000
475.440,0.000,0.001,0.363,0.000
475.460,0.000,0.012,0.363,0.000
475.480,0.000,0.020,0.363,0.000
475.500,0.000,0.029,0.363,0.000
475.520,0.000,0.044,0.363,0.000
475.540,0.000,0.056,0.363,0.000
475.560,0.000,0.074,0.363,0.000
475.580,0.000,0.086,0.363,0.000
475.600,0.000,0.108,0.363,0.000
475.620,0.000,0.122,0.363,0.000
475.640,0.000,0.142,0.363,0.000
475.660,0.000,0.157,0.363,0.000
475.680,0.000,0.182,0.363,0.000
475.700,0.000,0.192,0.363,0.000
475.720,0.000,0.211,0.363,0.000
475.740,0.000,0.225,0.363,0.000
475.760,0.000,0.241,0.363,0.000
475.780,0.000,0.253,0.363,0.000
475.800,0.000,0.260,0.363,0.000
475.820,0.000,0.278,0.363,0.000
475.840,0.000,0.278,0.363,0.000
475.860,0.000,0.286,0.363,0.000
475.880,0.000,0.286,0.363,0.000
475.900,0.000,0.294,0.363,0.000
475.920,0.000,0.284,0.363,0.000
475.940,0.000,0.287,0.363,0.000
475.960,0.000,0.278,0.363,0.000
475.980,0.000,0.277,0.363,0.000
476.000,0.000,0.259,0.363,0.000
476.020,0.000,0.257,0.363,0.000
476.040,0.000,0.238,0.363,0.000
476.060,0.000,0.228,0.363,0.000
476.080,0.000,0.207,0.363,0.000
476.100,0.000,0.194,0.363,0.000
476.120,0.000,0.179,0.363,0.000
476.140,0.000,0.163,0.363,0.000
476.160,0.000,0.145,0.363,0.000
476.180,0.000,0.127,0.363,0.000
476.200,0.000,0.109,0.361,0.000
476.220,0.000,0.093,0.360,0.000
476.240,0.000,0.079,0.360,0.000
476.260,0.000,0.064,0.355,0.000
476.280,0.000,0.052,0.355,0.000
476.300,0.000,0.041,0.355,0.000
476.320,0.000,0.027,0.355,0.000
476.340,0.000,0.020,0.355,0.000
476.360,0.000,0.012,0.355,0.000
476.380,0.000,0.007,0.355,0.000
476.400,0.000,0.007,0.355,0.000
476.420,0.000,0.007,0.355,0.000
476.440,0.000,0.007,0.355,0.000
476.460,0.000,0.008,0.355,0.000
476.480,0.000,0.015,0.355,0.000
476.500,0.000,0.024,0.355,0.000
476.520,0.000,0.031,0.355,0.000
476.540,0.000,0.044,0.355,0.000
476.560,0.000,0.053,0.355,0.000
476.580,0.000,0.065,0.355,0.000
476.600,0.000,0.084,0.355,0.000
476.620,0.000,0.096,0.355,0.000
476.640,0.000,0.113,0.355,0.000
476.660,0.000,0.129,0.355,0.000
476.680,0.000,0.142,0.355,0.000
476.700,0.000,0.161,0.355,0.000
476.720,0.000,0.178,0.355,0.000
476.740,0.000,0.195,0.346,0.000
476.760,0.000,0.211,0.346,0.000
476.780,0.000,0.220,0.340,0.000
476.800,0.000,0.238,0.338,0.000
476.820,0.000,0.248,0.338,0.000
476.840,0.000,0.256,0.338,0.000
476.860,0.000,0.266,0.338,0.000
476.880,0.000,0.278,0.338,0.000
476.900,0.000,0.282,0.338,0.000
476.920,0.000,0.287,0.338,0.000
476.940,0.000,0.286,0.338,0.000
476.960,0.000,0.286,0.338,0.000
476.980,0.000,0.282,0.338,0.000
477.000,0.000,0.272,0.338,0.000
477.020,0.000,0.265,0.338,0.000
477.040,0.000,0.252,0.338,0.000
477.060,0.000,0.248,0.338,0.000
477.080,0.000,0.232,0.338,0.000
477.100,0.000,0.219,0.338,0.000
477.120,0.000,0.209,0.338,0.000
477.140,0.000,0.195,0.338,0.000
477.160,0.000,0.173,0.338,0.000
477.180,0.000,0.161,0.338,0.000
477.200,0.000,0.137,0.338,0.000
477.220,0.000,0.130,0.338,0.000
477.240,0.000,0.108,0.338,0.000
477.260,0.000,0.094,0.334,0.000
477.280,0.000,0.077,0.334,0.000
477.300,0.000,0.061,0.334,0.000
477.320,0.000,0.054,0.334,0.000
477.340,0.000,0.042,0.334,0.000
477.360,0.000,0.028,0.334,0.000
477.380,0.000,0.018,0.334,0.000
477.400,0.000,0.016,0.334,0.000
477.420,0.000,0.016,0.334,0.000
477.440,0.000,0.012,0.334,0.000
477.460,0.000,0.008,0.334,0.000
477.480,0.000,0.008,0.334,0.000
477.500,0.000,0.016,0.334,0.000
477.520,0.000,0.015,0.334,0.000
477.540,0.000,0.018,0.334,0.000
477.560,0.000,0.025,0.334,0.000
477.580,0.000,0.041,0.334,0.000
477.600,0.000,0.054,0.334,0.000
477.620,0.000,0.064,0.334,0.000
477.640,0.000,0.079,0.334,0.000
477.660,0.000,0.092,0.334,0.000
477.680,0.000,0.108,0.334,0.000
477.700,0.000,0.124,0.334,0.000
477.720,0.000,0.139,0.334,0.000
477.740,0.000,0.156,0.334,0.000
477.760,0.000,0.171,0.334,0.000
477.780,0.000,0.183,0.333,0.000
477.800,0.000,0.203,0.333,0.000
477.820,0.000,0.215,0.333,0.000
477.840,0.000,0.230,0.333,0.000
477.860,0.000,0.235,0.333,0.000
477.880,0.000,0.249,0.333,0.000
477.900,0.000,0.254,0.333,0.000
477.920,0.000,0.265,0.333,0.000
477.940,0.000,0.268,0.333,0.000
477.960,0.000,0.273,0.333,0.000
477.980,0.000,0.270,0.333,0.000
478.000,0.000,0.272,0.333,0.000
478.020,0.000,0.269,0.333,0.000
478.040,0.000,0.268,0.333,0.000
478.060,0.000,0.257,0.333,0.000
478.080,0.000,0.252,0.333,0.000
478.100,0.000,0.240,0.333,0.000
478.120,0.000,0.228,0.333,0.000
478.140,0.000,0.219,0.333,0.000
478.160,0.000,0.199,0.333,0.000
478.180,0.000,0.190,0.333,0.000
478.200,0.000,0.172,0.333,0.000
478.220,0.000,0.161,0.333,0.000
478.240,0.000,0.144,0.333,0.000
478.260,0.000,0.128,0.333,0.000
478.280,0.000,0.112,0.333,0.000
478.300,0.000,0.099,0.333,0.000
478.320,0.000,0.083,0.323,0.000
478.340,0.000,0.074,0.321,0.000
478.360,0.000,0.056,0.318,0.000
478.380,0.000,0.047,0.318,0.000
478.400,0.000,0.036,0.318,0.000
478.420,0.000,0.029,0.318,0.000
478.440,0.000,0.025,0.318,0.000
478.460,0.000,0.020,0.318,0.000
478.480,0.000,0.015,0.318,0.000
478.500,0.000,0.019,0.318,0.000
478.520,0.000,0.019,0.318,0.000
478.540,0.000,0.018,0.318,0.000
478.560,0.000,0.025,0.318,0.000
478.580,0.000,0.030,0.318,0.000
478.600,0.000,0.042,0.318,0.000
478.620,0.000,0.047,0.318,0.000
478.640,0.000,0.063,0.318,0.000
478.660,0.000,0.072,0.318,0.000
478.680,0.000,0.087,0.318,0.000
478.700,0.000,0.097,0.318,0.000
478.720,0.000,0.114,0.318,0.000
478.740,0.000,0.128,0.318,0.000
478.760,0.000,0.145,0.318,0.000
478.780,0.000,0.157,0.318,0.000
478.800,0.000,0.174,0.318,0.000
478.820,0.000,0.184,0.310,0.000
478.840,0.000,0.207,0.310,0.000
478.860,0.000,0.213,0.305,0.000
478.880,0.000,0.232,0.305,0.000
478.900,0.000,0.237,0.305,0.000
478.920,0.000,0.249,0.305,0.000
478.940,0.000,0.253,0.305,0.000
478.960,0.000,0.262,0.305,0.000
478.980,0.000,0.260,0.305,0.000
479.000,0.000,0.275,0.305,0.000
479.020,0.000,0.266,0.305,0.000
479.040,0.000,0.279,0.305,0.000
479.060,0.000,0.263,0.305,0.000
479.080,0.000,0.263,0.305,0.000
479.100,0.000,0.249,0.305,0.000
479.120,0.000,0.250,0.305,0.000
479.140,0.000,0.236,0.305,0.000
479.160,0.000,0.230,0.305,0.000
479.180,0.000,0.211,0.305,0.000
479.200,0.000,0.209,0.305,0.000
479.220,0.000,0.186,0.305,0.000
479.240,0.000,0.178,0.305,0.000
479.260,0.000,0.157,0.305,0.000
479.280,0.000,0.149,0.305,0.000
479.300,0.000,0.131,0.305,0.000
479.320,0.000,0.123,0.305,0.000
479.340,0.000,0.095,0.305,0.000
479.360,0.000,0.093,0.305,0.000
479.380,0.000,0.073,0.305,0.000
479.400,0.000,0.068,0.305,0.000
479.420,0.000,0.049,0.305,0.000
479.440,0.000,0.054,0.305,0.000
479.460,0.000,0.029,0.305,0.000
479.480,0.000,0.033,0.305,0.000
479.500,0.000,0.021,0.305,0.000
479.520,0.000,0.021,0.305,0.000
479.540,0.000,0.020,0.305,0.000
479.560,0.000,0.017,0.305,0.000
479.580,0.000,0.020,0.305,0.000
479.600,0.000,0.023,0.305,0.000
479.620,0.000,0.040,0.305,0.000
479.640,0.000,0.036,0.305,0.000
479.660,0.000,0.057,0.305,0.000
479.680,0.000,0.051,0.305,0.000
479.700,0.000,0.078,0.305,0.000
479.720,0.000,0.078,0.305,0.000
479.740,0.000,0.103,0.305,0.000
479.760,0.000,0.096,0.305,0.000
479.780,0.000,0.131,0.305,0.000
479.800,0.000,0.132,0.305,0.000
479.820,0.000,0.162,0.305,0.000
479.840,0.000,0.160,0.302,0.000
479.860,0.000,0.185,0.302,0.000
479.880,0.000,0.190,0.302,0.000
479.900,0.000,0.212,0.302,0.000
479.920,0.000,0.211,0.302,0.000
479.940,0.000,0.229,0.302,0.000
479.960,0.000,0.236,0.302,0.000
479.980,0.000,0.246,0.302,0.000
480.000,0.000,0.250,0.302,0.000
480.020,0.000,0.251,0.302,0.000
480.040,0.000,0.259,0.302,0.000
480.060,0.000,0.257,0.302,0.000
480.080,0.000,0.261,0.302,0.000
480.100,0.000,0.255,0.302,0.000
480.120,0.000,0.253,0.302,0.000
480.140,0.000,0.244,0.302,0.000
480.160,0.000,0.243,0.302,0.000
480.180,0.000,0.228,0.302,0.000
480.200,0.000,0.223,0.302,0.000
480.220,0.000,0.210,0.302,0.000
480.240,0.000,0.196,0.302,0.000
480.260,0.000,0.186,0.302,0.000
480.280,0.000,0.171,0.302,0.000
480.300,0.000,0.157,0.302,0.000
480.320,0.000,0.141,0.302,0.000
480.340,0.000,0.132,0.302,0.000
480.360,0.000,0.118,0.302,0.000
480.380,0.000,0.103,0.298,0.000
480.400,0.000,0.087,0.296,0.000
480.420,0.000,0.078,0.292,0.000
480.440,0.000,0.066,0.287,0.000
480.460,0.000,0.056,0.287,0.000
480.480,0.000,0.046,0.287,0.000
480.500,0.000,0.041,0.287,0.000
480.520,0.000,0.034,0.287,0.000
480.540,0.000,0.028,0.287,0.000
480.560,0.000,0.028,0.287,0.000
480.580,0.000,0.023,0.287,0.000
480.600,0.000,0.028,0.287,0.000
480.620,0.000,0.026,0.287,0.000
480.640,0.000,0.040,0.287,0.000
480.660,0.000,0.035,0.287,0.000
480.680,0.000,0.049,0.287,0.000
480.700,0.000,0.048,0.287,0.000
480.720,0.000,0.067,0.287,0.000
480.740,0.000,0.070,0.287,0.000
480.760,0.000,0.092,0.287,0.000
480.780,0.000,0.096,0.287,0.000
480.800,0.000,0.120,0.287,0.000
480.820,0.000,0.124,0.287,0.000
480.840,0.000,0.142,0.287,0.000
480.860,0.000,0.153,0.287,0.000
480.880,0.000,0.169,0.287,0.000
480.900,0.000,0.181,0.280,0.000
480.920,0.000,0.195,0.280,0.000
480.940,0.000,0.207,0.280,0.000
480.960,0.000,0.215,0.280,0.000
480.980,0.000,0.233,0.280,0.000
481.000,0.000,0.239,0.280,0.000
481.020,0.000,0.246,0.280,0.000
481.040,0.000,0.247,0.280,0.000
481.060,0.000,0.257,0.280,0.000
481.080,0.000,0.258,0.280,0.000
481.100,0.000,0.258,0.280,0.000
481.120,0.000,0.256,0.280,0.000
481.140,0.000,0.258,0.280,0.000
481.160,0.000,0.251,0.280,0.000
481.180,0.000,0.248,0.280,0.000
481.200,0.000,0.236,0.280,0.000
481.220,0.000,0.236,0.280,0.000
481.240,0.000,0.220,0.280,0.000
481.260,0.000,0.212,0.280,0.000
481.280,0.000,0.201,0.280,0.000
481.300,0.000,0.190,0.280,0.000
481.320,0.000,0.173,0.280,0.000
481.340,0.000,0.162,0.280,0.000
481.360,0.000,0.148,0.280,0.000
481.380,0.000,0.133,0.280,0.000
481.400,0.000,0.125,0.280,0.000
481.420,0.000,0.108,0.280,0.000
481.440,0.000,0.094,0.280,0.000
481.460,0.000,0.086,0.280,0.000
481.480,0.000,0.072,0.280,0.000
481.500,0.000,0.062,0.280,0.000
481.520,0.000,0.055,0.280,0.000
481.540,0.000,0.053,0.280,0.000
481.560,0.000,0.044,0.280,0.000
481.580,0.000,0.039,0.280,0.000
481.600,0.000,0.036,0.280,0.000
481.620,0.000,0.037,0.280,0.000
481.640,0.000,0.035,0.280,0.000
481.660,0.000,0.037,0.280,0.000
481.680,0.000,0.039,0.280,0.000
481.700,0.000,0.049,0.280,0.000
481.720,0.000,0.054,0.280,0.000
481.740,0.000,0.058,0.280,0.000
481.760,0.000,0.063,0.280,0.000
481.780,0.000,0.078,0.280,0.000
481.800,0.000,0.091,0.280,0.000
481.820,0.000,0.098,0.280,0.000
481.840,0.000,0.112,0.280,0.000
481.860,0.000,0.129,0.280,0.000
481.880,0.000,0.136,0.280,0.000
481.900,0.000,0.149,0.280,0.000
481.920,0.000,0.166,0.278,0.000
481.940,0.000,0.175,0.278,0.000
481.960,0.000,0.190,0.275,0.000
481.980,0.000,0.203,0.272,0.000
482.000,0.000,0.211,0.272,0.000
482.020,0.000,0.215,0.272,0.000
482.040,0.000,0.228,0.272,0.000
482.060,0.000,0.234,0.272,0.000
482.080,0.000,0.243,0.272,0.000
482.100,0.000,0.248,0.272,0.000
482.120,0.000,0.249,0.272,0.000
482.140,0.000,0.248,0.272,0.000
482.160,0.000,0.248,0.272,0.000
482.180,0.000,0.248,0.272,0.000
482.200,0.000,0.245,0.272,0.000
482.220,0.000,0.232,0.272,0.000
482.240,0.000,0.231,0.272,0.000
482.260,0.000,0.222,0.272,0.000
482.280,0.000,0.212,0.272,0.000
482.300,0.000,0.207,0.272,0.000
482.320,0.000,0.193,0.272,0.000
482.340,0.000,0.176,0.272,0.000
482.360,0.000,0.170,0.272,0.000
482.380,0.000,0.153,0.272,0.000
482.400,0.000,0.141,0.272,0.000
482.420,0.000,0.132,0.272,0.000
482.440,0.000,0.118,0.272,0.000
482.460,0.000,0.103,0.271,0.000
482.480,0.000,0.093,0.264,0.000
482.500,0.000,0.083,0.264,0.000
482.520,0.000,0.074,0.264,0.000
482.540,0.000,0.060,0.264,0.000
482.560,0.000,0.056,0.264,0.000
482.580,0.000,0.049,0.264,0.000
482.600,0.000,0.043,0.264,0.000
482.620,0.000,0.037,0.264,0.000
482.640,0.000,0.037,0.264,0.000
482.660,0.000,0.036,0.264,0.000
482.680,0.000,0.037,0.264,0.000
482.700,0.000,0.037,0.264,0.000
482.720,0.000,0.041,0.264,0.000
482.740,0.000,0.045,0.264,0.000
482.760,0.000,0.050,0.264,0.000
482.780,0.000,0.062,0.264,0.000
482.800,0.000,0.068,0.264,0.000
482.820,0.000,0.082,0.264,0.000
482.840,0.000,0.090,0.264,0.000
482.860,0.000,0.104,0.264,0.000
482.880,0.000,0.112,0.264,0.000
482.900,0.000,0.128,0.264,0.000
482.920,0.000,0.136,0.264,0.000
482.940,0.000,0.155,0.264,0.000
482.960,0.000,0.161,0.264,0.000
482.980,0.000,0.183,0.264,0.000
483.000,0.000,0.190,0.264,0.000
483.020,0.000,0.200,0.264,0.000
483.040,0.000,0.203,0.264,0.000
483.060,0.000,0.221,0.264,0.000
483.080,0.000,0.220,0.264,0.000
483.100,0.000,0.236,0.264,0.000
483.120,0.000,0.237,0.264,0.000
483.140,0.000,0.244,0.264,0.000
483.160,0.000,0.242,0.264,0.000
483.180,0.000,0.250,0.264,0.000
483.200,0.000,0.245,0.264,0.000
483.220,0.000,0.243,0.264,0.000
483.240,0.000,0.240,0.264,0.000
483.260,0.000,0.238,0.264,0.000
483.280,0.000,0.232,0.264,0.000
483.300,0.000,0.221,0.264,0.000
483.320,0.000,0.214,0.264,0.000
483.340,0.000,0.206,0.264,0.000
483.360,0.000,0.197,0.264,0.000
483.380,0.000,0.185,0.264,0.000
483.400,0.000,0.173,0.264,0.000
483.420,0.000,0.160,0.264,0.000
483.440,0.000,0.149,0.264,0.000
483.460,0.000,0.136,0.264,0.000
483.480,0.000,0.124,0.262,0.000
483.500,0.000,0.112,0.262,0.000
483.520,0.000,0.099,0.262,0.000
483.540,0.000,0.091,0.262,0.000
483.560,0.000,0.079,0.262,0.000
483.580,0.000,0.070,0.262,0.000
483.600,0.000,0.062,0.262,0.000
483.620,0.000,0.059,0.262,0.000
483.640,0.000,0.053,0.262,0.000
483.660,0.000,0.054,0.262,0.000
483.680,0.000,0.049,0.262,0.000
483.700,0.000,0.047,0.262,0.000
483.720,0.000,0.048,0.262,0.000
483.740,0.000,0.047,0.262,0.000
483.760,0.000,0.054,0.262,0.000
483.780,0.000,0.055,0.262,0.000
483.800,0.000,0.058,0.262,0.000
483.820,0.000,0.067,0.262,0.000
483.840,0.000,0.074,0.262,0.000
483.860,0.000,0.085,0.262,0.000
483.880,0.000,0.094,0.262,0.000
483.900,0.000,0.103,0.262,0.000
483.920,0.000,0.120,0.262,0.000
483.940,0.000,0.132,0.262,0.000
483.960,0.000,0.141,0.262,0.000
483.980,0.000,0.153,0.262,0.000
484.000,0.000,0.165,0.262,0.000
484.020,0.000,0.174,0.262,0.000
484.040,0.000,0.188,0.246,0.000
484.060,0.000,0.199,0.246,0.000
484.080,0.000,0.207,0.243,0.000
484.100,0.000,0.212,0.243,0.000
484.120,0.000,0.219,0.243,0.000
484.140,0.000,0.230,0.243,0.000
484.160,0.000,0.232,0.243,0.000
484.180,0.000,0.236,0.243,0.000
484.200,0.000,0.237,0.243,0.000
484.220,0.000,0.244,0.243,0.000
484.240,0.000,0.240,0.243,0.000
484.260,0.000,0.236,0.243,0.000
484.280,0.000,0.232,0.243,0.000
484.300,0.000,0.230,0.243,0.000
484.320,0.000,0.223,0.243,0.000
484.340,0.000,0.213,0.243,0.000
484.360,0.000,0.211,0.243,0.000
484.380,0.000,0.199,0.243,0.000
484.400,0.000,0.191,0.243,0.000
484.420,0.000,0.174,0.243,0.000
484.440,0.000,0.170,0.243,0.000
484.460,0.000,0.153,0.243,0.000
484.480,0.000,0.141,0.243,0.000
484.500,0.000,0.132,0.243,0.000
484.520,0.000,0.123,0.243,0.000
484.540,0.000,0.109,0.243,0.000
484.560,0.000,0.095,0.240,0.000
484.580,0.000,0.093,0.238,0.000
484.600,0.000,0.078,0.238,0.000
484.620,0.000,0.074,0.238,0.000
484.640,0.000,0.061,0.238,0.000
484.660,0.000,0.057,0.238,0.000
484.680,0.000,0.055,0.238,0.000
484.700,0.000,0.053,0.238,0.000
484.720,0.000,0.048,0.238,0.000
484.740,0.000,0.046,0.238,0.000
484.760,0.000,0.044,0.238,0.000
484.780,0.000,0.046,0.238,0.000
484.800,0.000,0.048,0.238,0.000
484.820,0.000,0.054,0.238,0.000
484.840,0.000,0.063,0.238,0.000
484.860,0.000,0.067,0.238,0.000
484.880,0.000,0.076,0.238,0.000
484.900,0.000,0.084,0.238,0.000
484.920,0.000,0.096,0.238,0.000
484.940,0.000,0.102,0.238,0.000
484.960,0.000,0.116,0.238,0.000
484.980,0.000,0.124,0.238,0.000
485.000,0.000,0.137,0.238,0.000
485.020,0.000,0.149,0.238,0.000
485.040,0.000,0.159,0.238,0.000
485.060,0.000,0.173,0.238,0.000
485.080,0.000,0.184,0.235,0.000
485.100,0.000,0.194,0.235,0.000
485.120,0.000,0.195,0.235,0.000
485.140,0.000,0.211,0.235,0.000
485.160,0.000,0.216,0.235,0.000
485.180,0.000,0.224,0.235,0.000
485.200,0.000,0.224,0.235,0.000
485.220,0.000,0.237,0.235,0.000
485.240,0.000,0.232,0.235,0.000
485.260,0.000,0.239,0.235,0.000
485.280,0.000,0.239,0.235,0.000
485.300,0.000,0.237,0.235,0.000
485.320,0.000,0.230,0.235,0.000
485.340,0.000,0.224,0.235,0.000
485.360,0.000,0.220,0.235,0.000
485.380,0.000,0.218,0.235,0.000
485.400,0.000,0.207,0.235,0.000
485.420,0.000,0.195,0.235,0.000
485.440,0.000,0.190,0.235,0.000
485.460,0.000,0.182,0.235,0.000
485.480,0.000,0.170,0.235,0.000
485.500,0.000,0.157,0.235,0.000
485.520,0.000,0.147,0.235,0.000
485.540,0.000,0.136,0.235,0.000
485.560,0.000,0.126,0.235,0.000
485.580,0.000,0.112,0.232,0.000
485.600,0.000,0.105,0.232,0.000
485.620,0.000,0.095,0.223,0.000
485.640,0.000,0.087,0.223,0.000
485.660,0.000,0.080,0.223,0.000
485.680,0.000,0.069,0.223,0.000
485.700,0.000,0.066,0.223,0.000
485.720,0.000,0.064,0.223,0.000
485.740,0.000,0.060,0.223,0.000
485.760,0.000,0.054,0.223,0.000
485.780,0.000,0.057,0.223,0.000
485.800,0.000,0.052,0.223,0.000
485.820,0.000,0.056,0.223,0.000
485.840,0.000,0.059,0.223,0.000
485.860,0.000,0.065,0.223,0.000
485.880,0.000,0.067,0.223,0.000
485.900,0.000,0.077,0.223,0.000
485.920,0.000,0.083,0.223,0.000
485.940,0.000,0.092,0.223,0.000
485.960,0.000,0.101,0.223,0.000
485.980,0.000,0.111,0.223,0.000
486.000,0.000,0.124,0.223,0.000
486.020,0.000,0.132,0.223,0.000
486.040,0.000,0.141,0.223,0.000
486.060,0.000,0.153,0.223,0.000
486.080,0.000,0.166,0.223,0.000
486.100,0.000,0.171,0.223,0.000
486.120,0.000,0.182,0.223,0.000
486.140,0.000,0.194,0.216,0.000
486.160,0.000,0.203,0.215,0.000
486.180,0.000,0.211,0.215,0.000
486.200,0.000,0.210,0.215,0.000
486.220,0.000,0.224,0.215,0.000
486.240,0.000,0.224,0.215,0.000
486.260,0.000,0.229,0.215,0.000
486.280,0.000,0.231,0.215,0.000
486.300,0.000,0.232,0.215,0.000
486.320,0.000,0.231,0.215,0.000
486.340,0.000,0.229,0.215,0.000
486.360,0.000,0.229,0.215,0.000
486.380,0.000,0.227,0.215,0.000
486.400,0.000,0.212,0.215,0.000
486.420,0.000,0.210,0.215,0.000
486.440,0.000,0.207,0.215,0.000
486.460,0.000,0.194,0.215,0.000
486.480,0.000,0.188,0.215,0.000
486.500,0.000,0.172,0.215,0.000
486.520,0.000,0.169,0.215,0.000
486.540,0.000,0.154,0.215,0.000
486.560,0.000,0.143,0.215,0.000
486.580,0.000,0.133,0.215,0.000
486.600,0.000,0.128,0.215,0.000
486.620,0.000,0.112,0.215,0.000
486.640,0.000,0.102,0.214,0.000
486.660,0.000,0.095,0.214,0.000
486.680,0.000,0.083,0.214,0.000
486.700,0.000,0.079,0.214,0.000
486.720,0.000,0.074,0.214,0.000
486.740,0.000,0.066,0.214,0.000
486.760,0.000,0.058,0.214,0.000
486.780,0.000,0.056,0.214,0.000
486.800,0.000,0.055,0.214,0.000
486.820,0.000,0.055,0.214,0.000
486.840,0.000,0.055,0.214,0.000
486.860,0.000,0.055,0.214,0.000
486.880,0.000,0.056,0.214,0.000
486.900,0.000,0.058,0.214,0.000
486.920,0.000,0.070,0.214,0.000
486.940,0.000,0.072,0.214,0.000
486.960,0.000,0.077,0.214,0.000
486.980,0.000,0.091,0.214,0.000
487.000,0.000,0.095,0.214,0.000
487.020,0.000,0.103,0.214,0.000
487.040,0.000,0.116,0.214,0.000
487.060,0.000,0.131,0.214,0.000
487.080,0.000,0.132,0.214,0.000
487.100,0.000,0.147,0.214,0.000
487.120,0.000,0.156,0.214,0.000
487.140,0.000,0.170,0.214,0.000
487.160,0.000,0.175,0.214,0.000
487.180,0.000,0.189,0.214,0.000
487.200,0.000,0.192,0.214,0.000
487.220,0.000,0.201,0.214,0.000
487.240,0.000,0.210,0.214,0.000
487.260,0.000,0.212,0.214,0.000
487.280,0.000,0.220,0.214,0.000
487.300,0.000,0.222,0.214,0.000
487.320,0.000,0.225,0.214,0.000
487.340,0.000,0.228,0.214,0.000
487.360,0.000,0.228,0.214,0.000
487.380,0.000,0.224,0.214,0.000
487.400,0.000,0.224,0.214,0.000
487.420,0.000,0.215,0.214,0.000
487.440,0.000,0.211,0.214,0.000
487.460,0.000,0.207,0.214,0.000
487.480,0.000,0.199,0.214,0.000
487.500,0.000,0.190,0.214,0.000
487.520,0.000,0.187,0.214,0.000
487.540,0.000,0.173,0.214,0.000
487.560,0.000,0.167,0.214,0.000
487.580,0.000,0.153,0.214,0.000
487.600,0.000,0.145,0.214,0.000
487.620,0.000,0.134,0.214,0.000
487.640,0.000,0.128,0.214,0.000
487.660,0.000,0.115,0.214,0.000
487.680,0.000,0.108,0.213,0.000
487.700,0.000,0.099,0.209,0.000
487.720,0.000,0.093,0.206,0.000
487.740,0.000,0.086,0.206,0.000
487.760,0.000,0.080,0.206,0.000
487.780,0.000,0.071,0.206,0.000
487.800,0.000,0.066,0.206,0.000
487.820,0.000,0.065,0.206,0.000
487.840,0.000,0.060,0.206,0.000
487.860,0.000,0.061,0.206,0.000
487.880,0.000,0.059,0.206,0.000
487.900,0.000,0.065,0.206,0.000
487.920,0.000,0.063,0.206,0.000
487.940,0.000,0.071,0.206,0.000
487.960,0.000,0.073,0.206,0.000
487.980,0.000,0.083,0.206,0.000
488.000,0.000,0.087,0.206,0.000
488.020,0.000,0.096,0.206,0.000
488.040,0.000,0.103,0.206,0.000
488.060,0.000,0.115,0.206,0.000
488.080,0.000,0.124,0.206,0.000
488.100,0.000,0.132,0.206,0.000
488.120,0.000,0.144,0.206,0.000
488.140,0.000,0.151,0.206,0.000
488.160,0.000,0.165,0.206,0.000
488.180,0.000,0.171,0.201,0.000
488.200,0.000,0.181,0.200,0.000
488.220,0.000,0.189,0.200,0.000
488.240,0.000,0.196,0.200,0.000
488.260,0.000,0.206,0.200,0.000
488.280,0.000,0.210,0.200,0.000
488.300,0.000,0.212,0.200,0.000
488.320,0.000,0.218,0.200,0.000
488.340,0.000,0.223,0.200,0.000
488.360,0.000,0.224,0.200,0.000
488.380,0.000,0.228,0.200,0.000
488.400,0.000,0.226,0.200,0.000
488.420,0.000,0.228,0.200,0.000
488.440,0.000,0.219,0.200,0.000
488.460,0.000,0.215,0.200,0.000
488.480,0.000,0.211,0.200,0.000
488.500,0.000,0.207,0.200,0.000
488.520,0.000,0.203,0.200,0.000
488.540,0.000,0.192,0.200,0.000
488.560,0.000,0.188,0.200,0.000
488.580,0.000,0.174,0.200,0.000
488.600,0.000,0.170,0.200,0.000
488.620,0.000,0.155,0.200,0.000
488.640,0.000,0.149,0.200,0.000
488.660,0.000,0.133,0.200,0.000
488.680,0.000,0.132,0.200,0.000
488.700,0.000,0.118,0.200,0.000
488.720,0.000,0.114,0.200,0.000
488.740,0.000,0.098,0.200,0.000
488.760,0.000,0.094,0.200,0.000
488.780,0.000,0.090,0.200,0.000
488.800,0.000,0.079,0.200,0.000
488.820,0.000,0.075,0.200,0.000
488.840,0.000,0.068,0.200,0.000
488.860,0.000,0.070,0.200,0.000
488.880,0.000,0.060,0.200,0.000
488.900,0.000,0.064,0.200,0.000
488.920,0.000,0.058,0.200,0.000
488.940,0.000,0.069,0.200,0.000
488.960,0.000,0.066,0.200,0.000
488.980,0.000,0.072,0.200,0.000
489.000,0.000,0.074,0.200,0.000
489.020,0.000,0.080,0.200,0.000
489.040,0.000,0.087,0.200,0.000
489.060,0.000,0.095,0.200,0.000
489.080,0.000,0.099,0.200,0.000
489.100,0.000,0.108,0.200,0.000
489.120,0.000,0.116,0.200,0.000
489.140,0.000,0.131,0.200,0.000
489.160,0.000,0.136,0.200,0.000
489.180,0.000,0.145,0.200,0.000
489.200,0.000,0.155,0.200,0.000
489.220,0.000,0.166,0.197,0.000
489.240,0.000,0.172,0.195,0.000
489.260,0.000,0.178,0.195,0.000
489.280,0.000,0.190,0.195,0.000
489.300,0.000,0.195,0.195,0.000
489.320,0.000,0.203,0.195,0.000
489.340,0.000,0.208,0.195,0.000
489.360,0.000,0.209,0.195,0.000
489.380,0.000,0.211,0.195,0.000
489.400,0.000,0.211,0.195,0.000
489.420,0.000,0.215,0.195,0.000
489.440,0.000,0.212,0.195,0.000
489.460,0.000,0.214,0.195,0.000
489.480,0.000,0.211,0.195,0.000
489.500,0.000,0.210,0.195,0.000
489.520,0.000,0.203,0.195,0.000
489.540,0.000,0.199,0.195,0.000
489.560,0.000,0.192,0.195,0.000
489.580,0.000,0.190,0.195,0.000
489.600,0.000,0.178,0.195,0.000
489.620,0.000,0.172,0.195,0.000
489.640,0.000,0.162,0.195,0.000
489.660,0.000,0.151,0.195,0.000
489.680,0.000,0.144,0.195,0.000
489.700,0.000,0.133,0.195,0.000
489.720,0.000,0.128,0.195,0.000
489.740,0.000,0.116,0.195,0.000
489.760,0.000,0.110,0.193,0.000
489.780,0.000,0.099,0.191,0.000
489.800,0.000,0.093,0.187,0.000
489.820,0.000,0.085,0.187,0.000
489.840,0.000,0.082,0.187,0.000
489.860,0.000,0.076,0.187,0.000
489.880,0.000,0.070,0.187,0.000
489.900,0.000,0.066,0.187,0.000
489.920,0.000,0.067,0.187,0.000
489.940,0.000,0.066,0.187,0.000
489.960,0.000,0.069,0.187,0.000
489.980,0.000,0.069,0.187,0.000
490.000,0.000,0.068,0.187,0.000
490.020,0.000,0.075,0.187,0.000
490.040,0.000,0.079,0.187,0.000
490.060,0.000,0.087,0.187,0.000
490.080,0.000,0.090,0.187,0.000
490.100,0.000,0.099,0.187,0.000
490.120,0.000,0.101,0.187,0.000
490.140,0.000,0.114,0.187,0.000
490.160,0.000,0.124,0.187,0.000
490.180,0.000,0.133,0.187,0.000
490.200,0.000,0.137,0.187,0.000
490.220,0.000,0.149,0.187,0.000
490.240,0.000,0.158,0.187,0.000
490.260,0.000,0.168,0.187,0.000
490.280,0.000,0.178,0.185,0.000
490.300,0.000,0.183,0.180,0.000
490.320,0.000,0.190,0.180,0.000
490.340,0.000,0.197,0.180,0.000
490.360,0.000,0.203,0.180,0.000
490.380,0.000,0.208,0.180,0.000
490.400,0.000,0.215,0.180,0.000
490.420,0.000,0.215,0.180,0.000
490.440,0.000,0.217,0.180,0.000
490.460,0.000,0.215,0.180,0.000
490.480,0.000,0.219,0.180,0.000
490.500,0.000,0.214,0.180,0.000
490.520,0.000,0.215,0.180,0.000
490.540,0.000,0.212,0.180,0.000
490.560,0.000,0.208,0.180,0.000
490.580,0.000,0.203,0.180,0.000
490.600,0.000,0.198,0.180,0.000
490.620,0.000,0.190,0.180,0.000
490.640,0.000,0.183,0.180,0.000
490.660,0.000,0.173,0.180,0.000
490.680,0.000,0.169,0.180,0.000
490.700,0.000,0.157,0.180,0.000
490.720,0.000,0.148,0.180,0.000
490.740,0.000,0.140,0.180,0.000
490.760,0.000,0.132,0.180,0.000
490.780,0.000,0.121,0.180,0.000
490.800,0.000,0.115,0.177,0.000
490.820,0.000,0.104,0.177,0.000
490.840,0.000,0.099,0.177,0.000
490.860,0.000,0.092,0.177,0.000
490.880,0.000,0.088,0.177,0.000
490.900,0.000,0.080,0.177,0.000
490.920,0.000,0.079,0.177,0.000
490.940,0.000,0.074,0.177,0.000
490.960,0.000,0.072,0.177,0.000
490.980,0.000,0.072,0.177,0.000
491.000,0.000,0.070,0.177,0.000
491.020,0.000,0.074,0.177,0.000
491.040,0.000,0.077,0.177,0.000
491.060,0.000,0.076,0.177,0.000
491.080,0.000,0.080,0.177,0.000
491.100,0.000,0.088,0.177,0.000
491.120,0.000,0.092,0.177,0.000
491.140,0.000,0.096,0.177,0.000
491.160,0.000,0.103,0.177,0.000
491.180,0.000,0.114,0.177,0.000
491.200,0.000,0.124,0.177,0.000
491.220,0.000,0.130,0.177,0.000
491.240,0.000,0.137,0.177,0.000
491.260,0.000,0.145,0.177,0.000
491.280,0.000,0.155,0.177,0.000
491.300,0.000,0.166,0.176,0.000
491.320,0.000,0.169,0.174,0.000
491.340,0.000,0.178,0.174,0.000
491.360,0.000,0.186,0.173,0.000
491.380,0.000,0.188,0.173,0.000
491.400,0.000,0.196,0.173,0.000
491.420,0.000,0.199,0.173,0.000
491.440,0.000,0.206,0.173,0.000
491.460,0.000,0.209,0.173,0.000
491.480,0.000,0.210,0.173,0.000
491.500,0.000,0.208,0.173,0.000
491.520,0.000,0.211,0.173,0.000
491.540,0.000,0.208,0.173,0.000
491.560,0.000,0.207,0.173,0.000
491.580,0.000,0.204,0.173,0.000
491.600,0.000,0.200,0.173,0.000
491.620,0.000,0.192,0.173,0.000
491.640,0.000,0.188,0.173,0.000
491.660,0.000,0.182,0.173,0.000
491.680,0.000,0.174,0.173,0.000
491.700,0.000,0.170,0.173,0.000
491.720,0.000,0.160,0.173,0.000
491.740,0.000,0.152,0.173,0.000
491.760,0.000,0.145,0.173,0.000
491.780,0.000,0.135,0.173,0.000
491.800,0.000,0.130,0.173,0.000
491.820,0.000,0.119,0.173,0.000
491.840,0.000,0.110,0.173,0.000
491.860,0.000,0.101,0.172,0.000
491.880,0.000,0.095,0.171,0.000
491.900,0.000,0.091,0.170,0.000
491.920,0.000,0.087,0.170,0.000
491.940,0.000,0.078,0.170,0.000
491.960,0.000,0.077,0.170,0.000
491.980,0.000,0.072,0.170,0.000
492.000,0.000,0.072,0.170,0.000
492.020,0.000,0.071,0.170,0.000
492.040,0.000,0.072,0.170,0.000
492.060,0.000,0.074,0.170,0.000
492.080,0.000,0.074,0.170,0.000
492.100,0.000,0.078,0.170,0.000
492.120,0.000,0.084,0.170,0.000
492.140,0.000,0.086,0.170,0.000
492.160,0.000,0.094,0.170,0.000
492.180,0.000,0.099,0.170,0.000
492.200,0.000,0.105,0.170,0.000
492.220,0.000,0.112,0.170,0.000
492.240,0.000,0.124,0.170,0.000
492.260,0.000,0.130,0.170,0.000
492.280,0.000,0.141,0.170,0.000
492.300,0.000,0.145,0.170,0.000
492.320,0.000,0.157,0.170,0.000
492.340,0.000,0.164,0.170,0.000
492.360,0.000,0.175,0.170,0.000
492.380,0.000,0.177,0.170,0.000
492.400,0.000,0.188,0.170,0.000
492.420,0.000,0.189,0.170,0.000
492.440,0.000,0.198,0.170,0.000
492.460,0.000,0.198,0.170,0.000
492.480,0.000,0.207,0.170,0.000
492.500,0.000,0.203,0.170,0.000
492.520,0.000,0.211,0.170,0.000
492.540,0.000,0.206,0.170,0.000
492.560,0.000,0.212,0.170,0.000
492.580,0.000,0.205,0.170,0.000
492.600,0.000,0.209,0.170,0.000
492.620,0.000,0.203,0.170,0.000
492.640,0.000,0.200,0.170,0.000
492.660,0.000,0.195,0.170,0.000
492.680,0.000,0.190,0.170,0.000
492.700,0.000,0.183,0.170,0.000
492.720,0.000,0.180,0.170,0.000
492.740,0.000,0.171,0.170,0.000
492.760,0.000,0.163,0.170,0.000
492.780,0.000,0.157,0.170,0.000
492.800,0.000,0.145,0.170,0.000
492.820,0.000,0.142,0.170,0.000
492.840,0.000,0.135,0.170,0.000
492.860,0.000,0.125,0.170,0.000
492.880,0.000,0.122,0.170,0.000
492.900,0.000,0.110,0.170,0.000
492.920,0.000,0.103,0.170,0.000
492.940,0.000,0.099,0.170,0.000
492.960,0.000,0.093,0.170,0.000
492.980,0.000,0.088,0.170,0.000
493.000,0.000,0.086,0.170,0.000
493.020,0.000,0.084,0.170,0.000
493.040,0.000,0.081,0.170,0.000
493.060,0.000,0.081,0.170,0.000
493.080,0.000,0.079,0.170,0.000
493.100,0.000,0.083,0.170,0.000
493.120,0.000,0.082,0.170,0.000
493.140,0.000,0.087,0.170,0.000
493.160,0.000,0.091,0.170,0.000
493.180,0.000,0.094,0.170,0.000
493.200,0.000,0.095,0.170,0.000
493.220,0.000,0.104,0.170,0.000
493.240,0.000,0.108,0.170,0.000
493.260,0.000,0.122,0.170,0.000
493.280,0.000,0.126,0.170,0.000
493.300,0.000,0.133,0.170,0.000
493.320,0.000,0.138,0.170,0.000
493.340,0.000,0.149,0.170,0.000
493.360,0.000,0.154,0.170,0.000
493.380,0.000,0.159,0.169,0.000
493.400,0.000,0.171,0.169,0.000
493.420,0.000,0.177,0.160,0.000
493.440,0.000,0.183,0.160,0.000
493.460,0.000,0.185,0.160,0.000
493.480,0.000,0.193,0.160,0.000
493.500,0.000,0.197,0.160,0.000
493.520,0.000,0.203,0.160,0.000
493.540,0.000,0.202,0.160,0.000
493.560,0.000,0.204,0.160,0.000
493.580,0.000,0.206,0.160,0.000
493.600,0.000,0.206,0.160,0.000
493.620,0.000,0.201,0.160,0.000
493.640,0.000,0.203,0.160,0.000
493.660,0.000,0.201,0.160,0.000
493.680,0.000,0.194,0.160,0.000
493.700,0.000,0.193,0.160,0.000
493.720,0.000,0.186,0.160,0.000
493.740,0.000,0.180,0.160,0.000
493.760,0.000,0.171,0.160,0.000
493.780,0.000,0.169,0.160,0.000
493.800,0.000,0.153,0.160,0.000
493.820,0.000,0.153,0.160,0.000
493.840,0.000,0.142,0.160,0.000
493.860,0.000,0.134,0.160,0.000
493.880,0.000,0.130,0.160,0.000
493.900,0.000,0.117,0.160,0.000
493.920,0.000,0.113,0.153,0.000
493.940,0.000,0.108,0.153,0.000
493.960,0.000,0.097,0.153,0.000
493.980,0.000,0.096,0.153,0.000
494.000,0.000,0.089,0.153,0.000
494.020,0.000,0.091,0.153,0.000
494.040,0.000,0.076,0.153,0.000
494.060,0.000,0.083,0.153,0.000
494.080,0.000,0.075,0.153,0.000
494.100,0.000,0.079,0.153,0.000
494.120,0.000,0.076,0.153,0.000
494.140,0.000,0.082,0.153,0.000
494.160,0.000,0.078,0.153,0.000
494.180,0.000,0.084,0.153,0.000
494.200,0.000,0.087,0.153,0.000
494.220,0.000,0.092,0.153,0.000
494.240,0.000,0.102,0.153,0.000
494.260,0.000,0.099,0.153,0.000
494.280,0.000,0.111,0.153,0.000
494.300,0.000,0.112,0.153,0.000
494.320,0.000,0.126,0.153,0.000
494.340,0.000,0.126,0.153,0.000
494.360,0.000,0.139,0.153,0.000
494.380,0.000,0.142,0.153,0.000
494.400,0.000,0.153,0.153,0.000
494.420,0.000,0.158,0.153,0.000
494.440,0.000,0.169,0.153,0.000
494.460,0.000,0.168,0.153,0.000
494.480,0.000,0.178,0.153,0.000
494.500,0.000,0.186,0.153,0.000
494.520,0.000,0.188,0.153,0.000
494.540,0.000,0.193,0.153,0.000
494.560,0.000,0.194,0.153,0.000
494.580,0.000,0.198,0.153,0.000
494.600,0.000,0.196,0.153,0.000
494.620,0.000,0.199,0.153,0.000
494.640,0.000,0.199,0.153,0.000
494.660,0.000,0.203,0.153,0.000
494.680,0.000,0.195,0.153,0.000
494.700,0.000,0.198,0.153,0.000
494.720,0.000,0.188,0.153,0.000
494.740,0.000,0.188,0.153,0.000
494.760,0.000,0.185,0.153,0.000
494.780,0.000,0.181,0.153,0.000
494.800,0.000,0.169,0.153,0.000
494.820,0.000,0.164,0.153,0.000
494.840,0.000,0.161,0.153,0.000
494.860,0.000,0.155,0.153,0.000
494.880,0.000,0.145,0.153,0.000
494.900,0.000,0.141,0.152,0.000
494.920,0.000,0.134,0.152,0.000
494.940,0.000,0.123,0.151,0.000
494.960,0.000,0.123,0.151,0.000
494.980,0.000,0.109,0.151,0.000
495.000,0.000,0.108,0.149,0.000
495.020,0.000,0.100,0.149,0.000
495.040,0.000,0.101,0.149,0.000
495.060,0.000,0.093,0.149,0.000
495.080,0.000,0.091,0.149,0.000
495.100,0.000,0.086,0.149,0.000
495.120,0.000,0.087,0.149,0.000
495.140,0.000,0.084,0.149,0.000
495.160,0.000,0.087,0.149,0.000
495.180,0.000,0.087,0.149,0.000
495.200,0.000,0.093,0.149,0.000
495.220,0.000,0.091,0.149,0.000
495.240,0.000,0.096,0.149,0.000
495.260,0.000,0.095,0.149,0.000
495.280,0.000,0.102,0.149,0.000
495.300,0.000,0.108,0.149,0.000
495.320,0.000,0.114,0.149,0.000
495.340,0.000,0.128,0.149,0.000
495.360,0.000,0.130,0.149,0.000
495.380,0.000,0.134,0.149,0.000
495.400,0.000,0.138,0.149,0.000
495.420,0.000,0.149,0.149,0.000
495.440,0.000,0.157,0.149,0.000
495.460,0.000,0.162,0.149,0.000
495.480,0.000,0.169,0.146,0.000
495.500,0.000,0.172,0.146,0.000
495.520,0.000,0.174,0.143,0.000
495.540,0.000,0.186,0.143,0.000
495.560,0.000,0.190,0.143,0.000
495.580,0.000,0.197,0.143,0.000
495.600,0.000,0.199,0.143,0.000
495.620,0.000,0.204,0.143,0.000
495.640,0.000,0.206,0.143,0.000
495.660,0.000,0.206,0.143,0.000
495.680,0.000,0.203,0.143,0.000
495.700,0.000,0.203,0.143,0.000
495.720,0.000,0.204,0.143,0.000
495.740,0.000,0.194,0.143,0.000
495.760,0.000,0.192,0.143,0.000
495.780,0.000,0.189,0.143,0.000
495.800,0.000,0.185,0.143,0.000
495.820,0.000,0.173,0.143,0.000
495.840,0.000,0.172,0.143,0.000
495.860,0.000,0.168,0.143,0.000
495.880,0.000,0.162,0.143,0.000
495.900,0.000,0.152,0.143,0.000
495.920,0.000,0.145,0.143,0.000
495.940,0.000,0.138,0.143,0.000
495.960,0.000,0.132,0.143,0.000
495.980,0.000,0.128,0.143,0.000
496.000,0.000,0.112,0.141,0.000
496.020,0.000,0.115,0.141,0.000
496.040,0.000,0.098,0.141,0.000
496.060,0.000,0.099,0.141,0.000
496.080,0.000,0.095,0.141,0.000
496.100,0.000,0.094,0.141,0.000
496.120,0.000,0.091,0.141,0.000
496.140,0.000,0.093,0.141,0.000
496.160,0.000,0.083,0.141,0.000
496.180,0.000,0.084,0.141,0.000
496.200,0.000,0.082,0.141,0.000
496.220,0.000,0.085,0.141,0.000
496.240,0.000,0.088,0.141,0.000
496.260,0.000,0.093,0.141,0.000
496.280,0.000,0.093,0.141,0.000
496.300,0.000,0.094,0.141,0.000
496.320,0.000,0.095,0.141,0.000
496.340,0.000,0.108,0.141,0.000
496.360,0.000,0.108,0.141,0.000
496.380,0.000,0.116,0.141,0.000
496.400,0.000,0.124,0.141,0.000
496.420,0.000,0.132,0.141,0.000
496.440,0.000,0.134,0.141,0.000
496.460,0.000,0.145,0.141,0.000
496.480,0.000,0.150,0.141,0.000
496.500,0.000,0.158,0.141,0.000
496.520,0.000,0.163,0.141,0.000
496.540,0.000,0.171,0.141,0.000
496.560,0.000,0.171,0.141,0.000
496.580,0.000,0.182,0.141,0.000
496.600,0.000,0.188,0.141,0.000
496.620,0.000,0.190,0.141,0.000
496.640,0.000,0.190,0.141,0.000
496.660,0.000,0.191,0.141,0.000
496.680,0.000,0.192,0.141,0.000
496.700,0.000,0.192,0.141,0.000
496.720,0.000,0.192,0.141,0.000
496.740,0.000,0.194,0.141,0.000
496.760,0.000,0.191,0.141,0.000
496.780,0.000,0.190,0.141,0.000
496.800,0.000,0.190,0.141,0.000
496.820,0.000,0.190,0.141,0.000
496.840,0.000,0.182,0.141,0.000
496.860,0.000,0.177,0.141,0.000
496.880,0.000,0.170,0.141,0.000
496.900,0.000,0.164,0.141,0.000
496.920,0.000,0.160,0.141,0.000
496.940,0.000,0.152,0.141,0.000
496.960,0.000,0.142,0.141,0.000
496.980,0.000,0.141,0.141,0.000
497.000,0.000,0.128,0.141,0.000
497.020,0.000,0.128,0.140,0.000
497.040,0.000,0.123,0.139,0.000
497.060,0.000,0.120,0.138,0.000
497.080,0.000,0.106,0.137,0.000
497.100,0.000,0.104,0.137,0.000
497.120,0.000,0.102,0.137,0.000
497.140,0.000,0.103,0.137,0.000
497.160,0.000,0.094,0.137,0.000
497.180,0.000,0.095,0.137,0.000
497.200,0.000,0.088,0.137,0.000
497.220,0.000,0.087,0.137,0.000
497.240,0.000,0.087,0.137,0.000
497.260,0.000,0.090,0.137,0.000
497.280,0.000,0.095,0.137,0.000
497.300,0.000,0.099,0.137,0.000
497.320,0.000,0.102,0.137,0.000
497.340,0.000,0.102,0.137,0.000
497.360,0.000,0.105,0.137,0.000
497.380,0.000,0.111,0.137,0.000
497.400,0.000,0.122,0.137,0.000
497.420,0.000,0.124,0.137,0.000
497.440,0.000,0.128,0.137,0.000
497.460,0.000,0.133,0.137,0.000
497.480,0.000,0.143,0.137,0.000
497.500,0.000,0.145,0.137,0.000
497.520,0.000,0.158,0.137,0.000
497.540,0.000,0.161,0.137,0.000
497.560,0.000,0.169,0.134,0.000
497.580,0.000,0.173,0.134,0.000
497.600,0.000,0.178,0.131,0.000
497.620,0.000,0.179,0.131,0.000
497.640,0.000,0.188,0.131,0.000
497.660,0.000,0.191,0.131,0.000
497.680,0.000,0.195,0.131,0.000
497.700,0.000,0.198,0.131,0.000
497.720,0.000,0.199,0.131,0.000
497.740,0.000,0.199,0.131,0.000
497.760,0.000,0.199,0.131,0.000
497.780,0.000,0.199,0.131,0.000
497.800,0.000,0.199,0.131,0.000
497.820,0.000,0.195,0.131,0.000
497.840,0.000,0.192,0.131,0.000
497.860,0.000,0.186,0.131,0.000
497.880,0.000,0.179,0.131,0.000
497.900,0.000,0.173,0.131,0.000
497.920,0.000,0.172,0.131,0.000
497.940,0.000,0.170,0.131,0.000
497.960,0.000,0.157,0.131,0.000
497.980,0.000,0.153,0.131,0.000
498.000,0.000,0.148,0.131,0.000
498.020,0.000,0.141,0.131,0.000
498.040,0.000,0.133,0.131,0.000
498.060,0.000,0.132,0.131,0.000
498.080,0.000,0.125,0.131,0.000
498.100,0.000,0.120,0.131,0.000
498.120,0.000,0.110,0.131,0.000
498.140,0.000,0.110,0.131,0.000
498.160,0.000,0.097,0.131,0.000
498.180,0.000,0.095,0.131,0.000
498.200,0.000,0.095,0.131,0.000
498.220,0.000,0.094,0.131,0.000
498.240,0.000,0.094,0.131,0.000
498.260,0.000,0.095,0.131,0.000
498.280,0.000,0.094,0.131,0.000
498.300,0.000,0.094,0.131,0.000
498.320,0.000,0.095,0.131,0.000
498.340,0.000,0.095,0.131,0.000
498.360,0.000,0.095,0.131,0.000
498.380,0.000,0.095,0.131,0.000
498.400,0.000,0.102,0.131,0.000
498.420,0.000,0.110,0.131,0.000
498.440,0.000,0.114,0.131,0.000
498.460,0.000,0.120,0.131,0.000
498.480,0.000,0.129,0.131,0.000
498.500,0.000,0.132,0.131,0.000
498.520,0.000,0.136,0.131,0.000
498.540,0.000,0.144,0.131,0.000
498.560,0.000,0.147,0.131,0.000
498.580,0.000,0.153,0.131,0.000
498.600,0.000,0.157,0.131,0.000
498.620,0.000,0.169,0.131,0.000
498.640,0.000,0.172,0.131,0.000
498.660,0.000,0.175,0.131,0.000
498.680,0.000,0.178,0.131,0.000
498.700,0.000,0.187,0.131,0.000
498.720,0.000,0.189,0.131,0.000
498.740,0.000,0.190,0.131,0.000
498.760,0.000,0.191,0.131,0.000
498.780,0.000,0.191,0.131,0.000
498.800,0.000,0.190,0.131,0.000
498.820,0.000,0.192,0.131,0.000
498.840,0.000,0.190,0.131,0.000
498.860,0.000,0.188,0.131,0.000
498.880,0.000,0.187,0.131,0.000
498.900,0.000,0.179,0.131,0.000
498.920,0.000,0.174,0.131,0.000
498.940,0.000,0.171,0.131,0.000
498.960,0.000,0.169,0.131,0.000
498.980,0.000,0.161,0.131,0.000
499.000,0.000,0.155,0.131,0.000
499.020,0.000,0.149,0.131,0.000
499.040,0.000,0.144,0.131,0.000
499.060,0.000,0.137,0.131,0.000
499.080,0.000,0.132,0.130,0.000
499.100,0.000,0.127,0.130,0.000
499.120,0.000,0.122,0.128,0.000
499.140,0.000,0.117,0.128,0.000
499.160,0.000,0.107,0.124,0.000
499.180,0.000,0.103,0.124,0.000
499.200,0.000,0.102,0.124,0.000
499.220,0.000,0.103,0.124,0.000
499.240,0.000,0.102,0.124,0.000
499.260,0.000,0.093,0.124,0.000
499.280,0.000,0.091,0.124,0.000
499.300,0.000,0.091,0.124,0.000
499.320,0.000,0.093,0.124,0.000
499.340,0.000,0.093,0.124,0.000
499.360,0.000,0.095,0.124,0.000
499.380,0.000,0.099,0.124,0.000
499.400,0.000,0.103,0.124,0.000
499.420,0.000,0.103,0.124,0.000
499.440,0.000,0.105,0.124,0.000
499.460,0.000,0.108,0.124,0.000
499.480,0.000,0.120,0.124,0.000
499.500,0.000,0.123,0.124,0.000
499.520,0.000,0.128,0.124,0.000
499.540,0.000,0.132,0.124,0.000
499.560,0.000,0.142,0.124,0.000
499.580,0.000,0.144,0.124,0.000
499.600,0.000,0.154,0.124,0.000
499.620,0.000,0.162,0.124,0.000
499.640,0.000,0.162,0.124,0.000
499.660,0.000,0.170,0.124,0.000
499.680,0.000,0.176,0.124,0.000
499.700,0.000,0.180,0.124,0.000
499.720,0.000,0.182,0.124,0.000
499.740,0.000,0.184,0.124,0.000
499.760,0.000,0.187,0.124,0.000
499.780,0.000,0.191,0.124,0.000
499.800,0.000,0.190,0.124,0.000
499.820,0.000,0.194,0.124,0.000
499.840,0.000,0.190,0.124,0.000
499.860,0.000,0.193,0.124,0.000
499.880,0.000,0.192,0.124,0.000
499.900,0.000,0.187,0.124,0.000
499.920,0.000,0.184,0.124,0.000
499.940,0.000,0.183,0.124,0.000
499.960,0.000,0.178,0.124,0.000
499.980,0.000,0.173,0.124,0.000
500.000,0.000,0.170,0.124,0.000
500.020,0.000,0.166,0.124,0.000
500.040,0.000,0.156,0.124,0.000
500.060,0.000,0.153,0.124,0.000
500.080,0.000,0.153,0.124,0.000
500.100,0.000,0.141,0.124,0.000
500.120,0.000,0.134,0.124,0.000
500.140,0.000,0.132,0.124,0.000
500.160,0.000,0.130,0.124,0.000
500.180,0.000,0.124,0.124,0.000
500.200,0.000,0.115,0.124,0.000
500.220,0.000,0.112,0.124,0.000
500.240,0.000,0.105,0.124,0.000
500.260,0.000,0.099,0.124,0.000
500.280,0.000,0.098,0.124,0.000
500.300,0.000,0.097,0.124,0.000
500.320,0.000,0.095,0.124,0.000
500.340,0.000,0.095,0.124,0.000
500.360,0.000,0.095,0.124,0.000
500.380,0.000,0.095,0.124,0.000
500.400,0.000,0.095,0.124,0.000
500.420,0.000,0.096,0.124,0.000
500.440,0.000,0.099,0.124,0.000
500.460,0.000,0.099,0.124,0.000
500.480,0.000,0.111,0.124,0.000
500.500,0.000,0.113,0.124,0.000
500.520,0.000,0.121,0.124,0.000
500.540,0.000,0.123,0.124,0.000
500.560,0.000,0.132,0.124,0.000
500.580,0.000,0.132,0.124,0.000
500.600,0.000,0.137,0.124,0.000
500.620,0.000,0.144,0.124,0.000
500.640,0.000,0.151,0.124,0.000
500.660,0.000,0.153,0.122,0.000
500.680,0.000,0.157,0.122,0.000
500.700,0.000,0.170,0.122,0.000
500.720,0.000,0.170,0.118,0.000
500.740,0.000,0.172,0.118,0.000
500.760,0.000,0.172,0.118,0.000
500.780,0.000,0.186,0.118,0.000
500.800,0.000,0.178,0.118,0.000
500.820,0.000,0.190,0.118,0.000
500.840,0.000,0.185,0.118,0.000
500.860,0.000,0.190,0.118,0.000
500.880,0.000,0.186,0.118,0.000
500.900,0.000,0.190,0.118,0.000
500.920,0.000,0.182,0.118,0.000
500.940,0.000,0.183,0.118,0.000
500.960,0.000,0.177,0.118,0.000
500.980,0.000,0.172,0.118,0.000
501.000,0.000,0.174,0.118,0.000
501.020,0.000,0.171,0.118,0.000
501.040,0.000,0.166,0.118,0.000
501.060,0.000,0.153,0.118,0.000
501.080,0.000,0.153,0.118,0.000
501.100,0.000,0.148,0.118,0.000
501.120,0.000,0.146,0.118,0.000
501.140,0.000,0.132,0.118,0.000
501.160,0.000,0.133,0.118,0.000
501.180,0.000,0.131,0.118,0.000
501.200,0.000,0.127,0.114,0.000
501.220,0.000,0.115,0.113,0.000
501.240,0.000,0.113,0.113,0.000
501.260,0.000,0.112,0.113,0.000
501.280,0.000,0.108,0.113,0.000
501.300,0.000,0.099,0.113,0.000
501.320,0.000,0.095,0.113,0.000
501.340,0.000,0.096,0.113,0.000
501.360,0.000,0.095,0.113,0.000
501.380,0.000,0.097,0.113,0.000
501.400,0.000,0.094,0.113,0.000
501.420,0.000,0.094,0.113,0.000
501.440,0.000,0.099,0.113,0.000
501.460,0.000,0.102,0.113,0.000
501.480,0.000,0.103,0.113,0.000
501.500,0.000,0.107,0.113,0.000
501.520,0.000,0.106,0.113,0.000
501.540,0.000,0.119,0.113,0.000
501.560,0.000,0.122,0.113,0.000
501.580,0.000,0.124,0.113,0.000
501.600,0.000,0.125,0.113,0.000
501.620,0.000,0.135,0.113,0.000
501.640,0.000,0.141,0.113,0.000
501.660,0.000,0.144,0.113,0.000
501.680,0.000,0.149,0.113,0.000
501.700,0.000,0.161,0.113,0.000
501.720,0.000,0.162,0.113,0.000
501.740,0.000,0.162,0.113,0.000
501.760,0.000,0.171,0.113,0.000
501.780,0.000,0.174,0.113,0.000
501.800,0.000,0.180,0.113,0.000
501.820,0.000,0.181,0.113,0.000
501.840,0.000,0.183,0.113,0.000
501.860,0.000,0.190,0.113,0.000
501.880,0.000,0.187,0.113,0.000
501.900,0.000,0.189,0.113,0.000
501.920,0.000,0.190,0.113,0.000
501.940,0.000,0.189,0.113,0.000
501.960,0.000,0.185,0.113,0.000
501.980,0.000,0.185,0.113,0.000
502.000,0.000,0.182,0.113,0.000
502.020,0.000,0.181,0.113,0.000
502.040,0.000,0.174,0.113,0.000
502.060,0.000,0.171,0.113,0.000
502.080,0.000,0.170,0.113,0.000
502.100,0.000,0.162,0.113,0.000
502.120,0.000,0.161,0.113,0.000
502.140,0.000,0.154,0.113,0.000
502.160,0.000,0.149,0.113,0.000
502.180,0.000,0.143,0.113,0.000
502.200,0.000,0.137,0.113,0.000
502.220,0.000,0.132,0.112,0.000
502.240,0.000,0.128,0.110,0.000
502.260,0.000,0.124,0.109,0.000
502.280,0.000,0.124,0.109,0.000
502.300,0.000,0.120,0.109,0.000
502.320,0.000,0.111,0.109,0.000
502.340,0.000,0.107,0.109,0.000
502.360,0.000,0.103,0.109,0.000
502.380,0.000,0.105,0.109,0.000
502.400,0.000,0.100,0.109,0.000
502.420,0.000,0.100,0.109,0.000
502.440,0.000,0.099,0.109,0.000
502.460,0.000,0.099,0.109,0.000
502.480,0.000,0.103,0.109,0.000
502.500,0.000,0.103,0.109,0.000
502.520,0.000,0.110,0.109,0.000
502.540,0.000,0.111,0.109,0.000
502.560,0.000,0.118,0.109,0.000
502.580,0.000,0.124,0.109,0.000
502.600,0.000,0.127,0.109,0.000
502.620,0.000,0.132,0.109,0.000
502.640,0.000,0.133,0.109,0.000
502.660,0.000,0.134,0.109,0.000
502.680,0.000,0.145,0.109,0.000
502.700,0.000,0.142,0.109,0.000
502.720,0.000,0.153,0.109,0.000
502.740,0.000,0.153,0.109,0.000
502.760,0.000,0.165,0.109,0.000
502.780,0.000,0.166,0.108,0.000
502.800,0.000,0.171,0.105,0.000
502.820,0.000,0.172,0.103,0.000
502.840,0.000,0.172,0.103,0.000
502.860,0.000,0.174,0.103,0.000
502.880,0.000,0.184,0.103,0.000
502.900,0.000,0.178,0.103,0.000
502.920,0.000,0.184,0.103,0.000
502.940,0.000,0.184,0.103,0.000
502.960,0.000,0.188,0.103,0.000
502.980,0.000,0.182,0.103,0.000
503.000,0.000,0.179,0.103,0.000
503.020,0.000,0.178,0.103,0.000
503.040,0.000,0.172,0.103,0.000
503.060,0.000,0.172,0.103,0.000
503.080,0.000,0.171,0.103,0.000
503.100,0.000,0.170,0.103,0.000
503.120,0.000,0.160,0.103,0.000
503.140,0.000,0.159,0.103,0.000
503.160,0.000,0.153,0.103,0.000
503.180,0.000,0.151,0.103,0.000
503.200,0.000,0.138,0.103,0.000
503.220,0.000,0.138,0.103,0.000
503.240,0.000,0.132,0.103,0.000
503.260,0.000,0.132,0.103,0.000
503.280,0.000,0.127,0.103,0.000
503.300,0.000,0.123,0.103,0.000
503.320,0.000,0.114,0.103,0.000
503.340,0.000,0.113,0.103,0.000
503.360,0.000,0.104,0.103,0.000
503.380,0.000,0.103,0.103,0.000
503.400,0.000,0.100,0.103,0.000
503.420,0.000,0.100,0.103,0.000
503.440,0.000,0.098,0.103,0.000
503.460,0.000,0.097,0.103,0.000
503.480,0.000,0.098,0.103,0.000
503.500,0.000,0.095,0.103,0.000
503.520,0.000,0.100,0.103,0.000
503.540,0.000,0.103,0.103,0.000
503.560,0.000,0.103,0.103,0.000
503.580,0.000,0.107,0.103,0.000
503.600,0.000,0.112,0.103,0.000
503.620,0.000,0.114,0.103,0.000
503.640,0.000,0.122,0.103,0.000
503.660,0.000,0.124,0.103,0.000
503.680,0.000,0.128,0.103,0.000
503.700,0.000,0.134,0.103,0.000
503.720,0.000,0.137,0.103,0.000
503.740,0.000,0.142,0.103,0.000
503.760,0.000,0.149,0.103,0.000
503.780,0.000,0.151,0.103,0.000
503.800,0.000,0.161,0.103,0.000
503.820,0.000,0.161,0.103,0.000
503.840,0.000,0.164,0.103,0.000
503.860,0.000,0.164,0.103,0.000
503.880,0.000,0.176,0.103,0.000
503.900,0.000,0.176,0.103,0.000
503.920,0.000,0.184,0.103,0.000
503.940,0.000,0.182,0.103,0.000
503.960,0.000,0.185,0.103,0.000
503.980,0.000,0.183,0.103,0.000
504.000,0.000,0.186,0.103,0.000
504.020,0.000,0.186,0.103,0.000
504.040,0.000,0.182,0.103,0.000
504.060,0.000,0.182,0.103,0.000
504.080,0.000,0.181,0.103,0.000
504.100,0.000,0.178,0.103,0.000
504.120,0.000,0.170,0.103,0.000
504.140,0.000,0.167,0.103,0.000
504.160,0.000,0.162,0.103,0.000
504.180,0.000,0.162,0.103,0.000
504.200,0.000,0.155,0.103,0.000
504.220,0.000,0.156,0.103,0.000
504.240,0.000,0.145,0.103,0.000
504.260,0.000,0.143,0.103,0.000
504.280,0.000,0.136,0.102,0.000
504.300,0.000,0.132,0.101,0.000
504.320,0.000,0.128,0.101,0.000
504.340,0.000,0.124,0.100,0.000
504.360,0.000,0.123,0.100,0.000
504.380,0.000,0.114,0.100,0.000
504.400,0.000,0.118,0.100,0.000
504.420,0.000,0.108,0.100,0.000
504.440,0.000,0.111,0.100,0.000
504.460,0.000,0.104,0.100,0.000
504.480,0.000,0.108,0.100,0.000
504.500,0.000,0.102,0.100,0.000
504.520,0.000,0.106,0.100,0.000
504.540,0.000,0.104,0.100,0.000
504.560,0.000,0.108,0.100,0.000
504.580,0.000,0.104,0.100,0.000
504.600,0.000,0.118,0.100,0.000
504.620,0.000,0.116,0.100,0.000
504.640,0.000,0.122,0.100,0.000
504.660,0.000,0.124,0.100,0.000
504.680,0.000,0.130,0.100,0.000
504.700,0.000,0.132,0.100,0.000
504.720,0.000,0.132,0.100,0.000
504.740,0.000,0.136,0.100,0.000
504.760,0.000,0.139,0.100,0.000
504.780,0.000,0.149,0.100,0.000
504.800,0.000,0.149,0.100,0.000
504.820,0.000,0.156,0.099,0.000
504.840,0.000,0.158,0.099,0.000
504.860,0.000,0.170,0.098,0.000
504.880,0.000,0.169,0.096,0.000
504.900,0.000,0.171,0.096,0.000
504.920,0.000,0.172,0.096,0.000
504.940,0.000,0.172,0.096,0.000
504.960,0.000,0.174,0.096,0.000
504.980,0.000,0.180,0.096,0.000
505.000,0.000,0.178,0.096,0.000
505.020,0.000,0.183,0.096,0.000
505.040,0.000,0.174,0.096,0.000
505.060,0.000,0.180,0.096,0.000
505.080,0.000,0.176,0.096,0.000
505.100,0.000,0.178,0.096,0.000
505.120,0.000,0.172,0.096,0.000
505.140,0.000,0.172,0.096,0.000
505.160,0.000,0.172,0.096,0.000
505.180,0.000,0.170,0.096,0.000
505.200,0.000,0.166,0.096,0.000
505.220,0.000,0.153,0.096,0.000
505.240,0.000,0.153,0.096,0.000
505.260,0.000,0.153,0.096,0.000
505.280,0.000,0.149,0.096,0.000
505.300,0.000,0.136,0.096,0.000
505.320,0.000,0.133,0.096,0.000
505.340,0.000,0.132,0.096,0.000
505.360,0.000,0.132,0.096,0.000
505.380,0.000,0.125,0.096,0.000
505.400,0.000,0.120,0.096,0.000
505.420,0.000,0.113,0.096,0.000
505.440,0.000,0.114,0.096,0.000
505.460,0.000,0.110,0.096,0.000
505.480,0.000,0.108,0.096,0.000
505.500,0.000,0.103,0.096,0.000
505.520,0.000,0.100,0.096,0.000
505.540,0.000,0.103,0.096,0.000
505.560,0.000,0.098,0.096,0.000
505.580,0.000,0.102,0.096,0.000
505.600,0.000,0.098,0.096,0.000
505.620,0.000,0.110,0.096,0.000
505.640,0.000,0.108,0.096,0.000
505.660,0.000,0.113,0.096,0.000
505.680,0.000,0.114,0.096,0.000
505.700,0.000,0.120,0.096,0.000
505.720,0.000,0.120,0.096,0.000
505.740,0.000,0.129,0.096,0.000
505.760,0.000,0.133,0.096,0.000
505.780,0.000,0.132,0.096,0.000
505.800,0.000,0.136,0.096,0.000
505.820,0.000,0.139,0.096,0.000
505.840,0.000,0.148,0.096,0.000
505.860,0.000,0.151,0.096,0.000
505.880,0.000,0.156,0.096,0.000
505.900,0.000,0.157,0.096,0.000
505.920,0.000,0.168,0.096,0.000
505.940,0.000,0.166,0.096,0.000
505.960,0.000,0.171,0.096,0.000
505.980,0.000,0.172,0.096,0.000
506.000,0.000,0.173,0.096,0.000
506.020,0.000,0.171,0.096,0.000
506.040,0.000,0.178,0.096,0.000
506.060,0.000,0.177,0.096,0.000
506.080,0.000,0.178,0.096,0.000
506.100,0.000,0.177,0.096,0.000
506.120,0.000,0.176,0.096,0.000
506.140,0.000,0.174,0.096,0.000
506.160,0.000,0.172,0.096,0.000
506.180,0.000,0.172,0.096,0.000
506.200,0.000,0.163,0.096,0.000
506.220,0.000,0.163,0.096,0.000
506.240,0.000,0.157,0.096,0.000
506.260,0.000,0.160,0.096,0.000
506.280,0.000,0.153,0.096,0.000
506.300,0.000,0.152,0.096,0.000
506.320,0.000,0.144,0.096,0.000
506.340,0.000,0.141,0.096,0.000
506.360,0.000,0.134,0.096,0.000
506.380,0.000,0.134,0.096,0.000
506.400,0.000,0.124,0.096,0.000
506.420,0.000,0.124,0.094,0.000
506.440,0.000,0.122,0.094,0.000
506.460,0.000,0.121,0.094,0.000
506.480,0.000,0.118,0.094,0.000
506.500,0.000,0.114,0.094,0.000
506.520,0.000,0.108,0.094,0.000
506.540,0.000,0.107,0.094,0.000
506.560,0.000,0.107,0.094,0.000
506.580,0.000,0.105,0.094,0.000
506.600,0.000,0.108,0.094,0.000
506.620,0.000,0.106,0.094,0.000
506.640,0.000,0.112,0.094,0.000
506.660,0.000,0.111,0.094,0.000
506.680,0.000,0.120,0.094,0.000
506.700,0.000,0.121,0.094,0.000
506.720,0.000,0.123,0.094,0.000
506.740,0.000,0.126,0.094,0.000
506.760,0.000,0.129,0.094,0.000
506.780,0.000,0.132,0.094,0.000
506.800,0.000,0.135,0.094,0.000
506.820,0.000,0.137,0.094,0.000
506.840,0.000,0.141,0.094,0.000
506.860,0.000,0.148,0.094,0.000
506.880,0.000,0.153,0.094,0.000
506.900,0.000,0.157,0.094,0.000
506.920,0.000,0.161,0.093,0.000
506.940,0.000,0.164,0.093,0.000
506.960,0.000,0.169,0.093,0.000
506.980,0.000,0.172,0.093,0.000
507.000,0.000,0.172,0.093,0.000
507.020,0.000,0.172,0.093,0.000
507.040,0.000,0.174,0.093,0.000
507.060,0.000,0.177,0.093,0.000
507.080,0.000,0.177,0.093,0.000
507.100,0.000,0.174,0.093,0.000
507.120,0.000,0.174,0.093,0.000
507.140,0.000,0.176,0.093,0.000
507.160,0.000,0.175,0.093,0.000
507.180,0.000,0.176,0.093,0.000
507.200,0.000,0.171,0.093,0.000
507.220,0.000,0.173,0.093,0.000
507.240,0.000,0.170,0.093,0.000
507.260,0.000,0.170,0.093,0.000
507.280,0.000,0.165,0.093,0.000
507.300,0.000,0.157,0.093,0.000
507.320,0.000,0.156,0.093,0.000
507.340,0.000,0.149,0.093,0.000
507.360,0.000,0.149,0.093,0.000
507.380,0.000,0.134,0.093,0.000
507.400,0.000,0.143,0.093,0.000
507.420,0.000,0.130,0.093,0.000
507.440,0.000,0.137,0.093,0.000
507.460,0.000,0.122,0.093,0.000
507.480,0.000,0.132,0.093,0.000
507.500,0.000,0.115,0.093,0.000
507.520,0.000,0.130,0.093,0.000
507.540,0.000,0.099,0.093,0.000
507.560,0.000,0.124,0.093,0.000
507.580,0.000,0.097,0.093,0.000
507.600,0.000,0.124,0.093,0.000
507.620,0.000,0.097,0.093,0.000
507.640,0.000,0.120,0.093,0.000
507.660,0.000,0.099,0.093,0.000
507.680,0.000,0.117,0.093,0.000
507.700,0.000,0.102,0.093,0.000
507.720,0.000,0.123,0.093,0.000
507.740,0.000,0.109,0.093,0.000
507.760,0.000,0.122,0.093,0.000
507.780,0.000,0.116,0.093,0.000
507.800,0.000,0.128,0.093,0.000
507.820,0.000,0.126,0.093,0.000
507.840,0.000,0.131,0.093,0.000
507.860,0.000,0.134,0.093,0.000
507.880,0.000,0.134,0.093,0.000
507.900,0.000,0.146,0.093,0.000
507.920,0.000,0.137,0.093,0.000
507.940,0.000,0.157,0.093,0.000
507.960,0.000,0.141,0.090,0.000
507.980,0.000,0.170,0.090,0.000
508.000,0.000,0.146,0.090,0.000
508.020,0.000,0.176,0.090,0.000
508.040,0.000,0.153,0.090,0.000
508.060,0.000,0.184,0.090,0.000
508.080,0.000,0.157,0.090,0.000
508.100,0.000,0.186,0.090,0.000
508.120,0.000,0.158,0.090,0.000
508.140,0.000,0.186,0.091,0.000
508.160,0.000,0.161,0.091,0.000
508.180,0.000,0.185,0.091,0.000
508.200,0.000,0.163,0.091,0.000
508.220,0.000,0.181,0.091,0.000
508.240,0.000,0.160,0.091,0.000
508.260,0.000,0.174,0.091,0.000
508.280,0.000,0.158,0.091,0.000
508.300,0.000,0.166,0.091,0.000
508.320,0.000,0.155,0.091,0.000
508.340,0.000,0.156,0.091,0.000
508.360,0.000,0.146,0.091,0.000
508.380,0.000,0.150,0.091,0.000
508.400,0.000,0.140,0.091,0.000
508.420,0.000,0.138,0.091,0.000
508.440,0.000,0.136,0.091,0.000
508.460,0.000,0.131,0.091,0.000
508.480,0.000,0.128,0.091,0.000
508.500,0.000,0.128,0.089,0.000
508.520,0.000,0.121,0.089,0.000
508.540,0.000,0.121,0.089,0.000
508.560,0.000,0.114,0.089,0.000
508.580,0.000,0.116,0.089,0.000
508.600,0.000,0.111,0.089,0.000
508.620,0.000,0.113,0.089,0.000
508.640,0.000,0.107,0.089,0.000
508.660,0.000,0.114,0.089,0.000
508.680,0.000,0.105,0.089,0.000
508.700,0.000,0.114,0.089,0.000
508.720,0.000,0.108,0.089,0.000
508.740,0.000,0.119,0.089,0.000
508.760,0.000,0.108,0.089,0.000
508.780,0.000,0.124,0.089,0.000
508.800,0.000,0.112,0.089,0.000
508.820,0.000,0.128,0.089,0.000
508.840,0.000,0.122,0.089,0.000
508.860,0.000,0.132,0.089,0.000
508.880,0.000,0.129,0.089,0.000
508.900,0.000,0.139,0.089,0.000
508.920,0.000,0.142,0.089,0.000
508.940,0.000,0.142,0.089,0.000
508.960,0.000,0.145,0.089,0.000
508.980,0.000,0.152,0.089,0.000
509.000,0.000,0.161,0.089,0.000
509.020,0.000,0.155,0.089,0.000
509.040,0.000,0.170,0.089,0.000
509.060,0.000,0.161,0.089,0.000
509.080,0.000,0.182,0.089,0.000
509.100,0.000,0.164,0.089,0.000
509.120,0.000,0.187,0.090,0.000
509.140,0.000,0.163,0.090,0.000
509.160,0.000,0.189,0.092,0.000
509.180,0.000,0.163,0.092,0.000
509.200,0.000,0.193,0.096,0.000
509.220,0.000,0.158,0.096,0.000
509.240,0.000,0.190,0.096,0.000
509.260,0.000,0.157,0.096,0.000
509.280,0.000,0.186,0.096,0.000
509.300,0.000,0.157,0.096,0.000
509.320,0.000,0.178,0.096,0.000
509.340,0.000,0.156,0.096,0.000
509.360,0.000,0.170,0.096,0.000
509.380,0.000,0.152,0.096,0.000
509.400,0.000,0.161,0.096,0.000
509.420,0.000,0.144,0.096,0.000
509.440,0.000,0.146,0.096,0.000
509.460,0.000,0.141,0.096,0.000
509.480,0.000,0.138,0.096,0.000
509.500,0.000,0.134,0.096,0.000
509.520,0.000,0.132,0.096,0.000
509.540,0.000,0.131,0.096,0.000
509.560,0.000,0.130,0.096,0.000
509.580,0.000,0.128,0.096,0.000
509.600,0.000,0.123,0.096,0.000
509.620,0.000,0.121,0.096,0.000
509.640,0.000,0.115,0.096,0.000
509.660,0.000,0.118,0.096,0.000
509.680,0.000,0.114,0.096,0.000
509.700,0.000,0.115,0.096,0.000
509.720,0.000,0.116,0.096,0.000
509.740,0.000,0.112,0.096,0.000
509.760,0.000,0.113,0.096,0.000
509.780,0.000,0.115,0.096,0.000
509.800,0.000,0.124,0.096,0.000
509.820,0.000,0.120,0.096,0.000
509.840,0.000,0.124,0.096,0.000
509.860,0.000,0.122,0.096,0.000
509.880,0.000,0.132,0.096,0.000
509.900,0.000,0.129,0.096,0.000
509.920,0.000,0.136,0.096,0.000
509.940,0.000,0.135,0.096,0.000
509.960,0.000,0.141,0.096,0.000
509.980,0.000,0.141,0.096,0.000
510.000,0.000,0.149,0.096,0.000
510.020,0.000,0.151,0.096,0.000
510.040,0.000,0.153,0.096,0.000
510.060,0.000,0.154,0.096,0.000
510.080,0.000,0.155,0.096,0.000
510.100,0.000,0.170,0.096,0.000
510.120,0.000,0.167,0.096,0.000
510.140,0.000,0.171,0.096,0.000
510.160,0.000,0.169,0.096,0.000
510.180,0.000,0.170,0.096,0.000
510.200,0.000,0.170,0.096,0.000
510.220,0.000,0.173,0.096,0.000
510.240,0.000,0.166,0.096,0.000
510.260,0.000,0.172,0.096,0.000
510.280,0.000,0.165,0.096,0.000
510.300,0.000,0.172,0.096,0.000
510.320,0.000,0.162,0.096,0.000
510.340,0.000,0.169,0.096,0.000
510.360,0.000,0.155,0.096,0.000
510.380,0.000,0.164,0.096,0.000
510.400,0.000,0.152,0.096,0.000
510.420,0.000,0.157,0.096,0.000
510.440,0.000,0.145,0.096,0.000
510.460,0.000,0.151,0.096,0.000
510.480,0.000,0.135,0.096,0.000
510.500,0.000,0.140,0.096,0.000
510.520,0.000,0.133,0.096,0.000
510.540,0.000,0.133,0.096,0.000
510.560,0.000,0.130,0.096,0.000
510.580,0.000,0.132,0.096,0.000
510.600,0.000,0.122,0.096,0.000
510.620,0.000,0.121,0.096,0.000
510.640,0.000,0.116,0.096,0.000
510.660,0.000,0.116,0.096,0.000
510.680,0.000,0.115,0.096,0.000
510.700,0.000,0.111,0.096,0.000
510.720,0.000,0.114,0.096,0.000
510.740,0.000,0.112,0.096,0.000
510.760,0.000,0.115,0.096,0.000
510.780,0.000,0.107,0.096,0.000
510.800,0.000,0.120,0.096,0.000
510.820,0.000,0.109,0.096,0.000
510.840,0.000,0.121,0.096,0.000
510.860,0.000,0.112,0.096,0.000
510.880,0.000,0.126,0.096,0.000
510.900,0.000,0.120,0.096,0.000
510.920,0.000,0.127,0.096,0.000
510.940,0.000,0.125,0.096,0.000
510.960,0.000,0.137,0.096,0.000
510.980,0.000,0.136,0.096,0.000
511.000,0.000,0.143,0.096,0.000
511.020,0.000,0.141,0.096,0.000
511.040,0.000,0.145,0.096,0.000
511.060,0.000,0.149,0.096,0.000
511.080,0.000,0.153,0.096,0.000
511.100,0.000,0.161,0.096,0.000
511.120,0.000,0.161,0.096,0.000
511.140,0.000,0.163,0.096,0.000
511.160,0.000,0.164,0.096,0.000
511.180,0.000,0.168,0.096,0.000
511.200,0.000,0.167,0.096,0.000
511.220,0.000,0.173,0.096,0.000
511.240,0.000,0.167,0.096,0.000
511.260,0.000,0.174,0.096,0.000
511.280,0.000,0.171,0.096,0.000
511.300,0.000,0.174,0.096,0.000
511.320,0.000,0.170,0.096,0.000
511.340,0.000,0.171,0.096,0.000
511.360,0.000,0.167,0.096,0.000
511.380,0.000,0.169,0.096,0.000
511.400,0.000,0.164,0.096,0.000
511.420,0.000,0.162,0.096,0.000
511.440,0.000,0.161,0.096,0.000
511.460,0.000,0.159,0.096,0.000
511.480,0.000,0.150,0.096,0.000
511.500,0.000,0.152,0.096,0.000
511.520,0.000,0.145,0.096,0.000
511.540,0.000,0.145,0.096,0.000
511.560,0.000,0.138,0.096,0.000
511.580,0.000,0.137,0.096,0.000
511.600,0.000,0.133,0.096,0.000
511.620,0.000,0.132,0.096,0.000
511.640,0.000,0.128,0.096,0.000
511.660,0.000,0.128,0.096,0.000
511.680,0.000,0.124,0.096,0.000
511.700,0.000,0.127,0.096,0.000
511.720,0.000,0.124,0.096,0.000
511.740,0.000,0.125,0.096,0.000
511.760,0.000,0.120,0.096,0.000
511.780,0.000,0.122,0.096,0.000
511.800,0.000,0.120,0.096,0.000
511.820,0.000,0.122,0.096,0.000
511.840,0.000,0.116,0.096,0.000
511.860,0.000,0.125,0.096,0.000
511.880,0.000,0.120,0.096,0.000
511.900,0.000,0.128,0.096,0.000
511.920,0.000,0.128,0.096,0.000
511.940,0.000,0.130,0.096,0.000
511.960,0.000,0.132,0.096,0.000
511.980,0.000,0.132,0.096,0.000
512.000,0.000,0.132,0.096,0.000
512.020,0.000,0.136,0.096,0.000
512.040,0.000,0.139,0.096,0.000
512.060,0.000,0.145,0.096,0.000
512.080,0.000,0.149,0.096,0.000
512.100,0.000,0.151,0.096,0.000
512.120,0.000,0.153,0.096,0.000
512.140,0.000,0.154,0.096,0.000
512.160,0.000,0.161,0.096,0.000
512.180,0.000,0.161,0.096,0.000
512.200,0.000,0.167,0.096,0.000
512.220,0.000,0.166,0.096,0.000
512.240,0.000,0.171,0.096,0.000
512.260,0.000,0.167,0.096,0.000
512.280,0.000,0.171,0.096,0.000
512.300,0.000,0.171,0.096,0.000
512.320,0.000,0.171,0.096,0.000
512.340,0.000,0.167,0.096,0.000
512.360,0.000,0.170,0.096,0.000
512.380,0.000,0.169,0.096,0.000
512.400,0.000,0.169,0.096,0.000
512.420,0.000,0.157,0.096,0.000
512.440,0.000,0.164,0.096,0.000
512.460,0.000,0.153,0.096,0.000
512.480,0.000,0.153,0.096,0.000
512.500,0.000,0.151,0.096,0.000
512.520,0.000,0.152,0.096,0.000
512.540,0.000,0.145,0.096,0.000
512.560,0.000,0.141,0.096,0.000
512.580,0.000,0.134,0.096,0.000
512.600,0.000,0.133,0.096,0.000
512.620,0.000,0.133,0.094,0.000
512.640,0.000,0.132,0.094,0.000
512.660,0.000,0.131,0.091,0.000
512.680,0.000,0.124,0.091,0.000
512.700,0.000,0.124,0.088,0.000
512.720,0.000,0.116,0.088,0.000
512.740,0.000,0.118,0.088,0.000
512.760,0.000,0.115,0.088,0.000
512.780,0.000,0.115,0.088,0.000
512.800,0.000,0.114,0.088,0.000
512.820,0.000,0.115,0.088,0.000
512.840,0.000,0.112,0.088,0.000
512.860,0.000,0.116,0.088,0.000
512.880,0.000,0.112,0.088,0.000
512.900,0.000,0.118,0.088,0.000
512.920,0.000,0.116,0.088,0.000
512.940,0.000,0.120,0.088,0.000
512.960,0.000,0.120,0.088,0.000
512.980,0.000,0.124,0.088,0.000
513.000,0.000,0.125,0.088,0.000
513.020,0.000,0.131,0.088,0.000
513.040,0.000,0.133,0.088,0.000
513.060,0.000,0.135,0.088,0.000
513.080,0.000,0.137,0.088,0.000
513.100,0.000,0.144,0.088,0.000
513.120,0.000,0.146,0.088,0.000
513.140,0.000,0.149,0.088,0.000
513.160,0.000,0.149,0.088,0.000
513.180,0.000,0.157,0.088,0.000
513.200,0.000,0.156,0.088,0.000
513.220,0.000,0.159,0.088,0.000
513.240,0.000,0.161,0.088,0.000
513.260,0.000,0.162,0.088,0.000
513.280,0.000,0.164,0.088,0.000
513.300,0.000,0.165,0.088,0.000
513.320,0.000,0.167,0.088,0.000
513.340,0.000,0.165,0.088,0.000
513.360,0.000,0.167,0.088,0.000
513.380,0.000,0.166,0.088,0.000
513.400,0.000,0.164,0.088,0.000
513.420,0.000,0.162,0.088,0.000
513.440,0.000,0.162,0.088,0.000
513.460,0.000,0.162,0.088,0.000
513.480,0.000,0.162,0.088,0.000
513.500,0.000,0.161,0.088,0.000
513.520,0.000,0.157,0.088,0.000
513.540,0.000,0.155,0.088,0.000
513.560,0.000,0.147,0.088,0.000
513.580,0.000,0.144,0.088,0.000
513.600,0.000,0.144,0.088,0.000
513.620,0.000,0.142,0.088,0.000
513.640,0.000,0.141,0.088,0.000
513.660,0.000,0.140,0.088,0.000
513.680,0.000,0.137,0.086,0.000
513.700,0.000,0.130,0.086,0.000
513.720,0.000,0.128,0.086,0.000
513.740,0.000,0.125,0.086,0.000
513.760,0.000,0.124,0.086,0.000
513.780,0.000,0.124,0.086,0.000
513.800,0.000,0.124,0.086,0.000
513.820,0.000,0.124,0.086,0.000
513.840,0.000,0.124,0.086,0.000
513.860,0.000,0.122,0.086,0.000
513.880,0.000,0.124,0.086,0.000
513.900,0.000,0.121,0.086,0.000
513.920,0.000,0.124,0.086,0.000
513.940,0.000,0.123,0.086,0.000
513.960,0.000,0.130,0.086,0.000
513.980,0.000,0.125,0.086,0.000
514.000,0.000,0.132,0.086,0.000
514.020,0.000,0.130,0.086,0.000
514.040,0.000,0.133,0.086,0.000
514.060,0.000,0.132,0.086,0.000
514.080,0.000,0.136,0.086,0.000
514.100,0.000,0.135,0.086,0.000
514.120,0.000,0.143,0.086,0.000
514.140,0.000,0.146,0.086,0.000
514.160,0.000,0.149,0.086,0.000
514.180,0.000,0.154,0.086,0.000
514.200,0.000,0.150,0.083,0.000
514.220,0.000,0.158,0.083,0.000
514.240,0.000,0.157,0.079,0.000
514.260,0.000,0.168,0.079,0.000
514.280,0.000,0.165,0.071,0.000
514.300,0.000,0.171,0.071,0.000
514.320,0.000,0.167,0.067,0.000
514.340,0.000,0.171,0.067,0.000
514.360,0.000,0.169,0.067,0.000
514.380,0.000,0.171,0.067,0.000
514.400,0.000,0.170,0.067,0.000
514.420,0.000,0.171,0.067,0.000
514.440,0.000,0.169,0.067,0.000
514.460,0.000,0.171,0.067,0.000
514.480,0.000,0.167,0.067,0.000
514.500,0.000,0.170,0.067,0.000
514.520,0.000,0.160,0.067,0.000
514.540,0.000,0.157,0.067,0.000
514.560,0.000,0.152,0.067,0.000
514.580,0.000,0.151,0.067,0.000
514.600,0.000,0.151,0.067,0.000
514.620,0.000,0.149,0.067,0.000
514.640,0.000,0.145,0.067,0.000
514.660,0.000,0.132,0.067,0.000
514.680,0.000,0.134,0.067,0.000
514.700,0.000,0.134,0.067,0.000
514.720,0.000,0.132,0.067,0.000
514.740,0.000,0.132,0.067,0.000
514.760,0.000,0.131,0.067,0.000
514.780,0.000,0.126,0.067,0.000
514.800,0.000,0.128,0.067,0.000
514.820,0.000,0.119,0.067,0.000
514.840,0.000,0.120,0.067,0.000
514.860,0.000,0.118,0.067,0.000
514.880,0.000,0.117,0.067,0.000
514.900,0.000,0.116,0.067,0.000
514.920,0.000,0.114,0.067,0.000
514.940,0.000,0.115,0.067,0.000
514.960,0.000,0.116,0.067,0.000
514.980,0.000,0.116,0.067,0.000
515.000,0.000,0.120,0.067,0.000
515.020,0.000,0.122,0.067,0.000
515.040,0.000,0.128,0.067,0.000
515.060,0.000,0.128,0.067,0.000
515.080,0.000,0.132,0.067,0.000
515.100,0.000,0.132,0.067,0.000
515.120,0.000,0.132,0.067,0.000
515.140,0.000,0.133,0.067,0.000
515.160,0.000,0.136,0.067,0.000
515.180,0.000,0.141,0.067,0.000
515.200,0.000,0.145,0.067,0.000
515.220,0.000,0.149,0.067,0.000
515.240,0.000,0.150,0.067,0.000
515.260,0.000,0.152,0.067,0.000
515.280,0.000,0.152,0.067,0.000
515.300,0.000,0.155,0.067,0.000
515.320,0.000,0.156,0.067,0.000
515.340,0.000,0.162,0.067,0.000
515.360,0.000,0.159,0.067,0.000
515.380,0.000,0.164,0.067,0.000
515.400,0.000,0.164,0.067,0.000
515.420,0.000,0.167,0.067,0.000
515.440,0.000,0.164,0.067,0.000
515.460,0.000,0.164,0.067,0.000
515.480,0.000,0.165,0.067,0.000
515.500,0.000,0.159,0.067,0.000
515.520,0.000,0.163,0.067,0.000
515.540,0.000,0.158,0.067,0.000
515.560,0.000,0.159,0.067,0.000
515.580,0.000,0.153,0.067,0.000
515.600,0.000,0.154,0.067,0.000
515.620,0.000,0.148,0.067,0.000
515.640,0.000,0.151,0.067,0.000
515.660,0.000,0.143,0.067,0.000
515.680,0.000,0.144,0.067,0.000
515.700,0.000,0.141,0.067,0.000
515.720,0.000,0.142,0.067,0.000
515.740,0.000,0.135,0.067,0.000
515.760,0.000,0.133,0.067,0.000
515.780,0.000,0.129,0.064,0.000
515.800,0.000,0.128,0.064,0.000
515.820,0.000,0.124,0.062,0.000
515.840,0.000,0.124,0.062,0.000
515.860,0.000,0.124,0.062,0.000
515.880,0.000,0.124,0.062,0.000
515.900,0.000,0.124,0.062,0.000
515.920,0.000,0.123,0.062,0.000
515.940,0.000,0.124,0.062,0.000
515.960,0.000,0.121,0.062,0.000
515.980,0.000,0.123,0.062,0.000
516.000,0.000,0.124,0.062,0.000
516.020,0.000,0.124,0.062,0.000
516.040,0.000,0.124,0.062,0.000
516.060,0.000,0.128,0.062,0.000
516.080,0.000,0.124,0.062,0.000
516.100,0.000,0.132,0.062,0.000
516.120,0.000,0.130,0.062,0.000
516.140,0.000,0.137,0.062,0.000
516.160,0.000,0.137,0.062,0.000
516.180,0.000,0.141,0.062,0.000
516.200,0.000,0.143,0.062,0.000
516.220,0.000,0.143,0.062,0.000
516.240,0.000,0.149,0.062,0.000
516.260,0.000,0.151,0.062,0.000
516.280,0.000,0.154,0.062,0.000
516.300,0.000,0.155,0.060,0.000
516.320,0.000,0.161,0.060,0.000
516.340,0.000,0.159,0.060,0.000
516.360,0.000,0.166,0.060,0.000
516.380,0.000,0.162,0.060,0.000
516.400,0.000,0.171,0.060,0.000
516.420,0.000,0.168,0.060,0.000
516.440,0.000,0.169,0.060,0.000
516.460,0.000,0.171,0.060,0.000
516.480,0.000,0.170,0.060,0.000
516.500,0.000,0.170,0.060,0.000
516.520,0.000,0.168,0.060,0.000
516.540,0.000,0.169,0.060,0.000
516.560,0.000,0.166,0.060,0.000
516.580,0.000,0.166,0.060,0.000
516.600,0.000,0.161,0.060,0.000
516.620,0.000,0.159,0.060,0.000
516.640,0.000,0.154,0.060,0.000
516.660,0.000,0.153,0.060,0.000
516.680,0.000,0.153,0.060,0.000
516.700,0.000,0.151,0.060,0.000
516.720,0.000,0.145,0.060,0.000
516.740,0.000,0.143,0.060,0.000
516.760,0.000,0.137,0.060,0.000
516.780,0.000,0.135,0.060,0.000
516.800,0.000,0.132,0.060,0.000
516.820,0.000,0.132,0.060,0.000
516.840,0.000,0.132,0.060,0.000
516.860,0.000,0.132,0.060,0.000
516.880,0.000,0.131,0.060,0.000
516.900,0.000,0.128,0.060,0.000
516.920,0.000,0.124,0.060,0.000
516.940,0.000,0.121,0.060,0.000
516.960,0.000,0.124,0.060,0.000
516.980,0.000,0.120,0.060,0.000
517.000,0.000,0.122,0.060,0.000
517.020,0.000,0.120,0.060,0.000
517.040,0.000,0.121,0.060,0.000
517.060,0.000,0.122,0.060,0.000
517.080,0.000,0.124,0.060,0.000
517.100,0.000,0.124,0.060,0.000
517.120,0.000,0.129,0.060,0.000
517.140,0.000,0.131,0.060,0.000
517.160,0.000,0.132,0.060,0.000
517.180,0.000,0.132,0.060,0.000
517.200,0.000,0.133,0.060,0.000
517.220,0.000,0.133,0.060,0.000
517.240,0.000,0.137,0.060,0.000
517.260,0.000,0.137,0.060,0.000
517.280,0.000,0.143,0.060,0.000
517.300,0.000,0.145,0.060,0.000
517.320,0.000,0.149,0.060,0.000
517.340,0.000,0.151,0.060,0.000
517.360,0.000,0.152,0.060,0.000
517.380,0.000,0.153,0.060,0.000
517.400,0.000,0.157,0.060,0.000
517.420,0.000,0.157,0.060,0.000
517.440,0.000,0.159,0.060,0.000
517.460,0.000,0.158,0.060,0.000
517.480,0.000,0.158,0.060,0.000
517.500,0.000,0.163,0.060,0.000
517.520,0.000,0.157,0.060,0.000
517.540,0.000,0.162,0.060,0.000
517.560,0.000,0.161,0.060,0.000
517.580,0.000,0.157,0.060,0.000
517.600,0.000,0.153,0.060,0.000
517.620,0.000,0.155,0.060,0.000
517.640,0.000,0.153,0.060,0.000
517.660,0.000,0.153,0.060,0.000
517.680,0.000,0.151,0.060,0.000
517.700,0.000,0.151,0.060,0.000
517.720,0.000,0.146,0.060,0.000
517.740,0.000,0.146,0.060,0.000
517.760,0.000,0.144,0.060,0.000
517.780,0.000,0.141,0.060,0.000
517.800,0.000,0.136,0.060,0.000
517.820,0.000,0.133,0.060,0.000
517.840,0.000,0.133,0.060,0.000
517.860,0.000,0.129,0.060,0.000
517.880,0.000,0.129,0.057,0.000
517.900,0.000,0.124,0.057,0.000
517.920,0.000,0.125,0.057,0.000
517.940,0.000,0.123,0.057,0.000
517.960,0.000,0.124,0.057,0.000
517.980,0.000,0.121,0.057,0.000
518.000,0.000,0.123,0.057,0.000
518.020,0.000,0.120,0.057,0.000
518.040,0.000,0.123,0.057,0.000
518.060,0.000,0.124,0.057,0.000
518.080,0.000,0.123,0.057,0.000
518.100,0.000,0.123,0.057,0.000
518.120,0.000,0.123,0.057,0.000
518.140,0.000,0.123,0.057,0.000
518.160,0.000,0.124,0.057,0.000
518.180,0.000,0.127,0.057,0.000
518.200,0.000,0.132,0.057,0.000
518.220,0.000,0.137,0.057,0.000
518.240,0.000,0.138,0.057,0.000
518.260,0.000,0.140,0.057,0.000
518.280,0.000,0.141,0.057,0.000
518.300,0.000,0.144,0.057,0.000
518.320,0.000,0.143,0.057,0.000
518.340,0.000,0.151,0.057,0.000
518.360,0.000,0.149,0.057,0.000
518.380,0.000,0.158,0.057,0.000
518.400,0.000,0.156,0.057,0.000
518.420,0.000,0.159,0.057,0.000
518.440,0.000,0.159,0.057,0.000
518.460,0.000,0.165,0.057,0.000
518.480,0.000,0.164,0.057,0.000
518.500,0.000,0.168,0.057,0.000
518.520,0.000,0.164,0.057,0.000
518.540,0.000,0.166,0.057,0.000
518.560,0.000,0.167,0.057,0.000
518.580,0.000,0.166,0.057,0.000
518.600,0.000,0.166,0.057,0.000
518.620,0.000,0.170,0.057,0.000
518.640,0.000,0.165,0.057,0.000
518.660,0.000,0.162,0.057,0.000
518.680,0.000,0.157,0.057,0.000
518.700,0.000,0.156,0.057,0.000
518.720,0.000,0.155,0.057,0.000
518.740,0.000,0.153,0.057,0.000
518.760,0.000,0.151,0.057,0.000
518.780,0.000,0.150,0.057,0.000
518.800,0.000,0.145,0.057,0.000
518.820,0.000,0.144,0.057,0.000
518.840,0.000,0.137,0.057,0.000
518.860,0.000,0.137,0.057,0.000
518.880,0.000,0.136,0.057,0.000
518.900,0.000,0.133,0.057,0.000
518.920,0.000,0.132,0.057,0.000
518.940,0.000,0.132,0.057,0.000
518.960,0.000,0.132,0.057,0.000
518.980,0.000,0.128,0.057,0.000
519.000,0.000,0.132,0.057,0.000
519.020,0.000,0.127,0.057,0.000
519.040,0.000,0.128,0.057,0.000
519.060,0.000,0.124,0.057,0.000
519.080,0.000,0.129,0.057,0.000
519.100,0.000,0.123,0.057,0.000
519.120,0.000,0.126,0.057,0.000
519.140,0.000,0.129,0.057,0.000
519.160,0.000,0.130,0.057,0.000
519.180,0.000,0.132,0.057,0.000
519.200,0.000,0.132,0.057,0.000
519.220,0.000,0.132,0.057,0.000
519.240,0.000,0.132,0.057,0.000
519.260,0.000,0.132,0.057,0.000
519.280,0.000,0.133,0.057,0.000
519.300,0.000,0.137,0.057,0.000
519.320,0.000,0.139,0.057,0.000
519.340,0.000,0.143,0.057,0.000
519.360,0.000,0.145,0.057,0.000
519.380,0.000,0.151,0.057,0.000
519.400,0.000,0.150,0.057,0.000
519.420,0.000,0.153,0.057,0.000
519.440,0.000,0.153,0.057,0.000
519.460,0.000,0.153,0.057,0.000
519.480,0.000,0.153,0.057,0.000
519.500,0.000,0.154,0.057,0.000
519.520,0.000,0.156,0.057,0.000
519.540,0.000,0.160,0.057,0.000
519.560,0.000,0.157,0.057,0.000
519.580,0.000,0.158,0.057,0.000
519.600,0.000,0.157,0.057,0.000
519.620,0.000,0.157,0.057,0.000
519.640,0.000,0.154,0.057,0.000
519.660,0.000,0.157,0.057,0.000
519.680,0.000,0.153,0.057,0.000
519.700,0.000,0.153,0.057,0.000
519.720,0.000,0.152,0.057,0.000
519.740,0.000,0.153,0.057,0.000
519.760,0.000,0.150,0.057,0.000
519.780,0.000,0.152,0.057,0.000
519.800,0.000,0.145,0.057,0.000
519.820,0.000,0.145,0.057,0.000
519.840,0.000,0.140,0.057,0.000
519.860,0.000,0.134,0.057,0.000
519.880,0.000,0.134,0.057,0.000
519.900,0.000,0.135,0.057,0.000
519.920,0.000,0.135,0.056,0.000
519.940,0.000,0.130,0.056,0.000
519.960,0.000,0.132,0.055,0.000
519.980,0.000,0.127,0.052,0.000
520.000,0.000,0.126,0.052,0.000
520.020,0.000,0.123,0.052,0.000
520.040,0.000,0.124,0.052,0.000
520.060,0.000,0.121,0.052,0.000
520.080,0.000,0.122,0.052,0.000
520.100,0.000,0.117,0.054,0.000
520.120,0.000,0.121,0.054,0.000
520.140,0.000,0.122,0.054,0.000
520.160,0.000,0.122,0.054,0.000
520.180,0.000,0.122,0.054,0.000
520.200,0.000,0.124,0.054,0.000
520.220,0.000,0.124,0.054,0.000
520.240,0.000,0.125,0.054,0.000
520.260,0.000,0.132,0.054,0.000
520.280,0.000,0.128,0.054,0.000
520.300,0.000,0.133,0.054,0.000
520.320,0.000,0.136,0.054,0.000
520.340,0.000,0.138,0.054,0.000
520.360,0.000,0.142,0.054,0.000
520.380,0.000,0.142,0.054,0.000
520.400,0.000,0.142,0.054,0.000
520.420,0.000,0.144,0.054,0.000
520.440,0.000,0.151,0.054,0.000
520.460,0.000,0.153,0.054,0.000
520.480,0.000,0.159,0.054,0.000
520.500,0.000,0.157,0.054,0.000
520.520,0.000,0.161,0.054,0.000
520.540,0.000,0.161,0.054,0.000
520.560,0.000,0.161,0.054,0.000
520.580,0.000,0.161,0.054,0.000
520.600,0.000,0.160,0.054,0.000
520.620,0.000,0.161,0.054,0.000
520.640,0.000,0.162,0.054,0.000
520.660,0.000,0.162,0.054,0.000
520.680,0.000,0.161,0.054,0.000
520.700,0.000,0.162,0.054,0.000
520.720,0.000,0.161,0.054,0.000
520.740,0.000,0.161,0.054,0.000
520.760,0.000,0.160,0.054,0.000
520.780,0.000,0.158,0.054,0.000
520.800,0.000,0.155,0.054,0.000
520.820,0.000,0.153,0.054,0.000
520.840,0.000,0.148,0.054,0.000
520.860,0.000,0.145,0.054,0.000
520.880,0.000,0.145,0.054,0.000
520.900,0.000,0.143,0.054,0.000
520.920,0.000,0.143,0.054,0.000
520.940,0.000,0.139,0.054,0.000
520.960,0.000,0.134,0.054,0.000
520.980,0.000,0.134,0.054,0.000
521.000,0.000,0.133,0.054,0.000
521.020,0.000,0.132,0.054,0.000
521.040,0.000,0.132,0.054,0.000
521.060,0.000,0.130,0.054,0.000
521.080,0.000,0.131,0.054,0.000
521.100,0.000,0.127,0.054,0.000
521.120,0.000,0.128,0.054,0.000
521.140,0.000,0.130,0.054,0.000
521.160,0.000,0.127,0.054,0.000
521.180,0.000,0.128,0.054,0.000
521.200,0.000,0.127,0.054,0.000
521.220,0.000,0.131,0.054,0.000
521.240,0.000,0.132,0.054,0.000
521.260,0.000,0.132,0.054,0.000
521.280,0.000,0.132,0.054,0.000
521.300,0.000,0.133,0.054,0.000
521.320,0.000,0.133,0.054,0.000
521.340,0.000,0.133,0.054,0.000
521.360,0.000,0.133,0.054,0.000
521.380,0.000,0.134,0.054,0.000
521.400,0.000,0.140,0.054,0.000
521.420,0.000,0.144,0.054,0.000
521.440,0.000,0.149,0.054,0.000
521.460,0.000,0.149,0.053,0.000
521.480,0.000,0.151,0.053,0.000
521.500,0.000,0.152,0.052,0.000
521.520,0.000,0.153,0.052,0.000
521.540,0.000,0.152,0.052,0.000
521.560,0.000,0.153,0.052,0.000
521.580,0.000,0.154,0.052,0.000
521.600,0.000,0.157,0.052,0.000
521.620,0.000,0.153,0.052,0.000
521.640,0.000,0.154,0.052,0.000
521.660,0.000,0.161,0.052,0.000
521.680,0.000,0.157,0.052,0.000
521.700,0.000,0.157,0.052,0.000
521.720,0.000,0.155,0.052,0.000
521.740,0.000,0.155,0.052,0.000
521.760,0.000,0.153,0.052,0.000
521.780,0.000,0.153,0.052,0.000
521.800,0.000,0.152,0.052,0.000
521.820,0.000,0.153,0.052,0.000
521.840,0.000,0.151,0.052,0.000
521.860,0.000,0.149,0.052,0.000
521.880,0.000,0.145,0.052,0.000
521.900,0.000,0.143,0.052,0.000
521.920,0.000,0.137,0.052,0.000
521.940,0.000,0.133,0.052,0.000
521.960,0.000,0.134,0.052,0.000
521.980,0.000,0.134,0.052,0.000
522.000,0.000,0.131,0.052,0.000
522.020,0.000,0.132,0.052,0.000
522.040,0.000,0.132,0.052,0.000
522.060,0.000,0.131,0.052,0.000
522.080,0.000,0.128,0.052,0.000
522.100,0.000,0.125,0.052,0.000
522.120,0.000,0.125,0.052,0.000
522.140,0.000,0.128,0.052,0.000
522.160,0.000,0.127,0.052,0.000
522.180,0.000,0.123,0.052,0.000
522.200,0.000,0.128,0.052,0.000
522.220,0.000,0.123,0.052,0.000
522.240,0.000,0.127,0.052,0.000
522.260,0.000,0.124,0.052,0.000
522.280,0.000,0.127,0.052,0.000
522.300,0.000,0.127,0.052,0.000
522.320,0.000,0.131,0.052,0.000
522.340,0.000,0.131,0.052,0.000
522.360,0.000,0.132,0.052,0.000
522.380,0.000,0.133,0.052,0.000
522.400,0.000,0.133,0.052,0.000
522.420,0.000,0.139,0.052,0.000
522.440,0.000,0.137,0.052,0.000
522.460,0.000,0.141,0.052,0.000
522.480,0.000,0.142,0.052,0.000
522.500,0.000,0.144,0.052,0.000
522.520,0.000,0.147,0.052,0.000
522.540,0.000,0.150,0.052,0.000
522.560,0.000,0.151,0.052,0.000
522.580,0.000,0.153,0.052,0.000
522.600,0.000,0.158,0.052,0.000
522.620,0.000,0.155,0.052,0.000
522.640,0.000,0.158,0.052,0.000
522.660,0.000,0.159,0.052,0.000
522.680,0.000,0.161,0.052,0.000
522.700,0.000,0.158,0.052,0.000
522.720,0.000,0.161,0.052,0.000
522.740,0.000,0.161,0.052,0.000
522.760,0.000,0.161,0.052,0.000
522.780,0.000,0.158,0.052,0.000
522.800,0.000,0.161,0.052,0.000
522.820,0.000,0.157,0.052,0.000
522.840,0.000,0.155,0.052,0.000
522.860,0.000,0.154,0.052,0.000
522.880,0.000,0.151,0.052,0.000
522.900,0.000,0.150,0.052,0.000
522.920,0.000,0.145,0.052,0.000
522.940,0.000,0.145,0.052,0.000
522.960,0.000,0.143,0.052,0.000
522.980,0.000,0.141,0.052,0.000
523.000,0.000,0.139,0.052,0.000
523.020,0.000,0.140,0.052,0.000
523.040,0.000,0.138,0.052,0.000
523.060,0.000,0.137,0.052,0.000
523.080,0.000,0.132,0.052,0.000
523.100,0.000,0.132,0.052,0.000
523.120,0.000,0.130,0.052,0.000
523.140,0.000,0.131,0.052,0.000
523.160,0.000,0.128,0.052,0.000
523.180,0.000,0.132,0.052,0.000
523.200,0.000,0.132,0.052,0.000
523.220,0.000,0.128,0.052,0.000
523.240,0.000,0.132,0.052,0.000
523.260,0.000,0.128,0.052,0.000
523.280,0.000,0.132,0.052,0.000
523.300,0.000,0.131,0.052,0.000
523.320,0.000,0.132,0.052,0.000
523.340,0.000,0.132,0.052,0.000
523.360,0.000,0.132,0.052,0.000
523.380,0.000,0.134,0.052,0.000
523.400,0.000,0.133,0.052,0.000
523.420,0.000,0.134,0.052,0.000
523.440,0.000,0.135,0.052,0.000
523.460,0.000,0.144,0.052,0.000
523.480,0.000,0.138,0.052,0.000
523.500,0.000,0.149,0.052,0.000
523.520,0.000,0.149,0.052,0.000
523.540,0.000,0.149,0.052,0.000
523.560,0.000,0.151,0.052,0.000
523.580,0.000,0.154,0.052,0.000
523.600,0.000,0.156,0.052,0.000
523.620,0.000,0.158,0.048,0.000
523.640,0.000,0.154,0.045,0.000
523.660,0.000,0.157,0.045,0.000
523.680,0.000,0.159,0.045,0.000
523.700,0.000,0.160,0.045,0.000
523.720,0.000,0.160,0.045,0.000
523.740,0.000,0.157,0.045,0.000
523.760,0.000,0.157,0.045,0.000
523.780,0.000,0.157,0.045,0.000
523.800,0.000,0.159,0.045,0.000
523.820,0.000,0.152,0.045,0.000
523.840,0.000,0.158,0.045,0.000
523.860,0.000,0.154,0.045,0.000
523.880,0.000,0.153,0.045,0.000
523.900,0.000,0.152,0.045,0.000
523.920,0.000,0.152,0.045,0.000
523.940,0.000,0.150,0.045,0.000
523.960,0.000,0.151,0.045,0.000
523.980,0.000,0.146,0.045,0.000
524.000,0.000,0.142,0.045,0.000
524.020,0.000,0.136,0.045,0.000
524.040,0.000,0.134,0.045,0.000
524.060,0.000,0.135,0.045,0.000
524.080,0.000,0.133,0.045,0.000
524.100,0.000,0.132,0.045,0.000
524.120,0.000,0.132,0.045,0.000
524.140,0.000,0.132,0.045,0.000
524.160,0.000,0.132,0.045,0.000
524.180,0.000,0.132,0.045,0.000
524.200,0.000,0.132,0.045,0.000
524.220,0.000,0.130,0.045,0.000
524.240,0.000,0.131,0.045,0.000
524.260,0.000,0.128,0.045,0.000
524.280,0.000,0.130,0.045,0.000
524.300,0.000,0.128,0.045,0.000
524.320,0.000,0.132,0.045,0.000
524.340,0.000,0.131,0.045,0.000
524.360,0.000,0.128,0.045,0.000
524.380,0.000,0.130,0.045,0.000
524.400,0.000,0.132,0.045,0.000
524.420,0.000,0.132,0.045,0.000
524.440,0.000,0.133,0.045,0.000
524.460,0.000,0.133,0.045,0.000
524.480,0.000,0.133,0.045,0.000
524.500,0.000,0.134,0.045,0.000
524.520,0.000,0.136,0.045,0.000
524.540,0.000,0.139,0.045,0.000
524.560,0.000,0.141,0.045,0.000
524.580,0.000,0.149,0.045,0.000
524.600,0.000,0.150,0.045,0.000
524.620,0.000,0.151,0.045,0.000
524.640,0.000,0.151,0.045,0.000
524.660,0.000,0.153,0.045,0.000
524.680,0.000,0.153,0.045,0.000
524.700,0.000,0.153,0.045,0.000
524.720,0.000,0.153,0.045,0.000
524.740,0.000,0.155,0.045,0.000
524.760,0.000,0.154,0.045,0.000
524.780,0.000,0.155,0.045,0.000
524.800,0.000,0.154,0.045,0.000
524.820,0.000,0.153,0.045,0.000
524.840,0.000,0.159,0.045,0.000
524.860,0.000,0.153,0.045,0.000
524.880,0.000,0.153,0.045,0.000
524.900,0.000,0.153,0.045,0.000
524.920,0.000,0.152,0.045,0.000
524.940,0.000,0.151,0.045,0.000
524.960,0.000,0.150,0.045,0.000
524.980,0.000,0.143,0.045,0.000
525.000,0.000,0.145,0.045,0.000
525.020,0.000,0.143,0.045,0.000
525.040,0.000,0.143,0.045,0.000
525.060,0.000,0.142,0.045,0.000
525.080,0.000,0.139,0.045,0.000
525.100,0.000,0.141,0.041,0.000
525.120,0.000,0.140,0.040,0.000
525.140,0.000,0.139,0.040,0.000
525.160,0.000,0.134,0.040,0.000
525.180,0.000,0.131,0.039,0.000
525.200,0.000,0.129,0.039,0.000
525.220,0.000,0.127,0.039,0.000
525.240,0.000,0.129,0.039,0.000
525.260,0.000,0.126,0.039,0.000
525.280,0.000,0.128,0.039,0.000
525.300,0.000,0.126,0.039,0.000
525.320,0.000,0.126,0.039,0.000
525.340,0.000,0.128,0.039,0.000
525.360,0.000,0.132,0.039,0.000
525.380,0.000,0.129,0.039,0.000
525.400,0.000,0.131,0.039,0.000
525.420,0.000,0.128,0.039,0.000
525.440,0.000,0.134,0.039,0.000
525.460,0.000,0.137,0.039,0.000
525.480,0.000,0.139,0.039,0.000
525.500,0.000,0.140,0.039,0.000
525.520,0.000,0.139,0.039,0.000
525.540,0.000,0.142,0.039,0.000
525.560,0.000,0.142,0.039,0.000
525.580,0.000,0.145,0.039,0.000
525.600,0.000,0.145,0.039,0.000
525.620,0.000,0.149,0.039,0.000
525.640,0.000,0.152,0.039,0.000
525.660,0.000,0.154,0.039,0.000
525.680,0.000,0.156,0.039,0.000
525.700,0.000,0.159,0.039,0.000
525.720,0.000,0.157,0.039,0.000
525.740,0.000,0.158,0.039,0.000
525.760,0.000,0.159,0.039,0.000
525.780,0.000,0.157,0.039,0.000
525.800,0.000,0.161,0.039,0.000
525.820,0.000,0.162,0.039,0.000
525.840,0.000,0.160,0.039,0.000
525.860,0.000,0.159,0.039,0.000
525.880,0.000,0.158,0.039,0.000
525.900,0.000,0.157,0.039,0.000
525.920,0.000,0.157,0.039,0.000
525.940,0.000,0.155,0.039,0.000
525.960,0.000,0.154,0.039,0.000
525.980,0.000,0.153,0.039,0.000
526.000,0.000,0.153,0.039,0.000
526.020,0.000,0.150,0.039,0.000
526.040,0.000,0.149,0.039,0.000
526.060,0.000,0.149,0.039,0.000
526.080,0.000,0.144,0.039,0.000
526.100,0.000,0.141,0.039,0.000
526.120,0.000,0.139,0.039,0.000
526.140,0.000,0.137,0.039,0.000
526.160,0.000,0.134,0.039,0.000
526.180,0.000,0.133,0.039,0.000
526.200,0.000,0.133,0.039,0.000
526.220,0.000,0.132,0.039,0.000
526.240,0.000,0.133,0.039,0.000
526.260,0.000,0.132,0.039,0.000
526.280,0.000,0.131,0.039,0.000
526.300,0.000,0.132,0.039,0.000
526.320,0.000,0.132,0.039,0.000
526.340,0.000,0.131,0.039,0.000
526.360,0.000,0.131,0.039,0.000
526.380,0.000,0.131,0.039,0.000
526.400,0.000,0.132,0.039,0.000
526.420,0.000,0.132,0.039,0.000
526.440,0.000,0.132,0.039,0.000
526.460,0.000,0.130,0.039,0.000
526.480,0.000,0.132,0.039,0.000
526.500,0.000,0.132,0.039,0.000
526.520,0.000,0.133,0.039,0.000
526.540,0.000,0.133,0.039,0.000
526.560,0.000,0.134,0.039,0.000
526.580,0.000,0.133,0.039,0.000
526.600,0.000,0.139,0.039,0.000
526.620,0.000,0.140,0.039,0.000
526.640,0.000,0.141,0.039,0.000
526.660,0.000,0.146,0.039,0.000
526.680,0.000,0.145,0.039,0.000
526.700,0.000,0.149,0.039,0.000
526.720,0.000,0.149,0.039,0.000
526.740,0.000,0.153,0.039,0.000
526.760,0.000,0.149,0.039,0.000
526.780,0.000,0.153,0.039,0.000
526.800,0.000,0.153,0.039,0.000
526.820,0.000,0.153,0.039,0.000
526.840,0.000,0.153,0.039,0.000
526.860,0.000,0.155,0.039,0.000
526.880,0.000,0.153,0.039,0.000
526.900,0.000,0.153,0.039,0.000
526.920,0.000,0.151,0.039,0.000
526.940,0.000,0.153,0.039,0.000
526.960,0.000,0.151,0.039,0.000
526.980,0.000,0.153,0.039,0.000
527.000,0.000,0.149,0.039,0.000
527.020,0.000,0.151,0.039,0.000
527.040,0.000,0.149,0.039,0.000
527.060,0.000,0.149,0.039,0.000
527.080,0.000,0.142,0.039,0.000
527.100,0.000,0.143,0.039,0.000
527.120,0.000,0.141,0.039,0.000
527.140,0.000,0.139,0.039,0.000
527.160,0.000,0.134,0.039,0.000
527.180,0.000,0.137,0.039,0.000
527.200,0.000,0.133,0.039,0.000
527.220,0.000,0.134,0.038,0.000
527.240,0.000,0.131,0.038,0.000
527.260,0.000,0.132,0.036,0.000
527.280,0.000,0.128,0.036,0.000
527.300,0.000,0.130,0.036,0.000
527.320,0.000,0.126,0.036,0.000
527.340,0.000,0.127,0.036,0.000
527.360,0.000,0.124,0.039,0.000
527.380,0.000,0.125,0.039,0.000
527.400,0.000,0.124,0.039,0.000
527.420,0.000,0.127,0.039,0.000
527.440,0.000,0.128,0.039,0.000
527.460,0.000,0.128,0.039,0.000
527.480,0.000,0.129,0.039,0.000
527.500,0.000,0.132,0.039,0.000
527.520,0.000,0.132,0.039,0.000
527.540,0.000,0.136,0.039,0.000
527.560,0.000,0.141,0.039,0.000
527.580,0.000,0.137,0.039,0.000
527.600,0.000,0.142,0.039,0.000
527.620,0.000,0.140,0.039,0.000
527.640,0.000,0.142,0.039,0.000
527.660,0.000,0.141,0.039,0.000
527.680,0.000,0.144,0.039,0.000
527.700,0.000,0.144,0.039,0.000
527.720,0.000,0.151,0.039,0.000
527.740,0.000,0.149,0.039,0.000
527.760,0.000,0.157,0.039,0.000
527.780,0.000,0.156,0.039,0.000
527.800,0.000,0.158,0.039,0.000
527.820,0.000,0.160,0.039,0.000
527.840,0.000,0.160,0.039,0.000
527.860,0.000,0.161,0.039,0.000
527.880,0.000,0.157,0.039,0.000
527.900,0.000,0.161,0.039,0.000
527.920,0.000,0.157,0.039,0.000
527.940,0.000,0.158,0.039,0.000
527.960,0.000,0.162,0.039,0.000
527.980,0.000,0.158,0.039,0.000
528.000,0.000,0.157,0.039,0.000
528.020,0.000,0.156,0.039,0.000
528.040,0.000,0.156,0.039,0.000
528.060,0.000,0.154,0.039,0.000
528.080,0.000,0.153,0.039,0.000
528.100,0.000,0.151,0.039,0.000
528.120,0.000,0.149,0.039,0.000
528.140,0.000,0.146,0.039,0.000
528.160,0.000,0.148,0.039,0.000
528.180,0.000,0.141,0.039,0.000
528.200,0.000,0.144,0.039,0.000
528.220,0.000,0.137,0.039,0.000
528.240,0.000,0.135,0.039,0.000
528.260,0.000,0.133,0.039,0.000
528.280,0.000,0.135,0.039,0.000
528.300,0.000,0.132,0.039,0.000
528.320,0.000,0.132,0.039,0.000
528.340,0.000,0.132,0.039,0.000
528.360,0.000,0.132,0.039,0.000
528.380,0.000,0.132,0.039,0.000
528.400,0.000,0.132,0.039,0.000
528.420,0.000,0.132,0.039,0.000
528.440,0.000,0.132,0.039,0.000
528.460,0.000,0.133,0.039,0.000
528.480,0.000,0.132,0.039,0.000
528.500,0.000,0.132,0.039,0.000
528.520,0.000,0.132,0.039,0.000
528.540,0.000,0.132,0.039,0.000
528.560,0.000,0.132,0.039,0.000
528.580,0.000,0.133,0.039,0.000
528.600,0.000,0.132,0.039,0.000
528.620,0.000,0.132,0.039,0.000
528.640,0.000,0.133,0.039,0.000
528.660,0.000,0.135,0.039,0.000
528.680,0.000,0.140,0.039,0.000
528.700,0.000,0.138,0.039,0.000
528.720,0.000,0.145,0.039,0.000
528.740,0.000,0.147,0.039,0.000
528.760,0.000,0.147,0.039,0.000
528.780,0.000,0.150,0.039,0.000
528.800,0.000,0.148,0.039,0.000
528.820,0.000,0.152,0.039,0.000
528.840,0.000,0.151,0.039,0.000
528.860,0.000,0.151,0.039,0.000
528.880,0.000,0.153,0.039,0.000
528.900,0.000,0.153,0.039,0.000
528.920,0.000,0.152,0.039,0.000
528.940,0.000,0.153,0.039,0.000
528.960,0.000,0.153,0.039,0.000
528.980,0.000,0.152,0.039,0.000
529.000,0.000,0.153,0.039,0.000
529.020,0.000,0.152,0.039,0.000
529.040,0.000,0.152,0.039,0.000
529.060,0.000,0.151,0.039,0.000
529.080,0.000,0.153,0.039,0.000
529.100,0.000,0.149,0.039,0.000
529.120,0.000,0.151,0.039,0.000
529.140,0.000,0.145,0.039,0.000
529.160,0.000,0.148,0.039,0.000
529.180,0.000,0.137,0.039,0.000
529.200,0.000,0.142,0.039,0.000
529.220,0.000,0.133,0.039,0.000
529.240,0.000,0.136,0.039,0.000
529.260,0.000,0.133,0.039,0.000
529.280,0.000,0.135,0.039,0.000
529.300,0.000,0.133,0.039,0.000
529.320,0.000,0.133,0.039,0.000
529.340,0.000,0.133,0.039,0.000
529.360,0.000,0.133,0.039,0.000
529.380,0.000,0.130,0.039,0.000
529.400,0.000,0.131,0.039,0.000
529.420,0.000,0.129,0.039,0.000
529.440,0.000,0.129,0.039,0.000
529.460,0.000,0.130,0.039,0.000
529.480,0.000,0.129,0.039,0.000
529.500,0.000,0.131,0.039,0.000
529.520,0.000,0.128,0.039,0.000
529.540,0.000,0.132,0.039,0.000
529.560,0.000,0.128,0.039,0.000
529.580,0.000,0.132,0.039,0.000
529.600,0.000,0.129,0.039,0.000
529.620,0.000,0.136,0.039,0.000
529.640,0.000,0.134,0.039,0.000
529.660,0.000,0.140,0.039,0.000
529.680,0.000,0.135,0.039,0.000
529.700,0.000,0.142,0.039,0.000
529.720,0.000,0.142,0.039,0.000
529.740,0.000,0.141,0.039,0.000
529.760,0.000,0.142,0.039,0.000
529.780,0.000,0.145,0.039,0.000
529.800,0.000,0.148,0.039,0.000
529.820,0.000,0.143,0.039,0.000
529.840,0.000,0.150,0.039,0.000
529.860,0.000,0.149,0.039,0.000
529.880,0.000,0.154,0.039,0.000
529.900,0.000,0.154,0.039,0.000
529.920,0.000,0.156,0.039,0.000
529.940,0.000,0.157,0.039,0.000
529.960,0.000,0.158,0.039,0.000
529.980,0.000,0.159,0.039,0.000
530.000,0.000,0.158,0.039,0.000
530.020,0.000,0.161,0.039,0.000
530.040,0.000,0.157,0.039,0.000
530.060,0.000,0.160,0.039,0.000
530.080,0.000,0.153,0.039,0.000
530.100,0.000,0.157,0.039,0.000
530.120,0.000,0.155,0.039,0.000
530.140,0.000,0.156,0.039,0.000
530.160,0.000,0.150,0.039,0.000
530.180,0.000,0.147,0.039,0.000
530.200,0.000,0.146,0.039,0.000
530.220,0.000,0.145,0.039,0.000
530.240,0.000,0.145,0.039,0.000
530.260,0.000,0.142,0.039,0.000
530.280,0.000,0.143,0.039,0.000
530.300,0.000,0.137,0.039,0.000
530.320,0.000,0.141,0.039,0.000
530.340,0.000,0.137,0.039,0.000
530.360,0.000,0.136,0.039,0.000
530.380,0.000,0.134,0.039,0.000
530.400,0.000,0.133,0.039,0.000
530.420,0.000,0.132,0.039,0.000
530.440,0.000,0.133,0.039,0.000
530.460,0.000,0.134,0.039,0.000
530.480,0.000,0.132,0.039,0.000
530.500,0.000,0.132,0.039,0.000
530.520,0.000,0.132,0.039,0.000
530.540,0.000,0.132,0.039,0.000
530.560,0.000,0.132,0.039,0.000
530.580,0.000,0.133,0.039,0.000
530.600,0.000,0.135,0.039,0.000
530.620,0.000,0.132,0.039,0.000
530.640,0.000,0.133,0.039,0.000
530.660,0.000,0.134,0.039,0.000
530.680,0.000,0.134,0.039,0.000
530.700,0.000,0.138,0.039,0.000
530.720,0.000,0.136,0.039,0.000
530.740,0.000,0.140,0.039,0.000
530.760,0.000,0.138,0.039,0.000
530.780,0.000,0.146,0.039,0.000
530.800,0.000,0.147,0.039,0.000
530.820,0.000,0.149,0.039,0.000
530.840,0.000,0.149,0.039,0.000
530.860,0.000,0.150,0.039,0.000
530.880,0.000,0.151,0.039,0.000
530.900,0.000,0.152,0.039,0.000
530.920,0.000,0.152,0.039,0.000
530.940,0.000,0.152,0.039,0.000
530.960,0.000,0.152,0.039,0.000
530.980,0.000,0.153,0.039,0.000
531.000,0.000,0.152,0.039,0.000
531.020,0.000,0.152,0.039,0.000
531.040,0.000,0.153,0.039,0.000
531.060,0.000,0.153,0.039,0.000
531.080,0.000,0.153,0.039,0.000
531.100,0.000,0.152,0.039,0.000
531.120,0.000,0.151,0.039,0.000
531.140,0.000,0.150,0.039,0.000
531.160,0.000,0.151,0.039,0.000
531.180,0.000,0.150,0.039,0.000
531.200,0.000,0.147,0.039,0.000
531.220,0.000,0.145,0.039,0.000
531.240,0.000,0.141,0.039,0.000
531.260,0.000,0.141,0.039,0.000
531.280,0.000,0.138,0.039,0.000
531.300,0.000,0.137,0.039,0.000
531.320,0.000,0.134,0.039,0.000
531.340,0.000,0.135,0.039,0.000
531.360,0.000,0.133,0.039,0.000
531.380,0.000,0.135,0.039,0.000
531.400,0.000,0.133,0.039,0.000
531.420,0.000,0.133,0.039,0.000
531.440,0.000,0.132,0.039,0.000
531.460,0.000,0.132,0.039,0.000
531.480,0.000,0.132,0.039,0.000
531.500,0.000,0.132,0.039,0.000
531.520,0.000,0.132,0.039,0.000
531.540,0.000,0.130,0.039,0.000
531.560,0.000,0.130,0.039,0.000
531.580,0.000,0.132,0.039,0.000
531.600,0.000,0.132,0.039,0.000
531.620,0.000,0.132,0.039,0.000
531.640,0.000,0.132,0.039,0.000
531.660,0.000,0.130,0.039,0.000
531.680,0.000,0.133,0.039,0.000
531.700,0.000,0.133,0.039,0.000
531.720,0.000,0.135,0.039,0.000
531.740,0.000,0.134,0.039,0.000
531.760,0.000,0.139,0.039,0.000
531.780,0.000,0.137,0.039,0.000
531.800,0.000,0.141,0.039,0.000
531.820,0.000,0.141,0.039,0.000
531.840,0.000,0.144,0.039,0.000
531.860,0.000,0.141,0.039,0.000
531.880,0.000,0.145,0.039,0.000
531.900,0.000,0.143,0.039,0.000
531.920,0.000,0.149,0.039,0.000
531.940,0.000,0.145,0.039,0.000
531.960,0.000,0.150,0.039,0.000
531.980,0.000,0.148,0.039,0.000
532.000,0.000,0.153,0.039,0.000
532.020,0.000,0.149,0.039,0.000
532.040,0.000,0.152,0.039,0.000
532.060,0.000,0.151,0.039,0.000
532.080,0.000,0.154,0.039,0.000
532.100,0.000,0.153,0.039,0.000
532.120,0.000,0.153,0.039,0.000
532.140,0.000,0.152,0.039,0.000
532.160,0.000,0.150,0.039,0.000
532.180,0.000,0.154,0.039,0.000
532.200,0.000,0.151,0.039,0.000
532.220,0.000,0.146,0.039,0.000
532.240,0.000,0.145,0.039,0.000
532.260,0.000,0.146,0.039,0.000
532.280,0.000,0.144,0.039,0.000
532.300,0.000,0.145,0.039,0.000
532.320,0.000,0.143,0.039,0.000
532.340,0.000,0.142,0.039,0.000
532.360,0.000,0.141,0.039,0.000
532.380,0.000,0.141,0.039,0.000
532.400,0.000,0.141,0.035,0.000
532.420,0.000,0.141,0.035,0.000
532.440,0.000,0.138,0.035,0.000
532.460,0.000,0.135,0.034,0.000
532.480,0.000,0.136,0.034,0.000
532.500,0.000,0.132,0.034,0.000
532.520,0.000,0.133,0.034,0.000
532.540,0.000,0.132,0.034,0.000
532.560,0.000,0.132,0.034,0.000
532.580,0.000,0.132,0.034,0.000
532.600,0.000,0.135,0.034,0.000
532.620,0.000,0.133,0.034,0.000
532.640,0.000,0.133,0.034,0.000
532.660,0.000,0.133,0.034,0.000
532.680,0.000,0.132,0.034,0.000
532.700,0.000,0.133,0.034,0.000
532.720,0.000,0.135,0.034,0.000
532.740,0.000,0.136,0.034,0.000
532.760,0.000,0.137,0.034,0.000
532.780,0.000,0.135,0.034,0.000
532.800,0.000,0.140,0.034,0.000
532.820,0.000,0.137,0.034,0.000
532.840,0.000,0.146,0.034,0.000
532.860,0.000,0.147,0.034,0.000
532.880,0.000,0.146,0.034,0.000
532.900,0.000,0.149,0.034,0.000
532.920,0.000,0.149,0.034,0.000
532.940,0.000,0.152,0.034,0.000
532.960,0.000,0.153,0.032,0.000
532.980,0.000,0.153,0.032,0.000
533.000,0.000,0.152,0.032,0.000
533.020,0.000,0.152,0.032,0.000
533.040,0.000,0.153,0.032,0.000
533.060,0.000,0.153,0.032,0.000
533.080,0.000,0.152,0.032,0.000
533.100,0.000,0.152,0.032,0.000
533.120,0.000,0.151,0.032,0.000
533.140,0.000,0.152,0.032,0.000
533.160,0.000,0.153,0.032,0.000
533.180,0.000,0.152,0.032,0.000
533.200,0.000,0.152,0.032,0.000
533.220,0.000,0.152,0.032,0.000
533.240,0.000,0.149,0.032,0.000
533.260,0.000,0.151,0.032,0.000
533.280,0.000,0.147,0.032,0.000
533.300,0.000,0.149,0.032,0.000
533.320,0.000,0.141,0.032,0.000
533.340,0.000,0.142,0.032,0.000
533.360,0.000,0.139,0.032,0.000
533.380,0.000,0.136,0.032,0.000
533.400,0.000,0.137,0.032,0.000
533.420,0.000,0.135,0.032,0.000
533.440,0.000,0.135,0.032,0.000
533.460,0.000,0.133,0.032,0.000
533.480,0.000,0.133,0.032,0.000
533.500,0.000,0.133,0.032,0.000
533.520,0.000,0.133,0.032,0.000
533.540,0.000,0.132,0.032,0.000
533.560,0.000,0.132,0.032,0.000
533.580,0.000,0.133,0.032,0.000
533.600,0.000,0.132,0.032,0.000
533.620,0.000,0.130,0.032,0.000
533.640,0.000,0.132,0.032,0.000
533.660,0.000,0.131,0.032,0.000
533.680,0.000,0.132,0.032,0.000
533.700,0.000,0.132,0.032,0.000
533.720,0.000,0.132,0.032,0.000
533.740,0.000,0.132,0.032,0.000
533.760,0.000,0.132,0.032,0.000
533.780,0.000,0.134,0.032,0.000
533.800,0.000,0.134,0.032,0.000
533.820,0.000,0.135,0.032,0.000
533.840,0.000,0.135,0.032,0.000
533.860,0.000,0.137,0.032,0.000
533.880,0.000,0.138,0.032,0.000
533.900,0.000,0.142,0.032,0.000
533.920,0.000,0.142,0.032,0.000
533.940,0.000,0.144,0.032,0.000
533.960,0.000,0.140,0.032,0.000
533.980,0.000,0.152,0.032,0.000
534.000,0.000,0.140,0.032,0.000
534.020,0.000,0.153,0.032,0.000
534.040,0.000,0.142,0.032,0.000
534.060,0.000,0.153,0.032,0.000
534.080,0.000,0.144,0.032,0.000
534.100,0.000,0.153,0.032,0.000
534.120,0.000,0.148,0.032,0.000
534.140,0.000,0.153,0.032,0.000
534.160,0.000,0.149,0.032,0.000
534.180,0.000,0.154,0.032,0.000
534.200,0.000,0.146,0.032,0.000
534.220,0.000,0.152,0.032,0.000
534.240,0.000,0.145,0.032,0.000
534.260,0.000,0.149,0.032,0.000
534.280,0.000,0.149,0.032,0.000
534.300,0.000,0.145,0.032,0.000
534.320,0.000,0.147,0.032,0.000
534.340,0.000,0.141,0.032,0.000
534.360,0.000,0.145,0.032,0.000
534.380,0.000,0.137,0.032,0.000
534.400,0.000,0.145,0.032,0.000
534.420,0.000,0.133,0.032,0.000
534.440,0.000,0.143,0.032,0.000
534.460,0.000,0.134,0.032,0.000
534.480,0.000,0.140,0.032,0.000
534.500,0.000,0.133,0.032,0.000
534.520,0.000,0.140,0.032,0.000
534.540,0.000,0.129,0.032,0.000
534.560,0.000,0.137,0.031,0.000
534.580,0.000,0.132,0.031,0.000
534.600,0.000,0.137,0.031,0.000
534.620,0.000,0.132,0.031,0.000
534.640,0.000,0.132,0.031,0.000
534.660,0.000,0.134,0.031,0.000
534.680,0.000,0.134,0.031,0.000
534.700,0.000,0.134,0.031,0.000
534.720,0.000,0.134,0.031,0.000
534.740,0.000,0.137,0.031,0.000
534.760,0.000,0.134,0.031,0.000
534.780,0.000,0.138,0.031,0.000
534.800,0.000,0.135,0.031,0.000
534.820,0.000,0.139,0.031,0.000
534.840,0.000,0.137,0.031,0.000
534.860,0.000,0.142,0.031,0.000
534.880,0.000,0.137,0.031,0.000
534.900,0.000,0.147,0.031,0.000
534.920,0.000,0.140,0.031,0.000
534.940,0.000,0.147,0.031,0.000
534.960,0.000,0.145,0.031,0.000
534.980,0.000,0.150,0.031,0.000
535.000,0.000,0.149,0.031,0.000
535.020,0.000,0.152,0.031,0.000
535.040,0.000,0.148,0.031,0.000
535.060,0.000,0.150,0.027,0.000
535.080,0.000,0.153,0.027,0.000
535.100,0.000,0.150,0.027,0.000
535.120,0.000,0.156,0.027,0.000
535.140,0.000,0.152,0.027,0.000
535.160,0.000,0.157,0.027,0.000
535.180,0.000,0.151,0.027,0.000
535.200,0.000,0.155,0.027,0.000
535.220,0.000,0.150,0.027,0.000
535.240,0.000,0.154,0.027,0.000
535.260,0.000,0.149,0.027,0.000
535.280,0.000,0.153,0.027,0.000
535.300,0.000,0.149,0.027,0.000
535.320,0.000,0.152,0.027,0.000
535.340,0.000,0.150,0.027,0.000
535.360,0.000,0.149,0.027,0.000
535.380,0.000,0.145,0.027,0.000
535.400,0.000,0.147,0.027,0.000
535.420,0.000,0.143,0.027,0.000
535.440,0.000,0.141,0.027,0.000
535.460,0.000,0.143,0.027,0.000
535.480,0.000,0.137,0.027,0.000
535.500,0.000,0.140,0.027,0.000
535.520,0.000,0.133,0.027,0.000
535.540,0.000,0.134,0.027,0.000
535.560,0.000,0.133,0.027,0.000
535.580,0.000,0.134,0.027,0.000
535.600,0.000,0.132,0.027,0.000
535.620,0.000,0.132,0.027,0.000
535.640,0.000,0.132,0.027,0.000
535.660,0.000,0.132,0.027,0.000
535.680,0.000,0.132,0.027,0.000
535.700,0.000,0.132,0.027,0.000
535.720,0.000,0.132,0.027,0.000
535.740,0.000,0.132,0.027,0.000
535.760,0.000,0.133,0.027,0.000
535.780,0.000,0.132,0.027,0.000
535.800,0.000,0.133,0.027,0.000
535.820,0.000,0.132,0.027,0.000
535.840,0.000,0.133,0.027,0.000
535.860,0.000,0.134,0.027,0.000
535.880,0.000,0.133,0.027,0.000
535.900,0.000,0.133,0.027,0.000
535.920,0.000,0.133,0.027,0.000
535.940,0.000,0.135,0.027,0.000
535.960,0.000,0.137,0.027,0.000
535.980,0.000,0.137,0.027,0.000
536.000,0.000,0.141,0.027,0.000
536.020,0.000,0.137,0.027,0.000
536.040,0.000,0.142,0.027,0.000
536.060,0.000,0.144,0.027,0.000
536.080,0.000,0.142,0.027,0.000
536.100,0.000,0.145,0.027,0.000
536.120,0.000,0.149,0.027,0.000
536.140,0.000,0.149,0.027,0.000
536.160,0.000,0.149,0.027,0.000
536.180,0.000,0.151,0.027,0.000
536.200,0.000,0.149,0.027,0.000
536.220,0.000,0.151,0.027,0.000
536.240,0.000,0.152,0.027,0.000
536.260,0.000,0.152,0.027,0.000
536.280,0.000,0.149,0.027,0.000
536.300,0.000,0.151,0.027,0.000
536.320,0.000,0.147,0.027,0.000
536.340,0.000,0.149,0.027,0.000
536.360,0.000,0.145,0.027,0.000
536.380,0.000,0.146,0.027,0.000
536.400,0.000,0.145,0.027,0.000
536.420,0.000,0.146,0.027,0.000
536.440,0.000,0.140,0.027,0.000
536.460,0.000,0.140,0.027,0.000
536.480,0.000,0.136,0.027,0.000
536.500,0.000,0.137,0.027,0.000
536.520,0.000,0.134,0.027,0.000
536.540,0.000,0.137,0.027,0.000
536.560,0.000,0.134,0.027,0.000
536.580,0.000,0.136,0.027,0.000
536.600,0.000,0.134,0.027,0.000
536.620,0.000,0.133,0.027,0.000
536.640,0.000,0.134,0.027,0.000
536.660,0.000,0.134,0.027,0.000
536.680,0.000,0.132,0.027,0.000
536.700,0.000,0.132,0.027,0.000
536.720,0.000,0.133,0.027,0.000
536.740,0.000,0.132,0.027,0.000
536.760,0.000,0.134,0.027,0.000
536.780,0.000,0.132,0.027,0.000
536.800,0.000,0.136,0.027,0.000
536.820,0.000,0.134,0.027,0.000
536.840,0.000,0.136,0.027,0.000
536.860,0.000,0.134,0.027,0.000
536.880,0.000,0.140,0.027,0.000
536.900,0.000,0.137,0.027,0.000
536.920,0.000,0.140,0.027,0.000
536.940,0.000,0.141,0.027,0.000
536.960,0.000,0.141,0.027,0.000
536.980,0.000,0.142,0.027,0.000
537.000,0.000,0.143,0.027,0.000
537.020,0.000,0.142,0.027,0.000
537.040,0.000,0.143,0.027,0.000
537.060,0.000,0.144,0.027,0.000
537.080,0.000,0.145,0.027,0.000
537.100,0.000,0.148,0.027,0.000
537.120,0.000,0.149,0.027,0.000
537.140,0.000,0.149,0.027,0.000
537.160,0.000,0.151,0.027,0.000
537.180,0.000,0.149,0.027,0.000
537.200,0.000,0.149,0.027,0.000
537.220,0.000,0.153,0.027,0.000
537.240,0.000,0.153,0.027,0.000
537.260,0.000,0.153,0.027,0.000
537.280,0.000,0.152,0.027,0.000
537.300,0.000,0.153,0.027,0.000
537.320,0.000,0.155,0.027,0.000
537.340,0.000,0.152,0.027,0.000
537.360,0.000,0.151,0.027,0.000
537.380,0.000,0.148,0.027,0.000
537.400,0.000,0.153,0.027,0.000
537.420,0.000,0.149,0.027,0.000
537.440,0.000,0.149,0.027,0.000
537.460,0.000,0.145,0.027,0.000
537.480,0.000,0.146,0.027,0.000
537.500,0.000,0.143,0.027,0.000
537.520,0.000,0.145,0.027,0.000
537.540,0.000,0.142,0.027,0.000
537.560,0.000,0.144,0.027,0.000
537.580,0.000,0.141,0.027,0.000
537.600,0.000,0.139,0.027,0.000
537.620,0.000,0.139,0.027,0.000
537.640,0.000,0.139,0.027,0.000
537.660,0.000,0.138,0.027,0.000
537.680,0.000,0.135,0.027,0.000
537.700,0.000,0.137,0.027,0.000
537.720,0.000,0.136,0.027,0.000
537.740,0.000,0.136,0.027,0.000
537.760,0.000,0.136,0.027,0.000
537.780,0.000,0.135,0.027,0.000
537.800,0.000,0.134,0.027,0.000
537.820,0.000,0.134,0.027,0.000
537.840,0.000,0.133,0.027,0.000
537.860,0.000,0.136,0.027,0.000
537.880,0.000,0.136,0.027,0.000
537.900,0.000,0.136,0.027,0.000
537.920,0.000,0.140,0.027,0.000
537.940,0.000,0.135,0.027,0.000
537.960,0.000,0.138,0.027,0.000
537.980,0.000,0.137,0.027,0.000
538.000,0.000,0.138,0.027,0.000
538.020,0.000,0.139,0.027,0.000
538.040,0.000,0.140,0.027,0.000
538.060,0.000,0.143,0.027,0.000
538.080,0.000,0.143,0.027,0.000
538.100,0.000,0.144,0.027,0.000
538.120,0.000,0.143,0.027,0.000
538.140,0.000,0.145,0.027,0.000
538.160,0.000,0.145,0.027,0.000
538.180,0.000,0.147,0.027,0.000
538.200,0.000,0.145,0.027,0.000
538.220,0.000,0.146,0.027,0.000
538.240,0.000,0.149,0.027,0.000
538.260,0.000,0.149,0.027,0.000
538.280,0.000,0.147,0.027,0.000
538.300,0.000,0.147,0.027,0.000
538.320,0.000,0.147,0.027,0.000
538.340,0.000,0.149,0.027,0.000
538.360,0.000,0.147,0.027,0.000
538.380,0.000,0.148,0.027,0.000
538.400,0.000,0.147,0.027,0.000
538.420,0.000,0.144,0.027,0.000
538.440,0.000,0.146,0.027,0.000
538.460,0.000,0.144,0.027,0.000
538.480,0.000,0.145,0.027,0.000
538.500,0.000,0.141,0.027,0.000
538.520,0.000,0.143,0.027,0.000
538.540,0.000,0.135,0.027,0.000
538.560,0.000,0.141,0.027,0.000
538.580,0.000,0.135,0.027,0.000
538.600,0.000,0.139,0.027,0.000
538.620,0.000,0.136,0.027,0.000
538.640,0.000,0.137,0.027,0.000
538.660,0.000,0.135,0.027,0.000
538.680,0.000,0.135,0.027,0.000
538.700,0.000,0.134,0.027,0.000
538.720,0.000,0.134,0.027,0.000
538.740,0.000,0.132,0.027,0.000
538.760,0.000,0.134,0.027,0.000
538.780,0.000,0.134,0.027,0.000
538.800,0.000,0.135,0.027,0.000
538.820,0.000,0.134,0.027,0.000
538.840,0.000,0.134,0.027,0.000
538.860,0.000,0.134,0.027,0.000
538.880,0.000,0.133,0.027,0.000
538.900,0.000,0.132,0.027,0.000
538.920,0.000,0.134,0.027,0.000
538.940,0.000,0.134,0.027,0.000
538.960,0.000,0.136,0.027,0.000
538.980,0.000,0.132,0.027,0.000
539.000,0.000,0.139,0.027,0.000
539.020,0.000,0.138,0.027,0.000
539.040,0.000,0.141,0.027,0.000
539.060,0.000,0.140,0.027,0.000
539.080,0.000,0.141,0.027,0.000
539.100,0.000,0.142,0.027,0.000
539.120,0.000,0.143,0.027,0.000
539.140,0.000,0.143,0.027,0.000
539.160,0.000,0.143,0.027,0.000
539.180,0.000,0.144,0.027,0.000
539.200,0.000,0.144,0.027,0.000
539.220,0.000,0.145,0.027,0.000
539.240,0.000,0.146,0.027,0.000
539.260,0.000,0.149,0.027,0.000
539.280,0.000,0.147,0.027,0.000
539.300,0.000,0.151,0.027,0.000
539.320,0.000,0.148,0.027,0.000
539.340,0.000,0.146,0.027,0.000
539.360,0.000,0.149,0.027,0.000
539.380,0.000,0.152,0.027,0.000
539.400,0.000,0.150,0.027,0.000
539.420,0.000,0.147,0.027,0.000
539.440,0.000,0.146,0.027,0.000
539.460,0.000,0.149,0.027,0.000
539.480,0.000,0.149,0.027,0.000
539.500,0.000,0.145,0.027,0.000
539.520,0.000,0.144,0.027,0.000
539.540,0.000,0.143,0.025,0.000
539.560,0.000,0.143,0.025,0.000
539.580,0.000,0.144,0.025,0.000
539.600,0.000,0.144,0.025,0.000
539.620,0.000,0.143,0.025,0.000
539.640,0.000,0.142,0.025,0.000
539.660,0.000,0.141,0.025,0.000
539.680,0.000,0.140,0.025,0.000
539.700,0.000,0.141,0.025,0.000
539.720,0.000,0.140,0.025,0.000
539.740,0.000,0.137,0.025,0.000
539.760,0.000,0.140,0.025,0.000
539.780,0.000,0.137,0.025,0.000
539.800,0.000,0.137,0.025,0.000
539.820,0.000,0.137,0.025,0.000
539.840,0.000,0.137,0.025,0.000
539.860,0.000,0.137,0.025,0.000
539.880,0.000,0.136,0.025,0.000
539.900,0.000,0.139,0.025,0.000
539.920,0.000,0.136,0.025,0.000
539.940,0.000,0.139,0.025,0.000
539.960,0.000,0.137,0.025,0.000
539.980,0.000,0.137,0.025,0.000
540.000,0.000,0.137,0.025,0.000
540.020,0.000,0.137,0.025,0.000
540.040,0.000,0.143,0.025,0.000
540.060,0.000,0.140,0.025,0.000
540.080,0.000,0.144,0.025,0.000
540.100,0.000,0.141,0.025,0.000
540.120,0.000,0.144,0.025,0.000
540.140,0.000,0.141,0.025,0.000
540.160,0.000,0.148,0.023,0.000
540.180,0.000,0.145,0.023,0.000
540.200,0.000,0.146,0.023,0.000
540.220,0.000,0.147,0.023,0.000
540.240,0.000,0.148,0.023,0.000
540.260,0.000,0.147,0.023,0.000
540.280,0.000,0.151,0.023,0.000
540.300,0.000,0.150,0.023,0.000
540.320,0.000,0.148,0.023,0.000
540.340,0.000,0.149,0.023,0.000
540.360,0.000,0.149,0.023,0.000
540.380,0.000,0.149,0.023,0.000
540.400,0.000,0.147,0.023,0.000
540.420,0.000,0.149,0.023,0.000
540.440,0.000,0.145,0.023,0.000
540.460,0.000,0.148,0.023,0.000
540.480,0.000,0.145,0.023,0.000
540.500,0.000,0.148,0.023,0.000
540.520,0.000,0.145,0.023,0.000
540.540,0.000,0.147,0.023,0.000
540.560,0.000,0.145,0.023,0.000
540.580,0.000,0.145,0.023,0.000
540.600,0.000,0.140,0.023,0.000
540.620,0.000,0.137,0.023,0.000
540.640,0.000,0.137,0.023,0.000
540.660,0.000,0.137,0.023,0.000
540.680,0.000,0.135,0.023,0.000
540.700,0.000,0.135,0.023,0.000
540.720,0.000,0.134,0.023,0.000
540.740,0.000,0.133,0.023,0.000
540.760,0.000,0.136,0.023,0.000
540.780,0.000,0.132,0.023,0.000
540.800,0.000,0.134,0.023,0.000
540.820,0.000,0.133,0.023,0.000
540.840,0.000,0.135,0.023,0.000
540.860,0.000,0.132,0.023,0.000
540.880,0.000,0.132,0.023,0.000
540.900,0.000,0.131,0.024,0.000
540.920,0.000,0.132,0.024,0.000
540.940,0.000,0.133,0.024,0.000
540.960,0.000,0.134,0.024,0.000
540.980,0.000,0.132,0.024,0.000
541.000,0.000,0.133,0.024,0.000
541.020,0.000,0.132,0.024,0.000
541.040,0.000,0.137,0.024,0.000
541.060,0.000,0.139,0.024,0.000
541.080,0.000,0.139,0.024,0.000
541.100,0.000,0.140,0.024,0.000
541.120,0.000,0.138,0.024,0.000
541.140,0.000,0.139,0.024,0.000
541.160,0.000,0.138,0.024,0.000
541.180,0.000,0.143,0.024,0.000
541.200,0.000,0.141,0.024,0.000
541.220,0.000,0.144,0.024,0.000
541.240,0.000,0.142,0.024,0.000
541.260,0.000,0.145,0.024,0.000
541.280,0.000,0.143,0.024,0.000
541.300,0.000,0.148,0.024,0.000
541.320,0.000,0.146,0.024,0.000
541.340,0.000,0.148,0.024,0.000
541.360,0.000,0.143,0.024,0.000
541.380,0.000,0.152,0.024,0.000
541.400,0.000,0.144,0.024,0.000
541.420,0.000,0.152,0.024,0.000
541.440,0.000,0.145,0.024,0.000
541.460,0.000,0.153,0.024,0.000
541.480,0.000,0.145,0.024,0.000
541.500,0.000,0.148,0.024,0.000
541.520,0.000,0.145,0.024,0.000
541.540,0.000,0.152,0.024,0.000
541.560,0.000,0.145,0.024,0.000
541.580,0.000,0.145,0.024,0.000
541.600,0.000,0.144,0.024,0.000
541.620,0.000,0.143,0.024,0.000
541.640,0.000,0.145,0.024,0.000
541.660,0.000,0.141,0.024,0.000
541.680,0.000,0.143,0.024,0.000
541.700,0.000,0.141,0.024,0.000
541.720,0.000,0.141,0.024,0.000
541.740,0.000,0.138,0.024,0.000
541.760,0.000,0.142,0.024,0.000
541.780,0.000,0.137,0.024,0.000
541.800,0.000,0.142,0.024,0.000
541.820,0.000,0.136,0.024,0.000
541.840,0.000,0.140,0.024,0.000
541.860,0.000,0.135,0.024,0.000
541.880,0.000,0.137,0.024,0.000
541.900,0.000,0.139,0.024,0.000
541.920,0.000,0.135,0.024,0.000
541.940,0.000,0.136,0.024,0.000
541.960,0.000,0.136,0.024,0.000
541.980,0.000,0.136,0.024,0.000
542.000,0.000,0.135,0.024,0.000
542.020,0.000,0.135,0.024,0.000
542.040,0.000,0.140,0.024,0.000
542.060,0.000,0.139,0.024,0.000
542.080,0.000,0.137,0.024,0.000
542.100,0.000,0.137,0.024,0.000
542.120,0.000,0.139,0.024,0.000
542.140,0.000,0.142,0.024,0.000
542.160,0.000,0.141,0.024,0.000
542.180,0.000,0.146,0.024,0.000
542.200,0.000,0.144,0.024,0.000
542.220,0.000,0.142,0.024,0.000
542.240,0.000,0.148,0.024,0.000
542.260,0.000,0.148,0.024,0.000
542.280,0.000,0.150,0.024,0.000
542.300,0.000,0.149,0.024,0.000
542.320,0.000,0.151,0.023,0.000
542.340,0.000,0.151,0.023,0.000
542.360,0.000,0.152,0.023,0.000
542.380,0.000,0.151,0.023,0.000
542.400,0.000,0.153,0.023,0.000
542.420,0.000,0.150,0.023,0.000
542.440,0.000,0.151,0.023,0.000
542.460,0.000,0.149,0.023,0.000
542.480,0.000,0.152,0.023,0.000
542.500,0.000,0.152,0.023,0.000
542.520,0.000,0.152,0.023,0.000
542.540,0.000,0.152,0.023,0.000
542.560,0.000,0.152,0.023,0.000
542.580,0.000,0.149,0.023,0.000
542.600,0.000,0.149,0.023,0.000
542.620,0.000,0.149,0.023,0.000
542.640,0.000,0.145,0.023,0.000
542.660,0.000,0.145,0.023,0.000
542.680,0.000,0.141,0.023,0.000
542.700,0.000,0.142,0.023,0.000
542.720,0.000,0.141,0.023,0.000
542.740,0.000,0.142,0.023,0.000
542.760,0.000,0.136,0.023,0.000
542.780,0.000,0.137,0.023,0.000
542.800,0.000,0.137,0.023,0.000
542.820,0.000,0.133,0.023,0.000
542.840,0.000,0.137,0.023,0.000
542.860,0.000,0.133,0.023,0.000
542.880,0.000,0.133,0.023,0.000
542.900,0.000,0.134,0.023,0.000
542.920,0.000,0.133,0.023,0.000
542.940,0.000,0.133,0.023,0.000
542.960,0.000,0.133,0.023,0.000
542.980,0.000,0.132,0.023,0.000
543.000,0.000,0.133,0.023,0.000
543.020,0.000,0.133,0.023,0.000
543.040,0.000,0.132,0.023,0.000
543.060,0.000,0.133,0.023,0.000
543.080,0.000,0.133,0.023,0.000
543.100,0.000,0.134,0.023,0.000
543.120,0.000,0.133,0.023,0.000
543.140,0.000,0.134,0.023,0.000
543.160,0.000,0.134,0.023,0.000
543.180,0.000,0.134,0.023,0.000
543.200,0.000,0.134,0.023,0.000
543.220,0.000,0.137,0.023,0.000
543.240,0.000,0.137,0.023,0.000
543.260,0.000,0.138,0.023,0.000
543.280,0.000,0.143,0.023,0.000
543.300,0.000,0.141,0.023,0.000
543.320,0.000,0.148,0.023,0.000
543.340,0.000,0.142,0.023,0.000
543.360,0.000,0.149,0.023,0.000
543.380,0.000,0.145,0.023,0.000
543.400,0.000,0.149,0.023,0.000
543.420,0.000,0.146,0.023,0.000
543.440,0.000,0.149,0.023,0.000
543.460,0.000,0.146,0.023,0.000
543.480,0.000,0.149,0.023,0.000
543.500,0.000,0.149,0.023,0.000
543.520,0.000,0.149,0.023,0.000
543.540,0.000,0.148,0.023,0.000
543.560,0.000,0.146,0.023,0.000
543.580,0.000,0.145,0.023,0.000
543.600,0.000,0.146,0.023,0.000
543.620,0.000,0.150,0.023,0.000
543.640,0.000,0.146,0.023,0.000
543.660,0.000,0.144,0.023,0.000
543.680,0.000,0.142,0.023,0.000
543.700,0.000,0.143,0.023,0.000
543.720,0.000,0.143,0.023,0.000
543.740,0.000,0.142,0.023,0.000
543.760,0.000,0.142,0.023,0.000
543.780,0.000,0.142,0.023,0.000
543.800,0.000,0.141,0.023,0.000
543.820,0.000,0.141,0.023,0.000
543.840,0.000,0.140,0.023,0.000
543.860,0.000,0.141,0.023,0.000
543.880,0.000,0.140,0.023,0.000
543.900,0.000,0.141,0.023,0.000
543.920,0.000,0.141,0.023,0.000
543.940,0.000,0.137,0.023,0.000
543.960,0.000,0.137,0.023,0.000
543.980,0.000,0.139,0.023,0.000
544.000,0.000,0.140,0.023,0.000
544.020,0.000,0.141,0.023,0.000
544.040,0.000,0.141,0.023,0.000
544.060,0.000,0.139,0.023,0.000
544.080,0.000,0.139,0.023,0.000
544.100,0.000,0.139,0.023,0.000
544.120,0.000,0.139,0.023,0.000
544.140,0.000,0.141,0.023,0.000
544.160,0.000,0.140,0.023,0.000
544.180,0.000,0.142,0.023,0.000
544.200,0.000,0.140,0.023,0.000
544.220,0.000,0.141,0.023,0.000
544.240,0.000,0.142,0.023,0.000
544.260,0.000,0.143,0.023,0.000
544.280,0.000,0.141,0.023,0.000
544.300,0.000,0.145,0.023,0.000
544.320,0.000,0.144,0.023,0.000
544.340,0.000,0.145,0.023,0.000
544.360,0.000,0.149,0.023,0.000
544.380,0.000,0.149,0.023,0.000
544.400,0.000,0.148,0.023,0.000
544.420,0.000,0.149,0.023,0.000
544.440,0.000,0.149,0.023,0.000
544.460,0.000,0.152,0.023,0.000
544.480,0.000,0.151,0.023,0.000
544.500,0.000,0.151,0.023,0.000
544.520,0.000,0.150,0.023,0.000
544.540,0.000,0.153,0.023,0.000
544.560,0.000,0.153,0.023,0.000
544.580,0.000,0.153,0.023,0.000
544.600,0.000,0.150,0.023,0.000
544.620,0.000,0.149,0.023,0.000
544.640,0.000,0.152,0.023,0.000
544.660,0.000,0.151,0.023,0.000
544.680,0.000,0.148,0.023,0.000
544.700,0.000,0.151,0.023,0.000
544.720,0.000,0.144,0.023,0.000
544.740,0.000,0.148,0.023,0.000
544.760,0.000,0.147,0.023,0.000
544.780,0.000,0.145,0.023,0.000
544.800,0.000,0.145,0.023,0.000
544.820,0.000,0.141,0.023,0.000
544.840,0.000,0.139,0.023,0.000
544.860,0.000,0.138,0.023,0.000
544.880,0.000,0.137,0.023,0.000
544.900,0.000,0.134,0.023,0.000
544.920,0.000,0.135,0.023,0.000
544.940,0.000,0.135,0.023,0.000
544.960,0.000,0.135,0.023,0.000
544.980,0.000,0.135,0.023,0.000
545.000,0.000,0.133,0.023,0.000
545.020,0.000,0.133,0.023,0.000
545.040,0.000,0.132,0.023,0.000
545.060,0.000,0.135,0.023,0.000
545.080,0.000,0.132,0.023,0.000
545.100,0.000,0.133,0.023,0.000
545.120,0.000,0.132,0.023,0.000
545.140,0.000,0.135,0.023,0.000
545.160,0.000,0.132,0.023,0.000
545.180,0.000,0.133,0.023,0.000
545.200,0.000,0.135,0.023,0.000
545.220,0.000,0.134,0.023,0.000
545.240,0.000,0.134,0.023,0.000
545.260,0.000,0.136,0.023,0.000
545.280,0.000,0.133,0.023,0.000
545.300,0.000,0.136,0.023,0.000
545.320,0.000,0.137,0.023,0.000
545.340,0.000,0.138,0.023,0.000
545.360,0.000,0.141,0.023,0.000
545.380,0.000,0.139,0.023,0.000
545.400,0.000,0.141,0.023,0.000
545.420,0.000,0.139,0.023,0.000
545.440,0.000,0.144,0.023,0.000
545.460,0.000,0.141,0.023,0.000
545.480,0.000,0.149,0.023,0.000
545.500,0.000,0.143,0.023,0.000
545.520,0.000,0.145,0.023,0.000
545.540,0.000,0.146,0.023,0.000
545.560,0.000,0.149,0.023,0.000
545.580,0.000,0.146,0.023,0.000
545.600,0.000,0.146,0.023,0.000
545.620,0.000,0.145,0.023,0.000
545.640,0.000,0.144,0.023,0.000
545.660,0.000,0.143,0.023,0.000
545.680,0.000,0.147,0.023,0.000
545.700,0.000,0.145,0.023,0.000
545.720,0.000,0.143,0.023,0.000
545.740,0.000,0.147,0.023,0.000
545.760,0.000,0.142,0.023,0.000
545.780,0.000,0.144,0.023,0.000
545.800,0.000,0.140,0.023,0.000
545.820,0.000,0.141,0.023,0.000
545.840,0.000,0.137,0.023,0.000
545.860,0.000,0.141,0.023,0.000
545.880,0.000,0.138,0.023,0.000
545.900,0.000,0.141,0.022,0.000
545.920,0.000,0.137,0.022,0.000
545.940,0.000,0.140,0.022,0.000
545.960,0.000,0.138,0.022,0.000
545.980,0.000,0.140,0.021,0.000
546.000,0.000,0.138,0.021,0.000
546.020,0.000,0.140,0.021,0.000
546.040,0.000,0.138,0.021,0.000
546.060,0.000,0.138,0.021,0.000
546.080,0.000,0.137,0.021,0.000
546.100,0.000,0.137,0.021,0.000
546.120,0.000,0.137,0.021,0.000
546.140,0.000,0.139,0.021,0.000
546.160,0.000,0.138,0.021,0.000
546.180,0.000,0.141,0.021,0.000
546.200,0.000,0.141,0.021,0.000
546.220,0.000,0.139,0.021,0.000
546.240,0.000,0.140,0.021,0.000
546.260,0.000,0.141,0.021,0.000
546.280,0.000,0.141,0.021,0.000
546.300,0.000,0.142,0.021,0.000
546.320,0.000,0.141,0.021,0.000
546.340,0.000,0.142,0.021,0.000
546.360,0.000,0.142,0.021,0.000
546.380,0.000,0.143,0.021,0.000
546.400,0.000,0.143,0.021,0.000
546.420,0.000,0.145,0.021,0.000
546.440,0.000,0.145,0.021,0.000
546.460,0.000,0.145,0.021,0.000
546.480,0.000,0.145,0.021,0.000
546.500,0.000,0.147,0.021,0.000
546.520,0.000,0.149,0.021,0.000
546.540,0.000,0.148,0.021,0.000
546.560,0.000,0.152,0.021,0.000
546.580,0.000,0.150,0.021,0.000
546.600,0.000,0.149,0.021,0.000
546.620,0.000,0.149,0.021,0.000
546.640,0.000,0.152,0.021,0.000
546.660,0.000,0.150,0.021,0.000
546.680,0.000,0.152,0.021,0.000
546.700,0.000,0.150,0.021,0.000
546.720,0.000,0.152,0.021,0.000
546.740,0.000,0.150,0.021,0.000
546.760,0.000,0.150,0.021,0.000
546.780,0.000,0.150,0.021,0.000
546.800,0.000,0.148,0.021,0.000
546.820,0.000,0.149,0.021,0.000
546.840,0.000,0.148,0.021,0.000
546.860,0.000,0.146,0.021,0.000
546.880,0.000,0.142,0.021,0.000
546.900,0.000,0.145,0.021,0.000
546.920,0.000,0.140,0.021,0.000
546.940,0.000,0.143,0.021,0.000
546.960,0.000,0.139,0.021,0.000
546.980,0.000,0.139,0.021,0.000
547.000,0.000,0.141,0.021,0.000
547.020,0.000,0.138,0.021,0.000
547.040,0.000,0.135,0.021,0.000
547.060,0.000,0.135,0.021,0.000
547.080,0.000,0.134,0.021,0.000
547.100,0.000,0.135,0.021,0.000
547.120,0.000,0.135,0.021,0.000
547.140,0.000,0.135,0.021,0.000
547.160,0.000,0.135,0.021,0.000
547.180,0.000,0.135,0.021,0.000
547.200,0.000,0.139,0.021,0.000
547.220,0.000,0.134,0.021,0.000
547.240,0.000,0.137,0.021,0.000
547.260,0.000,0.133,0.021,0.000
547.280,0.000,0.143,0.021,0.000
547.300,0.000,0.134,0.021,0.000
547.320,0.000,0.148,0.021,0.000
547.340,0.000,0.134,0.021,0.000
547.360,0.000,0.146,0.021,0.000
547.380,0.000,0.134,0.021,0.000
547.400,0.000,0.141,0.021,0.000
547.420,0.000,0.141,0.021,0.000
547.440,0.000,0.140,0.021,0.000
547.460,0.000,0.149,0.021,0.000
547.480,0.000,0.137,0.021,0.000
547.500,0.000,0.155,0.023,0.000
547.520,0.000,0.128,0.027,0.000
547.540,0.000,0.157,0.030,0.000
547.560,0.000,0.124,0.034,0.000
547.580,0.000,0.159,0.035,0.000
547.600,0.000,0.127,0.035,0.000
547.620,0.000,0.161,0.037,0.000
547.640,0.000,0.134,0.037,0.000
547.660,0.000,0.154,0.037,0.000
547.680,0.000,0.138,0.037,0.000
547.700,0.000,0.149,0.037,0.000
547.720,0.000,0.142,0.037,0.000
547.740,0.000,0.144,0.037,0.000
547.760,0.000,0.143,0.037,0.000
547.780,0.000,0.141,0.037,0.000
547.800,0.000,0.143,0.037,0.000
547.820,0.000,0.140,0.037,0.000
547.840,0.000,0.141,0.037,0.000
547.860,0.000,0.141,0.037,0.000
547.880,0.000,0.138,0.037,0.000
547.900,0.000,0.140,0.037,0.000
547.920,0.000,0.134,0.037,0.000
547.940,0.000,0.137,0.037,0.000
547.960,0.000,0.133,0.037,0.000
547.980,0.000,0.142,0.037,0.000
548.000,0.000,0.133,0.037,0.000
548.020,0.000,0.144,0.037,0.000
548.040,0.000,0.131,0.037,0.000
548.060,0.000,0.147,0.037,0.000
548.080,0.000,0.124,0.037,0.000
548.100,0.000,0.145,0.037,0.000
548.120,0.000,0.124,0.037,0.000
548.140,0.000,0.145,0.037,0.000
548.160,0.000,0.122,0.039,0.000
548.180,0.000,0.147,0.039,0.000
548.200,0.000,0.124,0.039,0.000
548.220,0.000,0.145,0.039,0.000
548.240,0.000,0.125,0.039,0.000
548.260,0.000,0.144,0.039,0.000
548.280,0.000,0.129,0.039,0.000
548.300,0.000,0.145,0.039,0.000
548.320,0.000,0.130,0.039,0.000
548.340,0.000,0.140,0.039,0.000
548.360,0.000,0.135,0.039,0.000
548.380,0.000,0.141,0.039,0.000
548.400,0.000,0.137,0.039,0.000
548.420,0.000,0.140,0.039,0.000
548.440,0.000,0.142,0.039,0.000
548.460,0.000,0.139,0.039,0.000
548.480,0.000,0.146,0.039,0.000
548.500,0.000,0.139,0.039,0.000
548.520,0.000,0.150,0.039,0.000
548.540,0.000,0.136,0.039,0.000
548.560,0.000,0.153,0.039,0.000
548.580,0.000,0.137,0.039,0.000
548.600,0.000,0.157,0.039,0.000
548.620,0.000,0.136,0.039,0.000
548.640,0.000,0.160,0.039,0.000
548.660,0.000,0.135,0.039,0.000
548.680,0.000,0.159,0.039,0.000
548.700,0.000,0.135,0.039,0.000
548.720,0.000,0.160,0.039,0.000
548.740,0.000,0.137,0.039,0.000
548.760,0.000,0.159,0.039,0.000
548.780,0.000,0.137,0.039,0.000
548.800,0.000,0.158,0.039,0.000
548.820,0.000,0.138,0.039,0.000
548.840,0.000,0.157,0.039,0.000
548.860,0.000,0.137,0.039,0.000
548.880,0.000,0.155,0.039,0.000
548.900,0.000,0.139,0.039,0.000
548.920,0.000,0.152,0.039,0.000
548.940,0.000,0.141,0.039,0.000
548.960,0.000,0.149,0.039,0.000
548.980,0.000,0.138,0.039,0.000
549.000,0.000,0.142,0.039,0.000
549.020,0.000,0.139,0.039,0.000
549.040,0.000,0.143,0.039,0.000
549.060,0.000,0.140,0.039,0.000
549.080,0.000,0.140,0.039,0.000
549.100,0.000,0.141,0.039,0.000
549.120,0.000,0.137,0.039,0.000
549.140,0.000,0.141,0.039,0.000
549.160,0.000,0.138,0.039,0.000
549.180,0.000,0.141,0.039,0.000
549.200,0.000,0.139,0.039,0.000
549.220,0.000,0.142,0.039,0.000
549.240,0.000,0.136,0.039,0.000
549.260,0.000,0.143,0.039,0.000
549.280,0.000,0.134,0.039,0.000
549.300,0.000,0.145,0.039,0.000
549.320,0.000,0.136,0.039,0.000
549.340,0.000,0.145,0.039,0.000
549.360,0.000,0.132,0.039,0.000
549.380,0.000,0.148,0.039,0.000
549.400,0.000,0.133,0.039,0.000
549.420,0.000,0.149,0.039,0.000
549.440,0.000,0.132,0.039,0.000
549.460,0.000,0.149,0.039,0.000
549.480,0.000,0.134,0.039,0.000
549.500,0.000,0.149,0.039,0.000
549.520,0.000,0.137,0.039,0.000
549.540,0.000,0.149,0.039,0.000
549.560,0.000,0.138,0.039,0.000
549.580,0.000,0.150,0.039,0.000
549.600,0.000,0.139,0.039,0.000
549.620,0.000,0.149,0.039,0.000
549.640,0.000,0.139,0.039,0.000
549.660,0.000,0.149,0.039,0.000
549.680,0.000,0.141,0.039,0.000
549.700,0.000,0.147,0.039,0.000
549.720,0.000,0.142,0.039,0.000
549.740,0.000,0.145,0.039,0.000
549.760,0.000,0.143,0.039,0.000
549.780,0.000,0.145,0.039,0.000
549.800,0.000,0.146,0.039,0.000
549.820,0.000,0.141,0.039,0.000
549.840,0.000,0.145,0.039,0.000
549.860,0.000,0.137,0.039,0.000
549.880,0.000,0.148,0.039,0.000
549.900,0.000,0.137,0.039,0.000
549.920,0.000,0.148,0.039,0.000
549.940,0.000,0.135,0.039,0.000
549.960,0.000,0.145,0.039,0.000
549.980,0.000,0.133,0.039,0.000
550.000,0.000,0.145,0.039,0.000
550.020,0.000,0.132,0.039,0.000
550.040,0.000,0.147,0.039,0.000
550.060,0.000,0.132,0.039,0.000
550.080,0.000,0.141,0.039,0.000
550.100,0.000,0.133,0.039,0.000
550.120,0.000,0.137,0.039,0.000
550.140,0.000,0.133,0.039,0.000
550.160,0.000,0.137,0.039,0.000
550.180,0.000,0.132,0.039,0.000
550.200,0.000,0.135,0.039,0.000
550.220,0.000,0.133,0.039,0.000
550.240,0.000,0.137,0.039,0.000
550.260,0.000,0.132,0.039,0.000
550.280,0.000,0.137,0.039,0.000
550.300,0.000,0.131,0.039,0.000
550.320,0.000,0.138,0.039,0.000
550.340,0.000,0.132,0.039,0.000
550.360,0.000,0.137,0.039,0.000
550.380,0.000,0.134,0.039,0.000
550.400,0.000,0.139,0.039,0.000
550.420,0.000,0.136,0.039,0.000
550.440,0.000,0.141,0.039,0.000
550.460,0.000,0.137,0.039,0.000
550.480,0.000,0.141,0.039,0.000
550.500,0.000,0.137,0.039,0.000
550.520,0.000,0.140,0.039,0.000
550.540,0.000,0.144,0.039,0.000
550.560,0.000,0.139,0.039,0.000
550.580,0.000,0.144,0.039,0.000
550.600,0.000,0.139,0.039,0.000
550.620,0.000,0.146,0.039,0.000
550.640,0.000,0.139,0.039,0.000
550.660,0.000,0.148,0.039,0.000
550.680,0.000,0.141,0.039,0.000
550.700,0.000,0.148,0.039,0.000
550.720,0.000,0.140,0.039,0.000
550.740,0.000,0.149,0.039,0.000
550.760,0.000,0.141,0.039,0.000
550.780,0.000,0.149,0.039,0.000
550.800,0.000,0.143,0.039,0.000
550.820,0.000,0.149,0.039,0.000
550.840,0.000,0.142,0.039,0.000
550.860,0.000,0.146,0.039,0.000
550.880,0.000,0.143,0.039,0.000
550.900,0.000,0.145,0.039,0.000
550.920,0.000,0.142,0.039,0.000
550.940,0.000,0.145,0.039,0.000
550.960,0.000,0.143,0.039,0.000
550.980,0.000,0.145,0.039,0.000
551.000,0.000,0.141,0.039,0.000
551.020,0.000,0.144,0.039,0.000
551.040,0.000,0.142,0.039,0.000
551.060,0.000,0.144,0.039,0.000
551.080,0.000,0.141,0.039,0.000
551.100,0.000,0.142,0.039,0.000
551.120,0.000,0.137,0.039,0.000
551.140,0.000,0.141,0.039,0.000
551.160,0.000,0.138,0.039,0.000
551.180,0.000,0.142,0.039,0.000
551.200,0.000,0.138,0.039,0.000
551.220,0.000,0.140,0.039,0.000
551.240,0.000,0.137,0.039,0.000
551.260,0.000,0.137,0.039,0.000
551.280,0.000,0.137,0.039,0.000
551.300,0.000,0.138,0.039,0.000
551.320,0.000,0.137,0.039,0.000
551.340,0.000,0.136,0.039,0.000
551.360,0.000,0.140,0.039,0.000
551.380,0.000,0.136,0.039,0.000
551.400,0.000,0.141,0.039,0.000
551.420,0.000,0.136,0.039,0.000
551.440,0.000,0.143,0.039,0.000
551.460,0.000,0.133,0.039,0.000
551.480,0.000,0.144,0.039,0.000
551.500,0.000,0.136,0.039,0.000
551.520,0.000,0.150,0.039,0.000
551.540,0.000,0.137,0.039,0.000
551.560,0.000,0.148,0.039,0.000
551.580,0.000,0.141,0.039,0.000
551.600,0.000,0.149,0.039,0.000
551.620,0.000,0.144,0.039,0.000
551.640,0.000,0.149,0.039,0.000
551.660,0.000,0.143,0.039,0.000
551.680,0.000,0.148,0.039,0.000
551.700,0.000,0.149,0.039,0.000
551.720,0.000,0.149,0.039,0.000
551.740,0.000,0.149,0.039,0.000
551.760,0.000,0.149,0.039,0.000
551.780,0.000,0.148,0.039,0.000
551.800,0.000,0.147,0.039,0.000
551.820,0.000,0.151,0.039,0.000
551.840,0.000,0.145,0.039,0.000
551.860,0.000,0.149,0.039,0.000
551.880,0.000,0.145,0.039,0.000
551.900,0.000,0.149,0.039,0.000
551.920,0.000,0.147,0.039,0.000
551.940,0.000,0.148,0.039,0.000
551.960,0.000,0.144,0.039,0.000
551.980,0.000,0.144,0.039,0.000
552.000,0.000,0.141,0.039,0.000
552.020,0.000,0.142,0.039,0.000
552.040,0.000,0.140,0.039,0.000
552.060,0.000,0.135,0.039,0.000
552.080,0.000,0.140,0.039,0.000
552.100,0.000,0.136,0.039,0.000
552.120,0.000,0.137,0.039,0.000
552.140,0.000,0.135,0.039,0.000
552.160,0.000,0.134,0.039,0.000
552.180,0.000,0.134,0.039,0.000
552.200,0.000,0.133,0.039,0.000
552.220,0.000,0.134,0.039,0.000
552.240,0.000,0.132,0.039,0.000
552.260,0.000,0.134,0.039,0.000
552.280,0.000,0.132,0.039,0.000
552.300,0.000,0.134,0.039,0.000
552.320,0.000,0.132,0.039,0.000
552.340,0.000,0.133,0.039,0.000
552.360,0.000,0.134,0.039,0.000
552.380,0.000,0.133,0.039,0.000
552.400,0.000,0.134,0.039,0.000
552.420,0.000,0.133,0.039,0.000
552.440,0.000,0.132,0.039,0.000
552.460,0.000,0.134,0.039,0.000
552.480,0.000,0.134,0.039,0.000
552.500,0.000,0.135,0.039,0.000
552.520,0.000,0.134,0.039,0.000
552.540,0.000,0.135,0.039,0.000
552.560,0.000,0.135,0.039,0.000
552.580,0.000,0.134,0.039,0.000
552.600,0.000,0.137,0.039,0.000
552.620,0.000,0.136,0.038,0.000
552.640,0.000,0.139,0.038,0.000
552.660,0.000,0.137,0.038,0.000
552.680,0.000,0.142,0.038,0.000
552.700,0.000,0.138,0.038,0.000
552.720,0.000,0.142,0.038,0.000
552.740,0.000,0.141,0.038,0.000
552.760,0.000,0.143,0.038,0.000
552.780,0.000,0.142,0.038,0.000
552.800,0.000,0.145,0.038,0.000
552.820,0.000,0.144,0.038,0.000
552.840,0.000,0.141,0.038,0.000
552.860,0.000,0.143,0.038,0.000
552.880,0.000,0.142,0.038,0.000
552.900,0.000,0.146,0.038,0.000
552.920,0.000,0.145,0.038,0.000
552.940,0.000,0.146,0.038,0.000
552.960,0.000,0.140,0.038,0.000
552.980,0.000,0.142,0.038,0.000
553.000,0.000,0.143,0.038,0.000
553.020,0.000,0.141,0.038,0.000
553.040,0.000,0.141,0.038,0.000
553.060,0.000,0.140,0.038,0.000
553.080,0.000,0.141,0.038,0.000
553.100,0.000,0.141,0.038,0.000
553.120,0.000,0.141,0.038,0.000
553.140,0.000,0.141,0.038,0.000
553.160,0.000,0.141,0.035,0.000
553.180,0.000,0.141,0.035,0.000
553.200,0.000,0.141,0.035,0.000
553.220,0.000,0.140,0.035,0.000
553.240,0.000,0.138,0.031,0.000
553.260,0.000,0.141,0.031,0.000
553.280,0.000,0.137,0.030,0.000
553.300,0.000,0.141,0.030,0.000
553.320,0.000,0.139,0.029,0.000
553.340,0.000,0.140,0.029,0.000
553.360,0.000,0.140,0.029,0.000
553.380,0.000,0.140,0.029,0.000
553.400,0.000,0.137,0.029,0.000
553.420,0.000,0.141,0.029,0.000
553.440,0.000,0.139,0.029,0.000
553.460,0.000,0.141,0.029,0.000
553.480,0.000,0.140,0.029,0.000
553.500,0.000,0.137,0.029,0.000
553.520,0.000,0.141,0.029,0.000
553.540,0.000,0.141,0.029,0.000
553.560,0.000,0.143,0.029,0.000
553.580,0.000,0.142,0.029,0.000
553.600,0.000,0.141,0.029,0.000
553.620,0.000,0.141,0.029,0.000
553.640,0.000,0.144,0.029,0.000
553.660,0.000,0.142,0.029,0.000
553.680,0.000,0.145,0.029,0.000
553.700,0.000,0.144,0.029,0.000
553.720,0.000,0.147,0.028,0.000
553.740,0.000,0.145,0.028,0.000
553.760,0.000,0.148,0.027,0.000
553.780,0.000,0.146,0.027,0.000
553.800,0.000,0.148,0.027,0.000
553.820,0.000,0.149,0.027,0.000
553.840,0.000,0.149,0.024,0.000
553.860,0.000,0.148,0.024,0.000
553.880,0.000,0.149,0.021,0.000
553.900,0.000,0.152,0.021,0.000
553.920,0.000,0.149,0.021,0.000
553.940,0.000,0.149,0.021,0.000
553.960,0.000,0.147,0.021,0.000
553.980,0.000,0.149,0.021,0.000
554.000,0.000,0.146,0.021,0.000
554.020,0.000,0.149,0.021,0.000
554.040,0.000,0.145,0.021,0.000
554.060,0.000,0.145,0.021,0.000
554.080,0.000,0.143,0.021,0.000
554.100,0.000,0.144,0.021,0.000
554.120,0.000,0.142,0.021,0.000
554.140,0.000,0.141,0.021,0.000
554.160,0.000,0.141,0.021,0.000
554.180,0.000,0.140,0.021,0.000
554.200,0.000,0.137,0.021,0.000
554.220,0.000,0.137,0.021,0.000
554.240,0.000,0.134,0.021,0.000
554.260,0.000,0.133,0.021,0.000
554.280,0.000,0.134,0.021,0.000
554.300,0.000,0.134,0.021,0.000
554.320,0.000,0.134,0.021,0.000
554.340,0.000,0.134,0.021,0.000
554.360,0.000,0.132,0.021,0.000
554.380,0.000,0.132,0.021,0.000
554.400,0.000,0.133,0.021,0.000
554.420,0.000,0.137,0.021,0.000
554.440,0.000,0.132,0.021,0.000
554.460,0.000,0.135,0.021,0.000
554.480,0.000,0.133,0.021,0.000
554.500,0.000,0.133,0.021,0.000
554.520,0.000,0.133,0.021,0.000
554.540,0.000,0.133,0.021,0.000
554.560,0.000,0.132,0.021,0.000
554.580,0.000,0.134,0.021,0.000
554.600,0.000,0.135,0.021,0.000
554.620,0.000,0.139,0.021,0.000
554.640,0.000,0.133,0.021,0.000
554.660,0.000,0.136,0.021,0.000
554.680,0.000,0.136,0.021,0.000
554.700,0.000,0.139,0.021,0.000
554.720,0.000,0.140,0.021,0.000
554.740,0.000,0.135,0.021,0.000
554.760,0.000,0.140,0.021,0.000
554.780,0.000,0.137,0.021,0.000
554.800,0.000,0.141,0.021,0.000
554.820,0.000,0.139,0.021,0.000
554.840,0.000,0.141,0.021,0.000
554.860,0.000,0.142,0.021,0.000
554.880,0.000,0.140,0.021,0.000
554.900,0.000,0.140,0.021,0.000
554.920,0.000,0.138,0.021,0.000
554.940,0.000,0.143,0.021,0.000
554.960,0.000,0.141,0.021,0.000
554.980,0.000,0.141,0.021,0.000
555.000,0.000,0.140,0.021,0.000
555.020,0.000,0.143,0.021,0.000
555.040,0.000,0.138,0.021,0.000
555.060,0.000,0.143,0.021,0.000
555.080,0.000,0.141,0.021,0.000
555.100,0.000,0.143,0.021,0.000
555.120,0.000,0.138,0.021,0.000
555.140,0.000,0.143,0.021,0.000
555.160,0.000,0.138,0.021,0.000
555.180,0.000,0.139,0.021,0.000
555.200,0.000,0.137,0.021,0.000
555.220,0.000,0.140,0.021,0.000
555.240,0.000,0.140,0.021,0.000
555.260,0.000,0.137,0.021,0.000
555.280,0.000,0.141,0.021,0.000
555.300,0.000,0.138,0.020,0.000
555.320,0.000,0.139,0.020,0.000
555.340,0.000,0.136,0.019,0.000
555.360,0.000,0.138,0.019,0.000
555.380,0.000,0.135,0.019,0.000
555.400,0.000,0.137,0.019,0.000
555.420,0.000,0.139,0.019,0.000
555.440,0.000,0.138,0.019,0.000
555.460,0.000,0.138,0.019,0.000
555.480,0.000,0.139,0.019,0.000
555.500,0.000,0.138,0.019,0.000
555.520,0.000,0.142,0.019,0.000
555.540,0.000,0.140,0.019,0.000
555.560,0.000,0.141,0.019,0.000
555.580,0.000,0.141,0.019,0.000
555.600,0.000,0.140,0.019,0.000
555.620,0.000,0.142,0.019,0.000
555.640,0.000,0.140,0.019,0.000
555.660,0.000,0.142,0.019,0.000
555.680,0.000,0.141,0.019,0.000
555.700,0.000,0.143,0.019,0.000
555.720,0.000,0.141,0.019,0.000
555.740,0.000,0.144,0.019,0.000
555.760,0.000,0.141,0.019,0.000
555.780,0.000,0.145,0.019,0.000
555.800,0.000,0.143,0.019,0.000
555.820,0.000,0.145,0.019,0.000
555.840,0.000,0.145,0.019,0.000
555.860,0.000,0.144,0.019,0.000
555.880,0.000,0.146,0.019,0.000
555.900,0.000,0.142,0.019,0.000
555.920,0.000,0.148,0.019,0.000
555.940,0.000,0.146,0.019,0.000
555.960,0.000,0.150,0.019,0.000
555.980,0.000,0.145,0.019,0.000
556.000,0.000,0.149,0.019,0.000
556.020,0.000,0.149,0.019,0.000
556.040,0.000,0.148,0.019,0.000
556.060,0.000,0.145,0.019,0.000
556.080,0.000,0.150,0.019,0.000
556.100,0.000,0.146,0.019,0.000
556.120,0.000,0.147,0.019,0.000
556.140,0.000,0.150,0.019,0.000
556.160,0.000,0.146,0.019,0.000
556.180,0.000,0.145,0.019,0.000
556.200,0.000,0.144,0.019,0.000
556.220,0.000,0.146,0.019,0.000
556.240,0.000,0.142,0.019,0.000
556.260,0.000,0.143,0.019,0.000
556.280,0.000,0.138,0.019,0.000
556.300,0.000,0.143,0.019,0.000
556.320,0.000,0.140,0.019,0.000
556.340,0.000,0.141,0.019,0.000
556.360,0.000,0.138,0.019,0.000
556.380,0.000,0.137,0.019,0.000
556.400,0.000,0.138,0.019,0.000
556.420,0.000,0.140,0.019,0.000
556.440,0.000,0.137,0.019,0.000
556.460,0.000,0.138,0.019,0.000
556.480,0.000,0.135,0.019,0.000
556.500,0.000,0.136,0.019,0.000
556.520,0.000,0.136,0.019,0.000
556.540,0.000,0.136,0.019,0.000
556.560,0.000,0.133,0.019,0.000
556.580,0.000,0.137,0.019,0.000
556.600,0.000,0.134,0.019,0.000
556.620,0.000,0.133,0.019,0.000
556.640,0.000,0.134,0.019,0.000
556.660,0.000,0.137,0.019,0.000
556.680,0.000,0.137,0.019,0.000
556.700,0.000,0.141,0.019,0.000
556.720,0.000,0.137,0.019,0.000
556.740,0.000,0.136,0.019,0.000
556.760,0.000,0.139,0.019,0.000
556.780,0.000,0.137,0.019,0.000
556.800,0.000,0.140,0.019,0.000
556.820,0.000,0.137,0.019,0.000
556.840,0.000,0.140,0.019,0.000
556.860,0.000,0.135,0.019,0.000
556.880,0.000,0.139,0.019,0.000
556.900,0.000,0.141,0.019,0.000
556.920,0.000,0.141,0.019,0.000
556.940,0.000,0.136,0.019,0.000
556.960,0.000,0.143,0.019,0.000
556.980,0.000,0.141,0.019,0.000
557.000,0.000,0.144,0.019,0.000
557.020,0.000,0.140,0.019,0.000
557.040,0.000,0.141,0.019,0.000
557.060,0.000,0.143,0.019,0.000
557.080,0.000,0.137,0.019,0.000
557.100,0.000,0.141,0.019,0.000
557.120,0.000,0.140,0.019,0.000
557.140,0.000,0.139,0.019,0.000
557.160,0.000,0.136,0.019,0.000
557.180,0.000,0.140,0.019,0.000
557.200,0.000,0.137,0.019,0.000
557.220,0.000,0.140,0.019,0.000
557.240,0.000,0.136,0.019,0.000
557.260,0.000,0.141,0.019,0.000
557.280,0.000,0.135,0.019,0.000
557.300,0.000,0.137,0.019,0.000
557.320,0.000,0.135,0.019,0.000
557.340,0.000,0.137,0.019,0.000
557.360,0.000,0.135,0.019,0.000
557.380,0.000,0.134,0.019,0.000
557.400,0.000,0.135,0.019,0.000
557.420,0.000,0.136,0.019,0.000
557.440,0.000,0.136,0.019,0.000
557.460,0.000,0.133,0.019,0.000
557.480,0.000,0.135,0.019,0.000
557.500,0.000,0.135,0.019,0.000
557.520,0.000,0.137,0.019,0.000
557.540,0.000,0.134,0.019,0.000
557.560,0.000,0.134,0.019,0.000
557.580,0.000,0.134,0.019,0.000
557.600,0.000,0.137,0.019,0.000
557.620,0.000,0.138,0.019,0.000
557.640,0.000,0.137,0.019,0.000
557.660,0.000,0.138,0.019,0.000
557.680,0.000,0.141,0.019,0.000
557.700,0.000,0.140,0.019,0.000
557.720,0.000,0.139,0.019,0.000
557.740,0.000,0.138,0.019,0.000
557.760,0.000,0.140,0.019,0.000
557.780,0.000,0.142,0.019,0.000
557.800,0.000,0.141,0.019,0.000
557.820,0.000,0.143,0.019,0.000
557.840,0.000,0.141,0.019,0.000
557.860,0.000,0.142,0.019,0.000
557.880,0.000,0.142,0.019,0.000
557.900,0.000,0.142,0.019,0.000
557.920,0.000,0.143,0.019,0.000
557.940,0.000,0.145,0.019,0.000
557.960,0.000,0.142,0.019,0.000
557.980,0.000,0.144,0.019,0.000
558.000,0.000,0.144,0.019,0.000
558.020,0.000,0.145,0.019,0.000
558.040,0.000,0.144,0.019,0.000
558.060,0.000,0.145,0.019,0.000
558.080,0.000,0.144,0.019,0.000
558.100,0.000,0.144,0.019,0.000
558.120,0.000,0.142,0.019,0.000
558.140,0.000,0.145,0.019,0.000
558.160,0.000,0.145,0.019,0.000
558.180,0.000,0.145,0.019,0.000
558.200,0.000,0.145,0.019,0.000
558.220,0.000,0.145,0.019,0.000
558.240,0.000,0.144,0.019,0.000
558.260,0.000,0.143,0.019,0.000
558.280,0.000,0.144,0.019,0.000
558.300,0.000,0.143,0.019,0.000
558.320,0.000,0.143,0.019,0.000
558.340,0.000,0.141,0.019,0.000
558.360,0.000,0.142,0.019,0.000
558.380,0.000,0.142,0.019,0.000
558.400,0.000,0.141,0.019,0.000
558.420,0.000,0.144,0.019,0.000
558.440,0.000,0.141,0.019,0.000
558.460,0.000,0.140,0.019,0.000
558.480,0.000,0.142,0.019,0.000
558.500,0.000,0.137,0.019,0.000
558.520,0.000,0.141,0.019,0.000
558.540,0.000,0.138,0.019,0.000
558.560,0.000,0.141,0.019,0.000
558.580,0.000,0.139,0.019,0.000
558.600,0.000,0.139,0.019,0.000
558.620,0.000,0.139,0.019,0.000
558.640,0.000,0.141,0.019,0.000
558.660,0.000,0.139,0.019,0.000
558.680,0.000,0.141,0.019,0.000
558.700,0.000,0.136,0.019,0.000
558.720,0.000,0.140,0.019,0.000
558.740,0.000,0.141,0.019,0.000
558.760,0.000,0.140,0.019,0.000
558.780,0.000,0.140,0.019,0.000
558.800,0.000,0.138,0.019,0.000
558.820,0.000,0.141,0.019,0.000
558.840,0.000,0.139,0.019,0.000
558.860,0.000,0.144,0.019,0.000
558.880,0.000,0.145,0.019,0.000
558.900,0.000,0.144,0.018,0.000
558.920,0.000,0.143,0.018,0.000
558.940,0.000,0.146,0.018,0.000
558.960,0.000,0.141,0.018,0.000
558.980,0.000,0.146,0.018,0.000
559.000,0.000,0.141,0.018,0.000
559.020,0.000,0.149,0.018,0.000
559.040,0.000,0.149,0.018,0.000
559.060,0.000,0.141,0.018,0.000
559.080,0.000,0.145,0.018,0.000
559.100,0.000,0.145,0.018,0.000
559.120,0.000,0.144,0.018,0.000
559.140,0.000,0.143,0.018,0.000
559.160,0.000,0.144,0.018,0.000
559.180,0.000,0.137,0.018,0.000
559.200,0.000,0.141,0.018,0.000
559.220,0.000,0.139,0.018,0.000
559.240,0.000,0.139,0.018,0.000
559.260,0.000,0.137,0.018,0.000
559.280,0.000,0.137,0.018,0.000
559.300,0.000,0.137,0.018,0.000
559.320,0.000,0.136,0.018,0.000
559.340,0.000,0.135,0.018,0.000
559.360,0.000,0.137,0.018,0.000
559.380,0.000,0.135,0.018,0.000
559.400,0.000,0.134,0.018,0.000
559.420,0.000,0.136,0.018,0.000
559.440,0.000,0.133,0.018,0.000
559.460,0.000,0.137,0.018,0.000
559.480,0.000,0.134,0.018,0.000
559.500,0.000,0.133,0.018,0.000
559.520,0.000,0.133,0.018,0.000
559.540,0.000,0.134,0.018,0.000
559.560,0.000,0.134,0.017,0.000
559.580,0.000,0.135,0.017,0.000
559.600,0.000,0.133,0.017,0.000
559.620,0.000,0.133,0.017,0.000
559.640,0.000,0.133,0.017,0.000
559.660,0.000,0.135,0.017,0.000
559.680,0.000,0.135,0.017,0.000
559.700,0.000,0.135,0.017,0.000
559.720,0.000,0.134,0.017,0.000
559.740,0.000,0.137,0.017,0.000
559.760,0.000,0.137,0.017,0.000
559.780,0.000,0.137,0.017,0.000
559.800,0.000,0.134,0.017,0.000
559.820,0.000,0.137,0.017,0.000
559.840,0.000,0.134,0.017,0.000
559.860,0.000,0.140,0.017,0.000
559.880,0.000,0.140,0.017,0.000
559.900,0.000,0.141,0.017,0.000
559.920,0.000,0.141,0.017,0.000
559.940,0.000,0.141,0.017,0.000
559.960,0.000,0.143,0.017,0.000
559.980,0.000,0.141,0.017,0.000
560.000,0.000,0.142,0.017,0.000
560.020,0.000,0.142,0.017,0.000
560.040,0.000,0.144,0.017,0.000
560.060,0.000,0.142,0.017,0.000
560.080,0.000,0.143,0.017,0.000
560.100,0.000,0.144,0.017,0.000
560.120,0.000,0.143,0.017,0.000
560.140,0.000,0.144,0.017,0.000
560.160,0.000,0.145,0.017,0.000
560.180,0.000,0.142,0.017,0.000
560.200,0.000,0.143,0.017,0.000
560.220,0.000,0.142,0.017,0.000
560.240,0.000,0.144,0.017,0.000
560.260,0.000,0.143,0.017,0.000
560.280,0.000,0.144,0.017,0.000
560.300,0.000,0.142,0.017,0.000
560.320,0.000,0.141,0.017,0.000
560.340,0.000,0.143,0.017,0.000
560.360,0.000,0.141,0.017,0.000
560.380,0.000,0.142,0.017,0.000
560.400,0.000,0.142,0.017,0.000
560.420,0.000,0.141,0.017,0.000
560.440,0.000,0.141,0.017,0.000
560.460,0.000,0.141,0.017,0.000
560.480,0.000,0.140,0.017,0.000
560.500,0.000,0.140,0.017,0.000
560.520,0.000,0.141,0.017,0.000
560.540,0.000,0.141,0.017,0.000
560.560,0.000,0.140,0.017,0.000
560.580,0.000,0.139,0.017,0.000
560.600,0.000,0.140,0.017,0.000
560.620,0.000,0.140,0.017,0.000
560.640,0.000,0.141,0.017,0.000
560.660,0.000,0.140,0.017,0.000
560.680,0.000,0.141,0.017,0.000
560.700,0.000,0.137,0.017,0.000
560.720,0.000,0.141,0.017,0.000
560.740,0.000,0.139,0.017,0.000
560.760,0.000,0.143,0.017,0.000
560.780,0.000,0.141,0.017,0.000
560.800,0.000,0.143,0.017,0.000
560.820,0.000,0.141,0.017,0.000
560.840,0.000,0.142,0.017,0.000
560.860,0.000,0.139,0.017,0.000
560.880,0.000,0.145,0.017,0.000
560.900,0.000,0.142,0.017,0.000
560.920,0.000,0.141,0.017,0.000
560.940,0.000,0.149,0.017,0.000
560.960,0.000,0.143,0.017,0.000
560.980,0.000,0.146,0.017,0.000
561.000,0.000,0.147,0.017,0.000
561.020,0.000,0.148,0.017,0.000
561.040,0.000,0.144,0.017,0.000
561.060,0.000,0.149,0.017,0.000
561.080,0.000,0.143,0.017,0.000
561.100,0.000,0.148,0.017,0.000
561.120,0.000,0.149,0.017,0.000
561.140,0.000,0.149,0.016,0.000
561.160,0.000,0.143,0.016,0.000
561.180,0.000,0.147,0.016,0.000
561.200,0.000,0.145,0.016,0.000
561.220,0.000,0.146,0.016,0.000
561.240,0.000,0.148,0.016,0.000
561.260,0.000,0.141,0.016,0.000
561.280,0.000,0.141,0.016,0.000
561.300,0.000,0.146,0.016,0.000
561.320,0.000,0.145,0.016,0.000
561.340,0.000,0.137,0.016,0.000
561.360,0.000,0.140,0.016,0.000
561.380,0.000,0.139,0.016,0.000
561.400,0.000,0.140,0.016,0.000
561.420,0.000,0.137,0.016,0.000
561.440,0.000,0.137,0.016,0.000
561.460,0.000,0.134,0.016,0.000
561.480,0.000,0.134,0.016,0.000
561.500,0.000,0.136,0.016,0.000
561.520,0.000,0.133,0.016,0.000
561.540,0.000,0.137,0.016,0.000
561.560,0.000,0.133,0.016,0.000
561.580,0.000,0.135,0.016,0.000
561.600,0.000,0.133,0.016,0.000
561.620,0.000,0.133,0.016,0.000
561.640,0.000,0.132,0.017,0.000
561.660,0.000,0.135,0.017,0.000
561.680,0.000,0.133,0.017,0.000
561.700,0.000,0.137,0.017,0.000
561.720,0.000,0.135,0.017,0.000
561.740,0.000,0.132,0.017,0.000
561.760,0.000,0.133,0.017,0.000
561.780,0.000,0.133,0.017,0.000
561.800,0.000,0.133,0.017,0.000
561.820,0.000,0.137,0.017,0.000
561.840,0.000,0.136,0.017,0.000
561.860,0.000,0.133,0.017,0.000
561.880,0.000,0.133,0.017,0.000
561.900,0.000,0.136,0.017,0.000
561.920,0.000,0.134,0.017,0.000
561.940,0.000,0.137,0.017,0.000
561.960,0.000,0.139,0.017,0.000
561.980,0.000,0.136,0.017,0.000
562.000,0.000,0.144,0.017,0.000
562.020,0.000,0.138,0.017,0.000
562.040,0.000,0.144,0.017,0.000
562.060,0.000,0.140,0.017,0.000
562.080,0.000,0.144,0.017,0.000
562.100,0.000,0.141,0.017,0.000
562.120,0.000,0.143,0.017,0.000
562.140,0.000,0.139,0.017,0.000
562.160,0.000,0.144,0.017,0.000
562.180,0.000,0.142,0.017,0.000
562.200,0.000,0.142,0.017,0.000
562.220,0.000,0.141,0.017,0.000
562.240,0.000,0.141,0.017,0.000
562.260,0.000,0.141,0.017,0.000
562.280,0.000,0.141,0.017,0.000
562.300,0.000,0.141,0.017,0.000
562.320,0.000,0.141,0.017,0.000
562.340,0.000,0.145,0.017,0.000
562.360,0.000,0.142,0.017,0.000
562.380,0.000,0.142,0.017,0.000
562.400,0.000,0.138,0.017,0.000
562.420,0.000,0.141,0.017,0.000
562.440,0.000,0.141,0.017,0.000
562.460,0.000,0.142,0.017,0.000
562.480,0.000,0.141,0.017,0.000
562.500,0.000,0.142,0.017,0.000
562.520,0.000,0.139,0.017,0.000
562.540,0.000,0.141,0.017,0.000
562.560,0.000,0.141,0.017,0.000
562.580,0.000,0.141,0.017,0.000
562.600,0.000,0.141,0.017,0.000
562.620,0.000,0.141,0.017,0.000
562.640,0.000,0.141,0.017,0.000
562.660,0.000,0.141,0.017,0.000
562.680,0.000,0.140,0.017,0.000
562.700,0.000,0.142,0.017,0.000
562.720,0.000,0.141,0.017,0.000
562.740,0.000,0.140,0.017,0.000
562.760,0.000,0.141,0.017,0.000
562.780,0.000,0.142,0.017,0.000
562.800,0.000,0.141,0.017,0.000
562.820,0.000,0.141,0.017,0.000
562.840,0.000,0.138,0.017,0.000
562.860,0.000,0.141,0.017,0.000
562.880,0.000,0.141,0.017,0.000
562.900,0.000,0.141,0.017,0.000
562.920,0.000,0.142,0.017,0.000
562.940,0.000,0.141,0.017,0.000
562.960,0.000,0.142,0.017,0.000
562.980,0.000,0.143,0.017,0.000
563.000,0.000,0.145,0.017,0.000
563.020,0.000,0.145,0.017,0.000
563.040,0.000,0.146,0.017,0.000
563.060,0.000,0.146,0.017,0.000
563.080,0.000,0.144,0.017,0.000
563.100,0.000,0.145,0.017,0.000
563.120,0.000,0.145,0.017,0.000
563.140,0.000,0.147,0.017,0.000
563.160,0.000,0.140,0.017,0.000
563.180,0.000,0.148,0.017,0.000
563.200,0.000,0.145,0.017,0.000
563.220,0.000,0.149,0.017,0.000
563.240,0.000,0.143,0.017,0.000
563.260,0.000,0.147,0.017,0.000
563.280,0.000,0.145,0.017,0.000
563.300,0.000,0.147,0.017,0.000
563.320,0.000,0.147,0.017,0.000
563.340,0.000,0.148,0.017,0.000
563.360,0.000,0.144,0.017,0.000
563.380,0.000,0.145,0.017,0.000
563.400,0.000,0.145,0.017,0.000
563.420,0.000,0.144,0.017,0.000
563.440,0.000,0.144,0.017,0.000
563.460,0.000,0.139,0.017,0.000
563.480,0.000,0.144,0.017,0.000
563.500,0.000,0.141,0.017,0.000
563.520,0.000,0.141,0.017,0.000
563.540,0.000,0.138,0.017,0.000
563.560,0.000,0.143,0.017,0.000
563.580,0.000,0.135,0.017,0.000
563.600,0.000,0.141,0.017,0.000
563.620,0.000,0.133,0.017,0.000
563.640,0.000,0.138,0.017,0.000
563.660,0.000,0.137,0.017,0.000
563.680,0.000,0.136,0.017,0.000
563.700,0.000,0.137,0.017,0.000
563.720,0.000,0.132,0.017,0.000
563.740,0.000,0.135,0.017,0.000
563.760,0.000,0.134,0.017,0.000
563.780,0.000,0.133,0.017,0.000
563.800,0.000,0.133,0.017,0.000
563.820,0.000,0.135,0.017,0.000
563.840,0.000,0.135,0.017,0.000
563.860,0.000,0.137,0.017,0.000
563.880,0.000,0.133,0.017,0.000
563.900,0.000,0.132,0.017,0.000
563.920,0.000,0.135,0.017,0.000
563.940,0.000,0.137,0.017,0.000
563.960,0.000,0.135,0.017,0.000
563.980,0.000,0.138,0.017,0.000
564.000,0.000,0.134,0.017,0.000
564.020,0.000,0.137,0.017,0.000
564.040,0.000,0.137,0.017,0.000
564.060,0.000,0.137,0.017,0.000
564.080,0.000,0.139,0.017,0.000
564.100,0.000,0.134,0.017,0.000
564.120,0.000,0.137,0.017,0.000
564.140,0.000,0.136,0.017,0.000
564.160,0.000,0.140,0.017,0.000
564.180,0.000,0.138,0.017,0.000
564.200,0.000,0.137,0.017,0.000
564.220,0.000,0.137,0.017,0.000
564.240,0.000,0.141,0.017,0.000
564.260,0.000,0.137,0.017,0.000
564.280,0.000,0.141,0.017,0.000
564.300,0.000,0.140,0.017,0.000
564.320,0.000,0.141,0.017,0.000
564.340,0.000,0.143,0.017,0.000
564.360,0.000,0.141,0.017,0.000
564.380,0.000,0.139,0.017,0.000
564.400,0.000,0.141,0.017,0.000
564.420,0.000,0.140,0.017,0.000
564.440,0.000,0.140,0.017,0.000
564.460,0.000,0.139,0.017,0.000
564.480,0.000,0.138,0.017,0.000
564.500,0.000,0.141,0.017,0.000
564.520,0.000,0.140,0.017,0.000
564.540,0.000,0.136,0.017,0.000
564.560,0.000,0.140,0.017,0.000
564.580,0.000,0.142,0.017,0.000
564.600,0.000,0.141,0.017,0.000
564.620,0.000,0.137,0.017,0.000
564.640,0.000,0.141,0.017,0.000
564.660,0.000,0.139,0.017,0.000
564.680,0.000,0.138,0.017,0.000
564.700,0.000,0.138,0.017,0.000
564.720,0.000,0.140,0.017,0.000
564.740,0.000,0.139,0.017,0.000
564.760,0.000,0.140,0.017,0.000
564.780,0.000,0.139,0.017,0.000
564.800,0.000,0.141,0.017,0.000
564.820,0.000,0.141,0.017,0.000
564.840,0.000,0.139,0.017,0.000
564.860,0.000,0.141,0.017,0.000
564.880,0.000,0.140,0.017,0.000
564.900,0.000,0.141,0.017,0.000
564.920,0.000,0.142,0.017,0.000
564.940,0.000,0.140,0.017,0.000
564.960,0.000,0.142,0.017,0.000
564.980,0.000,0.142,0.017,0.000
565.000,0.000,0.139,0.017,0.000
565.020,0.000,0.141,0.017,0.000
565.040,0.000,0.141,0.017,0.000
565.060,0.000,0.141,0.017,0.000
565.080,0.000,0.142,0.017,0.000
565.100,0.000,0.142,0.017,0.000
565.120,0.000,0.145,0.017,0.000
565.140,0.000,0.142,0.017,0.000
565.160,0.000,0.144,0.017,0.000
565.180,0.000,0.143,0.017,0.000
565.200,0.000,0.145,0.017,0.000
565.220,0.000,0.144,0.017,0.000
565.240,0.000,0.145,0.017,0.000
565.260,0.000,0.145,0.017,0.000
565.280,0.000,0.145,0.017,0.000
565.300,0.000,0.148,0.017,0.000
565.320,0.000,0.143,0.017,0.000
565.340,0.000,0.147,0.017,0.000
565.360,0.000,0.146,0.017,0.000
565.380,0.000,0.145,0.017,0.000
565.400,0.000,0.143,0.017,0.000
565.420,0.000,0.150,0.018,0.000
565.440,0.000,0.142,0.018,0.000
565.460,0.000,0.145,0.018,0.000
565.480,0.000,0.144,0.018,0.000
565.500,0.000,0.145,0.018,0.000
565.520,0.000,0.143,0.018,0.000
565.540,0.000,0.145,0.018,0.000
565.560,0.000,0.146,0.018,0.000
565.580,0.000,0.143,0.018,0.000
565.600,0.000,0.143,0.018,0.000
565.620,0.000,0.141,0.018,0.000
565.640,0.000,0.144,0.018,0.000
565.660,0.000,0.141,0.018,0.000
565.680,0.000,0.143,0.018,0.000
565.700,0.000,0.137,0.018,0.000
565.720,0.000,0.145,0.018,0.000
565.740,0.000,0.138,0.018,0.000
565.760,0.000,0.138,0.018,0.000
565.780,0.000,0.140,0.018,0.000
565.800,0.000,0.138,0.018,0.000
565.820,0.000,0.137,0.018,0.000
565.840,0.000,0.136,0.018,0.000
565.860,0.000,0.135,0.018,0.000
565.880,0.000,0.137,0.018,0.000
565.900,0.000,0.134,0.018,0.000
565.920,0.000,0.136,0.018,0.000
565.940,0.000,0.135,0.018,0.000
565.960,0.000,0.135,0.018,0.000
565.980,0.000,0.137,0.018,0.000
566.000,0.000,0.137,0.018,0.000
566.020,0.000,0.136,0.018,0.000
566.040,0.000,0.137,0.018,0.000
566.060,0.000,0.135,0.018,0.000
566.080,0.000,0.137,0.018,0.000
566.100,0.000,0.137,0.018,0.000
566.120,0.000,0.136,0.018,0.000
566.140,0.000,0.138,0.018,0.000
566.160,0.000,0.137,0.018,0.000
566.180,0.000,0.134,0.018,0.000
566.200,0.000,0.139,0.018,0.000
566.220,0.000,0.137,0.018,0.000
566.240,0.000,0.140,0.018,0.000
566.260,0.000,0.137,0.018,0.000
566.280,0.000,0.134,0.018,0.000
566.300,0.000,0.137,0.018,0.000
566.320,0.000,0.138,0.018,0.000
566.340,0.000,0.138,0.018,0.000
566.360,0.000,0.136,0.018,0.000
566.380,0.000,0.136,0.018,0.000
566.400,0.000,0.138,0.018,0.000
566.420,0.000,0.135,0.018,0.000
566.440,0.000,0.141,0.018,0.000
566.460,0.000,0.138,0.018,0.000
566.480,0.000,0.137,0.018,0.000
566.500,0.000,0.136,0.018,0.000
566.520,0.000,0.134,0.018,0.000
566.540,0.000,0.136,0.018,0.000
566.560,0.000,0.140,0.018,0.000
566.580,0.000,0.137,0.018,0.000
566.600,0.000,0.136,0.018,0.000
566.620,0.000,0.133,0.018,0.000
566.640,0.000,0.136,0.018,0.000
566.660,0.000,0.136,0.018,0.000
566.680,0.000,0.136,0.018,0.000
566.700,0.000,0.134,0.018,0.000
566.720,0.000,0.135,0.018,0.000
566.740,0.000,0.135,0.018,0.000
566.760,0.000,0.137,0.018,0.000
566.780,0.000,0.134,0.018,0.000
566.800,0.000,0.134,0.018,0.000
566.820,0.000,0.137,0.018,0.000
566.840,0.000,0.137,0.018,0.000
566.860,0.000,0.137,0.018,0.000
566.880,0.000,0.135,0.018,0.000
566.900,0.000,0.136,0.018,0.000
566.920,0.000,0.137,0.018,0.000
566.940,0.000,0.138,0.018,0.000
566.960,0.000,0.137,0.018,0.000
566.980,0.000,0.137,0.018,0.000
567.000,0.000,0.140,0.018,0.000
567.020,0.000,0.140,0.018,0.000
567.040,0.000,0.137,0.018,0.000
567.060,0.000,0.141,0.018,0.000
567.080,0.000,0.139,0.018,0.000
567.100,0.000,0.141,0.018,0.000
567.120,0.000,0.141,0.018,0.000
567.140,0.000,0.142,0.018,0.000
567.160,0.000,0.141,0.018,0.000
567.180,0.000,0.142,0.018,0.000
567.200,0.000,0.141,0.018,0.000
567.220,0.000,0.142,0.018,0.000
567.240,0.000,0.142,0.018,0.000
567.260,0.000,0.141,0.018,0.000
567.280,0.000,0.143,0.018,0.000
567.300,0.000,0.142,0.018,0.000
567.320,0.000,0.143,0.018,0.000
567.340,0.000,0.142,0.018,0.000
567.360,0.000,0.144,0.018,0.000
567.380,0.000,0.142,0.018,0.000
567.400,0.000,0.145,0.018,0.000
567.420,0.000,0.141,0.018,0.000
567.440,0.000,0.144,0.018,0.000
567.460,0.000,0.141,0.018,0.000
567.480,0.000,0.145,0.018,0.000
567.500,0.000,0.142,0.018,0.000
567.520,0.000,0.145,0.018,0.000
567.540,0.000,0.142,0.018,0.000
567.560,0.000,0.143,0.018,0.000
567.580,0.000,0.141,0.018,0.000
567.600,0.000,0.145,0.018,0.000
567.620,0.000,0.144,0.018,0.000
567.640,0.000,0.142,0.018,0.000
567.660,0.000,0.143,0.018,0.000
567.680,0.000,0.141,0.018,0.000
567.700,0.000,0.143,0.018,0.000
567.720,0.000,0.144,0.018,0.000
567.740,0.000,0.141,0.018,0.000
567.760,0.000,0.141,0.018,0.000
567.780,0.000,0.142,0.018,0.000
567.800,0.000,0.140,0.018,0.000
567.820,0.000,0.141,0.018,0.000
567.840,0.000,0.141,0.018,0.000
567.860,0.000,0.140,0.018,0.000
567.880,0.000,0.141,0.018,0.000
567.900,0.000,0.141,0.018,0.000
567.920,0.000,0.141,0.018,0.000
567.940,0.000,0.140,0.018,0.000
567.960,0.000,0.138,0.018,0.000
567.980,0.000,0.144,0.018,0.000
568.000,0.000,0.138,0.018,0.000
568.020,0.000,0.143,0.018,0.000
568.040,0.000,0.137,0.018,0.000
568.060,0.000,0.139,0.018,0.000
568.080,0.000,0.140,0.018,0.000
568.100,0.000,0.140,0.018,0.000
568.120,0.000,0.137,0.018,0.000
568.140,0.000,0.142,0.018,0.000
568.160,0.000,0.141,0.018,0.000
568.180,0.000,0.143,0.018,0.000
568.200,0.000,0.138,0.018,0.000
568.220,0.000,0.137,0.018,0.000
568.240,0.000,0.145,0.018,0.000
568.260,0.000,0.140,0.018,0.000
568.280,0.000,0.142,0.018,0.000
568.300,0.000,0.137,0.018,0.000
568.320,0.000,0.140,0.018,0.000
568.340,0.000,0.141,0.018,0.000
568.360,0.000,0.142,0.018,0.000
568.380,0.000,0.138,0.018,0.000
568.400,0.000,0.142,0.018,0.000
568.420,0.000,0.138,0.018,0.000
568.440,0.000,0.141,0.018,0.000
568.460,0.000,0.137,0.018,0.000
568.480,0.000,0.141,0.018,0.000
568.500,0.000,0.143,0.018,0.000
568.520,0.000,0.142,0.018,0.000
568.540,0.000,0.137,0.018,0.000
568.560,0.000,0.134,0.018,0.000
568.580,0.000,0.138,0.018,0.000
568.600,0.000,0.136,0.018,0.000
568.620,0.000,0.138,0.018,0.000
568.640,0.000,0.137,0.018,0.000
568.660,0.000,0.138,0.018,0.000
568.680,0.000,0.133,0.018,0.000
568.700,0.000,0.135,0.018,0.000
568.720,0.000,0.134,0.018,0.000
568.740,0.000,0.135,0.018,0.000
568.760,0.000,0.134,0.018,0.000
568.780,0.000,0.133,0.018,0.000
568.800,0.000,0.134,0.018,0.000
568.820,0.000,0.137,0.018,0.000
568.840,0.000,0.134,0.018,0.000
568.860,0.000,0.134,0.018,0.000
568.880,0.000,0.134,0.018,0.000
568.900,0.000,0.135,0.017,0.000
568.920,0.000,0.136,0.017,0.000
568.940,0.000,0.134,0.017,0.000
568.960,0.000,0.138,0.017,0.000
568.980,0.000,0.134,0.017,0.000
569.000,0.000,0.136,0.017,0.000
569.020,0.000,0.133,0.017,0.000
569.040,0.000,0.135,0.017,0.000
569.060,0.000,0.135,0.017,0.000
569.080,0.000,0.137,0.017,0.000
569.100,0.000,0.138,0.017,0.000
569.120,0.000,0.137,0.017,0.000
569.140,0.000,0.136,0.017,0.000
569.160,0.000,0.137,0.017,0.000
569.180,0.000,0.137,0.017,0.000
569.200,0.000,0.138,0.017,0.000
569.220,0.000,0.136,0.017,0.000
569.240,0.000,0.141,0.017,0.000
569.260,0.000,0.140,0.017,0.000
569.280,0.000,0.142,0.017,0.000
569.300,0.000,0.139,0.017,0.000
569.320,0.000,0.141,0.017,0.000
569.340,0.000,0.142,0.017,0.000
569.360,0.000,0.142,0.017,0.000
569.380,0.000,0.141,0.017,0.000
569.400,0.000,0.142,0.017,0.000
569.420,0.000,0.140,0.017,0.000
569.440,0.000,0.143,0.017,0.000
569.460,0.000,0.143,0.017,0.000
569.480,0.000,0.141,0.017,0.000
569.500,0.000,0.142,0.017,0.000
569.520,0.000,0.141,0.017,0.000
569.540,0.000,0.142,0.017,0.000
569.560,0.000,0.142,0.017,0.000
569.580,0.000,0.142,0.017,0.000
569.600,0.000,0.141,0.017,0.000
569.620,0.000,0.142,0.017,0.000
569.640,0.000,0.142,0.017,0.000
569.660,0.000,0.142,0.017,0.000
569.680,0.000,0.141,0.017,0.000
569.700,0.000,0.142,0.017,0.000
569.720,0.000,0.142,0.017,0.000
569.740,0.000,0.141,0.017,0.000
569.760,0.000,0.143,0.017,0.000
569.780,0.000,0.140,0.017,0.000
569.800,0.000,0.147,0.017,0.000
569.820,0.000,0.135,0.017,0.000
569.840,0.000,0.147,0.017,0.000
569.860,0.000,0.133,0.017,0.000
569.880,0.000,0.151,0.018,0.000
569.900,0.000,0.134,0.018,0.000
569.920,0.000,0.148,0.018,0.000
569.940,0.000,0.135,0.018,0.000
569.960,0.000,0.147,0.018,0.000
569.980,0.000,0.137,0.018,0.000
570.000,0.000,0.147,0.018,0.000
570.020,0.000,0.140,0.018,0.000
570.040,0.000,0.145,0.018,0.000
570.060,0.000,0.143,0.018,0.000
570.080,0.000,0.143,0.018,0.000
570.100,0.000,0.141,0.018,0.000
570.120,0.000,0.141,0.018,0.000
570.140,0.000,0.147,0.018,0.000
570.160,0.000,0.139,0.018,0.000
570.180,0.000,0.149,0.018,0.000
570.200,0.000,0.137,0.018,0.000
570.220,0.000,0.149,0.018,0.000
570.240,0.000,0.135,0.018,0.000
570.260,0.000,0.148,0.018,0.000
570.280,0.000,0.136,0.018,0.000
570.300,0.000,0.151,0.018,0.000
570.320,0.000,0.136,0.018,0.000
570.340,0.000,0.151,0.018,0.000
570.360,0.000,0.140,0.018,0.000
570.380,0.000,0.148,0.018,0.000
570.400,0.000,0.143,0.018,0.000
570.420,0.000,0.145,0.018,0.000
570.440,0.000,0.149,0.018,0.000
570.460,0.000,0.144,0.018,0.000
570.480,0.000,0.149,0.018,0.000
570.500,0.000,0.137,0.018,0.000
570.520,0.000,0.150,0.018,0.000
570.540,0.000,0.137,0.018,0.000
570.560,0.000,0.152,0.019,0.000
570.580,0.000,0.134,0.019,0.000
570.600,0.000,0.150,0.019,0.000
570.620,0.000,0.134,0.019,0.000
570.640,0.000,0.151,0.019,0.000
570.660,0.000,0.132,0.019,0.000
570.680,0.000,0.146,0.019,0.000
570.700,0.000,0.137,0.019,0.000
570.720,0.000,0.146,0.019,0.000
570.740,0.000,0.138,0.019,0.000
570.760,0.000,0.139,0.019,0.000
570.780,0.000,0.140,0.019,0.000
570.800,0.000,0.134,0.019,0.000
570.820,0.000,0.143,0.019,0.000
570.840,0.000,0.133,0.019,0.000
570.860,0.000,0.145,0.019,0.000
570.880,0.000,0.135,0.019,0.000
570.900,0.000,0.145,0.019,0.000
570.920,0.000,0.133,0.019,0.000
570.940,0.000,0.143,0.019,0.000
570.960,0.000,0.133,0.019,0.000
570.980,0.000,0.141,0.019,0.000
571.000,0.000,0.133,0.019,0.000
571.020,0.000,0.141,0.019,0.000
571.040,0.000,0.135,0.019,0.000
571.060,0.000,0.137,0.019,0.000
571.080,0.000,0.133,0.019,0.000
571.100,0.000,0.139,0.019,0.000
571.120,0.000,0.133,0.019,0.000
571.140,0.000,0.137,0.019,0.000
571.160,0.000,0.134,0.019,0.000
571.180,0.000,0.137,0.019,0.000
571.200,0.000,0.137,0.019,0.000
571.220,0.000,0.137,0.019,0.000
571.240,0.000,0.136,0.019,0.000
571.260,0.000,0.133,0.019,0.000
571.280,0.000,0.144,0.019,0.000
571.300,0.000,0.134,0.019,0.000
571.320,0.000,0.141,0.019,0.000
571.340,0.000,0.133,0.019,0.000
571.360,0.000,0.144,0.019,0.000
571.380,0.000,0.137,0.019,0.000
571.400,0.000,0.143,0.019,0.000
571.420,0.000,0.139,0.019,0.000
571.440,0.000,0.147,0.019,0.000
571.460,0.000,0.135,0.019,0.000
571.480,0.000,0.144,0.019,0.000
571.500,0.000,0.137,0.019,0.000
571.520,0.000,0.145,0.019,0.000
571.540,0.000,0.139,0.019,0.000
571.560,0.000,0.143,0.019,0.000
571.580,0.000,0.141,0.019,0.000
571.600,0.000,0.140,0.019,0.000
571.620,0.000,0.141,0.019,0.000
571.640,0.000,0.140,0.019,0.000
571.660,0.000,0.141,0.019,0.000
571.680,0.000,0.137,0.019,0.000
571.700,0.000,0.145,0.019,0.000
571.720,0.000,0.139,0.019,0.000
571.740,0.000,0.143,0.019,0.000
571.760,0.000,0.142,0.019,0.000
571.780,0.000,0.142,0.019,0.000
571.800,0.000,0.135,0.019,0.000
571.820,0.000,0.144,0.019,0.000
571.840,0.000,0.137,0.019,0.000
571.860,0.000,0.141,0.019,0.000
571.880,0.000,0.139,0.019,0.000
571.900,0.000,0.143,0.019,0.000
571.920,0.000,0.142,0.019,0.000
571.940,0.000,0.141,0.019,0.000
571.960,0.000,0.138,0.019,0.000
571.980,0.000,0.140,0.019,0.000
572.000,0.000,0.138,0.019,0.000
572.020,0.000,0.138,0.019,0.000
572.040,0.000,0.141,0.019,0.000
572.060,0.000,0.140,0.019,0.000
572.080,0.000,0.142,0.019,0.000
572.100,0.000,0.141,0.019,0.000
572.120,0.000,0.142,0.019,0.000
572.140,0.000,0.141,0.019,0.000
572.160,0.000,0.143,0.019,0.000
572.180,0.000,0.141,0.019,0.000
572.200,0.000,0.143,0.019,0.000
572.220,0.000,0.141,0.019,0.000
572.240,0.000,0.141,0.019,0.000
572.260,0.000,0.141,0.019,0.000
572.280,0.000,0.145,0.019,0.000
572.300,0.000,0.137,0.019,0.000
572.320,0.000,0.142,0.019,0.000
572.340,0.000,0.141,0.019,0.000
572.360,0.000,0.145,0.019,0.000
572.380,0.000,0.145,0.019,0.000
572.400,0.000,0.143,0.019,0.000
572.420,0.000,0.144,0.019,0.000
572.440,0.000,0.145,0.019,0.000
572.460,0.000,0.144,0.019,0.000
572.480,0.000,0.141,0.019,0.000
572.500,0.000,0.148,0.019,0.000
572.520,0.000,0.143,0.019,0.000
572.540,0.000,0.146,0.019,0.000
572.560,0.000,0.143,0.019,0.000
572.580,0.000,0.148,0.019,0.000
572.600,0.000,0.141,0.019,0.000
572.620,0.000,0.149,0.019,0.000
572.640,0.000,0.141,0.019,0.000
572.660,0.000,0.149,0.019,0.000
572.680,0.000,0.142,0.019,0.000
572.700,0.000,0.149,0.019,0.000
572.720,0.000,0.141,0.019,0.000
572.740,0.000,0.146,0.019,0.000
572.760,0.000,0.141,0.019,0.000
572.780,0.000,0.146,0.019,0.000
572.800,0.000,0.141,0.019,0.000
572.820,0.000,0.145,0.019,0.000
572.840,0.000,0.143,0.019,0.000
572.860,0.000,0.139,0.019,0.000
572.880,0.000,0.143,0.019,0.000
572.900,0.000,0.144,0.019,0.000
572.920,0.000,0.142,0.019,0.000
572.940,0.000,0.138,0.019,0.000
572.960,0.000,0.137,0.019,0.000
572.980,0.000,0.139,0.019,0.000
573.000,0.000,0.141,0.019,0.000
573.020,0.000,0.137,0.019,0.000
573.040,0.000,0.140,0.019,0.000
573.060,0.000,0.135,0.019,0.000
573.080,0.000,0.137,0.019,0.000
573.100,0.000,0.134,0.019,0.000
573.120,0.000,0.139,0.019,0.000
573.140,0.000,0.137,0.019,0.000
573.160,0.000,0.137,0.019,0.000
573.180,0.000,0.135,0.019,0.000
573.200,0.000,0.135,0.019,0.000
573.220,0.000,0.133,0.019,0.000
573.240,0.000,0.138,0.019,0.000
573.260,0.000,0.133,0.019,0.000
573.280,0.000,0.135,0.019,0.000
573.300,0.000,0.133,0.019,0.000
573.320,0.000,0.136,0.019,0.000
573.340,0.000,0.137,0.019,0.000
573.360,0.000,0.135,0.019,0.000
573.380,0.000,0.135,0.019,0.000
573.400,0.000,0.133,0.019,0.000
573.420,0.000,0.137,0.019,0.000
573.440,0.000,0.137,0.019,0.000
573.460,0.000,0.139,0.019,0.000
573.480,0.000,0.134,0.019,0.000
573.500,0.000,0.140,0.019,0.000
573.520,0.000,0.136,0.019,0.000
573.540,0.000,0.144,0.019,0.000
573.560,0.000,0.137,0.019,0.000
573.580,0.000,0.141,0.019,0.000
573.600,0.000,0.136,0.019,0.000
573.620,0.000,0.140,0.019,0.000
573.640,0.000,0.135,0.019,0.000
573.660,0.000,0.145,0.019,0.000
573.680,0.000,0.140,0.019,0.000
573.700,0.000,0.142,0.019,0.000
573.720,0.000,0.137,0.019,0.000
573.740,0.000,0.137,0.019,0.000
573.760,0.000,0.138,0.019,0.000
573.780,0.000,0.140,0.019,0.000
573.800,0.000,0.140,0.019,0.000
573.820,0.000,0.137,0.019,0.000
573.840,0.000,0.142,0.019,0.000
573.860,0.000,0.139,0.019,0.000
573.880,0.000,0.139,0.019,0.000
573.900,0.000,0.140,0.019,0.000
573.920,0.000,0.143,0.019,0.000
573.940,0.000,0.137,0.019,0.000
573.960,0.000,0.141,0.019,0.000
573.980,0.000,0.140,0.019,0.000
574.000,0.000,0.141,0.019,0.000
574.020,0.000,0.140,0.019,0.000
574.040,0.000,0.141,0.019,0.000
574.060,0.000,0.141,0.019,0.000
574.080,0.000,0.141,0.019,0.000
574.100,0.000,0.141,0.019,0.000
574.120,0.000,0.140,0.019,0.000
574.140,0.000,0.141,0.019,0.000
574.160,0.000,0.141,0.019,0.000
574.180,0.000,0.141,0.019,0.000
574.200,0.000,0.142,0.019,0.000
574.220,0.000,0.141,0.019,0.000
574.240,0.000,0.138,0.019,0.000
574.260,0.000,0.143,0.019,0.000
574.280,0.000,0.141,0.019,0.000
574.300,0.000,0.142,0.019,0.000
574.320,0.000,0.141,0.019,0.000
574.340,0.000,0.142,0.019,0.000
574.360,0.000,0.141,0.019,0.000
574.380,0.000,0.141,0.019,0.000
574.400,0.000,0.143,0.019,0.000
574.420,0.000,0.142,0.019,0.000
574.440,0.000,0.141,0.019,0.000
574.460,0.000,0.142,0.019,0.000
574.480,0.000,0.142,0.019,0.000
574.500,0.000,0.143,0.019,0.000
574.520,0.000,0.142,0.019,0.000
574.540,0.000,0.143,0.019,0.000
574.560,0.000,0.141,0.019,0.000
574.580,0.000,0.145,0.019,0.000
574.600,0.000,0.143,0.019,0.000
