****************************************************************************************************
SERIE 3
****************************************************************************************************

Test ipotesi linearità_____________________________________
Covarianza = 0.00000
Indice Pearson = 0.99955 +/- 0.00060
Gradi di Liberta' = 2506
	t = 1671.8669576116436
	p-value (due code) = 0.0

Parametri___________________________________________________
y = a + bx
a = -0.00000 +/- 0.00000
b = 2.78403 +/- 0.00167

Test bontà fit _____________________________________________
x         y         sy           y*            Chi-quadro   
0.00001   0.00002   0.00000      0.00002       11015.06694  
0.00001   0.00002   0.00000      0.00002       7679.39914   
0.00001   0.00002   0.00000      0.00002       7084.26558   
0.00001   0.00002   0.00000      0.00002       11015.06694  
0.00001   0.00002   0.00000      0.00002       11015.06694  
0.00001   0.00002   0.00000      0.00002       11754.20050  
0.00001   0.00002   0.00000      0.00002       11015.06694  
0.00001   0.00002   0.00000      0.00002       11015.06694  
0.00001   0.00002   0.00000      0.00002       10299.93338  
0.00001   0.00002   0.00000      0.00002       10299.93338  
0.00001   0.00002   0.00000      0.00002       17600.13541  
0.00001   0.00002   0.00000      0.00002       16693.00185  
0.00001   0.00002   0.00000      0.00002       11015.06694  
0.00001   0.00002   0.00000      0.00002       15809.86829  
0.00001   0.00002   0.00000      0.00002       13304.46762  
0.00001   0.00002   0.00000      0.00002       11015.06694  
0.00001   0.00002   0.00000      0.00002       14950.73473  
0.00001   0.00002   0.00000      0.00002       11754.20050  
0.00001   0.00002   0.00000      0.00002       13304.46762  
0.00001   0.00002   0.00000      0.00002       14115.60118  
0.00001   0.00002   0.00000      0.00002       10299.93338  
0.00001   0.00002   0.00000      0.00002       15809.86829  
0.00001   0.00002   0.00000      0.00002       13304.46762  
0.00001   0.00002   0.00000      0.00002       9498.06227   
0.00001   0.00002   0.00000      0.00002       14115.60118  
0.00001   0.00002   0.00000      0.00002       11015.06694  
0.00001   0.00002   0.00000      0.00002       11631.68882  
0.00001   0.00002   0.00000      0.00002       15809.86829  
0.00001   0.00002   0.00000      0.00002       10185.27112  
0.00001   0.00002   0.00000      0.00002       13174.10651  
0.00001   0.00002   0.00000      0.00002       11631.68882  
0.00001   0.00002   0.00000      0.00002       10185.27112  
0.00001   0.00002   0.00000      0.00002       12390.89766  
0.00001   0.00002   0.00000      0.00002       10185.27112  
0.00001   0.00002   0.00000      0.00002       10185.27112  
0.00001   0.00002   0.00000      0.00002       12390.89766  
0.00001   0.00002   0.00000      0.00002       9498.06227   
0.00001   0.00002   0.00000      0.00002       12390.89766  
0.00001   0.00002   0.00000      0.00002       11631.68882  
0.00001   0.00002   0.00000      0.00002       9498.06227   
0.00001   0.00002   0.00000      0.00002       12390.89766  
0.00001   0.00002   0.00000      0.00002       10185.27112  
0.00001   0.00002   0.00000      0.00002       10185.27112  
0.00001   0.00002   0.00000      0.00002       11631.68882  
0.00001   0.00002   0.00000      0.00002       8834.85342   
0.00001   0.00002   0.00000      0.00002       13174.10651  
0.00001   0.00002   0.00000      0.00002       10896.47997  
0.00001   0.00002   0.00000      0.00002       9498.06227   
0.00001   0.00002   0.00000      0.00002       11631.68882  
0.00001   0.00002   0.00000      0.00002       10185.27112  
0.00001   0.00002   0.00000      0.00002       10896.47997  
0.00001   0.00002   0.00000      0.00002       13174.10651  
0.00001   0.00002   0.00000      0.00002       9498.06227   
0.00001   0.00002   0.00000      0.00002       12390.89766  
0.00001   0.00002   0.00000      0.00002       9498.06227   
0.00001   0.00002   0.00000      0.00002       9498.06227   
0.00001   0.00002   0.00000      0.00002       12390.89766  
0.00001   0.00002   0.00000      0.00002       10185.27112  
0.00001   0.00002   0.00000      0.00002       10896.47997  
0.00001   0.00002   0.00000      0.00002       11631.68882  
0.00001   0.00002   0.00000      0.00002       10185.27112  
0.00001   0.00002   0.00000      0.00002       12390.89766  
0.00001   0.00002   0.00000      0.00002       10896.47997  
0.00001   0.00002   0.00000      0.00002       8195.64457   
0.00001   0.00002   0.00000      0.00002       12390.89766  
0.00001   0.00002   0.00000      0.00002       10185.27112  
0.00001   0.00002   0.00000      0.00002       9498.06227   
0.00001   0.00002   0.00000      0.00002       10896.47997  
0.00001   0.00002   0.00000      0.00002       9498.06227   
0.00001   0.00002   0.00000      0.00002       11631.68882  
0.00001   0.00002   0.00000      0.00002       8731.12444   
0.00001   0.00002   0.00000      0.00002       8095.74976   
0.00001   0.00002   0.00000      0.00002       9286.06039   
0.00001   0.00002   0.00000      0.00002       4571.05790   
0.00001   0.00002   0.00000      0.00002       4050.56073   
0.00001   0.00002   0.00000      0.00002       5481.37676   
0.00001   0.00002   0.00000      0.00002       2430.39397   
0.00001   0.00002   0.00000      0.00002       4911.71600   
0.00001   0.00002   0.00000      0.00002       2383.71542   
0.00001   0.00002   0.00000      0.00002       1441.57792   
0.00001   0.00002   0.00000      0.00002       3056.83208   
0.00001   0.00002   0.00000      0.00002       735.80493    
0.00001   0.00002   0.00000      0.00002       539.36813    
0.00001   0.00002   0.00000      0.00002       1130.07614   
0.00001   0.00002   0.00000      0.00002       153.94370    
0.00001   0.00002   0.00000      0.00002       238.99971    
0.00001   0.00002   0.00000      0.00002       21.79102     
0.00001   0.00002   0.00000      0.00002       272.35283    
0.00001   0.00002   0.00000      0.00002       0.19660      
0.00001   0.00002   0.00000      0.00002       284.83672    
0.00001   0.00002   0.00000      0.00002       428.59891    
0.00001   0.00002   0.00000      0.00002       309.31718    
0.00001   0.00002   0.00000      0.00002       1218.56312   
0.00001   0.00002   0.00000      0.00002       801.80170    
0.00001   0.00002   0.00000      0.00002       1523.52197   
0.00001   0.00002   0.00000      0.00002       2473.67930   
0.00001   0.00002   0.00000      0.00002       1547.93395   
0.00001   0.00002   0.00000      0.00002       3651.47868   
0.00001   0.00002   0.00000      0.00002       3244.82491   
0.00001   0.00002   0.00000      0.00002       2892.92868   
0.00001   0.00002   0.00000      0.00002       5601.76024   
0.00001   0.00002   0.00000      0.00002       4154.13804   
0.00001   0.00002   0.00000      0.00002       5641.05267   
0.00001   0.00002   0.00000      0.00002       7958.97742   
0.00001   0.00002   0.00000      0.00002       6250.21486   
0.00001   0.00002   0.00000      0.00002       8633.14275   
0.00001   0.00002   0.00000      0.00002       10013.64394  
0.00001   0.00002   0.00000      0.00002       9373.56918   
0.00001   0.00002   0.00000      0.00002       13073.32623  
0.00001   0.00002   0.00000      0.00002       14751.47987  
0.00001   0.00002   0.00000      0.00002       17430.52187  
0.00001   0.00002   0.00000      0.00002       16527.82791  
0.00001   0.00002   0.00000      0.00002       17430.52187  
0.00001   0.00002   0.00000      0.00002       18401.86316  
0.00001   0.00002   0.00000      0.00002       18401.86316  
0.00001   0.00002   0.00000      0.00002       18443.29652  
0.00001   0.00002   0.00000      0.00002       17514.40427  
0.00001   0.00002   0.00000      0.00002       6483.64811   
0.00001   0.00002   0.00000      0.00002       11003.68991  
0.00001   0.00002   0.00000      0.00002       12505.20581  
0.00001   0.00002   0.00000      0.00002       8309.92440   
0.00001   0.00002   0.00000      0.00002       10333.92206  
0.00001   0.00002   0.00000      0.00002       11810.69730  
0.00001   0.00002   0.00000      0.00002       5493.34369   
0.00001   0.00002   0.00000      0.00002       7153.54936   
0.00001   0.00002   0.00000      0.00002       5512.14501   
0.00001   0.00002   0.00000      0.00002       3646.63987   
0.00001   0.00002   0.00000      0.00002       4537.54825   
0.00001   0.00002   0.00000      0.00002       2862.77642   
0.00001   0.00002   0.00000      0.00002       3656.27019   
0.00001   0.00002   0.00000      0.00002       4090.04732   
0.00001   0.00002   0.00000      0.00002       3251.88194   
0.00001   0.00002   0.00000      0.00002       4091.40382   
0.00001   0.00002   0.00000      0.00002       3253.09149   
0.00001   0.00002   0.00000      0.00002       2510.67516   
0.00001   0.00002   0.00000      0.00002       2869.82413   
0.00001   0.00002   0.00000      0.00002       1863.28489   
0.00001   0.00002   0.00000      0.00002       2506.98010   
0.00001   0.00002   0.00000      0.00002       2862.04290   
0.00001   0.00002   0.00000      0.00002       1571.46105   
0.00001   0.00002   0.00000      0.00002       2164.34728   
0.00001   0.00002   0.00000      0.00002       1563.05818   
0.00001   0.00002   0.00000      0.00002       1557.50599   
0.00001   0.00002   0.00000      0.00002       1557.50599   
0.00001   0.00002   0.00000      0.00002       1290.20539   
0.00001   0.00002   0.00000      0.00002       1551.06249   
0.00001   0.00002   0.00000      0.00002       1827.94743   
0.00001   0.00002   0.00000      0.00002       1047.31180   
0.00001   0.00002   0.00000      0.00002       1283.52367   
0.00001   0.00002   0.00000      0.00002       1276.04599   
0.00001   0.00002   0.00000      0.00002       1040.55819   
0.00001   0.00002   0.00000      0.00002       1526.46653   
0.00001   0.00002   0.00000      0.00002       635.72635    
0.00001   0.00002   0.00000      0.00002       1024.93624   
0.00001   0.00002   0.00000      0.00002       1024.93624   
0.00001   0.00002   0.00000      0.00002       1248.93238   
0.00001   0.00002   0.00000      0.00002       1505.77673   
0.00001   0.00002   0.00000      0.00002       1773.98336   
0.00001   0.00002   0.00000      0.00002       1006.56300   
0.00001   0.00002   0.00000      0.00002       2063.13841   
0.00001   0.00002   0.00000      0.00002       1215.02894   
0.00001   0.00002   0.00000      0.00002       1215.02894   
0.00001   0.00002   0.00000      0.00002       2030.95981   
0.00001   0.00002   0.00000      0.00002       1454.50462   
0.00001   0.00002   0.00000      0.00002       2013.46184   
0.00001   0.00002   0.00000      0.00002       2661.95445   
0.00001   0.00002   0.00000      0.00002       3007.58407   
0.00001   0.00002   0.00000      0.00002       3399.53674   
0.00001   0.00002   0.00000      0.00002       3007.58407   
0.00001   0.00002   0.00000      0.00002       3007.58407   
0.00001   0.00002   0.00000      0.00002       3787.39122   
0.00001   0.00002   0.00000      0.00002       3373.01723   
0.00001   0.00002   0.00000      0.00002       4194.76101   
0.00001   0.00002   0.00000      0.00002       5104.42323   
0.00001   0.00002   0.00000      0.00002       4621.43604   
0.00001   0.00002   0.00000      0.00002       4621.43604   
0.00001   0.00002   0.00000      0.00002       5572.38712   
0.00001   0.00002   0.00000      0.00002       5572.38712   
0.00001   0.00002   0.00000      0.00002       6059.16439   
0.00001   0.00002   0.00000      0.00002       6059.16439   
0.00001   0.00002   0.00000      0.00002       7137.88562   
0.00001   0.00002   0.00000      0.00002       7683.63898   
0.00001   0.00002   0.00000      0.00002       7683.63898   
0.00001   0.00002   0.00000      0.00002       8888.70814   
0.00001   0.00002   0.00000      0.00002       8829.31990   
0.00001   0.00002   0.00000      0.00002       8829.31990   
0.00001   0.00002   0.00000      0.00002       10113.59029  
0.00001   0.00002   0.00000      0.00002       9428.84620   
0.00001   0.00002   0.00000      0.00002       10752.30625  
0.00001   0.00002   0.00000      0.00002       10045.89780  
0.00001   0.00002   0.00000      0.00002       11408.27561  
0.00001   0.00002   0.00000      0.00002       11408.27561  
0.00001   0.00002   0.00000      0.00002       12081.30263  
0.00001   0.00002   0.00000      0.00002       11331.78931  
0.00001   0.00002   0.00000      0.00002       12771.19293  
0.00001   0.00002   0.00000      0.00002       11253.28455  
0.00001   0.00002   0.00000      0.00002       10530.33037  
0.00001   0.00002   0.00000      0.00002       11917.11158  
0.00001   0.00002   0.00000      0.00002       11917.11158  
0.00001   0.00002   0.00000      0.00002       11917.11158  
0.00001   0.00002   0.00000      0.00002       12597.56496  
0.00001   0.00002   0.00000      0.00002       12507.62112  
0.00001   0.00002   0.00000      0.00002       11744.78836  
0.00001   0.00002   0.00000      0.00002       10207.69782  
0.00001   0.00002   0.00000      0.00002       10831.53044  
0.00001   0.00002   0.00000      0.00002       9437.42994   
0.00001   0.00002   0.00000      0.00002       9353.45293   
0.00001   0.00002   0.00000      0.00002       9946.79582   
0.00001   0.00002   0.00000      0.00002       9856.39484   
0.00001   0.00002   0.00000      0.00002       8528.73943   
0.00001   0.00002   0.00000      0.00002       8443.11699   
0.00001   0.00002   0.00000      0.00002       7734.69721   
0.00001   0.00002   0.00000      0.00002       7137.38164   
0.00001   0.00002   0.00000      0.00002       7055.55945   
0.00001   0.00002   0.00000      0.00002       6972.46929   
0.00001   0.00002   0.00000      0.00002       5863.44116   
0.00001   0.00002   0.00000      0.00002       5271.13064   
0.00001   0.00002   0.00000      0.00002       4780.12540   
0.00001   0.00002   0.00000      0.00002       5196.35260   
0.00001   0.00002   0.00000      0.00002       4708.92800   
0.00001   0.00002   0.00000      0.00002       5120.62869   
0.00001   0.00002   0.00000      0.00002       4636.85638   
0.00001   0.00002   0.00000      0.00002       5043.99518   
0.00001   0.00002   0.00000      0.00002       4107.89809   
0.00001   0.00002   0.00000      0.00002       3609.72839   
0.00001   0.00002   0.00000      0.00002       3967.37238   
0.00001   0.00002   0.00000      0.00002       3542.98508   
0.00001   0.00002   0.00000      0.00002       3475.65691   
0.00001   0.00002   0.00000      0.00002       4264.66616   
0.00001   0.00002   0.00000      0.00002       3824.22392   
0.00001   0.00002   0.00000      0.00002       3751.76141   
0.00001   0.00002   0.00000      0.00002       3339.39771   
0.00001   0.00002   0.00000      0.00002       2951.03401   
0.00001   0.00002   0.00000      0.00002       3270.54379   
0.00001   0.00002   0.00000      0.00002       2886.32907   
0.00001   0.00002   0.00000      0.00002       2465.26829   
0.00001   0.00002   0.00000      0.00002       2755.87769   
0.00001   0.00002   0.00000      0.00002       2404.17159   
0.00001   0.00002   0.00000      0.00002       2690.21098   
0.00001   0.00002   0.00000      0.00002       2690.21098   
0.00001   0.00002   0.00000      0.00002       2991.22195   
0.00001   0.00002   0.00000      0.00002       2624.30421   
0.00001   0.00002   0.00000      0.00002       2281.38647   
0.00001   0.00002   0.00000      0.00002       2558.19845   
0.00001   0.00002   0.00000      0.00002       2558.19845   
0.00001   0.00002   0.00000      0.00002       3231.63718   
0.00001   0.00002   0.00000      0.00002       2849.78621   
0.00001   0.00002   0.00000      0.00002       3557.19739   
0.00001   0.00002   0.00000      0.00002       3476.62636   
0.00001   0.00002   0.00000      0.00002       3811.55018   
0.00001   0.00002   0.00000      0.00002       4160.59268   
0.00001   0.00002   0.00000      0.00002       4069.61763   
0.00001   0.00002   0.00000      0.00002       4427.39531   
0.00001   0.00002   0.00000      0.00002       4798.87876   
0.00001   0.00002   0.00000      0.00002       5183.90960   
0.00001   0.00002   0.00000      0.00002       4234.25703   
0.00001   0.00002   0.00000      0.00002       4595.04918   
0.00001   0.00002   0.00000      0.00002       4595.04918   
0.00001   0.00002   0.00000      0.00002       4492.82354   
0.00001   0.00002   0.00000      0.00002       4390.45399   
0.00001   0.00002   0.00000      0.00002       3943.38777   
0.00001   0.00002   0.00000      0.00002       4287.98855   
0.00001   0.00002   0.00000      0.00002       3428.63316   
0.00001   0.00002   0.00000      0.00002       3749.25380   
0.00001   0.00002   0.00000      0.00002       4082.96415   
0.00001   0.00002   0.00000      0.00002       3652.26529   
0.00001   0.00002   0.00000      0.00002       3980.50330   
0.00001   0.00002   0.00000      0.00002       3878.14276   
0.00001   0.00002   0.00000      0.00002       3063.23870   
0.00001   0.00002   0.00000      0.00002       3362.20409   
0.00001   0.00002   0.00000      0.00002       3265.98481   
0.00001   0.00002   0.00000      0.00002       2882.04634   
0.00001   0.00002   0.00000      0.00002       2792.00154   
0.00001   0.00002   0.00000      0.00002       3074.55153   
0.00001   0.00002   0.00000      0.00002       2354.23265   
0.00001   0.00002   0.00000      0.00002       2271.09856   
0.00001   0.00002   0.00000      0.00002       2188.56876   
0.00001   0.00002   0.00000      0.00002       2436.69102   
0.00001   0.00002   0.00000      0.00002       1800.69930   
0.00001   0.00002   0.00000      0.00002       2025.53008   
0.00001   0.00002   0.00000      0.00002       2262.68479   
0.00001   0.00002   0.00000      0.00002       2512.02048   
0.00001   0.00002   0.00000      0.00002       3150.25536   
0.00001   0.00002   0.00000      0.00002       2420.53495   
0.00001   0.00002   0.00000      0.00002       3046.66783   
0.00001   0.00002   0.00000      0.00002       3331.69845   
0.00001   0.00002   0.00000      0.00002       2943.79656   
0.00001   0.00002   0.00000      0.00002       3628.34795   
0.00001   0.00002   0.00000      0.00002       3513.79332   
0.00001   0.00002   0.00000      0.00002       3399.99255   
0.00001   0.00002   0.00000      0.00002       4454.00955   
0.00001   0.00002   0.00000      0.00002       4003.63258   
0.00001   0.00002   0.00000      0.00002       4789.59788   
0.00001   0.00002   0.00000      0.00002       4322.11827   
0.00001   0.00002   0.00000      0.00002       4191.01729   
0.00001   0.00002   0.00000      0.00002       4514.25857   
0.00001   0.00002   0.00000      0.00002       3631.27112   
0.00001   0.00002   0.00000      0.00002       3931.41948   
0.00001   0.00002   0.00000      0.00002       4242.29398   
0.00001   0.00002   0.00000      0.00002       3387.78612   
0.00001   0.00002   0.00000      0.00002       3267.64657   
0.00001   0.00002   0.00000      0.00002       3974.17749   
0.00001   0.00002   0.00000      0.00002       3148.65470   
0.00001   0.00002   0.00000      0.00002       3030.87016   
0.00001   0.00002   0.00000      0.00002       3300.37023   
0.00001   0.00002   0.00000      0.00002       2914.35293   
0.00001   0.00002   0.00000      0.00002       3177.71457   
0.00001   0.00002   0.00000      0.00002       3056.38465   
0.00001   0.00002   0.00000      0.00002       2685.36185   
0.00001   0.00002   0.00000      0.00002       2573.00948   
0.00001   0.00002   0.00000      0.00002       2130.38831   
0.00001   0.00002   0.00000      0.00002       2352.89697   
0.00001   0.00002   0.00000      0.00002       2245.26008   
0.00001   0.00002   0.00000      0.00002       2139.31876   
0.00001   0.00002   0.00000      0.00002       1830.87017   
0.00001   0.00002   0.00000      0.00002       2035.13534   
0.00001   0.00002   0.00000      0.00002       1734.58695   
0.00001   0.00002   0.00000      0.00002       1932.77245   
0.00001   0.00002   0.00000      0.00002       2140.85676   
0.00001   0.00002   0.00000      0.00002       1832.29300   
0.00001   0.00002   0.00000      0.00002       2034.23978   
0.00001   0.00002   0.00000      0.00002       2586.24071   
0.00001   0.00002   0.00000      0.00002       2823.30190   
0.00001   0.00002   0.00000      0.00002       2823.30190   
0.00001   0.00002   0.00000      0.00002       3069.78497   
0.00001   0.00002   0.00000      0.00002       2697.92343   
0.00001   0.00002   0.00000      0.00002       3325.57275   
0.00001   0.00002   0.00000      0.00002       3187.40271   
0.00001   0.00002   0.00000      0.00002       2808.25654   
0.00001   0.00002   0.00000      0.00002       3445.89993   
0.00001   0.00002   0.00000      0.00002       3303.22598   
0.00001   0.00002   0.00000      0.00002       2784.97234   
0.00001   0.00002   0.00000      0.00002       2784.97234   
0.00001   0.00002   0.00000      0.00002       3417.06084   
0.00001   0.00002   0.00000      0.00002       2655.07585   
0.00001   0.00002   0.00000      0.00002       2887.71792   
0.00001   0.00002   0.00000      0.00002       3129.16537   
0.00001   0.00002   0.00000      0.00002       2988.55779   
0.00001   0.00002   0.00000      0.00002       2988.55779   
0.00001   0.00002   0.00000      0.00002       2850.26705   
0.00001   0.00002   0.00000      0.00002       2850.26705   
0.00001   0.00002   0.00000      0.00002       2492.38488   
0.00001   0.00002   0.00000      0.00002       2365.40486   
0.00001   0.00002   0.00000      0.00002       2580.90769   
0.00001   0.00002   0.00000      0.00002       2804.90230   
0.00001   0.00002   0.00000      0.00002       2119.04861   
0.00001   0.00002   0.00000      0.00002       2321.63282   
0.00001   0.00002   0.00000      0.00002       2195.94856   
0.00001   0.00002   0.00000      0.00002       2400.43355   
0.00001   0.00002   0.00000      0.00002       2613.15766   
0.00001   0.00002   0.00000      0.00002       1952.83127   
0.00001   0.00002   0.00000      0.00002       2144.36304   
0.00001   0.00002   0.00000      0.00002       2344.04000   
0.00001   0.00002   0.00000      0.00002       1721.17810   
0.00001   0.00002   0.00000      0.00002       1721.17810   
0.00001   0.00002   0.00000      0.00002       1899.80247   
0.00001   0.00002   0.00000      0.00002       1609.82479   
0.00001   0.00002   0.00000      0.00002       1501.54700   
0.00001   0.00002   0.00000      0.00002       1667.31252   
0.00001   0.00002   0.00000      0.00002       1841.04103   
0.00001   0.00002   0.00000      0.00002       1555.77016   
0.00001   0.00002   0.00000      0.00002       1723.04392   
0.00001   0.00002   0.00000      0.00002       1723.04392   
0.00001   0.00002   0.00000      0.00002       1898.13496   
0.00001   0.00002   0.00000      0.00002       2080.94267   
0.00001   0.00002   0.00000      0.00002       2080.94267   
0.00001   0.00002   0.00000      0.00002       2271.36715   
0.00001   0.00002   0.00000      0.00002       2469.30921   
0.00001   0.00002   0.00000      0.00002       2469.30921   
0.00001   0.00002   0.00000      0.00002       2674.67035   
0.00001   0.00002   0.00000      0.00002       2887.35279   
0.00001   0.00002   0.00000      0.00002       2527.07207   
0.00001   0.00002   0.00000      0.00002       3107.25942   
0.00001   0.00002   0.00000      0.00002       3107.25942   
0.00001   0.00002   0.00000      0.00002       2946.23621   
0.00001   0.00002   0.00000      0.00002       3166.49886   
0.00001   0.00002   0.00000      0.00002       3809.36379   
0.00001   0.00002   0.00000      0.00002       3002.14578   
0.00001   0.00002   0.00000      0.00002       3222.60905   
0.00001   0.00002   0.00000      0.00002       2841.30861   
0.00001   0.00002   0.00000      0.00002       3054.99743   
0.00001   0.00002   0.00000      0.00002       2890.99441   
0.00001   0.00002   0.00000      0.00002       2730.67466   
0.00001   0.00002   0.00000      0.00002       2937.62037   
0.00001   0.00002   0.00000      0.00002       2574.11301   
0.00001   0.00002   0.00000      0.00002       2421.38445   
0.00001   0.00002   0.00000      0.00002       2981.11869   
0.00001   0.00002   0.00000      0.00002       2814.88596   
0.00001   0.00002   0.00000      0.00002       2652.60199   
0.00001   0.00002   0.00000      0.00002       2307.77584   
0.00001   0.00002   0.00000      0.00002       2494.34266   
0.00001   0.00002   0.00000      0.00002       2340.18400   
0.00001   0.00002   0.00000      0.00002       2190.20219   
0.00001   0.00002   0.00000      0.00002       1877.96508   
0.00001   0.00002   0.00000      0.00002       2369.73821   
0.00001   0.00002   0.00000      0.00002       2044.47358   
0.00001   0.00002   0.00000      0.00002       2044.47358   
0.00001   0.00002   0.00000      0.00002       2044.47358   
0.00001   0.00002   0.00000      0.00002       1903.07463   
0.00001   0.00002   0.00000      0.00002       1766.08197   
0.00001   0.00002   0.00000      0.00002       2091.28397   
0.00001   0.00002   0.00000      0.00002       1651.89685   
0.00001   0.00002   0.00000      0.00002       1804.28941   
0.00001   0.00002   0.00000      0.00002       1522.00062   
0.00001   0.00002   0.00000      0.00002       1667.77923   
0.00001   0.00002   0.00000      0.00002       1819.56238   
0.00001   0.00002   0.00000      0.00002       1681.19431   
0.00001   0.00002   0.00000      0.00002       2473.37116   
0.00001   0.00002   0.00000      0.00002       1547.69019   
0.00001   0.00002   0.00000      0.00002       1989.11734   
0.00001   0.00002   0.00000      0.00002       2842.46455   
0.00001   0.00002   0.00000      0.00002       2665.66151   
0.00001   0.00002   0.00000      0.00002       2319.95807   
0.00001   0.00002   0.00000      0.00002       1849.81437   
0.00001   0.00002   0.00000      0.00002       2326.87243   
0.00001   0.00002   0.00000      0.00002       2673.07279   
0.00001   0.00002   0.00000      0.00002       2499.41469   
0.00001   0.00002   0.00000      0.00002       2677.34093   
0.00001   0.00002   0.00000      0.00002       3049.03409   
0.00001   0.00002   0.00000      0.00002       2676.47812   
0.00001   0.00002   0.00000      0.00002       2856.45602   
0.00001   0.00002   0.00000      0.00002       2498.17250   
0.00001   0.00002   0.00000      0.00002       2671.37591   
0.00001   0.00002   0.00000      0.00002       2157.90915   
0.00001   0.00002   0.00000      0.00002       2663.18788   
0.00001   0.00002   0.00000      0.00002       2149.16711   
0.00001   0.00002   0.00000      0.00002       2307.15992   
0.00001   0.00002   0.00000      0.00002       2137.69168   
0.00001   0.00002   0.00000      0.00002       1974.02916   
0.00001   0.00002   0.00000      0.00002       2123.51684   
0.00001   0.00002   0.00000      0.00002       1816.25393   
0.00001   0.00002   0.00000      0.00002       1959.10197   
0.00001   0.00002   0.00000      0.00002       1664.44761   
0.00001   0.00002   0.00000      0.00002       1518.69195   
0.00001   0.00002   0.00000      0.00002       1379.06875   
0.00001   0.00002   0.00000      0.00002       1502.18330   
0.00001   0.00002   0.00000      0.00002       1629.97074   
0.00001   0.00002   0.00000      0.00002       1118.54748   
0.00001   0.00002   0.00000      0.00002       790.96410    
0.00001   0.00002   0.00000      0.00002       790.96410    
0.00001   0.00002   0.00000      0.00002       883.54008    
0.00001   0.00002   0.00000      0.00002       980.78325    
0.00001   0.00002   0.00000      0.00002       1082.62526   
0.00001   0.00002   0.00000      0.00002       1439.89551   
0.00001   0.00002   0.00000      0.00002       1188.99822   
0.00001   0.00002   0.00000      0.00002       1561.61884   
0.00001   0.00002   0.00000      0.00002       1687.68905   
0.00001   0.00002   0.00000      0.00002       1415.06812   
0.00001   0.00002   0.00000      0.00002       1534.63185   
0.00001   0.00002   0.00000      0.00002       1658.46013   
0.00001   0.00002   0.00000      0.00002       1786.48760   
0.00001   0.00002   0.00000      0.00002       1786.48760   
0.00001   0.00002   0.00000      0.00002       1918.64940   
0.00001   0.00002   0.00000      0.00002       1627.17754   
0.00001   0.00002   0.00000      0.00002       1752.82019   
0.00001   0.00002   0.00000      0.00002       2195.11899   
0.00001   0.00002   0.00000      0.00002       2339.29948   
0.00001   0.00002   0.00000      0.00002       2153.82641   
0.00001   0.00002   0.00000      0.00002       1975.38506   
0.00001   0.00002   0.00000      0.00002       2110.32999   
0.00001   0.00002   0.00000      0.00002       1932.50087   
0.00001   0.00002   0.00000      0.00002       1639.93554   
0.00001   0.00002   0.00000      0.00002       1483.09651   
0.00001   0.00002   0.00000      0.00002       1887.64775   
0.00001   0.00002   0.00000      0.00002       2017.09281   
0.00001   0.00002   0.00000      0.00002       1840.92234   
0.00001   0.00002   0.00000      0.00002       1672.23160   
0.00001   0.00002   0.00000      0.00002       1792.42540   
0.00001   0.00002   0.00000      0.00002       1357.63001   
0.00001   0.00002   0.00000      0.00002       1465.07570   
0.00001   0.00002   0.00000      0.00002       1313.01752   
0.00001   0.00002   0.00000      0.00002       1168.81771   
0.00001   0.00002   0.00000      0.00002       1267.18919   
0.00001   0.00002   0.00000      0.00002       1124.68136   
0.00001   0.00002   0.00000      0.00002       1220.25854   
0.00001   0.00002   0.00000      0.00002       990.24116    
0.00001   0.00002   0.00000      0.00002       863.95432    
0.00001   0.00002   0.00000      0.00002       1033.67956   
0.00001   0.00002   0.00000      0.00002       987.05565    
0.00001   0.00002   0.00000      0.00002       1074.04534   
0.00001   0.00002   0.00000      0.00002       1164.24810   
0.00001   0.00002   0.00000      0.00002       1257.61038   
0.00001   0.00002   0.00000      0.00002       1354.07908   
0.00001   0.00002   0.00000      0.00002       1453.60151   
0.00001   0.00002   0.00000      0.00002       1661.59885   
0.00001   0.00002   0.00000      0.00002       1661.59885   
0.00001   0.00002   0.00000      0.00002       1769.97044   
0.00001   0.00002   0.00000      0.00002       1881.18913   
0.00001   0.00002   0.00000      0.00002       1995.20426   
0.00001   0.00002   0.00000      0.00002       1805.57223   
0.00001   0.00002   0.00000      0.00002       1624.87521   
0.00001   0.00002   0.00000      0.00002       1729.30981   
0.00001   0.00002   0.00000      0.00002       1551.53476   
0.00001   0.00002   0.00000      0.00002       1652.55447   
0.00001   0.00002   0.00000      0.00002       1477.86984   
0.00001   0.00002   0.00000      0.00002       1575.46213   
0.00001   0.00002   0.00000      0.00002       1675.64077   
0.00001   0.00002   0.00000      0.00002       1594.88307   
0.00001   0.00002   0.00000      0.00002       1694.06423   
0.00001   0.00002   0.00000      0.00002       1256.51587   
0.00001   0.00002   0.00000      0.00002       1101.80006   
0.00001   0.00002   0.00000      0.00002       1183.15657   
0.00001   0.00002   0.00000      0.00002       821.74439    
0.00001   0.00002   0.00000      0.00002       696.58070    
0.00001   0.00002   0.00000      0.00002       1038.08972   
0.00001   0.00002   0.00000      0.00002       895.62381    
0.00001   0.00002   0.00000      0.00002       763.31691    
0.00001   0.00002   0.00000      0.00002       641.25739    
0.00001   0.00002   0.00000      0.00002       529.53361    
0.00001   0.00002   0.00000      0.00002       762.97584    
0.00001   0.00002   0.00000      0.00002       827.25430    
0.00001   0.00002   0.00000      0.00002       476.71594    
0.00001   0.00002   0.00000      0.00002       527.50803    
0.00001   0.00002   0.00000      0.00002       580.56802    
0.00001   0.00002   0.00000      0.00002       822.55667    
0.00001   0.00002   0.00000      0.00002       887.75163    
0.00001   0.00002   0.00000      0.00002       955.04677    
0.00001   0.00002   0.00000      0.00002       1258.14732   
0.00001   0.00002   0.00000      0.00002       1024.40137   
0.00001   0.00002   0.00000      0.00002       1095.77507   
0.00001   0.00002   0.00000      0.00002       1169.12784   
0.00001   0.00002   0.00000      0.00002       1012.01837   
0.00001   0.00002   0.00000      0.00002       1081.74441   
0.00001   0.00002   0.00000      0.00002       1400.66543   
0.00001   0.00002   0.00000      0.00002       1226.86898   
0.00001   0.00002   0.00000      0.00002       1379.30010   
0.00001   0.00002   0.00000      0.00002       1205.60109   
0.00001   0.00002   0.00000      0.00002       1278.96366   
0.00001   0.00002   0.00000      0.00002       1111.10506   
0.00001   0.00002   0.00000      0.00002       1180.74056   
0.00001   0.00002   0.00000      0.00002       1252.06296   
0.00001   0.00002   0.00000      0.00002       1325.03591   
0.00001   0.00002   0.00000      0.00002       1152.42865   
0.00001   0.00002   0.00000      0.00002       1221.63583   
0.00001   0.00002   0.00000      0.00002       1055.35679   
0.00001   0.00002   0.00000      0.00002       842.28541    
0.00001   0.00002   0.00000      0.00002       900.87605    
0.00001   0.00002   0.00000      0.00002       758.28335    
0.00001   0.00002   0.00000      0.00002       813.24283    
0.00001   0.00002   0.00000      0.00002       869.77279    
0.00001   0.00002   0.00000      0.00002       927.83904    
0.00001   0.00002   0.00000      0.00002       553.76666    
0.00001   0.00002   0.00000      0.00002       599.99724    
0.00001   0.00002   0.00000      0.00002       647.77892    
0.00001   0.00002   0.00000      0.00002       526.15816    
0.00001   0.00002   0.00000      0.00002       287.46397    
0.00001   0.00002   0.00000      0.00002       456.15536    
0.00001   0.00002   0.00000      0.00002       496.88143    
0.00001   0.00002   0.00000      0.00002       390.21674    
0.00001   0.00002   0.00000      0.00002       582.70638    
0.00001   0.00002   0.00000      0.00002       627.74134    
0.00001   0.00002   0.00000      0.00002       674.14914    
0.00001   0.00002   0.00000      0.00002       920.04669    
0.00001   0.00002   0.00000      0.00002       721.89855    
0.00001   0.00002   0.00000      0.00002       770.95861    
0.00001   0.00002   0.00000      0.00002       821.29865    
0.00001   0.00002   0.00000      0.00002       872.88828    
0.00001   0.00002   0.00000      0.00002       1148.48988   
0.00001   0.00002   0.00000      0.00002       979.69616    
0.00001   0.00002   0.00000      0.00002       1034.85505   
0.00001   0.00002   0.00000      0.00002       1395.33361   
0.00001   0.00002   0.00000      0.00002       1207.00108   
0.00001   0.00002   0.00000      0.00002       1266.51048   
0.00001   0.00002   0.00000      0.00002       1327.03638   
0.00001   0.00002   0.00000      0.00002       1142.38341   
0.00001   0.00002   0.00000      0.00002       971.20340    
0.00001   0.00002   0.00000      0.00002       1315.46915   
0.00001   0.00002   0.00000      0.00002       1130.12967   
0.00001   0.00002   0.00000      0.00002       1185.00306   
0.00001   0.00002   0.00000      0.00002       1008.73704   
0.00001   0.00002   0.00000      0.00002       846.33031    
0.00001   0.00002   0.00000      0.00002       892.89768    
0.00001   0.00002   0.00000      0.00002       563.45643    
0.00001   0.00002   0.00000      0.00002       826.71822    
0.00001   0.00002   0.00000      0.00002       678.91255    
0.00001   0.00002   0.00000      0.00002       545.39282    
0.00001   0.00002   0.00000      0.00002       618.05189    
0.00001   0.00002   0.00000      0.00002       694.09059    
0.00001   0.00002   0.00000      0.00002       557.70268    
0.00001   0.00002   0.00000      0.00002       592.65374    
0.00001   0.00002   0.00000      0.00002       303.32672    
0.00001   0.00002   0.00000      0.00002       329.04359    
0.00001   0.00002   0.00000      0.00002       530.55846    
0.00001   0.00002   0.00000      0.00002       411.14407    
0.00001   0.00002   0.00000      0.00002       440.08467    
0.00001   0.00002   0.00000      0.00002       469.77465    
0.00001   0.00002   0.00000      0.00002       703.01124    
0.00001   0.00002   0.00000      0.00002       939.93526    
0.00001   0.00002   0.00000      0.00002       776.66946    
0.00001   0.00002   0.00000      0.00002       814.41480    
0.00001   0.00002   0.00000      0.00002       1110.51103   
0.00001   0.00002   0.00000      0.00002       931.06527    
0.00001   0.00002   0.00000      0.00002       1198.90958   
0.00001   0.00002   0.00000      0.00002       1011.47340   
0.00001   0.00002   0.00000      0.00002       1093.80798   
0.00001   0.00002   0.00000      0.00002       1135.64884   
0.00001   0.00002   0.00000      0.00002       990.53249    
0.00001   0.00002   0.00000      0.00002       1029.35504   
0.00001   0.00002   0.00000      0.00002       819.07359    
0.00001   0.00002   0.00000      0.00002       663.62687    
0.00001   0.00002   0.00000      0.00002       889.55587    
0.00001   0.00002   0.00000      0.00002       925.41093    
0.00001   0.00002   0.00000      0.00002       961.65118    
0.00001   0.00002   0.00000      0.00002       998.25880    
0.00001   0.00002   0.00000      0.00002       608.46239    
0.00001   0.00002   0.00000      0.00002       637.38942    
0.00001   0.00002   0.00000      0.00002       666.72060    
0.00001   0.00002   0.00000      0.00002       726.52635    
0.00001   0.00002   0.00000      0.00002       756.96687    
0.00001   0.00002   0.00000      0.00002       605.29118    
0.00001   0.00002   0.00000      0.00002       446.83891    
0.00001   0.00002   0.00000      0.00002       470.33335    
0.00001   0.00002   0.00000      0.00002       352.18350    
0.00001   0.00002   0.00000      0.00002       372.68013    
0.00001   0.00002   0.00000      0.00002       414.78918    
0.00001   0.00002   0.00000      0.00002       180.58443    
0.00001   0.00002   0.00000      0.00002       303.64344    
0.00001   0.00002   0.00000      0.00002       194.91695    
0.00001   0.00002   0.00000      0.00002       209.64982    
0.00001   0.00002   0.00000      0.00002       359.64305    
0.00001   0.00002   0.00000      0.00002       256.09659    
0.00001   0.00002   0.00000      0.00002       398.59916    
0.00001   0.00002   0.00000      0.00002       418.51962    
0.00001   0.00002   0.00000      0.00002       619.63284    
0.00001   0.00002   0.00000      0.00002       619.63284    
0.00001   0.00002   0.00000      0.00002       643.64768    
0.00001   0.00002   0.00000      0.00002       667.86132    
0.00001   0.00002   0.00000      0.00002       692.26011    
0.00001   0.00002   0.00000      0.00002       716.83058    
0.00001   0.00002   0.00000      0.00002       942.22545    
0.00001   0.00002   0.00000      0.00002       970.23774    
0.00001   0.00002   0.00000      0.00002       998.34820    
0.00001   0.00002   0.00000      0.00002       1026.54412   
0.00001   0.00002   0.00000      0.00002       1054.81302   
0.00001   0.00002   0.00000      0.00002       867.12757    
0.00001   0.00002   0.00000      0.00002       892.53796    
0.00001   0.00002   0.00000      0.00002       720.10236    
0.00001   0.00002   0.00000      0.00002       742.74182    
0.00001   0.00002   0.00000      0.00002       765.46192    
0.00001   0.00002   0.00000      0.00002       605.73616    
0.00001   0.00002   0.00000      0.00002       833.99106    
0.00001   0.00002   0.00000      0.00002       856.91957    
0.00001   0.00002   0.00000      0.00002       686.36366    
0.00001   0.00002   0.00000      0.00002       727.00362    
0.00001   0.00002   0.00000      0.00002       569.96437    
0.00001   0.00002   0.00000      0.00002       605.63259    
0.00001   0.00002   0.00000      0.00002       462.51550    
0.00001   0.00002   0.00000      0.00002       493.42747    
0.00001   0.00002   0.00000      0.00002       364.63911    
0.00001   0.00002   0.00000      0.00002       377.80422    
0.00001   0.00002   0.00000      0.00002       391.01568    
0.00001   0.00002   0.00000      0.00002       276.96359    
0.00001   0.00002   0.00000      0.00002       182.40168    
0.00001   0.00002   0.00000      0.00002       191.22486    
0.00001   0.00002   0.00000      0.00002       310.13341    
0.00001   0.00002   0.00000      0.00002       209.08906    
0.00001   0.00002   0.00000      0.00002       218.11282    
0.00001   0.00002   0.00000      0.00002       227.18642    
0.00001   0.00002   0.00000      0.00002       236.30162    
0.00001   0.00002   0.00000      0.00002       377.17761    
0.00001   0.00002   0.00000      0.00002       388.34738    
0.00001   0.00002   0.00000      0.00002       739.39428    
0.00001   0.00002   0.00000      0.00002       563.00393    
0.00001   0.00002   0.00000      0.00002       575.96742    
0.00001   0.00002   0.00000      0.00002       588.85516    
0.00001   0.00002   0.00000      0.00002       783.60044    
0.00001   0.00002   0.00000      0.00002       798.10234    
0.00001   0.00002   0.00000      0.00002       798.10234    
0.00001   0.00002   0.00000      0.00002       626.99505    
0.00001   0.00002   0.00000      0.00002       840.81501    
0.00001   0.00002   0.00000      0.00002       664.21141    
0.00001   0.00002   0.00000      0.00002       676.38216    
0.00001   0.00002   0.00000      0.00002       700.33560    
0.00001   0.00002   0.00000      0.00002       712.10676    
0.00001   0.00002   0.00000      0.00002       549.34888    
0.00001   0.00002   0.00000      0.00002       746.53178    
0.00001   0.00002   0.00000      0.00002       757.69301    
0.00001   0.00002   0.00000      0.00002       768.68887    
0.00001   0.00002   0.00000      0.00002       588.60278    
0.00001   0.00002   0.00000      0.00002       598.08052    
0.00001   0.00002   0.00000      0.00002       616.59897    
0.00001   0.00002   0.00000      0.00002       479.50480    
0.00001   0.00002   0.00000      0.00002       352.12208    
0.00001   0.00002   0.00000      0.00002       508.17908    
0.00001   0.00002   0.00000      0.00002       369.75627    
0.00001   0.00002   0.00000      0.00002       253.15638    
0.00001   0.00002   0.00000      0.00002       386.27078    
0.00001   0.00002   0.00000      0.00002       266.42486    
0.00001   0.00002   0.00000      0.00002       270.63653    
0.00001   0.00002   0.00000      0.00002       171.90100    
0.00001   0.00002   0.00000      0.00002       97.66092     
0.00001   0.00002   0.00000      0.00002       183.99696    
0.00001   0.00002   0.00000      0.00002       296.85712    
0.00001   0.00002   0.00000      0.00002       300.10567    
0.00001   0.00002   0.00000      0.00002       596.67693    
0.00001   0.00002   0.00000      0.00002       442.85327    
0.00001   0.00002   0.00000      0.00002       608.00940    
0.00001   0.00002   0.00000      0.00002       794.69978    
0.00001   0.00002   0.00000      0.00002       798.32588    
0.00001   0.00002   0.00000      0.00002       801.72106    
0.00001   0.00002   0.00000      0.00002       804.88424    
0.00001   0.00002   0.00000      0.00002       1019.75306   
0.00001   0.00002   0.00000      0.00002       1022.51408   
0.00001   0.00002   0.00000      0.00002       817.18953    
0.00001   0.00002   0.00000      0.00002       818.94386    
0.00001   0.00002   0.00000      0.00002       1030.91094   
0.00001   0.00002   0.00000      0.00002       821.74241    
0.00001   0.00002   0.00000      0.00002       822.78628    
0.00001   0.00002   0.00000      0.00002       636.76539    
0.00001   0.00002   0.00000      0.00002       637.55947    
0.00001   0.00002   0.00000      0.00002       474.62275    
0.00001   0.00002   0.00000      0.00002       474.69609    
0.00001   0.00002   0.00000      0.00002       474.59029    
0.00001   0.00002   0.00000      0.00002       335.41943    
0.00001   0.00002   0.00000      0.00002       220.21756    
0.00001   0.00002   0.00000      0.00002       333.80431    
0.00001   0.00002   0.00000      0.00002       332.96897    
0.00001   0.00002   0.00000      0.00002       127.51584    
0.00001   0.00002   0.00000      0.00002       215.80589    
0.00001   0.00002   0.00000      0.00002       59.64515     
0.00001   0.00002   0.00000      0.00002       58.25831     
0.00001   0.00002   0.00000      0.00002       16.50145     
0.00001   0.00002   0.00000      0.00002       0.16680      
0.00001   0.00002   0.00000      0.00002       43.44131     
0.00001   0.00002   0.00000      0.00002       44.43821     
0.00001   0.00002   0.00000      0.00002       11.31926     
0.00001   0.00002   0.00000      0.00002       12.54979     
0.00001   0.00002   0.00000      0.00002       0.07421      
0.00001   0.00002   0.00000      0.00002       0.23242      
0.00001   0.00002   0.00000      0.00002       38.69767     
0.00001   0.00002   0.00000      0.00002       37.23687     
0.00001   0.00002   0.00000      0.00002       163.37002    
0.00001   0.00002   0.00000      0.00002       160.05812    
0.00001   0.00002   0.00000      0.00002       156.68302    
0.00001   0.00002   0.00000      0.00002       246.54031    
0.00001   0.00002   0.00000      0.00002       241.98624    
0.00001   0.00002   0.00000      0.00002       356.09431    
0.00001   0.00002   0.00000      0.00002       485.05391    
0.00001   0.00002   0.00000      0.00002       213.19151    
0.00001   0.00002   0.00000      0.00002       203.12626    
0.00001   0.00002   0.00000      0.00002       51.03547     
0.00001   0.00002   0.00000      0.00002       45.86400     
0.00001   0.00002   0.00000      0.00002       9.71392      
0.00001   0.00002   0.00000      0.00002       0.29446      
0.00001   0.00002   0.00000      0.00002       6.34874      
0.00001   0.00002   0.00000      0.00002       1.32471      
0.00001   0.00002   0.00000      0.00002       25.39511     
0.00001   0.00002   0.00000      0.00002       76.05946     
0.00001   0.00002   0.00000      0.00002       159.56703    
0.00001   0.00002   0.00000      0.00002       400.86927    
0.00001   0.00002   0.00000      0.00002       184.14098    
0.00001   0.00002   0.00000      0.00002       112.29320    
0.00001   0.00002   0.00000      0.00002       123.26879    
0.00001   0.00002   0.00000      0.00002       227.62371    
0.00001   0.00002   0.00000      0.00002       80.40797     
0.00001   0.00002   0.00000      0.00002       90.70507     
0.00001   0.00002   0.00000      0.00002       96.19275     
0.00001   0.00002   0.00000      0.00002       47.91772     
0.00001   0.00002   0.00000      0.00002       0.79017      
0.00001   0.00002   0.00000      0.00002       71.09219     
0.00001   0.00002   0.00000      0.00002       4.54627      
0.00001   0.00002   0.00000      0.00002       17.24730     
0.00001   0.00002   0.00000      0.00002       0.00100      
0.00001   0.00002   0.00000      0.00002       39.54568     
0.00001   0.00002   0.00000      0.00002       88.57966     
0.00001   0.00002   0.00000      0.00002       3.20771      
0.00001   0.00002   0.00000      0.00001       64.20374     
0.00001   0.00001   0.00000      0.00001       17.55723     
0.00001   0.00001   0.00000      0.00001       9.61026      
0.00001   0.00001   0.00000      0.00001       14.70285     
0.00001   0.00001   0.00000      0.00001       224.25065    
0.00001   0.00001   0.00000      0.00001       141.37740    
0.00001   0.00001   0.00000      0.00001       160.25590    
0.00001   0.00001   0.00000      0.00001       549.48941    
0.00001   0.00001   0.00000      0.00001       431.25650    
0.00001   0.00001   0.00000      0.00001       465.26653    
0.00001   0.00001   0.00000      0.00001       859.38162    
0.00001   0.00001   0.00000      0.00001       539.05611    
0.00001   0.00001   0.00000      0.00001       1187.07937   
0.00001   0.00001   0.00000      0.00001       830.43876    
0.00001   0.00001   0.00000      0.00001       518.33447    
0.00001   0.00001   0.00000      0.00001       1159.43616   
0.00001   0.00001   0.00000      0.00001       626.00353    
0.00001   0.00001   0.00000      0.00001       673.12224    
0.00001   0.00001   0.00000      0.00001       548.41586    
0.00001   0.00001   0.00000      0.00001       304.19064    
0.00001   0.00001   0.00000      0.00001       338.75157    
0.00001   0.00001   0.00000      0.00001       155.10859    
0.00001   0.00001   0.00000      0.00001       42.46330     
0.00001   0.00001   0.00000      0.00001       208.74322    
0.00001   0.00001   0.00000      0.00001       25.72507     
0.00001   0.00001   0.00000      0.00001       91.49646     
0.00001   0.00001   0.00000      0.00001       198.01186    
0.00001   0.00001   0.00000      0.00001       136.01658    
0.00001   0.00001   0.00000      0.00001       262.26443    
0.00001   0.00001   0.00000      0.00001       206.10088    
0.00001   0.00001   0.00000      0.00001       25.64036     
0.00001   0.00001   0.00000      0.00001       256.33775    
0.00001   0.00001   0.00000      0.00001       274.50952    
0.00001   0.00001   0.00000      0.00001       186.73666    
0.00001   0.00001   0.00000      0.00001       471.96203    
0.00001   0.00001   0.00000      0.00001       376.53363    
0.00001   0.00001   0.00000      0.00001       577.20026    
0.00001   0.00001   0.00000      0.00001       634.73233    
0.00001   0.00001   0.00000      0.00001       378.18736    
0.00001   0.00001   0.00000      0.00001       963.05320    
0.00001   0.00001   0.00000      0.00001       828.00730    
0.00001   0.00001   0.00000      0.00001       504.20892    
0.00001   0.00001   0.00000      0.00001       974.95634    
0.00001   0.00001   0.00000      0.00001       877.89148    
0.00001   0.00001   0.00000      0.00001       993.86967    
0.00001   0.00001   0.00000      0.00001       703.37665    
0.00001   0.00001   0.00000      0.00001       593.15362    
0.00001   0.00001   0.00000      0.00001       658.66011    
0.00001   0.00001   0.00000      0.00001       402.31505    
0.00001   0.00001   0.00000      0.00001       321.38691    
0.00001   0.00001   0.00000      0.00001       398.00100    
0.00001   0.00001   0.00000      0.00001       119.26721    
0.00001   0.00001   0.00000      0.00001       369.57265    
0.00001   0.00001   0.00000      0.00001       270.67325    
0.00001   0.00001   0.00000      0.00001       270.67325    
0.00001   0.00001   0.00000      0.00001       579.61884    
0.00001   0.00001   0.00000      0.00001       424.82044    
0.00001   0.00001   0.00000      0.00001       294.02205    
0.00001   0.00001   0.00000      0.00001       427.06827    
0.00001   0.00001   0.00000      0.00001       108.17282    
0.00001   0.00001   0.00000      0.00001       234.74957    
0.00001   0.00001   0.00000      0.00001       281.90026    
0.00001   0.00001   0.00000      0.00001       333.78267    
0.00001   0.00001   0.00000      0.00001       420.69839    
0.00001   0.00001   0.00000      0.00001       373.01866    
0.00001   0.00001   0.00000      0.00001       357.65441    
0.00001   0.00001   0.00000      0.00001       750.10067    
0.00001   0.00001   0.00000      0.00001       649.38899    
0.00001   0.00001   0.00000      0.00001       633.58320    
0.00001   0.00001   0.00000      0.00001       620.18817    
0.00001   0.00001   0.00000      0.00001       531.50484    
0.00001   0.00001   0.00000      0.00001       485.46743    
0.00001   0.00001   0.00000      0.00001       408.51060    
0.00001   0.00001   0.00000      0.00001       338.59344    
0.00001   0.00001   0.00000      0.00001       593.67774    
0.00001   0.00001   0.00000      0.00001       108.51331    
0.00001   0.00001   0.00000      0.00001       146.87418    
0.00001   0.00001   0.00000      0.00001       242.83822    
0.00001   0.00001   0.00000      0.00001       90.44385     
0.00001   0.00001   0.00000      0.00001       396.10960    
0.00001   0.00001   0.00000      0.00001       215.87302    
0.00001   0.00001   0.00000      0.00001       167.89795    
0.00001   0.00001   0.00000      0.00001       298.94981    
0.00001   0.00001   0.00000      0.00001       298.94981    
0.00001   0.00001   0.00000      0.00001       146.57924    
0.00001   0.00001   0.00000      0.00001       300.21623    
0.00001   0.00001   0.00000      0.00001       217.39881    
0.00001   0.00001   0.00000      0.00001       302.95871    
0.00001   0.00001   0.00000      0.00001       368.37316    
0.00001   0.00001   0.00000      0.00001       307.18823    
0.00001   0.00001   0.00000      0.00001       519.80307    
0.00001   0.00001   0.00000      0.00001       346.07132    
0.00001   0.00001   0.00000      0.00001       320.20463    
0.00001   0.00001   0.00000      0.00001       296.14253    
0.00001   0.00001   0.00000      0.00001       243.67152    
0.00001   0.00001   0.00000      0.00001       339.55962    
0.00001   0.00001   0.00000      0.00001       163.35703    
0.00001   0.00001   0.00000      0.00001       135.30411    
0.00001   0.00001   0.00000      0.00001       170.37927    
0.00001   0.00001   0.00000      0.00001       241.27573    
0.00001   0.00001   0.00000      0.00001       327.68507    
0.00001   0.00001   0.00000      0.00001       312.85207    
0.00001   0.00001   0.00000      0.00001       47.64865     
0.00001   0.00001   0.00000      0.00001       80.32921     
0.00001   0.00001   0.00000      0.00001       99.92429     
0.00001   0.00001   0.00000      0.00001       26.44393     
0.00001   0.00001   0.00000      0.00001       171.90777    
0.00001   0.00001   0.00000      0.00001       137.73487    
0.00001   0.00001   0.00000      0.00001       86.86130     
0.00001   0.00001   0.00000      0.00001       191.39141    
0.00001   0.00001   0.00000      0.00001       81.25514     
0.00001   0.00001   0.00000      0.00001       213.03545    
0.00001   0.00001   0.00000      0.00001       175.79058    
0.00001   0.00001   0.00000      0.00001       237.00757    
0.00001   0.00001   0.00000      0.00001       441.21189    
0.00001   0.00001   0.00000      0.00001       346.60843    
0.00001   0.00001   0.00000      0.00001       338.44426    
0.00001   0.00001   0.00000      0.00001       517.75912    
0.00001   0.00001   0.00000      0.00001       461.51620    
0.00000   0.00001   0.00000      0.00001       560.97534    
0.00000   0.00001   0.00000      0.00001       798.25948    
0.00000   0.00001   0.00000      0.00001       503.19729    
0.00000   0.00001   0.00000      0.00001       928.38104    
0.00000   0.00001   0.00000      0.00001       548.40723    
0.00000   0.00001   0.00000      0.00001       543.62129    
0.00000   0.00001   0.00000      0.00001       842.87668    
0.00000   0.00001   0.00000      0.00001       712.77935    
0.00000   0.00001   0.00000      0.00001       650.25122    
0.00000   0.00001   0.00000      0.00001       771.46657    
0.00000   0.00001   0.00000      0.00001       589.36880    
0.00000   0.00001   0.00000      0.00001       768.78674    
0.00000   0.00001   0.00000      0.00001       385.96381    
0.00000   0.00001   0.00000      0.00001       262.48525    
0.00000   0.00001   0.00000      0.00001       263.76841    
0.00000   0.00001   0.00000      0.00001       135.94607    
0.00000   0.00001   0.00000      0.00001       137.64709    
0.00000   0.00001   0.00000      0.00001       233.75091    
0.00000   0.00001   0.00000      0.00001       142.49235    
0.00000   0.00001   0.00000      0.00001       172.48830    
0.00000   0.00001   0.00000      0.00001       205.40969    
0.00000   0.00001   0.00000      0.00001       96.19127     
0.00000   0.00001   0.00000      0.00001       366.66058    
0.00000   0.00001   0.00000      0.00001       373.23056    
0.00000   0.00001   0.00000      0.00001       190.53665    
0.00000   0.00001   0.00000      0.00001       595.92858    
0.00000   0.00001   0.00000      0.00001       350.22716    
0.00000   0.00001   0.00000      0.00001       548.09820    
0.00000   0.00001   0.00000      0.00001       502.64928    
0.00000   0.00001   0.00000      0.00001       369.26165    
0.00000   0.00001   0.00000      0.00001       527.14802    
0.00000   0.00001   0.00000      0.00001       484.07867    
0.00000   0.00001   0.00000      0.00001       404.45459    
0.00000   0.00001   0.00000      0.00001       571.73739    
0.00000   0.00001   0.00000      0.00001       432.70070    
0.00000   0.00001   0.00000      0.00001       607.06402    
0.00000   0.00001   0.00000      0.00001       671.94252    
0.00000   0.00001   0.00000      0.00001       563.72958    
0.00000   0.00001   0.00000      0.00001       887.06958    
0.00000   0.00001   0.00000      0.00001       482.95362    
0.00000   0.00001   0.00000      0.00001       445.42332    
0.00000   0.00001   0.00000      0.00001       625.48589    
0.00000   0.00001   0.00000      0.00001       428.27245    
0.00000   0.00001   0.00000      0.00001       313.34378    
0.00000   0.00001   0.00000      0.00001       126.83894    
0.00000   0.00001   0.00000      0.00001       38.05328     
0.00000   0.00001   0.00000      0.00001       151.14655    
0.00000   0.00001   0.00000      0.00001       87.85011     
0.00000   0.00001   0.00000      0.00001       73.78592     
0.00000   0.00001   0.00000      0.00001       284.31363    
0.00000   0.00001   0.00000      0.00001       195.32224    
0.00000   0.00001   0.00000      0.00001       212.33399    
0.00000   0.00001   0.00000      0.00001       230.58911    
0.00000   0.00001   0.00000      0.00001       152.57260    
0.00000   0.00001   0.00000      0.00001       397.14990    
0.00000   0.00001   0.00000      0.00001       369.24776    
0.00000   0.00001   0.00000      0.00001       226.40042    
0.00000   0.00001   0.00000      0.00001       612.14033    
0.00000   0.00001   0.00000      0.00001       318.09137    
0.00000   0.00001   0.00000      0.00001       344.61649    
0.00000   0.00001   0.00000      0.00001       616.65957    
0.00000   0.00001   0.00000      0.00001       372.86056    
0.00000   0.00001   0.00000      0.00001       729.02676    
0.00000   0.00001   0.00000      0.00001       434.80020    
0.00000   0.00001   0.00000      0.00001       384.47456    
0.00000   0.00001   0.00000      0.00001       913.20898    
0.00000   0.00001   0.00000      0.00001       654.23616    
0.00000   0.00001   0.00000      0.00001       625.02278    
0.00000   0.00001   0.00000      0.00001       569.64425    
0.00000   0.00001   0.00000      0.00001       372.45145    
0.00000   0.00001   0.00000      0.00001       263.33198    
0.00000   0.00001   0.00000      0.00001       295.06593    
0.00000   0.00001   0.00000      0.00001       137.45741    
0.00000   0.00001   0.00000      0.00001       261.13823    
0.00000   0.00001   0.00000      0.00001       148.77923    
0.00000   0.00001   0.00000      0.00001       137.04102    
0.00000   0.00001   0.00000      0.00001       215.69567    
0.00000   0.00001   0.00000      0.00001       115.46734    
0.00000   0.00001   0.00000      0.00001       188.78253    
0.00000   0.00001   0.00000      0.00001       232.24459    
0.00000   0.00001   0.00000      0.00001       128.05519    
0.00000   0.00001   0.00000      0.00001       54.75587     
0.00000   0.00001   0.00000      0.00001       108.54471    
0.00000   0.00001   0.00000      0.00001       91.17694     
0.00000   0.00001   0.00000      0.00001       148.12465    
0.00000   0.00001   0.00000      0.00001       187.59356    
0.00000   0.00001   0.00000      0.00001       187.59356    
0.00000   0.00001   0.00000      0.00001       231.77116    
0.00000   0.00001   0.00000      0.00001       523.83829    
0.00000   0.00001   0.00000      0.00001       843.84579    
0.00000   0.00001   0.00000      0.00001       560.05336    
0.00000   0.00001   0.00000      0.00001       321.02535    
0.00000   0.00001   0.00000      0.00001       494.03405    
0.00000   0.00001   0.00000      0.00001       464.31253    
0.00000   0.00001   0.00000      0.00001       609.22828    
0.00000   0.00001   0.00000      0.00001       593.39701    
0.00000   0.00001   0.00000      0.00001       504.84593    
0.00000   0.00001   0.00000      0.00001       845.88614    
0.00000   0.00001   0.00000      0.00001       464.40336    
0.00000   0.00001   0.00000      0.00001       306.47153    
0.00000   0.00001   0.00000      0.00001       496.61990    
0.00000   0.00001   0.00000      0.00001       406.02542    
0.00000   0.00001   0.00000      0.00001       325.07300    
0.00000   0.00001   0.00000      0.00001       155.25002    
0.00000   0.00001   0.00000      0.00001       149.30062    
0.00000   0.00001   0.00000      0.00001       143.62140    
0.00000   0.00001   0.00000      0.00001       98.25169     
0.00000   0.00001   0.00000      0.00001       38.80588     
0.00000   0.00001   0.00000      0.00001       173.12348    
0.00000   0.00001   0.00000      0.00001       128.11175    
0.00000   0.00001   0.00000      0.00001       162.29228    
0.00000   0.00001   0.00000      0.00001       114.71050    
0.00000   0.00001   0.00000      0.00001       152.43582    
0.00000   0.00001   0.00000      0.00001       371.51381    
0.00000   0.00001   0.00000      0.00001       304.44521    
0.00000   0.00001   0.00000      0.00001       238.48271    
0.00000   0.00001   0.00000      0.00001       408.63194    
0.00000   0.00001   0.00000      0.00001       270.24299    
0.00000   0.00001   0.00000      0.00001       260.89923    
0.00000   0.00001   0.00000      0.00001       374.59433    
0.00000   0.00001   0.00000      0.00001       308.37878    
0.00000   0.00001   0.00000      0.00001       515.14150    
0.00000   0.00001   0.00000      0.00001       678.34904    
0.00000   0.00001   0.00000      0.00001       500.32427    
0.00000   0.00001   0.00000      0.00001       569.66852    
0.00000   0.00001   0.00000      0.00001       344.11498    
0.00000   0.00001   0.00000      0.00001       409.85922    
0.00000   0.00001   0.00000      0.00001       642.00945    
0.00000   0.00001   0.00000      0.00001       471.22201    
0.00000   0.00001   0.00000      0.00001       815.37486    
0.00000   0.00001   0.00000      0.00001       626.66089    
0.00000   0.00001   0.00000      0.00001       392.41082    
0.00000   0.00001   0.00000      0.00001       809.69261    
0.00000   0.00001   0.00000      0.00001       624.60160    
0.00000   0.00001   0.00000      0.00001       213.86012    
0.00000   0.00001   0.00000      0.00001       269.57503    
0.00000   0.00001   0.00000      0.00001       169.79754    
0.00000   0.00001   0.00000      0.00001       129.28988    
0.00000   0.00001   0.00000      0.00001       64.35781     
0.00000   0.00001   0.00000      0.00001       1.34688      
0.00000   0.00001   0.00000      0.00001       98.62500     
0.00000   0.00001   0.00000      0.00001       100.23037    
0.00000   0.00001   0.00000      0.00001       44.00355     
0.00000   0.00001   0.00000      0.00001       293.00954    
0.00000   0.00001   0.00000      0.00001       145.66979    
0.00000   0.00001   0.00000      0.00001       248.07072    
0.00000   0.00001   0.00000      0.00001       115.15911    
0.00000   0.00001   0.00000      0.00001       82.10110     
0.00000   0.00001   0.00000      0.00001       259.75396    
0.00000   0.00001   0.00000      0.00001       325.83130    
0.00000   0.00001   0.00000      0.00001       174.72631    
0.00000   0.00001   0.00000      0.00001       418.69723    
0.00000   0.00001   0.00000      0.00001       300.50600    
0.00000   0.00001   0.00000      0.00001       373.80872    
0.00000   0.00001   0.00000      0.00001       463.88258    
0.00000   0.00001   0.00000      0.00001       490.53340    
0.00000   0.00001   0.00000      0.00001       678.35617    
0.00000   0.00001   0.00000      0.00001       530.63027    
0.00000   0.00001   0.00000      0.00001       541.51158    
0.00000   0.00001   0.00000      0.00001       727.63542    
0.00000   0.00001   0.00000      0.00001       643.36959    
0.00000   0.00001   0.00000      0.00001       669.04950    
0.00000   0.00001   0.00000      0.00001       454.77937    
0.00000   0.00001   0.00000      0.00001       338.89944    
0.00000   0.00001   0.00000      0.00001       360.14534    
0.00000   0.00001   0.00000      0.00001       122.24117    
0.00000   0.00001   0.00000      0.00001       72.60459     
0.00000   0.00001   0.00000      0.00001       129.81354    
0.00000   0.00001   0.00000      0.00001       68.33736     
0.00000   0.00001   0.00000      0.00001       74.11129     
0.00000   0.00001   0.00000      0.00001       154.25670    
0.00000   0.00001   0.00000      0.00001       163.12624    
0.00000   0.00001   0.00000      0.00001       275.33469    
0.00000   0.00001   0.00000      0.00001       237.34305    
0.00000   0.00001   0.00000      0.00001       202.48530    
0.00000   0.00001   0.00000      0.00001       224.63998    
0.00000   0.00001   0.00000      0.00001       151.33075    
0.00000   0.00001   0.00000      0.00001       225.99696    
0.00000   0.00001   0.00000      0.00001       316.65786    
0.00000   0.00001   0.00000      0.00001       230.31336    
0.00000   0.00001   0.00000      0.00001       323.69721    
0.00000   0.00001   0.00000      0.00001       286.41692    
0.00000   0.00001   0.00000      0.00001       286.41692    
0.00000   0.00001   0.00000      0.00001       519.61052    
0.00000   0.00001   0.00000      0.00001       409.95288    
0.00000   0.00001   0.00000      0.00001       584.51032    
0.00000   0.00001   0.00000      0.00001       607.45391    
0.00000   0.00001   0.00000      0.00001       312.15018    
0.00000   0.00001   0.00000      0.00001       330.54318    
0.00000   0.00001   0.00000      0.00001       203.69379    
0.00000   0.00001   0.00000      0.00001       153.52499    
0.00000   0.00001   0.00000      0.00001       111.29437    
0.00000   0.00001   0.00000      0.00001       123.20283    
0.00000   0.00001   0.00000      0.00001       93.01327     
0.00000   0.00001   0.00000      0.00001       27.93158     
0.00000   0.00001   0.00000      0.00001       128.32516    
0.00000   0.00001   0.00000      0.00001       522.81305    
0.00000   0.00001   0.00000      0.00001       227.25622    
0.00000   0.00001   0.00000      0.00001       53.21493     
0.00000   0.00001   0.00000      0.00001       179.05081    
0.00000   0.00001   0.00000      0.00001       110.57954    
0.00000   0.00001   0.00000      0.00001       123.62873    
0.00000   0.00001   0.00000      0.00001       296.80110    
0.00000   0.00001   0.00000      0.00001       224.88719    
0.00000   0.00001   0.00000      0.00001       263.93132    
0.00000   0.00001   0.00000      0.00001       284.84285    
0.00000   0.00001   0.00000      0.00001       125.99187    
0.00000   0.00001   0.00000      0.00001       302.36462    
0.00000   0.00001   0.00000      0.00001       349.46715    
0.00000   0.00001   0.00000      0.00001       374.54291    
0.00000   0.00001   0.00000      0.00001       487.60150    
0.00000   0.00001   0.00000      0.00001       517.62321    
0.00000   0.00001   0.00000      0.00001       485.39237    
0.00000   0.00001   0.00000      0.00001       515.82401    
0.00000   0.00001   0.00000      0.00001       397.28381    
0.00000   0.00001   0.00000      0.00001       797.57350    
0.00000   0.00001   0.00000      0.00001       515.78626    
0.00000   0.00001   0.00000      0.00001       485.67716    
0.00000   0.00001   0.00000      0.00001       550.59632    
0.00000   0.00001   0.00000      0.00001       729.17853    
0.00000   0.00001   0.00000      0.00001       558.80878    
0.00000   0.00001   0.00000      0.00001       564.74876    
0.00000   0.00001   0.00000      0.00001       571.92641    
0.00000   0.00001   0.00000      0.00001       717.63134    
0.00000   0.00001   0.00000      0.00001       371.67982    
0.00000   0.00001   0.00000      0.00001       301.47377    
0.00000   0.00001   0.00000      0.00001       443.20796    
0.00000   0.00001   0.00000      0.00001       119.03425    
0.00000   0.00001   0.00000      0.00001       81.89461     
0.00000   0.00001   0.00000      0.00001       143.86609    
0.00000   0.00001   0.00000      0.00001       64.31781     
0.00000   0.00001   0.00000      0.00001       208.69561    
0.00000   0.00001   0.00000      0.00001       84.12659     
0.00000   0.00001   0.00000      0.00001       15.31333     
0.00000   0.00001   0.00000      0.00001       82.12071     
0.00000   0.00001   0.00000      0.00001       74.02143     
0.00000   0.00001   0.00000      0.00001       106.39905    
0.00000   0.00001   0.00000      0.00001       144.99958    
0.00000   0.00001   0.00000      0.00001       134.89378    
0.00000   0.00001   0.00000      0.00001       125.34246    
0.00000   0.00001   0.00000      0.00001       191.75506    
0.00000   0.00001   0.00000      0.00001       110.40503    
0.00000   0.00001   0.00000      0.00001       370.63126    
0.00000   0.00001   0.00000      0.00001       278.93363    
0.00000   0.00001   0.00000      0.00001       267.21024    
0.00000   0.00001   0.00000      0.00001       378.85349    
0.00000   0.00001   0.00000      0.00001       245.29047    
0.00000   0.00001   0.00000      0.00001       307.39888    
0.00000   0.00001   0.00000      0.00001       467.59721    
0.00000   0.00001   0.00000      0.00001       402.54075    
0.00000   0.00001   0.00000      0.00001       342.88581    
0.00000   0.00001   0.00000      0.00001       470.75949    
0.00000   0.00001   0.00000      0.00001       358.40381    
0.00000   0.00001   0.00000      0.00001       693.30848    
0.00000   0.00001   0.00000      0.00001       501.34485    
0.00000   0.00001   0.00000      0.00001       595.37441    
0.00000   0.00001   0.00000      0.00001       380.07611    
0.00000   0.00001   0.00000      0.00001       213.29469    
0.00000   0.00001   0.00000      0.00001       277.41082    
0.00000   0.00001   0.00000      0.00001       197.19396    
0.00000   0.00001   0.00000      0.00001       84.56974     
0.00000   0.00001   0.00000      0.00001       43.84265     
0.00000   0.00001   0.00000      0.00001       0.35695      
0.00000   0.00001   0.00000      0.00001       3.72149      
0.00000   0.00001   0.00000      0.00001       6.79239      
0.00000   0.00001   0.00000      0.00001       0.95419      
0.00000   0.00001   0.00000      0.00001       21.61985     
0.00000   0.00001   0.00000      0.00001       20.68601     
0.00000   0.00001   0.00000      0.00001       1.89899      
0.00000   0.00001   0.00000      0.00001       18.38752     
0.00000   0.00001   0.00000      0.00001       9.66316      
0.00000   0.00001   0.00000      0.00001       29.09498     
0.00000   0.00001   0.00000      0.00001       77.28180     
0.00000   0.00001   0.00000      0.00001       76.23479     
0.00000   0.00001   0.00000      0.00001       147.44997    
0.00000   0.00001   0.00000      0.00001       146.35469    
0.00000   0.00001   0.00000      0.00001       94.65554     
0.00000   0.00001   0.00000      0.00001       204.74008    
0.00000   0.00001   0.00000      0.00001       143.52292    
0.00000   0.00001   0.00000      0.00001       204.15843    
0.00000   0.00001   0.00000      0.00001       275.87013    
0.00000   0.00001   0.00000      0.00001       315.93394    
0.00000   0.00001   0.00000      0.00001       240.40765    
0.00000   0.00001   0.00000      0.00001       362.63207    
0.00000   0.00001   0.00000      0.00001       324.34256    
0.00000   0.00001   0.00000      0.00001       419.34840    
0.00000   0.00001   0.00000      0.00001       295.15629    
0.00000   0.00001   0.00000      0.00001       342.03745    
0.00000   0.00001   0.00000      0.00001       393.12252    
0.00000   0.00001   0.00000      0.00001       172.60682    
0.00000   0.00001   0.00000      0.00001       147.80535    
0.00000   0.00001   0.00000      0.00001       125.19330    
0.00000   0.00001   0.00000      0.00001       4.84342      
0.00000   0.00001   0.00000      0.00001       50.23190     
0.00000   0.00001   0.00000      0.00001       0.25496      
0.00000   0.00001   0.00000      0.00001       36.61792     
0.00000   0.00001   0.00000      0.00001       12.10581     
0.00000   0.00001   0.00000      0.00001       10.72460     
0.00000   0.00001   0.00000      0.00001       9.38721      
0.00000   0.00001   0.00000      0.00001       15.42270     
0.00000   0.00001   0.00000      0.00001       2.38127      
0.00000   0.00001   0.00000      0.00001       0.70832      
0.00000   0.00001   0.00000      0.00001       64.00268     
0.00000   0.00001   0.00000      0.00001       308.17357    
0.00000   0.00001   0.00000      0.00001       245.16718    
0.00000   0.00001   0.00000      0.00001       129.54096    
0.00000   0.00001   0.00000      0.00001       106.38509    
0.00000   0.00001   0.00000      0.00001       135.62794    
0.00000   0.00001   0.00000      0.00001       142.00509    
0.00000   0.00001   0.00000      0.00001       326.19046    
0.00000   0.00001   0.00000      0.00001       347.36041    
0.00000   0.00001   0.00000      0.00001       151.56564    
0.00000   0.00001   0.00000      0.00001       394.65731    
0.00000   0.00001   0.00000      0.00001       184.66094    
0.00000   0.00001   0.00000      0.00001       234.24618    
0.00000   0.00001   0.00000      0.00001       463.96812    
0.00000   0.00001   0.00000      0.00001       352.98928    
0.00000   0.00001   0.00000      0.00001       699.73704    
0.00000   0.00001   0.00000      0.00001       564.00419    
0.00000   0.00001   0.00000      0.00001       488.02167    
0.00000   0.00001   0.00000      0.00001       571.89107    
0.00000   0.00001   0.00000      0.00001       410.41316    
0.00000   0.00001   0.00000      0.00001       276.72376    
0.00000   0.00001   0.00000      0.00001       197.37932    
0.00000   0.00001   0.00000      0.00001       109.92050    
0.00000   0.00001   0.00000      0.00001       70.91766     
0.00000   0.00001   0.00000      0.00001       2.14215      
0.00000   0.00001   0.00000      0.00001       1.02297      
0.00000   0.00001   0.00000      0.00001       6.15233      
0.00000   0.00001   0.00000      0.00001       4.06043      
0.00000   0.00001   0.00000      0.00001       0.85659      
0.00000   0.00001   0.00000      0.00001       4.37048      
0.00000   0.00001   0.00000      0.00001       6.90142      
0.00000   0.00001   0.00000      0.00001       32.03969     
0.00000   0.00001   0.00000      0.00001       10.89301     
0.00000   0.00001   0.00000      0.00001       3.71698      
0.00000   0.00001   0.00000      0.00001       88.84110     
0.00000   0.00001   0.00000      0.00001       71.60315     
0.00000   0.00001   0.00000      0.00001       31.07402     
0.00000   0.00001   0.00000      0.00001       85.56869     
0.00000   0.00001   0.00000      0.00001       122.10880    
0.00000   0.00001   0.00000      0.00001       72.04091     
0.00000   0.00001   0.00000      0.00001       150.58712    
0.00000   0.00001   0.00000      0.00001       32.39164     
0.00000   0.00001   0.00000      0.00001       241.07502    
0.00000   0.00001   0.00000      0.00001       149.39125    
0.00000   0.00001   0.00000      0.00001       231.54384    
0.00000   0.00001   0.00000      0.00001       246.51896    
0.00000   0.00001   0.00000      0.00001       162.52912    
0.00000   0.00001   0.00000      0.00001       153.20016    
0.00000   0.00001   0.00000      0.00001       144.99929    
0.00000   0.00001   0.00000      0.00001       32.65437     
0.00000   0.00001   0.00000      0.00001       52.42676     
0.00000   0.00001   0.00000      0.00001       0.92746      
0.00000   0.00001   0.00000      0.00001       12.99732     
0.00000   0.00001   0.00000      0.00001       0.24286      
0.00000   0.00001   0.00000      0.00001       15.83640     
0.00000   0.00001   0.00000      0.00001       33.43897     
0.00000   0.00001   0.00000      0.00001       24.45398     
0.00000   0.00001   0.00000      0.00001       24.75825     
0.00000   0.00001   0.00000      0.00001       10.71993     
0.00000   0.00001   0.00000      0.00001       1.09001      
0.00000   0.00001   0.00000      0.00001       0.45999      
0.00000   0.00001   0.00000      0.00001       3.77166      
0.00000   0.00001   0.00000      0.00001       64.62875     
0.00000   0.00001   0.00000      0.00001       8.18290      
0.00000   0.00001   0.00000      0.00001       40.52341     
0.00000   0.00001   0.00000      0.00001       22.18921     
0.00000   0.00001   0.00000      0.00001       42.73804     
0.00000   0.00001   0.00000      0.00001       44.78014     
0.00000   0.00001   0.00000      0.00001       125.05936    
0.00000   0.00001   0.00000      0.00001       48.75796     
0.00000   0.00001   0.00000      0.00001       111.50245    
0.00000   0.00001   0.00000      0.00001       81.19959     
0.00000   0.00001   0.00000      0.00001       162.49231    
0.00000   0.00001   0.00000      0.00001       91.89290     
0.00000   0.00001   0.00000      0.00001       115.39753    
0.00000   0.00001   0.00000      0.00001       137.82476    
0.00000   0.00001   0.00000      0.00001       119.21685    
0.00000   0.00001   0.00000      0.00001       71.53431     
0.00000   0.00001   0.00000      0.00001       49.18161     
0.00000   0.00001   0.00000      0.00001       9.89357      
0.00000   0.00001   0.00000      0.00001       19.33695     
0.00000   0.00001   0.00000      0.00001       0.20236      
0.00000   0.00001   0.00000      0.00001       3.29909      
0.00000   0.00001   0.00000      0.00001       33.97954     
0.00000   0.00001   0.00000      0.00001       51.34336     
0.00000   0.00001   0.00000      0.00001       43.72106     
0.00000   0.00001   0.00000      0.00001       105.78835    
0.00000   0.00001   0.00000      0.00001       109.37100    
0.00000   0.00001   0.00000      0.00001       206.99758    
0.00000   0.00001   0.00000      0.00001       167.48731    
0.00000   0.00001   0.00000      0.00001       150.12966    
0.00000   0.00001   0.00000      0.00001       65.15191     
0.00000   0.00001   0.00000      0.00001       100.39177    
0.00000   0.00001   0.00000      0.00001       33.48329     
0.00000   0.00001   0.00000      0.00001       47.93811     
0.00000   0.00001   0.00000      0.00001       53.03263     
0.00000   0.00001   0.00000      0.00001       47.17989     
0.00000   0.00001   0.00000      0.00001       1.53788      
0.00000   0.00001   0.00000      0.00001       6.53903      
0.00000   0.00001   0.00000      0.00001       2.83143      
0.00000   0.00001   0.00000      0.00001       2.34989      
0.00000   0.00001   0.00000      0.00001       30.92480     
0.00000   0.00001   0.00000      0.00001       21.13121     
0.00000   0.00001   0.00000      0.00001       5.58108      
0.00000   0.00001   0.00000      0.00001       33.01729     
0.00000   0.00001   0.00000      0.00001       49.59778     
0.00000   0.00001   0.00000      0.00001       77.69421     
0.00000   0.00001   0.00000      0.00001       212.66677    
0.00000   0.00001   0.00000      0.00001       260.69782    
0.00000   0.00001   0.00000      0.00001       509.93570    
0.00000   0.00001   0.00000      0.00001       518.37020    
0.00000   0.00001   0.00000      0.00001       772.30569    
0.00000   0.00001   0.00000      0.00001       819.63548    
0.00000   0.00001   0.00000      0.00001       989.11474    
0.00000   0.00001   0.00000      0.00001       1416.56216   
0.00000   0.00001   0.00000      0.00001       1023.78196   
0.00000   0.00001   0.00000      0.00001       807.19491    
0.00000   0.00001   0.00000      0.00001       1237.80043   
0.00000   0.00001   0.00000      0.00001       951.96332    
0.00000   0.00001   0.00000      0.00001       1029.53791   
0.00000   0.00001   0.00000      0.00001       1065.00035   
0.00000   0.00001   0.00000      0.00001       688.61871    
0.00000   0.00001   0.00000      0.00001       954.30859    
0.00000   0.00001   0.00000      0.00001       846.29937    
0.00000   0.00001   0.00000      0.00001       788.33456    
0.00000   0.00001   0.00000      0.00001       1024.31354   
0.00000   0.00001   0.00000      0.00001       755.22013    
0.00000   0.00001   0.00000      0.00001       877.83645    
0.00000   0.00001   0.00000      0.00001       1424.09005   
0.00000   0.00001   0.00000      0.00001       1270.00641   
0.00000   0.00001   0.00000      0.00001       1457.53067   
0.00000   0.00001   0.00000      0.00001       1606.37337   
0.00000   0.00001   0.00000      0.00001       1365.05455   
0.00000   0.00001   0.00000      0.00001       2240.96482   
0.00000   0.00001   0.00000      0.00001       2063.43866   
0.00000   0.00001   0.00000      0.00001       1946.04696   
0.00000   0.00001   0.00000      0.00001       3028.10082   
0.00000   0.00001   0.00000      0.00001       2419.87413   
0.00000   0.00001   0.00000      0.00001       3480.08297   
0.00000   0.00001   0.00000      0.00001       3968.50765   
0.00000   0.00001   0.00000      0.00001       3799.43746   
0.00000   0.00001   0.00000      0.00001       4492.88401   
0.00000   0.00001   0.00000      0.00001       3830.61140   
0.00000   0.00001   0.00000      0.00001       3357.40487   
0.00000   0.00001   0.00000      0.00001       3589.11971   
0.00000   0.00001   0.00000      0.00001       3404.27268   
0.00000   0.00001   0.00000      0.00001       2832.40818   
0.00000   0.00001   0.00000      0.00001       3909.53653   
0.00000   0.00001   0.00000      0.00001       3091.58459   
0.00000   0.00001   0.00000      0.00001       5480.60421   
0.00000   0.00001   0.00000      0.00001       5992.70967   
0.00000   0.00001   0.00000      0.00001       6238.79070   
0.00000   0.00001   0.00000      0.00001       9459.15993   
0.00000   0.00001   0.00000      0.00001       9634.87150   
0.00000   0.00001   0.00000      0.00001       11606.84260  
0.00000   0.00001   0.00000      0.00001       14182.30380  
0.00000   0.00001   0.00000      0.00001       12385.86258  
0.00000   0.00001   0.00000      0.00001       15893.81783  
0.00000   0.00001   0.00000      0.00001       16872.81316  
0.00000   0.00001   0.00000      0.00001       16072.99270  
0.00000   0.00001   0.00000      0.00001       20025.92361  
0.00000   0.00001   0.00000      0.00001       19748.00902  
0.00000   0.00001   0.00000      0.00001       20665.86605  
0.00000   0.00001   0.00000      0.00001       24596.34548  
0.00000   0.00001   0.00000      0.00001       22395.72952  
0.00000   0.00001   0.00000      0.00001       24435.71337  
0.00000   0.00001   0.00000      0.00001       26561.68827  
0.00000   0.00001   0.00000      0.00001       25018.97862  
0.00000   0.00001   0.00000      0.00001       26990.57794  
0.00000   0.00001   0.00000      0.00001       27241.96323  
0.00000   0.00001   0.00000      0.00001       28543.31822  
0.00000   0.00001   0.00000      0.00001       34839.32293  
0.00000   0.00001   0.00000      0.00001       32738.20008  
0.00000   0.00001   0.00000      0.00001       35547.96433  
0.00000   0.00001   0.00000      0.00001       40096.67201  
0.00000   0.00001   0.00000      0.00001       40392.91156  
0.00000   0.00001   0.00000      0.00001       45797.59869  
0.00000   0.00001   0.00000      0.00001       44785.36351  
0.00000   0.00001   0.00000      0.00001       45213.26834  
0.00000   0.00001   0.00000      0.00001       48207.61311  
0.00000   0.00001   0.00000      0.00001       43752.09595  
0.00000   0.00001   0.00000      0.00001       46698.44072  
0.00000   0.00001   0.00000      0.00001       48207.61311  
0.00000   0.00001   0.00000      0.00001       43752.09595  
0.00000   0.00001   0.00000      0.00001       48207.61311  
0.00000   0.00001   0.00000      0.00001       46698.44072  
0.00000   0.00001   0.00000      0.00001       43752.09595  
0.00000   0.00001   0.00000      0.00001       49740.78550  
0.00000   0.00001   0.00000      0.00001       46698.44072  
0.00000   0.00001   0.00000      0.00001       45213.26834  
0.00000   0.00001   0.00000      0.00001       46698.44072  
0.00000   0.00001   0.00000      0.00001       45213.26834  
0.00000   0.00001   0.00000      0.00001       48207.61311  
0.00000   0.00001   0.00000      0.00001       46698.44072  
0.00000   0.00001   0.00000      0.00001       45213.26834  
0.00000   0.00001   0.00000      0.00001       51297.95788  
0.00000   0.00001   0.00000      0.00001       46698.44072  
0.00000   0.00001   0.00000      0.00001       48207.61311  
0.00000   0.00001   0.00000      0.00001       49740.78550  
0.00000   0.00001   0.00000      0.00001       46698.44072  
0.00000   0.00001   0.00000      0.00001       49740.78550  
0.00000   0.00001   0.00000      0.00001       48207.61311  
0.00000   0.00001   0.00000      0.00001       46698.44072  
0.00000   0.00001   0.00000      0.00001       51297.95788  
0.00000   0.00001   0.00000      0.00001       46698.44072  
0.00000   0.00001   0.00000      0.00001       46698.44072  
0.00000   0.00001   0.00000      0.00001       49740.78550  
0.00000   0.00001   0.00000      0.00001       46698.44072  
0.00000   0.00001   0.00000      0.00001       46698.44072  
0.00000   0.00001   0.00000      0.00001       46698.44072  
0.00000   0.00001   0.00000      0.00001       48207.61311  
0.00000   0.00001   0.00000      0.00001       46698.44072  
0.00000   0.00001   0.00000      0.00001       45213.26834  
0.00000   0.00001   0.00000      0.00001       45213.26834  
0.00000   0.00001   0.00000      0.00001       43752.09595  
0.00000   0.00001   0.00000      0.00001       42314.92356  
0.00000   0.00001   0.00000      0.00001       56113.47504  
0.00000   0.00001   0.00000      0.00001       49740.78550  
0.00000   0.00001   0.00000      0.00001       46698.44072  
0.00000   0.00001   0.00000      0.00001       49740.78550  
0.00000   0.00001   0.00000      0.00001       46698.44072  
0.00000   0.00001   0.00000      0.00001       43300.71878  
0.00000   0.00001   0.00000      0.00001       43014.18234  
0.00000   0.00001   0.00000      0.00001       37717.61409  
0.00000   0.00001   0.00000      0.00001       35879.82444  
0.00000   0.00001   0.00000      0.00001       32233.98792  
0.00000   0.00001   0.00000      0.00001       25770.49495  
0.00000   0.00001   0.00000      0.00001       27702.82999  
0.00000   0.00001   0.00000      0.00001       24937.93131  
0.00000   0.00001   0.00000      0.00001       22477.22095  
0.00000   0.00001   0.00000      0.00001       24853.18804  
0.00000   0.00001   0.00000      0.00001       21601.91307  
0.00000   0.00001   0.00000      0.00001       21515.87115  
0.00000   0.00001   0.00000      0.00001       21902.38771  
0.00000   0.00001   0.00000      0.00001       18997.14210  
0.00000   0.00001   0.00000      0.00001       20549.50361  
0.00000   0.00001   0.00000      0.00001       17784.75484  
0.00000   0.00001   0.00000      0.00001       14940.98596  
0.00000   0.00001   0.00000      0.00001       16300.44329  
0.00000   0.00001   0.00000      0.00001       12089.06097  
0.00000   0.00001   0.00000      0.00001       11755.81252  
0.00000   0.00001   0.00000      0.00001       11929.94636  
0.00000   0.00001   0.00000      0.00001       9350.33132   
0.00000   0.00001   0.00000      0.00001       11128.45971  
0.00000   0.00001   0.00000      0.00001       7900.11940   
0.00000   0.00001   0.00000      0.00001       5992.70967   
0.00000   0.00001   0.00000      0.00001       7617.89406   
0.00000   0.00001   0.00000      0.00001       5484.51726   
0.00000   0.00001   0.00000      0.00001       3767.18286   
0.00000   0.00001   0.00000      0.00001       3021.78396   
0.00000   0.00001   0.00000      0.00001       1876.29777   
0.00000   0.00001   0.00000      0.00001       1915.78912   
0.00000   0.00001   0.00000      0.00001       1478.11115   
0.00000   0.00001   0.00000      0.00001       809.03566    
0.00000   0.00001   0.00000      0.00001       1110.65307   
0.00000   0.00001   0.00000      0.00001       650.01803    
0.00000   0.00001   0.00000      0.00001       818.77237    
0.00000   0.00001   0.00000      0.00001       1193.13462   
0.00000   0.00001   0.00000      0.00001       717.54208    
0.00000   0.00001   0.00000      0.00001       1136.71331   
0.00000   0.00001   0.00000      0.00001       1178.48406   
0.00000   0.00001   0.00000      0.00001       819.54437    
0.00000   0.00001   0.00000      0.00001       1505.43312   
0.00000   0.00001   0.00000      0.00001       909.64649    
0.00000   0.00001   0.00000      0.00001       560.55428    
0.00000   0.00001   0.00000      0.00001       808.66397    
0.00000   0.00001   0.00000      0.00001       592.70989    
0.00000   0.00001   0.00000      0.00001       672.15678    
0.00000   0.00001   0.00000      0.00001       705.13296    
0.00000   0.00001   0.00000      0.00001       239.88253    
0.00000   0.00001   0.00000      0.00001       380.63418    
0.00000   0.00001   0.00000      0.00001       171.78551    
0.00000   0.00001   0.00000      0.00001       67.20104     
0.00000   0.00001   0.00000      0.00001       222.76531    
0.00000   0.00001   0.00000      0.00001       8.90566      
0.00000   0.00001   0.00000      0.00001       23.44994     
0.00000   0.00001   0.00000      0.00001       1.08272      
0.00000   0.00001   0.00000      0.00001       18.23288     
0.00000   0.00001   0.00000      0.00001       2.12410      
0.00000   0.00001   0.00000      0.00001       1.21271      
0.00000   0.00001   0.00000      0.00001       18.26820     
0.00000   0.00001   0.00000      0.00001       11.43434     
0.00000   0.00001   0.00000      0.00001       45.50578     
0.00000   0.00001   0.00000      0.00001       10.35585     
0.00000   0.00001   0.00000      0.00001       20.93440     
0.00000   0.00001   0.00000      0.00001       89.29907     
0.00000   0.00001   0.00000      0.00001       28.58446     
0.00000   0.00001   0.00000      0.00001       10.78457     
0.00000   0.00001   0.00000      0.00001       21.96919     
0.00000   0.00001   0.00000      0.00001       3.90998      
0.00000   0.00001   0.00000      0.00001       17.29703     
0.00000   0.00001   0.00000      0.00001       5.20199      
0.00000   0.00001   0.00000      0.00001       20.46091     
0.00000   0.00001   0.00000      0.00001       44.48535     
0.00000   0.00001   0.00000      0.00001       28.68106     
0.00000   0.00001   0.00000      0.00001       123.33074    
0.00000   0.00001   0.00000      0.00001       199.93631    
0.00000   0.00001   0.00000      0.00001       248.13148    
0.00000   0.00001   0.00000      0.00001       355.07194    
0.00000   0.00001   0.00000      0.00001       549.20084    
0.00000   0.00001   0.00000      0.00001       447.19964    
0.00000   0.00001   0.00000      0.00001       773.63990    
0.00000   0.00001   0.00000      0.00001       720.40733    
0.00000   0.00001   0.00000      0.00001       750.32063    
0.00000   0.00001   0.00000      0.00001       783.15940    
0.00000   0.00001   0.00000      0.00001       819.09079    
0.00000   0.00001   0.00000      0.00001       975.70991    
0.00000   0.00001   0.00000      0.00001       834.42834    
0.00000   0.00001   0.00000      0.00001       995.44530    
0.00000   0.00001   0.00000      0.00001       995.38042    
0.00000   0.00001   0.00000      0.00001       790.70828    
0.00000   0.00001   0.00000      0.00001       794.60868    
0.00000   0.00001   0.00000      0.00001       845.48798    
0.00000   0.00001   0.00000      0.00001       704.68524    
0.00000   0.00001   0.00000      0.00001       672.80975    
0.00000   0.00001   0.00000      0.00001       457.45105    
0.00000   0.00001   0.00000      0.00001       565.00779    
0.00000   0.00001   0.00000      0.00001       400.94983    
0.00000   0.00001   0.00000      0.00001       379.52478    
0.00000   0.00001   0.00000      0.00001       503.21126    
0.00000   0.00001   0.00000      0.00001       605.43455    
0.00000   0.00001   0.00000      0.00001       730.53962    
0.00000   0.00001   0.00000      0.00001       762.41507    
0.00000   0.00001   0.00000      0.00001       1041.84767   
0.00000   0.00001   0.00000      0.00001       1069.71560   
0.00000   0.00001   0.00000      0.00001       1542.78255   
0.00000   0.00001   0.00000      0.00001       1453.54379   
0.00000   0.00001   0.00000      0.00001       1929.33197   
0.00000   0.00001   0.00000      0.00001       1979.03056   
0.00000   0.00001   0.00000      0.00001       1957.99335   
0.00000   0.00001   0.00000      0.00001       2177.67315   
0.00000   0.00001   0.00000      0.00001       1851.00373   
0.00000   0.00001   0.00000      0.00001       1987.13783   
0.00000   0.00001   0.00000      0.00001       2464.67564   
0.00000   0.00001   0.00000      0.00001       1893.23290   
0.00000   0.00001   0.00000      0.00001       2123.53548   
0.00000   0.00001   0.00000      0.00001       2123.46748   
0.00000   0.00001   0.00000      0.00001       1745.35054   
0.00000   0.00001   0.00000      0.00001       1607.06571   
0.00000   0.00001   0.00000      0.00001       1754.09694   
0.00000   0.00001   0.00000      0.00001       1548.39684   
0.00000   0.00001   0.00000      0.00001       1695.63511   
0.00000   0.00001   0.00000      0.00001       1239.79914   
0.00000   0.00001   0.00000      0.00001       1367.85338   
0.00000   0.00001   0.00000      0.00001       1309.35281   
0.00000   0.00001   0.00000      0.00001       1190.24569   
0.00000   0.00001   0.00000      0.00001       1197.18657   
0.00000   0.00001   0.00000      0.00001       1091.32026   
0.00000   0.00001   0.00000      0.00001       1350.70392   
0.00000   0.00001   0.00000      0.00001       1360.96913   
0.00000   0.00001   0.00000      0.00001       1009.21434   
0.00000   0.00001   0.00000      0.00001       1509.23329   
0.00000   0.00001   0.00000      0.00001       1395.92368   
0.00000   0.00001   0.00000      0.00001       1549.15113   
0.00000   0.00001   0.00000      0.00001       1788.60857   
0.00000   0.00001   0.00000      0.00001       1965.37906   
0.00000   0.00001   0.00000      0.00001       2152.35491   
0.00000   0.00001   0.00000      0.00001       2260.91379   
0.00000   0.00001   0.00000      0.00001       2464.85767   
0.00000   0.00001   0.00000      0.00001       3050.38063   
0.00000   0.00001   0.00000      0.00001       2544.34784   
0.00000   0.00001   0.00000      0.00001       2669.06021   
0.00000   0.00001   0.00000      0.00001       2898.81169   
0.00000   0.00001   0.00000      0.00001       2764.14854   
0.00000   0.00001   0.00000      0.00001       2833.45119   
0.00000   0.00001   0.00000      0.00001       2805.63856   
0.00000   0.00001   0.00000      0.00001       2391.79432   
0.00000   0.00001   0.00000      0.00001       2427.67302   
0.00000   0.00001   0.00000      0.00001       2561.14220   
0.00000   0.00001   0.00000      0.00001       1892.00354   
0.00000   0.00001   0.00000      0.00001       2101.19731   
0.00000   0.00001   0.00000      0.00001       1784.85972   
0.00000   0.00001   0.00000      0.00001       2080.69280   
0.00000   0.00001   0.00000      0.00001       1771.03327   
0.00000   0.00001   0.00000      0.00001       1488.65621   
0.00000   0.00001   0.00000      0.00001       1604.83868   
0.00000   0.00001   0.00000      0.00001       1604.83868   
0.00000   0.00001   0.00000      0.00001       1097.74497   
0.00000   0.00001   0.00000      0.00001       1339.29182   
0.00000   0.00001   0.00000      0.00001       1198.90908   
0.00000   0.00001   0.00000      0.00001       1238.63854   
0.00000   0.00001   0.00000      0.00001       1357.76406   
0.00000   0.00001   0.00000      0.00001       1555.62778   
0.00000   0.00001   0.00000      0.00001       1719.41793   
0.00000   0.00001   0.00000      0.00001       2165.81292   
0.00000   0.00001   0.00000      0.00001       2090.18789   
0.00000   0.00001   0.00000      0.00001       2480.44095   
0.00000   0.00001   0.00000      0.00001       2543.78303   
0.00000   0.00001   0.00000      0.00001       2715.11224   
0.00000   0.00001   0.00000      0.00001       3005.94444   
0.00000   0.00001   0.00000      0.00001       3314.34428   
0.00000   0.00001   0.00000      0.00001       3516.25729   
0.00000   0.00001   0.00000      0.00001       3315.28866   
0.00000   0.00001   0.00000      0.00001       2747.01162   
0.00000   0.00001   0.00000      0.00001       3288.39406   
0.00000   0.00001   0.00000      0.00001       3340.78757   
0.00000   0.00001   0.00000      0.00001       2777.47548   
0.00000   0.00001   0.00000      0.00001       3005.71908   
0.00000   0.00001   0.00000      0.00001       2142.48240   
0.00000   0.00001   0.00000      0.00001       2319.31983   
0.00000   0.00001   0.00000      0.00001       2398.75337   
0.00000   0.00001   0.00000      0.00001       2027.59217   
0.00000   0.00001   0.00000      0.00001       2307.29875   
0.00000   0.00001   0.00000      0.00001       1853.57086   
0.00000   0.00001   0.00000      0.00001       1637.55567   
0.00000   0.00001   0.00000      0.00001       2107.75109   
0.00000   0.00001   0.00000      0.00001       1504.87913   
0.00000   0.00001   0.00000      0.00001       1407.41488   
0.00000   0.00001   0.00000      0.00001       1394.06583   
0.00000   0.00001   0.00000      0.00001       1369.02241   
0.00000   0.00001   0.00000      0.00001       1513.34957   
0.00000   0.00001   0.00000      0.00001       1760.96189   
0.00000   0.00001   0.00000      0.00001       1741.34668   
0.00000   0.00001   0.00000      0.00001       1924.07344   
0.00000   0.00001   0.00000      0.00001       1716.34751   
0.00000   0.00001   0.00000      0.00001       2440.14896   
0.00000   0.00001   0.00000      0.00001       2322.35426   
0.00000   0.00001   0.00000      0.00001       2096.34822   
0.00000   0.00001   0.00000      0.00001       2892.88868   
0.00000   0.00001   0.00000      0.00001       2642.50556   
0.00000   0.00001   0.00000      0.00001       2517.97757   
0.00000   0.00001   0.00000      0.00001       2874.05379   
0.00000   0.00001   0.00000      0.00001       2179.20904   
0.00000   0.00001   0.00000      0.00001       2071.06613   
0.00000   0.00001   0.00000      0.00001       2173.81678   
0.00000   0.00001   0.00000      0.00001       2067.67817   
0.00000   0.00001   0.00000      0.00001       2516.51703   
0.00000   0.00001   0.00000      0.00001       2299.70996   
0.00000   0.00001   0.00000      0.00001       2419.14413   
0.00000   0.00001   0.00000      0.00001       2205.54175   
0.00000   0.00001   0.00000      0.00001       2440.42993   
0.00000   0.00001   0.00000      0.00001       2930.78800   
0.00000   0.00001   0.00000      0.00001       2699.60971   
0.00000   0.00001   0.00000      0.00001       2157.07866   
0.00000   0.00001   0.00000      0.00001       2180.86858   
0.00000   0.00001   0.00000      0.00001       1790.71583   
0.00000   0.00001   0.00000      0.00001       1263.11148   
0.00000   0.00001   0.00000      0.00001       1616.94988   
0.00000   0.00001   0.00000      0.00001       1107.76555   
0.00000   0.00001   0.00000      0.00001       1189.62163   
0.00000   0.00001   0.00000      0.00001       1453.08236   
0.00000   0.00001   0.00000      0.00001       1575.07540   
0.00000   0.00001   0.00000      0.00001       1807.96961   
0.00000   0.00001   0.00000      0.00001       1844.63027   
0.00000   0.00001   0.00000      0.00001       1576.98253   
0.00000   0.00001   0.00000      0.00001       1993.07087   
0.00000   0.00001   0.00000      0.00001       2459.20860   
0.00000   0.00001   0.00000      0.00001       2738.35795   
0.00000   0.00001   0.00000      0.00001       3034.94405   
0.00000   0.00001   0.00000      0.00001       3098.21105   
0.00000   0.00001   0.00000      0.00001       3273.55375   
0.00000   0.00001   0.00000      0.00001       3455.41137   
0.00000   0.00001   0.00000      0.00001       3237.70591   
0.00000   0.00001   0.00000      0.00001       3421.96106   
0.00000   0.00001   0.00000      0.00001       2964.98594   
0.00000   0.00001   0.00000      0.00001       2904.43412   
0.00000   0.00001   0.00000      0.00001       3228.62683   
0.00000   0.00001   0.00000      0.00001       3317.07899   
0.00000   0.00001   0.00000      0.00001       3018.02603   
0.00000   0.00001   0.00000      0.00001       2828.49506   
0.00000   0.00001   0.00000      0.00001       2646.65813   
0.00000   0.00001   0.00000      0.00001       2828.85508   
0.00000   0.00001   0.00000      0.00001       2650.12482   
0.00000   0.00001   0.00000      0.00001       1619.17411   
0.00000   0.00001   0.00000      0.00001       2068.65271   
0.00000   0.00001   0.00000      0.00001       1360.49345   
0.00000   0.00001   0.00000      0.00001       1601.27948   
0.00000   0.00001   0.00000      0.00001       1641.92232   
0.00000   0.00001   0.00000      0.00001       1473.13179   
0.00000   0.00001   0.00000      0.00001       1794.52393   
0.00000   0.00001   0.00000      0.00001       1750.34415   
0.00000   0.00001   0.00000      0.00001       2263.21427   
0.00000   0.00001   0.00000      0.00001       3169.68030   
0.00000   0.00001   0.00000      0.00001       3074.24318   
0.00000   0.00001   0.00000      0.00001       3790.85341   
0.00000   0.00001   0.00000      0.00001       3784.85205   
0.00000   0.00001   0.00000      0.00001       3367.95660   
0.00000   0.00001   0.00000      0.00001       4402.94195   
0.00000   0.00001   0.00000      0.00001       4594.75948   
0.00000   0.00001   0.00000      0.00001       4328.11593   
0.00000   0.00001   0.00000      0.00001       4616.23287   
0.00000   0.00001   0.00000      0.00001       3912.03073   
0.00000   0.00001   0.00000      0.00001       3755.15068   
0.00000   0.00001   0.00000      0.00001       3852.98574   
0.00000   0.00001   0.00000      0.00001       3130.07565   
0.00000   0.00001   0.00000      0.00001       3385.77761   
0.00000   0.00001   0.00000      0.00001       2712.83681   
0.00000   0.00001   0.00000      0.00001       1808.63883   
0.00000   0.00001   0.00000      0.00001       2330.59611   
0.00000   0.00001   0.00000      0.00001       1614.88354   
0.00000   0.00001   0.00000      0.00001       1806.67367   
0.00000   0.00001   0.00000      0.00001       1758.90333   
0.00000   0.00001   0.00000      0.00001       1712.14174   
0.00000   0.00001   0.00000      0.00001       1787.31021   
0.00000   0.00001   0.00000      0.00001       2262.72342   
0.00000   0.00001   0.00000      0.00001       2027.96234   
0.00000   0.00001   0.00000      0.00001       2443.92848   
0.00000   0.00001   0.00000      0.00001       2486.94810   
0.00000   0.00001   0.00000      0.00001       2736.84820   
0.00000   0.00001   0.00000      0.00001       3000.72202   
0.00000   0.00001   0.00000      0.00001       2894.13332   
0.00000   0.00001   0.00000      0.00001       3395.29866   
0.00000   0.00001   0.00000      0.00001       3694.70646   
0.00000   0.00001   0.00000      0.00001       3232.19555   
0.00000   0.00001   0.00000      0.00001       3764.55242   
0.00000   0.00001   0.00000      0.00001       4084.87593   
0.00000   0.00001   0.00000      0.00001       3783.86308   
0.00000   0.00001   0.00000      0.00001       4362.87440   
0.00000   0.00001   0.00000      0.00001       4305.96639   
0.00000   0.00001   0.00000      0.00001       3220.02884   
0.00000   0.00001   0.00000      0.00001       3171.97139   
0.00000   0.00001   0.00000      0.00001       3250.21554   
0.00000   0.00001   0.00000      0.00001       4640.80418   
0.00000   0.00001   0.00000      0.00001       3649.09809   
0.00000   0.00001   0.00000      0.00001       3155.70249   
0.00000   0.00001   0.00000      0.00001       2863.43351   
0.00000   0.00001   0.00000      0.00001       2952.97774   
0.00000   0.00001   0.00000      0.00001       2877.47621   
0.00000   0.00001   0.00000      0.00001       3009.92743   
0.00000   0.00001   0.00000      0.00001       1947.97124   
0.00000   0.00001   0.00000      0.00001       2234.47694   
0.00000   0.00001   0.00000      0.00001       2029.78103   
0.00000   0.00001   0.00000      0.00001       1973.48147   
0.00000   0.00001   0.00000      0.00001       2574.86152   
0.00000   0.00001   0.00000      0.00001       2179.98492   
0.00000   0.00001   0.00000      0.00001       2127.24207   
0.00000   0.00001   0.00000      0.00001       2250.68002   
0.00000   0.00001   0.00000      0.00001       2378.72825   
0.00000   0.00001   0.00000      0.00001       2843.61709   
0.00000   0.00001   0.00000      0.00001       3169.55732   
0.00000   0.00001   0.00000      0.00001       2742.06676   
0.00000   0.00001   0.00000      0.00001       3249.33703   
0.00000   0.00001   0.00000      0.00001       3605.33552   
0.00000   0.00001   0.00000      0.00001       3557.29357   
0.00000   0.00001   0.00000      0.00001       4143.16922   
0.00000   0.00001   0.00000      0.00001       3666.31183   
0.00000   0.00001   0.00000      0.00001       4268.65720   
0.00000   0.00001   0.00000      0.00001       4228.94493   
0.00000   0.00001   0.00000      0.00001       4901.72524   
0.00000   0.00001   0.00000      0.00001       5898.94352   
0.00000   0.00001   0.00000      0.00001       4376.72843   
0.00000   0.00001   0.00000      0.00001       3694.64383   
0.00000   0.00001   0.00000      0.00001       3668.33684   
0.00000   0.00001   0.00000      0.00001       3238.53663   
0.00000   0.00001   0.00000      0.00001       3624.04407   
0.00000   0.00001   0.00000      0.00001       3005.25530   
0.00000   0.00001   0.00000      0.00001       2619.63003   
0.00000   0.00001   0.00000      0.00001       3166.62385   
0.00000   0.00001   0.00000      0.00001       2967.06742   
0.00000   0.00001   0.00000      0.00001       2598.62195   
0.00000   0.00001   0.00000      0.00001       2963.05358   
0.00000   0.00001   0.00000      0.00001       2964.84367   
0.00000   0.00001   0.00000      0.00001       3772.22279   
0.00000   0.00001   0.00000      0.00001       3567.87408   
0.00000   0.00001   0.00000      0.00001       4229.27710   
0.00000   0.00001   0.00000      0.00001       5451.65565   
0.00000   0.00001   0.00000      0.00001       5224.80611   
0.00000   0.00001   0.00000      0.00001       5008.09749   
0.00000   0.00001   0.00000      0.00001       5052.14687   
0.00000   0.00001   0.00000      0.00001       5104.23206   
0.00000   0.00001   0.00000      0.00001       5405.59533   
0.00000   0.00001   0.00000      0.00001       4454.77262   
0.00000   0.00001   0.00000      0.00001       4024.09025   
0.00000   0.00001   0.00000      0.00001       4278.86571   
0.00000   0.00001   0.00000      0.00001       4111.50510   
0.00000   0.00001   0.00000      0.00001       3314.66266   
0.00000   0.00001   0.00000      0.00001       3361.52562   
0.00000   0.00001   0.00000      0.00001       2673.55825   
0.00000   0.00001   0.00000      0.00001       3123.03907   
0.00000   0.00001   0.00000      0.00001       3151.12684   
0.00000   0.00001   0.00000      0.00001       2092.38488   
0.00000   0.00001   0.00000      0.00001       2973.59092   
0.00000   0.00001   0.00000      0.00001       2499.77832   
0.00000   0.00001   0.00000      0.00001       2398.03718   
0.00000   0.00001   0.00000      0.00001       3372.36761   
0.00000   0.00001   0.00000      0.00001       3049.30202   
0.00000   0.00001   0.00000      0.00001       3335.68790   
0.00000   0.00001   0.00000      0.00001       4736.19204   
0.00000   0.00001   0.00000      0.00001       3917.61700   
0.00000   0.00001   0.00000      0.00001       4719.52067   
0.00000   0.00001   0.00000      0.00001       5374.78428   
0.00000   0.00001   0.00000      0.00001       4513.89903   
0.00000   0.00001   0.00000      0.00001       5616.31544   
0.00000   0.00001   0.00000      0.00001       4954.08924   
0.00000   0.00001   0.00000      0.00001       4082.18699   
0.00000   0.00001   0.00000      0.00001       4138.84484   
0.00000   0.00001   0.00000      0.00001       3523.75744   
0.00000   0.00001   0.00000      0.00001       4004.06370   
0.00000   0.00001   0.00000      0.00001       3454.28156   
0.00000   0.00001   0.00000      0.00001       3111.28504   
0.00000   0.00001   0.00000      0.00001       3390.61099   
0.00000   0.00001   0.00000      0.00001       3107.72475   
0.00000   0.00001   0.00000      0.00001       2685.15688   
0.00000   0.00001   0.00000      0.00001       2851.43477   
0.00000   0.00001   0.00000      0.00001       2812.53431   
0.00000   0.00001   0.00000      0.00001       3092.14997   
0.00000   0.00001   0.00000      0.00001       2933.22679   
0.00000   0.00001   0.00000      0.00001       2995.72271   
0.00000   0.00001   0.00000      0.00001       3454.91784   
0.00000   0.00001   0.00000      0.00001       4023.01223   
0.00000   0.00001   0.00000      0.00001       3996.44736   
0.00000   0.00001   0.00000      0.00001       5188.87072   
0.00000   0.00001   0.00000      0.00001       5474.44238   
0.00000   0.00001   0.00000      0.00001       5778.00615   
0.00000   0.00001   0.00000      0.00001       5571.34553   
0.00000   0.00001   0.00000      0.00001       4593.81040   
0.00000   0.00001   0.00000      0.00001       5396.57904   
0.00000   0.00001   0.00000      0.00001       4271.80213   
0.00000   0.00001   0.00000      0.00001       3535.48331   
0.00000   0.00001   0.00000      0.00001       3935.66015   
0.00000   0.00001   0.00000      0.00001       3404.38996   
0.00000   0.00001   0.00000      0.00001       3505.84447   
0.00000   0.00001   0.00000      0.00001       3353.87842   
0.00000   0.00001   0.00000      0.00001       2825.25420   
0.00000   0.00001   0.00000      0.00001       3560.66328   
0.00000   0.00001   0.00000      0.00001       3115.37939   
0.00000   0.00001   0.00000      0.00001       3469.98479   
0.00000   0.00001   0.00000      0.00001       4579.98908   
0.00000   0.00001   0.00000      0.00001       5148.84393   
0.00000   0.00001   0.00000      0.00001       5949.86772   
0.00000   0.00001   0.00000      0.00001       6452.32790   
0.00000   0.00001   0.00000      0.00001       5532.58751   
0.00000   0.00001   0.00000      0.00001       6059.91673   
0.00000   0.00001   0.00000      0.00001       5170.89274   
0.00000   0.00001   0.00000      0.00001       4653.44825   
0.00000   0.00001   0.00000      0.00001       5433.86068   
0.00000   0.00001   0.00000      0.00001       4276.00630   
0.00000   0.00001   0.00000      0.00001       4099.88664   
0.00000   0.00001   0.00000      0.00001       4083.02342   
0.00000   0.00001   0.00000      0.00001       3771.56556   
0.00000   0.00001   0.00000      0.00001       3214.08631   
0.00000   0.00001   0.00000      0.00001       3204.37227   
0.00000   0.00001   0.00000      0.00001       3073.57328   
0.00000   0.00001   0.00000      0.00001       3471.32309   
0.00000   0.00001   0.00000      0.00001       2826.51950   
0.00000   0.00001   0.00000      0.00001       2953.85042   
0.00000   0.00001   0.00000      0.00001       3349.49738   
0.00000   0.00001   0.00000      0.00001       3093.33266   
0.00000   0.00001   0.00000      0.00001       3501.96326   
0.00000   0.00001   0.00000      0.00001       3800.26143   
0.00000   0.00001   0.00000      0.00001       4258.10244   
0.00001   0.00001   0.00000      0.00001       4595.16439   
0.00001   0.00001   0.00000      0.00001       4621.29960   
0.00001   0.00001   0.00000      0.00001       5134.83719   
0.00001   0.00001   0.00000      0.00001       4830.59291   
0.00001   0.00001   0.00000      0.00001       5360.49067   
0.00001   0.00001   0.00000      0.00001       7628.60187   
0.00001   0.00001   0.00000      0.00001       5966.17726   
0.00001   0.00001   0.00000      0.00001       5137.12930   
0.00001   0.00001   0.00000      0.00001       5694.99483   
0.00001   0.00001   0.00000      0.00001       4416.64073   
0.00001   0.00001   0.00000      0.00001       3587.17641   
0.00001   0.00001   0.00000      0.00001       3511.37357   
0.00001   0.00001   0.00000      0.00001       3046.54660   
0.00001   0.00001   0.00000      0.00001       2985.26059   
0.00001   0.00001   0.00000      0.00001       3315.81378   
0.00001   0.00001   0.00000      0.00001       2718.84579   
0.00001   0.00001   0.00000      0.00001       3668.52644   
0.00001   0.00001   0.00000      0.00001       3435.34888   
0.00001   0.00001   0.00000      0.00001       2934.74043   
0.00001   0.00001   0.00000      0.00001       4367.64624   
0.00001   0.00001   0.00000      0.00001       3683.59736   
0.00001   0.00001   0.00000      0.00001       4522.88618   
0.00001   0.00001   0.00000      0.00001       4954.56455   
0.00001   0.00001   0.00000      0.00001       5411.92386   
0.00001   0.00001   0.00000      0.00001       6038.47440   
0.00001   0.00001   0.00000      0.00001       5755.18612   
0.00001   0.00001   0.00000      0.00001       4979.35099   
0.00001   0.00001   0.00000      0.00001       5345.85413   
0.00001   0.00001   0.00000      0.00001       5083.20699   
0.00001   0.00001   0.00000      0.00001       4954.91476   
0.00001   0.00001   0.00000      0.00001       4704.32489   
0.00001   0.00001   0.00000      0.00001       3692.05337   
0.00001   0.00001   0.00000      0.00001       4461.63722   
0.00001   0.00001   0.00000      0.00001       3788.31708   
0.00001   0.00001   0.00000      0.00001       3573.38192   
0.00001   0.00001   0.00000      0.00001       4332.82156   
0.00001   0.00001   0.00000      0.00001       3365.95071   
0.00001   0.00001   0.00000      0.00001       3165.91533   
0.00001   0.00001   0.00000      0.00001       3362.94043   
0.00001   0.00001   0.00000      0.00001       2787.60089   
0.00001   0.00001   0.00000      0.00001       2882.44270   
0.00001   0.00001   0.00000      0.00001       2615.21163   
0.00001   0.00001   0.00000      0.00001       2445.61375   
0.00001   0.00001   0.00000      0.00001       2992.76827   
0.00001   0.00001   0.00000      0.00001       2541.02685   
0.00001   0.00001   0.00000      0.00001       2457.96055   
0.00001   0.00001   0.00000      0.00001       3400.84484   
0.00001   0.00001   0.00000      0.00001       2919.24960   
0.00001   0.00001   0.00000      0.00001       3120.03185   
0.00001   0.00001   0.00000      0.00001       3029.72059   
0.00001   0.00001   0.00000      0.00001       2853.95988   
0.00001   0.00001   0.00000      0.00001       4418.63272   
0.00001   0.00001   0.00000      0.00001       3450.53843   
0.00001   0.00001   0.00000      0.00001       3357.12986   
0.00001   0.00001   0.00000      0.00001       4003.87704   
0.00001   0.00001   0.00000      0.00001       3904.24946   
0.00001   0.00001   0.00000      0.00001       4245.65357   
0.00001   0.00001   0.00000      0.00001       4601.74436   
0.00001   0.00001   0.00000      0.00001       4043.46294   
0.00001   0.00001   0.00000      0.00001       4755.09340   
0.00001   0.00001   0.00000      0.00001       4088.97250   
0.00001   0.00001   0.00000      0.00001       3894.80064   
0.00001   0.00001   0.00000      0.00001       5189.25923   
0.00001   0.00001   0.00000      0.00001       4598.34714   
0.00001   0.00001   0.00000      0.00001       4395.29628   
0.00001   0.00001   0.00000      0.00001       5144.12146   
0.00001   0.00001   0.00000      0.00001       4557.78330   
0.00001   0.00001   0.00000      0.00001       5037.51570   
0.00001   0.00001   0.00000      0.00001       4557.78330   
0.00001   0.00001   0.00000      0.00001       4359.40516   
0.00001   0.00001   0.00000      0.00001       4166.92155   
0.00001   0.00001   0.00000      0.00001       3555.14143   
0.00001   0.00001   0.00000      0.00001       3468.97899   
0.00001   0.00001   0.00000      0.00001       4144.91085   
0.00001   0.00001   0.00000      0.00001       2762.02961   
0.00001   0.00001   0.00000      0.00001       3785.36163   
0.00001   0.00001   0.00000      0.00001       3530.04096   
0.00001   0.00001   0.00000      0.00001       2610.51166   
0.00001   0.00001   0.00000      0.00001       3130.88074   
0.00001   0.00001   0.00000      0.00001       3139.62818   
0.00001   0.00001   0.00000      0.00001       2849.12412   
0.00001   0.00001   0.00000      0.00001       3480.49986   
0.00001   0.00001   0.00000      0.00001       3011.96307   
0.00001   0.00001   0.00000      0.00001       3662.42711   
0.00001   0.00001   0.00000      0.00001       3434.34887   
0.00001   0.00001   0.00000      0.00001       2971.01955   
0.00001   0.00001   0.00000      0.00001       4503.52168   
0.00001   0.00001   0.00000      0.00001       4338.23866   
0.00001   0.00001   0.00000      0.00001       3817.30059   
0.00001   0.00001   0.00000      0.00001       5034.18906   
0.00001   0.00001   0.00000      0.00001       4863.63030   
0.00001   0.00001   0.00000      0.00001       6230.27577   
0.00001   0.00001   0.00000      0.00001       5099.18302   
0.00001   0.00001   0.00000      0.00001       4849.89762   
0.00001   0.00001   0.00000      0.00001       5599.54393   
0.00001   0.00001   0.00000      0.00001       5952.17077   
0.00001   0.00001   0.00000      0.00001       5778.88705   
0.00001   0.00001   0.00000      0.00001       6317.56208   
0.00001   0.00001   0.00000      0.00001       5183.12953   
0.00001   0.00001   0.00000      0.00001       4620.20305   
0.00001   0.00001   0.00000      0.00001       4946.32499   
0.00001   0.00001   0.00000      0.00001       3527.11685   
0.00001   0.00001   0.00000      0.00001       4326.04035   
0.00001   0.00001   0.00000      0.00001       3815.11612   
0.00001   0.00001   0.00000      0.00001       3275.07468   
0.00001   0.00001   0.00000      0.00001       2476.82719   
0.00001   0.00001   0.00000      0.00001       2372.92567   
0.00001   0.00001   0.00000      0.00001       2272.47619   
0.00001   0.00001   0.00000      0.00001       2175.40228   
0.00001   0.00001   0.00000      0.00001       2409.72647   
0.00001   0.00001   0.00000      0.00001       1991.07866   
0.00001   0.00001   0.00000      0.00001       1903.67939   
0.00001   0.00001   0.00000      0.00001       3482.21330   
0.00001   0.00001   0.00000      0.00001       4685.62174   
0.00001   0.00001   0.00000      0.00001       2929.47781   
0.00001   0.00001   0.00000      0.00001       2829.54689   
0.00001   0.00001   0.00000      0.00001       3158.10023   
0.00001   0.00001   0.00000      0.00001       2685.48117   
0.00001   0.00001   0.00000      0.00001       3705.40985   
0.00001   0.00001   0.00000      0.00001       3972.08448   
0.00001   0.00001   0.00000      0.00001       4307.41933   
0.00001   0.00001   0.00000      0.00001       5143.04187   
0.00001   0.00001   0.00000      0.00001       5527.70428   
0.00001   0.00001   0.00000      0.00001       5406.89061   
0.00001   0.00001   0.00000      0.00001       5805.27297   
0.00001   0.00001   0.00000      0.00001       6219.97472   
0.00001   0.00001   0.00000      0.00001       6158.66348   
0.00001   0.00001   0.00000      0.00001       5569.16347   
0.00001   0.00001   0.00000      0.00001       4126.07398   
0.00001   0.00001   0.00000      0.00001       4956.24822   
0.00001   0.00001   0.00000      0.00001       4380.88551   
0.00001   0.00001   0.00000      0.00001       4332.18376   
0.00001   0.00001   0.00000      0.00001       4236.95504   
0.00001   0.00001   0.00000      0.00001       3710.55383   
0.00001   0.00001   0.00000      0.00002       4055.00670   
0.00001   0.00001   0.00000      0.00002       3181.66545   
0.00001   0.00001   0.00000      0.00002       2696.70883   
0.00001   0.00001   0.00000      0.00002       2628.88351   
0.00001   0.00001   0.00000      0.00002       2224.58616   
0.00001   0.00001   0.00000      0.00002       1593.69756   
0.00001   0.00001   0.00000      0.00002       1802.69334   
0.00001   0.00002   0.00000      0.00002       1474.08922   
0.00001   0.00002   0.00000      0.00002       1703.39350   
0.00001   0.00002   0.00000      0.00002       1950.54168   
0.00001   0.00002   0.00000      0.00002       1365.78178   
0.00001   0.00002   0.00000      0.00002       1877.92872   
0.00001   0.00002   0.00000      0.00002       2446.90137   
0.00001   0.00002   0.00000      0.00002       3094.71575   
0.00001   0.00002   0.00000      0.00002       3822.61023   
0.00001   0.00002   0.00000      0.00002       3793.44382   
0.00001   0.00002   0.00000      0.00002       4172.32135   
0.00001   0.00002   0.00000      0.00002       4114.81624   
0.00001   0.00002   0.00000      0.00002       4457.21302   
0.00001   0.00002   0.00000      0.00002       4821.62734   
0.00001   0.00002   0.00000      0.00002       4303.65161   
0.00001   0.00002   0.00000      0.00002       3816.97535   
0.00001   0.00002   0.00000      0.00002       2953.63541   
0.00001   0.00002   0.00000      0.00002       2218.49119   
0.00001   0.00002   0.00000      0.00002       1589.59449   
0.00001   0.00002   0.00000      0.00002       1304.51609   
0.00001   0.00002   0.00000      0.00002       1048.58829   
0.00001   0.00002   0.00000      0.00002       828.72539    
0.00001   0.00002   0.00000      0.00002       634.89660    
0.00001   0.00002   0.00000      0.00002       325.00755    
0.00001   0.00002   0.00000      0.00002       606.34156    
0.00001   0.00002   0.00000      0.00002       601.28562    
0.00001   0.00002   0.00000      0.00002       772.35524    
0.00001   0.00002   0.00000      0.00002       971.21517    
0.00001   0.00002   0.00000      0.00002       1187.36648   
0.00001   0.00002   0.00000      0.00002       1432.10126   
0.00001   0.00002   0.00000      0.00002       1694.21174   
0.00001   0.00002   0.00000      0.00002       2294.34544   
0.00001   0.00002   0.00000      0.00002       2627.28153   
0.00001   0.00002   0.00000      0.00002       2989.24003   
0.00001   0.00002   0.00000      0.00002       3370.47598   
0.00001   0.00002   0.00000      0.00002       3366.40676   
0.00001   0.00002   0.00000      0.00002       3359.68598   
0.00001   0.00002   0.00000      0.00002       3768.14579   
0.00001   0.00002   0.00000      0.00002       3353.15172   
0.00001   0.00002   0.00000      0.00002       2598.77703   
0.00001   0.00002   0.00000      0.00002       1940.40235   
0.00001   0.00002   0.00000      0.00002       1646.35237   
0.00001   0.00002   0.00000      0.00002       1376.57370   
0.00001   0.00002   0.00000      0.00002       1131.63531   
0.00001   0.00002   0.00000      0.00002       1132.69381   
0.00001   0.00002   0.00000      0.00002       913.47069    
0.00001   0.00002   0.00000      0.00002       543.72092    
0.00001   0.00002   0.00000      0.00002       546.39049    
0.00001   0.00002   0.00000      0.00002       399.39024    
0.00001   0.00002   0.00000      0.00002       277.65021    
0.00001   0.00002   0.00000      0.00002       178.99227    
0.00001   0.00002   0.00000      0.00002       182.78989    
0.00001   0.00002   0.00000      0.00002       187.09169    
0.00001   0.00002   0.00000      0.00002       189.43715    
0.00001   0.00002   0.00000      0.00002       303.15943    
0.00001   0.00002   0.00000      0.00002       306.59220    
0.00001   0.00002   0.00000      0.00002       310.19546    
0.00001   0.00002   0.00000      0.00002       453.45830    
0.00001   0.00002   0.00000      0.00002       624.70081    
0.00001   0.00002   0.00000      0.00002       824.30975    
0.00001   0.00002   0.00000      0.00002       1052.67552   
0.00001   0.00002   0.00000      0.00002       848.11606    
0.00001   0.00002   0.00000      0.00002       1332.36735   
0.00001   0.00002   0.00000      0.00002       1368.41764   
0.00001   0.00002   0.00000      0.00002       1394.36695   
0.00001   0.00002   0.00000      0.00002       1159.96892   
0.00001   0.00002   0.00000      0.00002       936.00598    
0.00001   0.00002   0.00000      0.00002       959.13725    
0.00001   0.00002   0.00000      0.00002       778.37662    
0.00001   0.00002   0.00000      0.00002       448.36745    
0.00001   0.00002   0.00000      0.00002       466.34956    
0.00001   0.00002   0.00000      0.00002       485.47812    
0.00001   0.00002   0.00000      0.00002       361.98764    
0.00001   0.00002   0.00000      0.00002       249.54269    
0.00001   0.00002   0.00000      0.00002       164.26394    
0.00001   0.00002   0.00000      0.00002       184.31742    
0.00001   0.00002   0.00000      0.00002       206.71003    
0.00001   0.00002   0.00000      0.00002       131.56969    
0.00001   0.00002   0.00000      0.00002       240.56198    
0.00001   0.00002   0.00000      0.00002       240.56198    
0.00001   0.00002   0.00000      0.00002       382.91882    
0.00001   0.00002   0.00000      0.00002       394.91121    
0.00001   0.00002   0.00000      0.00002       407.27696    
0.00001   0.00002   0.00000      0.00002       589.35865    
0.00001   0.00002   0.00000      0.00002       825.02832    
0.00001   0.00002   0.00000      0.00002       1126.51167   
0.00001   0.00002   0.00000      0.00002       1452.34710   
0.00001   0.00002   0.00000      0.00002       1252.51045   
0.00001   0.00002   0.00000      0.00002       1569.69587   
0.00001   0.00002   0.00000      0.00002       1068.71353   
0.00001   0.00002   0.00000      0.00002       877.13938    
0.00001   0.00002   0.00000      0.00002       924.76491    
0.00001   0.00002   0.00000      0.00002       748.01246    
0.00001   0.00002   0.00000      0.00002       433.90723    
0.00001   0.00002   0.00000      0.00002       631.35613    
0.00001   0.00002   0.00000      0.00002       487.79804    
0.00001   0.00002   0.00000      0.00002       242.93247    
0.00001   0.00002   0.00000      0.00002       270.85574    
0.00001   0.00002   0.00000      0.00002       108.58848    
0.00001   0.00002   0.00000      0.00002       128.40121    
0.00001   0.00002   0.00000      0.00002       69.39190     
0.00001   0.00002   0.00000      0.00002       28.45051     
0.00001   0.00002   0.00000      0.00002       85.94780     
0.00001   0.00002   0.00000      0.00002       104.68101    
0.00001   0.00002   0.00000      0.00002       114.90045    
0.00001   0.00002   0.00000      0.00002       347.37497    
0.00001   0.00002   0.00000      0.00002       245.76077    
0.00001   0.00002   0.00000      0.00002       261.94339    
0.00001   0.00002   0.00000      0.00002       278.81069    
0.00001   0.00002   0.00000      0.00002       296.37855    
0.00001   0.00002   0.00000      0.00002       634.79435    
0.00001   0.00002   0.00000      0.00002       661.95036    
0.00001   0.00002   0.00000      0.00002       718.78963    
0.00001   0.00002   0.00000      0.00002       984.49709    
0.00001   0.00002   0.00000      0.00002       843.06039    
0.00001   0.00002   0.00000      0.00002       876.43781    
0.00001   0.00002   0.00000      0.00002       910.77527    
0.00001   0.00002   0.00000      0.00002       744.98939    
0.00001   0.00002   0.00000      0.00002       625.25294    
0.00001   0.00002   0.00000      0.00002       655.37038    
0.00001   0.00002   0.00000      0.00002       371.42404    
0.00001   0.00002   0.00000      0.00002       289.84029    
0.00001   0.00002   0.00000      0.00002       218.98179    
0.00001   0.00002   0.00000      0.00002       278.68139    
0.00001   0.00002   0.00000      0.00002       210.82921    
0.00001   0.00002   0.00000      0.00002       169.81389    
0.00001   0.00002   0.00000      0.00002       104.78241    
0.00001   0.00002   0.00000      0.00002       119.04677    
0.00001   0.00002   0.00000      0.00002       134.34568    
0.00001   0.00002   0.00000      0.00002       150.70132    
0.00001   0.00002   0.00000      0.00002       206.33393    
0.00001   0.00002   0.00000      0.00002       249.12316    
0.00001   0.00002   0.00000      0.00002       272.29810    
0.00001   0.00002   0.00000      0.00002       458.71322    
0.00001   0.00002   0.00000      0.00002       694.62022    
0.00001   0.00002   0.00000      0.00002       980.67405    
0.00001   0.00002   0.00000      0.00002       1078.05692   
0.00001   0.00002   0.00000      0.00002       1129.03534   
0.00001   0.00002   0.00000      0.00002       1004.15397   
0.00001   0.00002   0.00000      0.00002       796.61037    
0.00001   0.00002   0.00000      0.00002       841.48344    
0.00001   0.00002   0.00000      0.00002       693.47266    
0.00001   0.00002   0.00000      0.00002       735.98842    
0.00001   0.00002   0.00000      0.00002       598.57802    
0.00001   0.00002   0.00000      0.00002       475.59866    
0.00001   0.00002   0.00000      0.00002       366.96111    
0.00001   0.00002   0.00000      0.00002       432.53134    
0.00001   0.00002   0.00000      0.00002       329.87137    
0.00001   0.00002   0.00000      0.00002       393.52876    
0.00001   0.00002   0.00000      0.00002       189.21382    
0.00001   0.00002   0.00000      0.00002       144.02017    
0.00001   0.00002   0.00000      0.00002       105.45484    
0.00001   0.00002   0.00000      0.00002       25.97261     
0.00001   0.00002   0.00000      0.00002       35.79279     
0.00001   0.00002   0.00000      0.00002       47.26390     
0.00001   0.00002   0.00000      0.00002       11.63337     
0.00001   0.00002   0.00000      0.00002       75.28398     
0.00001   0.00002   0.00000      0.00002       37.48069     
0.00001   0.00002   0.00000      0.00002       130.48516    
0.00001   0.00002   0.00000      0.00002       312.80357    
0.00001   0.00002   0.00000      0.00002       383.44766    
0.00001   0.00002   0.00000      0.00002       623.25998    
0.00001   0.00002   0.00000      0.00002       724.05193    
0.00001   0.00002   0.00000      0.00002       596.56006    
0.00001   0.00002   0.00000      0.00002       833.77314    
0.00001   0.00002   0.00000      0.00002       697.14333    
0.00001   0.00002   0.00000      0.00002       573.01923    
0.00001   0.00002   0.00000      0.00002       552.49564    
0.00001   0.00002   0.00000      0.00002       488.07340    
0.00001   0.00002   0.00000      0.00002       386.63453    
0.00001   0.00002   0.00000      0.00002       297.20923    
0.00001   0.00002   0.00000      0.00002       219.70931    
0.00001   0.00002   0.00000      0.00002       181.46065    
0.00001   0.00002   0.00000      0.00002       174.79709    
0.00001   0.00002   0.00000      0.00002       71.68545     
0.00001   0.00002   0.00000      0.00002       51.85853     
0.00001   0.00002   0.00000      0.00002       69.05538     
0.00001   0.00002   0.00000      0.00002       23.48231     
0.00001   0.00002   0.00000      0.00002       35.53075     
0.00001   0.00002   0.00000      0.00002       67.39378     
0.00001   0.00002   0.00000      0.00002       109.89539    
0.00001   0.00002   0.00000      0.00002       135.24338    
0.00001   0.00002   0.00000      0.00002       263.93768    
0.00001   0.00002   0.00000      0.00002       302.93857    
0.00001   0.00002   0.00000      0.00002       228.20170    
0.00001   0.00002   0.00000      0.00002       264.97403    
0.00001   0.00002   0.00000      0.00002       437.65365    
0.00001   0.00002   0.00000      0.00002       488.61367    
0.00001   0.00002   0.00000      0.00002       716.07307    
0.00001   0.00002   0.00000      0.00002       599.89159    
0.00001   0.00002   0.00000      0.00002       442.20129    
0.00001   0.00002   0.00000      0.00002       723.95767    
0.00001   0.00002   0.00000      0.00002       608.06230    
0.00001   0.00002   0.00000      0.00002       669.87500    
0.00001   0.00002   0.00000      0.00002       407.36330    
0.00001   0.00002   0.00000      0.00002       322.38691    
0.00001   0.00002   0.00000      0.00002       247.54410    
0.00001   0.00002   0.00000      0.00002       127.91386    
0.00001   0.00002   0.00000      0.00002       107.67286    
0.00001   0.00002   0.00000      0.00002       167.27802    
0.00001   0.00002   0.00000      0.00002       26.26302     
0.00001   0.00002   0.00000      0.00002       18.23808     
0.00001   0.00002   0.00000      0.00002       4.50061      
0.00001   0.00002   0.00000      0.00002       0.00044      
0.00001   0.00002   0.00000      0.00002       0.00044      
0.00001   0.00002   0.00000      0.00002       4.65178      
0.00001   0.00002   0.00000      0.00002       3.49086      
0.00001   0.00002   0.00000      0.00002       10.39143     
0.00001   0.00002   0.00000      0.00002       21.02698     
0.00001   0.00002   0.00000      0.00002       116.50670    
0.00001   0.00002   0.00000      0.00002       148.25789    
0.00001   0.00002   0.00000      0.00002       102.03266    
0.00001   0.00002   0.00000      0.00002       132.18220    
0.00001   0.00002   0.00000      0.00002       315.89901    
0.00001   0.00002   0.00000      0.00002       368.25772    
0.00001   0.00002   0.00000      0.00002       294.09912    
0.00001   0.00002   0.00000      0.00002       400.67164    
0.00001   0.00002   0.00000      0.00002       460.57026    
0.00001   0.00002   0.00000      0.00002       378.21919    
0.00001   0.00002   0.00000      0.00002       357.46560    
0.00001   0.00002   0.00000      0.00002       180.91681    
0.00001   0.00002   0.00000      0.00002       131.45555    
0.00001   0.00002   0.00000      0.00002       56.49356     
0.00001   0.00002   0.00000      0.00002       110.74242    
0.00001   0.00002   0.00000      0.00002       43.96654     
0.00001   0.00002   0.00000      0.00002       1.51519      
0.00001   0.00002   0.00000      0.00002       18.56856     
0.00001   0.00002   0.00000      0.00002       6.85957      
0.00001   0.00002   0.00000      0.00002       20.55136     
0.00001   0.00002   0.00000      0.00002       1.99432      
0.00001   0.00002   0.00000      0.00002       2.98031      
0.00001   0.00002   0.00000      0.00002       24.17309     
0.00001   0.00002   0.00000      0.00002       42.47040     
0.00001   0.00002   0.00000      0.00002       66.00793     
0.00001   0.00002   0.00000      0.00002       94.85617     
0.00001   0.00002   0.00000      0.00002       129.08613    
0.00001   0.00002   0.00000      0.00002       168.76935    
0.00001   0.00002   0.00000      0.00002       213.97790    
0.00001   0.00002   0.00000      0.00002       164.04730    
0.00001   0.00002   0.00000      0.00002       321.26193    
0.00001   0.00002   0.00000      0.00002       259.81092    
0.00001   0.00002   0.00000      0.00002       205.08888    
0.00001   0.00002   0.00000      0.00002       255.83103    
0.00001   0.00002   0.00000      0.00002       82.20170     
0.00001   0.00002   0.00000      0.00002       53.05147     
0.00001   0.00002   0.00000      0.00002       80.50262     
0.00001   0.00002   0.00000      0.00002       51.90298     
0.00001   0.00002   0.00000      0.00002       2.20314      
0.00001   0.00002   0.00000      0.00002       2.30620      
0.00001   0.00002   0.00000      0.00002       10.60502     
0.00001   0.00002   0.00000      0.00002       0.04774      
0.00001   0.00002   0.00000      0.00002       24.60979     
0.00001   0.00002   0.00000      0.00002       44.46818     
0.00001   0.00002   0.00000      0.00002       9.81332      
0.00001   0.00002   0.00000      0.00002       43.51676     
0.00001   0.00002   0.00000      0.00002       101.22021    
0.00001   0.00002   0.00000      0.00002       42.17728     
0.00001   0.00002   0.00000      0.00002       40.46682     
0.00001   0.00002   0.00000      0.00002       96.53957     
0.00001   0.00002   0.00000      0.00002       64.24524     
0.00001   0.00002   0.00000      0.00002       0.82393      
0.00001   0.00002   0.00000      0.00002       0.85689      
0.00001   0.00002   0.00000      0.00002       7.65554      
0.00001   0.00002   0.00000      0.00002       98.73892     
0.00001   0.00002   0.00000      0.00002       139.27262    
0.00001   0.00002   0.00000      0.00002       186.97478    
0.00001   0.00002   0.00000      0.00002       241.93416    
0.00001   0.00002   0.00000      0.00002       110.55007    
0.00001   0.00002   0.00000      0.00002       117.73144    
0.00001   0.00002   0.00000      0.00002       215.57318    
0.00001   0.00002   0.00000      0.00002       38.66428     
0.00001   0.00002   0.00000      0.00002       7.58429      
0.00001   0.00002   0.00000      0.00002       1.50260      
0.00001   0.00002   0.00000      0.00002       14.12583     
0.00001   0.00002   0.00000      0.00002       0.02359      
0.00001   0.00002   0.00000      0.00002       68.40292     
0.00001   0.00002   0.00000      0.00002       126.30009    
0.00001   0.00002   0.00000      0.00002       114.69288    
0.00001   0.00002   0.00000      0.00002       147.98416    
0.00001   0.00002   0.00000      0.00002       244.26488    
0.00001   0.00002   0.00000      0.00002       185.28920    
0.00001   0.00002   0.00000      0.00002       291.59657    
0.00001   0.00002   0.00000      0.00002       342.81373    
0.00001   0.00002   0.00000      0.00002       208.52619    
0.00001   0.00002   0.00000      0.00002       251.37398    
0.00001   0.00002   0.00000      0.00002       106.76365    
0.00001   0.00002   0.00000      0.00002       68.33234     
0.00001   0.00002   0.00000      0.00002       38.33742     
0.00001   0.00002   0.00000      0.00002       4.07032      
0.00001   0.00002   0.00000      0.00002       0.00675      
0.00001   0.00002   0.00000      0.00002       4.79678      
0.00001   0.00002   0.00000      0.00002       18.54656     
0.00001   0.00002   0.00000      0.00002       97.92108     
0.00001   0.00002   0.00000      0.00002       144.69151    
0.00001   0.00002   0.00000      0.00002       26.01587     
0.00001   0.00002   0.00000      0.00002       88.21907     
0.00001   0.00002   0.00000      0.00002       1.34303      
0.00001   0.00002   0.00000      0.00002       0.01905      
0.00001   0.00002   0.00000      0.00002       12.97518     
0.00001   0.00002   0.00000      0.00002       2.03453      
0.00001   0.00002   0.00000      0.00002       38.07236     
0.00001   0.00002   0.00000      0.00002       15.81986     
0.00001   0.00002   0.00000      0.00002       27.45831     
0.00001   0.00002   0.00000      0.00002       99.16592     
0.00001   0.00002   0.00000      0.00002       80.57352     
0.00001   0.00002   0.00000      0.00002       130.50244    
0.00001   0.00002   0.00000      0.00002       107.58501    
0.00001   0.00002   0.00000      0.00002       133.76155    
0.00001   0.00002   0.00000      0.00002       162.56193    
0.00001   0.00002   0.00000      0.00002       193.92325    
0.00001   0.00002   0.00000      0.00002       135.21916    
0.00001   0.00002   0.00000      0.00002       227.78292    
0.00001   0.00002   0.00000      0.00002       86.90513     
0.00001   0.00002   0.00000      0.00002       49.10305     
0.00001   0.00002   0.00000      0.00002       21.93565     
0.00001   0.00002   0.00000      0.00002       66.38424     
0.00001   0.00002   0.00000      0.00002       33.81371     
0.00001   0.00002   0.00000      0.00002       0.00009      
0.00001   0.00002   0.00000      0.00002       1.26070      
0.00001   0.00002   0.00000      0.00002       1.52939      
0.00001   0.00002   0.00000      0.00002       1.52939      
0.00001   0.00002   0.00000      0.00002       0.01989      
0.00001   0.00002   0.00000      0.00002       24.05883     
0.00001   0.00002   0.00000      0.00002       0.13860      
0.00001   0.00002   0.00000      0.00002       9.55932      
0.00001   0.00002   0.00000      0.00002       9.55932      
0.00001   0.00002   0.00000      0.00002       57.99511     
0.00001   0.00002   0.00000      0.00002       94.23107     
0.00001   0.00002   0.00000      0.00002       68.86518     
0.00001   0.00002   0.00000      0.00002       106.44448    
0.00001   0.00002   0.00000      0.00002       151.26691    
0.00001   0.00002   0.00000      0.00002       280.23549    
0.00001   0.00002   0.00000      0.00002       606.94441    
0.00001   0.00002   0.00000      0.00002       489.76576    
0.00001   0.00002   0.00000      0.00002       532.67950    
0.00001   0.00002   0.00000      0.00002       461.65333    
0.00001   0.00002   0.00000      0.00002       358.84278    
0.00001   0.00002   0.00000      0.00002       268.65740    
0.00001   0.00002   0.00000      0.00002       126.73655    
0.00001   0.00002   0.00000      0.00002       27.17456     
0.00001   0.00002   0.00000      0.00002       37.04944     
0.00001   0.00002   0.00000      0.00002       12.15997     
0.00001   0.00002   0.00000      0.00002       27.09238     
0.00001   0.00002   0.00000      0.00002       19.09090     
0.00001   0.00002   0.00000      0.00002       6.54792      
0.00001   0.00002   0.00000      0.00002       0.00626      
0.00001   0.00002   0.00000      0.00002       0.54376      
0.00001   0.00002   0.00000      0.00002       25.08356     
0.00001   0.00002   0.00000      0.00002       33.70412     
0.00001   0.00002   0.00000      0.00002       85.92597     
0.00001   0.00002   0.00000      0.00002       101.14544    
0.00001   0.00002   0.00000      0.00002       204.46074    
0.00001   0.00002   0.00000      0.00002       227.01460    
0.00001   0.00002   0.00000      0.00002       171.86279    
0.00001   0.00002   0.00000      0.00002       431.66367    
0.00001   0.00002   0.00000      0.00002       462.48026    
0.00001   0.00002   0.00000      0.00002       379.05502    
0.00001   0.00002   0.00000      0.00002       558.50146    
0.00001   0.00002   0.00000      0.00002       435.04806    
0.00001   0.00002   0.00000      0.00002       625.06144    
0.00001   0.00002   0.00000      0.00002       658.97847    
0.00001   0.00002   0.00000      0.00002       522.84588    
0.00001   0.00002   0.00000      0.00002       522.84588    
0.00001   0.00002   0.00000      0.00002       402.04455    
0.00001   0.00002   0.00000      0.00002       296.74292    
0.00001   0.00002   0.00000      0.00002       207.11056    
0.00001   0.00002   0.00000      0.00002       133.31821    
0.00001   0.00002   0.00000      0.00002       147.75247    
0.00001   0.00002   0.00000      0.00002       86.30595     
0.00001   0.00002   0.00000      0.00002       162.66965    
0.00001   0.00002   0.00000      0.00002       162.66965    
0.00001   0.00002   0.00000      0.00002       364.18190    
0.00001   0.00002   0.00000      0.00002       364.18190    
0.00001   0.00002   0.00000      0.00002       364.18190    
0.00001   0.00002   0.00000      0.00002       364.18190    
0.00001   0.00002   0.00000      0.00002       364.18190    
0.00001   0.00002   0.00000      0.00002       178.03264    
0.00001   0.00002   0.00000      0.00002       121.56290    
0.00001   0.00002   0.00000      0.00002       134.17962    
0.00001   0.00002   0.00000      0.00002       147.16995    
0.00001   0.00002   0.00000      0.00002       384.04413    
0.00001   0.00002   0.00000      0.00002       277.55910    
0.00001   0.00002   0.00000      0.00002       295.04681    
0.00001   0.00002   0.00000      0.00002       581.05729    
0.00001   0.00002   0.00000      0.00002       447.21608    
0.00001   0.00002   0.00000      0.00002       630.39410    
0.00001   0.00002   0.00000      0.00002       816.34500    
0.00001   0.00002   0.00000      0.00002       655.01692    
0.00001   0.00002   0.00000      0.00002       1088.78273   
0.00001   0.00002   0.00000      0.00002       899.84073    
0.00001   0.00002   0.00000      0.00002       899.84073    
0.00001   0.00002   0.00000      0.00002       954.52082    
0.00001   0.00002   0.00000      0.00002       2041.67621   
0.00001   0.00002   0.00000      0.00002       2408.02466   
0.00001   0.00002   0.00000      0.00002       2803.46412   
0.00001   0.00002   0.00000      0.00002       3633.35896   
0.00001   0.00002   0.00000      0.00002       2603.57630   
0.00001   0.00002   0.00000      0.00002       2676.17951   
0.00001   0.00002   0.00000      0.00002       3440.99641   
0.00001   0.00002   0.00000      0.00002       4389.28085   
0.00001   0.00002   0.00000      0.00002       5401.56440   
0.00001   0.00002   0.00000      0.00002       4511.20444   
0.00001   0.00002   0.00000      0.00002       3695.66933   
0.00001   0.00002   0.00000      0.00002       3316.47448   
0.00001   0.00002   0.00000      0.00002       2956.60472   
0.00001   0.00002   0.00000      0.00002       2616.26925   
0.00001   0.00002   0.00000      0.00002       1975.72604   
0.00001   0.00002   0.00000      0.00002       1697.59056   
0.00001   0.00002   0.00000      0.00002       1697.59056   
0.00001   0.00002   0.00000      0.00002       974.04943    
0.00001   0.00002   0.00000      0.00002       985.53073    
0.00001   0.00002   0.00000      0.00002       606.99033    
0.00001   0.00002   0.00000      0.00002       319.33585    
0.00001   0.00002   0.00000      0.00002       455.14263    
0.00001   0.00002   0.00000      0.00002       211.86630    
0.00001   0.00002   0.00000      0.00002       215.91708    
0.00001   0.00002   0.00000      0.00002       131.63144    
0.00001   0.00002   0.00000      0.00002       21.61677     
0.00001   0.00002   0.00000      0.00002       23.27324     
0.00001   0.00002   0.00000      0.00002       23.27324     
0.00001   0.00002   0.00000      0.00002       23.95627     
0.00001   0.00002   0.00000      0.00002       25.00642     
0.00001   0.00002   0.00000      0.00002       3.57880      
0.00001   0.00002   0.00000      0.00002       72.67166     
0.00001   0.00002   0.00000      0.00002       144.03649    
0.00001   0.00002   0.00000      0.00002       72.90524     
0.00001   0.00002   0.00000      0.00002       239.21756    
0.00001   0.00002   0.00000      0.00002       358.37372    
0.00001   0.00002   0.00000      0.00002       238.88964    
0.00001   0.00002   0.00000      0.00002       859.22041    
0.00001   0.00002   0.00000      0.00002       666.98661    
0.00001   0.00002   0.00000      0.00002       498.53981    
0.00001   0.00002   0.00000      0.00002       665.23277    
0.00001   0.00002   0.00000      0.00002       853.25333    
0.00001   0.00002   0.00000      0.00002       1059.36417   
0.00001   0.00002   0.00000      0.00002       647.48185    
0.00001   0.00002   0.00000      0.00002       2459.12519   
0.00001   0.00002   0.00000      0.00002       6504.38427   
0.00001   0.00002   0.00000      0.00002       4898.34370   
0.00001   0.00002   0.00000      0.00002       7622.80497   
0.00001   0.00002   0.00000      0.00002       8212.01089   
0.00001   0.00002   0.00000      0.00002       6410.11239   
0.00001   0.00002   0.00000      0.00002       10134.66246  
0.00001   0.00002   0.00000      0.00002       13073.32623  
0.00001   0.00002   0.00000      0.00002       12293.16485  
0.00001   0.00002   0.00000      0.00002       13877.48762  
0.00001   0.00002   0.00000      0.00002       13027.41519  
0.00001   0.00002   0.00000      0.00002       12978.81515  
0.00001   0.00002   0.00000      0.00002       13727.26656  
0.00001   0.00002   0.00000      0.00002       10672.33867  
0.00001   0.00002   0.00000      0.00002       11349.40990  
0.00001   0.00002   0.00000      0.00002       9871.54575   
0.00001   0.00002   0.00000      0.00002       8494.46390   
0.00001   0.00002   0.00000      0.00002       9145.00463   
0.00001   0.00002   0.00000      0.00002       7218.68877   
0.00001   0.00002   0.00000      0.00002       6595.40128   
0.00001   0.00002   0.00000      0.00002       5473.75180   
0.00001   0.00002   0.00000      0.00002       4496.58823   
0.00001   0.00002   0.00000      0.00002       4454.91270   
0.00001   0.00002   0.00000      0.00002       2727.80906   
0.00001   0.00002   0.00000      0.00002       2020.62313   
0.00001   0.00002   0.00000      0.00002       1418.40487   
0.00001   0.00002   0.00000      0.00002       921.70059    
0.00001   0.00002   0.00000      0.00002       531.05946    
0.00001   0.00002   0.00000      0.00002       531.05946    
0.00001   0.00002   0.00000      0.00002       150.14085    
0.00001   0.00002   0.00000      0.00002       70.17756     
0.00001   0.00002   0.00000      0.00002       70.17756     
0.00001   0.00002   0.00000      0.00002       70.17756     
0.00001   0.00002   0.00000      0.00002       1.04942      
0.00001   0.00002   0.00000      0.00002       96.14227     
0.00001   0.00002   0.00000      0.00002       188.22210    
0.00001   0.00002   0.00000      0.00002       445.65301    
0.00001   0.00002   0.00000      0.00002       603.91081    
0.00001   0.00002   0.00000      0.00002       813.07194    
0.00001   0.00002   0.00000      0.00002       1291.05133   
0.00001   0.00002   0.00000      0.00002       2192.57964   
0.00001   0.00002   0.00000      0.00002       2580.99617   
0.00001   0.00002   0.00000      0.00002       2944.97318   
0.00001   0.00002   0.00000      0.00002       3332.95019   
0.00001   0.00002   0.00000      0.00002       3394.12148   
0.00001   0.00002   0.00000      0.00002       4320.12702   
0.00001   0.00002   0.00000      0.00002       4320.12702   
0.00001   0.00002   0.00000      0.00002       5359.60033   
0.00001   0.00002   0.00000      0.00002       5878.80918   
0.00001   0.00002   0.00000      0.00002       6513.13202   
0.00001   0.00002   0.00000      0.00002       9164.74847   
0.00001   0.00002   0.00000      0.00002       9164.74847   
0.00001   0.00002   0.00000      0.00002       10664.02999  
0.00001   0.00002   0.00000      0.00002       12142.93661  
0.00001   0.00002   0.00000      0.00002       10664.02999  
0.00001   0.00002   0.00000      0.00002       10664.02999  
0.00001   0.00002   0.00000      0.00002       12142.93661  
0.00001   0.00002   0.00000      0.00002       10664.02999  
0.00001   0.00002   0.00000      0.00002       10664.02999  
0.00001   0.00002   0.00000      0.00002       11391.48330  
0.00001   0.00002   0.00000      0.00002       10664.02999  
0.00001   0.00002   0.00000      0.00002       10664.02999  
0.00001   0.00002   0.00000      0.00002       10664.02999  
0.00001   0.00002   0.00000      0.00002       10664.02999  
0.00001   0.00002   0.00000      0.00002       12142.93661  
0.00001   0.00002   0.00000      0.00002       10664.02999  
0.00001   0.00002   0.00000      0.00002       10664.02999  
0.00001   0.00002   0.00000      0.00002       10664.02999  
0.00001   0.00002   0.00000      0.00002       10664.02999  
0.00001   0.00002   0.00000      0.00002       10664.02999  
0.00001   0.00002   0.00000      0.00002       10664.02999  
0.00001   0.00002   0.00000      0.00002       10664.02999  
0.00001   0.00002   0.00000      0.00002       10664.02999  
0.00001   0.00002   0.00000      0.00002       10664.02999  
0.00001   0.00002   0.00000      0.00002       10664.02999  
0.00001   0.00002   0.00000      0.00002       11391.48330  
0.00001   0.00002   0.00000      0.00002       10664.02999  
0.00001   0.00002   0.00000      0.00002       10664.02999  
0.00001   0.00002   0.00000      0.00002       10664.02999  
0.00001   0.00002   0.00000      0.00002       10664.02999  
0.00001   0.00002   0.00000      0.00002       10664.02999  
0.00001   0.00002   0.00000      0.00002       10664.02999  
0.00001   0.00002   0.00000      0.00002       9164.74847   
0.00001   0.00002   0.00000      0.00002       9164.74847   
0.00001   0.00002   0.00000      0.00002       10664.02999  
0.00001   0.00002   0.00000      0.00002       9164.74847   
0.00001   0.00002   0.00000      0.00002       9164.74847   
0.00001   0.00002   0.00000      0.00002       9164.74847   
0.00001   0.00002   0.00000      0.00002       9164.74847   
0.00001   0.00002   0.00000      0.00002       9164.74847   
0.00001   0.00002   0.00000      0.00002       9164.74847   
0.00001   0.00002   0.00000      0.00002       9164.74847   
0.00001   0.00002   0.00000      0.00002       9164.74847   
0.00001   0.00002   0.00000      0.00002       9164.74847   
0.00001   0.00002   0.00000      0.00002       9164.74847   
0.00001   0.00002   0.00000      0.00002       9164.74847   
0.00001   0.00002   0.00000      0.00002       9164.74847   
0.00001   0.00002   0.00000      0.00002       9164.74847   
0.00001   0.00002   0.00000      0.00002       9164.74847   
0.00001   0.00002   0.00000      0.00002       9164.74847   
0.00001   0.00002   0.00000      0.00002       9164.74847   
0.00001   0.00002   0.00000      0.00002       9164.74847   
0.00001   0.00002   0.00000      0.00002       9164.74847   
0.00001   0.00002   0.00000      0.00002       9164.74847   

Gradi di liberta = 2506
Chi-quadro = 8632717.246346802
p-value = 0.0
Errore a posteriori = 0.00000

Test ipotesi funzione costante_______________________________
Gradi di Liberta' = 2506
t = 1671.866451202852
p-value = 0.0

Test ipotesi compatibilità misure____________________________
x         y         sy           y_media_p     Chi-quadro   
0.00001   0.00002   0.00000      0.00002       8289809.76898
0.00001   0.00002   0.00000      0.00002       8389848.28572
0.00001   0.00002   0.00000      0.00002       8409927.98907
0.00001   0.00002   0.00000      0.00002       8289809.76898
0.00001   0.00002   0.00000      0.00002       8289809.76898
0.00001   0.00002   0.00000      0.00002       8269874.06563
0.00001   0.00002   0.00000      0.00002       8289809.76898
0.00001   0.00002   0.00000      0.00002       8289809.76898
0.00001   0.00002   0.00000      0.00002       8309769.47233
0.00001   0.00002   0.00000      0.00002       8309769.47233
0.00001   0.00002   0.00000      0.00002       8130996.14218
0.00001   0.00002   0.00000      0.00002       8150763.84553
0.00001   0.00002   0.00000      0.00002       8289809.76898
0.00001   0.00002   0.00000      0.00002       8170555.54888
0.00001   0.00002   0.00000      0.00002       8230074.65893
0.00001   0.00002   0.00000      0.00002       8289809.76898
0.00001   0.00002   0.00000      0.00002       8190371.25223
0.00001   0.00002   0.00000      0.00002       8269874.06563
0.00001   0.00002   0.00000      0.00002       8230074.65893
0.00001   0.00002   0.00000      0.00002       8210210.95558
0.00001   0.00002   0.00000      0.00002       8309769.47233
0.00001   0.00002   0.00000      0.00002       8170555.54888
0.00001   0.00002   0.00000      0.00002       8230074.65893
0.00001   0.00002   0.00000      0.00002       8289809.76898
0.00001   0.00002   0.00000      0.00002       8210210.95558
0.00001   0.00002   0.00000      0.00002       8289809.76898
0.00001   0.00002   0.00000      0.00002       8230074.65893
0.00001   0.00002   0.00000      0.00002       8170555.54888
0.00001   0.00002   0.00000      0.00002       8269874.06563
0.00001   0.00002   0.00000      0.00002       8190371.25223
0.00001   0.00002   0.00000      0.00002       8230074.65893
0.00001   0.00002   0.00000      0.00002       8269874.06563
0.00001   0.00002   0.00000      0.00002       8210210.95558
0.00001   0.00002   0.00000      0.00002       8269874.06563
0.00001   0.00002   0.00000      0.00002       8269874.06563
0.00001   0.00002   0.00000      0.00002       8210210.95558
0.00001   0.00002   0.00000      0.00002       8289809.76898
0.00001   0.00002   0.00000      0.00002       8210210.95558
0.00001   0.00002   0.00000      0.00002       8230074.65893
0.00001   0.00002   0.00000      0.00002       8289809.76898
0.00001   0.00002   0.00000      0.00002       8210210.95558
0.00001   0.00002   0.00000      0.00002       8269874.06563
0.00001   0.00002   0.00000      0.00002       8269874.06563
0.00001   0.00002   0.00000      0.00002       8230074.65893
0.00001   0.00002   0.00000      0.00002       8309769.47233
0.00001   0.00002   0.00000      0.00002       8190371.25223
0.00001   0.00002   0.00000      0.00002       8249962.36228
0.00001   0.00002   0.00000      0.00002       8289809.76898
0.00001   0.00002   0.00000      0.00002       8230074.65893
0.00001   0.00002   0.00000      0.00002       8269874.06563
0.00001   0.00002   0.00000      0.00002       8249962.36228
0.00001   0.00002   0.00000      0.00002       8190371.25223
0.00001   0.00002   0.00000      0.00002       8289809.76898
0.00001   0.00002   0.00000      0.00002       8210210.95558
0.00001   0.00002   0.00000      0.00002       8289809.76898
0.00001   0.00002   0.00000      0.00002       8289809.76898
0.00001   0.00002   0.00000      0.00002       8210210.95558
0.00001   0.00002   0.00000      0.00002       8269874.06563
0.00001   0.00002   0.00000      0.00002       8249962.36228
0.00001   0.00002   0.00000      0.00002       8230074.65893
0.00001   0.00002   0.00000      0.00002       8269874.06563
0.00001   0.00002   0.00000      0.00002       8210210.95558
0.00001   0.00002   0.00000      0.00002       8249962.36228
0.00001   0.00002   0.00000      0.00002       8329753.17568
0.00001   0.00002   0.00000      0.00002       8210210.95558
0.00001   0.00002   0.00000      0.00002       8269874.06563
0.00001   0.00002   0.00000      0.00002       8289809.76898
0.00001   0.00002   0.00000      0.00002       8249962.36228
0.00001   0.00002   0.00000      0.00002       8289809.76898
0.00001   0.00002   0.00000      0.00002       8230074.65893
0.00001   0.00002   0.00000      0.00002       8269874.06563
0.00001   0.00002   0.00000      0.00002       8289809.76898
0.00001   0.00002   0.00000      0.00002       8210210.95558
0.00001   0.00002   0.00000      0.00002       8289809.76898
0.00001   0.00002   0.00000      0.00002       8269874.06563
0.00001   0.00002   0.00000      0.00002       8210210.95558
0.00001   0.00002   0.00000      0.00002       8309769.47233
0.00001   0.00002   0.00000      0.00002       8190371.25223
0.00001   0.00002   0.00000      0.00002       8269874.06563
0.00001   0.00002   0.00000      0.00002       8289809.76898
0.00001   0.00002   0.00000      0.00002       8190371.25223
0.00001   0.00002   0.00000      0.00002       8309769.47233
0.00001   0.00002   0.00000      0.00002       8289809.76898
0.00001   0.00002   0.00000      0.00002       8230074.65893
0.00001   0.00002   0.00000      0.00002       8309769.47233
0.00001   0.00002   0.00000      0.00002       8249962.36228
0.00001   0.00002   0.00000      0.00002       8269874.06563
0.00001   0.00002   0.00000      0.00002       8349760.87903
0.00001   0.00002   0.00000      0.00002       8210210.95558
0.00001   0.00002   0.00000      0.00002       8309769.47233
0.00001   0.00002   0.00000      0.00002       8289809.76898
0.00001   0.00002   0.00000      0.00002       8230074.65893
0.00001   0.00002   0.00000      0.00002       8329753.17568
0.00001   0.00002   0.00000      0.00002       8249962.36228
0.00001   0.00002   0.00000      0.00002       8269874.06563
0.00001   0.00002   0.00000      0.00002       8289809.76898
0.00001   0.00002   0.00000      0.00002       8230074.65893
0.00001   0.00002   0.00000      0.00002       8309769.47233
0.00001   0.00002   0.00000      0.00002       8289809.76898
0.00001   0.00002   0.00000      0.00002       8230074.65893
0.00001   0.00002   0.00000      0.00002       8309769.47233
0.00001   0.00002   0.00000      0.00002       8249962.36228
0.00001   0.00002   0.00000      0.00002       8269874.06563
0.00001   0.00002   0.00000      0.00002       8309769.47233
0.00001   0.00002   0.00000      0.00002       8210210.95558
0.00001   0.00002   0.00000      0.00002       8289809.76898
0.00001   0.00002   0.00000      0.00002       8289809.76898
0.00001   0.00002   0.00000      0.00002       8230074.65893
0.00001   0.00002   0.00000      0.00002       8289809.76898
0.00001   0.00002   0.00000      0.00002       8289809.76898
0.00001   0.00002   0.00000      0.00002       8309769.47233
0.00001   0.00002   0.00000      0.00002       8289809.76898
0.00001   0.00002   0.00000      0.00002       8309769.47233
0.00001   0.00002   0.00000      0.00002       8289809.76898
0.00001   0.00002   0.00000      0.00002       8289809.76898
0.00001   0.00002   0.00000      0.00002       8249962.36228
0.00001   0.00002   0.00000      0.00002       8230074.65893
0.00001   0.00002   0.00000      0.00002       7895655.70199
0.00001   0.00002   0.00000      0.00002       7993294.21874
0.00001   0.00002   0.00000      0.00002       8032517.62544
0.00001   0.00002   0.00000      0.00002       7876199.99864
0.00001   0.00002   0.00000      0.00002       7895655.70199
0.00001   0.00002   0.00000      0.00002       7895655.70199
0.00001   0.00002   0.00000      0.00002       7663771.26180
0.00001   0.00002   0.00000      0.00002       7682962.96515
0.00001   0.00002   0.00000      0.00002       7587244.44840
0.00001   0.00002   0.00000      0.00002       7511101.63501
0.00001   0.00002   0.00000      0.00002       7511101.63501
0.00001   0.00002   0.00000      0.00002       7435342.82161
0.00001   0.00002   0.00000      0.00002       7435342.82161
0.00001   0.00002   0.00000      0.00002       7416463.11826
0.00001   0.00002   0.00000      0.00002       7378775.71156
0.00001   0.00002   0.00000      0.00002       7378775.71156
0.00001   0.00002   0.00000      0.00002       7341184.30486
0.00001   0.00002   0.00000      0.00002       7266289.49147
0.00001   0.00002   0.00000      0.00002       7284977.19482
0.00001   0.00002   0.00000      0.00002       7191778.67807
0.00001   0.00002   0.00000      0.00002       7191778.67807
0.00001   0.00002   0.00000      0.00002       7173210.97472
0.00001   0.00002   0.00000      0.00002       7099180.16132
0.00001   0.00002   0.00000      0.00002       7099180.16132
0.00001   0.00002   0.00000      0.00002       7025533.34793
0.00001   0.00002   0.00000      0.00002       6988853.94123
0.00001   0.00002   0.00000      0.00002       6988853.94123
0.00001   0.00002   0.00000      0.00002       6934014.83118
0.00001   0.00002   0.00000      0.00002       6952270.53453
0.00001   0.00002   0.00000      0.00002       6934014.83118
0.00001   0.00002   0.00000      0.00002       6879391.72113
0.00001   0.00002   0.00000      0.00002       6897575.42448
0.00001   0.00002   0.00000      0.00002       6861232.01778
0.00001   0.00002   0.00000      0.00002       6843096.31443
0.00001   0.00002   0.00000      0.00002       6843096.31443
0.00001   0.00002   0.00000      0.00002       6770793.50104
0.00001   0.00002   0.00000      0.00002       6770793.50104
0.00001   0.00002   0.00000      0.00002       6770793.50104
0.00001   0.00002   0.00000      0.00002       6752777.79769
0.00001   0.00002   0.00000      0.00002       6770793.50104
0.00001   0.00002   0.00000      0.00002       6752777.79769
0.00001   0.00002   0.00000      0.00002       6698874.68764
0.00001   0.00002   0.00000      0.00002       6734786.09434
0.00001   0.00002   0.00000      0.00002       6645187.57759
0.00001   0.00002   0.00000      0.00002       6645187.57759
0.00001   0.00002   0.00000      0.00002       6663059.28094
0.00001   0.00002   0.00000      0.00002       6627339.87424
0.00001   0.00002   0.00000      0.00002       6627339.87424
0.00001   0.00002   0.00000      0.00002       6627339.87424
0.00001   0.00002   0.00000      0.00002       6609516.17089
0.00001   0.00002   0.00000      0.00002       6627339.87424
0.00001   0.00002   0.00000      0.00002       6609516.17089
0.00001   0.00002   0.00000      0.00002       6609516.17089
0.00001   0.00002   0.00000      0.00002       6609516.17089
0.00001   0.00002   0.00000      0.00002       6591716.46754
0.00001   0.00002   0.00000      0.00002       6591716.46754
0.00001   0.00002   0.00000      0.00002       6591716.46754
0.00001   0.00002   0.00000      0.00002       6573940.76419
0.00001   0.00002   0.00000      0.00002       6573940.76419
0.00001   0.00002   0.00000      0.00002       6573940.76419
0.00001   0.00002   0.00000      0.00002       6573940.76419
0.00001   0.00002   0.00000      0.00002       6556189.06084
0.00001   0.00002   0.00000      0.00002       6556189.06084
0.00001   0.00002   0.00000      0.00002       6556189.06084
0.00001   0.00002   0.00000      0.00002       6538461.35750
0.00001   0.00002   0.00000      0.00002       6538461.35750
0.00001   0.00002   0.00000      0.00002       6538461.35750
0.00001   0.00002   0.00000      0.00002       6503077.95080
0.00001   0.00002   0.00000      0.00002       6503077.95080
0.00001   0.00002   0.00000      0.00002       6503077.95080
0.00001   0.00002   0.00000      0.00002       6485422.24745
0.00001   0.00002   0.00000      0.00002       6485422.24745
0.00001   0.00002   0.00000      0.00002       6467790.54410
0.00001   0.00002   0.00000      0.00002       6467790.54410
0.00001   0.00002   0.00000      0.00002       6467790.54410
0.00001   0.00002   0.00000      0.00002       6450182.84075
0.00001   0.00002   0.00000      0.00002       6432599.13740
0.00001   0.00002   0.00000      0.00002       6432599.13740
0.00001   0.00002   0.00000      0.00002       6397503.73070
0.00001   0.00002   0.00000      0.00002       6379992.02735
0.00001   0.00002   0.00000      0.00002       6379992.02735
0.00001   0.00002   0.00000      0.00002       6379992.02735
0.00001   0.00002   0.00000      0.00002       6379992.02735
0.00001   0.00002   0.00000      0.00002       6362504.32400
0.00001   0.00002   0.00000      0.00002       6327600.91730
0.00001   0.00002   0.00000      0.00002       6310185.21395
0.00001   0.00002   0.00000      0.00002       6240762.40056
0.00001   0.00002   0.00000      0.00002       6223466.69721
0.00001   0.00002   0.00000      0.00002       6188947.29051
0.00001   0.00002   0.00000      0.00002       6154523.88381
0.00001   0.00002   0.00000      0.00002       6137348.18046
0.00001   0.00002   0.00000      0.00002       6103068.77376
0.00001   0.00002   0.00000      0.00002       6068885.36706
0.00001   0.00002   0.00000      0.00002       6034797.96037
0.00001   0.00002   0.00000      0.00002       5983846.85032
0.00001   0.00002   0.00000      0.00002       5966911.14697
0.00001   0.00002   0.00000      0.00002       5933111.74027
0.00001   0.00002   0.00000      0.00002       5899408.33357
0.00001   0.00002   0.00000      0.00002       5865800.92687
0.00001   0.00002   0.00000      0.00002       5815569.81683
0.00001   0.00002   0.00000      0.00002       5798874.11348
0.00001   0.00002   0.00000      0.00002       5782202.41013
0.00001   0.00002   0.00000      0.00002       5765554.70678
0.00001   0.00002   0.00000      0.00002       5748931.00343
0.00001   0.00002   0.00000      0.00002       5732331.30008
0.00001   0.00002   0.00000      0.00002       5715755.59673
0.00001   0.00002   0.00000      0.00002       5682676.19003
0.00001   0.00002   0.00000      0.00002       5633237.07998
0.00001   0.00002   0.00000      0.00002       5616805.37663
0.00001   0.00002   0.00000      0.00002       5600397.67328
0.00001   0.00002   0.00000      0.00002       5567654.26659
0.00001   0.00002   0.00000      0.00002       5567654.26659
0.00001   0.00002   0.00000      0.00002       5551318.56324
0.00001   0.00002   0.00000      0.00002       5518719.15654
0.00001   0.00002   0.00000      0.00002       5502455.45319
0.00001   0.00002   0.00000      0.00002       5486215.74984
0.00001   0.00002   0.00000      0.00002       5470000.04649
0.00001   0.00002   0.00000      0.00002       5453808.34314
0.00001   0.00002   0.00000      0.00002       5405377.23309
0.00001   0.00002   0.00000      0.00002       5389281.52974
0.00001   0.00002   0.00000      0.00002       5373209.82639
0.00001   0.00002   0.00000      0.00002       5357162.12305
0.00001   0.00002   0.00000      0.00002       5357162.12305
0.00001   0.00002   0.00000      0.00002       5341138.41970
0.00001   0.00002   0.00000      0.00002       5325138.71635
0.00001   0.00002   0.00000      0.00002       5309163.01300
0.00001   0.00002   0.00000      0.00002       5293211.30965
0.00001   0.00002   0.00000      0.00002       5293211.30965
0.00001   0.00002   0.00000      0.00002       5293211.30965
0.00001   0.00002   0.00000      0.00002       5277283.60630
0.00001   0.00002   0.00000      0.00002       5277283.60630
0.00001   0.00002   0.00000      0.00002       5245500.19960
0.00001   0.00002   0.00000      0.00002       5229644.49625
0.00001   0.00002   0.00000      0.00002       5213812.79290
0.00001   0.00002   0.00000      0.00002       5182221.38620
0.00001   0.00002   0.00000      0.00002       5166461.68285
0.00001   0.00002   0.00000      0.00002       5150725.97950
0.00001   0.00002   0.00000      0.00002       5135014.27616
0.00001   0.00002   0.00000      0.00002       5103662.86946
0.00001   0.00002   0.00000      0.00002       5088023.16611
0.00001   0.00002   0.00000      0.00002       5088023.16611
0.00001   0.00002   0.00000      0.00002       5056815.75941
0.00001   0.00002   0.00000      0.00002       5025704.35271
0.00001   0.00002   0.00000      0.00002       5010184.64936
0.00001   0.00002   0.00000      0.00002       4994688.94601
0.00001   0.00002   0.00000      0.00002       4963769.53931
0.00001   0.00002   0.00000      0.00002       4948345.83596
0.00001   0.00002   0.00000      0.00002       4932946.13261
0.00001   0.00002   0.00000      0.00002       4917570.42927
0.00001   0.00002   0.00000      0.00002       4902218.72592
0.00001   0.00002   0.00000      0.00002       4871587.31922
0.00001   0.00002   0.00000      0.00002       4841051.91252
0.00001   0.00002   0.00000      0.00002       4825820.20917
0.00001   0.00002   0.00000      0.00002       4795428.80247
0.00001   0.00002   0.00000      0.00002       4780269.09912
0.00001   0.00002   0.00000      0.00002       4750021.69242
0.00001   0.00002   0.00000      0.00002       4734933.98907
0.00001   0.00002   0.00000      0.00002       4704830.58238
0.00001   0.00002   0.00000      0.00002       4674823.17568
0.00001   0.00002   0.00000      0.00002       4644911.76898
0.00001   0.00002   0.00000      0.00002       4629992.06563
0.00001   0.00002   0.00000      0.00002       4600224.65893
0.00001   0.00002   0.00000      0.00002       4585376.95558
0.00001   0.00002   0.00000      0.00002       4570553.25223
0.00001   0.00002   0.00000      0.00002       4555753.54888
0.00001   0.00002   0.00000      0.00002       4555753.54888
0.00001   0.00002   0.00000      0.00002       4526226.14218
0.00001   0.00002   0.00000      0.00002       4526226.14218
0.00001   0.00002   0.00000      0.00002       4511498.43883
0.00001   0.00002   0.00000      0.00002       4496794.73549
0.00001   0.00002   0.00000      0.00002       4496794.73549
0.00001   0.00002   0.00000      0.00002       4467459.32879
0.00001   0.00002   0.00000      0.00002       4438219.92209
0.00001   0.00002   0.00000      0.00002       4423636.21874
0.00001   0.00002   0.00000      0.00002       4409076.51539
0.00001   0.00002   0.00000      0.00002       4409076.51539
0.00001   0.00002   0.00000      0.00002       4394540.81204
0.00001   0.00002   0.00000      0.00002       4365541.40534
0.00001   0.00002   0.00000      0.00002       4351077.70199
0.00001   0.00002   0.00000      0.00002       4322222.29529
0.00001   0.00002   0.00000      0.00002       4307830.59195
0.00001   0.00002   0.00000      0.00002       4293462.88860
0.00001   0.00002   0.00000      0.00002       4264799.48190
0.00001   0.00002   0.00000      0.00002       4236232.07520
0.00001   0.00002   0.00000      0.00002       4236232.07520
0.00001   0.00002   0.00000      0.00002       4207760.66850
0.00001   0.00002   0.00000      0.00002       4179385.26180
0.00001   0.00002   0.00000      0.00002       4165233.55845
0.00001   0.00002   0.00000      0.00002       4151105.85510
0.00001   0.00002   0.00000      0.00002       4137002.15175
0.00001   0.00002   0.00000      0.00002       4108866.74506
0.00001   0.00002   0.00000      0.00002       4094835.04171
0.00001   0.00002   0.00000      0.00002       4066843.63501
0.00001   0.00002   0.00000      0.00002       4025036.52496
0.00001   0.00002   0.00000      0.00002       4011148.82161
0.00001   0.00002   0.00000      0.00002       3983445.41491
0.00001   0.00002   0.00000      0.00002       3955838.00821
0.00001   0.00002   0.00000      0.00002       3942070.30486
0.00001   0.00002   0.00000      0.00002       3928326.60151
0.00001   0.00002   0.00000      0.00002       3914606.89817
0.00001   0.00002   0.00000      0.00002       3900911.19482
0.00001   0.00002   0.00000      0.00002       3887239.49147
0.00001   0.00002   0.00000      0.00002       3873591.78812
0.00001   0.00002   0.00000      0.00002       3859968.08477
0.00001   0.00002   0.00000      0.00002       3859968.08477
0.00001   0.00002   0.00000      0.00002       3846368.38142
0.00001   0.00002   0.00000      0.00002       3846368.38142
0.00001   0.00002   0.00000      0.00002       3832792.67807
0.00001   0.00002   0.00000      0.00002       3819240.97472
0.00001   0.00002   0.00000      0.00002       3819240.97472
0.00001   0.00002   0.00000      0.00002       3792209.56802
0.00001   0.00002   0.00000      0.00002       3778729.86467
0.00001   0.00002   0.00000      0.00002       3778729.86467
0.00001   0.00002   0.00000      0.00002       3751842.45797
0.00001   0.00002   0.00000      0.00002       3711691.34793
0.00001   0.00002   0.00000      0.00002       3711691.34793
0.00001   0.00002   0.00000      0.00002       3711691.34793
0.00001   0.00002   0.00000      0.00002       3685043.94123
0.00001   0.00002   0.00000      0.00002       3671756.23788
0.00001   0.00002   0.00000      0.00002       3658492.53453
0.00001   0.00002   0.00000      0.00002       3632037.12783
0.00001   0.00002   0.00000      0.00002       3632037.12783
0.00001   0.00002   0.00000      0.00002       3605677.72113
0.00001   0.00002   0.00000      0.00002       3605677.72113
0.00001   0.00002   0.00000      0.00002       3592534.01778
0.00001   0.00002   0.00000      0.00002       3566318.61108
0.00001   0.00002   0.00000      0.00002       3553246.90773
0.00001   0.00002   0.00000      0.00002       3540199.20439
0.00001   0.00002   0.00000      0.00002       3514175.79769
0.00001   0.00002   0.00000      0.00002       3501200.09434
0.00001   0.00002   0.00000      0.00002       3475320.68764
0.00001   0.00002   0.00000      0.00002       3462416.98429
0.00001   0.00002   0.00000      0.00002       3449537.28094
0.00001   0.00002   0.00000      0.00002       3423849.87424
0.00001   0.00002   0.00000      0.00002       3411042.17089
0.00001   0.00002   0.00000      0.00002       3398258.46754
0.00001   0.00002   0.00000      0.00002       3372763.06084
0.00001   0.00002   0.00000      0.00002       3372763.06084
0.00001   0.00002   0.00000      0.00002       3360051.35750
0.00001   0.00002   0.00000      0.00002       3347363.65415
0.00001   0.00002   0.00000      0.00002       3322060.24745
0.00001   0.00002   0.00000      0.00002       3309444.54410
0.00001   0.00002   0.00000      0.00002       3296852.84075
0.00001   0.00002   0.00000      0.00002       3284285.13740
0.00001   0.00002   0.00000      0.00002       3271741.43405
0.00001   0.00002   0.00000      0.00002       3271741.43405
0.00001   0.00002   0.00000      0.00002       3259221.73070
0.00001   0.00002   0.00000      0.00002       3246726.02735
0.00001   0.00002   0.00000      0.00002       3246726.02735
0.00001   0.00002   0.00000      0.00002       3234254.32400
0.00001   0.00002   0.00000      0.00002       3221806.62065
0.00001   0.00002   0.00000      0.00002       3221806.62065
0.00001   0.00002   0.00000      0.00002       3209382.91730
0.00001   0.00002   0.00000      0.00002       3196983.21395
0.00001   0.00002   0.00000      0.00002       3184607.51061
0.00001   0.00002   0.00000      0.00002       3184607.51061
0.00001   0.00002   0.00000      0.00002       3184607.51061
0.00001   0.00002   0.00000      0.00002       3159928.10391
0.00001   0.00002   0.00000      0.00002       3147624.40056
0.00001   0.00002   0.00000      0.00002       3147624.40056
0.00001   0.00002   0.00000      0.00002       3123088.99386
0.00001   0.00002   0.00000      0.00002       3110857.29051
0.00001   0.00002   0.00000      0.00002       3098649.58716
0.00001   0.00002   0.00000      0.00002       3086465.88381
0.00001   0.00002   0.00000      0.00002       3062170.47711
0.00001   0.00002   0.00000      0.00002       3037971.07041
0.00001   0.00002   0.00000      0.00002       3025907.36706
0.00001   0.00002   0.00000      0.00002       3013867.66372
0.00001   0.00002   0.00000      0.00002       2989860.25702
0.00001   0.00002   0.00000      0.00002       2989860.25702
0.00001   0.00002   0.00000      0.00002       2965948.85032
0.00001   0.00002   0.00000      0.00002       2942133.44362
0.00001   0.00002   0.00000      0.00002       2930261.74027
0.00001   0.00002   0.00000      0.00002       2918414.03692
0.00001   0.00002   0.00000      0.00002       2894790.63022
0.00001   0.00002   0.00000      0.00002       2871263.22352
0.00001   0.00002   0.00000      0.00002       2859535.52017
0.00001   0.00002   0.00000      0.00002       2859535.52017
0.00001   0.00002   0.00000      0.00002       2847831.81683
0.00001   0.00002   0.00000      0.00002       2847831.81683
0.00001   0.00002   0.00000      0.00002       2847831.81683
0.00001   0.00002   0.00000      0.00002       2824496.41013
0.00001   0.00002   0.00000      0.00002       2801257.00343
0.00001   0.00002   0.00000      0.00002       2778113.59673
0.00001   0.00002   0.00000      0.00002       2743578.48668
0.00001   0.00002   0.00000      0.00002       2732114.78333
0.00001   0.00002   0.00000      0.00002       2720675.07998
0.00001   0.00002   0.00000      0.00002       2709259.37663
0.00001   0.00002   0.00000      0.00002       2697867.67328
0.00001   0.00002   0.00000      0.00002       2675156.26659
0.00001   0.00002   0.00000      0.00002       2686499.96994
0.00001   0.00002   0.00000      0.00002       2652540.85989
0.00001   0.00002   0.00000      0.00002       2652540.85989
0.00001   0.00002   0.00000      0.00002       2663836.56324
0.00001   0.00002   0.00000      0.00002       2641269.15654
0.00001   0.00002   0.00000      0.00002       2630021.45319
0.00001   0.00002   0.00000      0.00002       2596422.34314
0.00001   0.00002   0.00000      0.00002       2596422.34314
0.00001   0.00002   0.00000      0.00002       2607598.04649
0.00001   0.00002   0.00000      0.00002       2585270.63979
0.00001   0.00002   0.00000      0.00002       2574142.93644
0.00001   0.00002   0.00000      0.00002       2551959.52974
0.00001   0.00002   0.00000      0.00002       2507880.71635
0.00001   0.00002   0.00000      0.00002       2496921.01300
0.00001   0.00002   0.00000      0.00002       2485985.30965
0.00001   0.00002   0.00000      0.00002       2475073.60630
0.00001   0.00002   0.00000      0.00002       2442482.49625
0.00001   0.00002   0.00000      0.00002       2442482.49625
0.00001   0.00002   0.00000      0.00002       2410107.38620
0.00001   0.00002   0.00000      0.00002       2399363.68285
0.00001   0.00002   0.00000      0.00002       2377948.27616
0.00001   0.00002   0.00000      0.00002       2356628.86946
0.00001   0.00002   0.00000      0.00002       2346005.16611
0.00001   0.00002   0.00000      0.00002       2335405.46276
0.00001   0.00002   0.00000      0.00002       2324829.75941
0.00001   0.00002   0.00000      0.00002       2314278.05606
0.00001   0.00002   0.00000      0.00002       2293246.64936
0.00001   0.00002   0.00000      0.00002       2272311.24266
0.00001   0.00002   0.00000      0.00002       2261879.53931
0.00001   0.00002   0.00000      0.00002       2251471.83596
0.00001   0.00002   0.00000      0.00002       2230728.42927
0.00001   0.00002   0.00000      0.00002       2199793.31922
0.00001   0.00002   0.00000      0.00002       2199793.31922
0.00001   0.00002   0.00000      0.00002       2189529.61587
0.00001   0.00002   0.00000      0.00002       2179289.91252
0.00001   0.00002   0.00000      0.00002       2169074.20917
0.00001   0.00002   0.00000      0.00002       2169074.20917
0.00001   0.00002   0.00000      0.00002       2158882.50582
0.00001   0.00002   0.00000      0.00002       2158882.50582
0.00001   0.00002   0.00000      0.00002       2148714.80247
0.00001   0.00002   0.00000      0.00002       2138571.09912
0.00001   0.00002   0.00000      0.00002       2128451.39577
0.00001   0.00002   0.00000      0.00002       2118355.69242
0.00001   0.00002   0.00000      0.00002       2108283.98907
0.00001   0.00002   0.00000      0.00002       2108283.98907
0.00001   0.00002   0.00000      0.00002       2098236.28572
0.00001   0.00002   0.00000      0.00002       2088212.58238
0.00001   0.00002   0.00000      0.00002       2078212.87903
0.00001   0.00002   0.00000      0.00002       2078212.87903
0.00001   0.00002   0.00000      0.00002       2068237.17568
0.00001   0.00002   0.00000      0.00002       2048357.76898
0.00001   0.00002   0.00000      0.00002       2028574.36228
0.00001   0.00002   0.00000      0.00002       2018718.65893
0.00001   0.00002   0.00000      0.00002       1999079.25223
0.00001   0.00002   0.00000      0.00002       1989295.54888
0.00001   0.00002   0.00000      0.00002       1969800.14218
0.00001   0.00002   0.00000      0.00002       1969800.14218
0.00001   0.00002   0.00000      0.00002       1960088.43883
0.00001   0.00002   0.00000      0.00002       1940737.03214
0.00001   0.00002   0.00000      0.00002       1921481.62544
0.00001   0.00002   0.00000      0.00002       1911889.92209
0.00001   0.00002   0.00000      0.00002       1883258.81204
0.00001   0.00002   0.00000      0.00002       1873763.10869
0.00001   0.00002   0.00000      0.00002       1854843.70199
0.00001   0.00002   0.00000      0.00002       1836020.29529
0.00001   0.00002   0.00000      0.00002       1826644.59195
0.00001   0.00002   0.00000      0.00002       1807965.18525
0.00001   0.00002   0.00000      0.00002       1798661.48190
0.00001   0.00002   0.00000      0.00002       1789381.77855
0.00001   0.00002   0.00000      0.00002       1770894.37185
0.00001   0.00002   0.00000      0.00002       1752502.96515
0.00001   0.00002   0.00000      0.00002       1725095.85510
0.00001   0.00002   0.00000      0.00002       1716008.15175
0.00001   0.00002   0.00000      0.00002       1706944.44840
0.00001   0.00002   0.00000      0.00002       1697904.74506
0.00001   0.00002   0.00000      0.00002       1688889.04171
0.00001   0.00002   0.00000      0.00002       1679897.33836
0.00001   0.00002   0.00000      0.00002       1661985.93166
0.00001   0.00002   0.00000      0.00002       1661985.93166
0.00001   0.00002   0.00000      0.00002       1653066.22831
0.00001   0.00002   0.00000      0.00002       1644170.52496
0.00001   0.00002   0.00000      0.00002       1635298.82161
0.00001   0.00002   0.00000      0.00002       1617627.41491
0.00001   0.00002   0.00000      0.00002       1600052.00821
0.00001   0.00002   0.00000      0.00002       1591300.30486
0.00001   0.00002   0.00000      0.00002       1573868.89817
0.00001   0.00002   0.00000      0.00002       1565189.19482
0.00001   0.00002   0.00000      0.00002       1547901.78812
0.00001   0.00002   0.00000      0.00002       1539294.08477
0.00001   0.00002   0.00000      0.00002       1530710.38142
0.00001   0.00002   0.00000      0.00002       1505103.27137
0.00001   0.00002   0.00000      0.00002       1496615.56802
0.00001   0.00002   0.00000      0.00002       1471296.45797
0.00001   0.00002   0.00000      0.00002       1454537.05128
0.00001   0.00002   0.00000      0.00002       1446193.34793
0.00001   0.00002   0.00000      0.00002       1421306.23788
0.00001   0.00002   0.00000      0.00002       1404834.83118
0.00001   0.00002   0.00000      0.00002       1396635.12783
0.00001   0.00002   0.00000      0.00002       1380307.72113
0.00001   0.00002   0.00000      0.00002       1364076.31443
0.00001   0.00002   0.00000      0.00002       1347940.90773
0.00001   0.00002   0.00000      0.00002       1331901.50104
0.00001   0.00002   0.00000      0.00002       1331901.50104
0.00001   0.00002   0.00000      0.00002       1323917.79769
0.00001   0.00002   0.00000      0.00002       1308022.39099
0.00001   0.00002   0.00000      0.00002       1300110.68764
0.00001   0.00002   0.00000      0.00002       1292222.98429
0.00001   0.00002   0.00000      0.00002       1292222.98429
0.00001   0.00002   0.00000      0.00002       1284359.28094
0.00001   0.00002   0.00000      0.00002       1276519.57759
0.00001   0.00002   0.00000      0.00002       1276519.57759
0.00001   0.00002   0.00000      0.00002       1268703.87424
0.00001   0.00002   0.00000      0.00002       1260912.17089
0.00001   0.00002   0.00000      0.00002       1253144.46754
0.00001   0.00002   0.00000      0.00002       1237681.06084
0.00001   0.00002   0.00000      0.00002       1229985.35750
0.00001   0.00002   0.00000      0.00002       1229985.35750
0.00001   0.00002   0.00000      0.00002       1214665.95080
0.00001   0.00002   0.00000      0.00002       1199442.54410
0.00001   0.00002   0.00000      0.00002       1184315.13740
0.00001   0.00002   0.00000      0.00002       1176787.43405
0.00001   0.00002   0.00000      0.00002       1161804.02735
0.00001   0.00002   0.00000      0.00002       1154348.32400
0.00001   0.00002   0.00000      0.00002       1146916.62065
0.00001   0.00002   0.00000      0.00002       1139508.91730
0.00001   0.00002   0.00000      0.00002       1124765.51061
0.00001   0.00002   0.00000      0.00002       1117429.80726
0.00001   0.00002   0.00000      0.00002       1102830.40056
0.00001   0.00002   0.00000      0.00002       1095566.69721
0.00001   0.00002   0.00000      0.00002       1088326.99386
0.00001   0.00002   0.00000      0.00002       1073919.58716
0.00001   0.00002   0.00000      0.00002       1066751.88381
0.00001   0.00002   0.00000      0.00002       1059608.18046
0.00001   0.00002   0.00000      0.00002       1052488.47711
0.00001   0.00002   0.00000      0.00002       1038321.07041
0.00001   0.00002   0.00000      0.00002       1031273.36706
0.00001   0.00002   0.00000      0.00002       1024249.66372
0.00001   0.00002   0.00000      0.00002       1010274.25702
0.00001   0.00002   0.00000      0.00002       989491.14697 
0.00001   0.00002   0.00000      0.00002       989491.14697 
0.00001   0.00002   0.00000      0.00002       982611.44362 
0.00001   0.00002   0.00000      0.00002       968924.03692 
0.00001   0.00002   0.00000      0.00002       968924.03692 
0.00001   0.00002   0.00000      0.00002       962116.33357 
0.00001   0.00002   0.00000      0.00002       955332.63022 
0.00001   0.00002   0.00000      0.00002       955332.63022 
0.00001   0.00002   0.00000      0.00002       948572.92687 
0.00001   0.00002   0.00000      0.00002       941837.22352 
0.00001   0.00002   0.00000      0.00002       935125.52017 
0.00001   0.00002   0.00000      0.00002       928437.81683 
0.00001   0.00002   0.00000      0.00002       928437.81683 
0.00001   0.00002   0.00000      0.00002       915134.41013 
0.00001   0.00002   0.00000      0.00002       908518.70678 
0.00001   0.00002   0.00000      0.00002       901927.00343 
0.00001   0.00002   0.00000      0.00002       888815.59673 
0.00001   0.00002   0.00000      0.00002       882295.89338 
0.00001   0.00002   0.00000      0.00002       875800.19003 
0.00001   0.00002   0.00000      0.00002       862880.78333 
0.00001   0.00002   0.00000      0.00002       850057.37663 
0.00001   0.00002   0.00000      0.00002       843681.67328 
0.00001   0.00002   0.00000      0.00002       831002.26659 
0.00001   0.00002   0.00000      0.00002       824698.56324 
0.00001   0.00002   0.00000      0.00002       812163.15654 
0.00001   0.00002   0.00000      0.00002       799723.74984 
0.00001   0.00002   0.00000      0.00002       793540.04649 
0.00001   0.00002   0.00000      0.00002       775132.93644 
0.00001   0.00002   0.00000      0.00002       769045.23309 
0.00001   0.00002   0.00000      0.00002       756941.82639 
0.00001   0.00002   0.00000      0.00002       744934.41970 
0.00001   0.00002   0.00000      0.00002       733023.01300 
0.00001   0.00002   0.00000      0.00002       721207.60630 
0.00001   0.00002   0.00000      0.00002       709488.19960 
0.00001   0.00002   0.00000      0.00002       703664.49625 
0.00001   0.00002   0.00000      0.00002       692089.08955 
0.00001   0.00002   0.00000      0.00002       686337.38620 
0.00001   0.00002   0.00000      0.00002       680609.68285 
0.00001   0.00002   0.00000      0.00002       669226.27616 
0.00001   0.00002   0.00000      0.00002       663570.57281 
0.00001   0.00002   0.00000      0.00002       657938.86946 
0.00001   0.00002   0.00000      0.00002       652331.16611 
0.00001   0.00002   0.00000      0.00002       652331.16611 
0.00001   0.00002   0.00000      0.00002       641187.75941 
0.00001   0.00002   0.00000      0.00002       635652.05606 
0.00001   0.00002   0.00000      0.00002       630140.35271 
0.00001   0.00002   0.00000      0.00002       619188.94601 
0.00001   0.00002   0.00000      0.00002       619188.94601 
0.00001   0.00002   0.00000      0.00002       608333.53931 
0.00001   0.00002   0.00000      0.00002       597574.13261 
0.00001   0.00002   0.00000      0.00002       592230.42927 
0.00001   0.00002   0.00000      0.00002       576343.31922 
0.00001   0.00002   0.00000      0.00002       571095.61587 
0.00001   0.00002   0.00000      0.00002       565871.91252 
0.00001   0.00002   0.00000      0.00002       555496.50582 
0.00001   0.00002   0.00000      0.00002       555496.50582 
0.00001   0.00002   0.00000      0.00002       550344.80247 
0.00001   0.00002   0.00000      0.00002       545217.09912 
0.00001   0.00002   0.00000      0.00002       540113.39577 
0.00001   0.00002   0.00000      0.00002       529977.98907 
0.00001   0.00002   0.00000      0.00002       524946.28572 
0.00001   0.00002   0.00000      0.00002       519938.58238 
0.00001   0.00002   0.00000      0.00002       509995.17568 
0.00001   0.00002   0.00000      0.00002       505059.47233 
0.00001   0.00002   0.00000      0.00002       495260.06563 
0.00001   0.00002   0.00000      0.00002       490396.36228 
0.00001   0.00002   0.00000      0.00002       485556.65893 
0.00001   0.00002   0.00000      0.00002       475949.25223 
0.00001   0.00002   0.00000      0.00002       471181.54888 
0.00001   0.00002   0.00000      0.00002       461718.14218 
0.00001   0.00002   0.00000      0.00002       452350.73549 
0.00001   0.00002   0.00000      0.00002       452350.73549 
0.00001   0.00002   0.00000      0.00002       447703.03214 
0.00001   0.00002   0.00000      0.00002       443079.32879 
0.00001   0.00002   0.00000      0.00002       438479.62544 
0.00001   0.00002   0.00000      0.00002       429352.21874 
0.00001   0.00002   0.00000      0.00002       429352.21874 
0.00001   0.00002   0.00000      0.00002       424824.51539 
0.00001   0.00002   0.00000      0.00002       420320.81204 
0.00001   0.00002   0.00000      0.00002       420320.81204 
0.00001   0.00002   0.00000      0.00002       415841.10869 
0.00001   0.00002   0.00000      0.00002       411385.40534 
0.00001   0.00002   0.00000      0.00002       406953.70199 
0.00001   0.00002   0.00000      0.00002       402545.99864 
0.00001   0.00002   0.00000      0.00002       402545.99864 
0.00001   0.00002   0.00000      0.00002       398162.29529 
0.00001   0.00002   0.00000      0.00002       393802.59195 
0.00001   0.00002   0.00000      0.00002       389466.88860 
0.00001   0.00002   0.00000      0.00002       385155.18525 
0.00001   0.00002   0.00000      0.00002       376603.77855 
0.00001   0.00002   0.00000      0.00002       372364.07520 
0.00001   0.00002   0.00000      0.00002       363956.66850 
0.00001   0.00002   0.00000      0.00002       359788.96515 
0.00001   0.00002   0.00000      0.00002       355645.26180 
0.00001   0.00002   0.00000      0.00002       347429.85510 
0.00001   0.00002   0.00000      0.00002       343358.15175 
0.00001   0.00002   0.00000      0.00002       339310.44840 
0.00001   0.00002   0.00000      0.00002       331287.04171 
0.00001   0.00002   0.00000      0.00002       323359.63501 
0.00001   0.00002   0.00000      0.00002       315528.22831 
0.00001   0.00002   0.00000      0.00002       307792.82161 
0.00001   0.00002   0.00000      0.00002       300153.41491 
0.00001   0.00002   0.00000      0.00002       292610.00821 
0.00001   0.00002   0.00000      0.00002       285162.60151 
0.00001   0.00002   0.00000      0.00002       281474.89817 
0.00001   0.00002   0.00000      0.00002       277811.19482 
0.00001   0.00002   0.00000      0.00002       270555.78812 
0.00001   0.00002   0.00000      0.00002       263396.38142 
0.00001   0.00002   0.00000      0.00002       259852.67807 
0.00001   0.00002   0.00000      0.00002       259852.67807 
0.00001   0.00002   0.00000      0.00002       252837.27137 
0.00001   0.00002   0.00000      0.00002       249365.56802 
0.00001   0.00002   0.00000      0.00002       245917.86467 
0.00001   0.00002   0.00000      0.00002       242494.16132 
0.00001   0.00002   0.00000      0.00002       239094.45797 
0.00001   0.00002   0.00000      0.00002       235718.75462 
0.00001   0.00002   0.00000      0.00002       235718.75462 
0.00001   0.00002   0.00000      0.00002       232367.05128 
0.00001   0.00002   0.00000      0.00002       229039.34793 
0.00001   0.00002   0.00000      0.00002       225735.64458 
0.00001   0.00002   0.00000      0.00002       225735.64458 
0.00001   0.00002   0.00000      0.00002       222455.94123 
0.00001   0.00002   0.00000      0.00002       222455.94123 
0.00001   0.00002   0.00000      0.00002       215968.53453 
0.00001   0.00002   0.00000      0.00002       212760.83118 
0.00001   0.00002   0.00000      0.00002       206417.42448 
0.00001   0.00002   0.00000      0.00002       203281.72113 
0.00001   0.00002   0.00000      0.00002       197082.31443 
0.00001   0.00002   0.00000      0.00002       194018.61108 
0.00001   0.00002   0.00000      0.00002       187963.20439 
0.00001   0.00002   0.00000      0.00002       184971.50104 
0.00001   0.00002   0.00000      0.00002       182003.79769 
0.00001   0.00002   0.00000      0.00002       179060.09434 
0.00001   0.00002   0.00000      0.00002       176140.39099 
0.00001   0.00002   0.00000      0.00002       173244.68764 
0.00001   0.00002   0.00000      0.00002       167525.28094 
0.00001   0.00002   0.00000      0.00002       156374.46754 
0.00001   0.00002   0.00000      0.00002       148263.35750 
0.00001   0.00002   0.00000      0.00002       145607.65415 
0.00001   0.00002   0.00000      0.00002       140368.24745 
0.00001   0.00002   0.00000      0.00002       135224.84075 
0.00001   0.00002   0.00000      0.00002       132689.13740 
0.00001   0.00002   0.00000      0.00002       127689.73070 
0.00001   0.00002   0.00000      0.00002       125226.02735 
0.00001   0.00002   0.00000      0.00002       120370.62065 
0.00001   0.00002   0.00000      0.00002       113267.51061 
0.00001   0.00002   0.00000      0.00002       110947.80726 
0.00001   0.00002   0.00000      0.00002       108652.10391 
0.00001   0.00002   0.00000      0.00002       106380.40056 
0.00001   0.00002   0.00000      0.00002       106380.40056 
0.00001   0.00002   0.00000      0.00002       101908.99386 
0.00001   0.00002   0.00000      0.00002       99709.29051  
0.00001   0.00002   0.00000      0.00002       99709.29051  
0.00001   0.00002   0.00000      0.00002       97533.58716  
0.00001   0.00002   0.00000      0.00002       95381.88381  
0.00001   0.00002   0.00000      0.00002       93254.18046  
0.00001   0.00002   0.00000      0.00002       91150.47711  
0.00001   0.00002   0.00000      0.00002       89070.77376  
0.00001   0.00002   0.00000      0.00002       82975.66372  
0.00001   0.00002   0.00000      0.00002       80991.96037  
0.00001   0.00002   0.00000      0.00002       80991.96037  
0.00001   0.00002   0.00000      0.00002       77096.55367  
0.00001   0.00002   0.00000      0.00002       75184.85032  
0.00001   0.00002   0.00000      0.00002       71433.44362  
0.00001   0.00002   0.00000      0.00002       67778.03692  
0.00001   0.00002   0.00000      0.00002       65986.33357  
0.00001   0.00002   0.00000      0.00002       64218.63022  
0.00001   0.00002   0.00000      0.00002       62474.92687  
0.00001   0.00002   0.00000      0.00002       59059.52017  
0.00001   0.00002   0.00000      0.00002       55740.11348  
0.00001   0.00002   0.00000      0.00002       54116.41013  
0.00001   0.00002   0.00000      0.00002       52516.70678  
0.00001   0.00002   0.00000      0.00002       47861.59673  
0.00001   0.00002   0.00000      0.00002       46357.89338  
0.00001   0.00002   0.00000      0.00002       41990.78333  
0.00001   0.00002   0.00000      0.00002       39199.37663  
0.00001   0.00002   0.00000      0.00002       35192.26659  
0.00001   0.00002   0.00000      0.00002       30185.45319  
0.00001   0.00002   0.00000      0.00002       26682.34314  
0.00001   0.00002   0.00000      0.00002       25562.63979  
0.00001   0.00002   0.00000      0.00002       24466.93644  
0.00001   0.00002   0.00000      0.00002       22347.52974  
0.00001   0.00002   0.00000      0.00002       21323.82639  
0.00001   0.00002   0.00000      0.00002       19348.41970  
0.00001   0.00002   0.00000      0.00002       19348.41970  
0.00001   0.00002   0.00000      0.00002       18396.71635  
0.00001   0.00002   0.00000      0.00002       18396.71635  
0.00001   0.00002   0.00000      0.00002       17469.01300  
0.00001   0.00002   0.00000      0.00002       16565.30965  
0.00001   0.00002   0.00000      0.00002       15685.60630  
0.00001   0.00002   0.00000      0.00002       14829.90295  
0.00001   0.00002   0.00000      0.00002       14829.90295  
0.00001   0.00002   0.00000      0.00002       13998.19960  
0.00001   0.00002   0.00000      0.00002       10199.68285  
0.00001   0.00002   0.00000      0.00002       8848.27616   
0.00001   0.00002   0.00000      0.00002       7001.16611   
0.00001   0.00002   0.00000      0.00002       5889.75941   
0.00001   0.00002   0.00000      0.00002       4874.35271   
0.00001   0.00002   0.00000      0.00002       3954.94601   
0.00001   0.00002   0.00000      0.00002       3531.24266   
0.00001   0.00002   0.00000      0.00002       2755.83596   
0.00001   0.00002   0.00000      0.00002       1772.72592   
0.00001   0.00002   0.00000      0.00002       1237.31922   
0.00001   0.00002   0.00000      0.00002       614.20917    
0.00001   0.00002   0.00000      0.00002       119.39577    
0.00001   0.00002   0.00000      0.00002       119.39577    
0.00001   0.00002   0.00000      0.00002       55.69242     
0.00001   0.00002   0.00000      0.00002       0.28572      
0.00001   0.00002   0.00000      0.00002       97.17568     
0.00001   0.00002   0.00000      0.00002       177.47233    
0.00001   0.00002   0.00000      0.00002       410.06563    
0.00001   0.00002   0.00000      0.00002       562.36228    
0.00001   0.00002   0.00000      0.00002       738.65893    
0.00001   0.00002   0.00000      0.00002       938.95558    
0.00001   0.00002   0.00000      0.00002       1980.14218   
0.00001   0.00002   0.00000      0.00002       1980.14218   
0.00001   0.00002   0.00000      0.00002       1980.14218   
0.00001   0.00002   0.00000      0.00002       3013.03214   
0.00001   0.00002   0.00000      0.00002       3013.03214   
0.00001   0.00002   0.00000      0.00002       3013.03214   
0.00001   0.00002   0.00000      0.00002       4726.21874   
0.00001   0.00002   0.00000      0.00002       4726.21874   
0.00001   0.00001   0.00000      0.00002       5726.81204   
0.00001   0.00001   0.00000      0.00002       7407.70199   
0.00001   0.00001   0.00000      0.00002       8648.29529   
0.00001   0.00001   0.00000      0.00002       12169.77855  
0.00001   0.00001   0.00000      0.00002       12169.77855  
0.00001   0.00001   0.00000      0.00002       13746.37185  
0.00001   0.00001   0.00000      0.00002       17187.55845  
0.00001   0.00001   0.00000      0.00002       18107.85510  
0.00001   0.00001   0.00000      0.00002       20020.44840  
0.00001   0.00001   0.00000      0.00002       24133.63501  
0.00001   0.00001   0.00000      0.00002       24133.63501  
0.00001   0.00001   0.00000      0.00002       29815.11826  
0.00001   0.00001   0.00000      0.00002       31023.41491  
0.00001   0.00001   0.00000      0.00002       31023.41491  
0.00001   0.00001   0.00000      0.00002       37424.89817  
0.00001   0.00001   0.00000      0.00002       37424.89817  
0.00001   0.00001   0.00000      0.00002       40153.49147  
0.00001   0.00001   0.00000      0.00002       41553.78812  
0.00001   0.00001   0.00000      0.00002       41553.78812  
0.00001   0.00001   0.00000      0.00002       44426.38142  
0.00001   0.00001   0.00000      0.00002       44426.38142  
0.00001   0.00001   0.00000      0.00002       44426.38142  
0.00001   0.00001   0.00000      0.00002       50459.56802  
0.00001   0.00001   0.00000      0.00002       48915.27137  
0.00001   0.00001   0.00000      0.00002       53620.16132  
0.00001   0.00001   0.00000      0.00002       58541.05128  
0.00001   0.00001   0.00000      0.00002       60229.34793  
0.00001   0.00001   0.00000      0.00002       65438.23788  
0.00001   0.00001   0.00000      0.00002       69030.83118  
0.00001   0.00001   0.00000      0.00002       67222.53453  
0.00001   0.00001   0.00000      0.00002       74599.72113  
0.00001   0.00001   0.00000      0.00002       76504.01778  
0.00001   0.00001   0.00000      0.00002       76504.01778  
0.00001   0.00001   0.00000      0.00002       84361.20439  
0.00001   0.00001   0.00000      0.00002       86385.50104  
0.00001   0.00001   0.00000      0.00002       92602.39099  
0.00001   0.00001   0.00000      0.00002       96866.98429  
0.00001   0.00001   0.00000      0.00002       96866.98429  
0.00001   0.00001   0.00000      0.00002       107948.46754 
0.00001   0.00001   0.00000      0.00002       110236.76419 
0.00001   0.00001   0.00000      0.00002       107948.46754 
0.00001   0.00001   0.00000      0.00002       119629.95080 
0.00001   0.00001   0.00000      0.00002       124470.54410 
0.00001   0.00001   0.00000      0.00002       131911.43405 
0.00001   0.00001   0.00000      0.00002       134439.73070 
0.00001   0.00001   0.00000      0.00002       136992.02735 
0.00001   0.00001   0.00000      0.00002       142168.62065 
0.00001   0.00001   0.00000      0.00002       142168.62065 
0.00001   0.00001   0.00000      0.00002       144792.91730 
0.00001   0.00001   0.00000      0.00002       152809.80726 
0.00001   0.00001   0.00000      0.00002       150113.51061 
0.00001   0.00001   0.00000      0.00002       161042.69721 
0.00001   0.00001   0.00000      0.00002       161042.69721 
0.00001   0.00001   0.00000      0.00002       161042.69721 
0.00001   0.00001   0.00000      0.00002       169491.58716 
0.00001   0.00001   0.00000      0.00002       166651.29051 
0.00001   0.00001   0.00000      0.00002       163834.99386 
0.00001   0.00001   0.00000      0.00002       178156.47711 
0.00001   0.00001   0.00000      0.00002       181092.77376 
0.00001   0.00001   0.00000      0.00002       190045.66372 
0.00001   0.00001   0.00000      0.00002       196134.25702 
0.00001   0.00001   0.00000      0.00002       202318.85032 
0.00001   0.00001   0.00000      0.00002       211775.74027 
0.00001   0.00001   0.00000      0.00002       218200.33357 
0.00001   0.00001   0.00000      0.00002       228017.22352 
0.00001   0.00001   0.00000      0.00002       241442.41013 
0.00001   0.00001   0.00000      0.00002       244858.70678 
0.00001   0.00001   0.00000      0.00002       255251.59673 
0.00001   0.00001   0.00000      0.00002       265860.48668 
0.00001   0.00001   0.00000      0.00002       269444.78333 
0.00001   0.00001   0.00000      0.00002       276685.37663 
0.00001   0.00001   0.00000      0.00002       280341.67328 
0.00001   0.00001   0.00000      0.00002       284021.96994 
0.00001   0.00001   0.00000      0.00002       298983.15654 
0.00001   0.00001   0.00000      0.00002       295206.85989 
0.00001   0.00001   0.00000      0.00002       302783.45319 
0.00001   0.00001   0.00000      0.00002       306607.74984 
0.00001   0.00001   0.00000      0.00002       302783.45319 
0.00001   0.00001   0.00000      0.00002       314328.34314 
0.00001   0.00001   0.00000      0.00002       314328.34314 
0.00001   0.00001   0.00000      0.00002       318224.63979 
0.00001   0.00001   0.00000      0.00002       326089.23309 
0.00001   0.00001   0.00000      0.00002       326089.23309 
0.00001   0.00001   0.00000      0.00002       326089.23309 
0.00001   0.00001   0.00000      0.00002       338066.12305 
0.00001   0.00001   0.00000      0.00002       338066.12305 
0.00001   0.00001   0.00000      0.00002       350259.01300 
0.00001   0.00001   0.00000      0.00002       358507.60630 
0.00001   0.00001   0.00000      0.00002       362667.90295 
0.00001   0.00001   0.00000      0.00002       375292.79290 
0.00001   0.00001   0.00000      0.00002       379549.08955 
0.00001   0.00001   0.00000      0.00002       388133.68285 
0.00001   0.00001   0.00000      0.00002       396814.27616 
0.00001   0.00001   0.00000      0.00002       401190.57281 
0.00001   0.00001   0.00000      0.00002       414463.46276 
0.00001   0.00001   0.00000      0.00002       423432.05606 
0.00001   0.00001   0.00000      0.00002       441657.24266 
0.00001   0.00001   0.00000      0.00002       460266.42927 
0.00001   0.00001   0.00000      0.00002       484067.91252 
0.00001   0.00001   0.00000      0.00002       508469.39577 
0.00001   0.00001   0.00000      0.00002       518397.98907 
0.00001   0.00001   0.00000      0.00002       513421.69242 
0.00001   0.00001   0.00000      0.00002       523398.28572 
0.00001   0.00001   0.00000      0.00002       528422.58238 
0.00001   0.00001   0.00000      0.00002       528422.58238 
0.00001   0.00001   0.00000      0.00002       543639.47233 
0.00001   0.00001   0.00000      0.00002       548759.76898 
0.00001   0.00001   0.00000      0.00002       548759.76898 
0.00001   0.00001   0.00000      0.00002       559072.36228 
0.00001   0.00001   0.00000      0.00002       559072.36228 
0.00001   0.00001   0.00000      0.00002       574721.25223 
0.00001   0.00001   0.00000      0.00002       579985.54888 
0.00001   0.00001   0.00000      0.00002       590586.14218 
0.00001   0.00001   0.00000      0.00002       606667.03214 
0.00001   0.00001   0.00000      0.00002       606667.03214 
0.00001   0.00001   0.00000      0.00002       617507.62544 
0.00001   0.00001   0.00000      0.00002       639476.81204 
0.00001   0.00001   0.00000      0.00002       645029.10869 
0.00000   0.00001   0.00000      0.00002       656205.70199 
0.00000   0.00001   0.00000      0.00002       667478.29529 
0.00000   0.00001   0.00000      0.00002       661829.99864 
0.00000   0.00001   0.00000      0.00002       678846.88860 
0.00000   0.00001   0.00000      0.00002       678846.88860 
0.00000   0.00001   0.00000      0.00002       690311.48190 
0.00000   0.00001   0.00000      0.00002       707688.37185 
0.00000   0.00001   0.00000      0.00002       707688.37185 
0.00000   0.00001   0.00000      0.00002       713528.66850 
0.00000   0.00001   0.00000      0.00002       725281.26180 
0.00000   0.00001   0.00000      0.00002       731193.55845 
0.00000   0.00001   0.00000      0.00002       749074.44840 
0.00000   0.00001   0.00000      0.00002       743090.15175 
0.00000   0.00001   0.00000      0.00002       749074.44840 
0.00000   0.00001   0.00000      0.00002       761115.04171 
0.00000   0.00001   0.00000      0.00002       761115.04171 
0.00000   0.00001   0.00000      0.00002       773251.63501 
0.00000   0.00001   0.00000      0.00002       791636.52496 
0.00000   0.00001   0.00000      0.00002       797812.82161 
0.00000   0.00001   0.00000      0.00002       804013.11826 
0.00000   0.00001   0.00000      0.00002       810237.41491 
0.00000   0.00001   0.00000      0.00002       810237.41491 
0.00000   0.00001   0.00000      0.00002       835374.60151 
0.00000   0.00001   0.00000      0.00002       848087.19482 
0.00000   0.00001   0.00000      0.00002       854479.49147 
0.00000   0.00001   0.00000      0.00002       886800.97472 
0.00000   0.00001   0.00000      0.00002       880288.67807 
0.00000   0.00001   0.00000      0.00002       893337.27137 
0.00000   0.00001   0.00000      0.00002       899897.56802 
0.00000   0.00001   0.00000      0.00002       906481.86467 
0.00000   0.00001   0.00000      0.00002       926378.75462 
0.00000   0.00001   0.00000      0.00002       933059.05128 
0.00000   0.00001   0.00000      0.00002       946491.64458 
0.00000   0.00001   0.00000      0.00002       966820.53453 
0.00000   0.00001   0.00000      0.00002       973644.83118 
0.00000   0.00001   0.00000      0.00002       994261.72113 
0.00000   0.00001   0.00000      0.00002       1001182.01778
0.00000   0.00001   0.00000      0.00002       1001182.01778
0.00000   0.00001   0.00000      0.00002       1022086.90773
0.00000   0.00001   0.00000      0.00002       1015094.61108
0.00000   0.00001   0.00000      0.00002       1022086.90773
0.00000   0.00001   0.00000      0.00002       1043207.79769
0.00000   0.00001   0.00000      0.00002       1043207.79769
0.00000   0.00001   0.00000      0.00002       1050296.09434
0.00000   0.00001   0.00000      0.00002       1050296.09434
0.00000   0.00001   0.00000      0.00002       1057408.39099
0.00000   0.00001   0.00000      0.00002       1078889.28094
0.00000   0.00001   0.00000      0.00002       1086097.57759
0.00000   0.00001   0.00000      0.00002       1093329.87424
0.00000   0.00001   0.00000      0.00002       1115170.76419
0.00000   0.00001   0.00000      0.00002       1122499.06084
0.00000   0.00001   0.00000      0.00002       1137227.65415
0.00000   0.00001   0.00000      0.00002       1152052.24745
0.00000   0.00001   0.00000      0.00002       1159500.54410
0.00000   0.00001   0.00000      0.00002       1189533.73070
0.00000   0.00001   0.00000      0.00002       1197102.02735
0.00000   0.00001   0.00000      0.00002       1197102.02735
0.00000   0.00001   0.00000      0.00002       1227615.21395
0.00000   0.00001   0.00000      0.00002       1235303.51061
0.00000   0.00001   0.00000      0.00002       1250752.10391
0.00000   0.00001   0.00000      0.00002       1274104.99386
0.00000   0.00001   0.00000      0.00002       1266296.69721
0.00000   0.00001   0.00000      0.00002       1297673.88381
0.00000   0.00001   0.00000      0.00002       1297673.88381
0.00000   0.00001   0.00000      0.00002       1313506.47711
0.00000   0.00001   0.00000      0.00002       1361580.25702
0.00000   0.00001   0.00000      0.00002       1369676.55367
0.00000   0.00001   0.00000      0.00002       1377796.85032
0.00000   0.00001   0.00000      0.00002       1394109.44362
0.00000   0.00001   0.00000      0.00002       1402301.74027
0.00000   0.00001   0.00000      0.00002       1418758.33357
0.00000   0.00001   0.00000      0.00002       1435310.92687
0.00000   0.00001   0.00000      0.00002       1427022.63022
0.00000   0.00001   0.00000      0.00002       1451959.52017
0.00000   0.00001   0.00000      0.00002       1451959.52017
0.00000   0.00001   0.00000      0.00002       1460319.81683
0.00000   0.00001   0.00000      0.00002       1477112.41013
0.00000   0.00001   0.00000      0.00002       1477112.41013
0.00000   0.00001   0.00000      0.00002       1494001.00343
0.00000   0.00001   0.00000      0.00002       1502481.30008
0.00000   0.00001   0.00000      0.00002       1502481.30008
0.00000   0.00001   0.00000      0.00002       1502481.30008
0.00000   0.00001   0.00000      0.00002       1519513.89338
0.00000   0.00001   0.00000      0.00002       1536642.48668
0.00000   0.00001   0.00000      0.00002       1562515.37663
0.00000   0.00001   0.00000      0.00002       1571187.67328
0.00000   0.00001   0.00000      0.00002       1571187.67328
0.00000   0.00001   0.00000      0.00002       1579883.96994
0.00000   0.00001   0.00000      0.00002       1623725.45319
0.00000   0.00001   0.00000      0.00002       1659230.63979
0.00000   0.00001   0.00000      0.00002       1650318.34314
0.00000   0.00001   0.00000      0.00002       1650318.34314
0.00000   0.00001   0.00000      0.00002       1686111.52974
0.00000   0.00001   0.00000      0.00002       1704152.12305
0.00000   0.00001   0.00000      0.00002       1722288.71635
0.00000   0.00001   0.00000      0.00002       1731393.01300
0.00000   0.00001   0.00000      0.00002       1731393.01300
0.00000   0.00001   0.00000      0.00002       1758849.90295
0.00000   0.00001   0.00000      0.00002       1758849.90295
0.00000   0.00001   0.00000      0.00002       1768050.19960
0.00000   0.00001   0.00000      0.00002       1795795.08955
0.00000   0.00001   0.00000      0.00002       1805091.38620
0.00000   0.00001   0.00000      0.00002       1814411.68285
0.00000   0.00001   0.00000      0.00002       1814411.68285
0.00000   0.00001   0.00000      0.00002       1823755.97950
0.00000   0.00001   0.00000      0.00002       1833124.27616
0.00000   0.00001   0.00000      0.00002       1842516.57281
0.00000   0.00001   0.00000      0.00002       1842516.57281
0.00000   0.00001   0.00000      0.00002       1861373.16611
0.00000   0.00001   0.00000      0.00002       1861373.16611
0.00000   0.00001   0.00000      0.00002       1880325.75941
0.00000   0.00001   0.00000      0.00002       1889838.05606
0.00000   0.00001   0.00000      0.00002       1899374.35271
0.00000   0.00001   0.00000      0.00002       1918518.94601
0.00000   0.00001   0.00000      0.00002       1918518.94601
0.00000   0.00001   0.00000      0.00002       1928127.24266
0.00000   0.00001   0.00000      0.00002       1966800.42927
0.00000   0.00001   0.00000      0.00002       1976528.72592
0.00000   0.00001   0.00000      0.00002       1996057.31922
0.00000   0.00001   0.00000      0.00002       2025530.20917
0.00000   0.00001   0.00000      0.00002       2025530.20917
0.00000   0.00001   0.00000      0.00002       2045298.80247
0.00000   0.00001   0.00000      0.00002       2065163.39577
0.00000   0.00001   0.00000      0.00002       2075131.69242
0.00000   0.00001   0.00000      0.00002       2105180.58238
0.00000   0.00001   0.00000      0.00002       2105180.58238
0.00000   0.00001   0.00000      0.00002       2115244.87903
0.00000   0.00001   0.00000      0.00002       2145581.76898
0.00000   0.00001   0.00000      0.00002       2165926.36228
0.00000   0.00001   0.00000      0.00002       2206903.54888
0.00000   0.00001   0.00000      0.00002       2217207.84553
0.00000   0.00001   0.00000      0.00002       2217207.84553
0.00000   0.00001   0.00000      0.00002       2258665.03214
0.00000   0.00001   0.00000      0.00002       2269089.32879
0.00000   0.00001   0.00000      0.00002       2258665.03214
0.00000   0.00001   0.00000      0.00002       2290009.92209
0.00000   0.00001   0.00000      0.00002       2300506.21874
0.00000   0.00001   0.00000      0.00002       2311026.51539
0.00000   0.00001   0.00000      0.00002       2321570.81204
0.00000   0.00001   0.00000      0.00002       2311026.51539
0.00000   0.00001   0.00000      0.00002       2353347.70199
0.00000   0.00001   0.00000      0.00002       2363987.99864
0.00000   0.00001   0.00000      0.00002       2363987.99864
0.00000   0.00001   0.00000      0.00002       2406789.18525
0.00000   0.00001   0.00000      0.00002       2406789.18525
0.00000   0.00001   0.00000      0.00002       2439142.07520
0.00000   0.00001   0.00000      0.00002       2439142.07520
0.00000   0.00001   0.00000      0.00002       2439142.07520
0.00000   0.00001   0.00000      0.00002       2471710.96515
0.00000   0.00001   0.00000      0.00002       2493543.55845
0.00000   0.00001   0.00000      0.00002       2504495.85510
0.00000   0.00001   0.00000      0.00002       2548545.04171
0.00000   0.00001   0.00000      0.00002       2559617.33836
0.00000   0.00001   0.00000      0.00002       2581833.93166
0.00000   0.00001   0.00000      0.00002       2615338.82161
0.00000   0.00001   0.00000      0.00002       2649059.71156
0.00000   0.00001   0.00000      0.00002       2682996.60151
0.00000   0.00001   0.00000      0.00002       2694356.89817
0.00000   0.00001   0.00000      0.00002       2705741.19482
0.00000   0.00001   0.00000      0.00002       2728581.78812
0.00000   0.00001   0.00000      0.00002       2728581.78812
0.00000   0.00001   0.00000      0.00002       2751518.38142
0.00000   0.00001   0.00000      0.00002       2763022.67807
0.00000   0.00001   0.00000      0.00002       2774550.97472
0.00000   0.00001   0.00000      0.00002       2797679.56802
0.00000   0.00001   0.00000      0.00002       2797679.56802
0.00000   0.00001   0.00000      0.00002       2820904.16132
0.00000   0.00001   0.00000      0.00002       2867641.34793
0.00000   0.00001   0.00000      0.00002       2867641.34793
0.00000   0.00001   0.00000      0.00002       2879385.64458
0.00000   0.00001   0.00000      0.00002       2902946.23788
0.00000   0.00001   0.00000      0.00002       2914762.53453
0.00000   0.00001   0.00000      0.00002       2938467.12783
0.00000   0.00001   0.00000      0.00002       2950355.42448
0.00000   0.00001   0.00000      0.00002       2962267.72113
0.00000   0.00001   0.00000      0.00002       2986164.31443
0.00000   0.00001   0.00000      0.00002       2998148.61108
0.00000   0.00001   0.00000      0.00002       3034245.50104
0.00000   0.00001   0.00000      0.00002       3070558.39099
0.00000   0.00001   0.00000      0.00002       3082710.68764
0.00000   0.00001   0.00000      0.00002       3119311.57759
0.00000   0.00001   0.00000      0.00002       3131559.87424
0.00000   0.00001   0.00000      0.00002       3131559.87424
0.00000   0.00001   0.00000      0.00002       3168448.76419
0.00000   0.00001   0.00000      0.00002       3180793.06084
0.00000   0.00001   0.00000      0.00002       3205553.65415
0.00000   0.00001   0.00000      0.00002       3217969.95080
0.00000   0.00001   0.00000      0.00002       3230410.24745
0.00000   0.00001   0.00000      0.00002       3280411.43405
0.00000   0.00001   0.00000      0.00002       3292971.73070
0.00000   0.00001   0.00000      0.00002       3318164.32400
0.00000   0.00001   0.00000      0.00002       3343452.91730
0.00000   0.00001   0.00000      0.00002       3356133.21395
0.00000   0.00001   0.00000      0.00002       3356133.21395
0.00000   0.00001   0.00000      0.00002       3356133.21395
0.00000   0.00001   0.00000      0.00002       3394318.10391
0.00000   0.00001   0.00000      0.00002       3458439.58716
0.00000   0.00001   0.00000      0.00002       3445567.29051
0.00000   0.00001   0.00000      0.00002       3432718.99386
0.00000   0.00001   0.00000      0.00002       3471335.88381
0.00000   0.00001   0.00000      0.00002       3471335.88381
0.00000   0.00001   0.00000      0.00002       3484256.18046
0.00000   0.00001   0.00000      0.00002       3523161.07041
0.00000   0.00001   0.00000      0.00002       3536177.36706
0.00000   0.00001   0.00000      0.00002       3562281.96037
0.00000   0.00001   0.00000      0.00002       3575370.25702
0.00000   0.00001   0.00000      0.00002       3575370.25702
0.00000   0.00001   0.00000      0.00002       3614779.14697
0.00000   0.00001   0.00000      0.00002       3641171.74027
0.00000   0.00001   0.00000      0.00002       3654404.03692
0.00000   0.00001   0.00000      0.00002       3680940.63022
0.00000   0.00001   0.00000      0.00002       3694244.92687
0.00000   0.00001   0.00000      0.00002       3707573.22352
0.00000   0.00001   0.00000      0.00002       3720925.52017
0.00000   0.00001   0.00000      0.00002       3720925.52017
0.00000   0.00001   0.00000      0.00002       3774574.70678
0.00000   0.00001   0.00000      0.00002       3774574.70678
0.00000   0.00001   0.00000      0.00002       3788047.00343
0.00000   0.00001   0.00000      0.00002       3815063.59673
0.00000   0.00001   0.00000      0.00002       3855768.48668
0.00000   0.00001   0.00000      0.00002       3869384.78333
0.00000   0.00001   0.00000      0.00002       3896689.37663
0.00000   0.00001   0.00000      0.00002       3924089.96994
0.00000   0.00001   0.00000      0.00002       3951586.56324
0.00000   0.00001   0.00000      0.00002       3937826.26659
0.00000   0.00001   0.00000      0.00002       3951586.56324
0.00000   0.00001   0.00000      0.00002       3993011.45319
0.00000   0.00001   0.00000      0.00002       3979179.15654
0.00000   0.00001   0.00000      0.00002       3993011.45319
0.00000   0.00001   0.00000      0.00002       4020748.04649
0.00000   0.00001   0.00000      0.00002       4020748.04649
0.00000   0.00001   0.00000      0.00002       4062532.93644
0.00000   0.00001   0.00000      0.00002       4062532.93644
0.00000   0.00001   0.00000      0.00002       4062532.93644
0.00000   0.00001   0.00000      0.00002       4104533.82639
0.00000   0.00001   0.00000      0.00002       4118582.12305
0.00000   0.00001   0.00000      0.00002       4146750.71635
0.00000   0.00001   0.00000      0.00002       4175015.30965
0.00000   0.00001   0.00000      0.00002       4189183.60630
0.00000   0.00001   0.00000      0.00002       4203375.90295
0.00000   0.00001   0.00000      0.00002       4246096.79290
0.00000   0.00001   0.00000      0.00002       4274697.38620
0.00000   0.00001   0.00000      0.00002       4332186.57281
0.00000   0.00001   0.00000      0.00002       4332186.57281
0.00000   0.00001   0.00000      0.00002       4346618.86946
0.00000   0.00001   0.00000      0.00002       4375555.46276
0.00000   0.00001   0.00000      0.00002       4375555.46276
0.00000   0.00001   0.00000      0.00002       4404588.05606
0.00000   0.00001   0.00000      0.00002       4448316.94601
0.00000   0.00001   0.00000      0.00002       4462941.24266
0.00000   0.00001   0.00000      0.00002       4477589.53931
0.00000   0.00001   0.00000      0.00002       4506958.13261
0.00000   0.00001   0.00000      0.00002       4521678.42927
0.00000   0.00001   0.00000      0.00002       4595639.91252
0.00000   0.00001   0.00000      0.00002       4610504.20917
0.00000   0.00001   0.00000      0.00002       4640304.80247
0.00000   0.00001   0.00000      0.00002       4640304.80247
0.00000   0.00001   0.00000      0.00002       4640304.80247
0.00000   0.00001   0.00000      0.00002       4670201.39577
0.00000   0.00001   0.00000      0.00002       4685185.69242
0.00000   0.00001   0.00000      0.00002       4685185.69242
0.00000   0.00001   0.00000      0.00002       4700193.98907
0.00000   0.00001   0.00000      0.00002       4700193.98907
0.00000   0.00001   0.00000      0.00002       4715226.28572
0.00000   0.00001   0.00000      0.00002       4745362.87903
0.00000   0.00001   0.00000      0.00002       4745362.87903
0.00000   0.00001   0.00000      0.00002       4790747.76898
0.00000   0.00001   0.00000      0.00002       4805924.06563
0.00000   0.00001   0.00000      0.00002       4805924.06563
0.00000   0.00001   0.00000      0.00002       4851596.95558
0.00000   0.00001   0.00000      0.00002       4851596.95558
0.00000   0.00001   0.00000      0.00002       4866869.25223
0.00000   0.00001   0.00000      0.00002       4897485.84553
0.00000   0.00001   0.00000      0.00002       4912830.14218
0.00000   0.00001   0.00000      0.00002       4943590.73549
0.00000   0.00001   0.00000      0.00002       4959007.03214
0.00000   0.00001   0.00000      0.00002       4974447.32879
0.00000   0.00001   0.00000      0.00002       5020912.21874
0.00000   0.00001   0.00000      0.00002       5036448.51539
0.00000   0.00001   0.00000      0.00002       5067593.10869
0.00000   0.00001   0.00000      0.00002       5098833.70199
0.00000   0.00001   0.00000      0.00002       5114489.99864
0.00000   0.00001   0.00000      0.00002       5130170.29529
0.00000   0.00001   0.00000      0.00002       5177355.18525
0.00000   0.00001   0.00000      0.00002       5208931.77855
0.00000   0.00001   0.00000      0.00002       5256476.66850
0.00000   0.00001   0.00000      0.00002       5272372.96515
0.00000   0.00001   0.00000      0.00002       5304237.55845
0.00000   0.00001   0.00000      0.00002       5336198.15175
0.00000   0.00001   0.00000      0.00002       5336198.15175
0.00000   0.00001   0.00000      0.00002       5352214.44840
0.00000   0.00001   0.00000      0.00002       5368254.74506
0.00000   0.00001   0.00000      0.00002       5352214.44840
0.00000   0.00001   0.00000      0.00002       5400407.33836
0.00000   0.00001   0.00000      0.00002       5400407.33836
0.00000   0.00001   0.00000      0.00002       5400407.33836
0.00000   0.00001   0.00000      0.00002       5432655.93166
0.00000   0.00001   0.00000      0.00002       5448816.22831
0.00000   0.00001   0.00000      0.00002       5465000.52496
0.00000   0.00001   0.00000      0.00002       5481208.82161
0.00000   0.00001   0.00000      0.00002       5497441.11826
0.00000   0.00001   0.00000      0.00002       5513697.41491
0.00000   0.00001   0.00000      0.00002       5562610.30486
0.00000   0.00001   0.00000      0.00002       5628163.49147
0.00000   0.00001   0.00000      0.00002       5644611.78812
0.00000   0.00001   0.00000      0.00002       5644611.78812
0.00000   0.00001   0.00000      0.00002       5644611.78812
0.00000   0.00001   0.00000      0.00002       5661084.08477
0.00000   0.00001   0.00000      0.00002       5677580.38142
0.00000   0.00001   0.00000      0.00002       5727213.27137
0.00000   0.00001   0.00000      0.00002       5760421.86467
0.00000   0.00001   0.00000      0.00002       5760421.86467
0.00000   0.00001   0.00000      0.00002       5827127.05128
0.00000   0.00001   0.00000      0.00002       5827127.05128
0.00000   0.00001   0.00000      0.00002       5860623.64458
0.00000   0.00001   0.00000      0.00002       5911048.53453
0.00000   0.00001   0.00000      0.00002       5927904.83118
0.00000   0.00001   0.00000      0.00002       5995570.01778
0.00000   0.00001   0.00000      0.00002       6012546.31443
0.00000   0.00001   0.00000      0.00002       6029546.61108
0.00000   0.00001   0.00000      0.00002       6063619.20439
0.00000   0.00001   0.00000      0.00002       6080691.50104
0.00000   0.00001   0.00000      0.00002       6097787.79769
0.00000   0.00001   0.00000      0.00002       6114908.09434
0.00000   0.00001   0.00000      0.00002       6132052.39099
0.00000   0.00001   0.00000      0.00002       6166412.98429
0.00000   0.00001   0.00000      0.00002       6166412.98429
0.00000   0.00001   0.00000      0.00002       6183629.28094
0.00000   0.00001   0.00000      0.00002       6235422.17089
0.00000   0.00001   0.00000      0.00002       6252734.46754
0.00000   0.00001   0.00000      0.00002       6252734.46754
0.00000   0.00001   0.00000      0.00002       6287431.06084
0.00000   0.00001   0.00000      0.00002       6304815.35750
0.00000   0.00001   0.00000      0.00002       6339655.95080
0.00000   0.00001   0.00000      0.00002       6357112.24745
0.00000   0.00001   0.00000      0.00002       6374592.54410
0.00000   0.00001   0.00000      0.00002       6427177.43405
0.00000   0.00001   0.00000      0.00002       6427177.43405
0.00000   0.00001   0.00000      0.00002       6427177.43405
0.00000   0.00001   0.00000      0.00002       6479978.32400
0.00000   0.00001   0.00000      0.00002       6532995.21395
0.00000   0.00001   0.00000      0.00002       6568459.80726
0.00000   0.00001   0.00000      0.00002       6621836.69721
0.00000   0.00001   0.00000      0.00002       6621836.69721
0.00000   0.00001   0.00000      0.00002       6711278.18046
0.00000   0.00001   0.00000      0.00002       6747222.77376
0.00000   0.00001   0.00000      0.00002       6801319.66372
0.00000   0.00001   0.00000      0.00002       6837504.25702
0.00000   0.00001   0.00000      0.00002       6855632.55367
0.00000   0.00001   0.00000      0.00002       6891961.14697
0.00000   0.00001   0.00000      0.00002       6928385.74027
0.00000   0.00001   0.00000      0.00002       6928385.74027
0.00000   0.00001   0.00000      0.00002       6964906.33357
0.00000   0.00001   0.00000      0.00002       6964906.33357
0.00000   0.00001   0.00000      0.00002       6983202.63022
0.00000   0.00001   0.00000      0.00002       7056627.81683
0.00000   0.00001   0.00000      0.00002       7075044.11348
0.00000   0.00001   0.00000      0.00002       7093484.41013
0.00000   0.00001   0.00000      0.00002       7111948.70678
0.00000   0.00001   0.00000      0.00002       7130437.00343
0.00000   0.00001   0.00000      0.00002       7167485.59673
0.00000   0.00001   0.00000      0.00002       7223238.48668
0.00000   0.00001   0.00000      0.00002       7241870.78333
0.00000   0.00001   0.00000      0.00002       7279207.37663
0.00000   0.00001   0.00000      0.00002       7335392.26659
0.00000   0.00001   0.00000      0.00002       7316639.96994
0.00000   0.00001   0.00000      0.00002       7354168.56324
0.00000   0.00001   0.00000      0.00002       7372968.85989
0.00000   0.00001   0.00000      0.00002       7410641.45319
0.00000   0.00001   0.00000      0.00002       7448410.04649
0.00000   0.00001   0.00000      0.00002       7505242.93644
0.00000   0.00001   0.00000      0.00002       7505242.93644
0.00000   0.00001   0.00000      0.00002       7543251.52974
0.00000   0.00001   0.00000      0.00002       7562291.82639
0.00000   0.00001   0.00000      0.00002       7619556.71635
0.00000   0.00001   0.00000      0.00002       7638693.01300
0.00000   0.00001   0.00000      0.00002       7677037.60630
0.00000   0.00001   0.00000      0.00002       7696245.90295
0.00000   0.00001   0.00000      0.00002       7696245.90295
0.00000   0.00001   0.00000      0.00002       7696245.90295
0.00000   0.00001   0.00000      0.00002       7715478.19960
0.00000   0.00001   0.00000      0.00002       7734734.49625
0.00000   0.00001   0.00000      0.00002       7773319.08955
0.00000   0.00001   0.00000      0.00002       7773319.08955
0.00000   0.00001   0.00000      0.00002       7792647.38620
0.00000   0.00001   0.00000      0.00002       7792647.38620
0.00000   0.00001   0.00000      0.00002       7811999.68285
0.00000   0.00001   0.00000      0.00002       7850776.27616
0.00000   0.00001   0.00000      0.00002       7870200.57281
0.00000   0.00001   0.00000      0.00002       7909121.16611
0.00000   0.00001   0.00000      0.00002       7909121.16611
0.00000   0.00001   0.00000      0.00002       7948137.75941
0.00000   0.00001   0.00000      0.00002       7987250.35271
0.00000   0.00001   0.00000      0.00002       8046099.24266
0.00000   0.00001   0.00000      0.00002       8065763.53931
0.00000   0.00001   0.00000      0.00002       8124900.42927
0.00000   0.00001   0.00000      0.00002       8144660.72592
0.00000   0.00001   0.00000      0.00002       8164445.02257
0.00000   0.00001   0.00000      0.00002       8184253.31922
0.00000   0.00001   0.00000      0.00002       8243822.20917
0.00000   0.00001   0.00000      0.00002       8243822.20917
0.00000   0.00001   0.00000      0.00002       8283654.80247
0.00000   0.00001   0.00000      0.00002       8323583.39577
0.00000   0.00001   0.00000      0.00002       8343583.69242
0.00000   0.00001   0.00000      0.00002       8383656.28572
0.00000   0.00001   0.00000      0.00002       8443945.17568
0.00000   0.00001   0.00000      0.00002       8484257.76898
0.00000   0.00001   0.00000      0.00002       8544906.65893
0.00000   0.00001   0.00000      0.00002       8585459.25223
0.00000   0.00001   0.00000      0.00002       8585459.25223
0.00000   0.00001   0.00000      0.00002       8605771.54888
0.00000   0.00001   0.00000      0.00002       8605771.54888
0.00000   0.00001   0.00000      0.00002       8646468.14218
0.00000   0.00001   0.00000      0.00002       8666852.43883
0.00000   0.00001   0.00000      0.00002       8728149.32879
0.00000   0.00001   0.00000      0.00002       8789662.21874
0.00000   0.00001   0.00000      0.00002       8810214.51539
0.00000   0.00001   0.00000      0.00002       8892663.70199
0.00000   0.00001   0.00000      0.00002       8954752.59195
0.00000   0.00001   0.00000      0.00002       8954752.59195
0.00000   0.00001   0.00000      0.00002       9017057.48190
0.00000   0.00001   0.00000      0.00002       9037873.77855
0.00000   0.00001   0.00000      0.00002       9058714.07520
0.00000   0.00001   0.00000      0.00002       9121378.96515
0.00000   0.00001   0.00000      0.00002       9121378.96515
0.00000   0.00001   0.00000      0.00002       9184259.85510
0.00000   0.00001   0.00000      0.00002       9226300.44840
0.00000   0.00001   0.00000      0.00002       9226300.44840
0.00000   0.00001   0.00000      0.00002       9289541.33836
0.00000   0.00001   0.00000      0.00002       9331821.93166
0.00000   0.00001   0.00000      0.00002       9352998.22831
0.00000   0.00001   0.00000      0.00002       9416671.11826
0.00000   0.00001   0.00000      0.00002       9416671.11826
0.00000   0.00001   0.00000      0.00002       9416671.11826
0.00000   0.00001   0.00000      0.00002       9459239.71156
0.00000   0.00001   0.00000      0.00002       9437943.41491
0.00000   0.00001   0.00000      0.00002       9480560.00821
0.00000   0.00001   0.00000      0.00002       9523272.60151
0.00000   0.00001   0.00000      0.00002       9501904.30486
0.00000   0.00001   0.00000      0.00002       9587521.49147
0.00000   0.00001   0.00000      0.00002       9587521.49147
0.00000   0.00001   0.00000      0.00002       9630474.08477
0.00000   0.00001   0.00000      0.00002       9695082.97472
0.00000   0.00001   0.00000      0.00002       9695082.97472
0.00000   0.00001   0.00000      0.00002       9738275.56802
0.00000   0.00001   0.00000      0.00002       9781564.16132
0.00000   0.00001   0.00000      0.00002       9824948.75462
0.00000   0.00001   0.00000      0.00002       9890205.64458
0.00000   0.00001   0.00000      0.00002       9955678.53453
0.00000   0.00001   0.00000      0.00002       9955678.53453
0.00000   0.00001   0.00000      0.00002       10043311.72113
0.00000   0.00001   0.00000      0.00002       9977550.83118
0.00000   0.00001   0.00000      0.00002       9999447.12783
0.00000   0.00001   0.00000      0.00002       10043311.72113
0.00000   0.00001   0.00000      0.00002       9977550.83118
0.00000   0.00001   0.00000      0.00002       10021367.42448
0.00000   0.00001   0.00000      0.00002       9999447.12783
0.00000   0.00001   0.00000      0.00002       9955678.53453
0.00000   0.00001   0.00000      0.00002       10043311.72113
0.00000   0.00001   0.00000      0.00002       9977550.83118
0.00000   0.00001   0.00000      0.00002       9977550.83118
0.00000   0.00001   0.00000      0.00002       10021367.42448
0.00000   0.00001   0.00000      0.00002       9955678.53453
0.00000   0.00001   0.00000      0.00002       9999447.12783
0.00000   0.00001   0.00000      0.00002       9999447.12783
0.00000   0.00001   0.00000      0.00002       9933830.23788
0.00000   0.00001   0.00000      0.00002       9999447.12783
0.00000   0.00001   0.00000      0.00002       9977550.83118
0.00000   0.00001   0.00000      0.00002       9955678.53453
0.00000   0.00001   0.00000      0.00002       9999447.12783
0.00000   0.00001   0.00000      0.00002       9977550.83118
0.00000   0.00001   0.00000      0.00002       9999447.12783
0.00000   0.00001   0.00000      0.00002       10021367.42448
0.00000   0.00001   0.00000      0.00002       9955678.53453
0.00000   0.00001   0.00000      0.00002       10021367.42448
0.00000   0.00001   0.00000      0.00002       9999447.12783
0.00000   0.00001   0.00000      0.00002       9977550.83118
0.00000   0.00001   0.00000      0.00002       10021367.42448
0.00000   0.00001   0.00000      0.00002       9977550.83118
0.00000   0.00001   0.00000      0.00002       10021367.42448
0.00000   0.00001   0.00000      0.00002       10021367.42448
0.00000   0.00001   0.00000      0.00002       9977550.83118
0.00000   0.00001   0.00000      0.00002       10043311.72113
0.00000   0.00001   0.00000      0.00002       9999447.12783
0.00000   0.00001   0.00000      0.00002       9977550.83118
0.00000   0.00001   0.00000      0.00002       10043311.72113
0.00000   0.00001   0.00000      0.00002       9977550.83118
0.00000   0.00001   0.00000      0.00002       9999447.12783
0.00000   0.00001   0.00000      0.00002       10043311.72113
0.00000   0.00001   0.00000      0.00002       9955678.53453
0.00000   0.00001   0.00000      0.00002       9999447.12783
0.00000   0.00001   0.00000      0.00002       10021367.42448
0.00000   0.00001   0.00000      0.00002       9999447.12783
0.00000   0.00001   0.00000      0.00002       10021367.42448
0.00000   0.00001   0.00000      0.00002       9977550.83118
0.00000   0.00001   0.00000      0.00002       9999447.12783
0.00000   0.00001   0.00000      0.00002       10021367.42448
0.00000   0.00001   0.00000      0.00002       9933830.23788
0.00000   0.00001   0.00000      0.00002       9999447.12783
0.00000   0.00001   0.00000      0.00002       9977550.83118
0.00000   0.00001   0.00000      0.00002       9955678.53453
0.00000   0.00001   0.00000      0.00002       9999447.12783
0.00000   0.00001   0.00000      0.00002       9955678.53453
0.00000   0.00001   0.00000      0.00002       9977550.83118
0.00000   0.00001   0.00000      0.00002       9999447.12783
0.00000   0.00001   0.00000      0.00002       9933830.23788
0.00000   0.00001   0.00000      0.00002       9999447.12783
0.00000   0.00001   0.00000      0.00002       9999447.12783
0.00000   0.00001   0.00000      0.00002       9955678.53453
0.00000   0.00001   0.00000      0.00002       9999447.12783
0.00000   0.00001   0.00000      0.00002       9999447.12783
0.00000   0.00001   0.00000      0.00002       9999447.12783
0.00000   0.00001   0.00000      0.00002       9977550.83118
0.00000   0.00001   0.00000      0.00002       9999447.12783
0.00000   0.00001   0.00000      0.00002       10021367.42448
0.00000   0.00001   0.00000      0.00002       10021367.42448
0.00000   0.00001   0.00000      0.00002       10043311.72113
0.00000   0.00001   0.00000      0.00002       10065280.01778
0.00000   0.00001   0.00000      0.00002       9868429.34793
0.00000   0.00001   0.00000      0.00002       9955678.53453
0.00000   0.00001   0.00000      0.00002       9999447.12783
0.00000   0.00001   0.00000      0.00002       9955678.53453
0.00000   0.00001   0.00000      0.00002       9999447.12783
0.00000   0.00001   0.00000      0.00002       10021367.42448
0.00000   0.00001   0.00000      0.00002       9977550.83118
0.00000   0.00001   0.00000      0.00002       9999447.12783
0.00000   0.00001   0.00000      0.00002       9977550.83118
0.00000   0.00001   0.00000      0.00002       9977550.83118
0.00000   0.00001   0.00000      0.00002       10021367.42448
0.00000   0.00001   0.00000      0.00002       9933830.23788
0.00000   0.00001   0.00000      0.00002       9977550.83118
0.00000   0.00001   0.00000      0.00002       10021367.42448
0.00000   0.00001   0.00000      0.00002       9955678.53453
0.00000   0.00001   0.00000      0.00002       9999447.12783
0.00000   0.00001   0.00000      0.00002       9977550.83118
0.00000   0.00001   0.00000      0.00002       9955678.53453
0.00000   0.00001   0.00000      0.00002       9999447.12783
0.00000   0.00001   0.00000      0.00002       9933830.23788
0.00000   0.00001   0.00000      0.00002       9955678.53453
0.00000   0.00001   0.00000      0.00002       9977550.83118
0.00000   0.00001   0.00000      0.00002       9912005.94123
0.00000   0.00001   0.00000      0.00002       9999447.12783
0.00000   0.00001   0.00000      0.00002       9977550.83118
0.00000   0.00001   0.00000      0.00002       9933830.23788
0.00000   0.00001   0.00000      0.00002       9977550.83118
0.00000   0.00001   0.00000      0.00002       9890205.64458
0.00000   0.00001   0.00000      0.00002       9955678.53453
0.00000   0.00001   0.00000      0.00002       9999447.12783
0.00000   0.00001   0.00000      0.00002       9912005.94123
0.00000   0.00001   0.00000      0.00002       9955678.53453
0.00000   0.00001   0.00000      0.00002       9977550.83118
0.00000   0.00001   0.00000      0.00002       9955678.53453
0.00000   0.00001   0.00000      0.00002       9977550.83118
0.00000   0.00001   0.00000      0.00002       9933830.23788
0.00000   0.00001   0.00000      0.00002       9933830.23788
0.00000   0.00001   0.00000      0.00002       9955678.53453
0.00000   0.00001   0.00000      0.00002       9868429.34793
0.00000   0.00001   0.00000      0.00002       9868429.34793
0.00000   0.00001   0.00000      0.00002       9803244.45797
0.00000   0.00001   0.00000      0.00002       9716667.27137
0.00000   0.00001   0.00000      0.00002       9738275.56802
0.00000   0.00001   0.00000      0.00002       9695082.97472
0.00000   0.00001   0.00000      0.00002       9695082.97472
0.00000   0.00001   0.00000      0.00002       9738275.56802
0.00000   0.00001   0.00000      0.00002       9651986.38142
0.00000   0.00001   0.00000      0.00002       9651986.38142
0.00000   0.00001   0.00000      0.00002       9630474.08477
0.00000   0.00001   0.00000      0.00002       9566081.19482
0.00000   0.00001   0.00000      0.00002       9587521.49147
0.00000   0.00001   0.00000      0.00002       9566081.19482
0.00000   0.00001   0.00000      0.00002       9523272.60151
0.00000   0.00001   0.00000      0.00002       9544664.89817
0.00000   0.00001   0.00000      0.00002       9480560.00821
0.00000   0.00001   0.00000      0.00002       9480560.00821
0.00000   0.00001   0.00000      0.00002       9459239.71156
0.00000   0.00001   0.00000      0.00002       9374198.52496
0.00000   0.00001   0.00000      0.00002       9395422.82161
0.00000   0.00001   0.00000      0.00002       9331821.93166
0.00000   0.00001   0.00000      0.00002       9310669.63501
0.00000   0.00001   0.00000      0.00002       9310669.63501
0.00000   0.00001   0.00000      0.00002       9247356.74506
0.00000   0.00001   0.00000      0.00002       9226300.44840
0.00000   0.00001   0.00000      0.00002       9184259.85510
0.00000   0.00001   0.00000      0.00002       9121378.96515
0.00000   0.00001   0.00000      0.00002       9100466.66850
0.00000   0.00001   0.00000      0.00002       9037873.77855
0.00000   0.00001   0.00000      0.00002       8996265.18525
0.00000   0.00001   0.00000      0.00002       8975496.88860
0.00000   0.00001   0.00000      0.00002       8913335.99864
0.00000   0.00001   0.00000      0.00002       8892663.70199
0.00000   0.00001   0.00000      0.00002       8892663.70199
0.00000   0.00001   0.00000      0.00002       8851391.10869
0.00000   0.00001   0.00000      0.00002       8830790.81204
0.00000   0.00001   0.00000      0.00002       8769133.92209
0.00000   0.00001   0.00000      0.00002       8748629.62544
0.00000   0.00001   0.00000      0.00002       8748629.62544
0.00000   0.00001   0.00000      0.00002       8728149.32879
0.00000   0.00001   0.00000      0.00002       8728149.32879
0.00000   0.00001   0.00000      0.00002       8707693.03214
0.00000   0.00001   0.00000      0.00002       8687260.73549
0.00000   0.00001   0.00000      0.00002       8666852.43883
0.00000   0.00001   0.00000      0.00002       8646468.14218
0.00000   0.00001   0.00000      0.00002       8585459.25223
0.00000   0.00001   0.00000      0.00002       8585459.25223
0.00000   0.00001   0.00000      0.00002       8544906.65893
0.00000   0.00001   0.00000      0.00002       8504450.06563
0.00000   0.00001   0.00000      0.00002       8464089.47233
0.00000   0.00001   0.00000      0.00002       8423824.87903
0.00000   0.00001   0.00000      0.00002       8403728.58238
0.00000   0.00001   0.00000      0.00002       8363607.98907
0.00000   0.00001   0.00000      0.00002       8343583.69242
0.00000   0.00001   0.00000      0.00002       8303607.09912
0.00000   0.00001   0.00000      0.00002       8243822.20917
0.00000   0.00001   0.00000      0.00002       8204085.61587
0.00000   0.00001   0.00000      0.00002       8164445.02257
0.00000   0.00001   0.00000      0.00002       8105164.13261
0.00000   0.00001   0.00000      0.00002       8065763.53931
0.00000   0.00001   0.00000      0.00002       8026458.94601
0.00000   0.00001   0.00000      0.00002       8026458.94601
0.00000   0.00001   0.00000      0.00002       7987250.35271
0.00000   0.00001   0.00000      0.00002       7948137.75941
0.00000   0.00001   0.00000      0.00002       7928617.46276
0.00000   0.00001   0.00000      0.00002       7909121.16611
0.00000   0.00001   0.00000      0.00002       7909121.16611
0.00000   0.00001   0.00000      0.00002       7889648.86946
0.00000   0.00001   0.00000      0.00002       7870200.57281
0.00000   0.00001   0.00000      0.00002       7831375.97950
0.00000   0.00001   0.00000      0.00002       7831375.97950
0.00000   0.00001   0.00000      0.00002       7792647.38620
0.00000   0.00001   0.00000      0.00002       7792647.38620
0.00000   0.00001   0.00000      0.00002       7754014.79290
0.00000   0.00001   0.00000      0.00002       7715478.19960
0.00000   0.00001   0.00000      0.00002       7696245.90295
0.00000   0.00001   0.00000      0.00002       7638693.01300
0.00000   0.00001   0.00000      0.00002       7600444.41970
0.00000   0.00001   0.00000      0.00002       7581356.12305
0.00000   0.00001   0.00000      0.00002       7505242.93644
0.00000   0.00001   0.00000      0.00002       7486274.63979
0.00000   0.00001   0.00000      0.00002       7448410.04649
0.00000   0.00001   0.00000      0.00002       7391793.15654
0.00000   0.00001   0.00000      0.00002       7354168.56324
0.00000   0.00001   0.00000      0.00002       7335392.26659
0.00000   0.00001   0.00000      0.00002       7297911.67328
0.00000   0.00001   0.00000      0.00002       7279207.37663
0.00000   0.00001   0.00000      0.00002       7223238.48668
0.00000   0.00001   0.00000      0.00002       7223238.48668
0.00000   0.00001   0.00000      0.00002       7204630.19003
0.00000   0.00001   0.00000      0.00002       7186045.89338
0.00000   0.00001   0.00000      0.00002       7167485.59673
0.00000   0.00001   0.00000      0.00002       7130437.00343
0.00000   0.00001   0.00000      0.00002       7111948.70678
0.00000   0.00001   0.00000      0.00002       7093484.41013
0.00000   0.00001   0.00000      0.00002       7056627.81683
0.00000   0.00001   0.00000      0.00002       7075044.11348
0.00000   0.00001   0.00000      0.00002       7038235.52017
0.00000   0.00001   0.00000      0.00002       7019867.22352
0.00000   0.00001   0.00000      0.00002       7001522.92687
0.00000   0.00001   0.00000      0.00002       6983202.63022
0.00000   0.00001   0.00000      0.00002       6964906.33357
0.00000   0.00001   0.00000      0.00002       6946634.03692
0.00000   0.00001   0.00000      0.00002       6928385.74027
0.00000   0.00001   0.00000      0.00002       6928385.74027
0.00000   0.00001   0.00000      0.00002       6873784.85032
0.00000   0.00001   0.00000      0.00002       6855632.55367
0.00000   0.00001   0.00000      0.00002       6837504.25702
0.00000   0.00001   0.00000      0.00002       6801319.66372
0.00000   0.00001   0.00000      0.00002       6765231.07041
0.00000   0.00001   0.00000      0.00002       6729238.47711
0.00000   0.00001   0.00000      0.00002       6693341.88381
0.00000   0.00001   0.00000      0.00002       6675429.58716
0.00000   0.00001   0.00000      0.00002       6657541.29051
0.00000   0.00001   0.00000      0.00002       6586228.10391
0.00000   0.00001   0.00000      0.00002       6568459.80726
0.00000   0.00001   0.00000      0.00002       6515298.91730
0.00000   0.00001   0.00000      0.00002       6497626.62065
0.00000   0.00001   0.00000      0.00002       6444753.73070
0.00000   0.00001   0.00000      0.00002       6392096.84075
0.00000   0.00001   0.00000      0.00002       6374592.54410
0.00000   0.00001   0.00000      0.00002       6374592.54410
0.00000   0.00001   0.00000      0.00002       6339655.95080
0.00000   0.00001   0.00000      0.00002       6357112.24745
0.00000   0.00001   0.00000      0.00002       6322223.65415
0.00000   0.00001   0.00000      0.00002       6270070.76419
0.00000   0.00001   0.00000      0.00002       6218133.87424
0.00000   0.00001   0.00000      0.00002       6200869.57759
0.00000   0.00001   0.00000      0.00002       6200869.57759
0.00000   0.00001   0.00000      0.00002       6200869.57759
0.00000   0.00001   0.00000      0.00002       6166412.98429
0.00000   0.00001   0.00000      0.00002       6166412.98429
0.00000   0.00001   0.00000      0.00002       6149220.68764
0.00000   0.00001   0.00000      0.00002       6132052.39099
0.00000   0.00001   0.00000      0.00002       6114908.09434
0.00000   0.00001   0.00000      0.00002       6097787.79769
0.00000   0.00001   0.00000      0.00002       6080691.50104
0.00000   0.00001   0.00000      0.00002       6046570.90773
0.00000   0.00001   0.00000      0.00002       5995570.01778
0.00000   0.00001   0.00000      0.00002       5978617.72113
0.00000   0.00001   0.00000      0.00002       5944785.12783
0.00000   0.00001   0.00000      0.00002       5894216.23788
0.00000   0.00001   0.00000      0.00002       5894216.23788
0.00000   0.00001   0.00000      0.00002       5827127.05128
0.00000   0.00001   0.00000      0.00002       5810414.75462
0.00000   0.00001   0.00000      0.00002       5793726.45797
0.00000   0.00001   0.00000      0.00002       5743805.56802
0.00000   0.00001   0.00000      0.00002       5727213.27137
0.00000   0.00001   0.00000      0.00002       5677580.38142
0.00000   0.00001   0.00000      0.00002       5644611.78812
0.00000   0.00001   0.00000      0.00002       5644611.78812
0.00000   0.00001   0.00000      0.00002       5595338.89817
0.00000   0.00001   0.00000      0.00002       5578962.60151
0.00000   0.00001   0.00000      0.00002       5562610.30486
0.00000   0.00001   0.00000      0.00002       5529977.71156
0.00000   0.00001   0.00000      0.00002       5497441.11826
0.00000   0.00001   0.00000      0.00002       5465000.52496
0.00000   0.00001   0.00000      0.00002       5432655.93166
0.00000   0.00001   0.00000      0.00002       5416519.63501
0.00000   0.00001   0.00000      0.00002       5384319.04171
0.00000   0.00001   0.00000      0.00002       5400407.33836
0.00000   0.00001   0.00000      0.00002       5384319.04171
0.00000   0.00001   0.00000      0.00002       5352214.44840
0.00000   0.00001   0.00000      0.00002       5368254.74506
0.00000   0.00001   0.00000      0.00002       5336198.15175
0.00000   0.00001   0.00000      0.00002       5304237.55845
0.00000   0.00001   0.00000      0.00002       5304237.55845
0.00000   0.00001   0.00000      0.00002       5272372.96515
0.00000   0.00001   0.00000      0.00002       5256476.66850
0.00000   0.00001   0.00000      0.00002       5224756.07520
0.00000   0.00001   0.00000      0.00002       5177355.18525
0.00000   0.00001   0.00000      0.00002       5145874.59195
0.00000   0.00001   0.00000      0.00002       5098833.70199
0.00000   0.00001   0.00000      0.00002       5083201.40534
0.00000   0.00001   0.00000      0.00002       5052008.81204
0.00000   0.00001   0.00000      0.00002       5036448.51539
0.00000   0.00001   0.00000      0.00002       5036448.51539
0.00000   0.00001   0.00000      0.00002       5005399.92209
0.00000   0.00001   0.00000      0.00002       4943590.73549
0.00000   0.00001   0.00000      0.00002       4912830.14218
0.00000   0.00001   0.00000      0.00002       4866869.25223
0.00000   0.00001   0.00000      0.00002       4821124.36228
0.00000   0.00001   0.00000      0.00002       4836348.65893
0.00000   0.00001   0.00000      0.00002       4805924.06563
0.00000   0.00001   0.00000      0.00002       4805924.06563
0.00000   0.00001   0.00000      0.00002       4805924.06563
0.00000   0.00001   0.00000      0.00002       4775595.47233
0.00000   0.00001   0.00000      0.00002       4745362.87903
0.00000   0.00001   0.00000      0.00002       4715226.28572
0.00000   0.00001   0.00000      0.00002       4685185.69242
0.00000   0.00001   0.00000      0.00002       4685185.69242
0.00000   0.00001   0.00000      0.00002       4685185.69242
0.00000   0.00001   0.00000      0.00002       4670201.39577
0.00000   0.00001   0.00000      0.00002       4655241.09912
0.00000   0.00001   0.00000      0.00002       4625392.50582
0.00000   0.00001   0.00000      0.00002       4610504.20917
0.00000   0.00001   0.00000      0.00002       4595639.91252
0.00000   0.00001   0.00000      0.00002       4565983.31922
0.00000   0.00001   0.00000      0.00002       4551191.02257
0.00000   0.00001   0.00000      0.00002       4506958.13261
0.00000   0.00001   0.00000      0.00002       4477589.53931
0.00000   0.00001   0.00000      0.00002       4462941.24266
0.00000   0.00001   0.00000      0.00002       4433716.64936
0.00000   0.00001   0.00000      0.00002       4390059.75941
0.00000   0.00001   0.00000      0.00002       4361075.16611
0.00000   0.00001   0.00000      0.00002       4332186.57281
0.00000   0.00001   0.00000      0.00002       4317778.27616
0.00000   0.00001   0.00000      0.00002       4289033.68285
0.00000   0.00001   0.00000      0.00002       4231832.49625
0.00000   0.00001   0.00000      0.00002       4231832.49625
0.00000   0.00001   0.00000      0.00002       4175015.30965
0.00000   0.00001   0.00000      0.00002       4160871.01300
0.00000   0.00001   0.00000      0.00002       4146750.71635
0.00000   0.00001   0.00000      0.00002       4132654.41970
0.00000   0.00001   0.00000      0.00002       4132654.41970
0.00000   0.00001   0.00000      0.00002       4076509.23309
0.00000   0.00001   0.00000      0.00002       4034652.34314
0.00000   0.00001   0.00000      0.00002       4020748.04649
0.00000   0.00001   0.00000      0.00002       3979179.15654
0.00000   0.00001   0.00000      0.00002       3965370.85989
0.00000   0.00001   0.00000      0.00002       3937826.26659
0.00000   0.00001   0.00000      0.00002       3896689.37663
0.00000   0.00001   0.00000      0.00002       3896689.37663
0.00000   0.00001   0.00000      0.00002       3869384.78333
0.00000   0.00001   0.00000      0.00002       3828607.89338
0.00000   0.00001   0.00000      0.00002       3815063.59673
0.00000   0.00001   0.00000      0.00002       3761126.41013
0.00000   0.00001   0.00000      0.00002       3734301.81683
0.00000   0.00001   0.00000      0.00002       3720925.52017
0.00000   0.00001   0.00000      0.00002       3680940.63022
0.00000   0.00001   0.00000      0.00002       3667660.33357
0.00000   0.00001   0.00000      0.00002       3627963.44362
0.00000   0.00001   0.00000      0.00002       3575370.25702
0.00000   0.00001   0.00000      0.00002       3575370.25702
0.00000   0.00001   0.00000      0.00002       3523161.07041
0.00000   0.00001   0.00000      0.00002       3510168.77376
0.00000   0.00001   0.00000      0.00002       3497200.47711
0.00000   0.00001   0.00000      0.00002       3484256.18046
0.00000   0.00001   0.00000      0.00002       3471335.88381
0.00000   0.00001   0.00000      0.00002       3458439.58716
0.00000   0.00001   0.00000      0.00002       3432718.99386
0.00000   0.00001   0.00000      0.00002       3432718.99386
0.00000   0.00001   0.00000      0.00002       3407094.40056
0.00000   0.00001   0.00000      0.00002       3394318.10391
0.00000   0.00001   0.00000      0.00002       3381565.80726
0.00000   0.00001   0.00000      0.00002       3356133.21395
0.00000   0.00001   0.00000      0.00002       3356133.21395
0.00000   0.00001   0.00000      0.00002       3343452.91730
0.00000   0.00001   0.00000      0.00002       3318164.32400
0.00000   0.00001   0.00000      0.00002       3318164.32400
0.00000   0.00001   0.00000      0.00002       3305556.02735
0.00000   0.00001   0.00000      0.00002       3280411.43405
0.00000   0.00001   0.00000      0.00002       3280411.43405
0.00000   0.00001   0.00000      0.00002       3267875.13740
0.00000   0.00001   0.00000      0.00002       3230410.24745
0.00000   0.00001   0.00000      0.00002       3217969.95080
0.00000   0.00001   0.00000      0.00002       3193161.35750
0.00000   0.00001   0.00000      0.00002       3205553.65415
0.00000   0.00001   0.00000      0.00002       3156128.46754
0.00000   0.00001   0.00000      0.00002       3119311.57759
0.00000   0.00001   0.00000      0.00002       3082710.68764
0.00000   0.00001   0.00000      0.00002       3058430.09434
0.00000   0.00001   0.00000      0.00002       3034245.50104
0.00000   0.00001   0.00000      0.00002       3022189.20439
0.00000   0.00001   0.00000      0.00002       2974204.01778
0.00000   0.00001   0.00000      0.00002       2974204.01778
0.00000   0.00001   0.00000      0.00002       2950355.42448
0.00000   0.00001   0.00000      0.00002       2926602.83118
0.00000   0.00001   0.00000      0.00002       2926602.83118
0.00000   0.00001   0.00000      0.00002       2891153.94123
0.00000   0.00001   0.00000      0.00002       2867641.34793
0.00000   0.00001   0.00000      0.00002       2855921.05128
0.00000   0.00001   0.00000      0.00002       2844224.75462
0.00000   0.00001   0.00000      0.00002       2832552.45797
0.00000   0.00001   0.00000      0.00002       2820904.16132
0.00000   0.00001   0.00000      0.00002       2786103.27137
0.00000   0.00001   0.00000      0.00002       2774550.97472
0.00000   0.00001   0.00000      0.00002       2763022.67807
0.00000   0.00001   0.00000      0.00002       2740038.08477
0.00000   0.00001   0.00000      0.00002       2728581.78812
0.00000   0.00001   0.00000      0.00002       2694356.89817
0.00000   0.00001   0.00000      0.00002       2682996.60151
0.00000   0.00001   0.00000      0.00002       2660348.00821
0.00000   0.00001   0.00000      0.00002       2660348.00821
0.00000   0.00001   0.00000      0.00002       2671660.30486
0.00000   0.00001   0.00000      0.00002       2615338.82161
0.00000   0.00001   0.00000      0.00002       2581833.93166
0.00000   0.00001   0.00000      0.00002       2559617.33836
0.00000   0.00001   0.00000      0.00002       2526472.44840
0.00000   0.00001   0.00000      0.00002       2515472.15175
0.00000   0.00001   0.00000      0.00002       2471710.96515
0.00000   0.00001   0.00000      0.00002       2428333.77855
0.00000   0.00001   0.00000      0.00002       2417549.48190
0.00000   0.00001   0.00000      0.00002       2385340.59195
0.00000   0.00001   0.00000      0.00002       2353347.70199
0.00000   0.00001   0.00000      0.00002       2342731.40534
0.00000   0.00001   0.00000      0.00002       2321570.81204
0.00000   0.00001   0.00000      0.00002       2321570.81204
0.00000   0.00001   0.00000      0.00002       2300506.21874
0.00000   0.00001   0.00000      0.00002       2290009.92209
0.00000   0.00001   0.00000      0.00002       2290009.92209
0.00000   0.00001   0.00000      0.00002       2258665.03214
0.00000   0.00001   0.00000      0.00002       2227536.14218
0.00000   0.00001   0.00000      0.00002       2196623.25223
0.00000   0.00001   0.00000      0.00002       2165926.36228
0.00000   0.00001   0.00000      0.00002       2145581.76898
0.00000   0.00001   0.00000      0.00002       2115244.87903
0.00000   0.00001   0.00000      0.00002       2095140.28572
0.00000   0.00001   0.00000      0.00002       2085123.98907
0.00000   0.00001   0.00000      0.00002       2055219.09912
0.00000   0.00001   0.00000      0.00002       2015681.91252
0.00000   0.00001   0.00000      0.00002       1996057.31922
0.00000   0.00001   0.00000      0.00002       1947415.83596
0.00000   0.00001   0.00000      0.00002       1928127.24266
0.00000   0.00001   0.00000      0.00002       1918518.94601
0.00000   0.00001   0.00000      0.00002       1889838.05606
0.00000   0.00001   0.00000      0.00002       1908934.64936
0.00000   0.00001   0.00000      0.00002       1870837.46276
0.00000   0.00001   0.00000      0.00002       1842516.57281
0.00000   0.00001   0.00000      0.00002       1851932.86946
0.00000   0.00001   0.00000      0.00002       1823755.97950
0.00000   0.00001   0.00000      0.00002       1805091.38620
0.00000   0.00001   0.00000      0.00002       1814411.68285
0.00000   0.00001   0.00000      0.00002       1777274.49625
0.00000   0.00001   0.00000      0.00002       1768050.19960
0.00000   0.00001   0.00000      0.00002       1749673.60630
0.00000   0.00001   0.00000      0.00002       1713208.41970
0.00000   0.00001   0.00000      0.00002       1713208.41970
0.00000   0.00001   0.00000      0.00002       1686111.52974
0.00000   0.00001   0.00000      0.00002       1659230.63979
0.00000   0.00001   0.00000      0.00002       1650318.34314
0.00000   0.00001   0.00000      0.00002       1632565.74984
0.00000   0.00001   0.00000      0.00002       1632565.74984
0.00000   0.00001   0.00000      0.00002       1606116.85989
0.00000   0.00001   0.00000      0.00002       1588604.26659
0.00000   0.00001   0.00000      0.00002       1579883.96994
0.00000   0.00001   0.00000      0.00002       1553867.07998
0.00000   0.00001   0.00000      0.00002       1519513.89338
0.00000   0.00001   0.00000      0.00002       1494001.00343
0.00000   0.00001   0.00000      0.00002       1468704.11348
0.00000   0.00001   0.00000      0.00002       1460319.81683
0.00000   0.00001   0.00000      0.00002       1451959.52017
0.00000   0.00001   0.00000      0.00002       1443623.22352
0.00000   0.00001   0.00000      0.00002       1443623.22352
0.00000   0.00001   0.00000      0.00002       1435310.92687
0.00000   0.00001   0.00000      0.00002       1410518.03692
0.00000   0.00001   0.00000      0.00002       1402301.74027
0.00000   0.00001   0.00000      0.00002       1377796.85032
0.00000   0.00001   0.00000      0.00002       1353507.96037
0.00000   0.00001   0.00000      0.00002       1321458.77376
0.00000   0.00001   0.00000      0.00002       1281937.29051
0.00000   0.00001   0.00000      0.00002       1266296.69721
0.00000   0.00001   0.00000      0.00002       1219950.91730
0.00000   0.00001   0.00000      0.00002       1174469.13740
0.00000   0.00001   0.00000      0.00002       1144627.95080
0.00000   0.00001   0.00000      0.00002       1107866.46754
0.00000   0.00001   0.00000      0.00002       1100586.17089
0.00000   0.00001   0.00000      0.00002       1093329.87424
0.00000   0.00001   0.00000      0.00002       1078889.28094
0.00000   0.00001   0.00000      0.00002       1078889.28094
0.00000   0.00001   0.00000      0.00002       1057408.39099
0.00000   0.00001   0.00000      0.00002       1050296.09434
0.00000   0.00001   0.00000      0.00002       1050296.09434
0.00000   0.00001   0.00000      0.00002       1036143.50104
0.00000   0.00001   0.00000      0.00002       1029103.20439
0.00000   0.00001   0.00000      0.00002       1022086.90773
0.00000   0.00001   0.00000      0.00002       1001182.01778
0.00000   0.00001   0.00000      0.00002       1008126.31443
0.00000   0.00001   0.00000      0.00002       987365.42448 
0.00000   0.00001   0.00000      0.00002       966820.53453 
0.00000   0.00001   0.00000      0.00002       960020.23788 
0.00000   0.00001   0.00000      0.00002       926378.75462 
0.00000   0.00001   0.00000      0.00002       906481.86467 
0.00000   0.00001   0.00000      0.00002       893337.27137 
0.00000   0.00001   0.00000      0.00002       867336.08477 
0.00000   0.00001   0.00000      0.00002       841718.89817 
0.00000   0.00001   0.00000      0.00002       816485.71156 
0.00000   0.00001   0.00000      0.00002       797812.82161 
0.00000   0.00001   0.00000      0.00002       791636.52496 
0.00000   0.00001   0.00000      0.00002       773251.63501 
0.00000   0.00001   0.00000      0.00002       767171.33836 
0.00000   0.00001   0.00000      0.00002       761115.04171 
0.00000   0.00001   0.00000      0.00002       749074.44840 
0.00000   0.00001   0.00000      0.00002       743090.15175 
0.00000   0.00001   0.00000      0.00002       731193.55845 
0.00000   0.00001   0.00000      0.00002       725281.26180 
0.00001   0.00001   0.00000      0.00002       713528.66850 
0.00001   0.00001   0.00000      0.00002       701872.07520 
0.00001   0.00001   0.00000      0.00002       696079.77855 
0.00001   0.00001   0.00000      0.00002       684567.18525 
0.00001   0.00001   0.00000      0.00002       678846.88860 
0.00001   0.00001   0.00000      0.00002       690311.48190 
0.00001   0.00001   0.00000      0.00002       661829.99864 
0.00001   0.00001   0.00000      0.00002       645029.10869 
0.00001   0.00001   0.00000      0.00002       639476.81204 
0.00001   0.00001   0.00000      0.00002       617507.62544 
0.00001   0.00001   0.00000      0.00002       595922.43883 
0.00001   0.00001   0.00000      0.00002       579985.54888 
0.00001   0.00001   0.00000      0.00002       559072.36228 
0.00001   0.00001   0.00000      0.00002       543639.47233 
0.00001   0.00001   0.00000      0.00002       533470.87903 
0.00001   0.00001   0.00000      0.00002       518397.98907 
0.00001   0.00001   0.00000      0.00002       523398.28572 
0.00001   0.00001   0.00000      0.00002       513421.69242 
0.00001   0.00001   0.00000      0.00002       503541.09912 
0.00001   0.00001   0.00000      0.00002       513421.69242 
0.00001   0.00001   0.00000      0.00002       498636.80247 
0.00001   0.00001   0.00000      0.00002       493756.50582 
0.00001   0.00001   0.00000      0.00002       484067.91252 
0.00001   0.00001   0.00000      0.00002       474475.31922 
0.00001   0.00001   0.00000      0.00002       469715.02257 
0.00001   0.00001   0.00000      0.00002       460266.42927 
0.00001   0.00001   0.00000      0.00002       446273.53931 
0.00001   0.00001   0.00000      0.00002       446273.53931 
0.00001   0.00001   0.00000      0.00002       437064.94601 
0.00001   0.00001   0.00000      0.00002       432496.64936 
0.00001   0.00001   0.00000      0.00002       423432.05606 
0.00001   0.00001   0.00000      0.00002       410015.16611 
0.00001   0.00001   0.00000      0.00002       414463.46276 
0.00001   0.00001   0.00000      0.00002       401190.57281 
0.00001   0.00001   0.00000      0.00002       392461.97950 
0.00001   0.00001   0.00000      0.00002       396814.27616 
0.00001   0.00001   0.00000      0.00002       383829.38620 
0.00001   0.00001   0.00000      0.00002       375292.79290 
0.00001   0.00001   0.00000      0.00002       371060.49625 
0.00001   0.00001   0.00000      0.00002       358507.60630 
0.00001   0.00001   0.00000      0.00002       350259.01300 
0.00001   0.00001   0.00000      0.00002       338066.12305 
0.00001   0.00001   0.00000      0.00002       330057.52974 
0.00001   0.00001   0.00000      0.00002       330057.52974 
0.00001   0.00001   0.00000      0.00002       322144.93644 
0.00001   0.00001   0.00000      0.00002       318224.63979 
0.00001   0.00001   0.00000      0.00002       322144.93644 
0.00001   0.00001   0.00000      0.00002       314328.34314 
0.00001   0.00001   0.00000      0.00002       310456.04649 
0.00001   0.00001   0.00000      0.00002       306607.74984 
0.00001   0.00001   0.00000      0.00002       298983.15654 
0.00001   0.00001   0.00000      0.00002       310456.04649 
0.00001   0.00001   0.00000      0.00002       298983.15654 
0.00001   0.00001   0.00000      0.00002       295206.85989 
0.00001   0.00001   0.00000      0.00002       295206.85989 
0.00001   0.00001   0.00000      0.00002       291454.56324 
0.00001   0.00001   0.00000      0.00002       291454.56324 
0.00001   0.00001   0.00000      0.00002       291454.56324 
0.00001   0.00001   0.00000      0.00002       284021.96994 
0.00001   0.00001   0.00000      0.00002       284021.96994 
0.00001   0.00001   0.00000      0.00002       273053.07998 
0.00001   0.00001   0.00000      0.00002       265860.48668 
0.00001   0.00001   0.00000      0.00002       273053.07998 
0.00001   0.00001   0.00000      0.00002       265860.48668 
0.00001   0.00001   0.00000      0.00002       258763.89338 
0.00001   0.00001   0.00000      0.00002       258763.89338 
0.00001   0.00001   0.00000      0.00002       251763.30008 
0.00001   0.00001   0.00000      0.00002       255251.59673 
0.00001   0.00001   0.00000      0.00002       251763.30008 
0.00001   0.00001   0.00000      0.00002       244858.70678 
0.00001   0.00001   0.00000      0.00002       238050.11348 
0.00001   0.00001   0.00000      0.00002       228017.22352 
0.00001   0.00001   0.00000      0.00002       224720.92687 
0.00001   0.00001   0.00000      0.00002       224720.92687 
0.00001   0.00001   0.00000      0.00002       208599.44362 
0.00001   0.00001   0.00000      0.00002       211775.74027 
0.00001   0.00001   0.00000      0.00002       202318.85032 
0.00001   0.00001   0.00000      0.00002       190045.66372 
0.00001   0.00001   0.00000      0.00002       187037.36706 
0.00001   0.00001   0.00000      0.00002       175244.18046 
0.00001   0.00001   0.00000      0.00002       163834.99386 
0.00001   0.00001   0.00000      0.00002       163834.99386 
0.00001   0.00001   0.00000      0.00002       158274.40056 
0.00001   0.00001   0.00000      0.00002       158274.40056 
0.00001   0.00001   0.00000      0.00002       150113.51061 
0.00001   0.00001   0.00000      0.00002       144792.91730 
0.00001   0.00001   0.00000      0.00002       150113.51061 
0.00001   0.00001   0.00000      0.00002       144792.91730 
0.00001   0.00001   0.00000      0.00002       139568.32400 
0.00001   0.00001   0.00000      0.00002       142168.62065 
0.00001   0.00001   0.00000      0.00002       136992.02735 
0.00001   0.00001   0.00000      0.00002       139568.32400 
0.00001   0.00001   0.00000      0.00002       131911.43405 
0.00001   0.00001   0.00000      0.00002       124470.54410 
0.00001   0.00001   0.00000      0.00002       122038.24745 
0.00001   0.00001   0.00000      0.00002       119629.95080 
0.00001   0.00001   0.00000      0.00002       114885.35750 
0.00001   0.00001   0.00000      0.00002       117245.65415 
0.00001   0.00001   0.00000      0.00002       110236.76419 
0.00001   0.00001   0.00000      0.00002       105684.17089 
0.00001   0.00001   0.00000      0.00002       103443.87424 
0.00001   0.00001   0.00000      0.00002       94722.68764  
0.00001   0.00001   0.00000      0.00002       96866.98429  
0.00001   0.00001   0.00000      0.00002       92602.39099  
0.00001   0.00001   0.00000      0.00002       86385.50104  
0.00001   0.00001   0.00000      0.00002       80384.61108  
0.00001   0.00001   0.00000      0.00002       76504.01778  
0.00001   0.00001   0.00000      0.00002       72719.42448  
0.00001   0.00001   0.00000      0.00002       69030.83118  
0.00001   0.00001   0.00000      0.00002       67222.53453  
0.00001   0.00001   0.00000      0.00002       61941.64458  
0.00001   0.00001   0.00000      0.00002       58541.05128  
0.00001   0.00001   0.00000      0.00002       60229.34793  
0.00001   0.00001   0.00000      0.00002       61941.64458  
0.00001   0.00001   0.00000      0.00002       53620.16132  
0.00001   0.00001   0.00000      0.00002       50459.56802  
0.00001   0.00001   0.00000      0.00002       50459.56802  
0.00001   0.00001   0.00000      0.00002       45898.67807  
0.00001   0.00001   0.00000      0.00002       45898.67807  
0.00001   0.00001   0.00000      0.00002       42978.08477  
0.00001   0.00001   0.00000      0.00002       41553.78812  
0.00001   0.00001   0.00000      0.00002       41553.78812  
0.00001   0.00001   0.00000      0.00002       40153.49147  
0.00001   0.00001   0.00000      0.00002       37424.89817  
0.00001   0.00001   0.00000      0.00002       36096.60151  
0.00001   0.00001   0.00000      0.00002       34792.30486  
0.00001   0.00001   0.00000      0.00002       33512.00821  
0.00001   0.00001   0.00000      0.00002       31023.41491  
0.00001   0.00001   0.00000      0.00002       27470.52496  
0.00001   0.00001   0.00000      0.00002       27470.52496  
0.00001   0.00001   0.00000      0.00002       24133.63501  
0.00001   0.00001   0.00000      0.00002       23069.33836  
0.00001   0.00001   0.00000      0.00002       21012.74506  
0.00001   0.00001   0.00000      0.00002       18107.85510  
0.00001   0.00001   0.00000      0.00002       17187.55845  
0.00001   0.00001   0.00000      0.00002       14570.66850  
0.00001   0.00001   0.00000      0.00002       11417.48190  
0.00001   0.00001   0.00000      0.00002       9984.88860   
0.00001   0.00001   0.00000      0.00002       8015.99864   
0.00001   0.00001   0.00000      0.00002       6263.10869   
0.00001   0.00001   0.00000      0.00002       5214.51539   
0.00001   0.00002   0.00000      0.00002       3821.62544   
0.00001   0.00002   0.00000      0.00002       3405.32879   
0.00001   0.00002   0.00000      0.00002       3013.03214   
0.00001   0.00002   0.00000      0.00002       1980.14218   
0.00001   0.00002   0.00000      0.00002       1980.14218   
0.00001   0.00002   0.00000      0.00002       1683.84553   
0.00001   0.00002   0.00000      0.00002       1411.54888   
0.00001   0.00002   0.00000      0.00002       1163.25223   
0.00001   0.00002   0.00000      0.00002       938.95558    
0.00001   0.00002   0.00000      0.00002       738.65893    
0.00001   0.00002   0.00000      0.00002       410.06563    
0.00001   0.00002   0.00000      0.00002       97.17568     
0.00001   0.00002   0.00000      0.00002       0.28572      
0.00001   0.00002   0.00000      0.00002       119.39577    
0.00001   0.00002   0.00000      0.00002       454.50582    
0.00001   0.00002   0.00000      0.00002       1493.02257   
0.00001   0.00002   0.00000      0.00002       2755.83596   
0.00001   0.00002   0.00000      0.00002       4402.64936   
0.00001   0.00002   0.00000      0.00002       5889.75941   
0.00001   0.00002   0.00000      0.00002       7592.86946   
0.00001   0.00002   0.00000      0.00002       8848.27616   
0.00001   0.00002   0.00000      0.00002       10199.68285  
0.00001   0.00002   0.00000      0.00002       13190.49625  
0.00001   0.00002   0.00000      0.00002       13998.19960  
0.00001   0.00002   0.00000      0.00002       14829.90295  
0.00001   0.00002   0.00000      0.00002       15685.60630  
0.00001   0.00002   0.00000      0.00002       15685.60630  
0.00001   0.00002   0.00000      0.00002       16565.30965  
0.00001   0.00002   0.00000      0.00002       16565.30965  
0.00001   0.00002   0.00000      0.00002       17469.01300  
0.00001   0.00002   0.00000      0.00002       18396.71635  
0.00001   0.00002   0.00000      0.00002       19348.41970  
0.00001   0.00002   0.00000      0.00002       19348.41970  
0.00001   0.00002   0.00000      0.00002       20324.12305  
0.00001   0.00002   0.00000      0.00002       21323.82639  
0.00001   0.00002   0.00000      0.00002       23395.23309  
0.00001   0.00002   0.00000      0.00002       24466.93644  
0.00001   0.00002   0.00000      0.00002       26682.34314  
0.00001   0.00002   0.00000      0.00002       28993.74984  
0.00001   0.00002   0.00000      0.00002       31401.15654  
0.00001   0.00002   0.00000      0.00002       33904.56324  
0.00001   0.00002   0.00000      0.00002       37839.67328  
0.00001   0.00002   0.00000      0.00002       40583.07998  
0.00001   0.00002   0.00000      0.00002       43422.48668  
0.00001   0.00002   0.00000      0.00002       47861.59673  
0.00001   0.00002   0.00000      0.00002       52516.70678  
0.00001   0.00002   0.00000      0.00002       55740.11348  
0.00001   0.00002   0.00000      0.00002       60755.22352  
0.00001   0.00002   0.00000      0.00002       67778.03692  
0.00001   0.00002   0.00000      0.00002       75184.85032  
0.00001   0.00002   0.00000      0.00002       79032.25702  
0.00001   0.00002   0.00000      0.00002       82975.66372  
0.00001   0.00002   0.00000      0.00002       84983.36706  
0.00001   0.00002   0.00000      0.00002       87015.07041  
0.00001   0.00002   0.00000      0.00002       89070.77376  
0.00001   0.00002   0.00000      0.00002       91150.47711  
0.00001   0.00002   0.00000      0.00002       93254.18046  
0.00001   0.00002   0.00000      0.00002       95381.88381  
0.00001   0.00002   0.00000      0.00002       97533.58716  
0.00001   0.00002   0.00000      0.00002       99709.29051  
0.00001   0.00002   0.00000      0.00002       104132.69721 
0.00001   0.00002   0.00000      0.00002       106380.40056 
0.00001   0.00002   0.00000      0.00002       113267.51061 
0.00001   0.00002   0.00000      0.00002       117978.91730 
0.00001   0.00002   0.00000      0.00002       122786.32400 
0.00001   0.00002   0.00000      0.00002       125226.02735 
0.00001   0.00002   0.00000      0.00002       130177.43405 
0.00001   0.00002   0.00000      0.00002       137784.54410 
0.00001   0.00002   0.00000      0.00002       145607.65415 
0.00001   0.00002   0.00000      0.00002       150943.06084 
0.00001   0.00002   0.00000      0.00002       156374.46754 
0.00001   0.00002   0.00000      0.00002       164701.57759 
0.00001   0.00002   0.00000      0.00002       170372.98429 
0.00001   0.00002   0.00000      0.00002       179060.09434 
0.00001   0.00002   0.00000      0.00002       187963.20439 
0.00001   0.00002   0.00000      0.00002       197082.31443 
0.00001   0.00002   0.00000      0.00002       206417.42448 
0.00001   0.00002   0.00000      0.00002       209577.12783 
0.00001   0.00002   0.00000      0.00002       209577.12783 
0.00001   0.00002   0.00000      0.00002       212760.83118 
0.00001   0.00002   0.00000      0.00002       215968.53453 
0.00001   0.00002   0.00000      0.00002       219200.23788 
0.00001   0.00002   0.00000      0.00002       222455.94123 
0.00001   0.00002   0.00000      0.00002       229039.34793 
0.00001   0.00002   0.00000      0.00002       239094.45797 
0.00001   0.00002   0.00000      0.00002       245917.86467 
0.00001   0.00002   0.00000      0.00002       256332.97472 
0.00001   0.00002   0.00000      0.00002       259852.67807 
0.00001   0.00002   0.00000      0.00002       266964.08477 
0.00001   0.00002   0.00000      0.00002       274171.49147 
0.00001   0.00002   0.00000      0.00002       281474.89817 
0.00001   0.00002   0.00000      0.00002       288874.30486 
0.00001   0.00002   0.00000      0.00002       300153.41491 
0.00001   0.00002   0.00000      0.00002       303961.11826 
0.00001   0.00002   0.00000      0.00002       311648.52496 
0.00001   0.00002   0.00000      0.00002       323359.63501 
0.00001   0.00002   0.00000      0.00002       331287.04171 
0.00001   0.00002   0.00000      0.00002       347429.85510 
0.00001   0.00002   0.00000      0.00002       355645.26180 
0.00001   0.00002   0.00000      0.00002       363956.66850 
0.00001   0.00002   0.00000      0.00002       372364.07520 
0.00001   0.00002   0.00000      0.00002       372364.07520 
0.00001   0.00002   0.00000      0.00002       380867.48190 
0.00001   0.00002   0.00000      0.00002       385155.18525 
0.00001   0.00002   0.00000      0.00002       385155.18525 
0.00001   0.00002   0.00000      0.00002       393802.59195 
0.00001   0.00002   0.00000      0.00002       398162.29529 
0.00001   0.00002   0.00000      0.00002       402545.99864 
0.00001   0.00002   0.00000      0.00002       406953.70199 
0.00001   0.00002   0.00000      0.00002       406953.70199 
0.00001   0.00002   0.00000      0.00002       411385.40534 
0.00001   0.00002   0.00000      0.00002       420320.81204 
0.00001   0.00002   0.00000      0.00002       424824.51539 
0.00001   0.00002   0.00000      0.00002       438479.62544 
0.00001   0.00002   0.00000      0.00002       443079.32879 
0.00001   0.00002   0.00000      0.00002       447703.03214 
0.00001   0.00002   0.00000      0.00002       457022.43883 
0.00001   0.00002   0.00000      0.00002       471181.54888 
0.00001   0.00002   0.00000      0.00002       475949.25223 
0.00001   0.00002   0.00000      0.00002       490396.36228 
0.00001   0.00002   0.00000      0.00002       505059.47233 
0.00001   0.00002   0.00000      0.00002       519938.58238 
0.00001   0.00002   0.00000      0.00002       535033.69242 
0.00001   0.00002   0.00000      0.00002       550344.80247 
0.00001   0.00002   0.00000      0.00002       571095.61587 
0.00001   0.00002   0.00000      0.00002       581615.02257 
0.00001   0.00002   0.00000      0.00002       586910.72592 
0.00001   0.00002   0.00000      0.00002       592230.42927 
0.00001   0.00002   0.00000      0.00002       597574.13261 
0.00001   0.00002   0.00000      0.00002       613749.24266 
0.00001   0.00002   0.00000      0.00002       624652.64936 
0.00001   0.00002   0.00000      0.00002       630140.35271 
0.00001   0.00002   0.00000      0.00002       635652.05606 
0.00001   0.00002   0.00000      0.00002       641187.75941 
0.00001   0.00002   0.00000      0.00002       646747.46276 
0.00001   0.00002   0.00000      0.00002       657938.86946 
0.00001   0.00002   0.00000      0.00002       663570.57281 
0.00001   0.00002   0.00000      0.00002       680609.68285 
0.00001   0.00002   0.00000      0.00002       686337.38620 
0.00001   0.00002   0.00000      0.00002       692089.08955 
0.00001   0.00002   0.00000      0.00002       703664.49625 
0.00001   0.00002   0.00000      0.00002       709488.19960 
0.00001   0.00002   0.00000      0.00002       721207.60630 
0.00001   0.00002   0.00000      0.00002       733023.01300 
0.00001   0.00002   0.00000      0.00002       744934.41970 
0.00001   0.00002   0.00000      0.00002       756941.82639 
0.00001   0.00002   0.00000      0.00002       769045.23309 
0.00001   0.00002   0.00000      0.00002       781244.63979 
0.00001   0.00002   0.00000      0.00002       799723.74984 
0.00001   0.00002   0.00000      0.00002       818418.85989 
0.00001   0.00002   0.00000      0.00002       837329.96994 
0.00001   0.00002   0.00000      0.00002       862880.78333 
0.00001   0.00002   0.00000      0.00002       869328.48668 
0.00001   0.00002   0.00000      0.00002       875800.19003 
0.00001   0.00002   0.00000      0.00002       882295.89338 
0.00001   0.00002   0.00000      0.00002       888815.59673 
0.00001   0.00002   0.00000      0.00002       901927.00343 
0.00001   0.00002   0.00000      0.00002       908518.70678 
0.00001   0.00002   0.00000      0.00002       921774.11348 
0.00001   0.00002   0.00000      0.00002       935125.52017 
0.00001   0.00002   0.00000      0.00002       941837.22352 
0.00001   0.00002   0.00000      0.00002       955332.63022 
0.00001   0.00002   0.00000      0.00002       968924.03692 
0.00001   0.00002   0.00000      0.00002       968924.03692 
0.00001   0.00002   0.00000      0.00002       982611.44362 
0.00001   0.00002   0.00000      0.00002       996394.85032 
0.00001   0.00002   0.00000      0.00002       1024249.66372
0.00001   0.00002   0.00000      0.00002       1045392.77376
0.00001   0.00002   0.00000      0.00002       1059608.18046
0.00001   0.00002   0.00000      0.00002       1073919.58716
0.00001   0.00002   0.00000      0.00002       1088326.99386
0.00001   0.00002   0.00000      0.00002       1110118.10391
0.00001   0.00002   0.00000      0.00002       1139508.91730
0.00001   0.00002   0.00000      0.00002       1169283.73070
0.00001   0.00002   0.00000      0.00002       1191866.84075
0.00001   0.00002   0.00000      0.00002       1199442.54410
0.00001   0.00002   0.00000      0.00002       1207042.24745
0.00001   0.00002   0.00000      0.00002       1214665.95080
0.00001   0.00002   0.00000      0.00002       1229985.35750
0.00001   0.00002   0.00000      0.00002       1245400.76419
0.00001   0.00002   0.00000      0.00002       1253144.46754
0.00001   0.00002   0.00000      0.00002       1253144.46754
0.00001   0.00002   0.00000      0.00002       1260912.17089
0.00001   0.00002   0.00000      0.00002       1276519.57759
0.00001   0.00002   0.00000      0.00002       1284359.28094
0.00001   0.00002   0.00000      0.00002       1284359.28094
0.00001   0.00002   0.00000      0.00002       1292222.98429
0.00001   0.00002   0.00000      0.00002       1292222.98429
0.00001   0.00002   0.00000      0.00002       1308022.39099
0.00001   0.00002   0.00000      0.00002       1315958.09434
0.00001   0.00002   0.00000      0.00002       1323917.79769
0.00001   0.00002   0.00000      0.00002       1339909.20439
0.00001   0.00002   0.00000      0.00002       1347940.90773
0.00001   0.00002   0.00000      0.00002       1372180.01778
0.00001   0.00002   0.00000      0.00002       1388459.42448
0.00001   0.00002   0.00000      0.00002       1404834.83118
0.00001   0.00002   0.00000      0.00002       1437873.64458
0.00001   0.00002   0.00000      0.00002       1462904.75462
0.00001   0.00002   0.00000      0.00002       1479712.16132
0.00001   0.00002   0.00000      0.00002       1522150.67807
0.00001   0.00002   0.00000      0.00002       1547901.78812
0.00001   0.00002   0.00000      0.00002       1565189.19482
0.00001   0.00002   0.00000      0.00002       1582572.60151
0.00001   0.00002   0.00000      0.00002       1582572.60151
0.00001   0.00002   0.00000      0.00002       1600052.00821
0.00001   0.00002   0.00000      0.00002       1626451.11826
0.00001   0.00002   0.00000      0.00002       1635298.82161
0.00001   0.00002   0.00000      0.00002       1644170.52496
0.00001   0.00002   0.00000      0.00002       1653066.22831
0.00001   0.00002   0.00000      0.00002       1661985.93166
0.00001   0.00002   0.00000      0.00002       1679897.33836
0.00001   0.00002   0.00000      0.00002       1688889.04171
0.00001   0.00002   0.00000      0.00002       1697904.74506
0.00001   0.00002   0.00000      0.00002       1706944.44840
0.00001   0.00002   0.00000      0.00002       1725095.85510
0.00001   0.00002   0.00000      0.00002       1743343.26180
0.00001   0.00002   0.00000      0.00002       1752502.96515
0.00001   0.00002   0.00000      0.00002       1770894.37185
0.00001   0.00002   0.00000      0.00002       1798661.48190
0.00001   0.00002   0.00000      0.00002       1826644.59195
0.00001   0.00002   0.00000      0.00002       1845419.99864
0.00001   0.00002   0.00000      0.00002       1883258.81204
0.00001   0.00002   0.00000      0.00002       1902322.21874
0.00001   0.00002   0.00000      0.00002       1940737.03214
0.00001   0.00002   0.00000      0.00002       1969800.14218
0.00001   0.00002   0.00000      0.00002       1989295.54888
0.00001   0.00002   0.00000      0.00002       2008886.95558
0.00001   0.00002   0.00000      0.00002       2028574.36228
0.00001   0.00002   0.00000      0.00002       2048357.76898
0.00001   0.00002   0.00000      0.00002       2078212.87903
0.00001   0.00002   0.00000      0.00002       2088212.58238
0.00001   0.00002   0.00000      0.00002       2098236.28572
0.00001   0.00002   0.00000      0.00002       2108283.98907
0.00001   0.00002   0.00000      0.00002       2118355.69242
0.00001   0.00002   0.00000      0.00002       2128451.39577
0.00001   0.00002   0.00000      0.00002       2138571.09912
0.00001   0.00002   0.00000      0.00002       2148714.80247
0.00001   0.00002   0.00000      0.00002       2169074.20917
0.00001   0.00002   0.00000      0.00002       2169074.20917
0.00001   0.00002   0.00000      0.00002       2189529.61587
0.00001   0.00002   0.00000      0.00002       2210081.02257
0.00001   0.00002   0.00000      0.00002       2220392.72592
0.00001   0.00002   0.00000      0.00002       2241088.13261
0.00001   0.00002   0.00000      0.00002       2261879.53931
0.00001   0.00002   0.00000      0.00002       2272311.24266
0.00001   0.00002   0.00000      0.00002       2293246.64936
0.00001   0.00002   0.00000      0.00002       2335405.46276
0.00001   0.00002   0.00000      0.00002       2367276.57281
0.00001   0.00002   0.00000      0.00002       2388643.97950
0.00001   0.00002   0.00000      0.00002       2410107.38620
0.00001   0.00002   0.00000      0.00002       2442482.49625
0.00001   0.00002   0.00000      0.00002       2464185.90295
0.00001   0.00002   0.00000      0.00002       2485985.30965
0.00001   0.00002   0.00000      0.00002       2496921.01300
0.00001   0.00002   0.00000      0.00002       2507880.71635
0.00001   0.00002   0.00000      0.00002       2529872.12305
0.00001   0.00002   0.00000      0.00002       2563039.23309
0.00001   0.00002   0.00000      0.00002       2574142.93644
0.00001   0.00002   0.00000      0.00002       2585270.63979
0.00001   0.00002   0.00000      0.00002       2596422.34314
0.00001   0.00002   0.00000      0.00002       2607598.04649
0.00001   0.00002   0.00000      0.00002       2618797.74984
0.00001   0.00002   0.00000      0.00002       2630021.45319
0.00001   0.00002   0.00000      0.00002       2641269.15654
0.00001   0.00002   0.00000      0.00002       2652540.85989
0.00001   0.00002   0.00000      0.00002       2663836.56324
0.00001   0.00002   0.00000      0.00002       2697867.67328
0.00001   0.00002   0.00000      0.00002       2732114.78333
0.00001   0.00002   0.00000      0.00002       2755066.19003
0.00001   0.00002   0.00000      0.00002       2801257.00343
0.00001   0.00002   0.00000      0.00002       2812864.70678
0.00001   0.00002   0.00000      0.00002       2836152.11348
0.00001   0.00002   0.00000      0.00002       2871263.22352
0.00001   0.00002   0.00000      0.00002       2894790.63022
0.00001   0.00002   0.00000      0.00002       2942133.44362
0.00001   0.00002   0.00000      0.00002       2989860.25702
0.00001   0.00002   0.00000      0.00002       3025907.36706
0.00001   0.00002   0.00000      0.00002       3050058.77376
0.00001   0.00002   0.00000      0.00002       3062170.47711
0.00001   0.00002   0.00000      0.00002       3074306.18046
0.00001   0.00002   0.00000      0.00002       3086465.88381
0.00001   0.00002   0.00000      0.00002       3110857.29051
0.00001   0.00002   0.00000      0.00002       3135344.69721
0.00001   0.00002   0.00000      0.00002       3159928.10391
0.00001   0.00002   0.00000      0.00002       3159928.10391
0.00001   0.00002   0.00000      0.00002       3172255.80726
0.00001   0.00002   0.00000      0.00002       3184607.51061
0.00001   0.00002   0.00000      0.00002       3209382.91730
0.00001   0.00002   0.00000      0.00002       3221806.62065
0.00001   0.00002   0.00000      0.00002       3234254.32400
0.00001   0.00002   0.00000      0.00002       3246726.02735
0.00001   0.00002   0.00000      0.00002       3246726.02735
0.00001   0.00002   0.00000      0.00002       3259221.73070
0.00001   0.00002   0.00000      0.00002       3284285.13740
0.00001   0.00002   0.00000      0.00002       3309444.54410
0.00001   0.00002   0.00000      0.00002       3360051.35750
0.00001   0.00002   0.00000      0.00002       3385498.76419
0.00001   0.00002   0.00000      0.00002       3398258.46754
0.00001   0.00002   0.00000      0.00002       3411042.17089
0.00001   0.00002   0.00000      0.00002       3449537.28094
0.00001   0.00002   0.00000      0.00002       3462416.98429
0.00001   0.00002   0.00000      0.00002       3488248.39099
0.00001   0.00002   0.00000      0.00002       3527175.50104
0.00001   0.00002   0.00000      0.00002       3566318.61108
0.00001   0.00002   0.00000      0.00002       3618845.42448
0.00001   0.00002   0.00000      0.00002       3658492.53453
0.00001   0.00002   0.00000      0.00002       3685043.94123
0.00001   0.00002   0.00000      0.00002       3711691.34793
0.00001   0.00002   0.00000      0.00002       3738434.75462
0.00001   0.00002   0.00000      0.00002       3751842.45797
0.00001   0.00002   0.00000      0.00002       3765274.16132
0.00001   0.00002   0.00000      0.00002       3765274.16132
0.00001   0.00002   0.00000      0.00002       3778729.86467
0.00001   0.00002   0.00000      0.00002       3792209.56802
0.00001   0.00002   0.00000      0.00002       3805713.27137
0.00001   0.00002   0.00000      0.00002       3819240.97472
0.00001   0.00002   0.00000      0.00002       3819240.97472
0.00001   0.00002   0.00000      0.00002       3846368.38142
0.00001   0.00002   0.00000      0.00002       3859968.08477
0.00001   0.00002   0.00000      0.00002       3859968.08477
0.00001   0.00002   0.00000      0.00002       3887239.49147
0.00001   0.00002   0.00000      0.00002       3914606.89817
0.00001   0.00002   0.00000      0.00002       3955838.00821
0.00001   0.00002   0.00000      0.00002       3969629.71156
0.00001   0.00002   0.00000      0.00002       3969629.71156
0.00001   0.00002   0.00000      0.00002       4011148.82161
0.00001   0.00002   0.00000      0.00002       4066843.63501
0.00001   0.00002   0.00000      0.00002       4108866.74506
0.00001   0.00002   0.00000      0.00002       4165233.55845
0.00001   0.00002   0.00000      0.00002       4221984.37185
0.00001   0.00002   0.00000      0.00002       4264799.48190
0.00001   0.00002   0.00000      0.00002       4322222.29529
0.00001   0.00002   0.00000      0.00002       4336637.99864
0.00001   0.00002   0.00000      0.00002       4365541.40534
0.00001   0.00002   0.00000      0.00002       4409076.51539
0.00001   0.00002   0.00000      0.00002       4423636.21874
0.00001   0.00002   0.00000      0.00002       4438219.92209
0.00001   0.00002   0.00000      0.00002       4467459.32879
0.00001   0.00002   0.00000      0.00002       4467459.32879
0.00001   0.00002   0.00000      0.00002       4496794.73549
0.00001   0.00002   0.00000      0.00002       4511498.43883
0.00001   0.00002   0.00000      0.00002       4526226.14218
0.00001   0.00002   0.00000      0.00002       4555753.54888
0.00001   0.00002   0.00000      0.00002       4585376.95558
0.00001   0.00002   0.00000      0.00002       4600224.65893
0.00001   0.00002   0.00000      0.00002       4629992.06563
0.00001   0.00002   0.00000      0.00002       4674823.17568
0.00001   0.00002   0.00000      0.00002       4704830.58238
0.00001   0.00002   0.00000      0.00002       4719870.28572
0.00001   0.00002   0.00000      0.00002       4750021.69242
0.00001   0.00002   0.00000      0.00002       4795428.80247
0.00001   0.00002   0.00000      0.00002       4825820.20917
0.00001   0.00002   0.00000      0.00002       4871587.31922
0.00001   0.00002   0.00000      0.00002       4932946.13261
0.00001   0.00002   0.00000      0.00002       4963769.53931
0.00001   0.00002   0.00000      0.00002       5010184.64936
0.00001   0.00002   0.00000      0.00002       5056815.75941
0.00001   0.00002   0.00000      0.00002       5072407.46276
0.00001   0.00002   0.00000      0.00002       5119326.57281
0.00001   0.00002   0.00000      0.00002       5150725.97950
0.00001   0.00002   0.00000      0.00002       5166461.68285
0.00001   0.00002   0.00000      0.00002       5166461.68285
0.00001   0.00002   0.00000      0.00002       5182221.38620
0.00001   0.00002   0.00000      0.00002       5198005.08955
0.00001   0.00002   0.00000      0.00002       5213812.79290
0.00001   0.00002   0.00000      0.00002       5229644.49625
0.00001   0.00002   0.00000      0.00002       5261379.90295
0.00001   0.00002   0.00000      0.00002       5277283.60630
0.00001   0.00002   0.00000      0.00002       5293211.30965
0.00001   0.00002   0.00000      0.00002       5293211.30965
0.00001   0.00002   0.00000      0.00002       5293211.30965
0.00001   0.00002   0.00000      0.00002       5293211.30965
0.00001   0.00002   0.00000      0.00002       5293211.30965
0.00001   0.00002   0.00000      0.00002       5293211.30965
0.00001   0.00002   0.00000      0.00002       5293211.30965
0.00001   0.00002   0.00000      0.00002       5325138.71635
0.00001   0.00002   0.00000      0.00002       5373209.82639
0.00001   0.00002   0.00000      0.00002       5405377.23309
0.00001   0.00002   0.00000      0.00002       5437640.63979
0.00001   0.00002   0.00000      0.00002       5502455.45319
0.00001   0.00002   0.00000      0.00002       5518719.15654
0.00001   0.00002   0.00000      0.00002       5551318.56324
0.00001   0.00002   0.00000      0.00002       5584013.96994
0.00001   0.00002   0.00000      0.00002       5600397.67328
0.00001   0.00002   0.00000      0.00002       5649692.78333
0.00001   0.00002   0.00000      0.00002       5666172.48668
0.00001   0.00002   0.00000      0.00002       5682676.19003
0.00001   0.00002   0.00000      0.00002       5748931.00343
0.00001   0.00002   0.00000      0.00002       5765554.70678
0.00001   0.00002   0.00000      0.00002       5765554.70678
0.00001   0.00002   0.00000      0.00002       5832289.52017
0.00001   0.00002   0.00000      0.00002       5933111.74027
0.00001   0.00002   0.00000      0.00002       5983846.85032
0.00001   0.00002   0.00000      0.00002       6034797.96037
0.00001   0.00002   0.00000      0.00002       6103068.77376
0.00001   0.00002   0.00000      0.00002       6154523.88381
0.00001   0.00002   0.00000      0.00002       6223466.69721
0.00001   0.00002   0.00000      0.00002       6258082.10391
0.00001   0.00002   0.00000      0.00002       6362504.32400
0.00001   0.00002   0.00000      0.00002       6432599.13740
0.00001   0.00002   0.00000      0.00002       6467790.54410
0.00001   0.00002   0.00000      0.00002       6503077.95080
0.00001   0.00002   0.00000      0.00002       6520757.65415
0.00001   0.00002   0.00000      0.00002       6538461.35750
0.00001   0.00002   0.00000      0.00002       6556189.06084
0.00001   0.00002   0.00000      0.00002       6556189.06084
0.00001   0.00002   0.00000      0.00002       6573940.76419
0.00001   0.00002   0.00000      0.00002       6573940.76419
0.00001   0.00002   0.00000      0.00002       6591716.46754
0.00001   0.00002   0.00000      0.00002       6627339.87424
0.00001   0.00002   0.00000      0.00002       6627339.87424
0.00001   0.00002   0.00000      0.00002       6627339.87424
0.00001   0.00002   0.00000      0.00002       6645187.57759
0.00001   0.00002   0.00000      0.00002       6645187.57759
0.00001   0.00002   0.00000      0.00002       6680954.98429
0.00001   0.00002   0.00000      0.00002       6734786.09434
0.00001   0.00002   0.00000      0.00002       6734786.09434
0.00001   0.00002   0.00000      0.00002       6806896.90773
0.00001   0.00002   0.00000      0.00002       6806896.90773
0.00001   0.00002   0.00000      0.00002       6843096.31443
0.00001   0.00002   0.00000      0.00002       6915783.12783
0.00001   0.00002   0.00000      0.00002       6915783.12783
0.00001   0.00002   0.00000      0.00002       7007181.64458
0.00001   0.00002   0.00000      0.00002       7062308.75462
0.00001   0.00002   0.00000      0.00002       7080732.45797
0.00001   0.00002   0.00000      0.00002       7117651.86467
0.00001   0.00002   0.00000      0.00002       7136147.56802
0.00001   0.00002   0.00000      0.00002       7154667.27137
0.00001   0.00002   0.00000      0.00002       7228986.08477
0.00001   0.00002   0.00000      0.00002       7247625.78812
0.00001   0.00002   0.00000      0.00002       7266289.49147
0.00001   0.00002   0.00000      0.00002       7284977.19482
0.00001   0.00002   0.00000      0.00002       7341184.30486
0.00001   0.00002   0.00000      0.00002       7435342.82161
0.00001   0.00002   0.00000      0.00002       7473174.22831
0.00001   0.00002   0.00000      0.00002       7644603.55845
0.00001   0.00002   0.00000      0.00002       7856768.29529
0.00001   0.00002   0.00000      0.00002       7876199.99864
0.00001   0.00002   0.00000      0.00002       7973718.51539
0.00001   0.00002   0.00000      0.00002       8032517.62544
0.00001   0.00002   0.00000      0.00002       8012893.92209
0.00001   0.00002   0.00000      0.00002       8170555.54888
0.00001   0.00002   0.00000      0.00002       8289809.76898
0.00001   0.00002   0.00000      0.00002       8269874.06563
0.00001   0.00002   0.00000      0.00002       8309769.47233
0.00001   0.00002   0.00000      0.00002       8329753.17568
0.00001   0.00002   0.00000      0.00002       8369792.58238
0.00001   0.00002   0.00000      0.00002       8430031.69242
0.00001   0.00002   0.00000      0.00002       8349760.87903
0.00001   0.00002   0.00000      0.00002       8409927.98907
0.00001   0.00002   0.00000      0.00002       8409927.98907
0.00001   0.00002   0.00000      0.00002       8409927.98907
0.00001   0.00002   0.00000      0.00002       8430031.69242
0.00001   0.00002   0.00000      0.00002       8409927.98907
0.00001   0.00002   0.00000      0.00002       8430031.69242
0.00001   0.00002   0.00000      0.00002       8430031.69242
0.00001   0.00002   0.00000      0.00002       8389848.28572
0.00001   0.00002   0.00000      0.00002       8430031.69242
0.00001   0.00002   0.00000      0.00002       8430031.69242
0.00001   0.00002   0.00000      0.00002       8430031.69242
0.00001   0.00002   0.00000      0.00002       8430031.69242
0.00001   0.00002   0.00000      0.00002       8430031.69242
0.00001   0.00002   0.00000      0.00002       8430031.69242
0.00001   0.00002   0.00000      0.00002       8430031.69242
0.00001   0.00002   0.00000      0.00002       8409927.98907
0.00001   0.00002   0.00000      0.00002       8430031.69242
0.00001   0.00002   0.00000      0.00002       8430031.69242
0.00001   0.00002   0.00000      0.00002       8430031.69242
0.00001   0.00002   0.00000      0.00002       8430031.69242
0.00001   0.00002   0.00000      0.00002       8409927.98907
0.00001   0.00002   0.00000      0.00002       8430031.69242
0.00001   0.00002   0.00000      0.00002       8430031.69242
0.00001   0.00002   0.00000      0.00002       8409927.98907
0.00001   0.00002   0.00000      0.00002       8430031.69242
0.00001   0.00002   0.00000      0.00002       8430031.69242
0.00001   0.00002   0.00000      0.00002       8409927.98907
0.00001   0.00002   0.00000      0.00002       8430031.69242
0.00001   0.00002   0.00000      0.00002       8409927.98907
0.00001   0.00002   0.00000      0.00002       8389848.28572
0.00001   0.00002   0.00000      0.00002       8430031.69242
0.00001   0.00002   0.00000      0.00002       8430031.69242
0.00001   0.00002   0.00000      0.00002       8430031.69242
0.00001   0.00002   0.00000      0.00002       8430031.69242
0.00001   0.00002   0.00000      0.00002       8409927.98907
0.00001   0.00002   0.00000      0.00002       8430031.69242
0.00001   0.00002   0.00000      0.00002       8430031.69242
0.00001   0.00002   0.00000      0.00002       8430031.69242
0.00001   0.00002   0.00000      0.00002       8430031.69242
0.00001   0.00002   0.00000      0.00002       8389848.28572
0.00001   0.00002   0.00000      0.00002       8430031.69242
0.00001   0.00002   0.00000      0.00002       8430031.69242
0.00001   0.00002   0.00000      0.00002       8389848.28572
0.00001   0.00002   0.00000      0.00002       8430031.69242
0.00001   0.00002   0.00000      0.00002       8430031.69242
0.00001   0.00002   0.00000      0.00002       8409927.98907
0.00001   0.00002   0.00000      0.00002       8430031.69242
0.00001   0.00002   0.00000      0.00002       8430031.69242
0.00001   0.00002   0.00000      0.00002       8430031.69242
0.00001   0.00002   0.00000      0.00002       8430031.69242
0.00001   0.00002   0.00000      0.00002       8389848.28572
0.00001   0.00002   0.00000      0.00002       8430031.69242
0.00001   0.00002   0.00000      0.00002       8430031.69242
0.00001   0.00002   0.00000      0.00002       8430031.69242
0.00001   0.00002   0.00000      0.00002       8430031.69242
0.00001   0.00002   0.00000      0.00002       8430031.69242
0.00001   0.00002   0.00000      0.00002       8430031.69242
0.00001   0.00002   0.00000      0.00002       8430031.69242
0.00001   0.00002   0.00000      0.00002       8430031.69242
0.00001   0.00002   0.00000      0.00002       8430031.69242
0.00001   0.00002   0.00000      0.00002       8430031.69242
0.00001   0.00002   0.00000      0.00002       8409927.98907
0.00001   0.00002   0.00000      0.00002       8430031.69242
0.00001   0.00002   0.00000      0.00002       8430031.69242
0.00001   0.00002   0.00000      0.00002       8430031.69242
0.00001   0.00002   0.00000      0.00002       8430031.69242
0.00001   0.00002   0.00000      0.00002       8430031.69242
0.00001   0.00002   0.00000      0.00002       8430031.69242
0.00001   0.00002   0.00000      0.00002       8430031.69242
0.00001   0.00002   0.00000      0.00002       8430031.69242
0.00001   0.00002   0.00000      0.00002       8430031.69242
0.00001   0.00002   0.00000      0.00002       8430031.69242
0.00001   0.00002   0.00000      0.00002       8430031.69242
0.00001   0.00002   0.00000      0.00002       8430031.69242
0.00001   0.00002   0.00000      0.00002       8430031.69242
0.00001   0.00002   0.00000      0.00002       8430031.69242
0.00001   0.00002   0.00000      0.00002       8430031.69242
0.00001   0.00002   0.00000      0.00002       8430031.69242
0.00001   0.00002   0.00000      0.00002       8430031.69242
0.00001   0.00002   0.00000      0.00002       8430031.69242
0.00001   0.00002   0.00000      0.00002       8430031.69242
0.00001   0.00002   0.00000      0.00002       8430031.69242
0.00001   0.00002   0.00000      0.00002       8430031.69242
0.00001   0.00002   0.00000      0.00002       8430031.69242
0.00001   0.00002   0.00000      0.00002       8430031.69242
0.00001   0.00002   0.00000      0.00002       8430031.69242
0.00001   0.00002   0.00000      0.00002       8430031.69242
0.00001   0.00002   0.00000      0.00002       8430031.69242
0.00001   0.00002   0.00000      0.00002       8430031.69242
0.00001   0.00002   0.00000      0.00002       8430031.69242

Gradi di liberta = 2506
Chi-quadro = 9637382007.401865
p-value = 0.0

Media pesata = 1.5208456937799043e-05 +/- 5.764287198883956e-11

****************************************************************************************************
SERIE 3
****************************************************************************************************

Test ipotesi linearità_____________________________________
Covarianza = 0.00000
Indice Pearson = 0.99955 +/- 0.00060
Gradi di Liberta' = 2506
	t = 1671.8669576116436
	p-value (due code) = 0.0

Parametri___________________________________________________
y = a + bx
a = -0.00000 +/- 0.00000
b = 2.78403 +/- 0.00167

Test bontà fit _____________________________________________
x         y         sy           y*            Chi-quadro   
0.00001   0.00002   0.00000      0.00002       11015.06694  
0.00001   0.00002   0.00000      0.00002       7679.39914   
0.00001   0.00002   0.00000      0.00002       7084.26558   
0.00001   0.00002   0.00000      0.00002       11015.06694  
0.00001   0.00002   0.00000      0.00002       11015.06694  
0.00001   0.00002   0.00000      0.00002       11754.20050  
0.00001   0.00002   0.00000      0.00002       11015.06694  
0.00001   0.00002   0.00000      0.00002       11015.06694  
0.00001   0.00002   0.00000      0.00002       10299.93338  
0.00001   0.00002   0.00000      0.00002       10299.93338  
0.00001   0.00002   0.00000      0.00002       17600.13541  
0.00001   0.00002   0.00000      0.00002       16693.00185  
0.00001   0.00002   0.00000      0.00002       11015.06694  
0.00001   0.00002   0.00000      0.00002       15809.86829  
0.00001   0.00002   0.00000      0.00002       13304.46762  
0.00001   0.00002   0.00000      0.00002       11015.06694  
0.00001   0.00002   0.00000      0.00002       14950.73473  
0.00001   0.00002   0.00000      0.00002       11754.20050  
0.00001   0.00002   0.00000      0.00002       13304.46762  
0.00001   0.00002   0.00000      0.00002       14115.60118  
0.00001   0.00002   0.00000      0.00002       10299.93338  
0.00001   0.00002   0.00000      0.00002       15809.86829  
0.00001   0.00002   0.00000      0.00002       13304.46762  
0.00001   0.00002   0.00000      0.00002       9498.06227   
0.00001   0.00002   0.00000      0.00002       14115.60118  
0.00001   0.00002   0.00000      0.00002       11015.06694  
0.00001   0.00002   0.00000      0.00002       11631.68882  
0.00001   0.00002   0.00000      0.00002       15809.86829  
0.00001   0.00002   0.00000      0.00002       10185.27112  
0.00001   0.00002   0.00000      0.00002       13174.10651  
0.00001   0.00002   0.00000      0.00002       11631.68882  
0.00001   0.00002   0.00000      0.00002       10185.27112  
0.00001   0.00002   0.00000      0.00002       12390.89766  
0.00001   0.00002   0.00000      0.00002       10185.27112  
0.00001   0.00002   0.00000      0.00002       10185.27112  
0.00001   0.00002   0.00000      0.00002       12390.89766  
0.00001   0.00002   0.00000      0.00002       9498.06227   
0.00001   0.00002   0.00000      0.00002       12390.89766  
0.00001   0.00002   0.00000      0.00002       11631.68882  
0.00001   0.00002   0.00000      0.00002       9498.06227   
0.00001   0.00002   0.00000      0.00002       12390.89766  
0.00001   0.00002   0.00000      0.00002       10185.27112  
0.00001   0.00002   0.00000      0.00002       10185.27112  
0.00001   0.00002   0.00000      0.00002       11631.68882  
0.00001   0.00002   0.00000      0.00002       8834.85342   
0.00001   0.00002   0.00000      0.00002       13174.10651  
0.00001   0.00002   0.00000      0.00002       10896.47997  
0.00001   0.00002   0.00000      0.00002       9498.06227   
0.00001   0.00002   0.00000      0.00002       11631.68882  
0.00001   0.00002   0.00000      0.00002       10185.27112  
0.00001   0.00002   0.00000      0.00002       10896.47997  
0.00001   0.00002   0.00000      0.00002       13174.10651  
0.00001   0.00002   0.00000      0.00002       9498.06227   
0.00001   0.00002   0.00000      0.00002       12390.89766  
0.00001   0.00002   0.00000      0.00002       9498.06227   
0.00001   0.00002   0.00000      0.00002       9498.06227   
0.00001   0.00002   0.00000      0.00002       12390.89766  
0.00001   0.00002   0.00000      0.00002       10185.27112  
0.00001   0.00002   0.00000      0.00002       10896.47997  
0.00001   0.00002   0.00000      0.00002       11631.68882  
0.00001   0.00002   0.00000      0.00002       10185.27112  
0.00001   0.00002   0.00000      0.00002       12390.89766  
0.00001   0.00002   0.00000      0.00002       10896.47997  
0.00001   0.00002   0.00000      0.00002       8195.64457   
0.00001   0.00002   0.00000      0.00002       12390.89766  
0.00001   0.00002   0.00000      0.00002       10185.27112  
0.00001   0.00002   0.00000      0.00002       9498.06227   
0.00001   0.00002   0.00000      0.00002       10896.47997  
0.00001   0.00002   0.00000      0.00002       9498.06227   
0.00001   0.00002   0.00000      0.00002       11631.68882  
0.00001   0.00002   0.00000      0.00002       8731.12444   
0.00001   0.00002   0.00000      0.00002       8095.74976   
0.00001   0.00002   0.00000      0.00002       9286.06039   
0.00001   0.00002   0.00000      0.00002       4571.05790   
0.00001   0.00002   0.00000      0.00002       4050.56073   
0.00001   0.00002   0.00000      0.00002       5481.37676   
0.00001   0.00002   0.00000      0.00002       2430.39397   
0.00001   0.00002   0.00000      0.00002       4911.71600   
0.00001   0.00002   0.00000      0.00002       2383.71542   
0.00001   0.00002   0.00000      0.00002       1441.57792   
0.00001   0.00002   0.00000      0.00002       3056.83208   
0.00001   0.00002   0.00000      0.00002       735.80493    
0.00001   0.00002   0.00000      0.00002       539.36813    
0.00001   0.00002   0.00000      0.00002       1130.07614   
0.00001   0.00002   0.00000      0.00002       153.94370    
0.00001   0.00002   0.00000      0.00002       238.99971    
0.00001   0.00002   0.00000      0.00002       21.79102     
0.00001   0.00002   0.00000      0.00002       272.35283    
0.00001   0.00002   0.00000      0.00002       0.19660      
0.00001   0.00002   0.00000      0.00002       284.83672    
0.00001   0.00002   0.00000      0.00002       428.59891    
0.00001   0.00002   0.00000      0.00002       309.31718    
0.00001   0.00002   0.00000      0.00002       1218.56312   
0.00001   0.00002   0.00000      0.00002       801.80170    
0.00001   0.00002   0.00000      0.00002       1523.52197   
0.00001   0.00002   0.00000      0.00002       2473.67930   
0.00001   0.00002   0.00000      0.00002       1547.93395   
0.00001   0.00002   0.00000      0.00002       3651.47868   
0.00001   0.00002   0.00000      0.00002       3244.82491   
0.00001   0.00002   0.00000      0.00002       2892.92868   
0.00001   0.00002   0.00000      0.00002       5601.76024   
0.00001   0.00002   0.00000      0.00002       4154.13804   
0.00001   0.00002   0.00000      0.00002       5641.05267   
0.00001   0.00002   0.00000      0.00002       7958.97742   
0.00001   0.00002   0.00000      0.00002       6250.21486   
0.00001   0.00002   0.00000      0.00002       8633.14275   
0.00001   0.00002   0.00000      0.00002       10013.64394  
0.00001   0.00002   0.00000      0.00002       9373.56918   
0.00001   0.00002   0.00000      0.00002       13073.32623  
0.00001   0.00002   0.00000      0.00002       14751.47987  
0.00001   0.00002   0.00000      0.00002       17430.52187  
0.00001   0.00002   0.00000      0.00002       16527.82791  
0.00001   0.00002   0.00000      0.00002       17430.52187  
0.00001   0.00002   0.00000      0.00002       18401.86316  
0.00001   0.00002   0.00000      0.00002       18401.86316  
0.00001   0.00002   0.00000      0.00002       18443.29652  
0.00001   0.00002   0.00000      0.00002       17514.40427  
0.00001   0.00002   0.00000      0.00002       6483.64811   
0.00001   0.00002   0.00000      0.00002       11003.68991  
0.00001   0.00002   0.00000      0.00002       12505.20581  
0.00001   0.00002   0.00000      0.00002       8309.92440   
0.00001   0.00002   0.00000      0.00002       10333.92206  
0.00001   0.00002   0.00000      0.00002       11810.69730  
0.00001   0.00002   0.00000      0.00002       5493.34369   
0.00001   0.00002   0.00000      0.00002       7153.54936   
0.00001   0.00002   0.00000      0.00002       5512.14501   
0.00001   0.00002   0.00000      0.00002       3646.63987   
0.00001   0.00002   0.00000      0.00002       4537.54825   
0.00001   0.00002   0.00000      0.00002       2862.77642   
0.00001   0.00002   0.00000      0.00002       3656.27019   
0.00001   0.00002   0.00000      0.00002       4090.04732   
0.00001   0.00002   0.00000      0.00002       3251.88194   
0.00001   0.00002   0.00000      0.00002       4091.40382   
0.00001   0.00002   0.00000      0.00002       3253.09149   
0.00001   0.00002   0.00000      0.00002       2510.67516   
0.00001   0.00002   0.00000      0.00002       2869.82413   
0.00001   0.00002   0.00000      0.00002       1863.28489   
0.00001   0.00002   0.00000      0.00002       2506.98010   
0.00001   0.00002   0.00000      0.00002       2862.04290   
0.00001   0.00002   0.00000      0.00002       1571.46105   
0.00001   0.00002   0.00000      0.00002       2164.34728   
0.00001   0.00002   0.00000      0.00002       1563.05818   
0.00001   0.00002   0.00000      0.00002       1557.50599   
0.00001   0.00002   0.00000      0.00002       1557.50599   
0.00001   0.00002   0.00000      0.00002       1290.20539   
0.00001   0.00002   0.00000      0.00002       1551.06249   
0.00001   0.00002   0.00000      0.00002       1827.94743   
0.00001   0.00002   0.00000      0.00002       1047.31180   
0.00001   0.00002   0.00000      0.00002       1283.52367   
0.00001   0.00002   0.00000      0.00002       1276.04599   
0.00001   0.00002   0.00000      0.00002       1040.55819   
0.00001   0.00002   0.00000      0.00002       1526.46653   
0.00001   0.00002   0.00000      0.00002       635.72635    
0.00001   0.00002   0.00000      0.00002       1024.93624   
0.00001   0.00002   0.00000      0.00002       1024.93624   
0.00001   0.00002   0.00000      0.00002       1248.93238   
0.00001   0.00002   0.00000      0.00002       1505.77673   
0.00001   0.00002   0.00000      0.00002       1773.98336   
0.00001   0.00002   0.00000      0.00002       1006.56300   
0.00001   0.00002   0.00000      0.00002       2063.13841   
0.00001   0.00002   0.00000      0.00002       1215.02894   
0.00001   0.00002   0.00000      0.00002       1215.02894   
0.00001   0.00002   0.00000      0.00002       2030.95981   
0.00001   0.00002   0.00000      0.00002       1454.50462   
0.00001   0.00002   0.00000      0.00002       2013.46184   
0.00001   0.00002   0.00000      0.00002       2661.95445   
0.00001   0.00002   0.00000      0.00002       3007.58407   
0.00001   0.00002   0.00000      0.00002       3399.53674   
0.00001   0.00002   0.00000      0.00002       3007.58407   
0.00001   0.00002   0.00000      0.00002       3007.58407   
0.00001   0.00002   0.00000      0.00002       3787.39122   
0.00001   0.00002   0.00000      0.00002       3373.01723   
0.00001   0.00002   0.00000      0.00002       4194.76101   
0.00001   0.00002   0.00000      0.00002       5104.42323   
0.00001   0.00002   0.00000      0.00002       4621.43604   
0.00001   0.00002   0.00000      0.00002       4621.43604   
0.00001   0.00002   0.00000      0.00002       5572.38712   
0.00001   0.00002   0.00000      0.00002       5572.38712   
0.00001   0.00002   0.00000      0.00002       6059.16439   
0.00001   0.00002   0.00000      0.00002       6059.16439   
0.00001   0.00002   0.00000      0.00002       7137.88562   
0.00001   0.00002   0.00000      0.00002       7683.63898   
0.00001   0.00002   0.00000      0.00002       7683.63898   
0.00001   0.00002   0.00000      0.00002       8888.70814   
0.00001   0.00002   0.00000      0.00002       8829.31990   
0.00001   0.00002   0.00000      0.00002       8829.31990   
0.00001   0.00002   0.00000      0.00002       10113.59029  
0.00001   0.00002   0.00000      0.00002       9428.84620   
0.00001   0.00002   0.00000      0.00002       10752.30625  
0.00001   0.00002   0.00000      0.00002       10045.89780  
0.00001   0.00002   0.00000      0.00002       11408.27561  
0.00001   0.00002   0.00000      0.00002       11408.27561  
0.00001   0.00002   0.00000      0.00002       12081.30263  
0.00001   0.00002   0.00000      0.00002       11331.78931  
0.00001   0.00002   0.00000      0.00002       12771.19293  
0.00001   0.00002   0.00000      0.00002       11253.28455  
0.00001   0.00002   0.00000      0.00002       10530.33037  
0.00001   0.00002   0.00000      0.00002       11917.11158  
0.00001   0.00002   0.00000      0.00002       11917.11158  
0.00001   0.00002   0.00000      0.00002       11917.11158  
0.00001   0.00002   0.00000      0.00002       12597.56496  
0.00001   0.00002   0.00000      0.00002       12507.62112  
0.00001   0.00002   0.00000      0.00002       11744.78836  
0.00001   0.00002   0.00000      0.00002       10207.69782  
0.00001   0.00002   0.00000      0.00002       10831.53044  
0.00001   0.00002   0.00000      0.00002       9437.42994   
0.00001   0.00002   0.00000      0.00002       9353.45293   
0.00001   0.00002   0.00000      0.00002       9946.79582   
0.00001   0.00002   0.00000      0.00002       9856.39484   
0.00001   0.00002   0.00000      0.00002       8528.73943   
0.00001   0.00002   0.00000      0.00002       8443.11699   
0.00001   0.00002   0.00000      0.00002       7734.69721   
0.00001   0.00002   0.00000      0.00002       7137.38164   
0.00001   0.00002   0.00000      0.00002       7055.55945   
0.00001   0.00002   0.00000      0.00002       6972.46929   
0.00001   0.00002   0.00000      0.00002       5863.44116   
0.00001   0.00002   0.00000      0.00002       5271.13064   
0.00001   0.00002   0.00000      0.00002       4780.12540   
0.00001   0.00002   0.00000      0.00002       5196.35260   
0.00001   0.00002   0.00000      0.00002       4708.92800   
0.00001   0.00002   0.00000      0.00002       5120.62869   
0.00001   0.00002   0.00000      0.00002       4636.85638   
0.00001   0.00002   0.00000      0.00002       5043.99518   
0.00001   0.00002   0.00000      0.00002       4107.89809   
0.00001   0.00002   0.00000      0.00002       3609.72839   
0.00001   0.00002   0.00000      0.00002       3967.37238   
0.00001   0.00002   0.00000      0.00002       3542.98508   
0.00001   0.00002   0.00000      0.00002       3475.65691   
0.00001   0.00002   0.00000      0.00002       4264.66616   
0.00001   0.00002   0.00000      0.00002       3824.22392   
0.00001   0.00002   0.00000      0.00002       3751.76141   
0.00001   0.00002   0.00000      0.00002       3339.39771   
0.00001   0.00002   0.00000      0.00002       2951.03401   
0.00001   0.00002   0.00000      0.00002       3270.54379   
0.00001   0.00002   0.00000      0.00002       2886.32907   
0.00001   0.00002   0.00000      0.00002       2465.26829   
0.00001   0.00002   0.00000      0.00002       2755.87769   
0.00001   0.00002   0.00000      0.00002       2404.17159   
0.00001   0.00002   0.00000      0.00002       2690.21098   
0.00001   0.00002   0.00000      0.00002       2690.21098   
0.00001   0.00002   0.00000      0.00002       2991.22195   
0.00001   0.00002   0.00000      0.00002       2624.30421   
0.00001   0.00002   0.00000      0.00002       2281.38647   
0.00001   0.00002   0.00000      0.00002       2558.19845   
0.00001   0.00002   0.00000      0.00002       2558.19845   
0.00001   0.00002   0.00000      0.00002       3231.63718   
0.00001   0.00002   0.00000      0.00002       2849.78621   
0.00001   0.00002   0.00000      0.00002       3557.19739   
0.00001   0.00002   0.00000      0.00002       3476.62636   
0.00001   0.00002   0.00000      0.00002       3811.55018   
0.00001   0.00002   0.00000      0.00002       4160.59268   
0.00001   0.00002   0.00000      0.00002       4069.61763   
0.00001   0.00002   0.00000      0.00002       4427.39531   
0.00001   0.00002   0.00000      0.00002       4798.87876   
0.00001   0.00002   0.00000      0.00002       5183.90960   
0.00001   0.00002   0.00000      0.00002       4234.25703   
0.00001   0.00002   0.00000      0.00002       4595.04918   
0.00001   0.00002   0.00000      0.00002       4595.04918   
0.00001   0.00002   0.00000      0.00002       4492.82354   
0.00001   0.00002   0.00000      0.00002       4390.45399   
0.00001   0.00002   0.00000      0.00002       3943.38777   
0.00001   0.00002   0.00000      0.00002       4287.98855   
0.00001   0.00002   0.00000      0.00002       3428.63316   
0.00001   0.00002   0.00000      0.00002       3749.25380   
0.00001   0.00002   0.00000      0.00002       4082.96415   
0.00001   0.00002   0.00000      0.00002       3652.26529   
0.00001   0.00002   0.00000      0.00002       3980.50330   
0.00001   0.00002   0.00000      0.00002       3878.14276   
0.00001   0.00002   0.00000      0.00002       3063.23870   
0.00001   0.00002   0.00000      0.00002       3362.20409   
0.00001   0.00002   0.00000      0.00002       3265.98481   
0.00001   0.00002   0.00000      0.00002       2882.04634   
0.00001   0.00002   0.00000      0.00002       2792.00154   
0.00001   0.00002   0.00000      0.00002       3074.55153   
0.00001   0.00002   0.00000      0.00002       2354.23265   
0.00001   0.00002   0.00000      0.00002       2271.09856   
0.00001   0.00002   0.00000      0.00002       2188.56876   
0.00001   0.00002   0.00000      0.00002       2436.69102   
0.00001   0.00002   0.00000      0.00002       1800.69930   
0.00001   0.00002   0.00000      0.00002       2025.53008   
0.00001   0.00002   0.00000      0.00002       2262.68479   
0.00001   0.00002   0.00000      0.00002       2512.02048   
0.00001   0.00002   0.00000      0.00002       3150.25536   
0.00001   0.00002   0.00000      0.00002       2420.53495   
0.00001   0.00002   0.00000      0.00002       3046.66783   
0.00001   0.00002   0.00000      0.00002       3331.69845   
0.00001   0.00002   0.00000      0.00002       2943.79656   
0.00001   0.00002   0.00000      0.00002       3628.34795   
0.00001   0.00002   0.00000      0.00002       3513.79332   
0.00001   0.00002   0.00000      0.00002       3399.99255   
0.00001   0.00002   0.00000      0.00002       4454.00955   
0.00001   0.00002   0.00000      0.00002       4003.63258   
0.00001   0.00002   0.00000      0.00002       4789.59788   
0.00001   0.00002   0.00000      0.00002       4322.11827   
0.00001   0.00002   0.00000      0.00002       4191.01729   
0.00001   0.00002   0.00000      0.00002       4514.25857   
0.00001   0.00002   0.00000      0.00002       3631.27112   
0.00001   0.00002   0.00000      0.00002       3931.41948   
0.00001   0.00002   0.00000      0.00002       4242.29398   
0.00001   0.00002   0.00000      0.00002       3387.78612   
0.00001   0.00002   0.00000      0.00002       3267.64657   
0.00001   0.00002   0.00000      0.00002       3974.17749   
0.00001   0.00002   0.00000      0.00002       3148.65470   
0.00001   0.00002   0.00000      0.00002       3030.87016   
0.00001   0.00002   0.00000      0.00002       3300.37023   
0.00001   0.00002   0.00000      0.00002       2914.35293   
0.00001   0.00002   0.00000      0.00002       3177.71457   
0.00001   0.00002   0.00000      0.00002       3056.38465   
0.00001   0.00002   0.00000      0.00002       2685.36185   
0.00001   0.00002   0.00000      0.00002       2573.00948   
0.00001   0.00002   0.00000      0.00002       2130.38831   
0.00001   0.00002   0.00000      0.00002       2352.89697   
0.00001   0.00002   0.00000      0.00002       2245.26008   
0.00001   0.00002   0.00000      0.00002       2139.31876   
0.00001   0.00002   0.00000      0.00002       1830.87017   
0.00001   0.00002   0.00000      0.00002       2035.13534   
0.00001   0.00002   0.00000      0.00002       1734.58695   
0.00001   0.00002   0.00000      0.00002       1932.77245   
0.00001   0.00002   0.00000      0.00002       2140.85676   
0.00001   0.00002   0.00000      0.00002       1832.29300   
0.00001   0.00002   0.00000      0.00002       2034.23978   
0.00001   0.00002   0.00000      0.00002       2586.24071   
0.00001   0.00002   0.00000      0.00002       2823.30190   
0.00001   0.00002   0.00000      0.00002       2823.30190   
0.00001   0.00002   0.00000      0.00002       3069.78497   
0.00001   0.00002   0.00000      0.00002       2697.92343   
0.00001   0.00002   0.00000      0.00002       3325.57275   
0.00001   0.00002   0.00000      0.00002       3187.40271   
0.00001   0.00002   0.00000      0.00002       2808.25654   
0.00001   0.00002   0.00000      0.00002       3445.89993   
0.00001   0.00002   0.00000      0.00002       3303.22598   
0.00001   0.00002   0.00000      0.00002       2784.97234   
0.00001   0.00002   0.00000      0.00002       2784.97234   
0.00001   0.00002   0.00000      0.00002       3417.06084   
0.00001   0.00002   0.00000      0.00002       2655.07585   
0.00001   0.00002   0.00000      0.00002       2887.71792   
0.00001   0.00002   0.00000      0.00002       3129.16537   
0.00001   0.00002   0.00000      0.00002       2988.55779   
0.00001   0.00002   0.00000      0.00002       2988.55779   
0.00001   0.00002   0.00000      0.00002       2850.26705   
0.00001   0.00002   0.00000      0.00002       2850.26705   
0.00001   0.00002   0.00000      0.00002       2492.38488   
0.00001   0.00002   0.00000      0.00002       2365.40486   
0.00001   0.00002   0.00000      0.00002       2580.90769   
0.00001   0.00002   0.00000      0.00002       2804.90230   
0.00001   0.00002   0.00000      0.00002       2119.04861   
0.00001   0.00002   0.00000      0.00002       2321.63282   
0.00001   0.00002   0.00000      0.00002       2195.94856   
0.00001   0.00002   0.00000      0.00002       2400.43355   
0.00001   0.00002   0.00000      0.00002       2613.15766   
0.00001   0.00002   0.00000      0.00002       1952.83127   
0.00001   0.00002   0.00000      0.00002       2144.36304   
0.00001   0.00002   0.00000      0.00002       2344.04000   
0.00001   0.00002   0.00000      0.00002       1721.17810   
0.00001   0.00002   0.00000      0.00002       1721.17810   
0.00001   0.00002   0.00000      0.00002       1899.80247   
0.00001   0.00002   0.00000      0.00002       1609.82479   
0.00001   0.00002   0.00000      0.00002       1501.54700   
0.00001   0.00002   0.00000      0.00002       1667.31252   
0.00001   0.00002   0.00000      0.00002       1841.04103   
0.00001   0.00002   0.00000      0.00002       1555.77016   
0.00001   0.00002   0.00000      0.00002       1723.04392   
0.00001   0.00002   0.00000      0.00002       1723.04392   
0.00001   0.00002   0.00000      0.00002       1898.13496   
0.00001   0.00002   0.00000      0.00002       2080.94267   
0.00001   0.00002   0.00000      0.00002       2080.94267   
0.00001   0.00002   0.00000      0.00002       2271.36715   
0.00001   0.00002   0.00000      0.00002       2469.30921   
0.00001   0.00002   0.00000      0.00002       2469.30921   
0.00001   0.00002   0.00000      0.00002       2674.67035   
0.00001   0.00002   0.00000      0.00002       2887.35279   
0.00001   0.00002   0.00000      0.00002       2527.07207   
0.00001   0.00002   0.00000      0.00002       3107.25942   
0.00001   0.00002   0.00000      0.00002       3107.25942   
0.00001   0.00002   0.00000      0.00002       2946.23621   
0.00001   0.00002   0.00000      0.00002       3166.49886   
0.00001   0.00002   0.00000      0.00002       3809.36379   
0.00001   0.00002   0.00000      0.00002       3002.14578   
0.00001   0.00002   0.00000      0.00002       3222.60905   
0.00001   0.00002   0.00000      0.00002       2841.30861   
0.00001   0.00002   0.00000      0.00002       3054.99743   
0.00001   0.00002   0.00000      0.00002       2890.99441   
0.00001   0.00002   0.00000      0.00002       2730.67466   
0.00001   0.00002   0.00000      0.00002       2937.62037   
0.00001   0.00002   0.00000      0.00002       2574.11301   
0.00001   0.00002   0.00000      0.00002       2421.38445   
0.00001   0.00002   0.00000      0.00002       2981.11869   
0.00001   0.00002   0.00000      0.00002       2814.88596   
0.00001   0.00002   0.00000      0.00002       2652.60199   
0.00001   0.00002   0.00000      0.00002       2307.77584   
0.00001   0.00002   0.00000      0.00002       2494.34266   
0.00001   0.00002   0.00000      0.00002       2340.18400   
0.00001   0.00002   0.00000      0.00002       2190.20219   
0.00001   0.00002   0.00000      0.00002       1877.96508   
0.00001   0.00002   0.00000      0.00002       2369.73821   
0.00001   0.00002   0.00000      0.00002       2044.47358   
0.00001   0.00002   0.00000      0.00002       2044.47358   
0.00001   0.00002   0.00000      0.00002       2044.47358   
0.00001   0.00002   0.00000      0.00002       1903.07463   
0.00001   0.00002   0.00000      0.00002       1766.08197   
0.00001   0.00002   0.00000      0.00002       2091.28397   
0.00001   0.00002   0.00000      0.00002       1651.89685   
0.00001   0.00002   0.00000      0.00002       1804.28941   
0.00001   0.00002   0.00000      0.00002       1522.00062   
0.00001   0.00002   0.00000      0.00002       1667.77923   
0.00001   0.00002   0.00000      0.00002       1819.56238   
0.00001   0.00002   0.00000      0.00002       1681.19431   
0.00001   0.00002   0.00000      0.00002       2473.37116   
0.00001   0.00002   0.00000      0.00002       1547.69019   
0.00001   0.00002   0.00000      0.00002       1989.11734   
0.00001   0.00002   0.00000      0.00002       2842.46455   
0.00001   0.00002   0.00000      0.00002       2665.66151   
0.00001   0.00002   0.00000      0.00002       2319.95807   
0.00001   0.00002   0.00000      0.00002       1849.81437   
0.00001   0.00002   0.00000      0.00002       2326.87243   
0.00001   0.00002   0.00000      0.00002       2673.07279   
0.00001   0.00002   0.00000      0.00002       2499.41469   
0.00001   0.00002   0.00000      0.00002       2677.34093   
0.00001   0.00002   0.00000      0.00002       3049.03409   
0.00001   0.00002   0.00000      0.00002       2676.47812   
0.00001   0.00002   0.00000      0.00002       2856.45602   
0.00001   0.00002   0.00000      0.00002       2498.17250   
0.00001   0.00002   0.00000      0.00002       2671.37591   
0.00001   0.00002   0.00000      0.00002       2157.90915   
0.00001   0.00002   0.00000      0.00002       2663.18788   
0.00001   0.00002   0.00000      0.00002       2149.16711   
0.00001   0.00002   0.00000      0.00002       2307.15992   
0.00001   0.00002   0.00000      0.00002       2137.69168   
0.00001   0.00002   0.00000      0.00002       1974.02916   
0.00001   0.00002   0.00000      0.00002       2123.51684   
0.00001   0.00002   0.00000      0.00002       1816.25393   
0.00001   0.00002   0.00000      0.00002       1959.10197   
0.00001   0.00002   0.00000      0.00002       1664.44761   
0.00001   0.00002   0.00000      0.00002       1518.69195   
0.00001   0.00002   0.00000      0.00002       1379.06875   
0.00001   0.00002   0.00000      0.00002       1502.18330   
0.00001   0.00002   0.00000      0.00002       1629.97074   
0.00001   0.00002   0.00000      0.00002       1118.54748   
0.00001   0.00002   0.00000      0.00002       790.96410    
0.00001   0.00002   0.00000      0.00002       790.96410    
0.00001   0.00002   0.00000      0.00002       883.54008    
0.00001   0.00002   0.00000      0.00002       980.78325    
0.00001   0.00002   0.00000      0.00002       1082.62526   
0.00001   0.00002   0.00000      0.00002       1439.89551   
0.00001   0.00002   0.00000      0.00002       1188.99822   
0.00001   0.00002   0.00000      0.00002       1561.61884   
0.00001   0.00002   0.00000      0.00002       1687.68905   
0.00001   0.00002   0.00000      0.00002       1415.06812   
0.00001   0.00002   0.00000      0.00002       1534.63185   
0.00001   0.00002   0.00000      0.00002       1658.46013   
0.00001   0.00002   0.00000      0.00002       1786.48760   
0.00001   0.00002   0.00000      0.00002       1786.48760   
0.00001   0.00002   0.00000      0.00002       1918.64940   
0.00001   0.00002   0.00000      0.00002       1627.17754   
0.00001   0.00002   0.00000      0.00002       1752.82019   
0.00001   0.00002   0.00000      0.00002       2195.11899   
0.00001   0.00002   0.00000      0.00002       2339.29948   
0.00001   0.00002   0.00000      0.00002       2153.82641   
0.00001   0.00002   0.00000      0.00002       1975.38506   
0.00001   0.00002   0.00000      0.00002       2110.32999   
0.00001   0.00002   0.00000      0.00002       1932.50087   
0.00001   0.00002   0.00000      0.00002       1639.93554   
0.00001   0.00002   0.00000      0.00002       1483.09651   
0.00001   0.00002   0.00000      0.00002       1887.64775   
0.00001   0.00002   0.00000      0.00002       2017.09281   
0.00001   0.00002   0.00000      0.00002       1840.92234   
0.00001   0.00002   0.00000      0.00002       1672.23160   
0.00001   0.00002   0.00000      0.00002       1792.42540   
0.00001   0.00002   0.00000      0.00002       1357.63001   
0.00001   0.00002   0.00000      0.00002       1465.07570   
0.00001   0.00002   0.00000      0.00002       1313.01752   
0.00001   0.00002   0.00000      0.00002       1168.81771   
0.00001   0.00002   0.00000      0.00002       1267.18919   
0.00001   0.00002   0.00000      0.00002       1124.68136   
0.00001   0.00002   0.00000      0.00002       1220.25854   
0.00001   0.00002   0.00000      0.00002       990.24116    
0.00001   0.00002   0.00000      0.00002       863.95432    
0.00001   0.00002   0.00000      0.00002       1033.67956   
0.00001   0.00002   0.00000      0.00002       987.05565    
0.00001   0.00002   0.00000      0.00002       1074.04534   
0.00001   0.00002   0.00000      0.00002       1164.24810   
0.00001   0.00002   0.00000      0.00002       1257.61038   
0.00001   0.00002   0.00000      0.00002       1354.07908   
0.00001   0.00002   0.00000      0.00002       1453.60151   
0.00001   0.00002   0.00000      0.00002       1661.59885   
0.00001   0.00002   0.00000      0.00002       1661.59885   
0.00001   0.00002   0.00000      0.00002       1769.97044   
0.00001   0.00002   0.00000      0.00002       1881.18913   
0.00001   0.00002   0.00000      0.00002       1995.20426   
0.00001   0.00002   0.00000      0.00002       1805.57223   
0.00001   0.00002   0.00000      0.00002       1624.87521   
0.00001   0.00002   0.00000      0.00002       1729.30981   
0.00001   0.00002   0.00000      0.00002       1551.53476   
0.00001   0.00002   0.00000      0.00002       1652.55447   
0.00001   0.00002   0.00000      0.00002       1477.86984   
0.00001   0.00002   0.00000      0.00002       1575.46213   
0.00001   0.00002   0.00000      0.00002       1675.64077   
0.00001   0.00002   0.00000      0.00002       1594.88307   
0.00001   0.00002   0.00000      0.00002       1694.06423   
0.00001   0.00002   0.00000      0.00002       1256.51587   
0.00001   0.00002   0.00000      0.00002       1101.80006   
0.00001   0.00002   0.00000      0.00002       1183.15657   
0.00001   0.00002   0.00000      0.00002       821.74439    
0.00001   0.00002   0.00000      0.00002       696.58070    
0.00001   0.00002   0.00000      0.00002       1038.08972   
0.00001   0.00002   0.00000      0.00002       895.62381    
0.00001   0.00002   0.00000      0.00002       763.31691    
0.00001   0.00002   0.00000      0.00002       641.25739    
0.00001   0.00002   0.00000      0.00002       529.53361    
0.00001   0.00002   0.00000      0.00002       762.97584    
0.00001   0.00002   0.00000      0.00002       827.25430    
0.00001   0.00002   0.00000      0.00002       476.71594    
0.00001   0.00002   0.00000      0.00002       527.50803    
0.00001   0.00002   0.00000      0.00002       580.56802    
0.00001   0.00002   0.00000      0.00002       822.55667    
0.00001   0.00002   0.00000      0.00002       887.75163    
0.00001   0.00002   0.00000      0.00002       955.04677    
0.00001   0.00002   0.00000      0.00002       1258.14732   
0.00001   0.00002   0.00000      0.00002       1024.40137   
0.00001   0.00002   0.00000      0.00002       1095.77507   
0.00001   0.00002   0.00000      0.00002       1169.12784   
0.00001   0.00002   0.00000      0.00002       1012.01837   
0.00001   0.00002   0.00000      0.00002       1081.74441   
0.00001   0.00002   0.00000      0.00002       1400.66543   
0.00001   0.00002   0.00000      0.00002       1226.86898   
0.00001   0.00002   0.00000      0.00002       1379.30010   
0.00001   0.00002   0.00000      0.00002       1205.60109   
0.00001   0.00002   0.00000      0.00002       1278.96366   
0.00001   0.00002   0.00000      0.00002       1111.10506   
0.00001   0.00002   0.00000      0.00002       1180.74056   
0.00001   0.00002   0.00000      0.00002       1252.06296   
0.00001   0.00002   0.00000      0.00002       1325.03591   
0.00001   0.00002   0.00000      0.00002       1152.42865   
0.00001   0.00002   0.00000      0.00002       1221.63583   
0.00001   0.00002   0.00000      0.00002       1055.35679   
0.00001   0.00002   0.00000      0.00002       842.28541    
0.00001   0.00002   0.00000      0.00002       900.87605    
0.00001   0.00002   0.00000      0.00002       758.28335    
0.00001   0.00002   0.00000      0.00002       813.24283    
0.00001   0.00002   0.00000      0.00002       869.77279    
0.00001   0.00002   0.00000      0.00002       927.83904    
0.00001   0.00002   0.00000      0.00002       553.76666    
0.00001   0.00002   0.00000      0.00002       599.99724    
0.00001   0.00002   0.00000      0.00002       647.77892    
0.00001   0.00002   0.00000      0.00002       526.15816    
0.00001   0.00002   0.00000      0.00002       287.46397    
0.00001   0.00002   0.00000      0.00002       456.15536    
0.00001   0.00002   0.00000      0.00002       496.88143    
0.00001   0.00002   0.00000      0.00002       390.21674    
0.00001   0.00002   0.00000      0.00002       582.70638    
0.00001   0.00002   0.00000      0.00002       627.74134    
0.00001   0.00002   0.00000      0.00002       674.14914    
0.00001   0.00002   0.00000      0.00002       920.04669    
0.00001   0.00002   0.00000      0.00002       721.89855    
0.00001   0.00002   0.00000      0.00002       770.95861    
0.00001   0.00002   0.00000      0.00002       821.29865    
0.00001   0.00002   0.00000      0.00002       872.88828    
0.00001   0.00002   0.00000      0.00002       1148.48988   
0.00001   0.00002   0.00000      0.00002       979.69616    
0.00001   0.00002   0.00000      0.00002       1034.85505   
0.00001   0.00002   0.00000      0.00002       1395.33361   
0.00001   0.00002   0.00000      0.00002       1207.00108   
0.00001   0.00002   0.00000      0.00002       1266.51048   
0.00001   0.00002   0.00000      0.00002       1327.03638   
0.00001   0.00002   0.00000      0.00002       1142.38341   
0.00001   0.00002   0.00000      0.00002       971.20340    
0.00001   0.00002   0.00000      0.00002       1315.46915   
0.00001   0.00002   0.00000      0.00002       1130.12967   
0.00001   0.00002   0.00000      0.00002       1185.00306   
0.00001   0.00002   0.00000      0.00002       1008.73704   
0.00001   0.00002   0.00000      0.00002       846.33031    
0.00001   0.00002   0.00000      0.00002       892.89768    
0.00001   0.00002   0.00000      0.00002       563.45643    
0.00001   0.00002   0.00000      0.00002       826.71822    
0.00001   0.00002   0.00000      0.00002       678.91255    
0.00001   0.00002   0.00000      0.00002       545.39282    
0.00001   0.00002   0.00000      0.00002       618.05189    
0.00001   0.00002   0.00000      0.00002       694.09059    
0.00001   0.00002   0.00000      0.00002       557.70268    
0.00001   0.00002   0.00000      0.00002       592.65374    
0.00001   0.00002   0.00000      0.00002       303.32672    
0.00001   0.00002   0.00000      0.00002       329.04359    
0.00001   0.00002   0.00000      0.00002       530.55846    
0.00001   0.00002   0.00000      0.00002       411.14407    
0.00001   0.00002   0.00000      0.00002       440.08467    
0.00001   0.00002   0.00000      0.00002       469.77465    
0.00001   0.00002   0.00000      0.00002       703.01124    
0.00001   0.00002   0.00000      0.00002       939.93526    
0.00001   0.00002   0.00000      0.00002       776.66946    
0.00001   0.00002   0.00000      0.00002       814.41480    
0.00001   0.00002   0.00000      0.00002       1110.51103   
0.00001   0.00002   0.00000      0.00002       931.06527    
0.00001   0.00002   0.00000      0.00002       1198.90958   
0.00001   0.00002   0.00000      0.00002       1011.47340   
0.00001   0.00002   0.00000      0.00002       1093.80798   
0.00001   0.00002   0.00000      0.00002       1135.64884   
0.00001   0.00002   0.00000      0.00002       990.53249    
0.00001   0.00002   0.00000      0.00002       1029.35504   
0.00001   0.00002   0.00000      0.00002       819.07359    
0.00001   0.00002   0.00000      0.00002       663.62687    
0.00001   0.00002   0.00000      0.00002       889.55587    
0.00001   0.00002   0.00000      0.00002       925.41093    
0.00001   0.00002   0.00000      0.00002       961.65118    
0.00001   0.00002   0.00000      0.00002       998.25880    
0.00001   0.00002   0.00000      0.00002       608.46239    
0.00001   0.00002   0.00000      0.00002       637.38942    
0.00001   0.00002   0.00000      0.00002       666.72060    
0.00001   0.00002   0.00000      0.00002       726.52635    
0.00001   0.00002   0.00000      0.00002       756.96687    
0.00001   0.00002   0.00000      0.00002       605.29118    
0.00001   0.00002   0.00000      0.00002       446.83891    
0.00001   0.00002   0.00000      0.00002       470.33335    
0.00001   0.00002   0.00000      0.00002       352.18350    
0.00001   0.00002   0.00000      0.00002       372.68013    
0.00001   0.00002   0.00000      0.00002       414.78918    
0.00001   0.00002   0.00000      0.00002       180.58443    
0.00001   0.00002   0.00000      0.00002       303.64344    
0.00001   0.00002   0.00000      0.00002       194.91695    
0.00001   0.00002   0.00000      0.00002       209.64982    
0.00001   0.00002   0.00000      0.00002       359.64305    
0.00001   0.00002   0.00000      0.00002       256.09659    
0.00001   0.00002   0.00000      0.00002       398.59916    
0.00001   0.00002   0.00000      0.00002       418.51962    
0.00001   0.00002   0.00000      0.00002       619.63284    
0.00001   0.00002   0.00000      0.00002       619.63284    
0.00001   0.00002   0.00000      0.00002       643.64768    
0.00001   0.00002   0.00000      0.00002       667.86132    
0.00001   0.00002   0.00000      0.00002       692.26011    
0.00001   0.00002   0.00000      0.00002       716.83058    
0.00001   0.00002   0.00000      0.00002       942.22545    
0.00001   0.00002   0.00000      0.00002       970.23774    
0.00001   0.00002   0.00000      0.00002       998.34820    
0.00001   0.00002   0.00000      0.00002       1026.54412   
0.00001   0.00002   0.00000      0.00002       1054.81302   
0.00001   0.00002   0.00000      0.00002       867.12757    
0.00001   0.00002   0.00000      0.00002       892.53796    
0.00001   0.00002   0.00000      0.00002       720.10236    
0.00001   0.00002   0.00000      0.00002       742.74182    
0.00001   0.00002   0.00000      0.00002       765.46192    
0.00001   0.00002   0.00000      0.00002       605.73616    
0.00001   0.00002   0.00000      0.00002       833.99106    
0.00001   0.00002   0.00000      0.00002       856.91957    
0.00001   0.00002   0.00000      0.00002       686.36366    
0.00001   0.00002   0.00000      0.00002       727.00362    
0.00001   0.00002   0.00000      0.00002       569.96437    
0.00001   0.00002   0.00000      0.00002       605.63259    
0.00001   0.00002   0.00000      0.00002       462.51550    
0.00001   0.00002   0.00000      0.00002       493.42747    
0.00001   0.00002   0.00000      0.00002       364.63911    
0.00001   0.00002   0.00000      0.00002       377.80422    
0.00001   0.00002   0.00000      0.00002       391.01568    
0.00001   0.00002   0.00000      0.00002       276.96359    
0.00001   0.00002   0.00000      0.00002       182.40168    
0.00001   0.00002   0.00000      0.00002       191.22486    
0.00001   0.00002   0.00000      0.00002       310.13341    
0.00001   0.00002   0.00000      0.00002       209.08906    
0.00001   0.00002   0.00000      0.00002       218.11282    
0.00001   0.00002   0.00000      0.00002       227.18642    
0.00001   0.00002   0.00000      0.00002       236.30162    
0.00001   0.00002   0.00000      0.00002       377.17761    
0.00001   0.00002   0.00000      0.00002       388.34738    
0.00001   0.00002   0.00000      0.00002       739.39428    
0.00001   0.00002   0.00000      0.00002       563.00393    
0.00001   0.00002   0.00000      0.00002       575.96742    
0.00001   0.00002   0.00000      0.00002       588.85516    
0.00001   0.00002   0.00000      0.00002       783.60044    
0.00001   0.00002   0.00000      0.00002       798.10234    
0.00001   0.00002   0.00000      0.00002       798.10234    
0.00001   0.00002   0.00000      0.00002       626.99505    
0.00001   0.00002   0.00000      0.00002       840.81501    
0.00001   0.00002   0.00000      0.00002       664.21141    
0.00001   0.00002   0.00000      0.00002       676.38216    
0.00001   0.00002   0.00000      0.00002       700.33560    
0.00001   0.00002   0.00000      0.00002       712.10676    
0.00001   0.00002   0.00000      0.00002       549.34888    
0.00001   0.00002   0.00000      0.00002       746.53178    
0.00001   0.00002   0.00000      0.00002       757.69301    
0.00001   0.00002   0.00000      0.00002       768.68887    
0.00001   0.00002   0.00000      0.00002       588.60278    
0.00001   0.00002   0.00000      0.00002       598.08052    
0.00001   0.00002   0.00000      0.00002       616.59897    
0.00001   0.00002   0.00000      0.00002       479.50480    
0.00001   0.00002   0.00000      0.00002       352.12208    
0.00001   0.00002   0.00000      0.00002       508.17908    
0.00001   0.00002   0.00000      0.00002       369.75627    
0.00001   0.00002   0.00000      0.00002       253.15638    
0.00001   0.00002   0.00000      0.00002       386.27078    
0.00001   0.00002   0.00000      0.00002       266.42486    
0.00001   0.00002   0.00000      0.00002       270.63653    
0.00001   0.00002   0.00000      0.00002       171.90100    
0.00001   0.00002   0.00000      0.00002       97.66092     
0.00001   0.00002   0.00000      0.00002       183.99696    
0.00001   0.00002   0.00000      0.00002       296.85712    
0.00001   0.00002   0.00000      0.00002       300.10567    
0.00001   0.00002   0.00000      0.00002       596.67693    
0.00001   0.00002   0.00000      0.00002       442.85327    
0.00001   0.00002   0.00000      0.00002       608.00940    
0.00001   0.00002   0.00000      0.00002       794.69978    
0.00001   0.00002   0.00000      0.00002       798.32588    
0.00001   0.00002   0.00000      0.00002       801.72106    
0.00001   0.00002   0.00000      0.00002       804.88424    
0.00001   0.00002   0.00000      0.00002       1019.75306   
0.00001   0.00002   0.00000      0.00002       1022.51408   
0.00001   0.00002   0.00000      0.00002       817.18953    
0.00001   0.00002   0.00000      0.00002       818.94386    
0.00001   0.00002   0.00000      0.00002       1030.91094   
0.00001   0.00002   0.00000      0.00002       821.74241    
0.00001   0.00002   0.00000      0.00002       822.78628    
0.00001   0.00002   0.00000      0.00002       636.76539    
0.00001   0.00002   0.00000      0.00002       637.55947    
0.00001   0.00002   0.00000      0.00002       474.62275    
0.00001   0.00002   0.00000      0.00002       474.69609    
0.00001   0.00002   0.00000      0.00002       474.59029    
0.00001   0.00002   0.00000      0.00002       335.41943    
0.00001   0.00002   0.00000      0.00002       220.21756    
0.00001   0.00002   0.00000      0.00002       333.80431    
0.00001   0.00002   0.00000      0.00002       332.96897    
0.00001   0.00002   0.00000      0.00002       127.51584    
0.00001   0.00002   0.00000      0.00002       215.80589    
0.00001   0.00002   0.00000      0.00002       59.64515     
0.00001   0.00002   0.00000      0.00002       58.25831     
0.00001   0.00002   0.00000      0.00002       16.50145     
0.00001   0.00002   0.00000      0.00002       0.16680      
0.00001   0.00002   0.00000      0.00002       43.44131     
0.00001   0.00002   0.00000      0.00002       44.43821     
0.00001   0.00002   0.00000      0.00002       11.31926     
0.00001   0.00002   0.00000      0.00002       12.54979     
0.00001   0.00002   0.00000      0.00002       0.07421      
0.00001   0.00002   0.00000      0.00002       0.23242      
0.00001   0.00002   0.00000      0.00002       38.69767     
0.00001   0.00002   0.00000      0.00002       37.23687     
0.00001   0.00002   0.00000      0.00002       163.37002    
0.00001   0.00002   0.00000      0.00002       160.05812    
0.00001   0.00002   0.00000      0.00002       156.68302    
0.00001   0.00002   0.00000      0.00002       246.54031    
0.00001   0.00002   0.00000      0.00002       241.98624    
0.00001   0.00002   0.00000      0.00002       356.09431    
0.00001   0.00002   0.00000      0.00002       485.05391    
0.00001   0.00002   0.00000      0.00002       213.19151    
0.00001   0.00002   0.00000      0.00002       203.12626    
0.00001   0.00002   0.00000      0.00002       51.03547     
0.00001   0.00002   0.00000      0.00002       45.86400     
0.00001   0.00002   0.00000      0.00002       9.71392      
0.00001   0.00002   0.00000      0.00002       0.29446      
0.00001   0.00002   0.00000      0.00002       6.34874      
0.00001   0.00002   0.00000      0.00002       1.32471      
0.00001   0.00002   0.00000      0.00002       25.39511     
0.00001   0.00002   0.00000      0.00002       76.05946     
0.00001   0.00002   0.00000      0.00002       159.56703    
0.00001   0.00002   0.00000      0.00002       400.86927    
0.00001   0.00002   0.00000      0.00002       184.14098    
0.00001   0.00002   0.00000      0.00002       112.29320    
0.00001   0.00002   0.00000      0.00002       123.26879    
0.00001   0.00002   0.00000      0.00002       227.62371    
0.00001   0.00002   0.00000      0.00002       80.40797     
0.00001   0.00002   0.00000      0.00002       90.70507     
0.00001   0.00002   0.00000      0.00002       96.19275     
0.00001   0.00002   0.00000      0.00002       47.91772     
0.00001   0.00002   0.00000      0.00002       0.79017      
0.00001   0.00002   0.00000      0.00002       71.09219     
0.00001   0.00002   0.00000      0.00002       4.54627      
0.00001   0.00002   0.00000      0.00002       17.24730     
0.00001   0.00002   0.00000      0.00002       0.00100      
0.00001   0.00002   0.00000      0.00002       39.54568     
0.00001   0.00002   0.00000      0.00002       88.57966     
0.00001   0.00002   0.00000      0.00002       3.20771      
0.00001   0.00002   0.00000      0.00001       64.20374     
0.00001   0.00001   0.00000      0.00001       17.55723     
0.00001   0.00001   0.00000      0.00001       9.61026      
0.00001   0.00001   0.00000      0.00001       14.70285     
0.00001   0.00001   0.00000      0.00001       224.25065    
0.00001   0.00001   0.00000      0.00001       141.37740    
0.00001   0.00001   0.00000      0.00001       160.25590    
0.00001   0.00001   0.00000      0.00001       549.48941    
0.00001   0.00001   0.00000      0.00001       431.25650    
0.00001   0.00001   0.00000      0.00001       465.26653    
0.00001   0.00001   0.00000      0.00001       859.38162    
0.00001   0.00001   0.00000      0.00001       539.05611    
0.00001   0.00001   0.00000      0.00001       1187.07937   
0.00001   0.00001   0.00000      0.00001       830.43876    
0.00001   0.00001   0.00000      0.00001       518.33447    
0.00001   0.00001   0.00000      0.00001       1159.43616   
0.00001   0.00001   0.00000      0.00001       626.00353    
0.00001   0.00001   0.00000      0.00001       673.12224    
0.00001   0.00001   0.00000      0.00001       548.41586    
0.00001   0.00001   0.00000      0.00001       304.19064    
0.00001   0.00001   0.00000      0.00001       338.75157    
0.00001   0.00001   0.00000      0.00001       155.10859    
0.00001   0.00001   0.00000      0.00001       42.46330     
0.00001   0.00001   0.00000      0.00001       208.74322    
0.00001   0.00001   0.00000      0.00001       25.72507     
0.00001   0.00001   0.00000      0.00001       91.49646     
0.00001   0.00001   0.00000      0.00001       198.01186    
0.00001   0.00001   0.00000      0.00001       136.01658    
0.00001   0.00001   0.00000      0.00001       262.26443    
0.00001   0.00001   0.00000      0.00001       206.10088    
0.00001   0.00001   0.00000      0.00001       25.64036     
0.00001   0.00001   0.00000      0.00001       256.33775    
0.00001   0.00001   0.00000      0.00001       274.50952    
0.00001   0.00001   0.00000      0.00001       186.73666    
0.00001   0.00001   0.00000      0.00001       471.96203    
0.00001   0.00001   0.00000      0.00001       376.53363    
0.00001   0.00001   0.00000      0.00001       577.20026    
0.00001   0.00001   0.00000      0.00001       634.73233    
0.00001   0.00001   0.00000      0.00001       378.18736    
0.00001   0.00001   0.00000      0.00001       963.05320    
0.00001   0.00001   0.00000      0.00001       828.00730    
0.00001   0.00001   0.00000      0.00001       504.20892    
0.00001   0.00001   0.00000      0.00001       974.95634    
0.00001   0.00001   0.00000      0.00001       877.89148    
0.00001   0.00001   0.00000      0.00001       993.86967    
0.00001   0.00001   0.00000      0.00001       703.37665    
0.00001   0.00001   0.00000      0.00001       593.15362    
0.00001   0.00001   0.00000      0.00001       658.66011    
0.00001   0.00001   0.00000      0.00001       402.31505    
0.00001   0.00001   0.00000      0.00001       321.38691    
0.00001   0.00001   0.00000      0.00001       398.00100    
0.00001   0.00001   0.00000      0.00001       119.26721    
0.00001   0.00001   0.00000      0.00001       369.57265    
0.00001   0.00001   0.00000      0.00001       270.67325    
0.00001   0.00001   0.00000      0.00001       270.67325    
0.00001   0.00001   0.00000      0.00001       579.61884    
0.00001   0.00001   0.00000      0.00001       424.82044    
0.00001   0.00001   0.00000      0.00001       294.02205    
0.00001   0.00001   0.00000      0.00001       427.06827    
0.00001   0.00001   0.00000      0.00001       108.17282    
0.00001   0.00001   0.00000      0.00001       234.74957    
0.00001   0.00001   0.00000      0.00001       281.90026    
0.00001   0.00001   0.00000      0.00001       333.78267    
0.00001   0.00001   0.00000      0.00001       420.69839    
0.00001   0.00001   0.00000      0.00001       373.01866    
0.00001   0.00001   0.00000      0.00001       357.65441    
0.00001   0.00001   0.00000      0.00001       750.10067    
0.00001   0.00001   0.00000      0.00001       649.38899    
0.00001   0.00001   0.00000      0.00001       633.58320    
0.00001   0.00001   0.00000      0.00001       620.18817    
0.00001   0.00001   0.00000      0.00001       531.50484    
0.00001   0.00001   0.00000      0.00001       485.46743    
0.00001   0.00001   0.00000      0.00001       408.51060    
0.00001   0.00001   0.00000      0.00001       338.59344    
0.00001   0.00001   0.00000      0.00001       593.67774    
0.00001   0.00001   0.00000      0.00001       108.51331    
0.00001   0.00001   0.00000      0.00001       146.87418    
0.00001   0.00001   0.00000      0.00001       242.83822    
0.00001   0.00001   0.00000      0.00001       90.44385     
0.00001   0.00001   0.00000      0.00001       396.10960    
0.00001   0.00001   0.00000      0.00001       215.87302    
0.00001   0.00001   0.00000      0.00001       167.89795    
0.00001   0.00001   0.00000      0.00001       298.94981    
0.00001   0.00001   0.00000      0.00001       298.94981    
0.00001   0.00001   0.00000      0.00001       146.57924    
0.00001   0.00001   0.00000      0.00001       300.21623    
0.00001   0.00001   0.00000      0.00001       217.39881    
0.00001   0.00001   0.00000      0.00001       302.95871    
0.00001   0.00001   0.00000      0.00001       368.37316    
0.00001   0.00001   0.00000      0.00001       307.18823    
0.00001   0.00001   0.00000      0.00001       519.80307    
0.00001   0.00001   0.00000      0.00001       346.07132    
0.00001   0.00001   0.00000      0.00001       320.20463    
0.00001   0.00001   0.00000      0.00001       296.14253    
0.00001   0.00001   0.00000      0.00001       243.67152    
0.00001   0.00001   0.00000      0.00001       339.55962    
0.00001   0.00001   0.00000      0.00001       163.35703    
0.00001   0.00001   0.00000      0.00001       135.30411    
0.00001   0.00001   0.00000      0.00001       170.37927    
0.00001   0.00001   0.00000      0.00001       241.27573    
0.00001   0.00001   0.00000      0.00001       327.68507    
0.00001   0.00001   0.00000      0.00001       312.85207    
0.00001   0.00001   0.00000      0.00001       47.64865     
0.00001   0.00001   0.00000      0.00001       80.32921     
0.00001   0.00001   0.00000      0.00001       99.92429     
0.00001   0.00001   0.00000      0.00001       26.44393     
0.00001   0.00001   0.00000      0.00001       171.90777    
0.00001   0.00001   0.00000      0.00001       137.73487    
0.00001   0.00001   0.00000      0.00001       86.86130     
0.00001   0.00001   0.00000      0.00001       191.39141    
0.00001   0.00001   0.00000      0.00001       81.25514     
0.00001   0.00001   0.00000      0.00001       213.03545    
0.00001   0.00001   0.00000      0.00001       175.79058    
0.00001   0.00001   0.00000      0.00001       237.00757    
0.00001   0.00001   0.00000      0.00001       441.21189    
0.00001   0.00001   0.00000      0.00001       346.60843    
0.00001   0.00001   0.00000      0.00001       338.44426    
0.00001   0.00001   0.00000      0.00001       517.75912    
0.00001   0.00001   0.00000      0.00001       461.51620    
0.00000   0.00001   0.00000      0.00001       560.97534    
0.00000   0.00001   0.00000      0.00001       798.25948    
0.00000   0.00001   0.00000      0.00001       503.19729    
0.00000   0.00001   0.00000      0.00001       928.38104    
0.00000   0.00001   0.00000      0.00001       548.40723    
0.00000   0.00001   0.00000      0.00001       543.62129    
0.00000   0.00001   0.00000      0.00001       842.87668    
0.00000   0.00001   0.00000      0.00001       712.77935    
0.00000   0.00001   0.00000      0.00001       650.25122    
0.00000   0.00001   0.00000      0.00001       771.46657    
0.00000   0.00001   0.00000      0.00001       589.36880    
0.00000   0.00001   0.00000      0.00001       768.78674    
0.00000   0.00001   0.00000      0.00001       385.96381    
0.00000   0.00001   0.00000      0.00001       262.48525    
0.00000   0.00001   0.00000      0.00001       263.76841    
0.00000   0.00001   0.00000      0.00001       135.94607    
0.00000   0.00001   0.00000      0.00001       137.64709    
0.00000   0.00001   0.00000      0.00001       233.75091    
0.00000   0.00001   0.00000      0.00001       142.49235    
0.00000   0.00001   0.00000      0.00001       172.48830    
0.00000   0.00001   0.00000      0.00001       205.40969    
0.00000   0.00001   0.00000      0.00001       96.19127     
0.00000   0.00001   0.00000      0.00001       366.66058    
0.00000   0.00001   0.00000      0.00001       373.23056    
0.00000   0.00001   0.00000      0.00001       190.53665    
0.00000   0.00001   0.00000      0.00001       595.92858    
0.00000   0.00001   0.00000      0.00001       350.22716    
0.00000   0.00001   0.00000      0.00001       548.09820    
0.00000   0.00001   0.00000      0.00001       502.64928    
0.00000   0.00001   0.00000      0.00001       369.26165    
0.00000   0.00001   0.00000      0.00001       527.14802    
0.00000   0.00001   0.00000      0.00001       484.07867    
0.00000   0.00001   0.00000      0.00001       404.45459    
0.00000   0.00001   0.00000      0.00001       571.73739    
0.00000   0.00001   0.00000      0.00001       432.70070    
0.00000   0.00001   0.00000      0.00001       607.06402    
0.00000   0.00001   0.00000      0.00001       671.94252    
0.00000   0.00001   0.00000      0.00001       563.72958    
0.00000   0.00001   0.00000      0.00001       887.06958    
0.00000   0.00001   0.00000      0.00001       482.95362    
0.00000   0.00001   0.00000      0.00001       445.42332    
0.00000   0.00001   0.00000      0.00001       625.48589    
0.00000   0.00001   0.00000      0.00001       428.27245    
0.00000   0.00001   0.00000      0.00001       313.34378    
0.00000   0.00001   0.00000      0.00001       126.83894    
0.00000   0.00001   0.00000      0.00001       38.05328     
0.00000   0.00001   0.00000      0.00001       151.14655    
0.00000   0.00001   0.00000      0.00001       87.85011     
0.00000   0.00001   0.00000      0.00001       73.78592     
0.00000   0.00001   0.00000      0.00001       284.31363    
0.00000   0.00001   0.00000      0.00001       195.32224    
0.00000   0.00001   0.00000      0.00001       212.33399    
0.00000   0.00001   0.00000      0.00001       230.58911    
0.00000   0.00001   0.00000      0.00001       152.57260    
0.00000   0.00001   0.00000      0.00001       397.14990    
0.00000   0.00001   0.00000      0.00001       369.24776    
0.00000   0.00001   0.00000      0.00001       226.40042    
0.00000   0.00001   0.00000      0.00001       612.14033    
0.00000   0.00001   0.00000      0.00001       318.09137    
0.00000   0.00001   0.00000      0.00001       344.61649    
0.00000   0.00001   0.00000      0.00001       616.65957    
0.00000   0.00001   0.00000      0.00001       372.86056    
0.00000   0.00001   0.00000      0.00001       729.02676    
0.00000   0.00001   0.00000      0.00001       434.80020    
0.00000   0.00001   0.00000      0.00001       384.47456    
0.00000   0.00001   0.00000      0.00001       913.20898    
0.00000   0.00001   0.00000      0.00001       654.23616    
0.00000   0.00001   0.00000      0.00001       625.02278    
0.00000   0.00001   0.00000      0.00001       569.64425    
0.00000   0.00001   0.00000      0.00001       372.45145    
0.00000   0.00001   0.00000      0.00001       263.33198    
0.00000   0.00001   0.00000      0.00001       295.06593    
0.00000   0.00001   0.00000      0.00001       137.45741    
0.00000   0.00001   0.00000      0.00001       261.13823    
0.00000   0.00001   0.00000      0.00001       148.77923    
0.00000   0.00001   0.00000      0.00001       137.04102    
0.00000   0.00001   0.00000      0.00001       215.69567    
0.00000   0.00001   0.00000      0.00001       115.46734    
0.00000   0.00001   0.00000      0.00001       188.78253    
0.00000   0.00001   0.00000      0.00001       232.24459    
0.00000   0.00001   0.00000      0.00001       128.05519    
0.00000   0.00001   0.00000      0.00001       54.75587     
0.00000   0.00001   0.00000      0.00001       108.54471    
0.00000   0.00001   0.00000      0.00001       91.17694     
0.00000   0.00001   0.00000      0.00001       148.12465    
0.00000   0.00001   0.00000      0.00001       187.59356    
0.00000   0.00001   0.00000      0.00001       187.59356    
0.00000   0.00001   0.00000      0.00001       231.77116    
0.00000   0.00001   0.00000      0.00001       523.83829    
0.00000   0.00001   0.00000      0.00001       843.84579    
0.00000   0.00001   0.00000      0.00001       560.05336    
0.00000   0.00001   0.00000      0.00001       321.02535    
0.00000   0.00001   0.00000      0.00001       494.03405    
0.00000   0.00001   0.00000      0.00001       464.31253    
0.00000   0.00001   0.00000      0.00001       609.22828    
0.00000   0.00001   0.00000      0.00001       593.39701    
0.00000   0.00001   0.00000      0.00001       504.84593    
0.00000   0.00001   0.00000      0.00001       845.88614    
0.00000   0.00001   0.00000      0.00001       464.40336    
0.00000   0.00001   0.00000      0.00001       306.47153    
0.00000   0.00001   0.00000      0.00001       496.61990    
0.00000   0.00001   0.00000      0.00001       406.02542    
0.00000   0.00001   0.00000      0.00001       325.07300    
0.00000   0.00001   0.00000      0.00001       155.25002    
0.00000   0.00001   0.00000      0.00001       149.30062    
0.00000   0.00001   0.00000      0.00001       143.62140    
0.00000   0.00001   0.00000      0.00001       98.25169     
0.00000   0.00001   0.00000      0.00001       38.80588     
0.00000   0.00001   0.00000      0.00001       173.12348    
0.00000   0.00001   0.00000      0.00001       128.11175    
0.00000   0.00001   0.00000      0.00001       162.29228    
0.00000   0.00001   0.00000      0.00001       114.71050    
0.00000   0.00001   0.00000      0.00001       152.43582    
0.00000   0.00001   0.00000      0.00001       371.51381    
0.00000   0.00001   0.00000      0.00001       304.44521    
0.00000   0.00001   0.00000      0.00001       238.48271    
0.00000   0.00001   0.00000      0.00001       408.63194    
0.00000   0.00001   0.00000      0.00001       270.24299    
0.00000   0.00001   0.00000      0.00001       260.89923    
0.00000   0.00001   0.00000      0.00001       374.59433    
0.00000   0.00001   0.00000      0.00001       308.37878    
0.00000   0.00001   0.00000      0.00001       515.14150    
0.00000   0.00001   0.00000      0.00001       678.34904    
0.00000   0.00001   0.00000      0.00001       500.32427    
0.00000   0.00001   0.00000      0.00001       569.66852    
0.00000   0.00001   0.00000      0.00001       344.11498    
0.00000   0.00001   0.00000      0.00001       409.85922    
0.00000   0.00001   0.00000      0.00001       642.00945    
0.00000   0.00001   0.00000      0.00001       471.22201    
0.00000   0.00001   0.00000      0.00001       815.37486    
0.00000   0.00001   0.00000      0.00001       626.66089    
0.00000   0.00001   0.00000      0.00001       392.41082    
0.00000   0.00001   0.00000      0.00001       809.69261    
0.00000   0.00001   0.00000      0.00001       624.60160    
0.00000   0.00001   0.00000      0.00001       213.86012    
0.00000   0.00001   0.00000      0.00001       269.57503    
0.00000   0.00001   0.00000      0.00001       169.79754    
0.00000   0.00001   0.00000      0.00001       129.28988    
0.00000   0.00001   0.00000      0.00001       64.35781     
0.00000   0.00001   0.00000      0.00001       1.34688      
0.00000   0.00001   0.00000      0.00001       98.62500     
0.00000   0.00001   0.00000      0.00001       100.23037    
0.00000   0.00001   0.00000      0.00001       44.00355     
0.00000   0.00001   0.00000      0.00001       293.00954    
0.00000   0.00001   0.00000      0.00001       145.66979    
0.00000   0.00001   0.00000      0.00001       248.07072    
0.00000   0.00001   0.00000      0.00001       115.15911    
0.00000   0.00001   0.00000      0.00001       82.10110     
0.00000   0.00001   0.00000      0.00001       259.75396    
0.00000   0.00001   0.00000      0.00001       325.83130    
0.00000   0.00001   0.00000      0.00001       174.72631    
0.00000   0.00001   0.00000      0.00001       418.69723    
0.00000   0.00001   0.00000      0.00001       300.50600    
0.00000   0.00001   0.00000      0.00001       373.80872    
0.00000   0.00001   0.00000      0.00001       463.88258    
0.00000   0.00001   0.00000      0.00001       490.53340    
0.00000   0.00001   0.00000      0.00001       678.35617    
0.00000   0.00001   0.00000      0.00001       530.63027    
0.00000   0.00001   0.00000      0.00001       541.51158    
0.00000   0.00001   0.00000      0.00001       727.63542    
0.00000   0.00001   0.00000      0.00001       643.36959    
0.00000   0.00001   0.00000      0.00001       669.04950    
0.00000   0.00001   0.00000      0.00001       454.77937    
0.00000   0.00001   0.00000      0.00001       338.89944    
0.00000   0.00001   0.00000      0.00001       360.14534    
0.00000   0.00001   0.00000      0.00001       122.24117    
0.00000   0.00001   0.00000      0.00001       72.60459     
0.00000   0.00001   0.00000      0.00001       129.81354    
0.00000   0.00001   0.00000      0.00001       68.33736     
0.00000   0.00001   0.00000      0.00001       74.11129     
0.00000   0.00001   0.00000      0.00001       154.25670    
0.00000   0.00001   0.00000      0.00001       163.12624    
0.00000   0.00001   0.00000      0.00001       275.33469    
0.00000   0.00001   0.00000      0.00001       237.34305    
0.00000   0.00001   0.00000      0.00001       202.48530    
0.00000   0.00001   0.00000      0.00001       224.63998    
0.00000   0.00001   0.00000      0.00001       151.33075    
0.00000   0.00001   0.00000      0.00001       225.99696    
0.00000   0.00001   0.00000      0.00001       316.65786    
0.00000   0.00001   0.00000      0.00001       230.31336    
0.00000   0.00001   0.00000      0.00001       323.69721    
0.00000   0.00001   0.00000      0.00001       286.41692    
0.00000   0.00001   0.00000      0.00001       286.41692    
0.00000   0.00001   0.00000      0.00001       519.61052    
0.00000   0.00001   0.00000      0.00001       409.95288    
0.00000   0.00001   0.00000      0.00001       584.51032    
0.00000   0.00001   0.00000      0.00001       607.45391    
0.00000   0.00001   0.00000      0.00001       312.15018    
0.00000   0.00001   0.00000      0.00001       330.54318    
0.00000   0.00001   0.00000      0.00001       203.69379    
0.00000   0.00001   0.00000      0.00001       153.52499    
0.00000   0.00001   0.00000      0.00001       111.29437    
0.00000   0.00001   0.00000      0.00001       123.20283    
0.00000   0.00001   0.00000      0.00001       93.01327     
0.00000   0.00001   0.00000      0.00001       27.93158     
0.00000   0.00001   0.00000      0.00001       128.32516    
0.00000   0.00001   0.00000      0.00001       522.81305    
0.00000   0.00001   0.00000      0.00001       227.25622    
0.00000   0.00001   0.00000      0.00001       53.21493     
0.00000   0.00001   0.00000      0.00001       179.05081    
0.00000   0.00001   0.00000      0.00001       110.57954    
0.00000   0.00001   0.00000      0.00001       123.62873    
0.00000   0.00001   0.00000      0.00001       296.80110    
0.00000   0.00001   0.00000      0.00001       224.88719    
0.00000   0.00001   0.00000      0.00001       263.93132    
0.00000   0.00001   0.00000      0.00001       284.84285    
0.00000   0.00001   0.00000      0.00001       125.99187    
0.00000   0.00001   0.00000      0.00001       302.36462    
0.00000   0.00001   0.00000      0.00001       349.46715    
0.00000   0.00001   0.00000      0.00001       374.54291    
0.00000   0.00001   0.00000      0.00001       487.60150    
0.00000   0.00001   0.00000      0.00001       517.62321    
0.00000   0.00001   0.00000      0.00001       485.39237    
0.00000   0.00001   0.00000      0.00001       515.82401    
0.00000   0.00001   0.00000      0.00001       397.28381    
0.00000   0.00001   0.00000      0.00001       797.57350    
0.00000   0.00001   0.00000      0.00001       515.78626    
0.00000   0.00001   0.00000      0.00001       485.67716    
0.00000   0.00001   0.00000      0.00001       550.59632    
0.00000   0.00001   0.00000      0.00001       729.17853    
0.00000   0.00001   0.00000      0.00001       558.80878    
0.00000   0.00001   0.00000      0.00001       564.74876    
0.00000   0.00001   0.00000      0.00001       571.92641    
0.00000   0.00001   0.00000      0.00001       717.63134    
0.00000   0.00001   0.00000      0.00001       371.67982    
0.00000   0.00001   0.00000      0.00001       301.47377    
0.00000   0.00001   0.00000      0.00001       443.20796    
0.00000   0.00001   0.00000      0.00001       119.03425    
0.00000   0.00001   0.00000      0.00001       81.89461     
0.00000   0.00001   0.00000      0.00001       143.86609    
0.00000   0.00001   0.00000      0.00001       64.31781     
0.00000   0.00001   0.00000      0.00001       208.69561    
0.00000   0.00001   0.00000      0.00001       84.12659     
0.00000   0.00001   0.00000      0.00001       15.31333     
0.00000   0.00001   0.00000      0.00001       82.12071     
0.00000   0.00001   0.00000      0.00001       74.02143     
0.00000   0.00001   0.00000      0.00001       106.39905    
0.00000   0.00001   0.00000      0.00001       144.99958    
0.00000   0.00001   0.00000      0.00001       134.89378    
0.00000   0.00001   0.00000      0.00001       125.34246    
0.00000   0.00001   0.00000      0.00001       191.75506    
0.00000   0.00001   0.00000      0.00001       110.40503    
0.00000   0.00001   0.00000      0.00001       370.63126    
0.00000   0.00001   0.00000      0.00001       278.93363    
0.00000   0.00001   0.00000      0.00001       267.21024    
0.00000   0.00001   0.00000      0.00001       378.85349    
0.00000   0.00001   0.00000      0.00001       245.29047    
0.00000   0.00001   0.00000      0.00001       307.39888    
0.00000   0.00001   0.00000      0.00001       467.59721    
0.00000   0.00001   0.00000      0.00001       402.54075    
0.00000   0.00001   0.00000      0.00001       342.88581    
0.00000   0.00001   0.00000      0.00001       470.75949    
0.00000   0.00001   0.00000      0.00001       358.40381    
0.00000   0.00001   0.00000      0.00001       693.30848    
0.00000   0.00001   0.00000      0.00001       501.34485    
0.00000   0.00001   0.00000      0.00001       595.37441    
0.00000   0.00001   0.00000      0.00001       380.07611    
0.00000   0.00001   0.00000      0.00001       213.29469    
0.00000   0.00001   0.00000      0.00001       277.41082    
0.00000   0.00001   0.00000      0.00001       197.19396    
0.00000   0.00001   0.00000      0.00001       84.56974     
0.00000   0.00001   0.00000      0.00001       43.84265     
0.00000   0.00001   0.00000      0.00001       0.35695      
0.00000   0.00001   0.00000      0.00001       3.72149      
0.00000   0.00001   0.00000      0.00001       6.79239      
0.00000   0.00001   0.00000      0.00001       0.95419      
0.00000   0.00001   0.00000      0.00001       21.61985     
0.00000   0.00001   0.00000      0.00001       20.68601     
0.00000   0.00001   0.00000      0.00001       1.89899      
0.00000   0.00001   0.00000      0.00001       18.38752     
0.00000   0.00001   0.00000      0.00001       9.66316      
0.00000   0.00001   0.00000      0.00001       29.09498     
0.00000   0.00001   0.00000      0.00001       77.28180     
0.00000   0.00001   0.00000      0.00001       76.23479     
0.00000   0.00001   0.00000      0.00001       147.44997    
0.00000   0.00001   0.00000      0.00001       146.35469    
0.00000   0.00001   0.00000      0.00001       94.65554     
0.00000   0.00001   0.00000      0.00001       204.74008    
0.00000   0.00001   0.00000      0.00001       143.52292    
0.00000   0.00001   0.00000      0.00001       204.15843    
0.00000   0.00001   0.00000      0.00001       275.87013    
0.00000   0.00001   0.00000      0.00001       315.93394    
0.00000   0.00001   0.00000      0.00001       240.40765    
0.00000   0.00001   0.00000      0.00001       362.63207    
0.00000   0.00001   0.00000      0.00001       324.34256    
0.00000   0.00001   0.00000      0.00001       419.34840    
0.00000   0.00001   0.00000      0.00001       295.15629    
0.00000   0.00001   0.00000      0.00001       342.03745    
0.00000   0.00001   0.00000      0.00001       393.12252    
0.00000   0.00001   0.00000      0.00001       172.60682    
0.00000   0.00001   0.00000      0.00001       147.80535    
0.00000   0.00001   0.00000      0.00001       125.19330    
0.00000   0.00001   0.00000      0.00001       4.84342      
0.00000   0.00001   0.00000      0.00001       50.23190     
0.00000   0.00001   0.00000      0.00001       0.25496      
0.00000   0.00001   0.00000      0.00001       36.61792     
0.00000   0.00001   0.00000      0.00001       12.10581     
0.00000   0.00001   0.00000      0.00001       10.72460     
0.00000   0.00001   0.00000      0.00001       9.38721      
0.00000   0.00001   0.00000      0.00001       15.42270     
0.00000   0.00001   0.00000      0.00001       2.38127      
0.00000   0.00001   0.00000      0.00001       0.70832      
0.00000   0.00001   0.00000      0.00001       64.00268     
0.00000   0.00001   0.00000      0.00001       308.17357    
0.00000   0.00001   0.00000      0.00001       245.16718    
0.00000   0.00001   0.00000      0.00001       129.54096    
0.00000   0.00001   0.00000      0.00001       106.38509    
0.00000   0.00001   0.00000      0.00001       135.62794    
0.00000   0.00001   0.00000      0.00001       142.00509    
0.00000   0.00001   0.00000      0.00001       326.19046    
0.00000   0.00001   0.00000      0.00001       347.36041    
0.00000   0.00001   0.00000      0.00001       151.56564    
0.00000   0.00001   0.00000      0.00001       394.65731    
0.00000   0.00001   0.00000      0.00001       184.66094    
0.00000   0.00001   0.00000      0.00001       234.24618    
0.00000   0.00001   0.00000      0.00001       463.96812    
0.00000   0.00001   0.00000      0.00001       352.98928    
0.00000   0.00001   0.00000      0.00001       699.73704    
0.00000   0.00001   0.00000      0.00001       564.00419    
0.00000   0.00001   0.00000      0.00001       488.02167    
0.00000   0.00001   0.00000      0.00001       571.89107    
0.00000   0.00001   0.00000      0.00001       410.41316    
0.00000   0.00001   0.00000      0.00001       276.72376    
0.00000   0.00001   0.00000      0.00001       197.37932    
0.00000   0.00001   0.00000      0.00001       109.92050    
0.00000   0.00001   0.00000      0.00001       70.91766     
0.00000   0.00001   0.00000      0.00001       2.14215      
0.00000   0.00001   0.00000      0.00001       1.02297      
0.00000   0.00001   0.00000      0.00001       6.15233      
0.00000   0.00001   0.00000      0.00001       4.06043      
0.00000   0.00001   0.00000      0.00001       0.85659      
0.00000   0.00001   0.00000      0.00001       4.37048      
0.00000   0.00001   0.00000      0.00001       6.90142      
0.00000   0.00001   0.00000      0.00001       32.03969     
0.00000   0.00001   0.00000      0.00001       10.89301     
0.00000   0.00001   0.00000      0.00001       3.71698      
0.00000   0.00001   0.00000      0.00001       88.84110     
0.00000   0.00001   0.00000      0.00001       71.60315     
0.00000   0.00001   0.00000      0.00001       31.07402     
0.00000   0.00001   0.00000      0.00001       85.56869     
0.00000   0.00001   0.00000      0.00001       122.10880    
0.00000   0.00001   0.00000      0.00001       72.04091     
0.00000   0.00001   0.00000      0.00001       150.58712    
0.00000   0.00001   0.00000      0.00001       32.39164     
0.00000   0.00001   0.00000      0.00001       241.07502    
0.00000   0.00001   0.00000      0.00001       149.39125    
0.00000   0.00001   0.00000      0.00001       231.54384    
0.00000   0.00001   0.00000      0.00001       246.51896    
0.00000   0.00001   0.00000      0.00001       162.52912    
0.00000   0.00001   0.00000      0.00001       153.20016    
0.00000   0.00001   0.00000      0.00001       144.99929    
0.00000   0.00001   0.00000      0.00001       32.65437     
0.00000   0.00001   0.00000      0.00001       52.42676     
0.00000   0.00001   0.00000      0.00001       0.92746      
0.00000   0.00001   0.00000      0.00001       12.99732     
0.00000   0.00001   0.00000      0.00001       0.24286      
0.00000   0.00001   0.00000      0.00001       15.83640     
0.00000   0.00001   0.00000      0.00001       33.43897     
0.00000   0.00001   0.00000      0.00001       24.45398     
0.00000   0.00001   0.00000      0.00001       24.75825     
0.00000   0.00001   0.00000      0.00001       10.71993     
0.00000   0.00001   0.00000      0.00001       1.09001      
0.00000   0.00001   0.00000      0.00001       0.45999      
0.00000   0.00001   0.00000      0.00001       3.77166      
0.00000   0.00001   0.00000      0.00001       64.62875     
0.00000   0.00001   0.00000      0.00001       8.18290      
0.00000   0.00001   0.00000      0.00001       40.52341     
0.00000   0.00001   0.00000      0.00001       22.18921     
0.00000   0.00001   0.00000      0.00001       42.73804     
0.00000   0.00001   0.00000      0.00001       44.78014     
0.00000   0.00001   0.00000      0.00001       125.05936    
0.00000   0.00001   0.00000      0.00001       48.75796     
0.00000   0.00001   0.00000      0.00001       111.50245    
0.00000   0.00001   0.00000      0.00001       81.19959     
0.00000   0.00001   0.00000      0.00001       162.49231    
0.00000   0.00001   0.00000      0.00001       91.89290     
0.00000   0.00001   0.00000      0.00001       115.39753    
0.00000   0.00001   0.00000      0.00001       137.82476    
0.00000   0.00001   0.00000      0.00001       119.21685    
0.00000   0.00001   0.00000      0.00001       71.53431     
0.00000   0.00001   0.00000      0.00001       49.18161     
0.00000   0.00001   0.00000      0.00001       9.89357      
0.00000   0.00001   0.00000      0.00001       19.33695     
0.00000   0.00001   0.00000      0.00001       0.20236      
0.00000   0.00001   0.00000      0.00001       3.29909      
0.00000   0.00001   0.00000      0.00001       33.97954     
0.00000   0.00001   0.00000      0.00001       51.34336     
0.00000   0.00001   0.00000      0.00001       43.72106     
0.00000   0.00001   0.00000      0.00001       105.78835    
0.00000   0.00001   0.00000      0.00001       109.37100    
0.00000   0.00001   0.00000      0.00001       206.99758    
0.00000   0.00001   0.00000      0.00001       167.48731    
0.00000   0.00001   0.00000      0.00001       150.12966    
0.00000   0.00001   0.00000      0.00001       65.15191     
0.00000   0.00001   0.00000      0.00001       100.39177    
0.00000   0.00001   0.00000      0.00001       33.48329     
0.00000   0.00001   0.00000      0.00001       47.93811     
0.00000   0.00001   0.00000      0.00001       53.03263     
0.00000   0.00001   0.00000      0.00001       47.17989     
0.00000   0.00001   0.00000      0.00001       1.53788      
0.00000   0.00001   0.00000      0.00001       6.53903      
0.00000   0.00001   0.00000      0.00001       2.83143      
0.00000   0.00001   0.00000      0.00001       2.34989      
0.00000   0.00001   0.00000      0.00001       30.92480     
0.00000   0.00001   0.00000      0.00001       21.13121     
0.00000   0.00001   0.00000      0.00001       5.58108      
0.00000   0.00001   0.00000      0.00001       33.01729     
0.00000   0.00001   0.00000      0.00001       49.59778     
0.00000   0.00001   0.00000      0.00001       77.69421     
0.00000   0.00001   0.00000      0.00001       212.66677    
0.00000   0.00001   0.00000      0.00001       260.69782    
0.00000   0.00001   0.00000      0.00001       509.93570    
0.00000   0.00001   0.00000      0.00001       518.37020    
0.00000   0.00001   0.00000      0.00001       772.30569    
0.00000   0.00001   0.00000      0.00001       819.63548    
0.00000   0.00001   0.00000      0.00001       989.11474    
0.00000   0.00001   0.00000      0.00001       1416.56216   
0.00000   0.00001   0.00000      0.00001       1023.78196   
0.00000   0.00001   0.00000      0.00001       807.19491    
0.00000   0.00001   0.00000      0.00001       1237.80043   
0.00000   0.00001   0.00000      0.00001       951.96332    
0.00000   0.00001   0.00000      0.00001       1029.53791   
0.00000   0.00001   0.00000      0.00001       1065.00035   
0.00000   0.00001   0.00000      0.00001       688.61871    
0.00000   0.00001   0.00000      0.00001       954.30859    
0.00000   0.00001   0.00000      0.00001       846.29937    
0.00000   0.00001   0.00000      0.00001       788.33456    
0.00000   0.00001   0.00000      0.00001       1024.31354   
0.00000   0.00001   0.00000      0.00001       755.22013    
0.00000   0.00001   0.00000      0.00001       877.83645    
0.00000   0.00001   0.00000      0.00001       1424.09005   
0.00000   0.00001   0.00000      0.00001       1270.00641   
0.00000   0.00001   0.00000      0.00001       1457.53067   
0.00000   0.00001   0.00000      0.00001       1606.37337   
0.00000   0.00001   0.00000      0.00001       1365.05455   
0.00000   0.00001   0.00000      0.00001       2240.96482   
0.00000   0.00001   0.00000      0.00001       2063.43866   
0.00000   0.00001   0.00000      0.00001       1946.04696   
0.00000   0.00001   0.00000      0.00001       3028.10082   
0.00000   0.00001   0.00000      0.00001       2419.87413   
0.00000   0.00001   0.00000      0.00001       3480.08297   
0.00000   0.00001   0.00000      0.00001       3968.50765   
0.00000   0.00001   0.00000      0.00001       3799.43746   
0.00000   0.00001   0.00000      0.00001       4492.88401   
0.00000   0.00001   0.00000      0.00001       3830.61140   
0.00000   0.00001   0.00000      0.00001       3357.40487   
0.00000   0.00001   0.00000      0.00001       3589.11971   
0.00000   0.00001   0.00000      0.00001       3404.27268   
0.00000   0.00001   0.00000      0.00001       2832.40818   
0.00000   0.00001   0.00000      0.00001       3909.53653   
0.00000   0.00001   0.00000      0.00001       3091.58459   
0.00000   0.00001   0.00000      0.00001       5480.60421   
0.00000   0.00001   0.00000      0.00001       5992.70967   
0.00000   0.00001   0.00000      0.00001       6238.79070   
0.00000   0.00001   0.00000      0.00001       9459.15993   
0.00000   0.00001   0.00000      0.00001       9634.87150   
0.00000   0.00001   0.00000      0.00001       11606.84260  
0.00000   0.00001   0.00000      0.00001       14182.30380  
0.00000   0.00001   0.00000      0.00001       12385.86258  
0.00000   0.00001   0.00000      0.00001       15893.81783  
0.00000   0.00001   0.00000      0.00001       16872.81316  
0.00000   0.00001   0.00000      0.00001       16072.99270  
0.00000   0.00001   0.00000      0.00001       20025.92361  
0.00000   0.00001   0.00000      0.00001       19748.00902  
0.00000   0.00001   0.00000      0.00001       20665.86605  
0.00000   0.00001   0.00000      0.00001       24596.34548  
0.00000   0.00001   0.00000      0.00001       22395.72952  
0.00000   0.00001   0.00000      0.00001       24435.71337  
0.00000   0.00001   0.00000      0.00001       26561.68827  
0.00000   0.00001   0.00000      0.00001       25018.97862  
0.00000   0.00001   0.00000      0.00001       26990.57794  
0.00000   0.00001   0.00000      0.00001       27241.96323  
0.00000   0.00001   0.00000      0.00001       28543.31822  
0.00000   0.00001   0.00000      0.00001       34839.32293  
0.00000   0.00001   0.00000      0.00001       32738.20008  
0.00000   0.00001   0.00000      0.00001       35547.96433  
0.00000   0.00001   0.00000      0.00001       40096.67201  
0.00000   0.00001   0.00000      0.00001       40392.91156  
0.00000   0.00001   0.00000      0.00001       45797.59869  
0.00000   0.00001   0.00000      0.00001       44785.36351  
0.00000   0.00001   0.00000      0.00001       45213.26834  
0.00000   0.00001   0.00000      0.00001       48207.61311  
0.00000   0.00001   0.00000      0.00001       43752.09595  
0.00000   0.00001   0.00000      0.00001       46698.44072  
0.00000   0.00001   0.00000      0.00001       48207.61311  
0.00000   0.00001   0.00000      0.00001       43752.09595  
0.00000   0.00001   0.00000      0.00001       48207.61311  
0.00000   0.00001   0.00000      0.00001       46698.44072  
0.00000   0.00001   0.00000      0.00001       43752.09595  
0.00000   0.00001   0.00000      0.00001       49740.78550  
0.00000   0.00001   0.00000      0.00001       46698.44072  
0.00000   0.00001   0.00000      0.00001       45213.26834  
0.00000   0.00001   0.00000      0.00001       46698.44072  
0.00000   0.00001   0.00000      0.00001       45213.26834  
0.00000   0.00001   0.00000      0.00001       48207.61311  
0.00000   0.00001   0.00000      0.00001       46698.44072  
0.00000   0.00001   0.00000      0.00001       45213.26834  
0.00000   0.00001   0.00000      0.00001       51297.95788  
0.00000   0.00001   0.00000      0.00001       46698.44072  
0.00000   0.00001   0.00000      0.00001       48207.61311  
0.00000   0.00001   0.00000      0.00001       49740.78550  
0.00000   0.00001   0.00000      0.00001       46698.44072  
0.00000   0.00001   0.00000      0.00001       49740.78550  
0.00000   0.00001   0.00000      0.00001       48207.61311  
0.00000   0.00001   0.00000      0.00001       46698.44072  
0.00000   0.00001   0.00000      0.00001       51297.95788  
0.00000   0.00001   0.00000      0.00001       46698.44072  
0.00000   0.00001   0.00000      0.00001       46698.44072  
0.00000   0.00001   0.00000      0.00001       49740.78550  
0.00000   0.00001   0.00000      0.00001       46698.44072  
0.00000   0.00001   0.00000      0.00001       46698.44072  
0.00000   0.00001   0.00000      0.00001       46698.44072  
0.00000   0.00001   0.00000      0.00001       48207.61311  
0.00000   0.00001   0.00000      0.00001       46698.44072  
0.00000   0.00001   0.00000      0.00001       45213.26834  
0.00000   0.00001   0.00000      0.00001       45213.26834  
0.00000   0.00001   0.00000      0.00001       43752.09595  
0.00000   0.00001   0.00000      0.00001       42314.92356  
0.00000   0.00001   0.00000      0.00001       56113.47504  
0.00000   0.00001   0.00000      0.00001       49740.78550  
0.00000   0.00001   0.00000      0.00001       46698.44072  
0.00000   0.00001   0.00000      0.00001       49740.78550  
0.00000   0.00001   0.00000      0.00001       46698.44072  
0.00000   0.00001   0.00000      0.00001       43300.71878  
0.00000   0.00001   0.00000      0.00001       43014.18234  
0.00000   0.00001   0.00000      0.00001       37717.61409  
0.00000   0.00001   0.00000      0.00001       35879.82444  
0.00000   0.00001   0.00000      0.00001       32233.98792  
0.00000   0.00001   0.00000      0.00001       25770.49495  
0.00000   0.00001   0.00000      0.00001       27702.82999  
0.00000   0.00001   0.00000      0.00001       24937.93131  
0.00000   0.00001   0.00000      0.00001       22477.22095  
0.00000   0.00001   0.00000      0.00001       24853.18804  
0.00000   0.00001   0.00000      0.00001       21601.91307  
0.00000   0.00001   0.00000      0.00001       21515.87115  
0.00000   0.00001   0.00000      0.00001       21902.38771  
0.00000   0.00001   0.00000      0.00001       18997.14210  
0.00000   0.00001   0.00000      0.00001       20549.50361  
0.00000   0.00001   0.00000      0.00001       17784.75484  
0.00000   0.00001   0.00000      0.00001       14940.98596  
0.00000   0.00001   0.00000      0.00001       16300.44329  
0.00000   0.00001   0.00000      0.00001       12089.06097  
0.00000   0.00001   0.00000      0.00001       11755.81252  
0.00000   0.00001   0.00000      0.00001       11929.94636  
0.00000   0.00001   0.00000      0.00001       9350.33132   
0.00000   0.00001   0.00000      0.00001       11128.45971  
0.00000   0.00001   0.00000      0.00001       7900.11940   
0.00000   0.00001   0.00000      0.00001       5992.70967   
0.00000   0.00001   0.00000      0.00001       7617.89406   
0.00000   0.00001   0.00000      0.00001       5484.51726   
0.00000   0.00001   0.00000      0.00001       3767.18286   
0.00000   0.00001   0.00000      0.00001       3021.78396   
0.00000   0.00001   0.00000      0.00001       1876.29777   
0.00000   0.00001   0.00000      0.00001       1915.78912   
0.00000   0.00001   0.00000      0.00001       1478.11115   
0.00000   0.00001   0.00000      0.00001       809.03566    
0.00000   0.00001   0.00000      0.00001       1110.65307   
0.00000   0.00001   0.00000      0.00001       650.01803    
0.00000   0.00001   0.00000      0.00001       818.77237    
0.00000   0.00001   0.00000      0.00001       1193.13462   
0.00000   0.00001   0.00000      0.00001       717.54208    
0.00000   0.00001   0.00000      0.00001       1136.71331   
0.00000   0.00001   0.00000      0.00001       1178.48406   
0.00000   0.00001   0.00000      0.00001       819.54437    
0.00000   0.00001   0.00000      0.00001       1505.43312   
0.00000   0.00001   0.00000      0.00001       909.64649    
0.00000   0.00001   0.00000      0.00001       560.55428    
0.00000   0.00001   0.00000      0.00001       808.66397    
0.00000   0.00001   0.00000      0.00001       592.70989    
0.00000   0.00001   0.00000      0.00001       672.15678    
0.00000   0.00001   0.00000      0.00001       705.13296    
0.00000   0.00001   0.00000      0.00001       239.88253    
0.00000   0.00001   0.00000      0.00001       380.63418    
0.00000   0.00001   0.00000      0.00001       171.78551    
0.00000   0.00001   0.00000      0.00001       67.20104     
0.00000   0.00001   0.00000      0.00001       222.76531    
0.00000   0.00001   0.00000      0.00001       8.90566      
0.00000   0.00001   0.00000      0.00001       23.44994     
0.00000   0.00001   0.00000      0.00001       1.08272      
0.00000   0.00001   0.00000      0.00001       18.23288     
0.00000   0.00001   0.00000      0.00001       2.12410      
0.00000   0.00001   0.00000      0.00001       1.21271      
0.00000   0.00001   0.00000      0.00001       18.26820     
0.00000   0.00001   0.00000      0.00001       11.43434     
0.00000   0.00001   0.00000      0.00001       45.50578     
0.00000   0.00001   0.00000      0.00001       10.35585     
0.00000   0.00001   0.00000      0.00001       20.93440     
0.00000   0.00001   0.00000      0.00001       89.29907     
0.00000   0.00001   0.00000      0.00001       28.58446     
0.00000   0.00001   0.00000      0.00001       10.78457     
0.00000   0.00001   0.00000      0.00001       21.96919     
0.00000   0.00001   0.00000      0.00001       3.90998      
0.00000   0.00001   0.00000      0.00001       17.29703     
0.00000   0.00001   0.00000      0.00001       5.20199      
0.00000   0.00001   0.00000      0.00001       20.46091     
0.00000   0.00001   0.00000      0.00001       44.48535     
0.00000   0.00001   0.00000      0.00001       28.68106     
0.00000   0.00001   0.00000      0.00001       123.33074    
0.00000   0.00001   0.00000      0.00001       199.93631    
0.00000   0.00001   0.00000      0.00001       248.13148    
0.00000   0.00001   0.00000      0.00001       355.07194    
0.00000   0.00001   0.00000      0.00001       549.20084    
0.00000   0.00001   0.00000      0.00001       447.19964    
0.00000   0.00001   0.00000      0.00001       773.63990    
0.00000   0.00001   0.00000      0.00001       720.40733    
0.00000   0.00001   0.00000      0.00001       750.32063    
0.00000   0.00001   0.00000      0.00001       783.15940    
0.00000   0.00001   0.00000      0.00001       819.09079    
0.00000   0.00001   0.00000      0.00001       975.70991    
0.00000   0.00001   0.00000      0.00001       834.42834    
0.00000   0.00001   0.00000      0.00001       995.44530    
0.00000   0.00001   0.00000      0.00001       995.38042    
0.00000   0.00001   0.00000      0.00001       790.70828    
0.00000   0.00001   0.00000      0.00001       794.60868    
0.00000   0.00001   0.00000      0.00001       845.48798    
0.00000   0.00001   0.00000      0.00001       704.68524    
0.00000   0.00001   0.00000      0.00001       672.80975    
0.00000   0.00001   0.00000      0.00001       457.45105    
0.00000   0.00001   0.00000      0.00001       565.00779    
0.00000   0.00001   0.00000      0.00001       400.94983    
0.00000   0.00001   0.00000      0.00001       379.52478    
0.00000   0.00001   0.00000      0.00001       503.21126    
0.00000   0.00001   0.00000      0.00001       605.43455    
0.00000   0.00001   0.00000      0.00001       730.53962    
0.00000   0.00001   0.00000      0.00001       762.41507    
0.00000   0.00001   0.00000      0.00001       1041.84767   
0.00000   0.00001   0.00000      0.00001       1069.71560   
0.00000   0.00001   0.00000      0.00001       1542.78255   
0.00000   0.00001   0.00000      0.00001       1453.54379   
0.00000   0.00001   0.00000      0.00001       1929.33197   
0.00000   0.00001   0.00000      0.00001       1979.03056   
0.00000   0.00001   0.00000      0.00001       1957.99335   
0.00000   0.00001   0.00000      0.00001       2177.67315   
0.00000   0.00001   0.00000      0.00001       1851.00373   
0.00000   0.00001   0.00000      0.00001       1987.13783   
0.00000   0.00001   0.00000      0.00001       2464.67564   
0.00000   0.00001   0.00000      0.00001       1893.23290   
0.00000   0.00001   0.00000      0.00001       2123.53548   
0.00000   0.00001   0.00000      0.00001       2123.46748   
0.00000   0.00001   0.00000      0.00001       1745.35054   
0.00000   0.00001   0.00000      0.00001       1607.06571   
0.00000   0.00001   0.00000      0.00001       1754.09694   
0.00000   0.00001   0.00000      0.00001       1548.39684   
0.00000   0.00001   0.00000      0.00001       1695.63511   
0.00000   0.00001   0.00000      0.00001       1239.79914   
0.00000   0.00001   0.00000      0.00001       1367.85338   
0.00000   0.00001   0.00000      0.00001       1309.35281   
0.00000   0.00001   0.00000      0.00001       1190.24569   
0.00000   0.00001   0.00000      0.00001       1197.18657   
0.00000   0.00001   0.00000      0.00001       1091.32026   
0.00000   0.00001   0.00000      0.00001       1350.70392   
0.00000   0.00001   0.00000      0.00001       1360.96913   
0.00000   0.00001   0.00000      0.00001       1009.21434   
0.00000   0.00001   0.00000      0.00001       1509.23329   
0.00000   0.00001   0.00000      0.00001       1395.92368   
0.00000   0.00001   0.00000      0.00001       1549.15113   
0.00000   0.00001   0.00000      0.00001       1788.60857   
0.00000   0.00001   0.00000      0.00001       1965.37906   
0.00000   0.00001   0.00000      0.00001       2152.35491   
0.00000   0.00001   0.00000      0.00001       2260.91379   
0.00000   0.00001   0.00000      0.00001       2464.85767   
0.00000   0.00001   0.00000      0.00001       3050.38063   
0.00000   0.00001   0.00000      0.00001       2544.34784   
0.00000   0.00001   0.00000      0.00001       2669.06021   
0.00000   0.00001   0.00000      0.00001       2898.81169   
0.00000   0.00001   0.00000      0.00001       2764.14854   
0.00000   0.00001   0.00000      0.00001       2833.45119   
0.00000   0.00001   0.00000      0.00001       2805.63856   
0.00000   0.00001   0.00000      0.00001       2391.79432   
0.00000   0.00001   0.00000      0.00001       2427.67302   
0.00000   0.00001   0.00000      0.00001       2561.14220   
0.00000   0.00001   0.00000      0.00001       1892.00354   
0.00000   0.00001   0.00000      0.00001       2101.19731   
0.00000   0.00001   0.00000      0.00001       1784.85972   
0.00000   0.00001   0.00000      0.00001       2080.69280   
0.00000   0.00001   0.00000      0.00001       1771.03327   
0.00000   0.00001   0.00000      0.00001       1488.65621   
0.00000   0.00001   0.00000      0.00001       1604.83868   
0.00000   0.00001   0.00000      0.00001       1604.83868   
0.00000   0.00001   0.00000      0.00001       1097.74497   
0.00000   0.00001   0.00000      0.00001       1339.29182   
0.00000   0.00001   0.00000      0.00001       1198.90908   
0.00000   0.00001   0.00000      0.00001       1238.63854   
0.00000   0.00001   0.00000      0.00001       1357.76406   
0.00000   0.00001   0.00000      0.00001       1555.62778   
0.00000   0.00001   0.00000      0.00001       1719.41793   
0.00000   0.00001   0.00000      0.00001       2165.81292   
0.00000   0.00001   0.00000      0.00001       2090.18789   
0.00000   0.00001   0.00000      0.00001       2480.44095   
0.00000   0.00001   0.00000      0.00001       2543.78303   
0.00000   0.00001   0.00000      0.00001       2715.11224   
0.00000   0.00001   0.00000      0.00001       3005.94444   
0.00000   0.00001   0.00000      0.00001       3314.34428   
0.00000   0.00001   0.00000      0.00001       3516.25729   
0.00000   0.00001   0.00000      0.00001       3315.28866   
0.00000   0.00001   0.00000      0.00001       2747.01162   
0.00000   0.00001   0.00000      0.00001       3288.39406   
0.00000   0.00001   0.00000      0.00001       3340.78757   
0.00000   0.00001   0.00000      0.00001       2777.47548   
0.00000   0.00001   0.00000      0.00001       3005.71908   
0.00000   0.00001   0.00000      0.00001       2142.48240   
0.00000   0.00001   0.00000      0.00001       2319.31983   
0.00000   0.00001   0.00000      0.00001       2398.75337   
0.00000   0.00001   0.00000      0.00001       2027.59217   
0.00000   0.00001   0.00000      0.00001       2307.29875   
0.00000   0.00001   0.00000      0.00001       1853.57086   
0.00000   0.00001   0.00000      0.00001       1637.55567   
0.00000   0.00001   0.00000      0.00001       2107.75109   
0.00000   0.00001   0.00000      0.00001       1504.87913   
0.00000   0.00001   0.00000      0.00001       1407.41488   
0.00000   0.00001   0.00000      0.00001       1394.06583   
0.00000   0.00001   0.00000      0.00001       1369.02241   
0.00000   0.00001   0.00000      0.00001       1513.34957   
0.00000   0.00001   0.00000      0.00001       1760.96189   
0.00000   0.00001   0.00000      0.00001       1741.34668   
0.00000   0.00001   0.00000      0.00001       1924.07344   
0.00000   0.00001   0.00000      0.00001       1716.34751   
0.00000   0.00001   0.00000      0.00001       2440.14896   
0.00000   0.00001   0.00000      0.00001       2322.35426   
0.00000   0.00001   0.00000      0.00001       2096.34822   
0.00000   0.00001   0.00000      0.00001       2892.88868   
0.00000   0.00001   0.00000      0.00001       2642.50556   
0.00000   0.00001   0.00000      0.00001       2517.97757   
0.00000   0.00001   0.00000      0.00001       2874.05379   
0.00000   0.00001   0.00000      0.00001       2179.20904   
0.00000   0.00001   0.00000      0.00001       2071.06613   
0.00000   0.00001   0.00000      0.00001       2173.81678   
0.00000   0.00001   0.00000      0.00001       2067.67817   
0.00000   0.00001   0.00000      0.00001       2516.51703   
0.00000   0.00001   0.00000      0.00001       2299.70996   
0.00000   0.00001   0.00000      0.00001       2419.14413   
0.00000   0.00001   0.00000      0.00001       2205.54175   
0.00000   0.00001   0.00000      0.00001       2440.42993   
0.00000   0.00001   0.00000      0.00001       2930.78800   
0.00000   0.00001   0.00000      0.00001       2699.60971   
0.00000   0.00001   0.00000      0.00001       2157.07866   
0.00000   0.00001   0.00000      0.00001       2180.86858   
0.00000   0.00001   0.00000      0.00001       1790.71583   
0.00000   0.00001   0.00000      0.00001       1263.11148   
0.00000   0.00001   0.00000      0.00001       1616.94988   
0.00000   0.00001   0.00000      0.00001       1107.76555   
0.00000   0.00001   0.00000      0.00001       1189.62163   
0.00000   0.00001   0.00000      0.00001       1453.08236   
0.00000   0.00001   0.00000      0.00001       1575.07540   
0.00000   0.00001   0.00000      0.00001       1807.96961   
0.00000   0.00001   0.00000      0.00001       1844.63027   
0.00000   0.00001   0.00000      0.00001       1576.98253   
0.00000   0.00001   0.00000      0.00001       1993.07087   
0.00000   0.00001   0.00000      0.00001       2459.20860   
0.00000   0.00001   0.00000      0.00001       2738.35795   
0.00000   0.00001   0.00000      0.00001       3034.94405   
0.00000   0.00001   0.00000      0.00001       3098.21105   
0.00000   0.00001   0.00000      0.00001       3273.55375   
0.00000   0.00001   0.00000      0.00001       3455.41137   
0.00000   0.00001   0.00000      0.00001       3237.70591   
0.00000   0.00001   0.00000      0.00001       3421.96106   
0.00000   0.00001   0.00000      0.00001       2964.98594   
0.00000   0.00001   0.00000      0.00001       2904.43412   
0.00000   0.00001   0.00000      0.00001       3228.62683   
0.00000   0.00001   0.00000      0.00001       3317.07899   
0.00000   0.00001   0.00000      0.00001       3018.02603   
0.00000   0.00001   0.00000      0.00001       2828.49506   
0.00000   0.00001   0.00000      0.00001       2646.65813   
0.00000   0.00001   0.00000      0.00001       2828.85508   
0.00000   0.00001   0.00000      0.00001       2650.12482   
0.00000   0.00001   0.00000      0.00001       1619.17411   
0.00000   0.00001   0.00000      0.00001       2068.65271   
0.00000   0.00001   0.00000      0.00001       1360.49345   
0.00000   0.00001   0.00000      0.00001       1601.27948   
0.00000   0.00001   0.00000      0.00001       1641.92232   
0.00000   0.00001   0.00000      0.00001       1473.13179   
0.00000   0.00001   0.00000      0.00001       1794.52393   
0.00000   0.00001   0.00000      0.00001       1750.34415   
0.00000   0.00001   0.00000      0.00001       2263.21427   
0.00000   0.00001   0.00000      0.00001       3169.68030   
0.00000   0.00001   0.00000      0.00001       3074.24318   
0.00000   0.00001   0.00000      0.00001       3790.85341   
0.00000   0.00001   0.00000      0.00001       3784.85205   
0.00000   0.00001   0.00000      0.00001       3367.95660   
0.00000   0.00001   0.00000      0.00001       4402.94195   
0.00000   0.00001   0.00000      0.00001       4594.75948   
0.00000   0.00001   0.00000      0.00001       4328.11593   
0.00000   0.00001   0.00000      0.00001       4616.23287   
0.00000   0.00001   0.00000      0.00001       3912.03073   
0.00000   0.00001   0.00000      0.00001       3755.15068   
0.00000   0.00001   0.00000      0.00001       3852.98574   
0.00000   0.00001   0.00000      0.00001       3130.07565   
0.00000   0.00001   0.00000      0.00001       3385.77761   
0.00000   0.00001   0.00000      0.00001       2712.83681   
0.00000   0.00001   0.00000      0.00001       1808.63883   
0.00000   0.00001   0.00000      0.00001       2330.59611   
0.00000   0.00001   0.00000      0.00001       1614.88354   
0.00000   0.00001   0.00000      0.00001       1806.67367   
0.00000   0.00001   0.00000      0.00001       1758.90333   
0.00000   0.00001   0.00000      0.00001       1712.14174   
0.00000   0.00001   0.00000      0.00001       1787.31021   
0.00000   0.00001   0.00000      0.00001       2262.72342   
0.00000   0.00001   0.00000      0.00001       2027.96234   
0.00000   0.00001   0.00000      0.00001       2443.92848   
0.00000   0.00001   0.00000      0.00001       2486.94810   
0.00000   0.00001   0.00000      0.00001       2736.84820   
0.00000   0.00001   0.00000      0.00001       3000.72202   
0.00000   0.00001   0.00000      0.00001       2894.13332   
0.00000   0.00001   0.00000      0.00001       3395.29866   
0.00000   0.00001   0.00000      0.00001       3694.70646   
0.00000   0.00001   0.00000      0.00001       3232.19555   
0.00000   0.00001   0.00000      0.00001       3764.55242   
0.00000   0.00001   0.00000      0.00001       4084.87593   
0.00000   0.00001   0.00000      0.00001       3783.86308   
0.00000   0.00001   0.00000      0.00001       4362.87440   
0.00000   0.00001   0.00000      0.00001       4305.96639   
0.00000   0.00001   0.00000      0.00001       3220.02884   
0.00000   0.00001   0.00000      0.00001       3171.97139   
0.00000   0.00001   0.00000      0.00001       3250.21554   
0.00000   0.00001   0.00000      0.00001       4640.80418   
0.00000   0.00001   0.00000      0.00001       3649.09809   
0.00000   0.00001   0.00000      0.00001       3155.70249   
0.00000   0.00001   0.00000      0.00001       2863.43351   
0.00000   0.00001   0.00000      0.00001       2952.97774   
0.00000   0.00001   0.00000      0.00001       2877.47621   
0.00000   0.00001   0.00000      0.00001       3009.92743   
0.00000   0.00001   0.00000      0.00001       1947.97124   
0.00000   0.00001   0.00000      0.00001       2234.47694   
0.00000   0.00001   0.00000      0.00001       2029.78103   
0.00000   0.00001   0.00000      0.00001       1973.48147   
0.00000   0.00001   0.00000      0.00001       2574.86152   
0.00000   0.00001   0.00000      0.00001       2179.98492   
0.00000   0.00001   0.00000      0.00001       2127.24207   
0.00000   0.00001   0.00000      0.00001       2250.68002   
0.00000   0.00001   0.00000      0.00001       2378.72825   
0.00000   0.00001   0.00000      0.00001       2843.61709   
0.00000   0.00001   0.00000      0.00001       3169.55732   
0.00000   0.00001   0.00000      0.00001       2742.06676   
0.00000   0.00001   0.00000      0.00001       3249.33703   
0.00000   0.00001   0.00000      0.00001       3605.33552   
0.00000   0.00001   0.00000      0.00001       3557.29357   
0.00000   0.00001   0.00000      0.00001       4143.16922   
0.00000   0.00001   0.00000      0.00001       3666.31183   
0.00000   0.00001   0.00000      0.00001       4268.65720   
0.00000   0.00001   0.00000      0.00001       4228.94493   
0.00000   0.00001   0.00000      0.00001       4901.72524   
0.00000   0.00001   0.00000      0.00001       5898.94352   
0.00000   0.00001   0.00000      0.00001       4376.72843   
0.00000   0.00001   0.00000      0.00001       3694.64383   
0.00000   0.00001   0.00000      0.00001       3668.33684   
0.00000   0.00001   0.00000      0.00001       3238.53663   
0.00000   0.00001   0.00000      0.00001       3624.04407   
0.00000   0.00001   0.00000      0.00001       3005.25530   
0.00000   0.00001   0.00000      0.00001       2619.63003   
0.00000   0.00001   0.00000      0.00001       3166.62385   
0.00000   0.00001   0.00000      0.00001       2967.06742   
0.00000   0.00001   0.00000      0.00001       2598.62195   
0.00000   0.00001   0.00000      0.00001       2963.05358   
0.00000   0.00001   0.00000      0.00001       2964.84367   
0.00000   0.00001   0.00000      0.00001       3772.22279   
0.00000   0.00001   0.00000      0.00001       3567.87408   
0.00000   0.00001   0.00000      0.00001       4229.27710   
0.00000   0.00001   0.00000      0.00001       5451.65565   
0.00000   0.00001   0.00000      0.00001       5224.80611   
0.00000   0.00001   0.00000      0.00001       5008.09749   
0.00000   0.00001   0.00000      0.00001       5052.14687   
0.00000   0.00001   0.00000      0.00001       5104.23206   
0.00000   0.00001   0.00000      0.00001       5405.59533   
0.00000   0.00001   0.00000      0.00001       4454.77262   
0.00000   0.00001   0.00000      0.00001       4024.09025   
0.00000   0.00001   0.00000      0.00001       4278.86571   
0.00000   0.00001   0.00000      0.00001       4111.50510   
0.00000   0.00001   0.00000      0.00001       3314.66266   
0.00000   0.00001   0.00000      0.00001       3361.52562   
0.00000   0.00001   0.00000      0.00001       2673.55825   
0.00000   0.00001   0.00000      0.00001       3123.03907   
0.00000   0.00001   0.00000      0.00001       3151.12684   
0.00000   0.00001   0.00000      0.00001       2092.38488   
0.00000   0.00001   0.00000      0.00001       2973.59092   
0.00000   0.00001   0.00000      0.00001       2499.77832   
0.00000   0.00001   0.00000      0.00001       2398.03718   
0.00000   0.00001   0.00000      0.00001       3372.36761   
0.00000   0.00001   0.00000      0.00001       3049.30202   
0.00000   0.00001   0.00000      0.00001       3335.68790   
0.00000   0.00001   0.00000      0.00001       4736.19204   
0.00000   0.00001   0.00000      0.00001       3917.61700   
0.00000   0.00001   0.00000      0.00001       4719.52067   
0.00000   0.00001   0.00000      0.00001       5374.78428   
0.00000   0.00001   0.00000      0.00001       4513.89903   
0.00000   0.00001   0.00000      0.00001       5616.31544   
0.00000   0.00001   0.00000      0.00001       4954.08924   
0.00000   0.00001   0.00000      0.00001       4082.18699   
0.00000   0.00001   0.00000      0.00001       4138.84484   
0.00000   0.00001   0.00000      0.00001       3523.75744   
0.00000   0.00001   0.00000      0.00001       4004.06370   
0.00000   0.00001   0.00000      0.00001       3454.28156   
0.00000   0.00001   0.00000      0.00001       3111.28504   
0.00000   0.00001   0.00000      0.00001       3390.61099   
0.00000   0.00001   0.00000      0.00001       3107.72475   
0.00000   0.00001   0.00000      0.00001       2685.15688   
0.00000   0.00001   0.00000      0.00001       2851.43477   
0.00000   0.00001   0.00000      0.00001       2812.53431   
0.00000   0.00001   0.00000      0.00001       3092.14997   
0.00000   0.00001   0.00000      0.00001       2933.22679   
0.00000   0.00001   0.00000      0.00001       2995.72271   
0.00000   0.00001   0.00000      0.00001       3454.91784   
0.00000   0.00001   0.00000      0.00001       4023.01223   
0.00000   0.00001   0.00000      0.00001       3996.44736   
0.00000   0.00001   0.00000      0.00001       5188.87072   
0.00000   0.00001   0.00000      0.00001       5474.44238   
0.00000   0.00001   0.00000      0.00001       5778.00615   
0.00000   0.00001   0.00000      0.00001       5571.34553   
0.00000   0.00001   0.00000      0.00001       4593.81040   
0.00000   0.00001   0.00000      0.00001       5396.57904   
0.00000   0.00001   0.00000      0.00001       4271.80213   
0.00000   0.00001   0.00000      0.00001       3535.48331   
0.00000   0.00001   0.00000      0.00001       3935.66015   
0.00000   0.00001   0.00000      0.00001       3404.38996   
0.00000   0.00001   0.00000      0.00001       3505.84447   
0.00000   0.00001   0.00000      0.00001       3353.87842   
0.00000   0.00001   0.00000      0.00001       2825.25420   
0.00000   0.00001   0.00000      0.00001       3560.66328   
0.00000   0.00001   0.00000      0.00001       3115.37939   
0.00000   0.00001   0.00000      0.00001       3469.98479   
0.00000   0.00001   0.00000      0.00001       4579.98908   
0.00000   0.00001   0.00000      0.00001       5148.84393   
0.00000   0.00001   0.00000      0.00001       5949.86772   
0.00000   0.00001   0.00000      0.00001       6452.32790   
0.00000   0.00001   0.00000      0.00001       5532.58751   
0.00000   0.00001   0.00000      0.00001       6059.91673   
0.00000   0.00001   0.00000      0.00001       5170.89274   
0.00000   0.00001   0.00000      0.00001       4653.44825   
0.00000   0.00001   0.00000      0.00001       5433.86068   
0.00000   0.00001   0.00000      0.00001       4276.00630   
0.00000   0.00001   0.00000      0.00001       4099.88664   
0.00000   0.00001   0.00000      0.00001       4083.02342   
0.00000   0.00001   0.00000      0.00001       3771.56556   
0.00000   0.00001   0.00000      0.00001       3214.08631   
0.00000   0.00001   0.00000      0.00001       3204.37227   
0.00000   0.00001   0.00000      0.00001       3073.57328   
0.00000   0.00001   0.00000      0.00001       3471.32309   
0.00000   0.00001   0.00000      0.00001       2826.51950   
0.00000   0.00001   0.00000      0.00001       2953.85042   
0.00000   0.00001   0.00000      0.00001       3349.49738   
0.00000   0.00001   0.00000      0.00001       3093.33266   
0.00000   0.00001   0.00000      0.00001       3501.96326   
0.00000   0.00001   0.00000      0.00001       3800.26143   
0.00000   0.00001   0.00000      0.00001       4258.10244   
0.00001   0.00001   0.00000      0.00001       4595.16439   
0.00001   0.00001   0.00000      0.00001       4621.29960   
0.00001   0.00001   0.00000      0.00001       5134.83719   
0.00001   0.00001   0.00000      0.00001       4830.59291   
0.00001   0.00001   0.00000      0.00001       5360.49067   
0.00001   0.00001   0.00000      0.00001       7628.60187   
0.00001   0.00001   0.00000      0.00001       5966.17726   
0.00001   0.00001   0.00000      0.00001       5137.12930   
0.00001   0.00001   0.00000      0.00001       5694.99483   
0.00001   0.00001   0.00000      0.00001       4416.64073   
0.00001   0.00001   0.00000      0.00001       3587.17641   
0.00001   0.00001   0.00000      0.00001       3511.37357   
0.00001   0.00001   0.00000      0.00001       3046.54660   
0.00001   0.00001   0.00000      0.00001       2985.26059   
0.00001   0.00001   0.00000      0.00001       3315.81378   
0.00001   0.00001   0.00000      0.00001       2718.84579   
0.00001   0.00001   0.00000      0.00001       3668.52644   
0.00001   0.00001   0.00000      0.00001       3435.34888   
0.00001   0.00001   0.00000      0.00001       2934.74043   
0.00001   0.00001   0.00000      0.00001       4367.64624   
0.00001   0.00001   0.00000      0.00001       3683.59736   
0.00001   0.00001   0.00000      0.00001       4522.88618   
0.00001   0.00001   0.00000      0.00001       4954.56455   
0.00001   0.00001   0.00000      0.00001       5411.92386   
0.00001   0.00001   0.00000      0.00001       6038.47440   
0.00001   0.00001   0.00000      0.00001       5755.18612   
0.00001   0.00001   0.00000      0.00001       4979.35099   
0.00001   0.00001   0.00000      0.00001       5345.85413   
0.00001   0.00001   0.00000      0.00001       5083.20699   
0.00001   0.00001   0.00000      0.00001       4954.91476   
0.00001   0.00001   0.00000      0.00001       4704.32489   
0.00001   0.00001   0.00000      0.00001       3692.05337   
0.00001   0.00001   0.00000      0.00001       4461.63722   
0.00001   0.00001   0.00000      0.00001       3788.31708   
0.00001   0.00001   0.00000      0.00001       3573.38192   
0.00001   0.00001   0.00000      0.00001       4332.82156   
0.00001   0.00001   0.00000      0.00001       3365.95071   
0.00001   0.00001   0.00000      0.00001       3165.91533   
0.00001   0.00001   0.00000      0.00001       3362.94043   
0.00001   0.00001   0.00000      0.00001       2787.60089   
0.00001   0.00001   0.00000      0.00001       2882.44270   
0.00001   0.00001   0.00000      0.00001       2615.21163   
0.00001   0.00001   0.00000      0.00001       2445.61375   
0.00001   0.00001   0.00000      0.00001       2992.76827   
0.00001   0.00001   0.00000      0.00001       2541.02685   
0.00001   0.00001   0.00000      0.00001       2457.96055   
0.00001   0.00001   0.00000      0.00001       3400.84484   
0.00001   0.00001   0.00000      0.00001       2919.24960   
0.00001   0.00001   0.00000      0.00001       3120.03185   
0.00001   0.00001   0.00000      0.00001       3029.72059   
0.00001   0.00001   0.00000      0.00001       2853.95988   
0.00001   0.00001   0.00000      0.00001       4418.63272   
0.00001   0.00001   0.00000      0.00001       3450.53843   
0.00001   0.00001   0.00000      0.00001       3357.12986   
0.00001   0.00001   0.00000      0.00001       4003.87704   
0.00001   0.00001   0.00000      0.00001       3904.24946   
0.00001   0.00001   0.00000      0.00001       4245.65357   
0.00001   0.00001   0.00000      0.00001       4601.74436   
0.00001   0.00001   0.00000      0.00001       4043.46294   
0.00001   0.00001   0.00000      0.00001       4755.09340   
0.00001   0.00001   0.00000      0.00001       4088.97250   
0.00001   0.00001   0.00000      0.00001       3894.80064   
0.00001   0.00001   0.00000      0.00001       5189.25923   
0.00001   0.00001   0.00000      0.00001       4598.34714   
0.00001   0.00001   0.00000      0.00001       4395.29628   
0.00001   0.00001   0.00000      0.00001       5144.12146   
0.00001   0.00001   0.00000      0.00001       4557.78330   
0.00001   0.00001   0.00000      0.00001       5037.51570   
0.00001   0.00001   0.00000      0.00001       4557.78330   
0.00001   0.00001   0.00000      0.00001       4359.40516   
0.00001   0.00001   0.00000      0.00001       4166.92155   
0.00001   0.00001   0.00000      0.00001       3555.14143   
0.00001   0.00001   0.00000      0.00001       3468.97899   
0.00001   0.00001   0.00000      0.00001       4144.91085   
0.00001   0.00001   0.00000      0.00001       2762.02961   
0.00001   0.00001   0.00000      0.00001       3785.36163   
0.00001   0.00001   0.00000      0.00001       3530.04096   
0.00001   0.00001   0.00000      0.00001       2610.51166   
0.00001   0.00001   0.00000      0.00001       3130.88074   
0.00001   0.00001   0.00000      0.00001       3139.62818   
0.00001   0.00001   0.00000      0.00001       2849.12412   
0.00001   0.00001   0.00000      0.00001       3480.49986   
0.00001   0.00001   0.00000      0.00001       3011.96307   
0.00001   0.00001   0.00000      0.00001       3662.42711   
0.00001   0.00001   0.00000      0.00001       3434.34887   
0.00001   0.00001   0.00000      0.00001       2971.01955   
0.00001   0.00001   0.00000      0.00001       4503.52168   
0.00001   0.00001   0.00000      0.00001       4338.23866   
0.00001   0.00001   0.00000      0.00001       3817.30059   
0.00001   0.00001   0.00000      0.00001       5034.18906   
0.00001   0.00001   0.00000      0.00001       4863.63030   
0.00001   0.00001   0.00000      0.00001       6230.27577   
0.00001   0.00001   0.00000      0.00001       5099.18302   
0.00001   0.00001   0.00000      0.00001       4849.89762   
0.00001   0.00001   0.00000      0.00001       5599.54393   
0.00001   0.00001   0.00000      0.00001       5952.17077   
0.00001   0.00001   0.00000      0.00001       5778.88705   
0.00001   0.00001   0.00000      0.00001       6317.56208   
0.00001   0.00001   0.00000      0.00001       5183.12953   
0.00001   0.00001   0.00000      0.00001       4620.20305   
0.00001   0.00001   0.00000      0.00001       4946.32499   
0.00001   0.00001   0.00000      0.00001       3527.11685   
0.00001   0.00001   0.00000      0.00001       4326.04035   
0.00001   0.00001   0.00000      0.00001       3815.11612   
0.00001   0.00001   0.00000      0.00001       3275.07468   
0.00001   0.00001   0.00000      0.00001       2476.82719   
0.00001   0.00001   0.00000      0.00001       2372.92567   
0.00001   0.00001   0.00000      0.00001       2272.47619   
0.00001   0.00001   0.00000      0.00001       2175.40228   
0.00001   0.00001   0.00000      0.00001       2409.72647   
0.00001   0.00001   0.00000      0.00001       1991.07866   
0.00001   0.00001   0.00000      0.00001       1903.67939   
0.00001   0.00001   0.00000      0.00001       3482.21330   
0.00001   0.00001   0.00000      0.00001       4685.62174   
0.00001   0.00001   0.00000      0.00001       2929.47781   
0.00001   0.00001   0.00000      0.00001       2829.54689   
0.00001   0.00001   0.00000      0.00001       3158.10023   
0.00001   0.00001   0.00000      0.00001       2685.48117   
0.00001   0.00001   0.00000      0.00001       3705.40985   
0.00001   0.00001   0.00000      0.00001       3972.08448   
0.00001   0.00001   0.00000      0.00001       4307.41933   
0.00001   0.00001   0.00000      0.00001       5143.04187   
0.00001   0.00001   0.00000      0.00001       5527.70428   
0.00001   0.00001   0.00000      0.00001       5406.89061   
0.00001   0.00001   0.00000      0.00001       5805.27297   
0.00001   0.00001   0.00000      0.00001       6219.97472   
0.00001   0.00001   0.00000      0.00001       6158.66348   
0.00001   0.00001   0.00000      0.00001       5569.16347   
0.00001   0.00001   0.00000      0.00001       4126.07398   
0.00001   0.00001   0.00000      0.00001       4956.24822   
0.00001   0.00001   0.00000      0.00001       4380.88551   
0.00001   0.00001   0.00000      0.00001       4332.18376   
0.00001   0.00001   0.00000      0.00001       4236.95504   
0.00001   0.00001   0.00000      0.00001       3710.55383   
0.00001   0.00001   0.00000      0.00002       4055.00670   
0.00001   0.00001   0.00000      0.00002       3181.66545   
0.00001   0.00001   0.00000      0.00002       2696.70883   
0.00001   0.00001   0.00000      0.00002       2628.88351   
0.00001   0.00001   0.00000      0.00002       2224.58616   
0.00001   0.00001   0.00000      0.00002       1593.69756   
0.00001   0.00001   0.00000      0.00002       1802.69334   
0.00001   0.00002   0.00000      0.00002       1474.08922   
0.00001   0.00002   0.00000      0.00002       1703.39350   
0.00001   0.00002   0.00000      0.00002       1950.54168   
0.00001   0.00002   0.00000      0.00002       1365.78178   
0.00001   0.00002   0.00000      0.00002       1877.92872   
0.00001   0.00002   0.00000      0.00002       2446.90137   
0.00001   0.00002   0.00000      0.00002       3094.71575   
0.00001   0.00002   0.00000      0.00002       3822.61023   
0.00001   0.00002   0.00000      0.00002       3793.44382   
0.00001   0.00002   0.00000      0.00002       4172.32135   
0.00001   0.00002   0.00000      0.00002       4114.81624   
0.00001   0.00002   0.00000      0.00002       4457.21302   
0.00001   0.00002   0.00000      0.00002       4821.62734   
0.00001   0.00002   0.00000      0.00002       4303.65161   
0.00001   0.00002   0.00000      0.00002       3816.97535   
0.00001   0.00002   0.00000      0.00002       2953.63541   
0.00001   0.00002   0.00000      0.00002       2218.49119   
0.00001   0.00002   0.00000      0.00002       1589.59449   
0.00001   0.00002   0.00000      0.00002       1304.51609   
0.00001   0.00002   0.00000      0.00002       1048.58829   
0.00001   0.00002   0.00000      0.00002       828.72539    
0.00001   0.00002   0.00000      0.00002       634.89660    
0.00001   0.00002   0.00000      0.00002       325.00755    
0.00001   0.00002   0.00000      0.00002       606.34156    
0.00001   0.00002   0.00000      0.00002       601.28562    
0.00001   0.00002   0.00000      0.00002       772.35524    
0.00001   0.00002   0.00000      0.00002       971.21517    
0.00001   0.00002   0.00000      0.00002       1187.36648   
0.00001   0.00002   0.00000      0.00002       1432.10126   
0.00001   0.00002   0.00000      0.00002       1694.21174   
0.00001   0.00002   0.00000      0.00002       2294.34544   
0.00001   0.00002   0.00000      0.00002       2627.28153   
0.00001   0.00002   0.00000      0.00002       2989.24003   
0.00001   0.00002   0.00000      0.00002       3370.47598   
0.00001   0.00002   0.00000      0.00002       3366.40676   
0.00001   0.00002   0.00000      0.00002       3359.68598   
0.00001   0.00002   0.00000      0.00002       3768.14579   
0.00001   0.00002   0.00000      0.00002       3353.15172   
0.00001   0.00002   0.00000      0.00002       2598.77703   
0.00001   0.00002   0.00000      0.00002       1940.40235   
0.00001   0.00002   0.00000      0.00002       1646.35237   
0.00001   0.00002   0.00000      0.00002       1376.57370   
0.00001   0.00002   0.00000      0.00002       1131.63531   
0.00001   0.00002   0.00000      0.00002       1132.69381   
0.00001   0.00002   0.00000      0.00002       913.47069    
0.00001   0.00002   0.00000      0.00002       543.72092    
0.00001   0.00002   0.00000      0.00002       546.39049    
0.00001   0.00002   0.00000      0.00002       399.39024    
0.00001   0.00002   0.00000      0.00002       277.65021    
0.00001   0.00002   0.00000      0.00002       178.99227    
0.00001   0.00002   0.00000      0.00002       182.78989    
0.00001   0.00002   0.00000      0.00002       187.09169    
0.00001   0.00002   0.00000      0.00002       189.43715    
0.00001   0.00002   0.00000      0.00002       303.15943    
0.00001   0.00002   0.00000      0.00002       306.59220    
0.00001   0.00002   0.00000      0.00002       310.19546    
0.00001   0.00002   0.00000      0.00002       453.45830    
0.00001   0.00002   0.00000      0.00002       624.70081    
0.00001   0.00002   0.00000      0.00002       824.30975    
0.00001   0.00002   0.00000      0.00002       1052.67552   
0.00001   0.00002   0.00000      0.00002       848.11606    
0.00001   0.00002   0.00000      0.00002       1332.36735   
0.00001   0.00002   0.00000      0.00002       1368.41764   
0.00001   0.00002   0.00000      0.00002       1394.36695   
0.00001   0.00002   0.00000      0.00002       1159.96892   
0.00001   0.00002   0.00000      0.00002       936.00598    
0.00001   0.00002   0.00000      0.00002       959.13725    
0.00001   0.00002   0.00000      0.00002       778.37662    
0.00001   0.00002   0.00000      0.00002       448.36745    
0.00001   0.00002   0.00000      0.00002       466.34956    
0.00001   0.00002   0.00000      0.00002       485.47812    
0.00001   0.00002   0.00000      0.00002       361.98764    
0.00001   0.00002   0.00000      0.00002       249.54269    
0.00001   0.00002   0.00000      0.00002       164.26394    
0.00001   0.00002   0.00000      0.00002       184.31742    
0.00001   0.00002   0.00000      0.00002       206.71003    
0.00001   0.00002   0.00000      0.00002       131.56969    
0.00001   0.00002   0.00000      0.00002       240.56198    
0.00001   0.00002   0.00000      0.00002       240.56198    
0.00001   0.00002   0.00000      0.00002       382.91882    
0.00001   0.00002   0.00000      0.00002       394.91121    
0.00001   0.00002   0.00000      0.00002       407.27696    
0.00001   0.00002   0.00000      0.00002       589.35865    
0.00001   0.00002   0.00000      0.00002       825.02832    
0.00001   0.00002   0.00000      0.00002       1126.51167   
0.00001   0.00002   0.00000      0.00002       1452.34710   
0.00001   0.00002   0.00000      0.00002       1252.51045   
0.00001   0.00002   0.00000      0.00002       1569.69587   
0.00001   0.00002   0.00000      0.00002       1068.71353   
0.00001   0.00002   0.00000      0.00002       877.13938    
0.00001   0.00002   0.00000      0.00002       924.76491    
0.00001   0.00002   0.00000      0.00002       748.01246    
0.00001   0.00002   0.00000      0.00002       433.90723    
0.00001   0.00002   0.00000      0.00002       631.35613    
0.00001   0.00002   0.00000      0.00002       487.79804    
0.00001   0.00002   0.00000      0.00002       242.93247    
0.00001   0.00002   0.00000      0.00002       270.85574    
0.00001   0.00002   0.00000      0.00002       108.58848    
0.00001   0.00002   0.00000      0.00002       128.40121    
0.00001   0.00002   0.00000      0.00002       69.39190     
0.00001   0.00002   0.00000      0.00002       28.45051     
0.00001   0.00002   0.00000      0.00002       85.94780     
0.00001   0.00002   0.00000      0.00002       104.68101    
0.00001   0.00002   0.00000      0.00002       114.90045    
0.00001   0.00002   0.00000      0.00002       347.37497    
0.00001   0.00002   0.00000      0.00002       245.76077    
0.00001   0.00002   0.00000      0.00002       261.94339    
0.00001   0.00002   0.00000      0.00002       278.81069    
0.00001   0.00002   0.00000      0.00002       296.37855    
0.00001   0.00002   0.00000      0.00002       634.79435    
0.00001   0.00002   0.00000      0.00002       661.95036    
0.00001   0.00002   0.00000      0.00002       718.78963    
0.00001   0.00002   0.00000      0.00002       984.49709    
0.00001   0.00002   0.00000      0.00002       843.06039    
0.00001   0.00002   0.00000      0.00002       876.43781    
0.00001   0.00002   0.00000      0.00002       910.77527    
0.00001   0.00002   0.00000      0.00002       744.98939    
0.00001   0.00002   0.00000      0.00002       625.25294    
0.00001   0.00002   0.00000      0.00002       655.37038    
0.00001   0.00002   0.00000      0.00002       371.42404    
0.00001   0.00002   0.00000      0.00002       289.84029    
0.00001   0.00002   0.00000      0.00002       218.98179    
0.00001   0.00002   0.00000      0.00002       278.68139    
0.00001   0.00002   0.00000      0.00002       210.82921    
0.00001   0.00002   0.00000      0.00002       169.81389    
0.00001   0.00002   0.00000      0.00002       104.78241    
0.00001   0.00002   0.00000      0.00002       119.04677    
0.00001   0.00002   0.00000      0.00002       134.34568    
0.00001   0.00002   0.00000      0.00002       150.70132    
0.00001   0.00002   0.00000      0.00002       206.33393    
0.00001   0.00002   0.00000      0.00002       249.12316    
0.00001   0.00002   0.00000      0.00002       272.29810    
0.00001   0.00002   0.00000      0.00002       458.71322    
0.00001   0.00002   0.00000      0.00002       694.62022    
0.00001   0.00002   0.00000      0.00002       980.67405    
0.00001   0.00002   0.00000      0.00002       1078.05692   
0.00001   0.00002   0.00000      0.00002       1129.03534   
0.00001   0.00002   0.00000      0.00002       1004.15397   
0.00001   0.00002   0.00000      0.00002       796.61037    
0.00001   0.00002   0.00000      0.00002       841.48344    
0.00001   0.00002   0.00000      0.00002       693.47266    
0.00001   0.00002   0.00000      0.00002       735.98842    
0.00001   0.00002   0.00000      0.00002       598.57802    
0.00001   0.00002   0.00000      0.00002       475.59866    
0.00001   0.00002   0.00000      0.00002       366.96111    
0.00001   0.00002   0.00000      0.00002       432.53134    
0.00001   0.00002   0.00000      0.00002       329.87137    
0.00001   0.00002   0.00000      0.00002       393.52876    
0.00001   0.00002   0.00000      0.00002       189.21382    
0.00001   0.00002   0.00000      0.00002       144.02017    
0.00001   0.00002   0.00000      0.00002       105.45484    
0.00001   0.00002   0.00000      0.00002       25.97261     
0.00001   0.00002   0.00000      0.00002       35.79279     
0.00001   0.00002   0.00000      0.00002       47.26390     
0.00001   0.00002   0.00000      0.00002       11.63337     
0.00001   0.00002   0.00000      0.00002       75.28398     
0.00001   0.00002   0.00000      0.00002       37.48069     
0.00001   0.00002   0.00000      0.00002       130.48516    
0.00001   0.00002   0.00000      0.00002       312.80357    
0.00001   0.00002   0.00000      0.00002       383.44766    
0.00001   0.00002   0.00000      0.00002       623.25998    
0.00001   0.00002   0.00000      0.00002       724.05193    
0.00001   0.00002   0.00000      0.00002       596.56006    
0.00001   0.00002   0.00000      0.00002       833.77314    
0.00001   0.00002   0.00000      0.00002       697.14333    
0.00001   0.00002   0.00000      0.00002       573.01923    
0.00001   0.00002   0.00000      0.00002       552.49564    
0.00001   0.00002   0.00000      0.00002       488.07340    
0.00001   0.00002   0.00000      0.00002       386.63453    
0.00001   0.00002   0.00000      0.00002       297.20923    
0.00001   0.00002   0.00000      0.00002       219.70931    
0.00001   0.00002   0.00000      0.00002       181.46065    
0.00001   0.00002   0.00000      0.00002       174.79709    
0.00001   0.00002   0.00000      0.00002       71.68545     
0.00001   0.00002   0.00000      0.00002       51.85853     
0.00001   0.00002   0.00000      0.00002       69.05538     
0.00001   0.00002   0.00000      0.00002       23.48231     
0.00001   0.00002   0.00000      0.00002       35.53075     
0.00001   0.00002   0.00000      0.00002       67.39378     
0.00001   0.00002   0.00000      0.00002       109.89539    
0.00001   0.00002   0.00000      0.00002       135.24338    
0.00001   0.00002   0.00000      0.00002       263.93768    
0.00001   0.00002   0.00000      0.00002       302.93857    
0.00001   0.00002   0.00000      0.00002       228.20170    
0.00001   0.00002   0.00000      0.00002       264.97403    
0.00001   0.00002   0.00000      0.00002       437.65365    
0.00001   0.00002   0.00000      0.00002       488.61367    
0.00001   0.00002   0.00000      0.00002       716.07307    
0.00001   0.00002   0.00000      0.00002       599.89159    
0.00001   0.00002   0.00000      0.00002       442.20129    
0.00001   0.00002   0.00000      0.00002       723.95767    
0.00001   0.00002   0.00000      0.00002       608.06230    
0.00001   0.00002   0.00000      0.00002       669.87500    
0.00001   0.00002   0.00000      0.00002       407.36330    
0.00001   0.00002   0.00000      0.00002       322.38691    
0.00001   0.00002   0.00000      0.00002       247.54410    
0.00001   0.00002   0.00000      0.00002       127.91386    
0.00001   0.00002   0.00000      0.00002       107.67286    
0.00001   0.00002   0.00000      0.00002       167.27802    
0.00001   0.00002   0.00000      0.00002       26.26302     
0.00001   0.00002   0.00000      0.00002       18.23808     
0.00001   0.00002   0.00000      0.00002       4.50061      
0.00001   0.00002   0.00000      0.00002       0.00044      
0.00001   0.00002   0.00000      0.00002       0.00044      
0.00001   0.00002   0.00000      0.00002       4.65178      
0.00001   0.00002   0.00000      0.00002       3.49086      
0.00001   0.00002   0.00000      0.00002       10.39143     
0.00001   0.00002   0.00000      0.00002       21.02698     
0.00001   0.00002   0.00000      0.00002       116.50670    
0.00001   0.00002   0.00000      0.00002       148.25789    
0.00001   0.00002   0.00000      0.00002       102.03266    
0.00001   0.00002   0.00000      0.00002       132.18220    
0.00001   0.00002   0.00000      0.00002       315.89901    
0.00001   0.00002   0.00000      0.00002       368.25772    
0.00001   0.00002   0.00000      0.00002       294.09912    
0.00001   0.00002   0.00000      0.00002       400.67164    
0.00001   0.00002   0.00000      0.00002       460.57026    
0.00001   0.00002   0.00000      0.00002       378.21919    
0.00001   0.00002   0.00000      0.00002       357.46560    
0.00001   0.00002   0.00000      0.00002       180.91681    
0.00001   0.00002   0.00000      0.00002       131.45555    
0.00001   0.00002   0.00000      0.00002       56.49356     
0.00001   0.00002   0.00000      0.00002       110.74242    
0.00001   0.00002   0.00000      0.00002       43.96654     
0.00001   0.00002   0.00000      0.00002       1.51519      
0.00001   0.00002   0.00000      0.00002       18.56856     
0.00001   0.00002   0.00000      0.00002       6.85957      
0.00001   0.00002   0.00000      0.00002       20.55136     
0.00001   0.00002   0.00000      0.00002       1.99432      
0.00001   0.00002   0.00000      0.00002       2.98031      
0.00001   0.00002   0.00000      0.00002       24.17309     
0.00001   0.00002   0.00000      0.00002       42.47040     
0.00001   0.00002   0.00000      0.00002       66.00793     
0.00001   0.00002   0.00000      0.00002       94.85617     
0.00001   0.00002   0.00000      0.00002       129.08613    
0.00001   0.00002   0.00000      0.00002       168.76935    
0.00001   0.00002   0.00000      0.00002       213.97790    
0.00001   0.00002   0.00000      0.00002       164.04730    
0.00001   0.00002   0.00000      0.00002       321.26193    
0.00001   0.00002   0.00000      0.00002       259.81092    
0.00001   0.00002   0.00000      0.00002       205.08888    
0.00001   0.00002   0.00000      0.00002       255.83103    
0.00001   0.00002   0.00000      0.00002       82.20170     
0.00001   0.00002   0.00000      0.00002       53.05147     
0.00001   0.00002   0.00000      0.00002       80.50262     
0.00001   0.00002   0.00000      0.00002       51.90298     
0.00001   0.00002   0.00000      0.00002       2.20314      
0.00001   0.00002   0.00000      0.00002       2.30620      
0.00001   0.00002   0.00000      0.00002       10.60502     
0.00001   0.00002   0.00000      0.00002       0.04774      
0.00001   0.00002   0.00000      0.00002       24.60979     
0.00001   0.00002   0.00000      0.00002       44.46818     
0.00001   0.00002   0.00000      0.00002       9.81332      
0.00001   0.00002   0.00000      0.00002       43.51676     
0.00001   0.00002   0.00000      0.00002       101.22021    
0.00001   0.00002   0.00000      0.00002       42.17728     
0.00001   0.00002   0.00000      0.00002       40.46682     
0.00001   0.00002   0.00000      0.00002       96.53957     
0.00001   0.00002   0.00000      0.00002       64.24524     
0.00001   0.00002   0.00000      0.00002       0.82393      
0.00001   0.00002   0.00000      0.00002       0.85689      
0.00001   0.00002   0.00000      0.00002       7.65554      
0.00001   0.00002   0.00000      0.00002       98.73892     
0.00001   0.00002   0.00000      0.00002       139.27262    
0.00001   0.00002   0.00000      0.00002       186.97478    
0.00001   0.00002   0.00000      0.00002       241.93416    
0.00001   0.00002   0.00000      0.00002       110.55007    
0.00001   0.00002   0.00000      0.00002       117.73144    
0.00001   0.00002   0.00000      0.00002       215.57318    
0.00001   0.00002   0.00000      0.00002       38.66428     
0.00001   0.00002   0.00000      0.00002       7.58429      
0.00001   0.00002   0.00000      0.00002       1.50260      
0.00001   0.00002   0.00000      0.00002       14.12583     
0.00001   0.00002   0.00000      0.00002       0.02359      
0.00001   0.00002   0.00000      0.00002       68.40292     
0.00001   0.00002   0.00000      0.00002       126.30009    
0.00001   0.00002   0.00000      0.00002       114.69288    
0.00001   0.00002   0.00000      0.00002       147.98416    
0.00001   0.00002   0.00000      0.00002       244.26488    
0.00001   0.00002   0.00000      0.00002       185.28920    
0.00001   0.00002   0.00000      0.00002       291.59657    
0.00001   0.00002   0.00000      0.00002       342.81373    
0.00001   0.00002   0.00000      0.00002       208.52619    
0.00001   0.00002   0.00000      0.00002       251.37398    
0.00001   0.00002   0.00000      0.00002       106.76365    
0.00001   0.00002   0.00000      0.00002       68.33234     
0.00001   0.00002   0.00000      0.00002       38.33742     
0.00001   0.00002   0.00000      0.00002       4.07032      
0.00001   0.00002   0.00000      0.00002       0.00675      
0.00001   0.00002   0.00000      0.00002       4.79678      
0.00001   0.00002   0.00000      0.00002       18.54656     
0.00001   0.00002   0.00000      0.00002       97.92108     
0.00001   0.00002   0.00000      0.00002       144.69151    
0.00001   0.00002   0.00000      0.00002       26.01587     
0.00001   0.00002   0.00000      0.00002       88.21907     
0.00001   0.00002   0.00000      0.00002       1.34303      
0.00001   0.00002   0.00000      0.00002       0.01905      
0.00001   0.00002   0.00000      0.00002       12.97518     
0.00001   0.00002   0.00000      0.00002       2.03453      
0.00001   0.00002   0.00000      0.00002       38.07236     
0.00001   0.00002   0.00000      0.00002       15.81986     
0.00001   0.00002   0.00000      0.00002       27.45831     
0.00001   0.00002   0.00000      0.00002       99.16592     
0.00001   0.00002   0.00000      0.00002       80.57352     
0.00001   0.00002   0.00000      0.00002       130.50244    
0.00001   0.00002   0.00000      0.00002       107.58501    
0.00001   0.00002   0.00000      0.00002       133.76155    
0.00001   0.00002   0.00000      0.00002       162.56193    
0.00001   0.00002   0.00000      0.00002       193.92325    
0.00001   0.00002   0.00000      0.00002       135.21916    
0.00001   0.00002   0.00000      0.00002       227.78292    
0.00001   0.00002   0.00000      0.00002       86.90513     
0.00001   0.00002   0.00000      0.00002       49.10305     
0.00001   0.00002   0.00000      0.00002       21.93565     
0.00001   0.00002   0.00000      0.00002       66.38424     
0.00001   0.00002   0.00000      0.00002       33.81371     
0.00001   0.00002   0.00000      0.00002       0.00009      
0.00001   0.00002   0.00000      0.00002       1.26070      
0.00001   0.00002   0.00000      0.00002       1.52939      
0.00001   0.00002   0.00000      0.00002       1.52939      
0.00001   0.00002   0.00000      0.00002       0.01989      
0.00001   0.00002   0.00000      0.00002       24.05883     
0.00001   0.00002   0.00000      0.00002       0.13860      
0.00001   0.00002   0.00000      0.00002       9.55932      
0.00001   0.00002   0.00000      0.00002       9.55932      
0.00001   0.00002   0.00000      0.00002       57.99511     
0.00001   0.00002   0.00000      0.00002       94.23107     
0.00001   0.00002   0.00000      0.00002       68.86518     
0.00001   0.00002   0.00000      0.00002       106.44448    
0.00001   0.00002   0.00000      0.00002       151.26691    
0.00001   0.00002   0.00000      0.00002       280.23549    
0.00001   0.00002   0.00000      0.00002       606.94441    
0.00001   0.00002   0.00000      0.00002       489.76576    
0.00001   0.00002   0.00000      0.00002       532.67950    
0.00001   0.00002   0.00000      0.00002       461.65333    
0.00001   0.00002   0.00000      0.00002       358.84278    
0.00001   0.00002   0.00000      0.00002       268.65740    
0.00001   0.00002   0.00000      0.00002       126.73655    
0.00001   0.00002   0.00000      0.00002       27.17456     
0.00001   0.00002   0.00000      0.00002       37.04944     
0.00001   0.00002   0.00000      0.00002       12.15997     
0.00001   0.00002   0.00000      0.00002       27.09238     
0.00001   0.00002   0.00000      0.00002       19.09090     
0.00001   0.00002   0.00000      0.00002       6.54792      
0.00001   0.00002   0.00000      0.00002       0.00626      
0.00001   0.00002   0.00000      0.00002       0.54376      
0.00001   0.00002   0.00000      0.00002       25.08356     
0.00001   0.00002   0.00000      0.00002       33.70412     
0.00001   0.00002   0.00000      0.00002       85.92597     
0.00001   0.00002   0.00000      0.00002       101.14544    
0.00001   0.00002   0.00000      0.00002       204.46074    
0.00001   0.00002   0.00000      0.00002       227.01460    
0.00001   0.00002   0.00000      0.00002       171.86279    
0.00001   0.00002   0.00000      0.00002       431.66367    
0.00001   0.00002   0.00000      0.00002       462.48026    
0.00001   0.00002   0.00000      0.00002       379.05502    
0.00001   0.00002   0.00000      0.00002       558.50146    
0.00001   0.00002   0.00000      0.00002       435.04806    
0.00001   0.00002   0.00000      0.00002       625.06144    
0.00001   0.00002   0.00000      0.00002       658.97847    
0.00001   0.00002   0.00000      0.00002       522.84588    
0.00001   0.00002   0.00000      0.00002       522.84588    
0.00001   0.00002   0.00000      0.00002       402.04455    
0.00001   0.00002   0.00000      0.00002       296.74292    
0.00001   0.00002   0.00000      0.00002       207.11056    
0.00001   0.00002   0.00000      0.00002       133.31821    
0.00001   0.00002   0.00000      0.00002       147.75247    
0.00001   0.00002   0.00000      0.00002       86.30595     
0.00001   0.00002   0.00000      0.00002       162.66965    
0.00001   0.00002   0.00000      0.00002       162.66965    
0.00001   0.00002   0.00000      0.00002       364.18190    
0.00001   0.00002   0.00000      0.00002       364.18190    
0.00001   0.00002   0.00000      0.00002       364.18190    
0.00001   0.00002   0.00000      0.00002       364.18190    
0.00001   0.00002   0.00000      0.00002       364.18190    
0.00001   0.00002   0.00000      0.00002       178.03264    
0.00001   0.00002   0.00000      0.00002       121.56290    
0.00001   0.00002   0.00000      0.00002       134.17962    
0.00001   0.00002   0.00000      0.00002       147.16995    
0.00001   0.00002   0.00000      0.00002       384.04413    
0.00001   0.00002   0.00000      0.00002       277.55910    
0.00001   0.00002   0.00000      0.00002       295.04681    
0.00001   0.00002   0.00000      0.00002       581.05729    
0.00001   0.00002   0.00000      0.00002       447.21608    
0.00001   0.00002   0.00000      0.00002       630.39410    
0.00001   0.00002   0.00000      0.00002       816.34500    
0.00001   0.00002   0.00000      0.00002       655.01692    
0.00001   0.00002   0.00000      0.00002       1088.78273   
0.00001   0.00002   0.00000      0.00002       899.84073    
0.00001   0.00002   0.00000      0.00002       899.84073    
0.00001   0.00002   0.00000      0.00002       954.52082    
0.00001   0.00002   0.00000      0.00002       2041.67621   
0.00001   0.00002   0.00000      0.00002       2408.02466   
0.00001   0.00002   0.00000      0.00002       2803.46412   
0.00001   0.00002   0.00000      0.00002       3633.35896   
0.00001   0.00002   0.00000      0.00002       2603.57630   
0.00001   0.00002   0.00000      0.00002       2676.17951   
0.00001   0.00002   0.00000      0.00002       3440.99641   
0.00001   0.00002   0.00000      0.00002       4389.28085   
0.00001   0.00002   0.00000      0.00002       5401.56440   
0.00001   0.00002   0.00000      0.00002       4511.20444   
0.00001   0.00002   0.00000      0.00002       3695.66933   
0.00001   0.00002   0.00000      0.00002       3316.47448   
0.00001   0.00002   0.00000      0.00002       2956.60472   
0.00001   0.00002   0.00000      0.00002       2616.26925   
0.00001   0.00002   0.00000      0.00002       1975.72604   
0.00001   0.00002   0.00000      0.00002       1697.59056   
0.00001   0.00002   0.00000      0.00002       1697.59056   
0.00001   0.00002   0.00000      0.00002       974.04943    
0.00001   0.00002   0.00000      0.00002       985.53073    
0.00001   0.00002   0.00000      0.00002       606.99033    
0.00001   0.00002   0.00000      0.00002       319.33585    
0.00001   0.00002   0.00000      0.00002       455.14263    
0.00001   0.00002   0.00000      0.00002       211.86630    
0.00001   0.00002   0.00000      0.00002       215.91708    
0.00001   0.00002   0.00000      0.00002       131.63144    
0.00001   0.00002   0.00000      0.00002       21.61677     
0.00001   0.00002   0.00000      0.00002       23.27324     
0.00001   0.00002   0.00000      0.00002       23.27324     
0.00001   0.00002   0.00000      0.00002       23.95627     
0.00001   0.00002   0.00000      0.00002       25.00642     
0.00001   0.00002   0.00000      0.00002       3.57880      
0.00001   0.00002   0.00000      0.00002       72.67166     
0.00001   0.00002   0.00000      0.00002       144.03649    
0.00001   0.00002   0.00000      0.00002       72.90524     
0.00001   0.00002   0.00000      0.00002       239.21756    
0.00001   0.00002   0.00000      0.00002       358.37372    
0.00001   0.00002   0.00000      0.00002       238.88964    
0.00001   0.00002   0.00000      0.00002       859.22041    
0.00001   0.00002   0.00000      0.00002       666.98661    
0.00001   0.00002   0.00000      0.00002       498.53981    
0.00001   0.00002   0.00000      0.00002       665.23277    
0.00001   0.00002   0.00000      0.00002       853.25333    
0.00001   0.00002   0.00000      0.00002       1059.36417   
0.00001   0.00002   0.00000      0.00002       647.48185    
0.00001   0.00002   0.00000      0.00002       2459.12519   
0.00001   0.00002   0.00000      0.00002       6504.38427   
0.00001   0.00002   0.00000      0.00002       4898.34370   
0.00001   0.00002   0.00000      0.00002       7622.80497   
0.00001   0.00002   0.00000      0.00002       8212.01089   
0.00001   0.00002   0.00000      0.00002       6410.11239   
0.00001   0.00002   0.00000      0.00002       10134.66246  
0.00001   0.00002   0.00000      0.00002       13073.32623  
0.00001   0.00002   0.00000      0.00002       12293.16485  
0.00001   0.00002   0.00000      0.00002       13877.48762  
0.00001   0.00002   0.00000      0.00002       13027.41519  
0.00001   0.00002   0.00000      0.00002       12978.81515  
0.00001   0.00002   0.00000      0.00002       13727.26656  
0.00001   0.00002   0.00000      0.00002       10672.33867  
0.00001   0.00002   0.00000      0.00002       11349.40990  
0.00001   0.00002   0.00000      0.00002       9871.54575   
0.00001   0.00002   0.00000      0.00002       8494.46390   
0.00001   0.00002   0.00000      0.00002       9145.00463   
0.00001   0.00002   0.00000      0.00002       7218.68877   
0.00001   0.00002   0.00000      0.00002       6595.40128   
0.00001   0.00002   0.00000      0.00002       5473.75180   
0.00001   0.00002   0.00000      0.00002       4496.58823   
0.00001   0.00002   0.00000      0.00002       4454.91270   
0.00001   0.00002   0.00000      0.00002       2727.80906   
0.00001   0.00002   0.00000      0.00002       2020.62313   
0.00001   0.00002   0.00000      0.00002       1418.40487   
0.00001   0.00002   0.00000      0.00002       921.70059    
0.00001   0.00002   0.00000      0.00002       531.05946    
0.00001   0.00002   0.00000      0.00002       531.05946    
0.00001   0.00002   0.00000      0.00002       150.14085    
0.00001   0.00002   0.00000      0.00002       70.17756     
0.00001   0.00002   0.00000      0.00002       70.17756     
0.00001   0.00002   0.00000      0.00002       70.17756     
0.00001   0.00002   0.00000      0.00002       1.04942      
0.00001   0.00002   0.00000      0.00002       96.14227     
0.00001   0.00002   0.00000      0.00002       188.22210    
0.00001   0.00002   0.00000      0.00002       445.65301    
0.00001   0.00002   0.00000      0.00002       603.91081    
0.00001   0.00002   0.00000      0.00002       813.07194    
0.00001   0.00002   0.00000      0.00002       1291.05133   
0.00001   0.00002   0.00000      0.00002       2192.57964   
0.00001   0.00002   0.00000      0.00002       2580.99617   
0.00001   0.00002   0.00000      0.00002       2944.97318   
0.00001   0.00002   0.00000      0.00002       3332.95019   
0.00001   0.00002   0.00000      0.00002       3394.12148   
0.00001   0.00002   0.00000      0.00002       4320.12702   
0.00001   0.00002   0.00000      0.00002       4320.12702   
0.00001   0.00002   0.00000      0.00002       5359.60033   
0.00001   0.00002   0.00000      0.00002       5878.80918   
0.00001   0.00002   0.00000      0.00002       6513.13202   
0.00001   0.00002   0.00000      0.00002       9164.74847   
0.00001   0.00002   0.00000      0.00002       9164.74847   
0.00001   0.00002   0.00000      0.00002       10664.02999  
0.00001   0.00002   0.00000      0.00002       12142.93661  
0.00001   0.00002   0.00000      0.00002       10664.02999  
0.00001   0.00002   0.00000      0.00002       10664.02999  
0.00001   0.00002   0.00000      0.00002       12142.93661  
0.00001   0.00002   0.00000      0.00002       10664.02999  
0.00001   0.00002   0.00000      0.00002       10664.02999  
0.00001   0.00002   0.00000      0.00002       11391.48330  
0.00001   0.00002   0.00000      0.00002       10664.02999  
0.00001   0.00002   0.00000      0.00002       10664.02999  
0.00001   0.00002   0.00000      0.00002       10664.02999  
0.00001   0.00002   0.00000      0.00002       10664.02999  
0.00001   0.00002   0.00000      0.00002       12142.93661  
0.00001   0.00002   0.00000      0.00002       10664.02999  
0.00001   0.00002   0.00000      0.00002       10664.02999  
0.00001   0.00002   0.00000      0.00002       10664.02999  
0.00001   0.00002   0.00000      0.00002       10664.02999  
0.00001   0.00002   0.00000      0.00002       10664.02999  
0.00001   0.00002   0.00000      0.00002       10664.02999  
0.00001   0.00002   0.00000      0.00002       10664.02999  
0.00001   0.00002   0.00000      0.00002       10664.02999  
0.00001   0.00002   0.00000      0.00002       10664.02999  
0.00001   0.00002   0.00000      0.00002       10664.02999  
0.00001   0.00002   0.00000      0.00002       11391.48330  
0.00001   0.00002   0.00000      0.00002       10664.02999  
0.00001   0.00002   0.00000      0.00002       10664.02999  
0.00001   0.00002   0.00000      0.00002       10664.02999  
0.00001   0.00002   0.00000      0.00002       10664.02999  
0.00001   0.00002   0.00000      0.00002       10664.02999  
0.00001   0.00002   0.00000      0.00002       10664.02999  
0.00001   0.00002   0.00000      0.00002       9164.74847   
0.00001   0.00002   0.00000      0.00002       9164.74847   
0.00001   0.00002   0.00000      0.00002       10664.02999  
0.00001   0.00002   0.00000      0.00002       9164.74847   
0.00001   0.00002   0.00000      0.00002       9164.74847   
0.00001   0.00002   0.00000      0.00002       9164.74847   
0.00001   0.00002   0.00000      0.00002       9164.74847   
0.00001   0.00002   0.00000      0.00002       9164.74847   
0.00001   0.00002   0.00000      0.00002       9164.74847   
0.00001   0.00002   0.00000      0.00002       9164.74847   
0.00001   0.00002   0.00000      0.00002       9164.74847   
0.00001   0.00002   0.00000      0.00002       9164.74847   
0.00001   0.00002   0.00000      0.00002       9164.74847   
0.00001   0.00002   0.00000      0.00002       9164.74847   
0.00001   0.00002   0.00000      0.00002       9164.74847   
0.00001   0.00002   0.00000      0.00002       9164.74847   
0.00001   0.00002   0.00000      0.00002       9164.74847   
0.00001   0.00002   0.00000      0.00002       9164.74847   
0.00001   0.00002   0.00000      0.00002       9164.74847   
0.00001   0.00002   0.00000      0.00002       9164.74847   
0.00001   0.00002   0.00000      0.00002       9164.74847   
0.00001   0.00002   0.00000      0.00002       9164.74847   

Gradi di liberta = 2506
Chi-quadro = 8632717.246346802
p-value = 0.0
Errore a posteriori = 0.00000

Test ipotesi funzione costante_______________________________
Gradi di Liberta' = 2506
t = 1671.866451202852
p-value = 0.0

Test ipotesi compatibilità misure____________________________
x         y         sy           y_media_p     Chi-quadro   
0.00001   0.00002   0.00000      0.00002       8289809.76898
0.00001   0.00002   0.00000      0.00002       8389848.28572
0.00001   0.00002   0.00000      0.00002       8409927.98907
0.00001   0.00002   0.00000      0.00002       8289809.76898
0.00001   0.00002   0.00000      0.00002       8289809.76898
0.00001   0.00002   0.00000      0.00002       8269874.06563
0.00001   0.00002   0.00000      0.00002       8289809.76898
0.00001   0.00002   0.00000      0.00002       8289809.76898
0.00001   0.00002   0.00000      0.00002       8309769.47233
0.00001   0.00002   0.00000      0.00002       8309769.47233
0.00001   0.00002   0.00000      0.00002       8130996.14218
0.00001   0.00002   0.00000      0.00002       8150763.84553
0.00001   0.00002   0.00000      0.00002       8289809.76898
0.00001   0.00002   0.00000      0.00002       8170555.54888
0.00001   0.00002   0.00000      0.00002       8230074.65893
0.00001   0.00002   0.00000      0.00002       8289809.76898
0.00001   0.00002   0.00000      0.00002       8190371.25223
0.00001   0.00002   0.00000      0.00002       8269874.06563
0.00001   0.00002   0.00000      0.00002       8230074.65893
0.00001   0.00002   0.00000      0.00002       8210210.95558
0.00001   0.00002   0.00000      0.00002       8309769.47233
0.00001   0.00002   0.00000      0.00002       8170555.54888
0.00001   0.00002   0.00000      0.00002       8230074.65893
0.00001   0.00002   0.00000      0.00002       8289809.76898
0.00001   0.00002   0.00000      0.00002       8210210.95558
0.00001   0.00002   0.00000      0.00002       8289809.76898
0.00001   0.00002   0.00000      0.00002       8230074.65893
0.00001   0.00002   0.00000      0.00002       8170555.54888
0.00001   0.00002   0.00000      0.00002       8269874.06563
0.00001   0.00002   0.00000      0.00002       8190371.25223
0.00001   0.00002   0.00000      0.00002       8230074.65893
0.00001   0.00002   0.00000      0.00002       8269874.06563
0.00001   0.00002   0.00000      0.00002       8210210.95558
0.00001   0.00002   0.00000      0.00002       8269874.06563
0.00001   0.00002   0.00000      0.00002       8269874.06563
0.00001   0.00002   0.00000      0.00002       8210210.95558
0.00001   0.00002   0.00000      0.00002       8289809.76898
0.00001   0.00002   0.00000      0.00002       8210210.95558
0.00001   0.00002   0.00000      0.00002       8230074.65893
0.00001   0.00002   0.00000      0.00002       8289809.76898
0.00001   0.00002   0.00000      0.00002       8210210.95558
0.00001   0.00002   0.00000      0.00002       8269874.06563
0.00001   0.00002   0.00000      0.00002       8269874.06563
0.00001   0.00002   0.00000      0.00002       8230074.65893
0.00001   0.00002   0.00000      0.00002       8309769.47233
0.00001   0.00002   0.00000      0.00002       8190371.25223
0.00001   0.00002   0.00000      0.00002       8249962.36228
0.00001   0.00002   0.00000      0.00002       8289809.76898
0.00001   0.00002   0.00000      0.00002       8230074.65893
0.00001   0.00002   0.00000      0.00002       8269874.06563
0.00001   0.00002   0.00000      0.00002       8249962.36228
0.00001   0.00002   0.00000      0.00002       8190371.25223
0.00001   0.00002   0.00000      0.00002       8289809.76898
0.00001   0.00002   0.00000      0.00002       8210210.95558
0.00001   0.00002   0.00000      0.00002       8289809.76898
0.00001   0.00002   0.00000      0.00002       8289809.76898
0.00001   0.00002   0.00000      0.00002       8210210.95558
0.00001   0.00002   0.00000      0.00002       8269874.06563
0.00001   0.00002   0.00000      0.00002       8249962.36228
0.00001   0.00002   0.00000      0.00002       8230074.65893
0.00001   0.00002   0.00000      0.00002       8269874.06563
0.00001   0.00002   0.00000      0.00002       8210210.95558
0.00001   0.00002   0.00000      0.00002       8249962.36228
0.00001   0.00002   0.00000      0.00002       8329753.17568
0.00001   0.00002   0.00000      0.00002       8210210.95558
0.00001   0.00002   0.00000      0.00002       8269874.06563
0.00001   0.00002   0.00000      0.00002       8289809.76898
0.00001   0.00002   0.00000      0.00002       8249962.36228
0.00001   0.00002   0.00000      0.00002       8289809.76898
0.00001   0.00002   0.00000      0.00002       8230074.65893
0.00001   0.00002   0.00000      0.00002       8269874.06563
0.00001   0.00002   0.00000      0.00002       8289809.76898
0.00001   0.00002   0.00000      0.00002       8210210.95558
0.00001   0.00002   0.00000      0.00002       8289809.76898
0.00001   0.00002   0.00000      0.00002       8269874.06563
0.00001   0.00002   0.00000      0.00002       8210210.95558
0.00001   0.00002   0.00000      0.00002       8309769.47233
0.00001   0.00002   0.00000      0.00002       8190371.25223
0.00001   0.00002   0.00000      0.00002       8269874.06563
0.00001   0.00002   0.00000      0.00002       8289809.76898
0.00001   0.00002   0.00000      0.00002       8190371.25223
0.00001   0.00002   0.00000      0.00002       8309769.47233
0.00001   0.00002   0.00000      0.00002       8289809.76898
0.00001   0.00002   0.00000      0.00002       8230074.65893
0.00001   0.00002   0.00000      0.00002       8309769.47233
0.00001   0.00002   0.00000      0.00002       8249962.36228
0.00001   0.00002   0.00000      0.00002       8269874.06563
0.00001   0.00002   0.00000      0.00002       8349760.87903
0.00001   0.00002   0.00000      0.00002       8210210.95558
0.00001   0.00002   0.00000      0.00002       8309769.47233
0.00001   0.00002   0.00000      0.00002       8289809.76898
0.00001   0.00002   0.00000      0.00002       8230074.65893
0.00001   0.00002   0.00000      0.00002       8329753.17568
0.00001   0.00002   0.00000      0.00002       8249962.36228
0.00001   0.00002   0.00000      0.00002       8269874.06563
0.00001   0.00002   0.00000      0.00002       8289809.76898
0.00001   0.00002   0.00000      0.00002       8230074.65893
0.00001   0.00002   0.00000      0.00002       8309769.47233
0.00001   0.00002   0.00000      0.00002       8289809.76898
0.00001   0.00002   0.00000      0.00002       8230074.65893
0.00001   0.00002   0.00000      0.00002       8309769.47233
0.00001   0.00002   0.00000      0.00002       8249962.36228
0.00001   0.00002   0.00000      0.00002       8269874.06563
0.00001   0.00002   0.00000      0.00002       8309769.47233
0.00001   0.00002   0.00000      0.00002       8210210.95558
0.00001   0.00002   0.00000      0.00002       8289809.76898
0.00001   0.00002   0.00000      0.00002       8289809.76898
0.00001   0.00002   0.00000      0.00002       8230074.65893
0.00001   0.00002   0.00000      0.00002       8289809.76898
0.00001   0.00002   0.00000      0.00002       8289809.76898
0.00001   0.00002   0.00000      0.00002       8309769.47233
0.00001   0.00002   0.00000      0.00002       8289809.76898
0.00001   0.00002   0.00000      0.00002       8309769.47233
0.00001   0.00002   0.00000      0.00002       8289809.76898
0.00001   0.00002   0.00000      0.00002       8289809.76898
0.00001   0.00002   0.00000      0.00002       8249962.36228
0.00001   0.00002   0.00000      0.00002       8230074.65893
0.00001   0.00002   0.00000      0.00002       7895655.70199
0.00001   0.00002   0.00000      0.00002       7993294.21874
0.00001   0.00002   0.00000      0.00002       8032517.62544
0.00001   0.00002   0.00000      0.00002       7876199.99864
0.00001   0.00002   0.00000      0.00002       7895655.70199
0.00001   0.00002   0.00000      0.00002       7895655.70199
0.00001   0.00002   0.00000      0.00002       7663771.26180
0.00001   0.00002   0.00000      0.00002       7682962.96515
0.00001   0.00002   0.00000      0.00002       7587244.44840
0.00001   0.00002   0.00000      0.00002       7511101.63501
0.00001   0.00002   0.00000      0.00002       7511101.63501
0.00001   0.00002   0.00000      0.00002       7435342.82161
0.00001   0.00002   0.00000      0.00002       7435342.82161
0.00001   0.00002   0.00000      0.00002       7416463.11826
0.00001   0.00002   0.00000      0.00002       7378775.71156
0.00001   0.00002   0.00000      0.00002       7378775.71156
0.00001   0.00002   0.00000      0.00002       7341184.30486
0.00001   0.00002   0.00000      0.00002       7266289.49147
0.00001   0.00002   0.00000      0.00002       7284977.19482
0.00001   0.00002   0.00000      0.00002       7191778.67807
0.00001   0.00002   0.00000      0.00002       7191778.67807
0.00001   0.00002   0.00000      0.00002       7173210.97472
0.00001   0.00002   0.00000      0.00002       7099180.16132
0.00001   0.00002   0.00000      0.00002       7099180.16132
0.00001   0.00002   0.00000      0.00002       7025533.34793
0.00001   0.00002   0.00000      0.00002       6988853.94123
0.00001   0.00002   0.00000      0.00002       6988853.94123
0.00001   0.00002   0.00000      0.00002       6934014.83118
0.00001   0.00002   0.00000      0.00002       6952270.53453
0.00001   0.00002   0.00000      0.00002       6934014.83118
0.00001   0.00002   0.00000      0.00002       6879391.72113
0.00001   0.00002   0.00000      0.00002       6897575.42448
0.00001   0.00002   0.00000      0.00002       6861232.01778
0.00001   0.00002   0.00000      0.00002       6843096.31443
0.00001   0.00002   0.00000      0.00002       6843096.31443
0.00001   0.00002   0.00000      0.00002       6770793.50104
0.00001   0.00002   0.00000      0.00002       6770793.50104
0.00001   0.00002   0.00000      0.00002       6770793.50104
0.00001   0.00002   0.00000      0.00002       6752777.79769
0.00001   0.00002   0.00000      0.00002       6770793.50104
0.00001   0.00002   0.00000      0.00002       6752777.79769
0.00001   0.00002   0.00000      0.00002       6698874.68764
0.00001   0.00002   0.00000      0.00002       6734786.09434
0.00001   0.00002   0.00000      0.00002       6645187.57759
0.00001   0.00002   0.00000      0.00002       6645187.57759
0.00001   0.00002   0.00000      0.00002       6663059.28094
0.00001   0.00002   0.00000      0.00002       6627339.87424
0.00001   0.00002   0.00000      0.00002       6627339.87424
0.00001   0.00002   0.00000      0.00002       6627339.87424
0.00001   0.00002   0.00000      0.00002       6609516.17089
0.00001   0.00002   0.00000      0.00002       6627339.87424
0.00001   0.00002   0.00000      0.00002       6609516.17089
0.00001   0.00002   0.00000      0.00002       6609516.17089
0.00001   0.00002   0.00000      0.00002       6609516.17089
0.00001   0.00002   0.00000      0.00002       6591716.46754
0.00001   0.00002   0.00000      0.00002       6591716.46754
0.00001   0.00002   0.00000      0.00002       6591716.46754
0.00001   0.00002   0.00000      0.00002       6573940.76419
0.00001   0.00002   0.00000      0.00002       6573940.76419
0.00001   0.00002   0.00000      0.00002       6573940.76419
0.00001   0.00002   0.00000      0.00002       6573940.76419
0.00001   0.00002   0.00000      0.00002       6556189.06084
0.00001   0.00002   0.00000      0.00002       6556189.06084
0.00001   0.00002   0.00000      0.00002       6556189.06084
0.00001   0.00002   0.00000      0.00002       6538461.35750
0.00001   0.00002   0.00000      0.00002       6538461.35750
0.00001   0.00002   0.00000      0.00002       6538461.35750
0.00001   0.00002   0.00000      0.00002       6503077.95080
0.00001   0.00002   0.00000      0.00002       6503077.95080
0.00001   0.00002   0.00000      0.00002       6503077.95080
0.00001   0.00002   0.00000      0.00002       6485422.24745
0.00001   0.00002   0.00000      0.00002       6485422.24745
0.00001   0.00002   0.00000      0.00002       6467790.54410
0.00001   0.00002   0.00000      0.00002       6467790.54410
0.00001   0.00002   0.00000      0.00002       6467790.54410
0.00001   0.00002   0.00000      0.00002       6450182.84075
0.00001   0.00002   0.00000      0.00002       6432599.13740
0.00001   0.00002   0.00000      0.00002       6432599.13740
0.00001   0.00002   0.00000      0.00002       6397503.73070
0.00001   0.00002   0.00000      0.00002       6379992.02735
0.00001   0.00002   0.00000      0.00002       6379992.02735
0.00001   0.00002   0.00000      0.00002       6379992.02735
0.00001   0.00002   0.00000      0.00002       6379992.02735
0.00001   0.00002   0.00000      0.00002       6362504.32400
0.00001   0.00002   0.00000      0.00002       6327600.91730
0.00001   0.00002   0.00000      0.00002       6310185.21395
0.00001   0.00002   0.00000      0.00002       6240762.40056
0.00001   0.00002   0.00000      0.00002       6223466.69721
0.00001   0.00002   0.00000      0.00002       6188947.29051
0.00001   0.00002   0.00000      0.00002       6154523.88381
0.00001   0.00002   0.00000      0.00002       6137348.18046
0.00001   0.00002   0.00000      0.00002       6103068.77376
0.00001   0.00002   0.00000      0.00002       6068885.36706
0.00001   0.00002   0.00000      0.00002       6034797.96037
0.00001   0.00002   0.00000      0.00002       5983846.85032
0.00001   0.00002   0.00000      0.00002       5966911.14697
0.00001   0.00002   0.00000      0.00002       5933111.74027
0.00001   0.00002   0.00000      0.00002       5899408.33357
0.00001   0.00002   0.00000      0.00002       5865800.92687
0.00001   0.00002   0.00000      0.00002       5815569.81683
0.00001   0.00002   0.00000      0.00002       5798874.11348
0.00001   0.00002   0.00000      0.00002       5782202.41013
0.00001   0.00002   0.00000      0.00002       5765554.70678
0.00001   0.00002   0.00000      0.00002       5748931.00343
0.00001   0.00002   0.00000      0.00002       5732331.30008
0.00001   0.00002   0.00000      0.00002       5715755.59673
0.00001   0.00002   0.00000      0.00002       5682676.19003
0.00001   0.00002   0.00000      0.00002       5633237.07998
0.00001   0.00002   0.00000      0.00002       5616805.37663
0.00001   0.00002   0.00000      0.00002       5600397.67328
0.00001   0.00002   0.00000      0.00002       5567654.26659
0.00001   0.00002   0.00000      0.00002       5567654.26659
0.00001   0.00002   0.00000      0.00002       5551318.56324
0.00001   0.00002   0.00000      0.00002       5518719.15654
0.00001   0.00002   0.00000      0.00002       5502455.45319
0.00001   0.00002   0.00000      0.00002       5486215.74984
0.00001   0.00002   0.00000      0.00002       5470000.04649
0.00001   0.00002   0.00000      0.00002       5453808.34314
0.00001   0.00002   0.00000      0.00002       5405377.23309
0.00001   0.00002   0.00000      0.00002       5389281.52974
0.00001   0.00002   0.00000      0.00002       5373209.82639
0.00001   0.00002   0.00000      0.00002       5357162.12305
0.00001   0.00002   0.00000      0.00002       5357162.12305
0.00001   0.00002   0.00000      0.00002       5341138.41970
0.00001   0.00002   0.00000      0.00002       5325138.71635
0.00001   0.00002   0.00000      0.00002       5309163.01300
0.00001   0.00002   0.00000      0.00002       5293211.30965
0.00001   0.00002   0.00000      0.00002       5293211.30965
0.00001   0.00002   0.00000      0.00002       5293211.30965
0.00001   0.00002   0.00000      0.00002       5277283.60630
0.00001   0.00002   0.00000      0.00002       5277283.60630
0.00001   0.00002   0.00000      0.00002       5245500.19960
0.00001   0.00002   0.00000      0.00002       5229644.49625
0.00001   0.00002   0.00000      0.00002       5213812.79290
0.00001   0.00002   0.00000      0.00002       5182221.38620
0.00001   0.00002   0.00000      0.00002       5166461.68285
0.00001   0.00002   0.00000      0.00002       5150725.97950
0.00001   0.00002   0.00000      0.00002       5135014.27616
0.00001   0.00002   0.00000      0.00002       5103662.86946
0.00001   0.00002   0.00000      0.00002       5088023.16611
0.00001   0.00002   0.00000      0.00002       5088023.16611
0.00001   0.00002   0.00000      0.00002       5056815.75941
0.00001   0.00002   0.00000      0.00002       5025704.35271
0.00001   0.00002   0.00000      0.00002       5010184.64936
0.00001   0.00002   0.00000      0.00002       4994688.94601
0.00001   0.00002   0.00000      0.00002       4963769.53931
0.00001   0.00002   0.00000      0.00002       4948345.83596
0.00001   0.00002   0.00000      0.00002       4932946.13261
0.00001   0.00002   0.00000      0.00002       4917570.42927
0.00001   0.00002   0.00000      0.00002       4902218.72592
0.00001   0.00002   0.00000      0.00002       4871587.31922
0.00001   0.00002   0.00000      0.00002       4841051.91252
0.00001   0.00002   0.00000      0.00002       4825820.20917
0.00001   0.00002   0.00000      0.00002       4795428.80247
0.00001   0.00002   0.00000      0.00002       4780269.09912
0.00001   0.00002   0.00000      0.00002       4750021.69242
0.00001   0.00002   0.00000      0.00002       4734933.98907
0.00001   0.00002   0.00000      0.00002       4704830.58238
0.00001   0.00002   0.00000      0.00002       4674823.17568
0.00001   0.00002   0.00000      0.00002       4644911.76898
0.00001   0.00002   0.00000      0.00002       4629992.06563
0.00001   0.00002   0.00000      0.00002       4600224.65893
0.00001   0.00002   0.00000      0.00002       4585376.95558
0.00001   0.00002   0.00000      0.00002       4570553.25223
0.00001   0.00002   0.00000      0.00002       4555753.54888
0.00001   0.00002   0.00000      0.00002       4555753.54888
0.00001   0.00002   0.00000      0.00002       4526226.14218
0.00001   0.00002   0.00000      0.00002       4526226.14218
0.00001   0.00002   0.00000      0.00002       4511498.43883
0.00001   0.00002   0.00000      0.00002       4496794.73549
0.00001   0.00002   0.00000      0.00002       4496794.73549
0.00001   0.00002   0.00000      0.00002       4467459.32879
0.00001   0.00002   0.00000      0.00002       4438219.92209
0.00001   0.00002   0.00000      0.00002       4423636.21874
0.00001   0.00002   0.00000      0.00002       4409076.51539
0.00001   0.00002   0.00000      0.00002       4409076.51539
0.00001   0.00002   0.00000      0.00002       4394540.81204
0.00001   0.00002   0.00000      0.00002       4365541.40534
0.00001   0.00002   0.00000      0.00002       4351077.70199
0.00001   0.00002   0.00000      0.00002       4322222.29529
0.00001   0.00002   0.00000      0.00002       4307830.59195
0.00001   0.00002   0.00000      0.00002       4293462.88860
0.00001   0.00002   0.00000      0.00002       4264799.48190
0.00001   0.00002   0.00000      0.00002       4236232.07520
0.00001   0.00002   0.00000      0.00002       4236232.07520
0.00001   0.00002   0.00000      0.00002       4207760.66850
0.00001   0.00002   0.00000      0.00002       4179385.26180
0.00001   0.00002   0.00000      0.00002       4165233.55845
0.00001   0.00002   0.00000      0.00002       4151105.85510
0.00001   0.00002   0.00000      0.00002       4137002.15175
0.00001   0.00002   0.00000      0.00002       4108866.74506
0.00001   0.00002   0.00000      0.00002       4094835.04171
0.00001   0.00002   0.00000      0.00002       4066843.63501
0.00001   0.00002   0.00000      0.00002       4025036.52496
0.00001   0.00002   0.00000      0.00002       4011148.82161
0.00001   0.00002   0.00000      0.00002       3983445.41491
0.00001   0.00002   0.00000      0.00002       3955838.00821
0.00001   0.00002   0.00000      0.00002       3942070.30486
0.00001   0.00002   0.00000      0.00002       3928326.60151
0.00001   0.00002   0.00000      0.00002       3914606.89817
0.00001   0.00002   0.00000      0.00002       3900911.19482
0.00001   0.00002   0.00000      0.00002       3887239.49147
0.00001   0.00002   0.00000      0.00002       3873591.78812
0.00001   0.00002   0.00000      0.00002       3859968.08477
0.00001   0.00002   0.00000      0.00002       3859968.08477
0.00001   0.00002   0.00000      0.00002       3846368.38142
0.00001   0.00002   0.00000      0.00002       3846368.38142
0.00001   0.00002   0.00000      0.00002       3832792.67807
0.00001   0.00002   0.00000      0.00002       3819240.97472
0.00001   0.00002   0.00000      0.00002       3819240.97472
0.00001   0.00002   0.00000      0.00002       3792209.56802
0.00001   0.00002   0.00000      0.00002       3778729.86467
0.00001   0.00002   0.00000      0.00002       3778729.86467
0.00001   0.00002   0.00000      0.00002       3751842.45797
0.00001   0.00002   0.00000      0.00002       3711691.34793
0.00001   0.00002   0.00000      0.00002       3711691.34793
0.00001   0.00002   0.00000      0.00002       3711691.34793
0.00001   0.00002   0.00000      0.00002       3685043.94123
0.00001   0.00002   0.00000      0.00002       3671756.23788
0.00001   0.00002   0.00000      0.00002       3658492.53453
0.00001   0.00002   0.00000      0.00002       3632037.12783
0.00001   0.00002   0.00000      0.00002       3632037.12783
0.00001   0.00002   0.00000      0.00002       3605677.72113
0.00001   0.00002   0.00000      0.00002       3605677.72113
0.00001   0.00002   0.00000      0.00002       3592534.01778
0.00001   0.00002   0.00000      0.00002       3566318.61108
0.00001   0.00002   0.00000      0.00002       3553246.90773
0.00001   0.00002   0.00000      0.00002       3540199.20439
0.00001   0.00002   0.00000      0.00002       3514175.79769
0.00001   0.00002   0.00000      0.00002       3501200.09434
0.00001   0.00002   0.00000      0.00002       3475320.68764
0.00001   0.00002   0.00000      0.00002       3462416.98429
0.00001   0.00002   0.00000      0.00002       3449537.28094
0.00001   0.00002   0.00000      0.00002       3423849.87424
0.00001   0.00002   0.00000      0.00002       3411042.17089
0.00001   0.00002   0.00000      0.00002       3398258.46754
0.00001   0.00002   0.00000      0.00002       3372763.06084
0.00001   0.00002   0.00000      0.00002       3372763.06084
0.00001   0.00002   0.00000      0.00002       3360051.35750
0.00001   0.00002   0.00000      0.00002       3347363.65415
0.00001   0.00002   0.00000      0.00002       3322060.24745
0.00001   0.00002   0.00000      0.00002       3309444.54410
0.00001   0.00002   0.00000      0.00002       3296852.84075
0.00001   0.00002   0.00000      0.00002       3284285.13740
0.00001   0.00002   0.00000      0.00002       3271741.43405
0.00001   0.00002   0.00000      0.00002       3271741.43405
0.00001   0.00002   0.00000      0.00002       3259221.73070
0.00001   0.00002   0.00000      0.00002       3246726.02735
0.00001   0.00002   0.00000      0.00002       3246726.02735
0.00001   0.00002   0.00000      0.00002       3234254.32400
0.00001   0.00002   0.00000      0.00002       3221806.62065
0.00001   0.00002   0.00000      0.00002       3221806.62065
0.00001   0.00002   0.00000      0.00002       3209382.91730
0.00001   0.00002   0.00000      0.00002       3196983.21395
0.00001   0.00002   0.00000      0.00002       3184607.51061
0.00001   0.00002   0.00000      0.00002       3184607.51061
0.00001   0.00002   0.00000      0.00002       3184607.51061
0.00001   0.00002   0.00000      0.00002       3159928.10391
0.00001   0.00002   0.00000      0.00002       3147624.40056
0.00001   0.00002   0.00000      0.00002       3147624.40056
0.00001   0.00002   0.00000      0.00002       3123088.99386
0.00001   0.00002   0.00000      0.00002       3110857.29051
0.00001   0.00002   0.00000      0.00002       3098649.58716
0.00001   0.00002   0.00000      0.00002       3086465.88381
0.00001   0.00002   0.00000      0.00002       3062170.47711
0.00001   0.00002   0.00000      0.00002       3037971.07041
0.00001   0.00002   0.00000      0.00002       3025907.36706
0.00001   0.00002   0.00000      0.00002       3013867.66372
0.00001   0.00002   0.00000      0.00002       2989860.25702
0.00001   0.00002   0.00000      0.00002       2989860.25702
0.00001   0.00002   0.00000      0.00002       2965948.85032
0.00001   0.00002   0.00000      0.00002       2942133.44362
0.00001   0.00002   0.00000      0.00002       2930261.74027
0.00001   0.00002   0.00000      0.00002       2918414.03692
0.00001   0.00002   0.00000      0.00002       2894790.63022
0.00001   0.00002   0.00000      0.00002       2871263.22352
0.00001   0.00002   0.00000      0.00002       2859535.52017
0.00001   0.00002   0.00000      0.00002       2859535.52017
0.00001   0.00002   0.00000      0.00002       2847831.81683
0.00001   0.00002   0.00000      0.00002       2847831.81683
0.00001   0.00002   0.00000      0.00002       2847831.81683
0.00001   0.00002   0.00000      0.00002       2824496.41013
0.00001   0.00002   0.00000      0.00002       2801257.00343
0.00001   0.00002   0.00000      0.00002       2778113.59673
0.00001   0.00002   0.00000      0.00002       2743578.48668
0.00001   0.00002   0.00000      0.00002       2732114.78333
0.00001   0.00002   0.00000      0.00002       2720675.07998
0.00001   0.00002   0.00000      0.00002       2709259.37663
0.00001   0.00002   0.00000      0.00002       2697867.67328
0.00001   0.00002   0.00000      0.00002       2675156.26659
0.00001   0.00002   0.00000      0.00002       2686499.96994
0.00001   0.00002   0.00000      0.00002       2652540.85989
0.00001   0.00002   0.00000      0.00002       2652540.85989
0.00001   0.00002   0.00000      0.00002       2663836.56324
0.00001   0.00002   0.00000      0.00002       2641269.15654
0.00001   0.00002   0.00000      0.00002       2630021.45319
0.00001   0.00002   0.00000      0.00002       2596422.34314
0.00001   0.00002   0.00000      0.00002       2596422.34314
0.00001   0.00002   0.00000      0.00002       2607598.04649
0.00001   0.00002   0.00000      0.00002       2585270.63979
0.00001   0.00002   0.00000      0.00002       2574142.93644
0.00001   0.00002   0.00000      0.00002       2551959.52974
0.00001   0.00002   0.00000      0.00002       2507880.71635
0.00001   0.00002   0.00000      0.00002       2496921.01300
0.00001   0.00002   0.00000      0.00002       2485985.30965
0.00001   0.00002   0.00000      0.00002       2475073.60630
0.00001   0.00002   0.00000      0.00002       2442482.49625
0.00001   0.00002   0.00000      0.00002       2442482.49625
0.00001   0.00002   0.00000      0.00002       2410107.38620
0.00001   0.00002   0.00000      0.00002       2399363.68285
0.00001   0.00002   0.00000      0.00002       2377948.27616
0.00001   0.00002   0.00000      0.00002       2356628.86946
0.00001   0.00002   0.00000      0.00002       2346005.16611
0.00001   0.00002   0.00000      0.00002       2335405.46276
0.00001   0.00002   0.00000      0.00002       2324829.75941
0.00001   0.00002   0.00000      0.00002       2314278.05606
0.00001   0.00002   0.00000      0.00002       2293246.64936
0.00001   0.00002   0.00000      0.00002       2272311.24266
0.00001   0.00002   0.00000      0.00002       2261879.53931
0.00001   0.00002   0.00000      0.00002       2251471.83596
0.00001   0.00002   0.00000      0.00002       2230728.42927
0.00001   0.00002   0.00000      0.00002       2199793.31922
0.00001   0.00002   0.00000      0.00002       2199793.31922
0.00001   0.00002   0.00000      0.00002       2189529.61587
0.00001   0.00002   0.00000      0.00002       2179289.91252
0.00001   0.00002   0.00000      0.00002       2169074.20917
0.00001   0.00002   0.00000      0.00002       2169074.20917
0.00001   0.00002   0.00000      0.00002       2158882.50582
0.00001   0.00002   0.00000      0.00002       2158882.50582
0.00001   0.00002   0.00000      0.00002       2148714.80247
0.00001   0.00002   0.00000      0.00002       2138571.09912
0.00001   0.00002   0.00000      0.00002       2128451.39577
0.00001   0.00002   0.00000      0.00002       2118355.69242
0.00001   0.00002   0.00000      0.00002       2108283.98907
0.00001   0.00002   0.00000      0.00002       2108283.98907
0.00001   0.00002   0.00000      0.00002       2098236.28572
0.00001   0.00002   0.00000      0.00002       2088212.58238
0.00001   0.00002   0.00000      0.00002       2078212.87903
0.00001   0.00002   0.00000      0.00002       2078212.87903
0.00001   0.00002   0.00000      0.00002       2068237.17568
0.00001   0.00002   0.00000      0.00002       2048357.76898
0.00001   0.00002   0.00000      0.00002       2028574.36228
0.00001   0.00002   0.00000      0.00002       2018718.65893
0.00001   0.00002   0.00000      0.00002       1999079.25223
0.00001   0.00002   0.00000      0.00002       1989295.54888
0.00001   0.00002   0.00000      0.00002       1969800.14218
0.00001   0.00002   0.00000      0.00002       1969800.14218
0.00001   0.00002   0.00000      0.00002       1960088.43883
0.00001   0.00002   0.00000      0.00002       1940737.03214
0.00001   0.00002   0.00000      0.00002       1921481.62544
0.00001   0.00002   0.00000      0.00002       1911889.92209
0.00001   0.00002   0.00000      0.00002       1883258.81204
0.00001   0.00002   0.00000      0.00002       1873763.10869
0.00001   0.00002   0.00000      0.00002       1854843.70199
0.00001   0.00002   0.00000      0.00002       1836020.29529
0.00001   0.00002   0.00000      0.00002       1826644.59195
0.00001   0.00002   0.00000      0.00002       1807965.18525
0.00001   0.00002   0.00000      0.00002       1798661.48190
0.00001   0.00002   0.00000      0.00002       1789381.77855
0.00001   0.00002   0.00000      0.00002       1770894.37185
0.00001   0.00002   0.00000      0.00002       1752502.96515
0.00001   0.00002   0.00000      0.00002       1725095.85510
0.00001   0.00002   0.00000      0.00002       1716008.15175
0.00001   0.00002   0.00000      0.00002       1706944.44840
0.00001   0.00002   0.00000      0.00002       1697904.74506
0.00001   0.00002   0.00000      0.00002       1688889.04171
0.00001   0.00002   0.00000      0.00002       1679897.33836
0.00001   0.00002   0.00000      0.00002       1661985.93166
0.00001   0.00002   0.00000      0.00002       1661985.93166
0.00001   0.00002   0.00000      0.00002       1653066.22831
0.00001   0.00002   0.00000      0.00002       1644170.52496
0.00001   0.00002   0.00000      0.00002       1635298.82161
0.00001   0.00002   0.00000      0.00002       1617627.41491
0.00001   0.00002   0.00000      0.00002       1600052.00821
0.00001   0.00002   0.00000      0.00002       1591300.30486
0.00001   0.00002   0.00000      0.00002       1573868.89817
0.00001   0.00002   0.00000      0.00002       1565189.19482
0.00001   0.00002   0.00000      0.00002       1547901.78812
0.00001   0.00002   0.00000      0.00002       1539294.08477
0.00001   0.00002   0.00000      0.00002       1530710.38142
0.00001   0.00002   0.00000      0.00002       1505103.27137
0.00001   0.00002   0.00000      0.00002       1496615.56802
0.00001   0.00002   0.00000      0.00002       1471296.45797
0.00001   0.00002   0.00000      0.00002       1454537.05128
0.00001   0.00002   0.00000      0.00002       1446193.34793
0.00001   0.00002   0.00000      0.00002       1421306.23788
0.00001   0.00002   0.00000      0.00002       1404834.83118
0.00001   0.00002   0.00000      0.00002       1396635.12783
0.00001   0.00002   0.00000      0.00002       1380307.72113
0.00001   0.00002   0.00000      0.00002       1364076.31443
0.00001   0.00002   0.00000      0.00002       1347940.90773
0.00001   0.00002   0.00000      0.00002       1331901.50104
0.00001   0.00002   0.00000      0.00002       1331901.50104
0.00001   0.00002   0.00000      0.00002       1323917.79769
0.00001   0.00002   0.00000      0.00002       1308022.39099
0.00001   0.00002   0.00000      0.00002       1300110.68764
0.00001   0.00002   0.00000      0.00002       1292222.98429
0.00001   0.00002   0.00000      0.00002       1292222.98429
0.00001   0.00002   0.00000      0.00002       1284359.28094
0.00001   0.00002   0.00000      0.00002       1276519.57759
0.00001   0.00002   0.00000      0.00002       1276519.57759
0.00001   0.00002   0.00000      0.00002       1268703.87424
0.00001   0.00002   0.00000      0.00002       1260912.17089
0.00001   0.00002   0.00000      0.00002       1253144.46754
0.00001   0.00002   0.00000      0.00002       1237681.06084
0.00001   0.00002   0.00000      0.00002       1229985.35750
0.00001   0.00002   0.00000      0.00002       1229985.35750
0.00001   0.00002   0.00000      0.00002       1214665.95080
0.00001   0.00002   0.00000      0.00002       1199442.54410
0.00001   0.00002   0.00000      0.00002       1184315.13740
0.00001   0.00002   0.00000      0.00002       1176787.43405
0.00001   0.00002   0.00000      0.00002       1161804.02735
0.00001   0.00002   0.00000      0.00002       1154348.32400
0.00001   0.00002   0.00000      0.00002       1146916.62065
0.00001   0.00002   0.00000      0.00002       1139508.91730
0.00001   0.00002   0.00000      0.00002       1124765.51061
0.00001   0.00002   0.00000      0.00002       1117429.80726
0.00001   0.00002   0.00000      0.00002       1102830.40056
0.00001   0.00002   0.00000      0.00002       1095566.69721
0.00001   0.00002   0.00000      0.00002       1088326.99386
0.00001   0.00002   0.00000      0.00002       1073919.58716
0.00001   0.00002   0.00000      0.00002       1066751.88381
0.00001   0.00002   0.00000      0.00002       1059608.18046
0.00001   0.00002   0.00000      0.00002       1052488.47711
0.00001   0.00002   0.00000      0.00002       1038321.07041
0.00001   0.00002   0.00000      0.00002       1031273.36706
0.00001   0.00002   0.00000      0.00002       1024249.66372
0.00001   0.00002   0.00000      0.00002       1010274.25702
0.00001   0.00002   0.00000      0.00002       989491.14697 
0.00001   0.00002   0.00000      0.00002       989491.14697 
0.00001   0.00002   0.00000      0.00002       982611.44362 
0.00001   0.00002   0.00000      0.00002       968924.03692 
0.00001   0.00002   0.00000      0.00002       968924.03692 
0.00001   0.00002   0.00000      0.00002       962116.33357 
0.00001   0.00002   0.00000      0.00002       955332.63022 
0.00001   0.00002   0.00000      0.00002       955332.63022 
0.00001   0.00002   0.00000      0.00002       948572.92687 
0.00001   0.00002   0.00000      0.00002       941837.22352 
0.00001   0.00002   0.00000      0.00002       935125.52017 
0.00001   0.00002   0.00000      0.00002       928437.81683 
0.00001   0.00002   0.00000      0.00002       928437.81683 
0.00001   0.00002   0.00000      0.00002       915134.41013 
0.00001   0.00002   0.00000      0.00002       908518.70678 
0.00001   0.00002   0.00000      0.00002       901927.00343 
0.00001   0.00002   0.00000      0.00002       888815.59673 
0.00001   0.00002   0.00000      0.00002       882295.89338 
0.00001   0.00002   0.00000      0.00002       875800.19003 
0.00001   0.00002   0.00000      0.00002       862880.78333 
0.00001   0.00002   0.00000      0.00002       850057.37663 
0.00001   0.00002   0.00000      0.00002       843681.67328 
0.00001   0.00002   0.00000      0.00002       831002.26659 
0.00001   0.00002   0.00000      0.00002       824698.56324 
0.00001   0.00002   0.00000      0.00002       812163.15654 
0.00001   0.00002   0.00000      0.00002       799723.74984 
0.00001   0.00002   0.00000      0.00002       793540.04649 
0.00001   0.00002   0.00000      0.00002       775132.93644 
0.00001   0.00002   0.00000      0.00002       769045.23309 
0.00001   0.00002   0.00000      0.00002       756941.82639 
0.00001   0.00002   0.00000      0.00002       744934.41970 
0.00001   0.00002   0.00000      0.00002       733023.01300 
0.00001   0.00002   0.00000      0.00002       721207.60630 
0.00001   0.00002   0.00000      0.00002       709488.19960 
0.00001   0.00002   0.00000      0.00002       703664.49625 
0.00001   0.00002   0.00000      0.00002       692089.08955 
0.00001   0.00002   0.00000      0.00002       686337.38620 
0.00001   0.00002   0.00000      0.00002       680609.68285 
0.00001   0.00002   0.00000      0.00002       669226.27616 
0.00001   0.00002   0.00000      0.00002       663570.57281 
0.00001   0.00002   0.00000      0.00002       657938.86946 
0.00001   0.00002   0.00000      0.00002       652331.16611 
0.00001   0.00002   0.00000      0.00002       652331.16611 
0.00001   0.00002   0.00000      0.00002       641187.75941 
0.00001   0.00002   0.00000      0.00002       635652.05606 
0.00001   0.00002   0.00000      0.00002       630140.35271 
0.00001   0.00002   0.00000      0.00002       619188.94601 
0.00001   0.00002   0.00000      0.00002       619188.94601 
0.00001   0.00002   0.00000      0.00002       608333.53931 
0.00001   0.00002   0.00000      0.00002       597574.13261 
0.00001   0.00002   0.00000      0.00002       592230.42927 
0.00001   0.00002   0.00000      0.00002       576343.31922 
0.00001   0.00002   0.00000      0.00002       571095.61587 
0.00001   0.00002   0.00000      0.00002       565871.91252 
0.00001   0.00002   0.00000      0.00002       555496.50582 
0.00001   0.00002   0.00000      0.00002       555496.50582 
0.00001   0.00002   0.00000      0.00002       550344.80247 
0.00001   0.00002   0.00000      0.00002       545217.09912 
0.00001   0.00002   0.00000      0.00002       540113.39577 
0.00001   0.00002   0.00000      0.00002       529977.98907 
0.00001   0.00002   0.00000      0.00002       524946.28572 
0.00001   0.00002   0.00000      0.00002       519938.58238 
0.00001   0.00002   0.00000      0.00002       509995.17568 
0.00001   0.00002   0.00000      0.00002       505059.47233 
0.00001   0.00002   0.00000      0.00002       495260.06563 
0.00001   0.00002   0.00000      0.00002       490396.36228 
0.00001   0.00002   0.00000      0.00002       485556.65893 
0.00001   0.00002   0.00000      0.00002       475949.25223 
0.00001   0.00002   0.00000      0.00002       471181.54888 
0.00001   0.00002   0.00000      0.00002       461718.14218 
0.00001   0.00002   0.00000      0.00002       452350.73549 
0.00001   0.00002   0.00000      0.00002       452350.73549 
0.00001   0.00002   0.00000      0.00002       447703.03214 
0.00001   0.00002   0.00000      0.00002       443079.32879 
0.00001   0.00002   0.00000      0.00002       438479.62544 
0.00001   0.00002   0.00000      0.00002       429352.21874 
0.00001   0.00002   0.00000      0.00002       429352.21874 
0.00001   0.00002   0.00000      0.00002       424824.51539 
0.00001   0.00002   0.00000      0.00002       420320.81204 
0.00001   0.00002   0.00000      0.00002       420320.81204 
0.00001   0.00002   0.00000      0.00002       415841.10869 
0.00001   0.00002   0.00000      0.00002       411385.40534 
0.00001   0.00002   0.00000      0.00002       406953.70199 
0.00001   0.00002   0.00000      0.00002       402545.99864 
0.00001   0.00002   0.00000      0.00002       402545.99864 
0.00001   0.00002   0.00000      0.00002       398162.29529 
0.00001   0.00002   0.00000      0.00002       393802.59195 
0.00001   0.00002   0.00000      0.00002       389466.88860 
0.00001   0.00002   0.00000      0.00002       385155.18525 
0.00001   0.00002   0.00000      0.00002       376603.77855 
0.00001   0.00002   0.00000      0.00002       372364.07520 
0.00001   0.00002   0.00000      0.00002       363956.66850 
0.00001   0.00002   0.00000      0.00002       359788.96515 
0.00001   0.00002   0.00000      0.00002       355645.26180 
0.00001   0.00002   0.00000      0.00002       347429.85510 
0.00001   0.00002   0.00000      0.00002       343358.15175 
0.00001   0.00002   0.00000      0.00002       339310.44840 
0.00001   0.00002   0.00000      0.00002       331287.04171 
0.00001   0.00002   0.00000      0.00002       323359.63501 
0.00001   0.00002   0.00000      0.00002       315528.22831 
0.00001   0.00002   0.00000      0.00002       307792.82161 
0.00001   0.00002   0.00000      0.00002       300153.41491 
0.00001   0.00002   0.00000      0.00002       292610.00821 
0.00001   0.00002   0.00000      0.00002       285162.60151 
0.00001   0.00002   0.00000      0.00002       281474.89817 
0.00001   0.00002   0.00000      0.00002       277811.19482 
0.00001   0.00002   0.00000      0.00002       270555.78812 
0.00001   0.00002   0.00000      0.00002       263396.38142 
0.00001   0.00002   0.00000      0.00002       259852.67807 
0.00001   0.00002   0.00000      0.00002       259852.67807 
0.00001   0.00002   0.00000      0.00002       252837.27137 
0.00001   0.00002   0.00000      0.00002       249365.56802 
0.00001   0.00002   0.00000      0.00002       245917.86467 
0.00001   0.00002   0.00000      0.00002       242494.16132 
0.00001   0.00002   0.00000      0.00002       239094.45797 
0.00001   0.00002   0.00000      0.00002       235718.75462 
0.00001   0.00002   0.00000      0.00002       235718.75462 
0.00001   0.00002   0.00000      0.00002       232367.05128 
0.00001   0.00002   0.00000      0.00002       229039.34793 
0.00001   0.00002   0.00000      0.00002       225735.64458 
0.00001   0.00002   0.00000      0.00002       225735.64458 
0.00001   0.00002   0.00000      0.00002       222455.94123 
0.00001   0.00002   0.00000      0.00002       222455.94123 
0.00001   0.00002   0.00000      0.00002       215968.53453 
0.00001   0.00002   0.00000      0.00002       212760.83118 
0.00001   0.00002   0.00000      0.00002       206417.42448 
0.00001   0.00002   0.00000      0.00002       203281.72113 
0.00001   0.00002   0.00000      0.00002       197082.31443 
0.00001   0.00002   0.00000      0.00002       194018.61108 
0.00001   0.00002   0.00000      0.00002       187963.20439 
0.00001   0.00002   0.00000      0.00002       184971.50104 
0.00001   0.00002   0.00000      0.00002       182003.79769 
0.00001   0.00002   0.00000      0.00002       179060.09434 
0.00001   0.00002   0.00000      0.00002       176140.39099 
0.00001   0.00002   0.00000      0.00002       173244.68764 
0.00001   0.00002   0.00000      0.00002       167525.28094 
0.00001   0.00002   0.00000      0.00002       156374.46754 
0.00001   0.00002   0.00000      0.00002       148263.35750 
0.00001   0.00002   0.00000      0.00002       145607.65415 
0.00001   0.00002   0.00000      0.00002       140368.24745 
0.00001   0.00002   0.00000      0.00002       135224.84075 
0.00001   0.00002   0.00000      0.00002       132689.13740 
0.00001   0.00002   0.00000      0.00002       127689.73070 
0.00001   0.00002   0.00000      0.00002       125226.02735 
0.00001   0.00002   0.00000      0.00002       120370.62065 
0.00001   0.00002   0.00000      0.00002       113267.51061 
0.00001   0.00002   0.00000      0.00002       110947.80726 
0.00001   0.00002   0.00000      0.00002       108652.10391 
0.00001   0.00002   0.00000      0.00002       106380.40056 
0.00001   0.00002   0.00000      0.00002       106380.40056 
0.00001   0.00002   0.00000      0.00002       101908.99386 
0.00001   0.00002   0.00000      0.00002       99709.29051  
0.00001   0.00002   0.00000      0.00002       99709.29051  
0.00001   0.00002   0.00000      0.00002       97533.58716  
0.00001   0.00002   0.00000      0.00002       95381.88381  
0.00001   0.00002   0.00000      0.00002       93254.18046  
0.00001   0.00002   0.00000      0.00002       91150.47711  
0.00001   0.00002   0.00000      0.00002       89070.77376  
0.00001   0.00002   0.00000      0.00002       82975.66372  
0.00001   0.00002   0.00000      0.00002       80991.96037  
0.00001   0.00002   0.00000      0.00002       80991.96037  
0.00001   0.00002   0.00000      0.00002       77096.55367  
0.00001   0.00002   0.00000      0.00002       75184.85032  
0.00001   0.00002   0.00000      0.00002       71433.44362  
0.00001   0.00002   0.00000      0.00002       67778.03692  
0.00001   0.00002   0.00000      0.00002       65986.33357  
0.00001   0.00002   0.00000      0.00002       64218.63022  
0.00001   0.00002   0.00000      0.00002       62474.92687  
0.00001   0.00002   0.00000      0.00002       59059.52017  
0.00001   0.00002   0.00000      0.00002       55740.11348  
0.00001   0.00002   0.00000      0.00002       54116.41013  
0.00001   0.00002   0.00000      0.00002       52516.70678  
0.00001   0.00002   0.00000      0.00002       47861.59673  
0.00001   0.00002   0.00000      0.00002       46357.89338  
0.00001   0.00002   0.00000      0.00002       41990.78333  
0.00001   0.00002   0.00000      0.00002       39199.37663  
0.00001   0.00002   0.00000      0.00002       35192.26659  
0.00001   0.00002   0.00000      0.00002       30185.45319  
0.00001   0.00002   0.00000      0.00002       26682.34314  
0.00001   0.00002   0.00000      0.00002       25562.63979  
0.00001   0.00002   0.00000      0.00002       24466.93644  
0.00001   0.00002   0.00000      0.00002       22347.52974  
0.00001   0.00002   0.00000      0.00002       21323.82639  
0.00001   0.00002   0.00000      0.00002       19348.41970  
0.00001   0.00002   0.00000      0.00002       19348.41970  
0.00001   0.00002   0.00000      0.00002       18396.71635  
0.00001   0.00002   0.00000      0.00002       18396.71635  
0.00001   0.00002   0.00000      0.00002       17469.01300  
0.00001   0.00002   0.00000      0.00002       16565.30965  
0.00001   0.00002   0.00000      0.00002       15685.60630  
0.00001   0.00002   0.00000      0.00002       14829.90295  
0.00001   0.00002   0.00000      0.00002       14829.90295  
0.00001   0.00002   0.00000      0.00002       13998.19960  
0.00001   0.00002   0.00000      0.00002       10199.68285  
0.00001   0.00002   0.00000      0.00002       8848.27616   
0.00001   0.00002   0.00000      0.00002       7001.16611   
0.00001   0.00002   0.00000      0.00002       5889.75941   
0.00001   0.00002   0.00000      0.00002       4874.35271   
0.00001   0.00002   0.00000      0.00002       3954.94601   
0.00001   0.00002   0.00000      0.00002       3531.24266   
0.00001   0.00002   0.00000      0.00002       2755.83596   
0.00001   0.00002   0.00000      0.00002       1772.72592   
0.00001   0.00002   0.00000      0.00002       1237.31922   
0.00001   0.00002   0.00000      0.00002       614.20917    
0.00001   0.00002   0.00000      0.00002       119.39577    
0.00001   0.00002   0.00000      0.00002       119.39577    
0.00001   0.00002   0.00000      0.00002       55.69242     
0.00001   0.00002   0.00000      0.00002       0.28572      
0.00001   0.00002   0.00000      0.00002       97.17568     
0.00001   0.00002   0.00000      0.00002       177.47233    
0.00001   0.00002   0.00000      0.00002       410.06563    
0.00001   0.00002   0.00000      0.00002       562.36228    
0.00001   0.00002   0.00000      0.00002       738.65893    
0.00001   0.00002   0.00000      0.00002       938.95558    
0.00001   0.00002   0.00000      0.00002       1980.14218   
0.00001   0.00002   0.00000      0.00002       1980.14218   
0.00001   0.00002   0.00000      0.00002       1980.14218   
0.00001   0.00002   0.00000      0.00002       3013.03214   
0.00001   0.00002   0.00000      0.00002       3013.03214   
0.00001   0.00002   0.00000      0.00002       3013.03214   
0.00001   0.00002   0.00000      0.00002       4726.21874   
0.00001   0.00002   0.00000      0.00002       4726.21874   
0.00001   0.00001   0.00000      0.00002       5726.81204   
0.00001   0.00001   0.00000      0.00002       7407.70199   
0.00001   0.00001   0.00000      0.00002       8648.29529   
0.00001   0.00001   0.00000      0.00002       12169.77855  
0.00001   0.00001   0.00000      0.00002       12169.77855  
0.00001   0.00001   0.00000      0.00002       13746.37185  
0.00001   0.00001   0.00000      0.00002       17187.55845  
0.00001   0.00001   0.00000      0.00002       18107.85510  
0.00001   0.00001   0.00000      0.00002       20020.44840  
0.00001   0.00001   0.00000      0.00002       24133.63501  
0.00001   0.00001   0.00000      0.00002       24133.63501  
0.00001   0.00001   0.00000      0.00002       29815.11826  
0.00001   0.00001   0.00000      0.00002       31023.41491  
0.00001   0.00001   0.00000      0.00002       31023.41491  
0.00001   0.00001   0.00000      0.00002       37424.89817  
0.00001   0.00001   0.00000      0.00002       37424.89817  
0.00001   0.00001   0.00000      0.00002       40153.49147  
0.00001   0.00001   0.00000      0.00002       41553.78812  
0.00001   0.00001   0.00000      0.00002       41553.78812  
0.00001   0.00001   0.00000      0.00002       44426.38142  
0.00001   0.00001   0.00000      0.00002       44426.38142  
0.00001   0.00001   0.00000      0.00002       44426.38142  
0.00001   0.00001   0.00000      0.00002       50459.56802  
0.00001   0.00001   0.00000      0.00002       48915.27137  
0.00001   0.00001   0.00000      0.00002       53620.16132  
0.00001   0.00001   0.00000      0.00002       58541.05128  
0.00001   0.00001   0.00000      0.00002       60229.34793  
0.00001   0.00001   0.00000      0.00002       65438.23788  
0.00001   0.00001   0.00000      0.00002       69030.83118  
0.00001   0.00001   0.00000      0.00002       67222.53453  
0.00001   0.00001   0.00000      0.00002       74599.72113  
0.00001   0.00001   0.00000      0.00002       76504.01778  
0.00001   0.00001   0.00000      0.00002       76504.01778  
0.00001   0.00001   0.00000      0.00002       84361.20439  
0.00001   0.00001   0.00000      0.00002       86385.50104  
0.00001   0.00001   0.00000      0.00002       92602.39099  
0.00001   0.00001   0.00000      0.00002       96866.98429  
0.00001   0.00001   0.00000      0.00002       96866.98429  
0.00001   0.00001   0.00000      0.00002       107948.46754 
0.00001   0.00001   0.00000      0.00002       110236.76419 
0.00001   0.00001   0.00000      0.00002       107948.46754 
0.00001   0.00001   0.00000      0.00002       119629.95080 
0.00001   0.00001   0.00000      0.00002       124470.54410 
0.00001   0.00001   0.00000      0.00002       131911.43405 
0.00001   0.00001   0.00000      0.00002       134439.73070 
0.00001   0.00001   0.00000      0.00002       136992.02735 
0.00001   0.00001   0.00000      0.00002       142168.62065 
0.00001   0.00001   0.00000      0.00002       142168.62065 
0.00001   0.00001   0.00000      0.00002       144792.91730 
0.00001   0.00001   0.00000      0.00002       152809.80726 
0.00001   0.00001   0.00000      0.00002       150113.51061 
0.00001   0.00001   0.00000      0.00002       161042.69721 
0.00001   0.00001   0.00000      0.00002       161042.69721 
0.00001   0.00001   0.00000      0.00002       161042.69721 
0.00001   0.00001   0.00000      0.00002       169491.58716 
0.00001   0.00001   0.00000      0.00002       166651.29051 
0.00001   0.00001   0.00000      0.00002       163834.99386 
0.00001   0.00001   0.00000      0.00002       178156.47711 
0.00001   0.00001   0.00000      0.00002       181092.77376 
0.00001   0.00001   0.00000      0.00002       190045.66372 
0.00001   0.00001   0.00000      0.00002       196134.25702 
0.00001   0.00001   0.00000      0.00002       202318.85032 
0.00001   0.00001   0.00000      0.00002       211775.74027 
0.00001   0.00001   0.00000      0.00002       218200.33357 
0.00001   0.00001   0.00000      0.00002       228017.22352 
0.00001   0.00001   0.00000      0.00002       241442.41013 
0.00001   0.00001   0.00000      0.00002       244858.70678 
0.00001   0.00001   0.00000      0.00002       255251.59673 
0.00001   0.00001   0.00000      0.00002       265860.48668 
0.00001   0.00001   0.00000      0.00002       269444.78333 
0.00001   0.00001   0.00000      0.00002       276685.37663 
0.00001   0.00001   0.00000      0.00002       280341.67328 
0.00001   0.00001   0.00000      0.00002       284021.96994 
0.00001   0.00001   0.00000      0.00002       298983.15654 
0.00001   0.00001   0.00000      0.00002       295206.85989 
0.00001   0.00001   0.00000      0.00002       302783.45319 
0.00001   0.00001   0.00000      0.00002       306607.74984 
0.00001   0.00001   0.00000      0.00002       302783.45319 
0.00001   0.00001   0.00000      0.00002       314328.34314 
0.00001   0.00001   0.00000      0.00002       314328.34314 
0.00001   0.00001   0.00000      0.00002       318224.63979 
0.00001   0.00001   0.00000      0.00002       326089.23309 
0.00001   0.00001   0.00000      0.00002       326089.23309 
0.00001   0.00001   0.00000      0.00002       326089.23309 
0.00001   0.00001   0.00000      0.00002       338066.12305 
0.00001   0.00001   0.00000      0.00002       338066.12305 
0.00001   0.00001   0.00000      0.00002       350259.01300 
0.00001   0.00001   0.00000      0.00002       358507.60630 
0.00001   0.00001   0.00000      0.00002       362667.90295 
0.00001   0.00001   0.00000      0.00002       375292.79290 
0.00001   0.00001   0.00000      0.00002       379549.08955 
0.00001   0.00001   0.00000      0.00002       388133.68285 
0.00001   0.00001   0.00000      0.00002       396814.27616 
0.00001   0.00001   0.00000      0.00002       401190.57281 
0.00001   0.00001   0.00000      0.00002       414463.46276 
0.00001   0.00001   0.00000      0.00002       423432.05606 
0.00001   0.00001   0.00000      0.00002       441657.24266 
0.00001   0.00001   0.00000      0.00002       460266.42927 
0.00001   0.00001   0.00000      0.00002       484067.91252 
0.00001   0.00001   0.00000      0.00002       508469.39577 
0.00001   0.00001   0.00000      0.00002       518397.98907 
0.00001   0.00001   0.00000      0.00002       513421.69242 
0.00001   0.00001   0.00000      0.00002       523398.28572 
0.00001   0.00001   0.00000      0.00002       528422.58238 
0.00001   0.00001   0.00000      0.00002       528422.58238 
0.00001   0.00001   0.00000      0.00002       543639.47233 
0.00001   0.00001   0.00000      0.00002       548759.76898 
0.00001   0.00001   0.00000      0.00002       548759.76898 
0.00001   0.00001   0.00000      0.00002       559072.36228 
0.00001   0.00001   0.00000      0.00002       559072.36228 
0.00001   0.00001   0.00000      0.00002       574721.25223 
0.00001   0.00001   0.00000      0.00002       579985.54888 
0.00001   0.00001   0.00000      0.00002       590586.14218 
0.00001   0.00001   0.00000      0.00002       606667.03214 
0.00001   0.00001   0.00000      0.00002       606667.03214 
0.00001   0.00001   0.00000      0.00002       617507.62544 
0.00001   0.00001   0.00000      0.00002       639476.81204 
0.00001   0.00001   0.00000      0.00002       645029.10869 
0.00000   0.00001   0.00000      0.00002       656205.70199 
0.00000   0.00001   0.00000      0.00002       667478.29529 
0.00000   0.00001   0.00000      0.00002       661829.99864 
0.00000   0.00001   0.00000      0.00002       678846.88860 
0.00000   0.00001   0.00000      0.00002       678846.88860 
0.00000   0.00001   0.00000      0.00002       690311.48190 
0.00000   0.00001   0.00000      0.00002       707688.37185 
0.00000   0.00001   0.00000      0.00002       707688.37185 
0.00000   0.00001   0.00000      0.00002       713528.66850 
0.00000   0.00001   0.00000      0.00002       725281.26180 
0.00000   0.00001   0.00000      0.00002       731193.55845 
0.00000   0.00001   0.00000      0.00002       749074.44840 
0.00000   0.00001   0.00000      0.00002       743090.15175 
0.00000   0.00001   0.00000      0.00002       749074.44840 
0.00000   0.00001   0.00000      0.00002       761115.04171 
0.00000   0.00001   0.00000      0.00002       761115.04171 
0.00000   0.00001   0.00000      0.00002       773251.63501 
0.00000   0.00001   0.00000      0.00002       791636.52496 
0.00000   0.00001   0.00000      0.00002       797812.82161 
0.00000   0.00001   0.00000      0.00002       804013.11826 
0.00000   0.00001   0.00000      0.00002       810237.41491 
0.00000   0.00001   0.00000      0.00002       810237.41491 
0.00000   0.00001   0.00000      0.00002       835374.60151 
0.00000   0.00001   0.00000      0.00002       848087.19482 
0.00000   0.00001   0.00000      0.00002       854479.49147 
0.00000   0.00001   0.00000      0.00002       886800.97472 
0.00000   0.00001   0.00000      0.00002       880288.67807 
0.00000   0.00001   0.00000      0.00002       893337.27137 
0.00000   0.00001   0.00000      0.00002       899897.56802 
0.00000   0.00001   0.00000      0.00002       906481.86467 
0.00000   0.00001   0.00000      0.00002       926378.75462 
0.00000   0.00001   0.00000      0.00002       933059.05128 
0.00000   0.00001   0.00000      0.00002       946491.64458 
0.00000   0.00001   0.00000      0.00002       966820.53453 
0.00000   0.00001   0.00000      0.00002       973644.83118 
0.00000   0.00001   0.00000      0.00002       994261.72113 
0.00000   0.00001   0.00000      0.00002       1001182.01778
0.00000   0.00001   0.00000      0.00002       1001182.01778
0.00000   0.00001   0.00000      0.00002       1022086.90773
0.00000   0.00001   0.00000      0.00002       1015094.61108
0.00000   0.00001   0.00000      0.00002       1022086.90773
0.00000   0.00001   0.00000      0.00002       1043207.79769
0.00000   0.00001   0.00000      0.00002       1043207.79769
0.00000   0.00001   0.00000      0.00002       1050296.09434
0.00000   0.00001   0.00000      0.00002       1050296.09434
0.00000   0.00001   0.00000      0.00002       1057408.39099
0.00000   0.00001   0.00000      0.00002       1078889.28094
0.00000   0.00001   0.00000      0.00002       1086097.57759
0.00000   0.00001   0.00000      0.00002       1093329.87424
0.00000   0.00001   0.00000      0.00002       1115170.76419
0.00000   0.00001   0.00000      0.00002       1122499.06084
0.00000   0.00001   0.00000      0.00002       1137227.65415
0.00000   0.00001   0.00000      0.00002       1152052.24745
0.00000   0.00001   0.00000      0.00002       1159500.54410
0.00000   0.00001   0.00000      0.00002       1189533.73070
0.00000   0.00001   0.00000      0.00002       1197102.02735
0.00000   0.00001   0.00000      0.00002       1197102.02735
0.00000   0.00001   0.00000      0.00002       1227615.21395
0.00000   0.00001   0.00000      0.00002       1235303.51061
0.00000   0.00001   0.00000      0.00002       1250752.10391
0.00000   0.00001   0.00000      0.00002       1274104.99386
0.00000   0.00001   0.00000      0.00002       1266296.69721
0.00000   0.00001   0.00000      0.00002       1297673.88381
0.00000   0.00001   0.00000      0.00002       1297673.88381
0.00000   0.00001   0.00000      0.00002       1313506.47711
0.00000   0.00001   0.00000      0.00002       1361580.25702
0.00000   0.00001   0.00000      0.00002       1369676.55367
0.00000   0.00001   0.00000      0.00002       1377796.85032
0.00000   0.00001   0.00000      0.00002       1394109.44362
0.00000   0.00001   0.00000      0.00002       1402301.74027
0.00000   0.00001   0.00000      0.00002       1418758.33357
0.00000   0.00001   0.00000      0.00002       1435310.92687
0.00000   0.00001   0.00000      0.00002       1427022.63022
0.00000   0.00001   0.00000      0.00002       1451959.52017
0.00000   0.00001   0.00000      0.00002       1451959.52017
0.00000   0.00001   0.00000      0.00002       1460319.81683
0.00000   0.00001   0.00000      0.00002       1477112.41013
0.00000   0.00001   0.00000      0.00002       1477112.41013
0.00000   0.00001   0.00000      0.00002       1494001.00343
0.00000   0.00001   0.00000      0.00002       1502481.30008
0.00000   0.00001   0.00000      0.00002       1502481.30008
0.00000   0.00001   0.00000      0.00002       1502481.30008
0.00000   0.00001   0.00000      0.00002       1519513.89338
0.00000   0.00001   0.00000      0.00002       1536642.48668
0.00000   0.00001   0.00000      0.00002       1562515.37663
0.00000   0.00001   0.00000      0.00002       1571187.67328
0.00000   0.00001   0.00000      0.00002       1571187.67328
0.00000   0.00001   0.00000      0.00002       1579883.96994
0.00000   0.00001   0.00000      0.00002       1623725.45319
0.00000   0.00001   0.00000      0.00002       1659230.63979
0.00000   0.00001   0.00000      0.00002       1650318.34314
0.00000   0.00001   0.00000      0.00002       1650318.34314
0.00000   0.00001   0.00000      0.00002       1686111.52974
0.00000   0.00001   0.00000      0.00002       1704152.12305
0.00000   0.00001   0.00000      0.00002       1722288.71635
0.00000   0.00001   0.00000      0.00002       1731393.01300
0.00000   0.00001   0.00000      0.00002       1731393.01300
0.00000   0.00001   0.00000      0.00002       1758849.90295
0.00000   0.00001   0.00000      0.00002       1758849.90295
0.00000   0.00001   0.00000      0.00002       1768050.19960
0.00000   0.00001   0.00000      0.00002       1795795.08955
0.00000   0.00001   0.00000      0.00002       1805091.38620
0.00000   0.00001   0.00000      0.00002       1814411.68285
0.00000   0.00001   0.00000      0.00002       1814411.68285
0.00000   0.00001   0.00000      0.00002       1823755.97950
0.00000   0.00001   0.00000      0.00002       1833124.27616
0.00000   0.00001   0.00000      0.00002       1842516.57281
0.00000   0.00001   0.00000      0.00002       1842516.57281
0.00000   0.00001   0.00000      0.00002       1861373.16611
0.00000   0.00001   0.00000      0.00002       1861373.16611
0.00000   0.00001   0.00000      0.00002       1880325.75941
0.00000   0.00001   0.00000      0.00002       1889838.05606
0.00000   0.00001   0.00000      0.00002       1899374.35271
0.00000   0.00001   0.00000      0.00002       1918518.94601
0.00000   0.00001   0.00000      0.00002       1918518.94601
0.00000   0.00001   0.00000      0.00002       1928127.24266
0.00000   0.00001   0.00000      0.00002       1966800.42927
0.00000   0.00001   0.00000      0.00002       1976528.72592
0.00000   0.00001   0.00000      0.00002       1996057.31922
0.00000   0.00001   0.00000      0.00002       2025530.20917
0.00000   0.00001   0.00000      0.00002       2025530.20917
0.00000   0.00001   0.00000      0.00002       2045298.80247
0.00000   0.00001   0.00000      0.00002       2065163.39577
0.00000   0.00001   0.00000      0.00002       2075131.69242
0.00000   0.00001   0.00000      0.00002       2105180.58238
0.00000   0.00001   0.00000      0.00002       2105180.58238
0.00000   0.00001   0.00000      0.00002       2115244.87903
0.00000   0.00001   0.00000      0.00002       2145581.76898
0.00000   0.00001   0.00000      0.00002       2165926.36228
0.00000   0.00001   0.00000      0.00002       2206903.54888
0.00000   0.00001   0.00000      0.00002       2217207.84553
0.00000   0.00001   0.00000      0.00002       2217207.84553
0.00000   0.00001   0.00000      0.00002       2258665.03214
0.00000   0.00001   0.00000      0.00002       2269089.32879
0.00000   0.00001   0.00000      0.00002       2258665.03214
0.00000   0.00001   0.00000      0.00002       2290009.92209
0.00000   0.00001   0.00000      0.00002       2300506.21874
0.00000   0.00001   0.00000      0.00002       2311026.51539
0.00000   0.00001   0.00000      0.00002       2321570.81204
0.00000   0.00001   0.00000      0.00002       2311026.51539
0.00000   0.00001   0.00000      0.00002       2353347.70199
0.00000   0.00001   0.00000      0.00002       2363987.99864
0.00000   0.00001   0.00000      0.00002       2363987.99864
0.00000   0.00001   0.00000      0.00002       2406789.18525
0.00000   0.00001   0.00000      0.00002       2406789.18525
0.00000   0.00001   0.00000      0.00002       2439142.07520
0.00000   0.00001   0.00000      0.00002       2439142.07520
0.00000   0.00001   0.00000      0.00002       2439142.07520
0.00000   0.00001   0.00000      0.00002       2471710.96515
0.00000   0.00001   0.00000      0.00002       2493543.55845
0.00000   0.00001   0.00000      0.00002       2504495.85510
0.00000   0.00001   0.00000      0.00002       2548545.04171
0.00000   0.00001   0.00000      0.00002       2559617.33836
0.00000   0.00001   0.00000      0.00002       2581833.93166
0.00000   0.00001   0.00000      0.00002       2615338.82161
0.00000   0.00001   0.00000      0.00002       2649059.71156
0.00000   0.00001   0.00000      0.00002       2682996.60151
0.00000   0.00001   0.00000      0.00002       2694356.89817
0.00000   0.00001   0.00000      0.00002       2705741.19482
0.00000   0.00001   0.00000      0.00002       2728581.78812
0.00000   0.00001   0.00000      0.00002       2728581.78812
0.00000   0.00001   0.00000      0.00002       2751518.38142
0.00000   0.00001   0.00000      0.00002       2763022.67807
0.00000   0.00001   0.00000      0.00002       2774550.97472
0.00000   0.00001   0.00000      0.00002       2797679.56802
0.00000   0.00001   0.00000      0.00002       2797679.56802
0.00000   0.00001   0.00000      0.00002       2820904.16132
0.00000   0.00001   0.00000      0.00002       2867641.34793
0.00000   0.00001   0.00000      0.00002       2867641.34793
0.00000   0.00001   0.00000      0.00002       2879385.64458
0.00000   0.00001   0.00000      0.00002       2902946.23788
0.00000   0.00001   0.00000      0.00002       2914762.53453
0.00000   0.00001   0.00000      0.00002       2938467.12783
0.00000   0.00001   0.00000      0.00002       2950355.42448
0.00000   0.00001   0.00000      0.00002       2962267.72113
0.00000   0.00001   0.00000      0.00002       2986164.31443
0.00000   0.00001   0.00000      0.00002       2998148.61108
0.00000   0.00001   0.00000      0.00002       3034245.50104
0.00000   0.00001   0.00000      0.00002       3070558.39099
0.00000   0.00001   0.00000      0.00002       3082710.68764
0.00000   0.00001   0.00000      0.00002       3119311.57759
0.00000   0.00001   0.00000      0.00002       3131559.87424
0.00000   0.00001   0.00000      0.00002       3131559.87424
0.00000   0.00001   0.00000      0.00002       3168448.76419
0.00000   0.00001   0.00000      0.00002       3180793.06084
0.00000   0.00001   0.00000      0.00002       3205553.65415
0.00000   0.00001   0.00000      0.00002       3217969.95080
0.00000   0.00001   0.00000      0.00002       3230410.24745
0.00000   0.00001   0.00000      0.00002       3280411.43405
0.00000   0.00001   0.00000      0.00002       3292971.73070
0.00000   0.00001   0.00000      0.00002       3318164.32400
0.00000   0.00001   0.00000      0.00002       3343452.91730
0.00000   0.00001   0.00000      0.00002       3356133.21395
0.00000   0.00001   0.00000      0.00002       3356133.21395
0.00000   0.00001   0.00000      0.00002       3356133.21395
0.00000   0.00001   0.00000      0.00002       3394318.10391
0.00000   0.00001   0.00000      0.00002       3458439.58716
0.00000   0.00001   0.00000      0.00002       3445567.29051
0.00000   0.00001   0.00000      0.00002       3432718.99386
0.00000   0.00001   0.00000      0.00002       3471335.88381
0.00000   0.00001   0.00000      0.00002       3471335.88381
0.00000   0.00001   0.00000      0.00002       3484256.18046
0.00000   0.00001   0.00000      0.00002       3523161.07041
0.00000   0.00001   0.00000      0.00002       3536177.36706
0.00000   0.00001   0.00000      0.00002       3562281.96037
0.00000   0.00001   0.00000      0.00002       3575370.25702
0.00000   0.00001   0.00000      0.00002       3575370.25702
0.00000   0.00001   0.00000      0.00002       3614779.14697
0.00000   0.00001   0.00000      0.00002       3641171.74027
0.00000   0.00001   0.00000      0.00002       3654404.03692
0.00000   0.00001   0.00000      0.00002       3680940.63022
0.00000   0.00001   0.00000      0.00002       3694244.92687
0.00000   0.00001   0.00000      0.00002       3707573.22352
0.00000   0.00001   0.00000      0.00002       3720925.52017
0.00000   0.00001   0.00000      0.00002       3720925.52017
0.00000   0.00001   0.00000      0.00002       3774574.70678
0.00000   0.00001   0.00000      0.00002       3774574.70678
0.00000   0.00001   0.00000      0.00002       3788047.00343
0.00000   0.00001   0.00000      0.00002       3815063.59673
0.00000   0.00001   0.00000      0.00002       3855768.48668
0.00000   0.00001   0.00000      0.00002       3869384.78333
0.00000   0.00001   0.00000      0.00002       3896689.37663
0.00000   0.00001   0.00000      0.00002       3924089.96994
0.00000   0.00001   0.00000      0.00002       3951586.56324
0.00000   0.00001   0.00000      0.00002       3937826.26659
0.00000   0.00001   0.00000      0.00002       3951586.56324
0.00000   0.00001   0.00000      0.00002       3993011.45319
0.00000   0.00001   0.00000      0.00002       3979179.15654
0.00000   0.00001   0.00000      0.00002       3993011.45319
0.00000   0.00001   0.00000      0.00002       4020748.04649
0.00000   0.00001   0.00000      0.00002       4020748.04649
0.00000   0.00001   0.00000      0.00002       4062532.93644
0.00000   0.00001   0.00000      0.00002       4062532.93644
0.00000   0.00001   0.00000      0.00002       4062532.93644
0.00000   0.00001   0.00000      0.00002       4104533.82639
0.00000   0.00001   0.00000      0.00002       4118582.12305
0.00000   0.00001   0.00000      0.00002       4146750.71635
0.00000   0.00001   0.00000      0.00002       4175015.30965
0.00000   0.00001   0.00000      0.00002       4189183.60630
0.00000   0.00001   0.00000      0.00002       4203375.90295
0.00000   0.00001   0.00000      0.00002       4246096.79290
0.00000   0.00001   0.00000      0.00002       4274697.38620
0.00000   0.00001   0.00000      0.00002       4332186.57281
0.00000   0.00001   0.00000      0.00002       4332186.57281
0.00000   0.00001   0.00000      0.00002       4346618.86946
0.00000   0.00001   0.00000      0.00002       4375555.46276
0.00000   0.00001   0.00000      0.00002       4375555.46276
0.00000   0.00001   0.00000      0.00002       4404588.05606
0.00000   0.00001   0.00000      0.00002       4448316.94601
0.00000   0.00001   0.00000      0.00002       4462941.24266
0.00000   0.00001   0.00000      0.00002       4477589.53931
0.00000   0.00001   0.00000      0.00002       4506958.13261
0.00000   0.00001   0.00000      0.00002       4521678.42927
0.00000   0.00001   0.00000      0.00002       4595639.91252
0.00000   0.00001   0.00000      0.00002       4610504.20917
0.00000   0.00001   0.00000      0.00002       4640304.80247
0.00000   0.00001   0.00000      0.00002       4640304.80247
0.00000   0.00001   0.00000      0.00002       4640304.80247
0.00000   0.00001   0.00000      0.00002       4670201.39577
0.00000   0.00001   0.00000      0.00002       4685185.69242
0.00000   0.00001   0.00000      0.00002       4685185.69242
0.00000   0.00001   0.00000      0.00002       4700193.98907
0.00000   0.00001   0.00000      0.00002       4700193.98907
0.00000   0.00001   0.00000      0.00002       4715226.28572
0.00000   0.00001   0.00000      0.00002       4745362.87903
0.00000   0.00001   0.00000      0.00002       4745362.87903
0.00000   0.00001   0.00000      0.00002       4790747.76898
0.00000   0.00001   0.00000      0.00002       4805924.06563
0.00000   0.00001   0.00000      0.00002       4805924.06563
0.00000   0.00001   0.00000      0.00002       4851596.95558
0.00000   0.00001   0.00000      0.00002       4851596.95558
0.00000   0.00001   0.00000      0.00002       4866869.25223
0.00000   0.00001   0.00000      0.00002       4897485.84553
0.00000   0.00001   0.00000      0.00002       4912830.14218
0.00000   0.00001   0.00000      0.00002       4943590.73549
0.00000   0.00001   0.00000      0.00002       4959007.03214
0.00000   0.00001   0.00000      0.00002       4974447.32879
0.00000   0.00001   0.00000      0.00002       5020912.21874
0.00000   0.00001   0.00000      0.00002       5036448.51539
0.00000   0.00001   0.00000      0.00002       5067593.10869
0.00000   0.00001   0.00000      0.00002       5098833.70199
0.00000   0.00001   0.00000      0.00002       5114489.99864
0.00000   0.00001   0.00000      0.00002       5130170.29529
0.00000   0.00001   0.00000      0.00002       5177355.18525
0.00000   0.00001   0.00000      0.00002       5208931.77855
0.00000   0.00001   0.00000      0.00002       5256476.66850
0.00000   0.00001   0.00000      0.00002       5272372.96515
0.00000   0.00001   0.00000      0.00002       5304237.55845
0.00000   0.00001   0.00000      0.00002       5336198.15175
0.00000   0.00001   0.00000      0.00002       5336198.15175
0.00000   0.00001   0.00000      0.00002       5352214.44840
0.00000   0.00001   0.00000      0.00002       5368254.74506
0.00000   0.00001   0.00000      0.00002       5352214.44840
0.00000   0.00001   0.00000      0.00002       5400407.33836
0.00000   0.00001   0.00000      0.00002       5400407.33836
0.00000   0.00001   0.00000      0.00002       5400407.33836
0.00000   0.00001   0.00000      0.00002       5432655.93166
0.00000   0.00001   0.00000      0.00002       5448816.22831
0.00000   0.00001   0.00000      0.00002       5465000.52496
0.00000   0.00001   0.00000      0.00002       5481208.82161
0.00000   0.00001   0.00000      0.00002       5497441.11826
0.00000   0.00001   0.00000      0.00002       5513697.41491
0.00000   0.00001   0.00000      0.00002       5562610.30486
0.00000   0.00001   0.00000      0.00002       5628163.49147
0.00000   0.00001   0.00000      0.00002       5644611.78812
0.00000   0.00001   0.00000      0.00002       5644611.78812
0.00000   0.00001   0.00000      0.00002       5644611.78812
0.00000   0.00001   0.00000      0.00002       5661084.08477
0.00000   0.00001   0.00000      0.00002       5677580.38142
0.00000   0.00001   0.00000      0.00002       5727213.27137
0.00000   0.00001   0.00000      0.00002       5760421.86467
0.00000   0.00001   0.00000      0.00002       5760421.86467
0.00000   0.00001   0.00000      0.00002       5827127.05128
0.00000   0.00001   0.00000      0.00002       5827127.05128
0.00000   0.00001   0.00000      0.00002       5860623.64458
0.00000   0.00001   0.00000      0.00002       5911048.53453
0.00000   0.00001   0.00000      0.00002       5927904.83118
0.00000   0.00001   0.00000      0.00002       5995570.01778
0.00000   0.00001   0.00000      0.00002       6012546.31443
0.00000   0.00001   0.00000      0.00002       6029546.61108
0.00000   0.00001   0.00000      0.00002       6063619.20439
0.00000   0.00001   0.00000      0.00002       6080691.50104
0.00000   0.00001   0.00000      0.00002       6097787.79769
0.00000   0.00001   0.00000      0.00002       6114908.09434
0.00000   0.00001   0.00000      0.00002       6132052.39099
0.00000   0.00001   0.00000      0.00002       6166412.98429
0.00000   0.00001   0.00000      0.00002       6166412.98429
0.00000   0.00001   0.00000      0.00002       6183629.28094
0.00000   0.00001   0.00000      0.00002       6235422.17089
0.00000   0.00001   0.00000      0.00002       6252734.46754
0.00000   0.00001   0.00000      0.00002       6252734.46754
0.00000   0.00001   0.00000      0.00002       6287431.06084
0.00000   0.00001   0.00000      0.00002       6304815.35750
0.00000   0.00001   0.00000      0.00002       6339655.95080
0.00000   0.00001   0.00000      0.00002       6357112.24745
0.00000   0.00001   0.00000      0.00002       6374592.54410
0.00000   0.00001   0.00000      0.00002       6427177.43405
0.00000   0.00001   0.00000      0.00002       6427177.43405
0.00000   0.00001   0.00000      0.00002       6427177.43405
0.00000   0.00001   0.00000      0.00002       6479978.32400
0.00000   0.00001   0.00000      0.00002       6532995.21395
0.00000   0.00001   0.00000      0.00002       6568459.80726
0.00000   0.00001   0.00000      0.00002       6621836.69721
0.00000   0.00001   0.00000      0.00002       6621836.69721
0.00000   0.00001   0.00000      0.00002       6711278.18046
0.00000   0.00001   0.00000      0.00002       6747222.77376
0.00000   0.00001   0.00000      0.00002       6801319.66372
0.00000   0.00001   0.00000      0.00002       6837504.25702
0.00000   0.00001   0.00000      0.00002       6855632.55367
0.00000   0.00001   0.00000      0.00002       6891961.14697
0.00000   0.00001   0.00000      0.00002       6928385.74027
0.00000   0.00001   0.00000      0.00002       6928385.74027
0.00000   0.00001   0.00000      0.00002       6964906.33357
0.00000   0.00001   0.00000      0.00002       6964906.33357
0.00000   0.00001   0.00000      0.00002       6983202.63022
0.00000   0.00001   0.00000      0.00002       7056627.81683
0.00000   0.00001   0.00000      0.00002       7075044.11348
0.00000   0.00001   0.00000      0.00002       7093484.41013
0.00000   0.00001   0.00000      0.00002       7111948.70678
0.00000   0.00001   0.00000      0.00002       7130437.00343
0.00000   0.00001   0.00000      0.00002       7167485.59673
0.00000   0.00001   0.00000      0.00002       7223238.48668
0.00000   0.00001   0.00000      0.00002       7241870.78333
0.00000   0.00001   0.00000      0.00002       7279207.37663
0.00000   0.00001   0.00000      0.00002       7335392.26659
0.00000   0.00001   0.00000      0.00002       7316639.96994
0.00000   0.00001   0.00000      0.00002       7354168.56324
0.00000   0.00001   0.00000      0.00002       7372968.85989
0.00000   0.00001   0.00000      0.00002       7410641.45319
0.00000   0.00001   0.00000      0.00002       7448410.04649
0.00000   0.00001   0.00000      0.00002       7505242.93644
0.00000   0.00001   0.00000      0.00002       7505242.93644
0.00000   0.00001   0.00000      0.00002       7543251.52974
0.00000   0.00001   0.00000      0.00002       7562291.82639
0.00000   0.00001   0.00000      0.00002       7619556.71635
0.00000   0.00001   0.00000      0.00002       7638693.01300
0.00000   0.00001   0.00000      0.00002       7677037.60630
0.00000   0.00001   0.00000      0.00002       7696245.90295
0.00000   0.00001   0.00000      0.00002       7696245.90295
0.00000   0.00001   0.00000      0.00002       7696245.90295
0.00000   0.00001   0.00000      0.00002       7715478.19960
0.00000   0.00001   0.00000      0.00002       7734734.49625
0.00000   0.00001   0.00000      0.00002       7773319.08955
0.00000   0.00001   0.00000      0.00002       7773319.08955
0.00000   0.00001   0.00000      0.00002       7792647.38620
0.00000   0.00001   0.00000      0.00002       7792647.38620
0.00000   0.00001   0.00000      0.00002       7811999.68285
0.00000   0.00001   0.00000      0.00002       7850776.27616
0.00000   0.00001   0.00000      0.00002       7870200.57281
0.00000   0.00001   0.00000      0.00002       7909121.16611
0.00000   0.00001   0.00000      0.00002       7909121.16611
0.00000   0.00001   0.00000      0.00002       7948137.75941
0.00000   0.00001   0.00000      0.00002       7987250.35271
0.00000   0.00001   0.00000      0.00002       8046099.24266
0.00000   0.00001   0.00000      0.00002       8065763.53931
0.00000   0.00001   0.00000      0.00002       8124900.42927
0.00000   0.00001   0.00000      0.00002       8144660.72592
0.00000   0.00001   0.00000      0.00002       8164445.02257
0.00000   0.00001   0.00000      0.00002       8184253.31922
0.00000   0.00001   0.00000      0.00002       8243822.20917
0.00000   0.00001   0.00000      0.00002       8243822.20917
0.00000   0.00001   0.00000      0.00002       8283654.80247
0.00000   0.00001   0.00000      0.00002       8323583.39577
0.00000   0.00001   0.00000      0.00002       8343583.69242
0.00000   0.00001   0.00000      0.00002       8383656.28572
0.00000   0.00001   0.00000      0.00002       8443945.17568
0.00000   0.00001   0.00000      0.00002       8484257.76898
0.00000   0.00001   0.00000      0.00002       8544906.65893
0.00000   0.00001   0.00000      0.00002       8585459.25223
0.00000   0.00001   0.00000      0.00002       8585459.25223
0.00000   0.00001   0.00000      0.00002       8605771.54888
0.00000   0.00001   0.00000      0.00002       8605771.54888
0.00000   0.00001   0.00000      0.00002       8646468.14218
0.00000   0.00001   0.00000      0.00002       8666852.43883
0.00000   0.00001   0.00000      0.00002       8728149.32879
0.00000   0.00001   0.00000      0.00002       8789662.21874
0.00000   0.00001   0.00000      0.00002       8810214.51539
0.00000   0.00001   0.00000      0.00002       8892663.70199
0.00000   0.00001   0.00000      0.00002       8954752.59195
0.00000   0.00001   0.00000      0.00002       8954752.59195
0.00000   0.00001   0.00000      0.00002       9017057.48190
0.00000   0.00001   0.00000      0.00002       9037873.77855
0.00000   0.00001   0.00000      0.00002       9058714.07520
0.00000   0.00001   0.00000      0.00002       9121378.96515
0.00000   0.00001   0.00000      0.00002       9121378.96515
0.00000   0.00001   0.00000      0.00002       9184259.85510
0.00000   0.00001   0.00000      0.00002       9226300.44840
0.00000   0.00001   0.00000      0.00002       9226300.44840
0.00000   0.00001   0.00000      0.00002       9289541.33836
0.00000   0.00001   0.00000      0.00002       9331821.93166
0.00000   0.00001   0.00000      0.00002       9352998.22831
0.00000   0.00001   0.00000      0.00002       9416671.11826
0.00000   0.00001   0.00000      0.00002       9416671.11826
0.00000   0.00001   0.00000      0.00002       9416671.11826
0.00000   0.00001   0.00000      0.00002       9459239.71156
0.00000   0.00001   0.00000      0.00002       9437943.41491
0.00000   0.00001   0.00000      0.00002       9480560.00821
0.00000   0.00001   0.00000      0.00002       9523272.60151
0.00000   0.00001   0.00000      0.00002       9501904.30486
0.00000   0.00001   0.00000      0.00002       9587521.49147
0.00000   0.00001   0.00000      0.00002       9587521.49147
0.00000   0.00001   0.00000      0.00002       9630474.08477
0.00000   0.00001   0.00000      0.00002       9695082.97472
0.00000   0.00001   0.00000      0.00002       9695082.97472
0.00000   0.00001   0.00000      0.00002       9738275.56802
0.00000   0.00001   0.00000      0.00002       9781564.16132
0.00000   0.00001   0.00000      0.00002       9824948.75462
0.00000   0.00001   0.00000      0.00002       9890205.64458
0.00000   0.00001   0.00000      0.00002       9955678.53453
0.00000   0.00001   0.00000      0.00002       9955678.53453
0.00000   0.00001   0.00000      0.00002       10043311.72113
0.00000   0.00001   0.00000      0.00002       9977550.83118
0.00000   0.00001   0.00000      0.00002       9999447.12783
0.00000   0.00001   0.00000      0.00002       10043311.72113
0.00000   0.00001   0.00000      0.00002       9977550.83118
0.00000   0.00001   0.00000      0.00002       10021367.42448
0.00000   0.00001   0.00000      0.00002       9999447.12783
0.00000   0.00001   0.00000      0.00002       9955678.53453
0.00000   0.00001   0.00000      0.00002       10043311.72113
0.00000   0.00001   0.00000      0.00002       9977550.83118
0.00000   0.00001   0.00000      0.00002       9977550.83118
0.00000   0.00001   0.00000      0.00002       10021367.42448
0.00000   0.00001   0.00000      0.00002       9955678.53453
0.00000   0.00001   0.00000      0.00002       9999447.12783
0.00000   0.00001   0.00000      0.00002       9999447.12783
0.00000   0.00001   0.00000      0.00002       9933830.23788
0.00000   0.00001   0.00000      0.00002       9999447.12783
0.00000   0.00001   0.00000      0.00002       9977550.83118
0.00000   0.00001   0.00000      0.00002       9955678.53453
0.00000   0.00001   0.00000      0.00002       9999447.12783
0.00000   0.00001   0.00000      0.00002       9977550.83118
0.00000   0.00001   0.00000      0.00002       9999447.12783
0.00000   0.00001   0.00000      0.00002       10021367.42448
0.00000   0.00001   0.00000      0.00002       9955678.53453
0.00000   0.00001   0.00000      0.00002       10021367.42448
0.00000   0.00001   0.00000      0.00002       9999447.12783
0.00000   0.00001   0.00000      0.00002       9977550.83118
0.00000   0.00001   0.00000      0.00002       10021367.42448
0.00000   0.00001   0.00000      0.00002       9977550.83118
0.00000   0.00001   0.00000      0.00002       10021367.42448
0.00000   0.00001   0.00000      0.00002       10021367.42448
0.00000   0.00001   0.00000      0.00002       9977550.83118
0.00000   0.00001   0.00000      0.00002       10043311.72113
0.00000   0.00001   0.00000      0.00002       9999447.12783
0.00000   0.00001   0.00000      0.00002       9977550.83118
0.00000   0.00001   0.00000      0.00002       10043311.72113
0.00000   0.00001   0.00000      0.00002       9977550.83118
0.00000   0.00001   0.00000      0.00002       9999447.12783
0.00000   0.00001   0.00000      0.00002       10043311.72113
0.00000   0.00001   0.00000      0.00002       9955678.53453
0.00000   0.00001   0.00000      0.00002       9999447.12783
0.00000   0.00001   0.00000      0.00002       10021367.42448
0.00000   0.00001   0.00000      0.00002       9999447.12783
0.00000   0.00001   0.00000      0.00002       10021367.42448
0.00000   0.00001   0.00000      0.00002       9977550.83118
0.00000   0.00001   0.00000      0.00002       9999447.12783
0.00000   0.00001   0.00000      0.00002       10021367.42448
0.00000   0.00001   0.00000      0.00002       9933830.23788
0.00000   0.00001   0.00000      0.00002       9999447.12783
0.00000   0.00001   0.00000      0.00002       9977550.83118
0.00000   0.00001   0.00000      0.00002       9955678.53453
0.00000   0.00001   0.00000      0.00002       9999447.12783
0.00000   0.00001   0.00000      0.00002       9955678.53453
0.00000   0.00001   0.00000      0.00002       9977550.83118
0.00000   0.00001   0.00000      0.00002       9999447.12783
0.00000   0.00001   0.00000      0.00002       9933830.23788
0.00000   0.00001   0.00000      0.00002       9999447.12783
0.00000   0.00001   0.00000      0.00002       9999447.12783
0.00000   0.00001   0.00000      0.00002       9955678.53453
0.00000   0.00001   0.00000      0.00002       9999447.12783
0.00000   0.00001   0.00000      0.00002       9999447.12783
0.00000   0.00001   0.00000      0.00002       9999447.12783
0.00000   0.00001   0.00000      0.00002       9977550.83118
0.00000   0.00001   0.00000      0.00002       9999447.12783
0.00000   0.00001   0.00000      0.00002       10021367.42448
0.00000   0.00001   0.00000      0.00002       10021367.42448
0.00000   0.00001   0.00000      0.00002       10043311.72113
0.00000   0.00001   0.00000      0.00002       10065280.01778
0.00000   0.00001   0.00000      0.00002       9868429.34793
0.00000   0.00001   0.00000      0.00002       9955678.53453
0.00000   0.00001   0.00000      0.00002       9999447.12783
0.00000   0.00001   0.00000      0.00002       9955678.53453
0.00000   0.00001   0.00000      0.00002       9999447.12783
0.00000   0.00001   0.00000      0.00002       10021367.42448
0.00000   0.00001   0.00000      0.00002       9977550.83118
0.00000   0.00001   0.00000      0.00002       9999447.12783
0.00000   0.00001   0.00000      0.00002       9977550.83118
0.00000   0.00001   0.00000      0.00002       9977550.83118
0.00000   0.00001   0.00000      0.00002       10021367.42448
0.00000   0.00001   0.00000      0.00002       9933830.23788
0.00000   0.00001   0.00000      0.00002       9977550.83118
0.00000   0.00001   0.00000      0.00002       10021367.42448
0.00000   0.00001   0.00000      0.00002       9955678.53453
0.00000   0.00001   0.00000      0.00002       9999447.12783
0.00000   0.00001   0.00000      0.00002       9977550.83118
0.00000   0.00001   0.00000      0.00002       9955678.53453
0.00000   0.00001   0.00000      0.00002       9999447.12783
0.00000   0.00001   0.00000      0.00002       9933830.23788
0.00000   0.00001   0.00000      0.00002       9955678.53453
0.00000   0.00001   0.00000      0.00002       9977550.83118
0.00000   0.00001   0.00000      0.00002       9912005.94123
0.00000   0.00001   0.00000      0.00002       9999447.12783
0.00000   0.00001   0.00000      0.00002       9977550.83118
0.00000   0.00001   0.00000      0.00002       9933830.23788
0.00000   0.00001   0.00000      0.00002       9977550.83118
0.00000   0.00001   0.00000      0.00002       9890205.64458
0.00000   0.00001   0.00000      0.00002       9955678.53453
0.00000   0.00001   0.00000      0.00002       9999447.12783
0.00000   0.00001   0.00000      0.00002       9912005.94123
0.00000   0.00001   0.00000      0.00002       9955678.53453
0.00000   0.00001   0.00000      0.00002       9977550.83118
0.00000   0.00001   0.00000      0.00002       9955678.53453
0.00000   0.00001   0.00000      0.00002       9977550.83118
0.00000   0.00001   0.00000      0.00002       9933830.23788
0.00000   0.00001   0.00000      0.00002       9933830.23788
0.00000   0.00001   0.00000      0.00002       9955678.53453
0.00000   0.00001   0.00000      0.00002       9868429.34793
0.00000   0.00001   0.00000      0.00002       9868429.34793
0.00000   0.00001   0.00000      0.00002       9803244.45797
0.00000   0.00001   0.00000      0.00002       9716667.27137
0.00000   0.00001   0.00000      0.00002       9738275.56802
0.00000   0.00001   0.00000      0.00002       9695082.97472
0.00000   0.00001   0.00000      0.00002       9695082.97472
0.00000   0.00001   0.00000      0.00002       9738275.56802
0.00000   0.00001   0.00000      0.00002       9651986.38142
0.00000   0.00001   0.00000      0.00002       9651986.38142
0.00000   0.00001   0.00000      0.00002       9630474.08477
0.00000   0.00001   0.00000      0.00002       9566081.19482
0.00000   0.00001   0.00000      0.00002       9587521.49147
0.00000   0.00001   0.00000      0.00002       9566081.19482
0.00000   0.00001   0.00000      0.00002       9523272.60151
0.00000   0.00001   0.00000      0.00002       9544664.89817
0.00000   0.00001   0.00000      0.00002       9480560.00821
0.00000   0.00001   0.00000      0.00002       9480560.00821
0.00000   0.00001   0.00000      0.00002       9459239.71156
0.00000   0.00001   0.00000      0.00002       9374198.52496
0.00000   0.00001   0.00000      0.00002       9395422.82161
0.00000   0.00001   0.00000      0.00002       9331821.93166
0.00000   0.00001   0.00000      0.00002       9310669.63501
0.00000   0.00001   0.00000      0.00002       9310669.63501
0.00000   0.00001   0.00000      0.00002       9247356.74506
0.00000   0.00001   0.00000      0.00002       9226300.44840
0.00000   0.00001   0.00000      0.00002       9184259.85510
0.00000   0.00001   0.00000      0.00002       9121378.96515
0.00000   0.00001   0.00000      0.00002       9100466.66850
0.00000   0.00001   0.00000      0.00002       9037873.77855
0.00000   0.00001   0.00000      0.00002       8996265.18525
0.00000   0.00001   0.00000      0.00002       8975496.88860
0.00000   0.00001   0.00000      0.00002       8913335.99864
0.00000   0.00001   0.00000      0.00002       8892663.70199
0.00000   0.00001   0.00000      0.00002       8892663.70199
0.00000   0.00001   0.00000      0.00002       8851391.10869
0.00000   0.00001   0.00000      0.00002       8830790.81204
0.00000   0.00001   0.00000      0.00002       8769133.92209
0.00000   0.00001   0.00000      0.00002       8748629.62544
0.00000   0.00001   0.00000      0.00002       8748629.62544
0.00000   0.00001   0.00000      0.00002       8728149.32879
0.00000   0.00001   0.00000      0.00002       8728149.32879
0.00000   0.00001   0.00000      0.00002       8707693.03214
0.00000   0.00001   0.00000      0.00002       8687260.73549
0.00000   0.00001   0.00000      0.00002       8666852.43883
0.00000   0.00001   0.00000      0.00002       8646468.14218
0.00000   0.00001   0.00000      0.00002       8585459.25223
0.00000   0.00001   0.00000      0.00002       8585459.25223
0.00000   0.00001   0.00000      0.00002       8544906.65893
0.00000   0.00001   0.00000      0.00002       8504450.06563
0.00000   0.00001   0.00000      0.00002       8464089.47233
0.00000   0.00001   0.00000      0.00002       8423824.87903
0.00000   0.00001   0.00000      0.00002       8403728.58238
0.00000   0.00001   0.00000      0.00002       8363607.98907
0.00000   0.00001   0.00000      0.00002       8343583.69242
0.00000   0.00001   0.00000      0.00002       8303607.09912
0.00000   0.00001   0.00000      0.00002       8243822.20917
0.00000   0.00001   0.00000      0.00002       8204085.61587
0.00000   0.00001   0.00000      0.00002       8164445.02257
0.00000   0.00001   0.00000      0.00002       8105164.13261
0.00000   0.00001   0.00000      0.00002       8065763.53931
0.00000   0.00001   0.00000      0.00002       8026458.94601
0.00000   0.00001   0.00000      0.00002       8026458.94601
0.00000   0.00001   0.00000      0.00002       7987250.35271
0.00000   0.00001   0.00000      0.00002       7948137.75941
0.00000   0.00001   0.00000      0.00002       7928617.46276
0.00000   0.00001   0.00000      0.00002       7909121.16611
0.00000   0.00001   0.00000      0.00002       7909121.16611
0.00000   0.00001   0.00000      0.00002       7889648.86946
0.00000   0.00001   0.00000      0.00002       7870200.57281
0.00000   0.00001   0.00000      0.00002       7831375.97950
0.00000   0.00001   0.00000      0.00002       7831375.97950
0.00000   0.00001   0.00000      0.00002       7792647.38620
0.00000   0.00001   0.00000      0.00002       7792647.38620
0.00000   0.00001   0.00000      0.00002       7754014.79290
0.00000   0.00001   0.00000      0.00002       7715478.19960
0.00000   0.00001   0.00000      0.00002       7696245.90295
0.00000   0.00001   0.00000      0.00002       7638693.01300
0.00000   0.00001   0.00000      0.00002       7600444.41970
0.00000   0.00001   0.00000      0.00002       7581356.12305
0.00000   0.00001   0.00000      0.00002       7505242.93644
0.00000   0.00001   0.00000      0.00002       7486274.63979
0.00000   0.00001   0.00000      0.00002       7448410.04649
0.00000   0.00001   0.00000      0.00002       7391793.15654
0.00000   0.00001   0.00000      0.00002       7354168.56324
0.00000   0.00001   0.00000      0.00002       7335392.26659
0.00000   0.00001   0.00000      0.00002       7297911.67328
0.00000   0.00001   0.00000      0.00002       7279207.37663
0.00000   0.00001   0.00000      0.00002       7223238.48668
0.00000   0.00001   0.00000      0.00002       7223238.48668
0.00000   0.00001   0.00000      0.00002       7204630.19003
0.00000   0.00001   0.00000      0.00002       7186045.89338
0.00000   0.00001   0.00000      0.00002       7167485.59673
0.00000   0.00001   0.00000      0.00002       7130437.00343
0.00000   0.00001   0.00000      0.00002       7111948.70678
0.00000   0.00001   0.00000      0.00002       7093484.41013
0.00000   0.00001   0.00000      0.00002       7056627.81683
0.00000   0.00001   0.00000      0.00002       7075044.11348
0.00000   0.00001   0.00000      0.00002       7038235.52017
0.00000   0.00001   0.00000      0.00002       7019867.22352
0.00000   0.00001   0.00000      0.00002       7001522.92687
0.00000   0.00001   0.00000      0.00002       6983202.63022
0.00000   0.00001   0.00000      0.00002       6964906.33357
0.00000   0.00001   0.00000      0.00002       6946634.03692
0.00000   0.00001   0.00000      0.00002       6928385.74027
0.00000   0.00001   0.00000      0.00002       6928385.74027
0.00000   0.00001   0.00000      0.00002       6873784.85032
0.00000   0.00001   0.00000      0.00002       6855632.55367
0.00000   0.00001   0.00000      0.00002       6837504.25702
0.00000   0.00001   0.00000      0.00002       6801319.66372
0.00000   0.00001   0.00000      0.00002       6765231.07041
0.00000   0.00001   0.00000      0.00002       6729238.47711
0.00000   0.00001   0.00000      0.00002       6693341.88381
0.00000   0.00001   0.00000      0.00002       6675429.58716
0.00000   0.00001   0.00000      0.00002       6657541.29051
0.00000   0.00001   0.00000      0.00002       6586228.10391
0.00000   0.00001   0.00000      0.00002       6568459.80726
0.00000   0.00001   0.00000      0.00002       6515298.91730
0.00000   0.00001   0.00000      0.00002       6497626.62065
0.00000   0.00001   0.00000      0.00002       6444753.73070
0.00000   0.00001   0.00000      0.00002       6392096.84075
0.00000   0.00001   0.00000      0.00002       6374592.54410
0.00000   0.00001   0.00000      0.00002       6374592.54410
0.00000   0.00001   0.00000      0.00002       6339655.95080
0.00000   0.00001   0.00000      0.00002       6357112.24745
0.00000   0.00001   0.00000      0.00002       6322223.65415
0.00000   0.00001   0.00000      0.00002       6270070.76419
0.00000   0.00001   0.00000      0.00002       6218133.87424
0.00000   0.00001   0.00000      0.00002       6200869.57759
0.00000   0.00001   0.00000      0.00002       6200869.57759
0.00000   0.00001   0.00000      0.00002       6200869.57759
0.00000   0.00001   0.00000      0.00002       6166412.98429
0.00000   0.00001   0.00000      0.00002       6166412.98429
0.00000   0.00001   0.00000      0.00002       6149220.68764
0.00000   0.00001   0.00000      0.00002       6132052.39099
0.00000   0.00001   0.00000      0.00002       6114908.09434
0.00000   0.00001   0.00000      0.00002       6097787.79769
0.00000   0.00001   0.00000      0.00002       6080691.50104
0.00000   0.00001   0.00000      0.00002       6046570.90773
0.00000   0.00001   0.00000      0.00002       5995570.01778
0.00000   0.00001   0.00000      0.00002       5978617.72113
0.00000   0.00001   0.00000      0.00002       5944785.12783
0.00000   0.00001   0.00000      0.00002       5894216.23788
0.00000   0.00001   0.00000      0.00002       5894216.23788
0.00000   0.00001   0.00000      0.00002       5827127.05128
0.00000   0.00001   0.00000      0.00002       5810414.75462
0.00000   0.00001   0.00000      0.00002       5793726.45797
0.00000   0.00001   0.00000      0.00002       5743805.56802
0.00000   0.00001   0.00000      0.00002       5727213.27137
0.00000   0.00001   0.00000      0.00002       5677580.38142
0.00000   0.00001   0.00000      0.00002       5644611.78812
0.00000   0.00001   0.00000      0.00002       5644611.78812
0.00000   0.00001   0.00000      0.00002       5595338.89817
0.00000   0.00001   0.00000      0.00002       5578962.60151
0.00000   0.00001   0.00000      0.00002       5562610.30486
0.00000   0.00001   0.00000      0.00002       5529977.71156
0.00000   0.00001   0.00000      0.00002       5497441.11826
0.00000   0.00001   0.00000      0.00002       5465000.52496
0.00000   0.00001   0.00000      0.00002       5432655.93166
0.00000   0.00001   0.00000      0.00002       5416519.63501
0.00000   0.00001   0.00000      0.00002       5384319.04171
0.00000   0.00001   0.00000      0.00002       5400407.33836
0.00000   0.00001   0.00000      0.00002       5384319.04171
0.00000   0.00001   0.00000      0.00002       5352214.44840
0.00000   0.00001   0.00000      0.00002       5368254.74506
0.00000   0.00001   0.00000      0.00002       5336198.15175
0.00000   0.00001   0.00000      0.00002       5304237.55845
0.00000   0.00001   0.00000      0.00002       5304237.55845
0.00000   0.00001   0.00000      0.00002       5272372.96515
0.00000   0.00001   0.00000      0.00002       5256476.66850
0.00000   0.00001   0.00000      0.00002       5224756.07520
0.00000   0.00001   0.00000      0.00002       5177355.18525
0.00000   0.00001   0.00000      0.00002       5145874.59195
0.00000   0.00001   0.00000      0.00002       5098833.70199
0.00000   0.00001   0.00000      0.00002       5083201.40534
0.00000   0.00001   0.00000      0.00002       5052008.81204
0.00000   0.00001   0.00000      0.00002       5036448.51539
0.00000   0.00001   0.00000      0.00002       5036448.51539
0.00000   0.00001   0.00000      0.00002       5005399.92209
0.00000   0.00001   0.00000      0.00002       4943590.73549
0.00000   0.00001   0.00000      0.00002       4912830.14218
0.00000   0.00001   0.00000      0.00002       4866869.25223
0.00000   0.00001   0.00000      0.00002       4821124.36228
0.00000   0.00001   0.00000      0.00002       4836348.65893
0.00000   0.00001   0.00000      0.00002       4805924.06563
0.00000   0.00001   0.00000      0.00002       4805924.06563
0.00000   0.00001   0.00000      0.00002       4805924.06563
0.00000   0.00001   0.00000      0.00002       4775595.47233
0.00000   0.00001   0.00000      0.00002       4745362.87903
0.00000   0.00001   0.00000      0.00002       4715226.28572
0.00000   0.00001   0.00000      0.00002       4685185.69242
0.00000   0.00001   0.00000      0.00002       4685185.69242
0.00000   0.00001   0.00000      0.00002       4685185.69242
0.00000   0.00001   0.00000      0.00002       4670201.39577
0.00000   0.00001   0.00000      0.00002       4655241.09912
0.00000   0.00001   0.00000      0.00002       4625392.50582
0.00000   0.00001   0.00000      0.00002       4610504.20917
0.00000   0.00001   0.00000      0.00002       4595639.91252
0.00000   0.00001   0.00000      0.00002       4565983.31922
0.00000   0.00001   0.00000      0.00002       4551191.02257
0.00000   0.00001   0.00000      0.00002       4506958.13261
0.00000   0.00001   0.00000      0.00002       4477589.53931
0.00000   0.00001   0.00000      0.00002       4462941.24266
0.00000   0.00001   0.00000      0.00002       4433716.64936
0.00000   0.00001   0.00000      0.00002       4390059.75941
0.00000   0.00001   0.00000      0.00002       4361075.16611
0.00000   0.00001   0.00000      0.00002       4332186.57281
0.00000   0.00001   0.00000      0.00002       4317778.27616
0.00000   0.00001   0.00000      0.00002       4289033.68285
0.00000   0.00001   0.00000      0.00002       4231832.49625
0.00000   0.00001   0.00000      0.00002       4231832.49625
0.00000   0.00001   0.00000      0.00002       4175015.30965
0.00000   0.00001   0.00000      0.00002       4160871.01300
0.00000   0.00001   0.00000      0.00002       4146750.71635
0.00000   0.00001   0.00000      0.00002       4132654.41970
0.00000   0.00001   0.00000      0.00002       4132654.41970
0.00000   0.00001   0.00000      0.00002       4076509.23309
0.00000   0.00001   0.00000      0.00002       4034652.34314
0.00000   0.00001   0.00000      0.00002       4020748.04649
0.00000   0.00001   0.00000      0.00002       3979179.15654
0.00000   0.00001   0.00000      0.00002       3965370.85989
0.00000   0.00001   0.00000      0.00002       3937826.26659
0.00000   0.00001   0.00000      0.00002       3896689.37663
0.00000   0.00001   0.00000      0.00002       3896689.37663
0.00000   0.00001   0.00000      0.00002       3869384.78333
0.00000   0.00001   0.00000      0.00002       3828607.89338
0.00000   0.00001   0.00000      0.00002       3815063.59673
0.00000   0.00001   0.00000      0.00002       3761126.41013
0.00000   0.00001   0.00000      0.00002       3734301.81683
0.00000   0.00001   0.00000      0.00002       3720925.52017
0.00000   0.00001   0.00000      0.00002       3680940.63022
0.00000   0.00001   0.00000      0.00002       3667660.33357
0.00000   0.00001   0.00000      0.00002       3627963.44362
0.00000   0.00001   0.00000      0.00002       3575370.25702
0.00000   0.00001   0.00000      0.00002       3575370.25702
0.00000   0.00001   0.00000      0.00002       3523161.07041
0.00000   0.00001   0.00000      0.00002       3510168.77376
0.00000   0.00001   0.00000      0.00002       3497200.47711
0.00000   0.00001   0.00000      0.00002       3484256.18046
0.00000   0.00001   0.00000      0.00002       3471335.88381
0.00000   0.00001   0.00000      0.00002       3458439.58716
0.00000   0.00001   0.00000      0.00002       3432718.99386
0.00000   0.00001   0.00000      0.00002       3432718.99386
0.00000   0.00001   0.00000      0.00002       3407094.40056
0.00000   0.00001   0.00000      0.00002       3394318.10391
0.00000   0.00001   0.00000      0.00002       3381565.80726
0.00000   0.00001   0.00000      0.00002       3356133.21395
0.00000   0.00001   0.00000      0.00002       3356133.21395
0.00000   0.00001   0.00000      0.00002       3343452.91730
0.00000   0.00001   0.00000      0.00002       3318164.32400
0.00000   0.00001   0.00000      0.00002       3318164.32400
0.00000   0.00001   0.00000      0.00002       3305556.02735
0.00000   0.00001   0.00000      0.00002       3280411.43405
0.00000   0.00001   0.00000      0.00002       3280411.43405
0.00000   0.00001   0.00000      0.00002       3267875.13740
0.00000   0.00001   0.00000      0.00002       3230410.24745
0.00000   0.00001   0.00000      0.00002       3217969.95080
0.00000   0.00001   0.00000      0.00002       3193161.35750
0.00000   0.00001   0.00000      0.00002       3205553.65415
0.00000   0.00001   0.00000      0.00002       3156128.46754
0.00000   0.00001   0.00000      0.00002       3119311.57759
0.00000   0.00001   0.00000      0.00002       3082710.68764
0.00000   0.00001   0.00000      0.00002       3058430.09434
0.00000   0.00001   0.00000      0.00002       3034245.50104
0.00000   0.00001   0.00000      0.00002       3022189.20439
0.00000   0.00001   0.00000      0.00002       2974204.01778
0.00000   0.00001   0.00000      0.00002       2974204.01778
0.00000   0.00001   0.00000      0.00002       2950355.42448
0.00000   0.00001   0.00000      0.00002       2926602.83118
0.00000   0.00001   0.00000      0.00002       2926602.83118
0.00000   0.00001   0.00000      0.00002       2891153.94123
0.00000   0.00001   0.00000      0.00002       2867641.34793
0.00000   0.00001   0.00000      0.00002       2855921.05128
0.00000   0.00001   0.00000      0.00002       2844224.75462
0.00000   0.00001   0.00000      0.00002       2832552.45797
0.00000   0.00001   0.00000      0.00002       2820904.16132
0.00000   0.00001   0.00000      0.00002       2786103.27137
0.00000   0.00001   0.00000      0.00002       2774550.97472
0.00000   0.00001   0.00000      0.00002       2763022.67807
0.00000   0.00001   0.00000      0.00002       2740038.08477
0.00000   0.00001   0.00000      0.00002       2728581.78812
0.00000   0.00001   0.00000      0.00002       2694356.89817
0.00000   0.00001   0.00000      0.00002       2682996.60151
0.00000   0.00001   0.00000      0.00002       2660348.00821
0.00000   0.00001   0.00000      0.00002       2660348.00821
0.00000   0.00001   0.00000      0.00002       2671660.30486
0.00000   0.00001   0.00000      0.00002       2615338.82161
0.00000   0.00001   0.00000      0.00002       2581833.93166
0.00000   0.00001   0.00000      0.00002       2559617.33836
0.00000   0.00001   0.00000      0.00002       2526472.44840
0.00000   0.00001   0.00000      0.00002       2515472.15175
0.00000   0.00001   0.00000      0.00002       2471710.96515
0.00000   0.00001   0.00000      0.00002       2428333.77855
0.00000   0.00001   0.00000      0.00002       2417549.48190
0.00000   0.00001   0.00000      0.00002       2385340.59195
0.00000   0.00001   0.00000      0.00002       2353347.70199
0.00000   0.00001   0.00000      0.00002       2342731.40534
0.00000   0.00001   0.00000      0.00002       2321570.81204
0.00000   0.00001   0.00000      0.00002       2321570.81204
0.00000   0.00001   0.00000      0.00002       2300506.21874
0.00000   0.00001   0.00000      0.00002       2290009.92209
0.00000   0.00001   0.00000      0.00002       2290009.92209
0.00000   0.00001   0.00000      0.00002       2258665.03214
0.00000   0.00001   0.00000      0.00002       2227536.14218
0.00000   0.00001   0.00000      0.00002       2196623.25223
0.00000   0.00001   0.00000      0.00002       2165926.36228
0.00000   0.00001   0.00000      0.00002       2145581.76898
0.00000   0.00001   0.00000      0.00002       2115244.87903
0.00000   0.00001   0.00000      0.00002       2095140.28572
0.00000   0.00001   0.00000      0.00002       2085123.98907
0.00000   0.00001   0.00000      0.00002       2055219.09912
0.00000   0.00001   0.00000      0.00002       2015681.91252
0.00000   0.00001   0.00000      0.00002       1996057.31922
0.00000   0.00001   0.00000      0.00002       1947415.83596
0.00000   0.00001   0.00000      0.00002       1928127.24266
0.00000   0.00001   0.00000      0.00002       1918518.94601
0.00000   0.00001   0.00000      0.00002       1889838.05606
0.00000   0.00001   0.00000      0.00002       1908934.64936
0.00000   0.00001   0.00000      0.00002       1870837.46276
0.00000   0.00001   0.00000      0.00002       1842516.57281
0.00000   0.00001   0.00000      0.00002       1851932.86946
0.00000   0.00001   0.00000      0.00002       1823755.97950
0.00000   0.00001   0.00000      0.00002       1805091.38620
0.00000   0.00001   0.00000      0.00002       1814411.68285
0.00000   0.00001   0.00000      0.00002       1777274.49625
0.00000   0.00001   0.00000      0.00002       1768050.19960
0.00000   0.00001   0.00000      0.00002       1749673.60630
0.00000   0.00001   0.00000      0.00002       1713208.41970
0.00000   0.00001   0.00000      0.00002       1713208.41970
0.00000   0.00001   0.00000      0.00002       1686111.52974
0.00000   0.00001   0.00000      0.00002       1659230.63979
0.00000   0.00001   0.00000      0.00002       1650318.34314
0.00000   0.00001   0.00000      0.00002       1632565.74984
0.00000   0.00001   0.00000      0.00002       1632565.74984
0.00000   0.00001   0.00000      0.00002       1606116.85989
0.00000   0.00001   0.00000      0.00002       1588604.26659
0.00000   0.00001   0.00000      0.00002       1579883.96994
0.00000   0.00001   0.00000      0.00002       1553867.07998
0.00000   0.00001   0.00000      0.00002       1519513.89338
0.00000   0.00001   0.00000      0.00002       1494001.00343
0.00000   0.00001   0.00000      0.00002       1468704.11348
0.00000   0.00001   0.00000      0.00002       1460319.81683
0.00000   0.00001   0.00000      0.00002       1451959.52017
0.00000   0.00001   0.00000      0.00002       1443623.22352
0.00000   0.00001   0.00000      0.00002       1443623.22352
0.00000   0.00001   0.00000      0.00002       1435310.92687
0.00000   0.00001   0.00000      0.00002       1410518.03692
0.00000   0.00001   0.00000      0.00002       1402301.74027
0.00000   0.00001   0.00000      0.00002       1377796.85032
0.00000   0.00001   0.00000      0.00002       1353507.96037
0.00000   0.00001   0.00000      0.00002       1321458.77376
0.00000   0.00001   0.00000      0.00002       1281937.29051
0.00000   0.00001   0.00000      0.00002       1266296.69721
0.00000   0.00001   0.00000      0.00002       1219950.91730
0.00000   0.00001   0.00000      0.00002       1174469.13740
0.00000   0.00001   0.00000      0.00002       1144627.95080
0.00000   0.00001   0.00000      0.00002       1107866.46754
0.00000   0.00001   0.00000      0.00002       1100586.17089
0.00000   0.00001   0.00000      0.00002       1093329.87424
0.00000   0.00001   0.00000      0.00002       1078889.28094
0.00000   0.00001   0.00000      0.00002       1078889.28094
0.00000   0.00001   0.00000      0.00002       1057408.39099
0.00000   0.00001   0.00000      0.00002       1050296.09434
0.00000   0.00001   0.00000      0.00002       1050296.09434
0.00000   0.00001   0.00000      0.00002       1036143.50104
0.00000   0.00001   0.00000      0.00002       1029103.20439
0.00000   0.00001   0.00000      0.00002       1022086.90773
0.00000   0.00001   0.00000      0.00002       1001182.01778
0.00000   0.00001   0.00000      0.00002       1008126.31443
0.00000   0.00001   0.00000      0.00002       987365.42448 
0.00000   0.00001   0.00000      0.00002       966820.53453 
0.00000   0.00001   0.00000      0.00002       960020.23788 
0.00000   0.00001   0.00000      0.00002       926378.75462 
0.00000   0.00001   0.00000      0.00002       906481.86467 
0.00000   0.00001   0.00000      0.00002       893337.27137 
0.00000   0.00001   0.00000      0.00002       867336.08477 
0.00000   0.00001   0.00000      0.00002       841718.89817 
0.00000   0.00001   0.00000      0.00002       816485.71156 
0.00000   0.00001   0.00000      0.00002       797812.82161 
0.00000   0.00001   0.00000      0.00002       791636.52496 
0.00000   0.00001   0.00000      0.00002       773251.63501 
0.00000   0.00001   0.00000      0.00002       767171.33836 
0.00000   0.00001   0.00000      0.00002       761115.04171 
0.00000   0.00001   0.00000      0.00002       749074.44840 
0.00000   0.00001   0.00000      0.00002       743090.15175 
0.00000   0.00001   0.00000      0.00002       731193.55845 
0.00000   0.00001   0.00000      0.00002       725281.26180 
0.00001   0.00001   0.00000      0.00002       713528.66850 
0.00001   0.00001   0.00000      0.00002       701872.07520 
0.00001   0.00001   0.00000      0.00002       696079.77855 
0.00001   0.00001   0.00000      0.00002       684567.18525 
0.00001   0.00001   0.00000      0.00002       678846.88860 
0.00001   0.00001   0.00000      0.00002       690311.48190 
0.00001   0.00001   0.00000      0.00002       661829.99864 
0.00001   0.00001   0.00000      0.00002       645029.10869 
0.00001   0.00001   0.00000      0.00002       639476.81204 
0.00001   0.00001   0.00000      0.00002       617507.62544 
0.00001   0.00001   0.00000      0.00002       595922.43883 
0.00001   0.00001   0.00000      0.00002       579985.54888 
0.00001   0.00001   0.00000      0.00002       559072.36228 
0.00001   0.00001   0.00000      0.00002       543639.47233 
0.00001   0.00001   0.00000      0.00002       533470.87903 
0.00001   0.00001   0.00000      0.00002       518397.98907 
0.00001   0.00001   0.00000      0.00002       523398.28572 
0.00001   0.00001   0.00000      0.00002       513421.69242 
0.00001   0.00001   0.00000      0.00002       503541.09912 
0.00001   0.00001   0.00000      0.00002       513421.69242 
0.00001   0.00001   0.00000      0.00002       498636.80247 
0.00001   0.00001   0.00000      0.00002       493756.50582 
0.00001   0.00001   0.00000      0.00002       484067.91252 
0.00001   0.00001   0.00000      0.00002       474475.31922 
0.00001   0.00001   0.00000      0.00002       469715.02257 
0.00001   0.00001   0.00000      0.00002       460266.42927 
0.00001   0.00001   0.00000      0.00002       446273.53931 
0.00001   0.00001   0.00000      0.00002       446273.53931 
0.00001   0.00001   0.00000      0.00002       437064.94601 
0.00001   0.00001   0.00000      0.00002       432496.64936 
0.00001   0.00001   0.00000      0.00002       423432.05606 
0.00001   0.00001   0.00000      0.00002       410015.16611 
0.00001   0.00001   0.00000      0.00002       414463.46276 
0.00001   0.00001   0.00000      0.00002       401190.57281 
0.00001   0.00001   0.00000      0.00002       392461.97950 
0.00001   0.00001   0.00000      0.00002       396814.27616 
0.00001   0.00001   0.00000      0.00002       383829.38620 
0.00001   0.00001   0.00000      0.00002       375292.79290 
0.00001   0.00001   0.00000      0.00002       371060.49625 
0.00001   0.00001   0.00000      0.00002       358507.60630 
0.00001   0.00001   0.00000      0.00002       350259.01300 
0.00001   0.00001   0.00000      0.00002       338066.12305 
0.00001   0.00001   0.00000      0.00002       330057.52974 
0.00001   0.00001   0.00000      0.00002       330057.52974 
0.00001   0.00001   0.00000      0.00002       322144.93644 
0.00001   0.00001   0.00000      0.00002       318224.63979 
0.00001   0.00001   0.00000      0.00002       322144.93644 
0.00001   0.00001   0.00000      0.00002       314328.34314 
0.00001   0.00001   0.00000      0.00002       310456.04649 
0.00001   0.00001   0.00000      0.00002       306607.74984 
0.00001   0.00001   0.00000      0.00002       298983.15654 
0.00001   0.00001   0.00000      0.00002       310456.04649 
0.00001   0.00001   0.00000      0.00002       298983.15654 
0.00001   0.00001   0.00000      0.00002       295206.85989 
0.00001   0.00001   0.00000      0.00002       295206.85989 
0.00001   0.00001   0.00000      0.00002       291454.56324 
0.00001   0.00001   0.00000      0.00002       291454.56324 
0.00001   0.00001   0.00000      0.00002       291454.56324 
0.00001   0.00001   0.00000      0.00002       284021.96994 
0.00001   0.00001   0.00000      0.00002       284021.96994 
0.00001   0.00001   0.00000      0.00002       273053.07998 
0.00001   0.00001   0.00000      0.00002       265860.48668 
0.00001   0.00001   0.00000      0.00002       273053.07998 
0.00001   0.00001   0.00000      0.00002       265860.48668 
0.00001   0.00001   0.00000      0.00002       258763.89338 
0.00001   0.00001   0.00000      0.00002       258763.89338 
0.00001   0.00001   0.00000      0.00002       251763.30008 
0.00001   0.00001   0.00000      0.00002       255251.59673 
0.00001   0.00001   0.00000      0.00002       251763.30008 
0.00001   0.00001   0.00000      0.00002       244858.70678 
0.00001   0.00001   0.00000      0.00002       238050.11348 
0.00001   0.00001   0.00000      0.00002       228017.22352 
0.00001   0.00001   0.00000      0.00002       224720.92687 
0.00001   0.00001   0.00000      0.00002       224720.92687 
0.00001   0.00001   0.00000      0.00002       208599.44362 
0.00001   0.00001   0.00000      0.00002       211775.74027 
0.00001   0.00001   0.00000      0.00002       202318.85032 
0.00001   0.00001   0.00000      0.00002       190045.66372 
0.00001   0.00001   0.00000      0.00002       187037.36706 
0.00001   0.00001   0.00000      0.00002       175244.18046 
0.00001   0.00001   0.00000      0.00002       163834.99386 
0.00001   0.00001   0.00000      0.00002       163834.99386 
0.00001   0.00001   0.00000      0.00002       158274.40056 
0.00001   0.00001   0.00000      0.00002       158274.40056 
0.00001   0.00001   0.00000      0.00002       150113.51061 
0.00001   0.00001   0.00000      0.00002       144792.91730 
0.00001   0.00001   0.00000      0.00002       150113.51061 
0.00001   0.00001   0.00000      0.00002       144792.91730 
0.00001   0.00001   0.00000      0.00002       139568.32400 
0.00001   0.00001   0.00000      0.00002       142168.62065 
0.00001   0.00001   0.00000      0.00002       136992.02735 
0.00001   0.00001   0.00000      0.00002       139568.32400 
0.00001   0.00001   0.00000      0.00002       131911.43405 
0.00001   0.00001   0.00000      0.00002       124470.54410 
0.00001   0.00001   0.00000      0.00002       122038.24745 
0.00001   0.00001   0.00000      0.00002       119629.95080 
0.00001   0.00001   0.00000      0.00002       114885.35750 
0.00001   0.00001   0.00000      0.00002       117245.65415 
0.00001   0.00001   0.00000      0.00002       110236.76419 
0.00001   0.00001   0.00000      0.00002       105684.17089 
0.00001   0.00001   0.00000      0.00002       103443.87424 
0.00001   0.00001   0.00000      0.00002       94722.68764  
0.00001   0.00001   0.00000      0.00002       96866.98429  
0.00001   0.00001   0.00000      0.00002       92602.39099  
0.00001   0.00001   0.00000      0.00002       86385.50104  
0.00001   0.00001   0.00000      0.00002       80384.61108  
0.00001   0.00001   0.00000      0.00002       76504.01778  
0.00001   0.00001   0.00000      0.00002       72719.42448  
0.00001   0.00001   0.00000      0.00002       69030.83118  
0.00001   0.00001   0.00000      0.00002       67222.53453  
0.00001   0.00001   0.00000      0.00002       61941.64458  
0.00001   0.00001   0.00000      0.00002       58541.05128  
0.00001   0.00001   0.00000      0.00002       60229.34793  
0.00001   0.00001   0.00000      0.00002       61941.64458  
0.00001   0.00001   0.00000      0.00002       53620.16132  
0.00001   0.00001   0.00000      0.00002       50459.56802  
0.00001   0.00001   0.00000      0.00002       50459.56802  
0.00001   0.00001   0.00000      0.00002       45898.67807  
0.00001   0.00001   0.00000      0.00002       45898.67807  
0.00001   0.00001   0.00000      0.00002       42978.08477  
0.00001   0.00001   0.00000      0.00002       41553.78812  
0.00001   0.00001   0.00000      0.00002       41553.78812  
0.00001   0.00001   0.00000      0.00002       40153.49147  
0.00001   0.00001   0.00000      0.00002       37424.89817  
0.00001   0.00001   0.00000      0.00002       36096.60151  
0.00001   0.00001   0.00000      0.00002       34792.30486  
0.00001   0.00001   0.00000      0.00002       33512.00821  
0.00001   0.00001   0.00000      0.00002       31023.41491  
0.00001   0.00001   0.00000      0.00002       27470.52496  
0.00001   0.00001   0.00000      0.00002       27470.52496  
0.00001   0.00001   0.00000      0.00002       24133.63501  
0.00001   0.00001   0.00000      0.00002       23069.33836  
0.00001   0.00001   0.00000      0.00002       21012.74506  
0.00001   0.00001   0.00000      0.00002       18107.85510  
0.00001   0.00001   0.00000      0.00002       17187.55845  
0.00001   0.00001   0.00000      0.00002       14570.66850  
0.00001   0.00001   0.00000      0.00002       11417.48190  
0.00001   0.00001   0.00000      0.00002       9984.88860   
0.00001   0.00001   0.00000      0.00002       8015.99864   
0.00001   0.00001   0.00000      0.00002       6263.10869   
0.00001   0.00001   0.00000      0.00002       5214.51539   
0.00001   0.00002   0.00000      0.00002       3821.62544   
0.00001   0.00002   0.00000      0.00002       3405.32879   
0.00001   0.00002   0.00000      0.00002       3013.03214   
0.00001   0.00002   0.00000      0.00002       1980.14218   
0.00001   0.00002   0.00000      0.00002       1980.14218   
0.00001   0.00002   0.00000      0.00002       1683.84553   
0.00001   0.00002   0.00000      0.00002       1411.54888   
0.00001   0.00002   0.00000      0.00002       1163.25223   
0.00001   0.00002   0.00000      0.00002       938.95558    
0.00001   0.00002   0.00000      0.00002       738.65893    
0.00001   0.00002   0.00000      0.00002       410.06563    
0.00001   0.00002   0.00000      0.00002       97.17568     
0.00001   0.00002   0.00000      0.00002       0.28572      
0.00001   0.00002   0.00000      0.00002       119.39577    
0.00001   0.00002   0.00000      0.00002       454.50582    
0.00001   0.00002   0.00000      0.00002       1493.02257   
0.00001   0.00002   0.00000      0.00002       2755.83596   
0.00001   0.00002   0.00000      0.00002       4402.64936   
0.00001   0.00002   0.00000      0.00002       5889.75941   
0.00001   0.00002   0.00000      0.00002       7592.86946   
0.00001   0.00002   0.00000      0.00002       8848.27616   
0.00001   0.00002   0.00000      0.00002       10199.68285  
0.00001   0.00002   0.00000      0.00002       13190.49625  
0.00001   0.00002   0.00000      0.00002       13998.19960  
0.00001   0.00002   0.00000      0.00002       14829.90295  
0.00001   0.00002   0.00000      0.00002       15685.60630  
0.00001   0.00002   0.00000      0.00002       15685.60630  
0.00001   0.00002   0.00000      0.00002       16565.30965  
0.00001   0.00002   0.00000      0.00002       16565.30965  
0.00001   0.00002   0.00000      0.00002       17469.01300  
0.00001   0.00002   0.00000      0.00002       18396.71635  
0.00001   0.00002   0.00000      0.00002       19348.41970  
0.00001   0.00002   0.00000      0.00002       19348.41970  
0.00001   0.00002   0.00000      0.00002       20324.12305  
0.00001   0.00002   0.00000      0.00002       21323.82639  
0.00001   0.00002   0.00000      0.00002       23395.23309  
0.00001   0.00002   0.00000      0.00002       24466.93644  
0.00001   0.00002   0.00000      0.00002       26682.34314  
0.00001   0.00002   0.00000      0.00002       28993.74984  
0.00001   0.00002   0.00000      0.00002       31401.15654  
0.00001   0.00002   0.00000      0.00002       33904.56324  
0.00001   0.00002   0.00000      0.00002       37839.67328  
0.00001   0.00002   0.00000      0.00002       40583.07998  
0.00001   0.00002   0.00000      0.00002       43422.48668  
0.00001   0.00002   0.00000      0.00002       47861.59673  
0.00001   0.00002   0.00000      0.00002       52516.70678  
0.00001   0.00002   0.00000      0.00002       55740.11348  
0.00001   0.00002   0.00000      0.00002       60755.22352  
0.00001   0.00002   0.00000      0.00002       67778.03692  
0.00001   0.00002   0.00000      0.00002       75184.85032  
0.00001   0.00002   0.00000      0.00002       79032.25702  
0.00001   0.00002   0.00000      0.00002       82975.66372  
0.00001   0.00002   0.00000      0.00002       84983.36706  
0.00001   0.00002   0.00000      0.00002       87015.07041  
0.00001   0.00002   0.00000      0.00002       89070.77376  
0.00001   0.00002   0.00000      0.00002       91150.47711  
0.00001   0.00002   0.00000      0.00002       93254.18046  
0.00001   0.00002   0.00000      0.00002       95381.88381  
0.00001   0.00002   0.00000      0.00002       97533.58716  
0.00001   0.00002   0.00000      0.00002       99709.29051  
0.00001   0.00002   0.00000      0.00002       104132.69721 
0.00001   0.00002   0.00000      0.00002       106380.40056 
0.00001   0.00002   0.00000      0.00002       113267.51061 
0.00001   0.00002   0.00000      0.00002       117978.91730 
0.00001   0.00002   0.00000      0.00002       122786.32400 
0.00001   0.00002   0.00000      0.00002       125226.02735 
0.00001   0.00002   0.00000      0.00002       130177.43405 
0.00001   0.00002   0.00000      0.00002       137784.54410 
0.00001   0.00002   0.00000      0.00002       145607.65415 
0.00001   0.00002   0.00000      0.00002       150943.06084 
0.00001   0.00002   0.00000      0.00002       156374.46754 
0.00001   0.00002   0.00000      0.00002       164701.57759 
0.00001   0.00002   0.00000      0.00002       170372.98429 
0.00001   0.00002   0.00000      0.00002       179060.09434 
0.00001   0.00002   0.00000      0.00002       187963.20439 
0.00001   0.00002   0.00000      0.00002       197082.31443 
0.00001   0.00002   0.00000      0.00002       206417.42448 
0.00001   0.00002   0.00000      0.00002       209577.12783 
0.00001   0.00002   0.00000      0.00002       209577.12783 
0.00001   0.00002   0.00000      0.00002       212760.83118 
0.00001   0.00002   0.00000      0.00002       215968.53453 
0.00001   0.00002   0.00000      0.00002       219200.23788 
0.00001   0.00002   0.00000      0.00002       222455.94123 
0.00001   0.00002   0.00000      0.00002       229039.34793 
0.00001   0.00002   0.00000      0.00002       239094.45797 
0.00001   0.00002   0.00000      0.00002       245917.86467 
0.00001   0.00002   0.00000      0.00002       256332.97472 
0.00001   0.00002   0.00000      0.00002       259852.67807 
0.00001   0.00002   0.00000      0.00002       266964.08477 
0.00001   0.00002   0.00000      0.00002       274171.49147 
0.00001   0.00002   0.00000      0.00002       281474.89817 
0.00001   0.00002   0.00000      0.00002       288874.30486 
0.00001   0.00002   0.00000      0.00002       300153.41491 
0.00001   0.00002   0.00000      0.00002       303961.11826 
0.00001   0.00002   0.00000      0.00002       311648.52496 
0.00001   0.00002   0.00000      0.00002       323359.63501 
0.00001   0.00002   0.00000      0.00002       331287.04171 
0.00001   0.00002   0.00000      0.00002       347429.85510 
0.00001   0.00002   0.00000      0.00002       355645.26180 
0.00001   0.00002   0.00000      0.00002       363956.66850 
0.00001   0.00002   0.00000      0.00002       372364.07520 
0.00001   0.00002   0.00000      0.00002       372364.07520 
0.00001   0.00002   0.00000      0.00002       380867.48190 
0.00001   0.00002   0.00000      0.00002       385155.18525 
0.00001   0.00002   0.00000      0.00002       385155.18525 
0.00001   0.00002   0.00000      0.00002       393802.59195 
0.00001   0.00002   0.00000      0.00002       398162.29529 
0.00001   0.00002   0.00000      0.00002       402545.99864 
0.00001   0.00002   0.00000      0.00002       406953.70199 
0.00001   0.00002   0.00000      0.00002       406953.70199 
0.00001   0.00002   0.00000      0.00002       411385.40534 
0.00001   0.00002   0.00000      0.00002       420320.81204 
0.00001   0.00002   0.00000      0.00002       424824.51539 
0.00001   0.00002   0.00000      0.00002       438479.62544 
0.00001   0.00002   0.00000      0.00002       443079.32879 
0.00001   0.00002   0.00000      0.00002       447703.03214 
0.00001   0.00002   0.00000      0.00002       457022.43883 
0.00001   0.00002   0.00000      0.00002       471181.54888 
0.00001   0.00002   0.00000      0.00002       475949.25223 
0.00001   0.00002   0.00000      0.00002       490396.36228 
0.00001   0.00002   0.00000      0.00002       505059.47233 
0.00001   0.00002   0.00000      0.00002       519938.58238 
0.00001   0.00002   0.00000      0.00002       535033.69242 
0.00001   0.00002   0.00000      0.00002       550344.80247 
0.00001   0.00002   0.00000      0.00002       571095.61587 
0.00001   0.00002   0.00000      0.00002       581615.02257 
0.00001   0.00002   0.00000      0.00002       586910.72592 
0.00001   0.00002   0.00000      0.00002       592230.42927 
0.00001   0.00002   0.00000      0.00002       597574.13261 
0.00001   0.00002   0.00000      0.00002       613749.24266 
0.00001   0.00002   0.00000      0.00002       624652.64936 
0.00001   0.00002   0.00000      0.00002       630140.35271 
0.00001   0.00002   0.00000      0.00002       635652.05606 
0.00001   0.00002   0.00000      0.00002       641187.75941 
0.00001   0.00002   0.00000      0.00002       646747.46276 
0.00001   0.00002   0.00000      0.00002       657938.86946 
0.00001   0.00002   0.00000      0.00002       663570.57281 
0.00001   0.00002   0.00000      0.00002       680609.68285 
0.00001   0.00002   0.00000      0.00002       686337.38620 
0.00001   0.00002   0.00000      0.00002       692089.08955 
0.00001   0.00002   0.00000      0.00002       703664.49625 
0.00001   0.00002   0.00000      0.00002       709488.19960 
0.00001   0.00002   0.00000      0.00002       721207.60630 
0.00001   0.00002   0.00000      0.00002       733023.01300 
0.00001   0.00002   0.00000      0.00002       744934.41970 
0.00001   0.00002   0.00000      0.00002       756941.82639 
0.00001   0.00002   0.00000      0.00002       769045.23309 
0.00001   0.00002   0.00000      0.00002       781244.63979 
0.00001   0.00002   0.00000      0.00002       799723.74984 
0.00001   0.00002   0.00000      0.00002       818418.85989 
0.00001   0.00002   0.00000      0.00002       837329.96994 
0.00001   0.00002   0.00000      0.00002       862880.78333 
0.00001   0.00002   0.00000      0.00002       869328.48668 
0.00001   0.00002   0.00000      0.00002       875800.19003 
0.00001   0.00002   0.00000      0.00002       882295.89338 
0.00001   0.00002   0.00000      0.00002       888815.59673 
0.00001   0.00002   0.00000      0.00002       901927.00343 
0.00001   0.00002   0.00000      0.00002       908518.70678 
0.00001   0.00002   0.00000      0.00002       921774.11348 
0.00001   0.00002   0.00000      0.00002       935125.52017 
0.00001   0.00002   0.00000      0.00002       941837.22352 
0.00001   0.00002   0.00000      0.00002       955332.63022 
0.00001   0.00002   0.00000      0.00002       968924.03692 
0.00001   0.00002   0.00000      0.00002       968924.03692 
0.00001   0.00002   0.00000      0.00002       982611.44362 
0.00001   0.00002   0.00000      0.00002       996394.85032 
0.00001   0.00002   0.00000      0.00002       1024249.66372
0.00001   0.00002   0.00000      0.00002       1045392.77376
0.00001   0.00002   0.00000      0.00002       1059608.18046
0.00001   0.00002   0.00000      0.00002       1073919.58716
0.00001   0.00002   0.00000      0.00002       1088326.99386
0.00001   0.00002   0.00000      0.00002       1110118.10391
0.00001   0.00002   0.00000      0.00002       1139508.91730
0.00001   0.00002   0.00000      0.00002       1169283.73070
0.00001   0.00002   0.00000      0.00002       1191866.84075
0.00001   0.00002   0.00000      0.00002       1199442.54410
0.00001   0.00002   0.00000      0.00002       1207042.24745
0.00001   0.00002   0.00000      0.00002       1214665.95080
0.00001   0.00002   0.00000      0.00002       1229985.35750
0.00001   0.00002   0.00000      0.00002       1245400.76419
0.00001   0.00002   0.00000      0.00002       1253144.46754
0.00001   0.00002   0.00000      0.00002       1253144.46754
0.00001   0.00002   0.00000      0.00002       1260912.17089
0.00001   0.00002   0.00000      0.00002       1276519.57759
0.00001   0.00002   0.00000      0.00002       1284359.28094
0.00001   0.00002   0.00000      0.00002       1284359.28094
0.00001   0.00002   0.00000      0.00002       1292222.98429
0.00001   0.00002   0.00000      0.00002       1292222.98429
0.00001   0.00002   0.00000      0.00002       1308022.39099
0.00001   0.00002   0.00000      0.00002       1315958.09434
0.00001   0.00002   0.00000      0.00002       1323917.79769
0.00001   0.00002   0.00000      0.00002       1339909.20439
0.00001   0.00002   0.00000      0.00002       1347940.90773
0.00001   0.00002   0.00000      0.00002       1372180.01778
0.00001   0.00002   0.00000      0.00002       1388459.42448
0.00001   0.00002   0.00000      0.00002       1404834.83118
0.00001   0.00002   0.00000      0.00002       1437873.64458
0.00001   0.00002   0.00000      0.00002       1462904.75462
0.00001   0.00002   0.00000      0.00002       1479712.16132
0.00001   0.00002   0.00000      0.00002       1522150.67807
0.00001   0.00002   0.00000      0.00002       1547901.78812
0.00001   0.00002   0.00000      0.00002       1565189.19482
0.00001   0.00002   0.00000      0.00002       1582572.60151
0.00001   0.00002   0.00000      0.00002       1582572.60151
0.00001   0.00002   0.00000      0.00002       1600052.00821
0.00001   0.00002   0.00000      0.00002       1626451.11826
0.00001   0.00002   0.00000      0.00002       1635298.82161
0.00001   0.00002   0.00000      0.00002       1644170.52496
0.00001   0.00002   0.00000      0.00002       1653066.22831
0.00001   0.00002   0.00000      0.00002       1661985.93166
0.00001   0.00002   0.00000      0.00002       1679897.33836
0.00001   0.00002   0.00000      0.00002       1688889.04171
0.00001   0.00002   0.00000      0.00002       1697904.74506
0.00001   0.00002   0.00000      0.00002       1706944.44840
0.00001   0.00002   0.00000      0.00002       1725095.85510
0.00001   0.00002   0.00000      0.00002       1743343.26180
0.00001   0.00002   0.00000      0.00002       1752502.96515
0.00001   0.00002   0.00000      0.00002       1770894.37185
0.00001   0.00002   0.00000      0.00002       1798661.48190
0.00001   0.00002   0.00000      0.00002       1826644.59195
0.00001   0.00002   0.00000      0.00002       1845419.99864
0.00001   0.00002   0.00000      0.00002       1883258.81204
0.00001   0.00002   0.00000      0.00002       1902322.21874
0.00001   0.00002   0.00000      0.00002       1940737.03214
0.00001   0.00002   0.00000      0.00002       1969800.14218
0.00001   0.00002   0.00000      0.00002       1989295.54888
0.00001   0.00002   0.00000      0.00002       2008886.95558
0.00001   0.00002   0.00000      0.00002       2028574.36228
0.00001   0.00002   0.00000      0.00002       2048357.76898
0.00001   0.00002   0.00000      0.00002       2078212.87903
0.00001   0.00002   0.00000      0.00002       2088212.58238
0.00001   0.00002   0.00000      0.00002       2098236.28572
0.00001   0.00002   0.00000      0.00002       2108283.98907
0.00001   0.00002   0.00000      0.00002       2118355.69242
0.00001   0.00002   0.00000      0.00002       2128451.39577
0.00001   0.00002   0.00000      0.00002       2138571.09912
0.00001   0.00002   0.00000      0.00002       2148714.80247
0.00001   0.00002   0.00000      0.00002       2169074.20917
0.00001   0.00002   0.00000      0.00002       2169074.20917
0.00001   0.00002   0.00000      0.00002       2189529.61587
0.00001   0.00002   0.00000      0.00002       2210081.02257
0.00001   0.00002   0.00000      0.00002       2220392.72592
0.00001   0.00002   0.00000      0.00002       2241088.13261
0.00001   0.00002   0.00000      0.00002       2261879.53931
0.00001   0.00002   0.00000      0.00002       2272311.24266
0.00001   0.00002   0.00000      0.00002       2293246.64936
0.00001   0.00002   0.00000      0.00002       2335405.46276
0.00001   0.00002   0.00000      0.00002       2367276.57281
0.00001   0.00002   0.00000      0.00002       2388643.97950
0.00001   0.00002   0.00000      0.00002       2410107.38620
0.00001   0.00002   0.00000      0.00002       2442482.49625
0.00001   0.00002   0.00000      0.00002       2464185.90295
0.00001   0.00002   0.00000      0.00002       2485985.30965
0.00001   0.00002   0.00000      0.00002       2496921.01300
0.00001   0.00002   0.00000      0.00002       2507880.71635
0.00001   0.00002   0.00000      0.00002       2529872.12305
0.00001   0.00002   0.00000      0.00002       2563039.23309
0.00001   0.00002   0.00000      0.00002       2574142.93644
0.00001   0.00002   0.00000      0.00002       2585270.63979
0.00001   0.00002   0.00000      0.00002       2596422.34314
0.00001   0.00002   0.00000      0.00002       2607598.04649
0.00001   0.00002   0.00000      0.00002       2618797.74984
0.00001   0.00002   0.00000      0.00002       2630021.45319
0.00001   0.00002   0.00000      0.00002       2641269.15654
0.00001   0.00002   0.00000      0.00002       2652540.85989
0.00001   0.00002   0.00000      0.00002       2663836.56324
0.00001   0.00002   0.00000      0.00002       2697867.67328
0.00001   0.00002   0.00000      0.00002       2732114.78333
0.00001   0.00002   0.00000      0.00002       2755066.19003
0.00001   0.00002   0.00000      0.00002       2801257.00343
0.00001   0.00002   0.00000      0.00002       2812864.70678
0.00001   0.00002   0.00000      0.00002       2836152.11348
0.00001   0.00002   0.00000      0.00002       2871263.22352
0.00001   0.00002   0.00000      0.00002       2894790.63022
0.00001   0.00002   0.00000      0.00002       2942133.44362
0.00001   0.00002   0.00000      0.00002       2989860.25702
0.00001   0.00002   0.00000      0.00002       3025907.36706
0.00001   0.00002   0.00000      0.00002       3050058.77376
0.00001   0.00002   0.00000      0.00002       3062170.47711
0.00001   0.00002   0.00000      0.00002       3074306.18046
0.00001   0.00002   0.00000      0.00002       3086465.88381
0.00001   0.00002   0.00000      0.00002       3110857.29051
0.00001   0.00002   0.00000      0.00002       3135344.69721
0.00001   0.00002   0.00000      0.00002       3159928.10391
0.00001   0.00002   0.00000      0.00002       3159928.10391
0.00001   0.00002   0.00000      0.00002       3172255.80726
0.00001   0.00002   0.00000      0.00002       3184607.51061
0.00001   0.00002   0.00000      0.00002       3209382.91730
0.00001   0.00002   0.00000      0.00002       3221806.62065
0.00001   0.00002   0.00000      0.00002       3234254.32400
0.00001   0.00002   0.00000      0.00002       3246726.02735
0.00001   0.00002   0.00000      0.00002       3246726.02735
0.00001   0.00002   0.00000      0.00002       3259221.73070
0.00001   0.00002   0.00000      0.00002       3284285.13740
0.00001   0.00002   0.00000      0.00002       3309444.54410
0.00001   0.00002   0.00000      0.00002       3360051.35750
0.00001   0.00002   0.00000      0.00002       3385498.76419
0.00001   0.00002   0.00000      0.00002       3398258.46754
0.00001   0.00002   0.00000      0.00002       3411042.17089
0.00001   0.00002   0.00000      0.00002       3449537.28094
0.00001   0.00002   0.00000      0.00002       3462416.98429
0.00001   0.00002   0.00000      0.00002       3488248.39099
0.00001   0.00002   0.00000      0.00002       3527175.50104
0.00001   0.00002   0.00000      0.00002       3566318.61108
0.00001   0.00002   0.00000      0.00002       3618845.42448
0.00001   0.00002   0.00000      0.00002       3658492.53453
0.00001   0.00002   0.00000      0.00002       3685043.94123
0.00001   0.00002   0.00000      0.00002       3711691.34793
0.00001   0.00002   0.00000      0.00002       3738434.75462
0.00001   0.00002   0.00000      0.00002       3751842.45797
0.00001   0.00002   0.00000      0.00002       3765274.16132
0.00001   0.00002   0.00000      0.00002       3765274.16132
0.00001   0.00002   0.00000      0.00002       3778729.86467
0.00001   0.00002   0.00000      0.00002       3792209.56802
0.00001   0.00002   0.00000      0.00002       3805713.27137
0.00001   0.00002   0.00000      0.00002       3819240.97472
0.00001   0.00002   0.00000      0.00002       3819240.97472
0.00001   0.00002   0.00000      0.00002       3846368.38142
0.00001   0.00002   0.00000      0.00002       3859968.08477
0.00001   0.00002   0.00000      0.00002       3859968.08477
0.00001   0.00002   0.00000      0.00002       3887239.49147
0.00001   0.00002   0.00000      0.00002       3914606.89817
0.00001   0.00002   0.00000      0.00002       3955838.00821
0.00001   0.00002   0.00000      0.00002       3969629.71156
0.00001   0.00002   0.00000      0.00002       3969629.71156
0.00001   0.00002   0.00000      0.00002       4011148.82161
0.00001   0.00002   0.00000      0.00002       4066843.63501
0.00001   0.00002   0.00000      0.00002       4108866.74506
0.00001   0.00002   0.00000      0.00002       4165233.55845
0.00001   0.00002   0.00000      0.00002       4221984.37185
0.00001   0.00002   0.00000      0.00002       4264799.48190
0.00001   0.00002   0.00000      0.00002       4322222.29529
0.00001   0.00002   0.00000      0.00002       4336637.99864
0.00001   0.00002   0.00000      0.00002       4365541.40534
0.00001   0.00002   0.00000      0.00002       4409076.51539
0.00001   0.00002   0.00000      0.00002       4423636.21874
0.00001   0.00002   0.00000      0.00002       4438219.92209
0.00001   0.00002   0.00000      0.00002       4467459.32879
0.00001   0.00002   0.00000      0.00002       4467459.32879
0.00001   0.00002   0.00000      0.00002       4496794.73549
0.00001   0.00002   0.00000      0.00002       4511498.43883
0.00001   0.00002   0.00000      0.00002       4526226.14218
0.00001   0.00002   0.00000      0.00002       4555753.54888
0.00001   0.00002   0.00000      0.00002       4585376.95558
0.00001   0.00002   0.00000      0.00002       4600224.65893
0.00001   0.00002   0.00000      0.00002       4629992.06563
0.00001   0.00002   0.00000      0.00002       4674823.17568
0.00001   0.00002   0.00000      0.00002       4704830.58238
0.00001   0.00002   0.00000      0.00002       4719870.28572
0.00001   0.00002   0.00000      0.00002       4750021.69242
0.00001   0.00002   0.00000      0.00002       4795428.80247
0.00001   0.00002   0.00000      0.00002       4825820.20917
0.00001   0.00002   0.00000      0.00002       4871587.31922
0.00001   0.00002   0.00000      0.00002       4932946.13261
0.00001   0.00002   0.00000      0.00002       4963769.53931
0.00001   0.00002   0.00000      0.00002       5010184.64936
0.00001   0.00002   0.00000      0.00002       5056815.75941
0.00001   0.00002   0.00000      0.00002       5072407.46276
0.00001   0.00002   0.00000      0.00002       5119326.57281
0.00001   0.00002   0.00000      0.00002       5150725.97950
0.00001   0.00002   0.00000      0.00002       5166461.68285
0.00001   0.00002   0.00000      0.00002       5166461.68285
0.00001   0.00002   0.00000      0.00002       5182221.38620
0.00001   0.00002   0.00000      0.00002       5198005.08955
0.00001   0.00002   0.00000      0.00002       5213812.79290
0.00001   0.00002   0.00000      0.00002       5229644.49625
0.00001   0.00002   0.00000      0.00002       5261379.90295
0.00001   0.00002   0.00000      0.00002       5277283.60630
0.00001   0.00002   0.00000      0.00002       5293211.30965
0.00001   0.00002   0.00000      0.00002       5293211.30965
0.00001   0.00002   0.00000      0.00002       5293211.30965
0.00001   0.00002   0.00000      0.00002       5293211.30965
0.00001   0.00002   0.00000      0.00002       5293211.30965
0.00001   0.00002   0.00000      0.00002       5293211.30965
0.00001   0.00002   0.00000      0.00002       5293211.30965
0.00001   0.00002   0.00000      0.00002       5325138.71635
0.00001   0.00002   0.00000      0.00002       5373209.82639
0.00001   0.00002   0.00000      0.00002       5405377.23309
0.00001   0.00002   0.00000      0.00002       5437640.63979
0.00001   0.00002   0.00000      0.00002       5502455.45319
0.00001   0.00002   0.00000      0.00002       5518719.15654
0.00001   0.00002   0.00000      0.00002       5551318.56324
0.00001   0.00002   0.00000      0.00002       5584013.96994
0.00001   0.00002   0.00000      0.00002       5600397.67328
0.00001   0.00002   0.00000      0.00002       5649692.78333
0.00001   0.00002   0.00000      0.00002       5666172.48668
0.00001   0.00002   0.00000      0.00002       5682676.19003
0.00001   0.00002   0.00000      0.00002       5748931.00343
0.00001   0.00002   0.00000      0.00002       5765554.70678
0.00001   0.00002   0.00000      0.00002       5765554.70678
0.00001   0.00002   0.00000      0.00002       5832289.52017
0.00001   0.00002   0.00000      0.00002       5933111.74027
0.00001   0.00002   0.00000      0.00002       5983846.85032
0.00001   0.00002   0.00000      0.00002       6034797.96037
0.00001   0.00002   0.00000      0.00002       6103068.77376
0.00001   0.00002   0.00000      0.00002       6154523.88381
0.00001   0.00002   0.00000      0.00002       6223466.69721
0.00001   0.00002   0.00000      0.00002       6258082.10391
0.00001   0.00002   0.00000      0.00002       6362504.32400
0.00001   0.00002   0.00000      0.00002       6432599.13740
0.00001   0.00002   0.00000      0.00002       6467790.54410
0.00001   0.00002   0.00000      0.00002       6503077.95080
0.00001   0.00002   0.00000      0.00002       6520757.65415
0.00001   0.00002   0.00000      0.00002       6538461.35750
0.00001   0.00002   0.00000      0.00002       6556189.06084
0.00001   0.00002   0.00000      0.00002       6556189.06084
0.00001   0.00002   0.00000      0.00002       6573940.76419
0.00001   0.00002   0.00000      0.00002       6573940.76419
0.00001   0.00002   0.00000      0.00002       6591716.46754
0.00001   0.00002   0.00000      0.00002       6627339.87424
0.00001   0.00002   0.00000      0.00002       6627339.87424
0.00001   0.00002   0.00000      0.00002       6627339.87424
0.00001   0.00002   0.00000      0.00002       6645187.57759
0.00001   0.00002   0.00000      0.00002       6645187.57759
0.00001   0.00002   0.00000      0.00002       6680954.98429
0.00001   0.00002   0.00000      0.00002       6734786.09434
0.00001   0.00002   0.00000      0.00002       6734786.09434
0.00001   0.00002   0.00000      0.00002       6806896.90773
0.00001   0.00002   0.00000      0.00002       6806896.90773
0.00001   0.00002   0.00000      0.00002       6843096.31443
0.00001   0.00002   0.00000      0.00002       6915783.12783
0.00001   0.00002   0.00000      0.00002       6915783.12783
0.00001   0.00002   0.00000      0.00002       7007181.64458
0.00001   0.00002   0.00000      0.00002       7062308.75462
0.00001   0.00002   0.00000      0.00002       7080732.45797
0.00001   0.00002   0.00000      0.00002       7117651.86467
0.00001   0.00002   0.00000      0.00002       7136147.56802
0.00001   0.00002   0.00000      0.00002       7154667.27137
0.00001   0.00002   0.00000      0.00002       7228986.08477
0.00001   0.00002   0.00000      0.00002       7247625.78812
0.00001   0.00002   0.00000      0.00002       7266289.49147
0.00001   0.00002   0.00000      0.00002       7284977.19482
0.00001   0.00002   0.00000      0.00002       7341184.30486
0.00001   0.00002   0.00000      0.00002       7435342.82161
0.00001   0.00002   0.00000      0.00002       7473174.22831
0.00001   0.00002   0.00000      0.00002       7644603.55845
0.00001   0.00002   0.00000      0.00002       7856768.29529
0.00001   0.00002   0.00000      0.00002       7876199.99864
0.00001   0.00002   0.00000      0.00002       7973718.51539
0.00001   0.00002   0.00000      0.00002       8032517.62544
0.00001   0.00002   0.00000      0.00002       8012893.92209
0.00001   0.00002   0.00000      0.00002       8170555.54888
0.00001   0.00002   0.00000      0.00002       8289809.76898
0.00001   0.00002   0.00000      0.00002       8269874.06563
0.00001   0.00002   0.00000      0.00002       8309769.47233
0.00001   0.00002   0.00000      0.00002       8329753.17568
0.00001   0.00002   0.00000      0.00002       8369792.58238
0.00001   0.00002   0.00000      0.00002       8430031.69242
0.00001   0.00002   0.00000      0.00002       8349760.87903
0.00001   0.00002   0.00000      0.00002       8409927.98907
0.00001   0.00002   0.00000      0.00002       8409927.98907
0.00001   0.00002   0.00000      0.00002       8409927.98907
0.00001   0.00002   0.00000      0.00002       8430031.69242
0.00001   0.00002   0.00000      0.00002       8409927.98907
0.00001   0.00002   0.00000      0.00002       8430031.69242
0.00001   0.00002   0.00000      0.00002       8430031.69242
0.00001   0.00002   0.00000      0.00002       8389848.28572
0.00001   0.00002   0.00000      0.00002       8430031.69242
0.00001   0.00002   0.00000      0.00002       8430031.69242
0.00001   0.00002   0.00000      0.00002       8430031.69242
0.00001   0.00002   0.00000      0.00002       8430031.69242
0.00001   0.00002   0.00000      0.00002       8430031.69242
0.00001   0.00002   0.00000      0.00002       8430031.69242
0.00001   0.00002   0.00000      0.00002       8430031.69242
0.00001   0.00002   0.00000      0.00002       8409927.98907
0.00001   0.00002   0.00000      0.00002       8430031.69242
0.00001   0.00002   0.00000      0.00002       8430031.69242
0.00001   0.00002   0.00000      0.00002       8430031.69242
0.00001   0.00002   0.00000      0.00002       8430031.69242
0.00001   0.00002   0.00000      0.00002       8409927.98907
0.00001   0.00002   0.00000      0.00002       8430031.69242
0.00001   0.00002   0.00000      0.00002       8430031.69242
0.00001   0.00002   0.00000      0.00002       8409927.98907
0.00001   0.00002   0.00000      0.00002       8430031.69242
0.00001   0.00002   0.00000      0.00002       8430031.69242
0.00001   0.00002   0.00000      0.00002       8409927.98907
0.00001   0.00002   0.00000      0.00002       8430031.69242
0.00001   0.00002   0.00000      0.00002       8409927.98907
0.00001   0.00002   0.00000      0.00002       8389848.28572
0.00001   0.00002   0.00000      0.00002       8430031.69242
0.00001   0.00002   0.00000      0.00002       8430031.69242
0.00001   0.00002   0.00000      0.00002       8430031.69242
0.00001   0.00002   0.00000      0.00002       8430031.69242
0.00001   0.00002   0.00000      0.00002       8409927.98907
0.00001   0.00002   0.00000      0.00002       8430031.69242
0.00001   0.00002   0.00000      0.00002       8430031.69242
0.00001   0.00002   0.00000      0.00002       8430031.69242
0.00001   0.00002   0.00000      0.00002       8430031.69242
0.00001   0.00002   0.00000      0.00002       8389848.28572
0.00001   0.00002   0.00000      0.00002       8430031.69242
0.00001   0.00002   0.00000      0.00002       8430031.69242
0.00001   0.00002   0.00000      0.00002       8389848.28572
0.00001   0.00002   0.00000      0.00002       8430031.69242
0.00001   0.00002   0.00000      0.00002       8430031.69242
0.00001   0.00002   0.00000      0.00002       8409927.98907
0.00001   0.00002   0.00000      0.00002       8430031.69242
0.00001   0.00002   0.00000      0.00002       8430031.69242
0.00001   0.00002   0.00000      0.00002       8430031.69242
0.00001   0.00002   0.00000      0.00002       8430031.69242
0.00001   0.00002   0.00000      0.00002       8389848.28572
0.00001   0.00002   0.00000      0.00002       8430031.69242
0.00001   0.00002   0.00000      0.00002       8430031.69242
0.00001   0.00002   0.00000      0.00002       8430031.69242
0.00001   0.00002   0.00000      0.00002       8430031.69242
0.00001   0.00002   0.00000      0.00002       8430031.69242
0.00001   0.00002   0.00000      0.00002       8430031.69242
0.00001   0.00002   0.00000      0.00002       8430031.69242
0.00001   0.00002   0.00000      0.00002       8430031.69242
0.00001   0.00002   0.00000      0.00002       8430031.69242
0.00001   0.00002   0.00000      0.00002       8430031.69242
0.00001   0.00002   0.00000      0.00002       8409927.98907
0.00001   0.00002   0.00000      0.00002       8430031.69242
0.00001   0.00002   0.00000      0.00002       8430031.69242
0.00001   0.00002   0.00000      0.00002       8430031.69242
0.00001   0.00002   0.00000      0.00002       8430031.69242
0.00001   0.00002   0.00000      0.00002       8430031.69242
0.00001   0.00002   0.00000      0.00002       8430031.69242
0.00001   0.00002   0.00000      0.00002       8430031.69242
0.00001   0.00002   0.00000      0.00002       8430031.69242
0.00001   0.00002   0.00000      0.00002       8430031.69242
0.00001   0.00002   0.00000      0.00002       8430031.69242
0.00001   0.00002   0.00000      0.00002       8430031.69242
0.00001   0.00002   0.00000      0.00002       8430031.69242
0.00001   0.00002   0.00000      0.00002       8430031.69242
0.00001   0.00002   0.00000      0.00002       8430031.69242
0.00001   0.00002   0.00000      0.00002       8430031.69242
0.00001   0.00002   0.00000      0.00002       8430031.69242
0.00001   0.00002   0.00000      0.00002       8430031.69242
0.00001   0.00002   0.00000      0.00002       8430031.69242
0.00001   0.00002   0.00000      0.00002       8430031.69242
0.00001   0.00002   0.00000      0.00002       8430031.69242
0.00001   0.00002   0.00000      0.00002       8430031.69242
0.00001   0.00002   0.00000      0.00002       8430031.69242
0.00001   0.00002   0.00000      0.00002       8430031.69242
0.00001   0.00002   0.00000      0.00002       8430031.69242
0.00001   0.00002   0.00000      0.00002       8430031.69242
0.00001   0.00002   0.00000      0.00002       8430031.69242
0.00001   0.00002   0.00000      0.00002       8430031.69242
0.00001   0.00002   0.00000      0.00002       8430031.69242

Gradi di liberta = 2506
Chi-quadro = 9637382007.401865
p-value = 0.0

Media pesata = 1.5208456937799043e-05 +/- 5.764287198883956e-11

