Tempo,Forzante,Pendolo,Ampiezza,Fase
0.000,4.195,0.012,0.464,44.012
0.020,0.117,-0.013,0.464,44.116
0.040,-3.984,-0.029,0.464,44.248
0.060,-8.016,-0.045,0.464,44.400
0.080,-11.936,-0.057,0.464,44.560
0.100,-15.645,-0.067,0.464,44.721
0.120,-19.137,-0.077,0.464,44.869
0.140,-22.365,-0.076,0.464,45.105
0.160,-25.219,-0.081,0.464,45.105
0.180,-27.709,-0.074,0.464,45.174
0.200,-29.807,-0.071,0.464,45.195
0.220,-31.441,-0.056,0.464,45.109
0.240,-32.613,-0.043,0.464,45.109
0.260,-33.252,-0.029,0.464,45.003
0.280,-33.434,-0.013,0.464,44.861
0.300,-33.146,0.011,0.464,44.690
0.320,-32.350,0.031,0.464,44.499
0.340,-31.084,0.055,0.464,44.298
0.360,-29.314,0.082,0.464,44.099
0.380,-27.135,0.105,0.464,43.909
0.400,-24.539,0.135,0.464,43.740
0.420,-21.574,0.159,0.464,43.598
0.440,-18.270,0.191,0.464,43.490
0.460,-14.748,0.212,0.464,43.422
0.480,-10.928,0.239,0.464,43.393
0.500,-6.973,0.262,0.463,43.406
0.520,-2.906,0.284,0.463,43.453
0.540,1.189,0.311,0.463,43.539
0.560,5.268,0.323,0.463,43.652
0.580,9.264,0.343,0.463,43.785
0.600,13.125,0.352,0.463,43.929
0.620,16.822,0.359,0.463,44.074
0.640,20.232,0.365,0.463,44.209
0.660,23.373,0.369,0.463,44.325
0.680,26.186,0.369,0.463,44.415
0.700,28.564,0.363,0.463,44.469
0.720,30.527,0.356,0.463,44.484
0.740,32.068,0.349,0.463,44.464
0.760,33.117,0.332,0.463,44.400
0.780,33.686,0.317,0.463,44.302
0.800,33.750,0.299,0.463,44.168
0.820,33.363,0.274,0.463,44.012
0.840,32.432,0.257,0.463,43.839
0.860,31.049,0.228,0.463,43.662
0.880,29.209,0.205,0.463,43.489
0.900,26.959,0.176,0.463,43.331
0.920,24.270,0.146,0.463,43.195
0.940,21.252,0.125,0.463,43.092
0.960,17.900,0.094,0.463,43.024
0.980,14.303,0.069,0.463,42.998
1.000,10.506,0.040,0.463,43.015
1.020,6.551,0.021,0.462,43.074
1.040,2.490,-0.003,0.462,43.172
1.060,-1.600,-0.021,0.462,43.304
1.080,-5.666,-0.036,0.462,43.465
1.100,-9.662,-0.054,0.462,43.645
1.120,-13.506,-0.066,0.462,43.837
1.140,-17.121,-0.072,0.462,44.028
1.160,-20.508,-0.082,0.462,44.207
1.180,-23.566,-0.080,0.462,44.369
1.200,-26.279,-0.080,0.462,44.500
1.220,-28.611,-0.074,0.462,44.594
1.240,-30.527,-0.067,0.462,44.649
1.260,-31.934,-0.058,0.462,44.661
1.280,-32.900,-0.040,0.462,44.631
1.300,-33.328,-0.029,0.462,44.564
1.320,-33.352,-0.007,0.462,44.465
1.340,-32.836,0.012,0.462,44.341
1.360,-31.857,0.036,0.462,44.201
1.380,-30.363,0.058,0.462,44.055
1.400,-28.418,0.084,0.462,43.915
1.420,-26.057,0.111,0.462,43.788
1.440,-23.314,0.141,0.462,43.685
1.460,-20.180,0.165,0.462,43.612
1.480,-16.775,0.198,0.462,43.574
1.500,-13.143,0.216,0.462,43.577
1.520,-9.270,0.248,0.462,43.619
1.540,-5.262,0.265,0.462,43.701
1.560,-1.172,0.290,0.462,43.815
1.580,2.900,0.310,0.462,43.964
1.600,6.967,0.327,0.462,44.134
1.620,10.910,0.343,0.462,44.320
1.640,14.713,0.353,0.462,44.509
1.660,18.293,0.361,0.462,44.697
1.680,21.586,0.366,0.462,44.866
1.700,24.615,0.365,0.462,45.012
1.720,27.223,0.367,0.462,45.121
1.740,29.449,0.359,0.462,45.191
1.760,31.230,0.353,0.462,45.217
1.780,32.566,0.340,0.462,45.200
1.800,33.422,0.325,0.462,45.135
1.820,33.768,0.311,0.462,45.034
1.840,33.645,0.286,0.462,44.897
1.860,33.029,0.268,0.462,44.739
1.880,31.910,0.241,0.462,44.564
1.900,30.322,0.218,0.462,44.384
1.920,28.312,0.190,0.462,44.211
1.940,25.875,0.166,0.462,44.052
1.960,23.045,0.136,0.462,43.918
1.980,19.881,0.116,0.462,43.814
2.000,16.430,0.077,0.462,43.745
2.020,12.721,0.060,0.462,43.716
2.040,8.842,0.029,0.462,43.726
2.060,4.834,0.016,0.461,43.776
2.080,0.762,-0.012,0.461,43.858
2.100,-3.322,-0.026,0.461,43.970
2.120,-7.383,-0.046,0.461,44.103
2.140,-11.297,-0.058,0.461,44.249
2.160,-15.070,-0.066,0.461,44.400
2.180,-18.598,-0.075,0.461,44.541
2.200,-21.879,-0.075,0.461,44.670
2.220,-24.797,-0.081,0.461,44.766
2.240,-27.340,-0.074,0.461,44.833
2.260,-29.508,-0.070,0.461,44.858
2.280,-31.219,-0.058,0.461,44.843
2.300,-32.467,-0.050,0.461,44.782
2.320,-33.199,-0.029,0.461,44.682
2.340,-33.404,-0.017,0.461,44.546
2.360,-33.246,0.011,0.461,44.381
2.380,-32.537,0.021,0.461,44.196
2.400,-31.342,0.052,0.461,44.003
2.420,-29.625,0.074,0.461,43.810
2.440,-27.510,0.101,0.461,43.625
2.460,-24.984,0.128,0.461,43.461
2.480,-22.055,0.154,0.461,43.324
2.500,-18.832,0.182,0.461,43.221
2.520,-15.316,0.210,0.461,43.157
2.540,-11.549,0.236,0.461,43.133
2.560,-7.623,0.260,0.458,43.153
2.580,-3.557,0.282,0.457,43.211
2.600,0.521,0.302,0.457,43.307
2.620,4.617,0.324,0.457,43.431
2.640,8.625,0.336,0.457,43.580
2.660,12.521,0.350,0.457,43.739
2.680,16.248,0.359,0.457,43.903
2.700,19.717,0.371,0.457,44.063
2.720,22.904,0.369,0.457,44.207
2.740,25.758,0.370,0.457,44.325
2.760,28.213,0.364,0.457,44.409
2.780,30.246,0.356,0.457,44.455
2.800,31.846,0.349,0.457,44.456
2.820,32.977,0.340,0.457,44.418
2.840,33.627,0.319,0.457,44.345
2.860,33.762,0.303,0.457,44.237
2.880,33.445,0.280,0.457,44.102
2.900,32.602,0.264,0.457,43.950
2.920,31.283,0.236,0.457,43.792
2.940,29.537,0.210,0.457,43.635
2.960,27.346,0.182,0.457,43.490
2.980,24.738,0.156,0.457,43.367
3.000,21.738,0.129,0.457,43.272
3.020,18.475,0.102,0.457,43.214
3.040,14.889,0.076,0.457,43.194
3.060,11.104,0.053,0.457,43.216
3.080,7.184,0.025,0.457,43.278
3.100,3.129,0.008,0.457,43.379
3.120,-0.932,-0.015,0.457,43.517
3.140,-5.027,-0.029,0.457,43.680
3.160,-9.053,-0.046,0.457,43.864
3.180,-12.891,-0.058,0.457,44.057
3.200,-16.559,-0.068,0.457,44.248
3.220,-19.980,-0.075,0.457,44.430
3.240,-23.133,-0.074,0.457,44.591
3.260,-25.893,-0.074,0.457,44.722
3.280,-28.283,-0.074,0.457,44.815
3.300,-30.252,-0.067,0.457,44.870
3.320,-31.746,-0.054,0.457,44.883
3.340,-32.801,-0.043,0.457,44.848
3.360,-33.311,-0.027,0.457,44.775
3.380,-33.381,-0.011,0.457,44.668
3.400,-32.953,0.013,0.457,44.532
3.420,-32.021,0.033,0.457,44.379
3.440,-30.656,0.058,0.457,44.217
3.460,-28.752,0.085,0.457,44.057
3.480,-26.467,0.107,0.457,43.909
3.500,-23.789,0.135,0.457,43.781
3.520,-20.701,0.161,0.457,43.682
3.540,-17.361,0.194,0.457,43.616
3.560,-13.746,0.214,0.457,43.589
3.580,-9.896,0.239,0.457,43.601
3.600,-5.930,0.262,0.457,43.649
3.620,-1.852,0.286,0.457,43.734
3.640,2.268,0.305,0.457,43.850
3.660,6.334,0.325,0.457,43.987
3.680,10.271,0.336,0.457,44.144
3.700,14.133,0.352,0.457,44.305
3.720,17.730,0.355,0.457,44.463
3.740,21.100,0.364,0.457,44.606
3.760,24.164,0.361,0.457,44.725
3.780,26.842,0.363,0.457,44.810
3.800,29.127,0.358,0.457,44.857
3.820,30.961,0.352,0.457,44.862
3.840,32.385,0.340,0.457,44.825
3.860,33.311,0.327,0.457,44.742
3.880,33.744,0.310,0.457,44.623
3.900,33.697,0.292,0.457,44.471
3.920,33.152,0.269,0.457,44.294
3.940,32.115,0.246,0.457,44.101
3.960,30.604,0.219,0.457,43.905
3.980,28.641,0.193,0.457,43.712
4.000,26.303,0.170,0.457,43.534
4.020,23.508,0.138,0.457,43.379
4.040,20.408,0.118,0.457,43.255
4.060,17.010,0.081,0.457,43.168
4.080,13.330,0.062,0.457,43.120
4.100,9.469,0.034,0.457,43.113
4.120,5.479,0.014,0.454,43.146
4.140,1.436,-0.006,0.454,43.215
4.160,-2.666,-0.025,0.454,43.316
4.180,-6.703,-0.042,0.454,43.441
4.200,-10.676,-0.056,0.454,43.584
4.220,-14.473,-0.063,0.454,43.734
4.240,-18.047,-0.075,0.454,43.878
4.260,-21.334,-0.076,0.454,44.012
4.280,-24.322,-0.080,0.454,44.119
4.300,-26.947,-0.075,0.454,44.201
4.320,-29.180,-0.071,0.454,44.242
4.340,-30.949,-0.062,0.454,44.247
4.360,-32.262,-0.051,0.454,44.209
4.380,-33.100,-0.034,0.454,44.132
4.400,-33.393,-0.019,0.454,44.020
4.420,-33.293,0.004,0.454,43.878
4.440,-32.654,0.019,0.454,43.715
4.460,-31.523,0.042,0.454,43.543
4.480,-29.906,0.069,0.454,43.370
4.500,-27.855,0.091,0.454,43.205
4.520,-25.412,0.121,0.454,43.059
4.540,-22.541,0.148,0.454,42.940
4.560,-19.354,0.172,0.454,42.854
4.580,-15.861,0.204,0.454,42.808
4.600,-12.164,0.222,0.454,42.803
4.620,-8.250,0.254,0.453,42.840
4.640,-4.225,0.269,0.453,42.917
4.660,-0.135,0.295,0.453,43.031
4.680,3.973,0.308,0.453,43.177
4.700,7.986,0.335,0.453,43.346
4.720,11.924,0.342,0.453,43.535
4.740,15.662,0.358,0.453,43.723
4.760,19.195,0.360,0.453,43.913
4.780,22.406,0.366,0.453,44.080
4.800,25.348,0.365,0.453,44.229
4.820,27.844,0.368,0.453,44.340
4.840,29.959,0.354,0.453,44.418
4.860,31.629,0.350,0.453,44.447
4.880,32.824,0.338,0.453,44.439
4.900,33.562,0.320,0.453,44.387
4.920,33.791,0.307,0.453,44.300
4.940,33.527,0.284,0.453,44.182
4.960,32.760,0.262,0.453,44.047
4.980,31.541,0.240,0.453,43.898
5.000,29.836,0.214,0.453,43.749
5.020,27.732,0.188,0.453,43.609
5.040,25.154,0.160,0.453,43.486
5.060,22.242,0.132,0.453,43.390
5.080,19.002,0.112,0.453,43.326
5.100,15.475,0.079,0.453,43.298
5.120,11.736,0.057,0.453,43.311
5.140,7.805,0.030,0.453,43.364
5.160,3.768,0.011,0.453,43.454
5.180,-0.311,-0.009,0.453,43.577
5.200,-4.389,-0.030,0.453,43.728
5.220,-8.408,-0.043,0.453,43.898
5.240,-12.311,-0.052,0.453,44.078
5.260,-15.996,-0.064,0.453,44.255
5.280,-19.477,-0.071,0.453,44.427
5.300,-22.664,-0.078,0.453,44.576
5.320,-25.482,-0.075,0.453,44.698
5.340,-27.920,-0.071,0.453,44.779
5.360,-29.971,-0.062,0.453,44.818
5.380,-31.582,-0.054,0.453,44.813
5.400,-32.701,-0.039,0.453,44.766
5.420,-33.281,-0.028,0.453,44.673
5.440,-33.422,-0.008,0.453,44.549
5.460,-33.059,0.014,0.453,44.393
5.480,-32.232,0.034,0.453,44.220
5.500,-30.932,0.056,0.453,44.036
5.520,-29.098,0.084,0.453,43.853
5.540,-26.865,0.106,0.453,43.679
5.560,-24.246,0.137,0.453,43.526
5.580,-21.246,0.161,0.453,43.401
5.600,-17.912,0.189,0.453,43.309
5.620,-14.355,0.211,0.453,43.254
5.640,-10.512,0.234,0.453,43.239
5.660,-6.562,0.261,0.453,43.263
5.680,-2.490,0.284,0.453,43.323
5.700,1.617,0.305,0.453,43.418
5.720,5.672,0.324,0.453,43.537
5.740,9.674,0.336,0.453,43.677
5.760,13.518,0.347,0.453,43.824
5.780,17.186,0.355,0.453,43.970
5.800,20.578,0.360,0.453,44.105
5.820,23.695,0.364,0.453,44.218
5.840,26.437,0.362,0.453,44.302
5.860,28.775,0.359,0.453,44.354
5.880,30.715,0.350,0.453,44.365
5.900,32.191,0.344,0.453,44.333
5.920,33.199,0.327,0.453,44.263
5.940,33.715,0.311,0.453,44.153
5.960,33.727,0.292,0.453,44.013
5.980,33.275,0.269,0.453,43.846
6.000,32.320,0.248,0.453,43.664
6.020,30.879,0.225,0.453,43.477
6.040,29.010,0.195,0.453,43.295
6.060,26.695,0.174,0.453,43.128
6.080,23.977,0.141,0.453,42.985
6.100,20.918,0.121,0.453,42.872
6.120,17.572,0.089,0.453,42.796
6.140,13.934,0.067,0.453,42.761
6.160,10.090,0.039,0.452,42.767
6.180,6.135,0.017,0.452,42.815
6.200,2.068,-0.000,0.452,42.903
6.220,-2.016,-0.024,0.452,43.022
6.240,-6.076,-0.037,0.452,43.173
6.260,-10.072,-0.052,0.452,43.338
6.280,-13.863,-0.062,0.452,43.516
6.300,-17.473,-0.071,0.452,43.690
6.320,-20.812,-0.076,0.452,43.855
6.340,-23.883,-0.079,0.452,43.997
6.360,-26.549,-0.076,0.452,44.114
6.380,-28.834,-0.074,0.452,44.194
6.400,-30.674,-0.063,0.452,44.237
6.420,-32.057,-0.054,0.452,44.236
6.440,-32.994,-0.036,0.452,44.197
6.460,-33.357,-0.027,0.452,44.119
6.480,-33.311,-0.003,0.452,44.014
6.500,-32.754,0.014,0.452,43.883
6.520,-31.705,0.038,0.452,43.741
6.540,-30.193,0.065,0.452,43.593
6.560,-28.189,0.089,0.452,43.451
6.580,-25.811,0.112,0.452,43.326
6.600,-23.010,0.145,0.452,43.226
6.620,-19.852,0.165,0.452,43.157
6.640,-16.441,0.195,0.452,43.125
6.660,-12.756,0.216,0.452,43.134
6.680,-8.877,0.244,0.452,43.183
6.700,-4.846,0.266,0.452,43.273
6.720,-0.756,0.291,0.452,43.398
6.740,3.328,0.308,0.452,43.556
6.760,7.371,0.327,0.452,43.738
6.780,11.309,0.340,0.452,43.937
6.800,15.094,0.351,0.452,44.137
6.820,18.645,0.358,0.452,44.335
6.840,21.920,0.363,0.452,44.514
6.860,24.908,0.364,0.452,44.671
6.880,27.469,0.361,0.452,44.792
6.900,29.660,0.356,0.452,44.874
6.920,31.389,0.349,0.452,44.911
6.940,32.672,0.336,0.452,44.906
6.960,33.475,0.318,0.452,44.855
6.980,33.768,0.303,0.452,44.765
7.000,33.604,0.286,0.452,44.643
7.020,32.900,0.265,0.452,44.501
7.040,31.770,0.237,0.452,44.344
7.060,30.117,0.215,0.452,44.182
7.080,28.090,0.188,0.452,44.027
7.100,25.588,0.164,0.452,43.887
7.120,22.729,0.131,0.452,43.771
7.140,19.535,0.112,0.452,43.686
7.160,16.043,0.079,0.452,43.637
7.180,12.311,0.061,0.452,43.626
7.200,8.432,0.033,0.452,43.655
7.220,4.412,0.012,0.451,43.719
7.240,0.334,-0.007,0.451,43.818
7.260,-3.762,-0.027,0.451,43.942
7.280,-7.793,-0.038,0.451,44.092
7.300,-11.713,-0.052,0.451,44.247
7.320,-15.457,-0.060,0.451,44.408
7.340,-18.955,-0.071,0.451,44.555
7.360,-22.189,-0.075,0.451,44.687
7.380,-25.072,-0.070,0.451,44.791
7.400,-27.586,-0.070,0.451,44.859
7.420,-29.707,-0.063,0.451,44.883
7.440,-31.377,-0.054,0.451,44.867
7.460,-32.549,-0.043,0.451,44.806
7.480,-33.246,-0.025,0.451,44.704
7.500,-33.422,-0.009,0.451,44.566
7.520,-33.205,0.008,0.451,44.399
7.540,-32.437,0.033,0.451,44.213
7.560,-31.178,0.052,0.451,44.015
7.580,-29.437,0.082,0.451,43.818
7.600,-27.240,0.105,0.451,43.631
7.620,-24.709,0.130,0.451,43.463
7.640,-21.738,0.157,0.451,43.322
7.660,-18.469,0.185,0.451,43.215
7.680,-14.924,0.208,0.451,43.148
7.700,-11.139,0.232,0.450,43.119
7.720,-7.213,0.263,0.450,43.132
7.740,-3.152,0.280,0.448,43.185
7.760,0.955,0.300,0.448,43.271
7.780,5.045,0.320,0.448,43.387
7.800,9.029,0.336,0.448,43.525
7.820,12.926,0.347,0.448,43.673
7.840,16.611,0.359,0.448,43.824
7.860,20.045,0.359,0.448,43.969
7.880,23.215,0.366,0.448,44.096
7.900,26.033,0.360,0.448,44.197
7.920,28.436,0.361,0.448,44.261
7.940,30.434,0.352,0.448,44.288
7.960,31.986,0.346,0.448,44.275
7.980,33.076,0.332,0.448,44.222
8.000,33.662,0.316,0.448,44.133
8.020,33.756,0.302,0.448,44.011
8.040,33.381,0.278,0.448,43.865
8.060,32.484,0.257,0.448,43.702
8.080,31.148,0.232,0.448,43.533
8.100,29.314,0.207,0.448,43.367
8.120,27.094,0.178,0.448,43.216
8.140,24.434,0.152,0.448,43.086
8.160,21.410,0.127,0.448,42.987
8.180,18.105,0.097,0.448,42.925
8.200,14.490,0.074,0.448,42.902
8.220,10.723,0.049,0.448,42.921
8.240,6.744,0.026,0.448,42.982
8.260,2.719,0.005,0.448,43.083
8.280,-1.365,-0.016,0.448,43.219
8.300,-5.449,-0.031,0.448,43.384
8.320,-9.445,-0.048,0.448,43.567
8.340,-13.283,-0.059,0.448,43.761
8.360,-16.910,-0.069,0.448,43.954
8.380,-20.332,-0.071,0.448,44.138
8.400,-23.408,-0.075,0.448,44.300
8.420,-26.150,-0.075,0.448,44.433
8.440,-28.494,-0.071,0.448,44.532
8.460,-30.434,-0.063,0.448,44.590
8.480,-31.898,-0.054,0.448,44.606
8.500,-32.883,-0.041,0.448,44.578
8.520,-33.334,-0.026,0.448,44.512
8.540,-33.363,-0.004,0.448,44.412
8.560,-32.906,0.013,0.448,44.285
8.580,-31.922,0.037,0.448,44.142
8.600,-30.469,0.056,0.448,43.992
8.620,-28.547,0.088,0.448,43.846
8.640,-26.197,0.108,0.448,43.712
8.660,-23.473,0.140,0.448,43.601
8.680,-20.385,0.160,0.448,43.518
8.700,-17.004,0.192,0.448,43.470
8.720,-13.365,0.214,0.448,43.460
8.740,-9.498,0.240,0.448,43.490
8.760,-5.496,0.260,0.448,43.559
8.780,-1.412,0.285,0.448,43.660
8.800,2.678,0.302,0.448,43.794
8.820,6.732,0.322,0.448,43.949
8.840,10.687,0.336,0.448,44.121
8.860,14.496,0.348,0.448,44.297
8.880,18.100,0.353,0.448,44.469
8.900,21.422,0.358,0.448,44.623
8.920,24.445,0.360,0.448,44.752
8.940,27.094,0.359,0.448,44.848
8.960,29.320,0.357,0.448,44.906
8.980,31.137,0.343,0.448,44.921
9.000,32.502,0.339,0.448,44.888
9.020,33.381,0.323,0.448,44.813
9.040,33.768,0.305,0.448,44.702
9.060,33.656,0.285,0.448,44.554
9.080,33.047,0.263,0.448,44.383
9.100,31.980,0.238,0.448,44.195
9.120,30.410,0.215,0.448,44.002
9.140,28.430,0.186,0.448,43.815
9.160,26.027,0.167,0.448,43.642
9.180,23.197,0.135,0.448,43.493
9.200,20.080,0.115,0.448,43.375
9.220,16.617,0.079,0.448,43.292
9.240,12.937,0.059,0.448,43.249
9.260,9.064,0.034,0.448,43.245
9.280,5.074,0.016,0.446,43.280
9.300,0.996,-0.006,0.446,43.351
9.320,-3.111,-0.025,0.446,43.451
9.340,-7.148,-0.041,0.446,43.575
9.360,-11.092,-0.054,0.446,43.713
9.380,-14.848,-0.064,0.446,43.857
9.400,-18.410,-0.070,0.446,43.995
9.420,-21.686,-0.076,0.446,44.117
9.440,-24.639,-0.075,0.446,44.217
9.460,-27.205,-0.071,0.446,44.283
9.480,-29.385,-0.067,0.446,44.311
9.500,-31.143,-0.055,0.446,44.300
9.520,-32.385,-0.047,0.446,44.245
9.540,-33.164,-0.029,0.446,44.151
9.560,-33.445,-0.017,0.446,44.022
9.580,-33.246,0.008,0.446,43.868
9.600,-32.578,0.025,0.446,43.692
9.620,-31.389,0.049,0.446,43.506
9.640,-29.742,0.074,0.446,43.321
9.660,-27.650,0.099,0.446,43.146
9.680,-25.131,0.124,0.446,42.991
9.700,-22.260,0.149,0.446,42.863
9.720,-18.996,0.174,0.446,42.769
9.740,-15.527,0.206,0.446,42.716
9.760,-11.783,0.228,0.446,42.703
9.780,-7.840,0.253,0.446,42.734
9.800,-3.814,0.274,0.446,42.805
9.820,0.305,0.297,0.445,42.912
9.840,4.377,0.316,0.445,43.053
9.860,8.396,0.332,0.445,43.216
9.880,12.299,0.340,0.445,43.394
9.900,16.020,0.354,0.445,43.573
9.920,19.523,0.355,0.445,43.752
9.940,22.711,0.365,0.445,43.913
9.960,25.617,0.365,0.445,44.049
9.980,28.084,0.360,0.445,44.155
10.000,30.141,0.354,0.445,44.222
10.020,31.770,0.346,0.445,44.248
10.040,32.930,0.336,0.445,44.234
10.060,33.604,0.318,0.445,44.181
10.080,33.779,0.302,0.445,44.092
10.100,33.480,0.281,0.445,43.978
10.120,32.660,0.260,0.445,43.843
10.140,31.389,0.236,0.445,43.701
10.160,29.619,0.211,0.445,43.558
10.180,27.480,0.186,0.445,43.426
10.200,24.867,0.161,0.445,43.314
10.220,21.914,0.128,0.445,43.229
10.240,18.645,0.107,0.445,43.178
10.260,15.094,0.077,0.445,43.165
10.280,11.309,0.058,0.445,43.193
10.300,7.400,0.030,0.445,43.261
10.320,3.369,0.012,0.445,43.367
10.340,-0.727,-0.009,0.445,43.505
10.360,-4.799,-0.027,0.445,43.672
10.380,-8.836,-0.041,0.445,43.858
10.400,-12.697,-0.051,0.445,44.052
10.420,-16.365,-0.063,0.445,44.247
10.440,-19.822,-0.069,0.445,44.428
10.460,-22.957,-0.074,0.445,44.590
10.480,-25.770,-0.068,0.445,44.720
10.500,-28.166,-0.068,0.445,44.812
10.520,-30.182,-0.064,0.445,44.863
10.540,-31.717,-0.050,0.445,44.874
10.560,-32.760,-0.038,0.445,44.836
10.580,-33.305,-0.021,0.445,44.757
10.600,-33.410,-0.003,0.445,44.643
10.620,-33.018,0.017,0.445,44.499
10.640,-32.145,0.036,0.445,44.336
10.660,-30.727,0.058,0.445,44.163
10.680,-28.887,0.087,0.445,43.993
10.700,-26.613,0.108,0.445,43.690
10.720,-23.953,0.135,0.445,43.690
10.740,-20.895,0.161,0.445,43.577
10.760,-17.555,0.189,0.445,43.496
10.780,-13.939,0.211,0.445,43.453
10.800,-10.107,0.240,0.445,43.448
10.820,-6.135,0.264,0.445,43.482
10.840,-2.068,0.284,0.445,43.552
10.860,2.033,0.300,0.445,43.654
10.880,6.100,0.320,0.445,43.777
10.900,10.078,0.332,0.445,43.919
10.920,13.922,0.347,0.445,44.067
10.940,17.543,0.352,0.445,44.215
10.960,20.912,0.359,0.445,44.345
10.980,24.006,0.358,0.445,44.455
11.000,26.695,0.357,0.445,44.533
11.020,29.004,0.355,0.445,44.574
11.040,30.879,0.347,0.445,44.574
11.060,32.332,0.332,0.445,44.532
11.080,33.270,0.323,0.445,44.446
11.100,33.744,0.303,0.445,44.324
11.120,33.703,0.286,0.445,44.168
11.140,33.205,0.267,0.445,43.988
11.160,32.186,0.241,0.445,43.795
11.180,30.709,0.222,0.445,43.597
11.200,28.775,0.190,0.445,43.404
11.220,26.420,0.171,0.445,43.226
11.240,23.666,0.137,0.445,43.072
11.260,20.572,0.116,0.445,42.950
11.280,17.197,0.086,0.445,42.864
11.300,13.518,0.066,0.445,42.819
11.320,9.686,0.037,0.445,42.815
11.340,5.713,0.019,0.442,42.852
11.360,1.641,-0.003,0.442,42.927
11.380,-2.426,-0.021,0.442,43.035
11.400,-6.492,-0.037,0.442,43.169
11.420,-10.453,-0.051,0.442,43.322
11.440,-14.238,-0.062,0.442,43.485
11.460,-17.854,-0.070,0.442,43.644
11.480,-21.170,-0.071,0.442,43.792
11.500,-24.164,-0.078,0.444,43.916
11.520,-26.789,-0.070,0.444,44.017
11.540,-29.045,-0.071,0.444,44.079
11.560,-30.867,-0.058,0.444,44.103
11.580,-32.186,-0.050,0.444,44.087
11.600,-33.059,-0.034,0.444,44.033
11.620,-33.387,-0.023,0.444,43.942
11.640,-33.293,0.002,0.444,43.824
11.660,-32.707,0.020,0.444,43.681
11.680,-31.600,0.043,0.444,43.527
11.700,-30.012,0.067,0.444,43.373
11.720,-27.973,0.094,0.444,43.225
11.740,-25.535,0.116,0.444,43.097
11.760,-22.723,0.145,0.444,42.995
11.780,-19.529,0.170,0.444,42.925
11.800,-16.078,0.198,0.444,42.895
11.820,-12.375,0.223,0.444,42.905
11.840,-8.473,0.244,0.444,42.959
11.860,-4.441,0.269,0.444,43.050
11.880,-0.357,0.290,0.444,43.180
11.900,3.732,0.311,0.444,43.341
11.920,7.781,0.324,0.444,43.528
11.940,11.701,0.340,0.444,43.729
11.960,15.469,0.350,0.444,43.937
11.980,18.990,0.356,0.444,44.138
12.000,22.242,0.363,0.444,44.324
12.020,25.178,0.365,0.444,44.485
12.040,27.709,0.360,0.444,44.614
12.060,29.842,0.356,0.444,44.702
12.080,31.529,0.342,0.444,44.746
12.100,32.789,0.333,0.444,44.745
12.120,33.527,0.318,0.444,44.702
12.140,33.779,0.304,0.444,44.623
12.160,33.551,0.280,0.444,44.513
12.180,32.812,0.261,0.444,44.381
12.200,31.617,0.235,0.444,44.235
12.220,29.941,0.215,0.444,44.086
12.240,27.855,0.182,0.444,43.946
12.260,25.312,0.164,0.444,43.822
12.280,22.395,0.128,0.444,43.723
12.300,19.189,0.112,0.444,43.657
12.320,15.662,0.080,0.444,43.625
12.340,11.936,0.058,0.444,43.633
12.360,8.021,0.032,0.444,43.681
12.380,3.984,0.014,0.444,43.765
12.400,-0.088,-0.007,0.444,43.882
12.420,-4.189,-0.021,0.444,44.027
12.440,-8.209,-0.042,0.444,44.190
12.460,-12.111,-0.049,0.444,44.362
12.480,-15.809,-0.057,0.444,44.534
12.500,-19.312,-0.068,0.444,44.689
12.520,-22.512,-0.069,0.444,44.833
12.540,-25.359,-0.073,0.444,44.945
12.560,-27.838,-0.063,0.444,45.022
12.580,-29.900,-0.063,0.444,45.052
12.600,-31.518,-0.046,0.444,45.043
12.620,-32.637,-0.039,0.444,44.985
12.640,-33.275,-0.020,0.444,44.887
12.660,-33.428,-0.007,0.444,44.752
12.680,-33.117,0.014,0.444,44.589
12.700,-32.320,0.036,0.444,44.406
12.720,-30.996,0.057,0.444,44.212
12.740,-29.238,0.087,0.444,44.019
12.760,-27.006,0.106,0.444,43.835
12.780,-24.398,0.136,0.444,43.672
12.800,-21.404,0.160,0.444,43.536
12.820,-18.100,0.191,0.444,43.433
12.840,-14.561,0.207,0.444,43.370
12.860,-10.746,0.240,0.444,43.343
12.880,-6.785,0.257,0.443,43.360
12.900,-2.725,0.282,0.443,43.411
12.920,1.383,0.299,0.443,43.498
12.940,5.437,0.320,0.443,43.611
12.960,9.428,0.333,0.443,43.744
12.980,13.324,0.344,0.443,43.886
13.000,16.969,0.353,0.443,44.029
13.020,20.391,0.356,0.443,44.163
13.040,23.520,0.364,0.443,44.277
13.060,26.285,0.360,0.443,44.364
13.080,28.664,0.356,0.443,44.416
13.100,30.609,0.349,0.443,44.431
13.120,32.133,0.340,0.443,44.403
13.140,33.141,0.328,0.443,44.335
13.160,33.686,0.313,0.443,44.230
13.180,33.732,0.289,0.443,44.093
13.200,33.311,0.274,0.443,43.929
13.220,32.367,0.246,0.443,43.754
13.240,30.973,0.231,0.443,43.572
13.260,29.104,0.196,0.443,43.396
13.280,26.842,0.178,0.443,43.234
13.300,24.135,0.145,0.443,43.096
13.320,21.088,0.123,0.443,42.989
13.340,17.748,0.095,0.443,42.920
13.360,14.127,0.072,0.443,42.890
13.380,10.312,0.044,0.443,42.904
13.400,6.346,0.022,0.443,42.961
13.420,2.309,0.003,0.443,43.057
13.440,-1.793,-0.019,0.443,43.186
13.460,-5.842,-0.032,0.443,43.345
13.480,-9.861,-0.050,0.443,43.521
13.500,-13.670,-0.055,0.443,43.711
13.520,-17.268,-0.071,0.443,43.895
13.540,-20.654,-0.071,0.443,44.076
13.560,-23.695,-0.080,0.446,44.229
13.580,-26.408,-0.071,0.446,44.361
13.600,-28.711,-0.069,0.446,44.453
13.620,-30.604,-0.061,0.446,44.506
13.640,-32.010,-0.053,0.446,44.513
13.660,-32.930,-0.038,0.446,44.485
13.680,-33.369,-0.021,0.446,44.415
13.700,-33.334,-0.004,0.446,44.315
13.720,-32.812,0.014,0.446,44.192
13.740,-31.805,0.039,0.446,44.054
13.760,-30.270,0.063,0.446,43.911
13.780,-28.330,0.090,0.446,43.772
13.800,-25.939,0.112,0.446,43.649
13.820,-23.186,0.140,0.446,43.549
13.840,-20.051,0.167,0.446,43.480
13.860,-16.611,0.193,0.446,43.448
13.880,-12.973,0.215,0.446,43.454
13.900,-9.076,0.241,0.446,43.500
13.920,-5.098,0.261,0.446,43.585
13.940,-1.002,0.288,0.446,43.705
13.960,3.105,0.302,0.446,43.858
13.980,7.137,0.323,0.446,44.030
14.000,11.098,0.331,0.446,44.221
14.020,14.895,0.350,0.446,44.413
14.040,18.463,0.355,0.446,44.604
14.060,21.738,0.358,0.446,44.774
14.080,24.738,0.360,0.446,44.922
14.100,27.328,0.359,0.446,45.031
14.120,29.531,0.354,0.446,45.105
14.140,31.295,0.345,0.446,45.131
14.160,32.602,0.331,0.446,45.114
14.180,33.428,0.317,0.446,45.051
14.200,33.768,0.301,0.446,44.951
14.220,33.621,0.281,0.446,44.816
14.240,32.965,0.261,0.446,44.657
14.260,31.828,0.236,0.446,44.484
14.280,30.234,0.216,0.446,44.306
14.300,28.219,0.184,0.446,44.134
14.320,25.734,0.165,0.446,43.977
14.340,22.887,0.132,0.446,43.843
14.360,19.723,0.112,0.446,43.741
14.380,16.254,0.079,0.446,43.674
14.400,12.539,0.061,0.446,43.646
14.420,8.660,0.036,0.446,43.656
14.440,4.635,0.016,0.446,43.785
14.460,0.568,-0.007,0.446,43.785
14.480,-3.527,-0.021,0.446,43.897
14.500,-7.570,-0.038,0.446,44.027
14.520,-11.508,-0.046,0.446,44.171
14.540,-15.240,-0.062,0.446,44.313
14.560,-18.779,-0.067,0.446,44.451
14.580,-22.020,-0.071,0.446,44.573
14.600,-24.920,-0.071,0.446,44.669
14.620,-27.451,-0.064,0.446,44.730
14.640,-29.596,-0.064,0.446,44.748
14.660,-31.318,-0.051,0.446,44.725
14.680,-32.502,-0.040,0.446,44.659
14.700,-33.205,-0.027,0.446,44.552
14.720,-33.428,-0.007,0.446,44.413
14.740,-33.193,0.008,0.446,44.242
14.760,-32.496,0.032,0.446,44.054
14.780,-31.266,0.054,0.446,43.854
14.800,-29.537,0.082,0.446,43.657
14.820,-27.404,0.103,0.446,43.467
14.840,-24.850,0.130,0.446,43.300
14.860,-21.932,0.155,0.446,43.160
14.880,-18.662,0.181,0.446,43.054
14.900,-15.158,0.204,0.446,42.987
14.920,-11.367,0.232,0.446,42.961
14.940,-7.424,0.256,0.446,42.979
14.960,-3.393,0.277,0.446,43.035
14.980,0.703,0.298,0.446,43.127
15.000,4.787,0.315,0.446,43.247
15.020,8.812,0.334,0.446,43.393
15.040,12.697,0.340,0.446,43.552
15.060,16.406,0.356,0.446,43.708
15.080,19.863,0.356,0.446,43.866
15.100,23.039,0.364,0.446,44.002
15.120,25.875,0.361,0.446,44.119
15.140,28.318,0.360,0.446,44.197
15.160,30.322,0.352,0.446,44.244
15.180,31.910,0.346,0.446,44.243
15.200,33.018,0.328,0.446,44.209
15.220,33.645,0.317,0.446,44.131
15.240,33.762,0.294,0.446,44.025
15.260,33.422,0.278,0.446,43.890
15.280,32.561,0.254,0.446,43.740
15.300,31.219,0.232,0.446,43.583
15.320,29.443,0.204,0.446,43.428
15.340,27.223,0.184,0.446,43.286
15.360,24.592,0.157,0.446,43.167
15.380,21.609,0.126,0.446,43.077
15.400,18.299,0.102,0.446,43.023
15.420,14.707,0.077,0.446,43.008
15.440,10.916,0.051,0.446,43.036
15.460,6.984,0.028,0.446,43.104
15.480,2.953,0.008,0.446,43.212
15.500,-1.137,-0.012,0.446,43.353
15.520,-5.215,-0.028,0.446,43.524
15.540,-9.229,-0.042,0.446,43.713
15.560,-13.078,-0.051,0.446,43.911
15.580,-16.729,-0.066,0.446,44.108
15.600,-20.150,-0.064,0.446,44.296
15.620,-23.273,-0.072,0.446,44.462
15.640,-26.016,-0.070,0.446,44.600
15.660,-28.400,-0.065,0.446,44.699
15.680,-30.334,-0.059,0.446,44.758
15.700,-31.822,-0.048,0.446,44.773
15.720,-32.848,-0.033,0.446,44.746
15.740,-33.352,-0.021,0.446,44.678
15.760,-33.387,-0.000,0.446,44.574
15.780,-32.930,0.016,0.446,44.444
15.800,-32.004,0.039,0.446,44.295
15.820,-30.562,0.058,0.446,44.141
15.840,-28.676,0.091,0.446,43.988
15.860,-26.367,0.110,0.446,43.846
15.880,-23.643,0.139,0.446,43.726
15.900,-20.555,0.161,0.446,43.634
15.920,-17.197,0.190,0.446,43.576
15.940,-13.564,0.212,0.446,43.555
15.960,-9.709,0.244,0.446,43.573
15.980,-5.725,0.257,0.446,43.632
16.000,-1.635,0.283,0.446,43.722
16.020,2.443,0.300,0.446,43.846
16.040,6.527,0.319,0.446,43.990
16.060,10.465,0.336,0.446,44.153
16.080,14.303,0.341,0.446,44.319
16.100,17.900,0.352,0.446,44.483
16.120,21.246,0.356,0.446,44.629
16.140,24.305,0.359,0.446,44.756
16.160,26.947,0.355,0.446,44.845
16.180,29.221,0.353,0.446,44.905
16.200,31.043,0.343,0.446,44.905
16.220,32.432,0.332,0.446,44.870
16.240,33.334,0.319,0.446,44.791
16.260,33.744,0.298,0.446,44.674
16.280,33.674,0.282,0.446,44.522
16.300,33.100,0.262,0.446,44.348
16.320,32.051,0.238,0.446,44.159
16.340,30.521,0.219,0.446,43.964
16.360,28.547,0.189,0.446,43.775
16.380,26.174,0.168,0.446,43.601
16.400,23.367,0.140,0.446,43.452
16.420,20.256,0.114,0.446,43.333
16.440,16.834,0.084,0.446,43.250
16.460,13.143,0.062,0.446,43.208
16.480,9.299,0.034,0.446,43.206
16.500,5.297,0.018,0.446,43.244
16.520,1.242,-0.006,0.446,43.319
16.540,-2.854,-0.019,0.446,43.424
16.560,-6.914,-0.040,0.446,43.554
16.580,-10.881,-0.050,0.446,43.699
16.600,-14.643,-0.061,0.446,43.854
16.620,-18.199,-0.071,0.446,44.004
16.640,-21.504,-0.071,0.446,44.141
16.660,-24.445,-0.075,0.446,44.253
16.680,-27.064,-0.069,0.446,44.338
16.700,-29.273,-0.067,0.446,44.383
16.720,-31.025,-0.057,0.446,44.354
16.740,-32.320,-0.046,0.446,44.354
16.760,-33.105,-0.031,0.446,44.279
16.780,-33.416,-0.013,0.446,44.168
16.800,-33.270,0.005,0.446,44.028
16.820,-32.619,0.024,0.446,43.869
16.840,-31.477,0.048,0.446,43.700
16.860,-29.848,0.073,0.446,43.530
16.880,-27.773,0.094,0.446,43.369
16.900,-25.283,0.124,0.446,43.228
16.920,-22.412,0.148,0.446,43.114
16.940,-19.213,0.174,0.446,43.035
16.960,-15.715,0.201,0.446,42.995
16.980,-12.000,0.228,0.446,42.996
17.000,-8.080,0.247,0.446,43.040
17.020,-4.025,0.274,0.444,43.123
17.040,0.047,0.294,0.444,43.246
17.060,4.160,0.313,0.444,43.399
17.080,8.180,0.329,0.444,43.577
17.100,12.094,0.340,0.444,43.767
17.120,15.832,0.352,0.444,43.965
17.140,19.330,0.356,0.444,44.157
17.160,22.559,0.360,0.444,44.332
17.180,25.465,0.360,0.444,44.482
17.200,27.949,0.360,0.444,44.595
17.220,30.035,0.352,0.444,44.676
17.240,31.687,0.345,0.444,44.711
17.260,32.877,0.330,0.444,44.704
17.280,33.580,0.318,0.444,44.656
17.300,33.773,0.298,0.444,44.572
17.320,33.504,0.278,0.444,44.460
17.340,32.725,0.259,0.444,44.325
17.360,31.471,0.232,0.444,44.182
17.380,29.742,0.211,0.444,44.035
17.400,27.627,0.182,0.444,43.900
17.420,25.014,0.158,0.444,43.783
17.440,22.078,0.128,0.444,43.693
17.460,18.850,0.104,0.444,43.636
17.480,15.293,0.078,0.444,43.616
17.500,11.537,0.053,0.444,43.636
17.520,7.605,0.034,0.444,43.697
17.540,3.568,0.016,0.444,43.793
17.560,-0.498,-0.009,0.444,43.921
17.580,-4.588,-0.021,0.444,44.078
17.600,-8.602,-0.039,0.444,44.253
17.620,-12.510,-0.046,0.444,44.435
17.640,-16.154,-0.060,0.444,44.618
17.660,-19.652,-0.062,0.444,44.787
17.680,-22.811,-0.069,0.444,44.937
17.700,-25.605,-0.068,0.444,45.057
17.720,-28.061,-0.060,0.444,45.141
17.740,-30.076,-0.057,0.444,45.178
17.760,-31.664,-0.046,0.444,45.174
17.780,-32.742,-0.033,0.444,45.122
17.800,-33.305,-0.019,0.444,45.031
17.820,-33.434,-0.001,0.444,44.901
17.840,-33.029,0.018,0.444,44.744
17.860,-32.191,0.039,0.444,44.568
17.880,-30.844,0.064,0.444,44.383
17.900,-29.010,0.088,0.444,44.197
17.920,-26.736,0.113,0.444,44.024
17.940,-24.094,0.136,0.444,43.871
17.960,-21.094,0.166,0.444,43.745
17.980,-17.736,0.190,0.444,43.654
18.000,-14.186,0.211,0.444,43.600
18.020,-10.342,0.238,0.444,43.585
18.040,-6.363,0.259,0.444,43.610
18.060,-2.303,0.283,0.444,43.671
18.080,1.805,0.299,0.444,43.766
18.100,5.871,0.318,0.444,43.884
18.120,9.850,0.329,0.444,44.021
18.140,13.705,0.341,0.444,44.162
18.160,17.344,0.353,0.444,44.307
18.180,20.719,0.356,0.444,44.437
18.200,23.824,0.358,0.444,44.549
18.220,26.555,0.358,0.444,44.629
18.240,28.881,0.352,0.444,44.675
18.260,30.791,0.345,0.444,44.679
18.280,32.256,0.336,0.444,44.642
18.300,33.229,0.320,0.444,44.563
18.320,33.721,0.306,0.444,44.447
18.340,33.721,0.286,0.444,44.299
18.360,33.234,0.268,0.444,44.129
18.380,32.250,0.243,0.444,43.945
18.400,30.791,0.220,0.444,43.757
18.420,28.898,0.193,0.444,43.573
18.440,26.578,0.172,0.444,43.405
18.460,23.824,0.141,0.444,43.262
18.480,20.771,0.117,0.444,43.150
18.500,17.373,0.089,0.444,43.076
18.520,13.740,0.066,0.444,43.043
18.540,9.902,0.039,0.444,43.054
18.560,5.936,0.022,0.439,43.106
18.580,1.887,-0.004,0.439,43.195
18.600,-2.215,-0.017,0.439,43.321
18.620,-6.270,-0.035,0.439,43.472
18.640,-10.254,-0.050,0.439,43.644
18.660,-14.039,-0.054,0.439,43.824
18.680,-17.637,-0.068,0.439,44.001
18.700,-20.982,-0.069,0.439,44.169
18.720,-24.018,-0.075,0.439,44.315
18.740,-26.666,-0.072,0.439,44.434
18.760,-28.922,-0.067,0.439,44.519
18.780,-30.762,-0.058,0.439,44.561
18.800,-32.133,-0.046,0.439,44.562
18.820,-33.023,-0.030,0.439,44.524
18.840,-33.375,-0.020,0.439,44.445
18.860,-33.305,0.001,0.439,44.340
18.880,-32.725,0.022,0.439,44.213
18.900,-31.670,0.042,0.439,44.071
18.920,-30.105,0.067,0.439,43.929
18.940,-28.107,0.091,0.439,43.793
18.960,-25.682,0.120,0.439,43.674
18.980,-22.869,0.146,0.439,43.579
19.000,-19.693,0.173,0.439,43.517
19.020,-16.271,0.197,0.439,43.493
19.040,-12.598,0.219,0.439,43.509
19.060,-8.689,0.244,0.439,43.567
19.080,-4.670,0.268,0.439,43.663
19.100,-0.562,0.290,0.439,43.798
19.120,3.516,0.309,0.439,43.962
19.140,7.559,0.323,0.439,44.153
19.160,11.484,0.336,0.439,44.356
19.180,15.258,0.346,0.439,44.562
19.200,18.814,0.355,0.439,44.765
19.220,22.066,0.358,0.439,44.949
19.240,25.025,0.360,0.439,45.109
19.260,27.574,0.358,0.439,45.232
19.280,29.748,0.350,0.439,45.317
19.300,31.453,0.341,0.439,45.356
19.320,32.719,0.326,0.439,45.350
19.340,33.498,0.319,0.439,45.297
19.360,33.779,0.298,0.439,45.210
19.380,33.586,0.278,0.439,45.089
19.400,32.883,0.258,0.439,44.945
19.420,31.687,0.236,0.439,44.788
19.440,30.047,0.215,0.439,44.627
19.460,27.979,0.183,0.439,44.474
19.480,25.453,0.159,0.439,44.336
19.500,22.576,0.130,0.439,44.222
19.520,19.371,0.110,0.439,44.141
19.540,15.873,0.079,0.439,44.095
19.560,12.141,0.059,0.439,44.089
19.580,8.232,0.031,0.439,44.120
19.600,4.201,0.018,0.439,44.192
19.620,0.135,-0.012,0.439,44.294
19.640,-3.943,-0.017,0.439,44.429
19.660,-7.998,-0.041,0.439,44.577
19.680,-11.900,-0.046,0.439,44.740
19.700,-15.615,-0.058,0.439,44.900
19.720,-19.107,-0.065,0.439,45.049
19.740,-22.330,-0.066,0.439,45.181
19.760,-25.195,-0.069,0.439,45.281
19.780,-27.697,-0.066,0.439,45.350
19.800,-29.789,-0.060,0.439,45.376
19.820,-31.441,-0.045,0.439,45.360
19.840,-32.596,-0.038,0.439,45.293
19.860,-33.229,-0.021,0.439,45.190
19.880,-33.451,-0.003,0.439,45.049
19.900,-33.158,0.017,0.439,44.878
19.920,-32.367,0.034,0.439,44.689
19.940,-31.090,0.062,0.439,44.490
19.960,-29.332,0.081,0.439,44.292
19.980,-27.152,0.108,0.439,44.105
20.000,-24.574,0.137,0.439,43.939
20.020,-21.604,0.156,0.439,43.801
20.040,-18.299,0.191,0.439,43.696
20.060,-14.754,0.206,0.439,43.633
20.080,-10.957,0.238,0.439,43.608
20.100,-7.031,0.257,0.437,43.626
20.120,-2.959,0.282,0.436,43.680
20.140,1.137,0.298,0.436,43.772
20.160,5.215,0.321,0.436,43.889
20.180,9.217,0.331,0.436,44.031
20.200,13.090,0.344,0.436,44.180
20.220,16.781,0.352,0.436,44.333
20.240,20.203,0.359,0.436,44.475
20.260,23.361,0.361,0.437,44.602
20.280,26.145,0.360,0.437,44.701
20.300,28.541,0.352,0.437,44.763
20.320,30.504,0.350,0.437,44.786
20.340,32.051,0.338,0.437,44.771
20.360,33.111,0.326,0.437,44.713
20.380,33.662,0.312,0.437,44.619
20.400,33.750,0.289,0.437,44.494
20.420,33.346,0.270,0.437,44.342
20.440,32.426,0.248,0.437,44.176
20.460,31.061,0.228,0.437,44.004
20.480,29.227,0.199,0.437,43.837
20.500,26.977,0.177,0.437,43.685
20.520,24.305,0.149,0.437,43.556
20.540,21.264,0.122,0.437,43.458
20.560,17.941,0.095,0.437,43.398
20.580,14.326,0.071,0.437,43.378
20.600,10.529,0.047,0.437,43.400
20.620,6.580,0.024,0.437,43.465
20.640,2.514,0.007,0.437,43.570
20.660,-1.559,-0.017,0.437,43.706
20.680,-5.648,-0.032,0.437,43.874
20.700,-9.627,-0.048,0.437,44.058
20.720,-13.465,-0.053,0.437,44.254
20.740,-17.092,-0.067,0.437,44.448
20.760,-20.473,-0.069,0.437,44.633
20.780,-23.566,-0.074,0.437,44.795
20.800,-26.262,-0.071,0.437,44.931
20.820,-28.594,-0.064,0.437,45.027
20.840,-30.521,-0.058,0.437,45.081
20.860,-31.957,-0.048,0.437,45.094
20.880,-32.936,-0.036,0.437,45.063
20.900,-33.357,-0.018,0.437,44.996
20.920,-33.375,0.002,0.437,44.894
20.940,-32.877,0.020,0.437,44.767
20.960,-31.857,0.040,0.437,44.624
20.980,-30.398,0.067,0.437,44.476
21.000,-28.436,0.089,0.437,44.331
21.020,-26.086,0.114,0.437,44.202
21.040,-23.344,0.140,0.437,44.095
21.060,-20.221,0.166,0.437,44.019
21.080,-16.840,0.195,0.437,43.978
21.100,-13.166,0.213,0.437,43.976
21.120,-9.316,0.243,0.437,44.014
21.140,-5.291,0.257,0.437,44.090
21.160,-1.225,0.284,0.437,44.201
21.180,2.871,0.302,0.437,44.343
21.200,6.920,0.321,0.437,44.509
21.220,10.857,0.333,0.437,44.691
21.240,14.689,0.344,0.437,44.873
21.260,18.246,0.348,0.437,45.053
21.280,21.568,0.355,0.437,45.211
21.300,24.592,0.356,0.437,45.348
21.320,27.193,0.356,0.437,45.450
21.340,29.437,0.348,0.437,45.512
21.360,31.201,0.341,0.437,45.528
21.380,32.572,0.330,0.437,45.499
21.400,33.404,0.312,0.437,45.425
21.420,33.756,0.300,0.437,45.313
21.440,33.639,0.277,0.437,45.169
21.460,33.023,0.261,0.437,44.998
21.480,31.910,0.234,0.437,44.816
21.500,30.322,0.213,0.437,44.628
21.520,28.318,0.183,0.437,44.446
21.540,25.893,0.165,0.437,44.279
21.560,23.062,0.134,0.437,44.136
21.580,19.904,0.115,0.437,44.025
21.600,16.447,0.077,0.437,43.949
21.620,12.732,0.066,0.437,43.914
21.640,8.883,0.030,0.437,43.915
21.660,4.875,0.019,0.436,43.960
21.680,0.820,-0.005,0.436,44.036
21.700,-3.293,-0.021,0.436,44.144
21.720,-7.330,-0.038,0.436,44.272
21.740,-11.285,-0.050,0.436,44.414
21.760,-15.018,-0.059,0.436,44.559
21.780,-18.539,-0.067,0.436,44.699
21.800,-21.850,-0.071,0.436,44.822
21.820,-24.762,-0.071,0.436,44.920
21.840,-27.322,-0.067,0.436,44.985
21.860,-29.473,-0.062,0.436,45.009
21.880,-31.195,-0.054,0.436,44.992
21.900,-32.449,-0.042,0.436,44.932
21.920,-33.193,-0.026,0.436,44.835
21.940,-33.439,-0.010,0.436,44.701
21.960,-33.240,0.011,0.436,44.539
21.980,-32.525,0.029,0.436,44.357
22.000,-31.342,0.056,0.436,44.166
22.020,-29.654,0.075,0.436,43.976
22.040,-27.539,0.101,0.436,43.797
22.060,-25.008,0.132,0.436,43.637
22.080,-22.096,0.153,0.436,43.506
22.100,-18.861,0.182,0.436,43.410
22.120,-15.340,0.203,0.436,43.354
22.140,-11.607,0.230,0.436,43.339
22.160,-7.664,0.257,0.436,43.368
22.180,-3.615,0.278,0.436,43.437
22.200,0.469,0.297,0.436,43.547
22.220,4.570,0.313,0.436,43.681
22.240,8.578,0.332,0.436,43.842
22.260,12.492,0.344,0.436,44.016
22.280,16.201,0.352,0.436,44.196
22.300,19.682,0.356,0.436,44.368
22.320,22.881,0.363,0.437,44.521
22.340,25.729,0.358,0.437,44.654
22.360,28.178,0.358,0.437,44.751
22.380,30.240,0.348,0.437,44.812
22.400,31.828,0.344,0.437,44.826
22.420,32.965,0.326,0.437,44.805
22.440,33.621,0.311,0.437,44.741
22.460,33.773,0.297,0.437,44.642
22.480,33.457,0.272,0.437,44.519
22.500,32.596,0.257,0.437,44.377
22.520,31.318,0.229,0.437,44.228
22.540,29.537,0.208,0.437,44.081
22.560,27.369,0.183,0.437,43.946
22.580,24.738,0.153,0.437,43.832
22.600,21.762,0.126,0.437,43.746
22.620,18.492,0.102,0.437,43.696
22.640,14.912,0.076,0.437,43.684
22.660,11.139,0.052,0.437,43.714
22.680,7.201,0.030,0.437,43.785
22.700,3.170,0.013,0.437,43.895
22.720,-0.920,-0.012,0.437,44.035
22.740,-4.998,-0.026,0.437,44.208
22.760,-9.018,-0.042,0.437,44.396
22.780,-12.885,-0.050,0.437,44.596
22.800,-16.553,-0.056,0.437,44.792
22.820,-19.975,-0.066,0.437,44.975
22.840,-23.127,-0.066,0.437,45.138
22.860,-25.869,-0.068,0.437,45.269
22.880,-28.283,-0.060,0.437,45.362
22.900,-30.258,-0.057,0.437,45.412
22.920,-31.764,-0.046,0.437,45.419
22.940,-32.818,-0.030,0.437,45.381
22.960,-33.299,-0.015,0.437,45.301
22.980,-33.410,0.001,0.437,45.183
23.000,-32.971,0.024,0.437,45.039
23.020,-32.080,0.039,0.437,44.876
23.040,-30.650,0.064,0.437,44.707
23.060,-28.770,0.089,0.437,44.539
23.080,-26.496,0.112,0.437,44.383
23.100,-23.807,0.140,0.437,44.247
23.120,-20.754,0.161,0.437,44.140
23.140,-17.379,0.195,0.437,44.066
23.160,-13.781,0.210,0.437,44.031
23.180,-9.943,0.243,0.437,44.034
23.200,-5.959,0.260,0.437,44.078
23.220,-1.863,0.283,0.437,44.154
23.240,2.227,0.298,0.437,44.264
23.260,6.281,0.318,0.437,44.395
23.280,10.254,0.331,0.437,44.546
23.300,14.080,0.343,0.437,44.697
23.320,17.713,0.349,0.437,44.850
23.340,21.059,0.354,0.437,44.985
23.360,24.141,0.356,0.437,45.099
23.380,26.807,0.355,0.437,45.179
23.400,29.098,0.352,0.437,45.220
23.420,30.955,0.343,0.437,45.221
23.440,32.379,0.334,0.437,45.178
23.460,33.305,0.316,0.437,45.095
23.480,33.744,0.305,0.437,44.969
23.500,33.691,0.278,0.437,44.814
23.520,33.158,0.264,0.437,44.632
23.540,32.121,0.236,0.437,44.439
23.560,30.592,0.216,0.437,44.239
23.580,28.687,0.188,0.437,44.047
23.600,26.326,0.168,0.437,43.871
23.620,23.531,0.136,0.437,43.720
23.640,20.426,0.118,0.437,43.601
23.660,17.033,0.083,0.437,43.518
23.680,13.365,0.065,0.437,43.477
23.700,9.504,0.035,0.437,43.478
23.720,5.531,0.020,0.437,43.519
23.740,1.453,-0.003,0.437,43.597
23.760,-2.637,-0.021,0.437,43.710
23.780,-6.680,-0.039,0.437,43.848
23.800,-10.635,-0.050,0.437,44.006
23.820,-14.432,-0.058,0.437,44.170
23.840,-18.006,-0.069,0.437,44.327
23.860,-21.299,-0.071,0.437,44.476
23.880,-24.299,-0.075,0.437,44.601
23.900,-26.889,-0.068,0.437,44.699
23.920,-29.139,-0.065,0.437,44.756
23.940,-30.943,-0.052,0.437,44.775
23.960,-32.244,-0.050,0.437,44.750
23.980,-33.070,-0.025,0.437,44.690
24.000,-33.381,-0.017,0.437,44.590
24.020,-33.275,0.009,0.437,44.464
24.040,-32.648,0.024,0.437,44.317
24.060,-31.541,0.050,0.437,44.159
24.080,-29.924,0.071,0.437,44.001
24.100,-27.855,0.098,0.437,43.851
24.120,-25.412,0.122,0.437,43.720
24.140,-22.559,0.150,0.437,43.617
24.160,-19.365,0.170,0.437,43.547
24.180,-15.902,0.202,0.437,43.517
24.200,-12.176,0.219,0.437,43.527
24.220,-8.279,0.253,0.437,43.580
24.240,-4.242,0.268,0.437,43.675
24.260,-0.141,0.292,0.437,43.805
24.280,3.949,0.311,0.437,43.966
24.300,7.969,0.323,0.437,44.154
24.320,11.871,0.334,0.437,44.353
24.340,15.639,0.348,0.437,44.555
24.360,19.154,0.352,0.437,44.754
24.380,22.383,0.360,0.437,44.934
24.400,25.312,0.356,0.437,45.092
24.420,27.820,0.354,0.437,45.211
24.440,29.941,0.349,0.437,45.291
24.460,31.600,0.339,0.437,45.329
24.480,32.824,0.327,0.437,45.321
24.500,33.545,0.313,0.437,45.270
24.520,33.779,0.294,0.437,45.184
24.540,33.527,0.276,0.437,45.065
24.560,32.771,0.258,0.437,44.926
24.580,31.541,0.230,0.437,44.774
24.600,29.836,0.207,0.437,44.621
24.620,27.744,0.182,0.437,44.477
24.640,25.178,0.157,0.437,44.349
24.660,22.260,0.132,0.437,44.249
24.680,19.025,0.106,0.437,44.180
24.700,15.492,0.075,0.437,44.148
24.720,11.754,0.059,0.437,44.156
24.740,7.840,0.029,0.437,44.204
24.760,3.814,0.014,0.437,44.291
24.780,-0.258,-0.009,0.437,44.408
24.800,-4.365,-0.021,0.437,44.552
24.820,-8.391,-0.039,0.437,44.716
24.840,-12.252,-0.048,0.437,44.891
24.860,-15.973,-0.059,0.437,45.061
24.880,-19.418,-0.062,0.437,45.221
24.900,-22.646,-0.066,0.437,45.360
24.920,-25.447,-0.062,0.437,45.466
24.940,-27.891,-0.062,0.437,45.535
24.960,-29.965,-0.053,0.437,45.562
24.980,-31.547,-0.046,0.437,45.546
25.000,-32.666,-0.032,0.437,45.483
25.020,-33.270,-0.014,0.437,45.379
25.040,-33.410,-0.002,0.437,45.239
25.060,-33.088,0.024,0.437,45.071
25.080,-32.232,0.037,0.437,44.884
25.100,-30.920,0.062,0.437,44.689
25.120,-29.104,0.087,0.437,44.496
25.140,-26.865,0.113,0.437,44.314
25.160,-24.275,0.135,0.437,44.152
25.180,-21.240,0.164,0.437,44.019
25.200,-17.947,0.190,0.437,43.921
25.220,-14.367,0.215,0.437,43.861
25.240,-10.547,0.237,0.437,43.843
25.260,-6.592,0.261,0.437,43.864
25.280,-2.508,0.282,0.437,43.923
25.300,1.576,0.302,0.437,44.017
25.320,5.660,0.319,0.437,44.138
25.340,9.621,0.332,0.437,44.280
25.360,13.500,0.344,0.437,44.429
25.380,17.145,0.352,0.437,44.577
25.400,20.537,0.356,0.437,44.717
25.420,23.666,0.359,0.437,44.834
25.440,26.414,0.359,0.437,44.926
25.460,28.764,0.353,0.437,44.981
25.480,30.697,0.346,0.437,44.998
25.500,32.186,0.333,0.437,44.973
25.520,33.187,0.323,0.437,44.903
25.540,33.703,0.305,0.437,44.800
25.560,33.732,0.287,0.437,44.664
25.580,33.275,0.265,0.437,44.504
25.600,32.320,0.243,0.437,44.332
25.620,30.902,0.216,0.437,44.155
25.640,29.010,0.195,0.437,43.983
25.660,26.719,0.172,0.437,43.828
25.680,24.000,0.141,0.437,43.698
25.700,20.941,0.120,0.437,43.600
25.720,17.584,0.088,0.437,43.540
25.740,13.934,0.067,0.437,43.521
25.760,10.143,0.039,0.437,43.546
25.780,6.158,0.018,0.437,43.614
25.800,2.104,-0.000,0.437,43.722
25.820,-1.969,-0.020,0.437,43.863
25.840,-6.047,-0.032,0.437,44.033
25.860,-10.031,-0.047,0.437,44.219
25.880,-13.834,-0.059,0.437,44.417
25.900,-17.455,-0.066,0.437,44.614
25.920,-20.801,-0.071,0.437,44.798
25.940,-23.842,-0.070,0.437,44.962
25.960,-26.520,-0.070,0.437,45.095
25.980,-28.816,-0.065,0.437,45.193
26.000,-30.674,-0.054,0.437,45.250
26.020,-32.033,-0.049,0.437,45.263
26.040,-32.971,-0.031,0.437,45.236
26.060,-33.357,-0.021,0.437,45.171
26.080,-33.311,0.005,0.437,45.074
26.100,-32.789,0.022,0.437,44.952
26.120,-31.723,0.049,0.437,44.816
26.140,-30.182,0.066,0.437,44.675
26.160,-28.189,0.096,0.437,44.542
26.180,-25.822,0.113,0.437,44.425
26.200,-23.010,0.148,0.437,44.332
26.220,-19.881,0.166,0.437,44.270
26.240,-16.441,0.199,0.437,44.246
26.260,-12.768,0.218,0.437,44.261
26.280,-8.900,0.245,0.437,44.318
26.300,-4.887,0.266,0.437,44.413
26.320,-0.797,0.286,0.437,44.545
26.340,3.311,0.304,0.437,44.706
26.360,7.348,0.319,0.437,44.892
26.380,11.279,0.336,0.437,45.292
26.400,15.059,0.341,0.437,45.292
26.420,18.609,0.352,0.437,45.486
26.440,21.896,0.352,0.437,45.664
26.460,24.879,0.354,0.437,45.813
26.480,27.463,0.355,0.437,45.924
26.500,29.619,0.346,0.437,45.998
26.520,31.377,0.336,0.437,46.021
26.540,32.672,0.329,0.437,46.004
26.560,33.469,0.309,0.437,45.938
26.580,33.773,0.298,0.437,45.835
26.600,33.604,0.276,0.437,45.698
26.620,32.918,0.256,0.437,45.539
26.640,31.781,0.230,0.437,45.364
26.660,30.129,0.207,0.437,45.186
26.680,28.102,0.184,0.437,45.015
26.700,25.629,0.158,0.437,44.861
26.720,22.740,0.128,0.437,44.731
26.740,19.570,0.108,0.437,44.633
26.760,16.072,0.073,0.437,44.571
26.780,12.363,0.058,0.437,44.549
26.800,8.461,0.030,0.437,44.567
26.820,4.471,0.014,0.437,44.623
26.840,0.387,-0.007,0.437,44.712
26.860,-3.697,-0.025,0.437,44.830
26.880,-7.723,-0.038,0.437,44.967
26.900,-11.660,-0.053,0.437,45.114
26.920,-15.387,-0.058,0.437,45.266
26.940,-18.902,-0.067,0.437,45.405
26.960,-22.125,-0.068,0.437,45.530
26.980,-25.031,-0.072,0.437,45.624
27.000,-27.533,-0.064,0.437,45.685
27.020,-29.666,-0.058,0.437,45.704
27.040,-31.336,-0.050,0.437,45.678
27.060,-32.514,-0.038,0.437,45.611
27.080,-33.193,-0.020,0.437,45.504
27.100,-33.398,-0.007,0.437,45.189
27.120,-33.152,0.017,0.437,45.189
27.140,-32.414,0.034,0.437,45.000
27.160,-31.160,0.058,0.437,44.802
27.180,-29.432,0.086,0.437,44.606
27.200,-27.252,0.104,0.437,44.420
27.220,-24.703,0.136,0.437,44.257
27.240,-21.750,0.156,0.437,44.123
27.260,-18.486,0.188,0.437,44.025
27.280,-14.953,0.207,0.437,43.968
27.300,-11.191,0.236,0.437,43.979
27.320,-7.225,0.257,0.435,43.979
27.340,-3.182,0.283,0.435,44.045
27.360,0.920,0.298,0.435,44.151
27.380,4.998,0.319,0.435,44.282
27.400,9.000,0.330,0.435,44.440
27.420,12.896,0.345,0.435,44.607
27.440,16.564,0.352,0.435,44.780
27.460,20.027,0.357,0.435,44.941
27.480,23.186,0.363,0.437,45.086
27.500,26.010,0.358,0.437,45.204
27.520,28.418,0.354,0.437,45.288
27.540,30.422,0.349,0.437,45.332
27.560,31.986,0.341,0.437,45.337
27.580,33.064,0.327,0.437,45.302
27.600,33.656,0.307,0.437,45.226
27.620,33.756,0.289,0.437,45.118
27.640,33.381,0.271,0.437,44.982
27.660,32.496,0.250,0.437,44.834
27.680,31.154,0.227,0.437,44.679
27.700,29.332,0.195,0.437,44.528
27.720,27.117,0.178,0.437,44.390
27.740,24.457,0.146,0.437,44.275
27.760,21.451,0.128,0.437,44.191
27.780,18.135,0.096,0.437,44.143
27.800,14.549,0.070,0.437,44.136
27.820,10.746,0.049,0.437,44.171
27.840,6.803,0.023,0.437,44.247
27.860,2.760,0.008,0.437,44.363
27.880,-1.348,-0.015,0.437,44.511
27.900,-5.391,-0.026,0.437,44.689
27.920,-9.416,-0.044,0.437,44.881
27.940,-13.236,-0.051,0.437,45.085
27.960,-16.881,-0.062,0.437,45.284
27.980,-20.291,-0.067,0.437,45.472
28.000,-23.391,-0.069,0.437,45.637
28.020,-26.115,-0.064,0.437,45.771
28.040,-28.477,-0.063,0.437,45.864
28.060,-30.398,-0.052,0.437,45.916
28.080,-31.857,-0.048,0.437,45.919
28.100,-32.877,-0.031,0.437,45.885
28.120,-33.328,-0.017,0.437,45.806
28.140,-33.340,0.003,0.437,45.693
28.160,-32.883,0.024,0.437,45.552
28.180,-31.916,0.042,0.437,45.394
28.200,-30.451,0.066,0.437,45.229
28.220,-28.559,0.093,0.437,45.068
28.240,-26.215,0.113,0.437,44.921
28.260,-23.502,0.141,0.437,44.795
28.280,-20.379,0.166,0.437,44.699
28.300,-16.992,0.195,0.437,44.638
28.320,-13.383,0.214,0.437,44.615
28.340,-9.498,0.242,0.437,44.632
28.360,-5.531,0.263,0.437,44.689
28.380,-1.430,0.281,0.437,44.780
28.400,2.643,0.301,0.437,44.899
28.420,6.715,0.319,0.437,45.041
28.440,10.658,0.331,0.437,45.199
28.460,14.484,0.344,0.437,45.360
28.480,18.070,0.346,0.437,45.517
28.500,21.381,0.354,0.437,45.655
28.520,24.439,0.352,0.437,45.767
28.540,27.064,0.355,0.437,45.845
28.560,29.320,0.348,0.437,45.886
28.580,31.119,0.339,0.437,45.879
28.600,32.496,0.328,0.437,45.832
28.620,33.375,0.313,0.437,45.739
28.640,33.762,0.296,0.437,45.610
28.660,33.662,0.280,0.437,45.445
28.680,33.076,0.257,0.437,45.259
28.700,31.992,0.236,0.437,45.057
28.720,30.451,0.211,0.437,44.855
28.740,28.465,0.185,0.437,44.658
28.760,26.033,0.163,0.437,44.478
28.780,23.238,0.130,0.437,44.323
28.800,20.098,0.112,0.437,44.201
28.820,16.664,0.079,0.437,44.116
28.840,12.961,0.059,0.437,44.072
28.860,9.100,0.033,0.437,44.070
28.880,5.133,0.016,0.435,44.109
28.900,1.025,-0.006,0.435,44.182
28.920,-3.029,-0.025,0.435,44.288
28.940,-7.096,-0.040,0.435,44.417
28.960,-11.039,-0.052,0.435,44.565
28.980,-14.801,-0.061,0.435,44.714
29.000,-18.340,-0.070,0.435,44.861
29.020,-21.621,-0.071,0.435,44.992
29.040,-24.592,-0.073,0.436,45.099
29.060,-27.146,-0.066,0.436,45.177
29.080,-29.326,-0.067,0.436,45.212
29.100,-31.084,-0.054,0.436,45.211
29.120,-32.314,-0.042,0.436,45.169
29.140,-33.129,-0.025,0.436,45.083
29.160,-33.398,-0.012,0.436,44.966
29.180,-33.211,0.009,0.436,44.821
29.200,-32.549,0.029,0.436,44.656
29.220,-31.359,0.053,0.436,44.481
29.240,-29.725,0.081,0.436,44.308
29.260,-27.627,0.099,0.436,44.145
29.280,-25.125,0.128,0.436,44.003
29.300,-22.248,0.151,0.436,43.890
29.320,-19.008,0.178,0.436,43.812
29.340,-15.510,0.206,0.436,43.776
29.360,-11.766,0.230,0.436,43.781
29.380,-7.863,0.254,0.436,43.831
29.400,-3.809,0.276,0.436,43.920
29.420,0.275,0.294,0.436,44.048
29.440,4.365,0.311,0.436,44.206
29.460,8.391,0.327,0.436,44.387
29.480,12.264,0.340,0.436,44.584
29.500,16.025,0.350,0.436,44.782
29.520,19.500,0.350,0.436,44.977
29.540,22.705,0.361,0.436,45.148
29.560,25.600,0.354,0.436,45.302
29.580,28.066,0.356,0.436,45.413
29.600,30.129,0.348,0.436,45.490
29.620,31.764,0.341,0.436,45.523
29.640,32.912,0.324,0.436,45.514
29.660,33.592,0.311,0.436,45.460
29.680,33.773,0.293,0.436,45.373
29.700,33.480,0.272,0.436,45.255
29.720,32.666,0.249,0.436,44.972
29.740,31.400,0.228,0.436,44.972
29.760,29.654,0.202,0.436,44.826
29.780,27.486,0.181,0.436,44.691
29.800,24.896,0.154,0.436,44.576
29.820,21.932,0.128,0.436,44.488
29.840,18.703,0.104,0.436,44.435
29.860,15.117,0.073,0.436,44.418
29.880,11.367,0.054,0.436,44.445
29.900,7.441,0.029,0.436,44.510
29.920,3.393,0.014,0.436,44.615
29.940,-0.691,-0.010,0.436,44.747
29.960,-4.764,-0.022,0.436,44.912
29.980,-8.771,-0.037,0.436,45.089
30.000,-12.627,-0.050,0.436,45.277
30.020,-16.312,-0.057,0.436,45.463
30.040,-19.770,-0.063,0.436,45.634
30.060,-22.922,-0.069,0.436,45.786
30.080,-25.687,-0.065,0.436,45.905
30.100,-28.107,-0.061,0.436,45.984
30.120,-30.123,-0.053,0.436,46.020
30.140,-31.687,-0.044,0.436,46.011
30.160,-32.713,-0.034,0.436,45.957
30.180,-33.287,-0.014,0.436,45.860
30.200,-33.363,0.001,0.436,45.724
30.220,-33.000,0.022,0.436,45.563
30.240,-32.109,0.045,0.436,45.383
30.260,-30.732,0.065,0.436,45.194
30.280,-28.887,0.095,0.436,45.007
30.300,-26.607,0.112,0.436,44.832
30.320,-23.959,0.143,0.436,44.679
30.340,-20.912,0.166,0.436,44.555
30.360,-17.572,0.193,0.436,44.465
30.380,-13.969,0.215,0.436,44.415
30.400,-10.137,0.243,0.436,44.404
30.420,-6.158,0.259,0.436,44.435
30.440,-2.086,0.286,0.436,44.499
30.460,1.992,0.299,0.436,44.599
30.480,6.064,0.323,0.436,44.719
30.500,10.031,0.331,0.436,44.863
30.520,13.887,0.348,0.436,45.009
30.540,17.508,0.350,0.436,45.157
30.560,20.883,0.357,0.436,45.289
30.580,23.959,0.355,0.436,45.400
30.600,26.672,0.357,0.436,45.476
30.620,28.992,0.349,0.436,45.520
30.640,30.867,0.344,0.436,45.518
30.660,32.320,0.329,0.436,45.481
30.680,33.264,0.319,0.436,45.396
30.700,33.727,0.300,0.436,45.278
30.720,33.703,0.282,0.436,45.126
30.740,33.205,0.261,0.436,44.951
30.760,32.191,0.240,0.436,44.763
30.780,30.721,0.215,0.436,44.573
30.800,28.793,0.189,0.436,44.389
30.820,26.467,0.166,0.436,44.223
30.840,23.689,0.134,0.436,44.081
30.860,20.607,0.116,0.436,43.974
30.880,17.215,0.082,0.436,43.904
30.900,13.564,0.059,0.436,43.877
30.920,9.738,0.038,0.436,43.895
30.940,5.754,0.014,0.436,43.954
30.960,1.699,-0.004,0.436,44.051
30.980,-2.414,-0.024,0.436,44.183
31.000,-6.451,-0.039,0.436,44.344
31.020,-10.436,-0.050,0.436,44.522
31.040,-14.221,-0.059,0.436,44.708
31.060,-17.807,-0.067,0.436,44.888
31.080,-21.146,-0.071,0.436,45.059
31.100,-24.146,-0.075,0.437,45.206
31.120,-26.795,-0.069,0.437,45.329
31.140,-29.039,-0.063,0.437,45.410
31.160,-30.850,-0.054,0.437,45.451
31.180,-32.191,-0.043,0.437,45.449
31.200,-33.070,-0.031,0.437,45.406
31.220,-33.404,-0.013,0.437,45.328
31.240,-33.281,0.006,0.437,45.221
31.260,-32.695,0.029,0.437,45.090
31.280,-31.588,0.045,0.437,44.948
31.300,-30.035,0.075,0.437,44.805
31.320,-28.002,0.094,0.437,44.669
31.340,-25.564,0.124,0.437,44.552
31.360,-22.740,0.146,0.437,44.461
31.380,-19.559,0.173,0.437,44.403
31.400,-16.107,0.201,0.437,44.383
31.420,-12.416,0.222,0.437,44.405
31.440,-8.484,0.249,0.437,44.469
31.460,-4.471,0.268,0.437,44.573
31.480,-0.387,0.290,0.437,44.713
31.500,3.703,0.308,0.437,44.884
31.520,7.734,0.326,0.437,45.078
31.540,11.666,0.329,0.437,45.287
31.560,15.428,0.351,0.437,45.492
31.580,18.967,0.347,0.437,45.700
31.600,22.207,0.362,0.437,45.879
31.620,25.154,0.354,0.437,46.041
31.640,27.686,0.358,0.437,46.157
31.660,29.830,0.343,0.437,46.241
31.680,31.523,0.340,0.437,46.270
31.700,32.754,0.324,0.437,46.258
31.720,33.516,0.312,0.437,46.198
31.740,33.779,0.291,0.437,46.103
31.760,33.557,0.273,0.437,45.974
31.780,32.824,0.252,0.437,45.823
31.800,31.629,0.232,0.437,45.659
31.820,29.947,0.207,0.437,45.493
31.840,27.873,0.178,0.437,45.336
31.860,25.330,0.153,0.437,45.195
31.880,22.424,0.127,0.437,45.081
31.900,19.213,0.107,0.437,44.999
31.920,15.691,0.075,0.437,44.954
31.940,11.959,0.058,0.437,44.950
31.960,8.045,0.030,0.437,44.983
31.980,4.031,0.012,0.437,45.056
32.000,-0.064,-0.010,0.437,45.160
32.020,-4.131,-0.024,0.437,45.293
32.040,-8.186,-0.041,0.437,45.443
32.060,-12.100,-0.045,0.437,45.604
32.080,-15.791,-0.063,0.437,45.760
32.100,-19.283,-0.064,0.437,45.908
32.120,-22.482,-0.068,0.437,46.036
32.140,-25.342,-0.067,0.437,46.131
32.160,-27.814,-0.065,0.437,46.192
32.180,-29.900,-0.055,0.437,46.211
32.200,-31.500,-0.044,0.437,46.185
32.220,-32.637,-0.037,0.437,46.111
32.240,-33.287,-0.018,0.437,45.999
32.260,-33.463,-0.000,0.437,45.851
32.280,-33.141,0.017,0.437,45.674
32.300,-32.344,0.041,0.437,45.479
32.320,-31.020,0.062,0.437,45.275
32.340,-29.244,0.093,0.437,45.074
32.360,-27.035,0.112,0.437,44.884
32.380,-24.439,0.141,0.437,44.718
32.400,-21.457,0.166,0.437,44.580
32.420,-18.129,0.190,0.437,44.478
32.440,-14.602,0.216,0.437,44.417
32.460,-10.805,0.239,0.437,44.398
32.480,-6.850,0.261,0.437,44.420
32.500,-2.754,0.283,0.437,44.480
32.520,1.336,0.300,0.437,44.577
32.540,5.408,0.321,0.437,44.698
32.560,9.410,0.338,0.437,44.842
32.580,13.271,0.346,0.437,45.001
32.600,16.951,0.356,0.437,45.156
32.620,20.367,0.356,0.437,45.305
32.640,23.496,0.361,0.437,45.433
32.660,26.262,0.356,0.437,45.533
32.680,28.641,0.355,0.437,45.596
32.700,30.586,0.348,0.437,45.621
32.720,32.109,0.336,0.437,45.606
32.740,33.141,0.321,0.437,45.551
32.760,33.686,0.305,0.437,45.455
32.780,33.750,0.287,0.437,45.329
32.800,33.316,0.270,0.437,45.178
32.820,32.373,0.248,0.437,45.014
32.840,30.973,0.222,0.437,44.847
32.860,29.139,0.195,0.437,44.683
32.880,26.859,0.171,0.437,44.537
32.900,24.158,0.143,0.437,44.415
32.920,21.129,0.119,0.437,44.325
32.940,17.789,0.091,0.437,44.274
32.960,14.150,0.069,0.437,44.264
32.980,10.348,0.045,0.437,44.372
33.000,6.375,0.024,0.437,44.372
33.020,2.332,0.002,0.437,44.488
33.040,-1.775,-0.015,0.437,44.636
33.060,-5.818,-0.033,0.437,44.815
33.080,-9.826,-0.046,0.437,45.010
33.100,-13.635,-0.055,0.437,45.217
33.120,-17.273,-0.064,0.437,45.418
33.140,-20.643,-0.065,0.437,45.609
33.160,-23.689,-0.071,0.437,45.771
33.180,-26.391,-0.068,0.437,45.909
33.200,-28.693,-0.067,0.437,46.005
33.220,-30.598,-0.053,0.437,46.064
33.240,-32.004,-0.046,0.437,46.070
33.260,-32.941,-0.029,0.437,46.039
33.280,-33.346,-0.014,0.437,45.859
33.300,-33.311,0.004,0.437,45.859
33.320,-32.830,0.025,0.437,45.728
33.340,-31.799,0.047,0.437,45.581
33.360,-30.305,0.069,0.437,45.429
33.380,-28.348,0.094,0.437,45.282
33.400,-25.957,0.116,0.437,45.042
33.420,-23.197,0.145,0.437,45.042
33.440,-20.057,0.169,0.437,44.965
33.460,-16.658,0.195,0.437,44.923
33.480,-13.008,0.217,0.437,44.921
33.500,-9.111,0.240,0.437,44.958
33.520,-5.115,0.265,0.437,45.034
33.540,-1.020,0.286,0.437,45.144
33.560,3.053,0.304,0.437,45.286
33.580,7.119,0.320,0.437,45.450
33.600,11.057,0.331,0.437,45.625
33.620,14.859,0.348,0.437,45.801
33.640,18.422,0.351,0.437,45.974
33.660,21.721,0.353,0.437,46.126
33.680,24.732,0.354,0.437,46.252
33.700,27.316,0.351,0.437,46.339
33.720,29.520,0.348,0.437,46.384
33.740,31.277,0.339,0.437,46.386
33.760,32.607,0.325,0.437,46.341
33.780,33.428,0.314,0.437,46.252
33.800,33.762,0.293,0.437,46.125
33.820,33.621,0.276,0.437,45.964
33.840,32.971,0.256,0.437,45.779
33.860,31.840,0.232,0.437,45.584
33.880,30.258,0.211,0.437,45.383
33.900,28.219,0.180,0.437,45.192
33.920,25.770,0.161,0.437,45.015
33.940,22.922,0.128,0.437,44.865
33.960,19.740,0.108,0.437,44.747
33.980,16.289,0.073,0.437,44.666
34.000,12.574,0.058,0.437,44.627
34.020,8.695,0.030,0.437,44.627
34.040,4.693,0.015,0.437,44.667
34.060,0.609,-0.010,0.437,44.740
34.080,-3.469,-0.022,0.437,44.846
34.100,-7.523,-0.042,0.437,44.972
34.120,-11.467,-0.051,0.437,45.108
34.140,-15.187,-0.062,0.437,45.254
34.160,-18.727,-0.068,0.437,45.385
34.180,-21.984,-0.070,0.437,45.509
34.200,-24.873,-0.072,0.437,45.599
34.220,-27.428,-0.067,0.437,45.663
34.240,-29.555,-0.066,0.437,45.679
34.260,-31.277,-0.050,0.437,45.662
34.280,-32.496,-0.042,0.437,45.596
34.300,-33.217,-0.021,0.437,45.495
34.320,-33.422,-0.009,0.437,45.353
34.340,-33.205,0.014,0.437,45.189
34.360,-32.484,0.032,0.437,45.004
34.380,-31.260,0.060,0.437,44.814
34.400,-29.572,0.080,0.437,44.624
34.420,-27.422,0.108,0.437,44.447
34.440,-24.891,0.132,0.437,44.291
34.460,-21.943,0.157,0.437,44.166
34.480,-18.697,0.189,0.437,44.077
34.500,-15.176,0.208,0.437,44.030
34.520,-11.402,0.236,0.437,44.024
34.540,-7.477,0.250,0.437,44.064
34.560,-3.410,0.280,0.437,44.141
34.580,0.686,0.295,0.437,44.259
34.600,4.758,0.318,0.437,44.405
34.620,8.766,0.330,0.437,44.577
34.640,12.668,0.340,0.437,44.757
34.660,16.389,0.352,0.437,44.945
34.680,19.834,0.355,0.437,45.124
34.700,23.010,0.360,0.437,45.285
34.720,25.852,0.360,0.437,45.421
34.740,28.295,0.352,0.437,45.524
34.760,30.316,0.348,0.437,45.582
34.780,31.898,0.336,0.437,45.599
34.800,33.012,0.324,0.437,45.576
34.820,33.645,0.308,0.437,45.512
34.840,33.768,0.289,0.437,45.414
34.860,33.422,0.269,0.437,45.289
34.880,32.555,0.250,0.437,45.146
34.900,31.236,0.226,0.437,44.997
34.920,29.449,0.200,0.437,44.849
34.940,27.240,0.175,0.437,44.715
34.960,24.598,0.151,0.437,44.602
34.980,21.621,0.123,0.437,44.518
35.000,18.334,0.101,0.437,44.471
35.020,14.730,0.071,0.437,44.462
35.040,10.945,0.048,0.437,44.496
35.060,7.002,0.029,0.437,44.570
35.080,2.971,0.010,0.437,44.823
35.100,-1.102,-0.008,0.437,44.823
35.120,-5.191,-0.026,0.437,44.993
35.140,-9.211,-0.042,0.437,45.183
35.160,-13.066,-0.046,0.437,45.381
35.180,-16.705,-0.061,0.437,45.572
35.200,-20.127,-0.064,0.437,45.751
35.220,-23.232,-0.071,0.437,45.908
35.240,-26.010,-0.065,0.437,46.033
35.260,-28.383,-0.062,0.437,46.117
35.280,-30.328,-0.054,0.437,46.160
35.300,-31.828,-0.044,0.437,46.154
35.320,-32.824,-0.032,0.437,46.103
35.340,-33.352,-0.014,0.437,46.012
35.360,-33.398,0.006,0.437,45.884
35.380,-32.953,0.022,0.437,45.730
35.400,-32.016,0.045,0.437,45.559
35.420,-30.574,0.064,0.437,45.380
35.440,-28.705,0.095,0.437,45.205
35.460,-26.385,0.116,0.437,45.041
35.480,-23.666,0.144,0.437,44.900
35.500,-20.596,0.166,0.437,44.789
35.520,-17.203,0.197,0.437,44.713
35.540,-13.611,0.218,0.437,44.676
35.560,-9.756,0.243,0.437,44.678
35.580,-5.766,0.262,0.437,44.720
35.600,-1.687,0.288,0.437,44.798
35.620,2.420,0.302,0.437,44.908
35.640,6.463,0.323,0.437,45.041
35.660,10.441,0.331,0.437,45.192
35.680,14.262,0.344,0.437,45.345
35.700,17.859,0.348,0.437,45.495
35.720,21.199,0.356,0.437,45.626
35.740,24.258,0.355,0.437,45.737
35.760,26.930,0.352,0.437,45.815
35.780,29.203,0.348,0.437,45.856
35.800,31.031,0.342,0.437,45.850
35.820,32.432,0.328,0.437,45.806
35.840,33.334,0.317,0.437,45.716
35.860,33.744,0.296,0.437,45.590
35.880,33.680,0.278,0.437,45.431
35.900,33.100,0.258,0.437,45.249
35.920,32.068,0.232,0.437,45.055
35.940,30.527,0.213,0.437,44.858
35.960,28.564,0.180,0.437,44.669
35.980,26.180,0.163,0.437,44.497
36.000,23.385,0.128,0.437,44.352
36.020,20.279,0.111,0.437,44.240
36.040,16.846,0.077,0.437,44.166
36.060,13.172,0.061,0.437,44.135
36.080,9.316,0.033,0.437,44.144
36.100,5.320,0.014,0.434,44.197
36.120,1.271,-0.009,0.434,44.288
36.140,-2.836,-0.022,0.434,44.413
36.160,-6.861,-0.039,0.434,44.562
36.180,-10.840,-0.052,0.434,44.726
36.200,-14.602,-0.061,0.434,44.902
36.220,-18.158,-0.069,0.434,45.072
36.240,-21.475,-0.071,0.434,45.227
36.260,-24.416,-0.074,0.436,45.358
36.280,-27.035,-0.067,0.436,45.460
36.300,-29.232,-0.062,0.436,45.523
36.320,-31.025,-0.051,0.436,45.546
36.340,-32.309,-0.042,0.436,45.524
36.360,-33.100,-0.029,0.436,45.465
36.380,-33.404,-0.004,0.436,45.370
36.400,-33.240,0.004,0.436,45.244
36.420,-32.619,0.033,0.436,45.103
36.440,-31.471,0.048,0.436,44.948
36.460,-29.836,0.077,0.436,44.796
36.480,-27.750,0.097,0.436,44.652
36.500,-25.277,0.128,0.436,44.528
36.520,-22.441,0.148,0.436,44.432
36.540,-19.236,0.178,0.436,44.370
36.560,-15.715,0.204,0.436,44.349
36.580,-12.018,0.224,0.436,44.369
36.600,-8.074,0.253,0.435,44.432
36.620,-4.061,0.269,0.435,44.536
36.640,0.035,0.296,0.435,44.676
36.660,4.125,0.302,0.435,44.848
36.680,8.139,0.330,0.435,45.037
36.700,12.076,0.331,0.435,45.247
36.720,15.814,0.355,0.435,45.453
36.740,19.318,0.349,0.435,45.661
36.760,22.523,0.359,0.435,45.841
36.780,25.447,0.352,0.435,46.000
36.800,27.920,0.355,0.435,46.116
36.820,30.029,0.342,0.435,46.199
36.840,31.670,0.340,0.435,46.228
36.860,32.865,0.320,0.435,46.220
36.880,33.574,0.311,0.435,46.160
36.900,33.773,0.289,0.435,46.070
36.920,33.510,0.277,0.435,45.944
36.940,32.736,0.251,0.435,45.803
36.960,31.471,0.227,0.435,45.646
36.980,29.760,0.203,0.435,45.489
37.000,27.639,0.174,0.435,45.341
37.020,25.037,0.154,0.435,45.212
37.040,22.113,0.125,0.435,45.111
37.060,18.855,0.103,0.435,45.043
37.080,15.334,0.074,0.435,45.013
37.100,11.555,0.054,0.435,45.023
37.120,7.646,0.028,0.435,45.070
37.140,3.615,0.011,0.435,45.158
37.160,-0.480,-0.011,0.435,45.275
37.180,-4.559,-0.024,0.435,45.423
37.200,-8.602,-0.042,0.435,45.585
37.220,-12.463,-0.049,0.435,45.757
37.240,-16.148,-0.061,0.435,45.925
37.260,-19.611,-0.062,0.435,46.082
37.280,-22.793,-0.069,0.435,46.215
37.300,-25.605,-0.067,0.435,46.320
37.320,-28.025,-0.063,0.435,46.383
37.340,-30.053,-0.056,0.435,46.405
37.360,-31.641,-0.043,0.435,46.380
37.380,-32.730,-0.030,0.435,46.309
37.400,-33.305,-0.016,0.435,46.196
37.420,-33.428,0.005,0.435,46.048
37.440,-33.076,0.021,0.435,45.871
37.460,-32.227,0.046,0.435,45.678
37.480,-30.861,0.064,0.435,45.477
37.500,-29.057,0.093,0.435,45.279
37.520,-26.795,0.112,0.435,45.093
37.540,-24.135,0.145,0.435,44.930
37.560,-21.123,0.167,0.435,44.797
37.580,-17.789,0.195,0.435,44.699
37.600,-14.227,0.214,0.435,44.643
37.620,-10.371,0.245,0.435,44.626
37.640,-6.416,0.263,0.434,44.652
37.660,-2.326,0.289,0.434,44.714
37.680,1.770,0.301,0.434,44.811
37.700,5.836,0.323,0.434,44.933
37.720,9.820,0.337,0.434,45.078
37.740,13.652,0.347,0.434,45.228
37.760,17.314,0.352,0.434,45.381
37.780,20.695,0.356,0.434,45.520
37.800,23.801,0.360,0.434,45.641
37.820,26.531,0.357,0.434,45.731
37.840,28.857,0.350,0.434,45.785
37.860,30.768,0.343,0.434,45.797
37.880,32.244,0.333,0.434,45.768
37.900,33.211,0.318,0.434,45.700
37.920,33.715,0.302,0.434,45.592
37.940,33.709,0.283,0.434,45.453
37.960,33.246,0.265,0.434,45.293
37.980,32.256,0.238,0.434,45.119
38.000,30.797,0.220,0.434,44.943
38.020,28.916,0.186,0.434,44.773
38.040,26.590,0.167,0.434,44.620
38.060,23.865,0.137,0.434,44.493
38.080,20.783,0.116,0.434,44.400
38.100,17.414,0.084,0.434,44.345
38.120,13.764,0.065,0.434,44.334
38.140,9.943,0.039,0.434,44.366
38.160,5.977,0.020,0.434,44.440
38.180,1.904,-0.002,0.434,44.555
38.200,-2.191,-0.019,0.434,44.703
38.220,-6.252,-0.035,0.434,44.880
38.240,-10.225,-0.051,0.434,45.073
38.260,-14.039,-0.056,0.434,45.277
38.280,-17.607,-0.068,0.434,45.473
38.300,-20.959,-0.067,0.434,45.661
38.320,-23.977,-0.072,0.434,45.822
38.340,-26.648,-0.067,0.434,45.954
38.360,-28.916,-0.064,0.434,46.100
38.380,-30.756,-0.056,0.434,46.100
38.400,-32.109,-0.044,0.434,46.109
38.420,-33.000,-0.032,0.434,46.076
38.440,-33.381,-0.013,0.434,46.003
38.460,-33.311,0.006,0.434,45.898
38.480,-32.748,0.025,0.434,45.770
38.500,-31.664,0.048,0.434,45.628
38.520,-30.105,0.070,0.434,45.484
38.540,-28.113,0.096,0.434,45.345
38.560,-25.705,0.117,0.434,45.224
38.580,-22.898,0.146,0.434,45.128
38.600,-19.723,0.170,0.434,45.063
38.620,-16.295,0.200,0.434,45.037
38.640,-12.598,0.219,0.434,45.050
38.660,-8.719,0.249,0.434,45.103
38.680,-4.687,0.264,0.434,45.198
38.700,-0.627,0.290,0.434,45.325
38.720,3.486,0.301,0.434,45.484
38.740,7.523,0.327,0.434,45.660
38.760,11.443,0.331,0.434,45.855
38.780,15.234,0.349,0.434,46.047
38.800,18.762,0.348,0.434,46.399
38.820,22.043,0.355,0.434,46.399
38.840,25.008,0.355,0.434,46.537
38.860,27.557,0.352,0.434,46.635
38.880,29.725,0.346,0.434,46.693
38.900,31.441,0.336,0.434,46.702
38.920,32.719,0.326,0.434,46.665
38.940,33.486,0.310,0.434,46.586
38.960,33.773,0.292,0.434,46.464
38.980,33.580,0.273,0.434,46.315
39.000,32.889,0.253,0.434,46.139
39.020,31.711,0.228,0.434,45.953
39.040,30.047,0.205,0.434,45.763
39.060,27.990,0.177,0.434,45.582
39.080,25.488,0.156,0.434,45.417
39.100,22.600,0.128,0.434,45.279
39.120,19.412,0.103,0.434,45.173
39.140,15.896,0.071,0.434,45.105
39.160,12.176,0.051,0.434,45.077
39.180,8.291,0.026,0.434,45.090
39.200,4.254,0.012,0.434,45.141
39.220,0.176,-0.013,0.434,45.226
39.240,-3.926,-0.026,0.434,45.335
39.260,-7.934,-0.042,0.434,45.470
39.280,-11.859,-0.054,0.434,45.610
39.300,-15.580,-0.062,0.434,45.760
39.320,-19.084,-0.072,0.434,45.892
39.340,-22.318,-0.069,0.434,46.013
39.360,-25.172,-0.071,0.434,46.097
39.380,-27.686,-0.062,0.434,46.151
39.400,-29.783,-0.058,0.434,46.157
39.420,-31.430,-0.047,0.434,46.127
39.440,-32.602,-0.036,0.434,46.049
39.460,-33.258,-0.020,0.434,45.935
39.480,-33.434,-0.001,0.434,45.783
39.500,-33.170,0.019,0.434,45.609
39.520,-32.408,0.037,0.434,45.414
39.540,-31.143,0.064,0.434,45.213
39.560,-29.350,0.087,0.434,45.014
39.580,-27.187,0.109,0.434,44.828
39.600,-24.592,0.137,0.434,44.666
39.620,-21.621,0.164,0.434,44.440
39.640,-18.352,0.187,0.434,44.386
39.660,-14.783,0.214,0.434,44.386
39.680,-11.016,0.237,0.434,44.375
39.700,-7.031,0.261,0.434,44.409
39.720,-3.006,0.283,0.434,44.481
39.740,1.096,0.305,0.434,44.593
39.760,5.174,0.317,0.434,44.895
39.780,9.170,0.335,0.434,44.895
39.800,13.072,0.343,0.434,45.069
39.820,16.740,0.356,0.434,45.245
39.840,20.162,0.356,0.434,45.414
39.860,23.326,0.356,0.434,45.563
39.880,26.121,0.355,0.434,45.683
39.900,28.529,0.352,0.434,45.768
39.920,30.504,0.348,0.434,45.816
39.940,32.039,0.340,0.434,45.822
39.960,33.094,0.324,0.434,45.788
39.980,33.662,0.308,0.434,45.715
40.000,33.744,0.286,0.434,45.607
40.020,33.357,0.270,0.434,45.475
40.040,32.432,0.245,0.434,45.328
40.060,31.078,0.222,0.434,45.176
40.080,29.232,0.197,0.434,45.028
40.100,27.006,0.174,0.434,44.895
40.120,24.305,0.148,0.434,44.786
40.140,21.287,0.120,0.434,44.708
40.160,17.971,0.095,0.434,44.667
40.180,14.350,0.067,0.434,44.666
40.200,10.564,0.042,0.434,44.711
40.220,6.609,0.025,0.434,44.796
40.240,2.566,0.004,0.434,44.920
40.260,-1.541,-0.014,0.434,45.074
40.280,-5.590,-0.030,0.434,45.258
40.300,-9.592,-0.046,0.434,45.460
40.320,-13.436,-0.050,0.434,45.670
40.340,-17.051,-0.065,0.434,45.870
40.360,-20.473,-0.067,0.434,46.062
40.380,-23.537,-0.067,0.434,46.229
40.400,-26.256,-0.069,0.434,46.361
40.420,-28.594,-0.062,0.434,46.455
40.440,-30.492,-0.054,0.434,46.503
40.460,-31.945,-0.046,0.434,46.506
40.480,-32.912,-0.028,0.434,46.465
40.500,-33.357,-0.014,0.434,46.381
40.520,-33.363,0.004,0.434,46.264
40.540,-32.859,0.021,0.434,46.121
40.560,-31.893,0.049,0.434,45.961
40.580,-30.393,0.066,0.434,45.795
40.600,-28.488,0.093,0.434,45.633
40.620,-26.121,0.114,0.434,45.484
40.640,-23.350,0.148,0.434,45.264
40.660,-20.268,0.165,0.434,45.264
40.680,-16.840,0.205,0.434,45.204
40.700,-13.225,0.210,0.434,45.184
40.720,-9.340,0.251,0.434,45.200
40.740,-5.338,0.259,0.434,45.260
40.760,-1.266,0.290,0.434,45.349
40.780,2.836,0.299,0.434,45.472
40.800,6.885,0.323,0.434,45.613
40.820,10.834,0.331,0.434,45.773
40.840,14.648,0.343,0.434,45.931
40.860,18.229,0.352,0.434,46.085
40.880,21.539,0.354,0.434,46.220
40.900,24.562,0.356,0.434,46.330
40.920,27.170,0.352,0.434,46.404
40.940,29.402,0.348,0.434,46.437
40.960,31.201,0.338,0.434,46.428
40.980,32.543,0.329,0.434,46.372
41.000,33.393,0.311,0.434,46.275
41.020,33.756,0.298,0.434,46.137
41.040,33.645,0.273,0.434,45.969
41.060,33.029,0.257,0.434,45.776
41.080,31.922,0.227,0.434,45.572
41.100,30.328,0.211,0.434,45.364
41.120,28.359,0.178,0.434,45.166
41.140,25.916,0.156,0.434,44.984
41.160,23.098,0.128,0.434,44.829
41.180,19.934,0.103,0.434,44.707
41.200,16.482,0.075,0.434,44.624
41.220,12.791,0.054,0.434,44.582
41.240,8.912,0.031,0.434,44.584
41.260,4.910,0.012,0.433,44.624
41.280,0.850,-0.013,0.433,44.701
41.300,-3.252,-0.025,0.433,44.810
41.320,-7.289,-0.042,0.433,44.945
41.340,-11.250,-0.054,0.433,45.091
41.360,-14.988,-0.062,0.433,45.247
41.380,-18.533,-0.071,0.433,45.392
41.400,-21.791,-0.072,0.433,45.525
41.420,-24.744,-0.071,0.433,45.632
41.440,-27.287,-0.068,0.433,45.707
41.460,-29.443,-0.062,0.433,45.743
41.480,-31.172,-0.055,0.433,45.738
41.500,-32.391,-0.037,0.433,45.694
41.520,-33.158,-0.028,0.433,45.607
41.540,-33.439,-0.008,0.433,45.489
41.560,-33.223,0.011,0.433,45.341
41.580,-32.537,0.033,0.433,45.177
41.600,-31.330,0.056,0.433,45.003
41.620,-29.648,0.079,0.433,44.831
41.640,-27.545,0.102,0.433,44.671
41.660,-25.014,0.128,0.433,44.534
41.680,-22.119,0.154,0.433,44.425
41.700,-18.867,0.178,0.433,44.353
41.720,-15.375,0.209,0.433,44.322
41.740,-11.619,0.231,0.433,44.335
41.760,-7.699,0.255,0.433,44.392
41.780,-3.656,0.273,0.433,44.488
41.800,0.457,0.295,0.433,44.622
41.820,4.529,0.312,0.433,44.786
41.840,8.537,0.330,0.433,44.973
41.860,12.445,0.339,0.433,45.177
41.880,16.189,0.350,0.433,45.380
41.900,19.646,0.354,0.433,45.580
41.920,22.834,0.357,0.433,45.756
41.940,25.711,0.358,0.433,45.907
41.960,28.154,0.354,0.433,46.020
41.980,30.229,0.347,0.433,46.094
42.000,31.816,0.340,0.433,46.123
42.020,32.959,0.322,0.433,46.111
42.040,33.621,0.311,0.433,46.053
42.060,33.768,0.293,0.433,45.963
42.080,33.457,0.269,0.433,45.843
42.100,32.625,0.249,0.433,45.704
42.120,31.318,0.227,0.433,45.554
42.140,29.549,0.197,0.433,45.407
42.160,27.387,0.175,0.433,45.271
42.180,24.768,0.153,0.433,45.155
42.200,21.797,0.124,0.433,45.068
42.220,18.510,0.099,0.433,45.015
42.240,14.953,0.073,0.433,45.001
42.260,11.162,0.049,0.433,45.027
42.280,7.230,0.029,0.433,45.094
42.300,3.176,0.010,0.433,45.197
42.320,-0.896,-0.012,0.433,45.334
42.340,-4.980,-0.027,0.433,45.495
42.360,-8.994,-0.043,0.433,45.674
42.380,-12.850,-0.050,0.433,45.860
42.400,-16.512,-0.063,0.433,46.043
42.420,-19.957,-0.066,0.433,46.212
42.440,-23.092,-0.067,0.433,46.353
42.460,-25.846,-0.069,0.433,46.462
42.480,-28.277,-0.060,0.433,46.534
42.500,-30.252,-0.054,0.433,46.561
42.520,-31.770,-0.046,0.433,46.544
42.540,-32.824,-0.029,0.433,46.481
42.560,-33.311,-0.014,0.433,46.374
42.580,-33.416,0.004,0.433,46.230
42.600,-32.994,0.024,0.433,46.061
42.620,-32.109,0.044,0.433,45.873
42.640,-30.703,0.067,0.433,45.677
42.660,-28.811,0.094,0.433,45.485
42.680,-26.531,0.117,0.433,45.306
42.700,-23.848,0.145,0.433,45.149
42.720,-20.771,0.169,0.433,45.022
42.740,-17.437,0.197,0.433,44.930
42.760,-13.816,0.215,0.433,44.879
42.780,-9.979,0.247,0.433,44.868
42.800,-5.988,0.264,0.430,44.897
42.820,-1.922,0.286,0.430,44.962
42.840,2.186,0.304,0.430,45.059
42.860,6.252,0.319,0.430,45.181
42.880,10.219,0.337,0.430,45.320
42.900,14.074,0.346,0.430,45.464
42.920,17.678,0.353,0.430,45.610
42.940,21.018,0.358,0.430,45.739
42.960,24.105,0.356,0.430,45.845
42.980,26.783,0.354,0.430,45.920
43.000,29.080,0.348,0.430,45.956
43.020,30.943,0.344,0.430,45.951
43.040,32.373,0.330,0.430,45.907
43.060,33.299,0.313,0.430,45.817
43.080,33.738,0.298,0.430,45.690
43.100,33.691,0.278,0.430,45.534
43.120,33.158,0.259,0.430,45.357
43.140,32.121,0.234,0.430,45.165
43.160,30.645,0.210,0.430,44.972
43.180,28.687,0.184,0.430,44.787
43.200,26.332,0.163,0.430,44.621
43.220,23.561,0.132,0.430,44.481
43.240,20.437,0.111,0.430,44.374
43.260,17.051,0.079,0.430,44.309
43.280,13.371,0.058,0.430,44.283
43.300,9.551,0.033,0.430,44.305
43.320,5.549,0.016,0.430,44.366
43.340,1.488,-0.006,0.430,44.468
43.360,-2.596,-0.023,0.430,44.600
43.380,-6.674,-0.038,0.430,44.763
43.400,-10.605,-0.051,0.430,44.940
43.420,-14.396,-0.060,0.430,45.127
43.440,-17.959,-0.071,0.430,45.310
43.460,-21.293,-0.070,0.430,45.483
43.480,-24.275,-0.070,0.430,45.630
43.500,-26.895,-0.072,0.430,45.744
43.520,-29.104,-0.064,0.430,45.825
43.540,-30.920,-0.055,0.430,45.863
43.560,-32.232,-0.044,0.430,45.860
43.580,-33.076,-0.029,0.430,45.814
43.600,-33.393,-0.012,0.430,45.733
43.620,-33.275,0.008,0.430,45.620
43.640,-32.643,0.026,0.430,45.488
43.660,-31.541,0.049,0.430,45.343
43.680,-29.918,0.075,0.430,45.199
43.700,-27.867,0.094,0.430,45.062
43.720,-25.424,0.124,0.430,44.945
43.740,-22.582,0.147,0.430,44.854
43.760,-19.395,0.177,0.430,44.798
43.780,-15.914,0.201,0.430,44.781
43.800,-12.217,0.225,0.430,44.806
43.820,-8.314,0.246,0.430,44.872
43.840,-4.271,0.271,0.430,44.976
43.860,-0.205,0.294,0.430,45.121
43.880,3.902,0.309,0.430,45.293
43.900,7.934,0.323,0.430,45.489
43.920,11.848,0.337,0.430,45.696
43.940,15.615,0.346,0.430,45.905
43.960,19.102,0.352,0.430,46.107
43.980,22.365,0.356,0.430,46.287
44.000,25.289,0.353,0.430,46.439
44.020,27.785,0.354,0.430,46.553
44.040,29.912,0.342,0.430,46.626
44.060,31.600,0.338,0.430,46.652
44.080,32.818,0.319,0.430,46.631
44.100,33.545,0.309,0.430,46.566
44.120,33.785,0.289,0.430,46.464
44.140,33.533,0.269,0.430,46.330
44.160,32.783,0.250,0.430,46.173
44.180,31.564,0.224,0.430,46.005
44.200,29.859,0.202,0.430,45.836
44.220,27.756,0.174,0.430,45.676
44.240,25.213,0.149,0.430,45.533
44.260,22.283,0.122,0.430,45.418
44.280,19.061,0.100,0.430,45.335
44.300,15.504,0.070,0.430,45.290
44.320,11.783,0.054,0.430,45.287
44.340,7.863,0.025,0.430,45.320
44.360,3.832,0.007,0.430,45.392
44.380,-0.246,-0.015,0.430,45.498
44.400,-4.342,-0.026,0.430,45.631
44.420,-8.361,-0.042,0.430,45.782
44.440,-12.258,-0.056,0.430,45.940
44.460,-15.949,-0.062,0.430,46.101
44.480,-19.441,-0.071,0.430,46.248
44.500,-22.635,-0.065,0.430,46.375
44.520,-25.453,-0.071,0.430,46.467
44.540,-27.943,-0.066,0.430,46.527
44.560,-29.988,-0.056,0.430,46.542
44.580,-31.570,-0.045,0.430,46.514
44.600,-32.689,-0.034,0.430,46.437
44.620,-33.287,-0.017,0.430,46.323
44.640,-33.457,0.000,0.430,46.175
44.660,-33.105,0.021,0.430,45.997
44.680,-32.285,0.041,0.430,45.802
44.700,-30.961,0.063,0.430,45.601
44.720,-29.127,0.093,0.430,45.402
44.740,-26.953,0.112,0.430,45.217
44.760,-24.299,0.145,0.430,45.056
44.780,-21.305,0.162,0.430,44.925
44.800,-17.971,0.195,0.430,44.830
44.820,-14.414,0.214,0.430,44.777
44.840,-10.611,0.243,0.430,44.766
44.860,-6.633,0.262,0.430,44.798
44.880,-2.590,0.286,0.430,44.868
44.900,1.535,0.302,0.430,44.975
44.920,5.596,0.319,0.430,45.109
44.940,9.574,0.335,0.430,45.265
44.960,13.453,0.348,0.430,45.429
44.980,17.109,0.352,0.430,45.599
45.000,20.514,0.356,0.430,45.754
45.020,23.643,0.356,0.430,45.889
45.040,26.396,0.358,0.430,45.995
45.060,28.746,0.352,0.430,46.065
45.080,30.691,0.347,0.430,46.095
45.100,32.174,0.334,0.430,46.087
45.120,33.176,0.321,0.430,46.033
45.140,33.703,0.304,0.430,45.944
45.160,33.727,0.282,0.430,45.822
45.180,33.275,0.267,0.430,45.675
45.200,32.332,0.244,0.430,45.517
45.220,30.908,0.218,0.430,45.354
45.240,29.027,0.191,0.430,45.197
45.260,26.748,0.173,0.430,45.056
45.280,24.023,0.137,0.430,44.940
45.300,20.965,0.116,0.430,44.857
45.320,17.602,0.087,0.430,44.813
45.340,13.980,0.069,0.430,44.810
45.360,10.160,0.038,0.430,44.850
45.380,6.193,0.024,0.430,44.934
45.400,2.150,0.003,0.430,45.053
45.420,-1.957,-0.020,0.430,45.206
45.440,-6.012,-0.034,0.430,45.387
45.460,-10.002,-0.047,0.430,45.588
45.480,-13.811,-0.055,0.430,45.794
45.500,-17.426,-0.067,0.430,45.995
45.520,-20.789,-0.071,0.430,46.185
45.540,-23.824,-0.068,0.430,46.347
45.560,-26.502,-0.070,0.430,46.475
45.580,-28.793,-0.064,0.430,46.566
45.600,-30.680,-0.054,0.430,46.614
45.620,-32.068,-0.047,0.430,46.615
45.640,-32.982,-0.028,0.430,46.573
45.660,-33.357,-0.019,0.430,46.489
45.680,-33.328,0.008,0.430,46.375
45.700,-32.795,0.022,0.430,46.233
45.720,-31.752,0.051,0.430,46.077
45.740,-30.217,0.069,0.430,45.915
45.760,-28.242,0.095,0.430,45.760
45.780,-25.846,0.118,0.430,45.621
45.800,-23.086,0.152,0.430,45.506
45.820,-19.945,0.168,0.430,45.423
45.840,-16.494,0.203,0.430,45.375
45.860,-12.814,0.218,0.430,45.369
45.880,-8.930,0.251,0.430,45.401
45.900,-4.916,0.260,0.430,45.473
45.920,-0.838,0.292,0.430,45.575
45.940,3.252,0.307,0.430,45.712
45.960,7.312,0.322,0.430,45.869
45.980,11.250,0.333,0.430,46.038
46.000,15.041,0.344,0.430,46.208
46.020,18.586,0.352,0.430,46.373
46.040,21.867,0.358,0.430,46.516
46.060,24.855,0.356,0.430,46.633
46.080,27.434,0.355,0.430,46.715
46.100,29.613,0.342,0.430,46.755
46.120,31.348,0.338,0.430,46.745
46.140,32.666,0.327,0.430,46.694
46.160,33.463,0.308,0.430,46.598
46.180,33.762,0.294,0.430,46.463
46.200,33.604,0.272,0.430,46.297
46.220,32.941,0.255,0.430,46.109
46.240,31.787,0.225,0.430,45.910
46.260,30.182,0.205,0.430,45.707
46.280,28.131,0.173,0.430,45.515
46.300,25.629,0.155,0.430,45.339
46.320,22.775,0.124,0.430,45.191
46.340,19.594,0.104,0.430,45.077
46.360,16.119,0.070,0.430,45.000
46.380,12.387,0.054,0.430,44.967
46.400,8.520,0.023,0.430,44.972
46.420,4.494,0.011,0.430,45.021
46.440,0.404,-0.009,0.430,45.104
46.460,-3.674,-0.029,0.430,45.215
46.480,-7.723,-0.042,0.430,45.350
46.500,-11.631,-0.057,0.430,45.497
46.520,-15.369,-0.062,0.430,45.649
46.540,-18.885,-0.072,0.430,45.791
46.560,-22.107,-0.069,0.430,45.919
46.580,-25.031,-0.071,0.430,46.014
46.600,-27.516,-0.065,0.430,46.081
46.620,-29.654,-0.064,0.430,46.102
46.640,-31.336,-0.051,0.430,46.089
46.660,-32.549,-0.039,0.430,46.027
46.680,-33.229,-0.020,0.430,45.929
46.700,-33.439,-0.007,0.430,45.794
46.720,-33.182,0.015,0.430,45.634
46.740,-32.426,0.031,0.430,45.457
46.760,-31.201,0.055,0.430,45.273
46.780,-29.473,0.086,0.430,45.092
46.800,-27.311,0.107,0.430,44.922
46.820,-24.750,0.136,0.430,44.776
46.840,-21.791,0.157,0.430,44.660
46.860,-18.533,0.188,0.430,44.580
46.880,-15.012,0.208,0.430,44.543
46.900,-11.232,0.237,0.430,44.547
46.920,-7.283,0.258,0.430,44.597
46.940,-3.223,0.278,0.430,44.687
46.960,0.867,0.298,0.430,44.814
46.980,4.951,0.318,0.430,44.969
47.000,8.959,0.331,0.430,45.148
47.020,12.844,0.343,0.430,45.340
47.040,16.547,0.350,0.430,45.532
47.060,19.986,0.358,0.430,45.717
47.080,23.156,0.359,0.431,45.879
47.100,25.969,0.356,0.431,46.017
47.120,28.406,0.355,0.431,46.117
47.140,30.398,0.345,0.431,46.177
47.160,31.963,0.341,0.431,46.191
47.180,33.047,0.324,0.431,46.168
47.200,33.656,0.305,0.431,46.102
47.220,33.762,0.288,0.431,45.999
47.240,33.381,0.267,0.431,45.871
47.260,32.508,0.248,0.431,45.725
47.280,31.154,0.223,0.431,45.574
47.300,29.350,0.199,0.431,45.424
47.320,27.129,0.173,0.431,45.289
47.340,24.475,0.147,0.431,45.175
47.360,21.457,0.121,0.431,45.092
47.380,18.176,0.094,0.431,45.044
47.400,14.555,0.070,0.431,45.036
47.420,10.770,0.046,0.431,45.071
47.440,6.832,0.025,0.431,45.145
47.460,2.760,0.004,0.431,45.258
47.480,-1.301,-0.015,0.431,45.401
47.500,-5.385,-0.029,0.431,45.572
47.520,-9.398,-0.046,0.431,45.759
47.540,-13.248,-0.051,0.431,45.956
47.560,-16.875,-0.063,0.431,46.143
47.580,-20.285,-0.067,0.431,46.318
47.600,-23.385,-0.069,0.431,46.467
47.620,-26.127,-0.067,0.431,46.585
47.640,-28.488,-0.065,0.431,46.661
47.660,-30.428,-0.053,0.431,46.698
47.680,-31.875,-0.046,0.431,46.683
47.700,-32.895,-0.025,0.431,46.626
47.720,-33.352,-0.015,0.431,46.524
47.740,-33.404,0.008,0.431,46.388
47.760,-32.918,0.024,0.431,46.226
47.780,-31.957,0.045,0.431,46.049
47.800,-30.498,0.070,0.431,45.864
47.820,-28.600,0.099,0.431,45.684
47.840,-26.279,0.115,0.431,45.517
47.860,-23.555,0.149,0.431,45.374
47.880,-20.432,0.170,0.431,45.261
47.900,-17.045,0.199,0.431,45.184
47.920,-13.418,0.215,0.431,45.146
47.940,-9.574,0.247,0.431,45.148
47.960,-5.572,0.267,0.431,45.189
47.980,-1.494,0.288,0.431,45.266
48.000,2.602,0.309,0.431,45.376
48.020,6.686,0.324,0.431,45.511
48.040,10.617,0.336,0.431,45.660
48.060,14.455,0.346,0.431,45.812
48.080,18.018,0.352,0.431,45.961
48.100,21.369,0.356,0.431,46.094
48.120,24.393,0.354,0.431,46.199
48.140,27.035,0.353,0.431,46.273
48.160,29.303,0.351,0.431,46.308
48.180,31.113,0.335,0.431,46.301
48.200,32.484,0.330,0.431,46.248
48.220,33.375,0.308,0.431,46.155
48.240,33.762,0.297,0.431,46.024
48.260,33.662,0.274,0.431,45.862
48.280,33.088,0.255,0.431,45.679
48.300,31.998,0.229,0.431,45.482
48.320,30.451,0.207,0.431,45.284
48.340,28.465,0.181,0.431,45.096
48.360,26.074,0.159,0.431,44.926
48.380,23.244,0.128,0.431,44.783
48.400,20.115,0.108,0.431,44.674
48.420,16.705,0.072,0.431,44.605
48.440,12.990,0.057,0.431,44.579
48.460,9.146,0.028,0.431,44.596
48.480,5.127,0.013,0.431,44.653
48.500,1.090,-0.013,0.431,44.751
48.520,-3.023,-0.029,0.431,44.882
48.540,-7.055,-0.044,0.431,45.038
48.560,-10.998,-0.054,0.431,45.210
48.580,-14.771,-0.064,0.431,45.387
48.600,-18.322,-0.071,0.431,45.561
48.620,-21.615,-0.073,0.432,45.723
48.640,-24.539,-0.074,0.433,45.858
48.660,-27.111,-0.071,0.433,45.963
48.680,-29.332,-0.063,0.433,46.025
48.700,-31.066,-0.054,0.433,46.049
48.720,-32.332,-0.047,0.433,46.031
48.740,-33.129,-0.025,0.433,45.974
48.760,-33.393,-0.014,0.433,45.879
48.780,-33.252,0.010,0.433,45.759
48.800,-32.566,0.025,0.433,45.618
48.820,-31.406,0.054,0.433,45.467
48.840,-29.742,0.077,0.433,45.316
48.860,-27.645,0.099,0.433,45.175
48.880,-25.166,0.127,0.433,45.057
48.900,-22.271,0.153,0.433,44.967
48.920,-19.061,0.178,0.433,44.912
48.940,-15.557,0.203,0.433,44.898
48.960,-11.812,0.228,0.433,44.925
48.980,-7.898,0.254,0.433,44.998
49.000,-3.855,0.273,0.433,45.109
49.020,0.223,0.293,0.433,45.255
49.040,4.312,0.313,0.433,45.432
49.060,8.338,0.327,0.433,45.632
49.080,12.258,0.340,0.433,45.846
49.100,15.973,0.349,0.433,46.060
49.120,19.465,0.352,0.433,46.267
49.140,22.676,0.356,0.433,46.448
49.160,25.547,0.356,0.433,46.603
49.180,28.031,0.356,0.433,46.719
49.200,30.111,0.344,0.433,46.799
49.220,31.752,0.333,0.433,46.826
49.240,32.912,0.324,0.433,46.808
49.260,33.592,0.306,0.433,46.747
49.280,33.773,0.291,0.433,46.649
49.300,33.486,0.270,0.433,46.522
49.320,32.666,0.249,0.433,46.375
49.340,31.406,0.225,0.433,46.217
49.360,29.660,0.200,0.433,46.056
49.380,27.527,0.172,0.433,45.906
49.400,24.920,0.147,0.433,45.775
49.420,21.973,0.120,0.433,45.672
49.440,18.697,0.098,0.433,45.603
49.460,15.141,0.068,0.433,45.571
49.480,11.379,0.049,0.433,45.581
49.500,7.447,0.024,0.433,45.629
49.520,3.410,0.007,0.433,45.714
49.540,-0.674,-0.015,0.433,45.830
49.560,-4.746,-0.029,0.433,45.974
49.580,-8.777,-0.043,0.433,46.133
49.600,-12.650,-0.054,0.433,46.299
49.620,-16.318,-0.060,0.433,46.461
49.640,-19.787,-0.067,0.433,46.610
49.660,-22.939,-0.069,0.433,46.736
49.680,-25.746,-0.068,0.433,46.827
49.700,-28.148,-0.062,0.433,46.882
49.720,-30.158,-0.055,0.433,46.890
49.740,-31.699,-0.045,0.433,46.857
49.760,-32.771,-0.031,0.433,46.776
49.780,-33.328,-0.015,0.433,46.652
49.800,-33.416,0.002,0.433,46.494
49.820,-33.041,0.026,0.433,46.309
49.840,-32.162,0.043,0.433,46.106
49.860,-30.803,0.070,0.433,45.898
49.880,-28.957,0.095,0.433,45.693
49.900,-26.678,0.115,0.433,45.501
49.920,-24.006,0.145,0.433,45.333
49.940,-20.953,0.166,0.433,45.196
49.960,-17.619,0.196,0.433,45.095
49.980,-14.039,0.216,0.433,45.035
50.000,-10.195,0.243,0.433,45.016
50.020,-6.229,0.266,0.433,45.039
50.040,-2.139,0.285,0.433,45.101
50.060,1.951,0.307,0.433,45.195
50.080,6.012,0.322,0.433,45.317
50.100,9.996,0.334,0.433,45.458
50.120,13.840,0.346,0.433,45.604
50.140,17.484,0.352,0.433,45.752
50.160,20.848,0.359,0.433,45.886
50.180,23.947,0.356,0.433,46.001
50.200,26.648,0.353,0.433,46.083
50.220,28.963,0.351,0.433,46.129
50.240,30.850,0.343,0.433,46.135
50.260,32.309,0.336,0.433,46.101
50.280,33.264,0.318,0.433,46.024
50.300,33.727,0.298,0.433,45.912
50.320,33.715,0.280,0.433,45.765
50.340,33.211,0.261,0.433,45.600
50.360,32.203,0.240,0.433,45.422
50.380,30.727,0.216,0.433,45.242
50.400,28.811,0.186,0.433,45.069
50.420,26.479,0.170,0.433,44.915
50.440,23.725,0.136,0.433,44.788
50.460,20.643,0.117,0.433,44.694
50.480,17.244,0.079,0.433,44.639
50.500,13.594,0.063,0.433,44.628
50.520,9.750,0.036,0.433,44.660
50.540,5.789,0.018,0.433,44.736
50.560,1.723,-0.006,0.433,44.849
50.580,-2.361,-0.022,0.433,45.000
50.600,-6.434,-0.038,0.433,45.177
50.620,-10.400,-0.050,0.433,45.371
50.640,-14.203,-0.059,0.433,45.570
50.660,-17.783,-0.071,0.433,45.765
50.680,-21.100,-0.072,0.433,45.950
50.700,-24.129,-0.074,0.433,46.107
50.720,-26.766,-0.070,0.433,46.234
50.740,-29.016,-0.067,0.433,46.324
50.760,-30.844,-0.054,0.433,46.368
50.780,-32.162,-0.049,0.433,46.369
50.800,-33.047,-0.027,0.433,46.328
50.820,-33.393,-0.017,0.433,46.247
50.840,-33.287,0.008,0.433,46.137
50.860,-32.707,0.023,0.433,46.003
50.880,-31.600,0.047,0.433,45.856
50.900,-30.041,0.076,0.433,45.707
50.920,-28.025,0.095,0.433,45.564
50.940,-25.594,0.124,0.433,45.440
50.960,-22.770,0.149,0.433,45.341
50.980,-19.553,0.175,0.433,45.275
51.000,-16.119,0.202,0.433,45.248
51.020,-12.434,0.223,0.433,45.260
51.040,-8.525,0.247,0.433,45.313
51.060,-4.500,0.269,0.433,45.404
51.080,-0.416,0.287,0.433,45.532
51.100,3.686,0.311,0.433,45.688
51.120,7.717,0.324,0.433,45.869
51.140,11.637,0.335,0.433,46.059
51.160,15.404,0.348,0.433,46.250
51.180,18.937,0.350,0.433,46.433
51.200,22.178,0.356,0.433,46.593
51.220,25.143,0.352,0.433,46.727
51.240,27.668,0.354,0.433,46.820
51.260,29.824,0.343,0.433,46.874
51.280,31.512,0.336,0.433,46.877
51.300,32.754,0.322,0.433,46.840
51.320,33.521,0.307,0.433,46.753
51.340,33.773,0.290,0.433,46.631
51.360,33.557,0.270,0.433,46.476
51.380,32.824,0.248,0.433,46.301
51.400,31.652,0.224,0.433,46.111
51.420,29.977,0.202,0.433,45.921
51.440,27.879,0.175,0.433,45.740
51.460,25.354,0.152,0.433,45.577
51.480,22.465,0.120,0.433,45.441
51.500,19.236,0.100,0.433,45.339
51.520,15.744,0.066,0.433,45.274
51.540,11.988,0.051,0.433,45.252
51.560,8.092,0.023,0.433,45.269
51.580,4.061,0.008,0.433,45.326
51.600,-0.029,-0.013,0.433,45.414
51.620,-4.090,-0.028,0.433,45.533
51.640,-8.145,-0.044,0.433,45.670
51.660,-12.029,-0.056,0.433,45.820
51.680,-15.762,-0.065,0.433,45.971
51.700,-19.254,-0.069,0.433,46.110
51.720,-22.453,-0.074,0.433,46.229
51.740,-25.295,-0.073,0.433,46.321
51.760,-27.773,-0.065,0.433,46.380
51.780,-29.877,-0.061,0.433,46.391
51.800,-31.500,-0.047,0.433,46.361
51.820,-32.631,-0.039,0.433,46.288
51.840,-33.270,-0.019,0.433,46.176
51.860,-33.428,-0.009,0.433,46.030
51.880,-33.158,0.019,0.433,45.860
51.900,-32.344,0.037,0.433,45.670
51.920,-31.043,0.060,0.433,45.475
51.940,-29.268,0.088,0.433,45.282
51.960,-27.029,0.108,0.433,45.103
51.980,-24.480,0.141,0.433,44.948
52.000,-21.480,0.158,0.433,44.823
52.020,-18.182,0.192,0.433,44.736
52.040,-14.637,0.209,0.433,44.692
52.060,-10.822,0.238,0.433,44.688
52.080,-6.879,0.260,0.433,44.730
52.100,-2.795,0.284,0.433,44.811
52.120,1.283,0.297,0.433,44.930
52.140,5.379,0.325,0.433,45.074
52.160,9.357,0.330,0.433,45.246
52.180,13.242,0.348,0.433,45.423
52.200,16.910,0.349,0.433,45.604
52.220,20.320,0.360,0.434,45.773
52.240,23.473,0.356,0.434,45.926
52.260,26.244,0.360,0.434,46.046
52.280,28.629,0.351,0.434,46.132
52.300,30.580,0.348,0.434,46.176
52.320,32.092,0.334,0.434,46.181
52.340,33.135,0.323,0.434,46.141
52.360,33.691,0.308,0.434,46.064
52.380,33.744,0.285,0.434,45.956
52.400,33.322,0.269,0.434,45.818
52.420,32.385,0.243,0.434,45.668
52.440,30.990,0.225,0.434,45.511
52.460,29.145,0.190,0.434,45.360
52.480,26.877,0.178,0.434,45.223
52.500,24.176,0.136,0.434,45.111
52.520,21.135,0.124,0.434,45.030
52.540,17.807,0.084,0.434,44.986
52.560,14.186,0.070,0.434,44.984
52.580,10.377,0.038,0.434,45.022
52.600,6.404,0.025,0.434,45.104
52.620,2.361,-0.002,0.434,45.219
52.640,-1.740,-0.020,0.434,45.372
52.660,-5.795,-0.034,0.434,45.550
52.680,-9.791,-0.049,0.434,45.743
52.700,-13.623,-0.055,0.434,45.944
52.720,-17.244,-0.063,0.434,46.136
52.740,-20.619,-0.067,0.434,46.316
52.760,-23.678,-0.071,0.434,46.467
52.780,-26.379,-0.069,0.434,46.587
52.800,-28.682,-0.062,0.434,46.667
52.820,-30.592,-0.056,0.434,46.703
52.840,-31.998,-0.045,0.434,46.695
52.860,-32.965,-0.032,0.434,46.641
52.880,-33.375,-0.012,0.434,46.545
52.900,-33.352,0.002,0.434,46.413
52.920,-32.842,0.029,0.434,46.259
52.940,-31.834,0.042,0.434,46.088
52.960,-30.340,0.071,0.434,45.913
52.980,-28.371,0.094,0.434,45.741
53.000,-26.004,0.122,0.434,45.586
53.020,-23.227,0.145,0.434,45.453
53.040,-20.098,0.172,0.434,45.351
53.060,-16.693,0.195,0.434,45.286
53.080,-13.043,0.224,0.434,45.259
53.100,-9.170,0.243,0.434,45.274
53.120,-5.145,0.266,0.434,45.325
53.140,-1.072,0.284,0.434,45.413
53.160,3.029,0.307,0.434,45.529
53.180,7.078,0.321,0.434,45.670
53.200,11.021,0.335,0.434,45.823
53.220,14.824,0.344,0.434,45.978
53.240,18.393,0.349,0.434,46.130
53.260,21.680,0.356,0.434,46.261
53.280,24.691,0.354,0.434,46.368
53.300,27.293,0.352,0.434,46.437
53.320,29.496,0.344,0.434,46.469
53.340,31.283,0.336,0.434,46.451
53.360,32.596,0.323,0.434,46.395
53.380,33.434,0.309,0.434,46.290
53.400,33.762,0.291,0.434,46.153
53.420,33.627,0.273,0.434,45.981
53.440,32.971,0.251,0.434,45.791
53.460,31.857,0.229,0.434,45.588
53.480,30.258,0.205,0.434,45.382
53.500,28.254,0.176,0.434,45.187
53.520,25.775,0.156,0.434,45.009
53.540,22.945,0.124,0.434,44.860
53.560,19.793,0.103,0.434,44.744
53.580,16.307,0.070,0.434,44.668
53.600,12.604,0.050,0.434,44.634
53.620,8.719,0.028,0.434,44.642
53.640,4.723,0.007,0.434,44.691
53.660,0.668,-0.011,0.434,44.776
53.680,-3.451,-0.031,0.434,44.895
53.700,-7.477,-0.044,0.434,45.038
53.720,-11.420,-0.058,0.434,45.193
53.740,-15.146,-0.062,0.434,45.356
53.760,-18.691,-0.071,0.434,45.507
53.780,-21.920,-0.073,0.434,45.647
53.800,-24.850,-0.077,0.437,45.757
53.820,-27.393,-0.069,0.437,45.842
53.840,-29.514,-0.067,0.437,45.882
53.860,-31.236,-0.050,0.437,45.886
53.880,-32.443,-0.046,0.437,45.842
53.900,-33.187,-0.025,0.437,45.764
53.920,-33.428,-0.009,0.437,45.649
53.940,-33.187,0.008,0.437,45.507
53.960,-32.467,0.032,0.437,45.349
53.980,-31.266,0.053,0.437,45.181
54.000,-29.561,0.083,0.437,45.017
54.020,-27.416,0.102,0.437,44.864
54.040,-24.885,0.131,0.437,44.734
54.060,-21.979,0.153,0.437,44.634
54.080,-18.715,0.184,0.437,44.570
54.100,-15.193,0.207,0.437,44.549
54.120,-11.455,0.232,0.437,44.569
54.140,-7.488,0.251,0.437,44.634
54.160,-3.469,0.278,0.437,44.737
54.180,0.662,0.296,0.437,44.880
54.200,4.734,0.318,0.437,45.051
54.220,8.742,0.327,0.437,45.247
54.240,12.639,0.340,0.437,45.454
54.260,16.342,0.352,0.437,45.662
54.280,19.828,0.352,0.437,45.863
54.300,22.975,0.360,0.437,46.043
54.320,25.822,0.357,0.437,46.199
54.340,28.266,0.355,0.437,46.313
54.360,30.305,0.348,0.437,46.389
54.380,31.893,0.335,0.437,46.417
54.400,33.012,0.323,0.437,46.403
54.420,33.639,0.304,0.437,46.345
54.440,33.768,0.286,0.437,46.254
54.460,33.428,0.269,0.437,46.131
54.480,32.561,0.244,0.437,45.991
54.500,31.242,0.228,0.437,45.842
54.520,29.461,0.195,0.437,45.695
54.540,27.270,0.178,0.437,45.560
54.560,24.609,0.145,0.437,45.445
54.580,21.645,0.119,0.437,45.359
54.600,18.352,0.094,0.437,45.308
54.620,14.777,0.066,0.437,45.295
54.640,10.992,0.046,0.437,45.324
54.660,7.043,0.026,0.437,45.391
54.680,2.994,0.001,0.437,45.496
54.700,-1.107,-0.014,0.437,45.632
54.720,-5.156,-0.032,0.437,45.797
54.740,-9.205,-0.044,0.437,45.974
54.760,-13.031,-0.053,0.437,46.161
54.780,-16.699,-0.064,0.437,46.338
54.800,-20.109,-0.066,0.437,46.507
54.820,-23.238,-0.070,0.437,46.644
54.840,-25.986,-0.066,0.437,46.754
54.860,-28.371,-0.064,0.437,46.817
54.880,-30.334,-0.054,0.437,46.842
54.900,-31.846,-0.046,0.437,46.816
54.920,-32.854,-0.031,0.437,46.748
54.940,-33.328,-0.012,0.437,46.638
54.960,-33.393,0.006,0.437,46.489
54.980,-32.971,0.024,0.437,46.315
55.000,-32.045,0.047,0.437,46.124
55.020,-30.592,0.067,0.437,45.927
55.040,-28.717,0.099,0.437,45.733
55.060,-26.402,0.116,0.437,45.553
55.080,-23.713,0.148,0.437,45.396
55.100,-20.631,0.170,0.437,45.269
55.120,-17.256,0.198,0.437,45.180
55.140,-13.641,0.217,0.437,45.129
55.160,-9.768,0.248,0.437,45.119
55.180,-5.812,0.265,0.437,45.150
55.200,-1.717,0.288,0.437,45.218
55.220,2.355,0.302,0.437,45.442
55.240,6.434,0.325,0.437,45.442
55.260,10.406,0.332,0.437,45.586
55.280,14.215,0.349,0.437,45.731
55.300,17.836,0.348,0.437,45.876
55.320,21.187,0.358,0.437,46.001
55.340,24.234,0.354,0.437,46.182
55.360,26.906,0.355,0.437,46.182
55.380,29.174,0.352,0.437,46.218
55.400,31.014,0.344,0.437,46.215
55.420,32.414,0.328,0.437,46.170
55.440,33.328,0.318,0.437,46.082
55.460,33.750,0.297,0.437,45.957
55.480,33.668,0.279,0.437,45.802
55.500,33.123,0.257,0.437,45.624
55.520,32.080,0.235,0.437,45.436
55.540,30.539,0.212,0.437,45.246
55.560,28.600,0.182,0.437,45.065
55.580,26.209,0.164,0.437,44.902
55.600,23.414,0.129,0.437,44.768
55.620,20.291,0.111,0.437,44.667
55.640,16.893,0.079,0.437,44.606
55.660,13.219,0.055,0.437,44.590
55.680,9.346,0.034,0.437,44.616
55.700,5.367,0.011,0.437,44.685
55.720,1.289,-0.007,0.437,44.792
55.740,-2.777,-0.025,0.437,44.934
55.760,-6.850,-0.041,0.437,45.102
55.780,-10.805,-0.054,0.437,45.287
55.800,-14.572,-0.063,0.437,45.479
55.820,-18.152,-0.073,0.437,45.666
55.840,-21.439,-0.073,0.437,45.842
55.860,-24.410,-0.078,0.438,45.991
55.880,-27.000,-0.070,0.438,46.111
55.900,-29.209,-0.067,0.438,46.187
55.920,-31.002,-0.056,0.438,46.225
55.940,-32.291,-0.046,0.438,46.218
55.960,-33.100,-0.029,0.438,46.171
55.980,-33.410,-0.016,0.438,46.086
56.000,-33.246,0.007,0.438,45.974
56.020,-32.637,0.027,0.438,45.839
56.040,-31.465,0.051,0.438,45.694
56.060,-29.865,0.073,0.438,45.547
56.080,-27.791,0.100,0.438,45.409
56.100,-25.307,0.124,0.438,45.291
56.120,-22.447,0.151,0.438,45.199
56.140,-19.225,0.175,0.438,45.142
56.160,-15.768,0.201,0.438,45.124
56.180,-12.023,0.229,0.438,45.147
56.200,-8.127,0.252,0.438,45.212
56.220,-4.090,0.272,0.438,45.317
56.240,0.006,0.295,0.438,45.456
56.260,4.096,0.311,0.438,45.627
56.280,8.121,0.328,0.438,45.817
56.300,12.029,0.332,0.438,46.021
56.320,15.791,0.351,0.438,46.217
56.340,19.271,0.349,0.438,46.412
56.360,22.506,0.360,0.438,46.580
56.380,25.412,0.353,0.438,46.727
56.400,27.908,0.352,0.438,46.829
56.420,30.018,0.343,0.438,46.902
56.440,31.658,0.334,0.438,46.902
56.460,32.865,0.320,0.438,46.872
56.480,33.562,0.307,0.438,46.793
56.500,33.768,0.287,0.438,46.679
56.520,33.516,0.269,0.438,46.534
56.540,32.742,0.248,0.438,46.367
56.560,31.482,0.224,0.438,46.190
56.580,29.760,0.199,0.438,46.011
56.600,27.645,0.173,0.438,45.842
56.620,25.084,0.147,0.438,45.692
56.640,22.125,0.122,0.438,45.481
56.660,18.891,0.099,0.438,45.481
56.680,15.346,0.066,0.438,45.429
56.700,11.590,0.045,0.438,45.420
56.720,7.670,0.024,0.438,45.449
56.740,3.645,0.005,0.438,45.516
56.760,-0.428,-0.017,0.438,45.616
56.780,-4.518,-0.029,0.438,45.746
56.800,-8.549,-0.047,0.438,45.889
56.820,-12.451,-0.055,0.438,46.044
56.840,-16.125,-0.063,0.438,46.197
56.860,-19.594,-0.066,0.438,46.335
56.880,-22.764,-0.072,0.438,46.453
56.900,-25.588,-0.070,0.438,46.542
56.920,-28.031,-0.065,0.438,46.594
56.940,-30.053,-0.059,0.438,46.602
56.960,-31.641,-0.047,0.438,46.566
56.980,-32.730,-0.033,0.438,46.486
57.000,-33.311,-0.017,0.438,46.364
57.020,-33.428,-0.000,0.438,46.207
57.040,-33.070,0.018,0.438,46.027
57.060,-32.238,0.042,0.438,45.830
57.080,-30.879,0.061,0.438,45.628
57.100,-29.057,0.095,0.438,45.429
57.120,-26.807,0.112,0.438,45.244
57.140,-24.182,0.141,0.438,45.083
57.160,-21.146,0.163,0.438,44.953
57.180,-17.830,0.191,0.438,44.860
57.200,-14.232,0.216,0.438,44.809
57.220,-10.418,0.241,0.438,44.801
57.240,-6.445,0.263,0.438,44.834
57.260,-2.385,0.288,0.438,44.908
57.280,1.723,0.305,0.438,45.018
57.300,5.795,0.323,0.438,45.156
57.320,9.768,0.337,0.438,45.314
57.340,13.646,0.345,0.438,45.481
57.360,17.273,0.352,0.438,45.648
57.380,20.660,0.356,0.438,45.801
57.400,23.789,0.363,0.441,45.936
57.420,26.508,0.357,0.441,46.043
57.440,28.852,0.352,0.441,46.114
57.460,30.756,0.345,0.441,46.142
57.480,32.244,0.336,0.441,46.131
57.500,33.211,0.323,0.441,46.079
57.520,33.721,0.304,0.441,45.988
57.540,33.721,0.284,0.441,45.865
57.560,33.258,0.265,0.441,45.719
57.580,32.268,0.241,0.441,45.560
57.600,30.832,0.217,0.441,45.398
57.620,28.934,0.188,0.441,45.242
57.640,26.631,0.170,0.441,45.102
57.660,23.877,0.138,0.441,44.989
57.680,20.807,0.116,0.441,44.908
57.700,17.455,0.087,0.441,44.866
57.720,13.799,0.061,0.441,44.865
57.740,9.979,0.037,0.441,44.910
57.760,6.000,0.019,0.441,44.995
57.780,1.969,-0.004,0.441,45.118
57.800,-2.156,-0.021,0.441,45.273
57.820,-6.199,-0.039,0.441,45.457
57.840,-10.195,-0.050,0.441,45.655
57.860,-13.992,-0.056,0.441,45.864
57.880,-17.584,-0.067,0.441,46.058
57.900,-20.959,-0.071,0.441,46.244
57.920,-23.971,-0.079,0.442,46.401
57.940,-26.625,-0.066,0.442,46.533
57.960,-28.898,-0.065,0.442,46.618
57.980,-30.762,-0.054,0.442,46.663
58.000,-32.127,-0.046,0.442,46.658
58.020,-33.018,-0.028,0.442,46.614
58.040,-33.381,-0.015,0.442,46.525
58.060,-33.322,0.008,0.442,46.407
58.080,-32.760,0.025,0.442,46.261
58.100,-31.687,0.047,0.442,46.103
58.120,-30.129,0.072,0.442,45.942
58.140,-28.143,0.095,0.442,45.785
58.160,-25.711,0.125,0.442,45.645
58.180,-22.910,0.147,0.442,45.529
58.200,-19.758,0.174,0.442,45.445
58.220,-16.307,0.199,0.442,45.398
58.240,-12.639,0.225,0.442,45.390
58.260,-8.742,0.243,0.442,45.423
58.280,-4.723,0.273,0.442,45.493
58.300,-0.633,0.288,0.442,45.600
58.320,3.463,0.311,0.442,45.734
58.340,7.488,0.323,0.442,45.892
58.360,11.432,0.336,0.442,46.060
58.380,15.211,0.344,0.442,46.229
58.400,18.756,0.351,0.442,46.391
58.420,22.025,0.352,0.442,46.532
58.440,24.996,0.356,0.442,46.646
58.460,27.539,0.351,0.442,46.722
58.480,29.701,0.346,0.442,46.757
58.500,31.436,0.336,0.442,46.746
58.520,32.713,0.322,0.442,46.692
58.540,33.498,0.307,0.442,46.591
58.560,33.773,0.290,0.442,46.454
58.580,33.592,0.273,0.442,46.286
58.600,32.895,0.248,0.442,46.098
58.620,31.729,0.225,0.442,45.896
58.640,30.059,0.203,0.442,45.694
58.660,28.025,0.176,0.442,45.501
58.680,25.506,0.154,0.442,45.328
58.700,22.646,0.122,0.442,45.182
58.720,19.436,0.102,0.442,45.070
58.740,15.937,0.070,0.442,44.996
58.760,12.234,0.052,0.442,44.966
58.780,8.326,0.024,0.442,44.975
58.800,4.324,0.007,0.442,45.026
58.820,0.229,-0.016,0.442,45.113
58.840,-3.867,-0.029,0.442,45.230
58.860,-7.887,-0.048,0.442,45.368
58.880,-11.812,-0.054,0.442,45.517
58.900,-15.510,-0.067,0.442,45.670
58.920,-19.043,-0.072,0.442,45.813
58.940,-22.266,-0.072,0.442,45.944
58.960,-25.137,-0.073,0.442,46.041
58.980,-27.621,-0.069,0.442,46.107
59.000,-29.719,-0.067,0.442,46.131
59.020,-31.400,-0.052,0.442,46.117
59.040,-32.555,-0.042,0.442,46.058
59.060,-33.229,-0.025,0.442,45.961
59.080,-33.428,-0.009,0.442,45.830
59.100,-33.141,0.012,0.442,45.675
59.120,-32.385,0.030,0.442,45.501
59.140,-31.102,0.058,0.442,45.321
59.160,-29.373,0.084,0.442,45.144
59.180,-27.205,0.107,0.442,44.979
59.200,-24.598,0.132,0.442,44.838
59.220,-21.662,0.156,0.442,44.728
59.240,-18.357,0.186,0.442,44.654
59.260,-14.836,0.211,0.442,44.623
59.280,-11.033,0.236,0.442,44.636
59.300,-7.078,0.260,0.442,44.691
59.320,-3.041,0.284,0.442,44.788
59.340,1.066,0.299,0.442,44.923
59.360,5.139,0.318,0.442,45.084
59.380,9.141,0.331,0.442,45.269
59.400,13.025,0.343,0.442,45.463
59.420,16.723,0.354,0.442,45.659
59.440,20.156,0.356,0.442,45.845
59.460,23.309,0.360,0.442,46.012
59.480,26.104,0.360,0.442,46.150
59.500,28.494,0.353,0.442,46.252
59.520,30.498,0.347,0.442,46.313
59.540,32.027,0.333,0.442,46.329
59.560,33.088,0.322,0.442,46.300
59.580,33.674,0.307,0.442,46.232
59.600,33.756,0.286,0.442,46.131
59.620,33.375,0.269,0.442,46.003
59.640,32.461,0.242,0.442,45.857
59.660,31.090,0.224,0.442,45.705
59.680,29.262,0.194,0.442,45.555
59.700,27.018,0.170,0.442,45.419
59.720,24.340,0.142,0.442,45.306
59.740,21.328,0.118,0.442,45.222
59.760,17.994,0.091,0.442,45.174
59.780,14.391,0.067,0.442,45.166
59.800,10.582,0.043,0.442,45.200
59.820,6.639,0.023,0.442,45.273
59.840,2.584,0.004,0.442,45.384
59.860,-1.512,-0.016,0.442,45.526
59.880,-5.578,-0.033,0.442,45.693
59.900,-9.592,-0.046,0.442,45.877
59.920,-13.400,-0.054,0.442,46.066
59.940,-17.033,-0.063,0.442,46.247
59.960,-20.443,-0.066,0.442,46.414
59.980,-23.525,-0.072,0.442,46.557
60.000,-26.244,-0.067,0.442,46.667
60.020,-28.594,-0.061,0.442,46.735
60.040,-30.480,-0.054,0.442,46.757
60.060,-31.945,-0.042,0.442,46.735
60.080,-32.912,-0.032,0.442,46.667
60.100,-33.363,-0.016,0.442,46.559
60.120,-33.369,0.005,0.442,46.416
60.140,-32.859,0.023,0.442,46.247
60.160,-31.904,0.049,0.442,46.062
60.180,-30.428,0.070,0.442,45.870
60.200,-28.494,0.096,0.442,45.682
60.220,-26.139,0.121,0.442,45.510
60.240,-23.408,0.146,0.442,45.361
60.260,-20.285,0.174,0.442,45.243
60.280,-16.869,0.199,0.442,45.161
60.300,-13.242,0.222,0.442,45.120
60.320,-9.393,0.247,0.442,45.120
60.340,-5.373,0.266,0.442,45.158
60.360,-1.271,0.287,0.442,45.232
60.380,2.801,0.303,0.442,45.337
60.400,6.867,0.326,0.442,45.465
60.420,10.793,0.336,0.442,45.612
60.440,14.625,0.347,0.442,45.758
60.460,18.193,0.352,0.442,45.902
60.480,21.510,0.356,0.442,46.029
60.500,24.551,0.356,0.442,46.137
60.520,27.170,0.356,0.442,46.202
60.540,29.385,0.344,0.442,46.235
60.560,31.189,0.340,0.442,46.219
60.580,32.549,0.323,0.442,46.166
60.600,33.404,0.312,0.442,46.066
60.620,33.768,0.291,0.442,45.933
60.640,33.650,0.273,0.442,45.767
60.660,33.041,0.252,0.442,45.583
60.680,31.934,0.230,0.442,45.387
60.700,30.369,0.206,0.442,45.191
60.720,28.383,0.176,0.442,45.005
60.740,25.957,0.160,0.442,44.836
60.760,23.121,0.127,0.442,44.592
60.780,19.969,0.108,0.442,44.592
60.800,16.529,0.073,0.442,44.526
60.820,12.814,0.054,0.442,44.505
60.840,8.959,0.028,0.442,44.525
60.860,4.963,0.013,0.442,44.591
60.880,0.896,-0.017,0.442,44.690
60.900,-3.199,-0.028,0.442,44.829
60.920,-7.236,-0.047,0.442,44.988
60.940,-11.191,-0.057,0.442,45.166
60.960,-14.947,-0.065,0.442,45.347
60.980,-18.469,-0.075,0.442,45.523
61.000,-21.750,-0.077,0.442,45.686
61.020,-24.674,-0.081,0.444,45.826
61.040,-27.246,-0.070,0.444,45.935
61.060,-29.414,-0.064,0.444,46.001
61.080,-31.148,-0.055,0.444,46.027
61.100,-32.385,-0.044,0.444,46.009
61.120,-33.135,-0.026,0.444,45.951
61.140,-33.393,-0.013,0.444,45.858
61.160,-33.193,0.009,0.444,45.741
61.180,-32.520,0.029,0.444,45.602
61.200,-31.354,0.053,0.444,45.454
61.220,-29.643,0.076,0.444,45.307
61.240,-27.527,0.102,0.444,45.171
61.260,-25.025,0.128,0.444,45.057
61.280,-22.131,0.155,0.444,44.971
61.300,-18.885,0.181,0.444,44.920
61.320,-15.375,0.204,0.444,44.911
61.340,-11.625,0.231,0.444,44.942
61.360,-7.711,0.250,0.444,45.018
61.380,-3.668,0.274,0.444,45.131
61.400,0.428,0.297,0.444,45.283
61.420,4.535,0.311,0.444,45.464
61.440,8.531,0.328,0.444,45.667
61.460,12.439,0.337,0.444,45.879
61.480,16.148,0.352,0.444,46.092
61.500,19.617,0.353,0.444,46.300
61.520,22.834,0.358,0.444,46.481
61.540,25.693,0.356,0.444,46.636
61.560,28.154,0.351,0.444,46.751
61.580,30.205,0.342,0.444,46.825
61.600,31.816,0.334,0.444,46.849
61.620,32.959,0.317,0.444,46.830
61.640,33.609,0.303,0.444,46.766
61.660,33.773,0.286,0.444,46.665
61.680,33.475,0.267,0.444,46.535
61.700,32.637,0.245,0.444,46.385
61.720,31.342,0.223,0.444,46.224
61.740,29.572,0.191,0.444,46.063
61.760,27.410,0.170,0.444,45.911
61.780,24.803,0.149,0.444,45.780
61.800,21.820,0.118,0.444,45.677
61.820,18.539,0.095,0.444,45.608
61.840,14.965,0.066,0.444,45.577
61.860,11.197,0.045,0.444,45.587
61.880,7.266,0.023,0.444,45.636
61.900,3.223,0.003,0.444,45.723
61.920,-0.844,-0.018,0.444,45.841
61.940,-4.945,-0.029,0.444,45.986
61.960,-8.953,-0.045,0.444,46.143
61.980,-12.820,-0.052,0.444,46.309
62.000,-16.477,-0.067,0.444,46.471
62.020,-19.939,-0.068,0.444,46.622
62.040,-23.080,-0.070,0.444,46.747
62.060,-25.828,-0.070,0.444,46.840
62.080,-28.254,-0.063,0.444,46.893
62.100,-30.223,-0.057,0.444,46.902
62.120,-31.758,-0.044,0.444,46.864
62.140,-32.818,-0.030,0.444,46.782
62.160,-33.328,-0.017,0.444,46.659
62.180,-33.410,0.004,0.444,46.502
62.200,-33.006,0.021,0.444,46.318
62.220,-32.115,0.042,0.444,46.118
62.240,-30.697,0.066,0.444,45.712
62.260,-28.840,0.094,0.444,45.712
62.280,-26.543,0.116,0.444,45.525
62.300,-23.854,0.142,0.444,45.362
62.320,-20.824,0.167,0.444,45.231
62.340,-17.443,0.199,0.444,45.136
62.360,-13.857,0.216,0.444,45.084
62.380,-10.025,0.248,0.444,45.072
62.400,-6.012,0.262,0.441,45.103
62.420,-1.963,0.292,0.441,45.169
62.440,2.139,0.303,0.441,45.274
62.460,6.211,0.327,0.441,45.402
62.480,10.184,0.334,0.441,45.552
62.500,14.039,0.348,0.441,45.705
62.520,17.643,0.355,0.441,45.860
62.540,21.012,0.357,0.441,46.000
62.560,24.070,0.359,0.441,46.121
62.580,26.771,0.358,0.441,46.210
62.600,29.074,0.352,0.441,46.262
62.620,30.932,0.345,0.441,46.274
62.640,32.367,0.330,0.441,46.244
62.660,33.293,0.319,0.441,46.173
62.680,33.744,0.302,0.441,46.068
62.700,33.703,0.281,0.441,45.931
62.720,33.164,0.263,0.441,45.772
62.740,32.156,0.236,0.441,45.600
62.760,30.650,0.215,0.441,45.426
62.780,28.723,0.186,0.441,45.261
62.800,26.361,0.161,0.441,45.114
62.820,23.584,0.133,0.441,44.993
62.840,20.496,0.109,0.441,44.908
62.860,17.086,0.083,0.441,44.862
62.880,13.430,0.057,0.441,44.859
62.900,9.574,0.032,0.441,44.900
62.920,5.584,0.014,0.441,44.984
62.940,1.535,-0.007,0.441,45.105
62.960,-2.572,-0.023,0.441,45.259
62.980,-6.615,-0.041,0.441,45.441
63.000,-10.594,-0.054,0.441,45.640
63.020,-14.385,-0.059,0.441,45.847
63.040,-17.936,-0.073,0.441,46.043
63.060,-21.264,-0.072,0.441,46.231
63.080,-24.246,-0.077,0.441,46.389
63.100,-26.877,-0.069,0.441,46.520
63.120,-29.121,-0.067,0.441,46.602
63.140,-30.926,-0.056,0.441,46.647
63.160,-32.227,-0.044,0.441,46.643
63.180,-33.053,-0.027,0.441,46.598
63.200,-33.393,-0.013,0.441,46.512
63.220,-33.281,0.008,0.441,46.397
63.240,-32.660,0.025,0.441,46.258
63.260,-31.541,0.052,0.441,46.109
63.280,-29.930,0.073,0.441,45.955
63.300,-27.914,0.100,0.441,45.810
63.320,-25.436,0.125,0.441,45.682
63.340,-22.617,0.150,0.441,45.581
63.360,-19.412,0.175,0.441,45.512
63.380,-15.932,0.201,0.441,45.481
63.400,-12.252,0.224,0.441,45.489
63.420,-8.326,0.252,0.441,45.539
63.440,-4.301,0.270,0.441,45.626
63.460,-0.199,0.292,0.441,45.751
63.480,3.879,0.309,0.441,45.901
63.500,7.916,0.325,0.441,46.075
63.520,11.836,0.336,0.441,46.258
63.540,15.580,0.346,0.441,46.440
63.560,19.102,0.352,0.441,46.616
63.580,22.342,0.357,0.441,46.770
63.600,25.277,0.356,0.441,46.898
63.620,27.779,0.352,0.441,46.983
63.640,29.900,0.344,0.441,47.024
63.660,31.588,0.336,0.441,47.019
63.680,32.818,0.322,0.441,46.970
63.700,33.551,0.307,0.441,46.874
63.720,33.785,0.291,0.441,46.744
63.740,33.539,0.267,0.441,46.582
63.760,32.807,0.249,0.441,46.398
63.780,31.576,0.224,0.441,46.204
63.800,29.895,0.200,0.441,46.009
63.820,27.779,0.170,0.441,45.824
63.840,25.225,0.149,0.441,45.658
63.860,22.312,0.120,0.441,45.521
63.880,19.090,0.098,0.441,45.417
63.900,15.574,0.067,0.441,45.352
63.920,11.818,0.049,0.441,45.330
63.940,7.904,0.022,0.441,45.345
63.960,3.891,0.007,0.441,45.402
63.980,-0.193,-0.017,0.441,45.492
64.000,-4.266,-0.030,0.441,45.612
64.020,-8.326,-0.046,0.441,45.750
64.040,-12.205,-0.056,0.441,45.899
64.060,-15.902,-0.066,0.441,46.050
64.080,-19.383,-0.073,0.441,46.189
64.100,-22.570,-0.071,0.441,46.312
64.120,-25.406,-0.078,0.441,46.401
64.140,-27.891,-0.067,0.441,46.459
64.160,-29.947,-0.064,0.441,46.470
64.180,-31.547,-0.050,0.441,46.443
64.200,-32.672,-0.038,0.441,46.369
64.220,-33.275,-0.025,0.441,46.257
64.240,-33.445,-0.003,0.441,46.114
64.260,-33.105,0.013,0.441,45.943
64.280,-32.285,0.035,0.441,45.758
64.300,-30.984,0.060,0.441,45.566
64.320,-29.174,0.085,0.441,45.376
64.340,-26.959,0.110,0.441,45.202
64.360,-24.328,0.138,0.441,45.052
64.380,-21.322,0.161,0.441,44.933
64.400,-18.018,0.190,0.441,44.852
64.420,-14.449,0.212,0.441,44.813
64.440,-10.641,0.241,0.441,44.816
64.460,-6.680,0.261,0.441,44.864
64.480,-2.607,0.281,0.440,44.950
64.500,1.488,0.305,0.440,45.072
64.520,5.572,0.322,0.440,45.224
64.540,9.551,0.338,0.440,45.396
64.560,13.424,0.344,0.440,45.578
64.580,17.086,0.356,0.440,45.762
64.600,20.502,0.360,0.441,45.934
64.620,23.625,0.360,0.442,46.086
64.640,26.379,0.356,0.442,46.208
64.660,28.729,0.352,0.442,46.291
64.680,30.662,0.344,0.442,46.334
64.700,32.162,0.337,0.442,46.333
64.720,33.176,0.319,0.442,46.291
64.740,33.715,0.303,0.442,46.210
64.760,33.750,0.281,0.442,46.095
64.780,33.305,0.266,0.442,45.955
64.800,32.344,0.240,0.442,45.802
64.820,30.914,0.215,0.442,45.643
64.840,29.051,0.190,0.442,45.488
64.860,26.771,0.168,0.442,45.350
64.880,24.041,0.140,0.442,45.235
64.900,20.988,0.116,0.442,45.152
64.920,17.643,0.087,0.442,45.107
64.940,14.010,0.066,0.442,45.101
64.960,10.195,0.041,0.442,45.139
64.980,6.229,0.020,0.442,45.214
65.000,2.162,-0.002,0.442,45.331
65.020,-1.916,-0.020,0.442,45.477
65.040,-5.988,-0.033,0.442,45.651
65.060,-9.973,-0.050,0.442,45.836
65.080,-13.799,-0.057,0.442,46.031
65.100,-17.396,-0.066,0.442,46.218
65.120,-20.771,-0.067,0.442,46.389
65.140,-23.824,-0.071,0.442,46.533
65.160,-26.479,-0.068,0.442,46.646
65.180,-28.793,-0.061,0.442,46.718
65.200,-30.650,-0.054,0.442,46.744
65.220,-32.062,-0.042,0.442,46.723
65.240,-32.988,-0.025,0.442,46.660
65.260,-33.369,-0.015,0.442,46.554
65.280,-33.322,0.011,0.442,46.418
65.300,-32.777,0.020,0.442,46.255
65.320,-31.764,0.049,0.442,46.079
65.340,-30.240,0.071,0.442,45.898
65.360,-28.254,0.097,0.442,45.722
65.380,-25.887,0.120,0.442,45.562
65.400,-23.080,0.147,0.442,45.426
65.420,-19.939,0.172,0.442,45.322
65.440,-16.535,0.202,0.442,45.254
65.460,-12.832,0.215,0.442,45.227
65.480,-8.965,0.249,0.442,45.239
65.500,-4.939,0.265,0.442,45.292
65.520,-0.873,0.291,0.442,45.378
65.540,3.223,0.307,0.442,45.495
65.560,7.277,0.321,0.442,45.636
65.580,11.197,0.338,0.442,45.789
65.600,15.018,0.344,0.442,45.945
65.620,18.551,0.356,0.442,46.096
65.640,21.850,0.352,0.442,46.230
65.660,24.838,0.358,0.442,46.335
65.680,27.410,0.351,0.442,46.407
65.700,29.607,0.350,0.442,46.437
65.720,31.336,0.334,0.442,46.426
65.740,32.660,0.326,0.442,46.367
65.760,33.463,0.308,0.442,46.267
65.780,33.785,0.290,0.442,46.131
65.800,33.621,0.273,0.442,45.964
65.820,32.953,0.252,0.442,45.778
65.840,31.799,0.229,0.442,45.580
65.860,30.187,0.200,0.442,45.383
65.880,28.137,0.178,0.442,45.195
65.900,25.676,0.149,0.442,45.027
65.920,22.811,0.127,0.442,44.886
65.940,19.635,0.098,0.442,44.781
65.960,16.148,0.072,0.442,44.715
65.980,12.445,0.049,0.442,44.692
66.000,8.549,0.026,0.442,44.713
66.020,4.535,0.004,0.438,44.774
66.040,0.475,-0.018,0.438,44.873
66.060,-3.633,-0.033,0.438,45.005
66.080,-7.652,-0.046,0.438,45.159
66.100,-11.578,-0.060,0.438,45.326
66.120,-15.328,-0.065,0.438,45.500
66.140,-18.826,-0.077,0.438,45.663
66.160,-22.090,-0.071,0.438,45.817
66.180,-24.967,-0.079,0.440,45.938
66.200,-27.498,-0.069,0.440,46.031
66.220,-29.619,-0.068,0.440,46.081
66.240,-31.283,-0.049,0.440,46.093
66.260,-32.502,-0.046,0.440,46.056
66.280,-33.199,-0.025,0.440,45.986
66.300,-33.416,-0.017,0.440,45.879
66.320,-33.182,0.017,0.440,45.749
66.340,-32.426,0.026,0.440,45.595
66.360,-31.172,0.058,0.440,45.437
66.380,-29.449,0.074,0.440,45.280
66.400,-27.316,0.105,0.440,45.136
66.420,-24.762,0.128,0.440,45.013
66.440,-21.791,0.159,0.440,44.921
66.460,-18.539,0.186,0.440,44.852
66.480,-14.994,0.208,0.440,44.852
66.500,-11.256,0.235,0.440,44.879
66.520,-7.307,0.256,0.440,44.952
66.540,-3.229,0.280,0.440,45.062
66.560,0.861,0.295,0.440,45.211
66.580,4.957,0.318,0.440,45.386
66.600,8.924,0.327,0.440,45.586
66.620,12.844,0.344,0.440,45.792
66.640,16.518,0.344,0.440,46.002
66.660,19.992,0.360,0.440,46.198
66.680,23.139,0.353,0.440,46.378
66.700,25.951,0.360,0.440,46.526
66.720,28.377,0.348,0.440,46.638
66.740,30.381,0.347,0.440,46.704
66.760,31.975,0.332,0.440,46.727
66.780,33.053,0.325,0.440,46.703
66.800,33.662,0.302,0.440,46.642
66.820,33.773,0.286,0.440,46.539
66.840,33.398,0.265,0.440,46.410
66.860,32.525,0.241,0.440,46.261
66.880,31.184,0.219,0.440,46.103
66.900,29.373,0.193,0.440,45.947
66.920,27.164,0.176,0.440,45.802
66.940,24.504,0.142,0.440,45.679
66.960,21.498,0.120,0.440,45.585
66.980,18.187,0.091,0.440,45.526
67.000,14.596,0.069,0.440,45.505
67.020,10.816,0.045,0.440,45.525
67.040,6.844,0.022,0.440,45.583
67.060,2.807,0.008,0.440,45.678
67.080,-1.266,-0.020,0.440,45.803
67.100,-5.344,-0.027,0.440,45.958
67.120,-9.357,-0.050,0.440,46.125
67.140,-13.230,-0.051,0.440,46.300
67.160,-16.857,-0.062,0.440,46.467
67.180,-20.279,-0.071,0.440,46.620
67.200,-23.361,-0.070,0.440,46.750
67.220,-26.092,-0.071,0.440,46.842
67.240,-28.477,-0.061,0.440,46.897
67.260,-30.428,-0.058,0.440,46.903
67.280,-31.893,-0.040,0.440,46.870
67.300,-32.877,-0.036,0.440,46.783
67.320,-33.340,-0.009,0.440,46.662
67.340,-33.404,-0.003,0.440,46.499
67.360,-32.924,0.031,0.440,46.319
67.380,-31.992,0.034,0.440,46.115
67.400,-30.510,0.078,0.440,45.912
67.420,-28.605,0.089,0.440,45.709
67.440,-26.303,0.125,0.440,45.524
67.460,-23.566,0.144,0.440,45.361
67.480,-20.484,0.171,0.440,45.231
67.500,-17.098,0.200,0.440,45.137
67.520,-13.465,0.219,0.440,45.084
67.540,-9.615,0.252,0.440,45.071
67.560,-5.596,0.264,0.440,45.102
67.580,-1.541,0.294,0.440,45.166
67.600,2.572,0.304,0.440,45.267
67.620,6.627,0.330,0.440,45.388
67.640,10.582,0.333,0.440,45.533
67.660,14.420,0.354,0.440,45.676
67.680,18.018,0.348,0.440,45.824
67.700,21.340,0.367,0.446,45.946
67.720,24.375,0.352,0.446,46.059
67.740,27.018,0.362,0.446,46.128
67.760,29.291,0.344,0.446,46.168
67.780,31.096,0.349,0.446,46.159
67.800,32.484,0.326,0.446,46.117
67.820,33.369,0.319,0.446,46.024
67.840,33.762,0.294,0.446,45.904
67.860,33.674,0.282,0.446,45.748
67.880,33.088,0.252,0.446,45.579
67.900,32.021,0.236,0.446,45.393
67.920,30.457,0.207,0.446,45.209
67.940,28.506,0.184,0.446,44.878
67.960,26.104,0.162,0.446,44.878
67.980,23.285,0.128,0.446,44.751
68.000,20.162,0.109,0.446,44.658
68.020,16.723,0.073,0.446,44.606
68.040,13.031,0.058,0.446,44.597
68.060,9.158,0.025,0.446,44.632
68.080,5.174,0.016,0.446,44.711
68.100,1.107,-0.013,0.446,44.826
68.120,-2.977,-0.024,0.446,44.977
68.140,-7.025,-0.046,0.446,45.150
68.160,-10.969,-0.056,0.446,45.345
68.180,-14.754,-0.060,0.446,45.543
68.200,-18.316,-0.071,0.446,45.736
68.220,-21.568,-0.075,0.446,45.912
68.240,-24.551,-0.076,0.446,46.067
68.260,-27.105,-0.072,0.446,46.188
68.280,-29.309,-0.065,0.446,46.273
68.300,-31.055,-0.055,0.446,46.309
68.320,-32.326,-0.046,0.446,46.305
68.340,-33.117,-0.027,0.446,46.259
68.360,-33.387,-0.014,0.446,46.174
68.380,-33.223,0.008,0.446,46.063
68.400,-32.555,0.027,0.446,45.929
68.420,-31.406,0.049,0.446,45.786
68.440,-29.748,0.077,0.446,45.640
68.460,-27.662,0.095,0.446,45.503
68.480,-25.166,0.127,0.446,45.386
68.500,-22.266,0.150,0.446,45.296
68.520,-19.072,0.180,0.446,45.240
68.540,-15.586,0.202,0.446,45.223
68.560,-11.848,0.229,0.446,45.246
68.580,-7.910,0.249,0.446,45.311
68.600,-3.879,0.275,0.446,45.414
68.620,0.205,0.289,0.446,45.555
68.640,4.295,0.311,0.446,45.720
68.660,8.320,0.322,0.446,45.907
68.680,12.234,0.339,0.446,46.103
68.700,15.967,0.344,0.446,46.299
68.720,19.447,0.354,0.446,46.485
68.740,22.664,0.355,0.446,46.647
68.760,25.553,0.355,0.446,46.783
68.780,28.025,0.350,0.446,46.876
68.800,30.105,0.343,0.446,46.928
68.820,31.734,0.336,0.446,46.928
68.840,32.900,0.319,0.446,46.889
68.860,33.592,0.307,0.446,46.801
68.880,33.785,0.287,0.446,46.683
68.900,33.486,0.270,0.446,46.525
68.920,32.684,0.247,0.446,46.353
68.940,31.424,0.222,0.446,45.982
68.960,29.684,0.197,0.446,45.982
68.980,27.533,0.171,0.446,45.806
69.000,24.949,0.144,0.446,45.649
69.020,22.008,0.120,0.446,45.521
69.040,18.744,0.091,0.446,45.426
69.060,15.187,0.068,0.446,45.370
69.080,11.426,0.045,0.446,45.355
69.100,7.506,0.020,0.446,45.380
69.120,3.469,0.002,0.446,45.444
69.140,-0.615,-0.019,0.446,45.538
69.160,-4.699,-0.032,0.446,45.663
69.180,-8.730,-0.048,0.446,45.800
69.200,-12.604,-0.059,0.446,45.951
69.220,-16.295,-0.067,0.446,46.095
69.240,-19.729,-0.074,0.446,46.234
69.260,-22.910,-0.071,0.446,46.346
69.280,-25.687,-0.074,0.446,46.431
69.300,-28.125,-0.068,0.446,46.475
69.320,-30.135,-0.060,0.446,46.482
69.340,-31.676,-0.049,0.446,46.441
69.360,-32.766,-0.034,0.446,46.361
69.380,-33.299,-0.020,0.446,46.236
69.400,-33.428,-0.001,0.446,46.081
69.420,-33.064,0.019,0.446,45.901
69.440,-32.168,0.040,0.446,45.704
69.460,-30.814,0.066,0.446,45.502
69.480,-28.963,0.092,0.446,45.305
69.500,-26.701,0.112,0.446,45.125
69.520,-24.059,0.145,0.446,44.969
69.540,-21.000,0.165,0.446,44.845
69.560,-17.660,0.199,0.446,44.759
69.580,-14.080,0.215,0.446,44.716
69.600,-10.248,0.245,0.446,44.714
69.620,-6.270,0.263,0.446,44.757
69.640,-2.191,0.286,0.446,44.836
69.660,1.916,0.306,0.446,44.955
69.680,5.988,0.321,0.446,45.097
69.700,9.943,0.337,0.446,45.264
69.720,13.811,0.346,0.446,45.437
69.740,17.449,0.354,0.446,45.610
69.760,20.824,0.359,0.446,45.775
69.780,23.930,0.360,0.446,45.918
69.800,26.637,0.357,0.446,46.033
69.820,28.963,0.353,0.446,46.108
69.840,30.838,0.344,0.446,46.146
69.860,32.297,0.337,0.446,46.137
69.880,33.258,0.317,0.446,46.095
69.900,33.744,0.307,0.446,46.007
69.920,33.715,0.282,0.446,45.896
69.940,33.217,0.264,0.446,45.753
69.960,32.209,0.240,0.446,45.606
69.980,30.750,0.215,0.446,45.447
70.000,28.834,0.189,0.446,45.300
70.020,26.508,0.170,0.446,45.167
70.040,23.754,0.137,0.446,45.060
70.060,20.666,0.114,0.446,44.987
70.080,17.297,0.082,0.446,44.951
70.100,13.629,0.066,0.446,44.958
70.120,9.803,0.035,0.446,45.007
70.140,5.818,0.018,0.446,45.097
70.160,1.758,-0.004,0.446,45.226
70.180,-2.338,-0.021,0.446,45.384
70.200,-6.410,-0.033,0.446,45.573
70.220,-10.371,-0.050,0.446,45.768
70.240,-14.191,-0.057,0.446,45.978
70.260,-17.760,-0.067,0.446,46.171
70.280,-21.088,-0.067,0.446,46.361
70.300,-24.094,-0.074,0.446,46.510
70.320,-26.730,-0.068,0.446,46.638
70.340,-29.021,-0.064,0.446,46.713
70.360,-30.820,-0.054,0.446,46.755
70.380,-32.162,-0.046,0.446,46.742
70.400,-33.029,-0.025,0.446,46.691
70.420,-33.375,-0.016,0.446,46.592
70.440,-33.311,0.011,0.446,46.468
70.460,-32.730,0.024,0.446,46.312
70.480,-31.623,0.049,0.446,46.148
70.500,-30.053,0.070,0.446,45.977
70.520,-28.020,0.098,0.446,45.813
70.540,-25.623,0.122,0.446,45.666
70.560,-22.775,0.149,0.446,45.543
70.580,-19.611,0.174,0.446,45.451
70.600,-16.166,0.202,0.446,45.397
70.620,-12.445,0.217,0.446,45.381
70.640,-8.566,0.251,0.446,45.405
70.660,-4.523,0.268,0.446,45.466
70.680,-0.469,0.290,0.446,45.563
70.700,3.650,0.307,0.446,45.686
70.720,7.682,0.326,0.446,45.834
70.740,11.613,0.336,0.446,45.993
70.760,15.387,0.345,0.446,46.148
70.780,18.908,0.352,0.446,46.296
70.800,22.166,0.356,0.446,46.426
70.820,25.125,0.355,0.446,46.529
70.840,27.656,0.355,0.446,46.594
70.860,29.807,0.344,0.446,46.618
70.880,31.500,0.333,0.446,46.594
70.900,32.754,0.325,0.446,46.527
70.920,33.516,0.303,0.446,46.417
70.940,33.785,0.291,0.446,46.269
70.960,33.574,0.267,0.446,46.093
70.980,32.836,0.251,0.446,45.895
71.000,31.658,0.223,0.446,45.689
71.020,29.982,0.199,0.446,45.480
71.040,27.908,0.174,0.446,45.284
71.060,25.400,0.151,0.446,45.106
71.080,22.494,0.120,0.446,44.957
71.100,19.301,0.099,0.446,44.843
71.120,15.768,0.064,0.446,44.768
71.140,12.041,0.049,0.446,44.737
71.160,8.145,0.020,0.446,44.746
71.180,4.113,0.007,0.443,44.798
71.200,0.041,-0.017,0.443,44.881
71.220,-4.049,-0.035,0.443,44.999
71.240,-8.080,-0.046,0.443,45.136
71.260,-11.988,-0.062,0.443,45.288
71.280,-15.697,-0.067,0.443,45.443
71.300,-19.184,-0.078,0.445,45.591
71.320,-22.400,-0.078,0.445,45.829
71.340,-25.260,-0.078,0.445,45.829
71.360,-27.727,-0.071,0.445,45.900
71.380,-29.812,-0.065,0.445,45.930
71.400,-31.453,-0.053,0.445,45.922
71.420,-32.613,-0.040,0.445,45.868
71.440,-33.246,-0.023,0.445,45.778
71.460,-33.410,-0.009,0.445,45.654
71.480,-33.129,0.015,0.445,45.508
71.500,-32.320,0.033,0.445,45.342
71.520,-31.055,0.058,0.445,45.171
71.540,-29.268,0.087,0.445,45.004
71.560,-27.064,0.105,0.445,44.850
71.580,-24.463,0.138,0.445,44.624
71.600,-21.492,0.156,0.445,44.624
71.620,-18.199,0.187,0.445,44.563
71.640,-14.631,0.212,0.445,44.546
71.660,-10.840,0.236,0.445,44.572
71.680,-6.891,0.257,0.445,44.751
71.700,-2.830,0.282,0.445,44.751
71.720,1.277,0.298,0.445,44.899
71.740,5.344,0.319,0.445,45.073
71.760,9.334,0.331,0.445,45.271
71.780,13.213,0.342,0.445,45.480
71.800,16.887,0.352,0.445,45.689
71.820,20.320,0.356,0.445,45.890
71.840,23.437,0.360,0.445,46.066
71.860,26.227,0.353,0.445,46.216
71.880,28.611,0.355,0.445,46.325
71.900,30.574,0.341,0.445,46.396
71.920,32.104,0.337,0.445,46.418
71.940,33.135,0.317,0.445,46.399
71.960,33.691,0.305,0.445,46.337
71.980,33.750,0.285,0.445,46.242
72.000,33.328,0.265,0.445,45.981
72.020,32.402,0.244,0.445,45.981
72.040,31.014,0.220,0.445,45.834
72.060,29.168,0.191,0.445,45.690
72.080,26.912,0.173,0.445,45.560
72.100,24.193,0.137,0.445,45.451
72.120,21.176,0.120,0.445,45.373
72.140,17.836,0.090,0.445,45.331
72.160,14.209,0.066,0.445,45.327
72.180,10.412,0.041,0.445,45.365
72.200,6.445,0.020,0.445,45.441
72.220,2.396,0.001,0.445,45.555
72.240,-1.693,-0.018,0.445,45.699
72.260,-5.766,-0.031,0.445,45.866
72.280,-9.773,-0.046,0.445,46.049
72.300,-13.588,-0.057,0.445,46.235
72.320,-17.209,-0.065,0.445,46.416
72.340,-20.590,-0.069,0.445,46.581
72.360,-23.672,-0.070,0.445,46.719
72.380,-26.361,-0.067,0.445,46.822
72.400,-28.682,-0.064,0.445,46.883
72.420,-30.568,-0.051,0.445,46.900
72.440,-31.998,-0.047,0.445,46.795
72.460,-32.971,-0.027,0.445,46.795
72.480,-33.369,-0.017,0.445,46.679
72.500,-33.363,0.008,0.445,46.529
72.520,-32.848,0.023,0.445,46.352
72.540,-31.840,0.049,0.445,46.161
72.560,-30.334,0.070,0.445,45.962
72.580,-28.395,0.099,0.445,45.770
72.600,-26.016,0.117,0.445,45.593
72.620,-23.279,0.150,0.445,45.439
72.640,-20.139,0.171,0.445,45.317
72.660,-16.723,0.203,0.445,45.232
72.680,-13.090,0.219,0.445,45.187
72.700,-9.199,0.248,0.440,45.182
72.720,-5.186,0.269,0.440,45.217
72.740,-1.084,0.294,0.437,45.288
72.760,2.994,0.309,0.437,45.392
72.780,7.037,0.327,0.437,45.516
72.800,10.992,0.336,0.437,45.658
72.820,14.783,0.347,0.437,45.800
72.840,18.363,0.354,0.437,45.940
72.860,21.662,0.360,0.437,46.061
72.880,24.668,0.356,0.437,46.227
72.900,27.275,0.356,0.437,46.227
72.920,29.496,0.352,0.437,46.256
72.940,31.260,0.339,0.437,46.242
72.960,32.584,0.325,0.437,46.186
72.980,33.428,0.311,0.437,46.084
73.000,33.768,0.297,0.437,45.951
73.020,33.633,0.274,0.437,45.786
73.040,33.012,0.253,0.437,45.604
73.060,31.881,0.232,0.437,45.410
73.080,30.281,0.207,0.437,45.217
73.100,28.289,0.178,0.437,45.034
73.120,25.811,0.155,0.437,44.871
73.140,22.986,0.122,0.437,44.736
73.160,19.811,0.102,0.437,44.638
73.180,16.371,0.072,0.437,44.579
73.200,12.633,0.052,0.437,44.563
73.220,8.760,0.024,0.437,44.593
73.240,4.764,0.008,0.437,44.665
73.260,0.686,-0.016,0.437,44.773
73.280,-3.387,-0.029,0.437,44.917
73.300,-7.447,-0.045,0.437,45.266
73.320,-11.391,-0.055,0.437,45.266
73.340,-15.111,-0.067,0.437,45.453
73.360,-18.656,-0.075,0.437,45.636
73.380,-21.891,-0.076,0.437,45.806
73.400,-24.814,-0.078,0.437,45.949
73.420,-27.363,-0.074,0.437,46.063
73.440,-29.520,-0.066,0.437,46.134
73.460,-31.230,-0.054,0.437,46.161
73.480,-32.420,-0.046,0.437,46.147
73.500,-33.158,-0.026,0.437,46.092
73.520,-33.404,-0.013,0.437,46.003
73.540,-33.199,0.012,0.437,45.885
73.560,-32.473,0.028,0.437,45.748
73.580,-31.230,0.052,0.437,45.602
73.600,-29.531,0.079,0.437,45.458
73.620,-27.404,0.099,0.437,45.324
73.640,-24.885,0.128,0.437,45.211
73.660,-21.979,0.152,0.437,45.127
73.680,-18.697,0.181,0.437,45.077
73.700,-15.205,0.207,0.437,45.069
73.720,-11.432,0.228,0.437,45.101
73.740,-7.518,0.251,0.437,45.175
73.760,-3.457,0.276,0.437,45.286
73.780,0.633,0.294,0.437,45.436
73.800,4.717,0.313,0.437,45.613
73.820,8.730,0.325,0.437,45.808
73.840,12.615,0.340,0.437,46.016
73.860,16.342,0.347,0.437,46.222
73.880,19.787,0.352,0.437,46.419
73.900,22.975,0.355,0.437,46.592
73.920,25.816,0.356,0.437,46.735
73.940,28.242,0.353,0.437,46.839
73.960,30.305,0.341,0.437,46.900
73.980,31.863,0.334,0.437,46.910
74.000,33.012,0.322,0.437,46.875
74.020,33.639,0.303,0.437,46.798
74.040,33.779,0.288,0.437,46.684
74.060,33.434,0.266,0.437,46.539
74.080,32.578,0.246,0.437,46.375
74.100,31.271,0.221,0.437,46.201
74.120,29.479,0.195,0.437,46.026
74.140,27.293,0.172,0.437,45.864
74.160,24.668,0.143,0.437,45.721
74.180,21.674,0.118,0.437,45.606
74.200,18.393,0.091,0.437,45.525
74.220,14.824,0.063,0.437,45.483
74.240,11.027,0.041,0.437,45.482
74.260,7.102,0.020,0.437,45.520
74.280,3.047,0.003,0.437,45.595
74.300,-1.037,-0.019,0.437,45.699
74.320,-5.115,-0.034,0.437,45.832
74.340,-9.117,-0.047,0.437,45.979
74.360,-12.973,-0.058,0.437,46.133
74.380,-16.635,-0.067,0.437,46.285
74.400,-20.051,-0.071,0.437,46.422
74.420,-23.186,-0.073,0.437,46.536
74.440,-25.928,-0.072,0.437,46.615
74.460,-28.318,-0.067,0.437,46.659
74.480,-30.299,-0.059,0.437,46.657
74.500,-31.793,-0.049,0.437,46.613
74.520,-32.818,-0.036,0.437,46.523
74.540,-33.334,-0.017,0.437,46.395
74.560,-33.381,-0.001,0.437,46.232
74.580,-32.965,0.021,0.437,46.045
74.600,-32.033,0.043,0.437,45.843
74.620,-30.621,0.067,0.437,45.635
74.640,-28.734,0.093,0.437,45.433
74.660,-26.414,0.116,0.437,45.247
74.680,-23.736,0.145,0.437,45.085
74.700,-20.625,0.171,0.437,44.955
74.720,-17.297,0.197,0.437,44.864
74.740,-13.658,0.219,0.437,44.814
74.760,-9.814,0.246,0.437,44.807
74.780,-5.824,0.268,0.437,44.842
74.800,-1.746,0.289,0.437,44.916
74.820,2.344,0.304,0.437,45.024
74.840,6.416,0.323,0.437,45.156
74.860,10.371,0.337,0.437,45.308
74.880,14.209,0.347,0.437,45.469
74.900,17.824,0.353,0.437,45.628
74.920,21.164,0.358,0.437,45.774
74.940,24.234,0.358,0.437,45.899
74.960,26.889,0.356,0.437,45.992
74.980,29.168,0.352,0.437,46.050
75.000,31.008,0.344,0.437,46.066
75.020,32.414,0.332,0.437,46.044
75.040,33.328,0.317,0.437,45.978
75.060,33.756,0.298,0.437,45.878
75.080,33.697,0.281,0.437,45.744
75.100,33.141,0.259,0.437,45.592
75.120,32.092,0.236,0.437,45.426
75.140,30.562,0.211,0.437,45.259
75.160,28.623,0.182,0.437,45.100
75.180,26.232,0.163,0.437,44.960
75.200,23.443,0.132,0.437,44.846
75.220,20.338,0.112,0.437,44.767
75.240,16.922,0.076,0.437,44.727
75.260,13.236,0.059,0.437,44.729
75.280,9.410,0.030,0.437,44.774
75.300,5.402,0.014,0.437,44.863
75.320,1.348,-0.007,0.437,44.989
75.340,-2.760,-0.025,0.437,45.146
75.360,-6.809,-0.041,0.437,45.330
75.380,-10.764,-0.052,0.437,45.527
75.400,-14.537,-0.061,0.437,45.729
75.420,-18.082,-0.071,0.437,45.926
75.440,-21.398,-0.071,0.437,46.109
75.460,-24.381,-0.075,0.437,46.261
75.480,-26.971,-0.069,0.437,46.384
75.500,-29.180,-0.066,0.437,46.466
75.520,-30.979,-0.054,0.437,46.503
75.540,-32.256,-0.047,0.437,46.491
75.560,-33.088,-0.026,0.437,46.441
75.580,-33.410,-0.015,0.437,46.231
75.600,-33.240,0.008,0.437,46.231
75.620,-32.596,0.025,0.437,46.086
75.640,-31.465,0.049,0.437,45.931
75.660,-29.854,0.073,0.437,45.773
75.680,-27.779,0.098,0.437,45.622
75.700,-25.318,0.124,0.437,45.489
75.720,-22.447,0.149,0.437,45.382
75.740,-19.254,0.174,0.437,45.307
75.760,-15.773,0.204,0.437,45.271
75.780,-12.053,0.226,0.437,45.275
75.800,-8.145,0.247,0.437,45.320
75.820,-4.096,0.269,0.437,45.401
75.840,-0.018,0.290,0.437,45.517
75.860,4.078,0.308,0.437,45.660
75.880,8.098,0.325,0.437,45.824
75.900,12.006,0.334,0.437,45.999
75.920,15.744,0.347,0.437,46.173
75.940,19.271,0.352,0.437,46.341
75.960,22.482,0.356,0.437,46.486
75.980,25.412,0.353,0.437,46.604
76.000,27.896,0.353,0.437,46.682
76.020,29.988,0.341,0.437,46.718
76.040,31.652,0.333,0.437,46.704
76.060,32.859,0.324,0.437,46.648
76.080,33.568,0.306,0.437,46.550
76.100,33.785,0.290,0.437,46.414
76.120,33.516,0.267,0.437,46.247
76.140,32.742,0.245,0.437,46.061
76.160,31.512,0.222,0.437,45.864
76.180,29.783,0.197,0.437,45.667
76.200,27.674,0.172,0.437,45.482
76.220,25.090,0.148,0.437,45.316
76.240,22.178,0.118,0.437,45.178
76.260,18.943,0.097,0.437,45.075
76.280,15.404,0.061,0.437,45.011
76.300,11.660,0.045,0.437,44.990
76.320,7.723,0.018,0.437,45.008
76.340,3.709,0.002,0.437,45.068
76.360,-0.369,-0.019,0.437,45.159
76.380,-4.447,-0.034,0.437,45.281
76.400,-8.479,-0.049,0.437,45.421
76.420,-12.381,-0.059,0.437,45.573
76.440,-16.055,-0.070,0.437,45.725
76.460,-19.535,-0.074,0.437,45.867
76.480,-22.682,-0.075,0.437,45.990
76.500,-25.523,-0.075,0.437,46.084
76.520,-27.949,-0.069,0.437,46.146
76.540,-30.023,-0.066,0.437,46.162
76.560,-31.576,-0.050,0.437,46.140
76.580,-32.666,-0.042,0.437,46.073
76.600,-33.264,-0.020,0.437,45.969
76.620,-33.387,-0.006,0.437,45.830
76.640,-33.047,0.013,0.437,45.667
76.660,-32.215,0.037,0.437,45.490
76.680,-30.855,0.061,0.437,45.305
76.700,-29.051,0.089,0.437,45.125
76.720,-26.789,0.106,0.437,44.959
76.740,-24.158,0.141,0.437,44.819
76.760,-21.158,0.161,0.437,44.710
76.780,-17.812,0.188,0.437,44.638
76.800,-14.244,0.211,0.437,44.609
76.820,-10.424,0.238,0.437,44.623
76.840,-6.469,0.261,0.437,44.680
76.860,-2.391,0.286,0.437,44.776
76.880,1.723,0.296,0.437,44.911
76.900,5.771,0.322,0.437,45.068
76.920,9.750,0.331,0.437,45.251
76.940,13.611,0.345,0.437,45.441
76.960,17.262,0.348,0.437,45.633
76.980,20.648,0.357,0.437,45.810
77.000,23.748,0.355,0.437,45.969
77.020,26.496,0.357,0.437,46.095
77.040,28.834,0.349,0.437,46.188
77.060,30.756,0.344,0.437,46.236
77.080,32.227,0.331,0.437,46.243
77.100,33.211,0.320,0.437,46.206
77.120,33.721,0.301,0.437,46.130
77.140,33.727,0.286,0.437,46.021
77.160,33.270,0.265,0.437,45.888
77.180,32.279,0.240,0.437,45.738
77.200,30.850,0.215,0.437,45.582
77.220,28.951,0.186,0.437,45.431
77.240,26.648,0.170,0.437,45.295
77.260,23.918,0.137,0.437,45.184
77.280,20.854,0.116,0.437,45.104
77.300,17.484,0.082,0.437,45.060
77.320,13.846,0.061,0.437,45.057
77.340,10.014,0.040,0.437,45.097
77.360,6.053,0.018,0.437,45.175
77.380,1.980,-0.000,0.437,45.290
77.400,-2.109,-0.021,0.437,45.434
77.420,-6.152,-0.035,0.437,45.605
77.440,-10.143,-0.050,0.437,45.790
77.460,-13.934,-0.058,0.437,45.981
77.480,-17.549,-0.068,0.437,46.163
77.500,-20.900,-0.070,0.437,46.331
77.520,-23.918,-0.075,0.437,46.470
77.540,-26.590,-0.068,0.437,46.578
77.560,-28.857,-0.067,0.437,46.643
77.580,-30.727,-0.052,0.437,46.666
77.600,-32.092,-0.045,0.437,46.638
77.620,-32.982,-0.026,0.437,46.568
77.640,-33.363,-0.014,0.437,46.455
77.660,-33.293,0.008,0.437,46.312
77.680,-32.742,0.025,0.437,46.143
77.700,-31.693,0.051,0.437,45.960
77.720,-30.129,0.074,0.437,45.772
77.740,-28.143,0.097,0.437,45.591
77.760,-25.717,0.118,0.437,45.427
77.780,-22.934,0.149,0.437,45.287
77.800,-19.770,0.171,0.437,45.179
77.820,-16.348,0.202,0.437,45.109
77.840,-12.674,0.220,0.437,45.079
77.860,-8.766,0.249,0.436,45.089
77.880,-4.770,0.269,0.436,45.139
77.900,-0.662,0.290,0.436,45.223
77.920,3.416,0.307,0.436,45.338
77.940,7.471,0.325,0.436,45.475
77.960,11.396,0.335,0.436,45.626
77.980,15.187,0.351,0.436,45.778
78.000,18.721,0.351,0.436,45.930
78.020,21.979,0.356,0.436,46.057
78.040,24.979,0.355,0.436,46.162
78.060,27.527,0.352,0.436,46.229
78.080,29.689,0.347,0.436,46.260
78.100,31.418,0.337,0.436,46.245
78.120,32.695,0.325,0.436,46.191
78.140,33.492,0.309,0.436,46.091
78.160,33.779,0.290,0.436,45.794
78.180,33.592,0.269,0.436,45.794
78.200,32.895,0.250,0.436,45.610
78.220,31.734,0.224,0.436,45.418
78.240,30.111,0.202,0.436,45.225
78.260,28.049,0.170,0.436,45.043
78.280,25.553,0.153,0.436,44.881
78.300,22.670,0.120,0.436,44.748
78.320,19.465,0.102,0.436,44.651
78.340,15.984,0.066,0.436,44.593
78.360,12.258,0.048,0.436,44.580
78.380,8.361,0.024,0.436,44.608
78.400,4.348,0.005,0.433,44.678
78.420,0.275,-0.014,0.433,44.784
78.440,-3.803,-0.034,0.433,44.922
78.460,-7.846,-0.048,0.433,45.086
78.480,-11.760,-0.058,0.433,45.261
78.500,-15.475,-0.068,0.433,45.442
78.520,-18.990,-0.072,0.433,45.616
78.540,-22.219,-0.078,0.436,45.773
78.560,-25.107,-0.076,0.436,45.904
78.580,-27.598,-0.073,0.436,46.059
78.600,-29.689,-0.063,0.436,46.059
78.620,-31.342,-0.056,0.436,46.073
78.640,-32.520,-0.040,0.436,46.048
78.660,-33.211,-0.027,0.436,45.980
78.680,-33.393,-0.004,0.436,45.879
78.700,-33.100,0.009,0.436,45.748
78.720,-32.338,0.032,0.436,45.602
78.740,-31.078,0.053,0.436,45.448
78.760,-29.355,0.083,0.436,45.296
78.780,-27.152,0.103,0.436,45.156
78.800,-24.580,0.132,0.436,45.038
78.820,-21.633,0.153,0.436,44.950
78.840,-18.346,0.181,0.436,44.898
78.860,-14.824,0.209,0.436,44.888
78.880,-11.045,0.230,0.436,44.919
78.900,-7.090,0.256,0.436,44.993
78.920,-3.012,0.274,0.436,45.105
78.940,1.049,0.295,0.436,45.253
78.960,5.145,0.311,0.436,45.428
78.980,9.123,0.331,0.436,45.623
79.000,13.014,0.336,0.436,45.830
79.020,16.705,0.352,0.436,46.034
79.040,20.127,0.352,0.436,46.231
79.060,23.291,0.357,0.436,46.402
79.080,26.086,0.354,0.436,46.544
79.100,28.494,0.353,0.436,46.709
79.120,30.480,0.343,0.436,46.709
79.140,32.016,0.331,0.436,46.721
79.160,33.088,0.319,0.436,46.690
79.180,33.674,0.302,0.436,46.614
79.200,33.762,0.284,0.436,46.504
79.220,33.375,0.265,0.436,46.367
79.240,32.467,0.242,0.436,46.210
79.260,31.102,0.219,0.436,46.044
79.280,29.273,0.191,0.436,45.881
79.300,27.059,0.169,0.436,45.730
79.320,24.375,0.139,0.436,45.601
79.340,21.357,0.118,0.436,45.501
79.360,18.053,0.090,0.436,45.435
79.380,14.432,0.065,0.436,45.408
79.400,10.635,0.040,0.436,45.422
79.420,6.680,0.020,0.436,45.477
79.440,2.637,-0.002,0.436,45.568
79.460,-1.436,-0.019,0.436,45.688
79.480,-5.520,-0.033,0.436,45.836
79.500,-9.521,-0.050,0.436,45.996
79.520,-13.377,-0.059,0.436,46.166
79.540,-16.975,-0.071,0.436,46.326
79.560,-20.379,-0.071,0.436,46.479
79.580,-23.455,-0.075,0.436,46.600
79.600,-26.186,-0.071,0.436,46.693
79.620,-28.541,-0.066,0.436,46.741
79.640,-30.463,-0.056,0.436,46.747
79.660,-31.922,-0.047,0.436,46.706
79.680,-32.895,-0.032,0.436,46.623
79.700,-33.334,-0.016,0.436,46.499
79.720,-33.357,0.005,0.436,46.343
79.740,-32.871,0.022,0.436,46.161
79.760,-31.887,0.049,0.436,45.964
79.780,-30.410,0.066,0.436,45.760
79.800,-28.488,0.099,0.436,45.564
79.820,-26.139,0.116,0.436,45.383
79.840,-23.426,0.147,0.436,45.228
79.860,-20.291,0.171,0.436,45.104
79.880,-16.904,0.202,0.436,45.019
79.900,-13.260,0.224,0.436,44.976
79.920,-9.387,0.249,0.436,44.974
79.940,-5.391,0.267,0.435,45.013
79.960,-1.324,0.291,0.435,45.088
79.980,2.789,0.307,0.435,45.199
80.000,6.832,0.328,0.435,45.332
80.020,10.781,0.336,0.435,45.486
80.040,14.602,0.348,0.435,45.642
80.060,18.182,0.353,0.435,45.797
80.080,21.486,0.359,0.437,45.936
80.100,24.521,0.360,0.438,46.055
80.120,27.146,0.353,0.438,46.141
80.140,29.385,0.352,0.438,46.188
80.160,31.178,0.340,0.438,46.194
80.180,32.531,0.332,0.438,46.158
80.200,33.398,0.314,0.438,46.081
80.220,33.768,0.298,0.438,45.969
80.240,33.650,0.275,0.438,45.826
80.260,33.035,0.257,0.438,45.663
80.280,31.963,0.232,0.438,45.489
80.300,30.387,0.211,0.438,45.314
80.320,28.395,0.179,0.438,45.150
80.340,25.969,0.160,0.438,45.005
80.360,23.145,0.129,0.438,44.888
80.380,20.010,0.108,0.438,44.806
80.400,16.553,0.077,0.438,44.763
80.420,12.855,0.052,0.438,44.763
80.440,9.000,0.029,0.438,44.809
80.460,4.992,0.012,0.438,44.895
80.480,0.920,-0.010,0.438,45.018
80.500,-3.182,-0.025,0.438,45.174
80.520,-7.207,-0.047,0.438,45.551
80.540,-11.150,-0.053,0.438,45.551
80.560,-14.900,-0.063,0.438,45.753
80.580,-18.445,-0.071,0.438,45.944
80.600,-21.709,-0.073,0.438,46.122
80.620,-24.639,-0.079,0.439,46.271
80.640,-27.217,-0.071,0.439,46.391
80.660,-29.367,-0.067,0.439,46.467
80.680,-31.131,-0.051,0.439,46.502
80.700,-32.367,-0.044,0.439,46.487
80.720,-33.117,-0.029,0.439,46.433
80.740,-33.404,-0.013,0.439,46.342
80.760,-33.182,0.008,0.439,46.220
80.780,-32.514,0.028,0.439,46.077
80.800,-31.330,0.052,0.439,45.923
80.820,-29.643,0.076,0.439,45.767
80.840,-27.545,0.100,0.439,45.494
80.860,-25.037,0.124,0.439,45.494
80.880,-22.131,0.150,0.439,45.394
80.900,-18.902,0.178,0.439,45.328
80.920,-15.398,0.203,0.439,45.301
80.940,-11.678,0.231,0.439,45.313
80.960,-7.723,0.250,0.439,45.367
80.980,-3.691,0.274,0.439,45.457
81.000,0.404,0.292,0.439,45.582
81.020,4.488,0.311,0.439,45.735
81.040,8.490,0.326,0.439,45.907
81.060,12.410,0.336,0.439,46.088
81.080,16.125,0.348,0.439,46.268
81.100,19.617,0.352,0.439,46.438
81.120,22.799,0.356,0.439,46.586
81.140,25.676,0.355,0.439,46.703
81.160,28.131,0.351,0.439,46.782
81.180,30.182,0.344,0.439,46.816
81.200,31.805,0.334,0.439,46.806
81.220,32.953,0.322,0.439,46.748
81.240,33.609,0.307,0.439,46.649
81.260,33.779,0.286,0.439,46.511
81.280,33.469,0.266,0.439,46.346
81.300,32.654,0.244,0.439,46.161
81.320,31.354,0.221,0.439,45.967
81.340,29.596,0.195,0.439,45.773
81.360,27.428,0.171,0.439,45.591
81.380,24.809,0.143,0.439,45.430
81.400,21.855,0.120,0.439,45.297
81.420,18.574,0.090,0.439,45.199
81.440,15.006,0.066,0.439,45.141
81.460,11.238,0.043,0.439,45.122
81.480,7.307,0.018,0.439,45.145
81.500,3.281,-0.003,0.439,45.206
81.520,-0.838,-0.018,0.439,45.302
81.540,-4.910,-0.034,0.439,45.422
81.560,-8.930,-0.053,0.439,45.563
81.580,-12.785,-0.058,0.439,45.712
81.600,-16.447,-0.071,0.439,45.861
81.620,-19.922,-0.072,0.439,45.999
81.640,-23.068,-0.075,0.439,46.115
81.660,-25.852,-0.075,0.439,46.200
81.680,-28.236,-0.071,0.439,46.252
81.700,-30.229,-0.061,0.439,46.261
81.720,-31.764,-0.050,0.439,46.225
81.740,-32.818,-0.036,0.439,46.146
81.760,-33.369,-0.021,0.439,46.029
81.780,-33.439,-0.000,0.439,45.880
81.800,-33.023,0.016,0.439,45.706
81.820,-32.139,0.041,0.439,45.518
81.840,-30.715,0.062,0.439,45.325
81.860,-28.881,0.091,0.439,45.138
81.880,-26.584,0.113,0.439,44.966
81.900,-23.918,0.142,0.439,44.819
81.920,-20.854,0.166,0.439,44.627
81.940,-17.484,0.193,0.439,44.627
81.960,-13.922,0.219,0.439,44.593
81.980,-10.037,0.241,0.439,44.602
82.000,-6.070,0.266,0.439,44.653
82.020,-1.998,0.286,0.439,44.745
82.040,2.115,0.303,0.439,44.870
82.060,6.176,0.320,0.439,45.021
82.080,10.143,0.336,0.439,45.193
82.100,13.992,0.344,0.439,45.375
82.120,17.619,0.354,0.439,45.557
82.140,20.977,0.352,0.439,45.725
82.160,24.064,0.358,0.439,45.870
82.180,26.748,0.353,0.439,46.061
82.200,29.057,0.348,0.439,46.061
82.220,30.908,0.345,0.439,46.094
82.240,32.344,0.334,0.439,46.091
82.260,33.293,0.317,0.439,46.044
82.280,33.750,0.302,0.439,45.958
82.300,33.703,0.280,0.439,45.840
82.320,33.182,0.261,0.439,45.699
82.340,32.156,0.239,0.439,45.543
82.360,30.656,0.216,0.439,45.386
82.380,28.740,0.187,0.439,45.234
82.400,26.379,0.169,0.439,45.099
82.420,23.613,0.133,0.439,44.990
82.440,20.508,0.115,0.439,44.913
82.460,17.121,0.084,0.439,44.875
82.480,13.441,0.062,0.439,44.875
82.500,9.586,0.035,0.439,44.919
82.520,5.613,0.019,0.439,45.003
82.540,1.559,-0.007,0.439,45.124
82.560,-2.520,-0.021,0.439,45.277
82.580,-6.580,-0.038,0.439,45.454
82.600,-10.553,-0.049,0.439,45.644
82.620,-14.344,-0.058,0.439,45.838
82.640,-17.924,-0.069,0.439,46.023
82.660,-21.240,-0.070,0.439,46.196
82.680,-24.211,-0.074,0.439,46.341
82.700,-26.854,-0.064,0.439,46.449
82.720,-29.098,-0.063,0.439,46.515
82.740,-30.908,-0.053,0.439,46.516
82.760,-32.221,-0.046,0.439,46.516
82.780,-33.059,-0.026,0.439,46.451
82.800,-33.422,-0.011,0.439,46.344
82.820,-33.293,0.011,0.439,46.204
82.840,-32.660,0.026,0.439,46.041
82.860,-31.564,0.053,0.439,45.866
82.880,-29.953,0.078,0.439,45.688
82.900,-27.932,0.099,0.439,45.515
82.920,-25.471,0.126,0.439,45.361
82.940,-22.641,0.149,0.439,45.231
82.960,-19.441,0.178,0.439,45.134
82.980,-15.984,0.203,0.439,45.075
83.000,-12.275,0.227,0.439,45.056
83.020,-8.373,0.251,0.439,45.077
83.040,-4.348,0.271,0.439,45.135
83.060,-0.258,0.292,0.439,45.229
83.080,3.838,0.311,0.439,45.350
83.100,7.887,0.328,0.439,45.498
83.120,11.807,0.338,0.439,45.654
83.140,15.557,0.349,0.439,45.812
83.160,19.061,0.352,0.439,45.963
83.180,22.312,0.358,0.439,46.092
83.200,25.260,0.356,0.439,46.200
83.220,27.768,0.352,0.439,46.267
83.240,29.900,0.345,0.439,46.295
83.260,31.564,0.337,0.439,46.275
83.280,32.812,0.322,0.439,46.216
83.300,33.545,0.308,0.439,46.115
83.320,33.797,0.285,0.439,45.979
83.340,33.551,0.270,0.439,45.811
83.360,32.812,0.246,0.439,45.627
83.380,31.588,0.224,0.439,45.432
83.400,29.900,0.200,0.439,45.239
83.420,27.797,0.170,0.439,44.896
83.440,25.266,0.150,0.439,44.896
83.460,22.354,0.119,0.439,44.765
83.480,19.119,0.096,0.439,44.669
83.500,15.604,0.066,0.439,44.614
83.520,11.859,0.046,0.439,44.603
83.540,7.969,0.023,0.439,44.633
83.560,3.932,0.004,0.439,44.704
83.580,-0.152,-0.020,0.439,44.811
83.600,-4.254,-0.029,0.439,44.951
83.620,-8.279,-0.054,0.439,45.109
83.640,-12.146,-0.055,0.439,45.286
83.660,-15.867,-0.069,0.439,45.461
83.680,-19.348,-0.073,0.439,45.630
83.700,-22.541,-0.074,0.439,45.781
83.720,-25.365,-0.075,0.439,45.904
83.740,-27.832,-0.069,0.439,45.994
83.760,-29.895,-0.063,0.439,46.043
83.780,-31.518,-0.052,0.439,46.051
83.800,-32.637,-0.040,0.439,46.017
83.820,-33.234,-0.022,0.439,45.944
83.840,-33.398,-0.004,0.439,45.835
83.860,-33.070,0.014,0.439,45.701
83.880,-32.268,0.035,0.439,45.551
83.900,-30.961,0.060,0.439,45.394
83.920,-29.150,0.083,0.439,45.240
83.940,-26.941,0.108,0.439,45.100
83.960,-24.305,0.137,0.439,44.983
83.980,-21.316,0.158,0.439,44.897
84.000,-18.029,0.186,0.439,44.847
84.020,-14.461,0.207,0.439,44.839
84.040,-10.664,0.236,0.439,44.872
84.060,-6.691,0.256,0.439,44.949
84.080,-2.625,0.282,0.439,45.065
84.100,1.465,0.298,0.439,45.216
84.120,5.543,0.317,0.439,45.392
84.140,9.516,0.329,0.439,45.593
84.160,13.412,0.340,0.439,45.797
84.180,17.045,0.354,0.439,46.002
84.200,20.467,0.357,0.439,46.198
84.220,23.584,0.356,0.439,46.370
84.240,26.350,0.360,0.439,46.509
84.260,28.711,0.351,0.439,46.614
84.280,30.650,0.346,0.439,46.670
84.300,32.150,0.333,0.439,46.683
84.320,33.170,0.320,0.439,46.649
84.340,33.697,0.303,0.439,46.575
84.360,33.738,0.282,0.439,46.465
84.380,33.293,0.265,0.439,46.328
84.400,32.344,0.240,0.439,46.174
84.420,30.932,0.220,0.439,46.013
84.440,29.057,0.191,0.439,45.855
84.460,26.789,0.170,0.439,45.711
84.480,24.076,0.139,0.439,45.588
84.500,21.023,0.116,0.439,45.496
84.520,17.684,0.088,0.439,45.439
84.540,14.033,0.066,0.439,45.422
84.560,10.236,0.037,0.439,45.445
84.580,6.234,0.017,0.439,45.510
84.600,2.203,-0.002,0.439,45.610
84.620,-1.904,-0.021,0.439,45.739
84.640,-5.959,-0.035,0.439,45.894
84.660,-9.943,-0.049,0.439,46.063
84.680,-13.781,-0.056,0.439,46.236
84.700,-17.373,-0.070,0.439,46.402
84.720,-20.777,-0.068,0.439,46.551
84.740,-23.795,-0.071,0.439,46.674
84.760,-26.479,-0.069,0.439,46.761
84.780,-28.793,-0.064,0.439,46.808
84.800,-30.656,-0.054,0.439,46.814
84.820,-32.062,-0.041,0.439,46.774
84.840,-32.982,-0.029,0.439,46.685
84.860,-33.398,-0.013,0.439,46.560
84.880,-33.363,0.009,0.439,46.401
84.900,-32.824,0.028,0.439,46.216
84.920,-31.799,0.050,0.439,46.019
84.940,-30.287,0.074,0.439,45.817
84.960,-28.301,0.100,0.439,45.621
84.980,-25.939,0.122,0.439,45.442
85.000,-23.109,0.148,0.439,45.288
85.020,-19.992,0.176,0.439,45.167
85.040,-16.541,0.203,0.439,45.083
85.060,-12.896,0.225,0.439,45.040
85.080,-9.018,0.253,0.439,45.039
85.100,-4.992,0.269,0.438,45.078
85.120,-0.914,0.296,0.438,45.154
85.140,3.199,0.310,0.438,45.263
85.160,7.230,0.330,0.438,45.394
85.180,11.174,0.337,0.438,45.542
85.200,14.977,0.351,0.438,45.691
85.220,18.533,0.352,0.438,45.840
85.240,21.809,0.356,0.438,45.968
85.260,24.803,0.357,0.438,46.074
85.280,27.387,0.355,0.438,46.143
85.300,29.590,0.346,0.438,46.178
85.320,31.336,0.342,0.438,46.167
85.340,32.648,0.326,0.438,46.122
85.360,33.463,0.315,0.438,46.030
85.380,33.773,0.296,0.438,45.906
85.400,33.615,0.275,0.438,45.751
85.420,32.965,0.256,0.438,45.579
85.440,31.822,0.229,0.438,45.395
85.460,30.187,0.207,0.438,45.211
85.480,28.172,0.178,0.438,45.040
85.500,25.693,0.160,0.438,44.888
85.520,22.828,0.124,0.438,44.765
85.540,19.670,0.107,0.438,44.679
85.560,16.178,0.073,0.438,44.632
85.580,12.463,0.056,0.438,44.629
85.600,8.566,0.028,0.438,44.668
85.620,4.576,0.013,0.435,44.750
85.640,0.492,-0.015,0.435,44.868
85.660,-3.592,-0.026,0.435,45.022
85.680,-7.629,-0.047,0.435,45.197
85.700,-11.561,-0.054,0.435,45.389
85.720,-15.287,-0.064,0.435,45.584
85.740,-18.797,-0.073,0.435,45.771
85.760,-22.043,-0.072,0.435,45.944
85.780,-24.937,-0.075,0.435,46.087
85.800,-27.469,-0.069,0.435,46.198
85.820,-29.613,-0.064,0.435,46.267
85.840,-31.277,-0.054,0.435,46.295
85.860,-32.479,-0.041,0.435,46.278
85.880,-33.170,-0.029,0.435,46.220
85.900,-33.416,-0.009,0.435,46.125
85.920,-33.164,0.012,0.435,46.003
85.940,-32.420,0.029,0.435,45.860
85.960,-31.189,0.054,0.435,45.710
85.980,-29.443,0.079,0.435,45.560
86.000,-27.322,0.100,0.435,45.419
86.020,-24.756,0.134,0.435,45.300
86.040,-21.826,0.151,0.435,45.209
86.060,-18.551,0.182,0.435,45.152
86.080,-15.023,0.207,0.435,45.135
86.100,-11.273,0.231,0.435,45.159
86.120,-7.312,0.253,0.435,45.223
86.140,-3.287,0.277,0.435,45.324
86.160,0.826,0.295,0.435,45.463
86.180,4.910,0.311,0.435,45.624
86.200,8.906,0.328,0.435,45.809
86.220,12.797,0.338,0.435,45.999
86.240,16.488,0.349,0.435,46.189
86.260,19.957,0.355,0.435,46.368
86.280,23.121,0.356,0.435,46.523
86.300,25.939,0.358,0.435,46.648
86.320,28.365,0.351,0.435,46.734
86.340,30.381,0.341,0.435,46.775
86.360,31.951,0.336,0.435,46.768
86.380,33.041,0.320,0.435,46.719
86.400,33.650,0.305,0.435,46.625
86.420,33.762,0.286,0.435,46.494
86.440,33.410,0.265,0.435,46.336
86.460,32.537,0.244,0.435,46.158
86.480,31.201,0.217,0.435,45.971
86.500,29.391,0.193,0.435,45.786
86.520,27.182,0.166,0.435,45.613
86.540,24.527,0.142,0.435,45.460
86.560,21.539,0.116,0.435,45.337
86.580,18.223,0.087,0.435,45.250
86.600,14.625,0.064,0.435,45.200
86.620,10.846,0.040,0.435,45.193
86.640,6.896,0.019,0.435,45.224
86.660,2.848,-0.001,0.435,45.294
86.680,-1.242,-0.021,0.435,45.395
86.700,-5.314,-0.035,0.435,45.524
86.720,-9.334,-0.050,0.435,45.667
86.740,-13.172,-0.057,0.435,45.819
86.760,-16.816,-0.071,0.435,45.969
86.780,-20.250,-0.072,0.435,46.109
86.800,-23.344,-0.074,0.435,46.222
86.820,-26.074,-0.073,0.435,46.307
86.840,-28.447,-0.063,0.435,46.352
86.860,-30.404,-0.058,0.435,46.354
86.880,-31.887,-0.046,0.435,46.313
86.900,-32.883,-0.032,0.435,46.228
86.920,-33.346,-0.017,0.435,46.105
86.940,-33.404,0.004,0.435,45.950
86.960,-32.947,0.021,0.435,45.771
86.980,-32.004,0.048,0.435,45.578
87.000,-30.557,0.067,0.435,45.381
87.020,-28.652,0.096,0.435,45.191
87.040,-26.320,0.116,0.435,45.018
87.060,-23.602,0.147,0.435,44.869
87.080,-20.514,0.169,0.435,44.754
87.100,-17.133,0.199,0.435,44.677
87.120,-13.512,0.219,0.435,44.643
87.140,-9.639,0.248,0.435,44.652
87.160,-5.654,0.266,0.435,44.705
87.180,-1.570,0.291,0.435,44.795
87.200,2.520,0.307,0.435,44.922
87.220,6.580,0.324,0.435,45.073
87.240,10.547,0.340,0.435,45.243
87.260,14.379,0.346,0.435,45.421
87.280,17.977,0.356,0.435,45.599
87.300,21.293,0.356,0.435,45.762
87.320,24.357,0.360,0.435,45.900
87.340,27.000,0.356,0.435,46.010
87.360,29.262,0.349,0.435,46.083
87.380,31.096,0.343,0.435,46.112
87.400,32.473,0.336,0.435,46.099
87.420,33.357,0.316,0.435,46.050
87.440,33.762,0.301,0.435,45.961
87.460,33.674,0.277,0.435,45.841
87.480,33.094,0.262,0.435,45.697
87.500,32.021,0.233,0.435,45.544
87.520,30.475,0.213,0.435,45.387
87.540,28.529,0.184,0.435,45.240
87.560,26.109,0.165,0.435,45.110
87.580,23.309,0.135,0.435,45.007
87.600,20.162,0.112,0.435,44.938
87.620,16.740,0.083,0.435,44.907
87.640,13.061,0.060,0.435,44.918
87.660,9.193,0.031,0.435,44.972
87.680,5.215,0.018,0.435,45.067
87.700,1.148,-0.005,0.435,45.199
87.720,-2.953,-0.023,0.435,45.360
87.740,-7.014,-0.038,0.435,45.548
87.760,-10.951,-0.053,0.435,45.746
87.780,-14.730,-0.057,0.435,45.952
87.800,-18.258,-0.070,0.435,46.143
87.820,-21.574,-0.070,0.435,46.321
87.840,-24.521,-0.074,0.435,46.469
87.860,-27.094,-0.067,0.435,46.586
87.880,-29.314,-0.066,0.435,46.656
87.900,-31.043,-0.054,0.435,46.687
87.920,-32.326,-0.042,0.435,46.668
87.940,-33.117,-0.024,0.435,46.609
87.960,-33.404,-0.012,0.435,46.507
87.980,-33.264,0.012,0.435,46.376
88.000,-32.584,0.028,0.435,46.221
88.020,-31.418,0.054,0.435,46.054
88.040,-29.789,0.078,0.435,45.884
88.060,-27.691,0.099,0.435,45.722
88.080,-25.213,0.129,0.435,45.579
88.100,-22.318,0.151,0.435,45.461
88.120,-19.102,0.180,0.435,45.375
88.140,-15.609,0.201,0.435,45.328
88.160,-11.883,0.228,0.435,45.318
88.180,-7.969,0.254,0.435,45.351
88.200,-3.908,0.273,0.435,45.419
88.220,0.164,0.296,0.435,45.525
88.240,4.277,0.309,0.435,45.656
88.260,8.268,0.331,0.435,45.808
88.280,12.199,0.338,0.435,45.971
88.300,15.937,0.350,0.435,46.132
88.320,19.418,0.352,0.435,46.286
88.340,22.641,0.358,0.435,46.414
88.360,25.523,0.353,0.435,46.517
88.380,27.996,0.354,0.435,46.578
88.400,30.100,0.341,0.435,46.602
88.420,31.729,0.339,0.435,46.576
88.440,32.900,0.319,0.435,46.511
88.460,33.586,0.310,0.435,46.401
88.480,33.785,0.286,0.435,46.257
88.500,33.498,0.269,0.435,46.081
88.520,32.689,0.244,0.435,45.890
88.540,31.441,0.222,0.435,45.688
88.560,29.689,0.196,0.435,45.487
88.580,27.562,0.173,0.435,45.299
88.600,24.990,0.143,0.435,45.131
88.620,22.025,0.120,0.435,44.993
88.640,18.773,0.091,0.435,44.891
88.660,15.211,0.066,0.435,44.830
88.680,11.467,0.043,0.435,44.810
88.700,7.541,0.020,0.435,44.833
88.720,3.504,0.004,0.435,44.896
88.740,-0.562,-0.021,0.435,44.992
88.760,-4.658,-0.031,0.435,45.119
88.780,-8.666,-0.051,0.435,45.264
88.800,-12.580,-0.056,0.435,45.423
88.820,-16.230,-0.073,0.435,45.581
88.840,-19.687,-0.071,0.435,45.736
88.860,-22.852,-0.076,0.436,45.865
88.880,-25.629,-0.073,0.436,45.971
88.900,-28.084,-0.070,0.436,46.038
88.920,-30.094,-0.060,0.436,46.064
88.940,-31.641,-0.050,0.436,46.051
88.960,-32.719,-0.037,0.436,45.995
88.980,-33.287,-0.022,0.436,45.900
89.000,-33.422,-0.004,0.436,45.774
89.020,-33.023,0.019,0.436,45.622
89.040,-32.150,0.037,0.436,45.454
89.060,-30.803,0.062,0.436,45.282
89.080,-28.951,0.086,0.436,45.115
89.100,-26.707,0.112,0.436,44.963
89.120,-24.047,0.137,0.436,44.835
89.140,-21.006,0.160,0.436,44.740
89.160,-17.689,0.190,0.436,44.682
89.180,-14.074,0.214,0.436,44.667
89.200,-10.266,0.240,0.436,44.694
89.220,-6.275,0.260,0.436,44.765
89.240,-2.232,0.285,0.436,44.874
89.260,1.875,0.300,0.436,45.020
89.280,5.959,0.320,0.436,45.191
89.300,9.926,0.334,0.436,45.384
89.320,13.787,0.344,0.436,45.583
89.340,17.414,0.354,0.436,45.784
89.360,20.807,0.358,0.436,45.972
89.380,23.877,0.360,0.437,46.138
89.400,26.602,0.362,0.438,46.274
89.420,28.928,0.350,0.438,46.370
89.440,30.832,0.344,0.438,46.421
89.460,32.273,0.331,0.438,46.428
89.480,33.246,0.318,0.438,46.390
89.500,33.727,0.305,0.438,46.314
89.520,33.709,0.282,0.438,46.205
89.540,33.217,0.264,0.438,46.069
89.560,32.227,0.240,0.438,45.918
89.580,30.768,0.218,0.438,45.762
89.600,28.852,0.187,0.438,45.610
89.620,26.543,0.167,0.438,45.474
89.640,23.760,0.137,0.438,45.361
89.660,20.695,0.116,0.438,45.279
89.680,17.309,0.083,0.438,45.233
89.700,13.658,0.065,0.438,45.228
89.720,9.826,0.034,0.438,45.264
89.740,5.836,0.022,0.438,45.340
89.760,1.787,-0.006,0.438,45.449
89.780,-2.326,-0.021,0.438,45.592
89.800,-6.369,-0.035,0.438,45.756
89.820,-10.348,-0.047,0.438,45.936
89.840,-14.150,-0.056,0.438,46.115
89.860,-17.742,-0.068,0.438,46.289
89.880,-21.082,-0.070,0.438,46.445
89.900,-24.088,-0.071,0.438,46.576
89.920,-26.725,-0.067,0.438,46.669
89.940,-29.010,-0.060,0.438,46.721
89.960,-30.838,-0.050,0.438,46.727
89.980,-32.180,-0.042,0.438,46.689
90.000,-33.070,-0.024,0.438,46.607
90.020,-33.387,-0.014,0.438,46.483
90.040,-33.316,0.016,0.438,46.328
90.060,-32.742,0.026,0.438,46.148
90.080,-31.676,0.052,0.438,45.955
90.100,-30.070,0.074,0.438,45.760
90.120,-28.049,0.100,0.438,45.571
90.140,-25.646,0.125,0.438,45.399
90.160,-22.805,0.156,0.438,45.252
90.180,-19.652,0.177,0.438,45.138
90.200,-16.184,0.207,0.438,45.062
90.220,-12.504,0.226,0.438,45.026
90.240,-8.602,0.251,0.438,45.032
90.260,-4.570,0.273,0.438,45.074
90.280,-0.480,0.296,0.438,45.154
90.300,3.609,0.314,0.438,45.266
90.320,7.641,0.325,0.438,45.399
90.340,11.578,0.338,0.438,45.545
90.360,15.340,0.348,0.438,45.691
90.380,18.873,0.357,0.438,45.835
90.400,22.125,0.359,0.438,45.961
90.420,25.084,0.359,0.438,46.064
90.440,27.633,0.354,0.438,46.130
90.460,29.789,0.348,0.438,46.158
90.480,31.488,0.339,0.438,46.143
90.500,32.742,0.327,0.438,46.085
90.520,33.516,0.308,0.438,45.986
90.540,33.779,0.293,0.438,45.853
90.560,33.574,0.273,0.438,45.691
90.580,32.859,0.255,0.438,45.512
90.600,31.658,0.229,0.438,45.324
90.620,29.982,0.200,0.438,45.136
90.640,27.932,0.177,0.438,44.961
90.660,25.406,0.153,0.438,44.806
90.680,22.523,0.127,0.438,44.681
90.700,19.312,0.101,0.438,44.592
90.720,15.803,0.069,0.438,44.543
90.740,12.082,0.051,0.438,44.539
90.760,8.174,0.025,0.438,44.578
90.780,4.166,0.009,0.438,44.659
90.800,0.064,-0.015,0.438,44.776
90.820,-4.002,-0.029,0.438,44.924
90.840,-8.039,-0.046,0.438,45.098
90.860,-11.953,-0.058,0.438,45.284
90.880,-15.656,-0.065,0.438,45.476
90.900,-19.148,-0.075,0.438,45.657
90.920,-22.377,-0.071,0.438,45.825
90.940,-25.230,-0.074,0.438,45.959
90.960,-27.715,-0.071,0.438,46.065
90.980,-29.789,-0.064,0.438,46.127
91.000,-31.412,-0.054,0.438,46.152
91.020,-32.578,-0.042,0.438,46.129
91.040,-33.223,-0.025,0.438,46.070
91.060,-33.404,-0.013,0.438,45.972
91.080,-33.088,0.013,0.438,45.852
91.100,-32.297,0.029,0.438,45.709
91.120,-31.025,0.056,0.438,45.561
91.140,-29.256,0.082,0.438,45.413
91.160,-27.059,0.103,0.438,45.278
91.180,-24.469,0.132,0.438,45.164
91.200,-21.504,0.156,0.438,45.079
91.220,-18.211,0.188,0.438,45.030
91.240,-14.654,0.208,0.438,45.022
91.260,-10.869,0.235,0.438,45.055
91.280,-6.920,0.256,0.438,45.129
91.300,-2.842,0.278,0.438,45.240
91.320,1.248,0.295,0.438,45.387
91.340,5.320,0.315,0.438,45.556
91.360,9.316,0.331,0.438,45.749
91.380,13.184,0.340,0.438,45.947
91.400,16.869,0.351,0.438,46.147
91.420,20.279,0.358,0.438,46.331
91.440,23.426,0.359,0.438,46.495
91.460,26.209,0.357,0.438,46.625
91.480,28.582,0.350,0.438,46.715
91.500,30.562,0.342,0.438,46.758
91.520,32.092,0.331,0.438,46.755
91.540,33.135,0.319,0.438,46.706
91.560,33.691,0.302,0.438,46.616
91.580,33.744,0.284,0.438,46.490
91.600,33.328,0.265,0.438,46.335
91.620,32.414,0.242,0.438,46.164
91.640,31.020,0.217,0.438,45.983
91.660,29.174,0.193,0.438,45.806
91.680,26.912,0.166,0.438,45.640
91.700,24.240,0.137,0.438,45.496
91.720,21.193,0.115,0.438,45.382
91.740,17.871,0.087,0.438,45.302
91.760,14.238,0.065,0.438,45.262
91.780,10.441,0.039,0.438,45.261
91.800,6.486,0.018,0.438,45.300
91.820,2.426,-0.000,0.438,45.376
91.840,-1.664,-0.022,0.438,45.481
91.860,-5.748,-0.032,0.438,45.614
91.880,-9.756,-0.050,0.438,45.758
91.900,-13.570,-0.057,0.438,45.910
91.920,-17.203,-0.067,0.438,46.191
91.940,-20.566,-0.068,0.438,46.191
91.960,-23.648,-0.071,0.438,46.298
91.980,-26.350,-0.070,0.438,46.377
92.000,-28.687,-0.065,0.438,46.412
92.020,-30.592,-0.056,0.438,46.405
92.040,-32.004,-0.046,0.438,46.352
92.060,-32.959,-0.029,0.438,46.258
92.080,-33.363,-0.015,0.438,46.126
92.100,-33.387,0.004,0.438,45.961
92.120,-32.895,0.028,0.438,45.773
92.140,-31.869,0.047,0.438,45.570
92.160,-30.381,0.074,0.438,45.365
92.180,-28.412,0.096,0.438,45.166
92.200,-26.051,0.120,0.438,44.985
92.220,-23.303,0.151,0.438,44.831
92.240,-20.174,0.171,0.438,44.709
92.260,-16.758,0.203,0.438,44.626
92.280,-13.096,0.223,0.438,44.585
92.300,-9.246,0.249,0.438,44.588
92.320,-5.256,0.268,0.438,44.630
92.340,-1.154,0.291,0.438,44.712
92.360,2.965,0.310,0.438,44.827
92.380,7.014,0.326,0.438,44.968
92.400,10.951,0.340,0.438,45.125
92.420,14.766,0.351,0.438,45.289
92.440,18.322,0.353,0.438,45.454
92.460,21.639,0.360,0.438,45.600
92.480,24.662,0.356,0.438,45.726
92.500,27.252,0.359,0.438,45.817
92.520,29.467,0.351,0.438,45.874
92.540,31.248,0.342,0.438,45.888
92.560,32.584,0.331,0.438,45.862
92.580,33.428,0.317,0.438,45.794
92.600,33.768,0.302,0.438,45.695
92.620,33.650,0.278,0.438,45.562
92.640,33.012,0.258,0.438,45.412
92.660,31.887,0.233,0.438,45.250
92.680,30.311,0.209,0.438,45.088
92.700,28.289,0.183,0.438,44.936
92.720,25.840,0.164,0.438,44.803
92.740,22.992,0.132,0.438,44.698
92.760,19.834,0.110,0.438,44.628
92.780,16.383,0.078,0.438,44.597
92.800,12.668,0.056,0.438,44.609
92.820,8.807,0.031,0.438,44.664
92.840,4.775,0.013,0.438,44.761
92.860,0.721,-0.008,0.438,44.895
92.880,-3.369,-0.025,0.438,45.060
92.900,-7.400,-0.042,0.438,45.247
92.920,-11.344,-0.055,0.438,45.448
92.940,-15.111,-0.058,0.438,45.654
92.960,-18.621,-0.071,0.438,45.851
92.980,-21.896,-0.069,0.438,46.033
93.000,-24.797,-0.074,0.438,46.183
93.020,-27.352,-0.067,0.438,46.301
93.040,-29.508,-0.064,0.438,46.376
93.060,-31.207,-0.054,0.438,46.408
93.080,-32.426,-0.044,0.438,46.396
93.100,-33.170,-0.024,0.438,46.339
93.120,-33.404,-0.009,0.438,46.244
93.140,-33.199,0.015,0.438,46.119
93.160,-32.479,0.031,0.438,45.973
93.180,-31.283,0.054,0.438,45.816
93.200,-29.596,0.082,0.438,45.656
93.220,-27.428,0.101,0.438,45.506
93.240,-24.926,0.134,0.438,45.375
93.260,-22.002,0.151,0.438,45.271
93.280,-18.762,0.179,0.438,45.199
93.300,-15.246,0.205,0.438,45.166
93.320,-11.484,0.228,0.438,45.172
93.340,-7.553,0.254,0.438,45.219
93.360,-3.492,0.274,0.438,45.301
93.380,0.580,0.295,0.438,45.418
93.400,4.693,0.315,0.438,45.561
93.420,8.689,0.331,0.438,45.726
93.440,12.592,0.339,0.438,45.901
93.460,16.295,0.350,0.438,46.071
93.480,19.764,0.352,0.438,46.233
93.500,22.951,0.357,0.438,46.367
93.520,25.805,0.354,0.438,46.473
93.540,28.242,0.352,0.438,46.541
93.560,30.281,0.340,0.438,46.567
93.580,31.863,0.340,0.438,46.543
93.600,33.000,0.319,0.438,46.482
93.620,33.633,0.303,0.438,46.373
93.640,33.779,0.282,0.438,46.231
93.660,33.434,0.264,0.438,46.056
93.680,32.584,0.245,0.438,45.866
93.700,31.283,0.220,0.438,45.667
93.720,29.484,0.192,0.438,45.470
93.740,27.322,0.170,0.438,45.284
93.760,24.674,0.142,0.438,45.120
93.780,21.703,0.119,0.438,44.986
93.800,18.422,0.091,0.438,44.887
93.820,14.836,0.062,0.438,44.828
93.840,11.074,0.042,0.438,44.812
93.860,7.125,0.016,0.437,44.836
93.880,3.100,0.001,0.437,44.901
93.900,-0.996,-0.022,0.437,44.996
93.920,-5.086,-0.031,0.437,45.122
93.940,-9.088,-0.051,0.437,45.264
93.960,-12.961,-0.058,0.437,45.419
93.980,-16.600,-0.066,0.437,45.572
94.000,-20.039,-0.071,0.437,45.716
94.020,-23.168,-0.075,0.437,45.838
94.040,-25.922,-0.073,0.437,45.933
94.060,-28.312,-0.071,0.437,45.990
94.080,-30.264,-0.058,0.437,46.007
94.100,-31.787,-0.051,0.437,45.978
94.120,-32.824,-0.033,0.437,45.911
94.140,-33.322,-0.020,0.437,45.803
94.160,-33.404,0.000,0.437,45.666
94.180,-32.965,0.016,0.437,45.505
94.200,-32.027,0.041,0.437,45.332
94.220,-30.645,0.061,0.437,45.153
94.240,-28.758,0.091,0.437,44.981
94.260,-26.449,0.109,0.437,44.824
94.280,-23.742,0.144,0.437,44.693
94.300,-20.684,0.161,0.437,44.594
94.320,-17.338,0.196,0.437,44.534
94.340,-13.729,0.215,0.437,44.517
94.360,-9.855,0.246,0.437,44.542
94.380,-5.877,0.263,0.437,44.612
94.400,-1.793,0.286,0.435,44.719
94.420,2.303,0.302,0.435,44.863
94.440,6.346,0.323,0.435,45.030
94.460,10.336,0.334,0.435,45.219
94.480,14.168,0.348,0.435,45.414
94.500,17.789,0.352,0.435,45.610
94.520,21.117,0.360,0.435,45.789
94.540,24.199,0.359,0.435,45.950
94.560,26.859,0.360,0.435,46.077
94.580,29.150,0.352,0.435,46.169
94.600,31.002,0.343,0.435,46.216
94.620,32.402,0.333,0.435,46.220
94.640,33.322,0.318,0.435,46.180
94.660,33.756,0.304,0.435,46.102
94.680,33.691,0.281,0.435,45.993
94.700,33.158,0.263,0.435,45.857
94.720,32.092,0.237,0.435,45.708
94.740,30.586,0.215,0.435,45.554
94.760,28.635,0.186,0.435,45.407
94.780,26.250,0.165,0.435,45.276
94.800,23.473,0.133,0.435,45.169
94.820,20.355,0.112,0.435,45.095
94.840,16.945,0.083,0.435,45.058
94.860,13.266,0.059,0.435,45.060
94.880,9.393,0.033,0.435,45.105
94.900,5.426,0.014,0.435,45.189
94.920,1.365,-0.006,0.435,45.308
94.940,-2.725,-0.024,0.435,45.459
94.960,-6.779,-0.037,0.435,45.631
94.980,-10.752,-0.050,0.435,45.816
95.000,-14.525,-0.060,0.435,46.006
95.020,-18.117,-0.068,0.435,46.184
95.040,-21.404,-0.071,0.435,46.347
95.060,-24.369,-0.068,0.435,46.479
95.080,-26.982,-0.069,0.435,46.576
95.100,-29.209,-0.060,0.435,46.633
95.120,-31.002,-0.053,0.435,46.642
95.140,-32.273,-0.044,0.435,46.606
95.160,-33.117,-0.023,0.435,46.530
95.180,-33.416,-0.008,0.435,46.411
95.200,-33.281,0.010,0.435,46.260
95.220,-32.648,0.029,0.435,46.086
95.240,-31.512,0.054,0.435,45.900
95.260,-29.877,0.079,0.435,45.710
95.280,-27.820,0.103,0.435,45.529
95.300,-25.365,0.127,0.435,45.366
95.320,-22.518,0.154,0.435,45.228
95.340,-19.283,0.179,0.435,45.123
95.360,-15.814,0.206,0.435,45.057
95.380,-12.082,0.231,0.435,45.030
95.400,-8.186,0.256,0.435,45.046
95.420,-4.154,0.273,0.435,45.099
95.440,-0.059,0.295,0.435,45.187
95.460,4.025,0.313,0.435,45.304
95.480,8.068,0.325,0.435,45.444
95.500,11.965,0.339,0.435,45.595
95.520,15.721,0.348,0.435,45.744
95.540,19.225,0.351,0.435,45.890
95.560,22.459,0.357,0.435,46.011
95.580,25.383,0.353,0.435,46.111
95.600,27.873,0.356,0.435,46.170
95.620,29.977,0.342,0.435,46.197
95.640,31.646,0.336,0.435,46.174
95.660,32.842,0.323,0.435,46.113
95.680,33.557,0.304,0.435,46.008
95.700,33.779,0.294,0.435,45.868
95.720,33.527,0.269,0.435,45.702
95.740,32.748,0.250,0.435,45.517
95.760,31.523,0.224,0.435,45.325
95.780,29.818,0.198,0.435,45.134
95.800,27.686,0.173,0.435,44.955
95.820,25.131,0.147,0.435,44.798
95.840,22.201,0.118,0.435,44.671
95.860,18.949,0.095,0.435,44.581
95.880,15.439,0.066,0.435,44.530
95.900,11.666,0.046,0.435,44.524
95.920,7.758,0.018,0.435,44.560
95.940,3.732,0.005,0.435,44.639
95.960,-0.352,-0.018,0.435,44.751
95.980,-4.424,-0.033,0.435,44.897
96.000,-8.461,-0.046,0.435,45.065
96.020,-12.328,-0.058,0.435,45.242
96.040,-16.037,-0.067,0.435,45.424
96.060,-19.500,-0.073,0.435,45.596
96.080,-22.676,-0.076,0.436,45.752
96.100,-25.494,-0.075,0.436,45.879
96.120,-27.937,-0.073,0.436,45.974
96.140,-29.982,-0.062,0.436,46.026
96.160,-31.576,-0.055,0.436,46.041
96.180,-32.666,-0.042,0.436,46.010
96.200,-33.264,-0.025,0.436,45.941
96.220,-33.381,-0.007,0.436,45.835
96.240,-33.047,0.015,0.436,45.706
96.260,-32.197,0.034,0.436,45.560
96.280,-30.861,0.057,0.436,45.409
96.300,-29.068,0.086,0.436,45.260
96.320,-26.812,0.105,0.436,45.126
96.340,-24.211,0.137,0.436,45.015
96.360,-21.176,0.157,0.436,44.934
96.380,-17.842,0.189,0.436,44.891
96.400,-14.291,0.209,0.436,44.889
96.420,-10.459,0.236,0.436,44.928
96.440,-6.498,0.261,0.436,45.011
96.460,-2.420,0.280,0.436,45.132
96.480,1.646,0.302,0.436,45.468
96.500,5.742,0.319,0.436,45.468
96.520,9.715,0.331,0.436,45.670
96.540,13.576,0.344,0.436,45.878
96.560,17.238,0.352,0.436,46.083
96.580,20.607,0.356,0.436,46.276
96.600,23.736,0.360,0.436,46.447
96.620,26.461,0.356,0.436,46.586
96.640,28.822,0.351,0.436,46.685
96.660,30.744,0.340,0.436,46.737
96.680,32.215,0.330,0.436,46.702
96.700,33.199,0.318,0.436,46.702
96.720,33.715,0.302,0.436,46.623
96.740,33.721,0.282,0.436,46.508
96.760,33.275,0.261,0.436,46.368
96.780,32.285,0.239,0.436,46.209
96.800,30.855,0.216,0.436,46.044
96.820,28.951,0.186,0.436,45.881
96.840,26.678,0.166,0.436,45.732
96.860,23.936,0.134,0.436,45.606
96.880,20.859,0.114,0.436,45.509
96.900,17.502,0.085,0.436,45.448
96.920,13.852,0.062,0.436,45.426
96.940,10.031,0.034,0.436,45.445
96.960,6.064,0.016,0.436,45.503
96.980,1.992,-0.001,0.436,45.597
97.000,-2.086,-0.021,0.436,45.718
97.020,-6.170,-0.039,0.436,45.864
97.040,-10.143,-0.050,0.436,46.026
97.060,-13.951,-0.059,0.436,46.192
97.080,-17.543,-0.066,0.436,46.349
97.100,-20.918,-0.071,0.436,46.491
97.120,-23.936,-0.075,0.436,46.606
97.140,-26.619,-0.067,0.436,46.691
97.160,-28.881,-0.067,0.436,46.729
97.180,-30.750,-0.050,0.436,46.726
97.200,-32.115,-0.046,0.436,46.673
97.220,-33.035,-0.026,0.436,46.581
97.240,-33.404,-0.013,0.436,46.449
97.260,-33.352,0.008,0.436,46.285
97.280,-32.795,0.028,0.436,46.097
97.300,-31.717,0.051,0.436,45.895
97.320,-30.205,0.075,0.436,45.691
97.340,-28.207,0.099,0.436,45.493
97.360,-25.787,0.122,0.436,45.314
97.380,-23.004,0.149,0.436,45.161
97.400,-19.834,0.176,0.436,45.041
97.420,-16.412,0.205,0.436,44.959
97.440,-12.715,0.224,0.436,44.920
97.460,-8.836,0.252,0.436,44.922
97.480,-4.799,0.273,0.436,44.966
97.500,-0.727,0.291,0.436,45.047
97.520,3.375,0.313,0.436,45.159
97.540,7.424,0.327,0.436,45.295
97.560,11.361,0.338,0.436,45.447
97.580,15.146,0.349,0.436,45.603
97.600,18.686,0.354,0.436,45.755
97.620,21.961,0.360,0.437,45.891
97.640,24.932,0.360,0.437,46.002
97.660,27.498,0.355,0.437,46.083
97.680,29.672,0.352,0.437,46.122
97.700,31.406,0.342,0.437,46.122
97.720,32.689,0.333,0.437,46.083
97.740,33.486,0.313,0.437,46.002
97.760,33.768,0.295,0.437,45.884
97.780,33.592,0.274,0.437,45.738
97.800,32.895,0.253,0.437,45.573
97.820,31.746,0.232,0.437,45.399
97.840,30.117,0.206,0.437,45.226
97.860,28.055,0.178,0.437,45.065
97.880,25.564,0.160,0.437,44.924
97.900,22.676,0.124,0.437,44.812
97.920,19.506,0.108,0.437,44.737
97.940,16.008,0.071,0.437,44.700
97.960,12.275,0.053,0.437,44.710
97.980,8.391,0.028,0.437,44.761
98.000,4.377,0.010,0.437,44.854
98.020,0.316,-0.015,0.437,44.983
98.040,-3.791,-0.029,0.437,45.146
98.060,-7.828,-0.046,0.437,45.328
98.080,-11.742,-0.054,0.437,45.526
98.100,-15.480,-0.066,0.437,45.725
98.120,-18.973,-0.070,0.437,45.915
98.140,-22.195,-0.077,0.437,46.088
98.160,-25.078,-0.074,0.437,46.235
98.180,-27.586,-0.070,0.437,46.348
98.200,-29.707,-0.062,0.437,46.415
98.220,-31.365,-0.053,0.437,46.440
98.240,-32.525,-0.044,0.437,46.420
98.260,-33.223,-0.023,0.437,46.360
98.280,-33.404,-0.011,0.437,46.265
98.300,-33.152,0.012,0.437,46.140
98.320,-32.379,0.030,0.437,45.995
98.340,-31.119,0.056,0.437,45.841
98.360,-29.361,0.081,0.437,45.686
98.380,-27.205,0.104,0.437,45.541
98.400,-24.645,0.132,0.437,45.418
98.420,-21.697,0.157,0.437,45.322
98.440,-18.393,0.183,0.437,45.260
98.460,-14.848,0.210,0.437,45.238
98.480,-11.086,0.234,0.437,45.256
98.500,-7.125,0.255,0.437,45.316
98.520,-3.082,0.281,0.437,45.410
98.540,1.037,0.296,0.437,45.540
98.560,5.109,0.316,0.437,45.695
98.580,9.094,0.327,0.437,45.868
98.600,12.990,0.341,0.437,46.047
98.620,16.670,0.351,0.437,46.226
98.640,20.115,0.355,0.437,46.394
98.660,23.256,0.356,0.437,46.538
98.680,26.062,0.354,0.437,46.722
98.700,28.459,0.352,0.437,46.750
98.720,30.451,0.342,0.437,46.750
98.740,32.010,0.331,0.437,46.733
98.760,33.076,0.319,0.437,46.670
98.780,33.662,0.300,0.437,46.565
98.800,33.762,0.285,0.437,46.424
98.820,33.381,0.264,0.437,46.255
98.840,32.479,0.241,0.437,46.069
98.860,31.113,0.218,0.437,45.876
98.880,29.297,0.190,0.437,45.683
98.900,27.070,0.168,0.437,45.505
98.920,24.387,0.139,0.437,45.348
98.940,21.393,0.115,0.437,45.221
98.960,18.059,0.088,0.437,45.130
98.980,14.467,0.063,0.437,45.078
99.000,10.652,0.040,0.437,45.067
99.020,6.715,0.015,0.437,45.098
99.040,2.678,-0.002,0.437,45.167
99.060,-1.441,-0.021,0.437,45.269
99.080,-5.490,-0.038,0.437,45.397
99.100,-9.510,-0.049,0.437,45.542
99.120,-13.324,-0.062,0.437,45.695
99.140,-16.975,-0.071,0.437,45.846
99.160,-20.396,-0.071,0.437,45.985
99.180,-23.461,-0.075,0.437,46.100
99.200,-26.209,-0.071,0.437,46.185
99.220,-28.535,-0.070,0.437,46.231
99.240,-30.475,-0.058,0.437,46.235
99.260,-31.922,-0.048,0.437,46.196
99.280,-32.900,-0.033,0.437,46.116
99.300,-33.352,-0.017,0.437,45.998
99.320,-33.363,0.003,0.437,45.849
99.340,-32.918,0.022,0.437,45.676
99.360,-31.963,0.045,0.437,45.490
99.380,-30.469,0.066,0.437,45.301
99.400,-28.547,0.095,0.437,45.119
99.420,-26.191,0.118,0.437,44.954
99.440,-23.479,0.145,0.437,44.815
99.460,-20.379,0.170,0.437,44.710
99.480,-16.963,0.199,0.437,44.644
99.500,-13.348,0.220,0.437,44.620
99.520,-9.445,0.244,0.437,44.640
99.540,-5.461,0.268,0.437,44.702
99.560,-1.371,0.290,0.437,44.801
99.580,2.719,0.307,0.437,44.935
99.600,6.779,0.325,0.437,45.097
99.620,10.729,0.337,0.437,45.276
99.640,14.543,0.352,0.437,45.462
99.660,18.141,0.355,0.437,45.646
99.680,21.457,0.360,0.437,45.815
99.700,24.492,0.360,0.437,45.965
99.720,27.117,0.357,0.437,46.078
99.740,29.361,0.352,0.437,46.156
99.760,31.154,0.344,0.437,46.187
99.780,32.520,0.332,0.437,46.181
99.800,33.393,0.316,0.437,46.130
99.820,33.756,0.302,0.437,46.043
99.840,33.656,0.278,0.437,45.927
99.860,33.047,0.259,0.437,45.786
99.880,31.969,0.235,0.437,45.633
99.900,30.393,0.213,0.437,45.478
99.920,28.418,0.186,0.437,45.331
99.940,25.980,0.165,0.437,45.203
99.960,23.168,0.128,0.437,45.101
99.980,20.010,0.111,0.437,45.033
100.000,16.570,0.079,0.437,45.002
100.020,12.879,0.058,0.437,45.013
100.040,9.006,0.029,0.437,45.066
100.060,5.027,0.013,0.437,45.160
100.080,0.943,-0.008,0.437,45.288
100.100,-3.146,-0.026,0.437,45.448
100.120,-7.201,-0.037,0.437,45.631
100.140,-11.133,-0.049,0.437,45.822
100.160,-14.895,-0.059,0.437,46.016
100.180,-18.451,-0.067,0.437,46.201
100.200,-21.727,-0.068,0.437,46.371
100.220,-24.674,-0.070,0.437,46.510
100.240,-27.234,-0.066,0.437,46.613
100.260,-29.408,-0.061,0.437,46.674
100.280,-31.148,-0.050,0.437,46.691
100.300,-32.373,-0.041,0.437,46.663
100.320,-33.158,-0.024,0.437,46.590
100.340,-33.428,-0.008,0.437,46.477
100.360,-33.217,0.012,0.437,46.333
100.380,-32.543,0.033,0.437,46.167
100.400,-31.354,0.053,0.437,45.989
100.420,-29.701,0.083,0.437,45.810
100.440,-27.568,0.103,0.437,45.638
100.460,-25.066,0.132,0.437,45.486
100.480,-22.172,0.156,0.437,45.360
100.500,-18.932,0.182,0.437,45.266
100.520,-15.457,0.206,0.437,45.211
100.540,-11.695,0.233,0.437,45.195
100.560,-7.764,0.252,0.437,45.221
100.580,-3.732,0.278,0.437,45.281
100.600,0.369,0.294,0.437,45.380
100.620,4.441,0.315,0.437,45.502
100.640,8.473,0.326,0.437,45.648
100.660,12.357,0.338,0.437,45.799
100.680,16.102,0.351,0.437,45.953
100.700,19.570,0.350,0.437,46.097
100.720,22.770,0.358,0.437,46.220
100.740,25.652,0.354,0.437,46.315
100.760,28.113,0.352,0.437,46.371
100.780,30.176,0.341,0.437,46.386
100.800,31.799,0.334,0.437,46.355
100.820,32.953,0.321,0.437,46.285
100.840,33.609,0.308,0.437,46.171
100.860,33.779,0.285,0.437,46.027
100.880,33.475,0.269,0.437,45.850
100.900,32.654,0.245,0.437,45.659
100.920,31.359,0.224,0.437,45.459
100.940,29.607,0.196,0.437,45.262
100.960,27.451,0.170,0.437,45.077
100.980,24.850,0.145,0.437,44.915
101.000,21.885,0.120,0.437,44.782
101.020,18.609,0.095,0.437,44.687
101.040,15.053,0.062,0.437,44.632
101.060,11.291,0.045,0.437,44.621
101.080,7.371,0.019,0.437,44.651
101.100,3.311,0.004,0.437,44.724
101.120,-0.750,-0.018,0.437,44.828
101.140,-4.846,-0.033,0.437,44.965
101.160,-8.871,-0.049,0.437,45.119
101.180,-12.732,-0.058,0.437,45.288
101.200,-16.406,-0.070,0.437,45.458
101.220,-19.816,-0.071,0.437,45.619
101.240,-22.986,-0.077,0.437,45.759
101.260,-25.758,-0.074,0.437,45.872
101.280,-28.184,-0.068,0.437,45.951
101.300,-30.164,-0.064,0.437,45.987
101.320,-31.705,-0.051,0.437,45.983
101.340,-32.754,-0.040,0.437,45.937
101.360,-33.316,-0.022,0.437,45.853
101.380,-33.398,-0.004,0.437,45.736
101.400,-32.988,0.014,0.437,45.595
101.420,-32.092,0.041,0.437,45.439
101.440,-30.703,0.057,0.437,45.277
101.460,-28.852,0.095,0.437,45.122
101.480,-26.578,0.111,0.437,44.980
101.500,-23.918,0.140,0.437,44.863
101.520,-20.854,0.161,0.437,44.778
101.540,-17.502,0.194,0.437,44.731
101.560,-13.898,0.213,0.437,44.726
101.580,-10.066,0.240,0.437,44.762
101.600,-6.100,0.261,0.437,44.843
101.620,-2.016,0.286,0.437,44.961
101.640,2.086,0.301,0.437,45.114
101.660,6.152,0.322,0.437,45.293
101.680,10.119,0.330,0.437,45.491
101.700,13.975,0.346,0.437,45.694
101.720,17.584,0.352,0.437,45.900
101.740,20.941,0.355,0.437,46.086
101.760,24.035,0.360,0.437,46.251
101.780,26.725,0.358,0.437,46.384
101.800,29.027,0.350,0.437,46.481
101.820,30.902,0.344,0.437,46.529
101.840,32.338,0.328,0.437,46.534
101.860,33.287,0.318,0.437,46.492
101.880,33.732,0.298,0.437,46.295
101.900,33.703,0.279,0.437,46.295
101.920,33.187,0.263,0.437,46.153
101.940,32.162,0.236,0.437,45.997
101.960,30.668,0.215,0.437,45.835
101.980,28.752,0.184,0.437,45.677
102.000,26.414,0.166,0.437,45.534
102.020,23.631,0.132,0.437,45.415
102.040,20.520,0.113,0.437,45.327
102.060,17.139,0.081,0.437,45.275
102.080,13.459,0.060,0.437,45.263
102.100,9.645,0.035,0.437,45.291
102.120,5.637,0.016,0.437,45.359
102.140,1.594,-0.003,0.437,45.463
102.160,-2.514,-0.023,0.437,45.595
102.180,-6.574,-0.037,0.437,45.751
102.200,-10.529,-0.050,0.437,45.919
102.220,-14.326,-0.058,0.437,46.094
102.240,-17.918,-0.068,0.437,46.257
102.260,-21.234,-0.066,0.437,46.406
102.280,-24.217,-0.071,0.437,46.523
102.300,-26.859,-0.065,0.437,46.607
102.320,-29.092,-0.062,0.437,46.648
102.340,-30.908,-0.050,0.437,46.598
102.360,-32.262,-0.043,0.437,46.598
102.380,-33.082,-0.025,0.437,46.508
102.400,-33.404,-0.009,0.437,46.379
102.420,-33.293,0.008,0.437,46.033
102.440,-32.725,0.030,0.437,46.033
102.460,-31.605,0.053,0.437,45.835
102.480,-29.994,0.077,0.437,45.636
102.500,-27.955,0.104,0.437,45.444
102.520,-25.512,0.126,0.437,45.271
102.540,-22.682,0.155,0.437,45.124
102.560,-19.488,0.178,0.437,45.011
102.580,-16.020,0.203,0.437,44.936
102.600,-12.322,0.229,0.437,44.902
102.620,-8.414,0.255,0.437,44.912
102.640,-4.389,0.273,0.437,44.962
102.660,-0.305,0.297,0.437,45.046
102.680,3.803,0.311,0.437,45.164
102.700,7.828,0.329,0.437,45.301
102.720,11.760,0.337,0.437,45.452
102.740,15.516,0.355,0.437,45.606
102.760,19.043,0.356,0.437,45.760
102.780,22.289,0.359,0.437,45.892
102.800,25.219,0.359,0.437,45.999
102.820,27.744,0.354,0.437,46.072
102.840,29.883,0.351,0.437,46.106
102.860,31.564,0.339,0.437,46.099
102.880,32.795,0.327,0.437,46.050
102.900,33.539,0.311,0.437,45.961
102.920,33.791,0.292,0.437,45.837
102.940,33.551,0.273,0.437,45.685
102.960,32.812,0.250,0.437,45.516
102.980,31.605,0.230,0.437,45.338
103.000,29.900,0.204,0.437,45.162
103.020,27.832,0.173,0.437,44.999
103.040,25.289,0.155,0.437,44.856
103.060,22.365,0.120,0.437,44.743
103.080,19.154,0.102,0.437,44.668
103.100,15.621,0.069,0.437,44.632
103.120,11.889,0.049,0.437,44.642
103.140,7.975,0.023,0.437,44.692
103.160,3.961,0.005,0.437,44.788
103.180,-0.111,-0.013,0.437,44.916
103.200,-4.213,-0.033,0.437,45.077
103.220,-8.232,-0.048,0.437,45.259
103.240,-12.135,-0.060,0.437,45.455
103.260,-15.826,-0.070,0.437,45.657
103.280,-19.324,-0.074,0.437,45.846
103.300,-22.512,-0.075,0.437,46.020
103.320,-25.354,-0.075,0.437,46.163
103.340,-27.826,-0.070,0.437,46.337
103.360,-29.871,-0.062,0.437,46.337
103.380,-31.506,-0.053,0.437,46.360
103.400,-32.625,-0.038,0.437,46.340
103.420,-33.258,-0.026,0.437,46.280
103.440,-33.422,-0.008,0.437,46.184
103.460,-33.070,0.009,0.437,46.062
103.480,-32.273,0.038,0.437,45.922
103.500,-30.961,0.057,0.437,45.771
103.520,-29.191,0.085,0.437,45.624
103.540,-26.977,0.103,0.437,45.488
103.560,-24.322,0.133,0.437,45.289
103.580,-21.352,0.159,0.437,45.289
103.600,-18.029,0.186,0.437,45.240
103.620,-14.490,0.211,0.437,45.231
103.640,-10.687,0.233,0.437,45.262
103.660,-6.709,0.258,0.437,45.334
103.680,-2.660,0.276,0.437,45.442
103.700,1.459,0.298,0.437,45.583
103.720,5.514,0.315,0.437,45.750
103.740,9.492,0.332,0.437,45.935
103.760,13.371,0.338,0.437,46.128
103.780,17.033,0.353,0.437,46.317
103.800,20.437,0.356,0.437,46.494
103.820,23.578,0.359,0.437,46.648
103.840,26.326,0.353,0.437,46.769
103.860,28.693,0.351,0.437,46.845
103.880,30.633,0.340,0.437,46.882
103.900,32.150,0.331,0.437,46.867
103.920,33.164,0.318,0.437,46.810
103.940,33.697,0.301,0.437,46.711
103.960,33.744,0.282,0.437,46.575
103.980,33.305,0.264,0.437,46.413
104.000,32.361,0.237,0.437,46.231
104.020,30.949,0.217,0.437,46.044
104.040,29.086,0.187,0.437,45.858
104.060,26.795,0.166,0.437,45.685
104.080,24.100,0.138,0.437,45.536
104.100,21.064,0.117,0.437,45.416
104.120,17.707,0.086,0.437,45.332
104.140,14.074,0.062,0.437,45.286
104.160,10.254,0.037,0.437,45.282
104.180,6.305,0.018,0.437,45.317
104.200,2.244,-0.004,0.437,45.389
104.220,-1.857,-0.020,0.437,45.492
104.240,-5.906,-0.038,0.437,45.619
104.260,-9.926,-0.051,0.437,45.760
104.280,-13.717,-0.058,0.437,45.911
104.300,-17.344,-0.072,0.437,46.053
104.320,-20.713,-0.072,0.437,46.184
104.340,-23.771,-0.077,0.437,46.290
104.360,-26.455,-0.069,0.437,46.366
104.380,-28.781,-0.067,0.437,46.398
104.400,-30.662,-0.057,0.437,46.390
104.420,-32.051,-0.046,0.437,46.335
104.440,-32.982,-0.032,0.437,46.240
104.460,-33.410,-0.014,0.437,46.105
104.480,-33.363,0.004,0.437,45.940
104.500,-32.854,0.021,0.437,45.754
104.520,-31.822,0.048,0.437,45.352
104.540,-30.281,0.067,0.437,45.352
104.560,-28.324,0.098,0.437,45.158
104.580,-25.928,0.120,0.437,44.982
104.600,-23.180,0.149,0.437,44.832
104.620,-20.021,0.173,0.437,44.716
104.640,-16.594,0.201,0.437,44.640
104.660,-12.949,0.225,0.437,44.606
104.680,-9.064,0.249,0.437,44.666
104.700,-5.057,0.272,0.437,44.666
104.720,-0.961,0.294,0.437,44.755
104.740,3.135,0.310,0.437,44.879
104.760,7.207,0.327,0.437,45.026
104.780,11.121,0.341,0.437,45.190
104.800,14.918,0.349,0.437,45.362
104.820,18.480,0.356,0.437,45.530
104.840,21.768,0.360,0.437,45.680
104.860,24.785,0.362,0.439,45.810
104.880,27.363,0.356,0.439,45.907
104.900,29.584,0.353,0.439,45.966
104.920,31.318,0.344,0.439,45.984
104.940,32.648,0.332,0.439,45.962
104.960,33.445,0.317,0.439,45.899
104.980,33.779,0.299,0.439,45.800
105.000,33.633,0.278,0.439,45.672
105.020,32.965,0.261,0.439,45.522
105.040,31.822,0.231,0.439,45.364
105.060,30.193,0.210,0.439,45.203
105.080,28.195,0.179,0.439,45.053
105.100,25.699,0.161,0.439,44.922
105.120,22.852,0.128,0.439,44.820
105.140,19.676,0.108,0.439,44.752
105.160,16.201,0.076,0.439,44.723
105.180,12.486,0.055,0.439,44.737
105.200,8.602,0.030,0.439,44.793
105.220,4.588,0.014,0.439,44.889
105.240,0.504,-0.010,0.439,45.021
105.260,-3.562,-0.024,0.439,45.183
105.280,-7.611,-0.045,0.439,45.367
105.300,-11.543,-0.050,0.439,45.565
105.320,-15.281,-0.060,0.439,45.766
105.340,-18.803,-0.067,0.439,45.955
105.360,-22.043,-0.070,0.439,46.126
105.380,-24.937,-0.072,0.439,46.268
105.400,-27.469,-0.063,0.439,46.374
105.420,-29.596,-0.059,0.439,46.437
105.440,-31.289,-0.050,0.439,46.455
105.460,-32.502,-0.041,0.439,46.429
105.480,-33.193,-0.021,0.439,46.361
105.500,-33.422,-0.005,0.439,46.252
105.520,-33.170,0.016,0.439,46.115
105.540,-32.449,0.033,0.439,45.955
105.560,-31.207,0.059,0.439,45.787
105.580,-29.484,0.082,0.439,45.617
105.600,-27.334,0.107,0.439,45.455
105.620,-24.791,0.128,0.439,45.314
105.640,-21.850,0.157,0.439,45.199
105.660,-18.598,0.187,0.439,45.117
105.680,-15.064,0.206,0.439,45.075
105.700,-11.297,0.236,0.439,45.070
105.720,-7.354,0.255,0.439,45.109
105.740,-3.305,0.278,0.439,45.182
105.760,0.779,0.297,0.439,45.288
105.780,4.863,0.315,0.439,45.422
105.800,8.871,0.326,0.439,45.576
105.820,12.768,0.338,0.439,45.736
105.840,16.471,0.352,0.439,45.896
105.860,19.910,0.353,0.439,46.047
105.880,23.098,0.355,0.439,46.268
105.900,25.928,0.356,0.439,46.268
105.920,28.342,0.348,0.439,46.326
105.940,30.369,0.347,0.439,46.339
105.960,31.934,0.332,0.439,46.312
105.980,33.023,0.321,0.439,46.237
106.000,33.645,0.305,0.439,46.125
106.020,33.768,0.283,0.439,45.978
106.040,33.416,0.269,0.439,45.804
106.060,32.531,0.241,0.439,45.612
106.080,31.213,0.220,0.439,45.412
106.100,29.402,0.191,0.439,45.216
106.120,27.205,0.172,0.439,45.033
106.140,24.551,0.141,0.439,44.874
106.160,21.551,0.118,0.439,44.744
106.180,18.264,0.091,0.439,44.652
106.200,14.666,0.062,0.439,44.600
106.220,10.887,0.041,0.439,44.590
106.240,6.937,0.020,0.439,44.623
106.260,2.889,-0.001,0.439,44.694
106.280,-1.184,-0.020,0.439,44.801
106.300,-5.256,-0.035,0.439,44.935
106.320,-9.270,-0.052,0.439,45.091
106.340,-13.107,-0.057,0.439,45.255
106.360,-16.770,-0.072,0.439,45.420
106.380,-20.197,-0.072,0.439,45.712
106.400,-23.291,-0.080,0.442,45.712
106.420,-26.033,-0.071,0.442,45.820
106.440,-28.400,-0.069,0.442,45.889
106.460,-30.352,-0.062,0.442,45.916
106.480,-31.828,-0.050,0.442,45.904
106.500,-32.859,-0.035,0.442,45.850
106.520,-33.340,-0.023,0.442,45.757
106.540,-33.375,-0.001,0.442,45.635
106.560,-32.918,0.020,0.442,45.489
106.580,-31.986,0.045,0.442,45.326
106.600,-30.551,0.062,0.442,45.161
106.620,-28.664,0.091,0.442,45.002
106.640,-26.344,0.114,0.442,44.860
106.660,-23.607,0.142,0.442,44.743
106.680,-20.525,0.168,0.442,44.659
106.700,-17.168,0.196,0.442,44.614
106.720,-13.535,0.217,0.442,44.610
106.740,-9.674,0.244,0.442,44.731
106.760,-5.660,0.263,0.442,44.731
106.780,-1.605,0.287,0.442,44.850
106.800,2.514,0.302,0.442,45.182
106.820,6.551,0.323,0.442,45.182
106.840,10.512,0.336,0.442,45.380
106.860,14.350,0.347,0.442,45.584
106.880,17.941,0.354,0.442,45.789
106.900,21.281,0.358,0.442,45.976
106.920,24.328,0.361,0.442,46.142
106.940,26.965,0.356,0.442,46.272
106.960,29.244,0.354,0.442,46.364
106.980,31.066,0.340,0.442,46.412
107.000,32.467,0.328,0.442,46.413
107.020,33.357,0.317,0.442,46.369
107.040,33.762,0.300,0.442,46.288
107.060,33.674,0.277,0.442,46.174
107.080,33.100,0.262,0.442,46.035
107.100,32.033,0.233,0.442,45.882
107.120,30.504,0.214,0.442,45.573
107.140,28.523,0.182,0.442,45.573
107.160,26.139,0.166,0.442,45.437
107.180,23.320,0.131,0.442,45.326
107.200,20.197,0.112,0.442,45.247
107.220,16.775,0.079,0.442,45.204
107.240,13.084,0.062,0.442,45.202
107.260,9.217,0.033,0.442,45.239
107.280,5.215,0.016,0.442,45.317
107.300,1.154,-0.006,0.442,45.428
107.320,-2.930,-0.021,0.442,45.570
107.340,-6.967,-0.038,0.442,45.731
107.360,-10.951,-0.051,0.442,45.907
107.380,-14.713,-0.057,0.442,46.085
107.400,-18.252,-0.067,0.442,46.252
107.420,-21.557,-0.064,0.442,46.402
107.440,-24.516,-0.070,0.442,46.520
107.460,-27.129,-0.065,0.442,46.604
107.480,-29.314,-0.062,0.442,46.646
107.500,-31.072,-0.049,0.442,46.645
107.520,-32.338,-0.039,0.442,46.595
107.540,-33.117,-0.025,0.442,46.504
107.560,-33.434,-0.007,0.442,46.374
107.580,-33.270,0.011,0.442,46.211
107.600,-32.607,0.029,0.442,46.029
107.620,-31.441,0.052,0.442,45.832
107.640,-29.789,0.079,0.442,45.635
107.660,-27.727,0.106,0.442,45.445
107.680,-25.242,0.127,0.442,45.274
107.700,-22.359,0.154,0.442,45.130
107.720,-19.131,0.181,0.442,45.020
107.740,-15.627,0.206,0.442,44.948
107.760,-11.936,0.233,0.442,44.916
107.780,-8.010,0.253,0.442,44.928
107.800,-3.979,0.275,0.442,44.975
107.820,0.129,0.295,0.442,45.060
107.840,4.230,0.315,0.442,45.172
107.860,8.250,0.331,0.442,45.310
107.880,12.152,0.340,0.442,45.606
107.900,15.879,0.352,0.442,45.606
107.920,19.389,0.356,0.442,45.749
107.940,22.605,0.356,0.442,45.872
107.960,25.488,0.359,0.442,45.968
107.980,27.984,0.352,0.442,46.028
108.000,30.070,0.348,0.442,46.047
108.020,31.723,0.340,0.442,46.027
108.040,32.895,0.323,0.442,45.968
108.060,33.586,0.311,0.442,45.864
108.080,33.785,0.289,0.442,45.729
108.100,33.498,0.272,0.442,45.564
108.120,32.719,0.250,0.442,45.384
108.140,31.447,0.228,0.442,45.196
108.160,29.707,0.200,0.442,45.011
108.180,27.586,0.175,0.442,44.839
108.200,25.002,0.148,0.442,44.690
108.220,22.061,0.124,0.442,44.570
108.240,18.803,0.092,0.442,44.488
108.260,15.258,0.069,0.442,44.446
108.280,11.496,0.042,0.442,44.449
108.300,7.576,0.024,0.442,44.495
108.320,3.557,0.004,0.442,44.582
108.340,-0.551,-0.019,0.442,44.704
108.360,-4.623,-0.033,0.442,44.858
108.380,-8.643,-0.050,0.442,45.031
108.400,-12.527,-0.055,0.442,45.217
108.420,-16.207,-0.065,0.442,45.404
108.440,-19.658,-0.075,0.442,45.581
108.460,-22.828,-0.075,0.442,45.742
108.480,-25.623,-0.079,0.442,45.875
108.500,-28.049,-0.068,0.442,45.973
108.520,-30.070,-0.062,0.442,46.031
108.540,-31.646,-0.054,0.442,46.043
108.560,-32.707,-0.036,0.442,46.016
108.580,-33.281,-0.026,0.442,45.946
108.600,-33.387,-0.004,0.442,45.845
108.620,-33.029,0.016,0.442,45.718
108.640,-32.145,0.040,0.442,45.571
108.660,-30.797,0.058,0.442,45.419
108.680,-28.951,0.087,0.442,45.271
108.700,-26.701,0.108,0.442,45.136
108.720,-24.041,0.137,0.442,45.025
108.740,-21.035,0.160,0.442,44.943
108.760,-17.678,0.194,0.442,44.898
108.780,-14.098,0.212,0.442,44.895
108.800,-10.266,0.238,0.442,44.931
108.820,-6.299,0.260,0.442,45.009
108.840,-2.238,0.283,0.442,45.124
108.860,1.857,0.298,0.442,45.274
108.880,5.936,0.317,0.442,45.446
108.900,9.914,0.331,0.442,45.639
108.920,13.758,0.339,0.442,45.835
108.940,17.396,0.351,0.442,46.030
108.960,20.771,0.355,0.442,46.210
108.980,23.877,0.356,0.442,46.370
109.000,26.596,0.355,0.442,46.491
109.020,28.916,0.351,0.442,46.575
109.040,30.814,0.340,0.442,46.614
109.060,32.279,0.334,0.442,46.606
109.080,33.246,0.312,0.442,46.554
109.100,33.732,0.302,0.442,46.459
109.120,33.715,0.278,0.442,46.331
109.140,33.217,0.264,0.442,46.173
109.160,32.238,0.237,0.442,46.001
109.180,30.773,0.215,0.442,45.823
109.200,28.863,0.185,0.442,45.648
109.220,26.543,0.166,0.442,45.487
109.240,23.801,0.133,0.442,45.349
109.260,20.719,0.111,0.442,45.242
109.280,17.344,0.079,0.442,45.171
109.300,13.693,0.060,0.442,45.140
109.320,9.850,0.034,0.442,45.149
109.340,5.889,0.016,0.442,45.197
109.360,1.816,-0.004,0.442,45.281
109.380,-2.297,-0.025,0.442,45.393
109.400,-6.346,-0.035,0.442,45.533
109.420,-10.324,-0.056,0.442,45.684
109.440,-14.121,-0.060,0.442,45.845
109.460,-17.701,-0.067,0.442,45.996
109.480,-21.047,-0.071,0.442,46.131
109.500,-24.088,-0.074,0.442,46.241
109.520,-26.725,-0.071,0.442,46.318
109.540,-28.986,-0.064,0.442,46.357
109.560,-30.832,-0.057,0.442,46.348
109.580,-32.180,-0.044,0.442,46.296
109.600,-33.064,-0.028,0.442,46.204
109.620,-33.410,-0.016,0.442,46.072
109.640,-33.328,0.007,0.442,45.911
109.660,-32.754,0.025,0.442,45.728
109.680,-31.682,0.050,0.442,45.533
109.700,-30.123,0.074,0.442,45.336
109.720,-28.107,0.099,0.442,45.146
109.740,-25.676,0.124,0.442,44.977
109.760,-22.863,0.149,0.442,44.834
109.780,-19.682,0.176,0.442,44.725
109.800,-16.242,0.205,0.442,44.657
109.820,-12.562,0.226,0.442,44.630
109.840,-8.637,0.253,0.442,44.646
109.860,-4.629,0.271,0.442,44.704
109.880,-0.539,0.296,0.442,44.798
109.900,3.557,0.310,0.442,44.926
109.920,7.588,0.331,0.442,45.076
109.940,11.520,0.340,0.442,45.246
109.960,15.322,0.353,0.442,45.417
109.980,18.832,0.356,0.442,45.588
110.000,22.107,0.359,0.442,45.736
110.020,25.072,0.359,0.442,45.863
110.040,27.598,0.359,0.442,45.956
110.060,29.766,0.348,0.442,46.015
110.080,31.471,0.342,0.442,46.026
110.100,32.742,0.329,0.442,45.999
110.120,33.510,0.315,0.442,45.931
110.140,33.785,0.297,0.442,45.828
110.160,33.574,0.274,0.442,45.698
110.180,32.871,0.257,0.442,45.547
110.200,31.687,0.227,0.442,45.389
110.220,30.041,0.208,0.442,45.228
110.240,27.961,0.179,0.442,45.079
110.260,25.424,0.153,0.442,44.950
110.280,22.541,0.127,0.442,44.850
110.300,19.342,0.104,0.442,44.786
110.320,15.850,0.072,0.442,44.760
110.340,12.100,0.053,0.442,44.779
110.360,8.209,0.026,0.442,44.837
110.380,4.184,0.009,0.442,44.938
110.400,0.123,-0.013,0.442,45.072
110.420,-3.990,-0.026,0.442,45.239
110.440,-8.021,-0.044,0.442,45.425
110.460,-11.930,-0.054,0.442,45.623
110.480,-15.662,-0.061,0.442,45.823
110.500,-19.131,-0.070,0.442,46.011
110.520,-22.365,-0.068,0.442,46.180
110.540,-25.195,-0.071,0.442,46.318
110.560,-27.709,-0.066,0.442,46.420
110.580,-29.795,-0.059,0.442,46.480
110.600,-31.424,-0.053,0.442,46.498
110.620,-32.578,-0.037,0.442,46.469
110.640,-33.223,-0.023,0.442,46.398
110.660,-33.416,-0.006,0.442,46.289
110.680,-33.123,0.015,0.442,46.153
110.700,-32.320,0.035,0.442,45.996
110.720,-31.055,0.058,0.442,45.829
110.740,-29.273,0.083,0.442,45.663
110.760,-27.094,0.103,0.442,45.507
110.780,-24.510,0.137,0.442,45.371
110.800,-21.527,0.156,0.442,45.262
110.820,-18.234,0.186,0.442,45.188
110.840,-14.666,0.203,0.442,45.153
110.860,-10.898,0.236,0.442,45.156
110.880,-6.949,0.254,0.442,45.201
110.900,-2.883,0.276,0.442,45.281
110.920,1.201,0.296,0.442,45.394
110.940,5.309,0.315,0.442,45.533
110.960,9.275,0.330,0.442,45.691
110.980,13.166,0.339,0.442,45.854
111.000,16.834,0.344,0.442,46.013
111.020,20.256,0.352,0.442,46.161
111.040,23.414,0.356,0.442,46.286
111.060,26.191,0.354,0.442,46.384
111.080,28.576,0.352,0.442,46.438
111.100,30.545,0.340,0.442,46.452
111.120,32.086,0.333,0.442,46.419
111.140,33.117,0.317,0.442,46.341
111.160,33.697,0.304,0.442,46.225
111.180,33.756,0.282,0.442,46.073
111.200,33.334,0.261,0.442,45.893
111.220,32.420,0.240,0.442,45.696
111.240,31.043,0.215,0.442,45.495
111.260,29.197,0.189,0.442,45.295
111.280,26.947,0.167,0.442,45.111
111.300,24.252,0.136,0.442,44.949
111.320,21.229,0.117,0.442,44.819
111.340,17.900,0.083,0.442,44.725
111.360,14.279,0.064,0.442,44.671
111.380,10.500,0.034,0.442,44.659
111.400,6.516,0.016,0.440,44.690
111.420,2.467,-0.004,0.440,44.759
111.440,-1.617,-0.022,0.440,44.860
111.460,-5.689,-0.038,0.440,44.988
111.480,-9.674,-0.052,0.440,45.135
111.500,-13.518,-0.062,0.440,45.288
111.520,-17.133,-0.069,0.440,45.443
111.540,-20.531,-0.073,0.440,45.584
111.560,-23.596,-0.077,0.440,45.704
111.580,-26.297,-0.075,0.440,45.796
111.600,-28.629,-0.069,0.440,45.852
111.620,-30.533,-0.058,0.440,45.864
111.640,-31.975,-0.051,0.440,45.836
111.660,-32.924,-0.032,0.440,45.765
111.680,-33.352,-0.018,0.440,45.658
111.700,-33.375,0.006,0.440,45.519
111.720,-32.871,0.017,0.440,45.358
111.740,-31.875,0.042,0.440,45.187
111.760,-30.381,0.066,0.440,45.013
111.780,-28.424,0.093,0.440,44.845
111.800,-26.080,0.118,0.440,44.696
111.820,-23.320,0.146,0.440,44.572
111.840,-20.197,0.170,0.440,44.483
111.860,-16.793,0.199,0.440,44.434
111.880,-13.154,0.219,0.440,44.426
111.900,-9.264,0.248,0.440,44.463
111.920,-5.250,0.264,0.437,44.542
111.940,-1.189,0.290,0.437,44.657
111.960,2.924,0.312,0.437,44.809
111.980,6.961,0.324,0.437,44.987
112.000,10.928,0.338,0.437,45.186
112.020,14.725,0.346,0.437,45.387
112.040,18.299,0.356,0.437,45.584
112.060,21.598,0.359,0.437,45.768
112.080,24.621,0.360,0.438,45.929
112.100,27.234,0.358,0.438,46.057
112.120,29.455,0.348,0.438,46.147
112.140,31.236,0.342,0.438,46.192
112.160,32.578,0.331,0.438,46.193
112.180,33.428,0.312,0.438,46.152
112.200,33.773,0.300,0.438,46.073
112.220,33.645,0.274,0.438,45.963
112.240,33.018,0.259,0.438,45.829
112.260,31.898,0.234,0.438,45.683
112.280,30.316,0.210,0.438,45.534
112.300,28.312,0.181,0.438,45.392
112.320,25.857,0.161,0.438,45.267
112.340,23.016,0.129,0.438,45.169
112.360,19.857,0.111,0.438,45.103
112.380,16.395,0.079,0.438,45.075
112.400,12.686,0.058,0.438,45.087
112.420,8.807,0.031,0.438,45.141
112.440,4.805,0.017,0.438,45.233
112.460,0.750,-0.009,0.438,45.359
112.480,-3.357,-0.021,0.438,45.515
112.500,-7.400,-0.041,0.438,45.692
112.520,-11.332,-0.046,0.438,45.881
112.540,-15.070,-0.059,0.438,46.069
112.560,-18.609,-0.067,0.438,46.248
112.580,-21.885,-0.069,0.438,46.407
112.600,-24.785,-0.067,0.438,46.536
112.620,-27.322,-0.066,0.438,46.628
112.640,-29.496,-0.060,0.438,46.676
112.660,-31.219,-0.048,0.438,46.680
112.680,-32.443,-0.039,0.438,46.636
112.700,-33.187,-0.021,0.438,46.550
112.720,-33.410,-0.008,0.438,46.424
112.740,-33.193,0.017,0.438,46.268
112.760,-32.496,0.032,0.438,46.089
112.780,-31.307,0.059,0.438,45.899
112.800,-29.613,0.082,0.438,45.708
112.820,-27.463,0.104,0.438,45.525
112.840,-24.943,0.131,0.438,45.362
112.860,-22.037,0.157,0.438,45.225
112.880,-18.803,0.185,0.438,45.121
112.900,-15.299,0.211,0.438,45.057
112.920,-11.537,0.234,0.438,45.033
112.940,-7.588,0.254,0.438,45.049
112.960,-3.545,0.276,0.438,45.102
112.980,0.562,0.295,0.438,45.190
113.000,4.641,0.319,0.438,45.303
113.020,8.648,0.328,0.438,45.443
113.040,12.557,0.342,0.438,45.587
113.060,16.266,0.348,0.438,45.733
113.080,19.729,0.357,0.438,45.869
113.100,22.922,0.356,0.438,45.984
113.120,25.775,0.357,0.438,46.071
113.140,28.219,0.352,0.438,46.122
113.160,30.258,0.345,0.438,46.132
113.180,31.863,0.336,0.438,46.102
113.200,32.982,0.320,0.438,46.028
113.220,33.621,0.307,0.438,45.914
113.240,33.779,0.288,0.438,45.768
113.260,33.434,0.265,0.438,45.596
113.280,32.590,0.247,0.438,45.405
113.300,31.289,0.220,0.438,45.210
113.320,29.525,0.194,0.438,45.018
113.340,27.334,0.169,0.438,44.841
113.360,24.709,0.143,0.438,44.686
113.380,21.738,0.120,0.438,44.563
113.400,18.445,0.088,0.438,44.477
113.420,14.877,0.065,0.438,44.433
113.440,11.086,0.041,0.438,44.434
113.460,7.154,0.017,0.438,44.476
113.480,3.135,-0.000,0.437,44.560
113.500,-0.961,-0.022,0.437,44.680
113.520,-5.039,-0.033,0.437,44.831
113.540,-9.059,-0.050,0.437,45.001
113.560,-12.902,-0.059,0.437,45.184
113.580,-16.576,-0.070,0.437,45.364
113.600,-19.980,-0.075,0.437,45.538
113.620,-23.127,-0.074,0.437,45.695
113.640,-25.898,-0.075,0.437,45.821
113.660,-28.277,-0.068,0.437,45.916
113.680,-30.264,-0.062,0.437,45.966
113.700,-31.764,-0.050,0.437,45.977
113.720,-32.801,-0.038,0.437,45.943
113.740,-33.299,-0.021,0.437,45.875
113.760,-33.410,-0.004,0.437,45.772
113.780,-32.947,0.019,0.437,45.645
113.800,-32.027,0.038,0.437,45.502
113.820,-30.609,0.063,0.437,45.355
113.840,-28.734,0.087,0.437,45.212
113.860,-26.461,0.112,0.437,45.085
113.880,-23.771,0.141,0.437,44.983
113.900,-20.689,0.164,0.437,44.912
113.920,-17.326,0.196,0.437,44.878
113.940,-13.729,0.214,0.437,44.887
113.960,-9.861,0.242,0.437,44.937
113.980,-5.900,0.263,0.437,45.029
114.000,-1.811,0.284,0.437,45.159
114.020,2.262,0.299,0.437,45.322
114.040,6.346,0.319,0.437,45.713
114.060,10.301,0.331,0.437,45.713
114.080,14.139,0.342,0.437,45.923
114.100,17.771,0.347,0.437,46.129
114.120,21.100,0.358,0.437,46.317
114.140,24.170,0.354,0.437,46.487
114.160,26.854,0.355,0.437,46.619
114.180,29.139,0.350,0.437,46.757
114.200,30.979,0.340,0.437,46.757
114.220,32.402,0.331,0.437,46.759
114.240,33.316,0.315,0.437,46.713
114.260,33.756,0.300,0.437,46.627
114.280,33.691,0.277,0.437,46.505
114.300,33.158,0.257,0.437,46.359
114.320,32.098,0.235,0.437,46.196
114.340,30.592,0.213,0.437,46.029
114.360,28.641,0.182,0.437,45.865
114.380,26.268,0.165,0.437,45.716
114.400,23.496,0.128,0.437,45.591
114.420,20.379,0.114,0.437,45.496
114.440,16.980,0.076,0.437,45.437
114.460,13.295,0.062,0.437,45.419
114.480,9.457,0.029,0.437,45.439
114.500,5.449,0.013,0.437,45.499
114.520,1.389,-0.007,0.437,45.594
114.540,-2.719,-0.024,0.437,45.721
114.560,-6.773,-0.036,0.437,45.868
114.580,-10.705,-0.051,0.437,46.025
114.600,-14.502,-0.062,0.437,46.186
114.620,-18.076,-0.067,0.437,46.341
114.640,-21.381,-0.073,0.437,46.476
114.660,-24.375,-0.071,0.437,46.586
114.680,-26.959,-0.071,0.437,46.660
114.700,-29.209,-0.062,0.437,46.692
114.720,-31.002,-0.051,0.437,46.679
114.740,-32.285,-0.043,0.437,46.620
114.760,-33.117,-0.029,0.437,46.519
114.780,-33.416,-0.013,0.437,46.382
114.800,-33.299,0.012,0.437,46.213
114.820,-32.684,0.030,0.437,46.022
114.840,-31.547,0.053,0.437,45.820
114.860,-29.936,0.080,0.437,45.616
114.880,-27.844,0.103,0.437,45.421
114.900,-25.406,0.130,0.437,45.246
114.920,-22.553,0.152,0.437,45.099
114.940,-19.336,0.184,0.437,44.985
114.960,-15.873,0.205,0.437,44.913
114.980,-12.141,0.230,0.437,44.881
115.000,-8.244,0.257,0.437,44.893
115.020,-4.189,0.277,0.437,44.944
115.040,-0.111,0.295,0.437,45.035
115.060,3.990,0.315,0.437,45.153
115.080,8.010,0.331,0.437,45.298
115.100,11.930,0.342,0.437,45.453
115.120,15.697,0.356,0.437,45.615
115.140,19.184,0.355,0.437,45.774
115.160,22.418,0.363,0.440,45.911
115.180,25.354,0.355,0.440,46.025
115.200,27.855,0.360,0.440,46.101
115.220,29.971,0.348,0.440,46.145
115.240,31.641,0.344,0.440,46.142
115.260,32.830,0.323,0.440,46.103
115.280,33.562,0.313,0.440,46.018
115.300,33.785,0.290,0.440,45.904
115.320,33.533,0.273,0.440,45.759
115.340,32.754,0.253,0.440,45.599
115.360,31.535,0.229,0.440,45.431
115.380,29.830,0.198,0.440,45.265
115.400,27.721,0.177,0.440,44.979
115.420,25.154,0.149,0.440,44.979
115.440,22.230,0.126,0.440,44.878
115.460,18.996,0.100,0.440,44.813
115.480,15.457,0.070,0.440,44.789
115.500,11.701,0.049,0.440,44.809
115.520,7.793,0.023,0.440,44.870
115.540,3.768,0.010,0.440,44.973
115.560,-0.322,-0.016,0.440,45.108
115.580,-4.418,-0.029,0.440,45.280
115.600,-8.449,-0.046,0.440,45.468
115.620,-12.328,-0.056,0.440,45.670
115.640,-16.014,-0.062,0.440,45.870
115.660,-19.488,-0.071,0.440,46.061
115.680,-22.682,-0.072,0.440,46.232
115.700,-25.482,-0.071,0.440,46.374
115.720,-27.937,-0.068,0.440,46.478
115.740,-29.971,-0.061,0.440,46.541
115.760,-31.559,-0.050,0.440,46.560
115.780,-32.684,-0.036,0.440,46.532
115.800,-33.287,-0.022,0.440,46.464
115.820,-33.404,-0.004,0.440,46.361
115.840,-33.053,0.014,0.440,46.228
115.860,-32.191,0.041,0.440,46.079
115.880,-30.885,0.058,0.440,45.918
115.900,-29.086,0.087,0.440,45.761
115.920,-26.836,0.104,0.440,45.615
115.940,-24.205,0.141,0.440,45.491
115.960,-21.182,0.154,0.440,45.396
115.980,-17.889,0.192,0.440,45.334
116.000,-14.309,0.207,0.440,45.314
116.020,-10.500,0.239,0.440,45.330
116.040,-6.527,0.253,0.440,45.390
116.060,-2.461,0.280,0.440,45.482
116.080,1.629,0.295,0.440,45.610
116.100,5.713,0.318,0.440,45.758
116.120,9.674,0.329,0.440,45.927
116.140,13.553,0.340,0.440,46.099
116.160,17.197,0.347,0.440,46.269
116.180,20.607,0.356,0.440,46.424
116.200,23.713,0.355,0.440,46.554
116.220,26.443,0.354,0.440,46.652
116.240,28.793,0.350,0.440,46.709
116.260,30.715,0.339,0.440,46.722
116.280,32.203,0.331,0.440,46.687
116.300,33.205,0.314,0.440,46.610
116.320,33.721,0.302,0.440,46.490
116.340,33.732,0.278,0.440,46.339
116.360,33.275,0.261,0.440,46.157
116.380,32.303,0.235,0.440,45.962
116.400,30.861,0.218,0.440,45.759
116.420,28.980,0.186,0.440,45.563
116.440,26.695,0.167,0.440,45.380
116.460,23.947,0.134,0.440,45.220
116.480,20.900,0.116,0.440,45.092
116.500,17.531,0.078,0.440,45.000
116.520,13.904,0.066,0.440,44.949
116.540,10.072,0.033,0.440,44.938
116.560,6.100,0.016,0.438,44.970
116.580,2.068,-0.007,0.438,45.037
116.600,-2.039,-0.023,0.438,45.136
116.620,-6.100,-0.040,0.438,45.261
116.640,-10.096,-0.052,0.438,45.403
116.660,-13.893,-0.062,0.438,45.550
116.680,-17.490,-0.073,0.438,45.692
116.700,-20.865,-0.075,0.438,45.828
116.720,-23.912,-0.075,0.438,45.936
116.740,-26.578,-0.072,0.438,46.014
116.760,-28.869,-0.070,0.438,46.054
116.780,-30.732,-0.060,0.438,46.053
116.800,-32.098,-0.051,0.438,46.011
116.820,-33.035,-0.027,0.438,45.928
116.840,-33.381,-0.018,0.438,45.804
116.860,-33.357,0.001,0.438,45.653
116.880,-32.807,0.022,0.438,45.481
116.900,-31.740,0.049,0.438,45.296
116.920,-30.199,0.070,0.438,45.110
116.940,-28.219,0.097,0.438,44.933
116.960,-25.822,0.118,0.438,44.775
116.980,-23.045,0.150,0.438,44.644
117.000,-19.869,0.170,0.438,44.548
117.020,-16.424,0.204,0.438,44.492
117.040,-12.762,0.222,0.438,44.479
117.060,-8.877,0.251,0.438,44.510
117.080,-4.857,0.271,0.438,44.583
117.100,-0.768,0.294,0.438,44.695
117.120,3.340,0.311,0.438,44.841
117.140,7.383,0.325,0.438,45.009
117.160,11.314,0.337,0.438,45.195
117.180,15.100,0.350,0.438,45.386
117.200,18.656,0.350,0.438,45.575
117.220,21.932,0.361,0.438,45.745
117.240,24.920,0.359,0.438,45.895
117.260,27.480,0.356,0.438,46.012
117.280,29.672,0.349,0.438,46.088
117.300,31.389,0.342,0.438,46.119
117.320,32.672,0.331,0.438,46.111
117.340,33.480,0.312,0.438,46.062
117.360,33.785,0.295,0.438,45.975
117.380,33.598,0.274,0.438,45.856
117.400,32.918,0.257,0.438,45.715
117.420,31.758,0.234,0.438,45.565
117.440,30.117,0.207,0.438,45.270
117.460,28.090,0.180,0.438,45.270
117.480,25.564,0.157,0.438,45.145
117.500,22.717,0.128,0.438,45.048
117.520,19.512,0.107,0.438,44.985
117.540,16.025,0.074,0.438,44.959
117.560,12.305,0.058,0.438,44.975
117.580,8.396,0.029,0.438,45.031
117.600,4.400,0.013,0.438,45.128
117.620,0.316,-0.008,0.438,45.257
117.640,-3.762,-0.026,0.438,45.416
117.660,-7.799,-0.040,0.438,45.596
117.680,-11.719,-0.050,0.438,45.786
117.700,-15.457,-0.062,0.438,45.979
117.720,-18.967,-0.067,0.438,46.157
117.740,-22.189,-0.070,0.438,46.319
117.760,-25.066,-0.069,0.438,46.444
117.780,-27.574,-0.067,0.438,46.537
117.800,-29.701,-0.060,0.438,46.585
117.820,-31.359,-0.050,0.438,46.590
117.840,-32.525,-0.039,0.438,46.543
117.860,-33.217,-0.017,0.438,46.458
117.880,-33.428,-0.005,0.438,46.330
117.900,-33.164,0.016,0.438,46.175
117.920,-32.391,0.036,0.438,46.000
117.940,-31.143,0.057,0.438,45.814
117.960,-29.402,0.084,0.438,45.450
117.980,-27.217,0.106,0.438,45.450
118.000,-24.674,0.137,0.438,45.294
118.020,-21.727,0.157,0.438,45.165
118.040,-18.428,0.186,0.438,45.069
118.060,-14.918,0.211,0.438,45.013
118.080,-11.115,0.238,0.438,44.996
118.100,-7.178,0.258,0.438,45.022
118.120,-3.123,0.278,0.438,45.081
118.140,0.973,0.298,0.438,45.177
118.160,5.051,0.315,0.438,45.297
118.180,9.059,0.331,0.438,45.438
118.200,12.937,0.344,0.438,45.588
118.220,16.635,0.351,0.438,45.736
118.240,20.068,0.356,0.438,45.875
118.260,23.221,0.356,0.438,45.992
118.280,26.051,0.355,0.438,46.077
118.300,28.459,0.352,0.438,46.127
118.320,30.445,0.341,0.438,46.136
118.340,31.992,0.335,0.438,46.100
118.360,33.076,0.319,0.438,46.022
118.380,33.674,0.302,0.438,45.906
118.400,33.762,0.286,0.438,45.756
118.420,33.381,0.262,0.438,45.582
118.440,32.490,0.243,0.438,45.389
118.460,31.131,0.217,0.438,45.194
118.480,29.314,0.192,0.438,45.001
118.500,27.076,0.168,0.438,44.825
118.520,24.434,0.139,0.438,44.672
118.540,21.404,0.115,0.438,44.550
118.560,18.094,0.086,0.438,44.467
118.580,14.496,0.062,0.438,44.425
118.600,10.693,0.040,0.438,44.428
118.620,6.756,0.013,0.438,44.470
118.640,2.695,-0.003,0.438,44.557
118.660,-1.383,-0.024,0.438,44.675
118.680,-5.443,-0.035,0.438,44.826
118.700,-9.463,-0.052,0.438,44.993
118.720,-13.283,-0.060,0.438,45.172
118.740,-16.939,-0.069,0.438,45.349
118.760,-20.332,-0.075,0.438,45.518
118.780,-23.443,-0.078,0.441,45.667
118.800,-26.168,-0.075,0.441,45.788
118.820,-28.506,-0.069,0.441,45.873
118.840,-30.428,-0.058,0.441,45.915
118.860,-31.887,-0.051,0.441,45.916
118.880,-32.889,-0.036,0.441,45.875
118.900,-33.352,-0.022,0.441,45.799
118.920,-33.363,-0.002,0.441,45.689
118.940,-32.900,0.020,0.441,45.557
118.960,-31.910,0.041,0.441,45.261
118.980,-30.463,0.062,0.441,45.261
119.000,-28.535,0.093,0.441,45.117
119.020,-26.191,0.113,0.441,44.990
119.040,-23.467,0.145,0.441,44.888
119.060,-20.350,0.166,0.441,44.819
119.080,-16.986,0.197,0.441,44.788
119.100,-13.330,0.218,0.441,44.798
119.120,-9.480,0.243,0.441,44.852
119.140,-5.479,0.263,0.441,44.945
119.160,-1.389,0.285,0.441,45.077
119.180,2.678,0.303,0.441,45.241
119.200,6.768,0.321,0.441,45.430
119.220,10.699,0.331,0.441,45.636
119.240,14.543,0.347,0.441,45.845
119.260,18.117,0.351,0.441,46.055
119.280,21.434,0.356,0.441,46.245
119.300,24.463,0.356,0.441,46.411
119.320,27.088,0.352,0.441,46.540
119.340,29.344,0.350,0.441,46.630
119.360,31.148,0.336,0.441,46.676
119.380,32.508,0.331,0.441,46.674
119.400,33.381,0.311,0.441,46.626
119.420,33.756,0.297,0.441,46.539
119.440,33.656,0.275,0.441,46.420
119.460,33.070,0.256,0.441,46.274
119.480,31.969,0.233,0.441,46.113
119.500,30.416,0.212,0.441,45.948
119.520,28.424,0.181,0.441,45.790
119.540,26.021,0.160,0.441,45.647
119.560,23.186,0.131,0.441,45.528
119.580,20.051,0.109,0.441,45.440
119.600,16.600,0.077,0.441,45.389
119.620,12.879,0.055,0.441,45.378
119.640,9.053,0.033,0.441,45.408
119.660,5.033,0.014,0.441,45.475
119.680,0.967,-0.007,0.441,45.577
119.700,-3.117,-0.025,0.441,45.707
119.720,-7.160,-0.042,0.441,45.858
119.740,-11.115,-0.051,0.441,46.020
119.760,-14.889,-0.062,0.441,46.185
119.780,-18.422,-0.070,0.441,46.336
119.800,-21.715,-0.070,0.441,46.475
119.820,-24.662,-0.072,0.441,46.580
119.840,-27.229,-0.069,0.441,46.651
119.860,-29.402,-0.063,0.441,46.680
119.880,-31.143,-0.050,0.441,46.665
119.900,-32.414,-0.042,0.441,46.604
119.920,-33.170,-0.023,0.441,46.499
119.940,-33.428,-0.009,0.441,46.356
119.960,-33.246,0.012,0.441,46.183
119.980,-32.596,0.033,0.441,45.990
120.000,-31.383,0.054,0.441,45.787
120.020,-29.730,0.083,0.441,45.583
120.040,-27.609,0.104,0.441,45.388
120.060,-25.113,0.128,0.441,45.214
120.080,-22.230,0.157,0.441,45.068
120.100,-18.996,0.184,0.441,44.956
120.120,-15.504,0.211,0.441,44.884
120.140,-11.748,0.232,0.441,44.854
120.160,-7.822,0.257,0.439,44.866
120.180,-3.768,0.278,0.439,44.917
120.200,0.328,0.298,0.439,45.004
120.220,4.412,0.318,0.439,45.122
120.240,8.432,0.332,0.439,45.263
120.260,12.340,0.342,0.439,45.416
120.280,16.072,0.354,0.439,45.572
120.300,19.559,0.356,0.439,45.722
120.320,22.752,0.361,0.439,45.852
120.340,25.617,0.357,0.439,45.957
120.360,28.090,0.356,0.439,46.027
120.380,30.164,0.348,0.439,46.059
120.400,31.787,0.338,0.439,46.049
120.420,32.941,0.323,0.439,45.998
120.440,33.609,0.307,0.439,45.902
120.460,33.785,0.290,0.439,45.778
120.480,33.475,0.269,0.439,45.627
120.500,32.660,0.248,0.439,45.459
120.520,31.389,0.223,0.439,45.286
120.540,29.619,0.197,0.439,45.115
120.560,27.475,0.177,0.439,44.959
120.580,24.867,0.148,0.439,44.825
120.600,21.902,0.123,0.439,44.723
120.620,18.645,0.094,0.439,44.658
120.640,15.064,0.066,0.439,44.634
120.660,11.320,0.045,0.439,44.655
120.680,7.371,0.024,0.439,44.718
120.700,3.346,0.002,0.439,44.821
120.720,-0.744,-0.015,0.439,44.960
120.740,-4.822,-0.033,0.439,45.128
120.760,-8.824,-0.047,0.439,45.318
120.780,-12.715,-0.057,0.439,45.519
120.800,-16.383,-0.067,0.439,45.720
120.820,-19.822,-0.069,0.439,45.910
120.840,-22.957,-0.076,0.439,46.077
120.860,-25.752,-0.069,0.439,46.218
120.880,-28.172,-0.070,0.439,46.319
120.900,-30.152,-0.059,0.439,46.379
120.920,-31.705,-0.051,0.439,46.396
120.940,-32.754,-0.036,0.439,46.369
120.960,-33.287,-0.021,0.439,46.300
120.980,-33.375,-0.005,0.439,46.199
121.000,-33.000,0.017,0.439,46.070
121.020,-32.104,0.036,0.439,45.923
121.040,-30.709,0.062,0.439,45.770
121.060,-28.852,0.086,0.439,45.619
121.080,-26.578,0.108,0.439,45.481
121.100,-23.912,0.137,0.439,45.366
121.120,-20.883,0.163,0.439,45.280
121.140,-17.520,0.191,0.439,45.230
121.160,-13.928,0.213,0.439,45.220
121.180,-10.084,0.236,0.439,45.250
121.200,-6.111,0.262,0.439,45.320
121.220,-2.045,0.281,0.439,45.427
121.240,2.068,0.300,0.439,45.565
121.260,6.123,0.320,0.439,45.725
121.280,10.102,0.331,0.439,45.905
121.300,13.922,0.342,0.439,46.086
121.320,17.549,0.352,0.439,46.264
121.340,20.924,0.356,0.439,46.429
121.360,24.012,0.357,0.439,46.568
121.380,26.719,0.353,0.439,46.672
121.400,29.016,0.349,0.439,46.734
121.420,30.885,0.341,0.439,46.750
121.440,32.332,0.328,0.439,46.723
121.460,33.281,0.317,0.439,46.649
121.480,33.738,0.298,0.439,46.538
121.500,33.703,0.280,0.439,46.390
121.520,33.205,0.258,0.439,46.216
121.540,32.180,0.236,0.439,46.027
121.560,30.686,0.214,0.439,45.834
121.580,28.781,0.185,0.439,45.644
121.600,26.420,0.165,0.439,45.470
121.620,23.666,0.129,0.439,45.320
121.640,20.572,0.112,0.439,45.201
121.660,17.180,0.075,0.439,45.119
121.680,13.512,0.060,0.439,45.078
121.700,9.674,0.029,0.439,45.077
121.720,5.701,0.012,0.439,45.118
121.740,1.629,-0.010,0.439,45.194
121.760,-2.479,-0.026,0.439,45.302
121.780,-6.510,-0.044,0.439,45.434
121.800,-10.488,-0.052,0.439,45.582
121.820,-14.279,-0.066,0.439,45.734
121.840,-17.871,-0.070,0.439,45.882
121.860,-21.205,-0.074,0.439,46.013
121.880,-24.199,-0.075,0.439,46.119
121.900,-26.818,-0.070,0.439,46.193
121.920,-29.074,-0.068,0.439,46.228
121.940,-30.914,-0.054,0.439,46.220
121.960,-32.227,-0.047,0.439,46.170
121.980,-33.088,-0.029,0.439,46.079
122.000,-33.416,-0.013,0.439,45.950
122.020,-33.316,0.010,0.439,45.792
122.040,-32.725,0.025,0.439,45.612
122.060,-31.623,0.053,0.439,45.424
122.080,-30.029,0.075,0.439,45.235
122.100,-28.008,0.099,0.439,45.054
122.120,-25.535,0.123,0.439,44.894
122.140,-22.734,0.153,0.439,44.762
122.160,-19.535,0.176,0.439,44.608
122.180,-16.066,0.208,0.439,44.608
122.200,-12.381,0.228,0.439,44.595
122.220,-8.455,0.252,0.439,44.624
122.240,-4.424,0.275,0.439,44.694
122.260,-0.328,0.292,0.439,44.803
122.280,3.750,0.313,0.439,44.943
122.300,7.793,0.328,0.439,45.109
122.320,11.707,0.339,0.439,45.289
122.340,15.480,0.353,0.439,45.474
122.360,18.996,0.352,0.439,45.657
122.380,22.242,0.357,0.439,45.817
122.400,25.213,0.355,0.439,45.955
122.420,27.715,0.353,0.439,46.057
122.440,29.865,0.349,0.439,46.122
122.460,31.541,0.342,0.439,46.143
122.480,32.795,0.328,0.439,46.126
122.500,33.539,0.312,0.439,46.065
122.520,33.785,0.295,0.439,45.969
122.540,33.551,0.273,0.439,45.845
122.560,32.818,0.254,0.439,45.699
122.580,31.605,0.231,0.439,45.545
122.600,29.912,0.206,0.439,45.391
122.620,27.850,0.176,0.439,45.248
122.640,25.289,0.157,0.439,45.030
122.660,22.400,0.125,0.439,45.030
122.680,19.166,0.105,0.439,44.970
122.700,15.668,0.070,0.439,44.949
122.720,11.912,0.055,0.439,44.971
122.740,8.004,0.029,0.439,45.032
122.760,3.990,0.012,0.439,45.133
122.780,-0.094,-0.010,0.439,45.267
122.800,-4.166,-0.027,0.439,45.432
122.820,-8.221,-0.041,0.439,45.617
122.840,-12.111,-0.052,0.439,45.810
122.860,-15.826,-0.063,0.439,46.005
122.880,-19.301,-0.070,0.439,46.188
122.900,-22.488,-0.069,0.439,46.352
122.920,-25.359,-0.069,0.439,46.480
122.940,-27.809,-0.067,0.439,46.573
122.960,-29.889,-0.064,0.439,46.625
122.980,-31.500,-0.047,0.439,46.632
123.000,-32.607,-0.041,0.439,46.506
123.020,-33.270,-0.020,0.439,46.506
123.040,-33.439,-0.004,0.439,46.383
123.060,-33.088,0.015,0.439,46.233
123.080,-32.291,0.037,0.439,46.064
123.100,-30.973,0.061,0.439,45.884
123.120,-29.209,0.087,0.439,45.705
123.140,-26.988,0.108,0.439,45.538
123.160,-24.398,0.137,0.439,45.392
123.180,-21.381,0.161,0.439,45.273
123.200,-18.070,0.191,0.439,45.189
123.220,-14.531,0.211,0.439,45.145
123.240,-10.723,0.238,0.439,45.174
123.260,-6.768,0.256,0.439,45.174
123.280,-2.678,0.283,0.439,45.245
123.300,1.395,0.296,0.439,45.350
123.320,5.461,0.321,0.439,45.477
123.340,9.463,0.329,0.439,45.627
123.360,13.342,0.342,0.439,45.780
123.380,17.004,0.348,0.439,45.933
123.400,20.402,0.354,0.439,46.069
123.420,23.549,0.355,0.439,46.187
123.440,26.320,0.353,0.439,46.269
123.460,28.670,0.354,0.439,46.316
123.480,30.633,0.340,0.439,46.323
123.500,32.139,0.332,0.439,46.283
123.520,33.152,0.317,0.439,46.200
123.540,33.697,0.298,0.439,46.078
123.560,33.738,0.282,0.439,45.922
123.580,33.322,0.264,0.439,45.741
123.600,32.373,0.236,0.439,45.547
123.620,30.961,0.215,0.439,45.149
123.640,29.098,0.183,0.439,45.149
123.660,26.824,0.167,0.439,44.968
123.680,24.123,0.134,0.439,44.812
123.700,21.076,0.112,0.439,44.687
123.720,17.736,0.080,0.439,44.600
123.740,14.104,0.058,0.439,44.555
123.760,10.289,0.036,0.439,44.553
123.780,6.340,0.017,0.437,44.593
123.800,2.279,-0.008,0.437,44.784
123.820,-1.799,-0.027,0.437,44.784
123.840,-5.859,-0.040,0.437,44.928
123.860,-9.850,-0.054,0.437,45.087
123.880,-13.682,-0.061,0.437,45.256
123.900,-17.309,-0.073,0.437,45.423
123.920,-20.678,-0.074,0.437,45.581
123.940,-23.701,-0.080,0.442,45.715
123.960,-26.414,-0.070,0.442,45.887
123.980,-28.729,-0.070,0.442,45.887
124.000,-30.604,-0.058,0.442,45.900
124.020,-32.027,-0.047,0.442,45.900
124.040,-32.936,-0.034,0.442,45.845
124.060,-33.340,-0.018,0.442,45.753
124.080,-33.316,0.002,0.442,45.632
124.100,-32.812,0.020,0.442,45.487
124.120,-31.781,0.046,0.442,45.330
124.140,-30.275,0.066,0.442,45.172
124.160,-28.295,0.096,0.442,45.021
124.180,-25.916,0.117,0.442,44.782
124.200,-23.180,0.145,0.442,44.782
124.220,-20.027,0.169,0.442,44.710
124.240,-16.594,0.195,0.442,44.677
124.260,-12.937,0.220,0.442,44.686
124.280,-9.064,0.246,0.442,44.740
124.300,-5.057,0.267,0.442,44.835
124.320,-0.973,0.290,0.442,44.968
124.340,3.129,0.304,0.442,45.135
124.360,7.160,0.323,0.442,45.326
124.380,11.109,0.330,0.442,45.532
124.400,14.906,0.351,0.442,45.741
124.420,18.469,0.350,0.442,45.951
124.440,21.762,0.357,0.442,46.140
124.460,24.756,0.356,0.442,46.306
124.480,27.346,0.355,0.442,46.434
124.500,29.543,0.348,0.442,46.526
124.520,31.307,0.339,0.442,46.570
124.540,32.613,0.327,0.442,46.526
124.560,33.445,0.314,0.442,46.526
124.580,33.768,0.294,0.442,46.443
124.600,33.621,0.277,0.442,46.188
124.620,32.965,0.255,0.442,46.035
124.640,31.834,0.231,0.442,46.035
124.660,30.240,0.211,0.442,45.879
124.680,28.207,0.177,0.442,45.731
124.700,25.746,0.162,0.442,45.493
124.720,22.875,0.125,0.442,45.493
124.740,19.717,0.108,0.442,45.419
124.760,16.236,0.077,0.442,45.382
124.780,12.527,0.058,0.442,45.386
124.800,8.654,0.029,0.442,45.428
124.820,4.629,0.014,0.442,45.511
124.840,0.562,-0.008,0.442,45.623
124.860,-3.539,-0.024,0.442,45.766
124.880,-7.570,-0.042,0.442,45.928
124.900,-11.508,-0.053,0.442,46.100
124.920,-15.211,-0.060,0.442,46.276
124.940,-18.762,-0.071,0.442,46.435
124.960,-22.008,-0.072,0.442,46.577
124.980,-24.902,-0.071,0.442,46.686
125.000,-27.445,-0.067,0.442,46.758
125.020,-29.578,-0.062,0.442,46.776
125.040,-31.271,-0.049,0.442,46.776
125.060,-32.461,-0.039,0.442,46.714
125.080,-33.193,-0.023,0.442,46.611
125.100,-33.416,-0.008,0.442,46.469
125.120,-33.164,0.016,0.442,46.298
125.140,-32.443,0.035,0.442,46.105
125.160,-31.213,0.058,0.442,45.902
125.180,-29.508,0.083,0.442,45.700
125.200,-27.369,0.106,0.442,45.506
125.220,-24.814,0.132,0.442,45.334
125.240,-21.879,0.161,0.442,45.189
125.260,-18.627,0.186,0.442,45.079
125.280,-15.094,0.211,0.442,45.010
125.300,-11.332,0.236,0.442,44.979
125.320,-7.395,0.259,0.437,44.992
125.340,-3.334,0.282,0.437,45.041
125.360,0.756,0.302,0.437,45.128
125.380,4.834,0.318,0.437,45.243
125.400,8.848,0.333,0.437,45.377
125.420,12.744,0.341,0.437,45.523
125.440,16.424,0.352,0.437,45.670
125.460,19.904,0.355,0.437,45.809
125.480,23.062,0.361,0.442,45.925
125.500,25.887,0.356,0.442,46.017
125.520,28.324,0.354,0.442,46.072
125.540,30.357,0.348,0.442,46.092
125.560,31.922,0.333,0.442,46.065
125.580,33.023,0.323,0.442,45.998
125.600,33.650,0.307,0.442,45.892
125.620,33.785,0.286,0.442,45.753
125.640,33.416,0.267,0.442,45.589
125.660,32.555,0.244,0.442,45.409
125.680,31.225,0.222,0.442,45.224
125.700,29.408,0.195,0.442,45.043
125.720,27.229,0.172,0.442,44.878
125.740,24.580,0.142,0.442,44.737
125.760,21.586,0.118,0.442,44.628
125.780,18.293,0.092,0.442,44.557
125.800,14.695,0.064,0.442,44.527
125.820,10.916,0.039,0.442,44.542
125.840,6.973,0.021,0.442,44.600
125.860,2.941,-0.000,0.442,44.699
125.880,-1.160,-0.021,0.442,44.832
125.900,-5.221,-0.036,0.442,44.998
125.920,-9.252,-0.051,0.442,45.181
125.940,-13.096,-0.058,0.442,45.377
125.960,-16.729,-0.072,0.442,45.569
125.980,-20.150,-0.072,0.442,45.756
126.000,-23.244,-0.075,0.442,45.918
126.020,-26.021,-0.074,0.442,46.051
126.040,-28.365,-0.071,0.442,46.151
126.060,-30.305,-0.058,0.442,46.207
126.080,-31.787,-0.050,0.442,46.219
126.100,-32.812,-0.037,0.442,46.189
126.120,-33.328,-0.021,0.442,46.118
126.140,-33.375,0.002,0.442,46.015
126.160,-32.900,0.014,0.442,45.887
126.180,-31.957,0.043,0.442,45.744
126.200,-30.521,0.058,0.442,45.594
126.220,-28.635,0.091,0.442,45.450
126.240,-26.326,0.108,0.442,45.321
126.260,-23.607,0.141,0.442,45.215
126.280,-20.531,0.160,0.442,45.140
126.300,-17.145,0.192,0.442,45.102
126.320,-13.547,0.214,0.442,45.104
126.340,-9.686,0.241,0.442,45.147
126.360,-5.701,0.261,0.442,45.229
126.380,-1.611,0.284,0.442,45.349
126.400,2.484,0.300,0.442,45.502
126.420,6.539,0.321,0.442,45.676
126.440,10.512,0.331,0.442,45.868
126.460,14.309,0.343,0.442,46.061
126.480,17.930,0.352,0.442,46.251
126.500,21.258,0.352,0.442,46.424
126.520,24.316,0.356,0.442,46.571
126.540,26.959,0.352,0.442,46.679
126.560,29.232,0.348,0.442,46.748
126.580,31.066,0.338,0.442,46.771
126.600,32.455,0.326,0.442,46.747
126.620,33.346,0.312,0.442,46.678
126.640,33.756,0.298,0.442,46.569
126.660,33.680,0.276,0.442,46.427
126.680,33.094,0.261,0.442,46.259
126.700,32.057,0.230,0.442,46.077
126.720,30.516,0.214,0.442,45.889
126.740,28.547,0.181,0.442,45.707
126.760,26.150,0.162,0.442,45.541
126.780,23.361,0.127,0.442,45.398
126.800,20.221,0.108,0.442,45.287
126.820,16.822,0.074,0.442,45.213
126.840,13.131,0.056,0.442,45.179
126.860,9.264,0.029,0.442,45.185
126.880,5.291,0.012,0.442,45.230
126.900,1.201,-0.013,0.442,45.311
126.920,-2.871,-0.026,0.442,45.422
126.940,-6.908,-0.042,0.442,45.554
126.960,-10.893,-0.056,0.442,45.696
126.980,-14.648,-0.062,0.442,45.849
127.000,-18.217,-0.074,0.442,45.988
127.020,-21.510,-0.071,0.442,46.116
127.040,-24.457,-0.078,0.442,46.211
127.060,-27.064,-0.064,0.442,46.278
127.080,-29.262,-0.066,0.442,46.297
127.100,-31.043,-0.053,0.442,46.279
127.120,-32.314,-0.046,0.442,46.214
127.140,-33.105,-0.025,0.442,46.113
127.160,-33.398,-0.011,0.442,45.970
127.180,-33.240,0.011,0.442,45.802
127.200,-32.613,0.029,0.442,45.612
127.220,-31.459,0.054,0.442,45.413
127.240,-29.812,0.075,0.442,45.215
127.260,-27.715,0.104,0.442,45.026
127.280,-25.236,0.128,0.442,44.859
127.300,-22.383,0.155,0.442,44.720
127.320,-19.148,0.179,0.442,44.616
127.340,-15.662,0.204,0.442,44.553
127.360,-11.924,0.232,0.442,44.531
127.380,-8.016,0.252,0.442,44.556
127.400,-3.996,0.280,0.442,44.617
127.420,0.094,0.296,0.442,44.720
127.440,4.184,0.315,0.442,44.852
127.460,8.227,0.330,0.442,45.010
127.480,12.105,0.341,0.442,45.182
127.500,15.873,0.352,0.442,45.356
127.520,19.348,0.357,0.442,45.529
127.540,22.582,0.358,0.442,45.683
127.560,25.482,0.356,0.442,45.810
127.580,27.967,0.354,0.442,45.902
127.600,30.053,0.350,0.442,45.957
127.620,31.699,0.337,0.442,45.970
127.640,32.895,0.326,0.442,45.941
127.660,33.580,0.309,0.442,45.873
127.680,33.779,0.292,0.442,45.771
127.700,33.510,0.273,0.442,45.640
127.720,32.730,0.252,0.442,45.493
127.740,31.459,0.228,0.442,45.338
127.760,29.742,0.202,0.442,45.184
127.780,27.609,0.176,0.442,45.043
127.800,25.020,0.152,0.442,44.923
127.820,22.084,0.123,0.442,44.833
127.840,18.838,0.098,0.442,44.779
127.860,15.299,0.068,0.442,44.765
127.880,11.525,0.048,0.442,44.795
127.900,7.623,0.028,0.442,44.866
127.920,3.568,0.006,0.442,44.976
127.940,-0.492,-0.014,0.442,45.121
127.960,-4.588,-0.029,0.442,45.295
127.980,-8.602,-0.046,0.442,45.488
128.000,-12.486,-0.054,0.442,45.691
128.020,-16.166,-0.065,0.442,45.892
128.040,-19.623,-0.070,0.442,46.081
128.060,-22.793,-0.071,0.442,46.252
128.080,-25.588,-0.074,0.442,46.388
128.100,-28.014,-0.067,0.442,46.491
128.120,-30.041,-0.062,0.442,46.548
128.140,-31.617,-0.050,0.442,46.558
128.160,-32.689,-0.036,0.442,46.525
128.180,-33.258,-0.021,0.442,46.448
128.200,-33.398,-0.002,0.442,46.335
128.220,-32.994,0.016,0.442,46.034
128.240,-32.139,0.037,0.442,46.034
128.260,-30.797,0.060,0.442,45.700
128.280,-28.957,0.088,0.442,45.700
128.300,-26.719,0.109,0.442,45.545
128.320,-24.064,0.137,0.442,45.412
128.340,-21.029,0.162,0.442,45.307
128.360,-17.713,0.190,0.442,45.237
128.380,-14.127,0.213,0.442,45.206
128.400,-10.301,0.239,0.442,45.216
128.420,-6.316,0.257,0.442,45.264
128.440,-2.250,0.282,0.442,45.347
128.460,1.828,0.298,0.442,45.464
128.480,5.912,0.315,0.442,45.604
128.500,9.867,0.330,0.442,45.761
128.520,13.734,0.340,0.442,45.921
128.540,17.373,0.350,0.442,46.081
128.560,20.742,0.353,0.442,46.224
128.580,23.859,0.356,0.442,46.344
128.600,26.572,0.354,0.442,46.431
128.620,28.904,0.348,0.442,46.479
128.640,30.791,0.340,0.442,46.481
128.660,32.256,0.327,0.442,46.439
128.680,33.234,0.315,0.442,46.352
128.700,33.727,0.298,0.442,46.227
128.720,33.721,0.280,0.442,46.067
128.740,33.229,0.259,0.442,45.885
128.760,32.244,0.232,0.442,45.686
128.780,30.791,0.212,0.442,45.483
128.800,28.869,0.182,0.442,45.285
128.820,26.572,0.161,0.442,45.103
128.840,23.824,0.132,0.442,44.945
128.860,20.748,0.111,0.442,44.819
128.880,17.379,0.076,0.442,44.731
128.900,13.723,0.058,0.442,44.685
128.920,9.908,0.029,0.442,44.681
128.940,5.930,0.013,0.439,44.718
128.960,1.887,-0.012,0.439,44.793
128.980,-2.227,-0.023,0.439,44.902
129.000,-6.281,-0.043,0.439,45.036
129.020,-10.254,-0.054,0.439,45.188
129.040,-14.074,-0.064,0.439,45.346
129.060,-17.625,-0.072,0.439,45.502
129.080,-20.994,-0.075,0.439,45.644
129.100,-24.006,-0.080,0.442,45.764
129.120,-26.660,-0.073,0.442,45.855
129.140,-28.939,-0.067,0.442,45.907
129.160,-30.750,-0.058,0.442,45.917
129.180,-32.098,-0.050,0.442,45.884
129.200,-33.000,-0.029,0.442,45.814
129.220,-33.363,-0.019,0.442,45.705
129.240,-33.293,0.007,0.442,45.569
129.260,-32.701,0.020,0.442,45.412
129.280,-31.629,0.049,0.442,45.244
129.300,-30.064,0.070,0.442,45.075
129.320,-28.084,0.098,0.442,44.915
129.340,-25.658,0.120,0.442,44.775
129.360,-22.834,0.150,0.442,44.662
129.380,-19.676,0.173,0.442,44.584
129.400,-16.219,0.199,0.442,44.546
129.420,-12.557,0.223,0.442,44.551
129.440,-8.660,0.247,0.442,44.600
129.460,-4.623,0.269,0.442,44.690
129.480,-0.551,0.291,0.442,44.820
129.500,3.568,0.307,0.442,44.981
129.520,7.570,0.327,0.442,45.166
129.540,11.514,0.336,0.442,45.370
129.560,15.281,0.347,0.442,45.576
129.580,18.820,0.354,0.442,45.779
129.600,22.084,0.356,0.442,45.963
129.620,25.043,0.358,0.442,46.124
129.640,27.592,0.354,0.442,46.245
129.660,29.760,0.348,0.442,46.331
129.680,31.465,0.339,0.442,46.370
129.700,32.742,0.325,0.442,46.368
129.720,33.510,0.311,0.442,46.319
129.740,33.785,0.295,0.442,46.236
129.760,33.580,0.273,0.442,46.121
129.780,32.883,0.253,0.442,45.985
129.800,31.693,0.229,0.442,45.837
129.820,30.047,0.207,0.442,45.687
129.840,27.979,0.178,0.442,45.546
129.860,25.447,0.157,0.442,45.424
129.880,22.564,0.128,0.442,45.328
129.900,19.377,0.103,0.442,45.265
129.920,15.867,0.074,0.442,45.239
129.940,12.146,0.054,0.442,45.256
129.960,8.232,0.027,0.442,45.310
129.980,4.219,0.010,0.442,45.406
130.000,0.146,-0.014,0.442,45.533
130.020,-3.943,-0.026,0.442,45.690
130.040,-7.957,-0.044,0.442,45.864
130.060,-11.883,-0.051,0.442,46.049
130.080,-15.609,-0.063,0.442,46.232
130.100,-19.084,-0.072,0.442,46.404
130.120,-22.318,-0.071,0.442,46.556
130.140,-25.166,-0.071,0.442,46.672
130.160,-27.674,-0.063,0.442,46.752
130.180,-29.760,-0.062,0.442,46.787
130.200,-31.400,-0.050,0.442,46.778
130.220,-32.566,-0.039,0.442,46.722
130.240,-33.205,-0.019,0.442,46.624
130.260,-33.410,-0.006,0.442,46.487
130.280,-33.100,0.020,0.442,46.322
130.300,-32.344,0.037,0.442,46.136
130.320,-31.072,0.062,0.442,45.941
130.340,-29.285,0.084,0.442,45.745
130.360,-27.111,0.111,0.442,45.561
130.380,-24.504,0.139,0.442,45.398
130.400,-21.562,0.162,0.442,45.262
130.420,-18.275,0.192,0.442,45.162
130.440,-14.713,0.211,0.442,45.102
130.460,-10.934,0.239,0.442,45.081
130.480,-6.955,0.259,0.438,45.101
130.500,-2.936,0.282,0.438,45.159
130.520,1.195,0.301,0.438,45.252
130.540,5.256,0.319,0.438,45.370
130.560,9.246,0.332,0.438,45.657
130.580,13.143,0.343,0.438,45.657
130.600,16.811,0.349,0.438,45.804
130.620,20.232,0.356,0.438,45.939
130.640,23.379,0.355,0.438,46.054
130.660,26.174,0.359,0.439,46.139
130.680,28.553,0.349,0.439,46.191
130.700,30.527,0.344,0.439,46.199
130.720,32.057,0.331,0.439,46.165
130.740,33.117,0.320,0.439,46.088
130.760,33.680,0.302,0.439,45.975
130.780,33.750,0.282,0.439,45.828
130.800,33.340,0.264,0.439,45.656
130.820,32.432,0.240,0.439,45.471
130.840,31.043,0.215,0.439,45.281
130.860,29.227,0.191,0.439,45.096
130.880,26.959,0.167,0.439,44.928
130.900,24.287,0.140,0.439,44.784
130.920,21.264,0.113,0.439,44.673
130.940,17.924,0.087,0.439,44.601
130.960,14.320,0.062,0.439,44.571
130.980,10.512,0.036,0.439,44.585
131.000,6.557,0.017,0.439,44.641
131.020,2.514,-0.002,0.439,44.739
131.040,-1.600,-0.023,0.439,44.869
131.060,-5.637,-0.038,0.439,45.030
131.080,-9.645,-0.054,0.439,45.209
131.100,-13.453,-0.061,0.439,45.400
131.120,-17.092,-0.071,0.439,45.589
131.140,-20.484,-0.075,0.439,45.768
131.160,-23.555,-0.075,0.439,45.926
131.180,-26.256,-0.075,0.439,46.054
131.200,-28.588,-0.070,0.439,46.146
131.220,-30.498,-0.062,0.439,46.195
131.240,-31.945,-0.052,0.439,46.202
131.260,-32.924,-0.034,0.439,46.168
131.280,-33.334,-0.020,0.439,46.093
131.300,-33.328,0.001,0.439,45.989
131.320,-32.830,0.021,0.439,45.859
131.340,-31.863,0.043,0.439,45.714
131.360,-30.369,0.062,0.439,45.566
131.380,-28.441,0.090,0.439,45.425
131.400,-26.068,0.114,0.439,45.301
131.420,-23.338,0.143,0.439,45.201
131.440,-20.209,0.167,0.439,45.133
131.460,-16.799,0.197,0.439,45.104
131.480,-13.166,0.213,0.439,45.116
131.500,-9.287,0.243,0.439,45.261
131.520,-5.297,0.261,0.439,45.261
131.540,-1.219,0.291,0.439,45.391
131.560,2.889,0.303,0.439,45.554
131.580,6.932,0.322,0.439,45.740
131.600,10.875,0.333,0.439,45.940
131.620,14.707,0.348,0.439,46.143
131.640,18.270,0.353,0.439,46.344
131.660,21.568,0.360,0.440,46.525
131.680,24.598,0.355,0.440,46.684
131.700,27.211,0.358,0.440,46.800
131.720,29.443,0.345,0.440,46.879
131.740,31.213,0.341,0.440,46.906
131.760,32.572,0.323,0.440,46.893
131.780,33.410,0.312,0.440,46.827
131.800,33.773,0.297,0.440,46.728
131.820,33.650,0.277,0.440,46.593
131.840,33.029,0.256,0.440,46.436
131.860,31.898,0.229,0.440,46.263
131.880,30.322,0.210,0.440,46.086
131.900,28.324,0.177,0.440,45.916
131.920,25.881,0.155,0.440,45.762
131.940,23.039,0.124,0.440,45.633
131.960,19.887,0.104,0.440,45.537
131.980,16.441,0.071,0.440,45.477
132.000,12.727,0.054,0.440,45.459
132.020,8.854,0.026,0.440,45.479
132.040,4.852,0.009,0.440,45.539
132.060,0.762,-0.014,0.440,45.633
132.080,-3.316,-0.029,0.440,45.757
132.100,-7.365,-0.042,0.440,45.902
132.120,-11.309,-0.053,0.440,46.056
132.140,-15.059,-0.063,0.440,46.211
132.160,-18.592,-0.071,0.440,46.359
132.180,-21.867,-0.071,0.440,46.488
132.200,-24.791,-0.075,0.440,46.586
132.220,-27.363,-0.069,0.440,46.652
132.240,-29.508,-0.064,0.440,46.674
132.260,-31.225,-0.049,0.440,46.654
132.280,-32.461,-0.038,0.440,46.584
132.300,-33.199,-0.027,0.440,46.475
132.320,-33.445,-0.009,0.440,46.333
132.340,-33.246,0.010,0.440,46.160
132.360,-32.525,0.034,0.440,45.968
132.380,-31.318,0.054,0.440,45.765
132.400,-29.643,0.083,0.440,45.564
132.420,-27.521,0.106,0.440,45.374
132.440,-24.996,0.137,0.440,45.204
132.460,-22.072,0.154,0.440,45.064
132.480,-18.826,0.190,0.440,44.958
132.500,-15.328,0.207,0.440,44.895
132.520,-11.561,0.237,0.440,44.871
132.540,-7.629,0.259,0.440,44.893
132.560,-3.580,0.278,0.440,44.954
132.580,0.504,0.298,0.440,45.052
132.600,4.605,0.315,0.440,45.179
132.620,8.602,0.334,0.440,45.328
132.640,12.504,0.342,0.440,45.491
132.660,16.236,0.353,0.440,45.655
132.680,19.699,0.354,0.440,45.816
132.700,22.898,0.358,0.440,45.952
132.720,25.752,0.358,0.440,46.064
132.740,28.195,0.354,0.440,46.139
132.760,30.246,0.344,0.440,46.178
132.780,31.840,0.339,0.440,46.172
132.800,32.977,0.325,0.440,46.129
132.820,33.621,0.309,0.440,46.044
132.840,33.785,0.290,0.440,45.928
132.860,33.445,0.267,0.440,45.783
132.880,32.602,0.249,0.440,45.622
132.900,31.307,0.220,0.440,45.456
132.920,29.531,0.200,0.440,45.293
132.940,27.352,0.174,0.440,45.145
132.960,24.732,0.149,0.440,45.019
132.980,21.744,0.120,0.440,44.924
133.000,18.480,0.098,0.440,44.868
133.020,14.906,0.067,0.440,44.850
133.040,11.109,0.047,0.440,44.878
133.060,7.195,0.023,0.440,44.947
133.080,3.146,0.008,0.440,45.056
133.100,-0.920,-0.018,0.440,45.198
133.120,-5.021,-0.029,0.440,45.371
133.140,-9.006,-0.048,0.440,45.561
133.160,-12.891,-0.053,0.440,45.762
133.180,-16.541,-0.067,0.440,45.957
133.200,-19.986,-0.073,0.440,46.146
133.220,-23.104,-0.072,0.440,46.310
133.240,-25.863,-0.075,0.440,46.446
133.260,-28.271,-0.066,0.440,46.543
133.280,-30.252,-0.063,0.440,46.595
133.300,-31.752,-0.050,0.440,46.604
133.320,-32.795,-0.035,0.440,46.569
133.340,-33.311,-0.021,0.440,46.491
133.360,-33.398,-0.000,0.440,46.377
133.380,-32.965,0.017,0.440,46.238
133.400,-32.051,0.038,0.440,46.081
133.420,-30.633,0.058,0.440,45.917
133.440,-28.764,0.092,0.440,45.757
133.460,-26.479,0.108,0.440,45.609
133.480,-23.783,0.143,0.440,45.484
133.500,-20.748,0.156,0.440,45.389
133.520,-17.361,0.194,0.440,45.327
133.540,-13.740,0.211,0.440,45.307
133.560,-9.914,0.244,0.440,45.325
133.580,-5.912,0.256,0.440,45.385
133.600,-1.852,0.288,0.440,45.475
133.620,2.250,0.302,0.440,45.603
133.640,6.322,0.320,0.440,45.751
133.660,10.266,0.332,0.440,45.917
133.680,14.127,0.343,0.440,46.084
133.700,17.725,0.352,0.440,46.247
133.720,21.082,0.354,0.440,46.395
133.740,24.158,0.356,0.440,46.515
133.760,26.830,0.352,0.440,46.603
133.780,29.115,0.349,0.440,46.649
133.800,30.961,0.339,0.440,46.652
133.820,32.396,0.329,0.440,46.609
133.840,33.316,0.311,0.440,46.521
133.860,33.750,0.299,0.440,46.391
133.880,33.691,0.273,0.440,46.231
133.900,33.152,0.257,0.440,46.043
133.920,32.115,0.231,0.440,45.843
133.940,30.609,0.213,0.440,45.639
133.960,28.670,0.174,0.440,45.443
133.980,26.314,0.161,0.440,45.260
134.000,23.514,0.130,0.440,45.103
134.020,20.414,0.107,0.440,44.979
134.040,17.016,0.076,0.440,44.892
134.060,13.342,0.054,0.440,44.846
134.080,9.510,0.029,0.440,44.842
134.100,5.502,0.011,0.435,44.878
134.120,1.447,-0.009,0.435,44.954
134.140,-2.660,-0.030,0.435,45.058
134.160,-6.709,-0.040,0.435,45.190
134.180,-10.664,-0.057,0.435,45.333
134.200,-14.449,-0.061,0.435,45.488
134.220,-18.012,-0.076,0.436,45.633
134.240,-21.352,-0.075,0.436,45.772
134.260,-24.316,-0.077,0.437,45.878
134.280,-26.924,-0.072,0.437,45.959
134.300,-29.150,-0.066,0.437,45.994
134.320,-30.937,-0.056,0.437,45.992
134.340,-32.250,-0.045,0.437,45.943
134.360,-33.088,-0.029,0.437,45.857
134.380,-33.393,-0.014,0.437,45.736
134.400,-33.270,0.009,0.437,45.587
134.420,-32.637,0.025,0.437,45.417
134.440,-31.535,0.053,0.437,45.238
134.460,-29.924,0.074,0.437,45.058
134.480,-27.861,0.098,0.437,44.889
134.500,-25.406,0.124,0.437,44.741
134.520,-22.541,0.151,0.437,44.622
134.540,-19.371,0.178,0.437,44.538
134.560,-15.879,0.203,0.437,44.496
134.580,-12.187,0.225,0.437,44.495
134.600,-8.256,0.253,0.437,44.540
134.620,-4.236,0.269,0.437,44.626
134.640,-0.141,0.297,0.437,44.749
134.660,3.949,0.311,0.437,44.907
134.680,7.975,0.327,0.437,45.086
134.700,11.900,0.337,0.437,45.280
134.720,15.662,0.350,0.437,45.477
134.740,19.172,0.355,0.437,45.672
134.760,22.395,0.360,0.437,45.847
134.780,25.330,0.356,0.437,46.000
134.800,27.844,0.355,0.437,46.114
134.820,29.959,0.348,0.437,46.191
134.840,31.617,0.340,0.437,46.221
134.860,32.824,0.328,0.437,46.209
134.880,33.557,0.311,0.437,46.160
134.900,33.773,0.294,0.437,46.071
134.920,33.539,0.272,0.437,45.955
134.940,32.754,0.257,0.437,45.816
134.960,31.547,0.226,0.437,45.671
134.980,29.836,0.206,0.437,45.522
135.000,27.744,0.174,0.437,45.385
135.020,25.160,0.153,0.437,45.266
135.040,22.266,0.124,0.437,45.176
135.060,19.020,0.102,0.437,45.121
135.080,15.469,0.069,0.437,45.104
135.100,11.730,0.050,0.437,45.130
135.120,7.822,0.026,0.437,45.196
135.140,3.791,0.011,0.437,45.299
135.160,-0.275,-0.014,0.437,45.434
135.180,-4.383,-0.028,0.437,45.599
135.200,-8.402,-0.042,0.437,45.783
135.220,-12.299,-0.055,0.437,45.973
135.240,-15.996,-0.066,0.437,46.165
135.260,-19.471,-0.069,0.437,46.342
135.280,-22.658,-0.069,0.437,46.496
135.300,-25.482,-0.070,0.437,46.617
135.320,-27.932,-0.066,0.437,46.701
135.340,-29.971,-0.058,0.437,46.739
135.360,-31.553,-0.050,0.437,46.733
135.380,-32.689,-0.033,0.437,46.683
135.400,-33.275,-0.020,0.437,46.587
135.420,-33.439,0.000,0.437,46.455
135.440,-33.082,0.016,0.437,46.293
135.460,-32.262,0.039,0.437,46.114
135.480,-30.920,0.062,0.437,45.924
135.500,-29.109,0.091,0.437,45.737
135.520,-26.900,0.108,0.437,45.560
135.540,-24.258,0.142,0.437,45.405
135.560,-21.240,0.161,0.437,45.279
135.580,-17.924,0.195,0.437,45.187
135.600,-14.350,0.213,0.437,45.136
135.620,-10.553,0.241,0.437,45.123
135.640,-6.574,0.261,0.437,45.151
135.660,-2.496,0.284,0.437,45.214
135.680,1.605,0.304,0.437,45.313
135.700,5.666,0.317,0.437,45.436
135.720,9.639,0.336,0.437,45.577
135.740,13.500,0.340,0.437,45.724
135.760,17.174,0.352,0.437,45.868
135.780,20.561,0.355,0.437,46.004
135.800,23.684,0.355,0.437,46.113
135.820,26.432,0.353,0.437,46.194
135.840,28.781,0.351,0.437,46.234
135.860,30.709,0.341,0.437,46.238
135.880,32.186,0.334,0.437,46.196
135.900,33.193,0.315,0.437,46.112
135.920,33.703,0.302,0.437,45.989
135.940,33.732,0.279,0.437,45.834
135.960,33.281,0.259,0.437,45.654
135.980,32.320,0.235,0.437,45.462
136.000,30.885,0.214,0.437,45.265
136.020,29.010,0.188,0.437,45.074
136.040,26.713,0.168,0.437,44.901
136.060,23.988,0.132,0.437,44.752
136.080,20.924,0.114,0.437,44.636
136.100,17.584,0.079,0.437,44.559
136.120,13.934,0.062,0.437,44.525
136.140,10.107,0.033,0.437,44.535
136.160,6.152,0.016,0.437,44.586
136.180,2.074,-0.009,0.437,44.678
136.200,-1.986,-0.024,0.437,44.805
136.220,-6.059,-0.038,0.437,44.960
136.240,-10.043,-0.055,0.437,45.131
136.260,-13.857,-0.063,0.437,45.314
136.280,-17.449,-0.070,0.437,45.495
136.300,-20.801,-0.073,0.437,45.662
136.320,-23.854,-0.075,0.437,45.807
136.340,-26.531,-0.075,0.437,45.922
136.360,-28.816,-0.067,0.437,46.003
136.380,-30.686,-0.057,0.437,46.040
136.400,-32.045,-0.051,0.437,46.034
136.420,-32.977,-0.031,0.437,45.989
136.440,-33.352,-0.021,0.437,45.906
136.460,-33.322,0.004,0.437,45.794
136.480,-32.783,0.019,0.437,45.658
136.500,-31.705,0.045,0.437,45.510
136.520,-30.176,0.070,0.437,45.361
136.540,-28.178,0.094,0.437,45.216
136.560,-25.811,0.119,0.437,45.092
136.580,-23.033,0.146,0.437,44.994
136.600,-19.852,0.169,0.437,44.930
136.620,-16.441,0.197,0.437,44.904
136.640,-12.768,0.219,0.437,44.920
136.660,-8.877,0.248,0.437,44.978
136.680,-4.869,0.265,0.437,45.078
136.700,-0.779,0.288,0.437,45.212
136.720,3.311,0.306,0.437,45.381
136.740,7.359,0.323,0.437,45.570
136.760,11.285,0.336,0.437,45.777
136.780,15.094,0.345,0.437,45.983
136.800,18.645,0.353,0.437,46.188
136.820,21.920,0.356,0.437,46.373
136.840,24.908,0.356,0.437,46.531
136.860,27.463,0.356,0.437,46.652
136.880,29.666,0.346,0.437,46.732
136.900,31.383,0.336,0.437,46.764
136.920,32.672,0.327,0.437,46.750
136.940,33.475,0.308,0.437,46.693
136.960,33.773,0.294,0.437,46.596
136.980,33.615,0.273,0.437,46.466
137.000,32.924,0.252,0.437,46.315
137.020,31.775,0.228,0.437,46.149
137.040,30.152,0.207,0.437,45.980
137.060,28.102,0.174,0.437,45.821
137.080,25.611,0.157,0.437,45.677
137.100,22.734,0.124,0.437,45.559
137.120,19.547,0.103,0.437,45.474
137.140,16.066,0.069,0.437,45.426
137.160,12.322,0.054,0.437,45.418
137.180,8.455,0.022,0.437,45.450
137.200,4.418,0.008,0.437,45.521
137.220,0.357,-0.013,0.437,45.626
137.240,-3.750,-0.029,0.437,45.758
137.260,-7.787,-0.045,0.437,45.910
137.280,-11.689,-0.054,0.437,46.072
137.300,-15.434,-0.060,0.437,46.234
137.320,-18.932,-0.071,0.437,46.383
137.340,-22.189,-0.070,0.437,46.516
137.360,-25.061,-0.071,0.437,46.614
137.380,-27.586,-0.068,0.437,46.678
137.400,-29.707,-0.060,0.437,46.700
137.420,-31.365,-0.050,0.437,46.677
137.440,-32.561,-0.038,0.437,46.610
137.460,-33.252,-0.017,0.437,46.500
137.480,-33.422,-0.004,0.437,46.352
137.500,-33.164,0.016,0.437,46.177
137.520,-32.420,0.035,0.437,45.985
137.540,-31.178,0.060,0.437,45.781
137.560,-29.437,0.086,0.437,45.581
137.580,-27.270,0.110,0.437,45.390
137.600,-24.715,0.135,0.437,45.222
137.620,-21.750,0.161,0.437,45.084
137.640,-18.492,0.189,0.437,44.981
137.660,-14.941,0.213,0.437,44.919
137.680,-11.162,0.236,0.437,44.900
137.700,-7.219,0.261,0.437,44.922
137.720,-3.146,0.280,0.437,44.983
137.740,0.932,0.301,0.437,45.208
137.760,5.021,0.319,0.437,45.208
137.780,9.006,0.331,0.437,45.357
137.800,12.908,0.346,0.437,45.517
137.820,16.605,0.350,0.437,45.682
137.840,20.051,0.356,0.437,45.833
137.860,23.203,0.358,0.437,45.964
137.880,26.010,0.356,0.437,46.069
137.900,28.436,0.356,0.437,46.138
137.920,30.434,0.348,0.437,46.170
137.940,31.992,0.336,0.437,46.162
137.960,33.070,0.326,0.437,46.108
137.980,33.668,0.306,0.437,46.019
138.000,33.768,0.290,0.437,45.895
138.020,33.387,0.265,0.437,45.749
138.040,32.490,0.248,0.437,45.585
138.060,31.154,0.219,0.437,45.418
138.080,29.320,0.198,0.437,45.253
138.100,27.105,0.172,0.437,45.106
138.120,24.451,0.141,0.437,44.982
138.140,21.445,0.120,0.437,44.890
138.160,18.123,0.091,0.437,44.837
138.180,14.502,0.066,0.437,44.824
138.200,10.734,0.043,0.437,44.857
138.220,6.768,0.020,0.437,44.930
138.240,2.742,0.002,0.437,45.045
138.260,-1.342,-0.021,0.437,45.194
138.280,-5.443,-0.033,0.437,45.371
138.300,-9.422,-0.047,0.437,45.568
138.320,-13.271,-0.057,0.437,45.769
138.340,-16.904,-0.070,0.437,45.971
138.360,-20.314,-0.072,0.437,46.162
138.380,-23.414,-0.074,0.437,46.328
138.400,-26.145,-0.072,0.437,46.463
138.420,-28.506,-0.070,0.437,46.561
138.440,-30.422,-0.059,0.437,46.616
138.460,-31.869,-0.051,0.437,46.628
138.480,-32.883,-0.031,0.437,46.593
138.500,-33.334,-0.021,0.437,46.517
138.520,-33.375,-0.002,0.437,46.408
138.540,-32.895,0.020,0.437,46.272
138.560,-31.910,0.041,0.437,46.120
138.580,-30.480,0.065,0.437,45.962
138.600,-28.547,0.093,0.437,45.809
138.620,-26.215,0.112,0.437,45.670
138.640,-23.484,0.141,0.437,45.554
138.660,-20.391,0.164,0.437,45.469
138.680,-16.992,0.195,0.437,45.420
138.700,-13.377,0.214,0.437,45.409
138.720,-9.510,0.242,0.437,45.439
138.740,-5.508,0.261,0.437,45.508
138.760,-1.430,0.286,0.437,45.612
138.780,2.684,0.304,0.437,45.747
138.800,6.727,0.321,0.437,45.904
138.820,10.682,0.332,0.437,46.077
138.840,14.502,0.346,0.437,46.251
138.860,18.076,0.350,0.437,46.420
138.880,21.416,0.356,0.437,46.569
138.900,24.451,0.355,0.437,46.693
138.920,27.076,0.354,0.437,46.781
138.940,29.326,0.348,0.437,46.827
138.960,31.131,0.338,0.437,46.826
138.980,32.502,0.327,0.437,46.782
139.000,33.381,0.306,0.437,46.691
139.020,33.773,0.293,0.437,46.560
139.040,33.662,0.273,0.437,46.395
139.060,33.076,0.253,0.437,46.209
139.080,31.992,0.230,0.437,46.007
139.100,30.434,0.204,0.437,45.803
139.120,28.447,0.180,0.437,45.425
139.140,26.045,0.156,0.437,45.425
139.160,23.215,0.126,0.437,45.270
139.180,20.086,0.106,0.437,45.148
139.200,16.641,0.071,0.437,45.062
139.220,12.949,0.056,0.437,45.019
139.240,9.082,0.026,0.437,45.016
139.260,5.098,0.010,0.435,45.054
139.280,1.020,-0.012,0.435,45.126
139.300,-3.076,-0.028,0.435,45.230
139.320,-7.125,-0.042,0.435,45.358
139.340,-11.074,-0.057,0.435,45.498
139.360,-14.836,-0.063,0.435,45.644
139.380,-18.387,-0.075,0.435,45.783
139.400,-21.662,-0.073,0.435,45.908
139.420,-24.609,-0.074,0.435,46.005
139.440,-27.176,-0.070,0.435,46.071
139.460,-29.367,-0.066,0.435,46.094
139.480,-31.137,-0.054,0.435,46.078
139.500,-32.379,-0.046,0.435,46.019
139.520,-33.146,-0.028,0.435,45.921
139.540,-33.410,-0.010,0.435,45.788
139.560,-33.252,0.010,0.435,45.626
139.580,-32.590,0.027,0.435,45.446
139.600,-31.406,0.053,0.435,45.258
139.620,-29.736,0.077,0.435,45.071
139.640,-27.633,0.099,0.435,44.895
139.660,-25.143,0.130,0.435,44.742
139.680,-22.260,0.151,0.435,44.618
139.700,-19.008,0.176,0.435,44.530
139.720,-15.533,0.206,0.435,44.483
139.740,-11.777,0.230,0.435,44.480
139.760,-7.857,0.252,0.433,44.522
139.780,-3.832,0.278,0.433,44.603
139.800,0.287,0.294,0.433,44.724
139.820,4.359,0.314,0.433,44.875
139.840,8.396,0.328,0.433,45.051
139.860,12.293,0.341,0.433,45.240
139.880,16.031,0.353,0.433,45.431
139.900,19.518,0.353,0.433,45.620
139.920,22.711,0.361,0.437,45.785
139.940,25.611,0.359,0.437,45.928
139.960,28.066,0.356,0.437,46.036
139.980,30.141,0.348,0.437,46.105
140.000,31.770,0.341,0.437,46.129
140.020,32.918,0.325,0.437,46.113
140.040,33.604,0.307,0.437,46.051
140.060,33.773,0.294,0.437,45.957
140.080,33.480,0.272,0.437,45.836
140.100,32.666,0.253,0.437,45.696
140.120,31.389,0.228,0.437,45.549
140.140,29.631,0.199,0.437,45.402
140.160,27.492,0.173,0.437,45.266
140.180,24.879,0.149,0.437,45.151
140.200,21.926,0.124,0.437,45.066
140.220,18.656,0.099,0.437,45.015
140.240,15.105,0.070,0.437,45.004
140.260,11.332,0.047,0.437,45.035
140.280,7.418,0.025,0.437,45.106
140.300,3.375,0.005,0.437,45.215
140.320,-0.727,-0.013,0.437,45.358
140.340,-4.781,-0.032,0.437,45.528
140.360,-8.807,-0.042,0.437,45.715
140.380,-12.680,-0.058,0.437,45.910
140.400,-16.377,-0.062,0.437,46.103
140.420,-19.805,-0.070,0.437,46.280
140.440,-22.951,-0.071,0.437,46.436
140.460,-25.734,-0.069,0.437,46.558
140.480,-28.148,-0.065,0.437,46.642
140.500,-30.176,-0.055,0.437,46.682
140.520,-31.705,-0.046,0.437,46.673
140.540,-32.766,-0.033,0.437,46.622
140.560,-33.316,-0.019,0.437,46.526
140.580,-33.393,0.001,0.437,46.396
140.600,-33.006,0.020,0.437,46.234
140.620,-32.150,0.045,0.437,46.058
140.640,-30.756,0.062,0.437,45.869
140.660,-28.916,0.092,0.437,45.686
140.680,-26.613,0.108,0.437,45.514
140.700,-23.953,0.149,0.437,45.364
140.720,-20.889,0.163,0.437,45.243
140.740,-17.572,0.195,0.437,45.157
140.760,-13.951,0.214,0.437,45.110
140.780,-10.125,0.246,0.437,45.103
140.800,-6.152,0.261,0.437,45.137
140.820,-2.068,0.285,0.437,45.205
140.840,2.016,0.303,0.437,45.307
140.860,6.088,0.320,0.437,45.432
140.880,10.055,0.333,0.437,45.574
140.900,13.904,0.341,0.437,45.721
140.920,17.549,0.352,0.437,45.866
140.940,20.883,0.352,0.437,45.997
140.960,24.000,0.359,0.437,46.102
140.980,26.695,0.355,0.437,46.179
141.000,28.998,0.349,0.437,46.218
141.020,30.879,0.340,0.437,46.212
141.040,32.320,0.330,0.437,46.164
141.060,33.270,0.311,0.437,46.071
141.080,33.732,0.299,0.437,45.941
141.100,33.709,0.275,0.437,45.782
141.120,33.205,0.258,0.437,45.596
141.140,32.191,0.232,0.437,45.400
141.160,30.709,0.211,0.437,45.199
141.180,28.781,0.178,0.437,45.006
141.200,26.443,0.164,0.437,44.830
141.220,23.678,0.128,0.437,44.681
141.240,20.584,0.112,0.437,44.565
141.260,17.221,0.075,0.437,44.488
141.280,13.547,0.059,0.437,44.454
141.300,9.709,0.029,0.437,44.463
141.320,5.742,0.009,0.436,44.516
141.340,1.646,-0.009,0.436,44.608
141.360,-2.402,-0.029,0.436,44.734
141.380,-6.486,-0.042,0.436,44.888
141.400,-10.453,-0.054,0.436,45.058
141.420,-14.232,-0.064,0.436,45.237
141.440,-17.801,-0.073,0.436,45.413
141.460,-21.129,-0.075,0.437,45.579
141.480,-24.152,-0.076,0.437,45.719
141.500,-26.771,-0.071,0.437,45.831
141.520,-29.027,-0.068,0.437,45.936
141.540,-30.826,-0.061,0.437,45.936
141.560,-32.168,-0.049,0.437,45.929
141.580,-33.053,-0.029,0.437,45.877
141.600,-33.393,-0.017,0.437,45.788
141.620,-33.270,0.006,0.437,45.673
141.640,-32.684,0.023,0.437,45.536
141.660,-31.576,0.046,0.437,45.390
141.680,-30.012,0.070,0.437,45.242
141.700,-27.973,0.097,0.437,45.104
141.720,-25.547,0.119,0.437,44.985
141.740,-22.717,0.151,0.437,44.894
141.760,-19.523,0.171,0.437,44.821
141.780,-16.084,0.204,0.437,44.821
141.800,-12.363,0.219,0.437,44.846
141.820,-8.496,0.252,0.437,44.914
141.840,-4.447,0.267,0.437,45.024
141.860,-0.352,0.293,0.437,45.169
141.880,3.727,0.308,0.437,45.347
141.900,7.764,0.327,0.437,45.547
141.920,11.678,0.334,0.437,45.764
141.940,15.457,0.354,0.437,45.978
141.960,18.973,0.352,0.437,46.195
141.980,22.236,0.361,0.437,46.384
142.000,25.172,0.357,0.437,46.551
142.020,27.703,0.356,0.437,46.678
142.040,29.836,0.346,0.437,46.765
142.060,31.535,0.337,0.437,46.804
142.080,32.777,0.327,0.437,46.798
142.100,33.527,0.309,0.437,46.749
142.120,33.773,0.294,0.437,46.539
142.140,33.562,0.274,0.437,46.539
142.160,32.818,0.251,0.437,46.398
142.180,31.617,0.229,0.437,46.243
142.200,29.947,0.202,0.437,46.087
142.220,27.855,0.175,0.437,45.939
142.240,25.318,0.153,0.437,45.808
142.260,22.406,0.123,0.437,45.704
142.280,19.201,0.103,0.437,45.633
142.300,15.680,0.070,0.437,45.599
142.320,11.941,0.053,0.437,45.606
142.340,8.045,0.024,0.437,45.736
142.360,4.008,0.008,0.437,45.736
142.380,-0.064,-0.013,0.437,45.850
142.400,-4.160,-0.029,0.437,45.993
142.420,-8.191,-0.039,0.437,46.153
142.440,-12.105,-0.051,0.437,46.320
142.460,-15.797,-0.064,0.437,46.641
142.480,-19.301,-0.068,0.437,46.641
142.500,-22.500,-0.072,0.437,46.775
142.520,-25.342,-0.067,0.437,46.876
142.540,-27.820,-0.066,0.437,46.936
142.560,-29.895,-0.057,0.437,46.927
142.580,-31.523,-0.048,0.437,46.927
142.600,-32.643,-0.035,0.437,46.853
142.620,-33.264,-0.021,0.437,46.735
142.640,-33.434,0.001,0.437,46.584
142.660,-33.141,0.020,0.437,46.402
142.680,-32.344,0.041,0.437,46.202
142.700,-31.008,0.062,0.437,45.993
142.720,-29.221,0.094,0.437,45.786
142.740,-27.012,0.109,0.437,45.589
142.760,-24.434,0.142,0.437,45.416
142.780,-21.439,0.163,0.437,45.272
142.800,-18.117,0.190,0.437,45.163
142.820,-14.566,0.211,0.437,45.094
142.840,-10.752,0.239,0.437,45.066
142.860,-6.803,0.258,0.437,45.080
142.880,-2.742,0.282,0.437,45.131
142.900,1.354,0.302,0.437,45.217
142.920,5.432,0.322,0.437,45.331
142.940,9.422,0.335,0.437,45.465
142.960,13.312,0.344,0.437,45.611
142.980,16.969,0.352,0.437,45.752
143.000,20.379,0.354,0.437,45.885
143.020,23.508,0.358,0.437,45.995
143.040,26.273,0.356,0.437,46.076
143.060,28.646,0.354,0.437,46.121
143.080,30.609,0.344,0.437,46.127
143.100,32.109,0.336,0.437,46.091
143.120,33.141,0.323,0.437,46.016
143.140,33.686,0.305,0.437,45.905
143.160,33.744,0.285,0.437,45.760
143.180,33.322,0.265,0.437,45.591
143.200,32.367,0.242,0.437,45.408
143.220,30.984,0.217,0.437,45.222
143.240,29.104,0.190,0.437,45.042
143.260,26.842,0.170,0.437,44.880
143.280,24.141,0.136,0.437,44.743
143.300,21.094,0.117,0.437,44.639
143.320,17.766,0.087,0.437,44.574
143.340,14.133,0.061,0.437,44.552
143.360,10.318,0.038,0.437,44.576
143.380,6.363,0.016,0.437,44.640
143.400,2.320,-0.002,0.437,44.747
143.420,-1.793,-0.022,0.437,44.887
143.440,-5.830,-0.039,0.437,45.056
143.460,-9.844,-0.050,0.437,45.245
143.480,-13.658,-0.063,0.437,45.440
143.500,-17.279,-0.068,0.437,45.638
143.520,-20.666,-0.076,0.437,45.818
143.540,-23.719,-0.078,0.439,45.984
143.560,-26.414,-0.074,0.439,46.117
143.580,-28.693,-0.070,0.439,46.212
143.600,-30.604,-0.058,0.439,46.264
143.620,-32.016,-0.048,0.439,46.272
143.640,-32.959,-0.033,0.439,46.236
143.660,-33.363,-0.021,0.439,46.163
143.680,-33.340,-0.000,0.439,46.059
143.700,-32.812,0.017,0.439,45.931
143.720,-31.805,0.042,0.439,45.789
143.740,-30.299,0.066,0.439,45.643
143.760,-28.342,0.095,0.439,45.501
143.780,-25.957,0.113,0.439,45.377
143.800,-23.180,0.149,0.439,45.277
143.820,-20.062,0.168,0.439,45.210
143.840,-16.641,0.199,0.439,45.181
143.860,-12.979,0.218,0.439,45.191
143.880,-9.094,0.245,0.439,45.243
143.900,-5.086,0.265,0.439,45.335
143.920,-1.002,0.287,0.439,45.461
143.940,3.082,0.303,0.439,45.620
143.960,7.125,0.323,0.439,45.798
143.980,11.086,0.331,0.439,45.992
144.000,14.877,0.347,0.439,46.186
144.020,18.445,0.351,0.439,46.377
144.040,21.727,0.356,0.439,46.546
144.060,24.732,0.356,0.439,46.689
144.080,27.328,0.352,0.439,46.792
144.100,29.531,0.347,0.439,46.855
144.120,31.289,0.336,0.439,46.874
144.140,32.602,0.327,0.439,46.844
144.160,33.439,0.309,0.439,46.768
144.180,33.768,0.294,0.439,46.654
144.200,33.621,0.273,0.439,46.505
144.220,32.965,0.254,0.439,46.335
144.240,31.840,0.230,0.439,46.150
144.260,30.246,0.205,0.439,45.962
144.280,28.219,0.174,0.439,45.781
144.300,25.752,0.157,0.439,45.616
144.320,22.916,0.124,0.439,45.477
144.340,19.729,0.104,0.439,45.370
144.360,16.266,0.073,0.439,45.300
144.380,12.545,0.053,0.439,45.270
144.400,8.648,0.028,0.439,45.281
144.420,4.658,0.012,0.439,45.329
144.440,0.586,-0.015,0.439,45.411
144.460,-3.498,-0.029,0.439,45.525
144.480,-7.559,-0.046,0.439,45.660
144.500,-11.473,-0.056,0.439,45.804
144.520,-15.223,-0.064,0.439,45.956
144.540,-18.750,-0.070,0.439,46.092
144.560,-21.984,-0.074,0.439,46.213
144.580,-24.914,-0.074,0.439,46.305
144.600,-27.434,-0.067,0.439,46.363
144.620,-29.584,-0.064,0.439,46.376
144.640,-31.266,-0.049,0.439,46.348
144.660,-32.479,-0.045,0.439,46.275
144.680,-33.217,-0.021,0.439,46.165
144.700,-33.439,-0.011,0.439,46.016
144.720,-33.205,0.014,0.439,45.844
144.740,-32.490,0.029,0.439,45.650
144.760,-31.248,0.058,0.439,45.450
144.780,-29.572,0.082,0.439,45.249
144.800,-27.428,0.105,0.439,45.061
144.820,-24.873,0.128,0.439,44.896
144.840,-21.937,0.159,0.439,44.760
144.860,-18.662,0.180,0.439,44.661
144.880,-15.170,0.213,0.439,44.603
144.900,-11.391,0.233,0.439,44.588
144.920,-7.465,0.257,0.439,44.617
144.940,-3.404,0.279,0.439,44.685
144.960,0.709,0.297,0.439,44.792
144.980,4.781,0.318,0.439,44.927
145.000,8.795,0.331,0.439,45.084
145.020,12.680,0.342,0.439,45.253
145.040,16.389,0.353,0.439,45.428
145.060,19.852,0.355,0.439,45.595
145.080,23.033,0.360,0.439,45.742
145.100,25.875,0.357,0.439,45.861
145.120,28.307,0.356,0.439,45.947
145.140,30.316,0.349,0.439,45.993
145.160,31.904,0.336,0.439,45.999
145.180,33.012,0.327,0.439,45.961
145.200,33.639,0.309,0.439,45.888
145.220,33.773,0.289,0.439,45.778
145.240,33.422,0.272,0.439,45.641
145.260,32.561,0.250,0.439,45.489
145.280,31.230,0.223,0.439,45.332
145.300,29.443,0.199,0.439,45.176
145.320,27.229,0.171,0.439,45.036
145.340,24.592,0.147,0.439,44.918
145.360,21.598,0.120,0.439,44.830
145.380,18.311,0.097,0.439,44.780
145.400,14.730,0.066,0.439,44.768
145.420,10.928,0.048,0.439,44.801
145.440,6.990,0.016,0.439,44.873
145.460,2.959,0.006,0.439,44.988
145.480,-1.137,-0.027,0.439,45.132
145.500,-5.209,-0.023,0.439,45.313
145.520,-9.229,-0.058,0.439,45.500
145.540,-13.072,-0.041,0.439,45.708
145.560,-16.729,-0.084,0.446,45.893
145.580,-20.139,-0.054,0.446,46.089
145.600,-23.250,-0.093,0.454,46.237
145.620,-26.016,-0.055,0.454,46.381
145.640,-28.383,-0.080,0.454,46.461
145.660,-30.340,-0.046,0.454,46.517
145.680,-31.852,-0.056,0.454,46.511
145.700,-32.848,-0.027,0.454,46.474
145.720,-33.340,-0.025,0.454,46.386
145.740,-33.387,0.004,0.454,46.269
145.760,-32.959,0.016,0.454,46.120
145.780,-32.016,0.045,0.454,45.957
145.800,-30.562,0.063,0.454,45.785
145.820,-28.699,0.092,0.454,45.618
145.840,-26.361,0.112,0.454,45.464
145.860,-23.684,0.139,0.454,45.332
145.880,-20.572,0.170,0.454,45.230
145.900,-17.203,0.190,0.454,45.165
145.920,-13.576,0.220,0.454,45.137
145.940,-9.715,0.240,0.454,45.152
145.960,-5.754,0.273,0.454,45.204
145.980,-1.658,0.276,0.454,45.296
146.000,2.420,0.306,0.454,45.411
146.020,6.498,0.318,0.454,45.556
146.040,10.447,0.336,0.454,45.711
146.060,14.279,0.340,0.454,45.876
146.080,17.895,0.348,0.454,46.029
146.100,21.211,0.352,0.454,46.169
146.120,24.299,0.356,0.454,46.284
146.140,26.930,0.351,0.454,46.366
146.160,29.227,0.343,0.454,46.406
146.180,31.037,0.340,0.454,46.399
146.200,32.437,0.325,0.454,46.352
146.220,33.328,0.312,0.454,46.259
146.240,33.750,0.293,0.454,46.130
146.260,33.680,0.276,0.454,45.968
146.280,33.094,0.256,0.454,45.784
146.300,32.051,0.228,0.454,45.585
146.320,30.521,0.215,0.454,45.382
146.340,28.553,0.176,0.454,45.188
146.360,26.174,0.166,0.454,45.010
146.380,23.373,0.124,0.454,44.859
146.400,20.250,0.112,0.454,44.740
146.420,16.840,0.072,0.454,44.659
146.440,13.148,0.058,0.454,44.620
146.460,9.322,0.027,0.454,44.623
146.480,5.314,0.011,0.454,44.668
146.500,1.248,-0.013,0.454,44.749
146.520,-2.842,-0.030,0.454,45.004
146.540,-6.891,-0.042,0.454,45.004
146.560,-10.840,-0.058,0.454,45.156
146.580,-14.625,-0.065,0.454,45.319
146.600,-18.182,-0.077,0.454,45.474
146.620,-21.475,-0.075,0.454,45.619
146.640,-24.439,-0.079,0.454,45.736
146.660,-27.047,-0.073,0.454,45.823
146.680,-29.238,-0.068,0.454,45.876
146.700,-31.031,-0.058,0.454,45.876
146.720,-32.303,-0.044,0.454,45.843
146.740,-33.100,-0.034,0.454,45.765
146.760,-33.404,-0.016,0.454,45.657
146.780,-33.240,0.004,0.454,45.519
146.800,-32.613,0.024,0.454,45.363
146.820,-31.453,0.049,0.454,45.196
146.840,-29.836,0.070,0.454,45.029
146.860,-27.768,0.099,0.454,44.873
146.880,-25.277,0.120,0.454,44.738
146.900,-22.400,0.154,0.454,44.632
146.920,-19.201,0.174,0.454,44.561
146.940,-15.715,0.205,0.454,44.531
146.960,-12.000,0.225,0.454,44.544
146.980,-8.080,0.252,0.454,44.599
147.000,-4.025,0.271,0.454,44.696
147.020,0.059,0.295,0.454,44.831
147.040,4.137,0.308,0.454,44.999
147.060,8.150,0.329,0.454,45.188
147.080,12.076,0.335,0.454,45.393
147.100,15.809,0.352,0.454,45.597
147.120,19.324,0.354,0.454,45.798
147.140,22.547,0.361,0.454,45.979
147.160,25.459,0.357,0.454,46.136
147.180,27.943,0.355,0.454,46.252
147.200,30.041,0.348,0.454,46.331
147.220,31.682,0.336,0.454,46.361
147.240,32.871,0.323,0.454,46.352
147.260,33.574,0.310,0.454,46.294
147.280,33.768,0.289,0.454,46.206
147.300,33.510,0.270,0.454,46.083
147.320,32.725,0.250,0.454,45.943
147.340,31.471,0.224,0.454,45.791
147.360,29.748,0.203,0.454,45.638
147.380,27.627,0.171,0.454,45.497
147.400,25.025,0.152,0.454,45.374
147.420,22.090,0.120,0.454,45.279
147.440,18.850,0.104,0.454,45.218
147.460,15.287,0.065,0.454,45.194
147.480,11.537,0.054,0.454,45.212
147.500,7.623,0.018,0.454,45.267
147.520,3.604,0.011,0.454,45.365
147.540,-0.492,-0.017,0.454,45.488
147.560,-4.582,-0.028,0.454,45.644
147.580,-8.607,-0.052,0.454,45.813
147.600,-12.504,-0.050,0.454,45.996
147.620,-16.178,-0.068,0.454,46.169
147.640,-19.641,-0.062,0.454,46.334
147.660,-22.805,-0.076,0.454,46.469
147.680,-25.635,-0.063,0.454,46.578
147.700,-28.066,-0.071,0.454,46.642
147.720,-30.070,-0.052,0.454,46.671
147.740,-31.646,-0.049,0.454,46.644
147.760,-32.725,-0.030,0.454,46.578
147.780,-33.316,-0.023,0.454,46.465
147.800,-33.428,0.004,0.454,46.321
147.820,-33.076,0.014,0.454,46.145
147.840,-32.209,0.045,0.454,45.955
147.860,-30.832,0.058,0.454,45.753
147.880,-29.027,0.096,0.454,45.555
147.900,-26.795,0.109,0.454,45.368
147.920,-24.123,0.144,0.454,45.204
147.940,-21.094,0.161,0.454,45.070
147.960,-17.766,0.199,0.454,44.970
147.980,-14.191,0.211,0.454,44.913
148.000,-10.377,0.248,0.454,44.892
148.020,-6.387,0.259,0.454,44.920
148.040,-2.320,0.288,0.454,44.977
148.060,1.781,0.297,0.454,45.077
148.080,5.842,0.326,0.454,45.188
148.100,9.820,0.329,0.454,45.337
148.120,13.687,0.347,0.454,45.469
148.140,17.314,0.351,0.454,45.628
148.160,20.713,0.359,0.454,45.748
148.180,23.807,0.357,0.454,45.876
148.200,26.537,0.356,0.454,45.999
148.220,28.863,0.352,0.454,45.999
148.240,30.779,0.344,0.454,45.964
148.260,32.250,0.333,0.454,45.964
148.280,33.223,0.321,0.454,45.880
148.300,33.715,0.302,0.454,45.770
148.320,33.715,0.281,0.454,45.621
148.340,33.229,0.263,0.454,45.452
148.360,32.250,0.237,0.454,45.269
148.380,30.791,0.219,0.454,45.084
148.400,28.904,0.185,0.454,44.906
148.420,26.584,0.170,0.454,44.746
148.440,23.836,0.132,0.454,44.612
148.460,20.783,0.116,0.454,44.512
148.480,17.391,0.082,0.454,44.450
148.500,13.764,0.062,0.454,44.433
148.520,9.914,0.032,0.454,44.458
148.540,5.959,0.020,0.454,44.532
148.560,1.904,-0.009,0.454,44.635
148.580,-2.203,-0.023,0.454,44.781
148.600,-6.246,-0.043,0.454,44.949
148.620,-10.248,-0.053,0.454,45.142
148.640,-14.027,-0.067,0.454,45.336
148.660,-17.643,-0.071,0.454,45.531
148.680,-20.977,-0.078,0.454,45.712
148.700,-23.982,-0.078,0.454,45.873
148.720,-26.654,-0.076,0.454,46.001
148.740,-28.916,-0.064,0.454,46.090
148.760,-30.773,-0.062,0.454,46.137
148.780,-32.127,-0.048,0.454,46.143
148.800,-32.994,-0.034,0.454,46.106
148.820,-33.381,-0.017,0.454,46.030
148.840,-33.311,0.004,0.454,45.924
148.860,-32.748,0.020,0.454,45.794
148.880,-31.676,0.048,0.454,45.652
148.900,-30.100,0.065,0.454,45.508
148.920,-28.125,0.099,0.454,45.370
148.940,-25.682,0.114,0.454,45.249
148.960,-22.898,0.151,0.454,45.154
148.980,-19.729,0.166,0.454,45.092
149.000,-16.266,0.202,0.454,45.066
149.020,-12.604,0.221,0.454,45.082
149.040,-8.678,0.249,0.454,45.139
149.060,-4.670,0.266,0.454,45.236
149.080,-0.574,0.291,0.454,45.368
149.100,3.510,0.305,0.454,45.531
149.120,7.559,0.326,0.454,45.712
149.140,11.484,0.335,0.454,45.910
149.160,15.246,0.348,0.454,46.106
149.180,18.797,0.355,0.454,46.300
149.200,22.043,0.358,0.454,46.471
149.220,25.020,0.356,0.454,46.615
149.240,27.568,0.354,0.454,46.718
149.260,29.742,0.348,0.454,46.781
149.280,31.447,0.335,0.454,46.797
149.300,32.713,0.323,0.454,46.763
149.320,33.498,0.305,0.454,46.688
149.340,33.773,0.291,0.454,46.572
149.360,33.580,0.269,0.454,46.426
149.380,32.889,0.253,0.454,46.256
149.400,31.687,0.223,0.454,46.075
149.420,30.047,0.205,0.454,45.890
149.440,27.996,0.174,0.454,45.714
149.460,25.482,0.158,0.454,45.555
149.480,22.588,0.122,0.454,45.423
149.500,19.389,0.102,0.454,45.324
149.520,15.885,0.068,0.454,45.262
149.540,12.158,0.054,0.454,45.241
149.560,8.250,0.025,0.454,45.258
149.580,4.242,0.004,0.454,45.315
149.600,0.146,-0.014,0.454,45.408
149.620,-3.932,-0.032,0.454,45.526
149.640,-7.957,-0.044,0.454,45.667
149.660,-11.889,-0.058,0.454,45.813
149.680,-15.574,-0.062,0.454,45.967
149.700,-19.119,-0.072,0.454,46.105
149.720,-22.318,-0.072,0.454,46.228
149.740,-25.195,-0.075,0.454,46.318
149.760,-27.674,-0.064,0.454,46.376
149.780,-29.777,-0.064,0.454,46.387
149.800,-31.436,-0.049,0.454,46.358
149.820,-32.613,-0.038,0.454,46.282
149.840,-33.246,-0.022,0.454,46.168
149.860,-33.434,-0.006,0.454,46.018
149.880,-33.152,0.012,0.454,45.843
149.900,-32.402,0.039,0.454,45.650
149.920,-31.107,0.056,0.454,45.448
149.940,-29.350,0.087,0.454,45.251
149.960,-27.170,0.107,0.454,45.064
149.980,-24.557,0.136,0.454,44.902
150.000,-21.621,0.159,0.454,44.770
150.020,-18.322,0.190,0.454,44.673
150.040,-14.777,0.209,0.454,44.620
150.060,-10.986,0.239,0.454,44.606
150.080,-7.043,0.260,0.454,44.641
150.100,-2.971,0.286,0.454,44.710
150.120,1.113,0.299,0.454,44.821
150.140,5.197,0.322,0.454,44.955
150.160,9.193,0.334,0.454,45.120
150.180,13.084,0.344,0.454,45.287
150.200,16.770,0.356,0.454,45.461
150.220,20.191,0.355,0.454,45.621
150.240,23.344,0.362,0.455,45.766
150.260,26.133,0.356,0.455,45.878
150.280,28.529,0.356,0.455,45.961
150.300,30.504,0.345,0.455,45.998
150.320,32.033,0.341,0.455,45.997
150.340,33.100,0.323,0.455,45.955
150.360,33.680,0.309,0.455,45.876
150.380,33.744,0.286,0.455,45.762
150.400,33.352,0.270,0.455,45.626
150.420,32.432,0.244,0.455,45.472
150.440,31.055,0.223,0.455,45.315
150.460,29.232,0.195,0.455,45.160
150.480,26.971,0.172,0.455,45.023
150.500,24.311,0.144,0.455,44.908
150.520,21.281,0.120,0.455,44.826
150.540,17.953,0.091,0.455,44.781
150.560,14.338,0.063,0.455,44.776
150.580,10.547,0.039,0.455,44.817
150.600,6.580,0.023,0.442,44.898
150.620,2.537,0.002,0.442,45.017
150.640,-1.559,-0.018,0.441,45.166
150.660,-5.637,-0.032,0.441,45.348
150.680,-9.621,-0.052,0.441,45.540
150.700,-13.465,-0.055,0.441,45.748
150.720,-17.074,-0.069,0.441,45.946
150.740,-20.484,-0.067,0.441,46.136
150.760,-23.555,-0.074,0.441,46.295
150.780,-26.273,-0.069,0.441,46.426
150.800,-28.617,-0.065,0.441,46.516
150.820,-30.498,-0.056,0.441,46.562
150.840,-31.957,-0.045,0.441,46.562
150.860,-32.930,-0.030,0.441,46.519
150.880,-33.363,-0.017,0.441,46.433
150.900,-33.369,0.005,0.441,46.313
150.920,-32.854,0.023,0.441,46.167
150.940,-31.875,0.047,0.441,46.005
150.960,-30.387,0.066,0.441,45.838
150.980,-28.482,0.095,0.441,45.674
151.000,-26.092,0.115,0.441,45.525
151.020,-23.350,0.145,0.441,45.399
151.040,-20.232,0.169,0.441,45.303
151.060,-16.822,0.197,0.441,45.243
151.080,-13.189,0.220,0.441,45.222
151.100,-9.334,0.246,0.441,45.242
151.120,-5.303,0.264,0.441,45.298
151.140,-1.236,0.286,0.441,45.391
151.160,2.865,0.301,0.441,45.512
151.180,6.902,0.324,0.441,45.656
151.200,10.846,0.332,0.441,45.816
151.220,14.678,0.342,0.441,45.978
151.240,18.246,0.350,0.441,46.131
151.260,21.557,0.353,0.441,46.269
151.280,24.592,0.358,0.441,46.380
151.300,27.176,0.352,0.441,46.459
151.320,29.408,0.347,0.441,46.489
151.340,31.201,0.337,0.441,46.481
151.360,32.561,0.326,0.441,46.425
151.380,33.398,0.314,0.441,46.328
151.400,33.768,0.293,0.441,46.193
151.420,33.645,0.272,0.441,46.023
151.440,33.023,0.254,0.441,45.833
151.460,31.916,0.230,0.441,45.629
151.480,30.328,0.209,0.441,45.425
151.500,28.336,0.176,0.441,45.228
151.520,25.904,0.158,0.441,45.049
151.540,23.062,0.126,0.441,44.897
151.560,19.934,0.105,0.441,44.698
151.580,16.477,0.072,0.441,44.698
151.600,12.756,0.054,0.441,44.660
151.620,8.895,0.026,0.441,44.665
151.640,4.887,0.011,0.440,44.710
151.660,0.850,-0.015,0.440,44.792
151.680,-3.270,-0.028,0.440,44.906
151.700,-7.295,-0.044,0.440,45.044
151.720,-11.262,-0.054,0.440,45.196
151.740,-15.006,-0.066,0.440,45.353
151.760,-18.527,-0.073,0.440,45.507
151.780,-21.814,-0.075,0.440,45.646
151.800,-24.715,-0.077,0.440,45.757
151.820,-27.293,-0.068,0.440,45.839
151.840,-29.449,-0.067,0.440,45.878
151.860,-31.184,-0.054,0.440,45.876
151.880,-32.396,-0.044,0.440,45.832
151.900,-33.152,-0.030,0.440,45.748
151.920,-33.428,-0.013,0.440,45.632
151.940,-33.223,0.004,0.440,45.488
151.960,-32.514,0.028,0.440,45.329
151.980,-31.330,0.055,0.440,45.157
152.000,-29.643,0.076,0.440,44.988
152.020,-27.533,0.103,0.440,44.831
152.040,-24.996,0.128,0.440,44.697
152.060,-22.113,0.150,0.440,44.591
152.080,-18.879,0.179,0.440,44.521
152.100,-15.346,0.208,0.440,44.493
152.120,-11.619,0.234,0.440,44.507
152.140,-7.664,0.255,0.440,44.567
152.160,-3.621,0.275,0.440,44.804
152.180,0.457,0.297,0.440,44.804
152.200,4.559,0.312,0.440,45.160
152.220,8.566,0.331,0.440,45.160
152.240,12.480,0.340,0.440,45.365
152.260,16.195,0.352,0.440,45.568
152.280,19.670,0.356,0.440,45.767
152.300,22.852,0.359,0.440,45.944
152.320,25.723,0.357,0.440,46.206
152.340,28.172,0.354,0.440,46.280
152.360,30.229,0.346,0.440,46.280
152.380,31.834,0.339,0.440,46.306
152.400,32.965,0.323,0.440,46.290
152.420,33.615,0.311,0.440,46.231
152.440,33.768,0.288,0.440,46.140
152.460,33.445,0.271,0.440,46.017
152.480,32.602,0.248,0.440,45.875
152.500,31.318,0.225,0.440,45.725
152.520,29.537,0.197,0.440,45.574
152.540,27.381,0.173,0.440,45.435
152.560,24.738,0.146,0.440,45.316
152.580,21.768,0.122,0.440,45.226
152.600,18.486,0.092,0.440,45.171
152.620,14.918,0.071,0.440,45.154
152.640,11.156,0.043,0.440,45.179
152.660,7.213,0.028,0.440,45.244
152.680,3.176,0.006,0.440,45.345
152.700,-0.914,-0.014,0.440,45.477
152.720,-4.998,-0.033,0.440,45.637
152.740,-9.006,-0.045,0.440,45.815
152.760,-12.891,-0.053,0.440,45.998
152.780,-16.529,-0.065,0.440,46.177
152.800,-20.004,-0.069,0.440,46.341
152.820,-23.098,-0.069,0.440,46.484
152.840,-25.881,-0.069,0.440,46.589
152.860,-28.283,-0.065,0.440,46.658
152.880,-30.258,-0.054,0.440,46.681
152.900,-31.781,-0.047,0.440,46.661
152.920,-32.818,-0.030,0.440,46.593
152.940,-33.328,-0.018,0.440,46.484
152.960,-33.393,0.004,0.440,46.339
152.980,-32.977,0.019,0.440,46.166
153.000,-32.104,0.045,0.440,45.977
153.020,-30.686,0.066,0.440,45.780
153.040,-28.799,0.092,0.440,45.586
153.060,-26.514,0.115,0.440,45.406
153.080,-23.818,0.143,0.440,45.249
153.100,-20.783,0.167,0.440,45.121
153.120,-17.402,0.196,0.440,45.029
153.140,-13.811,0.215,0.440,44.979
153.160,-9.949,0.244,0.440,44.968
153.180,-5.971,0.264,0.440,44.997
153.200,-1.898,0.287,0.440,45.062
153.220,2.209,0.303,0.440,45.162
153.240,6.264,0.322,0.440,45.283
153.260,10.236,0.336,0.440,45.427
153.280,14.074,0.347,0.440,45.574
153.300,17.689,0.353,0.440,45.721
153.320,21.041,0.357,0.440,45.850
153.340,24.117,0.357,0.440,45.960
153.360,26.801,0.356,0.440,46.035
153.380,29.086,0.351,0.440,46.074
153.400,30.961,0.344,0.440,46.071
153.420,32.373,0.329,0.440,46.026
153.440,33.299,0.316,0.440,45.938
153.460,33.732,0.297,0.440,45.815
153.480,33.697,0.280,0.440,45.659
153.500,33.158,0.261,0.440,45.482
153.520,32.133,0.236,0.440,45.294
153.540,30.609,0.213,0.440,45.104
153.560,28.699,0.187,0.440,44.921
153.580,26.309,0.163,0.440,44.757
153.600,23.537,0.131,0.440,44.620
153.620,20.437,0.112,0.440,44.516
153.640,17.039,0.077,0.440,44.452
153.660,13.359,0.058,0.440,44.431
153.680,9.521,0.032,0.440,44.454
153.700,5.543,0.016,0.439,44.519
153.720,1.471,-0.010,0.439,44.621
153.740,-2.625,-0.025,0.439,44.757
153.760,-6.674,-0.043,0.439,44.923
153.780,-10.641,-0.058,0.439,45.104
153.800,-14.414,-0.066,0.439,45.478
153.820,-17.977,-0.069,0.439,45.478
153.840,-21.316,-0.077,0.439,45.646
153.860,-24.293,-0.078,0.440,45.797
153.880,-26.906,-0.075,0.440,45.914
153.900,-29.127,-0.065,0.440,45.994
153.920,-30.926,-0.060,0.440,46.028
153.940,-32.232,-0.046,0.440,46.023
153.960,-33.088,-0.033,0.440,45.977
153.980,-33.404,-0.017,0.440,45.892
154.000,-33.281,0.004,0.440,45.778
154.020,-32.654,0.023,0.440,45.643
154.040,-31.541,0.045,0.440,45.497
154.060,-29.912,0.072,0.440,45.350
154.080,-27.891,0.097,0.440,45.210
154.100,-25.424,0.122,0.440,45.090
154.120,-22.564,0.147,0.440,44.997
154.140,-19.365,0.176,0.440,44.936
154.160,-15.891,0.200,0.440,44.916
154.180,-12.182,0.226,0.440,44.936
154.200,-8.297,0.246,0.440,45.000
154.220,-4.248,0.270,0.440,45.099
154.240,-0.170,0.292,0.440,45.238
154.260,3.937,0.311,0.440,45.404
154.280,7.951,0.324,0.440,45.594
154.300,11.877,0.336,0.440,45.793
154.320,15.633,0.344,0.440,45.995
154.340,19.143,0.353,0.440,46.187
154.360,22.371,0.354,0.440,46.361
154.380,25.312,0.355,0.440,46.505
154.400,27.809,0.353,0.440,46.674
154.420,29.941,0.344,0.440,46.674
154.440,31.600,0.335,0.440,46.660
154.460,32.818,0.322,0.440,46.660
154.480,33.545,0.308,0.440,46.588
154.500,33.785,0.289,0.440,46.477
154.520,33.527,0.272,0.440,46.336
154.540,32.777,0.248,0.440,46.173
154.560,31.541,0.226,0.440,45.995
154.580,29.842,0.201,0.440,45.818
154.600,27.744,0.174,0.440,45.649
154.620,25.189,0.150,0.440,45.499
154.640,22.289,0.121,0.440,45.375
154.660,19.043,0.099,0.440,45.284
154.680,15.521,0.072,0.440,45.231
154.700,11.754,0.052,0.440,45.219
154.720,7.852,0.022,0.440,45.244
154.740,3.809,0.009,0.440,45.309
154.760,-0.258,-0.017,0.440,45.405
154.780,-4.359,-0.026,0.440,45.529
154.800,-8.391,-0.047,0.440,45.670
154.820,-12.275,-0.058,0.440,45.822
154.840,-15.984,-0.066,0.440,45.976
154.860,-19.436,-0.071,0.440,46.115
154.880,-22.629,-0.072,0.440,46.233
154.900,-25.453,-0.074,0.440,46.319
154.920,-27.932,-0.065,0.440,46.371
154.940,-29.988,-0.061,0.440,46.376
154.960,-31.576,-0.050,0.440,46.341
154.980,-32.689,-0.038,0.440,46.260
155.000,-33.275,-0.021,0.440,46.142
155.020,-33.445,-0.002,0.440,45.986
155.040,-33.105,0.017,0.440,45.804
155.060,-32.273,0.035,0.440,45.605
155.080,-30.949,0.062,0.440,45.400
155.100,-29.156,0.087,0.440,45.197
155.120,-26.918,0.113,0.440,45.008
155.140,-24.311,0.138,0.440,44.842
155.160,-21.293,0.162,0.440,44.707
155.180,-17.971,0.190,0.440,44.610
155.200,-14.391,0.215,0.440,44.553
155.220,-10.605,0.242,0.440,44.540
155.240,-6.627,0.264,0.437,44.568
155.260,-2.566,0.285,0.437,44.636
155.280,1.535,0.305,0.437,44.740
155.300,5.625,0.319,0.437,44.874
155.320,9.586,0.338,0.437,45.026
155.340,13.465,0.342,0.437,45.190
155.360,17.133,0.353,0.437,45.352
155.380,20.525,0.356,0.437,45.505
155.400,23.654,0.360,0.438,45.743
155.420,26.402,0.358,0.438,45.743
155.440,28.758,0.353,0.438,45.813
155.460,30.691,0.346,0.438,45.841
155.480,32.174,0.338,0.438,45.830
155.500,33.187,0.319,0.438,45.778
155.520,33.709,0.308,0.438,45.688
155.540,33.732,0.286,0.438,45.567
155.560,33.281,0.265,0.438,45.424
155.580,32.314,0.244,0.438,45.265
155.600,30.908,0.215,0.438,45.103
155.620,29.010,0.194,0.438,44.946
155.640,26.736,0.168,0.438,44.806
155.660,24.012,0.139,0.438,44.691
155.680,20.936,0.114,0.438,44.609
155.700,17.602,0.087,0.438,44.566
155.720,13.945,0.062,0.438,44.563
155.740,10.143,0.038,0.438,44.604
155.760,6.164,0.019,0.438,44.687
155.780,2.109,-0.004,0.438,44.809
155.800,-1.975,-0.022,0.438,44.964
155.820,-6.059,-0.036,0.438,45.147
155.840,-10.014,-0.054,0.438,45.555
155.860,-13.852,-0.054,0.438,45.555
155.880,-17.455,-0.066,0.438,45.753
155.900,-20.824,-0.070,0.438,45.940
155.920,-23.842,-0.071,0.438,46.101
155.940,-26.531,-0.071,0.438,46.231
155.960,-28.811,-0.066,0.438,46.323
155.980,-30.686,-0.055,0.438,46.371
156.000,-32.092,-0.047,0.438,46.371
156.020,-32.988,-0.029,0.438,46.330
156.040,-33.375,-0.017,0.438,46.245
156.060,-33.346,0.004,0.438,46.131
156.080,-32.783,0.022,0.438,45.991
156.100,-31.764,0.046,0.438,45.837
156.120,-30.211,0.068,0.438,45.678
156.140,-28.225,0.096,0.438,45.524
156.160,-25.828,0.117,0.438,45.385
156.180,-23.033,0.146,0.438,45.270
156.200,-19.916,0.171,0.438,45.187
156.220,-16.471,0.201,0.438,45.140
156.240,-12.791,0.219,0.438,45.133
156.260,-8.924,0.248,0.438,45.164
156.280,-4.893,0.265,0.438,45.234
156.300,-0.820,0.291,0.438,45.339
156.320,3.281,0.303,0.438,45.475
156.340,7.318,0.323,0.438,45.631
156.360,11.250,0.335,0.438,45.802
156.380,15.053,0.347,0.438,45.974
156.400,18.592,0.351,0.438,46.137
156.420,21.873,0.356,0.438,46.282
156.440,24.873,0.354,0.438,46.401
156.460,27.434,0.355,0.438,46.483
156.480,29.619,0.343,0.438,46.522
156.500,31.371,0.338,0.438,46.515
156.520,32.666,0.324,0.438,46.464
156.540,33.463,0.311,0.438,46.369
156.560,33.773,0.291,0.438,46.239
156.580,33.615,0.271,0.438,46.074
156.600,32.930,0.252,0.438,45.888
156.620,31.787,0.228,0.438,45.692
156.640,30.146,0.206,0.438,45.492
156.660,28.107,0.174,0.438,45.302
156.680,25.635,0.155,0.438,45.130
156.700,22.758,0.123,0.438,44.985
156.720,19.576,0.104,0.438,44.874
156.740,16.084,0.070,0.438,44.800
156.760,12.375,0.057,0.438,44.770
156.780,8.479,0.022,0.438,44.778
156.800,4.471,0.012,0.438,44.830
156.820,0.416,-0.018,0.438,44.915
156.840,-3.703,-0.029,0.438,45.035
156.860,-7.723,-0.046,0.438,45.172
156.880,-11.654,-0.054,0.438,45.325
156.900,-15.369,-0.068,0.438,45.477
156.920,-18.885,-0.075,0.438,45.627
156.940,-22.125,-0.075,0.438,45.759
156.960,-25.020,-0.075,0.438,45.862
156.980,-27.545,-0.071,0.438,45.933
157.000,-29.660,-0.063,0.438,45.964
157.020,-31.336,-0.053,0.438,45.952
157.040,-32.543,-0.042,0.438,45.897
157.060,-33.217,-0.027,0.438,45.804
157.080,-33.428,-0.012,0.438,45.677
157.100,-33.182,0.012,0.438,45.526
157.120,-32.432,0.032,0.438,45.354
157.140,-31.201,0.054,0.438,45.176
157.160,-29.455,0.081,0.438,45.000
157.180,-27.305,0.106,0.438,44.837
157.200,-24.738,0.132,0.438,44.695
157.220,-21.785,0.155,0.438,44.585
157.240,-18.521,0.186,0.438,44.510
157.260,-14.971,0.208,0.438,44.477
157.280,-11.221,0.236,0.438,44.486
157.300,-7.266,0.257,0.438,44.541
157.320,-3.217,0.279,0.438,44.633
157.340,0.902,0.299,0.438,44.765
157.360,4.975,0.317,0.438,44.923
157.380,8.977,0.331,0.438,45.107
157.400,12.861,0.344,0.438,45.302
157.420,16.553,0.354,0.438,45.499
157.440,20.010,0.359,0.438,45.688
157.460,23.168,0.360,0.438,45.856
157.480,25.992,0.360,0.438,45.997
157.500,28.400,0.353,0.438,46.098
157.520,30.398,0.345,0.438,46.160
157.540,31.969,0.337,0.438,46.177
157.560,33.059,0.319,0.438,46.153
157.580,33.662,0.310,0.438,46.085
157.600,33.762,0.285,0.438,45.986
157.620,33.381,0.266,0.438,45.856
157.640,32.502,0.245,0.438,45.712
157.660,31.154,0.219,0.438,45.559
157.680,29.326,0.199,0.438,45.408
157.700,27.117,0.170,0.438,45.272
157.720,24.451,0.145,0.438,45.156
157.740,21.457,0.116,0.438,45.071
157.760,18.129,0.096,0.438,45.022
157.780,14.543,0.067,0.438,45.011
157.800,10.734,0.045,0.438,45.043
157.820,6.797,0.022,0.438,45.115
157.840,2.760,0.007,0.438,45.225
157.860,-1.348,-0.017,0.438,45.364
157.880,-5.402,-0.032,0.438,45.531
157.900,-9.434,-0.048,0.438,45.716
157.920,-13.260,-0.058,0.438,45.904
157.940,-16.910,-0.062,0.438,46.091
157.960,-20.309,-0.071,0.438,46.259
157.980,-23.408,-0.070,0.438,46.407
158.000,-26.145,-0.068,0.438,46.519
158.020,-28.506,-0.062,0.438,46.591
158.040,-30.451,-0.055,0.438,46.618
158.060,-31.904,-0.042,0.438,46.602
158.080,-32.871,-0.028,0.438,46.536
158.100,-33.334,-0.016,0.438,46.432
158.120,-33.404,0.005,0.438,46.294
158.140,-32.918,0.024,0.438,46.128
158.160,-31.963,0.046,0.438,45.946
158.180,-30.486,0.068,0.438,45.757
158.200,-28.576,0.094,0.438,45.573
158.220,-26.268,0.113,0.438,45.403
158.240,-23.525,0.146,0.438,45.256
158.260,-20.432,0.168,0.438,45.140
158.280,-17.039,0.200,0.438,45.020
158.300,-13.412,0.215,0.438,45.020
158.320,-9.545,0.250,0.438,45.019
158.340,-5.555,0.261,0.438,45.060
158.360,-1.459,0.287,0.438,45.134
158.380,2.625,0.306,0.438,45.242
158.400,6.691,0.326,0.438,45.373
158.420,10.629,0.336,0.438,45.524
158.440,14.455,0.348,0.438,45.672
158.460,18.053,0.352,0.438,45.819
158.480,21.369,0.358,0.438,45.950
158.500,24.428,0.355,0.438,46.057
158.520,27.053,0.356,0.438,46.130
158.540,29.303,0.348,0.438,46.168
158.560,31.107,0.341,0.438,46.159
158.580,32.490,0.328,0.438,46.111
158.600,33.375,0.314,0.438,46.018
158.620,33.762,0.298,0.438,45.891
158.640,33.662,0.275,0.438,45.732
158.660,33.088,0.258,0.438,45.551
158.680,31.992,0.230,0.438,45.360
158.700,30.451,0.209,0.438,45.166
158.720,28.459,0.179,0.438,44.981
158.740,26.045,0.160,0.438,44.814
158.760,23.238,0.127,0.438,44.676
158.780,20.092,0.111,0.438,44.571
158.800,16.670,0.073,0.438,44.506
158.820,12.996,0.057,0.438,44.484
158.840,9.123,0.024,0.438,44.505
158.860,5.115,0.011,0.436,44.569
158.880,1.031,-0.013,0.436,44.671
158.900,-3.029,-0.028,0.436,44.805
158.920,-7.078,-0.043,0.436,44.965
158.940,-11.027,-0.057,0.436,45.140
158.960,-14.795,-0.065,0.436,45.324
158.980,-18.346,-0.073,0.436,45.501
159.000,-21.633,-0.076,0.437,45.665
159.020,-24.586,-0.077,0.437,45.804
159.040,-27.141,-0.072,0.437,45.913
159.060,-29.344,-0.064,0.437,45.979
159.080,-31.090,-0.057,0.437,46.005
159.100,-32.355,-0.046,0.437,45.988
159.120,-33.152,-0.029,0.437,45.934
159.140,-33.393,-0.013,0.437,45.841
159.160,-33.234,0.008,0.437,45.579
159.180,-32.566,0.027,0.437,45.579
159.200,-31.383,0.052,0.437,45.428
159.220,-29.742,0.074,0.437,45.278
159.240,-27.627,0.099,0.437,45.138
159.260,-25.143,0.125,0.437,45.018
159.280,-22.242,0.153,0.437,44.927
159.300,-19.043,0.178,0.437,44.870
159.320,-15.533,0.206,0.437,44.854
159.340,-11.777,0.227,0.437,44.878
159.360,-7.887,0.254,0.437,44.946
159.380,-3.814,0.269,0.437,45.052
159.400,0.246,0.295,0.437,45.367
159.420,4.342,0.313,0.437,45.367
159.440,8.367,0.323,0.437,45.563
159.460,12.264,0.338,0.437,45.765
159.480,16.014,0.346,0.437,46.171
159.500,19.482,0.356,0.437,46.171
159.520,22.693,0.355,0.437,46.349
159.540,25.582,0.356,0.437,46.495
159.560,28.043,0.353,0.437,46.605
159.580,30.123,0.343,0.437,46.672
159.600,31.752,0.336,0.437,46.691
159.620,32.906,0.320,0.437,46.666
159.640,33.604,0.302,0.437,46.597
159.660,33.768,0.286,0.437,46.491
159.680,33.486,0.265,0.437,46.354
159.700,32.672,0.249,0.437,46.196
159.720,31.400,0.223,0.437,46.030
159.740,29.666,0.199,0.437,45.862
159.760,27.504,0.173,0.437,45.704
159.780,24.926,0.148,0.437,45.566
159.800,21.943,0.121,0.437,45.455
159.820,18.697,0.096,0.437,45.379
159.840,15.129,0.069,0.437,45.339
159.860,11.373,0.049,0.437,45.342
159.880,7.447,0.020,0.437,45.382
159.900,3.404,0.006,0.437,45.462
159.920,-0.668,-0.019,0.437,45.571
159.940,-4.770,-0.029,0.437,45.711
159.960,-8.783,-0.045,0.437,45.863
159.980,-12.656,-0.055,0.437,46.026
160.000,-16.336,-0.066,0.437,46.186
160.020,-19.781,-0.071,0.437,46.335
160.040,-22.963,-0.071,0.437,46.459
160.060,-25.729,-0.070,0.437,46.551
160.080,-28.143,-0.069,0.437,46.604
160.100,-30.152,-0.057,0.437,46.615
160.120,-31.687,-0.048,0.437,46.580
160.140,-32.783,-0.033,0.437,46.499
160.160,-33.316,-0.020,0.437,46.381
160.180,-33.434,0.002,0.437,46.226
160.200,-33.059,0.019,0.437,46.044
160.220,-32.156,0.042,0.437,45.847
160.240,-30.791,0.062,0.437,45.643
160.260,-28.928,0.092,0.437,45.445
160.280,-26.672,0.112,0.437,45.260
160.300,-24.018,0.141,0.437,45.099
160.320,-20.936,0.166,0.437,44.969
160.340,-17.613,0.193,0.437,44.875
160.360,-14.010,0.219,0.437,44.824
160.380,-10.184,0.241,0.437,44.814
160.400,-6.199,0.267,0.437,44.846
160.420,-2.139,0.288,0.437,44.916
160.440,1.980,0.307,0.437,45.022
160.460,6.053,0.323,0.437,45.156
160.480,10.002,0.338,0.437,45.309
160.500,13.863,0.346,0.437,45.472
160.520,17.502,0.355,0.437,45.630
160.540,20.877,0.358,0.437,45.780
160.560,23.959,0.362,0.439,45.906
160.580,26.666,0.355,0.439,46.004
160.600,28.986,0.356,0.439,46.061
160.620,30.861,0.340,0.439,46.083
160.640,32.320,0.336,0.439,46.056
160.660,33.270,0.317,0.439,45.993
160.680,33.750,0.304,0.439,45.892
160.700,33.715,0.281,0.439,45.761
160.720,33.217,0.264,0.439,45.607
160.740,32.191,0.240,0.439,45.441
160.760,30.721,0.211,0.439,45.272
160.780,28.805,0.189,0.439,45.110
160.800,26.473,0.164,0.439,44.967
160.820,23.713,0.135,0.439,44.849
160.840,20.625,0.113,0.439,44.764
160.860,17.238,0.081,0.439,44.715
160.880,13.582,0.061,0.439,44.715
160.900,9.744,0.036,0.439,44.757
160.920,5.760,0.013,0.439,44.837
160.940,1.699,-0.005,0.439,44.959
160.960,-2.385,-0.024,0.439,45.113
160.980,-6.451,-0.038,0.439,45.295
161.000,-10.418,-0.054,0.439,45.491
161.020,-14.232,-0.060,0.439,45.696
161.040,-17.801,-0.071,0.439,45.893
161.060,-21.123,-0.075,0.439,46.079
161.080,-24.135,-0.075,0.439,46.237
161.100,-26.789,-0.069,0.439,46.365
161.120,-29.039,-0.065,0.439,46.449
161.140,-30.844,-0.055,0.439,46.492
161.160,-32.168,-0.049,0.439,46.488
161.180,-33.047,-0.029,0.439,46.445
161.200,-33.375,-0.018,0.439,46.360
161.220,-33.293,0.003,0.439,46.245
161.240,-32.701,0.025,0.439,46.108
161.260,-31.600,0.046,0.439,45.954
161.280,-30.012,0.073,0.439,45.798
161.300,-27.979,0.096,0.439,45.648
161.320,-25.576,0.123,0.439,45.516
161.340,-22.729,0.149,0.439,45.409
161.360,-19.541,0.173,0.439,45.334
161.380,-16.102,0.203,0.439,45.298
161.400,-12.398,0.224,0.439,45.300
161.420,-8.508,0.250,0.439,45.346
161.440,-4.482,0.267,0.439,45.428
161.460,-0.375,0.285,0.439,45.544
161.480,3.709,0.308,0.439,45.687
161.500,7.734,0.320,0.439,45.853
161.520,11.660,0.338,0.439,46.030
161.540,15.428,0.343,0.439,46.210
161.560,18.949,0.351,0.439,46.379
161.580,22.207,0.355,0.439,46.528
161.600,25.148,0.354,0.439,46.650
161.620,27.691,0.355,0.439,46.733
161.640,29.830,0.342,0.439,46.774
161.660,31.529,0.335,0.439,46.767
161.680,32.771,0.322,0.439,46.717
161.700,33.527,0.306,0.439,46.621
161.720,33.785,0.292,0.439,46.488
161.740,33.568,0.269,0.439,46.325
161.760,32.824,0.248,0.439,46.140
161.780,31.646,0.224,0.439,45.943
161.800,29.977,0.199,0.439,45.745
161.820,27.885,0.174,0.439,45.557
161.840,25.348,0.150,0.439,45.388
161.860,22.453,0.120,0.439,45.246
161.880,19.242,0.098,0.439,45.139
161.900,15.721,0.066,0.439,45.069
161.920,12.006,0.049,0.439,45.042
161.940,8.074,0.022,0.439,45.055
161.960,4.072,0.001,0.439,45.107
161.980,-0.023,-0.018,0.439,45.195
162.000,-4.084,-0.033,0.439,45.313
162.020,-8.139,-0.048,0.439,45.448
162.040,-12.029,-0.055,0.439,45.597
162.060,-15.750,-0.065,0.439,45.743
162.080,-19.242,-0.074,0.439,45.883
162.100,-22.453,-0.079,0.442,46.004
162.120,-25.289,-0.075,0.442,46.100
162.140,-27.768,-0.071,0.442,46.160
162.160,-29.859,-0.063,0.442,46.177
162.180,-31.494,-0.051,0.442,46.153
162.200,-32.637,-0.043,0.442,46.085
162.220,-33.275,-0.025,0.442,45.979
162.240,-33.416,-0.009,0.442,45.839
162.260,-33.129,0.016,0.442,45.674
162.280,-32.320,0.034,0.442,45.493
162.300,-31.043,0.058,0.442,45.305
162.320,-29.262,0.084,0.442,45.122
162.340,-27.047,0.106,0.442,44.953
162.360,-24.445,0.138,0.442,44.807
162.380,-21.463,0.158,0.442,44.693
162.400,-18.158,0.188,0.442,44.615
162.420,-14.602,0.215,0.442,44.580
162.440,-10.787,0.236,0.442,44.589
162.460,-6.844,0.261,0.442,44.642
162.480,-2.777,0.280,0.442,44.734
162.500,1.330,0.300,0.442,44.864
162.520,5.402,0.317,0.442,45.020
162.540,9.393,0.335,0.442,45.198
162.560,13.266,0.344,0.442,45.390
162.580,16.945,0.354,0.442,45.582
162.600,20.350,0.356,0.442,45.765
162.620,23.490,0.360,0.442,45.926
162.640,26.273,0.357,0.442,46.059
162.660,28.635,0.352,0.442,46.158
162.680,30.592,0.345,0.442,46.212
162.700,32.115,0.336,0.442,46.225
162.720,33.146,0.319,0.442,46.196
162.740,33.697,0.306,0.442,46.126
162.760,33.744,0.287,0.442,46.023
162.780,33.328,0.264,0.442,45.896
162.800,32.402,0.244,0.442,45.751
162.820,30.990,0.221,0.442,45.602
162.840,29.156,0.191,0.442,45.456
162.860,26.871,0.175,0.442,45.324
162.880,24.176,0.136,0.442,45.216
162.900,21.135,0.123,0.442,45.138
162.920,17.789,0.087,0.442,45.096
162.940,14.168,0.068,0.442,45.096
162.960,10.342,0.037,0.442,45.135
162.980,6.398,0.024,0.442,45.218
163.000,2.338,-0.002,0.442,45.335
163.020,-1.752,-0.016,0.442,45.487
163.040,-5.824,-0.036,0.442,45.660
163.060,-9.832,-0.046,0.442,45.852
163.080,-13.641,-0.057,0.442,46.046
163.100,-17.268,-0.062,0.442,46.236
163.120,-20.625,-0.068,0.442,46.407
163.140,-23.701,-0.071,0.442,46.555
163.160,-26.402,-0.067,0.442,46.667
163.180,-28.693,-0.065,0.442,46.739
163.200,-30.574,-0.052,0.442,46.765
163.220,-32.004,-0.046,0.442,46.745
163.240,-32.947,-0.029,0.442,46.680
163.260,-33.369,-0.015,0.442,46.575
163.280,-33.352,0.008,0.442,46.434
163.300,-32.836,0.024,0.442,46.268
163.320,-31.811,0.048,0.442,46.087
163.340,-30.311,0.071,0.442,45.898
163.360,-28.365,0.096,0.442,45.715
163.380,-25.975,0.118,0.442,45.548
163.400,-23.232,0.147,0.442,45.403
163.420,-20.074,0.167,0.442,45.290
163.440,-16.676,0.203,0.442,45.212
163.460,-13.008,0.217,0.442,45.175
163.480,-9.135,0.248,0.442,45.176
163.500,-5.133,0.267,0.442,45.219
163.520,-1.020,0.288,0.442,45.295
163.540,3.047,0.308,0.442,45.401
163.560,7.113,0.324,0.442,45.530
163.580,11.045,0.335,0.442,45.675
163.600,14.848,0.344,0.442,45.819
163.620,18.404,0.352,0.442,45.959
163.640,21.703,0.356,0.442,46.084
163.660,24.727,0.356,0.442,46.182
163.680,27.311,0.352,0.442,46.244
163.700,29.531,0.349,0.442,46.265
163.720,31.283,0.336,0.442,46.246
163.740,32.602,0.329,0.442,46.184
163.760,33.439,0.309,0.442,46.081
163.780,33.773,0.294,0.442,45.941
163.800,33.633,0.273,0.442,45.772
163.820,32.977,0.255,0.442,45.580
163.840,31.852,0.232,0.442,45.379
163.860,30.258,0.208,0.442,45.177
163.880,28.230,0.176,0.442,44.985
163.900,25.787,0.157,0.442,44.812
163.920,22.945,0.123,0.442,44.667
163.940,19.758,0.107,0.442,44.557
163.960,16.312,0.070,0.442,44.487
163.980,12.580,0.052,0.442,44.479
164.000,8.725,0.023,0.442,44.479
164.020,4.705,0.007,0.442,44.538
164.040,0.645,-0.017,0.442,44.632
164.060,-3.439,-0.028,0.442,44.764
164.080,-7.494,-0.048,0.442,44.914
164.100,-11.420,-0.056,0.442,45.086
164.120,-15.164,-0.067,0.442,45.257
164.140,-18.691,-0.074,0.442,45.426
164.160,-21.932,-0.078,0.442,45.580
164.180,-24.844,-0.077,0.442,45.710
164.200,-27.398,-0.070,0.442,45.810
164.220,-29.531,-0.064,0.442,45.864
164.240,-31.242,-0.054,0.442,45.879
164.260,-32.443,-0.046,0.442,45.787
164.280,-33.164,-0.025,0.442,45.787
164.300,-33.404,-0.013,0.442,45.687
164.320,-33.176,0.009,0.442,45.562
164.340,-32.467,0.027,0.442,45.417
164.360,-31.242,0.053,0.442,45.264
164.380,-29.549,0.079,0.442,45.111
164.400,-27.375,0.101,0.442,44.970
164.420,-24.861,0.130,0.442,44.851
164.440,-21.926,0.154,0.442,44.762
164.460,-18.668,0.180,0.442,44.708
164.480,-15.170,0.207,0.442,44.695
164.500,-11.385,0.231,0.442,44.724
164.520,-7.465,0.253,0.442,44.796
164.540,-3.416,0.279,0.442,44.908
164.560,0.686,0.294,0.442,45.059
164.580,4.775,0.316,0.442,45.235
164.600,8.766,0.325,0.442,45.435
164.620,12.656,0.340,0.442,45.640
164.640,16.383,0.348,0.442,45.848
164.660,19.834,0.355,0.442,46.048
164.680,23.021,0.355,0.442,46.230
164.700,25.857,0.354,0.442,46.377
164.720,28.295,0.353,0.442,46.486
164.740,30.311,0.344,0.442,46.555
164.760,31.904,0.334,0.442,46.576
164.780,33.018,0.322,0.442,46.554
164.800,33.645,0.301,0.442,46.488
164.820,33.768,0.290,0.442,46.384
164.840,33.428,0.266,0.442,46.252
164.860,32.566,0.247,0.442,46.101
164.880,31.254,0.221,0.442,45.940
164.900,29.461,0.198,0.442,45.779
164.920,27.270,0.171,0.442,45.630
164.940,24.615,0.149,0.442,45.501
164.960,21.627,0.116,0.442,45.400
164.980,18.340,0.096,0.442,45.334
165.000,14.766,0.062,0.442,45.306
165.020,10.969,0.047,0.442,45.320
165.040,7.031,0.021,0.442,45.371
165.060,2.965,0.004,0.442,45.460
165.080,-1.102,-0.021,0.442,45.578
165.100,-5.180,-0.030,0.442,45.725
165.120,-9.182,-0.045,0.442,45.887
165.140,-13.043,-0.057,0.442,46.054
165.160,-16.711,-0.062,0.442,46.219
165.180,-20.127,-0.071,0.442,46.366
165.200,-23.244,-0.067,0.442,46.493
165.220,-25.992,-0.075,0.442,46.581
165.240,-28.371,-0.060,0.442,46.637
165.260,-30.340,-0.063,0.442,46.642
165.280,-31.852,-0.038,0.442,46.610
165.300,-32.865,-0.042,0.442,46.521
165.320,-33.346,-0.009,0.442,46.405
165.340,-33.393,-0.006,0.442,46.245
165.360,-32.971,0.029,0.442,46.065
165.380,-32.027,0.036,0.442,45.864
165.400,-30.615,0.073,0.442,45.662
165.420,-28.711,0.091,0.442,45.460
165.440,-26.396,0.120,0.442,45.276
165.460,-23.707,0.141,0.442,45.114
165.480,-20.619,0.171,0.442,44.984
165.500,-17.256,0.196,0.442,44.892
165.520,-13.635,0.221,0.442,44.839
165.540,-9.773,0.246,0.442,44.830
165.560,-5.766,0.266,0.439,44.860
165.580,-1.717,0.290,0.439,44.929
165.600,2.391,0.303,0.439,45.031
165.620,6.457,0.327,0.439,45.157
165.640,10.418,0.334,0.439,45.304
165.660,14.268,0.348,0.439,45.455
165.680,17.865,0.353,0.439,45.603
165.700,21.205,0.360,0.439,45.738
165.720,24.258,0.358,0.439,45.854
165.740,26.924,0.358,0.439,45.935
165.760,29.191,0.350,0.439,45.983
165.780,31.025,0.345,0.439,45.986
165.800,32.432,0.331,0.439,45.952
165.820,33.334,0.319,0.439,45.874
165.840,33.762,0.296,0.439,45.762
165.860,33.691,0.284,0.439,45.616
165.880,33.117,0.255,0.439,45.453
165.900,32.068,0.239,0.439,45.275
165.920,30.527,0.209,0.439,45.098
165.940,28.582,0.183,0.439,44.928
165.960,26.203,0.161,0.439,44.778
165.980,23.408,0.132,0.439,44.655
166.000,20.291,0.108,0.439,44.566
166.020,16.857,0.079,0.439,44.517
166.040,13.189,0.055,0.439,44.511
166.060,9.340,0.032,0.439,44.549
166.080,5.344,0.013,0.439,44.629
166.100,1.283,-0.008,0.439,44.747
166.120,-2.818,-0.025,0.439,44.899
166.140,-6.855,-0.041,0.439,45.076
166.160,-10.816,-0.053,0.439,45.269
166.180,-14.572,-0.058,0.439,45.466
166.200,-18.152,-0.071,0.439,45.658
166.220,-21.451,-0.073,0.439,45.838
166.240,-24.410,-0.079,0.439,45.991
166.260,-27.012,-0.067,0.439,46.116
166.280,-29.221,-0.069,0.439,46.196
166.300,-30.996,-0.055,0.439,46.236
166.320,-32.268,-0.047,0.439,46.232
166.340,-33.117,-0.030,0.439,46.186
166.360,-33.398,-0.013,0.439,46.102
166.380,-33.240,0.005,0.439,45.986
166.400,-32.602,0.026,0.439,45.851
166.420,-31.441,0.047,0.439,45.703
166.440,-29.830,0.074,0.439,45.554
166.460,-27.762,0.095,0.439,45.411
166.480,-25.283,0.124,0.439,45.288
166.500,-22.424,0.148,0.439,45.191
166.520,-19.189,0.177,0.439,45.126
166.540,-15.732,0.202,0.439,45.101
166.560,-12.006,0.226,0.439,45.115
166.580,-8.080,0.246,0.439,45.171
166.600,-4.061,0.273,0.439,45.263
166.620,0.041,0.290,0.439,45.395
166.640,4.113,0.312,0.439,45.549
166.660,8.150,0.325,0.439,45.730
166.680,12.070,0.331,0.439,45.917
166.700,15.803,0.345,0.439,46.101
166.720,19.324,0.350,0.439,46.279
166.740,22.523,0.359,0.439,46.436
166.760,25.430,0.354,0.439,46.567
166.780,27.937,0.352,0.439,46.654
166.800,30.029,0.343,0.439,46.699
166.820,31.676,0.336,0.439,46.696
166.840,32.871,0.322,0.439,46.652
166.860,33.580,0.304,0.439,46.560
166.880,33.785,0.291,0.439,46.433
166.900,33.516,0.266,0.439,46.276
166.920,32.742,0.247,0.439,46.096
166.940,31.482,0.222,0.439,45.906
166.960,29.766,0.199,0.439,45.715
166.980,27.650,0.173,0.439,45.535
167.000,25.066,0.148,0.439,45.373
167.020,22.125,0.121,0.439,45.240
167.040,18.879,0.097,0.439,45.140
167.060,15.346,0.067,0.439,45.078
167.080,11.584,0.046,0.439,45.057
167.100,7.676,0.021,0.439,45.076
167.120,3.645,0.004,0.439,45.136
167.140,-0.451,-0.018,0.439,45.225
167.160,-4.518,-0.034,0.439,45.346
167.180,-8.566,-0.048,0.439,45.483
167.200,-12.445,-0.055,0.439,45.631
167.220,-16.125,-0.067,0.439,45.775
167.240,-19.594,-0.074,0.439,45.911
167.260,-22.746,-0.076,0.439,46.027
167.280,-25.582,-0.075,0.439,46.113
167.300,-28.008,-0.070,0.439,46.165
167.320,-30.047,-0.063,0.439,46.174
167.340,-31.629,-0.050,0.439,46.140
167.360,-32.719,-0.038,0.439,46.062
167.380,-33.311,-0.021,0.439,45.942
167.400,-33.422,-0.003,0.439,45.794
167.420,-33.076,0.019,0.439,45.618
167.440,-32.221,0.038,0.439,45.426
167.460,-30.885,0.061,0.439,45.229
167.480,-29.051,0.090,0.439,45.037
167.500,-26.795,0.109,0.439,44.859
167.520,-24.158,0.142,0.439,44.706
167.540,-21.146,0.164,0.439,44.585
167.560,-17.801,0.190,0.439,44.500
167.580,-14.221,0.216,0.439,44.459
167.600,-10.377,0.240,0.439,44.460
167.620,-6.439,0.264,0.439,44.504
167.640,-2.367,0.283,0.439,44.588
167.660,1.752,0.306,0.439,44.709
167.680,5.824,0.322,0.439,44.857
167.700,9.797,0.335,0.439,45.026
167.720,13.646,0.349,0.439,45.206
167.740,17.314,0.355,0.439,45.385
167.760,20.678,0.356,0.439,45.557
167.780,23.801,0.358,0.439,45.700
167.800,26.525,0.355,0.439,45.822
167.820,28.863,0.354,0.439,45.900
167.840,30.773,0.345,0.439,45.948
167.860,32.244,0.334,0.439,45.943
167.880,33.223,0.319,0.439,45.907
167.900,33.727,0.299,0.439,45.823
167.920,33.738,0.286,0.439,45.715
167.940,33.264,0.264,0.439,45.577
167.960,32.256,0.243,0.439,45.431
167.980,30.826,0.217,0.439,45.277
168.000,28.928,0.189,0.439,45.130
168.020,26.602,0.172,0.439,44.998
168.040,23.877,0.138,0.439,44.892
168.060,20.789,0.116,0.439,44.817
168.080,17.432,0.087,0.439,44.780
168.100,13.793,0.063,0.439,44.785
168.120,9.949,0.038,0.439,44.831
168.140,5.994,0.018,0.439,44.919
168.160,1.916,-0.003,0.439,45.045
168.180,-2.156,-0.017,0.439,45.201
168.200,-6.240,-0.039,0.439,45.383
168.220,-10.201,-0.043,0.439,45.581
168.240,-14.016,-0.061,0.439,45.781
168.260,-17.619,-0.061,0.439,45.979
168.280,-20.947,-0.066,0.439,46.158
168.300,-23.977,-0.071,0.439,46.309
168.320,-26.637,-0.069,0.439,46.431
168.340,-28.904,-0.063,0.439,46.510
168.360,-30.779,-0.054,0.439,46.547
168.380,-32.127,-0.042,0.439,46.535
168.400,-33.029,-0.029,0.439,46.480
168.420,-33.381,-0.013,0.439,46.382
168.440,-33.299,0.006,0.439,46.255
168.460,-32.748,0.024,0.439,46.099
168.480,-31.682,0.053,0.439,45.932
168.500,-30.117,0.070,0.439,45.756
168.520,-28.125,0.097,0.439,45.588
168.540,-25.693,0.119,0.439,45.436
168.560,-22.910,0.151,0.439,45.308
168.580,-19.746,0.172,0.439,45.212
168.600,-16.307,0.202,0.439,45.152
168.620,-12.609,0.220,0.439,45.132
168.640,-8.719,0.248,0.439,45.151
168.660,-4.705,0.269,0.439,45.208
168.680,-0.615,0.290,0.439,45.300
168.700,3.469,0.307,0.439,45.420
168.720,7.518,0.326,0.439,45.562
168.740,11.443,0.332,0.439,45.718
168.760,15.240,0.348,0.439,45.869
168.780,18.773,0.351,0.439,46.020
168.800,22.031,0.356,0.439,46.149
168.820,25.002,0.355,0.439,46.256
168.840,27.539,0.353,0.439,46.319
168.860,29.742,0.344,0.439,46.349
168.880,31.436,0.336,0.439,46.329
168.900,32.725,0.324,0.439,46.268
168.920,33.498,0.313,0.439,46.164
168.940,33.779,0.291,0.439,46.026
168.960,33.592,0.271,0.439,45.855
168.980,32.895,0.248,0.439,45.664
169.000,31.723,0.225,0.439,45.463
169.020,30.070,0.202,0.439,45.260
169.040,28.008,0.173,0.439,45.069
169.060,25.494,0.153,0.439,44.897
169.080,22.623,0.122,0.439,44.753
169.100,19.430,0.097,0.439,44.644
169.120,15.926,0.070,0.439,44.575
169.140,12.211,0.045,0.439,44.549
169.160,8.314,0.025,0.439,44.565
169.180,4.295,0.004,0.439,44.624
169.200,0.229,-0.015,0.439,44.717
169.220,-3.879,-0.033,0.439,44.844
169.240,-7.904,-0.050,0.439,44.993
169.260,-11.818,-0.061,0.439,45.153
169.280,-15.527,-0.066,0.439,45.320
169.300,-19.049,-0.079,0.439,45.477
169.320,-22.266,-0.074,0.439,45.627
169.340,-25.125,-0.081,0.441,45.742
169.360,-27.645,-0.067,0.441,45.830
169.380,-29.742,-0.068,0.441,45.871
169.400,-31.395,-0.048,0.441,45.878
169.420,-32.549,-0.046,0.441,45.835
169.440,-33.234,-0.023,0.441,45.760
169.460,-33.416,-0.013,0.441,45.650
169.480,-33.117,0.016,0.441,45.514
169.500,-32.350,0.028,0.441,45.359
169.520,-31.084,0.059,0.441,45.199
169.540,-29.350,0.074,0.441,45.042
169.560,-27.158,0.112,0.441,44.898
169.580,-24.574,0.124,0.441,44.777
169.600,-21.604,0.160,0.441,44.686
169.620,-18.334,0.181,0.441,44.632
169.640,-14.783,0.214,0.441,44.619
169.660,-11.004,0.232,0.441,44.651
169.680,-7.049,0.258,0.441,44.725
169.700,-2.994,0.276,0.441,44.839
169.720,1.107,0.297,0.441,44.988
169.740,5.174,0.311,0.441,45.167
169.760,9.170,0.331,0.441,45.365
169.780,13.072,0.334,0.441,45.575
169.800,16.740,0.353,0.441,45.780
169.820,20.180,0.352,0.441,45.984
169.840,23.320,0.357,0.441,46.162
169.860,26.115,0.356,0.441,46.312
169.880,28.512,0.352,0.441,46.423
169.900,30.498,0.348,0.441,46.492
169.920,32.045,0.333,0.441,46.516
169.940,33.100,0.319,0.441,46.493
169.960,33.674,0.305,0.441,46.427
169.980,33.773,0.289,0.441,46.327
170.000,33.363,0.264,0.441,46.200
170.020,32.455,0.243,0.441,46.052
170.040,31.096,0.223,0.441,45.897
170.060,29.244,0.191,0.441,45.744
170.080,27.018,0.170,0.441,45.604
170.100,24.316,0.141,0.441,45.484
170.120,21.305,0.119,0.441,45.393
170.140,17.988,0.089,0.441,45.337
170.160,14.361,0.068,0.441,45.321
170.180,10.576,0.038,0.441,45.343
170.200,6.598,0.024,0.441,45.408
170.220,2.555,-0.003,0.441,45.504
170.240,-1.518,-0.014,0.441,45.637
170.260,-5.584,-0.039,0.441,45.789
170.280,-9.604,-0.042,0.441,45.961
170.300,-13.441,-0.061,0.441,46.134
170.320,-17.062,-0.066,0.441,46.306
170.340,-20.455,-0.068,0.441,46.457
170.360,-23.525,-0.074,0.441,46.581
170.380,-26.268,-0.067,0.441,46.674
170.400,-28.588,-0.067,0.441,46.725
170.420,-30.527,-0.054,0.441,46.735
170.440,-31.957,-0.045,0.441,46.694
170.460,-32.924,-0.030,0.441,46.610
170.480,-33.387,-0.017,0.441,46.483
170.500,-33.387,0.006,0.441,46.327
170.520,-32.895,0.022,0.441,46.142
170.540,-31.916,0.047,0.441,45.945
170.560,-30.422,0.069,0.441,45.740
170.580,-28.488,0.095,0.441,45.541
170.600,-26.139,0.118,0.441,45.358
170.620,-23.408,0.145,0.441,45.199
170.640,-20.291,0.170,0.441,45.071
170.660,-16.863,0.200,0.441,44.980
170.680,-13.236,0.221,0.441,44.931
170.700,-9.357,0.253,0.440,44.922
170.720,-5.355,0.266,0.440,44.957
170.740,-1.283,0.294,0.440,45.025
170.760,2.836,0.302,0.440,45.128
170.780,6.885,0.331,0.440,45.252
170.800,10.840,0.334,0.440,45.396
170.820,14.631,0.352,0.440,45.543
170.840,18.223,0.352,0.440,45.687
170.860,21.533,0.361,0.442,45.812
170.880,24.562,0.356,0.442,45.921
170.900,27.182,0.357,0.442,45.993
170.920,29.396,0.348,0.442,46.031
170.940,31.201,0.345,0.442,46.025
170.960,32.555,0.323,0.442,45.981
170.980,33.416,0.317,0.442,45.889
171.000,33.773,0.292,0.442,45.769
171.020,33.650,0.283,0.442,45.615
171.040,33.029,0.253,0.442,45.446
171.060,31.934,0.234,0.442,45.261
171.080,30.357,0.209,0.442,45.079
171.100,28.365,0.176,0.442,44.906
171.120,25.928,0.163,0.442,44.752
171.140,23.104,0.126,0.442,44.627
171.160,19.945,0.107,0.442,44.538
171.180,16.494,0.070,0.442,44.488
171.200,12.809,0.059,0.442,44.482
171.220,8.924,0.023,0.442,44.518
171.240,4.945,0.018,0.442,44.600
171.260,0.850,-0.019,0.442,44.713
171.280,-3.246,-0.024,0.442,44.867
171.300,-7.271,-0.050,0.442,45.041
171.320,-11.227,-0.054,0.442,45.234
171.340,-14.959,-0.063,0.442,45.432
171.360,-18.521,-0.076,0.442,45.620
171.380,-21.779,-0.071,0.442,45.799
171.400,-24.697,-0.082,0.443,45.945
171.420,-27.264,-0.067,0.443,46.068
171.440,-29.426,-0.072,0.443,46.140
171.460,-31.166,-0.055,0.443,46.180
171.480,-32.396,-0.044,0.443,46.170
171.500,-33.135,-0.032,0.443,46.123
171.520,-33.398,-0.009,0.443,46.038
171.540,-33.187,0.004,0.443,45.921
171.560,-32.508,0.033,0.443,45.786
171.580,-31.318,0.049,0.443,45.638
171.600,-29.625,0.077,0.443,45.492
171.620,-27.521,0.098,0.443,45.355
171.640,-24.979,0.124,0.443,45.238
171.660,-22.107,0.151,0.443,45.148
171.680,-18.850,0.178,0.443,45.092
171.700,-15.357,0.203,0.443,45.076
171.720,-11.596,0.226,0.443,45.100
171.740,-7.676,0.248,0.443,45.165
171.760,-3.639,0.275,0.443,45.267
171.780,0.463,0.295,0.443,45.406
171.800,4.535,0.311,0.443,45.573
171.820,8.561,0.325,0.443,45.759
171.840,12.451,0.335,0.443,45.955
171.860,16.172,0.348,0.443,46.147
171.880,19.652,0.352,0.443,46.335
171.900,22.840,0.358,0.443,46.494
171.920,25.723,0.355,0.443,46.631
171.940,28.166,0.353,0.443,46.719
171.960,30.229,0.343,0.443,46.771
171.980,31.822,0.336,0.443,46.768
172.000,32.953,0.319,0.443,46.727
172.020,33.609,0.307,0.443,46.637
172.040,33.785,0.286,0.443,46.516
172.060,33.457,0.267,0.443,46.359
172.080,32.631,0.244,0.443,46.186
172.100,31.330,0.221,0.443,46.000
172.120,29.555,0.195,0.443,45.817
172.140,27.410,0.166,0.443,45.643
172.160,24.785,0.148,0.443,45.489
172.180,21.826,0.114,0.443,45.364
172.200,18.521,0.098,0.443,45.273
172.220,14.977,0.062,0.443,45.220
172.240,11.186,0.049,0.443,45.209
172.260,7.260,0.012,0.443,45.235
172.280,3.217,0.003,0.443,45.303
172.300,-0.867,-0.025,0.443,45.399
172.320,-4.945,-0.032,0.443,45.525
172.340,-8.965,-0.055,0.443,45.666
172.360,-12.826,-0.054,0.443,45.815
172.380,-16.482,-0.074,0.443,45.962
172.400,-19.939,-0.069,0.443,46.099
172.420,-23.086,-0.076,0.443,46.210
172.440,-25.857,-0.075,0.443,46.293
172.460,-28.236,-0.068,0.443,46.339
172.480,-30.252,-0.059,0.443,46.344
172.500,-31.758,-0.047,0.443,46.302
172.520,-32.824,-0.037,0.443,46.215
172.540,-33.340,-0.017,0.443,46.093
172.560,-33.434,-0.001,0.443,45.937
172.580,-33.000,0.021,0.443,45.756
172.600,-32.109,0.041,0.443,45.559
172.620,-30.691,0.063,0.443,45.359
172.640,-28.852,0.091,0.443,45.164
172.660,-26.561,0.116,0.443,44.984
172.680,-23.865,0.142,0.443,44.829
172.700,-20.795,0.165,0.443,44.706
172.720,-17.443,0.193,0.443,44.621
172.740,-13.846,0.217,0.443,44.578
172.760,-9.984,0.244,0.443,44.579
172.780,-6.006,0.265,0.443,44.621
172.800,-1.939,0.289,0.443,44.704
172.820,2.162,0.304,0.443,44.820
172.840,6.240,0.324,0.443,44.966
172.860,10.189,0.338,0.443,45.128
172.880,14.045,0.348,0.443,45.304
172.900,17.678,0.353,0.443,45.476
172.920,21.018,0.355,0.443,45.634
172.940,24.094,0.359,0.443,45.772
172.960,26.771,0.356,0.443,45.878
172.980,29.074,0.352,0.443,45.951
173.000,30.943,0.347,0.443,45.981
173.020,32.367,0.334,0.443,45.972
173.040,33.305,0.319,0.443,45.921
173.060,33.750,0.302,0.443,45.833
173.080,33.703,0.282,0.443,45.713
173.100,33.158,0.261,0.443,45.571
173.120,32.150,0.240,0.443,45.416
173.140,30.650,0.216,0.443,45.258
173.160,28.705,0.186,0.443,45.108
173.180,26.350,0.164,0.443,44.975
173.200,23.578,0.137,0.443,44.868
173.220,20.461,0.112,0.443,44.794
173.240,17.074,0.087,0.443,44.758
173.260,13.377,0.059,0.443,44.763
173.280,9.557,0.034,0.443,44.813
173.300,5.566,0.016,0.443,44.903
173.320,1.518,-0.004,0.443,45.031
173.340,-2.572,-0.021,0.443,45.186
173.360,-6.645,-0.036,0.443,45.373
173.380,-10.617,-0.055,0.443,45.567
173.400,-14.396,-0.057,0.443,45.775
173.420,-17.953,-0.072,0.443,45.967
173.440,-21.275,-0.068,0.443,46.152
173.460,-24.246,-0.075,0.443,46.300
173.480,-26.900,-0.067,0.443,46.421
173.500,-29.121,-0.062,0.443,46.496
173.520,-30.914,-0.054,0.443,46.530
173.540,-32.232,-0.042,0.443,46.512
173.560,-33.064,-0.029,0.443,46.455
173.580,-33.404,-0.013,0.443,46.356
173.600,-33.287,0.009,0.443,46.230
173.620,-32.660,0.027,0.443,46.075
173.640,-31.529,0.049,0.443,45.909
173.660,-29.918,0.074,0.443,45.740
173.680,-27.902,0.096,0.443,45.576
173.700,-25.459,0.124,0.443,45.431
173.720,-22.600,0.147,0.443,45.310
173.740,-19.406,0.181,0.443,45.220
173.760,-15.926,0.203,0.443,45.170
173.780,-12.234,0.225,0.443,45.156
173.800,-8.314,0.249,0.443,45.185
173.820,-4.283,0.269,0.443,45.247
173.840,-0.211,0.290,0.443,45.349
173.860,3.902,0.307,0.443,45.473
173.880,7.910,0.325,0.443,45.624
173.900,11.842,0.335,0.443,45.782
173.920,15.598,0.351,0.443,45.939
173.940,19.119,0.352,0.443,46.096
173.960,22.359,0.355,0.443,46.223
173.980,25.277,0.354,0.443,46.329
174.000,27.797,0.353,0.443,46.389
174.020,29.906,0.344,0.443,46.419
174.040,31.600,0.337,0.443,46.397
174.060,32.818,0.318,0.443,46.333
174.080,33.557,0.310,0.443,46.224
174.100,33.785,0.288,0.443,46.080
174.120,33.545,0.271,0.443,45.909
174.140,32.801,0.247,0.443,45.715
174.160,31.576,0.221,0.443,45.513
174.180,29.877,0.200,0.443,45.310
174.200,27.773,0.170,0.443,45.120
174.220,25.225,0.149,0.443,44.950
174.240,22.295,0.119,0.443,44.808
174.260,19.084,0.095,0.443,44.702
174.280,15.545,0.065,0.443,44.635
174.300,11.812,0.047,0.443,44.611
174.320,7.893,0.020,0.443,44.628
174.340,3.867,0.003,0.443,44.687
174.360,-0.199,-0.021,0.443,44.782
174.380,-4.295,-0.030,0.443,44.908
174.400,-8.309,-0.050,0.443,45.051
174.420,-12.211,-0.059,0.443,45.208
174.440,-15.902,-0.068,0.443,45.369
174.460,-19.400,-0.077,0.443,45.521
174.480,-22.576,-0.076,0.443,45.660
174.500,-25.389,-0.079,0.443,45.768
174.520,-27.873,-0.067,0.443,45.847
174.540,-29.906,-0.066,0.443,45.878
174.560,-31.553,-0.053,0.443,45.874
174.580,-32.654,-0.040,0.443,45.824
174.600,-33.240,-0.025,0.443,45.738
174.620,-33.393,-0.004,0.443,45.618
174.640,-33.059,0.012,0.443,45.472
174.660,-32.250,0.035,0.443,45.311
174.680,-30.937,0.057,0.443,45.144
174.700,-29.121,0.083,0.443,44.981
174.720,-26.900,0.105,0.443,44.832
174.740,-24.275,0.135,0.443,44.708
174.760,-21.293,0.158,0.443,44.614
174.780,-17.977,0.190,0.443,44.558
174.800,-14.408,0.205,0.443,44.545
174.820,-10.588,0.239,0.443,44.570
174.840,-6.633,0.254,0.443,44.646
174.860,-2.566,0.283,0.443,44.755
174.880,1.535,0.295,0.443,44.907
174.900,5.602,0.317,0.443,45.078
174.920,9.580,0.329,0.443,45.278
174.940,13.465,0.340,0.443,45.479
174.960,17.109,0.352,0.443,45.687
174.980,20.508,0.356,0.443,45.880
175.000,23.631,0.356,0.443,46.053
175.020,26.391,0.356,0.443,46.195
175.040,28.734,0.350,0.443,46.299
175.060,30.686,0.344,0.443,46.358
175.080,32.174,0.332,0.443,46.372
175.100,33.187,0.316,0.443,46.343
175.120,33.703,0.303,0.443,46.271
175.140,33.732,0.284,0.443,46.167
175.160,33.293,0.265,0.443,46.036
175.180,32.338,0.238,0.443,45.889
175.200,30.920,0.219,0.443,45.733
175.220,29.033,0.188,0.443,45.582
175.240,26.766,0.170,0.443,45.443
175.260,24.029,0.138,0.443,45.328
175.280,20.994,0.116,0.443,45.242
175.300,17.631,0.085,0.443,45.191
175.320,13.998,0.064,0.443,45.180
175.340,10.184,0.037,0.443,45.210
175.360,6.217,0.018,0.443,45.279
175.380,2.174,-0.004,0.443,45.385
175.400,-1.945,-0.018,0.443,45.521
175.420,-6.000,-0.034,0.443,45.680
175.440,-9.990,-0.052,0.443,45.853
175.460,-13.787,-0.058,0.443,46.034
175.480,-17.391,-0.069,0.443,46.204
175.500,-20.783,-0.067,0.443,46.358
175.520,-23.824,-0.074,0.443,46.484
175.540,-26.484,-0.070,0.443,46.578
175.560,-28.781,-0.063,0.443,46.631
175.580,-30.656,-0.055,0.443,46.640
175.600,-32.057,-0.046,0.443,46.602
175.620,-32.977,-0.030,0.443,46.521
175.640,-33.375,-0.014,0.443,46.399
175.660,-33.328,0.010,0.443,46.243
175.680,-32.777,0.024,0.443,46.061
175.700,-31.764,0.052,0.443,45.867
175.720,-30.217,0.071,0.443,45.668
175.740,-28.242,0.097,0.443,45.475
175.760,-25.852,0.120,0.443,45.298
175.780,-23.062,0.150,0.443,45.147
175.800,-19.928,0.174,0.443,45.028
175.820,-16.506,0.200,0.443,44.946
175.840,-12.832,0.224,0.443,44.905
175.860,-8.941,0.249,0.441,44.906
175.880,-4.934,0.269,0.441,44.947
175.900,-0.832,0.293,0.441,45.023
175.920,3.252,0.310,0.441,45.132
175.940,7.301,0.329,0.441,45.263
175.960,11.238,0.339,0.441,45.416
175.980,15.035,0.348,0.441,45.566
176.000,18.586,0.353,0.441,45.717
176.020,21.861,0.356,0.441,45.845
176.040,24.855,0.358,0.441,45.953
176.060,27.434,0.353,0.441,46.026
176.080,29.607,0.348,0.441,46.060
176.100,31.359,0.340,0.441,46.052
176.120,32.666,0.327,0.441,46.004
176.140,33.475,0.311,0.441,45.915
176.160,33.791,0.295,0.441,45.790
176.180,33.615,0.270,0.441,45.637
176.200,32.959,0.255,0.441,45.463
176.220,31.799,0.224,0.441,45.282
176.240,30.182,0.205,0.441,45.099
176.260,28.125,0.174,0.441,44.929
176.280,25.652,0.157,0.441,44.778
176.300,22.799,0.123,0.441,44.656
176.320,19.617,0.103,0.441,44.570
176.340,16.148,0.068,0.441,44.524
176.360,12.410,0.054,0.441,44.523
176.380,8.531,0.023,0.441,44.563
176.400,4.523,0.008,0.438,44.647
176.420,0.439,-0.016,0.438,44.767
176.440,-3.633,-0.027,0.438,44.920
176.460,-7.670,-0.048,0.438,45.094
176.480,-11.613,-0.057,0.438,45.286
176.500,-15.334,-0.067,0.438,45.484
176.520,-18.832,-0.077,0.438,45.673
176.540,-22.096,-0.074,0.438,45.847
176.560,-24.961,-0.079,0.438,45.991
176.580,-27.480,-0.071,0.438,46.107
176.600,-29.619,-0.065,0.438,46.178
176.620,-31.271,-0.056,0.438,46.209
176.640,-32.479,-0.044,0.438,46.192
176.660,-33.158,-0.029,0.438,46.140
176.680,-33.410,-0.012,0.438,46.050
176.700,-33.135,0.011,0.438,45.933
176.720,-32.408,0.027,0.438,45.794
176.740,-31.148,0.054,0.438,45.647
176.760,-29.414,0.075,0.438,45.501
176.780,-27.281,0.102,0.438,45.366
176.800,-24.703,0.128,0.438,45.251
176.820,-21.773,0.156,0.438,45.166
176.840,-18.492,0.181,0.438,45.115
176.860,-14.971,0.206,0.438,45.104
176.880,-11.203,0.228,0.438,45.133
176.900,-7.248,0.252,0.438,45.204
176.920,-3.217,0.276,0.438,45.312
176.940,0.879,0.294,0.438,45.458
176.960,4.963,0.310,0.438,45.625
176.980,8.959,0.329,0.438,45.814
177.000,12.850,0.336,0.438,46.014
177.020,16.570,0.349,0.438,46.209
177.040,19.992,0.352,0.438,46.398
177.060,23.162,0.355,0.438,46.559
177.080,25.992,0.356,0.438,46.693
177.100,28.395,0.349,0.438,46.783
177.120,30.404,0.340,0.438,46.831
177.140,31.975,0.332,0.438,46.829
177.160,33.064,0.319,0.438,46.784
177.180,33.668,0.302,0.438,46.696
177.200,33.779,0.285,0.438,46.569
177.220,33.393,0.263,0.438,46.416
177.240,32.508,0.244,0.438,46.243
177.260,31.178,0.219,0.438,46.062
177.280,29.373,0.195,0.438,45.881
177.300,27.141,0.166,0.438,45.713
177.320,24.498,0.142,0.438,45.565
177.340,21.486,0.114,0.438,45.445
177.360,18.199,0.090,0.438,45.362
177.380,14.584,0.062,0.438,45.314
177.400,10.811,0.040,0.438,45.310
177.420,6.861,0.020,0.438,45.343
177.440,2.801,-0.001,0.438,45.415
177.460,-1.271,-0.022,0.438,45.515
177.480,-5.355,-0.036,0.438,45.644
177.500,-9.357,-0.053,0.438,45.787
177.520,-13.207,-0.057,0.438,45.939
177.540,-16.857,-0.070,0.438,46.086
177.560,-20.256,-0.071,0.438,46.221
177.580,-23.361,-0.075,0.438,46.329
177.600,-26.092,-0.072,0.438,46.408
177.620,-28.471,-0.067,0.438,46.447
177.640,-30.404,-0.056,0.438,46.444
177.660,-31.857,-0.047,0.438,46.394
177.680,-32.883,-0.033,0.438,46.302
177.700,-33.334,-0.016,0.438,46.172
177.720,-33.369,0.000,0.438,46.010
177.740,-32.918,0.022,0.438,45.825
177.760,-31.957,0.041,0.438,45.624
177.780,-30.498,0.067,0.438,45.420
177.800,-28.570,0.094,0.438,45.221
177.820,-26.262,0.119,0.438,45.040
177.840,-23.525,0.141,0.438,44.883
177.860,-20.443,0.171,0.438,44.759
177.880,-17.057,0.194,0.438,44.674
177.900,-13.406,0.220,0.438,44.630
177.920,-9.568,0.244,0.438,44.630
177.940,-5.572,0.266,0.437,44.671
177.960,-1.500,0.288,0.437,44.751
177.980,2.602,0.308,0.437,44.864
178.000,6.668,0.325,0.437,45.005
178.020,10.611,0.336,0.437,45.166
178.040,14.437,0.348,0.437,45.332
178.060,18.029,0.355,0.437,45.499
178.080,21.357,0.357,0.437,45.649
178.100,24.404,0.356,0.437,45.779
178.120,27.035,0.356,0.437,45.876
178.140,29.303,0.348,0.437,45.937
178.160,31.107,0.344,0.437,45.957
178.180,32.496,0.328,0.437,45.938
178.200,33.381,0.315,0.437,45.876
178.220,33.773,0.298,0.437,45.778
178.240,33.668,0.278,0.437,45.648
178.260,33.088,0.258,0.437,45.500
178.280,32.010,0.236,0.437,45.338
178.300,30.457,0.211,0.437,45.177
178.320,28.477,0.183,0.437,45.024
178.340,26.086,0.162,0.437,44.889
178.360,23.262,0.133,0.437,44.781
178.380,20.139,0.108,0.437,44.708
178.400,16.717,0.078,0.437,44.673
178.420,13.014,0.062,0.437,44.681
178.440,9.170,0.029,0.437,44.730
178.460,5.162,0.020,0.437,44.823
178.480,1.107,-0.012,0.437,44.950
178.500,-2.994,-0.021,0.437,45.113
178.520,-7.043,-0.042,0.437,45.297
178.540,-10.980,-0.051,0.437,45.498
178.560,-14.748,-0.062,0.437,45.700
178.580,-18.287,-0.072,0.437,45.895
178.600,-21.598,-0.071,0.437,46.076
178.620,-24.551,-0.069,0.437,46.228
178.640,-27.111,-0.073,0.437,46.341
178.660,-29.297,-0.059,0.437,46.419
178.680,-31.043,-0.061,0.437,46.449
178.700,-32.326,-0.036,0.437,46.439
178.720,-33.105,-0.038,0.437,46.377
178.740,-33.375,-0.003,0.437,46.287
178.760,-33.217,-0.003,0.437,46.154
178.780,-32.543,0.037,0.437,46.010
178.800,-31.377,0.041,0.437,45.844
178.820,-29.725,0.087,0.437,45.683
178.840,-27.627,0.088,0.437,45.524
178.860,-25.148,0.137,0.437,45.388
178.880,-22.248,0.141,0.437,45.276
178.900,-19.049,0.187,0.437,45.195
178.920,-15.551,0.194,0.437,45.156
178.940,-11.818,0.234,0.437,45.151
178.960,-7.910,0.241,0.437,45.193
178.980,-3.850,0.278,0.437,45.265
179.000,0.223,0.289,0.437,45.378
179.020,4.330,0.312,0.437,45.511
179.040,8.320,0.324,0.437,45.671
179.060,12.240,0.337,0.437,45.837
179.080,15.979,0.348,0.437,46.004
179.100,19.471,0.348,0.437,46.165
179.120,22.676,0.359,0.438,46.296
179.140,25.559,0.352,0.438,46.407
179.160,28.031,0.357,0.438,46.473
179.180,30.111,0.337,0.438,46.503
179.200,31.752,0.339,0.438,46.480
179.220,32.906,0.314,0.438,46.419
179.240,33.598,0.314,0.438,46.309
179.260,33.791,0.282,0.438,46.172
179.280,33.492,0.273,0.438,45.998
179.300,32.672,0.240,0.438,45.810
179.320,31.424,0.226,0.438,45.609
179.340,29.678,0.191,0.438,45.412
179.360,27.539,0.173,0.438,45.225
179.380,24.949,0.141,0.438,45.059
179.400,21.990,0.121,0.438,44.922
179.420,18.744,0.090,0.438,44.821
179.440,15.182,0.065,0.438,44.759
179.460,11.426,0.042,0.438,44.740
179.480,7.488,0.016,0.438,44.762
179.500,3.469,0.003,0.437,44.826
179.520,-0.627,-0.024,0.437,44.920
179.540,-4.705,-0.032,0.437,45.047
179.560,-8.719,-0.058,0.437,45.191
179.580,-12.604,-0.055,0.437,45.352
179.600,-16.266,-0.075,0.437,45.507
179.620,-19.729,-0.075,0.437,45.658
179.640,-22.875,-0.073,0.437,45.787
179.660,-25.646,-0.080,0.439,45.886
179.680,-28.084,-0.068,0.439,45.955
179.700,-30.105,-0.067,0.439,45.976
179.720,-31.635,-0.049,0.439,45.961
179.740,-32.713,-0.041,0.439,45.899
179.760,-33.258,-0.021,0.439,45.802
179.780,-33.398,-0.009,0.439,45.671
179.800,-32.994,0.020,0.439,45.518
179.820,-32.127,0.030,0.439,45.347
179.840,-30.738,0.066,0.439,45.175
179.860,-28.881,0.081,0.439,45.004
179.880,-26.648,0.111,0.439,44.851
179.900,-23.965,0.136,0.439,44.721
179.920,-20.941,0.160,0.439,44.624
179.940,-17.602,0.190,0.439,44.563
179.960,-14.010,0.214,0.439,44.546
179.980,-10.184,0.241,0.439,44.572
180.000,-6.211,0.256,0.439,44.641
180.020,-2.150,0.282,0.439,44.746
180.040,1.975,0.298,0.439,44.890
180.060,6.018,0.321,0.439,45.057
180.080,9.990,0.331,0.439,45.251
180.100,13.857,0.349,0.439,45.446
180.120,17.479,0.346,0.439,45.649
180.140,20.842,0.358,0.439,45.829
180.160,23.941,0.353,0.439,45.993
180.180,26.654,0.360,0.440,46.121
180.200,28.963,0.346,0.440,46.218
180.220,30.850,0.347,0.440,46.263
180.240,32.303,0.330,0.440,46.272
180.260,33.270,0.321,0.440,46.233
180.280,33.732,0.302,0.440,46.157
180.300,33.715,0.285,0.440,46.048
180.320,33.211,0.260,0.440,45.913
180.340,32.209,0.241,0.440,45.762
180.360,30.738,0.210,0.440,45.607
180.380,28.828,0.193,0.440,45.454
180.400,26.490,0.164,0.440,45.318
180.420,23.748,0.137,0.440,45.205
180.440,20.666,0.112,0.440,45.124
180.460,17.262,0.083,0.440,45.078
180.480,13.617,0.062,0.440,45.073
180.500,9.779,0.034,0.440,45.108
180.520,5.795,0.018,0.440,45.183
180.540,1.740,-0.002,0.440,45.293
180.560,-2.344,-0.023,0.440,45.434
180.580,-6.393,-0.039,0.440,45.599
180.600,-10.371,-0.053,0.440,45.778
180.620,-14.191,-0.057,0.440,45.962
180.640,-17.760,-0.067,0.440,46.134
180.660,-21.088,-0.073,0.440,46.291
180.680,-24.100,-0.072,0.440,46.419
180.700,-26.736,-0.070,0.440,46.513
180.720,-29.004,-0.062,0.440,46.565
180.740,-30.814,-0.055,0.440,46.533
180.760,-32.156,-0.045,0.440,46.533
180.780,-33.018,-0.027,0.440,46.451
180.800,-33.357,-0.012,0.440,46.328
180.820,-33.287,0.008,0.440,46.173
180.840,-32.689,0.033,0.440,45.994
180.860,-31.611,0.049,0.440,45.801
180.880,-30.041,0.079,0.440,45.606
180.900,-27.990,0.095,0.440,45.417
180.920,-25.559,0.127,0.440,45.247
180.940,-22.758,0.149,0.440,45.101
180.960,-19.576,0.178,0.440,44.988
180.980,-16.137,0.201,0.440,44.914
181.000,-12.422,0.226,0.440,44.877
181.020,-8.520,0.253,0.440,44.885
181.040,-4.488,0.271,0.440,44.928
181.060,-0.416,0.294,0.440,45.011
181.080,3.668,0.310,0.440,45.120
181.100,7.717,0.325,0.440,45.254
181.120,11.637,0.339,0.440,45.399
181.140,15.404,0.351,0.440,45.550
181.160,18.943,0.356,0.440,45.698
181.180,22.189,0.357,0.440,45.825
181.200,25.148,0.355,0.440,45.922
181.220,27.668,0.354,0.440,45.990
181.240,29.824,0.344,0.440,46.015
181.260,31.512,0.336,0.440,46.003
181.280,32.754,0.323,0.440,45.940
181.300,33.527,0.307,0.440,45.848
181.320,33.785,0.288,0.440,45.710
181.340,33.568,0.267,0.440,45.554
181.360,32.848,0.249,0.440,45.370
181.380,31.646,0.228,0.440,44.998
181.400,29.977,0.199,0.440,44.998
181.420,27.902,0.176,0.440,44.825
181.440,25.371,0.151,0.440,44.672
181.460,22.482,0.124,0.440,44.548
181.480,19.266,0.099,0.440,44.462
181.500,15.762,0.070,0.440,44.414
181.520,12.018,0.049,0.440,44.413
181.540,8.139,0.022,0.440,44.449
181.560,4.102,0.008,0.440,44.534
181.580,0.018,-0.017,0.440,44.649
181.600,-4.066,-0.029,0.440,44.801
181.620,-8.092,-0.050,0.440,44.972
181.640,-11.982,-0.060,0.440,45.161
181.660,-15.703,-0.066,0.440,45.353
181.680,-19.195,-0.077,0.440,45.532
181.700,-22.418,-0.074,0.440,45.704
181.720,-25.260,-0.076,0.440,45.839
181.740,-27.721,-0.072,0.440,45.949
181.760,-29.818,-0.064,0.440,46.010
181.780,-31.424,-0.054,0.440,46.036
181.800,-32.596,-0.042,0.440,46.012
181.820,-33.240,-0.025,0.440,45.957
181.840,-33.393,-0.011,0.440,45.859
181.860,-33.088,0.009,0.440,45.742
181.880,-32.303,0.030,0.440,45.601
181.900,-31.025,0.054,0.440,45.456
181.920,-29.238,0.084,0.440,45.309
181.940,-27.023,0.099,0.440,45.176
181.960,-24.434,0.136,0.440,45.065
181.980,-21.451,0.151,0.440,44.983
182.000,-18.182,0.186,0.440,44.937
182.020,-14.631,0.205,0.440,44.932
182.040,-10.828,0.233,0.440,44.966
182.060,-6.873,0.254,0.440,45.045
182.080,-2.795,0.275,0.440,45.158
182.100,1.283,0.298,0.440,45.308
182.120,5.391,0.316,0.440,45.482
182.140,9.352,0.329,0.440,45.684
182.160,13.219,0.340,0.440,45.883
182.180,16.904,0.349,0.440,46.088
182.200,20.326,0.357,0.440,46.277
182.220,23.467,0.356,0.440,46.442
182.240,26.232,0.357,0.440,46.579
182.260,28.623,0.351,0.440,46.672
182.280,30.574,0.341,0.440,46.724
182.300,32.092,0.333,0.440,46.724
182.320,33.141,0.319,0.440,46.683
182.340,33.703,0.304,0.440,46.597
182.360,33.750,0.284,0.440,46.479
182.380,33.328,0.263,0.440,46.328
182.400,32.391,0.240,0.440,46.164
182.420,31.014,0.220,0.440,45.987
182.440,29.156,0.188,0.440,45.817
182.460,26.889,0.170,0.440,45.657
182.480,24.199,0.140,0.440,45.519
182.500,21.158,0.117,0.440,45.410
182.520,17.824,0.082,0.440,45.337
182.540,14.180,0.064,0.440,45.303
182.560,10.389,0.038,0.440,45.310
182.580,6.416,0.016,0.440,45.354
182.600,2.361,-0.004,0.440,45.436
182.620,-1.734,-0.023,0.440,45.547
182.640,-5.795,-0.037,0.440,45.686
182.660,-9.791,-0.048,0.440,45.838
182.680,-13.623,-0.061,0.440,45.998
182.700,-17.256,-0.069,0.440,46.147
182.720,-20.619,-0.070,0.440,46.287
182.740,-23.695,-0.072,0.440,46.395
182.760,-26.396,-0.071,0.440,46.476
182.780,-28.723,-0.065,0.440,46.512
182.800,-30.609,-0.056,0.440,46.510
182.820,-32.021,-0.046,0.440,46.458
182.840,-32.994,-0.029,0.440,46.368
182.860,-33.393,-0.017,0.440,46.236
182.880,-33.398,0.008,0.440,46.074
182.900,-32.877,0.023,0.440,45.884
182.920,-31.863,0.048,0.440,45.684
182.940,-30.352,0.068,0.440,45.477
182.960,-28.377,0.099,0.440,45.279
182.980,-26.045,0.116,0.440,45.097
183.000,-23.256,0.154,0.440,44.941
183.020,-20.115,0.170,0.440,44.818
183.040,-16.717,0.206,0.440,44.733
183.060,-13.049,0.218,0.440,44.691
183.080,-9.193,0.253,0.440,44.689
183.100,-5.150,0.272,0.440,44.730
183.120,-1.078,0.291,0.440,44.808
183.140,3.023,0.311,0.440,44.920
183.160,7.055,0.328,0.440,45.058
183.180,10.998,0.336,0.440,45.214
183.200,14.807,0.352,0.440,45.370
183.220,18.369,0.354,0.440,45.528
183.240,21.680,0.358,0.440,45.670
183.260,24.686,0.360,0.440,45.789
183.280,27.281,0.354,0.440,45.876
183.300,29.508,0.352,0.440,45.923
183.320,31.277,0.338,0.440,45.933
183.340,32.596,0.331,0.440,45.899
183.360,33.434,0.314,0.440,45.826
183.380,33.768,0.303,0.440,45.716
183.400,33.639,0.273,0.440,45.581
183.420,32.982,0.259,0.440,45.419
183.440,31.875,0.233,0.440,45.253
183.460,30.258,0.207,0.440,45.084
183.480,28.242,0.181,0.440,44.928
183.500,25.805,0.160,0.440,44.790
183.520,22.951,0.128,0.440,44.681
183.540,19.793,0.109,0.440,44.607
183.560,16.324,0.073,0.440,44.572
183.580,12.627,0.059,0.440,44.582
183.600,8.748,0.027,0.440,44.633
183.620,4.746,0.015,0.440,44.728
183.640,0.674,-0.015,0.440,44.858
183.660,-3.422,-0.021,0.440,45.023
183.680,-7.459,-0.049,0.440,45.205
183.700,-11.402,-0.050,0.440,45.411
183.720,-15.141,-0.067,0.440,45.614
183.740,-18.668,-0.069,0.440,45.815
183.760,-21.920,-0.075,0.440,45.994
183.780,-24.832,-0.068,0.440,46.146
183.800,-27.357,-0.073,0.440,46.261
183.820,-29.525,-0.058,0.440,46.339
183.840,-31.242,-0.059,0.440,46.367
183.860,-32.437,-0.037,0.440,46.358
183.880,-33.158,-0.033,0.440,46.300
183.900,-33.398,-0.004,0.440,46.211
183.920,-33.182,0.000,0.440,46.085
183.940,-32.455,0.039,0.440,45.947
183.960,-31.242,0.044,0.440,45.791
183.980,-29.549,0.086,0.440,45.639
184.000,-27.416,0.093,0.440,45.492
184.020,-24.873,0.135,0.440,45.368
184.040,-21.961,0.146,0.440,45.269
184.060,-18.709,0.185,0.440,45.203
184.080,-15.193,0.206,0.440,45.176
184.100,-11.426,0.230,0.440,45.188
184.120,-7.471,0.254,0.440,45.242
184.140,-3.439,0.272,0.440,45.331
184.160,0.662,0.294,0.440,45.453
184.180,4.734,0.312,0.440,45.601
184.200,8.742,0.331,0.440,45.771
184.220,12.656,0.337,0.440,45.952
184.240,16.354,0.351,0.440,46.125
184.260,19.805,0.348,0.440,46.294
184.280,22.980,0.360,0.440,46.430
184.300,25.828,0.351,0.440,46.544
184.320,28.271,0.358,0.440,46.613
184.340,30.305,0.337,0.440,46.646
184.360,31.898,0.338,0.440,46.624
184.380,33.018,0.316,0.440,46.564
184.400,33.650,0.306,0.440,46.456
184.420,33.779,0.284,0.440,46.316
184.440,33.434,0.265,0.440,46.147
184.460,32.584,0.243,0.440,45.958
184.480,31.266,0.219,0.440,45.761
184.500,29.473,0.195,0.440,45.564
184.520,27.293,0.166,0.440,45.382
184.540,24.662,0.142,0.440,45.219
184.560,21.674,0.112,0.440,45.085
184.580,18.369,0.093,0.440,44.988
184.600,14.795,0.057,0.440,44.928
184.620,11.016,0.046,0.440,44.914
184.640,7.078,0.010,0.440,44.935
184.660,3.035,0.004,0.437,45.000
184.680,-1.072,-0.028,0.437,45.093
184.700,-5.133,-0.029,0.437,45.221
184.720,-9.158,-0.055,0.437,45.359
184.740,-12.984,-0.054,0.437,45.513
184.760,-16.652,-0.071,0.437,45.659
184.780,-20.086,-0.073,0.437,45.801
184.800,-23.209,-0.079,0.438,45.918
184.820,-25.957,-0.071,0.438,46.010
184.840,-28.342,-0.072,0.438,46.060
184.860,-30.311,-0.060,0.438,46.072
184.880,-31.793,-0.052,0.438,46.041
184.900,-32.836,-0.035,0.438,45.969
184.920,-33.334,-0.022,0.438,45.858
184.940,-33.393,-0.001,0.438,45.716
184.960,-32.947,0.018,0.438,45.549
184.980,-32.039,0.041,0.438,45.368
185.000,-30.615,0.066,0.438,45.184
185.020,-28.734,0.094,0.438,45.005
185.040,-26.408,0.112,0.438,44.843
185.060,-23.725,0.141,0.438,44.707
185.080,-20.643,0.161,0.438,44.604
185.100,-17.279,0.192,0.438,44.539
185.120,-13.670,0.216,0.438,44.516
185.140,-9.797,0.241,0.438,44.537
185.160,-5.818,0.267,0.438,44.601
185.180,-1.723,0.286,0.438,44.706
185.200,2.367,0.307,0.438,44.845
185.220,6.416,0.323,0.438,45.012
185.240,10.377,0.333,0.438,45.196
185.260,14.221,0.346,0.438,45.387
185.280,17.854,0.353,0.438,45.579
185.300,21.158,0.359,0.438,45.755
185.320,24.234,0.360,0.438,45.911
185.340,26.900,0.356,0.438,46.035
185.360,29.174,0.352,0.438,46.121
185.380,31.014,0.341,0.438,46.166
185.400,32.420,0.336,0.438,46.166
185.420,33.328,0.316,0.438,46.125
185.440,33.762,0.302,0.438,46.046
185.460,33.686,0.281,0.438,45.933
185.480,33.152,0.263,0.438,45.799
185.500,32.080,0.239,0.438,45.650
185.520,30.568,0.215,0.438,45.499
185.540,28.617,0.186,0.438,45.353
185.560,26.227,0.166,0.438,45.223
185.580,23.437,0.133,0.438,45.119
185.600,20.309,0.112,0.438,45.046
185.620,16.898,0.081,0.438,45.012
185.640,13.225,0.062,0.438,45.017
185.660,9.357,0.036,0.438,45.065
185.680,5.385,0.016,0.438,45.152
185.700,1.307,-0.004,0.438,45.274
185.720,-2.771,-0.025,0.438,45.426
185.740,-6.850,-0.038,0.438,45.604
185.760,-10.805,-0.052,0.438,45.791
185.780,-14.566,-0.059,0.438,45.985
185.800,-18.135,-0.067,0.438,46.166
185.820,-21.416,-0.071,0.438,46.330
185.840,-24.410,-0.071,0.438,46.467
185.860,-27.006,-0.067,0.438,46.565
185.880,-29.232,-0.062,0.438,46.624
185.900,-31.008,-0.054,0.438,46.633
185.920,-32.279,-0.041,0.438,46.601
185.940,-33.129,-0.025,0.438,46.522
185.960,-33.393,-0.009,0.438,46.407
185.980,-33.287,0.012,0.438,46.255
186.000,-32.637,0.029,0.438,46.083
186.020,-31.477,0.054,0.438,45.898
186.040,-29.865,0.078,0.438,45.709
186.060,-27.785,0.102,0.438,45.528
186.080,-25.336,0.125,0.438,45.365
186.100,-22.465,0.154,0.438,45.228
186.120,-19.242,0.177,0.438,45.122
186.140,-15.773,0.209,0.438,45.055
186.160,-12.029,0.228,0.438,45.028
186.180,-8.156,0.257,0.438,45.041
186.200,-4.102,0.273,0.438,45.092
186.220,-0.006,0.295,0.438,45.180
186.240,4.096,0.314,0.438,45.292
186.260,8.127,0.328,0.438,45.432
186.280,12.023,0.336,0.438,45.576
186.300,15.785,0.352,0.438,45.724
186.320,19.277,0.353,0.438,45.865
186.340,22.500,0.359,0.438,45.986
186.360,25.418,0.353,0.438,46.077
186.380,27.896,0.354,0.438,46.135
186.400,30.018,0.344,0.438,46.150
186.420,31.652,0.339,0.438,46.126
186.440,32.859,0.323,0.438,46.056
186.460,33.574,0.304,0.438,45.952
186.480,33.791,0.290,0.438,45.804
186.500,33.516,0.269,0.438,45.637
186.520,32.742,0.244,0.438,45.445
186.540,31.506,0.222,0.438,45.250
186.560,29.777,0.199,0.438,45.053
186.580,27.662,0.174,0.438,44.872
186.600,25.090,0.146,0.438,44.711
186.620,22.148,0.119,0.438,44.581
186.640,18.932,0.095,0.438,44.488
186.660,15.387,0.066,0.438,44.435
186.680,11.625,0.046,0.438,44.426
186.700,7.705,0.020,0.438,44.460
186.720,3.662,0.004,0.438,44.534
186.740,-0.393,-0.018,0.438,44.645
186.760,-4.482,-0.031,0.438,44.787
186.780,-8.520,-0.051,0.438,44.952
186.800,-12.381,-0.059,0.438,45.130
186.820,-16.090,-0.067,0.438,45.311
186.840,-19.547,-0.074,0.438,45.636
186.860,-22.711,-0.077,0.438,45.636
186.880,-25.506,-0.073,0.438,45.760
186.900,-27.955,-0.072,0.438,45.857
186.920,-30.000,-0.064,0.438,45.907
186.940,-31.576,-0.054,0.438,45.922
186.960,-32.684,-0.040,0.438,45.890
186.980,-33.252,-0.024,0.438,45.821
187.000,-33.387,-0.005,0.438,45.718
187.020,-33.041,0.013,0.438,45.589
187.040,-32.191,0.037,0.438,45.445
187.060,-30.850,0.054,0.438,45.293
187.080,-29.027,0.084,0.438,45.148
187.100,-26.771,0.104,0.438,44.906
187.120,-24.164,0.137,0.438,44.906
187.140,-21.129,0.160,0.438,44.827
187.160,-17.795,0.185,0.438,44.785
187.180,-14.227,0.214,0.438,44.786
187.200,-10.400,0.234,0.438,44.826
187.220,-6.451,0.261,0.438,44.912
187.240,-2.379,0.282,0.438,45.032
187.260,1.717,0.301,0.438,45.193
187.280,5.795,0.316,0.438,45.372
187.300,9.750,0.333,0.438,45.576
187.320,13.635,0.343,0.438,45.783
187.340,17.273,0.353,0.438,45.992
187.360,20.660,0.354,0.438,46.187
187.380,23.783,0.357,0.438,46.358
187.400,26.502,0.353,0.438,46.494
187.420,28.852,0.353,0.438,46.593
187.440,30.756,0.340,0.438,46.647
187.460,32.232,0.329,0.438,46.655
187.480,33.217,0.317,0.438,46.614
187.500,33.715,0.301,0.438,46.536
187.520,33.727,0.285,0.438,46.421
187.540,33.264,0.260,0.438,46.281
187.560,32.279,0.239,0.438,46.121
187.580,30.844,0.219,0.438,45.955
187.600,28.939,0.186,0.438,45.792
187.620,26.631,0.165,0.438,45.643
187.640,23.889,0.133,0.438,45.517
187.660,20.812,0.113,0.438,45.420
187.680,17.467,0.083,0.438,45.359
187.700,13.799,0.060,0.438,45.337
187.720,9.984,0.033,0.438,45.355
187.740,6.006,0.015,0.438,45.415
187.760,1.945,-0.003,0.438,45.509
187.780,-2.145,-0.023,0.438,45.632
187.800,-6.205,-0.038,0.438,45.780
187.820,-10.195,-0.050,0.438,45.939
187.840,-13.992,-0.058,0.438,46.104
187.860,-17.602,-0.067,0.438,46.260
187.880,-20.941,-0.070,0.438,46.402
187.900,-23.977,-0.072,0.438,46.516
187.920,-26.643,-0.068,0.438,46.596
187.940,-28.928,-0.066,0.438,46.635
187.960,-30.785,-0.053,0.438,46.630
187.980,-32.127,-0.044,0.438,46.581
188.000,-33.041,-0.028,0.438,46.487
188.020,-33.410,-0.012,0.438,46.355
188.040,-33.352,0.008,0.438,46.190
188.060,-32.783,0.025,0.438,46.003
188.080,-31.711,0.051,0.438,45.804
188.100,-30.182,0.073,0.438,45.601
188.120,-28.154,0.100,0.438,45.405
188.140,-25.734,0.121,0.438,45.227
188.160,-22.939,0.153,0.438,45.075
188.180,-19.787,0.174,0.438,44.957
188.200,-16.354,0.204,0.438,44.877
188.220,-12.674,0.227,0.438,44.839
188.240,-8.777,0.253,0.438,44.843
188.260,-4.729,0.273,0.438,44.888
188.280,-0.656,0.295,0.438,44.970
188.300,3.434,0.311,0.438,45.086
188.320,7.471,0.328,0.438,45.225
188.340,11.414,0.336,0.438,45.380
188.360,15.187,0.350,0.438,45.536
188.380,18.732,0.352,0.438,45.691
188.400,22.008,0.360,0.438,45.828
188.420,24.979,0.360,0.438,45.942
188.440,27.539,0.357,0.438,46.023
188.460,29.695,0.352,0.438,46.068
188.480,31.430,0.338,0.438,46.071
188.500,32.713,0.330,0.438,46.030
188.520,33.492,0.315,0.438,45.950
188.540,33.785,0.295,0.438,45.836
188.560,33.592,0.275,0.438,45.693
188.580,32.895,0.255,0.438,45.531
188.600,31.729,0.232,0.438,45.360
188.620,30.088,0.206,0.438,45.190
188.640,28.031,0.178,0.438,44.893
188.660,25.523,0.159,0.438,44.893
188.680,22.652,0.125,0.438,44.784
188.700,19.447,0.106,0.438,44.711
188.720,15.949,0.073,0.438,44.678
188.740,12.234,0.053,0.438,44.688
188.760,8.326,0.025,0.438,44.742
188.780,4.336,0.011,0.438,44.838
188.800,0.246,-0.013,0.438,44.968
188.820,-3.844,-0.032,0.438,45.132
188.840,-7.869,-0.046,0.438,45.319
188.860,-11.801,-0.054,0.438,45.516
188.880,-15.510,-0.067,0.438,45.717
188.900,-19.014,-0.072,0.438,45.910
188.920,-22.213,-0.076,0.438,46.087
188.940,-25.119,-0.075,0.438,46.233
188.960,-27.615,-0.069,0.438,46.345
188.980,-29.730,-0.064,0.438,46.413
189.000,-31.377,-0.054,0.438,46.441
189.020,-32.537,-0.044,0.438,46.423
189.040,-33.217,-0.024,0.438,46.362
189.060,-33.416,-0.013,0.438,46.264
189.080,-33.135,0.013,0.438,46.140
189.100,-32.355,0.030,0.438,45.993
189.120,-31.066,0.054,0.438,45.837
189.140,-29.355,0.083,0.438,45.683
189.160,-27.182,0.103,0.438,45.538
189.180,-24.604,0.131,0.438,45.414
189.200,-21.645,0.155,0.438,45.256
189.220,-18.340,0.183,0.438,45.256
189.240,-14.818,0.209,0.438,45.233
189.260,-11.021,0.231,0.438,45.250
189.280,-7.096,0.254,0.438,45.308
189.300,-3.023,0.276,0.438,45.401
189.320,1.090,0.296,0.438,45.528
189.340,5.150,0.316,0.438,45.679
189.360,9.158,0.327,0.438,45.853
189.380,13.037,0.341,0.438,46.031
189.400,16.723,0.351,0.438,46.207
189.420,20.150,0.352,0.438,46.372
189.440,23.309,0.357,0.438,46.512
189.460,26.115,0.355,0.438,46.619
189.480,28.500,0.352,0.438,46.689
189.500,30.480,0.344,0.438,46.695
189.520,32.027,0.331,0.438,46.695
189.540,33.088,0.317,0.438,46.628
189.560,33.674,0.302,0.438,46.518
189.580,33.756,0.283,0.438,46.373
189.600,33.375,0.263,0.438,46.201
189.620,32.467,0.238,0.438,46.010
189.640,31.102,0.218,0.438,45.813
189.660,29.262,0.186,0.438,45.618
189.680,27.023,0.167,0.438,45.435
189.700,24.363,0.138,0.438,45.275
189.720,21.334,0.113,0.438,45.145
189.740,18.012,0.088,0.438,45.050
189.760,14.414,0.061,0.438,44.995
189.780,10.605,0.037,0.438,44.981
189.800,6.662,0.015,0.437,45.008
189.820,2.607,-0.003,0.437,45.074
189.840,-1.477,-0.021,0.437,45.171
189.860,-5.555,-0.039,0.437,45.294
189.880,-9.562,-0.050,0.437,45.436
189.900,-13.389,-0.062,0.437,45.585
189.920,-17.039,-0.071,0.437,45.733
189.940,-20.414,-0.070,0.437,45.867
189.960,-23.508,-0.079,0.438,45.975
189.980,-26.232,-0.071,0.438,46.057
190.000,-28.564,-0.068,0.438,46.101
190.020,-30.516,-0.057,0.438,46.101
190.040,-31.939,-0.048,0.438,46.057
190.060,-32.918,-0.033,0.438,45.974
190.080,-33.357,-0.017,0.438,45.853
190.100,-33.369,0.002,0.438,45.703
190.120,-32.906,0.025,0.438,45.528
190.140,-31.928,0.042,0.438,45.339
190.160,-30.434,0.066,0.438,45.151
190.180,-28.506,0.091,0.438,44.968
190.200,-26.150,0.116,0.438,44.803
190.220,-23.437,0.146,0.438,44.665
190.240,-20.320,0.165,0.438,44.559
190.260,-16.916,0.197,0.438,44.493
190.280,-13.289,0.217,0.438,44.470
190.300,-9.387,0.248,0.438,44.490
190.320,-5.402,0.267,0.438,44.554
190.340,-1.318,0.294,0.438,44.654
190.360,2.771,0.305,0.438,44.793
190.380,6.844,0.327,0.438,44.954
190.400,10.787,0.334,0.438,45.136
190.420,14.602,0.350,0.438,45.320
190.440,18.199,0.352,0.438,45.506
190.460,21.486,0.359,0.438,45.674
190.480,24.533,0.358,0.438,45.823
190.500,27.135,0.356,0.438,45.937
190.520,29.385,0.351,0.438,46.017
190.540,31.184,0.344,0.438,46.052
190.560,32.537,0.330,0.438,46.047
190.580,33.398,0.318,0.438,45.998
190.600,33.762,0.298,0.438,45.914
190.620,33.656,0.279,0.438,45.798
190.640,33.035,0.261,0.438,45.661
190.660,31.939,0.238,0.438,45.512
190.680,30.387,0.215,0.438,45.361
190.700,28.383,0.182,0.438,45.217
190.720,25.951,0.166,0.438,45.091
190.740,23.127,0.128,0.438,44.991
190.760,19.969,0.114,0.438,44.925
190.780,16.535,0.076,0.438,44.895
190.800,12.820,0.059,0.438,44.909
190.820,8.959,0.030,0.438,44.963
190.840,4.957,0.012,0.438,45.059
190.860,0.879,-0.013,0.438,45.190
190.880,-3.199,-0.024,0.438,45.353
190.900,-7.248,-0.042,0.438,45.535
190.920,-11.180,-0.050,0.438,45.729
190.940,-14.953,-0.062,0.438,45.924
190.960,-18.486,-0.067,0.438,46.110
190.980,-21.768,-0.071,0.438,46.278
191.000,-24.686,-0.073,0.438,46.418
191.020,-27.258,-0.062,0.438,46.524
191.040,-29.432,-0.062,0.438,46.583
191.060,-31.154,-0.050,0.438,46.597
191.080,-32.402,-0.044,0.438,46.566
191.100,-33.158,-0.024,0.438,46.495
191.120,-33.428,-0.010,0.438,46.382
191.140,-33.217,0.014,0.438,46.238
191.160,-32.549,0.031,0.438,46.071
191.180,-31.324,0.056,0.438,45.894
191.200,-29.666,0.078,0.438,45.713
191.220,-27.557,0.106,0.438,45.542
191.240,-25.043,0.132,0.438,45.389
191.260,-22.137,0.155,0.438,45.262
191.280,-18.885,0.179,0.438,45.167
191.300,-15.404,0.208,0.438,45.111
191.320,-11.654,0.234,0.438,45.094
191.340,-7.717,0.253,0.438,45.121
191.360,-3.645,0.278,0.438,45.180
191.380,0.416,0.294,0.438,45.277
191.400,4.523,0.315,0.438,45.400
191.420,8.514,0.326,0.438,45.545
191.440,12.422,0.339,0.438,45.694
191.460,16.148,0.348,0.438,45.848
191.480,19.623,0.355,0.438,45.991
191.500,22.828,0.360,0.438,46.115
191.520,25.676,0.356,0.438,46.211
191.540,28.143,0.349,0.438,46.268
191.560,30.193,0.344,0.438,46.282
191.580,31.822,0.332,0.438,46.252
191.600,32.959,0.323,0.438,46.181
191.620,33.615,0.304,0.438,46.068
191.640,33.785,0.286,0.438,45.923
191.660,33.469,0.269,0.438,45.748
191.680,32.643,0.246,0.438,45.558
191.700,31.342,0.222,0.438,45.360
191.720,29.584,0.195,0.438,45.163
191.740,27.416,0.169,0.438,44.980
191.760,24.803,0.145,0.438,44.820
191.780,21.838,0.116,0.438,44.689
191.800,18.574,0.095,0.438,44.596
191.820,14.988,0.062,0.438,44.543
191.840,11.232,0.043,0.438,44.534
191.860,7.289,0.021,0.438,44.566
191.880,3.275,-0.001,0.438,44.639
191.900,-0.809,-0.018,0.438,44.748
191.920,-4.898,-0.036,0.438,44.887
191.940,-8.924,-0.049,0.438,45.045
191.960,-12.797,-0.058,0.438,45.216
191.980,-16.430,-0.071,0.438,45.551
192.000,-19.881,-0.071,0.438,45.551
192.020,-23.010,-0.078,0.438,45.693
192.040,-25.787,-0.075,0.438,45.810
192.060,-28.207,-0.068,0.438,45.891
192.080,-30.176,-0.061,0.438,45.931
192.100,-31.723,-0.049,0.438,45.927
192.120,-32.766,-0.037,0.438,45.881
192.140,-33.316,-0.021,0.438,45.797
192.160,-33.398,-0.003,0.438,45.681
192.180,-32.953,0.013,0.438,45.387
192.200,-32.068,0.037,0.438,45.387
192.220,-30.662,0.059,0.438,45.229
192.240,-28.822,0.088,0.438,45.074
192.260,-26.543,0.109,0.438,44.934
192.280,-23.865,0.141,0.438,44.820
192.300,-20.812,0.161,0.438,44.737
192.320,-17.449,0.194,0.438,44.691
192.340,-13.863,0.213,0.438,44.687
192.360,-10.014,0.242,0.438,44.726
192.380,-6.029,0.260,0.438,44.808
192.400,-1.980,0.286,0.438,44.926
192.420,2.139,0.302,0.438,45.079
192.440,6.199,0.319,0.438,45.260
192.460,10.160,0.332,0.438,45.456
192.480,14.010,0.343,0.438,45.661
192.500,17.625,0.352,0.438,45.863
192.520,20.988,0.357,0.438,46.049
192.540,24.082,0.360,0.438,46.216
192.560,26.760,0.357,0.438,46.348
192.580,29.062,0.353,0.438,46.442
192.600,30.926,0.342,0.438,46.490
192.620,32.355,0.331,0.438,46.492
192.640,33.293,0.316,0.438,46.450
192.660,33.732,0.299,0.438,46.367
192.680,33.703,0.280,0.438,46.107
192.700,33.170,0.261,0.438,46.107
192.720,32.156,0.237,0.438,45.951
192.740,30.662,0.215,0.438,45.789
192.760,28.711,0.184,0.438,45.633
192.780,26.373,0.162,0.438,45.490
192.800,23.578,0.133,0.438,45.371
192.820,20.502,0.111,0.438,45.283
192.840,17.086,0.080,0.438,45.231
192.860,13.430,0.058,0.438,45.219
192.880,9.568,0.035,0.438,45.249
192.900,5.590,0.013,0.438,45.317
192.920,1.529,-0.006,0.438,45.424
192.940,-2.578,-0.026,0.438,45.556
192.960,-6.609,-0.040,0.438,45.716
192.980,-10.600,-0.047,0.438,45.885
193.000,-14.367,-0.058,0.438,46.057
193.020,-17.965,-0.067,0.438,46.218
193.040,-21.287,-0.071,0.438,46.366
193.060,-24.252,-0.071,0.438,46.486
193.080,-26.900,-0.065,0.438,46.571
193.100,-29.133,-0.063,0.438,46.612
193.120,-30.943,-0.054,0.438,46.612
193.140,-32.262,-0.043,0.438,46.565
193.160,-33.094,-0.025,0.438,46.477
193.180,-33.416,-0.012,0.438,46.347
193.200,-33.299,0.009,0.438,46.188
193.220,-32.701,0.027,0.438,46.007
193.240,-31.576,0.052,0.438,45.813
193.260,-29.959,0.075,0.438,45.617
193.280,-27.908,0.103,0.438,45.428
193.300,-25.459,0.124,0.438,45.258
193.320,-22.635,0.158,0.438,45.113
193.340,-19.441,0.178,0.438,45.002
193.360,-15.973,0.206,0.438,44.931
193.380,-12.258,0.229,0.438,44.900
193.400,-8.350,0.252,0.438,44.912
193.420,-4.330,0.269,0.438,44.962
193.440,-0.240,0.298,0.438,45.050
193.460,3.855,0.308,0.438,45.169
193.480,7.875,0.328,0.438,45.309
193.500,11.812,0.338,0.438,45.462
193.520,15.562,0.352,0.438,45.618
193.540,19.102,0.353,0.438,45.770
193.560,22.312,0.359,0.438,45.902
193.580,25.266,0.356,0.438,46.011
193.600,27.779,0.356,0.438,46.079
193.620,29.900,0.351,0.438,46.114
193.640,31.576,0.336,0.438,46.057
193.660,32.807,0.329,0.438,46.057
193.680,33.551,0.308,0.438,45.968
193.700,33.785,0.290,0.438,45.843
193.720,33.545,0.273,0.438,45.688
193.740,32.807,0.253,0.438,45.517
193.760,31.576,0.226,0.438,45.160
193.780,29.900,0.204,0.438,45.160
193.800,27.791,0.174,0.438,44.994
193.820,25.230,0.156,0.438,44.849
193.840,22.330,0.122,0.438,44.734
193.860,19.096,0.100,0.438,44.656
193.880,15.586,0.070,0.438,44.617
193.900,11.842,0.048,0.438,44.623
193.920,7.928,0.025,0.438,44.671
193.940,3.920,0.002,0.438,44.760
193.960,-0.193,-0.017,0.438,44.885
193.980,-4.254,-0.033,0.438,45.043
194.000,-8.291,-0.047,0.438,45.220
194.020,-12.187,-0.057,0.438,45.409
194.040,-15.879,-0.065,0.438,45.600
194.060,-19.371,-0.072,0.438,45.783
194.080,-22.553,-0.073,0.438,45.949
194.100,-25.377,-0.079,0.438,46.084
194.120,-27.855,-0.070,0.438,46.186
194.140,-29.912,-0.067,0.438,46.244
194.160,-31.512,-0.056,0.438,46.262
194.180,-32.654,-0.040,0.438,46.237
194.200,-33.252,-0.025,0.438,46.168
194.220,-33.410,-0.009,0.438,46.065
194.240,-33.059,0.014,0.438,45.937
194.260,-32.250,0.033,0.438,45.789
194.280,-30.937,0.056,0.438,45.633
194.300,-29.156,0.085,0.438,45.480
194.320,-26.930,0.104,0.438,45.338
194.340,-24.299,0.132,0.438,45.218
194.360,-21.305,0.160,0.438,45.128
194.380,-17.994,0.184,0.438,45.073
194.400,-14.455,0.211,0.438,45.059
194.420,-10.623,0.236,0.438,45.085
194.440,-6.668,0.255,0.438,45.256
194.460,-2.596,0.278,0.438,45.256
194.480,1.506,0.296,0.438,45.393
194.500,5.578,0.316,0.438,45.556
194.520,9.562,0.331,0.438,45.737
194.540,13.430,0.342,0.438,45.925
194.560,17.098,0.350,0.438,46.114
194.580,20.479,0.353,0.438,46.285
194.600,23.613,0.356,0.438,46.435
194.620,26.361,0.357,0.438,46.551
194.640,28.723,0.347,0.438,46.628
194.660,30.656,0.342,0.438,46.658
194.680,32.162,0.331,0.438,46.642
194.700,33.182,0.319,0.438,46.582
194.720,33.703,0.299,0.438,46.482
194.740,33.738,0.281,0.438,46.345
194.760,33.299,0.259,0.438,46.183
194.780,32.344,0.239,0.438,46.003
194.800,30.914,0.214,0.438,45.817
194.820,29.068,0.190,0.438,45.633
194.840,26.771,0.165,0.438,45.463
194.860,24.059,0.137,0.438,45.315
194.880,21.000,0.110,0.438,45.197
194.900,17.666,0.084,0.438,45.116
194.920,14.016,0.061,0.438,45.074
194.940,10.189,0.033,0.438,45.073
194.960,6.234,0.015,0.438,45.112
194.980,2.174,-0.004,0.438,45.188
195.000,-1.893,-0.019,0.438,45.294
195.020,-5.977,-0.040,0.438,45.423
195.040,-9.967,-0.054,0.438,45.570
195.060,-13.787,-0.062,0.438,45.724
195.080,-17.385,-0.071,0.438,45.872
195.100,-20.754,-0.071,0.438,46.008
195.120,-23.818,-0.076,0.438,46.117
195.140,-26.508,-0.071,0.438,46.197
195.160,-28.805,-0.067,0.438,46.237
195.180,-30.674,-0.057,0.438,46.233
195.200,-32.068,-0.047,0.438,46.185
195.220,-32.988,-0.032,0.438,46.096
195.240,-33.393,-0.015,0.438,45.968
195.260,-33.346,0.007,0.438,45.628
195.280,-32.830,0.023,0.438,45.628
195.300,-31.793,0.048,0.438,45.240
195.320,-30.258,0.067,0.438,45.240
195.340,-28.307,0.098,0.438,45.053
195.360,-25.910,0.119,0.438,44.883
195.380,-23.115,0.148,0.438,44.741
195.400,-19.980,0.170,0.438,44.632
195.420,-16.559,0.199,0.438,44.562
195.440,-12.885,0.223,0.438,44.535
195.460,-9.000,0.246,0.438,44.551
195.480,-4.980,0.268,0.438,44.608
195.500,-0.908,0.292,0.438,44.703
195.520,3.205,0.311,0.438,44.834
195.540,7.260,0.328,0.438,44.990
195.560,11.174,0.340,0.438,45.161
195.580,14.988,0.350,0.438,45.337
195.600,18.539,0.356,0.438,45.512
195.620,21.826,0.358,0.438,45.671
195.640,24.809,0.362,0.441,45.806
195.660,27.393,0.353,0.441,45.908
195.680,29.607,0.352,0.441,45.971
195.700,31.342,0.344,0.441,45.995
195.720,32.660,0.330,0.441,45.978
195.740,33.469,0.316,0.441,45.917
195.760,33.773,0.298,0.441,45.823
195.780,33.621,0.278,0.441,45.699
195.800,32.965,0.257,0.441,45.554
195.820,31.805,0.232,0.441,45.398
195.840,30.187,0.207,0.441,45.241
195.860,28.154,0.179,0.441,45.094
195.880,25.687,0.159,0.441,44.966
195.900,22.811,0.128,0.441,44.866
195.920,19.635,0.104,0.441,44.800
195.940,16.160,0.079,0.441,44.773
195.960,12.445,0.050,0.441,44.789
195.980,8.566,0.027,0.441,44.847
196.000,4.529,0.011,0.441,44.944
196.020,0.480,-0.013,0.441,45.079
196.040,-3.621,-0.029,0.441,45.242
196.060,-7.658,-0.046,0.441,45.428
196.080,-11.590,-0.051,0.441,45.627
196.100,-15.322,-0.062,0.441,45.826
196.120,-18.820,-0.069,0.441,46.014
196.140,-22.078,-0.071,0.441,46.185
196.160,-24.961,-0.074,0.441,46.324
196.180,-27.504,-0.064,0.441,46.432
196.200,-29.619,-0.058,0.441,46.494
196.220,-31.307,-0.052,0.441,46.509
196.240,-32.502,-0.042,0.441,46.483
196.260,-33.199,-0.021,0.441,46.413
196.280,-33.434,-0.007,0.441,46.302
196.300,-33.176,0.015,0.441,46.164
196.320,-32.426,0.033,0.441,46.005
196.340,-31.195,0.056,0.441,45.835
196.360,-29.467,0.082,0.441,45.665
196.380,-27.305,0.103,0.441,45.503
196.400,-24.738,0.133,0.441,45.362
196.420,-21.809,0.154,0.441,45.247
196.440,-18.551,0.189,0.441,45.166
196.460,-15.023,0.205,0.441,45.124
196.480,-11.244,0.235,0.441,45.120
196.500,-7.289,0.252,0.441,45.158
196.520,-3.258,0.277,0.441,45.232
196.540,0.838,0.297,0.441,45.340
196.560,4.939,0.317,0.441,45.475
196.580,8.906,0.327,0.441,45.630
196.600,12.826,0.337,0.441,45.790
196.620,16.512,0.349,0.441,45.947
196.640,19.963,0.351,0.441,46.096
196.660,23.133,0.356,0.441,46.219
196.680,25.951,0.354,0.441,46.318
196.700,28.377,0.351,0.441,46.375
196.720,30.381,0.342,0.441,46.394
196.740,31.957,0.336,0.441,46.367
196.760,33.053,0.319,0.441,46.296
196.780,33.662,0.302,0.441,46.183
196.800,33.773,0.282,0.441,46.035
196.820,33.404,0.265,0.441,45.859
196.840,32.514,0.242,0.441,45.669
196.860,31.195,0.218,0.441,45.471
196.880,29.373,0.193,0.441,45.275
196.900,27.170,0.167,0.441,45.093
196.920,24.521,0.143,0.441,44.935
196.940,21.533,0.113,0.441,44.806
196.960,18.217,0.090,0.441,44.715
196.980,14.619,0.062,0.441,44.664
197.000,10.846,0.041,0.441,44.656
197.020,6.885,0.016,0.441,44.688
197.040,2.865,-0.003,0.441,44.762
197.060,-1.266,-0.023,0.441,44.868
197.080,-5.320,-0.037,0.441,45.005
197.100,-9.316,-0.052,0.441,45.160
197.120,-13.166,-0.061,0.441,45.326
197.140,-16.793,-0.070,0.441,45.491
197.160,-20.227,-0.075,0.441,45.644
197.180,-23.338,-0.075,0.441,45.777
197.200,-26.057,-0.074,0.441,45.882
197.220,-28.424,-0.070,0.441,45.948
197.240,-30.363,-0.064,0.441,45.976
197.260,-31.852,-0.049,0.441,45.962
197.280,-32.865,-0.039,0.441,45.906
197.300,-33.334,-0.024,0.441,45.813
197.320,-33.381,-0.004,0.441,45.688
197.340,-32.906,0.016,0.441,45.539
197.360,-31.963,0.037,0.441,45.377
197.380,-30.516,0.063,0.441,45.211
197.400,-28.611,0.088,0.441,45.051
197.420,-26.297,0.112,0.441,44.908
197.440,-23.549,0.143,0.441,44.790
197.460,-20.490,0.161,0.441,44.705
197.480,-17.098,0.194,0.441,44.657
197.500,-13.482,0.217,0.441,44.652
197.520,-9.615,0.242,0.441,44.691
197.540,-5.607,0.264,0.441,44.771
197.560,-1.541,0.287,0.441,44.889
197.580,2.555,0.306,0.441,45.040
197.600,6.609,0.320,0.441,45.220
197.620,10.582,0.331,0.441,45.416
197.640,14.391,0.346,0.441,45.616
197.660,18.000,0.353,0.441,45.816
197.680,21.322,0.356,0.441,45.999
197.700,24.369,0.358,0.441,46.160
197.720,27.023,0.360,0.441,46.286
197.740,29.279,0.348,0.441,46.377
197.760,31.102,0.342,0.441,46.418
197.780,32.479,0.326,0.441,46.417
197.800,33.357,0.315,0.441,46.368
197.820,33.750,0.300,0.441,46.283
197.840,33.674,0.278,0.441,46.165
197.860,33.094,0.259,0.441,46.022
197.880,32.027,0.235,0.441,45.865
197.900,30.457,0.213,0.441,45.705
197.920,28.500,0.181,0.441,45.550
197.940,26.104,0.160,0.441,45.411
197.960,23.297,0.129,0.441,45.296
197.980,20.145,0.109,0.441,45.214
198.000,16.717,0.079,0.441,45.167
198.020,13.037,0.058,0.441,45.161
198.040,9.170,0.031,0.441,45.194
198.060,5.174,0.013,0.441,45.267
198.080,1.113,-0.009,0.441,45.375
198.100,-2.982,-0.024,0.441,45.514
198.120,-7.025,-0.042,0.441,45.673
198.140,-11.010,-0.053,0.441,45.846
198.160,-14.754,-0.060,0.441,46.020
198.180,-18.322,-0.069,0.441,46.184
198.200,-21.598,-0.067,0.441,46.329
198.220,-24.557,-0.071,0.441,46.445
198.240,-27.164,-0.067,0.441,46.522
198.260,-29.326,-0.062,0.441,46.560
198.280,-31.096,-0.051,0.441,46.555
198.300,-32.355,-0.036,0.441,46.502
198.320,-33.152,-0.023,0.441,46.405
198.340,-33.434,-0.009,0.441,46.270
198.360,-33.252,0.013,0.441,46.106
198.380,-32.590,0.031,0.441,45.920
198.400,-31.453,0.055,0.441,45.721
198.420,-29.771,0.079,0.441,45.521
198.440,-27.686,0.102,0.441,45.330
198.460,-25.201,0.132,0.441,45.159
198.480,-22.330,0.153,0.441,45.015
198.500,-19.090,0.182,0.441,44.904
198.520,-15.598,0.207,0.441,44.832
198.540,-11.889,0.229,0.441,44.802
198.560,-7.957,0.254,0.441,44.813
198.580,-3.908,0.274,0.441,44.863
198.600,0.193,0.297,0.441,44.949
198.620,4.277,0.312,0.441,45.066
198.640,8.297,0.331,0.441,45.205
198.660,12.199,0.338,0.441,45.355
198.680,15.937,0.350,0.441,45.505
198.700,19.436,0.354,0.441,45.650
198.720,22.646,0.359,0.441,45.775
198.740,25.547,0.358,0.441,45.877
198.760,28.008,0.355,0.441,45.941
198.780,30.100,0.346,0.441,45.966
198.800,31.734,0.336,0.441,45.950
198.820,32.895,0.323,0.441,45.894
198.840,33.592,0.312,0.441,45.795
198.860,33.773,0.291,0.441,45.667
198.880,33.498,0.271,0.441,45.510
198.900,32.695,0.248,0.441,45.337
198.920,31.424,0.220,0.441,45.157
198.940,29.689,0.200,0.441,44.978
198.960,27.551,0.174,0.441,44.814
198.980,24.943,0.148,0.441,44.672
199.000,22.014,0.122,0.441,44.561
199.020,18.750,0.094,0.441,44.488
199.040,15.205,0.066,0.441,44.455
199.060,11.443,0.047,0.441,44.468
199.080,7.529,0.020,0.441,44.520
199.100,3.486,0.003,0.438,44.616
199.120,-0.604,-0.020,0.438,44.748
199.140,-4.670,-0.030,0.438,44.912
199.160,-8.701,-0.055,0.438,45.093
199.180,-12.557,-0.058,0.438,45.291
199.200,-16.254,-0.071,0.438,45.488
199.220,-19.699,-0.072,0.438,45.675
199.240,-22.863,-0.079,0.442,45.843
199.260,-25.652,-0.076,0.442,45.985
199.280,-28.096,-0.072,0.442,46.091
199.300,-30.100,-0.061,0.442,46.155
199.320,-31.658,-0.058,0.442,46.175
199.340,-32.725,-0.036,0.442,46.156
199.360,-33.275,-0.025,0.442,46.090
199.380,-33.404,-0.004,0.442,45.993
199.400,-33.012,0.015,0.442,45.869
199.420,-32.150,0.034,0.442,45.728
199.440,-30.785,0.056,0.442,45.581
199.460,-28.934,0.085,0.442,45.438
199.480,-26.672,0.108,0.442,45.307
199.500,-24.018,0.134,0.442,45.199
199.520,-20.982,0.156,0.442,45.121
199.540,-17.648,0.190,0.442,45.078
199.560,-14.057,0.210,0.442,45.077
199.580,-10.213,0.239,0.442,45.114
199.600,-6.246,0.260,0.442,45.195
199.620,-2.162,0.284,0.442,45.312
199.640,1.904,0.300,0.442,45.463
199.660,5.994,0.317,0.442,45.636
199.680,9.961,0.333,0.442,45.828
199.700,13.811,0.342,0.442,46.025
199.720,17.443,0.349,0.442,46.218
199.740,20.807,0.356,0.442,46.395
199.760,23.912,0.354,0.442,46.547
199.780,26.625,0.352,0.442,46.664
199.800,28.957,0.345,0.442,46.740
199.820,30.838,0.340,0.442,46.772
199.840,32.285,0.330,0.442,46.756
199.860,33.258,0.313,0.442,46.698
199.880,33.744,0.298,0.442,46.598
199.900,33.709,0.278,0.442,46.462
199.920,33.217,0.259,0.442,46.299
199.940,32.221,0.238,0.442,46.121
199.960,30.756,0.212,0.442,45.936
199.980,28.846,0.185,0.442,45.755
200.000,26.508,0.162,0.442,45.588
200.020,23.760,0.131,0.442,45.443
200.040,20.678,0.112,0.442,45.329
200.060,17.303,0.079,0.442,45.251
200.080,13.629,0.060,0.442,45.213
200.100,9.803,0.031,0.442,45.215
200.120,5.824,0.016,0.442,45.257
200.140,1.752,-0.006,0.442,45.334
200.160,-2.332,-0.025,0.442,45.442
200.180,-6.393,-0.038,0.442,45.574
200.200,-10.365,-0.052,0.442,45.716
200.220,-14.168,-0.062,0.442,45.866
200.240,-17.760,-0.071,0.442,46.010
200.260,-21.111,-0.073,0.442,46.139
200.280,-24.123,-0.073,0.442,46.241
200.300,-26.742,-0.068,0.442,46.313
200.320,-29.027,-0.066,0.442,46.338
200.340,-30.844,-0.054,0.442,46.326
200.360,-32.197,-0.046,0.442,46.264
200.380,-33.070,-0.027,0.442,46.165
200.400,-33.404,-0.014,0.442,46.028
200.420,-33.340,0.007,0.442,45.861
200.440,-32.730,0.026,0.442,45.672
200.460,-31.670,0.049,0.442,45.472
200.480,-30.088,0.074,0.442,45.271
200.500,-28.066,0.096,0.442,45.078
200.520,-25.646,0.126,0.442,44.904
200.540,-22.811,0.146,0.442,44.758
200.560,-19.641,0.178,0.442,44.646
200.580,-16.189,0.204,0.442,44.574
200.600,-12.498,0.227,0.442,44.545
200.620,-8.607,0.251,0.442,44.560
200.640,-4.553,0.269,0.439,44.615
200.660,-0.492,0.294,0.439,44.707
200.680,3.615,0.311,0.439,44.833
200.700,7.646,0.329,0.439,44.984
200.720,11.584,0.340,0.439,45.152
200.740,15.369,0.352,0.439,45.324
200.760,18.891,0.356,0.439,45.493
200.780,22.148,0.356,0.439,45.642
200.800,25.090,0.358,0.439,45.768
200.820,27.645,0.356,0.439,45.861
200.840,29.801,0.348,0.439,45.918
200.860,31.494,0.344,0.439,45.931
200.880,32.754,0.326,0.439,45.904
200.900,33.516,0.314,0.439,45.835
200.920,33.779,0.294,0.439,45.735
200.940,33.574,0.277,0.439,45.604
200.960,32.854,0.253,0.439,45.457
200.980,31.658,0.230,0.439,45.299
201.000,29.977,0.205,0.439,45.142
201.020,27.914,0.179,0.439,44.997
201.040,25.406,0.153,0.439,44.872
201.060,22.506,0.124,0.439,44.776
201.080,19.283,0.102,0.439,44.715
201.100,15.779,0.072,0.439,44.694
201.120,12.059,0.051,0.439,44.716
201.140,8.133,0.024,0.439,44.780
201.160,4.125,0.006,0.439,44.886
201.180,0.047,-0.017,0.439,45.027
201.200,-4.055,-0.026,0.439,45.199
201.220,-8.068,-0.046,0.439,45.390
201.240,-11.977,-0.058,0.439,45.593
201.260,-15.686,-0.064,0.439,45.799
201.280,-19.178,-0.075,0.439,45.993
201.300,-22.383,-0.070,0.439,46.172
201.320,-25.254,-0.074,0.439,46.316
201.340,-27.738,-0.065,0.439,46.427
201.360,-29.830,-0.060,0.439,46.490
201.380,-31.447,-0.053,0.439,46.510
201.400,-32.602,-0.038,0.439,46.486
201.420,-33.240,-0.020,0.439,46.422
201.440,-33.428,-0.007,0.439,46.318
201.460,-33.117,0.014,0.439,46.187
201.480,-32.314,0.033,0.439,46.035
201.500,-31.025,0.057,0.439,45.872
201.520,-29.256,0.086,0.439,45.711
201.540,-27.076,0.103,0.439,45.560
201.560,-24.469,0.136,0.439,45.430
201.580,-21.498,0.155,0.439,45.327
201.600,-18.187,0.187,0.439,45.258
201.620,-14.631,0.207,0.439,45.229
201.640,-10.863,0.236,0.439,45.237
201.660,-6.896,0.253,0.439,45.289
201.680,-2.824,0.278,0.439,45.373
201.700,1.277,0.299,0.439,45.636
201.720,5.344,0.315,0.439,45.636
201.740,9.340,0.327,0.439,45.802
201.760,13.219,0.338,0.439,45.970
201.780,16.881,0.348,0.439,46.136
201.800,20.303,0.350,0.439,46.289
201.820,23.437,0.356,0.439,46.419
201.840,26.221,0.352,0.439,46.519
201.860,28.611,0.349,0.439,46.578
201.880,30.568,0.337,0.439,46.592
201.900,32.092,0.333,0.439,46.562
201.920,33.135,0.315,0.439,46.487
201.940,33.686,0.302,0.439,46.371
201.960,33.756,0.281,0.439,46.221
201.980,33.328,0.263,0.439,46.044
202.000,32.414,0.239,0.439,45.852
202.020,31.025,0.216,0.439,45.652
202.040,29.174,0.189,0.439,45.456
202.060,26.924,0.166,0.439,45.274
202.080,24.223,0.137,0.439,45.115
202.100,21.193,0.112,0.439,44.987
202.120,17.842,0.083,0.439,44.895
202.140,14.244,0.062,0.439,44.844
202.160,10.441,0.037,0.439,44.835
202.180,6.469,0.016,0.439,44.868
202.200,2.426,-0.004,0.439,44.939
202.220,-1.676,-0.021,0.439,45.042
202.240,-5.730,-0.037,0.439,45.172
202.260,-9.727,-0.054,0.439,45.320
202.280,-13.553,-0.060,0.439,45.477
202.300,-17.180,-0.072,0.439,45.630
202.320,-20.578,-0.075,0.439,45.774
202.340,-23.613,-0.079,0.439,45.892
202.360,-26.338,-0.075,0.439,45.984
202.380,-28.670,-0.071,0.439,46.034
202.400,-30.574,-0.060,0.439,46.046
202.420,-31.975,-0.052,0.439,46.015
202.440,-32.936,-0.037,0.439,45.943
202.460,-33.340,-0.022,0.439,45.834
202.480,-33.363,0.002,0.439,45.695
202.500,-32.859,0.017,0.439,45.532
202.520,-31.852,0.043,0.439,45.358
202.540,-30.352,0.064,0.439,45.181
202.560,-28.389,0.094,0.439,45.011
202.580,-26.027,0.116,0.439,44.859
202.600,-23.285,0.146,0.439,44.733
202.620,-20.150,0.165,0.439,44.641
202.640,-16.734,0.197,0.439,44.588
202.660,-13.084,0.216,0.439,44.578
202.680,-9.205,0.248,0.439,44.611
202.700,-5.215,0.264,0.439,44.686
202.720,-1.131,0.290,0.438,44.798
202.740,2.971,0.307,0.438,44.947
202.760,7.020,0.321,0.438,45.118
202.780,10.986,0.336,0.438,45.306
202.800,14.771,0.348,0.438,45.502
202.820,18.352,0.353,0.438,45.696
202.840,21.645,0.358,0.438,45.873
202.860,24.662,0.358,0.438,46.025
202.880,27.270,0.357,0.438,46.143
202.900,29.479,0.348,0.438,46.225
202.920,31.266,0.341,0.438,46.259
202.940,32.584,0.327,0.438,46.254
202.960,33.428,0.311,0.438,46.201
202.980,33.768,0.296,0.438,46.112
203.000,33.639,0.273,0.438,45.992
203.020,33.018,0.259,0.438,45.849
203.040,31.887,0.230,0.438,45.695
203.060,30.281,0.208,0.438,45.536
203.080,28.277,0.178,0.438,45.387
203.100,25.828,0.156,0.438,45.254
203.120,22.986,0.127,0.438,45.147
203.140,19.828,0.111,0.438,45.073
203.160,16.354,0.074,0.438,45.036
203.180,12.650,0.060,0.438,45.041
203.200,8.766,0.029,0.438,45.085
203.220,4.770,0.014,0.438,45.168
203.240,0.680,-0.012,0.438,45.286
203.260,-3.434,-0.024,0.438,45.435
203.280,-7.471,-0.042,0.438,45.603
203.300,-11.391,-0.051,0.438,45.784
203.320,-15.129,-0.062,0.438,45.966
203.340,-18.674,-0.067,0.438,46.137
203.360,-21.926,-0.068,0.438,46.286
203.380,-24.855,-0.070,0.438,46.405
203.400,-27.369,-0.066,0.438,46.490
203.420,-29.525,-0.058,0.438,46.530
203.440,-31.236,-0.054,0.438,46.528
203.460,-32.461,-0.039,0.438,46.480
203.480,-33.182,-0.023,0.438,46.389
203.500,-33.434,-0.008,0.438,46.258
203.520,-33.187,0.015,0.438,46.100
203.540,-32.473,0.032,0.438,45.918
203.560,-31.295,0.058,0.438,45.532
203.580,-29.578,0.085,0.438,45.532
203.600,-27.434,0.103,0.438,45.348
203.620,-24.926,0.131,0.438,45.184
203.640,-21.990,0.157,0.438,45.048
203.660,-18.744,0.182,0.438,44.945
203.680,-15.240,0.207,0.438,44.881
203.700,-11.467,0.228,0.438,44.857
203.720,-7.547,0.257,0.437,44.875
203.740,-3.475,0.273,0.437,44.932
203.760,0.598,0.299,0.437,45.023
203.780,4.682,0.315,0.437,45.141
203.800,8.713,0.330,0.437,45.282
203.820,12.598,0.340,0.437,45.434
203.840,16.318,0.352,0.437,45.585
203.860,19.781,0.356,0.437,45.732
203.880,22.963,0.360,0.440,45.853
203.900,25.822,0.357,0.440,45.951
203.920,28.242,0.353,0.440,46.008
203.940,30.299,0.342,0.440,46.026
203.960,31.863,0.337,0.440,46.001
203.980,33.006,0.320,0.440,45.936
204.000,33.645,0.307,0.440,45.828
204.020,33.791,0.286,0.440,45.692
204.040,33.434,0.264,0.440,45.527
204.060,32.584,0.245,0.440,45.160
204.080,31.266,0.220,0.440,45.160
204.100,29.484,0.196,0.440,44.976
204.120,27.305,0.170,0.440,44.809
204.140,24.668,0.142,0.440,44.663
204.160,21.686,0.116,0.440,44.550
204.180,18.416,0.091,0.440,44.474
204.200,14.830,0.064,0.440,44.439
204.220,11.027,0.041,0.440,44.449
204.240,7.107,0.017,0.440,44.500
204.260,3.064,0.002,0.440,44.594
204.280,-1.014,-0.021,0.440,44.722
204.300,-5.092,-0.037,0.440,44.881
204.320,-9.117,-0.052,0.440,45.059
204.340,-12.955,-0.062,0.440,45.249
204.360,-16.629,-0.070,0.440,45.440
204.380,-20.021,-0.077,0.440,45.619
204.400,-23.180,-0.079,0.440,45.783
204.420,-25.928,-0.076,0.440,45.915
204.440,-28.318,-0.071,0.440,46.013
204.460,-30.287,-0.062,0.440,46.066
204.480,-31.770,-0.054,0.440,46.080
204.500,-32.824,-0.038,0.440,46.050
204.520,-33.293,-0.022,0.440,45.982
204.540,-33.381,-0.003,0.440,45.879
204.560,-32.947,0.016,0.440,45.753
204.580,-32.010,0.038,0.440,45.610
204.600,-30.598,0.062,0.440,45.463
204.620,-28.705,0.090,0.440,45.320
204.640,-26.402,0.108,0.440,45.191
204.660,-23.707,0.139,0.440,45.087
204.680,-20.643,0.163,0.440,45.014
204.700,-17.273,0.194,0.440,44.978
204.720,-13.646,0.211,0.440,44.983
204.740,-9.838,0.240,0.440,45.028
204.760,-5.830,0.261,0.440,45.114
204.780,-1.764,0.282,0.440,45.238
204.800,2.338,0.305,0.440,45.393
204.820,6.416,0.318,0.440,45.574
204.840,10.348,0.336,0.440,45.772
204.860,14.209,0.340,0.440,45.975
204.880,17.795,0.351,0.440,46.172
204.900,21.158,0.355,0.440,46.354
204.920,24.217,0.356,0.440,46.513
204.940,26.871,0.353,0.440,46.636
204.960,29.162,0.348,0.440,46.718
204.980,31.002,0.336,0.440,46.753
205.000,32.414,0.328,0.440,46.741
205.020,33.328,0.311,0.440,46.686
205.040,33.762,0.298,0.440,46.590
205.060,33.691,0.276,0.440,46.459
205.080,33.146,0.257,0.440,46.303
205.100,32.092,0.232,0.440,46.130
205.120,30.580,0.209,0.440,45.953
205.140,28.629,0.184,0.440,45.780
205.160,26.244,0.159,0.440,45.622
205.180,23.437,0.129,0.440,45.489
205.200,20.338,0.108,0.440,45.386
205.220,16.928,0.074,0.440,45.320
205.240,13.230,0.059,0.440,45.293
205.260,9.398,0.028,0.440,45.307
205.280,5.402,0.013,0.440,45.361
205.300,1.312,-0.006,0.440,45.448
205.320,-2.760,-0.025,0.440,45.565
205.340,-6.814,-0.041,0.440,45.703
205.360,-10.770,-0.053,0.440,45.856
205.380,-14.555,-0.064,0.440,46.013
205.400,-18.123,-0.068,0.440,46.293
205.420,-21.428,-0.071,0.440,46.293
205.440,-24.393,-0.075,0.440,46.395
205.460,-27.006,-0.071,0.440,46.494
205.480,-29.227,-0.065,0.440,46.494
205.500,-31.014,-0.051,0.440,46.480
205.520,-32.285,-0.046,0.440,46.417
205.540,-33.105,-0.029,0.440,46.315
205.560,-33.416,-0.014,0.440,46.176
205.580,-33.293,0.011,0.440,46.007
205.600,-32.654,0.023,0.440,45.817
205.620,-31.529,0.054,0.440,45.617
205.640,-29.906,0.074,0.440,45.415
205.660,-27.820,0.101,0.440,45.223
205.680,-25.371,0.127,0.440,45.051
205.700,-22.506,0.154,0.440,44.907
205.720,-19.295,0.174,0.440,44.797
205.740,-15.803,0.207,0.440,44.728
205.760,-12.094,0.227,0.440,44.700
205.780,-8.191,0.258,0.440,44.715
205.800,-4.148,0.273,0.440,44.773
205.820,-0.053,0.298,0.440,44.867
205.840,4.037,0.315,0.440,44.992
205.860,8.062,0.331,0.440,45.142
205.880,11.988,0.343,0.440,45.305
205.900,15.732,0.352,0.440,45.474
205.920,19.230,0.354,0.440,45.635
205.940,22.471,0.357,0.440,45.776
205.960,25.389,0.356,0.440,45.892
205.980,27.885,0.356,0.440,45.975
206.000,29.988,0.348,0.440,46.020
206.020,31.646,0.340,0.440,46.026
206.040,32.854,0.327,0.440,45.990
206.060,33.568,0.311,0.440,45.914
206.080,33.797,0.294,0.440,45.804
206.100,33.527,0.270,0.440,45.666
206.120,32.742,0.253,0.440,45.510
206.140,31.512,0.227,0.440,45.347
206.160,29.801,0.201,0.440,45.184
206.180,27.680,0.176,0.440,45.035
206.200,25.107,0.150,0.440,44.908
206.220,22.189,0.123,0.440,44.810
206.240,18.943,0.101,0.440,44.748
206.260,15.393,0.066,0.440,44.748
206.280,11.660,0.048,0.440,44.748
206.300,7.740,0.025,0.440,44.812
206.320,3.709,0.007,0.440,44.915
206.340,-0.375,-0.017,0.440,45.055
206.360,-4.441,-0.033,0.440,45.224
206.380,-8.484,-0.047,0.440,45.415
206.400,-12.363,-0.059,0.440,45.615
206.420,-16.037,-0.062,0.440,45.819
206.440,-19.535,-0.074,0.440,46.006
206.460,-22.717,-0.072,0.440,46.179
206.480,-25.518,-0.075,0.440,46.318
206.500,-27.967,-0.066,0.440,46.422
206.520,-30.006,-0.061,0.440,46.493
206.540,-31.582,-0.053,0.440,46.493
206.560,-32.707,-0.038,0.440,46.463
206.580,-33.275,-0.022,0.440,46.392
206.600,-33.393,-0.008,0.440,46.283
206.620,-33.035,0.019,0.440,46.148
206.640,-32.203,0.033,0.440,45.992
206.660,-30.879,0.060,0.440,45.830
206.680,-29.039,0.084,0.440,45.668
206.700,-26.812,0.107,0.440,45.390
206.720,-24.176,0.137,0.440,45.390
206.740,-21.152,0.159,0.440,45.290
206.760,-17.842,0.189,0.440,45.225
206.780,-14.273,0.211,0.440,45.199
206.800,-10.436,0.238,0.440,45.213
206.820,-6.475,0.254,0.440,45.268
206.840,-2.402,0.278,0.440,45.354
206.860,1.693,0.298,0.440,45.476
206.880,5.754,0.316,0.440,45.622
206.900,9.750,0.327,0.440,45.787
206.920,13.600,0.339,0.440,45.954
206.940,17.244,0.344,0.440,46.118
206.960,20.637,0.353,0.440,46.268
206.980,23.742,0.354,0.440,46.396
207.000,26.484,0.353,0.440,46.544
207.020,28.828,0.346,0.440,46.544
207.040,30.744,0.337,0.440,46.552
207.060,32.221,0.328,0.440,46.516
207.080,33.205,0.317,0.440,46.435
207.100,33.732,0.297,0.440,46.315
207.120,33.738,0.281,0.440,46.159
207.140,33.264,0.257,0.440,45.979
207.160,32.279,0.236,0.440,45.782
207.180,30.850,0.215,0.440,45.580
207.200,28.951,0.185,0.440,45.383
207.220,26.648,0.166,0.440,45.200
207.240,23.930,0.134,0.440,45.042
207.260,20.871,0.112,0.440,44.915
207.280,17.502,0.082,0.440,44.824
207.300,13.857,0.060,0.440,44.773
207.320,10.014,0.032,0.440,44.765
207.340,6.059,0.012,0.439,44.798
207.360,2.004,-0.006,0.439,44.869
207.380,-2.092,-0.027,0.439,44.973
207.400,-6.164,-0.039,0.439,45.102
207.420,-10.143,-0.051,0.439,45.249
207.440,-13.939,-0.062,0.439,45.398
207.460,-17.543,-0.072,0.439,45.546
207.480,-20.883,-0.076,0.439,45.683
207.500,-23.930,-0.079,0.439,45.798
207.520,-26.590,-0.073,0.439,45.881
207.540,-28.887,-0.067,0.439,45.925
207.560,-30.727,-0.057,0.439,45.925
207.580,-32.086,-0.051,0.439,45.884
207.600,-33.029,-0.030,0.439,45.805
207.620,-33.398,-0.019,0.439,45.687
207.640,-33.340,0.003,0.439,45.541
207.660,-32.760,0.021,0.439,45.374
207.680,-31.711,0.045,0.439,45.195
207.700,-30.182,0.069,0.439,45.015
207.720,-28.166,0.095,0.439,44.844
207.740,-25.793,0.120,0.439,44.691
207.760,-22.986,0.147,0.439,44.566
207.780,-19.822,0.170,0.439,44.475
207.800,-16.377,0.200,0.439,44.425
207.820,-12.709,0.222,0.439,44.416
207.840,-8.812,0.248,0.439,44.453
207.860,-4.805,0.269,0.439,44.530
207.880,-0.697,0.289,0.439,44.645
207.900,3.393,0.311,0.439,44.793
207.920,7.447,0.325,0.439,44.968
207.940,11.355,0.336,0.439,45.158
207.960,15.146,0.348,0.439,45.354
207.980,18.703,0.356,0.439,45.545
208.000,21.967,0.360,0.439,45.720
208.020,24.961,0.356,0.439,45.874
208.040,27.504,0.358,0.439,45.991
208.060,29.684,0.347,0.439,46.072
208.080,31.412,0.340,0.439,46.104
208.100,32.689,0.327,0.439,46.097
208.120,33.486,0.313,0.439,46.047
208.140,33.768,0.296,0.439,45.963
208.160,33.592,0.273,0.439,45.845
208.180,32.895,0.252,0.439,45.708
208.200,31.734,0.231,0.439,45.556
208.220,30.111,0.203,0.439,45.406
208.240,28.055,0.178,0.439,45.263
208.260,25.553,0.157,0.439,45.139
208.280,22.670,0.125,0.439,45.042
208.300,19.459,0.106,0.439,44.979
208.320,16.002,0.073,0.439,44.954
208.340,12.246,0.054,0.439,44.970
208.360,8.355,0.029,0.439,45.028
208.380,4.348,0.015,0.439,45.123
208.400,0.240,-0.012,0.439,45.252
208.420,-3.803,-0.025,0.439,45.412
208.440,-7.863,-0.042,0.439,45.591
208.460,-11.771,-0.051,0.439,45.782
208.480,-15.516,-0.062,0.439,45.971
208.500,-19.020,-0.067,0.439,46.147
208.520,-22.248,-0.071,0.439,46.303
208.540,-25.107,-0.070,0.439,46.428
208.560,-27.621,-0.065,0.439,46.518
208.580,-29.736,-0.060,0.439,46.562
208.600,-31.377,-0.050,0.439,46.563
208.620,-32.549,-0.037,0.439,46.518
208.640,-33.229,-0.021,0.439,46.429
208.660,-33.416,-0.008,0.439,46.303
208.680,-33.170,0.016,0.439,46.146
208.700,-32.373,0.037,0.439,45.969
208.720,-31.107,0.054,0.439,45.781
208.740,-29.373,0.085,0.439,45.594
208.760,-27.187,0.103,0.439,45.416
208.780,-24.645,0.133,0.439,45.258
208.800,-21.668,0.157,0.439,45.128
208.820,-18.381,0.188,0.439,45.031
208.840,-14.842,0.210,0.439,44.975
208.860,-11.062,0.236,0.439,44.957
208.880,-7.125,0.257,0.438,44.981
208.900,-3.047,0.280,0.438,45.040
208.920,1.031,0.298,0.438,45.135
208.940,5.121,0.320,0.438,45.257
208.960,9.111,0.333,0.438,45.400
208.980,12.990,0.344,0.438,45.553
209.000,16.693,0.351,0.438,45.701
209.020,20.115,0.351,0.438,45.841
209.040,23.285,0.360,0.438,45.954
209.060,26.068,0.353,0.438,46.044
209.080,28.488,0.353,0.438,46.091
209.100,30.469,0.340,0.438,46.102
209.120,32.016,0.333,0.438,46.067
209.140,33.088,0.320,0.438,45.991
209.160,33.674,0.303,0.438,45.876
209.180,33.756,0.284,0.438,45.730
209.200,33.375,0.264,0.438,45.555
209.220,32.479,0.242,0.438,45.367
209.240,31.113,0.218,0.438,45.173
209.260,29.291,0.189,0.438,44.984
209.280,27.047,0.170,0.438,44.810
209.300,24.381,0.139,0.438,44.660
209.320,21.375,0.117,0.438,44.542
209.340,18.053,0.085,0.438,44.462
209.360,14.432,0.062,0.438,44.424
209.380,10.652,0.037,0.438,44.431
209.400,6.691,0.016,0.438,44.478
209.420,2.648,-0.006,0.438,44.567
209.440,-1.430,-0.021,0.438,44.692
209.460,-5.508,-0.040,0.438,44.844
209.480,-9.504,-0.056,0.438,45.017
209.500,-13.342,-0.060,0.438,45.202
209.520,-16.975,-0.072,0.438,45.380
209.540,-20.385,-0.073,0.438,45.554
209.560,-23.461,-0.082,0.442,45.704
209.580,-26.180,-0.075,0.442,45.830
209.600,-28.518,-0.072,0.442,45.916
209.620,-30.463,-0.057,0.442,45.961
209.640,-31.910,-0.055,0.442,45.961
209.660,-32.895,-0.034,0.442,45.927
209.680,-33.346,-0.023,0.442,45.848
209.700,-33.357,-0.002,0.442,45.742
209.720,-32.889,0.018,0.442,45.609
209.740,-31.898,0.039,0.442,45.463
209.760,-30.445,0.062,0.442,45.315
209.780,-28.494,0.091,0.442,45.171
209.800,-26.156,0.112,0.442,45.045
209.820,-23.426,0.145,0.442,44.943
209.840,-20.320,0.164,0.442,44.873
209.860,-16.928,0.196,0.442,44.841
209.880,-13.289,0.216,0.442,44.851
209.900,-9.416,0.243,0.442,44.903
209.920,-5.402,0.265,0.442,44.997
209.940,-1.336,0.288,0.442,45.127
209.960,2.754,0.303,0.442,45.292
209.980,6.809,0.322,0.442,45.477
210.000,10.752,0.331,0.442,45.679
210.020,14.578,0.344,0.442,45.884
210.040,18.146,0.347,0.442,46.087
210.060,21.480,0.357,0.442,46.270
210.080,24.516,0.356,0.442,46.433
210.100,27.135,0.354,0.442,46.557
210.120,29.379,0.348,0.442,46.640
210.140,31.154,0.337,0.442,46.676
210.160,32.525,0.327,0.442,46.669
210.180,33.381,0.312,0.442,46.613
210.200,33.768,0.294,0.442,46.521
210.220,33.656,0.275,0.442,46.393
210.240,33.035,0.253,0.442,46.242
210.260,31.957,0.232,0.442,46.076
210.280,30.393,0.210,0.442,45.906
210.300,28.400,0.179,0.442,45.742
210.320,25.975,0.159,0.442,45.593
210.340,23.145,0.126,0.442,45.469
210.360,20.016,0.112,0.442,45.377
210.380,16.541,0.075,0.442,45.320
210.400,12.867,0.055,0.442,45.304
210.420,8.982,0.027,0.442,45.327
210.440,4.980,0.012,0.442,45.391
210.460,0.932,-0.010,0.442,45.487
210.480,-3.187,-0.026,0.442,45.614
210.500,-7.219,-0.042,0.442,45.760
210.520,-11.186,-0.051,0.442,45.917
210.540,-14.912,-0.062,0.442,46.075
210.560,-18.475,-0.067,0.442,46.227
210.580,-21.744,-0.073,0.442,46.358
210.600,-24.703,-0.071,0.442,46.461
210.620,-27.264,-0.069,0.442,46.529
210.640,-29.426,-0.067,0.442,46.553
210.660,-31.172,-0.051,0.442,46.536
210.680,-32.414,-0.044,0.442,46.471
210.700,-33.182,-0.028,0.442,46.367
210.720,-33.445,-0.009,0.442,46.225
210.740,-33.246,0.010,0.442,46.052
210.760,-32.566,0.031,0.442,45.859
210.780,-31.371,0.053,0.442,45.656
210.800,-29.701,0.082,0.442,45.453
210.820,-27.598,0.104,0.442,45.259
210.840,-25.096,0.130,0.442,45.087
210.860,-22.184,0.155,0.442,44.943
210.880,-18.937,0.182,0.442,44.834
210.900,-15.439,0.210,0.442,44.765
210.920,-11.695,0.232,0.442,44.739
210.940,-7.775,0.255,0.442,44.754
210.960,-3.738,0.278,0.442,44.807
210.980,0.375,0.298,0.442,44.900
211.000,4.459,0.318,0.442,45.021
211.020,8.467,0.331,0.442,45.167
211.040,12.381,0.341,0.442,45.324
211.060,16.102,0.354,0.442,45.484
211.080,19.588,0.353,0.442,45.638
211.100,22.787,0.364,0.446,45.770
211.120,25.670,0.356,0.446,45.882
211.140,28.125,0.358,0.446,45.953
211.160,30.182,0.348,0.446,45.991
211.180,31.799,0.340,0.446,45.985
211.200,32.953,0.323,0.446,45.938
211.220,33.615,0.314,0.446,45.851
211.240,33.791,0.290,0.446,45.736
211.260,33.475,0.272,0.446,45.589
211.280,32.648,0.249,0.446,45.427
211.300,31.354,0.225,0.446,45.260
211.320,29.602,0.199,0.446,45.094
211.340,27.434,0.173,0.446,44.943
211.360,24.809,0.146,0.446,44.815
211.380,21.873,0.118,0.446,44.717
211.400,18.586,0.095,0.446,44.656
211.420,15.029,0.067,0.446,44.636
211.440,11.256,0.044,0.446,44.661
211.460,7.318,0.023,0.446,44.727
211.480,3.299,0.004,0.446,44.834
211.500,-0.809,-0.016,0.446,44.974
211.520,-4.863,-0.033,0.446,45.147
211.540,-8.889,-0.049,0.446,45.339
211.560,-12.756,-0.057,0.446,45.543
211.580,-16.430,-0.067,0.446,45.743
211.600,-19.875,-0.072,0.446,45.930
211.620,-23.004,-0.075,0.446,46.101
211.640,-25.793,-0.073,0.446,46.239
211.660,-28.195,-0.069,0.446,46.342
211.680,-30.193,-0.061,0.446,46.398
211.700,-31.734,-0.053,0.446,46.412
211.720,-32.766,-0.040,0.446,46.384
211.740,-33.293,-0.021,0.446,46.314
211.760,-33.381,-0.003,0.446,46.208
211.780,-33.000,0.019,0.446,46.075
211.800,-32.098,0.038,0.446,45.923
211.820,-30.697,0.059,0.446,45.765
211.840,-28.822,0.090,0.446,45.609
211.860,-26.543,0.108,0.446,45.467
211.880,-23.877,0.140,0.446,45.347
211.900,-20.836,0.161,0.446,45.256
211.920,-17.473,0.190,0.446,45.201
211.940,-13.881,0.211,0.446,45.184
211.960,-10.020,0.241,0.446,45.207
211.980,-6.064,0.257,0.446,45.272
212.000,-1.980,0.285,0.446,45.370
212.020,2.109,0.294,0.446,45.501
212.040,6.176,0.321,0.446,45.652
212.060,10.154,0.326,0.446,45.827
212.080,13.980,0.344,0.446,45.996
212.100,17.613,0.348,0.446,46.168
212.120,20.977,0.352,0.446,46.318
212.140,24.059,0.356,0.446,46.449
212.160,26.748,0.353,0.446,46.544
212.180,29.045,0.347,0.446,46.599
212.200,30.902,0.340,0.446,46.603
212.220,32.344,0.327,0.446,46.569
212.240,33.287,0.313,0.446,46.485
212.260,33.732,0.296,0.446,46.363
212.280,33.697,0.279,0.446,46.207
212.300,33.176,0.258,0.446,46.026
212.320,32.168,0.232,0.446,45.831
212.340,30.668,0.212,0.446,45.629
212.360,28.752,0.180,0.446,45.434
212.380,26.385,0.165,0.446,45.253
212.400,23.619,0.130,0.446,45.097
212.420,20.514,0.110,0.446,44.973
212.440,17.133,0.079,0.446,44.886
212.460,13.459,0.058,0.446,44.839
212.480,9.609,0.031,0.446,44.833
212.500,5.643,0.010,0.446,44.869
212.520,1.570,-0.008,0.446,44.942
212.540,-2.520,-0.025,0.446,45.045
212.560,-6.574,-0.042,0.446,45.173
212.580,-10.541,-0.059,0.446,45.315
212.600,-14.320,-0.067,0.446,45.467
212.620,-17.924,-0.073,0.446,45.609
212.640,-21.240,-0.074,0.446,45.741
212.660,-24.240,-0.080,0.446,45.845
212.680,-26.848,-0.072,0.446,45.922
212.700,-29.080,-0.068,0.446,45.956
212.720,-30.932,-0.057,0.446,45.950
212.740,-32.238,-0.050,0.446,45.900
212.760,-33.088,-0.032,0.446,45.813
212.780,-33.416,-0.015,0.446,45.687
212.800,-33.287,0.003,0.446,45.533
212.820,-32.701,0.029,0.446,45.359
212.840,-31.588,0.049,0.446,45.173
212.860,-30.012,0.072,0.446,44.989
212.880,-27.979,0.095,0.446,44.814
212.900,-25.500,0.123,0.446,44.660
212.920,-22.682,0.153,0.446,44.534
212.940,-19.471,0.173,0.446,44.443
212.960,-16.037,0.203,0.446,44.393
212.980,-12.311,0.224,0.446,44.385
213.000,-8.408,0.253,0.446,44.422
213.020,-4.377,0.273,0.446,44.500
213.040,-0.270,0.296,0.446,44.617
213.060,3.803,0.311,0.446,44.767
213.080,7.846,0.329,0.446,44.940
213.100,11.771,0.340,0.446,45.128
213.120,15.533,0.352,0.446,45.321
213.140,19.055,0.352,0.446,45.509
213.160,22.307,0.360,0.446,45.679
213.180,25.236,0.358,0.446,45.825
213.200,27.750,0.354,0.446,45.937
213.220,29.895,0.348,0.446,46.012
213.240,31.570,0.338,0.446,46.040
213.260,32.795,0.325,0.446,46.029
213.280,33.539,0.308,0.446,45.975
213.300,33.779,0.294,0.446,45.884
213.320,33.551,0.271,0.446,45.765
213.340,32.812,0.252,0.446,45.626
213.360,31.582,0.226,0.446,45.477
213.380,29.906,0.202,0.446,45.327
213.400,27.797,0.176,0.446,45.188
213.420,25.277,0.153,0.446,45.069
213.440,22.348,0.122,0.446,44.977
213.460,19.131,0.103,0.446,44.921
213.480,15.604,0.067,0.446,44.903
213.500,11.854,0.053,0.446,44.928
213.520,7.945,0.025,0.446,44.991
213.540,3.926,0.009,0.446,45.094
213.560,-0.123,-0.013,0.446,45.230
213.580,-4.242,-0.026,0.446,45.397
213.600,-8.279,-0.044,0.446,45.580
213.620,-12.164,-0.053,0.446,45.774
213.640,-15.873,-0.066,0.446,45.967
213.660,-19.348,-0.067,0.446,46.148
213.680,-22.541,-0.070,0.446,46.309
213.700,-25.383,-0.067,0.446,46.434
213.720,-27.861,-0.062,0.446,46.524
213.740,-29.918,-0.058,0.446,46.567
213.760,-31.512,-0.046,0.446,46.568
213.780,-32.625,-0.036,0.446,46.520
213.800,-33.258,-0.020,0.446,46.435
213.820,-33.434,-0.002,0.446,46.309
213.840,-33.094,0.016,0.446,46.156
213.860,-32.285,0.036,0.446,45.983
213.880,-30.949,0.058,0.446,45.801
213.900,-29.197,0.087,0.446,45.619
213.920,-26.965,0.106,0.446,45.448
213.940,-24.352,0.137,0.446,45.299
213.960,-21.334,0.162,0.446,45.177
213.980,-18.035,0.184,0.446,45.090
214.000,-14.479,0.211,0.446,45.042
214.020,-10.670,0.237,0.446,45.034
214.040,-6.709,0.257,0.446,45.066
214.060,-2.637,0.282,0.446,45.133
214.080,1.441,0.298,0.446,45.236
214.100,5.531,0.319,0.446,45.363
214.120,9.510,0.331,0.446,45.512
214.140,13.377,0.340,0.446,45.665
214.160,17.045,0.351,0.446,45.816
214.180,20.455,0.352,0.446,45.956
214.200,23.584,0.360,0.446,46.072
214.220,26.344,0.353,0.446,46.161
214.240,28.705,0.351,0.446,46.209
214.260,30.645,0.341,0.446,46.216
214.280,32.156,0.329,0.446,46.181
214.300,33.176,0.319,0.446,46.102
214.320,33.703,0.299,0.446,45.985
214.340,33.738,0.285,0.446,45.834
214.360,33.305,0.261,0.446,45.659
214.380,32.350,0.242,0.446,45.469
214.400,30.943,0.216,0.446,45.276
214.420,29.068,0.186,0.446,45.087
214.440,26.801,0.166,0.446,44.914
214.460,24.088,0.136,0.446,44.765
214.480,21.029,0.110,0.446,44.650
214.500,17.695,0.081,0.446,44.572
214.520,14.057,0.058,0.446,44.536
214.540,10.254,0.034,0.446,44.545
214.560,6.281,0.012,0.444,44.595
214.580,2.250,-0.010,0.444,44.686
214.600,-1.863,-0.024,0.444,44.809
214.620,-5.918,-0.045,0.444,44.963
214.640,-9.926,-0.057,0.444,45.133
214.660,-13.740,-0.064,0.444,45.317
214.680,-17.338,-0.073,0.444,45.494
214.700,-20.730,-0.076,0.444,45.661
214.720,-23.748,-0.080,0.444,45.808
214.740,-26.449,-0.075,0.444,45.926
214.760,-28.764,-0.071,0.444,46.004
214.780,-30.633,-0.062,0.444,46.043
214.800,-32.027,-0.050,0.444,46.039
214.820,-32.959,-0.033,0.444,45.993
214.840,-33.369,-0.020,0.444,45.908
214.860,-33.328,0.002,0.444,45.795
214.880,-32.807,0.017,0.444,45.658
214.900,-31.787,0.044,0.444,45.510
214.920,-30.252,0.063,0.444,45.358
214.940,-28.283,0.095,0.444,45.214
214.960,-25.881,0.116,0.444,45.087
214.980,-23.121,0.145,0.444,44.987
215.000,-19.998,0.170,0.444,44.920
215.020,-16.559,0.199,0.444,44.891
215.040,-12.908,0.219,0.444,44.905
215.060,-9.012,0.245,0.444,44.961
215.080,-5.010,0.265,0.444,45.059
215.100,-0.914,0.290,0.444,45.192
215.120,3.187,0.306,0.444,45.359
215.140,7.213,0.320,0.444,45.549
215.160,11.174,0.332,0.444,45.755
215.180,14.959,0.344,0.444,45.964
215.200,18.510,0.354,0.444,46.168
215.220,21.803,0.354,0.444,46.354
215.240,24.803,0.356,0.444,46.515
215.260,27.387,0.352,0.444,46.638
215.280,29.578,0.344,0.444,46.720
215.300,31.342,0.336,0.444,46.753
215.320,32.643,0.326,0.444,46.744
215.340,33.451,0.314,0.444,46.690
215.360,33.768,0.293,0.444,46.598
215.380,33.615,0.273,0.444,46.472
215.400,32.965,0.256,0.444,46.321
215.420,31.822,0.229,0.444,46.158
215.440,30.187,0.206,0.444,45.991
215.460,28.184,0.175,0.444,45.831
215.480,25.699,0.157,0.444,45.688
215.500,22.840,0.123,0.444,45.571
215.520,19.658,0.106,0.444,45.485
215.540,16.166,0.073,0.444,45.436
215.560,12.469,0.054,0.444,45.428
215.580,8.572,0.026,0.444,45.460
215.600,4.564,0.008,0.444,45.531
215.620,0.492,-0.013,0.444,45.636
215.640,-3.604,-0.026,0.444,45.767
215.660,-7.641,-0.042,0.444,45.919
215.680,-11.555,-0.053,0.444,46.080
215.700,-15.293,-0.064,0.444,46.242
215.720,-18.850,-0.067,0.444,46.392
215.740,-22.084,-0.071,0.444,46.522
215.760,-24.961,-0.075,0.444,46.622
215.780,-27.498,-0.068,0.444,46.687
215.800,-29.625,-0.064,0.444,46.708
215.820,-31.330,-0.049,0.444,46.685
215.840,-32.514,-0.038,0.444,46.614
215.860,-33.223,-0.021,0.444,46.501
215.880,-33.434,-0.009,0.444,46.352
215.900,-33.176,0.017,0.444,46.176
215.920,-32.473,0.032,0.444,45.978
215.940,-31.236,0.061,0.444,45.772
215.960,-29.502,0.082,0.444,45.566
215.980,-27.352,0.110,0.444,45.373
216.000,-24.791,0.129,0.444,45.200
216.020,-21.867,0.161,0.444,45.056
216.040,-18.604,0.183,0.444,44.947
216.060,-15.076,0.211,0.444,44.879
216.080,-11.303,0.236,0.444,44.852
216.100,-7.354,0.257,0.440,44.869
216.120,-3.322,0.280,0.440,44.923
216.140,0.814,0.298,0.440,45.014
216.160,4.875,0.316,0.440,45.132
216.180,8.889,0.329,0.440,45.273
216.200,12.785,0.342,0.440,45.423
216.220,16.488,0.352,0.440,45.578
216.240,19.939,0.356,0.440,45.724
216.260,23.098,0.358,0.440,45.849
216.280,25.939,0.358,0.440,45.944
216.300,28.354,0.356,0.440,46.006
216.320,30.375,0.347,0.440,46.032
216.340,31.945,0.336,0.440,46.014
216.360,33.029,0.323,0.440,45.956
216.380,33.656,0.308,0.440,45.860
216.400,33.768,0.289,0.440,45.731
216.420,33.410,0.269,0.440,45.579
216.440,32.520,0.245,0.440,45.411
216.460,31.195,0.220,0.440,45.238
216.480,29.396,0.194,0.440,45.068
216.500,27.193,0.170,0.440,44.914
216.520,24.533,0.143,0.440,44.783
216.540,21.545,0.119,0.440,44.685
216.560,18.240,0.090,0.440,44.623
216.580,14.648,0.063,0.440,44.604
216.600,10.852,0.039,0.440,44.630
216.620,6.908,0.020,0.440,44.698
216.640,2.883,-0.004,0.440,44.807
216.660,-1.225,-0.019,0.440,44.951
216.680,-5.291,-0.034,0.440,45.124
216.700,-9.311,-0.053,0.440,45.315
216.720,-13.125,-0.057,0.440,45.517
216.740,-16.793,-0.068,0.440,45.716
216.760,-20.197,-0.072,0.440,45.903
216.780,-23.314,-0.075,0.440,46.072
216.800,-26.068,-0.074,0.440,46.208
216.820,-28.441,-0.071,0.440,46.309
216.840,-30.357,-0.059,0.440,46.367
216.860,-31.846,-0.051,0.440,46.377
216.880,-32.836,-0.038,0.440,46.349
216.900,-33.340,-0.023,0.440,46.279
216.920,-33.369,0.002,0.440,46.177
216.940,-32.912,0.019,0.440,46.045
216.960,-31.951,0.038,0.440,45.899
216.980,-30.510,0.060,0.440,45.748
217.000,-28.629,0.088,0.440,45.600
217.020,-26.303,0.113,0.440,45.466
217.040,-23.590,0.138,0.440,45.355
217.060,-20.502,0.163,0.440,45.275
217.080,-17.115,0.191,0.440,45.231
217.100,-13.512,0.215,0.440,45.226
217.120,-9.633,0.240,0.440,45.262
217.140,-5.654,0.258,0.440,45.338
217.160,-1.559,0.283,0.440,45.449
217.180,2.520,0.300,0.440,45.590
217.200,6.598,0.319,0.440,45.757
217.220,10.535,0.333,0.440,45.938
217.240,14.373,0.340,0.440,46.123
217.260,17.977,0.349,0.440,46.299
217.280,21.287,0.353,0.440,46.459
217.300,24.363,0.355,0.440,46.595
217.320,27.000,0.355,0.440,46.693
217.340,29.250,0.345,0.440,46.753
217.360,31.078,0.342,0.440,46.764
217.380,32.473,0.328,0.440,46.732
217.400,33.357,0.314,0.440,46.652
217.420,33.750,0.296,0.440,46.533
217.440,33.674,0.275,0.440,46.380
217.460,33.094,0.257,0.440,46.203
217.480,32.027,0.231,0.440,46.011
217.500,30.498,0.211,0.440,45.815
217.520,28.523,0.176,0.440,45.624
217.540,26.104,0.162,0.440,45.449
217.560,23.314,0.129,0.440,45.300
217.580,20.180,0.108,0.440,45.182
217.600,16.775,0.074,0.440,45.101
217.620,13.084,0.058,0.440,45.061
217.640,9.223,0.025,0.440,45.061
217.660,5.232,0.014,0.440,45.103
217.680,1.143,-0.014,0.440,45.177
217.700,-2.936,-0.030,0.440,45.286
217.720,-6.996,-0.047,0.440,45.415
217.740,-10.951,-0.053,0.440,45.559
217.760,-14.719,-0.066,0.440,45.703
217.780,-18.275,-0.072,0.440,45.845
217.800,-21.574,-0.076,0.440,45.968
217.820,-24.516,-0.079,0.440,46.067
217.840,-27.105,-0.071,0.440,46.133
217.860,-29.303,-0.067,0.440,46.155
217.880,-31.078,-0.056,0.440,46.136
217.900,-32.355,-0.046,0.440,46.075
217.920,-33.129,-0.029,0.440,45.977
217.940,-33.439,-0.014,0.440,45.839
217.960,-33.264,0.009,0.440,45.674
217.980,-32.637,0.028,0.440,45.489
218.000,-31.465,0.055,0.440,45.294
218.020,-29.795,0.072,0.440,45.099
218.040,-27.715,0.103,0.440,44.916
218.060,-25.254,0.128,0.440,44.754
218.080,-22.359,0.153,0.440,44.621
218.100,-19.160,0.178,0.440,44.523
218.120,-15.656,0.206,0.440,44.466
218.140,-11.918,0.232,0.440,44.451
218.160,-7.998,0.250,0.440,44.483
218.180,-3.955,0.276,0.440,44.552
218.200,0.141,0.294,0.440,44.661
218.220,4.236,0.317,0.440,44.800
218.240,8.268,0.328,0.440,44.965
218.260,12.158,0.342,0.440,45.141
218.280,15.914,0.348,0.440,45.324
218.300,19.400,0.357,0.440,45.496
218.320,22.611,0.357,0.440,45.654
218.340,25.523,0.356,0.440,45.788
218.360,27.996,0.350,0.440,45.884
218.380,30.088,0.349,0.440,45.941
218.400,31.723,0.339,0.440,45.957
218.420,32.895,0.327,0.440,45.931
218.440,33.586,0.309,0.440,45.864
218.460,33.773,0.290,0.440,45.765
218.480,33.504,0.270,0.440,45.635
218.500,32.701,0.253,0.440,45.490
218.520,31.441,0.227,0.440,45.335
218.540,29.701,0.199,0.440,45.182
218.560,27.568,0.176,0.440,45.041
218.580,24.990,0.150,0.440,44.921
218.600,22.025,0.121,0.440,44.831
218.620,18.779,0.099,0.440,44.776
218.640,15.217,0.069,0.440,44.760
218.660,11.467,0.049,0.440,44.788
218.680,7.541,0.028,0.440,44.856
218.700,3.498,0.007,0.440,44.962
218.720,-0.574,-0.018,0.440,45.101
218.740,-4.664,-0.031,0.440,45.272
218.760,-8.672,-0.046,0.440,45.459
218.780,-12.539,-0.054,0.440,45.656
218.800,-16.225,-0.065,0.440,45.851
218.820,-19.705,-0.069,0.440,46.034
218.840,-22.863,-0.069,0.440,46.194
218.860,-25.658,-0.074,0.440,46.322
218.880,-28.072,-0.064,0.440,46.417
218.900,-30.082,-0.058,0.440,46.464
218.920,-31.676,-0.047,0.440,46.465
218.940,-32.730,-0.033,0.440,46.422
218.960,-33.281,-0.020,0.440,46.336
218.980,-33.416,-0.004,0.440,46.215
219.000,-33.000,0.016,0.440,46.068
219.020,-32.162,0.040,0.440,45.901
219.040,-30.803,0.062,0.440,45.724
219.060,-28.951,0.087,0.440,45.549
219.080,-26.713,0.111,0.440,45.387
219.100,-24.035,0.137,0.440,45.246
219.120,-21.018,0.163,0.440,45.134
219.140,-17.684,0.193,0.440,45.057
219.160,-14.092,0.211,0.440,45.020
219.180,-10.271,0.241,0.440,45.022
219.200,-6.275,0.257,0.438,45.064
219.220,-2.238,0.285,0.438,45.142
219.240,1.875,0.299,0.438,45.253
219.260,5.953,0.319,0.438,45.386
219.280,9.920,0.331,0.438,45.540
219.300,13.775,0.341,0.438,45.695
219.320,17.402,0.352,0.438,45.848
219.340,20.789,0.356,0.438,45.989
219.360,23.883,0.356,0.438,46.107
219.380,26.596,0.353,0.438,46.192
219.400,28.922,0.348,0.438,46.239
219.420,30.820,0.341,0.438,46.240
219.440,32.285,0.329,0.438,46.201
219.460,33.240,0.316,0.438,46.118
219.480,33.721,0.300,0.438,45.997
219.500,33.709,0.279,0.438,45.841
219.520,33.223,0.261,0.438,45.661
219.540,32.232,0.232,0.438,45.469
219.560,30.773,0.214,0.438,45.272
219.580,28.852,0.182,0.438,45.081
219.600,26.543,0.161,0.438,44.906
219.620,23.777,0.128,0.438,44.757
219.640,20.713,0.110,0.438,44.641
219.660,17.332,0.078,0.438,44.562
219.680,13.664,0.058,0.438,44.526
219.700,9.838,0.030,0.438,44.532
219.720,5.871,0.012,0.437,44.581
219.740,1.828,-0.012,0.437,44.667
219.760,-2.303,-0.027,0.437,44.789
219.780,-6.328,-0.042,0.437,44.936
219.800,-10.318,-0.056,0.437,45.102
219.820,-14.121,-0.064,0.437,45.274
219.840,-17.695,-0.073,0.437,45.443
219.860,-21.047,-0.072,0.437,45.600
219.880,-24.053,-0.080,0.438,45.731
219.900,-26.725,-0.071,0.438,45.839
219.920,-28.980,-0.071,0.438,45.902
219.940,-30.791,-0.058,0.438,45.932
219.960,-32.156,-0.049,0.438,45.915
219.980,-33.041,-0.029,0.438,45.859
220.000,-33.398,-0.018,0.438,45.763
220.020,-33.322,0.008,0.438,45.639
220.040,-32.713,0.020,0.438,45.493
220.060,-31.635,0.046,0.438,45.337
220.080,-30.053,0.070,0.438,45.181
220.100,-28.078,0.098,0.438,45.031
220.120,-25.635,0.121,0.438,44.901
220.140,-22.822,0.146,0.438,44.798
220.160,-19.658,0.174,0.438,44.730
220.180,-16.178,0.199,0.438,44.701
220.200,-12.521,0.224,0.438,44.714
220.220,-8.607,0.248,0.438,44.771
220.240,-4.582,0.267,0.438,44.867
220.260,-0.492,0.290,0.438,45.002
220.280,3.598,0.306,0.438,45.170
220.300,7.617,0.326,0.438,45.361
220.320,11.555,0.333,0.438,45.565
220.340,15.328,0.342,0.438,45.772
220.360,18.879,0.351,0.438,45.971
220.380,22.119,0.352,0.438,46.154
220.400,25.078,0.357,0.438,46.311
220.420,27.627,0.353,0.438,46.432
220.440,29.766,0.342,0.438,46.513
220.460,31.494,0.336,0.438,46.544
220.480,32.742,0.324,0.438,46.534
220.500,33.510,0.310,0.438,46.480
220.520,33.785,0.293,0.438,46.389
220.540,33.574,0.273,0.438,46.264
220.560,32.865,0.253,0.438,46.119
220.580,31.670,0.225,0.438,45.960
220.600,29.994,0.207,0.438,45.800
220.620,27.937,0.173,0.438,45.649
220.640,25.406,0.153,0.438,45.514
220.660,22.518,0.124,0.438,45.407
220.680,19.307,0.103,0.438,45.333
220.700,15.809,0.070,0.438,45.295
220.720,12.076,0.052,0.438,45.300
220.740,8.162,0.023,0.438,45.342
220.760,4.148,0.012,0.438,45.426
220.780,0.070,-0.014,0.438,45.538
220.800,-4.014,-0.027,0.438,45.684
220.820,-8.057,-0.046,0.438,45.844
220.840,-11.977,-0.051,0.438,46.017
220.860,-15.691,-0.063,0.438,46.183
220.880,-19.184,-0.071,0.438,46.343
220.900,-22.365,-0.071,0.438,46.481
220.920,-25.242,-0.073,0.438,46.584
220.940,-27.744,-0.066,0.438,46.651
220.960,-29.824,-0.062,0.438,46.677
220.980,-31.471,-0.050,0.438,46.659
221.000,-32.607,-0.035,0.438,46.595
221.020,-33.240,-0.024,0.438,46.486
221.040,-33.439,-0.004,0.438,46.343
221.060,-33.117,0.016,0.438,46.171
221.080,-32.373,0.036,0.438,45.981
221.100,-31.066,0.058,0.438,45.781
221.120,-29.291,0.089,0.438,45.583
221.140,-27.105,0.108,0.438,45.396
221.160,-24.510,0.137,0.438,45.231
221.180,-21.545,0.158,0.438,45.095
221.200,-18.246,0.191,0.438,44.994
221.220,-14.701,0.211,0.438,44.934
221.240,-10.893,0.239,0.438,44.915
221.260,-6.955,0.256,0.438,44.937
221.280,-2.877,0.286,0.437,44.996
221.300,1.207,0.302,0.437,45.097
221.320,5.297,0.319,0.437,45.222
221.340,9.311,0.335,0.437,45.368
221.360,13.172,0.344,0.437,45.523
221.380,16.846,0.356,0.437,45.679
221.400,20.268,0.356,0.437,45.826
221.420,23.408,0.360,0.441,45.948
221.440,26.197,0.356,0.441,46.048
221.460,28.594,0.353,0.441,46.106
221.480,30.562,0.342,0.441,46.127
221.500,32.074,0.338,0.441,46.102
221.520,33.129,0.318,0.441,46.039
221.540,33.691,0.307,0.441,45.936
221.560,33.750,0.282,0.441,45.805
221.580,33.334,0.265,0.441,45.647
221.600,32.420,0.242,0.441,45.474
221.620,31.025,0.219,0.441,45.297
221.640,29.180,0.190,0.441,45.126
221.660,26.936,0.168,0.441,44.970
221.680,24.246,0.137,0.441,44.840
221.700,21.211,0.115,0.441,44.742
221.720,17.895,0.085,0.441,44.682
221.740,14.262,0.064,0.441,44.665
221.760,10.471,0.039,0.441,44.691
221.780,6.498,0.018,0.441,44.758
221.800,2.443,-0.004,0.441,44.868
221.820,-1.629,-0.022,0.441,45.010
221.840,-5.719,-0.035,0.441,45.182
221.860,-9.703,-0.053,0.441,45.370
221.880,-13.523,-0.061,0.441,45.569
221.900,-17.145,-0.073,0.441,45.767
221.920,-20.543,-0.074,0.441,45.955
221.940,-23.607,-0.074,0.441,46.118
221.960,-26.303,-0.075,0.441,46.247
221.980,-28.646,-0.068,0.441,46.341
222.000,-30.521,-0.059,0.441,46.392
222.020,-31.980,-0.048,0.441,46.397
222.040,-32.930,-0.033,0.441,46.360
222.060,-33.340,-0.019,0.441,46.284
222.080,-33.340,0.002,0.441,46.176
222.100,-32.824,0.020,0.441,46.042
222.120,-31.852,0.042,0.441,45.893
222.140,-30.363,0.065,0.441,45.740
222.160,-28.389,0.092,0.441,45.592
222.180,-26.016,0.112,0.441,45.460
222.200,-23.279,0.143,0.441,45.352
222.220,-20.150,0.165,0.441,45.275
222.240,-16.764,0.195,0.441,45.236
222.260,-13.102,0.215,0.441,45.236
222.280,-9.229,0.246,0.441,45.277
222.300,-5.215,0.260,0.441,45.359
222.320,-1.143,0.289,0.441,45.475
222.340,2.953,0.298,0.441,45.624
222.360,7.008,0.321,0.441,45.791
222.380,10.934,0.330,0.441,45.976
222.400,14.760,0.346,0.441,46.160
222.420,18.322,0.352,0.441,46.342
222.440,21.639,0.352,0.441,46.501
222.460,24.650,0.352,0.441,46.637
222.480,27.246,0.352,0.441,46.731
222.500,29.467,0.343,0.441,46.789
222.520,31.242,0.338,0.441,46.796
222.540,32.578,0.326,0.441,46.761
222.560,33.428,0.311,0.441,46.679
222.580,33.785,0.295,0.441,46.560
222.600,33.639,0.274,0.441,46.406
222.620,33.018,0.256,0.441,46.232
222.640,31.893,0.228,0.441,46.043
222.660,30.316,0.208,0.441,45.849
222.680,28.295,0.175,0.441,45.663
222.700,25.852,0.157,0.441,45.494
222.720,22.998,0.127,0.441,45.350
222.740,19.846,0.104,0.441,45.240
222.760,16.389,0.072,0.441,45.166
222.780,12.668,0.053,0.441,45.133
222.800,8.818,0.025,0.441,45.141
222.820,4.799,0.007,0.441,45.189
222.840,0.727,-0.015,0.441,45.271
222.860,-3.369,-0.029,0.441,45.384
222.880,-7.406,-0.046,0.441,45.519
222.900,-11.344,-0.055,0.441,45.664
222.920,-15.111,-0.063,0.441,45.810
222.940,-18.621,-0.073,0.441,45.948
222.960,-21.902,-0.074,0.441,46.070
222.980,-24.809,-0.079,0.441,46.166
223.000,-27.369,-0.073,0.441,46.231
223.020,-29.514,-0.067,0.441,46.251
223.040,-31.225,-0.056,0.441,46.230
223.060,-32.449,-0.042,0.441,46.166
223.080,-33.211,-0.026,0.441,46.061
223.100,-33.439,-0.010,0.441,45.921
223.120,-33.229,0.011,0.441,45.754
223.140,-32.520,0.031,0.441,45.568
223.160,-31.318,0.057,0.441,45.371
223.180,-29.625,0.082,0.441,45.178
223.200,-27.498,0.103,0.441,44.995
223.220,-24.979,0.134,0.441,44.836
223.240,-22.055,0.155,0.441,44.705
223.260,-18.791,0.181,0.441,44.611
223.280,-15.275,0.205,0.441,44.558
223.300,-11.531,0.233,0.441,44.546
223.320,-7.594,0.258,0.441,44.581
223.340,-3.533,0.276,0.441,44.654
223.360,0.568,0.302,0.441,44.765
223.380,4.664,0.315,0.441,44.908
223.400,8.643,0.331,0.441,45.073
223.420,12.562,0.340,0.441,45.249
223.440,16.277,0.352,0.441,45.428
223.460,19.740,0.354,0.441,45.603
223.480,22.939,0.360,0.441,45.755
223.500,25.775,0.355,0.441,45.885
223.520,28.236,0.355,0.441,45.975
223.540,30.264,0.344,0.441,46.031
223.560,31.863,0.340,0.441,46.040
223.580,32.988,0.321,0.441,46.010
223.600,33.639,0.310,0.441,45.939
223.620,33.779,0.288,0.441,45.836
223.640,33.439,0.269,0.441,45.704
223.660,32.584,0.248,0.441,45.556
223.680,31.283,0.221,0.441,45.401
223.700,29.502,0.199,0.441,45.247
223.720,27.328,0.174,0.441,45.108
223.740,24.686,0.146,0.441,44.990
223.760,21.709,0.119,0.441,44.903
223.780,18.422,0.093,0.441,44.853
223.800,14.842,0.068,0.441,44.842
223.820,11.080,0.045,0.441,44.874
223.840,7.119,0.023,0.441,44.945
223.860,3.100,0.005,0.441,45.058
223.880,-0.979,-0.019,0.441,45.202
223.900,-5.074,-0.029,0.441,45.377
223.920,-9.070,-0.050,0.441,45.567
223.940,-12.955,-0.055,0.441,45.768
223.960,-16.594,-0.066,0.441,45.965
223.980,-20.027,-0.069,0.441,46.149
224.000,-23.150,-0.075,0.441,46.309
224.020,-25.904,-0.071,0.441,46.439
224.040,-28.318,-0.068,0.441,46.529
224.060,-30.275,-0.056,0.441,46.573
224.080,-31.787,-0.051,0.441,46.574
224.100,-32.807,-0.033,0.441,46.528
224.120,-33.305,-0.023,0.441,46.442
224.140,-33.416,0.000,0.441,46.321
224.160,-32.959,0.015,0.441,46.171
224.180,-32.051,0.042,0.441,46.006
224.200,-30.621,0.063,0.441,45.832
224.220,-28.734,0.089,0.441,45.661
224.240,-26.455,0.110,0.441,45.503
224.260,-23.766,0.140,0.441,45.368
224.280,-20.684,0.164,0.441,45.262
224.300,-17.320,0.193,0.441,45.192
224.320,-13.705,0.211,0.441,45.162
224.340,-9.867,0.244,0.441,45.170
224.360,-5.859,0.262,0.441,45.219
224.380,-1.811,0.282,0.441,45.304
224.400,2.297,0.301,0.441,45.419
224.420,6.363,0.319,0.441,45.556
224.440,10.330,0.332,0.441,45.712
224.460,14.162,0.340,0.441,45.872
224.480,17.771,0.352,0.441,46.028
224.500,21.111,0.356,0.441,46.168
224.520,24.187,0.355,0.441,46.283
224.540,26.871,0.354,0.441,46.365
224.560,29.150,0.348,0.441,46.407
224.580,30.990,0.340,0.441,46.404
224.600,32.396,0.329,0.441,46.357
224.620,33.322,0.312,0.441,46.267
224.640,33.750,0.298,0.441,46.138
224.660,33.691,0.277,0.441,45.978
224.680,33.152,0.259,0.441,45.793
224.700,32.109,0.232,0.441,45.597
224.720,30.592,0.210,0.441,45.396
224.740,28.641,0.181,0.441,45.202
224.760,26.262,0.160,0.441,45.025
224.780,23.479,0.127,0.441,44.874
224.800,20.379,0.105,0.441,44.756
224.820,16.957,0.074,0.441,44.676
224.840,13.289,0.056,0.441,44.638
224.860,9.439,0.026,0.441,44.643
224.880,5.455,0.011,0.439,44.688
224.900,1.389,-0.013,0.439,44.772
224.920,-2.719,-0.029,0.439,44.886
224.940,-6.750,-0.046,0.439,45.028
224.960,-10.705,-0.058,0.439,45.184
224.980,-14.496,-0.064,0.439,45.351
225.000,-18.082,-0.074,0.439,45.509
225.020,-21.375,-0.077,0.439,45.654
225.040,-24.352,-0.077,0.439,45.773
225.060,-26.947,-0.072,0.439,45.863
225.080,-29.186,-0.069,0.439,45.911
225.100,-30.961,-0.058,0.439,45.922
225.120,-32.262,-0.050,0.439,45.890
225.140,-33.082,-0.030,0.439,45.820
225.160,-33.387,-0.017,0.439,45.712
225.180,-33.258,0.010,0.439,45.576
225.200,-32.613,0.022,0.439,45.418
225.220,-31.506,0.051,0.439,45.252
225.240,-29.877,0.073,0.439,45.085
225.260,-27.814,0.100,0.439,44.928
225.280,-25.342,0.124,0.439,44.791
225.300,-22.494,0.147,0.439,44.683
225.320,-19.295,0.176,0.439,44.609
225.340,-15.826,0.201,0.439,44.577
225.360,-12.100,0.224,0.439,44.586
225.380,-8.186,0.248,0.439,44.639
225.400,-4.154,0.266,0.439,44.732
225.420,-0.064,0.291,0.439,44.862
225.440,4.020,0.307,0.439,45.023
225.460,8.062,0.323,0.439,45.208
225.480,11.965,0.335,0.439,45.404
225.500,15.715,0.346,0.439,45.603
225.520,19.230,0.350,0.439,45.798
225.540,22.441,0.359,0.439,45.971
225.560,25.371,0.353,0.439,46.125
225.580,27.861,0.357,0.439,46.238
225.600,29.977,0.344,0.439,46.315
225.620,31.646,0.338,0.439,46.342
225.640,32.830,0.326,0.439,46.326
225.660,33.557,0.309,0.439,46.267
225.680,33.779,0.292,0.439,46.171
225.700,33.521,0.269,0.439,46.045
225.720,32.760,0.252,0.439,45.897
225.740,31.518,0.224,0.439,45.739
225.760,29.824,0.198,0.439,45.580
225.780,27.691,0.173,0.439,45.431
225.800,25.137,0.149,0.439,45.301
225.820,22.213,0.124,0.439,45.199
225.840,18.967,0.099,0.439,45.130
225.860,15.439,0.070,0.439,45.099
225.880,11.672,0.050,0.439,45.110
225.900,7.770,0.023,0.439,45.161
225.920,3.750,0.008,0.439,45.249
225.940,-0.340,-0.017,0.439,45.371
225.960,-4.418,-0.025,0.439,45.520
225.980,-8.467,-0.046,0.439,45.684
226.000,-12.328,-0.052,0.439,45.859
226.020,-16.025,-0.067,0.439,46.030
226.040,-19.488,-0.071,0.439,46.191
226.060,-22.693,-0.071,0.439,46.332
226.080,-25.477,-0.071,0.439,46.435
226.100,-27.937,-0.068,0.439,46.504
226.120,-30.000,-0.059,0.439,46.528
226.140,-31.559,-0.051,0.439,46.509
226.160,-32.678,-0.037,0.439,46.443
226.180,-33.258,-0.019,0.439,46.337
226.200,-33.398,-0.003,0.439,46.192
226.220,-33.070,0.020,0.439,46.021
226.240,-32.203,0.036,0.439,45.830
226.260,-30.873,0.062,0.439,45.632
226.280,-29.080,0.087,0.439,45.437
226.300,-26.842,0.112,0.439,45.254
226.320,-24.223,0.141,0.439,45.093
226.340,-21.176,0.164,0.439,44.962
226.360,-17.865,0.194,0.439,44.866
226.380,-14.279,0.216,0.439,44.812
226.400,-10.482,0.240,0.439,44.798
226.420,-6.527,0.265,0.439,44.825
226.440,-2.426,0.286,0.439,44.890
226.460,1.641,0.304,0.439,44.991
226.480,5.730,0.319,0.439,45.117
226.500,9.703,0.333,0.439,45.264
226.520,13.570,0.346,0.439,45.416
226.540,17.227,0.353,0.439,45.571
226.560,20.607,0.357,0.439,45.712
226.580,23.730,0.356,0.439,45.835
226.600,26.461,0.356,0.439,45.925
226.620,28.811,0.352,0.439,45.980
226.640,30.727,0.344,0.439,45.993
226.660,32.203,0.331,0.439,45.967
226.680,33.205,0.319,0.439,45.897
226.700,33.709,0.298,0.439,45.793
226.720,33.727,0.282,0.439,45.653
226.740,33.275,0.258,0.439,45.494
226.760,32.297,0.239,0.439,45.317
226.780,30.855,0.212,0.439,45.139
226.800,28.986,0.186,0.439,44.968
226.820,26.678,0.164,0.439,44.813
226.840,23.959,0.134,0.439,44.685
226.860,20.883,0.112,0.439,44.590
226.880,17.531,0.079,0.439,44.534
226.900,13.887,0.060,0.439,44.520
226.920,10.066,0.033,0.439,44.551
226.940,6.088,0.016,0.439,44.625
226.960,2.045,-0.006,0.439,44.736
226.980,-2.045,-0.024,0.439,44.883
227.000,-6.123,-0.042,0.439,45.057
227.020,-10.090,-0.054,0.439,45.251
227.040,-13.910,-0.061,0.439,45.451
227.060,-17.508,-0.071,0.439,45.649
227.080,-20.854,-0.075,0.439,45.837
227.100,-23.900,-0.078,0.439,45.999
227.120,-26.549,-0.074,0.439,46.133
227.140,-28.852,-0.071,0.439,46.227
227.160,-30.691,-0.058,0.439,46.280
227.180,-32.051,-0.051,0.439,46.287
227.200,-32.977,-0.033,0.439,46.253
227.220,-33.340,-0.021,0.439,46.180
227.240,-33.299,0.004,0.439,46.077
227.260,-32.760,0.018,0.439,45.948
227.280,-31.699,0.045,0.439,45.807
227.300,-30.158,0.064,0.439,45.661
227.320,-28.154,0.091,0.439,45.523
227.340,-25.775,0.116,0.439,45.401
227.360,-22.969,0.143,0.439,45.305
227.380,-19.805,0.167,0.439,45.240
227.400,-16.395,0.195,0.439,45.214
227.420,-12.715,0.217,0.439,45.227
227.440,-8.824,0.245,0.439,45.282
227.460,-4.805,0.264,0.439,45.376
227.480,-0.721,0.286,0.439,45.505
227.500,3.375,0.303,0.439,45.664
227.520,7.424,0.320,0.439,45.845
227.540,11.350,0.335,0.439,46.040
227.560,15.135,0.344,0.439,46.235
227.580,18.668,0.350,0.439,46.423
227.600,21.949,0.354,0.439,46.591
227.620,24.932,0.350,0.439,46.829
227.640,27.498,0.354,0.439,46.829
227.660,29.678,0.344,0.439,46.892
227.680,31.395,0.336,0.439,46.903
227.700,32.678,0.324,0.439,46.871
227.720,33.480,0.307,0.439,46.792
227.740,33.768,0.290,0.439,46.675
227.760,33.598,0.270,0.439,46.522
227.780,32.895,0.250,0.439,46.349
227.800,31.752,0.224,0.439,46.162
227.820,30.117,0.204,0.439,45.972
227.840,28.055,0.172,0.439,45.790
227.860,25.564,0.153,0.439,45.625
227.880,22.682,0.122,0.439,45.382
227.900,19.518,0.103,0.439,45.382
227.920,16.014,0.067,0.439,45.313
227.940,12.299,0.049,0.439,45.285
227.960,8.414,0.021,0.439,45.297
227.980,4.389,0.008,0.438,45.346
228.000,0.322,-0.017,0.438,45.429
228.020,-3.773,-0.029,0.438,45.542
228.040,-7.811,-0.050,0.438,45.672
228.060,-11.730,-0.059,0.438,45.816
228.080,-15.451,-0.067,0.438,45.961
228.100,-18.967,-0.073,0.438,46.094
228.120,-22.184,-0.078,0.438,46.212
228.140,-25.072,-0.078,0.438,46.299
228.160,-27.580,-0.071,0.438,46.356
228.180,-29.695,-0.062,0.438,46.365
228.200,-31.365,-0.054,0.438,46.332
228.220,-32.555,-0.041,0.438,46.258
228.240,-33.229,-0.023,0.438,46.142
228.260,-33.410,-0.007,0.438,45.991
228.280,-33.152,0.014,0.438,45.812
228.300,-32.385,0.029,0.438,45.617
228.320,-31.143,0.058,0.438,45.415
228.340,-29.396,0.083,0.438,45.214
228.360,-27.223,0.106,0.438,45.026
228.380,-24.639,0.136,0.438,44.862
228.400,-21.697,0.159,0.438,44.729
228.420,-18.439,0.186,0.438,44.632
228.440,-14.889,0.211,0.438,44.578
228.460,-11.104,0.233,0.438,44.565
228.480,-7.137,0.258,0.437,44.597
228.500,-3.094,0.280,0.437,44.668
228.520,1.002,0.297,0.437,44.779
228.540,5.080,0.318,0.437,44.914
228.560,9.076,0.331,0.437,45.077
228.580,12.979,0.344,0.437,45.248
228.600,16.646,0.351,0.437,45.427
228.620,20.086,0.354,0.437,45.596
228.640,23.238,0.360,0.437,45.742
228.660,26.045,0.354,0.437,45.865
228.680,28.459,0.352,0.437,45.951
228.700,30.451,0.344,0.437,45.998
228.720,31.998,0.336,0.437,46.004
228.740,33.082,0.324,0.437,45.969
228.760,33.662,0.303,0.437,45.895
228.780,33.756,0.287,0.437,45.788
228.800,33.375,0.264,0.437,45.654
228.820,32.473,0.248,0.437,45.506
228.840,31.113,0.220,0.437,45.353
228.860,29.303,0.192,0.437,45.204
228.880,27.076,0.171,0.437,45.068
228.900,24.393,0.142,0.437,44.956
228.920,21.387,0.121,0.437,44.876
228.940,18.076,0.091,0.437,44.832
228.960,14.484,0.063,0.437,44.830
228.980,10.676,0.042,0.437,44.870
229.000,6.721,0.018,0.437,44.953
229.020,2.689,0.000,0.437,45.075
229.040,-1.400,-0.018,0.437,45.229
229.060,-5.473,-0.033,0.437,45.408
229.080,-9.480,-0.048,0.437,45.605
229.100,-13.324,-0.056,0.437,45.811
229.120,-16.945,-0.068,0.437,46.011
229.140,-20.338,-0.071,0.437,46.200
229.160,-23.443,-0.072,0.437,46.363
229.180,-26.156,-0.071,0.437,46.492
229.200,-28.512,-0.067,0.437,46.583
229.220,-30.434,-0.057,0.437,46.631
229.240,-31.869,-0.047,0.437,46.630
229.260,-32.877,-0.036,0.437,46.585
229.280,-33.322,-0.018,0.437,46.499
229.300,-33.346,-0.003,0.437,46.378
229.320,-32.865,0.020,0.437,46.231
229.340,-31.898,0.039,0.437,46.067
229.360,-30.434,0.065,0.437,45.897
229.380,-28.506,0.090,0.437,45.729
229.400,-26.174,0.115,0.437,45.577
229.420,-23.432,0.139,0.437,45.447
229.440,-20.320,0.165,0.437,45.283
229.460,-16.939,0.193,0.437,45.283
229.480,-13.318,0.215,0.437,45.257
229.500,-9.457,0.244,0.437,45.271
229.520,-5.437,0.261,0.437,45.325
229.540,-1.371,0.285,0.437,45.412
229.560,2.736,0.301,0.437,45.530
229.580,6.773,0.320,0.437,45.671
229.600,10.734,0.329,0.437,45.827
229.620,14.555,0.345,0.437,45.981
229.640,18.141,0.345,0.437,46.136
229.660,21.451,0.356,0.437,46.267
229.680,24.498,0.352,0.437,46.451
229.700,27.105,0.354,0.437,46.451
229.720,29.355,0.344,0.437,46.488
229.740,31.154,0.338,0.437,46.473
229.760,32.514,0.322,0.437,46.420
229.780,33.381,0.311,0.437,46.318
229.800,33.756,0.294,0.437,46.182
229.820,33.656,0.273,0.437,46.011
229.840,33.053,0.252,0.437,45.820
229.860,31.969,0.228,0.437,45.615
229.880,30.393,0.207,0.437,45.408
229.900,28.424,0.176,0.437,45.210
229.920,25.992,0.156,0.437,45.028
229.940,23.168,0.121,0.437,44.873
229.960,20.039,0.104,0.437,44.752
229.980,16.594,0.066,0.437,44.668
230.000,12.908,0.057,0.437,44.629
230.020,9.023,0.025,0.437,44.629
230.040,5.039,0.009,0.437,44.671
230.060,0.961,-0.015,0.437,44.749
230.080,-3.105,-0.029,0.437,44.861
230.100,-7.166,-0.046,0.437,44.995
230.120,-11.104,-0.058,0.437,45.147
230.140,-14.871,-0.067,0.437,45.304
230.160,-18.410,-0.074,0.437,45.455
230.180,-21.686,-0.075,0.437,45.591
230.200,-24.633,-0.079,0.439,45.698
230.220,-27.193,-0.072,0.439,45.782
230.240,-29.391,-0.070,0.439,45.821
230.260,-31.119,-0.056,0.439,45.823
230.280,-32.344,-0.049,0.439,45.781
230.300,-33.129,-0.027,0.439,45.701
230.320,-33.381,-0.017,0.439,45.583
230.340,-33.217,0.010,0.439,45.441
230.360,-32.525,0.028,0.439,45.277
230.380,-31.348,0.049,0.439,45.105
230.400,-29.672,0.076,0.439,44.937
230.420,-27.562,0.096,0.439,44.778
230.440,-25.084,0.128,0.439,44.642
230.460,-22.160,0.150,0.439,44.535
230.480,-18.932,0.176,0.439,44.464
230.500,-15.451,0.200,0.439,44.434
230.520,-11.695,0.225,0.439,44.446
230.540,-7.787,0.251,0.439,44.503
230.560,-3.750,0.276,0.439,44.599
230.580,0.363,0.290,0.439,44.737
230.600,4.436,0.311,0.439,44.899
230.620,8.461,0.324,0.439,45.090
230.640,12.340,0.336,0.439,45.291
230.660,16.084,0.347,0.439,45.495
230.680,19.553,0.351,0.439,45.691
230.700,22.758,0.357,0.439,45.870
230.720,25.652,0.355,0.439,46.024
230.740,28.096,0.352,0.439,46.138
230.760,30.176,0.344,0.439,46.210
230.780,31.775,0.335,0.439,46.239
230.800,32.936,0.322,0.439,46.224
230.820,33.609,0.307,0.439,46.165
230.840,33.768,0.289,0.439,46.072
230.860,33.469,0.269,0.439,45.949
230.880,32.648,0.247,0.439,45.809
230.900,31.354,0.223,0.439,45.657
230.920,29.613,0.195,0.439,45.506
230.940,27.463,0.174,0.439,45.365
230.960,24.850,0.149,0.439,45.245
230.980,21.891,0.119,0.439,45.154
231.000,18.621,0.097,0.439,45.096
231.020,15.059,0.066,0.439,45.077
231.040,11.291,0.047,0.439,45.099
231.060,7.371,0.023,0.439,45.161
231.080,3.305,0.005,0.439,45.260
231.100,-0.750,-0.020,0.439,45.390
231.120,-4.834,-0.031,0.439,45.550
231.140,-8.842,-0.051,0.439,45.724
231.160,-12.709,-0.056,0.439,45.912
231.180,-16.400,-0.067,0.439,46.090
231.200,-19.828,-0.070,0.439,46.256
231.220,-22.980,-0.072,0.439,46.399
231.240,-25.758,-0.074,0.439,46.506
231.260,-28.148,-0.067,0.439,46.578
231.280,-30.182,-0.059,0.439,46.604
231.300,-31.687,-0.051,0.439,46.584
231.320,-32.754,-0.036,0.439,46.522
231.340,-33.293,-0.017,0.439,46.414
231.360,-33.381,0.001,0.439,46.271
231.380,-32.988,0.018,0.439,46.099
231.400,-32.080,0.043,0.439,45.913
231.420,-30.727,0.060,0.439,45.717
231.440,-28.857,0.096,0.439,45.525
231.460,-26.566,0.109,0.439,45.346
231.480,-23.912,0.146,0.439,45.190
231.500,-20.842,0.162,0.439,45.064
231.520,-17.508,0.200,0.439,44.974
231.540,-13.904,0.214,0.439,44.926
231.560,-10.072,0.241,0.439,44.916
231.580,-6.094,0.261,0.439,44.949
231.600,-1.998,0.284,0.439,45.017
231.620,2.080,0.299,0.439,45.118
231.640,6.146,0.323,0.439,45.243
231.660,10.096,0.331,0.439,45.390
231.680,13.957,0.345,0.439,45.539
231.700,17.584,0.350,0.439,45.691
231.720,20.941,0.355,0.439,45.827
231.740,24.023,0.357,0.439,45.941
231.760,26.713,0.352,0.439,46.024
231.780,29.027,0.351,0.439,46.069
231.800,30.885,0.339,0.439,46.074
231.820,32.338,0.331,0.439,46.035
231.840,33.275,0.313,0.439,45.957
231.860,33.732,0.297,0.439,45.840
231.880,33.703,0.274,0.439,45.694
231.900,33.182,0.258,0.439,45.522
231.920,32.162,0.232,0.439,45.341
231.940,30.680,0.210,0.439,45.155
231.960,28.764,0.179,0.439,44.977
231.980,26.420,0.164,0.439,44.817
232.000,23.654,0.129,0.439,44.684
232.020,20.537,0.112,0.439,44.585
232.040,17.168,0.076,0.439,44.524
232.060,13.494,0.056,0.439,44.507
232.080,9.662,0.030,0.439,44.534
232.100,5.684,0.012,0.439,44.603
232.120,1.623,-0.007,0.439,44.711
232.140,-2.479,-0.029,0.439,44.851
232.160,-6.539,-0.043,0.439,45.021
232.180,-10.512,-0.056,0.439,45.205
232.200,-14.279,-0.065,0.439,45.401
232.220,-17.865,-0.074,0.439,45.587
232.240,-21.187,-0.075,0.439,45.767
232.260,-24.193,-0.080,0.440,45.918
232.280,-26.812,-0.073,0.440,46.043
232.300,-29.062,-0.070,0.440,46.124
232.320,-30.861,-0.056,0.440,46.166
232.340,-32.174,-0.050,0.440,46.160
232.360,-33.076,-0.033,0.440,46.117
232.380,-33.393,-0.020,0.440,46.036
232.400,-33.275,0.003,0.440,45.926
232.420,-32.678,0.021,0.440,45.646
232.440,-31.564,0.042,0.440,45.646
232.460,-29.988,0.069,0.440,45.500
232.480,-27.949,0.093,0.440,45.360
232.500,-25.523,0.117,0.440,45.240
232.520,-22.670,0.146,0.440,45.145
232.540,-19.494,0.168,0.440,45.084
232.560,-16.037,0.199,0.440,45.062
232.580,-12.334,0.219,0.440,45.080
232.600,-8.437,0.244,0.440,45.140
232.620,-4.406,0.269,0.440,45.238
232.640,-0.322,0.290,0.440,45.375
232.660,3.785,0.307,0.440,45.540
232.680,7.816,0.326,0.440,45.728
232.700,11.730,0.332,0.440,45.930
232.720,15.498,0.348,0.440,46.129
232.740,19.014,0.348,0.440,46.325
232.760,22.260,0.356,0.440,46.493
232.780,25.213,0.354,0.440,46.640
232.800,27.732,0.354,0.440,46.745
232.820,29.865,0.344,0.440,46.812
232.840,31.559,0.332,0.440,46.828
232.860,32.783,0.323,0.440,46.799
232.880,33.539,0.308,0.440,46.725
232.900,33.779,0.290,0.440,46.616
232.920,33.545,0.271,0.440,46.471
232.940,32.812,0.248,0.440,46.307
232.960,31.600,0.227,0.440,46.130
232.980,29.906,0.203,0.440,45.952
233.000,27.826,0.170,0.440,45.783
233.020,25.289,0.149,0.440,45.631
233.040,22.359,0.116,0.440,45.506
233.060,19.154,0.099,0.440,45.416
233.080,15.627,0.066,0.440,45.361
233.100,11.877,0.049,0.440,45.348
233.120,7.963,0.020,0.440,45.441
233.140,3.943,0.003,0.440,45.441
233.160,-0.141,-0.017,0.440,45.537
233.180,-4.225,-0.036,0.440,45.663
233.200,-8.244,-0.046,0.440,45.808
233.220,-12.164,-0.056,0.440,45.960
233.240,-15.850,-0.069,0.440,46.111
233.260,-19.348,-0.073,0.440,46.253
233.280,-22.541,-0.074,0.440,46.375
233.300,-25.395,-0.071,0.440,46.464
233.320,-27.867,-0.068,0.440,46.517
233.340,-29.930,-0.062,0.440,46.527
233.360,-31.553,-0.051,0.440,46.493
233.380,-32.666,-0.039,0.440,46.415
233.400,-33.305,-0.023,0.440,46.298
233.420,-33.445,-0.004,0.440,46.146
233.440,-33.146,0.016,0.440,45.966
233.460,-32.350,0.037,0.440,45.769
233.480,-31.014,0.058,0.440,45.564
233.500,-29.197,0.088,0.440,45.362
233.520,-26.988,0.108,0.440,45.174
233.540,-24.393,0.138,0.440,45.009
233.560,-21.410,0.163,0.440,44.874
233.580,-18.076,0.189,0.440,44.775
233.600,-14.525,0.213,0.440,44.719
233.620,-10.717,0.238,0.440,44.704
233.640,-6.762,0.264,0.437,44.732
233.660,-2.713,0.282,0.437,44.799
233.680,1.412,0.299,0.437,44.904
233.700,5.479,0.319,0.437,45.034
233.720,9.469,0.337,0.437,45.189
233.740,13.348,0.343,0.437,45.354
233.760,17.010,0.354,0.437,45.518
233.780,20.426,0.353,0.437,45.672
233.800,23.555,0.358,0.438,45.803
233.820,26.326,0.352,0.438,45.910
233.840,28.682,0.354,0.438,45.977
233.860,30.633,0.344,0.438,46.008
233.880,32.139,0.336,0.438,45.997
233.900,33.146,0.320,0.438,45.946
233.920,33.709,0.301,0.438,45.855
233.940,33.738,0.286,0.438,45.730
233.960,33.316,0.265,0.438,45.585
233.980,32.367,0.242,0.438,45.425
234.000,30.961,0.217,0.438,45.262
234.020,29.092,0.191,0.438,45.102
234.040,26.818,0.172,0.438,44.961
234.060,24.100,0.139,0.438,44.844
234.080,21.064,0.117,0.438,44.760
234.100,17.701,0.087,0.438,44.714
234.120,14.086,0.062,0.438,44.710
234.140,10.260,0.038,0.438,44.749
234.160,6.311,0.016,0.438,44.830
234.180,2.256,0.000,0.438,44.951
234.200,-1.857,-0.022,0.438,45.101
234.220,-5.895,-0.036,0.438,45.284
234.240,-9.896,-0.050,0.438,45.479
234.260,-13.705,-0.059,0.438,45.686
234.280,-17.326,-0.070,0.438,45.885
234.300,-20.689,-0.071,0.438,46.074
234.320,-23.748,-0.075,0.438,46.237
234.340,-26.432,-0.071,0.438,46.367
234.360,-28.734,-0.069,0.438,46.459
234.380,-30.627,-0.058,0.438,46.507
234.400,-32.033,-0.050,0.438,46.510
234.420,-32.959,-0.033,0.438,46.468
234.440,-33.357,-0.017,0.438,46.386
234.460,-33.340,0.001,0.438,46.269
234.480,-32.812,0.020,0.438,46.129
234.500,-31.793,0.042,0.438,45.972
234.520,-30.270,0.067,0.438,45.812
234.540,-28.307,0.094,0.438,45.655
234.560,-25.910,0.116,0.438,45.515
234.580,-23.162,0.143,0.438,45.398
234.600,-20.027,0.169,0.438,45.312
234.620,-16.594,0.195,0.438,45.263
234.640,-12.937,0.219,0.438,45.252
234.660,-9.035,0.241,0.438,45.282
234.680,-5.045,0.265,0.438,45.349
234.700,-0.949,0.286,0.438,45.451
234.720,3.129,0.304,0.438,45.584
234.740,7.184,0.321,0.438,45.737
234.760,11.127,0.331,0.438,45.904
234.780,14.918,0.344,0.438,46.072
234.800,18.492,0.348,0.438,46.234
234.820,21.762,0.355,0.438,46.374
234.840,24.785,0.356,0.438,46.492
234.860,27.340,0.350,0.438,46.571
234.880,29.561,0.344,0.438,46.608
234.900,31.312,0.336,0.438,46.597
234.920,32.619,0.322,0.438,46.544
234.940,33.439,0.311,0.438,46.445
234.960,33.768,0.290,0.438,46.312
234.980,33.621,0.271,0.438,46.144
235.000,32.965,0.249,0.438,45.955
235.020,31.828,0.228,0.438,45.754
235.040,30.205,0.201,0.438,45.551
235.060,28.189,0.175,0.438,45.356
235.080,25.711,0.152,0.438,45.179
235.100,22.875,0.121,0.438,45.028
235.120,19.676,0.102,0.438,44.912
235.140,16.219,0.069,0.438,44.833
235.160,12.504,0.049,0.438,44.796
235.180,8.631,0.024,0.438,44.800
235.200,4.617,0.002,0.438,44.846
235.220,0.527,-0.017,0.438,44.929
235.240,-3.545,-0.031,0.438,45.042
235.260,-7.611,-0.050,0.438,45.178
235.280,-11.525,-0.058,0.438,45.327
235.300,-15.264,-0.068,0.438,45.481
235.320,-18.785,-0.071,0.438,45.624
235.340,-22.025,-0.077,0.438,45.752
235.360,-24.932,-0.078,0.438,45.854
235.380,-27.469,-0.071,0.438,45.927
235.400,-29.607,-0.067,0.438,45.956
235.420,-31.277,-0.054,0.438,45.943
235.440,-32.473,-0.044,0.438,45.888
235.460,-33.211,-0.025,0.438,45.797
235.480,-33.439,-0.013,0.438,45.669
235.500,-33.187,0.008,0.438,45.517
235.520,-32.461,0.029,0.438,45.346
235.540,-31.219,0.053,0.438,45.169
235.560,-29.508,0.079,0.438,44.994
235.580,-27.375,0.102,0.438,44.829
235.600,-24.814,0.128,0.438,44.689
235.620,-21.896,0.157,0.438,44.578
235.640,-18.639,0.179,0.438,44.504
235.660,-15.105,0.207,0.438,44.472
235.680,-11.326,0.229,0.438,44.483
235.700,-7.395,0.255,0.438,44.538
235.720,-3.334,0.275,0.438,44.634
235.740,0.750,0.296,0.438,44.767
235.760,4.840,0.314,0.438,44.931
235.780,8.842,0.330,0.438,45.116
235.800,12.738,0.337,0.438,45.314
235.820,16.453,0.351,0.438,45.513
235.840,19.893,0.354,0.438,45.707
235.860,23.068,0.357,0.438,45.878
235.880,25.887,0.353,0.438,46.021
235.900,28.330,0.352,0.438,46.126
235.920,30.357,0.346,0.438,46.193
235.940,31.916,0.336,0.438,46.216
235.960,33.023,0.320,0.438,46.197
235.980,33.650,0.305,0.438,46.136
236.000,33.768,0.288,0.438,46.039
236.020,33.410,0.269,0.438,45.915
236.040,32.543,0.247,0.438,45.774
236.060,31.213,0.225,0.438,45.625
236.080,29.402,0.195,0.438,45.478
236.100,27.205,0.170,0.438,45.343
236.120,24.562,0.146,0.438,45.229
236.140,21.557,0.120,0.438,45.144
236.160,18.264,0.093,0.438,45.095
236.180,14.660,0.069,0.438,45.084
236.200,10.875,0.044,0.438,45.115
236.220,6.937,0.021,0.438,45.187
236.240,2.883,-0.000,0.438,45.296
236.260,-1.201,-0.017,0.438,45.436
236.280,-5.262,-0.033,0.438,45.602
236.300,-9.281,-0.048,0.438,45.787
236.320,-13.148,-0.054,0.438,45.975
236.340,-16.764,-0.068,0.438,46.159
236.360,-20.203,-0.071,0.438,46.328
236.380,-23.285,-0.075,0.438,46.473
236.400,-26.045,-0.069,0.438,46.584
236.420,-28.418,-0.064,0.438,46.655
236.440,-30.387,-0.057,0.438,46.680
236.460,-31.857,-0.048,0.438,46.660
236.480,-32.859,-0.034,0.438,46.596
236.500,-33.363,-0.018,0.438,46.488
236.520,-33.398,0.001,0.438,46.346
236.540,-32.936,0.024,0.438,46.177
236.560,-31.992,0.044,0.438,45.991
236.580,-30.557,0.066,0.438,45.797
236.600,-28.658,0.095,0.438,45.608
236.620,-26.355,0.112,0.438,45.433
236.640,-23.637,0.144,0.438,45.281
236.660,-20.537,0.169,0.438,45.158
236.680,-17.156,0.195,0.438,45.072
236.700,-13.523,0.221,0.438,45.026
236.720,-9.686,0.244,0.438,45.021
236.740,-5.684,0.264,0.438,45.055
236.760,-1.605,0.289,0.438,45.124
236.780,2.502,0.302,0.438,45.227
236.800,6.557,0.323,0.438,45.351
236.820,10.512,0.336,0.438,45.495
236.840,14.350,0.345,0.438,45.643
236.860,17.930,0.353,0.438,45.788
236.880,21.270,0.356,0.438,45.917
236.900,24.316,0.356,0.438,46.023
236.920,26.971,0.352,0.438,46.096
236.940,29.238,0.344,0.438,46.131
236.960,31.061,0.339,0.438,46.120
236.980,32.449,0.326,0.438,46.071
237.000,33.340,0.313,0.438,45.978
237.020,33.744,0.294,0.438,45.850
237.040,33.674,0.278,0.438,45.690
237.060,33.094,0.255,0.438,45.511
237.080,32.033,0.230,0.438,45.319
237.100,30.516,0.208,0.438,45.125
237.120,28.535,0.178,0.438,44.774
237.140,26.156,0.158,0.438,44.774
237.160,23.338,0.125,0.438,44.635
237.180,20.221,0.108,0.438,44.531
237.200,16.781,0.074,0.438,44.466
237.220,13.096,0.055,0.438,44.446
237.240,9.234,0.027,0.438,44.467
237.260,5.256,0.012,0.436,44.532
237.280,1.201,-0.016,0.436,44.634
237.300,-2.918,-0.028,0.436,44.773
237.320,-6.949,-0.048,0.436,44.936
237.340,-10.898,-0.056,0.436,45.117
237.360,-14.660,-0.068,0.436,45.303
237.380,-18.240,-0.073,0.436,45.486
237.400,-21.521,-0.075,0.436,45.656
237.420,-24.480,-0.079,0.437,45.801
237.440,-27.070,-0.073,0.437,45.915
237.460,-29.256,-0.072,0.437,45.988
237.480,-31.031,-0.056,0.437,46.025
237.500,-32.320,-0.048,0.437,46.013
237.520,-33.094,-0.029,0.437,45.965
237.540,-33.387,-0.017,0.437,45.878
237.560,-33.229,0.004,0.437,45.764
237.580,-32.590,0.025,0.437,45.629
237.600,-31.447,0.050,0.437,45.484
237.620,-29.783,0.069,0.437,45.338
237.640,-27.715,0.095,0.437,45.202
237.660,-25.225,0.122,0.437,45.087
237.680,-22.365,0.149,0.437,44.998
237.700,-19.154,0.175,0.437,44.944
237.720,-15.650,0.199,0.437,44.931
237.740,-11.936,0.227,0.437,44.957
237.760,-8.010,0.248,0.437,45.028
237.780,-3.979,0.272,0.437,45.138
237.800,0.105,0.293,0.437,45.284
237.820,4.207,0.311,0.437,45.459
237.840,8.203,0.324,0.437,45.658
237.860,12.146,0.336,0.437,45.866
237.880,15.867,0.351,0.437,46.074
237.900,19.383,0.352,0.437,46.276
237.920,22.582,0.356,0.437,46.455
237.940,25.488,0.354,0.437,46.607
237.960,27.990,0.351,0.437,46.717
237.980,30.053,0.345,0.437,46.786
238.000,31.711,0.332,0.437,46.807
238.020,32.889,0.320,0.437,46.783
238.040,33.580,0.306,0.437,46.713
238.060,33.791,0.290,0.437,46.608
238.080,33.492,0.267,0.437,46.473
238.100,32.707,0.245,0.437,46.316
238.120,31.447,0.222,0.437,46.148
238.140,29.707,0.199,0.437,45.978
238.160,27.580,0.170,0.437,45.819
238.180,25.002,0.147,0.437,45.679
238.200,22.055,0.118,0.437,45.566
238.220,18.797,0.095,0.437,45.486
238.240,15.258,0.063,0.437,45.444
238.260,11.508,0.046,0.437,45.443
238.280,7.564,0.019,0.437,45.481
238.300,3.551,0.004,0.437,45.557
238.320,-0.568,-0.019,0.437,45.663
238.340,-4.629,-0.033,0.437,45.798
238.360,-8.666,-0.050,0.437,45.951
238.380,-12.557,-0.055,0.437,46.110
238.400,-16.213,-0.070,0.437,46.266
238.420,-19.682,-0.071,0.437,46.413
238.440,-22.857,-0.074,0.437,46.534
238.460,-25.658,-0.076,0.437,46.622
238.480,-28.107,-0.068,0.437,46.676
238.500,-30.094,-0.061,0.437,46.686
238.520,-31.687,-0.048,0.437,46.651
238.540,-32.760,-0.037,0.437,46.568
238.560,-33.334,-0.019,0.437,46.447
238.580,-33.434,-0.003,0.437,46.291
238.600,-33.070,0.020,0.437,46.110
238.620,-32.215,0.040,0.437,45.911
238.640,-30.826,0.065,0.437,45.707
238.660,-29.010,0.089,0.437,45.505
238.680,-26.760,0.112,0.437,45.317
238.700,-24.088,0.138,0.437,45.153
238.720,-21.064,0.166,0.437,45.021
238.740,-17.707,0.194,0.437,44.925
238.760,-14.156,0.216,0.437,44.871
238.780,-10.318,0.243,0.437,44.858
238.800,-6.346,0.261,0.437,44.889
238.820,-2.262,0.285,0.437,44.958
238.840,1.840,0.300,0.437,45.062
238.860,5.900,0.323,0.437,45.190
238.880,9.885,0.333,0.437,45.343
238.900,13.717,0.345,0.437,45.500
238.920,17.379,0.352,0.437,45.661
238.940,20.760,0.353,0.437,45.808
238.960,23.865,0.360,0.439,45.934
238.980,26.590,0.356,0.439,46.031
239.000,28.904,0.350,0.439,46.091
239.020,30.814,0.345,0.439,46.110
239.040,32.262,0.330,0.439,46.091
239.060,33.240,0.319,0.439,46.028
239.080,33.744,0.301,0.439,45.930
239.100,33.715,0.282,0.439,45.799
239.120,33.229,0.261,0.439,45.645
239.140,32.238,0.239,0.439,45.479
239.160,30.773,0.219,0.439,45.310
239.180,28.869,0.185,0.439,45.148
239.200,26.543,0.168,0.439,45.003
239.220,23.807,0.134,0.439,44.885
239.240,20.725,0.113,0.439,44.800
239.260,17.350,0.083,0.439,44.753
239.280,13.693,0.058,0.439,44.749
239.300,9.850,0.036,0.439,44.789
239.320,5.889,0.016,0.439,44.870
239.340,1.834,-0.004,0.439,44.990
239.360,-2.244,-0.022,0.439,45.141
239.380,-6.311,-0.038,0.439,45.320
239.400,-10.295,-0.050,0.439,45.517
239.420,-14.092,-0.063,0.439,45.718
239.440,-17.684,-0.071,0.439,45.918
239.460,-21.023,-0.074,0.439,46.103
239.480,-24.053,-0.077,0.439,46.262
239.500,-26.701,-0.069,0.439,46.388
239.520,-28.975,-0.069,0.439,46.468
239.540,-30.779,-0.059,0.439,46.511
239.560,-32.139,-0.049,0.439,46.508
239.580,-33.018,-0.033,0.439,46.463
239.600,-33.398,-0.017,0.439,46.376
239.620,-33.328,0.003,0.439,46.261
239.640,-32.742,0.020,0.439,46.119
239.660,-31.652,0.045,0.439,45.964
239.680,-30.082,0.070,0.439,45.805
239.700,-28.084,0.096,0.439,45.652
239.720,-25.658,0.119,0.439,45.516
239.740,-22.852,0.143,0.439,45.405
239.760,-19.670,0.170,0.439,45.325
239.780,-16.225,0.200,0.439,45.283
239.800,-12.533,0.221,0.439,45.280
239.820,-8.643,0.246,0.439,45.319
239.840,-4.629,0.265,0.439,45.393
239.860,-0.539,0.289,0.439,45.505
239.880,3.557,0.302,0.439,45.644
239.900,7.611,0.326,0.439,45.804
239.920,11.520,0.332,0.439,45.979
239.940,15.311,0.344,0.439,46.152
239.960,18.838,0.349,0.439,46.317
239.980,22.096,0.353,0.439,46.460
240.000,25.066,0.356,0.439,46.577
240.020,27.604,0.352,0.439,46.657
240.040,29.760,0.342,0.439,46.699
240.060,31.471,0.336,0.439,46.687
240.080,32.742,0.319,0.439,46.634
240.100,33.504,0.309,0.439,46.533
240.120,33.779,0.288,0.439,46.400
240.140,33.574,0.272,0.439,46.234
240.160,32.877,0.247,0.439,46.047
240.180,31.682,0.226,0.439,45.846
240.200,30.041,0.199,0.439,45.646
240.220,27.961,0.170,0.439,45.455
240.240,25.436,0.151,0.439,45.282
240.260,22.547,0.117,0.439,45.136
240.280,19.342,0.095,0.439,45.025
240.300,15.844,0.066,0.439,44.952
240.320,12.111,0.045,0.439,44.921
240.340,8.215,0.022,0.439,44.930
240.360,4.184,0.004,0.439,44.980
240.380,0.117,-0.019,0.439,45.065
240.400,-3.984,-0.031,0.439,45.180
240.420,-8.004,-0.050,0.439,45.313
240.440,-11.918,-0.057,0.439,45.461
240.460,-15.645,-0.068,0.439,45.612
240.480,-19.143,-0.073,0.439,45.752
240.500,-22.359,-0.075,0.439,45.875
240.520,-25.207,-0.080,0.440,45.968
240.540,-27.703,-0.071,0.440,46.032
240.560,-29.783,-0.069,0.440,46.053
240.580,-31.441,-0.052,0.440,46.033
240.600,-32.596,-0.043,0.440,45.967
240.620,-33.234,-0.027,0.440,45.866
240.640,-33.416,-0.009,0.440,45.731
240.660,-33.141,0.009,0.440,45.570
240.680,-32.373,0.034,0.440,45.392
240.700,-31.078,0.058,0.440,45.024
240.720,-29.314,0.082,0.440,45.024
240.740,-27.117,0.102,0.440,44.856
240.760,-24.533,0.132,0.440,44.712
240.780,-21.568,0.153,0.440,44.598
240.800,-18.299,0.184,0.440,44.521
240.820,-14.725,0.206,0.440,44.487
240.840,-10.939,0.235,0.440,44.495
240.860,-6.973,0.256,0.440,44.549
240.880,-2.930,0.281,0.440,44.640
240.900,1.166,0.298,0.440,44.771
240.920,5.262,0.316,0.440,44.929
240.940,9.234,0.331,0.440,45.112
240.960,13.143,0.340,0.440,45.302
240.980,16.816,0.352,0.440,45.497
241.000,20.227,0.352,0.440,45.681
241.020,23.385,0.356,0.440,45.843
241.040,26.162,0.353,0.440,45.980
241.060,28.559,0.352,0.440,46.076
241.080,30.521,0.345,0.440,46.134
241.100,32.062,0.335,0.440,46.148
241.120,33.117,0.319,0.440,46.120
241.140,33.680,0.307,0.440,46.050
241.160,33.744,0.285,0.440,45.950
241.180,33.334,0.269,0.440,45.819
241.200,32.420,0.243,0.440,45.675
241.220,31.043,0.219,0.440,45.523
241.240,29.191,0.194,0.440,45.374
241.260,26.953,0.168,0.440,45.239
241.280,24.258,0.141,0.440,45.046
241.300,21.229,0.116,0.440,45.046
241.320,17.912,0.092,0.440,45.000
241.340,14.268,0.069,0.440,44.993
241.360,10.494,0.039,0.440,45.028
241.380,6.516,0.020,0.440,45.104
241.400,2.473,-0.001,0.440,45.216
241.420,-1.629,-0.021,0.440,45.358
241.440,-5.689,-0.036,0.440,45.531
241.460,-9.674,-0.051,0.440,45.715
241.480,-13.523,-0.056,0.440,45.908
241.500,-17.139,-0.067,0.440,46.090
241.520,-20.537,-0.072,0.440,46.258
241.540,-23.607,-0.071,0.440,46.404
241.560,-26.309,-0.076,0.440,46.513
241.580,-28.658,-0.058,0.440,46.586
241.600,-30.527,-0.062,0.440,46.607
241.620,-31.992,-0.041,0.440,46.587
241.640,-32.947,-0.034,0.440,46.518
241.660,-33.375,-0.014,0.440,46.411
241.680,-33.393,0.005,0.440,46.268
241.700,-32.865,0.018,0.440,46.098
241.720,-31.857,0.049,0.440,45.916
241.740,-30.381,0.066,0.440,45.726
241.760,-28.453,0.099,0.440,45.541
241.780,-26.098,0.111,0.440,45.371
241.800,-23.309,0.148,0.440,45.224
241.820,-20.209,0.165,0.440,45.108
241.840,-16.787,0.202,0.440,45.028
241.860,-13.166,0.216,0.440,44.989
241.880,-9.293,0.250,0.440,44.988
241.900,-5.273,0.261,0.440,45.030
241.920,-1.184,0.293,0.440,45.102
241.940,2.930,0.299,0.440,45.210
241.960,6.949,0.326,0.440,45.335
241.980,10.904,0.331,0.440,45.481
242.000,14.730,0.346,0.440,45.627
242.020,18.293,0.347,0.440,45.772
242.040,21.598,0.355,0.440,45.896
242.060,24.604,0.354,0.440,45.998
242.080,27.234,0.354,0.440,46.063
242.100,29.455,0.342,0.440,46.094
242.120,31.230,0.340,0.440,46.078
242.140,32.566,0.323,0.440,46.024
242.160,33.416,0.312,0.440,45.924
242.180,33.762,0.292,0.440,45.791
242.200,33.645,0.273,0.440,45.625
242.220,33.012,0.254,0.440,45.441
242.240,31.904,0.225,0.440,45.245
242.260,30.322,0.206,0.440,45.046
242.280,28.318,0.175,0.440,44.858
242.300,25.869,0.157,0.440,44.689
242.320,23.027,0.124,0.440,44.549
242.340,19.869,0.103,0.440,44.443
242.360,16.418,0.071,0.440,44.377
242.380,12.727,0.050,0.440,44.354
242.400,8.830,0.021,0.440,44.374
242.420,4.840,0.009,0.440,44.438
242.440,0.779,-0.017,0.440,44.537
242.460,-3.322,-0.032,0.440,44.669
242.480,-7.354,-0.046,0.440,44.830
242.500,-11.320,-0.059,0.440,45.002
242.520,-15.053,-0.067,0.440,45.182
242.540,-18.574,-0.078,0.440,45.355
242.560,-21.838,-0.075,0.440,45.517
242.580,-24.744,-0.080,0.440,45.651
242.600,-27.322,-0.074,0.440,45.758
242.620,-29.479,-0.069,0.440,45.820
242.640,-31.195,-0.058,0.440,45.845
242.660,-32.408,-0.047,0.440,45.823
242.680,-33.146,-0.029,0.440,45.767
242.700,-33.422,-0.015,0.440,45.672
242.720,-33.199,0.009,0.440,45.553
242.740,-32.502,0.023,0.440,45.410
242.760,-31.295,0.048,0.440,45.263
242.780,-29.590,0.075,0.440,45.115
242.800,-27.492,0.099,0.440,44.977
242.820,-24.943,0.126,0.440,44.862
242.840,-22.049,0.148,0.440,44.775
242.860,-18.797,0.178,0.440,44.723
242.880,-15.275,0.201,0.440,44.712
242.900,-11.543,0.228,0.440,44.743
242.920,-7.594,0.251,0.440,44.817
242.940,-3.580,0.272,0.440,44.930
242.960,0.527,0.297,0.440,45.080
242.980,4.617,0.308,0.440,45.259
243.000,8.631,0.327,0.440,45.459
243.020,12.516,0.336,0.440,45.669
243.040,16.242,0.349,0.440,45.879
243.060,19.723,0.352,0.440,46.082
243.080,22.904,0.356,0.440,46.261
243.100,25.770,0.357,0.440,46.416
243.120,28.207,0.349,0.440,46.530
243.140,30.246,0.343,0.440,46.601
243.160,31.840,0.332,0.440,46.623
243.180,32.959,0.320,0.440,46.601
243.200,33.621,0.306,0.440,46.537
243.220,33.768,0.286,0.440,46.437
243.240,33.428,0.265,0.440,46.306
243.260,32.596,0.245,0.440,46.153
243.280,31.289,0.221,0.440,45.991
243.300,29.520,0.195,0.440,45.829
243.320,27.340,0.166,0.440,45.679
243.340,24.703,0.145,0.440,45.548
243.360,21.744,0.116,0.440,45.445
243.380,18.445,0.091,0.440,45.376
243.400,14.871,0.064,0.440,45.345
243.420,11.092,0.044,0.440,45.355
243.440,7.160,0.018,0.440,45.403
243.460,3.117,0.003,0.440,45.490
243.480,-0.979,-0.021,0.440,45.606
243.500,-5.045,-0.036,0.440,45.750
243.520,-9.064,-0.050,0.440,45.910
243.540,-12.937,-0.058,0.440,46.077
243.560,-16.600,-0.068,0.440,46.386
243.580,-20.033,-0.072,0.440,46.386
243.600,-23.180,-0.072,0.440,46.510
243.620,-25.934,-0.072,0.440,46.650
243.640,-28.312,-0.065,0.440,46.650
243.660,-30.293,-0.060,0.440,46.657
243.680,-31.811,-0.046,0.440,46.621
243.700,-32.842,-0.033,0.440,46.537
243.720,-33.340,-0.019,0.440,46.416
243.740,-33.422,0.003,0.440,46.259
243.760,-32.988,0.017,0.440,46.076
243.780,-32.098,0.042,0.440,45.878
243.800,-30.680,0.067,0.440,45.672
243.820,-28.775,0.092,0.440,45.471
243.840,-26.484,0.114,0.440,45.285
243.860,-23.795,0.144,0.440,45.122
243.880,-20.748,0.166,0.440,44.991
243.900,-17.361,0.197,0.440,44.897
243.920,-13.770,0.214,0.440,44.844
243.940,-9.902,0.244,0.440,44.832
243.960,-5.918,0.260,0.437,44.863
243.980,-1.846,0.289,0.437,44.929
244.000,2.256,0.302,0.437,45.034
244.020,6.328,0.319,0.437,45.161
244.040,10.277,0.336,0.437,45.308
244.060,14.127,0.344,0.437,45.461
244.080,17.742,0.354,0.437,45.613
244.100,21.088,0.358,0.438,45.755
244.120,24.158,0.356,0.438,45.873
244.140,26.824,0.356,0.438,45.963
244.160,29.121,0.350,0.438,46.009
244.180,30.961,0.342,0.438,46.023
244.200,32.396,0.333,0.438,45.987
244.220,33.311,0.313,0.438,45.918
244.240,33.750,0.299,0.438,45.806
244.260,33.686,0.278,0.438,45.666
244.280,33.152,0.261,0.438,45.508
244.300,32.104,0.234,0.438,45.335
244.320,30.592,0.211,0.438,45.161
244.340,28.658,0.182,0.438,44.994
244.360,26.285,0.166,0.438,44.848
244.380,23.502,0.130,0.438,44.728
244.400,20.385,0.108,0.438,44.641
244.420,16.986,0.079,0.438,44.596
244.440,13.301,0.059,0.438,44.591
244.460,9.463,0.032,0.438,44.632
244.480,5.484,0.014,0.438,44.712
244.500,1.406,-0.009,0.438,44.835
244.520,-2.672,-0.027,0.438,44.986
244.540,-6.732,-0.041,0.438,45.168
244.560,-10.687,-0.056,0.438,45.362
244.580,-14.479,-0.062,0.438,45.566
244.600,-18.018,-0.075,0.438,45.758
244.620,-21.352,-0.075,0.438,45.943
244.640,-24.322,-0.080,0.438,46.099
244.660,-26.947,-0.075,0.438,46.227
244.680,-29.180,-0.068,0.438,46.310
244.700,-30.967,-0.058,0.438,46.354
244.720,-32.268,-0.049,0.438,46.349
244.740,-33.082,-0.029,0.438,46.305
244.760,-33.398,-0.020,0.438,46.219
244.780,-33.275,0.007,0.438,46.106
244.800,-32.625,0.022,0.438,45.969
244.820,-31.518,0.050,0.438,45.818
244.840,-29.918,0.068,0.438,45.665
244.860,-27.850,0.099,0.438,45.521
244.880,-25.383,0.120,0.438,45.394
244.900,-22.523,0.149,0.438,45.294
244.920,-19.348,0.172,0.438,45.225
244.940,-15.867,0.200,0.438,45.195
244.960,-12.141,0.221,0.438,45.205
244.980,-8.262,0.246,0.438,45.256
245.000,-4.184,0.265,0.438,45.343
245.020,-0.111,0.292,0.438,45.465
245.040,3.990,0.307,0.438,45.618
245.060,8.004,0.324,0.438,45.788
245.080,11.918,0.335,0.438,45.972
245.100,15.680,0.344,0.438,46.154
245.120,19.172,0.352,0.438,46.480
245.140,22.424,0.354,0.438,46.480
245.160,25.330,0.354,0.438,46.605
245.180,27.850,0.352,0.438,46.690
245.200,29.971,0.342,0.438,46.734
245.220,31.611,0.334,0.438,46.728
245.240,32.830,0.319,0.438,46.679
245.260,33.557,0.304,0.438,46.583
245.280,33.779,0.286,0.438,46.451
245.300,33.521,0.266,0.438,46.287
245.320,32.748,0.245,0.438,46.105
245.340,31.535,0.219,0.438,45.912
245.360,29.824,0.198,0.438,45.716
245.380,27.715,0.168,0.438,45.531
245.400,25.154,0.145,0.438,45.366
245.420,22.230,0.119,0.438,45.227
245.440,18.990,0.093,0.438,45.124
245.460,15.457,0.066,0.438,45.058
245.480,11.713,0.043,0.438,45.034
245.500,7.793,0.018,0.438,45.050
245.520,3.756,0.000,0.438,45.106
245.540,-0.299,-0.020,0.438,45.197
245.560,-4.406,-0.036,0.438,45.313
245.580,-8.414,-0.051,0.438,45.451
245.600,-12.322,-0.059,0.438,45.599
245.620,-16.020,-0.064,0.438,45.748
245.640,-19.488,-0.076,0.438,45.881
245.660,-22.676,-0.075,0.438,46.002
245.680,-25.482,-0.079,0.438,46.092
245.700,-27.955,-0.069,0.438,46.147
245.720,-30.000,-0.067,0.438,46.158
245.740,-31.594,-0.051,0.438,46.130
245.760,-32.684,-0.040,0.438,46.056
245.780,-33.281,-0.026,0.438,45.946
245.800,-33.445,-0.007,0.438,45.802
245.820,-33.094,0.010,0.438,45.632
245.840,-32.256,0.036,0.438,45.448
245.860,-30.920,0.058,0.438,45.257
245.880,-29.104,0.087,0.438,44.897
245.900,-26.895,0.103,0.438,44.897
245.920,-24.264,0.138,0.438,44.750
245.940,-21.246,0.157,0.438,44.633
245.960,-17.918,0.190,0.438,44.554
245.980,-14.344,0.207,0.438,44.518
246.000,-10.547,0.238,0.438,44.523
246.020,-6.568,0.257,0.438,44.574
246.040,-2.520,0.281,0.438,44.662
246.060,1.600,0.301,0.438,44.789
246.080,5.666,0.319,0.438,44.945
246.100,9.650,0.336,0.438,45.122
246.120,13.518,0.343,0.438,45.310
246.140,17.168,0.353,0.438,45.497
246.160,20.566,0.355,0.438,45.675
246.180,23.695,0.356,0.438,45.829
246.200,26.432,0.358,0.438,46.044
246.220,28.781,0.351,0.438,46.044
246.240,30.709,0.344,0.438,46.094
246.260,32.186,0.331,0.438,46.099
246.280,33.199,0.318,0.438,46.061
246.300,33.709,0.309,0.438,45.986
246.320,33.727,0.281,0.438,45.881
246.340,33.270,0.266,0.438,45.749
246.360,32.303,0.239,0.438,45.603
246.380,30.861,0.217,0.438,45.450
246.400,28.986,0.190,0.438,45.171
246.420,26.695,0.170,0.438,45.171
246.440,23.959,0.141,0.438,45.063
246.460,20.906,0.117,0.438,44.987
246.480,17.543,0.083,0.438,44.947
246.500,13.910,0.066,0.438,44.948
246.520,10.090,0.038,0.438,44.990
246.540,6.100,0.020,0.438,45.072
246.560,2.051,-0.003,0.438,45.192
246.580,-2.039,-0.025,0.438,45.342
246.600,-6.094,-0.039,0.438,45.519
246.620,-10.078,-0.053,0.438,45.711
246.640,-13.922,-0.055,0.438,45.908
246.660,-17.490,-0.070,0.438,46.096
246.680,-20.865,-0.071,0.438,46.272
246.700,-23.895,-0.075,0.438,46.418
246.720,-26.561,-0.069,0.438,46.532
246.740,-28.863,-0.064,0.438,46.602
246.760,-30.738,-0.057,0.438,46.627
246.780,-32.098,-0.051,0.438,46.609
246.800,-33.018,-0.027,0.438,46.546
246.820,-33.387,-0.017,0.438,46.438
246.840,-33.334,0.008,0.438,46.134
246.860,-32.783,0.022,0.438,46.134
246.880,-31.752,0.046,0.438,45.954
246.900,-30.211,0.070,0.438,45.770
246.920,-28.207,0.096,0.438,45.590
246.940,-25.805,0.120,0.438,45.427
246.960,-23.004,0.149,0.438,45.288
246.980,-19.875,0.172,0.438,45.179
247.000,-16.424,0.199,0.438,45.107
247.020,-12.773,0.222,0.438,45.075
247.040,-8.859,0.248,0.438,45.082
247.060,-4.846,0.267,0.438,45.128
247.080,-0.756,0.289,0.438,45.209
247.100,3.328,0.311,0.438,45.320
247.120,7.371,0.321,0.438,45.454
247.140,11.332,0.336,0.438,45.599
247.160,15.094,0.344,0.438,45.746
247.180,18.650,0.352,0.438,45.889
247.200,21.914,0.355,0.438,46.012
247.220,24.902,0.355,0.438,46.112
247.240,27.480,0.352,0.438,46.177
247.260,29.654,0.340,0.438,46.200
247.280,31.389,0.336,0.438,46.176
247.300,32.672,0.323,0.438,46.113
247.320,33.475,0.304,0.438,46.005
247.340,33.773,0.292,0.438,45.863
247.360,33.604,0.269,0.438,45.691
247.380,32.900,0.251,0.438,45.500
247.400,31.764,0.226,0.438,45.298
247.420,30.117,0.204,0.438,45.097
247.440,28.090,0.173,0.438,44.906
247.460,25.582,0.156,0.438,44.735
247.480,22.717,0.115,0.438,44.593
247.500,19.529,0.103,0.438,44.487
247.520,16.043,0.065,0.438,44.419
247.540,12.316,0.055,0.438,44.396
247.560,8.432,0.024,0.438,44.412
247.580,4.424,0.007,0.438,44.471
247.600,0.346,-0.014,0.438,44.697
247.620,-3.738,-0.038,0.438,44.697
247.640,-7.775,-0.043,0.438,44.854
247.660,-11.689,-0.067,0.438,45.018
247.680,-15.410,-0.061,0.438,45.195
247.700,-18.926,-0.083,0.442,45.357
247.720,-22.154,-0.072,0.442,45.514
247.740,-25.061,-0.082,0.442,45.733
247.760,-27.551,-0.067,0.442,45.733
247.780,-29.678,-0.074,0.442,45.781
247.800,-31.336,-0.052,0.442,45.798
247.820,-32.531,-0.046,0.442,45.764
247.840,-33.205,-0.026,0.442,45.696
247.860,-33.404,-0.013,0.442,45.592
247.880,-33.141,0.009,0.442,45.463
247.900,-32.373,0.031,0.442,45.316
247.920,-31.160,0.049,0.442,45.159
247.940,-29.420,0.083,0.442,45.008
247.960,-27.246,0.094,0.442,44.866
247.980,-24.680,0.133,0.442,44.749
248.000,-21.721,0.142,0.442,44.661
248.020,-18.463,0.189,0.442,44.608
248.040,-14.912,0.196,0.442,44.598
248.060,-11.150,0.238,0.442,44.627
248.080,-7.213,0.250,0.442,44.704
248.100,-3.141,0.278,0.442,44.816
248.120,0.961,0.293,0.442,44.966
248.140,5.033,0.316,0.442,45.143
248.160,9.029,0.325,0.442,45.345
248.180,12.920,0.343,0.442,45.551
248.200,16.623,0.347,0.442,45.759
248.220,20.051,0.355,0.442,45.957
248.240,23.215,0.356,0.442,46.134
248.260,26.033,0.355,0.442,46.282
248.280,28.436,0.352,0.442,46.389
248.300,30.439,0.340,0.442,46.457
248.320,31.992,0.334,0.442,46.473
248.340,33.070,0.318,0.442,46.448
248.360,33.662,0.307,0.442,46.380
248.380,33.768,0.282,0.442,46.278
248.400,33.381,0.267,0.442,46.146
248.420,32.490,0.242,0.442,45.995
248.440,31.131,0.220,0.442,45.835
248.460,29.320,0.189,0.442,45.676
248.480,27.088,0.170,0.442,45.530
248.500,24.416,0.136,0.442,45.404
248.520,21.398,0.121,0.442,45.307
248.540,18.100,0.086,0.442,45.244
248.560,14.502,0.066,0.442,45.220
248.580,10.682,0.038,0.442,45.236
248.600,6.756,0.018,0.442,45.292
248.620,2.678,0.000,0.442,45.384
248.640,-1.395,-0.025,0.442,45.507
248.660,-5.467,-0.029,0.442,45.659
248.680,-9.492,-0.051,0.442,45.822
248.700,-13.330,-0.055,0.442,45.993
248.720,-16.969,-0.071,0.442,46.156
248.740,-20.350,-0.067,0.442,46.308
248.760,-23.467,-0.074,0.442,46.522
248.780,-26.180,-0.068,0.442,46.522
248.800,-28.535,-0.067,0.442,46.570
248.820,-30.475,-0.056,0.442,46.579
248.840,-31.916,-0.048,0.442,46.538
248.860,-32.912,-0.031,0.442,46.455
248.880,-33.363,-0.017,0.442,46.334
248.900,-33.410,0.002,0.442,46.176
248.920,-32.924,0.026,0.442,45.995
248.940,-31.957,0.039,0.442,45.794
248.960,-30.475,0.070,0.442,45.593
248.980,-28.559,0.090,0.442,45.213
249.000,-26.238,0.118,0.442,45.213
249.020,-23.508,0.143,0.442,45.055
249.040,-20.391,0.169,0.442,44.928
249.060,-17.004,0.196,0.442,44.839
249.080,-13.354,0.219,0.442,44.789
249.100,-9.516,0.244,0.442,44.782
249.120,-5.502,0.269,0.442,44.815
249.140,-1.412,0.286,0.442,44.887
249.160,2.678,0.304,0.442,44.992
249.180,6.738,0.324,0.442,45.121
249.200,10.682,0.334,0.442,45.270
249.220,14.514,0.348,0.442,45.419
249.240,18.082,0.349,0.442,45.571
249.260,21.422,0.360,0.443,45.703
249.280,24.457,0.353,0.443,45.819
249.300,27.082,0.358,0.443,45.896
249.320,29.344,0.348,0.443,45.941
249.340,31.137,0.341,0.443,45.907
249.360,32.502,0.328,0.443,45.907
249.380,33.375,0.318,0.443,45.824
249.400,33.762,0.297,0.443,45.711
249.420,33.656,0.277,0.443,45.564
249.440,33.064,0.255,0.443,45.398
249.460,31.969,0.233,0.443,45.220
249.480,30.416,0.210,0.443,45.042
249.500,28.430,0.180,0.443,44.873
249.520,26.016,0.161,0.443,44.723
249.540,23.203,0.128,0.443,44.601
249.560,20.045,0.111,0.443,44.514
249.580,16.617,0.071,0.443,44.465
249.600,12.932,0.058,0.443,44.462
249.620,9.070,0.025,0.443,44.500
249.640,5.051,0.013,0.443,44.583
249.660,0.990,-0.017,0.443,44.700
249.680,-3.088,-0.027,0.443,44.858
249.700,-7.148,-0.045,0.443,45.033
249.720,-11.092,-0.057,0.443,45.226
249.740,-14.854,-0.069,0.443,45.424
249.760,-18.404,-0.069,0.443,45.619
249.780,-21.691,-0.079,0.443,45.794
249.800,-24.615,-0.077,0.443,45.948
249.820,-27.176,-0.079,0.443,46.067
249.840,-29.367,-0.063,0.443,46.146
249.860,-31.119,-0.060,0.443,46.179
249.880,-32.355,-0.047,0.443,46.172
249.900,-33.129,-0.030,0.443,46.120
249.920,-33.410,-0.017,0.443,46.034
249.940,-33.240,0.008,0.443,45.918
249.960,-32.561,0.023,0.443,45.780
249.980,-31.377,0.049,0.443,45.632
250.000,-29.725,0.071,0.443,45.482
250.020,-27.580,0.099,0.443,45.342
250.040,-25.107,0.126,0.443,45.220
250.060,-22.201,0.148,0.443,45.126
250.080,-19.002,0.174,0.443,45.064
250.100,-15.486,0.203,0.443,45.042
250.120,-11.742,0.224,0.443,45.059
250.140,-7.822,0.250,0.443,45.118
250.160,-3.768,0.271,0.443,45.214
250.180,0.305,0.291,0.443,45.344
250.200,4.406,0.308,0.443,45.506
250.220,8.420,0.327,0.443,45.682
250.240,12.316,0.335,0.443,45.878
250.260,16.061,0.348,0.443,46.061
250.280,19.523,0.351,0.443,46.248
250.300,22.740,0.356,0.443,46.400
250.320,25.611,0.353,0.443,46.531
250.340,28.090,0.353,0.443,46.614
250.360,30.164,0.338,0.443,46.667
250.380,31.770,0.336,0.443,46.659
250.400,32.936,0.319,0.443,46.615
250.420,33.598,0.305,0.443,46.522
250.440,33.762,0.285,0.443,46.396
250.460,33.475,0.265,0.443,46.238
250.480,32.660,0.242,0.443,46.060
250.500,31.389,0.219,0.443,45.873
250.520,29.613,0.195,0.443,45.683
250.540,27.475,0.166,0.443,45.508
250.560,24.879,0.141,0.443,45.350
250.580,21.908,0.119,0.443,45.221
250.600,18.650,0.092,0.443,45.127
250.620,15.076,0.062,0.443,45.068
250.640,11.309,0.045,0.443,45.056
250.660,7.377,0.016,0.443,45.078
250.680,3.346,0.002,0.443,45.143
250.700,-0.732,-0.021,0.443,45.236
250.720,-4.828,-0.033,0.443,45.362
250.740,-8.854,-0.052,0.443,45.500
250.760,-12.715,-0.060,0.443,45.653
250.780,-16.377,-0.068,0.443,45.800
250.800,-19.828,-0.073,0.443,45.938
250.820,-22.980,-0.076,0.443,46.053
250.840,-25.770,-0.072,0.443,46.138
250.860,-28.184,-0.070,0.443,46.187
250.880,-30.182,-0.060,0.443,46.192
250.900,-31.711,-0.053,0.443,46.155
250.920,-32.801,-0.038,0.443,46.075
250.940,-33.334,-0.018,0.443,45.959
250.960,-33.422,-0.007,0.443,45.805
250.980,-33.023,0.018,0.443,45.632
251.000,-32.139,0.034,0.443,45.440
251.020,-30.768,0.066,0.443,45.245
251.040,-28.904,0.087,0.443,45.052
251.060,-26.637,0.110,0.443,44.876
251.080,-23.959,0.139,0.443,44.724
251.100,-20.918,0.161,0.443,44.605
251.120,-17.572,0.191,0.443,44.524
251.140,-13.992,0.213,0.443,44.484
251.160,-10.143,0.242,0.443,44.488
251.180,-6.158,0.261,0.443,44.535
251.200,-2.074,0.285,0.443,44.619
251.220,2.016,0.300,0.443,44.744
251.240,6.088,0.323,0.443,44.887
251.260,10.055,0.333,0.443,45.059
251.280,13.898,0.350,0.443,45.233
251.300,17.531,0.350,0.443,45.417
251.320,20.918,0.360,0.444,45.578
251.340,23.994,0.356,0.444,45.725
251.360,26.695,0.356,0.444,45.836
251.380,28.998,0.348,0.444,45.915
251.400,30.879,0.344,0.444,45.950
251.420,32.320,0.333,0.444,45.946
251.440,33.270,0.317,0.444,45.899
251.460,33.727,0.300,0.444,45.815
251.480,33.709,0.282,0.444,45.700
251.500,33.193,0.262,0.444,45.559
251.520,32.180,0.240,0.444,45.410
251.540,30.691,0.213,0.444,45.254
251.560,28.775,0.190,0.444,45.106
251.580,26.437,0.165,0.444,44.974
251.600,23.666,0.134,0.444,44.867
251.620,20.578,0.113,0.444,44.793
251.640,17.174,0.079,0.444,44.757
251.660,13.518,0.062,0.444,44.763
251.680,9.656,0.033,0.444,44.809
251.700,5.701,0.016,0.444,44.899
251.720,1.646,-0.006,0.444,45.024
251.740,-2.461,-0.025,0.444,45.180
251.760,-6.516,-0.039,0.444,45.364
251.780,-10.482,-0.052,0.444,45.559
251.800,-14.262,-0.062,0.444,45.762
251.820,-17.859,-0.069,0.444,45.955
251.840,-21.182,-0.072,0.444,46.136
251.860,-24.187,-0.073,0.444,46.285
251.880,-26.836,-0.069,0.444,46.405
251.900,-29.074,-0.064,0.444,46.479
251.920,-30.885,-0.057,0.444,46.510
251.940,-32.197,-0.049,0.444,46.496
251.960,-33.059,-0.025,0.444,46.443
251.980,-33.404,-0.013,0.444,46.343
252.000,-33.305,0.008,0.444,46.211
252.020,-32.719,0.028,0.444,46.056
252.040,-31.594,0.047,0.444,45.887
252.060,-30.000,0.071,0.444,45.716
252.080,-27.990,0.095,0.444,45.550
252.100,-25.541,0.121,0.444,45.401
252.120,-22.717,0.152,0.444,45.277
252.140,-19.506,0.173,0.444,45.185
252.160,-16.049,0.204,0.444,45.130
252.180,-12.357,0.221,0.444,45.114
252.200,-8.455,0.251,0.444,45.139
252.220,-4.436,0.269,0.444,45.201
252.240,-0.328,0.289,0.444,45.300
252.260,3.738,0.307,0.444,45.424
252.280,7.793,0.323,0.444,45.571
252.300,11.713,0.334,0.444,45.729
252.320,15.469,0.344,0.444,45.890
252.340,19.008,0.347,0.444,46.037
252.360,22.236,0.356,0.444,46.168
252.380,25.207,0.351,0.444,46.274
252.400,27.703,0.354,0.444,46.343
252.420,29.842,0.340,0.444,46.370
252.440,31.541,0.335,0.444,46.351
252.460,32.777,0.320,0.444,46.290
252.480,33.527,0.303,0.444,46.184
252.500,33.773,0.289,0.444,46.043
252.520,33.557,0.266,0.444,45.873
252.540,32.818,0.248,0.444,45.683
252.560,31.611,0.223,0.444,45.484
252.580,29.924,0.197,0.444,45.285
252.600,27.855,0.170,0.444,45.096
252.620,25.307,0.145,0.444,44.927
252.640,22.406,0.116,0.444,44.787
252.660,19.172,0.097,0.444,44.683
252.680,15.680,0.065,0.444,44.618
252.700,11.936,0.048,0.442,44.596
252.720,8.045,0.018,0.442,44.615
252.740,4.002,0.006,0.440,44.678
252.760,-0.088,-0.018,0.440,44.772
252.780,-4.148,-0.033,0.440,44.899
252.800,-8.197,-0.050,0.440,45.050
252.820,-12.076,-0.062,0.440,45.212
252.840,-15.809,-0.069,0.440,45.380
252.860,-19.271,-0.076,0.440,45.537
252.880,-22.488,-0.076,0.440,45.680
252.900,-25.312,-0.080,0.441,45.792
252.920,-27.785,-0.076,0.441,45.877
252.940,-29.883,-0.065,0.441,45.917
252.960,-31.494,-0.058,0.441,45.918
252.980,-32.619,-0.045,0.441,45.876
253.000,-33.246,-0.028,0.441,45.797
253.020,-33.428,-0.011,0.441,45.682
253.040,-33.100,0.010,0.441,45.543
253.060,-32.303,0.033,0.441,45.386
253.080,-30.996,0.054,0.441,45.223
253.100,-29.215,0.081,0.441,45.064
253.120,-26.994,0.102,0.441,44.919
253.140,-24.404,0.133,0.441,44.797
253.160,-21.416,0.157,0.441,44.707
253.180,-18.111,0.185,0.441,44.654
253.200,-14.561,0.207,0.441,44.643
253.220,-10.729,0.236,0.441,44.674
253.240,-6.797,0.257,0.441,44.750
253.260,-2.713,0.277,0.441,44.864
253.280,1.365,0.295,0.441,45.014
253.300,5.432,0.318,0.441,45.191
253.320,9.434,0.332,0.441,45.393
253.340,13.295,0.339,0.441,45.604
253.360,16.980,0.350,0.441,45.811
253.380,20.385,0.353,0.441,46.009
253.400,23.525,0.356,0.441,46.184
253.420,26.285,0.354,0.441,46.328
253.440,28.658,0.351,0.441,46.435
253.460,30.621,0.343,0.441,46.498
253.480,32.121,0.331,0.441,46.519
253.500,33.146,0.319,0.441,46.493
253.520,33.691,0.302,0.441,46.425
253.540,33.738,0.285,0.441,46.325
253.560,33.316,0.262,0.441,46.196
253.580,32.361,0.241,0.441,46.051
253.600,30.961,0.215,0.441,45.896
253.620,29.098,0.189,0.441,45.744
253.640,26.830,0.164,0.441,45.606
253.660,24.135,0.135,0.441,45.490
253.680,21.082,0.114,0.441,45.403
253.700,17.736,0.087,0.441,45.352
253.720,14.092,0.062,0.441,45.340
253.740,10.301,0.040,0.441,45.369
253.760,6.328,0.016,0.441,45.435
253.780,2.268,0.001,0.441,45.539
253.800,-1.822,-0.024,0.441,45.669
253.820,-5.895,-0.038,0.441,45.831
253.840,-9.885,-0.048,0.441,46.003
253.860,-13.699,-0.061,0.441,46.182
253.880,-17.314,-0.064,0.441,46.352
253.900,-20.695,-0.070,0.441,46.506
253.920,-23.766,-0.071,0.441,46.630
253.940,-26.432,-0.069,0.441,46.721
253.960,-28.752,-0.062,0.441,46.769
253.980,-30.633,-0.056,0.441,46.774
254.000,-32.045,-0.045,0.441,46.734
254.020,-33.000,-0.031,0.441,46.648
254.040,-33.398,-0.013,0.441,46.523
254.060,-33.369,0.004,0.441,46.363
254.080,-32.854,0.026,0.441,46.179
254.100,-31.816,0.045,0.441,45.981
254.120,-30.305,0.069,0.441,45.777
254.140,-28.354,0.096,0.441,45.580
254.160,-25.975,0.117,0.441,45.398
254.180,-23.203,0.148,0.441,45.241
254.200,-20.045,0.169,0.441,45.115
254.220,-16.646,0.199,0.441,45.028
254.240,-12.961,0.218,0.441,44.973
254.260,-9.100,0.248,0.441,44.973
254.280,-5.062,0.265,0.441,45.006
254.300,-0.996,0.289,0.441,45.075
254.320,3.088,0.305,0.441,45.177
254.340,7.160,0.325,0.441,45.301
254.360,11.080,0.336,0.441,45.442
254.380,14.889,0.348,0.441,45.588
254.400,18.439,0.350,0.441,45.730
254.420,21.738,0.359,0.441,45.853
254.440,24.744,0.355,0.441,45.955
254.460,27.334,0.352,0.441,46.021
254.480,29.543,0.345,0.441,46.049
254.500,31.301,0.337,0.441,46.036
254.520,32.619,0.329,0.441,45.984
254.540,33.434,0.311,0.441,45.889
254.560,33.768,0.295,0.441,45.759
254.580,33.627,0.273,0.441,45.600
254.600,32.965,0.257,0.441,45.420
254.620,31.834,0.229,0.441,45.234
254.640,30.246,0.206,0.441,45.047
254.660,28.201,0.176,0.441,44.871
254.680,25.746,0.159,0.441,44.714
254.700,22.893,0.123,0.441,44.586
254.720,19.717,0.106,0.441,44.494
254.740,16.242,0.070,0.441,44.442
254.760,12.521,0.052,0.441,44.433
254.780,8.660,0.025,0.441,44.469
254.800,4.641,0.006,0.441,44.547
254.820,0.586,-0.017,0.441,44.662
254.840,-3.510,-0.031,0.441,44.811
254.860,-7.553,-0.047,0.441,44.983
254.880,-11.484,-0.062,0.441,45.170
254.900,-15.229,-0.065,0.441,45.364
254.920,-18.738,-0.077,0.441,45.546
254.940,-21.996,-0.076,0.441,45.721
254.960,-24.896,-0.079,0.441,45.863
254.980,-27.428,-0.075,0.441,45.978
255.000,-29.561,-0.067,0.441,46.049
255.020,-31.266,-0.058,0.441,46.080
255.040,-32.449,-0.046,0.441,46.066
255.060,-33.176,-0.028,0.441,46.011
255.080,-33.416,-0.013,0.441,45.920
255.100,-33.182,0.008,0.441,45.801
255.120,-32.461,0.027,0.441,45.664
255.140,-31.213,0.052,0.441,45.517
255.160,-29.508,0.079,0.441,45.369
255.180,-27.369,0.100,0.441,45.232
255.200,-24.820,0.128,0.441,45.116
255.220,-21.891,0.153,0.441,45.029
255.240,-18.633,0.178,0.441,44.976
255.260,-15.100,0.204,0.441,44.963
255.280,-11.355,0.226,0.441,44.990
255.300,-7.395,0.252,0.441,45.059
255.320,-3.363,0.273,0.441,45.165
255.340,0.744,0.294,0.441,45.306
255.360,4.834,0.311,0.441,45.475
255.380,8.818,0.327,0.441,45.665
255.400,12.715,0.336,0.441,45.865
255.420,16.418,0.350,0.441,46.061
255.440,19.881,0.346,0.441,46.250
255.460,23.045,0.356,0.441,46.408
255.480,25.887,0.348,0.441,46.544
255.500,28.312,0.352,0.441,46.636
255.520,30.334,0.338,0.441,46.687
255.540,31.922,0.332,0.441,46.690
255.560,33.023,0.315,0.441,46.649
255.580,33.645,0.298,0.441,46.562
255.600,33.768,0.282,0.441,46.438
255.620,33.422,0.262,0.441,46.286
255.640,32.549,0.243,0.441,46.113
255.660,31.225,0.218,0.441,45.933
255.680,29.408,0.193,0.441,45.753
255.700,27.240,0.166,0.441,45.586
255.720,24.586,0.141,0.441,45.438
255.740,21.580,0.113,0.441,45.318
255.760,18.299,0.088,0.441,45.234
255.780,14.701,0.062,0.441,45.188
255.800,10.922,0.041,0.441,45.183
255.820,6.961,0.016,0.441,45.218
255.840,2.936,-0.000,0.441,45.290
255.860,-1.160,-0.020,0.441,45.391
255.880,-5.232,-0.039,0.441,45.522
255.900,-9.246,-0.050,0.441,45.672
255.920,-13.096,-0.062,0.441,45.825
255.940,-16.752,-0.069,0.441,45.977
255.960,-20.180,-0.072,0.441,46.115
255.980,-23.279,-0.075,0.441,46.229
256.000,-26.033,-0.073,0.441,46.312
256.020,-28.400,-0.068,0.441,46.358
256.040,-30.375,-0.059,0.441,46.361
256.060,-31.857,-0.049,0.441,46.318
256.080,-32.883,-0.035,0.441,46.235
256.100,-33.357,-0.020,0.441,46.111
256.120,-33.398,0.000,0.441,45.957
256.140,-32.965,0.019,0.441,45.776
256.160,-32.033,0.045,0.441,45.582
256.180,-30.592,0.064,0.441,45.381
256.200,-28.693,0.093,0.441,45.188
256.220,-26.385,0.109,0.441,45.010
256.240,-23.672,0.145,0.441,44.858
256.260,-20.602,0.165,0.441,44.739
256.280,-17.203,0.192,0.441,44.658
256.300,-13.594,0.215,0.441,44.619
256.320,-9.732,0.244,0.439,44.622
256.340,-5.742,0.267,0.439,44.670
256.360,-1.664,0.287,0.439,44.755
256.380,2.437,0.306,0.439,44.876
256.400,6.486,0.323,0.439,45.024
256.420,10.465,0.336,0.439,45.189
256.440,14.297,0.348,0.439,45.364
256.460,17.895,0.351,0.439,45.535
256.480,21.229,0.356,0.439,45.692
256.500,24.305,0.359,0.439,45.827
256.520,26.941,0.355,0.439,45.934
256.540,29.221,0.352,0.439,46.001
256.560,31.061,0.344,0.439,46.031
256.580,32.437,0.331,0.439,46.018
256.600,33.346,0.317,0.439,45.964
256.620,33.750,0.303,0.439,45.873
256.640,33.674,0.278,0.439,45.754
256.660,33.094,0.260,0.439,45.609
256.680,32.045,0.239,0.439,45.455
256.700,30.521,0.211,0.439,45.299
256.720,28.559,0.184,0.439,45.150
256.740,26.156,0.165,0.439,45.019
256.760,23.367,0.128,0.439,44.914
256.780,20.232,0.114,0.439,44.844
256.800,16.811,0.076,0.439,44.811
256.820,13.137,0.058,0.439,44.821
256.840,9.275,0.032,0.439,44.873
256.860,5.297,0.012,0.439,44.966
256.880,1.207,-0.012,0.439,45.096
256.900,-2.889,-0.022,0.439,45.259
256.920,-6.926,-0.044,0.439,45.444
256.940,-10.887,-0.052,0.439,45.647
256.960,-14.654,-0.065,0.439,45.851
256.980,-18.229,-0.068,0.439,46.048
257.000,-21.516,-0.071,0.439,46.229
257.020,-24.486,-0.077,0.439,46.378
257.040,-27.064,-0.071,0.439,46.498
257.060,-29.273,-0.067,0.439,46.572
257.080,-31.049,-0.053,0.439,46.604
257.100,-32.320,-0.046,0.439,46.589
257.120,-33.135,-0.026,0.439,46.532
257.140,-33.422,-0.013,0.439,46.434
257.160,-33.270,0.008,0.439,46.304
257.180,-32.613,0.027,0.439,46.153
257.200,-31.441,0.051,0.439,45.987
257.220,-29.818,0.074,0.439,45.819
257.240,-27.750,0.099,0.439,45.658
257.260,-25.260,0.122,0.439,45.515
257.280,-22.389,0.149,0.439,45.397
257.300,-19.154,0.175,0.439,45.311
257.320,-15.697,0.203,0.439,45.263
257.340,-11.959,0.225,0.439,45.254
257.360,-8.039,0.251,0.439,45.286
257.380,-4.014,0.271,0.439,45.355
257.400,0.100,0.290,0.439,45.459
257.420,4.172,0.311,0.439,45.588
257.440,8.197,0.323,0.439,45.740
257.460,12.111,0.334,0.439,45.901
257.480,15.861,0.344,0.439,46.058
257.500,19.342,0.347,0.439,46.209
257.520,22.564,0.355,0.439,46.334
257.540,25.477,0.352,0.439,46.435
257.560,27.943,0.347,0.439,46.498
257.580,30.041,0.342,0.439,46.516
257.600,31.687,0.333,0.439,46.490
257.620,32.889,0.319,0.439,46.421
257.640,33.580,0.304,0.439,46.308
257.660,33.773,0.286,0.439,46.160
257.680,33.504,0.267,0.439,45.982
257.700,32.719,0.244,0.439,45.786
257.720,31.459,0.221,0.439,45.580
257.740,29.742,0.195,0.439,45.375
257.760,27.609,0.171,0.439,45.182
257.780,25.014,0.148,0.439,45.010
257.800,22.090,0.115,0.439,44.866
257.820,18.832,0.095,0.439,44.759
257.840,15.305,0.062,0.439,44.690
257.860,11.520,0.045,0.439,44.665
257.880,7.611,0.019,0.439,44.680
257.900,3.592,0.001,0.437,44.736
257.920,-0.492,-0.022,0.437,44.827
257.940,-4.570,-0.034,0.437,44.950
257.960,-8.613,-0.051,0.437,45.090
257.980,-12.480,-0.060,0.437,45.243
258.000,-16.172,-0.071,0.437,45.399
258.020,-19.617,-0.072,0.437,45.542
258.040,-22.781,-0.083,0.442,45.668
258.060,-25.600,-0.079,0.442,45.768
258.080,-28.031,-0.074,0.442,45.837
258.100,-30.070,-0.066,0.442,45.861
258.120,-31.635,-0.055,0.442,45.845
258.140,-32.701,-0.043,0.442,45.786
258.160,-33.293,-0.025,0.442,45.690
258.180,-33.410,-0.007,0.442,45.561
258.200,-33.053,0.012,0.442,45.408
258.220,-32.191,0.034,0.442,45.240
258.240,-30.826,0.057,0.442,45.068
258.260,-29.016,0.083,0.442,44.900
258.280,-26.754,0.104,0.442,44.747
258.300,-24.117,0.137,0.442,44.619
258.320,-21.070,0.160,0.442,44.522
258.340,-17.748,0.189,0.442,44.464
258.360,-14.168,0.211,0.442,44.448
258.380,-10.336,0.239,0.442,44.474
258.400,-6.381,0.255,0.442,44.546
258.420,-2.309,0.284,0.442,44.653
258.440,1.799,0.299,0.442,44.799
258.460,5.871,0.320,0.442,44.973
258.480,9.832,0.329,0.442,45.168
258.500,13.693,0.342,0.442,45.370
258.520,17.338,0.352,0.442,45.571
258.540,20.730,0.358,0.442,45.762
258.560,23.836,0.356,0.442,45.932
258.580,26.543,0.356,0.442,46.069
258.600,28.881,0.349,0.442,46.169
258.620,30.773,0.343,0.442,46.224
258.640,32.250,0.329,0.442,46.237
258.660,33.229,0.316,0.442,46.205
258.680,33.721,0.300,0.442,46.134
258.700,33.709,0.279,0.442,46.028
258.720,33.240,0.261,0.442,45.897
258.740,32.244,0.239,0.442,45.750
258.760,30.791,0.215,0.442,45.599
258.780,28.887,0.186,0.442,45.450
258.800,26.566,0.167,0.442,45.318
258.820,23.812,0.132,0.442,45.208
258.840,20.730,0.116,0.442,45.128
258.860,17.379,0.081,0.442,45.084
258.880,13.711,0.062,0.442,45.081
258.900,9.896,0.037,0.442,45.118
258.920,5.900,0.019,0.442,45.195
258.940,1.840,-0.005,0.442,45.306
258.960,-2.250,-0.020,0.442,45.449
258.980,-6.305,-0.039,0.442,45.614
259.000,-10.277,-0.048,0.442,45.794
259.020,-14.080,-0.059,0.442,45.977
259.040,-17.684,-0.067,0.442,46.150
259.060,-21.041,-0.071,0.442,46.308
259.080,-24.041,-0.074,0.442,46.439
259.100,-26.701,-0.067,0.442,46.535
259.120,-28.969,-0.064,0.442,46.588
259.140,-30.820,-0.055,0.442,46.598
259.160,-32.168,-0.043,0.442,46.560
259.180,-33.035,-0.030,0.442,46.478
259.200,-33.404,-0.013,0.442,46.359
259.220,-33.322,0.004,0.442,46.203
259.240,-32.760,0.028,0.442,46.026
259.260,-31.682,0.051,0.442,45.833
259.280,-30.123,0.074,0.442,45.635
259.300,-28.125,0.099,0.442,45.444
259.320,-25.693,0.125,0.442,45.270
259.340,-22.887,0.151,0.442,45.121
259.360,-19.723,0.172,0.442,45.004
259.380,-16.266,0.200,0.442,44.925
259.400,-12.580,0.218,0.442,44.886
259.420,-8.684,0.249,0.442,44.886
259.440,-4.664,0.267,0.442,44.927
259.460,-0.592,0.294,0.442,45.112
259.480,3.516,0.306,0.442,45.112
259.500,7.564,0.327,0.442,45.242
259.520,11.496,0.335,0.442,45.386
259.540,15.264,0.350,0.442,45.533
259.560,18.791,0.352,0.442,45.675
259.580,22.066,0.357,0.442,45.797
259.600,25.020,0.356,0.442,45.899
259.620,27.586,0.353,0.442,45.964
259.640,29.748,0.346,0.442,45.992
259.660,31.453,0.339,0.442,45.974
259.680,32.730,0.323,0.442,45.918
259.700,33.504,0.312,0.442,45.817
259.720,33.773,0.289,0.442,45.686
259.740,33.580,0.271,0.442,45.522
259.760,32.877,0.251,0.442,45.342
259.780,31.687,0.226,0.442,45.153
259.800,30.041,0.202,0.442,44.965
259.820,27.973,0.172,0.442,44.788
259.840,25.471,0.154,0.442,44.633
259.860,22.570,0.121,0.442,44.507
259.880,19.383,0.102,0.442,44.417
259.900,15.861,0.066,0.442,44.368
259.920,12.152,0.049,0.442,44.363
259.940,8.238,0.022,0.442,44.402
259.960,4.230,0.004,0.442,44.483
259.980,0.164,-0.021,0.442,44.599
260.000,-3.943,-0.034,0.442,44.752
260.020,-7.963,-0.050,0.442,44.926
260.040,-11.883,-0.059,0.442,45.114
260.060,-15.574,-0.070,0.442,45.304
260.080,-19.107,-0.075,0.442,45.487
260.100,-22.301,-0.078,0.442,45.657
260.120,-25.172,-0.081,0.442,45.909
260.140,-27.686,-0.071,0.442,45.909
260.160,-29.748,-0.069,0.442,45.976
260.180,-31.418,-0.054,0.442,46.005
260.200,-32.566,-0.047,0.442,45.987
260.220,-33.246,-0.025,0.442,45.933
260.240,-33.422,-0.013,0.442,45.841
260.260,-33.123,0.010,0.442,45.725
260.280,-32.361,0.028,0.442,45.588
260.300,-31.078,0.053,0.442,45.445
260.320,-29.320,0.080,0.442,45.302
260.340,-27.141,0.102,0.442,45.172
260.360,-24.533,0.129,0.442,45.064
260.380,-21.580,0.157,0.442,44.984
260.400,-18.281,0.180,0.442,44.940
260.420,-14.730,0.207,0.442,44.937
260.440,-10.957,0.232,0.442,44.974
260.460,-6.990,0.251,0.442,45.053
260.480,-2.941,0.278,0.442,45.169
260.500,1.178,0.294,0.442,45.322
260.520,5.227,0.315,0.442,45.499
260.540,9.223,0.324,0.442,45.699
260.560,13.107,0.340,0.442,45.902
260.580,16.787,0.344,0.442,46.108
260.600,20.227,0.351,0.442,46.294
260.620,23.355,0.356,0.442,46.465
260.640,26.162,0.353,0.442,46.604
260.660,28.541,0.350,0.442,46.701
260.680,30.510,0.340,0.442,46.754
260.700,32.051,0.329,0.442,46.759
260.720,33.100,0.317,0.442,46.719
260.740,33.668,0.301,0.442,46.636
260.760,33.750,0.282,0.442,46.516
260.780,33.346,0.262,0.442,46.367
260.800,32.432,0.240,0.442,46.200
260.820,31.043,0.219,0.442,46.025
260.840,29.227,0.186,0.442,45.852
260.860,26.977,0.166,0.442,45.690
260.880,24.281,0.135,0.442,45.549
260.900,21.270,0.115,0.442,45.437
260.920,17.936,0.089,0.442,45.360
260.940,14.326,0.059,0.442,45.320
260.960,10.506,0.040,0.442,45.324
260.980,6.568,0.015,0.442,45.362
261.000,2.514,-0.003,0.442,45.442
261.020,-1.588,-0.021,0.442,45.549
261.040,-5.637,-0.037,0.442,45.683
261.060,-9.674,-0.050,0.442,45.830
261.080,-13.506,-0.061,0.442,45.982
261.100,-17.109,-0.070,0.442,46.133
261.120,-20.520,-0.071,0.442,46.269
261.140,-23.584,-0.074,0.442,46.377
261.160,-26.309,-0.072,0.442,46.453
261.180,-28.652,-0.068,0.442,46.490
261.200,-30.551,-0.060,0.442,46.485
261.220,-31.986,-0.049,0.442,46.433
261.240,-32.941,-0.033,0.442,46.339
261.260,-33.404,-0.017,0.442,46.206
261.280,-33.387,0.003,0.442,46.039
261.300,-32.895,0.020,0.442,45.850
261.320,-31.910,0.044,0.442,45.647
261.340,-30.404,0.067,0.442,45.441
261.360,-28.465,0.093,0.442,45.241
261.380,-26.121,0.119,0.442,45.058
261.400,-23.379,0.144,0.442,44.900
261.420,-20.250,0.168,0.442,44.776
261.440,-16.846,0.195,0.442,44.690
261.460,-13.213,0.222,0.442,44.645
261.480,-9.322,0.248,0.442,44.644
261.500,-5.326,0.263,0.441,44.684
261.520,-1.230,0.293,0.441,44.761
261.540,2.859,0.306,0.441,44.874
261.560,6.920,0.328,0.441,45.012
261.580,10.875,0.337,0.441,45.168
261.600,14.672,0.349,0.441,45.490
261.620,18.258,0.351,0.441,45.490
261.640,21.562,0.357,0.441,45.633
261.660,24.592,0.358,0.441,45.757
261.680,27.199,0.355,0.441,45.847
261.700,29.437,0.348,0.441,45.901
261.720,31.201,0.343,0.441,45.913
261.740,32.555,0.329,0.441,45.886
261.760,33.404,0.317,0.441,45.819
261.780,33.762,0.296,0.441,45.717
261.800,33.645,0.279,0.441,45.584
261.820,33.029,0.256,0.441,45.431
261.840,31.916,0.230,0.441,45.266
261.860,30.328,0.210,0.441,45.101
261.880,28.336,0.178,0.441,44.946
261.900,25.887,0.159,0.441,44.810
261.920,23.062,0.128,0.441,44.703
261.940,19.893,0.106,0.441,44.630
261.960,16.453,0.074,0.441,44.597
261.980,12.744,0.054,0.441,44.606
262.000,8.877,0.029,0.441,44.658
262.020,4.869,0.012,0.441,44.752
262.040,0.785,-0.012,0.441,44.883
262.060,-3.281,-0.028,0.441,45.044
262.080,-7.330,-0.045,0.441,45.232
262.100,-11.279,-0.052,0.441,45.432
262.120,-15.018,-0.063,0.441,45.636
262.140,-18.562,-0.071,0.441,45.832
262.160,-21.838,-0.071,0.441,46.012
262.180,-24.750,-0.079,0.441,46.162
262.200,-27.305,-0.069,0.441,46.283
262.220,-29.484,-0.065,0.441,46.358
262.240,-31.201,-0.056,0.441,46.390
262.260,-32.420,-0.044,0.441,46.377
262.280,-33.158,-0.027,0.441,46.227
262.300,-33.428,-0.012,0.441,46.227
262.320,-33.187,0.010,0.441,46.102
262.340,-32.514,0.028,0.441,45.956
262.360,-31.307,0.053,0.441,45.798
262.380,-29.607,0.075,0.441,45.639
262.400,-27.492,0.101,0.441,45.489
262.420,-24.979,0.124,0.441,45.358
262.440,-22.072,0.153,0.441,45.253
262.460,-18.826,0.177,0.441,45.181
262.480,-15.316,0.203,0.441,45.147
262.500,-11.555,0.228,0.441,45.153
262.520,-7.635,0.248,0.441,45.199
262.540,-3.580,0.271,0.441,45.281
262.560,0.498,0.292,0.441,45.399
262.580,4.594,0.311,0.441,45.543
262.600,8.602,0.323,0.441,45.708
262.620,12.510,0.336,0.441,45.878
262.640,16.225,0.347,0.441,46.049
262.660,19.682,0.349,0.441,46.209
262.680,22.881,0.355,0.441,46.346
262.700,25.740,0.353,0.441,46.457
262.720,28.195,0.349,0.441,46.524
262.740,30.234,0.343,0.441,46.552
262.760,31.834,0.332,0.441,46.531
262.780,32.977,0.315,0.441,46.468
262.800,33.615,0.302,0.441,46.358
262.820,33.773,0.283,0.441,46.216
262.840,33.439,0.265,0.441,46.044
262.860,32.596,0.241,0.441,45.854
262.880,31.307,0.217,0.441,45.655
262.900,29.537,0.193,0.441,45.457
262.920,27.357,0.164,0.441,45.271
262.940,24.738,0.142,0.441,45.106
262.960,21.768,0.113,0.441,44.971
262.980,18.504,0.093,0.441,44.872
263.000,14.912,0.066,0.441,44.811
263.020,11.150,0.039,0.441,44.792
263.040,7.213,0.015,0.439,44.815
263.060,3.170,-0.001,0.439,44.878
263.080,-0.914,-0.021,0.439,44.973
263.100,-5.016,-0.037,0.439,45.099
263.120,-9.012,-0.052,0.439,45.240
263.140,-12.879,-0.063,0.439,45.394
263.160,-16.529,-0.072,0.439,45.545
263.180,-19.969,-0.075,0.439,45.687
263.200,-23.104,-0.079,0.439,45.810
263.220,-25.863,-0.078,0.439,45.905
263.240,-28.260,-0.071,0.439,45.964
263.260,-30.246,-0.066,0.439,45.980
263.280,-31.775,-0.054,0.439,45.955
263.300,-32.824,-0.040,0.439,45.889
263.320,-33.316,-0.025,0.439,45.784
263.340,-33.410,-0.006,0.439,45.648
263.360,-32.971,0.013,0.439,45.488
263.380,-32.086,0.037,0.439,45.314
263.400,-30.668,0.058,0.439,45.135
263.420,-28.805,0.089,0.439,44.962
263.440,-26.514,0.109,0.439,44.804
263.460,-23.818,0.142,0.439,44.672
263.480,-20.754,0.162,0.439,44.573
263.500,-17.408,0.195,0.439,44.512
263.520,-13.799,0.209,0.439,44.518
263.540,-9.949,0.245,0.439,44.518
263.560,-5.953,0.257,0.439,44.589
263.580,-1.887,0.288,0.439,44.695
263.600,2.221,0.301,0.439,44.839
263.620,6.287,0.322,0.439,45.008
263.640,10.236,0.334,0.439,45.198
263.660,14.098,0.341,0.439,45.396
263.680,17.707,0.352,0.439,45.590
263.700,21.064,0.355,0.439,45.773
263.720,24.135,0.356,0.439,45.933
263.740,26.812,0.356,0.439,46.062
263.760,29.109,0.349,0.439,46.155
263.780,30.955,0.339,0.439,46.205
263.800,32.373,0.330,0.439,46.209
263.820,33.311,0.315,0.439,46.171
263.840,33.738,0.299,0.439,46.094
263.860,33.691,0.278,0.439,45.985
263.880,33.158,0.261,0.439,45.851
263.900,32.115,0.236,0.439,45.704
263.920,30.609,0.215,0.439,45.552
263.940,28.670,0.183,0.439,45.406
263.960,26.314,0.164,0.439,45.275
263.980,23.514,0.130,0.439,45.169
264.000,20.426,0.112,0.439,45.095
264.020,17.016,0.083,0.439,45.057
264.040,13.336,0.058,0.439,45.059
264.060,9.486,0.033,0.439,45.104
264.080,5.490,0.016,0.439,45.185
264.100,1.441,-0.008,0.439,45.305
264.120,-2.654,-0.023,0.439,45.453
264.140,-6.691,-0.041,0.439,45.627
264.160,-10.687,-0.052,0.439,45.812
264.180,-14.473,-0.059,0.439,46.001
264.200,-18.029,-0.070,0.439,46.177
264.220,-21.340,-0.067,0.439,46.339
264.240,-24.316,-0.071,0.439,46.469
264.260,-26.947,-0.069,0.439,46.565
264.280,-29.174,-0.060,0.439,46.618
264.300,-30.949,-0.054,0.439,46.627
264.320,-32.250,-0.042,0.439,46.589
264.340,-33.082,-0.025,0.439,46.509
264.360,-33.428,-0.009,0.439,46.387
264.380,-33.293,0.008,0.439,46.234
264.400,-32.660,0.025,0.439,46.057
264.420,-31.529,0.052,0.439,45.867
264.440,-29.906,0.072,0.439,45.675
264.460,-27.896,0.100,0.439,45.490
264.480,-25.430,0.122,0.439,45.322
264.500,-22.564,0.153,0.439,45.179
264.520,-19.383,0.173,0.439,45.070
264.540,-15.891,0.204,0.439,44.997
264.560,-12.193,0.221,0.439,44.966
264.580,-8.285,0.253,0.439,44.973
264.600,-4.242,0.268,0.439,45.020
264.620,-0.158,0.294,0.439,45.101
264.640,3.949,0.306,0.439,45.214
264.660,7.963,0.330,0.439,45.345
264.680,11.900,0.336,0.439,45.491
264.700,15.633,0.348,0.439,45.637
264.720,19.160,0.348,0.439,45.778
264.740,22.383,0.354,0.439,45.894
264.760,25.324,0.356,0.439,45.991
264.780,27.820,0.354,0.439,46.049
264.800,29.947,0.344,0.439,46.071
264.820,31.623,0.334,0.439,46.047
264.840,32.824,0.322,0.439,45.981
264.860,33.551,0.307,0.439,45.873
264.880,33.779,0.286,0.439,45.733
264.900,33.527,0.266,0.439,45.563
264.920,32.760,0.250,0.439,45.376
264.940,31.547,0.220,0.439,45.182
264.960,29.836,0.202,0.439,44.989
264.980,27.750,0.171,0.439,44.809
265.000,25.172,0.150,0.439,44.650
265.020,22.266,0.116,0.439,44.522
265.040,19.037,0.098,0.439,44.429
265.060,15.498,0.066,0.439,44.377
265.080,11.754,0.045,0.439,44.370
265.100,7.822,0.021,0.439,44.404
265.120,3.820,0.000,0.437,44.480
265.140,-0.275,-0.021,0.437,44.740
265.160,-4.342,-0.035,0.437,44.740
265.180,-8.367,-0.051,0.437,44.905
265.200,-12.270,-0.060,0.437,45.086
265.220,-15.967,-0.071,0.437,45.270
265.240,-19.447,-0.079,0.437,45.445
265.260,-22.629,-0.079,0.437,45.606
265.280,-25.430,-0.080,0.438,45.738
265.300,-27.914,-0.072,0.438,45.838
265.320,-29.953,-0.067,0.438,45.896
265.340,-31.564,-0.058,0.438,45.913
265.360,-32.660,-0.042,0.438,45.886
265.380,-33.246,-0.028,0.438,45.820
265.400,-33.410,-0.004,0.438,45.721
265.420,-33.064,0.007,0.438,45.594
265.440,-32.256,0.036,0.438,45.453
265.460,-30.896,0.050,0.438,45.303
265.480,-29.098,0.085,0.438,45.159
265.500,-26.877,0.100,0.438,45.025
265.520,-24.234,0.137,0.438,44.916
265.540,-21.252,0.153,0.438,44.838
265.560,-17.924,0.188,0.438,44.794
265.580,-14.361,0.207,0.438,44.793
265.600,-10.547,0.238,0.438,44.832
265.620,-6.574,0.252,0.438,44.917
265.640,-2.525,0.281,0.438,45.035
265.660,1.588,0.298,0.438,45.191
265.680,5.654,0.314,0.438,45.372
265.700,9.639,0.331,0.438,45.571
265.720,13.494,0.336,0.438,45.781
265.740,17.150,0.350,0.438,45.985
265.760,20.543,0.352,0.438,46.178
265.780,23.666,0.353,0.438,46.348
265.800,26.420,0.352,0.438,46.484
265.820,28.764,0.348,0.438,46.580
265.840,30.697,0.338,0.438,46.633
265.860,32.180,0.331,0.438,46.638
265.880,33.199,0.312,0.438,46.600
265.900,33.703,0.300,0.438,46.517
265.920,33.727,0.278,0.438,46.401
265.940,33.275,0.261,0.438,46.257
265.960,32.309,0.233,0.438,46.095
265.980,30.879,0.215,0.438,45.924
266.000,29.016,0.182,0.438,45.757
266.020,26.707,0.161,0.438,45.603
266.040,24.000,0.132,0.438,45.471
266.060,20.924,0.113,0.438,45.369
266.080,17.566,0.084,0.438,45.303
266.100,13.928,0.061,0.438,45.274
266.120,10.107,0.036,0.438,45.288
266.140,6.146,0.016,0.438,45.338
266.160,2.086,-0.007,0.438,45.427
266.180,-2.016,-0.023,0.438,45.546
266.200,-6.082,-0.037,0.438,45.689
266.220,-10.037,-0.052,0.438,45.844
266.240,-13.869,-0.060,0.438,46.003
266.260,-17.467,-0.071,0.438,46.158
266.280,-20.854,-0.072,0.438,46.297
266.300,-23.900,-0.075,0.438,46.409
266.320,-26.566,-0.070,0.438,46.489
266.340,-28.852,-0.067,0.438,46.527
266.360,-30.715,-0.057,0.438,46.521
266.380,-32.115,-0.046,0.438,46.470
266.400,-33.029,-0.030,0.438,46.376
266.420,-33.381,-0.018,0.438,46.243
266.440,-33.357,0.005,0.438,46.080
266.460,-32.807,0.020,0.438,45.893
266.480,-31.787,0.051,0.438,45.694
266.500,-30.217,0.070,0.438,45.490
266.520,-28.236,0.097,0.438,45.294
266.540,-25.857,0.116,0.438,45.117
266.560,-23.068,0.148,0.438,44.965
266.580,-19.916,0.171,0.438,44.846
266.600,-16.488,0.202,0.438,44.766
266.620,-12.809,0.223,0.438,44.728
266.640,-8.918,0.251,0.438,44.733
266.660,-4.904,0.267,0.437,44.780
266.680,-0.809,0.292,0.437,44.863
266.700,3.275,0.309,0.437,44.979
266.720,7.342,0.325,0.437,45.121
266.740,11.256,0.339,0.437,45.279
266.760,15.064,0.350,0.437,45.441
266.780,18.615,0.356,0.437,45.603
266.800,21.896,0.358,0.438,45.746
266.820,24.879,0.357,0.438,45.866
266.840,27.439,0.356,0.438,45.954
266.860,29.643,0.347,0.438,46.003
266.880,31.383,0.340,0.438,46.010
266.900,32.666,0.329,0.438,45.978
266.920,33.469,0.315,0.438,45.905
266.940,33.768,0.295,0.438,45.797
266.960,33.609,0.274,0.438,45.507
266.980,32.918,0.257,0.438,45.507
267.000,31.764,0.227,0.438,45.343
267.020,30.146,0.208,0.438,45.179
267.040,28.102,0.176,0.438,45.026
267.060,25.617,0.159,0.438,44.893
267.080,22.752,0.122,0.438,44.788
267.100,19.553,0.104,0.438,44.719
267.120,16.078,0.070,0.438,44.690
267.140,12.357,0.053,0.438,44.704
267.160,8.473,0.025,0.438,44.761
267.180,4.447,0.012,0.438,44.859
267.200,0.381,-0.014,0.438,44.993
267.220,-3.715,-0.029,0.438,45.157
267.240,-7.746,-0.046,0.438,45.348
267.260,-11.684,-0.058,0.438,45.549
267.280,-15.398,-0.064,0.438,45.756
267.300,-18.920,-0.078,0.438,45.948
267.320,-22.148,-0.071,0.438,46.129
267.340,-25.031,-0.079,0.438,46.276
267.360,-27.551,-0.067,0.438,46.395
267.380,-29.672,-0.066,0.438,46.464
267.400,-31.330,-0.056,0.438,46.491
267.420,-32.520,-0.045,0.438,46.474
267.440,-33.205,-0.023,0.438,46.416
267.460,-33.428,-0.012,0.438,46.316
267.480,-33.158,0.012,0.438,46.189
267.500,-32.396,0.026,0.438,46.042
267.520,-31.148,0.053,0.438,45.885
267.540,-29.414,0.077,0.438,45.728
267.560,-27.240,0.101,0.438,45.580
267.580,-24.691,0.129,0.438,45.451
267.600,-21.738,0.152,0.438,45.350
267.620,-18.480,0.182,0.438,45.281
267.640,-14.924,0.203,0.438,45.252
267.660,-11.156,0.232,0.438,45.262
267.680,-7.219,0.249,0.438,45.312
267.700,-3.158,0.274,0.438,45.398
267.720,0.926,0.293,0.438,45.518
267.740,5.027,0.310,0.438,45.663
267.760,9.012,0.325,0.438,45.826
267.780,12.902,0.335,0.438,45.996
267.800,16.588,0.345,0.438,46.164
267.820,20.021,0.350,0.438,46.321
267.840,23.203,0.352,0.438,46.454
267.860,26.004,0.356,0.438,46.556
267.880,28.424,0.345,0.438,46.620
267.900,30.416,0.339,0.438,46.636
267.920,31.980,0.330,0.438,46.608
267.940,33.076,0.314,0.438,46.535
267.960,33.662,0.300,0.438,46.419
267.980,33.756,0.281,0.438,46.265
268.000,33.381,0.261,0.438,46.088
268.020,32.496,0.242,0.438,45.890
268.040,31.154,0.217,0.438,45.688
268.060,29.320,0.190,0.438,45.485
268.080,27.105,0.165,0.438,45.296
268.100,24.439,0.139,0.438,45.129
268.120,21.439,0.114,0.438,44.991
268.140,18.141,0.088,0.438,44.890
268.160,14.525,0.062,0.438,44.826
268.180,10.740,0.038,0.438,44.807
268.200,6.779,0.014,0.438,44.826
268.220,2.742,-0.000,0.438,44.886
268.240,-1.336,-0.027,0.438,44.976
268.260,-5.426,-0.038,0.438,45.096
268.280,-9.410,-0.055,0.438,45.233
268.300,-13.266,-0.062,0.438,45.378
268.320,-16.893,-0.075,0.438,45.522
268.340,-20.320,-0.073,0.438,45.657
268.360,-23.408,-0.081,0.439,45.765
268.380,-26.145,-0.074,0.439,45.848
268.400,-28.506,-0.073,0.439,45.891
268.420,-30.428,-0.059,0.439,45.895
268.440,-31.898,-0.056,0.439,45.856
268.460,-32.900,-0.034,0.439,45.778
268.480,-33.334,-0.024,0.439,45.660
268.500,-33.393,-0.000,0.439,45.513
268.520,-32.930,0.016,0.439,45.342
268.540,-31.963,0.037,0.439,45.158
268.560,-30.498,0.066,0.439,44.973
268.580,-28.582,0.089,0.439,44.792
268.600,-26.256,0.114,0.439,44.630
268.620,-23.525,0.141,0.439,44.494
268.640,-20.443,0.165,0.439,44.392
268.660,-17.051,0.193,0.439,44.329
268.680,-13.400,0.216,0.439,44.308
268.700,-9.551,0.244,0.439,44.331
268.720,-5.531,0.262,0.439,44.398
268.740,-1.477,0.288,0.439,44.503
268.760,2.631,0.304,0.439,44.643
268.780,6.703,0.323,0.439,44.809
268.800,10.641,0.336,0.439,44.995
268.820,14.484,0.344,0.439,45.188
268.840,18.059,0.352,0.439,45.379
268.860,21.381,0.357,0.439,45.556
268.880,24.434,0.358,0.439,45.712
268.900,27.070,0.353,0.439,45.835
268.920,29.314,0.349,0.439,45.921
268.940,31.113,0.340,0.439,45.964
268.960,32.490,0.330,0.439,45.965
268.980,33.369,0.312,0.439,45.923
269.000,33.756,0.297,0.439,45.844
269.020,33.662,0.277,0.439,45.733
269.040,33.076,0.261,0.439,45.601
269.060,31.992,0.236,0.439,45.454
269.080,30.439,0.211,0.439,45.306
269.100,28.453,0.179,0.439,45.164
269.120,26.039,0.162,0.439,45.039
269.140,23.209,0.128,0.439,44.939
269.160,20.068,0.112,0.439,44.873
269.180,16.646,0.078,0.439,44.843
269.200,12.949,0.062,0.439,44.855
269.220,9.082,0.030,0.439,44.906
269.240,5.080,0.016,0.439,44.998
269.260,1.037,-0.011,0.439,45.125
269.280,-3.094,-0.023,0.439,45.283
269.300,-7.131,-0.039,0.439,45.461
269.320,-11.086,-0.053,0.439,45.652
269.340,-14.830,-0.061,0.439,45.848
269.360,-18.387,-0.071,0.439,46.033
269.380,-21.680,-0.069,0.439,46.201
269.400,-24.604,-0.070,0.439,46.335
269.420,-27.182,-0.068,0.439,46.434
269.440,-29.361,-0.059,0.439,46.490
269.460,-31.102,-0.054,0.439,46.499
269.480,-32.379,-0.039,0.439,46.466
269.500,-33.146,-0.026,0.439,46.388
269.520,-33.410,-0.009,0.439,46.270
269.540,-33.246,0.010,0.439,46.120
269.560,-32.549,0.029,0.439,45.949
269.580,-31.400,0.051,0.439,45.764
269.600,-29.736,0.080,0.439,45.578
269.620,-27.650,0.096,0.439,45.398
269.640,-25.131,0.129,0.439,45.238
269.660,-22.230,0.149,0.439,45.103
269.680,-19.020,0.182,0.439,45.000
269.700,-15.527,0.204,0.439,44.936
269.720,-11.783,0.226,0.439,44.911
269.740,-7.852,0.252,0.439,44.926
269.760,-3.820,0.273,0.439,44.977
269.780,0.275,0.293,0.439,45.066
269.800,4.365,0.310,0.439,45.180
269.820,8.373,0.328,0.439,45.316
269.840,12.287,0.336,0.439,45.464
269.860,16.025,0.351,0.439,45.609
269.880,19.512,0.351,0.439,45.753
269.900,22.699,0.357,0.439,45.867
269.920,25.600,0.355,0.439,45.962
269.940,28.066,0.355,0.439,46.014
269.960,30.141,0.342,0.439,46.031
269.980,31.764,0.336,0.439,46.001
270.000,32.924,0.322,0.439,45.933
270.020,33.598,0.307,0.439,45.819
270.040,33.779,0.286,0.439,45.674
270.060,33.475,0.268,0.439,45.500
270.080,32.672,0.242,0.439,45.312
270.100,31.395,0.219,0.439,45.114
270.120,29.660,0.193,0.439,44.919
270.140,27.498,0.171,0.439,44.737
270.160,24.879,0.142,0.439,44.578
270.180,21.949,0.118,0.439,44.450
270.200,18.674,0.090,0.439,44.358
270.220,15.117,0.062,0.439,44.308
270.240,11.355,0.041,0.439,44.303
270.260,7.441,0.014,0.439,44.339
270.280,3.404,0.000,0.439,44.419
270.300,-0.686,-0.024,0.439,44.531
270.320,-4.775,-0.037,0.439,44.677
270.340,-8.795,-0.054,0.439,44.843
270.360,-12.650,-0.062,0.439,45.022
270.380,-16.336,-0.075,0.439,45.203
270.400,-19.775,-0.075,0.439,45.377
270.420,-22.945,-0.079,0.439,45.530
270.440,-25.729,-0.077,0.439,45.661
270.460,-28.148,-0.075,0.439,45.752
270.480,-30.152,-0.065,0.439,45.805
270.500,-31.676,-0.055,0.439,45.816
270.520,-32.748,-0.038,0.439,45.784
270.540,-33.293,-0.028,0.439,45.713
270.560,-33.404,-0.007,0.439,45.613
270.580,-33.012,0.012,0.439,45.487
270.600,-32.127,0.034,0.439,45.347
270.620,-30.727,0.058,0.439,45.200
270.640,-28.893,0.088,0.439,45.058
270.660,-26.631,0.105,0.439,44.929
270.680,-23.965,0.137,0.439,44.825
270.700,-20.918,0.159,0.439,44.753
270.720,-17.566,0.190,0.439,44.717
270.740,-13.975,0.208,0.439,44.724
270.760,-10.143,0.236,0.439,44.771
270.780,-6.182,0.257,0.439,44.862
270.800,-2.080,0.279,0.439,44.987
270.820,1.992,0.299,0.439,45.151
270.840,6.076,0.316,0.439,45.338
270.860,10.037,0.331,0.439,45.546
270.880,13.875,0.342,0.439,45.759
270.900,17.514,0.347,0.439,45.972
270.920,20.883,0.354,0.439,46.165
270.940,23.982,0.352,0.439,46.339
270.960,26.672,0.354,0.439,46.474
270.980,28.998,0.344,0.439,46.575
271.000,30.867,0.337,0.439,46.623
271.020,32.314,0.328,0.439,46.632
271.040,33.264,0.312,0.439,46.591
271.060,33.727,0.300,0.439,46.511
271.080,33.703,0.278,0.439,46.397
271.100,33.211,0.260,0.439,46.255
271.120,32.186,0.233,0.439,46.098
271.140,30.709,0.215,0.439,45.932
271.160,28.793,0.183,0.439,45.772
271.180,26.449,0.166,0.439,45.624
271.200,23.689,0.132,0.439,45.500
271.220,20.590,0.114,0.439,45.405
271.240,17.209,0.078,0.439,45.345
271.260,13.535,0.063,0.439,45.326
271.280,9.703,0.033,0.439,45.345
271.300,5.725,0.014,0.439,45.403
271.320,1.652,-0.006,0.439,45.497
271.340,-2.420,-0.027,0.439,45.619
271.360,-6.492,-0.034,0.439,45.767
271.380,-10.447,-0.052,0.439,45.922
271.400,-14.256,-0.058,0.439,46.082
271.420,-17.854,-0.070,0.439,46.233
271.440,-21.164,-0.071,0.439,46.369
271.460,-24.170,-0.074,0.439,46.477
271.480,-26.812,-0.069,0.439,46.549
271.500,-29.080,-0.067,0.439,46.580
271.520,-30.891,-0.053,0.439,46.568
271.540,-32.215,-0.047,0.439,46.508
271.560,-33.082,-0.028,0.439,46.406
271.580,-33.398,-0.014,0.439,46.265
271.600,-33.322,0.009,0.439,46.093
271.620,-32.730,0.025,0.439,45.899
271.640,-31.635,0.050,0.439,45.693
271.660,-30.053,0.074,0.439,45.484
271.680,-28.008,0.098,0.439,45.282
271.700,-25.588,0.124,0.439,45.100
271.720,-22.752,0.151,0.439,44.944
271.740,-19.576,0.175,0.439,44.821
271.760,-16.125,0.207,0.439,44.738
271.780,-12.393,0.224,0.439,44.695
271.800,-8.525,0.256,0.439,44.695
271.820,-4.477,0.268,0.439,44.736
271.840,-0.398,0.298,0.439,44.813
271.860,3.709,0.310,0.439,45.055
271.880,7.752,0.331,0.439,45.055
271.900,11.654,0.337,0.439,45.206
271.920,15.451,0.351,0.439,45.357
271.940,18.955,0.354,0.439,45.507
271.960,22.219,0.360,0.441,45.636
271.980,25.148,0.355,0.441,45.743
272.000,27.691,0.356,0.441,45.815
272.020,29.830,0.344,0.441,45.850
272.040,31.529,0.340,0.441,45.844
272.060,32.766,0.324,0.441,45.711
272.080,33.521,0.312,0.441,45.711
272.100,33.785,0.294,0.441,45.593
272.120,33.557,0.270,0.441,45.447
272.140,32.818,0.251,0.441,45.283
272.160,31.635,0.227,0.441,45.112
272.180,29.959,0.201,0.441,44.940
272.200,27.867,0.175,0.441,44.783
272.220,25.336,0.153,0.441,44.647
272.240,22.424,0.124,0.441,44.541
272.260,19.213,0.101,0.441,44.471
272.280,15.691,0.070,0.441,44.442
272.300,11.971,0.049,0.441,44.456
272.320,8.057,0.023,0.441,44.514
272.340,4.014,0.007,0.441,44.614
272.360,-0.053,-0.020,0.441,44.749
272.380,-4.137,-0.029,0.441,44.918
272.400,-8.174,-0.047,0.441,45.108
272.420,-12.064,-0.058,0.441,45.310
272.440,-15.756,-0.065,0.441,45.517
272.460,-19.242,-0.074,0.441,45.712
272.480,-22.471,-0.075,0.441,45.893
272.500,-25.295,-0.075,0.441,46.043
272.520,-27.791,-0.071,0.441,46.161
272.540,-29.854,-0.063,0.441,46.233
272.560,-31.465,-0.058,0.441,46.264
272.580,-32.613,-0.041,0.441,46.253
272.600,-33.258,-0.025,0.441,46.198
272.620,-33.416,-0.009,0.441,46.105
272.640,-33.094,0.012,0.441,45.986
272.660,-32.291,0.029,0.441,45.846
272.680,-31.002,0.054,0.441,45.698
272.700,-29.209,0.083,0.441,45.550
272.720,-27.000,0.098,0.441,45.413
272.740,-24.410,0.133,0.441,45.297
272.760,-21.404,0.151,0.441,45.210
272.780,-18.117,0.183,0.441,45.156
272.800,-14.549,0.204,0.441,45.142
272.820,-10.764,0.232,0.441,45.167
272.840,-6.803,0.252,0.441,45.234
272.860,-2.742,0.278,0.441,45.334
272.880,1.354,0.295,0.441,45.471
272.900,5.437,0.313,0.441,45.631
272.920,9.404,0.323,0.441,45.810
272.940,13.301,0.336,0.441,45.991
272.960,16.963,0.344,0.441,46.173
272.980,20.379,0.352,0.441,46.336
273.000,23.502,0.355,0.441,46.479
273.020,26.273,0.350,0.441,46.588
273.040,28.635,0.348,0.441,46.657
273.060,30.592,0.338,0.441,46.681
273.080,32.121,0.331,0.441,46.658
273.100,33.141,0.314,0.441,46.588
273.120,33.691,0.298,0.441,46.478
273.140,33.750,0.279,0.441,46.332
273.160,33.316,0.261,0.441,46.158
273.180,32.379,0.237,0.441,45.967
273.200,30.984,0.215,0.441,45.768
273.220,29.109,0.188,0.441,45.571
273.240,26.854,0.166,0.441,45.389
273.260,24.146,0.135,0.441,45.228
273.280,21.111,0.111,0.441,45.097
273.300,17.777,0.080,0.441,45.003
273.320,14.139,0.063,0.441,44.947
273.340,10.342,0.036,0.441,44.932
273.360,6.375,0.013,0.439,44.956
273.380,2.326,-0.004,0.439,45.019
273.400,-1.758,-0.029,0.439,45.113
273.420,-5.842,-0.038,0.439,45.235
273.440,-9.838,-0.055,0.439,45.371
273.460,-13.664,-0.062,0.439,45.517
273.480,-17.273,-0.072,0.439,45.655
273.500,-20.648,-0.075,0.439,45.783
273.520,-23.713,-0.075,0.439,45.885
273.540,-26.414,-0.073,0.439,45.957
273.560,-28.729,-0.070,0.439,45.989
273.580,-30.633,-0.060,0.439,45.981
273.600,-32.021,-0.051,0.439,45.931
273.620,-32.982,-0.033,0.439,45.841
273.640,-33.381,-0.019,0.439,45.714
273.660,-33.381,0.000,0.439,45.556
273.680,-32.854,0.021,0.439,45.376
273.700,-31.852,0.045,0.439,45.183
273.720,-30.328,0.070,0.439,44.989
273.740,-28.365,0.094,0.439,44.802
273.760,-26.010,0.116,0.439,44.634
273.780,-23.221,0.145,0.439,44.493
273.800,-20.080,0.166,0.439,44.386
273.820,-16.664,0.201,0.439,44.318
273.840,-13.025,0.218,0.439,44.294
273.860,-9.152,0.248,0.439,44.313
273.880,-5.133,0.268,0.439,44.376
273.900,-1.037,0.290,0.439,44.477
273.920,3.064,0.308,0.439,44.614
273.940,7.102,0.326,0.439,44.772
273.960,11.057,0.334,0.439,44.953
273.980,14.854,0.350,0.439,45.136
274.000,18.422,0.352,0.439,45.322
274.020,21.709,0.358,0.439,45.490
274.040,24.732,0.355,0.439,45.638
274.060,27.305,0.355,0.439,45.750
274.080,29.525,0.349,0.439,45.829
274.100,31.289,0.337,0.439,45.863
274.120,32.602,0.331,0.439,45.857
274.140,33.439,0.311,0.439,45.810
274.160,33.762,0.298,0.439,45.726
274.180,33.621,0.273,0.439,45.612
274.200,32.965,0.256,0.439,45.477
274.220,31.852,0.233,0.439,45.330
274.240,30.246,0.207,0.439,45.183
274.260,28.230,0.182,0.439,45.044
274.280,25.764,0.159,0.439,44.924
274.300,22.916,0.128,0.439,44.830
274.320,19.734,0.108,0.439,44.771
274.340,16.277,0.077,0.439,44.750
274.360,12.562,0.056,0.439,44.770
274.380,8.666,0.030,0.439,44.833
274.400,4.664,0.012,0.439,44.933
274.420,0.598,-0.009,0.439,45.072
274.440,-3.504,-0.027,0.439,45.238
274.460,-7.535,-0.039,0.439,45.430
274.480,-11.467,-0.056,0.439,45.628
274.500,-15.199,-0.058,0.439,45.834
274.520,-18.744,-0.069,0.439,46.023
274.540,-21.979,-0.071,0.439,46.197
274.560,-24.873,-0.070,0.439,46.338
274.580,-27.422,-0.067,0.439,46.444
274.600,-29.572,-0.063,0.439,46.505
274.620,-31.271,-0.054,0.439,46.524
274.640,-32.484,-0.042,0.439,46.495
274.660,-33.193,-0.023,0.439,46.425
274.680,-33.416,-0.009,0.439,46.313
274.700,-33.211,0.014,0.439,46.171
274.720,-32.473,0.029,0.439,46.006
274.740,-31.236,0.053,0.439,45.831
274.760,-29.537,0.080,0.439,45.654
274.780,-27.393,0.102,0.439,45.485
274.800,-24.873,0.130,0.439,45.336
274.820,-21.932,0.157,0.439,45.213
274.840,-18.668,0.178,0.439,45.123
274.860,-15.158,0.206,0.439,45.070
274.880,-11.379,0.228,0.439,45.057
274.900,-7.453,0.255,0.439,45.084
274.920,-3.404,0.273,0.439,45.148
274.940,0.709,0.294,0.439,45.246
274.960,4.770,0.313,0.439,45.369
274.980,8.789,0.329,0.439,45.513
275.000,12.686,0.338,0.439,45.666
275.020,16.389,0.349,0.439,45.816
275.040,19.852,0.353,0.439,45.958
275.060,23.027,0.355,0.439,46.077
275.080,25.875,0.352,0.439,46.165
275.100,28.301,0.351,0.439,46.216
275.120,30.311,0.340,0.439,46.227
275.140,31.910,0.333,0.439,46.194
275.160,33.018,0.319,0.439,46.116
275.180,33.645,0.302,0.439,45.998
275.200,33.768,0.283,0.439,45.846
275.220,33.422,0.261,0.439,45.666
275.240,32.561,0.242,0.439,45.471
275.260,31.225,0.216,0.439,45.269
275.280,29.455,0.191,0.439,45.069
275.300,27.246,0.168,0.439,44.885
275.320,24.598,0.141,0.439,44.722
275.340,21.615,0.115,0.439,44.591
275.360,18.311,0.086,0.439,44.496
275.380,14.748,0.061,0.439,44.442
275.400,10.945,0.037,0.439,44.433
275.420,7.025,0.013,0.437,44.465
275.440,2.977,-0.004,0.435,44.539
275.460,-1.107,-0.023,0.435,44.647
275.480,-5.174,-0.039,0.435,44.785
275.500,-9.217,-0.052,0.435,44.941
275.520,-13.037,-0.065,0.435,45.109
275.540,-16.705,-0.069,0.435,45.278
275.560,-20.104,-0.075,0.435,45.436
275.580,-23.238,-0.078,0.437,45.578
275.600,-25.980,-0.078,0.437,45.689
275.620,-28.348,-0.072,0.437,45.768
275.640,-30.316,-0.060,0.437,45.805
275.660,-31.811,-0.057,0.437,45.755
275.680,-32.830,-0.038,0.437,45.755
275.700,-33.322,-0.022,0.437,45.671
275.720,-33.381,-0.006,0.437,45.555
275.740,-32.924,0.015,0.437,45.418
275.760,-32.004,0.037,0.437,45.266
275.780,-30.580,0.062,0.437,45.111
275.800,-28.682,0.090,0.437,44.960
275.820,-26.350,0.108,0.437,44.826
275.840,-23.666,0.140,0.437,44.718
275.860,-20.566,0.161,0.437,44.641
275.880,-17.221,0.191,0.437,44.604
275.900,-13.600,0.213,0.437,44.607
275.920,-9.732,0.240,0.437,44.653
275.940,-5.754,0.257,0.437,44.743
275.960,-1.658,0.281,0.437,44.868
275.980,2.414,0.299,0.437,45.030
276.000,6.492,0.318,0.437,45.215
276.020,10.441,0.326,0.437,45.421
276.040,14.273,0.343,0.437,45.627
276.060,17.865,0.348,0.437,45.836
276.080,21.205,0.352,0.437,46.028
276.100,24.275,0.353,0.437,46.194
276.120,26.918,0.352,0.437,46.327
276.140,29.215,0.346,0.437,46.422
276.160,31.031,0.335,0.437,46.471
276.180,32.432,0.329,0.437,46.474
276.200,33.328,0.311,0.437,46.434
276.220,33.750,0.294,0.437,46.353
276.240,33.686,0.277,0.437,46.237
276.260,33.100,0.257,0.437,46.096
276.280,32.057,0.233,0.437,45.941
276.300,30.527,0.207,0.437,45.779
276.320,28.564,0.182,0.437,45.622
276.340,26.180,0.162,0.437,45.482
276.360,23.379,0.130,0.437,45.364
276.380,20.256,0.110,0.437,45.278
276.400,16.846,0.079,0.437,45.227
276.420,13.154,0.058,0.437,45.215
276.440,9.328,0.033,0.437,45.244
276.460,5.314,0.012,0.437,45.311
276.480,1.260,-0.009,0.437,45.413
276.500,-2.836,-0.028,0.437,45.545
276.520,-6.896,-0.042,0.437,45.700
276.540,-10.852,-0.050,0.437,45.863
276.560,-14.625,-0.061,0.437,46.030
276.580,-18.176,-0.071,0.437,46.186
276.600,-21.475,-0.073,0.437,46.327
276.620,-24.439,-0.074,0.437,46.436
276.640,-27.041,-0.070,0.437,46.511
276.660,-29.238,-0.064,0.437,46.545
276.680,-31.025,-0.054,0.437,46.531
276.700,-32.297,-0.044,0.437,46.475
276.720,-33.105,-0.024,0.437,46.374
276.740,-33.410,-0.011,0.437,46.235
276.760,-33.264,0.008,0.437,46.064
276.780,-32.613,0.028,0.437,45.873
276.800,-31.459,0.054,0.437,45.671
276.820,-29.836,0.077,0.437,45.466
276.840,-27.768,0.103,0.437,45.271
276.860,-25.295,0.124,0.437,45.095
276.880,-22.418,0.157,0.437,44.946
276.900,-19.201,0.178,0.437,44.831
276.920,-15.732,0.208,0.437,44.755
276.940,-11.988,0.228,0.437,44.722
276.960,-8.092,0.255,0.436,44.730
276.980,-4.043,0.272,0.436,44.779
277.000,0.053,0.295,0.436,44.862
277.020,4.148,0.311,0.436,44.978
277.040,8.168,0.329,0.436,45.114
277.060,12.082,0.338,0.436,45.269
277.080,15.832,0.352,0.436,45.421
277.100,19.312,0.352,0.436,45.572
277.120,22.541,0.358,0.436,45.703
277.140,25.453,0.356,0.436,45.808
277.160,27.943,0.355,0.436,45.880
277.180,30.041,0.347,0.436,45.917
277.200,31.676,0.335,0.436,45.911
277.220,32.871,0.324,0.436,45.862
277.240,33.568,0.305,0.436,45.773
277.260,33.779,0.292,0.436,45.651
277.280,33.516,0.269,0.436,45.503
277.300,32.725,0.246,0.436,45.339
277.320,31.482,0.223,0.436,45.167
277.340,29.748,0.199,0.436,44.997
277.360,27.633,0.177,0.436,44.842
277.380,25.049,0.147,0.436,44.708
277.400,22.119,0.119,0.436,44.605
277.420,18.873,0.094,0.436,44.539
277.440,15.328,0.068,0.436,44.514
277.460,11.578,0.045,0.436,44.532
277.480,7.646,0.020,0.436,44.595
277.500,3.615,-0.000,0.436,44.698
277.520,-0.463,-0.017,0.436,44.839
277.540,-4.535,-0.033,0.436,45.009
277.560,-8.555,-0.050,0.436,45.201
277.580,-12.451,-0.058,0.436,45.405
277.600,-16.131,-0.067,0.436,45.611
277.620,-19.594,-0.075,0.436,45.807
277.640,-22.758,-0.076,0.436,45.984
277.660,-25.564,-0.075,0.436,46.131
277.680,-27.990,-0.072,0.436,46.243
277.700,-30.041,-0.060,0.436,46.312
277.720,-31.605,-0.055,0.436,46.336
277.740,-32.684,-0.041,0.436,46.319
277.760,-33.246,-0.024,0.436,46.259
277.780,-33.387,-0.007,0.436,46.163
277.800,-33.035,0.012,0.436,46.040
277.820,-32.180,0.035,0.436,45.901
277.840,-30.809,0.054,0.436,45.752
277.860,-28.986,0.084,0.436,45.606
277.880,-26.736,0.103,0.436,45.472
277.900,-24.100,0.135,0.436,45.361
277.920,-21.094,0.157,0.436,45.278
277.940,-17.760,0.183,0.436,45.230
277.960,-14.174,0.207,0.436,45.221
277.980,-10.354,0.235,0.436,45.253
278.000,-6.381,0.257,0.436,45.326
278.020,-2.326,0.279,0.436,45.435
278.040,1.787,0.293,0.436,45.576
278.060,5.848,0.313,0.436,45.739
278.080,9.820,0.329,0.436,45.920
278.100,13.693,0.340,0.436,46.109
278.120,17.326,0.346,0.436,46.291
278.140,20.713,0.350,0.436,46.458
278.160,23.801,0.352,0.436,46.599
278.180,26.549,0.352,0.436,46.708
278.200,28.869,0.348,0.436,46.777
278.220,30.773,0.338,0.436,46.798
278.240,32.256,0.328,0.436,46.777
278.260,33.229,0.313,0.436,46.707
278.280,33.715,0.296,0.436,46.595
278.300,33.721,0.278,0.436,46.450
278.320,33.240,0.257,0.436,46.278
278.340,32.256,0.238,0.436,46.089
278.360,30.803,0.212,0.436,45.894
278.380,28.910,0.183,0.436,45.702
278.400,26.607,0.164,0.436,45.525
278.420,23.865,0.128,0.436,45.371
278.440,20.789,0.110,0.436,45.248
278.460,17.414,0.077,0.436,45.161
278.480,13.781,0.059,0.436,45.114
278.500,9.937,0.030,0.436,45.107
278.520,5.971,0.015,0.436,45.140
278.540,1.910,-0.009,0.436,45.209
278.560,-2.191,-0.025,0.436,45.310
278.580,-6.246,-0.042,0.436,45.435
278.600,-10.219,-0.056,0.436,45.572
278.620,-14.016,-0.064,0.436,45.721
278.640,-17.625,-0.071,0.436,45.862
278.660,-20.977,-0.072,0.436,45.988
278.680,-23.988,-0.079,0.437,46.087
278.700,-26.654,-0.071,0.437,46.160
278.720,-28.904,-0.073,0.437,46.189
278.740,-30.773,-0.055,0.437,46.179
278.760,-32.121,-0.049,0.437,46.124
278.780,-33.035,-0.030,0.437,46.029
278.800,-33.381,-0.021,0.437,45.894
278.820,-33.316,0.004,0.437,45.734
278.840,-32.760,0.022,0.437,45.551
278.860,-31.670,0.046,0.437,45.357
278.880,-30.129,0.070,0.437,45.161
278.900,-28.137,0.095,0.437,44.973
278.920,-25.699,0.119,0.437,44.806
278.940,-22.904,0.149,0.437,44.666
278.960,-19.734,0.172,0.437,44.560
278.980,-16.289,0.202,0.437,44.494
279.000,-12.615,0.223,0.437,44.471
279.020,-8.707,0.247,0.437,44.491
279.040,-4.687,0.271,0.437,44.552
279.060,-0.592,0.286,0.437,44.654
279.080,3.480,0.310,0.437,44.786
279.100,7.518,0.327,0.437,44.946
279.120,11.449,0.335,0.437,45.121
279.140,15.246,0.347,0.437,45.299
279.160,18.779,0.351,0.437,45.476
279.180,22.037,0.356,0.437,45.636
279.200,25.014,0.358,0.437,45.774
279.220,27.545,0.352,0.437,45.879
279.240,29.730,0.346,0.437,45.945
279.260,31.453,0.338,0.437,45.967
279.280,32.713,0.327,0.437,45.949
279.300,33.498,0.310,0.437,45.889
279.320,33.779,0.294,0.437,45.793
279.340,33.580,0.271,0.437,45.670
279.360,32.889,0.252,0.437,45.526
279.380,31.699,0.229,0.437,45.371
279.400,30.047,0.205,0.437,45.216
279.420,27.996,0.178,0.437,45.072
279.440,25.494,0.154,0.437,44.947
279.460,22.611,0.126,0.437,44.850
279.480,19.395,0.103,0.437,44.788
279.500,15.920,0.071,0.437,44.765
279.520,12.170,0.049,0.437,44.784
279.540,8.285,0.028,0.437,44.845
279.560,4.271,0.008,0.437,44.944
279.580,0.182,-0.015,0.437,45.079
279.600,-3.879,-0.025,0.437,45.244
279.620,-7.939,-0.046,0.437,45.428
279.640,-11.836,-0.056,0.437,45.624
279.660,-15.557,-0.064,0.437,45.824
279.680,-19.061,-0.069,0.437,46.009
279.700,-22.271,-0.074,0.437,46.175
279.720,-25.154,-0.071,0.437,46.312
279.740,-27.627,-0.067,0.437,46.412
279.760,-29.736,-0.064,0.437,46.468
279.780,-31.389,-0.054,0.437,46.479
279.800,-32.543,-0.043,0.437,46.446
279.820,-33.199,-0.021,0.437,46.370
279.840,-33.404,-0.009,0.437,46.112
279.860,-33.111,0.010,0.437,46.112
279.880,-32.338,0.031,0.437,45.948
279.900,-31.055,0.057,0.437,45.773
279.920,-29.326,0.080,0.437,45.599
279.940,-27.129,0.103,0.437,45.435
279.960,-24.539,0.132,0.437,45.291
279.980,-21.598,0.157,0.437,45.175
280.000,-18.281,0.186,0.437,45.092
280.020,-14.766,0.209,0.437,45.049
280.040,-10.969,0.232,0.437,45.045
280.060,-7.025,0.254,0.437,45.082
280.080,-2.977,0.277,0.437,45.156
280.100,1.137,0.293,0.437,45.262
280.120,5.203,0.311,0.437,45.392
280.140,9.211,0.327,0.437,45.543
280.160,13.072,0.340,0.437,45.701
280.180,16.764,0.345,0.437,45.859
280.200,20.186,0.349,0.437,46.126
280.220,23.350,0.353,0.437,46.126
280.240,26.127,0.353,0.437,46.217
280.260,28.529,0.348,0.437,46.273
280.280,30.504,0.342,0.437,46.282
280.300,32.039,0.329,0.437,46.252
280.320,33.094,0.315,0.437,46.176
280.340,33.668,0.298,0.437,46.059
280.360,33.738,0.282,0.437,45.908
280.380,33.363,0.259,0.437,45.733
280.400,32.443,0.236,0.437,45.539
280.420,31.078,0.213,0.437,45.341
280.440,29.238,0.184,0.437,45.146
280.460,26.994,0.164,0.437,44.966
280.480,24.311,0.132,0.437,44.810
280.500,21.293,0.112,0.437,44.684
280.520,17.971,0.083,0.437,44.596
280.540,14.361,0.058,0.437,44.548
280.560,10.553,0.037,0.437,44.544
280.580,6.615,0.015,0.437,44.581
280.600,2.549,-0.008,0.437,44.658
280.620,-1.512,-0.021,0.437,44.768
280.640,-5.590,-0.042,0.437,44.904
280.660,-9.598,-0.052,0.437,45.064
280.680,-13.424,-0.063,0.437,45.231
280.700,-17.045,-0.071,0.437,45.395
280.720,-20.449,-0.073,0.437,45.549
280.740,-23.520,-0.081,0.439,45.679
280.760,-26.227,-0.071,0.439,45.786
280.780,-28.576,-0.071,0.439,45.851
280.800,-30.498,-0.062,0.439,45.878
280.820,-31.928,-0.054,0.439,45.863
280.840,-32.889,-0.038,0.439,45.808
280.860,-33.328,-0.020,0.439,45.714
280.880,-33.334,-0.003,0.439,45.589
280.900,-32.859,0.020,0.439,45.441
280.920,-31.857,0.044,0.439,45.281
280.940,-30.381,0.062,0.439,45.117
280.960,-28.430,0.091,0.439,44.960
280.980,-26.080,0.111,0.439,44.821
281.000,-23.361,0.143,0.439,44.707
281.020,-20.244,0.162,0.439,44.626
281.040,-16.840,0.195,0.439,44.585
281.060,-13.184,0.212,0.439,44.585
281.080,-9.328,0.240,0.439,44.628
281.100,-5.320,0.261,0.439,44.712
281.120,-1.242,0.288,0.439,44.835
281.140,2.842,0.298,0.439,44.993
281.160,6.902,0.319,0.439,45.173
281.180,10.852,0.330,0.439,45.374
281.200,14.660,0.343,0.439,45.577
281.220,18.223,0.348,0.439,45.778
281.240,21.551,0.356,0.439,45.960
281.260,24.568,0.353,0.439,46.125
281.280,27.176,0.353,0.439,46.249
281.300,29.408,0.348,0.439,46.341
281.320,31.201,0.339,0.439,46.383
281.340,32.555,0.327,0.439,46.383
281.360,33.398,0.310,0.439,46.336
281.380,33.762,0.295,0.439,46.253
281.400,33.650,0.274,0.439,46.136
281.420,33.035,0.254,0.439,45.996
281.440,31.916,0.230,0.439,45.841
281.460,30.334,0.211,0.439,45.683
281.480,28.348,0.176,0.439,45.533
281.500,25.916,0.162,0.439,45.398
281.520,23.074,0.124,0.439,45.288
281.540,19.934,0.111,0.439,45.211
281.560,16.482,0.073,0.439,45.170
281.580,12.773,0.055,0.439,45.170
281.600,8.918,0.029,0.439,45.210
281.620,4.910,0.013,0.439,45.290
281.640,0.844,-0.011,0.439,45.400
281.660,-3.258,-0.027,0.439,45.543
281.680,-7.277,-0.044,0.439,45.708
281.700,-11.238,-0.053,0.439,45.883
281.720,-14.977,-0.067,0.439,46.058
281.740,-18.527,-0.069,0.439,46.225
281.760,-21.803,-0.074,0.439,46.372
281.780,-24.715,-0.075,0.439,46.491
281.800,-27.275,-0.068,0.439,46.573
281.820,-29.432,-0.065,0.439,46.609
281.840,-31.160,-0.054,0.439,46.604
281.860,-32.396,-0.042,0.439,46.553
281.880,-33.135,-0.024,0.439,46.457
281.900,-33.404,-0.009,0.439,46.322
281.920,-33.199,0.012,0.439,46.157
281.940,-32.496,0.030,0.439,45.971
281.960,-31.301,0.054,0.439,45.775
281.980,-29.625,0.079,0.439,45.578
282.000,-27.521,0.100,0.439,45.390
282.020,-24.984,0.132,0.439,45.222
282.040,-22.066,0.157,0.439,45.082
282.060,-18.855,0.179,0.439,44.975
282.080,-15.346,0.204,0.439,44.907
282.100,-11.596,0.232,0.439,44.881
282.120,-7.658,0.254,0.439,44.896
282.140,-3.621,0.277,0.439,44.950
282.160,0.480,0.294,0.439,45.041
282.180,4.576,0.315,0.439,45.156
282.200,8.572,0.327,0.439,45.298
282.220,12.492,0.338,0.439,45.450
282.240,16.189,0.348,0.439,45.744
282.260,19.676,0.352,0.439,45.744
282.280,22.852,0.358,0.439,45.868
282.300,25.717,0.355,0.439,45.966
282.320,28.166,0.350,0.439,46.027
282.340,30.217,0.341,0.439,46.051
282.360,31.828,0.333,0.439,46.030
282.380,32.959,0.323,0.439,45.970
282.400,33.615,0.305,0.439,45.868
282.420,33.791,0.286,0.439,45.735
282.440,33.445,0.265,0.439,45.576
282.460,32.602,0.243,0.439,45.399
282.480,31.318,0.220,0.439,45.215
282.500,29.543,0.195,0.439,45.035
282.520,27.393,0.169,0.439,44.870
282.540,24.750,0.147,0.439,44.727
282.560,21.803,0.116,0.439,44.615
282.580,18.533,0.093,0.439,44.541
282.600,14.936,0.064,0.439,44.508
282.620,11.168,0.043,0.439,44.519
282.640,7.230,0.020,0.439,44.571
282.660,3.217,-0.003,0.439,44.666
282.680,-0.885,-0.020,0.439,44.795
282.700,-4.963,-0.038,0.439,44.954
282.720,-8.965,-0.053,0.439,45.134
282.740,-12.832,-0.058,0.439,45.328
282.760,-16.482,-0.071,0.439,45.517
282.780,-19.934,-0.074,0.439,45.698
282.800,-23.039,-0.079,0.439,45.859
282.820,-25.852,-0.074,0.439,45.993
282.840,-28.236,-0.069,0.439,46.088
282.860,-30.205,-0.065,0.439,46.143
282.880,-31.717,-0.055,0.439,46.155
282.900,-32.760,-0.040,0.439,46.125
282.920,-33.305,-0.025,0.439,46.053
282.940,-33.381,-0.006,0.439,45.949
282.960,-32.953,0.009,0.439,45.818
282.980,-32.062,0.037,0.439,45.672
283.000,-30.650,0.053,0.439,45.518
283.020,-28.799,0.087,0.439,45.370
283.040,-26.502,0.105,0.439,45.234
283.060,-23.818,0.136,0.439,45.122
283.080,-20.771,0.158,0.439,45.041
283.100,-17.402,0.190,0.439,44.996
283.120,-13.811,0.207,0.439,44.992
283.140,-9.984,0.238,0.439,45.026
283.160,-5.988,0.254,0.439,45.104
283.180,-1.916,0.283,0.439,45.216
283.200,2.203,0.297,0.439,45.362
283.220,6.264,0.315,0.439,45.532
283.240,10.225,0.327,0.439,45.718
283.260,14.068,0.339,0.439,45.908
283.280,17.684,0.349,0.439,46.094
283.300,21.035,0.352,0.439,46.264
283.320,24.117,0.355,0.439,46.413
283.340,26.801,0.350,0.439,46.522
283.360,29.074,0.346,0.439,46.592
283.380,30.943,0.337,0.439,46.618
283.400,32.355,0.326,0.439,46.599
283.420,33.305,0.312,0.439,46.534
283.440,33.738,0.297,0.439,46.427
283.460,33.691,0.278,0.439,46.288
283.480,33.158,0.257,0.439,46.122
283.500,32.133,0.234,0.439,45.940
283.520,30.609,0.212,0.439,45.754
283.540,28.699,0.179,0.439,45.572
283.560,26.320,0.160,0.439,45.405
283.580,23.555,0.128,0.439,45.262
283.600,20.432,0.104,0.439,45.150
283.620,17.045,0.078,0.439,45.074
283.640,13.371,0.057,0.439,45.037
283.660,9.498,0.029,0.439,45.041
283.680,5.531,0.012,0.439,45.085
283.700,1.465,-0.013,0.439,45.166
283.720,-2.631,-0.027,0.439,45.275
283.740,-6.680,-0.044,0.439,45.408
283.760,-10.664,-0.056,0.439,45.554
283.780,-14.443,-0.062,0.439,45.706
283.800,-18.035,-0.072,0.439,45.977
283.820,-21.328,-0.072,0.439,45.977
283.840,-24.311,-0.077,0.439,46.076
283.860,-26.947,-0.071,0.439,46.146
283.880,-29.180,-0.067,0.439,46.175
283.900,-30.979,-0.058,0.439,46.162
283.920,-32.297,-0.045,0.439,46.104
283.940,-33.135,-0.032,0.439,46.003
283.960,-33.428,-0.013,0.439,45.867
283.980,-33.334,0.008,0.439,45.700
284.000,-32.713,0.026,0.439,45.512
284.020,-31.600,0.050,0.439,45.314
284.040,-29.977,0.074,0.439,45.116
284.060,-27.920,0.100,0.439,44.925
284.080,-25.459,0.120,0.439,44.756
284.100,-22.635,0.154,0.439,44.614
284.120,-19.424,0.178,0.439,44.507
284.140,-15.943,0.203,0.439,44.441
284.160,-12.223,0.224,0.439,44.416
284.180,-8.309,0.253,0.439,44.434
284.200,-4.295,0.271,0.439,44.494
284.220,-0.199,0.298,0.439,44.591
284.240,3.891,0.307,0.439,44.723
284.260,7.934,0.331,0.439,44.876
284.280,11.842,0.336,0.439,45.047
284.300,15.615,0.352,0.439,45.221
284.320,19.119,0.352,0.439,45.391
284.340,22.359,0.360,0.441,45.542
284.360,25.295,0.352,0.441,45.673
284.380,27.791,0.352,0.441,45.763
284.400,29.924,0.347,0.441,45.820
284.420,31.594,0.340,0.441,45.835
284.440,32.818,0.323,0.441,45.810
284.460,33.551,0.313,0.441,45.740
284.480,33.773,0.290,0.441,45.640
284.500,33.533,0.273,0.441,45.510
284.520,32.783,0.253,0.441,45.364
284.540,31.547,0.224,0.441,45.209
284.560,29.854,0.203,0.441,45.054
284.580,27.756,0.178,0.441,44.912
284.600,25.207,0.156,0.441,44.791
284.620,22.283,0.123,0.441,44.699
284.640,19.043,0.101,0.441,44.643
284.660,15.521,0.070,0.441,44.627
284.680,11.783,0.051,0.441,44.654
284.700,7.863,0.028,0.441,44.722
284.720,3.844,0.010,0.441,44.831
284.740,-0.240,-0.013,0.441,44.972
284.760,-4.318,-0.028,0.441,45.146
284.780,-8.355,-0.050,0.441,45.338
284.800,-12.240,-0.054,0.441,45.544
284.820,-15.937,-0.067,0.441,45.747
284.840,-19.424,-0.069,0.441,45.940
284.860,-22.623,-0.071,0.441,46.114
284.880,-25.424,-0.074,0.441,46.254
284.900,-27.891,-0.067,0.441,46.359
284.920,-29.930,-0.063,0.441,46.419
284.940,-31.547,-0.054,0.441,46.436
284.960,-32.672,-0.035,0.441,46.410
284.980,-33.264,-0.025,0.441,46.229
285.000,-33.428,-0.005,0.441,46.229
285.020,-33.076,0.012,0.441,46.091
285.040,-32.262,0.036,0.441,45.935
285.060,-30.937,0.057,0.441,45.768
285.080,-29.133,0.087,0.441,45.603
285.100,-26.895,0.101,0.441,45.448
285.120,-24.264,0.133,0.441,45.314
285.140,-21.270,0.158,0.441,45.208
285.160,-17.947,0.185,0.441,45.135
285.180,-14.396,0.210,0.441,45.101
285.200,-10.582,0.235,0.441,45.105
285.220,-6.609,0.254,0.441,45.150
285.240,-2.525,0.280,0.441,45.230
285.260,1.553,0.297,0.441,45.343
285.280,5.619,0.315,0.441,45.480
285.300,9.592,0.331,0.441,45.636
285.320,13.477,0.338,0.441,45.796
285.340,17.133,0.351,0.441,45.952
285.360,20.514,0.349,0.441,46.096
285.380,23.648,0.354,0.441,46.214
285.400,26.396,0.353,0.441,46.299
285.420,28.752,0.344,0.441,46.345
285.440,30.674,0.339,0.441,46.347
285.460,32.168,0.327,0.441,46.307
285.480,33.182,0.314,0.441,46.221
285.500,33.703,0.297,0.441,46.096
285.520,33.732,0.277,0.441,45.936
285.540,33.281,0.259,0.441,45.753
285.560,32.320,0.236,0.441,45.348
285.580,30.908,0.212,0.441,45.348
285.600,29.021,0.183,0.441,45.146
285.620,26.742,0.161,0.441,44.960
285.640,24.012,0.134,0.441,44.798
285.660,20.953,0.109,0.441,44.668
285.680,17.613,0.081,0.441,44.575
285.700,13.957,0.059,0.441,44.522
285.720,10.160,0.030,0.441,44.513
285.740,6.182,0.012,0.438,44.544
285.760,2.145,-0.009,0.438,44.616
285.780,-1.951,-0.025,0.438,44.721
285.800,-6.018,-0.040,0.438,44.851
285.820,-10.002,-0.056,0.438,44.998
285.840,-13.840,-0.062,0.438,45.156
285.860,-17.414,-0.075,0.438,45.311
285.880,-20.795,-0.073,0.438,45.456
285.900,-23.830,-0.079,0.438,45.577
285.920,-26.520,-0.075,0.438,45.668
285.940,-28.811,-0.071,0.438,45.723
285.960,-30.668,-0.061,0.438,45.738
285.980,-32.080,-0.050,0.438,45.711
286.000,-32.988,-0.034,0.438,45.541
286.020,-33.393,-0.019,0.438,45.541
286.040,-33.352,0.004,0.438,45.408
286.060,-32.783,0.020,0.438,45.252
286.080,-31.740,0.047,0.438,45.087
286.100,-30.205,0.065,0.438,44.919
286.120,-28.242,0.094,0.438,44.760
286.140,-25.869,0.120,0.438,44.619
286.160,-23.057,0.146,0.438,44.427
286.180,-19.928,0.170,0.438,44.427
286.200,-16.482,0.198,0.438,44.388
286.220,-12.832,0.216,0.438,44.392
286.240,-8.947,0.243,0.438,44.438
286.260,-4.922,0.262,0.438,44.526
286.280,-0.844,0.289,0.438,44.653
286.300,3.252,0.301,0.438,44.815
286.320,7.301,0.323,0.438,44.999
286.340,11.238,0.333,0.438,45.203
286.360,15.035,0.344,0.438,45.409
286.380,18.586,0.352,0.438,45.613
286.400,21.861,0.356,0.438,45.799
286.420,24.855,0.360,0.438,45.963
286.440,27.428,0.352,0.438,46.094
286.460,29.619,0.348,0.438,46.184
286.480,31.354,0.339,0.438,46.230
286.500,32.660,0.325,0.438,46.231
286.520,33.463,0.310,0.438,46.189
286.540,33.762,0.294,0.438,46.108
286.560,33.604,0.271,0.438,45.997
286.580,32.924,0.256,0.438,45.861
286.600,31.781,0.229,0.438,45.716
286.620,30.152,0.208,0.438,45.566
286.640,28.119,0.176,0.438,45.426
286.660,25.641,0.157,0.438,45.302
286.680,22.764,0.124,0.438,45.205
286.700,19.582,0.105,0.438,45.140
286.720,16.096,0.076,0.438,45.113
286.740,12.387,0.053,0.438,45.125
286.760,8.496,0.028,0.438,45.179
286.780,4.465,0.008,0.438,45.271
286.800,0.410,-0.011,0.438,45.400
286.820,-3.697,-0.029,0.438,45.552
286.840,-7.717,-0.042,0.438,45.728
286.860,-11.684,-0.054,0.438,45.911
286.880,-15.381,-0.062,0.438,46.098
286.900,-18.902,-0.072,0.438,46.268
286.920,-22.125,-0.071,0.438,46.425
286.940,-25.014,-0.075,0.438,46.542
286.960,-27.551,-0.067,0.438,46.628
286.980,-29.672,-0.062,0.438,46.668
287.000,-31.342,-0.050,0.438,46.666
287.020,-32.531,-0.038,0.438,46.612
287.040,-33.211,-0.023,0.438,46.519
287.060,-33.463,-0.007,0.438,46.386
287.080,-33.176,0.014,0.438,46.225
287.100,-32.432,0.032,0.438,46.042
287.120,-31.195,0.059,0.438,45.849
287.140,-29.443,0.083,0.438,45.655
287.160,-27.316,0.105,0.438,45.472
287.180,-24.732,0.132,0.438,45.309
287.200,-21.803,0.158,0.438,45.072
287.220,-18.527,0.186,0.438,45.072
287.240,-14.977,0.207,0.438,45.011
287.260,-11.215,0.236,0.438,44.988
287.280,-7.254,0.255,0.438,45.008
287.300,-3.223,0.278,0.438,45.063
287.320,0.896,0.301,0.438,45.154
287.340,4.969,0.317,0.438,45.274
287.360,8.971,0.329,0.438,45.418
287.380,12.867,0.340,0.438,45.566
287.400,16.553,0.352,0.438,45.716
287.420,20.010,0.353,0.438,45.856
287.440,23.174,0.356,0.438,45.973
287.460,25.998,0.353,0.438,46.064
287.480,28.400,0.350,0.438,46.116
287.500,30.404,0.344,0.438,46.131
287.520,31.969,0.332,0.438,46.106
287.540,33.047,0.314,0.438,46.032
287.560,33.662,0.301,0.438,45.921
287.580,33.773,0.281,0.438,45.777
287.600,33.381,0.263,0.438,45.609
287.620,32.514,0.243,0.438,45.426
287.640,31.166,0.218,0.438,45.238
287.660,29.338,0.194,0.438,45.053
287.680,27.129,0.166,0.438,44.885
287.700,24.463,0.141,0.438,44.740
287.720,21.475,0.116,0.438,44.627
287.740,18.152,0.087,0.438,44.551
287.760,14.555,0.063,0.438,44.517
287.780,10.764,0.039,0.438,44.528
287.800,6.832,0.020,0.438,44.580
287.820,2.777,-0.001,0.438,44.672
287.840,-1.318,-0.023,0.438,44.800
287.860,-5.373,-0.033,0.438,45.135
287.880,-9.393,-0.055,0.438,45.135
287.900,-13.225,-0.061,0.438,45.324
287.920,-16.863,-0.071,0.438,45.513
287.940,-20.285,-0.071,0.438,45.688
287.960,-23.379,-0.079,0.438,45.842
287.980,-26.109,-0.072,0.438,45.971
288.000,-28.459,-0.072,0.438,46.057
288.020,-30.393,-0.059,0.438,46.107
288.040,-31.857,-0.053,0.438,46.110
288.060,-32.854,-0.032,0.438,46.074
288.080,-33.334,-0.025,0.438,45.994
288.100,-33.369,-0.002,0.438,45.888
288.120,-32.877,0.013,0.438,45.755
288.140,-31.951,0.043,0.438,45.609
288.160,-30.463,0.060,0.438,45.456
288.180,-28.582,0.090,0.438,45.309
288.200,-26.238,0.108,0.438,45.177
288.220,-23.520,0.138,0.438,45.070
288.240,-20.437,0.156,0.438,44.994
288.260,-17.021,0.197,0.438,44.955
288.280,-13.412,0.209,0.438,44.958
288.300,-9.551,0.244,0.438,45.001
288.320,-5.555,0.258,0.438,45.086
288.340,-1.482,0.288,0.438,45.207
288.360,2.619,0.294,0.438,45.362
288.380,6.668,0.323,0.438,45.534
288.400,10.623,0.323,0.438,45.730
288.420,14.437,0.346,0.438,45.920
288.440,18.053,0.346,0.438,46.117
288.460,21.357,0.354,0.438,46.288
288.480,24.416,0.348,0.438,46.439
288.500,27.035,0.356,0.438,46.625
288.520,29.297,0.344,0.438,46.625
288.540,31.119,0.340,0.438,46.651
288.560,32.484,0.323,0.438,46.635
288.580,33.375,0.313,0.438,46.569
288.600,33.762,0.295,0.438,46.466
288.620,33.662,0.274,0.438,46.328
288.640,33.088,0.256,0.438,46.166
288.660,31.998,0.230,0.438,45.989
288.680,30.457,0.208,0.438,45.808
288.700,28.471,0.180,0.438,45.633
288.720,26.057,0.154,0.438,45.473
288.740,23.244,0.128,0.438,45.338
288.760,20.115,0.105,0.438,45.235
288.780,16.676,0.071,0.438,45.169
288.800,12.979,0.058,0.438,45.143
288.820,9.117,0.020,0.438,45.155
288.840,5.115,0.017,0.438,45.210
288.860,1.055,-0.022,0.438,45.295
288.880,-3.047,-0.018,0.438,45.417
288.900,-7.090,-0.049,0.438,45.552
288.920,-11.039,-0.050,0.438,45.707
288.940,-14.824,-0.071,0.438,45.859
288.960,-18.352,-0.063,0.438,46.012
288.980,-21.650,-0.081,0.441,46.136
289.000,-24.604,-0.067,0.441,46.247
289.020,-27.182,-0.082,0.442,46.309
289.040,-29.385,-0.057,0.442,46.345
289.060,-31.113,-0.061,0.442,46.324
289.080,-32.391,-0.036,0.442,46.267
289.100,-33.158,-0.033,0.442,46.160
289.120,-33.434,-0.009,0.442,46.026
289.140,-33.270,0.008,0.442,45.857
289.160,-32.596,0.029,0.442,45.670
289.180,-31.436,0.055,0.442,45.473
289.200,-29.760,0.079,0.442,45.276
289.220,-27.668,0.103,0.442,45.088
289.240,-25.184,0.126,0.442,44.922
289.260,-22.289,0.155,0.442,44.784
289.280,-19.055,0.179,0.442,44.681
289.300,-15.574,0.205,0.442,44.619
289.320,-11.824,0.229,0.442,44.599
289.340,-7.922,0.256,0.442,44.623
289.360,-3.873,0.271,0.442,44.688
289.380,0.229,0.296,0.442,44.787
289.400,4.324,0.311,0.442,44.921
289.420,8.332,0.331,0.442,45.075
289.440,12.246,0.339,0.442,45.246
289.460,15.984,0.349,0.442,45.418
289.480,19.459,0.353,0.442,45.733
289.500,22.682,0.355,0.442,45.733
289.520,25.559,0.356,0.442,45.857
289.540,28.037,0.354,0.442,45.944
289.560,30.117,0.346,0.442,45.995
289.580,31.746,0.339,0.442,46.002
289.600,32.906,0.322,0.442,45.968
289.620,33.592,0.311,0.442,45.893
289.640,33.773,0.289,0.442,45.787
289.660,33.486,0.270,0.442,45.651
289.680,32.666,0.248,0.442,45.500
289.700,31.406,0.226,0.442,45.340
289.720,29.672,0.196,0.442,45.182
289.740,27.504,0.175,0.442,45.037
289.760,24.937,0.149,0.442,44.915
289.780,21.955,0.124,0.442,44.822
289.800,18.703,0.095,0.442,44.766
289.820,15.141,0.073,0.442,44.750
289.840,11.385,0.045,0.442,44.845
289.860,7.447,0.025,0.442,44.845
289.880,3.422,0.006,0.442,44.953
289.900,-0.639,-0.019,0.442,45.097
289.920,-4.740,-0.030,0.442,45.271
289.940,-8.766,-0.049,0.442,45.461
289.960,-12.645,-0.057,0.442,45.663
289.980,-16.312,-0.066,0.442,45.865
290.000,-19.746,-0.072,0.442,46.053
290.020,-22.916,-0.070,0.442,46.220
290.040,-25.676,-0.073,0.442,46.351
290.060,-28.137,-0.067,0.442,46.449
290.080,-30.135,-0.062,0.442,46.504
290.100,-31.682,-0.053,0.442,46.514
290.120,-32.742,-0.038,0.442,46.476
290.140,-33.287,-0.024,0.442,46.397
290.160,-33.434,-0.006,0.442,46.283
290.180,-33.012,0.015,0.442,46.143
290.200,-32.139,0.034,0.442,45.984
290.220,-30.773,0.058,0.442,45.817
290.240,-28.904,0.089,0.442,45.653
290.260,-26.654,0.106,0.442,45.499
290.280,-23.988,0.139,0.442,45.368
290.300,-20.941,0.155,0.442,45.265
290.320,-17.619,0.190,0.442,45.197
290.340,-14.010,0.207,0.442,45.168
290.360,-10.184,0.241,0.442,45.178
290.380,-6.199,0.253,0.442,45.228
290.400,-2.133,0.284,0.442,45.311
290.420,1.969,0.294,0.442,45.432
290.440,6.047,0.319,0.442,45.569
290.460,10.008,0.325,0.442,45.730
290.480,13.863,0.340,0.442,45.890
290.500,17.484,0.345,0.442,46.048
290.520,20.854,0.352,0.442,46.187
290.540,23.953,0.351,0.442,46.307
290.560,26.660,0.355,0.442,46.387
290.580,28.975,0.344,0.442,46.436
290.600,30.850,0.340,0.442,46.434
290.620,32.309,0.327,0.442,46.391
290.640,33.258,0.310,0.442,46.299
290.660,33.732,0.297,0.442,46.172
290.680,33.709,0.275,0.442,46.010
290.700,33.205,0.259,0.442,45.825
290.720,32.186,0.232,0.442,45.623
290.740,30.727,0.211,0.442,45.417
290.760,28.799,0.178,0.442,45.216
290.780,26.484,0.162,0.442,45.031
290.800,23.719,0.128,0.442,44.871
290.820,20.631,0.111,0.442,44.743
290.840,17.256,0.075,0.442,44.652
290.860,13.582,0.056,0.442,44.601
290.880,9.768,0.027,0.442,44.595
290.900,5.760,0.013,0.442,44.629
290.920,1.729,-0.010,0.442,44.701
290.940,-2.385,-0.026,0.442,44.801
290.960,-6.434,-0.046,0.442,44.932
290.980,-10.406,-0.054,0.442,45.075
291.000,-14.215,-0.065,0.442,45.229
291.020,-17.783,-0.074,0.442,45.375
291.040,-21.135,-0.074,0.442,45.513
291.060,-24.135,-0.078,0.442,45.619
291.080,-26.771,-0.072,0.442,45.704
291.100,-29.027,-0.071,0.442,45.746
291.120,-30.838,-0.059,0.442,45.752
291.140,-32.186,-0.050,0.442,45.711
291.160,-33.064,-0.027,0.442,45.635
291.180,-33.387,-0.021,0.442,45.517
291.200,-33.305,0.009,0.442,45.375
291.220,-32.713,0.019,0.442,45.209
291.240,-31.629,0.049,0.442,45.035
291.260,-30.064,0.066,0.442,44.859
291.280,-28.025,0.097,0.442,44.695
291.300,-25.576,0.116,0.442,44.548
291.320,-22.764,0.147,0.442,44.431
291.340,-19.594,0.171,0.442,44.348
291.360,-16.131,0.203,0.442,44.306
291.380,-12.445,0.220,0.442,44.307
291.400,-8.537,0.252,0.442,44.353
291.420,-4.500,0.266,0.438,44.438
291.440,-0.434,0.291,0.438,44.567
291.460,3.674,0.305,0.438,44.720
291.480,7.699,0.324,0.438,44.903
291.500,11.631,0.336,0.438,45.098
291.520,15.404,0.347,0.438,45.306
291.540,18.937,0.355,0.438,45.498
291.560,22.184,0.356,0.438,45.687
291.580,25.148,0.355,0.438,45.838
291.600,27.680,0.353,0.438,45.967
291.620,29.818,0.346,0.438,46.044
291.640,31.512,0.337,0.438,46.087
291.660,32.754,0.327,0.438,46.077
291.680,33.521,0.307,0.438,46.035
291.700,33.773,0.294,0.438,45.949
291.720,33.562,0.269,0.438,45.837
291.740,32.824,0.257,0.438,45.701
291.760,31.641,0.223,0.438,45.557
291.780,29.965,0.202,0.438,45.409
291.800,27.885,0.173,0.438,45.271
291.820,25.354,0.156,0.438,45.153
291.840,22.459,0.120,0.438,45.062
291.860,19.248,0.103,0.438,45.005
291.880,15.721,0.071,0.438,44.985
291.900,11.988,0.055,0.438,45.007
291.920,8.080,0.025,0.438,45.068
291.940,4.049,0.012,0.438,45.300
291.960,-0.012,-0.017,0.438,45.300
291.980,-4.113,-0.027,0.438,45.464
292.000,-8.145,-0.046,0.438,45.646
292.020,-12.047,-0.054,0.438,45.838
292.040,-15.756,-0.064,0.438,46.027
292.060,-19.242,-0.069,0.438,46.204
292.080,-22.459,-0.071,0.438,46.358
292.100,-25.301,-0.071,0.438,46.482
292.120,-27.791,-0.069,0.438,46.569
292.140,-29.865,-0.058,0.438,46.613
292.160,-31.477,-0.054,0.438,46.609
292.180,-32.637,-0.033,0.438,46.561
292.200,-33.258,-0.025,0.438,46.468
292.220,-33.451,-0.004,0.438,46.339
292.240,-33.123,0.016,0.438,46.180
292.260,-32.326,0.037,0.438,46.001
292.280,-31.031,0.060,0.438,45.812
292.300,-29.250,0.087,0.438,45.623
292.320,-27.076,0.106,0.438,45.446
292.340,-24.457,0.135,0.438,45.290
292.360,-21.469,0.160,0.438,45.161
292.380,-18.146,0.186,0.438,45.068
292.400,-14.596,0.211,0.438,45.012
292.420,-10.828,0.235,0.438,44.998
292.440,-6.850,0.256,0.438,45.023
292.460,-2.777,0.278,0.438,45.084
292.480,1.318,0.299,0.438,45.182
292.500,5.391,0.314,0.438,45.304
292.520,9.387,0.332,0.438,45.446
292.540,13.260,0.340,0.438,45.597
292.560,16.928,0.348,0.438,45.745
292.580,20.344,0.354,0.438,45.883
292.600,23.473,0.352,0.438,45.996
292.620,26.256,0.354,0.438,46.079
292.640,28.623,0.349,0.438,46.126
292.660,30.580,0.336,0.438,46.135
292.680,32.104,0.331,0.438,46.096
292.700,33.141,0.315,0.438,46.018
292.720,33.691,0.299,0.438,45.900
292.740,33.732,0.281,0.438,45.751
292.760,33.322,0.257,0.438,45.577
292.780,32.391,0.238,0.438,45.387
292.800,30.990,0.213,0.438,45.194
292.820,29.133,0.188,0.438,45.005
292.840,26.871,0.166,0.438,44.833
292.860,24.170,0.140,0.438,44.685
292.880,21.135,0.112,0.438,44.569
292.900,17.801,0.083,0.438,44.492
292.920,14.191,0.062,0.438,44.456
292.940,10.371,0.038,0.438,44.465
292.960,6.422,0.015,0.438,44.513
292.980,2.355,-0.004,0.438,44.606
293.000,-1.723,-0.024,0.438,44.728
293.020,-5.807,-0.038,0.438,44.883
293.040,-9.773,-0.054,0.438,45.052
293.060,-13.611,-0.064,0.438,45.235
293.080,-17.227,-0.071,0.438,45.414
293.100,-20.596,-0.072,0.438,45.584
293.120,-23.666,-0.075,0.438,45.727
293.140,-26.350,-0.075,0.438,45.847
293.160,-28.682,-0.068,0.438,45.927
293.180,-30.580,-0.063,0.438,45.967
293.200,-31.992,-0.053,0.438,45.966
293.220,-32.936,-0.035,0.438,45.921
293.240,-33.340,-0.023,0.438,45.839
293.260,-33.340,0.003,0.438,45.727
293.280,-32.818,0.014,0.438,45.590
293.300,-31.816,0.041,0.438,45.441
293.320,-30.311,0.062,0.438,45.288
293.340,-28.318,0.091,0.438,45.141
293.360,-25.975,0.112,0.438,45.012
293.380,-23.232,0.145,0.438,44.908
293.400,-20.080,0.162,0.438,44.836
293.420,-16.687,0.198,0.438,44.803
293.440,-13.008,0.215,0.438,44.812
293.460,-9.152,0.244,0.438,44.863
293.480,-5.145,0.262,0.438,44.953
293.500,-1.061,0.288,0.438,45.081
293.520,3.035,0.305,0.438,45.242
293.540,7.084,0.321,0.438,45.428
293.560,11.016,0.333,0.438,45.627
293.580,14.836,0.346,0.438,45.831
293.600,18.393,0.349,0.438,46.032
293.620,21.691,0.355,0.438,46.210
293.640,24.709,0.354,0.438,46.366
293.660,27.293,0.354,0.438,46.483
293.680,29.514,0.344,0.438,46.565
293.700,31.266,0.339,0.438,46.596
293.720,32.596,0.327,0.438,46.586
293.740,33.428,0.308,0.438,46.526
293.760,33.768,0.298,0.438,46.431
293.780,33.627,0.270,0.438,46.301
293.800,32.971,0.256,0.438,46.149
293.820,31.857,0.226,0.438,45.982
293.840,30.258,0.208,0.438,45.813
293.860,28.242,0.174,0.438,45.650
293.880,25.775,0.157,0.438,45.504
293.900,22.939,0.123,0.438,45.383
293.920,19.758,0.105,0.438,45.295
293.940,16.295,0.070,0.438,45.244
293.960,12.586,0.055,0.438,45.233
293.980,8.707,0.020,0.438,45.262
294.000,4.693,0.012,0.438,45.332
294.020,0.627,-0.015,0.434,45.434
294.040,-3.463,-0.029,0.434,45.565
294.060,-7.512,-0.042,0.434,45.717
294.080,-11.443,-0.056,0.434,45.879
294.100,-15.205,-0.061,0.434,46.045
294.120,-18.715,-0.072,0.434,46.199
294.140,-21.984,-0.072,0.434,46.337
294.160,-24.885,-0.075,0.434,46.442
294.180,-27.422,-0.071,0.434,46.514
294.200,-29.572,-0.064,0.434,46.543
294.220,-31.271,-0.052,0.434,46.528
294.240,-32.490,-0.042,0.434,46.467
294.260,-33.223,-0.024,0.434,46.364
294.280,-33.439,-0.011,0.434,46.225
294.300,-33.234,0.017,0.434,46.056
294.320,-32.490,0.030,0.434,45.868
294.340,-31.295,0.059,0.434,45.670
294.360,-29.578,0.080,0.434,45.471
294.380,-27.422,0.105,0.434,45.284
294.400,-24.896,0.132,0.434,45.118
294.420,-21.955,0.156,0.434,44.981
294.440,-18.721,0.183,0.434,44.879
294.460,-15.193,0.210,0.434,44.818
294.480,-11.432,0.228,0.434,44.797
294.500,-7.494,0.257,0.434,44.819
294.520,-3.428,0.277,0.434,44.880
294.540,0.639,0.300,0.434,44.980
294.560,4.734,0.315,0.434,45.107
294.580,8.748,0.331,0.434,45.258
294.600,12.662,0.340,0.434,45.419
294.620,16.359,0.349,0.434,45.582
294.640,19.799,0.355,0.434,45.735
294.660,23.010,0.356,0.434,45.870
294.680,25.822,0.355,0.434,45.976
294.700,28.283,0.355,0.434,46.050
294.720,30.311,0.344,0.434,46.083
294.740,31.898,0.337,0.434,46.076
294.760,33.018,0.322,0.434,46.024
294.780,33.639,0.308,0.434,45.936
294.800,33.779,0.286,0.434,45.814
294.820,33.428,0.269,0.434,45.665
294.840,32.578,0.248,0.434,45.501
294.860,31.242,0.221,0.434,45.331
294.880,29.461,0.197,0.434,45.164
294.900,27.275,0.178,0.434,45.012
294.920,24.639,0.141,0.434,44.883
294.940,21.645,0.121,0.434,44.785
294.960,18.375,0.091,0.434,44.724
294.980,14.771,0.065,0.434,44.705
295.000,10.998,0.046,0.434,44.729
295.020,7.049,0.019,0.434,44.793
295.040,3.000,0.004,0.434,44.899
295.060,-1.066,-0.021,0.434,45.038
295.080,-5.168,-0.032,0.434,45.208
295.100,-9.176,-0.048,0.434,45.396
295.120,-13.020,-0.059,0.434,45.593
295.140,-16.646,-0.069,0.434,45.789
295.160,-20.080,-0.073,0.434,45.974
295.180,-23.227,-0.072,0.434,46.135
295.200,-25.969,-0.073,0.434,46.265
295.220,-28.348,-0.069,0.434,46.359
295.240,-30.299,-0.059,0.434,46.406
295.260,-31.787,-0.054,0.434,46.411
295.280,-32.836,-0.035,0.434,46.375
295.300,-33.322,-0.024,0.434,46.295
295.320,-33.387,-0.003,0.434,46.183
295.340,-32.941,0.014,0.434,46.042
295.360,-32.010,0.039,0.434,45.887
295.380,-30.580,0.060,0.434,45.724
295.400,-28.687,0.093,0.434,45.566
295.420,-26.396,0.105,0.434,45.420
295.440,-23.689,0.141,0.434,45.298
295.460,-20.607,0.163,0.434,45.206
295.480,-17.244,0.195,0.434,45.149
295.500,-13.629,0.211,0.434,45.132
295.520,-9.785,0.242,0.434,45.153
295.540,-5.777,0.261,0.434,45.217
295.560,-1.705,0.285,0.434,45.314
295.580,2.402,0.298,0.434,45.444
295.600,6.445,0.316,0.434,45.594
295.620,10.406,0.331,0.434,45.762
295.640,14.244,0.341,0.434,45.935
295.660,17.854,0.348,0.434,46.100
295.680,21.193,0.352,0.434,46.248
295.700,24.240,0.354,0.434,46.371
295.720,26.924,0.354,0.434,46.461
295.740,29.191,0.346,0.434,46.511
295.760,31.025,0.334,0.434,46.517
295.780,32.432,0.326,0.434,46.475
295.800,33.328,0.307,0.434,46.390
295.820,33.756,0.297,0.434,46.265
295.840,33.691,0.273,0.434,46.107
295.860,33.123,0.253,0.434,45.926
295.880,32.074,0.231,0.434,45.729
295.900,30.539,0.205,0.434,45.530
295.920,28.588,0.178,0.434,45.336
295.940,26.221,0.159,0.434,45.159
295.960,23.420,0.125,0.434,45.006
295.980,20.309,0.108,0.434,44.886
296.000,16.893,0.074,0.434,44.804
296.020,13.207,0.054,0.434,44.762
296.040,9.352,0.029,0.434,44.762
296.060,5.361,0.008,0.432,44.802
296.080,1.295,-0.012,0.432,44.880
296.100,-2.807,-0.029,0.432,44.990
296.120,-6.844,-0.042,0.432,45.124
296.140,-10.811,-0.056,0.432,45.270
296.160,-14.578,-0.064,0.432,45.425
296.180,-18.146,-0.071,0.432,45.571
296.200,-21.439,-0.075,0.432,45.703
296.220,-24.398,-0.075,0.432,45.810
296.240,-27.023,-0.071,0.432,45.887
296.260,-29.244,-0.067,0.432,45.921
296.280,-31.020,-0.054,0.432,45.918
296.300,-32.297,-0.048,0.432,45.870
296.320,-33.105,-0.026,0.432,45.783
296.340,-33.410,-0.017,0.432,45.661
296.360,-33.270,0.011,0.432,45.510
296.380,-32.631,0.025,0.432,45.338
296.400,-31.477,0.049,0.432,45.157
296.420,-29.854,0.074,0.432,44.979
296.440,-27.791,0.098,0.432,44.808
296.460,-25.324,0.120,0.432,44.660
296.480,-22.471,0.149,0.432,44.540
296.500,-19.242,0.174,0.432,44.455
296.520,-15.762,0.203,0.432,44.412
296.540,-12.053,0.224,0.432,44.410
296.560,-8.133,0.251,0.431,44.454
296.580,-4.107,0.273,0.431,44.537
296.600,-0.006,0.293,0.431,44.661
296.620,4.084,0.311,0.431,44.815
296.640,8.115,0.325,0.431,44.993
296.660,12.029,0.338,0.431,45.185
296.680,15.785,0.348,0.431,45.378
296.700,19.289,0.351,0.431,45.570
296.720,22.488,0.358,0.433,45.740
296.740,25.424,0.354,0.433,45.889
296.760,27.914,0.355,0.433,46.000
296.780,30.012,0.345,0.433,46.075
296.800,31.664,0.339,0.433,46.102
296.820,32.871,0.325,0.433,46.090
296.840,33.568,0.306,0.433,46.034
296.860,33.779,0.293,0.433,45.943
296.880,33.516,0.272,0.433,45.821
296.900,32.742,0.248,0.433,45.683
296.920,31.500,0.228,0.433,45.532
296.940,29.766,0.199,0.433,45.384
296.960,27.668,0.178,0.433,45.246
296.980,25.078,0.151,0.433,45.128
297.000,22.137,0.126,0.433,45.039
297.020,18.891,0.099,0.433,44.983
297.040,15.357,0.069,0.433,44.967
297.060,11.602,0.047,0.433,44.991
297.080,7.682,0.025,0.433,45.058
297.100,3.645,0.004,0.433,45.162
297.120,-0.445,-0.013,0.433,45.301
297.140,-4.518,-0.031,0.433,45.466
297.160,-8.555,-0.046,0.433,45.651
297.180,-12.422,-0.054,0.433,45.843
297.200,-16.119,-0.062,0.433,46.032
297.220,-19.588,-0.068,0.433,46.209
297.240,-22.764,-0.072,0.433,46.361
297.260,-25.582,-0.074,0.433,46.484
297.280,-27.990,-0.065,0.433,46.572
297.300,-30.059,-0.057,0.433,46.610
297.320,-31.623,-0.050,0.433,46.604
297.340,-32.730,-0.035,0.433,46.553
297.360,-33.311,-0.023,0.433,46.460
297.380,-33.434,0.001,0.433,46.330
297.400,-33.053,0.016,0.433,46.170
297.420,-32.191,0.041,0.433,45.993
297.440,-30.867,0.058,0.433,45.805
297.460,-29.045,0.091,0.433,45.621
297.480,-26.783,0.104,0.433,45.448
297.500,-24.158,0.146,0.433,45.296
297.520,-21.117,0.157,0.433,45.173
297.540,-17.783,0.196,0.433,45.085
297.560,-14.227,0.210,0.433,45.037
297.580,-10.377,0.240,0.433,45.027
297.600,-6.428,0.257,0.433,45.059
297.620,-2.350,0.281,0.433,45.125
297.640,1.746,0.298,0.433,45.227
297.660,5.801,0.320,0.433,45.350
297.680,9.797,0.329,0.433,45.496
297.700,13.641,0.340,0.433,45.645
297.720,17.314,0.348,0.433,45.794
297.740,20.672,0.354,0.433,45.928
297.760,23.789,0.357,0.433,46.039
297.780,26.520,0.352,0.433,46.121
297.800,28.852,0.348,0.433,46.164
297.820,30.768,0.337,0.433,46.163
297.840,32.244,0.332,0.433,46.122
297.860,33.223,0.312,0.433,46.038
297.880,33.721,0.297,0.433,45.916
297.900,33.727,0.277,0.433,45.760
297.920,33.264,0.257,0.433,45.581
297.940,32.268,0.234,0.433,45.388
297.960,30.832,0.212,0.433,45.191
297.980,28.939,0.184,0.433,45.000
298.000,26.613,0.162,0.433,44.827
298.020,23.871,0.128,0.433,44.678
298.040,20.807,0.112,0.433,44.563
298.060,17.449,0.081,0.433,44.487
298.080,13.787,0.057,0.433,44.451
298.100,9.973,0.031,0.433,44.462
298.120,6.018,0.013,0.433,44.514
298.140,1.934,-0.008,0.433,44.606
298.160,-2.127,-0.027,0.433,44.730
298.180,-6.223,-0.042,0.433,44.882
298.200,-10.189,-0.054,0.433,45.054
298.220,-13.980,-0.062,0.433,45.233
298.240,-17.596,-0.074,0.433,45.409
298.260,-20.924,-0.074,0.433,45.575
298.280,-23.977,-0.080,0.438,45.717
298.300,-26.613,-0.071,0.438,45.834
298.320,-28.881,-0.075,0.438,45.908
298.340,-30.732,-0.056,0.438,45.945
298.360,-32.080,-0.054,0.438,45.934
298.380,-33.006,-0.029,0.438,45.887
298.400,-33.375,-0.019,0.438,45.801
298.420,-33.299,0.004,0.438,45.685
298.440,-32.736,0.018,0.438,45.546
298.460,-31.670,0.046,0.438,45.398
298.480,-30.123,0.068,0.438,45.246
298.500,-28.113,0.093,0.438,45.103
298.520,-25.723,0.116,0.438,44.979
298.540,-22.928,0.142,0.438,44.882
298.560,-19.740,0.168,0.438,44.818
298.580,-16.324,0.199,0.438,44.793
298.600,-12.627,0.220,0.438,44.811
298.620,-8.754,0.244,0.438,44.871
298.640,-4.723,0.268,0.438,44.972
298.660,-0.627,0.288,0.438,45.111
298.680,3.451,0.307,0.438,45.281
298.700,7.506,0.321,0.438,45.474
298.720,11.426,0.335,0.438,45.681
298.740,15.217,0.347,0.438,45.892
298.760,18.750,0.347,0.438,46.097
298.780,22.020,0.359,0.439,46.280
298.800,24.996,0.353,0.439,46.442
298.820,27.533,0.354,0.439,46.563
298.840,29.725,0.345,0.439,46.647
298.860,31.430,0.335,0.439,46.681
298.880,32.713,0.322,0.439,46.672
298.900,33.498,0.311,0.439,46.614
298.920,33.773,0.290,0.439,46.524
298.940,33.598,0.272,0.439,46.396
298.960,32.895,0.248,0.439,46.249
298.980,31.717,0.226,0.439,46.088
299.000,30.070,0.200,0.439,45.924
299.020,28.014,0.175,0.439,45.769
299.040,25.500,0.152,0.439,45.632
299.060,22.623,0.120,0.439,45.520
299.080,19.436,0.102,0.439,45.441
299.100,15.949,0.067,0.439,45.399
299.120,12.199,0.049,0.439,45.397
299.140,8.303,0.024,0.439,45.436
299.160,4.283,0.008,0.439,45.514
299.180,0.205,-0.015,0.439,45.623
299.200,-3.885,-0.029,0.439,45.762
299.220,-7.928,-0.044,0.439,45.918
299.240,-11.836,-0.054,0.439,46.084
299.260,-15.557,-0.066,0.439,46.249
299.280,-19.072,-0.071,0.439,46.404
299.300,-22.283,-0.074,0.439,46.539
299.320,-25.172,-0.072,0.439,46.642
299.340,-27.645,-0.067,0.439,46.710
299.360,-29.783,-0.064,0.439,46.732
299.380,-31.424,-0.051,0.439,46.714
299.400,-32.584,-0.040,0.439,46.648
299.420,-33.246,-0.021,0.439,46.539
299.440,-33.434,-0.007,0.439,46.394
299.460,-33.176,0.017,0.439,46.222
299.480,-32.379,0.035,0.439,46.028
299.500,-31.107,0.058,0.439,45.828
299.520,-29.367,0.085,0.439,45.628
299.540,-27.170,0.107,0.439,45.441
299.560,-24.627,0.137,0.439,45.275
299.580,-21.645,0.161,0.439,45.139
299.600,-18.352,0.189,0.439,45.038
299.620,-14.795,0.211,0.439,44.978
299.640,-11.021,0.238,0.439,44.960
299.660,-7.072,0.258,0.439,44.985
299.680,-3.012,0.285,0.439,45.049
299.700,1.078,0.297,0.439,45.149
299.720,5.174,0.319,0.439,45.275
299.740,9.152,0.326,0.439,45.426
299.760,13.049,0.344,0.439,45.581
299.780,16.723,0.348,0.439,45.741
299.800,20.162,0.356,0.439,45.888
299.820,23.314,0.359,0.439,46.019
299.840,26.115,0.357,0.439,46.124
299.860,28.518,0.352,0.439,46.191
299.880,30.492,0.346,0.439,46.216
299.900,32.033,0.333,0.439,46.202
299.920,33.088,0.321,0.439,46.145
299.940,33.668,0.301,0.439,46.052
299.960,33.762,0.287,0.439,45.921
299.980,33.375,0.263,0.439,45.771
300.000,32.455,0.242,0.439,45.603
300.020,31.096,0.219,0.439,45.432
300.040,0.000,0.169,0.439,45.265
300.060,0.000,0.140,0.439,45.228
300.080,0.000,0.116,0.439,45.197
300.100,0.000,0.086,0.439,45.181
300.120,0.000,0.058,0.439,45.190
300.140,0.000,0.038,0.439,45.226
300.160,0.000,0.017,0.439,45.296
300.180,0.000,-0.004,0.439,45.400
300.200,0.000,-0.022,0.439,45.542
300.220,0.000,-0.036,0.439,45.717
300.240,0.000,-0.055,0.439,45.927
300.260,0.000,-0.060,0.439,46.165
300.280,0.000,-0.071,0.439,46.420
300.300,0.000,-0.070,0.439,46.691
300.320,0.000,-0.079,0.439,46.964
300.340,0.000,-0.069,0.439,47.242
300.360,0.000,-0.067,0.439,47.502
300.380,0.000,-0.061,0.439,43.492
300.400,0.000,-0.054,0.439,43.244
300.420,0.000,-0.033,0.439,43.005
300.440,0.000,-0.022,0.439,42.792
300.460,0.000,-0.005,0.439,42.592
300.480,0.000,0.016,0.439,42.405
300.500,0.000,0.039,0.439,42.226
300.520,0.000,0.063,0.439,42.050
300.540,0.000,0.083,0.439,41.869
300.560,0.000,0.112,0.439,41.675
300.580,0.000,0.132,0.439,41.460
300.600,0.000,0.164,0.439,41.217
300.620,0.000,0.181,0.439,40.939
300.640,0.000,0.208,0.439,40.620
300.660,0.000,0.231,0.439,40.255
300.680,0.000,0.253,0.439,39.842
300.700,0.000,0.277,0.439,39.383
300.720,0.000,0.292,0.439,38.876
300.740,0.000,0.308,0.439,38.329
300.760,0.000,0.323,0.439,37.745
300.780,0.000,0.330,0.439,37.132
300.800,0.000,0.340,0.439,36.501
300.820,0.000,0.345,0.439,35.850
300.840,0.000,0.344,0.439,35.197
300.860,0.000,0.345,0.439,34.542
300.880,0.000,0.334,0.439,33.898
300.900,0.000,0.331,0.439,33.264
300.920,0.000,0.318,0.439,32.651
300.940,0.000,0.307,0.439,32.052
300.960,0.000,0.290,0.439,31.475
300.980,0.000,0.273,0.439,30.911
301.000,0.000,0.252,0.439,30.361
301.020,0.000,0.232,0.439,29.815
301.040,0.000,0.204,0.439,29.271
301.060,0.000,0.191,0.439,28.720
301.080,0.000,0.162,0.439,28.151
301.100,0.000,0.140,0.439,27.560
301.120,0.000,0.113,0.439,26.940
301.140,0.000,0.086,0.439,26.283
301.160,0.000,0.065,0.439,25.585
301.180,0.000,0.041,0.439,24.846
301.200,0.000,0.024,0.439,24.064
301.220,0.000,0.000,0.439,23.243
301.240,0.000,-0.011,0.439,22.384
301.260,0.000,-0.029,0.439,21.497
301.280,0.000,-0.035,0.439,20.586
301.300,0.000,-0.053,0.439,19.665
301.320,0.000,-0.052,0.439,18.731
301.340,0.000,-0.066,0.439,17.809
301.360,0.000,-0.058,0.439,16.882
301.380,0.000,-0.064,0.439,15.981
301.400,0.000,-0.056,0.439,15.091
301.420,0.000,-0.053,0.439,14.226
301.440,0.000,-0.033,0.439,13.381
301.460,0.000,-0.027,0.439,12.561
301.480,0.000,-0.009,0.439,11.750
301.500,0.000,0.008,0.439,10.951
301.520,0.000,0.026,0.439,10.153
301.540,0.000,0.046,0.439,9.347
301.560,0.000,0.070,0.439,8.522
301.580,0.000,0.092,0.439,7.670
301.600,0.000,0.116,0.439,6.782
301.620,0.000,0.138,0.439,5.850
301.640,0.000,0.163,0.439,4.868
301.660,0.000,0.186,0.439,3.835
301.680,0.000,0.207,0.439,2.750
301.700,0.000,0.233,0.439,83.537
301.720,0.000,0.253,0.439,84.421
301.740,0.000,0.274,0.439,85.379
301.760,0.000,0.289,0.439,86.416
301.780,0.000,0.304,0.439,87.524
301.800,0.000,0.313,0.439,88.700
301.820,0.000,0.326,0.439,89.928
301.840,0.000,0.327,0.439,91.205
301.860,0.000,0.336,0.439,92.505
301.880,0.000,0.332,0.439,-8.761
301.900,0.000,0.331,0.439,-9.730
301.920,0.000,0.327,0.439,-10.648
301.940,0.000,0.327,0.439,-11.524
301.960,0.000,0.313,0.439,-12.371
301.980,0.000,0.306,0.439,-13.200
302.000,0.000,0.287,0.439,-14.035
302.020,0.000,0.273,0.439,-14.898
302.040,0.000,0.248,0.439,-15.814
302.060,0.000,0.232,0.439,-16.813
302.080,0.000,0.210,0.439,103.583
302.100,0.000,0.189,0.439,104.028
302.120,0.000,0.166,0.439,104.412
302.140,0.000,0.140,0.439,-126.934
302.160,0.000,0.118,0.439,0.000
302.180,0.000,0.092,0.439,0.000
302.200,0.000,0.071,0.439,0.000
302.220,0.000,0.050,0.439,0.000
302.240,0.000,0.028,0.439,0.000
302.260,0.000,0.012,0.439,0.000
302.280,0.000,-0.005,0.439,0.000
302.300,0.000,-0.018,0.439,0.000
302.320,0.000,-0.030,0.439,0.000
302.340,0.000,-0.037,0.439,0.000
302.360,0.000,-0.049,0.439,0.000
302.380,0.000,-0.051,0.439,0.000
302.400,0.000,-0.061,0.439,0.000
302.420,0.000,-0.054,0.439,0.000
302.440,0.000,-0.054,0.439,0.000
302.460,0.000,-0.039,0.439,0.000
302.480,0.000,-0.033,0.439,0.000
302.500,0.000,-0.022,0.439,0.000
302.520,0.000,-0.009,0.439,0.000
302.540,0.000,0.013,0.439,0.000
302.560,0.000,0.024,0.439,0.000
302.580,0.000,0.051,0.439,157.719
302.600,0.000,0.064,0.439,0.000
302.620,0.000,0.091,0.439,0.000
302.640,0.000,0.111,0.439,0.000
302.660,0.000,0.133,0.439,0.000
302.680,0.000,0.153,0.439,0.000
302.700,0.000,0.178,0.439,0.000
302.720,0.000,0.201,0.439,0.000
302.740,0.000,0.219,0.439,0.000
302.760,0.000,0.240,0.439,0.000
302.780,0.000,0.254,0.439,0.000
302.800,0.000,0.277,0.439,0.000
302.820,0.000,0.288,0.439,0.000
302.840,0.000,0.302,0.439,0.000
302.860,0.000,0.308,0.439,0.000
302.880,0.000,0.319,0.439,0.000
302.900,0.000,0.323,0.439,0.000
302.920,0.000,0.324,0.439,0.000
302.940,0.000,0.320,0.439,0.000
302.960,0.000,0.320,0.439,0.000
302.980,0.000,0.312,0.439,0.000
303.000,0.000,0.302,0.439,0.000
303.020,0.000,0.291,0.439,0.000
303.040,0.000,0.273,0.439,0.000
303.060,0.000,0.261,0.439,0.000
303.080,0.000,0.240,0.439,0.000
303.100,0.000,0.226,0.439,0.000
303.120,0.000,0.199,0.439,0.000
303.140,0.000,0.186,0.439,0.000
303.160,0.000,0.157,0.439,0.000
303.180,0.000,0.141,0.439,0.000
303.200,0.000,0.114,0.439,0.000
303.220,0.000,0.095,0.439,0.000
303.240,0.000,0.069,0.439,0.000
303.260,0.000,0.056,0.439,0.000
303.280,0.000,0.030,0.437,0.000
303.300,0.000,0.018,0.437,0.000
303.320,0.000,-0.000,0.437,0.000
303.340,0.000,-0.006,0.437,0.000
303.360,0.000,-0.025,0.437,0.000
303.380,0.000,-0.032,0.437,0.000
303.400,0.000,-0.039,0.437,0.000
303.420,0.000,-0.045,0.437,0.000
303.440,0.000,-0.047,0.437,0.000
303.460,0.000,-0.040,0.437,0.000
303.480,0.000,-0.039,0.437,0.000
303.500,0.000,-0.032,0.437,0.000
303.520,0.000,-0.022,0.437,0.000
303.540,0.000,-0.014,0.437,0.000
303.560,0.000,0.003,0.437,0.000
303.580,0.000,0.015,0.437,0.000
303.600,0.000,0.034,0.437,0.000
303.620,0.000,0.051,0.437,0.000
303.640,0.000,0.073,0.437,0.000
303.660,0.000,0.091,0.437,0.000
303.680,0.000,0.115,0.437,0.000
303.700,0.000,0.132,0.437,0.000
303.720,0.000,0.157,0.437,0.000
303.740,0.000,0.179,0.437,0.000
303.760,0.000,0.198,0.437,0.000
303.780,0.000,0.219,0.437,0.000
303.800,0.000,0.240,0.437,0.000
303.820,0.000,0.254,0.437,0.000
303.840,0.000,0.276,0.437,0.000
303.860,0.000,0.283,0.437,0.000
303.880,0.000,0.298,0.437,0.000
303.900,0.000,0.307,0.437,0.000
303.920,0.000,0.316,0.437,0.000
303.940,0.000,0.318,0.437,0.000
303.960,0.000,0.317,0.437,0.000
303.980,0.000,0.319,0.437,0.000
304.000,0.000,0.315,0.437,0.000
304.020,0.000,0.309,0.437,0.000
304.040,0.000,0.294,0.437,0.000
304.060,0.000,0.290,0.437,0.000
304.080,0.000,0.274,0.437,0.000
304.100,0.000,0.261,0.437,0.000
304.120,0.000,0.242,0.437,0.000
304.140,0.000,0.228,0.437,0.000
304.160,0.000,0.206,0.437,0.000
304.180,0.000,0.190,0.437,0.000
304.200,0.000,0.164,0.437,0.000
304.220,0.000,0.144,0.437,0.000
304.240,0.000,0.124,0.437,0.000
304.260,0.000,0.101,0.437,0.000
304.280,0.000,0.083,0.437,0.000
304.300,0.000,0.062,0.437,0.000
304.320,0.000,0.045,0.437,0.000
304.340,0.000,0.025,0.437,0.000
304.360,0.000,0.015,0.437,0.000
304.380,0.000,0.000,0.437,0.000
304.400,0.000,-0.014,0.437,0.000
304.420,0.000,-0.021,0.437,0.000
304.440,0.000,-0.025,0.437,0.000
304.460,0.000,-0.025,0.437,0.000
304.480,0.000,-0.035,0.437,0.000
304.500,0.000,-0.027,0.437,0.000
304.520,0.000,-0.025,0.437,0.000
304.540,0.000,-0.022,0.437,0.000
304.560,0.000,-0.016,0.437,0.000
304.580,0.000,-0.005,0.437,0.000
304.600,0.000,0.014,0.437,0.000
304.620,0.000,0.016,0.437,0.000
304.640,0.000,0.042,0.437,0.000
304.660,0.000,0.054,0.437,0.000
304.680,0.000,0.074,0.437,0.000
304.700,0.000,0.092,0.437,0.000
304.720,0.000,0.113,0.437,0.000
304.740,0.000,0.132,0.437,0.000
304.760,0.000,0.153,0.437,0.000
304.780,0.000,0.171,0.437,0.000
304.800,0.000,0.194,0.437,0.000
304.820,0.000,0.210,0.436,0.000
304.840,0.000,0.229,0.430,0.000
304.860,0.000,0.246,0.425,0.000
304.880,0.000,0.256,0.424,0.000
304.900,0.000,0.273,0.424,0.000
304.920,0.000,0.286,0.424,0.000
304.940,0.000,0.289,0.424,0.000
304.960,0.000,0.300,0.424,0.000
304.980,0.000,0.304,0.424,0.000
305.000,0.000,0.307,0.424,0.000
305.020,0.000,0.307,0.424,0.000
305.040,0.000,0.302,0.424,0.000
305.060,0.000,0.294,0.424,0.000
305.080,0.000,0.286,0.424,0.000
305.100,0.000,0.278,0.424,0.000
305.120,0.000,0.262,0.424,0.000
305.140,0.000,0.249,0.424,0.000
305.160,0.000,0.232,0.424,0.000
305.180,0.000,0.215,0.424,0.000
305.200,0.000,0.199,0.424,0.000
305.220,0.000,0.181,0.424,0.000
305.240,0.000,0.161,0.424,0.000
305.260,0.000,0.138,0.424,0.000
305.280,0.000,0.121,0.424,0.000
305.300,0.000,0.099,0.424,0.000
305.320,0.000,0.080,0.414,0.000
305.340,0.000,0.058,0.412,0.000
305.360,0.000,0.045,0.411,0.000
305.380,0.000,0.032,0.411,0.000
305.400,0.000,0.016,0.411,0.000
305.420,0.000,0.004,0.411,0.000
305.440,0.000,-0.008,0.411,0.000
305.460,0.000,-0.018,0.411,0.000
305.480,0.000,-0.021,0.411,0.000
305.500,0.000,-0.026,0.411,0.000
305.520,0.000,-0.030,0.411,0.000
305.540,0.000,-0.025,0.411,0.000
305.560,0.000,-0.026,0.411,0.000
305.580,0.000,-0.018,0.411,0.000
305.600,0.000,-0.013,0.411,0.000
305.620,0.000,0.002,0.411,0.000
305.640,0.000,0.009,0.411,0.000
305.660,0.000,0.029,0.411,0.000
305.680,0.000,0.043,0.411,0.000
305.700,0.000,0.055,0.411,0.000
305.720,0.000,0.079,0.411,0.000
305.740,0.000,0.094,0.411,0.000
305.760,0.000,0.114,0.411,0.000
305.780,0.000,0.129,0.411,0.000
305.800,0.000,0.153,0.411,0.000
305.820,0.000,0.168,0.411,0.000
305.840,0.000,0.189,0.411,0.000
305.860,0.000,0.206,0.402,0.000
305.880,0.000,0.224,0.402,0.000
305.900,0.000,0.239,0.402,0.000
305.920,0.000,0.257,0.402,0.000
305.940,0.000,0.265,0.402,0.000
305.960,0.000,0.279,0.402,0.000
305.980,0.000,0.290,0.402,0.000
306.000,0.000,0.296,0.402,0.000
306.020,0.000,0.298,0.402,0.000
306.040,0.000,0.298,0.402,0.000
306.060,0.000,0.298,0.402,0.000
306.080,0.000,0.297,0.402,0.000
306.100,0.000,0.294,0.402,0.000
306.120,0.000,0.284,0.402,0.000
306.140,0.000,0.276,0.402,0.000
306.160,0.000,0.260,0.402,0.000
306.180,0.000,0.250,0.402,0.000
306.200,0.000,0.236,0.402,0.000
306.220,0.000,0.219,0.402,0.000
306.240,0.000,0.199,0.402,0.000
306.260,0.000,0.186,0.402,0.000
306.280,0.000,0.164,0.402,0.000
306.300,0.000,0.145,0.402,0.000
306.320,0.000,0.126,0.402,0.000
306.340,0.000,0.108,0.400,0.000
306.360,0.000,0.087,0.400,0.000
306.380,0.000,0.073,0.397,0.000
306.400,0.000,0.054,0.397,0.000
306.420,0.000,0.044,0.397,0.000
306.440,0.000,0.024,0.397,0.000
306.460,0.000,0.016,0.397,0.000
306.480,0.000,0.003,0.397,0.000
306.500,0.000,-0.002,0.397,0.000
306.520,0.000,-0.012,0.397,0.000
306.540,0.000,-0.018,0.397,0.000
306.560,0.000,-0.018,0.397,0.000
306.580,0.000,-0.013,0.397,0.000
306.600,0.000,-0.016,0.397,0.000
306.620,0.000,-0.005,0.397,0.000
306.640,0.000,0.000,0.397,0.000
306.660,0.000,0.012,0.397,0.000
306.680,0.000,0.018,0.397,0.000
306.700,0.000,0.030,0.397,0.000
306.720,0.000,0.051,0.397,0.000
306.740,0.000,0.058,0.397,0.000
306.760,0.000,0.079,0.397,0.000
306.780,0.000,0.095,0.397,0.000
306.800,0.000,0.111,0.397,0.000
306.820,0.000,0.132,0.397,0.000
306.840,0.000,0.150,0.397,0.000
306.860,0.000,0.171,0.393,0.000
306.880,0.000,0.188,0.392,0.000
306.900,0.000,0.207,0.388,0.000
306.920,0.000,0.218,0.388,0.000
306.940,0.000,0.235,0.385,0.000
306.960,0.000,0.248,0.385,0.000
306.980,0.000,0.256,0.385,0.000
307.000,0.000,0.269,0.385,0.000
307.020,0.000,0.279,0.385,0.000
307.040,0.000,0.287,0.385,0.000
307.060,0.000,0.287,0.385,0.000
307.080,0.000,0.287,0.385,0.000
307.100,0.000,0.289,0.385,0.000
307.120,0.000,0.287,0.385,0.000
307.140,0.000,0.282,0.385,0.000
307.160,0.000,0.275,0.385,0.000
307.180,0.000,0.262,0.385,0.000
307.200,0.000,0.251,0.385,0.000
307.220,0.000,0.238,0.385,0.000
307.240,0.000,0.227,0.385,0.000
307.260,0.000,0.211,0.385,0.000
307.280,0.000,0.194,0.385,0.000
307.300,0.000,0.177,0.385,0.000
307.320,0.000,0.161,0.385,0.000
307.340,0.000,0.139,0.385,0.000
307.360,0.000,0.126,0.385,0.000
307.380,0.000,0.101,0.385,0.000
307.400,0.000,0.088,0.379,0.000
307.420,0.000,0.074,0.378,0.000
307.440,0.000,0.054,0.371,0.000
307.460,0.000,0.040,0.371,0.000
307.480,0.000,0.025,0.371,0.000
307.500,0.000,0.016,0.371,0.000
307.520,0.000,0.008,0.371,0.000
307.540,0.000,-0.001,0.371,0.000
307.560,0.000,-0.006,0.371,0.000
307.580,0.000,-0.014,0.371,0.000
307.600,0.000,-0.013,0.371,0.000
307.620,0.000,-0.016,0.371,0.000
307.640,0.000,-0.006,0.371,0.000
307.660,0.000,-0.005,0.371,0.000
307.680,0.000,0.005,0.371,0.000
307.700,0.000,0.009,0.371,0.000
307.720,0.000,0.026,0.371,0.000
307.740,0.000,0.030,0.371,0.000
307.760,0.000,0.050,0.371,0.000
307.780,0.000,0.059,0.371,0.000
307.800,0.000,0.081,0.371,0.000
307.820,0.000,0.092,0.371,0.000
307.840,0.000,0.115,0.371,0.000
307.860,0.000,0.128,0.371,0.000
307.880,0.000,0.147,0.371,0.000
307.900,0.000,0.165,0.371,0.000
307.920,0.000,0.187,0.367,0.000
307.940,0.000,0.195,0.367,0.000
307.960,0.000,0.213,0.366,0.000
307.980,0.000,0.230,0.366,0.000
308.000,0.000,0.239,0.366,0.000
308.020,0.000,0.252,0.366,0.000
308.040,0.000,0.261,0.366,0.000
308.060,0.000,0.275,0.366,0.000
308.080,0.000,0.277,0.366,0.000
308.100,0.000,0.281,0.366,0.000
308.120,0.000,0.282,0.366,0.000
308.140,0.000,0.281,0.366,0.000
308.160,0.000,0.279,0.366,0.000
308.180,0.000,0.278,0.366,0.000
308.200,0.000,0.266,0.366,0.000
308.220,0.000,0.260,0.366,0.000
308.240,0.000,0.250,0.366,0.000
308.260,0.000,0.239,0.366,0.000
308.280,0.000,0.224,0.366,0.000
308.300,0.000,0.212,0.366,0.000
308.320,0.000,0.194,0.366,0.000
308.340,0.000,0.182,0.366,0.000
308.360,0.000,0.161,0.366,0.000
308.380,0.000,0.144,0.366,0.000
308.400,0.000,0.127,0.366,0.000
308.420,0.000,0.112,0.366,0.000
308.440,0.000,0.091,0.359,0.000
308.460,0.000,0.080,0.358,0.000
308.480,0.000,0.062,0.354,0.000
308.500,0.000,0.050,0.354,0.000
308.520,0.000,0.037,0.354,0.000
308.540,0.000,0.027,0.354,0.000
308.560,0.000,0.020,0.354,0.000
308.580,0.000,0.009,0.354,0.000
308.600,0.000,0.006,0.354,0.000
308.620,0.000,0.001,0.354,0.000
308.640,0.000,0.004,0.354,0.000
308.660,0.000,-0.000,0.354,0.000
308.680,0.000,0.004,0.354,0.000
308.700,0.000,0.006,0.354,0.000
308.720,0.000,0.015,0.354,0.000
308.740,0.000,0.017,0.354,0.000
308.760,0.000,0.033,0.354,0.000
308.780,0.000,0.046,0.354,0.000
308.800,0.000,0.055,0.354,0.000
308.820,0.000,0.070,0.354,0.000
308.840,0.000,0.090,0.354,0.000
308.860,0.000,0.096,0.354,0.000
308.880,0.000,0.118,0.354,0.000
308.900,0.000,0.132,0.354,0.000
308.920,0.000,0.149,0.354,0.000
308.940,0.000,0.170,0.354,0.000
308.960,0.000,0.178,0.354,0.000
308.980,0.000,0.203,0.350,0.000
309.000,0.000,0.210,0.344,0.000
309.020,0.000,0.225,0.342,0.000
309.040,0.000,0.240,0.342,0.000
309.060,0.000,0.249,0.342,0.000
309.080,0.000,0.253,0.342,0.000
309.100,0.000,0.266,0.342,0.000
309.120,0.000,0.270,0.342,0.000
309.140,0.000,0.282,0.342,0.000
309.160,0.000,0.279,0.342,0.000
309.180,0.000,0.281,0.342,0.000
309.200,0.000,0.272,0.342,0.000
309.220,0.000,0.269,0.342,0.000
309.240,0.000,0.262,0.342,0.000
309.260,0.000,0.248,0.342,0.000
309.280,0.000,0.246,0.342,0.000
309.300,0.000,0.229,0.342,0.000
309.320,0.000,0.222,0.342,0.000
309.340,0.000,0.207,0.342,0.000
309.360,0.000,0.193,0.342,0.000
309.380,0.000,0.172,0.342,0.000
309.400,0.000,0.161,0.342,0.000
309.420,0.000,0.141,0.342,0.000
309.440,0.000,0.129,0.342,0.000
309.460,0.000,0.107,0.342,0.000
309.480,0.000,0.095,0.337,0.000
309.500,0.000,0.079,0.337,0.000
309.520,0.000,0.066,0.337,0.000
309.540,0.000,0.054,0.337,0.000
309.560,0.000,0.039,0.337,0.000
309.580,0.000,0.027,0.337,0.000
309.600,0.000,0.017,0.337,0.000
309.620,0.000,0.016,0.337,0.000
309.640,0.000,0.012,0.337,0.000
309.660,0.000,0.003,0.337,0.000
309.680,0.000,0.000,0.337,0.000
309.700,0.000,0.000,0.337,0.000
309.720,0.000,0.000,0.337,0.000
309.740,0.000,0.008,0.337,0.000
309.760,0.000,0.016,0.337,0.000
309.780,0.000,0.017,0.337,0.000
309.800,0.000,0.033,0.337,0.000
309.820,0.000,0.041,0.337,0.000
309.840,0.000,0.055,0.337,0.000
309.860,0.000,0.069,0.337,0.000
309.880,0.000,0.081,0.337,0.000
309.900,0.000,0.096,0.337,0.000
309.920,0.000,0.111,0.337,0.000
309.940,0.000,0.132,0.337,0.000
309.960,0.000,0.144,0.337,0.000
309.980,0.000,0.159,0.337,0.000
310.000,0.000,0.174,0.337,0.000
310.020,0.000,0.190,0.332,0.000
310.040,0.000,0.203,0.329,0.000
310.060,0.000,0.219,0.329,0.000
310.080,0.000,0.230,0.329,0.000
310.100,0.000,0.240,0.329,0.000
310.120,0.000,0.248,0.329,0.000
310.140,0.000,0.258,0.329,0.000
310.160,0.000,0.261,0.329,0.000
310.180,0.000,0.269,0.329,0.000
310.200,0.000,0.266,0.329,0.000
310.220,0.000,0.269,0.329,0.000
310.240,0.000,0.266,0.329,0.000
310.260,0.000,0.263,0.329,0.000
310.280,0.000,0.256,0.329,0.000
310.300,0.000,0.247,0.329,0.000
310.320,0.000,0.240,0.329,0.000
310.340,0.000,0.225,0.329,0.000
310.360,0.000,0.216,0.329,0.000
310.380,0.000,0.198,0.329,0.000
310.400,0.000,0.190,0.329,0.000
310.420,0.000,0.175,0.329,0.000
310.440,0.000,0.160,0.329,0.000
310.460,0.000,0.143,0.329,0.000
310.480,0.000,0.131,0.329,0.000
310.500,0.000,0.113,0.329,0.000
310.520,0.000,0.095,0.325,0.000
310.540,0.000,0.085,0.325,0.000
310.560,0.000,0.070,0.317,0.000
310.580,0.000,0.058,0.317,0.000
310.600,0.000,0.047,0.317,0.000
310.620,0.000,0.037,0.317,0.000
310.640,0.000,0.025,0.317,0.000
310.660,0.000,0.025,0.317,0.000
310.680,0.000,0.015,0.317,0.000
310.700,0.000,0.014,0.317,0.000
310.720,0.000,0.010,0.317,0.000
310.740,0.000,0.014,0.317,0.000
310.760,0.000,0.013,0.317,0.000
310.780,0.000,0.016,0.317,0.000
310.800,0.000,0.021,0.317,0.000
310.820,0.000,0.029,0.317,0.000
310.840,0.000,0.044,0.317,0.000
310.860,0.000,0.048,0.317,0.000
310.880,0.000,0.062,0.317,0.000
310.900,0.000,0.076,0.317,0.000
310.920,0.000,0.090,0.317,0.000
310.940,0.000,0.101,0.317,0.000
310.960,0.000,0.118,0.317,0.000
310.980,0.000,0.132,0.317,0.000
311.000,0.000,0.147,0.317,0.000
311.020,0.000,0.168,0.317,0.000
311.040,0.000,0.175,0.316,0.000
311.060,0.000,0.196,0.315,0.000
311.080,0.000,0.205,0.312,0.000
311.100,0.000,0.217,0.307,0.000
311.120,0.000,0.228,0.307,0.000
311.140,0.000,0.245,0.307,0.000
311.160,0.000,0.247,0.307,0.000
311.180,0.000,0.252,0.307,0.000
311.200,0.000,0.255,0.307,0.000
311.220,0.000,0.265,0.307,0.000
311.240,0.000,0.261,0.307,0.000
311.260,0.000,0.266,0.307,0.000
311.280,0.000,0.263,0.307,0.000
311.300,0.000,0.253,0.307,0.000
311.320,0.000,0.249,0.307,0.000
311.340,0.000,0.249,0.307,0.000
311.360,0.000,0.233,0.307,0.000
311.380,0.000,0.226,0.307,0.000
311.400,0.000,0.213,0.307,0.000
311.420,0.000,0.207,0.307,0.000
311.440,0.000,0.187,0.307,0.000
311.460,0.000,0.171,0.307,0.000
311.480,0.000,0.161,0.307,0.000
311.500,0.000,0.142,0.307,0.000
311.520,0.000,0.132,0.307,0.000
311.540,0.000,0.113,0.307,0.000
311.560,0.000,0.100,0.305,0.000
311.580,0.000,0.086,0.305,0.000
311.600,0.000,0.075,0.305,0.000
311.620,0.000,0.056,0.305,0.000
311.640,0.000,0.051,0.305,0.000
311.660,0.000,0.036,0.305,0.000
311.680,0.000,0.031,0.305,0.000
311.700,0.000,0.020,0.305,0.000
311.720,0.000,0.019,0.305,0.000
311.740,0.000,0.014,0.305,0.000
311.760,0.000,0.017,0.305,0.000
311.780,0.000,0.016,0.305,0.000
311.800,0.000,0.016,0.305,0.000
311.820,0.000,0.017,0.305,0.000
311.840,0.000,0.032,0.305,0.000
311.860,0.000,0.024,0.305,0.000
311.880,0.000,0.046,0.305,0.000
311.900,0.000,0.048,0.305,0.000
311.920,0.000,0.062,0.305,0.000
311.940,0.000,0.069,0.305,0.000
311.960,0.000,0.087,0.305,0.000
311.980,0.000,0.095,0.305,0.000
312.000,0.000,0.114,0.305,0.000
312.020,0.000,0.131,0.305,0.000
312.040,0.000,0.141,0.305,0.000
312.060,0.000,0.157,0.305,0.000
312.080,0.000,0.167,0.305,0.000
312.100,0.000,0.189,0.303,0.000
312.120,0.000,0.194,0.298,0.000
312.140,0.000,0.210,0.298,0.000
312.160,0.000,0.212,0.298,0.000
312.180,0.000,0.232,0.298,0.000
312.200,0.000,0.230,0.298,0.000
312.220,0.000,0.249,0.298,0.000
312.240,0.000,0.246,0.298,0.000
312.260,0.000,0.258,0.298,0.000
312.280,0.000,0.249,0.298,0.000
312.300,0.000,0.258,0.298,0.000
312.320,0.000,0.252,0.298,0.000
312.340,0.000,0.253,0.298,0.000
312.360,0.000,0.241,0.298,0.000
312.380,0.000,0.241,0.298,0.000
312.400,0.000,0.225,0.298,0.000
312.420,0.000,0.218,0.298,0.000
312.440,0.000,0.207,0.298,0.000
312.460,0.000,0.194,0.298,0.000
312.480,0.000,0.186,0.298,0.000
312.500,0.000,0.171,0.298,0.000
312.520,0.000,0.157,0.298,0.000
312.540,0.000,0.141,0.298,0.000
312.560,0.000,0.132,0.298,0.000
312.580,0.000,0.111,0.298,0.000
312.600,0.000,0.106,0.298,0.000
312.620,0.000,0.087,0.288,0.000
312.640,0.000,0.078,0.288,0.000
312.660,0.000,0.066,0.283,0.000
312.680,0.000,0.057,0.283,0.000
312.700,0.000,0.042,0.283,0.000
312.720,0.000,0.038,0.283,0.000
312.740,0.000,0.033,0.283,0.000
312.760,0.000,0.026,0.283,0.000
312.780,0.000,0.024,0.283,0.000
312.800,0.000,0.020,0.283,0.000
312.820,0.000,0.024,0.283,0.000
312.840,0.000,0.025,0.283,0.000
312.860,0.000,0.032,0.283,0.000
312.880,0.000,0.028,0.283,0.000
312.900,0.000,0.045,0.283,0.000
312.920,0.000,0.046,0.283,0.000
312.940,0.000,0.059,0.283,0.000
312.960,0.000,0.067,0.283,0.000
312.980,0.000,0.083,0.283,0.000
313.000,0.000,0.091,0.283,0.000
313.020,0.000,0.104,0.283,0.000
313.040,0.000,0.122,0.283,0.000
313.060,0.000,0.132,0.283,0.000
313.080,0.000,0.145,0.283,0.000
313.100,0.000,0.160,0.283,0.000
313.120,0.000,0.173,0.283,0.000
313.140,0.000,0.186,0.283,0.000
313.160,0.000,0.202,0.283,0.000
313.180,0.000,0.210,0.283,0.000
313.200,0.000,0.219,0.283,0.000
313.220,0.000,0.230,0.283,0.000
313.240,0.000,0.240,0.283,0.000
313.260,0.000,0.245,0.283,0.000
313.280,0.000,0.249,0.283,0.000
313.300,0.000,0.248,0.283,0.000
313.320,0.000,0.252,0.283,0.000
313.340,0.000,0.249,0.283,0.000
313.360,0.000,0.248,0.283,0.000
313.380,0.000,0.248,0.283,0.000
313.400,0.000,0.246,0.283,0.000
313.420,0.000,0.232,0.283,0.000
313.440,0.000,0.229,0.283,0.000
313.460,0.000,0.211,0.283,0.000
313.480,0.000,0.211,0.283,0.000
313.500,0.000,0.199,0.283,0.000
313.520,0.000,0.188,0.283,0.000
313.540,0.000,0.170,0.283,0.000
313.560,0.000,0.164,0.283,0.000
313.580,0.000,0.141,0.283,0.000
313.600,0.000,0.135,0.283,0.000
313.620,0.000,0.115,0.283,0.000
313.640,0.000,0.107,0.283,0.000
313.660,0.000,0.092,0.282,0.000
313.680,0.000,0.085,0.282,0.000
313.700,0.000,0.070,0.282,0.000
313.720,0.000,0.059,0.282,0.000
313.740,0.000,0.053,0.282,0.000
313.760,0.000,0.049,0.282,0.000
313.780,0.000,0.033,0.282,0.000
313.800,0.000,0.033,0.282,0.000
313.820,0.000,0.022,0.282,0.000
313.840,0.000,0.023,0.282,0.000
313.860,0.000,0.018,0.282,0.000
313.880,0.000,0.027,0.282,0.000
313.900,0.000,0.032,0.282,0.000
313.920,0.000,0.036,0.282,0.000
313.940,0.000,0.043,0.282,0.000
313.960,0.000,0.053,0.282,0.000
313.980,0.000,0.055,0.282,0.000
314.000,0.000,0.069,0.282,0.000
314.020,0.000,0.079,0.282,0.000
314.040,0.000,0.094,0.282,0.000
314.060,0.000,0.099,0.282,0.000
314.080,0.000,0.114,0.282,0.000
314.100,0.000,0.130,0.282,0.000
314.120,0.000,0.135,0.282,0.000
314.140,0.000,0.152,0.280,0.000
314.160,0.000,0.169,0.280,0.000
314.180,0.000,0.175,0.272,0.000
314.200,0.000,0.190,0.269,0.000
314.220,0.000,0.203,0.269,0.000
314.240,0.000,0.210,0.269,0.000
314.260,0.000,0.216,0.269,0.000
314.280,0.000,0.228,0.269,0.000
314.300,0.000,0.232,0.269,0.000
314.320,0.000,0.234,0.269,0.000
314.340,0.000,0.247,0.269,0.000
314.360,0.000,0.248,0.269,0.000
314.380,0.000,0.246,0.269,0.000
314.400,0.000,0.244,0.269,0.000
314.420,0.000,0.236,0.269,0.000
314.440,0.000,0.230,0.269,0.000
314.460,0.000,0.228,0.269,0.000
314.480,0.000,0.220,0.269,0.000
314.500,0.000,0.213,0.269,0.000
314.520,0.000,0.205,0.269,0.000
314.540,0.000,0.191,0.269,0.000
314.560,0.000,0.182,0.269,0.000
314.580,0.000,0.168,0.269,0.000
314.600,0.000,0.153,0.269,0.000
314.620,0.000,0.141,0.269,0.000
314.640,0.000,0.132,0.269,0.000
314.660,0.000,0.118,0.269,0.000
314.680,0.000,0.103,0.269,0.000
314.700,0.000,0.093,0.269,0.000
314.720,0.000,0.079,0.261,0.000
314.740,0.000,0.070,0.259,0.000
314.760,0.000,0.062,0.259,0.000
314.780,0.000,0.053,0.259,0.000
314.800,0.000,0.042,0.259,0.000
314.820,0.000,0.037,0.259,0.000
314.840,0.000,0.037,0.259,0.000
314.860,0.000,0.034,0.259,0.000
314.880,0.000,0.029,0.259,0.000
314.900,0.000,0.034,0.259,0.000
314.920,0.000,0.036,0.259,0.000
314.940,0.000,0.037,0.259,0.000
314.960,0.000,0.041,0.259,0.000
314.980,0.000,0.046,0.259,0.000
315.000,0.000,0.053,0.259,0.000
315.020,0.000,0.061,0.259,0.000
315.040,0.000,0.072,0.259,0.000
315.060,0.000,0.083,0.259,0.000
315.080,0.000,0.095,0.259,0.000
315.100,0.000,0.104,0.259,0.000
315.120,0.000,0.120,0.259,0.000
315.140,0.000,0.128,0.259,0.000
315.160,0.000,0.144,0.259,0.000
315.180,0.000,0.153,0.259,0.000
315.200,0.000,0.170,0.259,0.000
315.220,0.000,0.179,0.256,0.000
315.240,0.000,0.190,0.256,0.000
315.260,0.000,0.199,0.256,0.000
315.280,0.000,0.211,0.256,0.000
315.300,0.000,0.219,0.256,0.000
315.320,0.000,0.228,0.256,0.000
315.340,0.000,0.234,0.256,0.000
315.360,0.000,0.239,0.256,0.000
315.380,0.000,0.244,0.256,0.000
315.400,0.000,0.244,0.256,0.000
315.420,0.000,0.247,0.256,0.000
315.440,0.000,0.242,0.256,0.000
315.460,0.000,0.238,0.256,0.000
315.480,0.000,0.232,0.256,0.000
315.500,0.000,0.228,0.256,0.000
315.520,0.000,0.215,0.256,0.000
315.540,0.000,0.210,0.256,0.000
315.560,0.000,0.204,0.256,0.000
315.580,0.000,0.198,0.256,0.000
315.600,0.000,0.181,0.256,0.000
315.620,0.000,0.170,0.256,0.000
315.640,0.000,0.159,0.256,0.000
315.660,0.000,0.147,0.256,0.000
315.680,0.000,0.134,0.256,0.000
315.700,0.000,0.126,0.256,0.000
315.720,0.000,0.112,0.253,0.000
315.740,0.000,0.095,0.253,0.000
315.760,0.000,0.089,0.252,0.000
315.780,0.000,0.075,0.252,0.000
315.800,0.000,0.068,0.252,0.000
315.820,0.000,0.059,0.252,0.000
315.840,0.000,0.055,0.252,0.000
315.860,0.000,0.054,0.252,0.000
315.880,0.000,0.049,0.252,0.000
315.900,0.000,0.041,0.252,0.000
315.920,0.000,0.037,0.252,0.000
315.940,0.000,0.039,0.252,0.000
315.960,0.000,0.037,0.252,0.000
315.980,0.000,0.047,0.252,0.000
316.000,0.000,0.049,0.252,0.000
316.020,0.000,0.055,0.252,0.000
316.040,0.000,0.055,0.252,0.000
316.060,0.000,0.072,0.252,0.000
316.080,0.000,0.074,0.252,0.000
316.100,0.000,0.089,0.252,0.000
316.120,0.000,0.094,0.252,0.000
316.140,0.000,0.105,0.252,0.000
316.160,0.000,0.114,0.252,0.000
316.180,0.000,0.132,0.252,0.000
316.200,0.000,0.135,0.252,0.000
316.220,0.000,0.152,0.252,0.000
316.240,0.000,0.169,0.252,0.000
316.260,0.000,0.172,0.249,0.000
316.280,0.000,0.182,0.244,0.000
316.300,0.000,0.191,0.244,0.000
316.320,0.000,0.209,0.244,0.000
316.340,0.000,0.210,0.244,0.000
316.360,0.000,0.215,0.244,0.000
316.380,0.000,0.224,0.244,0.000
316.400,0.000,0.228,0.244,0.000
316.420,0.000,0.229,0.244,0.000
316.440,0.000,0.230,0.244,0.000
316.460,0.000,0.231,0.244,0.000
316.480,0.000,0.229,0.244,0.000
316.500,0.000,0.228,0.244,0.000
316.520,0.000,0.224,0.244,0.000
316.540,0.000,0.216,0.244,0.000
316.560,0.000,0.211,0.244,0.000
316.580,0.000,0.207,0.244,0.000
316.600,0.000,0.194,0.244,0.000
316.620,0.000,0.188,0.244,0.000
316.640,0.000,0.174,0.244,0.000
316.660,0.000,0.170,0.244,0.000
316.680,0.000,0.152,0.244,0.000
316.700,0.000,0.141,0.244,0.000
316.720,0.000,0.132,0.244,0.000
316.740,0.000,0.119,0.243,0.000
316.760,0.000,0.110,0.243,0.000
316.780,0.000,0.095,0.242,0.000
316.800,0.000,0.088,0.241,0.000
316.820,0.000,0.075,0.240,0.000
316.840,0.000,0.072,0.240,0.000
316.860,0.000,0.056,0.240,0.000
316.880,0.000,0.054,0.240,0.000
316.900,0.000,0.045,0.240,0.000
316.920,0.000,0.043,0.240,0.000
316.940,0.000,0.037,0.240,0.000
316.960,0.000,0.040,0.240,0.000
316.980,0.000,0.037,0.240,0.000
317.000,0.000,0.039,0.240,0.000
317.020,0.000,0.041,0.240,0.000
317.040,0.000,0.049,0.240,0.000
317.060,0.000,0.052,0.240,0.000
317.080,0.000,0.063,0.240,0.000
317.100,0.000,0.070,0.240,0.000
317.120,0.000,0.075,0.240,0.000
317.140,0.000,0.085,0.240,0.000
317.160,0.000,0.096,0.240,0.000
317.180,0.000,0.108,0.240,0.000
317.200,0.000,0.120,0.240,0.000
317.220,0.000,0.129,0.240,0.000
317.240,0.000,0.142,0.240,0.000
317.260,0.000,0.153,0.240,0.000
317.280,0.000,0.163,0.240,0.000
317.300,0.000,0.173,0.234,0.000
317.320,0.000,0.190,0.234,0.000
317.340,0.000,0.191,0.234,0.000
317.360,0.000,0.199,0.234,0.000
317.380,0.000,0.207,0.234,0.000
317.400,0.000,0.219,0.234,0.000
317.420,0.000,0.219,0.234,0.000
317.440,0.000,0.227,0.234,0.000
317.460,0.000,0.229,0.234,0.000
317.480,0.000,0.232,0.234,0.000
317.500,0.000,0.232,0.234,0.000
317.520,0.000,0.232,0.234,0.000
317.540,0.000,0.225,0.234,0.000
317.560,0.000,0.221,0.234,0.000
317.580,0.000,0.218,0.234,0.000
317.600,0.000,0.212,0.234,0.000
317.620,0.000,0.204,0.234,0.000
317.640,0.000,0.195,0.234,0.000
317.660,0.000,0.190,0.234,0.000
317.680,0.000,0.183,0.234,0.000
317.700,0.000,0.170,0.234,0.000
317.720,0.000,0.160,0.234,0.000
317.740,0.000,0.146,0.234,0.000
317.760,0.000,0.136,0.234,0.000
317.780,0.000,0.127,0.234,0.000
317.800,0.000,0.116,0.234,0.000
317.820,0.000,0.103,0.234,0.000
317.840,0.000,0.095,0.234,0.000
317.860,0.000,0.084,0.234,0.000
317.880,0.000,0.079,0.234,0.000
317.900,0.000,0.063,0.234,0.000
317.920,0.000,0.065,0.234,0.000
317.940,0.000,0.055,0.234,0.000
317.960,0.000,0.055,0.234,0.000
317.980,0.000,0.053,0.234,0.000
318.000,0.000,0.052,0.234,0.000
318.020,0.000,0.049,0.234,0.000
318.040,0.000,0.054,0.234,0.000
318.060,0.000,0.054,0.234,0.000
318.080,0.000,0.055,0.234,0.000
318.100,0.000,0.056,0.234,0.000
318.120,0.000,0.066,0.234,0.000
318.140,0.000,0.074,0.234,0.000
318.160,0.000,0.080,0.234,0.000
318.180,0.000,0.094,0.234,0.000
318.200,0.000,0.095,0.234,0.000
318.220,0.000,0.109,0.234,0.000
318.240,0.000,0.123,0.234,0.000
318.260,0.000,0.132,0.234,0.000
318.280,0.000,0.139,0.234,0.000
318.300,0.000,0.154,0.234,0.000
318.320,0.000,0.163,0.231,0.000
318.340,0.000,0.174,0.230,0.000
318.360,0.000,0.181,0.230,0.000
318.380,0.000,0.191,0.230,0.000
318.400,0.000,0.201,0.230,0.000
318.420,0.000,0.209,0.230,0.000
318.440,0.000,0.210,0.230,0.000
318.460,0.000,0.213,0.230,0.000
318.480,0.000,0.219,0.230,0.000
318.500,0.000,0.221,0.230,0.000
318.520,0.000,0.225,0.230,0.000
318.540,0.000,0.228,0.230,0.000
318.560,0.000,0.224,0.230,0.000
318.580,0.000,0.219,0.230,0.000
318.600,0.000,0.212,0.230,0.000
318.620,0.000,0.211,0.230,0.000
318.640,0.000,0.206,0.230,0.000
318.660,0.000,0.199,0.230,0.000
318.680,0.000,0.190,0.230,0.000
318.700,0.000,0.181,0.230,0.000
318.720,0.000,0.172,0.230,0.000
318.740,0.000,0.166,0.230,0.000
318.760,0.000,0.150,0.230,0.000
318.780,0.000,0.145,0.230,0.000
318.800,0.000,0.131,0.230,0.000
318.820,0.000,0.123,0.230,0.000
318.840,0.000,0.108,0.230,0.000
318.860,0.000,0.099,0.222,0.000
318.880,0.000,0.091,0.219,0.000
318.900,0.000,0.085,0.219,0.000
318.920,0.000,0.073,0.219,0.000
318.940,0.000,0.071,0.219,0.000
318.960,0.000,0.056,0.219,0.000
318.980,0.000,0.056,0.219,0.000
319.000,0.000,0.053,0.219,0.000
319.020,0.000,0.055,0.219,0.000
319.040,0.000,0.050,0.219,0.000
319.060,0.000,0.052,0.219,0.000
319.080,0.000,0.050,0.219,0.000
319.100,0.000,0.054,0.219,0.000
319.120,0.000,0.055,0.219,0.000
319.140,0.000,0.057,0.219,0.000
319.160,0.000,0.069,0.219,0.000
319.180,0.000,0.073,0.219,0.000
319.200,0.000,0.077,0.219,0.000
319.220,0.000,0.088,0.219,0.000
319.240,0.000,0.099,0.219,0.000
319.260,0.000,0.108,0.219,0.000
319.280,0.000,0.116,0.219,0.000
319.300,0.000,0.126,0.219,0.000
319.320,0.000,0.140,0.219,0.000
319.340,0.000,0.147,0.219,0.000
319.360,0.000,0.159,0.218,0.000
319.380,0.000,0.170,0.218,0.000
319.400,0.000,0.179,0.218,0.000
319.420,0.000,0.190,0.218,0.000
319.440,0.000,0.192,0.218,0.000
319.460,0.000,0.195,0.218,0.000
319.480,0.000,0.206,0.218,0.000
319.500,0.000,0.215,0.218,0.000
319.520,0.000,0.218,0.218,0.000
319.540,0.000,0.219,0.218,0.000
319.560,0.000,0.219,0.218,0.000
319.580,0.000,0.220,0.218,0.000
319.600,0.000,0.219,0.218,0.000
319.620,0.000,0.218,0.218,0.000
319.640,0.000,0.214,0.218,0.000
319.660,0.000,0.211,0.218,0.000
319.680,0.000,0.202,0.218,0.000
319.700,0.000,0.195,0.218,0.000
319.720,0.000,0.191,0.218,0.000
319.740,0.000,0.182,0.218,0.000
319.760,0.000,0.174,0.218,0.000
319.780,0.000,0.162,0.218,0.000
319.800,0.000,0.154,0.218,0.000
319.820,0.000,0.145,0.218,0.000
319.840,0.000,0.134,0.218,0.000
319.860,0.000,0.126,0.218,0.000
319.880,0.000,0.117,0.213,0.000
319.900,0.000,0.104,0.211,0.000
319.920,0.000,0.096,0.210,0.000
319.940,0.000,0.088,0.210,0.000
319.960,0.000,0.080,0.210,0.000
319.980,0.000,0.075,0.210,0.000
320.000,0.000,0.067,0.210,0.000
320.020,0.000,0.062,0.210,0.000
320.040,0.000,0.059,0.210,0.000
320.060,0.000,0.059,0.210,0.000
320.080,0.000,0.057,0.210,0.000
320.100,0.000,0.058,0.210,0.000
320.120,0.000,0.058,0.210,0.000
320.140,0.000,0.058,0.210,0.000
320.160,0.000,0.062,0.210,0.000
320.180,0.000,0.065,0.210,0.000
320.200,0.000,0.071,0.210,0.000
320.220,0.000,0.083,0.210,0.000
320.240,0.000,0.091,0.210,0.000
320.260,0.000,0.094,0.210,0.000
320.280,0.000,0.099,0.210,0.000
320.300,0.000,0.113,0.210,0.000
320.320,0.000,0.125,0.210,0.000
320.340,0.000,0.132,0.210,0.000
320.360,0.000,0.136,0.210,0.000
320.380,0.000,0.153,0.210,0.000
320.400,0.000,0.157,0.210,0.000
320.420,0.000,0.171,0.205,0.000
320.440,0.000,0.172,0.201,0.000
320.460,0.000,0.188,0.196,0.000
320.480,0.000,0.191,0.196,0.000
320.500,0.000,0.204,0.196,0.000
320.520,0.000,0.208,0.196,0.000
320.540,0.000,0.210,0.196,0.000
320.560,0.000,0.210,0.196,0.000
320.580,0.000,0.215,0.196,0.000
320.600,0.000,0.215,0.196,0.000
320.620,0.000,0.213,0.196,0.000
320.640,0.000,0.212,0.196,0.000
320.660,0.000,0.210,0.196,0.000
320.680,0.000,0.210,0.196,0.000
320.700,0.000,0.210,0.196,0.000
320.720,0.000,0.203,0.196,0.000
320.740,0.000,0.194,0.196,0.000
320.760,0.000,0.186,0.196,0.000
320.780,0.000,0.178,0.196,0.000
320.800,0.000,0.173,0.196,0.000
320.820,0.000,0.163,0.196,0.000
320.840,0.000,0.150,0.196,0.000
320.860,0.000,0.140,0.196,0.000
320.880,0.000,0.133,0.196,0.000
320.900,0.000,0.123,0.196,0.000
320.920,0.000,0.115,0.196,0.000
320.940,0.000,0.103,0.196,0.000
320.960,0.000,0.094,0.196,0.000
320.980,0.000,0.091,0.196,0.000
321.000,0.000,0.079,0.196,0.000
321.020,0.000,0.075,0.196,0.000
321.040,0.000,0.068,0.196,0.000
321.060,0.000,0.060,0.196,0.000
321.080,0.000,0.057,0.196,0.000
321.100,0.000,0.056,0.196,0.000
321.120,0.000,0.055,0.196,0.000
321.140,0.000,0.056,0.196,0.000
321.160,0.000,0.057,0.196,0.000
321.180,0.000,0.057,0.196,0.000
321.200,0.000,0.058,0.196,0.000
321.220,0.000,0.067,0.196,0.000
321.240,0.000,0.074,0.196,0.000
321.260,0.000,0.075,0.196,0.000
321.280,0.000,0.087,0.196,0.000
321.300,0.000,0.094,0.196,0.000
321.320,0.000,0.097,0.196,0.000
321.340,0.000,0.110,0.196,0.000
321.360,0.000,0.117,0.196,0.000
321.380,0.000,0.132,0.196,0.000
321.400,0.000,0.135,0.196,0.000
321.420,0.000,0.151,0.196,0.000
321.440,0.000,0.153,0.196,0.000
321.460,0.000,0.170,0.196,0.000
321.480,0.000,0.173,0.196,0.000
321.500,0.000,0.187,0.196,0.000
321.520,0.000,0.189,0.196,0.000
321.540,0.000,0.190,0.196,0.000
321.560,0.000,0.194,0.196,0.000
321.580,0.000,0.206,0.196,0.000
321.600,0.000,0.209,0.196,0.000
321.620,0.000,0.211,0.196,0.000
321.640,0.000,0.211,0.196,0.000
321.660,0.000,0.212,0.196,0.000
321.680,0.000,0.212,0.196,0.000
321.700,0.000,0.211,0.196,0.000
321.720,0.000,0.205,0.196,0.000
321.740,0.000,0.197,0.196,0.000
321.760,0.000,0.194,0.196,0.000
321.780,0.000,0.191,0.196,0.000
321.800,0.000,0.190,0.196,0.000
321.820,0.000,0.181,0.196,0.000
321.840,0.000,0.173,0.196,0.000
321.860,0.000,0.160,0.196,0.000
321.880,0.000,0.154,0.196,0.000
321.900,0.000,0.141,0.196,0.000
321.920,0.000,0.134,0.196,0.000
321.940,0.000,0.125,0.196,0.000
321.960,0.000,0.120,0.196,0.000
321.980,0.000,0.106,0.193,0.000
322.000,0.000,0.103,0.192,0.000
322.020,0.000,0.091,0.184,0.000
322.040,0.000,0.085,0.183,0.000
322.060,0.000,0.083,0.183,0.000
322.080,0.000,0.072,0.183,0.000
322.100,0.000,0.066,0.183,0.000
322.120,0.000,0.065,0.183,0.000
322.140,0.000,0.065,0.183,0.000
322.160,0.000,0.063,0.183,0.000
322.180,0.000,0.066,0.183,0.000
322.200,0.000,0.064,0.183,0.000
322.220,0.000,0.068,0.183,0.000
322.240,0.000,0.066,0.183,0.000
322.260,0.000,0.075,0.183,0.000
322.280,0.000,0.079,0.183,0.000
322.300,0.000,0.085,0.183,0.000
322.320,0.000,0.093,0.183,0.000
322.340,0.000,0.099,0.183,0.000
322.360,0.000,0.103,0.183,0.000
322.380,0.000,0.121,0.183,0.000
322.400,0.000,0.126,0.183,0.000
322.420,0.000,0.132,0.183,0.000
322.440,0.000,0.139,0.183,0.000
322.460,0.000,0.152,0.183,0.000
322.480,0.000,0.157,0.183,0.000
322.500,0.000,0.170,0.183,0.000
322.520,0.000,0.172,0.178,0.000
322.540,0.000,0.187,0.178,0.000
322.560,0.000,0.187,0.178,0.000
322.580,0.000,0.200,0.178,0.000
322.600,0.000,0.200,0.178,0.000
322.620,0.000,0.208,0.178,0.000
322.640,0.000,0.210,0.178,0.000
322.660,0.000,0.211,0.178,0.000
322.680,0.000,0.210,0.178,0.000
322.700,0.000,0.212,0.178,0.000
322.720,0.000,0.211,0.178,0.000
322.740,0.000,0.210,0.178,0.000
322.760,0.000,0.210,0.178,0.000
322.780,0.000,0.208,0.178,0.000
322.800,0.000,0.202,0.178,0.000
322.820,0.000,0.190,0.178,0.000
322.840,0.000,0.187,0.178,0.000
322.860,0.000,0.173,0.178,0.000
322.880,0.000,0.171,0.178,0.000
322.900,0.000,0.158,0.178,0.000
322.920,0.000,0.152,0.178,0.000
322.940,0.000,0.138,0.178,0.000
322.960,0.000,0.132,0.178,0.000
322.980,0.000,0.126,0.178,0.000
323.000,0.000,0.116,0.178,0.000
323.020,0.000,0.103,0.177,0.000
323.040,0.000,0.098,0.177,0.000
323.060,0.000,0.092,0.177,0.000
323.080,0.000,0.088,0.177,0.000
323.100,0.000,0.079,0.177,0.000
323.120,0.000,0.075,0.177,0.000
323.140,0.000,0.073,0.177,0.000
323.160,0.000,0.067,0.177,0.000
323.180,0.000,0.064,0.177,0.000
323.200,0.000,0.058,0.177,0.000
323.220,0.000,0.061,0.177,0.000
323.240,0.000,0.059,0.177,0.000
323.260,0.000,0.066,0.177,0.000
323.280,0.000,0.067,0.177,0.000
323.300,0.000,0.074,0.177,0.000
323.320,0.000,0.074,0.177,0.000
323.340,0.000,0.080,0.177,0.000
323.360,0.000,0.091,0.177,0.000
323.380,0.000,0.094,0.177,0.000
323.400,0.000,0.101,0.177,0.000
323.420,0.000,0.110,0.177,0.000
323.440,0.000,0.119,0.177,0.000
323.460,0.000,0.132,0.177,0.000
323.480,0.000,0.134,0.177,0.000
323.500,0.000,0.145,0.177,0.000
323.520,0.000,0.152,0.177,0.000
323.540,0.000,0.163,0.173,0.000
323.560,0.000,0.171,0.170,0.000
323.580,0.000,0.176,0.170,0.000
323.600,0.000,0.182,0.170,0.000
323.620,0.000,0.189,0.170,0.000
323.640,0.000,0.190,0.170,0.000
323.660,0.000,0.200,0.170,0.000
323.680,0.000,0.199,0.170,0.000
323.700,0.000,0.207,0.170,0.000
323.720,0.000,0.204,0.170,0.000
323.740,0.000,0.207,0.170,0.000
323.760,0.000,0.202,0.170,0.000
323.780,0.000,0.203,0.170,0.000
323.800,0.000,0.198,0.170,0.000
323.820,0.000,0.193,0.170,0.000
323.840,0.000,0.192,0.170,0.000
323.860,0.000,0.189,0.170,0.000
323.880,0.000,0.183,0.170,0.000
323.900,0.000,0.172,0.170,0.000
323.920,0.000,0.166,0.170,0.000
323.940,0.000,0.155,0.170,0.000
323.960,0.000,0.151,0.170,0.000
323.980,0.000,0.140,0.170,0.000
324.000,0.000,0.135,0.170,0.000
324.020,0.000,0.124,0.170,0.000
324.040,0.000,0.117,0.170,0.000
324.060,0.000,0.110,0.170,0.000
324.080,0.000,0.099,0.167,0.000
324.100,0.000,0.096,0.165,0.000
324.120,0.000,0.088,0.165,0.000
324.140,0.000,0.086,0.165,0.000
324.160,0.000,0.076,0.165,0.000
324.180,0.000,0.078,0.165,0.000
324.200,0.000,0.066,0.165,0.000
324.220,0.000,0.071,0.165,0.000
324.240,0.000,0.065,0.165,0.000
324.260,0.000,0.070,0.165,0.000
324.280,0.000,0.066,0.165,0.000
324.300,0.000,0.074,0.165,0.000
324.320,0.000,0.070,0.165,0.000
324.340,0.000,0.083,0.165,0.000
324.360,0.000,0.080,0.165,0.000
324.380,0.000,0.089,0.165,0.000
324.400,0.000,0.092,0.165,0.000
324.420,0.000,0.099,0.165,0.000
324.440,0.000,0.109,0.165,0.000
324.460,0.000,0.116,0.165,0.000
324.480,0.000,0.127,0.165,0.000
324.500,0.000,0.132,0.165,0.000
324.520,0.000,0.143,0.165,0.000
324.540,0.000,0.149,0.165,0.000
324.560,0.000,0.158,0.165,0.000
324.580,0.000,0.162,0.164,0.000
324.600,0.000,0.174,0.163,0.000
324.620,0.000,0.177,0.160,0.000
324.640,0.000,0.185,0.160,0.000
324.660,0.000,0.189,0.160,0.000
324.680,0.000,0.199,0.160,0.000
324.700,0.000,0.199,0.160,0.000
324.720,0.000,0.205,0.160,0.000
324.740,0.000,0.204,0.160,0.000
324.760,0.000,0.207,0.160,0.000
324.780,0.000,0.206,0.160,0.000
324.800,0.000,0.206,0.160,0.000
324.820,0.000,0.204,0.160,0.000
324.840,0.000,0.204,0.160,0.000
324.860,0.000,0.197,0.160,0.000
324.880,0.000,0.195,0.160,0.000
324.900,0.000,0.188,0.160,0.000
324.920,0.000,0.182,0.160,0.000
324.940,0.000,0.175,0.160,0.000
324.960,0.000,0.167,0.160,0.000
324.980,0.000,0.162,0.160,0.000
325.000,0.000,0.154,0.160,0.000
325.020,0.000,0.145,0.160,0.000
325.040,0.000,0.134,0.160,0.000
325.060,0.000,0.132,0.160,0.000
325.080,0.000,0.123,0.160,0.000
325.100,0.000,0.113,0.160,0.000
325.120,0.000,0.102,0.160,0.000
325.140,0.000,0.094,0.160,0.000
325.160,0.000,0.093,0.160,0.000
325.180,0.000,0.087,0.160,0.000
325.200,0.000,0.083,0.160,0.000
325.220,0.000,0.081,0.160,0.000
325.240,0.000,0.077,0.160,0.000
325.260,0.000,0.074,0.160,0.000
325.280,0.000,0.074,0.160,0.000
325.300,0.000,0.074,0.160,0.000
325.320,0.000,0.071,0.160,0.000
325.340,0.000,0.074,0.160,0.000
325.360,0.000,0.075,0.160,0.000
325.380,0.000,0.077,0.160,0.000
325.400,0.000,0.088,0.160,0.000
325.420,0.000,0.092,0.160,0.000
325.440,0.000,0.094,0.160,0.000
325.460,0.000,0.095,0.160,0.000
325.480,0.000,0.104,0.160,0.000
325.500,0.000,0.111,0.160,0.000
325.520,0.000,0.124,0.160,0.000
325.540,0.000,0.132,0.160,0.000
325.560,0.000,0.133,0.160,0.000
325.580,0.000,0.141,0.160,0.000
325.600,0.000,0.149,0.158,0.000
325.620,0.000,0.156,0.157,0.000
325.640,0.000,0.165,0.157,0.000
325.660,0.000,0.174,0.157,0.000
325.680,0.000,0.178,0.157,0.000
325.700,0.000,0.184,0.157,0.000
325.720,0.000,0.186,0.157,0.000
325.740,0.000,0.190,0.157,0.000
325.760,0.000,0.189,0.157,0.000
325.780,0.000,0.197,0.157,0.000
325.800,0.000,0.194,0.157,0.000
325.820,0.000,0.197,0.157,0.000
325.840,0.000,0.195,0.157,0.000
325.860,0.000,0.198,0.157,0.000
325.880,0.000,0.190,0.157,0.000
325.900,0.000,0.191,0.157,0.000
325.920,0.000,0.182,0.157,0.000
325.940,0.000,0.183,0.157,0.000
325.960,0.000,0.173,0.157,0.000
325.980,0.000,0.172,0.157,0.000
326.000,0.000,0.158,0.157,0.000
326.020,0.000,0.153,0.157,0.000
326.040,0.000,0.146,0.157,0.000
326.060,0.000,0.138,0.157,0.000
326.080,0.000,0.134,0.157,0.000
326.100,0.000,0.125,0.157,0.000
326.120,0.000,0.116,0.156,0.000
326.140,0.000,0.109,0.155,0.000
326.160,0.000,0.104,0.155,0.000
326.180,0.000,0.094,0.155,0.000
326.200,0.000,0.092,0.154,0.000
326.220,0.000,0.085,0.154,0.000
326.240,0.000,0.084,0.154,0.000
326.260,0.000,0.076,0.154,0.000
326.280,0.000,0.078,0.154,0.000
326.300,0.000,0.070,0.154,0.000
326.320,0.000,0.074,0.154,0.000
326.340,0.000,0.067,0.154,0.000
326.360,0.000,0.075,0.154,0.000
326.380,0.000,0.074,0.154,0.000
326.400,0.000,0.079,0.154,0.000
326.420,0.000,0.083,0.154,0.000
326.440,0.000,0.087,0.154,0.000
326.460,0.000,0.090,0.154,0.000
326.480,0.000,0.096,0.154,0.000
326.500,0.000,0.102,0.154,0.000
326.520,0.000,0.109,0.154,0.000
326.540,0.000,0.119,0.154,0.000
326.560,0.000,0.124,0.154,0.000
326.580,0.000,0.128,0.154,0.000
326.600,0.000,0.139,0.154,0.000
326.620,0.000,0.146,0.154,0.000
326.640,0.000,0.153,0.154,0.000
326.660,0.000,0.163,0.154,0.000
326.680,0.000,0.168,0.154,0.000
326.700,0.000,0.177,0.154,0.000
326.720,0.000,0.177,0.154,0.000
326.740,0.000,0.186,0.154,0.000
326.760,0.000,0.186,0.154,0.000
326.780,0.000,0.194,0.154,0.000
326.800,0.000,0.192,0.154,0.000
326.820,0.000,0.200,0.154,0.000
326.840,0.000,0.198,0.154,0.000
326.860,0.000,0.201,0.154,0.000
326.880,0.000,0.198,0.154,0.000
326.900,0.000,0.200,0.154,0.000
326.920,0.000,0.192,0.154,0.000
326.940,0.000,0.197,0.154,0.000
326.960,0.000,0.183,0.154,0.000
326.980,0.000,0.185,0.154,0.000
327.000,0.000,0.178,0.154,0.000
327.020,0.000,0.170,0.154,0.000
327.040,0.000,0.166,0.154,0.000
327.060,0.000,0.160,0.154,0.000
327.080,0.000,0.151,0.154,0.000
327.100,0.000,0.145,0.154,0.000
327.120,0.000,0.137,0.154,0.000
327.140,0.000,0.129,0.154,0.000
327.160,0.000,0.128,0.154,0.000
327.180,0.000,0.115,0.154,0.000
327.200,0.000,0.112,0.154,0.000
327.220,0.000,0.097,0.154,0.000
327.240,0.000,0.099,0.154,0.000
327.260,0.000,0.090,0.154,0.000
327.280,0.000,0.091,0.154,0.000
327.300,0.000,0.082,0.154,0.000
327.320,0.000,0.086,0.154,0.000
327.340,0.000,0.075,0.154,0.000
327.360,0.000,0.083,0.154,0.000
327.380,0.000,0.074,0.154,0.000
327.400,0.000,0.082,0.154,0.000
327.420,0.000,0.075,0.154,0.000
327.440,0.000,0.087,0.154,0.000
327.460,0.000,0.085,0.154,0.000
327.480,0.000,0.091,0.154,0.000
327.500,0.000,0.091,0.154,0.000
327.520,0.000,0.095,0.154,0.000
327.540,0.000,0.099,0.154,0.000
327.560,0.000,0.108,0.154,0.000
327.580,0.000,0.113,0.154,0.000
327.600,0.000,0.128,0.154,0.000
327.620,0.000,0.129,0.154,0.000
327.640,0.000,0.137,0.154,0.000
327.660,0.000,0.141,0.154,0.000
327.680,0.000,0.150,0.154,0.000
327.700,0.000,0.153,0.153,0.000
327.720,0.000,0.165,0.151,0.000
327.740,0.000,0.168,0.151,0.000
327.760,0.000,0.173,0.150,0.000
327.780,0.000,0.175,0.148,0.000
327.800,0.000,0.182,0.148,0.000
327.820,0.000,0.183,0.148,0.000
327.840,0.000,0.190,0.148,0.000
327.860,0.000,0.190,0.148,0.000
327.880,0.000,0.190,0.148,0.000
327.900,0.000,0.187,0.148,0.000
327.920,0.000,0.190,0.148,0.000
327.940,0.000,0.190,0.148,0.000
327.960,0.000,0.186,0.148,0.000
327.980,0.000,0.183,0.148,0.000
328.000,0.000,0.180,0.148,0.000
328.020,0.000,0.177,0.148,0.000
328.040,0.000,0.169,0.148,0.000
328.060,0.000,0.167,0.148,0.000
328.080,0.000,0.155,0.148,0.000
328.100,0.000,0.153,0.148,0.000
328.120,0.000,0.142,0.148,0.000
328.140,0.000,0.144,0.148,0.000
328.160,0.000,0.131,0.148,0.000
328.180,0.000,0.130,0.148,0.000
328.200,0.000,0.117,0.147,0.000
328.220,0.000,0.114,0.147,0.000
328.240,0.000,0.102,0.142,0.000
328.260,0.000,0.104,0.142,0.000
328.280,0.000,0.091,0.142,0.000
328.300,0.000,0.091,0.142,0.000
328.320,0.000,0.083,0.142,0.000
328.340,0.000,0.085,0.142,0.000
328.360,0.000,0.078,0.142,0.000
328.380,0.000,0.081,0.142,0.000
328.400,0.000,0.074,0.142,0.000
328.420,0.000,0.080,0.142,0.000
328.440,0.000,0.075,0.142,0.000
328.460,0.000,0.081,0.142,0.000
328.480,0.000,0.079,0.142,0.000
328.500,0.000,0.087,0.142,0.000
328.520,0.000,0.088,0.142,0.000
328.540,0.000,0.094,0.142,0.000
328.560,0.000,0.095,0.142,0.000
328.580,0.000,0.101,0.142,0.000
328.600,0.000,0.108,0.142,0.000
328.620,0.000,0.117,0.142,0.000
328.640,0.000,0.121,0.142,0.000
328.660,0.000,0.128,0.142,0.000
328.680,0.000,0.138,0.142,0.000
328.700,0.000,0.142,0.142,0.000
328.720,0.000,0.150,0.142,0.000
328.740,0.000,0.153,0.142,0.000
328.760,0.000,0.165,0.142,0.000
328.780,0.000,0.165,0.142,0.000
328.800,0.000,0.181,0.142,0.000
328.820,0.000,0.178,0.142,0.000
328.840,0.000,0.185,0.142,0.000
328.860,0.000,0.187,0.142,0.000
328.880,0.000,0.191,0.142,0.000
328.900,0.000,0.187,0.142,0.000
328.920,0.000,0.194,0.142,0.000
328.940,0.000,0.190,0.142,0.000
328.960,0.000,0.190,0.142,0.000
328.980,0.000,0.188,0.142,0.000
329.000,0.000,0.189,0.142,0.000
329.020,0.000,0.185,0.142,0.000
329.040,0.000,0.184,0.142,0.000
329.060,0.000,0.180,0.142,0.000
329.080,0.000,0.174,0.142,0.000
329.100,0.000,0.169,0.142,0.000
329.120,0.000,0.164,0.142,0.000
329.140,0.000,0.159,0.142,0.000
329.160,0.000,0.150,0.142,0.000
329.180,0.000,0.142,0.142,0.000
329.200,0.000,0.137,0.142,0.000
329.220,0.000,0.132,0.142,0.000
329.240,0.000,0.126,0.140,0.000
329.260,0.000,0.120,0.140,0.000
329.280,0.000,0.113,0.139,0.000
329.300,0.000,0.105,0.139,0.000
329.320,0.000,0.099,0.139,0.000
329.340,0.000,0.094,0.139,0.000
329.360,0.000,0.091,0.139,0.000
329.380,0.000,0.091,0.139,0.000
329.400,0.000,0.087,0.139,0.000
329.420,0.000,0.085,0.139,0.000
329.440,0.000,0.087,0.139,0.000
329.460,0.000,0.084,0.139,0.000
329.480,0.000,0.086,0.139,0.000
329.500,0.000,0.086,0.139,0.000
329.520,0.000,0.088,0.139,0.000
329.540,0.000,0.091,0.139,0.000
329.560,0.000,0.091,0.139,0.000
329.580,0.000,0.099,0.139,0.000
329.600,0.000,0.099,0.139,0.000
329.620,0.000,0.110,0.139,0.000
329.640,0.000,0.111,0.139,0.000
329.660,0.000,0.120,0.139,0.000
329.680,0.000,0.123,0.139,0.000
329.700,0.000,0.134,0.139,0.000
329.720,0.000,0.136,0.139,0.000
329.740,0.000,0.148,0.139,0.000
329.760,0.000,0.146,0.139,0.000
329.780,0.000,0.159,0.139,0.000
329.800,0.000,0.160,0.137,0.000
329.820,0.000,0.166,0.137,0.000
329.840,0.000,0.169,0.134,0.000
329.860,0.000,0.177,0.134,0.000
329.880,0.000,0.177,0.134,0.000
329.900,0.000,0.184,0.134,0.000
329.920,0.000,0.185,0.134,0.000
329.940,0.000,0.184,0.134,0.000
329.960,0.000,0.186,0.134,0.000
329.980,0.000,0.186,0.134,0.000
330.000,0.000,0.188,0.134,0.000
330.020,0.000,0.183,0.134,0.000
330.040,0.000,0.186,0.134,0.000
330.060,0.000,0.178,0.134,0.000
330.080,0.000,0.178,0.134,0.000
330.100,0.000,0.170,0.134,0.000
330.120,0.000,0.168,0.134,0.000
330.140,0.000,0.161,0.134,0.000
330.160,0.000,0.155,0.134,0.000
330.180,0.000,0.149,0.134,0.000
330.200,0.000,0.149,0.134,0.000
330.220,0.000,0.136,0.134,0.000
330.240,0.000,0.132,0.134,0.000
330.260,0.000,0.124,0.134,0.000
330.280,0.000,0.117,0.134,0.000
330.300,0.000,0.113,0.134,0.000
330.320,0.000,0.112,0.134,0.000
330.340,0.000,0.103,0.134,0.000
330.360,0.000,0.095,0.134,0.000
330.380,0.000,0.094,0.134,0.000
330.400,0.000,0.090,0.134,0.000
330.420,0.000,0.089,0.134,0.000
330.440,0.000,0.086,0.134,0.000
330.460,0.000,0.082,0.134,0.000
330.480,0.000,0.083,0.134,0.000
330.500,0.000,0.080,0.134,0.000
330.520,0.000,0.083,0.134,0.000
330.540,0.000,0.084,0.134,0.000
330.560,0.000,0.086,0.134,0.000
330.580,0.000,0.091,0.134,0.000
330.600,0.000,0.089,0.134,0.000
330.620,0.000,0.098,0.134,0.000
330.640,0.000,0.100,0.134,0.000
330.660,0.000,0.107,0.134,0.000
330.680,0.000,0.111,0.134,0.000
330.700,0.000,0.116,0.134,0.000
330.720,0.000,0.124,0.134,0.000
330.740,0.000,0.129,0.134,0.000
330.760,0.000,0.132,0.134,0.000
330.780,0.000,0.141,0.134,0.000
330.800,0.000,0.146,0.134,0.000
330.820,0.000,0.153,0.134,0.000
330.840,0.000,0.158,0.134,0.000
330.860,0.000,0.159,0.134,0.000
330.880,0.000,0.167,0.134,0.000
330.900,0.000,0.174,0.134,0.000
330.920,0.000,0.182,0.134,0.000
330.940,0.000,0.182,0.134,0.000
330.960,0.000,0.188,0.134,0.000
330.980,0.000,0.188,0.134,0.000
331.000,0.000,0.189,0.134,0.000
331.020,0.000,0.186,0.134,0.000
331.040,0.000,0.186,0.134,0.000
331.060,0.000,0.185,0.134,0.000
331.080,0.000,0.185,0.134,0.000
331.100,0.000,0.183,0.134,0.000
331.120,0.000,0.179,0.134,0.000
331.140,0.000,0.173,0.134,0.000
331.160,0.000,0.166,0.134,0.000
331.180,0.000,0.165,0.134,0.000
331.200,0.000,0.159,0.134,0.000
331.220,0.000,0.156,0.134,0.000
331.240,0.000,0.146,0.134,0.000
331.260,0.000,0.141,0.134,0.000
331.280,0.000,0.134,0.134,0.000
331.300,0.000,0.134,0.134,0.000
331.320,0.000,0.125,0.134,0.000
331.340,0.000,0.124,0.127,0.000
331.360,0.000,0.109,0.127,0.000
331.380,0.000,0.109,0.127,0.000
331.400,0.000,0.102,0.127,0.000
331.420,0.000,0.100,0.127,0.000
331.440,0.000,0.097,0.127,0.000
331.460,0.000,0.094,0.127,0.000
331.480,0.000,0.093,0.127,0.000
331.500,0.000,0.093,0.127,0.000
331.520,0.000,0.092,0.127,0.000
331.540,0.000,0.092,0.127,0.000
331.560,0.000,0.093,0.127,0.000
331.580,0.000,0.094,0.127,0.000
331.600,0.000,0.094,0.127,0.000
331.620,0.000,0.094,0.127,0.000
331.640,0.000,0.096,0.127,0.000
331.660,0.000,0.095,0.127,0.000
331.680,0.000,0.105,0.127,0.000
331.700,0.000,0.112,0.127,0.000
331.720,0.000,0.121,0.127,0.000
331.740,0.000,0.120,0.127,0.000
331.760,0.000,0.132,0.127,0.000
331.780,0.000,0.132,0.127,0.000
331.800,0.000,0.137,0.127,0.000
331.820,0.000,0.145,0.127,0.000
331.840,0.000,0.152,0.127,0.000
331.860,0.000,0.154,0.126,0.000
331.880,0.000,0.162,0.126,0.000
331.900,0.000,0.170,0.123,0.000
331.920,0.000,0.171,0.123,0.000
331.940,0.000,0.172,0.120,0.000
331.960,0.000,0.174,0.120,0.000
331.980,0.000,0.179,0.120,0.000
332.000,0.000,0.179,0.120,0.000
332.020,0.000,0.187,0.120,0.000
332.040,0.000,0.184,0.120,0.000
332.060,0.000,0.185,0.120,0.000
332.080,0.000,0.180,0.120,0.000
332.100,0.000,0.184,0.120,0.000
332.120,0.000,0.173,0.120,0.000
332.140,0.000,0.175,0.120,0.000
332.160,0.000,0.172,0.120,0.000
332.180,0.000,0.171,0.120,0.000
332.200,0.000,0.165,0.120,0.000
332.220,0.000,0.166,0.120,0.000
332.240,0.000,0.154,0.120,0.000
332.260,0.000,0.152,0.120,0.000
332.280,0.000,0.146,0.120,0.000
332.300,0.000,0.137,0.120,0.000
332.320,0.000,0.134,0.120,0.000
332.340,0.000,0.130,0.120,0.000
332.360,0.000,0.127,0.120,0.000
332.380,0.000,0.118,0.120,0.000
332.400,0.000,0.114,0.120,0.000
332.420,0.000,0.101,0.120,0.000
332.440,0.000,0.101,0.120,0.000
332.460,0.000,0.095,0.120,0.000
332.480,0.000,0.094,0.120,0.000
332.500,0.000,0.093,0.120,0.000
332.520,0.000,0.093,0.120,0.000
332.540,0.000,0.091,0.120,0.000
332.560,0.000,0.093,0.120,0.000
332.580,0.000,0.085,0.120,0.000
332.600,0.000,0.092,0.120,0.000
332.620,0.000,0.086,0.120,0.000
332.640,0.000,0.094,0.120,0.000
332.660,0.000,0.095,0.120,0.000
332.680,0.000,0.095,0.120,0.000
332.700,0.000,0.096,0.120,0.000
332.720,0.000,0.102,0.120,0.000
332.740,0.000,0.111,0.120,0.000
332.760,0.000,0.112,0.120,0.000
332.780,0.000,0.120,0.120,0.000
332.800,0.000,0.124,0.120,0.000
332.820,0.000,0.132,0.120,0.000
332.840,0.000,0.133,0.120,0.000
332.860,0.000,0.141,0.120,0.000
332.880,0.000,0.148,0.120,0.000
332.900,0.000,0.152,0.120,0.000
332.920,0.000,0.153,0.120,0.000
332.940,0.000,0.159,0.120,0.000
332.960,0.000,0.168,0.120,0.000
332.980,0.000,0.171,0.120,0.000
333.000,0.000,0.173,0.120,0.000
333.020,0.000,0.174,0.120,0.000
333.040,0.000,0.182,0.120,0.000
333.060,0.000,0.182,0.120,0.000
333.080,0.000,0.186,0.120,0.000
333.100,0.000,0.178,0.120,0.000
333.120,0.000,0.185,0.120,0.000
333.140,0.000,0.178,0.120,0.000
333.160,0.000,0.183,0.120,0.000
333.180,0.000,0.174,0.120,0.000
333.200,0.000,0.175,0.120,0.000
333.220,0.000,0.164,0.120,0.000
333.240,0.000,0.163,0.120,0.000
333.260,0.000,0.158,0.120,0.000
333.280,0.000,0.159,0.120,0.000
333.300,0.000,0.148,0.120,0.000
333.320,0.000,0.145,0.120,0.000
333.340,0.000,0.138,0.120,0.000
333.360,0.000,0.138,0.120,0.000
333.380,0.000,0.130,0.120,0.000
333.400,0.000,0.124,0.118,0.000
333.420,0.000,0.122,0.118,0.000
333.440,0.000,0.116,0.114,0.000
333.460,0.000,0.110,0.114,0.000
333.480,0.000,0.105,0.114,0.000
333.500,0.000,0.105,0.114,0.000
333.520,0.000,0.095,0.114,0.000
333.540,0.000,0.102,0.114,0.000
333.560,0.000,0.094,0.114,0.000
333.580,0.000,0.097,0.114,0.000
333.600,0.000,0.091,0.114,0.000
333.620,0.000,0.096,0.114,0.000
333.640,0.000,0.094,0.114,0.000
333.660,0.000,0.098,0.114,0.000
333.680,0.000,0.095,0.114,0.000
333.700,0.000,0.100,0.114,0.000
333.720,0.000,0.103,0.114,0.000
333.740,0.000,0.103,0.114,0.000
333.760,0.000,0.106,0.114,0.000
333.780,0.000,0.116,0.114,0.000
333.800,0.000,0.122,0.114,0.000
333.820,0.000,0.124,0.114,0.000
333.840,0.000,0.132,0.114,0.000
333.860,0.000,0.132,0.114,0.000
333.880,0.000,0.138,0.114,0.000
333.900,0.000,0.141,0.114,0.000
333.920,0.000,0.154,0.110,0.000
333.940,0.000,0.152,0.110,0.000
333.960,0.000,0.161,0.109,0.000
333.980,0.000,0.162,0.109,0.000
334.000,0.000,0.171,0.109,0.000
334.020,0.000,0.171,0.109,0.000
334.040,0.000,0.174,0.109,0.000
334.060,0.000,0.173,0.109,0.000
334.080,0.000,0.179,0.109,0.000
334.100,0.000,0.179,0.109,0.000
334.120,0.000,0.178,0.109,0.000
334.140,0.000,0.179,0.109,0.000
334.160,0.000,0.178,0.109,0.000
334.180,0.000,0.178,0.109,0.000
334.200,0.000,0.172,0.109,0.000
334.220,0.000,0.171,0.109,0.000
334.240,0.000,0.171,0.109,0.000
334.260,0.000,0.171,0.109,0.000
334.280,0.000,0.168,0.109,0.000
334.300,0.000,0.164,0.109,0.000
334.320,0.000,0.153,0.109,0.000
334.340,0.000,0.151,0.109,0.000
334.360,0.000,0.145,0.109,0.000
334.380,0.000,0.143,0.109,0.000
334.400,0.000,0.133,0.109,0.000
334.420,0.000,0.132,0.109,0.000
334.440,0.000,0.127,0.109,0.000
334.460,0.000,0.124,0.109,0.000
334.480,0.000,0.114,0.109,0.000
334.500,0.000,0.114,0.109,0.000
334.520,0.000,0.103,0.109,0.000
334.540,0.000,0.098,0.109,0.000
334.560,0.000,0.095,0.109,0.000
334.580,0.000,0.095,0.109,0.000
334.600,0.000,0.095,0.109,0.000
334.620,0.000,0.095,0.109,0.000
334.640,0.000,0.093,0.109,0.000
334.660,0.000,0.091,0.109,0.000
334.680,0.000,0.094,0.109,0.000
334.700,0.000,0.093,0.109,0.000
334.720,0.000,0.094,0.109,0.000
334.740,0.000,0.094,0.109,0.000
334.760,0.000,0.095,0.109,0.000
334.780,0.000,0.095,0.109,0.000
334.800,0.000,0.108,0.109,0.000
334.820,0.000,0.108,0.109,0.000
334.840,0.000,0.114,0.109,0.000
334.860,0.000,0.115,0.109,0.000
334.880,0.000,0.130,0.109,0.000
334.900,0.000,0.132,0.109,0.000
334.920,0.000,0.132,0.109,0.000
334.940,0.000,0.134,0.109,0.000
334.960,0.000,0.138,0.109,0.000
334.980,0.000,0.150,0.109,0.000
335.000,0.000,0.152,0.109,0.000
335.020,0.000,0.156,0.109,0.000
335.040,0.000,0.160,0.109,0.000
335.060,0.000,0.168,0.109,0.000
335.080,0.000,0.168,0.109,0.000
335.100,0.000,0.171,0.109,0.000
335.120,0.000,0.172,0.109,0.000
335.140,0.000,0.175,0.109,0.000
335.160,0.000,0.172,0.109,0.000
335.180,0.000,0.177,0.109,0.000
335.200,0.000,0.173,0.109,0.000
335.220,0.000,0.176,0.109,0.000
335.240,0.000,0.172,0.109,0.000
335.260,0.000,0.172,0.109,0.000
335.280,0.000,0.169,0.109,0.000
335.300,0.000,0.169,0.109,0.000
335.320,0.000,0.161,0.109,0.000
335.340,0.000,0.155,0.109,0.000
335.360,0.000,0.154,0.109,0.000
335.380,0.000,0.148,0.109,0.000
335.400,0.000,0.146,0.109,0.000
335.420,0.000,0.137,0.109,0.000
335.440,0.000,0.136,0.109,0.000
335.460,0.000,0.127,0.109,0.000
335.480,0.000,0.124,0.109,0.000
335.500,0.000,0.116,0.106,0.000
335.520,0.000,0.116,0.105,0.000
335.540,0.000,0.111,0.104,0.000
335.560,0.000,0.108,0.104,0.000
335.580,0.000,0.103,0.104,0.000
335.600,0.000,0.103,0.104,0.000
335.620,0.000,0.099,0.104,0.000
335.640,0.000,0.098,0.104,0.000
335.660,0.000,0.099,0.104,0.000
335.680,0.000,0.099,0.104,0.000
335.700,0.000,0.099,0.104,0.000
335.720,0.000,0.095,0.104,0.000
335.740,0.000,0.101,0.104,0.000
335.760,0.000,0.101,0.104,0.000
335.780,0.000,0.103,0.104,0.000
335.800,0.000,0.103,0.104,0.000
335.820,0.000,0.108,0.104,0.000
335.840,0.000,0.108,0.104,0.000
335.860,0.000,0.122,0.104,0.000
335.880,0.000,0.121,0.104,0.000
335.900,0.000,0.126,0.104,0.000
335.920,0.000,0.129,0.104,0.000
335.940,0.000,0.136,0.104,0.000
335.960,0.000,0.135,0.104,0.000
335.980,0.000,0.145,0.104,0.000
336.000,0.000,0.149,0.102,0.000
336.020,0.000,0.153,0.102,0.000
336.040,0.000,0.159,0.102,0.000
336.060,0.000,0.162,0.102,0.000
336.080,0.000,0.168,0.102,0.000
336.100,0.000,0.170,0.102,0.000
336.120,0.000,0.170,0.102,0.000
336.140,0.000,0.172,0.102,0.000
336.160,0.000,0.174,0.102,0.000
336.180,0.000,0.176,0.102,0.000
336.200,0.000,0.176,0.102,0.000
336.220,0.000,0.172,0.102,0.000
336.240,0.000,0.174,0.102,0.000
336.260,0.000,0.172,0.102,0.000
336.280,0.000,0.174,0.102,0.000
336.300,0.000,0.171,0.102,0.000
336.320,0.000,0.171,0.102,0.000
336.340,0.000,0.172,0.102,0.000
336.360,0.000,0.167,0.102,0.000
336.380,0.000,0.158,0.102,0.000
336.400,0.000,0.153,0.102,0.000
336.420,0.000,0.153,0.102,0.000
336.440,0.000,0.150,0.102,0.000
336.460,0.000,0.137,0.102,0.000
336.480,0.000,0.135,0.102,0.000
336.500,0.000,0.132,0.102,0.000
336.520,0.000,0.132,0.102,0.000
336.540,0.000,0.128,0.102,0.000
336.560,0.000,0.117,0.102,0.000
336.580,0.000,0.115,0.102,0.000
336.600,0.000,0.112,0.102,0.000
336.620,0.000,0.107,0.102,0.000
336.640,0.000,0.099,0.102,0.000
336.660,0.000,0.096,0.102,0.000
336.680,0.000,0.097,0.102,0.000
336.700,0.000,0.094,0.102,0.000
336.720,0.000,0.095,0.102,0.000
336.740,0.000,0.094,0.102,0.000
336.760,0.000,0.095,0.102,0.000
336.780,0.000,0.095,0.102,0.000
336.800,0.000,0.095,0.102,0.000
336.820,0.000,0.095,0.102,0.000
336.840,0.000,0.098,0.102,0.000
336.860,0.000,0.103,0.102,0.000
336.880,0.000,0.112,0.102,0.000
336.900,0.000,0.112,0.102,0.000
336.920,0.000,0.120,0.102,0.000
336.940,0.000,0.120,0.102,0.000
336.960,0.000,0.131,0.102,0.000
336.980,0.000,0.132,0.102,0.000
337.000,0.000,0.132,0.102,0.000
337.020,0.000,0.133,0.101,0.000
337.040,0.000,0.144,0.101,0.000
337.060,0.000,0.151,0.101,0.000
337.080,0.000,0.152,0.101,0.000
337.100,0.000,0.153,0.101,0.000
337.120,0.000,0.159,0.101,0.000
337.140,0.000,0.165,0.101,0.000
337.160,0.000,0.167,0.101,0.000
337.180,0.000,0.171,0.101,0.000
337.200,0.000,0.169,0.101,0.000
337.220,0.000,0.171,0.101,0.000
337.240,0.000,0.172,0.101,0.000
337.260,0.000,0.172,0.101,0.000
337.280,0.000,0.170,0.101,0.000
337.300,0.000,0.171,0.101,0.000
337.320,0.000,0.168,0.101,0.000
337.340,0.000,0.168,0.101,0.000
337.360,0.000,0.164,0.101,0.000
337.380,0.000,0.158,0.101,0.000
337.400,0.000,0.154,0.101,0.000
337.420,0.000,0.152,0.101,0.000
337.440,0.000,0.150,0.101,0.000
337.460,0.000,0.147,0.101,0.000
337.480,0.000,0.145,0.101,0.000
337.500,0.000,0.133,0.101,0.000
337.520,0.000,0.134,0.101,0.000
337.540,0.000,0.127,0.101,0.000
337.560,0.000,0.129,0.101,0.000
337.580,0.000,0.116,0.100,0.000
337.600,0.000,0.118,0.100,0.000
337.620,0.000,0.112,0.094,0.000
337.640,0.000,0.113,0.094,0.000
337.660,0.000,0.104,0.094,0.000
337.680,0.000,0.104,0.094,0.000
337.700,0.000,0.102,0.094,0.000
337.720,0.000,0.101,0.094,0.000
337.740,0.000,0.099,0.094,0.000
337.760,0.000,0.095,0.094,0.000
337.780,0.000,0.099,0.094,0.000
337.800,0.000,0.098,0.094,0.000
337.820,0.000,0.103,0.094,0.000
337.840,0.000,0.098,0.094,0.000
337.860,0.000,0.103,0.094,0.000
337.880,0.000,0.103,0.094,0.000
337.900,0.000,0.109,0.094,0.000
337.920,0.000,0.105,0.094,0.000
337.940,0.000,0.120,0.094,0.000
337.960,0.000,0.120,0.094,0.000
337.980,0.000,0.124,0.094,0.000
338.000,0.000,0.128,0.094,0.000
338.020,0.000,0.137,0.094,0.000
338.040,0.000,0.138,0.094,0.000
338.060,0.000,0.143,0.094,0.000
338.080,0.000,0.144,0.093,0.000
338.100,0.000,0.149,0.093,0.000
338.120,0.000,0.156,0.092,0.000
338.140,0.000,0.160,0.092,0.000
338.160,0.000,0.162,0.088,0.000
338.180,0.000,0.166,0.088,0.000
338.200,0.000,0.171,0.088,0.000
338.220,0.000,0.170,0.088,0.000
338.240,0.000,0.171,0.088,0.000
338.260,0.000,0.172,0.088,0.000
338.280,0.000,0.172,0.088,0.000
338.300,0.000,0.176,0.088,0.000
338.320,0.000,0.174,0.088,0.000
338.340,0.000,0.173,0.088,0.000
338.360,0.000,0.170,0.088,0.000
338.380,0.000,0.170,0.088,0.000
338.400,0.000,0.170,0.088,0.000
338.420,0.000,0.167,0.088,0.000
338.440,0.000,0.160,0.088,0.000
338.460,0.000,0.161,0.088,0.000
338.480,0.000,0.155,0.088,0.000
338.500,0.000,0.152,0.088,0.000
338.520,0.000,0.145,0.088,0.000
338.540,0.000,0.142,0.088,0.000
338.560,0.000,0.134,0.088,0.000
338.580,0.000,0.133,0.088,0.000
338.600,0.000,0.132,0.088,0.000
338.620,0.000,0.130,0.088,0.000
338.640,0.000,0.122,0.088,0.000
338.660,0.000,0.119,0.088,0.000
338.680,0.000,0.116,0.088,0.000
338.700,0.000,0.112,0.088,0.000
338.720,0.000,0.108,0.088,0.000
338.740,0.000,0.106,0.088,0.000
338.760,0.000,0.099,0.088,0.000
338.780,0.000,0.097,0.088,0.000
338.800,0.000,0.096,0.088,0.000
338.820,0.000,0.097,0.088,0.000
338.840,0.000,0.098,0.088,0.000
338.860,0.000,0.096,0.088,0.000
338.880,0.000,0.103,0.088,0.000
338.900,0.000,0.104,0.088,0.000
338.920,0.000,0.110,0.088,0.000
338.940,0.000,0.112,0.088,0.000
338.960,0.000,0.114,0.088,0.000
338.980,0.000,0.115,0.088,0.000
339.000,0.000,0.120,0.088,0.000
339.020,0.000,0.125,0.088,0.000
339.040,0.000,0.132,0.088,0.000
339.060,0.000,0.133,0.088,0.000
339.080,0.000,0.133,0.088,0.000
339.100,0.000,0.134,0.088,0.000
339.120,0.000,0.145,0.088,0.000
339.140,0.000,0.145,0.087,0.000
339.160,0.000,0.152,0.086,0.000
339.180,0.000,0.152,0.085,0.000
339.200,0.000,0.158,0.085,0.000
339.220,0.000,0.157,0.085,0.000
339.240,0.000,0.167,0.085,0.000
339.260,0.000,0.163,0.085,0.000
339.280,0.000,0.170,0.085,0.000
339.300,0.000,0.170,0.085,0.000
339.320,0.000,0.171,0.085,0.000
339.340,0.000,0.170,0.085,0.000
339.360,0.000,0.170,0.085,0.000
339.380,0.000,0.170,0.085,0.000
339.400,0.000,0.166,0.085,0.000
339.420,0.000,0.168,0.085,0.000
339.440,0.000,0.161,0.085,0.000
339.460,0.000,0.159,0.085,0.000
339.480,0.000,0.154,0.085,0.000
339.500,0.000,0.153,0.085,0.000
339.520,0.000,0.153,0.085,0.000
339.540,0.000,0.145,0.085,0.000
339.560,0.000,0.138,0.085,0.000
339.580,0.000,0.134,0.085,0.000
339.600,0.000,0.135,0.085,0.000
339.620,0.000,0.132,0.085,0.000
339.640,0.000,0.128,0.085,0.000
339.660,0.000,0.124,0.084,0.000
339.680,0.000,0.115,0.084,0.000
339.700,0.000,0.115,0.083,0.000
339.720,0.000,0.113,0.083,0.000
339.740,0.000,0.107,0.083,0.000
339.760,0.000,0.106,0.083,0.000
339.780,0.000,0.103,0.083,0.000
339.800,0.000,0.102,0.083,0.000
339.820,0.000,0.099,0.083,0.000
339.840,0.000,0.100,0.083,0.000
339.860,0.000,0.099,0.083,0.000
339.880,0.000,0.101,0.083,0.000
339.900,0.000,0.100,0.083,0.000
339.920,0.000,0.103,0.083,0.000
339.940,0.000,0.106,0.083,0.000
339.960,0.000,0.108,0.083,0.000
339.980,0.000,0.112,0.083,0.000
340.000,0.000,0.113,0.083,0.000
340.020,0.000,0.115,0.083,0.000
340.040,0.000,0.117,0.083,0.000
340.060,0.000,0.125,0.083,0.000
340.080,0.000,0.124,0.083,0.000
340.100,0.000,0.134,0.083,0.000
340.120,0.000,0.134,0.083,0.000
340.140,0.000,0.142,0.083,0.000
340.160,0.000,0.142,0.083,0.000
340.180,0.000,0.152,0.082,0.000
340.200,0.000,0.149,0.082,0.000
340.220,0.000,0.157,0.082,0.000
340.240,0.000,0.160,0.082,0.000
340.260,0.000,0.161,0.082,0.000
340.280,0.000,0.163,0.082,0.000
340.300,0.000,0.165,0.082,0.000
340.320,0.000,0.167,0.082,0.000
340.340,0.000,0.164,0.082,0.000
340.360,0.000,0.172,0.082,0.000
340.380,0.000,0.166,0.082,0.000
340.400,0.000,0.174,0.082,0.000
340.420,0.000,0.165,0.082,0.000
340.440,0.000,0.174,0.082,0.000
340.460,0.000,0.165,0.082,0.000
340.480,0.000,0.168,0.082,0.000
340.500,0.000,0.161,0.082,0.000
340.520,0.000,0.163,0.082,0.000
340.540,0.000,0.153,0.082,0.000
340.560,0.000,0.158,0.082,0.000
340.580,0.000,0.146,0.082,0.000
340.600,0.000,0.146,0.082,0.000
340.620,0.000,0.140,0.082,0.000
340.640,0.000,0.135,0.082,0.000
340.660,0.000,0.136,0.082,0.000
340.680,0.000,0.133,0.082,0.000
340.700,0.000,0.129,0.082,0.000
340.720,0.000,0.125,0.082,0.000
340.740,0.000,0.123,0.082,0.000
340.760,0.000,0.118,0.082,0.000
340.780,0.000,0.115,0.082,0.000
340.800,0.000,0.112,0.082,0.000
340.820,0.000,0.110,0.082,0.000
340.840,0.000,0.104,0.082,0.000
340.860,0.000,0.108,0.082,0.000
340.880,0.000,0.102,0.082,0.000
340.900,0.000,0.109,0.082,0.000
340.920,0.000,0.102,0.082,0.000
340.940,0.000,0.109,0.082,0.000
340.960,0.000,0.103,0.082,0.000
340.980,0.000,0.112,0.082,0.000
341.000,0.000,0.111,0.082,0.000
341.020,0.000,0.116,0.082,0.000
341.040,0.000,0.113,0.082,0.000
341.060,0.000,0.125,0.082,0.000
341.080,0.000,0.124,0.082,0.000
341.100,0.000,0.131,0.082,0.000
341.120,0.000,0.132,0.082,0.000
341.140,0.000,0.134,0.082,0.000
341.160,0.000,0.133,0.082,0.000
341.180,0.000,0.137,0.082,0.000
341.200,0.000,0.146,0.082,0.000
341.220,0.000,0.149,0.082,0.000
341.240,0.000,0.152,0.082,0.000
341.260,0.000,0.151,0.082,0.000
341.280,0.000,0.157,0.082,0.000
341.300,0.000,0.155,0.082,0.000
341.320,0.000,0.164,0.082,0.000
341.340,0.000,0.163,0.082,0.000
341.360,0.000,0.170,0.082,0.000
341.380,0.000,0.167,0.082,0.000
341.400,0.000,0.170,0.082,0.000
341.420,0.000,0.166,0.082,0.000
341.440,0.000,0.171,0.082,0.000
341.460,0.000,0.165,0.082,0.000
341.480,0.000,0.167,0.082,0.000
341.500,0.000,0.161,0.082,0.000
341.520,0.000,0.161,0.082,0.000
341.540,0.000,0.157,0.082,0.000
341.560,0.000,0.150,0.082,0.000
341.580,0.000,0.151,0.082,0.000
341.600,0.000,0.147,0.082,0.000
341.620,0.000,0.146,0.082,0.000
341.640,0.000,0.135,0.082,0.000
341.660,0.000,0.135,0.082,0.000
341.680,0.000,0.132,0.082,0.000
341.700,0.000,0.133,0.082,0.000
341.720,0.000,0.128,0.082,0.000
341.740,0.000,0.126,0.081,0.000
341.760,0.000,0.115,0.081,0.000
341.780,0.000,0.118,0.081,0.000
341.800,0.000,0.112,0.081,0.000
341.820,0.000,0.112,0.081,0.000
341.840,0.000,0.105,0.081,0.000
341.860,0.000,0.105,0.081,0.000
341.880,0.000,0.102,0.081,0.000
341.900,0.000,0.101,0.081,0.000
341.920,0.000,0.098,0.081,0.000
341.940,0.000,0.095,0.081,0.000
341.960,0.000,0.105,0.081,0.000
341.980,0.000,0.098,0.081,0.000
342.000,0.000,0.106,0.081,0.000
342.020,0.000,0.103,0.081,0.000
342.040,0.000,0.112,0.081,0.000
342.060,0.000,0.112,0.081,0.000
342.080,0.000,0.114,0.081,0.000
342.100,0.000,0.114,0.081,0.000
342.120,0.000,0.120,0.081,0.000
342.140,0.000,0.118,0.081,0.000
342.160,0.000,0.129,0.081,0.000
342.180,0.000,0.131,0.081,0.000
342.200,0.000,0.135,0.081,0.000
342.220,0.000,0.137,0.081,0.000
342.240,0.000,0.140,0.081,0.000
342.260,0.000,0.147,0.081,0.000
342.280,0.000,0.150,0.081,0.000
342.300,0.000,0.151,0.081,0.000
342.320,0.000,0.155,0.081,0.000
342.340,0.000,0.157,0.081,0.000
342.360,0.000,0.158,0.081,0.000
342.380,0.000,0.162,0.081,0.000
342.400,0.000,0.161,0.081,0.000
342.420,0.000,0.165,0.081,0.000
342.440,0.000,0.163,0.081,0.000
342.460,0.000,0.164,0.081,0.000
342.480,0.000,0.165,0.081,0.000
342.500,0.000,0.163,0.081,0.000
342.520,0.000,0.164,0.081,0.000
342.540,0.000,0.162,0.081,0.000
342.560,0.000,0.161,0.081,0.000
342.580,0.000,0.160,0.081,0.000
342.600,0.000,0.159,0.081,0.000
342.620,0.000,0.156,0.081,0.000
342.640,0.000,0.150,0.081,0.000
342.660,0.000,0.143,0.081,0.000
342.680,0.000,0.144,0.081,0.000
342.700,0.000,0.141,0.081,0.000
342.720,0.000,0.137,0.081,0.000
342.740,0.000,0.133,0.081,0.000
342.760,0.000,0.132,0.081,0.000
342.780,0.000,0.126,0.081,0.000
342.800,0.000,0.127,0.081,0.000
342.820,0.000,0.121,0.081,0.000
342.840,0.000,0.123,0.081,0.000
342.860,0.000,0.119,0.081,0.000
342.880,0.000,0.120,0.081,0.000
342.900,0.000,0.111,0.081,0.000
342.920,0.000,0.110,0.081,0.000
342.940,0.000,0.107,0.081,0.000
342.960,0.000,0.108,0.081,0.000
342.980,0.000,0.105,0.081,0.000
343.000,0.000,0.109,0.081,0.000
343.020,0.000,0.105,0.081,0.000
343.040,0.000,0.115,0.081,0.000
343.060,0.000,0.113,0.081,0.000
343.080,0.000,0.117,0.081,0.000
343.100,0.000,0.120,0.081,0.000
343.120,0.000,0.124,0.081,0.000
343.140,0.000,0.128,0.081,0.000
343.160,0.000,0.129,0.081,0.000
343.180,0.000,0.132,0.081,0.000
343.200,0.000,0.132,0.081,0.000
343.220,0.000,0.136,0.081,0.000
343.240,0.000,0.133,0.081,0.000
343.260,0.000,0.144,0.081,0.000
343.280,0.000,0.141,0.081,0.000
343.300,0.000,0.150,0.079,0.000
343.320,0.000,0.149,0.079,0.000
343.340,0.000,0.155,0.079,0.000
343.360,0.000,0.155,0.079,0.000
343.380,0.000,0.160,0.079,0.000
343.400,0.000,0.160,0.079,0.000
343.420,0.000,0.168,0.079,0.000
343.440,0.000,0.166,0.079,0.000
343.460,0.000,0.166,0.079,0.000
343.480,0.000,0.169,0.079,0.000
343.500,0.000,0.166,0.079,0.000
343.520,0.000,0.169,0.079,0.000
343.540,0.000,0.163,0.079,0.000
343.560,0.000,0.169,0.079,0.000
343.580,0.000,0.154,0.079,0.000
343.600,0.000,0.161,0.079,0.000
343.620,0.000,0.153,0.079,0.000
343.640,0.000,0.152,0.079,0.000
343.660,0.000,0.149,0.079,0.000
343.680,0.000,0.149,0.079,0.000
343.700,0.000,0.137,0.079,0.000
343.720,0.000,0.141,0.079,0.000
343.740,0.000,0.133,0.079,0.000
343.760,0.000,0.134,0.079,0.000
343.780,0.000,0.133,0.079,0.000
343.800,0.000,0.131,0.079,0.000
343.820,0.000,0.127,0.079,0.000
343.840,0.000,0.123,0.079,0.000
343.860,0.000,0.118,0.079,0.000
343.880,0.000,0.114,0.079,0.000
343.900,0.000,0.112,0.079,0.000
343.920,0.000,0.111,0.079,0.000
343.940,0.000,0.112,0.079,0.000
343.960,0.000,0.108,0.079,0.000
343.980,0.000,0.108,0.079,0.000
344.000,0.000,0.101,0.079,0.000
344.020,0.000,0.104,0.079,0.000
344.040,0.000,0.102,0.079,0.000
344.060,0.000,0.108,0.079,0.000
344.080,0.000,0.103,0.079,0.000
344.100,0.000,0.111,0.079,0.000
344.120,0.000,0.112,0.079,0.000
344.140,0.000,0.112,0.079,0.000
344.160,0.000,0.115,0.079,0.000
344.180,0.000,0.116,0.079,0.000
344.200,0.000,0.122,0.079,0.000
344.220,0.000,0.127,0.079,0.000
344.240,0.000,0.130,0.079,0.000
344.260,0.000,0.132,0.079,0.000
344.280,0.000,0.132,0.079,0.000
344.300,0.000,0.134,0.079,0.000
344.320,0.000,0.138,0.079,0.000
344.340,0.000,0.144,0.079,0.000
344.360,0.000,0.150,0.079,0.000
344.380,0.000,0.153,0.079,0.000
344.400,0.000,0.153,0.079,0.000
344.420,0.000,0.153,0.079,0.000
344.440,0.000,0.154,0.079,0.000
344.460,0.000,0.157,0.079,0.000
344.480,0.000,0.160,0.079,0.000
344.500,0.000,0.160,0.079,0.000
344.520,0.000,0.162,0.079,0.000
344.540,0.000,0.162,0.079,0.000
344.560,0.000,0.163,0.079,0.000
344.580,0.000,0.160,0.079,0.000
344.600,0.000,0.161,0.079,0.000
344.620,0.000,0.155,0.079,0.000
344.640,0.000,0.159,0.079,0.000
344.660,0.000,0.155,0.079,0.000
344.680,0.000,0.154,0.079,0.000
344.700,0.000,0.152,0.079,0.000
344.720,0.000,0.149,0.079,0.000
344.740,0.000,0.145,0.079,0.000
344.760,0.000,0.143,0.079,0.000
344.780,0.000,0.137,0.079,0.000
344.800,0.000,0.137,0.079,0.000
344.820,0.000,0.134,0.079,0.000
344.840,0.000,0.126,0.079,0.000
344.860,0.000,0.129,0.079,0.000
344.880,0.000,0.124,0.079,0.000
344.900,0.000,0.124,0.079,0.000
344.920,0.000,0.122,0.079,0.000
344.940,0.000,0.122,0.079,0.000
344.960,0.000,0.116,0.079,0.000
344.980,0.000,0.116,0.079,0.000
345.000,0.000,0.108,0.079,0.000
345.020,0.000,0.111,0.079,0.000
345.040,0.000,0.109,0.079,0.000
345.060,0.000,0.112,0.079,0.000
345.080,0.000,0.110,0.079,0.000
345.100,0.000,0.113,0.079,0.000
345.120,0.000,0.113,0.079,0.000
345.140,0.000,0.117,0.079,0.000
345.160,0.000,0.120,0.079,0.000
345.180,0.000,0.120,0.079,0.000
345.200,0.000,0.125,0.079,0.000
345.220,0.000,0.124,0.079,0.000
345.240,0.000,0.132,0.079,0.000
345.260,0.000,0.129,0.079,0.000
345.280,0.000,0.132,0.079,0.000
345.300,0.000,0.134,0.079,0.000
345.320,0.000,0.135,0.079,0.000
345.340,0.000,0.137,0.079,0.000
345.360,0.000,0.146,0.079,0.000
345.380,0.000,0.149,0.079,0.000
345.400,0.000,0.151,0.079,0.000
345.420,0.000,0.155,0.079,0.000
345.440,0.000,0.156,0.076,0.000
345.460,0.000,0.158,0.076,0.000
345.480,0.000,0.159,0.076,0.000
345.500,0.000,0.165,0.076,0.000
345.520,0.000,0.164,0.076,0.000
345.540,0.000,0.167,0.076,0.000
345.560,0.000,0.166,0.076,0.000
345.580,0.000,0.170,0.076,0.000
345.600,0.000,0.163,0.076,0.000
345.620,0.000,0.169,0.076,0.000
345.640,0.000,0.163,0.076,0.000
345.660,0.000,0.161,0.076,0.000
345.680,0.000,0.156,0.076,0.000
345.700,0.000,0.155,0.076,0.000
345.720,0.000,0.151,0.076,0.000
345.740,0.000,0.152,0.076,0.000
345.760,0.000,0.151,0.076,0.000
345.780,0.000,0.143,0.076,0.000
345.800,0.000,0.137,0.076,0.000
345.820,0.000,0.137,0.076,0.000
345.840,0.000,0.133,0.076,0.000
345.860,0.000,0.133,0.076,0.000
345.880,0.000,0.132,0.076,0.000
345.900,0.000,0.129,0.076,0.000
345.920,0.000,0.129,0.076,0.000
345.940,0.000,0.120,0.076,0.000
345.960,0.000,0.119,0.076,0.000
345.980,0.000,0.114,0.076,0.000
346.000,0.000,0.112,0.076,0.000
346.020,0.000,0.113,0.076,0.000
346.040,0.000,0.111,0.076,0.000
346.060,0.000,0.111,0.076,0.000
346.080,0.000,0.110,0.076,0.000
346.100,0.000,0.108,0.076,0.000
346.120,0.000,0.110,0.076,0.000
346.140,0.000,0.110,0.076,0.000
346.160,0.000,0.112,0.076,0.000
346.180,0.000,0.108,0.076,0.000
346.200,0.000,0.114,0.076,0.000
346.220,0.000,0.114,0.076,0.000
346.240,0.000,0.123,0.076,0.000
346.260,0.000,0.116,0.076,0.000
346.280,0.000,0.128,0.076,0.000
346.300,0.000,0.127,0.076,0.000
346.320,0.000,0.132,0.076,0.000
346.340,0.000,0.131,0.076,0.000
346.360,0.000,0.133,0.076,0.000
346.380,0.000,0.134,0.076,0.000
346.400,0.000,0.138,0.076,0.000
346.420,0.000,0.138,0.076,0.000
346.440,0.000,0.142,0.075,0.000
346.460,0.000,0.151,0.075,0.000
346.480,0.000,0.146,0.075,0.000
346.500,0.000,0.153,0.075,0.000
346.520,0.000,0.153,0.075,0.000
346.540,0.000,0.157,0.075,0.000
346.560,0.000,0.152,0.075,0.000
346.580,0.000,0.159,0.075,0.000
346.600,0.000,0.153,0.075,0.000
346.620,0.000,0.157,0.075,0.000
346.640,0.000,0.153,0.075,0.000
346.660,0.000,0.158,0.075,0.000
346.680,0.000,0.153,0.075,0.000
346.700,0.000,0.154,0.075,0.000
346.720,0.000,0.153,0.075,0.000
346.740,0.000,0.152,0.075,0.000
346.760,0.000,0.151,0.075,0.000
346.780,0.000,0.148,0.075,0.000
346.800,0.000,0.147,0.075,0.000
346.820,0.000,0.141,0.075,0.000
346.840,0.000,0.141,0.075,0.000
346.860,0.000,0.137,0.075,0.000
346.880,0.000,0.137,0.075,0.000
346.900,0.000,0.125,0.075,0.000
346.920,0.000,0.132,0.075,0.000
346.940,0.000,0.123,0.073,0.000
346.960,0.000,0.124,0.073,0.000
346.980,0.000,0.116,0.069,0.000
347.000,0.000,0.121,0.069,0.000
347.020,0.000,0.114,0.069,0.000
347.040,0.000,0.119,0.069,0.000
347.060,0.000,0.111,0.069,0.000
347.080,0.000,0.116,0.069,0.000
347.100,0.000,0.112,0.069,0.000
347.120,0.000,0.110,0.069,0.000
347.140,0.000,0.112,0.069,0.000
347.160,0.000,0.112,0.069,0.000
347.180,0.000,0.116,0.069,0.000
347.200,0.000,0.116,0.069,0.000
347.220,0.000,0.121,0.069,0.000
347.240,0.000,0.120,0.069,0.000
347.260,0.000,0.123,0.069,0.000
347.280,0.000,0.122,0.069,0.000
347.300,0.000,0.127,0.069,0.000
347.320,0.000,0.126,0.069,0.000
347.340,0.000,0.132,0.069,0.000
347.360,0.000,0.132,0.069,0.000
347.380,0.000,0.137,0.069,0.000
347.400,0.000,0.137,0.069,0.000
347.420,0.000,0.141,0.069,0.000
347.440,0.000,0.144,0.069,0.000
347.460,0.000,0.148,0.069,0.000
347.480,0.000,0.145,0.069,0.000
347.500,0.000,0.153,0.069,0.000
347.520,0.000,0.153,0.069,0.000
347.540,0.000,0.159,0.069,0.000
347.560,0.000,0.156,0.069,0.000
347.580,0.000,0.163,0.069,0.000
347.600,0.000,0.160,0.069,0.000
347.620,0.000,0.166,0.069,0.000
347.640,0.000,0.158,0.069,0.000
347.660,0.000,0.165,0.069,0.000
347.680,0.000,0.161,0.069,0.000
347.700,0.000,0.161,0.069,0.000
347.720,0.000,0.161,0.069,0.000
347.740,0.000,0.159,0.069,0.000
347.760,0.000,0.159,0.069,0.000
347.780,0.000,0.155,0.069,0.000
347.800,0.000,0.155,0.069,0.000
347.820,0.000,0.151,0.069,0.000
347.840,0.000,0.149,0.069,0.000
347.860,0.000,0.140,0.069,0.000
347.880,0.000,0.141,0.069,0.000
347.900,0.000,0.133,0.069,0.000
347.920,0.000,0.137,0.069,0.000
347.940,0.000,0.132,0.069,0.000
347.960,0.000,0.132,0.069,0.000
347.980,0.000,0.132,0.069,0.000
348.000,0.000,0.130,0.069,0.000
348.020,0.000,0.129,0.069,0.000
348.040,0.000,0.125,0.069,0.000
348.060,0.000,0.122,0.069,0.000
348.080,0.000,0.118,0.069,0.000
348.100,0.000,0.116,0.069,0.000
348.120,0.000,0.112,0.069,0.000
348.140,0.000,0.114,0.069,0.000
348.160,0.000,0.108,0.069,0.000
348.180,0.000,0.116,0.069,0.000
348.200,0.000,0.109,0.069,0.000
348.220,0.000,0.116,0.069,0.000
348.240,0.000,0.112,0.069,0.000
348.260,0.000,0.117,0.069,0.000
348.280,0.000,0.112,0.069,0.000
348.300,0.000,0.124,0.069,0.000
348.320,0.000,0.116,0.069,0.000
348.340,0.000,0.131,0.069,0.000
348.360,0.000,0.122,0.069,0.000
348.380,0.000,0.132,0.069,0.000
348.400,0.000,0.130,0.069,0.000
348.420,0.000,0.133,0.069,0.000
348.440,0.000,0.134,0.069,0.000
348.460,0.000,0.135,0.069,0.000
348.480,0.000,0.134,0.069,0.000
348.500,0.000,0.139,0.069,0.000
348.520,0.000,0.143,0.069,0.000
348.540,0.000,0.148,0.069,0.000
348.560,0.000,0.149,0.069,0.000
348.580,0.000,0.149,0.069,0.000
348.600,0.000,0.152,0.069,0.000
348.620,0.000,0.152,0.069,0.000
348.640,0.000,0.153,0.069,0.000
348.660,0.000,0.153,0.069,0.000
348.680,0.000,0.156,0.069,0.000
348.700,0.000,0.153,0.069,0.000
348.720,0.000,0.154,0.069,0.000
348.740,0.000,0.153,0.069,0.000
348.760,0.000,0.155,0.069,0.000
348.780,0.000,0.152,0.069,0.000
348.800,0.000,0.153,0.069,0.000
348.820,0.000,0.150,0.069,0.000
348.840,0.000,0.151,0.069,0.000
348.860,0.000,0.144,0.069,0.000
348.880,0.000,0.147,0.069,0.000
348.900,0.000,0.137,0.069,0.000
348.920,0.000,0.140,0.069,0.000
348.940,0.000,0.135,0.069,0.000
348.960,0.000,0.133,0.069,0.000
348.980,0.000,0.131,0.069,0.000
349.000,0.000,0.129,0.068,0.000
349.020,0.000,0.124,0.068,0.000
349.040,0.000,0.124,0.067,0.000
349.060,0.000,0.116,0.067,0.000
349.080,0.000,0.121,0.063,0.000
349.100,0.000,0.117,0.063,0.000
349.120,0.000,0.116,0.063,0.000
349.140,0.000,0.115,0.063,0.000
349.160,0.000,0.114,0.063,0.000
349.180,0.000,0.115,0.063,0.000
349.200,0.000,0.112,0.063,0.000
349.220,0.000,0.114,0.063,0.000
349.240,0.000,0.111,0.063,0.000
349.260,0.000,0.115,0.063,0.000
349.280,0.000,0.114,0.063,0.000
349.300,0.000,0.117,0.063,0.000
349.320,0.000,0.117,0.063,0.000
349.340,0.000,0.122,0.063,0.000
349.360,0.000,0.120,0.063,0.000
349.380,0.000,0.124,0.063,0.000
349.400,0.000,0.124,0.063,0.000
349.420,0.000,0.132,0.063,0.000
349.440,0.000,0.128,0.063,0.000
349.460,0.000,0.138,0.063,0.000
349.480,0.000,0.139,0.063,0.000
349.500,0.000,0.141,0.063,0.000
349.520,0.000,0.142,0.063,0.000
349.540,0.000,0.143,0.063,0.000
349.560,0.000,0.143,0.063,0.000
349.580,0.000,0.149,0.063,0.000
349.600,0.000,0.152,0.063,0.000
349.620,0.000,0.157,0.063,0.000
349.640,0.000,0.154,0.063,0.000
349.660,0.000,0.162,0.063,0.000
349.680,0.000,0.158,0.063,0.000
349.700,0.000,0.161,0.063,0.000
349.720,0.000,0.156,0.063,0.000
349.740,0.000,0.161,0.063,0.000
349.760,0.000,0.160,0.063,0.000
349.780,0.000,0.161,0.063,0.000
349.800,0.000,0.157,0.063,0.000
349.820,0.000,0.160,0.063,0.000
349.840,0.000,0.155,0.063,0.000
349.860,0.000,0.153,0.063,0.000
349.880,0.000,0.152,0.063,0.000
349.900,0.000,0.151,0.063,0.000
349.920,0.000,0.149,0.063,0.000
349.940,0.000,0.147,0.063,0.000
349.960,0.000,0.141,0.063,0.000
349.980,0.000,0.134,0.063,0.000
350.000,0.000,0.136,0.063,0.000
350.020,0.000,0.132,0.063,0.000
350.040,0.000,0.132,0.063,0.000
350.060,0.000,0.132,0.063,0.000
350.080,0.000,0.131,0.063,0.000
350.100,0.000,0.128,0.063,0.000
350.120,0.000,0.126,0.063,0.000
350.140,0.000,0.124,0.063,0.000
350.160,0.000,0.125,0.063,0.000
350.180,0.000,0.117,0.063,0.000
350.200,0.000,0.119,0.063,0.000
350.220,0.000,0.121,0.063,0.000
350.240,0.000,0.115,0.063,0.000
350.260,0.000,0.116,0.063,0.000
350.280,0.000,0.118,0.063,0.000
350.300,0.000,0.116,0.063,0.000
350.320,0.000,0.116,0.063,0.000
350.340,0.000,0.120,0.063,0.000
350.360,0.000,0.120,0.063,0.000
350.380,0.000,0.126,0.063,0.000
350.400,0.000,0.126,0.063,0.000
350.420,0.000,0.130,0.063,0.000
350.440,0.000,0.132,0.063,0.000
350.460,0.000,0.132,0.063,0.000
350.480,0.000,0.132,0.063,0.000
350.500,0.000,0.132,0.063,0.000
350.520,0.000,0.134,0.063,0.000
350.540,0.000,0.137,0.063,0.000
350.560,0.000,0.137,0.063,0.000
350.580,0.000,0.141,0.061,0.000
350.600,0.000,0.145,0.061,0.000
350.620,0.000,0.147,0.058,0.000
350.640,0.000,0.150,0.058,0.000
350.660,0.000,0.149,0.058,0.000
350.680,0.000,0.152,0.058,0.000
350.700,0.000,0.151,0.058,0.000
350.720,0.000,0.153,0.058,0.000
350.740,0.000,0.153,0.058,0.000
350.760,0.000,0.153,0.058,0.000
350.780,0.000,0.153,0.058,0.000
350.800,0.000,0.152,0.058,0.000
350.820,0.000,0.152,0.058,0.000
350.840,0.000,0.151,0.058,0.000
350.860,0.000,0.151,0.058,0.000
350.880,0.000,0.150,0.058,0.000
350.900,0.000,0.150,0.058,0.000
350.920,0.000,0.146,0.058,0.000
350.940,0.000,0.145,0.058,0.000
350.960,0.000,0.137,0.058,0.000
350.980,0.000,0.137,0.058,0.000
351.000,0.000,0.135,0.058,0.000
351.020,0.000,0.135,0.058,0.000
351.040,0.000,0.133,0.058,0.000
351.060,0.000,0.133,0.058,0.000
351.080,0.000,0.132,0.058,0.000
351.100,0.000,0.128,0.057,0.000
351.120,0.000,0.126,0.057,0.000
351.140,0.000,0.124,0.057,0.000
351.160,0.000,0.116,0.057,0.000
351.180,0.000,0.116,0.057,0.000
351.200,0.000,0.115,0.057,0.000
351.220,0.000,0.114,0.057,0.000
351.240,0.000,0.114,0.057,0.000
351.260,0.000,0.115,0.057,0.000
351.280,0.000,0.115,0.057,0.000
351.300,0.000,0.114,0.057,0.000
351.320,0.000,0.114,0.057,0.000
351.340,0.000,0.114,0.057,0.000
351.360,0.000,0.115,0.057,0.000
351.380,0.000,0.117,0.057,0.000
351.400,0.000,0.119,0.057,0.000
351.420,0.000,0.120,0.057,0.000
351.440,0.000,0.121,0.057,0.000
351.460,0.000,0.124,0.057,0.000
351.480,0.000,0.124,0.057,0.000
351.500,0.000,0.128,0.057,0.000
351.520,0.000,0.131,0.057,0.000
351.540,0.000,0.134,0.057,0.000
351.560,0.000,0.136,0.057,0.000
351.580,0.000,0.136,0.057,0.000
351.600,0.000,0.142,0.057,0.000
351.620,0.000,0.141,0.057,0.000
351.640,0.000,0.144,0.057,0.000
351.660,0.000,0.144,0.057,0.000
351.680,0.000,0.149,0.057,0.000
351.700,0.000,0.150,0.057,0.000
351.720,0.000,0.153,0.057,0.000
351.740,0.000,0.154,0.057,0.000
351.760,0.000,0.156,0.057,0.000
351.780,0.000,0.153,0.057,0.000
351.800,0.000,0.159,0.057,0.000
351.820,0.000,0.157,0.057,0.000
351.840,0.000,0.155,0.057,0.000
351.860,0.000,0.156,0.057,0.000
351.880,0.000,0.158,0.057,0.000
351.900,0.000,0.152,0.057,0.000
351.920,0.000,0.153,0.057,0.000
351.940,0.000,0.153,0.057,0.000
351.960,0.000,0.150,0.057,0.000
351.980,0.000,0.150,0.057,0.000
352.000,0.000,0.144,0.057,0.000
352.020,0.000,0.142,0.057,0.000
352.040,0.000,0.142,0.057,0.000
352.060,0.000,0.140,0.057,0.000
352.080,0.000,0.136,0.057,0.000
352.100,0.000,0.133,0.057,0.000
352.120,0.000,0.133,0.057,0.000
352.140,0.000,0.132,0.057,0.000
352.160,0.000,0.133,0.057,0.000
352.180,0.000,0.131,0.057,0.000
352.200,0.000,0.132,0.057,0.000
352.220,0.000,0.128,0.057,0.000
352.240,0.000,0.128,0.057,0.000
352.260,0.000,0.123,0.057,0.000
352.280,0.000,0.128,0.057,0.000
352.300,0.000,0.122,0.057,0.000
352.320,0.000,0.124,0.057,0.000
352.340,0.000,0.120,0.057,0.000
352.360,0.000,0.124,0.057,0.000
352.380,0.000,0.121,0.057,0.000
352.400,0.000,0.124,0.057,0.000
352.420,0.000,0.123,0.057,0.000
352.440,0.000,0.126,0.057,0.000
352.460,0.000,0.131,0.057,0.000
352.480,0.000,0.130,0.057,0.000
352.500,0.000,0.131,0.057,0.000
352.520,0.000,0.132,0.057,0.000
352.540,0.000,0.132,0.057,0.000
352.560,0.000,0.132,0.057,0.000
352.580,0.000,0.135,0.057,0.000
352.600,0.000,0.133,0.057,0.000
352.620,0.000,0.139,0.056,0.000
352.640,0.000,0.139,0.056,0.000
352.660,0.000,0.145,0.054,0.000
352.680,0.000,0.145,0.054,0.000
352.700,0.000,0.149,0.054,0.000
352.720,0.000,0.149,0.054,0.000
352.740,0.000,0.151,0.054,0.000
352.760,0.000,0.152,0.054,0.000
352.780,0.000,0.152,0.054,0.000
352.800,0.000,0.151,0.054,0.000
352.820,0.000,0.152,0.054,0.000
352.840,0.000,0.153,0.054,0.000
352.860,0.000,0.151,0.054,0.000
352.880,0.000,0.152,0.054,0.000
352.900,0.000,0.152,0.054,0.000
352.920,0.000,0.153,0.054,0.000
352.940,0.000,0.149,0.054,0.000
352.960,0.000,0.151,0.054,0.000
352.980,0.000,0.146,0.054,0.000
353.000,0.000,0.148,0.054,0.000
353.020,0.000,0.140,0.054,0.000
353.040,0.000,0.141,0.054,0.000
353.060,0.000,0.136,0.054,0.000
353.080,0.000,0.136,0.054,0.000
353.100,0.000,0.133,0.054,0.000
353.120,0.000,0.132,0.054,0.000
353.140,0.000,0.132,0.054,0.000
353.160,0.000,0.131,0.053,0.000
353.180,0.000,0.132,0.053,0.000
353.200,0.000,0.128,0.052,0.000
353.220,0.000,0.128,0.052,0.000
353.240,0.000,0.118,0.052,0.000
353.260,0.000,0.120,0.052,0.000
353.280,0.000,0.116,0.052,0.000
353.300,0.000,0.118,0.052,0.000
353.320,0.000,0.114,0.052,0.000
353.340,0.000,0.116,0.052,0.000
353.360,0.000,0.113,0.052,0.000
353.380,0.000,0.116,0.052,0.000
353.400,0.000,0.116,0.052,0.000
353.420,0.000,0.116,0.052,0.000
353.440,0.000,0.114,0.052,0.000
353.460,0.000,0.116,0.052,0.000
353.480,0.000,0.118,0.052,0.000
353.500,0.000,0.120,0.052,0.000
353.520,0.000,0.123,0.052,0.000
353.540,0.000,0.126,0.052,0.000
353.560,0.000,0.127,0.052,0.000
353.580,0.000,0.128,0.052,0.000
353.600,0.000,0.130,0.052,0.000
353.620,0.000,0.133,0.052,0.000
353.640,0.000,0.135,0.052,0.000
353.660,0.000,0.134,0.052,0.000
353.680,0.000,0.137,0.052,0.000
353.700,0.000,0.142,0.052,0.000
353.720,0.000,0.143,0.052,0.000
353.740,0.000,0.149,0.052,0.000
353.760,0.000,0.146,0.052,0.000
353.780,0.000,0.150,0.052,0.000
353.800,0.000,0.152,0.052,0.000
353.820,0.000,0.152,0.052,0.000
353.840,0.000,0.152,0.052,0.000
353.860,0.000,0.154,0.052,0.000
353.880,0.000,0.153,0.052,0.000
353.900,0.000,0.153,0.052,0.000
353.920,0.000,0.154,0.052,0.000
353.940,0.000,0.155,0.052,0.000
353.960,0.000,0.152,0.052,0.000
353.980,0.000,0.151,0.052,0.000
354.000,0.000,0.150,0.052,0.000
354.020,0.000,0.149,0.052,0.000
354.040,0.000,0.145,0.052,0.000
354.060,0.000,0.146,0.052,0.000
354.080,0.000,0.145,0.052,0.000
354.100,0.000,0.141,0.052,0.000
354.120,0.000,0.141,0.052,0.000
354.140,0.000,0.139,0.052,0.000
354.160,0.000,0.137,0.052,0.000
354.180,0.000,0.137,0.052,0.000
354.200,0.000,0.133,0.052,0.000
354.220,0.000,0.131,0.052,0.000
354.240,0.000,0.131,0.049,0.000
354.260,0.000,0.126,0.049,0.000
354.280,0.000,0.130,0.049,0.000
354.300,0.000,0.125,0.049,0.000
354.320,0.000,0.126,0.049,0.000
354.340,0.000,0.125,0.049,0.000
354.360,0.000,0.124,0.049,0.000
354.380,0.000,0.124,0.049,0.000
354.400,0.000,0.124,0.049,0.000
354.420,0.000,0.124,0.049,0.000
354.440,0.000,0.125,0.049,0.000
354.460,0.000,0.125,0.049,0.000
354.480,0.000,0.126,0.049,0.000
354.500,0.000,0.131,0.049,0.000
354.520,0.000,0.127,0.049,0.000
354.540,0.000,0.131,0.049,0.000
354.560,0.000,0.128,0.049,0.000
354.580,0.000,0.132,0.049,0.000
354.600,0.000,0.132,0.049,0.000
354.620,0.000,0.132,0.049,0.000
354.640,0.000,0.133,0.049,0.000
354.660,0.000,0.135,0.048,0.000
354.680,0.000,0.137,0.048,0.000
354.700,0.000,0.139,0.048,0.000
354.720,0.000,0.141,0.048,0.000
354.740,0.000,0.142,0.048,0.000
354.760,0.000,0.148,0.048,0.000
354.780,0.000,0.148,0.047,0.000
354.800,0.000,0.150,0.047,0.000
354.820,0.000,0.150,0.046,0.000
354.840,0.000,0.152,0.046,0.000
354.860,0.000,0.152,0.046,0.000
354.880,0.000,0.154,0.046,0.000
354.900,0.000,0.153,0.046,0.000
354.920,0.000,0.152,0.046,0.000
354.940,0.000,0.152,0.046,0.000
354.960,0.000,0.152,0.046,0.000
354.980,0.000,0.152,0.046,0.000
355.000,0.000,0.151,0.046,0.000
355.020,0.000,0.151,0.046,0.000
355.040,0.000,0.149,0.046,0.000
355.060,0.000,0.149,0.046,0.000
355.080,0.000,0.145,0.046,0.000
355.100,0.000,0.145,0.046,0.000
355.120,0.000,0.140,0.046,0.000
355.140,0.000,0.139,0.046,0.000
355.160,0.000,0.135,0.046,0.000
355.180,0.000,0.133,0.046,0.000
355.200,0.000,0.133,0.046,0.000
355.220,0.000,0.132,0.046,0.000
355.240,0.000,0.132,0.046,0.000
355.260,0.000,0.132,0.046,0.000
355.280,0.000,0.127,0.046,0.000
355.300,0.000,0.128,0.046,0.000
355.320,0.000,0.125,0.046,0.000
355.340,0.000,0.123,0.046,0.000
355.360,0.000,0.121,0.046,0.000
355.380,0.000,0.119,0.046,0.000
355.400,0.000,0.116,0.046,0.000
355.420,0.000,0.115,0.046,0.000
355.440,0.000,0.116,0.046,0.000
355.460,0.000,0.113,0.046,0.000
355.480,0.000,0.120,0.046,0.000
355.500,0.000,0.114,0.046,0.000
355.520,0.000,0.119,0.046,0.000
355.540,0.000,0.116,0.046,0.000
355.560,0.000,0.121,0.046,0.000
355.580,0.000,0.120,0.046,0.000
355.600,0.000,0.126,0.046,0.000
355.620,0.000,0.125,0.046,0.000
355.640,0.000,0.130,0.046,0.000
355.660,0.000,0.130,0.046,0.000
355.680,0.000,0.130,0.046,0.000
355.700,0.000,0.133,0.046,0.000
355.720,0.000,0.132,0.046,0.000
355.740,0.000,0.135,0.046,0.000
355.760,0.000,0.134,0.046,0.000
355.780,0.000,0.142,0.046,0.000
355.800,0.000,0.138,0.046,0.000
355.820,0.000,0.147,0.046,0.000
355.840,0.000,0.143,0.046,0.000
355.860,0.000,0.149,0.046,0.000
355.880,0.000,0.148,0.046,0.000
355.900,0.000,0.151,0.046,0.000
355.920,0.000,0.149,0.046,0.000
355.940,0.000,0.150,0.046,0.000
355.960,0.000,0.149,0.046,0.000
355.980,0.000,0.150,0.046,0.000
356.000,0.000,0.149,0.046,0.000
356.020,0.000,0.151,0.046,0.000
356.040,0.000,0.150,0.046,0.000
356.060,0.000,0.148,0.046,0.000
356.080,0.000,0.145,0.046,0.000
356.100,0.000,0.145,0.046,0.000
356.120,0.000,0.144,0.046,0.000
356.140,0.000,0.141,0.046,0.000
356.160,0.000,0.142,0.046,0.000
356.180,0.000,0.136,0.046,0.000
356.200,0.000,0.141,0.046,0.000
356.220,0.000,0.134,0.046,0.000
356.240,0.000,0.137,0.046,0.000
356.260,0.000,0.134,0.046,0.000
356.280,0.000,0.132,0.046,0.000
356.300,0.000,0.128,0.046,0.000
356.320,0.000,0.129,0.046,0.000
356.340,0.000,0.124,0.046,0.000
356.360,0.000,0.127,0.046,0.000
356.380,0.000,0.125,0.046,0.000
356.400,0.000,0.125,0.046,0.000
356.420,0.000,0.124,0.046,0.000
356.440,0.000,0.124,0.046,0.000
356.460,0.000,0.124,0.046,0.000
356.480,0.000,0.124,0.046,0.000
356.500,0.000,0.124,0.046,0.000
356.520,0.000,0.123,0.046,0.000
356.540,0.000,0.124,0.046,0.000
356.560,0.000,0.123,0.046,0.000
356.580,0.000,0.125,0.046,0.000
356.600,0.000,0.126,0.046,0.000
356.620,0.000,0.129,0.046,0.000
356.640,0.000,0.129,0.046,0.000
356.660,0.000,0.132,0.046,0.000
356.680,0.000,0.131,0.046,0.000
356.700,0.000,0.132,0.046,0.000
356.720,0.000,0.132,0.046,0.000
356.740,0.000,0.135,0.046,0.000
356.760,0.000,0.134,0.046,0.000
356.780,0.000,0.137,0.046,0.000
356.800,0.000,0.139,0.045,0.000
356.820,0.000,0.144,0.045,0.000
356.840,0.000,0.144,0.045,0.000
356.860,0.000,0.148,0.045,0.000
356.880,0.000,0.150,0.042,0.000
356.900,0.000,0.150,0.042,0.000
356.920,0.000,0.152,0.042,0.000
356.940,0.000,0.150,0.042,0.000
356.960,0.000,0.153,0.042,0.000
356.980,0.000,0.152,0.042,0.000
357.000,0.000,0.154,0.042,0.000
357.020,0.000,0.151,0.042,0.000
357.040,0.000,0.153,0.042,0.000
357.060,0.000,0.152,0.042,0.000
357.080,0.000,0.153,0.042,0.000
357.100,0.000,0.149,0.042,0.000
357.120,0.000,0.152,0.042,0.000
357.140,0.000,0.149,0.042,0.000
357.160,0.000,0.151,0.042,0.000
357.180,0.000,0.142,0.042,0.000
357.200,0.000,0.144,0.042,0.000
357.220,0.000,0.141,0.042,0.000
357.240,0.000,0.137,0.042,0.000
357.260,0.000,0.135,0.042,0.000
357.280,0.000,0.132,0.042,0.000
357.300,0.000,0.133,0.042,0.000
357.320,0.000,0.132,0.042,0.000
357.340,0.000,0.132,0.042,0.000
357.360,0.000,0.132,0.042,0.000
357.380,0.000,0.132,0.042,0.000
357.400,0.000,0.123,0.042,0.000
357.420,0.000,0.128,0.042,0.000
357.440,0.000,0.120,0.042,0.000
357.460,0.000,0.125,0.042,0.000
357.480,0.000,0.119,0.042,0.000
357.500,0.000,0.123,0.042,0.000
357.520,0.000,0.116,0.042,0.000
357.540,0.000,0.121,0.042,0.000
357.560,0.000,0.121,0.042,0.000
357.580,0.000,0.119,0.042,0.000
357.600,0.000,0.123,0.042,0.000
357.620,0.000,0.124,0.042,0.000
357.640,0.000,0.124,0.042,0.000
357.660,0.000,0.124,0.042,0.000
357.680,0.000,0.128,0.042,0.000
357.700,0.000,0.127,0.042,0.000
357.720,0.000,0.132,0.042,0.000
357.740,0.000,0.132,0.042,0.000
357.760,0.000,0.132,0.042,0.000
357.780,0.000,0.132,0.042,0.000
357.800,0.000,0.133,0.042,0.000
357.820,0.000,0.132,0.042,0.000
357.840,0.000,0.136,0.042,0.000
357.860,0.000,0.134,0.042,0.000
357.880,0.000,0.140,0.042,0.000
357.900,0.000,0.138,0.042,0.000
357.920,0.000,0.140,0.042,0.000
357.940,0.000,0.141,0.042,0.000
357.960,0.000,0.145,0.042,0.000
357.980,0.000,0.149,0.042,0.000
358.000,0.000,0.149,0.042,0.000
358.020,0.000,0.150,0.042,0.000
358.040,0.000,0.148,0.042,0.000
358.060,0.000,0.152,0.042,0.000
358.080,0.000,0.149,0.042,0.000
358.100,0.000,0.151,0.042,0.000
358.120,0.000,0.148,0.042,0.000
358.140,0.000,0.149,0.042,0.000
358.160,0.000,0.144,0.042,0.000
358.180,0.000,0.144,0.042,0.000
358.200,0.000,0.141,0.042,0.000
358.220,0.000,0.139,0.042,0.000
358.240,0.000,0.140,0.042,0.000
358.260,0.000,0.137,0.042,0.000
358.280,0.000,0.135,0.042,0.000
358.300,0.000,0.137,0.042,0.000
358.320,0.000,0.134,0.042,0.000
358.340,0.000,0.132,0.042,0.000
358.360,0.000,0.132,0.042,0.000
358.380,0.000,0.128,0.042,0.000
358.400,0.000,0.129,0.042,0.000
358.420,0.000,0.124,0.042,0.000
358.440,0.000,0.125,0.042,0.000
358.460,0.000,0.120,0.042,0.000
358.480,0.000,0.124,0.042,0.000
358.500,0.000,0.123,0.042,0.000
358.520,0.000,0.124,0.042,0.000
358.540,0.000,0.122,0.042,0.000
358.560,0.000,0.124,0.042,0.000
358.580,0.000,0.122,0.042,0.000
358.600,0.000,0.123,0.042,0.000
358.620,0.000,0.124,0.042,0.000
358.640,0.000,0.124,0.042,0.000
358.660,0.000,0.124,0.042,0.000
358.680,0.000,0.124,0.042,0.000
358.700,0.000,0.127,0.042,0.000
358.720,0.000,0.131,0.042,0.000
358.740,0.000,0.129,0.042,0.000
358.760,0.000,0.131,0.042,0.000
358.780,0.000,0.133,0.042,0.000
358.800,0.000,0.134,0.042,0.000
358.820,0.000,0.136,0.042,0.000
358.840,0.000,0.136,0.042,0.000
358.860,0.000,0.137,0.042,0.000
358.880,0.000,0.141,0.042,0.000
358.900,0.000,0.141,0.042,0.000
358.920,0.000,0.141,0.042,0.000
358.940,0.000,0.146,0.041,0.000
358.960,0.000,0.145,0.041,0.000
358.980,0.000,0.150,0.041,0.000
359.000,0.000,0.151,0.041,0.000
359.020,0.000,0.152,0.041,0.000
359.040,0.000,0.153,0.041,0.000
359.060,0.000,0.152,0.041,0.000
359.080,0.000,0.153,0.041,0.000
359.100,0.000,0.152,0.041,0.000
359.120,0.000,0.152,0.041,0.000
359.140,0.000,0.152,0.041,0.000
359.160,0.000,0.150,0.041,0.000
359.180,0.000,0.149,0.041,0.000
359.200,0.000,0.151,0.041,0.000
359.220,0.000,0.149,0.041,0.000
359.240,0.000,0.148,0.041,0.000
359.260,0.000,0.143,0.041,0.000
359.280,0.000,0.143,0.041,0.000
359.300,0.000,0.138,0.041,0.000
359.320,0.000,0.138,0.041,0.000
359.340,0.000,0.133,0.041,0.000
359.360,0.000,0.137,0.041,0.000
359.380,0.000,0.132,0.041,0.000
359.400,0.000,0.133,0.041,0.000
359.420,0.000,0.132,0.041,0.000
359.440,0.000,0.132,0.041,0.000
359.460,0.000,0.132,0.041,0.000
359.480,0.000,0.132,0.041,0.000
359.500,0.000,0.130,0.041,0.000
359.520,0.000,0.128,0.041,0.000
359.540,0.000,0.128,0.041,0.000
359.560,0.000,0.129,0.041,0.000
359.580,0.000,0.128,0.041,0.000
359.600,0.000,0.124,0.041,0.000
359.620,0.000,0.128,0.041,0.000
359.640,0.000,0.121,0.041,0.000
359.660,0.000,0.127,0.041,0.000
359.680,0.000,0.124,0.041,0.000
359.700,0.000,0.129,0.041,0.000
359.720,0.000,0.123,0.041,0.000
359.740,0.000,0.132,0.041,0.000
359.760,0.000,0.130,0.041,0.000
359.780,0.000,0.132,0.041,0.000
359.800,0.000,0.131,0.041,0.000
359.820,0.000,0.132,0.041,0.000
359.840,0.000,0.132,0.041,0.000
359.860,0.000,0.132,0.041,0.000
359.880,0.000,0.133,0.041,0.000
359.900,0.000,0.132,0.041,0.000
359.920,0.000,0.132,0.041,0.000
359.940,0.000,0.133,0.041,0.000
359.960,0.000,0.137,0.041,0.000
359.980,0.000,0.137,0.041,0.000
360.000,0.000,0.141,0.041,0.000
360.020,0.000,0.141,0.041,0.000
360.040,0.000,0.146,0.041,0.000
360.060,0.000,0.142,0.041,0.000
360.080,0.000,0.146,0.041,0.000
360.100,0.000,0.143,0.041,0.000
360.120,0.000,0.146,0.041,0.000
360.140,0.000,0.148,0.041,0.000
360.160,0.000,0.146,0.041,0.000
360.180,0.000,0.145,0.041,0.000
360.200,0.000,0.145,0.041,0.000
360.220,0.000,0.144,0.041,0.000
360.240,0.000,0.142,0.041,0.000
360.260,0.000,0.141,0.041,0.000
360.280,0.000,0.142,0.041,0.000
360.300,0.000,0.139,0.041,0.000
360.320,0.000,0.137,0.041,0.000
360.340,0.000,0.135,0.041,0.000
360.360,0.000,0.138,0.041,0.000
360.380,0.000,0.133,0.041,0.000
360.400,0.000,0.133,0.041,0.000
360.420,0.000,0.132,0.041,0.000
360.440,0.000,0.132,0.041,0.000
360.460,0.000,0.129,0.040,0.000
360.480,0.000,0.132,0.040,0.000
360.500,0.000,0.122,0.039,0.000
360.520,0.000,0.125,0.039,0.000
360.540,0.000,0.126,0.038,0.000
360.560,0.000,0.124,0.038,0.000
360.580,0.000,0.124,0.038,0.000
360.600,0.000,0.120,0.038,0.000
360.620,0.000,0.121,0.038,0.000
360.640,0.000,0.119,0.038,0.000
360.660,0.000,0.120,0.038,0.000
360.680,0.000,0.122,0.038,0.000
360.700,0.000,0.124,0.038,0.000
360.720,0.000,0.120,0.038,0.000
360.740,0.000,0.124,0.038,0.000
360.760,0.000,0.126,0.038,0.000
360.780,0.000,0.125,0.038,0.000
360.800,0.000,0.124,0.038,0.000
360.820,0.000,0.128,0.038,0.000
360.840,0.000,0.129,0.038,0.000
360.860,0.000,0.132,0.038,0.000
360.880,0.000,0.132,0.038,0.000
360.900,0.000,0.135,0.038,0.000
360.920,0.000,0.137,0.038,0.000
360.940,0.000,0.137,0.038,0.000
360.960,0.000,0.139,0.038,0.000
360.980,0.000,0.143,0.038,0.000
361.000,0.000,0.144,0.038,0.000
361.020,0.000,0.147,0.038,0.000
361.040,0.000,0.145,0.038,0.000
361.060,0.000,0.148,0.038,0.000
361.080,0.000,0.149,0.038,0.000
361.100,0.000,0.147,0.038,0.000
361.120,0.000,0.149,0.038,0.000
361.140,0.000,0.151,0.038,0.000
361.160,0.000,0.151,0.038,0.000
361.180,0.000,0.150,0.038,0.000
361.200,0.000,0.153,0.038,0.000
361.220,0.000,0.153,0.038,0.000
361.240,0.000,0.150,0.038,0.000
361.260,0.000,0.149,0.038,0.000
361.280,0.000,0.148,0.038,0.000
361.300,0.000,0.149,0.038,0.000
361.320,0.000,0.143,0.038,0.000
361.340,0.000,0.144,0.038,0.000
361.360,0.000,0.143,0.038,0.000
361.380,0.000,0.139,0.038,0.000
361.400,0.000,0.137,0.038,0.000
361.420,0.000,0.132,0.038,0.000
361.440,0.000,0.134,0.038,0.000
361.460,0.000,0.132,0.038,0.000
361.480,0.000,0.133,0.038,0.000
361.500,0.000,0.132,0.038,0.000
361.520,0.000,0.132,0.038,0.000
361.540,0.000,0.133,0.038,0.000
361.560,0.000,0.132,0.038,0.000
361.580,0.000,0.131,0.038,0.000
361.600,0.000,0.131,0.038,0.000
361.620,0.000,0.128,0.038,0.000
361.640,0.000,0.132,0.038,0.000
361.660,0.000,0.130,0.038,0.000
361.680,0.000,0.131,0.038,0.000
361.700,0.000,0.129,0.038,0.000
361.720,0.000,0.132,0.038,0.000
361.740,0.000,0.129,0.038,0.000
361.760,0.000,0.128,0.038,0.000
361.780,0.000,0.130,0.038,0.000
361.800,0.000,0.130,0.038,0.000
361.820,0.000,0.132,0.038,0.000
361.840,0.000,0.131,0.038,0.000
361.860,0.000,0.132,0.038,0.000
361.880,0.000,0.132,0.038,0.000
361.900,0.000,0.132,0.038,0.000
361.920,0.000,0.132,0.038,0.000
361.940,0.000,0.132,0.038,0.000
361.960,0.000,0.132,0.038,0.000
361.980,0.000,0.132,0.038,0.000
362.000,0.000,0.134,0.037,0.000
362.020,0.000,0.141,0.037,0.000
362.040,0.000,0.133,0.037,0.000
362.060,0.000,0.141,0.037,0.000
362.080,0.000,0.145,0.037,0.000
362.100,0.000,0.143,0.037,0.000
362.120,0.000,0.141,0.037,0.000
362.140,0.000,0.145,0.037,0.000
362.160,0.000,0.145,0.037,0.000
362.180,0.000,0.145,0.037,0.000
362.200,0.000,0.146,0.037,0.000
362.220,0.000,0.146,0.037,0.000
362.240,0.000,0.149,0.037,0.000
362.260,0.000,0.139,0.037,0.000
362.280,0.000,0.145,0.037,0.000
362.300,0.000,0.142,0.037,0.000
362.320,0.000,0.145,0.037,0.000
362.340,0.000,0.137,0.037,0.000
362.360,0.000,0.138,0.037,0.000
362.380,0.000,0.134,0.037,0.000
362.400,0.000,0.138,0.037,0.000
362.420,0.000,0.135,0.037,0.000
362.440,0.000,0.134,0.037,0.000
362.460,0.000,0.133,0.037,0.000
362.480,0.000,0.132,0.037,0.000
362.500,0.000,0.132,0.037,0.000
362.520,0.000,0.132,0.035,0.000
362.540,0.000,0.133,0.035,0.000
362.560,0.000,0.130,0.035,0.000
362.580,0.000,0.129,0.035,0.000
362.600,0.000,0.124,0.035,0.000
362.620,0.000,0.126,0.035,0.000
362.640,0.000,0.123,0.035,0.000
362.660,0.000,0.124,0.035,0.000
362.680,0.000,0.121,0.035,0.000
362.700,0.000,0.123,0.035,0.000
362.720,0.000,0.119,0.035,0.000
362.740,0.000,0.124,0.035,0.000
362.760,0.000,0.117,0.036,0.000
362.780,0.000,0.125,0.036,0.000
362.800,0.000,0.124,0.036,0.000
362.820,0.000,0.125,0.036,0.000
362.840,0.000,0.124,0.036,0.000
362.860,0.000,0.124,0.036,0.000
362.880,0.000,0.125,0.036,0.000
362.900,0.000,0.128,0.036,0.000
362.920,0.000,0.132,0.036,0.000
362.940,0.000,0.132,0.036,0.000
362.960,0.000,0.132,0.036,0.000
362.980,0.000,0.134,0.036,0.000
363.000,0.000,0.135,0.036,0.000
363.020,0.000,0.133,0.036,0.000
363.040,0.000,0.140,0.036,0.000
363.060,0.000,0.137,0.036,0.000
363.080,0.000,0.143,0.036,0.000
363.100,0.000,0.142,0.036,0.000
363.120,0.000,0.144,0.036,0.000
363.140,0.000,0.142,0.036,0.000
363.160,0.000,0.145,0.036,0.000
363.180,0.000,0.143,0.036,0.000
363.200,0.000,0.145,0.036,0.000
363.220,0.000,0.145,0.036,0.000
363.240,0.000,0.145,0.036,0.000
363.260,0.000,0.144,0.036,0.000
363.280,0.000,0.146,0.036,0.000
363.300,0.000,0.149,0.036,0.000
363.320,0.000,0.147,0.036,0.000
363.340,0.000,0.147,0.036,0.000
363.360,0.000,0.147,0.036,0.000
363.380,0.000,0.144,0.036,0.000
363.400,0.000,0.143,0.036,0.000
363.420,0.000,0.145,0.036,0.000
363.440,0.000,0.137,0.036,0.000
363.460,0.000,0.142,0.036,0.000
363.480,0.000,0.136,0.036,0.000
363.500,0.000,0.137,0.036,0.000
363.520,0.000,0.134,0.036,0.000
363.540,0.000,0.134,0.036,0.000
363.560,0.000,0.133,0.036,0.000
363.580,0.000,0.132,0.036,0.000
363.600,0.000,0.132,0.036,0.000
363.620,0.000,0.132,0.036,0.000
363.640,0.000,0.132,0.036,0.000
363.660,0.000,0.132,0.036,0.000
363.680,0.000,0.132,0.036,0.000
363.700,0.000,0.129,0.036,0.000
363.720,0.000,0.132,0.036,0.000
363.740,0.000,0.131,0.036,0.000
363.760,0.000,0.132,0.036,0.000
363.780,0.000,0.132,0.036,0.000
363.800,0.000,0.131,0.036,0.000
363.820,0.000,0.132,0.036,0.000
363.840,0.000,0.132,0.036,0.000
363.860,0.000,0.132,0.036,0.000
363.880,0.000,0.132,0.036,0.000
363.900,0.000,0.132,0.036,0.000
363.920,0.000,0.132,0.036,0.000
363.940,0.000,0.132,0.036,0.000
363.960,0.000,0.133,0.036,0.000
363.980,0.000,0.132,0.036,0.000
364.000,0.000,0.134,0.036,0.000
364.020,0.000,0.132,0.036,0.000
364.040,0.000,0.132,0.035,0.000
364.060,0.000,0.133,0.035,0.000
364.080,0.000,0.137,0.035,0.000
364.100,0.000,0.141,0.035,0.000
364.120,0.000,0.136,0.035,0.000
364.140,0.000,0.141,0.035,0.000
364.160,0.000,0.142,0.035,0.000
364.180,0.000,0.143,0.035,0.000
364.200,0.000,0.147,0.035,0.000
364.220,0.000,0.146,0.035,0.000
364.240,0.000,0.147,0.035,0.000
364.260,0.000,0.146,0.035,0.000
364.280,0.000,0.146,0.035,0.000
364.300,0.000,0.145,0.035,0.000
364.320,0.000,0.146,0.035,0.000
364.340,0.000,0.146,0.035,0.000
364.360,0.000,0.143,0.035,0.000
364.380,0.000,0.142,0.035,0.000
364.400,0.000,0.140,0.035,0.000
364.420,0.000,0.139,0.035,0.000
364.440,0.000,0.137,0.035,0.000
364.460,0.000,0.135,0.035,0.000
364.480,0.000,0.133,0.035,0.000
364.500,0.000,0.136,0.035,0.000
364.520,0.000,0.132,0.035,0.000
364.540,0.000,0.133,0.035,0.000
364.560,0.000,0.133,0.035,0.000
364.580,0.000,0.133,0.035,0.000
364.600,0.000,0.133,0.035,0.000
364.620,0.000,0.132,0.035,0.000
364.640,0.000,0.131,0.035,0.000
364.660,0.000,0.131,0.035,0.000
364.680,0.000,0.132,0.035,0.000
364.700,0.000,0.128,0.035,0.000
364.720,0.000,0.130,0.035,0.000
364.740,0.000,0.126,0.035,0.000
364.760,0.000,0.129,0.035,0.000
364.780,0.000,0.124,0.035,0.000
364.800,0.000,0.124,0.035,0.000
364.820,0.000,0.123,0.035,0.000
364.840,0.000,0.126,0.035,0.000
364.860,0.000,0.124,0.035,0.000
364.880,0.000,0.127,0.035,0.000
364.900,0.000,0.124,0.035,0.000
364.920,0.000,0.128,0.035,0.000
364.940,0.000,0.129,0.035,0.000
364.960,0.000,0.130,0.035,0.000
364.980,0.000,0.131,0.035,0.000
365.000,0.000,0.132,0.035,0.000
365.020,0.000,0.132,0.035,0.000
365.040,0.000,0.133,0.035,0.000
365.060,0.000,0.133,0.035,0.000
365.080,0.000,0.134,0.035,0.000
365.100,0.000,0.133,0.035,0.000
365.120,0.000,0.136,0.035,0.000
365.140,0.000,0.137,0.035,0.000
365.160,0.000,0.140,0.035,0.000
365.180,0.000,0.140,0.035,0.000
365.200,0.000,0.141,0.035,0.000
365.220,0.000,0.141,0.035,0.000
365.240,0.000,0.141,0.035,0.000
365.260,0.000,0.142,0.035,0.000
365.280,0.000,0.146,0.035,0.000
365.300,0.000,0.142,0.035,0.000
365.320,0.000,0.143,0.035,0.000
365.340,0.000,0.145,0.035,0.000
365.360,0.000,0.149,0.035,0.000
365.380,0.000,0.143,0.035,0.000
365.400,0.000,0.145,0.035,0.000
365.420,0.000,0.145,0.035,0.000
365.440,0.000,0.141,0.035,0.000
365.460,0.000,0.142,0.035,0.000
365.480,0.000,0.142,0.035,0.000
365.500,0.000,0.142,0.035,0.000
365.520,0.000,0.141,0.035,0.000
365.540,0.000,0.140,0.035,0.000
365.560,0.000,0.137,0.035,0.000
365.580,0.000,0.140,0.035,0.000
365.600,0.000,0.136,0.035,0.000
365.620,0.000,0.133,0.035,0.000
365.640,0.000,0.135,0.035,0.000
365.660,0.000,0.132,0.035,0.000
365.680,0.000,0.132,0.035,0.000
365.700,0.000,0.132,0.035,0.000
365.720,0.000,0.132,0.035,0.000
365.740,0.000,0.132,0.035,0.000
365.760,0.000,0.132,0.035,0.000
365.780,0.000,0.128,0.035,0.000
365.800,0.000,0.131,0.035,0.000
365.820,0.000,0.128,0.035,0.000
365.840,0.000,0.132,0.035,0.000
365.860,0.000,0.127,0.035,0.000
365.880,0.000,0.129,0.035,0.000
365.900,0.000,0.130,0.035,0.000
365.920,0.000,0.131,0.035,0.000
365.940,0.000,0.133,0.035,0.000
365.960,0.000,0.132,0.035,0.000
365.980,0.000,0.132,0.035,0.000
366.000,0.000,0.132,0.035,0.000
366.020,0.000,0.132,0.035,0.000
366.040,0.000,0.132,0.035,0.000
366.060,0.000,0.133,0.035,0.000
366.080,0.000,0.133,0.035,0.000
366.100,0.000,0.135,0.035,0.000
366.120,0.000,0.136,0.035,0.000
366.140,0.000,0.136,0.035,0.000
366.160,0.000,0.134,0.035,0.000
366.180,0.000,0.141,0.035,0.000
366.200,0.000,0.142,0.035,0.000
366.220,0.000,0.141,0.033,0.000
366.240,0.000,0.143,0.032,0.000
366.260,0.000,0.141,0.032,0.000
366.280,0.000,0.149,0.032,0.000
366.300,0.000,0.145,0.032,0.000
366.320,0.000,0.148,0.032,0.000
366.340,0.000,0.141,0.032,0.000
366.360,0.000,0.149,0.032,0.000
366.380,0.000,0.146,0.032,0.000
366.400,0.000,0.149,0.032,0.000
366.420,0.000,0.143,0.032,0.000
366.440,0.000,0.150,0.033,0.000
366.460,0.000,0.139,0.033,0.000
366.480,0.000,0.145,0.033,0.000
366.500,0.000,0.137,0.033,0.000
366.520,0.000,0.139,0.033,0.000
366.540,0.000,0.136,0.033,0.000
366.560,0.000,0.137,0.033,0.000
366.580,0.000,0.135,0.033,0.000
366.600,0.000,0.132,0.033,0.000
366.620,0.000,0.133,0.033,0.000
366.640,0.000,0.132,0.033,0.000
366.660,0.000,0.134,0.033,0.000
366.680,0.000,0.132,0.033,0.000
366.700,0.000,0.132,0.033,0.000
366.720,0.000,0.130,0.033,0.000
366.740,0.000,0.132,0.033,0.000
366.760,0.000,0.128,0.033,0.000
366.780,0.000,0.132,0.033,0.000
366.800,0.000,0.126,0.033,0.000
366.820,0.000,0.131,0.033,0.000
366.840,0.000,0.124,0.033,0.000
366.860,0.000,0.130,0.033,0.000
366.880,0.000,0.124,0.033,0.000
366.900,0.000,0.128,0.033,0.000
366.920,0.000,0.128,0.033,0.000
366.940,0.000,0.127,0.033,0.000
366.960,0.000,0.129,0.033,0.000
366.980,0.000,0.127,0.033,0.000
367.000,0.000,0.129,0.033,0.000
367.020,0.000,0.130,0.033,0.000
367.040,0.000,0.132,0.033,0.000
367.060,0.000,0.129,0.033,0.000
367.080,0.000,0.132,0.033,0.000
367.100,0.000,0.132,0.033,0.000
367.120,0.000,0.132,0.033,0.000
367.140,0.000,0.132,0.033,0.000
367.160,0.000,0.133,0.033,0.000
367.180,0.000,0.133,0.033,0.000
367.200,0.000,0.135,0.033,0.000
367.220,0.000,0.135,0.033,0.000
367.240,0.000,0.137,0.033,0.000
367.260,0.000,0.135,0.033,0.000
367.280,0.000,0.137,0.033,0.000
367.300,0.000,0.137,0.033,0.000
367.320,0.000,0.141,0.033,0.000
367.340,0.000,0.144,0.033,0.000
367.360,0.000,0.139,0.033,0.000
367.380,0.000,0.142,0.033,0.000
367.400,0.000,0.145,0.033,0.000
367.420,0.000,0.143,0.033,0.000
367.440,0.000,0.142,0.033,0.000
367.460,0.000,0.144,0.033,0.000
367.480,0.000,0.139,0.033,0.000
367.500,0.000,0.143,0.033,0.000
367.520,0.000,0.140,0.033,0.000
367.540,0.000,0.141,0.033,0.000
367.560,0.000,0.141,0.033,0.000
367.580,0.000,0.137,0.033,0.000
367.600,0.000,0.138,0.033,0.000
367.620,0.000,0.138,0.033,0.000
367.640,0.000,0.137,0.033,0.000
367.660,0.000,0.137,0.033,0.000
367.680,0.000,0.134,0.033,0.000
367.700,0.000,0.134,0.033,0.000
367.720,0.000,0.133,0.033,0.000
367.740,0.000,0.132,0.033,0.000
367.760,0.000,0.131,0.027,0.000
367.780,0.000,0.133,0.027,0.000
367.800,0.000,0.128,0.027,0.000
367.820,0.000,0.132,0.027,0.000
367.840,0.000,0.127,0.027,0.000
367.860,0.000,0.128,0.027,0.000
367.880,0.000,0.126,0.027,0.000
367.900,0.000,0.129,0.027,0.000
367.920,0.000,0.129,0.027,0.000
367.940,0.000,0.129,0.027,0.000
367.960,0.000,0.128,0.027,0.000
367.980,0.000,0.132,0.027,0.000
368.000,0.000,0.129,0.027,0.000
368.020,0.000,0.131,0.027,0.000
368.040,0.000,0.131,0.027,0.000
368.060,0.000,0.132,0.027,0.000
368.080,0.000,0.133,0.027,0.000
368.100,0.000,0.132,0.027,0.000
368.120,0.000,0.133,0.027,0.000
368.140,0.000,0.134,0.027,0.000
368.160,0.000,0.133,0.027,0.000
368.180,0.000,0.132,0.027,0.000
368.200,0.000,0.136,0.027,0.000
368.220,0.000,0.136,0.027,0.000
368.240,0.000,0.137,0.027,0.000
368.260,0.000,0.140,0.027,0.000
368.280,0.000,0.139,0.027,0.000
368.300,0.000,0.141,0.027,0.000
368.320,0.000,0.145,0.027,0.000
368.340,0.000,0.145,0.027,0.000
368.360,0.000,0.145,0.027,0.000
368.380,0.000,0.147,0.027,0.000
368.400,0.000,0.146,0.027,0.000
368.420,0.000,0.149,0.027,0.000
368.440,0.000,0.149,0.027,0.000
368.460,0.000,0.148,0.027,0.000
368.480,0.000,0.147,0.027,0.000
368.500,0.000,0.148,0.027,0.000
368.520,0.000,0.147,0.027,0.000
368.540,0.000,0.142,0.027,0.000
368.560,0.000,0.142,0.027,0.000
368.580,0.000,0.141,0.027,0.000
368.600,0.000,0.140,0.027,0.000
368.620,0.000,0.137,0.027,0.000
368.640,0.000,0.138,0.027,0.000
368.660,0.000,0.136,0.027,0.000
368.680,0.000,0.136,0.027,0.000
368.700,0.000,0.135,0.027,0.000
368.720,0.000,0.133,0.027,0.000
368.740,0.000,0.132,0.027,0.000
368.760,0.000,0.132,0.027,0.000
368.780,0.000,0.132,0.027,0.000
368.800,0.000,0.132,0.027,0.000
368.820,0.000,0.132,0.027,0.000
368.840,0.000,0.132,0.027,0.000
368.860,0.000,0.130,0.027,0.000
368.880,0.000,0.132,0.027,0.000
368.900,0.000,0.131,0.027,0.000
368.920,0.000,0.132,0.027,0.000
368.940,0.000,0.130,0.027,0.000
368.960,0.000,0.128,0.027,0.000
368.980,0.000,0.131,0.027,0.000
369.000,0.000,0.129,0.027,0.000
369.020,0.000,0.126,0.027,0.000
369.040,0.000,0.130,0.027,0.000
369.060,0.000,0.131,0.027,0.000
369.080,0.000,0.132,0.027,0.000
369.100,0.000,0.131,0.027,0.000
369.120,0.000,0.131,0.027,0.000
369.140,0.000,0.131,0.027,0.000
369.160,0.000,0.132,0.027,0.000
369.180,0.000,0.132,0.027,0.000
369.200,0.000,0.132,0.027,0.000
369.220,0.000,0.133,0.027,0.000
369.240,0.000,0.133,0.027,0.000
369.260,0.000,0.132,0.027,0.000
369.280,0.000,0.133,0.027,0.000
369.300,0.000,0.133,0.027,0.000
369.320,0.000,0.136,0.027,0.000
369.340,0.000,0.136,0.027,0.000
369.360,0.000,0.135,0.027,0.000
369.380,0.000,0.136,0.027,0.000
369.400,0.000,0.135,0.027,0.000
369.420,0.000,0.141,0.027,0.000
369.440,0.000,0.138,0.027,0.000
369.460,0.000,0.144,0.027,0.000
369.480,0.000,0.138,0.027,0.000
369.500,0.000,0.143,0.027,0.000
369.520,0.000,0.138,0.027,0.000
369.540,0.000,0.144,0.027,0.000
369.560,0.000,0.141,0.027,0.000
369.580,0.000,0.141,0.027,0.000
369.600,0.000,0.137,0.027,0.000
369.620,0.000,0.136,0.027,0.000
369.640,0.000,0.136,0.027,0.000
369.660,0.000,0.136,0.027,0.000
369.680,0.000,0.136,0.027,0.000
369.700,0.000,0.135,0.027,0.000
369.720,0.000,0.135,0.027,0.000
369.740,0.000,0.135,0.027,0.000
369.760,0.000,0.133,0.027,0.000
369.780,0.000,0.134,0.027,0.000
369.800,0.000,0.133,0.027,0.000
369.820,0.000,0.133,0.027,0.000
369.840,0.000,0.132,0.027,0.000
369.860,0.000,0.129,0.027,0.000
369.880,0.000,0.129,0.027,0.000
369.900,0.000,0.130,0.027,0.000
369.920,0.000,0.128,0.027,0.000
369.940,0.000,0.128,0.027,0.000
369.960,0.000,0.126,0.027,0.000
369.980,0.000,0.128,0.027,0.000
370.000,0.000,0.128,0.027,0.000
370.020,0.000,0.128,0.027,0.000
370.040,0.000,0.127,0.027,0.000
370.060,0.000,0.130,0.027,0.000
370.080,0.000,0.128,0.027,0.000
370.100,0.000,0.128,0.027,0.000
370.120,0.000,0.128,0.027,0.000
370.140,0.000,0.132,0.027,0.000
370.160,0.000,0.132,0.027,0.000
370.180,0.000,0.132,0.027,0.000
370.200,0.000,0.132,0.027,0.000
370.220,0.000,0.132,0.027,0.000
370.240,0.000,0.133,0.027,0.000
370.260,0.000,0.137,0.027,0.000
370.280,0.000,0.136,0.027,0.000
370.300,0.000,0.138,0.027,0.000
370.320,0.000,0.139,0.027,0.000
370.340,0.000,0.142,0.027,0.000
370.360,0.000,0.141,0.027,0.000
370.380,0.000,0.145,0.027,0.000
370.400,0.000,0.140,0.027,0.000
370.420,0.000,0.146,0.027,0.000
370.440,0.000,0.143,0.027,0.000
370.460,0.000,0.145,0.027,0.000
370.480,0.000,0.144,0.027,0.000
370.500,0.000,0.149,0.027,0.000
370.520,0.000,0.142,0.027,0.000
370.540,0.000,0.148,0.027,0.000
370.560,0.000,0.144,0.027,0.000
370.580,0.000,0.145,0.027,0.000
370.600,0.000,0.144,0.027,0.000
370.620,0.000,0.145,0.027,0.000
370.640,0.000,0.144,0.027,0.000
370.660,0.000,0.141,0.027,0.000
370.680,0.000,0.142,0.027,0.000
370.700,0.000,0.139,0.027,0.000
370.720,0.000,0.140,0.027,0.000
370.740,0.000,0.138,0.027,0.000
370.760,0.000,0.138,0.027,0.000
370.780,0.000,0.137,0.027,0.000
370.800,0.000,0.136,0.027,0.000
370.820,0.000,0.136,0.027,0.000
370.840,0.000,0.132,0.027,0.000
370.860,0.000,0.133,0.027,0.000
370.880,0.000,0.132,0.027,0.000
370.900,0.000,0.131,0.027,0.000
370.920,0.000,0.131,0.027,0.000
370.940,0.000,0.131,0.027,0.000
370.960,0.000,0.132,0.027,0.000
370.980,0.000,0.132,0.027,0.000
371.000,0.000,0.128,0.027,0.000
371.020,0.000,0.131,0.027,0.000
371.040,0.000,0.128,0.027,0.000
371.060,0.000,0.130,0.027,0.000
371.080,0.000,0.130,0.027,0.000
371.100,0.000,0.131,0.027,0.000
371.120,0.000,0.132,0.027,0.000
371.140,0.000,0.131,0.027,0.000
371.160,0.000,0.131,0.027,0.000
371.180,0.000,0.132,0.027,0.000
371.200,0.000,0.131,0.027,0.000
371.220,0.000,0.132,0.027,0.000
371.240,0.000,0.130,0.027,0.000
371.260,0.000,0.132,0.027,0.000
371.280,0.000,0.132,0.027,0.000
371.300,0.000,0.132,0.027,0.000
371.320,0.000,0.133,0.027,0.000
371.340,0.000,0.133,0.027,0.000
371.360,0.000,0.137,0.027,0.000
371.380,0.000,0.136,0.027,0.000
371.400,0.000,0.139,0.027,0.000
371.420,0.000,0.138,0.027,0.000
371.440,0.000,0.136,0.026,0.000
371.460,0.000,0.138,0.026,0.000
371.480,0.000,0.137,0.026,0.000
371.500,0.000,0.141,0.026,0.000
371.520,0.000,0.139,0.026,0.000
371.540,0.000,0.141,0.026,0.000
371.560,0.000,0.137,0.026,0.000
371.580,0.000,0.138,0.026,0.000
371.600,0.000,0.137,0.026,0.000
371.620,0.000,0.137,0.026,0.000
371.640,0.000,0.137,0.026,0.000
371.660,0.000,0.137,0.026,0.000
371.680,0.000,0.136,0.026,0.000
371.700,0.000,0.136,0.026,0.000
371.720,0.000,0.136,0.026,0.000
371.740,0.000,0.133,0.026,0.000
371.760,0.000,0.135,0.026,0.000
371.780,0.000,0.136,0.026,0.000
371.800,0.000,0.134,0.026,0.000
371.820,0.000,0.133,0.026,0.000
371.840,0.000,0.133,0.026,0.000
371.860,0.000,0.133,0.026,0.000
371.880,0.000,0.133,0.023,0.000
371.900,0.000,0.132,0.023,0.000
371.920,0.000,0.131,0.023,0.000
371.940,0.000,0.129,0.023,0.000
371.960,0.000,0.130,0.023,0.000
371.980,0.000,0.126,0.023,0.000
372.000,0.000,0.128,0.023,0.000
372.020,0.000,0.128,0.023,0.000
372.040,0.000,0.128,0.023,0.000
372.060,0.000,0.128,0.023,0.000
372.080,0.000,0.128,0.023,0.000
372.100,0.000,0.126,0.023,0.000
372.120,0.000,0.128,0.023,0.000
372.140,0.000,0.127,0.023,0.000
372.160,0.000,0.126,0.023,0.000
372.180,0.000,0.130,0.023,0.000
372.200,0.000,0.126,0.023,0.000
372.220,0.000,0.131,0.023,0.000
372.240,0.000,0.128,0.023,0.000
372.260,0.000,0.134,0.023,0.000
372.280,0.000,0.132,0.023,0.000
372.300,0.000,0.133,0.023,0.000
372.320,0.000,0.132,0.023,0.000
372.340,0.000,0.136,0.023,0.000
372.360,0.000,0.135,0.023,0.000
372.380,0.000,0.140,0.023,0.000
372.400,0.000,0.135,0.023,0.000
372.420,0.000,0.141,0.023,0.000
372.440,0.000,0.136,0.023,0.000
372.460,0.000,0.142,0.023,0.000
372.480,0.000,0.141,0.023,0.000
372.500,0.000,0.145,0.023,0.000
372.520,0.000,0.142,0.023,0.000
372.540,0.000,0.144,0.023,0.000
372.560,0.000,0.143,0.023,0.000
372.580,0.000,0.142,0.023,0.000
372.600,0.000,0.143,0.023,0.000
372.620,0.000,0.143,0.023,0.000
372.640,0.000,0.143,0.023,0.000
372.660,0.000,0.142,0.023,0.000
372.680,0.000,0.147,0.023,0.000
372.700,0.000,0.140,0.023,0.000
372.720,0.000,0.145,0.023,0.000
372.740,0.000,0.141,0.023,0.000
372.760,0.000,0.141,0.023,0.000
372.780,0.000,0.139,0.023,0.000
372.800,0.000,0.138,0.023,0.000
372.820,0.000,0.141,0.023,0.000
372.840,0.000,0.137,0.023,0.000
372.860,0.000,0.139,0.023,0.000
372.880,0.000,0.135,0.023,0.000
372.900,0.000,0.138,0.023,0.000
372.920,0.000,0.134,0.023,0.000
372.940,0.000,0.136,0.023,0.000
372.960,0.000,0.132,0.023,0.000
372.980,0.000,0.136,0.023,0.000
373.000,0.000,0.131,0.023,0.000
373.020,0.000,0.134,0.023,0.000
373.040,0.000,0.132,0.023,0.000
373.060,0.000,0.132,0.023,0.000
373.080,0.000,0.129,0.023,0.000
373.100,0.000,0.132,0.023,0.000
373.120,0.000,0.130,0.023,0.000
373.140,0.000,0.131,0.023,0.000
373.160,0.000,0.129,0.023,0.000
373.180,0.000,0.132,0.023,0.000
373.200,0.000,0.129,0.023,0.000
373.220,0.000,0.131,0.023,0.000
373.240,0.000,0.132,0.023,0.000
373.260,0.000,0.134,0.023,0.000
373.280,0.000,0.133,0.023,0.000
373.300,0.000,0.129,0.023,0.000
373.320,0.000,0.134,0.023,0.000
373.340,0.000,0.130,0.023,0.000
373.360,0.000,0.137,0.023,0.000
373.380,0.000,0.131,0.023,0.000
373.400,0.000,0.137,0.023,0.000
373.420,0.000,0.136,0.023,0.000
373.440,0.000,0.139,0.023,0.000
373.460,0.000,0.139,0.023,0.000
373.480,0.000,0.141,0.023,0.000
373.500,0.000,0.137,0.023,0.000
373.520,0.000,0.138,0.023,0.000
373.540,0.000,0.136,0.023,0.000
373.560,0.000,0.139,0.023,0.000
373.580,0.000,0.138,0.023,0.000
373.600,0.000,0.138,0.023,0.000
373.620,0.000,0.138,0.023,0.000
373.640,0.000,0.140,0.023,0.000
373.660,0.000,0.138,0.023,0.000
373.680,0.000,0.140,0.023,0.000
373.700,0.000,0.138,0.023,0.000
373.720,0.000,0.137,0.023,0.000
373.740,0.000,0.141,0.023,0.000
373.760,0.000,0.137,0.023,0.000
373.780,0.000,0.141,0.023,0.000
373.800,0.000,0.137,0.023,0.000
373.820,0.000,0.137,0.023,0.000
373.840,0.000,0.134,0.023,0.000
373.860,0.000,0.136,0.023,0.000
373.880,0.000,0.134,0.023,0.000
373.900,0.000,0.133,0.023,0.000
373.920,0.000,0.132,0.023,0.000
373.940,0.000,0.132,0.023,0.000
373.960,0.000,0.133,0.023,0.000
373.980,0.000,0.132,0.023,0.000
374.000,0.000,0.130,0.023,0.000
374.020,0.000,0.128,0.023,0.000
374.040,0.000,0.131,0.023,0.000
374.060,0.000,0.128,0.023,0.000
374.080,0.000,0.132,0.023,0.000
374.100,0.000,0.128,0.023,0.000
374.120,0.000,0.128,0.023,0.000
374.140,0.000,0.125,0.023,0.000
374.160,0.000,0.127,0.023,0.000
374.180,0.000,0.128,0.023,0.000
374.200,0.000,0.128,0.023,0.000
374.220,0.000,0.128,0.023,0.000
374.240,0.000,0.128,0.023,0.000
374.260,0.000,0.127,0.023,0.000
374.280,0.000,0.129,0.023,0.000
374.300,0.000,0.129,0.023,0.000
374.320,0.000,0.129,0.023,0.000
374.340,0.000,0.132,0.023,0.000
374.360,0.000,0.132,0.023,0.000
374.380,0.000,0.134,0.023,0.000
374.400,0.000,0.132,0.023,0.000
374.420,0.000,0.134,0.023,0.000
374.440,0.000,0.132,0.023,0.000
374.460,0.000,0.139,0.023,0.000
374.480,0.000,0.137,0.023,0.000
374.500,0.000,0.140,0.023,0.000
374.520,0.000,0.139,0.023,0.000
374.540,0.000,0.141,0.023,0.000
374.560,0.000,0.141,0.023,0.000
374.580,0.000,0.141,0.023,0.000
374.600,0.000,0.141,0.023,0.000
374.620,0.000,0.142,0.023,0.000
374.640,0.000,0.141,0.023,0.000
374.660,0.000,0.141,0.023,0.000
374.680,0.000,0.142,0.023,0.000
374.700,0.000,0.142,0.023,0.000
374.720,0.000,0.142,0.023,0.000
374.740,0.000,0.142,0.023,0.000
374.760,0.000,0.142,0.023,0.000
374.780,0.000,0.142,0.023,0.000
374.800,0.000,0.141,0.023,0.000
374.820,0.000,0.141,0.023,0.000
374.840,0.000,0.141,0.023,0.000
374.860,0.000,0.141,0.023,0.000
374.880,0.000,0.142,0.023,0.000
374.900,0.000,0.141,0.023,0.000
374.920,0.000,0.139,0.023,0.000
374.940,0.000,0.141,0.023,0.000
374.960,0.000,0.136,0.023,0.000
374.980,0.000,0.134,0.023,0.000
375.000,0.000,0.138,0.023,0.000
375.020,0.000,0.134,0.023,0.000
375.040,0.000,0.137,0.023,0.000
375.060,0.000,0.134,0.023,0.000
375.080,0.000,0.134,0.023,0.000
375.100,0.000,0.133,0.023,0.000
375.120,0.000,0.132,0.023,0.000
375.140,0.000,0.131,0.023,0.000
375.160,0.000,0.132,0.023,0.000
375.180,0.000,0.132,0.023,0.000
375.200,0.000,0.132,0.023,0.000
375.220,0.000,0.132,0.023,0.000
375.240,0.000,0.132,0.023,0.000
375.260,0.000,0.134,0.023,0.000
375.280,0.000,0.131,0.023,0.000
375.300,0.000,0.132,0.023,0.000
375.320,0.000,0.132,0.023,0.000
375.340,0.000,0.133,0.023,0.000
375.360,0.000,0.132,0.023,0.000
375.380,0.000,0.135,0.023,0.000
375.400,0.000,0.133,0.023,0.000
375.420,0.000,0.133,0.023,0.000
375.440,0.000,0.136,0.023,0.000
375.460,0.000,0.135,0.023,0.000
375.480,0.000,0.138,0.023,0.000
375.500,0.000,0.135,0.023,0.000
375.520,0.000,0.138,0.023,0.000
375.540,0.000,0.139,0.022,0.000
375.560,0.000,0.138,0.022,0.000
375.580,0.000,0.138,0.022,0.000
375.600,0.000,0.137,0.022,0.000
375.620,0.000,0.141,0.022,0.000
375.640,0.000,0.138,0.022,0.000
375.660,0.000,0.141,0.022,0.000
375.680,0.000,0.137,0.022,0.000
375.700,0.000,0.138,0.022,0.000
375.720,0.000,0.141,0.022,0.000
375.740,0.000,0.139,0.022,0.000
375.760,0.000,0.142,0.022,0.000
375.780,0.000,0.139,0.022,0.000
375.800,0.000,0.140,0.022,0.000
375.820,0.000,0.135,0.022,0.000
375.840,0.000,0.139,0.022,0.000
375.860,0.000,0.135,0.022,0.000
375.880,0.000,0.136,0.022,0.000
375.900,0.000,0.137,0.022,0.000
375.920,0.000,0.133,0.022,0.000
375.940,0.000,0.134,0.022,0.000
375.960,0.000,0.132,0.022,0.000
375.980,0.000,0.132,0.022,0.000
376.000,0.000,0.132,0.022,0.000
376.020,0.000,0.130,0.022,0.000
376.040,0.000,0.131,0.022,0.000
376.060,0.000,0.132,0.022,0.000
376.080,0.000,0.131,0.022,0.000
376.100,0.000,0.133,0.022,0.000
376.120,0.000,0.128,0.022,0.000
376.140,0.000,0.130,0.022,0.000
376.160,0.000,0.127,0.022,0.000
376.180,0.000,0.131,0.022,0.000
376.200,0.000,0.126,0.022,0.000
376.220,0.000,0.128,0.022,0.000
376.240,0.000,0.129,0.022,0.000
376.260,0.000,0.128,0.022,0.000
376.280,0.000,0.128,0.022,0.000
376.300,0.000,0.128,0.022,0.000
376.320,0.000,0.127,0.022,0.000
376.340,0.000,0.128,0.022,0.000
376.360,0.000,0.126,0.022,0.000
376.380,0.000,0.128,0.022,0.000
376.400,0.000,0.128,0.022,0.000
376.420,0.000,0.130,0.022,0.000
376.440,0.000,0.130,0.022,0.000
376.460,0.000,0.131,0.022,0.000
376.480,0.000,0.132,0.022,0.000
376.500,0.000,0.131,0.022,0.000
376.520,0.000,0.135,0.022,0.000
376.540,0.000,0.134,0.022,0.000
376.560,0.000,0.137,0.022,0.000
376.580,0.000,0.137,0.022,0.000
376.600,0.000,0.141,0.022,0.000
376.620,0.000,0.138,0.022,0.000
376.640,0.000,0.141,0.022,0.000
376.660,0.000,0.137,0.022,0.000
376.680,0.000,0.143,0.022,0.000
376.700,0.000,0.140,0.022,0.000
376.720,0.000,0.141,0.022,0.000
376.740,0.000,0.141,0.022,0.000
376.760,0.000,0.143,0.022,0.000
376.780,0.000,0.141,0.022,0.000
376.800,0.000,0.141,0.022,0.000
376.820,0.000,0.141,0.022,0.000
376.840,0.000,0.142,0.022,0.000
376.860,0.000,0.143,0.022,0.000
376.880,0.000,0.140,0.022,0.000
376.900,0.000,0.142,0.022,0.000
376.920,0.000,0.140,0.022,0.000
376.940,0.000,0.142,0.022,0.000
376.960,0.000,0.140,0.022,0.000
376.980,0.000,0.140,0.022,0.000
377.000,0.000,0.136,0.022,0.000
377.020,0.000,0.139,0.022,0.000
377.040,0.000,0.133,0.022,0.000
377.060,0.000,0.137,0.022,0.000
377.080,0.000,0.132,0.022,0.000
377.100,0.000,0.133,0.022,0.000
377.120,0.000,0.134,0.022,0.000
377.140,0.000,0.133,0.022,0.000
377.160,0.000,0.132,0.022,0.000
377.180,0.000,0.132,0.022,0.000
377.200,0.000,0.132,0.022,0.000
377.220,0.000,0.132,0.022,0.000
377.240,0.000,0.133,0.022,0.000
377.260,0.000,0.131,0.022,0.000
377.280,0.000,0.132,0.022,0.000
377.300,0.000,0.132,0.022,0.000
377.320,0.000,0.132,0.022,0.000
377.340,0.000,0.132,0.022,0.000
377.360,0.000,0.132,0.022,0.000
377.380,0.000,0.132,0.022,0.000
377.400,0.000,0.132,0.022,0.000
377.420,0.000,0.133,0.022,0.000
377.440,0.000,0.133,0.022,0.000
377.460,0.000,0.133,0.022,0.000
377.480,0.000,0.132,0.022,0.000
377.500,0.000,0.133,0.022,0.000
377.520,0.000,0.134,0.022,0.000
377.540,0.000,0.135,0.022,0.000
377.560,0.000,0.135,0.022,0.000
377.580,0.000,0.137,0.022,0.000
377.600,0.000,0.137,0.022,0.000
377.620,0.000,0.137,0.022,0.000
377.640,0.000,0.137,0.022,0.000
377.660,0.000,0.138,0.022,0.000
377.680,0.000,0.136,0.019,0.000
377.700,0.000,0.142,0.019,0.000
377.720,0.000,0.137,0.018,0.000
377.740,0.000,0.140,0.018,0.000
377.760,0.000,0.139,0.018,0.000
377.780,0.000,0.142,0.018,0.000
377.800,0.000,0.136,0.018,0.000
377.820,0.000,0.139,0.018,0.000
377.840,0.000,0.140,0.018,0.000
377.860,0.000,0.136,0.018,0.000
377.880,0.000,0.138,0.018,0.000
377.900,0.000,0.135,0.018,0.000
377.920,0.000,0.137,0.018,0.000
377.940,0.000,0.134,0.018,0.000
377.960,0.000,0.133,0.018,0.000
377.980,0.000,0.132,0.018,0.000
378.000,0.000,0.134,0.018,0.000
378.020,0.000,0.132,0.018,0.000
378.040,0.000,0.134,0.018,0.000
378.060,0.000,0.134,0.018,0.000
378.080,0.000,0.132,0.018,0.000
378.100,0.000,0.132,0.018,0.000
378.120,0.000,0.132,0.018,0.000
378.140,0.000,0.131,0.018,0.000
378.160,0.000,0.132,0.018,0.000
378.180,0.000,0.132,0.018,0.000
378.200,0.000,0.131,0.018,0.000
378.220,0.000,0.132,0.018,0.000
378.240,0.000,0.132,0.018,0.000
378.260,0.000,0.132,0.018,0.000
378.280,0.000,0.132,0.018,0.000
378.300,0.000,0.132,0.018,0.000
378.320,0.000,0.130,0.018,0.000
378.340,0.000,0.131,0.018,0.000
378.360,0.000,0.132,0.018,0.000
378.380,0.000,0.132,0.018,0.000
378.400,0.000,0.132,0.018,0.000
378.420,0.000,0.132,0.018,0.000
378.440,0.000,0.132,0.018,0.000
378.460,0.000,0.131,0.018,0.000
378.480,0.000,0.131,0.018,0.000
378.500,0.000,0.132,0.018,0.000
378.520,0.000,0.133,0.018,0.000
378.540,0.000,0.133,0.018,0.000
378.560,0.000,0.132,0.018,0.000
378.580,0.000,0.134,0.018,0.000
378.600,0.000,0.132,0.018,0.000
378.620,0.000,0.134,0.018,0.000
378.640,0.000,0.134,0.018,0.000
378.660,0.000,0.133,0.018,0.000
378.680,0.000,0.136,0.018,0.000
378.700,0.000,0.135,0.018,0.000
378.720,0.000,0.137,0.018,0.000
378.740,0.000,0.140,0.018,0.000
378.760,0.000,0.138,0.018,0.000
378.780,0.000,0.138,0.018,0.000
378.800,0.000,0.135,0.018,0.000
378.820,0.000,0.141,0.018,0.000
378.840,0.000,0.140,0.018,0.000
378.860,0.000,0.137,0.018,0.000
378.880,0.000,0.141,0.018,0.000
378.900,0.000,0.140,0.018,0.000
378.920,0.000,0.141,0.018,0.000
378.940,0.000,0.140,0.018,0.000
378.960,0.000,0.138,0.018,0.000
378.980,0.000,0.141,0.018,0.000
379.000,0.000,0.139,0.018,0.000
379.020,0.000,0.140,0.018,0.000
379.040,0.000,0.137,0.018,0.000
379.060,0.000,0.137,0.018,0.000
379.080,0.000,0.135,0.018,0.000
379.100,0.000,0.140,0.018,0.000
379.120,0.000,0.135,0.018,0.000
379.140,0.000,0.138,0.017,0.000
379.160,0.000,0.137,0.017,0.000
379.180,0.000,0.133,0.017,0.000
379.200,0.000,0.132,0.017,0.000
379.220,0.000,0.132,0.017,0.000
379.240,0.000,0.131,0.017,0.000
379.260,0.000,0.131,0.017,0.000
379.280,0.000,0.132,0.017,0.000
379.300,0.000,0.132,0.017,0.000
379.320,0.000,0.132,0.017,0.000
379.340,0.000,0.133,0.017,0.000
379.360,0.000,0.132,0.017,0.000
379.380,0.000,0.132,0.017,0.000
379.400,0.000,0.133,0.017,0.000
379.420,0.000,0.132,0.017,0.000
379.440,0.000,0.134,0.017,0.000
379.460,0.000,0.130,0.017,0.000
379.480,0.000,0.137,0.017,0.000
379.500,0.000,0.135,0.017,0.000
379.520,0.000,0.138,0.017,0.000
379.540,0.000,0.134,0.017,0.000
379.560,0.000,0.137,0.017,0.000
379.580,0.000,0.137,0.017,0.000
379.600,0.000,0.141,0.017,0.000
379.620,0.000,0.137,0.017,0.000
379.640,0.000,0.139,0.017,0.000
379.660,0.000,0.138,0.017,0.000
379.680,0.000,0.137,0.017,0.000
379.700,0.000,0.138,0.017,0.000
379.720,0.000,0.139,0.017,0.000
379.740,0.000,0.137,0.017,0.000
379.760,0.000,0.139,0.017,0.000
379.780,0.000,0.140,0.017,0.000
379.800,0.000,0.138,0.017,0.000
379.820,0.000,0.144,0.018,0.000
379.840,0.000,0.141,0.018,0.000
379.860,0.000,0.146,0.020,0.000
379.880,0.000,0.141,0.020,0.000
379.900,0.000,0.140,0.020,0.000
379.920,0.000,0.141,0.020,0.000
379.940,0.000,0.143,0.020,0.000
379.960,0.000,0.138,0.020,0.000
379.980,0.000,0.140,0.020,0.000
380.000,0.000,0.139,0.020,0.000
380.020,0.000,0.137,0.020,0.000
380.040,0.000,0.136,0.020,0.000
380.060,0.000,0.135,0.020,0.000
380.080,0.000,0.135,0.020,0.000
380.100,0.000,0.133,0.020,0.000
380.120,0.000,0.134,0.020,0.000
380.140,0.000,0.132,0.020,0.000
380.160,0.000,0.134,0.020,0.000
380.180,0.000,0.132,0.020,0.000
380.200,0.000,0.132,0.020,0.000
380.220,0.000,0.132,0.020,0.000
380.240,0.000,0.132,0.020,0.000
380.260,0.000,0.132,0.020,0.000
380.280,0.000,0.132,0.020,0.000
380.300,0.000,0.132,0.020,0.000
380.320,0.000,0.132,0.020,0.000
380.340,0.000,0.132,0.020,0.000
380.360,0.000,0.132,0.020,0.000
380.380,0.000,0.128,0.020,0.000
380.400,0.000,0.132,0.020,0.000
380.420,0.000,0.132,0.020,0.000
380.440,0.000,0.132,0.020,0.000
380.460,0.000,0.133,0.020,0.000
380.480,0.000,0.132,0.020,0.000
380.500,0.000,0.132,0.020,0.000
380.520,0.000,0.132,0.020,0.000
380.540,0.000,0.133,0.020,0.000
380.560,0.000,0.132,0.020,0.000
380.580,0.000,0.133,0.020,0.000
380.600,0.000,0.132,0.020,0.000
380.620,0.000,0.133,0.020,0.000
380.640,0.000,0.132,0.020,0.000
380.660,0.000,0.135,0.020,0.000
380.680,0.000,0.132,0.020,0.000
380.700,0.000,0.133,0.020,0.000
380.720,0.000,0.132,0.020,0.000
380.740,0.000,0.136,0.020,0.000
380.760,0.000,0.132,0.020,0.000
380.780,0.000,0.138,0.020,0.000
380.800,0.000,0.133,0.020,0.000
380.820,0.000,0.137,0.020,0.000
380.840,0.000,0.135,0.020,0.000
380.860,0.000,0.137,0.020,0.000
380.880,0.000,0.137,0.020,0.000
380.900,0.000,0.139,0.020,0.000
380.920,0.000,0.139,0.020,0.000
380.940,0.000,0.137,0.020,0.000
380.960,0.000,0.138,0.020,0.000
380.980,0.000,0.135,0.020,0.000
381.000,0.000,0.141,0.020,0.000
381.020,0.000,0.134,0.020,0.000
381.040,0.000,0.137,0.020,0.000
381.060,0.000,0.134,0.020,0.000
381.080,0.000,0.137,0.020,0.000
381.100,0.000,0.132,0.020,0.000
381.120,0.000,0.137,0.020,0.000
381.140,0.000,0.134,0.020,0.000
381.160,0.000,0.135,0.020,0.000
381.180,0.000,0.131,0.020,0.000
381.200,0.000,0.133,0.020,0.000
381.220,0.000,0.131,0.020,0.000
381.240,0.000,0.133,0.020,0.000
381.260,0.000,0.129,0.020,0.000
381.280,0.000,0.132,0.020,0.000
381.300,0.000,0.132,0.020,0.000
381.320,0.000,0.131,0.020,0.000
381.340,0.000,0.132,0.020,0.000
381.360,0.000,0.128,0.019,0.000
381.380,0.000,0.133,0.019,0.000
381.400,0.000,0.124,0.022,0.000
381.420,0.000,0.132,0.022,0.000
381.440,0.000,0.124,0.022,0.000
381.460,0.000,0.132,0.022,0.000
381.480,0.000,0.128,0.022,0.000
381.500,0.000,0.132,0.022,0.000
381.520,0.000,0.128,0.022,0.000
381.540,0.000,0.134,0.022,0.000
381.560,0.000,0.131,0.022,0.000
381.580,0.000,0.133,0.022,0.000
381.600,0.000,0.135,0.022,0.000
381.620,0.000,0.132,0.022,0.000
381.640,0.000,0.135,0.022,0.000
381.660,0.000,0.132,0.022,0.000
381.680,0.000,0.140,0.022,0.000
381.700,0.000,0.131,0.022,0.000
381.720,0.000,0.139,0.022,0.000
381.740,0.000,0.136,0.022,0.000
381.760,0.000,0.142,0.022,0.000
381.780,0.000,0.137,0.022,0.000
381.800,0.000,0.141,0.022,0.000
381.820,0.000,0.140,0.022,0.000
381.840,0.000,0.141,0.022,0.000
381.860,0.000,0.139,0.022,0.000
381.880,0.000,0.142,0.022,0.000
381.900,0.000,0.142,0.022,0.000
381.920,0.000,0.141,0.022,0.000
381.940,0.000,0.140,0.022,0.000
381.960,0.000,0.143,0.022,0.000
381.980,0.000,0.137,0.022,0.000
382.000,0.000,0.144,0.022,0.000
382.020,0.000,0.141,0.022,0.000
382.040,0.000,0.142,0.022,0.000
382.060,0.000,0.138,0.022,0.000
382.080,0.000,0.140,0.022,0.000
382.100,0.000,0.140,0.022,0.000
382.120,0.000,0.137,0.022,0.000
382.140,0.000,0.137,0.022,0.000
382.160,0.000,0.137,0.022,0.000
382.180,0.000,0.137,0.022,0.000
382.200,0.000,0.133,0.022,0.000
382.220,0.000,0.136,0.022,0.000
382.240,0.000,0.134,0.022,0.000
382.260,0.000,0.137,0.022,0.000
382.280,0.000,0.132,0.022,0.000
382.300,0.000,0.135,0.022,0.000
382.320,0.000,0.132,0.022,0.000
382.340,0.000,0.133,0.022,0.000
382.360,0.000,0.132,0.022,0.000
382.380,0.000,0.132,0.022,0.000
382.400,0.000,0.133,0.022,0.000
382.420,0.000,0.132,0.022,0.000
382.440,0.000,0.131,0.022,0.000
382.460,0.000,0.132,0.022,0.000
382.480,0.000,0.131,0.022,0.000
382.500,0.000,0.132,0.022,0.000
382.520,0.000,0.132,0.022,0.000
382.540,0.000,0.132,0.022,0.000
382.560,0.000,0.132,0.022,0.000
382.580,0.000,0.132,0.022,0.000
382.600,0.000,0.132,0.022,0.000
382.620,0.000,0.132,0.022,0.000
382.640,0.000,0.132,0.022,0.000
382.660,0.000,0.132,0.022,0.000
382.680,0.000,0.132,0.022,0.000
382.700,0.000,0.132,0.022,0.000
382.720,0.000,0.132,0.022,0.000
382.740,0.000,0.133,0.022,0.000
382.760,0.000,0.132,0.022,0.000
382.780,0.000,0.132,0.022,0.000
382.800,0.000,0.132,0.022,0.000
382.820,0.000,0.135,0.022,0.000
382.840,0.000,0.133,0.022,0.000
382.860,0.000,0.135,0.022,0.000
382.880,0.000,0.134,0.022,0.000
382.900,0.000,0.133,0.022,0.000
382.920,0.000,0.135,0.022,0.000
382.940,0.000,0.133,0.022,0.000
382.960,0.000,0.136,0.022,0.000
382.980,0.000,0.136,0.022,0.000
383.000,0.000,0.134,0.022,0.000
383.020,0.000,0.136,0.022,0.000
383.040,0.000,0.133,0.022,0.000
383.060,0.000,0.134,0.022,0.000
383.080,0.000,0.134,0.022,0.000
383.100,0.000,0.132,0.022,0.000
383.120,0.000,0.133,0.022,0.000
383.140,0.000,0.134,0.022,0.000
383.160,0.000,0.133,0.022,0.000
383.180,0.000,0.135,0.022,0.000
383.200,0.000,0.134,0.022,0.000
383.220,0.000,0.135,0.022,0.000
383.240,0.000,0.133,0.022,0.000
383.260,0.000,0.132,0.022,0.000
383.280,0.000,0.133,0.022,0.000
383.300,0.000,0.132,0.022,0.000
383.320,0.000,0.132,0.022,0.000
383.340,0.000,0.133,0.022,0.000
383.360,0.000,0.133,0.022,0.000
383.380,0.000,0.132,0.022,0.000
383.400,0.000,0.132,0.022,0.000
383.420,0.000,0.127,0.022,0.000
383.440,0.000,0.131,0.022,0.000
383.460,0.000,0.128,0.022,0.000
383.480,0.000,0.130,0.022,0.000
383.500,0.000,0.128,0.022,0.000
383.520,0.000,0.129,0.022,0.000
383.540,0.000,0.129,0.022,0.000
383.560,0.000,0.130,0.022,0.000
383.580,0.000,0.128,0.022,0.000
383.600,0.000,0.133,0.022,0.000
383.620,0.000,0.128,0.022,0.000
383.640,0.000,0.132,0.022,0.000
383.660,0.000,0.129,0.022,0.000
383.680,0.000,0.133,0.022,0.000
383.700,0.000,0.133,0.022,0.000
383.720,0.000,0.135,0.022,0.000
383.740,0.000,0.138,0.022,0.000
383.760,0.000,0.137,0.022,0.000
383.780,0.000,0.139,0.022,0.000
383.800,0.000,0.137,0.022,0.000
383.820,0.000,0.138,0.022,0.000
383.840,0.000,0.137,0.022,0.000
383.860,0.000,0.138,0.022,0.000
383.880,0.000,0.138,0.022,0.000
383.900,0.000,0.141,0.022,0.000
383.920,0.000,0.140,0.022,0.000
383.940,0.000,0.142,0.022,0.000
383.960,0.000,0.141,0.022,0.000
383.980,0.000,0.141,0.022,0.000
384.000,0.000,0.137,0.022,0.000
384.020,0.000,0.141,0.022,0.000
384.040,0.000,0.138,0.022,0.000
384.060,0.000,0.142,0.022,0.000
384.080,0.000,0.141,0.022,0.000
384.100,0.000,0.142,0.022,0.000
384.120,0.000,0.142,0.022,0.000
384.140,0.000,0.141,0.022,0.000
384.160,0.000,0.142,0.022,0.000
384.180,0.000,0.141,0.022,0.000
384.200,0.000,0.138,0.022,0.000
384.220,0.000,0.138,0.022,0.000
384.240,0.000,0.138,0.022,0.000
384.260,0.000,0.134,0.022,0.000
384.280,0.000,0.137,0.022,0.000
384.300,0.000,0.133,0.022,0.000
384.320,0.000,0.137,0.022,0.000
384.340,0.000,0.135,0.022,0.000
384.360,0.000,0.132,0.022,0.000
384.380,0.000,0.133,0.022,0.000
384.400,0.000,0.133,0.022,0.000
384.420,0.000,0.133,0.022,0.000
384.440,0.000,0.134,0.022,0.000
384.460,0.000,0.132,0.022,0.000
384.480,0.000,0.134,0.022,0.000
384.500,0.000,0.132,0.022,0.000
384.520,0.000,0.132,0.022,0.000
384.540,0.000,0.132,0.022,0.000
384.560,0.000,0.132,0.022,0.000
384.580,0.000,0.132,0.022,0.000
384.600,0.000,0.132,0.022,0.000
384.620,0.000,0.132,0.022,0.000
384.640,0.000,0.132,0.022,0.000
384.660,0.000,0.132,0.022,0.000
384.680,0.000,0.133,0.022,0.000
384.700,0.000,0.132,0.022,0.000
384.720,0.000,0.132,0.022,0.000
384.740,0.000,0.132,0.022,0.000
384.760,0.000,0.132,0.022,0.000
384.780,0.000,0.132,0.022,0.000
384.800,0.000,0.133,0.022,0.000
384.820,0.000,0.132,0.022,0.000
384.840,0.000,0.132,0.022,0.000
384.860,0.000,0.133,0.019,0.000
384.880,0.000,0.132,0.019,0.000
384.900,0.000,0.132,0.019,0.000
384.920,0.000,0.136,0.019,0.000
384.940,0.000,0.133,0.019,0.000
384.960,0.000,0.132,0.019,0.000
384.980,0.000,0.134,0.019,0.000
385.000,0.000,0.134,0.019,0.000
385.020,0.000,0.134,0.019,0.000
385.040,0.000,0.132,0.019,0.000
385.060,0.000,0.133,0.019,0.000
385.080,0.000,0.136,0.019,0.000
385.100,0.000,0.133,0.019,0.000
385.120,0.000,0.135,0.019,0.000
385.140,0.000,0.134,0.019,0.000
385.160,0.000,0.133,0.019,0.000
385.180,0.000,0.133,0.019,0.000
385.200,0.000,0.133,0.019,0.000
385.220,0.000,0.135,0.019,0.000
385.240,0.000,0.133,0.019,0.000
385.260,0.000,0.133,0.019,0.000
385.280,0.000,0.132,0.019,0.000
385.300,0.000,0.133,0.019,0.000
385.320,0.000,0.133,0.019,0.000
385.340,0.000,0.132,0.019,0.000
385.360,0.000,0.132,0.019,0.000
385.380,0.000,0.132,0.019,0.000
385.400,0.000,0.133,0.019,0.000
385.420,0.000,0.132,0.019,0.000
385.440,0.000,0.132,0.019,0.000
385.460,0.000,0.133,0.019,0.000
385.480,0.000,0.132,0.019,0.000
385.500,0.000,0.131,0.019,0.000
385.520,0.000,0.132,0.019,0.000
385.540,0.000,0.132,0.019,0.000
385.560,0.000,0.133,0.019,0.000
385.580,0.000,0.132,0.019,0.000
385.600,0.000,0.132,0.019,0.000
385.620,0.000,0.132,0.019,0.000
385.640,0.000,0.130,0.019,0.000
385.660,0.000,0.132,0.019,0.000
385.680,0.000,0.132,0.019,0.000
385.700,0.000,0.132,0.019,0.000
385.720,0.000,0.132,0.019,0.000
385.740,0.000,0.133,0.019,0.000
385.760,0.000,0.132,0.019,0.000
385.780,0.000,0.132,0.019,0.000
385.800,0.000,0.132,0.019,0.000
385.820,0.000,0.131,0.019,0.000
385.840,0.000,0.133,0.019,0.000
385.860,0.000,0.134,0.019,0.000
385.880,0.000,0.137,0.019,0.000
385.900,0.000,0.134,0.019,0.000
385.920,0.000,0.137,0.019,0.000
385.940,0.000,0.132,0.019,0.000
385.960,0.000,0.141,0.019,0.000
385.980,0.000,0.140,0.019,0.000
386.000,0.000,0.141,0.019,0.000
386.020,0.000,0.141,0.019,0.000
386.040,0.000,0.142,0.019,0.000
386.060,0.000,0.142,0.019,0.000
386.080,0.000,0.142,0.019,0.000
386.100,0.000,0.142,0.019,0.000
386.120,0.000,0.142,0.019,0.000
386.140,0.000,0.143,0.019,0.000
386.160,0.000,0.141,0.019,0.000
386.180,0.000,0.141,0.019,0.000
386.200,0.000,0.141,0.019,0.000
386.220,0.000,0.142,0.019,0.000
386.240,0.000,0.140,0.019,0.000
386.260,0.000,0.142,0.019,0.000
386.280,0.000,0.141,0.019,0.000
386.300,0.000,0.140,0.019,0.000
386.320,0.000,0.137,0.019,0.000
386.340,0.000,0.139,0.019,0.000
386.360,0.000,0.136,0.019,0.000
386.380,0.000,0.137,0.019,0.000
386.400,0.000,0.137,0.019,0.000
386.420,0.000,0.136,0.019,0.000
386.440,0.000,0.135,0.017,0.000
386.460,0.000,0.133,0.017,0.000
386.480,0.000,0.134,0.017,0.000
386.500,0.000,0.133,0.017,0.000
386.520,0.000,0.133,0.017,0.000
386.540,0.000,0.132,0.017,0.000
386.560,0.000,0.132,0.017,0.000
386.580,0.000,0.133,0.017,0.000
386.600,0.000,0.136,0.017,0.000
386.620,0.000,0.132,0.017,0.000
386.640,0.000,0.135,0.017,0.000
386.660,0.000,0.132,0.017,0.000
386.680,0.000,0.135,0.017,0.000
386.700,0.000,0.133,0.017,0.000
386.720,0.000,0.132,0.017,0.000
386.740,0.000,0.134,0.017,0.000
386.760,0.000,0.133,0.017,0.000
386.780,0.000,0.133,0.017,0.000
386.800,0.000,0.133,0.017,0.000
386.820,0.000,0.132,0.017,0.000
386.840,0.000,0.132,0.017,0.000
386.860,0.000,0.132,0.017,0.000
386.880,0.000,0.133,0.017,0.000
386.900,0.000,0.134,0.017,0.000
386.920,0.000,0.133,0.017,0.000
386.940,0.000,0.133,0.017,0.000
386.960,0.000,0.132,0.017,0.000
386.980,0.000,0.133,0.017,0.000
387.000,0.000,0.132,0.016,0.000
387.020,0.000,0.133,0.016,0.000
387.040,0.000,0.133,0.016,0.000
387.060,0.000,0.135,0.016,0.000
387.080,0.000,0.133,0.016,0.000
387.100,0.000,0.135,0.016,0.000
387.120,0.000,0.132,0.016,0.000
387.140,0.000,0.134,0.016,0.000
387.160,0.000,0.134,0.016,0.000
387.180,0.000,0.136,0.016,0.000
387.200,0.000,0.133,0.016,0.000
387.220,0.000,0.133,0.016,0.000
387.240,0.000,0.132,0.016,0.000
387.260,0.000,0.133,0.016,0.000
387.280,0.000,0.132,0.016,0.000
387.300,0.000,0.133,0.016,0.000
387.320,0.000,0.133,0.016,0.000
387.340,0.000,0.132,0.016,0.000
387.360,0.000,0.134,0.016,0.000
387.380,0.000,0.132,0.016,0.000
387.400,0.000,0.132,0.016,0.000
387.420,0.000,0.132,0.016,0.000
387.440,0.000,0.132,0.016,0.000
387.460,0.000,0.133,0.016,0.000
387.480,0.000,0.132,0.016,0.000
387.500,0.000,0.132,0.016,0.000
387.520,0.000,0.132,0.016,0.000
387.540,0.000,0.133,0.016,0.000
387.560,0.000,0.132,0.016,0.000
387.580,0.000,0.132,0.016,0.000
387.600,0.000,0.133,0.016,0.000
387.620,0.000,0.132,0.016,0.000
387.640,0.000,0.132,0.016,0.000
387.660,0.000,0.132,0.016,0.000
387.680,0.000,0.132,0.016,0.000
387.700,0.000,0.133,0.016,0.000
387.720,0.000,0.132,0.016,0.000
387.740,0.000,0.132,0.016,0.000
387.760,0.000,0.132,0.016,0.000
387.780,0.000,0.132,0.016,0.000
387.800,0.000,0.132,0.016,0.000
387.820,0.000,0.133,0.016,0.000
387.840,0.000,0.132,0.016,0.000
387.860,0.000,0.132,0.016,0.000
387.880,0.000,0.131,0.016,0.000
387.900,0.000,0.133,0.016,0.000
387.920,0.000,0.134,0.016,0.000
387.940,0.000,0.135,0.016,0.000
387.960,0.000,0.133,0.016,0.000
387.980,0.000,0.137,0.016,0.000
388.000,0.000,0.133,0.016,0.000
388.020,0.000,0.137,0.016,0.000
388.040,0.000,0.135,0.016,0.000
388.060,0.000,0.135,0.016,0.000
388.080,0.000,0.134,0.016,0.000
388.100,0.000,0.136,0.016,0.000
388.120,0.000,0.136,0.016,0.000
388.140,0.000,0.137,0.016,0.000
388.160,0.000,0.136,0.016,0.000
388.180,0.000,0.139,0.016,0.000
388.200,0.000,0.139,0.016,0.000
388.220,0.000,0.139,0.016,0.000
388.240,0.000,0.141,0.016,0.000
388.260,0.000,0.139,0.016,0.000
388.280,0.000,0.142,0.016,0.000
388.300,0.000,0.142,0.016,0.000
388.320,0.000,0.138,0.016,0.000
388.340,0.000,0.142,0.016,0.000
388.360,0.000,0.141,0.016,0.000
388.380,0.000,0.140,0.016,0.000
388.400,0.000,0.141,0.016,0.000
388.420,0.000,0.140,0.015,0.000
388.440,0.000,0.137,0.015,0.000
388.460,0.000,0.139,0.015,0.000
388.480,0.000,0.137,0.015,0.000
388.500,0.000,0.137,0.015,0.000
388.520,0.000,0.136,0.015,0.000
388.540,0.000,0.136,0.015,0.000
388.560,0.000,0.132,0.015,0.000
388.580,0.000,0.135,0.015,0.000
388.600,0.000,0.132,0.015,0.000
388.620,0.000,0.132,0.014,0.000
388.640,0.000,0.133,0.014,0.000
388.660,0.000,0.136,0.013,0.000
388.680,0.000,0.133,0.013,0.000
388.700,0.000,0.135,0.013,0.000
388.720,0.000,0.133,0.013,0.000
388.740,0.000,0.132,0.013,0.000
388.760,0.000,0.133,0.013,0.000
388.780,0.000,0.134,0.013,0.000
388.800,0.000,0.134,0.013,0.000
388.820,0.000,0.134,0.013,0.000
388.840,0.000,0.132,0.013,0.000
388.860,0.000,0.133,0.013,0.000
388.880,0.000,0.134,0.013,0.000
388.900,0.000,0.133,0.013,0.000
388.920,0.000,0.133,0.013,0.000
388.940,0.000,0.135,0.013,0.000
388.960,0.000,0.136,0.013,0.000
388.980,0.000,0.134,0.013,0.000
389.000,0.000,0.136,0.013,0.000
389.020,0.000,0.133,0.013,0.000
389.040,0.000,0.133,0.013,0.000
389.060,0.000,0.134,0.013,0.000
389.080,0.000,0.138,0.013,0.000
389.100,0.000,0.135,0.013,0.000
389.120,0.000,0.139,0.013,0.000
389.140,0.000,0.136,0.013,0.000
389.160,0.000,0.137,0.013,0.000
389.180,0.000,0.132,0.013,0.000
389.200,0.000,0.138,0.013,0.000
389.220,0.000,0.137,0.013,0.000
389.240,0.000,0.139,0.013,0.000
389.260,0.000,0.137,0.013,0.000
389.280,0.000,0.135,0.013,0.000
389.300,0.000,0.135,0.013,0.000
389.320,0.000,0.135,0.013,0.000
389.340,0.000,0.133,0.013,0.000
389.360,0.000,0.133,0.013,0.000
389.380,0.000,0.133,0.013,0.000
389.400,0.000,0.133,0.013,0.000
389.420,0.000,0.135,0.013,0.000
389.440,0.000,0.132,0.013,0.000
389.460,0.000,0.133,0.013,0.000
389.480,0.000,0.132,0.013,0.000
389.500,0.000,0.133,0.013,0.000
389.520,0.000,0.132,0.013,0.000
389.540,0.000,0.133,0.013,0.000
389.560,0.000,0.132,0.013,0.000
389.580,0.000,0.132,0.013,0.000
389.600,0.000,0.132,0.013,0.000
389.620,0.000,0.132,0.013,0.000
389.640,0.000,0.132,0.013,0.000
389.660,0.000,0.132,0.013,0.000
389.680,0.000,0.132,0.013,0.000
389.700,0.000,0.132,0.013,0.000
389.720,0.000,0.133,0.013,0.000
389.740,0.000,0.132,0.013,0.000
389.760,0.000,0.133,0.013,0.000
389.780,0.000,0.132,0.013,0.000
389.800,0.000,0.133,0.013,0.000
389.820,0.000,0.132,0.013,0.000
389.840,0.000,0.133,0.013,0.000
389.860,0.000,0.132,0.013,0.000
389.880,0.000,0.132,0.013,0.000
389.900,0.000,0.131,0.013,0.000
389.920,0.000,0.132,0.013,0.000
389.940,0.000,0.132,0.013,0.000
389.960,0.000,0.133,0.013,0.000
389.980,0.000,0.133,0.013,0.000
390.000,0.000,0.133,0.013,0.000
390.020,0.000,0.133,0.013,0.000
390.040,0.000,0.133,0.013,0.000
390.060,0.000,0.133,0.013,0.000
390.080,0.000,0.132,0.013,0.000
390.100,0.000,0.134,0.013,0.000
390.120,0.000,0.132,0.013,0.000
390.140,0.000,0.134,0.013,0.000
390.160,0.000,0.134,0.013,0.000
390.180,0.000,0.137,0.013,0.000
390.200,0.000,0.135,0.013,0.000
390.220,0.000,0.135,0.013,0.000
390.240,0.000,0.137,0.013,0.000
390.260,0.000,0.138,0.013,0.000
390.280,0.000,0.135,0.013,0.000
390.300,0.000,0.136,0.013,0.000
390.320,0.000,0.137,0.013,0.000
390.340,0.000,0.136,0.013,0.000
390.360,0.000,0.138,0.013,0.000
390.380,0.000,0.137,0.013,0.000
390.400,0.000,0.138,0.013,0.000
390.420,0.000,0.134,0.013,0.000
390.440,0.000,0.135,0.013,0.000
390.460,0.000,0.138,0.013,0.000
390.480,0.000,0.137,0.013,0.000
390.500,0.000,0.136,0.013,0.000
390.520,0.000,0.137,0.013,0.000
390.540,0.000,0.132,0.013,0.000
390.560,0.000,0.137,0.013,0.000
390.580,0.000,0.135,0.013,0.000
390.600,0.000,0.139,0.013,0.000
390.620,0.000,0.138,0.013,0.000
390.640,0.000,0.138,0.012,0.000
390.660,0.000,0.131,0.012,0.000
390.680,0.000,0.137,0.012,0.000
390.700,0.000,0.132,0.012,0.000
390.720,0.000,0.138,0.012,0.000
390.740,0.000,0.132,0.012,0.000
390.760,0.000,0.134,0.012,0.000
390.780,0.000,0.134,0.012,0.000
390.800,0.000,0.134,0.012,0.000
390.820,0.000,0.135,0.012,0.000
390.840,0.000,0.134,0.012,0.000
390.860,0.000,0.133,0.012,0.000
390.880,0.000,0.135,0.012,0.000
390.900,0.000,0.136,0.012,0.000
390.920,0.000,0.134,0.012,0.000
390.940,0.000,0.139,0.012,0.000
390.960,0.000,0.135,0.012,0.000
390.980,0.000,0.138,0.012,0.000
391.000,0.000,0.135,0.012,0.000
391.020,0.000,0.137,0.012,0.000
391.040,0.000,0.137,0.012,0.000
391.060,0.000,0.137,0.012,0.000
391.080,0.000,0.137,0.012,0.000
391.100,0.000,0.139,0.012,0.000
391.120,0.000,0.135,0.012,0.000
391.140,0.000,0.141,0.011,0.000
391.160,0.000,0.140,0.011,0.000
391.180,0.000,0.138,0.011,0.000
391.200,0.000,0.137,0.011,0.000
391.220,0.000,0.139,0.011,0.000
391.240,0.000,0.138,0.011,0.000
391.260,0.000,0.139,0.011,0.000
391.280,0.000,0.141,0.011,0.000
391.300,0.000,0.140,0.011,0.000
391.320,0.000,0.140,0.011,0.000
391.340,0.000,0.137,0.011,0.000
391.360,0.000,0.137,0.011,0.000
391.380,0.000,0.135,0.011,0.000
391.400,0.000,0.141,0.011,0.000
391.420,0.000,0.138,0.011,0.000
391.440,0.000,0.139,0.011,0.000
391.460,0.000,0.133,0.011,0.000
391.480,0.000,0.137,0.011,0.000
391.500,0.000,0.134,0.011,0.000
391.520,0.000,0.135,0.011,0.000
391.540,0.000,0.135,0.011,0.000
391.560,0.000,0.132,0.011,0.000
391.580,0.000,0.137,0.011,0.000
391.600,0.000,0.133,0.011,0.000
391.620,0.000,0.133,0.011,0.000
391.640,0.000,0.132,0.011,0.000
391.660,0.000,0.133,0.011,0.000
391.680,0.000,0.132,0.011,0.000
391.700,0.000,0.132,0.011,0.000
391.720,0.000,0.133,0.011,0.000
391.740,0.000,0.132,0.011,0.000
391.760,0.000,0.132,0.011,0.000
391.780,0.000,0.133,0.011,0.000
391.800,0.000,0.132,0.011,0.000
391.820,0.000,0.132,0.011,0.000
391.840,0.000,0.132,0.011,0.000
391.860,0.000,0.132,0.011,0.000
391.880,0.000,0.132,0.011,0.000
391.900,0.000,0.132,0.011,0.000
391.920,0.000,0.133,0.011,0.000
391.940,0.000,0.132,0.011,0.000
391.960,0.000,0.132,0.011,0.000
391.980,0.000,0.132,0.011,0.000
392.000,0.000,0.132,0.011,0.000
392.020,0.000,0.132,0.011,0.000
392.040,0.000,0.133,0.011,0.000
392.060,0.000,0.133,0.011,0.000
392.080,0.000,0.132,0.011,0.000
392.100,0.000,0.132,0.011,0.000
392.120,0.000,0.132,0.011,0.000
392.140,0.000,0.133,0.011,0.000
392.160,0.000,0.132,0.011,0.000
392.180,0.000,0.132,0.011,0.000
392.200,0.000,0.133,0.011,0.000
392.220,0.000,0.133,0.011,0.000
392.240,0.000,0.133,0.011,0.000
392.260,0.000,0.133,0.011,0.000
392.280,0.000,0.133,0.011,0.000
392.300,0.000,0.135,0.011,0.000
392.320,0.000,0.134,0.011,0.000
392.340,0.000,0.136,0.011,0.000
392.360,0.000,0.133,0.011,0.000
392.380,0.000,0.133,0.011,0.000
392.400,0.000,0.134,0.011,0.000
392.420,0.000,0.133,0.011,0.000
392.440,0.000,0.134,0.011,0.000
392.460,0.000,0.134,0.011,0.000
392.480,0.000,0.134,0.011,0.000
392.500,0.000,0.137,0.011,0.000
392.520,0.000,0.136,0.011,0.000
392.540,0.000,0.136,0.011,0.000
392.560,0.000,0.135,0.011,0.000
392.580,0.000,0.132,0.011,0.000
392.600,0.000,0.135,0.011,0.000
392.620,0.000,0.134,0.011,0.000
392.640,0.000,0.134,0.011,0.000
392.660,0.000,0.134,0.011,0.000
392.680,0.000,0.135,0.011,0.000
392.700,0.000,0.134,0.011,0.000
392.720,0.000,0.130,0.012,0.000
392.740,0.000,0.131,0.012,0.000
392.760,0.000,0.132,0.012,0.000
392.780,0.000,0.132,0.012,0.000
392.800,0.000,0.130,0.012,0.000
392.820,0.000,0.130,0.012,0.000
392.840,0.000,0.129,0.013,0.000
392.860,0.000,0.132,0.013,0.000
392.880,0.000,0.131,0.013,0.000
392.900,0.000,0.134,0.013,0.000
392.920,0.000,0.133,0.013,0.000
392.940,0.000,0.133,0.013,0.000
392.960,0.000,0.137,0.013,0.000
392.980,0.000,0.132,0.013,0.000
393.000,0.000,0.137,0.013,0.000
393.020,0.000,0.134,0.013,0.000
393.040,0.000,0.136,0.013,0.000
393.060,0.000,0.137,0.013,0.000
393.080,0.000,0.136,0.013,0.000
393.100,0.000,0.137,0.013,0.000
393.120,0.000,0.141,0.013,0.000
393.140,0.000,0.137,0.013,0.000
393.160,0.000,0.138,0.013,0.000
393.180,0.000,0.142,0.013,0.000
393.200,0.000,0.139,0.013,0.000
393.220,0.000,0.141,0.013,0.000
393.240,0.000,0.141,0.013,0.000
393.260,0.000,0.139,0.013,0.000
393.280,0.000,0.138,0.013,0.000
393.300,0.000,0.138,0.013,0.000
393.320,0.000,0.138,0.013,0.000
393.340,0.000,0.141,0.013,0.000
393.360,0.000,0.140,0.013,0.000
393.380,0.000,0.138,0.013,0.000
393.400,0.000,0.137,0.013,0.000
393.420,0.000,0.136,0.013,0.000
393.440,0.000,0.141,0.013,0.000
393.460,0.000,0.139,0.013,0.000
393.480,0.000,0.140,0.013,0.000
393.500,0.000,0.139,0.013,0.000
393.520,0.000,0.139,0.013,0.000
393.540,0.000,0.137,0.013,0.000
393.560,0.000,0.137,0.013,0.000
393.580,0.000,0.133,0.013,0.000
393.600,0.000,0.137,0.013,0.000
393.620,0.000,0.134,0.013,0.000
393.640,0.000,0.136,0.013,0.000
393.660,0.000,0.133,0.013,0.000
393.680,0.000,0.133,0.013,0.000
393.700,0.000,0.135,0.013,0.000
393.720,0.000,0.132,0.013,0.000
393.740,0.000,0.132,0.013,0.000
393.760,0.000,0.134,0.013,0.000
393.780,0.000,0.132,0.013,0.000
393.800,0.000,0.132,0.013,0.000
393.820,0.000,0.132,0.013,0.000
393.840,0.000,0.132,0.013,0.000
393.860,0.000,0.132,0.013,0.000
393.880,0.000,0.133,0.013,0.000
393.900,0.000,0.132,0.013,0.000
393.920,0.000,0.132,0.013,0.000
393.940,0.000,0.132,0.013,0.000
393.960,0.000,0.132,0.013,0.000
393.980,0.000,0.132,0.013,0.000
394.000,0.000,0.133,0.013,0.000
394.020,0.000,0.132,0.013,0.000
394.040,0.000,0.132,0.013,0.000
394.060,0.000,0.132,0.013,0.000
394.080,0.000,0.132,0.013,0.000
394.100,0.000,0.132,0.013,0.000
394.120,0.000,0.132,0.013,0.000
394.140,0.000,0.132,0.013,0.000
394.160,0.000,0.132,0.013,0.000
394.180,0.000,0.133,0.013,0.000
394.200,0.000,0.132,0.013,0.000
394.220,0.000,0.133,0.013,0.000
394.240,0.000,0.132,0.013,0.000
394.260,0.000,0.132,0.013,0.000
394.280,0.000,0.132,0.013,0.000
394.300,0.000,0.133,0.013,0.000
394.320,0.000,0.132,0.013,0.000
394.340,0.000,0.132,0.013,0.000
394.360,0.000,0.133,0.013,0.000
394.380,0.000,0.133,0.013,0.000
394.400,0.000,0.133,0.013,0.000
394.420,0.000,0.134,0.013,0.000
394.440,0.000,0.134,0.013,0.000
394.460,0.000,0.133,0.013,0.000
394.480,0.000,0.133,0.013,0.000
394.500,0.000,0.133,0.013,0.000
394.520,0.000,0.133,0.013,0.000
394.540,0.000,0.134,0.013,0.000
394.560,0.000,0.133,0.013,0.000
394.580,0.000,0.133,0.013,0.000
394.600,0.000,0.133,0.013,0.000
394.620,0.000,0.132,0.013,0.000
394.640,0.000,0.134,0.013,0.000
394.660,0.000,0.133,0.013,0.000
394.680,0.000,0.133,0.013,0.000
394.700,0.000,0.132,0.013,0.000
394.720,0.000,0.133,0.013,0.000
394.740,0.000,0.131,0.013,0.000
394.760,0.000,0.132,0.013,0.000
394.780,0.000,0.132,0.013,0.000
394.800,0.000,0.133,0.013,0.000
394.820,0.000,0.132,0.013,0.000
394.840,0.000,0.133,0.013,0.000
394.860,0.000,0.131,0.013,0.000
394.880,0.000,0.132,0.013,0.000
394.900,0.000,0.132,0.013,0.000
394.920,0.000,0.132,0.013,0.000
394.940,0.000,0.132,0.013,0.000
394.960,0.000,0.130,0.013,0.000
394.980,0.000,0.133,0.013,0.000
395.000,0.000,0.132,0.013,0.000
395.020,0.000,0.132,0.013,0.000
395.040,0.000,0.131,0.013,0.000
395.060,0.000,0.134,0.013,0.000
395.080,0.000,0.132,0.013,0.000
395.100,0.000,0.133,0.013,0.000
395.120,0.000,0.132,0.013,0.000
395.140,0.000,0.137,0.013,0.000
395.160,0.000,0.135,0.013,0.000
395.180,0.000,0.137,0.013,0.000
395.200,0.000,0.135,0.013,0.000
395.220,0.000,0.139,0.013,0.000
395.240,0.000,0.141,0.013,0.000
395.260,0.000,0.140,0.013,0.000
395.280,0.000,0.138,0.013,0.000
395.300,0.000,0.141,0.013,0.000
395.320,0.000,0.141,0.013,0.000
395.340,0.000,0.139,0.013,0.000
395.360,0.000,0.140,0.013,0.000
395.380,0.000,0.137,0.013,0.000
395.400,0.000,0.138,0.013,0.000
395.420,0.000,0.139,0.013,0.000
395.440,0.000,0.137,0.013,0.000
395.460,0.000,0.138,0.013,0.000
395.480,0.000,0.137,0.013,0.000
395.500,0.000,0.140,0.013,0.000
395.520,0.000,0.138,0.013,0.000
395.540,0.000,0.139,0.013,0.000
395.560,0.000,0.137,0.013,0.000
395.580,0.000,0.137,0.013,0.000
395.600,0.000,0.140,0.013,0.000
395.620,0.000,0.139,0.013,0.000
395.640,0.000,0.134,0.013,0.000
395.660,0.000,0.138,0.013,0.000
395.680,0.000,0.134,0.013,0.000
395.700,0.000,0.136,0.013,0.000
395.720,0.000,0.136,0.013,0.000
395.740,0.000,0.133,0.013,0.000
395.760,0.000,0.133,0.013,0.000
395.780,0.000,0.137,0.013,0.000
395.800,0.000,0.132,0.013,0.000
395.820,0.000,0.134,0.013,0.000
395.840,0.000,0.132,0.013,0.000
395.860,0.000,0.136,0.013,0.000
395.880,0.000,0.132,0.013,0.000
395.900,0.000,0.134,0.013,0.000
395.920,0.000,0.133,0.013,0.000
395.940,0.000,0.133,0.013,0.000
395.960,0.000,0.132,0.013,0.000
395.980,0.000,0.132,0.013,0.000
396.000,0.000,0.132,0.013,0.000
396.020,0.000,0.133,0.013,0.000
396.040,0.000,0.132,0.013,0.000
396.060,0.000,0.132,0.013,0.000
396.080,0.000,0.132,0.013,0.000
396.100,0.000,0.134,0.013,0.000
396.120,0.000,0.133,0.013,0.000
396.140,0.000,0.134,0.013,0.000
396.160,0.000,0.133,0.013,0.000
396.180,0.000,0.133,0.013,0.000
396.200,0.000,0.134,0.013,0.000
396.220,0.000,0.132,0.013,0.000
396.240,0.000,0.133,0.013,0.000
396.260,0.000,0.132,0.013,0.000
396.280,0.000,0.133,0.013,0.000
396.300,0.000,0.132,0.013,0.000
396.320,0.000,0.132,0.013,0.000
396.340,0.000,0.133,0.013,0.000
396.360,0.000,0.133,0.013,0.000
396.380,0.000,0.132,0.013,0.000
396.400,0.000,0.132,0.013,0.000
396.420,0.000,0.133,0.013,0.000
396.440,0.000,0.135,0.013,0.000
396.460,0.000,0.135,0.013,0.000
396.480,0.000,0.133,0.013,0.000
396.500,0.000,0.133,0.013,0.000
396.520,0.000,0.132,0.013,0.000
396.540,0.000,0.135,0.013,0.000
396.560,0.000,0.133,0.013,0.000
396.580,0.000,0.134,0.013,0.000
396.600,0.000,0.132,0.013,0.000
396.620,0.000,0.135,0.013,0.000
396.640,0.000,0.133,0.013,0.000
396.660,0.000,0.135,0.013,0.000
396.680,0.000,0.133,0.013,0.000
396.700,0.000,0.133,0.013,0.000
396.720,0.000,0.133,0.013,0.000
396.740,0.000,0.132,0.013,0.000
396.760,0.000,0.133,0.013,0.000
396.780,0.000,0.133,0.013,0.000
396.800,0.000,0.133,0.013,0.000
396.820,0.000,0.133,0.013,0.000
396.840,0.000,0.133,0.013,0.000
396.860,0.000,0.133,0.013,0.000
396.880,0.000,0.133,0.013,0.000
396.900,0.000,0.132,0.013,0.000
396.920,0.000,0.133,0.013,0.000
396.940,0.000,0.133,0.013,0.000
396.960,0.000,0.133,0.013,0.000
396.980,0.000,0.132,0.013,0.000
397.000,0.000,0.132,0.013,0.000
397.020,0.000,0.132,0.013,0.000
397.040,0.000,0.132,0.013,0.000
397.060,0.000,0.133,0.013,0.000
397.080,0.000,0.132,0.013,0.000
397.100,0.000,0.132,0.013,0.000
397.120,0.000,0.134,0.013,0.000
397.140,0.000,0.132,0.013,0.000
397.160,0.000,0.132,0.013,0.000
397.180,0.000,0.134,0.013,0.000
397.200,0.000,0.135,0.013,0.000
397.220,0.000,0.136,0.013,0.000
397.240,0.000,0.133,0.013,0.000
397.260,0.000,0.138,0.013,0.000
397.280,0.000,0.136,0.013,0.000
397.300,0.000,0.137,0.013,0.000
397.320,0.000,0.136,0.013,0.000
397.340,0.000,0.137,0.013,0.000
397.360,0.000,0.135,0.013,0.000
397.380,0.000,0.139,0.013,0.000
397.400,0.000,0.140,0.013,0.000
397.420,0.000,0.140,0.013,0.000
397.440,0.000,0.138,0.013,0.000
397.460,0.000,0.139,0.013,0.000
397.480,0.000,0.140,0.013,0.000
397.500,0.000,0.141,0.013,0.000
397.520,0.000,0.139,0.013,0.000
397.540,0.000,0.140,0.013,0.000
397.560,0.000,0.140,0.013,0.000
397.580,0.000,0.141,0.013,0.000
397.600,0.000,0.140,0.013,0.000
397.620,0.000,0.139,0.013,0.000
397.640,0.000,0.141,0.013,0.000
397.660,0.000,0.138,0.013,0.000
397.680,0.000,0.141,0.013,0.000
397.700,0.000,0.141,0.013,0.000
397.720,0.000,0.141,0.013,0.000
397.740,0.000,0.141,0.013,0.000
397.760,0.000,0.142,0.013,0.000
397.780,0.000,0.138,0.013,0.000
397.800,0.000,0.141,0.013,0.000
397.820,0.000,0.138,0.013,0.000
397.840,0.000,0.138,0.012,0.000
397.860,0.000,0.141,0.012,0.000
397.880,0.000,0.140,0.012,0.000
397.900,0.000,0.133,0.012,0.000
397.920,0.000,0.139,0.012,0.000
397.940,0.000,0.135,0.012,0.000
397.960,0.000,0.138,0.012,0.000
397.980,0.000,0.135,0.012,0.000
398.000,0.000,0.135,0.012,0.000
398.020,0.000,0.136,0.012,0.000
398.040,0.000,0.132,0.012,0.000
398.060,0.000,0.134,0.012,0.000
398.080,0.000,0.135,0.012,0.000
398.100,0.000,0.136,0.012,0.000
398.120,0.000,0.137,0.012,0.000
398.140,0.000,0.136,0.012,0.000
398.160,0.000,0.134,0.012,0.000
398.180,0.000,0.137,0.012,0.000
398.200,0.000,0.135,0.012,0.000
398.220,0.000,0.134,0.012,0.000
398.240,0.000,0.133,0.012,0.000
398.260,0.000,0.134,0.012,0.000
398.280,0.000,0.133,0.012,0.000
398.300,0.000,0.134,0.012,0.000
398.320,0.000,0.133,0.012,0.000
398.340,0.000,0.135,0.012,0.000
398.360,0.000,0.132,0.012,0.000
398.380,0.000,0.133,0.012,0.000
398.400,0.000,0.132,0.012,0.000
398.420,0.000,0.133,0.012,0.000
398.440,0.000,0.133,0.012,0.000
398.460,0.000,0.134,0.012,0.000
398.480,0.000,0.132,0.012,0.000
398.500,0.000,0.135,0.012,0.000
398.520,0.000,0.138,0.012,0.000
398.540,0.000,0.133,0.012,0.000
398.560,0.000,0.137,0.012,0.000
398.580,0.000,0.133,0.012,0.000
398.600,0.000,0.137,0.012,0.000
398.620,0.000,0.133,0.012,0.000
398.640,0.000,0.135,0.012,0.000
398.660,0.000,0.133,0.012,0.000
398.680,0.000,0.133,0.012,0.000
398.700,0.000,0.133,0.012,0.000
398.720,0.000,0.132,0.012,0.000
398.740,0.000,0.133,0.012,0.000
398.760,0.000,0.132,0.012,0.000
398.780,0.000,0.132,0.012,0.000
398.800,0.000,0.132,0.012,0.000
398.820,0.000,0.133,0.012,0.000
398.840,0.000,0.132,0.012,0.000
398.860,0.000,0.133,0.012,0.000
398.880,0.000,0.132,0.012,0.000
398.900,0.000,0.133,0.012,0.000
398.920,0.000,0.132,0.012,0.000
398.940,0.000,0.132,0.012,0.000
398.960,0.000,0.132,0.012,0.000
398.980,0.000,0.132,0.012,0.000
399.000,0.000,0.132,0.012,0.000
399.020,0.000,0.132,0.012,0.000
399.040,0.000,0.132,0.012,0.000
399.060,0.000,0.132,0.012,0.000
399.080,0.000,0.132,0.012,0.000
399.100,0.000,0.133,0.012,0.000
399.120,0.000,0.132,0.012,0.000
399.140,0.000,0.132,0.012,0.000
399.160,0.000,0.133,0.012,0.000
399.180,0.000,0.132,0.012,0.000
399.200,0.000,0.132,0.012,0.000
399.220,0.000,0.132,0.012,0.000
399.240,0.000,0.132,0.012,0.000
399.260,0.000,0.133,0.012,0.000
399.280,0.000,0.132,0.012,0.000
399.300,0.000,0.133,0.012,0.000
399.320,0.000,0.134,0.012,0.000
399.340,0.000,0.132,0.012,0.000
399.360,0.000,0.133,0.012,0.000
399.380,0.000,0.135,0.012,0.000
399.400,0.000,0.134,0.012,0.000
399.420,0.000,0.135,0.012,0.000
399.440,0.000,0.136,0.012,0.000
399.460,0.000,0.133,0.012,0.000
399.480,0.000,0.135,0.012,0.000
399.500,0.000,0.133,0.012,0.000
399.520,0.000,0.137,0.012,0.000
399.540,0.000,0.141,0.012,0.000
399.560,0.000,0.137,0.012,0.000
399.580,0.000,0.138,0.012,0.000
399.600,0.000,0.141,0.012,0.000
399.620,0.000,0.137,0.012,0.000
399.640,0.000,0.138,0.012,0.000
399.660,0.000,0.139,0.012,0.000
399.680,0.000,0.140,0.012,0.000
399.700,0.000,0.141,0.012,0.000
399.720,0.000,0.140,0.012,0.000
399.740,0.000,0.139,0.012,0.000
399.760,0.000,0.137,0.012,0.000
399.780,0.000,0.142,0.012,0.000
399.800,0.000,0.137,0.012,0.000
399.820,0.000,0.138,0.012,0.000
399.840,0.000,0.138,0.012,0.000
399.860,0.000,0.140,0.012,0.000
399.880,0.000,0.139,0.012,0.000
399.900,0.000,0.138,0.012,0.000
399.920,0.000,0.135,0.012,0.000
399.940,0.000,0.141,0.012,0.000
399.960,0.000,0.137,0.011,0.000
399.980,0.000,0.137,0.011,0.000
400.000,0.000,0.141,0.011,0.000
400.020,0.000,0.139,0.011,0.000
400.040,0.000,0.136,0.010,0.000
400.060,0.000,0.139,0.010,0.000
400.080,0.000,0.135,0.010,0.000
400.100,0.000,0.137,0.010,0.000
400.120,0.000,0.137,0.010,0.000
400.140,0.000,0.134,0.010,0.000
400.160,0.000,0.135,0.010,0.000
400.180,0.000,0.134,0.010,0.000
400.200,0.000,0.137,0.010,0.000
400.220,0.000,0.137,0.010,0.000
400.240,0.000,0.134,0.010,0.000
400.260,0.000,0.137,0.010,0.000
400.280,0.000,0.136,0.010,0.000
400.300,0.000,0.134,0.010,0.000
400.320,0.000,0.138,0.010,0.000
400.340,0.000,0.134,0.010,0.000
400.360,0.000,0.136,0.010,0.000
400.380,0.000,0.139,0.010,0.000
400.400,0.000,0.134,0.010,0.000
400.420,0.000,0.136,0.010,0.000
400.440,0.000,0.137,0.010,0.000
400.460,0.000,0.137,0.010,0.000
400.480,0.000,0.138,0.010,0.000
400.500,0.000,0.136,0.010,0.000
400.520,0.000,0.136,0.010,0.000
400.540,0.000,0.137,0.010,0.000
400.560,0.000,0.135,0.010,0.000
400.580,0.000,0.137,0.010,0.000
400.600,0.000,0.139,0.010,0.000
400.620,0.000,0.138,0.010,0.000
400.640,0.000,0.137,0.010,0.000
400.660,0.000,0.135,0.010,0.000
400.680,0.000,0.132,0.010,0.000
400.700,0.000,0.137,0.010,0.000
400.720,0.000,0.135,0.010,0.000
400.740,0.000,0.137,0.010,0.000
400.760,0.000,0.135,0.010,0.000
400.780,0.000,0.132,0.010,0.000
400.800,0.000,0.134,0.010,0.000
400.820,0.000,0.133,0.010,0.000
400.840,0.000,0.133,0.010,0.000
400.860,0.000,0.132,0.010,0.000
400.880,0.000,0.133,0.010,0.000
400.900,0.000,0.132,0.010,0.000
400.920,0.000,0.134,0.010,0.000
400.940,0.000,0.133,0.010,0.000
400.960,0.000,0.132,0.010,0.000
400.980,0.000,0.133,0.010,0.000
401.000,0.000,0.133,0.010,0.000
401.020,0.000,0.132,0.010,0.000
401.040,0.000,0.132,0.010,0.000
401.060,0.000,0.132,0.010,0.000
401.080,0.000,0.132,0.010,0.000
401.100,0.000,0.132,0.010,0.000
401.120,0.000,0.132,0.010,0.000
401.140,0.000,0.133,0.010,0.000
401.160,0.000,0.132,0.010,0.000
401.180,0.000,0.132,0.010,0.000
401.200,0.000,0.132,0.010,0.000
401.220,0.000,0.132,0.010,0.000
401.240,0.000,0.132,0.010,0.000
401.260,0.000,0.132,0.010,0.000
401.280,0.000,0.132,0.010,0.000
401.300,0.000,0.132,0.010,0.000
401.320,0.000,0.132,0.010,0.000
401.340,0.000,0.133,0.010,0.000
401.360,0.000,0.132,0.010,0.000
401.380,0.000,0.133,0.010,0.000
401.400,0.000,0.132,0.010,0.000
401.420,0.000,0.133,0.010,0.000
401.440,0.000,0.133,0.010,0.000
401.460,0.000,0.134,0.010,0.000
401.480,0.000,0.133,0.010,0.000
401.500,0.000,0.133,0.010,0.000
401.520,0.000,0.134,0.010,0.000
401.540,0.000,0.133,0.010,0.000
401.560,0.000,0.136,0.010,0.000
401.580,0.000,0.133,0.010,0.000
401.600,0.000,0.135,0.010,0.000
401.620,0.000,0.133,0.010,0.000
401.640,0.000,0.133,0.010,0.000
401.660,0.000,0.136,0.010,0.000
401.680,0.000,0.134,0.010,0.000
401.700,0.000,0.138,0.010,0.000
401.720,0.000,0.137,0.010,0.000
401.740,0.000,0.137,0.010,0.000
401.760,0.000,0.138,0.010,0.000
401.780,0.000,0.137,0.010,0.000
401.800,0.000,0.138,0.010,0.000
401.820,0.000,0.136,0.010,0.000
401.840,0.000,0.135,0.010,0.000
401.860,0.000,0.139,0.010,0.000
401.880,0.000,0.136,0.010,0.000
401.900,0.000,0.137,0.010,0.000
401.920,0.000,0.137,0.010,0.000
401.940,0.000,0.141,0.010,0.000
401.960,0.000,0.134,0.010,0.000
401.980,0.000,0.135,0.010,0.000
402.000,0.000,0.136,0.010,0.000
402.020,0.000,0.133,0.010,0.000
402.040,0.000,0.136,0.010,0.000
402.060,0.000,0.135,0.010,0.000
402.080,0.000,0.136,0.010,0.000
402.100,0.000,0.137,0.010,0.000
402.120,0.000,0.141,0.010,0.000
402.140,0.000,0.135,0.010,0.000
402.160,0.000,0.139,0.010,0.000
402.180,0.000,0.136,0.010,0.000
402.200,0.000,0.137,0.010,0.000
402.220,0.000,0.135,0.010,0.000
402.240,0.000,0.137,0.010,0.000
402.260,0.000,0.133,0.010,0.000
402.280,0.000,0.138,0.010,0.000
402.300,0.000,0.132,0.010,0.000
402.320,0.000,0.138,0.010,0.000
402.340,0.000,0.137,0.010,0.000
402.360,0.000,0.141,0.010,0.000
402.380,0.000,0.140,0.010,0.000
402.400,0.000,0.137,0.010,0.000
402.420,0.000,0.141,0.010,0.000
402.440,0.000,0.140,0.010,0.000
402.460,0.000,0.137,0.010,0.000
402.480,0.000,0.140,0.010,0.000
402.500,0.000,0.140,0.010,0.000
402.520,0.000,0.134,0.010,0.000
402.540,0.000,0.137,0.010,0.000
402.560,0.000,0.137,0.010,0.000
402.580,0.000,0.137,0.010,0.000
402.600,0.000,0.141,0.010,0.000
402.620,0.000,0.140,0.010,0.000
402.640,0.000,0.137,0.010,0.000
402.660,0.000,0.138,0.010,0.000
402.680,0.000,0.137,0.010,0.000
402.700,0.000,0.135,0.010,0.000
402.720,0.000,0.137,0.010,0.000
402.740,0.000,0.136,0.010,0.000
402.760,0.000,0.137,0.010,0.000
402.780,0.000,0.137,0.010,0.000
402.800,0.000,0.137,0.010,0.000
402.820,0.000,0.134,0.010,0.000
402.840,0.000,0.135,0.010,0.000
402.860,0.000,0.137,0.010,0.000
402.880,0.000,0.134,0.010,0.000
402.900,0.000,0.133,0.010,0.000
402.920,0.000,0.138,0.010,0.000
402.940,0.000,0.134,0.010,0.000
402.960,0.000,0.137,0.010,0.000
402.980,0.000,0.132,0.010,0.000
403.000,0.000,0.133,0.010,0.000
403.020,0.000,0.134,0.010,0.000
403.040,0.000,0.134,0.010,0.000
403.060,0.000,0.132,0.010,0.000
403.080,0.000,0.132,0.010,0.000
403.100,0.000,0.132,0.010,0.000
403.120,0.000,0.132,0.010,0.000
403.140,0.000,0.132,0.010,0.000
403.160,0.000,0.132,0.010,0.000
403.180,0.000,0.132,0.010,0.000
403.200,0.000,0.132,0.010,0.000
403.220,0.000,0.133,0.010,0.000
403.240,0.000,0.132,0.010,0.000
403.260,0.000,0.132,0.010,0.000
403.280,0.000,0.133,0.010,0.000
403.300,0.000,0.133,0.010,0.000
403.320,0.000,0.132,0.010,0.000
403.340,0.000,0.134,0.010,0.000
403.360,0.000,0.132,0.010,0.000
403.380,0.000,0.133,0.010,0.000
403.400,0.000,0.132,0.010,0.000
403.420,0.000,0.137,0.010,0.000
403.440,0.000,0.130,0.012,0.000
403.460,0.000,0.138,0.012,0.000
403.480,0.000,0.131,0.012,0.000
403.500,0.000,0.137,0.012,0.000
403.520,0.000,0.128,0.015,0.000
403.540,0.000,0.140,0.015,0.000
403.560,0.000,0.129,0.015,0.000
403.580,0.000,0.139,0.015,0.000
403.600,0.000,0.128,0.015,0.000
403.620,0.000,0.141,0.015,0.000
403.640,0.000,0.128,0.015,0.000
403.660,0.000,0.142,0.015,0.000
403.680,0.000,0.130,0.015,0.000
403.700,0.000,0.141,0.015,0.000
403.720,0.000,0.130,0.015,0.000
403.740,0.000,0.138,0.015,0.000
403.760,0.000,0.132,0.015,0.000
403.780,0.000,0.139,0.015,0.000
403.800,0.000,0.133,0.015,0.000
403.820,0.000,0.137,0.015,0.000
403.840,0.000,0.135,0.015,0.000
403.860,0.000,0.132,0.015,0.000
403.880,0.000,0.134,0.015,0.000
403.900,0.000,0.129,0.015,0.000
403.920,0.000,0.137,0.015,0.000
403.940,0.000,0.131,0.015,0.000
403.960,0.000,0.138,0.015,0.000
403.980,0.000,0.129,0.015,0.000
404.000,0.000,0.138,0.015,0.000
404.020,0.000,0.131,0.015,0.000
404.040,0.000,0.135,0.015,0.000
404.060,0.000,0.131,0.015,0.000
404.080,0.000,0.136,0.015,0.000
404.100,0.000,0.128,0.015,0.000
404.120,0.000,0.137,0.015,0.000
404.140,0.000,0.131,0.015,0.000
404.160,0.000,0.136,0.015,0.000
404.180,0.000,0.131,0.015,0.000
404.200,0.000,0.132,0.015,0.000
404.220,0.000,0.134,0.015,0.000
404.240,0.000,0.131,0.015,0.000
404.260,0.000,0.135,0.015,0.000
404.280,0.000,0.132,0.015,0.000
404.300,0.000,0.134,0.015,0.000
404.320,0.000,0.132,0.015,0.000
404.340,0.000,0.137,0.015,0.000
404.360,0.000,0.132,0.015,0.000
404.380,0.000,0.135,0.015,0.000
404.400,0.000,0.136,0.015,0.000
404.420,0.000,0.137,0.015,0.000
404.440,0.000,0.135,0.015,0.000
404.460,0.000,0.137,0.015,0.000
404.480,0.000,0.137,0.015,0.000
404.500,0.000,0.137,0.015,0.000
404.520,0.000,0.138,0.015,0.000
404.540,0.000,0.135,0.015,0.000
404.560,0.000,0.139,0.015,0.000
404.580,0.000,0.135,0.015,0.000
404.600,0.000,0.141,0.015,0.000
404.620,0.000,0.135,0.015,0.000
404.640,0.000,0.142,0.015,0.000
404.660,0.000,0.139,0.015,0.000
404.680,0.000,0.139,0.015,0.000
404.700,0.000,0.137,0.015,0.000
404.720,0.000,0.138,0.015,0.000
404.740,0.000,0.136,0.015,0.000
404.760,0.000,0.140,0.015,0.000
404.780,0.000,0.141,0.015,0.000
404.800,0.000,0.137,0.015,0.000
404.820,0.000,0.138,0.015,0.000
404.840,0.000,0.137,0.015,0.000
404.860,0.000,0.138,0.015,0.000
404.880,0.000,0.138,0.015,0.000
404.900,0.000,0.139,0.015,0.000
404.920,0.000,0.135,0.015,0.000
404.940,0.000,0.141,0.015,0.000
404.960,0.000,0.132,0.015,0.000
404.980,0.000,0.140,0.015,0.000
405.000,0.000,0.136,0.015,0.000
405.020,0.000,0.140,0.015,0.000
405.040,0.000,0.132,0.015,0.000
405.060,0.000,0.139,0.015,0.000
405.080,0.000,0.132,0.015,0.000
405.100,0.000,0.137,0.015,0.000
405.120,0.000,0.135,0.015,0.000
405.140,0.000,0.138,0.015,0.000
405.160,0.000,0.133,0.015,0.000
405.180,0.000,0.134,0.015,0.000
405.200,0.000,0.132,0.015,0.000
405.220,0.000,0.134,0.015,0.000
405.240,0.000,0.132,0.015,0.000
405.260,0.000,0.133,0.015,0.000
405.280,0.000,0.132,0.015,0.000
405.300,0.000,0.133,0.015,0.000
405.320,0.000,0.133,0.015,0.000
405.340,0.000,0.132,0.015,0.000
405.360,0.000,0.134,0.015,0.000
405.380,0.000,0.132,0.015,0.000
405.400,0.000,0.132,0.015,0.000
405.420,0.000,0.133,0.015,0.000
405.440,0.000,0.132,0.015,0.000
405.460,0.000,0.132,0.015,0.000
405.480,0.000,0.132,0.015,0.000
405.500,0.000,0.132,0.015,0.000
405.520,0.000,0.136,0.015,0.000
405.540,0.000,0.132,0.015,0.000
405.560,0.000,0.134,0.015,0.000
405.580,0.000,0.132,0.015,0.000
405.600,0.000,0.133,0.015,0.000
405.620,0.000,0.132,0.015,0.000
405.640,0.000,0.132,0.015,0.000
405.660,0.000,0.133,0.015,0.000
405.680,0.000,0.133,0.015,0.000
405.700,0.000,0.132,0.015,0.000
405.720,0.000,0.133,0.015,0.000
405.740,0.000,0.132,0.015,0.000
405.760,0.000,0.133,0.015,0.000
405.780,0.000,0.133,0.015,0.000
405.800,0.000,0.133,0.015,0.000
405.820,0.000,0.135,0.015,0.000
405.840,0.000,0.132,0.015,0.000
405.860,0.000,0.133,0.015,0.000
405.880,0.000,0.132,0.015,0.000
405.900,0.000,0.133,0.015,0.000
405.920,0.000,0.132,0.015,0.000
405.940,0.000,0.133,0.015,0.000
405.960,0.000,0.135,0.015,0.000
405.980,0.000,0.133,0.015,0.000
406.000,0.000,0.132,0.015,0.000
406.020,0.000,0.133,0.015,0.000
406.040,0.000,0.133,0.015,0.000
406.060,0.000,0.133,0.015,0.000
406.080,0.000,0.133,0.015,0.000
406.100,0.000,0.134,0.015,0.000
406.120,0.000,0.132,0.015,0.000
406.140,0.000,0.132,0.015,0.000
406.160,0.000,0.134,0.015,0.000
406.180,0.000,0.132,0.015,0.000
406.200,0.000,0.133,0.015,0.000
406.220,0.000,0.132,0.015,0.000
406.240,0.000,0.135,0.015,0.000
406.260,0.000,0.132,0.015,0.000
406.280,0.000,0.132,0.015,0.000
406.300,0.000,0.133,0.015,0.000
406.320,0.000,0.134,0.015,0.000
406.340,0.000,0.132,0.015,0.000
406.360,0.000,0.134,0.015,0.000
406.380,0.000,0.133,0.015,0.000
406.400,0.000,0.135,0.015,0.000
406.420,0.000,0.132,0.015,0.000
406.440,0.000,0.134,0.015,0.000
406.460,0.000,0.132,0.015,0.000
406.480,0.000,0.132,0.015,0.000
406.500,0.000,0.135,0.015,0.000
406.520,0.000,0.137,0.015,0.000
406.540,0.000,0.137,0.015,0.000
406.560,0.000,0.138,0.015,0.000
406.580,0.000,0.133,0.015,0.000
406.600,0.000,0.137,0.015,0.000
406.620,0.000,0.133,0.015,0.000
406.640,0.000,0.138,0.015,0.000
406.660,0.000,0.136,0.015,0.000
406.680,0.000,0.137,0.015,0.000
406.700,0.000,0.136,0.015,0.000
406.720,0.000,0.138,0.015,0.000
406.740,0.000,0.137,0.015,0.000
406.760,0.000,0.141,0.015,0.000
406.780,0.000,0.135,0.015,0.000
406.800,0.000,0.137,0.015,0.000
406.820,0.000,0.141,0.015,0.000
406.840,0.000,0.135,0.015,0.000
406.860,0.000,0.141,0.015,0.000
406.880,0.000,0.139,0.015,0.000
406.900,0.000,0.138,0.015,0.000
406.920,0.000,0.137,0.015,0.000
406.940,0.000,0.141,0.015,0.000
406.960,0.000,0.138,0.015,0.000
406.980,0.000,0.142,0.015,0.000
407.000,0.000,0.141,0.015,0.000
407.020,0.000,0.141,0.015,0.000
407.040,0.000,0.139,0.015,0.000
407.060,0.000,0.141,0.015,0.000
407.080,0.000,0.137,0.015,0.000
407.100,0.000,0.138,0.015,0.000
407.120,0.000,0.139,0.015,0.000
407.140,0.000,0.136,0.015,0.000
407.160,0.000,0.141,0.015,0.000
407.180,0.000,0.138,0.015,0.000
407.200,0.000,0.134,0.015,0.000
407.220,0.000,0.134,0.015,0.000
407.240,0.000,0.134,0.015,0.000
407.260,0.000,0.136,0.015,0.000
407.280,0.000,0.137,0.015,0.000
407.300,0.000,0.134,0.015,0.000
407.320,0.000,0.133,0.015,0.000
407.340,0.000,0.136,0.015,0.000
407.360,0.000,0.132,0.015,0.000
407.380,0.000,0.136,0.015,0.000
407.400,0.000,0.134,0.015,0.000
407.420,0.000,0.134,0.015,0.000
407.440,0.000,0.133,0.015,0.000
407.460,0.000,0.133,0.015,0.000
407.480,0.000,0.133,0.015,0.000
407.500,0.000,0.135,0.015,0.000
407.520,0.000,0.132,0.015,0.000
407.540,0.000,0.132,0.015,0.000
407.560,0.000,0.133,0.015,0.000
407.580,0.000,0.133,0.015,0.000
407.600,0.000,0.134,0.015,0.000
407.620,0.000,0.134,0.015,0.000
407.640,0.000,0.136,0.015,0.000
407.660,0.000,0.133,0.015,0.000
407.680,0.000,0.135,0.015,0.000
407.700,0.000,0.133,0.015,0.000
407.720,0.000,0.134,0.015,0.000
407.740,0.000,0.132,0.015,0.000
407.760,0.000,0.132,0.015,0.000
407.780,0.000,0.133,0.015,0.000
407.800,0.000,0.132,0.015,0.000
407.820,0.000,0.132,0.015,0.000
407.840,0.000,0.132,0.015,0.000
407.860,0.000,0.134,0.015,0.000
407.880,0.000,0.133,0.015,0.000
407.900,0.000,0.132,0.015,0.000
407.920,0.000,0.133,0.015,0.000
407.940,0.000,0.132,0.015,0.000
407.960,0.000,0.134,0.015,0.000
407.980,0.000,0.132,0.015,0.000
408.000,0.000,0.133,0.015,0.000
408.020,0.000,0.133,0.015,0.000
408.040,0.000,0.132,0.015,0.000
408.060,0.000,0.132,0.015,0.000
408.080,0.000,0.132,0.015,0.000
408.100,0.000,0.134,0.015,0.000
408.120,0.000,0.132,0.015,0.000
408.140,0.000,0.133,0.015,0.000
408.160,0.000,0.132,0.015,0.000
408.180,0.000,0.133,0.015,0.000
408.200,0.000,0.134,0.015,0.000
408.220,0.000,0.132,0.015,0.000
408.240,0.000,0.133,0.015,0.000
408.260,0.000,0.133,0.015,0.000
408.280,0.000,0.132,0.015,0.000
408.300,0.000,0.133,0.015,0.000
408.320,0.000,0.133,0.015,0.000
408.340,0.000,0.133,0.015,0.000
408.360,0.000,0.133,0.015,0.000
408.380,0.000,0.132,0.015,0.000
408.400,0.000,0.132,0.015,0.000
408.420,0.000,0.133,0.015,0.000
408.440,0.000,0.133,0.015,0.000
408.460,0.000,0.133,0.015,0.000
408.480,0.000,0.132,0.015,0.000
408.500,0.000,0.133,0.015,0.000
408.520,0.000,0.133,0.015,0.000
408.540,0.000,0.136,0.015,0.000
408.560,0.000,0.132,0.015,0.000
408.580,0.000,0.135,0.015,0.000
408.600,0.000,0.132,0.014,0.000
408.620,0.000,0.133,0.014,0.000
408.640,0.000,0.132,0.014,0.000
408.660,0.000,0.137,0.014,0.000
408.680,0.000,0.133,0.014,0.000
408.700,0.000,0.134,0.014,0.000
408.720,0.000,0.134,0.014,0.000
408.740,0.000,0.134,0.014,0.000
408.760,0.000,0.134,0.014,0.000
408.780,0.000,0.135,0.014,0.000
408.800,0.000,0.137,0.014,0.000
408.820,0.000,0.136,0.014,0.000
408.840,0.000,0.141,0.014,0.000
408.860,0.000,0.140,0.014,0.000
408.880,0.000,0.141,0.014,0.000
408.900,0.000,0.138,0.014,0.000
408.920,0.000,0.142,0.014,0.000
408.940,0.000,0.137,0.014,0.000
408.960,0.000,0.138,0.014,0.000
408.980,0.000,0.141,0.014,0.000
409.000,0.000,0.140,0.014,0.000
409.020,0.000,0.140,0.014,0.000
409.040,0.000,0.141,0.014,0.000
409.060,0.000,0.140,0.014,0.000
409.080,0.000,0.138,0.014,0.000
409.100,0.000,0.141,0.011,0.000
409.120,0.000,0.140,0.011,0.000
409.140,0.000,0.139,0.011,0.000
409.160,0.000,0.137,0.011,0.000
409.180,0.000,0.137,0.011,0.000
409.200,0.000,0.136,0.011,0.000
409.220,0.000,0.140,0.011,0.000
409.240,0.000,0.138,0.010,0.000
409.260,0.000,0.136,0.010,0.000
409.280,0.000,0.135,0.010,0.000
409.300,0.000,0.135,0.010,0.000
409.320,0.000,0.134,0.010,0.000
409.340,0.000,0.137,0.010,0.000
409.360,0.000,0.133,0.010,0.000
409.380,0.000,0.137,0.010,0.000
409.400,0.000,0.133,0.010,0.000
409.420,0.000,0.138,0.010,0.000
409.440,0.000,0.136,0.010,0.000
409.460,0.000,0.137,0.010,0.000
409.480,0.000,0.137,0.010,0.000
409.500,0.000,0.139,0.010,0.000
409.520,0.000,0.133,0.010,0.000
409.540,0.000,0.137,0.010,0.000
409.560,0.000,0.134,0.010,0.000
409.580,0.000,0.134,0.010,0.000
409.600,0.000,0.135,0.010,0.000
409.620,0.000,0.135,0.010,0.000
409.640,0.000,0.133,0.010,0.000
409.660,0.000,0.133,0.010,0.000
409.680,0.000,0.132,0.010,0.000
409.700,0.000,0.134,0.010,0.000
409.720,0.000,0.137,0.010,0.000
409.740,0.000,0.133,0.010,0.000
409.760,0.000,0.137,0.010,0.000
409.780,0.000,0.133,0.010,0.000
409.800,0.000,0.133,0.010,0.000
409.820,0.000,0.133,0.010,0.000
409.840,0.000,0.134,0.010,0.000
409.860,0.000,0.134,0.010,0.000
409.880,0.000,0.136,0.010,0.000
409.900,0.000,0.132,0.010,0.000
409.920,0.000,0.136,0.010,0.000
409.940,0.000,0.132,0.010,0.000
409.960,0.000,0.136,0.010,0.000
409.980,0.000,0.134,0.010,0.000
410.000,0.000,0.134,0.010,0.000
410.020,0.000,0.134,0.010,0.000
410.040,0.000,0.132,0.010,0.000
410.060,0.000,0.133,0.010,0.000
410.080,0.000,0.132,0.010,0.000
410.100,0.000,0.133,0.010,0.000
410.120,0.000,0.132,0.010,0.000
410.140,0.000,0.137,0.010,0.000
410.160,0.000,0.132,0.010,0.000
410.180,0.000,0.133,0.010,0.000
410.200,0.000,0.132,0.010,0.000
410.220,0.000,0.134,0.010,0.000
410.240,0.000,0.133,0.010,0.000
410.260,0.000,0.133,0.010,0.000
410.280,0.000,0.133,0.010,0.000
410.300,0.000,0.132,0.010,0.000
410.320,0.000,0.133,0.010,0.000
410.340,0.000,0.132,0.010,0.000
410.360,0.000,0.132,0.010,0.000
410.380,0.000,0.132,0.010,0.000
410.400,0.000,0.132,0.010,0.000
410.420,0.000,0.132,0.010,0.000
410.440,0.000,0.133,0.010,0.000
410.460,0.000,0.132,0.010,0.000
410.480,0.000,0.133,0.010,0.000
410.500,0.000,0.132,0.010,0.000
410.520,0.000,0.132,0.010,0.000
410.540,0.000,0.132,0.010,0.000
410.560,0.000,0.133,0.010,0.000
410.580,0.000,0.133,0.010,0.000
410.600,0.000,0.132,0.010,0.000
410.620,0.000,0.133,0.010,0.000
410.640,0.000,0.133,0.010,0.000
410.660,0.000,0.133,0.010,0.000
410.680,0.000,0.133,0.010,0.000
410.700,0.000,0.133,0.010,0.000
410.720,0.000,0.132,0.010,0.000
410.740,0.000,0.134,0.010,0.000
410.760,0.000,0.132,0.010,0.000
410.780,0.000,0.134,0.010,0.000
410.800,0.000,0.133,0.010,0.000
410.820,0.000,0.136,0.010,0.000
410.840,0.000,0.134,0.010,0.000
410.860,0.000,0.136,0.010,0.000
410.880,0.000,0.133,0.010,0.000
410.900,0.000,0.134,0.010,0.000
410.920,0.000,0.134,0.010,0.000
410.940,0.000,0.134,0.010,0.000
410.960,0.000,0.136,0.010,0.000
410.980,0.000,0.134,0.010,0.000
411.000,0.000,0.137,0.010,0.000
411.020,0.000,0.134,0.010,0.000
411.040,0.000,0.136,0.010,0.000
411.060,0.000,0.136,0.010,0.000
411.080,0.000,0.137,0.010,0.000
411.100,0.000,0.133,0.010,0.000
411.120,0.000,0.135,0.010,0.000
411.140,0.000,0.132,0.010,0.000
411.160,0.000,0.141,0.010,0.000
411.180,0.000,0.137,0.010,0.000
411.200,0.000,0.139,0.010,0.000
411.220,0.000,0.137,0.010,0.000
411.240,0.000,0.141,0.010,0.000
411.260,0.000,0.135,0.010,0.000
411.280,0.000,0.140,0.010,0.000
411.300,0.000,0.135,0.010,0.000
411.320,0.000,0.137,0.010,0.000
411.340,0.000,0.139,0.010,0.000
411.360,0.000,0.140,0.010,0.000
411.380,0.000,0.136,0.010,0.000
411.400,0.000,0.137,0.010,0.000
411.420,0.000,0.135,0.010,0.000
411.440,0.000,0.134,0.010,0.000
411.460,0.000,0.139,0.010,0.000
411.480,0.000,0.137,0.010,0.000
411.500,0.000,0.141,0.010,0.000
411.520,0.000,0.142,0.010,0.000
411.540,0.000,0.141,0.010,0.000
411.560,0.000,0.137,0.010,0.000
411.580,0.000,0.142,0.010,0.000
411.600,0.000,0.139,0.010,0.000
411.620,0.000,0.137,0.010,0.000
411.640,0.000,0.134,0.010,0.000
411.660,0.000,0.137,0.010,0.000
411.680,0.000,0.137,0.010,0.000
411.700,0.000,0.137,0.010,0.000
411.720,0.000,0.133,0.010,0.000
411.740,0.000,0.135,0.010,0.000
411.760,0.000,0.135,0.010,0.000
411.780,0.000,0.134,0.010,0.000
411.800,0.000,0.139,0.010,0.000
411.820,0.000,0.138,0.010,0.000
411.840,0.000,0.133,0.010,0.000
411.860,0.000,0.134,0.010,0.000
411.880,0.000,0.138,0.010,0.000
411.900,0.000,0.132,0.010,0.000
411.920,0.000,0.138,0.010,0.000
411.940,0.000,0.133,0.010,0.000
411.960,0.000,0.140,0.010,0.000
411.980,0.000,0.134,0.010,0.000
412.000,0.000,0.137,0.010,0.000
412.020,0.000,0.134,0.010,0.000
412.040,0.000,0.136,0.010,0.000
412.060,0.000,0.132,0.010,0.000
412.080,0.000,0.136,0.010,0.000
412.100,0.000,0.133,0.010,0.000
412.120,0.000,0.136,0.010,0.000
412.140,0.000,0.134,0.010,0.000
412.160,0.000,0.135,0.010,0.000
412.180,0.000,0.135,0.010,0.000
412.200,0.000,0.134,0.010,0.000
412.220,0.000,0.135,0.010,0.000
412.240,0.000,0.133,0.010,0.000
412.260,0.000,0.137,0.010,0.000
412.280,0.000,0.133,0.010,0.000
412.300,0.000,0.134,0.010,0.000
412.320,0.000,0.134,0.010,0.000
412.340,0.000,0.134,0.010,0.000
412.360,0.000,0.132,0.010,0.000
412.380,0.000,0.134,0.010,0.000
412.400,0.000,0.132,0.010,0.000
412.420,0.000,0.134,0.010,0.000
412.440,0.000,0.132,0.010,0.000
412.460,0.000,0.133,0.010,0.000
412.480,0.000,0.133,0.010,0.000
412.500,0.000,0.132,0.010,0.000
412.520,0.000,0.133,0.010,0.000
412.540,0.000,0.132,0.010,0.000
412.560,0.000,0.133,0.010,0.000
412.580,0.000,0.132,0.010,0.000
412.600,0.000,0.132,0.010,0.000
412.620,0.000,0.132,0.010,0.000
412.640,0.000,0.132,0.010,0.000
412.660,0.000,0.132,0.010,0.000
412.680,0.000,0.132,0.010,0.000
412.700,0.000,0.132,0.010,0.000
412.720,0.000,0.133,0.010,0.000
412.740,0.000,0.133,0.010,0.000
412.760,0.000,0.133,0.010,0.000
412.780,0.000,0.133,0.010,0.000
412.800,0.000,0.133,0.010,0.000
412.820,0.000,0.133,0.010,0.000
412.840,0.000,0.132,0.010,0.000
412.860,0.000,0.133,0.010,0.000
412.880,0.000,0.132,0.010,0.000
412.900,0.000,0.133,0.010,0.000
412.920,0.000,0.133,0.010,0.000
412.940,0.000,0.133,0.010,0.000
412.960,0.000,0.133,0.010,0.000
412.980,0.000,0.133,0.010,0.000
413.000,0.000,0.133,0.010,0.000
413.020,0.000,0.133,0.010,0.000
413.040,0.000,0.133,0.010,0.000
413.060,0.000,0.133,0.010,0.000
413.080,0.000,0.133,0.010,0.000
413.100,0.000,0.137,0.010,0.000
413.120,0.000,0.133,0.010,0.000
413.140,0.000,0.134,0.010,0.000
413.160,0.000,0.133,0.010,0.000
413.180,0.000,0.132,0.010,0.000
413.200,0.000,0.134,0.010,0.000
413.220,0.000,0.133,0.010,0.000
413.240,0.000,0.136,0.010,0.000
413.260,0.000,0.134,0.010,0.000
413.280,0.000,0.133,0.010,0.000
413.300,0.000,0.137,0.010,0.000
413.320,0.000,0.133,0.010,0.000
413.340,0.000,0.135,0.010,0.000
413.360,0.000,0.136,0.010,0.000
413.380,0.000,0.135,0.010,0.000
413.400,0.000,0.135,0.010,0.000
413.420,0.000,0.137,0.010,0.000
413.440,0.000,0.137,0.010,0.000
413.460,0.000,0.133,0.010,0.000
413.480,0.000,0.140,0.010,0.000
413.500,0.000,0.134,0.010,0.000
413.520,0.000,0.139,0.010,0.000
413.540,0.000,0.138,0.010,0.000
413.560,0.000,0.141,0.010,0.000
413.580,0.000,0.136,0.010,0.000
413.600,0.000,0.140,0.010,0.000
413.620,0.000,0.137,0.010,0.000
413.640,0.000,0.140,0.010,0.000
413.660,0.000,0.135,0.010,0.000
413.680,0.000,0.141,0.010,0.000
413.700,0.000,0.136,0.010,0.000
413.720,0.000,0.137,0.010,0.000
413.740,0.000,0.135,0.010,0.000
413.760,0.000,0.139,0.010,0.000
413.780,0.000,0.135,0.010,0.000
413.800,0.000,0.141,0.010,0.000
413.820,0.000,0.135,0.010,0.000
413.840,0.000,0.135,0.010,0.000
413.860,0.000,0.135,0.010,0.000
413.880,0.000,0.137,0.010,0.000
413.900,0.000,0.140,0.010,0.000
413.920,0.000,0.136,0.010,0.000
413.940,0.000,0.135,0.010,0.000
413.960,0.000,0.134,0.010,0.000
413.980,0.000,0.138,0.010,0.000
414.000,0.000,0.135,0.010,0.000
414.020,0.000,0.141,0.010,0.000
414.040,0.000,0.139,0.010,0.000
414.060,0.000,0.141,0.010,0.000
414.080,0.000,0.137,0.010,0.000
414.100,0.000,0.141,0.010,0.000
414.120,0.000,0.136,0.010,0.000
414.140,0.000,0.141,0.010,0.000
414.160,0.000,0.137,0.010,0.000
414.180,0.000,0.137,0.010,0.000
414.200,0.000,0.139,0.010,0.000
414.220,0.000,0.137,0.010,0.000
414.240,0.000,0.137,0.010,0.000
414.260,0.000,0.137,0.010,0.000
414.280,0.000,0.133,0.010,0.000
414.300,0.000,0.134,0.010,0.000
414.320,0.000,0.137,0.010,0.000
414.340,0.000,0.134,0.010,0.000
414.360,0.000,0.134,0.010,0.000
414.380,0.000,0.133,0.010,0.000
414.400,0.000,0.134,0.010,0.000
414.420,0.000,0.134,0.010,0.000
414.440,0.000,0.132,0.010,0.000
414.460,0.000,0.134,0.010,0.000
414.480,0.000,0.135,0.010,0.000
414.500,0.000,0.132,0.010,0.000
414.520,0.000,0.133,0.010,0.000
414.540,0.000,0.133,0.010,0.000
414.560,0.000,0.132,0.010,0.000
414.580,0.000,0.134,0.010,0.000
414.600,0.000,0.132,0.010,0.000
414.620,0.000,0.132,0.010,0.000
414.640,0.000,0.132,0.010,0.000
414.660,0.000,0.132,0.010,0.000
414.680,0.000,0.132,0.010,0.000
414.700,0.000,0.132,0.010,0.000
414.720,0.000,0.132,0.010,0.000
414.740,0.000,0.134,0.010,0.000
414.760,0.000,0.132,0.010,0.000
414.780,0.000,0.133,0.010,0.000
414.800,0.000,0.133,0.010,0.000
414.820,0.000,0.132,0.010,0.000
414.840,0.000,0.132,0.010,0.000
414.860,0.000,0.133,0.010,0.000
414.880,0.000,0.132,0.010,0.000
414.900,0.000,0.132,0.010,0.000
414.920,0.000,0.132,0.010,0.000
414.940,0.000,0.132,0.010,0.000
414.960,0.000,0.133,0.010,0.000
414.980,0.000,0.132,0.010,0.000
415.000,0.000,0.133,0.010,0.000
415.020,0.000,0.133,0.010,0.000
415.040,0.000,0.133,0.010,0.000
415.060,0.000,0.133,0.010,0.000
415.080,0.000,0.132,0.010,0.000
415.100,0.000,0.133,0.010,0.000
415.120,0.000,0.132,0.010,0.000
415.140,0.000,0.133,0.010,0.000
415.160,0.000,0.133,0.010,0.000
415.180,0.000,0.132,0.010,0.000
415.200,0.000,0.133,0.010,0.000
415.220,0.000,0.133,0.010,0.000
415.240,0.000,0.133,0.010,0.000
415.260,0.000,0.133,0.010,0.000
415.280,0.000,0.133,0.010,0.000
415.300,0.000,0.132,0.010,0.000
415.320,0.000,0.134,0.010,0.000
415.340,0.000,0.133,0.010,0.000
415.360,0.000,0.133,0.010,0.000
415.380,0.000,0.136,0.010,0.000
415.400,0.000,0.132,0.010,0.000
415.420,0.000,0.134,0.010,0.000
415.440,0.000,0.132,0.010,0.000
415.460,0.000,0.134,0.010,0.000
415.480,0.000,0.133,0.010,0.000
415.500,0.000,0.134,0.010,0.000
415.520,0.000,0.132,0.010,0.000
415.540,0.000,0.137,0.010,0.000
415.560,0.000,0.133,0.010,0.000
415.580,0.000,0.136,0.010,0.000
415.600,0.000,0.135,0.010,0.000
415.620,0.000,0.134,0.010,0.000
415.640,0.000,0.132,0.010,0.000
415.660,0.000,0.137,0.010,0.000
415.680,0.000,0.135,0.010,0.000
415.700,0.000,0.137,0.010,0.000
415.720,0.000,0.135,0.010,0.000
415.740,0.000,0.134,0.010,0.000
415.760,0.000,0.135,0.010,0.000
415.780,0.000,0.136,0.010,0.000
415.800,0.000,0.132,0.010,0.000
415.820,0.000,0.133,0.010,0.000
415.840,0.000,0.136,0.010,0.000
415.860,0.000,0.132,0.010,0.000
415.880,0.000,0.134,0.010,0.000
415.900,0.000,0.136,0.010,0.000
415.920,0.000,0.137,0.010,0.000
415.940,0.000,0.137,0.010,0.000
415.960,0.000,0.137,0.010,0.000
415.980,0.000,0.139,0.010,0.000
416.000,0.000,0.137,0.010,0.000
416.020,0.000,0.138,0.010,0.000
416.040,0.000,0.137,0.010,0.000
416.060,0.000,0.137,0.010,0.000
416.080,0.000,0.135,0.010,0.000
416.100,0.000,0.140,0.010,0.000
416.120,0.000,0.137,0.010,0.000
416.140,0.000,0.140,0.010,0.000
416.160,0.000,0.138,0.010,0.000
416.180,0.000,0.141,0.010,0.000
416.200,0.000,0.136,0.010,0.000
416.220,0.000,0.141,0.010,0.000
416.240,0.000,0.137,0.010,0.000
416.260,0.000,0.140,0.010,0.000
416.280,0.000,0.140,0.010,0.000
416.300,0.000,0.137,0.010,0.000
416.320,0.000,0.136,0.010,0.000
416.340,0.000,0.137,0.010,0.000
416.360,0.000,0.134,0.010,0.000
416.380,0.000,0.137,0.010,0.000
416.400,0.000,0.137,0.010,0.000
416.420,0.000,0.138,0.010,0.000
416.440,0.000,0.137,0.010,0.000
416.460,0.000,0.133,0.010,0.000
416.480,0.000,0.137,0.010,0.000
416.500,0.000,0.138,0.010,0.000
416.520,0.000,0.134,0.010,0.000
416.540,0.000,0.135,0.010,0.000
416.560,0.000,0.135,0.010,0.000
416.580,0.000,0.134,0.009,0.000
416.600,0.000,0.137,0.009,0.000
416.620,0.000,0.136,0.009,0.000
416.640,0.000,0.135,0.009,0.000
416.660,0.000,0.135,0.009,0.000
416.680,0.000,0.135,0.009,0.000
416.700,0.000,0.132,0.009,0.000
416.720,0.000,0.132,0.009,0.000
416.740,0.000,0.135,0.009,0.000
416.760,0.000,0.133,0.009,0.000
416.780,0.000,0.135,0.009,0.000
416.800,0.000,0.135,0.009,0.000
416.820,0.000,0.134,0.009,0.000
416.840,0.000,0.132,0.009,0.000
416.860,0.000,0.134,0.009,0.000
416.880,0.000,0.132,0.009,0.000
416.900,0.000,0.134,0.009,0.000
416.920,0.000,0.133,0.009,0.000
416.940,0.000,0.133,0.009,0.000
416.960,0.000,0.132,0.009,0.000
416.980,0.000,0.132,0.009,0.000
417.000,0.000,0.133,0.009,0.000
417.020,0.000,0.133,0.009,0.000
417.040,0.000,0.133,0.009,0.000
417.060,0.000,0.133,0.009,0.000
417.080,0.000,0.132,0.009,0.000
417.100,0.000,0.135,0.009,0.000
417.120,0.000,0.133,0.009,0.000
417.140,0.000,0.132,0.009,0.000
417.160,0.000,0.134,0.009,0.000
417.180,0.000,0.132,0.009,0.000
417.200,0.000,0.133,0.009,0.000
417.220,0.000,0.134,0.009,0.000
417.240,0.000,0.134,0.009,0.000
417.260,0.000,0.132,0.009,0.000
417.280,0.000,0.132,0.009,0.000
417.300,0.000,0.132,0.009,0.000
417.320,0.000,0.133,0.009,0.000
417.340,0.000,0.132,0.009,0.000
417.360,0.000,0.133,0.009,0.000
417.380,0.000,0.133,0.009,0.000
417.400,0.000,0.132,0.009,0.000
417.420,0.000,0.132,0.009,0.000
417.440,0.000,0.132,0.009,0.000
417.460,0.000,0.132,0.009,0.000
417.480,0.000,0.132,0.009,0.000
417.500,0.000,0.132,0.009,0.000
417.520,0.000,0.132,0.009,0.000
417.540,0.000,0.132,0.009,0.000
417.560,0.000,0.132,0.009,0.000
417.580,0.000,0.132,0.009,0.000
417.600,0.000,0.132,0.009,0.000
417.620,0.000,0.132,0.009,0.000
417.640,0.000,0.132,0.009,0.000
417.660,0.000,0.132,0.009,0.000
417.680,0.000,0.132,0.009,0.000
417.700,0.000,0.133,0.009,0.000
417.720,0.000,0.131,0.010,0.000
417.740,0.000,0.133,0.010,0.000
417.760,0.000,0.133,0.010,0.000
417.780,0.000,0.134,0.010,0.000
417.800,0.000,0.133,0.010,0.000
417.820,0.000,0.132,0.010,0.000
417.840,0.000,0.135,0.010,0.000
417.860,0.000,0.132,0.010,0.000
417.880,0.000,0.134,0.010,0.000
417.900,0.000,0.133,0.010,0.000
417.920,0.000,0.132,0.010,0.000
417.940,0.000,0.132,0.010,0.000
417.960,0.000,0.133,0.010,0.000
417.980,0.000,0.135,0.010,0.000
418.000,0.000,0.137,0.010,0.000
418.020,0.000,0.132,0.010,0.000
418.040,0.000,0.137,0.010,0.000
418.060,0.000,0.135,0.010,0.000
418.080,0.000,0.137,0.010,0.000
418.100,0.000,0.133,0.010,0.000
418.120,0.000,0.137,0.010,0.000
418.140,0.000,0.138,0.010,0.000
418.160,0.000,0.139,0.010,0.000
418.180,0.000,0.136,0.010,0.000
418.200,0.000,0.137,0.010,0.000
418.220,0.000,0.137,0.010,0.000
418.240,0.000,0.138,0.010,0.000
418.260,0.000,0.138,0.010,0.000
418.280,0.000,0.137,0.010,0.000
418.300,0.000,0.138,0.010,0.000
418.320,0.000,0.137,0.010,0.000
418.340,0.000,0.138,0.010,0.000
418.360,0.000,0.139,0.010,0.000
418.380,0.000,0.141,0.010,0.000
418.400,0.000,0.140,0.010,0.000
418.420,0.000,0.140,0.010,0.000
418.440,0.000,0.140,0.010,0.000
418.460,0.000,0.137,0.010,0.000
418.480,0.000,0.137,0.010,0.000
418.500,0.000,0.137,0.010,0.000
418.520,0.000,0.137,0.010,0.000
418.540,0.000,0.138,0.010,0.000
418.560,0.000,0.137,0.010,0.000
418.580,0.000,0.137,0.010,0.000
418.600,0.000,0.139,0.010,0.000
418.620,0.000,0.136,0.010,0.000
418.640,0.000,0.137,0.010,0.000
418.660,0.000,0.137,0.010,0.000
418.680,0.000,0.137,0.010,0.000
418.700,0.000,0.137,0.010,0.000
418.720,0.000,0.136,0.010,0.000
418.740,0.000,0.137,0.010,0.000
418.760,0.000,0.137,0.010,0.000
418.780,0.000,0.138,0.010,0.000
418.800,0.000,0.135,0.010,0.000
418.820,0.000,0.137,0.010,0.000
418.840,0.000,0.137,0.010,0.000
418.860,0.000,0.134,0.010,0.000
418.880,0.000,0.137,0.010,0.000
418.900,0.000,0.137,0.010,0.000
418.920,0.000,0.136,0.010,0.000
418.940,0.000,0.133,0.010,0.000
418.960,0.000,0.136,0.010,0.000
418.980,0.000,0.133,0.010,0.000
419.000,0.000,0.138,0.010,0.000
419.020,0.000,0.132,0.010,0.000
419.040,0.000,0.137,0.010,0.000
419.060,0.000,0.132,0.010,0.000
419.080,0.000,0.141,0.010,0.000
419.100,0.000,0.133,0.010,0.000
419.120,0.000,0.137,0.010,0.000
419.140,0.000,0.133,0.010,0.000
419.160,0.000,0.136,0.010,0.000
419.180,0.000,0.135,0.010,0.000
419.200,0.000,0.137,0.010,0.000
419.220,0.000,0.137,0.010,0.000
419.240,0.000,0.136,0.010,0.000
419.260,0.000,0.134,0.010,0.000
419.280,0.000,0.132,0.010,0.000
419.300,0.000,0.134,0.010,0.000
419.320,0.000,0.133,0.010,0.000
419.340,0.000,0.133,0.010,0.000
419.360,0.000,0.133,0.010,0.000
419.380,0.000,0.136,0.010,0.000
419.400,0.000,0.132,0.010,0.000
419.420,0.000,0.134,0.010,0.000
419.440,0.000,0.132,0.010,0.000
419.460,0.000,0.135,0.010,0.000
419.480,0.000,0.132,0.010,0.000
419.500,0.000,0.135,0.010,0.000
419.520,0.000,0.132,0.010,0.000
419.540,0.000,0.134,0.010,0.000
419.560,0.000,0.132,0.010,0.000
419.580,0.000,0.132,0.010,0.000
419.600,0.000,0.132,0.010,0.000
419.620,0.000,0.132,0.010,0.000
419.640,0.000,0.132,0.010,0.000
419.660,0.000,0.132,0.010,0.000
419.680,0.000,0.132,0.010,0.000
419.700,0.000,0.132,0.010,0.000
419.720,0.000,0.132,0.010,0.000
419.740,0.000,0.131,0.010,0.000
419.760,0.000,0.133,0.010,0.000
419.780,0.000,0.130,0.010,0.000
419.800,0.000,0.133,0.010,0.000
419.820,0.000,0.132,0.010,0.000
419.840,0.000,0.134,0.010,0.000
419.860,0.000,0.132,0.010,0.000
419.880,0.000,0.132,0.010,0.000
419.900,0.000,0.132,0.010,0.000
419.920,0.000,0.132,0.010,0.000
419.940,0.000,0.132,0.010,0.000
419.960,0.000,0.133,0.010,0.000
419.980,0.000,0.132,0.010,0.000
420.000,0.000,0.132,0.010,0.000
420.020,0.000,0.132,0.010,0.000
420.040,0.000,0.136,0.010,0.000
420.060,0.000,0.134,0.010,0.000
420.080,0.000,0.134,0.010,0.000
420.100,0.000,0.133,0.010,0.000
420.120,0.000,0.132,0.010,0.000
420.140,0.000,0.134,0.010,0.000
420.160,0.000,0.134,0.010,0.000
420.180,0.000,0.134,0.010,0.000
420.200,0.000,0.132,0.010,0.000
420.220,0.000,0.133,0.010,0.000
420.240,0.000,0.136,0.010,0.000
420.260,0.000,0.133,0.010,0.000
420.280,0.000,0.136,0.010,0.000
420.300,0.000,0.137,0.010,0.000
420.320,0.000,0.135,0.010,0.000
420.340,0.000,0.136,0.010,0.000
