Tempo,Forzante,Pendolo,Ampiezza,Fase
0.000,-28.061,-0.015,0.678,94.248
0.020,-30.041,0.016,0.678,94.071
0.040,-31.635,0.057,0.678,93.858
0.060,-32.701,0.094,0.678,93.619
0.080,-33.281,0.136,0.678,93.368
0.100,-33.434,0.171,0.678,93.119
0.120,-33.064,0.212,0.678,92.886
0.140,-32.262,0.253,0.678,92.681
0.160,-30.961,0.294,0.678,92.515
0.180,-29.150,0.324,0.678,92.399
0.200,-26.977,0.357,0.678,92.337
0.220,-24.375,0.385,0.678,92.329
0.240,-21.416,0.414,0.678,92.380
0.260,-18.123,0.439,0.678,92.482
0.280,-14.619,0.454,0.678,92.632
0.300,-10.852,0.471,0.678,92.816
0.320,-6.920,0.476,0.678,93.028
0.340,-2.912,0.485,0.678,93.249
0.360,1.148,0.481,0.678,93.469
0.380,5.191,0.478,0.678,93.674
0.400,9.146,0.464,0.678,93.849
0.420,13.014,0.446,0.678,93.985
0.440,16.670,0.428,0.678,94.071
0.460,20.074,0.405,0.678,94.105
0.480,23.209,0.374,0.678,94.082
0.500,26.010,0.348,0.678,94.002
0.520,28.395,0.311,0.678,93.870
0.540,30.381,0.275,0.678,93.695
0.560,31.934,0.236,0.678,93.483
0.580,33.023,0.199,0.678,93.248
0.600,33.639,0.154,0.678,93.001
0.620,33.785,0.118,0.678,92.758
0.640,33.428,0.075,0.678,92.531
0.660,32.584,0.040,0.678,92.334
0.680,31.277,0.002,0.678,92.178
0.700,29.537,-0.040,0.678,92.070
0.720,27.375,-0.066,0.678,92.022
0.740,24.773,-0.100,0.678,92.028
0.760,21.832,-0.125,0.678,92.096
0.780,18.598,-0.145,0.678,92.217
0.800,15.059,-0.168,0.678,92.388
0.820,11.314,-0.172,0.678,92.597
0.840,7.447,-0.191,0.680,92.829
0.860,3.445,-0.184,0.680,93.076
0.880,-0.609,-0.190,0.680,93.320
0.900,-4.646,-0.182,0.680,93.550
0.920,-8.643,-0.175,0.680,93.752
0.940,-12.486,-0.157,0.680,93.916
0.960,-16.125,-0.142,0.680,94.032
0.980,-19.576,-0.116,0.680,94.094
1.000,-22.729,-0.086,0.680,94.100
1.020,-25.518,-0.062,0.680,94.046
1.040,-27.932,-0.031,0.680,93.943
1.060,-29.965,0.013,0.680,93.794
1.080,-31.547,0.043,0.680,93.607
1.100,-32.648,0.092,0.680,93.395
1.120,-33.264,0.127,0.680,93.172
1.140,-33.422,0.170,0.680,92.951
1.160,-33.088,0.203,0.680,92.745
1.180,-32.291,0.253,0.680,92.568
1.200,-31.002,0.284,0.680,92.432
1.220,-29.250,0.326,0.680,92.343
1.240,-27.070,0.354,0.680,92.311
1.260,-24.498,0.388,0.680,92.333
1.280,-21.562,0.414,0.680,92.416
1.300,-18.287,0.439,0.680,92.550
1.320,-14.795,0.454,0.680,92.733
1.340,-11.033,0.472,0.680,92.949
1.360,-7.119,0.472,0.680,93.192
1.380,-3.100,0.484,0.680,93.441
1.400,0.961,0.477,0.680,93.692
1.420,4.998,0.477,0.680,93.924
1.440,8.959,0.466,0.680,94.128
1.460,12.814,0.446,0.680,94.292
1.480,16.477,0.428,0.680,94.403
1.500,19.898,0.405,0.680,94.459
1.520,23.051,0.380,0.680,94.458
1.540,25.869,0.345,0.680,94.398
1.560,28.271,0.311,0.680,94.284
1.580,30.299,0.280,0.680,94.122
1.600,31.869,0.234,0.680,93.922
1.620,32.988,0.208,0.680,93.696
1.640,33.627,0.155,0.680,93.456
1.660,33.785,0.124,0.680,93.217
1.680,33.463,0.072,0.680,92.992
1.700,32.643,0.050,0.680,92.796
1.720,31.354,-0.008,0.680,92.635
1.740,29.613,-0.022,0.680,92.526
1.760,27.486,-0.076,0.680,92.467
1.780,24.908,-0.082,0.680,92.469
1.800,21.973,-0.130,0.680,92.521
1.820,18.750,-0.129,0.680,92.630
1.840,15.229,-0.170,0.680,92.779
1.860,11.496,-0.166,0.680,92.971
1.880,7.605,-0.189,0.680,93.181
1.900,3.615,-0.178,0.680,93.409
1.920,-0.439,-0.186,0.680,93.628
1.940,-4.477,-0.178,0.680,93.835
1.960,-8.473,-0.169,0.680,94.010
1.980,-12.340,-0.154,0.680,94.147
2.000,-15.996,-0.132,0.680,94.236
2.020,-19.441,-0.116,0.680,94.269
2.040,-22.588,-0.079,0.680,94.247
2.060,-25.418,-0.061,0.680,94.165
2.080,-27.855,-0.010,0.680,94.033
2.100,-29.924,0.007,0.680,93.851
2.120,-31.500,0.058,0.680,93.635
2.140,-32.631,0.079,0.680,93.392
2.160,-33.270,0.139,0.680,93.138
2.180,-33.439,0.163,0.680,92.885
2.200,-33.146,0.219,0.680,92.646
2.220,-32.361,0.245,0.675,92.438
2.240,-31.096,0.294,0.675,92.267
2.260,-29.373,0.320,0.675,92.146
2.280,-27.229,0.360,0.675,92.077
2.300,-24.668,0.383,0.675,92.069
2.320,-21.732,0.420,0.675,92.116
2.340,-18.457,0.433,0.675,92.221
2.360,-14.971,0.464,0.675,92.370
2.380,-11.215,0.467,0.675,92.562
2.400,-7.330,0.485,0.675,92.776
2.420,-3.299,0.481,0.675,93.008
2.440,0.768,0.485,0.676,93.235
2.460,4.822,0.477,0.676,93.453
2.480,8.801,0.472,0.676,93.641
2.500,12.645,0.450,0.676,93.795
2.520,16.318,0.435,0.676,93.952
2.540,19.758,0.407,0.676,93.952
2.560,22.910,0.385,0.676,93.948
2.580,25.746,0.348,0.676,93.889
2.600,28.178,0.319,0.676,93.777
2.620,30.205,0.279,0.676,93.619
2.640,31.799,0.241,0.676,93.424
2.660,32.947,0.203,0.676,93.205
2.680,33.609,0.160,0.676,92.973
2.700,33.773,0.125,0.676,92.744
2.720,33.480,0.082,0.676,92.529
2.740,32.672,0.041,0.676,92.344
2.760,31.430,0.003,0.676,92.198
2.780,29.701,-0.031,0.676,92.101
2.800,27.604,-0.066,0.676,92.059
2.820,25.037,-0.093,0.676,92.077
2.840,22.131,-0.120,0.676,92.152
2.860,18.920,-0.139,0.676,92.282
2.880,15.416,-0.166,0.676,92.459
2.900,11.678,-0.171,0.676,92.677
2.920,7.805,-0.183,0.676,92.919
2.940,3.809,-0.188,0.676,93.175
2.960,-0.229,-0.185,0.676,93.432
2.980,-4.271,-0.183,0.676,93.671
3.000,-8.268,-0.167,0.676,93.883
3.020,-12.135,-0.161,0.676,94.054
3.040,-15.809,-0.135,0.676,94.181
3.060,-19.260,-0.120,0.676,94.250
3.080,-22.436,-0.084,0.676,94.265
3.100,-25.248,-0.064,0.676,94.219
3.120,-27.709,-0.025,0.676,94.122
3.140,-29.789,0.011,0.676,93.976
3.160,-31.406,0.045,0.676,93.792
3.180,-32.555,0.082,0.676,93.581
3.200,-33.211,0.122,0.676,93.356
3.220,-33.410,0.165,0.676,93.131
3.240,-33.158,0.206,0.676,92.920
3.260,-32.385,0.247,0.676,92.735
3.280,-31.131,0.278,0.676,92.589
3.300,-29.420,0.322,0.676,92.487
3.320,-27.281,0.345,0.676,92.443
3.340,-24.773,0.389,0.676,92.451
3.360,-21.855,0.402,0.676,92.520
3.380,-18.621,0.435,0.676,92.638
3.400,-15.117,0.447,0.676,92.802
3.420,-11.396,0.469,0.676,93.004
3.440,-7.494,0.471,0.676,93.230
3.460,-3.480,0.484,0.676,93.468
3.480,0.574,0.475,0.676,93.706
3.500,4.617,0.482,0.676,93.926
3.520,8.596,0.459,0.676,94.122
3.540,12.463,0.452,0.676,94.274
3.560,16.154,0.430,0.676,94.379
3.580,19.594,0.406,0.676,94.426
3.600,22.764,0.380,0.676,94.418
3.620,25.617,0.348,0.676,94.352
3.640,28.072,0.315,0.676,94.229
3.660,30.123,0.280,0.676,94.060
3.680,31.734,0.240,0.676,93.851
3.700,32.889,0.205,0.676,93.615
3.720,33.574,0.161,0.676,93.364
3.740,33.791,0.120,0.676,93.114
3.760,33.516,0.082,0.676,92.877
3.780,32.730,0.041,0.676,92.665
3.800,31.500,0.008,0.676,92.493
3.820,29.807,-0.033,0.676,92.367
3.840,27.715,-0.064,0.676,92.296
3.860,25.154,-0.093,0.676,92.282
3.880,22.271,-0.122,0.676,92.326
3.900,19.061,-0.138,0.676,92.423
3.920,15.580,-0.170,0.676,92.567
3.940,11.854,-0.173,0.676,92.751
3.960,7.992,-0.187,0.676,92.960
3.980,3.996,-0.183,0.676,93.183
4.000,-0.041,-0.190,0.676,93.403
4.020,-4.096,-0.183,0.676,93.614
4.040,-8.092,-0.173,0.676,93.795
4.060,-11.959,-0.160,0.676,93.939
4.080,-15.662,-0.137,0.676,94.037
4.100,-19.119,-0.119,0.676,94.081
4.120,-22.312,-0.088,0.676,94.069
4.140,-25.172,-0.062,0.676,94.000
4.160,-27.650,-0.024,0.676,93.880
4.180,-29.748,0.010,0.676,93.711
4.200,-31.383,0.049,0.676,93.507
4.220,-32.578,0.083,0.676,93.276
4.240,-33.264,0.128,0.676,93.032
4.260,-33.434,0.161,0.676,92.789
4.280,-33.217,0.211,0.676,92.559
4.300,-32.490,0.246,0.676,92.361
4.320,-31.260,0.282,0.676,92.197
4.340,-29.578,0.321,0.676,92.086
4.360,-27.422,0.352,0.676,92.024
4.380,-24.920,0.388,0.676,92.027
4.400,-22.037,0.414,0.676,92.082
4.420,-18.814,0.435,0.676,92.201
4.440,-15.328,0.456,0.676,92.361
4.460,-11.602,0.469,0.676,92.568
4.480,-7.699,0.481,0.676,92.795
4.500,-3.691,0.485,0.676,93.042
4.520,0.369,0.488,0.678,93.289
4.540,4.412,0.481,0.678,93.525
4.560,8.408,0.467,0.678,93.734
4.580,12.275,0.455,0.678,93.903
4.600,15.973,0.433,0.678,94.029
4.620,19.436,0.411,0.678,94.096
4.640,22.611,0.388,0.678,94.112
4.660,25.482,0.350,0.678,94.067
4.680,27.955,0.326,0.678,93.972
4.700,30.035,0.281,0.678,93.827
4.720,31.670,0.251,0.678,93.646
4.740,32.854,0.207,0.678,93.437
4.760,33.562,0.170,0.678,93.214
4.780,33.779,0.125,0.678,92.990
4.800,33.527,0.091,0.678,92.780
4.820,32.795,0.046,0.678,92.596
4.840,31.570,0.009,0.678,92.450
4.860,29.895,-0.023,0.678,92.353
4.880,27.809,-0.061,0.678,92.306
4.900,25.295,-0.085,0.678,92.321
4.920,22.412,-0.120,0.678,92.388
4.940,19.230,-0.132,0.678,92.517
4.960,15.744,-0.161,0.678,92.684
4.980,12.035,-0.162,0.678,92.897
5.000,8.186,-0.186,0.678,93.128
5.020,4.195,-0.179,0.678,93.380
5.040,0.164,-0.187,0.678,93.624
5.060,-3.902,-0.177,0.678,93.861
5.080,-7.881,-0.171,0.678,94.063
5.100,-11.766,-0.154,0.678,94.231
5.120,-15.463,-0.133,0.678,94.347
5.140,-18.937,-0.118,0.678,94.410
5.160,-22.172,-0.088,0.678,94.415
5.180,-25.020,-0.061,0.678,94.361
5.200,-27.504,-0.026,0.678,94.253
5.220,-29.607,0.007,0.678,94.095
5.240,-31.277,0.045,0.678,93.899
5.260,-32.490,0.081,0.678,93.674
5.280,-33.193,0.124,0.678,93.433
5.300,-33.422,0.158,0.678,93.191
5.320,-33.199,0.205,0.678,92.757
5.340,-32.484,0.239,0.678,92.757
5.360,-31.307,0.280,0.678,92.588
5.380,-29.619,0.316,0.678,92.465
5.400,-27.510,0.346,0.678,92.395
5.420,-25.025,0.381,0.678,92.381
5.440,-22.143,0.406,0.678,92.423
5.460,-18.943,0.434,0.678,92.520
5.480,-15.469,0.449,0.678,92.663
5.500,-11.760,0.466,0.678,92.844
5.520,-7.887,0.470,0.678,93.270
5.540,-3.867,0.481,0.678,93.270
5.560,0.182,0.478,0.678,93.493
5.580,4.230,0.479,0.678,93.698
5.600,8.227,0.462,0.678,93.883
5.620,12.100,0.454,0.678,94.023
5.640,15.814,0.429,0.678,94.123
5.660,19.277,0.410,0.678,94.163
5.680,22.477,0.381,0.678,94.152
5.700,25.371,0.351,0.678,94.080
5.720,27.850,0.319,0.678,93.955
5.740,29.953,0.282,0.678,93.783
5.760,31.600,0.245,0.678,93.572
5.780,32.818,0.205,0.678,93.334
5.800,33.545,0.168,0.678,93.081
5.820,33.785,0.124,0.678,92.827
5.840,33.551,0.084,0.678,92.586
5.860,32.830,0.046,0.678,92.371
5.880,31.641,0.006,0.678,92.195
5.900,29.977,-0.030,0.678,92.065
5.920,27.920,-0.064,0.678,91.992
5.940,25.424,-0.091,0.678,91.974
5.960,22.553,-0.121,0.678,92.017
5.980,19.406,-0.139,0.678,92.114
6.000,15.937,-0.164,0.678,92.261
6.020,12.229,-0.170,0.678,92.448
6.040,8.367,-0.188,0.678,92.664
6.060,4.383,-0.187,0.678,92.896
6.080,0.357,-0.191,0.679,93.133
6.100,-3.703,-0.183,0.679,93.355
6.120,-7.693,-0.176,0.679,93.717
6.140,-11.596,-0.163,0.679,93.717
6.160,-15.311,-0.143,0.679,93.835
6.180,-18.768,-0.125,0.679,93.901
6.200,-22.002,-0.090,0.679,93.912
6.220,-24.902,-0.067,0.679,93.863
6.240,-27.410,-0.030,0.679,93.764
6.260,-29.549,0.006,0.679,93.616
6.280,-31.207,0.041,0.679,93.431
6.300,-32.432,0.080,0.679,93.219
6.320,-33.170,0.119,0.679,92.992
6.340,-33.439,0.162,0.679,92.551
6.360,-33.240,0.199,0.679,92.551
6.380,-32.543,0.240,0.679,92.363
6.400,-31.377,0.278,0.679,92.213
6.420,-29.707,0.316,0.679,92.111
6.440,-27.656,0.347,0.679,92.064
6.460,-25.195,0.381,0.679,92.074
6.480,-22.312,0.405,0.679,92.142
6.500,-19.113,0.434,0.679,92.269
6.520,-15.662,0.447,0.679,92.443
6.540,-11.965,0.469,0.679,92.656
6.560,-8.086,0.480,0.679,92.897
6.580,-4.090,0.484,0.679,93.157
6.600,-0.029,0.481,0.679,93.417
6.620,4.031,0.480,0.679,93.663
6.640,8.016,0.469,0.679,93.886
6.660,11.906,0.456,0.679,94.068
6.680,15.633,0.435,0.679,94.205
6.700,19.102,0.414,0.679,94.286
6.720,22.330,0.389,0.679,94.312
6.740,25.236,0.359,0.679,94.278
6.760,27.721,0.326,0.679,94.051
6.780,29.848,0.287,0.679,94.051
6.800,31.529,0.256,0.679,93.872
6.820,32.760,0.212,0.679,93.665
6.840,33.510,0.173,0.679,93.441
6.860,33.779,0.131,0.679,93.214
6.880,33.574,0.093,0.679,92.999
6.900,32.877,0.049,0.679,92.807
6.920,31.699,0.012,0.679,92.652
6.940,30.053,-0.022,0.679,92.543
6.960,28.037,-0.058,0.679,92.487
6.980,25.547,-0.080,0.679,92.488
7.000,22.705,-0.113,0.679,92.541
7.020,19.547,-0.133,0.679,92.652
7.040,16.096,-0.155,0.679,92.807
7.060,12.404,-0.164,0.679,93.003
7.080,8.549,-0.180,0.679,93.222
7.100,4.576,-0.181,0.679,93.460
7.120,0.539,-0.186,0.679,93.694
7.140,-3.510,-0.180,0.679,94.110
7.160,-7.518,-0.169,0.679,94.110
7.180,-11.420,-0.157,0.679,94.264
7.200,-15.123,-0.136,0.679,94.372
7.220,-18.621,-0.121,0.679,94.426
7.240,-21.867,-0.089,0.679,94.422
7.260,-24.756,-0.067,0.679,94.360
7.280,-27.293,-0.025,0.679,94.242
7.300,-29.455,0.005,0.679,94.076
7.320,-31.172,0.043,0.679,93.868
7.340,-32.391,0.079,0.679,93.632
7.360,-33.158,0.121,0.679,93.379
7.380,-33.445,0.161,0.679,93.124
7.400,-33.264,0.203,0.679,92.879
7.420,-32.602,0.241,0.679,92.659
7.440,-31.447,0.280,0.679,92.475
7.460,-29.801,0.317,0.679,92.337
7.480,-27.732,0.347,0.679,92.251
7.500,-25.301,0.381,0.679,92.222
7.520,-22.477,0.410,0.679,92.248
7.540,-19.271,0.435,0.679,92.334
7.560,-15.820,0.450,0.679,92.463
7.580,-12.129,0.468,0.679,92.636
7.600,-8.256,0.476,0.679,92.834
7.620,-4.260,0.485,0.679,93.051
7.640,-0.205,0.482,0.679,93.270
7.660,3.850,0.481,0.679,93.478
7.680,7.840,0.467,0.679,93.662
7.700,11.730,0.455,0.679,93.807
7.720,15.469,0.436,0.679,93.911
7.740,18.961,0.415,0.679,93.962
7.760,22.184,0.384,0.679,93.958
7.780,25.119,0.356,0.679,93.896
7.800,27.627,0.322,0.679,93.782
7.820,29.760,0.290,0.679,93.619
7.840,31.459,0.249,0.679,93.419
7.860,32.725,0.207,0.679,93.190
7.880,33.504,0.171,0.679,92.702
7.900,33.773,0.129,0.679,92.702
7.920,33.609,0.089,0.679,92.469
7.940,32.912,0.049,0.679,92.262
7.960,31.770,0.011,0.679,92.092
7.980,30.176,-0.023,0.679,91.970
8.000,28.137,-0.062,0.679,91.902
8.020,25.687,-0.083,0.679,91.894
8.040,22.846,-0.116,0.679,91.944
8.060,19.705,-0.139,0.679,92.051
8.080,16.271,-0.161,0.679,92.208
8.100,12.592,-0.170,0.679,92.407
8.120,8.754,-0.185,0.679,92.635
8.140,4.770,-0.185,0.679,92.882
8.160,0.727,-0.188,0.679,93.133
8.180,-3.322,-0.185,0.679,93.371
8.200,-7.312,-0.179,0.679,93.590
8.220,-11.209,-0.160,0.679,93.771
8.240,-14.930,-0.145,0.679,93.906
8.260,-18.445,-0.123,0.679,93.990
8.280,-21.697,-0.093,0.679,94.018
8.300,-24.621,-0.071,0.679,93.988
8.320,-27.141,-0.031,0.679,93.906
8.340,-29.309,-0.002,0.679,93.773
8.360,-31.078,0.038,0.679,93.602
8.380,-32.326,0.073,0.679,93.401
8.400,-33.117,0.116,0.679,93.185
8.420,-33.404,0.153,0.679,92.965
8.440,-33.223,0.199,0.679,92.757
8.460,-32.631,0.236,0.679,92.573
8.480,-31.494,0.273,0.679,92.426
8.500,-29.871,0.310,0.679,92.324
8.520,-27.850,0.342,0.679,92.275
8.540,-25.389,0.375,0.679,92.283
8.560,-22.600,0.403,0.679,92.348
8.580,-19.418,0.430,0.679,92.469
8.600,-15.990,0.449,0.679,92.637
8.620,-12.316,0.466,0.679,92.848
8.640,-8.437,0.474,0.679,93.086
8.660,-4.465,0.485,0.679,93.596
8.680,-0.404,0.478,0.679,93.596
8.700,3.662,0.481,0.679,94.057
8.720,7.652,0.468,0.679,94.057
8.740,11.543,0.456,0.679,94.236
8.760,15.293,0.439,0.679,94.371
8.780,18.785,0.415,0.679,94.449
8.800,22.025,0.390,0.679,94.470
8.820,24.973,0.360,0.679,94.432
8.840,27.510,0.323,0.679,94.337
8.860,29.678,0.291,0.679,94.192
8.880,31.383,0.251,0.679,94.006
8.900,32.672,0.215,0.679,93.790
8.920,33.469,0.171,0.679,93.555
8.940,33.779,0.131,0.679,93.317
8.960,33.621,0.091,0.679,93.088
8.980,32.965,0.049,0.679,92.883
9.000,31.834,0.017,0.679,92.713
9.020,30.252,-0.023,0.679,92.586
9.040,28.236,-0.054,0.679,92.513
9.060,25.805,-0.085,0.679,92.494
9.080,22.986,-0.112,0.679,92.534
9.100,19.857,-0.135,0.679,92.625
9.120,16.430,-0.160,0.679,92.767
9.140,12.762,-0.169,0.679,92.951
9.160,8.918,-0.181,0.679,93.161
9.180,4.963,-0.187,0.679,93.385
9.200,0.902,-0.187,0.679,93.614
9.220,-3.152,-0.183,0.679,93.830
9.240,-7.154,-0.173,0.679,94.021
9.260,-11.074,-0.161,0.679,94.175
9.280,-14.789,-0.141,0.679,94.284
9.300,-18.340,-0.120,0.679,94.340
9.320,-21.586,-0.094,0.679,94.339
9.340,-24.504,-0.067,0.679,94.281
9.360,-27.105,-0.032,0.679,94.168
9.380,-29.268,0.003,0.679,94.007
9.400,-31.037,0.044,0.679,93.804
9.420,-32.309,0.075,0.679,93.572
9.440,-33.141,0.120,0.679,93.323
9.460,-33.434,0.155,0.679,93.071
9.480,-33.293,0.199,0.679,92.830
9.500,-32.695,0.237,0.679,92.614
9.520,-31.564,0.274,0.676,92.433
9.540,-30.012,0.318,0.676,92.297
9.560,-27.973,0.348,0.676,92.215
9.580,-25.553,0.381,0.676,92.191
9.600,-22.734,0.408,0.676,92.225
9.620,-19.576,0.431,0.676,92.315
9.640,-16.166,0.453,0.676,92.454
9.660,-12.510,0.468,0.676,92.637
9.680,-8.631,0.476,0.676,92.848
9.700,-4.652,0.487,0.678,93.079
9.720,-0.586,0.486,0.678,93.315
9.740,3.457,0.482,0.678,93.540
9.760,7.453,0.472,0.678,93.743
9.780,11.367,0.459,0.678,93.910
9.800,15.117,0.443,0.678,94.036
9.820,18.639,0.417,0.678,94.108
9.840,21.885,0.394,0.678,94.126
9.860,24.855,0.360,0.678,94.086
9.880,27.393,0.331,0.678,93.991
9.900,29.584,0.292,0.678,93.849
9.920,31.318,0.256,0.678,93.666
9.940,32.613,0.217,0.678,93.454
9.960,33.434,0.176,0.678,93.225
9.980,33.773,0.134,0.678,92.993
10.000,33.639,0.095,0.678,92.772
10.020,33.006,0.056,0.678,92.576
10.040,31.904,0.020,0.678,92.415
10.060,30.322,-0.018,0.678,92.300
10.080,28.354,-0.058,0.678,92.238
10.100,25.945,-0.080,0.678,92.237
10.120,23.133,-0.112,0.678,92.291
10.140,20.021,-0.128,0.678,92.401
10.160,16.605,-0.158,0.678,92.559
10.180,12.943,-0.166,0.678,92.763
10.200,9.117,-0.181,0.678,92.994
10.220,5.168,-0.187,0.678,93.243
10.240,1.137,-0.186,0.678,93.497
10.260,-2.918,-0.184,0.678,93.738
10.280,-6.943,-0.173,0.678,94.137
10.300,-10.869,-0.165,0.678,94.137
10.320,-14.613,-0.145,0.678,94.276
10.340,-18.129,-0.129,0.678,94.359
10.360,-21.410,-0.099,0.678,94.387
10.380,-24.357,-0.075,0.678,94.355
10.400,-26.936,-0.033,0.678,94.270
10.420,-29.145,-0.007,0.678,94.132
10.440,-30.920,0.033,0.678,93.954
10.460,-32.227,0.066,0.678,93.745
10.480,-33.088,0.112,0.678,93.518
10.500,-33.404,0.152,0.678,93.285
10.520,-33.299,0.190,0.678,93.062
10.540,-32.701,0.233,0.678,92.861
10.560,-31.605,0.267,0.678,92.695
10.580,-30.059,0.313,0.678,92.573
10.600,-28.049,0.337,0.678,92.502
10.620,-25.652,0.376,0.678,92.486
10.640,-22.875,0.400,0.678,92.528
10.660,-19.723,0.427,0.678,92.625
10.680,-16.324,0.444,0.678,92.769
10.700,-12.662,0.464,0.678,92.954
10.720,-8.818,0.472,0.678,93.167
10.740,-4.840,0.483,0.678,93.396
10.760,-0.779,0.476,0.678,93.631
10.780,3.275,0.479,0.678,93.852
10.800,7.295,0.468,0.678,94.049
10.820,11.180,0.456,0.678,94.211
10.840,14.947,0.438,0.678,94.327
10.860,18.469,0.417,0.678,94.389
10.880,21.744,0.389,0.678,94.396
10.900,24.727,0.360,0.678,94.342
10.920,27.287,0.328,0.678,94.234
10.940,29.479,0.294,0.678,94.075
10.960,31.242,0.253,0.678,93.876
10.980,32.578,0.215,0.678,93.644
11.000,33.428,0.171,0.678,93.395
11.020,33.768,0.134,0.678,93.140
11.040,33.656,0.095,0.678,92.894
11.060,33.035,0.054,0.678,92.671
11.080,31.969,0.017,0.675,92.482
11.100,30.422,-0.021,0.675,92.337
11.120,28.453,-0.054,0.675,92.246
11.140,26.068,-0.082,0.675,92.210
11.160,23.279,-0.112,0.675,92.232
11.180,20.174,-0.134,0.675,92.310
11.200,16.775,-0.159,0.675,92.438
11.220,13.113,-0.168,0.675,92.608
11.240,9.316,-0.183,0.675,92.809
11.260,5.350,-0.188,0.675,93.027
11.280,1.312,-0.186,0.675,93.252
11.300,-2.742,-0.185,0.675,93.465
11.320,-6.756,-0.175,0.675,93.658
11.340,-10.687,-0.165,0.675,93.817
11.360,-14.437,-0.145,0.675,93.932
11.380,-17.965,-0.125,0.675,93.996
11.400,-21.246,-0.098,0.675,94.004
11.420,-24.229,-0.070,0.675,93.954
11.440,-26.818,-0.034,0.675,93.852
11.460,-29.068,0.000,0.675,93.699
11.480,-30.867,0.037,0.675,93.507
11.500,-32.186,0.070,0.675,93.284
11.520,-33.053,0.118,0.675,93.045
11.540,-33.387,0.150,0.675,92.802
11.560,-33.334,0.195,0.675,92.569
11.580,-32.748,0.233,0.675,92.359
11.600,-31.699,0.275,0.675,92.185
11.620,-30.158,0.310,0.675,92.057
11.640,-28.160,0.344,0.675,91.982
11.660,-25.793,0.375,0.675,91.964
11.680,-23.027,0.404,0.675,92.005
11.700,-19.893,0.426,0.675,92.106
11.720,-16.500,0.450,0.675,92.254
11.740,-12.855,0.463,0.675,92.448
11.760,-9.018,0.477,0.675,92.673
11.780,-5.021,0.481,0.675,92.918
11.800,-0.984,0.488,0.676,93.168
11.820,3.070,0.483,0.676,93.411
11.840,7.096,0.473,0.676,93.633
11.860,11.004,0.460,0.676,93.820
11.880,14.777,0.446,0.676,93.963
11.900,18.311,0.418,0.676,94.056
11.920,21.592,0.398,0.676,94.092
11.940,24.592,0.366,0.676,94.071
11.960,27.170,0.337,0.676,93.994
11.980,29.391,0.298,0.676,93.868
12.000,31.160,0.263,0.676,93.700
12.020,32.508,0.222,0.676,93.501
12.040,33.381,0.182,0.676,93.284
12.060,33.756,0.144,0.676,93.062
12.080,33.668,0.103,0.676,92.848
12.100,33.088,0.062,0.676,92.656
12.120,32.021,0.025,0.676,92.499
12.140,30.510,-0.014,0.676,92.387
12.160,28.570,-0.050,0.676,92.327
12.180,26.197,-0.077,0.676,92.324
12.200,23.420,-0.104,0.676,92.376
12.220,20.326,-0.128,0.676,92.485
12.240,16.963,-0.154,0.676,92.643
12.260,13.307,-0.166,0.676,92.843
12.280,9.492,-0.180,0.676,93.074
12.300,5.537,-0.182,0.676,93.324
12.320,1.518,-0.187,0.676,93.575
12.340,-2.525,-0.183,0.676,93.816
12.360,-6.557,-0.175,0.676,94.034
12.380,-10.471,-0.165,0.676,94.218
12.400,-14.256,-0.142,0.676,94.355
12.420,-17.789,-0.125,0.676,94.438
12.440,-21.094,-0.099,0.676,94.463
12.460,-24.088,-0.071,0.676,94.431
12.480,-26.684,-0.040,0.676,94.341
12.500,-28.957,-0.004,0.676,94.201
12.520,-30.762,0.030,0.676,94.017
12.540,-32.121,0.070,0.676,93.801
12.560,-33.029,0.108,0.676,93.565
12.580,-33.363,0.150,0.676,93.322
12.600,-33.311,0.195,0.676,93.087
12.620,-32.766,0.228,0.676,92.873
12.640,-31.734,0.271,0.676,92.691
12.660,-30.211,0.304,0.676,92.554
12.680,-28.254,0.343,0.676,92.465
12.700,-25.881,0.370,0.676,92.434
12.720,-23.109,0.401,0.676,92.456
12.740,-20.039,0.423,0.676,92.536
12.760,-16.641,0.447,0.676,92.663
12.780,-13.014,0.458,0.676,92.833
12.800,-9.176,0.475,0.676,93.031
12.820,-5.191,0.479,0.676,93.249
12.840,-1.178,0.483,0.676,93.472
12.860,2.906,0.476,0.676,93.684
12.880,6.908,0.470,0.676,93.875
12.900,10.822,0.454,0.676,94.032
12.920,14.607,0.440,0.676,94.145
12.940,18.158,0.415,0.676,94.206
12.960,21.439,0.391,0.676,94.211
12.980,24.451,0.362,0.676,94.157
13.000,27.064,0.331,0.676,94.049
13.020,29.303,0.290,0.676,93.891
13.040,31.090,0.256,0.676,93.691
13.060,32.461,0.216,0.676,93.458
13.080,33.346,0.178,0.676,93.208
13.100,33.744,0.137,0.676,92.951
13.120,33.686,0.096,0.676,92.704
13.140,33.141,0.059,0.676,92.478
13.160,32.086,0.019,0.676,92.287
13.180,30.586,-0.014,0.676,92.139
13.200,28.658,-0.054,0.676,92.045
13.220,26.314,-0.080,0.676,92.008
13.240,23.555,-0.115,0.676,92.029
13.260,20.490,-0.133,0.676,92.108
13.280,17.121,-0.158,0.676,92.239
13.300,13.488,-0.168,0.676,92.414
13.320,9.686,-0.181,0.676,92.622
13.340,5.742,-0.183,0.676,92.847
13.360,1.734,-0.191,0.678,93.080
13.380,-2.350,-0.185,0.678,93.308
13.400,-6.363,-0.178,0.678,93.515
13.420,-10.295,-0.169,0.678,93.690
13.440,-14.062,-0.145,0.678,93.824
13.460,-17.619,-0.133,0.678,93.905
13.480,-20.947,-0.100,0.678,93.935
13.500,-23.941,-0.079,0.678,93.906
13.520,-26.584,-0.043,0.678,93.824
13.540,-28.840,-0.009,0.678,93.692
13.560,-30.668,0.029,0.678,93.518
13.580,-32.062,0.067,0.678,93.313
13.600,-32.971,0.105,0.678,93.090
13.620,-33.357,0.144,0.678,92.862
13.640,-33.334,0.186,0.678,92.642
13.660,-32.795,0.224,0.678,92.444
13.680,-31.799,0.263,0.678,92.281
13.700,-30.305,0.302,0.678,92.162
13.720,-28.365,0.332,0.678,92.096
13.740,-26.004,0.370,0.678,92.086
13.760,-23.285,0.399,0.678,92.136
13.780,-20.197,0.423,0.678,92.402
13.800,-16.811,0.446,0.678,92.402
13.820,-13.219,0.461,0.678,92.605
13.840,-9.381,0.474,0.678,92.840
13.860,-5.408,0.481,0.678,93.093
13.880,-1.377,0.485,0.678,93.353
13.900,2.707,0.477,0.678,93.606
13.920,6.709,0.474,0.678,93.836
13.940,10.617,0.461,0.678,94.034
13.960,14.420,0.443,0.678,94.187
13.980,17.994,0.423,0.678,94.287
14.000,21.287,0.397,0.678,94.330
14.020,24.311,0.366,0.678,94.315
14.040,26.947,0.340,0.678,94.242
14.060,29.197,0.298,0.678,94.118
14.080,31.014,0.265,0.678,93.951
14.100,32.402,0.224,0.678,93.751
14.120,33.316,0.186,0.678,93.530
14.140,33.738,0.145,0.678,93.301
14.160,33.691,0.102,0.678,93.079
14.180,33.158,0.066,0.678,92.877
14.200,32.145,0.023,0.678,92.707
14.220,30.662,-0.010,0.678,92.581
14.240,28.764,-0.047,0.678,92.504
14.260,26.426,-0.071,0.678,92.483
14.280,23.707,-0.107,0.678,92.515
14.300,20.637,-0.124,0.678,92.606
14.320,17.285,-0.150,0.678,92.742
14.340,13.658,-0.163,0.678,92.923
14.360,9.861,-0.177,0.678,93.133
14.380,5.924,-0.180,0.678,93.364
14.400,1.910,-0.186,0.678,93.597
14.420,-2.139,-0.181,0.678,93.823
14.440,-6.182,-0.175,0.678,94.024
14.460,-10.113,-0.161,0.678,94.194
14.480,-13.904,-0.146,0.678,94.315
14.500,-17.461,-0.127,0.678,94.386
14.520,-20.789,-0.096,0.678,94.400
14.540,-23.812,-0.074,0.678,94.355
14.560,-26.467,-0.036,0.678,94.254
14.580,-28.758,-0.006,0.678,94.101
14.600,-30.598,0.033,0.678,93.905
14.620,-31.998,0.067,0.678,93.675
14.640,-32.936,0.108,0.678,93.425
14.660,-33.363,0.146,0.678,93.168
14.680,-33.369,0.190,0.678,92.917
14.700,-32.830,0.226,0.678,92.687
14.720,-31.846,0.267,0.678,92.489
14.740,-30.369,0.300,0.678,92.334
14.760,-28.482,0.341,0.678,92.228
14.780,-26.127,0.370,0.678,92.180
14.800,-23.420,0.400,0.678,92.189
14.820,-20.320,0.423,0.678,92.256
14.840,-16.969,0.448,0.678,92.372
14.860,-13.389,0.460,0.678,92.535
14.880,-9.557,0.476,0.678,92.726
14.900,-5.584,0.477,0.678,92.942
14.920,-1.541,0.486,0.678,93.161
14.940,2.514,0.477,0.678,93.378
14.960,6.539,0.476,0.678,93.574
14.980,10.453,0.455,0.678,93.737
15.000,14.244,0.444,0.678,93.857
15.020,17.824,0.417,0.678,93.929
15.040,21.129,0.396,0.678,93.944
15.060,24.176,0.366,0.678,93.905
15.080,26.824,0.333,0.678,93.810
15.100,29.098,0.298,0.678,93.666
15.120,30.943,0.263,0.678,93.479
15.140,32.350,0.224,0.678,93.261
15.160,33.287,0.185,0.678,93.024
15.180,33.732,0.143,0.678,92.780
15.200,33.709,0.102,0.678,92.544
15.220,33.211,0.065,0.678,92.330
15.240,32.209,0.019,0.678,92.149
15.260,30.750,-0.009,0.678,92.015
15.280,28.863,-0.053,0.678,91.931
15.300,26.561,-0.074,0.678,91.907
15.320,23.836,-0.112,0.678,91.939
15.340,20.795,-0.127,0.678,92.033
15.360,17.455,-0.158,0.678,92.174
15.380,13.852,-0.167,0.678,92.367
15.400,10.049,-0.183,0.678,92.589
15.420,6.123,-0.185,0.678,92.837
15.440,2.121,-0.191,0.678,93.089
15.460,-1.939,-0.188,0.678,93.338
15.480,-5.959,-0.180,0.678,93.566
15.500,-9.926,-0.170,0.678,93.763
15.520,-13.717,-0.150,0.678,93.918
15.540,-17.279,-0.134,0.678,94.021
15.560,-20.637,-0.105,0.678,94.071
15.580,-23.648,-0.083,0.678,94.063
15.600,-26.338,-0.048,0.678,93.999
15.620,-28.635,-0.013,0.678,93.885
15.640,-30.521,0.023,0.678,93.727
15.660,-31.934,0.062,0.678,93.536
15.680,-32.883,0.097,0.678,93.325
15.700,-33.316,0.139,0.678,93.106
15.720,-33.346,0.183,0.678,92.894
15.740,-32.871,0.215,0.678,92.702
15.760,-31.910,0.263,0.678,92.541
15.780,-30.439,0.294,0.678,92.425
15.800,-28.559,0.340,0.678,92.357
15.820,-26.238,0.357,0.678,92.351
15.840,-23.555,0.400,0.678,92.395
15.860,-20.490,0.414,0.678,92.502
15.880,-17.127,0.447,0.678,92.653
15.900,-13.547,0.452,0.678,92.852
15.920,-9.721,0.478,0.678,93.076
15.940,-5.789,0.473,0.678,93.329
15.960,-1.734,0.489,0.679,93.581
15.980,2.320,0.478,0.679,93.832
16.000,6.352,0.477,0.679,94.058
16.020,10.277,0.454,0.679,94.251
16.040,14.068,0.449,0.679,94.398
16.060,17.660,0.418,0.679,94.494
16.080,20.977,0.398,0.679,94.532
16.100,24.035,0.365,0.679,94.512
16.120,26.719,0.335,0.679,94.432
16.140,28.998,0.298,0.679,94.300
16.160,30.855,0.263,0.679,94.124
16.180,32.297,0.224,0.679,93.913
16.200,33.252,0.183,0.679,93.680
16.220,33.727,0.144,0.679,93.437
16.240,33.721,0.104,0.679,93.200
16.260,33.240,0.064,0.679,92.981
16.280,32.256,0.027,0.679,92.794
16.300,30.832,-0.007,0.679,92.647
16.320,28.951,-0.052,0.679,92.550
16.340,26.678,-0.074,0.679,92.511
16.360,23.977,-0.105,0.679,92.525
16.380,20.936,-0.126,0.679,92.597
16.400,17.613,-0.150,0.679,92.717
16.420,14.004,-0.164,0.679,92.880
16.440,10.236,-0.178,0.679,93.075
16.460,6.311,-0.183,0.679,93.292
16.480,2.279,-0.188,0.679,93.513
16.500,-1.770,-0.181,0.679,93.730
16.520,-5.783,-0.179,0.679,93.924
16.540,-9.750,-0.163,0.679,94.087
16.560,-13.535,-0.148,0.679,94.206
16.580,-17.145,-0.129,0.679,94.275
16.600,-20.520,-0.103,0.679,94.288
16.620,-23.531,-0.076,0.679,94.245
16.640,-26.232,-0.043,0.679,94.144
16.660,-28.541,-0.008,0.679,93.993
16.680,-30.463,0.026,0.679,93.798
16.700,-31.898,0.060,0.679,93.571
16.720,-32.859,0.105,0.679,93.323
16.740,-33.322,0.142,0.679,93.067
16.760,-33.357,0.184,0.679,92.817
16.780,-32.912,0.222,0.679,92.587
16.800,-31.957,0.263,0.679,92.389
16.820,-30.533,0.300,0.679,92.235
16.840,-28.658,0.336,0.679,92.130
16.860,-26.344,0.361,0.679,92.084
16.880,-23.689,0.400,0.679,92.092
16.900,-20.637,0.418,0.679,92.163
16.920,-17.320,0.442,0.679,92.283
16.940,-13.740,0.460,0.679,92.449
16.960,-9.926,0.477,0.679,92.649
16.980,-5.982,0.484,0.679,92.876
17.000,-1.934,0.485,0.679,93.110
17.020,2.115,0.481,0.679,93.340
17.040,6.152,0.478,0.679,93.550
17.060,10.084,0.464,0.679,93.733
17.080,13.904,0.452,0.679,93.874
17.100,17.496,0.426,0.679,93.965
17.120,20.824,0.405,0.679,94.002
17.140,23.906,0.369,0.679,93.982
17.160,26.596,0.342,0.679,93.906
17.180,28.904,0.306,0.679,93.779
17.200,30.785,0.272,0.679,93.611
17.220,32.232,0.230,0.679,93.409
17.240,33.217,0.193,0.679,93.186
17.260,33.709,0.148,0.679,92.955
17.280,33.727,0.110,0.679,92.730
17.300,33.275,0.068,0.679,92.526
17.320,32.320,0.031,0.679,92.353
17.340,30.908,-0.009,0.679,92.224
17.360,29.051,-0.045,0.679,92.146
17.380,26.812,-0.071,0.679,92.126
17.400,24.117,-0.106,0.679,92.162
17.420,21.088,-0.122,0.679,92.259
17.440,17.795,-0.153,0.679,92.402
17.460,14.197,-0.166,0.679,92.596
17.480,10.430,-0.179,0.679,92.820
17.500,6.510,-0.187,0.679,93.069
17.520,2.490,-0.183,0.679,93.324
17.540,-1.576,-0.187,0.679,93.573
17.560,-5.596,-0.178,0.679,93.801
17.580,-9.557,-0.171,0.679,93.999
17.600,-13.348,-0.151,0.679,94.153
17.620,-16.957,-0.132,0.679,94.257
17.640,-20.332,-0.108,0.679,94.305
17.660,-23.408,-0.083,0.679,94.294
17.680,-26.109,-0.050,0.679,94.227
17.700,-28.424,-0.017,0.679,94.108
17.720,-30.369,0.019,0.679,93.943
17.740,-31.834,0.058,0.679,93.744
17.760,-32.848,0.098,0.679,93.521
17.780,-33.316,0.139,0.679,93.289
17.800,-33.369,0.176,0.679,93.061
17.820,-32.936,0.221,0.679,92.851
17.840,-31.998,0.257,0.679,92.533
17.860,-30.627,0.294,0.679,92.533
17.880,-28.758,0.332,0.679,92.442
17.900,-26.479,0.360,0.679,92.409
17.920,-23.836,0.392,0.679,92.429
17.940,-20.795,0.414,0.679,92.508
17.960,-17.484,0.441,0.679,92.633
17.980,-13.916,0.454,0.679,92.806
18.000,-10.125,0.468,0.679,93.008
18.020,-6.164,0.473,0.679,93.232
18.040,-2.139,0.481,0.679,93.463
18.060,1.934,0.477,0.679,93.689
18.080,5.953,0.473,0.679,93.895
18.100,9.891,0.457,0.679,94.068
18.120,13.729,0.443,0.679,94.199
18.140,17.344,0.418,0.679,94.278
18.160,20.672,0.402,0.679,94.301
18.180,23.760,0.370,0.679,94.268
18.200,26.473,0.340,0.679,94.176
18.220,28.787,0.305,0.679,94.032
18.240,30.697,0.269,0.679,93.843
18.260,32.186,0.230,0.679,93.620
18.280,33.182,0.188,0.679,93.117
18.300,33.703,0.148,0.679,93.117
18.320,33.738,0.107,0.679,92.865
18.340,33.311,0.067,0.679,92.632
18.360,32.373,0.027,0.679,92.428
18.380,30.984,-0.007,0.679,92.269
18.400,29.145,-0.046,0.679,92.156
18.420,26.912,-0.072,0.679,92.103
18.440,24.240,-0.105,0.679,92.102
18.460,21.246,-0.128,0.679,92.164
18.480,17.930,-0.154,0.679,92.273
18.500,14.355,-0.166,0.679,92.435
18.520,10.582,-0.178,0.679,92.624
18.540,6.662,-0.185,0.679,92.841
18.560,2.643,-0.188,0.679,93.065
18.580,-1.395,-0.190,0.679,93.287
18.600,-5.432,-0.179,0.679,93.488
18.620,-9.422,-0.170,0.679,93.663
18.640,-13.236,-0.156,0.679,93.794
18.660,-16.834,-0.136,0.679,93.879
18.680,-20.221,-0.109,0.679,93.908
18.700,-23.309,-0.080,0.679,93.880
18.720,-26.033,-0.049,0.679,93.796
18.740,-28.383,-0.016,0.679,93.662
18.760,-30.340,0.023,0.679,93.485
18.780,-31.822,0.055,0.679,93.273
18.800,-32.871,0.099,0.679,93.041
18.820,-33.352,0.136,0.679,92.800
18.840,-33.451,0.180,0.679,92.564
18.860,-33.023,0.217,0.679,92.348
18.880,-32.121,0.261,0.679,92.163
18.900,-30.768,0.295,0.679,92.022
18.920,-28.910,0.336,0.679,91.930
18.940,-26.660,0.360,0.679,91.898
18.960,-24.012,0.399,0.679,91.920
18.980,-20.982,0.419,0.679,92.005
19.000,-17.689,0.449,0.679,92.140
19.020,-14.115,0.456,0.679,92.326
19.040,-10.330,0.474,0.679,92.542
19.060,-6.387,0.479,0.679,92.785
19.080,-2.344,0.489,0.679,93.035
19.100,1.711,0.481,0.679,93.287
19.120,5.748,0.477,0.679,93.517
19.140,9.691,0.469,0.679,93.719
19.160,13.529,0.449,0.679,93.882
19.180,17.156,0.428,0.679,93.993
19.200,20.525,0.405,0.679,94.049
19.220,23.625,0.377,0.679,94.048
19.240,26.355,0.346,0.679,93.990
19.260,28.693,0.310,0.679,93.881
19.280,30.633,0.273,0.679,93.727
19.300,32.121,0.235,0.679,93.538
19.320,33.141,0.194,0.679,93.326
19.340,33.686,0.156,0.679,93.103
19.360,33.750,0.115,0.679,92.885
19.380,33.340,0.073,0.679,92.684
19.400,32.432,0.035,0.679,92.514
19.420,31.078,-0.003,0.679,92.385
19.440,29.250,-0.038,0.679,92.304
19.460,27.029,-0.069,0.679,92.280
19.480,24.381,-0.094,0.679,92.312
19.500,21.387,-0.125,0.679,92.399
19.520,18.117,-0.140,0.679,92.540
19.540,14.543,-0.167,0.679,92.724
19.560,10.775,-0.168,0.679,92.946
19.580,6.867,-0.188,0.679,93.185
19.600,2.848,-0.175,0.679,93.436
19.620,-1.189,-0.188,0.679,93.676
19.640,-5.227,-0.171,0.679,93.902
19.660,-9.211,-0.172,0.679,94.094
19.680,-13.031,-0.145,0.679,94.246
19.700,-16.670,-0.131,0.679,94.344
19.720,-20.027,-0.106,0.679,94.385
19.740,-23.133,-0.079,0.679,94.368
19.760,-25.881,-0.051,0.679,94.294
19.780,-28.254,-0.015,0.679,94.167
19.800,-30.223,0.023,0.679,93.994
19.820,-31.723,0.057,0.679,93.784
19.840,-32.766,0.099,0.679,93.550
19.860,-33.287,0.134,0.679,93.305
19.880,-33.422,0.178,0.679,93.063
19.900,-33.023,0.215,0.679,92.837
19.920,-32.133,0.252,0.679,92.641
19.940,-30.773,0.290,0.679,92.484
19.960,-28.957,0.328,0.679,92.374
19.980,-26.736,0.360,0.679,92.320
20.000,-24.100,0.393,0.679,92.321
20.020,-21.105,0.414,0.679,92.381
20.040,-17.789,0.441,0.679,92.490
20.060,-14.256,0.452,0.679,92.646
20.080,-10.494,0.472,0.679,92.833
20.100,-6.551,0.476,0.679,93.044
20.120,-2.531,0.481,0.679,93.264
20.140,1.535,0.477,0.679,93.480
20.160,5.578,0.473,0.679,93.679
20.180,9.521,0.464,0.679,93.848
20.200,13.359,0.444,0.679,93.976
20.220,16.998,0.426,0.679,94.055
20.240,20.373,0.401,0.679,94.080
20.260,23.490,0.371,0.679,94.047
20.280,26.232,0.344,0.679,93.958
20.300,28.594,0.302,0.679,93.818
20.320,30.545,0.269,0.679,93.631
20.340,32.062,0.234,0.679,93.410
20.360,33.105,0.190,0.679,93.166
20.380,33.680,0.153,0.679,92.912
20.400,33.762,0.110,0.679,92.663
20.420,33.375,0.077,0.679,92.431
20.440,32.490,0.030,0.678,92.228
20.460,31.143,-0.004,0.678,92.069
20.480,29.338,-0.041,0.678,91.959
20.500,27.152,-0.069,0.678,91.906
20.520,24.521,-0.103,0.678,91.909
20.540,21.539,-0.122,0.678,91.974
20.560,18.281,-0.154,0.678,92.089
20.580,14.719,-0.163,0.678,92.255
20.600,10.975,-0.187,0.678,92.454
20.620,7.078,-0.184,0.678,92.684
20.640,3.059,-0.194,0.682,92.921
20.660,-0.990,-0.187,0.682,93.160
20.680,-5.021,-0.184,0.682,93.378
20.700,-9.000,-0.173,0.682,93.571
20.720,-12.838,-0.158,0.682,93.722
20.740,-16.465,-0.136,0.682,93.829
20.760,-19.875,-0.115,0.682,93.880
20.780,-22.998,-0.086,0.682,93.876
20.800,-25.734,-0.054,0.682,93.816
20.820,-28.160,-0.020,0.682,93.704
20.840,-30.146,0.016,0.682,93.547
20.860,-31.670,0.051,0.682,93.355
20.880,-32.766,0.092,0.682,93.140
20.900,-33.299,0.130,0.682,92.915
20.920,-33.416,0.174,0.682,92.693
20.940,-33.064,0.212,0.682,92.490
20.960,-32.197,0.255,0.682,92.316
20.980,-30.873,0.289,0.682,92.186
21.000,-29.068,0.327,0.682,92.103
21.020,-26.865,0.356,0.682,92.078
21.040,-24.240,0.386,0.682,92.108
21.060,-21.264,0.415,0.682,92.199
21.080,-17.988,0.440,0.682,92.342
21.100,-14.461,0.454,0.682,92.532
21.120,-10.682,0.471,0.682,92.756
21.140,-6.744,0.477,0.682,93.006
21.160,-2.736,0.485,0.682,93.267
21.180,1.330,0.481,0.682,93.524
21.200,5.367,0.474,0.682,93.764
21.220,9.328,0.464,0.682,93.974
21.240,13.178,0.449,0.682,94.142
21.260,16.816,0.431,0.682,94.260
21.280,20.221,0.404,0.682,94.322
21.300,23.332,0.375,0.682,94.325
21.320,26.104,0.344,0.682,94.269
21.340,28.477,0.308,0.682,94.160
21.360,30.451,0.278,0.682,94.004
21.380,32.004,0.238,0.682,93.812
21.400,33.070,0.202,0.682,93.594
21.420,33.656,0.157,0.682,93.364
21.440,33.762,0.116,0.682,93.136
21.460,33.404,0.077,0.682,92.924
21.480,32.531,0.038,0.682,92.739
21.500,31.219,-0.000,0.682,92.595
21.520,29.426,-0.034,0.682,92.497
21.540,27.258,-0.065,0.682,92.456
21.560,24.645,-0.096,0.682,92.468
21.580,21.686,-0.119,0.682,92.540
21.600,18.434,-0.143,0.682,92.659
21.620,14.883,-0.158,0.682,92.825
21.640,11.133,-0.171,0.682,93.023
21.660,7.242,-0.182,0.682,93.246
21.680,3.229,-0.184,0.682,93.477
21.700,-0.826,-0.183,0.682,93.704
21.720,-4.869,-0.176,0.682,93.915
21.740,-8.842,-0.168,0.682,94.093
21.760,-12.680,-0.147,0.682,94.231
21.780,-16.312,-0.132,0.682,94.316
21.800,-19.734,-0.107,0.682,94.348
21.820,-22.881,-0.080,0.682,94.321
21.840,-25.646,-0.054,0.682,94.237
21.860,-28.055,-0.015,0.682,94.100
21.880,-30.064,0.016,0.682,93.916
21.900,-31.641,0.055,0.682,93.696
21.920,-32.719,0.094,0.682,93.451
21.940,-33.281,0.135,0.682,93.194
21.960,-33.434,0.174,0.682,92.940
21.980,-33.082,0.213,0.682,92.701
22.000,-32.262,0.254,0.682,92.491
22.020,-30.961,0.290,0.682,92.321
22.040,-29.180,0.327,0.682,92.199
22.060,-26.982,0.359,0.682,92.131
22.080,-24.381,0.391,0.682,92.123
22.100,-21.422,0.417,0.682,92.169
22.120,-18.146,0.443,0.682,92.274
22.140,-14.625,0.455,0.682,92.421
22.160,-10.857,0.475,0.682,92.608
22.180,-6.949,0.481,0.682,92.816
22.200,-2.924,0.486,0.682,93.041
22.220,1.137,0.481,0.682,93.260
22.240,5.180,0.480,0.682,93.469
22.260,9.135,0.468,0.682,93.646
22.280,13.008,0.452,0.682,93.786
22.300,16.670,0.431,0.682,93.879
22.320,20.062,0.406,0.682,93.917
22.340,23.203,0.378,0.682,93.900
22.360,25.992,0.348,0.682,93.827
22.380,28.383,0.311,0.682,93.702
22.400,30.369,0.278,0.682,93.532
22.420,31.939,0.236,0.682,93.327
22.440,33.018,0.199,0.682,93.098
22.460,33.639,0.156,0.682,92.859
22.480,33.768,0.116,0.682,92.623
22.500,33.434,0.077,0.682,92.404
22.520,32.590,0.035,0.682,92.214
22.540,31.289,-0.001,0.682,92.067
22.560,29.543,-0.038,0.682,91.970
22.580,27.375,-0.067,0.682,91.930
22.600,24.791,-0.098,0.682,91.946
22.620,21.832,-0.126,0.682,92.024
22.640,18.598,-0.144,0.682,92.154
22.660,15.064,-0.164,0.682,92.334
22.680,11.338,-0.179,0.682,92.550
22.700,7.447,-0.183,0.682,92.794
22.720,3.457,-0.187,0.682,93.048
22.740,-0.604,-0.185,0.682,93.301
22.760,-4.658,-0.185,0.682,93.539
22.780,-8.654,-0.174,0.682,93.751
22.800,-12.480,-0.158,0.682,93.923
22.820,-16.131,-0.140,0.682,94.046
22.840,-19.559,-0.116,0.682,94.114
22.860,-22.693,-0.089,0.682,94.126
22.880,-25.500,-0.057,0.682,94.080
22.900,-27.943,-0.025,0.682,93.981
22.920,-29.947,0.008,0.682,93.837
22.940,-31.547,0.049,0.682,93.655
22.960,-32.625,0.087,0.682,93.448
22.980,-33.252,0.128,0.682,93.229
23.000,-33.422,0.169,0.682,93.011
23.020,-33.088,0.207,0.682,92.809
23.040,-32.279,0.251,0.682,92.634
23.060,-30.996,0.285,0.682,92.500
23.080,-29.238,0.323,0.682,92.411
23.100,-27.082,0.352,0.682,92.379
23.120,-24.498,0.385,0.682,92.401
23.140,-21.557,0.411,0.682,92.483
23.160,-18.293,0.433,0.682,92.615
23.180,-14.795,0.452,0.682,92.796
23.200,-11.051,0.468,0.682,93.009
23.220,-7.113,0.473,0.682,93.249
23.240,-3.111,0.483,0.682,93.495
23.260,0.949,0.474,0.682,93.742
23.280,4.998,0.477,0.682,93.968
23.300,8.965,0.461,0.682,94.168
23.320,12.814,0.449,0.682,94.324
23.340,16.477,0.429,0.682,94.432
23.360,19.898,0.406,0.682,94.483
23.380,23.045,0.377,0.682,94.476
23.400,25.863,0.348,0.682,94.410
23.420,28.271,0.311,0.682,94.289
23.440,30.299,0.280,0.682,94.121
23.460,31.869,0.237,0.682,93.915
23.480,32.988,0.201,0.682,93.682
23.500,33.621,0.155,0.682,93.191
23.520,33.779,0.120,0.682,93.191
23.540,33.463,0.079,0.682,92.960
23.560,32.637,0.038,0.682,92.755
23.580,31.365,0.003,0.682,92.590
23.600,29.619,-0.036,0.682,92.471
23.620,27.486,-0.067,0.682,92.407
23.640,24.920,-0.091,0.682,92.399
23.660,21.979,-0.120,0.682,92.447
23.680,18.750,-0.141,0.682,92.547
23.700,15.240,-0.163,0.682,92.694
23.720,11.508,-0.170,0.682,92.878
23.740,7.605,-0.181,0.682,93.085
23.760,3.621,-0.186,0.682,93.304
23.780,-0.439,-0.187,0.682,93.521
23.800,-4.482,-0.180,0.682,93.723
23.820,-8.473,-0.170,0.682,93.897
23.840,-12.328,-0.155,0.682,94.033
23.860,-15.996,-0.137,0.682,94.119
23.880,-19.441,-0.109,0.682,94.152
23.900,-22.594,-0.087,0.682,94.126
23.920,-25.412,-0.054,0.682,94.045
23.940,-27.861,-0.023,0.682,93.912
23.960,-29.912,0.016,0.682,93.733
23.980,-31.512,0.049,0.682,93.517
24.000,-32.625,0.093,0.682,93.276
24.020,-33.270,0.128,0.682,93.023
24.040,-33.457,0.173,0.682,92.772
24.060,-33.164,0.210,0.682,92.536
24.080,-32.379,0.255,0.680,92.329
24.100,-31.107,0.287,0.680,92.163
24.120,-29.373,0.329,0.680,92.044
24.140,-27.205,0.352,0.680,91.982
24.160,-24.674,0.389,0.680,91.976
24.180,-21.738,0.417,0.680,92.030
24.200,-18.486,0.439,0.680,92.139
24.220,-14.982,0.460,0.680,92.296
24.240,-11.227,0.472,0.680,92.494
24.260,-7.330,0.479,0.680,92.718
24.280,-3.305,0.489,0.682,92.955
24.300,0.750,0.483,0.682,93.194
24.320,4.793,0.480,0.682,93.418
24.340,8.771,0.467,0.682,93.614
24.360,12.639,0.456,0.682,93.774
24.380,16.312,0.435,0.682,93.888
24.400,19.752,0.406,0.682,93.948
24.420,22.910,0.383,0.682,93.899
24.440,25.746,0.349,0.682,93.899
24.460,28.172,0.319,0.682,93.795
24.480,30.211,0.280,0.682,93.644
24.500,31.805,0.244,0.682,93.457
24.520,32.947,0.203,0.682,93.244
24.540,33.609,0.164,0.682,93.020
24.560,33.768,0.123,0.682,92.588
24.580,33.480,0.081,0.682,92.588
24.600,32.678,0.043,0.682,92.408
24.620,31.441,0.005,0.682,92.176
24.640,29.701,-0.030,0.682,92.176
24.660,27.598,-0.059,0.682,92.140
24.680,25.031,-0.093,0.682,92.161
24.700,22.125,-0.118,0.682,92.243
24.720,18.908,-0.137,0.682,92.375
24.740,15.410,-0.161,0.682,92.557
24.760,11.678,-0.170,0.682,92.777
24.780,7.816,-0.183,0.682,93.021
24.800,3.814,-0.185,0.682,93.278
24.820,-0.223,-0.187,0.682,93.535
24.840,-4.277,-0.183,0.682,93.777
24.860,-8.256,-0.172,0.682,93.991
24.880,-12.111,-0.158,0.682,94.164
24.900,-15.791,-0.137,0.682,94.288
24.920,-19.242,-0.117,0.682,94.357
24.940,-22.424,-0.091,0.682,94.369
24.960,-25.242,-0.061,0.682,94.321
24.980,-27.691,-0.024,0.682,94.220
25.000,-29.795,0.012,0.682,94.070
25.020,-31.418,0.048,0.682,93.881
25.040,-32.561,0.082,0.682,93.665
25.060,-33.217,0.128,0.682,93.436
25.080,-33.410,0.164,0.682,93.206
25.100,-33.152,0.204,0.682,92.989
25.120,-32.396,0.244,0.682,92.799
25.140,-31.143,0.282,0.682,92.646
25.160,-29.420,0.320,0.682,92.539
25.180,-27.275,0.350,0.682,92.486
25.200,-24.750,0.385,0.682,92.490
25.220,-21.838,0.406,0.682,92.549
25.240,-18.621,0.434,0.682,92.660
25.260,-15.129,0.450,0.682,92.819
25.280,-11.385,0.467,0.682,93.012
25.300,-7.518,0.474,0.682,93.231
25.320,-3.492,0.479,0.682,93.459
25.340,0.557,0.477,0.682,93.689
25.360,4.611,0.475,0.682,93.902
25.380,8.590,0.466,0.682,94.087
25.400,12.463,0.452,0.682,94.234
25.420,16.143,0.431,0.682,94.332
25.440,19.594,0.406,0.682,94.375
25.460,22.764,0.381,0.682,94.358
25.480,25.611,0.348,0.682,94.285
25.500,28.066,0.318,0.682,94.158
25.520,30.117,0.278,0.682,93.983
25.540,31.740,0.244,0.682,93.769
25.560,32.889,0.203,0.682,93.529
25.580,33.574,0.162,0.682,93.275
25.600,33.779,0.120,0.682,93.020
25.620,33.510,0.081,0.682,92.779
25.640,32.730,0.043,0.676,92.565
25.660,31.500,0.002,0.676,92.390
25.680,29.812,-0.033,0.676,92.261
25.700,27.715,-0.067,0.676,92.188
25.720,25.154,-0.091,0.676,92.172
25.740,22.277,-0.125,0.676,92.212
25.760,19.066,-0.139,0.676,92.309
25.780,15.580,-0.170,0.676,92.452
25.800,11.877,-0.169,0.676,92.637
25.820,8.016,-0.193,0.682,92.844
25.840,4.002,-0.184,0.682,93.069
25.860,-0.029,-0.194,0.682,93.292
25.880,-4.078,-0.180,0.682,93.505
25.900,-8.092,-0.175,0.682,93.689
25.920,-11.953,-0.159,0.682,93.837
25.940,-15.633,-0.141,0.682,93.939
25.960,-19.119,-0.120,0.682,93.988
25.980,-22.312,-0.091,0.682,93.982
26.000,-25.160,-0.064,0.682,93.918
26.020,-27.621,-0.024,0.682,93.803
26.040,-29.725,0.008,0.682,93.640
26.060,-31.389,0.047,0.682,93.441
26.080,-32.561,0.083,0.682,93.215
26.100,-33.258,0.126,0.682,92.977
26.120,-33.434,0.161,0.682,92.739
26.140,-33.193,0.209,0.682,92.516
26.160,-32.473,0.245,0.682,92.322
26.180,-31.266,0.282,0.682,92.167
26.200,-29.566,0.323,0.682,92.059
26.220,-27.428,0.349,0.682,92.006
26.240,-24.914,0.389,0.682,92.011
26.260,-22.014,0.405,0.682,92.077
26.280,-18.826,0.441,0.682,92.196
26.300,-15.334,0.452,0.682,92.366
26.320,-11.613,0.472,0.682,92.573
26.340,-7.705,0.473,0.682,92.811
26.360,-3.697,0.489,0.682,93.060
26.380,0.357,0.479,0.682,93.314
26.400,4.412,0.485,0.682,93.551
26.420,8.414,0.464,0.682,93.767
26.440,12.270,0.458,0.682,93.940
26.460,15.973,0.426,0.682,94.067
26.480,19.436,0.419,0.682,94.138
26.500,22.605,0.381,0.682,94.157
26.520,25.482,0.356,0.682,94.115
26.540,27.955,0.319,0.682,94.020
26.560,30.029,0.286,0.682,93.877
26.580,31.664,0.248,0.682,93.695
26.600,32.859,0.210,0.682,93.263
26.620,33.557,0.168,0.682,93.263
26.640,33.779,0.126,0.682,93.038
26.660,33.533,0.087,0.682,92.827
26.680,32.789,0.053,0.682,92.641
26.700,31.576,0.011,0.682,92.493
26.720,29.895,-0.025,0.682,92.390
26.740,27.826,-0.059,0.682,92.343
26.760,25.307,-0.087,0.682,92.352
26.780,22.412,-0.112,0.682,92.418
26.800,19.230,-0.136,0.682,92.537
26.820,15.744,-0.156,0.682,92.702
26.840,12.047,-0.170,0.682,92.905
26.860,8.191,-0.178,0.682,93.136
26.880,4.195,-0.183,0.682,93.377
26.900,0.164,-0.186,0.682,93.618
26.920,-3.902,-0.183,0.682,93.844
26.940,-7.887,-0.169,0.682,94.045
26.960,-11.760,-0.159,0.682,94.205
26.980,-15.457,-0.136,0.682,94.315
27.000,-18.943,-0.119,0.682,94.371
27.020,-22.154,-0.089,0.682,94.369
27.040,-25.002,-0.060,0.682,94.309
27.060,-27.510,-0.027,0.682,94.194
27.080,-29.607,0.009,0.682,94.031
27.100,-31.277,0.047,0.682,93.828
27.120,-32.490,0.084,0.682,93.596
27.140,-33.193,0.123,0.682,93.350
27.160,-33.434,0.161,0.682,92.866
27.180,-33.211,0.207,0.682,92.866
27.200,-32.496,0.242,0.682,92.656
27.220,-31.307,0.284,0.682,92.482
27.240,-29.631,0.316,0.682,92.354
27.260,-27.533,0.349,0.682,92.279
27.280,-25.025,0.382,0.682,92.260
27.300,-22.137,0.409,0.682,92.298
27.320,-18.955,0.432,0.682,92.391
27.340,-15.469,0.452,0.682,92.529
27.360,-11.766,0.467,0.682,92.709
27.380,-7.898,0.478,0.682,92.914
27.400,-3.873,0.482,0.682,93.135
27.420,0.182,0.485,0.682,93.357
27.440,4.236,0.473,0.682,93.567
27.460,8.221,0.468,0.682,93.748
27.480,12.100,0.452,0.682,93.894
27.500,15.809,0.434,0.682,93.993
27.520,19.277,0.410,0.682,94.040
27.540,22.471,0.385,0.682,94.030
27.560,25.377,0.352,0.682,93.963
27.580,27.850,0.320,0.682,93.674
27.600,29.947,0.280,0.682,93.674
27.620,31.594,0.246,0.682,93.467
27.640,32.812,0.204,0.682,93.234
27.660,33.545,0.164,0.682,92.987
27.680,33.773,0.122,0.682,92.739
27.700,33.551,0.082,0.682,92.505
27.720,32.818,0.045,0.682,92.297
27.740,31.641,0.002,0.682,92.128
27.760,29.977,-0.028,0.682,92.008
27.780,27.932,-0.065,0.682,91.942
27.800,25.424,-0.087,0.682,91.933
27.820,22.570,-0.126,0.682,91.982
27.840,19.400,-0.138,0.682,92.091
27.860,15.937,-0.167,0.682,92.246
27.880,12.240,-0.170,0.682,92.445
27.900,8.373,-0.189,0.682,92.668
27.920,4.395,-0.183,0.682,92.911
27.940,0.363,-0.194,0.682,93.153
27.960,-3.691,-0.183,0.682,93.389
27.980,-7.693,-0.176,0.682,93.597
28.000,-11.584,-0.166,0.682,93.770
28.020,-15.275,-0.139,0.682,93.898
28.040,-18.768,-0.128,0.682,93.971
28.060,-21.990,-0.088,0.682,93.991
28.080,-24.861,-0.069,0.682,93.952
28.100,-27.387,-0.025,0.682,93.861
28.120,-29.514,-0.001,0.682,93.720
28.140,-31.201,0.045,0.682,93.543
28.160,-32.408,0.078,0.682,93.338
28.180,-33.146,0.123,0.682,93.118
28.200,-33.428,0.159,0.682,92.897
28.220,-33.229,0.199,0.682,92.689
28.240,-32.543,0.235,0.682,92.507
28.260,-31.359,0.278,0.682,92.362
28.280,-29.707,0.316,0.682,92.265
28.300,-27.650,0.346,0.682,92.221
28.320,-25.166,0.383,0.682,92.236
28.340,-22.307,0.404,0.682,92.308
28.360,-19.090,0.434,0.682,92.437
28.380,-15.650,0.447,0.682,92.611
28.400,-11.971,0.467,0.682,92.828
28.420,-8.092,0.471,0.682,93.069
28.440,-4.084,0.485,0.682,93.327
28.460,-0.023,0.478,0.682,93.830
28.480,4.037,0.483,0.682,93.830
28.500,8.033,0.464,0.682,94.051
28.520,11.895,0.459,0.682,94.230
28.540,15.621,0.432,0.682,94.366
28.560,19.102,0.418,0.682,94.443
28.580,22.324,0.383,0.682,94.466
28.600,25.230,0.363,0.682,94.425
28.620,27.732,0.323,0.682,94.333
28.640,29.830,0.293,0.682,94.190
28.660,31.535,0.250,0.682,94.007
28.680,32.760,0.213,0.682,93.793
28.700,33.510,0.172,0.682,93.564
28.720,33.785,0.132,0.682,93.331
28.740,33.580,0.092,0.682,93.109
28.760,32.883,0.048,0.682,92.911
28.780,31.699,0.015,0.682,92.751
28.800,30.053,-0.025,0.682,92.634
28.820,28.043,-0.055,0.682,92.572
28.840,25.547,-0.084,0.682,92.562
28.860,22.711,-0.112,0.682,92.612
28.880,19.541,-0.137,0.682,92.712
28.900,16.102,-0.156,0.682,92.862
28.920,12.393,-0.170,0.682,93.047
28.940,8.543,-0.181,0.682,93.264
28.960,4.582,-0.183,0.682,93.490
28.980,0.533,-0.188,0.682,93.934
29.000,-3.510,-0.181,0.682,93.934
29.020,-7.512,-0.173,0.682,94.124
29.040,-11.420,-0.159,0.682,94.270
29.060,-15.123,-0.137,0.682,94.376
29.080,-18.621,-0.118,0.682,94.422
29.100,-21.861,-0.089,0.682,94.413
29.120,-24.756,-0.063,0.682,94.346
29.140,-27.305,-0.025,0.682,94.224
29.160,-29.461,0.008,0.682,94.053
29.180,-31.172,0.042,0.682,93.843
29.200,-32.426,0.082,0.682,93.604
29.220,-33.158,0.120,0.682,93.348
29.240,-33.428,0.165,0.682,93.090
29.260,-33.252,0.203,0.682,92.844
29.280,-32.607,0.244,0.682,92.623
29.300,-31.453,0.282,0.682,92.438
29.320,-29.807,0.315,0.682,92.299
29.340,-27.744,0.353,0.682,92.213
29.360,-25.289,0.380,0.682,92.184
29.380,-22.465,0.412,0.682,92.212
29.400,-19.277,0.432,0.682,92.297
29.420,-15.814,0.454,0.682,92.430
29.440,-12.123,0.470,0.682,92.603
29.460,-8.256,0.484,0.682,92.806
29.480,-4.266,0.484,0.682,93.029
29.500,-0.205,0.487,0.682,93.253
29.520,3.850,0.477,0.682,93.466
29.540,7.846,0.470,0.682,93.654
29.560,11.719,0.452,0.682,93.807
29.580,15.463,0.439,0.682,93.915
29.600,18.949,0.412,0.682,93.972
29.620,22.172,0.389,0.682,93.972
29.640,25.102,0.358,0.682,93.918
29.660,27.627,0.325,0.682,93.809
29.680,29.760,0.290,0.682,93.653
29.700,31.447,0.253,0.682,93.459
29.720,32.713,0.210,0.682,93.237
29.740,33.486,0.173,0.682,93.000
29.760,33.773,0.129,0.682,92.762
29.780,33.604,0.091,0.682,92.536
29.800,32.906,0.053,0.682,92.336
29.820,31.770,0.010,0.682,92.173
29.840,30.164,-0.022,0.682,92.058
29.860,28.143,-0.061,0.682,91.997
29.880,25.687,-0.083,0.682,91.997
29.900,22.846,-0.119,0.682,92.052
29.920,19.711,-0.133,0.682,92.167
29.940,16.277,-0.161,0.682,92.329
29.960,12.598,-0.170,0.682,92.536
29.980,8.760,-0.185,0.682,92.770
30.000,4.781,-0.186,0.682,93.025
30.020,0.750,-0.187,0.682,93.278
30.040,-3.305,-0.183,0.682,93.523
30.060,-7.301,-0.177,0.682,93.742
30.080,-11.197,-0.165,0.682,93.927
30.100,-14.930,-0.145,0.682,94.067
30.120,-18.439,-0.124,0.682,94.154
30.140,-21.697,-0.097,0.682,94.183
30.160,-24.598,-0.072,0.682,94.155
30.180,-27.135,-0.035,0.682,94.073
30.200,-29.320,-0.004,0.682,93.941
30.220,-31.066,0.037,0.682,93.769
30.240,-32.320,0.070,0.682,93.567
30.260,-33.105,0.115,0.682,93.349
30.280,-33.422,0.150,0.682,93.128
30.300,-33.252,0.198,0.682,92.917
30.320,-32.631,0.236,0.682,92.731
30.340,-31.494,0.274,0.682,92.580
30.360,-29.883,0.309,0.682,92.475
30.380,-27.850,0.343,0.682,92.420
30.400,-25.400,0.373,0.682,92.425
30.420,-22.594,0.406,0.682,92.482
30.440,-19.430,0.427,0.682,92.599
30.460,-15.973,0.447,0.682,92.759
30.480,-12.316,0.463,0.682,92.962
30.500,-8.449,0.476,0.682,93.188
30.520,-4.459,0.481,0.682,93.434
30.540,-0.398,0.482,0.682,93.680
30.560,3.656,0.477,0.682,93.913
30.580,7.652,0.471,0.682,94.121
30.600,11.549,0.456,0.682,94.290
30.620,15.293,0.439,0.682,94.415
30.640,18.791,0.414,0.682,94.481
30.660,22.025,0.389,0.682,94.493
30.680,24.973,0.358,0.682,94.442
30.700,27.521,0.323,0.682,94.338
30.720,29.672,0.290,0.682,94.182
30.740,31.383,0.249,0.682,93.986
30.760,32.666,0.215,0.682,93.758
30.780,33.469,0.171,0.682,93.514
30.800,33.768,0.128,0.682,93.265
30.820,33.621,0.091,0.682,93.025
30.840,32.965,0.049,0.682,92.809
30.860,31.828,0.012,0.682,92.629
30.880,30.252,-0.021,0.682,92.493
30.900,28.248,-0.062,0.682,92.409
30.920,25.822,-0.083,0.682,92.382
30.940,22.986,-0.115,0.682,92.411
30.960,19.863,-0.133,0.682,92.493
30.980,16.436,-0.162,0.682,92.624
31.000,12.750,-0.170,0.682,92.796
31.020,8.918,-0.183,0.682,92.998
31.040,4.963,-0.183,0.682,93.214
31.060,0.932,-0.186,0.682,93.434
31.080,-3.135,-0.180,0.682,93.641
31.100,-7.160,-0.174,0.682,93.826
31.120,-11.062,-0.159,0.682,93.973
31.140,-14.783,-0.145,0.682,94.078
31.160,-18.322,-0.122,0.682,94.129
31.180,-21.580,-0.092,0.682,94.127
31.200,-24.516,-0.070,0.682,94.065
31.220,-27.082,-0.033,0.682,93.952
31.240,-29.273,0.001,0.682,93.788
31.260,-31.031,0.040,0.682,93.585
31.280,-32.297,0.072,0.682,93.352
31.300,-33.135,0.117,0.682,93.104
31.320,-33.422,0.157,0.682,92.852
31.340,-33.299,0.199,0.682,92.611
31.360,-32.701,0.238,0.681,92.395
31.380,-31.564,0.277,0.681,92.216
31.400,-30.023,0.315,0.681,92.002
31.420,-27.996,0.347,0.681,92.002
31.440,-25.564,0.377,0.681,91.980
31.460,-22.740,0.409,0.681,92.016
31.480,-19.588,0.427,0.681,92.111
31.500,-16.166,0.453,0.681,92.253
31.520,-12.527,0.463,0.681,92.441
31.540,-8.666,0.478,0.681,92.656
31.560,-4.664,0.482,0.681,92.894
31.580,-0.598,0.488,0.682,93.134
31.600,3.451,0.484,0.682,93.367
31.620,7.441,0.472,0.682,93.579
31.640,11.355,0.459,0.682,93.752
31.660,15.105,0.443,0.682,93.883
31.680,18.627,0.416,0.682,93.962
31.700,21.873,0.394,0.682,93.985
31.720,24.844,0.360,0.682,93.951
31.740,27.393,0.331,0.682,93.862
31.760,29.584,0.295,0.682,93.726
31.780,31.312,0.257,0.682,93.550
31.800,32.607,0.220,0.682,93.344
31.820,33.434,0.178,0.682,93.121
31.840,33.768,0.139,0.682,92.894
31.860,33.639,0.099,0.682,92.678
31.880,33.018,0.057,0.682,92.486
31.900,31.898,0.020,0.682,92.329
31.920,30.322,-0.018,0.682,92.218
31.940,28.354,-0.054,0.682,92.160
31.960,25.945,-0.078,0.682,92.161
31.980,23.145,-0.112,0.682,92.217
32.000,20.016,-0.130,0.682,92.331
32.020,16.611,-0.154,0.682,92.493
32.040,12.943,-0.166,0.682,92.699
32.060,9.135,-0.182,0.682,92.930
32.080,5.168,-0.185,0.682,93.183
32.100,1.131,-0.186,0.682,93.434
32.120,-2.924,-0.184,0.682,93.676
32.140,-6.932,-0.176,0.682,93.892
32.160,-10.852,-0.163,0.682,94.075
32.180,-14.590,-0.145,0.682,94.210
32.200,-18.123,-0.125,0.682,94.293
32.220,-21.387,-0.101,0.682,94.318
32.240,-24.357,-0.067,0.682,94.286
32.260,-26.936,-0.038,0.682,94.196
32.280,-29.162,-0.004,0.682,94.057
32.300,-30.937,0.034,0.682,93.874
32.320,-32.227,0.066,0.682,93.661
32.340,-33.082,0.114,0.682,93.430
32.360,-33.387,0.146,0.682,93.193
32.380,-33.299,0.194,0.682,92.964
32.400,-32.713,0.232,0.682,92.758
32.420,-31.600,0.270,0.682,92.586
32.440,-30.041,0.307,0.682,92.458
32.460,-28.043,0.343,0.682,92.380
32.480,-25.658,0.371,0.682,92.361
32.500,-22.869,0.402,0.682,92.393
32.520,-19.711,0.423,0.682,92.484
32.540,-16.324,0.448,0.682,92.620
32.560,-12.668,0.459,0.682,92.800
32.580,-8.807,0.476,0.682,93.004
32.600,-4.834,0.483,0.682,93.229
32.620,-0.779,0.481,0.682,93.457
32.640,3.287,0.476,0.682,93.674
32.660,7.301,0.469,0.682,93.866
32.680,11.180,0.455,0.682,94.024
32.700,14.947,0.441,0.682,94.135
32.720,18.480,0.413,0.682,94.194
32.740,21.738,0.391,0.682,94.196
32.760,24.721,0.359,0.682,94.141
32.780,27.281,0.328,0.682,94.030
32.800,29.473,0.291,0.682,93.868
32.820,31.242,0.255,0.682,93.665
32.840,32.578,0.211,0.682,93.432
32.860,33.422,0.172,0.682,93.179
32.880,33.779,0.137,0.682,92.923
32.900,33.662,0.095,0.682,92.675
32.920,33.029,0.053,0.682,92.450
32.940,31.975,0.018,0.676,92.260
32.960,30.451,-0.021,0.676,92.115
32.980,28.465,-0.053,0.676,92.022
33.000,26.074,-0.083,0.676,91.987
33.020,23.279,-0.114,0.676,92.009
33.040,20.174,-0.136,0.676,92.088
33.060,16.781,-0.160,0.676,92.217
33.080,13.154,-0.170,0.676,92.391
33.100,9.311,-0.182,0.676,92.595
33.120,5.367,-0.186,0.676,92.818
33.140,1.312,-0.189,0.677,93.044
33.160,-2.730,-0.186,0.677,93.264
33.180,-6.738,-0.177,0.677,93.462
33.200,-10.676,-0.166,0.677,93.627
33.220,-14.420,-0.145,0.677,93.748
33.240,-17.959,-0.128,0.677,93.817
33.260,-21.264,-0.101,0.677,93.833
33.280,-24.217,-0.072,0.677,93.791
33.300,-26.807,-0.037,0.677,93.695
33.320,-29.080,-0.009,0.677,93.550
33.340,-30.879,0.038,0.677,93.366
33.360,-32.191,0.064,0.677,93.149
33.380,-33.053,0.112,0.677,92.917
33.400,-33.404,0.145,0.677,92.681
33.420,-33.334,0.195,0.677,92.454
33.440,-32.760,0.230,0.677,92.252
33.460,-31.705,0.272,0.677,92.084
33.480,-30.182,0.307,0.677,91.963
33.500,-28.178,0.341,0.677,91.894
33.520,-25.811,0.373,0.677,91.883
33.540,-23.045,0.402,0.677,91.930
33.560,-19.922,0.425,0.677,92.037
33.580,-16.512,0.451,0.677,92.192
33.600,-12.873,0.462,0.677,92.393
33.620,-9.035,0.477,0.677,92.622
33.640,-5.039,0.480,0.677,92.872
33.660,-1.002,0.485,0.677,93.125
33.680,3.053,0.481,0.677,93.372
33.700,7.078,0.472,0.677,93.597
33.720,10.986,0.460,0.677,93.789
33.740,14.760,0.441,0.677,93.936
33.760,18.305,0.422,0.677,94.029
33.780,21.580,0.398,0.677,94.068
33.800,24.574,0.364,0.677,94.049
33.820,27.170,0.336,0.677,93.973
33.840,29.385,0.296,0.677,93.847
33.860,31.160,0.265,0.677,93.679
33.880,32.514,0.224,0.677,93.479
33.900,33.387,0.182,0.677,93.260
33.920,33.779,0.145,0.677,93.035
33.940,33.668,0.100,0.677,92.818
33.960,33.094,0.062,0.677,92.624
33.980,32.033,0.027,0.677,92.463
34.000,30.516,-0.012,0.677,92.344
34.020,28.570,-0.050,0.677,92.278
34.040,26.203,-0.076,0.677,92.269
34.060,23.420,-0.108,0.677,92.314
34.080,20.326,-0.128,0.677,92.417
34.100,16.951,-0.154,0.677,92.566
34.120,13.312,-0.164,0.677,92.760
34.140,9.504,-0.179,0.677,92.980
34.160,5.543,-0.181,0.677,93.222
34.180,1.506,-0.184,0.677,93.465
34.200,-2.549,-0.181,0.677,93.697
34.220,-6.557,-0.174,0.677,93.906
34.240,-10.494,-0.166,0.677,94.080
34.260,-14.256,-0.140,0.677,94.208
34.280,-17.812,-0.127,0.677,94.282
34.300,-21.117,-0.096,0.677,94.300
34.320,-24.082,-0.073,0.677,94.258
34.340,-26.701,-0.036,0.677,94.161
34.360,-28.957,-0.003,0.677,94.012
34.380,-30.768,0.033,0.677,93.820
34.400,-32.133,0.070,0.677,93.596
34.420,-33.023,0.112,0.677,93.353
34.440,-33.387,0.150,0.677,93.102
34.460,-33.334,0.192,0.677,92.860
34.480,-32.777,0.229,0.677,92.638
34.500,-31.752,0.269,0.677,92.449
34.520,-30.229,0.310,0.677,92.304
34.540,-28.254,0.340,0.677,92.210
34.560,-25.898,0.375,0.677,92.171
34.580,-23.127,0.402,0.677,92.190
34.600,-20.051,0.427,0.677,92.264
34.620,-16.658,0.449,0.677,92.387
34.640,-13.025,0.462,0.677,92.555
34.660,-9.193,0.476,0.677,92.752
34.680,-5.203,0.479,0.677,92.968
34.700,-1.178,0.483,0.677,93.189
34.720,2.883,0.479,0.677,93.404
34.740,6.902,0.471,0.677,93.596
34.760,10.816,0.456,0.677,93.870
34.780,14.607,0.437,0.677,93.870
34.800,18.146,0.419,0.677,93.935
34.820,21.439,0.391,0.677,93.943
34.840,24.451,0.360,0.677,93.895
34.860,27.064,0.333,0.677,93.791
34.880,29.303,0.294,0.677,93.639
34.900,31.090,0.262,0.677,93.446
34.920,32.473,0.220,0.677,93.222
34.940,33.352,0.182,0.677,92.979
34.960,33.762,0.137,0.677,92.730
34.980,33.691,0.097,0.677,92.490
35.000,33.152,0.060,0.677,92.273
35.020,32.092,0.017,0.677,92.090
35.040,30.592,-0.018,0.677,91.954
35.060,28.658,-0.057,0.677,91.869
35.080,26.326,-0.079,0.677,91.845
35.100,23.566,-0.115,0.677,91.875
35.120,20.496,-0.133,0.677,91.968
35.140,17.133,-0.158,0.677,92.108
35.160,13.500,-0.166,0.677,92.297
35.180,9.691,-0.186,0.677,92.516
35.200,5.754,-0.185,0.677,92.758
35.220,1.717,-0.190,0.678,93.003
35.240,-2.338,-0.186,0.678,93.244
35.260,-6.352,-0.182,0.678,93.464
35.280,-10.301,-0.168,0.678,93.655
35.300,-14.062,-0.149,0.678,93.799
35.320,-17.607,-0.131,0.678,93.894
35.340,-20.930,-0.104,0.678,93.934
35.360,-23.930,-0.078,0.678,93.918
35.380,-26.584,-0.043,0.678,93.846
35.400,-28.846,-0.007,0.678,93.724
35.420,-30.680,0.025,0.678,93.364
35.440,-32.080,0.064,0.678,93.364
35.460,-32.971,0.102,0.678,93.150
35.480,-33.369,0.142,0.678,92.929
35.500,-33.346,0.188,0.678,92.718
35.520,-32.801,0.224,0.678,92.527
35.540,-31.811,0.265,0.678,92.371
35.560,-30.311,0.302,0.678,92.258
35.580,-28.371,0.340,0.678,92.197
35.600,-26.033,0.369,0.678,92.195
35.620,-23.279,0.400,0.678,92.249
35.640,-20.203,0.424,0.678,92.361
35.660,-16.828,0.449,0.678,92.523
35.680,-13.219,0.459,0.678,92.728
35.700,-9.387,0.476,0.678,92.962
35.720,-5.420,0.476,0.678,93.218
35.740,-1.377,0.486,0.678,93.476
35.760,2.701,0.478,0.678,93.729
35.780,6.715,0.477,0.678,93.958
35.800,10.623,0.458,0.678,94.154
35.820,14.426,0.445,0.678,94.304
35.840,17.977,0.421,0.678,94.402
35.860,21.287,0.396,0.678,94.443
35.880,24.311,0.366,0.678,94.423
35.900,26.941,0.336,0.678,94.348
35.920,29.191,0.298,0.678,94.219
35.940,31.008,0.265,0.678,94.048
35.960,32.414,0.221,0.678,93.843
35.980,33.322,0.182,0.678,93.617
36.000,33.750,0.144,0.678,93.383
36.020,33.697,0.101,0.678,93.155
36.040,33.164,0.065,0.678,92.947
36.060,32.162,0.022,0.678,92.771
36.080,30.662,-0.009,0.678,92.639
36.100,28.764,-0.050,0.678,92.555
36.120,26.437,-0.077,0.678,92.528
36.140,23.701,-0.105,0.678,92.556
36.160,20.643,-0.130,0.678,92.641
36.180,17.285,-0.152,0.678,92.773
36.200,13.658,-0.164,0.678,92.950
36.220,9.861,-0.178,0.678,93.153
36.240,5.912,-0.182,0.678,93.378
36.260,1.893,-0.187,0.678,93.606
36.280,-2.162,-0.179,0.678,93.827
36.300,-6.176,-0.176,0.678,94.023
36.320,-10.131,-0.166,0.678,94.187
36.340,-13.904,-0.147,0.678,94.308
36.360,-17.479,-0.128,0.678,94.377
36.380,-20.812,-0.099,0.678,94.388
36.400,-23.830,-0.070,0.678,94.341
36.420,-26.484,-0.039,0.678,94.237
36.440,-28.775,-0.004,0.678,94.084
36.460,-30.633,0.034,0.678,93.887
36.480,-32.021,0.066,0.678,93.657
36.500,-32.953,0.110,0.678,93.408
36.520,-33.387,0.147,0.678,93.151
36.540,-33.381,0.194,0.678,92.902
36.560,-32.859,0.225,0.678,92.673
36.580,-31.893,0.271,0.676,92.476
36.600,-30.410,0.302,0.676,92.325
36.620,-28.494,0.345,0.676,92.222
36.640,-26.174,0.368,0.676,92.179
36.660,-23.449,0.402,0.676,92.190
36.680,-20.367,0.422,0.676,92.262
36.700,-16.992,0.450,0.676,92.381
36.720,-13.395,0.461,0.676,92.549
36.740,-9.568,0.480,0.676,92.745
36.760,-5.607,0.478,0.676,92.967
36.780,-1.564,0.489,0.679,93.192
36.800,2.496,0.478,0.679,93.416
36.820,6.539,0.483,0.679,93.618
36.840,10.441,0.457,0.679,93.790
36.860,14.238,0.449,0.679,93.918
36.880,17.818,0.418,0.679,93.998
36.900,21.129,0.400,0.679,94.021
36.920,24.170,0.371,0.679,93.989
36.940,26.830,0.338,0.679,93.902
36.960,29.098,0.302,0.679,93.765
36.980,30.943,0.265,0.679,93.587
37.000,32.355,0.226,0.679,93.376
37.020,33.293,0.187,0.679,93.146
37.040,33.750,0.145,0.679,92.909
37.060,33.709,0.103,0.679,92.681
37.080,33.217,0.066,0.679,92.474
37.100,32.221,0.026,0.679,92.300
37.120,30.773,-0.008,0.679,92.171
37.140,28.869,-0.052,0.679,92.094
37.160,26.566,-0.075,0.679,92.076
37.180,23.836,-0.108,0.679,92.214
37.200,20.801,-0.129,0.679,92.214
37.220,17.461,-0.152,0.679,92.362
37.240,13.852,-0.168,0.679,92.556
37.260,10.061,-0.181,0.679,92.783
37.280,6.111,-0.186,0.679,93.032
37.300,2.104,-0.187,0.679,93.287
37.320,-1.957,-0.187,0.679,93.536
37.340,-5.971,-0.179,0.679,93.764
37.360,-9.932,-0.169,0.679,93.959
37.380,-13.717,-0.152,0.679,94.113
37.400,-17.297,-0.129,0.679,94.215
37.420,-20.648,-0.107,0.679,94.260
37.440,-23.666,-0.078,0.679,94.249
37.460,-26.344,-0.049,0.679,94.181
37.480,-28.658,-0.013,0.679,94.064
37.500,-30.551,0.024,0.679,93.901
37.520,-31.963,0.062,0.679,93.705
37.540,-32.906,0.101,0.679,93.487
37.560,-33.346,0.137,0.679,93.262
37.580,-33.357,0.185,0.679,93.042
37.600,-32.889,0.219,0.679,92.843
37.620,-31.928,0.266,0.679,92.674
37.640,-30.451,0.292,0.679,92.550
37.660,-28.553,0.339,0.679,92.471
37.680,-26.250,0.358,0.679,92.454
37.700,-23.561,0.402,0.679,92.486
37.720,-20.496,0.417,0.679,92.582
37.740,-17.127,0.447,0.679,92.720
37.760,-13.559,0.456,0.679,92.908
37.780,-9.732,0.476,0.679,93.121
37.800,-5.789,0.474,0.679,93.359
37.820,-1.752,0.489,0.679,93.597
37.840,2.309,0.472,0.679,93.835
37.860,6.340,0.474,0.679,94.045
37.880,10.266,0.453,0.679,94.224
37.900,14.068,0.448,0.679,94.356
37.920,17.654,0.418,0.679,94.441
37.940,20.982,0.397,0.679,94.466
37.960,24.041,0.364,0.679,94.432
37.980,26.701,0.336,0.679,94.340
38.000,28.998,0.298,0.679,94.198
38.020,30.867,0.265,0.679,94.011
38.040,32.309,0.225,0.679,93.790
38.060,33.252,0.186,0.679,93.547
38.080,33.738,0.145,0.679,93.295
38.100,33.721,0.106,0.679,93.049
38.120,33.252,0.067,0.679,92.821
38.140,32.262,0.023,0.679,92.625
38.160,30.844,-0.009,0.679,92.472
38.180,28.957,-0.048,0.679,92.368
38.200,26.689,-0.073,0.679,92.321
38.220,23.971,-0.108,0.679,92.329
38.240,20.953,-0.126,0.679,92.397
38.260,17.619,-0.156,0.679,92.510
38.280,14.004,-0.164,0.679,92.673
38.300,10.242,-0.179,0.679,92.863
38.320,6.305,-0.183,0.679,93.078
38.340,2.279,-0.187,0.679,93.298
38.360,-1.781,-0.183,0.679,93.515
38.380,-5.801,-0.183,0.679,93.709
38.400,-9.750,-0.166,0.679,93.877
38.420,-13.547,-0.151,0.679,93.999
38.440,-17.156,-0.129,0.679,94.071
38.460,-20.514,-0.104,0.679,94.088
38.480,-23.566,-0.082,0.679,94.049
38.500,-26.262,-0.044,0.679,93.955
38.520,-28.570,-0.015,0.679,93.810
38.540,-30.504,0.026,0.679,93.622
38.560,-31.922,0.062,0.679,93.401
38.580,-32.906,0.103,0.679,93.160
38.600,-33.363,0.141,0.679,92.911
38.620,-33.393,0.182,0.679,92.669
38.640,-32.959,0.225,0.679,92.447
38.660,-32.010,0.261,0.679,92.257
38.680,-30.586,0.298,0.679,92.017
38.700,-28.711,0.339,0.679,92.017
38.720,-26.402,0.365,0.679,91.980
38.740,-23.730,0.402,0.679,92.001
38.760,-20.684,0.423,0.679,92.082
38.780,-17.355,0.448,0.679,92.213
38.800,-13.775,0.460,0.679,92.392
38.820,-9.949,0.477,0.679,92.603
38.840,-6.000,0.482,0.679,92.840
38.860,-1.957,0.487,0.679,93.083
38.880,2.098,0.484,0.679,93.324
38.900,6.123,0.479,0.679,93.547
38.920,10.078,0.462,0.679,93.739
38.940,13.893,0.451,0.679,93.889
38.960,17.496,0.427,0.679,93.989
38.980,20.818,0.406,0.679,94.033
39.000,23.889,0.371,0.679,94.022
39.020,26.596,0.344,0.679,93.953
39.040,28.893,0.308,0.679,93.834
39.060,30.785,0.272,0.679,93.672
39.080,32.238,0.233,0.679,93.475
39.100,33.223,0.192,0.679,93.258
39.120,33.715,0.149,0.679,93.032
39.140,33.732,0.110,0.679,92.811
39.160,33.281,0.070,0.679,92.611
39.180,32.326,0.030,0.679,92.441
39.200,30.920,-0.004,0.679,92.316
39.220,29.057,-0.046,0.679,92.238
39.240,26.807,-0.067,0.679,92.220
39.260,24.105,-0.106,0.679,92.255
39.280,21.100,-0.120,0.679,92.352
39.300,17.789,-0.150,0.679,92.494
39.320,14.203,-0.163,0.679,92.686
39.340,10.418,-0.178,0.679,92.907
39.360,6.498,-0.182,0.679,93.154
39.380,2.496,-0.186,0.679,93.651
39.400,-1.576,-0.185,0.679,93.651
39.420,-5.602,-0.179,0.679,93.873
39.440,-9.562,-0.167,0.679,94.067
39.460,-13.365,-0.151,0.679,94.214
39.480,-16.969,-0.127,0.679,94.312
39.500,-20.338,-0.108,0.679,94.353
39.520,-23.396,-0.077,0.679,94.336
39.540,-26.127,-0.045,0.679,94.260
39.560,-28.447,-0.013,0.679,94.132
39.580,-30.369,0.024,0.679,93.959
39.600,-31.846,0.059,0.679,93.752
39.620,-32.865,0.100,0.679,93.521
39.640,-33.328,0.141,0.679,93.281
39.660,-33.387,0.181,0.679,93.044
39.680,-32.930,0.222,0.679,92.826
39.700,-32.021,0.260,0.679,92.637
39.720,-30.627,0.298,0.679,92.491
39.740,-28.758,0.329,0.679,92.393
39.760,-26.502,0.359,0.679,92.350
39.780,-23.830,0.394,0.679,92.361
39.800,-20.789,0.414,0.679,92.430
39.820,-17.473,0.443,0.679,92.548
39.840,-13.922,0.455,0.679,92.712
39.860,-10.107,0.472,0.679,92.907
39.880,-6.170,0.479,0.679,93.351
39.900,-2.121,0.482,0.679,93.351
39.920,1.916,0.479,0.679,93.570
39.940,5.965,0.475,0.679,93.771
39.960,9.879,0.459,0.679,93.941
39.980,13.711,0.447,0.679,94.066
40.000,17.332,0.419,0.679,94.144
40.020,20.678,0.402,0.679,94.164
40.040,23.754,0.369,0.679,94.129
40.060,26.473,0.338,0.679,94.036
40.080,28.793,0.303,0.679,93.891
40.100,30.703,0.268,0.679,93.702
40.120,32.180,0.230,0.679,93.480
40.140,33.176,0.189,0.679,93.235
40.160,33.703,0.149,0.679,92.981
40.180,33.738,0.105,0.679,92.732
40.200,33.322,0.067,0.679,92.502
40.220,32.379,0.027,0.677,92.302
40.240,31.002,-0.008,0.677,92.147
40.260,29.174,-0.048,0.677,92.039
40.280,26.924,-0.071,0.677,91.992
40.300,24.246,-0.106,0.677,91.999
40.320,21.246,-0.124,0.677,92.184
40.340,17.971,-0.153,0.677,92.184
40.360,14.373,-0.165,0.677,92.352
40.380,10.605,-0.179,0.677,92.550
40.400,6.709,-0.186,0.677,92.778
40.420,2.689,-0.189,0.678,93.009
40.440,-1.365,-0.187,0.678,93.241
40.460,-5.426,-0.183,0.678,93.451
40.480,-9.393,-0.170,0.678,93.638
40.500,-13.184,-0.158,0.678,93.780
40.520,-16.793,-0.136,0.678,93.877
40.540,-20.186,-0.112,0.678,93.917
40.560,-23.273,-0.084,0.678,93.902
40.580,-25.998,-0.050,0.678,93.831
40.600,-28.359,-0.019,0.678,93.709
40.620,-30.305,0.020,0.678,93.543
40.640,-31.781,0.055,0.678,93.344
40.660,-32.812,0.099,0.678,93.122
40.680,-33.340,0.135,0.678,92.892
40.700,-33.410,0.178,0.678,92.667
40.720,-33.012,0.215,0.678,92.462
40.740,-32.104,0.257,0.678,92.286
40.760,-30.732,0.294,0.678,92.155
40.780,-28.898,0.331,0.678,92.072
40.800,-26.637,0.359,0.678,92.048
40.820,-23.988,0.397,0.678,92.079
40.840,-20.982,0.416,0.678,92.173
40.860,-17.666,0.443,0.678,92.315
40.880,-14.115,0.455,0.678,92.727
40.900,-10.324,0.476,0.678,92.727
40.920,-6.387,0.479,0.678,92.976
40.940,-2.350,0.483,0.678,93.232
40.960,1.717,0.482,0.678,93.487
40.980,5.754,0.478,0.678,93.721
41.000,9.686,0.464,0.678,93.926
41.020,13.523,0.450,0.678,94.087
41.040,17.156,0.424,0.678,94.198
41.060,20.525,0.404,0.678,94.253
41.080,23.625,0.373,0.678,94.250
41.100,26.355,0.344,0.678,94.076
41.120,28.693,0.307,0.678,94.076
41.140,30.633,0.275,0.678,93.917
41.160,32.115,0.235,0.678,93.723
41.180,33.141,0.196,0.678,93.504
41.200,33.691,0.157,0.678,93.275
41.220,33.750,0.112,0.678,93.049
41.240,33.346,0.074,0.678,92.840
41.260,32.426,0.034,0.678,92.660
41.280,31.078,-0.001,0.678,92.522
41.300,29.250,-0.040,0.678,92.430
41.320,27.035,-0.067,0.678,92.397
41.340,24.381,-0.098,0.678,92.417
41.360,21.393,-0.119,0.678,92.495
41.380,18.117,-0.145,0.678,92.621
41.400,14.555,-0.161,0.678,92.794
41.420,10.799,-0.175,0.678,92.999
41.440,6.867,-0.181,0.678,93.227
41.460,2.854,-0.185,0.678,93.462
41.480,-1.184,-0.187,0.678,93.693
41.500,-5.232,-0.174,0.678,93.904
41.520,-9.193,-0.168,0.678,94.082
41.540,-13.031,-0.145,0.678,94.219
41.560,-16.646,-0.129,0.678,94.304
41.580,-20.027,-0.110,0.678,94.332
41.600,-23.139,-0.079,0.678,94.306
41.620,-25.869,-0.047,0.678,94.220
41.640,-28.260,-0.009,0.678,94.081
41.660,-30.234,0.025,0.678,93.896
41.680,-31.740,0.053,0.678,93.676
41.700,-32.771,0.098,0.678,93.432
41.720,-33.293,0.135,0.678,93.178
41.740,-33.434,0.178,0.678,92.927
41.760,-33.023,0.219,0.678,92.693
41.780,-32.145,0.255,0.678,92.488
41.800,-30.797,0.294,0.678,92.325
41.820,-28.969,0.329,0.678,92.209
41.840,-26.760,0.360,0.678,92.151
41.860,-24.117,0.392,0.678,92.146
41.880,-21.111,0.417,0.678,92.201
41.900,-17.824,0.442,0.678,92.307
41.920,-14.268,0.454,0.678,92.461
41.940,-10.500,0.477,0.678,92.646
41.960,-6.562,0.477,0.678,92.860
41.980,-2.537,0.486,0.678,93.082
42.000,1.523,0.483,0.678,93.303
42.020,5.578,0.477,0.678,93.507
42.040,9.533,0.464,0.678,93.681
42.060,13.371,0.448,0.678,93.813
42.080,16.998,0.426,0.678,93.899
42.100,20.373,0.406,0.678,93.928
42.120,23.490,0.371,0.678,93.903
42.140,26.238,0.344,0.678,93.820
42.160,28.605,0.307,0.678,93.687
42.180,30.551,0.271,0.678,93.510
42.200,32.062,0.236,0.678,93.298
42.220,33.105,0.194,0.678,93.064
42.240,33.680,0.153,0.678,92.820
42.260,33.768,0.113,0.678,92.580
42.280,33.381,0.074,0.678,92.168
42.300,32.490,0.032,0.678,92.168
42.320,31.148,-0.005,0.678,92.020
42.340,29.344,-0.042,0.678,91.921
42.360,27.170,-0.071,0.678,91.880
42.380,24.527,-0.102,0.678,91.896
42.400,21.539,-0.125,0.678,91.973
42.420,18.287,-0.151,0.678,92.102
42.440,14.730,-0.164,0.678,92.281
42.460,10.986,-0.181,0.678,92.494
42.480,7.078,-0.184,0.678,92.735
42.500,3.070,-0.192,0.681,92.984
42.520,-0.973,-0.190,0.681,93.234
42.540,-5.010,-0.181,0.681,93.465
42.560,-8.994,-0.175,0.681,93.669
42.580,-12.820,-0.154,0.681,93.831
42.600,-16.459,-0.137,0.681,93.946
42.620,-19.869,-0.115,0.681,94.005
42.640,-22.980,-0.087,0.681,94.008
42.660,-25.723,-0.055,0.681,93.955
42.680,-28.131,-0.017,0.681,93.849
42.700,-30.123,0.015,0.681,93.698
42.720,-31.658,0.053,0.681,93.511
42.740,-32.730,0.092,0.681,93.301
42.760,-33.275,0.131,0.681,93.080
42.780,-33.398,0.174,0.681,92.863
42.800,-33.029,0.212,0.681,92.662
42.820,-32.209,0.253,0.679,92.491
42.840,-30.850,0.292,0.679,92.362
42.860,-29.057,0.327,0.679,92.280
42.880,-26.824,0.356,0.679,92.255
42.900,-24.223,0.389,0.679,92.284
42.920,-21.264,0.410,0.679,92.374
42.940,-17.982,0.441,0.679,92.512
42.960,-14.455,0.453,0.679,92.700
42.980,-10.670,0.471,0.679,92.920
43.000,-6.738,0.475,0.679,93.165
43.020,-2.713,0.487,0.679,93.418
43.040,1.354,0.478,0.679,93.671
43.060,5.385,0.476,0.679,93.902
43.080,9.328,0.462,0.679,94.106
43.100,13.178,0.447,0.679,94.265
43.120,16.811,0.430,0.679,94.376
43.140,20.221,0.403,0.679,94.430
43.160,23.344,0.377,0.679,94.424
43.180,26.098,0.346,0.679,94.361
43.200,28.477,0.311,0.679,94.244
43.220,30.463,0.278,0.679,93.879
43.240,31.992,0.235,0.679,93.879
43.260,33.070,0.199,0.679,93.652
43.280,33.674,0.157,0.679,93.414
43.300,33.785,0.114,0.679,93.177
43.320,33.404,0.076,0.679,92.956
43.340,32.537,0.037,0.679,92.762
43.360,31.219,0.001,0.679,92.609
43.380,29.443,-0.038,0.679,92.502
43.400,27.270,-0.066,0.679,92.453
43.420,24.650,-0.094,0.679,92.457
43.440,21.691,-0.121,0.679,92.518
43.460,18.434,-0.145,0.679,92.629
43.480,14.895,-0.158,0.679,92.789
43.500,11.150,-0.175,0.679,92.980
43.520,7.248,-0.183,0.679,93.197
43.540,3.246,-0.188,0.679,93.423
43.560,-0.820,-0.183,0.679,93.647
43.580,-4.852,-0.182,0.679,93.851
43.600,-8.830,-0.170,0.679,94.028
43.620,-12.674,-0.153,0.679,94.161
43.640,-16.307,-0.133,0.679,94.246
43.660,-19.752,-0.110,0.679,94.275
43.680,-22.881,-0.081,0.679,94.247
43.700,-25.652,-0.052,0.679,94.162
43.720,-28.066,-0.016,0.679,94.025
43.740,-30.064,0.018,0.679,93.842
43.760,-31.652,0.054,0.679,93.623
43.780,-32.719,0.094,0.679,93.380
43.800,-33.287,0.133,0.679,93.125
43.820,-33.434,0.177,0.679,92.873
43.840,-33.094,0.215,0.679,92.638
43.860,-32.285,0.256,0.679,92.431
43.880,-30.961,0.290,0.679,92.265
43.900,-29.186,0.333,0.679,92.147
43.920,-27.000,0.359,0.679,92.087
43.940,-24.398,0.394,0.679,92.081
43.960,-21.439,0.415,0.679,92.137
43.980,-18.158,0.445,0.679,92.243
44.000,-14.643,0.455,0.679,92.401
44.020,-10.881,0.474,0.679,92.591
44.040,-6.955,0.478,0.679,92.810
44.060,-2.918,0.489,0.682,93.040
44.080,1.148,0.483,0.682,93.270
44.100,5.162,0.483,0.682,93.484
44.120,9.141,0.467,0.682,93.670
44.140,13.002,0.454,0.682,93.817
44.160,16.658,0.431,0.682,93.919
44.180,20.074,0.408,0.682,93.965
44.200,23.197,0.379,0.682,93.955
44.220,26.004,0.352,0.682,93.888
44.240,28.389,0.315,0.682,93.770
44.260,30.375,0.278,0.682,93.609
44.280,31.934,0.240,0.682,93.410
44.300,33.023,0.201,0.682,93.189
44.320,33.639,0.161,0.682,92.956
44.340,33.785,0.119,0.682,92.726
44.360,33.434,0.078,0.682,92.512
44.380,32.596,0.039,0.682,92.328
44.400,31.301,0.005,0.682,92.185
44.420,29.537,-0.034,0.682,92.091
44.440,27.387,-0.067,0.682,92.053
44.460,24.791,-0.098,0.682,92.074
44.480,21.844,-0.122,0.682,92.155
44.500,18.604,-0.143,0.682,92.286
44.520,15.064,-0.165,0.682,92.468
44.540,11.344,-0.175,0.682,92.686
44.560,7.447,-0.182,0.682,92.930
44.580,3.445,-0.185,0.682,93.184
44.600,-0.609,-0.186,0.682,93.435
44.620,-4.635,-0.181,0.682,93.671
44.640,-8.637,-0.172,0.682,93.879
44.660,-12.480,-0.155,0.682,94.046
44.680,-16.113,-0.137,0.682,94.165
44.700,-19.553,-0.112,0.682,94.227
44.720,-22.693,-0.088,0.682,94.232
44.740,-25.488,-0.053,0.682,94.180
44.760,-27.908,-0.022,0.682,94.074
44.780,-29.941,0.014,0.682,93.922
44.800,-31.523,0.049,0.682,93.732
44.820,-32.625,0.088,0.682,93.516
44.840,-33.252,0.128,0.682,93.288
44.860,-33.422,0.170,0.682,93.061
44.880,-33.094,0.208,0.682,92.850
44.900,-32.297,0.248,0.682,92.665
44.920,-30.996,0.284,0.682,92.520
44.940,-29.250,0.322,0.682,92.421
44.960,-27.064,0.353,0.682,92.377
44.980,-24.498,0.384,0.682,92.388
45.000,-21.551,0.411,0.682,92.456
45.020,-18.287,0.435,0.682,92.576
45.040,-14.789,0.454,0.682,92.743
45.060,-11.039,0.465,0.682,92.943
45.080,-7.125,0.475,0.682,93.169
45.100,-3.111,0.481,0.682,93.404
45.120,0.949,0.478,0.682,93.637
45.140,4.998,0.476,0.682,93.853
45.160,8.965,0.463,0.682,94.039
45.180,12.814,0.447,0.682,94.185
45.200,16.494,0.431,0.682,94.282
45.220,19.904,0.406,0.682,94.324
45.240,23.045,0.378,0.682,94.308
45.260,25.875,0.346,0.682,94.232
45.280,28.277,0.313,0.682,94.103
45.300,30.305,0.278,0.682,93.927
45.320,31.869,0.236,0.682,93.714
45.340,32.994,0.202,0.682,93.474
45.360,33.633,0.156,0.682,93.222
45.380,33.797,0.117,0.682,92.971
45.400,33.475,0.077,0.682,92.734
45.420,32.643,0.039,0.682,92.526
45.440,31.371,0.002,0.682,92.356
45.460,29.631,-0.035,0.682,92.234
45.480,27.504,-0.068,0.682,92.167
45.500,24.926,-0.093,0.682,92.156
45.520,21.984,-0.125,0.682,92.203
45.540,18.750,-0.147,0.682,92.304
45.560,15.240,-0.166,0.682,92.453
45.580,11.520,-0.172,0.682,92.639
45.600,7.629,-0.185,0.682,92.850
45.620,3.639,-0.189,0.682,93.073
45.640,-0.410,-0.187,0.682,93.296
45.660,-4.453,-0.187,0.682,93.503
45.680,-8.449,-0.169,0.682,93.686
45.700,-12.311,-0.160,0.682,93.828
45.720,-15.979,-0.140,0.682,93.924
45.740,-19.424,-0.118,0.682,93.966
45.760,-22.588,-0.087,0.682,93.953
45.780,-25.389,-0.058,0.682,93.882
45.800,-27.850,-0.021,0.682,93.760
45.820,-29.900,0.011,0.682,93.591
45.840,-31.512,0.049,0.682,93.387
45.860,-32.625,0.084,0.682,93.157
45.880,-33.264,0.129,0.682,92.916
45.900,-33.428,0.168,0.682,92.677
45.920,-33.182,0.210,0.682,92.453
45.940,-32.402,0.250,0.682,92.259
45.960,-31.107,0.291,0.682,92.105
45.980,-29.379,0.327,0.682,92.000
46.000,-27.205,0.353,0.682,91.950
46.020,-24.668,0.387,0.682,91.958
46.040,-21.744,0.415,0.682,92.026
46.060,-18.480,0.438,0.682,92.148
46.080,-14.988,0.457,0.682,92.319
46.100,-11.238,0.470,0.682,92.529
46.120,-7.348,0.481,0.682,92.766
46.140,-3.311,0.487,0.682,93.016
46.160,0.756,0.482,0.682,93.268
46.180,4.793,0.481,0.682,93.504
46.200,8.766,0.469,0.682,93.713
46.220,12.633,0.455,0.682,93.883
46.240,16.295,0.433,0.682,94.006
46.260,19.758,0.411,0.682,94.073
46.280,22.904,0.383,0.682,94.084
46.300,25.746,0.349,0.682,94.038
46.320,28.172,0.323,0.682,93.938
46.340,30.193,0.281,0.682,93.792
46.360,31.793,0.245,0.682,93.608
46.380,32.941,0.205,0.682,93.398
46.400,33.621,0.166,0.682,93.175
46.420,33.791,0.128,0.682,92.952
46.440,33.486,0.081,0.682,92.744
46.460,32.689,0.044,0.682,92.563
46.480,31.447,0.007,0.682,92.422
46.500,29.713,-0.029,0.682,92.327
46.520,27.604,-0.061,0.682,92.287
46.540,25.061,-0.089,0.682,92.303
46.560,22.143,-0.117,0.682,92.377
46.580,18.914,-0.138,0.682,92.503
46.600,15.422,-0.159,0.682,92.676
46.620,11.701,-0.167,0.682,92.884
46.640,7.816,-0.184,0.682,93.119
46.660,3.832,-0.185,0.682,93.366
46.680,-0.217,-0.181,0.682,93.612
46.700,-4.254,-0.183,0.682,93.838
46.720,-8.250,-0.168,0.682,94.040
46.740,-12.117,-0.156,0.682,94.198
46.760,-15.803,-0.134,0.682,94.308
46.780,-19.254,-0.117,0.682,94.361
46.800,-22.418,-0.087,0.682,94.359
46.820,-25.242,-0.060,0.682,94.297
46.840,-27.703,-0.023,0.682,94.181
46.860,-29.783,0.013,0.682,94.017
46.880,-31.412,0.047,0.682,93.813
46.900,-32.561,0.085,0.682,93.583
46.920,-33.229,0.127,0.682,93.339
46.940,-33.416,0.164,0.682,93.094
46.960,-33.152,0.206,0.682,92.862
46.980,-32.396,0.246,0.682,92.656
47.000,-31.160,0.285,0.682,92.489
47.020,-29.455,0.321,0.682,92.368
47.040,-27.293,0.351,0.682,92.301
47.060,-24.768,0.387,0.682,92.289
47.080,-21.861,0.409,0.682,92.336
47.100,-18.627,0.434,0.682,92.435
47.120,-15.141,0.450,0.682,92.580
47.140,-11.396,0.468,0.682,92.760
47.160,-7.500,0.477,0.682,92.967
47.180,-3.492,0.482,0.682,93.187
47.200,0.562,0.478,0.682,93.408
47.220,4.611,0.479,0.682,93.613
47.240,8.596,0.462,0.682,93.792
47.260,12.469,0.454,0.682,93.931
47.280,16.143,0.431,0.682,94.024
47.300,19.588,0.406,0.682,94.063
47.320,22.764,0.384,0.682,94.044
47.340,25.617,0.349,0.682,93.969
47.360,28.072,0.316,0.682,93.841
47.380,30.111,0.279,0.682,93.666
47.400,31.734,0.244,0.682,93.454
47.420,32.895,0.203,0.682,93.215
47.440,33.586,0.160,0.682,92.964
47.460,33.785,0.120,0.682,92.712
47.480,33.516,0.078,0.682,92.476
47.500,32.742,0.044,0.679,92.266
47.520,31.512,0.003,0.678,92.096
47.540,29.824,-0.038,0.678,91.974
47.560,27.727,-0.068,0.678,91.908
47.580,25.189,-0.095,0.678,91.900
47.600,22.277,-0.123,0.678,91.950
47.620,19.090,-0.142,0.678,92.056
47.640,15.604,-0.166,0.678,92.209
47.660,11.900,-0.174,0.678,92.404
47.680,8.027,-0.187,0.678,92.624
47.700,4.043,-0.186,0.678,92.861
47.720,-0.018,-0.190,0.679,93.097
47.740,-4.066,-0.187,0.679,93.322
47.760,-8.062,-0.174,0.679,93.686
47.780,-11.930,-0.163,0.679,93.686
47.800,-15.609,-0.140,0.679,93.804
47.820,-19.078,-0.122,0.679,93.867
47.840,-22.283,-0.091,0.679,93.876
47.860,-25.119,-0.062,0.679,93.827
47.880,-27.586,-0.025,0.679,93.726
47.900,-29.684,0.005,0.679,93.393
47.920,-31.342,0.045,0.679,93.393
47.940,-32.508,0.082,0.679,93.181
47.960,-33.205,0.124,0.679,92.957
47.980,-33.416,0.157,0.679,92.733
48.000,-33.170,0.206,0.679,92.523
48.020,-32.437,0.241,0.679,92.341
48.040,-31.236,0.283,0.679,92.197
48.060,-29.537,0.318,0.679,92.102
48.080,-27.416,0.348,0.679,92.060
48.100,-24.896,0.382,0.679,92.077
48.120,-22.002,0.408,0.679,92.153
48.140,-18.803,0.433,0.679,92.461
48.160,-15.316,0.452,0.679,92.461
48.180,-11.602,0.464,0.679,92.677
48.200,-7.717,0.475,0.679,92.920
48.220,-3.686,0.480,0.679,93.176
48.240,0.369,0.481,0.679,93.436
48.260,4.418,0.477,0.679,93.677
48.280,8.396,0.467,0.679,93.895
48.300,12.264,0.456,0.679,94.073
48.320,15.967,0.433,0.679,94.205
48.340,19.430,0.414,0.679,94.279
48.360,22.605,0.384,0.679,94.297
48.380,25.477,0.356,0.679,94.254
48.400,27.949,0.320,0.679,94.158
48.420,30.047,0.284,0.679,94.013
48.440,31.664,0.248,0.679,93.829
48.460,32.865,0.208,0.679,93.616
48.480,33.574,0.169,0.679,93.387
48.500,33.791,0.127,0.679,93.157
48.520,33.539,0.087,0.679,92.939
48.540,32.795,0.050,0.679,92.747
48.560,31.582,0.008,0.679,92.592
48.580,29.906,-0.024,0.679,92.482
48.600,27.832,-0.062,0.679,92.425
48.620,25.312,-0.086,0.679,92.481
48.640,22.424,-0.117,0.679,92.481
48.660,19.248,-0.136,0.679,92.591
48.680,15.744,-0.162,0.679,92.745
48.700,12.059,-0.166,0.679,92.940
48.720,8.191,-0.185,0.679,93.158
48.740,4.201,-0.181,0.679,93.390
48.760,0.158,-0.189,0.679,93.620
48.780,-3.896,-0.183,0.679,93.837
48.800,-7.893,-0.170,0.679,94.026
48.820,-11.777,-0.159,0.679,94.174
48.840,-15.445,-0.137,0.679,94.276
48.860,-18.932,-0.118,0.679,94.322
48.880,-22.160,-0.086,0.679,94.311
48.900,-25.002,-0.061,0.679,94.242
48.920,-27.516,-0.022,0.679,94.118
48.940,-29.619,0.008,0.679,93.945
48.960,-31.271,0.048,0.679,93.734
48.980,-32.508,0.085,0.679,93.495
49.000,-33.205,0.124,0.679,93.242
49.020,-33.445,0.166,0.679,92.987
49.040,-33.217,0.206,0.679,92.745
49.060,-32.514,0.247,0.677,92.528
49.080,-31.324,0.282,0.677,92.350
49.100,-29.637,0.321,0.677,92.217
49.120,-27.551,0.351,0.677,92.139
49.140,-25.043,0.386,0.677,92.117
49.160,-22.154,0.411,0.677,92.154
49.180,-18.949,0.439,0.677,92.245
49.200,-15.486,0.451,0.677,92.385
49.220,-11.789,0.470,0.677,92.564
49.240,-7.898,0.478,0.677,92.772
49.260,-3.885,0.488,0.678,92.993
49.280,0.187,0.484,0.678,93.222
49.300,4.225,0.480,0.678,93.433
49.320,8.215,0.468,0.678,93.622
49.340,12.088,0.456,0.678,93.772
49.360,15.803,0.434,0.678,93.879
49.380,19.283,0.414,0.678,93.931
49.400,22.471,0.381,0.678,93.930
49.420,25.359,0.352,0.678,93.870
49.440,27.844,0.319,0.678,93.757
49.460,29.947,0.283,0.678,93.599
49.480,31.605,0.250,0.678,93.402
49.500,32.818,0.206,0.678,93.179
49.520,33.545,0.167,0.678,92.942
49.540,33.791,0.126,0.678,92.705
49.560,33.557,0.085,0.678,92.481
49.580,32.824,0.047,0.678,92.127
49.600,31.646,0.007,0.678,92.127
49.620,29.977,-0.026,0.678,92.017
49.640,27.937,-0.062,0.678,91.963
49.660,25.441,-0.090,0.678,91.967
49.680,22.576,-0.122,0.678,92.029
49.700,19.412,-0.137,0.678,92.148
49.720,15.943,-0.162,0.678,92.315
49.740,12.246,-0.172,0.678,92.525
49.760,8.391,-0.186,0.678,92.762
49.780,4.406,-0.187,0.678,93.014
49.800,0.387,-0.189,0.678,93.270
49.820,-3.668,-0.183,0.678,93.511
49.840,-7.658,-0.174,0.678,93.730
49.860,-11.561,-0.162,0.678,93.910
49.880,-15.275,-0.139,0.678,94.045
49.900,-18.756,-0.127,0.678,94.125
49.920,-21.973,-0.091,0.678,94.151
49.940,-24.844,-0.067,0.678,94.117
49.960,-27.363,-0.029,0.678,94.030
49.980,-29.508,0.003,0.678,93.894
50.000,-31.201,0.041,0.678,93.719
50.020,-32.391,0.076,0.678,93.516
50.040,-33.135,0.119,0.678,93.297
50.060,-33.410,0.157,0.678,93.077
50.080,-33.205,0.198,0.678,92.869
50.100,-32.531,0.233,0.678,92.685
50.120,-31.348,0.280,0.678,92.539
50.140,-29.684,0.313,0.678,92.440
50.160,-27.627,0.348,0.678,92.392
50.180,-25.154,0.377,0.678,92.403
50.200,-22.295,0.403,0.678,92.468
50.220,-19.102,0.431,0.678,92.588
50.240,-15.639,0.447,0.678,92.755
50.260,-11.953,0.467,0.678,92.961
50.280,-8.074,0.474,0.678,93.193
50.300,-4.078,0.481,0.678,93.440
50.320,-0.029,0.480,0.678,93.689
50.340,4.025,0.477,0.678,93.922
50.360,8.039,0.468,0.678,94.130
50.380,11.912,0.453,0.678,94.297
50.400,15.639,0.436,0.678,94.419
50.420,19.107,0.414,0.678,94.484
50.440,22.330,0.385,0.678,94.492
50.460,25.236,0.356,0.678,94.440
50.480,27.732,0.320,0.678,94.333
50.500,29.848,0.287,0.678,94.177
50.520,31.529,0.250,0.678,93.980
50.540,32.766,0.207,0.678,93.754
50.560,33.516,0.170,0.678,93.512
50.580,33.797,0.128,0.678,93.267
50.600,33.586,0.089,0.678,93.032
50.620,32.889,0.046,0.678,92.822
50.640,31.723,0.010,0.678,92.649
50.660,30.094,-0.025,0.678,92.520
50.680,28.049,-0.062,0.678,92.444
50.700,25.564,-0.083,0.678,92.426
50.720,22.729,-0.118,0.678,92.462
50.740,19.559,-0.139,0.678,92.554
50.760,16.107,-0.162,0.678,92.692
50.780,12.428,-0.170,0.678,92.871
50.800,8.578,-0.184,0.678,93.076
50.820,4.594,-0.184,0.678,93.298
50.840,0.545,-0.191,0.678,93.519
50.860,-3.504,-0.183,0.678,93.730
50.880,-7.506,-0.174,0.678,93.915
50.900,-11.414,-0.158,0.678,94.063
50.920,-15.135,-0.141,0.678,94.164
50.940,-18.639,-0.121,0.678,94.212
50.960,-21.879,-0.089,0.678,94.206
50.980,-24.762,-0.067,0.678,94.139
51.000,-27.311,-0.024,0.678,94.021
51.020,-29.449,0.004,0.678,93.853
51.040,-31.172,0.043,0.678,93.647
51.060,-32.396,0.080,0.678,93.413
51.080,-33.182,0.124,0.678,93.163
51.100,-33.422,0.161,0.678,92.912
51.120,-33.264,0.203,0.678,92.673
51.140,-32.607,0.241,0.678,92.460
51.160,-31.453,0.283,0.678,92.283
51.180,-29.807,0.316,0.678,92.155
51.200,-27.762,0.351,0.678,92.079
51.220,-25.289,0.382,0.678,92.063
51.240,-22.471,0.411,0.678,92.103
51.260,-19.277,0.435,0.678,92.203
51.280,-15.832,0.451,0.678,92.349
51.300,-12.170,0.469,0.678,92.538
51.320,-8.262,0.478,0.678,92.755
51.340,-4.277,0.489,0.679,92.992
51.360,-0.223,0.488,0.679,93.234
51.380,3.844,0.482,0.679,93.463
51.400,7.834,0.472,0.679,93.669
51.420,11.730,0.457,0.679,93.838
51.440,15.457,0.439,0.679,93.964
51.460,18.961,0.416,0.679,94.034
51.480,22.172,0.389,0.679,94.051
51.500,25.107,0.361,0.679,94.010
51.520,27.615,0.328,0.679,93.917
51.540,29.760,0.291,0.679,93.775
51.560,31.465,0.256,0.679,93.594
51.580,32.730,0.213,0.679,93.385
51.600,33.498,0.175,0.679,93.160
51.620,33.791,0.132,0.679,92.933
51.640,33.604,0.095,0.679,92.719
51.660,32.936,0.053,0.679,92.529
51.680,31.781,0.017,0.679,92.377
51.700,30.176,-0.021,0.679,92.270
51.720,28.154,-0.058,0.679,92.218
51.740,25.699,-0.083,0.679,92.225
51.760,22.863,-0.113,0.679,92.289
51.780,19.717,-0.135,0.679,92.407
51.800,16.283,-0.155,0.679,92.576
51.820,12.598,-0.170,0.679,92.783
51.840,8.760,-0.183,0.679,93.022
51.860,4.793,-0.184,0.679,93.276
51.880,0.744,-0.185,0.679,93.530
51.900,-3.316,-0.182,0.679,93.771
51.920,-7.289,-0.175,0.679,93.988
51.940,-11.203,-0.165,0.679,94.168
51.960,-14.918,-0.143,0.679,94.303
51.980,-18.451,-0.123,0.679,94.381
52.000,-21.680,-0.096,0.679,94.402
52.020,-24.604,-0.068,0.679,94.365
52.040,-27.146,-0.030,0.679,94.273
52.060,-29.320,-0.001,0.679,94.131
52.080,-31.066,0.041,0.679,93.948
52.100,-32.320,0.074,0.679,93.734
52.120,-33.117,0.116,0.679,93.504
52.140,-33.416,0.153,0.679,93.269
52.160,-33.234,0.196,0.679,93.045
52.180,-32.631,0.236,0.679,92.844
52.200,-31.506,0.275,0.679,92.678
52.220,-29.900,0.311,0.679,92.557
52.240,-27.850,0.344,0.679,92.487
52.260,-25.400,0.375,0.679,92.475
52.280,-22.594,0.404,0.679,92.516
52.300,-19.406,0.430,0.679,92.613
52.320,-15.990,0.447,0.679,92.757
52.340,-12.311,0.464,0.679,92.941
52.360,-8.437,0.474,0.679,93.151
52.380,-4.441,0.482,0.679,93.377
52.400,-0.398,0.479,0.679,93.605
52.420,3.645,0.477,0.679,93.820
52.440,7.658,0.468,0.679,94.011
52.460,11.543,0.452,0.679,94.163
52.480,15.299,0.435,0.679,94.272
52.500,18.791,0.413,0.679,94.323
52.520,22.031,0.387,0.679,94.320
52.540,24.984,0.359,0.679,94.258
52.560,27.516,0.321,0.679,94.142
52.580,29.678,0.289,0.679,93.975
52.600,31.389,0.249,0.679,93.769
52.620,32.672,0.213,0.679,93.533
52.640,33.475,0.168,0.679,93.280
52.660,33.791,0.130,0.679,93.024
52.680,33.621,0.089,0.679,92.777
52.700,32.965,0.050,0.679,92.555
52.720,31.846,0.016,0.679,92.369
52.740,30.258,-0.023,0.679,92.228
52.760,28.260,-0.062,0.679,92.140
52.780,25.834,-0.087,0.679,92.111
52.800,23.010,-0.117,0.679,92.138
52.820,19.875,-0.135,0.679,92.221
52.840,16.459,-0.162,0.679,92.354
52.860,12.785,-0.174,0.679,92.530
52.880,8.941,-0.183,0.679,92.735
52.900,4.992,-0.188,0.679,92.957
52.920,0.949,-0.185,0.679,93.183
52.940,-3.105,-0.186,0.679,93.398
52.960,-7.125,-0.175,0.679,93.592
52.980,-11.045,-0.165,0.679,93.752
53.000,-14.760,-0.145,0.679,93.868
53.020,-18.281,-0.127,0.679,93.931
53.040,-21.551,-0.093,0.679,93.941
53.060,-24.486,-0.071,0.679,93.891
53.080,-27.053,-0.030,0.679,93.791
53.100,-29.244,-0.002,0.679,93.640
53.120,-31.008,0.040,0.679,93.451
53.140,-32.291,0.070,0.679,93.233
53.160,-33.105,0.117,0.679,92.999
53.180,-33.428,0.154,0.679,92.762
53.200,-33.299,0.195,0.679,92.537
53.220,-32.684,0.236,0.679,92.337
53.240,-31.564,0.273,0.679,92.173
53.260,-30.006,0.312,0.679,92.056
53.280,-27.984,0.346,0.679,91.992
53.300,-25.564,0.376,0.679,91.987
53.320,-22.758,0.407,0.679,92.041
53.340,-19.600,0.428,0.679,92.153
53.360,-16.172,0.454,0.679,92.313
53.380,-12.516,0.464,0.679,92.518
53.400,-8.666,0.475,0.679,92.750
53.420,-4.658,0.485,0.679,93.003
53.440,-0.598,0.485,0.679,93.259
53.460,3.434,0.485,0.679,93.506
53.480,7.453,0.471,0.679,93.730
53.500,11.367,0.458,0.679,93.916
53.520,15.105,0.442,0.679,94.060
53.540,18.633,0.419,0.679,94.149
53.560,21.873,0.396,0.679,94.183
53.580,24.850,0.361,0.679,94.158
53.600,27.393,0.331,0.679,94.078
53.620,29.584,0.295,0.679,93.948
53.640,31.312,0.260,0.679,93.778
53.660,32.607,0.219,0.679,93.577
53.680,33.434,0.177,0.679,93.358
53.700,33.773,0.137,0.679,93.135
53.720,33.645,0.099,0.679,92.921
53.740,33.023,0.058,0.679,92.730
53.760,31.910,0.023,0.679,92.575
53.780,30.328,-0.021,0.679,92.463
53.800,28.354,-0.052,0.679,92.405
53.820,25.951,-0.079,0.679,92.403
53.840,23.150,-0.113,0.679,92.457
53.860,20.033,-0.129,0.679,92.566
53.880,16.611,-0.158,0.679,92.723
53.900,12.955,-0.164,0.679,92.922
53.920,9.135,-0.183,0.679,93.148
53.940,5.180,-0.179,0.679,93.394
53.960,1.137,-0.187,0.679,93.637
53.980,-2.918,-0.183,0.679,93.870
54.000,-6.932,-0.172,0.679,94.078
54.020,-10.852,-0.162,0.679,94.248
54.040,-14.613,-0.141,0.679,94.373
54.060,-18.135,-0.121,0.679,94.443
54.080,-21.404,-0.096,0.679,94.456
54.100,-24.357,-0.067,0.679,94.411
54.120,-26.941,-0.030,0.679,94.310
54.140,-29.156,-0.002,0.679,94.157
54.160,-30.943,0.041,0.679,93.963
54.180,-32.227,0.072,0.679,93.737
54.200,-33.105,0.116,0.679,93.494
54.220,-33.404,0.154,0.679,93.245
54.240,-33.305,0.198,0.679,93.005
54.260,-32.713,0.236,0.679,92.787
54.280,-31.611,0.273,0.679,92.603
54.300,-30.059,0.315,0.679,92.465
54.320,-28.049,0.343,0.679,92.377
54.340,-25.641,0.377,0.679,92.346
54.360,-22.863,0.405,0.679,92.371
54.380,-19.717,0.428,0.679,92.451
54.400,-16.330,0.449,0.679,92.580
54.420,-12.674,0.462,0.679,92.752
54.440,-8.824,0.472,0.679,92.950
54.460,-4.840,0.484,0.679,93.165
54.480,-0.791,0.481,0.679,93.388
54.500,3.275,0.480,0.679,93.600
54.520,7.283,0.467,0.679,93.791
54.540,11.174,0.460,0.679,93.944
54.560,14.941,0.438,0.679,94.056
54.580,18.463,0.416,0.679,94.114
54.600,21.721,0.389,0.679,94.117
54.620,24.721,0.358,0.679,94.061
54.640,27.281,0.331,0.679,93.952
54.660,29.484,0.292,0.679,93.794
54.680,31.236,0.256,0.679,93.595
54.700,32.578,0.216,0.679,93.367
54.720,33.416,0.175,0.679,93.121
54.740,33.779,0.137,0.679,92.872
54.760,33.662,0.095,0.679,92.632
54.780,33.047,0.054,0.679,92.416
54.800,31.975,0.015,0.679,92.236
54.820,30.451,-0.021,0.679,92.102
54.840,28.471,-0.057,0.679,92.021
54.860,26.080,-0.083,0.679,91.999
54.880,23.297,-0.119,0.679,92.035
54.900,20.191,-0.132,0.679,92.130
54.920,16.799,-0.161,0.679,92.272
54.940,13.154,-0.169,0.679,92.462
54.960,9.334,-0.184,0.679,92.680
54.980,5.373,-0.184,0.679,92.919
55.000,1.324,-0.187,0.679,93.161
55.020,-2.725,-0.187,0.679,93.397
55.040,-6.715,-0.178,0.679,93.610
55.060,-10.652,-0.170,0.679,93.791
55.080,-14.414,-0.149,0.679,93.929
55.100,-17.947,-0.126,0.679,94.015
55.120,-21.223,-0.102,0.679,94.046
55.140,-24.187,-0.075,0.679,94.019
55.160,-26.795,-0.038,0.679,93.940
55.180,-29.051,-0.005,0.679,93.809
55.200,-30.832,0.031,0.679,93.638
55.220,-32.156,0.066,0.679,93.436
55.240,-33.035,0.109,0.679,93.217
55.260,-33.375,0.145,0.679,92.994
55.280,-33.316,0.192,0.679,92.780
55.300,-32.736,0.228,0.679,92.589
55.320,-31.687,0.269,0.679,92.432
55.340,-30.146,0.307,0.679,92.322
55.360,-28.154,0.340,0.679,92.263
55.380,-25.805,0.373,0.679,92.262
55.400,-23.027,0.400,0.679,92.317
55.420,-19.904,0.424,0.679,92.430
55.440,-16.506,0.447,0.679,92.592
55.460,-12.867,0.459,0.679,92.796
55.480,-9.018,0.475,0.679,93.028
55.500,-5.039,0.480,0.679,93.279
55.520,-0.984,0.484,0.679,93.535
55.540,3.070,0.479,0.679,93.781
55.560,7.078,0.471,0.679,94.005
55.580,10.992,0.457,0.679,94.192
55.600,14.760,0.442,0.679,94.334
55.620,18.311,0.418,0.679,94.422
55.640,21.580,0.394,0.679,94.454
55.660,24.574,0.364,0.679,94.424
55.680,27.152,0.332,0.679,94.340
55.700,29.385,0.292,0.679,94.204
55.720,31.160,0.261,0.679,94.026
55.740,32.514,0.220,0.679,93.815
55.760,33.381,0.176,0.679,93.585
55.780,33.779,0.138,0.679,93.348
55.800,33.674,0.097,0.679,93.119
55.820,33.094,0.061,0.679,92.911
55.840,32.027,0.020,0.677,92.736
55.860,30.521,-0.013,0.677,92.605
55.880,28.570,-0.052,0.677,92.524
55.900,26.191,-0.079,0.677,92.500
55.920,23.420,-0.109,0.677,92.531
55.940,20.338,-0.130,0.677,92.619
55.960,16.963,-0.154,0.677,92.753
55.980,13.301,-0.162,0.677,92.929
56.000,9.498,-0.183,0.677,93.133
56.020,5.537,-0.179,0.677,93.359
56.040,1.518,-0.187,0.677,93.586
56.060,-2.543,-0.183,0.677,93.803
56.080,-6.557,-0.174,0.677,93.997
56.100,-10.488,-0.160,0.677,94.157
56.120,-14.244,-0.141,0.677,94.271
56.140,-17.807,-0.127,0.677,94.332
56.160,-21.123,-0.096,0.677,94.338
56.180,-24.117,-0.070,0.677,94.285
56.200,-26.719,-0.033,0.677,94.178
56.220,-28.980,-0.001,0.677,94.019
56.240,-30.785,0.036,0.677,93.819
56.260,-32.139,0.070,0.677,93.586
56.280,-33.059,0.114,0.677,93.336
56.300,-33.381,0.149,0.677,93.080
56.320,-33.346,0.197,0.677,92.832
56.340,-32.795,0.232,0.676,92.607
56.360,-31.775,0.276,0.673,92.415
56.380,-30.240,0.309,0.673,92.270
56.400,-28.271,0.342,0.673,92.174
56.420,-25.928,0.373,0.673,92.137
56.440,-23.162,0.406,0.673,92.155
56.460,-20.068,0.427,0.673,92.236
56.480,-16.676,0.448,0.673,92.362
56.500,-13.037,0.462,0.673,92.535
56.520,-9.199,0.479,0.673,92.735
56.540,-5.227,0.481,0.673,92.961
56.560,-1.184,0.490,0.678,93.191
56.580,2.877,0.482,0.678,93.417
56.600,6.885,0.477,0.678,93.620
56.620,10.816,0.460,0.678,93.791
56.640,14.596,0.444,0.678,93.918
56.660,18.141,0.423,0.678,93.995
56.680,21.434,0.394,0.678,94.018
56.700,24.451,0.366,0.678,93.981
56.720,27.053,0.334,0.678,93.893
56.740,29.291,0.296,0.678,93.754
56.760,31.096,0.262,0.678,93.574
56.780,32.479,0.224,0.678,93.364
56.800,33.346,0.179,0.678,93.136
56.820,33.768,0.145,0.678,92.903
56.840,33.691,0.097,0.678,92.678
56.860,33.146,0.062,0.678,92.477
56.880,32.098,0.021,0.678,92.311
56.900,30.598,-0.015,0.678,92.190
56.920,28.664,-0.050,0.678,92.122
56.940,26.326,-0.079,0.678,92.112
56.960,23.578,-0.109,0.678,92.160
56.980,20.502,-0.131,0.678,92.265
57.000,17.139,-0.153,0.678,92.421
57.020,13.506,-0.169,0.678,92.619
57.040,9.703,-0.184,0.678,92.853
57.060,5.754,-0.185,0.678,93.106
57.080,1.734,-0.189,0.679,93.364
57.100,-2.338,-0.184,0.679,93.613
57.120,-6.334,-0.181,0.679,93.842
57.140,-10.283,-0.170,0.679,94.038
57.160,-14.068,-0.150,0.679,94.190
57.180,-17.602,-0.133,0.679,94.289
57.200,-20.924,-0.104,0.679,94.332
57.220,-23.941,-0.079,0.679,94.318
57.240,-26.584,-0.044,0.679,94.247
57.260,-28.828,-0.012,0.679,94.125
57.280,-30.686,0.027,0.679,93.960
57.300,-32.062,0.063,0.679,93.762
57.320,-32.965,0.103,0.679,93.544
57.340,-33.363,0.144,0.679,93.319
57.360,-33.346,0.188,0.679,93.102
57.380,-32.812,0.225,0.679,92.905
57.400,-31.805,0.267,0.679,92.741
57.420,-30.305,0.302,0.679,92.621
57.440,-28.377,0.336,0.679,92.550
57.460,-26.021,0.369,0.679,92.537
57.480,-23.268,0.398,0.679,92.577
57.500,-20.191,0.423,0.679,92.676
57.520,-16.805,0.443,0.679,92.821
57.540,-13.201,0.459,0.679,93.009
57.560,-9.375,0.472,0.679,93.225
57.580,-5.408,0.478,0.679,93.460
57.600,-1.359,0.483,0.679,93.700
57.620,2.701,0.476,0.679,93.932
57.640,6.703,0.472,0.679,94.141
57.660,10.623,0.457,0.679,94.315
57.680,14.420,0.439,0.679,94.443
57.700,17.982,0.418,0.679,94.518
57.720,21.270,0.391,0.679,94.536
57.740,24.311,0.367,0.679,94.494
57.760,26.936,0.332,0.679,94.397
57.780,29.197,0.296,0.679,94.248
57.800,31.020,0.264,0.679,94.055
57.820,32.414,0.222,0.679,93.830
57.840,33.316,0.180,0.679,93.583
57.860,33.756,0.141,0.679,93.329
57.880,33.703,0.098,0.679,93.082
57.900,33.170,0.060,0.679,92.855
57.920,32.162,0.021,0.679,92.661
57.940,30.680,-0.012,0.679,92.509
57.960,28.781,-0.053,0.679,92.407
57.980,26.449,-0.077,0.679,92.363
58.000,23.713,-0.111,0.679,92.373
58.020,20.643,-0.133,0.679,92.442
58.040,17.297,-0.151,0.679,92.558
58.060,13.658,-0.170,0.679,92.718
58.080,9.873,-0.180,0.679,92.911
58.100,5.930,-0.185,0.679,93.124
58.120,1.904,-0.188,0.679,93.342
58.140,-2.150,-0.185,0.679,93.553
58.160,-6.170,-0.178,0.679,93.744
58.180,-10.137,-0.166,0.679,93.902
58.200,-13.904,-0.148,0.679,94.017
58.220,-17.479,-0.131,0.679,94.082
58.240,-20.818,-0.100,0.679,94.093
58.260,-23.830,-0.078,0.679,94.045
58.280,-26.484,-0.040,0.679,93.944
58.300,-28.787,-0.007,0.679,93.792
58.320,-30.639,0.029,0.679,93.598
58.340,-32.027,0.064,0.679,93.373
58.360,-32.971,0.107,0.679,93.129
58.380,-33.393,0.142,0.679,92.879
58.400,-33.381,0.188,0.679,92.636
58.420,-32.871,0.227,0.679,92.416
58.440,-31.904,0.270,0.679,92.229
58.460,-30.416,0.303,0.679,92.087
58.480,-28.506,0.340,0.679,91.997
58.500,-26.180,0.369,0.679,91.965
58.520,-23.467,0.402,0.679,91.990
58.540,-20.367,0.424,0.679,92.075
58.560,-17.016,0.452,0.679,92.209
58.580,-13.412,0.463,0.679,92.394
58.600,-9.586,0.477,0.679,92.607
58.620,-5.619,0.481,0.679,92.845
58.640,-1.594,0.488,0.679,93.090
58.660,2.473,0.484,0.679,93.330
58.680,6.498,0.478,0.679,93.550
58.700,10.430,0.464,0.679,93.738
58.720,14.238,0.445,0.679,93.886
58.740,17.812,0.424,0.679,93.981
58.760,21.129,0.399,0.679,94.021
58.780,24.164,0.369,0.679,94.004
58.800,26.824,0.340,0.679,93.932
58.820,29.092,0.305,0.679,93.810
58.840,30.943,0.269,0.679,93.646
58.860,32.355,0.226,0.679,93.449
58.880,33.281,0.186,0.679,93.232
58.900,33.750,0.148,0.679,93.008
58.920,33.721,0.107,0.679,92.791
58.940,33.217,0.068,0.679,92.595
58.960,32.215,0.025,0.679,92.431
58.980,30.773,-0.006,0.679,92.311
59.000,28.875,-0.048,0.679,92.241
59.020,26.572,-0.073,0.679,92.231
59.040,23.854,-0.104,0.679,92.275
59.060,20.795,-0.126,0.679,92.376
59.080,17.467,-0.148,0.679,92.526
59.100,13.852,-0.167,0.679,92.722
59.120,10.066,-0.177,0.679,92.950
59.140,6.123,-0.183,0.679,93.199
59.160,2.098,-0.186,0.679,93.452
59.180,-1.951,-0.185,0.679,93.699
59.200,-5.965,-0.176,0.679,93.923
59.220,-9.926,-0.166,0.679,94.113
59.240,-13.723,-0.147,0.679,94.260
59.260,-17.309,-0.130,0.679,94.353
59.280,-20.654,-0.105,0.679,94.390
59.300,-23.666,-0.077,0.679,94.369
59.320,-26.350,-0.042,0.679,94.290
59.340,-28.652,-0.010,0.679,94.159
59.360,-30.562,0.029,0.679,93.984
59.380,-31.975,0.062,0.679,93.774
59.400,-32.906,0.104,0.679,93.543
59.420,-33.340,0.144,0.679,93.304
59.440,-33.363,0.185,0.679,93.070
59.460,-32.895,0.225,0.679,92.855
59.480,-31.922,0.264,0.679,92.671
59.500,-30.463,0.297,0.679,92.529
59.520,-28.559,0.336,0.679,92.436
59.540,-26.244,0.361,0.679,92.399
59.560,-23.590,0.398,0.679,92.415
59.580,-20.514,0.418,0.679,92.490
59.600,-17.133,0.443,0.679,92.612
59.620,-13.564,0.456,0.679,92.781
59.640,-9.750,0.472,0.679,92.978
59.660,-5.801,0.476,0.679,93.196
59.680,-1.764,0.485,0.679,93.419
59.700,2.309,0.475,0.679,93.640
59.720,6.334,0.474,0.679,93.837
59.740,10.254,0.454,0.679,94.002
59.760,14.062,0.445,0.679,94.123
59.780,17.643,0.418,0.679,94.195
59.800,20.977,0.395,0.679,94.210
59.820,24.035,0.365,0.679,94.166
59.840,26.707,0.335,0.679,94.067
59.860,28.992,0.301,0.679,93.917
59.880,30.861,0.264,0.679,93.723
59.900,32.297,0.224,0.679,93.497
59.920,33.258,0.186,0.679,93.249
59.940,33.750,0.141,0.679,92.993
59.960,33.721,0.103,0.679,92.743
59.980,33.252,0.063,0.679,92.514
60.000,32.268,0.024,0.679,92.317
60.020,30.844,-0.007,0.679,92.164
60.040,28.963,-0.053,0.679,92.060
60.060,26.689,-0.073,0.679,92.016
60.080,23.994,-0.111,0.679,92.027
60.100,20.953,-0.129,0.679,92.098
60.120,17.637,-0.152,0.679,92.220
60.140,14.039,-0.168,0.679,92.387
60.160,10.248,-0.182,0.679,92.588
60.180,6.334,-0.191,0.681,92.814
60.200,2.314,-0.187,0.681,93.048
60.220,-1.740,-0.187,0.681,93.275
60.240,-5.760,-0.183,0.681,93.484
60.260,-9.727,-0.169,0.681,93.664
60.280,-13.518,-0.154,0.681,93.802
60.300,-17.127,-0.134,0.681,93.890
60.320,-20.479,-0.110,0.681,93.926
60.340,-23.508,-0.081,0.681,93.905
60.360,-26.227,-0.050,0.681,93.828
60.380,-28.529,-0.017,0.681,93.702
60.400,-30.469,0.023,0.681,93.532
60.420,-31.904,0.062,0.681,93.329
60.440,-32.883,0.100,0.681,93.106
60.460,-33.334,0.141,0.681,92.876
60.480,-33.357,0.183,0.681,92.652
60.500,-32.924,0.220,0.681,92.449
60.520,-31.986,0.260,0.681,92.278
60.540,-30.557,0.294,0.681,92.151
60.560,-28.693,0.337,0.681,92.074
60.580,-26.385,0.360,0.681,92.057
60.600,-23.713,0.402,0.681,92.095
60.620,-20.654,0.414,0.681,92.194
60.640,-17.338,0.447,0.681,92.342
60.660,-13.770,0.453,0.681,92.539
60.680,-9.926,0.477,0.681,92.764
60.700,-5.994,0.477,0.681,93.017
60.720,-1.951,0.485,0.681,93.274
60.740,2.086,0.477,0.681,93.528
60.760,6.141,0.481,0.681,93.760
60.780,10.066,0.458,0.681,93.964
60.800,13.881,0.449,0.681,94.123
60.820,17.496,0.421,0.681,94.230
60.840,20.818,0.404,0.681,94.282
60.860,23.889,0.369,0.681,94.275
60.880,26.566,0.340,0.681,94.211
60.900,28.887,0.302,0.681,94.094
60.920,30.779,0.269,0.681,93.933
60.940,32.244,0.231,0.681,93.738
60.960,33.211,0.192,0.681,93.520
60.980,33.721,0.152,0.681,93.292
61.000,33.738,0.105,0.681,93.068
61.020,33.275,0.069,0.681,92.864
61.040,32.326,0.032,0.681,92.690
61.060,30.920,-0.004,0.681,92.557
61.080,29.068,-0.045,0.681,92.473
61.100,26.812,-0.067,0.681,92.446
61.120,24.117,-0.105,0.681,92.472
61.140,21.105,-0.121,0.681,92.559
61.160,17.789,-0.152,0.681,92.691
61.180,14.203,-0.164,0.681,92.871
61.200,10.430,-0.176,0.681,93.081
61.220,6.521,-0.182,0.681,93.312
61.240,2.484,-0.186,0.681,93.549
61.260,-1.559,-0.182,0.681,93.780
61.280,-5.590,-0.177,0.681,93.989
61.300,-9.568,-0.162,0.681,94.165
61.320,-13.348,-0.149,0.681,94.297
61.340,-16.951,-0.125,0.681,94.378
61.360,-20.332,-0.105,0.681,94.402
61.380,-23.414,-0.077,0.681,94.369
61.400,-26.109,-0.042,0.681,94.280
61.420,-28.424,-0.011,0.681,94.137
61.440,-30.352,0.028,0.681,93.950
61.460,-31.811,0.058,0.681,93.727
61.480,-32.836,0.104,0.681,93.483
61.500,-33.316,0.141,0.681,93.230
61.520,-33.387,0.182,0.681,92.981
61.540,-32.918,0.223,0.681,92.750
61.560,-32.010,0.260,0.678,92.550
61.580,-30.621,0.300,0.678,92.392
61.600,-28.764,0.335,0.678,92.284
61.620,-26.508,0.362,0.678,92.231
61.640,-23.824,0.399,0.678,92.234
61.660,-20.795,0.414,0.678,92.296
61.680,-17.479,0.447,0.678,92.568
61.700,-13.928,0.455,0.678,92.568
61.720,-10.119,0.474,0.678,92.757
61.740,-6.170,0.478,0.678,92.973
61.760,-2.145,0.485,0.678,93.197
61.780,1.916,0.481,0.678,93.417
61.800,5.965,0.479,0.678,93.620
61.820,9.891,0.457,0.678,93.793
61.840,13.705,0.447,0.678,93.922
61.860,17.326,0.423,0.678,94.005
61.880,20.684,0.404,0.678,94.032
61.900,23.766,0.367,0.678,94.003
61.920,26.479,0.340,0.678,93.917
61.940,28.787,0.307,0.678,93.780
61.960,30.709,0.269,0.678,93.602
61.980,32.186,0.234,0.678,93.389
62.000,33.187,0.187,0.678,93.156
62.020,33.709,0.149,0.678,92.913
62.040,33.750,0.108,0.678,92.677
62.060,33.322,0.069,0.678,92.460
62.080,32.385,0.028,0.678,92.275
62.100,31.002,-0.009,0.678,92.133
62.120,29.162,-0.045,0.678,92.042
62.140,26.936,-0.073,0.678,92.010
62.160,24.252,-0.108,0.678,92.034
62.180,21.258,-0.129,0.678,92.119
62.200,17.977,-0.152,0.678,92.255
62.220,14.379,-0.167,0.678,92.440
62.240,10.629,-0.178,0.678,92.657
62.260,6.709,-0.187,0.678,92.901
62.280,2.695,-0.190,0.678,93.152
62.300,-1.348,-0.193,0.681,93.401
62.320,-5.379,-0.181,0.681,93.632
62.340,-9.357,-0.174,0.681,93.834
62.360,-13.160,-0.156,0.681,93.994
62.380,-16.775,-0.136,0.681,94.104
62.400,-20.150,-0.112,0.681,94.159
62.420,-23.250,-0.081,0.681,94.157
62.440,-25.969,-0.051,0.681,94.098
62.460,-28.336,-0.018,0.681,93.988
62.480,-30.281,0.018,0.681,93.834
62.500,-31.764,0.056,0.681,93.644
62.520,-32.795,0.095,0.681,93.432
62.540,-33.287,0.137,0.681,93.211
62.560,-33.369,0.178,0.681,92.994
62.580,-32.965,0.216,0.681,92.795
62.600,-32.068,0.256,0.681,92.626
62.620,-30.686,0.292,0.681,92.501
62.640,-28.852,0.331,0.681,92.422
62.660,-26.596,0.358,0.681,92.403
62.680,-23.959,0.396,0.681,92.437
62.700,-20.941,0.412,0.681,92.530
62.720,-17.637,0.444,0.681,92.672
62.740,-14.074,0.452,0.681,92.863
62.760,-10.301,0.476,0.681,93.084
62.780,-6.363,0.471,0.681,93.329
62.800,-2.320,0.484,0.681,93.577
62.820,1.734,0.477,0.681,93.825
62.840,5.777,0.477,0.681,94.051
62.860,9.697,0.457,0.681,94.247
62.880,13.529,0.450,0.681,94.398
62.900,17.145,0.421,0.681,94.501
62.920,20.525,0.404,0.681,94.545
62.940,23.625,0.367,0.681,94.531
62.960,26.350,0.348,0.681,94.458
62.980,28.687,0.305,0.681,94.333
63.000,30.627,0.271,0.681,94.161
63.020,32.121,0.232,0.681,93.953
63.040,33.141,0.190,0.681,93.721
63.060,33.697,0.153,0.681,93.479
63.080,33.750,0.111,0.681,93.239
63.100,33.340,0.071,0.681,93.017
63.120,32.437,0.033,0.681,92.823
63.140,31.084,-0.004,0.681,92.671
63.160,29.250,-0.042,0.681,92.566
63.180,27.047,-0.072,0.681,92.520
63.200,24.393,-0.099,0.681,92.525
63.220,21.404,-0.127,0.681,92.590
63.240,18.129,-0.145,0.681,92.703
63.260,14.561,-0.165,0.681,92.863
63.280,10.799,-0.174,0.681,93.054
63.300,6.891,-0.185,0.681,93.270
63.320,2.889,-0.182,0.681,93.492
63.340,-1.160,-0.188,0.681,93.712
63.360,-5.203,-0.178,0.681,93.911
63.380,-9.182,-0.171,0.681,94.082
63.400,-13.008,-0.151,0.681,94.210
63.420,-16.623,-0.131,0.681,94.289
63.440,-20.010,-0.112,0.681,94.311
63.460,-23.121,-0.079,0.681,94.278
63.480,-25.846,-0.053,0.681,94.186
63.500,-28.236,-0.012,0.681,94.045
63.520,-30.199,0.021,0.681,93.857
63.540,-31.729,0.058,0.681,93.635
63.560,-32.754,0.096,0.681,93.390
63.580,-33.275,0.137,0.681,93.136
63.600,-33.410,0.179,0.681,92.885
63.620,-33.006,0.218,0.681,92.653
63.640,-32.150,0.257,0.678,92.451
63.660,-30.768,0.294,0.678,92.291
63.680,-28.951,0.332,0.678,92.178
63.700,-26.736,0.362,0.678,92.126
63.720,-24.111,0.394,0.678,92.127
63.740,-21.111,0.417,0.678,92.191
63.760,-17.824,0.445,0.678,92.305
63.780,-14.268,0.458,0.678,92.468
63.800,-10.488,0.480,0.678,92.664
63.820,-6.562,0.478,0.678,92.889
63.840,-2.543,0.489,0.682,93.120
63.860,1.523,0.485,0.682,93.353
63.880,5.572,0.481,0.682,93.567
63.900,9.510,0.468,0.682,93.755
63.920,13.371,0.453,0.682,93.900
63.940,16.998,0.432,0.682,93.999
63.960,20.361,0.406,0.682,94.044
63.980,23.484,0.378,0.682,94.030
64.000,26.232,0.344,0.682,93.962
64.020,28.594,0.309,0.682,93.842
64.040,30.551,0.273,0.682,93.678
64.060,32.068,0.238,0.682,93.478
64.080,33.111,0.194,0.682,93.257
64.100,33.674,0.156,0.682,93.026
64.120,33.768,0.116,0.682,92.799
64.140,33.375,0.075,0.682,92.590
64.160,32.490,0.036,0.682,92.411
64.180,31.154,-0.003,0.682,92.275
64.200,29.350,-0.038,0.682,92.187
64.220,27.164,-0.071,0.682,92.158
64.240,24.527,-0.096,0.682,92.184
64.260,21.557,-0.122,0.682,92.270
64.280,18.293,-0.146,0.682,92.405
64.300,14.754,-0.164,0.682,92.590
64.320,10.998,-0.177,0.682,92.810
64.340,7.096,-0.182,0.682,93.055
64.360,3.070,-0.188,0.682,93.307
64.380,-0.967,-0.185,0.682,93.559
64.400,-5.004,-0.180,0.682,93.789
64.420,-8.982,-0.170,0.682,93.991
64.440,-12.814,-0.154,0.682,94.151
64.460,-16.424,-0.133,0.682,94.263
64.480,-19.857,-0.114,0.682,94.316
64.500,-22.975,-0.082,0.682,94.314
64.520,-25.693,-0.056,0.682,94.253
64.540,-28.113,-0.017,0.682,94.140
64.560,-30.088,0.014,0.682,93.981
64.580,-31.658,0.052,0.682,93.784
64.600,-32.701,0.091,0.682,93.563
64.620,-33.252,0.133,0.682,93.331
64.640,-33.375,0.174,0.682,93.101
64.660,-33.000,0.211,0.682,92.887
64.680,-32.186,0.253,0.682,92.701
64.700,-30.850,0.290,0.682,92.555
64.720,-29.039,0.327,0.682,92.457
64.740,-26.818,0.354,0.682,92.415
64.760,-24.211,0.388,0.682,92.426
64.780,-21.252,0.414,0.682,92.495
64.800,-17.953,0.442,0.682,92.615
64.820,-14.432,0.452,0.682,92.781
64.840,-10.652,0.472,0.682,92.979
64.860,-6.715,0.473,0.682,93.202
64.880,-2.707,0.485,0.682,93.434
64.900,1.348,0.478,0.682,93.663
64.920,5.391,0.477,0.682,93.874
64.940,9.334,0.462,0.682,94.055
64.960,13.184,0.450,0.682,94.193
64.980,16.828,0.425,0.682,94.282
65.000,20.221,0.405,0.682,94.313
65.020,23.338,0.370,0.682,94.289
65.040,26.104,0.345,0.682,94.205
65.060,28.477,0.307,0.682,94.069
65.080,30.445,0.273,0.682,93.887
65.100,31.998,0.231,0.682,93.670
65.120,33.070,0.197,0.682,93.427
65.140,33.662,0.154,0.682,93.173
65.160,33.773,0.110,0.682,92.922
65.180,33.416,0.076,0.682,92.688
65.200,32.537,0.033,0.682,92.481
65.220,31.230,-0.001,0.682,92.317
65.240,29.449,-0.041,0.682,92.200
65.260,27.281,-0.070,0.682,92.141
65.280,24.668,-0.100,0.682,92.136
65.300,21.715,-0.125,0.682,92.192
65.320,18.457,-0.148,0.682,92.297
65.340,14.912,-0.167,0.682,92.453
65.360,11.174,-0.180,0.682,92.641
65.380,7.277,-0.184,0.682,92.859
65.400,3.270,-0.190,0.682,93.084
65.420,-0.768,-0.187,0.682,93.311
65.440,-4.811,-0.184,0.682,93.517
65.460,-8.807,-0.173,0.682,93.701
65.480,-12.627,-0.158,0.682,93.841
65.500,-16.260,-0.139,0.682,93.937
65.520,-19.699,-0.115,0.682,93.976
65.540,-22.834,-0.090,0.682,93.963
65.560,-25.605,-0.054,0.682,93.891
65.580,-28.008,-0.020,0.682,93.768
65.600,-30.018,0.015,0.682,93.599
65.620,-31.594,0.055,0.682,93.395
65.640,-32.684,0.091,0.682,93.168
65.660,-33.275,0.128,0.682,92.930
65.680,-33.398,0.173,0.682,92.696
65.700,-33.053,0.211,0.682,92.291
65.720,-32.244,0.256,0.682,92.291
65.740,-30.926,0.292,0.682,92.146
65.760,-29.162,0.328,0.682,92.049
65.780,-26.965,0.360,0.682,92.009
65.800,-24.375,0.388,0.682,92.028
65.820,-21.398,0.416,0.682,92.102
65.840,-18.129,0.441,0.682,92.233
65.860,-14.619,0.457,0.682,92.411
65.880,-10.857,0.473,0.682,92.626
65.900,-6.937,0.478,0.682,92.865
65.920,-2.912,0.485,0.682,93.118
65.940,1.148,0.482,0.682,93.368
65.960,5.174,0.481,0.682,93.604
65.980,9.158,0.468,0.682,93.811
66.000,12.996,0.449,0.682,93.978
66.020,16.664,0.431,0.682,94.096
66.040,20.062,0.405,0.682,94.158
66.060,23.209,0.381,0.682,94.164
66.080,25.998,0.348,0.682,94.112
66.100,28.383,0.314,0.682,94.007
66.120,30.375,0.277,0.682,93.856
66.140,31.934,0.240,0.682,93.668
66.160,33.018,0.201,0.682,93.455
66.180,33.645,0.161,0.682,93.230
66.200,33.785,0.116,0.682,93.006
66.220,33.434,0.083,0.682,92.798
66.240,32.590,0.037,0.682,92.618
66.260,31.301,0.005,0.682,92.479
66.280,29.537,-0.033,0.682,92.386
66.300,27.387,-0.066,0.682,92.349
66.320,24.797,-0.083,0.682,92.367
66.340,21.855,-0.129,0.682,92.440
66.360,18.609,-0.125,0.682,92.571
66.380,15.094,-0.175,0.682,92.739
66.400,11.355,-0.157,0.682,92.954
66.420,7.453,-0.193,0.682,93.180
66.440,3.463,-0.175,0.682,93.429
66.460,-0.574,-0.190,0.682,93.665
66.480,-4.605,-0.175,0.682,93.890
66.500,-8.602,-0.169,0.682,94.082
66.520,-12.445,-0.152,0.682,94.233
66.540,-16.096,-0.130,0.682,94.334
66.560,-19.512,-0.116,0.682,94.378
66.580,-22.687,-0.078,0.682,94.366
66.600,-25.471,-0.059,0.682,94.293
66.620,-27.908,-0.016,0.682,94.169
66.640,-29.930,0.008,0.682,93.997
66.660,-31.523,0.055,0.682,93.788
66.680,-32.625,0.086,0.682,93.552
66.700,-33.234,0.131,0.682,93.305
66.720,-33.410,0.170,0.682,93.058
66.740,-33.076,0.206,0.682,92.825
66.760,-32.273,0.253,0.682,92.620
66.780,-30.990,0.284,0.682,92.455
66.800,-29.244,0.331,0.682,92.336
66.820,-27.053,0.347,0.682,92.273
66.840,-24.504,0.398,0.682,92.262
66.860,-21.562,0.404,0.682,92.316
66.880,-18.281,0.446,0.682,92.414
66.900,-14.795,0.447,0.682,92.567
66.920,-11.033,0.477,0.682,92.746
66.940,-7.131,0.470,0.682,92.960
66.960,-3.105,0.489,0.682,93.177
66.980,0.967,0.472,0.682,93.400
67.000,5.010,0.485,0.682,93.601
67.020,8.965,0.458,0.682,93.781
67.040,12.809,0.453,0.682,93.915
67.060,16.477,0.425,0.682,94.007
67.080,19.904,0.408,0.682,94.040
67.100,23.045,0.373,0.682,94.020
67.120,25.869,0.349,0.682,93.940
67.140,28.277,0.311,0.682,93.811
67.160,30.293,0.280,0.682,93.634
67.180,31.863,0.236,0.682,93.422
67.200,32.977,0.200,0.682,93.185
67.220,33.627,0.155,0.682,92.936
67.240,33.779,0.118,0.682,92.689
67.260,33.475,0.078,0.682,92.457
67.280,32.654,0.036,0.682,92.255
67.300,31.377,0.000,0.682,92.093
67.320,29.625,-0.044,0.682,91.979
67.340,27.504,-0.062,0.682,91.925
67.360,24.932,-0.105,0.682,91.924
67.380,21.996,-0.112,0.682,91.989
67.400,18.762,-0.158,0.682,92.098
67.420,15.258,-0.155,0.682,92.268
67.440,11.531,-0.189,0.682,92.464
67.460,7.641,-0.175,0.682,92.700
67.480,3.633,-0.205,0.694,92.936
67.500,-0.387,-0.175,0.694,93.186
67.520,-4.436,-0.200,0.694,93.407
67.540,-8.437,-0.160,0.694,93.617
67.560,-12.293,-0.174,0.694,93.773
67.580,-15.961,-0.130,0.694,93.896
67.600,-19.400,-0.127,0.694,93.953
67.620,-22.564,-0.085,0.694,93.963
67.640,-25.389,-0.063,0.694,93.911
67.660,-27.832,-0.026,0.694,93.810
67.680,-29.900,0.013,0.694,93.660
67.700,-31.477,0.044,0.694,93.475
67.720,-32.613,0.089,0.694,93.264
67.740,-33.246,0.124,0.694,93.042
67.760,-33.410,0.169,0.694,92.820
67.780,-33.152,0.207,0.694,92.615
67.800,-32.379,0.254,0.694,92.438
67.820,-31.107,0.281,0.694,92.302
67.840,-29.373,0.327,0.694,92.211
67.860,-27.205,0.348,0.694,92.179
67.880,-24.674,0.388,0.694,92.200
67.900,-21.750,0.410,0.694,92.283
67.920,-18.492,0.432,0.694,92.419
67.940,-14.988,0.456,0.694,92.601
67.960,-11.250,0.464,0.694,92.821
67.980,-7.348,0.479,0.694,93.065
68.000,-3.322,0.477,0.694,93.323
68.020,0.744,0.482,0.694,93.577
68.040,4.781,0.473,0.694,93.819
68.060,8.754,0.468,0.694,94.030
68.080,12.615,0.448,0.694,94.203
68.100,16.295,0.436,0.694,94.325
68.120,19.734,0.406,0.694,94.395
68.140,22.887,0.384,0.694,94.402
68.160,25.740,0.344,0.694,94.352
68.180,28.160,0.320,0.694,94.246
68.200,30.199,0.278,0.694,94.094
68.220,31.793,0.245,0.694,93.902
68.240,32.941,0.206,0.694,93.685
68.260,33.609,0.161,0.694,93.452
68.280,33.791,0.124,0.694,93.001
68.300,33.492,0.078,0.694,93.001
68.320,32.684,0.049,0.694,92.809
68.340,31.447,0.000,0.694,92.654
68.360,29.707,-0.025,0.694,92.548
68.380,27.609,-0.072,0.694,92.492
68.400,25.055,-0.083,0.694,92.497
68.420,22.137,-0.129,0.694,92.553
68.440,18.932,-0.132,0.694,92.668
68.460,15.422,-0.168,0.694,92.822
68.480,11.684,-0.163,0.694,93.018
68.500,7.828,-0.187,0.694,93.233
68.520,3.820,-0.185,0.694,93.464
68.540,-0.223,-0.186,0.694,93.692
68.560,-4.271,-0.181,0.694,94.087
68.580,-8.256,-0.167,0.694,94.087
68.600,-12.129,-0.157,0.694,94.229
68.620,-15.809,-0.133,0.694,94.323
68.640,-19.266,-0.118,0.694,94.362
68.660,-22.436,-0.084,0.694,94.345
68.680,-25.266,-0.059,0.694,94.269
68.700,-27.709,-0.019,0.694,94.140
68.720,-29.795,0.016,0.694,93.963
68.740,-31.441,0.049,0.694,93.749
68.760,-32.578,0.087,0.694,93.509
68.780,-33.246,0.126,0.694,93.255
68.800,-33.445,0.173,0.694,93.001
68.820,-33.164,0.206,0.694,92.763
68.840,-32.420,0.253,0.694,92.550
68.860,-31.184,0.279,0.694,92.378
68.880,-29.467,0.332,0.694,92.251
68.900,-27.299,0.345,0.694,92.180
68.920,-24.779,0.397,0.694,92.165
68.940,-21.855,0.408,0.694,92.309
68.960,-18.656,0.447,0.694,92.309
68.980,-15.152,0.450,0.694,92.453
69.000,-11.414,0.478,0.694,92.641
69.020,-7.518,0.476,0.694,92.852
69.040,-3.504,0.493,0.698,93.078
69.060,0.551,0.481,0.698,93.307
69.080,4.605,0.486,0.698,93.520
69.100,8.578,0.464,0.698,93.710
69.120,12.451,0.459,0.698,93.857
69.140,16.143,0.431,0.698,93.965
69.160,19.582,0.414,0.698,94.012
69.180,22.770,0.385,0.698,94.010
69.200,25.611,0.352,0.698,93.948
69.220,28.072,0.319,0.698,93.836
69.240,30.105,0.283,0.698,93.676
69.260,31.734,0.243,0.698,93.480
69.280,32.895,0.204,0.698,93.258
69.300,33.580,0.162,0.698,93.023
69.320,33.791,0.124,0.698,92.789
69.340,33.521,0.078,0.698,92.570
69.360,32.736,0.051,0.698,92.379
69.380,31.512,-0.000,0.698,92.228
69.400,29.824,-0.024,0.698,92.125
69.420,27.727,-0.071,0.698,92.079
69.440,25.195,-0.084,0.698,92.090
69.460,22.277,-0.127,0.698,92.160
69.480,19.090,-0.135,0.698,92.284
69.500,15.592,-0.169,0.698,92.458
69.520,11.883,-0.169,0.698,92.670
69.540,8.027,-0.187,0.698,92.911
69.560,4.020,-0.185,0.698,93.162
69.580,-0.012,-0.192,0.698,93.419
69.600,-4.055,-0.183,0.698,93.658
69.620,-8.062,-0.173,0.698,93.873
69.640,-11.918,-0.158,0.698,94.045
69.660,-15.598,-0.138,0.698,94.173
69.680,-19.061,-0.125,0.698,94.244
69.700,-22.266,-0.089,0.698,94.264
69.720,-25.096,-0.064,0.698,94.221
69.740,-27.574,-0.022,0.698,94.127
69.760,-29.678,0.004,0.698,93.982
69.780,-31.307,0.049,0.698,93.800
69.800,-32.514,0.078,0.698,93.590
69.820,-33.193,0.126,0.698,93.367
69.840,-33.393,0.157,0.698,93.142
69.860,-33.146,0.204,0.698,92.931
69.880,-32.414,0.237,0.698,92.745
69.900,-31.219,0.282,0.698,92.598
69.920,-29.525,0.312,0.698,92.495
69.940,-27.404,0.350,0.698,92.448
69.960,-24.885,0.380,0.698,92.452
69.980,-21.990,0.406,0.698,92.520
70.000,-18.773,0.435,0.698,92.633
70.020,-15.299,0.452,0.698,92.803
70.040,-11.590,0.464,0.698,93.000
70.060,-7.711,0.478,0.698,93.233
70.080,-3.680,0.477,0.698,93.467
70.100,0.357,0.485,0.698,93.711
70.120,4.424,0.472,0.698,93.930
70.140,8.396,0.468,0.698,94.130
70.160,12.275,0.450,0.698,94.282
70.180,15.967,0.435,0.698,94.393
70.200,19.424,0.407,0.698,94.444
70.220,22.605,0.384,0.698,94.439
70.240,25.477,0.351,0.698,94.375
70.260,27.949,0.317,0.698,94.255
70.280,30.029,0.283,0.698,94.088
70.300,31.664,0.244,0.698,93.881
70.320,32.854,0.209,0.698,93.646
70.340,33.568,0.161,0.698,93.397
70.360,33.779,0.129,0.698,93.146
70.380,33.539,0.076,0.698,92.908
70.400,32.801,0.049,0.698,92.696
70.420,31.582,-0.000,0.698,92.521
70.440,29.906,-0.025,0.698,92.393
70.460,27.838,-0.068,0.698,92.317
70.480,25.324,-0.090,0.698,92.300
70.500,22.436,-0.125,0.698,92.337
70.520,19.242,-0.141,0.698,92.434
70.540,15.768,-0.162,0.698,92.572
70.560,12.070,-0.173,0.698,92.752
70.580,8.203,-0.181,0.698,92.956
70.600,4.207,-0.190,0.698,93.175
70.620,0.176,-0.185,0.698,93.396
70.640,-3.891,-0.186,0.698,93.603
70.660,-7.875,-0.169,0.698,93.785
70.680,-11.760,-0.166,0.698,93.930
70.700,-15.457,-0.135,0.698,94.030
70.720,-18.937,-0.121,0.698,94.074
70.740,-22.154,-0.083,0.698,94.062
70.760,-25.008,-0.064,0.698,93.994
70.780,-27.510,-0.023,0.698,93.874
70.800,-29.631,0.008,0.698,93.706
70.820,-31.307,0.046,0.698,93.500
70.840,-32.502,0.087,0.698,93.268
70.860,-33.205,0.122,0.698,93.022
70.880,-33.451,0.166,0.698,92.776
70.900,-33.246,0.207,0.698,92.543
70.920,-32.508,0.244,0.698,92.339
70.940,-31.312,0.286,0.698,92.171
70.960,-29.625,0.319,0.698,92.055
70.980,-27.545,0.352,0.698,91.988
71.000,-25.061,0.384,0.698,91.986
71.020,-22.178,0.413,0.698,92.035
71.040,-18.979,0.436,0.698,92.148
71.060,-15.492,0.456,0.698,92.303
71.080,-11.801,0.471,0.698,92.504
71.100,-7.910,0.479,0.698,92.732
71.120,-3.896,0.483,0.698,92.975
71.140,0.158,0.485,0.698,93.220
71.160,4.219,0.479,0.698,93.453
71.180,8.203,0.472,0.698,93.662
71.200,12.076,0.454,0.698,93.833
71.220,15.791,0.437,0.698,93.960
71.240,19.248,0.415,0.698,94.033
71.260,22.465,0.385,0.698,94.051
71.280,25.348,0.358,0.698,94.009
71.300,27.844,0.327,0.698,93.915
71.320,29.930,0.287,0.698,93.775
71.340,31.594,0.252,0.698,93.596
71.360,32.818,0.211,0.698,93.389
71.380,33.539,0.173,0.698,93.167
71.400,33.791,0.126,0.698,92.944
71.420,33.574,0.091,0.698,92.735
71.440,32.824,0.051,0.698,92.550
71.460,31.658,0.012,0.698,92.405
71.480,29.982,-0.023,0.698,92.303
71.500,27.943,-0.058,0.698,92.261
71.520,25.447,-0.087,0.698,92.271
71.540,22.588,-0.110,0.698,92.344
71.560,19.418,-0.142,0.698,92.464
71.580,15.943,-0.150,0.698,92.642
71.600,12.246,-0.177,0.698,92.847
71.620,8.385,-0.174,0.698,93.092
71.640,4.418,-0.187,0.698,93.340
71.660,0.363,-0.188,0.698,93.595
71.680,-3.674,-0.178,0.698,93.833
71.700,-7.670,-0.177,0.698,94.044
71.720,-11.566,-0.153,0.698,94.218
71.740,-15.275,-0.144,0.698,94.341
71.760,-18.762,-0.116,0.698,94.414
71.780,-21.979,-0.099,0.698,94.425
71.800,-24.850,-0.061,0.698,94.380
71.820,-27.375,-0.032,0.698,94.279
71.840,-29.496,0.004,0.698,94.128
71.860,-31.201,0.040,0.698,93.938
71.880,-32.420,0.076,0.698,93.718
71.900,-33.146,0.120,0.698,93.482
71.920,-33.416,0.159,0.698,93.244
71.940,-33.223,0.203,0.698,93.016
71.960,-32.543,0.232,0.698,92.814
71.980,-31.354,0.282,0.698,92.645
72.000,-29.701,0.307,0.698,92.526
72.020,-27.627,0.352,0.698,92.452
72.040,-25.148,0.372,0.698,92.443
72.060,-22.301,0.410,0.698,92.480
72.080,-19.113,0.426,0.698,92.581
72.100,-15.639,0.453,0.698,92.721
72.120,-11.965,0.461,0.698,92.905
72.140,-8.074,0.478,0.698,93.110
72.160,-4.090,0.477,0.698,93.336
72.180,-0.023,0.487,0.698,93.557
72.200,4.037,0.473,0.698,93.769
72.220,8.016,0.472,0.698,93.951
72.240,11.918,0.445,0.698,94.098
72.260,15.615,0.441,0.698,94.197
72.280,19.119,0.406,0.698,94.244
72.300,22.324,0.388,0.698,94.231
72.320,25.236,0.351,0.698,94.161
72.340,27.727,0.326,0.698,94.037
72.360,29.848,0.282,0.698,93.865
72.380,31.529,0.253,0.698,93.653
72.400,32.760,0.204,0.698,93.413
72.420,33.521,0.170,0.698,93.158
72.440,33.785,0.126,0.698,92.900
72.460,33.580,0.086,0.698,92.654
72.480,32.889,0.047,0.693,92.434
72.500,31.723,0.008,0.693,92.250
72.520,30.088,-0.027,0.685,92.114
72.540,28.055,-0.062,0.685,92.031
72.560,25.570,-0.085,0.685,92.005
72.580,22.729,-0.120,0.685,92.037
72.600,19.582,-0.140,0.685,92.127
72.620,16.119,-0.165,0.685,92.264
72.640,12.439,-0.171,0.685,92.446
72.660,8.590,-0.186,0.685,92.651
72.680,4.605,-0.188,0.685,92.879
72.700,0.568,-0.191,0.685,93.323
72.720,-3.486,-0.184,0.685,93.323
72.740,-7.488,-0.181,0.685,93.515
72.760,-11.391,-0.157,0.685,93.675
72.780,-15.094,-0.149,0.685,93.785
72.800,-18.598,-0.116,0.685,93.847
72.820,-21.838,-0.097,0.685,93.850
72.840,-24.732,-0.067,0.685,93.799
72.860,-27.270,-0.033,0.685,93.695
72.880,-29.408,0.002,0.685,93.544
72.900,-31.148,0.040,0.685,93.354
72.920,-32.379,0.076,0.685,93.135
72.940,-33.141,0.118,0.685,92.902
72.960,-33.428,0.156,0.685,92.668
72.980,-33.234,0.199,0.685,92.446
73.000,-32.607,0.236,0.685,92.251
73.020,-31.459,0.280,0.685,92.091
73.040,-29.818,0.307,0.685,91.982
73.060,-27.750,0.350,0.685,91.922
73.080,-25.312,0.373,0.685,91.927
73.100,-22.488,0.410,0.685,91.985
73.120,-19.301,0.427,0.685,92.102
73.140,-15.844,0.450,0.685,92.266
73.160,-12.170,0.464,0.685,92.472
73.180,-8.279,0.476,0.685,92.708
73.200,-4.289,0.482,0.685,92.959
73.220,-0.234,0.486,0.685,93.216
73.240,3.814,0.476,0.685,93.459
73.260,7.828,0.471,0.685,93.680
73.280,11.725,0.454,0.685,93.861
73.300,15.439,0.443,0.685,93.998
73.320,18.955,0.414,0.685,94.081
73.340,22.160,0.390,0.685,94.107
73.360,25.102,0.356,0.685,94.074
73.380,27.609,0.328,0.685,93.986
73.400,29.760,0.290,0.685,93.849
73.420,31.447,0.252,0.685,93.672
73.440,32.719,0.215,0.685,93.465
73.460,33.498,0.174,0.685,93.241
73.480,33.785,0.131,0.685,93.014
73.500,33.604,0.094,0.685,92.798
73.520,32.936,0.053,0.685,92.606
73.540,31.793,0.016,0.685,92.449
73.560,30.176,-0.023,0.685,92.338
73.580,28.148,-0.055,0.685,92.279
73.600,25.699,-0.082,0.685,92.278
73.620,22.875,-0.112,0.685,92.331
73.640,19.729,-0.134,0.685,92.597
73.660,16.289,-0.154,0.685,92.597
73.680,12.592,-0.170,0.685,92.792
73.700,8.760,-0.179,0.685,93.015
73.720,4.787,-0.187,0.685,93.253
73.740,0.744,-0.183,0.685,93.493
73.760,-3.305,-0.183,0.685,93.719
73.780,-7.301,-0.174,0.685,93.919
73.800,-11.209,-0.157,0.685,94.083
73.820,-14.930,-0.142,0.685,94.199
73.840,-18.439,-0.116,0.685,94.260
73.860,-21.703,-0.094,0.685,94.264
73.880,-24.633,-0.064,0.685,94.212
73.900,-27.164,-0.030,0.685,94.103
73.920,-29.344,0.004,0.685,93.944
73.940,-31.072,0.042,0.685,93.745
73.960,-32.338,0.078,0.685,93.516
73.980,-33.129,0.118,0.685,93.269
74.000,-33.434,0.158,0.685,93.020
74.020,-33.270,0.200,0.685,92.781
74.040,-32.631,0.240,0.679,92.565
74.060,-31.506,0.275,0.679,92.386
74.080,-29.900,0.315,0.679,92.251
74.100,-27.850,0.348,0.679,92.169
74.120,-25.412,0.378,0.679,92.143
74.140,-22.594,0.410,0.679,92.176
74.160,-19.418,0.429,0.679,92.262
74.180,-15.984,0.452,0.679,92.401
74.200,-12.316,0.467,0.679,92.576
74.220,-8.461,0.475,0.679,92.783
74.240,-4.453,0.485,0.679,93.007
74.260,-0.416,0.484,0.679,93.233
74.280,3.639,0.481,0.679,93.451
74.300,7.658,0.472,0.679,93.642
74.320,11.543,0.454,0.679,93.802
74.340,15.293,0.438,0.679,93.912
74.360,18.785,0.414,0.679,93.975
74.380,22.025,0.384,0.679,93.979
74.400,24.967,0.360,0.679,93.927
74.420,27.504,0.321,0.679,93.821
74.440,29.666,0.293,0.679,93.667
74.460,31.383,0.247,0.679,93.474
74.480,32.672,0.219,0.679,93.251
74.500,33.463,0.166,0.679,93.013
74.520,33.797,0.137,0.679,92.772
74.540,33.615,0.085,0.679,92.542
74.560,32.965,0.059,0.679,92.338
74.580,31.846,0.008,0.678,92.168
74.600,30.252,-0.015,0.678,92.050
74.620,28.266,-0.070,0.678,91.978
74.640,25.816,-0.076,0.678,91.975
74.660,23.016,-0.129,0.678,92.020
74.680,19.881,-0.125,0.678,92.133
74.700,16.465,-0.172,0.678,92.283
74.720,12.803,-0.158,0.678,92.490
74.740,8.947,-0.195,0.682,92.711
74.760,4.998,-0.179,0.682,92.966
74.780,0.961,-0.199,0.686,93.212
74.800,-3.094,-0.179,0.686,93.460
74.820,-7.102,-0.186,0.686,93.672
74.840,-11.010,-0.161,0.686,93.861
74.860,-14.742,-0.150,0.686,93.996
74.880,-18.258,-0.126,0.686,94.084
74.900,-21.521,-0.100,0.686,94.113
74.920,-24.457,-0.068,0.686,94.087
74.940,-27.035,-0.036,0.686,94.004
74.960,-29.215,-0.004,0.686,93.874
74.980,-30.990,0.034,0.686,93.701
75.000,-32.256,0.073,0.686,93.500
75.020,-33.082,0.111,0.686,93.281
75.040,-33.393,0.152,0.686,93.059
75.060,-33.270,0.193,0.686,92.659
75.080,-32.648,0.232,0.686,92.659
75.100,-31.553,0.270,0.686,92.506
75.120,-29.977,0.310,0.686,92.399
75.140,-27.955,0.344,0.686,92.343
75.160,-25.535,0.373,0.686,92.346
75.180,-22.734,0.401,0.686,92.404
75.200,-19.576,0.430,0.686,92.519
75.220,-16.154,0.447,0.686,92.682
75.240,-12.504,0.462,0.686,92.886
75.260,-8.654,0.473,0.686,93.118
75.280,-4.664,0.486,0.686,93.367
75.300,-0.615,0.484,0.686,93.620
75.320,3.457,0.476,0.686,93.862
75.340,7.465,0.468,0.686,94.073
75.360,11.344,0.456,0.686,94.253
75.380,15.100,0.441,0.686,94.382
75.400,18.621,0.412,0.686,94.461
75.420,21.879,0.394,0.686,94.479
75.440,24.838,0.356,0.686,94.441
75.460,27.393,0.330,0.686,94.345
75.480,29.555,0.290,0.686,94.199
75.500,31.318,0.259,0.686,94.012
75.520,32.619,0.213,0.686,93.793
75.540,33.439,0.178,0.686,93.556
75.560,33.773,0.130,0.686,93.314
75.580,33.645,0.100,0.686,93.081
75.600,33.018,0.045,0.686,92.870
75.620,31.910,0.024,0.686,92.694
75.640,30.328,-0.032,0.686,92.561
75.660,28.354,-0.042,0.686,92.483
75.680,25.951,-0.093,0.686,92.491
75.700,23.150,-0.102,0.686,92.491
75.720,20.033,-0.142,0.686,92.574
75.740,16.629,-0.150,0.686,92.712
75.760,12.955,-0.177,0.686,92.885
75.780,9.129,-0.169,0.686,93.094
75.800,5.156,-0.192,0.686,93.311
75.820,1.131,-0.181,0.686,93.537
75.840,-2.912,-0.191,0.686,93.748
75.860,-6.955,-0.167,0.686,93.941
75.880,-10.875,-0.167,0.686,94.093
75.900,-14.613,-0.138,0.686,94.204
75.920,-18.146,-0.125,0.686,94.259
75.940,-21.410,-0.096,0.686,94.201
75.960,-24.352,-0.063,0.686,94.201
75.980,-26.947,-0.038,0.686,94.087
76.000,-29.174,0.005,0.686,93.926
76.020,-30.937,0.033,0.686,93.722
76.040,-32.232,0.082,0.686,93.490
76.060,-33.094,0.109,0.686,93.239
76.080,-33.410,0.162,0.686,92.985
76.100,-33.328,0.190,0.686,92.741
76.120,-32.742,0.246,0.686,92.519
76.140,-31.646,0.267,0.686,92.336
76.160,-30.070,0.322,0.686,92.194
76.180,-28.061,0.338,0.686,92.109
76.200,-25.693,0.385,0.686,92.078
76.220,-22.904,0.400,0.686,92.109
76.240,-19.752,0.435,0.686,92.192
76.260,-16.348,0.447,0.686,92.330
76.280,-12.691,0.471,0.686,92.507
76.300,-8.848,0.472,0.686,92.720
76.320,-4.857,0.491,0.690,92.945
76.340,-0.803,0.478,0.690,93.183
76.360,3.252,0.489,0.690,93.407
76.380,7.266,0.468,0.690,93.614
76.400,11.156,0.465,0.690,93.782
76.420,14.936,0.436,0.690,93.910
76.440,18.457,0.425,0.690,93.984
76.460,21.721,0.389,0.690,94.006
76.480,24.709,0.369,0.690,93.968
76.500,27.275,0.329,0.690,93.879
76.520,29.467,0.302,0.690,93.739
76.540,31.236,0.255,0.690,93.561
76.560,32.566,0.227,0.690,93.351
76.580,33.428,0.173,0.690,93.125
76.600,33.773,0.146,0.690,92.895
76.620,33.662,0.093,0.690,92.674
76.640,33.053,0.064,0.690,92.478
76.660,31.975,0.014,0.690,92.316
76.680,30.451,-0.007,0.690,92.202
76.700,28.471,-0.060,0.690,92.138
76.720,26.086,-0.069,0.690,92.137
76.740,23.291,-0.121,0.690,92.186
76.760,20.186,-0.119,0.690,92.301
76.780,16.793,-0.166,0.690,92.456
76.800,13.143,-0.161,0.690,92.664
76.820,9.340,-0.189,0.690,92.895
76.840,5.391,-0.178,0.690,93.151
76.860,1.324,-0.191,0.690,93.404
76.880,-2.719,-0.183,0.690,93.652
76.900,-6.715,-0.180,0.690,93.873
76.920,-10.646,-0.167,0.690,94.063
76.940,-14.408,-0.141,0.690,94.206
76.960,-17.936,-0.132,0.690,94.292
76.980,-21.217,-0.096,0.690,94.328
77.000,-24.199,-0.079,0.690,94.300
77.020,-26.795,-0.034,0.690,94.221
77.040,-29.027,-0.014,0.690,94.087
77.060,-30.826,0.041,0.690,93.914
77.080,-32.162,0.059,0.690,93.707
77.100,-33.035,0.117,0.690,93.482
77.120,-33.375,0.139,0.690,93.251
77.140,-33.322,0.197,0.690,93.027
77.160,-32.730,0.224,0.690,92.827
77.180,-31.676,0.272,0.690,92.657
77.200,-30.146,0.302,0.690,92.536
77.220,-28.148,0.340,0.690,92.458
77.240,-25.781,0.370,0.690,92.445
77.260,-23.004,0.402,0.690,92.478
77.280,-19.898,0.422,0.690,92.577
77.300,-16.512,0.448,0.690,92.710
77.320,-12.850,0.458,0.690,92.899
77.340,-9.006,0.476,0.690,93.104
77.360,-5.021,0.479,0.690,93.338
77.380,-0.990,0.484,0.690,93.566
77.400,3.070,0.479,0.690,93.792
77.420,7.096,0.471,0.690,93.989
77.440,10.986,0.457,0.690,94.153
77.460,14.766,0.440,0.690,94.270
77.480,18.311,0.418,0.690,94.335
77.500,21.580,0.392,0.690,94.341
77.520,24.580,0.360,0.690,94.289
77.540,27.170,0.327,0.690,94.182
77.560,29.385,0.294,0.690,94.023
77.580,31.166,0.257,0.690,93.822
77.600,32.520,0.218,0.690,93.590
77.620,33.381,0.176,0.690,93.339
77.640,33.773,0.139,0.690,93.082
77.660,33.674,0.093,0.690,92.833
77.680,33.094,0.060,0.690,92.606
77.700,32.039,0.014,0.690,92.413
77.720,30.521,-0.015,0.690,92.265
77.740,28.570,-0.058,0.690,92.167
77.760,26.215,-0.078,0.690,92.127
77.780,23.443,-0.116,0.690,92.144
77.800,20.338,-0.125,0.690,92.219
77.820,16.969,-0.162,0.690,92.338
77.840,13.318,-0.162,0.690,92.507
77.860,9.516,-0.190,0.690,92.925
77.880,5.555,-0.179,0.690,93.143
77.900,1.529,-0.193,0.690,93.143
77.920,-2.525,-0.183,0.690,93.359
77.940,-6.551,-0.181,0.690,93.550
77.960,-10.482,-0.170,0.690,93.713
77.980,-14.238,-0.145,0.690,93.831
78.000,-17.795,-0.134,0.690,93.897
78.020,-21.123,-0.093,0.690,93.910
78.040,-24.088,-0.076,0.690,93.863
78.060,-26.719,-0.033,0.690,93.764
78.080,-28.957,-0.011,0.690,93.615
78.100,-30.785,0.038,0.690,93.426
78.120,-32.150,0.062,0.690,93.205
78.140,-33.035,0.113,0.690,92.967
78.160,-33.393,0.141,0.690,92.725
78.180,-33.346,0.194,0.690,92.491
78.200,-32.801,0.228,0.690,92.281
78.220,-31.787,0.270,0.690,92.107
78.240,-30.264,0.306,0.690,91.974
78.260,-28.283,0.340,0.690,91.899
78.280,-25.939,0.376,0.690,91.876
78.300,-23.174,0.397,0.690,91.919
78.320,-20.080,0.431,0.690,92.012
78.340,-16.693,0.447,0.690,92.165
78.360,-13.066,0.465,0.690,92.352
78.380,-9.234,0.476,0.690,92.580
78.400,-5.250,0.485,0.690,92.822
78.420,-1.201,0.484,0.690,93.078
78.440,2.848,0.485,0.690,93.318
78.460,6.873,0.472,0.690,93.545
78.480,10.793,0.464,0.690,93.732
78.500,14.578,0.439,0.690,93.881
78.520,18.117,0.427,0.690,93.974
78.540,21.416,0.395,0.690,94.013
78.560,24.434,0.371,0.690,93.995
78.580,27.041,0.335,0.690,93.920
78.600,29.285,0.303,0.690,93.796
78.620,31.084,0.265,0.690,93.629
78.640,32.455,0.228,0.690,93.431
78.660,33.346,0.183,0.690,93.213
78.680,33.762,0.147,0.690,92.988
78.700,33.686,0.104,0.690,92.772
78.720,33.141,0.064,0.690,92.576
78.740,32.092,0.025,0.690,92.415
78.760,30.592,-0.011,0.690,92.296
78.780,28.658,-0.047,0.690,92.231
78.800,26.338,-0.079,0.690,92.219
78.820,23.584,-0.104,0.690,92.268
78.840,20.502,-0.131,0.690,92.368
78.860,17.133,-0.150,0.690,92.523
78.880,13.500,-0.167,0.690,92.714
78.900,9.709,-0.176,0.690,92.942
78.920,5.748,-0.184,0.690,93.181
78.940,1.729,-0.187,0.690,93.432
78.960,-2.338,-0.182,0.690,93.669
78.980,-6.357,-0.174,0.690,93.885
79.000,-10.295,-0.165,0.690,94.062
79.020,-14.074,-0.141,0.690,94.200
79.040,-17.619,-0.129,0.690,94.279
79.060,-20.947,-0.096,0.690,94.306
79.080,-23.959,-0.073,0.690,94.271
79.100,-26.607,-0.038,0.690,94.182
79.120,-28.863,-0.005,0.690,94.039
79.140,-30.691,0.033,0.690,93.855
79.160,-32.080,0.066,0.690,93.635
79.180,-32.977,0.110,0.690,93.397
79.200,-33.387,0.148,0.690,93.151
79.220,-33.352,0.195,0.690,92.912
79.240,-32.824,0.226,0.690,92.694
79.260,-31.805,0.266,0.690,92.505
79.280,-30.299,0.304,0.690,92.363
79.300,-28.389,0.340,0.690,92.267
79.320,-26.021,0.372,0.690,92.233
79.340,-23.303,0.399,0.690,92.247
79.360,-20.203,0.424,0.690,92.326
79.380,-16.816,0.447,0.690,92.447
79.400,-13.230,0.461,0.690,92.618
79.420,-9.398,0.473,0.690,92.812
79.440,-5.420,0.481,0.690,93.031
79.460,-1.377,0.481,0.690,93.254
79.480,2.684,0.479,0.690,93.470
79.500,6.697,0.472,0.690,93.666
79.520,10.611,0.460,0.690,93.825
79.540,14.414,0.438,0.690,93.945
79.560,17.977,0.418,0.690,94.009
79.580,21.270,0.389,0.690,94.022
79.600,24.311,0.365,0.690,93.974
79.620,26.936,0.332,0.690,93.875
79.640,29.186,0.298,0.690,93.721
79.660,31.008,0.259,0.690,93.530
79.680,32.420,0.222,0.690,93.304
79.700,33.316,0.182,0.690,93.060
79.720,33.750,0.141,0.690,92.809
79.740,33.697,0.100,0.690,92.345
79.760,33.164,0.062,0.690,92.345
79.780,32.156,0.021,0.684,92.157
79.800,30.668,-0.013,0.684,92.014
79.820,28.775,-0.054,0.684,91.923
79.840,26.449,-0.076,0.684,91.892
79.860,23.707,-0.112,0.684,91.915
79.880,20.654,-0.132,0.684,92.000
79.900,17.309,-0.155,0.684,92.134
79.920,13.682,-0.167,0.684,92.315
79.940,9.891,-0.181,0.684,92.528
79.960,5.947,-0.185,0.684,92.764
79.980,1.922,-0.187,0.684,93.006
80.000,-2.127,-0.188,0.684,93.242
80.020,-6.129,-0.179,0.684,93.459
80.040,-10.113,-0.169,0.684,93.645
80.060,-13.875,-0.148,0.684,93.789
80.080,-17.443,-0.135,0.684,93.881
80.100,-20.771,-0.103,0.684,93.920
80.120,-23.789,-0.081,0.684,93.900
80.140,-26.461,-0.042,0.684,93.827
80.160,-28.740,-0.015,0.684,93.702
80.180,-30.615,0.029,0.684,93.537
80.200,-31.992,0.061,0.684,93.338
80.220,-32.936,0.103,0.684,93.121
80.240,-33.357,0.145,0.684,92.897
80.260,-33.363,0.186,0.684,92.680
80.280,-32.854,0.223,0.684,92.486
80.300,-31.869,0.265,0.684,92.323
80.320,-30.387,0.303,0.684,92.206
80.340,-28.488,0.336,0.684,92.139
80.360,-26.162,0.368,0.684,92.132
80.380,-23.449,0.398,0.684,92.177
80.400,-20.379,0.424,0.684,92.285
80.420,-17.004,0.447,0.684,92.439
80.440,-13.418,0.461,0.684,92.644
80.460,-9.592,0.473,0.684,92.873
80.480,-5.625,0.479,0.684,93.129
80.500,-1.576,0.485,0.684,93.386
80.520,2.484,0.479,0.684,93.640
80.540,6.510,0.474,0.684,93.872
80.560,10.436,0.460,0.684,94.068
80.580,14.227,0.445,0.684,94.224
80.600,17.807,0.424,0.684,94.322
80.620,21.117,0.400,0.684,94.368
80.640,24.164,0.370,0.684,94.352
80.660,26.830,0.336,0.684,94.282
80.680,29.092,0.303,0.684,94.157
80.700,30.926,0.267,0.684,93.990
80.720,32.350,0.225,0.684,93.788
80.740,33.281,0.184,0.684,93.565
80.760,33.744,0.147,0.684,93.334
80.780,33.721,0.105,0.684,93.108
80.800,33.217,0.067,0.684,92.901
80.820,32.209,0.026,0.684,92.726
80.840,30.773,-0.007,0.684,92.593
80.860,28.869,-0.049,0.684,92.511
80.880,26.572,-0.071,0.684,92.484
80.900,23.842,-0.106,0.684,92.513
80.920,20.807,-0.125,0.684,92.598
80.940,17.461,-0.151,0.684,92.731
80.960,13.852,-0.162,0.684,92.909
80.980,10.061,-0.177,0.684,93.116
81.000,6.123,-0.182,0.684,93.343
81.020,2.092,-0.191,0.684,93.576
81.040,-1.963,-0.183,0.684,93.802
81.060,-5.977,-0.176,0.684,94.007
81.080,-9.943,-0.163,0.684,94.174
81.100,-13.723,-0.147,0.684,94.301
81.120,-17.314,-0.128,0.684,94.374
81.140,-20.666,-0.100,0.684,94.392
81.160,-23.684,-0.073,0.684,94.350
81.180,-26.367,-0.040,0.684,94.253
81.200,-28.652,-0.006,0.684,94.104
81.220,-30.562,0.031,0.684,93.912
81.240,-31.980,0.066,0.684,93.685
81.260,-32.918,0.107,0.684,93.438
81.280,-33.369,0.149,0.684,93.183
81.300,-33.381,0.187,0.684,92.934
81.320,-32.912,0.229,0.682,92.705
81.340,-31.934,0.269,0.682,92.508
81.360,-30.486,0.303,0.678,92.252
81.380,-28.594,0.341,0.678,92.252
81.400,-26.279,0.362,0.678,92.205
81.420,-23.596,0.399,0.678,92.214
81.440,-20.525,0.423,0.678,92.281
81.460,-17.168,0.448,0.678,92.400
81.480,-13.588,0.460,0.678,92.564
81.500,-9.756,0.475,0.678,92.759
81.520,-5.818,0.481,0.678,92.979
81.540,-1.770,0.486,0.679,93.425
81.560,2.291,0.482,0.679,93.425
81.580,6.311,0.480,0.679,93.799
81.600,10.254,0.459,0.679,93.799
81.620,14.068,0.449,0.679,93.928
81.640,17.643,0.421,0.679,94.007
81.660,20.977,0.401,0.679,94.031
81.680,24.023,0.368,0.679,93.999
81.700,26.701,0.340,0.679,93.912
81.720,28.992,0.302,0.679,93.774
81.740,30.861,0.269,0.679,93.595
81.760,32.291,0.226,0.679,93.383
81.780,33.252,0.191,0.679,93.151
81.800,33.744,0.147,0.679,92.912
81.820,33.727,0.108,0.679,92.679
81.840,33.252,0.065,0.679,92.467
81.860,32.273,0.028,0.679,92.289
81.880,30.850,-0.009,0.679,92.154
81.900,28.963,-0.047,0.679,92.072
81.920,26.689,-0.074,0.679,92.047
81.940,23.994,-0.108,0.679,92.080
81.960,20.953,-0.127,0.679,92.173
81.980,17.637,-0.152,0.679,92.315
82.000,14.045,-0.166,0.679,92.505
82.020,10.248,-0.182,0.679,92.728
82.040,6.346,-0.186,0.679,92.974
82.060,2.303,-0.192,0.679,93.227
82.080,-1.758,-0.186,0.679,93.477
82.100,-5.771,-0.183,0.679,93.706
82.120,-9.732,-0.166,0.679,93.902
82.140,-13.518,-0.158,0.679,94.056
82.160,-17.121,-0.131,0.679,94.161
82.180,-20.461,-0.112,0.679,94.209
82.200,-23.525,-0.082,0.679,94.202
82.220,-26.227,-0.048,0.679,94.138
82.240,-28.541,-0.016,0.679,94.021
82.260,-30.451,0.026,0.679,93.861
82.280,-31.887,0.058,0.679,93.667
82.300,-32.895,0.102,0.679,93.452
82.320,-33.334,0.136,0.679,93.227
82.340,-33.363,0.182,0.679,93.009
82.360,-32.924,0.221,0.679,92.810
82.380,-31.975,0.259,0.679,92.641
82.400,-30.568,0.298,0.679,92.516
82.420,-28.682,0.332,0.679,92.439
82.440,-26.379,0.362,0.679,92.419
82.460,-23.695,0.394,0.679,92.455
82.480,-20.654,0.420,0.679,92.547
82.500,-17.326,0.443,0.679,92.690
82.520,-13.740,0.458,0.679,92.876
82.540,-9.932,0.474,0.679,93.094
82.560,-5.994,0.478,0.679,93.333
82.580,-1.951,0.482,0.679,93.579
82.600,2.098,0.481,0.679,93.817
82.620,6.123,0.476,0.679,94.036
82.640,10.066,0.456,0.679,94.363
82.660,13.887,0.444,0.679,94.363
82.680,17.484,0.422,0.679,94.451
82.700,20.818,0.398,0.679,94.485
82.720,23.883,0.369,0.679,94.457
82.740,26.566,0.339,0.679,94.374
82.760,28.898,0.302,0.679,94.238
82.780,30.773,0.265,0.679,94.057
82.800,32.238,0.227,0.679,93.841
82.820,33.211,0.188,0.679,93.602
82.840,33.715,0.144,0.679,93.353
82.860,33.738,0.108,0.679,93.110
82.880,33.287,0.064,0.679,92.884
82.900,32.326,0.032,0.678,92.690
82.920,30.920,-0.009,0.678,92.536
82.940,29.074,-0.044,0.678,92.433
82.960,26.807,-0.074,0.678,92.384
82.980,24.111,-0.106,0.678,92.393
83.000,21.105,-0.125,0.678,92.459
83.020,17.789,-0.153,0.678,92.573
83.040,14.203,-0.165,0.678,92.734
83.060,10.430,-0.177,0.678,92.925
83.080,6.516,-0.183,0.678,93.139
83.100,2.484,-0.186,0.678,93.360
83.120,-1.564,-0.186,0.678,93.576
83.140,-5.613,-0.179,0.678,93.773
83.160,-9.562,-0.165,0.678,93.939
83.180,-13.359,-0.154,0.678,94.063
83.200,-16.975,-0.129,0.678,94.139
83.220,-20.344,-0.102,0.678,94.158
83.240,-23.432,-0.075,0.678,94.119
83.260,-26.139,-0.044,0.678,94.025
83.280,-28.471,-0.016,0.678,93.881
83.300,-30.404,0.027,0.678,93.693
83.320,-31.852,0.059,0.678,93.471
83.340,-32.877,0.103,0.678,93.229
83.360,-33.352,0.133,0.678,92.978
83.380,-33.416,0.183,0.678,92.732
83.400,-32.982,0.218,0.678,92.507
83.420,-32.062,0.263,0.678,92.312
83.440,-30.668,0.297,0.678,92.162
83.460,-28.805,0.340,0.678,92.061
83.480,-26.543,0.359,0.678,92.020
83.500,-23.877,0.400,0.678,92.031
83.520,-20.830,0.418,0.678,92.106
83.540,-17.531,0.448,0.678,92.404
83.560,-13.957,0.460,0.678,92.404
83.580,-10.160,0.477,0.678,92.610
83.600,-6.223,0.484,0.678,92.845
83.620,-2.168,0.489,0.681,93.087
83.640,1.898,0.485,0.681,93.325
83.660,5.930,0.477,0.681,93.545
83.680,9.861,0.468,0.681,93.735
83.700,13.693,0.451,0.681,93.886
83.720,17.303,0.429,0.681,93.985
83.740,20.660,0.406,0.681,94.031
83.760,23.736,0.376,0.681,94.019
83.780,26.467,0.342,0.681,93.952
83.800,28.787,0.312,0.681,93.671
83.820,30.703,0.270,0.681,93.671
83.840,32.180,0.236,0.681,93.475
83.860,33.182,0.192,0.681,93.257
83.880,33.709,0.157,0.681,93.030
83.900,33.738,0.111,0.681,92.808
83.920,33.328,0.075,0.681,92.606
83.940,32.385,0.033,0.681,92.434
83.960,31.002,-0.004,0.681,92.306
83.980,29.162,-0.041,0.681,92.225
84.000,26.930,-0.069,0.681,92.203
84.020,24.246,-0.104,0.681,92.237
84.040,21.252,-0.125,0.681,92.332
84.060,17.959,-0.149,0.681,92.475
84.080,14.373,-0.164,0.681,92.665
84.100,10.623,-0.174,0.681,92.888
84.120,6.691,-0.187,0.681,93.133
84.140,2.678,-0.186,0.681,93.388
84.160,-1.354,-0.186,0.681,93.637
84.180,-5.385,-0.174,0.681,93.865
84.200,-9.375,-0.170,0.681,94.061
84.220,-13.195,-0.150,0.681,94.214
84.240,-16.793,-0.132,0.681,94.317
84.260,-20.174,-0.108,0.681,94.363
84.280,-23.268,-0.080,0.681,94.352
84.300,-25.980,-0.047,0.681,94.283
84.320,-28.354,-0.013,0.681,94.161
84.340,-30.275,0.025,0.681,93.993
84.360,-31.781,0.054,0.681,93.790
84.380,-32.824,0.098,0.681,93.563
84.400,-33.311,0.136,0.681,93.326
84.420,-33.416,0.181,0.681,93.092
84.440,-32.994,0.219,0.681,92.876
84.460,-32.109,0.253,0.681,92.689
84.480,-30.697,0.293,0.681,92.542
84.500,-28.875,0.330,0.681,92.443
84.520,-26.625,0.359,0.681,92.401
84.540,-23.982,0.394,0.681,92.412
84.560,-20.977,0.413,0.681,92.481
84.580,-17.654,0.444,0.681,92.599
84.600,-14.104,0.453,0.681,92.765
84.620,-10.312,0.472,0.681,92.960
84.640,-6.387,0.473,0.681,93.181
84.660,-2.350,0.486,0.681,93.405
84.680,1.717,0.477,0.681,93.630
84.700,5.754,0.474,0.681,93.830
84.720,9.691,0.460,0.681,94.005
84.740,13.523,0.448,0.681,94.133
84.760,17.139,0.418,0.681,94.215
84.780,20.514,0.402,0.681,94.237
84.800,23.596,0.367,0.681,94.204
84.820,26.350,0.344,0.681,94.112
84.840,28.693,0.302,0.681,93.969
84.860,30.621,0.273,0.681,93.781
84.880,32.115,0.228,0.681,93.558
84.900,33.141,0.189,0.681,93.312
84.920,33.697,0.152,0.681,93.057
84.940,33.756,0.108,0.681,92.805
84.960,33.340,0.066,0.681,92.571
84.980,32.437,0.031,0.681,92.369
85.000,31.084,-0.008,0.681,92.207
85.020,29.250,-0.044,0.681,92.095
85.040,27.053,-0.075,0.681,92.041
85.060,24.387,-0.103,0.681,92.044
85.080,21.404,-0.125,0.681,92.105
85.100,18.141,-0.154,0.681,92.217
85.120,14.578,-0.166,0.681,92.380
85.140,10.811,-0.183,0.681,92.575
85.160,6.891,-0.183,0.681,92.797
85.180,2.895,-0.190,0.681,93.026
85.200,-1.178,-0.187,0.681,93.256
85.220,-5.203,-0.184,0.681,93.464
85.240,-9.182,-0.170,0.681,93.648
85.260,-13.020,-0.158,0.681,93.789
85.280,-16.623,-0.134,0.681,93.884
85.300,-20.016,-0.113,0.681,93.924
85.320,-23.121,-0.085,0.681,93.909
85.340,-25.857,-0.055,0.681,93.838
85.360,-28.254,-0.016,0.681,93.716
85.380,-30.223,0.016,0.681,93.550
85.400,-31.740,0.054,0.681,93.349
85.420,-32.795,0.097,0.681,93.127
85.440,-33.305,0.132,0.681,92.895
85.460,-33.416,0.177,0.681,92.668
85.480,-33.047,0.216,0.681,92.459
85.500,-32.186,0.256,0.681,92.282
85.520,-30.814,0.294,0.681,92.147
85.540,-28.992,0.327,0.681,92.062
85.560,-26.754,0.360,0.681,92.034
85.580,-24.141,0.390,0.681,92.063
85.600,-21.152,0.419,0.681,92.152
85.620,-17.859,0.441,0.681,92.294
85.640,-14.291,0.457,0.681,92.483
85.660,-10.512,0.472,0.681,92.706
85.680,-6.592,0.481,0.681,92.953
85.700,-2.561,0.484,0.681,93.213
85.720,1.488,0.483,0.681,93.468
85.740,5.543,0.476,0.681,93.705
85.760,9.492,0.467,0.681,93.914
85.780,13.342,0.448,0.681,94.081
85.800,16.963,0.431,0.681,94.196
85.820,20.355,0.403,0.681,94.257
85.840,23.455,0.377,0.681,94.206
85.860,26.232,0.344,0.681,94.206
85.880,28.588,0.309,0.681,94.098
85.900,30.545,0.274,0.681,93.945
85.920,32.051,0.238,0.681,93.755
85.940,33.100,0.196,0.681,93.542
85.960,33.668,0.157,0.681,93.317
85.980,33.762,0.114,0.681,92.888
86.000,33.375,0.075,0.681,92.888
86.020,32.496,0.039,0.681,92.711
86.040,31.154,-0.003,0.681,92.574
86.060,29.344,-0.038,0.681,92.484
86.080,27.164,-0.067,0.681,92.452
86.100,24.521,-0.093,0.681,92.472
86.120,21.562,-0.122,0.681,92.551
86.140,18.287,-0.142,0.681,92.680
86.160,14.719,-0.162,0.681,92.854
86.180,10.986,-0.172,0.681,93.064
86.200,7.072,-0.179,0.681,93.294
86.220,3.064,-0.185,0.681,93.532
86.240,-0.990,-0.184,0.681,93.766
86.260,-5.027,-0.177,0.681,93.982
86.280,-9.000,-0.167,0.681,94.166
86.300,-12.820,-0.147,0.681,94.307
86.320,-16.441,-0.133,0.681,94.397
86.340,-19.875,-0.108,0.681,94.433
86.360,-22.992,-0.082,0.681,94.408
86.380,-25.746,-0.052,0.681,94.328
86.400,-28.131,-0.014,0.681,94.194
86.420,-30.129,0.019,0.681,94.013
86.440,-31.676,0.062,0.681,93.796
86.460,-32.754,0.096,0.681,93.554
86.480,-33.287,0.140,0.681,93.301
86.500,-33.410,0.177,0.681,93.050
86.520,-33.041,0.219,0.681,92.816
86.540,-32.221,0.254,0.681,92.611
86.560,-30.873,0.296,0.681,92.446
86.580,-29.068,0.328,0.681,92.329
86.600,-26.854,0.360,0.681,92.269
86.620,-24.258,0.391,0.681,92.264
86.640,-21.293,0.419,0.681,92.316
86.660,-17.994,0.441,0.681,92.422
86.680,-14.473,0.456,0.681,92.573
86.700,-10.693,0.472,0.681,92.760
86.720,-6.773,0.479,0.681,92.971
86.740,-2.742,0.487,0.681,93.193
86.760,1.324,0.485,0.681,93.413
86.780,5.355,0.476,0.681,93.618
86.800,9.322,0.467,0.681,93.792
86.820,13.154,0.448,0.681,93.929
86.840,16.816,0.431,0.681,94.016
86.860,20.209,0.406,0.681,94.050
86.880,23.332,0.377,0.681,94.027
86.900,26.104,0.347,0.681,93.948
86.920,28.477,0.311,0.681,93.818
86.940,30.451,0.278,0.681,93.644
86.960,31.998,0.233,0.681,93.434
86.980,33.070,0.195,0.681,93.201
87.000,33.668,0.157,0.681,92.958
87.020,33.773,0.114,0.681,92.719
87.040,33.416,0.074,0.681,92.497
87.060,32.549,0.034,0.678,92.306
87.080,31.230,-0.001,0.678,92.156
87.100,29.461,-0.046,0.678,92.056
87.120,27.275,-0.070,0.678,92.016
87.140,24.668,-0.103,0.678,92.031
87.160,21.697,-0.126,0.678,92.109
87.180,18.451,-0.151,0.678,92.237
87.200,14.912,-0.166,0.678,92.417
87.220,11.168,-0.181,0.678,92.630
87.240,7.266,-0.186,0.678,92.873
87.260,3.270,-0.190,0.678,93.124
87.280,-0.773,-0.189,0.678,93.374
87.300,-4.822,-0.184,0.678,93.608
87.320,-8.789,-0.176,0.678,93.817
87.340,-12.633,-0.154,0.678,93.982
87.360,-16.266,-0.140,0.678,94.101
87.380,-19.693,-0.114,0.678,94.164
87.400,-22.840,-0.088,0.678,94.173
87.420,-25.600,-0.057,0.678,94.123
87.440,-28.031,-0.021,0.678,94.022
87.460,-30.012,0.015,0.678,93.874
87.480,-31.588,0.051,0.678,93.690
87.500,-32.672,0.091,0.678,93.482
87.520,-33.264,0.128,0.678,93.046
87.540,-33.404,0.173,0.678,93.046
87.560,-33.053,0.214,0.678,92.846
87.580,-32.256,0.250,0.678,92.675
87.600,-30.926,0.286,0.678,92.543
87.620,-29.162,0.326,0.678,92.460
87.640,-26.971,0.357,0.678,92.432
87.660,-24.381,0.387,0.678,92.460
87.680,-21.422,0.412,0.678,92.547
87.700,-18.152,0.436,0.678,92.684
87.720,-14.637,0.456,0.678,92.869
87.740,-10.869,0.474,0.678,93.086
87.760,-6.955,0.475,0.678,93.331
87.780,-2.936,0.486,0.678,93.582
87.800,1.143,0.478,0.678,93.834
87.820,5.174,0.478,0.678,94.063
87.840,9.135,0.463,0.678,94.267
87.860,12.990,0.450,0.678,94.536
87.880,16.629,0.427,0.678,94.536
87.900,20.057,0.404,0.678,94.588
87.920,23.174,0.378,0.678,94.583
87.940,25.986,0.348,0.678,94.519
87.960,28.377,0.310,0.678,94.401
87.980,30.375,0.278,0.678,94.236
88.000,31.934,0.238,0.678,94.033
88.020,33.023,0.200,0.678,93.804
88.040,33.645,0.160,0.678,93.563
88.060,33.773,0.116,0.678,93.322
88.080,33.434,0.082,0.678,93.096
88.100,32.590,0.036,0.678,92.898
88.120,31.301,0.005,0.678,92.739
88.140,29.537,-0.038,0.678,92.626
88.160,27.387,-0.063,0.678,92.568
88.180,24.785,-0.096,0.678,92.566
88.200,21.844,-0.120,0.678,92.621
88.220,18.609,-0.145,0.678,92.727
88.240,15.088,-0.161,0.678,92.879
88.260,11.350,-0.173,0.678,93.066
88.280,7.453,-0.181,0.678,93.276
88.300,3.463,-0.189,0.678,93.497
88.320,-0.592,-0.186,0.678,93.717
88.340,-4.635,-0.181,0.678,93.919
88.360,-8.643,-0.170,0.678,94.092
88.380,-12.475,-0.154,0.678,94.225
88.400,-16.131,-0.137,0.678,94.308
88.420,-19.553,-0.110,0.678,94.338
88.440,-22.723,-0.086,0.678,94.224
88.460,-25.512,-0.053,0.678,94.224
88.480,-27.943,-0.020,0.678,94.086
88.500,-29.982,0.013,0.678,93.902
88.520,-31.564,0.050,0.678,93.683
88.540,-32.666,0.092,0.678,93.438
88.560,-33.293,0.132,0.678,93.181
88.580,-33.445,0.172,0.678,92.927
88.600,-33.135,0.215,0.678,92.688
88.620,-32.344,0.254,0.677,92.479
88.640,-31.025,0.289,0.677,92.309
88.660,-29.303,0.331,0.677,92.188
88.680,-27.129,0.354,0.677,92.122
88.700,-24.539,0.393,0.677,92.113
88.720,-21.598,0.417,0.677,92.268
88.740,-18.334,0.442,0.677,92.268
88.760,-14.830,0.459,0.677,92.421
88.780,-11.062,0.476,0.677,92.610
88.800,-7.166,0.480,0.677,92.827
88.820,-3.141,0.489,0.679,93.056
88.840,0.920,0.483,0.679,93.501
88.860,4.975,0.484,0.679,93.501
88.880,8.953,0.468,0.679,93.839
88.900,12.797,0.455,0.679,93.839
88.920,16.477,0.431,0.679,93.942
88.940,19.893,0.410,0.679,93.991
88.960,23.045,0.382,0.679,93.985
88.980,25.852,0.349,0.679,93.922
89.000,28.271,0.319,0.679,93.807
89.020,30.287,0.281,0.679,93.646
89.040,31.869,0.242,0.679,93.449
89.060,32.982,0.205,0.679,93.228
89.080,33.621,0.163,0.679,92.996
89.100,33.791,0.121,0.679,92.765
89.120,33.469,0.082,0.679,92.550
89.140,32.648,0.040,0.679,92.365
89.160,31.383,0.006,0.679,92.220
89.180,29.637,-0.033,0.679,92.123
89.200,27.504,-0.062,0.679,92.083
89.220,24.937,-0.094,0.679,92.100
89.240,22.008,-0.120,0.679,92.176
89.260,18.773,-0.141,0.679,92.304
89.280,15.275,-0.164,0.679,92.480
89.300,11.531,-0.170,0.679,92.695
89.320,7.641,-0.183,0.679,92.935
89.340,3.650,-0.187,0.679,93.188
89.360,-0.393,-0.187,0.679,93.439
89.380,-4.430,-0.182,0.679,93.674
89.400,-8.420,-0.171,0.679,93.881
89.420,-12.275,-0.158,0.679,94.049
89.440,-15.943,-0.138,0.679,94.168
89.460,-19.400,-0.112,0.679,94.232
89.480,-22.559,-0.090,0.679,94.237
89.500,-25.365,-0.058,0.679,94.186
89.520,-27.791,-0.025,0.679,94.082
89.540,-29.865,0.011,0.679,93.928
89.560,-31.459,0.051,0.679,93.737
89.580,-32.590,0.083,0.679,93.520
89.600,-33.234,0.131,0.679,93.289
89.620,-33.398,0.166,0.679,93.059
89.640,-33.129,0.209,0.679,92.842
89.660,-32.344,0.249,0.679,92.653
89.680,-31.084,0.286,0.679,92.504
89.700,-29.350,0.322,0.679,92.399
89.720,-27.170,0.351,0.679,92.350
89.740,-24.645,0.387,0.679,92.355
89.760,-21.721,0.410,0.679,92.420
89.780,-18.480,0.436,0.679,92.534
89.800,-14.977,0.452,0.679,92.697
89.820,-11.221,0.468,0.679,92.893
89.840,-7.324,0.477,0.679,93.114
89.860,-3.322,0.484,0.679,93.347
89.880,0.750,0.475,0.679,93.580
89.900,4.781,0.477,0.679,93.794
89.920,8.777,0.462,0.679,94.126
89.940,12.621,0.453,0.679,94.126
89.960,16.301,0.428,0.679,94.225
89.980,19.740,0.410,0.679,94.268
90.000,22.893,0.379,0.679,94.254
90.020,25.740,0.349,0.679,94.181
90.040,28.172,0.315,0.679,94.054
90.060,30.205,0.279,0.679,93.880
90.080,31.793,0.243,0.679,93.668
90.100,32.953,0.206,0.679,93.431
90.120,33.604,0.161,0.679,93.180
90.140,33.785,0.118,0.679,92.929
90.160,33.498,0.078,0.679,92.692
90.180,32.672,0.039,0.679,92.483
90.200,31.441,0.005,0.679,92.313
90.220,29.725,-0.034,0.679,92.189
90.240,27.604,-0.067,0.679,92.121
90.260,25.066,-0.096,0.679,92.111
90.280,22.148,-0.122,0.679,92.158
90.300,18.943,-0.145,0.679,92.259
90.320,15.422,-0.164,0.679,92.410
90.340,11.719,-0.174,0.679,92.596
90.360,7.846,-0.187,0.679,92.810
90.380,3.838,-0.185,0.679,93.036
90.400,-0.205,-0.187,0.679,93.262
90.420,-4.248,-0.183,0.679,93.474
90.440,-8.244,-0.174,0.679,93.661
90.460,-12.111,-0.161,0.679,93.808
90.480,-15.803,-0.141,0.679,93.910
90.500,-19.242,-0.116,0.679,93.959
90.520,-22.424,-0.093,0.679,93.952
90.540,-25.248,-0.058,0.679,93.888
90.560,-27.715,-0.028,0.679,93.772
90.580,-29.807,0.015,0.679,93.610
90.600,-31.441,0.045,0.679,93.410
90.620,-32.602,0.089,0.679,93.185
90.640,-33.258,0.126,0.679,92.947
90.660,-33.428,0.166,0.679,92.711
90.680,-33.176,0.212,0.679,92.490
90.700,-32.426,0.249,0.679,92.297
90.720,-31.207,0.289,0.679,92.145
90.740,-29.502,0.320,0.679,92.040
90.760,-27.322,0.353,0.679,91.989
90.780,-24.803,0.386,0.679,91.997
90.800,-21.896,0.414,0.679,92.065
90.820,-18.662,0.437,0.679,92.188
90.840,-15.182,0.458,0.679,92.358
90.860,-11.437,0.469,0.679,92.568
90.880,-7.541,0.482,0.679,92.805
90.900,-3.504,0.485,0.679,93.058
90.920,0.527,0.487,0.679,93.310
90.940,4.588,0.478,0.679,93.549
90.960,8.555,0.471,0.679,93.759
90.980,12.439,0.452,0.679,93.933
91.000,16.131,0.436,0.679,94.057
91.020,19.576,0.412,0.679,94.130
91.040,22.746,0.388,0.679,94.143
91.060,25.611,0.350,0.679,94.101
91.080,28.061,0.324,0.679,94.004
91.100,30.111,0.284,0.679,93.860
91.120,31.729,0.248,0.679,93.678
91.140,32.900,0.207,0.679,93.468
91.160,33.574,0.170,0.679,93.021
91.180,33.785,0.128,0.679,93.021
91.200,33.521,0.087,0.679,92.810
91.220,32.742,0.050,0.679,92.627
91.240,31.512,0.009,0.679,92.481
91.260,29.824,-0.024,0.679,92.382
91.280,27.721,-0.058,0.679,92.337
91.300,25.201,-0.087,0.679,92.349
91.320,22.277,-0.113,0.679,92.418
91.340,19.096,-0.137,0.679,92.539
91.360,15.592,-0.160,0.679,92.709
91.380,11.883,-0.167,0.679,92.915
91.400,8.039,-0.183,0.679,93.147
91.420,4.025,-0.182,0.679,93.391
91.440,-0.006,-0.185,0.679,93.633
91.460,-4.055,-0.177,0.679,93.860
91.480,-8.062,-0.171,0.679,94.057
91.500,-11.924,-0.155,0.679,94.216
91.520,-15.598,-0.134,0.679,94.325
91.540,-19.078,-0.115,0.679,94.379
91.560,-22.289,-0.085,0.679,94.375
91.580,-25.131,-0.059,0.679,94.313
91.600,-27.580,-0.024,0.679,94.197
91.620,-29.695,0.008,0.679,94.032
91.640,-31.330,0.049,0.679,93.828
91.660,-32.543,0.082,0.679,93.596
91.680,-33.205,0.129,0.679,93.349
91.700,-33.428,0.157,0.679,93.101
91.720,-33.170,0.210,0.679,92.865
91.740,-32.432,0.243,0.679,92.656
91.760,-31.248,0.284,0.679,92.483
91.780,-29.537,0.320,0.679,92.356
91.800,-27.416,0.348,0.679,92.283
91.820,-24.914,0.384,0.679,92.264
91.840,-22.025,0.406,0.679,92.304
91.860,-18.814,0.440,0.679,92.396
91.880,-15.328,0.452,0.679,92.537
91.900,-11.602,0.469,0.679,92.715
91.920,-7.723,0.475,0.679,92.920
91.940,-3.697,0.485,0.679,93.137
91.960,0.363,0.481,0.679,93.357
91.980,4.400,0.481,0.679,93.561
92.000,8.385,0.465,0.679,93.741
92.020,12.258,0.450,0.679,93.881
92.040,15.961,0.432,0.679,93.973
92.060,19.424,0.409,0.679,94.014
92.080,22.605,0.382,0.679,93.997
92.100,25.477,0.353,0.679,93.924
92.120,27.943,0.319,0.679,93.798
92.140,30.035,0.281,0.679,93.624
92.160,31.658,0.247,0.679,93.414
92.180,32.859,0.204,0.679,93.176
92.200,33.568,0.164,0.679,92.924
92.220,33.797,0.124,0.679,92.672
92.240,33.545,0.082,0.679,92.435
92.260,32.801,0.041,0.678,92.224
92.280,31.582,0.002,0.678,92.053
92.300,29.906,-0.031,0.678,91.930
92.320,27.838,-0.068,0.678,91.862
92.340,25.318,-0.092,0.678,91.853
92.360,22.447,-0.120,0.678,91.902
92.380,19.271,-0.144,0.678,92.006
92.400,15.785,-0.163,0.678,92.161
92.420,12.088,-0.177,0.678,92.356
92.440,8.215,-0.186,0.678,92.581
92.460,4.242,-0.192,0.682,92.818
92.480,0.205,-0.187,0.682,93.061
92.500,-3.861,-0.184,0.682,93.287
92.520,-7.857,-0.174,0.682,93.493
92.540,-11.748,-0.163,0.682,93.660
92.560,-15.434,-0.141,0.682,93.785
92.580,-18.908,-0.122,0.682,93.854
92.600,-22.131,-0.092,0.682,93.870
92.620,-24.984,-0.064,0.682,93.827
92.640,-27.504,-0.029,0.682,93.733
92.660,-29.590,0.006,0.682,93.591
92.680,-31.266,0.041,0.682,93.412
92.700,-32.473,0.081,0.682,93.205
92.720,-33.187,0.120,0.682,92.985
92.740,-33.428,0.161,0.682,92.764
92.760,-33.205,0.205,0.682,92.558
92.780,-32.490,0.240,0.682,92.378
92.800,-31.271,0.281,0.682,92.236
92.820,-29.625,0.318,0.682,92.142
92.840,-27.533,0.351,0.682,92.103
92.860,-25.055,0.384,0.682,92.122
92.880,-22.172,0.408,0.682,92.200
92.900,-18.961,0.436,0.682,92.332
92.920,-15.492,0.452,0.682,92.513
92.940,-11.801,0.467,0.682,92.733
92.960,-7.904,0.477,0.682,92.978
92.980,-3.902,0.480,0.682,93.239
93.000,0.146,0.482,0.682,93.500
93.020,4.207,0.477,0.682,93.748
93.040,8.186,0.469,0.682,93.970
93.060,12.070,0.451,0.682,94.154
93.080,15.791,0.437,0.682,94.288
93.100,19.254,0.412,0.682,94.370
93.120,22.471,0.386,0.682,94.392
93.140,25.348,0.357,0.682,94.356
93.160,27.838,0.322,0.682,94.264
93.180,29.936,0.286,0.682,94.123
93.200,31.582,0.251,0.682,93.942
93.220,32.818,0.211,0.682,93.732
93.240,33.545,0.167,0.682,93.506
93.260,33.785,0.129,0.682,93.278
93.280,33.562,0.090,0.682,93.061
93.300,32.824,0.050,0.682,92.869
93.320,31.652,0.010,0.682,92.713
93.340,29.977,-0.024,0.682,92.602
93.360,27.949,-0.061,0.682,92.545
93.380,25.436,-0.083,0.682,92.545
93.400,22.576,-0.111,0.682,92.598
93.420,19.418,-0.138,0.682,92.705
93.440,15.943,-0.158,0.682,92.859
93.460,12.246,-0.170,0.682,93.053
93.480,8.379,-0.180,0.682,93.271
93.500,4.406,-0.183,0.682,93.504
93.520,0.363,-0.187,0.682,93.734
93.540,-3.686,-0.181,0.682,93.952
93.560,-7.670,-0.173,0.682,94.141
93.580,-11.578,-0.155,0.682,94.293
93.600,-15.293,-0.140,0.682,94.395
93.620,-18.762,-0.115,0.682,94.446
93.640,-22.008,-0.091,0.682,94.435
93.660,-24.861,-0.063,0.682,94.370
93.680,-27.404,-0.025,0.682,94.249
93.700,-29.520,0.007,0.682,94.079
93.720,-31.225,0.044,0.682,93.870
93.740,-32.443,0.082,0.682,93.632
93.760,-33.182,0.126,0.682,93.379
93.780,-33.434,0.164,0.682,93.124
93.800,-33.246,0.206,0.682,92.881
93.820,-32.566,0.243,0.679,92.663
93.840,-31.383,0.283,0.679,92.482
93.860,-29.725,0.316,0.679,92.347
93.880,-27.645,0.354,0.679,92.265
93.900,-25.184,0.384,0.679,92.241
93.920,-22.336,0.414,0.679,92.274
93.940,-19.143,0.434,0.679,92.365
93.960,-15.668,0.456,0.679,92.501
93.980,-11.982,0.470,0.679,92.681
94.000,-8.086,0.479,0.679,92.886
94.020,-4.096,0.485,0.679,93.108
94.040,-0.059,0.490,0.682,93.332
94.060,4.014,0.477,0.682,93.549
94.080,8.010,0.472,0.682,93.736
94.100,11.895,0.454,0.682,93.888
94.120,15.615,0.443,0.682,93.995
94.140,19.113,0.413,0.682,94.051
94.160,22.312,0.390,0.682,94.051
94.180,25.225,0.356,0.682,93.994
94.200,27.721,0.327,0.682,93.885
94.220,29.836,0.288,0.682,93.728
94.240,31.529,0.253,0.682,93.533
94.260,32.754,0.207,0.682,93.310
94.280,33.510,0.173,0.682,93.073
94.300,33.785,0.130,0.682,92.835
94.320,33.580,0.092,0.682,92.609
94.340,32.889,0.049,0.682,92.410
94.360,31.723,0.010,0.682,92.249
94.380,30.082,-0.023,0.682,92.134
94.400,28.061,-0.060,0.682,92.075
94.420,25.559,-0.081,0.682,92.074
94.440,22.729,-0.120,0.682,92.131
94.460,19.576,-0.135,0.682,92.247
94.480,16.125,-0.165,0.682,92.409
94.500,12.445,-0.169,0.682,92.616
94.520,8.590,-0.183,0.682,92.849
94.540,4.605,-0.184,0.682,93.099
94.560,0.574,-0.187,0.682,93.351
94.580,-3.475,-0.184,0.682,93.590
94.600,-7.477,-0.175,0.682,93.804
94.620,-11.385,-0.161,0.682,93.983
94.640,-15.094,-0.141,0.682,94.115
94.660,-18.592,-0.126,0.682,94.193
94.680,-21.826,-0.096,0.682,94.218
94.700,-24.703,-0.068,0.682,94.183
94.720,-27.252,-0.029,0.682,94.094
94.740,-29.402,-0.003,0.682,93.955
94.760,-31.137,0.042,0.682,93.777
94.780,-32.350,0.074,0.682,93.569
94.800,-33.129,0.116,0.682,93.345
94.820,-33.398,0.156,0.682,93.119
94.840,-33.211,0.198,0.682,92.904
94.860,-32.566,0.236,0.682,92.714
94.880,-31.436,0.276,0.682,92.559
94.900,-29.795,0.311,0.682,92.451
94.920,-27.732,0.344,0.682,92.394
94.940,-25.277,0.376,0.682,92.393
94.960,-22.459,0.403,0.682,92.449
94.980,-19.266,0.429,0.682,92.559
95.000,-15.826,0.448,0.682,92.718
95.020,-12.146,0.464,0.682,92.915
95.040,-8.268,0.477,0.682,93.140
95.060,-4.271,0.484,0.682,93.378
95.080,-0.223,0.482,0.682,93.619
95.100,3.838,0.481,0.682,93.846
95.120,7.834,0.467,0.682,94.049
95.140,11.725,0.456,0.682,94.211
95.160,15.457,0.436,0.682,94.329
95.180,18.937,0.416,0.682,94.390
95.200,22.160,0.383,0.682,94.395
95.220,25.084,0.365,0.682,94.339
95.240,27.604,0.316,0.682,94.230
95.260,29.760,0.298,0.682,94.069
95.280,31.453,0.244,0.682,93.870
95.300,32.719,0.219,0.682,93.639
95.320,33.486,0.165,0.682,93.393
95.340,33.785,0.134,0.682,93.142
95.360,33.604,0.087,0.682,92.902
95.380,32.930,0.051,0.682,92.686
95.400,31.781,0.011,0.682,92.506
95.420,30.182,-0.025,0.682,92.372
95.440,28.154,-0.058,0.682,92.291
95.460,25.699,-0.089,0.682,92.266
95.480,22.869,-0.116,0.682,92.299
95.500,19.729,-0.140,0.682,92.386
95.520,16.283,-0.155,0.682,92.521
95.540,12.609,-0.175,0.682,92.696
95.560,8.760,-0.179,0.682,92.900
95.580,4.811,-0.192,0.682,93.118
95.600,0.756,-0.184,0.682,93.342
95.620,-3.299,-0.189,0.682,93.552
95.640,-7.301,-0.170,0.682,93.740
95.660,-11.238,-0.165,0.682,93.890
95.680,-14.941,-0.140,0.682,93.997
95.700,-18.469,-0.128,0.682,94.050
95.720,-21.703,-0.088,0.682,94.050
95.740,-24.639,-0.070,0.682,93.989
95.760,-27.182,-0.027,0.682,93.877
95.780,-29.344,-0.004,0.682,93.716
95.800,-31.090,0.045,0.682,93.516
95.820,-32.350,0.075,0.682,93.287
95.840,-33.158,0.119,0.682,93.042
95.860,-33.445,0.160,0.682,92.795
95.880,-33.293,0.199,0.682,92.560
95.900,-32.654,0.240,0.682,92.350
95.920,-31.523,0.273,0.682,92.177
95.940,-29.924,0.321,0.682,92.050
95.960,-27.885,0.345,0.682,91.978
95.980,-25.447,0.382,0.682,91.961
96.000,-22.611,0.406,0.682,92.006
96.020,-19.418,0.435,0.682,92.106
96.040,-16.020,0.452,0.682,92.258
96.060,-12.352,0.470,0.682,92.450
96.080,-8.484,0.477,0.682,92.673
96.100,-4.488,0.489,0.682,92.913
96.120,-0.422,0.486,0.682,93.160
96.140,3.615,0.485,0.682,93.396
96.160,7.623,0.472,0.682,93.608
96.180,11.520,0.458,0.682,93.784
96.200,15.281,0.443,0.682,93.914
96.220,18.785,0.417,0.682,93.994
96.240,22.020,0.390,0.682,94.018
96.260,24.949,0.361,0.682,93.983
96.280,27.492,0.333,0.682,93.895
96.300,29.672,0.293,0.682,93.759
96.320,31.383,0.259,0.682,93.582
96.340,32.666,0.216,0.682,93.376
96.360,33.475,0.180,0.682,93.153
96.380,33.779,0.136,0.682,92.927
96.400,33.621,0.096,0.682,92.712
96.420,32.965,0.054,0.682,92.521
96.440,31.846,0.021,0.682,92.366
96.460,30.252,-0.016,0.682,92.256
96.480,28.266,-0.055,0.682,92.199
96.500,25.834,-0.078,0.682,92.202
96.520,23.027,-0.113,0.682,92.258
96.540,19.887,-0.130,0.682,92.373
96.560,16.465,-0.157,0.682,92.534
96.580,12.797,-0.164,0.682,92.737
96.600,8.947,-0.180,0.682,92.967
96.620,4.998,-0.184,0.682,93.217
96.640,0.955,-0.184,0.682,93.465
96.660,-3.088,-0.185,0.682,93.703
96.680,-7.102,-0.166,0.682,93.915
96.700,-11.016,-0.163,0.682,94.090
96.720,-14.748,-0.141,0.682,94.220
96.740,-18.264,-0.125,0.682,94.295
96.760,-21.527,-0.097,0.682,94.314
96.780,-24.457,-0.068,0.682,94.274
96.800,-27.029,-0.033,0.682,94.179
96.820,-29.221,-0.000,0.682,94.032
96.840,-30.973,0.039,0.682,93.844
96.860,-32.256,0.070,0.682,93.626
96.880,-33.111,0.117,0.682,93.389
96.900,-33.398,0.151,0.682,93.148
96.920,-33.270,0.192,0.682,92.916
96.940,-32.672,0.235,0.682,92.707
96.960,-31.547,0.271,0.682,92.531
96.980,-29.994,0.313,0.682,92.401
97.000,-27.949,0.341,0.682,92.321
97.020,-25.541,0.377,0.682,92.298
97.040,-22.752,0.403,0.682,92.330
97.060,-19.582,0.425,0.682,92.420
97.080,-16.160,0.448,0.682,92.554
97.100,-12.504,0.463,0.682,92.730
97.120,-8.666,0.473,0.682,92.933
97.140,-4.676,0.481,0.682,93.153
97.160,-0.609,0.481,0.682,93.376
97.180,3.457,0.481,0.682,93.589
97.200,7.453,0.466,0.682,93.779
97.220,11.350,0.460,0.682,93.930
97.240,15.094,0.439,0.682,94.041
97.260,18.621,0.416,0.682,94.096
97.280,21.873,0.389,0.682,94.095
97.300,24.855,0.360,0.682,94.034
97.320,27.393,0.327,0.682,93.921
97.340,29.561,0.292,0.682,93.757
97.360,31.318,0.250,0.682,93.553
97.380,32.613,0.213,0.682,93.319
97.400,33.439,0.170,0.682,93.067
97.420,33.773,0.137,0.682,92.812
97.440,33.645,0.088,0.682,92.567
97.460,33.029,0.051,0.682,92.345
97.480,31.910,0.013,0.682,92.160
97.500,30.346,-0.025,0.682,92.019
97.520,28.371,-0.058,0.682,91.933
97.540,25.957,-0.087,0.682,91.903
97.560,23.156,-0.116,0.682,91.932
97.580,20.045,-0.138,0.682,92.018
97.600,16.629,-0.159,0.682,92.153
97.620,12.973,-0.170,0.682,92.333
97.640,9.146,-0.184,0.682,92.543
97.660,5.180,-0.187,0.682,92.773
97.680,1.160,-0.191,0.682,93.007
97.700,-2.895,-0.188,0.682,93.232
97.720,-6.914,-0.174,0.682,93.437
97.740,-10.840,-0.167,0.682,93.605
97.760,-14.584,-0.144,0.682,93.733
97.780,-18.105,-0.128,0.682,93.805
97.800,-21.393,-0.100,0.682,93.828
97.820,-24.334,-0.071,0.682,93.789
97.840,-26.906,-0.034,0.682,93.701
97.860,-29.156,-0.006,0.682,93.560
97.880,-30.920,0.036,0.682,93.383
97.900,-32.232,0.071,0.682,93.173
97.920,-33.064,0.115,0.682,92.948
97.940,-33.404,0.150,0.682,92.720
97.960,-33.311,0.195,0.682,92.502
97.980,-32.730,0.232,0.682,92.308
98.000,-31.629,0.273,0.682,92.150
98.020,-30.076,0.309,0.682,92.038
98.040,-28.090,0.340,0.682,91.980
98.060,-25.693,0.375,0.682,91.978
98.080,-22.910,0.404,0.682,92.037
98.100,-19.770,0.426,0.682,92.151
98.120,-16.348,0.452,0.682,92.317
98.140,-12.686,0.460,0.682,92.524
98.160,-8.854,0.477,0.682,92.763
98.180,-4.869,0.483,0.682,93.018
98.200,-0.814,0.484,0.682,93.282
98.220,3.246,0.483,0.682,93.532
98.240,7.254,0.472,0.682,93.764
98.260,11.150,0.461,0.682,93.956
98.280,14.918,0.444,0.682,94.107
98.300,18.457,0.420,0.682,94.201
98.320,21.715,0.396,0.682,94.241
98.340,24.703,0.362,0.682,94.219
98.360,27.270,0.334,0.682,94.144
98.380,29.467,0.296,0.682,94.017
98.400,31.236,0.259,0.682,93.848
98.420,32.566,0.219,0.682,93.648
98.440,33.404,0.181,0.682,93.428
98.460,33.779,0.142,0.682,93.203
98.480,33.662,0.098,0.682,92.986
98.500,33.053,0.063,0.682,92.791
98.520,31.980,0.021,0.682,92.631
98.540,30.445,-0.014,0.682,92.514
98.560,28.477,-0.054,0.682,92.449
98.580,26.086,-0.076,0.682,92.440
98.600,23.297,-0.109,0.682,92.486
98.620,20.191,-0.125,0.682,92.588
98.640,16.799,-0.156,0.682,92.736
98.660,13.143,-0.162,0.682,92.927
98.680,9.340,-0.182,0.682,93.146
98.700,5.373,-0.182,0.682,93.383
98.720,1.342,-0.185,0.682,93.622
98.740,-2.719,-0.184,0.682,93.848
98.760,-6.721,-0.175,0.682,94.051
98.780,-10.664,-0.164,0.682,94.219
98.800,-14.414,-0.142,0.682,94.340
98.820,-17.953,-0.125,0.682,94.405
98.840,-21.264,-0.094,0.682,94.415
98.860,-24.217,-0.069,0.682,94.366
98.880,-26.812,-0.033,0.682,94.261
98.900,-29.068,0.001,0.682,94.105
98.920,-30.855,0.036,0.682,93.906
98.940,-32.197,0.074,0.682,93.677
98.960,-33.053,0.116,0.682,93.428
98.980,-33.404,0.153,0.682,93.173
99.000,-33.334,0.197,0.682,92.927
99.020,-32.760,0.235,0.682,92.703
99.040,-31.711,0.273,0.682,92.512
99.060,-30.182,0.314,0.682,92.366
99.080,-28.172,0.340,0.682,92.271
99.100,-25.787,0.377,0.682,92.232
99.120,-23.033,0.404,0.682,92.250
99.140,-19.916,0.428,0.682,92.326
99.160,-16.518,0.451,0.682,92.448
99.180,-12.873,0.462,0.682,92.615
99.200,-9.029,0.477,0.682,92.811
99.220,-5.045,0.481,0.682,93.026
99.240,-1.014,0.486,0.682,93.248
99.260,3.047,0.478,0.682,93.459
99.280,7.066,0.471,0.682,93.650
99.300,10.980,0.459,0.682,93.806
99.320,14.754,0.439,0.682,93.921
99.340,18.299,0.419,0.682,93.984
99.360,21.574,0.394,0.682,93.992
99.380,24.568,0.361,0.682,93.943
99.400,27.158,0.331,0.682,93.840
99.420,29.379,0.292,0.682,93.687
99.440,31.166,0.259,0.682,93.494
99.460,32.514,0.218,0.682,93.271
99.480,33.381,0.180,0.682,93.030
99.500,33.768,0.139,0.682,92.785
99.520,33.674,0.095,0.682,92.550
99.540,33.100,0.061,0.682,92.337
99.560,32.027,0.019,0.682,92.161
99.580,30.521,-0.017,0.682,92.029
99.600,28.576,-0.054,0.682,91.951
99.620,26.221,-0.081,0.682,91.932
99.640,23.443,-0.115,0.682,91.970
99.660,20.355,-0.133,0.682,92.068
99.680,16.980,-0.158,0.682,92.215
99.700,13.342,-0.167,0.682,92.408
99.720,9.527,-0.183,0.682,92.631
99.740,5.572,-0.184,0.682,92.877
99.760,1.547,-0.191,0.682,93.127
99.780,-2.508,-0.185,0.682,93.370
99.800,-6.533,-0.178,0.682,93.594
99.820,-10.471,-0.167,0.682,93.783
99.840,-14.215,-0.147,0.682,93.929
99.860,-17.754,-0.129,0.682,94.023
99.880,-21.070,-0.100,0.682,94.063
99.900,-24.053,-0.075,0.682,94.044
99.920,-26.672,-0.039,0.682,93.971
99.940,-28.922,-0.010,0.682,93.847
99.960,-30.750,0.028,0.682,93.682
99.980,-32.104,0.063,0.682,93.486
100.000,-32.994,0.108,0.682,93.271
100.020,-33.381,0.145,0.682,93.050
100.040,-33.311,0.189,0.682,92.838
100.060,-32.771,0.224,0.682,92.648
100.080,-31.764,0.269,0.682,92.492
100.100,-30.234,0.304,0.682,92.380
100.120,-28.271,0.338,0.682,92.320
100.140,-25.922,0.369,0.682,92.317
100.160,-23.156,0.400,0.682,92.370
100.180,-20.092,0.426,0.682,92.480
100.200,-16.687,0.449,0.682,92.639
100.220,-13.061,0.462,0.682,92.842
100.240,-9.223,0.475,0.682,93.073
100.260,-5.244,0.478,0.682,93.324
100.280,-1.207,0.487,0.682,93.578
100.300,2.854,0.477,0.682,93.823
100.320,6.867,0.471,0.682,94.045
100.340,10.781,0.461,0.682,94.229
100.360,14.566,0.441,0.682,94.373
100.380,18.123,0.421,0.682,94.461
100.400,21.416,0.394,0.682,94.492
100.420,24.428,0.367,0.682,94.462
100.440,27.035,0.334,0.682,94.378
100.460,29.285,0.296,0.682,94.241
100.480,31.084,0.261,0.682,94.061
100.500,32.449,0.223,0.682,93.848
100.520,33.334,0.186,0.682,93.614
100.540,33.756,0.141,0.682,93.374
100.560,33.680,0.099,0.682,93.140
100.580,33.141,0.063,0.681,92.927
100.600,32.098,0.022,0.681,92.747
100.620,30.592,-0.013,0.681,92.608
100.640,28.670,-0.053,0.681,92.522
100.660,26.338,-0.078,0.681,92.492
100.680,23.566,-0.108,0.681,92.516
100.700,20.502,-0.132,0.681,92.597
100.720,17.127,-0.156,0.681,92.726
100.740,13.488,-0.167,0.681,92.899
100.760,9.686,-0.182,0.681,93.101
100.780,5.748,-0.180,0.681,93.323
100.800,1.729,-0.191,0.681,93.547
100.820,-2.350,-0.181,0.681,93.765
100.840,-6.352,-0.174,0.681,93.959
100.860,-10.312,-0.163,0.681,94.120
100.880,-14.080,-0.145,0.681,94.235
100.900,-17.648,-0.128,0.681,94.300
100.920,-20.971,-0.097,0.681,94.308
100.940,-23.977,-0.073,0.681,94.258
100.960,-26.613,-0.038,0.681,94.153
100.980,-28.887,-0.005,0.681,93.997
101.000,-30.721,0.033,0.681,93.799
101.020,-32.109,0.070,0.681,93.569
101.040,-33.018,0.109,0.681,93.320
101.060,-33.404,0.153,0.681,93.065
101.080,-33.369,0.191,0.681,92.819
101.100,-32.836,0.231,0.678,92.593
101.120,-31.834,0.269,0.678,92.401
101.140,-30.328,0.309,0.678,92.255
101.160,-28.418,0.346,0.678,92.159
101.180,-26.086,0.369,0.678,92.122
101.200,-23.326,0.407,0.678,92.138
101.220,-20.238,0.420,0.678,92.218
101.240,-16.857,0.456,0.678,92.341
101.260,-13.254,0.456,0.678,92.518
101.280,-9.428,0.491,0.682,92.718
101.300,-5.449,0.475,0.682,92.951
101.320,-1.395,0.500,0.691,93.181
101.340,2.666,0.472,0.691,93.415
101.360,6.680,0.489,0.691,93.618
101.380,10.600,0.452,0.691,93.798
101.400,14.391,0.456,0.691,93.927
101.420,17.965,0.417,0.691,94.012
101.440,21.270,0.409,0.691,94.037
101.460,24.299,0.363,0.691,94.010
101.480,26.930,0.343,0.691,93.923
101.500,29.186,0.298,0.691,93.790
101.520,31.002,0.270,0.691,93.614
101.540,32.408,0.223,0.691,93.407
101.560,33.305,0.188,0.691,93.181
101.580,33.750,0.145,0.691,92.949
101.600,33.703,0.101,0.691,92.725
101.620,33.164,0.068,0.691,92.523
101.640,32.162,0.025,0.691,92.355
101.660,30.680,-0.006,0.691,92.159
101.680,28.775,-0.047,0.691,92.159
101.700,26.449,-0.069,0.691,92.145
101.720,23.707,-0.111,0.691,92.186
101.740,20.648,-0.125,0.691,92.290
101.760,17.309,-0.154,0.691,92.439
101.780,13.664,-0.164,0.691,92.637
101.800,9.891,-0.181,0.691,92.863
101.820,5.947,-0.182,0.691,93.114
101.840,1.928,-0.190,0.691,93.365
101.860,-2.133,-0.182,0.691,93.613
101.880,-6.146,-0.182,0.691,93.836
101.900,-10.102,-0.165,0.691,94.029
101.920,-13.898,-0.148,0.691,94.177
101.940,-17.455,-0.132,0.691,94.273
101.960,-20.783,-0.104,0.691,94.313
101.980,-23.795,-0.079,0.691,94.294
102.000,-26.467,-0.042,0.691,94.219
102.020,-28.752,-0.010,0.691,94.092
102.040,-30.621,0.028,0.691,93.921
102.060,-31.998,0.063,0.691,93.717
102.080,-32.947,0.103,0.691,93.492
102.100,-33.363,0.144,0.691,93.260
102.120,-33.346,0.186,0.691,93.033
102.140,-32.871,0.226,0.691,92.827
102.160,-31.887,0.265,0.691,92.652
102.180,-30.393,0.302,0.691,92.520
102.200,-28.482,0.338,0.691,92.438
102.220,-26.133,0.370,0.691,92.412
102.240,-23.461,0.397,0.691,92.442
102.260,-20.385,0.424,0.691,92.527
102.280,-16.980,0.441,0.691,92.661
102.300,-13.389,0.463,0.691,92.836
102.320,-9.562,0.472,0.691,93.043
102.340,-5.625,0.485,0.691,93.271
102.360,-1.576,0.484,0.691,93.504
102.380,2.479,0.481,0.691,93.729
102.400,6.504,0.470,0.691,93.932
102.420,10.436,0.460,0.691,94.099
102.440,14.227,0.442,0.691,94.224
102.460,17.795,0.423,0.691,94.296
102.480,21.117,0.391,0.691,94.313
102.500,24.164,0.367,0.691,94.269
102.520,26.818,0.331,0.691,94.021
102.540,29.086,0.304,0.691,94.021
102.560,30.932,0.261,0.691,93.829
102.580,32.350,0.223,0.691,93.603
102.600,33.281,0.185,0.691,93.356
102.620,33.732,0.141,0.691,92.852
102.640,33.709,0.105,0.691,92.852
102.660,33.211,0.063,0.691,92.624
102.680,32.209,0.023,0.691,92.275
102.700,30.762,-0.015,0.691,92.275
102.720,28.875,-0.048,0.691,92.173
102.740,26.566,-0.075,0.691,92.128
102.760,23.865,-0.106,0.691,92.139
102.780,20.795,-0.129,0.691,92.208
102.800,17.473,-0.154,0.691,92.327
102.820,13.857,-0.170,0.691,92.492
102.840,10.072,-0.176,0.691,92.689
102.860,6.146,-0.184,0.691,92.908
102.880,2.104,-0.187,0.691,93.132
102.900,-1.945,-0.184,0.691,93.552
102.920,-5.982,-0.182,0.691,93.552
102.940,-9.920,-0.164,0.691,93.723
102.960,-13.717,-0.150,0.691,93.849
102.980,-17.303,-0.132,0.691,93.926
103.000,-20.648,-0.107,0.691,93.950
103.020,-23.684,-0.078,0.691,93.918
103.040,-26.361,-0.048,0.691,93.829
103.060,-28.646,-0.010,0.691,93.691
103.080,-30.551,0.024,0.691,93.510
103.100,-31.980,0.066,0.691,93.297
103.120,-32.930,0.102,0.691,93.064
103.140,-33.357,0.145,0.691,92.824
103.160,-33.381,0.181,0.691,92.591
103.180,-32.924,0.229,0.691,92.379
103.200,-31.969,0.265,0.691,92.200
103.220,-30.516,0.300,0.691,92.066
103.240,-28.617,0.339,0.691,91.982
103.260,-26.297,0.366,0.691,91.957
103.280,-23.625,0.400,0.691,91.988
103.300,-20.549,0.422,0.691,92.081
103.320,-17.203,0.448,0.691,92.223
103.340,-13.617,0.458,0.691,92.413
103.360,-9.797,0.477,0.691,92.630
103.380,-5.836,0.481,0.691,92.877
103.400,-1.793,0.490,0.691,93.127
103.420,2.256,0.482,0.691,93.375
103.440,6.293,0.481,0.691,93.601
103.460,10.236,0.463,0.691,93.798
103.480,14.033,0.452,0.691,93.951
103.500,17.631,0.426,0.691,94.053
103.520,20.953,0.404,0.691,94.100
103.540,24.023,0.371,0.691,94.089
103.560,26.701,0.344,0.691,94.021
103.580,28.980,0.308,0.691,93.902
103.600,30.855,0.273,0.691,93.740
103.620,32.279,0.230,0.691,93.544
103.640,33.252,0.192,0.691,93.326
103.660,33.721,0.148,0.691,93.100
103.680,33.727,0.112,0.691,92.879
103.700,33.252,0.070,0.691,92.678
103.720,32.268,0.033,0.691,92.509
103.740,30.844,-0.005,0.691,92.382
103.760,28.963,-0.046,0.691,92.304
103.780,26.695,-0.072,0.691,92.285
103.800,23.988,-0.105,0.691,92.318
103.820,20.953,-0.121,0.691,92.414
103.840,17.643,-0.147,0.691,92.551
103.860,14.027,-0.165,0.691,92.742
103.880,10.254,-0.174,0.691,92.957
103.900,6.334,-0.183,0.691,93.200
103.920,2.297,-0.184,0.691,93.439
103.940,-1.770,-0.182,0.691,93.681
103.960,-5.795,-0.176,0.691,93.892
103.980,-9.744,-0.161,0.691,94.079
104.000,-13.529,-0.147,0.691,94.213
104.020,-17.127,-0.125,0.691,94.303
104.040,-20.502,-0.102,0.691,94.330
104.060,-23.561,-0.074,0.691,94.303
104.080,-26.232,-0.041,0.691,94.216
104.100,-28.553,-0.011,0.691,94.079
104.120,-30.475,0.026,0.691,93.896
104.140,-31.910,0.065,0.691,93.440
104.160,-32.918,0.106,0.691,93.191
104.180,-33.369,0.142,0.691,93.191
104.200,-33.381,0.183,0.691,92.948
104.220,-32.912,0.227,0.691,92.723
104.240,-31.992,0.265,0.691,92.528
104.260,-30.586,0.303,0.691,92.377
104.280,-28.699,0.339,0.691,92.272
104.300,-26.396,0.364,0.691,92.227
104.320,-23.725,0.401,0.691,92.234
104.340,-20.672,0.419,0.691,92.302
104.360,-17.350,0.449,0.691,92.416
104.380,-13.787,0.456,0.691,92.580
104.400,-9.955,0.477,0.691,92.769
104.420,-6.006,0.477,0.691,92.987
104.440,-1.963,0.487,0.691,93.207
104.460,2.086,0.477,0.691,93.428
104.480,6.111,0.479,0.691,93.624
104.500,10.055,0.456,0.691,93.793
104.520,13.869,0.448,0.691,93.917
104.540,17.473,0.418,0.691,93.994
104.560,20.807,0.403,0.691,94.014
104.580,23.883,0.367,0.691,93.978
104.600,26.572,0.341,0.691,93.885
104.620,28.887,0.304,0.691,93.743
104.640,30.768,0.267,0.691,93.557
104.660,32.232,0.226,0.691,93.337
104.680,33.205,0.188,0.691,93.097
104.700,33.721,0.148,0.691,92.849
104.720,33.738,0.108,0.691,92.606
104.740,33.275,0.064,0.691,92.384
104.760,32.332,0.028,0.691,92.194
104.780,30.920,-0.007,0.691,92.048
104.800,29.080,-0.048,0.691,91.953
104.820,26.801,-0.071,0.691,91.916
104.840,24.117,-0.109,0.691,91.936
104.860,21.105,-0.125,0.691,92.016
104.880,17.807,-0.154,0.691,92.147
104.900,14.209,-0.163,0.691,92.327
104.920,10.453,-0.179,0.691,92.541
104.940,6.516,-0.186,0.691,92.778
104.960,2.508,-0.188,0.691,93.025
104.980,-1.535,-0.187,0.691,93.266
105.000,-5.578,-0.182,0.691,93.491
105.020,-9.539,-0.169,0.691,93.686
105.040,-13.348,-0.155,0.691,93.840
105.060,-16.934,-0.133,0.691,93.943
105.080,-20.297,-0.113,0.691,93.993
105.100,-23.391,-0.083,0.691,93.986
105.120,-26.104,-0.048,0.691,93.926
105.140,-28.436,-0.018,0.691,93.811
105.160,-30.363,0.021,0.691,93.464
105.180,-31.834,0.057,0.691,93.464
105.200,-32.848,0.099,0.691,93.251
105.220,-33.322,0.137,0.691,93.030
105.240,-33.393,0.178,0.691,92.815
105.260,-32.977,0.220,0.691,92.619
105.280,-32.051,0.257,0.691,92.454
105.300,-30.656,0.299,0.691,92.332
105.320,-28.781,0.333,0.691,92.260
105.340,-26.525,0.365,0.691,92.244
105.360,-23.877,0.398,0.691,92.285
105.380,-20.836,0.417,0.691,92.386
105.400,-17.508,0.449,0.691,92.537
105.420,-13.939,0.458,0.691,92.734
105.440,-10.154,0.475,0.691,92.962
105.460,-6.211,0.478,0.691,93.213
105.480,-2.168,0.482,0.691,93.470
105.500,1.904,0.481,0.691,93.724
105.520,5.918,0.477,0.691,93.956
105.540,9.855,0.462,0.691,94.158
105.560,13.682,0.447,0.691,94.317
105.580,17.303,0.424,0.691,94.425
105.600,20.660,0.406,0.691,94.474
105.620,23.730,0.371,0.691,94.468
105.640,26.449,0.343,0.691,94.401
105.660,28.775,0.307,0.691,94.282
105.680,30.691,0.272,0.691,94.116
105.700,32.168,0.233,0.691,93.915
105.720,33.182,0.190,0.691,93.691
105.740,33.709,0.151,0.691,93.456
105.760,33.744,0.111,0.691,93.225
105.780,33.316,0.071,0.691,93.011
105.800,32.391,0.031,0.690,92.827
105.820,30.996,-0.004,0.690,92.684
105.840,29.156,-0.044,0.690,92.589
105.860,26.924,-0.069,0.690,92.551
105.880,24.246,-0.100,0.690,92.566
105.900,21.246,-0.126,0.690,92.640
105.920,17.965,-0.149,0.690,92.762
105.940,14.373,-0.161,0.690,92.930
105.960,10.611,-0.174,0.690,93.128
105.980,6.703,-0.183,0.690,93.350
106.000,2.672,-0.182,0.690,93.801
106.020,-1.371,-0.185,0.690,93.801
106.040,-5.408,-0.174,0.690,94.004
106.060,-9.387,-0.169,0.690,94.175
106.080,-13.207,-0.147,0.690,94.305
106.100,-16.805,-0.130,0.690,94.383
106.120,-20.186,-0.102,0.690,94.405
106.140,-23.285,-0.077,0.690,94.369
106.160,-26.004,-0.046,0.690,94.277
106.180,-28.371,-0.009,0.690,94.133
106.200,-30.340,0.025,0.690,93.944
106.220,-31.805,0.062,0.690,93.720
106.240,-32.836,0.099,0.690,93.473
106.260,-33.322,0.143,0.690,93.217
106.280,-33.428,0.181,0.690,92.966
106.300,-33.012,0.228,0.690,92.733
106.320,-32.115,0.256,0.680,92.531
106.340,-30.732,0.301,0.680,92.370
106.360,-28.898,0.334,0.680,92.260
106.380,-26.660,0.368,0.680,92.206
106.400,-24.018,0.394,0.680,92.209
106.420,-20.988,0.421,0.680,92.268
106.440,-17.678,0.447,0.680,92.382
106.460,-14.121,0.460,0.680,92.542
106.480,-10.336,0.476,0.680,92.737
106.500,-6.410,0.481,0.680,92.956
106.520,-2.379,0.488,0.680,93.184
106.540,1.699,0.485,0.680,93.411
106.560,5.742,0.481,0.680,93.619
106.580,9.680,0.465,0.680,93.799
106.600,13.512,0.452,0.680,93.937
106.620,17.133,0.427,0.680,94.029
106.640,20.502,0.406,0.680,94.064
106.660,23.602,0.372,0.680,94.044
106.680,26.338,0.351,0.680,93.968
106.700,28.682,0.306,0.680,93.843
106.720,30.621,0.277,0.680,93.673
106.740,32.109,0.232,0.680,93.468
106.760,33.141,0.197,0.680,93.242
106.780,33.686,0.155,0.680,93.007
106.800,33.756,0.112,0.680,92.778
106.820,33.334,0.076,0.680,92.566
106.840,32.443,0.035,0.678,92.386
106.860,31.084,0.001,0.678,92.249
106.880,29.250,-0.042,0.678,92.160
106.900,27.047,-0.065,0.678,92.132
106.920,24.393,-0.104,0.678,92.158
106.940,21.404,-0.117,0.678,92.248
106.960,18.135,-0.156,0.678,92.382
106.980,14.555,-0.158,0.678,92.573
107.000,10.816,-0.184,0.678,92.790
107.020,6.891,-0.182,0.678,93.039
107.040,2.877,-0.193,0.683,93.291
107.060,-1.172,-0.184,0.683,93.546
107.080,-5.209,-0.182,0.683,93.775
107.100,-9.164,-0.168,0.683,93.979
107.120,-12.990,-0.154,0.683,94.137
107.140,-16.611,-0.133,0.683,94.250
107.160,-19.998,-0.115,0.683,94.304
107.180,-23.127,-0.080,0.683,94.305
107.200,-25.840,-0.052,0.683,94.245
107.220,-28.242,-0.015,0.683,94.134
107.240,-30.199,0.018,0.683,93.976
107.260,-31.729,0.055,0.683,93.783
107.280,-32.777,0.097,0.683,93.566
107.300,-33.299,0.134,0.683,93.339
107.320,-33.410,0.175,0.683,93.115
107.340,-33.012,0.211,0.683,92.908
107.360,-32.145,0.258,0.683,92.729
107.380,-30.803,0.292,0.683,92.593
107.400,-28.963,0.331,0.683,92.503
107.420,-26.730,0.360,0.683,92.471
107.440,-24.117,0.394,0.683,92.491
107.460,-21.117,0.415,0.683,92.572
107.480,-17.836,0.443,0.683,92.700
107.500,-14.279,0.456,0.683,92.876
107.520,-10.506,0.472,0.683,93.083
107.540,-6.574,0.474,0.683,93.313
107.560,-2.566,0.487,0.683,93.549
107.580,1.512,0.481,0.683,93.786
107.600,5.555,0.477,0.683,94.001
107.620,9.492,0.460,0.683,94.187
107.640,13.342,0.451,0.683,94.327
107.660,16.975,0.425,0.683,94.422
107.680,20.355,0.406,0.683,94.456
107.700,23.467,0.372,0.683,94.434
107.720,26.221,0.348,0.683,94.353
107.740,28.576,0.307,0.683,94.220
107.760,30.527,0.274,0.683,94.040
107.780,32.051,0.232,0.683,93.824
107.800,33.094,0.196,0.683,93.584
107.820,33.674,0.154,0.683,93.332
107.840,33.756,0.111,0.683,93.084
107.860,33.381,0.076,0.683,92.852
107.880,32.490,0.031,0.683,92.488
107.900,31.154,0.000,0.683,92.488
107.920,29.361,-0.044,0.683,92.374
107.940,27.170,-0.068,0.683,92.319
107.960,24.527,-0.101,0.683,92.316
107.980,21.557,-0.124,0.683,92.376
108.000,18.293,-0.150,0.683,92.483
108.020,14.725,-0.166,0.683,92.640
108.040,10.986,-0.176,0.683,93.042
108.060,7.084,-0.183,0.683,93.042
108.080,3.088,-0.185,0.683,93.265
108.100,-0.973,-0.189,0.683,93.485
108.120,-5.021,-0.178,0.683,93.690
108.140,-9.006,-0.170,0.683,93.863
108.160,-12.826,-0.150,0.683,93.997
108.180,-16.453,-0.139,0.683,94.084
108.200,-19.875,-0.112,0.683,94.116
108.220,-22.998,-0.083,0.683,94.092
108.240,-25.770,-0.053,0.683,94.011
108.260,-28.154,-0.018,0.683,93.880
108.280,-30.135,0.017,0.683,93.703
108.300,-31.711,0.057,0.683,93.491
108.320,-32.771,0.092,0.683,93.255
108.340,-33.322,0.135,0.683,93.010
108.360,-33.439,0.175,0.683,92.769
108.380,-33.094,0.215,0.683,92.545
108.400,-32.244,0.254,0.681,92.351
108.420,-30.914,0.293,0.681,92.200
108.440,-29.104,0.333,0.681,92.097
108.460,-26.889,0.360,0.681,92.052
108.480,-24.287,0.394,0.681,92.065
108.500,-21.316,0.419,0.681,92.137
108.520,-18.047,0.443,0.681,92.261
108.540,-14.496,0.456,0.681,92.432
108.560,-10.717,0.478,0.681,92.873
108.580,-6.785,0.480,0.681,92.873
108.600,-2.760,0.493,0.686,93.117
108.620,1.307,0.481,0.686,93.362
108.640,5.332,0.484,0.686,93.589
108.660,9.293,0.467,0.686,93.788
108.680,13.154,0.456,0.686,93.946
108.700,16.787,0.430,0.686,94.055
108.720,20.197,0.410,0.686,94.109
108.740,23.309,0.381,0.686,94.108
108.760,26.092,0.350,0.686,94.048
108.780,28.477,0.311,0.686,93.937
108.800,30.439,0.280,0.686,93.780
108.820,31.992,0.240,0.686,93.588
108.840,33.070,0.204,0.686,93.371
108.860,33.662,0.160,0.686,93.143
108.880,33.773,0.116,0.686,92.918
108.900,33.404,0.079,0.686,92.709
108.920,32.549,0.037,0.686,92.530
108.940,31.225,0.003,0.686,92.391
108.960,29.461,-0.036,0.686,92.301
108.980,27.275,-0.062,0.686,92.266
109.000,24.662,-0.099,0.686,92.287
109.020,21.709,-0.118,0.686,92.368
109.040,18.457,-0.141,0.686,92.498
109.060,14.918,-0.159,0.686,92.675
109.080,11.162,-0.175,0.686,92.886
109.100,7.266,-0.180,0.686,93.123
109.120,3.270,-0.188,0.686,93.369
109.140,-0.791,-0.183,0.686,93.614
109.160,-4.816,-0.179,0.686,93.837
109.180,-8.812,-0.170,0.686,94.032
109.200,-12.650,-0.150,0.686,94.185
109.220,-16.289,-0.134,0.686,94.288
109.240,-19.705,-0.112,0.686,94.334
109.260,-22.846,-0.083,0.686,94.326
109.280,-25.635,-0.050,0.686,94.256
109.300,-28.043,-0.017,0.686,94.134
109.320,-30.041,0.016,0.686,93.965
109.340,-31.605,0.053,0.686,93.760
109.360,-32.689,0.093,0.686,93.530
109.380,-33.275,0.134,0.686,93.287
109.400,-33.422,0.176,0.686,93.046
109.420,-33.059,0.213,0.686,92.821
109.440,-32.244,0.253,0.686,92.623
109.460,-30.926,0.290,0.686,92.465
109.480,-29.180,0.330,0.686,92.353
109.500,-26.977,0.356,0.686,92.299
109.520,-24.387,0.390,0.686,92.296
109.540,-21.434,0.413,0.686,92.357
109.560,-18.164,0.438,0.686,92.462
109.580,-14.637,0.454,0.686,92.620
109.600,-10.869,0.469,0.686,92.807
109.620,-6.949,0.475,0.686,93.024
109.640,-2.941,0.484,0.686,93.246
109.660,1.125,0.480,0.686,93.470
109.680,5.156,0.477,0.686,93.675
109.700,9.135,0.464,0.686,93.853
109.720,12.973,0.449,0.686,93.989
109.740,16.629,0.427,0.686,94.080
109.760,20.039,0.403,0.686,94.112
109.780,23.174,0.376,0.686,94.089
109.800,25.980,0.345,0.686,94.008
109.820,28.371,0.310,0.686,93.875
109.840,30.369,0.277,0.686,93.697
109.860,31.922,0.238,0.686,93.482
109.880,33.023,0.199,0.686,93.244
109.900,33.639,0.156,0.686,92.993
109.920,33.768,0.112,0.686,92.745
109.940,33.434,0.079,0.686,92.513
109.960,32.590,0.037,0.686,92.310
109.980,31.301,0.002,0.686,92.148
110.000,29.543,-0.041,0.686,92.034
110.020,27.393,-0.067,0.686,91.978
110.040,24.803,-0.098,0.686,91.978
110.060,21.850,-0.124,0.686,92.038
110.080,18.621,-0.146,0.686,92.150
110.100,15.094,-0.166,0.686,92.311
110.120,11.373,-0.178,0.686,92.508
110.140,7.465,-0.183,0.686,92.735
110.160,3.475,-0.191,0.686,93.209
110.180,-0.580,-0.187,0.686,93.209
110.200,-4.623,-0.184,0.686,93.428
110.220,-8.607,-0.174,0.686,93.625
110.240,-12.451,-0.157,0.686,93.780
110.260,-16.107,-0.138,0.686,93.889
110.280,-19.541,-0.115,0.686,93.943
110.300,-22.682,-0.087,0.686,93.942
110.320,-25.494,-0.058,0.686,93.884
110.340,-27.914,-0.024,0.686,93.775
110.360,-29.953,0.012,0.686,93.620
110.380,-31.529,0.052,0.686,93.429
110.400,-32.643,0.087,0.686,93.213
110.420,-33.264,0.130,0.686,92.986
110.440,-33.410,0.169,0.686,92.761
110.460,-33.111,0.215,0.686,92.553
110.480,-32.326,0.250,0.686,92.374
110.500,-31.014,0.290,0.686,92.236
110.520,-29.268,0.324,0.686,92.146
110.540,-27.082,0.353,0.686,92.112
110.560,-24.527,0.389,0.686,92.134
110.580,-21.592,0.413,0.686,92.218
110.600,-18.328,0.439,0.686,92.354
110.620,-14.818,0.458,0.686,92.538
110.640,-11.062,0.472,0.686,92.758
110.660,-7.143,0.480,0.686,93.003
110.680,-3.141,0.488,0.686,93.262
110.700,0.937,0.481,0.686,93.519
110.720,4.975,0.479,0.686,93.758
110.740,8.947,0.465,0.686,93.969
110.760,12.791,0.452,0.686,94.141
110.780,16.459,0.434,0.686,94.264
110.800,19.893,0.409,0.686,94.332
110.820,23.033,0.381,0.686,94.341
110.840,25.852,0.349,0.686,94.292
110.860,28.254,0.317,0.686,94.189
110.880,30.281,0.282,0.686,94.039
110.900,31.846,0.239,0.686,93.851
110.920,32.977,0.204,0.686,93.636
110.940,33.615,0.159,0.686,93.409
110.960,33.785,0.124,0.686,93.181
110.980,33.463,0.083,0.686,92.968
111.000,32.648,0.045,0.686,92.782
111.020,31.371,0.006,0.686,92.635
111.040,29.625,-0.032,0.686,92.534
111.060,27.498,-0.062,0.686,92.489
111.080,24.932,-0.091,0.686,92.499
111.100,22.002,-0.116,0.686,92.566
111.120,18.779,-0.140,0.686,92.683
111.140,15.258,-0.161,0.686,92.849
111.160,11.537,-0.170,0.686,93.049
111.180,7.646,-0.181,0.686,93.509
111.200,3.662,-0.181,0.686,93.509
111.220,-0.381,-0.183,0.686,93.741
111.240,-4.430,-0.178,0.686,93.955
111.260,-8.420,-0.168,0.686,94.142
111.280,-12.270,-0.154,0.686,94.286
111.300,-15.937,-0.132,0.686,94.382
111.320,-19.389,-0.111,0.686,94.422
111.340,-22.541,-0.081,0.686,94.405
111.360,-25.348,-0.053,0.686,94.327
111.380,-27.809,-0.019,0.686,94.198
111.400,-29.883,0.016,0.686,94.022
111.420,-31.477,0.052,0.686,93.808
111.440,-32.596,0.091,0.686,93.567
111.460,-33.229,0.129,0.686,93.313
111.480,-33.404,0.170,0.686,93.060
111.500,-33.117,0.215,0.686,92.822
111.520,-32.344,0.250,0.686,92.611
111.540,-31.078,0.290,0.686,92.438
111.560,-29.355,0.327,0.686,92.313
111.580,-27.182,0.353,0.686,92.244
111.600,-24.650,0.393,0.686,92.228
111.620,-21.715,0.409,0.686,92.274
111.640,-18.480,0.441,0.686,92.368
111.660,-14.994,0.454,0.686,92.515
111.680,-11.244,0.472,0.686,92.696
111.700,-7.336,0.480,0.686,92.906
111.720,-3.322,0.489,0.686,93.127
111.740,0.732,0.481,0.686,93.351
111.760,4.770,0.485,0.686,93.558
111.780,8.766,0.466,0.686,93.740
111.800,12.615,0.456,0.686,93.882
111.820,16.277,0.431,0.686,93.980
111.840,19.717,0.410,0.686,94.021
111.860,22.887,0.381,0.686,94.007
111.880,25.729,0.350,0.686,93.937
111.900,28.160,0.317,0.686,93.814
111.920,30.182,0.281,0.686,93.647
111.940,31.793,0.244,0.686,93.442
111.960,32.941,0.202,0.686,93.213
111.980,33.598,0.162,0.686,92.972
112.000,33.773,0.123,0.686,92.732
112.020,33.486,0.079,0.686,92.508
112.040,32.678,0.041,0.684,92.313
112.060,31.441,0.006,0.684,92.159
112.080,29.719,-0.033,0.684,92.051
112.100,27.609,-0.065,0.684,92.002
112.120,25.078,-0.094,0.684,92.010
112.140,22.160,-0.123,0.684,92.077
112.160,18.943,-0.142,0.684,92.200
112.180,15.445,-0.166,0.684,92.370
112.200,11.719,-0.174,0.684,92.581
112.220,7.852,-0.189,0.684,92.818
112.240,3.850,-0.187,0.684,93.071
112.260,-0.187,-0.190,0.684,93.322
112.280,-4.225,-0.187,0.684,93.560
112.300,-8.227,-0.174,0.684,93.773
112.320,-12.076,-0.161,0.684,93.945
112.340,-15.762,-0.136,0.684,94.071
112.360,-19.230,-0.120,0.684,94.141
112.380,-22.389,-0.094,0.684,94.156
112.400,-25.219,-0.063,0.684,94.115
112.420,-27.686,-0.026,0.684,94.020
112.440,-29.760,0.010,0.684,93.878
112.460,-31.389,0.046,0.684,93.698
112.480,-32.549,0.083,0.684,93.491
112.500,-33.205,0.124,0.684,93.271
112.520,-33.393,0.163,0.684,93.052
112.540,-33.135,0.206,0.684,92.846
112.560,-32.373,0.244,0.684,92.667
112.580,-31.160,0.283,0.684,92.528
112.600,-29.420,0.323,0.684,92.435
112.620,-27.299,0.349,0.684,92.397
112.640,-24.762,0.387,0.684,92.415
112.660,-21.844,0.407,0.684,92.491
112.680,-18.621,0.437,0.684,92.619
112.700,-15.135,0.452,0.684,92.796
112.720,-11.426,0.468,0.684,93.007
112.740,-7.518,0.477,0.684,93.245
112.760,-3.510,0.479,0.684,93.495
112.780,0.539,0.485,0.684,93.742
112.800,4.594,0.476,0.684,93.976
112.820,8.566,0.464,0.684,94.179
112.840,12.434,0.453,0.684,94.457
112.860,16.125,0.432,0.684,94.457
112.880,19.576,0.410,0.684,94.515
112.900,22.740,0.382,0.684,94.516
112.920,25.611,0.348,0.684,94.458
112.940,28.049,0.319,0.684,94.344
112.960,30.105,0.279,0.684,94.182
112.980,31.729,0.246,0.684,93.981
113.000,32.895,0.203,0.684,93.509
113.020,33.586,0.164,0.684,93.509
113.040,33.779,0.120,0.684,93.264
113.060,33.516,0.082,0.684,93.033
113.080,32.742,0.044,0.684,92.827
113.100,31.512,0.004,0.684,92.659
113.120,29.824,-0.030,0.684,92.537
113.140,27.738,-0.065,0.684,92.457
113.160,25.201,-0.092,0.684,92.457
113.180,22.307,-0.118,0.684,92.502
113.200,19.113,-0.137,0.684,92.600
113.220,15.604,-0.162,0.684,92.743
113.240,11.900,-0.170,0.684,92.926
113.260,8.039,-0.183,0.684,93.133
113.280,4.043,-0.184,0.684,93.353
113.300,0.006,-0.188,0.684,93.571
113.320,-4.049,-0.180,0.684,93.777
113.340,-8.033,-0.173,0.684,93.954
113.360,-11.912,-0.158,0.684,94.095
113.380,-15.598,-0.134,0.684,94.188
113.400,-19.061,-0.121,0.684,94.225
113.420,-22.271,-0.087,0.684,94.209
113.440,-25.119,-0.061,0.684,94.134
113.460,-27.598,-0.022,0.684,94.006
113.480,-29.672,0.008,0.684,93.830
113.500,-31.330,0.046,0.684,93.618
113.520,-32.525,0.086,0.684,93.380
113.540,-33.199,0.128,0.684,93.127
113.560,-33.422,0.166,0.684,92.876
113.580,-33.176,0.208,0.684,92.638
113.600,-32.437,0.248,0.680,92.428
113.620,-31.236,0.287,0.680,92.257
113.640,-29.543,0.323,0.680,92.133
113.660,-27.434,0.351,0.680,92.065
113.680,-24.908,0.389,0.680,92.053
113.700,-22.014,0.411,0.680,92.102
113.720,-18.803,0.440,0.680,92.206
113.740,-15.322,0.455,0.680,92.359
113.760,-11.607,0.475,0.680,92.551
113.780,-7.729,0.481,0.680,92.772
113.800,-3.709,0.485,0.680,93.007
113.820,0.346,0.485,0.680,93.244
113.840,4.400,0.483,0.680,93.469
113.860,8.379,0.473,0.680,93.670
113.880,12.240,0.458,0.680,93.834
113.900,15.961,0.439,0.680,93.952
113.920,19.418,0.415,0.680,94.016
113.940,22.600,0.386,0.680,94.024
113.960,25.471,0.359,0.680,93.976
113.980,27.937,0.323,0.680,93.875
114.000,30.029,0.286,0.680,93.727
114.020,31.658,0.250,0.680,93.542
114.040,32.848,0.208,0.680,93.330
114.060,33.562,0.170,0.680,93.104
114.080,33.779,0.125,0.680,92.878
114.100,33.539,0.087,0.680,92.666
114.120,32.795,0.048,0.680,92.481
114.140,31.582,0.010,0.680,92.334
114.160,29.906,-0.025,0.680,92.234
114.180,27.850,-0.061,0.680,92.190
114.200,25.318,-0.088,0.680,92.202
114.220,22.441,-0.120,0.680,92.273
114.240,19.271,-0.137,0.680,92.399
114.260,15.791,-0.159,0.680,92.572
114.280,12.076,-0.169,0.680,93.024
114.300,8.209,-0.183,0.680,93.024
114.320,4.236,-0.183,0.680,93.276
114.340,0.217,-0.187,0.680,93.530
114.360,-3.850,-0.179,0.680,93.768
114.380,-7.834,-0.175,0.680,93.980
114.400,-11.719,-0.157,0.680,94.153
114.420,-15.439,-0.138,0.680,94.278
114.440,-18.885,-0.120,0.680,94.347
114.460,-22.107,-0.087,0.680,94.360
114.480,-24.961,-0.066,0.680,94.313
114.500,-27.457,-0.025,0.680,94.214
114.520,-29.584,0.007,0.680,94.064
114.540,-31.236,0.045,0.680,93.875
114.560,-32.437,0.082,0.680,93.658
114.580,-33.158,0.124,0.680,93.425
114.600,-33.404,0.161,0.680,93.190
114.620,-33.170,0.202,0.680,92.968
114.640,-32.473,0.241,0.680,92.769
114.660,-31.283,0.278,0.680,92.608
114.680,-29.602,0.316,0.680,92.429
114.700,-27.516,0.349,0.680,92.429
114.720,-25.031,0.380,0.680,92.422
114.740,-22.160,0.405,0.680,92.470
114.760,-18.961,0.435,0.680,92.573
114.780,-15.469,0.446,0.680,92.723
114.800,-11.789,0.467,0.680,92.909
114.820,-7.887,0.474,0.680,93.122
114.840,-3.885,0.481,0.680,93.348
114.860,0.164,0.477,0.680,93.576
114.880,4.230,0.480,0.680,93.787
114.900,8.191,0.463,0.680,93.975
114.920,12.082,0.451,0.680,94.119
114.940,15.785,0.431,0.680,94.219
114.960,19.254,0.413,0.680,94.265
114.980,22.453,0.381,0.680,94.255
115.000,25.342,0.356,0.680,94.185
115.020,27.832,0.317,0.680,94.061
115.040,29.941,0.286,0.680,93.888
115.060,31.588,0.244,0.680,93.678
115.080,32.801,0.207,0.680,93.439
115.100,33.545,0.166,0.680,93.184
115.120,33.785,0.123,0.680,92.929
115.140,33.562,0.088,0.680,92.686
115.160,32.824,0.046,0.678,92.467
115.180,31.652,0.004,0.678,92.288
115.200,29.982,-0.027,0.678,92.155
115.220,27.943,-0.065,0.678,92.077
115.240,25.453,-0.088,0.678,92.055
115.260,22.594,-0.120,0.678,92.092
115.280,19.424,-0.140,0.678,92.184
115.300,15.961,-0.164,0.678,92.324
115.320,12.270,-0.172,0.678,92.507
115.340,8.408,-0.187,0.678,92.714
115.360,4.447,-0.187,0.678,92.942
115.380,0.398,-0.191,0.680,93.169
115.400,-3.650,-0.183,0.680,93.385
115.420,-7.652,-0.179,0.680,93.577
115.440,-11.561,-0.164,0.680,93.734
115.460,-15.223,-0.141,0.680,93.846
115.480,-18.738,-0.123,0.680,93.905
115.500,-21.967,-0.089,0.680,93.907
115.520,-24.850,-0.066,0.680,93.853
115.540,-27.352,-0.026,0.680,93.746
115.560,-29.502,-0.002,0.680,93.592
115.580,-31.195,0.041,0.680,93.401
115.600,-32.402,0.079,0.680,93.183
115.620,-33.152,0.121,0.680,92.950
115.640,-33.398,0.159,0.680,92.716
115.660,-33.199,0.203,0.680,92.496
115.680,-32.555,0.240,0.680,92.303
115.700,-31.365,0.279,0.680,92.147
115.720,-29.707,0.317,0.680,92.040
115.740,-27.639,0.352,0.680,91.987
115.760,-25.172,0.381,0.680,91.993
115.780,-22.318,0.408,0.680,92.055
115.800,-19.131,0.438,0.680,92.176
115.820,-15.662,0.452,0.680,92.346
115.840,-11.965,0.469,0.680,92.556
115.860,-8.086,0.477,0.680,92.794
115.880,-4.096,0.487,0.680,93.050
115.900,-0.041,0.484,0.680,93.308
115.920,4.020,0.481,0.680,93.554
115.940,8.010,0.472,0.680,93.775
115.960,11.895,0.457,0.680,93.957
115.980,15.621,0.440,0.680,94.096
116.000,19.096,0.414,0.680,94.180
116.020,22.301,0.388,0.680,94.206
116.040,25.201,0.358,0.680,94.173
116.060,27.715,0.323,0.680,94.087
116.080,29.830,0.289,0.680,93.951
116.100,31.512,0.252,0.680,93.776
116.120,32.748,0.211,0.680,93.571
116.140,33.516,0.174,0.680,93.351
116.160,33.785,0.130,0.680,93.127
116.180,33.574,0.095,0.680,92.916
116.200,32.889,0.050,0.680,92.728
116.220,31.723,0.016,0.680,92.578
116.240,30.094,-0.022,0.680,92.471
116.260,28.049,-0.055,0.680,92.420
116.280,25.576,-0.083,0.680,92.423
116.300,22.729,-0.114,0.680,92.484
116.320,19.576,-0.133,0.680,92.598
116.340,16.143,-0.157,0.680,92.761
116.360,12.445,-0.166,0.680,92.962
116.380,8.602,-0.178,0.680,93.187
116.400,4.629,-0.183,0.680,93.427
116.420,0.586,-0.186,0.680,93.669
116.440,-3.457,-0.179,0.680,93.898
116.460,-7.459,-0.170,0.680,94.098
116.480,-11.379,-0.157,0.680,94.261
116.500,-15.053,-0.137,0.680,94.376
116.520,-18.586,-0.118,0.680,94.435
116.540,-21.809,-0.091,0.680,94.438
116.560,-24.721,-0.067,0.680,94.381
116.580,-27.240,-0.024,0.680,94.270
116.600,-29.379,0.004,0.680,94.108
116.620,-31.125,0.045,0.680,93.907
116.640,-32.344,0.077,0.680,93.675
116.660,-33.135,0.121,0.680,93.427
116.680,-33.398,0.161,0.680,93.176
116.700,-33.217,0.201,0.680,92.936
116.720,-32.572,0.240,0.678,92.720
116.740,-31.418,0.278,0.678,92.539
116.760,-29.807,0.318,0.678,92.404
116.780,-27.744,0.351,0.678,92.322
116.800,-25.271,0.381,0.678,92.298
116.820,-22.441,0.411,0.678,92.329
116.840,-19.277,0.433,0.678,92.416
116.860,-15.826,0.450,0.678,92.549
116.880,-12.164,0.469,0.678,92.723
116.900,-8.279,0.477,0.678,92.925
116.920,-4.277,0.488,0.679,93.144
116.940,-0.229,0.484,0.679,93.365
116.960,3.820,0.478,0.679,93.577
116.980,7.816,0.471,0.679,93.761
117.000,11.695,0.453,0.679,93.910
117.020,15.451,0.438,0.679,94.014
117.040,18.943,0.413,0.679,94.065
117.060,22.166,0.389,0.679,94.062
117.080,25.090,0.358,0.679,94.000
117.100,27.604,0.325,0.679,93.886
117.120,29.754,0.289,0.679,93.724
117.140,31.436,0.250,0.679,93.523
117.160,32.707,0.214,0.679,93.294
117.180,33.480,0.174,0.679,93.050
117.200,33.773,0.129,0.679,92.804
117.220,33.598,0.089,0.679,92.570
117.240,32.924,0.047,0.679,92.361
117.260,31.787,0.011,0.679,92.191
117.280,30.182,-0.026,0.679,92.067
117.300,28.160,-0.063,0.679,91.998
117.320,25.705,-0.085,0.679,91.988
117.340,22.875,-0.119,0.679,92.036
117.360,19.734,-0.134,0.679,92.140
117.380,16.295,-0.163,0.679,92.294
117.400,12.615,-0.169,0.679,92.492
117.420,8.777,-0.186,0.679,92.718
117.440,4.816,-0.186,0.679,92.962
117.460,0.779,-0.191,0.679,93.210
117.480,-3.270,-0.184,0.679,93.447
117.500,-7.289,-0.179,0.679,93.661
117.520,-11.203,-0.164,0.679,93.840
117.540,-14.912,-0.148,0.679,93.976
117.560,-18.428,-0.121,0.679,94.058
117.580,-21.686,-0.096,0.679,94.085
117.600,-24.621,-0.070,0.679,94.052
117.620,-27.141,-0.030,0.679,93.968
117.640,-29.320,-0.002,0.679,93.833
117.660,-31.055,0.039,0.679,93.660
117.680,-32.326,0.073,0.679,93.458
117.700,-33.129,0.116,0.679,93.239
117.720,-33.428,0.153,0.679,93.017
117.740,-33.281,0.195,0.679,92.806
117.760,-32.637,0.233,0.679,92.620
117.780,-31.500,0.274,0.679,92.470
117.800,-29.918,0.314,0.679,92.366
117.820,-27.885,0.344,0.679,92.315
117.840,-25.459,0.377,0.679,92.320
117.860,-22.611,0.405,0.679,92.383
117.880,-19.447,0.431,0.679,92.502
117.900,-16.037,0.449,0.679,92.669
117.920,-12.363,0.465,0.679,92.876
117.940,-8.484,0.472,0.679,93.111
117.960,-4.500,0.481,0.679,93.361
117.980,-0.457,0.480,0.679,93.614
118.000,3.604,0.481,0.679,93.854
118.020,7.611,0.468,0.679,94.072
118.040,11.514,0.456,0.679,94.249
118.060,15.246,0.439,0.679,94.380
118.080,18.773,0.411,0.679,94.456
118.100,22.008,0.391,0.679,94.474
118.120,24.943,0.360,0.679,94.433
118.140,27.475,0.326,0.679,94.338
118.160,29.660,0.292,0.679,94.191
118.180,31.365,0.251,0.679,94.004
118.200,32.672,0.217,0.679,93.785
118.220,33.469,0.172,0.679,93.548
118.240,33.779,0.135,0.679,93.307
118.260,33.621,0.095,0.679,93.076
118.280,32.965,0.053,0.679,92.867
118.300,31.852,0.018,0.679,92.694
118.320,30.252,-0.020,0.679,92.565
118.340,28.260,-0.053,0.679,92.488
118.360,25.822,-0.081,0.679,92.466
118.380,23.010,-0.114,0.679,92.502
118.400,19.881,-0.129,0.679,92.592
118.420,16.465,-0.157,0.679,92.728
118.440,12.803,-0.163,0.679,93.110
118.460,8.947,-0.181,0.679,93.110
118.480,4.986,-0.184,0.679,93.332
118.500,0.949,-0.188,0.679,93.556
118.520,-3.105,-0.183,0.679,93.770
118.540,-7.131,-0.169,0.679,93.958
118.560,-11.039,-0.164,0.679,94.109
118.580,-14.754,-0.141,0.679,94.215
118.600,-18.281,-0.123,0.679,94.267
118.620,-21.551,-0.093,0.679,94.264
118.640,-24.480,-0.064,0.679,94.202
118.660,-27.082,-0.028,0.679,94.085
118.680,-29.250,-0.000,0.679,93.919
118.700,-31.031,0.045,0.679,93.714
118.720,-32.291,0.072,0.679,93.478
118.740,-33.129,0.122,0.679,93.226
118.760,-33.445,0.156,0.679,92.971
118.780,-33.316,0.202,0.679,92.726
118.800,-32.707,0.239,0.679,92.506
118.820,-31.576,0.280,0.679,92.321
118.840,-30.012,0.315,0.679,92.183
118.860,-27.996,0.350,0.679,92.097
118.880,-25.582,0.380,0.679,92.070
118.900,-22.775,0.411,0.679,92.099
118.920,-19.605,0.430,0.679,92.188
118.940,-16.195,0.457,0.679,92.322
118.960,-12.521,0.466,0.679,92.503
118.980,-8.672,0.485,0.679,92.711
119.000,-4.676,0.483,0.679,92.943
119.020,-0.627,0.488,0.679,93.174
119.040,3.434,0.485,0.679,93.399
119.060,7.447,0.474,0.679,93.602
119.080,11.338,0.462,0.679,93.769
119.100,15.088,0.445,0.679,93.895
119.120,18.615,0.418,0.679,93.969
119.140,21.855,0.394,0.679,93.987
119.160,24.832,0.360,0.679,93.947
119.180,27.375,0.333,0.679,93.854
119.200,29.549,0.294,0.679,93.713
119.220,31.295,0.259,0.679,93.533
119.240,32.613,0.215,0.679,93.323
119.260,33.428,0.178,0.679,93.097
119.280,33.768,0.139,0.679,92.867
119.300,33.639,0.095,0.679,92.648
119.320,33.018,0.057,0.679,92.454
119.340,31.910,0.019,0.679,92.296
119.360,30.346,-0.020,0.679,92.184
119.380,28.371,-0.053,0.679,92.127
119.400,25.951,-0.082,0.679,92.128
119.420,23.156,-0.114,0.679,92.186
119.440,20.045,-0.132,0.679,92.301
119.460,16.635,-0.155,0.679,92.466
119.480,12.973,-0.166,0.679,92.673
119.500,9.146,-0.182,0.679,92.911
119.520,5.186,-0.183,0.679,93.166
119.540,1.154,-0.187,0.679,93.423
119.560,-2.883,-0.187,0.679,93.672
119.580,-6.902,-0.174,0.679,93.897
119.600,-10.828,-0.163,0.679,94.086
119.620,-14.572,-0.143,0.679,94.229
119.640,-18.094,-0.125,0.679,94.319
119.660,-21.363,-0.100,0.679,94.353
119.680,-24.334,-0.070,0.679,94.329
119.700,-26.906,-0.038,0.679,94.248
119.720,-29.139,-0.002,0.679,94.118
119.740,-30.914,0.034,0.679,93.945
119.760,-32.203,0.068,0.679,93.741
119.780,-33.053,0.115,0.679,93.519
119.800,-33.375,0.149,0.679,93.291
119.820,-33.287,0.195,0.679,93.073
119.840,-32.719,0.230,0.679,92.877
119.860,-31.617,0.273,0.679,92.714
119.880,-30.064,0.308,0.679,92.597
119.900,-28.037,0.344,0.679,92.529
119.920,-25.682,0.373,0.679,92.519
119.940,-22.881,0.402,0.679,92.562
119.960,-19.740,0.427,0.679,92.663
119.980,-16.354,0.448,0.679,92.809
120.000,-12.691,0.461,0.679,92.998
120.020,-8.848,0.476,0.679,93.212
120.040,-4.863,0.477,0.679,93.446
120.060,-0.826,0.485,0.679,93.679
120.080,3.240,0.481,0.679,93.906
120.100,7.266,0.472,0.679,94.107
120.120,11.150,0.458,0.679,94.273
120.140,14.912,0.443,0.679,94.390
120.160,18.445,0.415,0.679,94.454
120.180,21.715,0.393,0.679,94.461
120.200,24.709,0.359,0.679,94.409
120.220,27.275,0.331,0.679,94.301
120.240,29.467,0.291,0.679,94.143
120.260,31.225,0.258,0.679,93.943
120.280,32.561,0.221,0.679,93.712
120.300,33.404,0.177,0.679,93.463
120.320,33.768,0.135,0.679,93.208
120.340,33.650,0.095,0.679,92.962
120.360,33.047,0.060,0.679,92.738
120.380,31.975,0.016,0.678,92.549
120.400,30.451,-0.020,0.678,92.404
120.420,28.471,-0.055,0.678,92.311
120.440,26.080,-0.082,0.678,92.275
120.460,23.303,-0.112,0.678,92.296
120.480,20.197,-0.132,0.678,92.373
120.500,16.805,-0.159,0.678,92.499
120.520,13.154,-0.169,0.678,92.667
120.540,9.334,-0.183,0.678,92.866
120.560,5.385,-0.185,0.678,93.083
120.580,1.348,-0.187,0.678,93.306
120.600,-2.719,-0.186,0.678,93.518
120.620,-6.732,-0.175,0.678,93.710
120.640,-10.664,-0.165,0.678,93.868
120.660,-14.402,-0.145,0.678,93.980
120.680,-17.953,-0.128,0.678,94.043
120.700,-21.258,-0.097,0.678,94.051
120.720,-24.217,-0.073,0.678,94.001
120.740,-26.830,-0.038,0.678,93.898
120.760,-29.045,-0.002,0.678,93.745
120.780,-30.867,0.033,0.678,93.552
120.800,-32.197,0.073,0.678,93.329
120.820,-33.064,0.116,0.678,93.088
120.840,-33.398,0.151,0.678,92.843
120.860,-33.346,0.196,0.678,92.608
120.880,-32.777,0.233,0.678,92.397
120.900,-31.729,0.273,0.678,92.220
120.920,-30.199,0.311,0.678,92.089
120.940,-28.201,0.344,0.678,92.011
120.960,-25.816,0.375,0.678,91.992
120.980,-23.062,0.406,0.678,92.029
121.000,-19.939,0.428,0.678,92.126
121.020,-16.553,0.454,0.678,92.270
121.040,-12.902,0.462,0.678,92.462
121.060,-9.064,0.480,0.678,92.682
121.080,-5.062,0.483,0.678,92.926
121.100,-1.025,0.486,0.678,93.173
121.120,3.035,0.485,0.678,93.411
121.140,7.055,0.477,0.678,93.631
121.160,10.957,0.460,0.678,93.816
121.180,14.748,0.446,0.678,93.957
121.200,18.275,0.424,0.678,94.046
121.220,21.562,0.397,0.678,94.079
121.240,24.562,0.362,0.678,94.054
121.260,27.146,0.337,0.678,93.974
121.280,29.373,0.296,0.678,93.843
121.300,31.154,0.264,0.678,93.673
121.320,32.508,0.224,0.678,93.470
121.340,33.375,0.182,0.678,93.249
121.360,33.768,0.142,0.678,93.022
121.380,33.668,0.103,0.678,92.804
121.400,33.094,0.063,0.678,92.609
121.420,32.033,0.021,0.678,92.447
121.440,30.521,-0.012,0.678,92.330
121.460,28.570,-0.049,0.678,92.265
121.480,26.209,-0.075,0.678,92.257
121.500,23.437,-0.105,0.678,92.304
121.520,20.355,-0.125,0.678,92.409
121.540,16.975,-0.151,0.678,92.560
121.560,13.330,-0.162,0.678,92.757
121.580,9.516,-0.179,0.678,92.980
121.600,5.584,-0.179,0.678,93.224
121.620,1.547,-0.187,0.678,93.471
121.640,-2.514,-0.182,0.678,93.709
121.660,-6.533,-0.173,0.678,93.924
121.680,-10.453,-0.162,0.678,94.103
121.700,-14.215,-0.144,0.678,94.236
121.720,-17.760,-0.126,0.678,94.317
121.740,-21.082,-0.099,0.678,94.340
121.760,-24.059,-0.072,0.678,94.305
121.780,-26.689,-0.035,0.678,94.072
121.800,-28.951,-0.005,0.678,94.072
121.820,-30.750,0.035,0.678,93.886
121.840,-32.139,0.067,0.678,93.668
121.860,-33.012,0.116,0.678,93.431
121.880,-33.398,0.149,0.678,93.187
121.900,-33.340,0.196,0.678,92.950
121.920,-32.783,0.228,0.678,92.735
121.940,-31.770,0.273,0.678,92.552
121.960,-30.234,0.307,0.678,92.414
121.980,-28.295,0.344,0.678,92.325
122.000,-25.939,0.371,0.678,92.294
122.020,-23.186,0.402,0.678,92.317
122.040,-20.062,0.427,0.678,92.396
122.060,-16.670,0.448,0.678,92.524
122.080,-13.078,0.465,0.678,92.696
122.100,-9.229,0.475,0.678,92.897
122.120,-5.244,0.483,0.678,93.118
122.140,-1.207,0.485,0.678,93.345
122.160,2.848,0.481,0.678,93.562
122.180,6.885,0.474,0.678,93.758
122.200,10.781,0.460,0.678,93.919
122.220,14.584,0.443,0.678,94.037
122.240,18.117,0.419,0.678,94.104
122.260,21.416,0.394,0.678,94.115
122.280,24.434,0.367,0.678,94.068
122.300,27.029,0.335,0.678,93.966
122.320,29.285,0.297,0.678,93.815
122.340,31.084,0.261,0.678,93.621
122.360,32.449,0.219,0.678,93.396
122.380,33.352,0.182,0.678,93.152
122.400,33.756,0.140,0.678,92.903
122.420,33.691,0.099,0.678,92.662
122.440,33.141,0.058,0.678,92.443
122.460,32.104,0.020,0.676,92.259
122.480,30.592,-0.014,0.676,92.119
122.500,28.670,-0.053,0.676,92.031
122.520,26.344,-0.083,0.676,92.002
122.540,23.584,-0.111,0.676,92.031
122.560,20.508,-0.133,0.676,92.118
122.580,17.156,-0.155,0.676,92.255
122.600,13.506,-0.170,0.676,92.437
122.620,9.709,-0.183,0.676,92.650
122.640,5.760,-0.185,0.676,92.887
122.660,1.740,-0.188,0.676,93.128
122.680,-2.309,-0.187,0.676,93.364
122.700,-6.340,-0.179,0.676,93.579
122.720,-10.277,-0.167,0.676,93.763
122.740,-14.057,-0.146,0.676,93.902
122.760,-17.602,-0.130,0.676,94.024
122.780,-20.924,-0.101,0.676,94.024
122.800,-23.912,-0.077,0.676,94.001
122.820,-26.584,-0.042,0.676,93.923
122.840,-28.857,-0.007,0.676,93.795
122.860,-30.680,0.029,0.676,93.626
122.880,-32.068,0.066,0.676,93.425
122.900,-32.971,0.107,0.676,93.204
122.920,-33.387,0.145,0.676,92.978
122.940,-33.357,0.190,0.676,92.760
122.960,-32.824,0.225,0.676,92.564
122.980,-31.816,0.268,0.676,92.402
123.000,-30.322,0.298,0.676,92.284
123.020,-28.389,0.344,0.676,92.216
123.040,-26.062,0.367,0.676,92.209
123.060,-23.326,0.401,0.676,92.255
123.080,-20.238,0.423,0.676,92.362
123.100,-16.857,0.446,0.676,92.516
123.120,-13.254,0.457,0.676,92.716
123.140,-9.428,0.477,0.676,92.943
123.160,-5.449,0.479,0.676,93.195
123.180,-1.412,0.489,0.677,93.450
123.200,2.660,0.479,0.677,93.699
123.220,6.674,0.477,0.677,93.924
123.240,10.582,0.460,0.677,94.117
123.260,14.373,0.447,0.677,94.265
123.280,17.947,0.420,0.677,94.360
123.300,21.252,0.399,0.677,94.397
123.320,24.299,0.367,0.677,94.377
123.340,26.912,0.338,0.677,94.298
123.360,29.174,0.298,0.677,94.169
123.380,30.996,0.266,0.677,93.995
123.400,32.402,0.226,0.677,93.789
123.420,33.311,0.185,0.677,93.561
123.440,33.744,0.146,0.677,93.326
123.460,33.697,0.104,0.677,93.097
123.480,33.164,0.070,0.677,92.889
123.500,32.162,0.023,0.677,92.711
123.520,30.674,-0.005,0.677,92.578
123.540,28.781,-0.051,0.677,92.493
123.560,26.443,-0.067,0.677,92.467
123.580,23.719,-0.106,0.677,92.492
123.600,20.660,-0.120,0.677,92.577
123.620,17.314,-0.154,0.677,92.705
123.640,13.664,-0.158,0.677,92.883
123.660,9.879,-0.181,0.677,93.085
123.680,5.947,-0.179,0.677,93.312
123.700,1.916,-0.187,0.677,93.540
123.720,-2.133,-0.182,0.677,93.763
123.740,-6.158,-0.175,0.677,93.961
123.760,-10.107,-0.164,0.677,94.127
123.780,-13.898,-0.144,0.677,94.249
123.800,-17.455,-0.129,0.677,94.316
123.820,-20.795,-0.098,0.677,94.328
123.840,-23.812,-0.075,0.677,94.282
123.860,-26.479,-0.035,0.677,94.181
123.880,-28.770,-0.006,0.677,94.027
123.900,-30.633,0.034,0.677,93.831
123.920,-32.039,0.068,0.677,93.601
123.940,-32.953,0.110,0.677,93.352
123.960,-33.375,0.149,0.677,93.096
123.980,-33.375,0.190,0.677,92.846
124.000,-32.883,0.228,0.677,92.618
124.020,-31.916,0.269,0.677,92.421
124.040,-30.416,0.304,0.677,92.269
124.060,-28.488,0.341,0.677,92.166
124.080,-26.162,0.373,0.677,92.120
124.100,-23.467,0.403,0.677,92.131
124.120,-20.385,0.427,0.677,92.201
124.140,-17.016,0.451,0.677,92.320
124.160,-13.430,0.464,0.677,92.487
124.180,-9.598,0.477,0.677,92.683
124.200,-5.648,0.488,0.677,92.903
124.220,-1.605,0.488,0.677,93.132
124.240,2.467,0.484,0.677,93.353
124.260,6.504,0.477,0.677,93.555
124.280,10.412,0.463,0.677,93.725
124.300,14.221,0.446,0.677,93.854
124.320,17.777,0.425,0.677,93.932
124.340,21.111,0.398,0.677,93.957
124.360,24.164,0.368,0.677,93.923
124.380,26.807,0.337,0.677,93.835
124.400,29.080,0.302,0.677,93.696
124.420,30.932,0.265,0.677,93.517
124.440,32.344,0.226,0.677,93.305
124.460,33.281,0.187,0.677,93.073
124.480,33.732,0.145,0.677,92.836
124.500,33.709,0.106,0.677,92.606
124.520,33.211,0.066,0.677,92.397
124.540,32.221,0.024,0.677,92.222
124.560,30.773,-0.007,0.677,92.092
124.580,28.881,-0.050,0.677,92.012
124.600,26.566,-0.073,0.677,91.993
124.620,23.877,-0.111,0.677,92.127
124.640,20.812,-0.128,0.677,92.127
124.660,17.479,-0.153,0.677,92.275
124.680,13.857,-0.168,0.677,92.468
124.700,10.084,-0.179,0.677,92.696
124.720,6.152,-0.187,0.677,92.944
124.740,2.127,-0.186,0.677,93.201
124.760,-1.922,-0.184,0.677,93.450
124.780,-5.947,-0.184,0.677,93.679
124.800,-9.908,-0.167,0.677,93.879
124.820,-13.676,-0.150,0.677,94.034
124.840,-17.279,-0.129,0.677,94.138
124.860,-20.619,-0.108,0.677,94.186
124.880,-23.654,-0.080,0.677,94.179
124.900,-26.332,-0.047,0.677,94.114
124.920,-28.617,-0.013,0.677,93.998
124.940,-30.527,0.027,0.677,93.838
124.960,-31.945,0.060,0.677,93.644
124.980,-32.900,0.100,0.677,93.429
125.000,-33.340,0.142,0.677,93.207
125.020,-33.352,0.181,0.677,92.990
125.040,-32.889,0.223,0.677,92.793
125.060,-31.928,0.262,0.677,92.628
125.080,-30.469,0.295,0.677,92.506
125.100,-28.600,0.339,0.677,92.433
125.120,-26.268,0.365,0.677,92.418
125.140,-23.590,0.399,0.677,92.458
125.160,-20.520,0.422,0.677,92.555
125.180,-17.174,0.446,0.677,92.702
125.200,-13.605,0.456,0.677,92.893
125.220,-9.773,0.473,0.677,93.111
125.240,-5.818,0.477,0.677,93.352
125.260,-1.781,0.486,0.677,93.597
125.280,2.268,0.477,0.677,93.838
125.300,6.305,0.478,0.677,94.055
125.320,10.236,0.457,0.677,94.240
125.340,14.045,0.449,0.677,94.379
125.360,17.631,0.419,0.677,94.468
125.380,20.941,0.404,0.677,94.498
125.400,24.018,0.368,0.677,94.471
125.420,26.689,0.340,0.677,94.384
125.440,28.980,0.300,0.677,94.247
125.460,30.844,0.266,0.677,94.064
125.480,32.279,0.227,0.677,93.847
125.500,33.240,0.189,0.677,93.608
125.520,33.727,0.144,0.677,93.360
125.540,33.715,0.103,0.677,93.118
125.560,33.246,0.064,0.677,92.894
125.580,32.273,0.023,0.677,92.701
125.600,30.850,-0.008,0.677,92.552
125.620,28.957,-0.050,0.677,92.449
125.640,26.689,-0.076,0.677,92.406
125.660,23.994,-0.112,0.677,92.416
125.680,20.953,-0.129,0.677,92.486
125.700,17.648,-0.153,0.677,92.602
125.720,14.027,-0.166,0.677,92.766
125.740,10.254,-0.178,0.677,92.959
125.760,6.334,-0.185,0.677,93.176
125.780,2.303,-0.185,0.677,93.398
125.800,-1.758,-0.186,0.677,93.615
125.820,-5.783,-0.177,0.677,93.812
125.840,-9.744,-0.167,0.677,93.977
125.860,-13.535,-0.149,0.677,94.173
125.880,-17.133,-0.129,0.677,94.173
125.900,-20.502,-0.099,0.677,94.190
125.920,-23.561,-0.078,0.677,94.150
125.940,-26.262,-0.042,0.677,94.055
125.960,-28.547,-0.012,0.677,93.910
125.980,-30.486,0.030,0.677,93.722
126.000,-31.904,0.062,0.677,93.500
126.020,-32.930,0.108,0.677,93.259
126.040,-33.375,0.143,0.677,93.009
126.060,-33.410,0.183,0.677,92.767
126.080,-32.947,0.229,0.677,92.544
126.100,-32.010,0.262,0.677,92.354
126.120,-30.604,0.306,0.677,92.208
126.140,-28.723,0.337,0.677,92.112
126.160,-26.414,0.369,0.677,92.074
126.180,-23.742,0.402,0.677,92.091
126.200,-20.689,0.423,0.677,92.173
126.220,-17.373,0.447,0.677,92.300
126.240,-13.799,0.464,0.677,92.479
126.260,-9.990,0.475,0.677,92.689
126.280,-6.035,0.486,0.677,92.924
126.300,-1.980,0.489,0.678,93.169
126.320,2.068,0.485,0.678,93.410
126.340,6.105,0.478,0.678,93.632
126.360,10.020,0.464,0.678,93.823
126.380,13.863,0.450,0.678,93.973
126.400,17.455,0.427,0.678,94.073
126.420,20.801,0.406,0.678,94.119
126.440,23.871,0.373,0.678,94.107
126.460,26.566,0.340,0.678,94.039
126.480,28.881,0.312,0.678,93.920
126.500,30.773,0.271,0.678,93.759
126.520,32.227,0.236,0.678,93.564
126.540,33.205,0.192,0.678,93.348
126.560,33.715,0.153,0.678,93.124
126.580,33.738,0.108,0.678,92.905
126.600,33.275,0.074,0.678,92.705
126.620,32.326,0.032,0.678,92.537
126.640,30.920,-0.002,0.678,92.413
126.660,29.074,-0.042,0.678,92.338
126.680,26.812,-0.068,0.678,92.321
126.700,24.141,-0.100,0.678,92.359
126.720,21.111,-0.120,0.678,92.456
126.740,17.812,-0.147,0.678,92.602
126.760,14.209,-0.162,0.678,92.795
126.780,10.447,-0.174,0.678,93.021
126.800,6.521,-0.183,0.678,93.268
126.820,2.496,-0.183,0.678,93.522
126.840,-1.553,-0.187,0.678,93.768
126.860,-5.578,-0.179,0.678,93.997
126.880,-9.545,-0.169,0.678,94.192
126.900,-13.348,-0.149,0.678,94.345
126.920,-16.945,-0.129,0.678,94.444
126.940,-20.314,-0.105,0.678,94.486
126.960,-23.385,-0.077,0.678,94.470
126.980,-26.109,-0.048,0.678,94.397
127.000,-28.436,-0.013,0.678,94.272
127.020,-30.363,0.025,0.678,94.101
127.040,-31.828,0.059,0.678,93.895
127.060,-32.865,0.102,0.678,93.667
127.080,-33.334,0.140,0.678,93.428
127.100,-33.393,0.180,0.678,93.193
127.120,-32.971,0.220,0.678,92.976
127.140,-32.027,0.260,0.678,92.787
127.160,-30.656,0.294,0.678,92.642
127.180,-28.787,0.336,0.678,92.542
127.200,-26.525,0.360,0.678,92.502
127.220,-23.854,0.397,0.678,92.513
127.240,-20.812,0.414,0.678,92.583
127.260,-17.508,0.447,0.678,92.700
127.280,-13.928,0.454,0.678,92.864
127.300,-10.148,0.477,0.678,93.057
127.320,-6.205,0.476,0.678,93.275
127.340,-2.168,0.487,0.678,93.496
127.360,1.893,0.477,0.678,93.718
127.380,5.930,0.478,0.678,93.915
127.400,9.861,0.459,0.678,94.083
127.420,13.693,0.449,0.678,94.206
127.440,17.303,0.420,0.678,94.282
127.460,20.666,0.402,0.678,94.299
127.480,23.736,0.366,0.678,94.261
127.500,26.449,0.344,0.678,94.164
127.520,28.781,0.303,0.678,94.016
127.540,30.691,0.269,0.678,93.824
127.560,32.162,0.231,0.678,93.598
127.580,33.170,0.190,0.678,93.349
127.600,33.697,0.149,0.678,93.091
127.620,33.744,0.107,0.678,92.838
127.640,33.316,0.069,0.678,92.604
127.660,32.391,0.028,0.677,92.400
127.680,31.002,-0.008,0.677,92.240
127.700,29.168,-0.046,0.677,92.128
127.720,26.936,-0.073,0.677,92.076
127.740,24.258,-0.108,0.677,92.079
127.760,21.264,-0.124,0.677,92.144
127.780,17.977,-0.154,0.677,92.255
127.800,14.396,-0.162,0.677,92.417
127.820,10.629,-0.179,0.677,92.609
127.840,6.709,-0.187,0.677,92.831
127.860,2.695,-0.187,0.677,93.059
127.880,-1.348,-0.188,0.678,93.287
127.900,-5.379,-0.179,0.678,93.494
127.920,-9.346,-0.170,0.678,93.675
127.940,-13.178,-0.150,0.678,93.813
127.960,-16.781,-0.136,0.678,93.905
127.980,-20.168,-0.109,0.678,93.942
128.000,-23.250,-0.086,0.678,93.923
128.020,-25.975,-0.048,0.678,93.849
128.040,-28.354,-0.016,0.678,93.723
128.060,-30.311,0.021,0.678,93.554
128.080,-31.787,0.054,0.678,93.351
128.100,-32.818,0.101,0.678,93.127
128.120,-33.305,0.134,0.678,92.894
128.140,-33.410,0.181,0.678,92.666
128.160,-33.000,0.218,0.678,92.458
128.180,-32.115,0.259,0.678,92.280
128.200,-30.750,0.294,0.678,92.147
128.220,-28.898,0.328,0.678,92.063
128.240,-26.672,0.364,0.678,92.037
128.260,-24.018,0.393,0.678,92.068
128.280,-21.012,0.417,0.678,92.158
128.300,-17.695,0.443,0.678,92.300
128.320,-14.139,0.456,0.678,92.488
128.340,-10.354,0.473,0.678,92.710
128.360,-6.416,0.482,0.678,92.957
128.380,-2.385,0.485,0.678,93.215
128.400,1.687,0.485,0.678,93.467
128.420,5.730,0.475,0.678,93.704
128.440,9.662,0.467,0.678,93.907
128.460,13.506,0.447,0.678,94.070
128.480,17.109,0.430,0.678,94.179
128.500,20.490,0.402,0.678,94.237
128.520,23.590,0.377,0.678,94.234
128.540,26.332,0.347,0.678,94.176
128.560,28.676,0.312,0.678,94.064
128.580,30.609,0.276,0.678,93.907
128.600,32.098,0.239,0.678,93.714
128.620,33.141,0.195,0.678,93.497
128.640,33.686,0.156,0.678,93.270
128.660,33.750,0.113,0.678,93.046
128.680,33.357,0.077,0.678,92.838
128.700,32.432,0.037,0.678,92.661
128.720,31.084,0.000,0.678,92.524
128.740,29.250,-0.038,0.678,92.435
128.760,27.047,-0.067,0.678,92.403
128.780,24.393,-0.097,0.678,92.425
128.800,21.398,-0.118,0.678,92.504
128.820,18.129,-0.147,0.678,92.633
128.840,14.561,-0.158,0.678,92.807
128.860,10.805,-0.174,0.678,93.015
128.880,6.891,-0.176,0.678,93.246
128.900,2.877,-0.186,0.678,93.481
128.920,-1.172,-0.185,0.678,93.714
128.940,-5.221,-0.174,0.678,93.927
128.960,-9.182,-0.168,0.678,94.106
128.980,-13.008,-0.146,0.678,94.245
129.000,-16.635,-0.132,0.678,94.332
129.020,-20.033,-0.104,0.678,94.364
129.040,-23.133,-0.080,0.678,94.335
129.060,-25.857,-0.046,0.678,94.252
129.080,-28.254,-0.015,0.678,94.114
129.100,-30.217,0.025,0.678,93.932
129.120,-31.746,0.059,0.678,93.713
129.140,-32.789,0.102,0.678,93.470
129.160,-33.311,0.138,0.678,93.216
129.180,-33.428,0.183,0.678,92.966
129.200,-33.023,0.219,0.678,92.733
129.220,-32.139,0.261,0.678,92.528
129.240,-30.838,0.296,0.678,92.366
129.260,-28.980,0.336,0.678,92.251
129.280,-26.748,0.364,0.678,92.193
129.300,-24.135,0.395,0.678,92.189
129.320,-21.141,0.420,0.678,92.245
129.340,-17.854,0.448,0.678,92.352
129.360,-14.309,0.456,0.678,92.507
129.380,-10.535,0.477,0.678,92.694
129.400,-6.574,0.481,0.678,92.907
129.420,-2.572,0.488,0.678,93.132
129.440,1.494,0.485,0.678,93.354
129.460,5.537,0.476,0.678,93.559
129.480,9.480,0.465,0.678,93.733
129.500,13.324,0.450,0.678,93.868
129.520,16.963,0.428,0.678,93.954
129.540,20.350,0.406,0.678,93.986
129.560,23.449,0.373,0.678,93.963
129.580,26.209,0.345,0.678,93.882
129.600,28.564,0.310,0.678,93.751
129.620,30.521,0.275,0.678,93.576
129.640,32.051,0.236,0.678,93.367
129.660,33.094,0.193,0.678,93.135
129.680,33.674,0.156,0.678,92.893
129.700,33.762,0.112,0.678,92.656
129.720,33.381,0.074,0.678,92.437
129.740,32.490,0.033,0.678,92.248
129.760,31.160,-0.002,0.678,92.103
129.780,29.355,-0.046,0.678,92.007
129.800,27.170,-0.065,0.678,91.972
129.820,24.527,-0.105,0.678,91.989
129.840,21.562,-0.117,0.678,92.072
129.860,18.299,-0.154,0.678,92.200
129.880,14.766,-0.161,0.678,92.386
129.900,11.004,-0.181,0.678,92.600
129.920,7.107,-0.182,0.678,92.847
129.940,3.094,-0.193,0.682,93.097
129.960,-0.955,-0.187,0.682,93.353
129.980,-4.998,-0.183,0.682,93.586
130.000,-8.971,-0.176,0.682,93.795
130.020,-12.797,-0.153,0.682,93.961
130.040,-16.436,-0.140,0.682,94.079
130.060,-19.846,-0.111,0.682,94.142
130.080,-22.951,-0.087,0.682,94.148
130.100,-25.740,-0.053,0.682,94.098
130.120,-28.119,-0.022,0.682,93.995
130.140,-30.094,0.015,0.682,93.848
130.160,-31.658,0.051,0.682,93.664
130.180,-32.713,0.091,0.682,93.456
130.200,-33.270,0.132,0.682,93.238
130.220,-33.410,0.174,0.682,93.022
130.240,-33.029,0.212,0.682,92.824
130.260,-32.197,0.253,0.682,92.654
130.280,-30.891,0.290,0.682,92.526
130.300,-29.074,0.327,0.682,92.445
130.320,-26.871,0.357,0.682,92.422
130.340,-24.264,0.390,0.682,92.452
130.360,-21.287,0.417,0.682,92.542
130.380,-17.982,0.438,0.682,92.681
130.400,-14.479,0.459,0.682,92.867
130.420,-10.705,0.472,0.682,93.089
130.440,-6.779,0.477,0.682,93.332
130.460,-2.742,0.485,0.682,93.584
130.480,1.312,0.481,0.682,93.833
130.500,5.344,0.476,0.682,94.063
130.520,9.299,0.464,0.682,94.260
130.540,13.154,0.445,0.682,94.417
130.560,16.799,0.431,0.682,94.522
130.580,20.191,0.403,0.682,94.574
130.600,23.303,0.378,0.682,94.564
130.620,26.092,0.345,0.682,94.496
130.640,28.459,0.310,0.682,94.374
130.660,30.445,0.274,0.682,94.207
130.680,31.980,0.237,0.682,94.000
130.700,33.059,0.198,0.682,93.770
130.720,33.662,0.155,0.682,93.526
130.740,33.773,0.116,0.682,93.284
130.760,33.410,0.078,0.682,93.058
130.780,32.543,0.035,0.682,92.859
130.800,31.225,0.000,0.682,92.700
130.820,29.455,-0.038,0.682,92.589
130.840,27.281,-0.067,0.682,92.532
130.860,24.662,-0.095,0.682,92.530
130.880,21.697,-0.125,0.682,92.585
130.900,18.463,-0.142,0.682,92.692
130.920,14.906,-0.163,0.682,92.843
130.940,11.156,-0.173,0.682,93.031
130.960,7.271,-0.183,0.682,93.241
130.980,3.270,-0.184,0.682,93.462
131.000,-0.791,-0.184,0.682,93.678
131.020,-4.822,-0.176,0.682,93.878
131.040,-8.818,-0.170,0.682,94.046
131.060,-12.656,-0.152,0.682,94.177
131.080,-16.289,-0.135,0.682,94.257
131.100,-19.717,-0.108,0.682,94.284
131.120,-22.840,-0.083,0.682,94.254
131.140,-25.641,-0.049,0.682,94.167
131.160,-28.049,-0.016,0.682,94.028
131.180,-30.053,0.020,0.682,93.843
131.200,-31.629,0.056,0.682,93.622
131.220,-32.684,0.096,0.682,93.377
131.240,-33.311,0.136,0.682,93.122
131.260,-33.439,0.177,0.682,92.869
131.280,-33.088,0.218,0.682,92.633
131.300,-32.285,0.258,0.681,92.427
131.320,-30.967,0.291,0.681,92.262
131.340,-29.209,0.335,0.681,92.145
131.360,-26.988,0.360,0.681,92.086
131.380,-24.422,0.392,0.681,92.082
131.400,-21.451,0.416,0.681,92.140
131.420,-18.176,0.443,0.681,92.248
131.440,-14.660,0.457,0.681,92.407
131.460,-10.893,0.476,0.681,92.600
131.480,-6.979,0.479,0.681,92.823
131.500,-2.965,0.489,0.682,93.057
131.520,1.113,0.482,0.682,93.291
131.540,5.139,0.486,0.682,93.510
131.560,9.105,0.468,0.682,93.703
131.580,12.955,0.454,0.682,93.856
131.600,16.623,0.434,0.682,93.961
131.620,20.039,0.408,0.682,94.014
131.640,23.168,0.383,0.682,94.010
131.660,25.963,0.351,0.682,93.950
131.680,28.359,0.318,0.682,93.838
131.700,30.357,0.278,0.682,93.682
131.720,31.922,0.242,0.682,93.488
131.740,33.012,0.203,0.682,93.272
131.760,33.639,0.161,0.682,93.044
131.780,33.768,0.121,0.682,92.820
131.800,33.428,0.084,0.682,92.612
131.820,32.596,0.041,0.682,92.432
131.840,31.312,0.007,0.682,92.295
131.860,29.543,-0.037,0.682,92.205
131.880,27.398,-0.063,0.682,92.174
131.900,24.803,-0.093,0.682,92.199
131.920,21.867,-0.122,0.682,92.284
131.940,18.615,-0.144,0.682,92.420
131.960,15.094,-0.161,0.682,92.605
131.980,11.361,-0.169,0.682,92.825
132.000,7.465,-0.183,0.682,93.070
132.020,3.469,-0.186,0.682,93.327
132.040,-0.580,-0.185,0.682,93.581
132.060,-4.623,-0.180,0.682,93.818
132.080,-8.613,-0.170,0.682,94.026
132.100,-12.463,-0.154,0.682,94.194
132.120,-16.113,-0.137,0.682,94.313
132.140,-19.541,-0.115,0.682,94.375
132.160,-22.676,-0.089,0.682,94.381
132.180,-25.494,-0.054,0.682,94.329
132.200,-27.908,-0.023,0.682,94.223
132.220,-29.959,0.012,0.682,94.069
132.240,-31.553,0.052,0.682,93.878
132.260,-32.631,0.091,0.682,93.660
132.280,-33.270,0.132,0.682,93.429
132.300,-33.416,0.171,0.682,93.199
132.320,-33.111,0.212,0.682,92.984
132.340,-32.309,0.252,0.682,92.797
132.360,-31.008,0.286,0.682,92.649
132.380,-29.262,0.327,0.682,92.545
132.400,-27.082,0.352,0.682,92.499
132.420,-24.539,0.390,0.682,92.503
132.440,-21.580,0.412,0.682,92.570
132.460,-18.334,0.436,0.682,92.684
132.480,-14.807,0.454,0.682,92.846
132.500,-11.057,0.469,0.682,93.040
132.520,-7.160,0.474,0.682,93.263
132.540,-3.146,0.485,0.682,93.491
132.560,0.920,0.479,0.682,93.721
132.580,4.975,0.476,0.682,93.934
132.600,8.941,0.464,0.682,94.114
132.620,12.785,0.451,0.682,94.257
132.640,16.459,0.429,0.682,94.349
132.660,19.881,0.405,0.682,94.386
132.680,23.021,0.376,0.682,94.364
132.700,25.852,0.343,0.682,94.285
132.720,28.248,0.315,0.682,94.151
132.740,30.275,0.278,0.682,93.973
132.760,31.846,0.236,0.682,93.756
132.780,32.965,0.199,0.682,93.514
132.800,33.621,0.160,0.682,93.259
132.820,33.768,0.119,0.682,92.766
132.840,33.463,0.075,0.682,92.766
132.860,32.648,0.040,0.682,92.555
132.880,31.377,0.001,0.682,92.383
132.900,29.631,-0.035,0.682,92.260
132.920,27.516,-0.067,0.682,92.192
132.940,24.937,-0.096,0.682,92.181
132.960,21.990,-0.124,0.682,92.228
132.980,18.779,-0.144,0.682,92.330
133.000,15.270,-0.166,0.682,92.479
133.020,11.537,-0.171,0.682,92.665
133.040,7.664,-0.187,0.682,92.876
133.060,3.662,-0.184,0.682,93.103
133.080,-0.387,-0.190,0.682,93.326
133.100,-4.436,-0.181,0.682,93.537
133.120,-8.426,-0.174,0.682,93.718
133.140,-12.264,-0.157,0.682,93.865
133.160,-15.961,-0.138,0.682,93.963
133.180,-19.395,-0.114,0.682,94.009
133.200,-22.553,-0.087,0.682,93.998
133.220,-25.371,-0.060,0.682,93.931
133.240,-27.820,-0.025,0.682,93.813
133.260,-29.877,0.010,0.682,93.649
133.280,-31.482,0.050,0.682,93.449
133.300,-32.613,0.084,0.682,93.223
133.320,-33.264,0.131,0.682,92.987
133.340,-33.428,0.162,0.682,92.752
133.360,-33.170,0.213,0.682,92.533
133.380,-32.385,0.244,0.682,92.343
133.400,-31.137,0.288,0.682,92.193
133.420,-29.396,0.324,0.682,92.092
133.440,-27.234,0.356,0.682,92.046
133.460,-24.686,0.389,0.682,92.061
133.480,-21.768,0.415,0.682,92.132
133.500,-18.527,0.440,0.682,92.260
133.520,-15.029,0.456,0.682,92.435
133.540,-11.273,0.472,0.682,92.649
133.560,-7.365,0.477,0.682,92.888
133.580,-3.357,0.487,0.682,93.140
133.600,0.703,0.482,0.682,93.392
133.620,4.764,0.483,0.682,93.631
133.640,8.730,0.468,0.682,93.843
133.660,12.586,0.456,0.682,94.015
133.680,16.283,0.431,0.682,94.140
133.700,19.711,0.413,0.682,94.209
133.720,22.875,0.383,0.682,94.221
133.740,25.717,0.352,0.682,94.175
133.760,28.148,0.319,0.682,94.075
133.780,30.182,0.283,0.682,93.929
133.800,31.793,0.248,0.682,93.744
133.820,32.941,0.207,0.682,93.534
133.840,33.609,0.165,0.682,93.309
133.860,33.773,0.124,0.682,93.085
133.880,33.492,0.083,0.682,92.874
133.900,32.689,0.045,0.682,92.691
133.920,31.441,0.005,0.682,92.547
133.940,29.725,-0.028,0.682,92.449
133.960,27.609,-0.062,0.682,92.405
133.980,25.066,-0.091,0.682,92.417
134.000,22.148,-0.114,0.682,92.487
134.020,18.943,-0.137,0.682,92.607
134.040,15.445,-0.160,0.682,92.775
134.060,11.713,-0.169,0.682,92.979
134.080,7.834,-0.181,0.682,93.209
134.100,3.844,-0.182,0.682,93.448
134.120,-0.211,-0.183,0.682,93.688
134.140,-4.254,-0.179,0.682,93.910
134.160,-8.244,-0.169,0.682,94.104
134.180,-12.100,-0.155,0.682,94.257
134.200,-15.779,-0.132,0.682,94.361
134.220,-19.236,-0.113,0.682,94.409
134.240,-22.441,-0.085,0.682,94.400
134.260,-25.248,-0.055,0.682,94.332
134.280,-27.703,-0.021,0.682,94.210
134.300,-29.783,0.016,0.682,94.040
134.320,-31.406,0.048,0.682,93.832
134.340,-32.561,0.087,0.682,93.596
134.360,-33.246,0.133,0.682,93.347
134.380,-33.428,0.168,0.682,93.097
134.400,-33.135,0.211,0.682,92.861
134.420,-32.396,0.248,0.682,92.651
134.440,-31.166,0.289,0.682,92.480
134.460,-29.461,0.324,0.682,92.355
134.480,-27.328,0.352,0.682,92.284
134.500,-24.779,0.388,0.682,92.270
134.520,-21.879,0.413,0.682,92.313
134.540,-18.656,0.436,0.682,92.410
134.560,-15.164,0.453,0.682,92.551
134.580,-11.426,0.471,0.682,92.731
134.600,-7.547,0.477,0.682,92.939
134.620,-3.521,0.484,0.682,93.159
134.640,0.527,0.481,0.682,93.380
134.660,4.576,0.477,0.682,93.586
134.680,8.555,0.466,0.682,93.766
134.700,12.428,0.452,0.682,93.908
134.720,16.107,0.431,0.682,94.005
134.740,19.564,0.411,0.682,94.047
134.760,22.740,0.381,0.682,94.033
134.780,25.600,0.351,0.682,93.962
134.800,28.049,0.316,0.682,93.839
134.820,30.100,0.280,0.682,93.668
134.840,31.717,0.245,0.682,93.461
134.860,32.889,0.203,0.682,93.228
134.880,33.586,0.164,0.682,92.982
134.900,33.779,0.122,0.682,92.737
134.920,33.521,0.080,0.682,92.506
134.940,32.742,0.045,0.679,92.304
134.960,31.518,0.003,0.679,92.141
134.980,29.830,-0.031,0.679,92.026
135.000,27.732,-0.067,0.679,91.968
135.020,25.207,-0.092,0.679,91.969
135.040,22.312,-0.122,0.679,92.027
135.060,19.102,-0.141,0.679,92.142
135.080,15.609,-0.162,0.679,92.304
135.100,11.906,-0.172,0.679,92.506
135.120,8.045,-0.187,0.679,92.737
135.140,4.055,-0.186,0.679,92.984
135.160,0.018,-0.193,0.682,93.229
135.180,-4.037,-0.183,0.682,93.466
135.200,-8.045,-0.178,0.682,93.675
135.220,-11.906,-0.162,0.682,93.847
135.240,-15.586,-0.140,0.682,93.972
135.260,-19.066,-0.121,0.682,94.042
135.280,-22.254,-0.091,0.682,94.057
135.300,-25.096,-0.064,0.682,94.017
135.320,-27.568,-0.025,0.682,93.923
135.340,-29.672,0.004,0.682,93.781
135.360,-31.336,0.044,0.682,93.602
135.380,-32.508,0.082,0.682,93.396
135.400,-33.205,0.123,0.682,93.177
135.420,-33.445,0.159,0.682,92.958
135.440,-33.182,0.205,0.682,92.752
135.460,-32.455,0.243,0.682,92.574
135.480,-31.236,0.282,0.682,92.434
135.500,-29.549,0.319,0.682,92.341
135.520,-27.439,0.352,0.682,92.303
135.540,-24.926,0.381,0.682,92.323
135.560,-22.037,0.408,0.682,92.398
135.580,-18.820,0.436,0.682,92.530
135.600,-15.328,0.452,0.682,92.707
135.620,-11.625,0.471,0.682,92.925
135.640,-7.740,0.478,0.682,93.167
135.660,-3.715,0.483,0.682,93.425
135.680,0.340,0.482,0.682,93.680
135.700,4.395,0.480,0.682,93.921
135.720,8.361,0.468,0.682,94.135
135.740,12.240,0.452,0.682,94.308
135.760,15.943,0.434,0.682,94.432
135.780,19.412,0.410,0.682,94.502
135.800,22.588,0.381,0.682,94.514
135.820,25.471,0.353,0.682,94.466
135.840,27.926,0.319,0.682,94.364
135.860,30.012,0.285,0.682,94.212
135.880,31.652,0.248,0.682,94.022
135.900,32.842,0.205,0.682,93.802
135.920,33.557,0.168,0.682,93.567
135.940,33.773,0.124,0.682,93.331
135.960,33.545,0.087,0.682,93.106
135.980,32.801,0.046,0.682,92.906
136.000,31.588,0.008,0.682,92.744
136.020,29.906,-0.025,0.682,92.628
136.040,27.844,-0.064,0.682,92.564
136.060,25.324,-0.085,0.682,92.559
136.080,22.447,-0.116,0.682,92.607
136.100,19.260,-0.138,0.682,92.708
136.120,15.785,-0.162,0.682,92.857
136.140,12.082,-0.169,0.682,93.043
136.160,8.221,-0.184,0.682,93.255
136.180,4.213,-0.179,0.682,93.481
136.200,0.199,-0.187,0.682,93.704
136.220,-3.873,-0.181,0.682,93.914
136.240,-7.863,-0.170,0.682,94.098
136.260,-11.754,-0.158,0.682,94.241
136.280,-15.451,-0.134,0.682,94.339
136.300,-18.932,-0.115,0.682,94.379
136.320,-22.143,-0.084,0.682,94.364
136.340,-24.990,-0.061,0.682,94.291
136.360,-27.498,-0.018,0.682,94.165
136.380,-29.631,0.008,0.682,93.991
136.400,-31.289,0.049,0.682,93.778
136.420,-32.508,0.084,0.682,93.538
136.440,-33.199,0.127,0.682,93.284
136.460,-33.445,0.162,0.682,93.028
136.480,-33.211,0.207,0.682,92.786
136.500,-32.525,0.241,0.680,92.571
136.520,-31.324,0.285,0.680,92.392
136.540,-29.643,0.322,0.680,92.261
136.560,-27.562,0.355,0.680,92.185
136.580,-25.066,0.389,0.680,92.166
136.600,-22.195,0.409,0.680,92.206
136.620,-19.002,0.442,0.680,92.300
136.640,-15.504,0.452,0.680,92.445
136.660,-11.818,0.475,0.680,92.627
136.680,-7.928,0.476,0.680,92.840
136.700,-3.932,0.489,0.682,93.065
136.720,0.123,0.484,0.682,93.298
136.740,4.201,0.484,0.682,93.515
136.760,8.180,0.469,0.682,93.711
136.780,12.064,0.460,0.682,93.866
136.800,15.773,0.436,0.682,93.980
136.820,19.248,0.416,0.682,94.039
136.840,22.453,0.383,0.682,94.043
136.860,25.342,0.360,0.682,93.989
136.880,27.826,0.321,0.682,93.884
136.900,29.918,0.290,0.682,93.732
136.920,31.582,0.251,0.682,93.542
136.940,32.807,0.208,0.682,93.325
136.960,33.533,0.170,0.682,93.094
136.980,33.779,0.127,0.682,92.863
137.000,33.562,0.088,0.682,92.646
137.020,32.824,0.048,0.682,92.455
137.040,31.652,0.009,0.682,92.303
137.060,29.982,-0.022,0.682,92.198
137.080,27.949,-0.063,0.682,92.148
137.100,25.459,-0.087,0.682,92.158
137.120,22.588,-0.118,0.682,92.225
137.140,19.418,-0.137,0.682,92.348
137.160,15.961,-0.159,0.682,92.519
137.180,12.258,-0.173,0.682,92.730
137.200,8.414,-0.181,0.682,92.971
137.220,4.430,-0.189,0.682,93.225
137.240,0.398,-0.187,0.682,93.482
137.260,-3.668,-0.185,0.682,93.725
137.280,-7.658,-0.173,0.682,93.944
137.300,-11.561,-0.163,0.682,94.123
137.320,-15.246,-0.138,0.682,94.258
137.340,-18.750,-0.123,0.682,94.336
137.360,-21.979,-0.089,0.682,94.359
137.380,-24.826,-0.068,0.682,94.322
137.400,-27.363,-0.026,0.682,94.232
137.420,-29.490,0.003,0.682,94.093
137.440,-31.195,0.039,0.682,93.914
137.460,-32.420,0.082,0.682,93.707
137.480,-33.152,0.116,0.682,93.483
137.500,-33.404,0.165,0.682,93.257
137.520,-33.217,0.200,0.682,93.044
137.540,-32.543,0.242,0.682,92.855
137.560,-31.359,0.278,0.682,92.702
137.580,-29.713,0.317,0.682,92.595
137.600,-27.621,0.346,0.682,92.541
137.620,-25.154,0.383,0.682,92.542
137.640,-22.324,0.404,0.682,92.601
137.660,-19.131,0.433,0.682,92.711
137.680,-15.662,0.449,0.682,92.869
137.700,-11.965,0.464,0.682,93.067
137.720,-8.098,0.474,0.682,93.288
137.740,-4.113,0.482,0.682,93.526
137.760,-0.047,0.483,0.682,93.764
137.780,4.014,0.476,0.682,93.990
137.800,8.010,0.468,0.682,94.187
137.820,11.877,0.452,0.682,94.345
137.840,15.609,0.436,0.682,94.456
137.860,19.090,0.412,0.682,94.513
137.880,22.289,0.387,0.682,94.512
137.900,25.213,0.354,0.682,94.452
137.920,27.715,0.321,0.682,94.337
137.940,29.830,0.286,0.682,94.173
137.960,31.512,0.248,0.682,93.969
137.980,32.754,0.208,0.682,93.736
138.000,33.516,0.169,0.682,93.487
138.020,33.779,0.126,0.682,93.235
138.040,33.586,0.091,0.682,92.995
138.060,32.895,0.049,0.682,92.779
138.080,31.717,0.012,0.682,92.599
138.100,30.100,-0.025,0.682,92.466
138.120,28.061,-0.061,0.682,92.385
138.140,25.588,-0.085,0.682,92.361
138.160,22.740,-0.120,0.682,92.395
138.180,19.588,-0.138,0.682,92.484
138.200,16.131,-0.161,0.682,92.622
138.220,12.451,-0.171,0.682,92.800
138.240,8.607,-0.179,0.682,93.005
138.260,4.623,-0.185,0.682,93.224
138.280,0.580,-0.187,0.682,93.446
138.300,-3.480,-0.183,0.682,93.657
138.320,-7.488,-0.174,0.682,93.842
138.340,-11.379,-0.158,0.682,93.992
138.360,-15.082,-0.141,0.682,94.095
138.380,-18.609,-0.123,0.682,94.146
138.400,-21.838,-0.094,0.682,94.143
138.420,-24.732,-0.068,0.682,94.082
138.440,-27.275,-0.028,0.682,93.969
138.460,-29.420,-0.000,0.682,93.807
138.480,-31.166,0.046,0.682,93.606
138.500,-32.391,0.075,0.682,93.377
138.520,-33.182,0.123,0.682,93.134
138.540,-33.439,0.156,0.682,92.888
138.560,-33.264,0.207,0.682,92.655
138.580,-32.631,0.242,0.682,92.449
138.600,-31.482,0.280,0.682,92.279
138.620,-29.877,0.315,0.682,92.157
138.640,-27.797,0.351,0.682,92.087
138.660,-25.324,0.381,0.682,92.077
138.680,-22.500,0.411,0.682,92.126
138.700,-19.318,0.431,0.682,92.232
138.720,-15.879,0.455,0.682,92.385
138.740,-12.199,0.471,0.682,92.583
138.760,-8.326,0.481,0.682,92.806
138.780,-4.318,0.488,0.682,93.050
138.800,-0.246,0.486,0.682,93.298
138.820,3.797,0.485,0.682,93.533
138.840,7.799,0.474,0.682,93.746
138.860,11.684,0.459,0.682,93.921
138.880,15.434,0.440,0.682,94.051
138.900,18.920,0.417,0.682,94.127
138.920,22.143,0.393,0.682,94.148
138.940,25.078,0.360,0.682,94.111
138.960,27.598,0.326,0.682,94.021
138.980,29.754,0.292,0.682,93.881
139.000,31.436,0.253,0.682,93.703
139.020,32.701,0.219,0.682,93.495
139.040,33.475,0.174,0.682,93.272
139.060,33.779,0.133,0.682,93.046
139.080,33.609,0.095,0.682,92.831
139.100,32.924,0.054,0.682,92.641
139.120,31.787,0.016,0.682,92.488
139.140,30.182,-0.022,0.682,92.381
139.160,28.154,-0.058,0.682,92.328
139.180,25.699,-0.081,0.682,92.332
139.200,22.881,-0.114,0.682,92.393
139.220,19.729,-0.131,0.682,92.508
139.240,16.289,-0.156,0.682,92.672
139.260,12.621,-0.168,0.682,92.874
139.280,8.789,-0.179,0.682,93.107
139.300,4.816,-0.182,0.682,93.353
139.320,0.768,-0.184,0.682,93.602
139.340,-3.281,-0.179,0.682,93.836
139.360,-7.283,-0.171,0.682,94.047
139.380,-11.209,-0.158,0.682,94.219
139.400,-14.918,-0.141,0.682,94.345
139.420,-18.422,-0.121,0.682,94.415
139.440,-21.668,-0.091,0.682,94.431
139.460,-24.615,-0.065,0.682,94.385
139.480,-27.158,-0.029,0.682,94.286
139.500,-29.320,0.000,0.682,94.136
139.520,-31.084,0.043,0.682,93.945
139.540,-32.314,0.074,0.682,93.724
139.560,-33.129,0.123,0.682,93.486
139.580,-33.416,0.158,0.682,93.244
139.600,-33.258,0.199,0.682,93.012
139.620,-32.631,0.240,0.682,92.804
139.640,-31.500,0.276,0.682,92.630
139.660,-29.912,0.316,0.682,92.502
139.680,-27.867,0.347,0.682,92.426
139.700,-25.430,0.377,0.682,92.406
139.720,-22.600,0.407,0.682,92.440
139.740,-19.441,0.430,0.682,92.532
139.760,-16.031,0.452,0.682,92.670
139.780,-12.352,0.465,0.682,92.848
139.800,-8.473,0.473,0.682,93.056
139.820,-4.500,0.483,0.682,93.277
139.840,-0.428,0.482,0.682,93.503
139.860,3.621,0.482,0.682,93.716
139.880,7.617,0.468,0.682,93.908
139.900,11.514,0.454,0.682,94.059
139.920,15.258,0.435,0.682,94.167
139.940,18.779,0.414,0.682,94.220
139.960,22.008,0.388,0.682,94.219
139.980,24.955,0.356,0.682,94.159
140.000,27.486,0.323,0.682,94.045
140.020,29.648,0.290,0.682,93.883
140.040,31.371,0.249,0.682,93.680
140.060,32.660,0.213,0.682,93.448
140.080,33.463,0.171,0.682,93.200
140.100,33.773,0.135,0.682,92.949
140.120,33.621,0.089,0.682,92.709
140.140,32.965,0.050,0.682,92.493
140.160,31.846,0.012,0.678,92.315
140.180,30.252,-0.021,0.678,92.182
140.200,28.271,-0.060,0.678,92.103
140.220,25.834,-0.084,0.678,92.082
140.240,23.027,-0.117,0.678,92.119
140.260,19.887,-0.137,0.678,92.213
140.280,16.482,-0.165,0.678,92.355
140.300,12.809,-0.170,0.678,92.544
140.320,8.977,-0.184,0.678,92.760
140.340,5.004,-0.187,0.678,92.995
140.360,0.973,-0.190,0.679,93.233
140.380,-3.070,-0.190,0.679,93.463
140.400,-7.096,-0.177,0.679,93.670
140.420,-11.016,-0.166,0.679,93.843
140.440,-14.730,-0.146,0.679,93.972
140.460,-18.264,-0.127,0.679,94.049
140.480,-21.516,-0.098,0.679,94.071
140.500,-24.451,-0.070,0.679,94.035
140.520,-27.035,-0.034,0.679,93.946
140.540,-29.238,-0.002,0.679,93.808
140.560,-31.008,0.037,0.679,93.630
140.580,-32.273,0.070,0.679,93.423
140.600,-33.094,0.116,0.679,93.201
140.620,-33.410,0.150,0.679,92.975
140.640,-33.299,0.196,0.679,92.760
140.660,-32.684,0.233,0.679,92.570
140.680,-31.570,0.273,0.679,92.415
140.700,-29.994,0.312,0.679,92.308
140.720,-27.967,0.344,0.679,92.253
140.740,-25.576,0.376,0.679,92.256
140.760,-22.775,0.406,0.679,92.317
140.780,-19.605,0.427,0.679,92.436
140.800,-16.189,0.450,0.679,92.602
140.820,-12.533,0.460,0.679,92.808
140.840,-8.684,0.481,0.679,93.043
140.860,-4.693,0.482,0.679,93.300
140.880,-0.645,0.484,0.679,93.557
140.900,3.428,0.480,0.679,93.805
140.920,7.424,0.472,0.679,94.027
140.940,11.314,0.456,0.679,94.214
140.960,15.094,0.442,0.679,94.354
140.980,18.592,0.416,0.679,94.442
141.000,21.850,0.395,0.679,94.472
141.020,24.809,0.360,0.679,94.443
141.040,27.369,0.331,0.679,94.358
141.060,29.543,0.292,0.679,94.221
141.080,31.307,0.257,0.679,94.044
141.100,32.602,0.218,0.679,93.835
141.120,33.428,0.174,0.679,93.607
141.140,33.768,0.138,0.679,93.375
141.160,33.639,0.096,0.679,93.152
141.180,33.023,0.057,0.679,92.950
141.200,31.916,0.019,0.679,92.783
141.220,30.328,-0.017,0.679,92.660
141.240,28.383,-0.050,0.679,92.589
141.260,25.963,-0.079,0.679,92.573
141.280,23.156,-0.108,0.679,92.612
141.300,20.039,-0.131,0.679,92.707
141.320,16.635,-0.154,0.679,92.850
141.340,12.961,-0.162,0.679,93.034
141.360,9.141,-0.177,0.679,93.244
141.380,5.186,-0.181,0.679,93.470
141.400,1.166,-0.184,0.679,93.700
141.420,-2.889,-0.184,0.679,93.918
141.440,-6.914,-0.171,0.679,94.112
141.460,-10.840,-0.160,0.679,94.378
141.480,-14.602,-0.140,0.679,94.378
141.500,-18.123,-0.120,0.679,94.434
141.520,-21.398,-0.093,0.679,94.434
141.540,-24.352,-0.066,0.679,94.374
141.560,-26.924,-0.032,0.679,94.260
141.580,-29.162,0.000,0.679,94.096
141.600,-30.932,0.038,0.679,93.891
141.620,-32.244,0.076,0.679,93.655
141.640,-33.088,0.115,0.679,93.401
141.660,-33.410,0.154,0.679,93.143
141.680,-33.334,0.200,0.679,92.894
141.700,-32.730,0.238,0.678,92.668
141.720,-31.670,0.275,0.678,92.477
141.740,-30.088,0.311,0.678,92.331
141.760,-28.096,0.347,0.678,92.236
141.780,-25.693,0.375,0.678,92.200
141.800,-22.910,0.409,0.678,92.218
141.820,-19.781,0.427,0.678,92.296
141.840,-16.371,0.452,0.678,92.421
141.860,-12.709,0.462,0.678,92.590
141.880,-8.877,0.482,0.678,92.786
141.900,-4.881,0.482,0.678,93.006
141.920,-0.832,0.488,0.678,93.228
141.940,3.217,0.481,0.678,93.444
141.960,7.236,0.475,0.678,93.636
141.980,11.139,0.458,0.678,93.797
142.000,14.900,0.443,0.678,93.912
142.020,18.451,0.418,0.678,93.977
142.040,21.709,0.395,0.678,93.986
142.060,24.691,0.362,0.678,93.939
142.080,27.264,0.334,0.678,93.839
142.100,29.467,0.293,0.678,93.689
142.120,31.219,0.260,0.678,93.500
142.140,32.561,0.219,0.678,93.281
142.160,33.398,0.180,0.678,93.045
142.180,33.756,0.135,0.678,92.805
142.200,33.656,0.094,0.678,92.576
142.220,33.053,0.059,0.678,92.371
142.240,31.986,0.016,0.678,92.202
142.260,30.445,-0.018,0.678,92.080
142.280,28.477,-0.058,0.678,92.010
142.300,26.092,-0.080,0.678,92.001
142.320,23.309,-0.112,0.678,92.048
142.340,20.191,-0.130,0.678,92.154
142.360,16.811,-0.161,0.678,92.309
142.380,13.154,-0.167,0.678,92.509
142.400,9.352,-0.183,0.678,92.740
142.420,5.385,-0.186,0.678,92.991
142.440,1.359,-0.189,0.678,93.248
142.460,-2.707,-0.186,0.678,93.495
142.480,-6.721,-0.176,0.678,93.719
142.500,-10.629,-0.166,0.678,93.908
142.520,-14.373,-0.145,0.678,94.055
142.540,-17.936,-0.132,0.678,94.148
142.560,-21.234,-0.099,0.678,94.188
142.580,-24.199,-0.074,0.678,94.167
142.600,-26.789,-0.040,0.678,94.093
142.620,-29.045,-0.004,0.678,93.968
142.640,-30.826,0.031,0.678,93.801
142.660,-32.156,0.071,0.678,93.604
142.680,-33.035,0.112,0.678,93.388
142.700,-33.387,0.148,0.678,93.166
142.720,-33.305,0.193,0.678,92.954
142.740,-32.736,0.230,0.678,92.763
142.760,-31.693,0.273,0.678,92.607
142.780,-30.170,0.307,0.678,92.496
142.800,-28.178,0.342,0.678,92.434
142.820,-25.793,0.371,0.678,92.431
142.840,-23.027,0.400,0.678,92.482
142.860,-19.928,0.427,0.678,92.592
142.880,-16.518,0.447,0.678,92.748
142.900,-12.879,0.460,0.678,92.947
142.920,-9.035,0.474,0.678,93.172
142.940,-5.045,0.478,0.678,93.417
142.960,-1.020,0.487,0.678,93.666
142.980,3.047,0.479,0.678,93.906
143.000,7.055,0.472,0.678,94.121
143.020,10.969,0.457,0.678,94.299
143.040,14.748,0.443,0.678,94.432
143.060,18.270,0.418,0.678,94.512
143.080,21.557,0.395,0.678,94.534
143.100,24.562,0.362,0.678,94.496
143.120,27.146,0.333,0.678,94.402
143.140,29.373,0.295,0.678,94.257
143.160,31.143,0.262,0.678,94.070
143.180,32.508,0.215,0.678,93.850
143.200,33.375,0.178,0.678,93.610
143.220,33.750,0.141,0.678,93.364
143.240,33.668,0.098,0.678,93.126
143.260,33.088,0.062,0.678,92.910
143.280,32.027,0.018,0.678,92.726
143.300,30.527,-0.015,0.678,92.587
143.320,28.582,-0.052,0.678,92.499
143.340,26.209,-0.079,0.678,92.467
143.360,23.443,-0.115,0.678,92.490
143.380,20.361,-0.133,0.678,92.573
143.400,16.980,-0.158,0.678,92.700
143.420,13.330,-0.166,0.678,92.875
143.440,9.521,-0.181,0.678,93.075
143.460,5.578,-0.184,0.678,93.519
143.480,1.541,-0.189,0.678,93.519
143.500,-2.531,-0.183,0.678,93.736
143.520,-6.533,-0.178,0.678,93.927
143.540,-10.477,-0.166,0.678,94.087
143.560,-14.232,-0.146,0.678,94.202
143.580,-17.795,-0.129,0.678,94.267
143.600,-21.100,-0.096,0.678,94.275
143.620,-24.082,-0.075,0.678,94.225
143.640,-26.713,-0.038,0.678,94.121
143.660,-28.986,-0.003,0.678,93.966
143.680,-30.797,0.034,0.678,93.770
143.700,-32.162,0.072,0.678,93.543
143.720,-33.053,0.113,0.678,93.298
143.740,-33.404,0.150,0.678,93.048
143.760,-33.369,0.196,0.678,92.807
143.780,-32.824,0.233,0.678,92.588
143.800,-31.799,0.276,0.678,92.404
143.820,-30.275,0.308,0.678,92.266
143.840,-28.330,0.348,0.678,92.178
143.860,-25.963,0.373,0.678,92.150
143.880,-23.209,0.405,0.678,92.177
143.900,-20.098,0.426,0.678,92.265
143.920,-16.693,0.453,0.678,92.399
143.940,-13.096,0.467,0.678,92.581
143.960,-9.240,0.480,0.678,92.793
143.980,-5.262,0.482,0.678,93.028
144.000,-1.225,0.491,0.681,93.268
144.020,2.836,0.485,0.681,93.502
144.040,6.855,0.481,0.681,93.715
144.060,10.770,0.461,0.681,93.896
144.080,14.549,0.446,0.681,94.031
144.100,18.117,0.424,0.681,94.116
144.120,21.404,0.398,0.681,94.146
144.140,24.416,0.369,0.681,94.119
144.160,27.029,0.338,0.681,94.038
144.180,29.268,0.300,0.681,93.906
144.200,31.072,0.267,0.681,93.733
144.220,32.449,0.225,0.681,93.529
144.240,33.346,0.186,0.681,93.306
144.260,33.762,0.144,0.681,93.077
144.280,33.680,0.103,0.681,92.857
144.300,33.146,0.066,0.681,92.658
144.320,32.098,0.023,0.681,92.493
144.340,30.598,-0.007,0.681,92.374
144.360,28.687,-0.053,0.681,92.304
144.380,26.338,-0.072,0.681,92.295
144.400,23.578,-0.107,0.681,92.339
144.420,20.508,-0.127,0.681,92.442
144.440,17.156,-0.154,0.681,92.592
144.460,13.512,-0.162,0.681,92.791
144.480,9.709,-0.179,0.681,93.016
144.500,5.760,-0.183,0.681,93.263
144.520,1.740,-0.187,0.681,93.513
144.540,-2.320,-0.181,0.681,93.756
144.560,-6.316,-0.174,0.681,93.974
144.580,-10.289,-0.166,0.681,94.158
144.600,-14.057,-0.143,0.681,94.299
144.620,-17.613,-0.129,0.681,94.386
144.640,-20.918,-0.096,0.681,94.417
144.660,-23.924,-0.077,0.681,94.388
144.680,-26.572,-0.037,0.681,94.304
144.700,-28.846,-0.007,0.681,94.169
144.720,-30.680,0.034,0.681,93.990
144.740,-32.062,0.065,0.681,93.778
144.760,-32.971,0.110,0.681,93.545
144.780,-33.375,0.147,0.681,93.306
144.800,-33.352,0.188,0.681,93.073
144.820,-32.842,0.227,0.681,92.861
144.840,-31.816,0.269,0.681,92.681
144.860,-30.316,0.305,0.681,92.545
144.880,-28.395,0.340,0.681,92.457
144.900,-26.057,0.368,0.681,92.426
144.920,-23.326,0.398,0.681,92.448
144.940,-20.232,0.421,0.681,92.529
144.960,-16.852,0.447,0.681,92.655
144.980,-13.242,0.461,0.681,92.828
145.000,-9.410,0.474,0.681,93.028
145.020,-5.449,0.480,0.681,93.249
145.040,-1.418,0.484,0.681,93.475
145.060,2.654,0.480,0.681,93.692
145.080,6.680,0.476,0.681,93.888
145.100,10.600,0.459,0.681,94.050
145.120,14.396,0.443,0.681,94.170
145.140,17.971,0.421,0.681,94.236
145.160,21.258,0.397,0.681,94.246
145.180,24.293,0.368,0.681,94.199
145.200,26.924,0.331,0.681,94.096
145.220,29.168,0.299,0.681,93.941
145.240,30.990,0.264,0.681,93.745
145.260,32.396,0.220,0.681,93.516
145.280,33.316,0.184,0.681,93.267
145.300,33.744,0.140,0.681,93.012
145.320,33.697,0.099,0.681,92.764
145.340,33.176,0.063,0.681,92.538
145.360,32.168,0.023,0.681,92.345
145.380,30.686,-0.013,0.680,92.195
145.400,28.781,-0.053,0.680,92.097
145.420,26.455,-0.079,0.680,92.057
145.440,23.730,-0.108,0.680,92.074
145.460,20.660,-0.133,0.680,92.149
145.480,17.320,-0.157,0.680,92.274
145.500,13.705,-0.170,0.680,92.446
145.520,9.896,-0.181,0.680,92.649
145.540,5.965,-0.186,0.680,92.876
145.560,1.928,-0.188,0.680,93.107
145.580,-2.127,-0.187,0.680,93.333
145.600,-6.135,-0.177,0.680,93.539
145.620,-10.102,-0.170,0.680,93.714
145.640,-13.869,-0.150,0.680,93.847
145.660,-17.449,-0.131,0.680,93.930
145.680,-20.783,-0.100,0.680,93.958
145.700,-23.789,-0.080,0.680,93.928
145.720,-26.455,-0.040,0.680,93.846
145.740,-28.758,-0.011,0.680,93.713
145.760,-30.633,0.029,0.680,93.537
145.780,-32.021,0.068,0.680,93.329
145.800,-32.971,0.106,0.680,93.103
145.820,-33.375,0.143,0.680,92.871
145.840,-33.363,0.190,0.680,92.646
145.860,-32.883,0.228,0.680,92.443
145.880,-31.910,0.265,0.680,92.274
145.900,-30.410,0.300,0.680,92.148
145.920,-28.494,0.340,0.680,92.073
145.940,-26.186,0.367,0.680,92.060
145.960,-23.484,0.402,0.680,92.101
145.980,-20.396,0.423,0.680,92.203
146.000,-17.039,0.444,0.680,92.353
146.020,-13.453,0.463,0.680,92.548
146.040,-9.609,0.477,0.680,92.776
146.060,-5.660,0.481,0.680,93.027
146.080,-1.611,0.485,0.680,93.282
146.100,2.449,0.481,0.680,93.533
146.120,6.486,0.474,0.680,93.763
146.140,10.412,0.461,0.680,93.959
146.160,14.197,0.450,0.680,94.113
146.180,17.783,0.424,0.680,94.214
146.200,21.105,0.401,0.680,94.260
146.220,24.146,0.370,0.680,94.248
146.240,26.789,0.339,0.680,94.177
146.260,29.074,0.306,0.680,94.056
146.280,30.920,0.268,0.680,93.891
146.300,32.338,0.228,0.680,93.692
146.320,33.275,0.189,0.680,93.472
146.340,33.744,0.145,0.680,93.244
146.360,33.709,0.108,0.680,93.022
146.380,33.217,0.070,0.680,92.820
146.400,32.215,0.028,0.680,92.649
146.420,30.773,-0.001,0.680,92.522
146.440,28.869,-0.047,0.680,92.441
146.460,26.572,-0.067,0.680,92.421
146.480,23.859,-0.108,0.680,92.451
146.500,20.812,-0.123,0.680,92.544
146.520,17.473,-0.150,0.680,92.683
146.540,13.857,-0.162,0.680,92.867
146.560,10.084,-0.177,0.680,93.078
146.580,6.152,-0.179,0.680,93.314
146.600,2.121,-0.187,0.680,93.551
146.620,-1.934,-0.182,0.680,93.785
146.640,-5.947,-0.177,0.680,93.992
146.660,-9.920,-0.162,0.680,94.168
146.680,-13.711,-0.148,0.680,94.299
146.700,-17.297,-0.125,0.680,94.378
146.720,-20.643,-0.099,0.680,94.399
146.740,-23.672,-0.076,0.680,94.363
146.760,-26.355,-0.039,0.680,94.270
146.780,-28.658,-0.010,0.680,94.125
146.800,-30.545,0.033,0.680,93.937
146.820,-31.969,0.065,0.680,93.714
146.840,-32.941,0.107,0.680,93.470
146.860,-33.363,0.146,0.680,93.218
146.880,-33.369,0.190,0.680,92.972
146.900,-32.918,0.230,0.680,92.746
146.920,-31.951,0.267,0.680,92.550
146.940,-30.504,0.304,0.680,92.399
146.960,-28.617,0.340,0.680,92.296
146.980,-26.297,0.369,0.680,92.251
147.000,-23.602,0.402,0.680,92.260
147.020,-20.537,0.427,0.680,92.330
147.040,-17.203,0.449,0.680,92.449
147.060,-13.623,0.464,0.680,92.613
147.080,-9.773,0.477,0.680,92.809
147.100,-5.824,0.481,0.680,93.027
147.120,-1.793,0.488,0.680,93.251
147.140,2.268,0.485,0.680,93.471
147.160,6.305,0.477,0.680,93.673
147.180,10.230,0.465,0.680,93.841
147.200,14.033,0.445,0.680,93.970
147.220,17.631,0.423,0.680,94.045
147.240,20.947,0.402,0.680,94.068
147.260,24.018,0.371,0.680,94.033
147.280,26.689,0.338,0.680,93.944
147.300,28.980,0.302,0.680,93.803
147.320,30.850,0.266,0.680,93.621
147.340,32.285,0.229,0.680,93.406
147.360,33.246,0.186,0.680,93.171
147.380,33.721,0.146,0.680,92.928
147.400,33.721,0.106,0.680,92.693
147.420,33.264,0.066,0.680,92.478
147.440,32.273,0.029,0.680,92.297
147.460,30.850,-0.009,0.680,92.159
147.480,28.975,-0.050,0.680,92.072
147.500,26.701,-0.073,0.680,92.044
147.520,24.006,-0.109,0.680,92.072
147.540,20.965,-0.123,0.680,92.162
147.560,17.648,-0.155,0.680,92.300
147.580,14.051,-0.165,0.680,92.488
147.600,10.260,-0.179,0.680,92.707
147.620,6.340,-0.185,0.680,92.950
147.640,2.332,-0.187,0.680,93.201
147.660,-1.729,-0.188,0.680,93.448
147.680,-5.754,-0.176,0.680,93.675
147.700,-9.709,-0.171,0.680,93.870
147.720,-13.500,-0.150,0.680,94.025
147.740,-17.086,-0.134,0.680,94.129
147.760,-20.449,-0.106,0.680,94.179
147.780,-23.508,-0.081,0.680,94.169
147.800,-26.209,-0.046,0.680,94.105
147.820,-28.523,-0.016,0.680,93.989
147.840,-30.451,0.024,0.680,93.829
147.860,-31.869,0.057,0.680,93.636
147.880,-32.877,0.103,0.680,93.421
147.900,-33.340,0.142,0.680,93.198
147.920,-33.363,0.179,0.680,92.980
147.940,-32.906,0.221,0.680,92.782
147.960,-31.975,0.257,0.680,92.615
147.980,-30.580,0.294,0.680,92.491
148.000,-28.687,0.335,0.680,92.415
148.020,-26.402,0.360,0.680,92.397
148.040,-23.730,0.397,0.680,92.434
148.060,-20.666,0.419,0.680,92.530
148.080,-17.361,0.445,0.680,92.676
148.100,-13.787,0.455,0.680,92.866
148.120,-9.967,0.474,0.680,93.085
148.140,-6.029,0.477,0.680,93.328
148.160,-1.980,0.485,0.680,93.575
148.180,2.068,0.480,0.680,93.818
148.200,6.111,0.473,0.680,94.040
148.220,10.037,0.462,0.680,94.228
148.240,13.863,0.448,0.680,94.374
148.260,17.467,0.424,0.680,94.466
148.280,20.807,0.403,0.680,94.504
148.300,23.871,0.371,0.680,94.481
148.320,26.566,0.340,0.680,94.401
148.340,28.875,0.308,0.680,94.268
148.360,30.768,0.264,0.680,94.090
148.380,32.238,0.232,0.680,93.876
148.400,33.205,0.190,0.680,93.641
148.420,33.715,0.149,0.680,93.395
148.440,33.732,0.109,0.680,93.154
148.460,33.275,0.068,0.680,92.931
148.480,32.338,0.030,0.679,92.738
148.500,30.932,-0.007,0.679,92.587
148.520,29.068,-0.045,0.679,92.485
148.540,26.818,-0.073,0.679,92.440
148.560,24.141,-0.103,0.679,92.449
148.580,21.111,-0.128,0.679,92.514
148.600,17.812,-0.154,0.679,92.631
148.620,14.209,-0.162,0.679,92.795
148.640,10.441,-0.176,0.679,92.987
148.660,6.516,-0.183,0.679,93.201
148.680,2.502,-0.185,0.679,93.422
148.700,-1.559,-0.187,0.679,93.638
148.720,-5.584,-0.178,0.679,93.835
148.740,-9.551,-0.168,0.679,94.003
148.760,-13.354,-0.150,0.679,94.127
148.780,-16.969,-0.131,0.679,94.201
148.800,-20.338,-0.104,0.679,94.219
148.820,-23.420,-0.077,0.679,94.180
148.840,-26.133,-0.046,0.679,94.086
148.860,-28.477,-0.013,0.679,93.940
148.880,-30.404,0.028,0.679,93.750
148.900,-31.852,0.061,0.679,93.526
148.920,-32.871,0.103,0.679,93.281
148.940,-33.363,0.141,0.679,93.028
148.960,-33.434,0.185,0.679,92.780
148.980,-33.000,0.224,0.679,92.552
149.000,-32.068,0.265,0.676,92.354
149.020,-30.662,0.300,0.676,92.201
149.040,-28.816,0.338,0.676,92.096
149.060,-26.561,0.367,0.676,92.052
149.080,-23.906,0.398,0.676,92.062
149.100,-20.848,0.424,0.676,92.133
149.120,-17.531,0.447,0.676,92.255
149.140,-13.957,0.462,0.676,92.424
149.160,-10.178,0.477,0.676,92.627
149.180,-6.217,0.485,0.676,92.856
149.200,-2.191,0.489,0.677,93.094
149.220,1.887,0.487,0.677,93.330
149.240,5.918,0.476,0.677,93.547
149.260,9.850,0.469,0.677,93.733
149.280,13.676,0.448,0.677,93.880
149.300,17.285,0.431,0.677,93.975
149.320,20.643,0.405,0.677,94.020
149.340,23.730,0.373,0.677,94.005
149.360,26.443,0.343,0.677,93.935
149.380,28.781,0.309,0.677,93.813
149.400,30.691,0.270,0.677,93.649
149.420,32.168,0.235,0.677,93.450
149.440,33.170,0.193,0.677,93.230
149.460,33.703,0.154,0.677,93.001
149.480,33.744,0.111,0.677,92.778
149.500,33.316,0.074,0.677,92.573
149.520,32.396,0.032,0.677,92.400
149.540,31.008,-0.004,0.677,92.270
149.560,29.174,-0.041,0.677,92.190
149.580,26.941,-0.070,0.677,92.167
149.600,24.264,-0.100,0.677,92.202
149.620,21.264,-0.121,0.677,92.295
149.640,17.982,-0.148,0.677,92.437
149.660,14.414,-0.159,0.677,92.628
149.680,10.623,-0.176,0.677,92.849
149.700,6.727,-0.182,0.677,93.096
149.720,2.707,-0.183,0.677,93.350
149.740,-1.336,-0.185,0.677,93.599
149.760,-5.373,-0.176,0.677,93.830
149.780,-9.352,-0.172,0.677,94.027
149.800,-13.160,-0.149,0.677,94.290
149.820,-16.764,-0.132,0.677,94.290
149.840,-20.162,-0.108,0.677,94.340
149.860,-23.238,-0.083,0.677,94.331
149.880,-25.963,-0.050,0.677,94.266
149.900,-28.342,-0.014,0.677,94.148
149.920,-30.281,0.023,0.677,93.984
149.940,-31.781,0.056,0.677,93.784
149.960,-32.795,0.097,0.677,93.561
149.980,-33.299,0.134,0.677,93.328
150.000,-33.416,0.179,0.677,93.099
150.020,-32.982,0.218,0.677,92.886
150.040,-32.098,0.255,0.677,92.704
150.060,-30.727,0.294,0.677,92.562
150.080,-28.881,0.331,0.677,92.467
150.100,-26.643,0.364,0.677,92.430
150.120,-24.012,0.391,0.677,92.446
150.140,-21.000,0.417,0.677,92.521
150.160,-17.689,0.440,0.677,92.644
150.180,-14.121,0.458,0.677,92.812
150.200,-10.336,0.473,0.677,93.014
150.220,-6.398,0.475,0.677,93.238
150.240,-2.373,0.483,0.677,93.469
150.260,1.693,0.481,0.677,93.694
150.280,5.730,0.475,0.677,93.903
150.300,9.674,0.464,0.677,94.079
150.320,13.500,0.444,0.677,94.215
150.340,17.127,0.427,0.677,94.297
150.360,20.496,0.402,0.677,94.326
150.380,23.590,0.369,0.677,94.295
150.400,26.326,0.343,0.677,94.208
150.420,28.670,0.306,0.677,94.068
150.440,30.615,0.272,0.677,93.884
150.460,32.098,0.232,0.677,93.663
150.480,33.141,0.187,0.677,93.420
150.500,33.691,0.153,0.677,93.167
150.520,33.750,0.112,0.677,92.917
150.540,33.340,0.070,0.677,92.684
150.560,32.437,0.028,0.677,92.482
150.580,31.084,-0.006,0.677,92.323
150.600,29.256,-0.044,0.677,92.211
150.620,27.064,-0.075,0.677,92.157
150.640,24.398,-0.102,0.677,92.161
150.660,21.416,-0.127,0.677,92.222
150.680,18.146,-0.150,0.677,92.333
150.700,14.578,-0.165,0.677,92.493
150.720,10.828,-0.177,0.677,92.685
150.740,6.920,-0.185,0.677,92.904
150.760,2.906,-0.187,0.677,93.131
150.780,-1.154,-0.190,0.678,93.355
150.800,-5.203,-0.180,0.678,93.565
150.820,-9.164,-0.171,0.678,93.745
150.840,-12.990,-0.151,0.678,93.885
150.860,-16.611,-0.133,0.678,93.975
150.880,-20.016,-0.110,0.678,94.011
150.900,-23.127,-0.080,0.678,93.992
150.920,-25.875,-0.053,0.678,93.917
150.940,-28.248,-0.016,0.678,93.790
150.960,-30.199,0.015,0.678,93.619
150.980,-31.752,0.056,0.678,93.414
151.000,-32.795,0.098,0.678,93.187
151.020,-33.316,0.134,0.678,92.950
151.040,-33.416,0.177,0.678,92.717
151.060,-33.029,0.215,0.678,92.503
151.080,-32.197,0.261,0.678,92.320
151.100,-30.826,0.288,0.678,92.180
151.120,-29.010,0.333,0.678,92.087
151.140,-26.795,0.359,0.678,92.054
151.160,-24.146,0.398,0.678,92.077
151.180,-21.158,0.414,0.678,92.164
151.200,-17.877,0.445,0.678,92.297
151.220,-14.332,0.451,0.678,92.481
151.240,-10.553,0.477,0.678,92.695
151.260,-6.609,0.477,0.678,92.938
151.280,-2.578,0.489,0.678,93.191
151.300,1.482,0.481,0.678,93.443
151.320,5.525,0.481,0.678,93.675
151.340,9.469,0.464,0.678,93.881
151.360,13.307,0.452,0.678,94.042
151.380,16.951,0.431,0.678,94.155
151.400,20.338,0.408,0.678,94.213
151.420,23.443,0.377,0.678,94.213
151.440,26.215,0.349,0.678,94.156
151.460,28.570,0.312,0.678,94.046
151.480,30.516,0.279,0.678,93.890
151.500,32.045,0.241,0.678,93.699
151.520,33.094,0.196,0.678,93.483
151.540,33.668,0.161,0.678,93.256
151.560,33.768,0.116,0.678,93.032
151.580,33.381,0.079,0.678,92.825
151.600,32.496,0.035,0.678,92.646
151.620,31.160,0.002,0.678,92.509
151.640,29.361,-0.035,0.678,92.420
151.660,27.176,-0.067,0.678,92.385
151.680,24.527,-0.096,0.678,92.408
151.700,21.568,-0.121,0.678,92.488
151.720,18.299,-0.140,0.678,92.618
151.740,14.742,-0.160,0.678,92.792
151.760,10.992,-0.174,0.678,93.002
151.780,7.090,-0.184,0.678,93.235
151.800,3.082,-0.183,0.678,93.479
151.820,-0.967,-0.183,0.678,93.713
151.840,-4.998,-0.175,0.678,93.932
151.860,-8.982,-0.170,0.678,94.117
151.880,-12.809,-0.150,0.678,94.263
151.900,-16.441,-0.135,0.678,94.357
151.920,-19.857,-0.108,0.678,94.395
151.940,-22.986,-0.083,0.678,94.375
151.960,-25.752,-0.050,0.678,94.297
151.980,-28.143,-0.017,0.678,94.165
152.000,-30.129,0.022,0.678,93.988
152.020,-31.676,0.058,0.678,93.774
152.040,-32.742,0.098,0.678,93.535
152.060,-33.305,0.139,0.678,93.285
152.080,-33.463,0.178,0.678,93.038
152.100,-33.064,0.214,0.678,92.807
152.120,-32.227,0.257,0.678,92.604
152.140,-30.902,0.292,0.678,92.442
152.160,-29.092,0.334,0.678,92.327
152.180,-26.889,0.359,0.678,92.268
152.200,-24.270,0.394,0.678,92.264
152.220,-21.305,0.421,0.678,92.319
152.240,-18.012,0.439,0.678,92.425
152.260,-14.484,0.462,0.678,92.577
152.280,-10.711,0.471,0.678,92.766
152.300,-6.779,0.481,0.678,92.976
152.320,-2.760,0.487,0.678,93.200
152.340,1.307,0.480,0.678,93.420
152.360,5.332,0.477,0.678,93.625
152.380,9.293,0.465,0.678,93.799
152.400,13.143,0.449,0.678,93.934
152.420,16.805,0.430,0.678,94.021
152.440,20.186,0.404,0.678,94.054
152.460,23.309,0.371,0.678,94.030
152.480,26.092,0.352,0.678,93.948
152.500,28.459,0.302,0.678,93.817
152.520,30.439,0.285,0.678,93.639
152.540,31.969,0.220,0.678,93.429
152.560,33.059,0.208,0.678,93.192
152.580,33.656,0.143,0.678,92.947
152.600,33.779,0.123,0.678,92.704
152.620,33.416,0.066,0.678,92.478
152.640,32.549,0.040,0.678,92.284
152.660,31.236,-0.004,0.678,92.130
152.680,29.467,-0.037,0.678,92.027
152.700,27.287,-0.071,0.678,91.979
152.720,24.668,-0.101,0.678,91.991
152.740,21.715,-0.123,0.678,92.062
152.760,18.469,-0.150,0.678,92.186
152.780,14.924,-0.159,0.678,92.360
152.800,11.180,-0.183,0.678,92.565
152.820,7.295,-0.183,0.678,92.803
152.840,3.293,-0.195,0.684,93.049
152.860,-0.756,-0.183,0.684,93.298
152.880,-4.781,-0.188,0.684,93.527
152.900,-8.783,-0.168,0.684,93.731
152.920,-12.615,-0.160,0.684,93.892
152.940,-16.271,-0.134,0.684,94.009
152.960,-19.687,-0.118,0.684,94.068
152.980,-22.805,-0.081,0.684,94.074
153.000,-25.605,-0.061,0.684,94.020
153.020,-28.008,-0.017,0.684,93.917
153.040,-30.023,0.008,0.684,93.767
153.060,-31.582,0.054,0.684,93.581
153.080,-32.666,0.084,0.684,93.372
153.100,-33.264,0.133,0.684,93.151
153.120,-33.410,0.170,0.684,92.933
153.140,-33.088,0.209,0.684,92.731
153.160,-32.268,0.253,0.684,92.558
153.180,-30.949,0.282,0.684,92.426
153.200,-29.180,0.330,0.684,92.341
153.220,-26.982,0.352,0.684,92.315
153.240,-24.404,0.392,0.684,92.342
153.260,-21.445,0.411,0.684,92.430
153.280,-18.170,0.443,0.684,92.567
153.300,-14.654,0.452,0.684,92.755
153.320,-10.910,0.471,0.684,92.973
153.340,-6.990,0.477,0.684,93.217
153.360,-2.959,0.488,0.684,93.473
153.380,1.107,0.480,0.684,93.727
153.400,5.156,0.484,0.684,93.962
153.420,9.100,0.463,0.684,94.169
153.440,12.955,0.457,0.684,94.331
153.460,16.605,0.431,0.684,94.448
153.480,20.027,0.410,0.684,94.505
153.500,23.168,0.378,0.684,94.505
153.520,25.957,0.347,0.684,94.446
153.540,28.354,0.315,0.684,94.333
153.560,30.363,0.278,0.684,94.173
153.580,31.922,0.241,0.684,93.975
153.600,33.018,0.198,0.684,93.751
153.620,33.645,0.158,0.684,93.514
153.640,33.768,0.116,0.684,93.278
153.660,33.434,0.078,0.684,93.058
153.680,32.596,0.037,0.684,92.864
153.700,31.307,0.004,0.684,92.710
153.720,29.543,-0.038,0.684,92.601
153.740,27.398,-0.062,0.684,92.551
153.760,24.803,-0.094,0.684,92.552
153.780,21.867,-0.120,0.684,92.612
153.800,18.615,-0.141,0.684,92.719
153.820,15.094,-0.165,0.684,92.876
153.840,11.361,-0.170,0.684,93.068
153.860,7.459,-0.186,0.684,93.283
153.880,3.469,-0.185,0.684,93.509
153.900,-0.586,-0.188,0.684,93.733
153.920,-4.629,-0.178,0.684,93.938
153.940,-8.631,-0.169,0.684,94.114
153.960,-12.480,-0.154,0.684,94.250
153.980,-16.125,-0.133,0.684,94.338
154.000,-19.570,-0.110,0.684,94.369
154.020,-22.711,-0.083,0.684,94.343
154.040,-25.512,-0.050,0.684,94.261
154.060,-27.943,-0.017,0.684,94.125
154.080,-29.982,0.017,0.684,93.943
154.100,-31.570,0.054,0.684,93.724
154.120,-32.666,0.091,0.684,93.481
154.140,-33.275,0.137,0.684,93.225
154.160,-33.434,0.173,0.684,92.971
154.180,-33.141,0.216,0.684,92.733
154.200,-32.338,0.256,0.684,92.524
154.220,-31.049,0.290,0.684,92.354
154.240,-29.291,0.331,0.684,92.232
154.260,-27.117,0.356,0.684,92.168
154.280,-24.545,0.394,0.684,92.158
154.300,-21.615,0.416,0.684,92.207
154.320,-18.352,0.440,0.684,92.310
154.340,-14.830,0.456,0.684,92.461
154.360,-11.080,0.475,0.684,92.650
154.380,-7.189,0.478,0.684,92.865
154.400,-3.152,0.491,0.686,93.092
154.420,0.914,0.481,0.686,93.321
154.440,4.957,0.485,0.686,93.535
154.460,8.912,0.467,0.686,93.722
154.480,12.779,0.456,0.686,93.871
154.500,16.436,0.431,0.686,93.973
154.520,19.869,0.411,0.686,94.020
154.540,23.021,0.381,0.686,94.013
154.560,25.834,0.353,0.686,93.949
154.580,28.248,0.319,0.686,93.832
154.600,30.275,0.283,0.686,93.671
154.620,31.857,0.240,0.686,93.473
154.640,32.965,0.202,0.686,93.251
154.660,33.609,0.162,0.686,93.017
154.680,33.768,0.123,0.686,92.785
154.700,33.475,0.082,0.686,92.570
154.720,32.660,0.042,0.686,92.383
154.740,31.383,0.009,0.686,92.238
154.760,29.631,-0.033,0.686,92.139
154.780,27.521,-0.063,0.686,92.117
154.800,24.943,-0.096,0.686,92.117
154.820,22.008,-0.120,0.686,92.193
154.840,18.797,-0.140,0.686,92.324
154.860,15.275,-0.164,0.686,92.500
154.880,11.543,-0.169,0.686,92.717
154.900,7.676,-0.187,0.686,92.957
154.920,3.674,-0.183,0.686,93.212
154.940,-0.381,-0.187,0.686,93.463
154.960,-4.418,-0.182,0.686,93.700
154.980,-8.396,-0.172,0.686,93.909
155.000,-12.258,-0.157,0.686,94.079
155.020,-15.932,-0.138,0.686,94.200
155.040,-19.383,-0.116,0.686,94.265
155.060,-22.529,-0.088,0.686,94.276
155.080,-25.348,-0.059,0.686,94.226
155.100,-27.791,-0.026,0.686,94.126
155.120,-29.859,0.012,0.686,93.974
155.140,-31.465,0.047,0.686,93.788
155.160,-32.596,0.083,0.686,93.573
155.180,-33.223,0.128,0.686,93.346
155.200,-33.416,0.166,0.686,93.120
155.220,-33.146,0.210,0.686,92.907
155.240,-32.361,0.246,0.686,92.722
155.260,-31.096,0.282,0.686,92.574
155.280,-29.379,0.323,0.686,92.473
155.300,-27.199,0.351,0.686,92.427
155.320,-24.674,0.388,0.686,92.435
155.340,-21.732,0.409,0.686,92.503
155.360,-18.486,0.435,0.686,92.618
155.380,-14.994,0.452,0.686,92.785
155.400,-11.250,0.469,0.686,92.983
155.420,-7.348,0.477,0.686,93.211
155.440,-3.340,0.482,0.686,93.444
155.460,0.721,0.478,0.686,93.681
155.480,4.764,0.479,0.686,93.895
155.500,8.754,0.464,0.686,94.086
155.520,12.604,0.452,0.686,94.233
155.540,16.283,0.431,0.686,94.334
155.560,19.723,0.409,0.686,94.376
155.580,22.887,0.378,0.686,94.364
155.600,25.723,0.346,0.686,94.290
155.620,28.148,0.315,0.686,94.165
155.640,30.182,0.279,0.686,93.990
155.660,31.787,0.242,0.686,93.779
155.680,32.930,0.202,0.686,93.540
155.700,33.615,0.158,0.686,93.288
155.720,33.785,0.118,0.686,93.035
155.740,33.498,0.077,0.686,92.797
155.760,32.684,0.041,0.686,92.585
155.780,31.441,0.004,0.686,92.412
155.800,29.730,-0.033,0.686,92.285
155.820,27.621,-0.068,0.686,92.215
155.840,25.072,-0.094,0.686,92.201
155.860,22.160,-0.119,0.686,92.246
155.880,18.943,-0.140,0.686,92.340
155.900,15.445,-0.166,0.686,92.483
155.920,11.725,-0.171,0.686,92.665
155.940,7.857,-0.186,0.686,92.874
155.960,3.850,-0.187,0.686,93.095
155.980,-0.182,-0.191,0.686,93.319
156.000,-4.236,-0.181,0.686,93.527
156.020,-8.238,-0.174,0.686,93.710
156.040,-12.111,-0.162,0.686,93.853
156.060,-15.779,-0.140,0.686,93.951
156.080,-19.236,-0.119,0.686,93.994
156.100,-22.430,-0.087,0.686,93.982
156.120,-25.242,-0.058,0.686,93.912
156.140,-27.715,-0.023,0.686,93.790
156.160,-29.789,0.010,0.686,93.622
156.180,-31.412,0.051,0.686,93.418
156.200,-32.602,0.088,0.686,93.187
156.220,-33.246,0.129,0.686,92.945
156.240,-33.445,0.165,0.686,92.704
156.260,-33.187,0.214,0.686,92.478
156.280,-32.426,0.245,0.686,92.281
156.300,-31.207,0.287,0.686,92.124
156.320,-29.508,0.323,0.686,92.014
156.340,-27.352,0.352,0.686,91.960
156.360,-24.820,0.392,0.686,91.964
156.380,-21.908,0.414,0.686,92.029
156.400,-18.691,0.439,0.686,92.150
156.420,-15.187,0.455,0.686,92.317
156.440,-11.467,0.472,0.686,92.525
156.460,-7.559,0.483,0.686,92.761
156.480,-3.539,0.489,0.686,93.013
156.500,0.521,0.486,0.686,93.264
156.520,4.559,0.483,0.686,93.502
156.540,8.531,0.466,0.686,93.715
156.560,12.416,0.454,0.686,93.886
156.580,16.107,0.437,0.686,94.011
156.600,19.553,0.415,0.686,94.084
156.620,22.734,0.385,0.686,94.100
156.640,25.594,0.353,0.686,94.058
156.660,28.031,0.322,0.686,93.963
156.680,30.105,0.286,0.686,93.821
156.700,31.723,0.249,0.686,93.641
156.720,32.889,0.209,0.686,93.434
156.740,33.586,0.172,0.686,93.214
156.760,33.785,0.126,0.686,92.993
156.780,33.516,0.087,0.686,92.787
156.800,32.748,0.047,0.686,92.607
156.820,31.512,0.012,0.686,92.466
156.840,29.830,-0.025,0.686,92.370
156.860,27.738,-0.060,0.686,92.330
156.880,25.213,-0.088,0.686,92.347
156.900,22.324,-0.114,0.686,92.420
156.920,19.125,-0.137,0.686,92.546
156.940,15.621,-0.157,0.686,92.720
156.960,11.924,-0.170,0.686,92.930
156.980,8.051,-0.179,0.686,93.169
157.000,4.055,-0.183,0.686,93.415
157.020,0.018,-0.184,0.686,93.664
157.040,-4.043,-0.179,0.686,93.895
157.060,-8.027,-0.174,0.686,94.099
157.080,-11.924,-0.159,0.686,94.263
157.100,-15.598,-0.134,0.686,94.380
157.120,-19.066,-0.117,0.686,94.438
157.140,-22.266,-0.085,0.686,94.441
157.160,-25.113,-0.059,0.686,94.384
157.180,-27.580,-0.022,0.686,94.273
157.200,-29.701,0.012,0.686,94.111
157.220,-31.336,0.048,0.686,93.911
157.240,-32.531,0.086,0.686,93.683
157.260,-33.193,0.127,0.686,93.440
157.280,-33.434,0.165,0.686,93.196
157.300,-33.193,0.211,0.686,92.964
157.320,-32.455,0.244,0.686,92.758
157.340,-31.242,0.285,0.686,92.589
157.360,-29.543,0.322,0.686,92.466
157.380,-27.416,0.352,0.686,92.397
157.400,-24.920,0.385,0.686,92.383
157.420,-22.031,0.410,0.686,92.425
157.440,-18.791,0.435,0.686,92.521
157.460,-15.328,0.453,0.686,92.662
157.480,-11.631,0.471,0.686,92.844
157.500,-7.723,0.477,0.686,93.050
157.520,-3.727,0.481,0.686,93.270
157.540,0.346,0.480,0.686,93.489
157.560,4.395,0.478,0.686,93.695
157.580,8.373,0.468,0.686,93.874
157.600,12.246,0.451,0.686,94.016
157.620,15.937,0.431,0.686,94.110
157.640,19.412,0.408,0.686,94.151
157.660,22.588,0.379,0.686,94.135
157.680,25.477,0.352,0.686,94.062
157.700,27.932,0.319,0.686,93.935
157.720,30.023,0.280,0.686,93.763
157.740,31.658,0.244,0.686,93.552
157.760,32.848,0.203,0.686,93.314
157.780,33.557,0.167,0.686,93.062
157.800,33.803,0.125,0.686,92.810
157.820,33.539,0.082,0.686,92.572
157.840,32.801,0.043,0.682,92.361
157.860,31.594,0.006,0.682,92.189
157.880,29.906,-0.029,0.682,92.064
157.900,27.850,-0.065,0.682,91.996
157.920,25.336,-0.091,0.682,91.985
157.940,22.471,-0.120,0.682,92.032
157.960,19.277,-0.141,0.682,92.135
157.980,15.797,-0.162,0.682,92.288
158.000,12.105,-0.174,0.682,92.481
158.020,8.232,-0.184,0.682,92.703
158.040,4.248,-0.187,0.682,92.939
158.060,0.217,-0.192,0.683,93.179
158.080,-3.850,-0.182,0.683,93.407
158.100,-7.828,-0.178,0.683,93.610
158.120,-11.707,-0.162,0.683,93.777
158.140,-15.404,-0.141,0.683,93.899
158.160,-18.896,-0.122,0.683,93.966
158.180,-22.096,-0.092,0.683,93.978
158.200,-24.949,-0.067,0.683,93.934
158.220,-27.469,-0.029,0.683,93.839
158.240,-29.578,0.004,0.683,93.695
158.260,-31.260,0.040,0.683,93.513
158.280,-32.449,0.079,0.683,93.305
158.300,-33.176,0.121,0.683,93.083
158.320,-33.428,0.159,0.683,92.860
158.340,-33.193,0.205,0.683,92.651
158.360,-32.508,0.240,0.683,92.469
158.380,-31.318,0.282,0.683,92.324
158.400,-29.637,0.316,0.683,92.229
158.420,-27.551,0.353,0.683,92.187
158.440,-25.055,0.381,0.683,92.203
158.460,-22.207,0.409,0.683,92.275
158.480,-18.996,0.435,0.683,92.405
158.500,-15.510,0.454,0.683,92.582
158.520,-11.824,0.468,0.683,92.800
158.540,-7.928,0.477,0.683,93.043
158.560,-3.926,0.482,0.683,93.303
158.580,0.129,0.482,0.683,93.561
158.600,4.189,0.480,0.683,93.807
158.620,8.186,0.468,0.683,94.028
158.640,12.064,0.456,0.683,94.208
158.660,15.768,0.434,0.683,94.342
158.680,19.242,0.414,0.683,94.419
158.700,22.453,0.387,0.683,94.439
158.720,25.342,0.356,0.683,94.399
158.740,27.826,0.323,0.683,94.305
158.760,29.930,0.286,0.683,94.161
158.780,31.582,0.250,0.683,93.978
158.800,32.807,0.211,0.683,93.765
158.820,33.545,0.168,0.683,93.537
158.840,33.803,0.124,0.683,93.306
158.860,33.557,0.089,0.683,93.087
158.880,32.824,0.049,0.683,92.892
158.900,31.664,0.009,0.683,92.734
158.920,30.000,-0.025,0.683,92.621
158.940,27.955,-0.062,0.683,92.563
158.960,25.459,-0.085,0.683,92.560
158.980,22.600,-0.116,0.683,92.612
159.000,19.430,-0.138,0.683,92.717
159.020,15.955,-0.158,0.683,92.871
159.040,12.258,-0.168,0.683,93.063
159.060,8.396,-0.180,0.683,93.280
159.080,4.418,-0.184,0.683,93.510
159.100,0.381,-0.187,0.683,93.741
159.120,-3.680,-0.179,0.683,93.955
159.140,-7.676,-0.172,0.683,94.143
159.160,-11.555,-0.154,0.683,94.294
159.180,-15.264,-0.137,0.683,94.396
159.200,-18.756,-0.116,0.683,94.444
159.220,-21.996,-0.087,0.683,94.435
159.240,-24.867,-0.060,0.683,94.368
159.260,-27.387,-0.021,0.683,94.246
159.280,-29.502,0.011,0.683,94.076
159.300,-31.219,0.045,0.683,93.867
159.320,-32.437,0.083,0.683,93.630
159.340,-33.146,0.123,0.683,93.377
159.360,-33.428,0.167,0.683,93.122
159.380,-33.223,0.207,0.683,92.880
159.400,-32.572,0.247,0.681,92.663
159.420,-31.400,0.285,0.681,92.483
159.440,-29.742,0.318,0.681,92.350
159.460,-27.662,0.356,0.681,92.270
159.480,-25.184,0.377,0.681,92.248
159.500,-22.342,0.417,0.681,92.281
159.520,-19.148,0.431,0.681,92.374
159.540,-15.691,0.458,0.681,92.512
159.560,-11.977,0.464,0.681,92.693
159.580,-8.109,0.483,0.681,92.899
159.600,-4.107,0.484,0.681,93.125
159.620,-0.059,0.489,0.682,93.352
159.640,4.008,0.477,0.682,93.572
159.660,7.986,0.477,0.682,93.764
159.680,11.877,0.452,0.682,93.922
159.700,15.604,0.445,0.682,94.032
159.720,19.090,0.412,0.682,94.092
159.740,22.289,0.394,0.682,94.095
159.760,25.207,0.358,0.682,94.043
159.780,27.709,0.327,0.682,93.937
159.800,29.836,0.288,0.682,93.784
159.820,31.512,0.253,0.682,93.592
159.840,32.748,0.210,0.682,93.373
159.860,33.521,0.174,0.682,93.140
159.880,33.797,0.130,0.682,92.906
159.900,33.586,0.091,0.682,92.684
159.920,32.889,0.052,0.682,92.489
159.940,31.729,0.016,0.682,92.332
159.960,30.117,-0.021,0.682,92.222
159.980,28.072,-0.060,0.682,92.167
160.000,25.600,-0.082,0.682,92.170
160.020,22.764,-0.116,0.682,92.231
160.040,19.588,-0.137,0.682,92.349
160.060,16.148,-0.160,0.682,92.518
160.080,12.445,-0.174,0.682,92.727
160.100,8.619,-0.178,0.682,92.965
160.120,4.641,-0.194,0.683,93.215
160.140,0.604,-0.183,0.683,93.474
160.160,-3.457,-0.188,0.683,93.715
160.180,-7.453,-0.172,0.683,93.935
160.200,-11.367,-0.170,0.683,94.115
160.220,-15.064,-0.141,0.683,94.252
160.240,-18.568,-0.125,0.683,94.332
160.260,-21.803,-0.096,0.683,94.358
160.280,-24.709,-0.064,0.683,94.325
160.300,-27.264,-0.035,0.683,94.236
160.320,-29.391,0.007,0.683,94.100
160.340,-31.119,0.033,0.683,93.921
160.360,-32.361,0.083,0.683,93.716
160.380,-33.135,0.111,0.683,93.493
160.400,-33.398,0.161,0.683,93.267
160.420,-33.240,0.192,0.683,93.053
160.440,-32.596,0.239,0.683,92.862
160.460,-31.430,0.273,0.683,92.707
160.480,-29.818,0.313,0.683,92.597
160.500,-27.756,0.345,0.683,92.540
160.520,-25.295,0.373,0.683,92.538
160.540,-22.459,0.411,0.683,92.591
160.560,-19.271,0.425,0.683,92.703
160.580,-15.844,0.456,0.683,92.856
160.600,-12.164,0.461,0.683,93.054
160.620,-8.285,0.481,0.683,93.273
160.640,-4.289,0.479,0.683,93.513
160.660,-0.223,0.485,0.683,93.748
160.680,3.803,0.474,0.683,93.974
160.700,7.805,0.475,0.683,94.170
160.720,11.695,0.445,0.683,94.332
160.740,15.445,0.443,0.683,94.441
160.760,18.932,0.405,0.683,94.501
160.780,22.148,0.392,0.683,94.499
160.800,25.078,0.348,0.683,94.441
160.820,27.604,0.331,0.683,94.325
160.840,29.748,0.281,0.683,94.163
160.860,31.447,0.257,0.683,93.957
160.880,32.713,0.206,0.683,93.723
160.900,33.480,0.176,0.683,93.471
160.920,33.779,0.124,0.683,93.216
160.940,33.615,0.093,0.683,92.972
160.960,32.936,0.046,0.683,92.751
160.980,31.799,0.014,0.683,92.566
161.000,30.187,-0.025,0.683,92.427
161.020,28.184,-0.059,0.683,92.340
161.040,25.711,-0.085,0.683,92.310
161.060,22.887,-0.118,0.683,92.337
161.080,19.740,-0.137,0.683,92.420
161.100,16.324,-0.159,0.683,92.551
161.120,12.645,-0.178,0.683,92.722
161.140,8.789,-0.179,0.683,92.924
161.160,4.828,-0.193,0.683,93.138
161.180,0.791,-0.181,0.683,93.360
161.200,-3.252,-0.188,0.683,93.564
161.220,-7.271,-0.170,0.683,93.751
161.240,-11.191,-0.164,0.683,93.896
161.260,-14.900,-0.145,0.683,94.001
161.280,-18.410,-0.123,0.683,94.053
161.300,-21.656,-0.096,0.683,94.050
161.320,-24.592,-0.061,0.683,93.990
161.340,-27.141,-0.034,0.683,93.875
161.360,-29.297,0.004,0.683,93.714
161.380,-31.049,0.037,0.683,93.513
161.400,-32.303,0.079,0.683,93.284
161.420,-33.123,0.114,0.683,93.039
161.440,-33.410,0.159,0.683,92.793
161.460,-33.264,0.196,0.683,92.559
161.480,-32.654,0.239,0.683,92.350
161.500,-31.512,0.274,0.683,92.178
161.520,-29.900,0.318,0.683,92.053
161.540,-27.855,0.348,0.683,91.982
161.560,-25.436,0.381,0.683,91.969
161.580,-22.605,0.410,0.683,92.016
161.600,-19.441,0.428,0.683,92.121
161.620,-16.031,0.458,0.683,92.272
161.640,-12.363,0.464,0.683,92.470
161.660,-8.484,0.481,0.683,92.694
161.680,-4.488,0.485,0.683,92.940
161.700,-0.428,0.487,0.683,93.187
161.720,3.615,0.482,0.683,93.427
161.740,7.623,0.474,0.683,93.641
161.760,11.508,0.460,0.683,93.822
161.780,15.246,0.443,0.683,93.958
161.800,18.768,0.414,0.683,94.041
161.820,22.002,0.397,0.683,94.067
161.840,24.943,0.358,0.683,94.037
161.860,27.480,0.332,0.683,93.951
161.880,29.648,0.291,0.683,93.819
161.900,31.383,0.260,0.683,93.645
161.920,32.666,0.219,0.683,93.443
161.940,33.469,0.174,0.683,93.223
161.960,33.779,0.140,0.683,93.000
161.980,33.633,0.094,0.683,92.788
162.000,32.965,0.059,0.683,92.599
162.020,31.852,0.014,0.683,92.446
162.040,30.264,-0.015,0.683,92.340
162.060,28.277,-0.056,0.683,92.283
162.080,25.840,-0.074,0.683,92.288
162.100,23.027,-0.118,0.683,92.343
162.120,19.898,-0.129,0.683,92.462
162.140,16.488,-0.160,0.683,92.621
162.160,12.814,-0.162,0.683,92.828
162.180,8.988,-0.181,0.683,93.056
162.200,5.016,-0.179,0.683,93.306
162.220,0.984,-0.189,0.683,93.551
162.240,-3.064,-0.179,0.683,93.792
162.260,-7.078,-0.175,0.683,94.000
162.280,-10.998,-0.162,0.683,94.179
162.300,-14.719,-0.143,0.683,94.306
162.320,-18.246,-0.120,0.683,94.382
162.340,-21.516,-0.096,0.683,94.398
162.360,-24.445,-0.061,0.683,94.357
162.380,-27.012,-0.033,0.683,94.257
162.400,-29.215,-0.001,0.683,94.109
162.420,-30.973,0.041,0.683,93.919
162.440,-32.244,0.072,0.683,93.697
162.460,-33.064,0.118,0.683,93.459
162.480,-33.387,0.149,0.683,93.215
162.500,-33.275,0.202,0.683,92.980
162.520,-32.660,0.228,0.683,92.768
162.540,-31.541,0.278,0.683,92.589
162.560,-29.982,0.306,0.683,92.457
162.580,-27.949,0.351,0.683,92.372
162.600,-25.541,0.365,0.683,92.349
162.620,-22.752,0.410,0.683,92.375
162.640,-19.600,0.421,0.683,92.464
162.660,-16.166,0.454,0.683,92.595
162.680,-12.516,0.453,0.683,92.769
162.700,-8.648,0.481,0.683,92.969
162.720,-4.670,0.473,0.683,93.188
162.740,-0.615,0.485,0.683,93.409
162.760,3.434,0.472,0.683,93.621
162.780,7.441,0.475,0.683,93.809
162.800,11.338,0.449,0.683,93.962
162.820,15.088,0.441,0.683,94.067
162.840,18.609,0.409,0.683,94.122
162.860,21.861,0.397,0.683,94.117
162.880,24.832,0.352,0.683,94.060
162.900,27.381,0.333,0.683,93.942
162.920,29.543,0.286,0.683,93.781
162.940,31.307,0.258,0.683,93.575
162.960,32.602,0.209,0.683,93.341
162.980,33.434,0.178,0.683,93.090
163.000,33.773,0.132,0.683,92.834
163.020,33.650,0.095,0.683,92.589
163.040,33.023,0.049,0.683,92.368
163.060,31.922,0.018,0.683,92.183
163.080,30.363,-0.025,0.683,92.042
163.100,28.383,-0.055,0.683,91.956
163.120,25.969,-0.087,0.683,91.929
163.140,23.180,-0.115,0.683,91.958
163.160,20.057,-0.133,0.683,92.047
163.180,16.664,-0.159,0.683,92.182
163.200,13.014,-0.171,0.683,92.365
163.220,9.187,-0.184,0.683,92.576
163.240,5.209,-0.185,0.683,92.808
163.260,1.184,-0.191,0.683,93.041
163.280,-2.865,-0.187,0.683,93.272
163.300,-6.873,-0.176,0.683,93.474
163.320,-10.781,-0.168,0.683,93.648
163.340,-14.543,-0.145,0.683,93.773
163.360,-18.076,-0.129,0.683,93.852
163.380,-21.363,-0.103,0.683,93.871
163.400,-24.293,-0.072,0.683,93.840
163.420,-26.895,-0.041,0.683,93.749
163.440,-29.109,-0.005,0.683,93.614
163.460,-30.891,0.032,0.683,93.435
163.480,-32.203,0.072,0.683,93.229
163.500,-33.047,0.109,0.683,93.004
163.520,-33.357,0.152,0.683,92.776
163.540,-33.299,0.193,0.683,92.559
163.560,-32.701,0.237,0.683,92.366
163.580,-31.641,0.267,0.683,92.209
163.600,-30.059,0.310,0.683,92.096
163.620,-28.061,0.340,0.683,92.037
163.640,-25.670,0.377,0.683,92.036
163.660,-22.881,0.398,0.683,92.095
163.680,-19.764,0.429,0.683,92.207
163.700,-16.348,0.447,0.683,92.375
163.720,-12.697,0.463,0.683,92.579
163.740,-8.859,0.476,0.683,93.071
163.760,-4.863,0.483,0.683,93.071
163.780,-0.820,0.482,0.683,93.333
163.800,3.234,0.487,0.683,93.580
163.820,7.260,0.467,0.683,93.811
163.840,11.150,0.464,0.683,94.000
163.860,14.906,0.432,0.683,94.148
163.880,18.445,0.423,0.683,94.238
163.900,21.709,0.389,0.683,94.273
163.920,24.691,0.366,0.683,94.249
163.940,27.270,0.323,0.683,94.169
163.960,29.467,0.298,0.683,94.038
163.980,31.236,0.250,0.683,93.866
164.000,32.561,0.220,0.683,93.661
164.020,33.398,0.177,0.683,93.437
164.040,33.773,0.135,0.683,93.208
164.060,33.662,0.103,0.683,92.988
164.080,33.070,0.051,0.683,92.788
164.100,31.992,0.031,0.683,92.625
164.120,30.451,-0.034,0.683,92.501
164.140,28.477,-0.033,0.683,92.436
164.160,26.098,-0.098,0.683,92.417
164.180,23.314,-0.084,0.683,92.465
164.200,20.209,-0.155,0.683,92.554
164.220,16.822,-0.129,0.683,92.708
164.240,13.154,-0.193,0.683,92.885
164.260,9.363,-0.156,0.683,93.112
164.280,5.402,-0.199,0.689,93.335
164.300,1.371,-0.168,0.689,93.578
164.320,-2.689,-0.195,0.689,93.795
164.340,-6.703,-0.163,0.689,94.001
164.360,-10.623,-0.162,0.689,94.162
164.380,-14.367,-0.145,0.689,94.279
164.400,-17.906,-0.122,0.689,94.347
164.420,-21.217,-0.103,0.689,94.355
164.440,-24.182,-0.062,0.689,94.308
164.460,-26.771,-0.045,0.689,94.200
164.480,-29.010,0.004,0.689,94.047
164.500,-30.809,0.029,0.689,93.849
164.520,-32.156,0.075,0.689,93.620
164.540,-33.023,0.112,0.689,93.372
164.560,-33.357,0.153,0.689,93.119
164.580,-33.299,0.195,0.689,92.875
164.600,-32.725,0.228,0.689,92.653
164.620,-31.693,0.273,0.686,92.464
164.640,-30.158,0.305,0.686,92.321
164.660,-28.154,0.348,0.686,92.226
164.680,-25.787,0.367,0.686,92.195
164.700,-23.016,0.407,0.686,92.213
164.720,-19.910,0.422,0.686,92.296
164.740,-16.512,0.457,0.686,92.419
164.760,-12.885,0.452,0.686,92.595
164.780,-9.018,0.486,0.686,92.789
164.800,-5.051,0.476,0.686,93.018
164.820,-1.008,0.494,0.694,93.240
164.840,3.035,0.471,0.694,93.465
164.860,7.055,0.482,0.694,93.659
164.880,10.957,0.452,0.694,93.827
164.900,14.754,0.452,0.694,93.944
164.920,18.293,0.414,0.694,94.028
164.940,21.562,0.402,0.694,94.028
164.960,24.562,0.356,0.694,93.889
164.980,27.146,0.340,0.694,93.889
165.000,29.379,0.286,0.694,93.744
165.020,31.154,0.269,0.694,93.556
165.040,32.508,0.212,0.694,93.339
165.060,33.381,0.187,0.694,93.103
165.080,33.773,0.132,0.694,92.863
165.100,33.674,0.103,0.694,92.632
165.120,33.094,0.052,0.694,92.424
165.140,32.045,0.025,0.694,92.252
165.160,30.521,-0.018,0.694,92.125
165.180,28.588,-0.050,0.694,92.049
165.200,26.227,-0.083,0.694,92.034
165.220,23.449,-0.112,0.694,92.073
165.240,20.367,-0.132,0.694,92.175
165.260,16.992,-0.163,0.694,92.320
165.280,13.359,-0.160,0.694,92.521
165.300,9.545,-0.195,0.694,92.738
165.320,5.596,-0.173,0.694,92.992
165.340,1.582,-0.205,0.699,93.233
165.360,-2.484,-0.170,0.699,93.486
165.380,-6.480,-0.195,0.699,93.697
165.400,-10.430,-0.157,0.699,93.893
165.420,-14.180,-0.159,0.699,94.030
165.440,-17.736,-0.123,0.699,94.128
165.460,-21.053,-0.108,0.699,94.159
165.480,-24.018,-0.071,0.699,94.141
165.500,-26.666,-0.049,0.699,94.061
165.520,-28.916,-0.009,0.699,93.936
165.540,-30.721,0.024,0.699,93.765
165.560,-32.086,0.070,0.699,93.564
165.580,-32.965,0.102,0.699,93.342
165.600,-33.369,0.149,0.699,93.115
165.620,-33.316,0.185,0.699,92.897
165.640,-32.760,0.227,0.699,92.699
165.660,-31.711,0.263,0.699,92.535
165.680,-30.217,0.304,0.699,92.414
165.700,-28.260,0.337,0.699,92.346
165.720,-25.898,0.370,0.699,92.333
165.740,-23.145,0.398,0.699,92.376
165.760,-20.039,0.426,0.699,92.476
165.780,-16.658,0.445,0.699,92.626
165.800,-13.055,0.461,0.699,92.818
165.820,-9.217,0.474,0.699,93.037
165.840,-5.244,0.479,0.699,93.278
165.860,-1.201,0.483,0.699,93.522
165.880,2.859,0.476,0.699,93.757
165.900,6.879,0.475,0.699,93.969
165.920,10.787,0.456,0.699,94.146
165.940,14.578,0.442,0.699,94.278
165.960,18.117,0.413,0.699,94.358
165.980,21.416,0.396,0.699,94.377
166.000,24.428,0.360,0.699,94.341
166.020,27.035,0.335,0.699,94.247
166.040,29.273,0.293,0.699,94.102
166.060,31.078,0.260,0.699,93.912
166.080,32.461,0.223,0.699,93.691
166.100,33.334,0.182,0.699,93.450
166.120,33.756,0.142,0.699,93.201
166.140,33.697,0.095,0.699,92.960
166.160,33.152,0.063,0.699,92.740
166.180,32.104,0.017,0.699,92.552
166.200,30.604,-0.012,0.699,92.407
166.220,28.693,-0.055,0.699,92.314
166.240,26.338,-0.079,0.699,92.277
166.260,23.590,-0.108,0.699,92.296
166.280,20.508,-0.131,0.699,92.371
166.300,17.168,-0.154,0.699,92.495
166.320,13.529,-0.169,0.699,92.662
166.340,9.727,-0.179,0.699,92.861
166.360,5.795,-0.187,0.699,93.078
166.380,1.764,-0.186,0.699,93.304
166.400,-2.291,-0.187,0.699,93.712
166.420,-6.305,-0.175,0.699,93.712
166.440,-10.254,-0.170,0.699,93.868
166.460,-14.033,-0.143,0.699,93.988
166.480,-17.584,-0.134,0.699,94.050
166.500,-20.900,-0.095,0.699,94.064
166.520,-23.895,-0.082,0.699,94.012
166.540,-26.561,-0.038,0.699,93.913
166.560,-28.822,-0.013,0.699,93.758
166.580,-30.656,0.033,0.699,93.565
166.600,-32.051,0.064,0.699,93.339
166.620,-32.953,0.105,0.699,93.094
166.640,-33.369,0.148,0.699,92.844
166.660,-33.334,0.189,0.699,92.602
166.680,-32.818,0.230,0.699,92.380
166.700,-31.811,0.269,0.699,92.197
166.720,-30.299,0.308,0.699,92.051
166.740,-28.389,0.342,0.699,91.967
166.760,-26.039,0.373,0.699,91.962
166.780,-23.320,0.397,0.699,91.962
166.800,-20.232,0.427,0.699,92.180
166.820,-16.834,0.447,0.699,92.180
166.840,-13.236,0.466,0.699,92.350
166.860,-9.387,0.472,0.699,92.570
166.880,-5.443,0.489,0.699,92.794
166.900,-1.406,0.484,0.699,93.044
166.920,2.660,0.485,0.699,93.273
166.940,6.680,0.473,0.699,93.489
166.960,10.600,0.466,0.699,93.672
166.980,14.396,0.445,0.699,93.813
167.000,17.971,0.426,0.699,93.905
167.020,21.264,0.397,0.699,93.938
167.040,24.293,0.371,0.699,93.918
167.060,26.930,0.336,0.699,93.840
167.080,29.180,0.304,0.699,93.714
167.100,31.014,0.261,0.699,93.544
167.120,32.408,0.225,0.699,93.342
167.140,33.311,0.183,0.699,93.121
167.160,33.750,0.144,0.699,92.894
167.180,33.703,0.103,0.699,92.674
167.200,33.182,0.065,0.699,92.476
167.220,32.174,0.024,0.699,92.310
167.240,30.703,-0.011,0.699,92.191
167.260,28.793,-0.046,0.699,92.119
167.280,26.484,-0.075,0.699,92.108
167.300,23.742,-0.101,0.699,92.151
167.320,20.678,-0.134,0.699,92.254
167.340,17.338,-0.147,0.699,92.403
167.360,13.723,-0.170,0.699,92.602
167.380,9.920,-0.172,0.699,92.828
167.400,5.971,-0.188,0.699,93.078
167.420,1.951,-0.182,0.699,93.328
167.440,-2.104,-0.185,0.699,93.576
167.460,-6.111,-0.174,0.699,93.796
167.480,-10.066,-0.169,0.699,93.989
167.500,-13.840,-0.148,0.699,94.134
167.520,-17.420,-0.129,0.699,94.231
167.540,-20.754,-0.102,0.699,94.265
167.560,-23.760,-0.078,0.699,94.246
167.580,-26.432,-0.042,0.699,94.165
167.600,-28.717,-0.009,0.699,94.037
167.620,-30.586,0.029,0.699,93.862
167.640,-31.986,0.062,0.699,93.655
167.660,-32.918,0.102,0.699,93.426
167.680,-33.322,0.145,0.699,93.189
167.700,-33.305,0.182,0.699,92.960
167.720,-32.842,0.226,0.699,92.748
167.740,-31.869,0.261,0.699,92.569
167.760,-30.387,0.298,0.699,92.431
167.780,-28.453,0.334,0.699,92.343
167.800,-26.145,0.362,0.699,92.312
167.820,-23.443,0.398,0.699,92.334
167.840,-20.355,0.420,0.699,92.417
167.860,-17.010,0.443,0.699,92.542
167.880,-13.406,0.458,0.699,92.916
167.900,-9.574,0.472,0.699,92.916
167.920,-5.643,0.479,0.699,93.146
167.940,-1.588,0.481,0.699,93.368
167.960,2.467,0.476,0.699,93.596
167.980,6.486,0.472,0.699,93.790
168.000,10.418,0.456,0.699,93.961
168.020,14.215,0.442,0.699,94.081
168.040,17.795,0.419,0.699,94.154
168.060,21.105,0.396,0.699,94.168
168.080,24.152,0.367,0.699,94.127
168.100,26.812,0.331,0.699,94.028
168.120,29.086,0.300,0.699,93.878
168.140,30.926,0.262,0.699,93.685
168.160,32.344,0.226,0.699,93.458
168.180,33.281,0.185,0.699,93.211
168.200,33.744,0.145,0.699,92.956
168.220,33.721,0.102,0.699,92.708
168.240,33.217,0.065,0.699,92.480
168.260,32.232,0.022,0.699,92.284
168.280,30.779,-0.012,0.699,92.132
168.300,28.881,-0.050,0.699,92.031
168.320,26.596,-0.076,0.699,91.987
168.340,23.877,-0.111,0.699,92.001
168.360,20.818,-0.129,0.699,92.073
168.380,17.490,-0.155,0.699,92.195
168.400,13.869,-0.169,0.699,92.564
168.420,10.096,-0.183,0.699,92.564
168.440,6.176,-0.187,0.699,92.788
168.460,2.127,-0.189,0.699,93.017
168.480,-1.934,-0.183,0.699,93.446
168.500,-5.941,-0.183,0.699,93.446
168.520,-9.908,-0.166,0.699,93.622
168.540,-13.699,-0.155,0.699,93.751
168.560,-17.291,-0.130,0.699,93.837
168.580,-20.643,-0.106,0.699,93.863
168.600,-23.672,-0.083,0.699,93.836
168.620,-26.361,-0.044,0.699,93.753
168.640,-28.658,-0.014,0.699,93.619
168.660,-30.557,0.026,0.699,93.443
168.680,-31.986,0.060,0.699,93.234
168.700,-32.959,0.106,0.699,93.006
168.720,-33.398,0.138,0.699,92.770
168.740,-33.393,0.188,0.699,92.541
168.760,-32.959,0.224,0.699,92.334
168.780,-31.969,0.269,0.699,92.159
168.800,-30.533,0.297,0.699,92.030
168.820,-28.635,0.338,0.699,91.949
168.840,-26.309,0.361,0.699,91.928
168.860,-23.643,0.401,0.699,91.962
168.880,-20.561,0.418,0.699,92.057
168.900,-17.227,0.451,0.699,92.202
168.920,-13.635,0.458,0.699,92.395
168.940,-9.814,0.477,0.699,92.619
168.960,-5.854,0.481,0.699,92.866
168.980,-1.805,0.486,0.699,93.122
169.000,2.244,0.482,0.699,93.371
169.020,6.293,0.479,0.699,93.603
169.040,10.213,0.459,0.699,93.800
169.060,14.021,0.447,0.699,93.957
169.080,17.619,0.423,0.699,94.058
169.100,20.941,0.402,0.699,94.109
169.120,24.018,0.369,0.699,94.033
169.140,26.684,0.340,0.699,94.033
169.160,28.969,0.306,0.699,93.914
169.180,30.855,0.266,0.699,93.753
169.200,32.285,0.231,0.699,93.557
169.220,33.252,0.190,0.699,93.339
169.240,33.732,0.148,0.699,93.113
169.260,33.738,0.110,0.699,92.892
169.280,33.264,0.069,0.699,92.690
169.300,32.279,0.030,0.699,92.521
169.320,30.850,-0.007,0.699,92.393
169.340,28.980,-0.042,0.699,92.316
169.360,26.707,-0.071,0.699,92.293
169.380,24.006,-0.104,0.699,92.328
169.400,20.965,-0.118,0.699,92.420
169.420,17.654,-0.149,0.699,92.559
169.440,14.051,-0.162,0.699,92.743
169.460,10.271,-0.175,0.699,92.962
169.480,6.363,-0.183,0.699,93.198
169.500,2.332,-0.184,0.699,93.443
169.520,-1.723,-0.183,0.699,93.678
169.540,-5.766,-0.175,0.699,93.895
169.560,-9.721,-0.165,0.699,94.076
169.580,-13.512,-0.145,0.699,94.215
169.600,-17.092,-0.127,0.699,94.300
169.620,-20.461,-0.104,0.699,94.330
169.640,-23.531,-0.076,0.699,94.301
169.660,-26.232,-0.042,0.699,94.216
169.680,-28.547,-0.013,0.699,94.077
169.700,-30.457,0.033,0.699,93.894
169.720,-31.887,0.060,0.699,93.676
169.740,-32.889,0.104,0.699,93.437
169.760,-33.357,0.142,0.699,93.189
169.780,-33.375,0.186,0.699,92.945
169.800,-32.924,0.221,0.699,92.721
169.820,-31.986,0.261,0.694,92.527
169.840,-30.574,0.303,0.694,92.375
169.860,-28.699,0.333,0.694,92.273
169.880,-26.402,0.363,0.694,92.224
169.900,-23.748,0.400,0.694,92.235
169.920,-20.672,0.416,0.694,92.301
169.940,-17.367,0.447,0.694,92.418
169.960,-13.793,0.460,0.694,92.578
169.980,-9.973,0.478,0.694,92.774
170.000,-6.023,0.483,0.694,92.991
170.020,-1.969,0.485,0.694,93.217
170.040,2.080,0.481,0.694,93.436
170.060,6.111,0.477,0.694,93.638
170.080,10.037,0.460,0.694,93.809
170.100,13.857,0.444,0.694,93.937
170.120,17.455,0.425,0.694,94.014
170.140,20.812,0.399,0.694,94.039
170.160,23.871,0.369,0.694,94.004
170.180,26.572,0.340,0.694,93.915
170.200,28.869,0.308,0.694,93.775
170.220,30.773,0.265,0.694,93.593
170.240,32.232,0.229,0.694,93.377
170.260,33.211,0.189,0.694,93.140
170.280,33.727,0.146,0.694,92.895
170.300,33.732,0.107,0.694,92.656
170.320,33.275,0.068,0.694,92.437
170.340,32.332,0.029,0.684,92.249
170.360,30.932,-0.009,0.684,92.105
170.380,29.086,-0.046,0.678,92.012
170.400,26.836,-0.076,0.678,91.977
170.420,24.164,-0.107,0.678,92.001
170.440,21.123,-0.129,0.678,92.083
170.460,17.830,-0.153,0.678,92.217
170.480,14.227,-0.166,0.678,92.399
170.500,10.465,-0.178,0.678,92.614
170.520,6.551,-0.187,0.678,92.853
170.540,2.525,-0.188,0.678,93.100
170.560,-1.512,-0.189,0.678,93.344
170.580,-5.561,-0.180,0.678,93.570
170.600,-9.510,-0.172,0.678,93.765
170.620,-13.324,-0.153,0.678,93.920
170.640,-16.928,-0.133,0.678,94.025
170.660,-20.285,-0.111,0.678,94.075
170.680,-23.355,-0.084,0.678,94.067
170.700,-26.086,-0.048,0.678,94.005
170.720,-28.418,-0.017,0.678,93.890
170.740,-30.352,0.021,0.678,93.732
170.760,-31.828,0.056,0.678,93.540
170.780,-32.836,0.099,0.678,93.325
170.800,-33.305,0.136,0.678,93.102
170.820,-33.369,0.180,0.678,92.884
170.840,-32.941,0.219,0.678,92.684
170.860,-32.033,0.258,0.678,92.516
170.880,-30.633,0.294,0.678,92.390
170.900,-28.770,0.334,0.678,92.313
170.920,-26.514,0.360,0.678,92.295
170.940,-23.871,0.396,0.678,92.330
170.960,-20.836,0.417,0.678,92.426
170.980,-17.514,0.446,0.678,92.571
171.000,-13.945,0.454,0.678,92.763
171.020,-10.148,0.476,0.678,92.985
171.040,-6.229,0.475,0.678,93.231
171.060,-2.174,0.485,0.678,93.480
171.080,1.887,0.477,0.678,93.730
171.100,5.924,0.477,0.678,93.954
171.120,9.855,0.460,0.678,94.152
171.140,13.682,0.449,0.678,94.302
171.160,17.291,0.422,0.678,94.404
171.180,20.648,0.404,0.678,94.449
171.200,23.736,0.368,0.678,94.435
171.220,26.449,0.344,0.678,94.362
171.240,28.775,0.306,0.678,94.236
171.260,30.691,0.271,0.678,94.066
171.280,32.180,0.232,0.678,93.859
171.300,33.170,0.193,0.678,93.630
171.320,33.709,0.151,0.678,93.389
171.340,33.750,0.110,0.678,93.153
171.360,33.322,0.074,0.678,92.934
171.380,32.391,0.029,0.678,92.744
171.400,31.014,-0.004,0.678,92.597
171.420,29.174,-0.043,0.678,92.496
171.440,26.947,-0.068,0.678,92.454
171.460,24.287,-0.100,0.678,92.464
171.480,21.275,-0.120,0.678,92.534
171.500,17.982,-0.145,0.678,92.649
171.520,14.408,-0.166,0.678,92.813
171.540,10.641,-0.174,0.678,93.010
171.560,6.715,-0.183,0.678,93.228
171.580,2.689,-0.184,0.678,93.454
171.600,-1.336,-0.185,0.678,93.676
171.620,-5.373,-0.177,0.678,93.875
171.640,-9.346,-0.167,0.678,94.046
171.660,-13.166,-0.152,0.678,94.173
171.680,-16.770,-0.129,0.678,94.252
171.700,-20.168,-0.108,0.678,94.272
171.720,-23.268,-0.071,0.678,94.238
171.740,-25.980,-0.056,0.678,94.145
171.760,-28.359,-0.003,0.678,94.003
171.780,-30.322,0.010,0.678,93.813
171.800,-31.811,0.071,0.678,93.591
171.820,-32.836,0.092,0.678,93.345
171.840,-33.322,0.149,0.678,93.090
171.860,-33.434,0.176,0.678,92.840
171.880,-33.018,0.227,0.675,92.608
171.900,-32.139,0.253,0.675,92.407
171.920,-30.773,0.304,0.675,92.246
171.940,-28.904,0.331,0.675,92.138
171.960,-26.678,0.366,0.675,92.085
171.980,-24.023,0.395,0.675,92.087
172.000,-21.023,0.419,0.675,92.150
172.020,-17.707,0.447,0.675,92.264
172.040,-14.139,0.457,0.675,92.427
172.060,-10.354,0.476,0.675,92.623
172.080,-6.404,0.477,0.675,92.844
172.100,-2.396,0.495,0.684,93.073
172.120,1.676,0.481,0.684,93.306
172.140,5.719,0.483,0.684,93.516
172.160,9.668,0.462,0.684,93.700
172.180,13.512,0.455,0.684,93.840
172.200,17.127,0.424,0.684,93.936
172.220,20.496,0.410,0.684,93.974
172.240,23.596,0.372,0.684,93.958
172.260,26.326,0.352,0.684,93.885
172.280,28.670,0.307,0.684,93.762
172.300,30.615,0.278,0.684,93.594
172.320,32.104,0.233,0.684,93.393
172.340,33.135,0.198,0.684,93.168
172.360,33.691,0.152,0.684,92.935
172.380,33.762,0.112,0.684,92.707
172.400,33.357,0.073,0.684,92.497
172.420,32.437,0.035,0.684,92.319
172.440,31.090,-0.004,0.684,92.182
172.460,29.268,-0.039,0.684,92.095
172.480,27.059,-0.072,0.684,92.067
172.500,24.404,-0.098,0.684,92.094
172.520,21.428,-0.125,0.684,92.182
172.540,18.146,-0.146,0.684,92.321
172.560,14.578,-0.163,0.684,92.509
172.580,10.828,-0.174,0.684,92.731
172.600,6.937,-0.181,0.684,92.976
172.620,2.912,-0.188,0.684,93.229
172.640,-1.137,-0.187,0.684,93.482
172.660,-5.174,-0.178,0.684,93.714
172.680,-9.141,-0.174,0.684,93.915
172.700,-12.961,-0.152,0.684,94.078
172.720,-16.582,-0.135,0.684,94.189
172.740,-19.998,-0.108,0.684,94.244
172.760,-23.098,-0.081,0.684,94.242
172.780,-25.816,-0.050,0.684,94.183
172.800,-28.213,-0.021,0.684,94.070
172.820,-30.170,0.020,0.684,93.913
172.840,-31.711,0.054,0.684,93.719
172.860,-32.766,0.096,0.684,93.501
172.880,-33.287,0.133,0.684,93.272
172.900,-33.398,0.174,0.684,93.047
172.920,-33.006,0.212,0.684,92.838
172.940,-32.156,0.253,0.684,92.658
172.960,-30.797,0.289,0.684,92.518
172.980,-28.969,0.328,0.684,92.426
173.000,-26.742,0.358,0.684,92.391
173.020,-24.105,0.390,0.684,92.410
173.040,-21.146,0.414,0.684,92.487
173.060,-17.830,0.439,0.684,92.614
173.080,-14.309,0.454,0.684,92.785
173.100,-10.523,0.467,0.684,92.991
173.120,-6.580,0.479,0.684,93.217
173.140,-2.566,0.484,0.684,93.455
173.160,1.500,0.481,0.684,93.688
173.180,5.537,0.473,0.684,93.902
173.200,9.480,0.464,0.684,94.084
173.220,13.324,0.444,0.684,94.225
173.240,16.969,0.428,0.684,94.314
173.260,20.350,0.403,0.684,94.350
173.280,23.437,0.375,0.684,94.325
173.300,26.215,0.343,0.684,94.244
173.320,28.559,0.309,0.684,94.109
173.340,30.527,0.273,0.684,93.928
173.360,32.051,0.232,0.684,93.711
173.380,33.100,0.195,0.684,93.470
173.400,33.680,0.154,0.684,93.218
173.420,33.773,0.110,0.684,92.968
173.440,33.387,0.074,0.684,92.735
173.460,32.502,0.033,0.684,92.531
173.480,31.166,0.000,0.684,92.369
173.500,29.373,-0.039,0.684,92.253
173.520,27.176,-0.072,0.684,92.195
173.540,24.545,-0.100,0.684,92.193
173.560,21.586,-0.128,0.684,92.250
173.580,18.316,-0.145,0.684,92.358
173.600,14.766,-0.165,0.684,92.513
173.620,11.010,-0.177,0.684,92.701
173.640,7.113,-0.185,0.684,92.916
173.660,3.117,-0.190,0.685,93.138
173.680,-0.949,-0.187,0.685,93.362
173.700,-4.986,-0.179,0.685,93.566
173.720,-8.965,-0.174,0.685,93.743
173.740,-12.809,-0.155,0.685,93.879
173.760,-16.424,-0.138,0.685,93.969
173.780,-19.869,-0.112,0.685,94.002
173.800,-22.969,-0.083,0.685,93.981
173.820,-25.746,-0.055,0.685,93.902
173.840,-28.143,-0.017,0.685,93.773
173.860,-30.129,0.015,0.685,93.598
173.880,-31.670,0.058,0.685,93.389
173.900,-32.760,0.091,0.685,93.156
173.920,-33.311,0.135,0.685,92.914
173.940,-33.428,0.174,0.685,92.675
173.960,-33.059,0.215,0.685,92.454
173.980,-32.227,0.256,0.685,92.263
174.000,-30.902,0.286,0.685,92.115
174.020,-29.115,0.331,0.685,92.013
174.040,-26.912,0.359,0.685,91.970
174.060,-24.287,0.393,0.685,91.983
174.080,-21.316,0.417,0.685,92.057
174.100,-18.023,0.440,0.685,92.185
174.120,-14.502,0.457,0.685,92.359
174.140,-10.734,0.474,0.685,92.569
174.160,-6.803,0.477,0.685,92.806
174.180,-2.783,0.485,0.685,93.053
174.200,1.301,0.480,0.685,93.299
174.220,5.332,0.479,0.685,93.528
174.240,9.275,0.466,0.685,93.730
174.260,13.137,0.450,0.685,93.890
174.280,16.781,0.431,0.685,94.003
174.300,20.191,0.406,0.685,94.058
174.320,23.303,0.379,0.685,94.061
174.340,26.086,0.348,0.685,94.001
174.360,28.459,0.314,0.685,93.895
174.380,30.439,0.277,0.685,93.737
174.400,31.992,0.237,0.685,93.547
174.420,33.070,0.200,0.685,93.330
174.440,33.662,0.159,0.685,93.102
174.460,33.779,0.117,0.685,92.877
174.480,33.416,0.082,0.685,92.668
174.500,32.561,0.038,0.685,92.488
174.520,31.242,0.004,0.685,92.347
174.540,29.467,-0.035,0.685,92.256
174.560,27.287,-0.064,0.685,92.220
174.580,24.674,-0.095,0.685,92.239
174.600,21.732,-0.119,0.685,92.318
174.620,18.475,-0.141,0.685,92.445
174.640,14.936,-0.162,0.685,92.620
174.660,11.197,-0.171,0.685,92.828
174.680,7.289,-0.180,0.685,93.066
174.700,3.293,-0.185,0.685,93.307
174.720,-0.762,-0.185,0.685,93.549
174.740,-4.799,-0.178,0.685,93.770
174.760,-8.789,-0.169,0.685,93.964
174.780,-12.621,-0.153,0.685,94.114
174.800,-16.266,-0.131,0.685,94.217
174.820,-19.676,-0.108,0.685,94.260
174.840,-22.811,-0.081,0.685,94.249
174.860,-25.623,-0.051,0.685,94.177
174.880,-28.025,-0.016,0.685,94.054
174.900,-30.041,0.016,0.685,93.882
174.920,-31.600,0.054,0.685,93.675
174.940,-32.678,0.091,0.685,93.441
174.960,-33.281,0.134,0.685,93.196
174.980,-33.439,0.174,0.685,92.953
175.000,-33.088,0.212,0.685,92.725
175.020,-32.268,0.252,0.685,92.525
175.040,-30.961,0.289,0.685,92.365
175.060,-29.197,0.333,0.685,92.253
175.080,-27.000,0.358,0.685,92.196
175.100,-24.404,0.391,0.685,92.195
175.120,-21.451,0.413,0.685,92.252
175.140,-18.152,0.439,0.685,92.360
175.160,-14.654,0.458,0.685,92.514
175.180,-10.887,0.472,0.685,92.704
175.200,-6.984,0.477,0.685,92.921
175.220,-2.959,0.487,0.685,93.148
175.240,1.113,0.482,0.685,93.374
175.260,5.150,0.479,0.685,93.585
175.280,9.111,0.464,0.685,93.767
175.300,12.961,0.451,0.685,93.908
175.320,16.623,0.430,0.685,94.001
175.340,20.039,0.405,0.685,94.040
175.360,23.168,0.376,0.685,94.021
175.380,25.975,0.347,0.685,93.947
175.400,28.359,0.313,0.685,93.820
175.420,30.363,0.276,0.685,93.648
175.440,31.916,0.238,0.685,93.440
175.460,33.018,0.198,0.685,93.208
175.480,33.645,0.155,0.685,92.964
175.500,33.785,0.116,0.685,92.723
175.520,33.434,0.076,0.685,92.498
175.540,32.596,0.035,0.685,92.303
175.560,31.318,0.000,0.685,92.149
175.580,29.549,-0.041,0.685,92.043
175.600,27.416,-0.067,0.685,91.996
175.620,24.809,-0.100,0.685,92.005
175.640,21.879,-0.121,0.685,92.074
175.660,18.645,-0.146,0.685,92.195
175.680,15.111,-0.165,0.685,92.364
175.700,11.379,-0.176,0.685,92.573
175.720,7.482,-0.186,0.685,92.808
175.740,3.486,-0.188,0.685,93.056
175.760,-0.551,-0.189,0.685,93.301
175.780,-4.594,-0.183,0.685,93.532
175.800,-8.572,-0.173,0.685,93.734
175.820,-12.422,-0.158,0.685,93.900
175.840,-16.090,-0.138,0.685,94.016
175.860,-19.523,-0.117,0.685,94.079
175.880,-22.664,-0.087,0.685,94.086
175.900,-25.465,-0.058,0.685,94.035
175.920,-27.879,-0.021,0.685,93.932
175.940,-29.930,0.012,0.685,93.782
175.960,-31.529,0.049,0.685,93.596
175.980,-32.625,0.084,0.685,93.385
176.000,-33.246,0.131,0.685,93.162
176.020,-33.410,0.168,0.685,92.942
176.040,-33.094,0.211,0.685,92.737
176.060,-32.309,0.251,0.685,92.560
176.080,-31.025,0.287,0.685,92.423
176.100,-29.273,0.326,0.685,92.335
176.120,-27.094,0.351,0.685,92.302
176.140,-24.539,0.388,0.685,92.326
176.160,-21.592,0.409,0.685,92.407
176.180,-18.334,0.439,0.685,92.540
176.200,-14.836,0.452,0.685,92.722
176.220,-11.074,0.468,0.685,92.938
176.240,-7.172,0.477,0.685,93.181
176.260,-3.158,0.484,0.685,93.434
176.280,0.914,0.481,0.685,93.685
176.300,4.957,0.477,0.685,93.921
176.320,8.918,0.462,0.685,94.127
176.340,12.779,0.453,0.685,94.292
176.360,16.447,0.431,0.685,94.408
176.380,19.863,0.406,0.685,94.467
176.400,23.016,0.381,0.685,94.469
176.420,25.840,0.350,0.685,94.412
176.440,28.248,0.316,0.685,94.301
176.460,30.275,0.279,0.685,94.142
176.480,31.857,0.238,0.685,93.945
176.500,32.977,0.204,0.685,93.722
176.520,33.615,0.160,0.685,93.485
176.540,33.785,0.124,0.685,93.249
176.560,33.475,0.080,0.685,93.026
176.580,32.660,0.045,0.685,92.831
176.600,31.389,0.003,0.685,92.674
176.620,29.643,-0.034,0.685,92.564
176.640,27.527,-0.063,0.685,92.510
176.660,24.943,-0.095,0.685,92.511
176.680,22.025,-0.117,0.685,92.569
176.700,18.791,-0.145,0.685,92.677
176.720,15.281,-0.162,0.685,92.835
176.740,11.549,-0.177,0.685,93.026
176.760,7.664,-0.182,0.685,93.244
176.780,3.668,-0.187,0.685,93.470
176.800,-0.375,-0.184,0.685,93.696
176.820,-4.424,-0.183,0.685,93.904
176.840,-8.414,-0.170,0.685,94.085
176.860,-12.264,-0.158,0.685,94.226
176.880,-15.943,-0.133,0.685,94.319
176.900,-19.389,-0.113,0.685,94.356
176.920,-22.547,-0.086,0.685,94.336
176.940,-25.371,-0.057,0.685,94.259
176.960,-27.803,-0.023,0.685,94.128
176.980,-29.883,0.016,0.685,93.951
177.000,-31.506,0.051,0.685,93.737
177.020,-32.631,0.090,0.685,93.496
177.040,-33.270,0.133,0.685,93.244
177.060,-33.434,0.169,0.685,92.992
177.080,-33.152,0.216,0.685,92.756
177.100,-32.373,0.250,0.677,92.548
177.120,-31.131,0.291,0.677,92.379
177.140,-29.391,0.331,0.677,92.258
177.160,-27.229,0.356,0.677,92.193
177.180,-24.680,0.391,0.677,92.184
177.200,-21.750,0.415,0.677,92.234
177.220,-18.516,0.442,0.677,92.338
177.240,-15.018,0.461,0.677,92.491
177.260,-11.268,0.471,0.677,92.682
177.280,-7.359,0.482,0.677,92.899
177.300,-3.346,0.484,0.677,93.130
177.320,0.703,0.488,0.678,93.360
177.340,4.752,0.480,0.678,93.579
177.360,8.742,0.468,0.678,93.770
177.380,12.580,0.452,0.678,93.921
177.400,16.283,0.433,0.678,94.026
177.420,19.711,0.410,0.678,94.077
177.440,22.875,0.382,0.678,94.073
177.460,25.717,0.350,0.678,94.012
177.480,28.143,0.319,0.678,93.900
177.500,30.182,0.282,0.678,93.742
177.520,31.793,0.244,0.678,93.547
177.540,32.941,0.203,0.678,93.326
177.560,33.609,0.162,0.678,93.094
177.580,33.803,0.124,0.678,92.862
177.600,33.498,0.080,0.678,92.646
177.620,32.695,0.048,0.678,92.458
177.640,31.453,0.006,0.678,92.310
177.660,29.754,-0.031,0.678,92.210
177.680,27.627,-0.063,0.678,92.167
177.700,25.078,-0.096,0.678,92.180
177.720,22.178,-0.117,0.678,92.254
177.740,18.961,-0.144,0.678,92.380
177.760,15.457,-0.162,0.678,92.556
177.780,11.748,-0.171,0.678,92.769
177.800,7.857,-0.183,0.678,93.008
177.820,3.873,-0.186,0.678,93.261
177.840,-0.164,-0.189,0.678,93.513
177.860,-4.219,-0.177,0.678,93.750
177.880,-8.209,-0.174,0.678,93.958
177.900,-12.059,-0.157,0.678,94.129
177.920,-15.744,-0.138,0.678,94.250
177.940,-19.213,-0.119,0.678,94.317
177.960,-22.395,-0.090,0.678,94.328
177.980,-25.230,-0.059,0.678,94.281
178.000,-27.674,-0.027,0.678,94.180
178.020,-29.748,0.009,0.678,94.031
178.040,-31.377,0.044,0.678,93.844
178.060,-32.549,0.084,0.678,93.630
178.080,-33.211,0.124,0.678,93.402
178.100,-33.404,0.161,0.678,93.174
178.120,-33.135,0.205,0.678,92.959
178.140,-32.391,0.242,0.678,92.770
178.160,-31.166,0.284,0.678,92.620
178.180,-29.449,0.318,0.678,92.517
178.200,-27.299,0.348,0.678,92.467
178.220,-24.791,0.382,0.678,92.471
178.240,-21.867,0.406,0.678,92.533
178.260,-18.650,0.435,0.678,92.647
178.280,-15.170,0.449,0.678,92.809
178.300,-11.443,0.467,0.678,93.006
178.320,-7.547,0.475,0.678,93.229
178.340,-3.516,0.483,0.678,93.464
178.360,0.533,0.479,0.678,93.698
178.380,4.576,0.480,0.678,93.916
178.400,8.543,0.464,0.678,94.257
178.420,12.416,0.455,0.678,94.257
178.440,16.119,0.430,0.678,94.362
178.460,19.564,0.412,0.678,94.407
178.480,22.740,0.378,0.678,94.397
178.500,25.588,0.349,0.678,94.327
178.520,28.043,0.314,0.678,94.203
178.540,30.105,0.282,0.678,94.031
178.560,31.734,0.244,0.678,93.821
178.580,32.889,0.204,0.678,93.584
178.600,33.574,0.163,0.678,93.332
178.620,33.797,0.124,0.678,93.080
178.640,33.527,0.079,0.678,92.841
178.660,32.748,0.043,0.677,92.628
178.680,31.535,0.002,0.677,92.454
178.700,29.836,-0.030,0.677,92.326
178.720,27.750,-0.068,0.677,92.252
178.740,25.213,-0.091,0.677,92.236
178.760,22.324,-0.125,0.677,92.276
178.780,19.131,-0.141,0.677,92.372
178.800,15.621,-0.166,0.677,92.513
178.820,11.906,-0.169,0.677,92.695
178.840,8.057,-0.188,0.677,92.901
178.860,4.055,-0.187,0.677,93.124
178.880,0.023,-0.192,0.680,93.345
178.900,-4.031,-0.183,0.680,93.554
178.920,-8.039,-0.175,0.680,93.737
178.940,-11.918,-0.162,0.680,93.883
178.960,-15.598,-0.140,0.680,93.982
178.980,-19.066,-0.119,0.680,94.027
179.000,-22.266,-0.087,0.680,94.018
179.020,-25.107,-0.062,0.680,93.950
179.040,-27.609,-0.025,0.680,93.831
179.060,-29.719,0.010,0.680,93.664
179.080,-31.342,0.044,0.680,93.460
179.100,-32.537,0.083,0.680,93.230
179.120,-33.205,0.127,0.680,92.988
179.140,-33.457,0.166,0.680,92.745
179.160,-33.217,0.206,0.680,92.517
179.180,-32.496,0.248,0.680,92.317
179.200,-31.271,0.282,0.680,92.156
179.220,-29.549,0.324,0.680,92.042
179.240,-27.451,0.352,0.680,91.986
179.260,-24.961,0.388,0.680,91.985
179.280,-22.055,0.409,0.680,92.046
179.300,-18.838,0.439,0.680,92.160
179.320,-15.357,0.453,0.680,92.326
179.340,-11.648,0.472,0.680,92.529
179.360,-7.758,0.478,0.680,92.762
179.380,-3.732,0.486,0.680,93.008
179.400,0.311,0.481,0.680,93.258
179.420,4.365,0.480,0.680,93.492
179.440,8.355,0.471,0.680,93.703
179.460,12.229,0.453,0.680,93.876
179.480,15.937,0.435,0.680,94.001
179.500,19.395,0.414,0.680,94.073
179.520,22.582,0.387,0.680,94.090
179.540,25.477,0.356,0.680,94.049
179.560,27.926,0.325,0.680,93.953
179.580,30.012,0.286,0.680,93.811
179.600,31.652,0.254,0.680,93.629
179.620,32.848,0.211,0.680,93.421
179.640,33.562,0.170,0.680,93.198
179.660,33.779,0.128,0.680,92.974
179.680,33.539,0.087,0.680,92.763
179.700,32.807,0.050,0.680,92.579
179.720,31.588,0.009,0.680,92.433
179.740,29.906,-0.025,0.680,92.333
179.760,27.850,-0.063,0.680,92.287
179.780,25.330,-0.084,0.680,92.300
179.800,22.459,-0.115,0.680,92.367
179.820,19.283,-0.137,0.680,92.491
179.840,15.797,-0.156,0.680,92.660
179.860,12.105,-0.168,0.680,92.867
179.880,8.227,-0.179,0.680,93.099
179.900,4.260,-0.184,0.680,93.346
179.920,0.223,-0.184,0.680,93.592
179.940,-3.832,-0.182,0.680,93.822
179.960,-7.822,-0.172,0.680,94.026
179.980,-11.713,-0.160,0.680,94.191
180.000,-15.404,-0.137,0.680,94.308
180.020,-18.896,-0.123,0.680,94.369
180.040,-22.096,-0.091,0.680,94.375
180.060,-24.961,-0.065,0.680,94.321
180.080,-27.480,-0.025,0.680,94.212
180.100,-29.602,0.006,0.680,94.053
180.120,-31.266,0.044,0.680,93.855
180.140,-32.467,0.084,0.680,93.629
180.160,-33.182,0.124,0.680,93.386
180.180,-33.434,0.167,0.680,93.143
180.200,-33.211,0.203,0.680,92.911
180.220,-32.520,0.243,0.680,92.704
180.240,-31.336,0.283,0.680,92.533
180.260,-29.643,0.319,0.680,92.409
180.280,-27.557,0.352,0.680,92.339
180.300,-25.055,0.382,0.680,92.323
180.320,-22.207,0.410,0.680,92.365
180.340,-18.990,0.432,0.680,92.460
180.360,-15.510,0.452,0.680,92.601
180.380,-11.812,0.466,0.680,92.782
180.400,-7.922,0.477,0.680,92.988
180.420,-3.926,0.481,0.680,93.211
180.440,0.129,0.485,0.680,93.431
180.460,4.201,0.477,0.680,93.642
180.480,8.191,0.470,0.680,93.825
180.500,12.070,0.450,0.680,93.971
180.520,15.773,0.439,0.680,94.070
180.540,19.242,0.408,0.680,94.118
180.560,22.447,0.385,0.680,94.107
180.580,25.342,0.351,0.680,94.040
180.600,27.826,0.319,0.680,93.918
180.620,29.930,0.283,0.680,93.749
180.640,31.582,0.244,0.680,93.542
180.660,32.807,0.203,0.680,93.307
180.680,33.533,0.165,0.680,93.057
180.700,33.797,0.124,0.680,92.807
180.720,33.568,0.084,0.680,92.570
180.740,32.830,0.046,0.680,92.359
180.760,31.670,0.004,0.680,92.186
180.780,30.018,-0.026,0.680,92.061
180.800,27.967,-0.068,0.680,91.989
180.820,25.482,-0.087,0.680,91.978
180.840,22.611,-0.122,0.680,92.023
180.860,19.441,-0.137,0.680,92.125
180.880,15.961,-0.166,0.680,92.274
180.900,12.287,-0.171,0.680,92.467
180.920,8.437,-0.185,0.680,92.688
180.940,4.459,-0.188,0.680,92.924
180.960,0.410,-0.190,0.680,93.165
180.980,-3.645,-0.185,0.680,93.393
181.000,-7.635,-0.177,0.680,93.599
181.020,-11.537,-0.162,0.680,93.767
181.040,-15.229,-0.145,0.680,93.891
181.060,-18.732,-0.122,0.680,93.961
181.080,-21.949,-0.090,0.680,93.975
181.100,-24.820,-0.070,0.680,93.931
181.120,-27.346,-0.028,0.680,93.837
181.140,-29.473,0.002,0.680,93.694
181.160,-31.195,0.042,0.680,93.513
181.180,-32.420,0.075,0.680,93.304
181.200,-33.158,0.117,0.680,93.080
181.220,-33.410,0.154,0.680,92.856
181.240,-33.217,0.198,0.680,92.644
181.260,-32.549,0.238,0.680,92.458
181.280,-31.377,0.275,0.680,92.309
181.300,-29.713,0.316,0.680,92.208
181.320,-27.662,0.344,0.680,92.161
181.340,-25.178,0.378,0.680,92.171
181.360,-22.342,0.412,0.680,92.239
181.380,-19.148,0.423,0.680,92.366
181.400,-15.709,0.452,0.680,92.532
181.420,-12.000,0.463,0.680,92.747
181.440,-8.109,0.479,0.680,92.984
181.460,-4.125,0.476,0.680,93.242
181.480,-0.053,0.488,0.680,93.495
181.500,3.979,0.471,0.680,93.742
181.520,7.980,0.477,0.680,93.958
181.540,11.871,0.447,0.680,94.140
181.560,15.586,0.444,0.680,94.270
181.580,19.078,0.407,0.680,94.349
181.600,22.289,0.395,0.680,94.368
181.620,25.201,0.352,0.680,94.331
181.640,27.709,0.327,0.680,94.235
181.660,29.836,0.287,0.680,94.093
181.680,31.512,0.251,0.680,93.908
181.700,32.754,0.211,0.680,93.695
181.720,33.516,0.171,0.680,93.464
181.740,33.791,0.125,0.680,93.231
181.760,33.592,0.092,0.680,93.008
181.780,32.895,0.049,0.680,92.809
181.800,31.723,0.015,0.680,92.648
181.820,30.105,-0.021,0.680,92.529
181.840,28.072,-0.058,0.680,92.465
181.860,25.594,-0.083,0.680,92.455
181.880,22.758,-0.111,0.680,92.502
181.900,19.588,-0.133,0.680,92.602
181.920,16.143,-0.158,0.680,92.749
181.940,12.451,-0.168,0.680,92.936
181.960,8.607,-0.184,0.680,93.149
181.980,4.623,-0.186,0.680,93.377
182.000,0.592,-0.185,0.680,93.606
182.020,-3.469,-0.176,0.680,93.821
182.040,-7.477,-0.175,0.680,94.007
182.060,-11.385,-0.157,0.680,94.159
182.080,-15.082,-0.140,0.680,94.263
182.100,-18.598,-0.113,0.680,94.313
182.120,-21.844,-0.091,0.680,94.304
182.140,-24.756,-0.061,0.680,94.240
182.160,-27.281,-0.029,0.680,94.119
182.180,-29.408,0.006,0.680,93.743
182.200,-31.148,0.047,0.680,93.743
182.220,-32.385,0.079,0.680,93.505
182.240,-33.164,0.126,0.680,93.251
182.260,-33.428,0.159,0.680,92.995
182.280,-33.246,0.205,0.680,92.750
182.300,-32.607,0.239,0.680,92.530
182.320,-31.447,0.282,0.680,92.346
182.340,-29.842,0.319,0.680,92.210
182.360,-27.773,0.352,0.680,92.125
182.380,-25.312,0.380,0.680,92.099
182.400,-22.465,0.410,0.680,92.129
182.420,-19.283,0.437,0.680,92.216
182.440,-15.867,0.455,0.680,92.353
182.460,-12.205,0.470,0.680,92.530
182.480,-8.314,0.479,0.680,92.737
182.500,-4.307,0.491,0.683,92.961
182.520,-0.252,0.482,0.683,93.192
182.540,3.803,0.487,0.683,93.408
182.560,7.793,0.472,0.683,93.606
182.580,11.684,0.458,0.683,93.881
182.600,15.428,0.435,0.683,93.881
182.620,18.926,0.417,0.683,93.943
182.640,22.143,0.388,0.683,93.951
182.660,25.072,0.359,0.683,93.901
182.680,27.598,0.327,0.683,93.799
182.700,29.754,0.291,0.683,93.649
182.720,31.441,0.254,0.683,93.460
182.740,32.719,0.215,0.683,93.244
182.760,33.486,0.178,0.683,93.012
182.780,33.785,0.128,0.683,92.779
182.800,33.609,0.096,0.683,92.558
182.820,32.953,0.049,0.683,92.362
182.840,31.793,0.018,0.683,92.205
182.860,30.187,-0.026,0.683,92.094
182.880,28.172,-0.054,0.683,92.040
182.900,25.734,-0.091,0.683,92.042
182.920,22.887,-0.108,0.683,92.105
182.940,19.758,-0.138,0.683,92.220
182.960,16.324,-0.154,0.683,92.389
182.980,12.656,-0.174,0.683,92.597
183.000,8.807,-0.177,0.683,92.837
183.020,4.840,-0.191,0.683,93.092
183.040,0.809,-0.185,0.683,93.353
183.060,-3.258,-0.187,0.683,93.601
183.080,-7.260,-0.173,0.683,93.824
183.100,-11.174,-0.167,0.683,94.012
183.120,-14.877,-0.145,0.683,94.154
183.140,-18.387,-0.126,0.683,94.243
183.160,-21.633,-0.098,0.683,94.274
183.180,-24.568,-0.071,0.683,94.247
183.200,-27.135,-0.036,0.683,94.165
183.220,-29.303,0.000,0.683,94.034
183.240,-31.049,0.035,0.683,93.861
183.260,-32.291,0.074,0.683,93.658
183.280,-33.094,0.112,0.683,93.439
183.300,-33.398,0.156,0.683,93.215
183.320,-33.258,0.192,0.683,93.003
183.340,-32.625,0.240,0.683,92.813
183.360,-31.477,0.269,0.683,92.659
183.380,-29.895,0.316,0.683,92.550
183.400,-27.861,0.341,0.683,92.492
183.420,-25.441,0.378,0.683,92.491
183.440,-22.629,0.404,0.683,92.545
183.460,-19.447,0.430,0.683,92.655
183.480,-16.008,0.451,0.683,92.811
183.500,-12.346,0.468,0.683,93.008
183.520,-8.479,0.472,0.683,93.233
183.540,-4.500,0.484,0.683,93.470
183.560,-0.434,0.481,0.683,93.711
183.580,3.615,0.481,0.683,93.938
183.600,7.623,0.472,0.683,94.141
183.620,11.520,0.457,0.683,94.307
183.640,15.252,0.438,0.683,94.425
183.660,18.762,0.416,0.683,94.486
183.680,22.002,0.391,0.683,94.493
183.700,24.943,0.359,0.683,94.439
183.720,27.480,0.327,0.683,94.329
183.740,29.654,0.292,0.683,94.170
183.760,31.371,0.251,0.683,93.739
183.780,32.660,0.214,0.683,93.739
183.800,33.463,0.173,0.683,93.490
183.820,33.779,0.132,0.683,93.237
183.840,33.621,0.094,0.683,92.994
183.860,32.965,0.049,0.683,92.774
183.880,31.852,0.013,0.682,92.591
183.900,30.258,-0.025,0.682,92.450
183.920,28.283,-0.054,0.682,92.364
183.940,25.840,-0.087,0.682,92.334
183.960,23.027,-0.110,0.682,92.358
183.980,19.904,-0.135,0.682,92.438
184.000,16.488,-0.161,0.682,92.566
184.020,12.809,-0.168,0.682,92.740
184.040,8.971,-0.182,0.682,92.936
184.060,5.010,-0.184,0.682,93.155
184.080,0.984,-0.187,0.682,93.370
184.100,-3.082,-0.183,0.682,93.583
184.120,-7.096,-0.174,0.682,93.765
184.140,-11.016,-0.162,0.682,93.918
184.160,-14.742,-0.141,0.682,94.022
184.180,-18.281,-0.123,0.682,94.078
184.200,-21.539,-0.095,0.682,94.075
184.220,-24.463,-0.067,0.682,94.017
184.240,-27.018,-0.033,0.682,93.904
184.260,-29.250,-0.001,0.682,93.743
184.280,-31.020,0.042,0.682,93.542
184.300,-32.285,0.078,0.682,93.311
184.320,-33.117,0.119,0.682,93.064
184.340,-33.410,0.156,0.682,92.815
184.360,-33.322,0.199,0.682,92.577
184.380,-32.701,0.236,0.682,92.363
184.400,-31.605,0.276,0.682,92.184
184.420,-30.012,0.315,0.682,92.053
184.440,-27.996,0.343,0.682,91.974
184.460,-25.600,0.380,0.682,91.952
184.480,-22.787,0.406,0.682,91.989
184.500,-19.629,0.429,0.682,92.084
184.520,-16.213,0.452,0.682,92.228
184.540,-12.539,0.467,0.682,92.418
184.560,-8.701,0.474,0.682,92.638
184.580,-4.705,0.489,0.682,92.873
184.600,-0.650,0.483,0.682,93.115
184.620,3.410,0.487,0.682,93.349
184.640,7.418,0.467,0.682,93.561
184.660,11.309,0.466,0.682,93.735
184.680,15.070,0.438,0.682,93.868
184.700,18.592,0.422,0.682,93.947
184.720,21.844,0.390,0.682,93.972
184.740,24.809,0.366,0.682,93.939
184.760,27.363,0.331,0.682,93.852
184.780,29.555,0.297,0.682,93.716
184.800,31.295,0.256,0.682,93.540
184.820,32.602,0.221,0.682,93.333
184.840,33.428,0.174,0.682,93.110
184.860,33.773,0.142,0.682,92.883
184.880,33.645,0.094,0.682,92.665
184.900,33.023,0.060,0.682,92.473
184.920,31.928,0.018,0.682,92.314
184.940,30.369,-0.012,0.682,92.203
184.960,28.383,-0.057,0.682,92.141
184.980,25.969,-0.078,0.682,92.140
185.000,23.180,-0.112,0.682,92.196
185.020,20.051,-0.126,0.682,92.308
185.040,16.664,-0.156,0.682,92.466
185.060,12.996,-0.162,0.682,92.669
185.080,9.170,-0.184,0.682,92.900
185.100,5.203,-0.179,0.682,93.149
185.120,1.178,-0.187,0.682,93.401
185.140,-2.871,-0.180,0.682,93.642
185.160,-6.896,-0.178,0.682,93.858
185.180,-10.816,-0.163,0.682,94.039
185.200,-14.549,-0.142,0.682,94.174
185.220,-18.082,-0.125,0.682,94.255
185.240,-21.363,-0.098,0.682,94.280
185.260,-24.322,-0.069,0.682,94.247
185.280,-26.900,-0.033,0.682,94.157
185.300,-29.121,-0.002,0.682,94.017
185.320,-30.914,0.036,0.682,93.835
185.340,-32.221,0.070,0.682,93.622
185.360,-33.082,0.118,0.682,93.391
185.380,-33.398,0.153,0.682,93.154
185.400,-33.311,0.197,0.682,92.926
185.420,-32.695,0.233,0.682,92.720
185.440,-31.658,0.273,0.682,92.549
185.460,-30.070,0.311,0.682,92.421
185.480,-28.072,0.342,0.682,92.346
185.500,-25.687,0.375,0.682,92.324
185.520,-22.887,0.403,0.682,92.361
185.540,-19.764,0.426,0.682,92.451
185.560,-16.371,0.451,0.682,92.592
185.580,-12.715,0.462,0.682,92.772
185.600,-8.865,0.475,0.682,92.984
185.620,-4.875,0.480,0.682,93.210
185.640,-0.838,0.485,0.682,93.442
185.660,3.234,0.477,0.682,93.663
185.680,7.230,0.470,0.682,93.862
185.700,11.127,0.458,0.682,94.024
185.720,14.912,0.439,0.682,94.143
185.740,18.451,0.418,0.682,94.208
185.760,21.697,0.389,0.682,94.217
185.780,24.686,0.358,0.682,94.167
185.800,27.264,0.330,0.682,94.061
185.820,29.455,0.290,0.682,93.907
185.840,31.219,0.257,0.682,93.710
185.860,32.566,0.216,0.682,93.484
185.880,33.404,0.178,0.682,93.239
185.900,33.768,0.136,0.682,92.989
185.920,33.662,0.095,0.682,92.749
185.940,33.064,0.058,0.682,92.531
185.960,31.992,0.018,0.682,92.349
185.980,30.451,-0.016,0.682,92.210
186.000,28.488,-0.055,0.682,92.125
186.020,26.109,-0.078,0.682,92.098
186.040,23.314,-0.116,0.682,92.127
186.060,20.221,-0.132,0.682,92.216
186.080,16.822,-0.162,0.682,92.354
186.100,13.166,-0.169,0.682,92.535
186.120,9.357,-0.186,0.682,92.747
186.140,5.408,-0.181,0.682,92.979
186.160,1.383,-0.192,0.683,93.213
186.180,-2.689,-0.183,0.683,93.443
186.200,-6.686,-0.179,0.683,93.648
186.220,-10.617,-0.168,0.683,93.820
186.240,-14.361,-0.144,0.683,93.950
186.260,-17.912,-0.129,0.683,94.026
186.280,-21.211,-0.100,0.683,94.048
186.300,-24.182,-0.075,0.683,94.013
186.320,-26.783,-0.041,0.683,93.924
186.340,-29.027,-0.004,0.683,93.784
186.360,-30.832,0.031,0.683,93.604
186.380,-32.174,0.070,0.683,93.393
186.400,-33.041,0.111,0.683,93.165
186.420,-33.387,0.147,0.683,92.932
186.440,-33.328,0.190,0.683,92.709
186.460,-32.754,0.231,0.683,92.509
186.480,-31.723,0.271,0.683,92.344
186.500,-30.176,0.307,0.683,92.224
186.520,-28.201,0.338,0.683,92.157
186.540,-25.828,0.373,0.683,92.145
186.560,-23.062,0.401,0.683,92.299
186.580,-19.951,0.428,0.683,92.299
186.600,-16.553,0.448,0.683,92.454
186.620,-12.920,0.461,0.683,92.652
186.640,-9.070,0.475,0.683,92.879
186.660,-5.080,0.480,0.683,93.126
186.680,-1.037,0.486,0.683,93.377
186.700,3.023,0.480,0.683,93.621
186.720,7.037,0.474,0.683,93.842
186.740,10.939,0.460,0.683,94.027
186.760,14.725,0.444,0.683,94.169
186.780,18.264,0.422,0.683,94.258
186.800,21.551,0.394,0.683,94.291
186.820,24.539,0.365,0.683,94.264
186.840,27.141,0.336,0.683,94.181
186.860,29.379,0.297,0.683,94.047
186.880,31.154,0.264,0.683,93.871
186.900,32.508,0.223,0.683,93.663
186.920,33.381,0.181,0.683,93.435
186.940,33.768,0.142,0.683,93.202
186.960,33.674,0.098,0.683,92.976
186.980,33.094,0.064,0.683,92.772
187.000,32.057,0.020,0.683,92.601
187.020,30.527,-0.012,0.683,92.473
187.040,28.576,-0.055,0.683,92.397
187.060,26.221,-0.075,0.683,92.379
187.080,23.443,-0.107,0.683,92.414
187.100,20.373,-0.129,0.683,92.506
187.120,16.986,-0.154,0.683,92.646
187.140,13.342,-0.165,0.683,92.828
187.160,9.545,-0.181,0.683,93.041
187.180,5.584,-0.179,0.683,93.272
187.200,1.559,-0.191,0.683,93.506
187.220,-2.508,-0.174,0.683,93.730
187.240,-6.521,-0.176,0.683,93.930
187.260,-10.453,-0.159,0.683,94.095
187.280,-14.221,-0.145,0.683,94.216
187.300,-17.766,-0.121,0.683,94.283
187.320,-21.088,-0.097,0.683,94.295
187.340,-24.064,-0.069,0.683,94.248
187.360,-26.701,-0.038,0.683,94.146
187.380,-28.969,-0.002,0.683,93.993
187.400,-30.768,0.037,0.683,93.798
187.420,-32.115,0.076,0.683,93.570
187.440,-33.018,0.112,0.683,93.323
187.460,-33.398,0.151,0.683,93.070
187.480,-33.346,0.197,0.683,92.826
187.500,-32.801,0.233,0.681,92.603
187.520,-31.770,0.275,0.681,92.413
187.540,-30.252,0.308,0.681,92.270
187.560,-28.295,0.347,0.681,92.175
187.580,-25.945,0.375,0.681,92.140
187.600,-23.186,0.406,0.681,92.159
187.620,-20.092,0.428,0.681,92.238
187.640,-16.699,0.448,0.681,92.363
187.660,-13.096,0.465,0.681,92.536
187.680,-9.246,0.479,0.681,92.736
187.700,-5.273,0.479,0.681,92.960
187.720,-1.219,0.489,0.681,93.186
187.740,2.842,0.477,0.681,93.411
187.760,6.855,0.478,0.681,93.611
187.780,10.775,0.458,0.681,93.780
187.800,14.549,0.448,0.681,93.905
187.820,18.105,0.420,0.681,93.982
187.840,21.404,0.396,0.681,94.001
187.860,24.410,0.365,0.681,93.963
187.880,27.035,0.335,0.681,93.871
187.900,29.268,0.297,0.681,93.730
187.920,31.084,0.265,0.681,93.548
187.940,32.443,0.219,0.681,93.334
187.960,33.340,0.185,0.681,93.103
187.980,33.768,0.141,0.681,92.866
188.000,33.691,0.102,0.681,92.638
188.020,33.152,0.061,0.681,92.432
188.040,32.115,0.020,0.681,92.262
188.060,30.604,-0.014,0.681,92.137
188.080,28.687,-0.053,0.681,92.064
188.100,26.344,-0.077,0.681,92.093
188.120,23.596,-0.109,0.681,92.093
188.140,20.525,-0.129,0.681,92.196
188.160,17.168,-0.154,0.681,92.348
188.180,13.547,-0.173,0.681,92.545
188.200,9.738,-0.177,0.681,92.776
188.220,5.783,-0.187,0.681,93.026
188.240,1.770,-0.188,0.681,93.282
188.260,-2.291,-0.187,0.681,93.531
188.280,-6.293,-0.180,0.681,93.760
188.300,-10.248,-0.170,0.681,93.956
188.320,-14.010,-0.145,0.681,94.110
188.340,-17.584,-0.134,0.681,94.208
188.360,-20.900,-0.104,0.681,94.253
188.380,-23.900,-0.080,0.681,94.239
188.400,-26.555,-0.038,0.681,94.171
188.420,-28.828,-0.011,0.681,94.050
188.440,-30.680,0.025,0.681,93.887
188.460,-32.051,0.065,0.681,93.693
188.480,-32.959,0.103,0.681,93.478
188.500,-33.369,0.147,0.681,93.256
188.520,-33.346,0.185,0.681,93.042
188.540,-32.807,0.227,0.681,92.848
188.560,-31.816,0.265,0.681,92.687
188.580,-30.322,0.302,0.681,92.571
188.600,-28.395,0.337,0.681,92.502
188.620,-26.033,0.368,0.681,92.493
188.640,-23.332,0.398,0.681,92.538
188.660,-20.215,0.423,0.681,92.642
188.680,-16.852,0.448,0.681,92.792
188.700,-13.242,0.461,0.681,92.989
188.720,-9.416,0.474,0.681,93.210
188.740,-5.437,0.482,0.681,93.454
188.760,-1.400,0.488,0.681,93.701
188.780,2.648,0.478,0.681,93.941
188.800,6.668,0.476,0.681,94.157
188.820,10.588,0.456,0.681,94.338
188.840,14.385,0.447,0.681,94.473
188.860,17.936,0.421,0.681,94.557
188.880,21.258,0.396,0.681,94.583
188.900,24.281,0.366,0.681,94.550
188.920,26.912,0.334,0.681,94.459
188.940,29.162,0.299,0.681,94.317
188.960,31.008,0.262,0.681,94.131
188.980,32.402,0.222,0.681,93.911
189.000,33.311,0.182,0.681,93.671
189.020,33.750,0.140,0.681,93.423
189.040,33.703,0.102,0.681,93.181
189.060,33.182,0.063,0.681,92.960
189.080,32.174,0.020,0.681,92.770
189.100,30.691,-0.011,0.681,92.623
189.120,28.787,-0.051,0.681,92.526
189.140,26.479,-0.074,0.681,92.486
189.160,23.736,-0.108,0.681,92.501
189.180,20.678,-0.133,0.681,92.573
189.200,17.338,-0.148,0.681,92.694
189.220,13.717,-0.178,0.681,92.856
189.240,9.908,-0.171,0.681,93.055
189.260,5.965,-0.193,0.682,93.267
189.280,1.939,-0.179,0.682,93.491
189.300,-2.133,-0.199,0.688,93.701
189.320,-6.135,-0.169,0.688,93.901
189.340,-10.090,-0.179,0.688,94.057
189.360,-13.863,-0.144,0.688,94.179
189.380,-17.443,-0.141,0.688,94.243
189.400,-20.777,-0.096,0.688,94.257
189.420,-23.801,-0.082,0.688,94.209
189.440,-26.455,-0.036,0.688,94.108
189.460,-28.746,-0.020,0.688,93.955
189.480,-30.633,0.044,0.688,93.762
189.500,-32.027,0.052,0.688,93.534
189.520,-32.971,0.124,0.688,93.289
189.540,-33.375,0.124,0.688,93.036
189.560,-33.369,0.211,0.688,92.790
189.580,-32.895,0.202,0.688,92.570
189.600,-31.910,0.294,0.688,92.375
189.620,-30.434,0.276,0.688,92.236
189.640,-28.518,0.369,0.688,92.134
189.660,-26.186,0.347,0.688,92.106
189.680,-23.484,0.426,0.688,92.118
189.700,-20.414,0.404,0.688,92.208
189.720,-17.051,0.468,0.688,92.329
189.740,-13.441,0.447,0.688,92.515
189.760,-9.627,0.497,0.696,92.714
189.780,-5.660,0.470,0.696,92.957
189.800,-1.623,0.501,0.701,93.186
189.820,2.437,0.473,0.701,93.427
189.840,6.469,0.484,0.701,93.635
189.860,10.389,0.458,0.701,93.820
189.880,14.203,0.451,0.701,93.956
189.900,17.783,0.427,0.701,94.082
189.920,21.094,0.401,0.701,94.082
189.940,24.141,0.378,0.701,94.060
189.960,26.795,0.330,0.701,93.984
189.980,29.086,0.316,0.701,93.853
190.000,30.920,0.258,0.701,93.684
190.020,32.344,0.240,0.701,93.479
190.040,33.281,0.179,0.701,93.256
190.060,33.750,0.160,0.701,93.026
190.080,33.715,0.095,0.701,92.801
190.100,33.217,0.078,0.701,92.600
190.120,32.215,0.018,0.701,92.427
190.140,30.779,0.004,0.701,92.303
190.160,28.887,-0.055,0.701,92.224
190.180,26.602,-0.060,0.701,92.209
190.200,23.877,-0.114,0.701,92.242
190.220,20.818,-0.119,0.701,92.340
190.240,17.502,-0.159,0.701,92.481
190.260,13.881,-0.159,0.701,92.675
190.280,10.107,-0.183,0.701,92.891
190.300,6.182,-0.176,0.701,93.137
190.320,2.145,-0.193,0.701,93.378
190.340,-1.916,-0.173,0.701,93.623
190.360,-5.941,-0.191,0.701,93.835
190.380,-9.885,-0.152,0.701,94.029
190.400,-13.664,-0.159,0.701,94.164
190.420,-17.250,-0.116,0.701,94.258
190.440,-20.602,-0.113,0.701,94.287
190.460,-23.648,-0.071,0.701,94.266
190.480,-26.338,-0.046,0.701,94.182
190.500,-28.611,-0.018,0.701,94.050
190.520,-30.527,0.032,0.701,93.873
190.540,-31.945,0.052,0.701,93.662
190.560,-32.906,0.113,0.701,93.429
190.580,-33.357,0.130,0.701,93.187
190.600,-33.369,0.195,0.701,92.950
190.620,-32.900,0.213,0.701,92.734
190.640,-31.916,0.274,0.701,92.547
190.660,-30.486,0.287,0.701,92.405
190.680,-28.582,0.350,0.701,92.307
190.700,-26.273,0.352,0.701,92.272
190.720,-23.607,0.410,0.701,92.283
190.740,-20.531,0.410,0.701,92.361
190.760,-17.215,0.455,0.701,92.480
190.780,-13.611,0.452,0.701,92.649
190.800,-9.791,0.481,0.701,92.844
190.820,-5.836,0.471,0.701,93.066
190.840,-1.787,0.489,0.701,93.287
190.860,2.273,0.474,0.701,93.509
190.880,6.305,0.480,0.701,93.707
190.900,10.225,0.454,0.701,93.874
190.920,14.033,0.452,0.701,93.996
190.940,17.631,0.419,0.701,94.071
190.960,20.947,0.402,0.701,94.088
190.980,24.012,0.366,0.701,94.047
191.000,26.689,0.338,0.701,93.949
191.020,28.975,0.301,0.701,93.802
191.040,30.855,0.266,0.701,93.611
191.060,32.273,0.228,0.701,93.386
191.080,33.252,0.190,0.701,93.140
191.100,33.727,0.149,0.701,92.887
191.120,33.727,0.106,0.701,92.639
191.140,33.258,0.066,0.701,92.411
191.160,32.273,0.029,0.701,92.214
191.180,30.850,-0.013,0.701,92.061
191.200,28.980,-0.046,0.701,91.960
191.220,26.707,-0.077,0.701,91.914
191.240,24.018,-0.106,0.701,91.927
191.260,20.971,-0.129,0.701,91.999
191.280,17.666,-0.151,0.701,92.121
191.300,14.068,-0.169,0.701,92.289
191.320,10.295,-0.175,0.701,92.492
191.340,6.363,-0.190,0.701,92.716
191.360,2.350,-0.186,0.701,92.950
191.380,-1.705,-0.188,0.701,93.178
191.400,-5.742,-0.180,0.701,93.387
191.420,-9.703,-0.170,0.701,93.568
191.440,-13.500,-0.151,0.701,93.707
191.460,-17.086,-0.133,0.701,93.795
191.480,-20.443,-0.109,0.701,93.829
191.500,-23.525,-0.083,0.701,93.807
191.520,-26.215,-0.049,0.701,93.730
191.540,-28.541,-0.014,0.701,93.602
191.560,-30.463,0.025,0.701,93.430
191.580,-31.881,0.062,0.701,93.225
191.600,-32.889,0.098,0.701,92.999
191.620,-33.357,0.141,0.701,92.766
191.640,-33.404,0.174,0.701,92.539
191.660,-32.953,0.224,0.701,92.331
191.680,-32.004,0.258,0.701,92.156
191.700,-30.604,0.301,0.701,92.024
191.720,-28.717,0.333,0.701,91.943
191.740,-26.443,0.369,0.701,91.918
191.760,-23.766,0.394,0.701,91.953
191.780,-20.713,0.424,0.701,92.042
191.800,-17.373,0.443,0.701,92.191
191.820,-13.805,0.461,0.701,92.375
191.840,-10.002,0.472,0.701,92.601
191.860,-6.059,0.485,0.701,92.841
191.880,-2.010,0.482,0.701,93.102
191.900,2.057,0.485,0.701,93.344
191.920,6.088,0.476,0.701,93.580
191.940,10.008,0.466,0.701,93.774
191.960,13.828,0.447,0.701,93.935
191.980,17.432,0.427,0.701,94.035
192.000,20.801,0.402,0.701,94.085
192.020,23.859,0.374,0.701,94.073
192.040,26.561,0.343,0.701,94.009
192.060,28.869,0.309,0.701,93.886
192.080,30.762,0.271,0.701,93.724
192.100,32.232,0.233,0.701,93.523
192.120,33.211,0.192,0.701,93.304
192.140,33.715,0.154,0.701,93.073
192.160,33.738,0.111,0.701,92.845
192.180,33.275,0.073,0.701,92.640
192.200,32.338,0.033,0.701,92.458
192.220,30.937,-0.002,0.701,92.328
192.240,29.080,-0.040,0.701,92.236
192.260,26.842,-0.070,0.701,92.212
192.280,24.146,-0.102,0.701,92.230
192.300,21.129,-0.119,0.701,92.321
192.320,17.830,-0.149,0.701,92.444
192.340,14.221,-0.159,0.701,92.630
192.360,10.453,-0.178,0.701,92.831
192.380,6.545,-0.179,0.701,93.070
192.400,2.502,-0.186,0.701,93.301
192.420,-1.535,-0.183,0.701,93.535
192.440,-5.561,-0.176,0.701,93.743
192.460,-9.533,-0.166,0.701,93.923
192.480,-13.342,-0.146,0.701,94.059
192.500,-16.945,-0.129,0.701,94.142
192.520,-20.303,-0.103,0.701,94.173
192.540,-23.385,-0.075,0.701,94.139
192.560,-26.092,-0.046,0.701,94.054
192.580,-28.453,-0.009,0.701,93.913
192.600,-30.387,0.028,0.701,93.730
192.620,-31.846,0.058,0.701,93.510
192.640,-32.854,0.105,0.701,93.269
192.660,-33.328,0.141,0.701,93.017
192.680,-33.416,0.184,0.701,92.770
192.700,-32.965,0.219,0.701,92.542
192.720,-32.051,0.262,0.701,92.342
192.740,-30.650,0.301,0.701,92.188
192.760,-28.799,0.331,0.701,92.077
192.780,-26.543,0.369,0.701,92.028
192.800,-23.883,0.382,0.701,92.032
192.820,-20.854,0.431,0.701,92.093
192.840,-17.520,0.427,0.701,92.208
192.860,-13.957,0.465,0.701,92.362
192.880,-10.178,0.472,0.701,92.554
192.900,-6.217,0.485,0.701,92.773
192.920,-2.186,0.475,0.701,92.995
192.940,1.875,0.460,0.701,93.217
192.960,5.912,0.484,0.701,93.404
192.980,9.826,0.452,0.701,93.585
193.000,13.664,0.459,0.701,93.706
193.020,17.285,0.412,0.701,93.797
193.040,20.648,0.413,0.701,93.817
193.060,23.736,0.360,0.701,93.791
193.080,26.449,0.351,0.701,93.705
193.100,28.770,0.301,0.701,93.569
193.120,30.691,0.273,0.701,93.389
193.140,32.168,0.232,0.701,93.174
193.160,33.182,0.194,0.701,92.938
193.180,33.709,0.158,0.701,92.692
193.200,33.750,0.108,0.701,92.451
193.220,33.322,0.074,0.701,92.231
193.240,32.396,0.029,0.701,92.039
193.260,31.020,-0.008,0.701,91.895
193.280,29.174,-0.040,0.701,91.796
193.300,26.947,-0.079,0.701,91.761
193.320,24.287,-0.097,0.701,91.778
193.340,21.281,-0.130,0.701,91.858
193.360,18.000,-0.142,0.701,91.987
193.380,14.408,-0.180,0.701,92.166
193.400,10.664,-0.171,0.701,92.382
193.420,6.744,-0.196,0.701,92.619
193.440,2.719,-0.183,0.701,92.869
193.460,-1.318,-0.197,0.701,93.113
193.480,-5.350,-0.179,0.701,93.342
193.500,-9.328,-0.175,0.701,93.542
193.520,-13.131,-0.158,0.701,93.699
193.540,-16.752,-0.134,0.701,93.810
193.560,-20.150,-0.113,0.701,93.862
193.580,-23.215,-0.081,0.701,93.860
193.600,-25.945,-0.058,0.701,93.800
193.620,-28.312,-0.014,0.701,93.691
193.640,-30.270,0.016,0.701,93.535
193.660,-31.764,0.056,0.701,93.346
193.680,-32.801,0.098,0.701,93.134
193.700,-33.311,0.130,0.701,92.913
193.720,-33.387,0.181,0.701,92.696
193.740,-32.982,0.203,0.701,92.497
193.760,-32.109,0.269,0.701,92.328
193.780,-30.732,0.278,0.701,92.204
193.800,-28.881,0.348,0.701,92.124
193.820,-26.648,0.348,0.701,92.110
193.840,-24.000,0.408,0.701,92.143
193.860,-21.006,0.406,0.701,92.244
193.880,-17.678,0.456,0.701,92.386
193.900,-14.133,0.446,0.701,92.583
193.920,-10.342,0.482,0.701,92.806
193.940,-6.404,0.470,0.701,93.059
193.960,-2.385,0.491,0.701,93.313
193.980,1.682,0.476,0.701,93.570
194.000,5.725,0.482,0.701,93.802
194.020,9.656,0.456,0.701,94.008
194.040,13.488,0.453,0.701,94.165
194.060,17.121,0.423,0.701,94.278
194.080,20.484,0.408,0.701,94.330
194.100,23.584,0.370,0.701,94.326
194.120,26.320,0.346,0.701,94.261
194.140,28.664,0.304,0.701,94.143
194.160,30.615,0.272,0.701,93.979
194.180,32.104,0.234,0.701,93.779
194.200,33.141,0.193,0.701,93.555
194.220,33.686,0.157,0.701,93.320
194.240,33.756,0.110,0.701,93.087
194.260,33.357,0.079,0.701,92.871
194.280,32.443,0.028,0.701,92.684
194.300,31.096,0.000,0.699,92.538
194.320,29.262,-0.043,0.699,92.440
194.340,27.059,-0.064,0.699,92.398
194.360,24.410,-0.103,0.699,92.410
194.380,21.428,-0.116,0.699,92.481
194.400,18.158,-0.156,0.699,92.598
194.420,14.572,-0.153,0.699,92.766
194.440,10.828,-0.189,0.699,92.961
194.460,6.908,-0.165,0.699,93.186
194.480,2.906,-0.203,0.704,93.407
194.500,-1.148,-0.165,0.704,93.639
194.520,-5.197,-0.198,0.704,93.835
194.540,-9.152,-0.149,0.704,94.017
194.560,-12.990,-0.170,0.704,94.141
194.580,-16.600,-0.119,0.704,94.230
194.600,-20.027,-0.118,0.704,94.252
194.620,-23.127,-0.073,0.704,94.224
194.640,-25.863,-0.054,0.704,94.134
194.660,-28.248,-0.017,0.704,93.995
194.680,-30.217,0.024,0.704,93.809
194.700,-31.752,0.048,0.704,93.587
194.720,-32.807,0.105,0.704,93.343
194.740,-33.328,0.124,0.704,93.088
194.760,-33.434,0.190,0.704,92.836
194.780,-33.029,0.207,0.704,92.603
194.800,-32.197,0.269,0.694,92.397
194.820,-30.838,0.285,0.694,92.237
194.840,-29.027,0.340,0.694,92.120
194.860,-26.789,0.356,0.694,92.066
194.880,-24.164,0.400,0.694,92.062
194.900,-21.176,0.417,0.694,92.123
194.920,-17.877,0.452,0.694,92.232
194.940,-14.338,0.459,0.694,92.394
194.960,-10.559,0.481,0.694,92.586
194.980,-6.609,0.483,0.694,92.808
195.000,-2.572,0.495,0.698,93.038
195.020,1.477,0.485,0.698,93.269
195.040,5.520,0.481,0.698,93.481
195.060,9.463,0.466,0.698,93.663
195.080,13.295,0.455,0.698,93.805
195.100,16.957,0.432,0.698,93.901
195.120,20.326,0.410,0.698,93.941
195.140,23.437,0.379,0.698,93.927
195.160,26.186,0.352,0.698,93.856
195.180,28.564,0.315,0.698,93.734
195.200,30.527,0.280,0.698,93.568
195.220,32.039,0.240,0.698,93.367
195.240,33.100,0.203,0.698,93.143
195.260,33.668,0.160,0.698,92.910
195.280,33.762,0.117,0.698,92.680
195.300,33.381,0.078,0.698,92.468
195.320,32.496,0.038,0.698,92.287
195.340,31.160,-0.000,0.698,92.147
195.360,29.361,-0.033,0.698,92.059
195.380,27.182,-0.070,0.698,92.021
195.400,24.562,-0.094,0.698,92.051
195.420,21.586,-0.125,0.698,92.127
195.440,18.334,-0.137,0.698,92.266
195.460,14.766,-0.165,0.698,92.445
195.480,11.010,-0.172,0.698,92.667
195.500,7.107,-0.187,0.698,92.904
195.520,3.111,-0.183,0.698,93.149
195.540,-0.949,-0.187,0.698,93.401
195.560,-4.986,-0.177,0.698,93.628
195.580,-8.965,-0.172,0.698,93.834
195.600,-12.797,-0.151,0.698,93.990
195.620,-16.430,-0.137,0.698,94.104
195.640,-19.834,-0.114,0.698,94.156
195.660,-22.957,-0.083,0.698,94.157
195.680,-25.723,-0.055,0.698,94.095
195.700,-28.131,-0.018,0.698,93.983
195.720,-30.100,0.014,0.698,93.823
195.740,-31.641,0.053,0.698,93.627
195.760,-32.707,0.089,0.698,93.406
195.780,-33.293,0.134,0.698,93.172
195.800,-33.416,0.171,0.698,92.940
195.820,-33.047,0.215,0.698,92.724
195.840,-32.209,0.249,0.698,92.536
195.860,-30.855,0.290,0.698,92.387
195.880,-29.092,0.325,0.698,92.287
195.900,-26.871,0.357,0.698,92.238
195.920,-24.270,0.387,0.698,92.248
195.940,-21.293,0.414,0.698,92.309
195.960,-18.000,0.435,0.698,92.431
195.980,-14.484,0.454,0.698,92.587
196.000,-10.711,0.472,0.698,92.786
196.020,-6.779,0.474,0.698,93.001
196.040,-2.760,0.487,0.698,93.231
196.060,1.312,0.476,0.698,93.456
196.080,5.326,0.478,0.698,93.662
196.100,9.293,0.460,0.698,93.840
196.120,13.143,0.450,0.698,93.972
196.140,16.793,0.426,0.698,94.058
196.160,20.186,0.408,0.698,94.086
196.180,23.303,0.373,0.698,94.060
196.200,26.086,0.349,0.698,93.972
196.220,28.471,0.307,0.698,93.834
196.240,30.439,0.279,0.698,93.648
196.260,31.980,0.233,0.698,93.426
196.280,33.064,0.198,0.698,93.180
196.300,33.662,0.156,0.698,92.922
196.320,33.773,0.118,0.698,92.665
196.340,33.422,0.079,0.698,92.426
196.360,32.561,0.036,0.698,92.212
196.380,31.242,0.001,0.698,92.044
196.400,29.467,-0.041,0.698,91.918
196.420,27.293,-0.067,0.698,91.857
196.440,24.680,-0.096,0.698,91.843
196.460,21.738,-0.118,0.698,91.896
196.480,18.475,-0.147,0.698,91.991
196.500,14.947,-0.164,0.698,92.144
196.520,11.203,-0.176,0.698,92.326
196.540,7.307,-0.183,0.698,92.540
196.560,3.305,-0.191,0.698,92.759
196.580,-0.744,-0.188,0.698,92.985
196.600,-4.781,-0.183,0.698,93.188
196.620,-8.789,-0.173,0.698,93.369
196.640,-12.609,-0.158,0.698,93.508
196.660,-16.254,-0.137,0.698,93.603
196.680,-19.687,-0.116,0.698,93.641
196.700,-22.816,-0.089,0.698,93.626
196.720,-25.623,-0.058,0.698,93.553
196.740,-28.025,-0.022,0.698,93.429
196.760,-30.035,0.013,0.698,93.260
196.780,-31.617,0.054,0.698,93.056
196.800,-32.684,0.091,0.698,92.828
196.820,-33.293,0.132,0.698,92.590
196.840,-33.422,0.170,0.698,92.355
196.860,-33.123,0.215,0.698,92.137
196.880,-32.309,0.254,0.698,91.948
196.900,-30.973,0.288,0.698,91.802
196.920,-29.209,0.331,0.698,91.703
196.940,-27.006,0.356,0.698,91.664
196.960,-24.445,0.391,0.698,91.677
196.980,-21.486,0.418,0.698,91.758
197.000,-18.217,0.439,0.698,91.885
197.020,-14.684,0.457,0.698,92.068
197.040,-10.910,0.474,0.698,92.276
197.060,-7.020,0.479,0.698,92.527
197.080,-2.977,0.489,0.698,92.771
197.100,1.090,0.485,0.698,93.036
197.120,5.133,0.478,0.698,93.265
197.140,9.100,0.468,0.698,93.483
197.160,12.937,0.455,0.698,93.649
197.180,16.605,0.437,0.698,93.776
197.200,20.021,0.410,0.698,93.842
197.220,23.156,0.384,0.698,93.854
197.240,25.963,0.349,0.698,93.808
197.260,28.359,0.320,0.698,93.707
197.280,30.357,0.281,0.698,93.563
197.300,31.916,0.243,0.698,93.378
197.320,33.018,0.203,0.698,93.170
197.340,33.645,0.160,0.698,92.948
197.360,33.785,0.122,0.698,92.728
197.380,33.434,0.083,0.698,92.524
197.400,32.596,0.043,0.698,92.345
197.420,31.318,0.005,0.698,92.209
197.440,29.549,-0.029,0.698,92.118
197.460,27.410,-0.058,0.698,92.084
197.480,24.809,-0.093,0.698,92.103
197.500,21.879,-0.118,0.698,92.184
197.520,18.639,-0.138,0.698,92.313
197.540,15.105,-0.160,0.698,92.491
197.560,11.379,-0.170,0.698,92.704
197.580,7.477,-0.184,0.698,92.942
197.600,3.480,-0.185,0.698,93.189
197.620,-0.562,-0.182,0.698,93.433
197.640,-4.594,-0.179,0.698,93.657
197.660,-8.602,-0.166,0.698,93.854
197.680,-12.434,-0.158,0.698,94.008
197.700,-16.102,-0.132,0.698,94.116
197.720,-19.535,-0.112,0.698,94.164
197.740,-22.676,-0.083,0.698,94.156
197.760,-25.477,-0.052,0.698,94.088
197.780,-27.908,-0.017,0.698,93.967
197.800,-29.947,0.013,0.698,93.798
197.820,-31.547,0.052,0.698,93.592
197.840,-32.648,0.090,0.698,93.359
197.860,-33.252,0.132,0.698,93.113
197.880,-33.422,0.170,0.698,92.868
197.900,-33.123,0.213,0.698,92.637
197.920,-32.320,0.253,0.698,92.434
197.940,-31.043,0.289,0.698,92.269
197.960,-29.297,0.330,0.698,92.152
197.980,-27.105,0.354,0.698,92.089
198.000,-24.551,0.394,0.698,92.081
198.020,-21.604,0.411,0.698,92.130
198.040,-18.346,0.441,0.698,92.233
198.060,-14.830,0.453,0.698,92.382
198.080,-11.086,0.474,0.698,92.567
198.100,-7.178,0.477,0.698,92.778
198.120,-3.146,0.488,0.698,93.000
198.140,0.914,0.481,0.698,93.223
198.160,4.945,0.478,0.698,93.429
198.180,8.912,0.467,0.698,93.607
198.200,12.785,0.454,0.698,93.748
198.220,16.441,0.435,0.698,93.842
198.240,19.863,0.406,0.698,93.880
198.260,23.010,0.383,0.698,93.788
198.280,25.834,0.348,0.698,93.788
198.300,28.248,0.319,0.698,93.660
198.320,30.281,0.276,0.698,93.488
198.340,31.852,0.244,0.698,93.278
198.360,32.965,0.199,0.698,93.043
198.380,33.627,0.162,0.698,92.797
198.400,33.773,0.120,0.698,92.552
198.420,33.475,0.080,0.698,92.322
198.440,32.654,0.041,0.698,92.122
198.460,31.389,0.003,0.698,91.962
198.480,29.643,-0.034,0.698,91.850
198.500,27.527,-0.067,0.698,91.795
198.520,24.943,-0.097,0.698,91.799
198.540,22.031,-0.125,0.698,91.861
198.560,18.809,-0.144,0.698,91.978
198.580,15.293,-0.165,0.698,92.144
198.600,11.566,-0.175,0.698,92.348
198.620,7.687,-0.186,0.698,92.581
198.640,3.697,-0.187,0.698,92.824
198.660,-0.363,-0.189,0.698,93.069
198.680,-4.400,-0.182,0.698,93.299
198.700,-8.396,-0.175,0.698,93.503
198.720,-12.246,-0.162,0.698,93.669
198.740,-15.902,-0.136,0.698,93.791
198.760,-19.365,-0.118,0.698,93.854
198.780,-22.518,-0.089,0.698,93.865
198.800,-25.336,-0.061,0.698,93.817
198.820,-27.779,-0.027,0.698,93.718
198.840,-29.848,0.012,0.698,93.571
198.860,-31.453,0.045,0.698,93.388
198.880,-32.607,0.087,0.698,93.179
198.900,-33.240,0.126,0.698,92.957
198.920,-33.416,0.168,0.698,92.737
198.940,-33.123,0.204,0.698,92.532
198.960,-32.367,0.248,0.698,92.353
198.980,-31.102,0.284,0.698,92.216
199.000,-29.367,0.324,0.698,92.125
199.020,-27.223,0.351,0.698,92.090
199.040,-24.668,0.389,0.698,92.109
199.060,-21.727,0.406,0.698,92.190
199.080,-18.510,0.438,0.698,92.321
199.100,-15.006,0.452,0.698,92.502
199.120,-11.273,0.470,0.698,92.717
199.140,-7.365,0.477,0.698,92.961
199.160,-3.346,0.482,0.698,93.215
199.180,0.709,0.481,0.698,93.468
199.200,4.752,0.483,0.698,93.705
199.220,8.713,0.462,0.698,93.917
199.240,12.586,0.455,0.698,94.084
199.260,16.277,0.431,0.698,94.205
199.280,19.699,0.410,0.698,94.270
199.300,22.869,0.377,0.698,94.277
199.320,25.699,0.351,0.698,94.223
199.340,28.148,0.316,0.698,94.115
199.360,30.176,0.283,0.698,93.959
199.380,31.787,0.240,0.698,93.765
199.400,32.941,0.207,0.698,93.543
199.420,33.604,0.160,0.698,93.307
199.440,33.791,0.125,0.698,93.071
199.460,33.504,0.080,0.698,92.848
199.480,32.713,0.047,0.693,92.651
199.500,31.453,0.007,0.693,92.492
199.520,29.754,-0.033,0.686,92.379
199.540,27.639,-0.057,0.686,92.322
199.560,25.072,-0.096,0.686,92.318
199.580,22.178,-0.113,0.686,92.373
199.600,18.961,-0.145,0.686,92.477
199.620,15.451,-0.156,0.686,92.633
199.640,11.742,-0.172,0.686,92.820
199.660,7.857,-0.183,0.686,93.036
199.680,3.855,-0.184,0.686,93.264
199.700,-0.187,-0.189,0.686,93.488
199.720,-4.242,-0.177,0.686,93.700
199.740,-8.221,-0.176,0.686,93.882
199.760,-12.100,-0.152,0.686,94.029
199.780,-15.750,-0.144,0.686,94.123
199.800,-19.219,-0.104,0.686,94.167
199.820,-22.424,-0.102,0.686,94.146
199.840,-25.248,-0.046,0.686,94.078
199.860,-27.697,-0.041,0.686,93.948
199.880,-29.789,0.020,0.686,93.777
199.900,-31.412,0.033,0.686,93.327
199.920,-32.584,0.094,0.686,93.327
199.940,-33.234,0.118,0.686,93.075
199.960,-33.445,0.172,0.686,92.824
199.980,-33.193,0.203,0.686,92.588
200.000,-32.426,0.250,0.679,92.378
200.020,-31.195,0.282,0.679,92.207
200.040,-29.490,0.323,0.679,92.082
200.060,-27.363,0.356,0.679,92.015
200.080,-24.844,0.379,0.679,92.004
200.100,-21.902,0.421,0.679,92.048
200.120,-18.680,0.432,0.679,92.154
200.140,-15.193,0.468,0.679,92.301
200.160,-11.467,0.456,0.679,92.497
200.180,-7.559,0.498,0.689,92.708
200.200,-3.545,0.472,0.689,92.946
200.220,0.504,0.506,0.696,93.172
200.240,4.570,0.465,0.696,93.400
200.260,8.549,0.490,0.696,93.588
200.280,12.404,0.440,0.696,93.751
200.300,16.107,0.452,0.696,93.854
200.320,19.553,0.402,0.696,93.910
200.340,22.734,0.399,0.696,93.910
200.360,25.594,0.347,0.696,93.857
200.380,28.037,0.334,0.696,93.745
200.400,30.105,0.274,0.696,93.591
200.420,31.717,0.258,0.696,93.395
200.440,32.889,0.198,0.696,93.175
200.460,33.574,0.178,0.696,92.941
200.480,33.803,0.115,0.696,92.707
200.500,33.516,0.094,0.696,92.489
200.520,32.748,0.036,0.696,92.296
200.540,31.535,0.014,0.696,92.145
200.560,29.836,-0.032,0.696,92.038
200.580,27.750,-0.054,0.696,91.990
200.600,25.213,-0.091,0.696,91.994
200.620,22.324,-0.119,0.696,92.060
200.640,19.131,-0.137,0.696,92.179
200.660,15.633,-0.164,0.696,92.347
200.680,11.936,-0.166,0.696,92.554
200.700,8.057,-0.196,0.702,92.785
200.720,4.061,-0.173,0.702,93.037
200.740,0.035,-0.202,0.707,93.277
200.760,-4.025,-0.166,0.707,93.517
200.780,-8.004,-0.192,0.707,93.716
200.800,-11.889,-0.142,0.707,94.004
200.820,-15.574,-0.158,0.707,94.004
200.840,-19.037,-0.106,0.707,94.076
200.860,-22.225,-0.104,0.707,94.079
200.880,-25.084,-0.054,0.707,94.034
200.900,-27.568,-0.036,0.707,93.927
200.920,-29.660,0.008,0.707,93.776
200.940,-31.307,0.041,0.707,93.585
200.960,-32.496,0.083,0.707,93.366
200.980,-33.182,0.122,0.707,93.132
201.000,-33.428,0.161,0.707,92.897
201.020,-33.170,0.204,0.707,92.675
201.040,-32.443,0.235,0.707,92.479
201.060,-31.225,0.286,0.707,92.319
201.080,-29.531,0.315,0.707,92.207
201.100,-27.434,0.352,0.707,92.147
201.120,-24.932,0.377,0.707,92.145
201.140,-22.031,0.410,0.707,92.197
201.160,-18.820,0.432,0.707,92.305
201.180,-15.340,0.452,0.707,92.458
201.200,-11.643,0.468,0.707,92.650
201.220,-7.729,0.477,0.707,92.867
201.240,-3.727,0.481,0.707,93.098
201.260,0.334,0.481,0.707,93.328
201.280,4.389,0.477,0.707,93.545
201.300,8.361,0.465,0.707,93.735
201.320,12.229,0.456,0.707,93.884
201.340,15.943,0.430,0.707,93.988
201.360,19.389,0.411,0.707,94.035
201.380,22.576,0.379,0.707,94.027
201.400,25.459,0.357,0.707,93.960
201.420,27.926,0.316,0.707,93.840
201.440,30.018,0.287,0.707,93.670
201.460,31.652,0.244,0.707,93.462
201.480,32.842,0.207,0.707,93.227
201.500,33.557,0.166,0.707,92.976
201.520,33.791,0.125,0.707,92.724
201.540,33.551,0.084,0.707,92.485
201.560,32.801,0.045,0.707,92.271
201.580,31.588,0.010,0.707,92.096
201.600,29.906,-0.038,0.707,91.966
201.620,27.855,-0.059,0.707,91.895
201.640,25.348,-0.093,0.707,91.875
201.660,22.471,-0.111,0.707,91.916
201.680,19.283,-0.149,0.707,92.007
201.700,15.814,-0.156,0.707,92.154
201.720,12.111,-0.179,0.707,92.333
201.740,8.232,-0.183,0.707,92.545
201.760,4.260,-0.189,0.707,92.769
201.780,0.223,-0.187,0.707,92.999
201.800,-3.844,-0.184,0.707,93.210
201.820,-7.846,-0.177,0.707,93.401
201.840,-11.736,-0.161,0.707,93.554
201.860,-15.416,-0.142,0.707,93.661
201.880,-18.914,-0.121,0.707,93.714
201.900,-22.119,-0.088,0.707,93.713
201.920,-24.973,-0.062,0.707,93.653
201.940,-27.492,-0.029,0.707,93.542
201.960,-29.607,0.008,0.707,93.384
201.980,-31.307,0.043,0.707,93.188
202.000,-32.508,0.083,0.707,92.964
202.020,-33.211,0.122,0.707,92.727
202.040,-33.428,0.164,0.707,92.265
202.060,-33.223,0.204,0.707,92.265
202.080,-32.566,0.243,0.707,92.068
202.100,-31.359,0.282,0.707,91.910
202.120,-29.666,0.321,0.707,91.797
202.140,-27.580,0.352,0.707,91.742
202.160,-25.078,0.384,0.707,91.742
202.180,-22.219,0.410,0.707,91.804
202.200,-19.014,0.439,0.707,91.919
202.220,-15.545,0.450,0.707,92.086
202.240,-11.836,0.473,0.707,92.291
202.260,-7.939,0.477,0.707,92.526
202.280,-3.937,0.494,0.707,92.778
202.300,0.117,0.482,0.707,93.033
202.320,4.172,0.485,0.707,93.275
202.340,8.150,0.471,0.707,93.492
202.360,12.035,0.460,0.707,93.673
202.380,15.756,0.437,0.707,93.804
202.400,19.230,0.418,0.707,93.888
202.420,22.430,0.386,0.707,93.908
202.440,25.342,0.360,0.707,93.878
202.460,27.826,0.324,0.707,93.788
202.480,29.912,0.292,0.707,93.654
202.500,31.582,0.255,0.707,93.477
202.520,32.807,0.213,0.707,93.275
202.540,33.533,0.175,0.707,93.055
202.560,33.791,0.130,0.707,92.626
202.580,33.568,0.093,0.707,92.626
202.600,32.836,0.054,0.707,92.442
202.620,31.664,0.016,0.707,92.296
202.640,30.023,-0.021,0.707,92.196
202.660,27.967,-0.056,0.707,92.147
202.680,25.477,-0.082,0.707,92.160
202.700,22.611,-0.114,0.707,92.224
202.720,19.453,-0.137,0.707,92.351
202.740,15.984,-0.152,0.707,92.514
202.760,12.287,-0.169,0.707,92.728
202.780,8.426,-0.178,0.707,92.956
202.800,4.441,-0.183,0.707,93.213
202.820,0.416,-0.186,0.707,93.697
202.840,-3.650,-0.178,0.707,93.697
202.860,-7.641,-0.173,0.707,93.896
202.880,-11.543,-0.156,0.707,94.072
202.900,-15.240,-0.140,0.707,94.187
202.920,-18.738,-0.115,0.707,94.258
202.940,-21.961,-0.092,0.707,94.262
202.960,-24.850,-0.062,0.707,94.105
202.980,-27.363,-0.029,0.707,94.105
203.000,-29.473,0.004,0.707,93.951
203.020,-31.195,0.044,0.707,93.754
203.040,-32.414,0.079,0.707,93.529
203.060,-33.158,0.121,0.707,93.286
203.080,-33.422,0.159,0.707,93.040
203.100,-33.217,0.201,0.707,92.807
203.120,-32.549,0.239,0.707,92.596
203.140,-31.377,0.282,0.707,92.421
203.160,-29.730,0.312,0.707,92.291
203.180,-27.662,0.348,0.707,92.213
203.200,-25.178,0.378,0.707,92.192
203.220,-22.336,0.409,0.707,92.225
203.240,-19.148,0.431,0.707,92.316
203.260,-15.697,0.452,0.707,92.448
203.280,-12.000,0.469,0.707,92.630
203.300,-8.121,0.475,0.707,92.827
203.320,-4.125,0.482,0.707,93.050
203.340,-0.070,0.481,0.707,93.261
203.360,3.979,0.480,0.707,93.475
203.380,7.969,0.471,0.707,93.649
203.400,11.865,0.453,0.707,93.801
203.420,15.592,0.437,0.707,93.894
203.440,19.066,0.414,0.707,93.943
203.460,22.289,0.387,0.707,93.930
203.480,25.201,0.355,0.707,93.863
203.500,27.715,0.323,0.707,93.740
203.520,29.836,0.288,0.707,93.570
203.540,31.506,0.250,0.707,93.360
203.560,32.748,0.212,0.707,93.122
203.580,33.510,0.169,0.707,92.869
203.600,33.797,0.128,0.707,92.615
203.620,33.586,0.087,0.707,92.372
203.640,32.895,0.050,0.707,92.155
203.660,31.734,0.008,0.707,91.975
203.680,30.117,-0.024,0.707,91.844
203.700,28.078,-0.065,0.707,91.764
203.720,25.600,-0.086,0.707,91.747
203.740,22.764,-0.120,0.707,91.784
203.760,19.594,-0.134,0.707,91.881
203.780,16.148,-0.166,0.707,92.025
203.800,12.475,-0.168,0.707,92.215
203.820,8.619,-0.191,0.707,92.429
203.840,4.664,-0.186,0.707,92.667
203.860,0.592,-0.191,0.707,92.903
203.880,-3.445,-0.183,0.707,93.131
203.900,-7.447,-0.181,0.707,93.336
203.920,-11.338,-0.160,0.707,93.505
203.940,-15.059,-0.148,0.707,93.629
203.960,-18.568,-0.123,0.707,93.702
203.980,-21.797,-0.095,0.707,93.721
204.000,-24.715,-0.070,0.707,93.680
204.020,-27.234,-0.030,0.707,93.589
204.040,-29.396,0.000,0.707,93.448
204.060,-31.119,0.041,0.707,93.269
204.080,-32.361,0.073,0.707,93.062
204.100,-33.141,0.116,0.707,92.839
204.120,-33.416,0.157,0.707,92.615
204.140,-33.234,0.198,0.707,92.403
204.160,-32.596,0.238,0.707,92.216
204.180,-31.441,0.275,0.707,91.964
204.200,-29.842,0.314,0.707,91.964
204.220,-27.762,0.346,0.707,91.916
204.240,-25.318,0.377,0.707,91.922
204.260,-22.477,0.406,0.707,91.991
204.280,-19.318,0.428,0.707,92.112
204.300,-15.873,0.450,0.707,92.285
204.320,-12.193,0.465,0.707,92.497
204.340,-8.314,0.474,0.707,92.739
204.360,-4.336,0.484,0.707,92.995
204.380,-0.258,0.481,0.707,93.255
204.400,3.791,0.481,0.707,93.504
204.420,7.781,0.466,0.707,93.728
204.440,11.672,0.457,0.707,93.912
204.460,15.398,0.438,0.707,94.052
204.480,18.920,0.414,0.707,94.135
204.500,22.137,0.394,0.707,94.162
204.520,25.072,0.359,0.707,94.131
204.540,27.592,0.327,0.707,94.043
204.560,29.736,0.293,0.707,93.906
204.580,31.436,0.257,0.707,93.727
204.600,32.713,0.215,0.707,93.519
204.620,33.486,0.173,0.707,93.293
204.640,33.785,0.134,0.707,93.062
204.660,33.609,0.096,0.707,92.842
204.680,32.941,0.053,0.707,92.644
204.700,31.793,0.017,0.707,92.483
204.720,30.187,-0.024,0.707,92.365
204.740,28.178,-0.050,0.707,92.301
204.760,25.723,-0.082,0.707,92.291
204.780,22.893,-0.108,0.707,92.339
204.800,19.752,-0.135,0.707,92.437
204.820,16.324,-0.156,0.707,92.587
204.840,12.639,-0.166,0.707,92.775
204.860,8.801,-0.179,0.707,92.993
204.880,4.822,-0.186,0.707,93.221
204.900,0.803,-0.186,0.707,93.455
204.920,-3.270,-0.185,0.707,93.674
204.940,-7.283,-0.171,0.707,93.871
204.960,-11.197,-0.162,0.707,94.026
204.980,-14.906,-0.141,0.707,94.137
205.000,-18.422,-0.120,0.707,94.192
205.020,-21.668,-0.094,0.707,94.191
205.040,-24.604,-0.063,0.707,94.132
205.060,-27.141,-0.030,0.707,94.018
205.080,-29.326,0.005,0.707,93.854
205.100,-31.084,0.040,0.707,93.649
205.120,-32.332,0.079,0.707,93.415
205.140,-33.146,0.120,0.707,93.164
205.160,-33.434,0.156,0.707,92.909
205.180,-33.293,0.197,0.707,92.665
205.200,-32.660,0.237,0.707,92.444
205.220,-31.547,0.278,0.696,92.259
205.240,-29.930,0.319,0.696,92.120
205.260,-27.873,0.348,0.696,92.034
205.280,-25.459,0.381,0.696,92.005
205.300,-22.652,0.410,0.696,92.035
205.320,-19.471,0.431,0.696,92.252
205.340,-16.043,0.455,0.696,92.252
205.360,-12.369,0.468,0.696,92.428
205.380,-8.502,0.481,0.696,92.633
205.400,-4.494,0.484,0.696,92.858
205.420,-0.451,0.485,0.696,93.084
205.440,3.615,0.483,0.696,93.302
205.460,7.605,0.474,0.696,93.496
205.480,11.502,0.459,0.696,93.656
205.500,15.252,0.443,0.696,93.771
205.520,18.756,0.415,0.696,93.835
205.540,21.990,0.394,0.696,93.843
205.560,24.943,0.358,0.696,93.795
205.580,27.480,0.331,0.696,93.692
205.600,29.637,0.294,0.696,93.353
205.620,31.371,0.256,0.696,93.353
205.640,32.660,0.214,0.696,93.134
205.660,33.469,0.173,0.696,92.899
205.680,33.785,0.138,0.696,92.661
205.700,33.615,0.095,0.696,92.233
205.720,32.971,0.055,0.696,92.233
205.740,31.852,0.015,0.686,92.068
205.760,30.275,-0.019,0.686,91.950
205.780,28.283,-0.054,0.685,91.884
205.800,25.852,-0.083,0.685,91.878
205.820,23.027,-0.114,0.685,91.929
205.840,19.916,-0.133,0.685,92.039
205.860,16.500,-0.157,0.685,92.198
205.880,12.814,-0.171,0.685,92.399
205.900,9.000,-0.183,0.685,92.631
205.920,5.016,-0.187,0.685,92.880
205.940,0.984,-0.186,0.685,93.134
205.960,-3.047,-0.185,0.685,93.377
205.980,-7.072,-0.174,0.685,93.596
206.000,-10.975,-0.165,0.685,93.780
206.020,-14.719,-0.141,0.685,93.919
206.040,-18.229,-0.126,0.685,94.005
206.060,-21.486,-0.098,0.685,94.034
206.080,-24.428,-0.070,0.685,94.007
206.100,-26.994,-0.036,0.685,93.924
206.120,-29.203,-0.004,0.685,93.791
206.140,-30.979,0.035,0.685,93.618
206.160,-32.256,0.066,0.685,93.192
206.180,-33.064,0.112,0.685,93.192
206.200,-33.375,0.149,0.685,92.966
206.220,-33.264,0.195,0.685,92.749
206.240,-32.660,0.232,0.685,92.556
206.260,-31.588,0.271,0.685,92.397
206.280,-29.988,0.307,0.685,92.284
206.300,-27.973,0.340,0.685,92.221
206.320,-25.576,0.374,0.685,92.215
206.340,-22.764,0.402,0.685,92.264
206.360,-19.611,0.425,0.685,92.372
206.380,-16.201,0.448,0.685,92.523
206.400,-12.516,0.462,0.685,92.720
206.420,-8.684,0.476,0.685,92.941
206.440,-4.682,0.482,0.685,93.182
206.460,-0.639,0.481,0.685,93.423
206.480,3.410,0.478,0.685,93.655
206.500,7.424,0.469,0.685,93.860
206.520,11.309,0.455,0.685,94.030
206.540,15.076,0.438,0.685,94.152
206.560,18.598,0.416,0.685,94.220
206.580,21.844,0.393,0.685,94.233
206.600,24.809,0.361,0.685,94.186
206.620,27.369,0.328,0.685,94.083
206.640,29.543,0.290,0.685,93.929
206.660,31.295,0.256,0.685,93.734
206.680,32.602,0.218,0.685,93.508
206.700,33.434,0.175,0.685,93.263
206.720,33.779,0.136,0.685,93.013
206.740,33.650,0.094,0.685,92.772
206.760,33.023,0.058,0.685,92.554
206.780,31.928,0.016,0.685,92.370
206.800,30.369,-0.023,0.685,92.231
206.820,28.383,-0.057,0.685,92.145
206.840,25.986,-0.085,0.685,92.115
206.860,23.180,-0.115,0.685,92.141
206.880,20.057,-0.134,0.685,92.224
206.900,16.670,-0.162,0.685,92.354
206.920,12.996,-0.168,0.685,92.528
206.940,9.176,-0.185,0.685,92.731
206.960,5.221,-0.184,0.685,92.952
206.980,1.166,-0.190,0.685,93.176
207.000,-2.883,-0.186,0.685,93.390
207.020,-6.896,-0.174,0.685,93.583
207.040,-10.822,-0.166,0.685,93.739
207.060,-14.555,-0.144,0.685,93.853
207.080,-18.105,-0.128,0.685,93.915
207.100,-21.398,-0.098,0.685,93.922
207.120,-24.340,-0.071,0.685,93.871
207.140,-26.930,-0.033,0.685,93.767
207.160,-29.145,-0.003,0.685,93.613
207.180,-30.926,0.036,0.685,93.418
207.200,-32.256,0.071,0.685,93.194
207.220,-33.094,0.115,0.685,92.952
207.240,-33.410,0.153,0.685,92.707
207.260,-33.311,0.195,0.685,92.473
207.280,-32.742,0.233,0.676,92.261
207.300,-31.682,0.275,0.676,92.086
207.320,-30.123,0.311,0.676,91.956
207.340,-28.113,0.343,0.676,91.879
207.360,-25.711,0.378,0.676,91.859
207.380,-22.939,0.404,0.676,91.901
207.400,-19.811,0.430,0.676,91.998
207.420,-16.400,0.449,0.676,92.145
207.440,-12.750,0.465,0.676,92.335
207.460,-8.889,0.479,0.676,92.558
207.480,-4.904,0.483,0.676,92.801
207.500,-0.861,0.489,0.680,93.050
207.520,3.205,0.482,0.680,93.290
207.540,7.219,0.476,0.680,93.509
207.560,11.127,0.456,0.680,93.692
207.580,14.895,0.445,0.680,93.830
207.600,18.434,0.419,0.680,93.919
207.620,21.697,0.398,0.680,93.949
207.640,24.668,0.362,0.680,93.924
207.660,27.258,0.339,0.680,93.842
207.680,29.455,0.295,0.680,93.541
207.700,31.230,0.266,0.680,93.541
207.720,32.566,0.220,0.680,93.339
207.740,33.404,0.184,0.680,93.119
207.760,33.779,0.143,0.680,92.893
207.780,33.656,0.100,0.680,92.483
207.800,33.076,0.061,0.680,92.483
207.820,31.998,0.024,0.680,92.325
207.840,30.451,-0.013,0.680,92.210
207.860,28.488,-0.050,0.680,92.147
207.880,26.109,-0.076,0.680,92.143
207.900,23.309,-0.112,0.680,92.193
207.920,20.221,-0.129,0.680,92.303
207.940,16.822,-0.154,0.680,92.459
207.960,13.172,-0.164,0.680,92.659
207.980,9.363,-0.183,0.680,92.886
208.000,5.414,-0.183,0.680,93.133
208.020,1.389,-0.186,0.680,93.383
208.040,-2.684,-0.183,0.680,93.622
208.060,-6.697,-0.174,0.680,93.837
208.080,-10.623,-0.166,0.680,94.017
208.100,-14.373,-0.141,0.680,94.151
208.120,-17.906,-0.128,0.680,94.231
208.140,-21.211,-0.098,0.680,94.254
208.160,-24.176,-0.071,0.680,94.219
208.180,-26.783,-0.038,0.680,94.128
208.200,-29.027,-0.005,0.680,93.800
208.220,-30.832,0.033,0.680,93.800
208.240,-32.168,0.070,0.680,93.582
208.260,-33.041,0.111,0.680,93.346
208.280,-33.404,0.149,0.680,93.103
208.300,-33.316,0.188,0.680,92.868
208.320,-32.736,0.228,0.680,92.655
208.340,-31.705,0.269,0.680,92.474
208.360,-30.182,0.308,0.680,92.337
208.380,-28.207,0.339,0.680,92.250
208.400,-25.811,0.376,0.680,92.220
208.420,-23.051,0.397,0.680,92.246
208.440,-19.922,0.432,0.680,92.326
208.460,-16.518,0.443,0.680,92.459
208.480,-12.908,0.466,0.680,92.630
208.500,-9.053,0.472,0.680,92.833
208.520,-5.062,0.481,0.680,93.051
208.540,-1.025,0.480,0.680,93.276
208.560,3.029,0.478,0.680,93.488
208.580,7.037,0.468,0.680,93.681
208.600,10.951,0.458,0.680,93.836
208.620,14.736,0.435,0.680,93.950
208.640,18.270,0.420,0.680,94.009
208.660,21.545,0.390,0.680,94.015
208.680,24.527,0.367,0.680,93.962
208.700,27.141,0.331,0.680,93.856
208.720,29.367,0.295,0.680,93.698
208.740,31.148,0.256,0.680,93.500
208.760,32.514,0.219,0.680,93.269
208.780,33.381,0.178,0.680,93.020
208.800,33.762,0.141,0.680,92.766
208.820,33.668,0.090,0.680,92.520
208.840,33.100,0.062,0.680,92.297
208.860,32.057,0.013,0.679,92.107
208.880,30.527,-0.009,0.679,91.964
208.900,28.594,-0.065,0.679,91.870
208.920,26.221,-0.071,0.679,91.839
208.940,23.455,-0.120,0.679,91.858
208.960,20.373,-0.127,0.679,91.943
208.980,17.010,-0.161,0.679,92.071
209.000,13.365,-0.167,0.679,92.250
209.020,9.551,-0.184,0.679,92.457
209.040,5.602,-0.184,0.679,92.686
209.060,1.582,-0.190,0.679,92.919
209.080,-2.496,-0.186,0.679,93.147
209.100,-6.504,-0.174,0.679,93.353
209.120,-10.447,-0.173,0.679,93.525
209.140,-14.203,-0.141,0.679,93.659
209.160,-17.742,-0.138,0.679,93.737
209.180,-21.053,-0.094,0.679,93.767
209.200,-24.041,-0.081,0.679,93.734
209.220,-26.678,-0.038,0.679,93.650
209.240,-28.928,-0.013,0.679,93.515
209.260,-30.750,0.035,0.679,93.340
209.280,-32.109,0.062,0.679,93.132
209.300,-33.006,0.113,0.679,92.907
209.320,-33.387,0.145,0.679,92.677
209.340,-33.340,0.194,0.679,92.455
209.360,-32.801,0.224,0.679,92.257
209.380,-31.770,0.269,0.679,92.092
209.400,-30.246,0.298,0.679,91.973
209.420,-28.312,0.344,0.679,91.905
209.440,-25.945,0.365,0.679,91.897
209.460,-23.215,0.401,0.679,91.943
209.480,-20.098,0.422,0.679,92.051
209.500,-16.705,0.451,0.679,92.206
209.520,-13.102,0.460,0.679,92.409
209.540,-9.264,0.477,0.679,92.638
209.560,-5.291,0.479,0.679,92.892
209.580,-1.254,0.489,0.679,93.149
209.600,2.818,0.481,0.679,93.400
209.620,6.838,0.475,0.679,93.629
209.640,10.746,0.457,0.679,93.823
209.660,14.531,0.447,0.679,93.973
209.680,18.100,0.421,0.679,94.071
209.700,21.387,0.398,0.679,94.112
209.720,24.393,0.367,0.679,94.094
209.740,27.023,0.333,0.679,94.020
209.760,29.262,0.301,0.679,93.894
209.780,31.066,0.261,0.679,93.727
209.800,32.449,0.225,0.679,93.525
209.820,33.334,0.182,0.679,93.304
209.840,33.773,0.148,0.679,93.076
209.860,33.691,0.102,0.679,92.855
209.880,33.146,0.070,0.679,92.654
209.900,32.115,0.023,0.679,92.486
209.920,30.609,-0.007,0.679,92.361
209.940,28.687,-0.055,0.679,92.287
209.960,26.350,-0.068,0.679,92.271
209.980,23.590,-0.111,0.679,92.307
210.000,20.525,-0.120,0.679,92.403
210.020,17.168,-0.156,0.679,92.542
210.040,13.523,-0.162,0.679,92.730
210.060,9.727,-0.179,0.679,92.944
210.080,5.783,-0.183,0.679,93.180
210.100,1.758,-0.190,0.679,93.418
210.120,-2.303,-0.183,0.679,93.650
210.140,-6.311,-0.177,0.679,93.855
210.160,-10.266,-0.163,0.679,94.028
210.180,-14.045,-0.143,0.679,94.154
210.200,-17.596,-0.128,0.679,94.228
210.220,-20.930,-0.097,0.679,94.245
210.240,-23.924,-0.076,0.679,94.205
210.260,-26.584,-0.036,0.679,94.108
210.280,-28.846,-0.009,0.679,93.960
210.300,-30.709,0.034,0.679,93.769
210.320,-32.104,0.066,0.679,93.544
210.340,-32.988,0.112,0.679,93.299
210.360,-33.387,0.148,0.679,93.047
210.380,-33.357,0.192,0.679,92.803
210.400,-32.859,0.231,0.679,92.579
210.420,-31.828,0.270,0.679,92.387
210.440,-30.334,0.309,0.679,92.240
210.460,-28.418,0.340,0.679,92.143
210.480,-26.051,0.369,0.679,92.103
210.500,-23.344,0.401,0.679,92.118
210.520,-20.244,0.427,0.679,92.192
210.540,-16.863,0.446,0.679,92.315
210.560,-13.271,0.465,0.679,92.483
210.580,-9.428,0.473,0.679,92.683
210.600,-5.467,0.486,0.679,92.902
210.620,-1.424,0.486,0.679,93.130
210.640,2.643,0.481,0.679,93.350
210.660,6.650,0.473,0.679,93.550
210.680,10.582,0.460,0.679,93.715
210.700,14.373,0.447,0.679,93.841
210.720,17.947,0.421,0.679,93.915
210.740,21.252,0.397,0.679,93.896
210.760,24.270,0.365,0.679,93.896
210.780,26.906,0.333,0.679,93.802
210.800,29.174,0.299,0.679,93.659
210.820,31.008,0.264,0.679,93.474
210.840,32.402,0.223,0.679,93.258
210.860,33.316,0.186,0.679,93.022
210.880,33.744,0.142,0.679,92.781
210.900,33.703,0.105,0.679,92.547
210.920,33.193,0.063,0.679,92.335
210.940,32.174,0.025,0.679,92.157
210.960,30.709,-0.011,0.679,92.023
210.980,28.799,-0.049,0.679,91.942
211.000,26.484,-0.074,0.679,91.918
211.020,23.736,-0.111,0.679,91.954
211.040,20.678,-0.128,0.679,92.047
211.060,17.350,-0.154,0.679,92.192
211.080,13.717,-0.169,0.679,92.380
211.100,9.932,-0.179,0.679,92.604
211.120,5.988,-0.187,0.679,92.846
211.140,1.957,-0.185,0.679,93.098
211.160,-2.098,-0.187,0.679,93.339
211.180,-6.111,-0.178,0.679,93.564
211.200,-10.049,-0.166,0.679,93.753
211.220,-13.816,-0.150,0.679,93.903
211.240,-17.432,-0.131,0.679,94.000
211.260,-20.748,-0.103,0.679,94.045
211.280,-23.754,-0.081,0.679,94.029
211.300,-26.420,-0.042,0.679,93.960
211.320,-28.699,-0.017,0.679,93.837
211.340,-30.598,0.029,0.679,93.674
211.360,-31.998,0.060,0.679,93.476
211.380,-32.930,0.102,0.679,93.258
211.400,-33.346,0.141,0.679,93.033
211.420,-33.352,0.183,0.679,92.814
211.440,-32.854,0.224,0.679,92.616
211.460,-31.863,0.265,0.679,92.449
211.480,-30.410,0.300,0.679,92.329
211.500,-28.494,0.338,0.679,92.254
211.520,-26.174,0.364,0.679,92.242
211.540,-23.443,0.400,0.679,92.279
211.560,-20.373,0.422,0.679,92.379
211.580,-17.033,0.445,0.679,92.526
211.600,-13.441,0.458,0.679,92.718
211.620,-9.586,0.473,0.679,92.937
211.640,-5.654,0.481,0.679,93.180
211.660,-1.600,0.482,0.679,93.428
211.680,2.443,0.480,0.679,93.666
211.700,6.469,0.474,0.679,93.888
211.720,10.400,0.459,0.679,94.069
211.740,14.203,0.444,0.679,94.214
211.760,17.783,0.420,0.679,94.299
211.780,21.094,0.399,0.679,94.333
211.800,24.146,0.368,0.679,94.305
211.820,26.783,0.337,0.679,94.222
211.840,29.074,0.303,0.679,94.085
211.860,30.926,0.266,0.679,93.906
211.880,32.338,0.225,0.679,93.692
211.900,33.281,0.186,0.679,93.457
211.920,33.732,0.145,0.679,93.213
211.940,33.721,0.105,0.679,92.975
211.960,33.217,0.063,0.679,92.757
211.980,32.227,0.026,0.679,92.569
212.000,30.779,-0.013,0.679,92.426
212.020,28.881,-0.049,0.679,92.330
212.040,26.607,-0.072,0.679,92.293
212.060,23.877,-0.109,0.679,92.309
212.080,20.824,-0.127,0.679,92.387
212.100,17.502,-0.154,0.679,92.510
212.120,13.887,-0.166,0.679,92.680
212.140,10.107,-0.179,0.679,92.879
212.160,6.176,-0.187,0.679,93.103
212.180,2.150,-0.185,0.679,93.332
212.200,-1.922,-0.184,0.679,93.552
212.220,-5.930,-0.177,0.679,93.751
212.240,-9.896,-0.169,0.679,93.920
212.260,-13.670,-0.150,0.679,94.046
212.280,-17.262,-0.131,0.679,94.122
212.300,-20.607,-0.102,0.679,94.142
212.320,-23.643,-0.078,0.679,94.102
212.340,-26.326,-0.042,0.679,94.009
212.360,-28.635,-0.009,0.679,93.864
212.380,-30.533,0.032,0.679,93.676
212.400,-31.939,0.062,0.679,93.455
212.420,-32.918,0.105,0.679,93.214
212.440,-33.346,0.145,0.679,92.966
212.460,-33.363,0.188,0.679,92.724
212.480,-32.889,0.228,0.679,92.503
212.500,-31.939,0.265,0.678,92.314
212.520,-30.492,0.302,0.678,92.170
212.540,-28.594,0.340,0.678,92.074
212.560,-26.297,0.367,0.678,92.039
212.580,-23.602,0.400,0.678,92.056
212.600,-20.537,0.423,0.678,92.137
212.620,-17.197,0.449,0.678,92.266
212.640,-13.623,0.457,0.678,92.444
212.660,-9.797,0.479,0.678,92.650
212.680,-5.848,0.482,0.678,92.886
212.700,-1.816,0.488,0.678,93.126
212.720,2.256,0.484,0.678,93.363
212.740,6.281,0.479,0.678,93.579
212.760,10.207,0.464,0.678,93.764
212.780,14.016,0.450,0.678,93.909
212.800,17.607,0.424,0.678,94.002
212.820,20.941,0.404,0.678,94.041
212.840,24.012,0.374,0.678,94.022
212.860,26.678,0.342,0.678,93.949
212.880,28.969,0.305,0.678,93.823
212.900,30.838,0.269,0.678,93.655
212.920,32.285,0.233,0.678,93.454
212.940,33.240,0.192,0.678,93.232
212.960,33.727,0.150,0.678,93.002
212.980,33.738,0.112,0.678,92.778
213.000,33.258,0.070,0.678,92.574
213.020,32.285,0.035,0.678,92.403
213.040,30.855,-0.005,0.678,92.273
213.060,28.986,-0.042,0.678,92.195
213.080,26.707,-0.068,0.678,92.173
213.100,24.023,-0.104,0.678,92.209
213.120,20.994,-0.122,0.678,92.302
213.140,17.689,-0.150,0.678,92.446
213.160,14.068,-0.158,0.678,92.634
213.180,10.295,-0.178,0.678,92.855
213.200,6.369,-0.183,0.678,93.099
213.220,2.355,-0.185,0.678,93.348
213.240,-1.693,-0.182,0.678,93.590
213.260,-5.736,-0.176,0.678,93.811
213.280,-9.691,-0.164,0.678,94.002
213.300,-13.494,-0.151,0.678,94.147
213.320,-17.074,-0.130,0.678,94.243
213.340,-20.420,-0.108,0.678,94.281
213.360,-23.502,-0.079,0.678,94.261
213.380,-26.191,-0.049,0.678,94.185
213.400,-28.518,-0.015,0.678,94.056
213.420,-30.422,0.026,0.678,93.883
213.440,-31.852,0.058,0.678,93.674
213.460,-32.859,0.103,0.678,93.444
213.480,-33.334,0.138,0.678,93.203
213.500,-33.387,0.182,0.678,92.968
213.520,-32.918,0.220,0.678,92.750
213.540,-31.980,0.261,0.678,92.563
213.560,-30.557,0.296,0.678,92.418
213.580,-28.687,0.334,0.678,92.321
213.600,-26.402,0.359,0.678,92.281
213.620,-23.730,0.398,0.678,92.293
213.640,-20.689,0.417,0.678,92.366
213.660,-17.355,0.443,0.678,92.486
213.680,-13.770,0.456,0.678,92.651
213.700,-9.984,0.472,0.678,92.848
213.720,-6.035,0.479,0.678,93.065
213.740,-1.986,0.486,0.678,93.290
213.760,2.068,0.479,0.678,93.511
213.780,6.105,0.473,0.678,93.710
213.800,10.020,0.460,0.678,93.877
213.820,13.846,0.444,0.678,94.002
213.840,17.443,0.423,0.678,94.075
213.860,20.807,0.399,0.678,94.095
213.880,23.871,0.368,0.678,94.054
213.900,26.566,0.336,0.678,93.959
213.920,28.875,0.302,0.678,93.811
213.940,30.768,0.265,0.678,93.619
213.960,32.232,0.228,0.678,93.394
213.980,33.199,0.186,0.678,93.146
214.000,33.727,0.150,0.678,92.890
214.020,33.738,0.105,0.678,92.638
214.040,33.287,0.066,0.678,92.407
214.060,32.344,0.027,0.678,92.206
214.080,30.937,-0.009,0.678,92.049
214.100,29.092,-0.044,0.678,91.940
214.120,26.836,-0.074,0.678,91.890
214.140,24.164,-0.110,0.678,91.897
214.160,21.141,-0.126,0.678,91.965
214.180,17.842,-0.153,0.678,92.080
214.200,14.256,-0.164,0.678,92.244
214.220,10.477,-0.183,0.678,92.442
214.240,6.562,-0.185,0.678,92.665
214.260,2.543,-0.188,0.678,92.895
214.280,-1.500,-0.188,0.678,93.123
214.300,-5.525,-0.181,0.678,93.332
214.320,-9.492,-0.172,0.678,93.512
214.340,-13.312,-0.151,0.678,93.652
214.360,-16.898,-0.133,0.678,93.742
214.380,-20.285,-0.107,0.678,93.778
214.400,-23.350,-0.082,0.678,93.758
214.420,-26.057,-0.050,0.678,93.684
214.440,-28.424,-0.019,0.678,93.559
214.460,-30.346,0.022,0.678,93.390
214.480,-31.811,0.055,0.678,93.187
214.500,-32.830,0.101,0.678,92.964
214.520,-33.299,0.133,0.678,92.732
214.540,-33.375,0.183,0.678,92.506
214.560,-32.965,0.220,0.678,92.300
214.580,-32.033,0.255,0.678,92.126
214.600,-30.645,0.298,0.678,91.995
214.620,-28.793,0.329,0.678,91.914
214.640,-26.525,0.362,0.678,91.891
214.660,-23.871,0.396,0.678,91.924
214.680,-20.865,0.417,0.678,92.019
214.700,-17.520,0.442,0.678,92.164
214.720,-13.969,0.457,0.678,92.356
214.740,-10.178,0.475,0.678,92.583
214.760,-6.229,0.480,0.678,92.833
214.780,-2.191,0.483,0.678,93.091
214.800,1.863,0.483,0.678,93.345
214.820,5.906,0.478,0.678,93.583
214.840,9.838,0.464,0.678,93.790
214.860,13.664,0.448,0.678,93.954
214.880,17.273,0.428,0.678,94.066
214.900,20.631,0.405,0.678,94.124
214.920,23.736,0.373,0.678,94.122
214.940,26.449,0.349,0.678,94.063
214.960,28.770,0.310,0.678,93.952
214.980,30.686,0.276,0.678,93.796
215.000,32.168,0.236,0.678,93.605
215.020,33.176,0.195,0.678,93.390
215.040,33.703,0.154,0.678,93.164
215.060,33.744,0.112,0.678,92.943
215.080,33.322,0.074,0.678,92.739
215.100,32.396,0.037,0.676,92.564
215.120,31.020,-0.004,0.676,92.431
215.140,29.180,-0.038,0.676,92.346
215.160,26.959,-0.069,0.676,92.317
215.180,24.293,-0.099,0.676,92.344
215.200,21.305,-0.120,0.676,92.428
215.220,18.000,-0.145,0.676,92.557
215.240,14.426,-0.160,0.676,92.736
215.260,10.670,-0.174,0.676,92.945
215.280,6.744,-0.179,0.676,93.177
215.300,2.736,-0.182,0.676,93.415
215.320,-1.312,-0.183,0.676,93.647
215.340,-5.350,-0.174,0.676,93.860
215.360,-9.311,-0.168,0.676,94.040
215.380,-13.125,-0.149,0.676,94.177
215.400,-16.746,-0.132,0.676,94.264
215.420,-20.145,-0.105,0.676,94.295
215.440,-23.232,-0.079,0.676,94.266
215.460,-25.951,-0.046,0.676,94.180
215.480,-28.301,-0.014,0.676,94.040
215.500,-30.270,0.025,0.676,93.856
215.520,-31.775,0.059,0.676,93.636
215.540,-32.789,0.102,0.676,93.392
215.560,-33.299,0.140,0.676,93.137
215.580,-33.398,0.182,0.676,92.886
215.600,-32.959,0.220,0.676,92.653
215.620,-32.092,0.259,0.676,92.449
215.640,-30.715,0.296,0.676,92.286
215.660,-28.875,0.333,0.676,92.171
215.680,-26.625,0.360,0.676,92.114
215.700,-23.982,0.396,0.676,92.109
215.720,-21.006,0.418,0.676,92.166
215.740,-17.684,0.445,0.676,92.270
215.760,-14.121,0.452,0.676,92.425
215.780,-10.354,0.476,0.676,92.609
215.800,-6.398,0.476,0.676,92.820
215.820,-2.391,0.485,0.676,93.037
215.840,1.676,0.479,0.676,93.254
215.860,5.719,0.477,0.676,93.452
215.880,9.668,0.461,0.676,93.623
215.900,13.494,0.446,0.676,93.751
215.920,17.104,0.425,0.676,93.833
215.940,20.484,0.403,0.676,93.859
215.960,23.590,0.369,0.676,93.830
215.980,26.326,0.340,0.676,93.743
216.000,28.664,0.306,0.676,93.605
216.020,30.598,0.273,0.676,93.424
216.040,32.098,0.233,0.676,93.209
216.060,33.141,0.193,0.676,92.972
216.080,33.686,0.152,0.676,92.725
216.100,33.762,0.115,0.676,92.483
216.120,33.363,0.071,0.676,92.260
216.140,32.443,0.032,0.676,92.068
216.160,31.102,-0.004,0.676,91.919
216.180,29.273,-0.042,0.676,91.818
216.200,27.082,-0.071,0.676,91.779
216.220,24.434,-0.102,0.676,91.795
216.240,21.457,-0.129,0.676,91.872
216.260,18.170,-0.152,0.676,92.002
216.280,14.607,-0.166,0.676,92.181
216.300,10.857,-0.179,0.676,92.396
216.320,6.961,-0.183,0.676,92.637
216.340,2.947,-0.189,0.677,92.886
216.360,-1.113,-0.186,0.677,93.133
216.380,-5.162,-0.182,0.677,93.363
216.400,-9.117,-0.176,0.677,93.565
216.420,-12.943,-0.155,0.677,93.730
216.440,-16.570,-0.139,0.677,93.843
216.460,-19.963,-0.113,0.677,93.903
216.480,-23.068,-0.087,0.677,93.906
216.500,-25.816,-0.058,0.677,93.853
216.520,-28.189,-0.019,0.677,93.748
216.540,-30.158,0.013,0.677,93.598
216.560,-31.699,0.055,0.677,93.413
216.580,-32.730,0.093,0.677,93.205
216.600,-33.258,0.132,0.677,92.987
216.620,-33.381,0.173,0.677,92.773
216.640,-32.988,0.214,0.677,92.576
216.660,-32.139,0.255,0.677,92.409
216.680,-30.791,0.290,0.677,92.284
216.700,-28.980,0.330,0.677,92.207
216.720,-26.754,0.355,0.677,92.189
216.740,-24.123,0.389,0.677,92.224
216.760,-21.129,0.413,0.677,92.319
216.780,-17.836,0.442,0.677,92.463
216.800,-14.309,0.452,0.677,92.658
216.820,-10.523,0.474,0.677,92.881
216.840,-6.592,0.475,0.677,93.132
216.860,-2.572,0.485,0.677,93.390
216.880,1.500,0.477,0.677,93.645
216.900,5.525,0.478,0.677,93.880
216.920,9.469,0.461,0.677,94.085
216.940,13.307,0.447,0.677,94.246
216.960,16.957,0.427,0.677,94.356
216.980,20.326,0.406,0.677,94.411
217.000,23.432,0.376,0.677,94.407
217.020,26.191,0.351,0.677,94.345
217.040,28.564,0.306,0.677,94.230
217.060,30.516,0.275,0.677,94.066
217.080,32.039,0.231,0.677,93.865
217.100,33.088,0.197,0.677,93.640
217.120,33.674,0.153,0.677,93.403
217.140,33.773,0.112,0.677,93.167
217.160,33.381,0.071,0.677,92.947
217.180,32.508,0.034,0.677,92.757
217.200,31.166,-0.001,0.677,92.605
217.220,29.379,-0.040,0.677,92.501
217.240,27.187,-0.068,0.677,92.454
217.260,24.557,-0.101,0.677,92.459
217.280,21.598,-0.121,0.677,92.524
217.300,18.328,-0.146,0.677,92.636
217.320,14.766,-0.164,0.677,92.797
217.340,11.010,-0.176,0.677,92.990
217.360,7.119,-0.179,0.677,93.206
217.380,3.111,-0.187,0.677,93.430
217.400,-0.937,-0.183,0.677,93.653
217.420,-4.963,-0.180,0.677,93.855
217.440,-8.953,-0.170,0.677,94.028
217.460,-12.779,-0.152,0.677,94.161
217.480,-16.395,-0.133,0.677,94.243
217.500,-19.822,-0.110,0.677,94.270
217.520,-22.928,-0.082,0.677,94.241
217.540,-25.711,-0.053,0.677,94.154
217.560,-28.107,-0.014,0.677,94.016
217.580,-30.082,0.015,0.677,93.831
217.600,-31.641,0.057,0.677,93.611
217.620,-32.695,0.095,0.677,93.366
217.640,-33.275,0.136,0.677,93.111
217.660,-33.398,0.174,0.677,92.860
217.680,-33.029,0.213,0.677,92.625
217.700,-32.191,0.257,0.675,92.419
217.720,-30.867,0.290,0.675,92.256
217.740,-29.080,0.331,0.675,92.140
217.760,-26.883,0.359,0.675,92.082
217.780,-24.264,0.392,0.675,92.080
217.800,-21.287,0.414,0.675,92.137
217.820,-18.018,0.441,0.675,92.246
217.840,-14.496,0.457,0.675,92.403
217.860,-10.717,0.476,0.675,92.596
217.880,-6.797,0.477,0.675,92.816
217.900,-2.754,0.490,0.679,93.047
217.920,1.289,0.482,0.679,93.279
217.940,5.338,0.483,0.679,93.494
217.960,9.281,0.466,0.679,93.682
217.980,13.148,0.451,0.679,93.830
218.000,16.775,0.429,0.679,93.929
218.020,20.174,0.408,0.679,93.975
218.040,23.303,0.379,0.679,93.964
218.060,26.080,0.351,0.679,93.898
218.080,28.459,0.314,0.679,93.780
218.100,30.434,0.279,0.679,93.617
218.120,31.986,0.240,0.679,93.419
218.140,33.064,0.204,0.679,93.197
218.160,33.662,0.160,0.679,92.964
218.180,33.773,0.117,0.679,92.734
218.200,33.422,0.080,0.679,92.522
218.220,32.555,0.038,0.679,92.339
218.240,31.236,0.004,0.679,92.197
218.260,29.467,-0.038,0.679,92.103
218.280,27.305,-0.061,0.679,92.069
218.300,24.686,-0.093,0.679,92.088
218.320,21.750,-0.120,0.679,92.168
218.340,18.492,-0.144,0.679,92.298
218.360,14.959,-0.162,0.679,92.478
218.380,11.221,-0.174,0.679,92.693
218.400,7.324,-0.183,0.679,92.933
218.420,3.322,-0.185,0.679,93.183
218.440,-0.715,-0.186,0.679,93.431
218.460,-4.764,-0.180,0.679,93.661
218.480,-8.748,-0.172,0.679,93.862
218.500,-12.580,-0.156,0.679,94.023
218.520,-16.219,-0.137,0.679,94.136
218.540,-19.658,-0.113,0.679,94.191
218.560,-22.781,-0.087,0.679,94.188
218.580,-25.570,-0.056,0.679,94.129
218.600,-27.990,-0.021,0.679,94.017
218.620,-30.018,0.013,0.679,93.857
218.640,-31.582,0.049,0.679,93.661
218.660,-32.654,0.090,0.679,93.438
218.680,-33.258,0.130,0.679,93.204
218.700,-33.381,0.174,0.679,92.970
218.720,-33.064,0.209,0.679,92.753
218.740,-32.256,0.253,0.679,92.562
218.760,-30.932,0.286,0.679,92.411
218.780,-29.156,0.325,0.679,92.307
218.800,-26.971,0.350,0.679,92.258
218.820,-24.404,0.391,0.679,92.263
218.840,-21.451,0.412,0.679,92.329
218.860,-18.176,0.439,0.679,92.443
218.880,-14.637,0.451,0.679,92.605
218.900,-10.887,0.470,0.679,92.798
218.920,-6.990,0.474,0.679,93.018
218.940,-2.953,0.487,0.679,93.246
218.960,1.096,0.477,0.679,93.475
218.980,5.139,0.477,0.679,93.686
219.000,9.094,0.459,0.679,93.868
219.020,12.955,0.450,0.679,94.007
219.040,16.611,0.427,0.679,94.099
219.060,20.016,0.407,0.679,94.135
219.080,23.150,0.377,0.679,94.115
219.100,25.957,0.346,0.679,94.035
219.120,28.359,0.314,0.679,93.903
219.140,30.363,0.274,0.679,93.724
219.160,31.916,0.237,0.679,93.508
219.180,33.018,0.199,0.679,93.267
219.200,33.650,0.156,0.679,93.014
219.220,33.779,0.118,0.679,92.763
219.240,33.434,0.075,0.679,92.527
219.260,32.596,0.037,0.679,92.320
219.280,31.318,0.001,0.679,92.153
219.300,29.549,-0.040,0.679,92.033
219.320,27.422,-0.065,0.679,91.971
219.340,24.820,-0.096,0.679,91.963
219.360,21.891,-0.121,0.679,92.016
219.380,18.650,-0.147,0.679,92.120
219.400,15.117,-0.163,0.679,92.275
219.420,11.396,-0.174,0.679,92.464
219.440,7.494,-0.184,0.679,92.681
219.460,3.492,-0.187,0.679,92.908
219.480,-0.562,-0.187,0.679,93.136
219.500,-4.600,-0.183,0.679,93.348
219.520,-8.602,-0.172,0.679,93.533
219.540,-12.451,-0.159,0.679,93.680
219.560,-16.102,-0.137,0.679,93.781
219.580,-19.547,-0.116,0.679,93.826
219.600,-22.699,-0.088,0.679,93.819
219.620,-25.494,-0.060,0.679,93.751
219.640,-27.932,-0.025,0.679,93.634
219.660,-29.971,0.012,0.679,93.469
219.680,-31.559,0.049,0.679,93.268
219.700,-32.684,0.087,0.679,93.043
219.720,-33.287,0.127,0.679,92.806
219.740,-33.457,0.170,0.679,92.572
219.760,-33.152,0.213,0.679,92.354
219.780,-32.361,0.252,0.679,92.165
219.800,-31.072,0.288,0.679,92.017
219.820,-29.326,0.325,0.679,91.917
219.840,-27.141,0.350,0.679,91.874
219.860,-24.592,0.394,0.679,91.885
219.880,-21.633,0.416,0.679,91.960
219.900,-18.381,0.438,0.679,92.088
219.920,-14.883,0.457,0.679,92.263
219.940,-11.109,0.470,0.679,92.474
219.960,-7.201,0.481,0.679,92.713
219.980,-3.176,0.483,0.679,92.964
220.000,0.873,0.485,0.679,93.214
220.020,4.922,0.481,0.679,93.452
220.040,8.900,0.472,0.679,93.660
220.060,12.762,0.454,0.679,93.830
220.080,16.424,0.435,0.679,93.951
220.100,19.840,0.414,0.679,94.017
220.120,23.004,0.384,0.679,94.027
220.140,25.828,0.352,0.679,93.978
220.160,28.242,0.321,0.679,93.876
220.180,30.270,0.283,0.679,93.727
220.200,31.846,0.248,0.679,93.541
220.220,32.977,0.206,0.679,93.328
220.240,33.615,0.165,0.679,93.103
220.260,33.785,0.123,0.679,92.878
220.280,33.475,0.083,0.679,92.667
220.300,32.660,0.045,0.679,92.484
220.320,31.389,0.006,0.679,92.341
220.340,29.660,-0.032,0.679,92.244
220.360,27.527,-0.062,0.679,92.203
220.380,24.949,-0.090,0.679,92.217
220.400,22.031,-0.119,0.679,92.288
220.420,18.809,-0.135,0.679,92.413
220.440,15.293,-0.164,0.679,92.582
220.460,11.572,-0.167,0.679,92.790
220.480,7.693,-0.184,0.679,93.021
220.500,3.686,-0.182,0.679,93.265
220.520,-0.363,-0.183,0.679,93.506
220.540,-4.412,-0.179,0.679,93.728
220.560,-8.391,-0.170,0.679,93.922
220.580,-12.258,-0.154,0.679,94.075
220.600,-15.908,-0.136,0.679,94.180
220.620,-19.354,-0.115,0.679,94.229
220.640,-22.541,-0.083,0.679,94.222
220.660,-25.354,-0.055,0.679,94.154
220.680,-27.797,-0.024,0.679,94.034
220.700,-29.854,0.015,0.679,93.865
220.720,-31.453,0.049,0.679,93.659
220.740,-32.607,0.094,0.679,93.426
220.760,-33.234,0.125,0.679,93.178
220.780,-33.422,0.173,0.679,92.931
220.800,-33.123,0.207,0.679,92.699
220.820,-32.355,0.249,0.679,92.492
220.840,-31.102,0.282,0.679,92.324
220.860,-29.379,0.329,0.679,92.201
220.880,-27.211,0.351,0.679,92.134
220.900,-24.668,0.390,0.679,92.122
220.920,-21.744,0.409,0.679,92.169
220.940,-18.516,0.440,0.679,92.267
220.960,-15.023,0.452,0.679,92.414
220.980,-11.279,0.471,0.679,92.595
221.000,-7.365,0.478,0.679,92.803
221.020,-3.334,0.481,0.679,93.024
221.040,0.715,0.487,0.679,93.244
221.060,4.746,0.476,0.679,93.453
221.080,8.725,0.464,0.679,93.631
221.100,12.580,0.452,0.679,93.771
221.120,16.277,0.431,0.679,93.864
221.140,19.705,0.409,0.679,93.903
221.160,22.869,0.380,0.679,93.886
221.180,25.705,0.349,0.679,93.812
221.200,28.148,0.318,0.679,93.685
221.220,30.176,0.278,0.679,93.513
221.240,31.787,0.241,0.679,93.303
221.260,32.936,0.201,0.679,93.067
221.280,33.604,0.162,0.679,92.819
221.300,33.791,0.119,0.679,92.572
221.320,33.504,0.079,0.679,92.340
221.340,32.719,0.045,0.678,92.136
221.360,31.459,0.007,0.678,91.972
221.380,29.754,-0.034,0.678,91.854
221.400,27.639,-0.067,0.678,91.795
221.420,25.078,-0.098,0.678,91.794
221.440,22.189,-0.124,0.678,91.854
221.460,18.984,-0.145,0.678,91.965
221.480,15.463,-0.162,0.678,92.128
221.500,11.754,-0.175,0.678,92.326
221.520,7.887,-0.184,0.678,92.557
221.540,3.896,-0.189,0.679,92.798
221.560,-0.135,-0.188,0.679,93.042
221.580,-4.195,-0.187,0.679,93.270
221.600,-8.191,-0.174,0.679,93.476
221.620,-12.041,-0.163,0.679,93.643
221.640,-15.732,-0.139,0.679,93.766
221.660,-19.178,-0.125,0.679,93.833
221.680,-22.377,-0.088,0.679,93.847
221.700,-25.207,-0.066,0.679,93.801
221.720,-27.686,-0.027,0.679,93.704
221.740,-29.754,0.004,0.679,93.559
221.760,-31.383,0.045,0.679,93.378
221.780,-32.555,0.082,0.679,93.170
221.800,-33.223,0.127,0.679,92.950
221.820,-33.434,0.161,0.679,92.730
221.840,-33.152,0.208,0.679,92.524
221.860,-32.396,0.238,0.679,92.347
221.880,-31.189,0.284,0.679,92.207
221.900,-29.461,0.316,0.679,92.116
221.920,-27.340,0.352,0.679,92.078
221.940,-24.803,0.385,0.679,92.099
221.960,-21.908,0.411,0.679,92.179
221.980,-18.674,0.432,0.679,92.312
222.000,-15.182,0.454,0.679,92.491
222.020,-11.467,0.468,0.679,92.709
222.040,-7.559,0.480,0.679,92.953
222.060,-3.551,0.483,0.679,93.212
222.080,0.510,0.483,0.679,93.469
222.100,4.564,0.477,0.679,93.712
222.120,8.514,0.469,0.679,93.926
222.140,12.404,0.450,0.679,94.101
222.160,16.096,0.435,0.679,94.227
222.180,19.547,0.408,0.679,94.298
222.200,22.734,0.385,0.679,94.310
222.220,25.588,0.351,0.679,94.265
222.240,28.025,0.321,0.679,94.163
222.260,30.100,0.280,0.679,94.013
222.280,31.717,0.246,0.679,93.824
222.300,32.895,0.203,0.679,93.606
222.320,33.580,0.167,0.679,93.374
222.340,33.785,0.125,0.679,93.140
222.360,33.521,0.083,0.679,92.919
222.380,32.748,0.045,0.679,92.724
222.400,31.535,0.006,0.679,92.566
222.420,29.836,-0.025,0.679,92.452
222.440,27.750,-0.065,0.679,92.394
222.460,25.225,-0.085,0.679,92.393
222.480,22.324,-0.120,0.679,92.444
222.500,19.131,-0.136,0.679,92.551
222.520,15.633,-0.158,0.679,92.702
222.540,11.924,-0.166,0.679,92.891
222.560,8.045,-0.182,0.679,93.103
222.580,4.055,-0.180,0.679,93.331
222.600,0.018,-0.185,0.679,93.555
222.620,-4.031,-0.179,0.679,93.767
222.640,-8.027,-0.172,0.679,93.950
222.660,-11.918,-0.157,0.679,94.095
222.680,-15.586,-0.136,0.679,94.193
222.700,-19.061,-0.114,0.679,94.234
222.720,-22.242,-0.087,0.679,94.217
222.740,-25.102,-0.058,0.679,94.144
222.760,-27.592,-0.025,0.679,93.842
222.780,-29.695,0.014,0.679,93.842
222.800,-31.348,0.045,0.679,93.628
222.820,-32.531,0.090,0.679,93.388
222.840,-33.205,0.123,0.679,93.132
222.860,-33.434,0.170,0.679,92.877
222.880,-33.211,0.206,0.679,92.635
222.900,-32.490,0.248,0.676,92.419
222.920,-31.260,0.281,0.676,92.242
222.940,-29.555,0.321,0.676,92.111
222.960,-27.480,0.352,0.676,92.035
222.980,-24.943,0.388,0.676,92.016
223.000,-22.066,0.410,0.676,92.055
223.020,-18.850,0.438,0.676,92.151
223.040,-15.357,0.452,0.676,92.293
223.060,-11.648,0.472,0.676,92.476
223.080,-7.758,0.484,0.676,92.686
223.100,-3.750,0.486,0.676,92.913
223.120,0.311,0.488,0.677,93.142
223.140,4.359,0.481,0.677,93.359
223.160,8.338,0.474,0.677,93.550
223.180,12.223,0.454,0.677,93.706
223.200,15.920,0.440,0.677,93.814
223.220,19.383,0.414,0.677,93.871
223.240,22.570,0.388,0.677,93.871
223.260,25.453,0.355,0.677,93.816
223.280,27.926,0.326,0.677,93.707
223.300,30.012,0.284,0.677,93.552
223.320,31.652,0.252,0.677,93.358
223.340,32.842,0.207,0.677,93.140
223.360,33.557,0.171,0.677,92.907
223.380,33.797,0.128,0.677,92.674
223.400,33.551,0.087,0.677,92.456
223.420,32.807,0.051,0.677,92.264
223.440,31.600,0.008,0.677,92.112
223.460,29.906,-0.023,0.677,92.007
223.480,27.861,-0.064,0.677,91.958
223.500,25.359,-0.084,0.677,91.967
223.520,22.477,-0.122,0.677,92.035
223.540,19.289,-0.136,0.677,92.159
223.560,15.820,-0.162,0.677,92.330
223.580,12.123,-0.170,0.677,92.543
223.600,8.250,-0.180,0.677,92.781
223.620,4.277,-0.188,0.677,93.036
223.640,0.234,-0.187,0.677,93.292
223.660,-3.832,-0.183,0.677,93.533
223.680,-7.811,-0.172,0.677,93.749
223.700,-11.701,-0.163,0.677,93.926
223.720,-15.398,-0.140,0.677,94.059
223.740,-18.879,-0.124,0.677,94.135
223.760,-22.090,-0.089,0.677,94.156
223.780,-24.967,-0.065,0.677,94.117
223.800,-27.451,-0.029,0.677,94.024
223.820,-29.572,0.003,0.677,93.882
223.840,-31.266,0.041,0.677,93.702
223.860,-32.455,0.080,0.677,93.492
223.880,-33.158,0.121,0.677,93.267
223.900,-33.398,0.161,0.677,93.041
223.920,-33.182,0.204,0.677,92.826
223.940,-32.496,0.240,0.677,92.636
223.960,-31.301,0.282,0.677,92.484
223.980,-29.631,0.312,0.677,92.377
224.000,-27.545,0.352,0.677,92.323
224.020,-25.037,0.377,0.677,92.326
224.040,-22.184,0.408,0.677,92.384
224.060,-18.990,0.431,0.677,92.495
224.080,-15.521,0.453,0.677,92.653
224.100,-11.812,0.464,0.677,92.850
224.120,-7.922,0.477,0.677,93.072
224.140,-3.926,0.479,0.677,93.308
224.160,0.129,0.483,0.677,93.544
224.180,4.178,0.476,0.677,93.766
224.200,8.168,0.471,0.677,93.962
224.220,12.059,0.448,0.677,94.118
224.240,15.762,0.437,0.677,94.227
224.260,19.236,0.406,0.677,94.281
224.280,22.436,0.386,0.677,94.276
224.300,25.342,0.352,0.677,94.214
224.320,27.803,0.320,0.677,94.096
224.340,29.906,0.285,0.677,93.929
224.360,31.576,0.248,0.677,93.723
224.380,32.807,0.207,0.677,93.488
224.400,33.521,0.165,0.677,93.238
224.420,33.791,0.127,0.677,92.986
224.440,33.557,0.087,0.677,92.745
224.460,32.836,0.046,0.677,92.529
224.480,31.658,0.007,0.677,92.351
224.500,30.029,-0.024,0.677,92.219
224.520,27.961,-0.067,0.677,92.140
224.540,25.471,-0.082,0.677,92.121
224.560,22.629,-0.127,0.677,92.153
224.580,19.447,-0.136,0.677,92.248
224.600,15.984,-0.166,0.677,92.385
224.620,12.293,-0.170,0.677,92.568
224.640,8.437,-0.187,0.677,92.774
224.660,4.465,-0.184,0.677,92.998
224.680,0.404,-0.191,0.679,93.221
224.700,-3.650,-0.185,0.679,93.436
224.720,-7.641,-0.178,0.679,93.623
224.740,-11.537,-0.163,0.679,93.777
224.760,-15.229,-0.141,0.679,93.883
224.780,-18.738,-0.123,0.679,93.937
224.800,-21.955,-0.092,0.679,93.935
224.820,-24.850,-0.067,0.679,93.877
224.840,-27.375,-0.030,0.679,93.765
224.860,-29.514,0.003,0.679,93.607
224.880,-31.225,0.043,0.679,93.410
224.900,-32.449,0.079,0.679,93.185
224.920,-33.205,0.119,0.679,92.946
224.940,-33.434,0.158,0.679,92.707
224.960,-33.240,0.202,0.679,92.480
224.980,-32.596,0.243,0.679,92.280
225.000,-31.412,0.279,0.679,92.118
225.020,-29.777,0.315,0.679,92.004
225.040,-27.697,0.352,0.679,91.941
225.060,-25.201,0.382,0.679,91.941
225.080,-22.377,0.414,0.679,91.997
225.100,-19.172,0.432,0.679,92.112
225.120,-15.715,0.457,0.679,92.272
225.140,-12.023,0.471,0.679,92.478
225.160,-8.139,0.481,0.679,92.709
225.180,-4.148,0.485,0.679,92.960
225.200,-0.082,0.485,0.679,93.211
225.220,3.973,0.480,0.679,93.453
225.240,7.963,0.475,0.679,93.668
225.260,11.842,0.456,0.679,93.849
225.280,15.586,0.443,0.679,93.981
225.300,19.066,0.412,0.679,94.085
225.320,22.277,0.395,0.679,94.085
225.340,25.184,0.359,0.679,94.053
225.360,27.703,0.328,0.679,93.964
225.380,29.830,0.289,0.679,93.828
225.400,31.506,0.255,0.679,93.651
225.420,32.748,0.215,0.679,93.446
225.440,33.516,0.174,0.679,93.225
225.460,33.773,0.132,0.679,93.001
225.480,33.586,0.093,0.679,92.789
225.500,32.895,0.054,0.679,92.601
225.520,31.729,0.015,0.679,92.450
225.540,30.105,-0.019,0.679,92.344
225.560,28.072,-0.062,0.679,92.292
225.580,25.600,-0.076,0.679,92.298
225.600,22.764,-0.116,0.679,92.356
225.620,19.594,-0.126,0.679,92.472
225.640,16.148,-0.164,0.679,92.632
225.660,12.463,-0.162,0.679,93.065
225.680,8.619,-0.187,0.679,93.065
225.700,4.635,-0.178,0.679,93.313
225.720,0.604,-0.188,0.679,93.554
225.740,-3.451,-0.175,0.679,93.788
225.760,-7.459,-0.172,0.679,93.989
225.780,-11.367,-0.154,0.679,94.156
225.800,-15.059,-0.140,0.679,94.337
225.820,-18.568,-0.118,0.679,94.337
225.840,-21.797,-0.088,0.679,94.343
225.860,-24.709,-0.066,0.679,94.290
225.880,-27.246,-0.027,0.679,94.182
225.900,-29.396,0.004,0.679,94.025
225.920,-31.113,0.045,0.679,93.826
225.940,-32.344,0.076,0.679,93.598
225.960,-33.146,0.122,0.679,93.354
225.980,-33.434,0.157,0.679,93.105
226.000,-33.246,0.202,0.679,92.867
226.020,-32.590,0.239,0.679,92.653
226.040,-31.441,0.278,0.679,92.474
226.060,-29.824,0.311,0.679,92.342
226.080,-27.797,0.350,0.679,92.258
226.100,-25.318,0.374,0.679,92.235
226.120,-22.482,0.408,0.679,92.264
226.140,-19.301,0.429,0.679,92.351
226.160,-15.873,0.452,0.679,92.483
226.180,-12.205,0.466,0.679,92.656
226.200,-8.314,0.473,0.679,92.858
226.220,-4.318,0.483,0.679,93.073
226.240,-0.264,0.481,0.679,93.293
226.260,3.791,0.479,0.679,93.500
226.280,7.787,0.468,0.679,93.686
226.300,11.666,0.452,0.679,93.832
226.320,15.404,0.437,0.679,93.935
226.340,18.908,0.413,0.679,93.983
226.360,22.137,0.389,0.679,93.977
226.380,25.072,0.353,0.679,93.914
226.400,27.586,0.324,0.679,93.796
226.420,29.742,0.288,0.679,93.630
226.440,31.436,0.253,0.679,93.425
226.460,32.695,0.214,0.679,93.192
226.480,33.475,0.171,0.679,92.943
226.500,33.768,0.130,0.679,92.691
226.520,33.615,0.087,0.679,92.452
226.540,32.947,0.048,0.679,92.238
226.560,31.793,0.013,0.679,92.060
226.580,30.187,-0.023,0.679,91.930
226.600,28.172,-0.059,0.679,91.853
226.620,25.734,-0.086,0.679,91.836
226.640,22.904,-0.119,0.679,91.875
226.660,19.764,-0.136,0.679,91.975
226.680,16.336,-0.163,0.679,92.121
226.700,12.662,-0.171,0.679,92.314
226.720,8.812,-0.187,0.679,92.533
226.740,4.846,-0.189,0.679,92.773
226.760,0.814,-0.188,0.679,93.016
226.780,-3.246,-0.188,0.679,93.250
226.800,-7.242,-0.179,0.679,93.459
226.820,-11.168,-0.165,0.679,93.637
226.840,-14.883,-0.145,0.679,93.767
226.860,-18.404,-0.125,0.679,93.846
226.880,-21.639,-0.097,0.679,93.870
226.900,-24.568,-0.069,0.679,93.837
226.920,-27.141,-0.034,0.679,93.751
226.940,-29.314,-0.003,0.679,93.616
226.960,-31.072,0.040,0.679,93.442
226.980,-32.303,0.073,0.679,93.238
227.000,-33.117,0.117,0.679,93.020
227.020,-33.398,0.152,0.679,92.798
227.040,-33.275,0.200,0.679,92.588
227.060,-32.648,0.236,0.679,92.403
227.080,-31.512,0.275,0.679,92.254
227.100,-29.924,0.312,0.679,92.153
227.120,-27.873,0.344,0.679,92.102
227.140,-25.459,0.378,0.679,92.113
227.160,-22.646,0.404,0.679,92.178
227.180,-19.471,0.429,0.679,92.302
227.200,-16.061,0.451,0.679,92.472
227.220,-12.375,0.464,0.679,92.686
227.240,-8.508,0.477,0.679,92.926
227.260,-4.529,0.482,0.679,93.185
227.280,-0.475,0.483,0.679,93.447
227.300,3.580,0.482,0.679,93.697
227.320,7.600,0.470,0.679,93.924
227.340,11.479,0.456,0.679,94.111
227.360,15.229,0.439,0.679,94.252
227.380,18.727,0.415,0.679,94.339
227.400,21.973,0.394,0.679,94.368
227.420,24.932,0.360,0.679,94.340
227.440,27.475,0.329,0.679,94.254
227.460,29.631,0.292,0.679,94.118
227.480,31.354,0.255,0.679,93.940
227.500,32.654,0.218,0.679,93.732
227.520,33.451,0.175,0.679,93.505
227.540,33.773,0.136,0.679,93.274
227.560,33.621,0.095,0.679,93.052
227.580,32.965,0.059,0.679,92.853
227.600,31.852,0.017,0.679,92.688
227.620,30.264,-0.017,0.679,92.568
227.640,28.277,-0.052,0.679,92.500
227.660,25.857,-0.079,0.679,92.488
227.680,23.033,-0.112,0.679,92.530
227.700,19.910,-0.129,0.679,92.630
227.720,16.488,-0.156,0.679,92.774
227.740,12.814,-0.161,0.679,92.961
227.760,8.982,-0.181,0.679,93.171
227.780,5.016,-0.181,0.679,93.401
227.800,0.979,-0.186,0.679,93.629
227.820,-3.082,-0.180,0.679,93.848
227.840,-7.090,-0.172,0.679,94.040
227.860,-10.980,-0.158,0.679,94.304
227.880,-14.730,-0.139,0.679,94.304
227.900,-18.264,-0.122,0.679,94.361
227.920,-21.516,-0.091,0.679,94.360
227.940,-24.451,-0.067,0.679,94.300
227.960,-27.023,-0.030,0.679,94.185
227.980,-29.227,0.001,0.679,94.020
228.000,-31.014,0.042,0.679,93.814
228.020,-32.268,0.073,0.679,93.577
228.040,-33.111,0.121,0.679,93.324
228.060,-33.410,0.152,0.679,93.066
228.080,-33.311,0.200,0.679,92.817
228.100,-32.695,0.236,0.679,92.593
228.120,-31.605,0.276,0.677,92.402
228.140,-30.018,0.314,0.677,92.259
228.160,-27.996,0.347,0.677,92.165
228.180,-25.588,0.377,0.677,92.131
228.200,-22.811,0.410,0.677,92.150
228.220,-19.652,0.430,0.677,92.234
228.240,-16.225,0.452,0.677,92.358
228.260,-12.545,0.468,0.677,92.532
228.280,-8.695,0.482,0.677,92.730
228.300,-4.717,0.484,0.677,92.952
228.320,-0.674,0.487,0.678,93.172
228.340,3.387,0.484,0.678,93.388
228.360,7.406,0.472,0.678,93.579
228.380,11.297,0.460,0.678,93.736
228.400,15.053,0.440,0.678,93.850
228.420,18.592,0.422,0.678,93.911
228.440,21.832,0.392,0.678,93.920
228.460,24.803,0.360,0.678,93.870
228.480,27.357,0.330,0.678,93.767
228.500,29.537,0.294,0.678,93.615
228.520,31.283,0.257,0.678,93.425
228.540,32.602,0.217,0.678,93.205
228.560,33.428,0.174,0.678,92.968
228.580,33.762,0.137,0.678,92.729
228.600,33.650,0.094,0.678,92.500
228.620,33.023,0.058,0.678,92.296
228.640,31.928,0.019,0.678,92.127
228.660,30.357,-0.021,0.678,92.006
228.680,28.383,-0.056,0.678,91.938
228.700,25.980,-0.084,0.678,91.930
228.720,23.180,-0.114,0.678,91.979
228.740,20.057,-0.133,0.678,92.088
228.760,16.670,-0.158,0.678,92.244
228.780,13.002,-0.170,0.678,92.445
228.800,9.176,-0.178,0.678,92.677
228.820,5.221,-0.188,0.678,92.925
228.840,1.189,-0.185,0.678,93.181
228.860,-2.871,-0.185,0.678,93.425
228.880,-6.891,-0.179,0.678,93.648
228.900,-10.793,-0.162,0.678,93.837
228.920,-14.525,-0.149,0.678,93.980
228.940,-18.070,-0.120,0.678,94.074
228.960,-21.352,-0.108,0.678,94.106
228.980,-24.322,-0.059,0.678,94.087
229.000,-26.895,-0.052,0.678,94.007
229.020,-29.121,0.011,0.678,93.883
229.040,-30.902,0.020,0.678,93.712
229.060,-32.215,0.083,0.678,93.515
229.080,-33.059,0.104,0.678,93.297
229.100,-33.393,0.154,0.678,93.074
229.120,-33.281,0.189,0.678,92.862
229.140,-32.672,0.228,0.678,92.671
229.160,-31.646,0.272,0.678,92.514
229.180,-30.076,0.304,0.678,92.404
229.200,-28.078,0.344,0.678,92.342
229.220,-25.687,0.365,0.678,92.340
229.240,-22.904,0.406,0.678,92.390
229.260,-19.787,0.420,0.678,92.501
229.280,-16.377,0.456,0.678,92.655
229.300,-12.709,0.452,0.678,92.858
229.320,-8.877,0.484,0.678,93.080
229.340,-4.881,0.470,0.678,93.570
229.360,-0.844,0.493,0.684,93.570
229.380,3.217,0.472,0.684,93.811
229.400,7.219,0.476,0.684,94.020
229.420,11.121,0.449,0.684,94.197
229.440,14.895,0.447,0.684,94.323
229.460,18.416,0.410,0.684,94.401
229.480,21.686,0.397,0.684,94.416
229.500,24.656,0.356,0.684,94.375
229.520,27.240,0.334,0.684,94.277
229.540,29.449,0.288,0.684,94.128
229.560,31.213,0.262,0.684,93.936
229.580,32.561,0.215,0.684,93.713
229.600,33.398,0.179,0.684,93.471
229.620,33.756,0.138,0.684,93.223
229.640,33.656,0.097,0.684,92.983
229.660,33.076,0.057,0.684,92.765
229.680,31.986,0.016,0.682,92.580
229.700,30.451,-0.017,0.682,92.440
229.720,28.494,-0.056,0.682,92.352
229.740,26.104,-0.075,0.682,92.320
229.760,23.314,-0.117,0.682,92.341
229.780,20.221,-0.131,0.682,92.424
229.800,16.834,-0.159,0.682,92.551
229.820,13.166,-0.167,0.682,92.723
229.840,9.363,-0.183,0.682,92.923
229.860,5.414,-0.185,0.682,93.142
229.880,1.371,-0.191,0.684,93.365
229.900,-2.689,-0.183,0.684,93.580
229.920,-6.715,-0.179,0.684,93.770
229.940,-10.641,-0.166,0.684,93.928
229.960,-14.385,-0.146,0.684,94.040
229.980,-17.930,-0.125,0.684,94.103
230.000,-21.240,-0.094,0.684,94.108
230.020,-24.205,-0.068,0.684,94.055
230.040,-26.818,-0.037,0.684,93.948
230.060,-29.051,-0.003,0.684,93.792
230.080,-30.838,0.033,0.684,93.596
230.100,-32.191,0.072,0.684,93.369
230.120,-33.076,0.112,0.684,93.124
230.140,-33.410,0.149,0.684,92.875
230.160,-33.352,0.198,0.684,92.636
230.180,-32.789,0.232,0.684,92.420
230.200,-31.740,0.278,0.684,92.239
230.220,-30.193,0.307,0.684,92.104
230.240,-28.225,0.344,0.684,92.020
230.260,-25.852,0.374,0.684,91.996
230.280,-23.068,0.406,0.684,92.028
230.300,-19.951,0.427,0.684,92.121
230.320,-16.570,0.453,0.684,92.259
230.340,-12.943,0.464,0.684,92.448
230.360,-9.094,0.481,0.684,92.664
230.380,-5.104,0.482,0.684,92.904
230.400,-1.055,0.492,0.684,93.146
230.420,3.006,0.481,0.684,93.386
230.440,7.014,0.478,0.684,93.600
230.460,10.928,0.462,0.684,93.782
230.480,14.707,0.440,0.684,93.922
230.500,18.252,0.421,0.684,94.007
230.520,21.539,0.395,0.684,94.039
230.540,24.521,0.365,0.684,93.933
230.560,27.123,0.336,0.684,93.933
230.580,29.355,0.299,0.684,93.803
230.600,31.131,0.262,0.684,93.430
230.620,32.496,0.221,0.684,93.430
230.640,33.375,0.184,0.684,93.209
230.660,33.768,0.141,0.684,92.983
230.680,33.674,0.102,0.684,92.766
230.700,33.094,0.062,0.684,92.571
230.720,32.045,0.023,0.684,92.411
230.740,30.527,-0.009,0.684,92.295
230.760,28.588,-0.050,0.684,92.229
230.780,26.227,-0.075,0.684,92.273
230.800,23.449,-0.107,0.684,92.273
230.820,20.373,-0.128,0.684,92.380
230.840,17.016,-0.148,0.684,92.536
230.860,13.371,-0.166,0.684,92.735
230.880,9.551,-0.176,0.684,92.964
230.900,5.596,-0.184,0.684,93.211
230.920,1.582,-0.183,0.684,93.464
230.940,-2.490,-0.183,0.684,93.705
230.960,-6.504,-0.173,0.684,93.924
230.980,-10.441,-0.162,0.684,94.107
231.000,-14.209,-0.142,0.684,94.247
231.020,-17.742,-0.128,0.684,94.331
231.040,-21.059,-0.098,0.684,94.360
231.060,-24.035,-0.072,0.684,94.329
231.080,-26.666,-0.038,0.684,94.105
231.100,-28.934,-0.004,0.684,94.105
231.120,-30.750,0.029,0.684,93.924
231.140,-32.115,0.068,0.684,93.710
231.160,-33.000,0.107,0.684,93.477
231.180,-33.369,0.149,0.684,93.236
231.200,-33.352,0.189,0.684,93.003
231.220,-32.789,0.230,0.684,92.791
231.240,-31.752,0.269,0.684,92.612
231.260,-30.229,0.302,0.684,92.476
231.280,-28.301,0.339,0.684,92.389
231.300,-25.939,0.369,0.684,92.359
231.320,-23.203,0.401,0.684,92.384
231.340,-20.092,0.423,0.684,92.466
231.360,-16.699,0.443,0.684,92.596
231.380,-13.084,0.461,0.684,92.765
231.400,-9.252,0.474,0.684,92.968
231.420,-5.285,0.480,0.684,93.187
231.440,-1.248,0.485,0.684,93.412
231.460,2.818,0.477,0.684,93.631
231.480,6.844,0.476,0.684,93.824
231.500,10.764,0.456,0.684,93.987
231.520,14.543,0.444,0.684,94.100
231.540,18.088,0.420,0.684,94.168
231.560,21.387,0.397,0.684,94.173
231.580,24.398,0.361,0.684,94.128
231.600,27.029,0.334,0.684,94.018
231.620,29.250,0.295,0.684,93.866
231.640,31.066,0.261,0.684,93.666
231.660,32.443,0.219,0.684,93.437
231.680,33.340,0.182,0.684,93.188
231.700,33.744,0.137,0.684,92.933
231.720,33.686,0.100,0.684,92.686
231.740,33.146,0.059,0.684,92.461
231.760,32.109,0.018,0.684,92.270
231.780,30.604,-0.016,0.684,92.124
231.800,28.693,-0.054,0.684,92.027
231.820,26.344,-0.079,0.684,91.992
231.840,23.596,-0.113,0.684,92.010
231.860,20.531,-0.132,0.684,92.093
231.880,17.180,-0.160,0.684,92.218
231.900,13.541,-0.166,0.684,92.398
231.920,9.732,-0.184,0.684,92.598
231.940,5.801,-0.187,0.684,92.831
231.960,1.764,-0.192,0.685,93.062
231.980,-2.279,-0.184,0.685,93.293
232.000,-6.299,-0.182,0.685,93.496
232.020,-10.248,-0.165,0.685,93.676
232.040,-14.016,-0.150,0.685,93.805
232.060,-17.590,-0.130,0.685,93.890
232.080,-20.906,-0.104,0.685,93.916
232.100,-23.912,-0.076,0.685,93.889
232.120,-26.561,-0.042,0.685,93.805
232.140,-28.828,-0.009,0.685,93.672
232.160,-30.686,0.029,0.685,93.497
232.180,-32.051,0.062,0.685,93.291
232.200,-32.977,0.108,0.685,93.067
232.220,-33.381,0.145,0.685,92.836
232.240,-33.340,0.188,0.685,92.614
232.260,-32.854,0.228,0.685,92.414
232.280,-31.852,0.271,0.685,92.248
232.300,-30.346,0.303,0.685,92.128
232.320,-28.418,0.337,0.685,92.056
232.340,-26.062,0.368,0.685,92.046
232.360,-23.373,0.402,0.685,92.090
232.380,-20.268,0.426,0.685,92.197
232.400,-16.887,0.445,0.685,92.551
232.420,-13.295,0.461,0.685,92.551
232.440,-9.451,0.477,0.685,92.781
232.460,-5.484,0.481,0.685,93.036
232.480,-1.441,0.484,0.685,93.293
232.500,2.631,0.479,0.685,93.544
232.520,6.650,0.473,0.685,93.774
232.540,10.559,0.460,0.685,93.969
232.560,14.355,0.447,0.685,94.121
232.580,17.918,0.423,0.685,94.220
232.600,21.223,0.398,0.685,94.263
232.620,24.252,0.367,0.685,94.248
232.640,26.900,0.336,0.685,94.176
232.660,29.162,0.303,0.685,94.053
232.680,30.984,0.265,0.685,93.886
232.700,32.391,0.228,0.685,93.686
232.720,33.305,0.185,0.685,93.466
232.740,33.744,0.145,0.685,93.237
232.760,33.691,0.107,0.685,93.015
232.780,33.176,0.065,0.685,92.813
232.800,32.168,0.026,0.685,92.643
232.820,30.703,-0.008,0.685,92.517
232.840,28.793,-0.046,0.685,92.439
232.860,26.473,-0.072,0.685,92.419
232.880,23.736,-0.107,0.685,92.453
232.900,20.684,-0.123,0.685,92.546
232.920,17.332,-0.150,0.685,92.683
232.940,13.717,-0.163,0.685,92.867
232.960,9.914,-0.179,0.685,93.314
232.980,5.982,-0.185,0.685,93.314
233.000,1.951,-0.186,0.685,93.551
233.020,-2.109,-0.182,0.685,93.781
233.040,-6.135,-0.178,0.685,93.987
233.060,-10.072,-0.163,0.685,94.159
233.080,-13.863,-0.146,0.685,94.285
233.100,-17.437,-0.125,0.685,94.360
233.120,-20.771,-0.097,0.685,94.378
233.140,-23.783,-0.073,0.685,94.337
233.160,-26.455,-0.038,0.685,94.241
233.180,-28.746,-0.006,0.685,94.093
233.200,-30.604,0.031,0.685,93.901
233.220,-31.998,0.066,0.685,93.676
233.240,-32.971,0.108,0.685,93.431
233.260,-33.369,0.146,0.685,93.177
233.280,-33.357,0.190,0.685,92.931
233.300,-32.877,0.227,0.685,92.705
233.320,-31.898,0.269,0.685,92.510
233.340,-30.439,0.303,0.685,92.359
233.360,-28.518,0.341,0.685,92.257
233.380,-26.180,0.368,0.685,92.214
233.400,-23.484,0.406,0.685,92.225
233.420,-20.408,0.423,0.685,92.295
233.440,-17.068,0.449,0.685,92.414
233.460,-13.459,0.464,0.685,92.578
233.480,-9.621,0.477,0.685,92.775
233.500,-5.660,0.484,0.685,92.992
233.520,-1.623,0.488,0.685,93.219
233.540,2.437,0.483,0.685,93.438
233.560,6.463,0.477,0.685,93.638
233.580,10.383,0.459,0.685,93.804
233.600,14.191,0.449,0.685,93.930
233.620,17.766,0.421,0.685,94.006
233.640,21.082,0.402,0.685,94.026
233.660,24.135,0.365,0.685,93.991
233.680,26.777,0.341,0.685,93.758
233.700,29.074,0.303,0.685,93.758
233.720,30.914,0.265,0.685,93.575
233.740,32.344,0.228,0.685,93.360
233.760,33.264,0.186,0.685,93.125
233.780,33.727,0.145,0.685,92.883
233.800,33.709,0.103,0.685,92.649
233.820,33.217,0.062,0.685,92.437
233.840,32.232,0.025,0.685,92.257
233.860,30.779,-0.009,0.685,92.122
233.880,28.881,-0.048,0.685,92.037
233.900,26.596,-0.075,0.685,92.012
233.920,23.877,-0.110,0.685,92.044
233.940,20.836,-0.127,0.685,92.136
233.960,17.508,-0.154,0.685,92.277
233.980,13.893,-0.169,0.685,92.466
234.000,10.113,-0.181,0.685,92.688
234.020,6.182,-0.187,0.685,92.934
234.040,2.156,-0.187,0.685,93.184
234.060,-1.904,-0.190,0.685,93.432
234.080,-5.930,-0.180,0.685,93.658
234.100,-9.896,-0.171,0.685,93.854
234.120,-13.646,-0.151,0.685,94.008
234.140,-17.250,-0.133,0.685,94.111
234.160,-20.584,-0.104,0.685,94.157
234.180,-23.631,-0.079,0.685,94.146
234.200,-26.320,-0.045,0.685,94.078
234.220,-28.605,-0.015,0.685,93.960
234.240,-30.510,0.027,0.685,93.799
234.260,-31.922,0.058,0.685,93.604
234.280,-32.889,0.105,0.685,93.388
234.300,-33.322,0.141,0.685,93.164
234.320,-33.363,0.182,0.685,92.947
234.340,-32.889,0.224,0.685,92.749
234.360,-31.922,0.259,0.684,92.583
234.380,-30.492,0.297,0.684,92.460
234.400,-28.600,0.332,0.684,92.386
234.420,-26.291,0.362,0.684,92.369
234.440,-23.607,0.396,0.684,92.406
234.460,-20.525,0.417,0.684,92.504
234.480,-17.215,0.447,0.684,92.647
234.500,-13.641,0.459,0.684,92.839
234.520,-9.791,0.472,0.684,93.060
234.540,-5.854,0.477,0.684,93.302
234.560,-1.811,0.484,0.684,93.548
234.580,2.232,0.479,0.684,93.790
234.600,6.264,0.473,0.684,94.007
234.620,10.189,0.460,0.684,94.193
234.640,14.004,0.447,0.684,94.335
234.660,17.607,0.423,0.684,94.425
234.680,20.930,0.399,0.684,94.458
234.700,24.000,0.368,0.684,94.432
234.720,26.648,0.339,0.684,94.347
234.740,28.957,0.299,0.684,94.211
234.760,30.838,0.266,0.684,94.031
234.780,32.273,0.230,0.684,93.815
234.800,33.240,0.186,0.684,93.578
234.820,33.727,0.147,0.684,93.331
234.840,33.727,0.103,0.684,93.089
234.860,33.264,0.066,0.684,92.867
234.880,32.279,0.025,0.684,92.675
234.900,30.855,-0.011,0.684,92.525
234.920,28.992,-0.047,0.684,92.424
234.940,26.707,-0.073,0.684,92.381
234.960,24.023,-0.105,0.684,92.392
234.980,20.977,-0.128,0.684,92.460
235.000,17.666,-0.154,0.684,92.577
235.020,14.062,-0.166,0.684,92.742
235.040,10.289,-0.178,0.684,92.936
235.060,6.352,-0.186,0.684,93.151
235.080,2.344,-0.189,0.684,93.373
235.100,-1.717,-0.190,0.684,93.590
235.120,-5.748,-0.174,0.684,93.789
235.140,-9.709,-0.168,0.684,93.953
235.160,-13.506,-0.151,0.684,94.077
235.180,-17.104,-0.133,0.684,94.150
235.200,-20.467,-0.103,0.684,94.169
235.220,-23.520,-0.078,0.684,94.128
235.240,-26.232,-0.043,0.684,94.034
235.260,-28.564,-0.010,0.684,93.888
235.280,-30.475,0.028,0.684,93.699
235.300,-31.922,0.062,0.684,93.477
235.320,-32.900,0.106,0.684,92.983
235.340,-33.363,0.142,0.684,92.983
235.360,-33.422,0.188,0.684,92.738
235.380,-32.977,0.226,0.684,92.514
235.400,-32.021,0.262,0.680,92.322
235.420,-30.604,0.302,0.680,92.173
235.440,-28.729,0.338,0.680,92.074
235.460,-26.467,0.368,0.680,92.035
235.480,-23.789,0.401,0.680,92.050
235.500,-20.742,0.424,0.680,92.127
235.520,-17.385,0.450,0.680,92.254
235.540,-13.816,0.462,0.680,92.431
235.560,-10.008,0.479,0.680,92.640
235.580,-6.070,0.482,0.680,92.874
235.600,-2.027,0.489,0.682,93.115
235.620,2.045,0.484,0.682,93.355
235.640,6.082,0.477,0.682,93.574
235.660,10.008,0.464,0.682,93.763
235.680,13.828,0.450,0.682,93.911
235.700,17.437,0.425,0.682,94.009
235.720,20.766,0.404,0.682,94.052
235.740,23.854,0.372,0.682,94.039
235.760,26.549,0.344,0.682,93.970
235.780,28.857,0.306,0.682,93.851
235.800,30.756,0.271,0.682,93.689
235.820,32.221,0.233,0.682,93.493
235.840,33.205,0.195,0.682,93.276
235.860,33.709,0.153,0.682,93.050
235.880,33.727,0.110,0.682,92.830
235.900,33.287,0.071,0.682,92.629
235.920,32.338,0.033,0.682,92.460
235.940,30.943,-0.003,0.682,92.334
235.960,29.086,-0.042,0.682,92.258
235.980,26.836,-0.069,0.682,92.240
236.000,24.158,-0.101,0.682,92.277
236.020,21.129,-0.120,0.682,92.374
236.040,17.830,-0.148,0.682,92.518
236.060,14.244,-0.161,0.682,92.711
236.080,10.465,-0.177,0.682,92.935
236.100,6.551,-0.184,0.682,93.184
236.120,2.537,-0.184,0.682,93.439
236.140,-1.512,-0.185,0.682,93.686
236.160,-5.549,-0.177,0.682,93.913
236.180,-9.516,-0.166,0.682,94.110
236.200,-13.324,-0.146,0.682,94.262
236.220,-16.916,-0.132,0.682,94.363
236.240,-20.309,-0.104,0.682,94.407
236.260,-23.361,-0.079,0.682,94.394
236.280,-26.068,-0.046,0.682,94.324
236.300,-28.436,-0.016,0.682,94.200
236.320,-30.357,0.023,0.682,94.031
236.340,-31.834,0.056,0.682,93.827
236.360,-32.836,0.098,0.682,93.600
236.380,-33.316,0.136,0.682,93.363
236.400,-33.404,0.184,0.682,93.129
236.420,-32.965,0.215,0.682,92.914
236.440,-32.062,0.260,0.682,92.727
236.460,-30.645,0.294,0.682,92.582
236.480,-28.799,0.333,0.682,92.484
236.500,-26.543,0.359,0.682,92.444
236.520,-23.883,0.394,0.682,92.455
236.540,-20.865,0.418,0.682,92.526
236.560,-17.549,0.441,0.682,92.647
236.580,-13.963,0.455,0.682,92.811
236.600,-10.172,0.474,0.682,93.006
236.620,-6.246,0.477,0.682,93.225
236.640,-2.203,0.483,0.682,93.451
236.660,1.852,0.481,0.682,93.671
236.680,5.895,0.472,0.682,93.873
236.700,9.826,0.462,0.682,94.041
236.720,13.652,0.446,0.682,94.168
236.740,17.273,0.426,0.682,94.244
236.760,20.625,0.398,0.682,94.264
236.780,23.719,0.370,0.682,94.225
236.800,26.449,0.340,0.682,94.132
236.820,28.758,0.305,0.682,93.985
236.840,30.680,0.272,0.682,93.795
236.860,32.162,0.230,0.682,93.569
236.880,33.176,0.187,0.682,93.322
236.900,33.697,0.150,0.682,93.064
236.920,33.750,0.107,0.682,92.812
236.940,33.322,0.071,0.682,92.578
236.960,32.396,0.030,0.679,92.374
236.980,31.014,-0.007,0.679,92.212
237.000,29.174,-0.045,0.679,92.100
237.020,26.947,-0.075,0.679,92.046
237.040,24.299,-0.104,0.679,92.049
237.060,21.287,-0.126,0.679,92.111
237.080,18.000,-0.153,0.679,92.224
237.100,14.426,-0.166,0.679,92.385
237.120,10.676,-0.181,0.679,92.579
237.140,6.744,-0.182,0.679,92.799
237.160,2.736,-0.190,0.679,93.026
237.180,-1.324,-0.187,0.679,93.460
237.200,-5.355,-0.183,0.679,93.460
237.220,-9.328,-0.170,0.679,93.641
237.240,-13.137,-0.152,0.679,93.780
237.260,-16.746,-0.137,0.679,93.907
237.280,-20.156,-0.109,0.679,93.907
237.300,-23.238,-0.083,0.679,93.887
237.320,-25.969,-0.052,0.679,93.811
237.340,-28.330,-0.015,0.679,93.686
237.360,-30.287,0.020,0.679,93.516
237.380,-31.787,0.058,0.679,93.312
237.400,-32.818,0.099,0.679,93.086
237.420,-33.311,0.133,0.679,92.852
237.440,-33.428,0.178,0.679,92.623
237.460,-33.012,0.219,0.679,92.413
237.480,-32.127,0.258,0.679,92.234
237.500,-30.768,0.298,0.679,92.098
237.520,-28.916,0.329,0.679,92.012
237.540,-26.672,0.362,0.679,91.983
237.560,-24.041,0.393,0.679,92.012
237.580,-21.047,0.419,0.679,92.101
237.600,-17.725,0.443,0.679,92.241
237.620,-14.174,0.457,0.679,92.429
237.640,-10.395,0.475,0.679,92.651
237.660,-6.439,0.479,0.679,92.899
237.680,-2.420,0.485,0.679,93.156
237.700,1.646,0.482,0.679,93.407
237.720,5.684,0.478,0.679,93.642
237.740,9.627,0.463,0.679,93.848
237.760,13.465,0.451,0.679,94.011
237.780,17.086,0.430,0.679,94.124
237.800,20.467,0.405,0.679,94.182
237.820,23.566,0.374,0.679,94.181
237.840,26.314,0.348,0.679,94.122
237.860,28.652,0.311,0.679,94.012
237.880,30.592,0.278,0.679,93.856
237.900,32.092,0.235,0.679,93.664
237.920,33.135,0.197,0.679,93.448
237.940,33.691,0.156,0.679,93.222
237.960,33.744,0.114,0.679,92.999
237.980,33.357,0.077,0.679,92.793
238.000,32.443,0.037,0.679,92.616
238.020,31.096,0.001,0.679,92.481
238.040,29.268,-0.038,0.679,92.393
238.060,27.059,-0.067,0.679,92.362
238.080,24.428,-0.098,0.679,92.387
238.100,21.439,-0.121,0.679,92.469
238.120,18.158,-0.143,0.679,92.601
238.140,14.584,-0.159,0.679,92.778
238.160,10.840,-0.177,0.679,92.987
238.180,6.937,-0.182,0.679,93.221
238.200,2.924,-0.186,0.679,93.462
238.220,-1.131,-0.182,0.679,93.697
238.240,-5.180,-0.178,0.679,93.911
238.260,-9.164,-0.167,0.679,94.096
238.280,-12.973,-0.149,0.679,94.237
238.300,-16.588,-0.130,0.679,94.328
238.320,-19.998,-0.107,0.679,94.362
238.340,-23.086,-0.082,0.679,94.339
238.360,-25.857,-0.046,0.679,94.258
238.380,-28.230,-0.015,0.679,94.124
238.400,-30.193,0.023,0.679,93.944
238.420,-31.734,0.058,0.679,93.728
238.440,-32.783,0.099,0.679,93.488
238.460,-33.334,0.137,0.679,93.237
238.480,-33.434,0.178,0.679,92.989
238.500,-33.029,0.219,0.679,92.758
238.520,-32.203,0.257,0.679,92.556
238.540,-30.826,0.295,0.679,92.394
238.560,-29.021,0.333,0.679,92.281
238.580,-26.789,0.364,0.679,92.224
238.600,-24.152,0.393,0.679,92.222
238.620,-21.170,0.417,0.679,92.278
238.640,-17.871,0.442,0.679,92.385
238.660,-14.344,0.460,0.679,92.539
238.680,-10.553,0.476,0.679,92.729
238.700,-6.621,0.479,0.679,92.943
238.720,-2.590,0.487,0.679,93.166
238.740,1.477,0.481,0.679,93.387
238.760,5.508,0.477,0.679,93.590
238.780,9.445,0.464,0.679,93.762
238.800,13.295,0.447,0.679,93.897
238.820,16.939,0.427,0.679,93.980
238.840,20.320,0.403,0.679,94.011
238.860,23.437,0.375,0.679,93.985
238.880,26.186,0.345,0.679,93.904
238.900,28.553,0.308,0.679,93.772
238.920,30.510,0.273,0.679,93.595
238.940,32.033,0.232,0.679,93.383
238.960,33.082,0.195,0.679,93.148
238.980,33.662,0.155,0.679,92.903
239.000,33.773,0.112,0.679,92.662
239.020,33.381,0.075,0.679,92.439
239.040,32.502,0.034,0.679,92.246
239.060,31.166,-0.001,0.679,92.096
239.080,29.373,-0.041,0.679,91.994
239.100,27.187,-0.071,0.679,91.952
239.120,24.562,-0.101,0.679,91.967
239.140,21.592,-0.122,0.679,92.041
239.160,18.328,-0.145,0.679,92.166
239.180,14.777,-0.162,0.679,92.341
239.200,11.021,-0.178,0.679,92.551
239.220,7.131,-0.186,0.679,92.788
239.240,3.135,-0.188,0.679,93.037
239.260,-0.926,-0.186,0.679,93.282
239.280,-4.957,-0.184,0.679,93.511
239.300,-8.947,-0.173,0.679,93.714
239.320,-12.768,-0.155,0.679,93.876
239.340,-16.406,-0.140,0.679,93.988
239.360,-19.816,-0.110,0.679,94.047
239.380,-22.939,-0.087,0.679,94.048
239.400,-25.705,-0.051,0.679,93.994
239.420,-28.119,-0.022,0.679,93.887
239.440,-30.094,0.014,0.679,93.735
239.460,-31.629,0.053,0.679,93.547
239.480,-32.689,0.090,0.679,93.335
239.500,-33.275,0.130,0.679,93.113
239.520,-33.410,0.173,0.679,92.893
239.540,-33.035,0.209,0.679,92.691
239.560,-32.209,0.251,0.679,92.517
239.580,-30.873,0.287,0.679,92.384
239.600,-29.104,0.329,0.679,92.300
239.620,-26.889,0.357,0.679,92.273
239.640,-24.275,0.390,0.679,92.300
239.660,-21.322,0.415,0.679,92.388
239.680,-18.006,0.439,0.679,92.526
239.700,-14.496,0.455,0.679,92.711
239.720,-10.734,0.470,0.679,92.928
239.740,-6.803,0.479,0.679,93.171
239.760,-2.789,0.485,0.679,93.423
239.780,1.277,0.481,0.679,93.674
239.800,5.320,0.479,0.679,93.905
239.820,9.270,0.464,0.679,94.106
239.840,13.107,0.450,0.679,94.266
239.860,16.764,0.434,0.679,94.375
239.880,20.156,0.402,0.679,94.429
239.900,23.297,0.378,0.679,94.423
239.920,26.062,0.344,0.679,94.358
239.940,28.447,0.312,0.679,94.240
239.960,30.428,0.273,0.679,94.075
239.980,31.980,0.236,0.679,93.873
240.000,33.053,0.195,0.679,93.646
240.020,33.650,0.155,0.679,93.406
240.040,33.768,0.116,0.679,93.168
240.060,33.410,0.078,0.679,92.946
240.080,32.555,0.038,0.679,92.751
240.100,31.242,0.000,0.679,92.596
240.120,29.467,-0.039,0.679,92.489
240.140,27.299,-0.067,0.679,92.437
240.160,24.680,-0.095,0.679,92.441
240.180,21.732,-0.124,0.679,92.501
240.200,18.475,-0.141,0.679,92.613
240.220,14.947,-0.162,0.679,92.769
240.240,11.197,-0.173,0.679,92.962
240.260,7.307,-0.186,0.679,93.177
240.280,3.299,-0.188,0.679,93.405
240.300,-0.750,-0.187,0.679,93.629
240.320,-4.799,-0.182,0.679,94.013
240.340,-8.771,-0.168,0.679,94.013
240.360,-12.650,-0.154,0.679,94.149
240.380,-16.271,-0.135,0.679,94.236
240.400,-19.699,-0.110,0.679,94.267
240.420,-22.834,-0.081,0.679,94.243
240.440,-25.617,-0.050,0.679,94.160
240.460,-28.037,-0.018,0.679,94.026
240.480,-30.053,0.018,0.679,93.845
240.500,-31.629,0.058,0.679,93.629
240.520,-32.701,0.094,0.679,93.387
240.540,-33.293,0.137,0.679,93.135
240.560,-33.428,0.172,0.679,92.886
240.580,-33.105,0.217,0.679,92.653
240.600,-32.303,0.258,0.677,92.449
240.620,-30.979,0.294,0.677,92.286
240.640,-29.203,0.331,0.677,92.172
240.660,-27.018,0.357,0.677,92.114
240.680,-24.451,0.394,0.677,92.112
240.700,-21.475,0.418,0.677,92.170
240.720,-18.223,0.443,0.677,92.281
240.740,-14.689,0.460,0.677,92.442
240.760,-10.910,0.472,0.677,92.639
240.780,-7.020,0.481,0.677,92.861
240.800,-2.994,0.488,0.678,93.095
240.820,1.066,0.484,0.678,93.330
240.840,5.121,0.482,0.678,93.549
240.860,9.082,0.466,0.678,93.741
240.880,12.932,0.451,0.678,93.893
240.900,16.588,0.431,0.678,93.997
240.920,19.998,0.407,0.678,94.049
240.940,23.145,0.381,0.678,94.042
240.960,25.945,0.351,0.678,93.982
240.980,28.354,0.320,0.678,93.868
241.000,30.352,0.282,0.678,93.711
241.020,31.910,0.244,0.678,93.516
241.040,33.006,0.201,0.678,93.298
241.060,33.633,0.165,0.678,93.068
241.080,33.779,0.123,0.678,92.841
241.100,33.434,0.081,0.678,92.629
241.120,32.607,0.042,0.678,92.448
241.140,31.318,0.006,0.678,92.307
241.160,29.549,-0.032,0.678,92.214
241.180,27.416,-0.063,0.678,92.178
241.200,24.826,-0.096,0.678,92.198
241.220,21.891,-0.120,0.678,92.279
241.240,18.656,-0.140,0.678,92.412
241.260,15.129,-0.162,0.678,92.593
241.280,11.396,-0.173,0.678,92.809
241.300,7.512,-0.183,0.678,93.052
241.320,3.498,-0.185,0.678,93.305
241.340,-0.545,-0.185,0.678,93.556
241.360,-4.594,-0.181,0.678,93.789
241.380,-8.578,-0.171,0.678,93.994
241.400,-12.410,-0.155,0.678,94.160
241.420,-16.084,-0.137,0.678,94.275
241.440,-19.518,-0.115,0.678,94.336
241.460,-22.658,-0.087,0.678,94.340
241.480,-25.459,-0.058,0.678,94.285
241.500,-27.879,-0.024,0.678,94.177
241.520,-29.930,0.011,0.678,94.021
241.540,-31.535,0.051,0.678,93.827
241.560,-32.637,0.086,0.678,93.608
241.580,-33.246,0.129,0.678,93.375
241.600,-33.416,0.166,0.678,93.143
241.620,-33.105,0.211,0.678,92.926
241.640,-32.332,0.251,0.678,92.736
241.660,-31.049,0.285,0.678,92.585
241.680,-29.291,0.325,0.678,92.480
241.700,-27.105,0.352,0.678,92.430
241.720,-24.557,0.388,0.678,92.434
241.740,-21.615,0.410,0.678,92.495
241.760,-18.363,0.438,0.678,92.607
241.780,-14.854,0.452,0.678,92.767
241.800,-11.098,0.471,0.678,92.961
241.820,-7.178,0.475,0.678,93.180
241.840,-3.164,0.482,0.678,93.408
241.860,0.896,0.479,0.678,93.636
241.880,4.939,0.479,0.678,93.846
241.900,8.900,0.463,0.678,94.028
241.920,12.768,0.452,0.678,94.170
241.940,16.424,0.430,0.678,94.261
241.960,19.852,0.409,0.678,94.299
241.980,23.004,0.377,0.678,94.277
242.000,25.822,0.347,0.678,94.198
242.020,28.242,0.316,0.678,94.065
242.040,30.246,0.277,0.678,93.886
242.060,31.840,0.239,0.678,93.670
242.080,32.959,0.201,0.678,93.427
242.100,33.615,0.157,0.678,93.171
242.120,33.779,0.118,0.678,92.917
242.140,33.469,0.074,0.678,92.677
242.160,32.660,0.040,0.676,92.464
242.180,31.389,0.001,0.676,92.292
242.200,29.643,-0.035,0.676,92.167
242.220,27.527,-0.068,0.676,92.098
242.240,24.943,-0.096,0.676,92.086
242.260,22.043,-0.122,0.676,92.131
242.280,18.803,-0.143,0.676,92.230
242.300,15.299,-0.165,0.676,92.376
242.320,11.572,-0.174,0.676,92.562
242.340,7.687,-0.187,0.676,92.773
242.360,3.686,-0.186,0.676,92.998
242.380,-0.363,-0.191,0.678,93.221
242.400,-4.412,-0.183,0.678,93.432
242.420,-8.391,-0.171,0.678,93.615
242.440,-12.246,-0.156,0.678,93.761
242.460,-15.937,-0.138,0.678,93.857
242.480,-19.354,-0.116,0.678,93.902
242.500,-22.547,-0.087,0.678,93.891
242.520,-25.371,-0.059,0.678,93.823
242.540,-27.809,-0.023,0.678,93.704
242.560,-29.871,0.013,0.678,93.539
242.580,-31.471,0.050,0.678,93.337
242.600,-32.631,0.091,0.678,93.110
242.620,-33.258,0.127,0.678,92.872
242.640,-33.439,0.166,0.678,92.636
242.660,-33.158,0.212,0.678,92.416
242.680,-32.391,0.247,0.678,92.224
242.700,-31.160,0.287,0.678,92.073
242.720,-29.408,0.326,0.678,91.970
242.740,-27.258,0.354,0.678,91.924
242.760,-24.703,0.392,0.678,91.935
242.780,-21.779,0.413,0.678,92.006
242.800,-18.551,0.441,0.678,92.131
242.820,-15.047,0.453,0.678,92.305
242.840,-11.320,0.471,0.678,92.517
242.860,-7.400,0.477,0.678,92.757
242.880,-3.369,0.488,0.678,93.010
242.900,0.680,0.487,0.678,93.265
242.920,4.723,0.482,0.678,93.505
242.940,8.701,0.468,0.678,93.719
242.960,12.568,0.458,0.678,93.892
242.980,16.254,0.435,0.678,94.019
243.000,19.693,0.414,0.678,94.090
243.020,22.846,0.384,0.678,94.104
243.040,25.693,0.355,0.678,94.062
243.060,28.125,0.321,0.678,93.965
243.080,30.170,0.282,0.678,93.821
243.100,31.775,0.248,0.678,93.640
243.120,32.930,0.207,0.678,93.432
243.140,33.592,0.168,0.678,93.210
243.160,33.779,0.124,0.678,92.989
243.180,33.492,0.087,0.678,92.782
243.200,32.695,0.045,0.678,92.602
243.220,31.459,0.008,0.678,92.461
243.240,29.754,-0.025,0.678,92.367
243.260,27.633,-0.058,0.678,92.326
243.280,25.078,-0.091,0.678,92.342
243.300,22.189,-0.114,0.678,92.417
243.320,18.979,-0.141,0.678,92.542
243.340,15.469,-0.158,0.678,92.716
243.360,11.748,-0.170,0.678,92.925
243.380,7.881,-0.179,0.678,93.160
243.400,3.891,-0.185,0.678,93.405
243.420,-0.164,-0.187,0.678,93.650
243.440,-4.219,-0.179,0.678,93.879
243.460,-8.215,-0.171,0.678,94.076
243.480,-12.094,-0.156,0.678,94.236
243.500,-15.762,-0.133,0.678,94.345
243.520,-19.201,-0.115,0.678,94.398
243.540,-22.377,-0.083,0.678,94.395
243.560,-25.225,-0.057,0.678,94.334
243.580,-27.709,-0.020,0.678,94.217
243.600,-29.789,0.013,0.678,94.052
243.620,-31.400,0.049,0.678,93.848
243.640,-32.566,0.088,0.678,93.618
243.660,-33.223,0.130,0.678,93.372
243.680,-33.445,0.167,0.678,93.126
243.700,-33.176,0.211,0.678,92.893
243.720,-32.420,0.250,0.678,92.687
243.740,-31.195,0.286,0.678,92.518
243.760,-29.473,0.326,0.678,92.395
243.780,-27.375,0.355,0.678,92.328
243.800,-24.832,0.387,0.678,92.315
243.820,-21.908,0.411,0.678,92.358
243.840,-18.674,0.439,0.678,92.456
243.860,-15.182,0.453,0.678,92.601
243.880,-11.479,0.472,0.678,92.782
243.900,-7.564,0.475,0.678,92.991
243.920,-3.557,0.485,0.678,93.210
243.940,0.498,0.483,0.678,93.431
243.960,4.553,0.477,0.678,93.639
243.980,8.520,0.468,0.678,93.818
244.000,12.398,0.450,0.678,93.961
244.020,16.090,0.435,0.678,94.055
244.040,19.523,0.410,0.678,94.097
244.060,22.711,0.380,0.678,94.083
244.080,25.564,0.352,0.678,94.011
244.100,28.020,0.316,0.678,93.886
244.120,30.100,0.278,0.678,93.714
244.140,31.717,0.247,0.678,93.505
244.160,32.883,0.203,0.678,93.271
244.180,33.574,0.166,0.678,93.023
244.200,33.773,0.118,0.678,92.776
244.220,33.527,0.079,0.678,92.543
244.240,32.748,0.042,0.678,92.338
244.260,31.541,0.005,0.678,92.173
244.280,29.836,-0.029,0.678,92.054
244.300,27.744,-0.063,0.678,91.993
244.320,25.219,-0.095,0.678,91.988
244.340,22.330,-0.118,0.678,92.045
244.360,19.137,-0.142,0.678,92.154
244.380,15.645,-0.164,0.678,92.314
244.400,11.965,-0.176,0.678,92.514
244.420,8.074,-0.185,0.678,92.742
244.440,4.072,-0.183,0.678,92.984
244.460,0.047,-0.190,0.678,93.227
244.480,-4.008,-0.183,0.678,93.458
244.500,-8.004,-0.179,0.678,93.665
244.520,-11.889,-0.161,0.678,93.836
244.540,-15.568,-0.141,0.678,93.960
244.560,-19.043,-0.120,0.678,94.029
244.580,-22.225,-0.091,0.678,94.043
244.600,-25.055,-0.064,0.678,94.000
244.620,-27.551,-0.025,0.678,93.905
244.640,-29.648,0.004,0.678,93.762
244.660,-31.324,0.042,0.678,93.582
244.680,-32.502,0.079,0.678,93.375
244.700,-33.193,0.123,0.678,93.154
244.720,-33.439,0.163,0.678,92.934
244.740,-33.193,0.206,0.678,92.727
244.760,-32.461,0.242,0.678,92.548
244.780,-31.254,0.282,0.678,92.406
244.800,-29.555,0.319,0.678,92.313
244.820,-27.451,0.350,0.678,92.274
244.840,-24.949,0.380,0.678,92.292
244.860,-22.072,0.410,0.678,92.366
244.880,-18.855,0.437,0.678,92.497
244.900,-15.363,0.452,0.678,92.676
244.920,-11.654,0.471,0.678,92.893
244.940,-7.764,0.476,0.678,93.136
244.960,-3.762,0.483,0.678,93.393
244.980,0.293,0.482,0.678,93.650
245.000,4.354,0.478,0.678,94.104
245.020,8.344,0.467,0.678,94.104
245.040,12.217,0.454,0.678,94.279
245.060,15.914,0.435,0.678,94.406
245.080,19.383,0.411,0.678,94.477
245.100,22.559,0.383,0.678,94.491
245.120,25.441,0.354,0.678,94.445
245.140,27.914,0.319,0.678,94.344
245.160,29.982,0.289,0.678,94.005
245.180,31.635,0.247,0.678,94.005
245.200,32.824,0.207,0.678,93.788
245.220,33.551,0.164,0.678,93.555
245.240,33.779,0.125,0.678,93.320
245.260,33.545,0.088,0.678,93.096
245.280,32.801,0.047,0.678,92.898
245.300,31.588,0.010,0.678,92.737
245.320,29.906,-0.025,0.678,92.621
245.340,27.855,-0.062,0.678,92.560
245.360,25.348,-0.087,0.678,92.553
245.380,22.471,-0.116,0.678,92.603
245.400,19.283,-0.142,0.678,92.705
245.420,15.809,-0.157,0.678,92.856
245.440,12.105,-0.172,0.678,93.041
245.460,8.244,-0.179,0.678,93.255
245.480,4.254,-0.183,0.678,93.482
245.500,0.217,-0.187,0.678,93.707
245.520,-3.850,-0.179,0.678,93.918
245.540,-7.846,-0.170,0.678,94.103
245.560,-11.736,-0.157,0.678,94.248
245.580,-15.410,-0.137,0.678,94.347
245.600,-18.914,-0.116,0.678,94.390
245.620,-22.125,-0.088,0.678,94.377
245.640,-24.973,-0.061,0.678,94.306
245.660,-27.498,-0.024,0.678,94.180
245.680,-29.596,0.009,0.678,94.007
245.700,-31.295,0.046,0.678,93.795
245.720,-32.490,0.084,0.678,93.555
245.740,-33.199,0.126,0.678,93.301
245.760,-33.439,0.165,0.678,93.045
245.780,-33.223,0.207,0.678,92.803
245.800,-32.537,0.245,0.678,92.587
245.820,-31.342,0.286,0.678,92.408
245.840,-29.666,0.321,0.678,92.276
245.860,-27.580,0.352,0.678,92.199
245.880,-25.078,0.385,0.678,92.177
245.900,-22.225,0.415,0.678,92.216
245.920,-19.025,0.438,0.678,92.311
245.940,-15.568,0.454,0.678,92.454
245.960,-11.859,0.472,0.678,92.635
245.980,-7.963,0.477,0.678,92.846
246.000,-3.955,0.490,0.681,93.073
246.020,0.111,0.485,0.681,93.304
246.040,4.148,0.485,0.681,93.522
246.060,8.139,0.472,0.681,93.717
246.080,12.023,0.457,0.681,93.872
246.100,15.744,0.437,0.681,93.984
246.120,19.225,0.416,0.681,94.041
246.140,22.418,0.386,0.681,94.044
246.160,25.312,0.356,0.681,93.989
246.180,27.797,0.324,0.681,93.882
246.200,29.906,0.290,0.681,93.729
246.220,31.570,0.249,0.681,93.537
246.240,32.795,0.211,0.681,93.318
246.260,33.533,0.170,0.681,93.085
246.280,33.779,0.131,0.681,92.852
246.300,33.562,0.087,0.681,92.632
246.320,32.830,0.051,0.681,92.439
246.340,31.670,0.012,0.681,92.284
246.360,30.018,-0.026,0.681,92.176
246.380,27.955,-0.059,0.681,92.124
246.400,25.482,-0.085,0.681,92.130
246.420,22.629,-0.117,0.681,92.194
246.440,19.453,-0.135,0.681,92.313
246.460,15.990,-0.159,0.681,92.482
246.480,12.305,-0.170,0.681,92.689
246.500,8.449,-0.183,0.681,92.926
246.520,4.477,-0.187,0.681,93.179
246.540,0.428,-0.187,0.681,93.432
246.560,-3.633,-0.183,0.681,93.673
246.580,-7.629,-0.177,0.681,93.887
246.600,-11.525,-0.159,0.681,94.067
246.620,-15.217,-0.141,0.681,94.197
246.640,-18.727,-0.121,0.681,94.274
246.660,-21.949,-0.091,0.681,94.294
246.680,-24.826,-0.066,0.681,94.256
246.700,-27.340,-0.028,0.681,94.162
246.720,-29.467,-0.000,0.681,94.021
246.740,-31.178,0.043,0.681,93.841
246.760,-32.408,0.078,0.681,93.631
246.780,-33.158,0.122,0.681,93.405
246.800,-33.428,0.158,0.681,93.177
246.820,-33.217,0.201,0.681,92.960
246.840,-32.561,0.240,0.681,92.768
246.860,-31.377,0.275,0.681,92.612
246.880,-29.754,0.313,0.681,92.501
246.900,-27.668,0.344,0.681,92.443
246.920,-25.184,0.378,0.681,92.440
246.940,-22.348,0.410,0.681,92.494
246.960,-19.143,0.431,0.681,92.605
246.980,-15.697,0.452,0.681,92.761
247.000,-12.000,0.467,0.681,92.956
247.020,-8.121,0.473,0.681,93.175
247.040,-4.131,0.484,0.681,93.410
247.060,-0.076,0.481,0.681,93.646
247.080,3.973,0.480,0.681,93.871
247.100,7.969,0.469,0.681,94.068
247.120,11.854,0.451,0.681,94.225
247.140,15.586,0.436,0.681,94.335
247.160,19.061,0.409,0.681,94.391
247.180,22.277,0.386,0.681,94.389
247.200,25.189,0.355,0.681,94.328
247.220,27.691,0.322,0.681,94.213
247.240,29.824,0.286,0.681,94.049
247.260,31.512,0.247,0.681,93.845
247.280,32.748,0.211,0.681,93.612
247.300,33.516,0.166,0.681,93.362
247.320,33.779,0.128,0.681,93.110
247.340,33.586,0.089,0.681,92.869
247.360,32.895,0.047,0.681,92.653
247.380,31.723,0.012,0.680,92.474
247.400,30.111,-0.025,0.680,92.339
247.420,28.084,-0.061,0.680,92.258
247.440,25.605,-0.089,0.680,92.234
247.460,22.764,-0.118,0.680,92.270
247.480,19.600,-0.134,0.680,92.359
247.500,16.154,-0.162,0.680,92.496
247.520,12.457,-0.171,0.680,92.674
247.540,8.619,-0.183,0.680,92.880
247.560,4.652,-0.187,0.680,93.102
247.580,0.609,-0.185,0.680,93.538
247.600,-3.434,-0.182,0.680,93.538
247.620,-7.465,-0.178,0.680,93.726
247.640,-11.350,-0.161,0.680,93.880
247.660,-15.070,-0.142,0.680,93.987
247.680,-18.557,-0.120,0.680,94.042
247.700,-21.814,-0.092,0.680,94.041
247.720,-24.727,-0.068,0.680,93.983
247.740,-27.252,-0.028,0.680,93.875
247.760,-29.408,0.000,0.680,93.716
247.780,-31.143,0.042,0.680,93.519
247.800,-32.385,0.078,0.680,93.293
247.820,-33.176,0.121,0.680,93.053
247.840,-33.434,0.157,0.680,92.811
247.860,-33.275,0.203,0.680,92.582
247.880,-32.631,0.242,0.680,92.379
247.900,-31.465,0.277,0.680,92.212
247.920,-29.859,0.318,0.680,92.093
247.940,-27.803,0.348,0.680,92.028
247.960,-25.359,0.381,0.680,92.021
247.980,-22.523,0.407,0.680,92.074
248.000,-19.330,0.432,0.680,92.181
248.020,-15.891,0.455,0.680,92.339
248.040,-12.223,0.467,0.680,92.539
248.060,-8.338,0.481,0.680,92.767
248.080,-4.354,0.486,0.680,93.014
248.100,-0.275,0.486,0.680,93.264
248.120,3.768,0.484,0.680,93.504
248.140,7.764,0.472,0.680,93.720
248.160,11.654,0.460,0.680,93.898
248.180,15.404,0.443,0.680,94.033
248.200,18.891,0.418,0.680,94.115
248.220,22.125,0.393,0.680,94.140
248.240,25.072,0.359,0.680,94.107
248.260,27.580,0.333,0.680,94.019
248.280,29.730,0.293,0.680,93.884
248.300,31.430,0.257,0.680,93.708
248.320,32.695,0.215,0.680,93.502
248.340,33.480,0.175,0.680,93.281
248.360,33.779,0.136,0.680,93.056
248.380,33.604,0.096,0.680,92.843
248.400,32.941,0.053,0.680,92.653
248.420,31.793,0.016,0.680,92.501
248.440,30.187,-0.021,0.680,92.393
248.460,28.178,-0.054,0.680,92.339
248.480,25.729,-0.079,0.680,92.343
248.500,22.898,-0.115,0.680,92.401
248.520,19.758,-0.130,0.680,92.516
248.540,16.324,-0.157,0.680,92.678
248.560,12.656,-0.166,0.680,92.880
248.580,8.812,-0.179,0.680,93.111
248.600,4.840,-0.183,0.680,93.356
248.620,0.814,-0.184,0.680,93.604
248.640,-3.246,-0.183,0.680,93.838
248.660,-7.266,-0.170,0.680,94.047
248.680,-11.168,-0.156,0.680,94.217
248.700,-14.895,-0.137,0.680,94.339
248.720,-18.398,-0.120,0.680,94.407
248.740,-21.662,-0.090,0.680,94.419
248.760,-24.580,-0.065,0.680,94.371
248.780,-27.129,-0.027,0.680,94.269
248.800,-29.326,0.002,0.680,94.115
248.820,-31.055,0.041,0.680,93.922
248.840,-32.314,0.075,0.680,93.698
248.860,-33.105,0.121,0.680,93.456
248.880,-33.416,0.155,0.680,93.211
248.900,-33.287,0.203,0.680,92.975
248.920,-32.637,0.238,0.680,92.763
248.940,-31.518,0.279,0.680,92.586
248.960,-29.918,0.311,0.680,92.454
248.980,-27.873,0.348,0.680,92.372
249.000,-25.471,0.378,0.680,92.348
249.020,-22.652,0.410,0.680,92.378
249.040,-19.477,0.429,0.680,92.467
249.060,-16.043,0.453,0.680,92.600
249.080,-12.375,0.462,0.680,92.777
249.100,-8.525,0.476,0.680,92.978
249.120,-4.529,0.481,0.680,93.198
249.140,-0.469,0.481,0.680,93.420
249.160,3.598,0.477,0.680,93.632
249.180,7.600,0.472,0.680,93.818
249.200,11.496,0.456,0.680,93.970
249.220,15.234,0.437,0.680,94.077
249.240,18.732,0.410,0.680,94.130
249.260,21.984,0.389,0.680,94.126
249.280,24.937,0.355,0.680,94.066
249.300,27.463,0.327,0.680,93.952
249.320,29.631,0.289,0.680,93.789
249.340,31.354,0.253,0.680,93.587
249.360,32.660,0.215,0.680,93.355
249.380,33.451,0.172,0.680,93.107
249.400,33.773,0.134,0.680,92.856
249.420,33.621,0.092,0.680,92.617
249.440,32.971,0.053,0.680,92.401
249.460,31.857,0.016,0.678,92.222
249.480,30.287,-0.025,0.678,92.088
249.500,28.289,-0.059,0.678,92.010
249.520,25.857,-0.087,0.678,91.991
249.540,23.045,-0.114,0.678,92.030
249.560,19.916,-0.133,0.678,92.125
249.580,16.500,-0.162,0.678,92.269
249.600,12.838,-0.169,0.678,92.458
249.620,9.000,-0.187,0.678,92.677
249.640,5.045,-0.186,0.678,92.915
249.660,1.020,-0.187,0.678,93.157
249.680,-3.035,-0.186,0.678,93.390
249.700,-7.049,-0.180,0.678,93.599
249.720,-10.963,-0.167,0.678,93.776
249.740,-14.713,-0.145,0.678,93.908
249.760,-18.234,-0.128,0.678,93.987
249.780,-21.486,-0.099,0.678,94.013
249.800,-24.445,-0.074,0.678,93.981
249.820,-26.988,-0.036,0.678,93.895
249.840,-29.209,-0.004,0.678,93.760
249.860,-30.973,0.036,0.678,93.382
249.880,-32.273,0.070,0.678,93.382
249.900,-33.100,0.116,0.678,93.161
249.920,-33.410,0.150,0.678,92.938
249.940,-33.299,0.196,0.678,92.725
249.960,-32.684,0.232,0.678,92.536
249.980,-31.588,0.273,0.678,92.383
250.000,-30.029,0.311,0.678,92.276
250.020,-27.996,0.343,0.678,92.223
250.040,-25.582,0.379,0.678,92.227
250.060,-22.781,0.405,0.678,92.288
250.080,-19.646,0.428,0.678,92.408
250.100,-16.225,0.448,0.678,92.574
250.120,-12.568,0.466,0.678,92.782
250.140,-8.707,0.481,0.678,93.021
250.160,-4.717,0.478,0.678,93.277
250.180,-0.668,0.481,0.678,93.533
250.200,3.381,0.481,0.678,93.781
250.220,7.395,0.471,0.678,94.004
250.240,11.297,0.459,0.678,94.191
250.260,15.047,0.440,0.678,94.332
250.280,18.586,0.418,0.678,94.418
250.300,21.832,0.391,0.678,94.448
250.320,24.797,0.360,0.678,94.418
250.340,27.352,0.330,0.678,94.332
250.360,29.537,0.291,0.678,94.195
250.380,31.283,0.256,0.678,94.016
250.400,32.596,0.220,0.678,93.806
250.420,33.428,0.174,0.678,93.577
250.440,33.779,0.138,0.678,93.344
250.460,33.645,0.095,0.678,93.118
250.480,33.023,0.058,0.678,92.915
250.500,31.922,0.016,0.678,92.747
250.520,30.375,-0.017,0.678,92.622
250.540,28.389,-0.054,0.678,92.549
250.560,25.980,-0.079,0.678,92.532
250.580,23.180,-0.111,0.678,92.569
250.600,20.062,-0.129,0.678,92.664
250.620,16.664,-0.158,0.678,92.803
250.640,13.002,-0.163,0.678,92.987
250.660,9.170,-0.181,0.678,93.196
250.680,5.209,-0.179,0.678,93.423
250.700,1.178,-0.185,0.678,93.868
250.720,-2.877,-0.179,0.678,93.868
250.740,-6.891,-0.171,0.678,94.060
250.760,-10.811,-0.162,0.678,94.217
250.780,-14.555,-0.141,0.678,94.329
250.800,-18.076,-0.120,0.678,94.387
250.820,-21.369,-0.090,0.678,94.387
250.840,-24.334,-0.068,0.678,94.330
250.860,-26.912,-0.031,0.678,94.218
250.880,-29.121,0.003,0.678,94.056
250.900,-30.920,0.040,0.678,93.852
250.920,-32.238,0.075,0.678,93.617
250.940,-33.088,0.120,0.678,93.365
250.960,-33.422,0.155,0.678,93.109
250.980,-33.311,0.199,0.678,92.862
251.000,-32.719,0.236,0.674,92.639
251.020,-31.670,0.278,0.674,92.450
251.040,-30.111,0.311,0.674,92.306
251.060,-28.107,0.347,0.674,92.213
251.080,-25.723,0.375,0.674,92.181
251.100,-22.922,0.406,0.674,92.202
251.120,-19.799,0.434,0.674,92.283
251.140,-16.395,0.452,0.674,92.414
251.160,-12.750,0.461,0.674,92.587
251.180,-8.895,0.481,0.674,92.788
251.200,-4.916,0.484,0.674,93.012
251.220,-0.867,0.489,0.676,93.242
251.240,3.193,0.484,0.676,93.463
251.260,7.201,0.477,0.676,93.661
251.280,11.104,0.460,0.676,93.825
251.300,14.895,0.443,0.676,93.948
251.320,18.404,0.422,0.676,94.017
251.340,21.674,0.396,0.676,94.034
251.360,24.662,0.364,0.676,93.992
251.380,27.252,0.336,0.676,93.897
251.400,29.449,0.294,0.676,93.754
251.420,31.213,0.261,0.676,93.571
251.440,32.561,0.221,0.676,93.127
251.460,33.398,0.181,0.676,93.127
251.480,33.773,0.141,0.676,92.893
251.500,33.662,0.099,0.676,92.668
251.520,33.070,0.057,0.676,92.468
251.540,31.998,0.018,0.676,92.304
251.560,30.457,-0.014,0.676,92.186
251.580,28.488,-0.054,0.676,92.115
251.600,26.121,-0.079,0.676,92.115
251.620,23.332,-0.116,0.676,92.277
251.640,20.232,-0.132,0.676,92.277
251.660,16.846,-0.158,0.676,92.434
251.680,13.201,-0.168,0.676,92.639
251.700,9.375,-0.184,0.676,92.872
251.720,5.426,-0.184,0.676,93.125
251.740,1.389,-0.191,0.679,93.381
251.760,-2.666,-0.183,0.679,93.632
251.780,-6.680,-0.179,0.679,93.858
251.800,-10.605,-0.167,0.679,94.050
251.820,-14.379,-0.145,0.679,94.196
251.840,-17.906,-0.128,0.679,94.290
251.860,-21.205,-0.098,0.679,94.307
251.880,-24.152,-0.071,0.679,94.307
251.900,-26.783,-0.039,0.679,94.231
251.920,-29.021,-0.006,0.679,94.105
251.940,-30.814,0.031,0.679,93.937
251.960,-32.145,0.071,0.679,93.738
251.980,-33.018,0.112,0.679,93.519
252.000,-33.387,0.148,0.679,93.295
252.020,-33.316,0.192,0.679,93.079
252.040,-32.742,0.229,0.679,92.884
252.060,-31.693,0.271,0.679,92.723
252.080,-30.146,0.305,0.679,92.541
252.100,-28.195,0.344,0.679,92.541
252.120,-25.816,0.371,0.679,92.532
252.140,-23.045,0.404,0.679,92.577
252.160,-19.922,0.425,0.679,92.681
252.180,-16.529,0.450,0.679,92.829
252.200,-12.896,0.461,0.679,93.023
252.220,-9.076,0.475,0.679,93.241
252.240,-5.086,0.475,0.679,93.478
252.260,-1.043,0.484,0.679,93.717
252.280,3.023,0.475,0.679,93.949
252.300,7.025,0.474,0.679,94.156
252.320,10.928,0.453,0.679,94.327
252.340,14.725,0.442,0.679,94.452
252.360,18.258,0.416,0.679,94.524
252.380,21.539,0.391,0.679,94.539
252.400,24.527,0.362,0.679,94.494
252.420,27.129,0.332,0.679,94.393
252.440,29.361,0.292,0.679,94.047
252.460,31.131,0.260,0.679,94.047
252.480,32.502,0.218,0.679,93.820
252.500,33.369,0.180,0.679,93.321
252.520,33.768,0.138,0.679,93.076
252.540,33.668,0.097,0.679,93.076
252.560,33.094,0.059,0.679,92.853
252.580,32.051,0.016,0.679,92.664
252.600,30.527,-0.012,0.679,92.518
252.620,28.600,-0.058,0.679,92.424
252.640,26.232,-0.077,0.679,92.388
252.660,23.455,-0.112,0.679,92.405
252.680,20.373,-0.133,0.679,92.480
252.700,17.016,-0.156,0.679,92.605
252.720,13.359,-0.170,0.679,92.775
252.740,9.551,-0.180,0.679,92.971
252.760,5.602,-0.183,0.679,93.187
252.780,1.600,-0.189,0.679,93.408
252.800,-2.490,-0.184,0.679,93.622
252.820,-6.492,-0.177,0.679,93.814
252.840,-10.447,-0.166,0.679,93.973
252.860,-14.209,-0.145,0.679,94.089
252.880,-17.748,-0.131,0.679,94.152
252.900,-21.064,-0.096,0.679,94.161
252.920,-24.041,-0.075,0.679,94.112
252.940,-26.701,-0.038,0.679,94.010
252.960,-28.957,-0.006,0.679,93.858
252.980,-30.785,0.034,0.679,93.665
253.000,-32.139,0.069,0.679,93.441
253.020,-33.029,0.111,0.679,93.199
253.040,-33.398,0.150,0.679,92.953
253.060,-33.357,0.192,0.679,92.715
253.080,-32.830,0.231,0.679,92.501
253.100,-31.799,0.268,0.679,92.320
253.120,-30.287,0.307,0.679,92.185
253.140,-28.330,0.345,0.679,92.102
253.160,-25.986,0.372,0.679,92.079
253.180,-23.227,0.404,0.679,92.111
253.200,-20.139,0.427,0.679,92.205
253.220,-16.729,0.452,0.679,92.346
253.240,-13.102,0.467,0.679,92.535
253.260,-9.270,0.480,0.679,92.753
253.280,-5.309,0.485,0.679,92.995
253.300,-1.260,0.489,0.679,93.240
253.320,2.801,0.483,0.679,93.481
253.340,6.832,0.477,0.679,93.701
253.360,10.740,0.464,0.679,93.887
253.380,14.525,0.447,0.679,94.030
253.400,18.076,0.424,0.679,94.120
253.420,21.387,0.398,0.679,94.158
253.440,24.393,0.369,0.679,94.136
253.460,27.018,0.338,0.679,94.059
253.480,29.244,0.301,0.679,93.933
253.500,31.066,0.265,0.679,93.764
253.520,32.443,0.224,0.679,93.564
253.540,33.340,0.186,0.679,93.344
253.560,33.750,0.145,0.679,93.119
253.580,33.697,0.103,0.679,92.901
253.600,33.158,0.063,0.679,92.705
253.620,32.109,0.024,0.679,92.543
253.640,30.609,-0.008,0.679,92.425
253.660,28.699,-0.053,0.679,92.356
253.680,26.355,-0.074,0.679,92.347
253.700,23.602,-0.110,0.679,92.394
253.720,20.531,-0.125,0.679,92.499
253.740,17.174,-0.154,0.679,92.648
253.760,13.547,-0.162,0.679,92.846
253.780,9.738,-0.179,0.679,93.070
253.800,5.783,-0.182,0.679,93.316
253.820,1.764,-0.185,0.679,93.565
253.840,-2.291,-0.180,0.679,93.806
253.860,-6.311,-0.175,0.679,94.022
253.880,-10.248,-0.164,0.679,94.205
253.900,-14.033,-0.143,0.679,94.344
253.920,-17.590,-0.125,0.679,94.428
253.940,-20.900,-0.100,0.679,94.456
253.960,-23.906,-0.075,0.679,94.426
253.980,-26.555,-0.037,0.679,94.339
254.000,-28.816,-0.006,0.679,94.200
254.020,-30.680,0.035,0.679,94.018
254.040,-32.057,0.066,0.679,93.802
254.060,-32.965,0.111,0.679,93.566
254.080,-33.375,0.149,0.679,93.323
254.100,-33.322,0.189,0.679,93.087
254.120,-32.842,0.228,0.679,92.871
254.140,-31.834,0.266,0.679,92.687
254.160,-30.334,0.302,0.679,92.546
254.180,-28.412,0.339,0.679,92.453
254.200,-26.062,0.366,0.679,92.420
254.220,-23.338,0.401,0.679,92.438
254.240,-20.250,0.421,0.679,92.517
254.260,-16.875,0.442,0.679,92.641
254.280,-13.271,0.459,0.679,92.809
254.300,-9.422,0.472,0.679,93.006
254.320,-5.467,0.481,0.679,93.225
254.340,-1.430,0.483,0.679,93.448
254.360,2.631,0.480,0.679,93.664
254.380,6.633,0.472,0.679,93.860
254.400,10.564,0.457,0.679,94.020
254.420,14.350,0.446,0.679,94.137
254.440,17.924,0.417,0.679,94.204
254.460,21.217,0.395,0.679,94.213
254.480,24.258,0.363,0.679,94.165
254.500,26.906,0.334,0.679,94.061
254.520,29.162,0.295,0.679,93.908
254.540,30.990,0.263,0.679,93.711
254.560,32.391,0.223,0.679,93.483
254.580,33.305,0.181,0.679,92.981
254.600,33.738,0.141,0.679,92.981
254.620,33.697,0.100,0.679,92.734
254.640,33.176,0.062,0.679,92.508
254.660,32.174,0.023,0.679,92.316
254.680,30.703,-0.013,0.679,92.168
254.700,28.805,-0.055,0.679,92.071
254.720,26.479,-0.075,0.679,92.035
254.740,23.748,-0.115,0.679,92.053
254.760,20.689,-0.127,0.679,92.134
254.780,17.350,-0.160,0.679,92.260
254.800,13.723,-0.167,0.679,92.436
254.820,9.943,-0.185,0.679,92.639
254.840,6.000,-0.182,0.679,92.870
254.860,1.963,-0.194,0.682,93.102
254.880,-2.092,-0.182,0.682,93.336
254.900,-6.094,-0.187,0.682,93.542
254.920,-10.066,-0.168,0.682,93.725
254.940,-13.828,-0.150,0.682,93.862
254.960,-17.402,-0.138,0.682,93.948
254.980,-20.760,-0.106,0.682,93.983
255.000,-23.777,-0.084,0.682,93.960
255.020,-26.437,-0.037,0.682,93.883
255.040,-28.740,-0.022,0.682,93.753
255.060,-30.598,0.038,0.682,93.584
255.080,-32.004,0.054,0.682,93.380
255.100,-32.959,0.117,0.682,93.159
255.120,-33.375,0.130,0.682,92.931
255.140,-33.363,0.195,0.682,92.710
255.160,-32.889,0.220,0.682,92.513
255.180,-31.875,0.271,0.682,92.346
255.200,-30.457,0.298,0.682,92.227
255.220,-28.518,0.341,0.682,92.156
255.240,-26.197,0.367,0.682,92.146
255.260,-23.496,0.402,0.682,92.191
255.280,-20.426,0.421,0.682,92.297
255.300,-17.062,0.446,0.682,92.452
255.320,-13.465,0.469,0.682,92.651
255.340,-9.639,0.470,0.682,92.886
255.360,-5.695,0.488,0.682,93.137
255.380,-1.646,0.478,0.682,93.400
255.400,2.414,0.487,0.682,93.650
255.420,6.445,0.465,0.682,93.886
255.440,10.365,0.470,0.682,94.080
255.460,14.186,0.436,0.682,94.241
255.480,17.760,0.427,0.682,94.339
255.500,21.082,0.393,0.682,94.388
255.520,24.117,0.374,0.682,94.374
255.540,26.777,0.331,0.682,94.307
255.560,29.051,0.307,0.682,94.184
255.580,30.908,0.263,0.682,94.020
255.600,32.338,0.231,0.682,93.821
255.620,33.270,0.186,0.682,93.600
255.640,33.727,0.147,0.682,93.372
255.660,33.709,0.109,0.682,93.148
255.680,33.211,0.065,0.682,92.944
255.700,32.232,0.034,0.682,92.772
255.720,30.779,-0.014,0.682,92.641
255.740,28.887,-0.041,0.682,92.561
255.760,26.602,-0.076,0.682,92.535
255.780,23.871,-0.091,0.682,92.567
255.800,20.830,-0.136,0.682,92.650
255.820,17.508,-0.141,0.682,92.790
255.840,13.881,-0.176,0.682,92.966
255.860,10.102,-0.162,0.682,93.181
255.880,6.176,-0.194,0.682,93.405
255.900,2.150,-0.171,0.682,93.644
255.920,-1.904,-0.191,0.682,93.864
255.940,-5.936,-0.163,0.682,94.073
255.960,-9.891,-0.172,0.682,94.238
255.980,-13.670,-0.137,0.682,94.368
256.000,-17.256,-0.133,0.682,94.439
256.020,-20.602,-0.098,0.682,94.458
256.040,-23.660,-0.072,0.682,94.417
256.060,-26.338,-0.039,0.682,94.319
256.080,-28.646,-0.009,0.682,94.169
256.100,-30.521,0.025,0.682,93.975
256.120,-31.939,0.070,0.682,93.749
256.140,-32.936,0.103,0.682,93.500
256.160,-33.375,0.151,0.682,93.243
256.180,-33.398,0.182,0.682,92.993
256.200,-32.912,0.232,0.682,92.761
256.220,-31.945,0.261,0.682,92.562
256.240,-30.533,0.313,0.682,92.406
256.260,-28.629,0.334,0.682,92.301
256.280,-26.326,0.374,0.682,92.250
256.300,-23.631,0.396,0.682,92.257
256.320,-20.572,0.428,0.682,92.322
256.340,-17.232,0.442,0.682,92.437
256.360,-13.646,0.475,0.682,92.595
256.380,-9.826,0.463,0.682,92.793
256.400,-5.877,0.493,0.687,93.002
256.420,-1.828,0.480,0.687,93.229
256.440,2.232,0.487,0.687,93.445
256.460,6.270,0.471,0.687,93.647
256.480,10.189,0.466,0.687,93.812
256.500,13.998,0.444,0.687,93.939
256.520,17.596,0.422,0.687,94.016
256.540,20.918,0.397,0.687,94.038
256.560,24.000,0.372,0.687,94.003
256.580,26.660,0.337,0.687,93.915
256.600,28.951,0.304,0.687,93.775
256.620,30.832,0.263,0.687,93.595
256.640,32.273,0.232,0.687,93.381
256.660,33.240,0.182,0.687,93.148
256.680,33.721,0.156,0.687,92.908
256.700,33.721,0.096,0.687,92.674
256.720,33.258,0.079,0.687,92.463
256.740,32.273,0.014,0.687,92.281
256.760,30.861,0.005,0.687,92.149
256.780,28.998,-0.067,0.687,92.061
256.800,26.719,-0.055,0.687,92.042
256.820,24.023,-0.132,0.687,92.067
256.840,20.994,-0.112,0.687,92.168
256.860,17.684,-0.172,0.687,92.304
256.880,14.080,-0.154,0.687,92.503
256.900,10.301,-0.195,0.689,92.722
256.920,6.363,-0.175,0.689,92.977
256.940,2.350,-0.200,0.694,93.229
256.960,-1.693,-0.176,0.694,93.486
256.980,-5.719,-0.195,0.694,93.712
257.000,-9.691,-0.158,0.694,93.922
257.020,-13.482,-0.166,0.694,94.076
257.040,-17.068,-0.120,0.694,94.191
257.060,-20.432,-0.121,0.694,94.240
257.080,-23.484,-0.072,0.694,94.241
257.100,-26.186,-0.050,0.694,94.179
257.120,-28.523,-0.017,0.694,94.070
257.140,-30.445,0.031,0.694,93.916
257.160,-31.869,0.046,0.694,93.726
257.180,-32.859,0.116,0.694,93.518
257.200,-33.328,0.124,0.694,93.299
257.220,-33.393,0.197,0.694,93.086
257.240,-32.924,0.207,0.694,92.894
257.260,-31.998,0.276,0.694,92.730
257.280,-30.562,0.280,0.694,92.614
257.300,-28.676,0.352,0.694,92.538
257.320,-26.432,0.347,0.694,92.532
257.340,-23.748,0.414,0.694,92.567
257.360,-20.695,0.402,0.694,92.675
257.380,-17.373,0.461,0.694,92.816
257.400,-13.787,0.443,0.694,93.019
257.420,-10.008,0.490,0.694,93.234
257.440,-6.059,0.468,0.694,93.491
257.460,-2.010,0.494,0.694,93.735
257.480,2.045,0.472,0.694,93.990
257.500,6.076,0.485,0.694,94.211
257.520,10.014,0.454,0.694,94.407
257.540,13.834,0.453,0.694,94.554
257.560,17.437,0.416,0.694,94.653
257.580,20.766,0.408,0.694,94.691
257.600,23.859,0.363,0.694,94.671
257.620,26.549,0.346,0.694,94.594
257.640,28.863,0.302,0.694,94.462
257.660,30.756,0.271,0.694,94.287
257.680,32.215,0.232,0.694,94.075
257.700,33.205,0.187,0.694,93.841
257.720,33.715,0.149,0.694,93.597
257.740,33.732,0.104,0.694,93.357
257.760,33.287,0.074,0.694,93.137
257.780,32.338,0.025,0.694,92.944
257.800,30.943,-0.004,0.694,92.795
257.820,29.098,-0.049,0.694,92.693
257.840,26.842,-0.071,0.694,92.650
257.860,24.158,-0.109,0.694,92.659
257.880,21.152,-0.125,0.694,92.727
257.900,17.848,-0.153,0.694,92.847
257.920,14.262,-0.163,0.694,93.007
257.940,10.477,-0.180,0.694,93.202
257.960,6.533,-0.184,0.694,93.415
257.980,2.525,-0.183,0.694,93.639
258.000,-1.518,-0.189,0.694,93.849
258.020,-5.555,-0.175,0.694,94.051
258.040,-9.521,-0.175,0.694,94.210
258.060,-13.324,-0.146,0.694,94.338
258.080,-16.945,-0.133,0.694,94.406
258.100,-20.314,-0.106,0.694,94.426
258.120,-23.396,-0.079,0.694,94.383
258.140,-26.104,-0.048,0.694,94.289
258.160,-28.453,-0.012,0.694,94.141
258.180,-30.387,0.025,0.694,93.950
258.200,-31.863,0.063,0.694,93.725
258.220,-32.877,0.101,0.694,93.478
258.240,-33.340,0.143,0.694,93.223
258.260,-33.428,0.182,0.694,92.973
258.280,-33.006,0.228,0.694,92.742
258.300,-32.092,0.261,0.694,92.544
258.320,-30.691,0.302,0.694,92.387
258.340,-28.828,0.340,0.694,92.282
258.360,-26.561,0.368,0.694,92.230
258.380,-23.918,0.400,0.694,92.242
258.400,-20.889,0.423,0.694,92.307
258.420,-17.572,0.448,0.694,92.431
258.440,-13.992,0.460,0.694,92.592
258.460,-10.201,0.482,0.694,92.796
258.480,-6.258,0.484,0.694,93.017
258.500,-2.215,0.493,0.694,93.255
258.520,1.840,0.485,0.694,93.483
258.540,5.883,0.485,0.694,93.700
258.560,9.814,0.467,0.694,93.881
258.580,13.658,0.453,0.694,94.027
258.600,17.262,0.427,0.694,94.121
258.620,20.619,0.411,0.694,94.159
258.640,23.719,0.373,0.694,94.143
258.660,26.449,0.348,0.694,94.070
258.680,28.758,0.307,0.694,93.949
258.700,30.680,0.275,0.694,93.781
258.720,32.162,0.234,0.694,93.581
258.740,33.176,0.196,0.694,93.359
258.760,33.709,0.156,0.694,93.128
258.780,33.756,0.112,0.694,92.903
258.800,33.334,0.077,0.694,92.696
258.820,32.408,0.035,0.694,92.522
258.840,31.031,-0.001,0.694,92.388
258.860,29.180,-0.042,0.694,92.307
258.880,26.959,-0.066,0.694,92.281
258.900,24.299,-0.100,0.694,92.313
258.920,21.293,-0.119,0.694,92.400
258.940,18.000,-0.148,0.694,92.544
258.960,14.420,-0.159,0.694,92.726
258.980,10.676,-0.178,0.694,92.950
259.000,6.756,-0.180,0.694,93.191
259.020,2.736,-0.186,0.694,93.443
259.040,-1.312,-0.180,0.694,93.687
259.060,-5.355,-0.180,0.694,93.913
259.080,-9.305,-0.167,0.694,94.109
259.100,-13.107,-0.150,0.694,94.261
259.120,-16.734,-0.133,0.694,94.362
259.140,-20.145,-0.107,0.694,94.409
259.160,-23.209,-0.075,0.694,94.396
259.180,-25.945,-0.050,0.694,94.325
259.200,-28.301,-0.013,0.694,94.203
259.220,-30.252,0.020,0.694,94.035
259.240,-31.770,0.058,0.694,93.831
259.260,-32.801,0.099,0.694,93.604
259.280,-33.293,0.134,0.694,93.366
259.300,-33.416,0.180,0.694,93.130
259.320,-32.965,0.217,0.694,92.913
259.340,-32.098,0.254,0.694,92.722
259.360,-30.727,0.290,0.694,92.577
259.380,-28.881,0.330,0.694,92.470
259.400,-26.660,0.360,0.694,92.431
259.420,-24.012,0.394,0.694,92.434
259.440,-21.018,0.412,0.694,92.508
259.460,-17.695,0.443,0.694,92.616
259.480,-14.150,0.454,0.694,92.784
259.500,-10.371,0.475,0.694,92.971
259.520,-6.422,0.476,0.694,93.193
259.540,-2.402,0.486,0.694,93.409
259.560,1.670,0.476,0.694,93.636
259.580,5.695,0.479,0.694,93.828
259.600,9.650,0.460,0.694,94.004
259.620,13.488,0.452,0.694,94.124
259.640,17.104,0.425,0.694,94.207
259.660,20.479,0.406,0.694,94.225
259.680,23.578,0.369,0.694,94.190
259.700,26.309,0.344,0.694,94.096
259.720,28.658,0.305,0.694,93.949
259.740,30.592,0.273,0.694,93.760
259.760,32.104,0.231,0.694,93.533
259.780,33.135,0.194,0.694,93.285
259.800,33.691,0.149,0.694,93.026
259.820,33.756,0.108,0.694,92.770
259.840,33.357,0.072,0.694,92.535
259.860,32.455,0.030,0.694,92.325
259.880,31.102,-0.005,0.694,92.164
259.900,29.297,-0.045,0.694,92.044
259.920,27.076,-0.075,0.694,91.992
259.940,24.445,-0.099,0.694,91.985
259.960,21.463,-0.131,0.694,92.047
259.980,18.176,-0.146,0.694,92.152
260.000,14.607,-0.170,0.694,92.315
260.020,10.857,-0.174,0.694,92.504
260.040,6.949,-0.189,0.694,92.724
260.060,2.941,-0.186,0.694,92.949
260.080,-1.107,-0.191,0.694,93.178
260.100,-5.150,-0.179,0.694,93.385
260.120,-9.117,-0.176,0.694,93.568
260.140,-12.949,-0.154,0.694,93.708
260.160,-16.570,-0.135,0.694,93.804
260.180,-19.980,-0.110,0.694,93.841
260.200,-23.092,-0.085,0.694,93.826
260.220,-25.840,-0.054,0.694,93.754
260.240,-28.236,-0.017,0.694,93.633
260.260,-30.182,0.012,0.694,93.467
260.280,-31.723,0.058,0.694,93.267
260.300,-32.771,0.092,0.694,93.043
260.320,-33.316,0.135,0.694,92.811
260.340,-33.434,0.175,0.694,92.583
260.360,-33.041,0.213,0.694,92.375
260.380,-32.174,0.258,0.694,92.195
260.400,-30.814,0.286,0.694,92.061
260.420,-29.027,0.336,0.694,91.972
260.440,-26.801,0.359,0.694,91.946
260.460,-24.182,0.398,0.694,91.974
260.480,-21.182,0.418,0.694,92.065
260.500,-17.877,0.441,0.694,92.205
260.520,-14.350,0.463,0.694,92.395
260.540,-10.564,0.470,0.694,92.620
260.560,-6.633,0.482,0.694,92.865
260.580,-2.596,0.486,0.694,93.127
260.600,1.459,0.476,0.694,93.382
260.620,5.490,0.483,0.694,93.622
260.640,9.445,0.454,0.694,93.831
260.660,13.277,0.458,0.694,93.995
260.680,16.928,0.418,0.694,94.117
260.700,20.309,0.415,0.694,94.176
260.720,23.432,0.366,0.694,94.183
260.740,26.186,0.358,0.694,94.127
260.760,28.559,0.302,0.694,94.023
260.780,30.510,0.282,0.694,93.869
260.800,32.033,0.233,0.694,93.680
260.820,33.094,0.203,0.694,93.467
260.840,33.668,0.155,0.694,93.242
260.860,33.773,0.116,0.694,93.019
260.880,33.381,0.079,0.694,92.812
260.900,32.508,0.036,0.694,92.634
260.920,31.172,0.007,0.694,92.497
260.940,29.391,-0.039,0.694,92.406
260.960,27.199,-0.055,0.694,92.373
260.980,24.574,-0.102,0.694,92.390
261.000,21.609,-0.112,0.694,92.470
261.020,18.334,-0.146,0.694,92.594
261.040,14.777,-0.154,0.694,92.770
261.060,11.021,-0.171,0.694,92.974
261.080,7.125,-0.179,0.694,93.205
261.100,3.123,-0.185,0.694,93.442
261.120,-0.937,-0.187,0.694,93.678
261.140,-4.969,-0.175,0.694,93.894
261.160,-8.953,-0.173,0.694,94.077
261.180,-12.791,-0.145,0.694,94.219
261.200,-16.424,-0.138,0.694,94.309
261.220,-19.822,-0.100,0.694,94.345
261.240,-22.951,-0.089,0.694,94.320
261.260,-25.734,-0.046,0.694,94.240
261.280,-28.119,-0.019,0.694,94.105
261.300,-30.117,0.022,0.694,93.924
261.320,-31.641,0.059,0.694,93.706
261.340,-32.707,0.095,0.694,93.464
261.360,-33.305,0.137,0.694,93.211
261.380,-33.422,0.174,0.694,92.959
261.400,-33.064,0.215,0.694,92.724
261.420,-32.221,0.251,0.694,92.517
261.440,-30.879,0.295,0.694,92.351
261.460,-29.104,0.329,0.694,92.232
261.480,-26.889,0.363,0.694,92.170
261.500,-24.311,0.390,0.694,92.163
261.520,-21.340,0.420,0.694,92.214
261.540,-18.018,0.439,0.694,92.318
261.560,-14.514,0.461,0.694,92.468
261.580,-10.729,0.473,0.694,92.654
261.600,-6.838,0.484,0.694,92.865
261.620,-2.801,0.485,0.694,93.087
261.640,1.277,0.486,0.694,93.308
261.660,5.314,0.478,0.694,93.514
261.680,9.275,0.468,0.694,93.689
261.700,13.107,0.446,0.694,93.827
261.720,16.770,0.434,0.694,93.914
261.740,20.168,0.402,0.694,93.948
261.760,23.291,0.382,0.694,93.925
261.780,26.068,0.344,0.694,93.848
261.800,28.453,0.315,0.694,93.718
261.820,30.439,0.274,0.694,93.544
261.840,31.980,0.237,0.694,93.335
261.860,33.064,0.193,0.694,93.102
261.880,33.656,0.154,0.694,92.858
261.900,33.791,0.116,0.694,92.619
261.920,33.422,0.077,0.694,92.396
261.940,32.566,0.034,0.689,92.203
261.960,31.248,0.002,0.689,92.053
261.980,29.473,-0.040,0.685,91.951
262.000,27.322,-0.070,0.685,91.908
262.020,24.709,-0.100,0.685,91.921
262.040,21.756,-0.125,0.685,91.996
262.060,18.516,-0.148,0.685,92.122
262.080,14.965,-0.168,0.685,92.300
262.100,11.227,-0.174,0.685,92.513
262.120,7.336,-0.187,0.685,92.753
262.140,3.322,-0.188,0.685,93.002
262.160,-0.744,-0.190,0.685,93.254
262.180,-4.758,-0.183,0.685,93.487
262.200,-8.760,-0.171,0.685,93.696
262.220,-12.574,-0.156,0.685,93.861
262.240,-16.230,-0.138,0.685,93.981
262.260,-19.658,-0.116,0.685,94.044
262.280,-22.770,-0.086,0.685,94.052
262.300,-25.576,-0.058,0.685,94.002
262.320,-27.973,-0.021,0.685,93.902
262.340,-29.994,0.013,0.685,93.753
262.360,-31.582,0.052,0.685,93.570
262.380,-32.648,0.087,0.685,93.361
262.400,-33.252,0.131,0.685,93.141
262.420,-33.393,0.170,0.685,92.923
262.440,-33.059,0.211,0.685,92.722
262.460,-32.256,0.252,0.684,92.549
262.480,-30.949,0.286,0.684,92.417
262.500,-29.174,0.331,0.684,92.332
262.520,-26.971,0.351,0.684,92.304
262.540,-24.434,0.392,0.684,92.331
262.560,-21.457,0.411,0.684,92.416
262.580,-18.182,0.440,0.684,92.554
262.600,-14.666,0.448,0.684,92.737
262.620,-10.898,0.472,0.684,92.954
262.640,-7.014,0.476,0.684,93.196
262.660,-2.971,0.487,0.684,93.450
262.680,1.090,0.476,0.684,93.700
262.700,5.133,0.481,0.684,93.933
262.720,9.094,0.462,0.684,94.137
262.740,12.943,0.455,0.684,94.297
262.760,16.600,0.425,0.684,94.410
262.780,20.004,0.410,0.684,94.463
262.800,23.145,0.374,0.684,94.462
262.820,25.945,0.348,0.684,94.398
262.840,28.348,0.311,0.684,94.284
262.860,30.346,0.278,0.684,94.119
262.880,31.916,0.242,0.684,93.919
262.900,33.012,0.202,0.684,93.692
262.920,33.639,0.158,0.684,93.452
262.940,33.785,0.118,0.684,93.212
262.960,33.451,0.078,0.684,92.988
262.980,32.607,0.037,0.684,92.790
263.000,31.318,0.002,0.684,92.633
263.020,29.572,-0.038,0.684,92.522
263.040,27.422,-0.063,0.684,92.468
263.060,24.832,-0.100,0.684,92.467
263.080,21.896,-0.118,0.684,92.525
263.100,18.662,-0.147,0.684,92.634
263.120,15.129,-0.163,0.684,92.788
263.140,11.408,-0.174,0.684,92.980
263.160,7.523,-0.183,0.684,93.195
263.180,3.516,-0.187,0.684,93.416
263.200,-0.551,-0.184,0.684,93.641
263.220,-4.564,-0.180,0.684,93.841
263.240,-8.572,-0.170,0.684,94.022
263.260,-12.416,-0.158,0.684,94.155
263.280,-16.078,-0.132,0.684,94.249
263.300,-19.506,-0.113,0.684,94.278
263.320,-22.670,-0.083,0.684,94.259
263.340,-25.471,-0.058,0.684,94.177
263.360,-27.873,-0.021,0.684,94.047
263.380,-29.941,0.017,0.684,93.868
263.400,-31.529,0.057,0.684,93.653
263.420,-32.643,0.091,0.684,93.413
263.440,-33.258,0.132,0.684,93.162
263.460,-33.398,0.170,0.684,92.912
263.480,-33.105,0.216,0.684,92.679
263.500,-32.332,0.248,0.678,92.473
263.520,-31.055,0.289,0.678,92.308
263.540,-29.291,0.329,0.678,92.189
263.560,-27.111,0.355,0.678,92.130
263.580,-24.551,0.394,0.678,92.123
263.600,-21.598,0.414,0.678,92.181
263.620,-18.357,0.443,0.678,92.287
263.640,-14.848,0.460,0.678,92.445
263.660,-11.086,0.475,0.678,92.640
263.680,-7.195,0.480,0.678,92.863
263.700,-3.152,0.489,0.679,93.098
263.720,0.885,0.486,0.679,93.333
263.740,4.928,0.485,0.679,93.557
263.760,8.900,0.466,0.679,93.749
263.780,12.756,0.456,0.679,93.905
263.800,16.424,0.431,0.679,94.011
263.820,19.857,0.410,0.679,94.067
263.840,23.004,0.380,0.679,94.063
263.860,25.828,0.352,0.679,94.005
263.880,28.242,0.318,0.679,93.893
263.900,30.258,0.282,0.679,93.736
263.920,31.852,0.244,0.679,93.543
263.940,32.971,0.203,0.679,93.325
263.960,33.627,0.162,0.679,93.095
263.980,33.785,0.123,0.679,92.867
264.000,33.475,0.081,0.679,92.654
264.020,32.666,0.042,0.679,92.470
264.040,31.395,0.008,0.679,92.325
264.060,29.672,-0.032,0.679,92.229
264.080,27.539,-0.060,0.679,92.189
264.100,24.961,-0.096,0.679,92.206
264.120,22.055,-0.114,0.679,92.281
264.140,18.832,-0.144,0.679,92.409
264.160,15.311,-0.158,0.679,92.587
264.180,11.596,-0.170,0.679,92.800
264.200,7.705,-0.183,0.679,93.038
264.220,3.721,-0.186,0.679,93.291
264.240,-0.311,-0.187,0.679,93.540
264.260,-4.377,-0.181,0.679,93.775
264.280,-8.361,-0.172,0.679,93.979
264.300,-12.217,-0.158,0.679,94.146
264.320,-15.879,-0.135,0.679,94.262
264.340,-19.330,-0.116,0.679,94.324
264.360,-22.512,-0.087,0.679,94.328
264.380,-25.307,-0.060,0.679,94.274
264.400,-27.756,-0.023,0.679,94.167
264.420,-29.812,0.008,0.679,94.011
264.440,-31.418,0.047,0.679,93.817
264.460,-32.572,0.086,0.679,93.597
264.480,-33.205,0.127,0.679,93.363
264.500,-33.393,0.165,0.679,93.129
264.520,-33.117,0.209,0.679,92.909
264.540,-32.338,0.244,0.679,92.716
264.560,-31.102,0.286,0.679,92.561
264.580,-29.350,0.323,0.679,92.453
264.600,-27.217,0.351,0.679,92.399
264.620,-24.662,0.385,0.679,92.400
264.640,-21.744,0.408,0.679,92.459
264.660,-18.504,0.439,0.679,92.569
264.680,-15.018,0.451,0.679,92.727
264.700,-11.291,0.466,0.679,92.919
264.720,-7.377,0.475,0.679,93.136
264.740,-3.352,0.485,0.679,93.365
264.760,0.697,0.483,0.679,93.595
264.780,4.746,0.477,0.679,93.807
264.800,8.713,0.466,0.679,93.991
264.820,12.580,0.454,0.679,94.135
264.840,16.266,0.430,0.679,94.233
264.860,19.699,0.408,0.679,94.273
264.880,22.857,0.381,0.679,94.256
264.900,25.699,0.351,0.679,94.182
264.920,28.143,0.314,0.679,94.054
264.940,30.176,0.278,0.679,93.878
264.960,31.781,0.241,0.679,93.664
264.980,32.930,0.201,0.679,93.425
265.000,33.604,0.157,0.679,93.172
265.020,33.779,0.121,0.679,92.919
265.040,33.510,0.080,0.679,92.681
265.060,32.719,0.044,0.679,92.469
265.080,31.471,-0.000,0.678,92.297
265.100,29.760,-0.034,0.678,92.172
265.120,27.650,-0.066,0.678,92.104
265.140,25.084,-0.098,0.678,92.091
265.160,22.195,-0.121,0.678,92.139
265.180,18.996,-0.145,0.678,92.236
265.200,15.486,-0.166,0.678,92.385
265.220,11.754,-0.179,0.678,92.572
265.240,7.904,-0.186,0.678,92.788
265.260,3.902,-0.188,0.678,93.013
265.280,-0.135,-0.188,0.678,93.243
265.300,-4.184,-0.182,0.678,93.455
265.320,-8.168,-0.174,0.678,93.644
265.340,-12.047,-0.160,0.678,93.792
265.360,-15.738,-0.141,0.678,93.897
265.380,-19.184,-0.116,0.678,93.946
265.400,-22.359,-0.087,0.678,93.941
265.420,-25.195,-0.061,0.678,93.877
265.440,-27.674,-0.026,0.678,93.764
265.460,-29.754,0.007,0.678,93.604
265.480,-31.365,0.045,0.678,93.408
265.500,-32.543,0.084,0.678,93.185
265.520,-33.199,0.125,0.678,92.949
265.540,-33.422,0.166,0.678,92.715
265.560,-33.158,0.211,0.678,92.496
265.580,-32.402,0.244,0.678,92.305
265.600,-31.160,0.284,0.678,92.153
265.620,-29.443,0.321,0.678,92.049
265.640,-27.334,0.353,0.678,92.002
265.660,-24.809,0.388,0.678,92.011
265.680,-21.896,0.411,0.678,92.082
265.700,-18.668,0.442,0.678,92.206
265.720,-15.199,0.449,0.678,92.381
265.740,-11.473,0.473,0.678,92.589
265.760,-7.570,0.477,0.678,92.829
265.780,-3.557,0.486,0.678,93.080
265.800,0.498,0.481,0.678,93.334
265.820,4.559,0.479,0.678,93.572
265.840,8.520,0.470,0.678,93.787
265.860,12.404,0.455,0.678,93.960
265.880,16.078,0.435,0.678,94.088
265.900,19.535,0.412,0.678,94.160
265.920,22.711,0.384,0.678,94.177
265.940,25.570,0.354,0.678,94.135
265.960,28.020,0.321,0.678,94.038
265.980,30.100,0.285,0.678,93.893
266.000,31.717,0.251,0.678,93.711
266.020,32.889,0.207,0.678,93.502
266.040,33.574,0.169,0.678,93.278
266.060,33.797,0.128,0.678,93.053
266.080,33.527,0.086,0.678,92.841
266.100,32.748,0.050,0.678,92.655
266.120,31.535,0.009,0.678,92.508
266.140,29.836,-0.025,0.678,92.406
266.160,27.768,-0.064,0.678,92.360
266.180,25.225,-0.087,0.678,92.370
266.200,22.342,-0.115,0.678,92.436
266.220,19.148,-0.136,0.678,92.556
266.240,15.650,-0.157,0.678,92.721
266.260,11.965,-0.170,0.678,92.923
266.280,8.080,-0.181,0.678,93.152
266.300,4.090,-0.184,0.678,93.394
266.320,0.064,-0.183,0.678,93.635
266.340,-4.002,-0.179,0.678,93.857
266.360,-7.975,-0.173,0.678,94.054
266.380,-11.854,-0.155,0.678,94.210
266.400,-15.562,-0.137,0.678,94.318
266.420,-19.020,-0.115,0.678,94.369
266.440,-22.213,-0.087,0.678,94.364
266.460,-25.055,-0.060,0.678,94.301
266.480,-27.557,-0.021,0.678,94.183
266.500,-29.648,0.009,0.678,93.810
266.520,-31.301,0.046,0.678,93.810
266.540,-32.479,0.086,0.678,93.577
266.560,-33.176,0.125,0.678,93.329
266.580,-33.410,0.165,0.678,93.080
266.600,-33.158,0.209,0.678,92.843
266.620,-32.455,0.244,0.678,92.632
266.640,-31.236,0.286,0.678,92.458
266.660,-29.537,0.324,0.678,92.331
266.680,-27.439,0.352,0.678,92.259
266.700,-24.920,0.385,0.678,92.240
266.720,-22.055,0.411,0.678,92.280
266.740,-18.826,0.437,0.678,92.373
266.760,-15.340,0.453,0.678,92.514
266.780,-11.648,0.472,0.678,92.693
266.800,-7.740,0.476,0.678,92.901
266.820,-3.744,0.484,0.678,93.121
266.840,0.316,0.483,0.678,93.343
266.860,4.365,0.480,0.678,93.552
266.880,8.344,0.468,0.678,93.736
266.900,12.217,0.456,0.678,93.880
266.920,15.920,0.436,0.678,93.981
266.940,19.383,0.409,0.678,94.027
266.960,22.570,0.381,0.678,94.017
266.980,25.447,0.352,0.678,93.949
267.000,27.920,0.320,0.678,93.829
267.020,30.000,0.285,0.678,93.663
267.040,31.652,0.245,0.678,93.458
267.060,32.842,0.204,0.678,93.227
267.080,33.557,0.162,0.678,92.982
267.100,33.785,0.122,0.678,92.737
267.120,33.539,0.084,0.678,92.506
267.140,32.812,0.045,0.678,92.303
267.160,31.611,0.006,0.677,92.138
267.180,29.924,-0.029,0.677,92.021
267.200,27.873,-0.064,0.677,91.960
267.220,25.359,-0.091,0.677,91.956
267.240,22.488,-0.122,0.677,92.013
267.260,19.312,-0.141,0.677,92.125
267.280,15.838,-0.165,0.677,92.285
267.300,12.135,-0.173,0.677,92.487
267.320,8.279,-0.183,0.677,92.718
267.340,4.289,-0.187,0.677,92.964
267.360,0.258,-0.189,0.678,93.211
267.380,-3.797,-0.186,0.678,93.447
267.400,-7.781,-0.174,0.678,93.660
267.420,-11.678,-0.159,0.678,93.832
267.440,-15.363,-0.143,0.678,93.960
267.460,-18.855,-0.122,0.678,94.035
267.480,-22.061,-0.091,0.678,94.055
267.500,-24.920,-0.066,0.678,94.016
267.520,-27.410,-0.029,0.678,93.924
267.540,-29.531,0.004,0.678,93.785
267.560,-31.225,0.045,0.678,93.607
267.580,-32.432,0.080,0.678,93.401
267.600,-33.146,0.121,0.678,93.182
267.620,-33.387,0.158,0.678,92.962
267.640,-33.158,0.199,0.678,92.754
267.660,-32.484,0.243,0.678,92.573
267.680,-31.289,0.281,0.678,92.430
267.700,-29.631,0.315,0.678,92.334
267.720,-27.533,0.348,0.678,92.292
267.740,-25.037,0.381,0.678,92.306
267.760,-22.189,0.409,0.678,92.379
267.780,-18.967,0.431,0.678,92.507
267.800,-15.516,0.450,0.678,92.683
267.820,-11.824,0.466,0.678,92.896
267.840,-7.928,0.475,0.678,93.135
267.860,-3.937,0.482,0.678,93.389
267.880,0.123,0.479,0.678,93.642
267.900,4.166,0.479,0.678,93.882
267.920,8.162,0.469,0.678,94.096
267.940,12.029,0.452,0.678,94.272
267.960,15.750,0.437,0.678,94.398
267.980,19.225,0.410,0.678,94.470
268.000,22.418,0.388,0.678,94.484
268.020,25.324,0.356,0.678,94.439
268.040,27.809,0.321,0.678,94.340
268.060,29.906,0.287,0.678,94.190
268.080,31.582,0.248,0.678,94.001
268.100,32.812,0.209,0.678,93.782
268.120,33.533,0.170,0.678,93.547
268.140,33.791,0.126,0.678,93.310
268.160,33.574,0.089,0.678,93.084
268.180,32.848,0.049,0.678,92.883
268.200,31.676,0.009,0.678,92.718
268.220,30.041,-0.023,0.678,92.598
268.240,27.984,-0.062,0.678,92.532
268.260,25.488,-0.088,0.678,92.522
268.280,22.635,-0.117,0.678,92.570
268.300,19.459,-0.137,0.678,92.668
268.320,15.996,-0.161,0.678,92.816
268.340,12.311,-0.173,0.678,93.002
268.360,8.455,-0.182,0.678,93.215
268.380,4.494,-0.186,0.678,93.440
268.400,0.428,-0.186,0.678,93.666
268.420,-3.609,-0.182,0.678,93.879
268.440,-7.617,-0.172,0.678,94.066
268.460,-11.508,-0.158,0.678,94.215
268.480,-15.193,-0.140,0.678,94.316
268.500,-18.703,-0.120,0.678,94.364
268.520,-21.914,-0.091,0.678,94.356
268.540,-24.838,-0.067,0.678,94.289
268.560,-27.340,-0.022,0.678,94.170
268.580,-29.461,0.007,0.678,94.001
268.600,-31.166,0.048,0.678,93.793
268.620,-32.385,0.081,0.678,93.557
268.640,-33.146,0.124,0.678,93.306
268.660,-33.410,0.162,0.678,92.813
268.680,-33.199,0.203,0.678,92.813
268.700,-32.531,0.242,0.675,92.598
268.720,-31.371,0.284,0.675,92.421
268.740,-29.730,0.323,0.675,92.292
268.760,-27.650,0.352,0.675,92.216
268.780,-25.172,0.382,0.675,92.197
268.800,-22.336,0.410,0.675,92.235
268.820,-19.131,0.436,0.675,92.330
268.840,-15.697,0.455,0.675,92.474
268.860,-12.006,0.468,0.675,92.659
268.880,-8.115,0.480,0.675,92.873
268.900,-4.125,0.486,0.675,93.102
268.920,-0.059,0.485,0.675,93.335
268.940,3.979,0.483,0.675,93.558
268.960,7.963,0.470,0.675,93.757
268.980,11.865,0.456,0.675,93.918
269.000,15.586,0.440,0.675,94.034
269.020,19.066,0.412,0.675,94.099
269.040,22.277,0.389,0.675,94.107
269.060,25.207,0.361,0.675,94.058
269.080,27.697,0.323,0.675,93.957
269.100,29.824,0.290,0.675,93.808
269.120,31.500,0.249,0.675,93.620
269.140,32.748,0.216,0.675,93.404
269.160,33.516,0.173,0.675,93.174
269.180,33.797,0.130,0.675,92.942
269.200,33.586,0.093,0.675,92.722
269.220,32.895,0.052,0.675,92.528
269.240,31.740,0.012,0.675,92.372
269.260,30.117,-0.021,0.675,92.263
269.280,28.084,-0.056,0.675,92.207
269.300,25.617,-0.083,0.675,92.210
269.320,22.775,-0.119,0.675,92.270
269.340,19.617,-0.132,0.675,92.388
269.360,16.189,-0.162,0.675,92.553
269.380,12.492,-0.166,0.675,92.759
269.400,8.654,-0.183,0.675,92.992
269.420,4.676,-0.185,0.675,93.242
269.440,0.650,-0.186,0.675,93.494
269.460,-3.404,-0.185,0.675,93.733
269.480,-7.412,-0.174,0.675,93.949
269.500,-11.297,-0.161,0.675,94.126
269.520,-15.018,-0.142,0.675,94.256
269.540,-18.521,-0.125,0.675,94.331
269.560,-21.750,-0.096,0.675,94.351
269.580,-24.668,-0.070,0.675,94.313
269.600,-27.205,-0.030,0.675,94.221
269.620,-29.350,0.001,0.675,94.077
269.640,-31.090,0.040,0.675,93.894
269.660,-32.314,0.071,0.675,93.681
269.680,-33.105,0.121,0.675,93.452
269.700,-33.387,0.153,0.675,93.219
269.720,-33.217,0.199,0.675,92.997
269.740,-32.578,0.236,0.675,92.800
269.760,-31.430,0.277,0.675,92.637
269.780,-29.807,0.313,0.675,92.521
269.800,-27.762,0.345,0.675,92.456
269.820,-25.330,0.377,0.675,92.448
269.840,-22.506,0.404,0.675,92.495
269.860,-19.307,0.430,0.675,92.598
269.880,-15.867,0.452,0.675,92.747
269.900,-12.199,0.464,0.675,92.936
269.920,-8.332,0.477,0.675,93.151
269.940,-4.336,0.480,0.675,93.382
269.960,-0.275,0.485,0.675,93.615
269.980,3.773,0.480,0.675,93.835
270.000,7.781,0.468,0.675,94.030
270.020,11.648,0.454,0.675,94.186
270.040,15.398,0.438,0.675,94.297
270.060,18.896,0.412,0.675,94.353
270.080,22.113,0.389,0.675,94.352
270.100,25.066,0.358,0.675,94.293
270.120,27.586,0.327,0.675,94.179
270.140,29.742,0.287,0.675,94.015
270.160,31.436,0.248,0.675,93.811
270.180,32.695,0.211,0.675,93.577
270.200,33.480,0.170,0.675,93.327
270.220,33.785,0.129,0.675,93.074
270.240,33.615,0.091,0.675,92.832
270.260,32.959,0.049,0.675,92.613
270.280,31.799,0.014,0.675,92.431
270.300,30.187,-0.026,0.675,92.295
270.320,28.184,-0.058,0.675,92.212
270.340,25.734,-0.084,0.675,92.187
270.360,22.922,-0.116,0.675,92.217
270.380,19.764,-0.137,0.675,92.304
270.400,16.342,-0.161,0.675,92.439
270.420,12.662,-0.170,0.675,92.616
270.440,8.818,-0.182,0.675,92.821
270.460,4.834,-0.188,0.675,93.042
270.480,0.803,-0.187,0.675,93.269
270.500,-3.229,-0.186,0.675,93.484
270.520,-7.260,-0.176,0.675,93.676
270.540,-11.174,-0.168,0.675,93.834
270.560,-14.906,-0.144,0.675,93.947
270.580,-18.422,-0.126,0.675,94.007
270.600,-21.662,-0.091,0.675,94.013
270.620,-24.598,-0.070,0.675,93.958
270.640,-27.141,-0.031,0.675,93.853
270.660,-29.344,0.001,0.675,93.698
270.680,-31.096,0.038,0.675,93.503
270.700,-32.338,0.076,0.675,93.281
270.720,-33.141,0.116,0.675,93.042
270.740,-33.416,0.155,0.675,92.801
270.760,-33.316,0.198,0.675,92.572
270.780,-32.678,0.240,0.675,92.368
270.800,-31.553,0.276,0.675,92.200
270.820,-29.947,0.315,0.675,92.080
270.840,-27.908,0.346,0.675,92.013
270.860,-25.488,0.382,0.675,92.053
270.880,-22.682,0.406,0.675,92.053
270.900,-19.500,0.432,0.675,92.160
270.920,-16.078,0.450,0.675,92.316
270.940,-12.393,0.466,0.675,92.513
270.960,-8.543,0.481,0.675,92.740
270.980,-4.541,0.486,0.675,92.986
271.000,-0.486,0.485,0.675,93.236
271.020,3.568,0.484,0.675,93.475
271.040,7.570,0.472,0.675,93.871
271.060,11.455,0.466,0.675,93.871
271.080,15.217,0.439,0.675,94.010
271.100,18.732,0.418,0.675,94.091
271.120,21.973,0.394,0.675,94.118
271.140,24.937,0.363,0.675,94.085
271.160,27.469,0.330,0.675,93.998
271.180,29.631,0.296,0.675,93.862
271.200,31.365,0.257,0.675,93.686
271.220,32.666,0.219,0.675,93.480
271.240,33.457,0.178,0.675,93.256
271.260,33.779,0.136,0.675,93.029
271.280,33.633,0.097,0.675,92.812
271.300,32.988,0.060,0.675,92.619
271.320,31.875,0.021,0.675,92.462
271.340,30.299,-0.019,0.675,92.349
271.360,28.301,-0.054,0.675,92.290
271.380,25.863,-0.081,0.675,92.287
271.400,23.062,-0.110,0.675,92.342
271.420,19.928,-0.129,0.675,92.451
271.440,16.506,-0.154,0.675,92.606
271.460,12.838,-0.163,0.675,92.804
271.480,9.023,-0.182,0.675,93.029
271.500,5.045,-0.178,0.675,93.272
271.520,1.025,-0.187,0.675,93.515
271.540,-3.047,-0.181,0.675,93.747
271.560,-7.055,-0.175,0.675,93.953
271.580,-10.957,-0.162,0.675,94.126
271.600,-14.701,-0.141,0.675,94.249
271.620,-18.223,-0.123,0.675,94.320
271.640,-21.498,-0.095,0.675,94.334
271.660,-24.439,-0.064,0.675,94.288
271.680,-27.000,-0.030,0.675,94.186
271.700,-29.215,0.004,0.675,94.033
271.720,-30.990,0.040,0.675,93.840
271.740,-32.256,0.074,0.675,93.616
271.760,-33.105,0.121,0.675,93.374
271.780,-33.398,0.149,0.675,93.128
271.800,-33.275,0.206,0.675,92.890
271.820,-32.672,0.226,0.675,92.677
271.840,-31.600,0.282,0.675,92.495
271.860,-30.006,0.304,0.675,92.361
271.880,-27.984,0.348,0.675,92.274
271.900,-25.576,0.376,0.675,92.248
271.920,-22.781,0.402,0.675,92.275
271.940,-19.623,0.434,0.675,92.359
271.960,-16.213,0.443,0.675,92.491
271.980,-12.551,0.470,0.675,92.662
272.000,-8.684,0.473,0.675,92.866
272.020,-4.699,0.478,0.675,93.084
272.040,-0.668,0.486,0.675,93.306
272.060,3.393,0.471,0.675,93.519
272.080,7.400,0.483,0.675,93.705
272.100,11.309,0.442,0.675,93.864
272.120,15.064,0.455,0.675,93.969
272.140,18.586,0.399,0.675,94.032
272.160,21.832,0.408,0.675,94.029
272.180,24.803,0.344,0.675,93.977
272.200,27.357,0.340,0.675,93.863
272.220,29.537,0.279,0.675,93.706
272.240,31.283,0.265,0.675,93.505
272.260,32.602,0.210,0.675,93.276
272.280,33.428,0.178,0.675,93.029
272.300,33.779,0.134,0.675,92.779
272.320,33.650,0.091,0.675,92.539
272.340,33.023,0.061,0.675,92.323
272.360,31.939,0.006,0.674,92.142
272.380,30.381,-0.010,0.674,92.009
272.400,28.389,-0.068,0.674,91.925
272.420,26.004,-0.069,0.674,91.906
272.440,23.191,-0.128,0.674,91.936
272.460,20.080,-0.124,0.674,92.035
272.480,16.676,-0.170,0.674,92.173
272.500,13.014,-0.161,0.674,92.365
272.520,9.205,-0.191,0.677,92.578
272.540,5.244,-0.182,0.677,92.819
272.560,1.225,-0.192,0.678,93.059
272.580,-2.836,-0.184,0.678,93.294
272.600,-6.850,-0.176,0.678,93.504
272.620,-10.775,-0.169,0.678,93.682
272.640,-14.502,-0.138,0.678,93.817
272.660,-18.035,-0.133,0.678,93.897
272.680,-21.340,-0.092,0.678,93.927
272.700,-24.287,-0.079,0.678,93.896
272.720,-26.883,-0.033,0.678,93.814
272.740,-29.086,-0.011,0.678,93.680
272.760,-30.885,0.037,0.678,93.507
272.780,-32.197,0.065,0.678,93.303
272.800,-33.041,0.115,0.678,93.083
272.820,-33.381,0.145,0.678,92.858
272.840,-33.311,0.195,0.678,92.643
272.860,-32.701,0.226,0.678,92.452
272.880,-31.641,0.273,0.678,92.296
272.900,-30.082,0.304,0.678,92.186
272.920,-28.090,0.344,0.678,92.126
272.940,-25.699,0.372,0.678,92.126
272.960,-22.916,0.402,0.678,92.182
272.980,-19.781,0.431,0.678,92.296
273.000,-16.389,0.446,0.678,92.460
273.020,-12.750,0.464,0.678,92.664
273.040,-8.895,0.472,0.678,92.900
273.060,-4.904,0.484,0.678,93.151
273.080,-0.867,0.485,0.678,93.409
273.100,3.205,0.481,0.678,93.658
273.120,7.213,0.470,0.678,93.884
273.140,11.109,0.461,0.678,94.071
273.160,14.871,0.441,0.678,94.216
273.180,18.404,0.421,0.678,94.302
273.200,21.668,0.391,0.678,94.335
273.220,24.656,0.366,0.678,94.306
273.240,27.240,0.333,0.678,94.223
273.260,29.455,0.296,0.678,94.088
273.280,31.219,0.261,0.678,93.911
273.300,32.555,0.222,0.678,93.701
273.320,33.404,0.178,0.678,93.473
273.340,33.762,0.143,0.678,93.238
273.360,33.656,0.096,0.678,93.012
273.380,33.076,0.063,0.678,92.807
273.400,31.998,0.016,0.678,92.635
273.420,30.457,-0.013,0.678,92.508
273.440,28.500,-0.052,0.678,92.432
273.460,26.115,-0.076,0.678,92.411
273.480,23.338,-0.111,0.678,92.446
273.500,20.227,-0.129,0.678,92.536
273.520,16.852,-0.152,0.678,92.674
273.540,13.207,-0.166,0.678,92.854
273.560,9.369,-0.181,0.678,93.064
273.580,5.426,-0.185,0.678,93.291
273.600,1.400,-0.185,0.678,93.521
273.620,-2.660,-0.182,0.678,93.739
273.640,-6.691,-0.172,0.678,93.937
273.660,-10.629,-0.166,0.678,94.095
273.680,-14.379,-0.141,0.678,94.210
273.700,-17.900,-0.123,0.678,94.271
273.720,-21.205,-0.095,0.678,94.275
273.740,-24.187,-0.069,0.678,94.221
273.760,-26.807,-0.033,0.678,94.112
273.780,-29.045,-0.001,0.678,93.952
273.800,-30.844,0.037,0.678,93.751
273.820,-32.168,0.078,0.678,93.518
273.840,-33.029,0.115,0.678,93.266
273.860,-33.416,0.153,0.678,93.010
273.880,-33.334,0.197,0.678,92.762
273.900,-32.777,0.235,0.678,92.536
273.920,-31.729,0.280,0.678,92.345
273.940,-30.170,0.311,0.678,92.200
273.960,-28.219,0.351,0.678,92.105
273.980,-25.822,0.371,0.678,92.069
274.000,-23.062,0.410,0.678,92.086
274.020,-19.957,0.429,0.678,92.165
274.040,-16.541,0.455,0.678,92.291
274.060,-12.937,0.464,0.678,92.465
274.080,-9.070,0.484,0.678,92.663
274.100,-5.104,0.481,0.678,92.889
274.120,-1.061,0.493,0.686,93.116
274.140,3.012,0.479,0.686,93.341
274.160,7.020,0.484,0.686,93.540
274.180,10.922,0.455,0.686,93.711
274.200,14.707,0.450,0.686,93.833
274.220,18.258,0.414,0.686,93.909
274.240,21.527,0.402,0.686,93.925
274.260,24.527,0.361,0.686,93.888
274.280,27.129,0.340,0.686,93.794
274.300,29.355,0.295,0.686,93.654
274.320,31.143,0.263,0.686,93.473
274.340,32.508,0.219,0.686,93.261
274.360,33.375,0.185,0.686,93.032
274.380,33.762,0.143,0.686,92.798
274.400,33.674,0.101,0.686,92.573
274.420,33.100,0.062,0.686,92.373
274.440,32.062,0.020,0.686,92.206
274.460,30.539,-0.010,0.686,92.086
274.480,28.605,-0.058,0.686,92.018
274.500,26.244,-0.071,0.686,92.011
274.520,23.490,-0.115,0.686,92.059
274.540,20.385,-0.127,0.686,92.167
274.560,17.027,-0.156,0.686,92.325
274.580,13.377,-0.166,0.686,92.527
274.600,9.574,-0.183,0.686,92.758
274.620,5.637,-0.183,0.686,93.015
274.640,1.611,-0.191,0.686,93.269
274.660,-2.449,-0.183,0.686,93.527
274.680,-6.475,-0.181,0.686,93.748
274.700,-10.406,-0.167,0.686,93.952
274.720,-14.180,-0.148,0.686,94.097
274.740,-17.713,-0.133,0.686,94.202
274.760,-21.041,-0.103,0.686,94.230
274.780,-24.006,-0.077,0.686,94.230
274.800,-26.648,-0.038,0.686,94.156
274.820,-28.904,-0.010,0.686,94.036
274.840,-30.738,0.029,0.686,93.871
274.860,-32.098,0.066,0.686,93.674
274.880,-32.988,0.105,0.686,93.458
274.900,-33.381,0.149,0.686,93.235
274.920,-33.328,0.189,0.686,93.019
274.940,-32.789,0.229,0.686,92.825
274.960,-31.770,0.267,0.686,92.662
274.980,-30.240,0.302,0.686,92.547
275.000,-28.289,0.340,0.686,92.474
275.020,-25.934,0.369,0.686,92.467
275.040,-23.209,0.402,0.686,92.506
275.060,-20.104,0.424,0.686,92.612
275.080,-16.699,0.446,0.686,92.755
275.100,-13.090,0.460,0.686,92.949
275.120,-9.252,0.475,0.686,93.164
275.140,-5.291,0.481,0.686,93.403
275.160,-1.248,0.486,0.686,93.644
275.180,2.812,0.477,0.686,93.876
275.200,6.844,0.475,0.686,94.085
275.220,10.746,0.456,0.686,94.255
275.240,14.537,0.445,0.686,94.384
275.260,18.088,0.418,0.686,94.457
275.280,21.393,0.394,0.686,94.476
275.300,24.393,0.364,0.686,94.433
275.320,27.012,0.331,0.686,94.335
275.340,29.250,0.294,0.686,93.991
275.360,31.061,0.261,0.686,93.991
275.380,32.443,0.221,0.686,93.765
275.400,33.340,0.184,0.686,93.519
275.420,33.768,0.138,0.686,93.265
275.440,33.697,0.103,0.686,93.018
275.460,33.152,0.058,0.686,92.792
275.480,32.115,0.017,0.686,92.599
275.500,30.621,-0.013,0.686,92.450
275.520,28.699,-0.054,0.686,92.350
275.540,26.367,-0.073,0.686,92.308
275.560,23.602,-0.112,0.686,92.321
275.580,20.549,-0.129,0.686,92.391
275.600,17.180,-0.157,0.686,92.510
275.620,13.559,-0.168,0.686,92.672
275.640,9.756,-0.180,0.686,92.866
275.660,5.807,-0.184,0.686,93.081
275.680,1.775,-0.187,0.686,93.300
275.700,-2.285,-0.183,0.686,93.510
275.720,-6.293,-0.180,0.686,93.702
275.740,-10.248,-0.162,0.686,93.861
275.760,-14.010,-0.145,0.686,93.976
275.780,-17.578,-0.131,0.686,94.038
275.800,-20.918,-0.097,0.686,94.050
275.820,-23.900,-0.075,0.686,94.002
275.840,-26.555,-0.039,0.686,93.901
275.860,-28.822,-0.009,0.686,93.749
275.880,-30.703,0.029,0.686,93.557
275.900,-32.074,0.067,0.686,93.332
275.920,-32.988,0.107,0.686,93.089
275.940,-33.381,0.149,0.686,92.841
275.960,-33.363,0.186,0.686,92.600
275.980,-32.865,0.232,0.686,92.382
276.000,-31.852,0.265,0.686,92.198
276.020,-30.369,0.307,0.686,92.058
276.040,-28.424,0.340,0.686,91.970
276.060,-26.074,0.369,0.686,91.942
276.080,-23.379,0.402,0.686,91.969
276.100,-20.262,0.426,0.686,92.056
276.120,-16.916,0.451,0.686,92.194
276.140,-13.289,0.464,0.686,92.380
276.160,-9.469,0.479,0.686,92.597
276.180,-5.496,0.487,0.686,92.836
276.200,-1.459,0.488,0.686,93.084
276.220,2.607,0.485,0.686,93.323
276.240,6.650,0.481,0.686,93.546
276.260,10.559,0.461,0.686,93.734
276.280,14.355,0.450,0.686,93.879
276.300,17.930,0.422,0.686,93.974
276.320,21.229,0.402,0.686,94.013
276.340,24.264,0.366,0.686,93.995
276.360,26.912,0.342,0.686,93.920
276.380,29.162,0.304,0.686,93.797
276.400,30.996,0.267,0.686,93.631
276.420,32.391,0.229,0.686,93.432
276.440,33.311,0.190,0.686,93.214
276.460,33.762,0.146,0.686,92.989
276.480,33.703,0.109,0.686,92.772
276.500,33.182,0.067,0.686,92.575
276.520,32.174,0.029,0.686,92.411
276.540,30.715,-0.009,0.686,92.292
276.560,28.805,-0.047,0.686,92.221
276.580,26.479,-0.071,0.686,92.211
276.600,23.748,-0.108,0.686,92.254
276.620,20.707,-0.121,0.686,92.359
276.640,17.350,-0.154,0.686,92.506
276.660,13.729,-0.162,0.686,92.705
276.680,9.949,-0.177,0.686,92.928
276.700,6.012,-0.183,0.686,93.176
276.720,1.980,-0.183,0.686,93.424
276.740,-2.074,-0.183,0.686,93.669
276.760,-6.105,-0.174,0.686,93.887
276.780,-10.055,-0.164,0.686,94.075
276.800,-13.822,-0.145,0.686,94.213
276.820,-17.408,-0.128,0.686,94.304
276.840,-20.754,-0.100,0.686,94.334
276.860,-23.777,-0.075,0.686,94.309
276.880,-26.432,-0.038,0.686,94.225
276.900,-28.711,-0.009,0.686,94.090
276.920,-30.586,0.031,0.686,93.910
276.940,-31.980,0.065,0.686,93.697
276.960,-32.947,0.108,0.686,93.463
276.980,-33.381,0.145,0.686,93.220
277.000,-33.369,0.187,0.686,92.983
277.020,-32.871,0.228,0.686,92.766
277.040,-31.869,0.265,0.686,92.580
277.060,-30.416,0.301,0.686,92.438
277.080,-28.512,0.340,0.686,92.341
277.100,-26.180,0.365,0.686,92.305
277.120,-23.473,0.402,0.686,92.320
277.140,-20.385,0.421,0.686,92.396
277.160,-17.057,0.447,0.686,92.517
277.180,-13.447,0.459,0.686,92.686
277.200,-9.627,0.474,0.686,92.881
277.220,-5.660,0.477,0.686,93.100
277.240,-1.617,0.484,0.686,93.321
277.260,2.432,0.477,0.686,93.539
277.280,6.457,0.476,0.686,93.735
277.300,10.383,0.458,0.686,93.899
277.320,14.186,0.445,0.686,94.020
277.340,17.766,0.417,0.686,94.090
277.360,21.076,0.401,0.686,94.103
277.380,24.135,0.365,0.686,94.059
277.400,26.777,0.337,0.686,93.959
277.420,29.068,0.298,0.686,93.809
277.440,30.908,0.266,0.686,93.615
277.460,32.332,0.227,0.686,93.389
277.480,33.264,0.185,0.686,93.142
277.500,33.738,0.144,0.686,92.889
277.520,33.715,0.102,0.686,92.642
277.540,33.223,0.064,0.686,92.416
277.560,32.238,0.024,0.684,92.222
277.580,30.785,-0.011,0.684,92.073
277.600,28.898,-0.050,0.684,91.974
277.620,26.613,-0.071,0.684,91.935
277.640,23.889,-0.112,0.684,91.950
277.660,20.859,-0.123,0.684,92.028
277.680,17.525,-0.155,0.684,92.326
277.700,13.922,-0.163,0.684,92.326
277.720,10.137,-0.180,0.684,92.530
277.740,6.205,-0.184,0.684,92.761
277.760,2.174,-0.187,0.684,92.996
277.780,-1.863,-0.186,0.684,93.228
277.800,-5.895,-0.180,0.684,93.440
277.820,-9.855,-0.167,0.684,93.624
277.840,-13.646,-0.151,0.684,93.764
277.860,-17.221,-0.133,0.684,93.855
277.880,-20.566,-0.105,0.684,93.891
277.900,-23.625,-0.080,0.684,93.870
277.920,-26.314,-0.045,0.684,93.795
277.940,-28.617,-0.013,0.684,93.669
277.960,-30.498,0.026,0.684,93.501
277.980,-31.916,0.058,0.684,93.300
278.000,-32.912,0.106,0.684,93.079
278.020,-33.352,0.140,0.684,92.850
278.040,-33.369,0.182,0.684,92.629
278.060,-32.918,0.220,0.684,92.428
278.080,-31.945,0.261,0.684,92.259
278.100,-30.516,0.303,0.684,92.135
278.120,-28.629,0.336,0.684,92.061
278.140,-26.332,0.366,0.684,92.045
278.160,-23.631,0.399,0.684,92.086
278.180,-20.561,0.418,0.684,92.336
278.200,-17.232,0.447,0.684,92.336
278.220,-13.635,0.458,0.684,92.533
278.240,-9.838,0.473,0.684,93.009
278.260,-5.883,0.479,0.684,93.009
278.280,-1.828,0.484,0.684,93.265
278.300,2.221,0.481,0.684,93.518
278.320,6.264,0.476,0.684,93.747
278.340,10.178,0.461,0.684,93.945
278.360,13.992,0.448,0.684,94.102
278.380,17.584,0.423,0.684,94.205
278.400,20.924,0.402,0.684,94.252
278.420,23.988,0.371,0.684,94.241
278.440,26.654,0.340,0.684,94.173
278.460,28.957,0.306,0.684,94.052
278.480,30.838,0.270,0.684,93.887
278.500,32.268,0.229,0.684,93.688
278.520,33.240,0.189,0.684,93.466
278.540,33.732,0.150,0.684,93.235
278.560,33.727,0.111,0.684,93.009
278.580,33.264,0.067,0.684,92.801
278.600,32.285,0.029,0.684,92.625
278.620,30.861,-0.010,0.684,92.490
278.640,29.004,-0.043,0.684,92.405
278.660,26.736,-0.068,0.684,92.376
278.680,24.023,-0.104,0.684,92.401
278.700,21.006,-0.120,0.684,92.486
278.720,17.689,-0.151,0.684,92.616
278.740,14.080,-0.161,0.684,92.795
278.760,10.312,-0.177,0.684,93.003
278.780,6.369,-0.181,0.684,93.233
278.800,2.344,-0.184,0.684,93.468
278.820,-1.699,-0.185,0.684,93.698
278.840,-5.725,-0.171,0.684,93.905
278.860,-9.686,-0.167,0.684,94.079
278.880,-13.500,-0.147,0.684,94.210
278.900,-17.098,-0.127,0.684,94.290
278.920,-20.432,-0.102,0.684,94.311
278.940,-23.496,-0.075,0.684,94.277
278.960,-26.197,-0.043,0.684,94.186
278.980,-28.541,-0.007,0.684,94.043
279.000,-30.445,0.029,0.684,93.855
279.020,-31.898,0.061,0.684,93.633
279.040,-32.865,0.105,0.684,93.389
279.060,-33.340,0.146,0.684,93.137
279.080,-33.404,0.186,0.684,92.890
279.100,-32.941,0.225,0.684,92.662
279.120,-32.010,0.265,0.678,92.465
279.140,-30.604,0.304,0.678,92.312
279.160,-28.711,0.337,0.678,92.207
279.180,-26.449,0.367,0.678,92.161
279.200,-23.771,0.400,0.678,92.168
279.220,-20.707,0.423,0.678,92.237
279.240,-17.385,0.449,0.678,92.355
279.260,-13.805,0.460,0.678,92.521
279.280,-10.014,0.478,0.678,92.718
279.300,-6.064,0.481,0.678,92.939
279.320,-2.033,0.489,0.679,93.168
279.340,2.039,0.483,0.679,93.394
279.360,6.082,0.477,0.679,93.601
279.380,10.002,0.464,0.679,93.776
279.400,13.822,0.447,0.679,93.912
279.420,17.432,0.427,0.679,93.996
279.440,20.766,0.404,0.679,94.028
279.460,23.865,0.374,0.679,94.002
279.480,26.549,0.345,0.679,93.922
279.500,28.857,0.304,0.679,93.790
279.520,30.756,0.272,0.679,93.615
279.540,32.221,0.232,0.679,93.407
279.560,33.205,0.192,0.679,93.178
279.580,33.721,0.151,0.679,92.941
279.600,33.738,0.111,0.679,92.710
279.620,33.281,0.072,0.679,92.499
279.640,32.344,0.031,0.675,92.319
279.660,30.955,-0.005,0.675,92.184
279.680,29.104,-0.042,0.675,92.098
279.700,26.854,-0.069,0.675,92.072
279.720,24.164,-0.104,0.675,92.101
279.740,21.152,-0.121,0.675,92.192
279.760,17.854,-0.154,0.675,92.331
279.780,14.256,-0.162,0.675,92.521
279.800,10.506,-0.181,0.675,92.740
279.820,6.562,-0.184,0.675,92.987
279.840,2.566,-0.190,0.678,93.238
279.860,-1.482,-0.187,0.678,93.489
279.880,-5.520,-0.179,0.678,93.719
279.900,-9.475,-0.172,0.678,93.918
279.920,-13.289,-0.150,0.678,94.075
279.940,-16.893,-0.136,0.678,94.182
279.960,-20.279,-0.109,0.678,94.233
279.980,-23.350,-0.083,0.678,94.227
280.000,-26.057,-0.049,0.678,94.164
280.020,-28.406,-0.016,0.678,94.049
280.040,-30.334,0.021,0.678,93.890
280.060,-31.816,0.057,0.678,93.695
280.080,-32.842,0.097,0.678,93.251
280.100,-33.322,0.137,0.678,93.251
280.120,-33.387,0.175,0.678,93.029
280.140,-32.953,0.219,0.678,92.824
280.160,-32.051,0.259,0.678,92.650
280.180,-30.656,0.296,0.678,92.518
280.200,-28.793,0.333,0.678,92.434
280.220,-26.531,0.362,0.678,92.408
280.240,-23.871,0.394,0.678,92.434
280.260,-20.859,0.420,0.678,92.520
280.280,-17.537,0.445,0.678,92.654
280.300,-13.969,0.456,0.678,92.835
280.320,-10.178,0.473,0.678,93.279
280.340,-6.240,0.479,0.678,93.279
280.360,-2.215,0.486,0.678,93.519
280.380,1.846,0.481,0.678,93.756
280.400,5.883,0.475,0.678,93.971
280.420,9.826,0.462,0.678,94.154
280.440,13.658,0.444,0.678,94.295
280.460,17.268,0.427,0.678,94.383
280.480,20.619,0.403,0.678,94.416
280.500,23.713,0.367,0.678,94.305
280.520,26.437,0.344,0.678,94.305
280.540,28.764,0.305,0.678,94.169
280.560,30.668,0.273,0.678,93.988
280.580,32.156,0.231,0.678,93.770
280.600,33.170,0.190,0.678,93.530
280.620,33.709,0.153,0.678,93.279
280.640,33.756,0.108,0.678,93.032
280.660,33.328,0.071,0.678,92.803
280.680,32.408,0.031,0.678,92.604
280.700,31.025,-0.006,0.678,92.446
280.720,29.191,-0.042,0.678,92.337
280.740,26.959,-0.071,0.678,92.285
280.760,24.305,-0.101,0.678,92.287
280.780,21.305,-0.124,0.678,92.348
280.800,18.006,-0.150,0.678,92.458
280.820,14.426,-0.162,0.678,92.615
280.840,10.670,-0.177,0.678,92.804
280.860,6.768,-0.182,0.678,93.017
280.880,2.736,-0.188,0.678,93.238
280.900,-1.324,-0.183,0.678,93.457
280.920,-5.350,-0.180,0.678,93.655
280.940,-9.322,-0.168,0.678,93.826
280.960,-13.131,-0.151,0.678,93.954
280.980,-16.734,-0.132,0.678,94.034
281.000,-20.150,-0.107,0.678,94.059
281.020,-23.238,-0.080,0.678,94.026
281.040,-25.963,-0.048,0.678,93.939
281.060,-28.359,-0.014,0.678,93.617
281.080,-30.281,0.024,0.678,93.617
281.100,-31.781,0.058,0.678,93.399
281.120,-32.836,0.099,0.678,93.160
281.140,-33.334,0.139,0.678,92.911
281.160,-33.422,0.180,0.678,92.668
281.180,-33.012,0.222,0.678,92.443
281.200,-32.145,0.262,0.678,92.250
281.220,-30.762,0.299,0.678,92.099
281.240,-28.934,0.336,0.678,91.998
281.260,-26.701,0.363,0.678,91.955
281.280,-24.047,0.397,0.678,91.966
281.300,-21.035,0.419,0.678,92.041
281.320,-17.736,0.446,0.678,92.165
281.340,-14.215,0.457,0.678,92.338
281.360,-10.418,0.477,0.678,92.544
281.380,-6.463,0.481,0.678,92.778
281.400,-2.414,0.493,0.682,93.021
281.420,1.646,0.484,0.682,93.263
281.440,5.689,0.479,0.682,93.488
281.460,9.621,0.468,0.682,93.682
281.480,13.471,0.452,0.682,93.836
281.500,17.098,0.433,0.682,93.942
281.520,20.461,0.406,0.682,93.993
281.540,23.555,0.377,0.682,93.987
281.560,26.309,0.352,0.682,93.924
281.580,28.658,0.311,0.682,93.811
281.600,30.592,0.276,0.682,93.653
281.620,32.092,0.237,0.682,93.459
281.640,33.135,0.198,0.682,93.243
281.660,33.691,0.159,0.682,93.017
281.680,33.762,0.115,0.682,92.796
281.700,33.363,0.075,0.682,92.592
281.720,32.449,0.037,0.682,92.419
281.740,31.102,0.002,0.682,92.287
281.760,29.297,-0.037,0.682,92.204
281.780,27.082,-0.071,0.682,92.178
281.800,24.451,-0.100,0.682,92.210
281.820,21.469,-0.123,0.682,92.301
281.840,18.187,-0.143,0.682,92.441
281.860,14.613,-0.162,0.682,92.627
281.880,10.869,-0.174,0.682,92.847
281.900,6.943,-0.181,0.682,93.091
281.920,2.930,-0.185,0.682,93.343
281.940,-1.107,-0.183,0.682,93.590
281.960,-5.150,-0.177,0.682,93.819
281.980,-9.135,-0.167,0.682,94.016
282.000,-12.961,-0.151,0.682,94.172
282.020,-16.570,-0.130,0.682,94.278
282.040,-19.980,-0.109,0.682,94.327
282.060,-23.068,-0.083,0.682,94.319
282.080,-25.816,-0.050,0.682,94.252
282.100,-28.207,-0.014,0.682,94.133
282.120,-30.170,0.019,0.682,93.967
282.140,-31.699,0.058,0.682,93.765
282.160,-32.754,0.095,0.682,93.539
282.180,-33.311,0.136,0.682,93.301
282.200,-33.410,0.178,0.682,93.066
282.220,-33.000,0.216,0.682,92.847
282.240,-32.168,0.256,0.682,92.657
282.260,-30.803,0.293,0.682,92.508
282.280,-29.016,0.333,0.682,92.405
282.300,-26.766,0.357,0.682,92.359
282.320,-24.158,0.389,0.682,92.365
282.340,-21.164,0.414,0.682,92.431
282.360,-17.859,0.439,0.682,92.545
282.380,-14.344,0.456,0.682,92.708
282.400,-10.559,0.473,0.682,92.901
282.420,-6.621,0.475,0.682,93.121
282.440,-2.602,0.484,0.682,93.347
282.460,1.477,0.477,0.682,93.570
282.480,5.490,0.479,0.682,93.775
282.500,9.451,0.461,0.682,93.950
282.520,13.295,0.448,0.682,94.083
282.540,16.928,0.427,0.682,94.168
282.560,20.326,0.401,0.682,94.196
282.580,23.426,0.374,0.682,94.166
282.600,26.191,0.343,0.682,94.080
282.620,28.559,0.309,0.682,93.941
282.640,30.510,0.273,0.682,93.757
282.660,32.021,0.235,0.682,93.538
282.680,33.082,0.199,0.682,93.295
282.700,33.662,0.153,0.682,93.041
282.720,33.768,0.112,0.682,92.790
282.740,33.381,0.074,0.682,92.556
282.760,32.508,0.033,0.682,92.352
282.780,31.184,-0.000,0.682,92.189
282.800,29.396,-0.041,0.682,92.075
282.820,27.205,-0.065,0.682,92.018
282.840,24.580,-0.101,0.682,92.017
282.860,21.615,-0.127,0.682,92.077
282.880,18.346,-0.149,0.682,92.188
282.900,14.789,-0.166,0.682,92.348
282.920,11.033,-0.177,0.682,92.543
282.940,7.137,-0.185,0.682,92.764
282.960,3.152,-0.189,0.682,92.996
282.980,-0.896,-0.189,0.682,93.225
283.000,-4.922,-0.183,0.682,93.439
283.020,-8.936,-0.169,0.682,93.624
283.040,-12.750,-0.154,0.682,93.770
283.060,-16.400,-0.138,0.682,93.868
283.080,-19.822,-0.112,0.682,93.911
283.100,-22.939,-0.086,0.682,93.901
283.120,-25.711,-0.054,0.682,93.833
283.140,-28.102,-0.019,0.682,93.715
283.160,-30.105,0.013,0.682,93.551
283.180,-31.670,0.053,0.682,93.352
283.200,-32.707,0.093,0.682,93.130
283.220,-33.305,0.132,0.682,92.898
283.240,-33.422,0.170,0.682,92.669
283.260,-33.076,0.215,0.682,92.458
283.280,-32.244,0.254,0.682,92.277
283.300,-30.908,0.288,0.682,92.138
283.320,-29.109,0.328,0.682,92.048
283.340,-26.912,0.356,0.682,92.014
283.360,-24.322,0.394,0.682,92.037
283.380,-21.352,0.416,0.682,92.122
283.400,-18.047,0.443,0.682,92.257
283.420,-14.525,0.460,0.682,92.442
283.440,-10.752,0.473,0.682,92.662
283.460,-6.844,0.480,0.682,92.908
283.480,-2.818,0.487,0.682,93.162
283.500,1.248,0.481,0.682,93.418
283.520,5.291,0.481,0.682,93.653
283.540,9.258,0.464,0.682,93.862
283.560,13.096,0.454,0.682,94.028
283.580,16.758,0.429,0.682,94.146
283.600,20.150,0.409,0.682,94.207
283.620,23.273,0.378,0.682,94.212
283.640,26.057,0.350,0.682,94.158
283.660,28.436,0.314,0.682,94.050
283.680,30.428,0.278,0.682,93.897
283.700,31.969,0.236,0.682,93.707
283.720,33.059,0.203,0.682,93.491
283.740,33.650,0.157,0.682,93.263
283.760,33.773,0.123,0.682,93.037
283.780,33.422,0.078,0.682,92.826
283.800,32.566,0.038,0.682,92.645
283.820,31.254,0.003,0.682,92.503
283.840,29.473,-0.031,0.682,92.408
283.860,27.322,-0.055,0.682,92.367
283.880,24.703,-0.093,0.682,92.380
283.900,21.750,-0.117,0.682,92.452
283.920,18.510,-0.146,0.682,92.574
283.940,14.965,-0.151,0.682,92.746
283.960,11.215,-0.181,0.682,92.945
283.980,7.330,-0.164,0.682,93.179
284.000,3.328,-0.199,0.691,93.407
284.020,-0.738,-0.161,0.691,93.647
284.040,-4.758,-0.195,0.691,93.852
284.060,-8.754,-0.147,0.691,94.044
284.080,-12.598,-0.167,0.691,94.180
284.100,-16.254,-0.112,0.691,94.278
284.120,-19.658,-0.123,0.691,94.307
284.140,-22.816,-0.065,0.691,94.292
284.160,-25.594,-0.065,0.691,94.209
284.180,-27.996,-0.004,0.691,94.079
284.200,-30.041,0.010,0.691,93.897
284.220,-31.594,0.059,0.691,93.682
284.240,-32.689,0.084,0.691,93.440
284.260,-33.270,0.133,0.691,93.186
284.280,-33.416,0.169,0.691,92.934
284.300,-33.088,0.214,0.691,92.696
284.320,-32.285,0.253,0.691,92.487
284.340,-30.979,0.284,0.691,92.317
284.360,-29.203,0.333,0.691,92.194
284.380,-27.012,0.348,0.691,92.129
284.400,-24.428,0.396,0.691,92.115
284.420,-21.480,0.406,0.691,92.164
284.440,-18.199,0.443,0.691,92.260
284.460,-14.695,0.447,0.691,92.408
284.480,-10.928,0.477,0.691,92.586
284.500,-7.025,0.473,0.691,92.796
284.520,-2.977,0.493,0.692,93.012
284.540,1.066,0.476,0.692,93.234
284.560,5.115,0.485,0.692,93.434
284.580,9.088,0.460,0.692,93.612
284.600,12.937,0.458,0.692,93.744
284.620,16.582,0.422,0.692,93.835
284.640,19.998,0.411,0.692,93.867
284.660,23.139,0.373,0.692,93.846
284.680,25.934,0.352,0.692,93.766
284.700,28.336,0.313,0.692,93.637
284.720,30.352,0.279,0.692,93.460
284.740,31.910,0.239,0.692,93.249
284.760,33.018,0.203,0.692,93.013
284.780,33.639,0.160,0.692,92.766
284.800,33.791,0.119,0.692,92.522
284.820,33.451,0.074,0.692,92.294
284.840,32.602,0.041,0.692,92.095
284.860,31.318,0.004,0.692,91.938
284.880,29.566,-0.038,0.692,91.829
284.900,27.422,-0.067,0.692,91.777
284.920,24.844,-0.095,0.692,91.783
284.940,21.908,-0.124,0.692,91.849
284.960,18.662,-0.144,0.692,91.969
284.980,15.146,-0.166,0.692,92.138
285.000,11.414,-0.173,0.692,92.345
285.020,7.529,-0.190,0.692,92.578
285.040,3.521,-0.182,0.692,92.825
285.060,-0.533,-0.191,0.692,93.070
285.080,-4.564,-0.179,0.692,93.302
285.100,-8.561,-0.174,0.692,93.505
285.120,-12.387,-0.154,0.692,93.672
285.140,-16.061,-0.139,0.692,93.787
285.160,-19.512,-0.115,0.692,93.851
285.180,-22.646,-0.093,0.692,93.858
285.200,-25.459,-0.056,0.692,93.811
285.220,-27.873,-0.028,0.692,93.708
285.240,-29.906,0.016,0.692,93.561
285.260,-31.506,0.045,0.692,93.376
285.280,-32.631,0.091,0.692,93.166
285.300,-33.234,0.123,0.692,92.944
285.320,-33.410,0.170,0.692,92.724
285.340,-33.088,0.206,0.692,92.519
285.360,-32.297,0.248,0.692,92.341
285.380,-31.025,0.283,0.692,92.205
285.400,-29.279,0.329,0.692,92.114
285.420,-27.082,0.351,0.692,92.082
285.440,-24.533,0.389,0.692,92.105
285.460,-21.598,0.409,0.692,92.188
285.480,-18.363,0.439,0.692,92.321
285.500,-14.854,0.452,0.692,92.504
285.520,-11.109,0.468,0.692,92.720
285.540,-7.201,0.473,0.692,92.963
285.560,-3.176,0.485,0.692,93.216
285.580,0.873,0.479,0.692,93.469
285.600,4.916,0.477,0.692,93.703
285.620,8.889,0.464,0.692,93.909
285.640,12.750,0.450,0.692,94.075
285.660,16.424,0.429,0.692,94.192
285.680,19.840,0.409,0.692,94.252
285.700,22.998,0.382,0.692,94.254
285.720,25.828,0.349,0.692,94.198
285.740,28.236,0.318,0.692,94.088
285.760,30.246,0.278,0.692,93.929
285.780,31.846,0.245,0.692,93.732
285.800,32.959,0.204,0.692,93.509
285.820,33.615,0.163,0.692,93.271
285.840,33.785,0.122,0.692,93.033
285.860,33.475,0.083,0.692,92.810
285.880,32.666,0.048,0.692,92.612
285.900,31.400,0.006,0.692,92.453
285.920,29.672,-0.028,0.692,92.340
285.940,27.545,-0.059,0.692,92.282
285.960,24.955,-0.090,0.692,92.280
285.980,22.055,-0.114,0.692,92.335
286.000,18.820,-0.141,0.692,92.441
286.020,15.305,-0.158,0.692,92.596
286.040,11.584,-0.170,0.692,92.785
286.060,7.699,-0.180,0.692,92.999
286.080,3.703,-0.181,0.692,93.223
286.100,-0.346,-0.185,0.692,93.446
286.120,-4.395,-0.178,0.692,93.653
286.140,-8.391,-0.168,0.692,93.833
286.160,-12.246,-0.156,0.692,93.971
286.180,-15.914,-0.136,0.692,94.063
286.200,-19.354,-0.116,0.692,94.099
286.220,-22.541,-0.087,0.692,94.079
286.240,-25.354,-0.058,0.692,94.001
286.260,-27.814,-0.027,0.692,93.870
286.280,-29.871,0.012,0.692,93.691
286.300,-31.477,0.046,0.692,93.475
286.320,-32.625,0.091,0.692,93.233
286.340,-33.264,0.124,0.692,92.977
286.360,-33.451,0.168,0.692,92.723
286.380,-33.158,0.207,0.692,92.483
286.400,-32.396,0.248,0.692,92.271
286.420,-31.143,0.286,0.692,92.097
286.440,-29.414,0.324,0.692,91.970
286.460,-27.264,0.352,0.692,91.899
286.480,-24.732,0.389,0.692,91.885
286.500,-21.779,0.410,0.692,91.932
286.520,-18.551,0.438,0.692,92.028
286.540,-15.041,0.452,0.692,92.179
286.560,-11.326,0.471,0.692,92.356
286.580,-7.412,0.478,0.692,92.576
286.600,-3.387,0.487,0.692,92.792
286.620,0.674,0.484,0.692,93.028
286.640,4.717,0.479,0.692,93.233
286.660,8.695,0.472,0.692,93.427
286.680,12.557,0.455,0.692,93.568
286.700,16.248,0.435,0.692,93.676
286.720,19.693,0.412,0.692,93.719
286.740,22.857,0.384,0.692,93.717
286.760,25.699,0.354,0.692,93.649
286.780,28.131,0.319,0.692,93.534
286.800,30.176,0.286,0.692,93.370
286.820,31.781,0.247,0.692,93.172
286.840,32.941,0.205,0.692,92.947
286.860,33.598,0.166,0.692,92.708
286.880,33.791,0.124,0.692,92.471
286.900,33.498,0.087,0.692,92.248
286.920,32.719,0.049,0.692,92.052
286.940,31.471,0.008,0.692,91.897
286.960,29.754,-0.025,0.692,91.788
286.980,27.650,-0.061,0.692,91.737
287.000,25.084,-0.089,0.692,91.740
287.020,22.189,-0.118,0.692,91.806
287.040,18.990,-0.137,0.692,91.922
287.060,15.475,-0.158,0.692,92.090
287.080,11.771,-0.166,0.692,92.293
287.100,7.898,-0.180,0.692,92.527
287.120,3.896,-0.179,0.692,92.769
287.140,-0.135,-0.184,0.692,93.016
287.160,-4.184,-0.175,0.692,93.244
287.180,-8.174,-0.173,0.692,93.450
287.200,-12.053,-0.156,0.692,93.612
287.220,-15.721,-0.136,0.692,93.732
287.240,-19.178,-0.116,0.692,93.792
287.260,-22.359,-0.083,0.692,93.800
287.280,-25.189,-0.058,0.692,93.747
287.300,-27.674,-0.023,0.692,93.642
287.320,-29.748,0.008,0.692,93.488
287.340,-31.371,0.045,0.692,93.297
287.360,-32.537,0.087,0.692,93.078
287.380,-33.199,0.124,0.692,92.845
287.400,-33.416,0.167,0.692,92.392
287.420,-33.158,0.206,0.692,92.392
287.440,-32.402,0.242,0.692,92.198
287.460,-31.184,0.283,0.692,92.042
287.480,-29.467,0.319,0.692,91.933
287.500,-27.352,0.350,0.692,91.878
287.520,-24.826,0.385,0.692,91.879
287.540,-21.914,0.409,0.692,91.939
287.560,-18.674,0.436,0.692,92.052
287.580,-15.182,0.450,0.692,92.212
287.600,-11.467,0.469,0.692,92.410
287.620,-7.576,0.474,0.692,92.632
287.640,-3.562,0.481,0.692,92.870
287.660,0.498,0.481,0.692,93.104
287.680,4.553,0.477,0.692,93.327
287.700,8.525,0.464,0.692,93.520
287.720,12.387,0.450,0.692,93.676
287.740,16.078,0.431,0.692,93.784
287.760,19.523,0.410,0.692,93.839
287.780,22.711,0.380,0.692,93.835
287.800,25.564,0.352,0.692,93.775
287.820,28.008,0.318,0.692,93.659
287.840,30.100,0.284,0.692,93.496
287.860,31.717,0.248,0.692,93.295
287.880,32.889,0.204,0.692,93.067
287.900,33.580,0.166,0.692,92.824
287.920,33.785,0.123,0.692,92.581
287.940,33.521,0.085,0.692,92.352
287.960,32.748,0.045,0.692,92.148
287.980,31.535,0.007,0.692,91.985
288.000,29.836,-0.027,0.692,91.867
288.020,27.773,-0.062,0.692,91.805
288.040,25.230,-0.091,0.692,91.800
288.060,22.348,-0.121,0.692,91.854
288.080,19.154,-0.138,0.692,91.962
288.100,15.668,-0.163,0.692,92.118
288.120,11.965,-0.171,0.692,92.313
288.140,8.092,-0.183,0.692,92.537
288.160,4.090,-0.187,0.692,92.774
288.180,0.053,-0.189,0.692,93.013
288.200,-4.002,-0.183,0.692,93.239
288.220,-7.992,-0.173,0.692,93.439
288.240,-11.883,-0.162,0.692,93.600
288.260,-15.551,-0.141,0.692,93.718
288.280,-19.031,-0.121,0.692,93.782
288.300,-22.236,-0.091,0.692,93.789
288.320,-25.078,-0.067,0.692,93.739
288.340,-27.568,-0.029,0.692,93.637
288.360,-29.684,0.003,0.692,93.487
288.380,-31.336,0.039,0.692,93.299
288.400,-32.520,0.079,0.692,93.084
288.420,-33.211,0.119,0.692,92.854
288.440,-33.439,0.161,0.692,92.625
288.460,-33.199,0.200,0.692,92.408
288.480,-32.484,0.244,0.692,92.219
288.500,-31.295,0.279,0.692,92.068
288.520,-29.590,0.317,0.692,91.964
288.540,-27.475,0.350,0.692,91.914
288.560,-24.973,0.381,0.692,91.922
288.580,-22.084,0.408,0.692,91.989
288.600,-18.867,0.432,0.692,92.111
288.620,-15.393,0.453,0.692,92.280
288.640,-11.672,0.465,0.692,92.489
288.660,-7.770,0.479,0.692,92.723
288.680,-3.779,0.481,0.692,92.975
288.700,0.281,0.481,0.692,93.226
288.720,4.336,0.480,0.692,93.462
288.740,8.320,0.471,0.692,93.674
288.760,12.193,0.452,0.692,93.974
288.780,15.896,0.438,0.692,93.974
288.800,19.377,0.414,0.692,94.046
288.820,22.553,0.388,0.692,94.060
288.840,25.436,0.355,0.692,94.017
288.860,27.920,0.325,0.692,93.768
288.880,30.000,0.290,0.692,93.768
288.900,31.641,0.251,0.692,93.580
288.920,32.824,0.211,0.692,93.131
288.940,33.562,0.170,0.692,93.131
288.960,33.791,0.129,0.692,92.897
288.980,33.551,0.092,0.692,92.674
289.000,32.812,0.054,0.688,92.477
289.020,31.611,0.012,0.688,92.316
289.040,29.918,-0.020,0.685,92.201
289.060,27.861,-0.054,0.685,92.139
289.080,25.359,-0.079,0.685,92.132
289.100,22.494,-0.114,0.685,92.182
289.120,19.301,-0.131,0.685,92.285
289.140,15.826,-0.154,0.685,92.435
289.160,12.123,-0.164,0.685,92.623
289.180,8.268,-0.177,0.685,92.838
289.200,4.283,-0.180,0.685,93.065
289.220,0.229,-0.181,0.685,93.292
289.240,-3.820,-0.177,0.685,93.506
289.260,-7.799,-0.168,0.685,93.692
289.280,-11.684,-0.154,0.685,93.839
289.300,-15.375,-0.135,0.685,93.938
289.320,-18.879,-0.117,0.685,93.983
289.340,-22.096,-0.085,0.685,93.972
289.360,-24.949,-0.062,0.685,93.900
289.380,-27.457,-0.021,0.685,93.776
289.400,-29.561,0.008,0.685,93.602
289.420,-31.266,0.049,0.685,93.389
289.440,-32.461,0.083,0.685,93.147
289.460,-33.176,0.127,0.685,92.890
289.480,-33.439,0.163,0.685,92.632
289.500,-33.205,0.206,0.685,92.385
289.520,-32.520,0.244,0.678,92.165
289.540,-31.324,0.281,0.678,91.980
289.560,-29.660,0.319,0.678,91.842
289.580,-27.568,0.352,0.678,91.758
289.600,-25.072,0.383,0.678,91.732
289.620,-22.225,0.410,0.678,91.762
289.640,-19.008,0.435,0.678,91.848
289.660,-15.557,0.452,0.678,91.980
289.680,-11.859,0.468,0.678,92.154
289.700,-7.969,0.475,0.678,92.354
289.720,-3.961,0.485,0.678,92.572
289.740,0.094,0.481,0.678,92.792
289.760,4.154,0.479,0.678,93.002
289.780,8.133,0.469,0.678,93.187
289.800,12.029,0.455,0.678,93.336
289.820,15.738,0.436,0.678,93.441
289.840,19.219,0.412,0.678,93.492
289.860,22.418,0.386,0.678,93.489
289.880,25.318,0.358,0.678,93.429
289.900,27.803,0.320,0.678,93.317
289.920,29.906,0.286,0.678,93.157
289.940,31.570,0.248,0.678,92.960
289.960,32.795,0.212,0.678,92.735
289.980,33.533,0.167,0.678,92.497
290.000,33.779,0.129,0.678,92.258
290.020,33.574,0.089,0.678,92.032
290.040,32.859,0.050,0.678,91.833
290.060,31.682,0.012,0.676,91.672
290.080,30.041,-0.026,0.676,91.559
290.100,27.984,-0.062,0.676,91.503
290.120,25.488,-0.087,0.676,91.506
290.140,22.635,-0.120,0.676,91.568
290.160,19.459,-0.137,0.676,91.688
290.180,16.002,-0.164,0.676,91.857
290.200,12.311,-0.171,0.676,92.068
290.220,8.467,-0.183,0.676,92.308
290.240,4.482,-0.186,0.676,92.565
290.260,0.445,-0.187,0.676,92.825
290.280,-3.604,-0.183,0.676,93.072
290.300,-7.617,-0.174,0.676,93.296
290.320,-11.508,-0.162,0.676,93.484
290.340,-15.205,-0.145,0.676,93.628
290.360,-18.697,-0.122,0.676,93.719
290.380,-21.920,-0.098,0.676,93.753
290.400,-24.814,-0.070,0.676,93.730
290.420,-27.328,-0.036,0.676,93.654
290.440,-29.467,-0.001,0.676,93.529
290.460,-31.154,0.038,0.676,93.364
290.480,-32.391,0.073,0.676,93.171
290.500,-33.152,0.118,0.676,92.961
290.520,-33.404,0.156,0.676,92.749
290.540,-33.205,0.197,0.676,92.550
290.560,-32.555,0.234,0.676,92.375
290.580,-31.371,0.275,0.676,92.235
290.600,-29.748,0.315,0.676,92.143
290.620,-27.668,0.345,0.676,92.105
290.640,-25.213,0.374,0.676,92.123
290.660,-22.354,0.407,0.676,92.196
290.680,-19.154,0.429,0.676,92.327
290.700,-15.732,0.452,0.676,92.503
290.720,-12.029,0.464,0.676,92.720
290.740,-8.156,0.473,0.676,92.962
290.760,-4.143,0.478,0.676,93.219
290.780,-0.082,0.483,0.676,93.476
290.800,3.949,0.477,0.676,93.720
290.820,7.951,0.469,0.676,93.937
290.840,11.836,0.453,0.676,94.116
290.860,15.568,0.438,0.676,94.247
290.880,19.061,0.410,0.676,94.322
290.900,22.266,0.392,0.676,94.338
290.920,25.189,0.356,0.676,94.296
290.940,27.686,0.327,0.676,94.197
290.960,29.818,0.290,0.676,94.048
290.980,31.500,0.254,0.676,93.857
291.000,32.748,0.214,0.676,93.636
291.020,33.516,0.173,0.676,93.397
291.040,33.785,0.132,0.676,93.154
291.060,33.586,0.095,0.676,92.921
291.080,32.895,0.054,0.676,92.711
291.100,31.740,0.017,0.676,92.536
291.120,30.117,-0.017,0.676,92.406
291.140,28.090,-0.054,0.676,92.326
291.160,25.611,-0.076,0.676,92.303
291.180,22.775,-0.113,0.676,92.334
291.200,19.617,-0.129,0.676,92.422
291.220,16.172,-0.155,0.676,92.553
291.240,12.475,-0.165,0.676,92.727
291.260,8.643,-0.177,0.676,92.925
291.280,4.670,-0.183,0.676,93.138
291.300,0.615,-0.182,0.676,93.353
291.320,-3.416,-0.180,0.676,93.556
291.340,-7.441,-0.169,0.676,93.732
291.360,-11.350,-0.159,0.676,93.871
291.380,-15.053,-0.137,0.676,93.966
291.400,-18.580,-0.118,0.676,94.005
291.420,-21.791,-0.090,0.676,93.988
291.440,-24.732,-0.062,0.676,93.914
291.460,-27.246,-0.029,0.676,93.785
291.480,-29.420,0.006,0.676,93.608
291.500,-31.131,0.043,0.676,93.391
291.520,-32.361,0.082,0.676,93.144
291.540,-33.176,0.122,0.676,92.882
291.560,-33.428,0.160,0.676,92.618
291.580,-33.275,0.196,0.676,92.365
291.600,-32.643,0.243,0.674,92.136
291.620,-31.471,0.278,0.674,91.945
291.640,-29.848,0.319,0.674,91.799
291.660,-27.803,0.346,0.674,91.707
291.680,-25.371,0.382,0.674,91.673
291.700,-22.518,0.409,0.674,91.697
291.720,-19.336,0.431,0.674,91.778
291.740,-15.891,0.456,0.674,91.907
291.760,-12.217,0.469,0.674,92.081
291.780,-8.338,0.480,0.674,92.284
291.800,-4.354,0.485,0.674,92.506
291.820,-0.287,0.486,0.675,92.732
291.840,3.756,0.481,0.675,92.948
291.860,7.775,0.474,0.675,93.142
291.880,11.654,0.459,0.675,93.302
291.900,15.393,0.443,0.675,93.419
291.920,18.885,0.414,0.675,93.493
291.940,22.119,0.396,0.675,93.493
291.960,25.072,0.358,0.675,93.447
291.980,27.568,0.331,0.675,93.347
292.000,29.736,0.292,0.675,93.201
292.020,31.436,0.257,0.675,93.015
292.040,32.713,0.213,0.675,92.801
292.060,33.480,0.174,0.675,92.572
292.080,33.779,0.137,0.675,92.341
292.100,33.615,0.097,0.675,92.122
292.120,32.959,0.054,0.675,91.928
292.140,31.805,0.018,0.675,91.773
292.160,30.193,-0.017,0.675,91.664
292.180,28.189,-0.055,0.675,91.610
292.200,25.764,-0.076,0.675,91.614
292.220,22.922,-0.114,0.675,91.676
292.240,19.770,-0.128,0.675,91.796
292.260,16.359,-0.160,0.675,91.964
292.280,12.674,-0.162,0.675,92.177
292.300,8.836,-0.184,0.675,92.417
292.320,4.875,-0.181,0.675,92.678
292.340,0.820,-0.186,0.675,92.938
292.360,-3.211,-0.179,0.675,93.190
292.380,-7.230,-0.173,0.675,93.417
292.400,-11.127,-0.161,0.675,93.608
292.420,-14.859,-0.141,0.675,93.754
292.440,-18.381,-0.121,0.675,93.845
292.460,-21.621,-0.095,0.675,93.881
292.480,-24.545,-0.067,0.675,93.779
292.500,-27.088,-0.033,0.675,93.779
292.520,-29.279,-0.000,0.675,93.650
292.540,-31.037,0.039,0.675,93.481
292.560,-32.309,0.073,0.675,93.280
292.580,-33.100,0.118,0.675,92.840
292.600,-33.393,0.150,0.675,92.840
292.620,-33.264,0.197,0.675,92.628
292.640,-32.625,0.233,0.675,92.438
292.660,-31.512,0.273,0.675,92.284
292.680,-29.912,0.311,0.675,92.174
292.700,-27.867,0.344,0.675,92.116
292.720,-25.447,0.376,0.675,92.115
292.740,-22.646,0.403,0.675,92.169
292.760,-19.471,0.425,0.675,92.279
292.780,-16.043,0.449,0.675,92.434
292.800,-12.375,0.460,0.675,92.631
292.820,-8.525,0.475,0.675,92.852
292.840,-4.529,0.481,0.675,93.092
292.860,-0.475,0.481,0.675,93.333
292.880,3.574,0.479,0.675,93.562
292.900,7.576,0.469,0.675,93.766
292.920,11.467,0.456,0.675,93.934
292.940,15.234,0.437,0.675,94.054
292.960,18.727,0.413,0.675,94.121
292.980,21.979,0.389,0.675,94.130
293.000,24.937,0.357,0.675,94.080
293.020,27.480,0.330,0.675,93.974
293.040,29.625,0.288,0.675,93.818
293.060,31.359,0.256,0.675,93.620
293.080,32.654,0.215,0.675,93.392
293.100,33.463,0.175,0.675,93.145
293.120,33.779,0.135,0.675,92.894
293.140,33.627,0.094,0.675,92.653
293.160,32.977,0.056,0.675,92.435
293.180,31.869,0.016,0.674,92.252
293.200,30.287,-0.019,0.674,92.114
293.220,28.307,-0.053,0.674,92.027
293.240,25.881,-0.079,0.674,91.999
293.260,23.062,-0.114,0.674,92.026
293.280,19.928,-0.133,0.674,92.112
293.300,16.518,-0.159,0.674,92.245
293.320,12.861,-0.167,0.674,92.421
293.340,9.023,-0.184,0.674,92.624
293.360,5.045,-0.181,0.674,92.849
293.380,1.014,-0.188,0.674,93.073
293.400,-3.047,-0.185,0.674,93.291
293.420,-7.061,-0.174,0.674,93.484
293.440,-10.963,-0.162,0.674,93.644
293.460,-14.707,-0.142,0.674,93.757
293.480,-18.211,-0.126,0.674,93.821
293.500,-21.486,-0.097,0.674,93.829
293.520,-24.445,-0.072,0.674,93.780
293.540,-27.000,-0.035,0.674,93.677
293.560,-29.203,0.001,0.674,93.525
293.580,-30.996,0.037,0.674,93.333
293.600,-32.273,0.070,0.674,93.111
293.620,-33.105,0.117,0.674,92.873
293.640,-33.416,0.150,0.674,92.631
293.660,-33.287,0.197,0.674,92.400
293.680,-32.695,0.230,0.674,92.194
293.700,-31.617,0.273,0.674,92.022
293.720,-30.047,0.307,0.674,91.897
293.740,-28.008,0.344,0.674,91.823
293.760,-25.600,0.374,0.674,91.811
293.780,-22.787,0.405,0.674,91.854
293.800,-19.664,0.428,0.674,91.957
293.820,-16.254,0.450,0.674,92.108
293.840,-12.592,0.461,0.674,92.302
293.860,-8.730,0.478,0.674,92.770
293.880,-4.734,0.481,0.674,92.770
293.900,-0.680,0.485,0.674,93.019
293.920,3.363,0.480,0.674,93.258
293.940,7.377,0.472,0.674,93.656
293.960,11.273,0.456,0.674,93.656
293.980,15.053,0.443,0.674,93.792
294.000,18.562,0.419,0.674,93.877
294.020,21.814,0.394,0.674,93.905
294.040,24.791,0.363,0.674,93.875
294.060,27.352,0.334,0.674,93.789
294.080,29.537,0.297,0.674,93.655
294.100,31.277,0.262,0.674,93.478
294.120,32.596,0.219,0.674,93.271
294.140,33.428,0.180,0.674,93.046
294.160,33.779,0.141,0.674,92.816
294.180,33.650,0.099,0.674,92.595
294.200,33.029,0.066,0.674,92.396
294.220,31.928,0.022,0.674,92.232
294.240,30.381,-0.013,0.674,92.113
294.260,28.389,-0.050,0.674,92.045
294.280,25.992,-0.077,0.674,92.035
294.300,23.209,-0.108,0.674,92.080
294.320,20.086,-0.125,0.674,92.183
294.340,16.682,-0.150,0.674,92.332
294.360,13.020,-0.160,0.674,92.523
294.380,9.205,-0.177,0.674,92.741
294.400,5.244,-0.183,0.674,92.979
294.420,1.213,-0.183,0.674,93.219
294.440,-2.848,-0.182,0.674,93.449
294.460,-6.861,-0.168,0.674,93.656
294.480,-10.775,-0.158,0.674,93.824
294.500,-14.531,-0.141,0.674,93.946
294.520,-18.053,-0.120,0.674,94.017
294.540,-21.346,-0.096,0.674,94.029
294.560,-24.305,-0.069,0.674,93.984
294.580,-26.895,-0.033,0.674,93.883
294.600,-29.109,-0.000,0.674,93.731
294.620,-30.885,0.036,0.674,93.537
294.640,-32.221,0.074,0.674,93.311
294.660,-33.070,0.116,0.674,93.067
294.680,-33.404,0.152,0.674,92.818
294.700,-33.305,0.199,0.674,92.577
294.720,-32.725,0.230,0.674,92.359
294.740,-31.652,0.279,0.674,92.174
294.760,-30.100,0.307,0.674,92.036
294.780,-28.113,0.348,0.674,91.945
294.800,-25.711,0.369,0.674,91.916
294.820,-22.928,0.407,0.674,92.022
294.840,-19.775,0.427,0.674,92.022
294.860,-16.389,0.452,0.674,92.149
294.880,-12.756,0.459,0.674,92.326
294.900,-8.889,0.481,0.674,92.525
294.920,-4.910,0.476,0.674,92.749
294.940,-0.867,0.490,0.678,92.972
294.960,3.205,0.475,0.678,93.193
294.980,7.213,0.474,0.678,93.387
295.000,11.104,0.456,0.678,93.548
295.020,14.877,0.438,0.678,93.665
295.040,18.404,0.415,0.678,93.730
295.060,21.674,0.392,0.678,93.740
295.080,24.656,0.363,0.678,93.693
295.100,27.234,0.332,0.678,93.592
295.120,29.455,0.292,0.678,93.442
295.140,31.201,0.258,0.678,93.250
295.160,32.555,0.216,0.678,93.029
295.180,33.404,0.178,0.678,92.789
295.200,33.779,0.139,0.678,92.546
295.220,33.662,0.093,0.678,92.311
295.240,33.082,0.058,0.678,92.101
295.260,31.998,0.017,0.678,91.926
295.280,30.457,-0.014,0.678,91.720
295.300,28.500,-0.054,0.678,91.720
295.320,26.121,-0.080,0.678,91.702
295.340,23.355,-0.112,0.678,91.742
295.360,20.244,-0.132,0.678,91.841
295.380,16.857,-0.155,0.678,91.989
295.400,13.213,-0.168,0.678,92.183
295.420,9.398,-0.179,0.678,92.408
295.440,5.443,-0.185,0.678,92.653
295.460,1.406,-0.188,0.678,92.904
295.480,-2.648,-0.184,0.678,93.148
295.500,-6.662,-0.178,0.678,93.559
295.520,-10.594,-0.165,0.678,93.559
295.540,-14.361,-0.146,0.678,93.703
295.560,-17.889,-0.131,0.678,93.796
295.580,-21.170,-0.100,0.678,93.835
295.600,-24.141,-0.079,0.678,93.817
295.620,-26.771,-0.042,0.678,93.621
295.640,-28.992,-0.010,0.678,93.621
295.660,-30.809,0.031,0.678,93.456
295.680,-32.139,0.063,0.678,93.260
295.700,-33.006,0.109,0.678,93.046
295.720,-33.393,0.142,0.678,92.826
295.740,-33.322,0.190,0.678,92.615
295.760,-32.760,0.228,0.678,92.427
295.780,-31.699,0.266,0.678,92.272
295.800,-30.164,0.298,0.678,92.162
295.820,-28.207,0.340,0.678,92.101
295.840,-25.846,0.370,0.678,92.101
295.860,-23.080,0.398,0.678,92.157
295.880,-19.957,0.424,0.678,92.271
295.900,-16.547,0.446,0.678,92.432
295.920,-12.943,0.461,0.678,92.638
295.940,-9.082,0.472,0.678,92.870
295.960,-5.109,0.481,0.678,93.123
295.980,-1.066,0.482,0.678,93.381
296.000,2.988,0.477,0.678,93.628
296.020,7.002,0.471,0.678,93.851
296.040,10.916,0.457,0.678,94.038
296.060,14.684,0.440,0.678,94.181
296.080,18.246,0.419,0.678,94.270
296.100,21.521,0.393,0.678,94.302
296.120,24.521,0.369,0.678,94.274
296.140,27.123,0.334,0.678,94.189
296.160,29.350,0.298,0.678,94.052
296.180,31.143,0.262,0.678,93.872
296.200,32.496,0.221,0.678,93.659
296.220,33.375,0.186,0.678,93.426
296.240,33.773,0.141,0.678,93.185
296.260,33.674,0.104,0.678,92.952
296.280,33.100,0.063,0.678,92.738
296.300,32.057,0.025,0.678,92.557
296.320,30.533,-0.012,0.678,92.420
296.340,28.617,-0.048,0.678,92.333
296.360,26.244,-0.074,0.678,92.302
296.380,23.490,-0.103,0.678,92.325
296.400,20.391,-0.129,0.678,92.404
296.420,17.027,-0.148,0.678,92.530
296.440,13.371,-0.164,0.678,92.700
296.460,9.574,-0.172,0.678,92.898
296.480,5.613,-0.180,0.678,93.114
296.500,1.600,-0.185,0.678,93.334
296.520,-2.473,-0.179,0.678,93.545
296.540,-6.486,-0.174,0.678,93.887
296.560,-10.430,-0.159,0.678,93.887
296.580,-14.191,-0.143,0.678,93.995
296.600,-17.742,-0.122,0.678,94.052
296.620,-21.053,-0.097,0.678,94.052
296.640,-24.047,-0.068,0.678,93.996
296.660,-26.684,-0.033,0.678,93.883
296.680,-28.945,-0.001,0.678,93.719
296.700,-30.773,0.037,0.678,93.514
296.720,-32.121,0.072,0.678,93.276
296.740,-33.012,0.113,0.678,93.020
296.760,-33.393,0.152,0.678,92.758
296.780,-33.352,0.195,0.678,92.503
296.800,-32.842,0.230,0.678,92.271
296.820,-31.781,0.273,0.678,92.072
296.840,-30.275,0.307,0.678,91.919
296.860,-28.318,0.348,0.678,91.816
296.880,-25.969,0.371,0.678,91.773
296.900,-23.227,0.406,0.678,91.783
296.920,-20.115,0.424,0.678,91.855
296.940,-16.729,0.450,0.678,91.974
296.960,-13.102,0.466,0.678,92.141
296.980,-9.258,0.480,0.678,92.341
297.000,-5.303,0.481,0.678,92.563
297.020,-1.266,0.491,0.679,92.790
297.040,2.807,0.483,0.679,93.013
297.060,6.832,0.476,0.679,93.214
297.080,10.758,0.458,0.679,93.385
297.100,14.525,0.446,0.679,93.511
297.120,18.082,0.423,0.679,93.590
297.140,21.375,0.397,0.679,93.615
297.160,24.393,0.366,0.679,93.582
297.180,27.012,0.336,0.679,93.495
297.200,29.250,0.302,0.679,93.360
297.220,31.072,0.260,0.679,93.184
297.240,32.449,0.225,0.679,92.976
297.260,33.334,0.183,0.679,92.750
297.280,33.750,0.145,0.679,92.520
297.300,33.691,0.102,0.679,92.298
297.320,33.152,0.066,0.679,92.099
297.340,32.121,0.025,0.679,91.934
297.360,30.639,-0.009,0.679,91.816
297.380,28.699,-0.048,0.679,91.748
297.400,26.361,-0.073,0.679,91.742
297.420,23.619,-0.108,0.679,91.792
297.440,20.555,-0.129,0.679,91.903
297.460,17.209,-0.149,0.679,92.062
297.480,13.564,-0.166,0.679,92.268
297.500,9.768,-0.177,0.679,92.504
297.520,5.830,-0.186,0.679,92.766
297.540,1.799,-0.185,0.679,93.030
297.560,-2.262,-0.182,0.679,93.289
297.580,-6.275,-0.176,0.679,93.524
297.600,-10.230,-0.163,0.679,93.727
297.620,-13.992,-0.148,0.679,93.885
297.640,-17.561,-0.130,0.679,93.993
297.660,-20.883,-0.105,0.679,94.046
297.680,-23.877,-0.078,0.679,94.041
297.700,-26.525,-0.043,0.679,93.979
297.720,-28.799,-0.013,0.679,93.865
297.740,-30.656,0.033,0.679,93.707
297.760,-32.045,0.062,0.679,93.516
297.780,-32.959,0.103,0.679,93.304
297.800,-33.363,0.139,0.679,93.085
297.820,-33.316,0.190,0.679,92.873
297.840,-32.836,0.223,0.679,92.681
297.860,-31.816,0.265,0.679,92.520
297.880,-30.328,0.296,0.679,92.404
297.900,-28.406,0.341,0.679,92.334
297.920,-26.045,0.363,0.679,92.325
297.940,-23.355,0.402,0.679,92.367
297.960,-20.250,0.418,0.679,92.469
297.980,-16.881,0.447,0.679,92.616
298.000,-13.271,0.457,0.679,92.807
298.020,-9.434,0.474,0.679,93.026
298.040,-5.484,0.476,0.679,93.266
298.060,-1.441,0.482,0.679,93.508
298.080,2.619,0.475,0.679,93.743
298.100,6.650,0.475,0.679,93.953
298.120,10.564,0.456,0.679,94.131
298.140,14.350,0.445,0.679,94.264
298.160,17.924,0.420,0.679,94.343
298.180,21.217,0.398,0.679,94.366
298.200,24.252,0.370,0.679,94.330
298.220,26.906,0.335,0.679,94.236
298.240,29.156,0.302,0.679,94.089
298.260,30.984,0.264,0.679,93.899
298.280,32.396,0.224,0.679,93.674
298.300,33.311,0.184,0.679,93.428
298.320,33.750,0.145,0.679,93.174
298.340,33.709,0.103,0.679,92.926
298.360,33.187,0.064,0.679,92.698
298.380,32.186,0.025,0.679,92.501
298.400,30.709,-0.009,0.679,92.348
298.420,28.805,-0.050,0.679,92.245
298.440,26.490,-0.075,0.679,92.198
298.460,23.742,-0.108,0.679,92.208
298.480,20.713,-0.125,0.679,92.275
298.500,17.361,-0.154,0.679,92.389
298.520,13.740,-0.166,0.679,92.549
298.540,9.943,-0.180,0.679,92.741
298.560,6.018,-0.182,0.679,92.954
298.580,1.975,-0.188,0.679,93.171
298.600,-2.080,-0.184,0.679,93.383
298.620,-6.111,-0.176,0.679,93.574
298.640,-10.072,-0.166,0.679,93.733
298.660,-13.840,-0.150,0.679,93.849
298.680,-17.414,-0.125,0.679,93.916
298.700,-20.748,-0.103,0.679,93.927
298.720,-23.783,-0.074,0.679,93.882
298.740,-26.449,-0.043,0.679,93.781
298.760,-28.734,-0.009,0.679,93.631
298.780,-30.621,0.030,0.679,93.438
298.800,-32.016,0.067,0.679,93.213
298.820,-32.959,0.105,0.679,92.968
298.840,-33.387,0.147,0.679,92.718
298.860,-33.375,0.187,0.679,92.475
298.880,-32.900,0.227,0.679,92.253
298.900,-31.916,0.267,0.679,92.064
298.920,-30.451,0.302,0.679,91.920
298.940,-28.541,0.340,0.679,91.827
298.960,-26.215,0.365,0.679,91.792
298.980,-23.520,0.402,0.679,91.814
299.000,-20.426,0.421,0.679,91.896
299.020,-17.086,0.450,0.679,92.208
299.040,-13.500,0.460,0.679,92.208
299.060,-9.645,0.477,0.679,92.420
299.080,-5.707,0.481,0.679,92.657
299.100,-1.646,0.486,0.679,92.899
299.120,2.402,0.484,0.679,93.139
299.140,6.445,0.475,0.679,93.359
299.160,10.365,0.460,0.679,93.546
299.180,14.162,0.447,0.679,93.691
299.200,17.754,0.426,0.679,93.787
299.220,21.064,0.402,0.679,93.828
299.240,24.117,0.370,0.679,93.811
299.260,26.777,0.343,0.679,93.738
299.280,29.057,0.306,0.679,93.616
299.300,30.908,0.266,0.679,93.450
299.320,32.332,0.230,0.679,93.251
299.340,33.287,0.190,0.679,93.032
299.360,33.750,0.150,0.679,92.806
299.380,33.709,0.108,0.679,92.585
299.400,33.217,0.071,0.679,92.386
299.420,32.238,0.033,0.679,92.218
299.440,30.779,-0.002,0.679,92.094
299.460,28.904,-0.045,0.679,92.019
299.480,26.619,-0.069,0.679,92.004
299.500,23.900,-0.103,0.679,92.043
299.520,20.865,-0.119,0.679,92.141
299.540,17.531,-0.148,0.679,92.287
299.560,13.922,-0.158,0.679,92.481
299.580,10.125,-0.176,0.679,92.701
299.600,6.205,-0.183,0.679,92.949
299.620,2.174,-0.184,0.679,93.200
299.640,-1.863,-0.184,0.679,93.444
299.660,-5.906,-0.173,0.679,93.666
299.680,-9.867,-0.163,0.679,93.855
299.700,-13.646,-0.147,0.679,94.000
299.720,-17.232,-0.129,0.679,94.094
299.740,-20.566,-0.104,0.679,94.131
299.760,-23.625,-0.073,0.679,94.110
299.780,-26.297,-0.043,0.679,94.032
299.800,-28.605,-0.009,0.679,93.900
299.820,-30.510,0.030,0.679,93.725
299.840,-31.939,0.062,0.679,93.516
299.860,-32.895,0.107,0.679,93.284
299.880,-33.357,0.145,0.679,93.044
299.900,-33.387,0.186,0.679,92.810
299.920,-32.912,0.224,0.679,92.594
299.940,-31.934,0.264,0.679,92.409
299.960,-30.516,0.301,0.679,92.266
299.980,-28.617,0.339,0.679,92.172
300.000,-26.314,0.365,0.679,92.136
300.020,-23.643,0.398,0.679,92.153
300.040,-20.561,0.418,0.679,92.228
300.060,-17.221,0.448,0.679,92.351
300.080,-13.629,0.455,0.679,92.522
300.100,-9.826,0.478,0.679,92.721
300.120,-5.859,0.477,0.679,92.945
300.140,-1.840,0.484,0.679,93.172
300.160,2.244,0.477,0.679,93.395
300.180,6.264,0.472,0.679,93.596
300.200,10.189,0.459,0.679,93.766
300.220,14.004,0.444,0.679,93.895
300.240,17.590,0.421,0.679,93.973
300.260,20.930,0.401,0.679,93.996
300.280,23.988,0.368,0.679,93.961
300.300,26.648,0.340,0.679,93.870
300.320,28.951,0.301,0.679,93.727
300.340,30.832,0.265,0.679,93.541
300.360,32.273,0.226,0.679,93.321
300.380,33.229,0.188,0.679,93.081
300.400,33.744,0.150,0.679,92.832
300.420,33.732,0.105,0.679,92.589
300.440,33.270,0.066,0.679,92.366
300.460,32.291,0.028,0.679,92.175
300.480,30.873,-0.009,0.679,92.028
300.500,29.016,-0.044,0.679,91.931
300.520,26.736,-0.070,0.679,91.893
300.540,24.029,-0.109,0.679,91.909
300.560,21.012,-0.123,0.679,91.989
300.580,17.689,-0.152,0.679,92.115
300.600,14.098,-0.163,0.679,92.291
300.620,10.312,-0.180,0.679,92.498
300.640,6.398,-0.182,0.679,92.731
300.660,2.373,-0.185,0.679,92.968
300.680,-1.682,-0.184,0.679,93.205
300.700,-5.695,-0.179,0.679,93.421
300.720,-9.662,-0.168,0.679,93.609
300.740,0.000,-0.130,0.679,93.755
300.760,0.000,-0.110,0.679,93.876
300.780,0.000,-0.081,0.679,93.961
300.800,0.000,-0.047,0.679,94.008
300.820,0.000,-0.012,0.679,94.023
300.840,0.000,0.023,0.679,94.010
300.860,0.000,0.058,0.679,93.977
300.880,0.000,0.100,0.679,93.935
300.900,0.000,0.137,0.679,93.893
300.920,0.000,0.182,0.679,93.863
300.940,0.000,0.213,0.679,93.856
300.960,0.000,0.259,0.679,93.881
300.980,0.000,0.294,0.679,93.950
301.000,0.000,0.334,0.679,94.071
301.020,0.000,0.360,0.679,94.249
301.040,0.000,0.395,0.679,94.488
301.060,0.000,0.414,0.679,94.788
301.080,0.000,0.441,0.679,95.151
301.100,0.000,0.456,0.679,95.572
301.120,0.000,0.470,0.679,96.045
301.140,0.000,0.473,0.679,96.559
301.160,0.000,0.476,0.679,97.108
301.180,0.000,0.472,0.679,97.681
301.200,0.000,0.471,0.679,98.266
301.220,0.000,0.454,0.679,98.858
301.240,0.000,0.439,0.679,99.443
301.260,0.000,0.418,0.679,100.015
301.280,0.000,0.394,0.679,100.570
301.300,0.000,0.367,0.679,101.103
301.320,0.000,0.335,0.679,101.614
301.340,0.000,0.302,0.679,102.105
301.360,0.000,0.265,0.679,102.579
301.380,0.000,0.227,0.679,103.041
301.400,0.000,0.186,0.679,103.501
301.420,0.000,0.149,0.679,103.965
301.440,0.000,0.109,0.679,104.444
301.460,0.000,0.071,0.679,104.948
301.480,0.000,0.033,0.679,105.486
301.500,0.000,-0.000,0.679,106.066
301.520,0.000,-0.034,0.679,106.698
301.540,0.000,-0.064,0.679,107.385
301.560,0.000,-0.093,0.679,108.134
301.580,0.000,-0.115,0.679,108.944
301.600,0.000,-0.136,0.679,109.818
301.620,0.000,-0.149,0.679,110.746
301.640,0.000,-0.164,0.679,111.727
301.660,0.000,-0.167,0.679,112.753
301.680,0.000,-0.172,0.679,113.813
301.700,0.000,-0.167,0.679,114.899
301.720,0.000,-0.163,0.679,115.996
301.740,0.000,-0.150,0.679,117.096
301.760,0.000,-0.137,0.679,118.189
301.780,0.000,-0.117,0.679,119.268
301.800,0.000,-0.091,0.679,120.324
301.820,0.000,-0.065,0.679,121.350
301.840,0.000,-0.033,0.679,122.347
301.860,0.000,-0.003,0.679,123.313
301.880,0.000,0.032,0.679,124.249
301.900,0.000,0.066,0.679,125.160
301.920,0.000,0.105,0.679,126.052
301.940,0.000,0.144,0.679,126.932
301.960,0.000,0.182,0.679,127.809
301.980,0.000,0.219,0.679,128.693
302.000,0.000,0.256,0.679,129.593
302.020,0.000,0.292,0.674,130.520
302.040,0.000,0.319,0.674,131.485
302.060,0.000,0.354,0.674,132.490
302.080,0.000,0.381,0.674,133.550
302.100,0.000,0.406,0.674,134.661
302.120,0.000,0.425,0.674,135.835
302.140,0.000,0.441,0.674,137.064
302.160,0.000,0.444,0.674,138.351
302.180,0.000,0.460,0.674,139.684
302.200,0.000,0.460,0.674,141.065
302.220,0.000,0.460,0.674,142.481
302.240,0.000,0.452,0.674,143.923
302.260,0.000,0.442,0.674,145.382
302.280,0.000,0.427,0.674,146.846
302.300,0.000,0.403,0.674,148.307
302.320,0.000,0.381,0.674,149.752
302.340,0.000,0.355,0.674,151.174
302.360,0.000,0.327,0.674,152.567
302.380,0.000,0.291,0.674,153.924
302.400,0.000,0.257,0.674,155.239
302.420,0.000,0.215,0.674,156.510
302.440,0.000,0.189,0.674,157.734
302.460,0.000,0.145,0.674,158.913
302.480,0.000,0.113,0.674,160.046
302.500,0.000,0.070,0.674,161.136
302.520,0.000,0.036,0.674,162.189
302.540,0.000,0.003,0.674,-102.367
302.560,0.000,-0.026,0.674,-104.053
302.580,0.000,-0.054,0.674,0.000
302.600,0.000,-0.088,0.674,0.000
302.620,0.000,-0.104,0.674,0.000
302.640,0.000,-0.134,0.674,0.000
302.660,0.000,-0.140,0.674,0.000
302.680,0.000,-0.156,0.674,0.000
302.700,0.000,-0.155,0.674,0.000
302.720,0.000,-0.166,0.674,0.000
302.740,0.000,-0.157,0.674,0.000
302.760,0.000,-0.157,0.674,0.000
302.780,0.000,-0.142,0.674,0.000
302.800,0.000,-0.131,0.674,0.000
302.820,0.000,-0.111,0.674,0.000
302.840,0.000,-0.089,0.674,0.000
302.860,0.000,-0.067,0.674,0.000
302.880,0.000,-0.036,0.674,0.000
302.900,0.000,-0.003,0.674,0.000
302.920,0.000,0.025,0.674,0.000
302.940,0.000,0.062,0.674,0.000
302.960,0.000,0.098,0.674,-159.797
302.980,0.000,0.135,0.674,-154.707
303.000,0.000,0.168,0.674,43.796
303.020,0.000,0.207,0.674,-117.551
303.040,0.000,0.243,0.674,-112.114
303.060,0.000,0.278,0.674,-116.607
303.080,0.000,0.306,0.674,105.472
303.100,0.000,0.340,0.674,109.294
303.120,0.000,0.363,0.674,115.742
303.140,0.000,0.391,0.674,114.036
303.160,0.000,0.407,0.674,111.636
303.180,0.000,0.427,0.674,125.056
303.200,0.000,0.433,0.674,99.084
303.220,0.000,0.445,0.674,44.841
303.240,0.000,0.443,0.674,180.000
303.260,0.000,0.442,0.674,180.000
303.280,0.000,0.434,0.674,121.181
303.300,0.000,0.427,0.674,0.000
303.320,0.000,0.413,0.674,0.000
303.340,0.000,0.396,0.674,0.000
303.360,0.000,0.371,0.674,0.000
303.380,0.000,0.346,0.674,0.000
303.400,0.000,0.316,0.674,0.000
303.420,0.000,0.292,0.674,0.000
303.440,0.000,0.257,0.674,0.000
303.460,0.000,0.225,0.674,0.000
303.480,0.000,0.187,0.674,0.000
303.500,0.000,0.155,0.674,0.000
303.520,0.000,0.118,0.674,0.000
303.540,0.000,0.081,0.674,0.000
303.560,0.000,0.049,0.674,0.000
303.580,0.000,0.018,0.671,0.000
303.600,0.000,-0.014,0.671,0.000
303.620,0.000,-0.043,0.671,0.000
303.640,0.000,-0.069,0.671,0.000
303.660,0.000,-0.087,0.671,0.000
303.680,0.000,-0.112,0.671,0.000
303.700,0.000,-0.122,0.671,0.000
303.720,0.000,-0.131,0.671,0.000
303.740,0.000,-0.139,0.671,0.000
303.760,0.000,-0.142,0.671,0.000
303.780,0.000,-0.140,0.671,0.000
303.800,0.000,-0.132,0.671,0.000
303.820,0.000,-0.121,0.671,0.000
303.840,0.000,-0.112,0.671,0.000
303.860,0.000,-0.093,0.671,0.000
303.880,0.000,-0.077,0.671,0.000
303.900,0.000,-0.046,0.671,0.000
303.920,0.000,-0.025,0.671,0.000
303.940,0.000,0.011,0.671,0.000
303.960,0.000,0.030,0.671,0.000
303.980,0.000,0.079,0.671,0.000
304.000,0.000,0.093,0.671,0.000
304.020,0.000,0.149,0.671,0.000
304.040,0.000,0.158,0.671,0.000
304.060,0.000,0.216,0.671,0.000
304.080,0.000,0.228,0.671,0.000
304.100,0.000,0.282,0.669,0.000
304.120,0.000,0.294,0.669,0.000
304.140,0.000,0.336,0.669,0.000
304.160,0.000,0.349,0.669,0.000
304.180,0.000,0.378,0.669,0.000
304.200,0.000,0.398,0.669,0.000
304.220,0.000,0.407,0.669,0.000
304.240,0.000,0.414,0.669,0.000
304.260,0.000,0.435,0.669,0.000
304.280,0.000,0.430,0.669,0.000
304.300,0.000,0.427,0.669,0.000
304.320,0.000,0.421,0.669,0.000
304.340,0.000,0.425,0.669,0.000
304.360,0.000,0.388,0.669,0.000
304.380,0.000,0.389,0.669,0.000
304.400,0.000,0.351,0.669,0.000
304.420,0.000,0.355,0.669,0.000
304.440,0.000,0.302,0.669,0.000
304.460,0.000,0.290,0.669,0.000
304.480,0.000,0.242,0.669,0.000
304.500,0.000,0.226,0.669,0.000
304.520,0.000,0.181,0.669,0.000
304.540,0.000,0.158,0.669,0.000
304.560,0.000,0.112,0.669,0.000
304.580,0.000,0.089,0.669,0.000
304.600,0.000,0.055,0.669,0.000
304.620,0.000,0.021,0.669,0.000
304.640,0.000,-0.011,0.669,0.000
304.660,0.000,-0.033,0.669,0.000
304.680,0.000,-0.059,0.669,0.000
304.700,0.000,-0.081,0.669,0.000
304.720,0.000,-0.098,0.669,0.000
304.740,0.000,-0.115,0.669,0.000
304.760,0.000,-0.125,0.669,0.000
304.780,0.000,-0.129,0.669,0.000
304.800,0.000,-0.137,0.669,0.000
304.820,0.000,-0.132,0.669,0.000
304.840,0.000,-0.133,0.669,0.000
304.860,0.000,-0.111,0.669,0.000
304.880,0.000,-0.114,0.669,0.000
304.900,0.000,-0.083,0.669,0.000
304.920,0.000,-0.079,0.669,0.000
304.940,0.000,-0.038,0.669,0.000
304.960,0.000,-0.027,0.669,0.000
304.980,0.000,0.004,0.669,0.000
305.000,0.000,0.033,0.669,0.000
305.020,0.000,0.064,0.669,0.000
305.040,0.000,0.095,0.669,0.000
305.060,0.000,0.128,0.669,0.000
305.080,0.000,0.166,0.669,0.000
305.100,0.000,0.193,0.669,0.000
305.120,0.000,0.230,0.669,0.000
305.140,0.000,0.255,0.661,0.000
305.160,0.000,0.290,0.661,0.000
305.180,0.000,0.312,0.661,0.000
305.200,0.000,0.343,0.661,0.000
305.220,0.000,0.354,0.661,0.000
305.240,0.000,0.381,0.661,0.000
305.260,0.000,0.388,0.661,0.000
305.280,0.000,0.406,0.661,0.000
305.300,0.000,0.411,0.661,0.000
305.320,0.000,0.414,0.661,0.000
305.340,0.000,0.415,0.661,0.000
305.360,0.000,0.407,0.661,0.000
305.380,0.000,0.402,0.661,0.000
305.400,0.000,0.387,0.661,0.000
305.420,0.000,0.373,0.661,0.000
305.440,0.000,0.348,0.661,0.000
305.460,0.000,0.336,0.661,0.000
305.480,0.000,0.302,0.661,0.000
305.500,0.000,0.282,0.661,0.000
305.520,0.000,0.246,0.661,0.000
305.540,0.000,0.220,0.661,0.000
305.560,0.000,0.187,0.661,0.000
305.580,0.000,0.156,0.661,0.000
305.600,0.000,0.121,0.661,0.000
305.620,0.000,0.091,0.661,0.000
305.640,0.000,0.065,0.661,0.000
305.660,0.000,0.032,0.660,0.000
305.680,0.000,0.004,0.654,0.000
305.700,0.000,-0.023,0.648,0.000
305.720,0.000,-0.039,0.648,0.000
305.740,0.000,-0.067,0.648,0.000
305.760,0.000,-0.079,0.648,0.000
305.780,0.000,-0.098,0.648,0.000
305.800,0.000,-0.106,0.648,0.000
305.820,0.000,-0.115,0.648,0.000
305.840,0.000,-0.113,0.648,0.000
305.860,0.000,-0.116,0.648,0.000
305.880,0.000,-0.112,0.648,0.000
305.900,0.000,-0.103,0.648,0.000
305.920,0.000,-0.091,0.648,0.000
305.940,0.000,-0.075,0.648,0.000
305.960,0.000,-0.058,0.648,0.000
305.980,0.000,-0.030,0.648,0.000
306.000,0.000,-0.013,0.648,0.000
306.020,0.000,0.017,0.648,0.000
306.040,0.000,0.044,0.648,0.000
306.060,0.000,0.070,0.648,0.000
306.080,0.000,0.101,0.648,0.000
306.100,0.000,0.133,0.648,0.000
306.120,0.000,0.166,0.648,0.000
306.140,0.000,0.193,0.648,0.000
306.160,0.000,0.228,0.644,0.000
306.180,0.000,0.253,0.643,0.000
306.200,0.000,0.284,0.632,0.000
306.220,0.000,0.305,0.632,0.000
306.240,0.000,0.331,0.632,0.000
306.260,0.000,0.353,0.632,0.000
306.280,0.000,0.368,0.632,0.000
306.300,0.000,0.383,0.632,0.000
306.320,0.000,0.396,0.632,0.000
306.340,0.000,0.402,0.632,0.000
306.360,0.000,0.403,0.632,0.000
306.380,0.000,0.403,0.632,0.000
306.400,0.000,0.401,0.632,0.000
306.420,0.000,0.392,0.632,0.000
306.440,0.000,0.381,0.632,0.000
306.460,0.000,0.365,0.632,0.000
306.480,0.000,0.343,0.632,0.000
306.500,0.000,0.327,0.632,0.000
306.520,0.000,0.301,0.632,0.000
306.540,0.000,0.278,0.632,0.000
306.560,0.000,0.245,0.632,0.000
306.580,0.000,0.222,0.632,0.000
306.600,0.000,0.187,0.632,0.000
306.620,0.000,0.161,0.632,0.000
306.640,0.000,0.124,0.632,0.000
306.660,0.000,0.099,0.632,0.000
306.680,0.000,0.065,0.628,0.000
306.700,0.000,0.040,0.626,0.000
306.720,0.000,0.012,0.626,0.000
306.740,0.000,-0.012,0.626,0.000
306.760,0.000,-0.034,0.626,0.000
306.780,0.000,-0.059,0.626,0.000
306.800,0.000,-0.069,0.626,0.000
306.820,0.000,-0.085,0.626,0.000
306.840,0.000,-0.095,0.626,0.000
306.860,0.000,-0.100,0.626,0.000
306.880,0.000,-0.101,0.626,0.000
306.900,0.000,-0.102,0.626,0.000
306.920,0.000,-0.100,0.626,0.000
306.940,0.000,-0.095,0.626,0.000
306.960,0.000,-0.083,0.626,0.000
306.980,0.000,-0.065,0.626,0.000
307.000,0.000,-0.057,0.626,0.000
307.020,0.000,-0.028,0.626,0.000
307.040,0.000,-0.009,0.626,0.000
307.060,0.000,0.017,0.626,0.000
307.080,0.000,0.041,0.626,0.000
307.100,0.000,0.070,0.626,0.000
307.120,0.000,0.097,0.626,0.000
307.140,0.000,0.129,0.626,0.000
307.160,0.000,0.158,0.626,0.000
307.180,0.000,0.186,0.626,0.000
307.200,0.000,0.217,0.626,0.000
307.220,0.000,0.240,0.618,0.000
307.240,0.000,0.273,0.611,0.000
307.260,0.000,0.292,0.611,0.000
307.280,0.000,0.319,0.611,0.000
307.300,0.000,0.330,0.611,0.000
307.320,0.000,0.360,0.611,0.000
307.340,0.000,0.365,0.611,0.000
307.360,0.000,0.382,0.611,0.000
307.380,0.000,0.383,0.611,0.000
307.400,0.000,0.390,0.611,0.000
307.420,0.000,0.385,0.611,0.000
307.440,0.000,0.385,0.611,0.000
307.460,0.000,0.371,0.611,0.000
307.480,0.000,0.365,0.611,0.000
307.500,0.000,0.352,0.611,0.000
307.520,0.000,0.334,0.611,0.000
307.540,0.000,0.314,0.611,0.000
307.560,0.000,0.293,0.611,0.000
307.580,0.000,0.266,0.611,0.000
307.600,0.000,0.243,0.611,0.000
307.620,0.000,0.215,0.611,0.000
307.640,0.000,0.186,0.611,0.000
307.660,0.000,0.161,0.611,0.000
307.680,0.000,0.124,0.611,0.000
307.700,0.000,0.102,0.611,0.000
307.720,0.000,0.070,0.602,0.000
307.740,0.000,0.045,0.602,0.000
307.760,0.000,0.019,0.587,0.000
307.780,0.000,-0.002,0.587,0.000
307.800,0.000,-0.025,0.587,0.000
307.820,0.000,-0.042,0.587,0.000
307.840,0.000,-0.057,0.587,0.000
307.860,0.000,-0.074,0.587,0.000
307.880,0.000,-0.081,0.587,0.000
307.900,0.000,-0.090,0.587,0.000
307.920,0.000,-0.089,0.587,0.000
307.940,0.000,-0.091,0.587,0.000
307.960,0.000,-0.086,0.587,0.000
307.980,0.000,-0.086,0.587,0.000
308.000,0.000,-0.068,0.587,0.000
308.020,0.000,-0.058,0.587,0.000
308.040,0.000,-0.038,0.587,0.000
308.060,0.000,-0.021,0.587,0.000
308.080,0.000,-0.002,0.587,0.000
308.100,0.000,0.022,0.587,0.000
308.120,0.000,0.048,0.587,0.000
308.140,0.000,0.076,0.587,0.000
308.160,0.000,0.096,0.587,0.000
308.180,0.000,0.132,0.587,0.000
308.200,0.000,0.155,0.587,0.000
308.220,0.000,0.187,0.586,0.000
308.240,0.000,0.211,0.584,0.000
308.260,0.000,0.240,0.578,0.000
308.280,0.000,0.260,0.578,0.000
308.300,0.000,0.288,0.578,0.000
308.320,0.000,0.311,0.578,0.000
308.340,0.000,0.328,0.578,0.000
308.360,0.000,0.346,0.578,0.000
308.380,0.000,0.358,0.578,0.000
308.400,0.000,0.368,0.578,0.000
308.420,0.000,0.374,0.578,0.000
308.440,0.000,0.379,0.578,0.000
308.460,0.000,0.375,0.578,0.000
308.480,0.000,0.376,0.578,0.000
308.500,0.000,0.365,0.578,0.000
308.520,0.000,0.361,0.578,0.000
308.540,0.000,0.344,0.578,0.000
308.560,0.000,0.331,0.578,0.000
308.580,0.000,0.311,0.578,0.000
308.600,0.000,0.290,0.578,0.000
308.620,0.000,0.266,0.578,0.000
308.640,0.000,0.244,0.578,0.000
308.660,0.000,0.215,0.578,0.000
308.680,0.000,0.194,0.578,0.000
308.700,0.000,0.163,0.578,0.000
308.720,0.000,0.134,0.578,0.000
308.740,0.000,0.108,0.578,0.000
308.760,0.000,0.082,0.575,0.000
308.780,0.000,0.056,0.573,0.000
308.800,0.000,0.027,0.573,0.000
308.820,0.000,0.008,0.573,0.000
308.840,0.000,-0.017,0.573,0.000
308.860,0.000,-0.025,0.573,0.000
308.880,0.000,-0.051,0.573,0.000
308.900,0.000,-0.058,0.573,0.000
308.920,0.000,-0.067,0.573,0.000
308.940,0.000,-0.075,0.573,0.000
308.960,0.000,-0.079,0.573,0.000
308.980,0.000,-0.080,0.573,0.000
309.000,0.000,-0.079,0.573,0.000
309.020,0.000,-0.063,0.573,0.000
309.040,0.000,-0.061,0.573,0.000
309.060,0.000,-0.047,0.573,0.000
309.080,0.000,-0.028,0.573,0.000
309.100,0.000,-0.014,0.573,0.000
309.120,0.000,0.008,0.573,0.000
309.140,0.000,0.023,0.573,0.000
309.160,0.000,0.052,0.573,0.000
309.180,0.000,0.074,0.573,0.000
309.200,0.000,0.099,0.573,0.000
309.220,0.000,0.129,0.573,0.000
309.240,0.000,0.155,0.573,0.000
309.260,0.000,0.179,0.567,0.000
309.280,0.000,0.205,0.564,0.000
309.300,0.000,0.228,0.562,0.000
309.320,0.000,0.253,0.562,0.000
309.340,0.000,0.281,0.553,0.000
309.360,0.000,0.294,0.553,0.000
309.380,0.000,0.318,0.553,0.000
309.400,0.000,0.326,0.553,0.000
309.420,0.000,0.345,0.553,0.000
309.440,0.000,0.354,0.553,0.000
309.460,0.000,0.364,0.553,0.000
309.480,0.000,0.364,0.553,0.000
309.500,0.000,0.365,0.553,0.000
309.520,0.000,0.363,0.553,0.000
309.540,0.000,0.354,0.553,0.000
309.560,0.000,0.342,0.553,0.000
309.580,0.000,0.327,0.553,0.000
309.600,0.000,0.319,0.553,0.000
309.620,0.000,0.300,0.553,0.000
309.640,0.000,0.281,0.553,0.000
309.660,0.000,0.257,0.553,0.000
309.680,0.000,0.235,0.553,0.000
309.700,0.000,0.210,0.553,0.000
309.720,0.000,0.183,0.553,0.000
309.740,0.000,0.157,0.553,0.000
309.760,0.000,0.132,0.553,0.000
309.780,0.000,0.106,0.553,0.000
309.800,0.000,0.080,0.549,0.000
309.820,0.000,0.055,0.549,0.000
309.840,0.000,0.034,0.531,0.000
309.860,0.000,0.012,0.531,0.000
309.880,0.000,-0.007,0.531,0.000
309.900,0.000,-0.024,0.531,0.000
309.920,0.000,-0.038,0.531,0.000
309.940,0.000,-0.050,0.531,0.000
309.960,0.000,-0.061,0.531,0.000
309.980,0.000,-0.068,0.531,0.000
310.000,0.000,-0.071,0.531,0.000
310.020,0.000,-0.074,0.531,0.000
310.040,0.000,-0.071,0.531,0.000
310.060,0.000,-0.062,0.531,0.000
310.080,0.000,-0.054,0.531,0.000
310.100,0.000,-0.042,0.531,0.000
310.120,0.000,-0.027,0.531,0.000
310.140,0.000,-0.009,0.531,0.000
310.160,0.000,0.006,0.531,0.000
310.180,0.000,0.031,0.531,0.000
310.200,0.000,0.050,0.531,0.000
310.220,0.000,0.074,0.531,0.000
310.240,0.000,0.099,0.531,0.000
310.260,0.000,0.126,0.531,0.000
310.280,0.000,0.150,0.531,0.000
310.300,0.000,0.180,0.531,0.000
310.320,0.000,0.199,0.531,0.000
310.340,0.000,0.224,0.523,0.000
310.360,0.000,0.248,0.519,0.000
310.380,0.000,0.270,0.519,0.000
310.400,0.000,0.290,0.519,0.000
310.420,0.000,0.310,0.519,0.000
310.440,0.000,0.323,0.519,0.000
310.460,0.000,0.336,0.519,0.000
310.480,0.000,0.345,0.519,0.000
310.500,0.000,0.355,0.519,0.000
310.520,0.000,0.355,0.519,0.000
310.540,0.000,0.355,0.519,0.000
310.560,0.000,0.354,0.519,0.000
310.580,0.000,0.349,0.519,0.000
310.600,0.000,0.337,0.519,0.000
310.620,0.000,0.328,0.519,0.000
310.640,0.000,0.314,0.519,0.000
310.660,0.000,0.298,0.519,0.000
310.680,0.000,0.282,0.519,0.000
310.700,0.000,0.257,0.519,0.000
310.720,0.000,0.238,0.519,0.000
310.740,0.000,0.214,0.519,0.000
310.760,0.000,0.189,0.519,0.000
310.780,0.000,0.164,0.519,0.000
310.800,0.000,0.140,0.519,0.000
310.820,0.000,0.114,0.519,0.000
310.840,0.000,0.093,0.519,0.000
310.860,0.000,0.066,0.516,0.000
310.880,0.000,0.046,0.506,0.000
310.900,0.000,0.025,0.505,0.000
310.920,0.000,0.006,0.505,0.000
310.940,0.000,-0.010,0.505,0.000
310.960,0.000,-0.023,0.505,0.000
310.980,0.000,-0.032,0.505,0.000
311.000,0.000,-0.047,0.505,0.000
311.020,0.000,-0.053,0.505,0.000
311.040,0.000,-0.058,0.505,0.000
311.060,0.000,-0.056,0.505,0.000
311.080,0.000,-0.056,0.505,0.000
311.100,0.000,-0.050,0.505,0.000
311.120,0.000,-0.037,0.505,0.000
311.140,0.000,-0.025,0.505,0.000
311.160,0.000,-0.014,0.505,0.000
311.180,0.000,0.000,0.505,0.000
311.200,0.000,0.016,0.505,0.000
311.220,0.000,0.033,0.505,0.000
311.240,0.000,0.058,0.505,0.000
311.260,0.000,0.081,0.505,0.000
311.280,0.000,0.104,0.505,0.000
311.300,0.000,0.130,0.505,0.000
311.320,0.000,0.153,0.505,0.000
311.340,0.000,0.175,0.505,0.000
311.360,0.000,0.201,0.505,0.000
311.380,0.000,0.223,0.503,0.000
311.400,0.000,0.243,0.494,0.000
311.420,0.000,0.265,0.492,0.000
311.440,0.000,0.279,0.492,0.000
311.460,0.000,0.300,0.492,0.000
311.480,0.000,0.309,0.492,0.000
311.500,0.000,0.326,0.492,0.000
311.520,0.000,0.326,0.492,0.000
311.540,0.000,0.344,0.492,0.000
311.560,0.000,0.339,0.492,0.000
311.580,0.000,0.345,0.492,0.000
311.600,0.000,0.330,0.492,0.000
311.620,0.000,0.335,0.492,0.000
311.640,0.000,0.323,0.492,0.000
311.660,0.000,0.319,0.492,0.000
311.680,0.000,0.300,0.492,0.000
311.700,0.000,0.287,0.492,0.000
311.720,0.000,0.267,0.492,0.000
311.740,0.000,0.248,0.492,0.000
311.760,0.000,0.225,0.492,0.000
311.780,0.000,0.209,0.492,0.000
311.800,0.000,0.183,0.492,0.000
311.820,0.000,0.159,0.492,0.000
311.840,0.000,0.137,0.492,0.000
311.860,0.000,0.109,0.492,0.000
311.880,0.000,0.091,0.492,0.000
311.900,0.000,0.066,0.490,0.000
311.920,0.000,0.050,0.485,0.000
311.940,0.000,0.024,0.482,0.000
311.960,0.000,0.009,0.482,0.000
311.980,0.000,-0.009,0.482,0.000
312.000,0.000,-0.021,0.482,0.000
312.020,0.000,-0.032,0.482,0.000
312.040,0.000,-0.040,0.482,0.000
312.060,0.000,-0.051,0.482,0.000
312.080,0.000,-0.054,0.482,0.000
312.100,0.000,-0.057,0.482,0.000
312.120,0.000,-0.052,0.482,0.000
312.140,0.000,-0.042,0.482,0.000
312.160,0.000,-0.035,0.482,0.000
312.180,0.000,-0.025,0.482,0.000
312.200,0.000,-0.013,0.482,0.000
312.220,0.000,-0.002,0.482,0.000
312.240,0.000,0.020,0.482,0.000
312.260,0.000,0.036,0.482,0.000
312.280,0.000,0.057,0.482,0.000
312.300,0.000,0.075,0.482,0.000
312.320,0.000,0.103,0.482,0.000
312.340,0.000,0.120,0.482,0.000
312.360,0.000,0.146,0.482,0.000
312.380,0.000,0.168,0.482,0.000
312.400,0.000,0.191,0.477,0.000
312.420,0.000,0.210,0.477,0.000
312.440,0.000,0.236,0.471,0.000
312.460,0.000,0.250,0.471,0.000
312.480,0.000,0.273,0.471,0.000
312.500,0.000,0.286,0.471,0.000
312.520,0.000,0.303,0.471,0.000
312.540,0.000,0.314,0.471,0.000
312.560,0.000,0.323,0.471,0.000
312.580,0.000,0.327,0.471,0.000
312.600,0.000,0.329,0.471,0.000
312.620,0.000,0.334,0.471,0.000
312.640,0.000,0.333,0.471,0.000
312.660,0.000,0.327,0.471,0.000
312.680,0.000,0.318,0.471,0.000
312.700,0.000,0.310,0.471,0.000
312.720,0.000,0.294,0.471,0.000
312.740,0.000,0.286,0.471,0.000
312.760,0.000,0.267,0.471,0.000
312.780,0.000,0.251,0.471,0.000
312.800,0.000,0.228,0.471,0.000
312.820,0.000,0.207,0.471,0.000
312.840,0.000,0.186,0.471,0.000
312.860,0.000,0.165,0.471,0.000
312.880,0.000,0.142,0.471,0.000
312.900,0.000,0.120,0.471,0.000
312.920,0.000,0.099,0.471,0.000
312.940,0.000,0.075,0.465,0.000
312.960,0.000,0.059,0.465,0.000
312.980,0.000,0.037,0.459,0.000
313.000,0.000,0.022,0.459,0.000
313.020,0.000,0.006,0.459,0.000
313.040,0.000,-0.009,0.459,0.000
313.060,0.000,-0.017,0.459,0.000
313.080,0.000,-0.022,0.459,0.000
313.100,0.000,-0.026,0.459,0.000
313.120,0.000,-0.034,0.459,0.000
313.140,0.000,-0.032,0.459,0.000
313.160,0.000,-0.030,0.459,0.000
313.180,0.000,-0.025,0.459,0.000
313.200,0.000,-0.021,0.459,0.000
313.220,0.000,-0.013,0.459,0.000
313.240,0.000,-0.003,0.459,0.000
313.260,0.000,0.014,0.459,0.000
313.280,0.000,0.030,0.459,0.000
313.300,0.000,0.048,0.459,0.000
313.320,0.000,0.068,0.459,0.000
313.340,0.000,0.087,0.459,0.000
313.360,0.000,0.106,0.459,0.000
313.380,0.000,0.128,0.459,0.000
313.400,0.000,0.150,0.459,0.000
313.420,0.000,0.170,0.459,0.000
313.440,0.000,0.195,0.456,0.000
313.460,0.000,0.212,0.456,0.000
313.480,0.000,0.235,0.446,0.000
313.500,0.000,0.248,0.445,0.000
313.520,0.000,0.268,0.445,0.000
313.540,0.000,0.286,0.445,0.000
313.560,0.000,0.294,0.445,0.000
313.580,0.000,0.304,0.445,0.000
313.600,0.000,0.315,0.445,0.000
313.620,0.000,0.322,0.445,0.000
313.640,0.000,0.326,0.445,0.000
313.660,0.000,0.324,0.445,0.000
313.680,0.000,0.324,0.445,0.000
313.700,0.000,0.319,0.445,0.000
313.720,0.000,0.310,0.445,0.000
313.740,0.000,0.303,0.445,0.000
313.760,0.000,0.287,0.445,0.000
313.780,0.000,0.278,0.445,0.000
313.800,0.000,0.257,0.445,0.000
313.820,0.000,0.244,0.445,0.000
313.840,0.000,0.221,0.445,0.000
313.860,0.000,0.206,0.445,0.000
313.880,0.000,0.180,0.445,0.000
313.900,0.000,0.161,0.445,0.000
313.920,0.000,0.140,0.445,0.000
313.940,0.000,0.121,0.445,0.000
313.960,0.000,0.095,0.445,0.000
313.980,0.000,0.076,0.443,0.000
314.000,0.000,0.058,0.438,0.000
314.020,0.000,0.039,0.438,0.000
314.040,0.000,0.021,0.438,0.000
314.060,0.000,0.009,0.438,0.000
314.080,0.000,-0.004,0.438,0.000
314.100,0.000,-0.017,0.438,0.000
314.120,0.000,-0.022,0.438,0.000
314.140,0.000,-0.027,0.438,0.000
314.160,0.000,-0.028,0.438,0.000
314.180,0.000,-0.034,0.438,0.000
314.200,0.000,-0.032,0.438,0.000
314.220,0.000,-0.022,0.438,0.000
314.240,0.000,-0.022,0.438,0.000
314.260,0.000,-0.011,0.438,0.000
314.280,0.000,-0.002,0.438,0.000
314.300,0.000,0.015,0.438,0.000
314.320,0.000,0.023,0.438,0.000
314.340,0.000,0.046,0.438,0.000
314.360,0.000,0.060,0.438,0.000
314.380,0.000,0.084,0.438,0.000
314.400,0.000,0.099,0.438,0.000
314.420,0.000,0.123,0.438,0.000
314.440,0.000,0.141,0.438,0.000
314.460,0.000,0.163,0.438,0.000
314.480,0.000,0.187,0.438,0.000
314.500,0.000,0.201,0.437,0.000
314.520,0.000,0.222,0.429,0.000
314.540,0.000,0.237,0.429,0.000
314.560,0.000,0.260,0.429,0.000
314.580,0.000,0.268,0.429,0.000
314.600,0.000,0.289,0.429,0.000
314.620,0.000,0.290,0.429,0.000
314.640,0.000,0.305,0.429,0.000
314.660,0.000,0.307,0.429,0.000
314.680,0.000,0.317,0.429,0.000
314.700,0.000,0.310,0.429,0.000
314.720,0.000,0.312,0.429,0.000
314.740,0.000,0.307,0.429,0.000
314.760,0.000,0.302,0.429,0.000
314.780,0.000,0.291,0.429,0.000
314.800,0.000,0.284,0.429,0.000
314.820,0.000,0.272,0.429,0.000
314.840,0.000,0.253,0.429,0.000
314.860,0.000,0.240,0.429,0.000
314.880,0.000,0.220,0.429,0.000
314.900,0.000,0.199,0.429,0.000
314.920,0.000,0.184,0.429,0.000
314.940,0.000,0.164,0.429,0.000
314.960,0.000,0.141,0.429,0.000
314.980,0.000,0.124,0.429,0.000
315.000,0.000,0.099,0.429,0.000
315.020,0.000,0.084,0.425,0.000
315.040,0.000,0.064,0.417,0.000
315.060,0.000,0.050,0.412,0.000
315.080,0.000,0.032,0.412,0.000
315.100,0.000,0.017,0.412,0.000
315.120,0.000,0.008,0.412,0.000
315.140,0.000,-0.000,0.412,0.000
315.160,0.000,-0.010,0.412,0.000
315.180,0.000,-0.016,0.412,0.000
315.200,0.000,-0.020,0.412,0.000
315.220,0.000,-0.021,0.412,0.000
315.240,0.000,-0.017,0.412,0.000
315.260,0.000,-0.013,0.412,0.000
315.280,0.000,-0.006,0.412,0.000
315.300,0.000,0.004,0.412,0.000
315.320,0.000,0.012,0.412,0.000
315.340,0.000,0.023,0.412,0.000
315.360,0.000,0.037,0.412,0.000
315.380,0.000,0.054,0.412,0.000
315.400,0.000,0.068,0.412,0.000
315.420,0.000,0.087,0.412,0.000
315.440,0.000,0.106,0.412,0.000
315.460,0.000,0.129,0.412,0.000
315.480,0.000,0.143,0.412,0.000
315.500,0.000,0.168,0.412,0.000
315.520,0.000,0.182,0.412,0.000
315.540,0.000,0.204,0.412,0.000
315.560,0.000,0.220,0.407,0.000
315.580,0.000,0.240,0.403,0.000
315.600,0.000,0.251,0.403,0.000
315.620,0.000,0.269,0.403,0.000
315.640,0.000,0.281,0.403,0.000
315.660,0.000,0.293,0.403,0.000
315.680,0.000,0.298,0.403,0.000
315.700,0.000,0.306,0.403,0.000
315.720,0.000,0.303,0.403,0.000
315.740,0.000,0.310,0.403,0.000
315.760,0.000,0.306,0.403,0.000
315.780,0.000,0.302,0.403,0.000
315.800,0.000,0.294,0.403,0.000
315.820,0.000,0.288,0.403,0.000
315.840,0.000,0.279,0.403,0.000
315.860,0.000,0.265,0.403,0.000
315.880,0.000,0.247,0.403,0.000
315.900,0.000,0.238,0.403,0.000
315.920,0.000,0.218,0.403,0.000
315.940,0.000,0.204,0.403,0.000
315.960,0.000,0.182,0.403,0.000
315.980,0.000,0.163,0.403,0.000
316.000,0.000,0.142,0.403,0.000
316.020,0.000,0.126,0.403,0.000
316.040,0.000,0.105,0.402,0.000
316.060,0.000,0.086,0.402,0.000
316.080,0.000,0.072,0.402,0.000
316.100,0.000,0.051,0.402,0.000
316.120,0.000,0.039,0.402,0.000
316.140,0.000,0.018,0.402,0.000
316.160,0.000,0.015,0.402,0.000
316.180,0.000,-0.000,0.402,0.000
316.200,0.000,-0.003,0.402,0.000
316.220,0.000,-0.011,0.402,0.000
316.240,0.000,-0.015,0.402,0.000
316.260,0.000,-0.017,0.402,0.000
316.280,0.000,-0.015,0.402,0.000
316.300,0.000,-0.009,0.402,0.000
316.320,0.000,-0.005,0.402,0.000
316.340,0.000,0.006,0.402,0.000
316.360,0.000,0.014,0.402,0.000
316.380,0.000,0.024,0.402,0.000
316.400,0.000,0.037,0.402,0.000
316.420,0.000,0.056,0.402,0.000
316.440,0.000,0.066,0.402,0.000
316.460,0.000,0.089,0.402,0.000
316.480,0.000,0.099,0.402,0.000
316.500,0.000,0.125,0.402,0.000
316.520,0.000,0.139,0.402,0.000
316.540,0.000,0.160,0.402,0.000
316.560,0.000,0.178,0.402,0.000
316.580,0.000,0.193,0.392,0.000
316.600,0.000,0.211,0.392,0.000
316.620,0.000,0.227,0.391,0.000
316.640,0.000,0.244,0.391,0.000
316.660,0.000,0.254,0.391,0.000
316.680,0.000,0.269,0.391,0.000
316.700,0.000,0.279,0.391,0.000
316.720,0.000,0.287,0.391,0.000
316.740,0.000,0.289,0.391,0.000
316.760,0.000,0.298,0.391,0.000
316.780,0.000,0.294,0.391,0.000
316.800,0.000,0.297,0.391,0.000
316.820,0.000,0.289,0.391,0.000
316.840,0.000,0.287,0.391,0.000
316.860,0.000,0.276,0.391,0.000
316.880,0.000,0.268,0.391,0.000
316.900,0.000,0.255,0.391,0.000
316.920,0.000,0.245,0.391,0.000
316.940,0.000,0.228,0.391,0.000
316.960,0.000,0.212,0.391,0.000
316.980,0.000,0.197,0.391,0.000
317.000,0.000,0.179,0.391,0.000
317.020,0.000,0.161,0.391,0.000
317.040,0.000,0.140,0.391,0.000
317.060,0.000,0.126,0.391,0.000
317.080,0.000,0.103,0.391,0.000
317.100,0.000,0.091,0.386,0.000
317.120,0.000,0.070,0.376,0.000
317.140,0.000,0.058,0.369,0.000
317.160,0.000,0.043,0.368,0.000
317.180,0.000,0.028,0.368,0.000
317.200,0.000,0.017,0.368,0.000
317.220,0.000,0.008,0.368,0.000
317.240,0.000,0.003,0.368,0.000
317.260,0.000,-0.006,0.368,0.000
317.280,0.000,-0.007,0.368,0.000
317.300,0.000,-0.011,0.368,0.000
317.320,0.000,-0.008,0.368,0.000
317.340,0.000,-0.004,0.368,0.000
317.360,0.000,0.005,0.368,0.000
317.380,0.000,0.011,0.368,0.000
317.400,0.000,0.021,0.368,0.000
317.420,0.000,0.029,0.368,0.000
317.440,0.000,0.047,0.368,0.000
317.460,0.000,0.059,0.368,0.000
317.480,0.000,0.075,0.368,0.000
317.500,0.000,0.090,0.368,0.000
317.520,0.000,0.104,0.368,0.000
317.540,0.000,0.127,0.368,0.000
317.560,0.000,0.143,0.368,0.000
317.580,0.000,0.163,0.368,0.000
317.600,0.000,0.179,0.368,0.000
317.620,0.000,0.199,0.367,0.000
317.640,0.000,0.211,0.361,0.000
317.660,0.000,0.228,0.360,0.000
317.680,0.000,0.241,0.360,0.000
317.700,0.000,0.256,0.360,0.000
317.720,0.000,0.261,0.360,0.000
317.740,0.000,0.278,0.360,0.000
317.760,0.000,0.285,0.360,0.000
317.780,0.000,0.288,0.360,0.000
317.800,0.000,0.291,0.360,0.000
317.820,0.000,0.294,0.360,0.000
317.840,0.000,0.292,0.360,0.000
317.860,0.000,0.288,0.360,0.000
317.880,0.000,0.285,0.360,0.000
317.900,0.000,0.277,0.360,0.000
317.920,0.000,0.265,0.360,0.000
317.940,0.000,0.253,0.360,0.000
317.960,0.000,0.244,0.360,0.000
317.980,0.000,0.229,0.360,0.000
318.000,0.000,0.215,0.360,0.000
318.020,0.000,0.194,0.360,0.000
318.040,0.000,0.182,0.360,0.000
318.060,0.000,0.162,0.360,0.000
318.080,0.000,0.145,0.360,0.000
318.100,0.000,0.131,0.360,0.000
318.120,0.000,0.112,0.360,0.000
318.140,0.000,0.094,0.360,0.000
318.160,0.000,0.079,0.360,0.000
318.180,0.000,0.063,0.360,0.000
318.200,0.000,0.052,0.360,0.000
318.220,0.000,0.039,0.360,0.000
318.240,0.000,0.025,0.360,0.000
318.260,0.000,0.016,0.360,0.000
318.280,0.000,0.010,0.360,0.000
318.300,0.000,0.008,0.360,0.000
318.320,0.000,0.001,0.360,0.000
318.340,0.000,-0.002,0.360,0.000
318.360,0.000,0.004,0.360,0.000
318.380,0.000,0.005,0.360,0.000
318.400,0.000,0.011,0.360,0.000
318.420,0.000,0.016,0.360,0.000
318.440,0.000,0.025,0.360,0.000
318.460,0.000,0.034,0.360,0.000
318.480,0.000,0.052,0.360,0.000
318.500,0.000,0.058,0.360,0.000
318.520,0.000,0.073,0.360,0.000
318.540,0.000,0.093,0.360,0.000
318.560,0.000,0.103,0.360,0.000
318.580,0.000,0.127,0.360,0.000
318.600,0.000,0.140,0.360,0.000
318.620,0.000,0.157,0.360,0.000
318.640,0.000,0.174,0.359,0.000
318.660,0.000,0.190,0.359,0.000
318.680,0.000,0.202,0.353,0.000
318.700,0.000,0.221,0.351,0.000
318.720,0.000,0.228,0.351,0.000
318.740,0.000,0.248,0.351,0.000
318.760,0.000,0.250,0.351,0.000
318.780,0.000,0.266,0.351,0.000
318.800,0.000,0.269,0.351,0.000
318.820,0.000,0.273,0.351,0.000
318.840,0.000,0.278,0.351,0.000
318.860,0.000,0.281,0.351,0.000
318.880,0.000,0.282,0.351,0.000
318.900,0.000,0.276,0.351,0.000
318.920,0.000,0.273,0.351,0.000
318.940,0.000,0.265,0.351,0.000
318.960,0.000,0.257,0.351,0.000
318.980,0.000,0.245,0.351,0.000
319.000,0.000,0.236,0.351,0.000
319.020,0.000,0.218,0.351,0.000
319.040,0.000,0.208,0.351,0.000
319.060,0.000,0.190,0.351,0.000
319.080,0.000,0.182,0.351,0.000
319.100,0.000,0.158,0.351,0.000
319.120,0.000,0.145,0.351,0.000
319.140,0.000,0.124,0.351,0.000
319.160,0.000,0.112,0.351,0.000
319.180,0.000,0.093,0.349,0.000
319.200,0.000,0.081,0.339,0.000
319.220,0.000,0.065,0.339,0.000
319.240,0.000,0.052,0.338,0.000
319.260,0.000,0.040,0.338,0.000
319.280,0.000,0.031,0.338,0.000
319.300,0.000,0.020,0.338,0.000
319.320,0.000,0.016,0.338,0.000
319.340,0.000,0.011,0.338,0.000
319.360,0.000,0.008,0.338,0.000
319.380,0.000,0.008,0.338,0.000
319.400,0.000,0.006,0.338,0.000
319.420,0.000,0.011,0.338,0.000
319.440,0.000,0.014,0.338,0.000
319.460,0.000,0.025,0.338,0.000
319.480,0.000,0.028,0.338,0.000
319.500,0.000,0.042,0.338,0.000
319.520,0.000,0.049,0.338,0.000
319.540,0.000,0.063,0.338,0.000
319.560,0.000,0.081,0.338,0.000
319.580,0.000,0.094,0.338,0.000
319.600,0.000,0.108,0.338,0.000
319.620,0.000,0.125,0.338,0.000
319.640,0.000,0.141,0.338,0.000
319.660,0.000,0.160,0.338,0.000
319.680,0.000,0.172,0.333,0.000
319.700,0.000,0.190,0.333,0.000
319.720,0.000,0.200,0.330,0.000
319.740,0.000,0.219,0.330,0.000
319.760,0.000,0.229,0.330,0.000
319.780,0.000,0.242,0.330,0.000
319.800,0.000,0.252,0.330,0.000
319.820,0.000,0.260,0.330,0.000
319.840,0.000,0.268,0.330,0.000
319.860,0.000,0.279,0.330,0.000
319.880,0.000,0.278,0.330,0.000
319.900,0.000,0.282,0.330,0.000
319.920,0.000,0.278,0.330,0.000
319.940,0.000,0.279,0.330,0.000
319.960,0.000,0.273,0.330,0.000
319.980,0.000,0.265,0.330,0.000
320.000,0.000,0.253,0.330,0.000
320.020,0.000,0.248,0.330,0.000
320.040,0.000,0.236,0.330,0.000
320.060,0.000,0.221,0.330,0.000
320.080,0.000,0.211,0.330,0.000
320.100,0.000,0.199,0.330,0.000
320.120,0.000,0.178,0.330,0.000
320.140,0.000,0.167,0.330,0.000
320.160,0.000,0.149,0.330,0.000
320.180,0.000,0.132,0.330,0.000
320.200,0.000,0.120,0.330,0.000
320.220,0.000,0.101,0.327,0.000
320.240,0.000,0.093,0.327,0.000
320.260,0.000,0.074,0.327,0.000
320.280,0.000,0.062,0.327,0.000
320.300,0.000,0.053,0.327,0.000
320.320,0.000,0.044,0.327,0.000
320.340,0.000,0.028,0.327,0.000
320.360,0.000,0.020,0.327,0.000
320.380,0.000,0.018,0.327,0.000
320.400,0.000,0.016,0.327,0.000
320.420,0.000,0.016,0.327,0.000
320.440,0.000,0.016,0.327,0.000
320.460,0.000,0.017,0.327,0.000
320.480,0.000,0.018,0.327,0.000
320.500,0.000,0.030,0.327,0.000
320.520,0.000,0.037,0.327,0.000
320.540,0.000,0.054,0.327,0.000
320.560,0.000,0.056,0.327,0.000
320.580,0.000,0.070,0.327,0.000
320.600,0.000,0.081,0.327,0.000
320.620,0.000,0.095,0.327,0.000
320.640,0.000,0.107,0.327,0.000
320.660,0.000,0.129,0.327,0.000
320.680,0.000,0.138,0.327,0.000
320.700,0.000,0.157,0.327,0.000
320.720,0.000,0.171,0.327,0.000
320.740,0.000,0.182,0.323,0.000
320.760,0.000,0.199,0.320,0.000
320.780,0.000,0.211,0.315,0.000
320.800,0.000,0.226,0.315,0.000
320.820,0.000,0.232,0.315,0.000
320.840,0.000,0.248,0.315,0.000
320.860,0.000,0.248,0.315,0.000
320.880,0.000,0.260,0.315,0.000
320.900,0.000,0.261,0.315,0.000
320.920,0.000,0.268,0.315,0.000
320.940,0.000,0.268,0.315,0.000
320.960,0.000,0.269,0.315,0.000
320.980,0.000,0.259,0.315,0.000
321.000,0.000,0.259,0.315,0.000
321.020,0.000,0.249,0.315,0.000
321.040,0.000,0.246,0.315,0.000
321.060,0.000,0.236,0.315,0.000
321.080,0.000,0.229,0.315,0.000
321.100,0.000,0.213,0.315,0.000
321.120,0.000,0.202,0.315,0.000
321.140,0.000,0.188,0.315,0.000
321.160,0.000,0.174,0.315,0.000
321.180,0.000,0.159,0.315,0.000
321.200,0.000,0.142,0.315,0.000
321.220,0.000,0.130,0.315,0.000
321.240,0.000,0.112,0.315,0.000
321.260,0.000,0.099,0.313,0.000
321.280,0.000,0.087,0.309,0.000
321.300,0.000,0.078,0.309,0.000
321.320,0.000,0.058,0.309,0.000
321.340,0.000,0.051,0.309,0.000
321.360,0.000,0.037,0.309,0.000
321.380,0.000,0.036,0.309,0.000
321.400,0.000,0.023,0.309,0.000
321.420,0.000,0.022,0.309,0.000
321.440,0.000,0.017,0.309,0.000
321.460,0.000,0.017,0.309,0.000
321.480,0.000,0.017,0.309,0.000
321.500,0.000,0.019,0.309,0.000
321.520,0.000,0.026,0.309,0.000
321.540,0.000,0.033,0.309,0.000
321.560,0.000,0.037,0.309,0.000
321.580,0.000,0.049,0.309,0.000
321.600,0.000,0.057,0.309,0.000
321.620,0.000,0.066,0.309,0.000
321.640,0.000,0.085,0.309,0.000
321.660,0.000,0.098,0.309,0.000
321.680,0.000,0.112,0.309,0.000
321.700,0.000,0.120,0.309,0.000
321.720,0.000,0.141,0.309,0.000
321.740,0.000,0.153,0.309,0.000
321.760,0.000,0.170,0.308,0.000
321.780,0.000,0.185,0.308,0.000
321.800,0.000,0.196,0.305,0.000
321.820,0.000,0.205,0.305,0.000
321.840,0.000,0.219,0.305,0.000
321.860,0.000,0.232,0.305,0.000
321.880,0.000,0.242,0.305,0.000
321.900,0.000,0.252,0.305,0.000
321.920,0.000,0.255,0.305,0.000
321.940,0.000,0.261,0.305,0.000
321.960,0.000,0.261,0.305,0.000
321.980,0.000,0.261,0.305,0.000
322.000,0.000,0.264,0.305,0.000
322.020,0.000,0.259,0.305,0.000
322.040,0.000,0.257,0.305,0.000
322.060,0.000,0.254,0.305,0.000
322.080,0.000,0.248,0.305,0.000
322.100,0.000,0.236,0.305,0.000
322.120,0.000,0.228,0.305,0.000
322.140,0.000,0.214,0.305,0.000
322.160,0.000,0.206,0.305,0.000
322.180,0.000,0.186,0.305,0.000
322.200,0.000,0.181,0.305,0.000
322.220,0.000,0.160,0.305,0.000
322.240,0.000,0.153,0.305,0.000
322.260,0.000,0.132,0.305,0.000
322.280,0.000,0.127,0.305,0.000
322.300,0.000,0.099,0.302,0.000
322.320,0.000,0.094,0.299,0.000
322.340,0.000,0.079,0.296,0.000
322.360,0.000,0.075,0.296,0.000
322.380,0.000,0.058,0.296,0.000
322.400,0.000,0.055,0.296,0.000
322.420,0.000,0.045,0.296,0.000
322.440,0.000,0.044,0.296,0.000
322.460,0.000,0.032,0.296,0.000
322.480,0.000,0.031,0.296,0.000
322.500,0.000,0.029,0.296,0.000
322.520,0.000,0.029,0.296,0.000
322.540,0.000,0.035,0.296,0.000
322.560,0.000,0.033,0.296,0.000
322.580,0.000,0.048,0.296,0.000
322.600,0.000,0.049,0.296,0.000
322.620,0.000,0.058,0.296,0.000
322.640,0.000,0.064,0.296,0.000
322.660,0.000,0.079,0.296,0.000
322.680,0.000,0.089,0.296,0.000
322.700,0.000,0.103,0.296,0.000
322.720,0.000,0.112,0.296,0.000
322.740,0.000,0.131,0.296,0.000
322.760,0.000,0.139,0.296,0.000
322.780,0.000,0.153,0.296,0.000
322.800,0.000,0.169,0.296,0.000
322.820,0.000,0.180,0.294,0.000
322.840,0.000,0.194,0.290,0.000
322.860,0.000,0.210,0.287,0.000
322.880,0.000,0.213,0.284,0.000
322.900,0.000,0.228,0.284,0.000
322.920,0.000,0.234,0.284,0.000
322.940,0.000,0.244,0.284,0.000
322.960,0.000,0.248,0.284,0.000
322.980,0.000,0.248,0.284,0.000
323.000,0.000,0.251,0.284,0.000
323.020,0.000,0.253,0.284,0.000
323.040,0.000,0.254,0.284,0.000
323.060,0.000,0.250,0.284,0.000
323.080,0.000,0.249,0.284,0.000
323.100,0.000,0.246,0.284,0.000
323.120,0.000,0.237,0.284,0.000
323.140,0.000,0.229,0.284,0.000
323.160,0.000,0.218,0.284,0.000
323.180,0.000,0.210,0.284,0.000
323.200,0.000,0.196,0.284,0.000
323.220,0.000,0.186,0.284,0.000
323.240,0.000,0.170,0.284,0.000
323.260,0.000,0.161,0.284,0.000
323.280,0.000,0.141,0.284,0.000
323.300,0.000,0.134,0.284,0.000
323.320,0.000,0.119,0.284,0.000
323.340,0.000,0.099,0.279,0.000
323.360,0.000,0.093,0.277,0.000
323.380,0.000,0.077,0.276,0.000
323.400,0.000,0.074,0.276,0.000
323.420,0.000,0.057,0.276,0.000
323.440,0.000,0.055,0.276,0.000
323.460,0.000,0.043,0.276,0.000
323.480,0.000,0.037,0.276,0.000
323.500,0.000,0.029,0.276,0.000
323.520,0.000,0.034,0.276,0.000
323.540,0.000,0.022,0.276,0.000
323.560,0.000,0.029,0.276,0.000
323.580,0.000,0.028,0.276,0.000
323.600,0.000,0.036,0.276,0.000
323.620,0.000,0.040,0.276,0.000
323.640,0.000,0.049,0.276,0.000
323.660,0.000,0.055,0.276,0.000
323.680,0.000,0.064,0.276,0.000
323.700,0.000,0.074,0.276,0.000
323.720,0.000,0.087,0.276,0.000
323.740,0.000,0.099,0.276,0.000
323.760,0.000,0.111,0.276,0.000
323.780,0.000,0.126,0.276,0.000
323.800,0.000,0.135,0.276,0.000
323.820,0.000,0.151,0.276,0.000
323.840,0.000,0.164,0.276,0.000
323.860,0.000,0.180,0.276,0.000
323.880,0.000,0.190,0.276,0.000
323.900,0.000,0.199,0.276,0.000
323.920,0.000,0.211,0.276,0.000
323.940,0.000,0.223,0.276,0.000
323.960,0.000,0.228,0.276,0.000
323.980,0.000,0.237,0.276,0.000
324.000,0.000,0.239,0.276,0.000
324.020,0.000,0.248,0.276,0.000
324.040,0.000,0.249,0.276,0.000
324.060,0.000,0.254,0.276,0.000
324.080,0.000,0.248,0.276,0.000
324.100,0.000,0.251,0.276,0.000
324.120,0.000,0.248,0.276,0.000
324.140,0.000,0.239,0.276,0.000
324.160,0.000,0.238,0.276,0.000
324.180,0.000,0.226,0.276,0.000
324.200,0.000,0.219,0.276,0.000
324.220,0.000,0.205,0.276,0.000
324.240,0.000,0.196,0.276,0.000
324.260,0.000,0.186,0.276,0.000
324.280,0.000,0.176,0.276,0.000
324.300,0.000,0.158,0.276,0.000
324.320,0.000,0.148,0.276,0.000
324.340,0.000,0.135,0.276,0.000
324.360,0.000,0.124,0.276,0.000
324.380,0.000,0.108,0.276,0.000
324.400,0.000,0.100,0.272,0.000
324.420,0.000,0.086,0.268,0.000
324.440,0.000,0.079,0.266,0.000
324.460,0.000,0.067,0.266,0.000
324.480,0.000,0.062,0.266,0.000
324.500,0.000,0.054,0.266,0.000
324.520,0.000,0.047,0.266,0.000
324.540,0.000,0.047,0.266,0.000
324.560,0.000,0.044,0.266,0.000
324.580,0.000,0.046,0.266,0.000
324.600,0.000,0.042,0.266,0.000
324.620,0.000,0.047,0.266,0.000
324.640,0.000,0.046,0.266,0.000
324.660,0.000,0.054,0.266,0.000
324.680,0.000,0.057,0.266,0.000
324.700,0.000,0.064,0.266,0.000
324.720,0.000,0.071,0.266,0.000
324.740,0.000,0.084,0.266,0.000
324.760,0.000,0.092,0.266,0.000
324.780,0.000,0.103,0.266,0.000
324.800,0.000,0.120,0.266,0.000
324.820,0.000,0.128,0.266,0.000
324.840,0.000,0.141,0.266,0.000
324.860,0.000,0.150,0.266,0.000
324.880,0.000,0.170,0.266,0.000
324.900,0.000,0.174,0.263,0.000
324.920,0.000,0.193,0.263,0.000
324.940,0.000,0.199,0.256,0.000
324.960,0.000,0.212,0.252,0.000
324.980,0.000,0.215,0.252,0.000
325.000,0.000,0.231,0.252,0.000
325.020,0.000,0.231,0.252,0.000
325.040,0.000,0.247,0.252,0.000
325.060,0.000,0.245,0.252,0.000
325.080,0.000,0.250,0.252,0.000
325.100,0.000,0.248,0.252,0.000
325.120,0.000,0.249,0.252,0.000
325.140,0.000,0.248,0.252,0.000
325.160,0.000,0.248,0.252,0.000
325.180,0.000,0.236,0.252,0.000
325.200,0.000,0.230,0.252,0.000
325.220,0.000,0.222,0.252,0.000
325.240,0.000,0.211,0.252,0.000
325.260,0.000,0.207,0.252,0.000
325.280,0.000,0.195,0.252,0.000
325.300,0.000,0.183,0.252,0.000
325.320,0.000,0.172,0.252,0.000
325.340,0.000,0.159,0.252,0.000
325.360,0.000,0.145,0.252,0.000
325.380,0.000,0.133,0.252,0.000
325.400,0.000,0.124,0.252,0.000
325.420,0.000,0.111,0.252,0.000
325.440,0.000,0.095,0.251,0.000
325.460,0.000,0.091,0.251,0.000
325.480,0.000,0.076,0.251,0.000
325.500,0.000,0.071,0.251,0.000
325.520,0.000,0.058,0.251,0.000
325.540,0.000,0.055,0.251,0.000
325.560,0.000,0.051,0.251,0.000
325.580,0.000,0.048,0.251,0.000
325.600,0.000,0.041,0.251,0.000
325.620,0.000,0.040,0.251,0.000
325.640,0.000,0.040,0.251,0.000
325.660,0.000,0.041,0.251,0.000
325.680,0.000,0.050,0.251,0.000
325.700,0.000,0.051,0.251,0.000
325.720,0.000,0.056,0.251,0.000
325.740,0.000,0.057,0.251,0.000
325.760,0.000,0.074,0.251,0.000
325.780,0.000,0.075,0.251,0.000
325.800,0.000,0.094,0.251,0.000
325.820,0.000,0.096,0.251,0.000
325.840,0.000,0.116,0.251,0.000
325.860,0.000,0.127,0.251,0.000
325.880,0.000,0.137,0.251,0.000
325.900,0.000,0.152,0.251,0.000
325.920,0.000,0.161,0.251,0.000
325.940,0.000,0.171,0.251,0.000
325.960,0.000,0.183,0.247,0.000
325.980,0.000,0.192,0.247,0.000
326.000,0.000,0.199,0.247,0.000
326.020,0.000,0.215,0.247,0.000
326.040,0.000,0.215,0.247,0.000
326.060,0.000,0.228,0.247,0.000
326.080,0.000,0.228,0.247,0.000
326.100,0.000,0.241,0.247,0.000
326.120,0.000,0.232,0.247,0.000
326.140,0.000,0.246,0.247,0.000
326.160,0.000,0.235,0.247,0.000
326.180,0.000,0.243,0.247,0.000
326.200,0.000,0.230,0.247,0.000
326.220,0.000,0.235,0.247,0.000
326.240,0.000,0.224,0.247,0.000
326.260,0.000,0.219,0.247,0.000
326.280,0.000,0.206,0.247,0.000
326.300,0.000,0.195,0.247,0.000
326.320,0.000,0.191,0.247,0.000
326.340,0.000,0.187,0.247,0.000
326.360,0.000,0.174,0.247,0.000
326.380,0.000,0.156,0.247,0.000
326.400,0.000,0.149,0.247,0.000
326.420,0.000,0.135,0.247,0.000
326.440,0.000,0.128,0.247,0.000
326.460,0.000,0.110,0.247,0.000
326.480,0.000,0.105,0.245,0.000
326.500,0.000,0.087,0.242,0.000
326.520,0.000,0.086,0.242,0.000
326.540,0.000,0.068,0.242,0.000
326.560,0.000,0.068,0.242,0.000
326.580,0.000,0.056,0.242,0.000
326.600,0.000,0.062,0.242,0.000
326.620,0.000,0.046,0.242,0.000
326.640,0.000,0.053,0.242,0.000
326.660,0.000,0.046,0.242,0.000
326.680,0.000,0.049,0.242,0.000
326.700,0.000,0.049,0.242,0.000
326.720,0.000,0.056,0.242,0.000
326.740,0.000,0.058,0.242,0.000
326.760,0.000,0.062,0.242,0.000
326.780,0.000,0.070,0.242,0.000
326.800,0.000,0.076,0.242,0.000
326.820,0.000,0.093,0.242,0.000
326.840,0.000,0.095,0.242,0.000
326.860,0.000,0.109,0.242,0.000
326.880,0.000,0.114,0.242,0.000
326.900,0.000,0.132,0.242,0.000
326.920,0.000,0.137,0.242,0.000
326.940,0.000,0.156,0.242,0.000
326.960,0.000,0.164,0.242,0.000
326.980,0.000,0.176,0.242,0.000
327.000,0.000,0.182,0.237,0.000
327.020,0.000,0.197,0.235,0.000
327.040,0.000,0.204,0.232,0.000
327.060,0.000,0.211,0.232,0.000
327.080,0.000,0.219,0.232,0.000
327.100,0.000,0.226,0.232,0.000
327.120,0.000,0.233,0.232,0.000
327.140,0.000,0.236,0.232,0.000
327.160,0.000,0.245,0.232,0.000
327.180,0.000,0.238,0.232,0.000
327.200,0.000,0.245,0.232,0.000
327.220,0.000,0.235,0.232,0.000
327.240,0.000,0.239,0.232,0.000
327.260,0.000,0.228,0.232,0.000
327.280,0.000,0.229,0.232,0.000
327.300,0.000,0.212,0.232,0.000
327.320,0.000,0.211,0.232,0.000
327.340,0.000,0.204,0.232,0.000
327.360,0.000,0.194,0.232,0.000
327.380,0.000,0.178,0.232,0.000
327.400,0.000,0.172,0.232,0.000
327.420,0.000,0.157,0.232,0.000
327.440,0.000,0.152,0.232,0.000
327.460,0.000,0.137,0.232,0.000
327.480,0.000,0.132,0.232,0.000
327.500,0.000,0.115,0.232,0.000
327.520,0.000,0.103,0.232,0.000
327.540,0.000,0.096,0.232,0.000
327.560,0.000,0.087,0.232,0.000
327.580,0.000,0.077,0.232,0.000
327.600,0.000,0.072,0.232,0.000
327.620,0.000,0.061,0.232,0.000
327.640,0.000,0.056,0.232,0.000
327.660,0.000,0.056,0.232,0.000
327.680,0.000,0.056,0.232,0.000
327.700,0.000,0.055,0.232,0.000
327.720,0.000,0.055,0.232,0.000
327.740,0.000,0.054,0.232,0.000
327.760,0.000,0.055,0.232,0.000
327.780,0.000,0.057,0.232,0.000
327.800,0.000,0.058,0.232,0.000
327.820,0.000,0.072,0.232,0.000
327.840,0.000,0.076,0.232,0.000
327.860,0.000,0.088,0.232,0.000
327.880,0.000,0.095,0.232,0.000
327.900,0.000,0.101,0.232,0.000
327.920,0.000,0.117,0.232,0.000
327.940,0.000,0.128,0.232,0.000
327.960,0.000,0.134,0.232,0.000
327.980,0.000,0.147,0.232,0.000
328.000,0.000,0.161,0.232,0.000
328.020,0.000,0.169,0.232,0.000
328.040,0.000,0.182,0.232,0.000
328.060,0.000,0.189,0.232,0.000
328.080,0.000,0.200,0.232,0.000
328.100,0.000,0.202,0.232,0.000
328.120,0.000,0.213,0.232,0.000
328.140,0.000,0.213,0.232,0.000
328.160,0.000,0.226,0.232,0.000
328.180,0.000,0.224,0.232,0.000
328.200,0.000,0.229,0.232,0.000
328.220,0.000,0.229,0.232,0.000
328.240,0.000,0.230,0.232,0.000
328.260,0.000,0.229,0.232,0.000
328.280,0.000,0.229,0.232,0.000
328.300,0.000,0.223,0.232,0.000
328.320,0.000,0.213,0.232,0.000
328.340,0.000,0.211,0.232,0.000
328.360,0.000,0.203,0.232,0.000
328.380,0.000,0.194,0.232,0.000
328.400,0.000,0.190,0.232,0.000
328.420,0.000,0.180,0.232,0.000
328.440,0.000,0.165,0.232,0.000
328.460,0.000,0.159,0.232,0.000
328.480,0.000,0.145,0.232,0.000
328.500,0.000,0.138,0.232,0.000
328.520,0.000,0.124,0.232,0.000
328.540,0.000,0.119,0.226,0.000
328.560,0.000,0.103,0.226,0.000
328.580,0.000,0.098,0.218,0.000
328.600,0.000,0.086,0.214,0.000
328.620,0.000,0.083,0.214,0.000
328.640,0.000,0.067,0.214,0.000
328.660,0.000,0.064,0.214,0.000
328.680,0.000,0.063,0.214,0.000
328.700,0.000,0.061,0.214,0.000
328.720,0.000,0.058,0.214,0.000
328.740,0.000,0.053,0.214,0.000
328.760,0.000,0.060,0.214,0.000
328.780,0.000,0.059,0.214,0.000
328.800,0.000,0.065,0.214,0.000
328.820,0.000,0.061,0.214,0.000
328.840,0.000,0.070,0.214,0.000
328.860,0.000,0.074,0.214,0.000
328.880,0.000,0.086,0.214,0.000
328.900,0.000,0.089,0.214,0.000
328.920,0.000,0.102,0.214,0.000
328.940,0.000,0.105,0.214,0.000
328.960,0.000,0.122,0.214,0.000
328.980,0.000,0.127,0.214,0.000
329.000,0.000,0.141,0.214,0.000
329.020,0.000,0.151,0.214,0.000
329.040,0.000,0.161,0.214,0.000
329.060,0.000,0.171,0.211,0.000
329.080,0.000,0.178,0.211,0.000
329.100,0.000,0.192,0.210,0.000
329.120,0.000,0.195,0.210,0.000
329.140,0.000,0.209,0.210,0.000
329.160,0.000,0.209,0.210,0.000
329.180,0.000,0.222,0.210,0.000
329.200,0.000,0.218,0.210,0.000
329.220,0.000,0.231,0.210,0.000
329.240,0.000,0.224,0.210,0.000
329.260,0.000,0.238,0.210,0.000
329.280,0.000,0.228,0.210,0.000
329.300,0.000,0.232,0.210,0.000
329.320,0.000,0.224,0.210,0.000
329.340,0.000,0.227,0.210,0.000
329.360,0.000,0.212,0.210,0.000
329.380,0.000,0.212,0.210,0.000
329.400,0.000,0.206,0.210,0.000
329.420,0.000,0.198,0.210,0.000
329.440,0.000,0.190,0.210,0.000
329.460,0.000,0.178,0.210,0.000
329.480,0.000,0.170,0.210,0.000
329.500,0.000,0.161,0.210,0.000
329.520,0.000,0.151,0.210,0.000
329.540,0.000,0.138,0.210,0.000
329.560,0.000,0.132,0.210,0.000
329.580,0.000,0.120,0.210,0.000
329.600,0.000,0.111,0.210,0.000
329.620,0.000,0.097,0.210,0.000
329.640,0.000,0.094,0.210,0.000
329.660,0.000,0.090,0.210,0.000
329.680,0.000,0.076,0.210,0.000
329.700,0.000,0.074,0.210,0.000
329.720,0.000,0.070,0.210,0.000
329.740,0.000,0.062,0.210,0.000
329.760,0.000,0.057,0.210,0.000
329.780,0.000,0.058,0.210,0.000
329.800,0.000,0.057,0.210,0.000
329.820,0.000,0.057,0.210,0.000
329.840,0.000,0.061,0.210,0.000
329.860,0.000,0.066,0.210,0.000
329.880,0.000,0.074,0.210,0.000
329.900,0.000,0.074,0.210,0.000
329.920,0.000,0.091,0.210,0.000
329.940,0.000,0.093,0.210,0.000
329.960,0.000,0.096,0.210,0.000
329.980,0.000,0.103,0.210,0.000
330.000,0.000,0.122,0.210,0.000
330.020,0.000,0.128,0.210,0.000
330.040,0.000,0.137,0.210,0.000
330.060,0.000,0.141,0.210,0.000
330.080,0.000,0.157,0.209,0.000
330.100,0.000,0.168,0.209,0.000
330.120,0.000,0.174,0.209,0.000
330.140,0.000,0.184,0.209,0.000
330.160,0.000,0.193,0.206,0.000
330.180,0.000,0.195,0.206,0.000
330.200,0.000,0.207,0.206,0.000
330.220,0.000,0.211,0.206,0.000
330.240,0.000,0.211,0.206,0.000
330.260,0.000,0.215,0.206,0.000
330.280,0.000,0.219,0.206,0.000
330.300,0.000,0.224,0.206,0.000
330.320,0.000,0.220,0.206,0.000
330.340,0.000,0.219,0.206,0.000
330.360,0.000,0.211,0.206,0.000
330.380,0.000,0.211,0.206,0.000
330.400,0.000,0.209,0.206,0.000
330.420,0.000,0.211,0.206,0.000
330.440,0.000,0.195,0.206,0.000
330.460,0.000,0.191,0.206,0.000
330.480,0.000,0.181,0.206,0.000
330.500,0.000,0.172,0.206,0.000
330.520,0.000,0.164,0.206,0.000
330.540,0.000,0.153,0.206,0.000
330.560,0.000,0.148,0.206,0.000
330.580,0.000,0.133,0.206,0.000
330.600,0.000,0.128,0.206,0.000
330.620,0.000,0.114,0.206,0.000
330.640,0.000,0.109,0.205,0.000
330.660,0.000,0.096,0.200,0.000
330.680,0.000,0.095,0.200,0.000
330.700,0.000,0.083,0.200,0.000
330.720,0.000,0.079,0.200,0.000
330.740,0.000,0.075,0.200,0.000
330.760,0.000,0.067,0.200,0.000
330.780,0.000,0.065,0.200,0.000
330.800,0.000,0.062,0.200,0.000
330.820,0.000,0.058,0.200,0.000
330.840,0.000,0.060,0.200,0.000
330.860,0.000,0.064,0.200,0.000
330.880,0.000,0.064,0.200,0.000
330.900,0.000,0.070,0.200,0.000
330.920,0.000,0.073,0.200,0.000
330.940,0.000,0.083,0.200,0.000
330.960,0.000,0.086,0.200,0.000
330.980,0.000,0.095,0.200,0.000
331.000,0.000,0.102,0.200,0.000
331.020,0.000,0.111,0.200,0.000
331.040,0.000,0.118,0.200,0.000
331.060,0.000,0.128,0.200,0.000
331.080,0.000,0.137,0.200,0.000
331.100,0.000,0.147,0.200,0.000
331.120,0.000,0.158,0.200,0.000
331.140,0.000,0.170,0.199,0.000
331.160,0.000,0.177,0.199,0.000
331.180,0.000,0.190,0.199,0.000
331.200,0.000,0.191,0.199,0.000
331.220,0.000,0.193,0.199,0.000
331.240,0.000,0.206,0.199,0.000
331.260,0.000,0.213,0.199,0.000
331.280,0.000,0.214,0.199,0.000
331.300,0.000,0.219,0.199,0.000
331.320,0.000,0.219,0.199,0.000
331.340,0.000,0.221,0.199,0.000
331.360,0.000,0.221,0.199,0.000
331.380,0.000,0.219,0.199,0.000
331.400,0.000,0.219,0.199,0.000
331.420,0.000,0.215,0.199,0.000
331.440,0.000,0.211,0.199,0.000
331.460,0.000,0.205,0.199,0.000
331.480,0.000,0.200,0.199,0.000
331.500,0.000,0.192,0.199,0.000
331.520,0.000,0.186,0.199,0.000
331.540,0.000,0.174,0.199,0.000
331.560,0.000,0.170,0.199,0.000
331.580,0.000,0.159,0.199,0.000
331.600,0.000,0.149,0.199,0.000
331.620,0.000,0.138,0.199,0.000
331.640,0.000,0.133,0.199,0.000
331.660,0.000,0.127,0.197,0.000
331.680,0.000,0.115,0.197,0.000
331.700,0.000,0.102,0.193,0.000
331.720,0.000,0.095,0.193,0.000
331.740,0.000,0.093,0.193,0.000
331.760,0.000,0.087,0.193,0.000
331.780,0.000,0.082,0.193,0.000
331.800,0.000,0.078,0.193,0.000
331.820,0.000,0.074,0.193,0.000
331.840,0.000,0.074,0.193,0.000
331.860,0.000,0.072,0.193,0.000
331.880,0.000,0.070,0.193,0.000
331.900,0.000,0.074,0.193,0.000
331.920,0.000,0.074,0.193,0.000
331.940,0.000,0.074,0.193,0.000
331.960,0.000,0.076,0.193,0.000
331.980,0.000,0.090,0.193,0.000
332.000,0.000,0.093,0.193,0.000
332.020,0.000,0.095,0.193,0.000
332.040,0.000,0.101,0.193,0.000
332.060,0.000,0.113,0.193,0.000
332.080,0.000,0.126,0.193,0.000
332.100,0.000,0.131,0.193,0.000
332.120,0.000,0.136,0.193,0.000
332.140,0.000,0.146,0.193,0.000
332.160,0.000,0.156,0.193,0.000
332.180,0.000,0.166,0.193,0.000
332.200,0.000,0.171,0.186,0.000
332.220,0.000,0.178,0.186,0.000
332.240,0.000,0.189,0.185,0.000
332.260,0.000,0.191,0.185,0.000
332.280,0.000,0.203,0.185,0.000
332.300,0.000,0.207,0.185,0.000
332.320,0.000,0.209,0.185,0.000
332.340,0.000,0.211,0.185,0.000
332.360,0.000,0.212,0.185,0.000
332.380,0.000,0.211,0.185,0.000
332.400,0.000,0.212,0.185,0.000
332.420,0.000,0.211,0.185,0.000
332.440,0.000,0.211,0.185,0.000
332.460,0.000,0.211,0.185,0.000
332.480,0.000,0.208,0.185,0.000
332.500,0.000,0.203,0.185,0.000
332.520,0.000,0.191,0.185,0.000
332.540,0.000,0.190,0.185,0.000
332.560,0.000,0.175,0.185,0.000
332.580,0.000,0.173,0.185,0.000
332.600,0.000,0.161,0.185,0.000
332.620,0.000,0.153,0.185,0.000
332.640,0.000,0.143,0.185,0.000
332.660,0.000,0.133,0.185,0.000
332.680,0.000,0.130,0.185,0.000
332.700,0.000,0.120,0.185,0.000
332.720,0.000,0.112,0.185,0.000
332.740,0.000,0.100,0.185,0.000
332.760,0.000,0.095,0.185,0.000
332.780,0.000,0.092,0.185,0.000
332.800,0.000,0.080,0.185,0.000
332.820,0.000,0.076,0.185,0.000
332.840,0.000,0.074,0.185,0.000
332.860,0.000,0.073,0.185,0.000
332.880,0.000,0.070,0.185,0.000
332.900,0.000,0.070,0.185,0.000
332.920,0.000,0.070,0.185,0.000
332.940,0.000,0.071,0.185,0.000
332.960,0.000,0.072,0.185,0.000
332.980,0.000,0.073,0.185,0.000
333.000,0.000,0.083,0.185,0.000
333.020,0.000,0.081,0.185,0.000
333.040,0.000,0.094,0.185,0.000
333.060,0.000,0.095,0.185,0.000
333.080,0.000,0.109,0.185,0.000
333.100,0.000,0.109,0.185,0.000
333.120,0.000,0.123,0.185,0.000
333.140,0.000,0.122,0.185,0.000
333.160,0.000,0.141,0.185,0.000
333.180,0.000,0.144,0.185,0.000
333.200,0.000,0.155,0.185,0.000
333.220,0.000,0.158,0.185,0.000
333.240,0.000,0.171,0.185,0.000
333.260,0.000,0.178,0.185,0.000
333.280,0.000,0.190,0.185,0.000
333.300,0.000,0.192,0.185,0.000
333.320,0.000,0.195,0.185,0.000
333.340,0.000,0.200,0.185,0.000
333.360,0.000,0.201,0.185,0.000
333.380,0.000,0.213,0.185,0.000
333.400,0.000,0.208,0.185,0.000
333.420,0.000,0.214,0.185,0.000
333.440,0.000,0.211,0.185,0.000
333.460,0.000,0.219,0.185,0.000
333.480,0.000,0.206,0.185,0.000
333.500,0.000,0.211,0.185,0.000
333.520,0.000,0.197,0.185,0.000
333.540,0.000,0.200,0.185,0.000
333.560,0.000,0.191,0.185,0.000
333.580,0.000,0.191,0.185,0.000
333.600,0.000,0.179,0.185,0.000
333.620,0.000,0.176,0.185,0.000
333.640,0.000,0.163,0.185,0.000
333.660,0.000,0.161,0.185,0.000
333.680,0.000,0.149,0.185,0.000
333.700,0.000,0.139,0.185,0.000
333.720,0.000,0.133,0.185,0.000
333.740,0.000,0.126,0.181,0.000
333.760,0.000,0.118,0.181,0.000
333.780,0.000,0.108,0.181,0.000
333.800,0.000,0.103,0.181,0.000
333.820,0.000,0.095,0.181,0.000
333.840,0.000,0.094,0.181,0.000
333.860,0.000,0.087,0.181,0.000
333.880,0.000,0.087,0.181,0.000
333.900,0.000,0.078,0.181,0.000
333.920,0.000,0.082,0.181,0.000
333.940,0.000,0.076,0.181,0.000
333.960,0.000,0.079,0.181,0.000
333.980,0.000,0.078,0.181,0.000
334.000,0.000,0.083,0.181,0.000
334.020,0.000,0.084,0.181,0.000
334.040,0.000,0.090,0.181,0.000
334.060,0.000,0.094,0.181,0.000
334.080,0.000,0.097,0.181,0.000
334.100,0.000,0.103,0.181,0.000
334.120,0.000,0.106,0.181,0.000
334.140,0.000,0.120,0.181,0.000
334.160,0.000,0.124,0.181,0.000
334.180,0.000,0.132,0.181,0.000
334.200,0.000,0.134,0.181,0.000
334.220,0.000,0.151,0.181,0.000
334.240,0.000,0.152,0.181,0.000
334.260,0.000,0.169,0.175,0.000
334.280,0.000,0.171,0.175,0.000
334.300,0.000,0.177,0.170,0.000
334.320,0.000,0.182,0.170,0.000
334.340,0.000,0.194,0.168,0.000
334.360,0.000,0.195,0.168,0.000
334.380,0.000,0.205,0.168,0.000
334.400,0.000,0.210,0.168,0.000
334.420,0.000,0.208,0.168,0.000
334.440,0.000,0.210,0.168,0.000
334.460,0.000,0.210,0.168,0.000
334.480,0.000,0.210,0.168,0.000
334.500,0.000,0.210,0.168,0.000
334.520,0.000,0.209,0.168,0.000
334.540,0.000,0.207,0.168,0.000
334.560,0.000,0.203,0.168,0.000
334.580,0.000,0.194,0.168,0.000
334.600,0.000,0.192,0.168,0.000
334.620,0.000,0.179,0.168,0.000
334.640,0.000,0.178,0.168,0.000
334.660,0.000,0.170,0.168,0.000
334.680,0.000,0.161,0.168,0.000
334.700,0.000,0.153,0.168,0.000
334.720,0.000,0.147,0.168,0.000
334.740,0.000,0.133,0.168,0.000
334.760,0.000,0.132,0.168,0.000
334.780,0.000,0.124,0.168,0.000
334.800,0.000,0.112,0.168,0.000
334.820,0.000,0.105,0.166,0.000
334.840,0.000,0.095,0.166,0.000
334.860,0.000,0.094,0.166,0.000
334.880,0.000,0.093,0.166,0.000
334.900,0.000,0.082,0.166,0.000
334.920,0.000,0.077,0.166,0.000
334.940,0.000,0.075,0.166,0.000
334.960,0.000,0.077,0.166,0.000
334.980,0.000,0.074,0.166,0.000
335.000,0.000,0.075,0.166,0.000
335.020,0.000,0.075,0.166,0.000
335.040,0.000,0.077,0.166,0.000
335.060,0.000,0.079,0.166,0.000
335.080,0.000,0.089,0.166,0.000
335.100,0.000,0.094,0.166,0.000
335.120,0.000,0.093,0.166,0.000
335.140,0.000,0.099,0.166,0.000
335.160,0.000,0.104,0.166,0.000
335.180,0.000,0.114,0.166,0.000
335.200,0.000,0.120,0.166,0.000
335.220,0.000,0.132,0.166,0.000
335.240,0.000,0.136,0.166,0.000
335.260,0.000,0.148,0.166,0.000
335.280,0.000,0.150,0.166,0.000
335.300,0.000,0.162,0.163,0.000
335.320,0.000,0.170,0.163,0.000
335.340,0.000,0.174,0.163,0.000
335.360,0.000,0.183,0.163,0.000
335.380,0.000,0.190,0.163,0.000
335.400,0.000,0.191,0.163,0.000
335.420,0.000,0.195,0.163,0.000
335.440,0.000,0.197,0.163,0.000
335.460,0.000,0.199,0.163,0.000
335.480,0.000,0.201,0.163,0.000
335.500,0.000,0.198,0.163,0.000
335.520,0.000,0.207,0.163,0.000
335.540,0.000,0.198,0.163,0.000
335.560,0.000,0.201,0.163,0.000
335.580,0.000,0.195,0.163,0.000
335.600,0.000,0.195,0.163,0.000
335.620,0.000,0.191,0.163,0.000
335.640,0.000,0.191,0.163,0.000
335.660,0.000,0.184,0.163,0.000
335.680,0.000,0.182,0.163,0.000
335.700,0.000,0.168,0.163,0.000
335.720,0.000,0.164,0.163,0.000
335.740,0.000,0.155,0.163,0.000
335.760,0.000,0.149,0.163,0.000
335.780,0.000,0.141,0.163,0.000
335.800,0.000,0.137,0.163,0.000
335.820,0.000,0.126,0.161,0.000
335.840,0.000,0.122,0.157,0.000
335.860,0.000,0.114,0.157,0.000
335.880,0.000,0.103,0.151,0.000
335.900,0.000,0.103,0.151,0.000
335.920,0.000,0.095,0.151,0.000
335.940,0.000,0.093,0.151,0.000
335.960,0.000,0.087,0.151,0.000
335.980,0.000,0.086,0.151,0.000
336.000,0.000,0.084,0.151,0.000
336.020,0.000,0.085,0.151,0.000
336.040,0.000,0.086,0.151,0.000
336.060,0.000,0.085,0.151,0.000
336.080,0.000,0.086,0.151,0.000
336.100,0.000,0.090,0.151,0.000
336.120,0.000,0.092,0.151,0.000
336.140,0.000,0.094,0.151,0.000
336.160,0.000,0.100,0.151,0.000
336.180,0.000,0.103,0.151,0.000
336.200,0.000,0.114,0.151,0.000
336.220,0.000,0.124,0.151,0.000
336.240,0.000,0.129,0.151,0.000
336.260,0.000,0.134,0.151,0.000
336.280,0.000,0.139,0.151,0.000
336.300,0.000,0.149,0.151,0.000
336.320,0.000,0.155,0.151,0.000
336.340,0.000,0.162,0.151,0.000
336.360,0.000,0.171,0.149,0.000
336.380,0.000,0.174,0.148,0.000
336.400,0.000,0.186,0.148,0.000
336.420,0.000,0.187,0.148,0.000
336.440,0.000,0.198,0.148,0.000
336.460,0.000,0.197,0.148,0.000
336.480,0.000,0.204,0.148,0.000
336.500,0.000,0.204,0.148,0.000
336.520,0.000,0.210,0.148,0.000
336.540,0.000,0.207,0.148,0.000
336.560,0.000,0.210,0.148,0.000
336.580,0.000,0.207,0.148,0.000
336.600,0.000,0.207,0.148,0.000
336.620,0.000,0.198,0.148,0.000
336.640,0.000,0.199,0.148,0.000
336.660,0.000,0.190,0.148,0.000
336.680,0.000,0.188,0.148,0.000
336.700,0.000,0.176,0.148,0.000
336.720,0.000,0.173,0.148,0.000
336.740,0.000,0.170,0.148,0.000
336.760,0.000,0.161,0.148,0.000
336.780,0.000,0.154,0.148,0.000
336.800,0.000,0.145,0.148,0.000
336.820,0.000,0.138,0.148,0.000
336.840,0.000,0.132,0.148,0.000
336.860,0.000,0.132,0.148,0.000
336.880,0.000,0.116,0.148,0.000
336.900,0.000,0.112,0.148,0.000
336.920,0.000,0.102,0.148,0.000
336.940,0.000,0.099,0.148,0.000
336.960,0.000,0.095,0.148,0.000
336.980,0.000,0.094,0.148,0.000
337.000,0.000,0.089,0.148,0.000
337.020,0.000,0.085,0.148,0.000
337.040,0.000,0.083,0.148,0.000
337.060,0.000,0.077,0.148,0.000
337.080,0.000,0.083,0.148,0.000
337.100,0.000,0.080,0.148,0.000
337.120,0.000,0.088,0.148,0.000
337.140,0.000,0.086,0.148,0.000
337.160,0.000,0.092,0.148,0.000
337.180,0.000,0.093,0.148,0.000
337.200,0.000,0.095,0.148,0.000
337.220,0.000,0.098,0.148,0.000
337.240,0.000,0.110,0.148,0.000
337.260,0.000,0.114,0.148,0.000
337.280,0.000,0.122,0.148,0.000
337.300,0.000,0.132,0.148,0.000
337.320,0.000,0.133,0.148,0.000
337.340,0.000,0.144,0.148,0.000
337.360,0.000,0.151,0.148,0.000
337.380,0.000,0.155,0.148,0.000
337.400,0.000,0.162,0.148,0.000
337.420,0.000,0.171,0.148,0.000
337.440,0.000,0.172,0.148,0.000
337.460,0.000,0.185,0.148,0.000
337.480,0.000,0.188,0.148,0.000
337.500,0.000,0.191,0.148,0.000
337.520,0.000,0.191,0.148,0.000
337.540,0.000,0.195,0.148,0.000
337.560,0.000,0.195,0.148,0.000
337.580,0.000,0.196,0.148,0.000
337.600,0.000,0.195,0.148,0.000
337.620,0.000,0.195,0.148,0.000
337.640,0.000,0.195,0.148,0.000
337.660,0.000,0.191,0.148,0.000
337.680,0.000,0.191,0.148,0.000
337.700,0.000,0.190,0.148,0.000
337.720,0.000,0.187,0.148,0.000
337.740,0.000,0.177,0.148,0.000
337.760,0.000,0.172,0.148,0.000
337.780,0.000,0.167,0.148,0.000
337.800,0.000,0.161,0.148,0.000
337.820,0.000,0.153,0.148,0.000
337.840,0.000,0.145,0.148,0.000
337.860,0.000,0.139,0.148,0.000
337.880,0.000,0.132,0.148,0.000
337.900,0.000,0.128,0.148,0.000
337.920,0.000,0.120,0.147,0.000
337.940,0.000,0.116,0.147,0.000
337.960,0.000,0.104,0.146,0.000
337.980,0.000,0.103,0.144,0.000
338.000,0.000,0.096,0.144,0.000
338.020,0.000,0.096,0.144,0.000
338.040,0.000,0.091,0.144,0.000
338.060,0.000,0.088,0.144,0.000
338.080,0.000,0.085,0.144,0.000
338.100,0.000,0.086,0.144,0.000
338.120,0.000,0.085,0.144,0.000
338.140,0.000,0.089,0.144,0.000
338.160,0.000,0.089,0.144,0.000
338.180,0.000,0.093,0.144,0.000
338.200,0.000,0.097,0.144,0.000
338.220,0.000,0.099,0.144,0.000
338.240,0.000,0.103,0.144,0.000
338.260,0.000,0.105,0.144,0.000
338.280,0.000,0.120,0.144,0.000
338.300,0.000,0.123,0.144,0.000
338.320,0.000,0.129,0.144,0.000
338.340,0.000,0.130,0.144,0.000
338.360,0.000,0.141,0.144,0.000
338.380,0.000,0.145,0.144,0.000
338.400,0.000,0.157,0.144,0.000
338.420,0.000,0.163,0.144,0.000
338.440,0.000,0.170,0.144,0.000
338.460,0.000,0.173,0.137,0.000
338.480,0.000,0.177,0.137,0.000
338.500,0.000,0.185,0.135,0.000
338.520,0.000,0.191,0.135,0.000
338.540,0.000,0.197,0.135,0.000
338.560,0.000,0.197,0.135,0.000
338.580,0.000,0.203,0.135,0.000
338.600,0.000,0.200,0.135,0.000
338.620,0.000,0.203,0.135,0.000
338.640,0.000,0.203,0.135,0.000
338.660,0.000,0.206,0.135,0.000
338.680,0.000,0.199,0.135,0.000
338.700,0.000,0.198,0.135,0.000
338.720,0.000,0.195,0.135,0.000
338.740,0.000,0.194,0.135,0.000
338.760,0.000,0.185,0.135,0.000
338.780,0.000,0.173,0.135,0.000
338.800,0.000,0.173,0.135,0.000
338.820,0.000,0.171,0.135,0.000
338.840,0.000,0.166,0.135,0.000
338.860,0.000,0.153,0.135,0.000
338.880,0.000,0.149,0.135,0.000
338.900,0.000,0.137,0.135,0.000
338.920,0.000,0.136,0.135,0.000
338.940,0.000,0.132,0.135,0.000
338.960,0.000,0.125,0.135,0.000
338.980,0.000,0.116,0.135,0.000
339.000,0.000,0.112,0.135,0.000
339.020,0.000,0.101,0.135,0.000
339.040,0.000,0.097,0.135,0.000
339.060,0.000,0.095,0.135,0.000
339.080,0.000,0.094,0.135,0.000
339.100,0.000,0.094,0.135,0.000
339.120,0.000,0.094,0.135,0.000
339.140,0.000,0.091,0.135,0.000
339.160,0.000,0.090,0.135,0.000
339.180,0.000,0.091,0.135,0.000
339.200,0.000,0.093,0.135,0.000
339.220,0.000,0.094,0.135,0.000
339.240,0.000,0.094,0.135,0.000
339.260,0.000,0.095,0.135,0.000
339.280,0.000,0.100,0.135,0.000
339.300,0.000,0.104,0.135,0.000
339.320,0.000,0.112,0.135,0.000
339.340,0.000,0.118,0.135,0.000
339.360,0.000,0.128,0.135,0.000
339.380,0.000,0.132,0.135,0.000
339.400,0.000,0.133,0.135,0.000
339.420,0.000,0.142,0.135,0.000
339.440,0.000,0.149,0.135,0.000
339.460,0.000,0.153,0.135,0.000
339.480,0.000,0.161,0.135,0.000
339.500,0.000,0.168,0.135,0.000
339.520,0.000,0.172,0.135,0.000
339.540,0.000,0.179,0.135,0.000
339.560,0.000,0.176,0.135,0.000
339.580,0.000,0.187,0.135,0.000
339.600,0.000,0.190,0.135,0.000
339.620,0.000,0.190,0.135,0.000
339.640,0.000,0.192,0.135,0.000
339.660,0.000,0.190,0.135,0.000
339.680,0.000,0.195,0.135,0.000
339.700,0.000,0.190,0.135,0.000
339.720,0.000,0.197,0.135,0.000
339.740,0.000,0.185,0.135,0.000
339.760,0.000,0.192,0.135,0.000
339.780,0.000,0.175,0.135,0.000
339.800,0.000,0.189,0.135,0.000
339.820,0.000,0.168,0.135,0.000
339.840,0.000,0.172,0.135,0.000
339.860,0.000,0.155,0.135,0.000
339.880,0.000,0.163,0.135,0.000
339.900,0.000,0.149,0.135,0.000
339.920,0.000,0.150,0.135,0.000
339.940,0.000,0.135,0.135,0.000
339.960,0.000,0.137,0.135,0.000
339.980,0.000,0.123,0.135,0.000
340.000,0.000,0.122,0.135,0.000
340.020,0.000,0.113,0.133,0.000
340.040,0.000,0.112,0.133,0.000
340.060,0.000,0.107,0.133,0.000
340.080,0.000,0.099,0.133,0.000
340.100,0.000,0.096,0.133,0.000
340.120,0.000,0.095,0.133,0.000
340.140,0.000,0.096,0.133,0.000
340.160,0.000,0.086,0.133,0.000
340.180,0.000,0.089,0.133,0.000
340.200,0.000,0.088,0.133,0.000
340.220,0.000,0.091,0.133,0.000
340.240,0.000,0.091,0.133,0.000
340.260,0.000,0.098,0.133,0.000
340.280,0.000,0.099,0.133,0.000
340.300,0.000,0.102,0.133,0.000
340.320,0.000,0.106,0.133,0.000
340.340,0.000,0.108,0.133,0.000
340.360,0.000,0.118,0.133,0.000
340.380,0.000,0.121,0.133,0.000
340.400,0.000,0.130,0.133,0.000
340.420,0.000,0.128,0.133,0.000
340.440,0.000,0.143,0.133,0.000
340.460,0.000,0.141,0.133,0.000
340.480,0.000,0.161,0.133,0.000
340.500,0.000,0.155,0.133,0.000
340.520,0.000,0.166,0.133,0.000
340.540,0.000,0.165,0.133,0.000
340.560,0.000,0.180,0.133,0.000
340.580,0.000,0.175,0.133,0.000
340.600,0.000,0.190,0.133,0.000
340.620,0.000,0.188,0.133,0.000
340.640,0.000,0.192,0.133,0.000
340.660,0.000,0.191,0.133,0.000
340.680,0.000,0.195,0.133,0.000
340.700,0.000,0.192,0.133,0.000
340.720,0.000,0.198,0.133,0.000
340.740,0.000,0.194,0.133,0.000
340.760,0.000,0.196,0.133,0.000
340.780,0.000,0.191,0.133,0.000
340.800,0.000,0.187,0.133,0.000
340.820,0.000,0.186,0.133,0.000
340.840,0.000,0.177,0.133,0.000
340.860,0.000,0.178,0.133,0.000
340.880,0.000,0.170,0.133,0.000
340.900,0.000,0.172,0.133,0.000
340.920,0.000,0.157,0.133,0.000
340.940,0.000,0.161,0.133,0.000
340.960,0.000,0.145,0.133,0.000
340.980,0.000,0.145,0.133,0.000
341.000,0.000,0.133,0.133,0.000
341.020,0.000,0.132,0.133,0.000
341.040,0.000,0.124,0.133,0.000
341.060,0.000,0.129,0.133,0.000
341.080,0.000,0.112,0.133,0.000
341.100,0.000,0.112,0.133,0.000
341.120,0.000,0.098,0.133,0.000
341.140,0.000,0.102,0.133,0.000
341.160,0.000,0.095,0.133,0.000
341.180,0.000,0.096,0.133,0.000
341.200,0.000,0.094,0.133,0.000
341.220,0.000,0.094,0.133,0.000
341.240,0.000,0.094,0.133,0.000
341.260,0.000,0.094,0.133,0.000
341.280,0.000,0.095,0.133,0.000
341.300,0.000,0.095,0.133,0.000
341.320,0.000,0.097,0.133,0.000
341.340,0.000,0.097,0.133,0.000
341.360,0.000,0.108,0.133,0.000
341.380,0.000,0.112,0.133,0.000
341.400,0.000,0.117,0.133,0.000
341.420,0.000,0.124,0.133,0.000
341.440,0.000,0.129,0.133,0.000
341.460,0.000,0.132,0.133,0.000
341.480,0.000,0.136,0.133,0.000
341.500,0.000,0.141,0.133,0.000
341.520,0.000,0.149,0.133,0.000
341.540,0.000,0.151,0.133,0.000
341.560,0.000,0.161,0.131,0.000
341.580,0.000,0.167,0.131,0.000
341.600,0.000,0.171,0.129,0.000
341.620,0.000,0.171,0.129,0.000
341.640,0.000,0.178,0.129,0.000
341.660,0.000,0.181,0.129,0.000
341.680,0.000,0.187,0.129,0.000
341.700,0.000,0.188,0.129,0.000
341.720,0.000,0.189,0.129,0.000
341.740,0.000,0.189,0.129,0.000
341.760,0.000,0.190,0.129,0.000
341.780,0.000,0.190,0.129,0.000
341.800,0.000,0.190,0.129,0.000
341.820,0.000,0.186,0.129,0.000
341.840,0.000,0.185,0.129,0.000
341.860,0.000,0.173,0.129,0.000
341.880,0.000,0.174,0.129,0.000
341.900,0.000,0.172,0.129,0.000
341.920,0.000,0.170,0.129,0.000
341.940,0.000,0.157,0.129,0.000
341.960,0.000,0.154,0.129,0.000
341.980,0.000,0.152,0.129,0.000
342.000,0.000,0.142,0.129,0.000
342.020,0.000,0.137,0.129,0.000
342.040,0.000,0.132,0.129,0.000
342.060,0.000,0.128,0.126,0.000
342.080,0.000,0.120,0.126,0.000
342.100,0.000,0.119,0.121,0.000
342.120,0.000,0.111,0.121,0.000
342.140,0.000,0.113,0.121,0.000
342.160,0.000,0.097,0.121,0.000
342.180,0.000,0.103,0.121,0.000
342.200,0.000,0.095,0.121,0.000
342.220,0.000,0.099,0.121,0.000
342.240,0.000,0.092,0.121,0.000
342.260,0.000,0.097,0.121,0.000
342.280,0.000,0.093,0.121,0.000
342.300,0.000,0.098,0.121,0.000
342.320,0.000,0.095,0.121,0.000
342.340,0.000,0.101,0.121,0.000
342.360,0.000,0.097,0.121,0.000
342.380,0.000,0.106,0.121,0.000
342.400,0.000,0.108,0.121,0.000
342.420,0.000,0.113,0.121,0.000
342.440,0.000,0.116,0.121,0.000
342.460,0.000,0.120,0.121,0.000
342.480,0.000,0.127,0.121,0.000
342.500,0.000,0.130,0.121,0.000
342.520,0.000,0.142,0.121,0.000
342.540,0.000,0.142,0.121,0.000
342.560,0.000,0.152,0.121,0.000
342.580,0.000,0.153,0.121,0.000
342.600,0.000,0.165,0.121,0.000
342.620,0.000,0.163,0.121,0.000
342.640,0.000,0.176,0.121,0.000
342.660,0.000,0.175,0.121,0.000
342.680,0.000,0.185,0.121,0.000
342.700,0.000,0.182,0.121,0.000
342.720,0.000,0.190,0.121,0.000
342.740,0.000,0.187,0.121,0.000
342.760,0.000,0.190,0.121,0.000
342.780,0.000,0.192,0.121,0.000
342.800,0.000,0.190,0.121,0.000
342.820,0.000,0.190,0.121,0.000
342.840,0.000,0.190,0.121,0.000
342.860,0.000,0.190,0.121,0.000
342.880,0.000,0.186,0.121,0.000
342.900,0.000,0.184,0.121,0.000
342.920,0.000,0.172,0.121,0.000
342.940,0.000,0.175,0.121,0.000
342.960,0.000,0.166,0.121,0.000
342.980,0.000,0.170,0.121,0.000
343.000,0.000,0.156,0.121,0.000
343.020,0.000,0.156,0.121,0.000
343.040,0.000,0.149,0.121,0.000
343.060,0.000,0.145,0.121,0.000
343.080,0.000,0.139,0.121,0.000
343.100,0.000,0.132,0.121,0.000
343.120,0.000,0.129,0.120,0.000
343.140,0.000,0.123,0.120,0.000
343.160,0.000,0.122,0.120,0.000
343.180,0.000,0.113,0.120,0.000
343.200,0.000,0.114,0.120,0.000
343.220,0.000,0.103,0.120,0.000
343.240,0.000,0.103,0.120,0.000
343.260,0.000,0.099,0.120,0.000
343.280,0.000,0.099,0.120,0.000
343.300,0.000,0.096,0.120,0.000
343.320,0.000,0.102,0.120,0.000
343.340,0.000,0.097,0.120,0.000
343.360,0.000,0.099,0.120,0.000
343.380,0.000,0.098,0.120,0.000
343.400,0.000,0.106,0.120,0.000
343.420,0.000,0.110,0.120,0.000
343.440,0.000,0.111,0.120,0.000
343.460,0.000,0.120,0.120,0.000
343.480,0.000,0.120,0.120,0.000
343.500,0.000,0.132,0.120,0.000
343.520,0.000,0.132,0.120,0.000
343.540,0.000,0.134,0.120,0.000
343.560,0.000,0.135,0.120,0.000
343.580,0.000,0.148,0.120,0.000
343.600,0.000,0.151,0.120,0.000
343.620,0.000,0.160,0.120,0.000
343.640,0.000,0.157,0.120,0.000
343.660,0.000,0.170,0.114,0.000
343.680,0.000,0.170,0.112,0.000
343.700,0.000,0.173,0.112,0.000
343.720,0.000,0.174,0.112,0.000
343.740,0.000,0.179,0.112,0.000
343.760,0.000,0.182,0.112,0.000
343.780,0.000,0.182,0.112,0.000
343.800,0.000,0.187,0.112,0.000
343.820,0.000,0.184,0.112,0.000
343.840,0.000,0.190,0.112,0.000
343.860,0.000,0.178,0.112,0.000
343.880,0.000,0.187,0.112,0.000
343.900,0.000,0.177,0.112,0.000
343.920,0.000,0.182,0.112,0.000
343.940,0.000,0.172,0.112,0.000
343.960,0.000,0.171,0.112,0.000
343.980,0.000,0.169,0.112,0.000
344.000,0.000,0.169,0.112,0.000
344.020,0.000,0.155,0.112,0.000
344.040,0.000,0.153,0.112,0.000
344.060,0.000,0.150,0.112,0.000
344.080,0.000,0.148,0.112,0.000
344.100,0.000,0.135,0.112,0.000
344.120,0.000,0.133,0.112,0.000
344.140,0.000,0.131,0.112,0.000
344.160,0.000,0.127,0.112,0.000
344.180,0.000,0.116,0.112,0.000
344.200,0.000,0.114,0.112,0.000
344.220,0.000,0.110,0.112,0.000
344.240,0.000,0.104,0.112,0.000
344.260,0.000,0.106,0.112,0.000
344.280,0.000,0.099,0.112,0.000
344.300,0.000,0.101,0.112,0.000
344.320,0.000,0.096,0.112,0.000
344.340,0.000,0.100,0.112,0.000
344.360,0.000,0.095,0.112,0.000
344.380,0.000,0.099,0.112,0.000
344.400,0.000,0.094,0.112,0.000
344.420,0.000,0.106,0.112,0.000
344.440,0.000,0.099,0.112,0.000
344.460,0.000,0.112,0.112,0.000
344.480,0.000,0.105,0.112,0.000
344.500,0.000,0.115,0.112,0.000
344.520,0.000,0.114,0.112,0.000
344.540,0.000,0.124,0.112,0.000
344.560,0.000,0.128,0.112,0.000
344.580,0.000,0.132,0.112,0.000
344.600,0.000,0.137,0.112,0.000
344.620,0.000,0.141,0.112,0.000
344.640,0.000,0.150,0.112,0.000
344.660,0.000,0.149,0.112,0.000
344.680,0.000,0.157,0.112,0.000
344.700,0.000,0.157,0.112,0.000
344.720,0.000,0.170,0.112,0.000
344.740,0.000,0.167,0.112,0.000
344.760,0.000,0.178,0.112,0.000
344.780,0.000,0.173,0.112,0.000
344.800,0.000,0.190,0.112,0.000
344.820,0.000,0.184,0.112,0.000
344.840,0.000,0.189,0.112,0.000
344.860,0.000,0.187,0.112,0.000
344.880,0.000,0.190,0.112,0.000
344.900,0.000,0.186,0.112,0.000
344.920,0.000,0.189,0.112,0.000
344.940,0.000,0.182,0.112,0.000
344.960,0.000,0.184,0.112,0.000
344.980,0.000,0.178,0.112,0.000
345.000,0.000,0.173,0.112,0.000
345.020,0.000,0.173,0.112,0.000
345.040,0.000,0.162,0.112,0.000
345.060,0.000,0.166,0.112,0.000
345.080,0.000,0.155,0.112,0.000
345.100,0.000,0.154,0.112,0.000
345.120,0.000,0.142,0.112,0.000
345.140,0.000,0.144,0.112,0.000
345.160,0.000,0.134,0.110,0.000
345.180,0.000,0.137,0.110,0.000
345.200,0.000,0.128,0.107,0.000
345.220,0.000,0.124,0.107,0.000
345.240,0.000,0.124,0.106,0.000
345.260,0.000,0.122,0.106,0.000
345.280,0.000,0.115,0.106,0.000
345.300,0.000,0.110,0.106,0.000
345.320,0.000,0.104,0.106,0.000
345.340,0.000,0.104,0.106,0.000
345.360,0.000,0.105,0.106,0.000
345.380,0.000,0.100,0.106,0.000
345.400,0.000,0.103,0.106,0.000
345.420,0.000,0.102,0.106,0.000
345.440,0.000,0.104,0.106,0.000
345.460,0.000,0.104,0.106,0.000
345.480,0.000,0.112,0.106,0.000
345.500,0.000,0.112,0.106,0.000
345.520,0.000,0.119,0.106,0.000
345.540,0.000,0.121,0.106,0.000
345.560,0.000,0.128,0.106,0.000
345.580,0.000,0.132,0.106,0.000
345.600,0.000,0.132,0.106,0.000
345.620,0.000,0.136,0.106,0.000
345.640,0.000,0.138,0.106,0.000
345.660,0.000,0.143,0.106,0.000
345.680,0.000,0.152,0.106,0.000
345.700,0.000,0.153,0.106,0.000
345.720,0.000,0.163,0.104,0.000
345.740,0.000,0.169,0.104,0.000
345.760,0.000,0.170,0.100,0.000
345.780,0.000,0.171,0.100,0.000
345.800,0.000,0.171,0.100,0.000
345.820,0.000,0.174,0.100,0.000
345.840,0.000,0.173,0.100,0.000
345.860,0.000,0.180,0.100,0.000
345.880,0.000,0.184,0.100,0.000
345.900,0.000,0.182,0.100,0.000
345.920,0.000,0.186,0.100,0.000
345.940,0.000,0.182,0.100,0.000
345.960,0.000,0.181,0.100,0.000
345.980,0.000,0.176,0.100,0.000
346.000,0.000,0.173,0.100,0.000
346.020,0.000,0.172,0.100,0.000
346.040,0.000,0.172,0.100,0.000
346.060,0.000,0.170,0.100,0.000
346.080,0.000,0.168,0.100,0.000
346.100,0.000,0.157,0.100,0.000
346.120,0.000,0.153,0.100,0.000
346.140,0.000,0.151,0.100,0.000
346.160,0.000,0.144,0.100,0.000
346.180,0.000,0.136,0.100,0.000
346.200,0.000,0.133,0.100,0.000
346.220,0.000,0.132,0.100,0.000
346.240,0.000,0.129,0.100,0.000
346.260,0.000,0.125,0.100,0.000
346.280,0.000,0.114,0.100,0.000
346.300,0.000,0.113,0.100,0.000
346.320,0.000,0.113,0.100,0.000
346.340,0.000,0.108,0.100,0.000
346.360,0.000,0.105,0.100,0.000
346.380,0.000,0.098,0.100,0.000
346.400,0.000,0.099,0.100,0.000
346.420,0.000,0.095,0.100,0.000
346.440,0.000,0.096,0.100,0.000
346.460,0.000,0.096,0.100,0.000
346.480,0.000,0.097,0.100,0.000
346.500,0.000,0.100,0.100,0.000
346.520,0.000,0.103,0.100,0.000
346.540,0.000,0.110,0.100,0.000
346.560,0.000,0.114,0.100,0.000
346.580,0.000,0.116,0.100,0.000
346.600,0.000,0.119,0.100,0.000
346.620,0.000,0.126,0.100,0.000
346.640,0.000,0.130,0.100,0.000
346.660,0.000,0.132,0.100,0.000
346.680,0.000,0.133,0.100,0.000
346.700,0.000,0.140,0.100,0.000
346.720,0.000,0.148,0.100,0.000
346.740,0.000,0.153,0.100,0.000
346.760,0.000,0.153,0.100,0.000
346.780,0.000,0.158,0.100,0.000
346.800,0.000,0.161,0.100,0.000
346.820,0.000,0.170,0.100,0.000
346.840,0.000,0.171,0.100,0.000
346.860,0.000,0.171,0.100,0.000
346.880,0.000,0.174,0.100,0.000
346.900,0.000,0.178,0.100,0.000
346.920,0.000,0.180,0.100,0.000
346.940,0.000,0.179,0.100,0.000
346.960,0.000,0.186,0.100,0.000
346.980,0.000,0.182,0.100,0.000
347.000,0.000,0.181,0.100,0.000
347.020,0.000,0.174,0.100,0.000
347.040,0.000,0.177,0.100,0.000
347.060,0.000,0.170,0.100,0.000
347.080,0.000,0.167,0.100,0.000
347.100,0.000,0.161,0.100,0.000
347.120,0.000,0.163,0.100,0.000
347.140,0.000,0.161,0.100,0.000
347.160,0.000,0.157,0.100,0.000
347.180,0.000,0.149,0.100,0.000
347.200,0.000,0.142,0.100,0.000
347.220,0.000,0.141,0.100,0.000
347.240,0.000,0.138,0.099,0.000
347.260,0.000,0.132,0.099,0.000
347.280,0.000,0.130,0.098,0.000
347.300,0.000,0.127,0.098,0.000
347.320,0.000,0.123,0.098,0.000
347.340,0.000,0.121,0.098,0.000
347.360,0.000,0.116,0.098,0.000
347.380,0.000,0.114,0.098,0.000
347.400,0.000,0.108,0.098,0.000
347.420,0.000,0.107,0.098,0.000
347.440,0.000,0.104,0.098,0.000
347.460,0.000,0.108,0.098,0.000
347.480,0.000,0.104,0.098,0.000
347.500,0.000,0.106,0.098,0.000
347.520,0.000,0.106,0.098,0.000
347.540,0.000,0.108,0.098,0.000
347.560,0.000,0.114,0.098,0.000
347.580,0.000,0.119,0.098,0.000
347.600,0.000,0.122,0.098,0.000
347.620,0.000,0.124,0.098,0.000
347.640,0.000,0.132,0.098,0.000
347.660,0.000,0.128,0.098,0.000
347.680,0.000,0.134,0.098,0.000
347.700,0.000,0.133,0.098,0.000
347.720,0.000,0.141,0.098,0.000
347.740,0.000,0.145,0.098,0.000
347.760,0.000,0.151,0.098,0.000
347.780,0.000,0.154,0.097,0.000
347.800,0.000,0.161,0.097,0.000
347.820,0.000,0.166,0.096,0.000
347.840,0.000,0.171,0.096,0.000
347.860,0.000,0.171,0.096,0.000
347.880,0.000,0.172,0.096,0.000
347.900,0.000,0.173,0.096,0.000
347.920,0.000,0.178,0.096,0.000
347.940,0.000,0.176,0.096,0.000
347.960,0.000,0.177,0.096,0.000
347.980,0.000,0.180,0.096,0.000
348.000,0.000,0.180,0.096,0.000
348.020,0.000,0.181,0.096,0.000
348.040,0.000,0.173,0.096,0.000
348.060,0.000,0.177,0.096,0.000
348.080,0.000,0.171,0.096,0.000
348.100,0.000,0.173,0.096,0.000
348.120,0.000,0.170,0.096,0.000
348.140,0.000,0.171,0.096,0.000
348.160,0.000,0.160,0.096,0.000
348.180,0.000,0.165,0.096,0.000
348.200,0.000,0.153,0.096,0.000
348.220,0.000,0.152,0.096,0.000
348.240,0.000,0.146,0.096,0.000
348.260,0.000,0.143,0.096,0.000
348.280,0.000,0.137,0.096,0.000
348.300,0.000,0.132,0.096,0.000
348.320,0.000,0.132,0.096,0.000
348.340,0.000,0.125,0.096,0.000
348.360,0.000,0.127,0.096,0.000
348.380,0.000,0.114,0.096,0.000
348.400,0.000,0.121,0.096,0.000
348.420,0.000,0.103,0.096,0.000
348.440,0.000,0.115,0.096,0.000
348.460,0.000,0.099,0.096,0.000
348.480,0.000,0.112,0.096,0.000
348.500,0.000,0.099,0.096,0.000
348.520,0.000,0.108,0.096,0.000
348.540,0.000,0.101,0.096,0.000
348.560,0.000,0.106,0.096,0.000
348.580,0.000,0.110,0.096,0.000
348.600,0.000,0.106,0.096,0.000
348.620,0.000,0.116,0.096,0.000
348.640,0.000,0.114,0.096,0.000
348.660,0.000,0.125,0.096,0.000
348.680,0.000,0.119,0.096,0.000
348.700,0.000,0.131,0.096,0.000
348.720,0.000,0.122,0.096,0.000
348.740,0.000,0.137,0.096,0.000
348.760,0.000,0.132,0.096,0.000
348.780,0.000,0.150,0.096,0.000
348.800,0.000,0.137,0.096,0.000
348.820,0.000,0.153,0.096,0.000
348.840,0.000,0.151,0.096,0.000
348.860,0.000,0.164,0.096,0.000
348.880,0.000,0.155,0.096,0.000
348.900,0.000,0.167,0.096,0.000
348.920,0.000,0.168,0.096,0.000
348.940,0.000,0.171,0.096,0.000
348.960,0.000,0.174,0.096,0.000
348.980,0.000,0.172,0.096,0.000
349.000,0.000,0.177,0.096,0.000
349.020,0.000,0.174,0.096,0.000
349.040,0.000,0.180,0.096,0.000
349.060,0.000,0.170,0.096,0.000
349.080,0.000,0.179,0.096,0.000
349.100,0.000,0.169,0.096,0.000
349.120,0.000,0.178,0.096,0.000
349.140,0.000,0.162,0.096,0.000
349.160,0.000,0.173,0.096,0.000
349.180,0.000,0.156,0.096,0.000
349.200,0.000,0.165,0.096,0.000
349.220,0.000,0.153,0.096,0.000
349.240,0.000,0.157,0.096,0.000
349.260,0.000,0.142,0.096,0.000
349.280,0.000,0.149,0.096,0.000
349.300,0.000,0.136,0.096,0.000
349.320,0.000,0.141,0.096,0.000
349.340,0.000,0.132,0.096,0.000
349.360,0.000,0.130,0.096,0.000
349.380,0.000,0.126,0.096,0.000
349.400,0.000,0.123,0.095,0.000
349.420,0.000,0.121,0.095,0.000
349.440,0.000,0.115,0.095,0.000
349.460,0.000,0.118,0.095,0.000
349.480,0.000,0.107,0.095,0.000
349.500,0.000,0.116,0.095,0.000
349.520,0.000,0.103,0.095,0.000
349.540,0.000,0.117,0.095,0.000
349.560,0.000,0.106,0.095,0.000
349.580,0.000,0.118,0.095,0.000
349.600,0.000,0.105,0.095,0.000
349.620,0.000,0.120,0.095,0.000
349.640,0.000,0.109,0.095,0.000
349.660,0.000,0.123,0.095,0.000
349.680,0.000,0.120,0.095,0.000
349.700,0.000,0.126,0.095,0.000
349.720,0.000,0.125,0.095,0.000
349.740,0.000,0.132,0.095,0.000
349.760,0.000,0.133,0.095,0.000
349.780,0.000,0.136,0.095,0.000
349.800,0.000,0.145,0.095,0.000
349.820,0.000,0.145,0.095,0.000
349.840,0.000,0.154,0.095,0.000
349.860,0.000,0.149,0.095,0.000
349.880,0.000,0.166,0.094,0.000
349.900,0.000,0.160,0.094,0.000
349.920,0.000,0.170,0.092,0.000
349.940,0.000,0.166,0.092,0.000
349.960,0.000,0.176,0.092,0.000
349.980,0.000,0.171,0.092,0.000
350.000,0.000,0.178,0.092,0.000
350.020,0.000,0.174,0.092,0.000
350.040,0.000,0.178,0.092,0.000
350.060,0.000,0.178,0.092,0.000
350.080,0.000,0.180,0.092,0.000
350.100,0.000,0.176,0.092,0.000
350.120,0.000,0.175,0.092,0.000
350.140,0.000,0.178,0.092,0.000
350.160,0.000,0.171,0.092,0.000
350.180,0.000,0.173,0.092,0.000
350.200,0.000,0.169,0.092,0.000
350.220,0.000,0.170,0.092,0.000
350.240,0.000,0.161,0.092,0.000
350.260,0.000,0.167,0.092,0.000
350.280,0.000,0.153,0.092,0.000
350.300,0.000,0.157,0.092,0.000
350.320,0.000,0.144,0.092,0.000
350.340,0.000,0.147,0.092,0.000
350.360,0.000,0.134,0.092,0.000
350.380,0.000,0.135,0.092,0.000
350.400,0.000,0.132,0.092,0.000
350.420,0.000,0.132,0.092,0.000
350.440,0.000,0.128,0.092,0.000
350.460,0.000,0.127,0.092,0.000
350.480,0.000,0.120,0.092,0.000
350.500,0.000,0.118,0.092,0.000
350.520,0.000,0.116,0.092,0.000
350.540,0.000,0.114,0.092,0.000
350.560,0.000,0.111,0.092,0.000
350.580,0.000,0.107,0.092,0.000
350.600,0.000,0.112,0.092,0.000
350.620,0.000,0.107,0.092,0.000
350.640,0.000,0.114,0.092,0.000
350.660,0.000,0.110,0.092,0.000
350.680,0.000,0.118,0.092,0.000
350.700,0.000,0.112,0.092,0.000
350.720,0.000,0.126,0.092,0.000
350.740,0.000,0.119,0.092,0.000
350.760,0.000,0.132,0.092,0.000
350.780,0.000,0.128,0.092,0.000
350.800,0.000,0.132,0.092,0.000
350.820,0.000,0.132,0.092,0.000
350.840,0.000,0.141,0.092,0.000
350.860,0.000,0.136,0.092,0.000
350.880,0.000,0.147,0.092,0.000
350.900,0.000,0.146,0.092,0.000
350.920,0.000,0.153,0.092,0.000
350.940,0.000,0.154,0.092,0.000
350.960,0.000,0.157,0.092,0.000
350.980,0.000,0.166,0.092,0.000
351.000,0.000,0.164,0.092,0.000
351.020,0.000,0.171,0.092,0.000
351.040,0.000,0.166,0.092,0.000
351.060,0.000,0.172,0.092,0.000
351.080,0.000,0.170,0.092,0.000
351.100,0.000,0.175,0.092,0.000
351.120,0.000,0.170,0.092,0.000
351.140,0.000,0.172,0.092,0.000
351.160,0.000,0.169,0.092,0.000
351.180,0.000,0.172,0.092,0.000
351.200,0.000,0.166,0.092,0.000
351.220,0.000,0.170,0.092,0.000
351.240,0.000,0.157,0.092,0.000
351.260,0.000,0.167,0.092,0.000
351.280,0.000,0.153,0.092,0.000
351.300,0.000,0.155,0.092,0.000
351.320,0.000,0.150,0.092,0.000
351.340,0.000,0.149,0.092,0.000
351.360,0.000,0.140,0.092,0.000
351.380,0.000,0.140,0.092,0.000
351.400,0.000,0.133,0.092,0.000
351.420,0.000,0.132,0.090,0.000
351.440,0.000,0.132,0.090,0.000
351.460,0.000,0.128,0.089,0.000
351.480,0.000,0.124,0.087,0.000
351.500,0.000,0.117,0.087,0.000
351.520,0.000,0.115,0.087,0.000
351.540,0.000,0.113,0.087,0.000
351.560,0.000,0.115,0.087,0.000
351.580,0.000,0.111,0.087,0.000
351.600,0.000,0.113,0.087,0.000
351.620,0.000,0.109,0.087,0.000
351.640,0.000,0.115,0.087,0.000
351.660,0.000,0.109,0.087,0.000
351.680,0.000,0.113,0.087,0.000
351.700,0.000,0.110,0.087,0.000
351.720,0.000,0.120,0.087,0.000
351.740,0.000,0.119,0.087,0.000
351.760,0.000,0.121,0.087,0.000
351.780,0.000,0.124,0.087,0.000
351.800,0.000,0.126,0.087,0.000
351.820,0.000,0.130,0.087,0.000
351.840,0.000,0.132,0.087,0.000
351.860,0.000,0.138,0.087,0.000
351.880,0.000,0.139,0.087,0.000
351.900,0.000,0.142,0.087,0.000
351.920,0.000,0.147,0.087,0.000
351.940,0.000,0.153,0.087,0.000
351.960,0.000,0.153,0.083,0.000
351.980,0.000,0.161,0.081,0.000
352.000,0.000,0.162,0.081,0.000
352.020,0.000,0.164,0.081,0.000
352.040,0.000,0.166,0.081,0.000
352.060,0.000,0.170,0.081,0.000
352.080,0.000,0.170,0.081,0.000
352.100,0.000,0.175,0.081,0.000
352.120,0.000,0.175,0.081,0.000
352.140,0.000,0.177,0.081,0.000
352.160,0.000,0.178,0.081,0.000
352.180,0.000,0.175,0.081,0.000
352.200,0.000,0.174,0.081,0.000
352.220,0.000,0.171,0.081,0.000
352.240,0.000,0.172,0.081,0.000
352.260,0.000,0.171,0.081,0.000
352.280,0.000,0.171,0.081,0.000
352.300,0.000,0.169,0.081,0.000
352.320,0.000,0.164,0.081,0.000
352.340,0.000,0.160,0.081,0.000
352.360,0.000,0.153,0.081,0.000
352.380,0.000,0.152,0.081,0.000
352.400,0.000,0.149,0.081,0.000
352.420,0.000,0.146,0.081,0.000
352.440,0.000,0.139,0.081,0.000
352.460,0.000,0.134,0.081,0.000
352.480,0.000,0.133,0.081,0.000
352.500,0.000,0.132,0.081,0.000
352.520,0.000,0.132,0.081,0.000
352.540,0.000,0.127,0.081,0.000
352.560,0.000,0.126,0.081,0.000
352.580,0.000,0.125,0.081,0.000
352.600,0.000,0.122,0.081,0.000
352.620,0.000,0.120,0.081,0.000
352.640,0.000,0.114,0.081,0.000
352.660,0.000,0.116,0.081,0.000
352.680,0.000,0.116,0.081,0.000
352.700,0.000,0.116,0.081,0.000
352.720,0.000,0.117,0.081,0.000
352.740,0.000,0.117,0.081,0.000
352.760,0.000,0.120,0.081,0.000
352.780,0.000,0.123,0.081,0.000
352.800,0.000,0.128,0.081,0.000
352.820,0.000,0.130,0.081,0.000
352.840,0.000,0.132,0.081,0.000
352.860,0.000,0.132,0.081,0.000
352.880,0.000,0.132,0.081,0.000
352.900,0.000,0.133,0.081,0.000
352.920,0.000,0.138,0.081,0.000
352.940,0.000,0.141,0.081,0.000
352.960,0.000,0.146,0.081,0.000
352.980,0.000,0.149,0.081,0.000
353.000,0.000,0.153,0.081,0.000
353.020,0.000,0.155,0.081,0.000
353.040,0.000,0.162,0.081,0.000
353.060,0.000,0.162,0.081,0.000
353.080,0.000,0.169,0.081,0.000
353.100,0.000,0.170,0.081,0.000
353.120,0.000,0.171,0.081,0.000
353.140,0.000,0.171,0.081,0.000
353.160,0.000,0.170,0.081,0.000
353.180,0.000,0.171,0.081,0.000
353.200,0.000,0.171,0.081,0.000
353.220,0.000,0.171,0.081,0.000
353.240,0.000,0.170,0.081,0.000
353.260,0.000,0.170,0.081,0.000
353.280,0.000,0.170,0.081,0.000
353.300,0.000,0.169,0.081,0.000
353.320,0.000,0.161,0.081,0.000
353.340,0.000,0.158,0.081,0.000
353.360,0.000,0.155,0.081,0.000
353.380,0.000,0.153,0.081,0.000
353.400,0.000,0.149,0.081,0.000
353.420,0.000,0.149,0.081,0.000
353.440,0.000,0.138,0.081,0.000
353.460,0.000,0.139,0.081,0.000
353.480,0.000,0.133,0.081,0.000
353.500,0.000,0.133,0.079,0.000
353.520,0.000,0.132,0.079,0.000
353.540,0.000,0.132,0.077,0.000
353.560,0.000,0.127,0.077,0.000
353.580,0.000,0.124,0.077,0.000
353.600,0.000,0.117,0.077,0.000
353.620,0.000,0.115,0.077,0.000
353.640,0.000,0.116,0.077,0.000
353.660,0.000,0.113,0.077,0.000
353.680,0.000,0.114,0.077,0.000
353.700,0.000,0.112,0.077,0.000
353.720,0.000,0.115,0.077,0.000
353.740,0.000,0.113,0.077,0.000
353.760,0.000,0.116,0.077,0.000
353.780,0.000,0.114,0.077,0.000
353.800,0.000,0.115,0.077,0.000
353.820,0.000,0.115,0.077,0.000
353.840,0.000,0.123,0.077,0.000
353.860,0.000,0.125,0.077,0.000
353.880,0.000,0.128,0.077,0.000
353.900,0.000,0.128,0.077,0.000
353.920,0.000,0.135,0.077,0.000
353.940,0.000,0.137,0.077,0.000
353.960,0.000,0.138,0.077,0.000
353.980,0.000,0.143,0.077,0.000
354.000,0.000,0.145,0.077,0.000
354.020,0.000,0.152,0.077,0.000
354.040,0.000,0.152,0.077,0.000
354.060,0.000,0.158,0.077,0.000
354.080,0.000,0.160,0.077,0.000
354.100,0.000,0.163,0.077,0.000
354.120,0.000,0.162,0.077,0.000
354.140,0.000,0.168,0.077,0.000
354.160,0.000,0.167,0.077,0.000
354.180,0.000,0.171,0.077,0.000
354.200,0.000,0.170,0.077,0.000
354.220,0.000,0.175,0.077,0.000
354.240,0.000,0.170,0.077,0.000
354.260,0.000,0.172,0.077,0.000
354.280,0.000,0.170,0.077,0.000
354.300,0.000,0.169,0.077,0.000
354.320,0.000,0.170,0.077,0.000
354.340,0.000,0.168,0.077,0.000
354.360,0.000,0.167,0.077,0.000
354.380,0.000,0.161,0.077,0.000
354.400,0.000,0.162,0.077,0.000
354.420,0.000,0.155,0.077,0.000
354.440,0.000,0.158,0.077,0.000
354.460,0.000,0.150,0.077,0.000
354.480,0.000,0.150,0.077,0.000
354.500,0.000,0.141,0.077,0.000
354.520,0.000,0.143,0.075,0.000
354.540,0.000,0.134,0.075,0.000
354.560,0.000,0.134,0.075,0.000
354.580,0.000,0.133,0.075,0.000
354.600,0.000,0.132,0.073,0.000
354.620,0.000,0.131,0.073,0.000
354.640,0.000,0.129,0.073,0.000
354.660,0.000,0.128,0.073,0.000
354.680,0.000,0.127,0.073,0.000
354.700,0.000,0.124,0.073,0.000
354.720,0.000,0.123,0.073,0.000
354.740,0.000,0.121,0.073,0.000
354.760,0.000,0.122,0.073,0.000
354.780,0.000,0.120,0.073,0.000
354.800,0.000,0.122,0.073,0.000
354.820,0.000,0.124,0.073,0.000
354.840,0.000,0.126,0.073,0.000
354.860,0.000,0.129,0.073,0.000
354.880,0.000,0.131,0.073,0.000
354.900,0.000,0.132,0.073,0.000
354.920,0.000,0.133,0.073,0.000
354.940,0.000,0.132,0.073,0.000
354.960,0.000,0.133,0.073,0.000
354.980,0.000,0.139,0.073,0.000
355.000,0.000,0.139,0.073,0.000
355.020,0.000,0.147,0.073,0.000
355.040,0.000,0.149,0.073,0.000
355.060,0.000,0.152,0.073,0.000
355.080,0.000,0.153,0.071,0.000
355.100,0.000,0.156,0.071,0.000
355.120,0.000,0.162,0.071,0.000
355.140,0.000,0.165,0.071,0.000
355.160,0.000,0.170,0.071,0.000
355.180,0.000,0.165,0.071,0.000
355.200,0.000,0.171,0.071,0.000
355.220,0.000,0.169,0.071,0.000
355.240,0.000,0.171,0.071,0.000
355.260,0.000,0.170,0.071,0.000
355.280,0.000,0.171,0.071,0.000
355.300,0.000,0.170,0.071,0.000
355.320,0.000,0.170,0.071,0.000
355.340,0.000,0.169,0.071,0.000
355.360,0.000,0.170,0.071,0.000
355.380,0.000,0.161,0.071,0.000
355.400,0.000,0.157,0.071,0.000
355.420,0.000,0.163,0.071,0.000
355.440,0.000,0.152,0.071,0.000
355.460,0.000,0.153,0.071,0.000
355.480,0.000,0.150,0.071,0.000
355.500,0.000,0.146,0.071,0.000
355.520,0.000,0.138,0.071,0.000
355.540,0.000,0.140,0.071,0.000
355.560,0.000,0.133,0.071,0.000
355.580,0.000,0.133,0.071,0.000
355.600,0.000,0.132,0.071,0.000
355.620,0.000,0.132,0.068,0.000
355.640,0.000,0.128,0.068,0.000
355.660,0.000,0.131,0.068,0.000
355.680,0.000,0.120,0.068,0.000
355.700,0.000,0.121,0.068,0.000
355.720,0.000,0.115,0.068,0.000
355.740,0.000,0.118,0.068,0.000
355.760,0.000,0.113,0.068,0.000
355.780,0.000,0.114,0.068,0.000
355.800,0.000,0.114,0.068,0.000
355.820,0.000,0.116,0.068,0.000
355.840,0.000,0.117,0.068,0.000
355.860,0.000,0.114,0.068,0.000
355.880,0.000,0.119,0.068,0.000
355.900,0.000,0.118,0.068,0.000
355.920,0.000,0.126,0.068,0.000
355.940,0.000,0.124,0.068,0.000
355.960,0.000,0.133,0.068,0.000
355.980,0.000,0.132,0.068,0.000
356.000,0.000,0.133,0.068,0.000
356.020,0.000,0.133,0.068,0.000
356.040,0.000,0.139,0.068,0.000
356.060,0.000,0.139,0.068,0.000
356.080,0.000,0.150,0.068,0.000
356.100,0.000,0.148,0.068,0.000
356.120,0.000,0.153,0.068,0.000
356.140,0.000,0.153,0.068,0.000
356.160,0.000,0.157,0.068,0.000
356.180,0.000,0.155,0.068,0.000
356.200,0.000,0.161,0.068,0.000
356.220,0.000,0.162,0.068,0.000
356.240,0.000,0.164,0.068,0.000
356.260,0.000,0.168,0.068,0.000
356.280,0.000,0.161,0.068,0.000
356.300,0.000,0.171,0.068,0.000
356.320,0.000,0.165,0.068,0.000
356.340,0.000,0.171,0.068,0.000
356.360,0.000,0.164,0.068,0.000
356.380,0.000,0.170,0.068,0.000
356.400,0.000,0.158,0.068,0.000
356.420,0.000,0.169,0.068,0.000
356.440,0.000,0.157,0.068,0.000
356.460,0.000,0.163,0.068,0.000
356.480,0.000,0.149,0.068,0.000
356.500,0.000,0.161,0.068,0.000
356.520,0.000,0.146,0.068,0.000
356.540,0.000,0.156,0.068,0.000
356.560,0.000,0.144,0.068,0.000
356.580,0.000,0.146,0.068,0.000
356.600,0.000,0.136,0.068,0.000
356.620,0.000,0.141,0.068,0.000
356.640,0.000,0.131,0.068,0.000
356.660,0.000,0.135,0.068,0.000
356.680,0.000,0.130,0.068,0.000
356.700,0.000,0.130,0.065,0.000
356.720,0.000,0.128,0.065,0.000
356.740,0.000,0.125,0.065,0.000
356.760,0.000,0.128,0.065,0.000
356.780,0.000,0.123,0.065,0.000
356.800,0.000,0.128,0.065,0.000
356.820,0.000,0.120,0.065,0.000
356.840,0.000,0.129,0.065,0.000
356.860,0.000,0.118,0.065,0.000
356.880,0.000,0.130,0.065,0.000
356.900,0.000,0.122,0.065,0.000
356.920,0.000,0.131,0.065,0.000
356.940,0.000,0.124,0.065,0.000
356.960,0.000,0.134,0.065,0.000
356.980,0.000,0.128,0.065,0.000
357.000,0.000,0.135,0.065,0.000
357.020,0.000,0.133,0.065,0.000
357.040,0.000,0.137,0.065,0.000
357.060,0.000,0.138,0.065,0.000
357.080,0.000,0.141,0.065,0.000
357.100,0.000,0.148,0.065,0.000
357.120,0.000,0.149,0.065,0.000
357.140,0.000,0.153,0.065,0.000
357.160,0.000,0.152,0.063,0.000
357.180,0.000,0.162,0.063,0.000
357.200,0.000,0.157,0.063,0.000
357.220,0.000,0.170,0.063,0.000
357.240,0.000,0.158,0.063,0.000
357.260,0.000,0.171,0.063,0.000
357.280,0.000,0.163,0.063,0.000
357.300,0.000,0.171,0.063,0.000
357.320,0.000,0.163,0.063,0.000
357.340,0.000,0.171,0.063,0.000
357.360,0.000,0.162,0.063,0.000
357.380,0.000,0.171,0.063,0.000
357.400,0.000,0.166,0.063,0.000
357.420,0.000,0.168,0.063,0.000
357.440,0.000,0.161,0.063,0.000
357.460,0.000,0.162,0.063,0.000
357.480,0.000,0.162,0.063,0.000
357.500,0.000,0.155,0.063,0.000
357.520,0.000,0.159,0.063,0.000
357.540,0.000,0.152,0.063,0.000
357.560,0.000,0.151,0.063,0.000
357.580,0.000,0.138,0.063,0.000
357.600,0.000,0.147,0.063,0.000
357.620,0.000,0.133,0.063,0.000
357.640,0.000,0.138,0.063,0.000
357.660,0.000,0.132,0.063,0.000
357.680,0.000,0.133,0.063,0.000
357.700,0.000,0.129,0.063,0.000
357.720,0.000,0.132,0.063,0.000
357.740,0.000,0.124,0.063,0.000
357.760,0.000,0.130,0.063,0.000
357.780,0.000,0.121,0.063,0.000
357.800,0.000,0.123,0.063,0.000
357.820,0.000,0.120,0.063,0.000
357.840,0.000,0.120,0.063,0.000
357.860,0.000,0.121,0.063,0.000
357.880,0.000,0.119,0.063,0.000
357.900,0.000,0.122,0.063,0.000
357.920,0.000,0.116,0.063,0.000
357.940,0.000,0.125,0.063,0.000
357.960,0.000,0.116,0.063,0.000
357.980,0.000,0.130,0.063,0.000
358.000,0.000,0.124,0.063,0.000
358.020,0.000,0.132,0.063,0.000
358.040,0.000,0.126,0.063,0.000
358.060,0.000,0.132,0.063,0.000
358.080,0.000,0.132,0.063,0.000
358.100,0.000,0.135,0.063,0.000
358.120,0.000,0.135,0.063,0.000
358.140,0.000,0.144,0.063,0.000
358.160,0.000,0.141,0.063,0.000
358.180,0.000,0.151,0.063,0.000
358.200,0.000,0.149,0.063,0.000
358.220,0.000,0.150,0.063,0.000
358.240,0.000,0.154,0.063,0.000
358.260,0.000,0.153,0.063,0.000
358.280,0.000,0.158,0.063,0.000
358.300,0.000,0.156,0.063,0.000
358.320,0.000,0.162,0.063,0.000
358.340,0.000,0.159,0.063,0.000
358.360,0.000,0.169,0.063,0.000
358.380,0.000,0.159,0.063,0.000
358.400,0.000,0.168,0.063,0.000
358.420,0.000,0.162,0.063,0.000
358.440,0.000,0.169,0.063,0.000
358.460,0.000,0.157,0.063,0.000
358.480,0.000,0.164,0.063,0.000
358.500,0.000,0.159,0.063,0.000
358.520,0.000,0.161,0.063,0.000
358.540,0.000,0.153,0.063,0.000
358.560,0.000,0.157,0.063,0.000
358.580,0.000,0.148,0.063,0.000
358.600,0.000,0.149,0.063,0.000
358.620,0.000,0.146,0.063,0.000
358.640,0.000,0.145,0.063,0.000
358.660,0.000,0.141,0.063,0.000
358.680,0.000,0.137,0.063,0.000
358.700,0.000,0.138,0.062,0.000
358.720,0.000,0.132,0.062,0.000
358.740,0.000,0.133,0.062,0.000
358.760,0.000,0.128,0.062,0.000
358.780,0.000,0.132,0.062,0.000
358.800,0.000,0.122,0.062,0.000
358.820,0.000,0.128,0.062,0.000
358.840,0.000,0.123,0.062,0.000
358.860,0.000,0.125,0.062,0.000
358.880,0.000,0.122,0.062,0.000
358.900,0.000,0.124,0.062,0.000
358.920,0.000,0.121,0.062,0.000
358.940,0.000,0.128,0.062,0.000
358.960,0.000,0.121,0.062,0.000
358.980,0.000,0.125,0.062,0.000
359.000,0.000,0.124,0.062,0.000
359.020,0.000,0.127,0.062,0.000
359.040,0.000,0.130,0.062,0.000
359.060,0.000,0.131,0.062,0.000
359.080,0.000,0.133,0.062,0.000
359.100,0.000,0.135,0.062,0.000
359.120,0.000,0.140,0.062,0.000
359.140,0.000,0.136,0.062,0.000
359.160,0.000,0.145,0.062,0.000
359.180,0.000,0.142,0.062,0.000
359.200,0.000,0.152,0.062,0.000
359.220,0.000,0.148,0.059,0.000
359.240,0.000,0.157,0.059,0.000
359.260,0.000,0.153,0.058,0.000
359.280,0.000,0.163,0.058,0.000
359.300,0.000,0.157,0.058,0.000
359.320,0.000,0.166,0.058,0.000
359.340,0.000,0.158,0.058,0.000
359.360,0.000,0.169,0.058,0.000
359.380,0.000,0.166,0.058,0.000
359.400,0.000,0.170,0.058,0.000
359.420,0.000,0.166,0.058,0.000
359.440,0.000,0.167,0.058,0.000
359.460,0.000,0.170,0.058,0.000
359.480,0.000,0.166,0.058,0.000
359.500,0.000,0.169,0.058,0.000
359.520,0.000,0.161,0.058,0.000
359.540,0.000,0.166,0.058,0.000
359.560,0.000,0.157,0.058,0.000
359.580,0.000,0.160,0.058,0.000
359.600,0.000,0.151,0.058,0.000
359.620,0.000,0.156,0.058,0.000
359.640,0.000,0.149,0.058,0.000
359.660,0.000,0.149,0.058,0.000
359.680,0.000,0.142,0.058,0.000
359.700,0.000,0.145,0.058,0.000
359.720,0.000,0.139,0.058,0.000
359.740,0.000,0.141,0.058,0.000
359.760,0.000,0.134,0.058,0.000
359.780,0.000,0.135,0.058,0.000
359.800,0.000,0.131,0.058,0.000
359.820,0.000,0.132,0.058,0.000
359.840,0.000,0.124,0.058,0.000
359.860,0.000,0.128,0.058,0.000
359.880,0.000,0.123,0.058,0.000
359.900,0.000,0.126,0.058,0.000
359.920,0.000,0.121,0.058,0.000
359.940,0.000,0.124,0.058,0.000
359.960,0.000,0.121,0.058,0.000
359.980,0.000,0.122,0.058,0.000
360.000,0.000,0.127,0.058,0.000
360.020,0.000,0.120,0.058,0.000
360.040,0.000,0.128,0.058,0.000
360.060,0.000,0.122,0.058,0.000
360.080,0.000,0.130,0.058,0.000
360.100,0.000,0.129,0.058,0.000
360.120,0.000,0.132,0.058,0.000
360.140,0.000,0.131,0.058,0.000
360.160,0.000,0.134,0.058,0.000
360.180,0.000,0.134,0.058,0.000
360.200,0.000,0.135,0.058,0.000
360.220,0.000,0.140,0.058,0.000
360.240,0.000,0.141,0.058,0.000
360.260,0.000,0.147,0.058,0.000
360.280,0.000,0.145,0.058,0.000
360.300,0.000,0.149,0.058,0.000
360.320,0.000,0.150,0.058,0.000
360.340,0.000,0.157,0.058,0.000
360.360,0.000,0.152,0.058,0.000
360.380,0.000,0.158,0.058,0.000
360.400,0.000,0.155,0.058,0.000
360.420,0.000,0.162,0.058,0.000
360.440,0.000,0.159,0.058,0.000
360.460,0.000,0.162,0.058,0.000
360.480,0.000,0.160,0.058,0.000
360.500,0.000,0.161,0.058,0.000
360.520,0.000,0.161,0.058,0.000
360.540,0.000,0.158,0.058,0.000
360.560,0.000,0.159,0.058,0.000
360.580,0.000,0.157,0.058,0.000
360.600,0.000,0.157,0.058,0.000
360.620,0.000,0.149,0.058,0.000
360.640,0.000,0.155,0.058,0.000
360.660,0.000,0.144,0.058,0.000
360.680,0.000,0.151,0.058,0.000
360.700,0.000,0.141,0.058,0.000
360.720,0.000,0.149,0.058,0.000
360.740,0.000,0.135,0.058,0.000
360.760,0.000,0.145,0.057,0.000
360.780,0.000,0.131,0.057,0.000
360.800,0.000,0.138,0.057,0.000
360.820,0.000,0.125,0.057,0.000
360.840,0.000,0.132,0.057,0.000
360.860,0.000,0.128,0.055,0.000
360.880,0.000,0.128,0.055,0.000
360.900,0.000,0.124,0.055,0.000
360.920,0.000,0.125,0.055,0.000
360.940,0.000,0.126,0.055,0.000
360.960,0.000,0.118,0.055,0.000
360.980,0.000,0.132,0.055,0.000
361.000,0.000,0.115,0.056,0.000
361.020,0.000,0.129,0.056,0.000
361.040,0.000,0.116,0.056,0.000
361.060,0.000,0.132,0.056,0.000
361.080,0.000,0.121,0.056,0.000
361.100,0.000,0.135,0.056,0.000
361.120,0.000,0.124,0.056,0.000
361.140,0.000,0.137,0.056,0.000
361.160,0.000,0.125,0.056,0.000
361.180,0.000,0.140,0.056,0.000
361.200,0.000,0.136,0.056,0.000
361.220,0.000,0.139,0.056,0.000
361.240,0.000,0.141,0.056,0.000
361.260,0.000,0.145,0.056,0.000
361.280,0.000,0.147,0.056,0.000
361.300,0.000,0.146,0.056,0.000
361.320,0.000,0.157,0.056,0.000
361.340,0.000,0.147,0.056,0.000
361.360,0.000,0.161,0.056,0.000
361.380,0.000,0.150,0.056,0.000
361.400,0.000,0.172,0.057,0.000
361.420,0.000,0.156,0.057,0.000
361.440,0.000,0.170,0.057,0.000
361.460,0.000,0.161,0.057,0.000
361.480,0.000,0.166,0.057,0.000
361.500,0.000,0.166,0.057,0.000
361.520,0.000,0.166,0.057,0.000
361.540,0.000,0.163,0.057,0.000
361.560,0.000,0.163,0.057,0.000
361.580,0.000,0.164,0.057,0.000
361.600,0.000,0.162,0.057,0.000
361.620,0.000,0.166,0.057,0.000
361.640,0.000,0.157,0.057,0.000
361.660,0.000,0.161,0.057,0.000
361.680,0.000,0.150,0.057,0.000
361.700,0.000,0.160,0.057,0.000
361.720,0.000,0.146,0.057,0.000
361.740,0.000,0.153,0.057,0.000
361.760,0.000,0.143,0.057,0.000
361.780,0.000,0.148,0.057,0.000
361.800,0.000,0.138,0.057,0.000
361.820,0.000,0.142,0.057,0.000
361.840,0.000,0.135,0.057,0.000
361.860,0.000,0.135,0.057,0.000
361.880,0.000,0.133,0.057,0.000
361.900,0.000,0.131,0.057,0.000
361.920,0.000,0.133,0.057,0.000
361.940,0.000,0.125,0.057,0.000
361.960,0.000,0.130,0.057,0.000
361.980,0.000,0.124,0.057,0.000
362.000,0.000,0.129,0.057,0.000
362.020,0.000,0.121,0.057,0.000
362.040,0.000,0.130,0.057,0.000
362.060,0.000,0.119,0.057,0.000
362.080,0.000,0.129,0.057,0.000
362.100,0.000,0.122,0.057,0.000
362.120,0.000,0.131,0.057,0.000
362.140,0.000,0.124,0.057,0.000
362.160,0.000,0.132,0.057,0.000
362.180,0.000,0.129,0.057,0.000
362.200,0.000,0.136,0.057,0.000
362.220,0.000,0.132,0.057,0.000
362.240,0.000,0.137,0.057,0.000
362.260,0.000,0.137,0.057,0.000
362.280,0.000,0.136,0.057,0.000
362.300,0.000,0.140,0.057,0.000
362.320,0.000,0.142,0.057,0.000
362.340,0.000,0.145,0.057,0.000
362.360,0.000,0.145,0.057,0.000
362.380,0.000,0.150,0.057,0.000
362.400,0.000,0.148,0.057,0.000
362.420,0.000,0.155,0.057,0.000
362.440,0.000,0.151,0.057,0.000
362.460,0.000,0.157,0.057,0.000
362.480,0.000,0.154,0.057,0.000
362.500,0.000,0.161,0.057,0.000
362.520,0.000,0.154,0.057,0.000
362.540,0.000,0.163,0.057,0.000
362.560,0.000,0.156,0.057,0.000
362.580,0.000,0.163,0.057,0.000
362.600,0.000,0.157,0.057,0.000
362.620,0.000,0.159,0.057,0.000
362.640,0.000,0.154,0.057,0.000
362.660,0.000,0.154,0.057,0.000
362.680,0.000,0.153,0.057,0.000
362.700,0.000,0.150,0.057,0.000
362.720,0.000,0.150,0.057,0.000
362.740,0.000,0.146,0.057,0.000
362.760,0.000,0.149,0.057,0.000
362.780,0.000,0.144,0.057,0.000
362.800,0.000,0.144,0.057,0.000
362.820,0.000,0.138,0.057,0.000
362.840,0.000,0.138,0.057,0.000
362.860,0.000,0.135,0.057,0.000
362.880,0.000,0.134,0.057,0.000
362.900,0.000,0.132,0.057,0.000
362.920,0.000,0.132,0.057,0.000
362.940,0.000,0.127,0.057,0.000
362.960,0.000,0.128,0.057,0.000
362.980,0.000,0.125,0.057,0.000
363.000,0.000,0.127,0.057,0.000
363.020,0.000,0.123,0.057,0.000
363.040,0.000,0.122,0.057,0.000
363.060,0.000,0.124,0.057,0.000
363.080,0.000,0.121,0.057,0.000
363.100,0.000,0.124,0.057,0.000
363.120,0.000,0.124,0.057,0.000
363.140,0.000,0.125,0.057,0.000
363.160,0.000,0.124,0.057,0.000
363.180,0.000,0.128,0.057,0.000
363.200,0.000,0.126,0.057,0.000
363.220,0.000,0.132,0.057,0.000
363.240,0.000,0.131,0.057,0.000
363.260,0.000,0.136,0.057,0.000
363.280,0.000,0.137,0.057,0.000
363.300,0.000,0.141,0.057,0.000
363.320,0.000,0.141,0.057,0.000
363.340,0.000,0.142,0.057,0.000
363.360,0.000,0.144,0.057,0.000
363.380,0.000,0.143,0.057,0.000
363.400,0.000,0.148,0.057,0.000
363.420,0.000,0.149,0.057,0.000
363.440,0.000,0.157,0.057,0.000
363.460,0.000,0.155,0.057,0.000
363.480,0.000,0.159,0.057,0.000
363.500,0.000,0.158,0.057,0.000
363.520,0.000,0.161,0.057,0.000
363.540,0.000,0.161,0.057,0.000
363.560,0.000,0.165,0.057,0.000
363.580,0.000,0.161,0.057,0.000
363.600,0.000,0.161,0.057,0.000
363.620,0.000,0.162,0.057,0.000
363.640,0.000,0.161,0.057,0.000
363.660,0.000,0.162,0.057,0.000
363.680,0.000,0.161,0.057,0.000
363.700,0.000,0.162,0.057,0.000
363.720,0.000,0.161,0.057,0.000
363.740,0.000,0.161,0.057,0.000
363.760,0.000,0.154,0.057,0.000
363.780,0.000,0.153,0.057,0.000
363.800,0.000,0.149,0.057,0.000
363.820,0.000,0.147,0.057,0.000
363.840,0.000,0.145,0.057,0.000
363.860,0.000,0.144,0.057,0.000
363.880,0.000,0.144,0.057,0.000
363.900,0.000,0.140,0.057,0.000
363.920,0.000,0.138,0.057,0.000
363.940,0.000,0.136,0.057,0.000
363.960,0.000,0.137,0.057,0.000
363.980,0.000,0.132,0.057,0.000
364.000,0.000,0.132,0.057,0.000
364.020,0.000,0.131,0.057,0.000
364.040,0.000,0.132,0.057,0.000
364.060,0.000,0.128,0.057,0.000
364.080,0.000,0.128,0.057,0.000
364.100,0.000,0.129,0.057,0.000
364.120,0.000,0.128,0.057,0.000
364.140,0.000,0.128,0.057,0.000
364.160,0.000,0.128,0.057,0.000
364.180,0.000,0.132,0.057,0.000
364.200,0.000,0.131,0.057,0.000
364.220,0.000,0.132,0.057,0.000
364.240,0.000,0.129,0.057,0.000
364.260,0.000,0.133,0.057,0.000
364.280,0.000,0.132,0.057,0.000
364.300,0.000,0.135,0.057,0.000
364.320,0.000,0.134,0.057,0.000
364.340,0.000,0.141,0.057,0.000
364.360,0.000,0.140,0.057,0.000
364.380,0.000,0.143,0.057,0.000
364.400,0.000,0.145,0.057,0.000
364.420,0.000,0.145,0.057,0.000
364.440,0.000,0.149,0.057,0.000
364.460,0.000,0.149,0.057,0.000
364.480,0.000,0.153,0.057,0.000
364.500,0.000,0.151,0.057,0.000
364.520,0.000,0.156,0.057,0.000
364.540,0.000,0.156,0.057,0.000
364.560,0.000,0.160,0.057,0.000
364.580,0.000,0.156,0.057,0.000
364.600,0.000,0.157,0.057,0.000
364.620,0.000,0.158,0.057,0.000
364.640,0.000,0.160,0.057,0.000
364.660,0.000,0.157,0.057,0.000
364.680,0.000,0.158,0.057,0.000
364.700,0.000,0.153,0.057,0.000
364.720,0.000,0.156,0.057,0.000
364.740,0.000,0.152,0.057,0.000
364.760,0.000,0.153,0.057,0.000
364.780,0.000,0.153,0.057,0.000
364.800,0.000,0.151,0.057,0.000
364.820,0.000,0.149,0.057,0.000
364.840,0.000,0.149,0.057,0.000
364.860,0.000,0.144,0.057,0.000
364.880,0.000,0.140,0.057,0.000
364.900,0.000,0.136,0.057,0.000
364.920,0.000,0.137,0.057,0.000
364.940,0.000,0.133,0.057,0.000
364.960,0.000,0.134,0.057,0.000
364.980,0.000,0.131,0.057,0.000
365.000,0.000,0.132,0.057,0.000
365.020,0.000,0.132,0.057,0.000
365.040,0.000,0.132,0.057,0.000
365.060,0.000,0.128,0.057,0.000
365.080,0.000,0.128,0.057,0.000
365.100,0.000,0.124,0.057,0.000
365.120,0.000,0.126,0.057,0.000
365.140,0.000,0.122,0.057,0.000
365.160,0.000,0.123,0.057,0.000
365.180,0.000,0.124,0.057,0.000
365.200,0.000,0.125,0.057,0.000
365.220,0.000,0.125,0.057,0.000
365.240,0.000,0.127,0.057,0.000
365.260,0.000,0.130,0.057,0.000
365.280,0.000,0.128,0.057,0.000
365.300,0.000,0.132,0.057,0.000
365.320,0.000,0.132,0.057,0.000
365.340,0.000,0.136,0.057,0.000
365.360,0.000,0.135,0.057,0.000
365.380,0.000,0.142,0.057,0.000
365.400,0.000,0.137,0.057,0.000
365.420,0.000,0.142,0.057,0.000
365.440,0.000,0.143,0.057,0.000
365.460,0.000,0.148,0.057,0.000
365.480,0.000,0.148,0.057,0.000
365.500,0.000,0.152,0.057,0.000
365.520,0.000,0.153,0.057,0.000
365.540,0.000,0.156,0.057,0.000
365.560,0.000,0.153,0.057,0.000
365.580,0.000,0.159,0.057,0.000
365.600,0.000,0.161,0.057,0.000
365.620,0.000,0.159,0.057,0.000
365.640,0.000,0.161,0.057,0.000
365.660,0.000,0.158,0.057,0.000
365.680,0.000,0.162,0.057,0.000
365.700,0.000,0.161,0.057,0.000
365.720,0.000,0.161,0.057,0.000
365.740,0.000,0.161,0.057,0.000
365.760,0.000,0.161,0.057,0.000
365.780,0.000,0.159,0.057,0.000
365.800,0.000,0.160,0.057,0.000
365.820,0.000,0.159,0.057,0.000
365.840,0.000,0.155,0.057,0.000
365.860,0.000,0.149,0.057,0.000
365.880,0.000,0.149,0.057,0.000
365.900,0.000,0.145,0.057,0.000
365.920,0.000,0.145,0.057,0.000
365.940,0.000,0.142,0.057,0.000
365.960,0.000,0.140,0.057,0.000
365.980,0.000,0.137,0.057,0.000
366.000,0.000,0.137,0.056,0.000
366.020,0.000,0.135,0.056,0.000
366.040,0.000,0.135,0.053,0.000
366.060,0.000,0.132,0.053,0.000
366.080,0.000,0.132,0.053,0.000
366.100,0.000,0.132,0.053,0.000
366.120,0.000,0.132,0.053,0.000
366.140,0.000,0.132,0.053,0.000
366.160,0.000,0.132,0.053,0.000
366.180,0.000,0.132,0.053,0.000
366.200,0.000,0.132,0.053,0.000
366.220,0.000,0.132,0.053,0.000
366.240,0.000,0.132,0.053,0.000
366.260,0.000,0.132,0.053,0.000
366.280,0.000,0.132,0.053,0.000
366.300,0.000,0.132,0.053,0.000
366.320,0.000,0.133,0.053,0.000
366.340,0.000,0.132,0.053,0.000
366.360,0.000,0.138,0.053,0.000
366.380,0.000,0.134,0.053,0.000
366.400,0.000,0.141,0.051,0.000
366.420,0.000,0.138,0.051,0.000
366.440,0.000,0.143,0.048,0.000
366.460,0.000,0.145,0.048,0.000
366.480,0.000,0.149,0.048,0.000
366.500,0.000,0.150,0.048,0.000
366.520,0.000,0.152,0.047,0.000
366.540,0.000,0.153,0.047,0.000
366.560,0.000,0.153,0.047,0.000
366.580,0.000,0.153,0.047,0.000
366.600,0.000,0.157,0.047,0.000
366.620,0.000,0.157,0.046,0.000
366.640,0.000,0.161,0.046,0.000
366.660,0.000,0.156,0.046,0.000
366.680,0.000,0.159,0.046,0.000
366.700,0.000,0.160,0.046,0.000
366.720,0.000,0.157,0.046,0.000
366.740,0.000,0.160,0.046,0.000
366.760,0.000,0.157,0.046,0.000
366.780,0.000,0.157,0.046,0.000
366.800,0.000,0.155,0.046,0.000
366.820,0.000,0.154,0.046,0.000
366.840,0.000,0.153,0.046,0.000
366.860,0.000,0.153,0.046,0.000
366.880,0.000,0.152,0.046,0.000
366.900,0.000,0.151,0.046,0.000
366.920,0.000,0.148,0.046,0.000
366.940,0.000,0.145,0.046,0.000
366.960,0.000,0.138,0.046,0.000
366.980,0.000,0.140,0.046,0.000
367.000,0.000,0.133,0.046,0.000
367.020,0.000,0.133,0.046,0.000
367.040,0.000,0.133,0.046,0.000
367.060,0.000,0.133,0.044,0.000
367.080,0.000,0.133,0.044,0.000
367.100,0.000,0.132,0.044,0.000
367.120,0.000,0.132,0.044,0.000
367.140,0.000,0.131,0.044,0.000
367.160,0.000,0.132,0.044,0.000
367.180,0.000,0.128,0.044,0.000
367.200,0.000,0.132,0.044,0.000
367.220,0.000,0.128,0.044,0.000
367.240,0.000,0.132,0.044,0.000
367.260,0.000,0.127,0.044,0.000
367.280,0.000,0.130,0.044,0.000
367.300,0.000,0.132,0.044,0.000
367.320,0.000,0.132,0.044,0.000
367.340,0.000,0.132,0.044,0.000
367.360,0.000,0.132,0.044,0.000
367.380,0.000,0.132,0.044,0.000
367.400,0.000,0.133,0.044,0.000
367.420,0.000,0.134,0.044,0.000
367.440,0.000,0.132,0.044,0.000
367.460,0.000,0.139,0.044,0.000
367.480,0.000,0.137,0.044,0.000
367.500,0.000,0.142,0.044,0.000
367.520,0.000,0.141,0.044,0.000
367.540,0.000,0.149,0.044,0.000
367.560,0.000,0.147,0.044,0.000
367.580,0.000,0.152,0.044,0.000
367.600,0.000,0.153,0.044,0.000
367.620,0.000,0.152,0.044,0.000
367.640,0.000,0.152,0.044,0.000
367.660,0.000,0.154,0.044,0.000
367.680,0.000,0.153,0.044,0.000
367.700,0.000,0.158,0.044,0.000
367.720,0.000,0.154,0.044,0.000
367.740,0.000,0.157,0.044,0.000
367.760,0.000,0.157,0.044,0.000
367.780,0.000,0.157,0.044,0.000
367.800,0.000,0.154,0.044,0.000
367.820,0.000,0.157,0.044,0.000
367.840,0.000,0.155,0.044,0.000
367.860,0.000,0.156,0.044,0.000
367.880,0.000,0.153,0.044,0.000
367.900,0.000,0.153,0.044,0.000
367.920,0.000,0.153,0.044,0.000
367.940,0.000,0.150,0.044,0.000
367.960,0.000,0.149,0.044,0.000
367.980,0.000,0.145,0.044,0.000
368.000,0.000,0.145,0.044,0.000
368.020,0.000,0.142,0.044,0.000
368.040,0.000,0.141,0.044,0.000
368.060,0.000,0.142,0.044,0.000
368.080,0.000,0.139,0.043,0.000
368.100,0.000,0.137,0.043,0.000
368.120,0.000,0.136,0.043,0.000
368.140,0.000,0.134,0.043,0.000
368.160,0.000,0.135,0.043,0.000
368.180,0.000,0.131,0.043,0.000
368.200,0.000,0.132,0.043,0.000
368.220,0.000,0.132,0.043,0.000
368.240,0.000,0.130,0.043,0.000
368.260,0.000,0.129,0.043,0.000
368.280,0.000,0.133,0.043,0.000
368.300,0.000,0.132,0.043,0.000
368.320,0.000,0.133,0.043,0.000
368.340,0.000,0.132,0.043,0.000
368.360,0.000,0.133,0.043,0.000
368.380,0.000,0.135,0.043,0.000
368.400,0.000,0.134,0.043,0.000
368.420,0.000,0.135,0.043,0.000
368.440,0.000,0.136,0.043,0.000
368.460,0.000,0.140,0.043,0.000
368.480,0.000,0.137,0.043,0.000
368.500,0.000,0.144,0.043,0.000
368.520,0.000,0.142,0.043,0.000
368.540,0.000,0.147,0.043,0.000
368.560,0.000,0.151,0.040,0.000
368.580,0.000,0.150,0.040,0.000
368.600,0.000,0.152,0.040,0.000
368.620,0.000,0.152,0.040,0.000
368.640,0.000,0.154,0.040,0.000
368.660,0.000,0.153,0.040,0.000
368.680,0.000,0.160,0.040,0.000
368.700,0.000,0.153,0.040,0.000
368.720,0.000,0.163,0.041,0.000
368.740,0.000,0.157,0.041,0.000
368.760,0.000,0.161,0.041,0.000
368.780,0.000,0.155,0.041,0.000
368.800,0.000,0.163,0.041,0.000
368.820,0.000,0.154,0.041,0.000
368.840,0.000,0.161,0.041,0.000
368.860,0.000,0.155,0.041,0.000
368.880,0.000,0.157,0.041,0.000
368.900,0.000,0.153,0.041,0.000
368.920,0.000,0.156,0.041,0.000
368.940,0.000,0.152,0.041,0.000
368.960,0.000,0.152,0.041,0.000
368.980,0.000,0.149,0.041,0.000
369.000,0.000,0.149,0.041,0.000
369.020,0.000,0.146,0.041,0.000
369.040,0.000,0.144,0.041,0.000
369.060,0.000,0.139,0.041,0.000
369.080,0.000,0.141,0.041,0.000
369.100,0.000,0.134,0.041,0.000
369.120,0.000,0.135,0.041,0.000
369.140,0.000,0.135,0.041,0.000
369.160,0.000,0.132,0.041,0.000
369.180,0.000,0.132,0.041,0.000
369.200,0.000,0.132,0.041,0.000
369.220,0.000,0.132,0.041,0.000
369.240,0.000,0.132,0.041,0.000
369.260,0.000,0.132,0.041,0.000
369.280,0.000,0.130,0.041,0.000
369.300,0.000,0.132,0.041,0.000
369.320,0.000,0.132,0.041,0.000
369.340,0.000,0.132,0.041,0.000
369.360,0.000,0.131,0.041,0.000
369.380,0.000,0.130,0.041,0.000
369.400,0.000,0.132,0.041,0.000
369.420,0.000,0.132,0.041,0.000
369.440,0.000,0.132,0.041,0.000
369.460,0.000,0.132,0.041,0.000
369.480,0.000,0.133,0.041,0.000
369.500,0.000,0.133,0.041,0.000
369.520,0.000,0.138,0.041,0.000
369.540,0.000,0.136,0.041,0.000
369.560,0.000,0.140,0.041,0.000
369.580,0.000,0.135,0.041,0.000
369.600,0.000,0.147,0.041,0.000
369.620,0.000,0.143,0.041,0.000
369.640,0.000,0.148,0.041,0.000
369.660,0.000,0.149,0.041,0.000
369.680,0.000,0.148,0.041,0.000
369.700,0.000,0.152,0.041,0.000
369.720,0.000,0.149,0.041,0.000
369.740,0.000,0.155,0.041,0.000
369.760,0.000,0.153,0.041,0.000
369.780,0.000,0.157,0.041,0.000
369.800,0.000,0.153,0.041,0.000
369.820,0.000,0.155,0.041,0.000
369.840,0.000,0.152,0.041,0.000
369.860,0.000,0.155,0.041,0.000
369.880,0.000,0.152,0.041,0.000
369.900,0.000,0.155,0.041,0.000
369.920,0.000,0.153,0.041,0.000
369.940,0.000,0.152,0.041,0.000
369.960,0.000,0.152,0.041,0.000
369.980,0.000,0.152,0.041,0.000
370.000,0.000,0.152,0.041,0.000
370.020,0.000,0.148,0.041,0.000
370.040,0.000,0.146,0.041,0.000
370.060,0.000,0.144,0.041,0.000
370.080,0.000,0.145,0.041,0.000
370.100,0.000,0.139,0.041,0.000
370.120,0.000,0.144,0.041,0.000
370.140,0.000,0.139,0.040,0.000
370.160,0.000,0.140,0.039,0.000
370.180,0.000,0.134,0.038,0.000
370.200,0.000,0.137,0.038,0.000
370.220,0.000,0.134,0.036,0.000
370.240,0.000,0.138,0.036,0.000
370.260,0.000,0.130,0.036,0.000
370.280,0.000,0.132,0.036,0.000
370.300,0.000,0.126,0.037,0.000
370.320,0.000,0.134,0.037,0.000
370.340,0.000,0.129,0.037,0.000
370.360,0.000,0.132,0.037,0.000
370.380,0.000,0.131,0.037,0.000
370.400,0.000,0.132,0.037,0.000
370.420,0.000,0.131,0.037,0.000
370.440,0.000,0.133,0.037,0.000
370.460,0.000,0.135,0.037,0.000
370.480,0.000,0.136,0.037,0.000
370.500,0.000,0.137,0.037,0.000
370.520,0.000,0.140,0.037,0.000
370.540,0.000,0.141,0.037,0.000
370.560,0.000,0.142,0.037,0.000
370.580,0.000,0.143,0.037,0.000
370.600,0.000,0.141,0.037,0.000
370.620,0.000,0.147,0.037,0.000
370.640,0.000,0.149,0.037,0.000
370.660,0.000,0.149,0.037,0.000
370.680,0.000,0.150,0.037,0.000
370.700,0.000,0.154,0.037,0.000
370.720,0.000,0.156,0.037,0.000
370.740,0.000,0.154,0.037,0.000
370.760,0.000,0.157,0.037,0.000
370.780,0.000,0.153,0.037,0.000
370.800,0.000,0.159,0.037,0.000
370.820,0.000,0.161,0.037,0.000
370.840,0.000,0.154,0.037,0.000
370.860,0.000,0.158,0.037,0.000
370.880,0.000,0.156,0.037,0.000
370.900,0.000,0.158,0.037,0.000
370.920,0.000,0.157,0.037,0.000
370.940,0.000,0.157,0.037,0.000
370.960,0.000,0.157,0.037,0.000
370.980,0.000,0.153,0.037,0.000
371.000,0.000,0.152,0.037,0.000
371.020,0.000,0.152,0.037,0.000
371.040,0.000,0.152,0.037,0.000
371.060,0.000,0.152,0.037,0.000
371.080,0.000,0.150,0.037,0.000
371.100,0.000,0.151,0.037,0.000
371.120,0.000,0.148,0.037,0.000
371.140,0.000,0.144,0.037,0.000
371.160,0.000,0.141,0.037,0.000
371.180,0.000,0.141,0.037,0.000
371.200,0.000,0.133,0.037,0.000
371.220,0.000,0.135,0.037,0.000
371.240,0.000,0.132,0.037,0.000
371.260,0.000,0.134,0.037,0.000
371.280,0.000,0.132,0.037,0.000
371.300,0.000,0.132,0.037,0.000
371.320,0.000,0.132,0.037,0.000
371.340,0.000,0.132,0.037,0.000
371.360,0.000,0.132,0.037,0.000
371.380,0.000,0.132,0.037,0.000
371.400,0.000,0.132,0.037,0.000
371.420,0.000,0.132,0.037,0.000
371.440,0.000,0.132,0.037,0.000
371.460,0.000,0.132,0.037,0.000
371.480,0.000,0.132,0.037,0.000
371.500,0.000,0.132,0.037,0.000
371.520,0.000,0.132,0.037,0.000
371.540,0.000,0.132,0.037,0.000
371.560,0.000,0.133,0.037,0.000
371.580,0.000,0.133,0.037,0.000
371.600,0.000,0.137,0.037,0.000
371.620,0.000,0.132,0.037,0.000
371.640,0.000,0.141,0.037,0.000
371.660,0.000,0.137,0.037,0.000
371.680,0.000,0.144,0.037,0.000
371.700,0.000,0.141,0.037,0.000
371.720,0.000,0.149,0.037,0.000
371.740,0.000,0.147,0.037,0.000
371.760,0.000,0.151,0.037,0.000
371.780,0.000,0.153,0.037,0.000
371.800,0.000,0.152,0.037,0.000
371.820,0.000,0.151,0.037,0.000
371.840,0.000,0.152,0.037,0.000
371.860,0.000,0.153,0.037,0.000
371.880,0.000,0.153,0.037,0.000
371.900,0.000,0.152,0.037,0.000
371.920,0.000,0.153,0.037,0.000
371.940,0.000,0.152,0.037,0.000
371.960,0.000,0.153,0.037,0.000
371.980,0.000,0.151,0.037,0.000
372.000,0.000,0.154,0.037,0.000
372.020,0.000,0.149,0.037,0.000
372.040,0.000,0.153,0.037,0.000
372.060,0.000,0.147,0.037,0.000
372.080,0.000,0.153,0.037,0.000
372.100,0.000,0.143,0.037,0.000
372.120,0.000,0.153,0.037,0.000
372.140,0.000,0.138,0.037,0.000
372.160,0.000,0.149,0.037,0.000
372.180,0.000,0.137,0.037,0.000
372.200,0.000,0.141,0.037,0.000
372.220,0.000,0.137,0.037,0.000
372.240,0.000,0.139,0.037,0.000
372.260,0.000,0.137,0.037,0.000
372.280,0.000,0.134,0.037,0.000
372.300,0.000,0.132,0.037,0.000
372.320,0.000,0.131,0.037,0.000
372.340,0.000,0.132,0.037,0.000
372.360,0.000,0.132,0.037,0.000
372.380,0.000,0.134,0.037,0.000
372.400,0.000,0.128,0.037,0.000
372.420,0.000,0.132,0.037,0.000
372.440,0.000,0.127,0.037,0.000
372.460,0.000,0.134,0.037,0.000
372.480,0.000,0.128,0.037,0.000
372.500,0.000,0.135,0.037,0.000
372.520,0.000,0.131,0.037,0.000
372.540,0.000,0.140,0.037,0.000
372.560,0.000,0.135,0.037,0.000
372.580,0.000,0.141,0.037,0.000
372.600,0.000,0.137,0.037,0.000
372.620,0.000,0.141,0.037,0.000
372.640,0.000,0.141,0.037,0.000
372.660,0.000,0.142,0.037,0.000
372.680,0.000,0.142,0.037,0.000
372.700,0.000,0.142,0.037,0.000
372.720,0.000,0.145,0.037,0.000
372.740,0.000,0.145,0.037,0.000
372.760,0.000,0.152,0.037,0.000
372.780,0.000,0.148,0.037,0.000
372.800,0.000,0.154,0.037,0.000
372.820,0.000,0.149,0.037,0.000
372.840,0.000,0.157,0.037,0.000
372.860,0.000,0.154,0.037,0.000
372.880,0.000,0.160,0.037,0.000
372.900,0.000,0.153,0.037,0.000
372.920,0.000,0.161,0.037,0.000
372.940,0.000,0.160,0.037,0.000
372.960,0.000,0.159,0.037,0.000
372.980,0.000,0.154,0.037,0.000
373.000,0.000,0.159,0.037,0.000
373.020,0.000,0.158,0.037,0.000
373.040,0.000,0.158,0.037,0.000
373.060,0.000,0.156,0.037,0.000
373.080,0.000,0.153,0.037,0.000
373.100,0.000,0.154,0.037,0.000
373.120,0.000,0.153,0.037,0.000
373.140,0.000,0.152,0.037,0.000
373.160,0.000,0.150,0.037,0.000
373.180,0.000,0.151,0.037,0.000
373.200,0.000,0.147,0.037,0.000
373.220,0.000,0.149,0.037,0.000
373.240,0.000,0.143,0.037,0.000
373.260,0.000,0.147,0.037,0.000
373.280,0.000,0.138,0.037,0.000
373.300,0.000,0.137,0.037,0.000
373.320,0.000,0.135,0.037,0.000
373.340,0.000,0.135,0.037,0.000
373.360,0.000,0.132,0.037,0.000
373.380,0.000,0.134,0.037,0.000
373.400,0.000,0.132,0.037,0.000
373.420,0.000,0.133,0.037,0.000
373.440,0.000,0.132,0.037,0.000
373.460,0.000,0.132,0.037,0.000
373.480,0.000,0.132,0.037,0.000
373.500,0.000,0.132,0.037,0.000
373.520,0.000,0.132,0.037,0.000
373.540,0.000,0.132,0.037,0.000
373.560,0.000,0.132,0.037,0.000
373.580,0.000,0.132,0.037,0.000
373.600,0.000,0.134,0.037,0.000
373.620,0.000,0.132,0.037,0.000
373.640,0.000,0.136,0.037,0.000
373.660,0.000,0.134,0.037,0.000
373.680,0.000,0.140,0.037,0.000
373.700,0.000,0.135,0.037,0.000
373.720,0.000,0.144,0.037,0.000
373.740,0.000,0.138,0.037,0.000
373.760,0.000,0.146,0.037,0.000
373.780,0.000,0.144,0.037,0.000
373.800,0.000,0.149,0.035,0.000
373.820,0.000,0.148,0.035,0.000
373.840,0.000,0.149,0.035,0.000
373.860,0.000,0.149,0.035,0.000
373.880,0.000,0.149,0.035,0.000
373.900,0.000,0.152,0.035,0.000
373.920,0.000,0.152,0.035,0.000
373.940,0.000,0.153,0.035,0.000
373.960,0.000,0.152,0.035,0.000
373.980,0.000,0.152,0.035,0.000
374.000,0.000,0.152,0.035,0.000
374.020,0.000,0.152,0.035,0.000
374.040,0.000,0.151,0.035,0.000
374.060,0.000,0.151,0.035,0.000
374.080,0.000,0.152,0.035,0.000
374.100,0.000,0.151,0.035,0.000
374.120,0.000,0.151,0.035,0.000
374.140,0.000,0.151,0.035,0.000
374.160,0.000,0.147,0.035,0.000
374.180,0.000,0.146,0.035,0.000
374.200,0.000,0.147,0.035,0.000
374.220,0.000,0.140,0.035,0.000
374.240,0.000,0.140,0.035,0.000
374.260,0.000,0.137,0.035,0.000
374.280,0.000,0.137,0.035,0.000
374.300,0.000,0.133,0.035,0.000
374.320,0.000,0.135,0.035,0.000
374.340,0.000,0.133,0.035,0.000
374.360,0.000,0.136,0.035,0.000
374.380,0.000,0.133,0.035,0.000
374.400,0.000,0.134,0.035,0.000
374.420,0.000,0.132,0.035,0.000
374.440,0.000,0.132,0.035,0.000
374.460,0.000,0.132,0.035,0.000
374.480,0.000,0.132,0.035,0.000
374.500,0.000,0.133,0.035,0.000
374.520,0.000,0.132,0.035,0.000
374.540,0.000,0.132,0.035,0.000
374.560,0.000,0.132,0.035,0.000
374.580,0.000,0.133,0.035,0.000
374.600,0.000,0.131,0.035,0.000
374.620,0.000,0.133,0.035,0.000
374.640,0.000,0.132,0.035,0.000
374.660,0.000,0.137,0.035,0.000
374.680,0.000,0.135,0.035,0.000
374.700,0.000,0.135,0.035,0.000
374.720,0.000,0.141,0.035,0.000
374.740,0.000,0.139,0.035,0.000
374.760,0.000,0.143,0.035,0.000
374.780,0.000,0.143,0.035,0.000
374.800,0.000,0.142,0.035,0.000
374.820,0.000,0.145,0.035,0.000
374.840,0.000,0.145,0.035,0.000
374.860,0.000,0.146,0.035,0.000
374.880,0.000,0.148,0.035,0.000
374.900,0.000,0.151,0.035,0.000
374.920,0.000,0.153,0.035,0.000
374.940,0.000,0.155,0.035,0.000
374.960,0.000,0.156,0.035,0.000
374.980,0.000,0.159,0.035,0.000
375.000,0.000,0.153,0.035,0.000
375.020,0.000,0.158,0.035,0.000
375.040,0.000,0.156,0.035,0.000
375.060,0.000,0.157,0.035,0.000
375.080,0.000,0.156,0.035,0.000
375.100,0.000,0.159,0.035,0.000
375.120,0.000,0.157,0.035,0.000
375.140,0.000,0.158,0.035,0.000
375.160,0.000,0.154,0.035,0.000
375.180,0.000,0.152,0.035,0.000
375.200,0.000,0.153,0.035,0.000
375.220,0.000,0.151,0.035,0.000
375.240,0.000,0.152,0.035,0.000
375.260,0.000,0.145,0.035,0.000
375.280,0.000,0.146,0.035,0.000
375.300,0.000,0.144,0.035,0.000
375.320,0.000,0.144,0.035,0.000
375.340,0.000,0.144,0.035,0.000
375.360,0.000,0.137,0.035,0.000
375.380,0.000,0.140,0.035,0.000
375.400,0.000,0.135,0.035,0.000
375.420,0.000,0.137,0.035,0.000
375.440,0.000,0.133,0.035,0.000
375.460,0.000,0.133,0.035,0.000
375.480,0.000,0.133,0.035,0.000
375.500,0.000,0.132,0.035,0.000
375.520,0.000,0.134,0.035,0.000
375.540,0.000,0.133,0.035,0.000
375.560,0.000,0.133,0.035,0.000
375.580,0.000,0.133,0.035,0.000
375.600,0.000,0.132,0.035,0.000
375.620,0.000,0.134,0.035,0.000
375.640,0.000,0.135,0.035,0.000
375.660,0.000,0.133,0.035,0.000
375.680,0.000,0.134,0.035,0.000
375.700,0.000,0.134,0.035,0.000
375.720,0.000,0.137,0.035,0.000
375.740,0.000,0.136,0.035,0.000
375.760,0.000,0.142,0.035,0.000
375.780,0.000,0.141,0.035,0.000
375.800,0.000,0.143,0.035,0.000
375.820,0.000,0.143,0.034,0.000
375.840,0.000,0.150,0.034,0.000
375.860,0.000,0.145,0.034,0.000
375.880,0.000,0.152,0.034,0.000
375.900,0.000,0.149,0.034,0.000
375.920,0.000,0.150,0.034,0.000
375.940,0.000,0.149,0.034,0.000
375.960,0.000,0.154,0.034,0.000
375.980,0.000,0.149,0.034,0.000
376.000,0.000,0.153,0.034,0.000
376.020,0.000,0.152,0.034,0.000
376.040,0.000,0.152,0.034,0.000
376.060,0.000,0.152,0.034,0.000
376.080,0.000,0.153,0.034,0.000
376.100,0.000,0.152,0.034,0.000
376.120,0.000,0.152,0.034,0.000
376.140,0.000,0.152,0.034,0.000
376.160,0.000,0.151,0.034,0.000
376.180,0.000,0.151,0.034,0.000
376.200,0.000,0.150,0.034,0.000
376.220,0.000,0.151,0.034,0.000
376.240,0.000,0.145,0.034,0.000
376.260,0.000,0.149,0.034,0.000
376.280,0.000,0.141,0.034,0.000
376.300,0.000,0.143,0.034,0.000
376.320,0.000,0.141,0.034,0.000
376.340,0.000,0.141,0.034,0.000
376.360,0.000,0.133,0.034,0.000
376.380,0.000,0.136,0.034,0.000
376.400,0.000,0.134,0.034,0.000
376.420,0.000,0.134,0.034,0.000
376.440,0.000,0.134,0.034,0.000
376.460,0.000,0.133,0.034,0.000
376.480,0.000,0.133,0.034,0.000
376.500,0.000,0.133,0.034,0.000
376.520,0.000,0.132,0.034,0.000
376.540,0.000,0.133,0.034,0.000
376.560,0.000,0.133,0.034,0.000
376.580,0.000,0.132,0.034,0.000
376.600,0.000,0.132,0.034,0.000
376.620,0.000,0.132,0.034,0.000
376.640,0.000,0.133,0.034,0.000
376.660,0.000,0.132,0.034,0.000
376.680,0.000,0.133,0.034,0.000
376.700,0.000,0.132,0.034,0.000
376.720,0.000,0.133,0.034,0.000
376.740,0.000,0.134,0.034,0.000
376.760,0.000,0.133,0.034,0.000
376.780,0.000,0.133,0.034,0.000
376.800,0.000,0.137,0.034,0.000
376.820,0.000,0.141,0.034,0.000
376.840,0.000,0.142,0.034,0.000
376.860,0.000,0.141,0.034,0.000
376.880,0.000,0.145,0.034,0.000
376.900,0.000,0.149,0.034,0.000
376.920,0.000,0.147,0.034,0.000
376.940,0.000,0.152,0.034,0.000
376.960,0.000,0.150,0.034,0.000
376.980,0.000,0.152,0.034,0.000
377.000,0.000,0.151,0.034,0.000
377.020,0.000,0.156,0.034,0.000
377.040,0.000,0.150,0.034,0.000
377.060,0.000,0.153,0.034,0.000
377.080,0.000,0.153,0.034,0.000
377.100,0.000,0.154,0.034,0.000
377.120,0.000,0.153,0.034,0.000
377.140,0.000,0.153,0.034,0.000
377.160,0.000,0.152,0.034,0.000
377.180,0.000,0.156,0.034,0.000
377.200,0.000,0.151,0.034,0.000
377.220,0.000,0.155,0.034,0.000
377.240,0.000,0.151,0.034,0.000
377.260,0.000,0.150,0.034,0.000
377.280,0.000,0.149,0.034,0.000
377.300,0.000,0.147,0.034,0.000
377.320,0.000,0.150,0.034,0.000
377.340,0.000,0.141,0.034,0.000
377.360,0.000,0.149,0.034,0.000
377.380,0.000,0.141,0.034,0.000
377.400,0.000,0.145,0.034,0.000
377.420,0.000,0.141,0.034,0.000
377.440,0.000,0.139,0.032,0.000
377.460,0.000,0.137,0.032,0.000
377.480,0.000,0.139,0.030,0.000
377.500,0.000,0.137,0.030,0.000
377.520,0.000,0.136,0.030,0.000
377.540,0.000,0.133,0.030,0.000
377.560,0.000,0.134,0.030,0.000
377.580,0.000,0.135,0.030,0.000
377.600,0.000,0.132,0.030,0.000
377.620,0.000,0.134,0.030,0.000
377.640,0.000,0.136,0.030,0.000
377.660,0.000,0.134,0.030,0.000
377.680,0.000,0.138,0.030,0.000
377.700,0.000,0.132,0.030,0.000
377.720,0.000,0.137,0.030,0.000
377.740,0.000,0.136,0.030,0.000
377.760,0.000,0.136,0.030,0.000
377.780,0.000,0.136,0.030,0.000
377.800,0.000,0.135,0.030,0.000
377.820,0.000,0.141,0.030,0.000
377.840,0.000,0.145,0.030,0.000
377.860,0.000,0.144,0.030,0.000
377.880,0.000,0.149,0.030,0.000
377.900,0.000,0.146,0.030,0.000
377.920,0.000,0.149,0.029,0.000
377.940,0.000,0.149,0.028,0.000
377.960,0.000,0.149,0.028,0.000
377.980,0.000,0.151,0.028,0.000
378.000,0.000,0.152,0.028,0.000
378.020,0.000,0.153,0.028,0.000
378.040,0.000,0.152,0.028,0.000
378.060,0.000,0.153,0.028,0.000
378.080,0.000,0.152,0.028,0.000
378.100,0.000,0.154,0.028,0.000
378.120,0.000,0.153,0.028,0.000
378.140,0.000,0.155,0.028,0.000
378.160,0.000,0.152,0.028,0.000
378.180,0.000,0.153,0.028,0.000
378.200,0.000,0.152,0.028,0.000
378.220,0.000,0.152,0.028,0.000
378.240,0.000,0.151,0.028,0.000
378.260,0.000,0.149,0.028,0.000
378.280,0.000,0.152,0.028,0.000
378.300,0.000,0.149,0.028,0.000
378.320,0.000,0.151,0.028,0.000
378.340,0.000,0.147,0.028,0.000
378.360,0.000,0.149,0.028,0.000
378.380,0.000,0.142,0.028,0.000
378.400,0.000,0.145,0.028,0.000
378.420,0.000,0.139,0.028,0.000
378.440,0.000,0.137,0.028,0.000
378.460,0.000,0.139,0.028,0.000
378.480,0.000,0.135,0.028,0.000
378.500,0.000,0.135,0.028,0.000
378.520,0.000,0.132,0.028,0.000
378.540,0.000,0.135,0.028,0.000
378.560,0.000,0.132,0.028,0.000
378.580,0.000,0.133,0.028,0.000
378.600,0.000,0.132,0.028,0.000
378.620,0.000,0.133,0.028,0.000
378.640,0.000,0.133,0.028,0.000
378.660,0.000,0.133,0.028,0.000
378.680,0.000,0.132,0.028,0.000
378.700,0.000,0.132,0.028,0.000
378.720,0.000,0.132,0.028,0.000
378.740,0.000,0.132,0.028,0.000
378.760,0.000,0.133,0.028,0.000
378.780,0.000,0.132,0.028,0.000
378.800,0.000,0.133,0.028,0.000
378.820,0.000,0.134,0.028,0.000
378.840,0.000,0.135,0.028,0.000
378.860,0.000,0.133,0.028,0.000
378.880,0.000,0.136,0.028,0.000
378.900,0.000,0.137,0.028,0.000
378.920,0.000,0.140,0.028,0.000
378.940,0.000,0.141,0.028,0.000
378.960,0.000,0.148,0.028,0.000
378.980,0.000,0.141,0.028,0.000
379.000,0.000,0.149,0.028,0.000
379.020,0.000,0.145,0.028,0.000
379.040,0.000,0.150,0.028,0.000
379.060,0.000,0.150,0.028,0.000
379.080,0.000,0.152,0.028,0.000
379.100,0.000,0.147,0.028,0.000
379.120,0.000,0.152,0.028,0.000
379.140,0.000,0.149,0.028,0.000
379.160,0.000,0.152,0.028,0.000
379.180,0.000,0.150,0.028,0.000
379.200,0.000,0.152,0.028,0.000
379.220,0.000,0.151,0.028,0.000
379.240,0.000,0.152,0.028,0.000
379.260,0.000,0.152,0.028,0.000
379.280,0.000,0.149,0.028,0.000
379.300,0.000,0.152,0.028,0.000
379.320,0.000,0.150,0.028,0.000
379.340,0.000,0.151,0.028,0.000
379.360,0.000,0.142,0.028,0.000
379.380,0.000,0.150,0.028,0.000
379.400,0.000,0.141,0.028,0.000
379.420,0.000,0.145,0.028,0.000
379.440,0.000,0.141,0.028,0.000
379.460,0.000,0.143,0.028,0.000
379.480,0.000,0.142,0.028,0.000
379.500,0.000,0.141,0.028,0.000
379.520,0.000,0.141,0.028,0.000
379.540,0.000,0.142,0.028,0.000
379.560,0.000,0.137,0.028,0.000
379.580,0.000,0.141,0.028,0.000
379.600,0.000,0.137,0.027,0.000
379.620,0.000,0.139,0.027,0.000
379.640,0.000,0.139,0.027,0.000
379.660,0.000,0.138,0.027,0.000
379.680,0.000,0.140,0.027,0.000
379.700,0.000,0.137,0.027,0.000
379.720,0.000,0.139,0.027,0.000
379.740,0.000,0.137,0.027,0.000
379.760,0.000,0.137,0.027,0.000
379.780,0.000,0.136,0.027,0.000
379.800,0.000,0.137,0.027,0.000
379.820,0.000,0.137,0.027,0.000
379.840,0.000,0.139,0.027,0.000
379.860,0.000,0.137,0.027,0.000
379.880,0.000,0.139,0.027,0.000
379.900,0.000,0.144,0.027,0.000
379.920,0.000,0.140,0.027,0.000
379.940,0.000,0.145,0.027,0.000
379.960,0.000,0.142,0.027,0.000
379.980,0.000,0.147,0.027,0.000
380.000,0.000,0.145,0.027,0.000
380.020,0.000,0.151,0.027,0.000
380.040,0.000,0.147,0.027,0.000
380.060,0.000,0.152,0.027,0.000
380.080,0.000,0.152,0.027,0.000
380.100,0.000,0.154,0.027,0.000
380.120,0.000,0.151,0.027,0.000
380.140,0.000,0.153,0.024,0.000
380.160,0.000,0.153,0.024,0.000
380.180,0.000,0.153,0.024,0.000
380.200,0.000,0.152,0.024,0.000
380.220,0.000,0.152,0.024,0.000
380.240,0.000,0.153,0.024,0.000
380.260,0.000,0.151,0.024,0.000
380.280,0.000,0.153,0.024,0.000
380.300,0.000,0.152,0.024,0.000
380.320,0.000,0.153,0.024,0.000
380.340,0.000,0.152,0.024,0.000
380.360,0.000,0.152,0.024,0.000
380.380,0.000,0.149,0.024,0.000
380.400,0.000,0.150,0.024,0.000
380.420,0.000,0.149,0.024,0.000
380.440,0.000,0.150,0.024,0.000
380.460,0.000,0.144,0.024,0.000
380.480,0.000,0.146,0.024,0.000
380.500,0.000,0.141,0.024,0.000
380.520,0.000,0.144,0.024,0.000
380.540,0.000,0.136,0.024,0.000
380.560,0.000,0.136,0.024,0.000
380.580,0.000,0.134,0.024,0.000
380.600,0.000,0.136,0.024,0.000
380.620,0.000,0.133,0.024,0.000
380.640,0.000,0.133,0.024,0.000
380.660,0.000,0.132,0.024,0.000
380.680,0.000,0.133,0.024,0.000
380.700,0.000,0.132,0.024,0.000
380.720,0.000,0.133,0.024,0.000
380.740,0.000,0.132,0.024,0.000
380.760,0.000,0.133,0.024,0.000
380.780,0.000,0.132,0.024,0.000
380.800,0.000,0.133,0.024,0.000
380.820,0.000,0.132,0.024,0.000
380.840,0.000,0.133,0.024,0.000
380.860,0.000,0.134,0.024,0.000
380.880,0.000,0.133,0.024,0.000
380.900,0.000,0.133,0.024,0.000
380.920,0.000,0.133,0.024,0.000
380.940,0.000,0.134,0.024,0.000
380.960,0.000,0.133,0.024,0.000
380.980,0.000,0.136,0.024,0.000
381.000,0.000,0.138,0.024,0.000
381.020,0.000,0.145,0.024,0.000
381.040,0.000,0.139,0.024,0.000
381.060,0.000,0.145,0.024,0.000
381.080,0.000,0.144,0.024,0.000
381.100,0.000,0.150,0.024,0.000
381.120,0.000,0.149,0.024,0.000
381.140,0.000,0.150,0.024,0.000
381.160,0.000,0.148,0.024,0.000
381.180,0.000,0.149,0.024,0.000
381.200,0.000,0.153,0.024,0.000
381.220,0.000,0.152,0.024,0.000
381.240,0.000,0.153,0.024,0.000
381.260,0.000,0.152,0.024,0.000
381.280,0.000,0.153,0.024,0.000
381.300,0.000,0.152,0.024,0.000
381.320,0.000,0.153,0.024,0.000
381.340,0.000,0.151,0.024,0.000
381.360,0.000,0.152,0.024,0.000
381.380,0.000,0.153,0.024,0.000
381.400,0.000,0.152,0.024,0.000
381.420,0.000,0.149,0.024,0.000
381.440,0.000,0.149,0.024,0.000
381.460,0.000,0.145,0.024,0.000
381.480,0.000,0.146,0.024,0.000
381.500,0.000,0.145,0.024,0.000
381.520,0.000,0.142,0.024,0.000
381.540,0.000,0.142,0.024,0.000
381.560,0.000,0.142,0.024,0.000
381.580,0.000,0.141,0.024,0.000
381.600,0.000,0.138,0.024,0.000
381.620,0.000,0.141,0.024,0.000
381.640,0.000,0.138,0.024,0.000
381.660,0.000,0.140,0.023,0.000
381.680,0.000,0.139,0.023,0.000
381.700,0.000,0.138,0.023,0.000
381.720,0.000,0.137,0.023,0.000
381.740,0.000,0.137,0.023,0.000
381.760,0.000,0.139,0.023,0.000
381.780,0.000,0.139,0.023,0.000
381.800,0.000,0.138,0.023,0.000
381.820,0.000,0.137,0.023,0.000
381.840,0.000,0.138,0.023,0.000
381.860,0.000,0.137,0.023,0.000
381.880,0.000,0.139,0.023,0.000
381.900,0.000,0.137,0.023,0.000
381.920,0.000,0.141,0.023,0.000
381.940,0.000,0.138,0.023,0.000
381.960,0.000,0.142,0.023,0.000
381.980,0.000,0.140,0.023,0.000
382.000,0.000,0.142,0.023,0.000
382.020,0.000,0.143,0.023,0.000
382.040,0.000,0.143,0.023,0.000
382.060,0.000,0.143,0.023,0.000
382.080,0.000,0.146,0.023,0.000
382.100,0.000,0.148,0.023,0.000
382.120,0.000,0.150,0.023,0.000
382.140,0.000,0.151,0.023,0.000
382.160,0.000,0.151,0.023,0.000
382.180,0.000,0.153,0.023,0.000
382.200,0.000,0.150,0.023,0.000
382.220,0.000,0.152,0.023,0.000
382.240,0.000,0.153,0.023,0.000
382.260,0.000,0.155,0.023,0.000
382.280,0.000,0.152,0.023,0.000
382.300,0.000,0.155,0.023,0.000
382.320,0.000,0.153,0.023,0.000
382.340,0.000,0.152,0.023,0.000
382.360,0.000,0.153,0.023,0.000
382.380,0.000,0.153,0.023,0.000
382.400,0.000,0.151,0.023,0.000
382.420,0.000,0.154,0.023,0.000
382.440,0.000,0.150,0.023,0.000
382.460,0.000,0.152,0.023,0.000
382.480,0.000,0.151,0.023,0.000
382.500,0.000,0.152,0.023,0.000
382.520,0.000,0.149,0.023,0.000
382.540,0.000,0.149,0.023,0.000
382.560,0.000,0.148,0.023,0.000
382.580,0.000,0.146,0.023,0.000
382.600,0.000,0.142,0.023,0.000
382.620,0.000,0.145,0.023,0.000
382.640,0.000,0.137,0.023,0.000
382.660,0.000,0.137,0.023,0.000
382.680,0.000,0.138,0.023,0.000
382.700,0.000,0.135,0.023,0.000
382.720,0.000,0.136,0.023,0.000
382.740,0.000,0.135,0.023,0.000
382.760,0.000,0.136,0.023,0.000
382.780,0.000,0.134,0.023,0.000
382.800,0.000,0.133,0.023,0.000
382.820,0.000,0.132,0.023,0.000
382.840,0.000,0.133,0.023,0.000
382.860,0.000,0.132,0.023,0.000
382.880,0.000,0.132,0.023,0.000
382.900,0.000,0.134,0.023,0.000
382.920,0.000,0.134,0.023,0.000
382.940,0.000,0.135,0.023,0.000
382.960,0.000,0.134,0.023,0.000
382.980,0.000,0.134,0.023,0.000
383.000,0.000,0.137,0.023,0.000
383.020,0.000,0.136,0.023,0.000
383.040,0.000,0.136,0.023,0.000
383.060,0.000,0.141,0.023,0.000
383.080,0.000,0.140,0.023,0.000
383.100,0.000,0.142,0.023,0.000
383.120,0.000,0.139,0.023,0.000
383.140,0.000,0.147,0.023,0.000
383.160,0.000,0.142,0.023,0.000
383.180,0.000,0.149,0.023,0.000
383.200,0.000,0.146,0.023,0.000
383.220,0.000,0.150,0.023,0.000
383.240,0.000,0.145,0.023,0.000
383.260,0.000,0.149,0.023,0.000
383.280,0.000,0.149,0.023,0.000
383.300,0.000,0.152,0.023,0.000
383.320,0.000,0.147,0.023,0.000
383.340,0.000,0.149,0.023,0.000
383.360,0.000,0.148,0.023,0.000
383.380,0.000,0.151,0.023,0.000
383.400,0.000,0.150,0.023,0.000
383.420,0.000,0.150,0.023,0.000
383.440,0.000,0.149,0.023,0.000
383.460,0.000,0.150,0.023,0.000
383.480,0.000,0.148,0.023,0.000
383.500,0.000,0.149,0.023,0.000
383.520,0.000,0.150,0.023,0.000
383.540,0.000,0.147,0.023,0.000
383.560,0.000,0.147,0.023,0.000
383.580,0.000,0.144,0.023,0.000
383.600,0.000,0.143,0.023,0.000
383.620,0.000,0.141,0.023,0.000
383.640,0.000,0.141,0.023,0.000
383.660,0.000,0.137,0.023,0.000
383.680,0.000,0.138,0.023,0.000
383.700,0.000,0.137,0.023,0.000
383.720,0.000,0.137,0.023,0.000
383.740,0.000,0.134,0.023,0.000
383.760,0.000,0.137,0.023,0.000
383.780,0.000,0.135,0.023,0.000
383.800,0.000,0.135,0.023,0.000
383.820,0.000,0.137,0.023,0.000
383.840,0.000,0.140,0.023,0.000
383.860,0.000,0.137,0.023,0.000
383.880,0.000,0.136,0.023,0.000
383.900,0.000,0.136,0.023,0.000
383.920,0.000,0.137,0.023,0.000
383.940,0.000,0.140,0.023,0.000
383.960,0.000,0.141,0.023,0.000
383.980,0.000,0.137,0.023,0.000
384.000,0.000,0.141,0.023,0.000
384.020,0.000,0.141,0.023,0.000
384.040,0.000,0.144,0.023,0.000
384.060,0.000,0.141,0.023,0.000
384.080,0.000,0.142,0.023,0.000
384.100,0.000,0.143,0.023,0.000
384.120,0.000,0.144,0.023,0.000
384.140,0.000,0.143,0.023,0.000
384.160,0.000,0.144,0.023,0.000
384.180,0.000,0.147,0.023,0.000
384.200,0.000,0.145,0.023,0.000
384.220,0.000,0.151,0.023,0.000
384.240,0.000,0.148,0.023,0.000
384.260,0.000,0.154,0.023,0.000
384.280,0.000,0.151,0.023,0.000
384.300,0.000,0.156,0.023,0.000
384.320,0.000,0.151,0.023,0.000
384.340,0.000,0.155,0.023,0.000
384.360,0.000,0.152,0.023,0.000
384.380,0.000,0.160,0.027,0.000
384.400,0.000,0.151,0.027,0.000
384.420,0.000,0.155,0.027,0.000
384.440,0.000,0.152,0.027,0.000
384.460,0.000,0.154,0.027,0.000
384.480,0.000,0.154,0.027,0.000
384.500,0.000,0.151,0.027,0.000
384.520,0.000,0.153,0.027,0.000
384.540,0.000,0.153,0.027,0.000
384.560,0.000,0.151,0.027,0.000
384.580,0.000,0.146,0.027,0.000
384.600,0.000,0.149,0.027,0.000
384.620,0.000,0.149,0.027,0.000
384.640,0.000,0.145,0.027,0.000
384.660,0.000,0.145,0.027,0.000
384.680,0.000,0.147,0.027,0.000
384.700,0.000,0.143,0.027,0.000
384.720,0.000,0.145,0.027,0.000
384.740,0.000,0.143,0.027,0.000
384.760,0.000,0.141,0.027,0.000
384.780,0.000,0.140,0.027,0.000
384.800,0.000,0.138,0.027,0.000
384.820,0.000,0.137,0.027,0.000
384.840,0.000,0.137,0.027,0.000
384.860,0.000,0.135,0.027,0.000
384.880,0.000,0.134,0.027,0.000
384.900,0.000,0.135,0.027,0.000
384.920,0.000,0.134,0.027,0.000
384.940,0.000,0.141,0.027,0.000
384.960,0.000,0.137,0.027,0.000
384.980,0.000,0.134,0.027,0.000
385.000,0.000,0.137,0.027,0.000
385.020,0.000,0.132,0.028,0.000
385.040,0.000,0.141,0.028,0.000
385.060,0.000,0.133,0.028,0.000
385.080,0.000,0.138,0.028,0.000
385.100,0.000,0.136,0.028,0.000
385.120,0.000,0.141,0.028,0.000
385.140,0.000,0.140,0.028,0.000
385.160,0.000,0.140,0.028,0.000
385.180,0.000,0.145,0.028,0.000
385.200,0.000,0.145,0.028,0.000
385.220,0.000,0.145,0.028,0.000
385.240,0.000,0.148,0.028,0.000
385.260,0.000,0.145,0.028,0.000
385.280,0.000,0.146,0.028,0.000
385.300,0.000,0.150,0.028,0.000
385.320,0.000,0.147,0.028,0.000
385.340,0.000,0.150,0.028,0.000
385.360,0.000,0.148,0.028,0.000
385.380,0.000,0.151,0.028,0.000
385.400,0.000,0.149,0.028,0.000
385.420,0.000,0.152,0.028,0.000
385.440,0.000,0.150,0.028,0.000
385.460,0.000,0.152,0.028,0.000
385.480,0.000,0.148,0.028,0.000
385.500,0.000,0.151,0.028,0.000
385.520,0.000,0.149,0.028,0.000
385.540,0.000,0.149,0.028,0.000
385.560,0.000,0.149,0.028,0.000
385.580,0.000,0.145,0.028,0.000
385.600,0.000,0.145,0.028,0.000
385.620,0.000,0.141,0.028,0.000
385.640,0.000,0.142,0.028,0.000
385.660,0.000,0.139,0.028,0.000
385.680,0.000,0.142,0.028,0.000
385.700,0.000,0.137,0.028,0.000
385.720,0.000,0.141,0.028,0.000
385.740,0.000,0.136,0.028,0.000
385.760,0.000,0.136,0.028,0.000
385.780,0.000,0.136,0.028,0.000
385.800,0.000,0.137,0.028,0.000
385.820,0.000,0.135,0.028,0.000
385.840,0.000,0.134,0.028,0.000
385.860,0.000,0.136,0.028,0.000
385.880,0.000,0.133,0.028,0.000
385.900,0.000,0.135,0.028,0.000
385.920,0.000,0.134,0.028,0.000
385.940,0.000,0.135,0.028,0.000
385.960,0.000,0.135,0.028,0.000
385.980,0.000,0.135,0.028,0.000
386.000,0.000,0.135,0.028,0.000
386.020,0.000,0.138,0.028,0.000
386.040,0.000,0.136,0.028,0.000
386.060,0.000,0.139,0.028,0.000
386.080,0.000,0.137,0.028,0.000
386.100,0.000,0.140,0.028,0.000
386.120,0.000,0.140,0.028,0.000
386.140,0.000,0.141,0.028,0.000
386.160,0.000,0.143,0.028,0.000
386.180,0.000,0.140,0.028,0.000
386.200,0.000,0.142,0.028,0.000
386.220,0.000,0.145,0.028,0.000
386.240,0.000,0.141,0.028,0.000
386.260,0.000,0.145,0.028,0.000
386.280,0.000,0.145,0.028,0.000
386.300,0.000,0.145,0.028,0.000
386.320,0.000,0.147,0.028,0.000
386.340,0.000,0.150,0.028,0.000
386.360,0.000,0.147,0.028,0.000
386.380,0.000,0.147,0.028,0.000
386.400,0.000,0.147,0.028,0.000
386.420,0.000,0.151,0.028,0.000
386.440,0.000,0.147,0.028,0.000
386.460,0.000,0.151,0.028,0.000
386.480,0.000,0.153,0.028,0.000
386.500,0.000,0.149,0.028,0.000
386.520,0.000,0.151,0.028,0.000
386.540,0.000,0.149,0.028,0.000
386.560,0.000,0.152,0.028,0.000
386.580,0.000,0.149,0.028,0.000
386.600,0.000,0.150,0.028,0.000
386.620,0.000,0.145,0.028,0.000
386.640,0.000,0.149,0.028,0.000
386.660,0.000,0.144,0.028,0.000
386.680,0.000,0.145,0.028,0.000
386.700,0.000,0.148,0.028,0.000
386.720,0.000,0.147,0.028,0.000
386.740,0.000,0.147,0.028,0.000
386.760,0.000,0.146,0.028,0.000
386.780,0.000,0.144,0.028,0.000
386.800,0.000,0.144,0.028,0.000
386.820,0.000,0.141,0.028,0.000
386.840,0.000,0.142,0.028,0.000
386.860,0.000,0.141,0.028,0.000
386.880,0.000,0.140,0.028,0.000
386.900,0.000,0.137,0.028,0.000
386.920,0.000,0.139,0.028,0.000
386.940,0.000,0.140,0.028,0.000
386.960,0.000,0.139,0.028,0.000
386.980,0.000,0.137,0.028,0.000
387.000,0.000,0.133,0.028,0.000
387.020,0.000,0.141,0.028,0.000
387.040,0.000,0.134,0.028,0.000
387.060,0.000,0.140,0.028,0.000
387.080,0.000,0.134,0.028,0.000
387.100,0.000,0.144,0.028,0.000
387.120,0.000,0.136,0.028,0.000
387.140,0.000,0.147,0.028,0.000
387.160,0.000,0.135,0.028,0.000
387.180,0.000,0.150,0.028,0.000
387.200,0.000,0.137,0.028,0.000
387.220,0.000,0.149,0.028,0.000
387.240,0.000,0.140,0.028,0.000
387.260,0.000,0.145,0.028,0.000
387.280,0.000,0.146,0.028,0.000
387.300,0.000,0.146,0.028,0.000
387.320,0.000,0.149,0.028,0.000
387.340,0.000,0.147,0.028,0.000
387.360,0.000,0.152,0.028,0.000
387.380,0.000,0.145,0.028,0.000
387.400,0.000,0.150,0.028,0.000
387.420,0.000,0.147,0.028,0.000
387.440,0.000,0.151,0.028,0.000
387.460,0.000,0.149,0.028,0.000
387.480,0.000,0.153,0.028,0.000
387.500,0.000,0.145,0.028,0.000
387.520,0.000,0.152,0.028,0.000
387.540,0.000,0.146,0.028,0.000
387.560,0.000,0.150,0.028,0.000
387.580,0.000,0.145,0.028,0.000
387.600,0.000,0.151,0.028,0.000
387.620,0.000,0.145,0.028,0.000
387.640,0.000,0.146,0.028,0.000
387.660,0.000,0.146,0.028,0.000
387.680,0.000,0.145,0.028,0.000
387.700,0.000,0.144,0.028,0.000
387.720,0.000,0.141,0.028,0.000
387.740,0.000,0.146,0.028,0.000
387.760,0.000,0.135,0.028,0.000
387.780,0.000,0.142,0.028,0.000
387.800,0.000,0.132,0.028,0.000
387.820,0.000,0.139,0.028,0.000
387.840,0.000,0.135,0.028,0.000
387.860,0.000,0.136,0.028,0.000
387.880,0.000,0.133,0.028,0.000
387.900,0.000,0.137,0.028,0.000
387.920,0.000,0.133,0.028,0.000
387.940,0.000,0.139,0.028,0.000
387.960,0.000,0.133,0.028,0.000
387.980,0.000,0.134,0.028,0.000
388.000,0.000,0.133,0.028,0.000
388.020,0.000,0.135,0.028,0.000
388.040,0.000,0.133,0.028,0.000
388.060,0.000,0.132,0.028,0.000
388.080,0.000,0.133,0.028,0.000
388.100,0.000,0.135,0.028,0.000
388.120,0.000,0.136,0.028,0.000
388.140,0.000,0.136,0.028,0.000
388.160,0.000,0.138,0.028,0.000
388.180,0.000,0.135,0.028,0.000
388.200,0.000,0.143,0.028,0.000
388.220,0.000,0.137,0.028,0.000
388.240,0.000,0.140,0.028,0.000
388.260,0.000,0.137,0.028,0.000
388.280,0.000,0.144,0.028,0.000
388.300,0.000,0.139,0.028,0.000
388.320,0.000,0.148,0.028,0.000
388.340,0.000,0.139,0.028,0.000
388.360,0.000,0.146,0.028,0.000
388.380,0.000,0.143,0.028,0.000
388.400,0.000,0.147,0.028,0.000
388.420,0.000,0.144,0.028,0.000
388.440,0.000,0.149,0.028,0.000
388.460,0.000,0.145,0.028,0.000
388.480,0.000,0.146,0.028,0.000
388.500,0.000,0.149,0.028,0.000
388.520,0.000,0.146,0.028,0.000
388.540,0.000,0.151,0.028,0.000
388.560,0.000,0.147,0.028,0.000
388.580,0.000,0.151,0.028,0.000
388.600,0.000,0.147,0.028,0.000
388.620,0.000,0.152,0.028,0.000
388.640,0.000,0.144,0.028,0.000
388.660,0.000,0.152,0.028,0.000
388.680,0.000,0.145,0.028,0.000
388.700,0.000,0.149,0.028,0.000
388.720,0.000,0.145,0.028,0.000
388.740,0.000,0.149,0.028,0.000
388.760,0.000,0.143,0.028,0.000
388.780,0.000,0.145,0.028,0.000
388.800,0.000,0.145,0.028,0.000
388.820,0.000,0.145,0.028,0.000
388.840,0.000,0.142,0.028,0.000
388.860,0.000,0.137,0.028,0.000
388.880,0.000,0.146,0.028,0.000
388.900,0.000,0.141,0.028,0.000
388.920,0.000,0.143,0.028,0.000
388.940,0.000,0.137,0.028,0.000
388.960,0.000,0.143,0.028,0.000
388.980,0.000,0.136,0.028,0.000
389.000,0.000,0.141,0.028,0.000
389.020,0.000,0.137,0.028,0.000
389.040,0.000,0.141,0.028,0.000
389.060,0.000,0.137,0.028,0.000
389.080,0.000,0.139,0.028,0.000
389.100,0.000,0.142,0.028,0.000
389.120,0.000,0.137,0.028,0.000
389.140,0.000,0.145,0.028,0.000
389.160,0.000,0.137,0.028,0.000
389.180,0.000,0.146,0.028,0.000
389.200,0.000,0.134,0.028,0.000
389.220,0.000,0.148,0.028,0.000
389.240,0.000,0.136,0.028,0.000
389.260,0.000,0.150,0.028,0.000
389.280,0.000,0.138,0.028,0.000
389.300,0.000,0.148,0.028,0.000
389.320,0.000,0.143,0.028,0.000
389.340,0.000,0.148,0.028,0.000
389.360,0.000,0.149,0.028,0.000
389.380,0.000,0.147,0.023,0.000
389.400,0.000,0.151,0.023,0.000
389.420,0.000,0.143,0.023,0.000
389.440,0.000,0.153,0.023,0.000
389.460,0.000,0.145,0.023,0.000
389.480,0.000,0.153,0.022,0.000
389.500,0.000,0.144,0.022,0.000
389.520,0.000,0.155,0.023,0.000
389.540,0.000,0.145,0.023,0.000
389.560,0.000,0.153,0.023,0.000
389.580,0.000,0.143,0.023,0.000
389.600,0.000,0.153,0.023,0.000
389.620,0.000,0.141,0.023,0.000
389.640,0.000,0.153,0.023,0.000
389.660,0.000,0.145,0.023,0.000
389.680,0.000,0.152,0.023,0.000
389.700,0.000,0.147,0.023,0.000
389.720,0.000,0.149,0.023,0.000
389.740,0.000,0.144,0.023,0.000
389.760,0.000,0.145,0.023,0.000
389.780,0.000,0.147,0.023,0.000
389.800,0.000,0.140,0.023,0.000
389.820,0.000,0.149,0.023,0.000
389.840,0.000,0.137,0.023,0.000
389.860,0.000,0.148,0.023,0.000
389.880,0.000,0.135,0.023,0.000
389.900,0.000,0.145,0.023,0.000
389.920,0.000,0.135,0.023,0.000
389.940,0.000,0.145,0.023,0.000
389.960,0.000,0.133,0.023,0.000
389.980,0.000,0.141,0.023,0.000
390.000,0.000,0.133,0.023,0.000
390.020,0.000,0.140,0.023,0.000
390.040,0.000,0.133,0.023,0.000
390.060,0.000,0.136,0.023,0.000
390.080,0.000,0.134,0.023,0.000
390.100,0.000,0.137,0.023,0.000
390.120,0.000,0.133,0.023,0.000
390.140,0.000,0.136,0.023,0.000
390.160,0.000,0.136,0.023,0.000
390.180,0.000,0.132,0.023,0.000
390.200,0.000,0.137,0.023,0.000
390.220,0.000,0.135,0.023,0.000
390.240,0.000,0.137,0.023,0.000
390.260,0.000,0.133,0.023,0.000
390.280,0.000,0.140,0.023,0.000
390.300,0.000,0.134,0.023,0.000
390.320,0.000,0.142,0.023,0.000
390.340,0.000,0.133,0.023,0.000
390.360,0.000,0.146,0.023,0.000
390.380,0.000,0.134,0.023,0.000
390.400,0.000,0.148,0.023,0.000
390.420,0.000,0.137,0.023,0.000
390.440,0.000,0.146,0.023,0.000
390.460,0.000,0.142,0.023,0.000
390.480,0.000,0.149,0.023,0.000
390.500,0.000,0.147,0.023,0.000
390.520,0.000,0.149,0.023,0.000
390.540,0.000,0.145,0.023,0.000
390.560,0.000,0.148,0.023,0.000
390.580,0.000,0.149,0.023,0.000
390.600,0.000,0.149,0.023,0.000
390.620,0.000,0.151,0.023,0.000
390.640,0.000,0.145,0.023,0.000
390.660,0.000,0.151,0.023,0.000
390.680,0.000,0.145,0.023,0.000
390.700,0.000,0.152,0.023,0.000
390.720,0.000,0.145,0.023,0.000
390.740,0.000,0.149,0.023,0.000
390.760,0.000,0.141,0.023,0.000
390.780,0.000,0.147,0.023,0.000
390.800,0.000,0.143,0.023,0.000
390.820,0.000,0.146,0.023,0.000
390.840,0.000,0.143,0.023,0.000
390.860,0.000,0.144,0.023,0.000
390.880,0.000,0.141,0.023,0.000
390.900,0.000,0.143,0.023,0.000
390.920,0.000,0.141,0.023,0.000
390.940,0.000,0.140,0.023,0.000
390.960,0.000,0.145,0.023,0.000
390.980,0.000,0.141,0.023,0.000
391.000,0.000,0.143,0.023,0.000
391.020,0.000,0.136,0.023,0.000
391.040,0.000,0.142,0.023,0.000
391.060,0.000,0.138,0.023,0.000
391.080,0.000,0.142,0.023,0.000
391.100,0.000,0.140,0.023,0.000
391.120,0.000,0.140,0.023,0.000
391.140,0.000,0.135,0.023,0.000
391.160,0.000,0.142,0.023,0.000
391.180,0.000,0.137,0.023,0.000
391.200,0.000,0.141,0.023,0.000
391.220,0.000,0.141,0.023,0.000
391.240,0.000,0.141,0.023,0.000
391.260,0.000,0.141,0.023,0.000
391.280,0.000,0.143,0.023,0.000
391.300,0.000,0.142,0.023,0.000
391.320,0.000,0.141,0.023,0.000
391.340,0.000,0.144,0.023,0.000
391.360,0.000,0.140,0.023,0.000
391.380,0.000,0.149,0.023,0.000
391.400,0.000,0.141,0.023,0.000
391.420,0.000,0.149,0.023,0.000
391.440,0.000,0.146,0.023,0.000
391.460,0.000,0.149,0.023,0.000
391.480,0.000,0.149,0.023,0.000
391.500,0.000,0.151,0.023,0.000
391.520,0.000,0.149,0.023,0.000
391.540,0.000,0.152,0.023,0.000
391.560,0.000,0.151,0.023,0.000
391.580,0.000,0.152,0.023,0.000
391.600,0.000,0.152,0.023,0.000
391.620,0.000,0.150,0.023,0.000
391.640,0.000,0.153,0.023,0.000
391.660,0.000,0.150,0.023,0.000
391.680,0.000,0.152,0.023,0.000
391.700,0.000,0.149,0.023,0.000
391.720,0.000,0.151,0.023,0.000
391.740,0.000,0.153,0.023,0.000
391.760,0.000,0.152,0.023,0.000
391.780,0.000,0.149,0.023,0.000
391.800,0.000,0.150,0.023,0.000
391.820,0.000,0.151,0.023,0.000
391.840,0.000,0.149,0.023,0.000
391.860,0.000,0.145,0.023,0.000
391.880,0.000,0.146,0.023,0.000
391.900,0.000,0.145,0.023,0.000
391.920,0.000,0.146,0.023,0.000
391.940,0.000,0.148,0.023,0.000
391.960,0.000,0.140,0.023,0.000
391.980,0.000,0.141,0.023,0.000
392.000,0.000,0.138,0.023,0.000
392.020,0.000,0.137,0.023,0.000
392.040,0.000,0.135,0.023,0.000
392.060,0.000,0.138,0.023,0.000
392.080,0.000,0.133,0.023,0.000
392.100,0.000,0.135,0.023,0.000
392.120,0.000,0.134,0.023,0.000
392.140,0.000,0.135,0.023,0.000
392.160,0.000,0.134,0.023,0.000
392.180,0.000,0.135,0.023,0.000
392.200,0.000,0.135,0.023,0.000
392.220,0.000,0.137,0.023,0.000
392.240,0.000,0.134,0.023,0.000
392.260,0.000,0.137,0.023,0.000
392.280,0.000,0.136,0.023,0.000
392.300,0.000,0.135,0.023,0.000
392.320,0.000,0.133,0.023,0.000
392.340,0.000,0.137,0.023,0.000
392.360,0.000,0.137,0.023,0.000
392.380,0.000,0.136,0.023,0.000
392.400,0.000,0.137,0.023,0.000
392.420,0.000,0.137,0.023,0.000
392.440,0.000,0.139,0.023,0.000
392.460,0.000,0.141,0.023,0.000
392.480,0.000,0.139,0.023,0.000
392.500,0.000,0.141,0.023,0.000
392.520,0.000,0.145,0.023,0.000
392.540,0.000,0.138,0.023,0.000
392.560,0.000,0.148,0.023,0.000
392.580,0.000,0.143,0.023,0.000
392.600,0.000,0.149,0.023,0.000
392.620,0.000,0.143,0.023,0.000
392.640,0.000,0.148,0.023,0.000
392.660,0.000,0.142,0.023,0.000
392.680,0.000,0.150,0.023,0.000
392.700,0.000,0.149,0.023,0.000
392.720,0.000,0.152,0.023,0.000
392.740,0.000,0.148,0.023,0.000
392.760,0.000,0.152,0.023,0.000
392.780,0.000,0.145,0.023,0.000
392.800,0.000,0.146,0.023,0.000
392.820,0.000,0.147,0.023,0.000
392.840,0.000,0.144,0.023,0.000
392.860,0.000,0.148,0.023,0.000
392.880,0.000,0.142,0.023,0.000
392.900,0.000,0.145,0.023,0.000
392.920,0.000,0.141,0.023,0.000
392.940,0.000,0.145,0.023,0.000
392.960,0.000,0.141,0.023,0.000
392.980,0.000,0.142,0.023,0.000
393.000,0.000,0.141,0.023,0.000
393.020,0.000,0.141,0.023,0.000
393.040,0.000,0.139,0.023,0.000
393.060,0.000,0.142,0.023,0.000
393.080,0.000,0.137,0.023,0.000
393.100,0.000,0.143,0.023,0.000
393.120,0.000,0.137,0.023,0.000
393.140,0.000,0.142,0.023,0.000
393.160,0.000,0.139,0.023,0.000
393.180,0.000,0.139,0.023,0.000
393.200,0.000,0.138,0.023,0.000
393.220,0.000,0.141,0.023,0.000
393.240,0.000,0.138,0.023,0.000
393.260,0.000,0.137,0.023,0.000
393.280,0.000,0.141,0.023,0.000
393.300,0.000,0.141,0.023,0.000
393.320,0.000,0.142,0.023,0.000
393.340,0.000,0.142,0.023,0.000
393.360,0.000,0.142,0.023,0.000
393.380,0.000,0.141,0.023,0.000
393.400,0.000,0.142,0.023,0.000
393.420,0.000,0.141,0.023,0.000
393.440,0.000,0.143,0.023,0.000
393.460,0.000,0.141,0.023,0.000
393.480,0.000,0.145,0.023,0.000
393.500,0.000,0.143,0.023,0.000
393.520,0.000,0.144,0.023,0.000
393.540,0.000,0.143,0.023,0.000
393.560,0.000,0.149,0.023,0.000
393.580,0.000,0.145,0.023,0.000
393.600,0.000,0.149,0.023,0.000
393.620,0.000,0.150,0.023,0.000
393.640,0.000,0.150,0.023,0.000
393.660,0.000,0.150,0.023,0.000
393.680,0.000,0.150,0.023,0.000
393.700,0.000,0.152,0.023,0.000
393.720,0.000,0.148,0.023,0.000
393.740,0.000,0.153,0.023,0.000
393.760,0.000,0.150,0.023,0.000
393.780,0.000,0.152,0.023,0.000
393.800,0.000,0.148,0.023,0.000
393.820,0.000,0.153,0.023,0.000
393.840,0.000,0.145,0.023,0.000
393.860,0.000,0.153,0.023,0.000
393.880,0.000,0.149,0.023,0.000
393.900,0.000,0.151,0.023,0.000
393.920,0.000,0.146,0.023,0.000
393.940,0.000,0.149,0.023,0.000
393.960,0.000,0.148,0.023,0.000
393.980,0.000,0.147,0.023,0.000
394.000,0.000,0.145,0.023,0.000
394.020,0.000,0.146,0.023,0.000
394.040,0.000,0.147,0.023,0.000
394.060,0.000,0.141,0.023,0.000
394.080,0.000,0.146,0.023,0.000
394.100,0.000,0.141,0.023,0.000
394.120,0.000,0.144,0.023,0.000
394.140,0.000,0.137,0.023,0.000
394.160,0.000,0.141,0.023,0.000
394.180,0.000,0.135,0.023,0.000
394.200,0.000,0.140,0.023,0.000
394.220,0.000,0.135,0.023,0.000
394.240,0.000,0.134,0.023,0.000
394.260,0.000,0.133,0.023,0.000
394.280,0.000,0.138,0.023,0.000
394.300,0.000,0.134,0.023,0.000
394.320,0.000,0.137,0.023,0.000
394.340,0.000,0.135,0.023,0.000
394.360,0.000,0.138,0.023,0.000
394.380,0.000,0.137,0.023,0.000
394.400,0.000,0.135,0.023,0.000
394.420,0.000,0.139,0.023,0.000
394.440,0.000,0.137,0.023,0.000
394.460,0.000,0.137,0.023,0.000
394.480,0.000,0.135,0.023,0.000
394.500,0.000,0.141,0.023,0.000
394.520,0.000,0.135,0.021,0.000
394.540,0.000,0.144,0.021,0.000
394.560,0.000,0.137,0.021,0.000
394.580,0.000,0.145,0.021,0.000
394.600,0.000,0.137,0.021,0.000
394.620,0.000,0.150,0.021,0.000
394.640,0.000,0.140,0.020,0.000
394.660,0.000,0.146,0.020,0.000
394.680,0.000,0.144,0.020,0.000
394.700,0.000,0.146,0.020,0.000
394.720,0.000,0.142,0.020,0.000
394.740,0.000,0.144,0.020,0.000
394.760,0.000,0.145,0.020,0.000
394.780,0.000,0.143,0.020,0.000
394.800,0.000,0.144,0.020,0.000
394.820,0.000,0.141,0.020,0.000
394.840,0.000,0.146,0.020,0.000
394.860,0.000,0.143,0.020,0.000
394.880,0.000,0.145,0.020,0.000
394.900,0.000,0.141,0.020,0.000
394.920,0.000,0.149,0.020,0.000
394.940,0.000,0.137,0.020,0.000
394.960,0.000,0.148,0.020,0.000
394.980,0.000,0.141,0.020,0.000
395.000,0.000,0.141,0.020,0.000
395.020,0.000,0.138,0.020,0.000
395.040,0.000,0.144,0.020,0.000
395.060,0.000,0.141,0.020,0.000
395.080,0.000,0.139,0.020,0.000
395.100,0.000,0.141,0.020,0.000
395.120,0.000,0.137,0.020,0.000
395.140,0.000,0.136,0.020,0.000
395.160,0.000,0.140,0.020,0.000
395.180,0.000,0.136,0.019,0.000
395.200,0.000,0.136,0.019,0.000
395.220,0.000,0.139,0.019,0.000
395.240,0.000,0.138,0.019,0.000
395.260,0.000,0.141,0.019,0.000
395.280,0.000,0.139,0.019,0.000
395.300,0.000,0.138,0.019,0.000
395.320,0.000,0.140,0.019,0.000
395.340,0.000,0.138,0.019,0.000
395.360,0.000,0.140,0.019,0.000
395.380,0.000,0.140,0.019,0.000
395.400,0.000,0.138,0.019,0.000
395.420,0.000,0.142,0.019,0.000
395.440,0.000,0.141,0.019,0.000
395.460,0.000,0.141,0.019,0.000
395.480,0.000,0.143,0.019,0.000
395.500,0.000,0.143,0.019,0.000
395.520,0.000,0.142,0.019,0.000
395.540,0.000,0.143,0.019,0.000
395.560,0.000,0.141,0.019,0.000
395.580,0.000,0.143,0.019,0.000
395.600,0.000,0.143,0.019,0.000
395.620,0.000,0.142,0.019,0.000
395.640,0.000,0.147,0.019,0.000
395.660,0.000,0.145,0.019,0.000
395.680,0.000,0.146,0.019,0.000
395.700,0.000,0.143,0.019,0.000
395.720,0.000,0.150,0.019,0.000
395.740,0.000,0.142,0.019,0.000
395.760,0.000,0.153,0.019,0.000
395.780,0.000,0.145,0.019,0.000
395.800,0.000,0.153,0.020,0.000
395.820,0.000,0.147,0.020,0.000
395.840,0.000,0.150,0.020,0.000
395.860,0.000,0.151,0.020,0.000
395.880,0.000,0.148,0.020,0.000
395.900,0.000,0.146,0.020,0.000
395.920,0.000,0.150,0.020,0.000
395.940,0.000,0.150,0.020,0.000
395.960,0.000,0.148,0.020,0.000
395.980,0.000,0.148,0.020,0.000
396.000,0.000,0.149,0.020,0.000
396.020,0.000,0.149,0.020,0.000
396.040,0.000,0.147,0.020,0.000
396.060,0.000,0.149,0.020,0.000
396.080,0.000,0.145,0.020,0.000
396.100,0.000,0.149,0.020,0.000
396.120,0.000,0.141,0.020,0.000
396.140,0.000,0.145,0.020,0.000
396.160,0.000,0.140,0.020,0.000
396.180,0.000,0.147,0.020,0.000
396.200,0.000,0.145,0.020,0.000
396.220,0.000,0.146,0.020,0.000
396.240,0.000,0.138,0.020,0.000
396.260,0.000,0.143,0.020,0.000
396.280,0.000,0.137,0.020,0.000
396.300,0.000,0.139,0.020,0.000
396.320,0.000,0.141,0.020,0.000
396.340,0.000,0.138,0.020,0.000
396.360,0.000,0.141,0.020,0.000
396.380,0.000,0.139,0.020,0.000
396.400,0.000,0.143,0.020,0.000
396.420,0.000,0.137,0.020,0.000
396.440,0.000,0.142,0.020,0.000
396.460,0.000,0.136,0.020,0.000
396.480,0.000,0.148,0.020,0.000
396.500,0.000,0.136,0.020,0.000
396.520,0.000,0.147,0.020,0.000
396.540,0.000,0.141,0.020,0.000
396.560,0.000,0.145,0.020,0.000
396.580,0.000,0.141,0.020,0.000
396.600,0.000,0.144,0.020,0.000
396.620,0.000,0.142,0.020,0.000
396.640,0.000,0.144,0.020,0.000
396.660,0.000,0.147,0.020,0.000
396.680,0.000,0.146,0.020,0.000
396.700,0.000,0.142,0.020,0.000
396.720,0.000,0.142,0.020,0.000
396.740,0.000,0.148,0.020,0.000
396.760,0.000,0.142,0.020,0.000
396.780,0.000,0.150,0.020,0.000
396.800,0.000,0.148,0.020,0.000
396.820,0.000,0.148,0.020,0.000
396.840,0.000,0.143,0.020,0.000
396.860,0.000,0.148,0.020,0.000
396.880,0.000,0.142,0.020,0.000
396.900,0.000,0.147,0.020,0.000
396.920,0.000,0.144,0.020,0.000
396.940,0.000,0.144,0.020,0.000
396.960,0.000,0.140,0.020,0.000
396.980,0.000,0.143,0.020,0.000
397.000,0.000,0.142,0.020,0.000
397.020,0.000,0.141,0.020,0.000
397.040,0.000,0.143,0.020,0.000
397.060,0.000,0.139,0.020,0.000
397.080,0.000,0.141,0.020,0.000
397.100,0.000,0.140,0.020,0.000
397.120,0.000,0.145,0.020,0.000
397.140,0.000,0.137,0.020,0.000
397.160,0.000,0.138,0.020,0.000
397.180,0.000,0.137,0.020,0.000
397.200,0.000,0.138,0.020,0.000
397.220,0.000,0.133,0.020,0.000
397.240,0.000,0.141,0.020,0.000
397.260,0.000,0.135,0.020,0.000
397.280,0.000,0.137,0.020,0.000
397.300,0.000,0.135,0.020,0.000
397.320,0.000,0.137,0.020,0.000
397.340,0.000,0.137,0.020,0.000
397.360,0.000,0.137,0.020,0.000
397.380,0.000,0.134,0.020,0.000
397.400,0.000,0.137,0.020,0.000
397.420,0.000,0.135,0.020,0.000
397.440,0.000,0.139,0.020,0.000
397.460,0.000,0.139,0.020,0.000
397.480,0.000,0.134,0.020,0.000
397.500,0.000,0.143,0.020,0.000
397.520,0.000,0.139,0.020,0.000
397.540,0.000,0.137,0.020,0.000
397.560,0.000,0.135,0.020,0.000
397.580,0.000,0.141,0.020,0.000
397.600,0.000,0.138,0.020,0.000
397.620,0.000,0.145,0.020,0.000
397.640,0.000,0.144,0.020,0.000
397.660,0.000,0.144,0.020,0.000
397.680,0.000,0.142,0.020,0.000
397.700,0.000,0.145,0.020,0.000
397.720,0.000,0.142,0.020,0.000
397.740,0.000,0.145,0.020,0.000
397.760,0.000,0.144,0.020,0.000
397.780,0.000,0.144,0.020,0.000
397.800,0.000,0.145,0.020,0.000
397.820,0.000,0.145,0.020,0.000
397.840,0.000,0.146,0.020,0.000
397.860,0.000,0.146,0.020,0.000
397.880,0.000,0.145,0.020,0.000
397.900,0.000,0.149,0.020,0.000
397.920,0.000,0.148,0.020,0.000
397.940,0.000,0.145,0.020,0.000
397.960,0.000,0.149,0.020,0.000
397.980,0.000,0.146,0.020,0.000
398.000,0.000,0.150,0.020,0.000
398.020,0.000,0.146,0.020,0.000
398.040,0.000,0.146,0.020,0.000
398.060,0.000,0.148,0.020,0.000
398.080,0.000,0.149,0.020,0.000
398.100,0.000,0.143,0.020,0.000
398.120,0.000,0.147,0.020,0.000
398.140,0.000,0.145,0.020,0.000
398.160,0.000,0.144,0.020,0.000
398.180,0.000,0.141,0.020,0.000
398.200,0.000,0.145,0.020,0.000
398.220,0.000,0.143,0.020,0.000
398.240,0.000,0.142,0.020,0.000
398.260,0.000,0.144,0.020,0.000
398.280,0.000,0.144,0.020,0.000
398.300,0.000,0.142,0.020,0.000
398.320,0.000,0.143,0.020,0.000
398.340,0.000,0.145,0.020,0.000
398.360,0.000,0.140,0.020,0.000
398.380,0.000,0.146,0.020,0.000
398.400,0.000,0.141,0.020,0.000
398.420,0.000,0.146,0.020,0.000
398.440,0.000,0.137,0.020,0.000
398.460,0.000,0.145,0.020,0.000
398.480,0.000,0.137,0.020,0.000
398.500,0.000,0.143,0.020,0.000
398.520,0.000,0.143,0.020,0.000
398.540,0.000,0.146,0.020,0.000
398.560,0.000,0.145,0.020,0.000
398.580,0.000,0.141,0.020,0.000
398.600,0.000,0.146,0.020,0.000
398.620,0.000,0.143,0.020,0.000
398.640,0.000,0.147,0.020,0.000
398.660,0.000,0.143,0.020,0.000
398.680,0.000,0.149,0.020,0.000
398.700,0.000,0.144,0.020,0.000
398.720,0.000,0.152,0.020,0.000
398.740,0.000,0.148,0.020,0.000
398.760,0.000,0.150,0.020,0.000
398.780,0.000,0.147,0.020,0.000
398.800,0.000,0.149,0.020,0.000
398.820,0.000,0.145,0.020,0.000
398.840,0.000,0.151,0.020,0.000
398.860,0.000,0.146,0.020,0.000
398.880,0.000,0.150,0.020,0.000
398.900,0.000,0.146,0.020,0.000
398.920,0.000,0.149,0.020,0.000
398.940,0.000,0.147,0.020,0.000
398.960,0.000,0.149,0.020,0.000
398.980,0.000,0.147,0.020,0.000
399.000,0.000,0.148,0.020,0.000
399.020,0.000,0.147,0.020,0.000
399.040,0.000,0.143,0.020,0.000
399.060,0.000,0.145,0.020,0.000
399.080,0.000,0.142,0.020,0.000
399.100,0.000,0.144,0.020,0.000
399.120,0.000,0.141,0.020,0.000
399.140,0.000,0.142,0.020,0.000
399.160,0.000,0.137,0.020,0.000
399.180,0.000,0.137,0.020,0.000
399.200,0.000,0.138,0.020,0.000
399.220,0.000,0.140,0.020,0.000
399.240,0.000,0.139,0.020,0.000
399.260,0.000,0.137,0.020,0.000
399.280,0.000,0.138,0.020,0.000
399.300,0.000,0.137,0.020,0.000
399.320,0.000,0.135,0.020,0.000
399.340,0.000,0.136,0.020,0.000
399.360,0.000,0.136,0.020,0.000
399.380,0.000,0.136,0.020,0.000
399.400,0.000,0.138,0.020,0.000
399.420,0.000,0.136,0.020,0.000
399.440,0.000,0.137,0.020,0.000
399.460,0.000,0.133,0.020,0.000
399.480,0.000,0.137,0.020,0.000
399.500,0.000,0.134,0.020,0.000
399.520,0.000,0.138,0.020,0.000
399.540,0.000,0.134,0.020,0.000
399.560,0.000,0.137,0.020,0.000
399.580,0.000,0.134,0.020,0.000
399.600,0.000,0.137,0.020,0.000
399.620,0.000,0.135,0.020,0.000
399.640,0.000,0.142,0.020,0.000
399.660,0.000,0.140,0.020,0.000
399.680,0.000,0.137,0.020,0.000
399.700,0.000,0.140,0.020,0.000
399.720,0.000,0.143,0.020,0.000
399.740,0.000,0.141,0.020,0.000
399.760,0.000,0.145,0.020,0.000
399.780,0.000,0.145,0.020,0.000
399.800,0.000,0.145,0.020,0.000
399.820,0.000,0.147,0.020,0.000
399.840,0.000,0.143,0.020,0.000
399.860,0.000,0.149,0.020,0.000
399.880,0.000,0.142,0.020,0.000
399.900,0.000,0.149,0.020,0.000
399.920,0.000,0.145,0.020,0.000
399.940,0.000,0.148,0.020,0.000
399.960,0.000,0.143,0.020,0.000
399.980,0.000,0.149,0.020,0.000
400.000,0.000,0.146,0.020,0.000
400.020,0.000,0.148,0.020,0.000
400.040,0.000,0.146,0.020,0.000
400.060,0.000,0.149,0.020,0.000
400.080,0.000,0.144,0.020,0.000
400.100,0.000,0.143,0.020,0.000
400.120,0.000,0.146,0.020,0.000
400.140,0.000,0.143,0.020,0.000
400.160,0.000,0.145,0.020,0.000
400.180,0.000,0.141,0.020,0.000
400.200,0.000,0.144,0.020,0.000
400.220,0.000,0.141,0.020,0.000
400.240,0.000,0.143,0.020,0.000
400.260,0.000,0.141,0.020,0.000
400.280,0.000,0.144,0.020,0.000
400.300,0.000,0.143,0.020,0.000
400.320,0.000,0.147,0.020,0.000
400.340,0.000,0.143,0.020,0.000
400.360,0.000,0.142,0.020,0.000
400.380,0.000,0.141,0.020,0.000
400.400,0.000,0.142,0.020,0.000
400.420,0.000,0.143,0.020,0.000
400.440,0.000,0.142,0.020,0.000
400.460,0.000,0.145,0.020,0.000
400.480,0.000,0.142,0.020,0.000
400.500,0.000,0.144,0.020,0.000
400.520,0.000,0.139,0.020,0.000
400.540,0.000,0.144,0.020,0.000
400.560,0.000,0.137,0.020,0.000
400.580,0.000,0.146,0.020,0.000
400.600,0.000,0.143,0.020,0.000
400.620,0.000,0.145,0.020,0.000
400.640,0.000,0.142,0.020,0.000
400.660,0.000,0.148,0.020,0.000
400.680,0.000,0.141,0.020,0.000
400.700,0.000,0.146,0.020,0.000
400.720,0.000,0.145,0.020,0.000
400.740,0.000,0.146,0.020,0.000
400.760,0.000,0.146,0.020,0.000
400.780,0.000,0.149,0.020,0.000
400.800,0.000,0.147,0.019,0.000
400.820,0.000,0.147,0.019,0.000
400.840,0.000,0.147,0.019,0.000
400.860,0.000,0.149,0.019,0.000
400.880,0.000,0.151,0.019,0.000
400.900,0.000,0.147,0.019,0.000
400.920,0.000,0.148,0.019,0.000
400.940,0.000,0.151,0.019,0.000
400.960,0.000,0.150,0.019,0.000
400.980,0.000,0.151,0.019,0.000
401.000,0.000,0.152,0.019,0.000
401.020,0.000,0.149,0.019,0.000
401.040,0.000,0.150,0.019,0.000
401.060,0.000,0.152,0.019,0.000
401.080,0.000,0.145,0.019,0.000
401.100,0.000,0.148,0.019,0.000
401.120,0.000,0.148,0.019,0.000
401.140,0.000,0.151,0.019,0.000
401.160,0.000,0.149,0.019,0.000
401.180,0.000,0.144,0.019,0.000
401.200,0.000,0.147,0.019,0.000
401.220,0.000,0.145,0.019,0.000
401.240,0.000,0.140,0.019,0.000
401.260,0.000,0.138,0.019,0.000
401.280,0.000,0.140,0.019,0.000
401.300,0.000,0.140,0.019,0.000
401.320,0.000,0.140,0.019,0.000
401.340,0.000,0.140,0.019,0.000
401.360,0.000,0.135,0.019,0.000
401.380,0.000,0.140,0.019,0.000
401.400,0.000,0.136,0.019,0.000
401.420,0.000,0.136,0.019,0.000
401.440,0.000,0.138,0.019,0.000
401.460,0.000,0.134,0.019,0.000
401.480,0.000,0.136,0.019,0.000
401.500,0.000,0.136,0.019,0.000
401.520,0.000,0.135,0.019,0.000
401.540,0.000,0.136,0.019,0.000
401.560,0.000,0.133,0.019,0.000
401.580,0.000,0.135,0.019,0.000
401.600,0.000,0.134,0.019,0.000
401.620,0.000,0.137,0.019,0.000
401.640,0.000,0.133,0.019,0.000
401.660,0.000,0.137,0.019,0.000
401.680,0.000,0.134,0.019,0.000
401.700,0.000,0.137,0.019,0.000
401.720,0.000,0.138,0.019,0.000
401.740,0.000,0.134,0.019,0.000
401.760,0.000,0.137,0.019,0.000
401.780,0.000,0.138,0.019,0.000
401.800,0.000,0.139,0.019,0.000
401.820,0.000,0.139,0.019,0.000
401.840,0.000,0.137,0.019,0.000
401.860,0.000,0.138,0.019,0.000
401.880,0.000,0.142,0.019,0.000
401.900,0.000,0.145,0.019,0.000
401.920,0.000,0.149,0.019,0.000
401.940,0.000,0.146,0.019,0.000
401.960,0.000,0.149,0.019,0.000
401.980,0.000,0.143,0.019,0.000
402.000,0.000,0.146,0.019,0.000
402.020,0.000,0.145,0.019,0.000
402.040,0.000,0.144,0.019,0.000
402.060,0.000,0.149,0.019,0.000
402.080,0.000,0.145,0.019,0.000
402.100,0.000,0.142,0.019,0.000
402.120,0.000,0.144,0.019,0.000
402.140,0.000,0.145,0.019,0.000
402.160,0.000,0.144,0.019,0.000
402.180,0.000,0.143,0.019,0.000
402.200,0.000,0.147,0.019,0.000
402.220,0.000,0.144,0.019,0.000
402.240,0.000,0.145,0.019,0.000
402.260,0.000,0.141,0.019,0.000
402.280,0.000,0.142,0.019,0.000
402.300,0.000,0.143,0.019,0.000
402.320,0.000,0.143,0.019,0.000
402.340,0.000,0.142,0.019,0.000
402.360,0.000,0.142,0.019,0.000
402.380,0.000,0.141,0.019,0.000
402.400,0.000,0.143,0.019,0.000
402.420,0.000,0.143,0.019,0.000
402.440,0.000,0.141,0.019,0.000
402.460,0.000,0.142,0.019,0.000
402.480,0.000,0.142,0.019,0.000
402.500,0.000,0.142,0.019,0.000
402.520,0.000,0.142,0.019,0.000
402.540,0.000,0.141,0.019,0.000
402.560,0.000,0.142,0.019,0.000
402.580,0.000,0.142,0.019,0.000
402.600,0.000,0.142,0.019,0.000
402.620,0.000,0.141,0.019,0.000
402.640,0.000,0.141,0.019,0.000
402.660,0.000,0.141,0.019,0.000
402.680,0.000,0.142,0.019,0.000
402.700,0.000,0.142,0.019,0.000
402.720,0.000,0.143,0.019,0.000
402.740,0.000,0.145,0.019,0.000
402.760,0.000,0.141,0.019,0.000
402.780,0.000,0.146,0.019,0.000
402.800,0.000,0.145,0.019,0.000
402.820,0.000,0.148,0.019,0.000
402.840,0.000,0.144,0.019,0.000
402.860,0.000,0.145,0.019,0.000
402.880,0.000,0.150,0.019,0.000
402.900,0.000,0.149,0.019,0.000
402.920,0.000,0.150,0.019,0.000
402.940,0.000,0.151,0.019,0.000
402.960,0.000,0.151,0.019,0.000
402.980,0.000,0.148,0.019,0.000
403.000,0.000,0.149,0.019,0.000
403.020,0.000,0.152,0.019,0.000
403.040,0.000,0.150,0.019,0.000
403.060,0.000,0.152,0.019,0.000
403.080,0.000,0.148,0.019,0.000
403.100,0.000,0.149,0.019,0.000
403.120,0.000,0.151,0.019,0.000
403.140,0.000,0.150,0.019,0.000
403.160,0.000,0.152,0.019,0.000
403.180,0.000,0.149,0.019,0.000
403.200,0.000,0.152,0.019,0.000
403.220,0.000,0.149,0.019,0.000
403.240,0.000,0.151,0.019,0.000
403.260,0.000,0.146,0.019,0.000
403.280,0.000,0.152,0.019,0.000
403.300,0.000,0.145,0.019,0.000
403.320,0.000,0.149,0.019,0.000
403.340,0.000,0.145,0.019,0.000
403.360,0.000,0.147,0.019,0.000
403.380,0.000,0.145,0.019,0.000
403.400,0.000,0.144,0.019,0.000
403.420,0.000,0.144,0.019,0.000
403.440,0.000,0.137,0.019,0.000
403.460,0.000,0.146,0.019,0.000
403.480,0.000,0.138,0.019,0.000
403.500,0.000,0.143,0.019,0.000
403.520,0.000,0.133,0.019,0.000
403.540,0.000,0.141,0.019,0.000
403.560,0.000,0.135,0.019,0.000
403.580,0.000,0.138,0.019,0.000
403.600,0.000,0.136,0.019,0.000
403.620,0.000,0.140,0.019,0.000
403.640,0.000,0.137,0.019,0.000
403.660,0.000,0.137,0.019,0.000
403.680,0.000,0.137,0.019,0.000
403.700,0.000,0.137,0.019,0.000
403.720,0.000,0.137,0.019,0.000
403.740,0.000,0.136,0.019,0.000
403.760,0.000,0.138,0.019,0.000
403.780,0.000,0.135,0.019,0.000
403.800,0.000,0.141,0.019,0.000
403.820,0.000,0.138,0.019,0.000
403.840,0.000,0.142,0.019,0.000
403.860,0.000,0.135,0.019,0.000
403.880,0.000,0.146,0.019,0.000
403.900,0.000,0.135,0.019,0.000
403.920,0.000,0.145,0.019,0.000
403.940,0.000,0.136,0.019,0.000
403.960,0.000,0.143,0.019,0.000
403.980,0.000,0.140,0.019,0.000
404.000,0.000,0.146,0.019,0.000
404.020,0.000,0.141,0.019,0.000
404.040,0.000,0.145,0.019,0.000
404.060,0.000,0.142,0.019,0.000
404.080,0.000,0.144,0.019,0.000
404.100,0.000,0.145,0.019,0.000
404.120,0.000,0.140,0.019,0.000
404.140,0.000,0.146,0.019,0.000
404.160,0.000,0.144,0.019,0.000
404.180,0.000,0.149,0.019,0.000
404.200,0.000,0.140,0.019,0.000
404.220,0.000,0.149,0.019,0.000
404.240,0.000,0.139,0.019,0.000
404.260,0.000,0.150,0.019,0.000
404.280,0.000,0.139,0.019,0.000
404.300,0.000,0.148,0.019,0.000
404.320,0.000,0.137,0.019,0.000
404.340,0.000,0.145,0.019,0.000
404.360,0.000,0.138,0.019,0.000
404.380,0.000,0.145,0.019,0.000
404.400,0.000,0.139,0.019,0.000
404.420,0.000,0.143,0.019,0.000
404.440,0.000,0.139,0.019,0.000
404.460,0.000,0.139,0.019,0.000
404.480,0.000,0.141,0.019,0.000
404.500,0.000,0.138,0.019,0.000
404.520,0.000,0.141,0.019,0.000
404.540,0.000,0.137,0.019,0.000
404.560,0.000,0.137,0.019,0.000
404.580,0.000,0.139,0.019,0.000
404.600,0.000,0.141,0.019,0.000
404.620,0.000,0.137,0.019,0.000
404.640,0.000,0.141,0.019,0.000
404.660,0.000,0.139,0.019,0.000
404.680,0.000,0.141,0.019,0.000
404.700,0.000,0.137,0.019,0.000
404.720,0.000,0.141,0.019,0.000
404.740,0.000,0.141,0.019,0.000
404.760,0.000,0.139,0.019,0.000
404.780,0.000,0.141,0.019,0.000
404.800,0.000,0.143,0.019,0.000
404.820,0.000,0.141,0.019,0.000
404.840,0.000,0.143,0.019,0.000
404.860,0.000,0.142,0.019,0.000
404.880,0.000,0.143,0.019,0.000
404.900,0.000,0.144,0.019,0.000
404.920,0.000,0.144,0.019,0.000
404.940,0.000,0.145,0.019,0.000
404.960,0.000,0.144,0.019,0.000
404.980,0.000,0.145,0.019,0.000
405.000,0.000,0.146,0.019,0.000
405.020,0.000,0.148,0.019,0.000
405.040,0.000,0.148,0.019,0.000
405.060,0.000,0.146,0.019,0.000
405.080,0.000,0.147,0.019,0.000
405.100,0.000,0.149,0.019,0.000
405.120,0.000,0.149,0.019,0.000
405.140,0.000,0.149,0.019,0.000
405.160,0.000,0.147,0.019,0.000
405.180,0.000,0.149,0.019,0.000
405.200,0.000,0.148,0.019,0.000
405.220,0.000,0.147,0.019,0.000
405.240,0.000,0.147,0.019,0.000
405.260,0.000,0.149,0.019,0.000
405.280,0.000,0.149,0.019,0.000
405.300,0.000,0.147,0.019,0.000
405.320,0.000,0.148,0.019,0.000
405.340,0.000,0.146,0.019,0.000
405.360,0.000,0.148,0.019,0.000
405.380,0.000,0.147,0.019,0.000
405.400,0.000,0.146,0.019,0.000
405.420,0.000,0.145,0.019,0.000
405.440,0.000,0.147,0.019,0.000
405.460,0.000,0.145,0.019,0.000
405.480,0.000,0.148,0.019,0.000
405.500,0.000,0.144,0.019,0.000
405.520,0.000,0.148,0.019,0.000
405.540,0.000,0.141,0.019,0.000
405.560,0.000,0.147,0.019,0.000
405.580,0.000,0.140,0.019,0.000
405.600,0.000,0.148,0.019,0.000
405.620,0.000,0.141,0.019,0.000
405.640,0.000,0.143,0.019,0.000
405.660,0.000,0.137,0.019,0.000
405.680,0.000,0.144,0.019,0.000
405.700,0.000,0.139,0.019,0.000
405.720,0.000,0.142,0.019,0.000
405.740,0.000,0.143,0.019,0.000
405.760,0.000,0.139,0.019,0.000
405.780,0.000,0.143,0.019,0.000
405.800,0.000,0.143,0.019,0.000
405.820,0.000,0.142,0.019,0.000
405.840,0.000,0.139,0.019,0.000
405.860,0.000,0.144,0.019,0.000
405.880,0.000,0.140,0.019,0.000
405.900,0.000,0.141,0.019,0.000
405.920,0.000,0.140,0.019,0.000
405.940,0.000,0.143,0.019,0.000
405.960,0.000,0.142,0.019,0.000
405.980,0.000,0.144,0.019,0.000
406.000,0.000,0.142,0.019,0.000
406.020,0.000,0.144,0.019,0.000
406.040,0.000,0.141,0.019,0.000
406.060,0.000,0.145,0.019,0.000
406.080,0.000,0.141,0.019,0.000
406.100,0.000,0.141,0.019,0.000
406.120,0.000,0.144,0.019,0.000
406.140,0.000,0.143,0.019,0.000
406.160,0.000,0.144,0.019,0.000
406.180,0.000,0.141,0.019,0.000
406.200,0.000,0.145,0.019,0.000
406.220,0.000,0.141,0.019,0.000
406.240,0.000,0.144,0.019,0.000
406.260,0.000,0.141,0.019,0.000
406.280,0.000,0.144,0.019,0.000
406.300,0.000,0.141,0.019,0.000
406.320,0.000,0.143,0.019,0.000
406.340,0.000,0.144,0.019,0.000
406.360,0.000,0.142,0.019,0.000
406.380,0.000,0.142,0.019,0.000
406.400,0.000,0.141,0.019,0.000
406.420,0.000,0.141,0.019,0.000
406.440,0.000,0.141,0.019,0.000
406.460,0.000,0.143,0.019,0.000
406.480,0.000,0.137,0.019,0.000
406.500,0.000,0.141,0.019,0.000
406.520,0.000,0.138,0.019,0.000
406.540,0.000,0.141,0.019,0.000
406.560,0.000,0.138,0.019,0.000
406.580,0.000,0.138,0.019,0.000
406.600,0.000,0.139,0.019,0.000
406.620,0.000,0.137,0.019,0.000
406.640,0.000,0.137,0.019,0.000
406.660,0.000,0.140,0.019,0.000
406.680,0.000,0.138,0.019,0.000
406.700,0.000,0.137,0.019,0.000
406.720,0.000,0.138,0.019,0.000
406.740,0.000,0.141,0.019,0.000
406.760,0.000,0.137,0.019,0.000
406.780,0.000,0.141,0.019,0.000
406.800,0.000,0.139,0.019,0.000
406.820,0.000,0.142,0.019,0.000
406.840,0.000,0.141,0.019,0.000
406.860,0.000,0.141,0.019,0.000
406.880,0.000,0.142,0.019,0.000
406.900,0.000,0.141,0.019,0.000
406.920,0.000,0.141,0.019,0.000
406.940,0.000,0.141,0.019,0.000
406.960,0.000,0.142,0.019,0.000
406.980,0.000,0.142,0.019,0.000
407.000,0.000,0.143,0.019,0.000
407.020,0.000,0.144,0.019,0.000
407.040,0.000,0.143,0.019,0.000
407.060,0.000,0.143,0.019,0.000
407.080,0.000,0.144,0.019,0.000
407.100,0.000,0.142,0.019,0.000
407.120,0.000,0.145,0.019,0.000
407.140,0.000,0.145,0.019,0.000
407.160,0.000,0.145,0.019,0.000
407.180,0.000,0.145,0.019,0.000
407.200,0.000,0.145,0.019,0.000
407.220,0.000,0.145,0.019,0.000
407.240,0.000,0.145,0.019,0.000
407.260,0.000,0.149,0.019,0.000
407.280,0.000,0.145,0.019,0.000
407.300,0.000,0.148,0.019,0.000
407.320,0.000,0.147,0.019,0.000
407.340,0.000,0.150,0.019,0.000
407.360,0.000,0.144,0.019,0.000
407.380,0.000,0.149,0.019,0.000
407.400,0.000,0.144,0.019,0.000
407.420,0.000,0.148,0.019,0.000
407.440,0.000,0.143,0.019,0.000
407.460,0.000,0.146,0.019,0.000
407.480,0.000,0.142,0.019,0.000
407.500,0.000,0.149,0.019,0.000
407.520,0.000,0.142,0.019,0.000
407.540,0.000,0.147,0.019,0.000
407.560,0.000,0.145,0.019,0.000
407.580,0.000,0.146,0.019,0.000
407.600,0.000,0.144,0.019,0.000
407.620,0.000,0.144,0.019,0.000
407.640,0.000,0.144,0.019,0.000
407.660,0.000,0.143,0.019,0.000
407.680,0.000,0.146,0.019,0.000
407.700,0.000,0.140,0.019,0.000
407.720,0.000,0.145,0.019,0.000
407.740,0.000,0.141,0.019,0.000
407.760,0.000,0.146,0.019,0.000
407.780,0.000,0.141,0.019,0.000
407.800,0.000,0.145,0.019,0.000
407.820,0.000,0.140,0.019,0.000
407.840,0.000,0.146,0.019,0.000
407.860,0.000,0.141,0.019,0.000
407.880,0.000,0.148,0.019,0.000
407.900,0.000,0.140,0.019,0.000
407.920,0.000,0.143,0.019,0.000
407.940,0.000,0.144,0.019,0.000
407.960,0.000,0.143,0.019,0.000
407.980,0.000,0.142,0.019,0.000
408.000,0.000,0.145,0.019,0.000
408.020,0.000,0.142,0.019,0.000
408.040,0.000,0.142,0.019,0.000
408.060,0.000,0.146,0.019,0.000
408.080,0.000,0.142,0.019,0.000
408.100,0.000,0.145,0.019,0.000
408.120,0.000,0.147,0.019,0.000
408.140,0.000,0.146,0.019,0.000
408.160,0.000,0.141,0.019,0.000
408.180,0.000,0.147,0.019,0.000
408.200,0.000,0.144,0.019,0.000
408.220,0.000,0.147,0.019,0.000
408.240,0.000,0.141,0.019,0.000
408.260,0.000,0.145,0.019,0.000
408.280,0.000,0.145,0.017,0.000
408.300,0.000,0.145,0.017,0.000
408.320,0.000,0.142,0.017,0.000
408.340,0.000,0.144,0.017,0.000
408.360,0.000,0.144,0.017,0.000
408.380,0.000,0.145,0.017,0.000
408.400,0.000,0.141,0.017,0.000
408.420,0.000,0.141,0.017,0.000
408.440,0.000,0.139,0.017,0.000
408.460,0.000,0.143,0.017,0.000
408.480,0.000,0.144,0.017,0.000
408.500,0.000,0.140,0.017,0.000
408.520,0.000,0.138,0.015,0.000
408.540,0.000,0.140,0.015,0.000
408.560,0.000,0.137,0.015,0.000
408.580,0.000,0.138,0.015,0.000
408.600,0.000,0.139,0.015,0.000
408.620,0.000,0.137,0.015,0.000
408.640,0.000,0.134,0.016,0.000
408.660,0.000,0.144,0.016,0.000
408.680,0.000,0.137,0.016,0.000
408.700,0.000,0.141,0.016,0.000
408.720,0.000,0.137,0.016,0.000
408.740,0.000,0.141,0.016,0.000
408.760,0.000,0.137,0.016,0.000
408.780,0.000,0.138,0.016,0.000
408.800,0.000,0.137,0.016,0.000
408.820,0.000,0.137,0.016,0.000
408.840,0.000,0.141,0.016,0.000
408.860,0.000,0.138,0.016,0.000
408.880,0.000,0.141,0.016,0.000
408.900,0.000,0.138,0.016,0.000
408.920,0.000,0.138,0.016,0.000
408.940,0.000,0.139,0.016,0.000
408.960,0.000,0.142,0.016,0.000
408.980,0.000,0.141,0.016,0.000
409.000,0.000,0.143,0.016,0.000
409.020,0.000,0.141,0.016,0.000
409.040,0.000,0.141,0.016,0.000
409.060,0.000,0.142,0.016,0.000
409.080,0.000,0.145,0.016,0.000
409.100,0.000,0.141,0.016,0.000
409.120,0.000,0.143,0.016,0.000
409.140,0.000,0.143,0.016,0.000
409.160,0.000,0.143,0.016,0.000
409.180,0.000,0.143,0.016,0.000
409.200,0.000,0.143,0.016,0.000
409.220,0.000,0.144,0.016,0.000
409.240,0.000,0.142,0.016,0.000
409.260,0.000,0.144,0.016,0.000
409.280,0.000,0.143,0.016,0.000
409.300,0.000,0.145,0.016,0.000
409.320,0.000,0.141,0.016,0.000
409.340,0.000,0.145,0.016,0.000
409.360,0.000,0.142,0.016,0.000
409.380,0.000,0.147,0.016,0.000
409.400,0.000,0.142,0.016,0.000
409.420,0.000,0.145,0.016,0.000
409.440,0.000,0.144,0.016,0.000
409.460,0.000,0.144,0.016,0.000
409.480,0.000,0.143,0.016,0.000
409.500,0.000,0.143,0.016,0.000
409.520,0.000,0.142,0.016,0.000
409.540,0.000,0.145,0.016,0.000
409.560,0.000,0.145,0.016,0.000
409.580,0.000,0.143,0.016,0.000
409.600,0.000,0.144,0.016,0.000
409.620,0.000,0.142,0.016,0.000
409.640,0.000,0.144,0.016,0.000
409.660,0.000,0.143,0.016,0.000
409.680,0.000,0.145,0.016,0.000
409.700,0.000,0.143,0.016,0.000
409.720,0.000,0.140,0.016,0.000
409.740,0.000,0.143,0.016,0.000
409.760,0.000,0.144,0.016,0.000
409.780,0.000,0.139,0.016,0.000
409.800,0.000,0.145,0.016,0.000
409.820,0.000,0.141,0.016,0.000
409.840,0.000,0.145,0.016,0.000
409.860,0.000,0.142,0.016,0.000
409.880,0.000,0.145,0.016,0.000
409.900,0.000,0.141,0.016,0.000
409.920,0.000,0.147,0.016,0.000
409.940,0.000,0.144,0.016,0.000
409.960,0.000,0.145,0.016,0.000
409.980,0.000,0.142,0.016,0.000
410.000,0.000,0.145,0.016,0.000
410.020,0.000,0.144,0.016,0.000
410.040,0.000,0.144,0.016,0.000
410.060,0.000,0.147,0.016,0.000
410.080,0.000,0.142,0.016,0.000
410.100,0.000,0.145,0.016,0.000
410.120,0.000,0.143,0.016,0.000
410.140,0.000,0.147,0.016,0.000
410.160,0.000,0.144,0.016,0.000
410.180,0.000,0.147,0.016,0.000
410.200,0.000,0.144,0.016,0.000
410.220,0.000,0.149,0.016,0.000
410.240,0.000,0.144,0.016,0.000
410.260,0.000,0.146,0.016,0.000
410.280,0.000,0.145,0.016,0.000
410.300,0.000,0.148,0.016,0.000
410.320,0.000,0.144,0.016,0.000
410.340,0.000,0.146,0.016,0.000
410.360,0.000,0.145,0.016,0.000
410.380,0.000,0.145,0.016,0.000
410.400,0.000,0.145,0.016,0.000
410.420,0.000,0.142,0.016,0.000
410.440,0.000,0.146,0.016,0.000
410.460,0.000,0.141,0.016,0.000
410.480,0.000,0.145,0.016,0.000
410.500,0.000,0.145,0.016,0.000
410.520,0.000,0.143,0.016,0.000
410.540,0.000,0.140,0.016,0.000
410.560,0.000,0.145,0.016,0.000
410.580,0.000,0.138,0.016,0.000
410.600,0.000,0.145,0.016,0.000
410.620,0.000,0.141,0.016,0.000
410.640,0.000,0.138,0.016,0.000
410.660,0.000,0.138,0.016,0.000
410.680,0.000,0.144,0.016,0.000
410.700,0.000,0.140,0.016,0.000
410.720,0.000,0.139,0.016,0.000
410.740,0.000,0.141,0.016,0.000
410.760,0.000,0.137,0.016,0.000
410.780,0.000,0.140,0.016,0.000
410.800,0.000,0.135,0.016,0.000
410.820,0.000,0.142,0.016,0.000
410.840,0.000,0.134,0.016,0.000
410.860,0.000,0.136,0.016,0.000
410.880,0.000,0.137,0.016,0.000
410.900,0.000,0.139,0.016,0.000
410.920,0.000,0.137,0.016,0.000
410.940,0.000,0.139,0.016,0.000
410.960,0.000,0.136,0.016,0.000
410.980,0.000,0.138,0.016,0.000
411.000,0.000,0.137,0.016,0.000
411.020,0.000,0.139,0.016,0.000
411.040,0.000,0.136,0.016,0.000
411.060,0.000,0.139,0.016,0.000
411.080,0.000,0.143,0.016,0.000
411.100,0.000,0.139,0.016,0.000
411.120,0.000,0.144,0.016,0.000
411.140,0.000,0.141,0.016,0.000
411.160,0.000,0.141,0.016,0.000
411.180,0.000,0.139,0.016,0.000
411.200,0.000,0.144,0.016,0.000
411.220,0.000,0.141,0.016,0.000
411.240,0.000,0.146,0.016,0.000
411.260,0.000,0.141,0.016,0.000
411.280,0.000,0.145,0.016,0.000
411.300,0.000,0.141,0.016,0.000
411.320,0.000,0.144,0.016,0.000
411.340,0.000,0.143,0.016,0.000
411.360,0.000,0.145,0.016,0.000
411.380,0.000,0.146,0.016,0.000
411.400,0.000,0.143,0.016,0.000
411.420,0.000,0.145,0.016,0.000
411.440,0.000,0.144,0.016,0.000
411.460,0.000,0.145,0.016,0.000
411.480,0.000,0.144,0.016,0.000
411.500,0.000,0.144,0.016,0.000
411.520,0.000,0.144,0.016,0.000
411.540,0.000,0.145,0.016,0.000
411.560,0.000,0.142,0.016,0.000
411.580,0.000,0.146,0.016,0.000
411.600,0.000,0.141,0.016,0.000
411.620,0.000,0.146,0.016,0.000
411.640,0.000,0.142,0.016,0.000
411.660,0.000,0.145,0.016,0.000
411.680,0.000,0.142,0.016,0.000
411.700,0.000,0.142,0.016,0.000
411.720,0.000,0.142,0.016,0.000
411.740,0.000,0.143,0.016,0.000
411.760,0.000,0.142,0.016,0.000
411.780,0.000,0.140,0.016,0.000
411.800,0.000,0.141,0.016,0.000
411.820,0.000,0.141,0.016,0.000
411.840,0.000,0.143,0.016,0.000
411.860,0.000,0.140,0.016,0.000
411.880,0.000,0.145,0.016,0.000
411.900,0.000,0.138,0.016,0.000
411.920,0.000,0.146,0.016,0.000
411.940,0.000,0.140,0.016,0.000
411.960,0.000,0.145,0.016,0.000
411.980,0.000,0.141,0.016,0.000
412.000,0.000,0.145,0.016,0.000
412.020,0.000,0.143,0.016,0.000
412.040,0.000,0.146,0.016,0.000
412.060,0.000,0.142,0.016,0.000
412.080,0.000,0.150,0.016,0.000
412.100,0.000,0.141,0.016,0.000
412.120,0.000,0.145,0.016,0.000
412.140,0.000,0.145,0.016,0.000
412.160,0.000,0.147,0.016,0.000
412.180,0.000,0.148,0.016,0.000
412.200,0.000,0.148,0.016,0.000
412.220,0.000,0.148,0.016,0.000
412.240,0.000,0.149,0.016,0.000
412.260,0.000,0.148,0.016,0.000
412.280,0.000,0.146,0.016,0.000
412.300,0.000,0.148,0.016,0.000
412.320,0.000,0.151,0.017,0.000
412.340,0.000,0.149,0.017,0.000
412.360,0.000,0.150,0.017,0.000
412.380,0.000,0.149,0.017,0.000
412.400,0.000,0.150,0.017,0.000
412.420,0.000,0.152,0.018,0.000
412.440,0.000,0.150,0.018,0.000
412.460,0.000,0.146,0.018,0.000
412.480,0.000,0.150,0.018,0.000
412.500,0.000,0.144,0.018,0.000
412.520,0.000,0.151,0.018,0.000
412.540,0.000,0.145,0.018,0.000
412.560,0.000,0.149,0.018,0.000
412.580,0.000,0.148,0.018,0.000
412.600,0.000,0.150,0.018,0.000
412.620,0.000,0.141,0.018,0.000
412.640,0.000,0.147,0.018,0.000
412.660,0.000,0.142,0.018,0.000
412.680,0.000,0.145,0.018,0.000
412.700,0.000,0.142,0.018,0.000
412.720,0.000,0.145,0.018,0.000
412.740,0.000,0.141,0.018,0.000
412.760,0.000,0.139,0.018,0.000
412.780,0.000,0.141,0.018,0.000
412.800,0.000,0.138,0.018,0.000
412.820,0.000,0.141,0.018,0.000
412.840,0.000,0.137,0.018,0.000
412.860,0.000,0.141,0.018,0.000
412.880,0.000,0.137,0.018,0.000
412.900,0.000,0.141,0.018,0.000
412.920,0.000,0.133,0.019,0.000
412.940,0.000,0.141,0.019,0.000
412.960,0.000,0.135,0.019,0.000
412.980,0.000,0.137,0.019,0.000
413.000,0.000,0.136,0.019,0.000
413.020,0.000,0.137,0.019,0.000
413.040,0.000,0.135,0.019,0.000
413.060,0.000,0.135,0.019,0.000
413.080,0.000,0.137,0.019,0.000
413.100,0.000,0.137,0.019,0.000
413.120,0.000,0.140,0.019,0.000
413.140,0.000,0.138,0.019,0.000
413.160,0.000,0.140,0.019,0.000
413.180,0.000,0.137,0.019,0.000
413.200,0.000,0.137,0.019,0.000
413.220,0.000,0.140,0.019,0.000
413.240,0.000,0.141,0.019,0.000
413.260,0.000,0.141,0.019,0.000
413.280,0.000,0.139,0.019,0.000
413.300,0.000,0.144,0.019,0.000
413.320,0.000,0.141,0.019,0.000
413.340,0.000,0.142,0.019,0.000
413.360,0.000,0.142,0.019,0.000
413.380,0.000,0.146,0.019,0.000
413.400,0.000,0.141,0.019,0.000
413.420,0.000,0.148,0.019,0.000
413.440,0.000,0.141,0.019,0.000
413.460,0.000,0.144,0.019,0.000
413.480,0.000,0.141,0.019,0.000
413.500,0.000,0.147,0.019,0.000
413.520,0.000,0.138,0.019,0.000
413.540,0.000,0.145,0.019,0.000
413.560,0.000,0.140,0.019,0.000
413.580,0.000,0.145,0.019,0.000
413.600,0.000,0.145,0.019,0.000
413.620,0.000,0.142,0.019,0.000
413.640,0.000,0.141,0.019,0.000
413.660,0.000,0.142,0.019,0.000
413.680,0.000,0.145,0.019,0.000
413.700,0.000,0.138,0.019,0.000
413.720,0.000,0.145,0.019,0.000
413.740,0.000,0.140,0.019,0.000
413.760,0.000,0.145,0.019,0.000
413.780,0.000,0.143,0.019,0.000
413.800,0.000,0.143,0.019,0.000
413.820,0.000,0.141,0.019,0.000
413.840,0.000,0.142,0.019,0.000
413.860,0.000,0.141,0.019,0.000
413.880,0.000,0.142,0.019,0.000
413.900,0.000,0.141,0.019,0.000
413.920,0.000,0.143,0.019,0.000
413.940,0.000,0.142,0.019,0.000
413.960,0.000,0.143,0.019,0.000
413.980,0.000,0.141,0.019,0.000
414.000,0.000,0.141,0.019,0.000
414.020,0.000,0.143,0.019,0.000
414.040,0.000,0.141,0.019,0.000
414.060,0.000,0.145,0.019,0.000
414.080,0.000,0.142,0.019,0.000
414.100,0.000,0.144,0.019,0.000
414.120,0.000,0.144,0.019,0.000
414.140,0.000,0.146,0.019,0.000
414.160,0.000,0.142,0.019,0.000
414.180,0.000,0.146,0.019,0.000
414.200,0.000,0.145,0.019,0.000
414.220,0.000,0.142,0.019,0.000
414.240,0.000,0.146,0.019,0.000
414.260,0.000,0.145,0.019,0.000
414.280,0.000,0.146,0.019,0.000
414.300,0.000,0.145,0.019,0.000
414.320,0.000,0.146,0.019,0.000
414.340,0.000,0.144,0.019,0.000
414.360,0.000,0.148,0.019,0.000
414.380,0.000,0.144,0.019,0.000
414.400,0.000,0.149,0.019,0.000
414.420,0.000,0.141,0.019,0.000
414.440,0.000,0.149,0.019,0.000
414.460,0.000,0.147,0.019,0.000
414.480,0.000,0.149,0.019,0.000
414.500,0.000,0.149,0.019,0.000
414.520,0.000,0.149,0.019,0.000
414.540,0.000,0.150,0.019,0.000
414.560,0.000,0.147,0.019,0.000
414.580,0.000,0.149,0.019,0.000
414.600,0.000,0.149,0.019,0.000
414.620,0.000,0.149,0.019,0.000
414.640,0.000,0.146,0.019,0.000
414.660,0.000,0.151,0.019,0.000
414.680,0.000,0.144,0.019,0.000
414.700,0.000,0.150,0.019,0.000
414.720,0.000,0.144,0.019,0.000
414.740,0.000,0.152,0.019,0.000
414.760,0.000,0.142,0.019,0.000
414.780,0.000,0.147,0.019,0.000
414.800,0.000,0.138,0.019,0.000
414.820,0.000,0.148,0.019,0.000
414.840,0.000,0.138,0.019,0.000
414.860,0.000,0.147,0.019,0.000
414.880,0.000,0.140,0.019,0.000
414.900,0.000,0.145,0.019,0.000
414.920,0.000,0.141,0.019,0.000
414.940,0.000,0.143,0.019,0.000
414.960,0.000,0.138,0.019,0.000
414.980,0.000,0.141,0.019,0.000
415.000,0.000,0.141,0.019,0.000
415.020,0.000,0.140,0.019,0.000
415.040,0.000,0.141,0.019,0.000
415.060,0.000,0.136,0.019,0.000
415.080,0.000,0.141,0.019,0.000
415.100,0.000,0.136,0.019,0.000
415.120,0.000,0.141,0.019,0.000
415.140,0.000,0.137,0.019,0.000
415.160,0.000,0.137,0.019,0.000
415.180,0.000,0.140,0.019,0.000
415.200,0.000,0.140,0.019,0.000
415.220,0.000,0.137,0.019,0.000
415.240,0.000,0.138,0.019,0.000
415.260,0.000,0.137,0.019,0.000
415.280,0.000,0.141,0.019,0.000
415.300,0.000,0.139,0.019,0.000
415.320,0.000,0.141,0.019,0.000
415.340,0.000,0.141,0.019,0.000
415.360,0.000,0.139,0.019,0.000
415.380,0.000,0.141,0.019,0.000
415.400,0.000,0.138,0.019,0.000
415.420,0.000,0.140,0.019,0.000
415.440,0.000,0.140,0.019,0.000
415.460,0.000,0.140,0.019,0.000
415.480,0.000,0.142,0.019,0.000
415.500,0.000,0.142,0.019,0.000
415.520,0.000,0.141,0.019,0.000
415.540,0.000,0.143,0.019,0.000
415.560,0.000,0.137,0.019,0.000
415.580,0.000,0.147,0.019,0.000
415.600,0.000,0.137,0.019,0.000
415.620,0.000,0.143,0.019,0.000
415.640,0.000,0.138,0.019,0.000
415.660,0.000,0.141,0.019,0.000
415.680,0.000,0.141,0.019,0.000
415.700,0.000,0.141,0.019,0.000
415.720,0.000,0.139,0.019,0.000
415.740,0.000,0.144,0.019,0.000
415.760,0.000,0.143,0.019,0.000
415.780,0.000,0.141,0.019,0.000
415.800,0.000,0.142,0.019,0.000
415.820,0.000,0.136,0.019,0.000
415.840,0.000,0.142,0.019,0.000
415.860,0.000,0.137,0.019,0.000
415.880,0.000,0.143,0.019,0.000
415.900,0.000,0.138,0.019,0.000
415.920,0.000,0.143,0.019,0.000
415.940,0.000,0.138,0.019,0.000
415.960,0.000,0.144,0.019,0.000
415.980,0.000,0.137,0.019,0.000
416.000,0.000,0.145,0.019,0.000
416.020,0.000,0.137,0.019,0.000
416.040,0.000,0.143,0.019,0.000
416.060,0.000,0.142,0.019,0.000
416.080,0.000,0.143,0.019,0.000
416.100,0.000,0.140,0.019,0.000
416.120,0.000,0.141,0.019,0.000
416.140,0.000,0.142,0.019,0.000
416.160,0.000,0.143,0.019,0.000
416.180,0.000,0.143,0.019,0.000
416.200,0.000,0.142,0.019,0.000
416.220,0.000,0.142,0.019,0.000
416.240,0.000,0.142,0.019,0.000
416.260,0.000,0.143,0.019,0.000
416.280,0.000,0.141,0.019,0.000
416.300,0.000,0.145,0.019,0.000
416.320,0.000,0.143,0.019,0.000
416.340,0.000,0.145,0.019,0.000
416.360,0.000,0.143,0.019,0.000
416.380,0.000,0.145,0.019,0.000
416.400,0.000,0.143,0.019,0.000
416.420,0.000,0.146,0.019,0.000
416.440,0.000,0.145,0.019,0.000
416.460,0.000,0.144,0.019,0.000
416.480,0.000,0.145,0.019,0.000
416.500,0.000,0.148,0.019,0.000
416.520,0.000,0.147,0.019,0.000
416.540,0.000,0.149,0.019,0.000
416.560,0.000,0.147,0.019,0.000
416.580,0.000,0.151,0.019,0.000
416.600,0.000,0.150,0.019,0.000
416.620,0.000,0.150,0.019,0.000
416.640,0.000,0.150,0.019,0.000
416.660,0.000,0.149,0.019,0.000
416.680,0.000,0.151,0.019,0.000
416.700,0.000,0.147,0.019,0.000
416.720,0.000,0.149,0.019,0.000
416.740,0.000,0.150,0.019,0.000
416.760,0.000,0.146,0.019,0.000
416.780,0.000,0.148,0.019,0.000
416.800,0.000,0.149,0.019,0.000
416.820,0.000,0.147,0.019,0.000
416.840,0.000,0.147,0.019,0.000
416.860,0.000,0.147,0.019,0.000
416.880,0.000,0.148,0.019,0.000
416.900,0.000,0.149,0.019,0.000
416.920,0.000,0.147,0.019,0.000
416.940,0.000,0.145,0.019,0.000
416.960,0.000,0.145,0.019,0.000
416.980,0.000,0.147,0.019,0.000
417.000,0.000,0.148,0.019,0.000
417.020,0.000,0.142,0.019,0.000
417.040,0.000,0.146,0.019,0.000
417.060,0.000,0.143,0.019,0.000
417.080,0.000,0.147,0.019,0.000
417.100,0.000,0.141,0.019,0.000
417.120,0.000,0.144,0.019,0.000
417.140,0.000,0.140,0.019,0.000
417.160,0.000,0.146,0.019,0.000
417.180,0.000,0.142,0.019,0.000
417.200,0.000,0.146,0.019,0.000
417.220,0.000,0.140,0.019,0.000
417.240,0.000,0.145,0.019,0.000
417.260,0.000,0.143,0.019,0.000
417.280,0.000,0.141,0.019,0.000
417.300,0.000,0.140,0.019,0.000
417.320,0.000,0.142,0.019,0.000
417.340,0.000,0.141,0.019,0.000
417.360,0.000,0.143,0.019,0.000
417.380,0.000,0.139,0.019,0.000
417.400,0.000,0.138,0.019,0.000
417.420,0.000,0.145,0.019,0.000
417.440,0.000,0.140,0.019,0.000
417.460,0.000,0.145,0.019,0.000
417.480,0.000,0.138,0.019,0.000
417.500,0.000,0.142,0.019,0.000
417.520,0.000,0.135,0.019,0.000
417.540,0.000,0.141,0.019,0.000
417.560,0.000,0.141,0.019,0.000
417.580,0.000,0.145,0.019,0.000
417.600,0.000,0.139,0.019,0.000
417.620,0.000,0.145,0.019,0.000
417.640,0.000,0.142,0.019,0.000
417.660,0.000,0.141,0.019,0.000
417.680,0.000,0.139,0.019,0.000
417.700,0.000,0.141,0.019,0.000
417.720,0.000,0.141,0.019,0.000
417.740,0.000,0.140,0.019,0.000
417.760,0.000,0.141,0.019,0.000
417.780,0.000,0.138,0.019,0.000
417.800,0.000,0.141,0.019,0.000
417.820,0.000,0.137,0.019,0.000
417.840,0.000,0.142,0.019,0.000
417.860,0.000,0.135,0.019,0.000
417.880,0.000,0.140,0.019,0.000
417.900,0.000,0.134,0.019,0.000
417.920,0.000,0.143,0.018,0.000
417.940,0.000,0.136,0.018,0.000
417.960,0.000,0.141,0.018,0.000
417.980,0.000,0.141,0.018,0.000
418.000,0.000,0.143,0.018,0.000
418.020,0.000,0.142,0.018,0.000
418.040,0.000,0.137,0.018,0.000
418.060,0.000,0.143,0.018,0.000
418.080,0.000,0.134,0.018,0.000
418.100,0.000,0.146,0.018,0.000
418.120,0.000,0.133,0.019,0.000
418.140,0.000,0.145,0.019,0.000
418.160,0.000,0.138,0.019,0.000
418.180,0.000,0.144,0.019,0.000
418.200,0.000,0.141,0.019,0.000
418.220,0.000,0.142,0.019,0.000
418.240,0.000,0.140,0.019,0.000
418.260,0.000,0.143,0.019,0.000
418.280,0.000,0.143,0.019,0.000
418.300,0.000,0.143,0.019,0.000
418.320,0.000,0.142,0.019,0.000
418.340,0.000,0.139,0.019,0.000
418.360,0.000,0.145,0.019,0.000
418.380,0.000,0.141,0.019,0.000
418.400,0.000,0.144,0.019,0.000
418.420,0.000,0.141,0.019,0.000
418.440,0.000,0.146,0.019,0.000
418.460,0.000,0.141,0.019,0.000
418.480,0.000,0.144,0.019,0.000
418.500,0.000,0.141,0.019,0.000
418.520,0.000,0.145,0.019,0.000
418.540,0.000,0.144,0.019,0.000
418.560,0.000,0.147,0.019,0.000
418.580,0.000,0.145,0.019,0.000
418.600,0.000,0.143,0.019,0.000
418.620,0.000,0.145,0.019,0.000
418.640,0.000,0.144,0.019,0.000
418.660,0.000,0.145,0.019,0.000
418.680,0.000,0.143,0.019,0.000
418.700,0.000,0.146,0.019,0.000
418.720,0.000,0.142,0.019,0.000
418.740,0.000,0.145,0.019,0.000
418.760,0.000,0.145,0.019,0.000
418.780,0.000,0.146,0.019,0.000
418.800,0.000,0.143,0.019,0.000
418.820,0.000,0.146,0.019,0.000
418.840,0.000,0.143,0.019,0.000
418.860,0.000,0.149,0.019,0.000
418.880,0.000,0.143,0.019,0.000
418.900,0.000,0.146,0.019,0.000
418.920,0.000,0.145,0.019,0.000
418.940,0.000,0.144,0.019,0.000
418.960,0.000,0.144,0.019,0.000
418.980,0.000,0.145,0.019,0.000
419.000,0.000,0.146,0.019,0.000
419.020,0.000,0.147,0.019,0.000
419.040,0.000,0.147,0.019,0.000
419.060,0.000,0.144,0.019,0.000
419.080,0.000,0.147,0.019,0.000
419.100,0.000,0.140,0.019,0.000
419.120,0.000,0.150,0.019,0.000
419.140,0.000,0.139,0.019,0.000
419.160,0.000,0.149,0.019,0.000
419.180,0.000,0.138,0.019,0.000
419.200,0.000,0.149,0.019,0.000
419.220,0.000,0.142,0.019,0.000
419.240,0.000,0.148,0.019,0.000
419.260,0.000,0.138,0.019,0.000
419.280,0.000,0.147,0.019,0.000
419.300,0.000,0.139,0.019,0.000
419.320,0.000,0.148,0.019,0.000
419.340,0.000,0.142,0.019,0.000
419.360,0.000,0.145,0.019,0.000
419.380,0.000,0.145,0.019,0.000
419.400,0.000,0.145,0.019,0.000
419.420,0.000,0.147,0.019,0.000
419.440,0.000,0.143,0.019,0.000
419.460,0.000,0.147,0.019,0.000
419.480,0.000,0.138,0.019,0.000
419.500,0.000,0.148,0.019,0.000
419.520,0.000,0.142,0.019,0.000
419.540,0.000,0.145,0.019,0.000
419.560,0.000,0.137,0.019,0.000
419.580,0.000,0.149,0.019,0.000
419.600,0.000,0.139,0.019,0.000
419.620,0.000,0.148,0.019,0.000
419.640,0.000,0.140,0.019,0.000
419.660,0.000,0.146,0.019,0.000
419.680,0.000,0.142,0.019,0.000
419.700,0.000,0.147,0.019,0.000
419.720,0.000,0.142,0.019,0.000
419.740,0.000,0.142,0.018,0.000
419.760,0.000,0.144,0.018,0.000
419.780,0.000,0.144,0.018,0.000
419.800,0.000,0.142,0.018,0.000
419.820,0.000,0.141,0.018,0.000
419.840,0.000,0.142,0.018,0.000
419.860,0.000,0.137,0.018,0.000
419.880,0.000,0.139,0.018,0.000
419.900,0.000,0.138,0.018,0.000
419.920,0.000,0.143,0.018,0.000
419.940,0.000,0.135,0.018,0.000
419.960,0.000,0.139,0.018,0.000
419.980,0.000,0.135,0.018,0.000
420.000,0.000,0.138,0.018,0.000
420.020,0.000,0.137,0.018,0.000
420.040,0.000,0.138,0.018,0.000
420.060,0.000,0.135,0.018,0.000
420.080,0.000,0.141,0.018,0.000
420.100,0.000,0.138,0.018,0.000
420.120,0.000,0.137,0.018,0.000
420.140,0.000,0.135,0.018,0.000
420.160,0.000,0.137,0.018,0.000
420.180,0.000,0.137,0.018,0.000
420.200,0.000,0.139,0.018,0.000
420.220,0.000,0.138,0.018,0.000
420.240,0.000,0.140,0.018,0.000
420.260,0.000,0.138,0.018,0.000
420.280,0.000,0.142,0.018,0.000
420.300,0.000,0.139,0.018,0.000
420.320,0.000,0.142,0.018,0.000
420.340,0.000,0.139,0.018,0.000
420.360,0.000,0.140,0.018,0.000
420.380,0.000,0.138,0.018,0.000
420.400,0.000,0.141,0.018,0.000
420.420,0.000,0.141,0.018,0.000
420.440,0.000,0.144,0.018,0.000
420.460,0.000,0.141,0.018,0.000
420.480,0.000,0.141,0.018,0.000
420.500,0.000,0.145,0.018,0.000
420.520,0.000,0.141,0.018,0.000
420.540,0.000,0.142,0.018,0.000
420.560,0.000,0.141,0.018,0.000
420.580,0.000,0.145,0.018,0.000
420.600,0.000,0.142,0.018,0.000
420.620,0.000,0.142,0.018,0.000
420.640,0.000,0.142,0.018,0.000
420.660,0.000,0.143,0.018,0.000
420.680,0.000,0.142,0.018,0.000
420.700,0.000,0.142,0.018,0.000
420.720,0.000,0.142,0.018,0.000
420.740,0.000,0.143,0.018,0.000
420.760,0.000,0.143,0.018,0.000
420.780,0.000,0.142,0.018,0.000
420.800,0.000,0.142,0.018,0.000
420.820,0.000,0.141,0.018,0.000
420.840,0.000,0.144,0.018,0.000
420.860,0.000,0.143,0.018,0.000
420.880,0.000,0.142,0.018,0.000
420.900,0.000,0.143,0.018,0.000
420.920,0.000,0.144,0.018,0.000
420.940,0.000,0.145,0.018,0.000
420.960,0.000,0.143,0.018,0.000
420.980,0.000,0.144,0.018,0.000
421.000,0.000,0.143,0.018,0.000
421.020,0.000,0.143,0.018,0.000
421.040,0.000,0.145,0.018,0.000
421.060,0.000,0.144,0.018,0.000
421.080,0.000,0.145,0.018,0.000
421.100,0.000,0.143,0.018,0.000
421.120,0.000,0.143,0.018,0.000
421.140,0.000,0.143,0.018,0.000
421.160,0.000,0.144,0.018,0.000
421.180,0.000,0.142,0.018,0.000
421.200,0.000,0.144,0.018,0.000
421.220,0.000,0.145,0.018,0.000
421.240,0.000,0.145,0.018,0.000
421.260,0.000,0.143,0.018,0.000
421.280,0.000,0.143,0.018,0.000
421.300,0.000,0.145,0.018,0.000
421.320,0.000,0.143,0.018,0.000
