****************************************************************************************************
SERIE 25
****************************************************************************************************

Test ipotesi linearità_____________________________________
Covarianza = 0.36900
Indice Pearson = 0.99928 +/- 0.00152
Gradi di Liberta' = 621
	t = 657.2482794361013
	p-value (due code) = 0.0

Parametri___________________________________________________
y = a + bx
a = -1.91854 +/- 0.02540
b = 28.54496 +/- 0.04728

Test bontà fit _____________________________________________
x         y         sy           y*            Chi-quadro   
0.37651   9.01000   0.00289      8.82881       3939.64064   
0.37750   9.03000   0.00289      8.85721       3582.82841   
0.37836   9.05000   0.00289      8.88167       3400.15680   
0.37922   9.08000   0.00289      8.90624       3622.90038   
0.38023   9.09000   0.00289      8.93506       2880.91310   
0.38110   9.10000   0.00289      8.95987       2356.24279   
0.38168   9.13000   0.00289      8.97648       2828.13137   
0.38256   9.17000   0.00289      9.00149       3407.48452   
0.38344   9.15000   0.00289      9.02661       1826.93649   
0.38388   9.18000   0.00289      9.03922       2378.37224   
0.38432   9.19000   0.00289      9.05185       2290.21265   
0.38506   9.18000   0.00289      9.07297       1374.58824   
0.38565   9.20000   0.00289      9.08993       1453.89897   
0.38595   9.24000   0.00289      9.09843       2405.19866   
0.38580   9.22000   0.00289      9.09418       1899.82602   
0.38595   9.21000   0.00289      9.09843       1493.86269   
0.38625   9.24000   0.00289      9.10694       2124.71843   
0.38640   9.22000   0.00289      9.11120       1420.58719   
0.38670   9.27000   0.00289      9.11973       2709.84667   
0.38715   9.21000   0.00289      9.13255       719.87575    
0.38745   9.29000   0.00289      9.14111       2660.17243   
0.38835   9.29000   0.00289      9.16688       1819.00963   
0.38911   9.31000   0.00289      9.18845       1773.00250   
0.38926   9.30000   0.00289      9.19277       1379.76897   
0.38986   9.32000   0.00289      9.21010       1449.40066   
0.39032   9.36000   0.00289      9.22313       2248.01759   
0.39078   9.37000   0.00289      9.23619       2148.56759   
0.39124   9.38000   0.00289      9.24928       2050.40540   
0.39216   9.39000   0.00289      9.27556       1571.55188   
0.39293   9.42000   0.00289      9.29755       1799.17971   
0.39355   9.43000   0.00289      9.31521       1581.22001   
0.39417   9.45000   0.00289      9.33292       1644.88574   
0.39494   9.48000   0.00289      9.35514       1870.80235   
0.39557   9.51000   0.00289      9.37298       2253.00009   
0.39604   9.53000   0.00289      9.38639       2474.73004   
0.39635   9.50000   0.00289      9.39536       1314.06241   
0.39698   9.54000   0.00289      9.41332       1925.70949   
0.39746   9.55000   0.00289      9.42683       1820.42151   
0.39809   9.55000   0.00289      9.44490       1325.55656   
0.39857   9.59000   0.00289      9.45849       2075.51784   
0.39904   9.60000   0.00289      9.47211       1962.83872   
0.39952   9.59000   0.00289      9.48576       1303.96870   
0.39984   9.63000   0.00289      9.49488       2190.96314   
0.40016   9.59000   0.00289      9.50401       887.26978    
0.40080   9.63000   0.00289      9.52232       1391.27300   
0.40145   9.64000   0.00289      9.54070       1183.34570   
0.40193   9.64000   0.00289      9.55451       876.94765    
0.40241   9.62000   0.00289      9.56836       319.94661    
0.40274   9.68000   0.00289      9.57762       1257.87418   
0.40339   9.70000   0.00289      9.59617       1293.76404   
0.40388   9.71000   0.00289      9.61012       1197.16436   
0.40437   9.67000   0.00289      9.62410       252.77695    
0.40502   9.71000   0.00289      9.64280       541.84008    
0.40552   9.75000   0.00289      9.65687       1040.81358   
0.40601   9.73000   0.00289      9.67097       418.17582    
0.40667   9.80000   0.00289      9.68982       1456.75035   
0.40700   9.85000   0.00289      9.69927       2726.36479   
0.40733   9.83000   0.00289      9.70873       1764.65213   
0.40783   9.84000   0.00289      9.72296       1643.80621   
0.40833   9.87000   0.00289      9.73722       2115.64371   
0.40883   9.89000   0.00289      9.75152       2301.32762   
0.40950   9.91000   0.00289      9.77063       2330.81643   
0.41000   9.91000   0.00289      9.78501       1874.70858   
0.41068   9.89000   0.00289      9.80424       882.67092    
0.41135   9.85000   0.00289      9.82352       84.11699     
0.41203   9.90000   0.00289      9.84288       391.57184    
0.41254   9.97000   0.00289      9.85743       1520.56845   
0.41322   9.98000   0.00289      9.87690       1275.62527   
0.41408   9.98000   0.00289      9.90132       742.89753    
0.41477   10.05000  0.00289      9.92093       1999.14456   
0.41511   9.99000   0.00289      9.93076       421.16042    
0.41563   10.04000  0.00289      9.94553       1070.89947   
0.41632   10.07000  0.00289      9.96529       1315.72207   
0.41701   10.00000  0.00289      9.98511       26.59793     
0.41754   10.08000  0.00289      10.00002      767.56355    
0.41824   10.09000  0.00289      10.01996      588.64232    
0.41859   10.04000  0.00289      10.02996      12.10502     
0.41894   10.09000  0.00289      10.03997      300.38838    
0.41946   10.06000  0.00289      10.05502      2.98071      
0.42017   10.11000  0.00289      10.07514      145.82864    
0.42070   10.15000  0.00289      10.09028      428.02198    
0.42123   10.12000  0.00289      10.10545      25.39623     
0.42194   10.20000  0.00289      10.12575      661.63932    
0.42248   10.17000  0.00289      10.14101      100.84189    
0.42301   10.18000  0.00289      10.15632      67.31624     
0.42355   10.22000  0.00289      10.17166      280.43255    
0.42391   10.25000  0.00289      10.18191      556.37612    
0.42463   10.27000  0.00289      10.20246      547.37929    
0.42499   10.27000  0.00289      10.21276      393.11846    
0.42553   10.27000  0.00289      10.22825      209.16219    
0.42589   10.29000  0.00289      10.23860      317.07184    
0.42644   10.34000  0.00289      10.25415      884.42937    
0.42699   10.33000  0.00289      10.26974      435.71515    
0.42753   10.31000  0.00289      10.28538      72.76546     
0.42827   10.37000  0.00289      10.30628      487.20866    
0.42918   10.38000  0.00289      10.33251      270.58101    
0.43011   10.45000  0.00289      10.35886      996.75413    
0.43066   10.39000  0.00289      10.37472      28.00474     
0.43103   10.45000  0.00289      10.38532      502.00326    
0.43159   10.49000  0.00289      10.40125      945.14784    
0.43215   10.47000  0.00289      10.41722      334.23757    
0.43271   10.48000  0.00289      10.43324      262.40806    
0.43328   10.55000  0.00289      10.44929      1217.03658   
0.43384   10.49000  0.00289      10.46539      72.68058     
0.43440   10.46000  0.00289      10.48153      55.61728     
0.43497   10.49000  0.00289      10.49771      7.13248      
0.43535   10.62000  0.00289      10.50852      1491.32410   
0.43592   10.50000  0.00289      10.52477      73.63827     
0.43630   10.61000  0.00289      10.53563      663.70683    
0.43687   10.47000  0.00289      10.55195      805.94899    
0.43725   10.58000  0.00289      10.56286      35.26085     
0.43783   10.55000  0.00289      10.57925      102.68404    
0.43821   10.55000  0.00289      10.59021      193.98003    
0.43879   10.65000  0.00289      10.60667      225.27973    
0.43937   10.70000  0.00289      10.62318      708.13302    
0.43995   10.62000  0.00289      10.63973      46.73365     
0.44053   10.67000  0.00289      10.65633      22.42016     
0.44092   10.72000  0.00289      10.66742      331.75621    
0.44150   10.70000  0.00289      10.68409      30.37404     
0.44209   10.72000  0.00289      10.70080      44.21509     
0.44267   10.76000  0.00289      10.71756      216.10309    
0.44326   10.74000  0.00289      10.73437      3.80795      
0.44366   10.71000  0.00289      10.74559      152.03082    
0.44425   10.75000  0.00289      10.76247      18.66573     
0.44524   10.82000  0.00289      10.79070      103.00409    
0.44603   10.84000  0.00289      10.81338      85.05460     
0.44683   10.87000  0.00289      10.83613      137.63843    
0.44763   10.76000  0.00289      10.85897      1175.41154   
0.44863   10.88000  0.00289      10.88763      6.98998      
0.44924   10.98000  0.00289      10.90489      676.96075    
0.45005   10.96000  0.00289      10.92798      123.06721    
0.45086   10.99000  0.00289      10.95114      181.18043    
0.45147   10.90000  0.00289      10.96857      564.28890    
0.45208   10.95000  0.00289      10.98605      155.97051    
0.45269   11.03000  0.00289      11.00358      83.77731     
0.45331   10.92000  0.00289      11.02115      1227.77626   
0.45393   11.00000  0.00289      11.03877      180.38962    
0.45434   10.99000  0.00289      11.05055      439.89454    
0.45496   11.04000  0.00289      11.06825      95.74688     
0.45558   11.02000  0.00289      11.08600      522.66541    
0.45620   11.06000  0.00289      11.10379      230.15744    
0.45704   11.06000  0.00289      11.12760      548.39652    
0.45746   11.15000  0.00289      11.13954      13.13530     
0.45788   11.10000  0.00289      11.15150      318.21552    
0.45830   11.15000  0.00289      11.16348      21.79056     
0.45872   11.14000  0.00289      11.17548      151.03673    
0.45914   11.19000  0.00289      11.18750      0.74928      
0.45977   11.30000  0.00289      11.20558      1069.85041   
0.46019   11.14000  0.00289      11.21766      723.68733    
0.46062   11.11000  0.00289      11.22976      1721.07416   
0.46104   11.28000  0.00289      11.24188      174.34765    
0.46147   11.26000  0.00289      11.25403      4.27787      
0.46211   11.33000  0.00289      11.27229      399.64297    
0.46275   11.33000  0.00289      11.29060      186.25611    
0.46339   11.33000  0.00289      11.30897      53.09200     
0.46425   11.42000  0.00289      11.33353      897.25741    
0.46468   11.41000  0.00289      11.34585      493.89502    
0.46490   11.35000  0.00289      11.35201      0.48586      
0.46533   11.30000  0.00289      11.36436      497.10563    
0.46598   11.27000  0.00289      11.38293      1530.42148   
0.46664   11.49000  0.00289      11.40155      938.76015    
0.46729   11.43000  0.00289      11.42023      11.46538     
0.46795   11.39000  0.00289      11.43895      287.54110    
0.46860   11.35000  0.00289      11.45773      1392.66066   
0.46904   11.41000  0.00289      11.47028      435.99723    
0.46948   11.54000  0.00289      11.48285      391.95383    
0.46992   11.52000  0.00289      11.49544      72.36027     
0.47037   11.53000  0.00289      11.50806      57.74845     
0.47081   11.48000  0.00289      11.52071      198.83385    
0.47125   11.47000  0.00289      11.53337      481.92458    
0.47170   11.50000  0.00289      11.54606      254.61271    
0.47237   11.59000  0.00289      11.56514      74.14215     
0.47304   11.43000  0.00289      11.58428      2856.21250   
0.47326   11.51000  0.00289      11.59067      780.89037    
0.47348   11.55000  0.00289      11.59706      265.81354    
0.47371   11.47000  0.00289      11.60347      2137.62724   
0.47416   11.55000  0.00289      11.61629      527.33318    
0.47461   11.65000  0.00289      11.62914      52.22633     
0.47506   11.55000  0.00289      11.64201      1015.90058   
0.47551   11.63000  0.00289      11.65491      74.43930     
0.47619   11.66000  0.00289      11.67430      24.52855     
0.47664   11.56000  0.00289      11.68725      1943.25754   
0.47733   11.67000  0.00289      11.70674      161.96301    
0.47778   11.74000  0.00289      11.71976      49.16860     
0.47824   11.73000  0.00289      11.73280      0.94266      
0.47893   11.77000  0.00289      11.75242      37.10042     
0.47962   11.79000  0.00289      11.77209      38.50418     
0.48054   11.85000  0.00289      11.79840      319.47396    
0.48123   11.79000  0.00289      11.81821      95.46791     
0.48216   11.79000  0.00289      11.84470      359.03792    
0.48286   11.79000  0.00289      11.86464      668.46588    
0.48333   11.79000  0.00289      11.87796      928.42748    
0.48403   11.80000  0.00289      11.89799      1152.32159   
0.48450   11.85000  0.00289      11.91138      452.12083    
0.48520   11.85000  0.00289      11.93151      797.30998    
0.48567   11.82000  0.00289      11.94497      1873.96368   
0.48638   11.87000  0.00289      11.96519      1087.43461   
0.48685   11.80000  0.00289      11.97871      3832.60166   
0.48733   11.83000  0.00289      11.99226      3159.32335   
0.48780   11.88000  0.00289      12.00583      1899.97123   
0.48852   11.92000  0.00289      12.02624      1354.34611   
0.48900   12.04000  0.00289      12.03987      0.00189      
0.48948   12.02000  0.00289      12.05354      134.98503    
0.48996   11.93000  0.00289      12.06723      2259.86735   
0.49020   11.95000  0.00289      12.07409      1847.69021   
0.49068   11.89000  0.00289      12.08782      4695.83810   
0.49140   12.02000  0.00289      12.10847      939.15332    
0.49188   11.96000  0.00289      12.12227      3159.61379   
0.49237   11.99000  0.00289      12.13609      2561.14694   
0.49285   12.17000  0.00289      12.14995      48.26043     
0.49358   11.98000  0.00289      12.17078      4367.53709   
0.49407   12.05000  0.00289      12.18470      2177.29019   
0.49456   12.19000  0.00289      12.19865      8.97823      
0.49554   12.21000  0.00289      12.22663      33.19605     
0.49628   12.18000  0.00289      12.24769      549.86677    
0.49727   12.13000  0.00289      12.27587      2553.35308   
0.49801   12.31000  0.00289      12.29708      20.04235     
0.49875   12.27000  0.00289      12.31835      280.48775    
0.49950   12.22000  0.00289      12.33968      1718.81465   
0.50025   12.29000  0.00289      12.36108      606.26126    
0.50100   12.44000  0.00289      12.38254      396.18410    
0.50150   12.41000  0.00289      12.39689      20.63996     
0.50201   12.26000  0.00289      12.41126      2745.47979   
0.50251   12.23000  0.00289      12.42566      4593.93364   
0.50302   12.22000  0.00289      12.44009      5812.78695   
0.50352   12.40000  0.00289      12.45455      357.09075    
0.50429   12.46000  0.00289      12.47629      31.86307     
0.50531   12.29000  0.00289      12.50539      5567.14873   
0.50633   12.32000  0.00289      12.53460      5526.54135   
0.50684   12.32000  0.00289      12.54925      6306.89192   
0.50736   12.44000  0.00289      12.56393      1843.17845   
0.50839   12.52000  0.00289      12.59339      646.25411    
0.50916   12.37000  0.00289      12.61555      7235.52504   
0.50942   12.61000  0.00289      12.62296      20.14465     
0.50968   12.45000  0.00289      12.63037      3903.91872   
0.51020   12.41000  0.00289      12.64521      6639.07154   
0.51046   12.57000  0.00289      12.65265      819.68733    
0.51073   12.64000  0.00289      12.66009      48.43341     
0.51151   12.58000  0.00289      12.68246      1259.80036   
0.51230   12.58000  0.00289      12.70490      1872.04475   
0.51282   12.54000  0.00289      12.71990      3883.67491   
0.51361   12.57000  0.00289      12.74246      3568.89682   
0.51440   12.74000  0.00289      12.76508      75.48212     
0.51520   12.69000  0.00289      12.78778      1147.19770   
0.51573   12.67000  0.00289      12.80294      2120.89679   
0.51653   12.65000  0.00289      12.82576      3706.83494   
0.51733   12.66000  0.00289      12.84864      4270.17725   
0.51813   12.80000  0.00289      12.87159      615.07604    
0.51921   12.76000  0.00289      12.90231      2430.26722   
0.51975   12.74000  0.00289      12.91772      3789.98313   
0.52029   12.80000  0.00289      12.93315      2127.62921   
0.52138   12.78000  0.00289      12.96413      4068.38572   
0.52274   12.80000  0.00289      13.00303      4946.39660   
0.52356   12.92000  0.00289      13.02646      1360.15097   
0.52411   12.87000  0.00289      13.04213      3555.43441   
0.52466   12.90000  0.00289      13.05783      2989.16736   
0.52493   12.86000  0.00289      13.06569      5076.99379   
0.52549   12.82000  0.00289      13.08144      8201.96544   
0.52604   12.92000  0.00289      13.09722      3768.78559   
0.52632   12.88000  0.00289      13.10512      6081.58728   
0.52687   12.95000  0.00289      13.12095      3506.99134   
0.52743   13.07000  0.00289      13.13682      535.74848    
0.52798   13.00000  0.00289      13.15272      2798.63890   
0.52854   12.97000  0.00289      13.16865      4735.27334   
0.52882   13.03000  0.00289      13.17663      2579.87983   
0.52910   13.11000  0.00289      13.18461      668.03815    
0.52994   13.13000  0.00289      13.20862      741.80044    
0.53079   13.02000  0.00289      13.23271      5429.53875   
0.53191   13.06000  0.00289      13.26495      5040.44900   
0.53248   13.15000  0.00289      13.28112      2063.03136   
0.53362   13.18000  0.00289      13.31356      2140.63234   
0.53476   13.18000  0.00289      13.34614      3312.43023   
0.53533   13.27000  0.00289      13.36249      1026.45279   
0.53591   13.29000  0.00289      13.37886      947.63835    
0.53648   13.28000  0.00289      13.39528      1594.69628   
0.53763   13.32000  0.00289      13.42821      1405.16632   
0.53879   13.33000  0.00289      13.46129      2068.33274   
0.53937   13.32000  0.00289      13.47788      2991.02972   
0.54025   13.33000  0.00289      13.50283      3584.46626   
0.54113   13.41000  0.00289      13.52787      1667.07840   
0.54171   13.31000  0.00289      13.54460      6604.49787   
0.54230   13.23000  0.00289      13.56137      13176.88741  
0.54289   13.37000  0.00289      13.57818      5200.65505   
0.54318   13.42000  0.00289      13.58660      3330.55790   
0.54348   13.40000  0.00289      13.59502      4564.12193   
0.54407   13.40000  0.00289      13.61190      5388.44187   
0.54496   13.40000  0.00289      13.63730      6757.08500   
0.54555   13.54000  0.00289      13.65427      1566.87072   
0.54645   13.56000  0.00289      13.67980      1722.17420   
0.54705   13.45000  0.00289      13.69686      7312.99403   
0.54765   13.51000  0.00289      13.71397      4992.30242   
0.54825   13.60000  0.00289      13.73111      2062.71268   
0.54885   13.54000  0.00289      13.74829      5205.98707   
0.54975   13.63000  0.00289      13.77413      2492.64322   
0.55036   13.61000  0.00289      13.79140      3948.63675   
0.55127   13.61000  0.00289      13.81738      5160.74350   
0.55218   13.67000  0.00289      13.84345      3610.04614   
0.55279   13.67000  0.00289      13.86087      4371.88982   
0.55340   13.70000  0.00289      13.87834      3816.51315   
0.55432   13.72000  0.00289      13.90461      4089.58202   
0.55494   13.67000  0.00289      13.92217      7630.70745   
0.55556   13.78000  0.00289      13.93977      3063.16805   
0.55617   13.69000  0.00289      13.95741      8580.95884   
0.55679   13.78000  0.00289      13.97509      4567.16667   
0.55741   13.79000  0.00289      13.99281      4935.71369   
0.55772   13.70000  0.00289      14.00168      10921.42968  
0.55804   13.77000  0.00289      14.01057      6944.63204   
0.55835   13.82000  0.00289      14.01946      4774.10707   
0.55866   13.70000  0.00289      14.02836      12938.72989  
0.55928   13.74000  0.00289      14.04620      11251.11898  
0.55991   13.82000  0.00289      14.06408      7148.95254   
0.56054   13.89000  0.00289      14.08200      4423.53389   
0.56117   13.86000  0.00289      14.09995      6909.39574   
0.56180   13.80000  0.00289      14.11795      12131.30021  
0.56243   13.85000  0.00289      14.13599      9814.96342   
0.56275   13.90000  0.00289      14.14503      7204.55935   
0.56338   13.95000  0.00289      14.16313      5450.73894   
0.56402   14.05000  0.00289      14.18127      2067.72110   
0.56465   14.01000  0.00289      14.19945      4306.88986   
0.56561   14.03000  0.00289      14.22680      4647.53749   
0.56625   14.01000  0.00289      14.24508      6631.66553   
0.56721   13.98000  0.00289      14.27259      10272.89019  
0.56818   14.07000  0.00289      14.30019      6358.26951   
0.56915   14.09000  0.00289      14.32788      6790.35458   
0.56980   14.09000  0.00289      14.34639      7888.49448   
0.57045   14.10000  0.00289      14.36495      8423.81053   
0.57110   14.19000  0.00289      14.38355      4495.34218   
0.57176   14.08000  0.00289      14.40219      12456.80867  
0.57241   14.15000  0.00289      14.42087      8804.78054   
0.57307   14.14000  0.00289      14.43960      10771.35931  
0.57339   14.21000  0.00289      14.44898      6853.46559   
0.57372   14.23000  0.00289      14.45837      6258.45509   
0.57438   14.17000  0.00289      14.47719      11323.53501  
0.57504   14.21000  0.00289      14.49604      9818.38737   
0.57604   14.29000  0.00289      14.52441      6593.65233   
0.57670   14.22000  0.00289      14.54337      12548.43660  
0.57703   14.32000  0.00289      14.55287      6507.54689   
0.57803   14.32000  0.00289      14.58144      8201.82553   
0.57870   14.33000  0.00289      14.60053      8782.55576   
0.57937   14.43000  0.00289      14.61967      4317.15598   
0.58005   14.41000  0.00289      14.63886      6285.23109   
0.58072   14.47000  0.00289      14.65809      4245.36375   
0.58140   14.52000  0.00289      14.67737      2971.67330   
0.58241   14.49000  0.00289      14.70636      5617.53096   
0.58309   14.58000  0.00289      14.72575      2549.17459   
0.58411   14.64000  0.00289      14.75492      1584.69897   
0.58480   14.63000  0.00289      14.77442      2502.77727   
0.58548   14.67000  0.00289      14.79396      1844.06387   
0.58582   14.68000  0.00289      14.80376      1837.83830   
0.58617   14.67000  0.00289      14.81356      2473.03782   
0.58685   14.73000  0.00289      14.83320      1277.92323   
0.58720   14.67000  0.00289      14.84303      3592.82293   
0.58789   14.74000  0.00289      14.86274      1807.82013   
0.58858   14.77000  0.00289      14.88249      1518.60279   
0.58893   14.74000  0.00289      14.89239      2786.69436   
0.58962   14.79000  0.00289      14.91221      1792.33261   
0.59032   14.79000  0.00289      14.93208      2422.55645   
0.59067   14.75000  0.00289      14.94204      4425.40786   
0.59102   14.84000  0.00289      14.95200      1505.34380   
0.59172   14.83000  0.00289      14.97197      2418.57295   
0.59277   14.88000  0.00289      15.00200      1786.19656   
0.59347   14.93000  0.00289      15.02209      1017.61762   
0.59418   14.92000  0.00289      15.04222      1792.50328   
0.59453   14.97000  0.00289      15.05230      812.85135    
0.59488   15.01000  0.00289      15.06240      329.47291    
0.59559   14.96000  0.00289      15.08263      1804.45597   
0.59595   15.07000  0.00289      15.09276      62.15005     
0.59666   15.08000  0.00289      15.11306      131.13715    
0.59737   15.12000  0.00289      15.13341      21.56667     
0.59773   15.13000  0.00289      15.14360      22.19027     
0.59844   15.14000  0.00289      15.16402      69.23502     
0.59952   15.20000  0.00289      15.19474      3.31508      
0.60024   15.24000  0.00289      15.21529      73.28108     
0.60096   15.25000  0.00289      15.23588      23.91920     
0.60168   15.29000  0.00289      15.25652      134.47070    
0.60205   15.31000  0.00289      15.26686      223.27546    
0.60314   15.35000  0.00289      15.29796      324.97417    
0.60386   15.38000  0.00289      15.31875      450.13909    
0.60496   15.39000  0.00289      15.35004      191.64547    
0.60569   15.44000  0.00289      15.37096      572.05091    
0.60680   15.50000  0.00289      15.40243      1142.40091   
0.60753   15.52000  0.00289      15.42348      1118.03496   
0.60790   15.54000  0.00289      15.43402      1347.86548   
0.60864   15.56000  0.00289      15.45514      1319.45211   
0.60976   15.58000  0.00289      15.48692      1039.62153   
0.61087   15.61000  0.00289      15.51882      997.66348    
0.61162   15.66000  0.00289      15.54015      1723.69076   
0.61200   15.68000  0.00289      15.55083      2002.05175   
0.61275   15.68000  0.00289      15.57224      1393.39113   
0.61312   15.71000  0.00289      15.58297      1936.49019   
0.61387   15.73000  0.00289      15.60445      1891.40717   
0.61463   15.79000  0.00289      15.62599      3227.73504   
0.61576   15.80000  0.00289      15.65840      2405.91798   
0.61652   15.84000  0.00289      15.68008      3069.02222   
0.61728   15.86000  0.00289      15.70180      3003.10731   
0.61767   15.88000  0.00289      15.71269      3359.20759   
0.61767   15.90000  0.00289      15.71269      4210.30650   
0.61805   15.91000  0.00289      15.72358      4170.08174   
0.61881   15.92000  0.00289      15.74542      3657.42446   
0.61920   15.95000  0.00289      15.75636      4499.74114   
0.61996   15.96000  0.00289      15.77827      3963.00970   
0.62073   16.00000  0.00289      15.80024      4788.39436   
0.62150   15.99000  0.00289      15.82227      3376.14246   
0.62189   16.01000  0.00289      15.83330      3746.77397   
0.62228   16.02000  0.00289      15.84435      3702.52228   
0.62267   16.02000  0.00289      15.85541      3250.93201   
0.62305   16.02000  0.00289      15.86648      2828.19332   
0.62344   16.05000  0.00289      15.87757      3567.92356   
0.62422   16.04000  0.00289      15.89979      2359.20772   
0.62500   16.07000  0.00289      15.92206      2626.40051   
0.62539   16.07000  0.00289      15.93322      2245.18670   
0.62578   16.09000  0.00289      15.94439      2544.36999   
0.62617   16.09000  0.00289      15.95557      2168.48980   
0.62657   16.10000  0.00289      15.96677      2129.96927   
0.62696   16.11000  0.00289      15.97799      2091.34900   
0.62735   16.13000  0.00289      15.98921      2378.53010   
0.62735   16.13000  0.00289      15.98921      2378.53010   
0.62775   16.16000  0.00289      16.00045      3054.58521   
0.62854   16.17000  0.00289      16.02298      2593.79966   
0.62893   16.18000  0.00289      16.03426      2548.69258   
0.62972   16.21000  0.00289      16.05687      2813.70270   
0.63052   16.23000  0.00289      16.07954      2716.52146   
0.63131   16.26000  0.00289      16.10227      2985.57826   
0.63171   16.28000  0.00289      16.11365      3320.65555   
0.63251   16.29000  0.00289      16.13646      2828.88115   
0.63291   16.32000  0.00289      16.14789      3554.66702   
0.63371   16.34000  0.00289      16.17079      3435.97293   
0.63452   16.34000  0.00289      16.19374      2566.94035   
0.63532   16.38000  0.00289      16.21676      3197.78804   
0.63613   16.39000  0.00289      16.23983      2706.12239   
0.63694   16.43000  0.00289      16.26296      3348.21479   
0.63735   16.46000  0.00289      16.27455      4127.01915   
0.63776   16.43000  0.00289      16.28615      2483.05577   
0.63857   16.46000  0.00289      16.30940      2721.55904   
0.63939   16.48000  0.00289      16.33271      2603.26058   
0.64020   16.46000  0.00289      16.35608      1295.90407   
0.64103   16.49000  0.00289      16.37951      1464.97015   
0.64185   16.51000  0.00289      16.40300      1373.90694   
0.64267   16.55000  0.00289      16.42655      1828.83313   
0.64309   16.55000  0.00289      16.43835      1495.99465   
0.64350   16.54000  0.00289      16.45016      968.57641    
0.64392   16.60000  0.00289      16.46199      2285.72648   
0.64475   16.57000  0.00289      16.48569      853.02085    
0.64558   16.64000  0.00289      16.50945      2045.17253   
0.64641   16.63000  0.00289      16.53327      1122.68888   
0.64725   16.68000  0.00289      16.55716      1810.73726   
0.64809   16.68000  0.00289      16.58111      1173.54270   
0.64851   16.74000  0.00289      16.59311      2589.35190   
0.64893   16.70000  0.00289      16.60512      1080.30083   
0.64977   16.77000  0.00289      16.62919      2379.26807   
0.65020   16.76000  0.00289      16.64125      1692.17519   
0.65104   16.79000  0.00289      16.66542      1862.51608   
0.65232   16.83000  0.00289      16.70178      1972.70121   
0.65359   16.85000  0.00289      16.73830      1497.35850   
0.65402   16.91000  0.00289      16.75050      3052.94207   
0.65445   16.92000  0.00289      16.76272      2968.62747   
0.65488   16.90000  0.00289      16.77495      1876.53070   
0.65574   16.90000  0.00289      16.79947      1212.87342   
0.65617   16.95000  0.00289      16.81175      2293.66061   
0.65703   16.94000  0.00289      16.83636      1288.95186   
0.65746   16.95000  0.00289      16.84869      1231.63230   
0.65789   16.94000  0.00289      16.86104      748.21063    
0.65833   16.95000  0.00289      16.87340      704.09724    
0.65876   16.99000  0.00289      16.88578      1303.41828   
0.65920   17.01000  0.00289      16.89818      1500.56149   
0.66007   17.03000  0.00289      16.92302      1373.46335   
0.66094   17.06000  0.00289      16.94792      1507.36535   
0.66181   17.05000  0.00289      16.97289      713.42911    
0.66313   17.08000  0.00289      17.01048      580.01319    
0.66401   17.13000  0.00289      17.03562      1069.01960   
0.66489   17.16000  0.00289      17.06082      1180.39686   
0.66534   17.19000  0.00289      17.07345      1630.12950   
0.66667   17.21000  0.00289      17.11143      1165.88310   
0.66711   17.21000  0.00289      17.12413      884.90274    
0.66800   17.26000  0.00289      17.14957      1463.42710   
0.66845   17.28000  0.00289      17.16231      1661.99752   
0.66890   17.28000  0.00289      17.17508      1321.05583   
0.66979   17.32000  0.00289      17.20065      1709.19620   
0.67024   17.34000  0.00289      17.21347      1921.20613   
0.67114   17.35000  0.00289      17.23915      1474.53419   
0.67159   17.38000  0.00289      17.25202      1965.59271   
0.67204   17.36000  0.00289      17.26490      1085.29715   
0.67249   17.41000  0.00289      17.27780      2097.21866   
0.67340   17.41000  0.00289      17.30365      1357.14365   
0.67385   17.40000  0.00289      17.31661      834.53340    
0.67431   17.42000  0.00289      17.32958      981.15580    
0.67522   17.45000  0.00289      17.35557      1070.03121   
0.67568   17.43000  0.00289      17.36859      452.48999    
0.67659   17.46000  0.00289      17.39469      511.80787    
0.67705   17.50000  0.00289      17.40777      1020.79757   
0.67797   17.51000  0.00289      17.43397      693.60014    
0.67843   17.52000  0.00289      17.44710      637.67793    
0.67935   17.56000  0.00289      17.47341      899.63661    
0.67981   17.58000  0.00289      17.48660      1046.87689   
0.68027   17.59000  0.00289      17.49980      976.35603    
0.68120   17.62000  0.00289      17.52625      1054.59617   
0.68166   17.63000  0.00289      17.53951      982.63755    
0.68259   17.62000  0.00289      17.56607      348.97780    
0.68306   17.66000  0.00289      17.57938      779.91314    
0.68399   17.69000  0.00289      17.60605      845.61448    
0.68446   17.69000  0.00289      17.61942      597.80618    
0.68493   17.74000  0.00289      17.63280      1378.99827   
0.68587   17.75000  0.00289      17.65962      980.21940    
0.68634   17.79000  0.00289      17.67306      1641.06347   
0.68729   17.81000  0.00289      17.69999      1452.32702   
0.68776   17.80000  0.00289      17.71348      898.27671    
0.68823   17.84000  0.00289      17.72699      1532.50291   
0.68823   17.84000  0.00289      17.72699      1532.50291   
0.68871   17.83000  0.00289      17.74052      960.76262    
0.68918   17.88000  0.00289      17.75407      1902.99197   
0.69013   17.91000  0.00289      17.78122      1989.99863   
0.69061   17.89000  0.00289      17.79483      1086.91232   
0.69156   17.89000  0.00289      17.82209      553.33669    
0.69204   17.93000  0.00289      17.83576      1065.83246   
0.69300   17.93000  0.00289      17.86314      536.50414    
0.69348   17.96000  0.00289      17.87685      829.59740    
0.69396   17.94000  0.00289      17.89059      292.95069    
0.69493   17.99000  0.00289      17.91812      619.96093    
0.69541   18.00000  0.00289      17.93192      556.22958    
0.69589   18.02000  0.00289      17.94573      661.90303    
0.69638   18.04000  0.00289      17.95956      776.38954    
0.69735   18.04000  0.00289      17.98729      333.42373    
0.69784   18.08000  0.00289      18.00118      745.52539    
0.69832   18.09000  0.00289      18.01509      673.38705    
0.69930   18.10000  0.00289      18.04297      390.30605    
0.69930   18.14000  0.00289      18.04297      1129.80495   
0.69979   18.15000  0.00289      18.05694      1039.27034   
0.70028   18.14000  0.00289      18.07093      572.54345    
0.70126   18.18000  0.00289      18.09896      788.06130    
0.70175   18.19000  0.00289      18.11301      711.30914    
0.70225   18.21000  0.00289      18.12708      825.15990    
0.70274   18.23000  0.00289      18.14116      947.03692    
0.70373   18.26000  0.00289      18.16940      985.08070    
0.70472   18.28000  0.00289      18.19771      812.61225    
0.70522   18.31000  0.00289      18.21190      1154.93689   
0.70572   18.32000  0.00289      18.22610      1058.02075   
0.70621   18.33000  0.00289      18.24033      964.91919    
0.70671   18.34000  0.00289      18.25457      875.69240    
0.70771   18.34000  0.00289      18.28313      388.12329    
0.70822   18.35000  0.00289      18.29744      331.56080    
0.70872   18.36000  0.00289      18.31176      279.21582    
0.70972   18.37000  0.00289      18.34048      104.57922    
0.71023   18.41000  0.00289      18.35487      364.75191    
0.71124   18.41000  0.00289      18.38371      82.96584     
0.71174   18.44000  0.00289      18.39816      210.11191    
0.71276   18.46000  0.00289      18.42712      129.74992    
0.71327   18.46000  0.00289      18.44163      40.49692     
0.71378   18.50000  0.00289      18.45616      230.61114    
0.71480   18.52000  0.00289      18.48529      144.57705    
0.71480   18.54000  0.00289      18.48529      359.18675    
0.71531   18.57000  0.00289      18.49988      589.93932    
0.71582   18.57000  0.00289      18.51450      369.62243    
0.71633   18.59000  0.00289      18.52914      444.51049    
0.71685   18.61000  0.00289      18.54380      525.96828    
0.71736   18.62000  0.00289      18.55847      454.25218    
0.71788   18.64000  0.00289      18.57317      535.88489    
0.71839   18.67000  0.00289      18.58790      808.94556    
0.71942   18.69000  0.00289      18.61740      632.47775    
0.72046   18.74000  0.00289      18.64699      1038.07052   
0.72150   18.76000  0.00289      18.67667      833.31555    
0.72202   18.77000  0.00289      18.69154      738.75911    
0.72254   18.79000  0.00289      18.70643      838.08509    
0.72359   18.80000  0.00289      18.73628      487.26809    
0.72411   18.81000  0.00289      18.75123      414.41540    
0.72464   18.86000  0.00289      18.76621      1055.54411   
0.72569   18.84000  0.00289      18.79623      229.86239    
0.72622   18.86000  0.00289      18.81128      284.87455    
0.72674   18.90000  0.00289      18.82634      651.05960    
0.72727   18.90000  0.00289      18.84143      411.66441    
0.72833   18.93000  0.00289      18.87167      408.29338    
0.72886   18.94000  0.00289      18.88682      339.33859    
0.72993   18.96000  0.00289      18.91720      219.86675    
0.73099   18.98000  0.00289      18.94766      125.52736    
0.73153   18.99000  0.00289      18.96292      87.99037     
0.73206   19.02000  0.00289      18.97821      209.58926    
0.73260   19.04000  0.00289      18.99352      259.28141    
0.73314   19.06000  0.00289      19.00885      313.97930    
0.73314   19.09000  0.00289      19.00885      790.27138    
0.73368   19.07000  0.00289      19.02420      251.69220    
0.73421   19.08000  0.00289      19.03958      196.06577    
0.73475   19.14000  0.00289      19.05498      867.45377    
0.73584   19.15000  0.00289      19.08584      493.92118    
0.73638   19.16000  0.00289      19.10131      413.32772    
0.73746   19.21000  0.00289      19.13231      724.21861    
0.73855   19.24000  0.00289      19.16341      703.95907    
0.73964   19.27000  0.00289      19.19459      682.32106    
0.74019   19.30000  0.00289      19.21022      967.20740    
0.74074   19.30000  0.00289      19.22587      659.37588    
0.74184   19.32000  0.00289      19.25724      472.58850    
0.74294   19.33000  0.00289      19.28871      204.58981    
0.74349   19.35000  0.00289      19.30448      248.68281    
0.74460   19.37000  0.00289      19.33608      138.04973    
0.74571   19.38000  0.00289      19.36778      17.91383     
0.74627   19.41000  0.00289      19.38367      83.20986     
0.74683   19.43000  0.00289      19.39958      111.07249    
0.74738   19.43000  0.00289      19.41551      25.19841     
0.74738   19.47000  0.00289      19.41551      356.31124    
0.74850   19.50000  0.00289      19.44745      331.42723    
0.74906   19.52000  0.00289      19.46345      383.73794    
0.74963   19.56000  0.00289      19.47948      778.03110    
0.75075   19.58000  0.00289      19.51161      561.28932    
0.75075   19.59000  0.00289      19.51161      737.42916    
0.75188   19.62000  0.00289      19.54383      696.14773    
0.75245   19.65000  0.00289      19.55998      972.35746    
0.75358   19.66000  0.00289      19.59236      549.10149    
0.75415   19.66000  0.00289      19.60858      317.31410    
0.75472   19.71000  0.00289      19.62482      870.58844    
0.75586   19.74000  0.00289      19.65739      818.89532    
0.75643   19.74000  0.00289      19.67371      527.28557    
0.75700   19.77000  0.00289      19.69006      766.89102    
0.75758   19.80000  0.00289      19.70643      1050.68787   
0.75815   19.79000  0.00289      19.72282      541.53150    
0.75873   19.81000  0.00289      19.73924      600.79057    
0.75930   19.82000  0.00289      19.75569      496.33113    
0.75988   19.83000  0.00289      19.77216      401.49314    
0.76104   19.84000  0.00289      19.80517      145.55812    
0.76161   19.86000  0.00289      19.82172      175.86899    
0.76220   19.89000  0.00289      19.83829      320.90204    
0.76278   19.89000  0.00289      19.85488      147.98371    
0.76336   19.91000  0.00289      19.87150      177.83285    
0.76394   19.93000  0.00289      19.88815      210.16720    
0.76453   19.95000  0.00289      19.90482      244.92479    
0.76570   19.97000  0.00289      19.93824      121.02628    

Gradi di liberta = 621
Chi-quadro = 1169292.0816458545
p-value = 0.0
Errore a posteriori = 0.12526

Test ipotesi funzione costante_______________________________
Gradi di Liberta' = 621
t = 603.7915171331332
p-value = 0.0

Test ipotesi compatibilità misure____________________________
x         y         sy           y_media_p     Chi-quadro   
0.37651   9.01000   0.00289      14.17772      3204640.47575
0.37750   9.03000   0.00289      14.17772      3179883.41636
0.37836   9.05000   0.00289      14.17772      3155222.35697
0.37922   9.08000   0.00289      14.17772      3118410.76788
0.38023   9.09000   0.00289      14.17772      3106188.23819
0.38110   9.10000   0.00289      14.17772      3093989.70849
0.38168   9.13000   0.00289      14.17772      3057538.11941
0.38256   9.17000   0.00289      14.17772      3009272.00063
0.38344   9.15000   0.00289      14.17772      3033357.06002
0.38388   9.18000   0.00289      14.17772      2997265.47093
0.38432   9.19000   0.00289      14.17772      2985282.94124
0.38506   9.18000   0.00289      14.17772      2997265.47093
0.38565   9.20000   0.00289      14.17772      2973324.41154
0.38595   9.24000   0.00289      14.17772      2925730.29276
0.38580   9.22000   0.00289      14.17772      2949479.35215
0.38595   9.21000   0.00289      14.17772      2961389.88185
0.38625   9.24000   0.00289      14.17772      2925730.29276
0.38640   9.22000   0.00289      14.17772      2949479.35215
0.38670   9.27000   0.00289      14.17772      2890286.70368
0.38715   9.21000   0.00289      14.17772      2961389.88185
0.38745   9.29000   0.00289      14.17772      2866777.64429
0.38835   9.29000   0.00289      14.17772      2866777.64429
0.38911   9.31000   0.00289      14.17772      2843364.58490
0.38926   9.30000   0.00289      14.17772      2855059.11459
0.38986   9.32000   0.00289      14.17772      2831694.05520
0.39032   9.36000   0.00289      14.17772      2785251.93642
0.39078   9.37000   0.00289      14.17772      2773701.40673
0.39124   9.38000   0.00289      14.17772      2762174.87703
0.39216   9.39000   0.00289      14.17772      2750672.34734
0.39293   9.42000   0.00289      14.17772      2716308.75825
0.39355   9.43000   0.00289      14.17772      2704902.22856
0.39417   9.45000   0.00289      14.17772      2682161.16917
0.39494   9.48000   0.00289      14.17772      2648229.58008
0.39557   9.51000   0.00289      14.17772      2614513.99100
0.39604   9.53000   0.00289      14.17772      2592156.93161
0.39635   9.50000   0.00289      14.17772      2625728.52069
0.39698   9.54000   0.00289      14.17772      2581014.40191
0.39746   9.55000   0.00289      14.17772      2569895.87222
0.39809   9.55000   0.00289      14.17772      2569895.87222
0.39857   9.59000   0.00289      14.17772      2525661.75344
0.39904   9.60000   0.00289      14.17772      2514663.22374
0.39952   9.59000   0.00289      14.17772      2525661.75344
0.39984   9.63000   0.00289      14.17772      2481811.63466
0.40016   9.59000   0.00289      14.17772      2525661.75344
0.40080   9.63000   0.00289      14.17772      2481811.63466
0.40145   9.64000   0.00289      14.17772      2470909.10496
0.40193   9.64000   0.00289      14.17772      2470909.10496
0.40241   9.62000   0.00289      14.17772      2492738.16435
0.40274   9.68000   0.00289      14.17772      2427538.98618
0.40339   9.70000   0.00289      14.17772      2405997.92679
0.40388   9.71000   0.00289      14.17772      2395263.39710
0.40437   9.67000   0.00289      14.17772      2438345.51588
0.40502   9.71000   0.00289      14.17772      2395263.39710
0.40552   9.75000   0.00289      14.17772      2352565.27832
0.40601   9.73000   0.00289      14.17772      2373866.33771
0.40667   9.80000   0.00289      14.17772      2299732.62984
0.40700   9.85000   0.00289      14.17772      2247499.98137
0.40733   9.83000   0.00289      14.17772      2268321.04076
0.40783   9.84000   0.00289      14.17772      2257898.51106
0.40833   9.87000   0.00289      14.17772      2226774.92198
0.40883   9.89000   0.00289      14.17772      2206145.86259
0.40950   9.91000   0.00289      14.17772      2185612.80320
0.41000   9.91000   0.00289      14.17772      2185612.80320
0.41068   9.89000   0.00289      14.17772      2206145.86259
0.41135   9.85000   0.00289      14.17772      2247499.98137
0.41203   9.90000   0.00289      14.17772      2195867.33289
0.41254   9.97000   0.00289      14.17772      2124589.62503
0.41322   9.98000   0.00289      14.17772      2114503.09533
0.41408   9.98000   0.00289      14.17772      2114503.09533
0.41477   10.05000  0.00289      14.17772      2044569.38747
0.41511   9.99000   0.00289      14.17772      2104440.56564
0.41563   10.04000  0.00289      14.17772      2054487.91716
0.41632   10.07000  0.00289      14.17772      2024804.32808
0.41701   10.00000  0.00289      14.17772      2094402.03594
0.41754   10.08000  0.00289      14.17772      2014957.79838
0.41824   10.09000  0.00289      14.17772      2005135.26869
0.41859   10.04000  0.00289      14.17772      2054487.91716
0.41894   10.09000  0.00289      14.17772      2005135.26869
0.41946   10.06000  0.00289      14.17772      2034674.85777
0.42017   10.11000  0.00289      14.17772      1985562.20930
0.42070   10.15000  0.00289      14.17772      1946704.09052
0.42123   10.12000  0.00289      14.17772      1975811.67960
0.42194   10.20000  0.00289      14.17772      1898671.44204
0.42248   10.17000  0.00289      14.17772      1927419.03113
0.42301   10.18000  0.00289      14.17772      1917812.50143
0.42355   10.22000  0.00289      14.17772      1879626.38265
0.42391   10.25000  0.00289      14.17772      1851238.79357
0.42463   10.27000  0.00289      14.17772      1832433.73418
0.42499   10.27000  0.00289      14.17772      1832433.73418
0.42553   10.27000  0.00289      14.17772      1832433.73418
0.42589   10.29000  0.00289      14.17772      1813724.67479
0.42644   10.34000  0.00289      14.17772      1767372.02631
0.42699   10.33000  0.00289      14.17772      1776594.55601
0.42753   10.31000  0.00289      14.17772      1795111.61540
0.42827   10.37000  0.00289      14.17772      1739848.43723
0.42918   10.38000  0.00289      14.17772      1730721.90753
0.43011   10.45000  0.00289      14.17772      1667508.19967
0.43066   10.39000  0.00289      14.17772      1721619.37784
0.43103   10.45000  0.00289      14.17772      1667508.19967
0.43159   10.49000  0.00289      14.17772      1631914.08089
0.43215   10.47000  0.00289      14.17772      1649663.14028
0.43271   10.48000  0.00289      14.17772      1640776.61058
0.43328   10.55000  0.00289      14.17772      1579242.90272
0.43384   10.49000  0.00289      14.17772      1631914.08089
0.43440   10.46000  0.00289      14.17772      1658573.66997
0.43497   10.49000  0.00289      14.17772      1631914.08089
0.43535   10.62000  0.00289      14.17772      1518885.19485
0.43592   10.50000  0.00289      14.17772      1623075.55119
0.43630   10.61000  0.00289      14.17772      1527435.72455
0.43687   10.47000  0.00289      14.17772      1649663.14028
0.43725   10.58000  0.00289      14.17772      1553231.31363
0.43783   10.55000  0.00289      14.17772      1579242.90272
0.43821   10.55000  0.00289      14.17772      1579242.90272
0.43879   10.65000  0.00289      14.17772      1493377.60577
0.43937   10.70000  0.00289      14.17772      1451344.95729
0.43995   10.62000  0.00289      14.17772      1518885.19485
0.44053   10.67000  0.00289      14.17772      1476492.54638
0.44092   10.72000  0.00289      14.17772      1434699.89790
0.44150   10.70000  0.00289      14.17772      1451344.95729
0.44209   10.72000  0.00289      14.17772      1434699.89790
0.44267   10.76000  0.00289      14.17772      1401697.77912
0.44326   10.74000  0.00289      14.17772      1418150.83851
0.44366   10.71000  0.00289      14.17772      1443010.42759
0.44425   10.75000  0.00289      14.17772      1409912.30881
0.44524   10.82000  0.00289      14.17772      1352914.60095
0.44603   10.84000  0.00289      14.17772      1336845.54156
0.44683   10.87000  0.00289      14.17772      1312921.95247
0.44763   10.76000  0.00289      14.17772      1401697.77912
0.44863   10.88000  0.00289      14.17772      1304995.42278
0.44924   10.98000  0.00289      14.17772      1227050.12583
0.45005   10.96000  0.00289      14.17772      1242447.18522
0.45086   10.99000  0.00289      14.17772      1219387.59613
0.45147   10.90000  0.00289      14.17772      1289214.36339
0.45208   10.95000  0.00289      14.17772      1250181.71491
0.45269   11.03000  0.00289      14.17772      1188977.47735
0.45331   10.92000  0.00289      14.17772      1273529.30400
0.45393   11.00000  0.00289      14.17772      1211749.06644
0.45434   10.99000  0.00289      14.17772      1219387.59613
0.45496   11.04000  0.00289      14.17772      1181434.94766
0.45558   11.02000  0.00289      14.17772      1196544.00705
0.45620   11.06000  0.00289      14.17772      1166421.88827
0.45704   11.06000  0.00289      14.17772      1166421.88827
0.45746   11.15000  0.00289      14.17772      1100051.12101
0.45788   11.10000  0.00289      14.17772      1136683.76949
0.45830   11.15000  0.00289      14.17772      1100051.12101
0.45872   11.14000  0.00289      14.17772      1107329.65071
0.45914   11.19000  0.00289      14.17772      1071177.00223
0.45977   11.30000  0.00289      14.17772      993753.17559 
0.46019   11.14000  0.00289      14.17772      1107329.65071
0.46062   11.11000  0.00289      14.17772      1129309.23979
0.46104   11.28000  0.00289      14.17772      1007614.23498
0.46147   11.26000  0.00289      14.17772      1021571.29437
0.46211   11.33000  0.00289      14.17772      973141.58650 
0.46275   11.33000  0.00289      14.17772      973141.58650 
0.46339   11.33000  0.00289      14.17772      973141.58650 
0.46425   11.42000  0.00289      14.17772      912602.81925 
0.46468   11.41000  0.00289      14.17772      919233.34894 
0.46490   11.35000  0.00289      14.17772      959520.52711 
0.46533   11.30000  0.00289      14.17772      993753.17559 
0.46598   11.27000  0.00289      14.17772      1014580.76467
0.46664   11.49000  0.00289      14.17772      866861.11138 
0.46729   11.43000  0.00289      14.17772      905996.28955 
0.46795   11.39000  0.00289      14.17772      932566.40833 
0.46860   11.35000  0.00289      14.17772      959520.52711 
0.46904   11.41000  0.00289      14.17772      919233.34894 
0.46948   11.54000  0.00289      14.17772      834908.46291 
0.46992   11.52000  0.00289      14.17772      847617.52230 
0.47037   11.53000  0.00289      14.17772      841250.99260 
0.47081   11.48000  0.00289      14.17772      873323.64108 
0.47125   11.47000  0.00289      14.17772      879810.17077 
0.47170   11.50000  0.00289      14.17772      860422.58169 
0.47237   11.59000  0.00289      14.17772      803555.81443 
0.47304   11.43000  0.00289      14.17772      905996.28955 
0.47326   11.51000  0.00289      14.17772      854008.05199 
0.47348   11.55000  0.00289      14.17772      828589.93321 
0.47371   11.47000  0.00289      14.17772      879810.17077 
0.47416   11.55000  0.00289      14.17772      828589.93321 
0.47461   11.65000  0.00289      14.17772      766724.63626 
0.47506   11.55000  0.00289      14.17772      828589.93321 
0.47551   11.63000  0.00289      14.17772      778905.69565 
0.47619   11.66000  0.00289      14.17772      760670.10657 
0.47664   11.56000  0.00289      14.17772      822295.40352 
0.47733   11.67000  0.00289      14.17772      754639.57687 
0.47778   11.74000  0.00289      14.17772      713097.86901 
0.47824   11.73000  0.00289      14.17772      718960.39870 
0.47893   11.77000  0.00289      14.17772      695654.27992 
0.47962   11.79000  0.00289      14.17772      684145.22053 
0.48054   11.85000  0.00289      14.17772      650194.04236 
0.48123   11.79000  0.00289      14.17772      684145.22053 
0.48216   11.79000  0.00289      14.17772      684145.22053 
0.48286   11.79000  0.00289      14.17772      684145.22053 
0.48333   11.79000  0.00289      14.17772      684145.22053 
0.48403   11.80000  0.00289      14.17772      678426.69084 
0.48450   11.85000  0.00289      14.17772      650194.04236 
0.48520   11.85000  0.00289      14.17772      650194.04236 
0.48567   11.82000  0.00289      14.17772      667061.63145 
0.48638   11.87000  0.00289      14.17772      639068.98297 
0.48685   11.80000  0.00289      14.17772      678426.69084 
0.48733   11.83000  0.00289      14.17772      661415.10175 
0.48780   11.88000  0.00289      14.17772      633542.45328 
0.48852   11.92000  0.00289      14.17772      611676.33450 
0.48900   12.04000  0.00289      14.17772      548381.97816 
0.48948   12.02000  0.00289      14.17772      558691.03755 
0.48996   11.93000  0.00289      14.17772      606269.80480 
0.49020   11.95000  0.00289      14.17772      595528.74541 
0.49068   11.89000  0.00289      14.17772      628039.92358 
0.49140   12.02000  0.00289      14.17772      558691.03755 
0.49188   11.96000  0.00289      14.17772      590194.21572 
0.49237   11.99000  0.00289      14.17772      574334.62663 
0.49285   12.17000  0.00289      14.17772      483713.09212 
0.49358   11.98000  0.00289      14.17772      579597.15633 
0.49407   12.05000  0.00289      14.17772      543263.44846 
0.49456   12.19000  0.00289      14.17772      474124.03273 
0.49554   12.21000  0.00289      14.17772      464630.97334 
0.49628   12.18000  0.00289      14.17772      478906.56243 
0.49727   12.13000  0.00289      14.17772      503179.21090 
0.49801   12.31000  0.00289      14.17772      418605.67639 
0.49875   12.27000  0.00289      14.17772      436727.79517 
0.49950   12.22000  0.00289      14.17772      459920.44365 
0.50025   12.29000  0.00289      14.17772      427618.73578 
0.50100   12.44000  0.00289      14.17772      362360.79036 
0.50150   12.41000  0.00289      14.17772      374980.37944 
0.50201   12.26000  0.00289      14.17772      441318.32487 
0.50251   12.23000  0.00289      14.17772      455233.91395 
0.50302   12.22000  0.00289      14.17772      459920.44365 
0.50352   12.40000  0.00289      14.17772      379234.90914 
0.50429   12.46000  0.00289      14.17772      354067.73097 
0.50531   12.29000  0.00289      14.17772      427618.73578 
0.50633   12.32000  0.00289      14.17772      414135.14670 
0.50684   12.32000  0.00289      14.17772      414135.14670 
0.50736   12.44000  0.00289      14.17772      362360.79036 
0.50839   12.52000  0.00289      14.17772      329764.55280 
0.50916   12.37000  0.00289      14.17772      392142.49822 
0.50942   12.61000  0.00289      14.17772      294929.78554 
0.50968   12.45000  0.00289      14.17772      358202.26066 
0.51020   12.41000  0.00289      14.17772      374980.37944 
0.51046   12.57000  0.00289      14.17772      310171.90432 
0.51073   12.64000  0.00289      14.17772      283750.19646 
0.51151   12.58000  0.00289      14.17772      306325.37463 
0.51230   12.58000  0.00289      14.17772      306325.37463 
0.51282   12.54000  0.00289      14.17772      321855.49341 
0.51361   12.57000  0.00289      14.17772      310171.90432 
0.51440   12.74000  0.00289      14.17772      248044.89951 
0.51520   12.69000  0.00289      14.17772      265597.54798 
0.51573   12.67000  0.00289      14.17772      272786.60737 
0.51653   12.65000  0.00289      14.17772      280071.66676 
0.51733   12.66000  0.00289      14.17772      276417.13707 
0.51813   12.80000  0.00289      14.17772      227773.72133 
0.51921   12.76000  0.00289      14.17772      241191.84012 
0.51975   12.74000  0.00289      14.17772      248044.89951 
0.52029   12.80000  0.00289      14.17772      227773.72133 
0.52138   12.78000  0.00289      14.17772      234434.78072 
0.52274   12.80000  0.00289      14.17772      227773.72133 
0.52356   12.92000  0.00289      14.17772      189823.36499 
0.52411   12.87000  0.00289      14.17772      205216.01347 
0.52466   12.90000  0.00289      14.17772      195908.42438 
0.52493   12.86000  0.00289      14.17772      208366.54316 
0.52549   12.82000  0.00289      14.17772      221208.66194 
0.52604   12.92000  0.00289      14.17772      189823.36499 
0.52632   12.88000  0.00289      14.17772      202089.48377 
0.52687   12.95000  0.00289      14.17772      180875.77591 
0.52743   13.07000  0.00289      14.17772      147245.41957 
0.52798   13.00000  0.00289      14.17772      166443.12743 
0.52854   12.97000  0.00289      14.17772      175030.71652 
0.52882   13.03000  0.00289      14.17772      158071.53835 
0.52910   13.11000  0.00289      14.17772      136803.30079 
0.52994   13.13000  0.00289      14.17772      131726.24140 
0.53079   13.02000  0.00289      14.17772      160838.06804 
0.53191   13.06000  0.00289      14.17772      149915.94926 
0.53248   13.15000  0.00289      14.17772      126745.18201 
0.53362   13.18000  0.00289      14.17772      119453.59292 
0.53476   13.18000  0.00289      14.17772      119453.59292 
0.53533   13.27000  0.00289      14.17772      98874.82567  
0.53591   13.29000  0.00289      14.17772      94565.76628  
0.53648   13.28000  0.00289      14.17772      96708.29597  
0.53763   13.32000  0.00289      14.17772      88282.17719  
0.53879   13.33000  0.00289      14.17772      86235.64750  
0.53937   13.32000  0.00289      14.17772      88282.17719  
0.54025   13.33000  0.00289      14.17772      86235.64750  
0.54113   13.41000  0.00289      14.17772      70727.40994  
0.54171   13.31000  0.00289      14.17772      90352.70689  
0.54230   13.23000  0.00289      14.17772      107780.94445 
0.54289   13.37000  0.00289      14.17772      78289.52872  
0.54318   13.42000  0.00289      14.17772      68896.88024  
0.54348   13.40000  0.00289      14.17772      72581.93963  
0.54407   13.40000  0.00289      14.17772      72581.93963  
0.54496   13.40000  0.00289      14.17772      72581.93963  
0.54555   13.54000  0.00289      14.17772      48802.52390  
0.54645   13.56000  0.00289      14.17772      45789.46451  
0.54705   13.45000  0.00289      14.17772      63549.29116  
0.54765   13.51000  0.00289      14.17772      53502.11299  
0.54825   13.60000  0.00289      14.17772      40051.34573  
0.54885   13.54000  0.00289      14.17772      48802.52390  
0.54975   13.63000  0.00289      14.17772      35999.75665  
0.55036   13.61000  0.00289      14.17772      38676.81604  
0.55127   13.61000  0.00289      14.17772      38676.81604  
0.55218   13.67000  0.00289      14.17772      30933.63787  
0.55279   13.67000  0.00289      14.17772      30933.63787  
0.55340   13.70000  0.00289      14.17772      27386.04878  
0.55432   13.72000  0.00289      14.17772      25140.98939  
0.55494   13.67000  0.00289      14.17772      30933.63787  
0.55556   13.78000  0.00289      14.17772      18981.81122  
0.55617   13.69000  0.00289      14.17772      28544.57848  
0.55679   13.78000  0.00289      14.17772      18981.81122  
0.55741   13.79000  0.00289      14.17772      18039.28153  
0.55772   13.70000  0.00289      14.17772      27386.04878  
0.55804   13.77000  0.00289      14.17772      19948.34092  
0.55835   13.82000  0.00289      14.17772      15355.69244  
0.55866   13.70000  0.00289      14.17772      27386.04878  
0.55928   13.74000  0.00289      14.17772      22991.93000  
0.55991   13.82000  0.00289      14.17772      15355.69244  
0.56054   13.89000  0.00289      14.17772      9933.98458   
0.56117   13.86000  0.00289      14.17772      12113.57366  
0.56180   13.80000  0.00289      14.17772      17120.75183  
0.56243   13.85000  0.00289      14.17772      12888.10336  
0.56275   13.90000  0.00289      14.17772      9255.45488   
0.56338   13.95000  0.00289      14.17772      6222.80641   
0.56402   14.05000  0.00289      14.17772      1957.50946   
0.56465   14.01000  0.00289      14.17772      3375.62824   
0.56561   14.03000  0.00289      14.17772      2618.56885   
0.56625   14.01000  0.00289      14.17772      3375.62824   
0.56721   13.98000  0.00289      14.17772      4691.21732   
0.56818   14.07000  0.00289      14.17772      1392.45007   
0.56915   14.09000  0.00289      14.17772      923.39068    
0.56980   14.09000  0.00289      14.17772      923.39068    
0.57045   14.10000  0.00289      14.17772      724.86098    
0.57110   14.19000  0.00289      14.17772      18.09373     
0.57176   14.08000  0.00289      14.17772      1145.92037   
0.57241   14.15000  0.00289      14.17772      92.21251     
0.57307   14.14000  0.00289      14.17772      170.74220    
0.57339   14.21000  0.00289      14.17772      125.03434    
0.57372   14.23000  0.00289      14.17772      327.97495    
0.57438   14.17000  0.00289      14.17772      7.15312      
0.57504   14.21000  0.00289      14.17772      125.03434    
0.57604   14.29000  0.00289      14.17772      1512.79678   
0.57670   14.22000  0.00289      14.17772      214.50464    
0.57703   14.32000  0.00289      14.17772      2429.20769   
0.57803   14.32000  0.00289      14.17772      2429.20769   
0.57870   14.33000  0.00289      14.17772      2782.67800   
0.57937   14.43000  0.00289      14.17772      7637.38105   
0.58005   14.41000  0.00289      14.17772      6474.44044   
0.58072   14.47000  0.00289      14.17772      10251.26227  
0.58140   14.52000  0.00289      14.17772      14058.61379  
0.58241   14.49000  0.00289      14.17772      11702.20288  
0.58309   14.58000  0.00289      14.17772      19419.43562  
0.58411   14.64000  0.00289      14.17772      25644.25745  
0.58480   14.63000  0.00289      14.17772      24546.78715  
0.58548   14.67000  0.00289      14.17772      29080.66837  
0.58582   14.68000  0.00289      14.17772      30274.13867  
0.58617   14.67000  0.00289      14.17772      29080.66837  
0.58685   14.73000  0.00289      14.17772      36601.49020  
0.58720   14.67000  0.00289      14.17772      29080.66837  
0.58789   14.74000  0.00289      14.17772      37938.96050  
0.58858   14.77000  0.00289      14.17772      42095.37142  
0.58893   14.74000  0.00289      14.17772      37938.96050  
0.58962   14.79000  0.00289      14.17772      44986.31203  
0.59032   14.79000  0.00289      14.17772      44986.31203  
0.59067   14.75000  0.00289      14.17772      39300.43081  
0.59102   14.84000  0.00289      14.17772      52633.66355  
0.59172   14.83000  0.00289      14.17772      51056.19325  
0.59277   14.88000  0.00289      14.17772      59183.54477  
0.59347   14.93000  0.00289      14.17772      67910.89629  
0.59418   14.92000  0.00289      14.17772      66117.42599  
0.59453   14.97000  0.00289      14.17772      75324.77751  
0.59488   15.01000  0.00289      14.17772      83122.65873  
0.59559   14.96000  0.00289      14.17772      73435.30721  
0.59595   15.07000  0.00289      14.17772      95539.48056  
0.59666   15.08000  0.00289      14.17772      97692.95087  
0.59737   15.12000  0.00289      14.17772      106546.83209 
0.59773   15.13000  0.00289      14.17772      108820.30239 
0.59844   15.14000  0.00289      14.17772      111117.77270 
0.59952   15.20000  0.00289      14.17772      125406.59453 
0.60024   15.24000  0.00289      14.17772      135412.47575 
0.60096   15.25000  0.00289      14.17772      137973.94605 
0.60168   15.29000  0.00289      14.17772      148459.82727 
0.60205   15.31000  0.00289      14.17772      153846.76788 
0.60314   15.35000  0.00289      14.17772      164908.64910 
0.60386   15.38000  0.00289      14.17772      173457.06002 
0.60496   15.39000  0.00289      14.17772      176354.53032 
0.60569   15.44000  0.00289      14.17772      191201.88185 
0.60680   15.50000  0.00289      14.17772      209810.70368 
0.60753   15.52000  0.00289      14.17772      216205.64429 
0.60790   15.54000  0.00289      14.17772      222696.58490 
0.60864   15.56000  0.00289      14.17772      229283.52551 
0.60976   15.58000  0.00289      14.17772      235966.46612 
0.61087   15.61000  0.00289      14.17772      246170.87703 
0.61162   15.66000  0.00289      14.17772      263658.22856 
0.61200   15.68000  0.00289      14.17772      270821.16917 
0.61275   15.68000  0.00289      14.17772      270821.16917 
0.61312   15.71000  0.00289      14.17772      281745.58008 
0.61387   15.73000  0.00289      14.17772      289148.52069 
0.61463   15.79000  0.00289      14.17772      311933.34252 
0.61576   15.80000  0.00289      14.17772      315814.81283 
0.61652   15.84000  0.00289      14.17772      331580.69405 
0.61728   15.86000  0.00289      14.17772      339607.63466 
0.61767   15.88000  0.00289      14.17772      347730.57527 
0.61767   15.90000  0.00289      14.17772      355949.51588 
0.61805   15.91000  0.00289      14.17772      360094.98618 
0.61881   15.92000  0.00289      14.17772      364264.45649 
0.61920   15.95000  0.00289      14.17772      376916.86740 
0.61996   15.96000  0.00289      14.17772      381182.33771 
0.62073   16.00000  0.00289      14.17772      398484.21893 
0.62150   15.99000  0.00289      14.17772      394122.74862 
0.62189   16.01000  0.00289      14.17772      402869.68923 
0.62228   16.02000  0.00289      14.17772      407279.15954 
0.62267   16.02000  0.00289      14.17772      407279.15954 
0.62305   16.02000  0.00289      14.17772      407279.15954 
0.62344   16.05000  0.00289      14.17772      420651.57045 
0.62422   16.04000  0.00289      14.17772      416170.10015 
0.62500   16.07000  0.00289      14.17772      429686.51106 
0.62539   16.07000  0.00289      14.17772      429686.51106 
0.62578   16.09000  0.00289      14.17772      438817.45167 
0.62617   16.09000  0.00289      14.17772      438817.45167 
0.62657   16.10000  0.00289      14.17772      443418.92198 
0.62696   16.11000  0.00289      14.17772      448044.39228 
0.62735   16.13000  0.00289      14.17772      457367.33289 
0.62735   16.13000  0.00289      14.17772      457367.33289 
0.62775   16.16000  0.00289      14.17772      471531.74381 
0.62854   16.17000  0.00289      14.17772      476301.21411 
0.62893   16.18000  0.00289      14.17772      481094.68442 
0.62972   16.21000  0.00289      14.17772      495619.09533 
0.63052   16.23000  0.00289      14.17772      505422.03594 
0.63131   16.26000  0.00289      14.17772      520306.44686 
0.63171   16.28000  0.00289      14.17772      530349.38747 
0.63251   16.29000  0.00289      14.17772      535406.85777 
0.63291   16.32000  0.00289      14.17772      550723.26869 
0.63371   16.34000  0.00289      14.17772      561054.20930 
0.63452   16.34000  0.00289      14.17772      561054.20930 
0.63532   16.38000  0.00289      14.17772      582004.09052 
0.63613   16.39000  0.00289      14.17772      587301.56082 
0.63694   16.43000  0.00289      14.17772      608731.44204 
0.63735   16.46000  0.00289      14.17772      625055.85296 
0.63776   16.43000  0.00289      14.17772      608731.44204 
0.63857   16.46000  0.00289      14.17772      625055.85296 
0.63939   16.48000  0.00289      14.17772      636058.79357 
0.64020   16.46000  0.00289      14.17772      625055.85296 
0.64103   16.49000  0.00289      14.17772      641596.26387 
0.64185   16.51000  0.00289      14.17772      652743.20448 
0.64267   16.55000  0.00289      14.17772      675325.08570 
0.64309   16.55000  0.00289      14.17772      675325.08570 
0.64350   16.54000  0.00289      14.17772      669643.61540 
0.64392   16.60000  0.00289      14.17772      704092.43723 
0.64475   16.57000  0.00289      14.17772      686760.02631 
0.64558   16.64000  0.00289      14.17772      727538.31845 
0.64641   16.63000  0.00289      14.17772      721640.84814 
0.64725   16.68000  0.00289      14.17772      751368.19967 
0.64809   16.68000  0.00289      14.17772      751368.19967 
0.64851   16.74000  0.00289      14.17772      787833.02150 
0.64893   16.70000  0.00289      14.17772      763427.14028 
0.64977   16.77000  0.00289      14.17772      806389.43241 
0.65020   16.76000  0.00289      14.17772      800179.96211 
0.65104   16.79000  0.00289      14.17772      818880.37302 
0.65232   16.83000  0.00289      14.17772      844150.25424 
0.65359   16.85000  0.00289      14.17772      856929.19485 
0.65402   16.91000  0.00289      14.17772      895842.01668 
0.65445   16.92000  0.00289      14.17772      902411.48698 
0.65488   16.90000  0.00289      14.17772      889296.54638 
0.65574   16.90000  0.00289      14.17772      889296.54638 
0.65617   16.95000  0.00289      14.17772      922263.89790 
0.65703   16.94000  0.00289      14.17772      915622.42759 
0.65746   16.95000  0.00289      14.17772      922263.89790 
0.65789   16.94000  0.00289      14.17772      915622.42759 
0.65833   16.95000  0.00289      14.17772      922263.89790 
0.65876   16.99000  0.00289      14.17772      949069.77912 
0.65920   17.01000  0.00289      14.17772      962616.71973 
0.66007   17.03000  0.00289      14.17772      976259.66034 
0.66094   17.06000  0.00289      14.17772      996904.07125 
0.66181   17.05000  0.00289      14.17772      989998.60095 
0.66313   17.08000  0.00289      14.17772      1010787.01186
0.66401   17.13000  0.00289      14.17772      1045914.36339
0.66489   17.16000  0.00289      14.17772      1067278.77430
0.66534   17.19000  0.00289      14.17772      1088859.18522
0.66667   17.21000  0.00289      14.17772      1103366.12583
0.66711   17.21000  0.00289      14.17772      1103366.12583
0.66800   17.26000  0.00289      14.17772      1140053.47735
0.66845   17.28000  0.00289      14.17772      1154896.41796
0.66890   17.28000  0.00289      14.17772      1154896.41796
0.66979   17.32000  0.00289      14.17772      1184870.29918
0.67024   17.34000  0.00289      14.17772      1200001.23979
0.67114   17.35000  0.00289      14.17772      1207602.71010
0.67159   17.38000  0.00289      14.17772      1230551.12101
0.67204   17.36000  0.00289      14.17772      1215228.18040
0.67249   17.41000  0.00289      14.17772      1253715.53193
0.67340   17.41000  0.00289      14.17772      1253715.53193
0.67385   17.40000  0.00289      14.17772      1245970.06162
0.67431   17.42000  0.00289      14.17772      1261485.00223
0.67522   17.45000  0.00289      14.17772      1284937.41315
0.67568   17.43000  0.00289      14.17772      1269278.47254
0.67659   17.46000  0.00289      14.17772      1292802.88345
0.67705   17.50000  0.00289      14.17772      1324504.76467
0.67797   17.51000  0.00289      14.17772      1332490.23498
0.67843   17.52000  0.00289      14.17772      1340499.70528
0.67935   17.56000  0.00289      14.17772      1372777.58650
0.67981   17.58000  0.00289      14.17772      1389060.52711
0.68027   17.59000  0.00289      14.17772      1397237.99742
0.68120   17.62000  0.00289      14.17772      1421914.40833
0.68166   17.63000  0.00289      14.17772      1430187.87864
0.68259   17.62000  0.00289      14.17772      1421914.40833
0.68306   17.66000  0.00289      14.17772      1455152.28955
0.68399   17.69000  0.00289      14.17772      1480332.70047
0.68446   17.69000  0.00289      14.17772      1480332.70047
0.68493   17.74000  0.00289      14.17772      1522780.05199
0.68587   17.75000  0.00289      14.17772      1531341.52230
0.68634   17.79000  0.00289      14.17772      1565827.40352
0.68729   17.81000  0.00289      14.17772      1583214.34413
0.68776   17.80000  0.00289      14.17772      1574508.87382
0.68823   17.84000  0.00289      14.17772      1609474.75504
0.68823   17.84000  0.00289      14.17772      1609474.75504
0.68871   17.83000  0.00289      14.17772      1600697.28474
0.68918   17.88000  0.00289      14.17772      1644824.63626
0.69013   17.91000  0.00289      14.17772      1671589.04718
0.69061   17.89000  0.00289      14.17772      1653722.10657
0.69156   17.89000  0.00289      14.17772      1653722.10657
0.69204   17.93000  0.00289      14.17772      1689551.98779
0.69300   17.93000  0.00289      14.17772      1689551.98779
0.69348   17.96000  0.00289      14.17772      1716676.39870
0.69396   17.94000  0.00289      14.17772      1698569.45809
0.69493   17.99000  0.00289      14.17772      1744016.80962
0.69541   18.00000  0.00289      14.17772      1753178.27992
0.69589   18.02000  0.00289      14.17772      1771573.22053
0.69638   18.04000  0.00289      14.17772      1790064.16114
0.69735   18.04000  0.00289      14.17772      1790064.16114
0.69784   18.08000  0.00289      14.17772      1827334.04236
0.69832   18.09000  0.00289      14.17772      1836711.51267
0.69930   18.10000  0.00289      14.17772      1846112.98297
0.69930   18.14000  0.00289      14.17772      1883958.86419
0.69979   18.15000  0.00289      14.17772      1893480.33450
0.70028   18.14000  0.00289      14.17772      1883958.86419
0.70126   18.18000  0.00289      14.17772      1922188.74541
0.70175   18.19000  0.00289      14.17772      1931806.21572
0.70225   18.21000  0.00289      14.17772      1951113.15633
0.70274   18.23000  0.00289      14.17772      1970516.09694
0.70373   18.26000  0.00289      14.17772      1999800.50785
0.70472   18.28000  0.00289      14.17772      2019443.44846
0.70522   18.31000  0.00289      14.17772      2049087.85938
0.70572   18.32000  0.00289      14.17772      2059017.32968
0.70621   18.33000  0.00289      14.17772      2068970.79999
0.70671   18.34000  0.00289      14.17772      2078948.27029
0.70771   18.34000  0.00289      14.17772      2078948.27029
0.70822   18.35000  0.00289      14.17772      2088949.74060
0.70872   18.36000  0.00289      14.17772      2098975.21090
0.70972   18.37000  0.00289      14.17772      2109024.68121
0.71023   18.41000  0.00289      14.17772      2149462.56243
0.71124   18.41000  0.00289      14.17772      2149462.56243
0.71174   18.44000  0.00289      14.17772      2180042.97334
0.71276   18.46000  0.00289      14.17772      2200549.91395
0.71327   18.46000  0.00289      14.17772      2200549.91395
0.71378   18.50000  0.00289      14.17772      2241851.79517
0.71480   18.52000  0.00289      14.17772      2262646.73578
0.71480   18.54000  0.00289      14.17772      2283537.67639
0.71531   18.57000  0.00289      14.17772      2315054.08731
0.71582   18.57000  0.00289      14.17772      2315054.08731
0.71633   18.59000  0.00289      14.17772      2336185.02792
0.71685   18.61000  0.00289      14.17772      2357411.96853
0.71736   18.62000  0.00289      14.17772      2368061.43883
0.71788   18.64000  0.00289      14.17772      2389432.37944
0.71839   18.67000  0.00289      14.17772      2421668.79036
0.71942   18.69000  0.00289      14.17772      2443279.73097
0.72046   18.74000  0.00289      14.17772      2497727.08249
0.72150   18.76000  0.00289      14.17772      2519674.02310
0.72202   18.77000  0.00289      14.17772      2530683.49341
0.72254   18.79000  0.00289      14.17772      2552774.43402
0.72359   18.80000  0.00289      14.17772      2563855.90432
0.72411   18.81000  0.00289      14.17772      2574961.37463
0.72464   18.86000  0.00289      14.17772      2630848.72615
0.72569   18.84000  0.00289      14.17772      2608421.78554
0.72622   18.86000  0.00289      14.17772      2630848.72615
0.72674   18.90000  0.00289      14.17772      2675990.60737
0.72727   18.90000  0.00289      14.17772      2675990.60737
0.72833   18.93000  0.00289      14.17772      2710099.01829
0.72886   18.94000  0.00289      14.17772      2721516.48859
0.72993   18.96000  0.00289      14.17772      2744423.42920
0.73099   18.98000  0.00289      14.17772      2767426.36981
0.73153   18.99000  0.00289      14.17772      2778963.84012
0.73206   19.02000  0.00289      14.17772      2813720.25103
0.73260   19.04000  0.00289      14.17772      2837011.19164
0.73314   19.06000  0.00289      14.17772      2860398.13225
0.73314   19.09000  0.00289      14.17772      2895658.54316
0.73368   19.07000  0.00289      14.17772      2872127.60255
0.73421   19.08000  0.00289      14.17772      2883881.07286
0.73475   19.14000  0.00289      14.17772      2954905.89469
0.73584   19.15000  0.00289      14.17772      2966827.36499
0.73638   19.16000  0.00289      14.17772      2978772.83530
0.73746   19.21000  0.00289      14.17772      3038860.18682
0.73855   19.24000  0.00289      14.17772      3075200.59774
0.73964   19.27000  0.00289      14.17772      3111757.00865
0.74019   19.30000  0.00289      14.17772      3148529.41957
0.74074   19.30000  0.00289      14.17772      3148529.41957
0.74184   19.32000  0.00289      14.17772      3173164.36018
0.74294   19.33000  0.00289      14.17772      3185517.83048
0.74349   19.35000  0.00289      14.17772      3210296.77109
0.74460   19.37000  0.00289      14.17772      3235171.71170
0.74571   19.38000  0.00289      14.17772      3247645.18201
0.74627   19.41000  0.00289      14.17772      3285209.59292
0.74683   19.43000  0.00289      14.17772      3310372.53353
0.74738   19.43000  0.00289      14.17772      3310372.53353
0.74738   19.47000  0.00289      14.17772      3360986.41475
0.74850   19.50000  0.00289      14.17772      3399198.82567
0.74906   19.52000  0.00289      14.17772      3424793.76628
0.74963   19.56000  0.00289      14.17772      3476271.64750
0.75075   19.58000  0.00289      14.17772      3502154.58811
0.75075   19.59000  0.00289      14.17772      3515132.05841
0.75188   19.62000  0.00289      14.17772      3554208.46933
0.75245   19.65000  0.00289      14.17772      3593500.88024
0.75358   19.66000  0.00289      14.17772      3606646.35055
0.75415   19.66000  0.00289      14.17772      3606646.35055
0.75472   19.71000  0.00289      14.17772      3672733.70207
0.75586   19.74000  0.00289      14.17772      3712674.11299
0.75643   19.74000  0.00289      14.17772      3712674.11299
0.75700   19.77000  0.00289      14.17772      3752830.52390
0.75758   19.80000  0.00289      14.17772      3793202.93482
0.75815   19.79000  0.00289      14.17772      3779721.46451
0.75873   19.81000  0.00289      14.17772      3806708.40512
0.75930   19.82000  0.00289      14.17772      3820237.87543
0.75988   19.83000  0.00289      14.17772      3833791.34573
0.76104   19.84000  0.00289      14.17772      3847368.81604
0.76161   19.86000  0.00289      14.17772      3874595.75665
0.76220   19.89000  0.00289      14.17772      3915616.16756
0.76278   19.89000  0.00289      14.17772      3915616.16756
0.76336   19.91000  0.00289      14.17772      3943083.10817
0.76394   19.93000  0.00289      14.17772      3970646.04878
0.76453   19.95000  0.00289      14.17772      3998304.98939
0.76570   19.97000  0.00289      14.17772      4026059.93000

Gradi di liberta = 621
Chi-quadro = 792146131.6083469
p-value = 0.0

Media pesata = 14.177720706260033 +/- 0.00011565525051480625

****************************************************************************************************
SERIE 25
****************************************************************************************************

Test ipotesi linearità_____________________________________
Covarianza = 0.36900
Indice Pearson = 0.99928 +/- 0.00152
Gradi di Liberta' = 621
	t = 657.2482794361013
	p-value (due code) = 0.0

Parametri___________________________________________________
y = a + bx
a = -1.91854 +/- 0.02540
b = 28.54496 +/- 0.04728

Test bontà fit _____________________________________________
x         y         sy           y*            Chi-quadro   
0.37651   9.01000   0.00289      8.82881       3939.64064   
0.37750   9.03000   0.00289      8.85721       3582.82841   
0.37836   9.05000   0.00289      8.88167       3400.15680   
0.37922   9.08000   0.00289      8.90624       3622.90038   
0.38023   9.09000   0.00289      8.93506       2880.91310   
0.38110   9.10000   0.00289      8.95987       2356.24279   
0.38168   9.13000   0.00289      8.97648       2828.13137   
0.38256   9.17000   0.00289      9.00149       3407.48452   
0.38344   9.15000   0.00289      9.02661       1826.93649   
0.38388   9.18000   0.00289      9.03922       2378.37224   
0.38432   9.19000   0.00289      9.05185       2290.21265   
0.38506   9.18000   0.00289      9.07297       1374.58824   
0.38565   9.20000   0.00289      9.08993       1453.89897   
0.38595   9.24000   0.00289      9.09843       2405.19866   
0.38580   9.22000   0.00289      9.09418       1899.82602   
0.38595   9.21000   0.00289      9.09843       1493.86269   
0.38625   9.24000   0.00289      9.10694       2124.71843   
0.38640   9.22000   0.00289      9.11120       1420.58719   
0.38670   9.27000   0.00289      9.11973       2709.84667   
0.38715   9.21000   0.00289      9.13255       719.87575    
0.38745   9.29000   0.00289      9.14111       2660.17243   
0.38835   9.29000   0.00289      9.16688       1819.00963   
0.38911   9.31000   0.00289      9.18845       1773.00250   
0.38926   9.30000   0.00289      9.19277       1379.76897   
0.38986   9.32000   0.00289      9.21010       1449.40066   
0.39032   9.36000   0.00289      9.22313       2248.01759   
0.39078   9.37000   0.00289      9.23619       2148.56759   
0.39124   9.38000   0.00289      9.24928       2050.40540   
0.39216   9.39000   0.00289      9.27556       1571.55188   
0.39293   9.42000   0.00289      9.29755       1799.17971   
0.39355   9.43000   0.00289      9.31521       1581.22001   
0.39417   9.45000   0.00289      9.33292       1644.88574   
0.39494   9.48000   0.00289      9.35514       1870.80235   
0.39557   9.51000   0.00289      9.37298       2253.00009   
0.39604   9.53000   0.00289      9.38639       2474.73004   
0.39635   9.50000   0.00289      9.39536       1314.06241   
0.39698   9.54000   0.00289      9.41332       1925.70949   
0.39746   9.55000   0.00289      9.42683       1820.42151   
0.39809   9.55000   0.00289      9.44490       1325.55656   
0.39857   9.59000   0.00289      9.45849       2075.51784   
0.39904   9.60000   0.00289      9.47211       1962.83872   
0.39952   9.59000   0.00289      9.48576       1303.96870   
0.39984   9.63000   0.00289      9.49488       2190.96314   
0.40016   9.59000   0.00289      9.50401       887.26978    
0.40080   9.63000   0.00289      9.52232       1391.27300   
0.40145   9.64000   0.00289      9.54070       1183.34570   
0.40193   9.64000   0.00289      9.55451       876.94765    
0.40241   9.62000   0.00289      9.56836       319.94661    
0.40274   9.68000   0.00289      9.57762       1257.87418   
0.40339   9.70000   0.00289      9.59617       1293.76404   
0.40388   9.71000   0.00289      9.61012       1197.16436   
0.40437   9.67000   0.00289      9.62410       252.77695    
0.40502   9.71000   0.00289      9.64280       541.84008    
0.40552   9.75000   0.00289      9.65687       1040.81358   
0.40601   9.73000   0.00289      9.67097       418.17582    
0.40667   9.80000   0.00289      9.68982       1456.75035   
0.40700   9.85000   0.00289      9.69927       2726.36479   
0.40733   9.83000   0.00289      9.70873       1764.65213   
0.40783   9.84000   0.00289      9.72296       1643.80621   
0.40833   9.87000   0.00289      9.73722       2115.64371   
0.40883   9.89000   0.00289      9.75152       2301.32762   
0.40950   9.91000   0.00289      9.77063       2330.81643   
0.41000   9.91000   0.00289      9.78501       1874.70858   
0.41068   9.89000   0.00289      9.80424       882.67092    
0.41135   9.85000   0.00289      9.82352       84.11699     
0.41203   9.90000   0.00289      9.84288       391.57184    
0.41254   9.97000   0.00289      9.85743       1520.56845   
0.41322   9.98000   0.00289      9.87690       1275.62527   
0.41408   9.98000   0.00289      9.90132       742.89753    
0.41477   10.05000  0.00289      9.92093       1999.14456   
0.41511   9.99000   0.00289      9.93076       421.16042    
0.41563   10.04000  0.00289      9.94553       1070.89947   
0.41632   10.07000  0.00289      9.96529       1315.72207   
0.41701   10.00000  0.00289      9.98511       26.59793     
0.41754   10.08000  0.00289      10.00002      767.56355    
0.41824   10.09000  0.00289      10.01996      588.64232    
0.41859   10.04000  0.00289      10.02996      12.10502     
0.41894   10.09000  0.00289      10.03997      300.38838    
0.41946   10.06000  0.00289      10.05502      2.98071      
0.42017   10.11000  0.00289      10.07514      145.82864    
0.42070   10.15000  0.00289      10.09028      428.02198    
0.42123   10.12000  0.00289      10.10545      25.39623     
0.42194   10.20000  0.00289      10.12575      661.63932    
0.42248   10.17000  0.00289      10.14101      100.84189    
0.42301   10.18000  0.00289      10.15632      67.31624     
0.42355   10.22000  0.00289      10.17166      280.43255    
0.42391   10.25000  0.00289      10.18191      556.37612    
0.42463   10.27000  0.00289      10.20246      547.37929    
0.42499   10.27000  0.00289      10.21276      393.11846    
0.42553   10.27000  0.00289      10.22825      209.16219    
0.42589   10.29000  0.00289      10.23860      317.07184    
0.42644   10.34000  0.00289      10.25415      884.42937    
0.42699   10.33000  0.00289      10.26974      435.71515    
0.42753   10.31000  0.00289      10.28538      72.76546     
0.42827   10.37000  0.00289      10.30628      487.20866    
0.42918   10.38000  0.00289      10.33251      270.58101    
0.43011   10.45000  0.00289      10.35886      996.75413    
0.43066   10.39000  0.00289      10.37472      28.00474     
0.43103   10.45000  0.00289      10.38532      502.00326    
0.43159   10.49000  0.00289      10.40125      945.14784    
0.43215   10.47000  0.00289      10.41722      334.23757    
0.43271   10.48000  0.00289      10.43324      262.40806    
0.43328   10.55000  0.00289      10.44929      1217.03658   
0.43384   10.49000  0.00289      10.46539      72.68058     
0.43440   10.46000  0.00289      10.48153      55.61728     
0.43497   10.49000  0.00289      10.49771      7.13248      
0.43535   10.62000  0.00289      10.50852      1491.32410   
0.43592   10.50000  0.00289      10.52477      73.63827     
0.43630   10.61000  0.00289      10.53563      663.70683    
0.43687   10.47000  0.00289      10.55195      805.94899    
0.43725   10.58000  0.00289      10.56286      35.26085     
0.43783   10.55000  0.00289      10.57925      102.68404    
0.43821   10.55000  0.00289      10.59021      193.98003    
0.43879   10.65000  0.00289      10.60667      225.27973    
0.43937   10.70000  0.00289      10.62318      708.13302    
0.43995   10.62000  0.00289      10.63973      46.73365     
0.44053   10.67000  0.00289      10.65633      22.42016     
0.44092   10.72000  0.00289      10.66742      331.75621    
0.44150   10.70000  0.00289      10.68409      30.37404     
0.44209   10.72000  0.00289      10.70080      44.21509     
0.44267   10.76000  0.00289      10.71756      216.10309    
0.44326   10.74000  0.00289      10.73437      3.80795      
0.44366   10.71000  0.00289      10.74559      152.03082    
0.44425   10.75000  0.00289      10.76247      18.66573     
0.44524   10.82000  0.00289      10.79070      103.00409    
0.44603   10.84000  0.00289      10.81338      85.05460     
0.44683   10.87000  0.00289      10.83613      137.63843    
0.44763   10.76000  0.00289      10.85897      1175.41154   
0.44863   10.88000  0.00289      10.88763      6.98998      
0.44924   10.98000  0.00289      10.90489      676.96075    
0.45005   10.96000  0.00289      10.92798      123.06721    
0.45086   10.99000  0.00289      10.95114      181.18043    
0.45147   10.90000  0.00289      10.96857      564.28890    
0.45208   10.95000  0.00289      10.98605      155.97051    
0.45269   11.03000  0.00289      11.00358      83.77731     
0.45331   10.92000  0.00289      11.02115      1227.77626   
0.45393   11.00000  0.00289      11.03877      180.38962    
0.45434   10.99000  0.00289      11.05055      439.89454    
0.45496   11.04000  0.00289      11.06825      95.74688     
0.45558   11.02000  0.00289      11.08600      522.66541    
0.45620   11.06000  0.00289      11.10379      230.15744    
0.45704   11.06000  0.00289      11.12760      548.39652    
0.45746   11.15000  0.00289      11.13954      13.13530     
0.45788   11.10000  0.00289      11.15150      318.21552    
0.45830   11.15000  0.00289      11.16348      21.79056     
0.45872   11.14000  0.00289      11.17548      151.03673    
0.45914   11.19000  0.00289      11.18750      0.74928      
0.45977   11.30000  0.00289      11.20558      1069.85041   
0.46019   11.14000  0.00289      11.21766      723.68733    
0.46062   11.11000  0.00289      11.22976      1721.07416   
0.46104   11.28000  0.00289      11.24188      174.34765    
0.46147   11.26000  0.00289      11.25403      4.27787      
0.46211   11.33000  0.00289      11.27229      399.64297    
0.46275   11.33000  0.00289      11.29060      186.25611    
0.46339   11.33000  0.00289      11.30897      53.09200     
0.46425   11.42000  0.00289      11.33353      897.25741    
0.46468   11.41000  0.00289      11.34585      493.89502    
0.46490   11.35000  0.00289      11.35201      0.48586      
0.46533   11.30000  0.00289      11.36436      497.10563    
0.46598   11.27000  0.00289      11.38293      1530.42148   
0.46664   11.49000  0.00289      11.40155      938.76015    
0.46729   11.43000  0.00289      11.42023      11.46538     
0.46795   11.39000  0.00289      11.43895      287.54110    
0.46860   11.35000  0.00289      11.45773      1392.66066   
0.46904   11.41000  0.00289      11.47028      435.99723    
0.46948   11.54000  0.00289      11.48285      391.95383    
0.46992   11.52000  0.00289      11.49544      72.36027     
0.47037   11.53000  0.00289      11.50806      57.74845     
0.47081   11.48000  0.00289      11.52071      198.83385    
0.47125   11.47000  0.00289      11.53337      481.92458    
0.47170   11.50000  0.00289      11.54606      254.61271    
0.47237   11.59000  0.00289      11.56514      74.14215     
0.47304   11.43000  0.00289      11.58428      2856.21250   
0.47326   11.51000  0.00289      11.59067      780.89037    
0.47348   11.55000  0.00289      11.59706      265.81354    
0.47371   11.47000  0.00289      11.60347      2137.62724   
0.47416   11.55000  0.00289      11.61629      527.33318    
0.47461   11.65000  0.00289      11.62914      52.22633     
0.47506   11.55000  0.00289      11.64201      1015.90058   
0.47551   11.63000  0.00289      11.65491      74.43930     
0.47619   11.66000  0.00289      11.67430      24.52855     
0.47664   11.56000  0.00289      11.68725      1943.25754   
0.47733   11.67000  0.00289      11.70674      161.96301    
0.47778   11.74000  0.00289      11.71976      49.16860     
0.47824   11.73000  0.00289      11.73280      0.94266      
0.47893   11.77000  0.00289      11.75242      37.10042     
0.47962   11.79000  0.00289      11.77209      38.50418     
0.48054   11.85000  0.00289      11.79840      319.47396    
0.48123   11.79000  0.00289      11.81821      95.46791     
0.48216   11.79000  0.00289      11.84470      359.03792    
0.48286   11.79000  0.00289      11.86464      668.46588    
0.48333   11.79000  0.00289      11.87796      928.42748    
0.48403   11.80000  0.00289      11.89799      1152.32159   
0.48450   11.85000  0.00289      11.91138      452.12083    
0.48520   11.85000  0.00289      11.93151      797.30998    
0.48567   11.82000  0.00289      11.94497      1873.96368   
0.48638   11.87000  0.00289      11.96519      1087.43461   
0.48685   11.80000  0.00289      11.97871      3832.60166   
0.48733   11.83000  0.00289      11.99226      3159.32335   
0.48780   11.88000  0.00289      12.00583      1899.97123   
0.48852   11.92000  0.00289      12.02624      1354.34611   
0.48900   12.04000  0.00289      12.03987      0.00189      
0.48948   12.02000  0.00289      12.05354      134.98503    
0.48996   11.93000  0.00289      12.06723      2259.86735   
0.49020   11.95000  0.00289      12.07409      1847.69021   
0.49068   11.89000  0.00289      12.08782      4695.83810   
0.49140   12.02000  0.00289      12.10847      939.15332    
0.49188   11.96000  0.00289      12.12227      3159.61379   
0.49237   11.99000  0.00289      12.13609      2561.14694   
0.49285   12.17000  0.00289      12.14995      48.26043     
0.49358   11.98000  0.00289      12.17078      4367.53709   
0.49407   12.05000  0.00289      12.18470      2177.29019   
0.49456   12.19000  0.00289      12.19865      8.97823      
0.49554   12.21000  0.00289      12.22663      33.19605     
0.49628   12.18000  0.00289      12.24769      549.86677    
0.49727   12.13000  0.00289      12.27587      2553.35308   
0.49801   12.31000  0.00289      12.29708      20.04235     
0.49875   12.27000  0.00289      12.31835      280.48775    
0.49950   12.22000  0.00289      12.33968      1718.81465   
0.50025   12.29000  0.00289      12.36108      606.26126    
0.50100   12.44000  0.00289      12.38254      396.18410    
0.50150   12.41000  0.00289      12.39689      20.63996     
0.50201   12.26000  0.00289      12.41126      2745.47979   
0.50251   12.23000  0.00289      12.42566      4593.93364   
0.50302   12.22000  0.00289      12.44009      5812.78695   
0.50352   12.40000  0.00289      12.45455      357.09075    
0.50429   12.46000  0.00289      12.47629      31.86307     
0.50531   12.29000  0.00289      12.50539      5567.14873   
0.50633   12.32000  0.00289      12.53460      5526.54135   
0.50684   12.32000  0.00289      12.54925      6306.89192   
0.50736   12.44000  0.00289      12.56393      1843.17845   
0.50839   12.52000  0.00289      12.59339      646.25411    
0.50916   12.37000  0.00289      12.61555      7235.52504   
0.50942   12.61000  0.00289      12.62296      20.14465     
0.50968   12.45000  0.00289      12.63037      3903.91872   
0.51020   12.41000  0.00289      12.64521      6639.07154   
0.51046   12.57000  0.00289      12.65265      819.68733    
0.51073   12.64000  0.00289      12.66009      48.43341     
0.51151   12.58000  0.00289      12.68246      1259.80036   
0.51230   12.58000  0.00289      12.70490      1872.04475   
0.51282   12.54000  0.00289      12.71990      3883.67491   
0.51361   12.57000  0.00289      12.74246      3568.89682   
0.51440   12.74000  0.00289      12.76508      75.48212     
0.51520   12.69000  0.00289      12.78778      1147.19770   
0.51573   12.67000  0.00289      12.80294      2120.89679   
0.51653   12.65000  0.00289      12.82576      3706.83494   
0.51733   12.66000  0.00289      12.84864      4270.17725   
0.51813   12.80000  0.00289      12.87159      615.07604    
0.51921   12.76000  0.00289      12.90231      2430.26722   
0.51975   12.74000  0.00289      12.91772      3789.98313   
0.52029   12.80000  0.00289      12.93315      2127.62921   
0.52138   12.78000  0.00289      12.96413      4068.38572   
0.52274   12.80000  0.00289      13.00303      4946.39660   
0.52356   12.92000  0.00289      13.02646      1360.15097   
0.52411   12.87000  0.00289      13.04213      3555.43441   
0.52466   12.90000  0.00289      13.05783      2989.16736   
0.52493   12.86000  0.00289      13.06569      5076.99379   
0.52549   12.82000  0.00289      13.08144      8201.96544   
0.52604   12.92000  0.00289      13.09722      3768.78559   
0.52632   12.88000  0.00289      13.10512      6081.58728   
0.52687   12.95000  0.00289      13.12095      3506.99134   
0.52743   13.07000  0.00289      13.13682      535.74848    
0.52798   13.00000  0.00289      13.15272      2798.63890   
0.52854   12.97000  0.00289      13.16865      4735.27334   
0.52882   13.03000  0.00289      13.17663      2579.87983   
0.52910   13.11000  0.00289      13.18461      668.03815    
0.52994   13.13000  0.00289      13.20862      741.80044    
0.53079   13.02000  0.00289      13.23271      5429.53875   
0.53191   13.06000  0.00289      13.26495      5040.44900   
0.53248   13.15000  0.00289      13.28112      2063.03136   
0.53362   13.18000  0.00289      13.31356      2140.63234   
0.53476   13.18000  0.00289      13.34614      3312.43023   
0.53533   13.27000  0.00289      13.36249      1026.45279   
0.53591   13.29000  0.00289      13.37886      947.63835    
0.53648   13.28000  0.00289      13.39528      1594.69628   
0.53763   13.32000  0.00289      13.42821      1405.16632   
0.53879   13.33000  0.00289      13.46129      2068.33274   
0.53937   13.32000  0.00289      13.47788      2991.02972   
0.54025   13.33000  0.00289      13.50283      3584.46626   
0.54113   13.41000  0.00289      13.52787      1667.07840   
0.54171   13.31000  0.00289      13.54460      6604.49787   
0.54230   13.23000  0.00289      13.56137      13176.88741  
0.54289   13.37000  0.00289      13.57818      5200.65505   
0.54318   13.42000  0.00289      13.58660      3330.55790   
0.54348   13.40000  0.00289      13.59502      4564.12193   
0.54407   13.40000  0.00289      13.61190      5388.44187   
0.54496   13.40000  0.00289      13.63730      6757.08500   
0.54555   13.54000  0.00289      13.65427      1566.87072   
0.54645   13.56000  0.00289      13.67980      1722.17420   
0.54705   13.45000  0.00289      13.69686      7312.99403   
0.54765   13.51000  0.00289      13.71397      4992.30242   
0.54825   13.60000  0.00289      13.73111      2062.71268   
0.54885   13.54000  0.00289      13.74829      5205.98707   
0.54975   13.63000  0.00289      13.77413      2492.64322   
0.55036   13.61000  0.00289      13.79140      3948.63675   
0.55127   13.61000  0.00289      13.81738      5160.74350   
0.55218   13.67000  0.00289      13.84345      3610.04614   
0.55279   13.67000  0.00289      13.86087      4371.88982   
0.55340   13.70000  0.00289      13.87834      3816.51315   
0.55432   13.72000  0.00289      13.90461      4089.58202   
0.55494   13.67000  0.00289      13.92217      7630.70745   
0.55556   13.78000  0.00289      13.93977      3063.16805   
0.55617   13.69000  0.00289      13.95741      8580.95884   
0.55679   13.78000  0.00289      13.97509      4567.16667   
0.55741   13.79000  0.00289      13.99281      4935.71369   
0.55772   13.70000  0.00289      14.00168      10921.42968  
0.55804   13.77000  0.00289      14.01057      6944.63204   
0.55835   13.82000  0.00289      14.01946      4774.10707   
0.55866   13.70000  0.00289      14.02836      12938.72989  
0.55928   13.74000  0.00289      14.04620      11251.11898  
0.55991   13.82000  0.00289      14.06408      7148.95254   
0.56054   13.89000  0.00289      14.08200      4423.53389   
0.56117   13.86000  0.00289      14.09995      6909.39574   
0.56180   13.80000  0.00289      14.11795      12131.30021  
0.56243   13.85000  0.00289      14.13599      9814.96342   
0.56275   13.90000  0.00289      14.14503      7204.55935   
0.56338   13.95000  0.00289      14.16313      5450.73894   
0.56402   14.05000  0.00289      14.18127      2067.72110   
0.56465   14.01000  0.00289      14.19945      4306.88986   
0.56561   14.03000  0.00289      14.22680      4647.53749   
0.56625   14.01000  0.00289      14.24508      6631.66553   
0.56721   13.98000  0.00289      14.27259      10272.89019  
0.56818   14.07000  0.00289      14.30019      6358.26951   
0.56915   14.09000  0.00289      14.32788      6790.35458   
0.56980   14.09000  0.00289      14.34639      7888.49448   
0.57045   14.10000  0.00289      14.36495      8423.81053   
0.57110   14.19000  0.00289      14.38355      4495.34218   
0.57176   14.08000  0.00289      14.40219      12456.80867  
0.57241   14.15000  0.00289      14.42087      8804.78054   
0.57307   14.14000  0.00289      14.43960      10771.35931  
0.57339   14.21000  0.00289      14.44898      6853.46559   
0.57372   14.23000  0.00289      14.45837      6258.45509   
0.57438   14.17000  0.00289      14.47719      11323.53501  
0.57504   14.21000  0.00289      14.49604      9818.38737   
0.57604   14.29000  0.00289      14.52441      6593.65233   
0.57670   14.22000  0.00289      14.54337      12548.43660  
0.57703   14.32000  0.00289      14.55287      6507.54689   
0.57803   14.32000  0.00289      14.58144      8201.82553   
0.57870   14.33000  0.00289      14.60053      8782.55576   
0.57937   14.43000  0.00289      14.61967      4317.15598   
0.58005   14.41000  0.00289      14.63886      6285.23109   
0.58072   14.47000  0.00289      14.65809      4245.36375   
0.58140   14.52000  0.00289      14.67737      2971.67330   
0.58241   14.49000  0.00289      14.70636      5617.53096   
0.58309   14.58000  0.00289      14.72575      2549.17459   
0.58411   14.64000  0.00289      14.75492      1584.69897   
0.58480   14.63000  0.00289      14.77442      2502.77727   
0.58548   14.67000  0.00289      14.79396      1844.06387   
0.58582   14.68000  0.00289      14.80376      1837.83830   
0.58617   14.67000  0.00289      14.81356      2473.03782   
0.58685   14.73000  0.00289      14.83320      1277.92323   
0.58720   14.67000  0.00289      14.84303      3592.82293   
0.58789   14.74000  0.00289      14.86274      1807.82013   
0.58858   14.77000  0.00289      14.88249      1518.60279   
0.58893   14.74000  0.00289      14.89239      2786.69436   
0.58962   14.79000  0.00289      14.91221      1792.33261   
0.59032   14.79000  0.00289      14.93208      2422.55645   
0.59067   14.75000  0.00289      14.94204      4425.40786   
0.59102   14.84000  0.00289      14.95200      1505.34380   
0.59172   14.83000  0.00289      14.97197      2418.57295   
0.59277   14.88000  0.00289      15.00200      1786.19656   
0.59347   14.93000  0.00289      15.02209      1017.61762   
0.59418   14.92000  0.00289      15.04222      1792.50328   
0.59453   14.97000  0.00289      15.05230      812.85135    
0.59488   15.01000  0.00289      15.06240      329.47291    
0.59559   14.96000  0.00289      15.08263      1804.45597   
0.59595   15.07000  0.00289      15.09276      62.15005     
0.59666   15.08000  0.00289      15.11306      131.13715    
0.59737   15.12000  0.00289      15.13341      21.56667     
0.59773   15.13000  0.00289      15.14360      22.19027     
0.59844   15.14000  0.00289      15.16402      69.23502     
0.59952   15.20000  0.00289      15.19474      3.31508      
0.60024   15.24000  0.00289      15.21529      73.28108     
0.60096   15.25000  0.00289      15.23588      23.91920     
0.60168   15.29000  0.00289      15.25652      134.47070    
0.60205   15.31000  0.00289      15.26686      223.27546    
0.60314   15.35000  0.00289      15.29796      324.97417    
0.60386   15.38000  0.00289      15.31875      450.13909    
0.60496   15.39000  0.00289      15.35004      191.64547    
0.60569   15.44000  0.00289      15.37096      572.05091    
0.60680   15.50000  0.00289      15.40243      1142.40091   
0.60753   15.52000  0.00289      15.42348      1118.03496   
0.60790   15.54000  0.00289      15.43402      1347.86548   
0.60864   15.56000  0.00289      15.45514      1319.45211   
0.60976   15.58000  0.00289      15.48692      1039.62153   
0.61087   15.61000  0.00289      15.51882      997.66348    
0.61162   15.66000  0.00289      15.54015      1723.69076   
0.61200   15.68000  0.00289      15.55083      2002.05175   
0.61275   15.68000  0.00289      15.57224      1393.39113   
0.61312   15.71000  0.00289      15.58297      1936.49019   
0.61387   15.73000  0.00289      15.60445      1891.40717   
0.61463   15.79000  0.00289      15.62599      3227.73504   
0.61576   15.80000  0.00289      15.65840      2405.91798   
0.61652   15.84000  0.00289      15.68008      3069.02222   
0.61728   15.86000  0.00289      15.70180      3003.10731   
0.61767   15.88000  0.00289      15.71269      3359.20759   
0.61767   15.90000  0.00289      15.71269      4210.30650   
0.61805   15.91000  0.00289      15.72358      4170.08174   
0.61881   15.92000  0.00289      15.74542      3657.42446   
0.61920   15.95000  0.00289      15.75636      4499.74114   
0.61996   15.96000  0.00289      15.77827      3963.00970   
0.62073   16.00000  0.00289      15.80024      4788.39436   
0.62150   15.99000  0.00289      15.82227      3376.14246   
0.62189   16.01000  0.00289      15.83330      3746.77397   
0.62228   16.02000  0.00289      15.84435      3702.52228   
0.62267   16.02000  0.00289      15.85541      3250.93201   
0.62305   16.02000  0.00289      15.86648      2828.19332   
0.62344   16.05000  0.00289      15.87757      3567.92356   
0.62422   16.04000  0.00289      15.89979      2359.20772   
0.62500   16.07000  0.00289      15.92206      2626.40051   
0.62539   16.07000  0.00289      15.93322      2245.18670   
0.62578   16.09000  0.00289      15.94439      2544.36999   
0.62617   16.09000  0.00289      15.95557      2168.48980   
0.62657   16.10000  0.00289      15.96677      2129.96927   
0.62696   16.11000  0.00289      15.97799      2091.34900   
0.62735   16.13000  0.00289      15.98921      2378.53010   
0.62735   16.13000  0.00289      15.98921      2378.53010   
0.62775   16.16000  0.00289      16.00045      3054.58521   
0.62854   16.17000  0.00289      16.02298      2593.79966   
0.62893   16.18000  0.00289      16.03426      2548.69258   
0.62972   16.21000  0.00289      16.05687      2813.70270   
0.63052   16.23000  0.00289      16.07954      2716.52146   
0.63131   16.26000  0.00289      16.10227      2985.57826   
0.63171   16.28000  0.00289      16.11365      3320.65555   
0.63251   16.29000  0.00289      16.13646      2828.88115   
0.63291   16.32000  0.00289      16.14789      3554.66702   
0.63371   16.34000  0.00289      16.17079      3435.97293   
0.63452   16.34000  0.00289      16.19374      2566.94035   
0.63532   16.38000  0.00289      16.21676      3197.78804   
0.63613   16.39000  0.00289      16.23983      2706.12239   
0.63694   16.43000  0.00289      16.26296      3348.21479   
0.63735   16.46000  0.00289      16.27455      4127.01915   
0.63776   16.43000  0.00289      16.28615      2483.05577   
0.63857   16.46000  0.00289      16.30940      2721.55904   
0.63939   16.48000  0.00289      16.33271      2603.26058   
0.64020   16.46000  0.00289      16.35608      1295.90407   
0.64103   16.49000  0.00289      16.37951      1464.97015   
0.64185   16.51000  0.00289      16.40300      1373.90694   
0.64267   16.55000  0.00289      16.42655      1828.83313   
0.64309   16.55000  0.00289      16.43835      1495.99465   
0.64350   16.54000  0.00289      16.45016      968.57641    
0.64392   16.60000  0.00289      16.46199      2285.72648   
0.64475   16.57000  0.00289      16.48569      853.02085    
0.64558   16.64000  0.00289      16.50945      2045.17253   
0.64641   16.63000  0.00289      16.53327      1122.68888   
0.64725   16.68000  0.00289      16.55716      1810.73726   
0.64809   16.68000  0.00289      16.58111      1173.54270   
0.64851   16.74000  0.00289      16.59311      2589.35190   
0.64893   16.70000  0.00289      16.60512      1080.30083   
0.64977   16.77000  0.00289      16.62919      2379.26807   
0.65020   16.76000  0.00289      16.64125      1692.17519   
0.65104   16.79000  0.00289      16.66542      1862.51608   
0.65232   16.83000  0.00289      16.70178      1972.70121   
0.65359   16.85000  0.00289      16.73830      1497.35850   
0.65402   16.91000  0.00289      16.75050      3052.94207   
0.65445   16.92000  0.00289      16.76272      2968.62747   
0.65488   16.90000  0.00289      16.77495      1876.53070   
0.65574   16.90000  0.00289      16.79947      1212.87342   
0.65617   16.95000  0.00289      16.81175      2293.66061   
0.65703   16.94000  0.00289      16.83636      1288.95186   
0.65746   16.95000  0.00289      16.84869      1231.63230   
0.65789   16.94000  0.00289      16.86104      748.21063    
0.65833   16.95000  0.00289      16.87340      704.09724    
0.65876   16.99000  0.00289      16.88578      1303.41828   
0.65920   17.01000  0.00289      16.89818      1500.56149   
0.66007   17.03000  0.00289      16.92302      1373.46335   
0.66094   17.06000  0.00289      16.94792      1507.36535   
0.66181   17.05000  0.00289      16.97289      713.42911    
0.66313   17.08000  0.00289      17.01048      580.01319    
0.66401   17.13000  0.00289      17.03562      1069.01960   
0.66489   17.16000  0.00289      17.06082      1180.39686   
0.66534   17.19000  0.00289      17.07345      1630.12950   
0.66667   17.21000  0.00289      17.11143      1165.88310   
0.66711   17.21000  0.00289      17.12413      884.90274    
0.66800   17.26000  0.00289      17.14957      1463.42710   
0.66845   17.28000  0.00289      17.16231      1661.99752   
0.66890   17.28000  0.00289      17.17508      1321.05583   
0.66979   17.32000  0.00289      17.20065      1709.19620   
0.67024   17.34000  0.00289      17.21347      1921.20613   
0.67114   17.35000  0.00289      17.23915      1474.53419   
0.67159   17.38000  0.00289      17.25202      1965.59271   
0.67204   17.36000  0.00289      17.26490      1085.29715   
0.67249   17.41000  0.00289      17.27780      2097.21866   
0.67340   17.41000  0.00289      17.30365      1357.14365   
0.67385   17.40000  0.00289      17.31661      834.53340    
0.67431   17.42000  0.00289      17.32958      981.15580    
0.67522   17.45000  0.00289      17.35557      1070.03121   
0.67568   17.43000  0.00289      17.36859      452.48999    
0.67659   17.46000  0.00289      17.39469      511.80787    
0.67705   17.50000  0.00289      17.40777      1020.79757   
0.67797   17.51000  0.00289      17.43397      693.60014    
0.67843   17.52000  0.00289      17.44710      637.67793    
0.67935   17.56000  0.00289      17.47341      899.63661    
0.67981   17.58000  0.00289      17.48660      1046.87689   
0.68027   17.59000  0.00289      17.49980      976.35603    
0.68120   17.62000  0.00289      17.52625      1054.59617   
0.68166   17.63000  0.00289      17.53951      982.63755    
0.68259   17.62000  0.00289      17.56607      348.97780    
0.68306   17.66000  0.00289      17.57938      779.91314    
0.68399   17.69000  0.00289      17.60605      845.61448    
0.68446   17.69000  0.00289      17.61942      597.80618    
0.68493   17.74000  0.00289      17.63280      1378.99827   
0.68587   17.75000  0.00289      17.65962      980.21940    
0.68634   17.79000  0.00289      17.67306      1641.06347   
0.68729   17.81000  0.00289      17.69999      1452.32702   
0.68776   17.80000  0.00289      17.71348      898.27671    
0.68823   17.84000  0.00289      17.72699      1532.50291   
0.68823   17.84000  0.00289      17.72699      1532.50291   
0.68871   17.83000  0.00289      17.74052      960.76262    
0.68918   17.88000  0.00289      17.75407      1902.99197   
0.69013   17.91000  0.00289      17.78122      1989.99863   
0.69061   17.89000  0.00289      17.79483      1086.91232   
0.69156   17.89000  0.00289      17.82209      553.33669    
0.69204   17.93000  0.00289      17.83576      1065.83246   
0.69300   17.93000  0.00289      17.86314      536.50414    
0.69348   17.96000  0.00289      17.87685      829.59740    
0.69396   17.94000  0.00289      17.89059      292.95069    
0.69493   17.99000  0.00289      17.91812      619.96093    
0.69541   18.00000  0.00289      17.93192      556.22958    
0.69589   18.02000  0.00289      17.94573      661.90303    
0.69638   18.04000  0.00289      17.95956      776.38954    
0.69735   18.04000  0.00289      17.98729      333.42373    
0.69784   18.08000  0.00289      18.00118      745.52539    
0.69832   18.09000  0.00289      18.01509      673.38705    
0.69930   18.10000  0.00289      18.04297      390.30605    
0.69930   18.14000  0.00289      18.04297      1129.80495   
0.69979   18.15000  0.00289      18.05694      1039.27034   
0.70028   18.14000  0.00289      18.07093      572.54345    
0.70126   18.18000  0.00289      18.09896      788.06130    
0.70175   18.19000  0.00289      18.11301      711.30914    
0.70225   18.21000  0.00289      18.12708      825.15990    
0.70274   18.23000  0.00289      18.14116      947.03692    
0.70373   18.26000  0.00289      18.16940      985.08070    
0.70472   18.28000  0.00289      18.19771      812.61225    
0.70522   18.31000  0.00289      18.21190      1154.93689   
0.70572   18.32000  0.00289      18.22610      1058.02075   
0.70621   18.33000  0.00289      18.24033      964.91919    
0.70671   18.34000  0.00289      18.25457      875.69240    
0.70771   18.34000  0.00289      18.28313      388.12329    
0.70822   18.35000  0.00289      18.29744      331.56080    
0.70872   18.36000  0.00289      18.31176      279.21582    
0.70972   18.37000  0.00289      18.34048      104.57922    
0.71023   18.41000  0.00289      18.35487      364.75191    
0.71124   18.41000  0.00289      18.38371      82.96584     
0.71174   18.44000  0.00289      18.39816      210.11191    
0.71276   18.46000  0.00289      18.42712      129.74992    
0.71327   18.46000  0.00289      18.44163      40.49692     
0.71378   18.50000  0.00289      18.45616      230.61114    
0.71480   18.52000  0.00289      18.48529      144.57705    
0.71480   18.54000  0.00289      18.48529      359.18675    
0.71531   18.57000  0.00289      18.49988      589.93932    
0.71582   18.57000  0.00289      18.51450      369.62243    
0.71633   18.59000  0.00289      18.52914      444.51049    
0.71685   18.61000  0.00289      18.54380      525.96828    
0.71736   18.62000  0.00289      18.55847      454.25218    
0.71788   18.64000  0.00289      18.57317      535.88489    
0.71839   18.67000  0.00289      18.58790      808.94556    
0.71942   18.69000  0.00289      18.61740      632.47775    
0.72046   18.74000  0.00289      18.64699      1038.07052   
0.72150   18.76000  0.00289      18.67667      833.31555    
0.72202   18.77000  0.00289      18.69154      738.75911    
0.72254   18.79000  0.00289      18.70643      838.08509    
0.72359   18.80000  0.00289      18.73628      487.26809    
0.72411   18.81000  0.00289      18.75123      414.41540    
0.72464   18.86000  0.00289      18.76621      1055.54411   
0.72569   18.84000  0.00289      18.79623      229.86239    
0.72622   18.86000  0.00289      18.81128      284.87455    
0.72674   18.90000  0.00289      18.82634      651.05960    
0.72727   18.90000  0.00289      18.84143      411.66441    
0.72833   18.93000  0.00289      18.87167      408.29338    
0.72886   18.94000  0.00289      18.88682      339.33859    
0.72993   18.96000  0.00289      18.91720      219.86675    
0.73099   18.98000  0.00289      18.94766      125.52736    
0.73153   18.99000  0.00289      18.96292      87.99037     
0.73206   19.02000  0.00289      18.97821      209.58926    
0.73260   19.04000  0.00289      18.99352      259.28141    
0.73314   19.06000  0.00289      19.00885      313.97930    
0.73314   19.09000  0.00289      19.00885      790.27138    
0.73368   19.07000  0.00289      19.02420      251.69220    
0.73421   19.08000  0.00289      19.03958      196.06577    
0.73475   19.14000  0.00289      19.05498      867.45377    
0.73584   19.15000  0.00289      19.08584      493.92118    
0.73638   19.16000  0.00289      19.10131      413.32772    
0.73746   19.21000  0.00289      19.13231      724.21861    
0.73855   19.24000  0.00289      19.16341      703.95907    
0.73964   19.27000  0.00289      19.19459      682.32106    
0.74019   19.30000  0.00289      19.21022      967.20740    
0.74074   19.30000  0.00289      19.22587      659.37588    
0.74184   19.32000  0.00289      19.25724      472.58850    
0.74294   19.33000  0.00289      19.28871      204.58981    
0.74349   19.35000  0.00289      19.30448      248.68281    
0.74460   19.37000  0.00289      19.33608      138.04973    
0.74571   19.38000  0.00289      19.36778      17.91383     
0.74627   19.41000  0.00289      19.38367      83.20986     
0.74683   19.43000  0.00289      19.39958      111.07249    
0.74738   19.43000  0.00289      19.41551      25.19841     
0.74738   19.47000  0.00289      19.41551      356.31124    
0.74850   19.50000  0.00289      19.44745      331.42723    
0.74906   19.52000  0.00289      19.46345      383.73794    
0.74963   19.56000  0.00289      19.47948      778.03110    
0.75075   19.58000  0.00289      19.51161      561.28932    
0.75075   19.59000  0.00289      19.51161      737.42916    
0.75188   19.62000  0.00289      19.54383      696.14773    
0.75245   19.65000  0.00289      19.55998      972.35746    
0.75358   19.66000  0.00289      19.59236      549.10149    
0.75415   19.66000  0.00289      19.60858      317.31410    
0.75472   19.71000  0.00289      19.62482      870.58844    
0.75586   19.74000  0.00289      19.65739      818.89532    
0.75643   19.74000  0.00289      19.67371      527.28557    
0.75700   19.77000  0.00289      19.69006      766.89102    
0.75758   19.80000  0.00289      19.70643      1050.68787   
0.75815   19.79000  0.00289      19.72282      541.53150    
0.75873   19.81000  0.00289      19.73924      600.79057    
0.75930   19.82000  0.00289      19.75569      496.33113    
0.75988   19.83000  0.00289      19.77216      401.49314    
0.76104   19.84000  0.00289      19.80517      145.55812    
0.76161   19.86000  0.00289      19.82172      175.86899    
0.76220   19.89000  0.00289      19.83829      320.90204    
0.76278   19.89000  0.00289      19.85488      147.98371    
0.76336   19.91000  0.00289      19.87150      177.83285    
0.76394   19.93000  0.00289      19.88815      210.16720    
0.76453   19.95000  0.00289      19.90482      244.92479    
0.76570   19.97000  0.00289      19.93824      121.02628    

Gradi di liberta = 621
Chi-quadro = 1169292.0816458545
p-value = 0.0
Errore a posteriori = 0.12526

Test ipotesi funzione costante_______________________________
Gradi di Liberta' = 621
t = 603.7915171331332
p-value = 0.0

Test ipotesi compatibilità misure____________________________
x         y         sy           y_media_p     Chi-quadro   
0.37651   9.01000   0.00289      14.17772      3204640.47575
0.37750   9.03000   0.00289      14.17772      3179883.41636
0.37836   9.05000   0.00289      14.17772      3155222.35697
0.37922   9.08000   0.00289      14.17772      3118410.76788
0.38023   9.09000   0.00289      14.17772      3106188.23819
0.38110   9.10000   0.00289      14.17772      3093989.70849
0.38168   9.13000   0.00289      14.17772      3057538.11941
0.38256   9.17000   0.00289      14.17772      3009272.00063
0.38344   9.15000   0.00289      14.17772      3033357.06002
0.38388   9.18000   0.00289      14.17772      2997265.47093
0.38432   9.19000   0.00289      14.17772      2985282.94124
0.38506   9.18000   0.00289      14.17772      2997265.47093
0.38565   9.20000   0.00289      14.17772      2973324.41154
0.38595   9.24000   0.00289      14.17772      2925730.29276
0.38580   9.22000   0.00289      14.17772      2949479.35215
0.38595   9.21000   0.00289      14.17772      2961389.88185
0.38625   9.24000   0.00289      14.17772      2925730.29276
0.38640   9.22000   0.00289      14.17772      2949479.35215
0.38670   9.27000   0.00289      14.17772      2890286.70368
0.38715   9.21000   0.00289      14.17772      2961389.88185
0.38745   9.29000   0.00289      14.17772      2866777.64429
0.38835   9.29000   0.00289      14.17772      2866777.64429
0.38911   9.31000   0.00289      14.17772      2843364.58490
0.38926   9.30000   0.00289      14.17772      2855059.11459
0.38986   9.32000   0.00289      14.17772      2831694.05520
0.39032   9.36000   0.00289      14.17772      2785251.93642
0.39078   9.37000   0.00289      14.17772      2773701.40673
0.39124   9.38000   0.00289      14.17772      2762174.87703
0.39216   9.39000   0.00289      14.17772      2750672.34734
0.39293   9.42000   0.00289      14.17772      2716308.75825
0.39355   9.43000   0.00289      14.17772      2704902.22856
0.39417   9.45000   0.00289      14.17772      2682161.16917
0.39494   9.48000   0.00289      14.17772      2648229.58008
0.39557   9.51000   0.00289      14.17772      2614513.99100
0.39604   9.53000   0.00289      14.17772      2592156.93161
0.39635   9.50000   0.00289      14.17772      2625728.52069
0.39698   9.54000   0.00289      14.17772      2581014.40191
0.39746   9.55000   0.00289      14.17772      2569895.87222
0.39809   9.55000   0.00289      14.17772      2569895.87222
0.39857   9.59000   0.00289      14.17772      2525661.75344
0.39904   9.60000   0.00289      14.17772      2514663.22374
0.39952   9.59000   0.00289      14.17772      2525661.75344
0.39984   9.63000   0.00289      14.17772      2481811.63466
0.40016   9.59000   0.00289      14.17772      2525661.75344
0.40080   9.63000   0.00289      14.17772      2481811.63466
0.40145   9.64000   0.00289      14.17772      2470909.10496
0.40193   9.64000   0.00289      14.17772      2470909.10496
0.40241   9.62000   0.00289      14.17772      2492738.16435
0.40274   9.68000   0.00289      14.17772      2427538.98618
0.40339   9.70000   0.00289      14.17772      2405997.92679
0.40388   9.71000   0.00289      14.17772      2395263.39710
0.40437   9.67000   0.00289      14.17772      2438345.51588
0.40502   9.71000   0.00289      14.17772      2395263.39710
0.40552   9.75000   0.00289      14.17772      2352565.27832
0.40601   9.73000   0.00289      14.17772      2373866.33771
0.40667   9.80000   0.00289      14.17772      2299732.62984
0.40700   9.85000   0.00289      14.17772      2247499.98137
0.40733   9.83000   0.00289      14.17772      2268321.04076
0.40783   9.84000   0.00289      14.17772      2257898.51106
0.40833   9.87000   0.00289      14.17772      2226774.92198
0.40883   9.89000   0.00289      14.17772      2206145.86259
0.40950   9.91000   0.00289      14.17772      2185612.80320
0.41000   9.91000   0.00289      14.17772      2185612.80320
0.41068   9.89000   0.00289      14.17772      2206145.86259
0.41135   9.85000   0.00289      14.17772      2247499.98137
0.41203   9.90000   0.00289      14.17772      2195867.33289
0.41254   9.97000   0.00289      14.17772      2124589.62503
0.41322   9.98000   0.00289      14.17772      2114503.09533
0.41408   9.98000   0.00289      14.17772      2114503.09533
0.41477   10.05000  0.00289      14.17772      2044569.38747
0.41511   9.99000   0.00289      14.17772      2104440.56564
0.41563   10.04000  0.00289      14.17772      2054487.91716
0.41632   10.07000  0.00289      14.17772      2024804.32808
0.41701   10.00000  0.00289      14.17772      2094402.03594
0.41754   10.08000  0.00289      14.17772      2014957.79838
0.41824   10.09000  0.00289      14.17772      2005135.26869
0.41859   10.04000  0.00289      14.17772      2054487.91716
0.41894   10.09000  0.00289      14.17772      2005135.26869
0.41946   10.06000  0.00289      14.17772      2034674.85777
0.42017   10.11000  0.00289      14.17772      1985562.20930
0.42070   10.15000  0.00289      14.17772      1946704.09052
0.42123   10.12000  0.00289      14.17772      1975811.67960
0.42194   10.20000  0.00289      14.17772      1898671.44204
0.42248   10.17000  0.00289      14.17772      1927419.03113
0.42301   10.18000  0.00289      14.17772      1917812.50143
0.42355   10.22000  0.00289      14.17772      1879626.38265
0.42391   10.25000  0.00289      14.17772      1851238.79357
0.42463   10.27000  0.00289      14.17772      1832433.73418
0.42499   10.27000  0.00289      14.17772      1832433.73418
0.42553   10.27000  0.00289      14.17772      1832433.73418
0.42589   10.29000  0.00289      14.17772      1813724.67479
0.42644   10.34000  0.00289      14.17772      1767372.02631
0.42699   10.33000  0.00289      14.17772      1776594.55601
0.42753   10.31000  0.00289      14.17772      1795111.61540
0.42827   10.37000  0.00289      14.17772      1739848.43723
0.42918   10.38000  0.00289      14.17772      1730721.90753
0.43011   10.45000  0.00289      14.17772      1667508.19967
0.43066   10.39000  0.00289      14.17772      1721619.37784
0.43103   10.45000  0.00289      14.17772      1667508.19967
0.43159   10.49000  0.00289      14.17772      1631914.08089
0.43215   10.47000  0.00289      14.17772      1649663.14028
0.43271   10.48000  0.00289      14.17772      1640776.61058
0.43328   10.55000  0.00289      14.17772      1579242.90272
0.43384   10.49000  0.00289      14.17772      1631914.08089
0.43440   10.46000  0.00289      14.17772      1658573.66997
0.43497   10.49000  0.00289      14.17772      1631914.08089
0.43535   10.62000  0.00289      14.17772      1518885.19485
0.43592   10.50000  0.00289      14.17772      1623075.55119
0.43630   10.61000  0.00289      14.17772      1527435.72455
0.43687   10.47000  0.00289      14.17772      1649663.14028
0.43725   10.58000  0.00289      14.17772      1553231.31363
0.43783   10.55000  0.00289      14.17772      1579242.90272
0.43821   10.55000  0.00289      14.17772      1579242.90272
0.43879   10.65000  0.00289      14.17772      1493377.60577
0.43937   10.70000  0.00289      14.17772      1451344.95729
0.43995   10.62000  0.00289      14.17772      1518885.19485
0.44053   10.67000  0.00289      14.17772      1476492.54638
0.44092   10.72000  0.00289      14.17772      1434699.89790
0.44150   10.70000  0.00289      14.17772      1451344.95729
0.44209   10.72000  0.00289      14.17772      1434699.89790
0.44267   10.76000  0.00289      14.17772      1401697.77912
0.44326   10.74000  0.00289      14.17772      1418150.83851
0.44366   10.71000  0.00289      14.17772      1443010.42759
0.44425   10.75000  0.00289      14.17772      1409912.30881
0.44524   10.82000  0.00289      14.17772      1352914.60095
0.44603   10.84000  0.00289      14.17772      1336845.54156
0.44683   10.87000  0.00289      14.17772      1312921.95247
0.44763   10.76000  0.00289      14.17772      1401697.77912
0.44863   10.88000  0.00289      14.17772      1304995.42278
0.44924   10.98000  0.00289      14.17772      1227050.12583
0.45005   10.96000  0.00289      14.17772      1242447.18522
0.45086   10.99000  0.00289      14.17772      1219387.59613
0.45147   10.90000  0.00289      14.17772      1289214.36339
0.45208   10.95000  0.00289      14.17772      1250181.71491
0.45269   11.03000  0.00289      14.17772      1188977.47735
0.45331   10.92000  0.00289      14.17772      1273529.30400
0.45393   11.00000  0.00289      14.17772      1211749.06644
0.45434   10.99000  0.00289      14.17772      1219387.59613
0.45496   11.04000  0.00289      14.17772      1181434.94766
0.45558   11.02000  0.00289      14.17772      1196544.00705
0.45620   11.06000  0.00289      14.17772      1166421.88827
0.45704   11.06000  0.00289      14.17772      1166421.88827
0.45746   11.15000  0.00289      14.17772      1100051.12101
0.45788   11.10000  0.00289      14.17772      1136683.76949
0.45830   11.15000  0.00289      14.17772      1100051.12101
0.45872   11.14000  0.00289      14.17772      1107329.65071
0.45914   11.19000  0.00289      14.17772      1071177.00223
0.45977   11.30000  0.00289      14.17772      993753.17559 
0.46019   11.14000  0.00289      14.17772      1107329.65071
0.46062   11.11000  0.00289      14.17772      1129309.23979
0.46104   11.28000  0.00289      14.17772      1007614.23498
0.46147   11.26000  0.00289      14.17772      1021571.29437
0.46211   11.33000  0.00289      14.17772      973141.58650 
0.46275   11.33000  0.00289      14.17772      973141.58650 
0.46339   11.33000  0.00289      14.17772      973141.58650 
0.46425   11.42000  0.00289      14.17772      912602.81925 
0.46468   11.41000  0.00289      14.17772      919233.34894 
0.46490   11.35000  0.00289      14.17772      959520.52711 
0.46533   11.30000  0.00289      14.17772      993753.17559 
0.46598   11.27000  0.00289      14.17772      1014580.76467
0.46664   11.49000  0.00289      14.17772      866861.11138 
0.46729   11.43000  0.00289      14.17772      905996.28955 
0.46795   11.39000  0.00289      14.17772      932566.40833 
0.46860   11.35000  0.00289      14.17772      959520.52711 
0.46904   11.41000  0.00289      14.17772      919233.34894 
0.46948   11.54000  0.00289      14.17772      834908.46291 
0.46992   11.52000  0.00289      14.17772      847617.52230 
0.47037   11.53000  0.00289      14.17772      841250.99260 
0.47081   11.48000  0.00289      14.17772      873323.64108 
0.47125   11.47000  0.00289      14.17772      879810.17077 
0.47170   11.50000  0.00289      14.17772      860422.58169 
0.47237   11.59000  0.00289      14.17772      803555.81443 
0.47304   11.43000  0.00289      14.17772      905996.28955 
0.47326   11.51000  0.00289      14.17772      854008.05199 
0.47348   11.55000  0.00289      14.17772      828589.93321 
0.47371   11.47000  0.00289      14.17772      879810.17077 
0.47416   11.55000  0.00289      14.17772      828589.93321 
0.47461   11.65000  0.00289      14.17772      766724.63626 
0.47506   11.55000  0.00289      14.17772      828589.93321 
0.47551   11.63000  0.00289      14.17772      778905.69565 
0.47619   11.66000  0.00289      14.17772      760670.10657 
0.47664   11.56000  0.00289      14.17772      822295.40352 
0.47733   11.67000  0.00289      14.17772      754639.57687 
0.47778   11.74000  0.00289      14.17772      713097.86901 
0.47824   11.73000  0.00289      14.17772      718960.39870 
0.47893   11.77000  0.00289      14.17772      695654.27992 
0.47962   11.79000  0.00289      14.17772      684145.22053 
0.48054   11.85000  0.00289      14.17772      650194.04236 
0.48123   11.79000  0.00289      14.17772      684145.22053 
0.48216   11.79000  0.00289      14.17772      684145.22053 
0.48286   11.79000  0.00289      14.17772      684145.22053 
0.48333   11.79000  0.00289      14.17772      684145.22053 
0.48403   11.80000  0.00289      14.17772      678426.69084 
0.48450   11.85000  0.00289      14.17772      650194.04236 
0.48520   11.85000  0.00289      14.17772      650194.04236 
0.48567   11.82000  0.00289      14.17772      667061.63145 
0.48638   11.87000  0.00289      14.17772      639068.98297 
0.48685   11.80000  0.00289      14.17772      678426.69084 
0.48733   11.83000  0.00289      14.17772      661415.10175 
0.48780   11.88000  0.00289      14.17772      633542.45328 
0.48852   11.92000  0.00289      14.17772      611676.33450 
0.48900   12.04000  0.00289      14.17772      548381.97816 
0.48948   12.02000  0.00289      14.17772      558691.03755 
0.48996   11.93000  0.00289      14.17772      606269.80480 
0.49020   11.95000  0.00289      14.17772      595528.74541 
0.49068   11.89000  0.00289      14.17772      628039.92358 
0.49140   12.02000  0.00289      14.17772      558691.03755 
0.49188   11.96000  0.00289      14.17772      590194.21572 
0.49237   11.99000  0.00289      14.17772      574334.62663 
0.49285   12.17000  0.00289      14.17772      483713.09212 
0.49358   11.98000  0.00289      14.17772      579597.15633 
0.49407   12.05000  0.00289      14.17772      543263.44846 
0.49456   12.19000  0.00289      14.17772      474124.03273 
0.49554   12.21000  0.00289      14.17772      464630.97334 
0.49628   12.18000  0.00289      14.17772      478906.56243 
0.49727   12.13000  0.00289      14.17772      503179.21090 
0.49801   12.31000  0.00289      14.17772      418605.67639 
0.49875   12.27000  0.00289      14.17772      436727.79517 
0.49950   12.22000  0.00289      14.17772      459920.44365 
0.50025   12.29000  0.00289      14.17772      427618.73578 
0.50100   12.44000  0.00289      14.17772      362360.79036 
0.50150   12.41000  0.00289      14.17772      374980.37944 
0.50201   12.26000  0.00289      14.17772      441318.32487 
0.50251   12.23000  0.00289      14.17772      455233.91395 
0.50302   12.22000  0.00289      14.17772      459920.44365 
0.50352   12.40000  0.00289      14.17772      379234.90914 
0.50429   12.46000  0.00289      14.17772      354067.73097 
0.50531   12.29000  0.00289      14.17772      427618.73578 
0.50633   12.32000  0.00289      14.17772      414135.14670 
0.50684   12.32000  0.00289      14.17772      414135.14670 
0.50736   12.44000  0.00289      14.17772      362360.79036 
0.50839   12.52000  0.00289      14.17772      329764.55280 
0.50916   12.37000  0.00289      14.17772      392142.49822 
0.50942   12.61000  0.00289      14.17772      294929.78554 
0.50968   12.45000  0.00289      14.17772      358202.26066 
0.51020   12.41000  0.00289      14.17772      374980.37944 
0.51046   12.57000  0.00289      14.17772      310171.90432 
0.51073   12.64000  0.00289      14.17772      283750.19646 
0.51151   12.58000  0.00289      14.17772      306325.37463 
0.51230   12.58000  0.00289      14.17772      306325.37463 
0.51282   12.54000  0.00289      14.17772      321855.49341 
0.51361   12.57000  0.00289      14.17772      310171.90432 
0.51440   12.74000  0.00289      14.17772      248044.89951 
0.51520   12.69000  0.00289      14.17772      265597.54798 
0.51573   12.67000  0.00289      14.17772      272786.60737 
0.51653   12.65000  0.00289      14.17772      280071.66676 
0.51733   12.66000  0.00289      14.17772      276417.13707 
0.51813   12.80000  0.00289      14.17772      227773.72133 
0.51921   12.76000  0.00289      14.17772      241191.84012 
0.51975   12.74000  0.00289      14.17772      248044.89951 
0.52029   12.80000  0.00289      14.17772      227773.72133 
0.52138   12.78000  0.00289      14.17772      234434.78072 
0.52274   12.80000  0.00289      14.17772      227773.72133 
0.52356   12.92000  0.00289      14.17772      189823.36499 
0.52411   12.87000  0.00289      14.17772      205216.01347 
0.52466   12.90000  0.00289      14.17772      195908.42438 
0.52493   12.86000  0.00289      14.17772      208366.54316 
0.52549   12.82000  0.00289      14.17772      221208.66194 
0.52604   12.92000  0.00289      14.17772      189823.36499 
0.52632   12.88000  0.00289      14.17772      202089.48377 
0.52687   12.95000  0.00289      14.17772      180875.77591 
0.52743   13.07000  0.00289      14.17772      147245.41957 
0.52798   13.00000  0.00289      14.17772      166443.12743 
0.52854   12.97000  0.00289      14.17772      175030.71652 
0.52882   13.03000  0.00289      14.17772      158071.53835 
0.52910   13.11000  0.00289      14.17772      136803.30079 
0.52994   13.13000  0.00289      14.17772      131726.24140 
0.53079   13.02000  0.00289      14.17772      160838.06804 
0.53191   13.06000  0.00289      14.17772      149915.94926 
0.53248   13.15000  0.00289      14.17772      126745.18201 
0.53362   13.18000  0.00289      14.17772      119453.59292 
0.53476   13.18000  0.00289      14.17772      119453.59292 
0.53533   13.27000  0.00289      14.17772      98874.82567  
0.53591   13.29000  0.00289      14.17772      94565.76628  
0.53648   13.28000  0.00289      14.17772      96708.29597  
0.53763   13.32000  0.00289      14.17772      88282.17719  
0.53879   13.33000  0.00289      14.17772      86235.64750  
0.53937   13.32000  0.00289      14.17772      88282.17719  
0.54025   13.33000  0.00289      14.17772      86235.64750  
0.54113   13.41000  0.00289      14.17772      70727.40994  
0.54171   13.31000  0.00289      14.17772      90352.70689  
0.54230   13.23000  0.00289      14.17772      107780.94445 
0.54289   13.37000  0.00289      14.17772      78289.52872  
0.54318   13.42000  0.00289      14.17772      68896.88024  
0.54348   13.40000  0.00289      14.17772      72581.93963  
0.54407   13.40000  0.00289      14.17772      72581.93963  
0.54496   13.40000  0.00289      14.17772      72581.93963  
0.54555   13.54000  0.00289      14.17772      48802.52390  
0.54645   13.56000  0.00289      14.17772      45789.46451  
0.54705   13.45000  0.00289      14.17772      63549.29116  
0.54765   13.51000  0.00289      14.17772      53502.11299  
0.54825   13.60000  0.00289      14.17772      40051.34573  
0.54885   13.54000  0.00289      14.17772      48802.52390  
0.54975   13.63000  0.00289      14.17772      35999.75665  
0.55036   13.61000  0.00289      14.17772      38676.81604  
0.55127   13.61000  0.00289      14.17772      38676.81604  
0.55218   13.67000  0.00289      14.17772      30933.63787  
0.55279   13.67000  0.00289      14.17772      30933.63787  
0.55340   13.70000  0.00289      14.17772      27386.04878  
0.55432   13.72000  0.00289      14.17772      25140.98939  
0.55494   13.67000  0.00289      14.17772      30933.63787  
0.55556   13.78000  0.00289      14.17772      18981.81122  
0.55617   13.69000  0.00289      14.17772      28544.57848  
0.55679   13.78000  0.00289      14.17772      18981.81122  
0.55741   13.79000  0.00289      14.17772      18039.28153  
0.55772   13.70000  0.00289      14.17772      27386.04878  
0.55804   13.77000  0.00289      14.17772      19948.34092  
0.55835   13.82000  0.00289      14.17772      15355.69244  
0.55866   13.70000  0.00289      14.17772      27386.04878  
0.55928   13.74000  0.00289      14.17772      22991.93000  
0.55991   13.82000  0.00289      14.17772      15355.69244  
0.56054   13.89000  0.00289      14.17772      9933.98458   
0.56117   13.86000  0.00289      14.17772      12113.57366  
0.56180   13.80000  0.00289      14.17772      17120.75183  
0.56243   13.85000  0.00289      14.17772      12888.10336  
0.56275   13.90000  0.00289      14.17772      9255.45488   
0.56338   13.95000  0.00289      14.17772      6222.80641   
0.56402   14.05000  0.00289      14.17772      1957.50946   
0.56465   14.01000  0.00289      14.17772      3375.62824   
0.56561   14.03000  0.00289      14.17772      2618.56885   
0.56625   14.01000  0.00289      14.17772      3375.62824   
0.56721   13.98000  0.00289      14.17772      4691.21732   
0.56818   14.07000  0.00289      14.17772      1392.45007   
0.56915   14.09000  0.00289      14.17772      923.39068    
0.56980   14.09000  0.00289      14.17772      923.39068    
0.57045   14.10000  0.00289      14.17772      724.86098    
0.57110   14.19000  0.00289      14.17772      18.09373     
0.57176   14.08000  0.00289      14.17772      1145.92037   
0.57241   14.15000  0.00289      14.17772      92.21251     
0.57307   14.14000  0.00289      14.17772      170.74220    
0.57339   14.21000  0.00289      14.17772      125.03434    
0.57372   14.23000  0.00289      14.17772      327.97495    
0.57438   14.17000  0.00289      14.17772      7.15312      
0.57504   14.21000  0.00289      14.17772      125.03434    
0.57604   14.29000  0.00289      14.17772      1512.79678   
0.57670   14.22000  0.00289      14.17772      214.50464    
0.57703   14.32000  0.00289      14.17772      2429.20769   
0.57803   14.32000  0.00289      14.17772      2429.20769   
0.57870   14.33000  0.00289      14.17772      2782.67800   
0.57937   14.43000  0.00289      14.17772      7637.38105   
0.58005   14.41000  0.00289      14.17772      6474.44044   
0.58072   14.47000  0.00289      14.17772      10251.26227  
0.58140   14.52000  0.00289      14.17772      14058.61379  
0.58241   14.49000  0.00289      14.17772      11702.20288  
0.58309   14.58000  0.00289      14.17772      19419.43562  
0.58411   14.64000  0.00289      14.17772      25644.25745  
0.58480   14.63000  0.00289      14.17772      24546.78715  
0.58548   14.67000  0.00289      14.17772      29080.66837  
0.58582   14.68000  0.00289      14.17772      30274.13867  
0.58617   14.67000  0.00289      14.17772      29080.66837  
0.58685   14.73000  0.00289      14.17772      36601.49020  
0.58720   14.67000  0.00289      14.17772      29080.66837  
0.58789   14.74000  0.00289      14.17772      37938.96050  
0.58858   14.77000  0.00289      14.17772      42095.37142  
0.58893   14.74000  0.00289      14.17772      37938.96050  
0.58962   14.79000  0.00289      14.17772      44986.31203  
0.59032   14.79000  0.00289      14.17772      44986.31203  
0.59067   14.75000  0.00289      14.17772      39300.43081  
0.59102   14.84000  0.00289      14.17772      52633.66355  
0.59172   14.83000  0.00289      14.17772      51056.19325  
0.59277   14.88000  0.00289      14.17772      59183.54477  
0.59347   14.93000  0.00289      14.17772      67910.89629  
0.59418   14.92000  0.00289      14.17772      66117.42599  
0.59453   14.97000  0.00289      14.17772      75324.77751  
0.59488   15.01000  0.00289      14.17772      83122.65873  
0.59559   14.96000  0.00289      14.17772      73435.30721  
0.59595   15.07000  0.00289      14.17772      95539.48056  
0.59666   15.08000  0.00289      14.17772      97692.95087  
0.59737   15.12000  0.00289      14.17772      106546.83209 
0.59773   15.13000  0.00289      14.17772      108820.30239 
0.59844   15.14000  0.00289      14.17772      111117.77270 
0.59952   15.20000  0.00289      14.17772      125406.59453 
0.60024   15.24000  0.00289      14.17772      135412.47575 
0.60096   15.25000  0.00289      14.17772      137973.94605 
0.60168   15.29000  0.00289      14.17772      148459.82727 
0.60205   15.31000  0.00289      14.17772      153846.76788 
0.60314   15.35000  0.00289      14.17772      164908.64910 
0.60386   15.38000  0.00289      14.17772      173457.06002 
0.60496   15.39000  0.00289      14.17772      176354.53032 
0.60569   15.44000  0.00289      14.17772      191201.88185 
0.60680   15.50000  0.00289      14.17772      209810.70368 
0.60753   15.52000  0.00289      14.17772      216205.64429 
0.60790   15.54000  0.00289      14.17772      222696.58490 
0.60864   15.56000  0.00289      14.17772      229283.52551 
0.60976   15.58000  0.00289      14.17772      235966.46612 
0.61087   15.61000  0.00289      14.17772      246170.87703 
0.61162   15.66000  0.00289      14.17772      263658.22856 
0.61200   15.68000  0.00289      14.17772      270821.16917 
0.61275   15.68000  0.00289      14.17772      270821.16917 
0.61312   15.71000  0.00289      14.17772      281745.58008 
0.61387   15.73000  0.00289      14.17772      289148.52069 
0.61463   15.79000  0.00289      14.17772      311933.34252 
0.61576   15.80000  0.00289      14.17772      315814.81283 
0.61652   15.84000  0.00289      14.17772      331580.69405 
0.61728   15.86000  0.00289      14.17772      339607.63466 
0.61767   15.88000  0.00289      14.17772      347730.57527 
0.61767   15.90000  0.00289      14.17772      355949.51588 
0.61805   15.91000  0.00289      14.17772      360094.98618 
0.61881   15.92000  0.00289      14.17772      364264.45649 
0.61920   15.95000  0.00289      14.17772      376916.86740 
0.61996   15.96000  0.00289      14.17772      381182.33771 
0.62073   16.00000  0.00289      14.17772      398484.21893 
0.62150   15.99000  0.00289      14.17772      394122.74862 
0.62189   16.01000  0.00289      14.17772      402869.68923 
0.62228   16.02000  0.00289      14.17772      407279.15954 
0.62267   16.02000  0.00289      14.17772      407279.15954 
0.62305   16.02000  0.00289      14.17772      407279.15954 
0.62344   16.05000  0.00289      14.17772      420651.57045 
0.62422   16.04000  0.00289      14.17772      416170.10015 
0.62500   16.07000  0.00289      14.17772      429686.51106 
0.62539   16.07000  0.00289      14.17772      429686.51106 
0.62578   16.09000  0.00289      14.17772      438817.45167 
0.62617   16.09000  0.00289      14.17772      438817.45167 
0.62657   16.10000  0.00289      14.17772      443418.92198 
0.62696   16.11000  0.00289      14.17772      448044.39228 
0.62735   16.13000  0.00289      14.17772      457367.33289 
0.62735   16.13000  0.00289      14.17772      457367.33289 
0.62775   16.16000  0.00289      14.17772      471531.74381 
0.62854   16.17000  0.00289      14.17772      476301.21411 
0.62893   16.18000  0.00289      14.17772      481094.68442 
0.62972   16.21000  0.00289      14.17772      495619.09533 
0.63052   16.23000  0.00289      14.17772      505422.03594 
0.63131   16.26000  0.00289      14.17772      520306.44686 
0.63171   16.28000  0.00289      14.17772      530349.38747 
0.63251   16.29000  0.00289      14.17772      535406.85777 
0.63291   16.32000  0.00289      14.17772      550723.26869 
0.63371   16.34000  0.00289      14.17772      561054.20930 
0.63452   16.34000  0.00289      14.17772      561054.20930 
0.63532   16.38000  0.00289      14.17772      582004.09052 
0.63613   16.39000  0.00289      14.17772      587301.56082 
0.63694   16.43000  0.00289      14.17772      608731.44204 
0.63735   16.46000  0.00289      14.17772      625055.85296 
0.63776   16.43000  0.00289      14.17772      608731.44204 
0.63857   16.46000  0.00289      14.17772      625055.85296 
0.63939   16.48000  0.00289      14.17772      636058.79357 
0.64020   16.46000  0.00289      14.17772      625055.85296 
0.64103   16.49000  0.00289      14.17772      641596.26387 
0.64185   16.51000  0.00289      14.17772      652743.20448 
0.64267   16.55000  0.00289      14.17772      675325.08570 
0.64309   16.55000  0.00289      14.17772      675325.08570 
0.64350   16.54000  0.00289      14.17772      669643.61540 
0.64392   16.60000  0.00289      14.17772      704092.43723 
0.64475   16.57000  0.00289      14.17772      686760.02631 
0.64558   16.64000  0.00289      14.17772      727538.31845 
0.64641   16.63000  0.00289      14.17772      721640.84814 
0.64725   16.68000  0.00289      14.17772      751368.19967 
0.64809   16.68000  0.00289      14.17772      751368.19967 
0.64851   16.74000  0.00289      14.17772      787833.02150 
0.64893   16.70000  0.00289      14.17772      763427.14028 
0.64977   16.77000  0.00289      14.17772      806389.43241 
0.65020   16.76000  0.00289      14.17772      800179.96211 
0.65104   16.79000  0.00289      14.17772      818880.37302 
0.65232   16.83000  0.00289      14.17772      844150.25424 
0.65359   16.85000  0.00289      14.17772      856929.19485 
0.65402   16.91000  0.00289      14.17772      895842.01668 
0.65445   16.92000  0.00289      14.17772      902411.48698 
0.65488   16.90000  0.00289      14.17772      889296.54638 
0.65574   16.90000  0.00289      14.17772      889296.54638 
0.65617   16.95000  0.00289      14.17772      922263.89790 
0.65703   16.94000  0.00289      14.17772      915622.42759 
0.65746   16.95000  0.00289      14.17772      922263.89790 
0.65789   16.94000  0.00289      14.17772      915622.42759 
0.65833   16.95000  0.00289      14.17772      922263.89790 
0.65876   16.99000  0.00289      14.17772      949069.77912 
0.65920   17.01000  0.00289      14.17772      962616.71973 
0.66007   17.03000  0.00289      14.17772      976259.66034 
0.66094   17.06000  0.00289      14.17772      996904.07125 
0.66181   17.05000  0.00289      14.17772      989998.60095 
0.66313   17.08000  0.00289      14.17772      1010787.01186
0.66401   17.13000  0.00289      14.17772      1045914.36339
0.66489   17.16000  0.00289      14.17772      1067278.77430
0.66534   17.19000  0.00289      14.17772      1088859.18522
0.66667   17.21000  0.00289      14.17772      1103366.12583
0.66711   17.21000  0.00289      14.17772      1103366.12583
0.66800   17.26000  0.00289      14.17772      1140053.47735
0.66845   17.28000  0.00289      14.17772      1154896.41796
0.66890   17.28000  0.00289      14.17772      1154896.41796
0.66979   17.32000  0.00289      14.17772      1184870.29918
0.67024   17.34000  0.00289      14.17772      1200001.23979
0.67114   17.35000  0.00289      14.17772      1207602.71010
0.67159   17.38000  0.00289      14.17772      1230551.12101
0.67204   17.36000  0.00289      14.17772      1215228.18040
0.67249   17.41000  0.00289      14.17772      1253715.53193
0.67340   17.41000  0.00289      14.17772      1253715.53193
0.67385   17.40000  0.00289      14.17772      1245970.06162
0.67431   17.42000  0.00289      14.17772      1261485.00223
0.67522   17.45000  0.00289      14.17772      1284937.41315
0.67568   17.43000  0.00289      14.17772      1269278.47254
0.67659   17.46000  0.00289      14.17772      1292802.88345
0.67705   17.50000  0.00289      14.17772      1324504.76467
0.67797   17.51000  0.00289      14.17772      1332490.23498
0.67843   17.52000  0.00289      14.17772      1340499.70528
0.67935   17.56000  0.00289      14.17772      1372777.58650
0.67981   17.58000  0.00289      14.17772      1389060.52711
0.68027   17.59000  0.00289      14.17772      1397237.99742
0.68120   17.62000  0.00289      14.17772      1421914.40833
0.68166   17.63000  0.00289      14.17772      1430187.87864
0.68259   17.62000  0.00289      14.17772      1421914.40833
0.68306   17.66000  0.00289      14.17772      1455152.28955
0.68399   17.69000  0.00289      14.17772      1480332.70047
0.68446   17.69000  0.00289      14.17772      1480332.70047
0.68493   17.74000  0.00289      14.17772      1522780.05199
0.68587   17.75000  0.00289      14.17772      1531341.52230
0.68634   17.79000  0.00289      14.17772      1565827.40352
0.68729   17.81000  0.00289      14.17772      1583214.34413
0.68776   17.80000  0.00289      14.17772      1574508.87382
0.68823   17.84000  0.00289      14.17772      1609474.75504
0.68823   17.84000  0.00289      14.17772      1609474.75504
0.68871   17.83000  0.00289      14.17772      1600697.28474
0.68918   17.88000  0.00289      14.17772      1644824.63626
0.69013   17.91000  0.00289      14.17772      1671589.04718
0.69061   17.89000  0.00289      14.17772      1653722.10657
0.69156   17.89000  0.00289      14.17772      1653722.10657
0.69204   17.93000  0.00289      14.17772      1689551.98779
0.69300   17.93000  0.00289      14.17772      1689551.98779
0.69348   17.96000  0.00289      14.17772      1716676.39870
0.69396   17.94000  0.00289      14.17772      1698569.45809
0.69493   17.99000  0.00289      14.17772      1744016.80962
0.69541   18.00000  0.00289      14.17772      1753178.27992
0.69589   18.02000  0.00289      14.17772      1771573.22053
0.69638   18.04000  0.00289      14.17772      1790064.16114
0.69735   18.04000  0.00289      14.17772      1790064.16114
0.69784   18.08000  0.00289      14.17772      1827334.04236
0.69832   18.09000  0.00289      14.17772      1836711.51267
0.69930   18.10000  0.00289      14.17772      1846112.98297
0.69930   18.14000  0.00289      14.17772      1883958.86419
0.69979   18.15000  0.00289      14.17772      1893480.33450
0.70028   18.14000  0.00289      14.17772      1883958.86419
0.70126   18.18000  0.00289      14.17772      1922188.74541
0.70175   18.19000  0.00289      14.17772      1931806.21572
0.70225   18.21000  0.00289      14.17772      1951113.15633
0.70274   18.23000  0.00289      14.17772      1970516.09694
0.70373   18.26000  0.00289      14.17772      1999800.50785
0.70472   18.28000  0.00289      14.17772      2019443.44846
0.70522   18.31000  0.00289      14.17772      2049087.85938
0.70572   18.32000  0.00289      14.17772      2059017.32968
0.70621   18.33000  0.00289      14.17772      2068970.79999
0.70671   18.34000  0.00289      14.17772      2078948.27029
0.70771   18.34000  0.00289      14.17772      2078948.27029
0.70822   18.35000  0.00289      14.17772      2088949.74060
0.70872   18.36000  0.00289      14.17772      2098975.21090
0.70972   18.37000  0.00289      14.17772      2109024.68121
0.71023   18.41000  0.00289      14.17772      2149462.56243
0.71124   18.41000  0.00289      14.17772      2149462.56243
0.71174   18.44000  0.00289      14.17772      2180042.97334
0.71276   18.46000  0.00289      14.17772      2200549.91395
0.71327   18.46000  0.00289      14.17772      2200549.91395
0.71378   18.50000  0.00289      14.17772      2241851.79517
0.71480   18.52000  0.00289      14.17772      2262646.73578
0.71480   18.54000  0.00289      14.17772      2283537.67639
0.71531   18.57000  0.00289      14.17772      2315054.08731
0.71582   18.57000  0.00289      14.17772      2315054.08731
0.71633   18.59000  0.00289      14.17772      2336185.02792
0.71685   18.61000  0.00289      14.17772      2357411.96853
0.71736   18.62000  0.00289      14.17772      2368061.43883
0.71788   18.64000  0.00289      14.17772      2389432.37944
0.71839   18.67000  0.00289      14.17772      2421668.79036
0.71942   18.69000  0.00289      14.17772      2443279.73097
0.72046   18.74000  0.00289      14.17772      2497727.08249
0.72150   18.76000  0.00289      14.17772      2519674.02310
0.72202   18.77000  0.00289      14.17772      2530683.49341
0.72254   18.79000  0.00289      14.17772      2552774.43402
0.72359   18.80000  0.00289      14.17772      2563855.90432
0.72411   18.81000  0.00289      14.17772      2574961.37463
0.72464   18.86000  0.00289      14.17772      2630848.72615
0.72569   18.84000  0.00289      14.17772      2608421.78554
0.72622   18.86000  0.00289      14.17772      2630848.72615
0.72674   18.90000  0.00289      14.17772      2675990.60737
0.72727   18.90000  0.00289      14.17772      2675990.60737
0.72833   18.93000  0.00289      14.17772      2710099.01829
0.72886   18.94000  0.00289      14.17772      2721516.48859
0.72993   18.96000  0.00289      14.17772      2744423.42920
0.73099   18.98000  0.00289      14.17772      2767426.36981
0.73153   18.99000  0.00289      14.17772      2778963.84012
0.73206   19.02000  0.00289      14.17772      2813720.25103
0.73260   19.04000  0.00289      14.17772      2837011.19164
0.73314   19.06000  0.00289      14.17772      2860398.13225
0.73314   19.09000  0.00289      14.17772      2895658.54316
0.73368   19.07000  0.00289      14.17772      2872127.60255
0.73421   19.08000  0.00289      14.17772      2883881.07286
0.73475   19.14000  0.00289      14.17772      2954905.89469
0.73584   19.15000  0.00289      14.17772      2966827.36499
0.73638   19.16000  0.00289      14.17772      2978772.83530
0.73746   19.21000  0.00289      14.17772      3038860.18682
0.73855   19.24000  0.00289      14.17772      3075200.59774
0.73964   19.27000  0.00289      14.17772      3111757.00865
0.74019   19.30000  0.00289      14.17772      3148529.41957
0.74074   19.30000  0.00289      14.17772      3148529.41957
0.74184   19.32000  0.00289      14.17772      3173164.36018
0.74294   19.33000  0.00289      14.17772      3185517.83048
0.74349   19.35000  0.00289      14.17772      3210296.77109
0.74460   19.37000  0.00289      14.17772      3235171.71170
0.74571   19.38000  0.00289      14.17772      3247645.18201
0.74627   19.41000  0.00289      14.17772      3285209.59292
0.74683   19.43000  0.00289      14.17772      3310372.53353
0.74738   19.43000  0.00289      14.17772      3310372.53353
0.74738   19.47000  0.00289      14.17772      3360986.41475
0.74850   19.50000  0.00289      14.17772      3399198.82567
0.74906   19.52000  0.00289      14.17772      3424793.76628
0.74963   19.56000  0.00289      14.17772      3476271.64750
0.75075   19.58000  0.00289      14.17772      3502154.58811
0.75075   19.59000  0.00289      14.17772      3515132.05841
0.75188   19.62000  0.00289      14.17772      3554208.46933
0.75245   19.65000  0.00289      14.17772      3593500.88024
0.75358   19.66000  0.00289      14.17772      3606646.35055
0.75415   19.66000  0.00289      14.17772      3606646.35055
0.75472   19.71000  0.00289      14.17772      3672733.70207
0.75586   19.74000  0.00289      14.17772      3712674.11299
0.75643   19.74000  0.00289      14.17772      3712674.11299
0.75700   19.77000  0.00289      14.17772      3752830.52390
0.75758   19.80000  0.00289      14.17772      3793202.93482
0.75815   19.79000  0.00289      14.17772      3779721.46451
0.75873   19.81000  0.00289      14.17772      3806708.40512
0.75930   19.82000  0.00289      14.17772      3820237.87543
0.75988   19.83000  0.00289      14.17772      3833791.34573
0.76104   19.84000  0.00289      14.17772      3847368.81604
0.76161   19.86000  0.00289      14.17772      3874595.75665
0.76220   19.89000  0.00289      14.17772      3915616.16756
0.76278   19.89000  0.00289      14.17772      3915616.16756
0.76336   19.91000  0.00289      14.17772      3943083.10817
0.76394   19.93000  0.00289      14.17772      3970646.04878
0.76453   19.95000  0.00289      14.17772      3998304.98939
0.76570   19.97000  0.00289      14.17772      4026059.93000

Gradi di liberta = 621
Chi-quadro = 792146131.6083469
p-value = 0.0

Media pesata = 14.177720706260033 +/- 0.00011565525051480625

****************************************************************************************************
SERIE 25
****************************************************************************************************

Test ipotesi linearità_____________________________________
Covarianza = 0.37376
Indice Pearson = 0.99935 +/- 0.00146
Gradi di Liberta' = 613
	t = 684.290598324169
	p-value (due code) = 0.0

Parametri___________________________________________________
y = a + bx
a = -1.92025 +/- 0.02451
b = 28.55594 +/- 0.04565

Test bontà fit _____________________________________________
x         y         sy           y*            Chi-quadro   
0.37651   9.01000   0.00289      8.83124       3834.81699   
0.37750   9.03000   0.00289      8.85965       3482.45025   
0.37836   9.05000   0.00289      8.88412       3302.01465   
0.37922   9.08000   0.00289      8.90870       3521.18263   
0.38023   9.09000   0.00289      8.93752       2789.88027   
0.38110   9.10000   0.00289      8.96235       2273.67002   
0.38168   9.13000   0.00289      8.97897       2737.36514   
0.38256   9.17000   0.00289      9.00398       3307.39848   
0.38344   9.15000   0.00289      9.02912       1753.57020   
0.38388   9.18000   0.00289      9.04173       2294.39579   
0.38432   9.19000   0.00289      9.05436       2207.66313   
0.38506   9.18000   0.00289      9.07549       1310.60173   
0.38565   9.20000   0.00289      9.09246       1387.90230   
0.38595   9.24000   0.00289      9.10096       2319.98529   
0.38580   9.22000   0.00289      9.09670       1824.22621   
0.38595   9.21000   0.00289      9.10096       1426.86909   
0.38625   9.24000   0.00289      9.10947       2044.57116   
0.38640   9.22000   0.00289      9.11373       1355.15105   
0.38670   9.27000   0.00289      9.12227       2619.05963   
0.38715   9.21000   0.00289      9.13509       673.36891    
0.38745   9.29000   0.00289      9.14366       2569.93944   
0.38835   9.29000   0.00289      9.16944       1744.24210   
0.38911   9.31000   0.00289      9.19101       1698.95952   
0.38926   9.30000   0.00289      9.19534       1314.50230   
0.38986   9.32000   0.00289      9.21267       1382.31590   
0.39032   9.36000   0.00289      9.22571       2164.11421   
0.39078   9.37000   0.00289      9.23877       2066.40065   
0.39124   9.38000   0.00289      9.25187       1970.00097   
0.39216   9.39000   0.00289      9.27816       1500.98839   
0.39293   9.42000   0.00289      9.30016       1723.37853   
0.39355   9.43000   0.00289      9.31782       1510.02651   
0.39417   9.45000   0.00289      9.33554       1572.06954   
0.39494   9.48000   0.00289      9.35777       1792.84090   
0.39557   9.51000   0.00289      9.37561       2167.14265   
0.39604   9.53000   0.00289      9.38904       2384.53215   
0.39635   9.50000   0.00289      9.39800       1248.47863   
0.39698   9.54000   0.00289      9.41597       1845.93365   
0.39746   9.55000   0.00289      9.42949       1742.73020   
0.39809   9.55000   0.00289      9.44756       1259.21414   
0.39857   9.59000   0.00289      9.46115       1992.12739   
0.39904   9.60000   0.00289      9.47478       1881.60948   
0.39952   9.59000   0.00289      9.48844       1237.79240   
0.39984   9.63000   0.00289      9.49756       2104.81627   
0.40016   9.59000   0.00289      9.50670       832.69227    
0.40080   9.63000   0.00289      9.52502       1322.53430   
0.40145   9.64000   0.00289      9.54340       1119.85507   
0.40193   9.64000   0.00289      9.55722       822.30744    
0.40241   9.62000   0.00289      9.57108       287.22815    
0.40274   9.68000   0.00289      9.58033       1192.04770   
0.40339   9.70000   0.00289      9.59889       1226.81932   
0.40388   9.71000   0.00289      9.61285       1132.67600   
0.40437   9.67000   0.00289      9.62684       223.57084    
0.40502   9.71000   0.00289      9.64554       498.55256    
0.40552   9.75000   0.00289      9.65961       980.35365    
0.40601   9.73000   0.00289      9.67372       380.11060    
0.40667   9.80000   0.00289      9.69258       1384.73023   
0.40700   9.85000   0.00289      9.70203       2627.37313   
0.40733   9.83000   0.00289      9.71150       1685.08656   
0.40783   9.84000   0.00289      9.72573       1566.89517   
0.40833   9.87000   0.00289      9.74000       2028.09473   
0.40883   9.89000   0.00289      9.75430       2209.79856   
0.40950   9.91000   0.00289      9.77342       2238.45576   
0.41000   9.91000   0.00289      9.78780       1791.81029   
0.41068   9.89000   0.00289      9.80704       825.93531    
0.41135   9.85000   0.00289      9.82633       67.21167     
0.41203   9.90000   0.00289      9.84569       353.90396    
0.41254   9.97000   0.00289      9.86026       1445.26854   
0.41322   9.98000   0.00289      9.87973       1206.55652   
0.41408   9.98000   0.00289      9.90416       690.24515    
0.41477   10.05000  0.00289      9.92378       1911.92379   
0.41511   9.99000   0.00289      9.93361       381.60214    
0.41563   10.04000  0.00289      9.94839       1007.11511   
0.41632   10.07000  0.00289      9.96815       1244.72964   
0.41701   10.00000  0.00289      9.98798       17.32656     
0.41754   10.08000  0.00289      10.00290      713.32527    
0.41824   10.09000  0.00289      10.02285      541.14421    
0.41859   10.04000  0.00289      10.03285      6.14271      
0.41894   10.09000  0.00289      10.04286      266.65596    
0.41946   10.06000  0.00289      10.05791      0.52180      
0.42017   10.11000  0.00289      10.07805      122.52613    
0.42070   10.15000  0.00289      10.09319      387.29741    
0.42123   10.12000  0.00289      10.10837      16.22982     
0.42194   10.20000  0.00289      10.12867      610.52497    
0.42248   10.17000  0.00289      10.14394      81.47634     
0.42301   10.18000  0.00289      10.15925      51.65333     
0.42355   10.22000  0.00289      10.17460      247.32132    
0.42391   10.25000  0.00289      10.18486      509.25109    
0.42463   10.27000  0.00289      10.20542      500.52270    
0.42499   10.27000  0.00289      10.21572      353.51777    
0.42553   10.27000  0.00289      10.23122      180.50538    
0.42589   10.29000  0.00289      10.24157      281.49861    
0.42644   10.34000  0.00289      10.25713      824.18906    
0.42699   10.33000  0.00289      10.27272      393.66719    
0.42753   10.31000  0.00289      10.28836      56.18163     
0.42827   10.37000  0.00289      10.30928      442.47922    
0.42918   10.38000  0.00289      10.33552      237.41374    
0.43011   10.45000  0.00289      10.36188      931.88493    
0.43066   10.39000  0.00289      10.37775      18.02183     
0.43103   10.45000  0.00289      10.38835      456.13338    
0.43159   10.49000  0.00289      10.40428      881.67325    
0.43215   10.47000  0.00289      10.42026      296.86472    
0.43271   10.48000  0.00289      10.43628      229.35517    
0.43328   10.55000  0.00289      10.45234      1144.42651   
0.43384   10.49000  0.00289      10.46845      55.74813     
0.43440   10.46000  0.00289      10.48459      72.56782     
0.43497   10.49000  0.00289      10.50078      13.94128     
0.43535   10.62000  0.00289      10.51159      1410.23475   
0.43592   10.50000  0.00289      10.52785      93.08418     
0.43630   10.61000  0.00289      10.53871      609.80950    
0.43687   10.47000  0.00289      10.55504      867.86825    
0.43725   10.58000  0.00289      10.56595      23.68056     
0.43783   10.55000  0.00289      10.58235      125.60392    
0.43821   10.55000  0.00289      10.59331      225.09402    
0.43879   10.65000  0.00289      10.60978      194.09126    
0.43937   10.70000  0.00289      10.62630      651.82740    
0.43995   10.62000  0.00289      10.64286      62.69894     
0.44053   10.67000  0.00289      10.65946      13.32773     
0.44092   10.72000  0.00289      10.67055      293.38279    
0.44150   10.70000  0.00289      10.68723      19.56547     
0.44209   10.72000  0.00289      10.70395      30.90511     
0.44267   10.76000  0.00289      10.72072      185.17780    
0.44326   10.74000  0.00289      10.73753      0.73397      
0.44366   10.71000  0.00289      10.74876      180.26430    
0.44425   10.75000  0.00289      10.76564      29.36352     
0.44524   10.82000  0.00289      10.79388      81.84646     
0.44603   10.84000  0.00289      10.81657      65.89044     
0.44683   10.87000  0.00289      10.83933      112.86288    
0.44763   10.76000  0.00289      10.86218      1252.84607   
0.44863   10.88000  0.00289      10.89085      14.12984     
0.44924   10.98000  0.00289      10.90812      620.06266    
0.45005   10.96000  0.00289      10.93121      99.46226     
0.45086   10.99000  0.00289      10.95439      152.19541    
0.45147   10.90000  0.00289      10.97182      619.04759    
0.45208   10.95000  0.00289      10.98931      185.42396    
0.45269   11.03000  0.00289      11.00684      64.35934     
0.45331   10.92000  0.00289      11.02442      1308.45325   
0.45393   11.00000  0.00289      11.04205      212.17358    
0.45434   10.99000  0.00289      11.05383      488.87383    
0.45496   11.04000  0.00289      11.07154      119.33862    
0.45558   11.02000  0.00289      11.08929      576.16470    
0.45620   11.06000  0.00289      11.10710      266.17490    
0.45704   11.06000  0.00289      11.13091      603.43765    
0.45746   11.15000  0.00289      11.14285      6.12847      
0.45788   11.10000  0.00289      11.15482      360.57765    
0.45830   11.15000  0.00289      11.16680      33.87146     
0.45872   11.14000  0.00289      11.17881      180.71917    
0.45914   11.19000  0.00289      11.19084      0.08380      
0.45977   11.30000  0.00289      11.20892      995.47017    
0.46019   11.14000  0.00289      11.22100      787.39406    
0.46062   11.11000  0.00289      11.23311      1818.72819   
0.46104   11.28000  0.00289      11.24524      145.00355    
0.46147   11.26000  0.00289      11.25739      0.81784      
0.46211   11.33000  0.00289      11.27566      354.36872    
0.46275   11.33000  0.00289      11.29398      155.71891    
0.46339   11.33000  0.00289      11.31235      37.39504     
0.46425   11.42000  0.00289      11.33692      828.27132    
0.46468   11.41000  0.00289      11.34924      442.99958    
0.46490   11.35000  0.00289      11.35541      3.51208      
0.46533   11.30000  0.00289      11.36777      551.05346    
0.46598   11.27000  0.00289      11.38634      1624.23018   
0.46664   11.49000  0.00289      11.40497      867.63080    
0.46729   11.43000  0.00289      11.42365      4.83977      
0.46795   11.39000  0.00289      11.44238      329.26432    
0.46860   11.35000  0.00289      11.46117      1482.97985   
0.46904   11.41000  0.00289      11.47372      487.23181    
0.46948   11.54000  0.00289      11.48630      346.08525    
0.46992   11.52000  0.00289      11.49890      53.44119     
0.47037   11.53000  0.00289      11.51152      40.97820     
0.47081   11.48000  0.00289      11.52417      234.10069    
0.47125   11.47000  0.00289      11.53684      536.10646    
0.47170   11.50000  0.00289      11.54954      294.44748    
0.47237   11.59000  0.00289      11.56862      54.83634     
0.47304   11.43000  0.00289      11.58777      2986.78899   
0.47326   11.51000  0.00289      11.59416      849.91174    
0.47348   11.55000  0.00289      11.60056      306.72170    
0.47371   11.47000  0.00289      11.60696      2251.02968   
0.47416   11.55000  0.00289      11.61979      584.47810    
0.47461   11.65000  0.00289      11.63264      36.15401     
0.47506   11.55000  0.00289      11.64552      1094.87329   
0.47551   11.63000  0.00289      11.65842      96.92826     
0.47619   11.66000  0.00289      11.67782      38.10110     
0.47664   11.56000  0.00289      11.69078      2052.46153   
0.47733   11.67000  0.00289      11.71027      194.62403    
0.47778   11.74000  0.00289      11.72330      33.47772     
0.47824   11.73000  0.00289      11.73635      4.83421      
0.47893   11.77000  0.00289      11.75597      23.62562     
0.47962   11.79000  0.00289      11.77565      24.72237     
0.48054   11.85000  0.00289      11.80197      276.80016    
0.48123   11.79000  0.00289      11.82178      121.21856    
0.48216   11.79000  0.00289      11.84829      407.67607    
0.48286   11.79000  0.00289      11.86823      734.41319    
0.48333   11.79000  0.00289      11.88156      1005.98305   
0.48403   11.80000  0.00289      11.90160      1238.73455   
0.48450   11.85000  0.00289      11.91499      506.91245    
0.48520   11.85000  0.00289      11.93513      869.71581    
0.48567   11.82000  0.00289      11.94859      1984.28929   
0.48638   11.87000  0.00289      11.96883      1172.03728   
0.48685   11.80000  0.00289      11.98235      3990.26804   
0.48733   11.83000  0.00289      11.99590      3302.82652   
0.48780   11.88000  0.00289      12.00948      2011.77663   
0.48852   11.92000  0.00289      12.02989      1449.19818   
0.48900   12.04000  0.00289      12.04354      1.50124      
0.48948   12.02000  0.00289      12.05721      166.12218    
0.48996   11.93000  0.00289      12.07090      2382.45718   
0.49020   11.95000  0.00289      12.07776      1958.77409   
0.49068   11.89000  0.00289      12.09150      4872.21990   
0.49140   12.02000  0.00289      12.11216      1019.10757   
0.49188   11.96000  0.00289      12.12596      3305.11588   
0.49237   11.99000  0.00289      12.13979      2692.50089   
0.49285   12.17000  0.00289      12.15365      32.07623     
0.49358   11.98000  0.00289      12.17449      4539.18939   
0.49407   12.05000  0.00289      12.18842      2299.15074   
0.49456   12.19000  0.00289      12.20237      18.37191     
0.49554   12.21000  0.00289      12.23037      49.77597     
0.49628   12.18000  0.00289      12.25143      612.34736    
0.49727   12.13000  0.00289      12.27962      2686.44073   
0.49801   12.31000  0.00289      12.30084      10.07345     
0.49875   12.27000  0.00289      12.32212      325.93257    
0.49950   12.22000  0.00289      12.34346      1829.03917   
0.50025   12.29000  0.00289      12.36486      672.56736    
0.50100   12.44000  0.00289      12.38634      345.58745    
0.50150   12.41000  0.00289      12.40068      10.41236     
0.50201   12.26000  0.00289      12.41506      2885.35986   
0.50251   12.23000  0.00289      12.42947      4774.63073   
0.50302   12.22000  0.00289      12.44391      6016.12732   
0.50352   12.40000  0.00289      12.45837      408.88220    
0.50429   12.46000  0.00289      12.48013      48.60360     
0.50531   12.29000  0.00289      12.50923      5767.50574   
0.50633   12.32000  0.00289      12.53846      5726.76216   
0.50684   12.32000  0.00289      12.55311      6520.97560   
0.50736   12.44000  0.00289      12.56780      1959.90608   
0.50839   12.52000  0.00289      12.59726      716.31313    
0.50916   12.37000  0.00289      12.61944      7466.22889   
0.50942   12.61000  0.00289      12.62684      34.04395     
0.50968   12.45000  0.00289      12.63426      4074.11256   
0.51020   12.41000  0.00289      12.64911      6860.79321   
0.51046   12.57000  0.00289      12.65655      898.83521    
0.51073   12.64000  0.00289      12.66399      69.06943     
0.51151   12.58000  0.00289      12.68637      1357.77799   
0.51230   12.58000  0.00289      12.70882      1991.34569   
0.51282   12.54000  0.00289      12.72382      4054.95150   
0.51361   12.57000  0.00289      12.74639      3733.52954   
0.51440   12.74000  0.00289      12.76902      101.07147    
0.51520   12.69000  0.00289      12.79173      1241.76730   
0.51573   12.67000  0.00289      12.80690      2249.00059   
0.51653   12.65000  0.00289      12.82972      3875.96605   
0.51733   12.66000  0.00289      12.85261      4451.97454   
0.51813   12.80000  0.00289      12.87558      685.40872    
0.51921   12.76000  0.00289      12.90630      2568.60637   
0.51975   12.74000  0.00289      12.92172      3962.52278   
0.52029   12.80000  0.00289      12.93716      2257.58238   
0.52138   12.78000  0.00289      12.96815      4247.88741   
0.52274   12.80000  0.00289      13.00706      5144.86718   
0.52356   12.92000  0.00289      13.03051      1465.39323   
0.52411   12.87000  0.00289      13.04618      3724.63432   
0.52466   12.90000  0.00289      13.06188      3144.70728   
0.52493   12.86000  0.00289      13.06975      5279.25557   
0.52549   12.82000  0.00289      13.08550      8458.89692   
0.52604   12.92000  0.00289      13.10129      3943.85231   
0.52632   12.88000  0.00289      13.10919      6303.60544   
0.52687   12.95000  0.00289      13.12503      3676.32215   
0.52743   13.07000  0.00289      13.14090      603.25168    
0.52798   13.00000  0.00289      13.15681      2950.57808   
0.52854   12.97000  0.00289      13.17274      4932.60498   
0.52882   13.03000  0.00289      13.18073      2726.17285   
0.52910   13.11000  0.00289      13.18872      743.53000    
0.52994   13.13000  0.00289      13.21274      821.42580    
0.53079   13.02000  0.00289      13.23683      5641.98203   
0.53191   13.06000  0.00289      13.26908      5245.83565   
0.53248   13.15000  0.00289      13.28526      2195.37062   
0.53362   13.18000  0.00289      13.31771      2275.81190   
0.53476   13.18000  0.00289      13.35031      3480.59427   
0.53533   13.27000  0.00289      13.36666      1121.13312   
0.53591   13.29000  0.00289      13.38304      1038.83367   
0.53648   13.28000  0.00289      13.39946      1712.55633   
0.53763   13.32000  0.00289      13.43241      1516.27172   
0.53879   13.33000  0.00289      13.46550      2203.09333   
0.53937   13.32000  0.00289      13.48209      3152.90266   
0.54025   13.33000  0.00289      13.50706      3761.87736   
0.54113   13.41000  0.00289      13.53210      1789.03127   
0.54171   13.31000  0.00289      13.54884      6845.47122   
0.54289   13.37000  0.00289      13.58243      5415.39165   
0.54318   13.42000  0.00289      13.59085      3502.96903   
0.54348   13.40000  0.00289      13.59928      4765.73571   
0.54407   13.40000  0.00289      13.61617      5607.65542   
0.54496   13.40000  0.00289      13.64157      7002.86927   
0.54555   13.54000  0.00289      13.65855      1686.55091   
0.54645   13.56000  0.00289      13.68409      1847.83148   
0.54705   13.45000  0.00289      13.70116      7569.98210   
0.54765   13.51000  0.00289      13.71827      5205.34915   
0.54825   13.60000  0.00289      13.73542      2200.66635   
0.54885   13.54000  0.00289      13.75261      5424.17226   
0.54975   13.63000  0.00289      13.77845      2644.66187   
0.55036   13.61000  0.00289      13.79573      4139.68446   
0.55127   13.61000  0.00289      13.82173      5379.33927   
0.55218   13.67000  0.00289      13.84780      3793.67283   
0.55279   13.67000  0.00289      13.86524      4574.05089   
0.55340   13.70000  0.00289      13.88271      4005.84237   
0.55432   13.72000  0.00289      13.90899      4285.94537   
0.55494   13.67000  0.00289      13.92656      7898.50857   
0.55556   13.78000  0.00289      13.94416      3233.95511   
0.55617   13.69000  0.00289      13.96181      8865.69056   
0.55679   13.78000  0.00289      13.97950      4775.84706   
0.55741   13.79000  0.00289      13.99722      5152.89734   
0.55804   13.77000  0.00289      14.01499      7202.21690   
0.55835   13.82000  0.00289      14.02388      4988.24604   
0.55991   13.82000  0.00289      14.06852      7411.49315   
0.56054   13.89000  0.00289      14.08645      4630.88304   
0.56117   13.86000  0.00289      14.10441      7168.34988   
0.56243   13.85000  0.00289      14.14046      10124.10957  
0.56275   13.90000  0.00289      14.14950      7469.97501   
0.56338   13.95000  0.00289      14.16761      5682.27619   
0.56402   14.05000  0.00289      14.18575      2211.47985   
0.56465   14.01000  0.00289      14.20394      4513.62202   
0.56561   14.03000  0.00289      14.23130      4862.70414   
0.56625   14.01000  0.00289      14.24959      6888.62124   
0.56721   13.98000  0.00289      14.27711      10592.85849  
0.56818   14.07000  0.00289      14.30472      6611.11820   
0.56915   14.09000  0.00289      14.33242      7052.19104   
0.56980   14.09000  0.00289      14.35094      8170.96348   
0.57045   14.10000  0.00289      14.36951      8716.08543   
0.57110   14.19000  0.00289      14.38811      4709.86427   
0.57241   14.15000  0.00289      14.42545      9104.95842   
0.57307   14.14000  0.00289      14.44419      11103.63130  
0.57339   14.21000  0.00289      14.45357      7119.22855   
0.57372   14.23000  0.00289      14.46297      6512.73378   
0.57504   14.21000  0.00289      14.50065      10137.24973  
0.57604   14.29000  0.00289      14.52903      6856.04249   
0.57703   14.32000  0.00289      14.55750      6768.85928   
0.57803   14.32000  0.00289      14.58608      8495.57583   
0.57870   14.33000  0.00289      14.60518      9086.92315   
0.57937   14.43000  0.00289      14.62433      4531.67044   
0.58005   14.41000  0.00289      14.64352      6543.93984   
0.58072   14.47000  0.00289      14.66276      4458.79270   
0.58140   14.52000  0.00289      14.68204      3150.95430   
0.58241   14.49000  0.00289      14.71105      5863.63273   
0.58309   14.58000  0.00289      14.73045      2716.08858   
0.58411   14.64000  0.00289      14.75962      1717.18418   
0.58480   14.63000  0.00289      14.77913      2668.85975   
0.58548   14.67000  0.00289      14.79869      1987.23496   
0.58582   14.68000  0.00289      14.80848      1980.88821   
0.58617   14.67000  0.00289      14.81829      2638.68250   
0.58685   14.73000  0.00289      14.83793      1397.94710   
0.58720   14.67000  0.00289      14.84777      3792.41060   
0.58789   14.74000  0.00289      14.86749      1950.41342   
0.58858   14.77000  0.00289      14.88725      1649.73296   
0.58893   14.74000  0.00289      14.89715      2963.50885   
0.58962   14.79000  0.00289      14.91698      1934.90556   
0.59032   14.79000  0.00289      14.93686      2588.13674   
0.59067   14.75000  0.00289      14.94682      4648.42062   
0.59102   14.84000  0.00289      14.95679      1636.66176   
0.59172   14.83000  0.00289      14.97676      2584.55985   
0.59277   14.88000  0.00289      15.00681      1929.58137   
0.59347   14.93000  0.00289      15.02690      1126.70176   
0.59418   14.92000  0.00289      15.04704      1936.60792   
0.59453   14.97000  0.00289      15.05712      910.88279    
0.59488   15.01000  0.00289      15.06722      392.95217    
0.59559   14.96000  0.00289      15.08746      1949.50663   
0.59595   15.07000  0.00289      15.09760      91.37850     
0.59666   15.08000  0.00289      15.11790      172.39424    
0.59737   15.12000  0.00289      15.13826      40.00679     
0.59773   15.13000  0.00289      15.14846      40.87189     
0.59844   15.14000  0.00289      15.16888      100.11879    
0.59952   15.20000  0.00289      15.19962      0.01728      
0.60024   15.24000  0.00289      15.22017      47.17523     
0.60096   15.25000  0.00289      15.24077      10.21420     
0.60168   15.29000  0.00289      15.26143      97.98306     
0.60205   15.31000  0.00289      15.27177      175.39070    
0.60314   15.35000  0.00289      15.30288      266.47315    
0.60386   15.38000  0.00289      15.32368      380.66645    
0.60496   15.39000  0.00289      15.35497      147.22500    
0.60569   15.44000  0.00289      15.37590      493.05406    
0.60680   15.50000  0.00289      15.40739      1029.28430   
0.60753   15.52000  0.00289      15.42844      1005.98480   
0.60790   15.54000  0.00289      15.43899      1224.44817   
0.60864   15.56000  0.00289      15.46012      1197.17908   
0.60976   15.58000  0.00289      15.49191      931.16146    
0.61087   15.61000  0.00289      15.52382      891.22162    
0.61162   15.66000  0.00289      15.54516      1582.61032   
0.61200   15.68000  0.00289      15.55585      1849.64925   
0.61275   15.68000  0.00289      15.57726      1266.54537   
0.61312   15.71000  0.00289      15.58799      1786.29154   
0.61387   15.73000  0.00289      15.60949      1742.76352   
0.61463   15.79000  0.00289      15.63104      3032.30793   
0.61576   15.80000  0.00289      15.66346      2237.20240   
0.61652   15.84000  0.00289      15.68514      2877.76279   
0.61728   15.86000  0.00289      15.70688      2813.63886   
0.61767   15.88000  0.00289      15.71776      3158.47948   
0.61767   15.90000  0.00289      15.71776      3985.21439   
0.61805   15.91000  0.00289      15.72866      3945.89977   
0.61881   15.92000  0.00289      15.75051      3447.32916   
0.61920   15.95000  0.00289      15.76145      4266.17573   
0.61996   15.96000  0.00289      15.78337      3743.65037   
0.62073   16.00000  0.00289      15.80535      4546.56667   
0.62150   15.99000  0.00289      15.82738      3173.25529   
0.62189   16.01000  0.00289      15.83842      3532.69743   
0.62228   16.02000  0.00289      15.84947      3489.55834   
0.62267   16.02000  0.00289      15.86054      3051.41336   
0.62305   16.02000  0.00289      15.87162      2642.15935   
0.62344   16.05000  0.00289      15.88271      3358.41095   
0.62422   16.04000  0.00289      15.90493      2189.15575   
0.62500   16.07000  0.00289      15.92721      2446.50815   
0.62539   16.07000  0.00289      15.93838      2078.96633   
0.62578   16.09000  0.00289      15.94955      2367.06979   
0.62617   16.09000  0.00289      15.96074      2004.92135   
0.62657   16.10000  0.00289      15.97195      1967.75628   
0.62696   16.11000  0.00289      15.98316      1930.51124   
0.62735   16.13000  0.00289      15.99439      2206.65004   
0.62735   16.13000  0.00289      15.99439      2206.65004   
0.62775   16.16000  0.00289      16.00564      2859.21424   
0.62854   16.17000  0.00289      16.02817      2413.72502   
0.62893   16.18000  0.00289      16.03946      2370.07241   
0.62972   16.21000  0.00289      16.06208      2625.55238   
0.63052   16.23000  0.00289      16.08476      2531.40155   
0.63131   16.26000  0.00289      16.10749      2791.02918   
0.63171   16.28000  0.00289      16.11888      3115.13100   
0.63251   16.29000  0.00289      16.14170      2639.12508   
0.63291   16.32000  0.00289      16.15313      3341.38256   
0.63371   16.34000  0.00289      16.17604      3225.98839   
0.63452   16.34000  0.00289      16.19900      2385.59311   
0.63532   16.38000  0.00289      16.22203      2994.65843   
0.63613   16.39000  0.00289      16.24511      2519.21801   
0.63694   16.43000  0.00289      16.26825      3139.59461   
0.63735   16.46000  0.00289      16.27984      3894.84088   
0.63776   16.43000  0.00289      16.29145      2303.56832   
0.63857   16.46000  0.00289      16.31471      2533.17915   
0.63939   16.48000  0.00289      16.33803      2418.78892   
0.64020   16.46000  0.00289      16.36140      1166.53529   
0.64103   16.49000  0.00289      16.38484      1326.97856   
0.64185   16.51000  0.00289      16.40834      1240.16016   
0.64267   16.55000  0.00289      16.43190      1673.74073   
0.64309   16.55000  0.00289      16.44370      1355.93593   
0.64350   16.54000  0.00289      16.45552      856.45959    
0.64392   16.60000  0.00289      16.46735      2111.50044   
0.64475   16.57000  0.00289      16.49106      747.75750    
0.64558   16.64000  0.00289      16.51483      1880.00724   
0.64641   16.63000  0.00289      16.53867      1001.01622   
0.64725   16.68000  0.00289      16.56256      1655.01415   
0.64809   16.68000  0.00289      16.58652      1048.65374   
0.64851   16.74000  0.00289      16.59852      2401.97908   
0.64893   16.70000  0.00289      16.61054      960.41999    
0.64977   16.77000  0.00289      16.63462      2199.35168   
0.65020   16.76000  0.00289      16.64668      1540.87290   
0.65104   16.79000  0.00289      16.67086      1703.34108   
0.65232   16.83000  0.00289      16.70724      1808.36954   
0.65359   16.85000  0.00289      16.74377      1354.28983   
0.65402   16.91000  0.00289      16.75597      2846.94475   
0.65445   16.92000  0.00289      16.76819      2765.37335   
0.65488   16.90000  0.00289      16.78043      1715.53485   
0.65574   16.90000  0.00289      16.80496      1083.93303   
0.65617   16.95000  0.00289      16.81725      2114.83595   
0.65703   16.94000  0.00289      16.84187      1155.58274   
0.65746   16.95000  0.00289      16.85420      1101.23513   
0.65789   16.94000  0.00289      16.86656      647.29725    
0.65833   16.95000  0.00289      16.87892      606.23208    
0.65876   16.99000  0.00289      16.89131      1168.83194   
0.65920   17.01000  0.00289      16.90371      1355.76607   
0.66007   17.03000  0.00289      16.92856      1234.86192   
0.66094   17.06000  0.00289      16.95347      1361.74423   
0.66181   17.05000  0.00289      16.97846      614.23577    
0.66313   17.08000  0.00289      17.01605      490.71730    
0.66401   17.13000  0.00289      17.04120      946.25086    
0.66489   17.16000  0.00289      17.06641      1050.98312   
0.66534   17.19000  0.00289      17.07905      1477.26034   
0.66667   17.21000  0.00289      17.11705      1036.85605   
0.66711   17.21000  0.00289      17.12975      772.88678    
0.66800   17.26000  0.00289      17.15520      1318.04582   
0.66845   17.28000  0.00289      17.16795      1506.68494   
0.66890   17.28000  0.00289      17.18072      1182.88301   
0.66979   17.32000  0.00289      17.20630      1551.23738   
0.67024   17.34000  0.00289      17.21912      1753.36338   
0.67114   17.35000  0.00289      17.24481      1327.71744   
0.67159   17.38000  0.00289      17.25768      1795.34262   
0.67204   17.36000  0.00289      17.27057      959.67422    
0.67249   17.41000  0.00289      17.28348      1920.93223   
0.67340   17.41000  0.00289      17.30934      1215.84891   
0.67385   17.40000  0.00289      17.32230      724.47965    
0.67431   17.42000  0.00289      17.33528      861.39581    
0.67522   17.45000  0.00289      17.36128      944.57907    
0.67568   17.43000  0.00289      17.37431      372.21020    
0.67659   17.46000  0.00289      17.40042      426.03559    
0.67705   17.50000  0.00289      17.41350      897.93948    
0.67797   17.51000  0.00289      17.43971      592.85001    
0.67843   17.52000  0.00289      17.45285      541.15589    
0.67935   17.56000  0.00289      17.47917      784.05080    
0.67981   17.58000  0.00289      17.49236      921.77113    
0.68027   17.59000  0.00289      17.50556      855.57090    
0.68120   17.62000  0.00289      17.53203      928.69314    
0.68166   17.63000  0.00289      17.54529      861.14098    
0.68259   17.62000  0.00289      17.57186      278.07430    
0.68306   17.66000  0.00289      17.58518      671.83413    
0.68399   17.69000  0.00289      17.61186      732.71635    
0.68446   17.69000  0.00289      17.62523      503.44484    
0.68493   17.74000  0.00289      17.63862      1233.45536   
0.68587   17.75000  0.00289      17.66545      857.93912    
0.68634   17.79000  0.00289      17.67889      1481.51031   
0.68729   17.81000  0.00289      17.70583      1302.21161   
0.68776   17.80000  0.00289      17.71933      780.99160    
0.68823   17.84000  0.00289      17.73284      1377.92086   
0.68823   17.84000  0.00289      17.73284      1377.92086   
0.68871   17.83000  0.00289      17.74638      839.11770    
0.68918   17.88000  0.00289      17.75993      1729.96495   
0.69013   17.91000  0.00289      17.78710      1812.65891   
0.69061   17.89000  0.00289      17.80071      956.81778    
0.69156   17.89000  0.00289      17.82798      461.54476    
0.69204   17.93000  0.00289      17.84165      936.71203    
0.69300   17.93000  0.00289      17.86904      445.95181    
0.69348   17.96000  0.00289      17.88276      715.87904    
0.69396   17.94000  0.00289      17.89650      227.01915    
0.69493   17.99000  0.00289      17.92405      521.97155    
0.69541   18.00000  0.00289      17.93785      463.55654    
0.69589   18.02000  0.00289      17.95167      560.33886    
0.69638   18.04000  0.00289      17.96550      665.94578    
0.69735   18.04000  0.00289      17.99324      262.38674    
0.69784   18.08000  0.00289      18.00714      637.10410    
0.69832   18.09000  0.00289      18.02105      570.46734    
0.69930   18.10000  0.00289      18.04894      312.83719    
0.69930   18.14000  0.00289      18.04894      994.99938    
0.69979   18.15000  0.00289      18.06292      910.04145    
0.70028   18.14000  0.00289      18.07691      477.64945    
0.70126   18.18000  0.00289      18.10496      675.79226    
0.70175   18.19000  0.00289      18.11901      604.77050    
0.70225   18.21000  0.00289      18.13308      709.97862    
0.70274   18.23000  0.00289      18.14717      823.22595    
0.70373   18.26000  0.00289      18.17542      858.50061    
0.70472   18.28000  0.00289      18.20374      697.84553    
0.70522   18.31000  0.00289      18.21793      1017.15597   
0.70572   18.32000  0.00289      18.23215      926.21968    
0.70621   18.33000  0.00289      18.24638      839.13799    
0.70671   18.34000  0.00289      18.26063      755.97125    
0.70771   18.34000  0.00289      18.28919      309.75540    
0.70822   18.35000  0.00289      18.30351      259.40093    
0.70872   18.36000  0.00289      18.31784      213.30485    
0.70972   18.37000  0.00289      18.34657      65.89831     
0.71023   18.41000  0.00289      18.36096      288.59013    
0.71124   18.41000  0.00289      18.38981      48.91849     
0.71174   18.44000  0.00289      18.40427      153.23787    
0.71276   18.46000  0.00289      18.43324      85.94425     
0.71327   18.46000  0.00289      18.44776      17.99130     
0.71378   18.50000  0.00289      18.46229      170.61178    
0.71480   18.52000  0.00289      18.49143      97.93269     
0.71480   18.54000  0.00289      18.49143      283.05701    
0.71531   18.57000  0.00289      18.50603      491.01225    
0.71582   18.57000  0.00289      18.52065      292.19624    
0.71633   18.59000  0.00289      18.53530      359.08914    
0.71685   18.61000  0.00289      18.54996      432.56822    
0.71736   18.62000  0.00289      18.56465      367.70026    
0.71788   18.64000  0.00289      18.57935      441.40109    
0.71839   18.67000  0.00289      18.59408      691.70923    
0.71942   18.69000  0.00289      18.62359      529.16444    
0.72046   18.74000  0.00289      18.65320      904.18212    
0.72150   18.76000  0.00289      18.68288      713.62545    
0.72202   18.77000  0.00289      18.69776      626.23584    
0.72254   18.79000  0.00289      18.71266      717.82709    
0.72359   18.80000  0.00289      18.74252      396.51828    
0.72411   18.81000  0.00289      18.75748      331.01503    
0.72464   18.86000  0.00289      18.77246      919.53072    
0.72569   18.84000  0.00289      18.80250      168.78785    
0.72622   18.86000  0.00289      18.81754      216.29133    
0.72674   18.90000  0.00289      18.83262      544.87140    
0.72727   18.90000  0.00289      18.84771      328.12115    
0.72833   18.93000  0.00289      18.87796      324.96694    
0.72886   18.94000  0.00289      18.89312      263.72765    
0.72993   18.96000  0.00289      18.92350      159.83038    
0.73099   18.98000  0.00289      18.95398      81.25830     
0.73153   18.99000  0.00289      18.96925      51.67773     
0.73206   19.02000  0.00289      18.98454      150.88595    
0.73260   19.04000  0.00289      18.99986      193.39194    
0.73314   19.06000  0.00289      19.01519      240.92450    
0.73314   19.09000  0.00289      19.01519      671.53787    
0.73368   19.07000  0.00289      19.03055      186.73346    
0.73421   19.08000  0.00289      19.04593      139.25260    
0.73475   19.14000  0.00289      19.06134      742.49168    
0.73584   19.15000  0.00289      19.09222      400.65448    
0.73638   19.16000  0.00289      19.10769      328.34957    
0.73746   19.21000  0.00289      19.13871      609.94839    
0.73855   19.24000  0.00289      19.16981      591.16598    
0.73964   19.27000  0.00289      19.20101      571.15248    
0.74019   19.30000  0.00289      19.21664      833.78847    
0.74074   19.30000  0.00289      19.23230      549.98065    
0.74184   19.32000  0.00289      19.26368      380.57259    
0.74294   19.33000  0.00289      19.29516      145.64782    
0.74349   19.35000  0.00289      19.31093      183.12999    
0.74460   19.37000  0.00289      19.34255      90.40427     
0.74571   19.38000  0.00289      19.37426      3.94780      
0.74627   19.41000  0.00289      19.39016      47.25545     
0.74683   19.43000  0.00289      19.40607      68.71231     
0.74738   19.43000  0.00289      19.42201      7.66112      
0.74738   19.47000  0.00289      19.42201      276.36668    
0.74850   19.50000  0.00289      19.45396      254.36923    
0.74906   19.52000  0.00289      19.46997      300.36047    
0.74963   19.56000  0.00289      19.48600      657.03801    
0.75075   19.58000  0.00289      19.51815      459.10802    
0.75075   19.59000  0.00289      19.51815      619.55729    
0.75188   19.62000  0.00289      19.55038      581.56103    
0.75245   19.65000  0.00289      19.56654      835.87246    
0.75358   19.66000  0.00289      19.59892      447.63606    
0.75415   19.66000  0.00289      19.61515      241.35631    
0.75472   19.71000  0.00289      19.63141      741.24986    
0.75586   19.74000  0.00289      19.66399      693.38339    
0.75643   19.74000  0.00289      19.68031      427.51149    
0.75700   19.77000  0.00289      19.69666      645.37692    
0.75758   19.80000  0.00289      19.71304      907.43164    
0.75815   19.79000  0.00289      19.72944      440.07372    
0.75873   19.81000  0.00289      19.74587      493.54823    
0.75930   19.82000  0.00289      19.76232      399.24891    
0.75988   19.83000  0.00289      19.77880      314.63032    
0.76104   19.84000  0.00289      19.81182      95.27466     
0.76161   19.86000  0.00289      19.82837      120.02259    
0.76220   19.89000  0.00289      19.84495      243.53011    
0.76278   19.89000  0.00289      19.86155      97.10833     
0.76336   19.91000  0.00289      19.87818      121.49954    
0.76394   19.93000  0.00289      19.89483      148.40624    
0.76453   19.95000  0.00289      19.91151      177.76665    
0.76570   19.97000  0.00289      19.94494      75.33515     

Gradi di liberta = 613
Chi-quadro = 1063599.832399543
p-value = 0.0
Errore a posteriori = 0.12025

Test ipotesi funzione costante_______________________________
Gradi di Liberta' = 613
t = 625.5728195624459
p-value = 0.0

Test ipotesi compatibilità misure____________________________
x         y         sy           y_media_p     Chi-quadro   
0.37651   9.01000   0.00289      14.18224      3210252.83836
0.37750   9.03000   0.00289      14.18224      3185474.06763
0.37836   9.05000   0.00289      14.18224      3160791.29689
0.37922   9.08000   0.00289      14.18224      3123947.14080
0.38023   9.09000   0.00289      14.18224      3111713.75543
0.38110   9.10000   0.00289      14.18224      3099504.37007
0.38168   9.13000   0.00289      14.18224      3063020.21397
0.38256   9.17000   0.00289      14.18224      3014710.67250
0.38344   9.15000   0.00289      14.18224      3038817.44324
0.38388   9.18000   0.00289      14.18224      3002693.28714
0.38432   9.19000   0.00289      14.18224      2990699.90177
0.38506   9.18000   0.00289      14.18224      3002693.28714
0.38565   9.20000   0.00289      14.18224      2978730.51641
0.38595   9.24000   0.00289      14.18224      2931092.97494
0.38580   9.22000   0.00289      14.18224      2954863.74568
0.38595   9.21000   0.00289      14.18224      2966785.13104
0.38625   9.24000   0.00289      14.18224      2931092.97494
0.38640   9.22000   0.00289      14.18224      2954863.74568
0.38670   9.27000   0.00289      14.18224      2895616.81885
0.38715   9.21000   0.00289      14.18224      2966785.13104
0.38745   9.29000   0.00289      14.18224      2872086.04811
0.38835   9.29000   0.00289      14.18224      2872086.04811
0.38911   9.31000   0.00289      14.18224      2848651.27738
0.38926   9.30000   0.00289      14.18224      2860356.66275
0.38986   9.32000   0.00289      14.18224      2836969.89202
0.39032   9.36000   0.00289      14.18224      2790484.35055
0.39078   9.37000   0.00289      14.18224      2778922.96519
0.39124   9.38000   0.00289      14.18224      2767385.57982
0.39216   9.39000   0.00289      14.18224      2755872.19446
0.39293   9.42000   0.00289      14.18224      2721476.03836
0.39355   9.43000   0.00289      14.18224      2710058.65299
0.39417   9.45000   0.00289      14.18224      2687295.88226
0.39494   9.48000   0.00289      14.18224      2653331.72616
0.39557   9.51000   0.00289      14.18224      2619583.57007
0.39604   9.53000   0.00289      14.18224      2597204.79933
0.39635   9.50000   0.00289      14.18224      2630808.95543
0.39698   9.54000   0.00289      14.18224      2586051.41397
0.39746   9.55000   0.00289      14.18224      2574922.02860
0.39809   9.55000   0.00289      14.18224      2574922.02860
0.39857   9.59000   0.00289      14.18224      2530644.48714
0.39904   9.60000   0.00289      14.18224      2519635.10177
0.39952   9.59000   0.00289      14.18224      2530644.48714
0.39984   9.63000   0.00289      14.18224      2486750.94568
0.40016   9.59000   0.00289      14.18224      2530644.48714
0.40080   9.63000   0.00289      14.18224      2486750.94568
0.40145   9.64000   0.00289      14.18224      2475837.56031
0.40193   9.64000   0.00289      14.18224      2475837.56031
0.40241   9.62000   0.00289      14.18224      2497688.33104
0.40274   9.68000   0.00289      14.18224      2432424.01885
0.40339   9.70000   0.00289      14.18224      2410861.24811
0.40388   9.71000   0.00289      14.18224      2400115.86275
0.40437   9.67000   0.00289      14.18224      2443241.40421
0.40502   9.71000   0.00289      14.18224      2400115.86275
0.40552   9.75000   0.00289      14.18224      2357374.32128
0.40601   9.73000   0.00289      14.18224      2378697.09202
0.40667   9.80000   0.00289      14.18224      2304487.39446
0.40700   9.85000   0.00289      14.18224      2252200.46763
0.40733   9.83000   0.00289      14.18224      2273043.23836
0.40783   9.84000   0.00289      14.18224      2262609.85299
0.40833   9.87000   0.00289      14.18224      2231453.69689
0.40883   9.89000   0.00289      14.18224      2210802.92616
0.40950   9.91000   0.00289      14.18224      2190248.15543
0.41000   9.91000   0.00289      14.18224      2190248.15543
0.41068   9.89000   0.00289      14.18224      2210802.92616
0.41135   9.85000   0.00289      14.18224      2252200.46763
0.41203   9.90000   0.00289      14.18224      2200513.54080
0.41254   9.97000   0.00289      14.18224      2129159.84324
0.41322   9.98000   0.00289      14.18224      2119062.45787
0.41408   9.98000   0.00289      14.18224      2119062.45787
0.41477   10.05000  0.00289      14.18224      2049052.76031
0.41511   9.99000   0.00289      14.18224      2108989.07250
0.41563   10.04000  0.00289      14.18224      2058982.14568
0.41632   10.07000  0.00289      14.18224      2029265.98958
0.41701   10.00000  0.00289      14.18224      2098939.68714
0.41754   10.08000  0.00289      14.18224      2019408.60421
0.41824   10.09000  0.00289      14.18224      2009575.21885
0.41859   10.04000  0.00289      14.18224      2058982.14568
0.41894   10.09000  0.00289      14.18224      2009575.21885
0.41946   10.06000  0.00289      14.18224      2039147.37494
0.42017   10.11000  0.00289      14.18224      1989980.44811
0.42070   10.15000  0.00289      14.18224      1951078.90665
0.42123   10.12000  0.00289      14.18224      1980219.06275
0.42194   10.20000  0.00289      14.18224      1902991.97982
0.42248   10.17000  0.00289      14.18224      1931772.13592
0.42301   10.18000  0.00289      14.18224      1922154.75055
0.42355   10.22000  0.00289      14.18224      1883925.20909
0.42391   10.25000  0.00289      14.18224      1855505.05299
0.42463   10.27000  0.00289      14.18224      1836678.28226
0.42499   10.27000  0.00289      14.18224      1836678.28226
0.42553   10.27000  0.00289      14.18224      1836678.28226
0.42589   10.29000  0.00289      14.18224      1817947.51153
0.42644   10.34000  0.00289      14.18224      1771540.58470
0.42699   10.33000  0.00289      14.18224      1780773.97007
0.42753   10.31000  0.00289      14.18224      1799312.74080
0.42827   10.37000  0.00289      14.18224      1743984.42860
0.42918   10.38000  0.00289      14.18224      1734847.04324
0.43011   10.45000  0.00289      14.18224      1671557.34568
0.43066   10.39000  0.00289      14.18224      1725733.65787
0.43103   10.45000  0.00289      14.18224      1671557.34568
0.43159   10.49000  0.00289      14.18224      1635919.80421
0.43215   10.47000  0.00289      14.18224      1653690.57494
0.43271   10.48000  0.00289      14.18224      1644793.18958
0.43328   10.55000  0.00289      14.18224      1583183.49202
0.43384   10.49000  0.00289      14.18224      1635919.80421
0.43440   10.46000  0.00289      14.18224      1662611.96031
0.43497   10.49000  0.00289      14.18224      1635919.80421
0.43535   10.62000  0.00289      14.18224      1522749.79446
0.43592   10.50000  0.00289      14.18224      1627070.41885
0.43630   10.61000  0.00289      14.18224      1531311.17982
0.43687   10.47000  0.00289      14.18224      1653690.57494
0.43725   10.58000  0.00289      14.18224      1557139.33592
0.43783   10.55000  0.00289      14.18224      1583183.49202
0.43821   10.55000  0.00289      14.18224      1583183.49202
0.43879   10.65000  0.00289      14.18224      1497209.63836
0.43937   10.70000  0.00289      14.18224      1455122.71153
0.43995   10.62000  0.00289      14.18224      1522749.79446
0.44053   10.67000  0.00289      14.18224      1480302.86763
0.44092   10.72000  0.00289      14.18224      1438455.94080
0.44150   10.70000  0.00289      14.18224      1455122.71153
0.44209   10.72000  0.00289      14.18224      1438455.94080
0.44267   10.76000  0.00289      14.18224      1405410.39933
0.44326   10.74000  0.00289      14.18224      1421885.17007
0.44366   10.71000  0.00289      14.18224      1446777.32616
0.44425   10.75000  0.00289      14.18224      1413635.78470
0.44524   10.82000  0.00289      14.18224      1356562.08714
0.44603   10.84000  0.00289      14.18224      1340471.31641
0.44683   10.87000  0.00289      14.18224      1316515.16031
0.44763   10.76000  0.00289      14.18224      1405410.39933
0.44863   10.88000  0.00289      14.18224      1308577.77494
0.44924   10.98000  0.00289      14.18224      1230523.92128
0.45005   10.96000  0.00289      14.18224      1245942.69202
0.45086   10.99000  0.00289      14.18224      1222850.53592
0.45147   10.90000  0.00289      14.18224      1292775.00421
0.45208   10.95000  0.00289      14.18224      1253688.07738
0.45269   11.03000  0.00289      14.18224      1192396.99446
0.45331   10.92000  0.00289      14.18224      1277068.23348
0.45393   11.00000  0.00289      14.18224      1215201.15055
0.45434   10.99000  0.00289      14.18224      1222850.53592
0.45496   11.04000  0.00289      14.18224      1184843.60909
0.45558   11.02000  0.00289      14.18224      1199974.37982
0.45620   11.06000  0.00289      14.18224      1169808.83836
0.45704   11.06000  0.00289      14.18224      1169808.83836
0.45746   11.15000  0.00289      14.18224      1103340.37007
0.45788   11.10000  0.00289      14.18224      1140027.29689
0.45830   11.15000  0.00289      14.18224      1103340.37007
0.45872   11.14000  0.00289      14.18224      1110629.75543
0.45914   11.19000  0.00289      14.18224      1074422.82860
0.45977   11.30000  0.00289      14.18224      996879.58958 
0.46019   11.14000  0.00289      14.18224      1110629.75543
0.46062   11.11000  0.00289      14.18224      1132641.91153
0.46104   11.28000  0.00289      14.18224      1010762.36031
0.46147   11.26000  0.00289      14.18224      1024741.13104
0.46211   11.33000  0.00289      14.18224      976235.43348 
0.46275   11.33000  0.00289      14.18224      976235.43348 
0.46339   11.33000  0.00289      14.18224      976235.43348 
0.46425   11.42000  0.00289      14.18224      915598.96519 
0.46468   11.41000  0.00289      14.18224      922240.35055 
0.46490   11.35000  0.00289      14.18224      962592.66275 
0.46533   11.30000  0.00289      14.18224      996879.58958 
0.46598   11.27000  0.00289      14.18224      1017739.74568
0.46664   11.49000  0.00289      14.18224      869781.26763 
0.46729   11.43000  0.00289      14.18224      908981.57982 
0.46795   11.39000  0.00289      14.18224      935595.12128 
0.46860   11.35000  0.00289      14.18224      962592.66275 
0.46904   11.41000  0.00289      14.18224      922240.35055 
0.46948   11.54000  0.00289      14.18224      837774.34080 
0.46992   11.52000  0.00289      14.18224      850505.11153 
0.47037   11.53000  0.00289      14.18224      844127.72616 
0.47081   11.48000  0.00289      14.18224      876254.65299 
0.47125   11.47000  0.00289      14.18224      882752.03836 
0.47170   11.50000  0.00289      14.18224      863331.88226 
0.47237   11.59000  0.00289      14.18224      806367.41397 
0.47304   11.43000  0.00289      14.18224      908981.57982 
0.47326   11.51000  0.00289      14.18224      856906.49689 
0.47348   11.55000  0.00289      14.18224      831444.95543 
0.47371   11.47000  0.00289      14.18224      882752.03836 
0.47416   11.55000  0.00289      14.18224      831444.95543 
0.47461   11.65000  0.00289      14.18224      769471.10177 
0.47506   11.55000  0.00289      14.18224      831444.95543 
0.47551   11.63000  0.00289      14.18224      781673.87250 
0.47619   11.66000  0.00289      14.18224      763405.71641 
0.47664   11.56000  0.00289      14.18224      825139.57007 
0.47733   11.67000  0.00289      14.18224      757364.33104 
0.47778   11.74000  0.00289      14.18224      715746.63348 
0.47824   11.73000  0.00289      14.18224      721620.01885 
0.47893   11.77000  0.00289      14.18224      698270.47738 
0.47962   11.79000  0.00289      14.18224      686739.70665 
0.48054   11.85000  0.00289      14.18224      652723.39446 
0.48123   11.79000  0.00289      14.18224      686739.70665 
0.48216   11.79000  0.00289      14.18224      686739.70665 
0.48286   11.79000  0.00289      14.18224      686739.70665 
0.48333   11.79000  0.00289      14.18224      686739.70665 
0.48403   11.80000  0.00289      14.18224      681010.32128 
0.48450   11.85000  0.00289      14.18224      652723.39446 
0.48520   11.85000  0.00289      14.18224      652723.39446 
0.48567   11.82000  0.00289      14.18224      669623.55055 
0.48638   11.87000  0.00289      14.18224      641576.62372 
0.48685   11.80000  0.00289      14.18224      681010.32128 
0.48733   11.83000  0.00289      14.18224      663966.16519 
0.48780   11.88000  0.00289      14.18224      636039.23836 
0.48852   11.92000  0.00289      14.18224      614129.69689 
0.48900   12.04000  0.00289      14.18224      550705.07250 
0.48948   12.02000  0.00289      14.18224      561035.84324 
0.48996   11.93000  0.00289      14.18224      608712.31153 
0.49020   11.95000  0.00289      14.18224      597949.54080 
0.49068   11.89000  0.00289      14.18224      630525.85299 
0.49140   12.02000  0.00289      14.18224      561035.84324 
0.49188   11.96000  0.00289      14.18224      592604.15543 
0.49237   11.99000  0.00289      14.18224      576711.99933 
0.49285   12.17000  0.00289      14.18224      485895.06275 
0.49358   11.98000  0.00289      14.18224      581985.38470 
0.49407   12.05000  0.00289      14.18224      545575.68714 
0.49456   12.19000  0.00289      14.18224      476284.29202 
0.49554   12.21000  0.00289      14.18224      466769.52128 
0.49628   12.18000  0.00289      14.18224      481077.67738 
0.49727   12.13000  0.00289      14.18224      505404.60421 
0.49801   12.31000  0.00289      14.18224      420635.66763 
0.49875   12.27000  0.00289      14.18224      438801.20909 
0.49950   12.22000  0.00289      14.18224      462048.13592 
0.50025   12.29000  0.00289      14.18224      429670.43836 
0.50100   12.44000  0.00289      14.18224      364249.65787 
0.50150   12.41000  0.00289      14.18224      376901.81397 
0.50201   12.26000  0.00289      14.18224      443402.59446 
0.50251   12.23000  0.00289      14.18224      457350.75055 
0.50302   12.22000  0.00289      14.18224      462048.13592 
0.50352   12.40000  0.00289      14.18224      381167.19933 
0.50429   12.46000  0.00289      14.18224      355934.88714 
0.50531   12.29000  0.00289      14.18224      429670.43836 
0.50633   12.32000  0.00289      14.18224      416154.28226 
0.50684   12.32000  0.00289      14.18224      416154.28226 
0.50736   12.44000  0.00289      14.18224      364249.65787 
0.50839   12.52000  0.00289      14.18224      331566.57494 
0.50916   12.37000  0.00289      14.18224      394107.35543 
0.50942   12.61000  0.00289      14.18224      296634.10665 
0.50968   12.45000  0.00289      14.18224      360080.27250 
0.51020   12.41000  0.00289      14.18224      376901.81397 
0.51046   12.57000  0.00289      14.18224      311919.64811 
0.51073   12.64000  0.00289      14.18224      285421.95055 
0.51151   12.58000  0.00289      14.18224      308062.26275 
0.51230   12.58000  0.00289      14.18224      308062.26275 
0.51282   12.54000  0.00289      14.18224      323635.80421 
0.51361   12.57000  0.00289      14.18224      311919.64811 
0.51440   12.74000  0.00289      14.18224      249608.09689 
0.51520   12.69000  0.00289      14.18224      267215.02372 
0.51573   12.67000  0.00289      14.18224      274425.79446 
0.51653   12.65000  0.00289      14.18224      281732.56519 
0.51733   12.66000  0.00289      14.18224      278067.17982 
0.51813   12.80000  0.00289      14.18224      229271.78470 
0.51921   12.76000  0.00289      14.18224      242733.32616 
0.51975   12.74000  0.00289      14.18224      249608.09689 
0.52029   12.80000  0.00289      14.18224      229271.78470 
0.52138   12.78000  0.00289      14.18224      235954.55543 
0.52274   12.80000  0.00289      14.18224      229271.78470 
0.52356   12.92000  0.00289      14.18224      191191.16031 
0.52411   12.87000  0.00289      14.18224      206638.08714 
0.52466   12.90000  0.00289      14.18224      197297.93104 
0.52493   12.86000  0.00289      14.18224      209799.47250 
0.52549   12.82000  0.00289      14.18224      222685.01397 
0.52604   12.92000  0.00289      14.18224      191191.16031 
0.52632   12.88000  0.00289      14.18224      203500.70177 
0.52687   12.95000  0.00289      14.18224      182211.00421 
0.52743   13.07000  0.00289      14.18224      148450.37982 
0.52798   13.00000  0.00289      14.18224      167724.07738 
0.52854   12.97000  0.00289      14.18224      176344.23348 
0.52882   13.03000  0.00289      14.18224      159319.92128 
0.52910   13.11000  0.00289      14.18224      137964.83836 
0.52994   13.13000  0.00289      14.18224      132866.06763 
0.53079   13.02000  0.00289      14.18224      162097.30665 
0.53191   13.06000  0.00289      14.18224      151131.76519 
0.53248   13.15000  0.00289      14.18224      127863.29689 
0.53362   13.18000  0.00289      14.18224      120539.14080 
0.53476   13.18000  0.00289      14.18224      120539.14080 
0.53533   13.27000  0.00289      14.18224      99862.67250  
0.53591   13.29000  0.00289      14.18224      95531.90177  
0.53648   13.28000  0.00289      14.18224      97685.28714  
0.53763   13.32000  0.00289      14.18224      89215.74568  
0.53879   13.33000  0.00289      14.18224      87158.36031  
0.53937   13.32000  0.00289      14.18224      89215.74568  
0.54025   13.33000  0.00289      14.18224      87158.36031  
0.54113   13.41000  0.00289      14.18224      71563.27738  
0.54171   13.31000  0.00289      14.18224      91297.13104  
0.54289   13.37000  0.00289      14.18224      79168.81885  
0.54318   13.42000  0.00289      14.18224      69721.89202  
0.54348   13.40000  0.00289      14.18224      73428.66275  
0.54407   13.40000  0.00289      14.18224      73428.66275  
0.54496   13.40000  0.00289      14.18224      73428.66275  
0.54555   13.54000  0.00289      14.18224      49497.26763  
0.54645   13.56000  0.00289      14.18224      46462.49689  
0.54705   13.45000  0.00289      14.18224      64341.73592  
0.54765   13.51000  0.00289      14.18224      54229.42372  
0.54825   13.60000  0.00289      14.18224      40680.95543  
0.54885   13.54000  0.00289      14.18224      49497.26763  
0.54975   13.63000  0.00289      14.18224      36596.79933  
0.55036   13.61000  0.00289      14.18224      39295.57007  
0.55127   13.61000  0.00289      14.18224      39295.57007  
0.55218   13.67000  0.00289      14.18224      31487.25787  
0.55279   13.67000  0.00289      14.18224      31487.25787  
0.55340   13.70000  0.00289      14.18224      27907.10177  
0.55432   13.72000  0.00289      14.18224      25640.33104  
0.55494   13.67000  0.00289      14.18224      31487.25787  
0.55556   13.78000  0.00289      14.18224      19416.01885  
0.55617   13.69000  0.00289      14.18224      29076.48714  
0.55679   13.78000  0.00289      14.18224      19416.01885  
0.55741   13.79000  0.00289      14.18224      18462.63348  
0.55804   13.77000  0.00289      14.18224      20393.40421  
0.55835   13.82000  0.00289      14.18224      15746.47738  
0.55991   13.82000  0.00289      14.18224      15746.47738  
0.56054   13.89000  0.00289      14.18224      10248.77982  
0.56117   13.86000  0.00289      14.18224      12460.93592  
0.56243   13.85000  0.00289      14.18224      13246.32128  
0.56275   13.90000  0.00289      14.18224      9559.39446   
0.56338   13.95000  0.00289      14.18224      6472.46763   
0.56402   14.05000  0.00289      14.18224      2098.61397   
0.56465   14.01000  0.00289      14.18224      3560.15543   
0.56561   14.03000  0.00289      14.18224      2781.38470   
0.56625   14.01000  0.00289      14.18224      3560.15543   
0.56721   13.98000  0.00289      14.18224      4908.31153   
0.56818   14.07000  0.00289      14.18224      1511.84324   
0.56915   14.09000  0.00289      14.18224      1021.07250   
0.56980   14.09000  0.00289      14.18224      1021.07250   
0.57045   14.10000  0.00289      14.18224      811.68714    
0.57110   14.19000  0.00289      14.18224      7.21885      
0.57241   14.15000  0.00289      14.18224      124.76031    
0.57307   14.14000  0.00289      14.18224      214.14568    
0.57339   14.21000  0.00289      14.18224      92.44811     
0.57372   14.23000  0.00289      14.18224      273.67738    
0.57504   14.21000  0.00289      14.18224      92.44811     
0.57604   14.29000  0.00289      14.18224      1393.36519   
0.57703   14.32000  0.00289      14.18224      2277.20909   
0.57803   14.32000  0.00289      14.18224      2277.20909   
0.57870   14.33000  0.00289      14.18224      2619.82372   
0.57937   14.43000  0.00289      14.18224      7365.97007   
0.58005   14.41000  0.00289      14.18224      6224.74080   
0.58072   14.47000  0.00289      14.18224      9936.42860   
0.58140   14.52000  0.00289      14.18224      13689.50177  
0.58241   14.49000  0.00289      14.18224      11365.65787  
0.58309   14.58000  0.00289      14.18224      18985.18958  
0.58411   14.64000  0.00289      14.18224      25144.87738  
0.58480   14.63000  0.00289      14.18224      24058.26275  
0.58548   14.67000  0.00289      14.18224      28548.72128  
0.58582   14.68000  0.00289      14.18224      29731.33592  
0.58617   14.67000  0.00289      14.18224      28548.72128  
0.58685   14.73000  0.00289      14.18224      36004.40909  
0.58720   14.67000  0.00289      14.18224      28548.72128  
0.58789   14.74000  0.00289      14.18224      37331.02372  
0.58858   14.77000  0.00289      14.18224      41454.86763  
0.58893   14.74000  0.00289      14.18224      37331.02372  
0.58962   14.79000  0.00289      14.18224      44324.09689  
0.59032   14.79000  0.00289      14.18224      44324.09689  
0.59067   14.75000  0.00289      14.18224      38681.63836  
0.59102   14.84000  0.00289      14.18224      51917.17007  
0.59172   14.83000  0.00289      14.18224      50350.55543  
0.59277   14.88000  0.00289      14.18224      58423.62860  
0.59347   14.93000  0.00289      14.18224      67096.70177  
0.59418   14.92000  0.00289      14.18224      65314.08714  
0.59453   14.97000  0.00289      14.18224      74467.16031  
0.59488   15.01000  0.00289      14.18224      82221.61885  
0.59559   14.96000  0.00289      14.18224      72588.54568  
0.59595   15.07000  0.00289      14.18224      94573.30665  
0.59666   15.08000  0.00289      14.18224      96715.92128  
0.59737   15.12000  0.00289      14.18224      105526.37982 
0.59773   15.13000  0.00289      14.18224      107788.99446 
0.59844   15.14000  0.00289      14.18224      110075.60909 
0.59952   15.20000  0.00289      14.18224      124299.29689 
0.60024   15.24000  0.00289      14.18224      134261.75543 
0.60096   15.25000  0.00289      14.18224      136812.37007 
0.60168   15.29000  0.00289      14.18224      147254.82860 
0.60205   15.31000  0.00289      14.18224      152620.05787 
0.60314   15.35000  0.00289      14.18224      163638.51641 
0.60386   15.38000  0.00289      14.18224      172154.36031 
0.60496   15.39000  0.00289      14.18224      175040.97494 
0.60569   15.44000  0.00289      14.18224      189834.04811 
0.60680   15.50000  0.00289      14.18224      208377.73592 
0.60753   15.52000  0.00289      14.18224      214750.96519 
0.60790   15.54000  0.00289      14.18224      221220.19446 
0.60864   15.56000  0.00289      14.18224      227785.42372 
0.60976   15.58000  0.00289      14.18224      234446.65299 
0.61087   15.61000  0.00289      14.18224      244618.49689 
0.61162   15.66000  0.00289      14.18224      262051.57007 
0.61200   15.68000  0.00289      14.18224      269192.79933 
0.61275   15.68000  0.00289      14.18224      269192.79933 
0.61312   15.71000  0.00289      14.18224      280084.64324 
0.61387   15.73000  0.00289      14.18224      287465.87250 
0.61463   15.79000  0.00289      14.18224      310185.56031 
0.61576   15.80000  0.00289      14.18224      314056.17494 
0.61652   15.84000  0.00289      14.18224      329778.63348 
0.61728   15.86000  0.00289      14.18224      337783.86275 
0.61767   15.88000  0.00289      14.18224      345885.09202 
0.61767   15.90000  0.00289      14.18224      354082.32128 
0.61805   15.91000  0.00289      14.18224      358216.93592 
0.61881   15.92000  0.00289      14.18224      362375.55055 
0.61920   15.95000  0.00289      14.18224      374995.39446 
0.61996   15.96000  0.00289      14.18224      379250.00909 
0.62073   16.00000  0.00289      14.18224      396508.46763 
0.62150   15.99000  0.00289      14.18224      392157.85299 
0.62189   16.01000  0.00289      14.18224      400883.08226 
0.62228   16.02000  0.00289      14.18224      405281.69689 
0.62267   16.02000  0.00289      14.18224      405281.69689 
0.62305   16.02000  0.00289      14.18224      405281.69689 
0.62344   16.05000  0.00289      14.18224      418621.54080 
0.62422   16.04000  0.00289      14.18224      414150.92616 
0.62500   16.07000  0.00289      14.18224      427634.77007 
0.62539   16.07000  0.00289      14.18224      427634.77007 
0.62578   16.09000  0.00289      14.18224      436743.99933 
0.62617   16.09000  0.00289      14.18224      436743.99933 
0.62657   16.10000  0.00289      14.18224      441334.61397 
0.62696   16.11000  0.00289      14.18224      445949.22860 
0.62735   16.13000  0.00289      14.18224      455250.45787 
0.62735   16.13000  0.00289      14.18224      455250.45787 
0.62775   16.16000  0.00289      14.18224      469382.30177 
0.62854   16.17000  0.00289      14.18224      474140.91641 
0.62893   16.18000  0.00289      14.18224      478923.53104 
0.62972   16.21000  0.00289      14.18224      493415.37494 
0.63052   16.23000  0.00289      14.18224      503196.60421 
0.63131   16.26000  0.00289      14.18224      518048.44811 
0.63171   16.28000  0.00289      14.18224      528069.67738 
0.63251   16.29000  0.00289      14.18224      533116.29202 
0.63291   16.32000  0.00289      14.18224      548400.13592 
0.63371   16.34000  0.00289      14.18224      558709.36519 
0.63452   16.34000  0.00289      14.18224      558709.36519 
0.63532   16.38000  0.00289      14.18224      579615.82372 
0.63613   16.39000  0.00289      14.18224      584902.43836 
0.63694   16.43000  0.00289      14.18224      606288.89689 
0.63735   16.46000  0.00289      14.18224      622580.74080 
0.63776   16.43000  0.00289      14.18224      606288.89689 
0.63857   16.46000  0.00289      14.18224      622580.74080 
0.63939   16.48000  0.00289      14.18224      633561.97007 
0.64020   16.46000  0.00289      14.18224      622580.74080 
0.64103   16.49000  0.00289      14.18224      639088.58470 
0.64185   16.51000  0.00289      14.18224      650213.81397 
0.64267   16.55000  0.00289      14.18224      672752.27250 
0.64309   16.55000  0.00289      14.18224      672752.27250 
0.64350   16.54000  0.00289      14.18224      667081.65787 
0.64392   16.60000  0.00289      14.18224      701465.34568 
0.64475   16.57000  0.00289      14.18224      684165.50177 
0.64558   16.64000  0.00289      14.18224      724867.80421 
0.64641   16.63000  0.00289      14.18224      718981.18958 
0.64725   16.68000  0.00289      14.18224      748654.26275 
0.64809   16.68000  0.00289      14.18224      748654.26275 
0.64851   16.74000  0.00289      14.18224      785053.95055 
0.64893   16.70000  0.00289      14.18224      760691.49202 
0.64977   16.77000  0.00289      14.18224      803577.79446 
0.65020   16.76000  0.00289      14.18224      797379.17982 
0.65104   16.79000  0.00289      14.18224      816047.02372 
0.65232   16.83000  0.00289      14.18224      841273.48226 
0.65359   16.85000  0.00289      14.18224      854030.71153 
0.65402   16.91000  0.00289      14.18224      892878.39933 
0.65445   16.92000  0.00289      14.18224      899437.01397 
0.65488   16.90000  0.00289      14.18224      886343.78470 
0.65574   16.90000  0.00289      14.18224      886343.78470 
0.65617   16.95000  0.00289      14.18224      919256.85787 
0.65703   16.94000  0.00289      14.18224      912626.24324 
0.65746   16.95000  0.00289      14.18224      919256.85787 
0.65789   16.94000  0.00289      14.18224      912626.24324 
0.65833   16.95000  0.00289      14.18224      919256.85787 
0.65876   16.99000  0.00289      14.18224      946019.31641 
0.65920   17.01000  0.00289      14.18224      959544.54568 
0.66007   17.03000  0.00289      14.18224      973165.77494 
0.66094   17.06000  0.00289      14.18224      993777.61885 
0.66181   17.05000  0.00289      14.18224      986883.00421 
0.66313   17.08000  0.00289      14.18224      1007638.84811
0.66401   17.13000  0.00289      14.18224      1042711.92128
0.66489   17.16000  0.00289      14.18224      1064043.76519
0.66534   17.19000  0.00289      14.18224      1085591.60909
0.66667   17.21000  0.00289      14.18224      1100076.83836
0.66711   17.21000  0.00289      14.18224      1100076.83836
0.66800   17.26000  0.00289      14.18224      1136709.91153
0.66845   17.28000  0.00289      14.18224      1151531.14080
0.66890   17.28000  0.00289      14.18224      1151531.14080
0.66979   17.32000  0.00289      14.18224      1181461.59933
0.67024   17.34000  0.00289      14.18224      1196570.82860
0.67114   17.35000  0.00289      14.18224      1204161.44324
0.67159   17.38000  0.00289      14.18224      1227077.28714
0.67204   17.36000  0.00289      14.18224      1211776.05787
0.67249   17.41000  0.00289      14.18224      1250209.13104
0.67340   17.41000  0.00289      14.18224      1250209.13104
0.67385   17.40000  0.00289      14.18224      1242474.51641
0.67431   17.42000  0.00289      14.18224      1257967.74568
0.67522   17.45000  0.00289      14.18224      1281387.58958
0.67568   17.43000  0.00289      14.18224      1265750.36031
0.67659   17.46000  0.00289      14.18224      1289242.20421
0.67705   17.50000  0.00289      14.18224      1320900.66275
0.67797   17.51000  0.00289      14.18224      1328875.27738
0.67843   17.52000  0.00289      14.18224      1336873.89202
0.67935   17.56000  0.00289      14.18224      1369108.35055
0.67981   17.58000  0.00289      14.18224      1385369.57982
0.68027   17.59000  0.00289      14.18224      1393536.19446
0.68120   17.62000  0.00289      14.18224      1418180.03836
0.68166   17.63000  0.00289      14.18224      1426442.65299
0.68259   17.62000  0.00289      14.18224      1418180.03836
0.68306   17.66000  0.00289      14.18224      1451374.49689
0.68399   17.69000  0.00289      14.18224      1476522.34080
0.68446   17.69000  0.00289      14.18224      1476522.34080
0.68493   17.74000  0.00289      14.18224      1518915.41397
0.68587   17.75000  0.00289      14.18224      1527466.02860
0.68634   17.79000  0.00289      14.18224      1561908.48714
0.68729   17.81000  0.00289      14.18224      1579273.71641
0.68776   17.80000  0.00289      14.18224      1570579.10177
0.68823   17.84000  0.00289      14.18224      1605501.56031
0.68823   17.84000  0.00289      14.18224      1605501.56031
0.68871   17.83000  0.00289      14.18224      1596734.94568
0.68918   17.88000  0.00289      14.18224      1640808.01885
0.69013   17.91000  0.00289      14.18224      1667539.86275
0.69061   17.89000  0.00289      14.18224      1649694.63348
0.69156   17.89000  0.00289      14.18224      1649694.63348
0.69204   17.93000  0.00289      14.18224      1685481.09202
0.69300   17.93000  0.00289      14.18224      1685481.09202
0.69348   17.96000  0.00289      14.18224      1712572.93592
0.69396   17.94000  0.00289      14.18224      1694487.70665
0.69493   17.99000  0.00289      14.18224      1739880.77982
0.69541   18.00000  0.00289      14.18224      1749031.39446
0.69589   18.02000  0.00289      14.18224      1767404.62372
0.69638   18.04000  0.00289      14.18224      1785873.85299
0.69735   18.04000  0.00289      14.18224      1785873.85299
0.69784   18.08000  0.00289      14.18224      1823100.31153
0.69832   18.09000  0.00289      14.18224      1832466.92616
0.69930   18.10000  0.00289      14.18224      1841857.54080
0.69930   18.14000  0.00289      14.18224      1879659.99933
0.69979   18.15000  0.00289      14.18224      1889170.61397
0.70028   18.14000  0.00289      14.18224      1879659.99933
0.70126   18.18000  0.00289      14.18224      1917846.45787
0.70175   18.19000  0.00289      14.18224      1927453.07250
0.70225   18.21000  0.00289      14.18224      1946738.30177
0.70274   18.23000  0.00289      14.18224      1966119.53104
0.70373   18.26000  0.00289      14.18224      1995371.37494
0.70472   18.28000  0.00289      14.18224      2014992.60421
0.70522   18.31000  0.00289      14.18224      2044604.44811
0.70572   18.32000  0.00289      14.18224      2054523.06275
0.70621   18.33000  0.00289      14.18224      2064465.67738
0.70671   18.34000  0.00289      14.18224      2074432.29202
0.70771   18.34000  0.00289      14.18224      2074432.29202
0.70822   18.35000  0.00289      14.18224      2084422.90665
0.70872   18.36000  0.00289      14.18224      2094437.52128
0.70972   18.37000  0.00289      14.18224      2104476.13592
0.71023   18.41000  0.00289      14.18224      2144870.59446
0.71124   18.41000  0.00289      14.18224      2144870.59446
0.71174   18.44000  0.00289      14.18224      2175418.43836
0.71276   18.46000  0.00289      14.18224      2195903.66763
0.71327   18.46000  0.00289      14.18224      2195903.66763
0.71378   18.50000  0.00289      14.18224      2237162.12616
0.71480   18.52000  0.00289      14.18224      2257935.35543
0.71480   18.54000  0.00289      14.18224      2278804.58470
0.71531   18.57000  0.00289      14.18224      2310288.42860
0.71582   18.57000  0.00289      14.18224      2310288.42860
0.71633   18.59000  0.00289      14.18224      2331397.65787
0.71685   18.61000  0.00289      14.18224      2352602.88714
0.71736   18.62000  0.00289      14.18224      2363241.50177
0.71788   18.64000  0.00289      14.18224      2384590.73104
0.71839   18.67000  0.00289      14.18224      2416794.57494
0.71942   18.69000  0.00289      14.18224      2438383.80421
0.72046   18.74000  0.00289      14.18224      2492776.87738
0.72150   18.76000  0.00289      14.18224      2514702.10665
0.72202   18.77000  0.00289      14.18224      2525700.72128
0.72254   18.79000  0.00289      14.18224      2547769.95055
0.72359   18.80000  0.00289      14.18224      2558840.56519
0.72411   18.81000  0.00289      14.18224      2569935.17982
0.72464   18.86000  0.00289      14.18224      2625768.25299
0.72569   18.84000  0.00289      14.18224      2603363.02372
0.72622   18.86000  0.00289      14.18224      2625768.25299
0.72674   18.90000  0.00289      14.18224      2670866.71153
0.72727   18.90000  0.00289      14.18224      2670866.71153
0.72833   18.93000  0.00289      14.18224      2704942.55543
0.72886   18.94000  0.00289      14.18224      2716349.17007
0.72993   18.96000  0.00289      14.18224      2739234.39933
0.73099   18.98000  0.00289      14.18224      2762215.62860
0.73153   18.99000  0.00289      14.18224      2773742.24324
0.73206   19.02000  0.00289      14.18224      2808466.08714
0.73260   19.04000  0.00289      14.18224      2831735.31641
0.73314   19.06000  0.00289      14.18224      2855100.54568
0.73314   19.09000  0.00289      14.18224      2890328.38958
0.73368   19.07000  0.00289      14.18224      2866819.16031
0.73421   19.08000  0.00289      14.18224      2878561.77494
0.73475   19.14000  0.00289      14.18224      2949521.46275
0.73584   19.15000  0.00289      14.18224      2961432.07738
0.73638   19.16000  0.00289      14.18224      2973366.69202
0.73746   19.21000  0.00289      14.18224      3033399.76519
0.73855   19.24000  0.00289      14.18224      3069707.60909
0.73964   19.27000  0.00289      14.18224      3106231.45299
0.74019   19.30000  0.00289      14.18224      3142971.29689
0.74074   19.30000  0.00289      14.18224      3142971.29689
0.74184   19.32000  0.00289      14.18224      3167584.52616
0.74294   19.33000  0.00289      14.18224      3179927.14080
0.74349   19.35000  0.00289      14.18224      3204684.37007
0.74460   19.37000  0.00289      14.18224      3229537.59933
0.74571   19.38000  0.00289      14.18224      3242000.21397
0.74627   19.41000  0.00289      14.18224      3279532.05787
0.74683   19.43000  0.00289      14.18224      3304673.28714
0.74738   19.43000  0.00289      14.18224      3304673.28714
0.74738   19.47000  0.00289      14.18224      3355243.74568
0.74850   19.50000  0.00289      14.18224      3393423.58958
0.74906   19.52000  0.00289      14.18224      3418996.81885
0.74963   19.56000  0.00289      14.18224      3470431.27738
0.75075   19.58000  0.00289      14.18224      3496292.50665
0.75075   19.59000  0.00289      14.18224      3509259.12128
0.75188   19.62000  0.00289      14.18224      3548302.96519
0.75245   19.65000  0.00289      14.18224      3587562.80909
0.75358   19.66000  0.00289      14.18224      3600697.42372
0.75415   19.66000  0.00289      14.18224      3600697.42372
0.75472   19.71000  0.00289      14.18224      3666730.49689
0.75586   19.74000  0.00289      14.18224      3706638.34080
0.75643   19.74000  0.00289      14.18224      3706638.34080
0.75700   19.77000  0.00289      14.18224      3746762.18470
0.75758   19.80000  0.00289      14.18224      3787102.02860
0.75815   19.79000  0.00289      14.18224      3773631.41397
0.75873   19.81000  0.00289      14.18224      3800596.64324
0.75930   19.82000  0.00289      14.18224      3814115.25787
0.75988   19.83000  0.00289      14.18224      3827657.87250
0.76104   19.84000  0.00289      14.18224      3841224.48714
0.76161   19.86000  0.00289      14.18224      3868429.71641
0.76220   19.89000  0.00289      14.18224      3909417.56031
0.76278   19.89000  0.00289      14.18224      3909417.56031
0.76336   19.91000  0.00289      14.18224      3936862.78958
0.76394   19.93000  0.00289      14.18224      3964404.01885
0.76453   19.95000  0.00289      14.18224      3992041.24811
0.76570   19.97000  0.00289      14.18224      4019774.47738

Gradi di liberta = 613
Chi-quadro = 791940588.4097551
p-value = 0.0

Media pesata = 14.182243902439025 +/- 0.0001164050492949297

****************************************************************************************************
SERIE 25
****************************************************************************************************

Test ipotesi linearità_____________________________________
Covarianza = 0.36900
Indice Pearson = 0.99928 +/- 0.00152
Gradi di Liberta' = 621
	t = 657.2482794361013
	p-value (due code) = 0.0

Parametri___________________________________________________
y = a + bx
a = -1.91854 +/- 0.02540
b = 28.54496 +/- 0.04728

Test bontà fit _____________________________________________
x         y         sy           y*            Chi-quadro   
0.37651   9.01000   0.00289      8.82881       3939.64064   
0.37750   9.03000   0.00289      8.85721       3582.82841   
0.37836   9.05000   0.00289      8.88167       3400.15680   
0.37922   9.08000   0.00289      8.90624       3622.90038   
0.38023   9.09000   0.00289      8.93506       2880.91310   
0.38110   9.10000   0.00289      8.95987       2356.24279   
0.38168   9.13000   0.00289      8.97648       2828.13137   
0.38256   9.17000   0.00289      9.00149       3407.48452   
0.38344   9.15000   0.00289      9.02661       1826.93649   
0.38388   9.18000   0.00289      9.03922       2378.37224   
0.38432   9.19000   0.00289      9.05185       2290.21265   
0.38506   9.18000   0.00289      9.07297       1374.58824   
0.38565   9.20000   0.00289      9.08993       1453.89897   
0.38595   9.24000   0.00289      9.09843       2405.19866   
0.38580   9.22000   0.00289      9.09418       1899.82602   
0.38595   9.21000   0.00289      9.09843       1493.86269   
0.38625   9.24000   0.00289      9.10694       2124.71843   
0.38640   9.22000   0.00289      9.11120       1420.58719   
0.38670   9.27000   0.00289      9.11973       2709.84667   
0.38715   9.21000   0.00289      9.13255       719.87575    
0.38745   9.29000   0.00289      9.14111       2660.17243   
0.38835   9.29000   0.00289      9.16688       1819.00963   
0.38911   9.31000   0.00289      9.18845       1773.00250   
0.38926   9.30000   0.00289      9.19277       1379.76897   
0.38986   9.32000   0.00289      9.21010       1449.40066   
0.39032   9.36000   0.00289      9.22313       2248.01759   
0.39078   9.37000   0.00289      9.23619       2148.56759   
0.39124   9.38000   0.00289      9.24928       2050.40540   
0.39216   9.39000   0.00289      9.27556       1571.55188   
0.39293   9.42000   0.00289      9.29755       1799.17971   
0.39355   9.43000   0.00289      9.31521       1581.22001   
0.39417   9.45000   0.00289      9.33292       1644.88574   
0.39494   9.48000   0.00289      9.35514       1870.80235   
0.39557   9.51000   0.00289      9.37298       2253.00009   
0.39604   9.53000   0.00289      9.38639       2474.73004   
0.39635   9.50000   0.00289      9.39536       1314.06241   
0.39698   9.54000   0.00289      9.41332       1925.70949   
0.39746   9.55000   0.00289      9.42683       1820.42151   
0.39809   9.55000   0.00289      9.44490       1325.55656   
0.39857   9.59000   0.00289      9.45849       2075.51784   
0.39904   9.60000   0.00289      9.47211       1962.83872   
0.39952   9.59000   0.00289      9.48576       1303.96870   
0.39984   9.63000   0.00289      9.49488       2190.96314   
0.40016   9.59000   0.00289      9.50401       887.26978    
0.40080   9.63000   0.00289      9.52232       1391.27300   
0.40145   9.64000   0.00289      9.54070       1183.34570   
0.40193   9.64000   0.00289      9.55451       876.94765    
0.40241   9.62000   0.00289      9.56836       319.94661    
0.40274   9.68000   0.00289      9.57762       1257.87418   
0.40339   9.70000   0.00289      9.59617       1293.76404   
0.40388   9.71000   0.00289      9.61012       1197.16436   
0.40437   9.67000   0.00289      9.62410       252.77695    
0.40502   9.71000   0.00289      9.64280       541.84008    
0.40552   9.75000   0.00289      9.65687       1040.81358   
0.40601   9.73000   0.00289      9.67097       418.17582    
0.40667   9.80000   0.00289      9.68982       1456.75035   
0.40700   9.85000   0.00289      9.69927       2726.36479   
0.40733   9.83000   0.00289      9.70873       1764.65213   
0.40783   9.84000   0.00289      9.72296       1643.80621   
0.40833   9.87000   0.00289      9.73722       2115.64371   
0.40883   9.89000   0.00289      9.75152       2301.32762   
0.40950   9.91000   0.00289      9.77063       2330.81643   
0.41000   9.91000   0.00289      9.78501       1874.70858   
0.41068   9.89000   0.00289      9.80424       882.67092    
0.41135   9.85000   0.00289      9.82352       84.11699     
0.41203   9.90000   0.00289      9.84288       391.57184    
0.41254   9.97000   0.00289      9.85743       1520.56845   
0.41322   9.98000   0.00289      9.87690       1275.62527   
0.41408   9.98000   0.00289      9.90132       742.89753    
0.41477   10.05000  0.00289      9.92093       1999.14456   
0.41511   9.99000   0.00289      9.93076       421.16042    
0.41563   10.04000  0.00289      9.94553       1070.89947   
0.41632   10.07000  0.00289      9.96529       1315.72207   
0.41701   10.00000  0.00289      9.98511       26.59793     
0.41754   10.08000  0.00289      10.00002      767.56355    
0.41824   10.09000  0.00289      10.01996      588.64232    
0.41859   10.04000  0.00289      10.02996      12.10502     
0.41894   10.09000  0.00289      10.03997      300.38838    
0.41946   10.06000  0.00289      10.05502      2.98071      
0.42017   10.11000  0.00289      10.07514      145.82864    
0.42070   10.15000  0.00289      10.09028      428.02198    
0.42123   10.12000  0.00289      10.10545      25.39623     
0.42194   10.20000  0.00289      10.12575      661.63932    
0.42248   10.17000  0.00289      10.14101      100.84189    
0.42301   10.18000  0.00289      10.15632      67.31624     
0.42355   10.22000  0.00289      10.17166      280.43255    
0.42391   10.25000  0.00289      10.18191      556.37612    
0.42463   10.27000  0.00289      10.20246      547.37929    
0.42499   10.27000  0.00289      10.21276      393.11846    
0.42553   10.27000  0.00289      10.22825      209.16219    
0.42589   10.29000  0.00289      10.23860      317.07184    
0.42644   10.34000  0.00289      10.25415      884.42937    
0.42699   10.33000  0.00289      10.26974      435.71515    
0.42753   10.31000  0.00289      10.28538      72.76546     
0.42827   10.37000  0.00289      10.30628      487.20866    
0.42918   10.38000  0.00289      10.33251      270.58101    
0.43011   10.45000  0.00289      10.35886      996.75413    
0.43066   10.39000  0.00289      10.37472      28.00474     
0.43103   10.45000  0.00289      10.38532      502.00326    
0.43159   10.49000  0.00289      10.40125      945.14784    
0.43215   10.47000  0.00289      10.41722      334.23757    
0.43271   10.48000  0.00289      10.43324      262.40806    
0.43328   10.55000  0.00289      10.44929      1217.03658   
0.43384   10.49000  0.00289      10.46539      72.68058     
0.43440   10.46000  0.00289      10.48153      55.61728     
0.43497   10.49000  0.00289      10.49771      7.13248      
0.43535   10.62000  0.00289      10.50852      1491.32410   
0.43592   10.50000  0.00289      10.52477      73.63827     
0.43630   10.61000  0.00289      10.53563      663.70683    
0.43687   10.47000  0.00289      10.55195      805.94899    
0.43725   10.58000  0.00289      10.56286      35.26085     
0.43783   10.55000  0.00289      10.57925      102.68404    
0.43821   10.55000  0.00289      10.59021      193.98003    
0.43879   10.65000  0.00289      10.60667      225.27973    
0.43937   10.70000  0.00289      10.62318      708.13302    
0.43995   10.62000  0.00289      10.63973      46.73365     
0.44053   10.67000  0.00289      10.65633      22.42016     
0.44092   10.72000  0.00289      10.66742      331.75621    
0.44150   10.70000  0.00289      10.68409      30.37404     
0.44209   10.72000  0.00289      10.70080      44.21509     
0.44267   10.76000  0.00289      10.71756      216.10309    
0.44326   10.74000  0.00289      10.73437      3.80795      
0.44366   10.71000  0.00289      10.74559      152.03082    
0.44425   10.75000  0.00289      10.76247      18.66573     
0.44524   10.82000  0.00289      10.79070      103.00409    
0.44603   10.84000  0.00289      10.81338      85.05460     
0.44683   10.87000  0.00289      10.83613      137.63843    
0.44763   10.76000  0.00289      10.85897      1175.41154   
0.44863   10.88000  0.00289      10.88763      6.98998      
0.44924   10.98000  0.00289      10.90489      676.96075    
0.45005   10.96000  0.00289      10.92798      123.06721    
0.45086   10.99000  0.00289      10.95114      181.18043    
0.45147   10.90000  0.00289      10.96857      564.28890    
0.45208   10.95000  0.00289      10.98605      155.97051    
0.45269   11.03000  0.00289      11.00358      83.77731     
0.45331   10.92000  0.00289      11.02115      1227.77626   
0.45393   11.00000  0.00289      11.03877      180.38962    
0.45434   10.99000  0.00289      11.05055      439.89454    
0.45496   11.04000  0.00289      11.06825      95.74688     
0.45558   11.02000  0.00289      11.08600      522.66541    
0.45620   11.06000  0.00289      11.10379      230.15744    
0.45704   11.06000  0.00289      11.12760      548.39652    
0.45746   11.15000  0.00289      11.13954      13.13530     
0.45788   11.10000  0.00289      11.15150      318.21552    
0.45830   11.15000  0.00289      11.16348      21.79056     
0.45872   11.14000  0.00289      11.17548      151.03673    
0.45914   11.19000  0.00289      11.18750      0.74928      
0.45977   11.30000  0.00289      11.20558      1069.85041   
0.46019   11.14000  0.00289      11.21766      723.68733    
0.46062   11.11000  0.00289      11.22976      1721.07416   
0.46104   11.28000  0.00289      11.24188      174.34765    
0.46147   11.26000  0.00289      11.25403      4.27787      
0.46211   11.33000  0.00289      11.27229      399.64297    
0.46275   11.33000  0.00289      11.29060      186.25611    
0.46339   11.33000  0.00289      11.30897      53.09200     
0.46425   11.42000  0.00289      11.33353      897.25741    
0.46468   11.41000  0.00289      11.34585      493.89502    
0.46490   11.35000  0.00289      11.35201      0.48586      
0.46533   11.30000  0.00289      11.36436      497.10563    
0.46598   11.27000  0.00289      11.38293      1530.42148   
0.46664   11.49000  0.00289      11.40155      938.76015    
0.46729   11.43000  0.00289      11.42023      11.46538     
0.46795   11.39000  0.00289      11.43895      287.54110    
0.46860   11.35000  0.00289      11.45773      1392.66066   
0.46904   11.41000  0.00289      11.47028      435.99723    
0.46948   11.54000  0.00289      11.48285      391.95383    
0.46992   11.52000  0.00289      11.49544      72.36027     
0.47037   11.53000  0.00289      11.50806      57.74845     
0.47081   11.48000  0.00289      11.52071      198.83385    
0.47125   11.47000  0.00289      11.53337      481.92458    
0.47170   11.50000  0.00289      11.54606      254.61271    
0.47237   11.59000  0.00289      11.56514      74.14215     
0.47304   11.43000  0.00289      11.58428      2856.21250   
0.47326   11.51000  0.00289      11.59067      780.89037    
0.47348   11.55000  0.00289      11.59706      265.81354    
0.47371   11.47000  0.00289      11.60347      2137.62724   
0.47416   11.55000  0.00289      11.61629      527.33318    
0.47461   11.65000  0.00289      11.62914      52.22633     
0.47506   11.55000  0.00289      11.64201      1015.90058   
0.47551   11.63000  0.00289      11.65491      74.43930     
0.47619   11.66000  0.00289      11.67430      24.52855     
0.47664   11.56000  0.00289      11.68725      1943.25754   
0.47733   11.67000  0.00289      11.70674      161.96301    
0.47778   11.74000  0.00289      11.71976      49.16860     
0.47824   11.73000  0.00289      11.73280      0.94266      
0.47893   11.77000  0.00289      11.75242      37.10042     
0.47962   11.79000  0.00289      11.77209      38.50418     
0.48054   11.85000  0.00289      11.79840      319.47396    
0.48123   11.79000  0.00289      11.81821      95.46791     
0.48216   11.79000  0.00289      11.84470      359.03792    
0.48286   11.79000  0.00289      11.86464      668.46588    
0.48333   11.79000  0.00289      11.87796      928.42748    
0.48403   11.80000  0.00289      11.89799      1152.32159   
0.48450   11.85000  0.00289      11.91138      452.12083    
0.48520   11.85000  0.00289      11.93151      797.30998    
0.48567   11.82000  0.00289      11.94497      1873.96368   
0.48638   11.87000  0.00289      11.96519      1087.43461   
0.48685   11.80000  0.00289      11.97871      3832.60166   
0.48733   11.83000  0.00289      11.99226      3159.32335   
0.48780   11.88000  0.00289      12.00583      1899.97123   
0.48852   11.92000  0.00289      12.02624      1354.34611   
0.48900   12.04000  0.00289      12.03987      0.00189      
0.48948   12.02000  0.00289      12.05354      134.98503    
0.48996   11.93000  0.00289      12.06723      2259.86735   
0.49020   11.95000  0.00289      12.07409      1847.69021   
0.49068   11.89000  0.00289      12.08782      4695.83810   
0.49140   12.02000  0.00289      12.10847      939.15332    
0.49188   11.96000  0.00289      12.12227      3159.61379   
0.49237   11.99000  0.00289      12.13609      2561.14694   
0.49285   12.17000  0.00289      12.14995      48.26043     
0.49358   11.98000  0.00289      12.17078      4367.53709   
0.49407   12.05000  0.00289      12.18470      2177.29019   
0.49456   12.19000  0.00289      12.19865      8.97823      
0.49554   12.21000  0.00289      12.22663      33.19605     
0.49628   12.18000  0.00289      12.24769      549.86677    
0.49727   12.13000  0.00289      12.27587      2553.35308   
0.49801   12.31000  0.00289      12.29708      20.04235     
0.49875   12.27000  0.00289      12.31835      280.48775    
0.49950   12.22000  0.00289      12.33968      1718.81465   
0.50025   12.29000  0.00289      12.36108      606.26126    
0.50100   12.44000  0.00289      12.38254      396.18410    
0.50150   12.41000  0.00289      12.39689      20.63996     
0.50201   12.26000  0.00289      12.41126      2745.47979   
0.50251   12.23000  0.00289      12.42566      4593.93364   
0.50302   12.22000  0.00289      12.44009      5812.78695   
0.50352   12.40000  0.00289      12.45455      357.09075    
0.50429   12.46000  0.00289      12.47629      31.86307     
0.50531   12.29000  0.00289      12.50539      5567.14873   
0.50633   12.32000  0.00289      12.53460      5526.54135   
0.50684   12.32000  0.00289      12.54925      6306.89192   
0.50736   12.44000  0.00289      12.56393      1843.17845   
0.50839   12.52000  0.00289      12.59339      646.25411    
0.50916   12.37000  0.00289      12.61555      7235.52504   
0.50942   12.61000  0.00289      12.62296      20.14465     
0.50968   12.45000  0.00289      12.63037      3903.91872   
0.51020   12.41000  0.00289      12.64521      6639.07154   
0.51046   12.57000  0.00289      12.65265      819.68733    
0.51073   12.64000  0.00289      12.66009      48.43341     
0.51151   12.58000  0.00289      12.68246      1259.80036   
0.51230   12.58000  0.00289      12.70490      1872.04475   
0.51282   12.54000  0.00289      12.71990      3883.67491   
0.51361   12.57000  0.00289      12.74246      3568.89682   
0.51440   12.74000  0.00289      12.76508      75.48212     
0.51520   12.69000  0.00289      12.78778      1147.19770   
0.51573   12.67000  0.00289      12.80294      2120.89679   
0.51653   12.65000  0.00289      12.82576      3706.83494   
0.51733   12.66000  0.00289      12.84864      4270.17725   
0.51813   12.80000  0.00289      12.87159      615.07604    
0.51921   12.76000  0.00289      12.90231      2430.26722   
0.51975   12.74000  0.00289      12.91772      3789.98313   
0.52029   12.80000  0.00289      12.93315      2127.62921   
0.52138   12.78000  0.00289      12.96413      4068.38572   
0.52274   12.80000  0.00289      13.00303      4946.39660   
0.52356   12.92000  0.00289      13.02646      1360.15097   
0.52411   12.87000  0.00289      13.04213      3555.43441   
0.52466   12.90000  0.00289      13.05783      2989.16736   
0.52493   12.86000  0.00289      13.06569      5076.99379   
0.52549   12.82000  0.00289      13.08144      8201.96544   
0.52604   12.92000  0.00289      13.09722      3768.78559   
0.52632   12.88000  0.00289      13.10512      6081.58728   
0.52687   12.95000  0.00289      13.12095      3506.99134   
0.52743   13.07000  0.00289      13.13682      535.74848    
0.52798   13.00000  0.00289      13.15272      2798.63890   
0.52854   12.97000  0.00289      13.16865      4735.27334   
0.52882   13.03000  0.00289      13.17663      2579.87983   
0.52910   13.11000  0.00289      13.18461      668.03815    
0.52994   13.13000  0.00289      13.20862      741.80044    
0.53079   13.02000  0.00289      13.23271      5429.53875   
0.53191   13.06000  0.00289      13.26495      5040.44900   
0.53248   13.15000  0.00289      13.28112      2063.03136   
0.53362   13.18000  0.00289      13.31356      2140.63234   
0.53476   13.18000  0.00289      13.34614      3312.43023   
0.53533   13.27000  0.00289      13.36249      1026.45279   
0.53591   13.29000  0.00289      13.37886      947.63835    
0.53648   13.28000  0.00289      13.39528      1594.69628   
0.53763   13.32000  0.00289      13.42821      1405.16632   
0.53879   13.33000  0.00289      13.46129      2068.33274   
0.53937   13.32000  0.00289      13.47788      2991.02972   
0.54025   13.33000  0.00289      13.50283      3584.46626   
0.54113   13.41000  0.00289      13.52787      1667.07840   
0.54171   13.31000  0.00289      13.54460      6604.49787   
0.54230   13.23000  0.00289      13.56137      13176.88741  
0.54289   13.37000  0.00289      13.57818      5200.65505   
0.54318   13.42000  0.00289      13.58660      3330.55790   
0.54348   13.40000  0.00289      13.59502      4564.12193   
0.54407   13.40000  0.00289      13.61190      5388.44187   
0.54496   13.40000  0.00289      13.63730      6757.08500   
0.54555   13.54000  0.00289      13.65427      1566.87072   
0.54645   13.56000  0.00289      13.67980      1722.17420   
0.54705   13.45000  0.00289      13.69686      7312.99403   
0.54765   13.51000  0.00289      13.71397      4992.30242   
0.54825   13.60000  0.00289      13.73111      2062.71268   
0.54885   13.54000  0.00289      13.74829      5205.98707   
0.54975   13.63000  0.00289      13.77413      2492.64322   
0.55036   13.61000  0.00289      13.79140      3948.63675   
0.55127   13.61000  0.00289      13.81738      5160.74350   
0.55218   13.67000  0.00289      13.84345      3610.04614   
0.55279   13.67000  0.00289      13.86087      4371.88982   
0.55340   13.70000  0.00289      13.87834      3816.51315   
0.55432   13.72000  0.00289      13.90461      4089.58202   
0.55494   13.67000  0.00289      13.92217      7630.70745   
0.55556   13.78000  0.00289      13.93977      3063.16805   
0.55617   13.69000  0.00289      13.95741      8580.95884   
0.55679   13.78000  0.00289      13.97509      4567.16667   
0.55741   13.79000  0.00289      13.99281      4935.71369   
0.55772   13.70000  0.00289      14.00168      10921.42968  
0.55804   13.77000  0.00289      14.01057      6944.63204   
0.55835   13.82000  0.00289      14.01946      4774.10707   
0.55866   13.70000  0.00289      14.02836      12938.72989  
0.55928   13.74000  0.00289      14.04620      11251.11898  
0.55991   13.82000  0.00289      14.06408      7148.95254   
0.56054   13.89000  0.00289      14.08200      4423.53389   
0.56117   13.86000  0.00289      14.09995      6909.39574   
0.56180   13.80000  0.00289      14.11795      12131.30021  
0.56243   13.85000  0.00289      14.13599      9814.96342   
0.56275   13.90000  0.00289      14.14503      7204.55935   
0.56338   13.95000  0.00289      14.16313      5450.73894   
0.56402   14.05000  0.00289      14.18127      2067.72110   
0.56465   14.01000  0.00289      14.19945      4306.88986   
0.56561   14.03000  0.00289      14.22680      4647.53749   
0.56625   14.01000  0.00289      14.24508      6631.66553   
0.56721   13.98000  0.00289      14.27259      10272.89019  
0.56818   14.07000  0.00289      14.30019      6358.26951   
0.56915   14.09000  0.00289      14.32788      6790.35458   
0.56980   14.09000  0.00289      14.34639      7888.49448   
0.57045   14.10000  0.00289      14.36495      8423.81053   
0.57110   14.19000  0.00289      14.38355      4495.34218   
0.57176   14.08000  0.00289      14.40219      12456.80867  
0.57241   14.15000  0.00289      14.42087      8804.78054   
0.57307   14.14000  0.00289      14.43960      10771.35931  
0.57339   14.21000  0.00289      14.44898      6853.46559   
0.57372   14.23000  0.00289      14.45837      6258.45509   
0.57438   14.17000  0.00289      14.47719      11323.53501  
0.57504   14.21000  0.00289      14.49604      9818.38737   
0.57604   14.29000  0.00289      14.52441      6593.65233   
0.57670   14.22000  0.00289      14.54337      12548.43660  
0.57703   14.32000  0.00289      14.55287      6507.54689   
0.57803   14.32000  0.00289      14.58144      8201.82553   
0.57870   14.33000  0.00289      14.60053      8782.55576   
0.57937   14.43000  0.00289      14.61967      4317.15598   
0.58005   14.41000  0.00289      14.63886      6285.23109   
0.58072   14.47000  0.00289      14.65809      4245.36375   
0.58140   14.52000  0.00289      14.67737      2971.67330   
0.58241   14.49000  0.00289      14.70636      5617.53096   
0.58309   14.58000  0.00289      14.72575      2549.17459   
0.58411   14.64000  0.00289      14.75492      1584.69897   
0.58480   14.63000  0.00289      14.77442      2502.77727   
0.58548   14.67000  0.00289      14.79396      1844.06387   
0.58582   14.68000  0.00289      14.80376      1837.83830   
0.58617   14.67000  0.00289      14.81356      2473.03782   
0.58685   14.73000  0.00289      14.83320      1277.92323   
0.58720   14.67000  0.00289      14.84303      3592.82293   
0.58789   14.74000  0.00289      14.86274      1807.82013   
0.58858   14.77000  0.00289      14.88249      1518.60279   
0.58893   14.74000  0.00289      14.89239      2786.69436   
0.58962   14.79000  0.00289      14.91221      1792.33261   
0.59032   14.79000  0.00289      14.93208      2422.55645   
0.59067   14.75000  0.00289      14.94204      4425.40786   
0.59102   14.84000  0.00289      14.95200      1505.34380   
0.59172   14.83000  0.00289      14.97197      2418.57295   
0.59277   14.88000  0.00289      15.00200      1786.19656   
0.59347   14.93000  0.00289      15.02209      1017.61762   
0.59418   14.92000  0.00289      15.04222      1792.50328   
0.59453   14.97000  0.00289      15.05230      812.85135    
0.59488   15.01000  0.00289      15.06240      329.47291    
0.59559   14.96000  0.00289      15.08263      1804.45597   
0.59595   15.07000  0.00289      15.09276      62.15005     
0.59666   15.08000  0.00289      15.11306      131.13715    
0.59737   15.12000  0.00289      15.13341      21.56667     
0.59773   15.13000  0.00289      15.14360      22.19027     
0.59844   15.14000  0.00289      15.16402      69.23502     
0.59952   15.20000  0.00289      15.19474      3.31508      
0.60024   15.24000  0.00289      15.21529      73.28108     
0.60096   15.25000  0.00289      15.23588      23.91920     
0.60168   15.29000  0.00289      15.25652      134.47070    
0.60205   15.31000  0.00289      15.26686      223.27546    
0.60314   15.35000  0.00289      15.29796      324.97417    
0.60386   15.38000  0.00289      15.31875      450.13909    
0.60496   15.39000  0.00289      15.35004      191.64547    
0.60569   15.44000  0.00289      15.37096      572.05091    
0.60680   15.50000  0.00289      15.40243      1142.40091   
0.60753   15.52000  0.00289      15.42348      1118.03496   
0.60790   15.54000  0.00289      15.43402      1347.86548   
0.60864   15.56000  0.00289      15.45514      1319.45211   
0.60976   15.58000  0.00289      15.48692      1039.62153   
0.61087   15.61000  0.00289      15.51882      997.66348    
0.61162   15.66000  0.00289      15.54015      1723.69076   
0.61200   15.68000  0.00289      15.55083      2002.05175   
0.61275   15.68000  0.00289      15.57224      1393.39113   
0.61312   15.71000  0.00289      15.58297      1936.49019   
0.61387   15.73000  0.00289      15.60445      1891.40717   
0.61463   15.79000  0.00289      15.62599      3227.73504   
0.61576   15.80000  0.00289      15.65840      2405.91798   
0.61652   15.84000  0.00289      15.68008      3069.02222   
0.61728   15.86000  0.00289      15.70180      3003.10731   
0.61767   15.88000  0.00289      15.71269      3359.20759   
0.61767   15.90000  0.00289      15.71269      4210.30650   
0.61805   15.91000  0.00289      15.72358      4170.08174   
0.61881   15.92000  0.00289      15.74542      3657.42446   
0.61920   15.95000  0.00289      15.75636      4499.74114   
0.61996   15.96000  0.00289      15.77827      3963.00970   
0.62073   16.00000  0.00289      15.80024      4788.39436   
0.62150   15.99000  0.00289      15.82227      3376.14246   
0.62189   16.01000  0.00289      15.83330      3746.77397   
0.62228   16.02000  0.00289      15.84435      3702.52228   
0.62267   16.02000  0.00289      15.85541      3250.93201   
0.62305   16.02000  0.00289      15.86648      2828.19332   
0.62344   16.05000  0.00289      15.87757      3567.92356   
0.62422   16.04000  0.00289      15.89979      2359.20772   
0.62500   16.07000  0.00289      15.92206      2626.40051   
0.62539   16.07000  0.00289      15.93322      2245.18670   
0.62578   16.09000  0.00289      15.94439      2544.36999   
0.62617   16.09000  0.00289      15.95557      2168.48980   
0.62657   16.10000  0.00289      15.96677      2129.96927   
0.62696   16.11000  0.00289      15.97799      2091.34900   
0.62735   16.13000  0.00289      15.98921      2378.53010   
0.62735   16.13000  0.00289      15.98921      2378.53010   
0.62775   16.16000  0.00289      16.00045      3054.58521   
0.62854   16.17000  0.00289      16.02298      2593.79966   
0.62893   16.18000  0.00289      16.03426      2548.69258   
0.62972   16.21000  0.00289      16.05687      2813.70270   
0.63052   16.23000  0.00289      16.07954      2716.52146   
0.63131   16.26000  0.00289      16.10227      2985.57826   
0.63171   16.28000  0.00289      16.11365      3320.65555   
0.63251   16.29000  0.00289      16.13646      2828.88115   
0.63291   16.32000  0.00289      16.14789      3554.66702   
0.63371   16.34000  0.00289      16.17079      3435.97293   
0.63452   16.34000  0.00289      16.19374      2566.94035   
0.63532   16.38000  0.00289      16.21676      3197.78804   
0.63613   16.39000  0.00289      16.23983      2706.12239   
0.63694   16.43000  0.00289      16.26296      3348.21479   
0.63735   16.46000  0.00289      16.27455      4127.01915   
0.63776   16.43000  0.00289      16.28615      2483.05577   
0.63857   16.46000  0.00289      16.30940      2721.55904   
0.63939   16.48000  0.00289      16.33271      2603.26058   
0.64020   16.46000  0.00289      16.35608      1295.90407   
0.64103   16.49000  0.00289      16.37951      1464.97015   
0.64185   16.51000  0.00289      16.40300      1373.90694   
0.64267   16.55000  0.00289      16.42655      1828.83313   
0.64309   16.55000  0.00289      16.43835      1495.99465   
0.64350   16.54000  0.00289      16.45016      968.57641    
0.64392   16.60000  0.00289      16.46199      2285.72648   
0.64475   16.57000  0.00289      16.48569      853.02085    
0.64558   16.64000  0.00289      16.50945      2045.17253   
0.64641   16.63000  0.00289      16.53327      1122.68888   
0.64725   16.68000  0.00289      16.55716      1810.73726   
0.64809   16.68000  0.00289      16.58111      1173.54270   
0.64851   16.74000  0.00289      16.59311      2589.35190   
0.64893   16.70000  0.00289      16.60512      1080.30083   
0.64977   16.77000  0.00289      16.62919      2379.26807   
0.65020   16.76000  0.00289      16.64125      1692.17519   
0.65104   16.79000  0.00289      16.66542      1862.51608   
0.65232   16.83000  0.00289      16.70178      1972.70121   
0.65359   16.85000  0.00289      16.73830      1497.35850   
0.65402   16.91000  0.00289      16.75050      3052.94207   
0.65445   16.92000  0.00289      16.76272      2968.62747   
0.65488   16.90000  0.00289      16.77495      1876.53070   
0.65574   16.90000  0.00289      16.79947      1212.87342   
0.65617   16.95000  0.00289      16.81175      2293.66061   
0.65703   16.94000  0.00289      16.83636      1288.95186   
0.65746   16.95000  0.00289      16.84869      1231.63230   
0.65789   16.94000  0.00289      16.86104      748.21063    
0.65833   16.95000  0.00289      16.87340      704.09724    
0.65876   16.99000  0.00289      16.88578      1303.41828   
0.65920   17.01000  0.00289      16.89818      1500.56149   
0.66007   17.03000  0.00289      16.92302      1373.46335   
0.66094   17.06000  0.00289      16.94792      1507.36535   
0.66181   17.05000  0.00289      16.97289      713.42911    
0.66313   17.08000  0.00289      17.01048      580.01319    
0.66401   17.13000  0.00289      17.03562      1069.01960   
0.66489   17.16000  0.00289      17.06082      1180.39686   
0.66534   17.19000  0.00289      17.07345      1630.12950   
0.66667   17.21000  0.00289      17.11143      1165.88310   
0.66711   17.21000  0.00289      17.12413      884.90274    
0.66800   17.26000  0.00289      17.14957      1463.42710   
0.66845   17.28000  0.00289      17.16231      1661.99752   
0.66890   17.28000  0.00289      17.17508      1321.05583   
0.66979   17.32000  0.00289      17.20065      1709.19620   
0.67024   17.34000  0.00289      17.21347      1921.20613   
0.67114   17.35000  0.00289      17.23915      1474.53419   
0.67159   17.38000  0.00289      17.25202      1965.59271   
0.67204   17.36000  0.00289      17.26490      1085.29715   
0.67249   17.41000  0.00289      17.27780      2097.21866   
0.67340   17.41000  0.00289      17.30365      1357.14365   
0.67385   17.40000  0.00289      17.31661      834.53340    
0.67431   17.42000  0.00289      17.32958      981.15580    
0.67522   17.45000  0.00289      17.35557      1070.03121   
0.67568   17.43000  0.00289      17.36859      452.48999    
0.67659   17.46000  0.00289      17.39469      511.80787    
0.67705   17.50000  0.00289      17.40777      1020.79757   
0.67797   17.51000  0.00289      17.43397      693.60014    
0.67843   17.52000  0.00289      17.44710      637.67793    
0.67935   17.56000  0.00289      17.47341      899.63661    
0.67981   17.58000  0.00289      17.48660      1046.87689   
0.68027   17.59000  0.00289      17.49980      976.35603    
0.68120   17.62000  0.00289      17.52625      1054.59617   
0.68166   17.63000  0.00289      17.53951      982.63755    
0.68259   17.62000  0.00289      17.56607      348.97780    
0.68306   17.66000  0.00289      17.57938      779.91314    
0.68399   17.69000  0.00289      17.60605      845.61448    
0.68446   17.69000  0.00289      17.61942      597.80618    
0.68493   17.74000  0.00289      17.63280      1378.99827   
0.68587   17.75000  0.00289      17.65962      980.21940    
0.68634   17.79000  0.00289      17.67306      1641.06347   
0.68729   17.81000  0.00289      17.69999      1452.32702   
0.68776   17.80000  0.00289      17.71348      898.27671    
0.68823   17.84000  0.00289      17.72699      1532.50291   
0.68823   17.84000  0.00289      17.72699      1532.50291   
0.68871   17.83000  0.00289      17.74052      960.76262    
0.68918   17.88000  0.00289      17.75407      1902.99197   
0.69013   17.91000  0.00289      17.78122      1989.99863   
0.69061   17.89000  0.00289      17.79483      1086.91232   
0.69156   17.89000  0.00289      17.82209      553.33669    
0.69204   17.93000  0.00289      17.83576      1065.83246   
0.69300   17.93000  0.00289      17.86314      536.50414    
0.69348   17.96000  0.00289      17.87685      829.59740    
0.69396   17.94000  0.00289      17.89059      292.95069    
0.69493   17.99000  0.00289      17.91812      619.96093    
0.69541   18.00000  0.00289      17.93192      556.22958    
0.69589   18.02000  0.00289      17.94573      661.90303    
0.69638   18.04000  0.00289      17.95956      776.38954    
0.69735   18.04000  0.00289      17.98729      333.42373    
0.69784   18.08000  0.00289      18.00118      745.52539    
0.69832   18.09000  0.00289      18.01509      673.38705    
0.69930   18.10000  0.00289      18.04297      390.30605    
0.69930   18.14000  0.00289      18.04297      1129.80495   
0.69979   18.15000  0.00289      18.05694      1039.27034   
0.70028   18.14000  0.00289      18.07093      572.54345    
0.70126   18.18000  0.00289      18.09896      788.06130    
0.70175   18.19000  0.00289      18.11301      711.30914    
0.70225   18.21000  0.00289      18.12708      825.15990    
0.70274   18.23000  0.00289      18.14116      947.03692    
0.70373   18.26000  0.00289      18.16940      985.08070    
0.70472   18.28000  0.00289      18.19771      812.61225    
0.70522   18.31000  0.00289      18.21190      1154.93689   
0.70572   18.32000  0.00289      18.22610      1058.02075   
0.70621   18.33000  0.00289      18.24033      964.91919    
0.70671   18.34000  0.00289      18.25457      875.69240    
0.70771   18.34000  0.00289      18.28313      388.12329    
0.70822   18.35000  0.00289      18.29744      331.56080    
0.70872   18.36000  0.00289      18.31176      279.21582    
0.70972   18.37000  0.00289      18.34048      104.57922    
0.71023   18.41000  0.00289      18.35487      364.75191    
0.71124   18.41000  0.00289      18.38371      82.96584     
0.71174   18.44000  0.00289      18.39816      210.11191    
0.71276   18.46000  0.00289      18.42712      129.74992    
0.71327   18.46000  0.00289      18.44163      40.49692     
0.71378   18.50000  0.00289      18.45616      230.61114    
0.71480   18.52000  0.00289      18.48529      144.57705    
0.71480   18.54000  0.00289      18.48529      359.18675    
0.71531   18.57000  0.00289      18.49988      589.93932    
0.71582   18.57000  0.00289      18.51450      369.62243    
0.71633   18.59000  0.00289      18.52914      444.51049    
0.71685   18.61000  0.00289      18.54380      525.96828    
0.71736   18.62000  0.00289      18.55847      454.25218    
0.71788   18.64000  0.00289      18.57317      535.88489    
0.71839   18.67000  0.00289      18.58790      808.94556    
0.71942   18.69000  0.00289      18.61740      632.47775    
0.72046   18.74000  0.00289      18.64699      1038.07052   
0.72150   18.76000  0.00289      18.67667      833.31555    
0.72202   18.77000  0.00289      18.69154      738.75911    
0.72254   18.79000  0.00289      18.70643      838.08509    
0.72359   18.80000  0.00289      18.73628      487.26809    
0.72411   18.81000  0.00289      18.75123      414.41540    
0.72464   18.86000  0.00289      18.76621      1055.54411   
0.72569   18.84000  0.00289      18.79623      229.86239    
0.72622   18.86000  0.00289      18.81128      284.87455    
0.72674   18.90000  0.00289      18.82634      651.05960    
0.72727   18.90000  0.00289      18.84143      411.66441    
0.72833   18.93000  0.00289      18.87167      408.29338    
0.72886   18.94000  0.00289      18.88682      339.33859    
0.72993   18.96000  0.00289      18.91720      219.86675    
0.73099   18.98000  0.00289      18.94766      125.52736    
0.73153   18.99000  0.00289      18.96292      87.99037     
0.73206   19.02000  0.00289      18.97821      209.58926    
0.73260   19.04000  0.00289      18.99352      259.28141    
0.73314   19.06000  0.00289      19.00885      313.97930    
0.73314   19.09000  0.00289      19.00885      790.27138    
0.73368   19.07000  0.00289      19.02420      251.69220    
0.73421   19.08000  0.00289      19.03958      196.06577    
0.73475   19.14000  0.00289      19.05498      867.45377    
0.73584   19.15000  0.00289      19.08584      493.92118    
0.73638   19.16000  0.00289      19.10131      413.32772    
0.73746   19.21000  0.00289      19.13231      724.21861    
0.73855   19.24000  0.00289      19.16341      703.95907    
0.73964   19.27000  0.00289      19.19459      682.32106    
0.74019   19.30000  0.00289      19.21022      967.20740    
0.74074   19.30000  0.00289      19.22587      659.37588    
0.74184   19.32000  0.00289      19.25724      472.58850    
0.74294   19.33000  0.00289      19.28871      204.58981    
0.74349   19.35000  0.00289      19.30448      248.68281    
0.74460   19.37000  0.00289      19.33608      138.04973    
0.74571   19.38000  0.00289      19.36778      17.91383     
0.74627   19.41000  0.00289      19.38367      83.20986     
0.74683   19.43000  0.00289      19.39958      111.07249    
0.74738   19.43000  0.00289      19.41551      25.19841     
0.74738   19.47000  0.00289      19.41551      356.31124    
0.74850   19.50000  0.00289      19.44745      331.42723    
0.74906   19.52000  0.00289      19.46345      383.73794    
0.74963   19.56000  0.00289      19.47948      778.03110    
0.75075   19.58000  0.00289      19.51161      561.28932    
0.75075   19.59000  0.00289      19.51161      737.42916    
0.75188   19.62000  0.00289      19.54383      696.14773    
0.75245   19.65000  0.00289      19.55998      972.35746    
0.75358   19.66000  0.00289      19.59236      549.10149    
0.75415   19.66000  0.00289      19.60858      317.31410    
0.75472   19.71000  0.00289      19.62482      870.58844    
0.75586   19.74000  0.00289      19.65739      818.89532    
0.75643   19.74000  0.00289      19.67371      527.28557    
0.75700   19.77000  0.00289      19.69006      766.89102    
0.75758   19.80000  0.00289      19.70643      1050.68787   
0.75815   19.79000  0.00289      19.72282      541.53150    
0.75873   19.81000  0.00289      19.73924      600.79057    
0.75930   19.82000  0.00289      19.75569      496.33113    
0.75988   19.83000  0.00289      19.77216      401.49314    
0.76104   19.84000  0.00289      19.80517      145.55812    
0.76161   19.86000  0.00289      19.82172      175.86899    
0.76220   19.89000  0.00289      19.83829      320.90204    
0.76278   19.89000  0.00289      19.85488      147.98371    
0.76336   19.91000  0.00289      19.87150      177.83285    
0.76394   19.93000  0.00289      19.88815      210.16720    
0.76453   19.95000  0.00289      19.90482      244.92479    
0.76570   19.97000  0.00289      19.93824      121.02628    

Gradi di liberta = 621
Chi-quadro = 1169292.0816458545
p-value = 0.0
Errore a posteriori = 0.12526

Test ipotesi funzione costante_______________________________
Gradi di Liberta' = 621
t = 603.7915171331332
p-value = 0.0

Test ipotesi compatibilità misure____________________________
x         y         sy           y_media_p     Chi-quadro   
0.37651   9.01000   0.00289      14.17772      3204640.47575
0.37750   9.03000   0.00289      14.17772      3179883.41636
0.37836   9.05000   0.00289      14.17772      3155222.35697
0.37922   9.08000   0.00289      14.17772      3118410.76788
0.38023   9.09000   0.00289      14.17772      3106188.23819
0.38110   9.10000   0.00289      14.17772      3093989.70849
0.38168   9.13000   0.00289      14.17772      3057538.11941
0.38256   9.17000   0.00289      14.17772      3009272.00063
0.38344   9.15000   0.00289      14.17772      3033357.06002
0.38388   9.18000   0.00289      14.17772      2997265.47093
0.38432   9.19000   0.00289      14.17772      2985282.94124
0.38506   9.18000   0.00289      14.17772      2997265.47093
0.38565   9.20000   0.00289      14.17772      2973324.41154
0.38595   9.24000   0.00289      14.17772      2925730.29276
0.38580   9.22000   0.00289      14.17772      2949479.35215
0.38595   9.21000   0.00289      14.17772      2961389.88185
0.38625   9.24000   0.00289      14.17772      2925730.29276
0.38640   9.22000   0.00289      14.17772      2949479.35215
0.38670   9.27000   0.00289      14.17772      2890286.70368
0.38715   9.21000   0.00289      14.17772      2961389.88185
0.38745   9.29000   0.00289      14.17772      2866777.64429
0.38835   9.29000   0.00289      14.17772      2866777.64429
0.38911   9.31000   0.00289      14.17772      2843364.58490
0.38926   9.30000   0.00289      14.17772      2855059.11459
0.38986   9.32000   0.00289      14.17772      2831694.05520
0.39032   9.36000   0.00289      14.17772      2785251.93642
0.39078   9.37000   0.00289      14.17772      2773701.40673
0.39124   9.38000   0.00289      14.17772      2762174.87703
0.39216   9.39000   0.00289      14.17772      2750672.34734
0.39293   9.42000   0.00289      14.17772      2716308.75825
0.39355   9.43000   0.00289      14.17772      2704902.22856
0.39417   9.45000   0.00289      14.17772      2682161.16917
0.39494   9.48000   0.00289      14.17772      2648229.58008
0.39557   9.51000   0.00289      14.17772      2614513.99100
0.39604   9.53000   0.00289      14.17772      2592156.93161
0.39635   9.50000   0.00289      14.17772      2625728.52069
0.39698   9.54000   0.00289      14.17772      2581014.40191
0.39746   9.55000   0.00289      14.17772      2569895.87222
0.39809   9.55000   0.00289      14.17772      2569895.87222
0.39857   9.59000   0.00289      14.17772      2525661.75344
0.39904   9.60000   0.00289      14.17772      2514663.22374
0.39952   9.59000   0.00289      14.17772      2525661.75344
0.39984   9.63000   0.00289      14.17772      2481811.63466
0.40016   9.59000   0.00289      14.17772      2525661.75344
0.40080   9.63000   0.00289      14.17772      2481811.63466
0.40145   9.64000   0.00289      14.17772      2470909.10496
0.40193   9.64000   0.00289      14.17772      2470909.10496
0.40241   9.62000   0.00289      14.17772      2492738.16435
0.40274   9.68000   0.00289      14.17772      2427538.98618
0.40339   9.70000   0.00289      14.17772      2405997.92679
0.40388   9.71000   0.00289      14.17772      2395263.39710
0.40437   9.67000   0.00289      14.17772      2438345.51588
0.40502   9.71000   0.00289      14.17772      2395263.39710
0.40552   9.75000   0.00289      14.17772      2352565.27832
0.40601   9.73000   0.00289      14.17772      2373866.33771
0.40667   9.80000   0.00289      14.17772      2299732.62984
0.40700   9.85000   0.00289      14.17772      2247499.98137
0.40733   9.83000   0.00289      14.17772      2268321.04076
0.40783   9.84000   0.00289      14.17772      2257898.51106
0.40833   9.87000   0.00289      14.17772      2226774.92198
0.40883   9.89000   0.00289      14.17772      2206145.86259
0.40950   9.91000   0.00289      14.17772      2185612.80320
0.41000   9.91000   0.00289      14.17772      2185612.80320
0.41068   9.89000   0.00289      14.17772      2206145.86259
0.41135   9.85000   0.00289      14.17772      2247499.98137
0.41203   9.90000   0.00289      14.17772      2195867.33289
0.41254   9.97000   0.00289      14.17772      2124589.62503
0.41322   9.98000   0.00289      14.17772      2114503.09533
0.41408   9.98000   0.00289      14.17772      2114503.09533
0.41477   10.05000  0.00289      14.17772      2044569.38747
0.41511   9.99000   0.00289      14.17772      2104440.56564
0.41563   10.04000  0.00289      14.17772      2054487.91716
0.41632   10.07000  0.00289      14.17772      2024804.32808
0.41701   10.00000  0.00289      14.17772      2094402.03594
0.41754   10.08000  0.00289      14.17772      2014957.79838
0.41824   10.09000  0.00289      14.17772      2005135.26869
0.41859   10.04000  0.00289      14.17772      2054487.91716
0.41894   10.09000  0.00289      14.17772      2005135.26869
0.41946   10.06000  0.00289      14.17772      2034674.85777
0.42017   10.11000  0.00289      14.17772      1985562.20930
0.42070   10.15000  0.00289      14.17772      1946704.09052
0.42123   10.12000  0.00289      14.17772      1975811.67960
0.42194   10.20000  0.00289      14.17772      1898671.44204
0.42248   10.17000  0.00289      14.17772      1927419.03113
0.42301   10.18000  0.00289      14.17772      1917812.50143
0.42355   10.22000  0.00289      14.17772      1879626.38265
0.42391   10.25000  0.00289      14.17772      1851238.79357
0.42463   10.27000  0.00289      14.17772      1832433.73418
0.42499   10.27000  0.00289      14.17772      1832433.73418
0.42553   10.27000  0.00289      14.17772      1832433.73418
0.42589   10.29000  0.00289      14.17772      1813724.67479
0.42644   10.34000  0.00289      14.17772      1767372.02631
0.42699   10.33000  0.00289      14.17772      1776594.55601
0.42753   10.31000  0.00289      14.17772      1795111.61540
0.42827   10.37000  0.00289      14.17772      1739848.43723
0.42918   10.38000  0.00289      14.17772      1730721.90753
0.43011   10.45000  0.00289      14.17772      1667508.19967
0.43066   10.39000  0.00289      14.17772      1721619.37784
0.43103   10.45000  0.00289      14.17772      1667508.19967
0.43159   10.49000  0.00289      14.17772      1631914.08089
0.43215   10.47000  0.00289      14.17772      1649663.14028
0.43271   10.48000  0.00289      14.17772      1640776.61058
0.43328   10.55000  0.00289      14.17772      1579242.90272
0.43384   10.49000  0.00289      14.17772      1631914.08089
0.43440   10.46000  0.00289      14.17772      1658573.66997
0.43497   10.49000  0.00289      14.17772      1631914.08089
0.43535   10.62000  0.00289      14.17772      1518885.19485
0.43592   10.50000  0.00289      14.17772      1623075.55119
0.43630   10.61000  0.00289      14.17772      1527435.72455
0.43687   10.47000  0.00289      14.17772      1649663.14028
0.43725   10.58000  0.00289      14.17772      1553231.31363
0.43783   10.55000  0.00289      14.17772      1579242.90272
0.43821   10.55000  0.00289      14.17772      1579242.90272
0.43879   10.65000  0.00289      14.17772      1493377.60577
0.43937   10.70000  0.00289      14.17772      1451344.95729
0.43995   10.62000  0.00289      14.17772      1518885.19485
0.44053   10.67000  0.00289      14.17772      1476492.54638
0.44092   10.72000  0.00289      14.17772      1434699.89790
0.44150   10.70000  0.00289      14.17772      1451344.95729
0.44209   10.72000  0.00289      14.17772      1434699.89790
0.44267   10.76000  0.00289      14.17772      1401697.77912
0.44326   10.74000  0.00289      14.17772      1418150.83851
0.44366   10.71000  0.00289      14.17772      1443010.42759
0.44425   10.75000  0.00289      14.17772      1409912.30881
0.44524   10.82000  0.00289      14.17772      1352914.60095
0.44603   10.84000  0.00289      14.17772      1336845.54156
0.44683   10.87000  0.00289      14.17772      1312921.95247
0.44763   10.76000  0.00289      14.17772      1401697.77912
0.44863   10.88000  0.00289      14.17772      1304995.42278
0.44924   10.98000  0.00289      14.17772      1227050.12583
0.45005   10.96000  0.00289      14.17772      1242447.18522
0.45086   10.99000  0.00289      14.17772      1219387.59613
0.45147   10.90000  0.00289      14.17772      1289214.36339
0.45208   10.95000  0.00289      14.17772      1250181.71491
0.45269   11.03000  0.00289      14.17772      1188977.47735
0.45331   10.92000  0.00289      14.17772      1273529.30400
0.45393   11.00000  0.00289      14.17772      1211749.06644
0.45434   10.99000  0.00289      14.17772      1219387.59613
0.45496   11.04000  0.00289      14.17772      1181434.94766
0.45558   11.02000  0.00289      14.17772      1196544.00705
0.45620   11.06000  0.00289      14.17772      1166421.88827
0.45704   11.06000  0.00289      14.17772      1166421.88827
0.45746   11.15000  0.00289      14.17772      1100051.12101
0.45788   11.10000  0.00289      14.17772      1136683.76949
0.45830   11.15000  0.00289      14.17772      1100051.12101
0.45872   11.14000  0.00289      14.17772      1107329.65071
0.45914   11.19000  0.00289      14.17772      1071177.00223
0.45977   11.30000  0.00289      14.17772      993753.17559 
0.46019   11.14000  0.00289      14.17772      1107329.65071
0.46062   11.11000  0.00289      14.17772      1129309.23979
0.46104   11.28000  0.00289      14.17772      1007614.23498
0.46147   11.26000  0.00289      14.17772      1021571.29437
0.46211   11.33000  0.00289      14.17772      973141.58650 
0.46275   11.33000  0.00289      14.17772      973141.58650 
0.46339   11.33000  0.00289      14.17772      973141.58650 
0.46425   11.42000  0.00289      14.17772      912602.81925 
0.46468   11.41000  0.00289      14.17772      919233.34894 
0.46490   11.35000  0.00289      14.17772      959520.52711 
0.46533   11.30000  0.00289      14.17772      993753.17559 
0.46598   11.27000  0.00289      14.17772      1014580.76467
0.46664   11.49000  0.00289      14.17772      866861.11138 
0.46729   11.43000  0.00289      14.17772      905996.28955 
0.46795   11.39000  0.00289      14.17772      932566.40833 
0.46860   11.35000  0.00289      14.17772      959520.52711 
0.46904   11.41000  0.00289      14.17772      919233.34894 
0.46948   11.54000  0.00289      14.17772      834908.46291 
0.46992   11.52000  0.00289      14.17772      847617.52230 
0.47037   11.53000  0.00289      14.17772      841250.99260 
0.47081   11.48000  0.00289      14.17772      873323.64108 
0.47125   11.47000  0.00289      14.17772      879810.17077 
0.47170   11.50000  0.00289      14.17772      860422.58169 
0.47237   11.59000  0.00289      14.17772      803555.81443 
0.47304   11.43000  0.00289      14.17772      905996.28955 
0.47326   11.51000  0.00289      14.17772      854008.05199 
0.47348   11.55000  0.00289      14.17772      828589.93321 
0.47371   11.47000  0.00289      14.17772      879810.17077 
0.47416   11.55000  0.00289      14.17772      828589.93321 
0.47461   11.65000  0.00289      14.17772      766724.63626 
0.47506   11.55000  0.00289      14.17772      828589.93321 
0.47551   11.63000  0.00289      14.17772      778905.69565 
0.47619   11.66000  0.00289      14.17772      760670.10657 
0.47664   11.56000  0.00289      14.17772      822295.40352 
0.47733   11.67000  0.00289      14.17772      754639.57687 
0.47778   11.74000  0.00289      14.17772      713097.86901 
0.47824   11.73000  0.00289      14.17772      718960.39870 
0.47893   11.77000  0.00289      14.17772      695654.27992 
0.47962   11.79000  0.00289      14.17772      684145.22053 
0.48054   11.85000  0.00289      14.17772      650194.04236 
0.48123   11.79000  0.00289      14.17772      684145.22053 
0.48216   11.79000  0.00289      14.17772      684145.22053 
0.48286   11.79000  0.00289      14.17772      684145.22053 
0.48333   11.79000  0.00289      14.17772      684145.22053 
0.48403   11.80000  0.00289      14.17772      678426.69084 
0.48450   11.85000  0.00289      14.17772      650194.04236 
0.48520   11.85000  0.00289      14.17772      650194.04236 
0.48567   11.82000  0.00289      14.17772      667061.63145 
0.48638   11.87000  0.00289      14.17772      639068.98297 
0.48685   11.80000  0.00289      14.17772      678426.69084 
0.48733   11.83000  0.00289      14.17772      661415.10175 
0.48780   11.88000  0.00289      14.17772      633542.45328 
0.48852   11.92000  0.00289      14.17772      611676.33450 
0.48900   12.04000  0.00289      14.17772      548381.97816 
0.48948   12.02000  0.00289      14.17772      558691.03755 
0.48996   11.93000  0.00289      14.17772      606269.80480 
0.49020   11.95000  0.00289      14.17772      595528.74541 
0.49068   11.89000  0.00289      14.17772      628039.92358 
0.49140   12.02000  0.00289      14.17772      558691.03755 
0.49188   11.96000  0.00289      14.17772      590194.21572 
0.49237   11.99000  0.00289      14.17772      574334.62663 
0.49285   12.17000  0.00289      14.17772      483713.09212 
0.49358   11.98000  0.00289      14.17772      579597.15633 
0.49407   12.05000  0.00289      14.17772      543263.44846 
0.49456   12.19000  0.00289      14.17772      474124.03273 
0.49554   12.21000  0.00289      14.17772      464630.97334 
0.49628   12.18000  0.00289      14.17772      478906.56243 
0.49727   12.13000  0.00289      14.17772      503179.21090 
0.49801   12.31000  0.00289      14.17772      418605.67639 
0.49875   12.27000  0.00289      14.17772      436727.79517 
0.49950   12.22000  0.00289      14.17772      459920.44365 
0.50025   12.29000  0.00289      14.17772      427618.73578 
0.50100   12.44000  0.00289      14.17772      362360.79036 
0.50150   12.41000  0.00289      14.17772      374980.37944 
0.50201   12.26000  0.00289      14.17772      441318.32487 
0.50251   12.23000  0.00289      14.17772      455233.91395 
0.50302   12.22000  0.00289      14.17772      459920.44365 
0.50352   12.40000  0.00289      14.17772      379234.90914 
0.50429   12.46000  0.00289      14.17772      354067.73097 
0.50531   12.29000  0.00289      14.17772      427618.73578 
0.50633   12.32000  0.00289      14.17772      414135.14670 
0.50684   12.32000  0.00289      14.17772      414135.14670 
0.50736   12.44000  0.00289      14.17772      362360.79036 
0.50839   12.52000  0.00289      14.17772      329764.55280 
0.50916   12.37000  0.00289      14.17772      392142.49822 
0.50942   12.61000  0.00289      14.17772      294929.78554 
0.50968   12.45000  0.00289      14.17772      358202.26066 
0.51020   12.41000  0.00289      14.17772      374980.37944 
0.51046   12.57000  0.00289      14.17772      310171.90432 
0.51073   12.64000  0.00289      14.17772      283750.19646 
0.51151   12.58000  0.00289      14.17772      306325.37463 
0.51230   12.58000  0.00289      14.17772      306325.37463 
0.51282   12.54000  0.00289      14.17772      321855.49341 
0.51361   12.57000  0.00289      14.17772      310171.90432 
0.51440   12.74000  0.00289      14.17772      248044.89951 
0.51520   12.69000  0.00289      14.17772      265597.54798 
0.51573   12.67000  0.00289      14.17772      272786.60737 
0.51653   12.65000  0.00289      14.17772      280071.66676 
0.51733   12.66000  0.00289      14.17772      276417.13707 
0.51813   12.80000  0.00289      14.17772      227773.72133 
0.51921   12.76000  0.00289      14.17772      241191.84012 
0.51975   12.74000  0.00289      14.17772      248044.89951 
0.52029   12.80000  0.00289      14.17772      227773.72133 
0.52138   12.78000  0.00289      14.17772      234434.78072 
0.52274   12.80000  0.00289      14.17772      227773.72133 
0.52356   12.92000  0.00289      14.17772      189823.36499 
0.52411   12.87000  0.00289      14.17772      205216.01347 
0.52466   12.90000  0.00289      14.17772      195908.42438 
0.52493   12.86000  0.00289      14.17772      208366.54316 
0.52549   12.82000  0.00289      14.17772      221208.66194 
0.52604   12.92000  0.00289      14.17772      189823.36499 
0.52632   12.88000  0.00289      14.17772      202089.48377 
0.52687   12.95000  0.00289      14.17772      180875.77591 
0.52743   13.07000  0.00289      14.17772      147245.41957 
0.52798   13.00000  0.00289      14.17772      166443.12743 
0.52854   12.97000  0.00289      14.17772      175030.71652 
0.52882   13.03000  0.00289      14.17772      158071.53835 
0.52910   13.11000  0.00289      14.17772      136803.30079 
0.52994   13.13000  0.00289      14.17772      131726.24140 
0.53079   13.02000  0.00289      14.17772      160838.06804 
0.53191   13.06000  0.00289      14.17772      149915.94926 
0.53248   13.15000  0.00289      14.17772      126745.18201 
0.53362   13.18000  0.00289      14.17772      119453.59292 
0.53476   13.18000  0.00289      14.17772      119453.59292 
0.53533   13.27000  0.00289      14.17772      98874.82567  
0.53591   13.29000  0.00289      14.17772      94565.76628  
0.53648   13.28000  0.00289      14.17772      96708.29597  
0.53763   13.32000  0.00289      14.17772      88282.17719  
0.53879   13.33000  0.00289      14.17772      86235.64750  
0.53937   13.32000  0.00289      14.17772      88282.17719  
0.54025   13.33000  0.00289      14.17772      86235.64750  
0.54113   13.41000  0.00289      14.17772      70727.40994  
0.54171   13.31000  0.00289      14.17772      90352.70689  
0.54230   13.23000  0.00289      14.17772      107780.94445 
0.54289   13.37000  0.00289      14.17772      78289.52872  
0.54318   13.42000  0.00289      14.17772      68896.88024  
0.54348   13.40000  0.00289      14.17772      72581.93963  
0.54407   13.40000  0.00289      14.17772      72581.93963  
0.54496   13.40000  0.00289      14.17772      72581.93963  
0.54555   13.54000  0.00289      14.17772      48802.52390  
0.54645   13.56000  0.00289      14.17772      45789.46451  
0.54705   13.45000  0.00289      14.17772      63549.29116  
0.54765   13.51000  0.00289      14.17772      53502.11299  
0.54825   13.60000  0.00289      14.17772      40051.34573  
0.54885   13.54000  0.00289      14.17772      48802.52390  
0.54975   13.63000  0.00289      14.17772      35999.75665  
0.55036   13.61000  0.00289      14.17772      38676.81604  
0.55127   13.61000  0.00289      14.17772      38676.81604  
0.55218   13.67000  0.00289      14.17772      30933.63787  
0.55279   13.67000  0.00289      14.17772      30933.63787  
0.55340   13.70000  0.00289      14.17772      27386.04878  
0.55432   13.72000  0.00289      14.17772      25140.98939  
0.55494   13.67000  0.00289      14.17772      30933.63787  
0.55556   13.78000  0.00289      14.17772      18981.81122  
0.55617   13.69000  0.00289      14.17772      28544.57848  
0.55679   13.78000  0.00289      14.17772      18981.81122  
0.55741   13.79000  0.00289      14.17772      18039.28153  
0.55772   13.70000  0.00289      14.17772      27386.04878  
0.55804   13.77000  0.00289      14.17772      19948.34092  
0.55835   13.82000  0.00289      14.17772      15355.69244  
0.55866   13.70000  0.00289      14.17772      27386.04878  
0.55928   13.74000  0.00289      14.17772      22991.93000  
0.55991   13.82000  0.00289      14.17772      15355.69244  
0.56054   13.89000  0.00289      14.17772      9933.98458   
0.56117   13.86000  0.00289      14.17772      12113.57366  
0.56180   13.80000  0.00289      14.17772      17120.75183  
0.56243   13.85000  0.00289      14.17772      12888.10336  
0.56275   13.90000  0.00289      14.17772      9255.45488   
0.56338   13.95000  0.00289      14.17772      6222.80641   
0.56402   14.05000  0.00289      14.17772      1957.50946   
0.56465   14.01000  0.00289      14.17772      3375.62824   
0.56561   14.03000  0.00289      14.17772      2618.56885   
0.56625   14.01000  0.00289      14.17772      3375.62824   
0.56721   13.98000  0.00289      14.17772      4691.21732   
0.56818   14.07000  0.00289      14.17772      1392.45007   
0.56915   14.09000  0.00289      14.17772      923.39068    
0.56980   14.09000  0.00289      14.17772      923.39068    
0.57045   14.10000  0.00289      14.17772      724.86098    
0.57110   14.19000  0.00289      14.17772      18.09373     
0.57176   14.08000  0.00289      14.17772      1145.92037   
0.57241   14.15000  0.00289      14.17772      92.21251     
0.57307   14.14000  0.00289      14.17772      170.74220    
0.57339   14.21000  0.00289      14.17772      125.03434    
0.57372   14.23000  0.00289      14.17772      327.97495    
0.57438   14.17000  0.00289      14.17772      7.15312      
0.57504   14.21000  0.00289      14.17772      125.03434    
0.57604   14.29000  0.00289      14.17772      1512.79678   
0.57670   14.22000  0.00289      14.17772      214.50464    
0.57703   14.32000  0.00289      14.17772      2429.20769   
0.57803   14.32000  0.00289      14.17772      2429.20769   
0.57870   14.33000  0.00289      14.17772      2782.67800   
0.57937   14.43000  0.00289      14.17772      7637.38105   
0.58005   14.41000  0.00289      14.17772      6474.44044   
0.58072   14.47000  0.00289      14.17772      10251.26227  
0.58140   14.52000  0.00289      14.17772      14058.61379  
0.58241   14.49000  0.00289      14.17772      11702.20288  
0.58309   14.58000  0.00289      14.17772      19419.43562  
0.58411   14.64000  0.00289      14.17772      25644.25745  
0.58480   14.63000  0.00289      14.17772      24546.78715  
0.58548   14.67000  0.00289      14.17772      29080.66837  
0.58582   14.68000  0.00289      14.17772      30274.13867  
0.58617   14.67000  0.00289      14.17772      29080.66837  
0.58685   14.73000  0.00289      14.17772      36601.49020  
0.58720   14.67000  0.00289      14.17772      29080.66837  
0.58789   14.74000  0.00289      14.17772      37938.96050  
0.58858   14.77000  0.00289      14.17772      42095.37142  
0.58893   14.74000  0.00289      14.17772      37938.96050  
0.58962   14.79000  0.00289      14.17772      44986.31203  
0.59032   14.79000  0.00289      14.17772      44986.31203  
0.59067   14.75000  0.00289      14.17772      39300.43081  
0.59102   14.84000  0.00289      14.17772      52633.66355  
0.59172   14.83000  0.00289      14.17772      51056.19325  
0.59277   14.88000  0.00289      14.17772      59183.54477  
0.59347   14.93000  0.00289      14.17772      67910.89629  
0.59418   14.92000  0.00289      14.17772      66117.42599  
0.59453   14.97000  0.00289      14.17772      75324.77751  
0.59488   15.01000  0.00289      14.17772      83122.65873  
0.59559   14.96000  0.00289      14.17772      73435.30721  
0.59595   15.07000  0.00289      14.17772      95539.48056  
0.59666   15.08000  0.00289      14.17772      97692.95087  
0.59737   15.12000  0.00289      14.17772      106546.83209 
0.59773   15.13000  0.00289      14.17772      108820.30239 
0.59844   15.14000  0.00289      14.17772      111117.77270 
0.59952   15.20000  0.00289      14.17772      125406.59453 
0.60024   15.24000  0.00289      14.17772      135412.47575 
0.60096   15.25000  0.00289      14.17772      137973.94605 
0.60168   15.29000  0.00289      14.17772      148459.82727 
0.60205   15.31000  0.00289      14.17772      153846.76788 
0.60314   15.35000  0.00289      14.17772      164908.64910 
0.60386   15.38000  0.00289      14.17772      173457.06002 
0.60496   15.39000  0.00289      14.17772      176354.53032 
0.60569   15.44000  0.00289      14.17772      191201.88185 
0.60680   15.50000  0.00289      14.17772      209810.70368 
0.60753   15.52000  0.00289      14.17772      216205.64429 
0.60790   15.54000  0.00289      14.17772      222696.58490 
0.60864   15.56000  0.00289      14.17772      229283.52551 
0.60976   15.58000  0.00289      14.17772      235966.46612 
0.61087   15.61000  0.00289      14.17772      246170.87703 
0.61162   15.66000  0.00289      14.17772      263658.22856 
0.61200   15.68000  0.00289      14.17772      270821.16917 
0.61275   15.68000  0.00289      14.17772      270821.16917 
0.61312   15.71000  0.00289      14.17772      281745.58008 
0.61387   15.73000  0.00289      14.17772      289148.52069 
0.61463   15.79000  0.00289      14.17772      311933.34252 
0.61576   15.80000  0.00289      14.17772      315814.81283 
0.61652   15.84000  0.00289      14.17772      331580.69405 
0.61728   15.86000  0.00289      14.17772      339607.63466 
0.61767   15.88000  0.00289      14.17772      347730.57527 
0.61767   15.90000  0.00289      14.17772      355949.51588 
0.61805   15.91000  0.00289      14.17772      360094.98618 
0.61881   15.92000  0.00289      14.17772      364264.45649 
0.61920   15.95000  0.00289      14.17772      376916.86740 
0.61996   15.96000  0.00289      14.17772      381182.33771 
0.62073   16.00000  0.00289      14.17772      398484.21893 
0.62150   15.99000  0.00289      14.17772      394122.74862 
0.62189   16.01000  0.00289      14.17772      402869.68923 
0.62228   16.02000  0.00289      14.17772      407279.15954 
0.62267   16.02000  0.00289      14.17772      407279.15954 
0.62305   16.02000  0.00289      14.17772      407279.15954 
0.62344   16.05000  0.00289      14.17772      420651.57045 
0.62422   16.04000  0.00289      14.17772      416170.10015 
0.62500   16.07000  0.00289      14.17772      429686.51106 
0.62539   16.07000  0.00289      14.17772      429686.51106 
0.62578   16.09000  0.00289      14.17772      438817.45167 
0.62617   16.09000  0.00289      14.17772      438817.45167 
0.62657   16.10000  0.00289      14.17772      443418.92198 
0.62696   16.11000  0.00289      14.17772      448044.39228 
0.62735   16.13000  0.00289      14.17772      457367.33289 
0.62735   16.13000  0.00289      14.17772      457367.33289 
0.62775   16.16000  0.00289      14.17772      471531.74381 
0.62854   16.17000  0.00289      14.17772      476301.21411 
0.62893   16.18000  0.00289      14.17772      481094.68442 
0.62972   16.21000  0.00289      14.17772      495619.09533 
0.63052   16.23000  0.00289      14.17772      505422.03594 
0.63131   16.26000  0.00289      14.17772      520306.44686 
0.63171   16.28000  0.00289      14.17772      530349.38747 
0.63251   16.29000  0.00289      14.17772      535406.85777 
0.63291   16.32000  0.00289      14.17772      550723.26869 
0.63371   16.34000  0.00289      14.17772      561054.20930 
0.63452   16.34000  0.00289      14.17772      561054.20930 
0.63532   16.38000  0.00289      14.17772      582004.09052 
0.63613   16.39000  0.00289      14.17772      587301.56082 
0.63694   16.43000  0.00289      14.17772      608731.44204 
0.63735   16.46000  0.00289      14.17772      625055.85296 
0.63776   16.43000  0.00289      14.17772      608731.44204 
0.63857   16.46000  0.00289      14.17772      625055.85296 
0.63939   16.48000  0.00289      14.17772      636058.79357 
0.64020   16.46000  0.00289      14.17772      625055.85296 
0.64103   16.49000  0.00289      14.17772      641596.26387 
0.64185   16.51000  0.00289      14.17772      652743.20448 
0.64267   16.55000  0.00289      14.17772      675325.08570 
0.64309   16.55000  0.00289      14.17772      675325.08570 
0.64350   16.54000  0.00289      14.17772      669643.61540 
0.64392   16.60000  0.00289      14.17772      704092.43723 
0.64475   16.57000  0.00289      14.17772      686760.02631 
0.64558   16.64000  0.00289      14.17772      727538.31845 
0.64641   16.63000  0.00289      14.17772      721640.84814 
0.64725   16.68000  0.00289      14.17772      751368.19967 
0.64809   16.68000  0.00289      14.17772      751368.19967 
0.64851   16.74000  0.00289      14.17772      787833.02150 
0.64893   16.70000  0.00289      14.17772      763427.14028 
0.64977   16.77000  0.00289      14.17772      806389.43241 
0.65020   16.76000  0.00289      14.17772      800179.96211 
0.65104   16.79000  0.00289      14.17772      818880.37302 
0.65232   16.83000  0.00289      14.17772      844150.25424 
0.65359   16.85000  0.00289      14.17772      856929.19485 
0.65402   16.91000  0.00289      14.17772      895842.01668 
0.65445   16.92000  0.00289      14.17772      902411.48698 
0.65488   16.90000  0.00289      14.17772      889296.54638 
0.65574   16.90000  0.00289      14.17772      889296.54638 
0.65617   16.95000  0.00289      14.17772      922263.89790 
0.65703   16.94000  0.00289      14.17772      915622.42759 
0.65746   16.95000  0.00289      14.17772      922263.89790 
0.65789   16.94000  0.00289      14.17772      915622.42759 
0.65833   16.95000  0.00289      14.17772      922263.89790 
0.65876   16.99000  0.00289      14.17772      949069.77912 
0.65920   17.01000  0.00289      14.17772      962616.71973 
0.66007   17.03000  0.00289      14.17772      976259.66034 
0.66094   17.06000  0.00289      14.17772      996904.07125 
0.66181   17.05000  0.00289      14.17772      989998.60095 
0.66313   17.08000  0.00289      14.17772      1010787.01186
0.66401   17.13000  0.00289      14.17772      1045914.36339
0.66489   17.16000  0.00289      14.17772      1067278.77430
0.66534   17.19000  0.00289      14.17772      1088859.18522
0.66667   17.21000  0.00289      14.17772      1103366.12583
0.66711   17.21000  0.00289      14.17772      1103366.12583
0.66800   17.26000  0.00289      14.17772      1140053.47735
0.66845   17.28000  0.00289      14.17772      1154896.41796
0.66890   17.28000  0.00289      14.17772      1154896.41796
0.66979   17.32000  0.00289      14.17772      1184870.29918
0.67024   17.34000  0.00289      14.17772      1200001.23979
0.67114   17.35000  0.00289      14.17772      1207602.71010
0.67159   17.38000  0.00289      14.17772      1230551.12101
0.67204   17.36000  0.00289      14.17772      1215228.18040
0.67249   17.41000  0.00289      14.17772      1253715.53193
0.67340   17.41000  0.00289      14.17772      1253715.53193
0.67385   17.40000  0.00289      14.17772      1245970.06162
0.67431   17.42000  0.00289      14.17772      1261485.00223
0.67522   17.45000  0.00289      14.17772      1284937.41315
0.67568   17.43000  0.00289      14.17772      1269278.47254
0.67659   17.46000  0.00289      14.17772      1292802.88345
0.67705   17.50000  0.00289      14.17772      1324504.76467
0.67797   17.51000  0.00289      14.17772      1332490.23498
0.67843   17.52000  0.00289      14.17772      1340499.70528
0.67935   17.56000  0.00289      14.17772      1372777.58650
0.67981   17.58000  0.00289      14.17772      1389060.52711
0.68027   17.59000  0.00289      14.17772      1397237.99742
0.68120   17.62000  0.00289      14.17772      1421914.40833
0.68166   17.63000  0.00289      14.17772      1430187.87864
0.68259   17.62000  0.00289      14.17772      1421914.40833
0.68306   17.66000  0.00289      14.17772      1455152.28955
0.68399   17.69000  0.00289      14.17772      1480332.70047
0.68446   17.69000  0.00289      14.17772      1480332.70047
0.68493   17.74000  0.00289      14.17772      1522780.05199
0.68587   17.75000  0.00289      14.17772      1531341.52230
0.68634   17.79000  0.00289      14.17772      1565827.40352
0.68729   17.81000  0.00289      14.17772      1583214.34413
0.68776   17.80000  0.00289      14.17772      1574508.87382
0.68823   17.84000  0.00289      14.17772      1609474.75504
0.68823   17.84000  0.00289      14.17772      1609474.75504
0.68871   17.83000  0.00289      14.17772      1600697.28474
0.68918   17.88000  0.00289      14.17772      1644824.63626
0.69013   17.91000  0.00289      14.17772      1671589.04718
0.69061   17.89000  0.00289      14.17772      1653722.10657
0.69156   17.89000  0.00289      14.17772      1653722.10657
0.69204   17.93000  0.00289      14.17772      1689551.98779
0.69300   17.93000  0.00289      14.17772      1689551.98779
0.69348   17.96000  0.00289      14.17772      1716676.39870
0.69396   17.94000  0.00289      14.17772      1698569.45809
0.69493   17.99000  0.00289      14.17772      1744016.80962
0.69541   18.00000  0.00289      14.17772      1753178.27992
0.69589   18.02000  0.00289      14.17772      1771573.22053
0.69638   18.04000  0.00289      14.17772      1790064.16114
0.69735   18.04000  0.00289      14.17772      1790064.16114
0.69784   18.08000  0.00289      14.17772      1827334.04236
0.69832   18.09000  0.00289      14.17772      1836711.51267
0.69930   18.10000  0.00289      14.17772      1846112.98297
0.69930   18.14000  0.00289      14.17772      1883958.86419
0.69979   18.15000  0.00289      14.17772      1893480.33450
0.70028   18.14000  0.00289      14.17772      1883958.86419
0.70126   18.18000  0.00289      14.17772      1922188.74541
0.70175   18.19000  0.00289      14.17772      1931806.21572
0.70225   18.21000  0.00289      14.17772      1951113.15633
0.70274   18.23000  0.00289      14.17772      1970516.09694
0.70373   18.26000  0.00289      14.17772      1999800.50785
0.70472   18.28000  0.00289      14.17772      2019443.44846
0.70522   18.31000  0.00289      14.17772      2049087.85938
0.70572   18.32000  0.00289      14.17772      2059017.32968
0.70621   18.33000  0.00289      14.17772      2068970.79999
0.70671   18.34000  0.00289      14.17772      2078948.27029
0.70771   18.34000  0.00289      14.17772      2078948.27029
0.70822   18.35000  0.00289      14.17772      2088949.74060
0.70872   18.36000  0.00289      14.17772      2098975.21090
0.70972   18.37000  0.00289      14.17772      2109024.68121
0.71023   18.41000  0.00289      14.17772      2149462.56243
0.71124   18.41000  0.00289      14.17772      2149462.56243
0.71174   18.44000  0.00289      14.17772      2180042.97334
0.71276   18.46000  0.00289      14.17772      2200549.91395
0.71327   18.46000  0.00289      14.17772      2200549.91395
0.71378   18.50000  0.00289      14.17772      2241851.79517
0.71480   18.52000  0.00289      14.17772      2262646.73578
0.71480   18.54000  0.00289      14.17772      2283537.67639
0.71531   18.57000  0.00289      14.17772      2315054.08731
0.71582   18.57000  0.00289      14.17772      2315054.08731
0.71633   18.59000  0.00289      14.17772      2336185.02792
0.71685   18.61000  0.00289      14.17772      2357411.96853
0.71736   18.62000  0.00289      14.17772      2368061.43883
0.71788   18.64000  0.00289      14.17772      2389432.37944
0.71839   18.67000  0.00289      14.17772      2421668.79036
0.71942   18.69000  0.00289      14.17772      2443279.73097
0.72046   18.74000  0.00289      14.17772      2497727.08249
0.72150   18.76000  0.00289      14.17772      2519674.02310
0.72202   18.77000  0.00289      14.17772      2530683.49341
0.72254   18.79000  0.00289      14.17772      2552774.43402
0.72359   18.80000  0.00289      14.17772      2563855.90432
0.72411   18.81000  0.00289      14.17772      2574961.37463
0.72464   18.86000  0.00289      14.17772      2630848.72615
0.72569   18.84000  0.00289      14.17772      2608421.78554
0.72622   18.86000  0.00289      14.17772      2630848.72615
0.72674   18.90000  0.00289      14.17772      2675990.60737
0.72727   18.90000  0.00289      14.17772      2675990.60737
0.72833   18.93000  0.00289      14.17772      2710099.01829
0.72886   18.94000  0.00289      14.17772      2721516.48859
0.72993   18.96000  0.00289      14.17772      2744423.42920
0.73099   18.98000  0.00289      14.17772      2767426.36981
0.73153   18.99000  0.00289      14.17772      2778963.84012
0.73206   19.02000  0.00289      14.17772      2813720.25103
0.73260   19.04000  0.00289      14.17772      2837011.19164
0.73314   19.06000  0.00289      14.17772      2860398.13225
0.73314   19.09000  0.00289      14.17772      2895658.54316
0.73368   19.07000  0.00289      14.17772      2872127.60255
0.73421   19.08000  0.00289      14.17772      2883881.07286
0.73475   19.14000  0.00289      14.17772      2954905.89469
0.73584   19.15000  0.00289      14.17772      2966827.36499
0.73638   19.16000  0.00289      14.17772      2978772.83530
0.73746   19.21000  0.00289      14.17772      3038860.18682
0.73855   19.24000  0.00289      14.17772      3075200.59774
0.73964   19.27000  0.00289      14.17772      3111757.00865
0.74019   19.30000  0.00289      14.17772      3148529.41957
0.74074   19.30000  0.00289      14.17772      3148529.41957
0.74184   19.32000  0.00289      14.17772      3173164.36018
0.74294   19.33000  0.00289      14.17772      3185517.83048
0.74349   19.35000  0.00289      14.17772      3210296.77109
0.74460   19.37000  0.00289      14.17772      3235171.71170
0.74571   19.38000  0.00289      14.17772      3247645.18201
0.74627   19.41000  0.00289      14.17772      3285209.59292
0.74683   19.43000  0.00289      14.17772      3310372.53353
0.74738   19.43000  0.00289      14.17772      3310372.53353
0.74738   19.47000  0.00289      14.17772      3360986.41475
0.74850   19.50000  0.00289      14.17772      3399198.82567
0.74906   19.52000  0.00289      14.17772      3424793.76628
0.74963   19.56000  0.00289      14.17772      3476271.64750
0.75075   19.58000  0.00289      14.17772      3502154.58811
0.75075   19.59000  0.00289      14.17772      3515132.05841
0.75188   19.62000  0.00289      14.17772      3554208.46933
0.75245   19.65000  0.00289      14.17772      3593500.88024
0.75358   19.66000  0.00289      14.17772      3606646.35055
0.75415   19.66000  0.00289      14.17772      3606646.35055
0.75472   19.71000  0.00289      14.17772      3672733.70207
0.75586   19.74000  0.00289      14.17772      3712674.11299
0.75643   19.74000  0.00289      14.17772      3712674.11299
0.75700   19.77000  0.00289      14.17772      3752830.52390
0.75758   19.80000  0.00289      14.17772      3793202.93482
0.75815   19.79000  0.00289      14.17772      3779721.46451
0.75873   19.81000  0.00289      14.17772      3806708.40512
0.75930   19.82000  0.00289      14.17772      3820237.87543
0.75988   19.83000  0.00289      14.17772      3833791.34573
0.76104   19.84000  0.00289      14.17772      3847368.81604
0.76161   19.86000  0.00289      14.17772      3874595.75665
0.76220   19.89000  0.00289      14.17772      3915616.16756
0.76278   19.89000  0.00289      14.17772      3915616.16756
0.76336   19.91000  0.00289      14.17772      3943083.10817
0.76394   19.93000  0.00289      14.17772      3970646.04878
0.76453   19.95000  0.00289      14.17772      3998304.98939
0.76570   19.97000  0.00289      14.17772      4026059.93000

Gradi di liberta = 621
Chi-quadro = 792146131.6083469
p-value = 0.0

Media pesata = 14.177720706260033 +/- 0.00011565525051480625

****************************************************************************************************
SERIE 25
****************************************************************************************************

Test ipotesi linearità_____________________________________
Covarianza = 0.36900
Indice Pearson = 0.99928 +/- 0.00152
Gradi di Liberta' = 621
	t = 657.2482794361013
	p-value (due code) = 0.0

Parametri___________________________________________________
y = a + bx
a = -1.91854 +/- 0.02540
b = 28.54496 +/- 0.04728

Test bontà fit _____________________________________________
x         y         sy           y*            Chi-quadro   
0.37651   9.01000   0.00289      8.82881       3939.64064   
0.37750   9.03000   0.00289      8.85721       3582.82841   
0.37836   9.05000   0.00289      8.88167       3400.15680   
0.37922   9.08000   0.00289      8.90624       3622.90038   
0.38023   9.09000   0.00289      8.93506       2880.91310   
0.38110   9.10000   0.00289      8.95987       2356.24279   
0.38168   9.13000   0.00289      8.97648       2828.13137   
0.38256   9.17000   0.00289      9.00149       3407.48452   
0.38344   9.15000   0.00289      9.02661       1826.93649   
0.38388   9.18000   0.00289      9.03922       2378.37224   
0.38432   9.19000   0.00289      9.05185       2290.21265   
0.38506   9.18000   0.00289      9.07297       1374.58824   
0.38565   9.20000   0.00289      9.08993       1453.89897   
0.38595   9.24000   0.00289      9.09843       2405.19866   
0.38580   9.22000   0.00289      9.09418       1899.82602   
0.38595   9.21000   0.00289      9.09843       1493.86269   
0.38625   9.24000   0.00289      9.10694       2124.71843   
0.38640   9.22000   0.00289      9.11120       1420.58719   
0.38670   9.27000   0.00289      9.11973       2709.84667   
0.38715   9.21000   0.00289      9.13255       719.87575    
0.38745   9.29000   0.00289      9.14111       2660.17243   
0.38835   9.29000   0.00289      9.16688       1819.00963   
0.38911   9.31000   0.00289      9.18845       1773.00250   
0.38926   9.30000   0.00289      9.19277       1379.76897   
0.38986   9.32000   0.00289      9.21010       1449.40066   
0.39032   9.36000   0.00289      9.22313       2248.01759   
0.39078   9.37000   0.00289      9.23619       2148.56759   
0.39124   9.38000   0.00289      9.24928       2050.40540   
0.39216   9.39000   0.00289      9.27556       1571.55188   
0.39293   9.42000   0.00289      9.29755       1799.17971   
0.39355   9.43000   0.00289      9.31521       1581.22001   
0.39417   9.45000   0.00289      9.33292       1644.88574   
0.39494   9.48000   0.00289      9.35514       1870.80235   
0.39557   9.51000   0.00289      9.37298       2253.00009   
0.39604   9.53000   0.00289      9.38639       2474.73004   
0.39635   9.50000   0.00289      9.39536       1314.06241   
0.39698   9.54000   0.00289      9.41332       1925.70949   
0.39746   9.55000   0.00289      9.42683       1820.42151   
0.39809   9.55000   0.00289      9.44490       1325.55656   
0.39857   9.59000   0.00289      9.45849       2075.51784   
0.39904   9.60000   0.00289      9.47211       1962.83872   
0.39952   9.59000   0.00289      9.48576       1303.96870   
0.39984   9.63000   0.00289      9.49488       2190.96314   
0.40016   9.59000   0.00289      9.50401       887.26978    
0.40080   9.63000   0.00289      9.52232       1391.27300   
0.40145   9.64000   0.00289      9.54070       1183.34570   
0.40193   9.64000   0.00289      9.55451       876.94765    
0.40241   9.62000   0.00289      9.56836       319.94661    
0.40274   9.68000   0.00289      9.57762       1257.87418   
0.40339   9.70000   0.00289      9.59617       1293.76404   
0.40388   9.71000   0.00289      9.61012       1197.16436   
0.40437   9.67000   0.00289      9.62410       252.77695    
0.40502   9.71000   0.00289      9.64280       541.84008    
0.40552   9.75000   0.00289      9.65687       1040.81358   
0.40601   9.73000   0.00289      9.67097       418.17582    
0.40667   9.80000   0.00289      9.68982       1456.75035   
0.40700   9.85000   0.00289      9.69927       2726.36479   
0.40733   9.83000   0.00289      9.70873       1764.65213   
0.40783   9.84000   0.00289      9.72296       1643.80621   
0.40833   9.87000   0.00289      9.73722       2115.64371   
0.40883   9.89000   0.00289      9.75152       2301.32762   
0.40950   9.91000   0.00289      9.77063       2330.81643   
0.41000   9.91000   0.00289      9.78501       1874.70858   
0.41068   9.89000   0.00289      9.80424       882.67092    
0.41135   9.85000   0.00289      9.82352       84.11699     
0.41203   9.90000   0.00289      9.84288       391.57184    
0.41254   9.97000   0.00289      9.85743       1520.56845   
0.41322   9.98000   0.00289      9.87690       1275.62527   
0.41408   9.98000   0.00289      9.90132       742.89753    
0.41477   10.05000  0.00289      9.92093       1999.14456   
0.41511   9.99000   0.00289      9.93076       421.16042    
0.41563   10.04000  0.00289      9.94553       1070.89947   
0.41632   10.07000  0.00289      9.96529       1315.72207   
0.41701   10.00000  0.00289      9.98511       26.59793     
0.41754   10.08000  0.00289      10.00002      767.56355    
0.41824   10.09000  0.00289      10.01996      588.64232    
0.41859   10.04000  0.00289      10.02996      12.10502     
0.41894   10.09000  0.00289      10.03997      300.38838    
0.41946   10.06000  0.00289      10.05502      2.98071      
0.42017   10.11000  0.00289      10.07514      145.82864    
0.42070   10.15000  0.00289      10.09028      428.02198    
0.42123   10.12000  0.00289      10.10545      25.39623     
0.42194   10.20000  0.00289      10.12575      661.63932    
0.42248   10.17000  0.00289      10.14101      100.84189    
0.42301   10.18000  0.00289      10.15632      67.31624     
0.42355   10.22000  0.00289      10.17166      280.43255    
0.42391   10.25000  0.00289      10.18191      556.37612    
0.42463   10.27000  0.00289      10.20246      547.37929    
0.42499   10.27000  0.00289      10.21276      393.11846    
0.42553   10.27000  0.00289      10.22825      209.16219    
0.42589   10.29000  0.00289      10.23860      317.07184    
0.42644   10.34000  0.00289      10.25415      884.42937    
0.42699   10.33000  0.00289      10.26974      435.71515    
0.42753   10.31000  0.00289      10.28538      72.76546     
0.42827   10.37000  0.00289      10.30628      487.20866    
0.42918   10.38000  0.00289      10.33251      270.58101    
0.43011   10.45000  0.00289      10.35886      996.75413    
0.43066   10.39000  0.00289      10.37472      28.00474     
0.43103   10.45000  0.00289      10.38532      502.00326    
0.43159   10.49000  0.00289      10.40125      945.14784    
0.43215   10.47000  0.00289      10.41722      334.23757    
0.43271   10.48000  0.00289      10.43324      262.40806    
0.43328   10.55000  0.00289      10.44929      1217.03658   
0.43384   10.49000  0.00289      10.46539      72.68058     
0.43440   10.46000  0.00289      10.48153      55.61728     
0.43497   10.49000  0.00289      10.49771      7.13248      
0.43535   10.62000  0.00289      10.50852      1491.32410   
0.43592   10.50000  0.00289      10.52477      73.63827     
0.43630   10.61000  0.00289      10.53563      663.70683    
0.43687   10.47000  0.00289      10.55195      805.94899    
0.43725   10.58000  0.00289      10.56286      35.26085     
0.43783   10.55000  0.00289      10.57925      102.68404    
0.43821   10.55000  0.00289      10.59021      193.98003    
0.43879   10.65000  0.00289      10.60667      225.27973    
0.43937   10.70000  0.00289      10.62318      708.13302    
0.43995   10.62000  0.00289      10.63973      46.73365     
0.44053   10.67000  0.00289      10.65633      22.42016     
0.44092   10.72000  0.00289      10.66742      331.75621    
0.44150   10.70000  0.00289      10.68409      30.37404     
0.44209   10.72000  0.00289      10.70080      44.21509     
0.44267   10.76000  0.00289      10.71756      216.10309    
0.44326   10.74000  0.00289      10.73437      3.80795      
0.44366   10.71000  0.00289      10.74559      152.03082    
0.44425   10.75000  0.00289      10.76247      18.66573     
0.44524   10.82000  0.00289      10.79070      103.00409    
0.44603   10.84000  0.00289      10.81338      85.05460     
0.44683   10.87000  0.00289      10.83613      137.63843    
0.44763   10.76000  0.00289      10.85897      1175.41154   
0.44863   10.88000  0.00289      10.88763      6.98998      
0.44924   10.98000  0.00289      10.90489      676.96075    
0.45005   10.96000  0.00289      10.92798      123.06721    
0.45086   10.99000  0.00289      10.95114      181.18043    
0.45147   10.90000  0.00289      10.96857      564.28890    
0.45208   10.95000  0.00289      10.98605      155.97051    
0.45269   11.03000  0.00289      11.00358      83.77731     
0.45331   10.92000  0.00289      11.02115      1227.77626   
0.45393   11.00000  0.00289      11.03877      180.38962    
0.45434   10.99000  0.00289      11.05055      439.89454    
0.45496   11.04000  0.00289      11.06825      95.74688     
0.45558   11.02000  0.00289      11.08600      522.66541    
0.45620   11.06000  0.00289      11.10379      230.15744    
0.45704   11.06000  0.00289      11.12760      548.39652    
0.45746   11.15000  0.00289      11.13954      13.13530     
0.45788   11.10000  0.00289      11.15150      318.21552    
0.45830   11.15000  0.00289      11.16348      21.79056     
0.45872   11.14000  0.00289      11.17548      151.03673    
0.45914   11.19000  0.00289      11.18750      0.74928      
0.45977   11.30000  0.00289      11.20558      1069.85041   
0.46019   11.14000  0.00289      11.21766      723.68733    
0.46062   11.11000  0.00289      11.22976      1721.07416   
0.46104   11.28000  0.00289      11.24188      174.34765    
0.46147   11.26000  0.00289      11.25403      4.27787      
0.46211   11.33000  0.00289      11.27229      399.64297    
0.46275   11.33000  0.00289      11.29060      186.25611    
0.46339   11.33000  0.00289      11.30897      53.09200     
0.46425   11.42000  0.00289      11.33353      897.25741    
0.46468   11.41000  0.00289      11.34585      493.89502    
0.46490   11.35000  0.00289      11.35201      0.48586      
0.46533   11.30000  0.00289      11.36436      497.10563    
0.46598   11.27000  0.00289      11.38293      1530.42148   
0.46664   11.49000  0.00289      11.40155      938.76015    
0.46729   11.43000  0.00289      11.42023      11.46538     
0.46795   11.39000  0.00289      11.43895      287.54110    
0.46860   11.35000  0.00289      11.45773      1392.66066   
0.46904   11.41000  0.00289      11.47028      435.99723    
0.46948   11.54000  0.00289      11.48285      391.95383    
0.46992   11.52000  0.00289      11.49544      72.36027     
0.47037   11.53000  0.00289      11.50806      57.74845     
0.47081   11.48000  0.00289      11.52071      198.83385    
0.47125   11.47000  0.00289      11.53337      481.92458    
0.47170   11.50000  0.00289      11.54606      254.61271    
0.47237   11.59000  0.00289      11.56514      74.14215     
0.47304   11.43000  0.00289      11.58428      2856.21250   
0.47326   11.51000  0.00289      11.59067      780.89037    
0.47348   11.55000  0.00289      11.59706      265.81354    
0.47371   11.47000  0.00289      11.60347      2137.62724   
0.47416   11.55000  0.00289      11.61629      527.33318    
0.47461   11.65000  0.00289      11.62914      52.22633     
0.47506   11.55000  0.00289      11.64201      1015.90058   
0.47551   11.63000  0.00289      11.65491      74.43930     
0.47619   11.66000  0.00289      11.67430      24.52855     
0.47664   11.56000  0.00289      11.68725      1943.25754   
0.47733   11.67000  0.00289      11.70674      161.96301    
0.47778   11.74000  0.00289      11.71976      49.16860     
0.47824   11.73000  0.00289      11.73280      0.94266      
0.47893   11.77000  0.00289      11.75242      37.10042     
0.47962   11.79000  0.00289      11.77209      38.50418     
0.48054   11.85000  0.00289      11.79840      319.47396    
0.48123   11.79000  0.00289      11.81821      95.46791     
0.48216   11.79000  0.00289      11.84470      359.03792    
0.48286   11.79000  0.00289      11.86464      668.46588    
0.48333   11.79000  0.00289      11.87796      928.42748    
0.48403   11.80000  0.00289      11.89799      1152.32159   
0.48450   11.85000  0.00289      11.91138      452.12083    
0.48520   11.85000  0.00289      11.93151      797.30998    
0.48567   11.82000  0.00289      11.94497      1873.96368   
0.48638   11.87000  0.00289      11.96519      1087.43461   
0.48685   11.80000  0.00289      11.97871      3832.60166   
0.48733   11.83000  0.00289      11.99226      3159.32335   
0.48780   11.88000  0.00289      12.00583      1899.97123   
0.48852   11.92000  0.00289      12.02624      1354.34611   
0.48900   12.04000  0.00289      12.03987      0.00189      
0.48948   12.02000  0.00289      12.05354      134.98503    
0.48996   11.93000  0.00289      12.06723      2259.86735   
0.49020   11.95000  0.00289      12.07409      1847.69021   
0.49068   11.89000  0.00289      12.08782      4695.83810   
0.49140   12.02000  0.00289      12.10847      939.15332    
0.49188   11.96000  0.00289      12.12227      3159.61379   
0.49237   11.99000  0.00289      12.13609      2561.14694   
0.49285   12.17000  0.00289      12.14995      48.26043     
0.49358   11.98000  0.00289      12.17078      4367.53709   
0.49407   12.05000  0.00289      12.18470      2177.29019   
0.49456   12.19000  0.00289      12.19865      8.97823      
0.49554   12.21000  0.00289      12.22663      33.19605     
0.49628   12.18000  0.00289      12.24769      549.86677    
0.49727   12.13000  0.00289      12.27587      2553.35308   
0.49801   12.31000  0.00289      12.29708      20.04235     
0.49875   12.27000  0.00289      12.31835      280.48775    
0.49950   12.22000  0.00289      12.33968      1718.81465   
0.50025   12.29000  0.00289      12.36108      606.26126    
0.50100   12.44000  0.00289      12.38254      396.18410    
0.50150   12.41000  0.00289      12.39689      20.63996     
0.50201   12.26000  0.00289      12.41126      2745.47979   
0.50251   12.23000  0.00289      12.42566      4593.93364   
0.50302   12.22000  0.00289      12.44009      5812.78695   
0.50352   12.40000  0.00289      12.45455      357.09075    
0.50429   12.46000  0.00289      12.47629      31.86307     
0.50531   12.29000  0.00289      12.50539      5567.14873   
0.50633   12.32000  0.00289      12.53460      5526.54135   
0.50684   12.32000  0.00289      12.54925      6306.89192   
0.50736   12.44000  0.00289      12.56393      1843.17845   
0.50839   12.52000  0.00289      12.59339      646.25411    
0.50916   12.37000  0.00289      12.61555      7235.52504   
0.50942   12.61000  0.00289      12.62296      20.14465     
0.50968   12.45000  0.00289      12.63037      3903.91872   
0.51020   12.41000  0.00289      12.64521      6639.07154   
0.51046   12.57000  0.00289      12.65265      819.68733    
0.51073   12.64000  0.00289      12.66009      48.43341     
0.51151   12.58000  0.00289      12.68246      1259.80036   
0.51230   12.58000  0.00289      12.70490      1872.04475   
0.51282   12.54000  0.00289      12.71990      3883.67491   
0.51361   12.57000  0.00289      12.74246      3568.89682   
0.51440   12.74000  0.00289      12.76508      75.48212     
0.51520   12.69000  0.00289      12.78778      1147.19770   
0.51573   12.67000  0.00289      12.80294      2120.89679   
0.51653   12.65000  0.00289      12.82576      3706.83494   
0.51733   12.66000  0.00289      12.84864      4270.17725   
0.51813   12.80000  0.00289      12.87159      615.07604    
0.51921   12.76000  0.00289      12.90231      2430.26722   
0.51975   12.74000  0.00289      12.91772      3789.98313   
0.52029   12.80000  0.00289      12.93315      2127.62921   
0.52138   12.78000  0.00289      12.96413      4068.38572   
0.52274   12.80000  0.00289      13.00303      4946.39660   
0.52356   12.92000  0.00289      13.02646      1360.15097   
0.52411   12.87000  0.00289      13.04213      3555.43441   
0.52466   12.90000  0.00289      13.05783      2989.16736   
0.52493   12.86000  0.00289      13.06569      5076.99379   
0.52549   12.82000  0.00289      13.08144      8201.96544   
0.52604   12.92000  0.00289      13.09722      3768.78559   
0.52632   12.88000  0.00289      13.10512      6081.58728   
0.52687   12.95000  0.00289      13.12095      3506.99134   
0.52743   13.07000  0.00289      13.13682      535.74848    
0.52798   13.00000  0.00289      13.15272      2798.63890   
0.52854   12.97000  0.00289      13.16865      4735.27334   
0.52882   13.03000  0.00289      13.17663      2579.87983   
0.52910   13.11000  0.00289      13.18461      668.03815    
0.52994   13.13000  0.00289      13.20862      741.80044    
0.53079   13.02000  0.00289      13.23271      5429.53875   
0.53191   13.06000  0.00289      13.26495      5040.44900   
0.53248   13.15000  0.00289      13.28112      2063.03136   
0.53362   13.18000  0.00289      13.31356      2140.63234   
0.53476   13.18000  0.00289      13.34614      3312.43023   
0.53533   13.27000  0.00289      13.36249      1026.45279   
0.53591   13.29000  0.00289      13.37886      947.63835    
0.53648   13.28000  0.00289      13.39528      1594.69628   
0.53763   13.32000  0.00289      13.42821      1405.16632   
0.53879   13.33000  0.00289      13.46129      2068.33274   
0.53937   13.32000  0.00289      13.47788      2991.02972   
0.54025   13.33000  0.00289      13.50283      3584.46626   
0.54113   13.41000  0.00289      13.52787      1667.07840   
0.54171   13.31000  0.00289      13.54460      6604.49787   
0.54230   13.23000  0.00289      13.56137      13176.88741  
0.54289   13.37000  0.00289      13.57818      5200.65505   
0.54318   13.42000  0.00289      13.58660      3330.55790   
0.54348   13.40000  0.00289      13.59502      4564.12193   
0.54407   13.40000  0.00289      13.61190      5388.44187   
0.54496   13.40000  0.00289      13.63730      6757.08500   
0.54555   13.54000  0.00289      13.65427      1566.87072   
0.54645   13.56000  0.00289      13.67980      1722.17420   
0.54705   13.45000  0.00289      13.69686      7312.99403   
0.54765   13.51000  0.00289      13.71397      4992.30242   
0.54825   13.60000  0.00289      13.73111      2062.71268   
0.54885   13.54000  0.00289      13.74829      5205.98707   
0.54975   13.63000  0.00289      13.77413      2492.64322   
0.55036   13.61000  0.00289      13.79140      3948.63675   
0.55127   13.61000  0.00289      13.81738      5160.74350   
0.55218   13.67000  0.00289      13.84345      3610.04614   
0.55279   13.67000  0.00289      13.86087      4371.88982   
0.55340   13.70000  0.00289      13.87834      3816.51315   
0.55432   13.72000  0.00289      13.90461      4089.58202   
0.55494   13.67000  0.00289      13.92217      7630.70745   
0.55556   13.78000  0.00289      13.93977      3063.16805   
0.55617   13.69000  0.00289      13.95741      8580.95884   
0.55679   13.78000  0.00289      13.97509      4567.16667   
0.55741   13.79000  0.00289      13.99281      4935.71369   
0.55772   13.70000  0.00289      14.00168      10921.42968  
0.55804   13.77000  0.00289      14.01057      6944.63204   
0.55835   13.82000  0.00289      14.01946      4774.10707   
0.55866   13.70000  0.00289      14.02836      12938.72989  
0.55928   13.74000  0.00289      14.04620      11251.11898  
0.55991   13.82000  0.00289      14.06408      7148.95254   
0.56054   13.89000  0.00289      14.08200      4423.53389   
0.56117   13.86000  0.00289      14.09995      6909.39574   
0.56180   13.80000  0.00289      14.11795      12131.30021  
0.56243   13.85000  0.00289      14.13599      9814.96342   
0.56275   13.90000  0.00289      14.14503      7204.55935   
0.56338   13.95000  0.00289      14.16313      5450.73894   
0.56402   14.05000  0.00289      14.18127      2067.72110   
0.56465   14.01000  0.00289      14.19945      4306.88986   
0.56561   14.03000  0.00289      14.22680      4647.53749   
0.56625   14.01000  0.00289      14.24508      6631.66553   
0.56721   13.98000  0.00289      14.27259      10272.89019  
0.56818   14.07000  0.00289      14.30019      6358.26951   
0.56915   14.09000  0.00289      14.32788      6790.35458   
0.56980   14.09000  0.00289      14.34639      7888.49448   
0.57045   14.10000  0.00289      14.36495      8423.81053   
0.57110   14.19000  0.00289      14.38355      4495.34218   
0.57176   14.08000  0.00289      14.40219      12456.80867  
0.57241   14.15000  0.00289      14.42087      8804.78054   
0.57307   14.14000  0.00289      14.43960      10771.35931  
0.57339   14.21000  0.00289      14.44898      6853.46559   
0.57372   14.23000  0.00289      14.45837      6258.45509   
0.57438   14.17000  0.00289      14.47719      11323.53501  
0.57504   14.21000  0.00289      14.49604      9818.38737   
0.57604   14.29000  0.00289      14.52441      6593.65233   
0.57670   14.22000  0.00289      14.54337      12548.43660  
0.57703   14.32000  0.00289      14.55287      6507.54689   
0.57803   14.32000  0.00289      14.58144      8201.82553   
0.57870   14.33000  0.00289      14.60053      8782.55576   
0.57937   14.43000  0.00289      14.61967      4317.15598   
0.58005   14.41000  0.00289      14.63886      6285.23109   
0.58072   14.47000  0.00289      14.65809      4245.36375   
0.58140   14.52000  0.00289      14.67737      2971.67330   
0.58241   14.49000  0.00289      14.70636      5617.53096   
0.58309   14.58000  0.00289      14.72575      2549.17459   
0.58411   14.64000  0.00289      14.75492      1584.69897   
0.58480   14.63000  0.00289      14.77442      2502.77727   
0.58548   14.67000  0.00289      14.79396      1844.06387   
0.58582   14.68000  0.00289      14.80376      1837.83830   
0.58617   14.67000  0.00289      14.81356      2473.03782   
0.58685   14.73000  0.00289      14.83320      1277.92323   
0.58720   14.67000  0.00289      14.84303      3592.82293   
0.58789   14.74000  0.00289      14.86274      1807.82013   
0.58858   14.77000  0.00289      14.88249      1518.60279   
0.58893   14.74000  0.00289      14.89239      2786.69436   
0.58962   14.79000  0.00289      14.91221      1792.33261   
0.59032   14.79000  0.00289      14.93208      2422.55645   
0.59067   14.75000  0.00289      14.94204      4425.40786   
0.59102   14.84000  0.00289      14.95200      1505.34380   
0.59172   14.83000  0.00289      14.97197      2418.57295   
0.59277   14.88000  0.00289      15.00200      1786.19656   
0.59347   14.93000  0.00289      15.02209      1017.61762   
0.59418   14.92000  0.00289      15.04222      1792.50328   
0.59453   14.97000  0.00289      15.05230      812.85135    
0.59488   15.01000  0.00289      15.06240      329.47291    
0.59559   14.96000  0.00289      15.08263      1804.45597   
0.59595   15.07000  0.00289      15.09276      62.15005     
0.59666   15.08000  0.00289      15.11306      131.13715    
0.59737   15.12000  0.00289      15.13341      21.56667     
0.59773   15.13000  0.00289      15.14360      22.19027     
0.59844   15.14000  0.00289      15.16402      69.23502     
0.59952   15.20000  0.00289      15.19474      3.31508      
0.60024   15.24000  0.00289      15.21529      73.28108     
0.60096   15.25000  0.00289      15.23588      23.91920     
0.60168   15.29000  0.00289      15.25652      134.47070    
0.60205   15.31000  0.00289      15.26686      223.27546    
0.60314   15.35000  0.00289      15.29796      324.97417    
0.60386   15.38000  0.00289      15.31875      450.13909    
0.60496   15.39000  0.00289      15.35004      191.64547    
0.60569   15.44000  0.00289      15.37096      572.05091    
0.60680   15.50000  0.00289      15.40243      1142.40091   
0.60753   15.52000  0.00289      15.42348      1118.03496   
0.60790   15.54000  0.00289      15.43402      1347.86548   
0.60864   15.56000  0.00289      15.45514      1319.45211   
0.60976   15.58000  0.00289      15.48692      1039.62153   
0.61087   15.61000  0.00289      15.51882      997.66348    
0.61162   15.66000  0.00289      15.54015      1723.69076   
0.61200   15.68000  0.00289      15.55083      2002.05175   
0.61275   15.68000  0.00289      15.57224      1393.39113   
0.61312   15.71000  0.00289      15.58297      1936.49019   
0.61387   15.73000  0.00289      15.60445      1891.40717   
0.61463   15.79000  0.00289      15.62599      3227.73504   
0.61576   15.80000  0.00289      15.65840      2405.91798   
0.61652   15.84000  0.00289      15.68008      3069.02222   
0.61728   15.86000  0.00289      15.70180      3003.10731   
0.61767   15.88000  0.00289      15.71269      3359.20759   
0.61767   15.90000  0.00289      15.71269      4210.30650   
0.61805   15.91000  0.00289      15.72358      4170.08174   
0.61881   15.92000  0.00289      15.74542      3657.42446   
0.61920   15.95000  0.00289      15.75636      4499.74114   
0.61996   15.96000  0.00289      15.77827      3963.00970   
0.62073   16.00000  0.00289      15.80024      4788.39436   
0.62150   15.99000  0.00289      15.82227      3376.14246   
0.62189   16.01000  0.00289      15.83330      3746.77397   
0.62228   16.02000  0.00289      15.84435      3702.52228   
0.62267   16.02000  0.00289      15.85541      3250.93201   
0.62305   16.02000  0.00289      15.86648      2828.19332   
0.62344   16.05000  0.00289      15.87757      3567.92356   
0.62422   16.04000  0.00289      15.89979      2359.20772   
0.62500   16.07000  0.00289      15.92206      2626.40051   
0.62539   16.07000  0.00289      15.93322      2245.18670   
0.62578   16.09000  0.00289      15.94439      2544.36999   
0.62617   16.09000  0.00289      15.95557      2168.48980   
0.62657   16.10000  0.00289      15.96677      2129.96927   
0.62696   16.11000  0.00289      15.97799      2091.34900   
0.62735   16.13000  0.00289      15.98921      2378.53010   
0.62735   16.13000  0.00289      15.98921      2378.53010   
0.62775   16.16000  0.00289      16.00045      3054.58521   
0.62854   16.17000  0.00289      16.02298      2593.79966   
0.62893   16.18000  0.00289      16.03426      2548.69258   
0.62972   16.21000  0.00289      16.05687      2813.70270   
0.63052   16.23000  0.00289      16.07954      2716.52146   
0.63131   16.26000  0.00289      16.10227      2985.57826   
0.63171   16.28000  0.00289      16.11365      3320.65555   
0.63251   16.29000  0.00289      16.13646      2828.88115   
0.63291   16.32000  0.00289      16.14789      3554.66702   
0.63371   16.34000  0.00289      16.17079      3435.97293   
0.63452   16.34000  0.00289      16.19374      2566.94035   
0.63532   16.38000  0.00289      16.21676      3197.78804   
0.63613   16.39000  0.00289      16.23983      2706.12239   
0.63694   16.43000  0.00289      16.26296      3348.21479   
0.63735   16.46000  0.00289      16.27455      4127.01915   
0.63776   16.43000  0.00289      16.28615      2483.05577   
0.63857   16.46000  0.00289      16.30940      2721.55904   
0.63939   16.48000  0.00289      16.33271      2603.26058   
0.64020   16.46000  0.00289      16.35608      1295.90407   
0.64103   16.49000  0.00289      16.37951      1464.97015   
0.64185   16.51000  0.00289      16.40300      1373.90694   
0.64267   16.55000  0.00289      16.42655      1828.83313   
0.64309   16.55000  0.00289      16.43835      1495.99465   
0.64350   16.54000  0.00289      16.45016      968.57641    
0.64392   16.60000  0.00289      16.46199      2285.72648   
0.64475   16.57000  0.00289      16.48569      853.02085    
0.64558   16.64000  0.00289      16.50945      2045.17253   
0.64641   16.63000  0.00289      16.53327      1122.68888   
0.64725   16.68000  0.00289      16.55716      1810.73726   
0.64809   16.68000  0.00289      16.58111      1173.54270   
0.64851   16.74000  0.00289      16.59311      2589.35190   
0.64893   16.70000  0.00289      16.60512      1080.30083   
0.64977   16.77000  0.00289      16.62919      2379.26807   
0.65020   16.76000  0.00289      16.64125      1692.17519   
0.65104   16.79000  0.00289      16.66542      1862.51608   
0.65232   16.83000  0.00289      16.70178      1972.70121   
0.65359   16.85000  0.00289      16.73830      1497.35850   
0.65402   16.91000  0.00289      16.75050      3052.94207   
0.65445   16.92000  0.00289      16.76272      2968.62747   
0.65488   16.90000  0.00289      16.77495      1876.53070   
0.65574   16.90000  0.00289      16.79947      1212.87342   
0.65617   16.95000  0.00289      16.81175      2293.66061   
0.65703   16.94000  0.00289      16.83636      1288.95186   
0.65746   16.95000  0.00289      16.84869      1231.63230   
0.65789   16.94000  0.00289      16.86104      748.21063    
0.65833   16.95000  0.00289      16.87340      704.09724    
0.65876   16.99000  0.00289      16.88578      1303.41828   
0.65920   17.01000  0.00289      16.89818      1500.56149   
0.66007   17.03000  0.00289      16.92302      1373.46335   
0.66094   17.06000  0.00289      16.94792      1507.36535   
0.66181   17.05000  0.00289      16.97289      713.42911    
0.66313   17.08000  0.00289      17.01048      580.01319    
0.66401   17.13000  0.00289      17.03562      1069.01960   
0.66489   17.16000  0.00289      17.06082      1180.39686   
0.66534   17.19000  0.00289      17.07345      1630.12950   
0.66667   17.21000  0.00289      17.11143      1165.88310   
0.66711   17.21000  0.00289      17.12413      884.90274    
0.66800   17.26000  0.00289      17.14957      1463.42710   
0.66845   17.28000  0.00289      17.16231      1661.99752   
0.66890   17.28000  0.00289      17.17508      1321.05583   
0.66979   17.32000  0.00289      17.20065      1709.19620   
0.67024   17.34000  0.00289      17.21347      1921.20613   
0.67114   17.35000  0.00289      17.23915      1474.53419   
0.67159   17.38000  0.00289      17.25202      1965.59271   
0.67204   17.36000  0.00289      17.26490      1085.29715   
0.67249   17.41000  0.00289      17.27780      2097.21866   
0.67340   17.41000  0.00289      17.30365      1357.14365   
0.67385   17.40000  0.00289      17.31661      834.53340    
0.67431   17.42000  0.00289      17.32958      981.15580    
0.67522   17.45000  0.00289      17.35557      1070.03121   
0.67568   17.43000  0.00289      17.36859      452.48999    
0.67659   17.46000  0.00289      17.39469      511.80787    
0.67705   17.50000  0.00289      17.40777      1020.79757   
0.67797   17.51000  0.00289      17.43397      693.60014    
0.67843   17.52000  0.00289      17.44710      637.67793    
0.67935   17.56000  0.00289      17.47341      899.63661    
0.67981   17.58000  0.00289      17.48660      1046.87689   
0.68027   17.59000  0.00289      17.49980      976.35603    
0.68120   17.62000  0.00289      17.52625      1054.59617   
0.68166   17.63000  0.00289      17.53951      982.63755    
0.68259   17.62000  0.00289      17.56607      348.97780    
0.68306   17.66000  0.00289      17.57938      779.91314    
0.68399   17.69000  0.00289      17.60605      845.61448    
0.68446   17.69000  0.00289      17.61942      597.80618    
0.68493   17.74000  0.00289      17.63280      1378.99827   
0.68587   17.75000  0.00289      17.65962      980.21940    
0.68634   17.79000  0.00289      17.67306      1641.06347   
0.68729   17.81000  0.00289      17.69999      1452.32702   
0.68776   17.80000  0.00289      17.71348      898.27671    
0.68823   17.84000  0.00289      17.72699      1532.50291   
0.68823   17.84000  0.00289      17.72699      1532.50291   
0.68871   17.83000  0.00289      17.74052      960.76262    
0.68918   17.88000  0.00289      17.75407      1902.99197   
0.69013   17.91000  0.00289      17.78122      1989.99863   
0.69061   17.89000  0.00289      17.79483      1086.91232   
0.69156   17.89000  0.00289      17.82209      553.33669    
0.69204   17.93000  0.00289      17.83576      1065.83246   
0.69300   17.93000  0.00289      17.86314      536.50414    
0.69348   17.96000  0.00289      17.87685      829.59740    
0.69396   17.94000  0.00289      17.89059      292.95069    
0.69493   17.99000  0.00289      17.91812      619.96093    
0.69541   18.00000  0.00289      17.93192      556.22958    
0.69589   18.02000  0.00289      17.94573      661.90303    
0.69638   18.04000  0.00289      17.95956      776.38954    
0.69735   18.04000  0.00289      17.98729      333.42373    
0.69784   18.08000  0.00289      18.00118      745.52539    
0.69832   18.09000  0.00289      18.01509      673.38705    
0.69930   18.10000  0.00289      18.04297      390.30605    
0.69930   18.14000  0.00289      18.04297      1129.80495   
0.69979   18.15000  0.00289      18.05694      1039.27034   
0.70028   18.14000  0.00289      18.07093      572.54345    
0.70126   18.18000  0.00289      18.09896      788.06130    
0.70175   18.19000  0.00289      18.11301      711.30914    
0.70225   18.21000  0.00289      18.12708      825.15990    
0.70274   18.23000  0.00289      18.14116      947.03692    
0.70373   18.26000  0.00289      18.16940      985.08070    
0.70472   18.28000  0.00289      18.19771      812.61225    
0.70522   18.31000  0.00289      18.21190      1154.93689   
0.70572   18.32000  0.00289      18.22610      1058.02075   
0.70621   18.33000  0.00289      18.24033      964.91919    
0.70671   18.34000  0.00289      18.25457      875.69240    
0.70771   18.34000  0.00289      18.28313      388.12329    
0.70822   18.35000  0.00289      18.29744      331.56080    
0.70872   18.36000  0.00289      18.31176      279.21582    
0.70972   18.37000  0.00289      18.34048      104.57922    
0.71023   18.41000  0.00289      18.35487      364.75191    
0.71124   18.41000  0.00289      18.38371      82.96584     
0.71174   18.44000  0.00289      18.39816      210.11191    
0.71276   18.46000  0.00289      18.42712      129.74992    
0.71327   18.46000  0.00289      18.44163      40.49692     
0.71378   18.50000  0.00289      18.45616      230.61114    
0.71480   18.52000  0.00289      18.48529      144.57705    
0.71480   18.54000  0.00289      18.48529      359.18675    
0.71531   18.57000  0.00289      18.49988      589.93932    
0.71582   18.57000  0.00289      18.51450      369.62243    
0.71633   18.59000  0.00289      18.52914      444.51049    
0.71685   18.61000  0.00289      18.54380      525.96828    
0.71736   18.62000  0.00289      18.55847      454.25218    
0.71788   18.64000  0.00289      18.57317      535.88489    
0.71839   18.67000  0.00289      18.58790      808.94556    
0.71942   18.69000  0.00289      18.61740      632.47775    
0.72046   18.74000  0.00289      18.64699      1038.07052   
0.72150   18.76000  0.00289      18.67667      833.31555    
0.72202   18.77000  0.00289      18.69154      738.75911    
0.72254   18.79000  0.00289      18.70643      838.08509    
0.72359   18.80000  0.00289      18.73628      487.26809    
0.72411   18.81000  0.00289      18.75123      414.41540    
0.72464   18.86000  0.00289      18.76621      1055.54411   
0.72569   18.84000  0.00289      18.79623      229.86239    
0.72622   18.86000  0.00289      18.81128      284.87455    
0.72674   18.90000  0.00289      18.82634      651.05960    
0.72727   18.90000  0.00289      18.84143      411.66441    
0.72833   18.93000  0.00289      18.87167      408.29338    
0.72886   18.94000  0.00289      18.88682      339.33859    
0.72993   18.96000  0.00289      18.91720      219.86675    
0.73099   18.98000  0.00289      18.94766      125.52736    
0.73153   18.99000  0.00289      18.96292      87.99037     
0.73206   19.02000  0.00289      18.97821      209.58926    
0.73260   19.04000  0.00289      18.99352      259.28141    
0.73314   19.06000  0.00289      19.00885      313.97930    
0.73314   19.09000  0.00289      19.00885      790.27138    
0.73368   19.07000  0.00289      19.02420      251.69220    
0.73421   19.08000  0.00289      19.03958      196.06577    
0.73475   19.14000  0.00289      19.05498      867.45377    
0.73584   19.15000  0.00289      19.08584      493.92118    
0.73638   19.16000  0.00289      19.10131      413.32772    
0.73746   19.21000  0.00289      19.13231      724.21861    
0.73855   19.24000  0.00289      19.16341      703.95907    
0.73964   19.27000  0.00289      19.19459      682.32106    
0.74019   19.30000  0.00289      19.21022      967.20740    
0.74074   19.30000  0.00289      19.22587      659.37588    
0.74184   19.32000  0.00289      19.25724      472.58850    
0.74294   19.33000  0.00289      19.28871      204.58981    
0.74349   19.35000  0.00289      19.30448      248.68281    
0.74460   19.37000  0.00289      19.33608      138.04973    
0.74571   19.38000  0.00289      19.36778      17.91383     
0.74627   19.41000  0.00289      19.38367      83.20986     
0.74683   19.43000  0.00289      19.39958      111.07249    
0.74738   19.43000  0.00289      19.41551      25.19841     
0.74738   19.47000  0.00289      19.41551      356.31124    
0.74850   19.50000  0.00289      19.44745      331.42723    
0.74906   19.52000  0.00289      19.46345      383.73794    
0.74963   19.56000  0.00289      19.47948      778.03110    
0.75075   19.58000  0.00289      19.51161      561.28932    
0.75075   19.59000  0.00289      19.51161      737.42916    
0.75188   19.62000  0.00289      19.54383      696.14773    
0.75245   19.65000  0.00289      19.55998      972.35746    
0.75358   19.66000  0.00289      19.59236      549.10149    
0.75415   19.66000  0.00289      19.60858      317.31410    
0.75472   19.71000  0.00289      19.62482      870.58844    
0.75586   19.74000  0.00289      19.65739      818.89532    
0.75643   19.74000  0.00289      19.67371      527.28557    
0.75700   19.77000  0.00289      19.69006      766.89102    
0.75758   19.80000  0.00289      19.70643      1050.68787   
0.75815   19.79000  0.00289      19.72282      541.53150    
0.75873   19.81000  0.00289      19.73924      600.79057    
0.75930   19.82000  0.00289      19.75569      496.33113    
0.75988   19.83000  0.00289      19.77216      401.49314    
0.76104   19.84000  0.00289      19.80517      145.55812    
0.76161   19.86000  0.00289      19.82172      175.86899    
0.76220   19.89000  0.00289      19.83829      320.90204    
0.76278   19.89000  0.00289      19.85488      147.98371    
0.76336   19.91000  0.00289      19.87150      177.83285    
0.76394   19.93000  0.00289      19.88815      210.16720    
0.76453   19.95000  0.00289      19.90482      244.92479    
0.76570   19.97000  0.00289      19.93824      121.02628    

Gradi di liberta = 621
Chi-quadro = 1169292.0816458545
p-value = 0.0
Errore a posteriori = 0.12526

Test ipotesi funzione costante_______________________________
Gradi di Liberta' = 621
t = 603.7915171331332
p-value = 0.0

Test ipotesi compatibilità misure____________________________
x         y         sy           y_media_p     Chi-quadro   
0.37651   9.01000   0.00289      14.17772      3204640.47575
0.37750   9.03000   0.00289      14.17772      3179883.41636
0.37836   9.05000   0.00289      14.17772      3155222.35697
0.37922   9.08000   0.00289      14.17772      3118410.76788
0.38023   9.09000   0.00289      14.17772      3106188.23819
0.38110   9.10000   0.00289      14.17772      3093989.70849
0.38168   9.13000   0.00289      14.17772      3057538.11941
0.38256   9.17000   0.00289      14.17772      3009272.00063
0.38344   9.15000   0.00289      14.17772      3033357.06002
0.38388   9.18000   0.00289      14.17772      2997265.47093
0.38432   9.19000   0.00289      14.17772      2985282.94124
0.38506   9.18000   0.00289      14.17772      2997265.47093
0.38565   9.20000   0.00289      14.17772      2973324.41154
0.38595   9.24000   0.00289      14.17772      2925730.29276
0.38580   9.22000   0.00289      14.17772      2949479.35215
0.38595   9.21000   0.00289      14.17772      2961389.88185
0.38625   9.24000   0.00289      14.17772      2925730.29276
0.38640   9.22000   0.00289      14.17772      2949479.35215
0.38670   9.27000   0.00289      14.17772      2890286.70368
0.38715   9.21000   0.00289      14.17772      2961389.88185
0.38745   9.29000   0.00289      14.17772      2866777.64429
0.38835   9.29000   0.00289      14.17772      2866777.64429
0.38911   9.31000   0.00289      14.17772      2843364.58490
0.38926   9.30000   0.00289      14.17772      2855059.11459
0.38986   9.32000   0.00289      14.17772      2831694.05520
0.39032   9.36000   0.00289      14.17772      2785251.93642
0.39078   9.37000   0.00289      14.17772      2773701.40673
0.39124   9.38000   0.00289      14.17772      2762174.87703
0.39216   9.39000   0.00289      14.17772      2750672.34734
0.39293   9.42000   0.00289      14.17772      2716308.75825
0.39355   9.43000   0.00289      14.17772      2704902.22856
0.39417   9.45000   0.00289      14.17772      2682161.16917
0.39494   9.48000   0.00289      14.17772      2648229.58008
0.39557   9.51000   0.00289      14.17772      2614513.99100
0.39604   9.53000   0.00289      14.17772      2592156.93161
0.39635   9.50000   0.00289      14.17772      2625728.52069
0.39698   9.54000   0.00289      14.17772      2581014.40191
0.39746   9.55000   0.00289      14.17772      2569895.87222
0.39809   9.55000   0.00289      14.17772      2569895.87222
0.39857   9.59000   0.00289      14.17772      2525661.75344
0.39904   9.60000   0.00289      14.17772      2514663.22374
0.39952   9.59000   0.00289      14.17772      2525661.75344
0.39984   9.63000   0.00289      14.17772      2481811.63466
0.40016   9.59000   0.00289      14.17772      2525661.75344
0.40080   9.63000   0.00289      14.17772      2481811.63466
0.40145   9.64000   0.00289      14.17772      2470909.10496
0.40193   9.64000   0.00289      14.17772      2470909.10496
0.40241   9.62000   0.00289      14.17772      2492738.16435
0.40274   9.68000   0.00289      14.17772      2427538.98618
0.40339   9.70000   0.00289      14.17772      2405997.92679
0.40388   9.71000   0.00289      14.17772      2395263.39710
0.40437   9.67000   0.00289      14.17772      2438345.51588
0.40502   9.71000   0.00289      14.17772      2395263.39710
0.40552   9.75000   0.00289      14.17772      2352565.27832
0.40601   9.73000   0.00289      14.17772      2373866.33771
0.40667   9.80000   0.00289      14.17772      2299732.62984
0.40700   9.85000   0.00289      14.17772      2247499.98137
0.40733   9.83000   0.00289      14.17772      2268321.04076
0.40783   9.84000   0.00289      14.17772      2257898.51106
0.40833   9.87000   0.00289      14.17772      2226774.92198
0.40883   9.89000   0.00289      14.17772      2206145.86259
0.40950   9.91000   0.00289      14.17772      2185612.80320
0.41000   9.91000   0.00289      14.17772      2185612.80320
0.41068   9.89000   0.00289      14.17772      2206145.86259
0.41135   9.85000   0.00289      14.17772      2247499.98137
0.41203   9.90000   0.00289      14.17772      2195867.33289
0.41254   9.97000   0.00289      14.17772      2124589.62503
0.41322   9.98000   0.00289      14.17772      2114503.09533
0.41408   9.98000   0.00289      14.17772      2114503.09533
0.41477   10.05000  0.00289      14.17772      2044569.38747
0.41511   9.99000   0.00289      14.17772      2104440.56564
0.41563   10.04000  0.00289      14.17772      2054487.91716
0.41632   10.07000  0.00289      14.17772      2024804.32808
0.41701   10.00000  0.00289      14.17772      2094402.03594
0.41754   10.08000  0.00289      14.17772      2014957.79838
0.41824   10.09000  0.00289      14.17772      2005135.26869
0.41859   10.04000  0.00289      14.17772      2054487.91716
0.41894   10.09000  0.00289      14.17772      2005135.26869
0.41946   10.06000  0.00289      14.17772      2034674.85777
0.42017   10.11000  0.00289      14.17772      1985562.20930
0.42070   10.15000  0.00289      14.17772      1946704.09052
0.42123   10.12000  0.00289      14.17772      1975811.67960
0.42194   10.20000  0.00289      14.17772      1898671.44204
0.42248   10.17000  0.00289      14.17772      1927419.03113
0.42301   10.18000  0.00289      14.17772      1917812.50143
0.42355   10.22000  0.00289      14.17772      1879626.38265
0.42391   10.25000  0.00289      14.17772      1851238.79357
0.42463   10.27000  0.00289      14.17772      1832433.73418
0.42499   10.27000  0.00289      14.17772      1832433.73418
0.42553   10.27000  0.00289      14.17772      1832433.73418
0.42589   10.29000  0.00289      14.17772      1813724.67479
0.42644   10.34000  0.00289      14.17772      1767372.02631
0.42699   10.33000  0.00289      14.17772      1776594.55601
0.42753   10.31000  0.00289      14.17772      1795111.61540
0.42827   10.37000  0.00289      14.17772      1739848.43723
0.42918   10.38000  0.00289      14.17772      1730721.90753
0.43011   10.45000  0.00289      14.17772      1667508.19967
0.43066   10.39000  0.00289      14.17772      1721619.37784
0.43103   10.45000  0.00289      14.17772      1667508.19967
0.43159   10.49000  0.00289      14.17772      1631914.08089
0.43215   10.47000  0.00289      14.17772      1649663.14028
0.43271   10.48000  0.00289      14.17772      1640776.61058
0.43328   10.55000  0.00289      14.17772      1579242.90272
0.43384   10.49000  0.00289      14.17772      1631914.08089
0.43440   10.46000  0.00289      14.17772      1658573.66997
0.43497   10.49000  0.00289      14.17772      1631914.08089
0.43535   10.62000  0.00289      14.17772      1518885.19485
0.43592   10.50000  0.00289      14.17772      1623075.55119
0.43630   10.61000  0.00289      14.17772      1527435.72455
0.43687   10.47000  0.00289      14.17772      1649663.14028
0.43725   10.58000  0.00289      14.17772      1553231.31363
0.43783   10.55000  0.00289      14.17772      1579242.90272
0.43821   10.55000  0.00289      14.17772      1579242.90272
0.43879   10.65000  0.00289      14.17772      1493377.60577
0.43937   10.70000  0.00289      14.17772      1451344.95729
0.43995   10.62000  0.00289      14.17772      1518885.19485
0.44053   10.67000  0.00289      14.17772      1476492.54638
0.44092   10.72000  0.00289      14.17772      1434699.89790
0.44150   10.70000  0.00289      14.17772      1451344.95729
0.44209   10.72000  0.00289      14.17772      1434699.89790
0.44267   10.76000  0.00289      14.17772      1401697.77912
0.44326   10.74000  0.00289      14.17772      1418150.83851
0.44366   10.71000  0.00289      14.17772      1443010.42759
0.44425   10.75000  0.00289      14.17772      1409912.30881
0.44524   10.82000  0.00289      14.17772      1352914.60095
0.44603   10.84000  0.00289      14.17772      1336845.54156
0.44683   10.87000  0.00289      14.17772      1312921.95247
0.44763   10.76000  0.00289      14.17772      1401697.77912
0.44863   10.88000  0.00289      14.17772      1304995.42278
0.44924   10.98000  0.00289      14.17772      1227050.12583
0.45005   10.96000  0.00289      14.17772      1242447.18522
0.45086   10.99000  0.00289      14.17772      1219387.59613
0.45147   10.90000  0.00289      14.17772      1289214.36339
0.45208   10.95000  0.00289      14.17772      1250181.71491
0.45269   11.03000  0.00289      14.17772      1188977.47735
0.45331   10.92000  0.00289      14.17772      1273529.30400
0.45393   11.00000  0.00289      14.17772      1211749.06644
0.45434   10.99000  0.00289      14.17772      1219387.59613
0.45496   11.04000  0.00289      14.17772      1181434.94766
0.45558   11.02000  0.00289      14.17772      1196544.00705
0.45620   11.06000  0.00289      14.17772      1166421.88827
0.45704   11.06000  0.00289      14.17772      1166421.88827
0.45746   11.15000  0.00289      14.17772      1100051.12101
0.45788   11.10000  0.00289      14.17772      1136683.76949
0.45830   11.15000  0.00289      14.17772      1100051.12101
0.45872   11.14000  0.00289      14.17772      1107329.65071
0.45914   11.19000  0.00289      14.17772      1071177.00223
0.45977   11.30000  0.00289      14.17772      993753.17559 
0.46019   11.14000  0.00289      14.17772      1107329.65071
0.46062   11.11000  0.00289      14.17772      1129309.23979
0.46104   11.28000  0.00289      14.17772      1007614.23498
0.46147   11.26000  0.00289      14.17772      1021571.29437
0.46211   11.33000  0.00289      14.17772      973141.58650 
0.46275   11.33000  0.00289      14.17772      973141.58650 
0.46339   11.33000  0.00289      14.17772      973141.58650 
0.46425   11.42000  0.00289      14.17772      912602.81925 
0.46468   11.41000  0.00289      14.17772      919233.34894 
0.46490   11.35000  0.00289      14.17772      959520.52711 
0.46533   11.30000  0.00289      14.17772      993753.17559 
0.46598   11.27000  0.00289      14.17772      1014580.76467
0.46664   11.49000  0.00289      14.17772      866861.11138 
0.46729   11.43000  0.00289      14.17772      905996.28955 
0.46795   11.39000  0.00289      14.17772      932566.40833 
0.46860   11.35000  0.00289      14.17772      959520.52711 
0.46904   11.41000  0.00289      14.17772      919233.34894 
0.46948   11.54000  0.00289      14.17772      834908.46291 
0.46992   11.52000  0.00289      14.17772      847617.52230 
0.47037   11.53000  0.00289      14.17772      841250.99260 
0.47081   11.48000  0.00289      14.17772      873323.64108 
0.47125   11.47000  0.00289      14.17772      879810.17077 
0.47170   11.50000  0.00289      14.17772      860422.58169 
0.47237   11.59000  0.00289      14.17772      803555.81443 
0.47304   11.43000  0.00289      14.17772      905996.28955 
0.47326   11.51000  0.00289      14.17772      854008.05199 
0.47348   11.55000  0.00289      14.17772      828589.93321 
0.47371   11.47000  0.00289      14.17772      879810.17077 
0.47416   11.55000  0.00289      14.17772      828589.93321 
0.47461   11.65000  0.00289      14.17772      766724.63626 
0.47506   11.55000  0.00289      14.17772      828589.93321 
0.47551   11.63000  0.00289      14.17772      778905.69565 
0.47619   11.66000  0.00289      14.17772      760670.10657 
0.47664   11.56000  0.00289      14.17772      822295.40352 
0.47733   11.67000  0.00289      14.17772      754639.57687 
0.47778   11.74000  0.00289      14.17772      713097.86901 
0.47824   11.73000  0.00289      14.17772      718960.39870 
0.47893   11.77000  0.00289      14.17772      695654.27992 
0.47962   11.79000  0.00289      14.17772      684145.22053 
0.48054   11.85000  0.00289      14.17772      650194.04236 
0.48123   11.79000  0.00289      14.17772      684145.22053 
0.48216   11.79000  0.00289      14.17772      684145.22053 
0.48286   11.79000  0.00289      14.17772      684145.22053 
0.48333   11.79000  0.00289      14.17772      684145.22053 
0.48403   11.80000  0.00289      14.17772      678426.69084 
0.48450   11.85000  0.00289      14.17772      650194.04236 
0.48520   11.85000  0.00289      14.17772      650194.04236 
0.48567   11.82000  0.00289      14.17772      667061.63145 
0.48638   11.87000  0.00289      14.17772      639068.98297 
0.48685   11.80000  0.00289      14.17772      678426.69084 
0.48733   11.83000  0.00289      14.17772      661415.10175 
0.48780   11.88000  0.00289      14.17772      633542.45328 
0.48852   11.92000  0.00289      14.17772      611676.33450 
0.48900   12.04000  0.00289      14.17772      548381.97816 
0.48948   12.02000  0.00289      14.17772      558691.03755 
0.48996   11.93000  0.00289      14.17772      606269.80480 
0.49020   11.95000  0.00289      14.17772      595528.74541 
0.49068   11.89000  0.00289      14.17772      628039.92358 
0.49140   12.02000  0.00289      14.17772      558691.03755 
0.49188   11.96000  0.00289      14.17772      590194.21572 
0.49237   11.99000  0.00289      14.17772      574334.62663 
0.49285   12.17000  0.00289      14.17772      483713.09212 
0.49358   11.98000  0.00289      14.17772      579597.15633 
0.49407   12.05000  0.00289      14.17772      543263.44846 
0.49456   12.19000  0.00289      14.17772      474124.03273 
0.49554   12.21000  0.00289      14.17772      464630.97334 
0.49628   12.18000  0.00289      14.17772      478906.56243 
0.49727   12.13000  0.00289      14.17772      503179.21090 
0.49801   12.31000  0.00289      14.17772      418605.67639 
0.49875   12.27000  0.00289      14.17772      436727.79517 
0.49950   12.22000  0.00289      14.17772      459920.44365 
0.50025   12.29000  0.00289      14.17772      427618.73578 
0.50100   12.44000  0.00289      14.17772      362360.79036 
0.50150   12.41000  0.00289      14.17772      374980.37944 
0.50201   12.26000  0.00289      14.17772      441318.32487 
0.50251   12.23000  0.00289      14.17772      455233.91395 
0.50302   12.22000  0.00289      14.17772      459920.44365 
0.50352   12.40000  0.00289      14.17772      379234.90914 
0.50429   12.46000  0.00289      14.17772      354067.73097 
0.50531   12.29000  0.00289      14.17772      427618.73578 
0.50633   12.32000  0.00289      14.17772      414135.14670 
0.50684   12.32000  0.00289      14.17772      414135.14670 
0.50736   12.44000  0.00289      14.17772      362360.79036 
0.50839   12.52000  0.00289      14.17772      329764.55280 
0.50916   12.37000  0.00289      14.17772      392142.49822 
0.50942   12.61000  0.00289      14.17772      294929.78554 
0.50968   12.45000  0.00289      14.17772      358202.26066 
0.51020   12.41000  0.00289      14.17772      374980.37944 
0.51046   12.57000  0.00289      14.17772      310171.90432 
0.51073   12.64000  0.00289      14.17772      283750.19646 
0.51151   12.58000  0.00289      14.17772      306325.37463 
0.51230   12.58000  0.00289      14.17772      306325.37463 
0.51282   12.54000  0.00289      14.17772      321855.49341 
0.51361   12.57000  0.00289      14.17772      310171.90432 
0.51440   12.74000  0.00289      14.17772      248044.89951 
0.51520   12.69000  0.00289      14.17772      265597.54798 
0.51573   12.67000  0.00289      14.17772      272786.60737 
0.51653   12.65000  0.00289      14.17772      280071.66676 
0.51733   12.66000  0.00289      14.17772      276417.13707 
0.51813   12.80000  0.00289      14.17772      227773.72133 
0.51921   12.76000  0.00289      14.17772      241191.84012 
0.51975   12.74000  0.00289      14.17772      248044.89951 
0.52029   12.80000  0.00289      14.17772      227773.72133 
0.52138   12.78000  0.00289      14.17772      234434.78072 
0.52274   12.80000  0.00289      14.17772      227773.72133 
0.52356   12.92000  0.00289      14.17772      189823.36499 
0.52411   12.87000  0.00289      14.17772      205216.01347 
0.52466   12.90000  0.00289      14.17772      195908.42438 
0.52493   12.86000  0.00289      14.17772      208366.54316 
0.52549   12.82000  0.00289      14.17772      221208.66194 
0.52604   12.92000  0.00289      14.17772      189823.36499 
0.52632   12.88000  0.00289      14.17772      202089.48377 
0.52687   12.95000  0.00289      14.17772      180875.77591 
0.52743   13.07000  0.00289      14.17772      147245.41957 
0.52798   13.00000  0.00289      14.17772      166443.12743 
0.52854   12.97000  0.00289      14.17772      175030.71652 
0.52882   13.03000  0.00289      14.17772      158071.53835 
0.52910   13.11000  0.00289      14.17772      136803.30079 
0.52994   13.13000  0.00289      14.17772      131726.24140 
0.53079   13.02000  0.00289      14.17772      160838.06804 
0.53191   13.06000  0.00289      14.17772      149915.94926 
0.53248   13.15000  0.00289      14.17772      126745.18201 
0.53362   13.18000  0.00289      14.17772      119453.59292 
0.53476   13.18000  0.00289      14.17772      119453.59292 
0.53533   13.27000  0.00289      14.17772      98874.82567  
0.53591   13.29000  0.00289      14.17772      94565.76628  
0.53648   13.28000  0.00289      14.17772      96708.29597  
0.53763   13.32000  0.00289      14.17772      88282.17719  
0.53879   13.33000  0.00289      14.17772      86235.64750  
0.53937   13.32000  0.00289      14.17772      88282.17719  
0.54025   13.33000  0.00289      14.17772      86235.64750  
0.54113   13.41000  0.00289      14.17772      70727.40994  
0.54171   13.31000  0.00289      14.17772      90352.70689  
0.54230   13.23000  0.00289      14.17772      107780.94445 
0.54289   13.37000  0.00289      14.17772      78289.52872  
0.54318   13.42000  0.00289      14.17772      68896.88024  
0.54348   13.40000  0.00289      14.17772      72581.93963  
0.54407   13.40000  0.00289      14.17772      72581.93963  
0.54496   13.40000  0.00289      14.17772      72581.93963  
0.54555   13.54000  0.00289      14.17772      48802.52390  
0.54645   13.56000  0.00289      14.17772      45789.46451  
0.54705   13.45000  0.00289      14.17772      63549.29116  
0.54765   13.51000  0.00289      14.17772      53502.11299  
0.54825   13.60000  0.00289      14.17772      40051.34573  
0.54885   13.54000  0.00289      14.17772      48802.52390  
0.54975   13.63000  0.00289      14.17772      35999.75665  
0.55036   13.61000  0.00289      14.17772      38676.81604  
0.55127   13.61000  0.00289      14.17772      38676.81604  
0.55218   13.67000  0.00289      14.17772      30933.63787  
0.55279   13.67000  0.00289      14.17772      30933.63787  
0.55340   13.70000  0.00289      14.17772      27386.04878  
0.55432   13.72000  0.00289      14.17772      25140.98939  
0.55494   13.67000  0.00289      14.17772      30933.63787  
0.55556   13.78000  0.00289      14.17772      18981.81122  
0.55617   13.69000  0.00289      14.17772      28544.57848  
0.55679   13.78000  0.00289      14.17772      18981.81122  
0.55741   13.79000  0.00289      14.17772      18039.28153  
0.55772   13.70000  0.00289      14.17772      27386.04878  
0.55804   13.77000  0.00289      14.17772      19948.34092  
0.55835   13.82000  0.00289      14.17772      15355.69244  
0.55866   13.70000  0.00289      14.17772      27386.04878  
0.55928   13.74000  0.00289      14.17772      22991.93000  
0.55991   13.82000  0.00289      14.17772      15355.69244  
0.56054   13.89000  0.00289      14.17772      9933.98458   
0.56117   13.86000  0.00289      14.17772      12113.57366  
0.56180   13.80000  0.00289      14.17772      17120.75183  
0.56243   13.85000  0.00289      14.17772      12888.10336  
0.56275   13.90000  0.00289      14.17772      9255.45488   
0.56338   13.95000  0.00289      14.17772      6222.80641   
0.56402   14.05000  0.00289      14.17772      1957.50946   
0.56465   14.01000  0.00289      14.17772      3375.62824   
0.56561   14.03000  0.00289      14.17772      2618.56885   
0.56625   14.01000  0.00289      14.17772      3375.62824   
0.56721   13.98000  0.00289      14.17772      4691.21732   
0.56818   14.07000  0.00289      14.17772      1392.45007   
0.56915   14.09000  0.00289      14.17772      923.39068    
0.56980   14.09000  0.00289      14.17772      923.39068    
0.57045   14.10000  0.00289      14.17772      724.86098    
0.57110   14.19000  0.00289      14.17772      18.09373     
0.57176   14.08000  0.00289      14.17772      1145.92037   
0.57241   14.15000  0.00289      14.17772      92.21251     
0.57307   14.14000  0.00289      14.17772      170.74220    
0.57339   14.21000  0.00289      14.17772      125.03434    
0.57372   14.23000  0.00289      14.17772      327.97495    
0.57438   14.17000  0.00289      14.17772      7.15312      
0.57504   14.21000  0.00289      14.17772      125.03434    
0.57604   14.29000  0.00289      14.17772      1512.79678   
0.57670   14.22000  0.00289      14.17772      214.50464    
0.57703   14.32000  0.00289      14.17772      2429.20769   
0.57803   14.32000  0.00289      14.17772      2429.20769   
0.57870   14.33000  0.00289      14.17772      2782.67800   
0.57937   14.43000  0.00289      14.17772      7637.38105   
0.58005   14.41000  0.00289      14.17772      6474.44044   
0.58072   14.47000  0.00289      14.17772      10251.26227  
0.58140   14.52000  0.00289      14.17772      14058.61379  
0.58241   14.49000  0.00289      14.17772      11702.20288  
0.58309   14.58000  0.00289      14.17772      19419.43562  
0.58411   14.64000  0.00289      14.17772      25644.25745  
0.58480   14.63000  0.00289      14.17772      24546.78715  
0.58548   14.67000  0.00289      14.17772      29080.66837  
0.58582   14.68000  0.00289      14.17772      30274.13867  
0.58617   14.67000  0.00289      14.17772      29080.66837  
0.58685   14.73000  0.00289      14.17772      36601.49020  
0.58720   14.67000  0.00289      14.17772      29080.66837  
0.58789   14.74000  0.00289      14.17772      37938.96050  
0.58858   14.77000  0.00289      14.17772      42095.37142  
0.58893   14.74000  0.00289      14.17772      37938.96050  
0.58962   14.79000  0.00289      14.17772      44986.31203  
0.59032   14.79000  0.00289      14.17772      44986.31203  
0.59067   14.75000  0.00289      14.17772      39300.43081  
0.59102   14.84000  0.00289      14.17772      52633.66355  
0.59172   14.83000  0.00289      14.17772      51056.19325  
0.59277   14.88000  0.00289      14.17772      59183.54477  
0.59347   14.93000  0.00289      14.17772      67910.89629  
0.59418   14.92000  0.00289      14.17772      66117.42599  
0.59453   14.97000  0.00289      14.17772      75324.77751  
0.59488   15.01000  0.00289      14.17772      83122.65873  
0.59559   14.96000  0.00289      14.17772      73435.30721  
0.59595   15.07000  0.00289      14.17772      95539.48056  
0.59666   15.08000  0.00289      14.17772      97692.95087  
0.59737   15.12000  0.00289      14.17772      106546.83209 
0.59773   15.13000  0.00289      14.17772      108820.30239 
0.59844   15.14000  0.00289      14.17772      111117.77270 
0.59952   15.20000  0.00289      14.17772      125406.59453 
0.60024   15.24000  0.00289      14.17772      135412.47575 
0.60096   15.25000  0.00289      14.17772      137973.94605 
0.60168   15.29000  0.00289      14.17772      148459.82727 
0.60205   15.31000  0.00289      14.17772      153846.76788 
0.60314   15.35000  0.00289      14.17772      164908.64910 
0.60386   15.38000  0.00289      14.17772      173457.06002 
0.60496   15.39000  0.00289      14.17772      176354.53032 
0.60569   15.44000  0.00289      14.17772      191201.88185 
0.60680   15.50000  0.00289      14.17772      209810.70368 
0.60753   15.52000  0.00289      14.17772      216205.64429 
0.60790   15.54000  0.00289      14.17772      222696.58490 
0.60864   15.56000  0.00289      14.17772      229283.52551 
0.60976   15.58000  0.00289      14.17772      235966.46612 
0.61087   15.61000  0.00289      14.17772      246170.87703 
0.61162   15.66000  0.00289      14.17772      263658.22856 
0.61200   15.68000  0.00289      14.17772      270821.16917 
0.61275   15.68000  0.00289      14.17772      270821.16917 
0.61312   15.71000  0.00289      14.17772      281745.58008 
0.61387   15.73000  0.00289      14.17772      289148.52069 
0.61463   15.79000  0.00289      14.17772      311933.34252 
0.61576   15.80000  0.00289      14.17772      315814.81283 
0.61652   15.84000  0.00289      14.17772      331580.69405 
0.61728   15.86000  0.00289      14.17772      339607.63466 
0.61767   15.88000  0.00289      14.17772      347730.57527 
0.61767   15.90000  0.00289      14.17772      355949.51588 
0.61805   15.91000  0.00289      14.17772      360094.98618 
0.61881   15.92000  0.00289      14.17772      364264.45649 
0.61920   15.95000  0.00289      14.17772      376916.86740 
0.61996   15.96000  0.00289      14.17772      381182.33771 
0.62073   16.00000  0.00289      14.17772      398484.21893 
0.62150   15.99000  0.00289      14.17772      394122.74862 
0.62189   16.01000  0.00289      14.17772      402869.68923 
0.62228   16.02000  0.00289      14.17772      407279.15954 
0.62267   16.02000  0.00289      14.17772      407279.15954 
0.62305   16.02000  0.00289      14.17772      407279.15954 
0.62344   16.05000  0.00289      14.17772      420651.57045 
0.62422   16.04000  0.00289      14.17772      416170.10015 
0.62500   16.07000  0.00289      14.17772      429686.51106 
0.62539   16.07000  0.00289      14.17772      429686.51106 
0.62578   16.09000  0.00289      14.17772      438817.45167 
0.62617   16.09000  0.00289      14.17772      438817.45167 
0.62657   16.10000  0.00289      14.17772      443418.92198 
0.62696   16.11000  0.00289      14.17772      448044.39228 
0.62735   16.13000  0.00289      14.17772      457367.33289 
0.62735   16.13000  0.00289      14.17772      457367.33289 
0.62775   16.16000  0.00289      14.17772      471531.74381 
0.62854   16.17000  0.00289      14.17772      476301.21411 
0.62893   16.18000  0.00289      14.17772      481094.68442 
0.62972   16.21000  0.00289      14.17772      495619.09533 
0.63052   16.23000  0.00289      14.17772      505422.03594 
0.63131   16.26000  0.00289      14.17772      520306.44686 
0.63171   16.28000  0.00289      14.17772      530349.38747 
0.63251   16.29000  0.00289      14.17772      535406.85777 
0.63291   16.32000  0.00289      14.17772      550723.26869 
0.63371   16.34000  0.00289      14.17772      561054.20930 
0.63452   16.34000  0.00289      14.17772      561054.20930 
0.63532   16.38000  0.00289      14.17772      582004.09052 
0.63613   16.39000  0.00289      14.17772      587301.56082 
0.63694   16.43000  0.00289      14.17772      608731.44204 
0.63735   16.46000  0.00289      14.17772      625055.85296 
0.63776   16.43000  0.00289      14.17772      608731.44204 
0.63857   16.46000  0.00289      14.17772      625055.85296 
0.63939   16.48000  0.00289      14.17772      636058.79357 
0.64020   16.46000  0.00289      14.17772      625055.85296 
0.64103   16.49000  0.00289      14.17772      641596.26387 
0.64185   16.51000  0.00289      14.17772      652743.20448 
0.64267   16.55000  0.00289      14.17772      675325.08570 
0.64309   16.55000  0.00289      14.17772      675325.08570 
0.64350   16.54000  0.00289      14.17772      669643.61540 
0.64392   16.60000  0.00289      14.17772      704092.43723 
0.64475   16.57000  0.00289      14.17772      686760.02631 
0.64558   16.64000  0.00289      14.17772      727538.31845 
0.64641   16.63000  0.00289      14.17772      721640.84814 
0.64725   16.68000  0.00289      14.17772      751368.19967 
0.64809   16.68000  0.00289      14.17772      751368.19967 
0.64851   16.74000  0.00289      14.17772      787833.02150 
0.64893   16.70000  0.00289      14.17772      763427.14028 
0.64977   16.77000  0.00289      14.17772      806389.43241 
0.65020   16.76000  0.00289      14.17772      800179.96211 
0.65104   16.79000  0.00289      14.17772      818880.37302 
0.65232   16.83000  0.00289      14.17772      844150.25424 
0.65359   16.85000  0.00289      14.17772      856929.19485 
0.65402   16.91000  0.00289      14.17772      895842.01668 
0.65445   16.92000  0.00289      14.17772      902411.48698 
0.65488   16.90000  0.00289      14.17772      889296.54638 
0.65574   16.90000  0.00289      14.17772      889296.54638 
0.65617   16.95000  0.00289      14.17772      922263.89790 
0.65703   16.94000  0.00289      14.17772      915622.42759 
0.65746   16.95000  0.00289      14.17772      922263.89790 
0.65789   16.94000  0.00289      14.17772      915622.42759 
0.65833   16.95000  0.00289      14.17772      922263.89790 
0.65876   16.99000  0.00289      14.17772      949069.77912 
0.65920   17.01000  0.00289      14.17772      962616.71973 
0.66007   17.03000  0.00289      14.17772      976259.66034 
0.66094   17.06000  0.00289      14.17772      996904.07125 
0.66181   17.05000  0.00289      14.17772      989998.60095 
0.66313   17.08000  0.00289      14.17772      1010787.01186
0.66401   17.13000  0.00289      14.17772      1045914.36339
0.66489   17.16000  0.00289      14.17772      1067278.77430
0.66534   17.19000  0.00289      14.17772      1088859.18522
0.66667   17.21000  0.00289      14.17772      1103366.12583
0.66711   17.21000  0.00289      14.17772      1103366.12583
0.66800   17.26000  0.00289      14.17772      1140053.47735
0.66845   17.28000  0.00289      14.17772      1154896.41796
0.66890   17.28000  0.00289      14.17772      1154896.41796
0.66979   17.32000  0.00289      14.17772      1184870.29918
0.67024   17.34000  0.00289      14.17772      1200001.23979
0.67114   17.35000  0.00289      14.17772      1207602.71010
0.67159   17.38000  0.00289      14.17772      1230551.12101
0.67204   17.36000  0.00289      14.17772      1215228.18040
0.67249   17.41000  0.00289      14.17772      1253715.53193
0.67340   17.41000  0.00289      14.17772      1253715.53193
0.67385   17.40000  0.00289      14.17772      1245970.06162
0.67431   17.42000  0.00289      14.17772      1261485.00223
0.67522   17.45000  0.00289      14.17772      1284937.41315
0.67568   17.43000  0.00289      14.17772      1269278.47254
0.67659   17.46000  0.00289      14.17772      1292802.88345
0.67705   17.50000  0.00289      14.17772      1324504.76467
0.67797   17.51000  0.00289      14.17772      1332490.23498
0.67843   17.52000  0.00289      14.17772      1340499.70528
0.67935   17.56000  0.00289      14.17772      1372777.58650
0.67981   17.58000  0.00289      14.17772      1389060.52711
0.68027   17.59000  0.00289      14.17772      1397237.99742
0.68120   17.62000  0.00289      14.17772      1421914.40833
0.68166   17.63000  0.00289      14.17772      1430187.87864
0.68259   17.62000  0.00289      14.17772      1421914.40833
0.68306   17.66000  0.00289      14.17772      1455152.28955
0.68399   17.69000  0.00289      14.17772      1480332.70047
0.68446   17.69000  0.00289      14.17772      1480332.70047
0.68493   17.74000  0.00289      14.17772      1522780.05199
0.68587   17.75000  0.00289      14.17772      1531341.52230
0.68634   17.79000  0.00289      14.17772      1565827.40352
0.68729   17.81000  0.00289      14.17772      1583214.34413
0.68776   17.80000  0.00289      14.17772      1574508.87382
0.68823   17.84000  0.00289      14.17772      1609474.75504
0.68823   17.84000  0.00289      14.17772      1609474.75504
0.68871   17.83000  0.00289      14.17772      1600697.28474
0.68918   17.88000  0.00289      14.17772      1644824.63626
0.69013   17.91000  0.00289      14.17772      1671589.04718
0.69061   17.89000  0.00289      14.17772      1653722.10657
0.69156   17.89000  0.00289      14.17772      1653722.10657
0.69204   17.93000  0.00289      14.17772      1689551.98779
0.69300   17.93000  0.00289      14.17772      1689551.98779
0.69348   17.96000  0.00289      14.17772      1716676.39870
0.69396   17.94000  0.00289      14.17772      1698569.45809
0.69493   17.99000  0.00289      14.17772      1744016.80962
0.69541   18.00000  0.00289      14.17772      1753178.27992
0.69589   18.02000  0.00289      14.17772      1771573.22053
0.69638   18.04000  0.00289      14.17772      1790064.16114
0.69735   18.04000  0.00289      14.17772      1790064.16114
0.69784   18.08000  0.00289      14.17772      1827334.04236
0.69832   18.09000  0.00289      14.17772      1836711.51267
0.69930   18.10000  0.00289      14.17772      1846112.98297
0.69930   18.14000  0.00289      14.17772      1883958.86419
0.69979   18.15000  0.00289      14.17772      1893480.33450
0.70028   18.14000  0.00289      14.17772      1883958.86419
0.70126   18.18000  0.00289      14.17772      1922188.74541
0.70175   18.19000  0.00289      14.17772      1931806.21572
0.70225   18.21000  0.00289      14.17772      1951113.15633
0.70274   18.23000  0.00289      14.17772      1970516.09694
0.70373   18.26000  0.00289      14.17772      1999800.50785
0.70472   18.28000  0.00289      14.17772      2019443.44846
0.70522   18.31000  0.00289      14.17772      2049087.85938
0.70572   18.32000  0.00289      14.17772      2059017.32968
0.70621   18.33000  0.00289      14.17772      2068970.79999
0.70671   18.34000  0.00289      14.17772      2078948.27029
0.70771   18.34000  0.00289      14.17772      2078948.27029
0.70822   18.35000  0.00289      14.17772      2088949.74060
0.70872   18.36000  0.00289      14.17772      2098975.21090
0.70972   18.37000  0.00289      14.17772      2109024.68121
0.71023   18.41000  0.00289      14.17772      2149462.56243
0.71124   18.41000  0.00289      14.17772      2149462.56243
0.71174   18.44000  0.00289      14.17772      2180042.97334
0.71276   18.46000  0.00289      14.17772      2200549.91395
0.71327   18.46000  0.00289      14.17772      2200549.91395
0.71378   18.50000  0.00289      14.17772      2241851.79517
0.71480   18.52000  0.00289      14.17772      2262646.73578
0.71480   18.54000  0.00289      14.17772      2283537.67639
0.71531   18.57000  0.00289      14.17772      2315054.08731
0.71582   18.57000  0.00289      14.17772      2315054.08731
0.71633   18.59000  0.00289      14.17772      2336185.02792
0.71685   18.61000  0.00289      14.17772      2357411.96853
0.71736   18.62000  0.00289      14.17772      2368061.43883
0.71788   18.64000  0.00289      14.17772      2389432.37944
0.71839   18.67000  0.00289      14.17772      2421668.79036
0.71942   18.69000  0.00289      14.17772      2443279.73097
0.72046   18.74000  0.00289      14.17772      2497727.08249
0.72150   18.76000  0.00289      14.17772      2519674.02310
0.72202   18.77000  0.00289      14.17772      2530683.49341
0.72254   18.79000  0.00289      14.17772      2552774.43402
0.72359   18.80000  0.00289      14.17772      2563855.90432
0.72411   18.81000  0.00289      14.17772      2574961.37463
0.72464   18.86000  0.00289      14.17772      2630848.72615
0.72569   18.84000  0.00289      14.17772      2608421.78554
0.72622   18.86000  0.00289      14.17772      2630848.72615
0.72674   18.90000  0.00289      14.17772      2675990.60737
0.72727   18.90000  0.00289      14.17772      2675990.60737
0.72833   18.93000  0.00289      14.17772      2710099.01829
0.72886   18.94000  0.00289      14.17772      2721516.48859
0.72993   18.96000  0.00289      14.17772      2744423.42920
0.73099   18.98000  0.00289      14.17772      2767426.36981
0.73153   18.99000  0.00289      14.17772      2778963.84012
0.73206   19.02000  0.00289      14.17772      2813720.25103
0.73260   19.04000  0.00289      14.17772      2837011.19164
0.73314   19.06000  0.00289      14.17772      2860398.13225
0.73314   19.09000  0.00289      14.17772      2895658.54316
0.73368   19.07000  0.00289      14.17772      2872127.60255
0.73421   19.08000  0.00289      14.17772      2883881.07286
0.73475   19.14000  0.00289      14.17772      2954905.89469
0.73584   19.15000  0.00289      14.17772      2966827.36499
0.73638   19.16000  0.00289      14.17772      2978772.83530
0.73746   19.21000  0.00289      14.17772      3038860.18682
0.73855   19.24000  0.00289      14.17772      3075200.59774
0.73964   19.27000  0.00289      14.17772      3111757.00865
0.74019   19.30000  0.00289      14.17772      3148529.41957
0.74074   19.30000  0.00289      14.17772      3148529.41957
0.74184   19.32000  0.00289      14.17772      3173164.36018
0.74294   19.33000  0.00289      14.17772      3185517.83048
0.74349   19.35000  0.00289      14.17772      3210296.77109
0.74460   19.37000  0.00289      14.17772      3235171.71170
0.74571   19.38000  0.00289      14.17772      3247645.18201
0.74627   19.41000  0.00289      14.17772      3285209.59292
0.74683   19.43000  0.00289      14.17772      3310372.53353
0.74738   19.43000  0.00289      14.17772      3310372.53353
0.74738   19.47000  0.00289      14.17772      3360986.41475
0.74850   19.50000  0.00289      14.17772      3399198.82567
0.74906   19.52000  0.00289      14.17772      3424793.76628
0.74963   19.56000  0.00289      14.17772      3476271.64750
0.75075   19.58000  0.00289      14.17772      3502154.58811
0.75075   19.59000  0.00289      14.17772      3515132.05841
0.75188   19.62000  0.00289      14.17772      3554208.46933
0.75245   19.65000  0.00289      14.17772      3593500.88024
0.75358   19.66000  0.00289      14.17772      3606646.35055
0.75415   19.66000  0.00289      14.17772      3606646.35055
0.75472   19.71000  0.00289      14.17772      3672733.70207
0.75586   19.74000  0.00289      14.17772      3712674.11299
0.75643   19.74000  0.00289      14.17772      3712674.11299
0.75700   19.77000  0.00289      14.17772      3752830.52390
0.75758   19.80000  0.00289      14.17772      3793202.93482
0.75815   19.79000  0.00289      14.17772      3779721.46451
0.75873   19.81000  0.00289      14.17772      3806708.40512
0.75930   19.82000  0.00289      14.17772      3820237.87543
0.75988   19.83000  0.00289      14.17772      3833791.34573
0.76104   19.84000  0.00289      14.17772      3847368.81604
0.76161   19.86000  0.00289      14.17772      3874595.75665
0.76220   19.89000  0.00289      14.17772      3915616.16756
0.76278   19.89000  0.00289      14.17772      3915616.16756
0.76336   19.91000  0.00289      14.17772      3943083.10817
0.76394   19.93000  0.00289      14.17772      3970646.04878
0.76453   19.95000  0.00289      14.17772      3998304.98939
0.76570   19.97000  0.00289      14.17772      4026059.93000

Gradi di liberta = 621
Chi-quadro = 792146131.6083469
p-value = 0.0

Media pesata = 14.177720706260033 +/- 0.00011565525051480625

****************************************************************************************************
SERIE 25
****************************************************************************************************

Test ipotesi linearità_____________________________________
Covarianza = 0.36900
Indice Pearson = 0.99928 +/- 0.00152
Gradi di Liberta' = 621
	t = 657.2482794361013
	p-value (due code) = 0.0

Parametri___________________________________________________
y = a + bx
a = -1.91854 +/- 0.02540
b = 28.54496 +/- 0.04728

Test bontà fit _____________________________________________
x         y         sy           y*            Chi-quadro   
0.37651   9.01000   0.00289      8.82881       3939.64064   
0.37750   9.03000   0.00289      8.85721       3582.82841   
0.37836   9.05000   0.00289      8.88167       3400.15680   
0.37922   9.08000   0.00289      8.90624       3622.90038   
0.38023   9.09000   0.00289      8.93506       2880.91310   
0.38110   9.10000   0.00289      8.95987       2356.24279   
0.38168   9.13000   0.00289      8.97648       2828.13137   
0.38256   9.17000   0.00289      9.00149       3407.48452   
0.38344   9.15000   0.00289      9.02661       1826.93649   
0.38388   9.18000   0.00289      9.03922       2378.37224   
0.38432   9.19000   0.00289      9.05185       2290.21265   
0.38506   9.18000   0.00289      9.07297       1374.58824   
0.38565   9.20000   0.00289      9.08993       1453.89897   
0.38595   9.24000   0.00289      9.09843       2405.19866   
0.38580   9.22000   0.00289      9.09418       1899.82602   
0.38595   9.21000   0.00289      9.09843       1493.86269   
0.38625   9.24000   0.00289      9.10694       2124.71843   
0.38640   9.22000   0.00289      9.11120       1420.58719   
0.38670   9.27000   0.00289      9.11973       2709.84667   
0.38715   9.21000   0.00289      9.13255       719.87575    
0.38745   9.29000   0.00289      9.14111       2660.17243   
0.38835   9.29000   0.00289      9.16688       1819.00963   
0.38911   9.31000   0.00289      9.18845       1773.00250   
0.38926   9.30000   0.00289      9.19277       1379.76897   
0.38986   9.32000   0.00289      9.21010       1449.40066   
0.39032   9.36000   0.00289      9.22313       2248.01759   
0.39078   9.37000   0.00289      9.23619       2148.56759   
0.39124   9.38000   0.00289      9.24928       2050.40540   
0.39216   9.39000   0.00289      9.27556       1571.55188   
0.39293   9.42000   0.00289      9.29755       1799.17971   
0.39355   9.43000   0.00289      9.31521       1581.22001   
0.39417   9.45000   0.00289      9.33292       1644.88574   
0.39494   9.48000   0.00289      9.35514       1870.80235   
0.39557   9.51000   0.00289      9.37298       2253.00009   
0.39604   9.53000   0.00289      9.38639       2474.73004   
0.39635   9.50000   0.00289      9.39536       1314.06241   
0.39698   9.54000   0.00289      9.41332       1925.70949   
0.39746   9.55000   0.00289      9.42683       1820.42151   
0.39809   9.55000   0.00289      9.44490       1325.55656   
0.39857   9.59000   0.00289      9.45849       2075.51784   
0.39904   9.60000   0.00289      9.47211       1962.83872   
0.39952   9.59000   0.00289      9.48576       1303.96870   
0.39984   9.63000   0.00289      9.49488       2190.96314   
0.40016   9.59000   0.00289      9.50401       887.26978    
0.40080   9.63000   0.00289      9.52232       1391.27300   
0.40145   9.64000   0.00289      9.54070       1183.34570   
0.40193   9.64000   0.00289      9.55451       876.94765    
0.40241   9.62000   0.00289      9.56836       319.94661    
0.40274   9.68000   0.00289      9.57762       1257.87418   
0.40339   9.70000   0.00289      9.59617       1293.76404   
0.40388   9.71000   0.00289      9.61012       1197.16436   
0.40437   9.67000   0.00289      9.62410       252.77695    
0.40502   9.71000   0.00289      9.64280       541.84008    
0.40552   9.75000   0.00289      9.65687       1040.81358   
0.40601   9.73000   0.00289      9.67097       418.17582    
0.40667   9.80000   0.00289      9.68982       1456.75035   
0.40700   9.85000   0.00289      9.69927       2726.36479   
0.40733   9.83000   0.00289      9.70873       1764.65213   
0.40783   9.84000   0.00289      9.72296       1643.80621   
0.40833   9.87000   0.00289      9.73722       2115.64371   
0.40883   9.89000   0.00289      9.75152       2301.32762   
0.40950   9.91000   0.00289      9.77063       2330.81643   
0.41000   9.91000   0.00289      9.78501       1874.70858   
0.41068   9.89000   0.00289      9.80424       882.67092    
0.41135   9.85000   0.00289      9.82352       84.11699     
0.41203   9.90000   0.00289      9.84288       391.57184    
0.41254   9.97000   0.00289      9.85743       1520.56845   
0.41322   9.98000   0.00289      9.87690       1275.62527   
0.41408   9.98000   0.00289      9.90132       742.89753    
0.41477   10.05000  0.00289      9.92093       1999.14456   
0.41511   9.99000   0.00289      9.93076       421.16042    
0.41563   10.04000  0.00289      9.94553       1070.89947   
0.41632   10.07000  0.00289      9.96529       1315.72207   
0.41701   10.00000  0.00289      9.98511       26.59793     
0.41754   10.08000  0.00289      10.00002      767.56355    
0.41824   10.09000  0.00289      10.01996      588.64232    
0.41859   10.04000  0.00289      10.02996      12.10502     
0.41894   10.09000  0.00289      10.03997      300.38838    
0.41946   10.06000  0.00289      10.05502      2.98071      
0.42017   10.11000  0.00289      10.07514      145.82864    
0.42070   10.15000  0.00289      10.09028      428.02198    
0.42123   10.12000  0.00289      10.10545      25.39623     
0.42194   10.20000  0.00289      10.12575      661.63932    
0.42248   10.17000  0.00289      10.14101      100.84189    
0.42301   10.18000  0.00289      10.15632      67.31624     
0.42355   10.22000  0.00289      10.17166      280.43255    
0.42391   10.25000  0.00289      10.18191      556.37612    
0.42463   10.27000  0.00289      10.20246      547.37929    
0.42499   10.27000  0.00289      10.21276      393.11846    
0.42553   10.27000  0.00289      10.22825      209.16219    
0.42589   10.29000  0.00289      10.23860      317.07184    
0.42644   10.34000  0.00289      10.25415      884.42937    
0.42699   10.33000  0.00289      10.26974      435.71515    
0.42753   10.31000  0.00289      10.28538      72.76546     
0.42827   10.37000  0.00289      10.30628      487.20866    
0.42918   10.38000  0.00289      10.33251      270.58101    
0.43011   10.45000  0.00289      10.35886      996.75413    
0.43066   10.39000  0.00289      10.37472      28.00474     
0.43103   10.45000  0.00289      10.38532      502.00326    
0.43159   10.49000  0.00289      10.40125      945.14784    
0.43215   10.47000  0.00289      10.41722      334.23757    
0.43271   10.48000  0.00289      10.43324      262.40806    
0.43328   10.55000  0.00289      10.44929      1217.03658   
0.43384   10.49000  0.00289      10.46539      72.68058     
0.43440   10.46000  0.00289      10.48153      55.61728     
0.43497   10.49000  0.00289      10.49771      7.13248      
0.43535   10.62000  0.00289      10.50852      1491.32410   
0.43592   10.50000  0.00289      10.52477      73.63827     
0.43630   10.61000  0.00289      10.53563      663.70683    
0.43687   10.47000  0.00289      10.55195      805.94899    
0.43725   10.58000  0.00289      10.56286      35.26085     
0.43783   10.55000  0.00289      10.57925      102.68404    
0.43821   10.55000  0.00289      10.59021      193.98003    
0.43879   10.65000  0.00289      10.60667      225.27973    
0.43937   10.70000  0.00289      10.62318      708.13302    
0.43995   10.62000  0.00289      10.63973      46.73365     
0.44053   10.67000  0.00289      10.65633      22.42016     
0.44092   10.72000  0.00289      10.66742      331.75621    
0.44150   10.70000  0.00289      10.68409      30.37404     
0.44209   10.72000  0.00289      10.70080      44.21509     
0.44267   10.76000  0.00289      10.71756      216.10309    
0.44326   10.74000  0.00289      10.73437      3.80795      
0.44366   10.71000  0.00289      10.74559      152.03082    
0.44425   10.75000  0.00289      10.76247      18.66573     
0.44524   10.82000  0.00289      10.79070      103.00409    
0.44603   10.84000  0.00289      10.81338      85.05460     
0.44683   10.87000  0.00289      10.83613      137.63843    
0.44763   10.76000  0.00289      10.85897      1175.41154   
0.44863   10.88000  0.00289      10.88763      6.98998      
0.44924   10.98000  0.00289      10.90489      676.96075    
0.45005   10.96000  0.00289      10.92798      123.06721    
0.45086   10.99000  0.00289      10.95114      181.18043    
0.45147   10.90000  0.00289      10.96857      564.28890    
0.45208   10.95000  0.00289      10.98605      155.97051    
0.45269   11.03000  0.00289      11.00358      83.77731     
0.45331   10.92000  0.00289      11.02115      1227.77626   
0.45393   11.00000  0.00289      11.03877      180.38962    
0.45434   10.99000  0.00289      11.05055      439.89454    
0.45496   11.04000  0.00289      11.06825      95.74688     
0.45558   11.02000  0.00289      11.08600      522.66541    
0.45620   11.06000  0.00289      11.10379      230.15744    
0.45704   11.06000  0.00289      11.12760      548.39652    
0.45746   11.15000  0.00289      11.13954      13.13530     
0.45788   11.10000  0.00289      11.15150      318.21552    
0.45830   11.15000  0.00289      11.16348      21.79056     
0.45872   11.14000  0.00289      11.17548      151.03673    
0.45914   11.19000  0.00289      11.18750      0.74928      
0.45977   11.30000  0.00289      11.20558      1069.85041   
0.46019   11.14000  0.00289      11.21766      723.68733    
0.46062   11.11000  0.00289      11.22976      1721.07416   
0.46104   11.28000  0.00289      11.24188      174.34765    
0.46147   11.26000  0.00289      11.25403      4.27787      
0.46211   11.33000  0.00289      11.27229      399.64297    
0.46275   11.33000  0.00289      11.29060      186.25611    
0.46339   11.33000  0.00289      11.30897      53.09200     
0.46425   11.42000  0.00289      11.33353      897.25741    
0.46468   11.41000  0.00289      11.34585      493.89502    
0.46490   11.35000  0.00289      11.35201      0.48586      
0.46533   11.30000  0.00289      11.36436      497.10563    
0.46598   11.27000  0.00289      11.38293      1530.42148   
0.46664   11.49000  0.00289      11.40155      938.76015    
0.46729   11.43000  0.00289      11.42023      11.46538     
0.46795   11.39000  0.00289      11.43895      287.54110    
0.46860   11.35000  0.00289      11.45773      1392.66066   
0.46904   11.41000  0.00289      11.47028      435.99723    
0.46948   11.54000  0.00289      11.48285      391.95383    
0.46992   11.52000  0.00289      11.49544      72.36027     
0.47037   11.53000  0.00289      11.50806      57.74845     
0.47081   11.48000  0.00289      11.52071      198.83385    
0.47125   11.47000  0.00289      11.53337      481.92458    
0.47170   11.50000  0.00289      11.54606      254.61271    
0.47237   11.59000  0.00289      11.56514      74.14215     
0.47304   11.43000  0.00289      11.58428      2856.21250   
0.47326   11.51000  0.00289      11.59067      780.89037    
0.47348   11.55000  0.00289      11.59706      265.81354    
0.47371   11.47000  0.00289      11.60347      2137.62724   
0.47416   11.55000  0.00289      11.61629      527.33318    
0.47461   11.65000  0.00289      11.62914      52.22633     
0.47506   11.55000  0.00289      11.64201      1015.90058   
0.47551   11.63000  0.00289      11.65491      74.43930     
0.47619   11.66000  0.00289      11.67430      24.52855     
0.47664   11.56000  0.00289      11.68725      1943.25754   
0.47733   11.67000  0.00289      11.70674      161.96301    
0.47778   11.74000  0.00289      11.71976      49.16860     
0.47824   11.73000  0.00289      11.73280      0.94266      
0.47893   11.77000  0.00289      11.75242      37.10042     
0.47962   11.79000  0.00289      11.77209      38.50418     
0.48054   11.85000  0.00289      11.79840      319.47396    
0.48123   11.79000  0.00289      11.81821      95.46791     
0.48216   11.79000  0.00289      11.84470      359.03792    
0.48286   11.79000  0.00289      11.86464      668.46588    
0.48333   11.79000  0.00289      11.87796      928.42748    
0.48403   11.80000  0.00289      11.89799      1152.32159   
0.48450   11.85000  0.00289      11.91138      452.12083    
0.48520   11.85000  0.00289      11.93151      797.30998    
0.48567   11.82000  0.00289      11.94497      1873.96368   
0.48638   11.87000  0.00289      11.96519      1087.43461   
0.48685   11.80000  0.00289      11.97871      3832.60166   
0.48733   11.83000  0.00289      11.99226      3159.32335   
0.48780   11.88000  0.00289      12.00583      1899.97123   
0.48852   11.92000  0.00289      12.02624      1354.34611   
0.48900   12.04000  0.00289      12.03987      0.00189      
0.48948   12.02000  0.00289      12.05354      134.98503    
0.48996   11.93000  0.00289      12.06723      2259.86735   
0.49020   11.95000  0.00289      12.07409      1847.69021   
0.49068   11.89000  0.00289      12.08782      4695.83810   
0.49140   12.02000  0.00289      12.10847      939.15332    
0.49188   11.96000  0.00289      12.12227      3159.61379   
0.49237   11.99000  0.00289      12.13609      2561.14694   
0.49285   12.17000  0.00289      12.14995      48.26043     
0.49358   11.98000  0.00289      12.17078      4367.53709   
0.49407   12.05000  0.00289      12.18470      2177.29019   
0.49456   12.19000  0.00289      12.19865      8.97823      
0.49554   12.21000  0.00289      12.22663      33.19605     
0.49628   12.18000  0.00289      12.24769      549.86677    
0.49727   12.13000  0.00289      12.27587      2553.35308   
0.49801   12.31000  0.00289      12.29708      20.04235     
0.49875   12.27000  0.00289      12.31835      280.48775    
0.49950   12.22000  0.00289      12.33968      1718.81465   
0.50025   12.29000  0.00289      12.36108      606.26126    
0.50100   12.44000  0.00289      12.38254      396.18410    
0.50150   12.41000  0.00289      12.39689      20.63996     
0.50201   12.26000  0.00289      12.41126      2745.47979   
0.50251   12.23000  0.00289      12.42566      4593.93364   
0.50302   12.22000  0.00289      12.44009      5812.78695   
0.50352   12.40000  0.00289      12.45455      357.09075    
0.50429   12.46000  0.00289      12.47629      31.86307     
0.50531   12.29000  0.00289      12.50539      5567.14873   
0.50633   12.32000  0.00289      12.53460      5526.54135   
0.50684   12.32000  0.00289      12.54925      6306.89192   
0.50736   12.44000  0.00289      12.56393      1843.17845   
0.50839   12.52000  0.00289      12.59339      646.25411    
0.50916   12.37000  0.00289      12.61555      7235.52504   
0.50942   12.61000  0.00289      12.62296      20.14465     
0.50968   12.45000  0.00289      12.63037      3903.91872   
0.51020   12.41000  0.00289      12.64521      6639.07154   
0.51046   12.57000  0.00289      12.65265      819.68733    
0.51073   12.64000  0.00289      12.66009      48.43341     
0.51151   12.58000  0.00289      12.68246      1259.80036   
0.51230   12.58000  0.00289      12.70490      1872.04475   
0.51282   12.54000  0.00289      12.71990      3883.67491   
0.51361   12.57000  0.00289      12.74246      3568.89682   
0.51440   12.74000  0.00289      12.76508      75.48212     
0.51520   12.69000  0.00289      12.78778      1147.19770   
0.51573   12.67000  0.00289      12.80294      2120.89679   
0.51653   12.65000  0.00289      12.82576      3706.83494   
0.51733   12.66000  0.00289      12.84864      4270.17725   
0.51813   12.80000  0.00289      12.87159      615.07604    
0.51921   12.76000  0.00289      12.90231      2430.26722   
0.51975   12.74000  0.00289      12.91772      3789.98313   
0.52029   12.80000  0.00289      12.93315      2127.62921   
0.52138   12.78000  0.00289      12.96413      4068.38572   
0.52274   12.80000  0.00289      13.00303      4946.39660   
0.52356   12.92000  0.00289      13.02646      1360.15097   
0.52411   12.87000  0.00289      13.04213      3555.43441   
0.52466   12.90000  0.00289      13.05783      2989.16736   
0.52493   12.86000  0.00289      13.06569      5076.99379   
0.52549   12.82000  0.00289      13.08144      8201.96544   
0.52604   12.92000  0.00289      13.09722      3768.78559   
0.52632   12.88000  0.00289      13.10512      6081.58728   
0.52687   12.95000  0.00289      13.12095      3506.99134   
0.52743   13.07000  0.00289      13.13682      535.74848    
0.52798   13.00000  0.00289      13.15272      2798.63890   
0.52854   12.97000  0.00289      13.16865      4735.27334   
0.52882   13.03000  0.00289      13.17663      2579.87983   
0.52910   13.11000  0.00289      13.18461      668.03815    
0.52994   13.13000  0.00289      13.20862      741.80044    
0.53079   13.02000  0.00289      13.23271      5429.53875   
0.53191   13.06000  0.00289      13.26495      5040.44900   
0.53248   13.15000  0.00289      13.28112      2063.03136   
0.53362   13.18000  0.00289      13.31356      2140.63234   
0.53476   13.18000  0.00289      13.34614      3312.43023   
0.53533   13.27000  0.00289      13.36249      1026.45279   
0.53591   13.29000  0.00289      13.37886      947.63835    
0.53648   13.28000  0.00289      13.39528      1594.69628   
0.53763   13.32000  0.00289      13.42821      1405.16632   
0.53879   13.33000  0.00289      13.46129      2068.33274   
0.53937   13.32000  0.00289      13.47788      2991.02972   
0.54025   13.33000  0.00289      13.50283      3584.46626   
0.54113   13.41000  0.00289      13.52787      1667.07840   
0.54171   13.31000  0.00289      13.54460      6604.49787   
0.54230   13.23000  0.00289      13.56137      13176.88741  
0.54289   13.37000  0.00289      13.57818      5200.65505   
0.54318   13.42000  0.00289      13.58660      3330.55790   
0.54348   13.40000  0.00289      13.59502      4564.12193   
0.54407   13.40000  0.00289      13.61190      5388.44187   
0.54496   13.40000  0.00289      13.63730      6757.08500   
0.54555   13.54000  0.00289      13.65427      1566.87072   
0.54645   13.56000  0.00289      13.67980      1722.17420   
0.54705   13.45000  0.00289      13.69686      7312.99403   
0.54765   13.51000  0.00289      13.71397      4992.30242   
0.54825   13.60000  0.00289      13.73111      2062.71268   
0.54885   13.54000  0.00289      13.74829      5205.98707   
0.54975   13.63000  0.00289      13.77413      2492.64322   
0.55036   13.61000  0.00289      13.79140      3948.63675   
0.55127   13.61000  0.00289      13.81738      5160.74350   
0.55218   13.67000  0.00289      13.84345      3610.04614   
0.55279   13.67000  0.00289      13.86087      4371.88982   
0.55340   13.70000  0.00289      13.87834      3816.51315   
0.55432   13.72000  0.00289      13.90461      4089.58202   
0.55494   13.67000  0.00289      13.92217      7630.70745   
0.55556   13.78000  0.00289      13.93977      3063.16805   
0.55617   13.69000  0.00289      13.95741      8580.95884   
0.55679   13.78000  0.00289      13.97509      4567.16667   
0.55741   13.79000  0.00289      13.99281      4935.71369   
0.55772   13.70000  0.00289      14.00168      10921.42968  
0.55804   13.77000  0.00289      14.01057      6944.63204   
0.55835   13.82000  0.00289      14.01946      4774.10707   
0.55866   13.70000  0.00289      14.02836      12938.72989  
0.55928   13.74000  0.00289      14.04620      11251.11898  
0.55991   13.82000  0.00289      14.06408      7148.95254   
0.56054   13.89000  0.00289      14.08200      4423.53389   
0.56117   13.86000  0.00289      14.09995      6909.39574   
0.56180   13.80000  0.00289      14.11795      12131.30021  
0.56243   13.85000  0.00289      14.13599      9814.96342   
0.56275   13.90000  0.00289      14.14503      7204.55935   
0.56338   13.95000  0.00289      14.16313      5450.73894   
0.56402   14.05000  0.00289      14.18127      2067.72110   
0.56465   14.01000  0.00289      14.19945      4306.88986   
0.56561   14.03000  0.00289      14.22680      4647.53749   
0.56625   14.01000  0.00289      14.24508      6631.66553   
0.56721   13.98000  0.00289      14.27259      10272.89019  
0.56818   14.07000  0.00289      14.30019      6358.26951   
0.56915   14.09000  0.00289      14.32788      6790.35458   
0.56980   14.09000  0.00289      14.34639      7888.49448   
0.57045   14.10000  0.00289      14.36495      8423.81053   
0.57110   14.19000  0.00289      14.38355      4495.34218   
0.57176   14.08000  0.00289      14.40219      12456.80867  
0.57241   14.15000  0.00289      14.42087      8804.78054   
0.57307   14.14000  0.00289      14.43960      10771.35931  
0.57339   14.21000  0.00289      14.44898      6853.46559   
0.57372   14.23000  0.00289      14.45837      6258.45509   
0.57438   14.17000  0.00289      14.47719      11323.53501  
0.57504   14.21000  0.00289      14.49604      9818.38737   
0.57604   14.29000  0.00289      14.52441      6593.65233   
0.57670   14.22000  0.00289      14.54337      12548.43660  
0.57703   14.32000  0.00289      14.55287      6507.54689   
0.57803   14.32000  0.00289      14.58144      8201.82553   
0.57870   14.33000  0.00289      14.60053      8782.55576   
0.57937   14.43000  0.00289      14.61967      4317.15598   
0.58005   14.41000  0.00289      14.63886      6285.23109   
0.58072   14.47000  0.00289      14.65809      4245.36375   
0.58140   14.52000  0.00289      14.67737      2971.67330   
0.58241   14.49000  0.00289      14.70636      5617.53096   
0.58309   14.58000  0.00289      14.72575      2549.17459   
0.58411   14.64000  0.00289      14.75492      1584.69897   
0.58480   14.63000  0.00289      14.77442      2502.77727   
0.58548   14.67000  0.00289      14.79396      1844.06387   
0.58582   14.68000  0.00289      14.80376      1837.83830   
0.58617   14.67000  0.00289      14.81356      2473.03782   
0.58685   14.73000  0.00289      14.83320      1277.92323   
0.58720   14.67000  0.00289      14.84303      3592.82293   
0.58789   14.74000  0.00289      14.86274      1807.82013   
0.58858   14.77000  0.00289      14.88249      1518.60279   
0.58893   14.74000  0.00289      14.89239      2786.69436   
0.58962   14.79000  0.00289      14.91221      1792.33261   
0.59032   14.79000  0.00289      14.93208      2422.55645   
0.59067   14.75000  0.00289      14.94204      4425.40786   
0.59102   14.84000  0.00289      14.95200      1505.34380   
0.59172   14.83000  0.00289      14.97197      2418.57295   
0.59277   14.88000  0.00289      15.00200      1786.19656   
0.59347   14.93000  0.00289      15.02209      1017.61762   
0.59418   14.92000  0.00289      15.04222      1792.50328   
0.59453   14.97000  0.00289      15.05230      812.85135    
0.59488   15.01000  0.00289      15.06240      329.47291    
0.59559   14.96000  0.00289      15.08263      1804.45597   
0.59595   15.07000  0.00289      15.09276      62.15005     
0.59666   15.08000  0.00289      15.11306      131.13715    
0.59737   15.12000  0.00289      15.13341      21.56667     
0.59773   15.13000  0.00289      15.14360      22.19027     
0.59844   15.14000  0.00289      15.16402      69.23502     
0.59952   15.20000  0.00289      15.19474      3.31508      
0.60024   15.24000  0.00289      15.21529      73.28108     
0.60096   15.25000  0.00289      15.23588      23.91920     
0.60168   15.29000  0.00289      15.25652      134.47070    
0.60205   15.31000  0.00289      15.26686      223.27546    
0.60314   15.35000  0.00289      15.29796      324.97417    
0.60386   15.38000  0.00289      15.31875      450.13909    
0.60496   15.39000  0.00289      15.35004      191.64547    
0.60569   15.44000  0.00289      15.37096      572.05091    
0.60680   15.50000  0.00289      15.40243      1142.40091   
0.60753   15.52000  0.00289      15.42348      1118.03496   
0.60790   15.54000  0.00289      15.43402      1347.86548   
0.60864   15.56000  0.00289      15.45514      1319.45211   
0.60976   15.58000  0.00289      15.48692      1039.62153   
0.61087   15.61000  0.00289      15.51882      997.66348    
0.61162   15.66000  0.00289      15.54015      1723.69076   
0.61200   15.68000  0.00289      15.55083      2002.05175   
0.61275   15.68000  0.00289      15.57224      1393.39113   
0.61312   15.71000  0.00289      15.58297      1936.49019   
0.61387   15.73000  0.00289      15.60445      1891.40717   
0.61463   15.79000  0.00289      15.62599      3227.73504   
0.61576   15.80000  0.00289      15.65840      2405.91798   
0.61652   15.84000  0.00289      15.68008      3069.02222   
0.61728   15.86000  0.00289      15.70180      3003.10731   
0.61767   15.88000  0.00289      15.71269      3359.20759   
0.61767   15.90000  0.00289      15.71269      4210.30650   
0.61805   15.91000  0.00289      15.72358      4170.08174   
0.61881   15.92000  0.00289      15.74542      3657.42446   
0.61920   15.95000  0.00289      15.75636      4499.74114   
0.61996   15.96000  0.00289      15.77827      3963.00970   
0.62073   16.00000  0.00289      15.80024      4788.39436   
0.62150   15.99000  0.00289      15.82227      3376.14246   
0.62189   16.01000  0.00289      15.83330      3746.77397   
0.62228   16.02000  0.00289      15.84435      3702.52228   
0.62267   16.02000  0.00289      15.85541      3250.93201   
0.62305   16.02000  0.00289      15.86648      2828.19332   
0.62344   16.05000  0.00289      15.87757      3567.92356   
0.62422   16.04000  0.00289      15.89979      2359.20772   
0.62500   16.07000  0.00289      15.92206      2626.40051   
0.62539   16.07000  0.00289      15.93322      2245.18670   
0.62578   16.09000  0.00289      15.94439      2544.36999   
0.62617   16.09000  0.00289      15.95557      2168.48980   
0.62657   16.10000  0.00289      15.96677      2129.96927   
0.62696   16.11000  0.00289      15.97799      2091.34900   
0.62735   16.13000  0.00289      15.98921      2378.53010   
0.62735   16.13000  0.00289      15.98921      2378.53010   
0.62775   16.16000  0.00289      16.00045      3054.58521   
0.62854   16.17000  0.00289      16.02298      2593.79966   
0.62893   16.18000  0.00289      16.03426      2548.69258   
0.62972   16.21000  0.00289      16.05687      2813.70270   
0.63052   16.23000  0.00289      16.07954      2716.52146   
0.63131   16.26000  0.00289      16.10227      2985.57826   
0.63171   16.28000  0.00289      16.11365      3320.65555   
0.63251   16.29000  0.00289      16.13646      2828.88115   
0.63291   16.32000  0.00289      16.14789      3554.66702   
0.63371   16.34000  0.00289      16.17079      3435.97293   
0.63452   16.34000  0.00289      16.19374      2566.94035   
0.63532   16.38000  0.00289      16.21676      3197.78804   
0.63613   16.39000  0.00289      16.23983      2706.12239   
0.63694   16.43000  0.00289      16.26296      3348.21479   
0.63735   16.46000  0.00289      16.27455      4127.01915   
0.63776   16.43000  0.00289      16.28615      2483.05577   
0.63857   16.46000  0.00289      16.30940      2721.55904   
0.63939   16.48000  0.00289      16.33271      2603.26058   
0.64020   16.46000  0.00289      16.35608      1295.90407   
0.64103   16.49000  0.00289      16.37951      1464.97015   
0.64185   16.51000  0.00289      16.40300      1373.90694   
0.64267   16.55000  0.00289      16.42655      1828.83313   
0.64309   16.55000  0.00289      16.43835      1495.99465   
0.64350   16.54000  0.00289      16.45016      968.57641    
0.64392   16.60000  0.00289      16.46199      2285.72648   
0.64475   16.57000  0.00289      16.48569      853.02085    
0.64558   16.64000  0.00289      16.50945      2045.17253   
0.64641   16.63000  0.00289      16.53327      1122.68888   
0.64725   16.68000  0.00289      16.55716      1810.73726   
0.64809   16.68000  0.00289      16.58111      1173.54270   
0.64851   16.74000  0.00289      16.59311      2589.35190   
0.64893   16.70000  0.00289      16.60512      1080.30083   
0.64977   16.77000  0.00289      16.62919      2379.26807   
0.65020   16.76000  0.00289      16.64125      1692.17519   
0.65104   16.79000  0.00289      16.66542      1862.51608   
0.65232   16.83000  0.00289      16.70178      1972.70121   
0.65359   16.85000  0.00289      16.73830      1497.35850   
0.65402   16.91000  0.00289      16.75050      3052.94207   
0.65445   16.92000  0.00289      16.76272      2968.62747   
0.65488   16.90000  0.00289      16.77495      1876.53070   
0.65574   16.90000  0.00289      16.79947      1212.87342   
0.65617   16.95000  0.00289      16.81175      2293.66061   
0.65703   16.94000  0.00289      16.83636      1288.95186   
0.65746   16.95000  0.00289      16.84869      1231.63230   
0.65789   16.94000  0.00289      16.86104      748.21063    
0.65833   16.95000  0.00289      16.87340      704.09724    
0.65876   16.99000  0.00289      16.88578      1303.41828   
0.65920   17.01000  0.00289      16.89818      1500.56149   
0.66007   17.03000  0.00289      16.92302      1373.46335   
0.66094   17.06000  0.00289      16.94792      1507.36535   
0.66181   17.05000  0.00289      16.97289      713.42911    
0.66313   17.08000  0.00289      17.01048      580.01319    
0.66401   17.13000  0.00289      17.03562      1069.01960   
0.66489   17.16000  0.00289      17.06082      1180.39686   
0.66534   17.19000  0.00289      17.07345      1630.12950   
0.66667   17.21000  0.00289      17.11143      1165.88310   
0.66711   17.21000  0.00289      17.12413      884.90274    
0.66800   17.26000  0.00289      17.14957      1463.42710   
0.66845   17.28000  0.00289      17.16231      1661.99752   
0.66890   17.28000  0.00289      17.17508      1321.05583   
0.66979   17.32000  0.00289      17.20065      1709.19620   
0.67024   17.34000  0.00289      17.21347      1921.20613   
0.67114   17.35000  0.00289      17.23915      1474.53419   
0.67159   17.38000  0.00289      17.25202      1965.59271   
0.67204   17.36000  0.00289      17.26490      1085.29715   
0.67249   17.41000  0.00289      17.27780      2097.21866   
0.67340   17.41000  0.00289      17.30365      1357.14365   
0.67385   17.40000  0.00289      17.31661      834.53340    
0.67431   17.42000  0.00289      17.32958      981.15580    
0.67522   17.45000  0.00289      17.35557      1070.03121   
0.67568   17.43000  0.00289      17.36859      452.48999    
0.67659   17.46000  0.00289      17.39469      511.80787    
0.67705   17.50000  0.00289      17.40777      1020.79757   
0.67797   17.51000  0.00289      17.43397      693.60014    
0.67843   17.52000  0.00289      17.44710      637.67793    
0.67935   17.56000  0.00289      17.47341      899.63661    
0.67981   17.58000  0.00289      17.48660      1046.87689   
0.68027   17.59000  0.00289      17.49980      976.35603    
0.68120   17.62000  0.00289      17.52625      1054.59617   
0.68166   17.63000  0.00289      17.53951      982.63755    
0.68259   17.62000  0.00289      17.56607      348.97780    
0.68306   17.66000  0.00289      17.57938      779.91314    
0.68399   17.69000  0.00289      17.60605      845.61448    
0.68446   17.69000  0.00289      17.61942      597.80618    
0.68493   17.74000  0.00289      17.63280      1378.99827   
0.68587   17.75000  0.00289      17.65962      980.21940    
0.68634   17.79000  0.00289      17.67306      1641.06347   
0.68729   17.81000  0.00289      17.69999      1452.32702   
0.68776   17.80000  0.00289      17.71348      898.27671    
0.68823   17.84000  0.00289      17.72699      1532.50291   
0.68823   17.84000  0.00289      17.72699      1532.50291   
0.68871   17.83000  0.00289      17.74052      960.76262    
0.68918   17.88000  0.00289      17.75407      1902.99197   
0.69013   17.91000  0.00289      17.78122      1989.99863   
0.69061   17.89000  0.00289      17.79483      1086.91232   
0.69156   17.89000  0.00289      17.82209      553.33669    
0.69204   17.93000  0.00289      17.83576      1065.83246   
0.69300   17.93000  0.00289      17.86314      536.50414    
0.69348   17.96000  0.00289      17.87685      829.59740    
0.69396   17.94000  0.00289      17.89059      292.95069    
0.69493   17.99000  0.00289      17.91812      619.96093    
0.69541   18.00000  0.00289      17.93192      556.22958    
0.69589   18.02000  0.00289      17.94573      661.90303    
0.69638   18.04000  0.00289      17.95956      776.38954    
0.69735   18.04000  0.00289      17.98729      333.42373    
0.69784   18.08000  0.00289      18.00118      745.52539    
0.69832   18.09000  0.00289      18.01509      673.38705    
0.69930   18.10000  0.00289      18.04297      390.30605    
0.69930   18.14000  0.00289      18.04297      1129.80495   
0.69979   18.15000  0.00289      18.05694      1039.27034   
0.70028   18.14000  0.00289      18.07093      572.54345    
0.70126   18.18000  0.00289      18.09896      788.06130    
0.70175   18.19000  0.00289      18.11301      711.30914    
0.70225   18.21000  0.00289      18.12708      825.15990    
0.70274   18.23000  0.00289      18.14116      947.03692    
0.70373   18.26000  0.00289      18.16940      985.08070    
0.70472   18.28000  0.00289      18.19771      812.61225    
0.70522   18.31000  0.00289      18.21190      1154.93689   
0.70572   18.32000  0.00289      18.22610      1058.02075   
0.70621   18.33000  0.00289      18.24033      964.91919    
0.70671   18.34000  0.00289      18.25457      875.69240    
0.70771   18.34000  0.00289      18.28313      388.12329    
0.70822   18.35000  0.00289      18.29744      331.56080    
0.70872   18.36000  0.00289      18.31176      279.21582    
0.70972   18.37000  0.00289      18.34048      104.57922    
0.71023   18.41000  0.00289      18.35487      364.75191    
0.71124   18.41000  0.00289      18.38371      82.96584     
0.71174   18.44000  0.00289      18.39816      210.11191    
0.71276   18.46000  0.00289      18.42712      129.74992    
0.71327   18.46000  0.00289      18.44163      40.49692     
0.71378   18.50000  0.00289      18.45616      230.61114    
0.71480   18.52000  0.00289      18.48529      144.57705    
0.71480   18.54000  0.00289      18.48529      359.18675    
0.71531   18.57000  0.00289      18.49988      589.93932    
0.71582   18.57000  0.00289      18.51450      369.62243    
0.71633   18.59000  0.00289      18.52914      444.51049    
0.71685   18.61000  0.00289      18.54380      525.96828    
0.71736   18.62000  0.00289      18.55847      454.25218    
0.71788   18.64000  0.00289      18.57317      535.88489    
0.71839   18.67000  0.00289      18.58790      808.94556    
0.71942   18.69000  0.00289      18.61740      632.47775    
0.72046   18.74000  0.00289      18.64699      1038.07052   
0.72150   18.76000  0.00289      18.67667      833.31555    
0.72202   18.77000  0.00289      18.69154      738.75911    
0.72254   18.79000  0.00289      18.70643      838.08509    
0.72359   18.80000  0.00289      18.73628      487.26809    
0.72411   18.81000  0.00289      18.75123      414.41540    
0.72464   18.86000  0.00289      18.76621      1055.54411   
0.72569   18.84000  0.00289      18.79623      229.86239    
0.72622   18.86000  0.00289      18.81128      284.87455    
0.72674   18.90000  0.00289      18.82634      651.05960    
0.72727   18.90000  0.00289      18.84143      411.66441    
0.72833   18.93000  0.00289      18.87167      408.29338    
0.72886   18.94000  0.00289      18.88682      339.33859    
0.72993   18.96000  0.00289      18.91720      219.86675    
0.73099   18.98000  0.00289      18.94766      125.52736    
0.73153   18.99000  0.00289      18.96292      87.99037     
0.73206   19.02000  0.00289      18.97821      209.58926    
0.73260   19.04000  0.00289      18.99352      259.28141    
0.73314   19.06000  0.00289      19.00885      313.97930    
0.73314   19.09000  0.00289      19.00885      790.27138    
0.73368   19.07000  0.00289      19.02420      251.69220    
0.73421   19.08000  0.00289      19.03958      196.06577    
0.73475   19.14000  0.00289      19.05498      867.45377    
0.73584   19.15000  0.00289      19.08584      493.92118    
0.73638   19.16000  0.00289      19.10131      413.32772    
0.73746   19.21000  0.00289      19.13231      724.21861    
0.73855   19.24000  0.00289      19.16341      703.95907    
0.73964   19.27000  0.00289      19.19459      682.32106    
0.74019   19.30000  0.00289      19.21022      967.20740    
0.74074   19.30000  0.00289      19.22587      659.37588    
0.74184   19.32000  0.00289      19.25724      472.58850    
0.74294   19.33000  0.00289      19.28871      204.58981    
0.74349   19.35000  0.00289      19.30448      248.68281    
0.74460   19.37000  0.00289      19.33608      138.04973    
0.74571   19.38000  0.00289      19.36778      17.91383     
0.74627   19.41000  0.00289      19.38367      83.20986     
0.74683   19.43000  0.00289      19.39958      111.07249    
0.74738   19.43000  0.00289      19.41551      25.19841     
0.74738   19.47000  0.00289      19.41551      356.31124    
0.74850   19.50000  0.00289      19.44745      331.42723    
0.74906   19.52000  0.00289      19.46345      383.73794    
0.74963   19.56000  0.00289      19.47948      778.03110    
0.75075   19.58000  0.00289      19.51161      561.28932    
0.75075   19.59000  0.00289      19.51161      737.42916    
0.75188   19.62000  0.00289      19.54383      696.14773    
0.75245   19.65000  0.00289      19.55998      972.35746    
0.75358   19.66000  0.00289      19.59236      549.10149    
0.75415   19.66000  0.00289      19.60858      317.31410    
0.75472   19.71000  0.00289      19.62482      870.58844    
0.75586   19.74000  0.00289      19.65739      818.89532    
0.75643   19.74000  0.00289      19.67371      527.28557    
0.75700   19.77000  0.00289      19.69006      766.89102    
0.75758   19.80000  0.00289      19.70643      1050.68787   
0.75815   19.79000  0.00289      19.72282      541.53150    
0.75873   19.81000  0.00289      19.73924      600.79057    
0.75930   19.82000  0.00289      19.75569      496.33113    
0.75988   19.83000  0.00289      19.77216      401.49314    
0.76104   19.84000  0.00289      19.80517      145.55812    
0.76161   19.86000  0.00289      19.82172      175.86899    
0.76220   19.89000  0.00289      19.83829      320.90204    
0.76278   19.89000  0.00289      19.85488      147.98371    
0.76336   19.91000  0.00289      19.87150      177.83285    
0.76394   19.93000  0.00289      19.88815      210.16720    
0.76453   19.95000  0.00289      19.90482      244.92479    
0.76570   19.97000  0.00289      19.93824      121.02628    

Gradi di liberta = 621
Chi-quadro = 1169292.0816458545
p-value = 0.0
Errore a posteriori = 0.12526

Test ipotesi funzione costante_______________________________
Gradi di Liberta' = 621
t = 603.7915171331332
p-value = 0.0

Test ipotesi compatibilità misure____________________________
x         y         sy           y_media_p     Chi-quadro   
0.37651   9.01000   0.00289      14.17772      3204640.47575
0.37750   9.03000   0.00289      14.17772      3179883.41636
0.37836   9.05000   0.00289      14.17772      3155222.35697
0.37922   9.08000   0.00289      14.17772      3118410.76788
0.38023   9.09000   0.00289      14.17772      3106188.23819
0.38110   9.10000   0.00289      14.17772      3093989.70849
0.38168   9.13000   0.00289      14.17772      3057538.11941
0.38256   9.17000   0.00289      14.17772      3009272.00063
0.38344   9.15000   0.00289      14.17772      3033357.06002
0.38388   9.18000   0.00289      14.17772      2997265.47093
0.38432   9.19000   0.00289      14.17772      2985282.94124
0.38506   9.18000   0.00289      14.17772      2997265.47093
0.38565   9.20000   0.00289      14.17772      2973324.41154
0.38595   9.24000   0.00289      14.17772      2925730.29276
0.38580   9.22000   0.00289      14.17772      2949479.35215
0.38595   9.21000   0.00289      14.17772      2961389.88185
0.38625   9.24000   0.00289      14.17772      2925730.29276
0.38640   9.22000   0.00289      14.17772      2949479.35215
0.38670   9.27000   0.00289      14.17772      2890286.70368
0.38715   9.21000   0.00289      14.17772      2961389.88185
0.38745   9.29000   0.00289      14.17772      2866777.64429
0.38835   9.29000   0.00289      14.17772      2866777.64429
0.38911   9.31000   0.00289      14.17772      2843364.58490
0.38926   9.30000   0.00289      14.17772      2855059.11459
0.38986   9.32000   0.00289      14.17772      2831694.05520
0.39032   9.36000   0.00289      14.17772      2785251.93642
0.39078   9.37000   0.00289      14.17772      2773701.40673
0.39124   9.38000   0.00289      14.17772      2762174.87703
0.39216   9.39000   0.00289      14.17772      2750672.34734
0.39293   9.42000   0.00289      14.17772      2716308.75825
0.39355   9.43000   0.00289      14.17772      2704902.22856
0.39417   9.45000   0.00289      14.17772      2682161.16917
0.39494   9.48000   0.00289      14.17772      2648229.58008
0.39557   9.51000   0.00289      14.17772      2614513.99100
0.39604   9.53000   0.00289      14.17772      2592156.93161
0.39635   9.50000   0.00289      14.17772      2625728.52069
0.39698   9.54000   0.00289      14.17772      2581014.40191
0.39746   9.55000   0.00289      14.17772      2569895.87222
0.39809   9.55000   0.00289      14.17772      2569895.87222
0.39857   9.59000   0.00289      14.17772      2525661.75344
0.39904   9.60000   0.00289      14.17772      2514663.22374
0.39952   9.59000   0.00289      14.17772      2525661.75344
0.39984   9.63000   0.00289      14.17772      2481811.63466
0.40016   9.59000   0.00289      14.17772      2525661.75344
0.40080   9.63000   0.00289      14.17772      2481811.63466
0.40145   9.64000   0.00289      14.17772      2470909.10496
0.40193   9.64000   0.00289      14.17772      2470909.10496
0.40241   9.62000   0.00289      14.17772      2492738.16435
0.40274   9.68000   0.00289      14.17772      2427538.98618
0.40339   9.70000   0.00289      14.17772      2405997.92679
0.40388   9.71000   0.00289      14.17772      2395263.39710
0.40437   9.67000   0.00289      14.17772      2438345.51588
0.40502   9.71000   0.00289      14.17772      2395263.39710
0.40552   9.75000   0.00289      14.17772      2352565.27832
0.40601   9.73000   0.00289      14.17772      2373866.33771
0.40667   9.80000   0.00289      14.17772      2299732.62984
0.40700   9.85000   0.00289      14.17772      2247499.98137
0.40733   9.83000   0.00289      14.17772      2268321.04076
0.40783   9.84000   0.00289      14.17772      2257898.51106
0.40833   9.87000   0.00289      14.17772      2226774.92198
0.40883   9.89000   0.00289      14.17772      2206145.86259
0.40950   9.91000   0.00289      14.17772      2185612.80320
0.41000   9.91000   0.00289      14.17772      2185612.80320
0.41068   9.89000   0.00289      14.17772      2206145.86259
0.41135   9.85000   0.00289      14.17772      2247499.98137
0.41203   9.90000   0.00289      14.17772      2195867.33289
0.41254   9.97000   0.00289      14.17772      2124589.62503
0.41322   9.98000   0.00289      14.17772      2114503.09533
0.41408   9.98000   0.00289      14.17772      2114503.09533
0.41477   10.05000  0.00289      14.17772      2044569.38747
0.41511   9.99000   0.00289      14.17772      2104440.56564
0.41563   10.04000  0.00289      14.17772      2054487.91716
0.41632   10.07000  0.00289      14.17772      2024804.32808
0.41701   10.00000  0.00289      14.17772      2094402.03594
0.41754   10.08000  0.00289      14.17772      2014957.79838
0.41824   10.09000  0.00289      14.17772      2005135.26869
0.41859   10.04000  0.00289      14.17772      2054487.91716
0.41894   10.09000  0.00289      14.17772      2005135.26869
0.41946   10.06000  0.00289      14.17772      2034674.85777
0.42017   10.11000  0.00289      14.17772      1985562.20930
0.42070   10.15000  0.00289      14.17772      1946704.09052
0.42123   10.12000  0.00289      14.17772      1975811.67960
0.42194   10.20000  0.00289      14.17772      1898671.44204
0.42248   10.17000  0.00289      14.17772      1927419.03113
0.42301   10.18000  0.00289      14.17772      1917812.50143
0.42355   10.22000  0.00289      14.17772      1879626.38265
0.42391   10.25000  0.00289      14.17772      1851238.79357
0.42463   10.27000  0.00289      14.17772      1832433.73418
0.42499   10.27000  0.00289      14.17772      1832433.73418
0.42553   10.27000  0.00289      14.17772      1832433.73418
0.42589   10.29000  0.00289      14.17772      1813724.67479
0.42644   10.34000  0.00289      14.17772      1767372.02631
0.42699   10.33000  0.00289      14.17772      1776594.55601
0.42753   10.31000  0.00289      14.17772      1795111.61540
0.42827   10.37000  0.00289      14.17772      1739848.43723
0.42918   10.38000  0.00289      14.17772      1730721.90753
0.43011   10.45000  0.00289      14.17772      1667508.19967
0.43066   10.39000  0.00289      14.17772      1721619.37784
0.43103   10.45000  0.00289      14.17772      1667508.19967
0.43159   10.49000  0.00289      14.17772      1631914.08089
0.43215   10.47000  0.00289      14.17772      1649663.14028
0.43271   10.48000  0.00289      14.17772      1640776.61058
0.43328   10.55000  0.00289      14.17772      1579242.90272
0.43384   10.49000  0.00289      14.17772      1631914.08089
0.43440   10.46000  0.00289      14.17772      1658573.66997
0.43497   10.49000  0.00289      14.17772      1631914.08089
0.43535   10.62000  0.00289      14.17772      1518885.19485
0.43592   10.50000  0.00289      14.17772      1623075.55119
0.43630   10.61000  0.00289      14.17772      1527435.72455
0.43687   10.47000  0.00289      14.17772      1649663.14028
0.43725   10.58000  0.00289      14.17772      1553231.31363
0.43783   10.55000  0.00289      14.17772      1579242.90272
0.43821   10.55000  0.00289      14.17772      1579242.90272
0.43879   10.65000  0.00289      14.17772      1493377.60577
0.43937   10.70000  0.00289      14.17772      1451344.95729
0.43995   10.62000  0.00289      14.17772      1518885.19485
0.44053   10.67000  0.00289      14.17772      1476492.54638
0.44092   10.72000  0.00289      14.17772      1434699.89790
0.44150   10.70000  0.00289      14.17772      1451344.95729
0.44209   10.72000  0.00289      14.17772      1434699.89790
0.44267   10.76000  0.00289      14.17772      1401697.77912
0.44326   10.74000  0.00289      14.17772      1418150.83851
0.44366   10.71000  0.00289      14.17772      1443010.42759
0.44425   10.75000  0.00289      14.17772      1409912.30881
0.44524   10.82000  0.00289      14.17772      1352914.60095
0.44603   10.84000  0.00289      14.17772      1336845.54156
0.44683   10.87000  0.00289      14.17772      1312921.95247
0.44763   10.76000  0.00289      14.17772      1401697.77912
0.44863   10.88000  0.00289      14.17772      1304995.42278
0.44924   10.98000  0.00289      14.17772      1227050.12583
0.45005   10.96000  0.00289      14.17772      1242447.18522
0.45086   10.99000  0.00289      14.17772      1219387.59613
0.45147   10.90000  0.00289      14.17772      1289214.36339
0.45208   10.95000  0.00289      14.17772      1250181.71491
0.45269   11.03000  0.00289      14.17772      1188977.47735
0.45331   10.92000  0.00289      14.17772      1273529.30400
0.45393   11.00000  0.00289      14.17772      1211749.06644
0.45434   10.99000  0.00289      14.17772      1219387.59613
0.45496   11.04000  0.00289      14.17772      1181434.94766
0.45558   11.02000  0.00289      14.17772      1196544.00705
0.45620   11.06000  0.00289      14.17772      1166421.88827
0.45704   11.06000  0.00289      14.17772      1166421.88827
0.45746   11.15000  0.00289      14.17772      1100051.12101
0.45788   11.10000  0.00289      14.17772      1136683.76949
0.45830   11.15000  0.00289      14.17772      1100051.12101
0.45872   11.14000  0.00289      14.17772      1107329.65071
0.45914   11.19000  0.00289      14.17772      1071177.00223
0.45977   11.30000  0.00289      14.17772      993753.17559 
0.46019   11.14000  0.00289      14.17772      1107329.65071
0.46062   11.11000  0.00289      14.17772      1129309.23979
0.46104   11.28000  0.00289      14.17772      1007614.23498
0.46147   11.26000  0.00289      14.17772      1021571.29437
0.46211   11.33000  0.00289      14.17772      973141.58650 
0.46275   11.33000  0.00289      14.17772      973141.58650 
0.46339   11.33000  0.00289      14.17772      973141.58650 
0.46425   11.42000  0.00289      14.17772      912602.81925 
0.46468   11.41000  0.00289      14.17772      919233.34894 
0.46490   11.35000  0.00289      14.17772      959520.52711 
0.46533   11.30000  0.00289      14.17772      993753.17559 
0.46598   11.27000  0.00289      14.17772      1014580.76467
0.46664   11.49000  0.00289      14.17772      866861.11138 
0.46729   11.43000  0.00289      14.17772      905996.28955 
0.46795   11.39000  0.00289      14.17772      932566.40833 
0.46860   11.35000  0.00289      14.17772      959520.52711 
0.46904   11.41000  0.00289      14.17772      919233.34894 
0.46948   11.54000  0.00289      14.17772      834908.46291 
0.46992   11.52000  0.00289      14.17772      847617.52230 
0.47037   11.53000  0.00289      14.17772      841250.99260 
0.47081   11.48000  0.00289      14.17772      873323.64108 
0.47125   11.47000  0.00289      14.17772      879810.17077 
0.47170   11.50000  0.00289      14.17772      860422.58169 
0.47237   11.59000  0.00289      14.17772      803555.81443 
0.47304   11.43000  0.00289      14.17772      905996.28955 
0.47326   11.51000  0.00289      14.17772      854008.05199 
0.47348   11.55000  0.00289      14.17772      828589.93321 
0.47371   11.47000  0.00289      14.17772      879810.17077 
0.47416   11.55000  0.00289      14.17772      828589.93321 
0.47461   11.65000  0.00289      14.17772      766724.63626 
0.47506   11.55000  0.00289      14.17772      828589.93321 
0.47551   11.63000  0.00289      14.17772      778905.69565 
0.47619   11.66000  0.00289      14.17772      760670.10657 
0.47664   11.56000  0.00289      14.17772      822295.40352 
0.47733   11.67000  0.00289      14.17772      754639.57687 
0.47778   11.74000  0.00289      14.17772      713097.86901 
0.47824   11.73000  0.00289      14.17772      718960.39870 
0.47893   11.77000  0.00289      14.17772      695654.27992 
0.47962   11.79000  0.00289      14.17772      684145.22053 
0.48054   11.85000  0.00289      14.17772      650194.04236 
0.48123   11.79000  0.00289      14.17772      684145.22053 
0.48216   11.79000  0.00289      14.17772      684145.22053 
0.48286   11.79000  0.00289      14.17772      684145.22053 
0.48333   11.79000  0.00289      14.17772      684145.22053 
0.48403   11.80000  0.00289      14.17772      678426.69084 
0.48450   11.85000  0.00289      14.17772      650194.04236 
0.48520   11.85000  0.00289      14.17772      650194.04236 
0.48567   11.82000  0.00289      14.17772      667061.63145 
0.48638   11.87000  0.00289      14.17772      639068.98297 
0.48685   11.80000  0.00289      14.17772      678426.69084 
0.48733   11.83000  0.00289      14.17772      661415.10175 
0.48780   11.88000  0.00289      14.17772      633542.45328 
0.48852   11.92000  0.00289      14.17772      611676.33450 
0.48900   12.04000  0.00289      14.17772      548381.97816 
0.48948   12.02000  0.00289      14.17772      558691.03755 
0.48996   11.93000  0.00289      14.17772      606269.80480 
0.49020   11.95000  0.00289      14.17772      595528.74541 
0.49068   11.89000  0.00289      14.17772      628039.92358 
0.49140   12.02000  0.00289      14.17772      558691.03755 
0.49188   11.96000  0.00289      14.17772      590194.21572 
0.49237   11.99000  0.00289      14.17772      574334.62663 
0.49285   12.17000  0.00289      14.17772      483713.09212 
0.49358   11.98000  0.00289      14.17772      579597.15633 
0.49407   12.05000  0.00289      14.17772      543263.44846 
0.49456   12.19000  0.00289      14.17772      474124.03273 
0.49554   12.21000  0.00289      14.17772      464630.97334 
0.49628   12.18000  0.00289      14.17772      478906.56243 
0.49727   12.13000  0.00289      14.17772      503179.21090 
0.49801   12.31000  0.00289      14.17772      418605.67639 
0.49875   12.27000  0.00289      14.17772      436727.79517 
0.49950   12.22000  0.00289      14.17772      459920.44365 
0.50025   12.29000  0.00289      14.17772      427618.73578 
0.50100   12.44000  0.00289      14.17772      362360.79036 
0.50150   12.41000  0.00289      14.17772      374980.37944 
0.50201   12.26000  0.00289      14.17772      441318.32487 
0.50251   12.23000  0.00289      14.17772      455233.91395 
0.50302   12.22000  0.00289      14.17772      459920.44365 
0.50352   12.40000  0.00289      14.17772      379234.90914 
0.50429   12.46000  0.00289      14.17772      354067.73097 
0.50531   12.29000  0.00289      14.17772      427618.73578 
0.50633   12.32000  0.00289      14.17772      414135.14670 
0.50684   12.32000  0.00289      14.17772      414135.14670 
0.50736   12.44000  0.00289      14.17772      362360.79036 
0.50839   12.52000  0.00289      14.17772      329764.55280 
0.50916   12.37000  0.00289      14.17772      392142.49822 
0.50942   12.61000  0.00289      14.17772      294929.78554 
0.50968   12.45000  0.00289      14.17772      358202.26066 
0.51020   12.41000  0.00289      14.17772      374980.37944 
0.51046   12.57000  0.00289      14.17772      310171.90432 
0.51073   12.64000  0.00289      14.17772      283750.19646 
0.51151   12.58000  0.00289      14.17772      306325.37463 
0.51230   12.58000  0.00289      14.17772      306325.37463 
0.51282   12.54000  0.00289      14.17772      321855.49341 
0.51361   12.57000  0.00289      14.17772      310171.90432 
0.51440   12.74000  0.00289      14.17772      248044.89951 
0.51520   12.69000  0.00289      14.17772      265597.54798 
0.51573   12.67000  0.00289      14.17772      272786.60737 
0.51653   12.65000  0.00289      14.17772      280071.66676 
0.51733   12.66000  0.00289      14.17772      276417.13707 
0.51813   12.80000  0.00289      14.17772      227773.72133 
0.51921   12.76000  0.00289      14.17772      241191.84012 
0.51975   12.74000  0.00289      14.17772      248044.89951 
0.52029   12.80000  0.00289      14.17772      227773.72133 
0.52138   12.78000  0.00289      14.17772      234434.78072 
0.52274   12.80000  0.00289      14.17772      227773.72133 
0.52356   12.92000  0.00289      14.17772      189823.36499 
0.52411   12.87000  0.00289      14.17772      205216.01347 
0.52466   12.90000  0.00289      14.17772      195908.42438 
0.52493   12.86000  0.00289      14.17772      208366.54316 
0.52549   12.82000  0.00289      14.17772      221208.66194 
0.52604   12.92000  0.00289      14.17772      189823.36499 
0.52632   12.88000  0.00289      14.17772      202089.48377 
0.52687   12.95000  0.00289      14.17772      180875.77591 
0.52743   13.07000  0.00289      14.17772      147245.41957 
0.52798   13.00000  0.00289      14.17772      166443.12743 
0.52854   12.97000  0.00289      14.17772      175030.71652 
0.52882   13.03000  0.00289      14.17772      158071.53835 
0.52910   13.11000  0.00289      14.17772      136803.30079 
0.52994   13.13000  0.00289      14.17772      131726.24140 
0.53079   13.02000  0.00289      14.17772      160838.06804 
0.53191   13.06000  0.00289      14.17772      149915.94926 
0.53248   13.15000  0.00289      14.17772      126745.18201 
0.53362   13.18000  0.00289      14.17772      119453.59292 
0.53476   13.18000  0.00289      14.17772      119453.59292 
0.53533   13.27000  0.00289      14.17772      98874.82567  
0.53591   13.29000  0.00289      14.17772      94565.76628  
0.53648   13.28000  0.00289      14.17772      96708.29597  
0.53763   13.32000  0.00289      14.17772      88282.17719  
0.53879   13.33000  0.00289      14.17772      86235.64750  
0.53937   13.32000  0.00289      14.17772      88282.17719  
0.54025   13.33000  0.00289      14.17772      86235.64750  
0.54113   13.41000  0.00289      14.17772      70727.40994  
0.54171   13.31000  0.00289      14.17772      90352.70689  
0.54230   13.23000  0.00289      14.17772      107780.94445 
0.54289   13.37000  0.00289      14.17772      78289.52872  
0.54318   13.42000  0.00289      14.17772      68896.88024  
0.54348   13.40000  0.00289      14.17772      72581.93963  
0.54407   13.40000  0.00289      14.17772      72581.93963  
0.54496   13.40000  0.00289      14.17772      72581.93963  
0.54555   13.54000  0.00289      14.17772      48802.52390  
0.54645   13.56000  0.00289      14.17772      45789.46451  
0.54705   13.45000  0.00289      14.17772      63549.29116  
0.54765   13.51000  0.00289      14.17772      53502.11299  
0.54825   13.60000  0.00289      14.17772      40051.34573  
0.54885   13.54000  0.00289      14.17772      48802.52390  
0.54975   13.63000  0.00289      14.17772      35999.75665  
0.55036   13.61000  0.00289      14.17772      38676.81604  
0.55127   13.61000  0.00289      14.17772      38676.81604  
0.55218   13.67000  0.00289      14.17772      30933.63787  
0.55279   13.67000  0.00289      14.17772      30933.63787  
0.55340   13.70000  0.00289      14.17772      27386.04878  
0.55432   13.72000  0.00289      14.17772      25140.98939  
0.55494   13.67000  0.00289      14.17772      30933.63787  
0.55556   13.78000  0.00289      14.17772      18981.81122  
0.55617   13.69000  0.00289      14.17772      28544.57848  
0.55679   13.78000  0.00289      14.17772      18981.81122  
0.55741   13.79000  0.00289      14.17772      18039.28153  
0.55772   13.70000  0.00289      14.17772      27386.04878  
0.55804   13.77000  0.00289      14.17772      19948.34092  
0.55835   13.82000  0.00289      14.17772      15355.69244  
0.55866   13.70000  0.00289      14.17772      27386.04878  
0.55928   13.74000  0.00289      14.17772      22991.93000  
0.55991   13.82000  0.00289      14.17772      15355.69244  
0.56054   13.89000  0.00289      14.17772      9933.98458   
0.56117   13.86000  0.00289      14.17772      12113.57366  
0.56180   13.80000  0.00289      14.17772      17120.75183  
0.56243   13.85000  0.00289      14.17772      12888.10336  
0.56275   13.90000  0.00289      14.17772      9255.45488   
0.56338   13.95000  0.00289      14.17772      6222.80641   
0.56402   14.05000  0.00289      14.17772      1957.50946   
0.56465   14.01000  0.00289      14.17772      3375.62824   
0.56561   14.03000  0.00289      14.17772      2618.56885   
0.56625   14.01000  0.00289      14.17772      3375.62824   
0.56721   13.98000  0.00289      14.17772      4691.21732   
0.56818   14.07000  0.00289      14.17772      1392.45007   
0.56915   14.09000  0.00289      14.17772      923.39068    
0.56980   14.09000  0.00289      14.17772      923.39068    
0.57045   14.10000  0.00289      14.17772      724.86098    
0.57110   14.19000  0.00289      14.17772      18.09373     
0.57176   14.08000  0.00289      14.17772      1145.92037   
0.57241   14.15000  0.00289      14.17772      92.21251     
0.57307   14.14000  0.00289      14.17772      170.74220    
0.57339   14.21000  0.00289      14.17772      125.03434    
0.57372   14.23000  0.00289      14.17772      327.97495    
0.57438   14.17000  0.00289      14.17772      7.15312      
0.57504   14.21000  0.00289      14.17772      125.03434    
0.57604   14.29000  0.00289      14.17772      1512.79678   
0.57670   14.22000  0.00289      14.17772      214.50464    
0.57703   14.32000  0.00289      14.17772      2429.20769   
0.57803   14.32000  0.00289      14.17772      2429.20769   
0.57870   14.33000  0.00289      14.17772      2782.67800   
0.57937   14.43000  0.00289      14.17772      7637.38105   
0.58005   14.41000  0.00289      14.17772      6474.44044   
0.58072   14.47000  0.00289      14.17772      10251.26227  
0.58140   14.52000  0.00289      14.17772      14058.61379  
0.58241   14.49000  0.00289      14.17772      11702.20288  
0.58309   14.58000  0.00289      14.17772      19419.43562  
0.58411   14.64000  0.00289      14.17772      25644.25745  
0.58480   14.63000  0.00289      14.17772      24546.78715  
0.58548   14.67000  0.00289      14.17772      29080.66837  
0.58582   14.68000  0.00289      14.17772      30274.13867  
0.58617   14.67000  0.00289      14.17772      29080.66837  
0.58685   14.73000  0.00289      14.17772      36601.49020  
0.58720   14.67000  0.00289      14.17772      29080.66837  
0.58789   14.74000  0.00289      14.17772      37938.96050  
0.58858   14.77000  0.00289      14.17772      42095.37142  
0.58893   14.74000  0.00289      14.17772      37938.96050  
0.58962   14.79000  0.00289      14.17772      44986.31203  
0.59032   14.79000  0.00289      14.17772      44986.31203  
0.59067   14.75000  0.00289      14.17772      39300.43081  
0.59102   14.84000  0.00289      14.17772      52633.66355  
0.59172   14.83000  0.00289      14.17772      51056.19325  
0.59277   14.88000  0.00289      14.17772      59183.54477  
0.59347   14.93000  0.00289      14.17772      67910.89629  
0.59418   14.92000  0.00289      14.17772      66117.42599  
0.59453   14.97000  0.00289      14.17772      75324.77751  
0.59488   15.01000  0.00289      14.17772      83122.65873  
0.59559   14.96000  0.00289      14.17772      73435.30721  
0.59595   15.07000  0.00289      14.17772      95539.48056  
0.59666   15.08000  0.00289      14.17772      97692.95087  
0.59737   15.12000  0.00289      14.17772      106546.83209 
0.59773   15.13000  0.00289      14.17772      108820.30239 
0.59844   15.14000  0.00289      14.17772      111117.77270 
0.59952   15.20000  0.00289      14.17772      125406.59453 
0.60024   15.24000  0.00289      14.17772      135412.47575 
0.60096   15.25000  0.00289      14.17772      137973.94605 
0.60168   15.29000  0.00289      14.17772      148459.82727 
0.60205   15.31000  0.00289      14.17772      153846.76788 
0.60314   15.35000  0.00289      14.17772      164908.64910 
0.60386   15.38000  0.00289      14.17772      173457.06002 
0.60496   15.39000  0.00289      14.17772      176354.53032 
0.60569   15.44000  0.00289      14.17772      191201.88185 
0.60680   15.50000  0.00289      14.17772      209810.70368 
0.60753   15.52000  0.00289      14.17772      216205.64429 
0.60790   15.54000  0.00289      14.17772      222696.58490 
0.60864   15.56000  0.00289      14.17772      229283.52551 
0.60976   15.58000  0.00289      14.17772      235966.46612 
0.61087   15.61000  0.00289      14.17772      246170.87703 
0.61162   15.66000  0.00289      14.17772      263658.22856 
0.61200   15.68000  0.00289      14.17772      270821.16917 
0.61275   15.68000  0.00289      14.17772      270821.16917 
0.61312   15.71000  0.00289      14.17772      281745.58008 
0.61387   15.73000  0.00289      14.17772      289148.52069 
0.61463   15.79000  0.00289      14.17772      311933.34252 
0.61576   15.80000  0.00289      14.17772      315814.81283 
0.61652   15.84000  0.00289      14.17772      331580.69405 
0.61728   15.86000  0.00289      14.17772      339607.63466 
0.61767   15.88000  0.00289      14.17772      347730.57527 
0.61767   15.90000  0.00289      14.17772      355949.51588 
0.61805   15.91000  0.00289      14.17772      360094.98618 
0.61881   15.92000  0.00289      14.17772      364264.45649 
0.61920   15.95000  0.00289      14.17772      376916.86740 
0.61996   15.96000  0.00289      14.17772      381182.33771 
0.62073   16.00000  0.00289      14.17772      398484.21893 
0.62150   15.99000  0.00289      14.17772      394122.74862 
0.62189   16.01000  0.00289      14.17772      402869.68923 
0.62228   16.02000  0.00289      14.17772      407279.15954 
0.62267   16.02000  0.00289      14.17772      407279.15954 
0.62305   16.02000  0.00289      14.17772      407279.15954 
0.62344   16.05000  0.00289      14.17772      420651.57045 
0.62422   16.04000  0.00289      14.17772      416170.10015 
0.62500   16.07000  0.00289      14.17772      429686.51106 
0.62539   16.07000  0.00289      14.17772      429686.51106 
0.62578   16.09000  0.00289      14.17772      438817.45167 
0.62617   16.09000  0.00289      14.17772      438817.45167 
0.62657   16.10000  0.00289      14.17772      443418.92198 
0.62696   16.11000  0.00289      14.17772      448044.39228 
0.62735   16.13000  0.00289      14.17772      457367.33289 
0.62735   16.13000  0.00289      14.17772      457367.33289 
0.62775   16.16000  0.00289      14.17772      471531.74381 
0.62854   16.17000  0.00289      14.17772      476301.21411 
0.62893   16.18000  0.00289      14.17772      481094.68442 
0.62972   16.21000  0.00289      14.17772      495619.09533 
0.63052   16.23000  0.00289      14.17772      505422.03594 
0.63131   16.26000  0.00289      14.17772      520306.44686 
0.63171   16.28000  0.00289      14.17772      530349.38747 
0.63251   16.29000  0.00289      14.17772      535406.85777 
0.63291   16.32000  0.00289      14.17772      550723.26869 
0.63371   16.34000  0.00289      14.17772      561054.20930 
0.63452   16.34000  0.00289      14.17772      561054.20930 
0.63532   16.38000  0.00289      14.17772      582004.09052 
0.63613   16.39000  0.00289      14.17772      587301.56082 
0.63694   16.43000  0.00289      14.17772      608731.44204 
0.63735   16.46000  0.00289      14.17772      625055.85296 
0.63776   16.43000  0.00289      14.17772      608731.44204 
0.63857   16.46000  0.00289      14.17772      625055.85296 
0.63939   16.48000  0.00289      14.17772      636058.79357 
0.64020   16.46000  0.00289      14.17772      625055.85296 
0.64103   16.49000  0.00289      14.17772      641596.26387 
0.64185   16.51000  0.00289      14.17772      652743.20448 
0.64267   16.55000  0.00289      14.17772      675325.08570 
0.64309   16.55000  0.00289      14.17772      675325.08570 
0.64350   16.54000  0.00289      14.17772      669643.61540 
0.64392   16.60000  0.00289      14.17772      704092.43723 
0.64475   16.57000  0.00289      14.17772      686760.02631 
0.64558   16.64000  0.00289      14.17772      727538.31845 
0.64641   16.63000  0.00289      14.17772      721640.84814 
0.64725   16.68000  0.00289      14.17772      751368.19967 
0.64809   16.68000  0.00289      14.17772      751368.19967 
0.64851   16.74000  0.00289      14.17772      787833.02150 
0.64893   16.70000  0.00289      14.17772      763427.14028 
0.64977   16.77000  0.00289      14.17772      806389.43241 
0.65020   16.76000  0.00289      14.17772      800179.96211 
0.65104   16.79000  0.00289      14.17772      818880.37302 
0.65232   16.83000  0.00289      14.17772      844150.25424 
0.65359   16.85000  0.00289      14.17772      856929.19485 
0.65402   16.91000  0.00289      14.17772      895842.01668 
0.65445   16.92000  0.00289      14.17772      902411.48698 
0.65488   16.90000  0.00289      14.17772      889296.54638 
0.65574   16.90000  0.00289      14.17772      889296.54638 
0.65617   16.95000  0.00289      14.17772      922263.89790 
0.65703   16.94000  0.00289      14.17772      915622.42759 
0.65746   16.95000  0.00289      14.17772      922263.89790 
0.65789   16.94000  0.00289      14.17772      915622.42759 
0.65833   16.95000  0.00289      14.17772      922263.89790 
0.65876   16.99000  0.00289      14.17772      949069.77912 
0.65920   17.01000  0.00289      14.17772      962616.71973 
0.66007   17.03000  0.00289      14.17772      976259.66034 
0.66094   17.06000  0.00289      14.17772      996904.07125 
0.66181   17.05000  0.00289      14.17772      989998.60095 
0.66313   17.08000  0.00289      14.17772      1010787.01186
0.66401   17.13000  0.00289      14.17772      1045914.36339
0.66489   17.16000  0.00289      14.17772      1067278.77430
0.66534   17.19000  0.00289      14.17772      1088859.18522
0.66667   17.21000  0.00289      14.17772      1103366.12583
0.66711   17.21000  0.00289      14.17772      1103366.12583
0.66800   17.26000  0.00289      14.17772      1140053.47735
0.66845   17.28000  0.00289      14.17772      1154896.41796
0.66890   17.28000  0.00289      14.17772      1154896.41796
0.66979   17.32000  0.00289      14.17772      1184870.29918
0.67024   17.34000  0.00289      14.17772      1200001.23979
0.67114   17.35000  0.00289      14.17772      1207602.71010
0.67159   17.38000  0.00289      14.17772      1230551.12101
0.67204   17.36000  0.00289      14.17772      1215228.18040
0.67249   17.41000  0.00289      14.17772      1253715.53193
0.67340   17.41000  0.00289      14.17772      1253715.53193
0.67385   17.40000  0.00289      14.17772      1245970.06162
0.67431   17.42000  0.00289      14.17772      1261485.00223
0.67522   17.45000  0.00289      14.17772      1284937.41315
0.67568   17.43000  0.00289      14.17772      1269278.47254
0.67659   17.46000  0.00289      14.17772      1292802.88345
0.67705   17.50000  0.00289      14.17772      1324504.76467
0.67797   17.51000  0.00289      14.17772      1332490.23498
0.67843   17.52000  0.00289      14.17772      1340499.70528
0.67935   17.56000  0.00289      14.17772      1372777.58650
0.67981   17.58000  0.00289      14.17772      1389060.52711
0.68027   17.59000  0.00289      14.17772      1397237.99742
0.68120   17.62000  0.00289      14.17772      1421914.40833
0.68166   17.63000  0.00289      14.17772      1430187.87864
0.68259   17.62000  0.00289      14.17772      1421914.40833
0.68306   17.66000  0.00289      14.17772      1455152.28955
0.68399   17.69000  0.00289      14.17772      1480332.70047
0.68446   17.69000  0.00289      14.17772      1480332.70047
0.68493   17.74000  0.00289      14.17772      1522780.05199
0.68587   17.75000  0.00289      14.17772      1531341.52230
0.68634   17.79000  0.00289      14.17772      1565827.40352
0.68729   17.81000  0.00289      14.17772      1583214.34413
0.68776   17.80000  0.00289      14.17772      1574508.87382
0.68823   17.84000  0.00289      14.17772      1609474.75504
0.68823   17.84000  0.00289      14.17772      1609474.75504
0.68871   17.83000  0.00289      14.17772      1600697.28474
0.68918   17.88000  0.00289      14.17772      1644824.63626
0.69013   17.91000  0.00289      14.17772      1671589.04718
0.69061   17.89000  0.00289      14.17772      1653722.10657
0.69156   17.89000  0.00289      14.17772      1653722.10657
0.69204   17.93000  0.00289      14.17772      1689551.98779
0.69300   17.93000  0.00289      14.17772      1689551.98779
0.69348   17.96000  0.00289      14.17772      1716676.39870
0.69396   17.94000  0.00289      14.17772      1698569.45809
0.69493   17.99000  0.00289      14.17772      1744016.80962
0.69541   18.00000  0.00289      14.17772      1753178.27992
0.69589   18.02000  0.00289      14.17772      1771573.22053
0.69638   18.04000  0.00289      14.17772      1790064.16114
0.69735   18.04000  0.00289      14.17772      1790064.16114
0.69784   18.08000  0.00289      14.17772      1827334.04236
0.69832   18.09000  0.00289      14.17772      1836711.51267
0.69930   18.10000  0.00289      14.17772      1846112.98297
0.69930   18.14000  0.00289      14.17772      1883958.86419
0.69979   18.15000  0.00289      14.17772      1893480.33450
0.70028   18.14000  0.00289      14.17772      1883958.86419
0.70126   18.18000  0.00289      14.17772      1922188.74541
0.70175   18.19000  0.00289      14.17772      1931806.21572
0.70225   18.21000  0.00289      14.17772      1951113.15633
0.70274   18.23000  0.00289      14.17772      1970516.09694
0.70373   18.26000  0.00289      14.17772      1999800.50785
0.70472   18.28000  0.00289      14.17772      2019443.44846
0.70522   18.31000  0.00289      14.17772      2049087.85938
0.70572   18.32000  0.00289      14.17772      2059017.32968
0.70621   18.33000  0.00289      14.17772      2068970.79999
0.70671   18.34000  0.00289      14.17772      2078948.27029
0.70771   18.34000  0.00289      14.17772      2078948.27029
0.70822   18.35000  0.00289      14.17772      2088949.74060
0.70872   18.36000  0.00289      14.17772      2098975.21090
0.70972   18.37000  0.00289      14.17772      2109024.68121
0.71023   18.41000  0.00289      14.17772      2149462.56243
0.71124   18.41000  0.00289      14.17772      2149462.56243
0.71174   18.44000  0.00289      14.17772      2180042.97334
0.71276   18.46000  0.00289      14.17772      2200549.91395
0.71327   18.46000  0.00289      14.17772      2200549.91395
0.71378   18.50000  0.00289      14.17772      2241851.79517
0.71480   18.52000  0.00289      14.17772      2262646.73578
0.71480   18.54000  0.00289      14.17772      2283537.67639
0.71531   18.57000  0.00289      14.17772      2315054.08731
0.71582   18.57000  0.00289      14.17772      2315054.08731
0.71633   18.59000  0.00289      14.17772      2336185.02792
0.71685   18.61000  0.00289      14.17772      2357411.96853
0.71736   18.62000  0.00289      14.17772      2368061.43883
0.71788   18.64000  0.00289      14.17772      2389432.37944
0.71839   18.67000  0.00289      14.17772      2421668.79036
0.71942   18.69000  0.00289      14.17772      2443279.73097
0.72046   18.74000  0.00289      14.17772      2497727.08249
0.72150   18.76000  0.00289      14.17772      2519674.02310
0.72202   18.77000  0.00289      14.17772      2530683.49341
0.72254   18.79000  0.00289      14.17772      2552774.43402
0.72359   18.80000  0.00289      14.17772      2563855.90432
0.72411   18.81000  0.00289      14.17772      2574961.37463
0.72464   18.86000  0.00289      14.17772      2630848.72615
0.72569   18.84000  0.00289      14.17772      2608421.78554
0.72622   18.86000  0.00289      14.17772      2630848.72615
0.72674   18.90000  0.00289      14.17772      2675990.60737
0.72727   18.90000  0.00289      14.17772      2675990.60737
0.72833   18.93000  0.00289      14.17772      2710099.01829
0.72886   18.94000  0.00289      14.17772      2721516.48859
0.72993   18.96000  0.00289      14.17772      2744423.42920
0.73099   18.98000  0.00289      14.17772      2767426.36981
0.73153   18.99000  0.00289      14.17772      2778963.84012
0.73206   19.02000  0.00289      14.17772      2813720.25103
0.73260   19.04000  0.00289      14.17772      2837011.19164
0.73314   19.06000  0.00289      14.17772      2860398.13225
0.73314   19.09000  0.00289      14.17772      2895658.54316
0.73368   19.07000  0.00289      14.17772      2872127.60255
0.73421   19.08000  0.00289      14.17772      2883881.07286
0.73475   19.14000  0.00289      14.17772      2954905.89469
0.73584   19.15000  0.00289      14.17772      2966827.36499
0.73638   19.16000  0.00289      14.17772      2978772.83530
0.73746   19.21000  0.00289      14.17772      3038860.18682
0.73855   19.24000  0.00289      14.17772      3075200.59774
0.73964   19.27000  0.00289      14.17772      3111757.00865
0.74019   19.30000  0.00289      14.17772      3148529.41957
0.74074   19.30000  0.00289      14.17772      3148529.41957
0.74184   19.32000  0.00289      14.17772      3173164.36018
0.74294   19.33000  0.00289      14.17772      3185517.83048
0.74349   19.35000  0.00289      14.17772      3210296.77109
0.74460   19.37000  0.00289      14.17772      3235171.71170
0.74571   19.38000  0.00289      14.17772      3247645.18201
0.74627   19.41000  0.00289      14.17772      3285209.59292
0.74683   19.43000  0.00289      14.17772      3310372.53353
0.74738   19.43000  0.00289      14.17772      3310372.53353
0.74738   19.47000  0.00289      14.17772      3360986.41475
0.74850   19.50000  0.00289      14.17772      3399198.82567
0.74906   19.52000  0.00289      14.17772      3424793.76628
0.74963   19.56000  0.00289      14.17772      3476271.64750
0.75075   19.58000  0.00289      14.17772      3502154.58811
0.75075   19.59000  0.00289      14.17772      3515132.05841
0.75188   19.62000  0.00289      14.17772      3554208.46933
0.75245   19.65000  0.00289      14.17772      3593500.88024
0.75358   19.66000  0.00289      14.17772      3606646.35055
0.75415   19.66000  0.00289      14.17772      3606646.35055
0.75472   19.71000  0.00289      14.17772      3672733.70207
0.75586   19.74000  0.00289      14.17772      3712674.11299
0.75643   19.74000  0.00289      14.17772      3712674.11299
0.75700   19.77000  0.00289      14.17772      3752830.52390
0.75758   19.80000  0.00289      14.17772      3793202.93482
0.75815   19.79000  0.00289      14.17772      3779721.46451
0.75873   19.81000  0.00289      14.17772      3806708.40512
0.75930   19.82000  0.00289      14.17772      3820237.87543
0.75988   19.83000  0.00289      14.17772      3833791.34573
0.76104   19.84000  0.00289      14.17772      3847368.81604
0.76161   19.86000  0.00289      14.17772      3874595.75665
0.76220   19.89000  0.00289      14.17772      3915616.16756
0.76278   19.89000  0.00289      14.17772      3915616.16756
0.76336   19.91000  0.00289      14.17772      3943083.10817
0.76394   19.93000  0.00289      14.17772      3970646.04878
0.76453   19.95000  0.00289      14.17772      3998304.98939
0.76570   19.97000  0.00289      14.17772      4026059.93000

Gradi di liberta = 621
Chi-quadro = 792146131.6083469
p-value = 0.0

Media pesata = 14.177720706260033 +/- 0.00011565525051480625

****************************************************************************************************
SERIE 25
****************************************************************************************************

Test ipotesi linearità_____________________________________
Covarianza = 0.36900
Indice Pearson = 0.99928 +/- 0.00152
Gradi di Liberta' = 621
	t = 657.2482794361013
	p-value (due code) = 0.0

Parametri___________________________________________________
y = a + bx
a = -1.91854 +/- 0.02540
b = 28.54496 +/- 0.04728

Test bontà fit _____________________________________________
x         y         sy           y*            Chi-quadro   
0.37651   9.01000   0.00289      8.82881       3939.64064   
0.37750   9.03000   0.00289      8.85721       3582.82841   
0.37836   9.05000   0.00289      8.88167       3400.15680   
0.37922   9.08000   0.00289      8.90624       3622.90038   
0.38023   9.09000   0.00289      8.93506       2880.91310   
0.38110   9.10000   0.00289      8.95987       2356.24279   
0.38168   9.13000   0.00289      8.97648       2828.13137   
0.38256   9.17000   0.00289      9.00149       3407.48452   
0.38344   9.15000   0.00289      9.02661       1826.93649   
0.38388   9.18000   0.00289      9.03922       2378.37224   
0.38432   9.19000   0.00289      9.05185       2290.21265   
0.38506   9.18000   0.00289      9.07297       1374.58824   
0.38565   9.20000   0.00289      9.08993       1453.89897   
0.38595   9.24000   0.00289      9.09843       2405.19866   
0.38580   9.22000   0.00289      9.09418       1899.82602   
0.38595   9.21000   0.00289      9.09843       1493.86269   
0.38625   9.24000   0.00289      9.10694       2124.71843   
0.38640   9.22000   0.00289      9.11120       1420.58719   
0.38670   9.27000   0.00289      9.11973       2709.84667   
0.38715   9.21000   0.00289      9.13255       719.87575    
0.38745   9.29000   0.00289      9.14111       2660.17243   
0.38835   9.29000   0.00289      9.16688       1819.00963   
0.38911   9.31000   0.00289      9.18845       1773.00250   
0.38926   9.30000   0.00289      9.19277       1379.76897   
0.38986   9.32000   0.00289      9.21010       1449.40066   
0.39032   9.36000   0.00289      9.22313       2248.01759   
0.39078   9.37000   0.00289      9.23619       2148.56759   
0.39124   9.38000   0.00289      9.24928       2050.40540   
0.39216   9.39000   0.00289      9.27556       1571.55188   
0.39293   9.42000   0.00289      9.29755       1799.17971   
0.39355   9.43000   0.00289      9.31521       1581.22001   
0.39417   9.45000   0.00289      9.33292       1644.88574   
0.39494   9.48000   0.00289      9.35514       1870.80235   
0.39557   9.51000   0.00289      9.37298       2253.00009   
0.39604   9.53000   0.00289      9.38639       2474.73004   
0.39635   9.50000   0.00289      9.39536       1314.06241   
0.39698   9.54000   0.00289      9.41332       1925.70949   
0.39746   9.55000   0.00289      9.42683       1820.42151   
0.39809   9.55000   0.00289      9.44490       1325.55656   
0.39857   9.59000   0.00289      9.45849       2075.51784   
0.39904   9.60000   0.00289      9.47211       1962.83872   
0.39952   9.59000   0.00289      9.48576       1303.96870   
0.39984   9.63000   0.00289      9.49488       2190.96314   
0.40016   9.59000   0.00289      9.50401       887.26978    
0.40080   9.63000   0.00289      9.52232       1391.27300   
0.40145   9.64000   0.00289      9.54070       1183.34570   
0.40193   9.64000   0.00289      9.55451       876.94765    
0.40241   9.62000   0.00289      9.56836       319.94661    
0.40274   9.68000   0.00289      9.57762       1257.87418   
0.40339   9.70000   0.00289      9.59617       1293.76404   
0.40388   9.71000   0.00289      9.61012       1197.16436   
0.40437   9.67000   0.00289      9.62410       252.77695    
0.40502   9.71000   0.00289      9.64280       541.84008    
0.40552   9.75000   0.00289      9.65687       1040.81358   
0.40601   9.73000   0.00289      9.67097       418.17582    
0.40667   9.80000   0.00289      9.68982       1456.75035   
0.40700   9.85000   0.00289      9.69927       2726.36479   
0.40733   9.83000   0.00289      9.70873       1764.65213   
0.40783   9.84000   0.00289      9.72296       1643.80621   
0.40833   9.87000   0.00289      9.73722       2115.64371   
0.40883   9.89000   0.00289      9.75152       2301.32762   
0.40950   9.91000   0.00289      9.77063       2330.81643   
0.41000   9.91000   0.00289      9.78501       1874.70858   
0.41068   9.89000   0.00289      9.80424       882.67092    
0.41135   9.85000   0.00289      9.82352       84.11699     
0.41203   9.90000   0.00289      9.84288       391.57184    
0.41254   9.97000   0.00289      9.85743       1520.56845   
0.41322   9.98000   0.00289      9.87690       1275.62527   
0.41408   9.98000   0.00289      9.90132       742.89753    
0.41477   10.05000  0.00289      9.92093       1999.14456   
0.41511   9.99000   0.00289      9.93076       421.16042    
0.41563   10.04000  0.00289      9.94553       1070.89947   
0.41632   10.07000  0.00289      9.96529       1315.72207   
0.41701   10.00000  0.00289      9.98511       26.59793     
0.41754   10.08000  0.00289      10.00002      767.56355    
0.41824   10.09000  0.00289      10.01996      588.64232    
0.41859   10.04000  0.00289      10.02996      12.10502     
0.41894   10.09000  0.00289      10.03997      300.38838    
0.41946   10.06000  0.00289      10.05502      2.98071      
0.42017   10.11000  0.00289      10.07514      145.82864    
0.42070   10.15000  0.00289      10.09028      428.02198    
0.42123   10.12000  0.00289      10.10545      25.39623     
0.42194   10.20000  0.00289      10.12575      661.63932    
0.42248   10.17000  0.00289      10.14101      100.84189    
0.42301   10.18000  0.00289      10.15632      67.31624     
0.42355   10.22000  0.00289      10.17166      280.43255    
0.42391   10.25000  0.00289      10.18191      556.37612    
0.42463   10.27000  0.00289      10.20246      547.37929    
0.42499   10.27000  0.00289      10.21276      393.11846    
0.42553   10.27000  0.00289      10.22825      209.16219    
0.42589   10.29000  0.00289      10.23860      317.07184    
0.42644   10.34000  0.00289      10.25415      884.42937    
0.42699   10.33000  0.00289      10.26974      435.71515    
0.42753   10.31000  0.00289      10.28538      72.76546     
0.42827   10.37000  0.00289      10.30628      487.20866    
0.42918   10.38000  0.00289      10.33251      270.58101    
0.43011   10.45000  0.00289      10.35886      996.75413    
0.43066   10.39000  0.00289      10.37472      28.00474     
0.43103   10.45000  0.00289      10.38532      502.00326    
0.43159   10.49000  0.00289      10.40125      945.14784    
0.43215   10.47000  0.00289      10.41722      334.23757    
0.43271   10.48000  0.00289      10.43324      262.40806    
0.43328   10.55000  0.00289      10.44929      1217.03658   
0.43384   10.49000  0.00289      10.46539      72.68058     
0.43440   10.46000  0.00289      10.48153      55.61728     
0.43497   10.49000  0.00289      10.49771      7.13248      
0.43535   10.62000  0.00289      10.50852      1491.32410   
0.43592   10.50000  0.00289      10.52477      73.63827     
0.43630   10.61000  0.00289      10.53563      663.70683    
0.43687   10.47000  0.00289      10.55195      805.94899    
0.43725   10.58000  0.00289      10.56286      35.26085     
0.43783   10.55000  0.00289      10.57925      102.68404    
0.43821   10.55000  0.00289      10.59021      193.98003    
0.43879   10.65000  0.00289      10.60667      225.27973    
0.43937   10.70000  0.00289      10.62318      708.13302    
0.43995   10.62000  0.00289      10.63973      46.73365     
0.44053   10.67000  0.00289      10.65633      22.42016     
0.44092   10.72000  0.00289      10.66742      331.75621    
0.44150   10.70000  0.00289      10.68409      30.37404     
0.44209   10.72000  0.00289      10.70080      44.21509     
0.44267   10.76000  0.00289      10.71756      216.10309    
0.44326   10.74000  0.00289      10.73437      3.80795      
0.44366   10.71000  0.00289      10.74559      152.03082    
0.44425   10.75000  0.00289      10.76247      18.66573     
0.44524   10.82000  0.00289      10.79070      103.00409    
0.44603   10.84000  0.00289      10.81338      85.05460     
0.44683   10.87000  0.00289      10.83613      137.63843    
0.44763   10.76000  0.00289      10.85897      1175.41154   
0.44863   10.88000  0.00289      10.88763      6.98998      
0.44924   10.98000  0.00289      10.90489      676.96075    
0.45005   10.96000  0.00289      10.92798      123.06721    
0.45086   10.99000  0.00289      10.95114      181.18043    
0.45147   10.90000  0.00289      10.96857      564.28890    
0.45208   10.95000  0.00289      10.98605      155.97051    
0.45269   11.03000  0.00289      11.00358      83.77731     
0.45331   10.92000  0.00289      11.02115      1227.77626   
0.45393   11.00000  0.00289      11.03877      180.38962    
0.45434   10.99000  0.00289      11.05055      439.89454    
0.45496   11.04000  0.00289      11.06825      95.74688     
0.45558   11.02000  0.00289      11.08600      522.66541    
0.45620   11.06000  0.00289      11.10379      230.15744    
0.45704   11.06000  0.00289      11.12760      548.39652    
0.45746   11.15000  0.00289      11.13954      13.13530     
0.45788   11.10000  0.00289      11.15150      318.21552    
0.45830   11.15000  0.00289      11.16348      21.79056     
0.45872   11.14000  0.00289      11.17548      151.03673    
0.45914   11.19000  0.00289      11.18750      0.74928      
0.45977   11.30000  0.00289      11.20558      1069.85041   
0.46019   11.14000  0.00289      11.21766      723.68733    
0.46062   11.11000  0.00289      11.22976      1721.07416   
0.46104   11.28000  0.00289      11.24188      174.34765    
0.46147   11.26000  0.00289      11.25403      4.27787      
0.46211   11.33000  0.00289      11.27229      399.64297    
0.46275   11.33000  0.00289      11.29060      186.25611    
0.46339   11.33000  0.00289      11.30897      53.09200     
0.46425   11.42000  0.00289      11.33353      897.25741    
0.46468   11.41000  0.00289      11.34585      493.89502    
0.46490   11.35000  0.00289      11.35201      0.48586      
0.46533   11.30000  0.00289      11.36436      497.10563    
0.46598   11.27000  0.00289      11.38293      1530.42148   
0.46664   11.49000  0.00289      11.40155      938.76015    
0.46729   11.43000  0.00289      11.42023      11.46538     
0.46795   11.39000  0.00289      11.43895      287.54110    
0.46860   11.35000  0.00289      11.45773      1392.66066   
0.46904   11.41000  0.00289      11.47028      435.99723    
0.46948   11.54000  0.00289      11.48285      391.95383    
0.46992   11.52000  0.00289      11.49544      72.36027     
0.47037   11.53000  0.00289      11.50806      57.74845     
0.47081   11.48000  0.00289      11.52071      198.83385    
0.47125   11.47000  0.00289      11.53337      481.92458    
0.47170   11.50000  0.00289      11.54606      254.61271    
0.47237   11.59000  0.00289      11.56514      74.14215     
0.47304   11.43000  0.00289      11.58428      2856.21250   
0.47326   11.51000  0.00289      11.59067      780.89037    
0.47348   11.55000  0.00289      11.59706      265.81354    
0.47371   11.47000  0.00289      11.60347      2137.62724   
0.47416   11.55000  0.00289      11.61629      527.33318    
0.47461   11.65000  0.00289      11.62914      52.22633     
0.47506   11.55000  0.00289      11.64201      1015.90058   
0.47551   11.63000  0.00289      11.65491      74.43930     
0.47619   11.66000  0.00289      11.67430      24.52855     
0.47664   11.56000  0.00289      11.68725      1943.25754   
0.47733   11.67000  0.00289      11.70674      161.96301    
0.47778   11.74000  0.00289      11.71976      49.16860     
0.47824   11.73000  0.00289      11.73280      0.94266      
0.47893   11.77000  0.00289      11.75242      37.10042     
0.47962   11.79000  0.00289      11.77209      38.50418     
0.48054   11.85000  0.00289      11.79840      319.47396    
0.48123   11.79000  0.00289      11.81821      95.46791     
0.48216   11.79000  0.00289      11.84470      359.03792    
0.48286   11.79000  0.00289      11.86464      668.46588    
0.48333   11.79000  0.00289      11.87796      928.42748    
0.48403   11.80000  0.00289      11.89799      1152.32159   
0.48450   11.85000  0.00289      11.91138      452.12083    
0.48520   11.85000  0.00289      11.93151      797.30998    
0.48567   11.82000  0.00289      11.94497      1873.96368   
0.48638   11.87000  0.00289      11.96519      1087.43461   
0.48685   11.80000  0.00289      11.97871      3832.60166   
0.48733   11.83000  0.00289      11.99226      3159.32335   
0.48780   11.88000  0.00289      12.00583      1899.97123   
0.48852   11.92000  0.00289      12.02624      1354.34611   
0.48900   12.04000  0.00289      12.03987      0.00189      
0.48948   12.02000  0.00289      12.05354      134.98503    
0.48996   11.93000  0.00289      12.06723      2259.86735   
0.49020   11.95000  0.00289      12.07409      1847.69021   
0.49068   11.89000  0.00289      12.08782      4695.83810   
0.49140   12.02000  0.00289      12.10847      939.15332    
0.49188   11.96000  0.00289      12.12227      3159.61379   
0.49237   11.99000  0.00289      12.13609      2561.14694   
0.49285   12.17000  0.00289      12.14995      48.26043     
0.49358   11.98000  0.00289      12.17078      4367.53709   
0.49407   12.05000  0.00289      12.18470      2177.29019   
0.49456   12.19000  0.00289      12.19865      8.97823      
0.49554   12.21000  0.00289      12.22663      33.19605     
0.49628   12.18000  0.00289      12.24769      549.86677    
0.49727   12.13000  0.00289      12.27587      2553.35308   
0.49801   12.31000  0.00289      12.29708      20.04235     
0.49875   12.27000  0.00289      12.31835      280.48775    
0.49950   12.22000  0.00289      12.33968      1718.81465   
0.50025   12.29000  0.00289      12.36108      606.26126    
0.50100   12.44000  0.00289      12.38254      396.18410    
0.50150   12.41000  0.00289      12.39689      20.63996     
0.50201   12.26000  0.00289      12.41126      2745.47979   
0.50251   12.23000  0.00289      12.42566      4593.93364   
0.50302   12.22000  0.00289      12.44009      5812.78695   
0.50352   12.40000  0.00289      12.45455      357.09075    
0.50429   12.46000  0.00289      12.47629      31.86307     
0.50531   12.29000  0.00289      12.50539      5567.14873   
0.50633   12.32000  0.00289      12.53460      5526.54135   
0.50684   12.32000  0.00289      12.54925      6306.89192   
0.50736   12.44000  0.00289      12.56393      1843.17845   
0.50839   12.52000  0.00289      12.59339      646.25411    
0.50916   12.37000  0.00289      12.61555      7235.52504   
0.50942   12.61000  0.00289      12.62296      20.14465     
0.50968   12.45000  0.00289      12.63037      3903.91872   
0.51020   12.41000  0.00289      12.64521      6639.07154   
0.51046   12.57000  0.00289      12.65265      819.68733    
0.51073   12.64000  0.00289      12.66009      48.43341     
0.51151   12.58000  0.00289      12.68246      1259.80036   
0.51230   12.58000  0.00289      12.70490      1872.04475   
0.51282   12.54000  0.00289      12.71990      3883.67491   
0.51361   12.57000  0.00289      12.74246      3568.89682   
0.51440   12.74000  0.00289      12.76508      75.48212     
0.51520   12.69000  0.00289      12.78778      1147.19770   
0.51573   12.67000  0.00289      12.80294      2120.89679   
0.51653   12.65000  0.00289      12.82576      3706.83494   
0.51733   12.66000  0.00289      12.84864      4270.17725   
0.51813   12.80000  0.00289      12.87159      615.07604    
0.51921   12.76000  0.00289      12.90231      2430.26722   
0.51975   12.74000  0.00289      12.91772      3789.98313   
0.52029   12.80000  0.00289      12.93315      2127.62921   
0.52138   12.78000  0.00289      12.96413      4068.38572   
0.52274   12.80000  0.00289      13.00303      4946.39660   
0.52356   12.92000  0.00289      13.02646      1360.15097   
0.52411   12.87000  0.00289      13.04213      3555.43441   
0.52466   12.90000  0.00289      13.05783      2989.16736   
0.52493   12.86000  0.00289      13.06569      5076.99379   
0.52549   12.82000  0.00289      13.08144      8201.96544   
0.52604   12.92000  0.00289      13.09722      3768.78559   
0.52632   12.88000  0.00289      13.10512      6081.58728   
0.52687   12.95000  0.00289      13.12095      3506.99134   
0.52743   13.07000  0.00289      13.13682      535.74848    
0.52798   13.00000  0.00289      13.15272      2798.63890   
0.52854   12.97000  0.00289      13.16865      4735.27334   
0.52882   13.03000  0.00289      13.17663      2579.87983   
0.52910   13.11000  0.00289      13.18461      668.03815    
0.52994   13.13000  0.00289      13.20862      741.80044    
0.53079   13.02000  0.00289      13.23271      5429.53875   
0.53191   13.06000  0.00289      13.26495      5040.44900   
0.53248   13.15000  0.00289      13.28112      2063.03136   
0.53362   13.18000  0.00289      13.31356      2140.63234   
0.53476   13.18000  0.00289      13.34614      3312.43023   
0.53533   13.27000  0.00289      13.36249      1026.45279   
0.53591   13.29000  0.00289      13.37886      947.63835    
0.53648   13.28000  0.00289      13.39528      1594.69628   
0.53763   13.32000  0.00289      13.42821      1405.16632   
0.53879   13.33000  0.00289      13.46129      2068.33274   
0.53937   13.32000  0.00289      13.47788      2991.02972   
0.54025   13.33000  0.00289      13.50283      3584.46626   
0.54113   13.41000  0.00289      13.52787      1667.07840   
0.54171   13.31000  0.00289      13.54460      6604.49787   
0.54230   13.23000  0.00289      13.56137      13176.88741  
0.54289   13.37000  0.00289      13.57818      5200.65505   
0.54318   13.42000  0.00289      13.58660      3330.55790   
0.54348   13.40000  0.00289      13.59502      4564.12193   
0.54407   13.40000  0.00289      13.61190      5388.44187   
0.54496   13.40000  0.00289      13.63730      6757.08500   
0.54555   13.54000  0.00289      13.65427      1566.87072   
0.54645   13.56000  0.00289      13.67980      1722.17420   
0.54705   13.45000  0.00289      13.69686      7312.99403   
0.54765   13.51000  0.00289      13.71397      4992.30242   
0.54825   13.60000  0.00289      13.73111      2062.71268   
0.54885   13.54000  0.00289      13.74829      5205.98707   
0.54975   13.63000  0.00289      13.77413      2492.64322   
0.55036   13.61000  0.00289      13.79140      3948.63675   
0.55127   13.61000  0.00289      13.81738      5160.74350   
0.55218   13.67000  0.00289      13.84345      3610.04614   
0.55279   13.67000  0.00289      13.86087      4371.88982   
0.55340   13.70000  0.00289      13.87834      3816.51315   
0.55432   13.72000  0.00289      13.90461      4089.58202   
0.55494   13.67000  0.00289      13.92217      7630.70745   
0.55556   13.78000  0.00289      13.93977      3063.16805   
0.55617   13.69000  0.00289      13.95741      8580.95884   
0.55679   13.78000  0.00289      13.97509      4567.16667   
0.55741   13.79000  0.00289      13.99281      4935.71369   
0.55772   13.70000  0.00289      14.00168      10921.42968  
0.55804   13.77000  0.00289      14.01057      6944.63204   
0.55835   13.82000  0.00289      14.01946      4774.10707   
0.55866   13.70000  0.00289      14.02836      12938.72989  
0.55928   13.74000  0.00289      14.04620      11251.11898  
0.55991   13.82000  0.00289      14.06408      7148.95254   
0.56054   13.89000  0.00289      14.08200      4423.53389   
0.56117   13.86000  0.00289      14.09995      6909.39574   
0.56180   13.80000  0.00289      14.11795      12131.30021  
0.56243   13.85000  0.00289      14.13599      9814.96342   
0.56275   13.90000  0.00289      14.14503      7204.55935   
0.56338   13.95000  0.00289      14.16313      5450.73894   
0.56402   14.05000  0.00289      14.18127      2067.72110   
0.56465   14.01000  0.00289      14.19945      4306.88986   
0.56561   14.03000  0.00289      14.22680      4647.53749   
0.56625   14.01000  0.00289      14.24508      6631.66553   
0.56721   13.98000  0.00289      14.27259      10272.89019  
0.56818   14.07000  0.00289      14.30019      6358.26951   
0.56915   14.09000  0.00289      14.32788      6790.35458   
0.56980   14.09000  0.00289      14.34639      7888.49448   
0.57045   14.10000  0.00289      14.36495      8423.81053   
0.57110   14.19000  0.00289      14.38355      4495.34218   
0.57176   14.08000  0.00289      14.40219      12456.80867  
0.57241   14.15000  0.00289      14.42087      8804.78054   
0.57307   14.14000  0.00289      14.43960      10771.35931  
0.57339   14.21000  0.00289      14.44898      6853.46559   
0.57372   14.23000  0.00289      14.45837      6258.45509   
0.57438   14.17000  0.00289      14.47719      11323.53501  
0.57504   14.21000  0.00289      14.49604      9818.38737   
0.57604   14.29000  0.00289      14.52441      6593.65233   
0.57670   14.22000  0.00289      14.54337      12548.43660  
0.57703   14.32000  0.00289      14.55287      6507.54689   
0.57803   14.32000  0.00289      14.58144      8201.82553   
0.57870   14.33000  0.00289      14.60053      8782.55576   
0.57937   14.43000  0.00289      14.61967      4317.15598   
0.58005   14.41000  0.00289      14.63886      6285.23109   
0.58072   14.47000  0.00289      14.65809      4245.36375   
0.58140   14.52000  0.00289      14.67737      2971.67330   
0.58241   14.49000  0.00289      14.70636      5617.53096   
0.58309   14.58000  0.00289      14.72575      2549.17459   
0.58411   14.64000  0.00289      14.75492      1584.69897   
0.58480   14.63000  0.00289      14.77442      2502.77727   
0.58548   14.67000  0.00289      14.79396      1844.06387   
0.58582   14.68000  0.00289      14.80376      1837.83830   
0.58617   14.67000  0.00289      14.81356      2473.03782   
0.58685   14.73000  0.00289      14.83320      1277.92323   
0.58720   14.67000  0.00289      14.84303      3592.82293   
0.58789   14.74000  0.00289      14.86274      1807.82013   
0.58858   14.77000  0.00289      14.88249      1518.60279   
0.58893   14.74000  0.00289      14.89239      2786.69436   
0.58962   14.79000  0.00289      14.91221      1792.33261   
0.59032   14.79000  0.00289      14.93208      2422.55645   
0.59067   14.75000  0.00289      14.94204      4425.40786   
0.59102   14.84000  0.00289      14.95200      1505.34380   
0.59172   14.83000  0.00289      14.97197      2418.57295   
0.59277   14.88000  0.00289      15.00200      1786.19656   
0.59347   14.93000  0.00289      15.02209      1017.61762   
0.59418   14.92000  0.00289      15.04222      1792.50328   
0.59453   14.97000  0.00289      15.05230      812.85135    
0.59488   15.01000  0.00289      15.06240      329.47291    
0.59559   14.96000  0.00289      15.08263      1804.45597   
0.59595   15.07000  0.00289      15.09276      62.15005     
0.59666   15.08000  0.00289      15.11306      131.13715    
0.59737   15.12000  0.00289      15.13341      21.56667     
0.59773   15.13000  0.00289      15.14360      22.19027     
0.59844   15.14000  0.00289      15.16402      69.23502     
0.59952   15.20000  0.00289      15.19474      3.31508      
0.60024   15.24000  0.00289      15.21529      73.28108     
0.60096   15.25000  0.00289      15.23588      23.91920     
0.60168   15.29000  0.00289      15.25652      134.47070    
0.60205   15.31000  0.00289      15.26686      223.27546    
0.60314   15.35000  0.00289      15.29796      324.97417    
0.60386   15.38000  0.00289      15.31875      450.13909    
0.60496   15.39000  0.00289      15.35004      191.64547    
0.60569   15.44000  0.00289      15.37096      572.05091    
0.60680   15.50000  0.00289      15.40243      1142.40091   
0.60753   15.52000  0.00289      15.42348      1118.03496   
0.60790   15.54000  0.00289      15.43402      1347.86548   
0.60864   15.56000  0.00289      15.45514      1319.45211   
0.60976   15.58000  0.00289      15.48692      1039.62153   
0.61087   15.61000  0.00289      15.51882      997.66348    
0.61162   15.66000  0.00289      15.54015      1723.69076   
0.61200   15.68000  0.00289      15.55083      2002.05175   
0.61275   15.68000  0.00289      15.57224      1393.39113   
0.61312   15.71000  0.00289      15.58297      1936.49019   
0.61387   15.73000  0.00289      15.60445      1891.40717   
0.61463   15.79000  0.00289      15.62599      3227.73504   
0.61576   15.80000  0.00289      15.65840      2405.91798   
0.61652   15.84000  0.00289      15.68008      3069.02222   
0.61728   15.86000  0.00289      15.70180      3003.10731   
0.61767   15.88000  0.00289      15.71269      3359.20759   
0.61767   15.90000  0.00289      15.71269      4210.30650   
0.61805   15.91000  0.00289      15.72358      4170.08174   
0.61881   15.92000  0.00289      15.74542      3657.42446   
0.61920   15.95000  0.00289      15.75636      4499.74114   
0.61996   15.96000  0.00289      15.77827      3963.00970   
0.62073   16.00000  0.00289      15.80024      4788.39436   
0.62150   15.99000  0.00289      15.82227      3376.14246   
0.62189   16.01000  0.00289      15.83330      3746.77397   
0.62228   16.02000  0.00289      15.84435      3702.52228   
0.62267   16.02000  0.00289      15.85541      3250.93201   
0.62305   16.02000  0.00289      15.86648      2828.19332   
0.62344   16.05000  0.00289      15.87757      3567.92356   
0.62422   16.04000  0.00289      15.89979      2359.20772   
0.62500   16.07000  0.00289      15.92206      2626.40051   
0.62539   16.07000  0.00289      15.93322      2245.18670   
0.62578   16.09000  0.00289      15.94439      2544.36999   
0.62617   16.09000  0.00289      15.95557      2168.48980   
0.62657   16.10000  0.00289      15.96677      2129.96927   
0.62696   16.11000  0.00289      15.97799      2091.34900   
0.62735   16.13000  0.00289      15.98921      2378.53010   
0.62735   16.13000  0.00289      15.98921      2378.53010   
0.62775   16.16000  0.00289      16.00045      3054.58521   
0.62854   16.17000  0.00289      16.02298      2593.79966   
0.62893   16.18000  0.00289      16.03426      2548.69258   
0.62972   16.21000  0.00289      16.05687      2813.70270   
0.63052   16.23000  0.00289      16.07954      2716.52146   
0.63131   16.26000  0.00289      16.10227      2985.57826   
0.63171   16.28000  0.00289      16.11365      3320.65555   
0.63251   16.29000  0.00289      16.13646      2828.88115   
0.63291   16.32000  0.00289      16.14789      3554.66702   
0.63371   16.34000  0.00289      16.17079      3435.97293   
0.63452   16.34000  0.00289      16.19374      2566.94035   
0.63532   16.38000  0.00289      16.21676      3197.78804   
0.63613   16.39000  0.00289      16.23983      2706.12239   
0.63694   16.43000  0.00289      16.26296      3348.21479   
0.63735   16.46000  0.00289      16.27455      4127.01915   
0.63776   16.43000  0.00289      16.28615      2483.05577   
0.63857   16.46000  0.00289      16.30940      2721.55904   
0.63939   16.48000  0.00289      16.33271      2603.26058   
0.64020   16.46000  0.00289      16.35608      1295.90407   
0.64103   16.49000  0.00289      16.37951      1464.97015   
0.64185   16.51000  0.00289      16.40300      1373.90694   
0.64267   16.55000  0.00289      16.42655      1828.83313   
0.64309   16.55000  0.00289      16.43835      1495.99465   
0.64350   16.54000  0.00289      16.45016      968.57641    
0.64392   16.60000  0.00289      16.46199      2285.72648   
0.64475   16.57000  0.00289      16.48569      853.02085    
0.64558   16.64000  0.00289      16.50945      2045.17253   
0.64641   16.63000  0.00289      16.53327      1122.68888   
0.64725   16.68000  0.00289      16.55716      1810.73726   
0.64809   16.68000  0.00289      16.58111      1173.54270   
0.64851   16.74000  0.00289      16.59311      2589.35190   
0.64893   16.70000  0.00289      16.60512      1080.30083   
0.64977   16.77000  0.00289      16.62919      2379.26807   
0.65020   16.76000  0.00289      16.64125      1692.17519   
0.65104   16.79000  0.00289      16.66542      1862.51608   
0.65232   16.83000  0.00289      16.70178      1972.70121   
0.65359   16.85000  0.00289      16.73830      1497.35850   
0.65402   16.91000  0.00289      16.75050      3052.94207   
0.65445   16.92000  0.00289      16.76272      2968.62747   
0.65488   16.90000  0.00289      16.77495      1876.53070   
0.65574   16.90000  0.00289      16.79947      1212.87342   
0.65617   16.95000  0.00289      16.81175      2293.66061   
0.65703   16.94000  0.00289      16.83636      1288.95186   
0.65746   16.95000  0.00289      16.84869      1231.63230   
0.65789   16.94000  0.00289      16.86104      748.21063    
0.65833   16.95000  0.00289      16.87340      704.09724    
0.65876   16.99000  0.00289      16.88578      1303.41828   
0.65920   17.01000  0.00289      16.89818      1500.56149   
0.66007   17.03000  0.00289      16.92302      1373.46335   
0.66094   17.06000  0.00289      16.94792      1507.36535   
0.66181   17.05000  0.00289      16.97289      713.42911    
0.66313   17.08000  0.00289      17.01048      580.01319    
0.66401   17.13000  0.00289      17.03562      1069.01960   
0.66489   17.16000  0.00289      17.06082      1180.39686   
0.66534   17.19000  0.00289      17.07345      1630.12950   
0.66667   17.21000  0.00289      17.11143      1165.88310   
0.66711   17.21000  0.00289      17.12413      884.90274    
0.66800   17.26000  0.00289      17.14957      1463.42710   
0.66845   17.28000  0.00289      17.16231      1661.99752   
0.66890   17.28000  0.00289      17.17508      1321.05583   
0.66979   17.32000  0.00289      17.20065      1709.19620   
0.67024   17.34000  0.00289      17.21347      1921.20613   
0.67114   17.35000  0.00289      17.23915      1474.53419   
0.67159   17.38000  0.00289      17.25202      1965.59271   
0.67204   17.36000  0.00289      17.26490      1085.29715   
0.67249   17.41000  0.00289      17.27780      2097.21866   
0.67340   17.41000  0.00289      17.30365      1357.14365   
0.67385   17.40000  0.00289      17.31661      834.53340    
0.67431   17.42000  0.00289      17.32958      981.15580    
0.67522   17.45000  0.00289      17.35557      1070.03121   
0.67568   17.43000  0.00289      17.36859      452.48999    
0.67659   17.46000  0.00289      17.39469      511.80787    
0.67705   17.50000  0.00289      17.40777      1020.79757   
0.67797   17.51000  0.00289      17.43397      693.60014    
0.67843   17.52000  0.00289      17.44710      637.67793    
0.67935   17.56000  0.00289      17.47341      899.63661    
0.67981   17.58000  0.00289      17.48660      1046.87689   
0.68027   17.59000  0.00289      17.49980      976.35603    
0.68120   17.62000  0.00289      17.52625      1054.59617   
0.68166   17.63000  0.00289      17.53951      982.63755    
0.68259   17.62000  0.00289      17.56607      348.97780    
0.68306   17.66000  0.00289      17.57938      779.91314    
0.68399   17.69000  0.00289      17.60605      845.61448    
0.68446   17.69000  0.00289      17.61942      597.80618    
0.68493   17.74000  0.00289      17.63280      1378.99827   
0.68587   17.75000  0.00289      17.65962      980.21940    
0.68634   17.79000  0.00289      17.67306      1641.06347   
0.68729   17.81000  0.00289      17.69999      1452.32702   
0.68776   17.80000  0.00289      17.71348      898.27671    
0.68823   17.84000  0.00289      17.72699      1532.50291   
0.68823   17.84000  0.00289      17.72699      1532.50291   
0.68871   17.83000  0.00289      17.74052      960.76262    
0.68918   17.88000  0.00289      17.75407      1902.99197   
0.69013   17.91000  0.00289      17.78122      1989.99863   
0.69061   17.89000  0.00289      17.79483      1086.91232   
0.69156   17.89000  0.00289      17.82209      553.33669    
0.69204   17.93000  0.00289      17.83576      1065.83246   
0.69300   17.93000  0.00289      17.86314      536.50414    
0.69348   17.96000  0.00289      17.87685      829.59740    
0.69396   17.94000  0.00289      17.89059      292.95069    
0.69493   17.99000  0.00289      17.91812      619.96093    
0.69541   18.00000  0.00289      17.93192      556.22958    
0.69589   18.02000  0.00289      17.94573      661.90303    
0.69638   18.04000  0.00289      17.95956      776.38954    
0.69735   18.04000  0.00289      17.98729      333.42373    
0.69784   18.08000  0.00289      18.00118      745.52539    
0.69832   18.09000  0.00289      18.01509      673.38705    
0.69930   18.10000  0.00289      18.04297      390.30605    
0.69930   18.14000  0.00289      18.04297      1129.80495   
0.69979   18.15000  0.00289      18.05694      1039.27034   
0.70028   18.14000  0.00289      18.07093      572.54345    
0.70126   18.18000  0.00289      18.09896      788.06130    
0.70175   18.19000  0.00289      18.11301      711.30914    
0.70225   18.21000  0.00289      18.12708      825.15990    
0.70274   18.23000  0.00289      18.14116      947.03692    
0.70373   18.26000  0.00289      18.16940      985.08070    
0.70472   18.28000  0.00289      18.19771      812.61225    
0.70522   18.31000  0.00289      18.21190      1154.93689   
0.70572   18.32000  0.00289      18.22610      1058.02075   
0.70621   18.33000  0.00289      18.24033      964.91919    
0.70671   18.34000  0.00289      18.25457      875.69240    
0.70771   18.34000  0.00289      18.28313      388.12329    
0.70822   18.35000  0.00289      18.29744      331.56080    
0.70872   18.36000  0.00289      18.31176      279.21582    
0.70972   18.37000  0.00289      18.34048      104.57922    
0.71023   18.41000  0.00289      18.35487      364.75191    
0.71124   18.41000  0.00289      18.38371      82.96584     
0.71174   18.44000  0.00289      18.39816      210.11191    
0.71276   18.46000  0.00289      18.42712      129.74992    
0.71327   18.46000  0.00289      18.44163      40.49692     
0.71378   18.50000  0.00289      18.45616      230.61114    
0.71480   18.52000  0.00289      18.48529      144.57705    
0.71480   18.54000  0.00289      18.48529      359.18675    
0.71531   18.57000  0.00289      18.49988      589.93932    
0.71582   18.57000  0.00289      18.51450      369.62243    
0.71633   18.59000  0.00289      18.52914      444.51049    
0.71685   18.61000  0.00289      18.54380      525.96828    
0.71736   18.62000  0.00289      18.55847      454.25218    
0.71788   18.64000  0.00289      18.57317      535.88489    
0.71839   18.67000  0.00289      18.58790      808.94556    
0.71942   18.69000  0.00289      18.61740      632.47775    
0.72046   18.74000  0.00289      18.64699      1038.07052   
0.72150   18.76000  0.00289      18.67667      833.31555    
0.72202   18.77000  0.00289      18.69154      738.75911    
0.72254   18.79000  0.00289      18.70643      838.08509    
0.72359   18.80000  0.00289      18.73628      487.26809    
0.72411   18.81000  0.00289      18.75123      414.41540    
0.72464   18.86000  0.00289      18.76621      1055.54411   
0.72569   18.84000  0.00289      18.79623      229.86239    
0.72622   18.86000  0.00289      18.81128      284.87455    
0.72674   18.90000  0.00289      18.82634      651.05960    
0.72727   18.90000  0.00289      18.84143      411.66441    
0.72833   18.93000  0.00289      18.87167      408.29338    
0.72886   18.94000  0.00289      18.88682      339.33859    
0.72993   18.96000  0.00289      18.91720      219.86675    
0.73099   18.98000  0.00289      18.94766      125.52736    
0.73153   18.99000  0.00289      18.96292      87.99037     
0.73206   19.02000  0.00289      18.97821      209.58926    
0.73260   19.04000  0.00289      18.99352      259.28141    
0.73314   19.06000  0.00289      19.00885      313.97930    
0.73314   19.09000  0.00289      19.00885      790.27138    
0.73368   19.07000  0.00289      19.02420      251.69220    
0.73421   19.08000  0.00289      19.03958      196.06577    
0.73475   19.14000  0.00289      19.05498      867.45377    
0.73584   19.15000  0.00289      19.08584      493.92118    
0.73638   19.16000  0.00289      19.10131      413.32772    
0.73746   19.21000  0.00289      19.13231      724.21861    
0.73855   19.24000  0.00289      19.16341      703.95907    
0.73964   19.27000  0.00289      19.19459      682.32106    
0.74019   19.30000  0.00289      19.21022      967.20740    
0.74074   19.30000  0.00289      19.22587      659.37588    
0.74184   19.32000  0.00289      19.25724      472.58850    
0.74294   19.33000  0.00289      19.28871      204.58981    
0.74349   19.35000  0.00289      19.30448      248.68281    
0.74460   19.37000  0.00289      19.33608      138.04973    
0.74571   19.38000  0.00289      19.36778      17.91383     
0.74627   19.41000  0.00289      19.38367      83.20986     
0.74683   19.43000  0.00289      19.39958      111.07249    
0.74738   19.43000  0.00289      19.41551      25.19841     
0.74738   19.47000  0.00289      19.41551      356.31124    
0.74850   19.50000  0.00289      19.44745      331.42723    
0.74906   19.52000  0.00289      19.46345      383.73794    
0.74963   19.56000  0.00289      19.47948      778.03110    
0.75075   19.58000  0.00289      19.51161      561.28932    
0.75075   19.59000  0.00289      19.51161      737.42916    
0.75188   19.62000  0.00289      19.54383      696.14773    
0.75245   19.65000  0.00289      19.55998      972.35746    
0.75358   19.66000  0.00289      19.59236      549.10149    
0.75415   19.66000  0.00289      19.60858      317.31410    
0.75472   19.71000  0.00289      19.62482      870.58844    
0.75586   19.74000  0.00289      19.65739      818.89532    
0.75643   19.74000  0.00289      19.67371      527.28557    
0.75700   19.77000  0.00289      19.69006      766.89102    
0.75758   19.80000  0.00289      19.70643      1050.68787   
0.75815   19.79000  0.00289      19.72282      541.53150    
0.75873   19.81000  0.00289      19.73924      600.79057    
0.75930   19.82000  0.00289      19.75569      496.33113    
0.75988   19.83000  0.00289      19.77216      401.49314    
0.76104   19.84000  0.00289      19.80517      145.55812    
0.76161   19.86000  0.00289      19.82172      175.86899    
0.76220   19.89000  0.00289      19.83829      320.90204    
0.76278   19.89000  0.00289      19.85488      147.98371    
0.76336   19.91000  0.00289      19.87150      177.83285    
0.76394   19.93000  0.00289      19.88815      210.16720    
0.76453   19.95000  0.00289      19.90482      244.92479    
0.76570   19.97000  0.00289      19.93824      121.02628    

Gradi di liberta = 621
Chi-quadro = 1169292.0816458545
p-value = 0.0
Errore a posteriori = 0.12526

Test ipotesi funzione costante_______________________________
Gradi di Liberta' = 621
t = 603.7915171331332
p-value = 0.0

Test ipotesi compatibilità misure____________________________
x         y         sy           y_media_p     Chi-quadro   
0.37651   9.01000   0.00289      14.17772      3204640.47575
0.37750   9.03000   0.00289      14.17772      3179883.41636
0.37836   9.05000   0.00289      14.17772      3155222.35697
0.37922   9.08000   0.00289      14.17772      3118410.76788
0.38023   9.09000   0.00289      14.17772      3106188.23819
0.38110   9.10000   0.00289      14.17772      3093989.70849
0.38168   9.13000   0.00289      14.17772      3057538.11941
0.38256   9.17000   0.00289      14.17772      3009272.00063
0.38344   9.15000   0.00289      14.17772      3033357.06002
0.38388   9.18000   0.00289      14.17772      2997265.47093
0.38432   9.19000   0.00289      14.17772      2985282.94124
0.38506   9.18000   0.00289      14.17772      2997265.47093
0.38565   9.20000   0.00289      14.17772      2973324.41154
0.38595   9.24000   0.00289      14.17772      2925730.29276
0.38580   9.22000   0.00289      14.17772      2949479.35215
0.38595   9.21000   0.00289      14.17772      2961389.88185
0.38625   9.24000   0.00289      14.17772      2925730.29276
0.38640   9.22000   0.00289      14.17772      2949479.35215
0.38670   9.27000   0.00289      14.17772      2890286.70368
0.38715   9.21000   0.00289      14.17772      2961389.88185
0.38745   9.29000   0.00289      14.17772      2866777.64429
0.38835   9.29000   0.00289      14.17772      2866777.64429
0.38911   9.31000   0.00289      14.17772      2843364.58490
0.38926   9.30000   0.00289      14.17772      2855059.11459
0.38986   9.32000   0.00289      14.17772      2831694.05520
0.39032   9.36000   0.00289      14.17772      2785251.93642
0.39078   9.37000   0.00289      14.17772      2773701.40673
0.39124   9.38000   0.00289      14.17772      2762174.87703
0.39216   9.39000   0.00289      14.17772      2750672.34734
0.39293   9.42000   0.00289      14.17772      2716308.75825
0.39355   9.43000   0.00289      14.17772      2704902.22856
0.39417   9.45000   0.00289      14.17772      2682161.16917
0.39494   9.48000   0.00289      14.17772      2648229.58008
0.39557   9.51000   0.00289      14.17772      2614513.99100
0.39604   9.53000   0.00289      14.17772      2592156.93161
0.39635   9.50000   0.00289      14.17772      2625728.52069
0.39698   9.54000   0.00289      14.17772      2581014.40191
0.39746   9.55000   0.00289      14.17772      2569895.87222
0.39809   9.55000   0.00289      14.17772      2569895.87222
0.39857   9.59000   0.00289      14.17772      2525661.75344
0.39904   9.60000   0.00289      14.17772      2514663.22374
0.39952   9.59000   0.00289      14.17772      2525661.75344
0.39984   9.63000   0.00289      14.17772      2481811.63466
0.40016   9.59000   0.00289      14.17772      2525661.75344
0.40080   9.63000   0.00289      14.17772      2481811.63466
0.40145   9.64000   0.00289      14.17772      2470909.10496
0.40193   9.64000   0.00289      14.17772      2470909.10496
0.40241   9.62000   0.00289      14.17772      2492738.16435
0.40274   9.68000   0.00289      14.17772      2427538.98618
0.40339   9.70000   0.00289      14.17772      2405997.92679
0.40388   9.71000   0.00289      14.17772      2395263.39710
0.40437   9.67000   0.00289      14.17772      2438345.51588
0.40502   9.71000   0.00289      14.17772      2395263.39710
0.40552   9.75000   0.00289      14.17772      2352565.27832
0.40601   9.73000   0.00289      14.17772      2373866.33771
0.40667   9.80000   0.00289      14.17772      2299732.62984
0.40700   9.85000   0.00289      14.17772      2247499.98137
0.40733   9.83000   0.00289      14.17772      2268321.04076
0.40783   9.84000   0.00289      14.17772      2257898.51106
0.40833   9.87000   0.00289      14.17772      2226774.92198
0.40883   9.89000   0.00289      14.17772      2206145.86259
0.40950   9.91000   0.00289      14.17772      2185612.80320
0.41000   9.91000   0.00289      14.17772      2185612.80320
0.41068   9.89000   0.00289      14.17772      2206145.86259
0.41135   9.85000   0.00289      14.17772      2247499.98137
0.41203   9.90000   0.00289      14.17772      2195867.33289
0.41254   9.97000   0.00289      14.17772      2124589.62503
0.41322   9.98000   0.00289      14.17772      2114503.09533
0.41408   9.98000   0.00289      14.17772      2114503.09533
0.41477   10.05000  0.00289      14.17772      2044569.38747
0.41511   9.99000   0.00289      14.17772      2104440.56564
0.41563   10.04000  0.00289      14.17772      2054487.91716
0.41632   10.07000  0.00289      14.17772      2024804.32808
0.41701   10.00000  0.00289      14.17772      2094402.03594
0.41754   10.08000  0.00289      14.17772      2014957.79838
0.41824   10.09000  0.00289      14.17772      2005135.26869
0.41859   10.04000  0.00289      14.17772      2054487.91716
0.41894   10.09000  0.00289      14.17772      2005135.26869
0.41946   10.06000  0.00289      14.17772      2034674.85777
0.42017   10.11000  0.00289      14.17772      1985562.20930
0.42070   10.15000  0.00289      14.17772      1946704.09052
0.42123   10.12000  0.00289      14.17772      1975811.67960
0.42194   10.20000  0.00289      14.17772      1898671.44204
0.42248   10.17000  0.00289      14.17772      1927419.03113
0.42301   10.18000  0.00289      14.17772      1917812.50143
0.42355   10.22000  0.00289      14.17772      1879626.38265
0.42391   10.25000  0.00289      14.17772      1851238.79357
0.42463   10.27000  0.00289      14.17772      1832433.73418
0.42499   10.27000  0.00289      14.17772      1832433.73418
0.42553   10.27000  0.00289      14.17772      1832433.73418
0.42589   10.29000  0.00289      14.17772      1813724.67479
0.42644   10.34000  0.00289      14.17772      1767372.02631
0.42699   10.33000  0.00289      14.17772      1776594.55601
0.42753   10.31000  0.00289      14.17772      1795111.61540
0.42827   10.37000  0.00289      14.17772      1739848.43723
0.42918   10.38000  0.00289      14.17772      1730721.90753
0.43011   10.45000  0.00289      14.17772      1667508.19967
0.43066   10.39000  0.00289      14.17772      1721619.37784
0.43103   10.45000  0.00289      14.17772      1667508.19967
0.43159   10.49000  0.00289      14.17772      1631914.08089
0.43215   10.47000  0.00289      14.17772      1649663.14028
0.43271   10.48000  0.00289      14.17772      1640776.61058
0.43328   10.55000  0.00289      14.17772      1579242.90272
0.43384   10.49000  0.00289      14.17772      1631914.08089
0.43440   10.46000  0.00289      14.17772      1658573.66997
0.43497   10.49000  0.00289      14.17772      1631914.08089
0.43535   10.62000  0.00289      14.17772      1518885.19485
0.43592   10.50000  0.00289      14.17772      1623075.55119
0.43630   10.61000  0.00289      14.17772      1527435.72455
0.43687   10.47000  0.00289      14.17772      1649663.14028
0.43725   10.58000  0.00289      14.17772      1553231.31363
0.43783   10.55000  0.00289      14.17772      1579242.90272
0.43821   10.55000  0.00289      14.17772      1579242.90272
0.43879   10.65000  0.00289      14.17772      1493377.60577
0.43937   10.70000  0.00289      14.17772      1451344.95729
0.43995   10.62000  0.00289      14.17772      1518885.19485
0.44053   10.67000  0.00289      14.17772      1476492.54638
0.44092   10.72000  0.00289      14.17772      1434699.89790
0.44150   10.70000  0.00289      14.17772      1451344.95729
0.44209   10.72000  0.00289      14.17772      1434699.89790
0.44267   10.76000  0.00289      14.17772      1401697.77912
0.44326   10.74000  0.00289      14.17772      1418150.83851
0.44366   10.71000  0.00289      14.17772      1443010.42759
0.44425   10.75000  0.00289      14.17772      1409912.30881
0.44524   10.82000  0.00289      14.17772      1352914.60095
0.44603   10.84000  0.00289      14.17772      1336845.54156
0.44683   10.87000  0.00289      14.17772      1312921.95247
0.44763   10.76000  0.00289      14.17772      1401697.77912
0.44863   10.88000  0.00289      14.17772      1304995.42278
0.44924   10.98000  0.00289      14.17772      1227050.12583
0.45005   10.96000  0.00289      14.17772      1242447.18522
0.45086   10.99000  0.00289      14.17772      1219387.59613
0.45147   10.90000  0.00289      14.17772      1289214.36339
0.45208   10.95000  0.00289      14.17772      1250181.71491
0.45269   11.03000  0.00289      14.17772      1188977.47735
0.45331   10.92000  0.00289      14.17772      1273529.30400
0.45393   11.00000  0.00289      14.17772      1211749.06644
0.45434   10.99000  0.00289      14.17772      1219387.59613
0.45496   11.04000  0.00289      14.17772      1181434.94766
0.45558   11.02000  0.00289      14.17772      1196544.00705
0.45620   11.06000  0.00289      14.17772      1166421.88827
0.45704   11.06000  0.00289      14.17772      1166421.88827
0.45746   11.15000  0.00289      14.17772      1100051.12101
0.45788   11.10000  0.00289      14.17772      1136683.76949
0.45830   11.15000  0.00289      14.17772      1100051.12101
0.45872   11.14000  0.00289      14.17772      1107329.65071
0.45914   11.19000  0.00289      14.17772      1071177.00223
0.45977   11.30000  0.00289      14.17772      993753.17559 
0.46019   11.14000  0.00289      14.17772      1107329.65071
0.46062   11.11000  0.00289      14.17772      1129309.23979
0.46104   11.28000  0.00289      14.17772      1007614.23498
0.46147   11.26000  0.00289      14.17772      1021571.29437
0.46211   11.33000  0.00289      14.17772      973141.58650 
0.46275   11.33000  0.00289      14.17772      973141.58650 
0.46339   11.33000  0.00289      14.17772      973141.58650 
0.46425   11.42000  0.00289      14.17772      912602.81925 
0.46468   11.41000  0.00289      14.17772      919233.34894 
0.46490   11.35000  0.00289      14.17772      959520.52711 
0.46533   11.30000  0.00289      14.17772      993753.17559 
0.46598   11.27000  0.00289      14.17772      1014580.76467
0.46664   11.49000  0.00289      14.17772      866861.11138 
0.46729   11.43000  0.00289      14.17772      905996.28955 
0.46795   11.39000  0.00289      14.17772      932566.40833 
0.46860   11.35000  0.00289      14.17772      959520.52711 
0.46904   11.41000  0.00289      14.17772      919233.34894 
0.46948   11.54000  0.00289      14.17772      834908.46291 
0.46992   11.52000  0.00289      14.17772      847617.52230 
0.47037   11.53000  0.00289      14.17772      841250.99260 
0.47081   11.48000  0.00289      14.17772      873323.64108 
0.47125   11.47000  0.00289      14.17772      879810.17077 
0.47170   11.50000  0.00289      14.17772      860422.58169 
0.47237   11.59000  0.00289      14.17772      803555.81443 
0.47304   11.43000  0.00289      14.17772      905996.28955 
0.47326   11.51000  0.00289      14.17772      854008.05199 
0.47348   11.55000  0.00289      14.17772      828589.93321 
0.47371   11.47000  0.00289      14.17772      879810.17077 
0.47416   11.55000  0.00289      14.17772      828589.93321 
0.47461   11.65000  0.00289      14.17772      766724.63626 
0.47506   11.55000  0.00289      14.17772      828589.93321 
0.47551   11.63000  0.00289      14.17772      778905.69565 
0.47619   11.66000  0.00289      14.17772      760670.10657 
0.47664   11.56000  0.00289      14.17772      822295.40352 
0.47733   11.67000  0.00289      14.17772      754639.57687 
0.47778   11.74000  0.00289      14.17772      713097.86901 
0.47824   11.73000  0.00289      14.17772      718960.39870 
0.47893   11.77000  0.00289      14.17772      695654.27992 
0.47962   11.79000  0.00289      14.17772      684145.22053 
0.48054   11.85000  0.00289      14.17772      650194.04236 
0.48123   11.79000  0.00289      14.17772      684145.22053 
0.48216   11.79000  0.00289      14.17772      684145.22053 
0.48286   11.79000  0.00289      14.17772      684145.22053 
0.48333   11.79000  0.00289      14.17772      684145.22053 
0.48403   11.80000  0.00289      14.17772      678426.69084 
0.48450   11.85000  0.00289      14.17772      650194.04236 
0.48520   11.85000  0.00289      14.17772      650194.04236 
0.48567   11.82000  0.00289      14.17772      667061.63145 
0.48638   11.87000  0.00289      14.17772      639068.98297 
0.48685   11.80000  0.00289      14.17772      678426.69084 
0.48733   11.83000  0.00289      14.17772      661415.10175 
0.48780   11.88000  0.00289      14.17772      633542.45328 
0.48852   11.92000  0.00289      14.17772      611676.33450 
0.48900   12.04000  0.00289      14.17772      548381.97816 
0.48948   12.02000  0.00289      14.17772      558691.03755 
0.48996   11.93000  0.00289      14.17772      606269.80480 
0.49020   11.95000  0.00289      14.17772      595528.74541 
0.49068   11.89000  0.00289      14.17772      628039.92358 
0.49140   12.02000  0.00289      14.17772      558691.03755 
0.49188   11.96000  0.00289      14.17772      590194.21572 
0.49237   11.99000  0.00289      14.17772      574334.62663 
0.49285   12.17000  0.00289      14.17772      483713.09212 
0.49358   11.98000  0.00289      14.17772      579597.15633 
0.49407   12.05000  0.00289      14.17772      543263.44846 
0.49456   12.19000  0.00289      14.17772      474124.03273 
0.49554   12.21000  0.00289      14.17772      464630.97334 
0.49628   12.18000  0.00289      14.17772      478906.56243 
0.49727   12.13000  0.00289      14.17772      503179.21090 
0.49801   12.31000  0.00289      14.17772      418605.67639 
0.49875   12.27000  0.00289      14.17772      436727.79517 
0.49950   12.22000  0.00289      14.17772      459920.44365 
0.50025   12.29000  0.00289      14.17772      427618.73578 
0.50100   12.44000  0.00289      14.17772      362360.79036 
0.50150   12.41000  0.00289      14.17772      374980.37944 
0.50201   12.26000  0.00289      14.17772      441318.32487 
0.50251   12.23000  0.00289      14.17772      455233.91395 
0.50302   12.22000  0.00289      14.17772      459920.44365 
0.50352   12.40000  0.00289      14.17772      379234.90914 
0.50429   12.46000  0.00289      14.17772      354067.73097 
0.50531   12.29000  0.00289      14.17772      427618.73578 
0.50633   12.32000  0.00289      14.17772      414135.14670 
0.50684   12.32000  0.00289      14.17772      414135.14670 
0.50736   12.44000  0.00289      14.17772      362360.79036 
0.50839   12.52000  0.00289      14.17772      329764.55280 
0.50916   12.37000  0.00289      14.17772      392142.49822 
0.50942   12.61000  0.00289      14.17772      294929.78554 
0.50968   12.45000  0.00289      14.17772      358202.26066 
0.51020   12.41000  0.00289      14.17772      374980.37944 
0.51046   12.57000  0.00289      14.17772      310171.90432 
0.51073   12.64000  0.00289      14.17772      283750.19646 
0.51151   12.58000  0.00289      14.17772      306325.37463 
0.51230   12.58000  0.00289      14.17772      306325.37463 
0.51282   12.54000  0.00289      14.17772      321855.49341 
0.51361   12.57000  0.00289      14.17772      310171.90432 
0.51440   12.74000  0.00289      14.17772      248044.89951 
0.51520   12.69000  0.00289      14.17772      265597.54798 
0.51573   12.67000  0.00289      14.17772      272786.60737 
0.51653   12.65000  0.00289      14.17772      280071.66676 
0.51733   12.66000  0.00289      14.17772      276417.13707 
0.51813   12.80000  0.00289      14.17772      227773.72133 
0.51921   12.76000  0.00289      14.17772      241191.84012 
0.51975   12.74000  0.00289      14.17772      248044.89951 
0.52029   12.80000  0.00289      14.17772      227773.72133 
0.52138   12.78000  0.00289      14.17772      234434.78072 
0.52274   12.80000  0.00289      14.17772      227773.72133 
0.52356   12.92000  0.00289      14.17772      189823.36499 
0.52411   12.87000  0.00289      14.17772      205216.01347 
0.52466   12.90000  0.00289      14.17772      195908.42438 
0.52493   12.86000  0.00289      14.17772      208366.54316 
0.52549   12.82000  0.00289      14.17772      221208.66194 
0.52604   12.92000  0.00289      14.17772      189823.36499 
0.52632   12.88000  0.00289      14.17772      202089.48377 
0.52687   12.95000  0.00289      14.17772      180875.77591 
0.52743   13.07000  0.00289      14.17772      147245.41957 
0.52798   13.00000  0.00289      14.17772      166443.12743 
0.52854   12.97000  0.00289      14.17772      175030.71652 
0.52882   13.03000  0.00289      14.17772      158071.53835 
0.52910   13.11000  0.00289      14.17772      136803.30079 
0.52994   13.13000  0.00289      14.17772      131726.24140 
0.53079   13.02000  0.00289      14.17772      160838.06804 
0.53191   13.06000  0.00289      14.17772      149915.94926 
0.53248   13.15000  0.00289      14.17772      126745.18201 
0.53362   13.18000  0.00289      14.17772      119453.59292 
0.53476   13.18000  0.00289      14.17772      119453.59292 
0.53533   13.27000  0.00289      14.17772      98874.82567  
0.53591   13.29000  0.00289      14.17772      94565.76628  
0.53648   13.28000  0.00289      14.17772      96708.29597  
0.53763   13.32000  0.00289      14.17772      88282.17719  
0.53879   13.33000  0.00289      14.17772      86235.64750  
0.53937   13.32000  0.00289      14.17772      88282.17719  
0.54025   13.33000  0.00289      14.17772      86235.64750  
0.54113   13.41000  0.00289      14.17772      70727.40994  
0.54171   13.31000  0.00289      14.17772      90352.70689  
0.54230   13.23000  0.00289      14.17772      107780.94445 
0.54289   13.37000  0.00289      14.17772      78289.52872  
0.54318   13.42000  0.00289      14.17772      68896.88024  
0.54348   13.40000  0.00289      14.17772      72581.93963  
0.54407   13.40000  0.00289      14.17772      72581.93963  
0.54496   13.40000  0.00289      14.17772      72581.93963  
0.54555   13.54000  0.00289      14.17772      48802.52390  
0.54645   13.56000  0.00289      14.17772      45789.46451  
0.54705   13.45000  0.00289      14.17772      63549.29116  
0.54765   13.51000  0.00289      14.17772      53502.11299  
0.54825   13.60000  0.00289      14.17772      40051.34573  
0.54885   13.54000  0.00289      14.17772      48802.52390  
0.54975   13.63000  0.00289      14.17772      35999.75665  
0.55036   13.61000  0.00289      14.17772      38676.81604  
0.55127   13.61000  0.00289      14.17772      38676.81604  
0.55218   13.67000  0.00289      14.17772      30933.63787  
0.55279   13.67000  0.00289      14.17772      30933.63787  
0.55340   13.70000  0.00289      14.17772      27386.04878  
0.55432   13.72000  0.00289      14.17772      25140.98939  
0.55494   13.67000  0.00289      14.17772      30933.63787  
0.55556   13.78000  0.00289      14.17772      18981.81122  
0.55617   13.69000  0.00289      14.17772      28544.57848  
0.55679   13.78000  0.00289      14.17772      18981.81122  
0.55741   13.79000  0.00289      14.17772      18039.28153  
0.55772   13.70000  0.00289      14.17772      27386.04878  
0.55804   13.77000  0.00289      14.17772      19948.34092  
0.55835   13.82000  0.00289      14.17772      15355.69244  
0.55866   13.70000  0.00289      14.17772      27386.04878  
0.55928   13.74000  0.00289      14.17772      22991.93000  
0.55991   13.82000  0.00289      14.17772      15355.69244  
0.56054   13.89000  0.00289      14.17772      9933.98458   
0.56117   13.86000  0.00289      14.17772      12113.57366  
0.56180   13.80000  0.00289      14.17772      17120.75183  
0.56243   13.85000  0.00289      14.17772      12888.10336  
0.56275   13.90000  0.00289      14.17772      9255.45488   
0.56338   13.95000  0.00289      14.17772      6222.80641   
0.56402   14.05000  0.00289      14.17772      1957.50946   
0.56465   14.01000  0.00289      14.17772      3375.62824   
0.56561   14.03000  0.00289      14.17772      2618.56885   
0.56625   14.01000  0.00289      14.17772      3375.62824   
0.56721   13.98000  0.00289      14.17772      4691.21732   
0.56818   14.07000  0.00289      14.17772      1392.45007   
0.56915   14.09000  0.00289      14.17772      923.39068    
0.56980   14.09000  0.00289      14.17772      923.39068    
0.57045   14.10000  0.00289      14.17772      724.86098    
0.57110   14.19000  0.00289      14.17772      18.09373     
0.57176   14.08000  0.00289      14.17772      1145.92037   
0.57241   14.15000  0.00289      14.17772      92.21251     
0.57307   14.14000  0.00289      14.17772      170.74220    
0.57339   14.21000  0.00289      14.17772      125.03434    
0.57372   14.23000  0.00289      14.17772      327.97495    
0.57438   14.17000  0.00289      14.17772      7.15312      
0.57504   14.21000  0.00289      14.17772      125.03434    
0.57604   14.29000  0.00289      14.17772      1512.79678   
0.57670   14.22000  0.00289      14.17772      214.50464    
0.57703   14.32000  0.00289      14.17772      2429.20769   
0.57803   14.32000  0.00289      14.17772      2429.20769   
0.57870   14.33000  0.00289      14.17772      2782.67800   
0.57937   14.43000  0.00289      14.17772      7637.38105   
0.58005   14.41000  0.00289      14.17772      6474.44044   
0.58072   14.47000  0.00289      14.17772      10251.26227  
0.58140   14.52000  0.00289      14.17772      14058.61379  
0.58241   14.49000  0.00289      14.17772      11702.20288  
0.58309   14.58000  0.00289      14.17772      19419.43562  
0.58411   14.64000  0.00289      14.17772      25644.25745  
0.58480   14.63000  0.00289      14.17772      24546.78715  
0.58548   14.67000  0.00289      14.17772      29080.66837  
0.58582   14.68000  0.00289      14.17772      30274.13867  
0.58617   14.67000  0.00289      14.17772      29080.66837  
0.58685   14.73000  0.00289      14.17772      36601.49020  
0.58720   14.67000  0.00289      14.17772      29080.66837  
0.58789   14.74000  0.00289      14.17772      37938.96050  
0.58858   14.77000  0.00289      14.17772      42095.37142  
0.58893   14.74000  0.00289      14.17772      37938.96050  
0.58962   14.79000  0.00289      14.17772      44986.31203  
0.59032   14.79000  0.00289      14.17772      44986.31203  
0.59067   14.75000  0.00289      14.17772      39300.43081  
0.59102   14.84000  0.00289      14.17772      52633.66355  
0.59172   14.83000  0.00289      14.17772      51056.19325  
0.59277   14.88000  0.00289      14.17772      59183.54477  
0.59347   14.93000  0.00289      14.17772      67910.89629  
0.59418   14.92000  0.00289      14.17772      66117.42599  
0.59453   14.97000  0.00289      14.17772      75324.77751  
0.59488   15.01000  0.00289      14.17772      83122.65873  
0.59559   14.96000  0.00289      14.17772      73435.30721  
0.59595   15.07000  0.00289      14.17772      95539.48056  
0.59666   15.08000  0.00289      14.17772      97692.95087  
0.59737   15.12000  0.00289      14.17772      106546.83209 
0.59773   15.13000  0.00289      14.17772      108820.30239 
0.59844   15.14000  0.00289      14.17772      111117.77270 
0.59952   15.20000  0.00289      14.17772      125406.59453 
0.60024   15.24000  0.00289      14.17772      135412.47575 
0.60096   15.25000  0.00289      14.17772      137973.94605 
0.60168   15.29000  0.00289      14.17772      148459.82727 
0.60205   15.31000  0.00289      14.17772      153846.76788 
0.60314   15.35000  0.00289      14.17772      164908.64910 
0.60386   15.38000  0.00289      14.17772      173457.06002 
0.60496   15.39000  0.00289      14.17772      176354.53032 
0.60569   15.44000  0.00289      14.17772      191201.88185 
0.60680   15.50000  0.00289      14.17772      209810.70368 
0.60753   15.52000  0.00289      14.17772      216205.64429 
0.60790   15.54000  0.00289      14.17772      222696.58490 
0.60864   15.56000  0.00289      14.17772      229283.52551 
0.60976   15.58000  0.00289      14.17772      235966.46612 
0.61087   15.61000  0.00289      14.17772      246170.87703 
0.61162   15.66000  0.00289      14.17772      263658.22856 
0.61200   15.68000  0.00289      14.17772      270821.16917 
0.61275   15.68000  0.00289      14.17772      270821.16917 
0.61312   15.71000  0.00289      14.17772      281745.58008 
0.61387   15.73000  0.00289      14.17772      289148.52069 
0.61463   15.79000  0.00289      14.17772      311933.34252 
0.61576   15.80000  0.00289      14.17772      315814.81283 
0.61652   15.84000  0.00289      14.17772      331580.69405 
0.61728   15.86000  0.00289      14.17772      339607.63466 
0.61767   15.88000  0.00289      14.17772      347730.57527 
0.61767   15.90000  0.00289      14.17772      355949.51588 
0.61805   15.91000  0.00289      14.17772      360094.98618 
0.61881   15.92000  0.00289      14.17772      364264.45649 
0.61920   15.95000  0.00289      14.17772      376916.86740 
0.61996   15.96000  0.00289      14.17772      381182.33771 
0.62073   16.00000  0.00289      14.17772      398484.21893 
0.62150   15.99000  0.00289      14.17772      394122.74862 
0.62189   16.01000  0.00289      14.17772      402869.68923 
0.62228   16.02000  0.00289      14.17772      407279.15954 
0.62267   16.02000  0.00289      14.17772      407279.15954 
0.62305   16.02000  0.00289      14.17772      407279.15954 
0.62344   16.05000  0.00289      14.17772      420651.57045 
0.62422   16.04000  0.00289      14.17772      416170.10015 
0.62500   16.07000  0.00289      14.17772      429686.51106 
0.62539   16.07000  0.00289      14.17772      429686.51106 
0.62578   16.09000  0.00289      14.17772      438817.45167 
0.62617   16.09000  0.00289      14.17772      438817.45167 
0.62657   16.10000  0.00289      14.17772      443418.92198 
0.62696   16.11000  0.00289      14.17772      448044.39228 
0.62735   16.13000  0.00289      14.17772      457367.33289 
0.62735   16.13000  0.00289      14.17772      457367.33289 
0.62775   16.16000  0.00289      14.17772      471531.74381 
0.62854   16.17000  0.00289      14.17772      476301.21411 
0.62893   16.18000  0.00289      14.17772      481094.68442 
0.62972   16.21000  0.00289      14.17772      495619.09533 
0.63052   16.23000  0.00289      14.17772      505422.03594 
0.63131   16.26000  0.00289      14.17772      520306.44686 
0.63171   16.28000  0.00289      14.17772      530349.38747 
0.63251   16.29000  0.00289      14.17772      535406.85777 
0.63291   16.32000  0.00289      14.17772      550723.26869 
0.63371   16.34000  0.00289      14.17772      561054.20930 
0.63452   16.34000  0.00289      14.17772      561054.20930 
0.63532   16.38000  0.00289      14.17772      582004.09052 
0.63613   16.39000  0.00289      14.17772      587301.56082 
0.63694   16.43000  0.00289      14.17772      608731.44204 
0.63735   16.46000  0.00289      14.17772      625055.85296 
0.63776   16.43000  0.00289      14.17772      608731.44204 
0.63857   16.46000  0.00289      14.17772      625055.85296 
0.63939   16.48000  0.00289      14.17772      636058.79357 
0.64020   16.46000  0.00289      14.17772      625055.85296 
0.64103   16.49000  0.00289      14.17772      641596.26387 
0.64185   16.51000  0.00289      14.17772      652743.20448 
0.64267   16.55000  0.00289      14.17772      675325.08570 
0.64309   16.55000  0.00289      14.17772      675325.08570 
0.64350   16.54000  0.00289      14.17772      669643.61540 
0.64392   16.60000  0.00289      14.17772      704092.43723 
0.64475   16.57000  0.00289      14.17772      686760.02631 
0.64558   16.64000  0.00289      14.17772      727538.31845 
0.64641   16.63000  0.00289      14.17772      721640.84814 
0.64725   16.68000  0.00289      14.17772      751368.19967 
0.64809   16.68000  0.00289      14.17772      751368.19967 
0.64851   16.74000  0.00289      14.17772      787833.02150 
0.64893   16.70000  0.00289      14.17772      763427.14028 
0.64977   16.77000  0.00289      14.17772      806389.43241 
0.65020   16.76000  0.00289      14.17772      800179.96211 
0.65104   16.79000  0.00289      14.17772      818880.37302 
0.65232   16.83000  0.00289      14.17772      844150.25424 
0.65359   16.85000  0.00289      14.17772      856929.19485 
0.65402   16.91000  0.00289      14.17772      895842.01668 
0.65445   16.92000  0.00289      14.17772      902411.48698 
0.65488   16.90000  0.00289      14.17772      889296.54638 
0.65574   16.90000  0.00289      14.17772      889296.54638 
0.65617   16.95000  0.00289      14.17772      922263.89790 
0.65703   16.94000  0.00289      14.17772      915622.42759 
0.65746   16.95000  0.00289      14.17772      922263.89790 
0.65789   16.94000  0.00289      14.17772      915622.42759 
0.65833   16.95000  0.00289      14.17772      922263.89790 
0.65876   16.99000  0.00289      14.17772      949069.77912 
0.65920   17.01000  0.00289      14.17772      962616.71973 
0.66007   17.03000  0.00289      14.17772      976259.66034 
0.66094   17.06000  0.00289      14.17772      996904.07125 
0.66181   17.05000  0.00289      14.17772      989998.60095 
0.66313   17.08000  0.00289      14.17772      1010787.01186
0.66401   17.13000  0.00289      14.17772      1045914.36339
0.66489   17.16000  0.00289      14.17772      1067278.77430
0.66534   17.19000  0.00289      14.17772      1088859.18522
0.66667   17.21000  0.00289      14.17772      1103366.12583
0.66711   17.21000  0.00289      14.17772      1103366.12583
0.66800   17.26000  0.00289      14.17772      1140053.47735
0.66845   17.28000  0.00289      14.17772      1154896.41796
0.66890   17.28000  0.00289      14.17772      1154896.41796
0.66979   17.32000  0.00289      14.17772      1184870.29918
0.67024   17.34000  0.00289      14.17772      1200001.23979
0.67114   17.35000  0.00289      14.17772      1207602.71010
0.67159   17.38000  0.00289      14.17772      1230551.12101
0.67204   17.36000  0.00289      14.17772      1215228.18040
0.67249   17.41000  0.00289      14.17772      1253715.53193
0.67340   17.41000  0.00289      14.17772      1253715.53193
0.67385   17.40000  0.00289      14.17772      1245970.06162
0.67431   17.42000  0.00289      14.17772      1261485.00223
0.67522   17.45000  0.00289      14.17772      1284937.41315
0.67568   17.43000  0.00289      14.17772      1269278.47254
0.67659   17.46000  0.00289      14.17772      1292802.88345
0.67705   17.50000  0.00289      14.17772      1324504.76467
0.67797   17.51000  0.00289      14.17772      1332490.23498
0.67843   17.52000  0.00289      14.17772      1340499.70528
0.67935   17.56000  0.00289      14.17772      1372777.58650
0.67981   17.58000  0.00289      14.17772      1389060.52711
0.68027   17.59000  0.00289      14.17772      1397237.99742
0.68120   17.62000  0.00289      14.17772      1421914.40833
0.68166   17.63000  0.00289      14.17772      1430187.87864
0.68259   17.62000  0.00289      14.17772      1421914.40833
0.68306   17.66000  0.00289      14.17772      1455152.28955
0.68399   17.69000  0.00289      14.17772      1480332.70047
0.68446   17.69000  0.00289      14.17772      1480332.70047
0.68493   17.74000  0.00289      14.17772      1522780.05199
0.68587   17.75000  0.00289      14.17772      1531341.52230
0.68634   17.79000  0.00289      14.17772      1565827.40352
0.68729   17.81000  0.00289      14.17772      1583214.34413
0.68776   17.80000  0.00289      14.17772      1574508.87382
0.68823   17.84000  0.00289      14.17772      1609474.75504
0.68823   17.84000  0.00289      14.17772      1609474.75504
0.68871   17.83000  0.00289      14.17772      1600697.28474
0.68918   17.88000  0.00289      14.17772      1644824.63626
0.69013   17.91000  0.00289      14.17772      1671589.04718
0.69061   17.89000  0.00289      14.17772      1653722.10657
0.69156   17.89000  0.00289      14.17772      1653722.10657
0.69204   17.93000  0.00289      14.17772      1689551.98779
0.69300   17.93000  0.00289      14.17772      1689551.98779
0.69348   17.96000  0.00289      14.17772      1716676.39870
0.69396   17.94000  0.00289      14.17772      1698569.45809
0.69493   17.99000  0.00289      14.17772      1744016.80962
0.69541   18.00000  0.00289      14.17772      1753178.27992
0.69589   18.02000  0.00289      14.17772      1771573.22053
0.69638   18.04000  0.00289      14.17772      1790064.16114
0.69735   18.04000  0.00289      14.17772      1790064.16114
0.69784   18.08000  0.00289      14.17772      1827334.04236
0.69832   18.09000  0.00289      14.17772      1836711.51267
0.69930   18.10000  0.00289      14.17772      1846112.98297
0.69930   18.14000  0.00289      14.17772      1883958.86419
0.69979   18.15000  0.00289      14.17772      1893480.33450
0.70028   18.14000  0.00289      14.17772      1883958.86419
0.70126   18.18000  0.00289      14.17772      1922188.74541
0.70175   18.19000  0.00289      14.17772      1931806.21572
0.70225   18.21000  0.00289      14.17772      1951113.15633
0.70274   18.23000  0.00289      14.17772      1970516.09694
0.70373   18.26000  0.00289      14.17772      1999800.50785
0.70472   18.28000  0.00289      14.17772      2019443.44846
0.70522   18.31000  0.00289      14.17772      2049087.85938
0.70572   18.32000  0.00289      14.17772      2059017.32968
0.70621   18.33000  0.00289      14.17772      2068970.79999
0.70671   18.34000  0.00289      14.17772      2078948.27029
0.70771   18.34000  0.00289      14.17772      2078948.27029
0.70822   18.35000  0.00289      14.17772      2088949.74060
0.70872   18.36000  0.00289      14.17772      2098975.21090
0.70972   18.37000  0.00289      14.17772      2109024.68121
0.71023   18.41000  0.00289      14.17772      2149462.56243
0.71124   18.41000  0.00289      14.17772      2149462.56243
0.71174   18.44000  0.00289      14.17772      2180042.97334
0.71276   18.46000  0.00289      14.17772      2200549.91395
0.71327   18.46000  0.00289      14.17772      2200549.91395
0.71378   18.50000  0.00289      14.17772      2241851.79517
0.71480   18.52000  0.00289      14.17772      2262646.73578
0.71480   18.54000  0.00289      14.17772      2283537.67639
0.71531   18.57000  0.00289      14.17772      2315054.08731
0.71582   18.57000  0.00289      14.17772      2315054.08731
0.71633   18.59000  0.00289      14.17772      2336185.02792
0.71685   18.61000  0.00289      14.17772      2357411.96853
0.71736   18.62000  0.00289      14.17772      2368061.43883
0.71788   18.64000  0.00289      14.17772      2389432.37944
0.71839   18.67000  0.00289      14.17772      2421668.79036
0.71942   18.69000  0.00289      14.17772      2443279.73097
0.72046   18.74000  0.00289      14.17772      2497727.08249
0.72150   18.76000  0.00289      14.17772      2519674.02310
0.72202   18.77000  0.00289      14.17772      2530683.49341
0.72254   18.79000  0.00289      14.17772      2552774.43402
0.72359   18.80000  0.00289      14.17772      2563855.90432
0.72411   18.81000  0.00289      14.17772      2574961.37463
0.72464   18.86000  0.00289      14.17772      2630848.72615
0.72569   18.84000  0.00289      14.17772      2608421.78554
0.72622   18.86000  0.00289      14.17772      2630848.72615
0.72674   18.90000  0.00289      14.17772      2675990.60737
0.72727   18.90000  0.00289      14.17772      2675990.60737
0.72833   18.93000  0.00289      14.17772      2710099.01829
0.72886   18.94000  0.00289      14.17772      2721516.48859
0.72993   18.96000  0.00289      14.17772      2744423.42920
0.73099   18.98000  0.00289      14.17772      2767426.36981
0.73153   18.99000  0.00289      14.17772      2778963.84012
0.73206   19.02000  0.00289      14.17772      2813720.25103
0.73260   19.04000  0.00289      14.17772      2837011.19164
0.73314   19.06000  0.00289      14.17772      2860398.13225
0.73314   19.09000  0.00289      14.17772      2895658.54316
0.73368   19.07000  0.00289      14.17772      2872127.60255
0.73421   19.08000  0.00289      14.17772      2883881.07286
0.73475   19.14000  0.00289      14.17772      2954905.89469
0.73584   19.15000  0.00289      14.17772      2966827.36499
0.73638   19.16000  0.00289      14.17772      2978772.83530
0.73746   19.21000  0.00289      14.17772      3038860.18682
0.73855   19.24000  0.00289      14.17772      3075200.59774
0.73964   19.27000  0.00289      14.17772      3111757.00865
0.74019   19.30000  0.00289      14.17772      3148529.41957
0.74074   19.30000  0.00289      14.17772      3148529.41957
0.74184   19.32000  0.00289      14.17772      3173164.36018
0.74294   19.33000  0.00289      14.17772      3185517.83048
0.74349   19.35000  0.00289      14.17772      3210296.77109
0.74460   19.37000  0.00289      14.17772      3235171.71170
0.74571   19.38000  0.00289      14.17772      3247645.18201
0.74627   19.41000  0.00289      14.17772      3285209.59292
0.74683   19.43000  0.00289      14.17772      3310372.53353
0.74738   19.43000  0.00289      14.17772      3310372.53353
0.74738   19.47000  0.00289      14.17772      3360986.41475
0.74850   19.50000  0.00289      14.17772      3399198.82567
0.74906   19.52000  0.00289      14.17772      3424793.76628
0.74963   19.56000  0.00289      14.17772      3476271.64750
0.75075   19.58000  0.00289      14.17772      3502154.58811
0.75075   19.59000  0.00289      14.17772      3515132.05841
0.75188   19.62000  0.00289      14.17772      3554208.46933
0.75245   19.65000  0.00289      14.17772      3593500.88024
0.75358   19.66000  0.00289      14.17772      3606646.35055
0.75415   19.66000  0.00289      14.17772      3606646.35055
0.75472   19.71000  0.00289      14.17772      3672733.70207
0.75586   19.74000  0.00289      14.17772      3712674.11299
0.75643   19.74000  0.00289      14.17772      3712674.11299
0.75700   19.77000  0.00289      14.17772      3752830.52390
0.75758   19.80000  0.00289      14.17772      3793202.93482
0.75815   19.79000  0.00289      14.17772      3779721.46451
0.75873   19.81000  0.00289      14.17772      3806708.40512
0.75930   19.82000  0.00289      14.17772      3820237.87543
0.75988   19.83000  0.00289      14.17772      3833791.34573
0.76104   19.84000  0.00289      14.17772      3847368.81604
0.76161   19.86000  0.00289      14.17772      3874595.75665
0.76220   19.89000  0.00289      14.17772      3915616.16756
0.76278   19.89000  0.00289      14.17772      3915616.16756
0.76336   19.91000  0.00289      14.17772      3943083.10817
0.76394   19.93000  0.00289      14.17772      3970646.04878
0.76453   19.95000  0.00289      14.17772      3998304.98939
0.76570   19.97000  0.00289      14.17772      4026059.93000

Gradi di liberta = 621
Chi-quadro = 792146131.6083469
p-value = 0.0

Media pesata = 14.177720706260033 +/- 0.00011565525051480625

****************************************************************************************************
SERIE 25
****************************************************************************************************

Test ipotesi linearità_____________________________________
Covarianza = 0.36900
Indice Pearson = 0.99928 +/- 0.00152
Gradi di Liberta' = 621
	t = 657.2482794361013
	p-value (due code) = 0.0

Parametri___________________________________________________
y = a + bx
a = -1.91854 +/- 0.02540
b = 28.54496 +/- 0.04728

Test bontà fit _____________________________________________
x         y         sy           y*            Chi-quadro   
0.37651   9.01000   0.00289      8.82881       3939.64064   
0.37750   9.03000   0.00289      8.85721       3582.82841   
0.37836   9.05000   0.00289      8.88167       3400.15680   
0.37922   9.08000   0.00289      8.90624       3622.90038   
0.38023   9.09000   0.00289      8.93506       2880.91310   
0.38110   9.10000   0.00289      8.95987       2356.24279   
0.38168   9.13000   0.00289      8.97648       2828.13137   
0.38256   9.17000   0.00289      9.00149       3407.48452   
0.38344   9.15000   0.00289      9.02661       1826.93649   
0.38388   9.18000   0.00289      9.03922       2378.37224   
0.38432   9.19000   0.00289      9.05185       2290.21265   
0.38506   9.18000   0.00289      9.07297       1374.58824   
0.38565   9.20000   0.00289      9.08993       1453.89897   
0.38595   9.24000   0.00289      9.09843       2405.19866   
0.38580   9.22000   0.00289      9.09418       1899.82602   
0.38595   9.21000   0.00289      9.09843       1493.86269   
0.38625   9.24000   0.00289      9.10694       2124.71843   
0.38640   9.22000   0.00289      9.11120       1420.58719   
0.38670   9.27000   0.00289      9.11973       2709.84667   
0.38715   9.21000   0.00289      9.13255       719.87575    
0.38745   9.29000   0.00289      9.14111       2660.17243   
0.38835   9.29000   0.00289      9.16688       1819.00963   
0.38911   9.31000   0.00289      9.18845       1773.00250   
0.38926   9.30000   0.00289      9.19277       1379.76897   
0.38986   9.32000   0.00289      9.21010       1449.40066   
0.39032   9.36000   0.00289      9.22313       2248.01759   
0.39078   9.37000   0.00289      9.23619       2148.56759   
0.39124   9.38000   0.00289      9.24928       2050.40540   
0.39216   9.39000   0.00289      9.27556       1571.55188   
0.39293   9.42000   0.00289      9.29755       1799.17971   
0.39355   9.43000   0.00289      9.31521       1581.22001   
0.39417   9.45000   0.00289      9.33292       1644.88574   
0.39494   9.48000   0.00289      9.35514       1870.80235   
0.39557   9.51000   0.00289      9.37298       2253.00009   
0.39604   9.53000   0.00289      9.38639       2474.73004   
0.39635   9.50000   0.00289      9.39536       1314.06241   
0.39698   9.54000   0.00289      9.41332       1925.70949   
0.39746   9.55000   0.00289      9.42683       1820.42151   
0.39809   9.55000   0.00289      9.44490       1325.55656   
0.39857   9.59000   0.00289      9.45849       2075.51784   
0.39904   9.60000   0.00289      9.47211       1962.83872   
0.39952   9.59000   0.00289      9.48576       1303.96870   
0.39984   9.63000   0.00289      9.49488       2190.96314   
0.40016   9.59000   0.00289      9.50401       887.26978    
0.40080   9.63000   0.00289      9.52232       1391.27300   
0.40145   9.64000   0.00289      9.54070       1183.34570   
0.40193   9.64000   0.00289      9.55451       876.94765    
0.40241   9.62000   0.00289      9.56836       319.94661    
0.40274   9.68000   0.00289      9.57762       1257.87418   
0.40339   9.70000   0.00289      9.59617       1293.76404   
0.40388   9.71000   0.00289      9.61012       1197.16436   
0.40437   9.67000   0.00289      9.62410       252.77695    
0.40502   9.71000   0.00289      9.64280       541.84008    
0.40552   9.75000   0.00289      9.65687       1040.81358   
0.40601   9.73000   0.00289      9.67097       418.17582    
0.40667   9.80000   0.00289      9.68982       1456.75035   
0.40700   9.85000   0.00289      9.69927       2726.36479   
0.40733   9.83000   0.00289      9.70873       1764.65213   
0.40783   9.84000   0.00289      9.72296       1643.80621   
0.40833   9.87000   0.00289      9.73722       2115.64371   
0.40883   9.89000   0.00289      9.75152       2301.32762   
0.40950   9.91000   0.00289      9.77063       2330.81643   
0.41000   9.91000   0.00289      9.78501       1874.70858   
0.41068   9.89000   0.00289      9.80424       882.67092    
0.41135   9.85000   0.00289      9.82352       84.11699     
0.41203   9.90000   0.00289      9.84288       391.57184    
0.41254   9.97000   0.00289      9.85743       1520.56845   
0.41322   9.98000   0.00289      9.87690       1275.62527   
0.41408   9.98000   0.00289      9.90132       742.89753    
0.41477   10.05000  0.00289      9.92093       1999.14456   
0.41511   9.99000   0.00289      9.93076       421.16042    
0.41563   10.04000  0.00289      9.94553       1070.89947   
0.41632   10.07000  0.00289      9.96529       1315.72207   
0.41701   10.00000  0.00289      9.98511       26.59793     
0.41754   10.08000  0.00289      10.00002      767.56355    
0.41824   10.09000  0.00289      10.01996      588.64232    
0.41859   10.04000  0.00289      10.02996      12.10502     
0.41894   10.09000  0.00289      10.03997      300.38838    
0.41946   10.06000  0.00289      10.05502      2.98071      
0.42017   10.11000  0.00289      10.07514      145.82864    
0.42070   10.15000  0.00289      10.09028      428.02198    
0.42123   10.12000  0.00289      10.10545      25.39623     
0.42194   10.20000  0.00289      10.12575      661.63932    
0.42248   10.17000  0.00289      10.14101      100.84189    
0.42301   10.18000  0.00289      10.15632      67.31624     
0.42355   10.22000  0.00289      10.17166      280.43255    
0.42391   10.25000  0.00289      10.18191      556.37612    
0.42463   10.27000  0.00289      10.20246      547.37929    
0.42499   10.27000  0.00289      10.21276      393.11846    
0.42553   10.27000  0.00289      10.22825      209.16219    
0.42589   10.29000  0.00289      10.23860      317.07184    
0.42644   10.34000  0.00289      10.25415      884.42937    
0.42699   10.33000  0.00289      10.26974      435.71515    
0.42753   10.31000  0.00289      10.28538      72.76546     
0.42827   10.37000  0.00289      10.30628      487.20866    
0.42918   10.38000  0.00289      10.33251      270.58101    
0.43011   10.45000  0.00289      10.35886      996.75413    
0.43066   10.39000  0.00289      10.37472      28.00474     
0.43103   10.45000  0.00289      10.38532      502.00326    
0.43159   10.49000  0.00289      10.40125      945.14784    
0.43215   10.47000  0.00289      10.41722      334.23757    
0.43271   10.48000  0.00289      10.43324      262.40806    
0.43328   10.55000  0.00289      10.44929      1217.03658   
0.43384   10.49000  0.00289      10.46539      72.68058     
0.43440   10.46000  0.00289      10.48153      55.61728     
0.43497   10.49000  0.00289      10.49771      7.13248      
0.43535   10.62000  0.00289      10.50852      1491.32410   
0.43592   10.50000  0.00289      10.52477      73.63827     
0.43630   10.61000  0.00289      10.53563      663.70683    
0.43687   10.47000  0.00289      10.55195      805.94899    
0.43725   10.58000  0.00289      10.56286      35.26085     
0.43783   10.55000  0.00289      10.57925      102.68404    
0.43821   10.55000  0.00289      10.59021      193.98003    
0.43879   10.65000  0.00289      10.60667      225.27973    
0.43937   10.70000  0.00289      10.62318      708.13302    
0.43995   10.62000  0.00289      10.63973      46.73365     
0.44053   10.67000  0.00289      10.65633      22.42016     
0.44092   10.72000  0.00289      10.66742      331.75621    
0.44150   10.70000  0.00289      10.68409      30.37404     
0.44209   10.72000  0.00289      10.70080      44.21509     
0.44267   10.76000  0.00289      10.71756      216.10309    
0.44326   10.74000  0.00289      10.73437      3.80795      
0.44366   10.71000  0.00289      10.74559      152.03082    
0.44425   10.75000  0.00289      10.76247      18.66573     
0.44524   10.82000  0.00289      10.79070      103.00409    
0.44603   10.84000  0.00289      10.81338      85.05460     
0.44683   10.87000  0.00289      10.83613      137.63843    
0.44763   10.76000  0.00289      10.85897      1175.41154   
0.44863   10.88000  0.00289      10.88763      6.98998      
0.44924   10.98000  0.00289      10.90489      676.96075    
0.45005   10.96000  0.00289      10.92798      123.06721    
0.45086   10.99000  0.00289      10.95114      181.18043    
0.45147   10.90000  0.00289      10.96857      564.28890    
0.45208   10.95000  0.00289      10.98605      155.97051    
0.45269   11.03000  0.00289      11.00358      83.77731     
0.45331   10.92000  0.00289      11.02115      1227.77626   
0.45393   11.00000  0.00289      11.03877      180.38962    
0.45434   10.99000  0.00289      11.05055      439.89454    
0.45496   11.04000  0.00289      11.06825      95.74688     
0.45558   11.02000  0.00289      11.08600      522.66541    
0.45620   11.06000  0.00289      11.10379      230.15744    
0.45704   11.06000  0.00289      11.12760      548.39652    
0.45746   11.15000  0.00289      11.13954      13.13530     
0.45788   11.10000  0.00289      11.15150      318.21552    
0.45830   11.15000  0.00289      11.16348      21.79056     
0.45872   11.14000  0.00289      11.17548      151.03673    
0.45914   11.19000  0.00289      11.18750      0.74928      
0.45977   11.30000  0.00289      11.20558      1069.85041   
0.46019   11.14000  0.00289      11.21766      723.68733    
0.46062   11.11000  0.00289      11.22976      1721.07416   
0.46104   11.28000  0.00289      11.24188      174.34765    
0.46147   11.26000  0.00289      11.25403      4.27787      
0.46211   11.33000  0.00289      11.27229      399.64297    
0.46275   11.33000  0.00289      11.29060      186.25611    
0.46339   11.33000  0.00289      11.30897      53.09200     
0.46425   11.42000  0.00289      11.33353      897.25741    
0.46468   11.41000  0.00289      11.34585      493.89502    
0.46490   11.35000  0.00289      11.35201      0.48586      
0.46533   11.30000  0.00289      11.36436      497.10563    
0.46598   11.27000  0.00289      11.38293      1530.42148   
0.46664   11.49000  0.00289      11.40155      938.76015    
0.46729   11.43000  0.00289      11.42023      11.46538     
0.46795   11.39000  0.00289      11.43895      287.54110    
0.46860   11.35000  0.00289      11.45773      1392.66066   
0.46904   11.41000  0.00289      11.47028      435.99723    
0.46948   11.54000  0.00289      11.48285      391.95383    
0.46992   11.52000  0.00289      11.49544      72.36027     
0.47037   11.53000  0.00289      11.50806      57.74845     
0.47081   11.48000  0.00289      11.52071      198.83385    
0.47125   11.47000  0.00289      11.53337      481.92458    
0.47170   11.50000  0.00289      11.54606      254.61271    
0.47237   11.59000  0.00289      11.56514      74.14215     
0.47304   11.43000  0.00289      11.58428      2856.21250   
0.47326   11.51000  0.00289      11.59067      780.89037    
0.47348   11.55000  0.00289      11.59706      265.81354    
0.47371   11.47000  0.00289      11.60347      2137.62724   
0.47416   11.55000  0.00289      11.61629      527.33318    
0.47461   11.65000  0.00289      11.62914      52.22633     
0.47506   11.55000  0.00289      11.64201      1015.90058   
0.47551   11.63000  0.00289      11.65491      74.43930     
0.47619   11.66000  0.00289      11.67430      24.52855     
0.47664   11.56000  0.00289      11.68725      1943.25754   
0.47733   11.67000  0.00289      11.70674      161.96301    
0.47778   11.74000  0.00289      11.71976      49.16860     
0.47824   11.73000  0.00289      11.73280      0.94266      
0.47893   11.77000  0.00289      11.75242      37.10042     
0.47962   11.79000  0.00289      11.77209      38.50418     
0.48054   11.85000  0.00289      11.79840      319.47396    
0.48123   11.79000  0.00289      11.81821      95.46791     
0.48216   11.79000  0.00289      11.84470      359.03792    
0.48286   11.79000  0.00289      11.86464      668.46588    
0.48333   11.79000  0.00289      11.87796      928.42748    
0.48403   11.80000  0.00289      11.89799      1152.32159   
0.48450   11.85000  0.00289      11.91138      452.12083    
0.48520   11.85000  0.00289      11.93151      797.30998    
0.48567   11.82000  0.00289      11.94497      1873.96368   
0.48638   11.87000  0.00289      11.96519      1087.43461   
0.48685   11.80000  0.00289      11.97871      3832.60166   
0.48733   11.83000  0.00289      11.99226      3159.32335   
0.48780   11.88000  0.00289      12.00583      1899.97123   
0.48852   11.92000  0.00289      12.02624      1354.34611   
0.48900   12.04000  0.00289      12.03987      0.00189      
0.48948   12.02000  0.00289      12.05354      134.98503    
0.48996   11.93000  0.00289      12.06723      2259.86735   
0.49020   11.95000  0.00289      12.07409      1847.69021   
0.49068   11.89000  0.00289      12.08782      4695.83810   
0.49140   12.02000  0.00289      12.10847      939.15332    
0.49188   11.96000  0.00289      12.12227      3159.61379   
0.49237   11.99000  0.00289      12.13609      2561.14694   
0.49285   12.17000  0.00289      12.14995      48.26043     
0.49358   11.98000  0.00289      12.17078      4367.53709   
0.49407   12.05000  0.00289      12.18470      2177.29019   
0.49456   12.19000  0.00289      12.19865      8.97823      
0.49554   12.21000  0.00289      12.22663      33.19605     
0.49628   12.18000  0.00289      12.24769      549.86677    
0.49727   12.13000  0.00289      12.27587      2553.35308   
0.49801   12.31000  0.00289      12.29708      20.04235     
0.49875   12.27000  0.00289      12.31835      280.48775    
0.49950   12.22000  0.00289      12.33968      1718.81465   
0.50025   12.29000  0.00289      12.36108      606.26126    
0.50100   12.44000  0.00289      12.38254      396.18410    
0.50150   12.41000  0.00289      12.39689      20.63996     
0.50201   12.26000  0.00289      12.41126      2745.47979   
0.50251   12.23000  0.00289      12.42566      4593.93364   
0.50302   12.22000  0.00289      12.44009      5812.78695   
0.50352   12.40000  0.00289      12.45455      357.09075    
0.50429   12.46000  0.00289      12.47629      31.86307     
0.50531   12.29000  0.00289      12.50539      5567.14873   
0.50633   12.32000  0.00289      12.53460      5526.54135   
0.50684   12.32000  0.00289      12.54925      6306.89192   
0.50736   12.44000  0.00289      12.56393      1843.17845   
0.50839   12.52000  0.00289      12.59339      646.25411    
0.50916   12.37000  0.00289      12.61555      7235.52504   
0.50942   12.61000  0.00289      12.62296      20.14465     
0.50968   12.45000  0.00289      12.63037      3903.91872   
0.51020   12.41000  0.00289      12.64521      6639.07154   
0.51046   12.57000  0.00289      12.65265      819.68733    
0.51073   12.64000  0.00289      12.66009      48.43341     
0.51151   12.58000  0.00289      12.68246      1259.80036   
0.51230   12.58000  0.00289      12.70490      1872.04475   
0.51282   12.54000  0.00289      12.71990      3883.67491   
0.51361   12.57000  0.00289      12.74246      3568.89682   
0.51440   12.74000  0.00289      12.76508      75.48212     
0.51520   12.69000  0.00289      12.78778      1147.19770   
0.51573   12.67000  0.00289      12.80294      2120.89679   
0.51653   12.65000  0.00289      12.82576      3706.83494   
0.51733   12.66000  0.00289      12.84864      4270.17725   
0.51813   12.80000  0.00289      12.87159      615.07604    
0.51921   12.76000  0.00289      12.90231      2430.26722   
0.51975   12.74000  0.00289      12.91772      3789.98313   
0.52029   12.80000  0.00289      12.93315      2127.62921   
0.52138   12.78000  0.00289      12.96413      4068.38572   
0.52274   12.80000  0.00289      13.00303      4946.39660   
0.52356   12.92000  0.00289      13.02646      1360.15097   
0.52411   12.87000  0.00289      13.04213      3555.43441   
0.52466   12.90000  0.00289      13.05783      2989.16736   
0.52493   12.86000  0.00289      13.06569      5076.99379   
0.52549   12.82000  0.00289      13.08144      8201.96544   
0.52604   12.92000  0.00289      13.09722      3768.78559   
0.52632   12.88000  0.00289      13.10512      6081.58728   
0.52687   12.95000  0.00289      13.12095      3506.99134   
0.52743   13.07000  0.00289      13.13682      535.74848    
0.52798   13.00000  0.00289      13.15272      2798.63890   
0.52854   12.97000  0.00289      13.16865      4735.27334   
0.52882   13.03000  0.00289      13.17663      2579.87983   
0.52910   13.11000  0.00289      13.18461      668.03815    
0.52994   13.13000  0.00289      13.20862      741.80044    
0.53079   13.02000  0.00289      13.23271      5429.53875   
0.53191   13.06000  0.00289      13.26495      5040.44900   
0.53248   13.15000  0.00289      13.28112      2063.03136   
0.53362   13.18000  0.00289      13.31356      2140.63234   
0.53476   13.18000  0.00289      13.34614      3312.43023   
0.53533   13.27000  0.00289      13.36249      1026.45279   
0.53591   13.29000  0.00289      13.37886      947.63835    
0.53648   13.28000  0.00289      13.39528      1594.69628   
0.53763   13.32000  0.00289      13.42821      1405.16632   
0.53879   13.33000  0.00289      13.46129      2068.33274   
0.53937   13.32000  0.00289      13.47788      2991.02972   
0.54025   13.33000  0.00289      13.50283      3584.46626   
0.54113   13.41000  0.00289      13.52787      1667.07840   
0.54171   13.31000  0.00289      13.54460      6604.49787   
0.54230   13.23000  0.00289      13.56137      13176.88741  
0.54289   13.37000  0.00289      13.57818      5200.65505   
0.54318   13.42000  0.00289      13.58660      3330.55790   
0.54348   13.40000  0.00289      13.59502      4564.12193   
0.54407   13.40000  0.00289      13.61190      5388.44187   
0.54496   13.40000  0.00289      13.63730      6757.08500   
0.54555   13.54000  0.00289      13.65427      1566.87072   
0.54645   13.56000  0.00289      13.67980      1722.17420   
0.54705   13.45000  0.00289      13.69686      7312.99403   
0.54765   13.51000  0.00289      13.71397      4992.30242   
0.54825   13.60000  0.00289      13.73111      2062.71268   
0.54885   13.54000  0.00289      13.74829      5205.98707   
0.54975   13.63000  0.00289      13.77413      2492.64322   
0.55036   13.61000  0.00289      13.79140      3948.63675   
0.55127   13.61000  0.00289      13.81738      5160.74350   
0.55218   13.67000  0.00289      13.84345      3610.04614   
0.55279   13.67000  0.00289      13.86087      4371.88982   
0.55340   13.70000  0.00289      13.87834      3816.51315   
0.55432   13.72000  0.00289      13.90461      4089.58202   
0.55494   13.67000  0.00289      13.92217      7630.70745   
0.55556   13.78000  0.00289      13.93977      3063.16805   
0.55617   13.69000  0.00289      13.95741      8580.95884   
0.55679   13.78000  0.00289      13.97509      4567.16667   
0.55741   13.79000  0.00289      13.99281      4935.71369   
0.55772   13.70000  0.00289      14.00168      10921.42968  
0.55804   13.77000  0.00289      14.01057      6944.63204   
0.55835   13.82000  0.00289      14.01946      4774.10707   
0.55866   13.70000  0.00289      14.02836      12938.72989  
0.55928   13.74000  0.00289      14.04620      11251.11898  
0.55991   13.82000  0.00289      14.06408      7148.95254   
0.56054   13.89000  0.00289      14.08200      4423.53389   
0.56117   13.86000  0.00289      14.09995      6909.39574   
0.56180   13.80000  0.00289      14.11795      12131.30021  
0.56243   13.85000  0.00289      14.13599      9814.96342   
0.56275   13.90000  0.00289      14.14503      7204.55935   
0.56338   13.95000  0.00289      14.16313      5450.73894   
0.56402   14.05000  0.00289      14.18127      2067.72110   
0.56465   14.01000  0.00289      14.19945      4306.88986   
0.56561   14.03000  0.00289      14.22680      4647.53749   
0.56625   14.01000  0.00289      14.24508      6631.66553   
0.56721   13.98000  0.00289      14.27259      10272.89019  
0.56818   14.07000  0.00289      14.30019      6358.26951   
0.56915   14.09000  0.00289      14.32788      6790.35458   
0.56980   14.09000  0.00289      14.34639      7888.49448   
0.57045   14.10000  0.00289      14.36495      8423.81053   
0.57110   14.19000  0.00289      14.38355      4495.34218   
0.57176   14.08000  0.00289      14.40219      12456.80867  
0.57241   14.15000  0.00289      14.42087      8804.78054   
0.57307   14.14000  0.00289      14.43960      10771.35931  
0.57339   14.21000  0.00289      14.44898      6853.46559   
0.57372   14.23000  0.00289      14.45837      6258.45509   
0.57438   14.17000  0.00289      14.47719      11323.53501  
0.57504   14.21000  0.00289      14.49604      9818.38737   
0.57604   14.29000  0.00289      14.52441      6593.65233   
0.57670   14.22000  0.00289      14.54337      12548.43660  
0.57703   14.32000  0.00289      14.55287      6507.54689   
0.57803   14.32000  0.00289      14.58144      8201.82553   
0.57870   14.33000  0.00289      14.60053      8782.55576   
0.57937   14.43000  0.00289      14.61967      4317.15598   
0.58005   14.41000  0.00289      14.63886      6285.23109   
0.58072   14.47000  0.00289      14.65809      4245.36375   
0.58140   14.52000  0.00289      14.67737      2971.67330   
0.58241   14.49000  0.00289      14.70636      5617.53096   
0.58309   14.58000  0.00289      14.72575      2549.17459   
0.58411   14.64000  0.00289      14.75492      1584.69897   
0.58480   14.63000  0.00289      14.77442      2502.77727   
0.58548   14.67000  0.00289      14.79396      1844.06387   
0.58582   14.68000  0.00289      14.80376      1837.83830   
0.58617   14.67000  0.00289      14.81356      2473.03782   
0.58685   14.73000  0.00289      14.83320      1277.92323   
0.58720   14.67000  0.00289      14.84303      3592.82293   
0.58789   14.74000  0.00289      14.86274      1807.82013   
0.58858   14.77000  0.00289      14.88249      1518.60279   
0.58893   14.74000  0.00289      14.89239      2786.69436   
0.58962   14.79000  0.00289      14.91221      1792.33261   
0.59032   14.79000  0.00289      14.93208      2422.55645   
0.59067   14.75000  0.00289      14.94204      4425.40786   
0.59102   14.84000  0.00289      14.95200      1505.34380   
0.59172   14.83000  0.00289      14.97197      2418.57295   
0.59277   14.88000  0.00289      15.00200      1786.19656   
0.59347   14.93000  0.00289      15.02209      1017.61762   
0.59418   14.92000  0.00289      15.04222      1792.50328   
0.59453   14.97000  0.00289      15.05230      812.85135    
0.59488   15.01000  0.00289      15.06240      329.47291    
0.59559   14.96000  0.00289      15.08263      1804.45597   
0.59595   15.07000  0.00289      15.09276      62.15005     
0.59666   15.08000  0.00289      15.11306      131.13715    
0.59737   15.12000  0.00289      15.13341      21.56667     
0.59773   15.13000  0.00289      15.14360      22.19027     
0.59844   15.14000  0.00289      15.16402      69.23502     
0.59952   15.20000  0.00289      15.19474      3.31508      
0.60024   15.24000  0.00289      15.21529      73.28108     
0.60096   15.25000  0.00289      15.23588      23.91920     
0.60168   15.29000  0.00289      15.25652      134.47070    
0.60205   15.31000  0.00289      15.26686      223.27546    
0.60314   15.35000  0.00289      15.29796      324.97417    
0.60386   15.38000  0.00289      15.31875      450.13909    
0.60496   15.39000  0.00289      15.35004      191.64547    
0.60569   15.44000  0.00289      15.37096      572.05091    
0.60680   15.50000  0.00289      15.40243      1142.40091   
0.60753   15.52000  0.00289      15.42348      1118.03496   
0.60790   15.54000  0.00289      15.43402      1347.86548   
0.60864   15.56000  0.00289      15.45514      1319.45211   
0.60976   15.58000  0.00289      15.48692      1039.62153   
0.61087   15.61000  0.00289      15.51882      997.66348    
0.61162   15.66000  0.00289      15.54015      1723.69076   
0.61200   15.68000  0.00289      15.55083      2002.05175   
0.61275   15.68000  0.00289      15.57224      1393.39113   
0.61312   15.71000  0.00289      15.58297      1936.49019   
0.61387   15.73000  0.00289      15.60445      1891.40717   
0.61463   15.79000  0.00289      15.62599      3227.73504   
0.61576   15.80000  0.00289      15.65840      2405.91798   
0.61652   15.84000  0.00289      15.68008      3069.02222   
0.61728   15.86000  0.00289      15.70180      3003.10731   
0.61767   15.88000  0.00289      15.71269      3359.20759   
0.61767   15.90000  0.00289      15.71269      4210.30650   
0.61805   15.91000  0.00289      15.72358      4170.08174   
0.61881   15.92000  0.00289      15.74542      3657.42446   
0.61920   15.95000  0.00289      15.75636      4499.74114   
0.61996   15.96000  0.00289      15.77827      3963.00970   
0.62073   16.00000  0.00289      15.80024      4788.39436   
0.62150   15.99000  0.00289      15.82227      3376.14246   
0.62189   16.01000  0.00289      15.83330      3746.77397   
0.62228   16.02000  0.00289      15.84435      3702.52228   
0.62267   16.02000  0.00289      15.85541      3250.93201   
0.62305   16.02000  0.00289      15.86648      2828.19332   
0.62344   16.05000  0.00289      15.87757      3567.92356   
0.62422   16.04000  0.00289      15.89979      2359.20772   
0.62500   16.07000  0.00289      15.92206      2626.40051   
0.62539   16.07000  0.00289      15.93322      2245.18670   
0.62578   16.09000  0.00289      15.94439      2544.36999   
0.62617   16.09000  0.00289      15.95557      2168.48980   
0.62657   16.10000  0.00289      15.96677      2129.96927   
0.62696   16.11000  0.00289      15.97799      2091.34900   
0.62735   16.13000  0.00289      15.98921      2378.53010   
0.62735   16.13000  0.00289      15.98921      2378.53010   
0.62775   16.16000  0.00289      16.00045      3054.58521   
0.62854   16.17000  0.00289      16.02298      2593.79966   
0.62893   16.18000  0.00289      16.03426      2548.69258   
0.62972   16.21000  0.00289      16.05687      2813.70270   
0.63052   16.23000  0.00289      16.07954      2716.52146   
0.63131   16.26000  0.00289      16.10227      2985.57826   
0.63171   16.28000  0.00289      16.11365      3320.65555   
0.63251   16.29000  0.00289      16.13646      2828.88115   
0.63291   16.32000  0.00289      16.14789      3554.66702   
0.63371   16.34000  0.00289      16.17079      3435.97293   
0.63452   16.34000  0.00289      16.19374      2566.94035   
0.63532   16.38000  0.00289      16.21676      3197.78804   
0.63613   16.39000  0.00289      16.23983      2706.12239   
0.63694   16.43000  0.00289      16.26296      3348.21479   
0.63735   16.46000  0.00289      16.27455      4127.01915   
0.63776   16.43000  0.00289      16.28615      2483.05577   
0.63857   16.46000  0.00289      16.30940      2721.55904   
0.63939   16.48000  0.00289      16.33271      2603.26058   
0.64020   16.46000  0.00289      16.35608      1295.90407   
0.64103   16.49000  0.00289      16.37951      1464.97015   
0.64185   16.51000  0.00289      16.40300      1373.90694   
0.64267   16.55000  0.00289      16.42655      1828.83313   
0.64309   16.55000  0.00289      16.43835      1495.99465   
0.64350   16.54000  0.00289      16.45016      968.57641    
0.64392   16.60000  0.00289      16.46199      2285.72648   
0.64475   16.57000  0.00289      16.48569      853.02085    
0.64558   16.64000  0.00289      16.50945      2045.17253   
0.64641   16.63000  0.00289      16.53327      1122.68888   
0.64725   16.68000  0.00289      16.55716      1810.73726   
0.64809   16.68000  0.00289      16.58111      1173.54270   
0.64851   16.74000  0.00289      16.59311      2589.35190   
0.64893   16.70000  0.00289      16.60512      1080.30083   
0.64977   16.77000  0.00289      16.62919      2379.26807   
0.65020   16.76000  0.00289      16.64125      1692.17519   
0.65104   16.79000  0.00289      16.66542      1862.51608   
0.65232   16.83000  0.00289      16.70178      1972.70121   
0.65359   16.85000  0.00289      16.73830      1497.35850   
0.65402   16.91000  0.00289      16.75050      3052.94207   
0.65445   16.92000  0.00289      16.76272      2968.62747   
0.65488   16.90000  0.00289      16.77495      1876.53070   
0.65574   16.90000  0.00289      16.79947      1212.87342   
0.65617   16.95000  0.00289      16.81175      2293.66061   
0.65703   16.94000  0.00289      16.83636      1288.95186   
0.65746   16.95000  0.00289      16.84869      1231.63230   
0.65789   16.94000  0.00289      16.86104      748.21063    
0.65833   16.95000  0.00289      16.87340      704.09724    
0.65876   16.99000  0.00289      16.88578      1303.41828   
0.65920   17.01000  0.00289      16.89818      1500.56149   
0.66007   17.03000  0.00289      16.92302      1373.46335   
0.66094   17.06000  0.00289      16.94792      1507.36535   
0.66181   17.05000  0.00289      16.97289      713.42911    
0.66313   17.08000  0.00289      17.01048      580.01319    
0.66401   17.13000  0.00289      17.03562      1069.01960   
0.66489   17.16000  0.00289      17.06082      1180.39686   
0.66534   17.19000  0.00289      17.07345      1630.12950   
0.66667   17.21000  0.00289      17.11143      1165.88310   
0.66711   17.21000  0.00289      17.12413      884.90274    
0.66800   17.26000  0.00289      17.14957      1463.42710   
0.66845   17.28000  0.00289      17.16231      1661.99752   
0.66890   17.28000  0.00289      17.17508      1321.05583   
0.66979   17.32000  0.00289      17.20065      1709.19620   
0.67024   17.34000  0.00289      17.21347      1921.20613   
0.67114   17.35000  0.00289      17.23915      1474.53419   
0.67159   17.38000  0.00289      17.25202      1965.59271   
0.67204   17.36000  0.00289      17.26490      1085.29715   
0.67249   17.41000  0.00289      17.27780      2097.21866   
0.67340   17.41000  0.00289      17.30365      1357.14365   
0.67385   17.40000  0.00289      17.31661      834.53340    
0.67431   17.42000  0.00289      17.32958      981.15580    
0.67522   17.45000  0.00289      17.35557      1070.03121   
0.67568   17.43000  0.00289      17.36859      452.48999    
0.67659   17.46000  0.00289      17.39469      511.80787    
0.67705   17.50000  0.00289      17.40777      1020.79757   
0.67797   17.51000  0.00289      17.43397      693.60014    
0.67843   17.52000  0.00289      17.44710      637.67793    
0.67935   17.56000  0.00289      17.47341      899.63661    
0.67981   17.58000  0.00289      17.48660      1046.87689   
0.68027   17.59000  0.00289      17.49980      976.35603    
0.68120   17.62000  0.00289      17.52625      1054.59617   
0.68166   17.63000  0.00289      17.53951      982.63755    
0.68259   17.62000  0.00289      17.56607      348.97780    
0.68306   17.66000  0.00289      17.57938      779.91314    
0.68399   17.69000  0.00289      17.60605      845.61448    
0.68446   17.69000  0.00289      17.61942      597.80618    
0.68493   17.74000  0.00289      17.63280      1378.99827   
0.68587   17.75000  0.00289      17.65962      980.21940    
0.68634   17.79000  0.00289      17.67306      1641.06347   
0.68729   17.81000  0.00289      17.69999      1452.32702   
0.68776   17.80000  0.00289      17.71348      898.27671    
0.68823   17.84000  0.00289      17.72699      1532.50291   
0.68823   17.84000  0.00289      17.72699      1532.50291   
0.68871   17.83000  0.00289      17.74052      960.76262    
0.68918   17.88000  0.00289      17.75407      1902.99197   
0.69013   17.91000  0.00289      17.78122      1989.99863   
0.69061   17.89000  0.00289      17.79483      1086.91232   
0.69156   17.89000  0.00289      17.82209      553.33669    
0.69204   17.93000  0.00289      17.83576      1065.83246   
0.69300   17.93000  0.00289      17.86314      536.50414    
0.69348   17.96000  0.00289      17.87685      829.59740    
0.69396   17.94000  0.00289      17.89059      292.95069    
0.69493   17.99000  0.00289      17.91812      619.96093    
0.69541   18.00000  0.00289      17.93192      556.22958    
0.69589   18.02000  0.00289      17.94573      661.90303    
0.69638   18.04000  0.00289      17.95956      776.38954    
0.69735   18.04000  0.00289      17.98729      333.42373    
0.69784   18.08000  0.00289      18.00118      745.52539    
0.69832   18.09000  0.00289      18.01509      673.38705    
0.69930   18.10000  0.00289      18.04297      390.30605    
0.69930   18.14000  0.00289      18.04297      1129.80495   
0.69979   18.15000  0.00289      18.05694      1039.27034   
0.70028   18.14000  0.00289      18.07093      572.54345    
0.70126   18.18000  0.00289      18.09896      788.06130    
0.70175   18.19000  0.00289      18.11301      711.30914    
0.70225   18.21000  0.00289      18.12708      825.15990    
0.70274   18.23000  0.00289      18.14116      947.03692    
0.70373   18.26000  0.00289      18.16940      985.08070    
0.70472   18.28000  0.00289      18.19771      812.61225    
0.70522   18.31000  0.00289      18.21190      1154.93689   
0.70572   18.32000  0.00289      18.22610      1058.02075   
0.70621   18.33000  0.00289      18.24033      964.91919    
0.70671   18.34000  0.00289      18.25457      875.69240    
0.70771   18.34000  0.00289      18.28313      388.12329    
0.70822   18.35000  0.00289      18.29744      331.56080    
0.70872   18.36000  0.00289      18.31176      279.21582    
0.70972   18.37000  0.00289      18.34048      104.57922    
0.71023   18.41000  0.00289      18.35487      364.75191    
0.71124   18.41000  0.00289      18.38371      82.96584     
0.71174   18.44000  0.00289      18.39816      210.11191    
0.71276   18.46000  0.00289      18.42712      129.74992    
0.71327   18.46000  0.00289      18.44163      40.49692     
0.71378   18.50000  0.00289      18.45616      230.61114    
0.71480   18.52000  0.00289      18.48529      144.57705    
0.71480   18.54000  0.00289      18.48529      359.18675    
0.71531   18.57000  0.00289      18.49988      589.93932    
0.71582   18.57000  0.00289      18.51450      369.62243    
0.71633   18.59000  0.00289      18.52914      444.51049    
0.71685   18.61000  0.00289      18.54380      525.96828    
0.71736   18.62000  0.00289      18.55847      454.25218    
0.71788   18.64000  0.00289      18.57317      535.88489    
0.71839   18.67000  0.00289      18.58790      808.94556    
0.71942   18.69000  0.00289      18.61740      632.47775    
0.72046   18.74000  0.00289      18.64699      1038.07052   
0.72150   18.76000  0.00289      18.67667      833.31555    
0.72202   18.77000  0.00289      18.69154      738.75911    
0.72254   18.79000  0.00289      18.70643      838.08509    
0.72359   18.80000  0.00289      18.73628      487.26809    
0.72411   18.81000  0.00289      18.75123      414.41540    
0.72464   18.86000  0.00289      18.76621      1055.54411   
0.72569   18.84000  0.00289      18.79623      229.86239    
0.72622   18.86000  0.00289      18.81128      284.87455    
0.72674   18.90000  0.00289      18.82634      651.05960    
0.72727   18.90000  0.00289      18.84143      411.66441    
0.72833   18.93000  0.00289      18.87167      408.29338    
0.72886   18.94000  0.00289      18.88682      339.33859    
0.72993   18.96000  0.00289      18.91720      219.86675    
0.73099   18.98000  0.00289      18.94766      125.52736    
0.73153   18.99000  0.00289      18.96292      87.99037     
0.73206   19.02000  0.00289      18.97821      209.58926    
0.73260   19.04000  0.00289      18.99352      259.28141    
0.73314   19.06000  0.00289      19.00885      313.97930    
0.73314   19.09000  0.00289      19.00885      790.27138    
0.73368   19.07000  0.00289      19.02420      251.69220    
0.73421   19.08000  0.00289      19.03958      196.06577    
0.73475   19.14000  0.00289      19.05498      867.45377    
0.73584   19.15000  0.00289      19.08584      493.92118    
0.73638   19.16000  0.00289      19.10131      413.32772    
0.73746   19.21000  0.00289      19.13231      724.21861    
0.73855   19.24000  0.00289      19.16341      703.95907    
0.73964   19.27000  0.00289      19.19459      682.32106    
0.74019   19.30000  0.00289      19.21022      967.20740    
0.74074   19.30000  0.00289      19.22587      659.37588    
0.74184   19.32000  0.00289      19.25724      472.58850    
0.74294   19.33000  0.00289      19.28871      204.58981    
0.74349   19.35000  0.00289      19.30448      248.68281    
0.74460   19.37000  0.00289      19.33608      138.04973    
0.74571   19.38000  0.00289      19.36778      17.91383     
0.74627   19.41000  0.00289      19.38367      83.20986     
0.74683   19.43000  0.00289      19.39958      111.07249    
0.74738   19.43000  0.00289      19.41551      25.19841     
0.74738   19.47000  0.00289      19.41551      356.31124    
0.74850   19.50000  0.00289      19.44745      331.42723    
0.74906   19.52000  0.00289      19.46345      383.73794    
0.74963   19.56000  0.00289      19.47948      778.03110    
0.75075   19.58000  0.00289      19.51161      561.28932    
0.75075   19.59000  0.00289      19.51161      737.42916    
0.75188   19.62000  0.00289      19.54383      696.14773    
0.75245   19.65000  0.00289      19.55998      972.35746    
0.75358   19.66000  0.00289      19.59236      549.10149    
0.75415   19.66000  0.00289      19.60858      317.31410    
0.75472   19.71000  0.00289      19.62482      870.58844    
0.75586   19.74000  0.00289      19.65739      818.89532    
0.75643   19.74000  0.00289      19.67371      527.28557    
0.75700   19.77000  0.00289      19.69006      766.89102    
0.75758   19.80000  0.00289      19.70643      1050.68787   
0.75815   19.79000  0.00289      19.72282      541.53150    
0.75873   19.81000  0.00289      19.73924      600.79057    
0.75930   19.82000  0.00289      19.75569      496.33113    
0.75988   19.83000  0.00289      19.77216      401.49314    
0.76104   19.84000  0.00289      19.80517      145.55812    
0.76161   19.86000  0.00289      19.82172      175.86899    
0.76220   19.89000  0.00289      19.83829      320.90204    
0.76278   19.89000  0.00289      19.85488      147.98371    
0.76336   19.91000  0.00289      19.87150      177.83285    
0.76394   19.93000  0.00289      19.88815      210.16720    
0.76453   19.95000  0.00289      19.90482      244.92479    
0.76570   19.97000  0.00289      19.93824      121.02628    

Gradi di liberta = 621
Chi-quadro = 1169292.0816458545
p-value = 0.0
Errore a posteriori = 0.12526

Test ipotesi funzione costante_______________________________
Gradi di Liberta' = 621
t = 603.7915171331332
p-value = 0.0

Test ipotesi compatibilità misure____________________________
x         y         sy           y_media_p     Chi-quadro   
0.37651   9.01000   0.00289      14.17772      3204640.47575
0.37750   9.03000   0.00289      14.17772      3179883.41636
0.37836   9.05000   0.00289      14.17772      3155222.35697
0.37922   9.08000   0.00289      14.17772      3118410.76788
0.38023   9.09000   0.00289      14.17772      3106188.23819
0.38110   9.10000   0.00289      14.17772      3093989.70849
0.38168   9.13000   0.00289      14.17772      3057538.11941
0.38256   9.17000   0.00289      14.17772      3009272.00063
0.38344   9.15000   0.00289      14.17772      3033357.06002
0.38388   9.18000   0.00289      14.17772      2997265.47093
0.38432   9.19000   0.00289      14.17772      2985282.94124
0.38506   9.18000   0.00289      14.17772      2997265.47093
0.38565   9.20000   0.00289      14.17772      2973324.41154
0.38595   9.24000   0.00289      14.17772      2925730.29276
0.38580   9.22000   0.00289      14.17772      2949479.35215
0.38595   9.21000   0.00289      14.17772      2961389.88185
0.38625   9.24000   0.00289      14.17772      2925730.29276
0.38640   9.22000   0.00289      14.17772      2949479.35215
0.38670   9.27000   0.00289      14.17772      2890286.70368
0.38715   9.21000   0.00289      14.17772      2961389.88185
0.38745   9.29000   0.00289      14.17772      2866777.64429
0.38835   9.29000   0.00289      14.17772      2866777.64429
0.38911   9.31000   0.00289      14.17772      2843364.58490
0.38926   9.30000   0.00289      14.17772      2855059.11459
0.38986   9.32000   0.00289      14.17772      2831694.05520
0.39032   9.36000   0.00289      14.17772      2785251.93642
0.39078   9.37000   0.00289      14.17772      2773701.40673
0.39124   9.38000   0.00289      14.17772      2762174.87703
0.39216   9.39000   0.00289      14.17772      2750672.34734
0.39293   9.42000   0.00289      14.17772      2716308.75825
0.39355   9.43000   0.00289      14.17772      2704902.22856
0.39417   9.45000   0.00289      14.17772      2682161.16917
0.39494   9.48000   0.00289      14.17772      2648229.58008
0.39557   9.51000   0.00289      14.17772      2614513.99100
0.39604   9.53000   0.00289      14.17772      2592156.93161
0.39635   9.50000   0.00289      14.17772      2625728.52069
0.39698   9.54000   0.00289      14.17772      2581014.40191
0.39746   9.55000   0.00289      14.17772      2569895.87222
0.39809   9.55000   0.00289      14.17772      2569895.87222
0.39857   9.59000   0.00289      14.17772      2525661.75344
0.39904   9.60000   0.00289      14.17772      2514663.22374
0.39952   9.59000   0.00289      14.17772      2525661.75344
0.39984   9.63000   0.00289      14.17772      2481811.63466
0.40016   9.59000   0.00289      14.17772      2525661.75344
0.40080   9.63000   0.00289      14.17772      2481811.63466
0.40145   9.64000   0.00289      14.17772      2470909.10496
0.40193   9.64000   0.00289      14.17772      2470909.10496
0.40241   9.62000   0.00289      14.17772      2492738.16435
0.40274   9.68000   0.00289      14.17772      2427538.98618
0.40339   9.70000   0.00289      14.17772      2405997.92679
0.40388   9.71000   0.00289      14.17772      2395263.39710
0.40437   9.67000   0.00289      14.17772      2438345.51588
0.40502   9.71000   0.00289      14.17772      2395263.39710
0.40552   9.75000   0.00289      14.17772      2352565.27832
0.40601   9.73000   0.00289      14.17772      2373866.33771
0.40667   9.80000   0.00289      14.17772      2299732.62984
0.40700   9.85000   0.00289      14.17772      2247499.98137
0.40733   9.83000   0.00289      14.17772      2268321.04076
0.40783   9.84000   0.00289      14.17772      2257898.51106
0.40833   9.87000   0.00289      14.17772      2226774.92198
0.40883   9.89000   0.00289      14.17772      2206145.86259
0.40950   9.91000   0.00289      14.17772      2185612.80320
0.41000   9.91000   0.00289      14.17772      2185612.80320
0.41068   9.89000   0.00289      14.17772      2206145.86259
0.41135   9.85000   0.00289      14.17772      2247499.98137
0.41203   9.90000   0.00289      14.17772      2195867.33289
0.41254   9.97000   0.00289      14.17772      2124589.62503
0.41322   9.98000   0.00289      14.17772      2114503.09533
0.41408   9.98000   0.00289      14.17772      2114503.09533
0.41477   10.05000  0.00289      14.17772      2044569.38747
0.41511   9.99000   0.00289      14.17772      2104440.56564
0.41563   10.04000  0.00289      14.17772      2054487.91716
0.41632   10.07000  0.00289      14.17772      2024804.32808
0.41701   10.00000  0.00289      14.17772      2094402.03594
0.41754   10.08000  0.00289      14.17772      2014957.79838
0.41824   10.09000  0.00289      14.17772      2005135.26869
0.41859   10.04000  0.00289      14.17772      2054487.91716
0.41894   10.09000  0.00289      14.17772      2005135.26869
0.41946   10.06000  0.00289      14.17772      2034674.85777
0.42017   10.11000  0.00289      14.17772      1985562.20930
0.42070   10.15000  0.00289      14.17772      1946704.09052
0.42123   10.12000  0.00289      14.17772      1975811.67960
0.42194   10.20000  0.00289      14.17772      1898671.44204
0.42248   10.17000  0.00289      14.17772      1927419.03113
0.42301   10.18000  0.00289      14.17772      1917812.50143
0.42355   10.22000  0.00289      14.17772      1879626.38265
0.42391   10.25000  0.00289      14.17772      1851238.79357
0.42463   10.27000  0.00289      14.17772      1832433.73418
0.42499   10.27000  0.00289      14.17772      1832433.73418
0.42553   10.27000  0.00289      14.17772      1832433.73418
0.42589   10.29000  0.00289      14.17772      1813724.67479
0.42644   10.34000  0.00289      14.17772      1767372.02631
0.42699   10.33000  0.00289      14.17772      1776594.55601
0.42753   10.31000  0.00289      14.17772      1795111.61540
0.42827   10.37000  0.00289      14.17772      1739848.43723
0.42918   10.38000  0.00289      14.17772      1730721.90753
0.43011   10.45000  0.00289      14.17772      1667508.19967
0.43066   10.39000  0.00289      14.17772      1721619.37784
0.43103   10.45000  0.00289      14.17772      1667508.19967
0.43159   10.49000  0.00289      14.17772      1631914.08089
0.43215   10.47000  0.00289      14.17772      1649663.14028
0.43271   10.48000  0.00289      14.17772      1640776.61058
0.43328   10.55000  0.00289      14.17772      1579242.90272
0.43384   10.49000  0.00289      14.17772      1631914.08089
0.43440   10.46000  0.00289      14.17772      1658573.66997
0.43497   10.49000  0.00289      14.17772      1631914.08089
0.43535   10.62000  0.00289      14.17772      1518885.19485
0.43592   10.50000  0.00289      14.17772      1623075.55119
0.43630   10.61000  0.00289      14.17772      1527435.72455
0.43687   10.47000  0.00289      14.17772      1649663.14028
0.43725   10.58000  0.00289      14.17772      1553231.31363
0.43783   10.55000  0.00289      14.17772      1579242.90272
0.43821   10.55000  0.00289      14.17772      1579242.90272
0.43879   10.65000  0.00289      14.17772      1493377.60577
0.43937   10.70000  0.00289      14.17772      1451344.95729
0.43995   10.62000  0.00289      14.17772      1518885.19485
0.44053   10.67000  0.00289      14.17772      1476492.54638
0.44092   10.72000  0.00289      14.17772      1434699.89790
0.44150   10.70000  0.00289      14.17772      1451344.95729
0.44209   10.72000  0.00289      14.17772      1434699.89790
0.44267   10.76000  0.00289      14.17772      1401697.77912
0.44326   10.74000  0.00289      14.17772      1418150.83851
0.44366   10.71000  0.00289      14.17772      1443010.42759
0.44425   10.75000  0.00289      14.17772      1409912.30881
0.44524   10.82000  0.00289      14.17772      1352914.60095
0.44603   10.84000  0.00289      14.17772      1336845.54156
0.44683   10.87000  0.00289      14.17772      1312921.95247
0.44763   10.76000  0.00289      14.17772      1401697.77912
0.44863   10.88000  0.00289      14.17772      1304995.42278
0.44924   10.98000  0.00289      14.17772      1227050.12583
0.45005   10.96000  0.00289      14.17772      1242447.18522
0.45086   10.99000  0.00289      14.17772      1219387.59613
0.45147   10.90000  0.00289      14.17772      1289214.36339
0.45208   10.95000  0.00289      14.17772      1250181.71491
0.45269   11.03000  0.00289      14.17772      1188977.47735
0.45331   10.92000  0.00289      14.17772      1273529.30400
0.45393   11.00000  0.00289      14.17772      1211749.06644
0.45434   10.99000  0.00289      14.17772      1219387.59613
0.45496   11.04000  0.00289      14.17772      1181434.94766
0.45558   11.02000  0.00289      14.17772      1196544.00705
0.45620   11.06000  0.00289      14.17772      1166421.88827
0.45704   11.06000  0.00289      14.17772      1166421.88827
0.45746   11.15000  0.00289      14.17772      1100051.12101
0.45788   11.10000  0.00289      14.17772      1136683.76949
0.45830   11.15000  0.00289      14.17772      1100051.12101
0.45872   11.14000  0.00289      14.17772      1107329.65071
0.45914   11.19000  0.00289      14.17772      1071177.00223
0.45977   11.30000  0.00289      14.17772      993753.17559 
0.46019   11.14000  0.00289      14.17772      1107329.65071
0.46062   11.11000  0.00289      14.17772      1129309.23979
0.46104   11.28000  0.00289      14.17772      1007614.23498
0.46147   11.26000  0.00289      14.17772      1021571.29437
0.46211   11.33000  0.00289      14.17772      973141.58650 
0.46275   11.33000  0.00289      14.17772      973141.58650 
0.46339   11.33000  0.00289      14.17772      973141.58650 
0.46425   11.42000  0.00289      14.17772      912602.81925 
0.46468   11.41000  0.00289      14.17772      919233.34894 
0.46490   11.35000  0.00289      14.17772      959520.52711 
0.46533   11.30000  0.00289      14.17772      993753.17559 
0.46598   11.27000  0.00289      14.17772      1014580.76467
0.46664   11.49000  0.00289      14.17772      866861.11138 
0.46729   11.43000  0.00289      14.17772      905996.28955 
0.46795   11.39000  0.00289      14.17772      932566.40833 
0.46860   11.35000  0.00289      14.17772      959520.52711 
0.46904   11.41000  0.00289      14.17772      919233.34894 
0.46948   11.54000  0.00289      14.17772      834908.46291 
0.46992   11.52000  0.00289      14.17772      847617.52230 
0.47037   11.53000  0.00289      14.17772      841250.99260 
0.47081   11.48000  0.00289      14.17772      873323.64108 
0.47125   11.47000  0.00289      14.17772      879810.17077 
0.47170   11.50000  0.00289      14.17772      860422.58169 
0.47237   11.59000  0.00289      14.17772      803555.81443 
0.47304   11.43000  0.00289      14.17772      905996.28955 
0.47326   11.51000  0.00289      14.17772      854008.05199 
0.47348   11.55000  0.00289      14.17772      828589.93321 
0.47371   11.47000  0.00289      14.17772      879810.17077 
0.47416   11.55000  0.00289      14.17772      828589.93321 
0.47461   11.65000  0.00289      14.17772      766724.63626 
0.47506   11.55000  0.00289      14.17772      828589.93321 
0.47551   11.63000  0.00289      14.17772      778905.69565 
0.47619   11.66000  0.00289      14.17772      760670.10657 
0.47664   11.56000  0.00289      14.17772      822295.40352 
0.47733   11.67000  0.00289      14.17772      754639.57687 
0.47778   11.74000  0.00289      14.17772      713097.86901 
0.47824   11.73000  0.00289      14.17772      718960.39870 
0.47893   11.77000  0.00289      14.17772      695654.27992 
0.47962   11.79000  0.00289      14.17772      684145.22053 
0.48054   11.85000  0.00289      14.17772      650194.04236 
0.48123   11.79000  0.00289      14.17772      684145.22053 
0.48216   11.79000  0.00289      14.17772      684145.22053 
0.48286   11.79000  0.00289      14.17772      684145.22053 
0.48333   11.79000  0.00289      14.17772      684145.22053 
0.48403   11.80000  0.00289      14.17772      678426.69084 
0.48450   11.85000  0.00289      14.17772      650194.04236 
0.48520   11.85000  0.00289      14.17772      650194.04236 
0.48567   11.82000  0.00289      14.17772      667061.63145 
0.48638   11.87000  0.00289      14.17772      639068.98297 
0.48685   11.80000  0.00289      14.17772      678426.69084 
0.48733   11.83000  0.00289      14.17772      661415.10175 
0.48780   11.88000  0.00289      14.17772      633542.45328 
0.48852   11.92000  0.00289      14.17772      611676.33450 
0.48900   12.04000  0.00289      14.17772      548381.97816 
0.48948   12.02000  0.00289      14.17772      558691.03755 
0.48996   11.93000  0.00289      14.17772      606269.80480 
0.49020   11.95000  0.00289      14.17772      595528.74541 
0.49068   11.89000  0.00289      14.17772      628039.92358 
0.49140   12.02000  0.00289      14.17772      558691.03755 
0.49188   11.96000  0.00289      14.17772      590194.21572 
0.49237   11.99000  0.00289      14.17772      574334.62663 
0.49285   12.17000  0.00289      14.17772      483713.09212 
0.49358   11.98000  0.00289      14.17772      579597.15633 
0.49407   12.05000  0.00289      14.17772      543263.44846 
0.49456   12.19000  0.00289      14.17772      474124.03273 
0.49554   12.21000  0.00289      14.17772      464630.97334 
0.49628   12.18000  0.00289      14.17772      478906.56243 
0.49727   12.13000  0.00289      14.17772      503179.21090 
0.49801   12.31000  0.00289      14.17772      418605.67639 
0.49875   12.27000  0.00289      14.17772      436727.79517 
0.49950   12.22000  0.00289      14.17772      459920.44365 
0.50025   12.29000  0.00289      14.17772      427618.73578 
0.50100   12.44000  0.00289      14.17772      362360.79036 
0.50150   12.41000  0.00289      14.17772      374980.37944 
0.50201   12.26000  0.00289      14.17772      441318.32487 
0.50251   12.23000  0.00289      14.17772      455233.91395 
0.50302   12.22000  0.00289      14.17772      459920.44365 
0.50352   12.40000  0.00289      14.17772      379234.90914 
0.50429   12.46000  0.00289      14.17772      354067.73097 
0.50531   12.29000  0.00289      14.17772      427618.73578 
0.50633   12.32000  0.00289      14.17772      414135.14670 
0.50684   12.32000  0.00289      14.17772      414135.14670 
0.50736   12.44000  0.00289      14.17772      362360.79036 
0.50839   12.52000  0.00289      14.17772      329764.55280 
0.50916   12.37000  0.00289      14.17772      392142.49822 
0.50942   12.61000  0.00289      14.17772      294929.78554 
0.50968   12.45000  0.00289      14.17772      358202.26066 
0.51020   12.41000  0.00289      14.17772      374980.37944 
0.51046   12.57000  0.00289      14.17772      310171.90432 
0.51073   12.64000  0.00289      14.17772      283750.19646 
0.51151   12.58000  0.00289      14.17772      306325.37463 
0.51230   12.58000  0.00289      14.17772      306325.37463 
0.51282   12.54000  0.00289      14.17772      321855.49341 
0.51361   12.57000  0.00289      14.17772      310171.90432 
0.51440   12.74000  0.00289      14.17772      248044.89951 
0.51520   12.69000  0.00289      14.17772      265597.54798 
0.51573   12.67000  0.00289      14.17772      272786.60737 
0.51653   12.65000  0.00289      14.17772      280071.66676 
0.51733   12.66000  0.00289      14.17772      276417.13707 
0.51813   12.80000  0.00289      14.17772      227773.72133 
0.51921   12.76000  0.00289      14.17772      241191.84012 
0.51975   12.74000  0.00289      14.17772      248044.89951 
0.52029   12.80000  0.00289      14.17772      227773.72133 
0.52138   12.78000  0.00289      14.17772      234434.78072 
0.52274   12.80000  0.00289      14.17772      227773.72133 
0.52356   12.92000  0.00289      14.17772      189823.36499 
0.52411   12.87000  0.00289      14.17772      205216.01347 
0.52466   12.90000  0.00289      14.17772      195908.42438 
0.52493   12.86000  0.00289      14.17772      208366.54316 
0.52549   12.82000  0.00289      14.17772      221208.66194 
0.52604   12.92000  0.00289      14.17772      189823.36499 
0.52632   12.88000  0.00289      14.17772      202089.48377 
0.52687   12.95000  0.00289      14.17772      180875.77591 
0.52743   13.07000  0.00289      14.17772      147245.41957 
0.52798   13.00000  0.00289      14.17772      166443.12743 
0.52854   12.97000  0.00289      14.17772      175030.71652 
0.52882   13.03000  0.00289      14.17772      158071.53835 
0.52910   13.11000  0.00289      14.17772      136803.30079 
0.52994   13.13000  0.00289      14.17772      131726.24140 
0.53079   13.02000  0.00289      14.17772      160838.06804 
0.53191   13.06000  0.00289      14.17772      149915.94926 
0.53248   13.15000  0.00289      14.17772      126745.18201 
0.53362   13.18000  0.00289      14.17772      119453.59292 
0.53476   13.18000  0.00289      14.17772      119453.59292 
0.53533   13.27000  0.00289      14.17772      98874.82567  
0.53591   13.29000  0.00289      14.17772      94565.76628  
0.53648   13.28000  0.00289      14.17772      96708.29597  
0.53763   13.32000  0.00289      14.17772      88282.17719  
0.53879   13.33000  0.00289      14.17772      86235.64750  
0.53937   13.32000  0.00289      14.17772      88282.17719  
0.54025   13.33000  0.00289      14.17772      86235.64750  
0.54113   13.41000  0.00289      14.17772      70727.40994  
0.54171   13.31000  0.00289      14.17772      90352.70689  
0.54230   13.23000  0.00289      14.17772      107780.94445 
0.54289   13.37000  0.00289      14.17772      78289.52872  
0.54318   13.42000  0.00289      14.17772      68896.88024  
0.54348   13.40000  0.00289      14.17772      72581.93963  
0.54407   13.40000  0.00289      14.17772      72581.93963  
0.54496   13.40000  0.00289      14.17772      72581.93963  
0.54555   13.54000  0.00289      14.17772      48802.52390  
0.54645   13.56000  0.00289      14.17772      45789.46451  
0.54705   13.45000  0.00289      14.17772      63549.29116  
0.54765   13.51000  0.00289      14.17772      53502.11299  
0.54825   13.60000  0.00289      14.17772      40051.34573  
0.54885   13.54000  0.00289      14.17772      48802.52390  
0.54975   13.63000  0.00289      14.17772      35999.75665  
0.55036   13.61000  0.00289      14.17772      38676.81604  
0.55127   13.61000  0.00289      14.17772      38676.81604  
0.55218   13.67000  0.00289      14.17772      30933.63787  
0.55279   13.67000  0.00289      14.17772      30933.63787  
0.55340   13.70000  0.00289      14.17772      27386.04878  
0.55432   13.72000  0.00289      14.17772      25140.98939  
0.55494   13.67000  0.00289      14.17772      30933.63787  
0.55556   13.78000  0.00289      14.17772      18981.81122  
0.55617   13.69000  0.00289      14.17772      28544.57848  
0.55679   13.78000  0.00289      14.17772      18981.81122  
0.55741   13.79000  0.00289      14.17772      18039.28153  
0.55772   13.70000  0.00289      14.17772      27386.04878  
0.55804   13.77000  0.00289      14.17772      19948.34092  
0.55835   13.82000  0.00289      14.17772      15355.69244  
0.55866   13.70000  0.00289      14.17772      27386.04878  
0.55928   13.74000  0.00289      14.17772      22991.93000  
0.55991   13.82000  0.00289      14.17772      15355.69244  
0.56054   13.89000  0.00289      14.17772      9933.98458   
0.56117   13.86000  0.00289      14.17772      12113.57366  
0.56180   13.80000  0.00289      14.17772      17120.75183  
0.56243   13.85000  0.00289      14.17772      12888.10336  
0.56275   13.90000  0.00289      14.17772      9255.45488   
0.56338   13.95000  0.00289      14.17772      6222.80641   
0.56402   14.05000  0.00289      14.17772      1957.50946   
0.56465   14.01000  0.00289      14.17772      3375.62824   
0.56561   14.03000  0.00289      14.17772      2618.56885   
0.56625   14.01000  0.00289      14.17772      3375.62824   
0.56721   13.98000  0.00289      14.17772      4691.21732   
0.56818   14.07000  0.00289      14.17772      1392.45007   
0.56915   14.09000  0.00289      14.17772      923.39068    
0.56980   14.09000  0.00289      14.17772      923.39068    
0.57045   14.10000  0.00289      14.17772      724.86098    
0.57110   14.19000  0.00289      14.17772      18.09373     
0.57176   14.08000  0.00289      14.17772      1145.92037   
0.57241   14.15000  0.00289      14.17772      92.21251     
0.57307   14.14000  0.00289      14.17772      170.74220    
0.57339   14.21000  0.00289      14.17772      125.03434    
0.57372   14.23000  0.00289      14.17772      327.97495    
0.57438   14.17000  0.00289      14.17772      7.15312      
0.57504   14.21000  0.00289      14.17772      125.03434    
0.57604   14.29000  0.00289      14.17772      1512.79678   
0.57670   14.22000  0.00289      14.17772      214.50464    
0.57703   14.32000  0.00289      14.17772      2429.20769   
0.57803   14.32000  0.00289      14.17772      2429.20769   
0.57870   14.33000  0.00289      14.17772      2782.67800   
0.57937   14.43000  0.00289      14.17772      7637.38105   
0.58005   14.41000  0.00289      14.17772      6474.44044   
0.58072   14.47000  0.00289      14.17772      10251.26227  
0.58140   14.52000  0.00289      14.17772      14058.61379  
0.58241   14.49000  0.00289      14.17772      11702.20288  
0.58309   14.58000  0.00289      14.17772      19419.43562  
0.58411   14.64000  0.00289      14.17772      25644.25745  
0.58480   14.63000  0.00289      14.17772      24546.78715  
0.58548   14.67000  0.00289      14.17772      29080.66837  
0.58582   14.68000  0.00289      14.17772      30274.13867  
0.58617   14.67000  0.00289      14.17772      29080.66837  
0.58685   14.73000  0.00289      14.17772      36601.49020  
0.58720   14.67000  0.00289      14.17772      29080.66837  
0.58789   14.74000  0.00289      14.17772      37938.96050  
0.58858   14.77000  0.00289      14.17772      42095.37142  
0.58893   14.74000  0.00289      14.17772      37938.96050  
0.58962   14.79000  0.00289      14.17772      44986.31203  
0.59032   14.79000  0.00289      14.17772      44986.31203  
0.59067   14.75000  0.00289      14.17772      39300.43081  
0.59102   14.84000  0.00289      14.17772      52633.66355  
0.59172   14.83000  0.00289      14.17772      51056.19325  
0.59277   14.88000  0.00289      14.17772      59183.54477  
0.59347   14.93000  0.00289      14.17772      67910.89629  
0.59418   14.92000  0.00289      14.17772      66117.42599  
0.59453   14.97000  0.00289      14.17772      75324.77751  
0.59488   15.01000  0.00289      14.17772      83122.65873  
0.59559   14.96000  0.00289      14.17772      73435.30721  
0.59595   15.07000  0.00289      14.17772      95539.48056  
0.59666   15.08000  0.00289      14.17772      97692.95087  
0.59737   15.12000  0.00289      14.17772      106546.83209 
0.59773   15.13000  0.00289      14.17772      108820.30239 
0.59844   15.14000  0.00289      14.17772      111117.77270 
0.59952   15.20000  0.00289      14.17772      125406.59453 
0.60024   15.24000  0.00289      14.17772      135412.47575 
0.60096   15.25000  0.00289      14.17772      137973.94605 
0.60168   15.29000  0.00289      14.17772      148459.82727 
0.60205   15.31000  0.00289      14.17772      153846.76788 
0.60314   15.35000  0.00289      14.17772      164908.64910 
0.60386   15.38000  0.00289      14.17772      173457.06002 
0.60496   15.39000  0.00289      14.17772      176354.53032 
0.60569   15.44000  0.00289      14.17772      191201.88185 
0.60680   15.50000  0.00289      14.17772      209810.70368 
0.60753   15.52000  0.00289      14.17772      216205.64429 
0.60790   15.54000  0.00289      14.17772      222696.58490 
0.60864   15.56000  0.00289      14.17772      229283.52551 
0.60976   15.58000  0.00289      14.17772      235966.46612 
0.61087   15.61000  0.00289      14.17772      246170.87703 
0.61162   15.66000  0.00289      14.17772      263658.22856 
0.61200   15.68000  0.00289      14.17772      270821.16917 
0.61275   15.68000  0.00289      14.17772      270821.16917 
0.61312   15.71000  0.00289      14.17772      281745.58008 
0.61387   15.73000  0.00289      14.17772      289148.52069 
0.61463   15.79000  0.00289      14.17772      311933.34252 
0.61576   15.80000  0.00289      14.17772      315814.81283 
0.61652   15.84000  0.00289      14.17772      331580.69405 
0.61728   15.86000  0.00289      14.17772      339607.63466 
0.61767   15.88000  0.00289      14.17772      347730.57527 
0.61767   15.90000  0.00289      14.17772      355949.51588 
0.61805   15.91000  0.00289      14.17772      360094.98618 
0.61881   15.92000  0.00289      14.17772      364264.45649 
0.61920   15.95000  0.00289      14.17772      376916.86740 
0.61996   15.96000  0.00289      14.17772      381182.33771 
0.62073   16.00000  0.00289      14.17772      398484.21893 
0.62150   15.99000  0.00289      14.17772      394122.74862 
0.62189   16.01000  0.00289      14.17772      402869.68923 
0.62228   16.02000  0.00289      14.17772      407279.15954 
0.62267   16.02000  0.00289      14.17772      407279.15954 
0.62305   16.02000  0.00289      14.17772      407279.15954 
0.62344   16.05000  0.00289      14.17772      420651.57045 
0.62422   16.04000  0.00289      14.17772      416170.10015 
0.62500   16.07000  0.00289      14.17772      429686.51106 
0.62539   16.07000  0.00289      14.17772      429686.51106 
0.62578   16.09000  0.00289      14.17772      438817.45167 
0.62617   16.09000  0.00289      14.17772      438817.45167 
0.62657   16.10000  0.00289      14.17772      443418.92198 
0.62696   16.11000  0.00289      14.17772      448044.39228 
0.62735   16.13000  0.00289      14.17772      457367.33289 
0.62735   16.13000  0.00289      14.17772      457367.33289 
0.62775   16.16000  0.00289      14.17772      471531.74381 
0.62854   16.17000  0.00289      14.17772      476301.21411 
0.62893   16.18000  0.00289      14.17772      481094.68442 
0.62972   16.21000  0.00289      14.17772      495619.09533 
0.63052   16.23000  0.00289      14.17772      505422.03594 
0.63131   16.26000  0.00289      14.17772      520306.44686 
0.63171   16.28000  0.00289      14.17772      530349.38747 
0.63251   16.29000  0.00289      14.17772      535406.85777 
0.63291   16.32000  0.00289      14.17772      550723.26869 
0.63371   16.34000  0.00289      14.17772      561054.20930 
0.63452   16.34000  0.00289      14.17772      561054.20930 
0.63532   16.38000  0.00289      14.17772      582004.09052 
0.63613   16.39000  0.00289      14.17772      587301.56082 
0.63694   16.43000  0.00289      14.17772      608731.44204 
0.63735   16.46000  0.00289      14.17772      625055.85296 
0.63776   16.43000  0.00289      14.17772      608731.44204 
0.63857   16.46000  0.00289      14.17772      625055.85296 
0.63939   16.48000  0.00289      14.17772      636058.79357 
0.64020   16.46000  0.00289      14.17772      625055.85296 
0.64103   16.49000  0.00289      14.17772      641596.26387 
0.64185   16.51000  0.00289      14.17772      652743.20448 
0.64267   16.55000  0.00289      14.17772      675325.08570 
0.64309   16.55000  0.00289      14.17772      675325.08570 
0.64350   16.54000  0.00289      14.17772      669643.61540 
0.64392   16.60000  0.00289      14.17772      704092.43723 
0.64475   16.57000  0.00289      14.17772      686760.02631 
0.64558   16.64000  0.00289      14.17772      727538.31845 
0.64641   16.63000  0.00289      14.17772      721640.84814 
0.64725   16.68000  0.00289      14.17772      751368.19967 
0.64809   16.68000  0.00289      14.17772      751368.19967 
0.64851   16.74000  0.00289      14.17772      787833.02150 
0.64893   16.70000  0.00289      14.17772      763427.14028 
0.64977   16.77000  0.00289      14.17772      806389.43241 
0.65020   16.76000  0.00289      14.17772      800179.96211 
0.65104   16.79000  0.00289      14.17772      818880.37302 
0.65232   16.83000  0.00289      14.17772      844150.25424 
0.65359   16.85000  0.00289      14.17772      856929.19485 
0.65402   16.91000  0.00289      14.17772      895842.01668 
0.65445   16.92000  0.00289      14.17772      902411.48698 
0.65488   16.90000  0.00289      14.17772      889296.54638 
0.65574   16.90000  0.00289      14.17772      889296.54638 
0.65617   16.95000  0.00289      14.17772      922263.89790 
0.65703   16.94000  0.00289      14.17772      915622.42759 
0.65746   16.95000  0.00289      14.17772      922263.89790 
0.65789   16.94000  0.00289      14.17772      915622.42759 
0.65833   16.95000  0.00289      14.17772      922263.89790 
0.65876   16.99000  0.00289      14.17772      949069.77912 
0.65920   17.01000  0.00289      14.17772      962616.71973 
0.66007   17.03000  0.00289      14.17772      976259.66034 
0.66094   17.06000  0.00289      14.17772      996904.07125 
0.66181   17.05000  0.00289      14.17772      989998.60095 
0.66313   17.08000  0.00289      14.17772      1010787.01186
0.66401   17.13000  0.00289      14.17772      1045914.36339
0.66489   17.16000  0.00289      14.17772      1067278.77430
0.66534   17.19000  0.00289      14.17772      1088859.18522
0.66667   17.21000  0.00289      14.17772      1103366.12583
0.66711   17.21000  0.00289      14.17772      1103366.12583
0.66800   17.26000  0.00289      14.17772      1140053.47735
0.66845   17.28000  0.00289      14.17772      1154896.41796
0.66890   17.28000  0.00289      14.17772      1154896.41796
0.66979   17.32000  0.00289      14.17772      1184870.29918
0.67024   17.34000  0.00289      14.17772      1200001.23979
0.67114   17.35000  0.00289      14.17772      1207602.71010
0.67159   17.38000  0.00289      14.17772      1230551.12101
0.67204   17.36000  0.00289      14.17772      1215228.18040
0.67249   17.41000  0.00289      14.17772      1253715.53193
0.67340   17.41000  0.00289      14.17772      1253715.53193
0.67385   17.40000  0.00289      14.17772      1245970.06162
0.67431   17.42000  0.00289      14.17772      1261485.00223
0.67522   17.45000  0.00289      14.17772      1284937.41315
0.67568   17.43000  0.00289      14.17772      1269278.47254
0.67659   17.46000  0.00289      14.17772      1292802.88345
0.67705   17.50000  0.00289      14.17772      1324504.76467
0.67797   17.51000  0.00289      14.17772      1332490.23498
0.67843   17.52000  0.00289      14.17772      1340499.70528
0.67935   17.56000  0.00289      14.17772      1372777.58650
0.67981   17.58000  0.00289      14.17772      1389060.52711
0.68027   17.59000  0.00289      14.17772      1397237.99742
0.68120   17.62000  0.00289      14.17772      1421914.40833
0.68166   17.63000  0.00289      14.17772      1430187.87864
0.68259   17.62000  0.00289      14.17772      1421914.40833
0.68306   17.66000  0.00289      14.17772      1455152.28955
0.68399   17.69000  0.00289      14.17772      1480332.70047
0.68446   17.69000  0.00289      14.17772      1480332.70047
0.68493   17.74000  0.00289      14.17772      1522780.05199
0.68587   17.75000  0.00289      14.17772      1531341.52230
0.68634   17.79000  0.00289      14.17772      1565827.40352
0.68729   17.81000  0.00289      14.17772      1583214.34413
0.68776   17.80000  0.00289      14.17772      1574508.87382
0.68823   17.84000  0.00289      14.17772      1609474.75504
0.68823   17.84000  0.00289      14.17772      1609474.75504
0.68871   17.83000  0.00289      14.17772      1600697.28474
0.68918   17.88000  0.00289      14.17772      1644824.63626
0.69013   17.91000  0.00289      14.17772      1671589.04718
0.69061   17.89000  0.00289      14.17772      1653722.10657
0.69156   17.89000  0.00289      14.17772      1653722.10657
0.69204   17.93000  0.00289      14.17772      1689551.98779
0.69300   17.93000  0.00289      14.17772      1689551.98779
0.69348   17.96000  0.00289      14.17772      1716676.39870
0.69396   17.94000  0.00289      14.17772      1698569.45809
0.69493   17.99000  0.00289      14.17772      1744016.80962
0.69541   18.00000  0.00289      14.17772      1753178.27992
0.69589   18.02000  0.00289      14.17772      1771573.22053
0.69638   18.04000  0.00289      14.17772      1790064.16114
0.69735   18.04000  0.00289      14.17772      1790064.16114
0.69784   18.08000  0.00289      14.17772      1827334.04236
0.69832   18.09000  0.00289      14.17772      1836711.51267
0.69930   18.10000  0.00289      14.17772      1846112.98297
0.69930   18.14000  0.00289      14.17772      1883958.86419
0.69979   18.15000  0.00289      14.17772      1893480.33450
0.70028   18.14000  0.00289      14.17772      1883958.86419
0.70126   18.18000  0.00289      14.17772      1922188.74541
0.70175   18.19000  0.00289      14.17772      1931806.21572
0.70225   18.21000  0.00289      14.17772      1951113.15633
0.70274   18.23000  0.00289      14.17772      1970516.09694
0.70373   18.26000  0.00289      14.17772      1999800.50785
0.70472   18.28000  0.00289      14.17772      2019443.44846
0.70522   18.31000  0.00289      14.17772      2049087.85938
0.70572   18.32000  0.00289      14.17772      2059017.32968
0.70621   18.33000  0.00289      14.17772      2068970.79999
0.70671   18.34000  0.00289      14.17772      2078948.27029
0.70771   18.34000  0.00289      14.17772      2078948.27029
0.70822   18.35000  0.00289      14.17772      2088949.74060
0.70872   18.36000  0.00289      14.17772      2098975.21090
0.70972   18.37000  0.00289      14.17772      2109024.68121
0.71023   18.41000  0.00289      14.17772      2149462.56243
0.71124   18.41000  0.00289      14.17772      2149462.56243
0.71174   18.44000  0.00289      14.17772      2180042.97334
0.71276   18.46000  0.00289      14.17772      2200549.91395
0.71327   18.46000  0.00289      14.17772      2200549.91395
0.71378   18.50000  0.00289      14.17772      2241851.79517
0.71480   18.52000  0.00289      14.17772      2262646.73578
0.71480   18.54000  0.00289      14.17772      2283537.67639
0.71531   18.57000  0.00289      14.17772      2315054.08731
0.71582   18.57000  0.00289      14.17772      2315054.08731
0.71633   18.59000  0.00289      14.17772      2336185.02792
0.71685   18.61000  0.00289      14.17772      2357411.96853
0.71736   18.62000  0.00289      14.17772      2368061.43883
0.71788   18.64000  0.00289      14.17772      2389432.37944
0.71839   18.67000  0.00289      14.17772      2421668.79036
0.71942   18.69000  0.00289      14.17772      2443279.73097
0.72046   18.74000  0.00289      14.17772      2497727.08249
0.72150   18.76000  0.00289      14.17772      2519674.02310
0.72202   18.77000  0.00289      14.17772      2530683.49341
0.72254   18.79000  0.00289      14.17772      2552774.43402
0.72359   18.80000  0.00289      14.17772      2563855.90432
0.72411   18.81000  0.00289      14.17772      2574961.37463
0.72464   18.86000  0.00289      14.17772      2630848.72615
0.72569   18.84000  0.00289      14.17772      2608421.78554
0.72622   18.86000  0.00289      14.17772      2630848.72615
0.72674   18.90000  0.00289      14.17772      2675990.60737
0.72727   18.90000  0.00289      14.17772      2675990.60737
0.72833   18.93000  0.00289      14.17772      2710099.01829
0.72886   18.94000  0.00289      14.17772      2721516.48859
0.72993   18.96000  0.00289      14.17772      2744423.42920
0.73099   18.98000  0.00289      14.17772      2767426.36981
0.73153   18.99000  0.00289      14.17772      2778963.84012
0.73206   19.02000  0.00289      14.17772      2813720.25103
0.73260   19.04000  0.00289      14.17772      2837011.19164
0.73314   19.06000  0.00289      14.17772      2860398.13225
0.73314   19.09000  0.00289      14.17772      2895658.54316
0.73368   19.07000  0.00289      14.17772      2872127.60255
0.73421   19.08000  0.00289      14.17772      2883881.07286
0.73475   19.14000  0.00289      14.17772      2954905.89469
0.73584   19.15000  0.00289      14.17772      2966827.36499
0.73638   19.16000  0.00289      14.17772      2978772.83530
0.73746   19.21000  0.00289      14.17772      3038860.18682
0.73855   19.24000  0.00289      14.17772      3075200.59774
0.73964   19.27000  0.00289      14.17772      3111757.00865
0.74019   19.30000  0.00289      14.17772      3148529.41957
0.74074   19.30000  0.00289      14.17772      3148529.41957
0.74184   19.32000  0.00289      14.17772      3173164.36018
0.74294   19.33000  0.00289      14.17772      3185517.83048
0.74349   19.35000  0.00289      14.17772      3210296.77109
0.74460   19.37000  0.00289      14.17772      3235171.71170
0.74571   19.38000  0.00289      14.17772      3247645.18201
0.74627   19.41000  0.00289      14.17772      3285209.59292
0.74683   19.43000  0.00289      14.17772      3310372.53353
0.74738   19.43000  0.00289      14.17772      3310372.53353
0.74738   19.47000  0.00289      14.17772      3360986.41475
0.74850   19.50000  0.00289      14.17772      3399198.82567
0.74906   19.52000  0.00289      14.17772      3424793.76628
0.74963   19.56000  0.00289      14.17772      3476271.64750
0.75075   19.58000  0.00289      14.17772      3502154.58811
0.75075   19.59000  0.00289      14.17772      3515132.05841
0.75188   19.62000  0.00289      14.17772      3554208.46933
0.75245   19.65000  0.00289      14.17772      3593500.88024
0.75358   19.66000  0.00289      14.17772      3606646.35055
0.75415   19.66000  0.00289      14.17772      3606646.35055
0.75472   19.71000  0.00289      14.17772      3672733.70207
0.75586   19.74000  0.00289      14.17772      3712674.11299
0.75643   19.74000  0.00289      14.17772      3712674.11299
0.75700   19.77000  0.00289      14.17772      3752830.52390
0.75758   19.80000  0.00289      14.17772      3793202.93482
0.75815   19.79000  0.00289      14.17772      3779721.46451
0.75873   19.81000  0.00289      14.17772      3806708.40512
0.75930   19.82000  0.00289      14.17772      3820237.87543
0.75988   19.83000  0.00289      14.17772      3833791.34573
0.76104   19.84000  0.00289      14.17772      3847368.81604
0.76161   19.86000  0.00289      14.17772      3874595.75665
0.76220   19.89000  0.00289      14.17772      3915616.16756
0.76278   19.89000  0.00289      14.17772      3915616.16756
0.76336   19.91000  0.00289      14.17772      3943083.10817
0.76394   19.93000  0.00289      14.17772      3970646.04878
0.76453   19.95000  0.00289      14.17772      3998304.98939
0.76570   19.97000  0.00289      14.17772      4026059.93000

Gradi di liberta = 621
Chi-quadro = 792146131.6083469
p-value = 0.0

Media pesata = 14.177720706260033 +/- 0.00011565525051480625

