****************************************************************************************************
SERIE 35
****************************************************************************************************

Test ipotesi linearità_____________________________________
Covarianza = 0.36568
Indice Pearson = 0.99995 +/- 0.00038
Gradi di Liberta' = 737
	t = 2624.671426038679
	p-value (due code) = 0.0

Parametri___________________________________________________
y = a + bx
a = -1.24014 +/- 0.00616
b = 28.89574 +/- 0.01169

Test bontà fit _____________________________________________
x         y         sy           y*            Chi-quadro   
0.73421   19.99000  0.00289      19.97552      25.15052     
0.73368   19.98000  0.00289      19.95996      48.20452     
0.73368   19.97000  0.00289      19.95996      12.10237     
0.73314   19.96000  0.00289      19.94441      29.14767     
0.73260   19.95000  0.00289      19.92890      53.45044     
0.73206   19.93000  0.00289      19.91340      33.07550     
0.73153   19.94000  0.00289      19.89792      212.45193    
0.73153   19.91000  0.00289      19.89792      17.50105     
0.73099   19.91000  0.00289      19.88247      90.93697     
0.73046   19.92000  0.00289      19.86704      336.54017    
0.72993   19.90000  0.00289      19.85164      280.69207    
0.72993   19.89000  0.00289      19.85164      176.61787    
0.72939   19.86000  0.00289      19.83625      67.67883     
0.72886   19.86000  0.00289      19.82089      183.55371    
0.72886   19.87000  0.00289      19.82089      289.41839    
0.72833   19.85000  0.00289      19.80555      237.09321    
0.72780   19.84000  0.00289      19.79023      297.20824    
0.72674   19.82000  0.00289      19.75967      436.82614    
0.72569   19.78000  0.00289      19.72919      309.83406    
0.72516   19.77000  0.00289      19.71398      376.57652    
0.72516   19.76000  0.00289      19.71398      254.13072    
0.72464   19.75000  0.00289      19.69880      314.61251    
0.72411   19.72000  0.00289      19.68363      158.69299    
0.72359   19.72000  0.00289      19.66849      318.33929    
0.72307   19.69000  0.00289      19.65338      160.95744    
0.72254   19.68000  0.00289      19.63828      208.87102    
0.72202   19.66000  0.00289      19.62320      162.46530    
0.72150   19.64000  0.00289      19.60815      121.71538    
0.72098   19.63000  0.00289      19.59312      163.20915    
0.72098   19.62000  0.00289      19.59312      86.69904     
0.72046   19.61000  0.00289      19.57811      122.02722    
0.72046   19.60000  0.00289      19.57811      57.49418     
0.71994   19.58000  0.00289      19.56312      34.17881     
0.71942   19.56000  0.00289      19.54816      16.83106     
0.71891   19.55000  0.00289      19.53321      33.82024     
0.71839   19.54000  0.00289      19.51829      56.56587     
0.71839   19.52000  0.00289      19.51829      0.35144      
0.71788   19.49000  0.00289      19.50339      21.50444     
0.71788   19.49000  0.00289      19.50339      21.50444     
0.71736   19.48000  0.00289      19.48851      8.68248      
0.71685   19.47000  0.00289      19.47365      1.59596      
0.71633   19.46000  0.00289      19.45881      0.17024      
0.71582   19.46000  0.00289      19.44399      30.74998     
0.71582   19.45000  0.00289      19.44399      4.33125      
0.71531   19.45000  0.00289      19.42920      51.93340     
0.71480   19.44000  0.00289      19.41442      78.50620     
0.71480   19.43000  0.00289      19.41442      29.11974     
0.71429   19.42000  0.00289      19.39967      49.60172     
0.71378   19.41000  0.00289      19.38494      75.37941     
0.71327   19.40000  0.00289      19.37023      106.38135    
0.71327   19.40000  0.00289      19.37023      106.38135    
0.71276   19.39000  0.00289      19.35554      142.53665    
0.71276   19.38000  0.00289      19.35554      71.82172     
0.71225   19.37000  0.00289      19.34087      101.85368    
0.71174   19.37000  0.00289      19.32622      230.02620    
0.71124   19.36000  0.00289      19.31159      281.22121    
0.71073   19.34000  0.00289      19.29698      222.05125    
0.71023   19.32000  0.00289      19.28240      169.67483    
0.70972   19.31000  0.00289      19.26783      213.37624    
0.70922   19.29000  0.00289      19.25329      161.73785    
0.70922   19.28000  0.00289      19.25329      85.62760     
0.70872   19.26000  0.00289      19.23876      54.11945     
0.70822   19.26000  0.00289      19.22426      153.28282    
0.70771   19.25000  0.00289      19.20978      194.14750    
0.70721   19.23000  0.00289      19.19531      144.37038    
0.70671   19.21000  0.00289      19.18087      101.80975    
0.70621   19.20000  0.00289      19.16645      135.06569    
0.70572   19.17000  0.00289      19.15205      38.66622     
0.70522   19.16000  0.00289      19.13767      59.84297     
0.70472   19.14000  0.00289      19.12331      33.43508     
0.70423   19.12000  0.00289      19.10897      14.60604     
0.70373   19.11000  0.00289      19.09465      28.28509     
0.70323   19.09000  0.00289      19.08035      11.18154     
0.70274   19.08000  0.00289      19.06607      23.29538     
0.70274   19.07000  0.00289      19.06607      1.85621      
0.70225   19.05000  0.00289      19.05181      0.39184      
0.70126   19.03000  0.00289      19.02335      5.31137      
0.70028   19.00000  0.00289      18.99497      3.03993      
0.69979   18.99000  0.00289      18.98081      10.14245     
0.69930   18.98000  0.00289      18.96667      21.33554     
0.69881   18.97000  0.00289      18.95255      36.56033     
0.69832   18.96000  0.00289      18.93844      55.75842     
0.69784   18.95000  0.00289      18.92436      78.87181     
0.69686   18.93000  0.00289      18.89626      136.61481    
0.69686   18.93000  0.00289      18.89626      136.61481    
0.69638   18.92000  0.00289      18.88224      171.13064    
0.69589   18.91000  0.00289      18.86823      209.33424    
0.69541   18.90000  0.00289      18.85425      251.16980    
0.69493   18.88000  0.00289      18.84029      189.26752    
0.69444   18.86000  0.00289      18.82634      135.95212    
0.69396   18.85000  0.00289      18.81242      169.51116    
0.69348   18.83000  0.00289      18.79851      118.99859    
0.69300   18.82000  0.00289      18.78462      150.18685    
0.69252   18.80000  0.00289      18.77076      102.63184    
0.69204   18.79000  0.00289      18.75691      131.41992    
0.69156   18.78000  0.00289      18.74308      163.59262    
0.69061   18.75000  0.00289      18.71548      143.02586    
0.69013   18.74000  0.00289      18.70170      175.98673    
0.68966   18.71000  0.00289      18.68795      58.33710     
0.68918   18.69000  0.00289      18.67422      29.89116     
0.68871   18.68000  0.00289      18.66050      45.61973     
0.68823   18.65000  0.00289      18.64681      1.22424      
0.68776   18.63000  0.00289      18.63313      1.17453      
0.68681   18.62000  0.00289      18.60583      24.09436     
0.68634   18.60000  0.00289      18.59221      7.28402      
0.68587   18.58000  0.00289      18.57861      0.23301      
0.68540   18.56000  0.00289      18.56502      3.02735      
0.68493   18.54000  0.00289      18.55146      15.75308     
0.68446   18.54000  0.00289      18.53791      0.52370      
0.68399   18.53000  0.00289      18.52438      3.78627      
0.68399   18.51000  0.00289      18.52438      24.82401     
0.68353   18.50000  0.00289      18.51087      14.18738     
0.68306   18.49000  0.00289      18.49738      6.53953      
0.68259   18.49000  0.00289      18.48391      4.45140      
0.68213   18.48000  0.00289      18.47046      10.93262     
0.68166   18.47000  0.00289      18.45702      20.22043     
0.68120   18.47000  0.00289      18.44360      83.62621     
0.68120   18.46000  0.00289      18.44360      32.26961     
0.68074   18.45000  0.00289      18.43020      47.03529     
0.68027   18.44000  0.00289      18.41682      64.47296     
0.67981   18.42000  0.00289      18.40346      32.83725     
0.67935   18.41000  0.00289      18.39011      47.45922     
0.67889   18.41000  0.00289      18.37679      132.37828    
0.67843   18.39000  0.00289      18.36348      84.41236     
0.67751   18.37000  0.00289      18.33691      131.35841    
0.67705   18.35000  0.00289      18.32366      83.25646     
0.67659   18.34000  0.00289      18.31042      104.97466    
0.67613   18.32000  0.00289      18.29720      62.35675     
0.67568   18.31000  0.00289      18.28400      81.09825     
0.67522   18.30000  0.00289      18.27082      102.17388    
0.67476   18.29000  0.00289      18.25766      125.54304    
0.67431   18.27000  0.00289      18.24451      77.98368     
0.67385   18.26000  0.00289      18.23138      98.30798     
0.67340   18.24000  0.00289      18.21827      56.68602     
0.67340   18.23000  0.00289      18.21827      16.52349     
0.67295   18.22000  0.00289      18.20517      26.38746     
0.67249   18.20000  0.00289      18.19209      7.50010      
0.67204   18.19000  0.00289      18.17903      14.42788     
0.67159   18.18000  0.00289      18.16599      23.54288     
0.67114   18.17000  0.00289      18.15297      34.80684     
0.67114   18.15000  0.00289      18.15297      1.05775      
0.67069   18.14000  0.00289      18.13996      0.00017      
0.67024   18.13000  0.00289      18.12697      1.09967      
0.66979   18.11000  0.00289      18.11400      1.92083      
0.66934   18.08000  0.00289      18.10105      53.15352     
0.66890   18.08000  0.00289      18.08811      7.89077      
0.66845   18.07000  0.00289      18.07519      3.23118      
0.66800   18.05000  0.00289      18.06229      18.11462     
0.66756   18.05000  0.00289      18.04940      0.04307      
0.66711   18.04000  0.00289      18.03653      1.44271      
0.66667   18.03000  0.00289      18.02368      4.79078      
0.66622   18.03000  0.00289      18.01085      44.01807     
0.66622   18.02000  0.00289      18.01085      10.05213     
0.66578   18.01000  0.00289      17.99803      17.19192     
0.66534   18.00000  0.00289      17.98523      26.17561     
0.66489   17.99000  0.00289      17.97245      36.96896     
0.66445   17.99000  0.00289      17.95968      110.30100    
0.66401   17.97000  0.00289      17.94693      63.84920     
0.66357   17.96000  0.00289      17.93420      79.86910     
0.66269   17.95000  0.00289      17.90879      203.81216    
0.66225   17.93000  0.00289      17.89611      137.85217    
0.66181   17.92000  0.00289      17.88344      160.37943    
0.66138   17.91000  0.00289      17.87079      184.45308    
0.66094   17.89000  0.00289      17.85816      121.63239    
0.66050   17.87000  0.00289      17.84555      71.74573     
0.65963   17.86000  0.00289      17.82037      188.47032    
0.65920   17.84000  0.00289      17.80780      124.38394    
0.65876   17.83000  0.00289      17.79526      144.85151    
0.65833   17.81000  0.00289      17.78273      89.26989     
0.65789   17.79000  0.00289      17.77021      46.99665     
0.65746   17.78000  0.00289      17.75771      59.61302     
0.65703   17.75000  0.00289      17.74523      2.73106      
0.65617   17.74000  0.00289      17.72031      46.50372     
0.65574   17.72000  0.00289      17.70788      17.62411     
0.65531   17.70000  0.00289      17.69546      2.46869      
0.65445   17.68000  0.00289      17.67068      10.42464     
0.65359   17.66000  0.00289      17.64596      23.65643     
0.65317   17.64000  0.00289      17.63362      4.87893      
0.65274   17.63000  0.00289      17.62130      9.07452      
0.65274   17.61000  0.00289      17.62130      15.33356     
0.65232   17.60000  0.00289      17.60900      9.72075      
0.65147   17.59000  0.00289      17.58444      3.70803      
0.65104   17.57000  0.00289      17.57219      0.57323      
0.65062   17.56000  0.00289      17.55995      0.00035      
0.65020   17.55000  0.00289      17.54772      0.62258      
0.64935   17.54000  0.00289      17.52332      33.37700     
0.64893   17.54000  0.00289      17.51115      99.90461     
0.64851   17.52000  0.00289      17.49899      52.99114     
0.64809   17.51000  0.00289      17.48684      64.35915     
0.64725   17.50000  0.00289      17.46260      167.85812    
0.64683   17.48000  0.00289      17.45050      104.41779    
0.64641   17.48000  0.00289      17.43842      207.46898    
0.64599   17.46000  0.00289      17.42635      135.84960    
0.64516   17.44000  0.00289      17.40227      170.84627    
0.64475   17.43000  0.00289      17.39025      189.62474    
0.64392   17.40000  0.00289      17.36626      136.64365    
0.64350   17.39000  0.00289      17.35428      153.09148    
0.64350   17.38000  0.00289      17.35428      79.36872     
0.64309   17.36000  0.00289      17.34232      37.49141     
0.64267   17.36000  0.00289      17.33038      105.26786    
0.64226   17.35000  0.00289      17.31845      119.41215    
0.64185   17.34000  0.00289      17.30654      134.32478    
0.64144   17.33000  0.00289      17.29465      149.98493    
0.64144   17.31000  0.00289      17.29465      28.28783     
0.64103   17.30000  0.00289      17.28277      35.64476     
0.64061   17.29000  0.00289      17.27090      43.78129     
0.63980   17.27000  0.00289      17.24721      62.31213     
0.63939   17.26000  0.00289      17.23539      72.66648     
0.63898   17.24000  0.00289      17.22359      32.32821     
0.63898   17.23000  0.00289      17.22359      4.93590      
0.63857   17.22000  0.00289      17.21180      8.07636      
0.63816   17.20000  0.00289      17.20002      0.00005      
0.63776   17.19000  0.00289      17.18826      0.36309      
0.63694   17.17000  0.00289      17.16478      3.26374      
0.63694   17.15000  0.00289      17.16478      26.23101     
0.63654   17.15000  0.00289      17.15307      1.13057      
0.63654   17.14000  0.00289      17.15307      20.49719     
0.63613   17.13000  0.00289      17.14137      15.51025     
0.63532   17.12000  0.00289      17.11801      0.47403      
0.63492   17.10000  0.00289      17.10636      4.84862      
0.63452   17.10000  0.00289      17.09472      3.35134      
0.63412   17.09000  0.00289      17.08309      5.73158      
0.63331   17.08000  0.00289      17.05988      48.57651     
0.63331   17.08000  0.00289      17.05988      48.57651     
0.63291   17.07000  0.00289      17.04830      56.51743     
0.63251   17.06000  0.00289      17.03673      64.97738     
0.63211   17.05000  0.00289      17.02518      73.93997     
0.63171   17.04000  0.00289      17.01364      83.38905     
0.63131   17.04000  0.00289      17.00212      172.23256    
0.63091   17.03000  0.00289      16.99061      186.22917    
0.63052   17.02000  0.00289      16.97911      200.63006    
0.63012   17.01000  0.00289      16.96763      215.41988    
0.62972   17.00000  0.00289      16.95616      230.58348    
0.62933   16.98000  0.00289      16.94471      149.41789    
0.62893   16.97000  0.00289      16.93328      161.83550    
0.62854   16.95000  0.00289      16.92185      95.06589     
0.62814   16.94000  0.00289      16.91045      104.81705    
0.62775   16.93000  0.00289      16.89905      114.93778    
0.62735   16.91000  0.00289      16.88767      59.82611     
0.62657   16.90000  0.00289      16.86496      147.37669    
0.62617   16.89000  0.00289      16.85362      158.83589    
0.62578   16.87000  0.00289      16.84230      92.10481     
0.62500   16.85000  0.00289      16.81969      110.22581    
0.62461   16.83000  0.00289      16.80841      55.92455     
0.62383   16.81000  0.00289      16.78589      69.73413     
0.62344   16.79000  0.00289      16.77466      28.25467     
0.62267   16.77000  0.00289      16.75222      37.93085     
0.62228   16.75000  0.00289      16.74102      9.66645      
0.62189   16.74000  0.00289      16.72984      12.38096     
0.62150   16.73000  0.00289      16.71867      15.39316     
0.62112   16.71000  0.00289      16.70752      0.73832      
0.62073   16.69000  0.00289      16.69638      4.88276      
0.62035   16.68000  0.00289      16.68525      3.30998      
0.61996   16.68000  0.00289      16.67414      4.12231      
0.61958   16.66000  0.00289      16.66304      1.10869      
0.61920   16.65000  0.00289      16.65195      0.45818      
0.61881   16.64000  0.00289      16.64088      0.09339      
0.61843   16.63000  0.00289      16.62982      0.00372      
0.61767   16.62000  0.00289      16.60775      18.01128     
0.61728   16.61000  0.00289      16.59673      21.12639     
0.61652   16.61000  0.00289      16.57474      149.21061    
0.61652   16.60000  0.00289      16.57474      76.58136     
0.61614   16.59000  0.00289      16.56376      82.61632     
0.61576   16.58000  0.00289      16.55280      88.79187     
0.61538   16.58000  0.00289      16.54185      174.66167    
0.61501   16.57000  0.00289      16.53091      183.33741    
0.61501   16.57000  0.00289      16.53091      183.33741    
0.61463   16.55000  0.00289      16.51999      108.07075    
0.61387   16.54000  0.00289      16.49819      209.81707    
0.61350   16.52000  0.00289      16.48730      128.29273    
0.61312   16.51000  0.00289      16.47643      135.20321    
0.61237   16.49000  0.00289      16.45474      149.22977    
0.61200   16.48000  0.00289      16.44391      156.33001    
0.61162   16.46000  0.00289      16.43309      86.89495     
0.61087   16.45000  0.00289      16.41150      177.88650    
0.61050   16.44000  0.00289      16.40072      185.13252    
0.61013   16.43000  0.00289      16.38996      192.39680    
0.61013   16.42000  0.00289      16.38996      108.29765    
0.60976   16.41000  0.00289      16.37921      113.77305    
0.60901   16.39000  0.00289      16.35775      124.82467    
0.60790   16.35000  0.00289      16.32565      71.12521     
0.60716   16.32000  0.00289      16.30432      29.48955     
0.60643   16.31000  0.00289      16.28304      87.19003     
0.60606   16.29000  0.00289      16.27242      37.06706     
0.60569   16.27000  0.00289      16.26182      8.03455      
0.60496   16.26000  0.00289      16.24064      44.97053     
0.60459   16.24000  0.00289      16.23007      11.82632     
0.60423   16.23000  0.00289      16.21952      13.18818     
0.60386   16.21000  0.00289      16.20897      0.12648      
0.60314   16.18000  0.00289      16.18792      7.53657      
0.60241   16.17000  0.00289      16.16693      1.13300      
0.60168   16.16000  0.00289      16.14598      23.58680     
0.60132   16.15000  0.00289      16.13553      25.14148     
0.60060   16.15000  0.00289      16.11465      149.92260    
0.60024   16.13000  0.00289      16.10424      79.64948     
0.59952   16.12000  0.00289      16.08344      160.39499    
0.59916   16.12000  0.00289      16.07306      264.39799    
0.59880   16.11000  0.00289      16.06269      268.55073    
0.59844   16.10000  0.00289      16.05234      272.59386    
0.59809   16.09000  0.00289      16.04200      276.52449    
0.59737   16.08000  0.00289      16.02135      412.80093    
0.59701   16.07000  0.00289      16.01104      417.11061    
0.59630   16.04000  0.00289      15.99047      294.39619    
0.59595   16.03000  0.00289      15.98020      297.59710    
0.59559   16.03000  0.00289      15.96994      432.80196    
0.59524   16.01000  0.00289      15.95970      303.60798    
0.59488   16.00000  0.00289      15.94947      306.41406    
0.59453   15.98000  0.00289      15.93925      199.28142    
0.59382   15.96000  0.00289      15.91885      203.24317    
0.59382   15.95000  0.00289      15.91885      116.47236    
0.59347   15.94000  0.00289      15.90866      117.84752    
0.59312   15.93000  0.00289      15.89849      119.13938    
0.59277   15.91000  0.00289      15.88833      56.34242     
0.59242   15.89000  0.00289      15.87818      16.75305     
0.59172   15.88000  0.00289      15.85793      58.47133     
0.59137   15.87000  0.00289      15.84781      59.06202     
0.59102   15.84000  0.00289      15.83772      0.62626      
0.59032   15.83000  0.00289      15.81755      18.59205     
0.58997   15.80000  0.00289      15.80749      6.73062      
0.58928   15.78000  0.00289      15.78740      6.56717      
0.58858   15.75000  0.00289      15.76735      36.13743     
0.58754   15.71000  0.00289      15.73738      89.93065     
0.58720   15.68000  0.00289      15.72741      269.68392    
0.58685   15.67000  0.00289      15.71745      270.16788    
0.58617   15.66000  0.00289      15.69757      169.37125    
0.58548   15.64000  0.00289      15.67774      170.87686    
0.58480   15.63000  0.00289      15.65795      93.73480     
0.58411   15.61000  0.00289      15.63821      95.48174     
0.58343   15.61000  0.00289      15.61851      8.69680      
0.58309   15.60000  0.00289      15.60868      9.04736      
0.58241   15.60000  0.00289      15.58906      14.36960     
0.58207   15.59000  0.00289      15.57926      13.83834     
0.58173   15.58000  0.00289      15.56948      13.28829     
0.58106   15.57000  0.00289      15.54994      48.27792     
0.58072   15.56000  0.00289      15.54019      47.08357     
0.58038   15.56000  0.00289      15.53045      104.76430    
0.57971   15.55000  0.00289      15.51101      182.43905    
0.57870   15.50000  0.00289      15.48193      39.19692     
0.57803   15.48000  0.00289      15.46259      36.35244     
0.57770   15.45000  0.00289      15.45295      1.04128      
0.57703   15.43000  0.00289      15.43368      1.62577      
0.57670   15.41000  0.00289      15.42406      23.73874     
0.57637   15.39000  0.00289      15.41446      71.79629     
0.57571   15.38000  0.00289      15.39528      28.03184     
0.57537   15.36000  0.00289      15.38571      79.33495     
0.57471   15.33000  0.00289      15.36660      160.76620    
0.57438   15.31000  0.00289      15.35706      265.79719    
0.57372   15.28000  0.00289      15.33802      403.94624    
0.57307   15.24000  0.00289      15.31902      749.26821    
0.57241   15.24000  0.00289      15.30006      432.88041    
0.57176   15.23000  0.00289      15.28115      313.92444    
0.57110   15.21000  0.00289      15.26228      327.94011    
0.57045   15.18000  0.00289      15.24345      483.09131    
0.56948   15.17000  0.00289      15.21529      246.11871    
0.56883   15.15000  0.00289      15.19657      260.22073    
0.56850   15.14000  0.00289      15.18722      267.59995    
0.56786   15.13000  0.00289      15.16857      178.48045    
0.56689   15.12000  0.00289      15.14066      51.22047     
0.56625   15.08000  0.00289      15.12211      212.77746    
0.56561   15.08000  0.00289      15.10360      66.83179     
0.56497   15.08000  0.00289      15.08513      3.16036      
0.56433   15.05000  0.00289      15.06671      33.49114     
0.56370   15.05000  0.00289      15.04832      0.33796      
0.56338   15.05000  0.00289      15.03915      14.13920     
0.56275   15.01000  0.00289      15.02082      14.05644     
0.56211   15.01000  0.00289      15.00254      6.67468      
0.56180   14.99000  0.00289      14.99342      1.40099      
0.56148   14.96000  0.00289      14.98430      70.87048     
0.56085   14.94000  0.00289      14.96610      81.76375     
0.56022   14.89000  0.00289      14.94794      402.91061    
0.55991   14.89000  0.00289      14.93888      286.72017    
0.55928   14.87000  0.00289      14.92078      309.47541    
0.55897   14.83000  0.00289      14.91175      801.96713    
0.55835   14.82000  0.00289      14.89371      652.03716    
0.55772   14.80000  0.00289      14.87572      687.96323    
0.55710   14.76000  0.00289      14.85776      1146.85065   
0.55648   14.76000  0.00289      14.83984      765.00663    
0.55586   14.71000  0.00289      14.82197      1504.40272   
0.55494   14.70000  0.00289      14.79523      1088.17915   
0.55432   14.70000  0.00289      14.77745      719.80751    
0.55371   14.65000  0.00289      14.75971      1444.38341   
0.55279   14.65000  0.00289      14.73318      830.21674    
0.55218   14.63000  0.00289      14.71554      877.98991    
0.55157   14.62000  0.00289      14.69794      728.87515    
0.55096   14.62000  0.00289      14.68037      437.38775    
0.55036   14.60000  0.00289      14.66285      474.00008    
0.54975   14.60000  0.00289      14.64536      246.94282    
0.54915   14.60000  0.00289      14.62792      93.52033     
0.54855   14.56000  0.00289      14.61051      306.12525    
0.54795   14.57000  0.00289      14.59314      64.24005     
0.54735   14.54000  0.00289      14.57580      153.83749    
0.54675   14.51000  0.00289      14.55851      282.38751    
0.54615   14.50000  0.00289      14.54125      204.21954    
0.54555   14.47000  0.00289      14.52403      350.36124    
0.54466   14.45000  0.00289      14.49828      279.66374    
0.54407   14.46000  0.00289      14.48115      53.67861     
0.54377   14.42000  0.00289      14.47260      332.02579    
0.54348   14.41000  0.00289      14.46406      350.71905    
0.54318   14.41000  0.00289      14.45553      248.77259    
0.54259   14.37000  0.00289      14.43850      563.04725    
0.54201   14.36000  0.00289      14.42150      453.91130    
0.54142   14.33000  0.00289      14.40454      666.81314    
0.54083   14.31000  0.00289      14.38762      723.01100    
0.54025   14.31000  0.00289      14.37074      442.65917    
0.53967   14.26000  0.00289      14.35389      1057.75888   
0.53908   14.25000  0.00289      14.33707      909.81399    
0.53879   14.26000  0.00289      14.32868      566.04197    
0.53792   14.21000  0.00289      14.30356      1050.32755   
0.53706   14.19000  0.00289      14.27851      940.13486    
0.53619   14.16000  0.00289      14.25355      1050.18069   
0.53533   14.15000  0.00289      14.22867      742.61354    
0.53476   14.14000  0.00289      14.21212      624.19852    
0.53419   14.12000  0.00289      14.19561      686.09114    
0.53362   14.12000  0.00289      14.17914      419.70574    
0.53305   14.11000  0.00289      14.16270      333.29505    
0.53220   14.08000  0.00289      14.13811      405.20584    
0.53163   14.09000  0.00289      14.12176      121.03125    
0.53107   14.05000  0.00289      14.10544      368.85721    
0.53079   14.05000  0.00289      14.09730      268.43776    
0.53079   14.05000  0.00289      14.09730      268.43776    
0.53050   14.02000  0.00289      14.08916      573.97539    
0.53050   14.03000  0.00289      14.08916      419.99100    
0.53050   14.04000  0.00289      14.08916      290.00661    
0.52910   13.99000  0.00289      14.04861      412.16591    
0.52770   13.98000  0.00289      14.00827      95.88103     
0.52715   13.95000  0.00289      13.99219      213.60355    
0.52659   13.93000  0.00289      13.97615      255.55564    
0.52604   13.91000  0.00289      13.96014      301.67265    
0.52521   13.88000  0.00289      13.93619      378.86671    
0.52438   13.86000  0.00289      13.91231      328.41679    
0.52329   13.83000  0.00289      13.88060      307.22140    
0.52274   13.79000  0.00289      13.86479      671.22165    
0.52219   13.78000  0.00289      13.84901      571.55865    
0.52110   13.75000  0.00289      13.81756      547.75943    
0.52002   13.72000  0.00289      13.78624      526.54441    
0.51948   13.71000  0.00289      13.77063      441.10758    
0.51867   13.69000  0.00289      13.74727      393.61204    
0.51813   13.68000  0.00289      13.73174      321.25770    
0.51760   13.67000  0.00289      13.71624      256.60218    
0.51680   13.63000  0.00289      13.69305      477.09861    
0.51573   13.64000  0.00289      13.66225      59.39757     
0.51520   13.62000  0.00289      13.64689      86.78649     
0.51520   13.61000  0.00289      13.64689      163.32912    
0.51493   13.62000  0.00289      13.63923      44.36101     
0.51493   13.59000  0.00289      13.63923      290.79495    
0.51440   13.59000  0.00289      13.62392      138.05936    
0.51387   13.58000  0.00289      13.60864      98.44654     
0.51361   13.56000  0.00289      13.60102      201.87666    
0.51361   13.56000  0.00289      13.60102      201.87666    
0.51308   13.56000  0.00289      13.58579      79.79264     
0.51256   13.53000  0.00289      13.57059      197.68743    
0.51230   13.53000  0.00289      13.56300      130.68516    
0.51151   13.50000  0.00289      13.54028      194.74410    
0.51099   13.48000  0.00289      13.52518      244.94397    
0.51046   13.47000  0.00289      13.51011      193.01213    
0.50994   13.44000  0.00289      13.49506      363.81479    
0.50916   13.43000  0.00289      13.47255      217.29850    
0.50839   13.41000  0.00289      13.45011      193.10025    
0.50761   13.39000  0.00289      13.42774      170.94856    
0.50710   13.38000  0.00289      13.41287      129.63145    
0.50633   13.35000  0.00289      13.39061      197.89678    
0.50505   13.33000  0.00289      13.35366      67.19396     
0.50352   13.29000  0.00289      13.30957      45.97324     
0.50226   13.25000  0.00289      13.27303      63.67051     
0.50075   13.20000  0.00289      13.22943      103.93177    
0.49925   13.15000  0.00289      13.18609      156.26254    
0.49850   13.13000  0.00289      13.16451      142.92291    
0.49776   13.14000  0.00289      13.14300      1.08074      
0.49727   13.12000  0.00289      13.12870      9.07562      
0.49702   13.11000  0.00289      13.12155      16.02214     
0.49652   13.11000  0.00289      13.10729      0.87926      
0.49628   13.08000  0.00289      13.10017      48.83307     
0.49579   13.07000  0.00289      13.08595      30.54116     
0.49554   13.07000  0.00289      13.07885      9.40763      
0.49529   13.05000  0.00289      13.07176      56.83057     
0.49480   13.05000  0.00289      13.05760      6.92917      
0.49432   13.02000  0.00289      13.04346      66.06541     
0.49383   13.01000  0.00289      13.02936      44.96057     
0.49334   12.99000  0.00289      13.01528      76.67123     
0.49285   12.96000  0.00289      13.00123      203.94336    
0.49261   12.96000  0.00289      12.99421      140.43790    
0.49188   12.94000  0.00289      12.97320      132.30809    
0.49092   12.90000  0.00289      12.94529      246.19181    
0.49044   12.89000  0.00289      12.93138      205.48111    
0.48996   12.87000  0.00289      12.91749      270.67724    
0.48972   12.85000  0.00289      12.91056      440.10739    
0.48948   12.86000  0.00289      12.90363      228.47072    
0.48924   12.83000  0.00289      12.89671      534.09583    
0.48852   12.83000  0.00289      12.87600      253.87475    
0.48780   12.81000  0.00289      12.85534      246.66558    
0.48733   12.78000  0.00289      12.84160      455.34497    
0.48709   12.78000  0.00289      12.83474      359.58588    
0.48662   12.77000  0.00289      12.82104      312.64114    
0.48614   12.75000  0.00289      12.80737      394.97196    
0.48544   12.74000  0.00289      12.78691      264.10479    
0.48473   12.71000  0.00289      12.76652      383.27910    
0.48426   12.72000  0.00289      12.75295      130.28151    
0.48356   12.71000  0.00289      12.73265      61.56372     
0.48286   12.69000  0.00289      12.71241      60.26250     
0.48239   12.69000  0.00289      12.69895      9.60869      
0.48170   12.67000  0.00289      12.67881      9.30363      
0.48100   12.64000  0.00289      12.65872      42.05288     
0.48031   12.63000  0.00289      12.63869      9.06794      
0.48008   12.62000  0.00289      12.63203      17.36643     
0.47985   12.61000  0.00289      12.62537      28.36119     
0.47939   12.61000  0.00289      12.61208      0.51896      
0.47893   12.57000  0.00289      12.59881      99.60999     
0.47824   12.55000  0.00289      12.57896      100.61494    
0.47733   12.54000  0.00289      12.55257      18.96427     
0.47664   12.49000  0.00289      12.53285      220.31987    
0.47642   12.50000  0.00289      12.52629      82.91991     
0.47619   12.48000  0.00289      12.51973      189.43031    
0.47574   12.47000  0.00289      12.50664      161.09214    
0.47506   12.46000  0.00289      12.48705      87.78893     
0.47438   12.43000  0.00289      12.46751      168.85605    
0.47393   12.42000  0.00289      12.45452      142.98524    
0.47304   12.40000  0.00289      12.42861      98.19928     
0.47237   12.37000  0.00289      12.40924      184.73978    
0.47170   12.36000  0.00289      12.38992      107.43395    
0.47103   12.33000  0.00289      12.37066      198.39516    
0.47081   12.32000  0.00289      12.36425      234.99517    
0.47059   12.32000  0.00289      12.35785      171.91958    
0.47015   12.29000  0.00289      12.34506      363.85135    
0.46970   12.30000  0.00289      12.33230      125.21343    
0.46926   12.29000  0.00289      12.31956      104.88576    
0.46860   12.26000  0.00289      12.30050      196.84866    
0.46816   12.26000  0.00289      12.28782      92.89707     
0.46751   12.25000  0.00289      12.26885      42.63918     
0.46685   12.25000  0.00289      12.24993      0.00059      
0.46598   12.24000  0.00289      12.22479      27.77825     
0.46555   12.21000  0.00289      12.21225      0.60652      
0.46490   12.20000  0.00289      12.19349      5.09167      
0.46447   12.19000  0.00289      12.18101      9.70459      
0.46425   12.16000  0.00289      12.17478      26.20080     
0.46361   12.15000  0.00289      12.15612      4.49245      
0.46296   12.13000  0.00289      12.13751      6.77282      
0.46232   12.11000  0.00289      12.11896      9.63026      
0.46168   12.10000  0.00289      12.10046      0.02489      
0.46104   12.06000  0.00289      12.08200      58.09963     
0.46062   12.05000  0.00289      12.06973      46.71699     
0.46019   12.05000  0.00289      12.05748      6.71524      
0.45977   12.01000  0.00289      12.04525      149.13259    
0.45872   12.00000  0.00289      12.01478      26.22045     
0.45809   11.98000  0.00289      11.99657      32.93274     
0.45767   11.95000  0.00289      11.98445      142.41824    
0.45746   11.96000  0.00289      11.97840      40.62966     
0.45683   11.92000  0.00289      11.96028      194.74275    
0.45620   11.92000  0.00289      11.94222      59.23893     
0.45537   11.90000  0.00289      11.91821      39.77860     
0.45434   11.84000  0.00289      11.88832      280.12147    
0.45351   11.83000  0.00289      11.86450      142.82394    
0.45310   11.82000  0.00289      11.85262      127.71702    
0.45228   11.80000  0.00289      11.82894      100.48299    
0.45147   11.79000  0.00289      11.80534      28.22349     
0.45045   11.77000  0.00289      11.77595      4.25456      
0.44984   11.75000  0.00289      11.75839      8.44463      
0.44964   11.76000  0.00289      11.75254      6.67079      
0.44903   11.73000  0.00289      11.73504      3.05017      
0.44863   11.73000  0.00289      11.72340      5.22803      
0.44823   11.72000  0.00289      11.71178      8.11178      
0.44783   11.70000  0.00289      11.70018      0.00379      
0.44743   11.70000  0.00289      11.68860      15.60062     
0.44703   11.68000  0.00289      11.67704      1.05209      
0.44683   11.67000  0.00289      11.67127      0.19272      
0.44643   11.67000  0.00289      11.65974      12.63403     
0.44603   11.67000  0.00289      11.64823      56.86285     
0.44563   11.65000  0.00289      11.63674      21.08412     
0.44484   11.63000  0.00289      11.61383      31.36788     
0.44405   11.60000  0.00289      11.59100      9.71796      
0.44385   11.59000  0.00289      11.58531      2.64425      
0.44385   11.59000  0.00289      11.58531      2.64425      
0.44366   11.58000  0.00289      11.57962      0.01772      
0.44267   11.53000  0.00289      11.55124      54.14093     
0.44189   11.49000  0.00289      11.52863      179.08492    
0.44170   11.50000  0.00289      11.52299      63.43222     
0.44111   11.50000  0.00289      11.50610      4.46731      
0.44014   11.46000  0.00289      11.47805      39.09944     
0.43937   11.44000  0.00289      11.45570      29.57462     
0.43898   11.42000  0.00289      11.44455      72.33849     
0.43860   11.41000  0.00289      11.43343      65.85038     
0.43840   11.41000  0.00289      11.42787      38.31758     
0.43802   11.38000  0.00289      11.41677      162.25847    
0.43725   11.38000  0.00289      11.39463      25.70022     
0.43649   11.37000  0.00289      11.37257      0.79546      
0.43592   11.34000  0.00289      11.35608      31.02892     
0.43535   11.33000  0.00289      11.33963      11.12596     
0.43478   11.32000  0.00289      11.32322      1.24462      
0.43422   11.32000  0.00289      11.30685      20.73530     
0.43384   11.31000  0.00289      11.29597      23.62726     
0.43346   11.30000  0.00289      11.28510      26.64040     
0.43290   11.29000  0.00289      11.26883      53.76161     
0.43253   11.29000  0.00289      11.25801      122.78204    
0.43253   11.27000  0.00289      11.25801      17.24328     
0.43234   11.27000  0.00289      11.25261      36.29230     
0.43178   11.25000  0.00289      11.23643      22.10718     
0.43122   11.24000  0.00289      11.22029      46.63446     
0.43103   11.23000  0.00289      11.21492      27.30446     
0.43103   11.21000  0.00289      11.21492      2.89965      
0.43085   11.21000  0.00289      11.20955      0.02436      
0.43029   11.20000  0.00289      11.19348      5.10377      
0.42937   11.16000  0.00289      11.16679      5.52490      
0.42863   11.15000  0.00289      11.14551      2.41568      
0.42790   11.13000  0.00289      11.12431      3.87962      
0.42717   11.10000  0.00289      11.10319      1.21902      
0.42699   11.10000  0.00289      11.09792      0.52076      
0.42680   11.08000  0.00289      11.09265      19.20540     
0.42644   11.06000  0.00289      11.08213      58.78179     
0.42571   11.05000  0.00289      11.06115      14.91736     
0.42481   11.02000  0.00289      11.03502      27.07569     
0.42427   11.02000  0.00289      11.01940      0.04361      
0.42409   11.01000  0.00289      11.01420      2.11478      
0.42355   10.98000  0.00289      10.99863      41.63601     
0.42248   10.96000  0.00289      10.96760      6.93766      
0.42176   10.92000  0.00289      10.94701      87.53470     
0.42105   10.91000  0.00289      10.92648      32.60156     
0.42052   10.91000  0.00289      10.91113      0.15424      
0.41999   10.87000  0.00289      10.89582      80.02191     
0.41929   10.86000  0.00289      10.87547      28.71702     
0.41859   10.87000  0.00289      10.85518      26.34189     
0.41771   10.84000  0.00289      10.82992      12.18749     
0.41701   10.83000  0.00289      10.80979      49.01995     
0.41649   10.82000  0.00289      10.79473      76.61368     
0.41580   10.81000  0.00289      10.77472      149.39479    
0.41545   10.82000  0.00289      10.76473      366.53570    
0.41494   10.78000  0.00289      10.74979      109.52481    
0.41459   10.77000  0.00289      10.73985      109.10396    
0.41425   10.77000  0.00289      10.72992      192.75305    
0.41391   10.73000  0.00289      10.72001      11.96968     
0.41339   10.73000  0.00289      10.70518      73.92466     
0.41271   10.70000  0.00289      10.68546      25.36946     
0.41220   10.70000  0.00289      10.67071      102.92925    
0.41203   10.70000  0.00289      10.66581      140.31502    
0.41169   10.67000  0.00289      10.65600      23.51354     
0.41118   10.65000  0.00289      10.64133      9.02568      
0.41034   10.64000  0.00289      10.61695      63.75547     
0.40967   10.60000  0.00289      10.59752      0.73790      
0.40900   10.59000  0.00289      10.57815      16.83952     
0.40850   10.57000  0.00289      10.56367      4.80717      
0.40766   10.54000  0.00289      10.53961      0.01818      
0.40667   10.51000  0.00289      10.51087      0.09041      
0.40601   10.48000  0.00289      10.49178      16.66327     
0.40535   10.47000  0.00289      10.47276      0.91526      
0.40502   10.46000  0.00289      10.46327      1.28610      
0.40469   10.44000  0.00289      10.45380      22.85659     
0.40453   10.44000  0.00289      10.44907      9.87306      
0.40388   10.42000  0.00289      10.43019      12.45191     
0.40306   10.41000  0.00289      10.40667      1.33295      
0.40241   10.40000  0.00289      10.38792      17.51185     
0.40177   10.38000  0.00289      10.36923      13.91233     
0.40096   10.38000  0.00289      10.34596      139.06271    
0.40000   10.36000  0.00289      10.31815      210.15681    
0.39888   10.32000  0.00289      10.28588      139.71305    
0.39857   10.32000  0.00289      10.27669      225.08264    
0.39825   10.31000  0.00289      10.26752      216.56978    
0.39793   10.29000  0.00289      10.25836      120.13708    
0.39761   10.28000  0.00289      10.24922      113.72426    
0.39730   10.26000  0.00289      10.24009      47.58894     
0.39683   10.25000  0.00289      10.22642      66.72830     
0.39635   10.24000  0.00289      10.21278      88.88239     
0.39573   10.22000  0.00289      10.19466      77.08094     
0.39510   10.21000  0.00289      10.17658      133.99582    
0.39432   10.18000  0.00289      10.15407      80.65494     
0.39355   10.15000  0.00289      10.13165      40.38953     
0.39293   10.14000  0.00289      10.11378      82.49395     
0.39216   10.11000  0.00289      10.09152      40.98948     
0.39170   10.10000  0.00289      10.07820      57.01603     
0.39170   10.10000  0.00289      10.07820      57.01603     
0.39124   10.07000  0.00289      10.06492      3.09921      
0.39062   10.06000  0.00289      10.04725      19.49576     
0.39032   10.04000  0.00289      10.03844      0.29112      
0.39002   10.03000  0.00289      10.02964      0.01514      
0.38895   10.02000  0.00289      9.99896       53.11770     
0.38760   9.98000   0.00289      9.95975       49.18499     
0.38685   9.97000   0.00289      9.93809       122.17916    
0.38595   9.95000   0.00289      9.91221       171.40769    
0.38506   9.93000   0.00289      9.88644       227.69753    
0.38476   9.92000   0.00289      9.87788       212.91428    
0.38462   9.92000   0.00289      9.87360       258.33775    
0.38417   9.92000   0.00289      9.86079       420.65919    
0.38373   9.89000   0.00289      9.84801       211.54383    
0.38314   9.84000   0.00289      9.83102       9.67649      
0.38270   9.85000   0.00289      9.81831       120.51605    
0.38226   9.86000   0.00289      9.80563       354.76309    
0.38183   9.83000   0.00289      9.79297       164.50270    
0.38153   9.83000   0.00289      9.78456       247.81978    
0.38124   9.82000   0.00289      9.77615       230.74144    
0.38081   9.79000   0.00289      9.76356       83.86038     
0.38023   9.78000   0.00289      9.74683       132.03937    
0.37965   9.76000   0.00289      9.73014       106.96599    
0.37936   9.75000   0.00289      9.72182       95.28996     
0.37879   9.75000   0.00289      9.70521       240.72133    
0.37836   9.72000   0.00289      9.69279       88.86112     
0.37779   9.70000   0.00289      9.67627       67.59372     
0.37750   9.69000   0.00289      9.66802       57.95046     
0.37707   9.67000   0.00289      9.65568       24.59034     
0.37679   9.66000   0.00289      9.64747       18.82773     
0.37636   9.65000   0.00289      9.63518       26.35239     
0.37608   9.64000   0.00289      9.62700       20.27696     
0.37580   9.64000   0.00289      9.61883       53.76371     
0.37523   9.60000   0.00289      9.60253       0.77091      
0.37467   9.60000   0.00289      9.58628       22.57278     
0.37425   9.59000   0.00289      9.57413       30.22517     
0.37369   9.57000   0.00289      9.55796       17.38224     
0.37300   9.54000   0.00289      9.53783       0.56697      
0.37230   9.53000   0.00289      9.51776       17.96899     
0.37161   9.51000   0.00289      9.49777       17.93575     
0.37092   9.49000   0.00289      9.47786       17.68587     
0.37051   9.47000   0.00289      9.46595       1.97162      
0.37010   9.48000   0.00289      9.45406       80.74768     
0.36955   9.47000   0.00289      9.43825       120.95531    
0.36887   9.44000   0.00289      9.41856       55.17611     
0.36819   9.45000   0.00289      9.39893       312.91642    
0.36765   9.44000   0.00289      9.38329       385.93282    
0.36724   9.42000   0.00289      9.37159       281.27964    
0.36684   9.42000   0.00289      9.35991       433.34304    
0.36643   9.39000   0.00289      9.34825       209.12612    
0.36590   9.39000   0.00289      9.33276       393.21100    
0.36536   9.39000   0.00289      9.31731       634.14383    
0.36483   9.36000   0.00289      9.30190       405.09408    
0.36443   9.35000   0.00289      9.29037       426.64627    
0.36390   9.33000   0.00289      9.27504       362.41043    
0.36337   9.31000   0.00289      9.25976       302.87511    
0.36298   9.30000   0.00289      9.24833       320.40784    
0.36258   9.29000   0.00289      9.23692       338.11689    
0.36179   9.26000   0.00289      9.21418       251.98854    
0.36075   9.24000   0.00289      9.18400       376.26504    
0.36023   9.20000   0.00289      9.16898       115.44128    
0.35997   9.20000   0.00289      9.16149       177.96490    
0.35958   9.19000   0.00289      9.15027       189.42645    
0.35920   9.17000   0.00289      9.13907       114.78184    
0.35881   9.17000   0.00289      9.12790       212.68964    
0.35829   9.15000   0.00289      9.11304       163.91875    
0.35765   9.12000   0.00289      9.09453       77.86836     
0.35714   9.11000   0.00289      9.07976       109.71597    
0.35663   9.10000   0.00289      9.06504       146.65649    
0.35625   9.08000   0.00289      9.05403       80.95047     
0.35562   9.07000   0.00289      9.03572       140.98804    
0.35461   9.02000   0.00289      9.00657       21.63804     
0.35386   9.01000   0.00289      8.98482       76.10474     

Gradi di liberta = 737
Chi-quadro = 103717.34851560053
p-value = 0.0
Errore a posteriori = 0.03425

Test ipotesi funzione costante_______________________________
Gradi di Liberta' = 737
t = 2471.754138084908
p-value = 0.0

Test ipotesi compatibilità misure____________________________
x         y         sy           y_media_p     Chi-quadro   
0.73421   19.99000  0.00289      14.71811      3335144.53352
0.73368   19.98000  0.00289      14.71811      3322503.98683
0.73368   19.97000  0.00289      14.71811      3309887.44015
0.73314   19.96000  0.00289      14.71811      3297294.89346
0.73260   19.95000  0.00289      14.71811      3284726.34678
0.73206   19.93000  0.00289      14.71811      3259661.25341
0.73153   19.94000  0.00289      14.71811      3272181.80009
0.73153   19.91000  0.00289      14.71811      3234692.16004
0.73099   19.91000  0.00289      14.71811      3234692.16004
0.73046   19.92000  0.00289      14.71811      3247164.70672
0.72993   19.90000  0.00289      14.71811      3222243.61335
0.72993   19.89000  0.00289      14.71811      3209819.06667
0.72939   19.86000  0.00289      14.71811      3172689.42661
0.72886   19.86000  0.00289      14.71811      3172689.42661
0.72886   19.87000  0.00289      14.71811      3185041.97330
0.72833   19.85000  0.00289      14.71811      3160360.87993
0.72780   19.84000  0.00289      14.71811      3148056.33324
0.72674   19.82000  0.00289      14.71811      3123519.23988
0.72569   19.78000  0.00289      14.71811      3074733.05314
0.72516   19.77000  0.00289      14.71811      3062596.50645
0.72516   19.76000  0.00289      14.71811      3050483.95977
0.72464   19.75000  0.00289      14.71811      3038395.41308
0.72411   19.72000  0.00289      14.71811      3002273.77303
0.72359   19.72000  0.00289      14.71811      3002273.77303
0.72307   19.69000  0.00289      14.71811      2966368.13297
0.72254   19.68000  0.00289      14.71811      2954447.58629
0.72202   19.66000  0.00289      14.71811      2930678.49292
0.72150   19.64000  0.00289      14.71811      2907005.39955
0.72098   19.63000  0.00289      14.71811      2895204.85287
0.72098   19.62000  0.00289      14.71811      2883428.30618
0.72046   19.61000  0.00289      14.71811      2871675.75950
0.72046   19.60000  0.00289      14.71811      2859947.21281
0.71994   19.58000  0.00289      14.71811      2836562.11944
0.71942   19.56000  0.00289      14.71811      2813273.02607
0.71891   19.55000  0.00289      14.71811      2801664.47939
0.71839   19.54000  0.00289      14.71811      2790079.93270
0.71839   19.52000  0.00289      14.71811      2766982.83933
0.71788   19.49000  0.00289      14.71811      2732517.19928
0.71788   19.49000  0.00289      14.71811      2732517.19928
0.71736   19.48000  0.00289      14.71811      2721076.65260
0.71685   19.47000  0.00289      14.71811      2709660.10591
0.71633   19.46000  0.00289      14.71811      2698267.55923
0.71582   19.46000  0.00289      14.71811      2698267.55923
0.71582   19.45000  0.00289      14.71811      2686899.01254
0.71531   19.45000  0.00289      14.71811      2686899.01254
0.71480   19.44000  0.00289      14.71811      2675554.46586
0.71480   19.43000  0.00289      14.71811      2664233.91917
0.71429   19.42000  0.00289      14.71811      2652937.37249
0.71378   19.41000  0.00289      14.71811      2641664.82580
0.71327   19.40000  0.00289      14.71811      2630416.27912
0.71327   19.40000  0.00289      14.71811      2630416.27912
0.71276   19.39000  0.00289      14.71811      2619191.73243
0.71276   19.38000  0.00289      14.71811      2607991.18575
0.71225   19.37000  0.00289      14.71811      2596814.63906
0.71174   19.37000  0.00289      14.71811      2596814.63906
0.71124   19.36000  0.00289      14.71811      2585662.09238
0.71073   19.34000  0.00289      14.71811      2563428.99901
0.71023   19.32000  0.00289      14.71811      2541291.90564
0.70972   19.31000  0.00289      14.71811      2530259.35896
0.70922   19.29000  0.00289      14.71811      2508266.26559
0.70922   19.28000  0.00289      14.71811      2497305.71890
0.70872   19.26000  0.00289      14.71811      2475456.62553
0.70822   19.26000  0.00289      14.71811      2475456.62553
0.70771   19.25000  0.00289      14.71811      2464568.07885
0.70721   19.23000  0.00289      14.71811      2442862.98548
0.70671   19.21000  0.00289      14.71811      2421253.89211
0.70621   19.20000  0.00289      14.71811      2410485.34542
0.70572   19.17000  0.00289      14.71811      2378323.70537
0.70522   19.16000  0.00289      14.71811      2367651.15868
0.70472   19.14000  0.00289      14.71811      2346378.06532
0.70423   19.12000  0.00289      14.71811      2325200.97195
0.70373   19.11000  0.00289      14.71811      2314648.42526
0.70323   19.09000  0.00289      14.71811      2293615.33189
0.70274   19.08000  0.00289      14.71811      2283134.78521
0.70274   19.07000  0.00289      14.71811      2272678.23852
0.70225   19.05000  0.00289      14.71811      2251837.14515
0.70126   19.03000  0.00289      14.71811      2231092.05178
0.70028   19.00000  0.00289      14.71811      2200154.41173
0.69979   18.99000  0.00289      14.71811      2189889.86504
0.69930   18.98000  0.00289      14.71811      2179649.31836
0.69881   18.97000  0.00289      14.71811      2169432.77168
0.69832   18.96000  0.00289      14.71811      2159240.22499
0.69784   18.95000  0.00289      14.71811      2149071.67831
0.69686   18.93000  0.00289      14.71811      2128806.58494
0.69686   18.93000  0.00289      14.71811      2128806.58494
0.69638   18.92000  0.00289      14.71811      2118710.03825
0.69589   18.91000  0.00289      14.71811      2108637.49157
0.69541   18.90000  0.00289      14.71811      2098588.94488
0.69493   18.88000  0.00289      14.71811      2078563.85151
0.69444   18.86000  0.00289      14.71811      2058634.75814
0.69396   18.85000  0.00289      14.71811      2048706.21146
0.69348   18.83000  0.00289      14.71811      2028921.11809
0.69300   18.82000  0.00289      14.71811      2019064.57140
0.69252   18.80000  0.00289      14.71811      1999423.47804
0.69204   18.79000  0.00289      14.71811      1989638.93135
0.69156   18.78000  0.00289      14.71811      1979878.38467
0.69061   18.75000  0.00289      14.71811      1950740.74461
0.69013   18.74000  0.00289      14.71811      1941076.19793
0.68966   18.71000  0.00289      14.71811      1912226.55787
0.68918   18.69000  0.00289      14.71811      1893113.46450
0.68871   18.68000  0.00289      14.71811      1883592.91782
0.68823   18.65000  0.00289      14.71811      1855175.27776
0.68776   18.63000  0.00289      14.71811      1836350.18440
0.68681   18.62000  0.00289      14.71811      1826973.63771
0.68634   18.60000  0.00289      14.71811      1808292.54434
0.68587   18.58000  0.00289      14.71811      1789707.45097
0.68540   18.56000  0.00289      14.71811      1771218.35760
0.68493   18.54000  0.00289      14.71811      1752825.26423
0.68446   18.54000  0.00289      14.71811      1752825.26423
0.68399   18.53000  0.00289      14.71811      1743664.71755
0.68399   18.51000  0.00289      14.71811      1725415.62418
0.68353   18.50000  0.00289      14.71811      1716327.07749
0.68306   18.49000  0.00289      14.71811      1707262.53081
0.68259   18.49000  0.00289      14.71811      1707262.53081
0.68213   18.48000  0.00289      14.71811      1698221.98412
0.68166   18.47000  0.00289      14.71811      1689205.43744
0.68120   18.47000  0.00289      14.71811      1689205.43744
0.68120   18.46000  0.00289      14.71811      1680212.89075
0.68074   18.45000  0.00289      14.71811      1671244.34407
0.68027   18.44000  0.00289      14.71811      1662299.79739
0.67981   18.42000  0.00289      14.71811      1644482.70402
0.67935   18.41000  0.00289      14.71811      1635610.15733
0.67889   18.41000  0.00289      14.71811      1635610.15733
0.67843   18.39000  0.00289      14.71811      1617937.06396
0.67751   18.37000  0.00289      14.71811      1600359.97059
0.67705   18.35000  0.00289      14.71811      1582878.87722
0.67659   18.34000  0.00289      14.71811      1574174.33054
0.67613   18.32000  0.00289      14.71811      1556837.23717
0.67568   18.31000  0.00289      14.71811      1548204.69048
0.67522   18.30000  0.00289      14.71811      1539596.14380
0.67476   18.29000  0.00289      14.71811      1531011.59711
0.67431   18.27000  0.00289      14.71811      1513914.50375
0.67385   18.26000  0.00289      14.71811      1505401.95706
0.67340   18.24000  0.00289      14.71811      1488448.86369
0.67340   18.23000  0.00289      14.71811      1480008.31701
0.67295   18.22000  0.00289      14.71811      1471591.77032
0.67249   18.20000  0.00289      14.71811      1454830.67695
0.67204   18.19000  0.00289      14.71811      1446486.13027
0.67159   18.18000  0.00289      14.71811      1438165.58358
0.67114   18.17000  0.00289      14.71811      1429869.03690
0.67114   18.15000  0.00289      14.71811      1413347.94353
0.67069   18.14000  0.00289      14.71811      1405123.39684
0.67024   18.13000  0.00289      14.71811      1396922.85016
0.66979   18.11000  0.00289      14.71811      1380593.75679
0.66934   18.08000  0.00289      14.71811      1356280.11674
0.66890   18.08000  0.00289      14.71811      1356280.11674
0.66845   18.07000  0.00289      14.71811      1348223.57005
0.66800   18.05000  0.00289      14.71811      1332182.47668
0.66756   18.05000  0.00289      14.71811      1332182.47668
0.66711   18.04000  0.00289      14.71811      1324197.93000
0.66667   18.03000  0.00289      14.71811      1316237.38331
0.66622   18.03000  0.00289      14.71811      1316237.38331
0.66622   18.02000  0.00289      14.71811      1308300.83663
0.66578   18.01000  0.00289      14.71811      1300388.28994
0.66534   18.00000  0.00289      14.71811      1292499.74326
0.66489   17.99000  0.00289      14.71811      1284635.19657
0.66445   17.99000  0.00289      14.71811      1284635.19657
0.66401   17.97000  0.00289      14.71811      1268978.10320
0.66357   17.96000  0.00289      14.71811      1261185.55652
0.66269   17.95000  0.00289      14.71811      1253417.00983
0.66225   17.93000  0.00289      14.71811      1237951.91647
0.66181   17.92000  0.00289      14.71811      1230255.36978
0.66138   17.91000  0.00289      14.71811      1222582.82310
0.66094   17.89000  0.00289      14.71811      1207309.72973
0.66050   17.87000  0.00289      14.71811      1192132.63636
0.65963   17.86000  0.00289      14.71811      1184580.08967
0.65920   17.84000  0.00289      14.71811      1169546.99630
0.65876   17.83000  0.00289      14.71811      1162066.44962
0.65833   17.81000  0.00289      14.71811      1147177.35625
0.65789   17.79000  0.00289      14.71811      1132384.26288
0.65746   17.78000  0.00289      14.71811      1125023.71619
0.65703   17.75000  0.00289      14.71811      1103086.07614
0.65617   17.74000  0.00289      14.71811      1095821.52946
0.65574   17.72000  0.00289      14.71811      1081364.43609
0.65531   17.70000  0.00289      14.71811      1067003.34272
0.65445   17.68000  0.00289      14.71811      1052738.24935
0.65359   17.66000  0.00289      14.71811      1038569.15598
0.65317   17.64000  0.00289      14.71811      1024496.06261
0.65274   17.63000  0.00289      14.71811      1017495.51592
0.65274   17.61000  0.00289      14.71811      1003566.42255
0.65232   17.60000  0.00289      14.71811      996637.87587 
0.65147   17.59000  0.00289      14.71811      989733.32919 
0.65104   17.57000  0.00289      14.71811      975996.23582 
0.65062   17.56000  0.00289      14.71811      969163.68913 
0.65020   17.55000  0.00289      14.71811      962355.14245 
0.64935   17.54000  0.00289      14.71811      955570.59576 
0.64893   17.54000  0.00289      14.71811      955570.59576 
0.64851   17.52000  0.00289      14.71811      942073.50239 
0.64809   17.51000  0.00289      14.71811      935360.95571 
0.64725   17.50000  0.00289      14.71811      928672.40902 
0.64683   17.48000  0.00289      14.71811      915367.31565 
0.64641   17.48000  0.00289      14.71811      915367.31565 
0.64599   17.46000  0.00289      14.71811      902158.22228 
0.64516   17.44000  0.00289      14.71811      889045.12891 
0.64475   17.43000  0.00289      14.71811      882524.58223 
0.64392   17.40000  0.00289      14.71811      863106.94218 
0.64350   17.39000  0.00289      14.71811      856682.39549 
0.64350   17.38000  0.00289      14.71811      850281.84881 
0.64309   17.36000  0.00289      14.71811      837552.75544 
0.64267   17.36000  0.00289      14.71811      837552.75544 
0.64226   17.35000  0.00289      14.71811      831224.20875 
0.64185   17.34000  0.00289      14.71811      824919.66207 
0.64144   17.33000  0.00289      14.71811      818639.11538 
0.64144   17.31000  0.00289      14.71811      806150.02201 
0.64103   17.30000  0.00289      14.71811      799941.47533 
0.64061   17.29000  0.00289      14.71811      793756.92864 
0.63980   17.27000  0.00289      14.71811      781459.83527 
0.63939   17.26000  0.00289      14.71811      775347.28859 
0.63898   17.24000  0.00289      14.71811      763194.19522 
0.63898   17.23000  0.00289      14.71811      757153.64854 
0.63857   17.22000  0.00289      14.71811      751137.10185 
0.63816   17.20000  0.00289      14.71811      739176.00848 
0.63776   17.19000  0.00289      14.71811      733231.46180 
0.63694   17.17000  0.00289      14.71811      721414.36843 
0.63694   17.15000  0.00289      14.71811      709693.27506 
0.63654   17.15000  0.00289      14.71811      709693.27506 
0.63654   17.14000  0.00289      14.71811      703868.72837 
0.63613   17.13000  0.00289      14.71811      698068.18169 
0.63532   17.12000  0.00289      14.71811      692291.63500 
0.63492   17.10000  0.00289      14.71811      680810.54163 
0.63452   17.10000  0.00289      14.71811      680810.54163 
0.63412   17.09000  0.00289      14.71811      675105.99495 
0.63331   17.08000  0.00289      14.71811      669425.44827 
0.63331   17.08000  0.00289      14.71811      669425.44827 
0.63291   17.07000  0.00289      14.71811      663768.90158 
0.63251   17.06000  0.00289      14.71811      658136.35490 
0.63211   17.05000  0.00289      14.71811      652527.80821 
0.63171   17.04000  0.00289      14.71811      646943.26153 
0.63131   17.04000  0.00289      14.71811      646943.26153 
0.63091   17.03000  0.00289      14.71811      641382.71484 
0.63052   17.02000  0.00289      14.71811      635846.16816 
0.63012   17.01000  0.00289      14.71811      630333.62147 
0.62972   17.00000  0.00289      14.71811      624845.07479 
0.62933   16.98000  0.00289      14.71811      613939.98142 
0.62893   16.97000  0.00289      14.71811      608523.43473 
0.62854   16.95000  0.00289      14.71811      597762.34136 
0.62814   16.94000  0.00289      14.71811      592417.79468 
0.62775   16.93000  0.00289      14.71811      587097.24799 
0.62735   16.91000  0.00289      14.71811      576528.15463 
0.62657   16.90000  0.00289      14.71811      571279.60794 
0.62617   16.89000  0.00289      14.71811      566055.06126 
0.62578   16.87000  0.00289      14.71811      555677.96789 
0.62500   16.85000  0.00289      14.71811      545396.87452 
0.62461   16.83000  0.00289      14.71811      535211.78115 
0.62383   16.81000  0.00289      14.71811      525122.68778 
0.62344   16.79000  0.00289      14.71811      515129.59441 
0.62267   16.77000  0.00289      14.71811      505232.50104 
0.62228   16.75000  0.00289      14.71811      495431.40767 
0.62189   16.74000  0.00289      14.71811      490566.86099 
0.62150   16.73000  0.00289      14.71811      485726.31430 
0.62112   16.71000  0.00289      14.71811      476117.22093 
0.62073   16.69000  0.00289      14.71811      466604.12756 
0.62035   16.68000  0.00289      14.71811      461883.58088 
0.61996   16.68000  0.00289      14.71811      461883.58088 
0.61958   16.66000  0.00289      14.71811      452514.48751 
0.61920   16.65000  0.00289      14.71811      447865.94082 
0.61881   16.64000  0.00289      14.71811      443241.39414 
0.61843   16.63000  0.00289      14.71811      438640.84745 
0.61767   16.62000  0.00289      14.71811      434064.30077 
0.61728   16.61000  0.00289      14.71811      429511.75408 
0.61652   16.61000  0.00289      14.71811      429511.75408 
0.61652   16.60000  0.00289      14.71811      424983.20740 
0.61614   16.59000  0.00289      14.71811      420478.66071 
0.61576   16.58000  0.00289      14.71811      415998.11403 
0.61538   16.58000  0.00289      14.71811      415998.11403 
0.61501   16.57000  0.00289      14.71811      411541.56734 
0.61501   16.57000  0.00289      14.71811      411541.56734 
0.61463   16.55000  0.00289      14.71811      402700.47398 
0.61387   16.54000  0.00289      14.71811      398315.92729 
0.61350   16.52000  0.00289      14.71811      389618.83392 
0.61312   16.51000  0.00289      14.71811      385306.28724 
0.61237   16.49000  0.00289      14.71811      376753.19387 
0.61200   16.48000  0.00289      14.71811      372512.64718 
0.61162   16.46000  0.00289      14.71811      364103.55381 
0.61087   16.45000  0.00289      14.71811      359935.00713 
0.61050   16.44000  0.00289      14.71811      355790.46044 
0.61013   16.43000  0.00289      14.71811      351669.91376 
0.61013   16.42000  0.00289      14.71811      347573.36707 
0.60976   16.41000  0.00289      14.71811      343500.82039 
0.60901   16.39000  0.00289      14.71811      335427.72702 
0.60790   16.35000  0.00289      14.71811      319569.54028 
0.60716   16.32000  0.00289      14.71811      307927.90023 
0.60643   16.31000  0.00289      14.71811      304095.35354 
0.60606   16.29000  0.00289      14.71811      296502.26017 
0.60569   16.27000  0.00289      14.71811      289005.16680 
0.60496   16.26000  0.00289      14.71811      285292.62012 
0.60459   16.24000  0.00289      14.71811      277939.52675 
0.60423   16.23000  0.00289      14.71811      274298.98006 
0.60386   16.21000  0.00289      14.71811      267089.88670 
0.60314   16.18000  0.00289      14.71811      256456.24664 
0.60241   16.17000  0.00289      14.71811      252959.69996 
0.60168   16.16000  0.00289      14.71811      249487.15327 
0.60132   16.15000  0.00289      14.71811      246038.60659 
0.60060   16.15000  0.00289      14.71811      246038.60659 
0.60024   16.13000  0.00289      14.71811      239213.51322 
0.59952   16.12000  0.00289      14.71811      235836.96653 
0.59916   16.12000  0.00289      14.71811      235836.96653 
0.59880   16.11000  0.00289      14.71811      232484.41985 
0.59844   16.10000  0.00289      14.71811      229155.87316 
0.59809   16.09000  0.00289      14.71811      225851.32648 
0.59737   16.08000  0.00289      14.71811      222570.77979 
0.59701   16.07000  0.00289      14.71811      219314.23311 
0.59630   16.04000  0.00289      14.71811      209688.59306 
0.59595   16.03000  0.00289      14.71811      206528.04637 
0.59559   16.03000  0.00289      14.71811      206528.04637 
0.59524   16.01000  0.00289      14.71811      200278.95300 
0.59488   16.00000  0.00289      14.71811      197190.40632 
0.59453   15.98000  0.00289      14.71811      191085.31295 
0.59382   15.96000  0.00289      14.71811      185076.21958 
0.59382   15.95000  0.00289      14.71811      182107.67289 
0.59347   15.94000  0.00289      14.71811      179163.12621 
0.59312   15.93000  0.00289      14.71811      176242.57952 
0.59277   15.91000  0.00289      14.71811      170473.48615 
0.59242   15.89000  0.00289      14.71811      164800.39278 
0.59172   15.88000  0.00289      14.71811      161999.84610 
0.59137   15.87000  0.00289      14.71811      159223.29942 
0.59102   15.84000  0.00289      14.71811      151037.65936 
0.59032   15.83000  0.00289      14.71811      148357.11268 
0.58997   15.80000  0.00289      14.71811      140459.47262 
0.58928   15.78000  0.00289      14.71811      135314.37925 
0.58858   15.75000  0.00289      14.71811      127776.73920 
0.58754   15.71000  0.00289      14.71811      118062.55246 
0.58720   15.68000  0.00289      14.71811      111028.91241 
0.58685   15.67000  0.00289      14.71811      108732.36572 
0.58617   15.66000  0.00289      14.71811      106459.81904 
0.58548   15.64000  0.00289      14.71811      101986.72567 
0.58480   15.63000  0.00289      14.71811      99786.17898  
0.58411   15.61000  0.00289      14.71811      95457.08561  
0.58343   15.61000  0.00289      14.71811      95457.08561  
0.58309   15.60000  0.00289      14.71811      93328.53893  
0.58241   15.60000  0.00289      14.71811      93328.53893  
0.58207   15.59000  0.00289      14.71811      91223.99224  
0.58173   15.58000  0.00289      14.71811      89143.44556  
0.58106   15.57000  0.00289      14.71811      87086.89887  
0.58072   15.56000  0.00289      14.71811      85054.35219  
0.58038   15.56000  0.00289      14.71811      85054.35219  
0.57971   15.55000  0.00289      14.71811      83045.80550  
0.57870   15.50000  0.00289      14.71811      73363.07208  
0.57803   15.48000  0.00289      14.71811      69657.97871  
0.57770   15.45000  0.00289      14.71811      64280.33866  
0.57703   15.43000  0.00289      14.71811      60815.24529  
0.57670   15.41000  0.00289      14.71811      57446.15192  
0.57637   15.39000  0.00289      14.71811      54173.05855  
0.57571   15.38000  0.00289      14.71811      52572.51186  
0.57537   15.36000  0.00289      14.71811      49443.41850  
0.57471   15.33000  0.00289      14.71811      44929.77844  
0.57438   15.31000  0.00289      14.71811      42040.68507  
0.57372   15.28000  0.00289      14.71811      37887.04502  
0.57307   15.24000  0.00289      14.71811      32684.85828  
0.57241   15.24000  0.00289      14.71811      32684.85828  
0.57176   15.23000  0.00289      14.71811      31444.31159  
0.57110   15.21000  0.00289      14.71811      29035.21822  
0.57045   15.18000  0.00289      14.71811      25601.57817  
0.56948   15.17000  0.00289      14.71811      24505.03149  
0.56883   15.15000  0.00289      14.71811      22383.93812  
0.56850   15.14000  0.00289      14.71811      21359.39143  
0.56786   15.13000  0.00289      14.71811      20358.84475  
0.56689   15.12000  0.00289      14.71811      19382.29806  
0.56625   15.08000  0.00289      14.71811      15716.11132  
0.56561   15.08000  0.00289      14.71811      15716.11132  
0.56497   15.08000  0.00289      14.71811      15716.11132  
0.56433   15.05000  0.00289      14.71811      13218.47127  
0.56370   15.05000  0.00289      14.71811      13218.47127  
0.56338   15.05000  0.00289      14.71811      13218.47127  
0.56275   15.01000  0.00289      14.71811      10224.28453  
0.56211   15.01000  0.00289      14.71811      10224.28453  
0.56180   14.99000  0.00289      14.71811      8871.19116   
0.56148   14.96000  0.00289      14.71811      7021.55111   
0.56085   14.94000  0.00289      14.71811      5908.45774   
0.56022   14.89000  0.00289      14.71811      3545.72431   
0.55991   14.89000  0.00289      14.71811      3545.72431   
0.55928   14.87000  0.00289      14.71811      2768.63094   
0.55897   14.83000  0.00289      14.71811      1502.44421   
0.55835   14.82000  0.00289      14.71811      1245.89752   
0.55772   14.80000  0.00289      14.71811      804.80415    
0.55710   14.76000  0.00289      14.71811      210.61741    
0.55648   14.76000  0.00289      14.71811      210.61741    
0.55586   14.71000  0.00289      14.71811      7.88399      
0.55494   14.70000  0.00289      14.71811      39.33730     
0.55432   14.70000  0.00289      14.71811      39.33730     
0.55371   14.65000  0.00289      14.71811      556.60388    
0.55279   14.65000  0.00289      14.71811      556.60388    
0.55218   14.63000  0.00289      14.71811      931.51051    
0.55157   14.62000  0.00289      14.71811      1154.96383   
0.55096   14.62000  0.00289      14.71811      1154.96383   
0.55036   14.60000  0.00289      14.71811      1673.87046   
0.54975   14.60000  0.00289      14.71811      1673.87046   
0.54915   14.60000  0.00289      14.71811      1673.87046   
0.54855   14.56000  0.00289      14.71811      2999.68372   
0.54795   14.57000  0.00289      14.71811      2632.23040   
0.54735   14.54000  0.00289      14.71811      3806.59035   
0.54675   14.51000  0.00289      14.71811      5196.95029   
0.54615   14.50000  0.00289      14.71811      5708.40361   
0.54555   14.47000  0.00289      14.71811      7386.76356   
0.54466   14.45000  0.00289      14.71811      8625.67019   
0.54407   14.46000  0.00289      14.71811      7994.21687   
0.54377   14.42000  0.00289      14.71811      10664.03013  
0.54348   14.41000  0.00289      14.71811      11391.48345  
0.54318   14.41000  0.00289      14.71811      11391.48345  
0.54259   14.37000  0.00289      14.71811      14541.29671  
0.54201   14.36000  0.00289      14.71811      15388.75002  
0.54142   14.33000  0.00289      14.71811      18075.10997  
0.54083   14.31000  0.00289      14.71811      19986.01660  
0.54025   14.31000  0.00289      14.71811      19986.01660  
0.53967   14.26000  0.00289      14.71811      25183.28318  
0.53908   14.25000  0.00289      14.71811      26294.73649  
0.53879   14.26000  0.00289      14.71811      25183.28318  
0.53792   14.21000  0.00289      14.71811      30980.54975  
0.53706   14.19000  0.00289      14.71811      33467.45638  
0.53619   14.16000  0.00289      14.71811      37377.81633  
0.53533   14.15000  0.00289      14.71811      38729.26965  
0.53476   14.14000  0.00289      14.71811      40104.72296  
0.53419   14.12000  0.00289      14.71811      42927.62959  
0.53362   14.12000  0.00289      14.71811      42927.62959  
0.53305   14.11000  0.00289      14.71811      44375.08291  
0.53220   14.08000  0.00289      14.71811      48861.44285  
0.53163   14.09000  0.00289      14.71811      47341.98954  
0.53107   14.05000  0.00289      14.71811      53563.80280  
0.53079   14.05000  0.00289      14.71811      53563.80280  
0.53079   14.05000  0.00289      14.71811      53563.80280  
0.53050   14.02000  0.00289      14.71811      58482.16274  
0.53050   14.03000  0.00289      14.71811      56818.70943  
0.53050   14.04000  0.00289      14.71811      55179.25611  
0.52910   13.99000  0.00289      14.71811      63616.52269  
0.52770   13.98000  0.00289      14.71811      65375.97601  
0.52715   13.95000  0.00289      14.71811      70798.33595  
0.52659   13.93000  0.00289      14.71811      74533.24258  
0.52604   13.91000  0.00289      14.71811      78364.14921  
0.52521   13.88000  0.00289      14.71811      84290.50916  
0.52438   13.86000  0.00289      14.71811      88361.41579  
0.52329   13.83000  0.00289      14.71811      94647.77573  
0.52274   13.79000  0.00289      14.71811      103365.58900 
0.52219   13.78000  0.00289      14.71811      105605.04231 
0.52110   13.75000  0.00289      14.71811      112467.40226 
0.52002   13.72000  0.00289      14.71811      119545.76220 
0.51948   13.71000  0.00289      14.71811      121953.21552 
0.51867   13.69000  0.00289      14.71811      126840.12215 
0.51813   13.68000  0.00289      14.71811      129319.57546 
0.51760   13.67000  0.00289      14.71811      131823.02878 
0.51680   13.63000  0.00289      14.71811      142076.84204 
0.51573   13.64000  0.00289      14.71811      139477.38873 
0.51520   13.62000  0.00289      14.71811      144700.29536 
0.51520   13.61000  0.00289      14.71811      147347.74867 
0.51493   13.62000  0.00289      14.71811      144700.29536 
0.51493   13.59000  0.00289      14.71811      152714.65530 
0.51440   13.59000  0.00289      14.71811      152714.65530 
0.51387   13.58000  0.00289      14.71811      155434.10862 
0.51361   13.56000  0.00289      14.71811      160945.01525 
0.51361   13.56000  0.00289      14.71811      160945.01525 
0.51308   13.56000  0.00289      14.71811      160945.01525 
0.51256   13.53000  0.00289      14.71811      169391.37519 
0.51230   13.53000  0.00289      14.71811      169391.37519 
0.51151   13.50000  0.00289      14.71811      178053.73514 
0.51099   13.48000  0.00289      14.71811      183948.64177 
0.51046   13.47000  0.00289      14.71811      186932.09509 
0.50994   13.44000  0.00289      14.71811      196026.45503 
0.50916   13.43000  0.00289      14.71811      199105.90835 
0.50839   13.41000  0.00289      14.71811      205336.81498 
0.50761   13.39000  0.00289      14.71811      211663.72161 
0.50710   13.38000  0.00289      14.71811      214863.17492 
0.50633   13.35000  0.00289      14.71811      224605.53487 
0.50505   13.33000  0.00289      14.71811      231220.44150 
0.50352   13.29000  0.00289      14.71811      244738.25476 
0.50226   13.25000  0.00289      14.71811      258640.06802 
0.50075   13.20000  0.00289      14.71811      276557.33460 
0.49925   13.15000  0.00289      14.71811      295074.60117 
0.49850   13.13000  0.00289      14.71811      302649.50781 
0.49776   13.14000  0.00289      14.71811      298850.05449 
0.49727   13.12000  0.00289      14.71811      306472.96112 
0.49702   13.11000  0.00289      14.71811      310320.41444 
0.49652   13.11000  0.00289      14.71811      310320.41444 
0.49628   13.08000  0.00289      14.71811      322006.77438 
0.49579   13.07000  0.00289      14.71811      325950.22770 
0.49554   13.07000  0.00289      14.71811      325950.22770 
0.49529   13.05000  0.00289      14.71811      333909.13433 
0.49480   13.05000  0.00289      14.71811      333909.13433 
0.49432   13.02000  0.00289      14.71811      346027.49427 
0.49383   13.01000  0.00289      14.71811      350114.94759 
0.49334   12.99000  0.00289      14.71811      358361.85422 
0.49285   12.96000  0.00289      14.71811      370912.21416 
0.49261   12.96000  0.00289      14.71811      370912.21416 
0.49188   12.94000  0.00289      14.71811      379399.12080 
0.49092   12.90000  0.00289      14.71811      396660.93406 
0.49044   12.89000  0.00289      14.71811      401036.38737 
0.48996   12.87000  0.00289      14.71811      409859.29400 
0.48972   12.85000  0.00289      14.71811      418778.20063 
0.48948   12.86000  0.00289      14.71811      414306.74732 
0.48924   12.83000  0.00289      14.71811      427793.10726 
0.48852   12.83000  0.00289      14.71811      427793.10726 
0.48780   12.81000  0.00289      14.71811      436904.01389 
0.48733   12.78000  0.00289      14.71811      450750.37384 
0.48709   12.78000  0.00289      14.71811      450750.37384 
0.48662   12.77000  0.00289      14.71811      455413.82716 
0.48614   12.75000  0.00289      14.71811      464812.73379 
0.48544   12.74000  0.00289      14.71811      469548.18710 
0.48473   12.71000  0.00289      14.71811      483898.54705 
0.48426   12.72000  0.00289      14.71811      479091.09373 
0.48356   12.71000  0.00289      14.71811      483898.54705 
0.48286   12.69000  0.00289      14.71811      493585.45368 
0.48239   12.69000  0.00289      14.71811      493585.45368 
0.48170   12.67000  0.00289      14.71811      503368.36031 
0.48100   12.64000  0.00289      14.71811      518222.72025 
0.48031   12.63000  0.00289      14.71811      523222.17357 
0.48008   12.62000  0.00289      14.71811      528245.62688 
0.47985   12.61000  0.00289      14.71811      533293.08020 
0.47939   12.61000  0.00289      14.71811      533293.08020 
0.47893   12.57000  0.00289      14.71811      553722.89346 
0.47824   12.55000  0.00289      14.71811      564081.80009 
0.47733   12.54000  0.00289      14.71811      569297.25341 
0.47664   12.49000  0.00289      14.71811      595734.51998 
0.47642   12.50000  0.00289      14.71811      590399.06667 
0.47619   12.48000  0.00289      14.71811      601093.97330 
0.47574   12.47000  0.00289      14.71811      606477.42661 
0.47506   12.46000  0.00289      14.71811      611884.87993 
0.47438   12.43000  0.00289      14.71811      628251.23988 
0.47393   12.42000  0.00289      14.71811      633754.69319 
0.47304   12.40000  0.00289      14.71811      644833.59982 
0.47237   12.37000  0.00289      14.71811      661631.95977 
0.47170   12.36000  0.00289      14.71811      667279.41308 
0.47103   12.33000  0.00289      14.71811      684365.77303 
0.47081   12.32000  0.00289      14.71811      690109.22634 
0.47059   12.32000  0.00289      14.71811      690109.22634 
0.47015   12.29000  0.00289      14.71811      707483.58629 
0.46970   12.30000  0.00289      14.71811      701668.13297 
0.46926   12.29000  0.00289      14.71811      707483.58629 
0.46860   12.26000  0.00289      14.71811      725073.94624 
0.46816   12.26000  0.00289      14.71811      725073.94624 
0.46751   12.25000  0.00289      14.71811      730985.39955 
0.46685   12.25000  0.00289      14.71811      730985.39955 
0.46598   12.24000  0.00289      14.71811      736920.85287 
0.46555   12.21000  0.00289      14.71811      754871.21281 
0.46490   12.20000  0.00289      14.71811      760902.66613 
0.46447   12.19000  0.00289      14.71811      766958.11944 
0.46425   12.16000  0.00289      14.71811      785268.47939 
0.46361   12.15000  0.00289      14.71811      791419.93270 
0.46296   12.13000  0.00289      14.71811      803794.83933 
0.46232   12.11000  0.00289      14.71811      816265.74596 
0.46168   12.10000  0.00289      14.71811      822537.19928 
0.46104   12.06000  0.00289      14.71811      847863.01254 
0.46062   12.05000  0.00289      14.71811      854254.46586 
0.46019   12.05000  0.00289      14.71811      854254.46586 
0.45977   12.01000  0.00289      14.71811      880060.27912 
0.45872   12.00000  0.00289      14.71811      886571.73243 
0.45809   11.98000  0.00289      14.71811      899666.63906 
0.45767   11.95000  0.00289      14.71811      919488.99901 
0.45746   11.96000  0.00289      14.71811      912857.54569 
0.45683   11.92000  0.00289      14.71811      939527.35896 
0.45620   11.92000  0.00289      14.71811      939527.35896 
0.45537   11.90000  0.00289      14.71811      953006.26559 
0.45434   11.84000  0.00289      14.71811      994018.98548 
0.45351   11.83000  0.00289      14.71811      1000938.43879
0.45310   11.82000  0.00289      14.71811      1007881.89211
0.45228   11.80000  0.00289      14.71811      1021840.79874
0.45147   11.79000  0.00289      14.71811      1028856.25205
0.45045   11.77000  0.00289      14.71811      1042959.15868
0.44984   11.75000  0.00289      14.71811      1057158.06532
0.44964   11.76000  0.00289      14.71811      1050046.61200
0.44903   11.73000  0.00289      14.71811      1071452.97195
0.44863   11.73000  0.00289      14.71811      1071452.97195
0.44823   11.72000  0.00289      14.71811      1078636.42526
0.44783   11.70000  0.00289      14.71811      1093075.33189
0.44743   11.70000  0.00289      14.71811      1093075.33189
0.44703   11.68000  0.00289      14.71811      1107610.23852
0.44683   11.67000  0.00289      14.71811      1114913.69184
0.44643   11.67000  0.00289      14.71811      1114913.69184
0.44603   11.67000  0.00289      14.71811      1114913.69184
0.44563   11.65000  0.00289      14.71811      1129592.59847
0.44484   11.63000  0.00289      14.71811      1144367.50510
0.44405   11.60000  0.00289      14.71811      1166709.86504
0.44385   11.59000  0.00289      14.71811      1174205.31836
0.44385   11.59000  0.00289      14.71811      1174205.31836
0.44366   11.58000  0.00289      14.71811      1181724.77168
0.44267   11.53000  0.00289      14.71811      1219682.03825
0.44189   11.49000  0.00289      14.71811      1250479.85151
0.44170   11.50000  0.00289      14.71811      1242744.39820
0.44111   11.50000  0.00289      14.71811      1242744.39820
0.44014   11.46000  0.00289      14.71811      1273830.21146
0.43937   11.44000  0.00289      14.71811      1289517.11809
0.43898   11.42000  0.00289      14.71811      1305300.02472
0.43860   11.41000  0.00289      14.71811      1313227.47804
0.43840   11.41000  0.00289      14.71811      1313227.47804
0.43802   11.38000  0.00289      14.71811      1337153.83798
0.43725   11.38000  0.00289      14.71811      1337153.83798
0.43649   11.37000  0.00289      14.71811      1345177.29130
0.43592   11.34000  0.00289      14.71811      1369391.65124
0.43535   11.33000  0.00289      14.71811      1377511.10456
0.43478   11.32000  0.00289      14.71811      1385654.55787
0.43422   11.32000  0.00289      14.71811      1385654.55787
0.43384   11.31000  0.00289      14.71811      1393822.01119
0.43346   11.30000  0.00289      14.71811      1402013.46450
0.43290   11.29000  0.00289      14.71811      1410228.91782
0.43253   11.29000  0.00289      14.71811      1410228.91782
0.43253   11.27000  0.00289      14.71811      1426731.82445
0.43234   11.27000  0.00289      14.71811      1426731.82445
0.43178   11.25000  0.00289      14.71811      1443330.73108
0.43122   11.24000  0.00289      14.71811      1451666.18440
0.43103   11.23000  0.00289      14.71811      1460025.63771
0.43103   11.21000  0.00289      14.71811      1476816.54434
0.43085   11.21000  0.00289      14.71811      1476816.54434
0.43029   11.20000  0.00289      14.71811      1485247.99766
0.42937   11.16000  0.00289      14.71811      1519213.81092
0.42863   11.15000  0.00289      14.71811      1527765.26423
0.42790   11.13000  0.00289      14.71811      1544940.17086
0.42717   11.10000  0.00289      14.71811      1570882.53081
0.42699   11.10000  0.00289      14.71811      1570882.53081
0.42680   11.08000  0.00289      14.71811      1588297.43744
0.42644   11.06000  0.00289      14.71811      1605808.34407
0.42571   11.05000  0.00289      14.71811      1614599.79739
0.42481   11.02000  0.00289      14.71811      1641118.15733
0.42427   11.02000  0.00289      14.71811      1641118.15733
0.42409   11.01000  0.00289      14.71811      1650005.61065
0.42355   10.98000  0.00289      14.71811      1676811.97059
0.42248   10.96000  0.00289      14.71811      1694802.87722
0.42176   10.92000  0.00289      14.71811      1731072.69048
0.42105   10.91000  0.00289      14.71811      1740200.14380
0.42052   10.91000  0.00289      14.71811      1740200.14380
0.41999   10.87000  0.00289      14.71811      1776949.95706
0.41929   10.86000  0.00289      14.71811      1786197.41038
0.41859   10.87000  0.00289      14.71811      1776949.95706
0.41771   10.84000  0.00289      14.71811      1804764.31701
0.41701   10.83000  0.00289      14.71811      1814083.77032
0.41649   10.82000  0.00289      14.71811      1823427.22364
0.41580   10.81000  0.00289      14.71811      1832794.67695
0.41545   10.82000  0.00289      14.71811      1823427.22364
0.41494   10.78000  0.00289      14.71811      1861041.03690
0.41459   10.77000  0.00289      14.71811      1870504.49021
0.41425   10.77000  0.00289      14.71811      1870504.49021
0.41391   10.73000  0.00289      14.71811      1908598.30347
0.41339   10.73000  0.00289      14.71811      1908598.30347
0.41271   10.70000  0.00289      14.71811      1937420.66342
0.41220   10.70000  0.00289      14.71811      1937420.66342
0.41203   10.70000  0.00289      14.71811      1937420.66342
0.41169   10.67000  0.00289      14.71811      1966459.02337
0.41118   10.65000  0.00289      14.71811      1985937.93000
0.41034   10.64000  0.00289      14.71811      1995713.38331
0.40967   10.60000  0.00289      14.71811      2035055.19657
0.40900   10.59000  0.00289      14.71811      2044950.64989
0.40850   10.57000  0.00289      14.71811      2064813.55652
0.40766   10.54000  0.00289      14.71811      2094787.91647
0.40667   10.51000  0.00289      14.71811      2124978.27641
0.40601   10.48000  0.00289      14.71811      2155384.63636
0.40535   10.47000  0.00289      14.71811      2165568.08967
0.40502   10.46000  0.00289      14.71811      2175775.54299
0.40469   10.44000  0.00289      14.71811      2196262.44962
0.40453   10.44000  0.00289      14.71811      2196262.44962
0.40388   10.42000  0.00289      14.71811      2216845.35625
0.40306   10.41000  0.00289      14.71811      2227172.80956
0.40241   10.40000  0.00289      14.71811      2237524.26288
0.40177   10.38000  0.00289      14.71811      2258299.16951
0.40096   10.38000  0.00289      14.71811      2258299.16951
0.40000   10.36000  0.00289      14.71811      2279170.07614
0.39888   10.32000  0.00289      14.71811      2321199.88940
0.39857   10.32000  0.00289      14.71811      2321199.88940
0.39825   10.31000  0.00289      14.71811      2331767.34272
0.39793   10.29000  0.00289      14.71811      2352974.24935
0.39761   10.28000  0.00289      14.71811      2363613.70266
0.39730   10.26000  0.00289      14.71811      2384964.60929
0.39683   10.25000  0.00289      14.71811      2395676.06261
0.39635   10.24000  0.00289      14.71811      2406411.51592
0.39573   10.22000  0.00289      14.71811      2427954.42255
0.39510   10.21000  0.00289      14.71811      2438761.87587
0.39432   10.18000  0.00289      14.71811      2471328.23582
0.39355   10.15000  0.00289      14.71811      2504110.59576
0.39293   10.14000  0.00289      14.71811      2515086.04908
0.39216   10.11000  0.00289      14.71811      2548156.40902
0.39170   10.10000  0.00289      14.71811      2559227.86234
0.39170   10.10000  0.00289      14.71811      2559227.86234
0.39124   10.07000  0.00289      14.71811      2592586.22228
0.39062   10.06000  0.00289      14.71811      2603753.67560
0.39032   10.04000  0.00289      14.71811      2626160.58223
0.39002   10.03000  0.00289      14.71811      2637400.03555
0.38895   10.02000  0.00289      14.71811      2648663.48886
0.38760   9.98000   0.00289      14.71811      2693957.30212
0.38685   9.97000   0.00289      14.71811      2705340.75544
0.38595   9.95000   0.00289      14.71811      2728179.66207
0.38506   9.93000   0.00289      14.71811      2751114.56870
0.38476   9.92000   0.00289      14.71811      2762618.02201
0.38462   9.92000   0.00289      14.71811      2762618.02201
0.38417   9.92000   0.00289      14.71811      2762618.02201
0.38373   9.89000   0.00289      14.71811      2797272.38196
0.38314   9.84000   0.00289      14.71811      2855509.64854
0.38270   9.85000   0.00289      14.71811      2843814.19522
0.38226   9.86000   0.00289      14.71811      2832142.74191
0.38183   9.83000   0.00289      14.71811      2867229.10185
0.38153   9.83000   0.00289      14.71811      2867229.10185
0.38124   9.82000   0.00289      14.71811      2878972.55517
0.38081   9.79000   0.00289      14.71811      2914346.91511
0.38023   9.78000   0.00289      14.71811      2926186.36843
0.37965   9.76000   0.00289      14.71811      2949937.27506
0.37936   9.75000   0.00289      14.71811      2961848.72837
0.37879   9.75000   0.00289      14.71811      2961848.72837
0.37836   9.72000   0.00289      14.71811      2997727.08832
0.37779   9.70000   0.00289      14.71811      3021765.99495
0.37750   9.69000   0.00289      14.71811      3033821.44827
0.37707   9.67000   0.00289      14.71811      3058004.35490
0.37679   9.66000   0.00289      14.71811      3070131.80821
0.37636   9.65000   0.00289      14.71811      3082283.26153
0.37608   9.64000   0.00289      14.71811      3094458.71484
0.37580   9.64000   0.00289      14.71811      3094458.71484
0.37523   9.60000   0.00289      14.71811      3143400.52810
0.37467   9.60000   0.00289      14.71811      3143400.52810
0.37425   9.59000   0.00289      14.71811      3155695.98142
0.37369   9.57000   0.00289      14.71811      3180358.88805
0.37300   9.54000   0.00289      14.71811      3217533.24799
0.37230   9.53000   0.00289      14.71811      3229972.70131
0.37161   9.51000   0.00289      14.71811      3254923.60794
0.37092   9.49000   0.00289      14.71811      3279970.51457
0.37051   9.47000   0.00289      14.71811      3305113.42120
0.37010   9.48000   0.00289      14.71811      3292529.96789
0.36955   9.47000   0.00289      14.71811      3305113.42120
0.36887   9.44000   0.00289      14.71811      3343007.78115
0.36819   9.45000   0.00289      14.71811      3330352.32783
0.36765   9.44000   0.00289      14.71811      3343007.78115
0.36724   9.42000   0.00289      14.71811      3368390.68778
0.36684   9.42000   0.00289      14.71811      3368390.68778
0.36643   9.39000   0.00289      14.71811      3406645.04772
0.36590   9.39000   0.00289      14.71811      3406645.04772
0.36536   9.39000   0.00289      14.71811      3406645.04772
0.36483   9.36000   0.00289      14.71811      3445115.40767
0.36443   9.35000   0.00289      14.71811      3457986.86099
0.36390   9.33000   0.00289      14.71811      3483801.76762
0.36337   9.31000   0.00289      14.71811      3509712.67425
0.36298   9.30000   0.00289      14.71811      3522704.12756
0.36258   9.29000   0.00289      14.71811      3535719.58088
0.36179   9.26000   0.00289      14.71811      3574909.94082
0.36075   9.24000   0.00289      14.71811      3601156.84745
0.36023   9.20000   0.00289      14.71811      3653938.66071
0.35997   9.20000   0.00289      14.71811      3653938.66071
0.35958   9.19000   0.00289      14.71811      3667194.11403
0.35920   9.17000   0.00289      14.71811      3693777.02066
0.35881   9.17000   0.00289      14.71811      3693777.02066
0.35829   9.15000   0.00289      14.71811      3720455.92729
0.35765   9.12000   0.00289      14.71811      3760654.28724
0.35714   9.11000   0.00289      14.71811      3774101.74055
0.35663   9.10000   0.00289      14.71811      3787573.19387
0.35625   9.08000   0.00289      14.71811      3814588.10050
0.35562   9.07000   0.00289      14.71811      3828131.55381
0.35461   9.02000   0.00289      14.71811      3896208.82039
0.35386   9.01000   0.00289      14.71811      3909896.27370

Gradi di liberta = 737
Chi-quadro = 937590161.732071
p-value = 0.0

Media pesata = 14.718105548037888 +/- 0.00010619086483530494

****************************************************************************************************
SERIE 35
****************************************************************************************************

Test ipotesi linearità_____________________________________
Covarianza = 0.36568
Indice Pearson = 0.99995 +/- 0.00038
Gradi di Liberta' = 737
	t = 2624.671426038679
	p-value (due code) = 0.0

Parametri___________________________________________________
y = a + bx
a = -1.24014 +/- 0.00616
b = 28.89574 +/- 0.01169

Test bontà fit _____________________________________________
x         y         sy           y*            Chi-quadro   
0.73421   19.99000  0.00289      19.97552      25.15052     
0.73368   19.98000  0.00289      19.95996      48.20452     
0.73368   19.97000  0.00289      19.95996      12.10237     
0.73314   19.96000  0.00289      19.94441      29.14767     
0.73260   19.95000  0.00289      19.92890      53.45044     
0.73206   19.93000  0.00289      19.91340      33.07550     
0.73153   19.94000  0.00289      19.89792      212.45193    
0.73153   19.91000  0.00289      19.89792      17.50105     
0.73099   19.91000  0.00289      19.88247      90.93697     
0.73046   19.92000  0.00289      19.86704      336.54017    
0.72993   19.90000  0.00289      19.85164      280.69207    
0.72993   19.89000  0.00289      19.85164      176.61787    
0.72939   19.86000  0.00289      19.83625      67.67883     
0.72886   19.86000  0.00289      19.82089      183.55371    
0.72886   19.87000  0.00289      19.82089      289.41839    
0.72833   19.85000  0.00289      19.80555      237.09321    
0.72780   19.84000  0.00289      19.79023      297.20824    
0.72674   19.82000  0.00289      19.75967      436.82614    
0.72569   19.78000  0.00289      19.72919      309.83406    
0.72516   19.77000  0.00289      19.71398      376.57652    
0.72516   19.76000  0.00289      19.71398      254.13072    
0.72464   19.75000  0.00289      19.69880      314.61251    
0.72411   19.72000  0.00289      19.68363      158.69299    
0.72359   19.72000  0.00289      19.66849      318.33929    
0.72307   19.69000  0.00289      19.65338      160.95744    
0.72254   19.68000  0.00289      19.63828      208.87102    
0.72202   19.66000  0.00289      19.62320      162.46530    
0.72150   19.64000  0.00289      19.60815      121.71538    
0.72098   19.63000  0.00289      19.59312      163.20915    
0.72098   19.62000  0.00289      19.59312      86.69904     
0.72046   19.61000  0.00289      19.57811      122.02722    
0.72046   19.60000  0.00289      19.57811      57.49418     
0.71994   19.58000  0.00289      19.56312      34.17881     
0.71942   19.56000  0.00289      19.54816      16.83106     
0.71891   19.55000  0.00289      19.53321      33.82024     
0.71839   19.54000  0.00289      19.51829      56.56587     
0.71839   19.52000  0.00289      19.51829      0.35144      
0.71788   19.49000  0.00289      19.50339      21.50444     
0.71788   19.49000  0.00289      19.50339      21.50444     
0.71736   19.48000  0.00289      19.48851      8.68248      
0.71685   19.47000  0.00289      19.47365      1.59596      
0.71633   19.46000  0.00289      19.45881      0.17024      
0.71582   19.46000  0.00289      19.44399      30.74998     
0.71582   19.45000  0.00289      19.44399      4.33125      
0.71531   19.45000  0.00289      19.42920      51.93340     
0.71480   19.44000  0.00289      19.41442      78.50620     
0.71480   19.43000  0.00289      19.41442      29.11974     
0.71429   19.42000  0.00289      19.39967      49.60172     
0.71378   19.41000  0.00289      19.38494      75.37941     
0.71327   19.40000  0.00289      19.37023      106.38135    
0.71327   19.40000  0.00289      19.37023      106.38135    
0.71276   19.39000  0.00289      19.35554      142.53665    
0.71276   19.38000  0.00289      19.35554      71.82172     
0.71225   19.37000  0.00289      19.34087      101.85368    
0.71174   19.37000  0.00289      19.32622      230.02620    
0.71124   19.36000  0.00289      19.31159      281.22121    
0.71073   19.34000  0.00289      19.29698      222.05125    
0.71023   19.32000  0.00289      19.28240      169.67483    
0.70972   19.31000  0.00289      19.26783      213.37624    
0.70922   19.29000  0.00289      19.25329      161.73785    
0.70922   19.28000  0.00289      19.25329      85.62760     
0.70872   19.26000  0.00289      19.23876      54.11945     
0.70822   19.26000  0.00289      19.22426      153.28282    
0.70771   19.25000  0.00289      19.20978      194.14750    
0.70721   19.23000  0.00289      19.19531      144.37038    
0.70671   19.21000  0.00289      19.18087      101.80975    
0.70621   19.20000  0.00289      19.16645      135.06569    
0.70572   19.17000  0.00289      19.15205      38.66622     
0.70522   19.16000  0.00289      19.13767      59.84297     
0.70472   19.14000  0.00289      19.12331      33.43508     
0.70423   19.12000  0.00289      19.10897      14.60604     
0.70373   19.11000  0.00289      19.09465      28.28509     
0.70323   19.09000  0.00289      19.08035      11.18154     
0.70274   19.08000  0.00289      19.06607      23.29538     
0.70274   19.07000  0.00289      19.06607      1.85621      
0.70225   19.05000  0.00289      19.05181      0.39184      
0.70126   19.03000  0.00289      19.02335      5.31137      
0.70028   19.00000  0.00289      18.99497      3.03993      
0.69979   18.99000  0.00289      18.98081      10.14245     
0.69930   18.98000  0.00289      18.96667      21.33554     
0.69881   18.97000  0.00289      18.95255      36.56033     
0.69832   18.96000  0.00289      18.93844      55.75842     
0.69784   18.95000  0.00289      18.92436      78.87181     
0.69686   18.93000  0.00289      18.89626      136.61481    
0.69686   18.93000  0.00289      18.89626      136.61481    
0.69638   18.92000  0.00289      18.88224      171.13064    
0.69589   18.91000  0.00289      18.86823      209.33424    
0.69541   18.90000  0.00289      18.85425      251.16980    
0.69493   18.88000  0.00289      18.84029      189.26752    
0.69444   18.86000  0.00289      18.82634      135.95212    
0.69396   18.85000  0.00289      18.81242      169.51116    
0.69348   18.83000  0.00289      18.79851      118.99859    
0.69300   18.82000  0.00289      18.78462      150.18685    
0.69252   18.80000  0.00289      18.77076      102.63184    
0.69204   18.79000  0.00289      18.75691      131.41992    
0.69156   18.78000  0.00289      18.74308      163.59262    
0.69061   18.75000  0.00289      18.71548      143.02586    
0.69013   18.74000  0.00289      18.70170      175.98673    
0.68966   18.71000  0.00289      18.68795      58.33710     
0.68918   18.69000  0.00289      18.67422      29.89116     
0.68871   18.68000  0.00289      18.66050      45.61973     
0.68823   18.65000  0.00289      18.64681      1.22424      
0.68776   18.63000  0.00289      18.63313      1.17453      
0.68681   18.62000  0.00289      18.60583      24.09436     
0.68634   18.60000  0.00289      18.59221      7.28402      
0.68587   18.58000  0.00289      18.57861      0.23301      
0.68540   18.56000  0.00289      18.56502      3.02735      
0.68493   18.54000  0.00289      18.55146      15.75308     
0.68446   18.54000  0.00289      18.53791      0.52370      
0.68399   18.53000  0.00289      18.52438      3.78627      
0.68399   18.51000  0.00289      18.52438      24.82401     
0.68353   18.50000  0.00289      18.51087      14.18738     
0.68306   18.49000  0.00289      18.49738      6.53953      
0.68259   18.49000  0.00289      18.48391      4.45140      
0.68213   18.48000  0.00289      18.47046      10.93262     
0.68166   18.47000  0.00289      18.45702      20.22043     
0.68120   18.47000  0.00289      18.44360      83.62621     
0.68120   18.46000  0.00289      18.44360      32.26961     
0.68074   18.45000  0.00289      18.43020      47.03529     
0.68027   18.44000  0.00289      18.41682      64.47296     
0.67981   18.42000  0.00289      18.40346      32.83725     
0.67935   18.41000  0.00289      18.39011      47.45922     
0.67889   18.41000  0.00289      18.37679      132.37828    
0.67843   18.39000  0.00289      18.36348      84.41236     
0.67751   18.37000  0.00289      18.33691      131.35841    
0.67705   18.35000  0.00289      18.32366      83.25646     
0.67659   18.34000  0.00289      18.31042      104.97466    
0.67613   18.32000  0.00289      18.29720      62.35675     
0.67568   18.31000  0.00289      18.28400      81.09825     
0.67522   18.30000  0.00289      18.27082      102.17388    
0.67476   18.29000  0.00289      18.25766      125.54304    
0.67431   18.27000  0.00289      18.24451      77.98368     
0.67385   18.26000  0.00289      18.23138      98.30798     
0.67340   18.24000  0.00289      18.21827      56.68602     
0.67340   18.23000  0.00289      18.21827      16.52349     
0.67295   18.22000  0.00289      18.20517      26.38746     
0.67249   18.20000  0.00289      18.19209      7.50010      
0.67204   18.19000  0.00289      18.17903      14.42788     
0.67159   18.18000  0.00289      18.16599      23.54288     
0.67114   18.17000  0.00289      18.15297      34.80684     
0.67114   18.15000  0.00289      18.15297      1.05775      
0.67069   18.14000  0.00289      18.13996      0.00017      
0.67024   18.13000  0.00289      18.12697      1.09967      
0.66979   18.11000  0.00289      18.11400      1.92083      
0.66934   18.08000  0.00289      18.10105      53.15352     
0.66890   18.08000  0.00289      18.08811      7.89077      
0.66845   18.07000  0.00289      18.07519      3.23118      
0.66800   18.05000  0.00289      18.06229      18.11462     
0.66756   18.05000  0.00289      18.04940      0.04307      
0.66711   18.04000  0.00289      18.03653      1.44271      
0.66667   18.03000  0.00289      18.02368      4.79078      
0.66622   18.03000  0.00289      18.01085      44.01807     
0.66622   18.02000  0.00289      18.01085      10.05213     
0.66578   18.01000  0.00289      17.99803      17.19192     
0.66534   18.00000  0.00289      17.98523      26.17561     
0.66489   17.99000  0.00289      17.97245      36.96896     
0.66445   17.99000  0.00289      17.95968      110.30100    
0.66401   17.97000  0.00289      17.94693      63.84920     
0.66357   17.96000  0.00289      17.93420      79.86910     
0.66269   17.95000  0.00289      17.90879      203.81216    
0.66225   17.93000  0.00289      17.89611      137.85217    
0.66181   17.92000  0.00289      17.88344      160.37943    
0.66138   17.91000  0.00289      17.87079      184.45308    
0.66094   17.89000  0.00289      17.85816      121.63239    
0.66050   17.87000  0.00289      17.84555      71.74573     
0.65963   17.86000  0.00289      17.82037      188.47032    
0.65920   17.84000  0.00289      17.80780      124.38394    
0.65876   17.83000  0.00289      17.79526      144.85151    
0.65833   17.81000  0.00289      17.78273      89.26989     
0.65789   17.79000  0.00289      17.77021      46.99665     
0.65746   17.78000  0.00289      17.75771      59.61302     
0.65703   17.75000  0.00289      17.74523      2.73106      
0.65617   17.74000  0.00289      17.72031      46.50372     
0.65574   17.72000  0.00289      17.70788      17.62411     
0.65531   17.70000  0.00289      17.69546      2.46869      
0.65445   17.68000  0.00289      17.67068      10.42464     
0.65359   17.66000  0.00289      17.64596      23.65643     
0.65317   17.64000  0.00289      17.63362      4.87893      
0.65274   17.63000  0.00289      17.62130      9.07452      
0.65274   17.61000  0.00289      17.62130      15.33356     
0.65232   17.60000  0.00289      17.60900      9.72075      
0.65147   17.59000  0.00289      17.58444      3.70803      
0.65104   17.57000  0.00289      17.57219      0.57323      
0.65062   17.56000  0.00289      17.55995      0.00035      
0.65020   17.55000  0.00289      17.54772      0.62258      
0.64935   17.54000  0.00289      17.52332      33.37700     
0.64893   17.54000  0.00289      17.51115      99.90461     
0.64851   17.52000  0.00289      17.49899      52.99114     
0.64809   17.51000  0.00289      17.48684      64.35915     
0.64725   17.50000  0.00289      17.46260      167.85812    
0.64683   17.48000  0.00289      17.45050      104.41779    
0.64641   17.48000  0.00289      17.43842      207.46898    
0.64599   17.46000  0.00289      17.42635      135.84960    
0.64516   17.44000  0.00289      17.40227      170.84627    
0.64475   17.43000  0.00289      17.39025      189.62474    
0.64392   17.40000  0.00289      17.36626      136.64365    
0.64350   17.39000  0.00289      17.35428      153.09148    
0.64350   17.38000  0.00289      17.35428      79.36872     
0.64309   17.36000  0.00289      17.34232      37.49141     
0.64267   17.36000  0.00289      17.33038      105.26786    
0.64226   17.35000  0.00289      17.31845      119.41215    
0.64185   17.34000  0.00289      17.30654      134.32478    
0.64144   17.33000  0.00289      17.29465      149.98493    
0.64144   17.31000  0.00289      17.29465      28.28783     
0.64103   17.30000  0.00289      17.28277      35.64476     
0.64061   17.29000  0.00289      17.27090      43.78129     
0.63980   17.27000  0.00289      17.24721      62.31213     
0.63939   17.26000  0.00289      17.23539      72.66648     
0.63898   17.24000  0.00289      17.22359      32.32821     
0.63898   17.23000  0.00289      17.22359      4.93590      
0.63857   17.22000  0.00289      17.21180      8.07636      
0.63816   17.20000  0.00289      17.20002      0.00005      
0.63776   17.19000  0.00289      17.18826      0.36309      
0.63694   17.17000  0.00289      17.16478      3.26374      
0.63694   17.15000  0.00289      17.16478      26.23101     
0.63654   17.15000  0.00289      17.15307      1.13057      
0.63654   17.14000  0.00289      17.15307      20.49719     
0.63613   17.13000  0.00289      17.14137      15.51025     
0.63532   17.12000  0.00289      17.11801      0.47403      
0.63492   17.10000  0.00289      17.10636      4.84862      
0.63452   17.10000  0.00289      17.09472      3.35134      
0.63412   17.09000  0.00289      17.08309      5.73158      
0.63331   17.08000  0.00289      17.05988      48.57651     
0.63331   17.08000  0.00289      17.05988      48.57651     
0.63291   17.07000  0.00289      17.04830      56.51743     
0.63251   17.06000  0.00289      17.03673      64.97738     
0.63211   17.05000  0.00289      17.02518      73.93997     
0.63171   17.04000  0.00289      17.01364      83.38905     
0.63131   17.04000  0.00289      17.00212      172.23256    
0.63091   17.03000  0.00289      16.99061      186.22917    
0.63052   17.02000  0.00289      16.97911      200.63006    
0.63012   17.01000  0.00289      16.96763      215.41988    
0.62972   17.00000  0.00289      16.95616      230.58348    
0.62933   16.98000  0.00289      16.94471      149.41789    
0.62893   16.97000  0.00289      16.93328      161.83550    
0.62854   16.95000  0.00289      16.92185      95.06589     
0.62814   16.94000  0.00289      16.91045      104.81705    
0.62775   16.93000  0.00289      16.89905      114.93778    
0.62735   16.91000  0.00289      16.88767      59.82611     
0.62657   16.90000  0.00289      16.86496      147.37669    
0.62617   16.89000  0.00289      16.85362      158.83589    
0.62578   16.87000  0.00289      16.84230      92.10481     
0.62500   16.85000  0.00289      16.81969      110.22581    
0.62461   16.83000  0.00289      16.80841      55.92455     
0.62383   16.81000  0.00289      16.78589      69.73413     
0.62344   16.79000  0.00289      16.77466      28.25467     
0.62267   16.77000  0.00289      16.75222      37.93085     
0.62228   16.75000  0.00289      16.74102      9.66645      
0.62189   16.74000  0.00289      16.72984      12.38096     
0.62150   16.73000  0.00289      16.71867      15.39316     
0.62112   16.71000  0.00289      16.70752      0.73832      
0.62073   16.69000  0.00289      16.69638      4.88276      
0.62035   16.68000  0.00289      16.68525      3.30998      
0.61996   16.68000  0.00289      16.67414      4.12231      
0.61958   16.66000  0.00289      16.66304      1.10869      
0.61920   16.65000  0.00289      16.65195      0.45818      
0.61881   16.64000  0.00289      16.64088      0.09339      
0.61843   16.63000  0.00289      16.62982      0.00372      
0.61767   16.62000  0.00289      16.60775      18.01128     
0.61728   16.61000  0.00289      16.59673      21.12639     
0.61652   16.61000  0.00289      16.57474      149.21061    
0.61652   16.60000  0.00289      16.57474      76.58136     
0.61614   16.59000  0.00289      16.56376      82.61632     
0.61576   16.58000  0.00289      16.55280      88.79187     
0.61538   16.58000  0.00289      16.54185      174.66167    
0.61501   16.57000  0.00289      16.53091      183.33741    
0.61501   16.57000  0.00289      16.53091      183.33741    
0.61463   16.55000  0.00289      16.51999      108.07075    
0.61387   16.54000  0.00289      16.49819      209.81707    
0.61350   16.52000  0.00289      16.48730      128.29273    
0.61312   16.51000  0.00289      16.47643      135.20321    
0.61237   16.49000  0.00289      16.45474      149.22977    
0.61200   16.48000  0.00289      16.44391      156.33001    
0.61162   16.46000  0.00289      16.43309      86.89495     
0.61087   16.45000  0.00289      16.41150      177.88650    
0.61050   16.44000  0.00289      16.40072      185.13252    
0.61013   16.43000  0.00289      16.38996      192.39680    
0.61013   16.42000  0.00289      16.38996      108.29765    
0.60976   16.41000  0.00289      16.37921      113.77305    
0.60901   16.39000  0.00289      16.35775      124.82467    
0.60790   16.35000  0.00289      16.32565      71.12521     
0.60716   16.32000  0.00289      16.30432      29.48955     
0.60643   16.31000  0.00289      16.28304      87.19003     
0.60606   16.29000  0.00289      16.27242      37.06706     
0.60569   16.27000  0.00289      16.26182      8.03455      
0.60496   16.26000  0.00289      16.24064      44.97053     
0.60459   16.24000  0.00289      16.23007      11.82632     
0.60423   16.23000  0.00289      16.21952      13.18818     
0.60386   16.21000  0.00289      16.20897      0.12648      
0.60314   16.18000  0.00289      16.18792      7.53657      
0.60241   16.17000  0.00289      16.16693      1.13300      
0.60168   16.16000  0.00289      16.14598      23.58680     
0.60132   16.15000  0.00289      16.13553      25.14148     
0.60060   16.15000  0.00289      16.11465      149.92260    
0.60024   16.13000  0.00289      16.10424      79.64948     
0.59952   16.12000  0.00289      16.08344      160.39499    
0.59916   16.12000  0.00289      16.07306      264.39799    
0.59880   16.11000  0.00289      16.06269      268.55073    
0.59844   16.10000  0.00289      16.05234      272.59386    
0.59809   16.09000  0.00289      16.04200      276.52449    
0.59737   16.08000  0.00289      16.02135      412.80093    
0.59701   16.07000  0.00289      16.01104      417.11061    
0.59630   16.04000  0.00289      15.99047      294.39619    
0.59595   16.03000  0.00289      15.98020      297.59710    
0.59559   16.03000  0.00289      15.96994      432.80196    
0.59524   16.01000  0.00289      15.95970      303.60798    
0.59488   16.00000  0.00289      15.94947      306.41406    
0.59453   15.98000  0.00289      15.93925      199.28142    
0.59382   15.96000  0.00289      15.91885      203.24317    
0.59382   15.95000  0.00289      15.91885      116.47236    
0.59347   15.94000  0.00289      15.90866      117.84752    
0.59312   15.93000  0.00289      15.89849      119.13938    
0.59277   15.91000  0.00289      15.88833      56.34242     
0.59242   15.89000  0.00289      15.87818      16.75305     
0.59172   15.88000  0.00289      15.85793      58.47133     
0.59137   15.87000  0.00289      15.84781      59.06202     
0.59102   15.84000  0.00289      15.83772      0.62626      
0.59032   15.83000  0.00289      15.81755      18.59205     
0.58997   15.80000  0.00289      15.80749      6.73062      
0.58928   15.78000  0.00289      15.78740      6.56717      
0.58858   15.75000  0.00289      15.76735      36.13743     
0.58754   15.71000  0.00289      15.73738      89.93065     
0.58720   15.68000  0.00289      15.72741      269.68392    
0.58685   15.67000  0.00289      15.71745      270.16788    
0.58617   15.66000  0.00289      15.69757      169.37125    
0.58548   15.64000  0.00289      15.67774      170.87686    
0.58480   15.63000  0.00289      15.65795      93.73480     
0.58411   15.61000  0.00289      15.63821      95.48174     
0.58343   15.61000  0.00289      15.61851      8.69680      
0.58309   15.60000  0.00289      15.60868      9.04736      
0.58241   15.60000  0.00289      15.58906      14.36960     
0.58207   15.59000  0.00289      15.57926      13.83834     
0.58173   15.58000  0.00289      15.56948      13.28829     
0.58106   15.57000  0.00289      15.54994      48.27792     
0.58072   15.56000  0.00289      15.54019      47.08357     
0.58038   15.56000  0.00289      15.53045      104.76430    
0.57971   15.55000  0.00289      15.51101      182.43905    
0.57870   15.50000  0.00289      15.48193      39.19692     
0.57803   15.48000  0.00289      15.46259      36.35244     
0.57770   15.45000  0.00289      15.45295      1.04128      
0.57703   15.43000  0.00289      15.43368      1.62577      
0.57670   15.41000  0.00289      15.42406      23.73874     
0.57637   15.39000  0.00289      15.41446      71.79629     
0.57571   15.38000  0.00289      15.39528      28.03184     
0.57537   15.36000  0.00289      15.38571      79.33495     
0.57471   15.33000  0.00289      15.36660      160.76620    
0.57438   15.31000  0.00289      15.35706      265.79719    
0.57372   15.28000  0.00289      15.33802      403.94624    
0.57307   15.24000  0.00289      15.31902      749.26821    
0.57241   15.24000  0.00289      15.30006      432.88041    
0.57176   15.23000  0.00289      15.28115      313.92444    
0.57110   15.21000  0.00289      15.26228      327.94011    
0.57045   15.18000  0.00289      15.24345      483.09131    
0.56948   15.17000  0.00289      15.21529      246.11871    
0.56883   15.15000  0.00289      15.19657      260.22073    
0.56850   15.14000  0.00289      15.18722      267.59995    
0.56786   15.13000  0.00289      15.16857      178.48045    
0.56689   15.12000  0.00289      15.14066      51.22047     
0.56625   15.08000  0.00289      15.12211      212.77746    
0.56561   15.08000  0.00289      15.10360      66.83179     
0.56497   15.08000  0.00289      15.08513      3.16036      
0.56433   15.05000  0.00289      15.06671      33.49114     
0.56370   15.05000  0.00289      15.04832      0.33796      
0.56338   15.05000  0.00289      15.03915      14.13920     
0.56275   15.01000  0.00289      15.02082      14.05644     
0.56211   15.01000  0.00289      15.00254      6.67468      
0.56180   14.99000  0.00289      14.99342      1.40099      
0.56148   14.96000  0.00289      14.98430      70.87048     
0.56085   14.94000  0.00289      14.96610      81.76375     
0.56022   14.89000  0.00289      14.94794      402.91061    
0.55991   14.89000  0.00289      14.93888      286.72017    
0.55928   14.87000  0.00289      14.92078      309.47541    
0.55897   14.83000  0.00289      14.91175      801.96713    
0.55835   14.82000  0.00289      14.89371      652.03716    
0.55772   14.80000  0.00289      14.87572      687.96323    
0.55710   14.76000  0.00289      14.85776      1146.85065   
0.55648   14.76000  0.00289      14.83984      765.00663    
0.55586   14.71000  0.00289      14.82197      1504.40272   
0.55494   14.70000  0.00289      14.79523      1088.17915   
0.55432   14.70000  0.00289      14.77745      719.80751    
0.55371   14.65000  0.00289      14.75971      1444.38341   
0.55279   14.65000  0.00289      14.73318      830.21674    
0.55218   14.63000  0.00289      14.71554      877.98991    
0.55157   14.62000  0.00289      14.69794      728.87515    
0.55096   14.62000  0.00289      14.68037      437.38775    
0.55036   14.60000  0.00289      14.66285      474.00008    
0.54975   14.60000  0.00289      14.64536      246.94282    
0.54915   14.60000  0.00289      14.62792      93.52033     
0.54855   14.56000  0.00289      14.61051      306.12525    
0.54795   14.57000  0.00289      14.59314      64.24005     
0.54735   14.54000  0.00289      14.57580      153.83749    
0.54675   14.51000  0.00289      14.55851      282.38751    
0.54615   14.50000  0.00289      14.54125      204.21954    
0.54555   14.47000  0.00289      14.52403      350.36124    
0.54466   14.45000  0.00289      14.49828      279.66374    
0.54407   14.46000  0.00289      14.48115      53.67861     
0.54377   14.42000  0.00289      14.47260      332.02579    
0.54348   14.41000  0.00289      14.46406      350.71905    
0.54318   14.41000  0.00289      14.45553      248.77259    
0.54259   14.37000  0.00289      14.43850      563.04725    
0.54201   14.36000  0.00289      14.42150      453.91130    
0.54142   14.33000  0.00289      14.40454      666.81314    
0.54083   14.31000  0.00289      14.38762      723.01100    
0.54025   14.31000  0.00289      14.37074      442.65917    
0.53967   14.26000  0.00289      14.35389      1057.75888   
0.53908   14.25000  0.00289      14.33707      909.81399    
0.53879   14.26000  0.00289      14.32868      566.04197    
0.53792   14.21000  0.00289      14.30356      1050.32755   
0.53706   14.19000  0.00289      14.27851      940.13486    
0.53619   14.16000  0.00289      14.25355      1050.18069   
0.53533   14.15000  0.00289      14.22867      742.61354    
0.53476   14.14000  0.00289      14.21212      624.19852    
0.53419   14.12000  0.00289      14.19561      686.09114    
0.53362   14.12000  0.00289      14.17914      419.70574    
0.53305   14.11000  0.00289      14.16270      333.29505    
0.53220   14.08000  0.00289      14.13811      405.20584    
0.53163   14.09000  0.00289      14.12176      121.03125    
0.53107   14.05000  0.00289      14.10544      368.85721    
0.53079   14.05000  0.00289      14.09730      268.43776    
0.53079   14.05000  0.00289      14.09730      268.43776    
0.53050   14.02000  0.00289      14.08916      573.97539    
0.53050   14.03000  0.00289      14.08916      419.99100    
0.53050   14.04000  0.00289      14.08916      290.00661    
0.52910   13.99000  0.00289      14.04861      412.16591    
0.52770   13.98000  0.00289      14.00827      95.88103     
0.52715   13.95000  0.00289      13.99219      213.60355    
0.52659   13.93000  0.00289      13.97615      255.55564    
0.52604   13.91000  0.00289      13.96014      301.67265    
0.52521   13.88000  0.00289      13.93619      378.86671    
0.52438   13.86000  0.00289      13.91231      328.41679    
0.52329   13.83000  0.00289      13.88060      307.22140    
0.52274   13.79000  0.00289      13.86479      671.22165    
0.52219   13.78000  0.00289      13.84901      571.55865    
0.52110   13.75000  0.00289      13.81756      547.75943    
0.52002   13.72000  0.00289      13.78624      526.54441    
0.51948   13.71000  0.00289      13.77063      441.10758    
0.51867   13.69000  0.00289      13.74727      393.61204    
0.51813   13.68000  0.00289      13.73174      321.25770    
0.51760   13.67000  0.00289      13.71624      256.60218    
0.51680   13.63000  0.00289      13.69305      477.09861    
0.51573   13.64000  0.00289      13.66225      59.39757     
0.51520   13.62000  0.00289      13.64689      86.78649     
0.51520   13.61000  0.00289      13.64689      163.32912    
0.51493   13.62000  0.00289      13.63923      44.36101     
0.51493   13.59000  0.00289      13.63923      290.79495    
0.51440   13.59000  0.00289      13.62392      138.05936    
0.51387   13.58000  0.00289      13.60864      98.44654     
0.51361   13.56000  0.00289      13.60102      201.87666    
0.51361   13.56000  0.00289      13.60102      201.87666    
0.51308   13.56000  0.00289      13.58579      79.79264     
0.51256   13.53000  0.00289      13.57059      197.68743    
0.51230   13.53000  0.00289      13.56300      130.68516    
0.51151   13.50000  0.00289      13.54028      194.74410    
0.51099   13.48000  0.00289      13.52518      244.94397    
0.51046   13.47000  0.00289      13.51011      193.01213    
0.50994   13.44000  0.00289      13.49506      363.81479    
0.50916   13.43000  0.00289      13.47255      217.29850    
0.50839   13.41000  0.00289      13.45011      193.10025    
0.50761   13.39000  0.00289      13.42774      170.94856    
0.50710   13.38000  0.00289      13.41287      129.63145    
0.50633   13.35000  0.00289      13.39061      197.89678    
0.50505   13.33000  0.00289      13.35366      67.19396     
0.50352   13.29000  0.00289      13.30957      45.97324     
0.50226   13.25000  0.00289      13.27303      63.67051     
0.50075   13.20000  0.00289      13.22943      103.93177    
0.49925   13.15000  0.00289      13.18609      156.26254    
0.49850   13.13000  0.00289      13.16451      142.92291    
0.49776   13.14000  0.00289      13.14300      1.08074      
0.49727   13.12000  0.00289      13.12870      9.07562      
0.49702   13.11000  0.00289      13.12155      16.02214     
0.49652   13.11000  0.00289      13.10729      0.87926      
0.49628   13.08000  0.00289      13.10017      48.83307     
0.49579   13.07000  0.00289      13.08595      30.54116     
0.49554   13.07000  0.00289      13.07885      9.40763      
0.49529   13.05000  0.00289      13.07176      56.83057     
0.49480   13.05000  0.00289      13.05760      6.92917      
0.49432   13.02000  0.00289      13.04346      66.06541     
0.49383   13.01000  0.00289      13.02936      44.96057     
0.49334   12.99000  0.00289      13.01528      76.67123     
0.49285   12.96000  0.00289      13.00123      203.94336    
0.49261   12.96000  0.00289      12.99421      140.43790    
0.49188   12.94000  0.00289      12.97320      132.30809    
0.49092   12.90000  0.00289      12.94529      246.19181    
0.49044   12.89000  0.00289      12.93138      205.48111    
0.48996   12.87000  0.00289      12.91749      270.67724    
0.48972   12.85000  0.00289      12.91056      440.10739    
0.48948   12.86000  0.00289      12.90363      228.47072    
0.48924   12.83000  0.00289      12.89671      534.09583    
0.48852   12.83000  0.00289      12.87600      253.87475    
0.48780   12.81000  0.00289      12.85534      246.66558    
0.48733   12.78000  0.00289      12.84160      455.34497    
0.48709   12.78000  0.00289      12.83474      359.58588    
0.48662   12.77000  0.00289      12.82104      312.64114    
0.48614   12.75000  0.00289      12.80737      394.97196    
0.48544   12.74000  0.00289      12.78691      264.10479    
0.48473   12.71000  0.00289      12.76652      383.27910    
0.48426   12.72000  0.00289      12.75295      130.28151    
0.48356   12.71000  0.00289      12.73265      61.56372     
0.48286   12.69000  0.00289      12.71241      60.26250     
0.48239   12.69000  0.00289      12.69895      9.60869      
0.48170   12.67000  0.00289      12.67881      9.30363      
0.48100   12.64000  0.00289      12.65872      42.05288     
0.48031   12.63000  0.00289      12.63869      9.06794      
0.48008   12.62000  0.00289      12.63203      17.36643     
0.47985   12.61000  0.00289      12.62537      28.36119     
0.47939   12.61000  0.00289      12.61208      0.51896      
0.47893   12.57000  0.00289      12.59881      99.60999     
0.47824   12.55000  0.00289      12.57896      100.61494    
0.47733   12.54000  0.00289      12.55257      18.96427     
0.47664   12.49000  0.00289      12.53285      220.31987    
0.47642   12.50000  0.00289      12.52629      82.91991     
0.47619   12.48000  0.00289      12.51973      189.43031    
0.47574   12.47000  0.00289      12.50664      161.09214    
0.47506   12.46000  0.00289      12.48705      87.78893     
0.47438   12.43000  0.00289      12.46751      168.85605    
0.47393   12.42000  0.00289      12.45452      142.98524    
0.47304   12.40000  0.00289      12.42861      98.19928     
0.47237   12.37000  0.00289      12.40924      184.73978    
0.47170   12.36000  0.00289      12.38992      107.43395    
0.47103   12.33000  0.00289      12.37066      198.39516    
0.47081   12.32000  0.00289      12.36425      234.99517    
0.47059   12.32000  0.00289      12.35785      171.91958    
0.47015   12.29000  0.00289      12.34506      363.85135    
0.46970   12.30000  0.00289      12.33230      125.21343    
0.46926   12.29000  0.00289      12.31956      104.88576    
0.46860   12.26000  0.00289      12.30050      196.84866    
0.46816   12.26000  0.00289      12.28782      92.89707     
0.46751   12.25000  0.00289      12.26885      42.63918     
0.46685   12.25000  0.00289      12.24993      0.00059      
0.46598   12.24000  0.00289      12.22479      27.77825     
0.46555   12.21000  0.00289      12.21225      0.60652      
0.46490   12.20000  0.00289      12.19349      5.09167      
0.46447   12.19000  0.00289      12.18101      9.70459      
0.46425   12.16000  0.00289      12.17478      26.20080     
0.46361   12.15000  0.00289      12.15612      4.49245      
0.46296   12.13000  0.00289      12.13751      6.77282      
0.46232   12.11000  0.00289      12.11896      9.63026      
0.46168   12.10000  0.00289      12.10046      0.02489      
0.46104   12.06000  0.00289      12.08200      58.09963     
0.46062   12.05000  0.00289      12.06973      46.71699     
0.46019   12.05000  0.00289      12.05748      6.71524      
0.45977   12.01000  0.00289      12.04525      149.13259    
0.45872   12.00000  0.00289      12.01478      26.22045     
0.45809   11.98000  0.00289      11.99657      32.93274     
0.45767   11.95000  0.00289      11.98445      142.41824    
0.45746   11.96000  0.00289      11.97840      40.62966     
0.45683   11.92000  0.00289      11.96028      194.74275    
0.45620   11.92000  0.00289      11.94222      59.23893     
0.45537   11.90000  0.00289      11.91821      39.77860     
0.45434   11.84000  0.00289      11.88832      280.12147    
0.45351   11.83000  0.00289      11.86450      142.82394    
0.45310   11.82000  0.00289      11.85262      127.71702    
0.45228   11.80000  0.00289      11.82894      100.48299    
0.45147   11.79000  0.00289      11.80534      28.22349     
0.45045   11.77000  0.00289      11.77595      4.25456      
0.44984   11.75000  0.00289      11.75839      8.44463      
0.44964   11.76000  0.00289      11.75254      6.67079      
0.44903   11.73000  0.00289      11.73504      3.05017      
0.44863   11.73000  0.00289      11.72340      5.22803      
0.44823   11.72000  0.00289      11.71178      8.11178      
0.44783   11.70000  0.00289      11.70018      0.00379      
0.44743   11.70000  0.00289      11.68860      15.60062     
0.44703   11.68000  0.00289      11.67704      1.05209      
0.44683   11.67000  0.00289      11.67127      0.19272      
0.44643   11.67000  0.00289      11.65974      12.63403     
0.44603   11.67000  0.00289      11.64823      56.86285     
0.44563   11.65000  0.00289      11.63674      21.08412     
0.44484   11.63000  0.00289      11.61383      31.36788     
0.44405   11.60000  0.00289      11.59100      9.71796      
0.44385   11.59000  0.00289      11.58531      2.64425      
0.44385   11.59000  0.00289      11.58531      2.64425      
0.44366   11.58000  0.00289      11.57962      0.01772      
0.44267   11.53000  0.00289      11.55124      54.14093     
0.44189   11.49000  0.00289      11.52863      179.08492    
0.44170   11.50000  0.00289      11.52299      63.43222     
0.44111   11.50000  0.00289      11.50610      4.46731      
0.44014   11.46000  0.00289      11.47805      39.09944     
0.43937   11.44000  0.00289      11.45570      29.57462     
0.43898   11.42000  0.00289      11.44455      72.33849     
0.43860   11.41000  0.00289      11.43343      65.85038     
0.43840   11.41000  0.00289      11.42787      38.31758     
0.43802   11.38000  0.00289      11.41677      162.25847    
0.43725   11.38000  0.00289      11.39463      25.70022     
0.43649   11.37000  0.00289      11.37257      0.79546      
0.43592   11.34000  0.00289      11.35608      31.02892     
0.43535   11.33000  0.00289      11.33963      11.12596     
0.43478   11.32000  0.00289      11.32322      1.24462      
0.43422   11.32000  0.00289      11.30685      20.73530     
0.43384   11.31000  0.00289      11.29597      23.62726     
0.43346   11.30000  0.00289      11.28510      26.64040     
0.43290   11.29000  0.00289      11.26883      53.76161     
0.43253   11.29000  0.00289      11.25801      122.78204    
0.43253   11.27000  0.00289      11.25801      17.24328     
0.43234   11.27000  0.00289      11.25261      36.29230     
0.43178   11.25000  0.00289      11.23643      22.10718     
0.43122   11.24000  0.00289      11.22029      46.63446     
0.43103   11.23000  0.00289      11.21492      27.30446     
0.43103   11.21000  0.00289      11.21492      2.89965      
0.43085   11.21000  0.00289      11.20955      0.02436      
0.43029   11.20000  0.00289      11.19348      5.10377      
0.42937   11.16000  0.00289      11.16679      5.52490      
0.42863   11.15000  0.00289      11.14551      2.41568      
0.42790   11.13000  0.00289      11.12431      3.87962      
0.42717   11.10000  0.00289      11.10319      1.21902      
0.42699   11.10000  0.00289      11.09792      0.52076      
0.42680   11.08000  0.00289      11.09265      19.20540     
0.42644   11.06000  0.00289      11.08213      58.78179     
0.42571   11.05000  0.00289      11.06115      14.91736     
0.42481   11.02000  0.00289      11.03502      27.07569     
0.42427   11.02000  0.00289      11.01940      0.04361      
0.42409   11.01000  0.00289      11.01420      2.11478      
0.42355   10.98000  0.00289      10.99863      41.63601     
0.42248   10.96000  0.00289      10.96760      6.93766      
0.42176   10.92000  0.00289      10.94701      87.53470     
0.42105   10.91000  0.00289      10.92648      32.60156     
0.42052   10.91000  0.00289      10.91113      0.15424      
0.41999   10.87000  0.00289      10.89582      80.02191     
0.41929   10.86000  0.00289      10.87547      28.71702     
0.41859   10.87000  0.00289      10.85518      26.34189     
0.41771   10.84000  0.00289      10.82992      12.18749     
0.41701   10.83000  0.00289      10.80979      49.01995     
0.41649   10.82000  0.00289      10.79473      76.61368     
0.41580   10.81000  0.00289      10.77472      149.39479    
0.41545   10.82000  0.00289      10.76473      366.53570    
0.41494   10.78000  0.00289      10.74979      109.52481    
0.41459   10.77000  0.00289      10.73985      109.10396    
0.41425   10.77000  0.00289      10.72992      192.75305    
0.41391   10.73000  0.00289      10.72001      11.96968     
0.41339   10.73000  0.00289      10.70518      73.92466     
0.41271   10.70000  0.00289      10.68546      25.36946     
0.41220   10.70000  0.00289      10.67071      102.92925    
0.41203   10.70000  0.00289      10.66581      140.31502    
0.41169   10.67000  0.00289      10.65600      23.51354     
0.41118   10.65000  0.00289      10.64133      9.02568      
0.41034   10.64000  0.00289      10.61695      63.75547     
0.40967   10.60000  0.00289      10.59752      0.73790      
0.40900   10.59000  0.00289      10.57815      16.83952     
0.40850   10.57000  0.00289      10.56367      4.80717      
0.40766   10.54000  0.00289      10.53961      0.01818      
0.40667   10.51000  0.00289      10.51087      0.09041      
0.40601   10.48000  0.00289      10.49178      16.66327     
0.40535   10.47000  0.00289      10.47276      0.91526      
0.40502   10.46000  0.00289      10.46327      1.28610      
0.40469   10.44000  0.00289      10.45380      22.85659     
0.40453   10.44000  0.00289      10.44907      9.87306      
0.40388   10.42000  0.00289      10.43019      12.45191     
0.40306   10.41000  0.00289      10.40667      1.33295      
0.40241   10.40000  0.00289      10.38792      17.51185     
0.40177   10.38000  0.00289      10.36923      13.91233     
0.40096   10.38000  0.00289      10.34596      139.06271    
0.40000   10.36000  0.00289      10.31815      210.15681    
0.39888   10.32000  0.00289      10.28588      139.71305    
0.39857   10.32000  0.00289      10.27669      225.08264    
0.39825   10.31000  0.00289      10.26752      216.56978    
0.39793   10.29000  0.00289      10.25836      120.13708    
0.39761   10.28000  0.00289      10.24922      113.72426    
0.39730   10.26000  0.00289      10.24009      47.58894     
0.39683   10.25000  0.00289      10.22642      66.72830     
0.39635   10.24000  0.00289      10.21278      88.88239     
0.39573   10.22000  0.00289      10.19466      77.08094     
0.39510   10.21000  0.00289      10.17658      133.99582    
0.39432   10.18000  0.00289      10.15407      80.65494     
0.39355   10.15000  0.00289      10.13165      40.38953     
0.39293   10.14000  0.00289      10.11378      82.49395     
0.39216   10.11000  0.00289      10.09152      40.98948     
0.39170   10.10000  0.00289      10.07820      57.01603     
0.39170   10.10000  0.00289      10.07820      57.01603     
0.39124   10.07000  0.00289      10.06492      3.09921      
0.39062   10.06000  0.00289      10.04725      19.49576     
0.39032   10.04000  0.00289      10.03844      0.29112      
0.39002   10.03000  0.00289      10.02964      0.01514      
0.38895   10.02000  0.00289      9.99896       53.11770     
0.38760   9.98000   0.00289      9.95975       49.18499     
0.38685   9.97000   0.00289      9.93809       122.17916    
0.38595   9.95000   0.00289      9.91221       171.40769    
0.38506   9.93000   0.00289      9.88644       227.69753    
0.38476   9.92000   0.00289      9.87788       212.91428    
0.38462   9.92000   0.00289      9.87360       258.33775    
0.38417   9.92000   0.00289      9.86079       420.65919    
0.38373   9.89000   0.00289      9.84801       211.54383    
0.38314   9.84000   0.00289      9.83102       9.67649      
0.38270   9.85000   0.00289      9.81831       120.51605    
0.38226   9.86000   0.00289      9.80563       354.76309    
0.38183   9.83000   0.00289      9.79297       164.50270    
0.38153   9.83000   0.00289      9.78456       247.81978    
0.38124   9.82000   0.00289      9.77615       230.74144    
0.38081   9.79000   0.00289      9.76356       83.86038     
0.38023   9.78000   0.00289      9.74683       132.03937    
0.37965   9.76000   0.00289      9.73014       106.96599    
0.37936   9.75000   0.00289      9.72182       95.28996     
0.37879   9.75000   0.00289      9.70521       240.72133    
0.37836   9.72000   0.00289      9.69279       88.86112     
0.37779   9.70000   0.00289      9.67627       67.59372     
0.37750   9.69000   0.00289      9.66802       57.95046     
0.37707   9.67000   0.00289      9.65568       24.59034     
0.37679   9.66000   0.00289      9.64747       18.82773     
0.37636   9.65000   0.00289      9.63518       26.35239     
0.37608   9.64000   0.00289      9.62700       20.27696     
0.37580   9.64000   0.00289      9.61883       53.76371     
0.37523   9.60000   0.00289      9.60253       0.77091      
0.37467   9.60000   0.00289      9.58628       22.57278     
0.37425   9.59000   0.00289      9.57413       30.22517     
0.37369   9.57000   0.00289      9.55796       17.38224     
0.37300   9.54000   0.00289      9.53783       0.56697      
0.37230   9.53000   0.00289      9.51776       17.96899     
0.37161   9.51000   0.00289      9.49777       17.93575     
0.37092   9.49000   0.00289      9.47786       17.68587     
0.37051   9.47000   0.00289      9.46595       1.97162      
0.37010   9.48000   0.00289      9.45406       80.74768     
0.36955   9.47000   0.00289      9.43825       120.95531    
0.36887   9.44000   0.00289      9.41856       55.17611     
0.36819   9.45000   0.00289      9.39893       312.91642    
0.36765   9.44000   0.00289      9.38329       385.93282    
0.36724   9.42000   0.00289      9.37159       281.27964    
0.36684   9.42000   0.00289      9.35991       433.34304    
0.36643   9.39000   0.00289      9.34825       209.12612    
0.36590   9.39000   0.00289      9.33276       393.21100    
0.36536   9.39000   0.00289      9.31731       634.14383    
0.36483   9.36000   0.00289      9.30190       405.09408    
0.36443   9.35000   0.00289      9.29037       426.64627    
0.36390   9.33000   0.00289      9.27504       362.41043    
0.36337   9.31000   0.00289      9.25976       302.87511    
0.36298   9.30000   0.00289      9.24833       320.40784    
0.36258   9.29000   0.00289      9.23692       338.11689    
0.36179   9.26000   0.00289      9.21418       251.98854    
0.36075   9.24000   0.00289      9.18400       376.26504    
0.36023   9.20000   0.00289      9.16898       115.44128    
0.35997   9.20000   0.00289      9.16149       177.96490    
0.35958   9.19000   0.00289      9.15027       189.42645    
0.35920   9.17000   0.00289      9.13907       114.78184    
0.35881   9.17000   0.00289      9.12790       212.68964    
0.35829   9.15000   0.00289      9.11304       163.91875    
0.35765   9.12000   0.00289      9.09453       77.86836     
0.35714   9.11000   0.00289      9.07976       109.71597    
0.35663   9.10000   0.00289      9.06504       146.65649    
0.35625   9.08000   0.00289      9.05403       80.95047     
0.35562   9.07000   0.00289      9.03572       140.98804    
0.35461   9.02000   0.00289      9.00657       21.63804     
0.35386   9.01000   0.00289      8.98482       76.10474     

Gradi di liberta = 737
Chi-quadro = 103717.34851560053
p-value = 0.0
Errore a posteriori = 0.03425

Test ipotesi funzione costante_______________________________
Gradi di Liberta' = 737
t = 2471.754138084908
p-value = 0.0

Test ipotesi compatibilità misure____________________________
x         y         sy           y_media_p     Chi-quadro   
0.73421   19.99000  0.00289      14.71811      3335144.53352
0.73368   19.98000  0.00289      14.71811      3322503.98683
0.73368   19.97000  0.00289      14.71811      3309887.44015
0.73314   19.96000  0.00289      14.71811      3297294.89346
0.73260   19.95000  0.00289      14.71811      3284726.34678
0.73206   19.93000  0.00289      14.71811      3259661.25341
0.73153   19.94000  0.00289      14.71811      3272181.80009
0.73153   19.91000  0.00289      14.71811      3234692.16004
0.73099   19.91000  0.00289      14.71811      3234692.16004
0.73046   19.92000  0.00289      14.71811      3247164.70672
0.72993   19.90000  0.00289      14.71811      3222243.61335
0.72993   19.89000  0.00289      14.71811      3209819.06667
0.72939   19.86000  0.00289      14.71811      3172689.42661
0.72886   19.86000  0.00289      14.71811      3172689.42661
0.72886   19.87000  0.00289      14.71811      3185041.97330
0.72833   19.85000  0.00289      14.71811      3160360.87993
0.72780   19.84000  0.00289      14.71811      3148056.33324
0.72674   19.82000  0.00289      14.71811      3123519.23988
0.72569   19.78000  0.00289      14.71811      3074733.05314
0.72516   19.77000  0.00289      14.71811      3062596.50645
0.72516   19.76000  0.00289      14.71811      3050483.95977
0.72464   19.75000  0.00289      14.71811      3038395.41308
0.72411   19.72000  0.00289      14.71811      3002273.77303
0.72359   19.72000  0.00289      14.71811      3002273.77303
0.72307   19.69000  0.00289      14.71811      2966368.13297
0.72254   19.68000  0.00289      14.71811      2954447.58629
0.72202   19.66000  0.00289      14.71811      2930678.49292
0.72150   19.64000  0.00289      14.71811      2907005.39955
0.72098   19.63000  0.00289      14.71811      2895204.85287
0.72098   19.62000  0.00289      14.71811      2883428.30618
0.72046   19.61000  0.00289      14.71811      2871675.75950
0.72046   19.60000  0.00289      14.71811      2859947.21281
0.71994   19.58000  0.00289      14.71811      2836562.11944
0.71942   19.56000  0.00289      14.71811      2813273.02607
0.71891   19.55000  0.00289      14.71811      2801664.47939
0.71839   19.54000  0.00289      14.71811      2790079.93270
0.71839   19.52000  0.00289      14.71811      2766982.83933
0.71788   19.49000  0.00289      14.71811      2732517.19928
0.71788   19.49000  0.00289      14.71811      2732517.19928
0.71736   19.48000  0.00289      14.71811      2721076.65260
0.71685   19.47000  0.00289      14.71811      2709660.10591
0.71633   19.46000  0.00289      14.71811      2698267.55923
0.71582   19.46000  0.00289      14.71811      2698267.55923
0.71582   19.45000  0.00289      14.71811      2686899.01254
0.71531   19.45000  0.00289      14.71811      2686899.01254
0.71480   19.44000  0.00289      14.71811      2675554.46586
0.71480   19.43000  0.00289      14.71811      2664233.91917
0.71429   19.42000  0.00289      14.71811      2652937.37249
0.71378   19.41000  0.00289      14.71811      2641664.82580
0.71327   19.40000  0.00289      14.71811      2630416.27912
0.71327   19.40000  0.00289      14.71811      2630416.27912
0.71276   19.39000  0.00289      14.71811      2619191.73243
0.71276   19.38000  0.00289      14.71811      2607991.18575
0.71225   19.37000  0.00289      14.71811      2596814.63906
0.71174   19.37000  0.00289      14.71811      2596814.63906
0.71124   19.36000  0.00289      14.71811      2585662.09238
0.71073   19.34000  0.00289      14.71811      2563428.99901
0.71023   19.32000  0.00289      14.71811      2541291.90564
0.70972   19.31000  0.00289      14.71811      2530259.35896
0.70922   19.29000  0.00289      14.71811      2508266.26559
0.70922   19.28000  0.00289      14.71811      2497305.71890
0.70872   19.26000  0.00289      14.71811      2475456.62553
0.70822   19.26000  0.00289      14.71811      2475456.62553
0.70771   19.25000  0.00289      14.71811      2464568.07885
0.70721   19.23000  0.00289      14.71811      2442862.98548
0.70671   19.21000  0.00289      14.71811      2421253.89211
0.70621   19.20000  0.00289      14.71811      2410485.34542
0.70572   19.17000  0.00289      14.71811      2378323.70537
0.70522   19.16000  0.00289      14.71811      2367651.15868
0.70472   19.14000  0.00289      14.71811      2346378.06532
0.70423   19.12000  0.00289      14.71811      2325200.97195
0.70373   19.11000  0.00289      14.71811      2314648.42526
0.70323   19.09000  0.00289      14.71811      2293615.33189
0.70274   19.08000  0.00289      14.71811      2283134.78521
0.70274   19.07000  0.00289      14.71811      2272678.23852
0.70225   19.05000  0.00289      14.71811      2251837.14515
0.70126   19.03000  0.00289      14.71811      2231092.05178
0.70028   19.00000  0.00289      14.71811      2200154.41173
0.69979   18.99000  0.00289      14.71811      2189889.86504
0.69930   18.98000  0.00289      14.71811      2179649.31836
0.69881   18.97000  0.00289      14.71811      2169432.77168
0.69832   18.96000  0.00289      14.71811      2159240.22499
0.69784   18.95000  0.00289      14.71811      2149071.67831
0.69686   18.93000  0.00289      14.71811      2128806.58494
0.69686   18.93000  0.00289      14.71811      2128806.58494
0.69638   18.92000  0.00289      14.71811      2118710.03825
0.69589   18.91000  0.00289      14.71811      2108637.49157
0.69541   18.90000  0.00289      14.71811      2098588.94488
0.69493   18.88000  0.00289      14.71811      2078563.85151
0.69444   18.86000  0.00289      14.71811      2058634.75814
0.69396   18.85000  0.00289      14.71811      2048706.21146
0.69348   18.83000  0.00289      14.71811      2028921.11809
0.69300   18.82000  0.00289      14.71811      2019064.57140
0.69252   18.80000  0.00289      14.71811      1999423.47804
0.69204   18.79000  0.00289      14.71811      1989638.93135
0.69156   18.78000  0.00289      14.71811      1979878.38467
0.69061   18.75000  0.00289      14.71811      1950740.74461
0.69013   18.74000  0.00289      14.71811      1941076.19793
0.68966   18.71000  0.00289      14.71811      1912226.55787
0.68918   18.69000  0.00289      14.71811      1893113.46450
0.68871   18.68000  0.00289      14.71811      1883592.91782
0.68823   18.65000  0.00289      14.71811      1855175.27776
0.68776   18.63000  0.00289      14.71811      1836350.18440
0.68681   18.62000  0.00289      14.71811      1826973.63771
0.68634   18.60000  0.00289      14.71811      1808292.54434
0.68587   18.58000  0.00289      14.71811      1789707.45097
0.68540   18.56000  0.00289      14.71811      1771218.35760
0.68493   18.54000  0.00289      14.71811      1752825.26423
0.68446   18.54000  0.00289      14.71811      1752825.26423
0.68399   18.53000  0.00289      14.71811      1743664.71755
0.68399   18.51000  0.00289      14.71811      1725415.62418
0.68353   18.50000  0.00289      14.71811      1716327.07749
0.68306   18.49000  0.00289      14.71811      1707262.53081
0.68259   18.49000  0.00289      14.71811      1707262.53081
0.68213   18.48000  0.00289      14.71811      1698221.98412
0.68166   18.47000  0.00289      14.71811      1689205.43744
0.68120   18.47000  0.00289      14.71811      1689205.43744
0.68120   18.46000  0.00289      14.71811      1680212.89075
0.68074   18.45000  0.00289      14.71811      1671244.34407
0.68027   18.44000  0.00289      14.71811      1662299.79739
0.67981   18.42000  0.00289      14.71811      1644482.70402
0.67935   18.41000  0.00289      14.71811      1635610.15733
0.67889   18.41000  0.00289      14.71811      1635610.15733
0.67843   18.39000  0.00289      14.71811      1617937.06396
0.67751   18.37000  0.00289      14.71811      1600359.97059
0.67705   18.35000  0.00289      14.71811      1582878.87722
0.67659   18.34000  0.00289      14.71811      1574174.33054
0.67613   18.32000  0.00289      14.71811      1556837.23717
0.67568   18.31000  0.00289      14.71811      1548204.69048
0.67522   18.30000  0.00289      14.71811      1539596.14380
0.67476   18.29000  0.00289      14.71811      1531011.59711
0.67431   18.27000  0.00289      14.71811      1513914.50375
0.67385   18.26000  0.00289      14.71811      1505401.95706
0.67340   18.24000  0.00289      14.71811      1488448.86369
0.67340   18.23000  0.00289      14.71811      1480008.31701
0.67295   18.22000  0.00289      14.71811      1471591.77032
0.67249   18.20000  0.00289      14.71811      1454830.67695
0.67204   18.19000  0.00289      14.71811      1446486.13027
0.67159   18.18000  0.00289      14.71811      1438165.58358
0.67114   18.17000  0.00289      14.71811      1429869.03690
0.67114   18.15000  0.00289      14.71811      1413347.94353
0.67069   18.14000  0.00289      14.71811      1405123.39684
0.67024   18.13000  0.00289      14.71811      1396922.85016
0.66979   18.11000  0.00289      14.71811      1380593.75679
0.66934   18.08000  0.00289      14.71811      1356280.11674
0.66890   18.08000  0.00289      14.71811      1356280.11674
0.66845   18.07000  0.00289      14.71811      1348223.57005
0.66800   18.05000  0.00289      14.71811      1332182.47668
0.66756   18.05000  0.00289      14.71811      1332182.47668
0.66711   18.04000  0.00289      14.71811      1324197.93000
0.66667   18.03000  0.00289      14.71811      1316237.38331
0.66622   18.03000  0.00289      14.71811      1316237.38331
0.66622   18.02000  0.00289      14.71811      1308300.83663
0.66578   18.01000  0.00289      14.71811      1300388.28994
0.66534   18.00000  0.00289      14.71811      1292499.74326
0.66489   17.99000  0.00289      14.71811      1284635.19657
0.66445   17.99000  0.00289      14.71811      1284635.19657
0.66401   17.97000  0.00289      14.71811      1268978.10320
0.66357   17.96000  0.00289      14.71811      1261185.55652
0.66269   17.95000  0.00289      14.71811      1253417.00983
0.66225   17.93000  0.00289      14.71811      1237951.91647
0.66181   17.92000  0.00289      14.71811      1230255.36978
0.66138   17.91000  0.00289      14.71811      1222582.82310
0.66094   17.89000  0.00289      14.71811      1207309.72973
0.66050   17.87000  0.00289      14.71811      1192132.63636
0.65963   17.86000  0.00289      14.71811      1184580.08967
0.65920   17.84000  0.00289      14.71811      1169546.99630
0.65876   17.83000  0.00289      14.71811      1162066.44962
0.65833   17.81000  0.00289      14.71811      1147177.35625
0.65789   17.79000  0.00289      14.71811      1132384.26288
0.65746   17.78000  0.00289      14.71811      1125023.71619
0.65703   17.75000  0.00289      14.71811      1103086.07614
0.65617   17.74000  0.00289      14.71811      1095821.52946
0.65574   17.72000  0.00289      14.71811      1081364.43609
0.65531   17.70000  0.00289      14.71811      1067003.34272
0.65445   17.68000  0.00289      14.71811      1052738.24935
0.65359   17.66000  0.00289      14.71811      1038569.15598
0.65317   17.64000  0.00289      14.71811      1024496.06261
0.65274   17.63000  0.00289      14.71811      1017495.51592
0.65274   17.61000  0.00289      14.71811      1003566.42255
0.65232   17.60000  0.00289      14.71811      996637.87587 
0.65147   17.59000  0.00289      14.71811      989733.32919 
0.65104   17.57000  0.00289      14.71811      975996.23582 
0.65062   17.56000  0.00289      14.71811      969163.68913 
0.65020   17.55000  0.00289      14.71811      962355.14245 
0.64935   17.54000  0.00289      14.71811      955570.59576 
0.64893   17.54000  0.00289      14.71811      955570.59576 
0.64851   17.52000  0.00289      14.71811      942073.50239 
0.64809   17.51000  0.00289      14.71811      935360.95571 
0.64725   17.50000  0.00289      14.71811      928672.40902 
0.64683   17.48000  0.00289      14.71811      915367.31565 
0.64641   17.48000  0.00289      14.71811      915367.31565 
0.64599   17.46000  0.00289      14.71811      902158.22228 
0.64516   17.44000  0.00289      14.71811      889045.12891 
0.64475   17.43000  0.00289      14.71811      882524.58223 
0.64392   17.40000  0.00289      14.71811      863106.94218 
0.64350   17.39000  0.00289      14.71811      856682.39549 
0.64350   17.38000  0.00289      14.71811      850281.84881 
0.64309   17.36000  0.00289      14.71811      837552.75544 
0.64267   17.36000  0.00289      14.71811      837552.75544 
0.64226   17.35000  0.00289      14.71811      831224.20875 
0.64185   17.34000  0.00289      14.71811      824919.66207 
0.64144   17.33000  0.00289      14.71811      818639.11538 
0.64144   17.31000  0.00289      14.71811      806150.02201 
0.64103   17.30000  0.00289      14.71811      799941.47533 
0.64061   17.29000  0.00289      14.71811      793756.92864 
0.63980   17.27000  0.00289      14.71811      781459.83527 
0.63939   17.26000  0.00289      14.71811      775347.28859 
0.63898   17.24000  0.00289      14.71811      763194.19522 
0.63898   17.23000  0.00289      14.71811      757153.64854 
0.63857   17.22000  0.00289      14.71811      751137.10185 
0.63816   17.20000  0.00289      14.71811      739176.00848 
0.63776   17.19000  0.00289      14.71811      733231.46180 
0.63694   17.17000  0.00289      14.71811      721414.36843 
0.63694   17.15000  0.00289      14.71811      709693.27506 
0.63654   17.15000  0.00289      14.71811      709693.27506 
0.63654   17.14000  0.00289      14.71811      703868.72837 
0.63613   17.13000  0.00289      14.71811      698068.18169 
0.63532   17.12000  0.00289      14.71811      692291.63500 
0.63492   17.10000  0.00289      14.71811      680810.54163 
0.63452   17.10000  0.00289      14.71811      680810.54163 
0.63412   17.09000  0.00289      14.71811      675105.99495 
0.63331   17.08000  0.00289      14.71811      669425.44827 
0.63331   17.08000  0.00289      14.71811      669425.44827 
0.63291   17.07000  0.00289      14.71811      663768.90158 
0.63251   17.06000  0.00289      14.71811      658136.35490 
0.63211   17.05000  0.00289      14.71811      652527.80821 
0.63171   17.04000  0.00289      14.71811      646943.26153 
0.63131   17.04000  0.00289      14.71811      646943.26153 
0.63091   17.03000  0.00289      14.71811      641382.71484 
0.63052   17.02000  0.00289      14.71811      635846.16816 
0.63012   17.01000  0.00289      14.71811      630333.62147 
0.62972   17.00000  0.00289      14.71811      624845.07479 
0.62933   16.98000  0.00289      14.71811      613939.98142 
0.62893   16.97000  0.00289      14.71811      608523.43473 
0.62854   16.95000  0.00289      14.71811      597762.34136 
0.62814   16.94000  0.00289      14.71811      592417.79468 
0.62775   16.93000  0.00289      14.71811      587097.24799 
0.62735   16.91000  0.00289      14.71811      576528.15463 
0.62657   16.90000  0.00289      14.71811      571279.60794 
0.62617   16.89000  0.00289      14.71811      566055.06126 
0.62578   16.87000  0.00289      14.71811      555677.96789 
0.62500   16.85000  0.00289      14.71811      545396.87452 
0.62461   16.83000  0.00289      14.71811      535211.78115 
0.62383   16.81000  0.00289      14.71811      525122.68778 
0.62344   16.79000  0.00289      14.71811      515129.59441 
0.62267   16.77000  0.00289      14.71811      505232.50104 
0.62228   16.75000  0.00289      14.71811      495431.40767 
0.62189   16.74000  0.00289      14.71811      490566.86099 
0.62150   16.73000  0.00289      14.71811      485726.31430 
0.62112   16.71000  0.00289      14.71811      476117.22093 
0.62073   16.69000  0.00289      14.71811      466604.12756 
0.62035   16.68000  0.00289      14.71811      461883.58088 
0.61996   16.68000  0.00289      14.71811      461883.58088 
0.61958   16.66000  0.00289      14.71811      452514.48751 
0.61920   16.65000  0.00289      14.71811      447865.94082 
0.61881   16.64000  0.00289      14.71811      443241.39414 
0.61843   16.63000  0.00289      14.71811      438640.84745 
0.61767   16.62000  0.00289      14.71811      434064.30077 
0.61728   16.61000  0.00289      14.71811      429511.75408 
0.61652   16.61000  0.00289      14.71811      429511.75408 
0.61652   16.60000  0.00289      14.71811      424983.20740 
0.61614   16.59000  0.00289      14.71811      420478.66071 
0.61576   16.58000  0.00289      14.71811      415998.11403 
0.61538   16.58000  0.00289      14.71811      415998.11403 
0.61501   16.57000  0.00289      14.71811      411541.56734 
0.61501   16.57000  0.00289      14.71811      411541.56734 
0.61463   16.55000  0.00289      14.71811      402700.47398 
0.61387   16.54000  0.00289      14.71811      398315.92729 
0.61350   16.52000  0.00289      14.71811      389618.83392 
0.61312   16.51000  0.00289      14.71811      385306.28724 
0.61237   16.49000  0.00289      14.71811      376753.19387 
0.61200   16.48000  0.00289      14.71811      372512.64718 
0.61162   16.46000  0.00289      14.71811      364103.55381 
0.61087   16.45000  0.00289      14.71811      359935.00713 
0.61050   16.44000  0.00289      14.71811      355790.46044 
0.61013   16.43000  0.00289      14.71811      351669.91376 
0.61013   16.42000  0.00289      14.71811      347573.36707 
0.60976   16.41000  0.00289      14.71811      343500.82039 
0.60901   16.39000  0.00289      14.71811      335427.72702 
0.60790   16.35000  0.00289      14.71811      319569.54028 
0.60716   16.32000  0.00289      14.71811      307927.90023 
0.60643   16.31000  0.00289      14.71811      304095.35354 
0.60606   16.29000  0.00289      14.71811      296502.26017 
0.60569   16.27000  0.00289      14.71811      289005.16680 
0.60496   16.26000  0.00289      14.71811      285292.62012 
0.60459   16.24000  0.00289      14.71811      277939.52675 
0.60423   16.23000  0.00289      14.71811      274298.98006 
0.60386   16.21000  0.00289      14.71811      267089.88670 
0.60314   16.18000  0.00289      14.71811      256456.24664 
0.60241   16.17000  0.00289      14.71811      252959.69996 
0.60168   16.16000  0.00289      14.71811      249487.15327 
0.60132   16.15000  0.00289      14.71811      246038.60659 
0.60060   16.15000  0.00289      14.71811      246038.60659 
0.60024   16.13000  0.00289      14.71811      239213.51322 
0.59952   16.12000  0.00289      14.71811      235836.96653 
0.59916   16.12000  0.00289      14.71811      235836.96653 
0.59880   16.11000  0.00289      14.71811      232484.41985 
0.59844   16.10000  0.00289      14.71811      229155.87316 
0.59809   16.09000  0.00289      14.71811      225851.32648 
0.59737   16.08000  0.00289      14.71811      222570.77979 
0.59701   16.07000  0.00289      14.71811      219314.23311 
0.59630   16.04000  0.00289      14.71811      209688.59306 
0.59595   16.03000  0.00289      14.71811      206528.04637 
0.59559   16.03000  0.00289      14.71811      206528.04637 
0.59524   16.01000  0.00289      14.71811      200278.95300 
0.59488   16.00000  0.00289      14.71811      197190.40632 
0.59453   15.98000  0.00289      14.71811      191085.31295 
0.59382   15.96000  0.00289      14.71811      185076.21958 
0.59382   15.95000  0.00289      14.71811      182107.67289 
0.59347   15.94000  0.00289      14.71811      179163.12621 
0.59312   15.93000  0.00289      14.71811      176242.57952 
0.59277   15.91000  0.00289      14.71811      170473.48615 
0.59242   15.89000  0.00289      14.71811      164800.39278 
0.59172   15.88000  0.00289      14.71811      161999.84610 
0.59137   15.87000  0.00289      14.71811      159223.29942 
0.59102   15.84000  0.00289      14.71811      151037.65936 
0.59032   15.83000  0.00289      14.71811      148357.11268 
0.58997   15.80000  0.00289      14.71811      140459.47262 
0.58928   15.78000  0.00289      14.71811      135314.37925 
0.58858   15.75000  0.00289      14.71811      127776.73920 
0.58754   15.71000  0.00289      14.71811      118062.55246 
0.58720   15.68000  0.00289      14.71811      111028.91241 
0.58685   15.67000  0.00289      14.71811      108732.36572 
0.58617   15.66000  0.00289      14.71811      106459.81904 
0.58548   15.64000  0.00289      14.71811      101986.72567 
0.58480   15.63000  0.00289      14.71811      99786.17898  
0.58411   15.61000  0.00289      14.71811      95457.08561  
0.58343   15.61000  0.00289      14.71811      95457.08561  
0.58309   15.60000  0.00289      14.71811      93328.53893  
0.58241   15.60000  0.00289      14.71811      93328.53893  
0.58207   15.59000  0.00289      14.71811      91223.99224  
0.58173   15.58000  0.00289      14.71811      89143.44556  
0.58106   15.57000  0.00289      14.71811      87086.89887  
0.58072   15.56000  0.00289      14.71811      85054.35219  
0.58038   15.56000  0.00289      14.71811      85054.35219  
0.57971   15.55000  0.00289      14.71811      83045.80550  
0.57870   15.50000  0.00289      14.71811      73363.07208  
0.57803   15.48000  0.00289      14.71811      69657.97871  
0.57770   15.45000  0.00289      14.71811      64280.33866  
0.57703   15.43000  0.00289      14.71811      60815.24529  
0.57670   15.41000  0.00289      14.71811      57446.15192  
0.57637   15.39000  0.00289      14.71811      54173.05855  
0.57571   15.38000  0.00289      14.71811      52572.51186  
0.57537   15.36000  0.00289      14.71811      49443.41850  
0.57471   15.33000  0.00289      14.71811      44929.77844  
0.57438   15.31000  0.00289      14.71811      42040.68507  
0.57372   15.28000  0.00289      14.71811      37887.04502  
0.57307   15.24000  0.00289      14.71811      32684.85828  
0.57241   15.24000  0.00289      14.71811      32684.85828  
0.57176   15.23000  0.00289      14.71811      31444.31159  
0.57110   15.21000  0.00289      14.71811      29035.21822  
0.57045   15.18000  0.00289      14.71811      25601.57817  
0.56948   15.17000  0.00289      14.71811      24505.03149  
0.56883   15.15000  0.00289      14.71811      22383.93812  
0.56850   15.14000  0.00289      14.71811      21359.39143  
0.56786   15.13000  0.00289      14.71811      20358.84475  
0.56689   15.12000  0.00289      14.71811      19382.29806  
0.56625   15.08000  0.00289      14.71811      15716.11132  
0.56561   15.08000  0.00289      14.71811      15716.11132  
0.56497   15.08000  0.00289      14.71811      15716.11132  
0.56433   15.05000  0.00289      14.71811      13218.47127  
0.56370   15.05000  0.00289      14.71811      13218.47127  
0.56338   15.05000  0.00289      14.71811      13218.47127  
0.56275   15.01000  0.00289      14.71811      10224.28453  
0.56211   15.01000  0.00289      14.71811      10224.28453  
0.56180   14.99000  0.00289      14.71811      8871.19116   
0.56148   14.96000  0.00289      14.71811      7021.55111   
0.56085   14.94000  0.00289      14.71811      5908.45774   
0.56022   14.89000  0.00289      14.71811      3545.72431   
0.55991   14.89000  0.00289      14.71811      3545.72431   
0.55928   14.87000  0.00289      14.71811      2768.63094   
0.55897   14.83000  0.00289      14.71811      1502.44421   
0.55835   14.82000  0.00289      14.71811      1245.89752   
0.55772   14.80000  0.00289      14.71811      804.80415    
0.55710   14.76000  0.00289      14.71811      210.61741    
0.55648   14.76000  0.00289      14.71811      210.61741    
0.55586   14.71000  0.00289      14.71811      7.88399      
0.55494   14.70000  0.00289      14.71811      39.33730     
0.55432   14.70000  0.00289      14.71811      39.33730     
0.55371   14.65000  0.00289      14.71811      556.60388    
0.55279   14.65000  0.00289      14.71811      556.60388    
0.55218   14.63000  0.00289      14.71811      931.51051    
0.55157   14.62000  0.00289      14.71811      1154.96383   
0.55096   14.62000  0.00289      14.71811      1154.96383   
0.55036   14.60000  0.00289      14.71811      1673.87046   
0.54975   14.60000  0.00289      14.71811      1673.87046   
0.54915   14.60000  0.00289      14.71811      1673.87046   
0.54855   14.56000  0.00289      14.71811      2999.68372   
0.54795   14.57000  0.00289      14.71811      2632.23040   
0.54735   14.54000  0.00289      14.71811      3806.59035   
0.54675   14.51000  0.00289      14.71811      5196.95029   
0.54615   14.50000  0.00289      14.71811      5708.40361   
0.54555   14.47000  0.00289      14.71811      7386.76356   
0.54466   14.45000  0.00289      14.71811      8625.67019   
0.54407   14.46000  0.00289      14.71811      7994.21687   
0.54377   14.42000  0.00289      14.71811      10664.03013  
0.54348   14.41000  0.00289      14.71811      11391.48345  
0.54318   14.41000  0.00289      14.71811      11391.48345  
0.54259   14.37000  0.00289      14.71811      14541.29671  
0.54201   14.36000  0.00289      14.71811      15388.75002  
0.54142   14.33000  0.00289      14.71811      18075.10997  
0.54083   14.31000  0.00289      14.71811      19986.01660  
0.54025   14.31000  0.00289      14.71811      19986.01660  
0.53967   14.26000  0.00289      14.71811      25183.28318  
0.53908   14.25000  0.00289      14.71811      26294.73649  
0.53879   14.26000  0.00289      14.71811      25183.28318  
0.53792   14.21000  0.00289      14.71811      30980.54975  
0.53706   14.19000  0.00289      14.71811      33467.45638  
0.53619   14.16000  0.00289      14.71811      37377.81633  
0.53533   14.15000  0.00289      14.71811      38729.26965  
0.53476   14.14000  0.00289      14.71811      40104.72296  
0.53419   14.12000  0.00289      14.71811      42927.62959  
0.53362   14.12000  0.00289      14.71811      42927.62959  
0.53305   14.11000  0.00289      14.71811      44375.08291  
0.53220   14.08000  0.00289      14.71811      48861.44285  
0.53163   14.09000  0.00289      14.71811      47341.98954  
0.53107   14.05000  0.00289      14.71811      53563.80280  
0.53079   14.05000  0.00289      14.71811      53563.80280  
0.53079   14.05000  0.00289      14.71811      53563.80280  
0.53050   14.02000  0.00289      14.71811      58482.16274  
0.53050   14.03000  0.00289      14.71811      56818.70943  
0.53050   14.04000  0.00289      14.71811      55179.25611  
0.52910   13.99000  0.00289      14.71811      63616.52269  
0.52770   13.98000  0.00289      14.71811      65375.97601  
0.52715   13.95000  0.00289      14.71811      70798.33595  
0.52659   13.93000  0.00289      14.71811      74533.24258  
0.52604   13.91000  0.00289      14.71811      78364.14921  
0.52521   13.88000  0.00289      14.71811      84290.50916  
0.52438   13.86000  0.00289      14.71811      88361.41579  
0.52329   13.83000  0.00289      14.71811      94647.77573  
0.52274   13.79000  0.00289      14.71811      103365.58900 
0.52219   13.78000  0.00289      14.71811      105605.04231 
0.52110   13.75000  0.00289      14.71811      112467.40226 
0.52002   13.72000  0.00289      14.71811      119545.76220 
0.51948   13.71000  0.00289      14.71811      121953.21552 
0.51867   13.69000  0.00289      14.71811      126840.12215 
0.51813   13.68000  0.00289      14.71811      129319.57546 
0.51760   13.67000  0.00289      14.71811      131823.02878 
0.51680   13.63000  0.00289      14.71811      142076.84204 
0.51573   13.64000  0.00289      14.71811      139477.38873 
0.51520   13.62000  0.00289      14.71811      144700.29536 
0.51520   13.61000  0.00289      14.71811      147347.74867 
0.51493   13.62000  0.00289      14.71811      144700.29536 
0.51493   13.59000  0.00289      14.71811      152714.65530 
0.51440   13.59000  0.00289      14.71811      152714.65530 
0.51387   13.58000  0.00289      14.71811      155434.10862 
0.51361   13.56000  0.00289      14.71811      160945.01525 
0.51361   13.56000  0.00289      14.71811      160945.01525 
0.51308   13.56000  0.00289      14.71811      160945.01525 
0.51256   13.53000  0.00289      14.71811      169391.37519 
0.51230   13.53000  0.00289      14.71811      169391.37519 
0.51151   13.50000  0.00289      14.71811      178053.73514 
0.51099   13.48000  0.00289      14.71811      183948.64177 
0.51046   13.47000  0.00289      14.71811      186932.09509 
0.50994   13.44000  0.00289      14.71811      196026.45503 
0.50916   13.43000  0.00289      14.71811      199105.90835 
0.50839   13.41000  0.00289      14.71811      205336.81498 
0.50761   13.39000  0.00289      14.71811      211663.72161 
0.50710   13.38000  0.00289      14.71811      214863.17492 
0.50633   13.35000  0.00289      14.71811      224605.53487 
0.50505   13.33000  0.00289      14.71811      231220.44150 
0.50352   13.29000  0.00289      14.71811      244738.25476 
0.50226   13.25000  0.00289      14.71811      258640.06802 
0.50075   13.20000  0.00289      14.71811      276557.33460 
0.49925   13.15000  0.00289      14.71811      295074.60117 
0.49850   13.13000  0.00289      14.71811      302649.50781 
0.49776   13.14000  0.00289      14.71811      298850.05449 
0.49727   13.12000  0.00289      14.71811      306472.96112 
0.49702   13.11000  0.00289      14.71811      310320.41444 
0.49652   13.11000  0.00289      14.71811      310320.41444 
0.49628   13.08000  0.00289      14.71811      322006.77438 
0.49579   13.07000  0.00289      14.71811      325950.22770 
0.49554   13.07000  0.00289      14.71811      325950.22770 
0.49529   13.05000  0.00289      14.71811      333909.13433 
0.49480   13.05000  0.00289      14.71811      333909.13433 
0.49432   13.02000  0.00289      14.71811      346027.49427 
0.49383   13.01000  0.00289      14.71811      350114.94759 
0.49334   12.99000  0.00289      14.71811      358361.85422 
0.49285   12.96000  0.00289      14.71811      370912.21416 
0.49261   12.96000  0.00289      14.71811      370912.21416 
0.49188   12.94000  0.00289      14.71811      379399.12080 
0.49092   12.90000  0.00289      14.71811      396660.93406 
0.49044   12.89000  0.00289      14.71811      401036.38737 
0.48996   12.87000  0.00289      14.71811      409859.29400 
0.48972   12.85000  0.00289      14.71811      418778.20063 
0.48948   12.86000  0.00289      14.71811      414306.74732 
0.48924   12.83000  0.00289      14.71811      427793.10726 
0.48852   12.83000  0.00289      14.71811      427793.10726 
0.48780   12.81000  0.00289      14.71811      436904.01389 
0.48733   12.78000  0.00289      14.71811      450750.37384 
0.48709   12.78000  0.00289      14.71811      450750.37384 
0.48662   12.77000  0.00289      14.71811      455413.82716 
0.48614   12.75000  0.00289      14.71811      464812.73379 
0.48544   12.74000  0.00289      14.71811      469548.18710 
0.48473   12.71000  0.00289      14.71811      483898.54705 
0.48426   12.72000  0.00289      14.71811      479091.09373 
0.48356   12.71000  0.00289      14.71811      483898.54705 
0.48286   12.69000  0.00289      14.71811      493585.45368 
0.48239   12.69000  0.00289      14.71811      493585.45368 
0.48170   12.67000  0.00289      14.71811      503368.36031 
0.48100   12.64000  0.00289      14.71811      518222.72025 
0.48031   12.63000  0.00289      14.71811      523222.17357 
0.48008   12.62000  0.00289      14.71811      528245.62688 
0.47985   12.61000  0.00289      14.71811      533293.08020 
0.47939   12.61000  0.00289      14.71811      533293.08020 
0.47893   12.57000  0.00289      14.71811      553722.89346 
0.47824   12.55000  0.00289      14.71811      564081.80009 
0.47733   12.54000  0.00289      14.71811      569297.25341 
0.47664   12.49000  0.00289      14.71811      595734.51998 
0.47642   12.50000  0.00289      14.71811      590399.06667 
0.47619   12.48000  0.00289      14.71811      601093.97330 
0.47574   12.47000  0.00289      14.71811      606477.42661 
0.47506   12.46000  0.00289      14.71811      611884.87993 
0.47438   12.43000  0.00289      14.71811      628251.23988 
0.47393   12.42000  0.00289      14.71811      633754.69319 
0.47304   12.40000  0.00289      14.71811      644833.59982 
0.47237   12.37000  0.00289      14.71811      661631.95977 
0.47170   12.36000  0.00289      14.71811      667279.41308 
0.47103   12.33000  0.00289      14.71811      684365.77303 
0.47081   12.32000  0.00289      14.71811      690109.22634 
0.47059   12.32000  0.00289      14.71811      690109.22634 
0.47015   12.29000  0.00289      14.71811      707483.58629 
0.46970   12.30000  0.00289      14.71811      701668.13297 
0.46926   12.29000  0.00289      14.71811      707483.58629 
0.46860   12.26000  0.00289      14.71811      725073.94624 
0.46816   12.26000  0.00289      14.71811      725073.94624 
0.46751   12.25000  0.00289      14.71811      730985.39955 
0.46685   12.25000  0.00289      14.71811      730985.39955 
0.46598   12.24000  0.00289      14.71811      736920.85287 
0.46555   12.21000  0.00289      14.71811      754871.21281 
0.46490   12.20000  0.00289      14.71811      760902.66613 
0.46447   12.19000  0.00289      14.71811      766958.11944 
0.46425   12.16000  0.00289      14.71811      785268.47939 
0.46361   12.15000  0.00289      14.71811      791419.93270 
0.46296   12.13000  0.00289      14.71811      803794.83933 
0.46232   12.11000  0.00289      14.71811      816265.74596 
0.46168   12.10000  0.00289      14.71811      822537.19928 
0.46104   12.06000  0.00289      14.71811      847863.01254 
0.46062   12.05000  0.00289      14.71811      854254.46586 
0.46019   12.05000  0.00289      14.71811      854254.46586 
0.45977   12.01000  0.00289      14.71811      880060.27912 
0.45872   12.00000  0.00289      14.71811      886571.73243 
0.45809   11.98000  0.00289      14.71811      899666.63906 
0.45767   11.95000  0.00289      14.71811      919488.99901 
0.45746   11.96000  0.00289      14.71811      912857.54569 
0.45683   11.92000  0.00289      14.71811      939527.35896 
0.45620   11.92000  0.00289      14.71811      939527.35896 
0.45537   11.90000  0.00289      14.71811      953006.26559 
0.45434   11.84000  0.00289      14.71811      994018.98548 
0.45351   11.83000  0.00289      14.71811      1000938.43879
0.45310   11.82000  0.00289      14.71811      1007881.89211
0.45228   11.80000  0.00289      14.71811      1021840.79874
0.45147   11.79000  0.00289      14.71811      1028856.25205
0.45045   11.77000  0.00289      14.71811      1042959.15868
0.44984   11.75000  0.00289      14.71811      1057158.06532
0.44964   11.76000  0.00289      14.71811      1050046.61200
0.44903   11.73000  0.00289      14.71811      1071452.97195
0.44863   11.73000  0.00289      14.71811      1071452.97195
0.44823   11.72000  0.00289      14.71811      1078636.42526
0.44783   11.70000  0.00289      14.71811      1093075.33189
0.44743   11.70000  0.00289      14.71811      1093075.33189
0.44703   11.68000  0.00289      14.71811      1107610.23852
0.44683   11.67000  0.00289      14.71811      1114913.69184
0.44643   11.67000  0.00289      14.71811      1114913.69184
0.44603   11.67000  0.00289      14.71811      1114913.69184
0.44563   11.65000  0.00289      14.71811      1129592.59847
0.44484   11.63000  0.00289      14.71811      1144367.50510
0.44405   11.60000  0.00289      14.71811      1166709.86504
0.44385   11.59000  0.00289      14.71811      1174205.31836
0.44385   11.59000  0.00289      14.71811      1174205.31836
0.44366   11.58000  0.00289      14.71811      1181724.77168
0.44267   11.53000  0.00289      14.71811      1219682.03825
0.44189   11.49000  0.00289      14.71811      1250479.85151
0.44170   11.50000  0.00289      14.71811      1242744.39820
0.44111   11.50000  0.00289      14.71811      1242744.39820
0.44014   11.46000  0.00289      14.71811      1273830.21146
0.43937   11.44000  0.00289      14.71811      1289517.11809
0.43898   11.42000  0.00289      14.71811      1305300.02472
0.43860   11.41000  0.00289      14.71811      1313227.47804
0.43840   11.41000  0.00289      14.71811      1313227.47804
0.43802   11.38000  0.00289      14.71811      1337153.83798
0.43725   11.38000  0.00289      14.71811      1337153.83798
0.43649   11.37000  0.00289      14.71811      1345177.29130
0.43592   11.34000  0.00289      14.71811      1369391.65124
0.43535   11.33000  0.00289      14.71811      1377511.10456
0.43478   11.32000  0.00289      14.71811      1385654.55787
0.43422   11.32000  0.00289      14.71811      1385654.55787
0.43384   11.31000  0.00289      14.71811      1393822.01119
0.43346   11.30000  0.00289      14.71811      1402013.46450
0.43290   11.29000  0.00289      14.71811      1410228.91782
0.43253   11.29000  0.00289      14.71811      1410228.91782
0.43253   11.27000  0.00289      14.71811      1426731.82445
0.43234   11.27000  0.00289      14.71811      1426731.82445
0.43178   11.25000  0.00289      14.71811      1443330.73108
0.43122   11.24000  0.00289      14.71811      1451666.18440
0.43103   11.23000  0.00289      14.71811      1460025.63771
0.43103   11.21000  0.00289      14.71811      1476816.54434
0.43085   11.21000  0.00289      14.71811      1476816.54434
0.43029   11.20000  0.00289      14.71811      1485247.99766
0.42937   11.16000  0.00289      14.71811      1519213.81092
0.42863   11.15000  0.00289      14.71811      1527765.26423
0.42790   11.13000  0.00289      14.71811      1544940.17086
0.42717   11.10000  0.00289      14.71811      1570882.53081
0.42699   11.10000  0.00289      14.71811      1570882.53081
0.42680   11.08000  0.00289      14.71811      1588297.43744
0.42644   11.06000  0.00289      14.71811      1605808.34407
0.42571   11.05000  0.00289      14.71811      1614599.79739
0.42481   11.02000  0.00289      14.71811      1641118.15733
0.42427   11.02000  0.00289      14.71811      1641118.15733
0.42409   11.01000  0.00289      14.71811      1650005.61065
0.42355   10.98000  0.00289      14.71811      1676811.97059
0.42248   10.96000  0.00289      14.71811      1694802.87722
0.42176   10.92000  0.00289      14.71811      1731072.69048
0.42105   10.91000  0.00289      14.71811      1740200.14380
0.42052   10.91000  0.00289      14.71811      1740200.14380
0.41999   10.87000  0.00289      14.71811      1776949.95706
0.41929   10.86000  0.00289      14.71811      1786197.41038
0.41859   10.87000  0.00289      14.71811      1776949.95706
0.41771   10.84000  0.00289      14.71811      1804764.31701
0.41701   10.83000  0.00289      14.71811      1814083.77032
0.41649   10.82000  0.00289      14.71811      1823427.22364
0.41580   10.81000  0.00289      14.71811      1832794.67695
0.41545   10.82000  0.00289      14.71811      1823427.22364
0.41494   10.78000  0.00289      14.71811      1861041.03690
0.41459   10.77000  0.00289      14.71811      1870504.49021
0.41425   10.77000  0.00289      14.71811      1870504.49021
0.41391   10.73000  0.00289      14.71811      1908598.30347
0.41339   10.73000  0.00289      14.71811      1908598.30347
0.41271   10.70000  0.00289      14.71811      1937420.66342
0.41220   10.70000  0.00289      14.71811      1937420.66342
0.41203   10.70000  0.00289      14.71811      1937420.66342
0.41169   10.67000  0.00289      14.71811      1966459.02337
0.41118   10.65000  0.00289      14.71811      1985937.93000
0.41034   10.64000  0.00289      14.71811      1995713.38331
0.40967   10.60000  0.00289      14.71811      2035055.19657
0.40900   10.59000  0.00289      14.71811      2044950.64989
0.40850   10.57000  0.00289      14.71811      2064813.55652
0.40766   10.54000  0.00289      14.71811      2094787.91647
0.40667   10.51000  0.00289      14.71811      2124978.27641
0.40601   10.48000  0.00289      14.71811      2155384.63636
0.40535   10.47000  0.00289      14.71811      2165568.08967
0.40502   10.46000  0.00289      14.71811      2175775.54299
0.40469   10.44000  0.00289      14.71811      2196262.44962
0.40453   10.44000  0.00289      14.71811      2196262.44962
0.40388   10.42000  0.00289      14.71811      2216845.35625
0.40306   10.41000  0.00289      14.71811      2227172.80956
0.40241   10.40000  0.00289      14.71811      2237524.26288
0.40177   10.38000  0.00289      14.71811      2258299.16951
0.40096   10.38000  0.00289      14.71811      2258299.16951
0.40000   10.36000  0.00289      14.71811      2279170.07614
0.39888   10.32000  0.00289      14.71811      2321199.88940
0.39857   10.32000  0.00289      14.71811      2321199.88940
0.39825   10.31000  0.00289      14.71811      2331767.34272
0.39793   10.29000  0.00289      14.71811      2352974.24935
0.39761   10.28000  0.00289      14.71811      2363613.70266
0.39730   10.26000  0.00289      14.71811      2384964.60929
0.39683   10.25000  0.00289      14.71811      2395676.06261
0.39635   10.24000  0.00289      14.71811      2406411.51592
0.39573   10.22000  0.00289      14.71811      2427954.42255
0.39510   10.21000  0.00289      14.71811      2438761.87587
0.39432   10.18000  0.00289      14.71811      2471328.23582
0.39355   10.15000  0.00289      14.71811      2504110.59576
0.39293   10.14000  0.00289      14.71811      2515086.04908
0.39216   10.11000  0.00289      14.71811      2548156.40902
0.39170   10.10000  0.00289      14.71811      2559227.86234
0.39170   10.10000  0.00289      14.71811      2559227.86234
0.39124   10.07000  0.00289      14.71811      2592586.22228
0.39062   10.06000  0.00289      14.71811      2603753.67560
0.39032   10.04000  0.00289      14.71811      2626160.58223
0.39002   10.03000  0.00289      14.71811      2637400.03555
0.38895   10.02000  0.00289      14.71811      2648663.48886
0.38760   9.98000   0.00289      14.71811      2693957.30212
0.38685   9.97000   0.00289      14.71811      2705340.75544
0.38595   9.95000   0.00289      14.71811      2728179.66207
0.38506   9.93000   0.00289      14.71811      2751114.56870
0.38476   9.92000   0.00289      14.71811      2762618.02201
0.38462   9.92000   0.00289      14.71811      2762618.02201
0.38417   9.92000   0.00289      14.71811      2762618.02201
0.38373   9.89000   0.00289      14.71811      2797272.38196
0.38314   9.84000   0.00289      14.71811      2855509.64854
0.38270   9.85000   0.00289      14.71811      2843814.19522
0.38226   9.86000   0.00289      14.71811      2832142.74191
0.38183   9.83000   0.00289      14.71811      2867229.10185
0.38153   9.83000   0.00289      14.71811      2867229.10185
0.38124   9.82000   0.00289      14.71811      2878972.55517
0.38081   9.79000   0.00289      14.71811      2914346.91511
0.38023   9.78000   0.00289      14.71811      2926186.36843
0.37965   9.76000   0.00289      14.71811      2949937.27506
0.37936   9.75000   0.00289      14.71811      2961848.72837
0.37879   9.75000   0.00289      14.71811      2961848.72837
0.37836   9.72000   0.00289      14.71811      2997727.08832
0.37779   9.70000   0.00289      14.71811      3021765.99495
0.37750   9.69000   0.00289      14.71811      3033821.44827
0.37707   9.67000   0.00289      14.71811      3058004.35490
0.37679   9.66000   0.00289      14.71811      3070131.80821
0.37636   9.65000   0.00289      14.71811      3082283.26153
0.37608   9.64000   0.00289      14.71811      3094458.71484
0.37580   9.64000   0.00289      14.71811      3094458.71484
0.37523   9.60000   0.00289      14.71811      3143400.52810
0.37467   9.60000   0.00289      14.71811      3143400.52810
0.37425   9.59000   0.00289      14.71811      3155695.98142
0.37369   9.57000   0.00289      14.71811      3180358.88805
0.37300   9.54000   0.00289      14.71811      3217533.24799
0.37230   9.53000   0.00289      14.71811      3229972.70131
0.37161   9.51000   0.00289      14.71811      3254923.60794
0.37092   9.49000   0.00289      14.71811      3279970.51457
0.37051   9.47000   0.00289      14.71811      3305113.42120
0.37010   9.48000   0.00289      14.71811      3292529.96789
0.36955   9.47000   0.00289      14.71811      3305113.42120
0.36887   9.44000   0.00289      14.71811      3343007.78115
0.36819   9.45000   0.00289      14.71811      3330352.32783
0.36765   9.44000   0.00289      14.71811      3343007.78115
0.36724   9.42000   0.00289      14.71811      3368390.68778
0.36684   9.42000   0.00289      14.71811      3368390.68778
0.36643   9.39000   0.00289      14.71811      3406645.04772
0.36590   9.39000   0.00289      14.71811      3406645.04772
0.36536   9.39000   0.00289      14.71811      3406645.04772
0.36483   9.36000   0.00289      14.71811      3445115.40767
0.36443   9.35000   0.00289      14.71811      3457986.86099
0.36390   9.33000   0.00289      14.71811      3483801.76762
0.36337   9.31000   0.00289      14.71811      3509712.67425
0.36298   9.30000   0.00289      14.71811      3522704.12756
0.36258   9.29000   0.00289      14.71811      3535719.58088
0.36179   9.26000   0.00289      14.71811      3574909.94082
0.36075   9.24000   0.00289      14.71811      3601156.84745
0.36023   9.20000   0.00289      14.71811      3653938.66071
0.35997   9.20000   0.00289      14.71811      3653938.66071
0.35958   9.19000   0.00289      14.71811      3667194.11403
0.35920   9.17000   0.00289      14.71811      3693777.02066
0.35881   9.17000   0.00289      14.71811      3693777.02066
0.35829   9.15000   0.00289      14.71811      3720455.92729
0.35765   9.12000   0.00289      14.71811      3760654.28724
0.35714   9.11000   0.00289      14.71811      3774101.74055
0.35663   9.10000   0.00289      14.71811      3787573.19387
0.35625   9.08000   0.00289      14.71811      3814588.10050
0.35562   9.07000   0.00289      14.71811      3828131.55381
0.35461   9.02000   0.00289      14.71811      3896208.82039
0.35386   9.01000   0.00289      14.71811      3909896.27370

Gradi di liberta = 737
Chi-quadro = 937590161.732071
p-value = 0.0

Media pesata = 14.718105548037888 +/- 0.00010619086483530494

****************************************************************************************************
SERIE 35
****************************************************************************************************

Test ipotesi linearità_____________________________________
Covarianza = 0.36568
Indice Pearson = 0.99995 +/- 0.00038
Gradi di Liberta' = 737
	t = 2624.671426038679
	p-value (due code) = 0.0

Parametri___________________________________________________
y = a + bx
a = -1.24014 +/- 0.00616
b = 28.89574 +/- 0.01169

Test bontà fit _____________________________________________
x         y         sy           y*            Chi-quadro   
0.73421   19.99000  0.00289      19.97552      25.15052     
0.73368   19.98000  0.00289      19.95996      48.20452     
0.73368   19.97000  0.00289      19.95996      12.10237     
0.73314   19.96000  0.00289      19.94441      29.14767     
0.73260   19.95000  0.00289      19.92890      53.45044     
0.73206   19.93000  0.00289      19.91340      33.07550     
0.73153   19.94000  0.00289      19.89792      212.45193    
0.73153   19.91000  0.00289      19.89792      17.50105     
0.73099   19.91000  0.00289      19.88247      90.93697     
0.73046   19.92000  0.00289      19.86704      336.54017    
0.72993   19.90000  0.00289      19.85164      280.69207    
0.72993   19.89000  0.00289      19.85164      176.61787    
0.72939   19.86000  0.00289      19.83625      67.67883     
0.72886   19.86000  0.00289      19.82089      183.55371    
0.72886   19.87000  0.00289      19.82089      289.41839    
0.72833   19.85000  0.00289      19.80555      237.09321    
0.72780   19.84000  0.00289      19.79023      297.20824    
0.72674   19.82000  0.00289      19.75967      436.82614    
0.72569   19.78000  0.00289      19.72919      309.83406    
0.72516   19.77000  0.00289      19.71398      376.57652    
0.72516   19.76000  0.00289      19.71398      254.13072    
0.72464   19.75000  0.00289      19.69880      314.61251    
0.72411   19.72000  0.00289      19.68363      158.69299    
0.72359   19.72000  0.00289      19.66849      318.33929    
0.72307   19.69000  0.00289      19.65338      160.95744    
0.72254   19.68000  0.00289      19.63828      208.87102    
0.72202   19.66000  0.00289      19.62320      162.46530    
0.72150   19.64000  0.00289      19.60815      121.71538    
0.72098   19.63000  0.00289      19.59312      163.20915    
0.72098   19.62000  0.00289      19.59312      86.69904     
0.72046   19.61000  0.00289      19.57811      122.02722    
0.72046   19.60000  0.00289      19.57811      57.49418     
0.71994   19.58000  0.00289      19.56312      34.17881     
0.71942   19.56000  0.00289      19.54816      16.83106     
0.71891   19.55000  0.00289      19.53321      33.82024     
0.71839   19.54000  0.00289      19.51829      56.56587     
0.71839   19.52000  0.00289      19.51829      0.35144      
0.71788   19.49000  0.00289      19.50339      21.50444     
0.71788   19.49000  0.00289      19.50339      21.50444     
0.71736   19.48000  0.00289      19.48851      8.68248      
0.71685   19.47000  0.00289      19.47365      1.59596      
0.71633   19.46000  0.00289      19.45881      0.17024      
0.71582   19.46000  0.00289      19.44399      30.74998     
0.71582   19.45000  0.00289      19.44399      4.33125      
0.71531   19.45000  0.00289      19.42920      51.93340     
0.71480   19.44000  0.00289      19.41442      78.50620     
0.71480   19.43000  0.00289      19.41442      29.11974     
0.71429   19.42000  0.00289      19.39967      49.60172     
0.71378   19.41000  0.00289      19.38494      75.37941     
0.71327   19.40000  0.00289      19.37023      106.38135    
0.71327   19.40000  0.00289      19.37023      106.38135    
0.71276   19.39000  0.00289      19.35554      142.53665    
0.71276   19.38000  0.00289      19.35554      71.82172     
0.71225   19.37000  0.00289      19.34087      101.85368    
0.71174   19.37000  0.00289      19.32622      230.02620    
0.71124   19.36000  0.00289      19.31159      281.22121    
0.71073   19.34000  0.00289      19.29698      222.05125    
0.71023   19.32000  0.00289      19.28240      169.67483    
0.70972   19.31000  0.00289      19.26783      213.37624    
0.70922   19.29000  0.00289      19.25329      161.73785    
0.70922   19.28000  0.00289      19.25329      85.62760     
0.70872   19.26000  0.00289      19.23876      54.11945     
0.70822   19.26000  0.00289      19.22426      153.28282    
0.70771   19.25000  0.00289      19.20978      194.14750    
0.70721   19.23000  0.00289      19.19531      144.37038    
0.70671   19.21000  0.00289      19.18087      101.80975    
0.70621   19.20000  0.00289      19.16645      135.06569    
0.70572   19.17000  0.00289      19.15205      38.66622     
0.70522   19.16000  0.00289      19.13767      59.84297     
0.70472   19.14000  0.00289      19.12331      33.43508     
0.70423   19.12000  0.00289      19.10897      14.60604     
0.70373   19.11000  0.00289      19.09465      28.28509     
0.70323   19.09000  0.00289      19.08035      11.18154     
0.70274   19.08000  0.00289      19.06607      23.29538     
0.70274   19.07000  0.00289      19.06607      1.85621      
0.70225   19.05000  0.00289      19.05181      0.39184      
0.70126   19.03000  0.00289      19.02335      5.31137      
0.70028   19.00000  0.00289      18.99497      3.03993      
0.69979   18.99000  0.00289      18.98081      10.14245     
0.69930   18.98000  0.00289      18.96667      21.33554     
0.69881   18.97000  0.00289      18.95255      36.56033     
0.69832   18.96000  0.00289      18.93844      55.75842     
0.69784   18.95000  0.00289      18.92436      78.87181     
0.69686   18.93000  0.00289      18.89626      136.61481    
0.69686   18.93000  0.00289      18.89626      136.61481    
0.69638   18.92000  0.00289      18.88224      171.13064    
0.69589   18.91000  0.00289      18.86823      209.33424    
0.69541   18.90000  0.00289      18.85425      251.16980    
0.69493   18.88000  0.00289      18.84029      189.26752    
0.69444   18.86000  0.00289      18.82634      135.95212    
0.69396   18.85000  0.00289      18.81242      169.51116    
0.69348   18.83000  0.00289      18.79851      118.99859    
0.69300   18.82000  0.00289      18.78462      150.18685    
0.69252   18.80000  0.00289      18.77076      102.63184    
0.69204   18.79000  0.00289      18.75691      131.41992    
0.69156   18.78000  0.00289      18.74308      163.59262    
0.69061   18.75000  0.00289      18.71548      143.02586    
0.69013   18.74000  0.00289      18.70170      175.98673    
0.68966   18.71000  0.00289      18.68795      58.33710     
0.68918   18.69000  0.00289      18.67422      29.89116     
0.68871   18.68000  0.00289      18.66050      45.61973     
0.68823   18.65000  0.00289      18.64681      1.22424      
0.68776   18.63000  0.00289      18.63313      1.17453      
0.68681   18.62000  0.00289      18.60583      24.09436     
0.68634   18.60000  0.00289      18.59221      7.28402      
0.68587   18.58000  0.00289      18.57861      0.23301      
0.68540   18.56000  0.00289      18.56502      3.02735      
0.68493   18.54000  0.00289      18.55146      15.75308     
0.68446   18.54000  0.00289      18.53791      0.52370      
0.68399   18.53000  0.00289      18.52438      3.78627      
0.68399   18.51000  0.00289      18.52438      24.82401     
0.68353   18.50000  0.00289      18.51087      14.18738     
0.68306   18.49000  0.00289      18.49738      6.53953      
0.68259   18.49000  0.00289      18.48391      4.45140      
0.68213   18.48000  0.00289      18.47046      10.93262     
0.68166   18.47000  0.00289      18.45702      20.22043     
0.68120   18.47000  0.00289      18.44360      83.62621     
0.68120   18.46000  0.00289      18.44360      32.26961     
0.68074   18.45000  0.00289      18.43020      47.03529     
0.68027   18.44000  0.00289      18.41682      64.47296     
0.67981   18.42000  0.00289      18.40346      32.83725     
0.67935   18.41000  0.00289      18.39011      47.45922     
0.67889   18.41000  0.00289      18.37679      132.37828    
0.67843   18.39000  0.00289      18.36348      84.41236     
0.67751   18.37000  0.00289      18.33691      131.35841    
0.67705   18.35000  0.00289      18.32366      83.25646     
0.67659   18.34000  0.00289      18.31042      104.97466    
0.67613   18.32000  0.00289      18.29720      62.35675     
0.67568   18.31000  0.00289      18.28400      81.09825     
0.67522   18.30000  0.00289      18.27082      102.17388    
0.67476   18.29000  0.00289      18.25766      125.54304    
0.67431   18.27000  0.00289      18.24451      77.98368     
0.67385   18.26000  0.00289      18.23138      98.30798     
0.67340   18.24000  0.00289      18.21827      56.68602     
0.67340   18.23000  0.00289      18.21827      16.52349     
0.67295   18.22000  0.00289      18.20517      26.38746     
0.67249   18.20000  0.00289      18.19209      7.50010      
0.67204   18.19000  0.00289      18.17903      14.42788     
0.67159   18.18000  0.00289      18.16599      23.54288     
0.67114   18.17000  0.00289      18.15297      34.80684     
0.67114   18.15000  0.00289      18.15297      1.05775      
0.67069   18.14000  0.00289      18.13996      0.00017      
0.67024   18.13000  0.00289      18.12697      1.09967      
0.66979   18.11000  0.00289      18.11400      1.92083      
0.66934   18.08000  0.00289      18.10105      53.15352     
0.66890   18.08000  0.00289      18.08811      7.89077      
0.66845   18.07000  0.00289      18.07519      3.23118      
0.66800   18.05000  0.00289      18.06229      18.11462     
0.66756   18.05000  0.00289      18.04940      0.04307      
0.66711   18.04000  0.00289      18.03653      1.44271      
0.66667   18.03000  0.00289      18.02368      4.79078      
0.66622   18.03000  0.00289      18.01085      44.01807     
0.66622   18.02000  0.00289      18.01085      10.05213     
0.66578   18.01000  0.00289      17.99803      17.19192     
0.66534   18.00000  0.00289      17.98523      26.17561     
0.66489   17.99000  0.00289      17.97245      36.96896     
0.66445   17.99000  0.00289      17.95968      110.30100    
0.66401   17.97000  0.00289      17.94693      63.84920     
0.66357   17.96000  0.00289      17.93420      79.86910     
0.66269   17.95000  0.00289      17.90879      203.81216    
0.66225   17.93000  0.00289      17.89611      137.85217    
0.66181   17.92000  0.00289      17.88344      160.37943    
0.66138   17.91000  0.00289      17.87079      184.45308    
0.66094   17.89000  0.00289      17.85816      121.63239    
0.66050   17.87000  0.00289      17.84555      71.74573     
0.65963   17.86000  0.00289      17.82037      188.47032    
0.65920   17.84000  0.00289      17.80780      124.38394    
0.65876   17.83000  0.00289      17.79526      144.85151    
0.65833   17.81000  0.00289      17.78273      89.26989     
0.65789   17.79000  0.00289      17.77021      46.99665     
0.65746   17.78000  0.00289      17.75771      59.61302     
0.65703   17.75000  0.00289      17.74523      2.73106      
0.65617   17.74000  0.00289      17.72031      46.50372     
0.65574   17.72000  0.00289      17.70788      17.62411     
0.65531   17.70000  0.00289      17.69546      2.46869      
0.65445   17.68000  0.00289      17.67068      10.42464     
0.65359   17.66000  0.00289      17.64596      23.65643     
0.65317   17.64000  0.00289      17.63362      4.87893      
0.65274   17.63000  0.00289      17.62130      9.07452      
0.65274   17.61000  0.00289      17.62130      15.33356     
0.65232   17.60000  0.00289      17.60900      9.72075      
0.65147   17.59000  0.00289      17.58444      3.70803      
0.65104   17.57000  0.00289      17.57219      0.57323      
0.65062   17.56000  0.00289      17.55995      0.00035      
0.65020   17.55000  0.00289      17.54772      0.62258      
0.64935   17.54000  0.00289      17.52332      33.37700     
0.64893   17.54000  0.00289      17.51115      99.90461     
0.64851   17.52000  0.00289      17.49899      52.99114     
0.64809   17.51000  0.00289      17.48684      64.35915     
0.64725   17.50000  0.00289      17.46260      167.85812    
0.64683   17.48000  0.00289      17.45050      104.41779    
0.64641   17.48000  0.00289      17.43842      207.46898    
0.64599   17.46000  0.00289      17.42635      135.84960    
0.64516   17.44000  0.00289      17.40227      170.84627    
0.64475   17.43000  0.00289      17.39025      189.62474    
0.64392   17.40000  0.00289      17.36626      136.64365    
0.64350   17.39000  0.00289      17.35428      153.09148    
0.64350   17.38000  0.00289      17.35428      79.36872     
0.64309   17.36000  0.00289      17.34232      37.49141     
0.64267   17.36000  0.00289      17.33038      105.26786    
0.64226   17.35000  0.00289      17.31845      119.41215    
0.64185   17.34000  0.00289      17.30654      134.32478    
0.64144   17.33000  0.00289      17.29465      149.98493    
0.64144   17.31000  0.00289      17.29465      28.28783     
0.64103   17.30000  0.00289      17.28277      35.64476     
0.64061   17.29000  0.00289      17.27090      43.78129     
0.63980   17.27000  0.00289      17.24721      62.31213     
0.63939   17.26000  0.00289      17.23539      72.66648     
0.63898   17.24000  0.00289      17.22359      32.32821     
0.63898   17.23000  0.00289      17.22359      4.93590      
0.63857   17.22000  0.00289      17.21180      8.07636      
0.63816   17.20000  0.00289      17.20002      0.00005      
0.63776   17.19000  0.00289      17.18826      0.36309      
0.63694   17.17000  0.00289      17.16478      3.26374      
0.63694   17.15000  0.00289      17.16478      26.23101     
0.63654   17.15000  0.00289      17.15307      1.13057      
0.63654   17.14000  0.00289      17.15307      20.49719     
0.63613   17.13000  0.00289      17.14137      15.51025     
0.63532   17.12000  0.00289      17.11801      0.47403      
0.63492   17.10000  0.00289      17.10636      4.84862      
0.63452   17.10000  0.00289      17.09472      3.35134      
0.63412   17.09000  0.00289      17.08309      5.73158      
0.63331   17.08000  0.00289      17.05988      48.57651     
0.63331   17.08000  0.00289      17.05988      48.57651     
0.63291   17.07000  0.00289      17.04830      56.51743     
0.63251   17.06000  0.00289      17.03673      64.97738     
0.63211   17.05000  0.00289      17.02518      73.93997     
0.63171   17.04000  0.00289      17.01364      83.38905     
0.63131   17.04000  0.00289      17.00212      172.23256    
0.63091   17.03000  0.00289      16.99061      186.22917    
0.63052   17.02000  0.00289      16.97911      200.63006    
0.63012   17.01000  0.00289      16.96763      215.41988    
0.62972   17.00000  0.00289      16.95616      230.58348    
0.62933   16.98000  0.00289      16.94471      149.41789    
0.62893   16.97000  0.00289      16.93328      161.83550    
0.62854   16.95000  0.00289      16.92185      95.06589     
0.62814   16.94000  0.00289      16.91045      104.81705    
0.62775   16.93000  0.00289      16.89905      114.93778    
0.62735   16.91000  0.00289      16.88767      59.82611     
0.62657   16.90000  0.00289      16.86496      147.37669    
0.62617   16.89000  0.00289      16.85362      158.83589    
0.62578   16.87000  0.00289      16.84230      92.10481     
0.62500   16.85000  0.00289      16.81969      110.22581    
0.62461   16.83000  0.00289      16.80841      55.92455     
0.62383   16.81000  0.00289      16.78589      69.73413     
0.62344   16.79000  0.00289      16.77466      28.25467     
0.62267   16.77000  0.00289      16.75222      37.93085     
0.62228   16.75000  0.00289      16.74102      9.66645      
0.62189   16.74000  0.00289      16.72984      12.38096     
0.62150   16.73000  0.00289      16.71867      15.39316     
0.62112   16.71000  0.00289      16.70752      0.73832      
0.62073   16.69000  0.00289      16.69638      4.88276      
0.62035   16.68000  0.00289      16.68525      3.30998      
0.61996   16.68000  0.00289      16.67414      4.12231      
0.61958   16.66000  0.00289      16.66304      1.10869      
0.61920   16.65000  0.00289      16.65195      0.45818      
0.61881   16.64000  0.00289      16.64088      0.09339      
0.61843   16.63000  0.00289      16.62982      0.00372      
0.61767   16.62000  0.00289      16.60775      18.01128     
0.61728   16.61000  0.00289      16.59673      21.12639     
0.61652   16.61000  0.00289      16.57474      149.21061    
0.61652   16.60000  0.00289      16.57474      76.58136     
0.61614   16.59000  0.00289      16.56376      82.61632     
0.61576   16.58000  0.00289      16.55280      88.79187     
0.61538   16.58000  0.00289      16.54185      174.66167    
0.61501   16.57000  0.00289      16.53091      183.33741    
0.61501   16.57000  0.00289      16.53091      183.33741    
0.61463   16.55000  0.00289      16.51999      108.07075    
0.61387   16.54000  0.00289      16.49819      209.81707    
0.61350   16.52000  0.00289      16.48730      128.29273    
0.61312   16.51000  0.00289      16.47643      135.20321    
0.61237   16.49000  0.00289      16.45474      149.22977    
0.61200   16.48000  0.00289      16.44391      156.33001    
0.61162   16.46000  0.00289      16.43309      86.89495     
0.61087   16.45000  0.00289      16.41150      177.88650    
0.61050   16.44000  0.00289      16.40072      185.13252    
0.61013   16.43000  0.00289      16.38996      192.39680    
0.61013   16.42000  0.00289      16.38996      108.29765    
0.60976   16.41000  0.00289      16.37921      113.77305    
0.60901   16.39000  0.00289      16.35775      124.82467    
0.60790   16.35000  0.00289      16.32565      71.12521     
0.60716   16.32000  0.00289      16.30432      29.48955     
0.60643   16.31000  0.00289      16.28304      87.19003     
0.60606   16.29000  0.00289      16.27242      37.06706     
0.60569   16.27000  0.00289      16.26182      8.03455      
0.60496   16.26000  0.00289      16.24064      44.97053     
0.60459   16.24000  0.00289      16.23007      11.82632     
0.60423   16.23000  0.00289      16.21952      13.18818     
0.60386   16.21000  0.00289      16.20897      0.12648      
0.60314   16.18000  0.00289      16.18792      7.53657      
0.60241   16.17000  0.00289      16.16693      1.13300      
0.60168   16.16000  0.00289      16.14598      23.58680     
0.60132   16.15000  0.00289      16.13553      25.14148     
0.60060   16.15000  0.00289      16.11465      149.92260    
0.60024   16.13000  0.00289      16.10424      79.64948     
0.59952   16.12000  0.00289      16.08344      160.39499    
0.59916   16.12000  0.00289      16.07306      264.39799    
0.59880   16.11000  0.00289      16.06269      268.55073    
0.59844   16.10000  0.00289      16.05234      272.59386    
0.59809   16.09000  0.00289      16.04200      276.52449    
0.59737   16.08000  0.00289      16.02135      412.80093    
0.59701   16.07000  0.00289      16.01104      417.11061    
0.59630   16.04000  0.00289      15.99047      294.39619    
0.59595   16.03000  0.00289      15.98020      297.59710    
0.59559   16.03000  0.00289      15.96994      432.80196    
0.59524   16.01000  0.00289      15.95970      303.60798    
0.59488   16.00000  0.00289      15.94947      306.41406    
0.59453   15.98000  0.00289      15.93925      199.28142    
0.59382   15.96000  0.00289      15.91885      203.24317    
0.59382   15.95000  0.00289      15.91885      116.47236    
0.59347   15.94000  0.00289      15.90866      117.84752    
0.59312   15.93000  0.00289      15.89849      119.13938    
0.59277   15.91000  0.00289      15.88833      56.34242     
0.59242   15.89000  0.00289      15.87818      16.75305     
0.59172   15.88000  0.00289      15.85793      58.47133     
0.59137   15.87000  0.00289      15.84781      59.06202     
0.59102   15.84000  0.00289      15.83772      0.62626      
0.59032   15.83000  0.00289      15.81755      18.59205     
0.58997   15.80000  0.00289      15.80749      6.73062      
0.58928   15.78000  0.00289      15.78740      6.56717      
0.58858   15.75000  0.00289      15.76735      36.13743     
0.58754   15.71000  0.00289      15.73738      89.93065     
0.58720   15.68000  0.00289      15.72741      269.68392    
0.58685   15.67000  0.00289      15.71745      270.16788    
0.58617   15.66000  0.00289      15.69757      169.37125    
0.58548   15.64000  0.00289      15.67774      170.87686    
0.58480   15.63000  0.00289      15.65795      93.73480     
0.58411   15.61000  0.00289      15.63821      95.48174     
0.58343   15.61000  0.00289      15.61851      8.69680      
0.58309   15.60000  0.00289      15.60868      9.04736      
0.58241   15.60000  0.00289      15.58906      14.36960     
0.58207   15.59000  0.00289      15.57926      13.83834     
0.58173   15.58000  0.00289      15.56948      13.28829     
0.58106   15.57000  0.00289      15.54994      48.27792     
0.58072   15.56000  0.00289      15.54019      47.08357     
0.58038   15.56000  0.00289      15.53045      104.76430    
0.57971   15.55000  0.00289      15.51101      182.43905    
0.57870   15.50000  0.00289      15.48193      39.19692     
0.57803   15.48000  0.00289      15.46259      36.35244     
0.57770   15.45000  0.00289      15.45295      1.04128      
0.57703   15.43000  0.00289      15.43368      1.62577      
0.57670   15.41000  0.00289      15.42406      23.73874     
0.57637   15.39000  0.00289      15.41446      71.79629     
0.57571   15.38000  0.00289      15.39528      28.03184     
0.57537   15.36000  0.00289      15.38571      79.33495     
0.57471   15.33000  0.00289      15.36660      160.76620    
0.57438   15.31000  0.00289      15.35706      265.79719    
0.57372   15.28000  0.00289      15.33802      403.94624    
0.57307   15.24000  0.00289      15.31902      749.26821    
0.57241   15.24000  0.00289      15.30006      432.88041    
0.57176   15.23000  0.00289      15.28115      313.92444    
0.57110   15.21000  0.00289      15.26228      327.94011    
0.57045   15.18000  0.00289      15.24345      483.09131    
0.56948   15.17000  0.00289      15.21529      246.11871    
0.56883   15.15000  0.00289      15.19657      260.22073    
0.56850   15.14000  0.00289      15.18722      267.59995    
0.56786   15.13000  0.00289      15.16857      178.48045    
0.56689   15.12000  0.00289      15.14066      51.22047     
0.56625   15.08000  0.00289      15.12211      212.77746    
0.56561   15.08000  0.00289      15.10360      66.83179     
0.56497   15.08000  0.00289      15.08513      3.16036      
0.56433   15.05000  0.00289      15.06671      33.49114     
0.56370   15.05000  0.00289      15.04832      0.33796      
0.56338   15.05000  0.00289      15.03915      14.13920     
0.56275   15.01000  0.00289      15.02082      14.05644     
0.56211   15.01000  0.00289      15.00254      6.67468      
0.56180   14.99000  0.00289      14.99342      1.40099      
0.56148   14.96000  0.00289      14.98430      70.87048     
0.56085   14.94000  0.00289      14.96610      81.76375     
0.56022   14.89000  0.00289      14.94794      402.91061    
0.55991   14.89000  0.00289      14.93888      286.72017    
0.55928   14.87000  0.00289      14.92078      309.47541    
0.55897   14.83000  0.00289      14.91175      801.96713    
0.55835   14.82000  0.00289      14.89371      652.03716    
0.55772   14.80000  0.00289      14.87572      687.96323    
0.55710   14.76000  0.00289      14.85776      1146.85065   
0.55648   14.76000  0.00289      14.83984      765.00663    
0.55586   14.71000  0.00289      14.82197      1504.40272   
0.55494   14.70000  0.00289      14.79523      1088.17915   
0.55432   14.70000  0.00289      14.77745      719.80751    
0.55371   14.65000  0.00289      14.75971      1444.38341   
0.55279   14.65000  0.00289      14.73318      830.21674    
0.55218   14.63000  0.00289      14.71554      877.98991    
0.55157   14.62000  0.00289      14.69794      728.87515    
0.55096   14.62000  0.00289      14.68037      437.38775    
0.55036   14.60000  0.00289      14.66285      474.00008    
0.54975   14.60000  0.00289      14.64536      246.94282    
0.54915   14.60000  0.00289      14.62792      93.52033     
0.54855   14.56000  0.00289      14.61051      306.12525    
0.54795   14.57000  0.00289      14.59314      64.24005     
0.54735   14.54000  0.00289      14.57580      153.83749    
0.54675   14.51000  0.00289      14.55851      282.38751    
0.54615   14.50000  0.00289      14.54125      204.21954    
0.54555   14.47000  0.00289      14.52403      350.36124    
0.54466   14.45000  0.00289      14.49828      279.66374    
0.54407   14.46000  0.00289      14.48115      53.67861     
0.54377   14.42000  0.00289      14.47260      332.02579    
0.54348   14.41000  0.00289      14.46406      350.71905    
0.54318   14.41000  0.00289      14.45553      248.77259    
0.54259   14.37000  0.00289      14.43850      563.04725    
0.54201   14.36000  0.00289      14.42150      453.91130    
0.54142   14.33000  0.00289      14.40454      666.81314    
0.54083   14.31000  0.00289      14.38762      723.01100    
0.54025   14.31000  0.00289      14.37074      442.65917    
0.53967   14.26000  0.00289      14.35389      1057.75888   
0.53908   14.25000  0.00289      14.33707      909.81399    
0.53879   14.26000  0.00289      14.32868      566.04197    
0.53792   14.21000  0.00289      14.30356      1050.32755   
0.53706   14.19000  0.00289      14.27851      940.13486    
0.53619   14.16000  0.00289      14.25355      1050.18069   
0.53533   14.15000  0.00289      14.22867      742.61354    
0.53476   14.14000  0.00289      14.21212      624.19852    
0.53419   14.12000  0.00289      14.19561      686.09114    
0.53362   14.12000  0.00289      14.17914      419.70574    
0.53305   14.11000  0.00289      14.16270      333.29505    
0.53220   14.08000  0.00289      14.13811      405.20584    
0.53163   14.09000  0.00289      14.12176      121.03125    
0.53107   14.05000  0.00289      14.10544      368.85721    
0.53079   14.05000  0.00289      14.09730      268.43776    
0.53079   14.05000  0.00289      14.09730      268.43776    
0.53050   14.02000  0.00289      14.08916      573.97539    
0.53050   14.03000  0.00289      14.08916      419.99100    
0.53050   14.04000  0.00289      14.08916      290.00661    
0.52910   13.99000  0.00289      14.04861      412.16591    
0.52770   13.98000  0.00289      14.00827      95.88103     
0.52715   13.95000  0.00289      13.99219      213.60355    
0.52659   13.93000  0.00289      13.97615      255.55564    
0.52604   13.91000  0.00289      13.96014      301.67265    
0.52521   13.88000  0.00289      13.93619      378.86671    
0.52438   13.86000  0.00289      13.91231      328.41679    
0.52329   13.83000  0.00289      13.88060      307.22140    
0.52274   13.79000  0.00289      13.86479      671.22165    
0.52219   13.78000  0.00289      13.84901      571.55865    
0.52110   13.75000  0.00289      13.81756      547.75943    
0.52002   13.72000  0.00289      13.78624      526.54441    
0.51948   13.71000  0.00289      13.77063      441.10758    
0.51867   13.69000  0.00289      13.74727      393.61204    
0.51813   13.68000  0.00289      13.73174      321.25770    
0.51760   13.67000  0.00289      13.71624      256.60218    
0.51680   13.63000  0.00289      13.69305      477.09861    
0.51573   13.64000  0.00289      13.66225      59.39757     
0.51520   13.62000  0.00289      13.64689      86.78649     
0.51520   13.61000  0.00289      13.64689      163.32912    
0.51493   13.62000  0.00289      13.63923      44.36101     
0.51493   13.59000  0.00289      13.63923      290.79495    
0.51440   13.59000  0.00289      13.62392      138.05936    
0.51387   13.58000  0.00289      13.60864      98.44654     
0.51361   13.56000  0.00289      13.60102      201.87666    
0.51361   13.56000  0.00289      13.60102      201.87666    
0.51308   13.56000  0.00289      13.58579      79.79264     
0.51256   13.53000  0.00289      13.57059      197.68743    
0.51230   13.53000  0.00289      13.56300      130.68516    
0.51151   13.50000  0.00289      13.54028      194.74410    
0.51099   13.48000  0.00289      13.52518      244.94397    
0.51046   13.47000  0.00289      13.51011      193.01213    
0.50994   13.44000  0.00289      13.49506      363.81479    
0.50916   13.43000  0.00289      13.47255      217.29850    
0.50839   13.41000  0.00289      13.45011      193.10025    
0.50761   13.39000  0.00289      13.42774      170.94856    
0.50710   13.38000  0.00289      13.41287      129.63145    
0.50633   13.35000  0.00289      13.39061      197.89678    
0.50505   13.33000  0.00289      13.35366      67.19396     
0.50352   13.29000  0.00289      13.30957      45.97324     
0.50226   13.25000  0.00289      13.27303      63.67051     
0.50075   13.20000  0.00289      13.22943      103.93177    
0.49925   13.15000  0.00289      13.18609      156.26254    
0.49850   13.13000  0.00289      13.16451      142.92291    
0.49776   13.14000  0.00289      13.14300      1.08074      
0.49727   13.12000  0.00289      13.12870      9.07562      
0.49702   13.11000  0.00289      13.12155      16.02214     
0.49652   13.11000  0.00289      13.10729      0.87926      
0.49628   13.08000  0.00289      13.10017      48.83307     
0.49579   13.07000  0.00289      13.08595      30.54116     
0.49554   13.07000  0.00289      13.07885      9.40763      
0.49529   13.05000  0.00289      13.07176      56.83057     
0.49480   13.05000  0.00289      13.05760      6.92917      
0.49432   13.02000  0.00289      13.04346      66.06541     
0.49383   13.01000  0.00289      13.02936      44.96057     
0.49334   12.99000  0.00289      13.01528      76.67123     
0.49285   12.96000  0.00289      13.00123      203.94336    
0.49261   12.96000  0.00289      12.99421      140.43790    
0.49188   12.94000  0.00289      12.97320      132.30809    
0.49092   12.90000  0.00289      12.94529      246.19181    
0.49044   12.89000  0.00289      12.93138      205.48111    
0.48996   12.87000  0.00289      12.91749      270.67724    
0.48972   12.85000  0.00289      12.91056      440.10739    
0.48948   12.86000  0.00289      12.90363      228.47072    
0.48924   12.83000  0.00289      12.89671      534.09583    
0.48852   12.83000  0.00289      12.87600      253.87475    
0.48780   12.81000  0.00289      12.85534      246.66558    
0.48733   12.78000  0.00289      12.84160      455.34497    
0.48709   12.78000  0.00289      12.83474      359.58588    
0.48662   12.77000  0.00289      12.82104      312.64114    
0.48614   12.75000  0.00289      12.80737      394.97196    
0.48544   12.74000  0.00289      12.78691      264.10479    
0.48473   12.71000  0.00289      12.76652      383.27910    
0.48426   12.72000  0.00289      12.75295      130.28151    
0.48356   12.71000  0.00289      12.73265      61.56372     
0.48286   12.69000  0.00289      12.71241      60.26250     
0.48239   12.69000  0.00289      12.69895      9.60869      
0.48170   12.67000  0.00289      12.67881      9.30363      
0.48100   12.64000  0.00289      12.65872      42.05288     
0.48031   12.63000  0.00289      12.63869      9.06794      
0.48008   12.62000  0.00289      12.63203      17.36643     
0.47985   12.61000  0.00289      12.62537      28.36119     
0.47939   12.61000  0.00289      12.61208      0.51896      
0.47893   12.57000  0.00289      12.59881      99.60999     
0.47824   12.55000  0.00289      12.57896      100.61494    
0.47733   12.54000  0.00289      12.55257      18.96427     
0.47664   12.49000  0.00289      12.53285      220.31987    
0.47642   12.50000  0.00289      12.52629      82.91991     
0.47619   12.48000  0.00289      12.51973      189.43031    
0.47574   12.47000  0.00289      12.50664      161.09214    
0.47506   12.46000  0.00289      12.48705      87.78893     
0.47438   12.43000  0.00289      12.46751      168.85605    
0.47393   12.42000  0.00289      12.45452      142.98524    
0.47304   12.40000  0.00289      12.42861      98.19928     
0.47237   12.37000  0.00289      12.40924      184.73978    
0.47170   12.36000  0.00289      12.38992      107.43395    
0.47103   12.33000  0.00289      12.37066      198.39516    
0.47081   12.32000  0.00289      12.36425      234.99517    
0.47059   12.32000  0.00289      12.35785      171.91958    
0.47015   12.29000  0.00289      12.34506      363.85135    
0.46970   12.30000  0.00289      12.33230      125.21343    
0.46926   12.29000  0.00289      12.31956      104.88576    
0.46860   12.26000  0.00289      12.30050      196.84866    
0.46816   12.26000  0.00289      12.28782      92.89707     
0.46751   12.25000  0.00289      12.26885      42.63918     
0.46685   12.25000  0.00289      12.24993      0.00059      
0.46598   12.24000  0.00289      12.22479      27.77825     
0.46555   12.21000  0.00289      12.21225      0.60652      
0.46490   12.20000  0.00289      12.19349      5.09167      
0.46447   12.19000  0.00289      12.18101      9.70459      
0.46425   12.16000  0.00289      12.17478      26.20080     
0.46361   12.15000  0.00289      12.15612      4.49245      
0.46296   12.13000  0.00289      12.13751      6.77282      
0.46232   12.11000  0.00289      12.11896      9.63026      
0.46168   12.10000  0.00289      12.10046      0.02489      
0.46104   12.06000  0.00289      12.08200      58.09963     
0.46062   12.05000  0.00289      12.06973      46.71699     
0.46019   12.05000  0.00289      12.05748      6.71524      
0.45977   12.01000  0.00289      12.04525      149.13259    
0.45872   12.00000  0.00289      12.01478      26.22045     
0.45809   11.98000  0.00289      11.99657      32.93274     
0.45767   11.95000  0.00289      11.98445      142.41824    
0.45746   11.96000  0.00289      11.97840      40.62966     
0.45683   11.92000  0.00289      11.96028      194.74275    
0.45620   11.92000  0.00289      11.94222      59.23893     
0.45537   11.90000  0.00289      11.91821      39.77860     
0.45434   11.84000  0.00289      11.88832      280.12147    
0.45351   11.83000  0.00289      11.86450      142.82394    
0.45310   11.82000  0.00289      11.85262      127.71702    
0.45228   11.80000  0.00289      11.82894      100.48299    
0.45147   11.79000  0.00289      11.80534      28.22349     
0.45045   11.77000  0.00289      11.77595      4.25456      
0.44984   11.75000  0.00289      11.75839      8.44463      
0.44964   11.76000  0.00289      11.75254      6.67079      
0.44903   11.73000  0.00289      11.73504      3.05017      
0.44863   11.73000  0.00289      11.72340      5.22803      
0.44823   11.72000  0.00289      11.71178      8.11178      
0.44783   11.70000  0.00289      11.70018      0.00379      
0.44743   11.70000  0.00289      11.68860      15.60062     
0.44703   11.68000  0.00289      11.67704      1.05209      
0.44683   11.67000  0.00289      11.67127      0.19272      
0.44643   11.67000  0.00289      11.65974      12.63403     
0.44603   11.67000  0.00289      11.64823      56.86285     
0.44563   11.65000  0.00289      11.63674      21.08412     
0.44484   11.63000  0.00289      11.61383      31.36788     
0.44405   11.60000  0.00289      11.59100      9.71796      
0.44385   11.59000  0.00289      11.58531      2.64425      
0.44385   11.59000  0.00289      11.58531      2.64425      
0.44366   11.58000  0.00289      11.57962      0.01772      
0.44267   11.53000  0.00289      11.55124      54.14093     
0.44189   11.49000  0.00289      11.52863      179.08492    
0.44170   11.50000  0.00289      11.52299      63.43222     
0.44111   11.50000  0.00289      11.50610      4.46731      
0.44014   11.46000  0.00289      11.47805      39.09944     
0.43937   11.44000  0.00289      11.45570      29.57462     
0.43898   11.42000  0.00289      11.44455      72.33849     
0.43860   11.41000  0.00289      11.43343      65.85038     
0.43840   11.41000  0.00289      11.42787      38.31758     
0.43802   11.38000  0.00289      11.41677      162.25847    
0.43725   11.38000  0.00289      11.39463      25.70022     
0.43649   11.37000  0.00289      11.37257      0.79546      
0.43592   11.34000  0.00289      11.35608      31.02892     
0.43535   11.33000  0.00289      11.33963      11.12596     
0.43478   11.32000  0.00289      11.32322      1.24462      
0.43422   11.32000  0.00289      11.30685      20.73530     
0.43384   11.31000  0.00289      11.29597      23.62726     
0.43346   11.30000  0.00289      11.28510      26.64040     
0.43290   11.29000  0.00289      11.26883      53.76161     
0.43253   11.29000  0.00289      11.25801      122.78204    
0.43253   11.27000  0.00289      11.25801      17.24328     
0.43234   11.27000  0.00289      11.25261      36.29230     
0.43178   11.25000  0.00289      11.23643      22.10718     
0.43122   11.24000  0.00289      11.22029      46.63446     
0.43103   11.23000  0.00289      11.21492      27.30446     
0.43103   11.21000  0.00289      11.21492      2.89965      
0.43085   11.21000  0.00289      11.20955      0.02436      
0.43029   11.20000  0.00289      11.19348      5.10377      
0.42937   11.16000  0.00289      11.16679      5.52490      
0.42863   11.15000  0.00289      11.14551      2.41568      
0.42790   11.13000  0.00289      11.12431      3.87962      
0.42717   11.10000  0.00289      11.10319      1.21902      
0.42699   11.10000  0.00289      11.09792      0.52076      
0.42680   11.08000  0.00289      11.09265      19.20540     
0.42644   11.06000  0.00289      11.08213      58.78179     
0.42571   11.05000  0.00289      11.06115      14.91736     
0.42481   11.02000  0.00289      11.03502      27.07569     
0.42427   11.02000  0.00289      11.01940      0.04361      
0.42409   11.01000  0.00289      11.01420      2.11478      
0.42355   10.98000  0.00289      10.99863      41.63601     
0.42248   10.96000  0.00289      10.96760      6.93766      
0.42176   10.92000  0.00289      10.94701      87.53470     
0.42105   10.91000  0.00289      10.92648      32.60156     
0.42052   10.91000  0.00289      10.91113      0.15424      
0.41999   10.87000  0.00289      10.89582      80.02191     
0.41929   10.86000  0.00289      10.87547      28.71702     
0.41859   10.87000  0.00289      10.85518      26.34189     
0.41771   10.84000  0.00289      10.82992      12.18749     
0.41701   10.83000  0.00289      10.80979      49.01995     
0.41649   10.82000  0.00289      10.79473      76.61368     
0.41580   10.81000  0.00289      10.77472      149.39479    
0.41545   10.82000  0.00289      10.76473      366.53570    
0.41494   10.78000  0.00289      10.74979      109.52481    
0.41459   10.77000  0.00289      10.73985      109.10396    
0.41425   10.77000  0.00289      10.72992      192.75305    
0.41391   10.73000  0.00289      10.72001      11.96968     
0.41339   10.73000  0.00289      10.70518      73.92466     
0.41271   10.70000  0.00289      10.68546      25.36946     
0.41220   10.70000  0.00289      10.67071      102.92925    
0.41203   10.70000  0.00289      10.66581      140.31502    
0.41169   10.67000  0.00289      10.65600      23.51354     
0.41118   10.65000  0.00289      10.64133      9.02568      
0.41034   10.64000  0.00289      10.61695      63.75547     
0.40967   10.60000  0.00289      10.59752      0.73790      
0.40900   10.59000  0.00289      10.57815      16.83952     
0.40850   10.57000  0.00289      10.56367      4.80717      
0.40766   10.54000  0.00289      10.53961      0.01818      
0.40667   10.51000  0.00289      10.51087      0.09041      
0.40601   10.48000  0.00289      10.49178      16.66327     
0.40535   10.47000  0.00289      10.47276      0.91526      
0.40502   10.46000  0.00289      10.46327      1.28610      
0.40469   10.44000  0.00289      10.45380      22.85659     
0.40453   10.44000  0.00289      10.44907      9.87306      
0.40388   10.42000  0.00289      10.43019      12.45191     
0.40306   10.41000  0.00289      10.40667      1.33295      
0.40241   10.40000  0.00289      10.38792      17.51185     
0.40177   10.38000  0.00289      10.36923      13.91233     
0.40096   10.38000  0.00289      10.34596      139.06271    
0.40000   10.36000  0.00289      10.31815      210.15681    
0.39888   10.32000  0.00289      10.28588      139.71305    
0.39857   10.32000  0.00289      10.27669      225.08264    
0.39825   10.31000  0.00289      10.26752      216.56978    
0.39793   10.29000  0.00289      10.25836      120.13708    
0.39761   10.28000  0.00289      10.24922      113.72426    
0.39730   10.26000  0.00289      10.24009      47.58894     
0.39683   10.25000  0.00289      10.22642      66.72830     
0.39635   10.24000  0.00289      10.21278      88.88239     
0.39573   10.22000  0.00289      10.19466      77.08094     
0.39510   10.21000  0.00289      10.17658      133.99582    
0.39432   10.18000  0.00289      10.15407      80.65494     
0.39355   10.15000  0.00289      10.13165      40.38953     
0.39293   10.14000  0.00289      10.11378      82.49395     
0.39216   10.11000  0.00289      10.09152      40.98948     
0.39170   10.10000  0.00289      10.07820      57.01603     
0.39170   10.10000  0.00289      10.07820      57.01603     
0.39124   10.07000  0.00289      10.06492      3.09921      
0.39062   10.06000  0.00289      10.04725      19.49576     
0.39032   10.04000  0.00289      10.03844      0.29112      
0.39002   10.03000  0.00289      10.02964      0.01514      
0.38895   10.02000  0.00289      9.99896       53.11770     
0.38760   9.98000   0.00289      9.95975       49.18499     
0.38685   9.97000   0.00289      9.93809       122.17916    
0.38595   9.95000   0.00289      9.91221       171.40769    
0.38506   9.93000   0.00289      9.88644       227.69753    
0.38476   9.92000   0.00289      9.87788       212.91428    
0.38462   9.92000   0.00289      9.87360       258.33775    
0.38417   9.92000   0.00289      9.86079       420.65919    
0.38373   9.89000   0.00289      9.84801       211.54383    
0.38314   9.84000   0.00289      9.83102       9.67649      
0.38270   9.85000   0.00289      9.81831       120.51605    
0.38226   9.86000   0.00289      9.80563       354.76309    
0.38183   9.83000   0.00289      9.79297       164.50270    
0.38153   9.83000   0.00289      9.78456       247.81978    
0.38124   9.82000   0.00289      9.77615       230.74144    
0.38081   9.79000   0.00289      9.76356       83.86038     
0.38023   9.78000   0.00289      9.74683       132.03937    
0.37965   9.76000   0.00289      9.73014       106.96599    
0.37936   9.75000   0.00289      9.72182       95.28996     
0.37879   9.75000   0.00289      9.70521       240.72133    
0.37836   9.72000   0.00289      9.69279       88.86112     
0.37779   9.70000   0.00289      9.67627       67.59372     
0.37750   9.69000   0.00289      9.66802       57.95046     
0.37707   9.67000   0.00289      9.65568       24.59034     
0.37679   9.66000   0.00289      9.64747       18.82773     
0.37636   9.65000   0.00289      9.63518       26.35239     
0.37608   9.64000   0.00289      9.62700       20.27696     
0.37580   9.64000   0.00289      9.61883       53.76371     
0.37523   9.60000   0.00289      9.60253       0.77091      
0.37467   9.60000   0.00289      9.58628       22.57278     
0.37425   9.59000   0.00289      9.57413       30.22517     
0.37369   9.57000   0.00289      9.55796       17.38224     
0.37300   9.54000   0.00289      9.53783       0.56697      
0.37230   9.53000   0.00289      9.51776       17.96899     
0.37161   9.51000   0.00289      9.49777       17.93575     
0.37092   9.49000   0.00289      9.47786       17.68587     
0.37051   9.47000   0.00289      9.46595       1.97162      
0.37010   9.48000   0.00289      9.45406       80.74768     
0.36955   9.47000   0.00289      9.43825       120.95531    
0.36887   9.44000   0.00289      9.41856       55.17611     
0.36819   9.45000   0.00289      9.39893       312.91642    
0.36765   9.44000   0.00289      9.38329       385.93282    
0.36724   9.42000   0.00289      9.37159       281.27964    
0.36684   9.42000   0.00289      9.35991       433.34304    
0.36643   9.39000   0.00289      9.34825       209.12612    
0.36590   9.39000   0.00289      9.33276       393.21100    
0.36536   9.39000   0.00289      9.31731       634.14383    
0.36483   9.36000   0.00289      9.30190       405.09408    
0.36443   9.35000   0.00289      9.29037       426.64627    
0.36390   9.33000   0.00289      9.27504       362.41043    
0.36337   9.31000   0.00289      9.25976       302.87511    
0.36298   9.30000   0.00289      9.24833       320.40784    
0.36258   9.29000   0.00289      9.23692       338.11689    
0.36179   9.26000   0.00289      9.21418       251.98854    
0.36075   9.24000   0.00289      9.18400       376.26504    
0.36023   9.20000   0.00289      9.16898       115.44128    
0.35997   9.20000   0.00289      9.16149       177.96490    
0.35958   9.19000   0.00289      9.15027       189.42645    
0.35920   9.17000   0.00289      9.13907       114.78184    
0.35881   9.17000   0.00289      9.12790       212.68964    
0.35829   9.15000   0.00289      9.11304       163.91875    
0.35765   9.12000   0.00289      9.09453       77.86836     
0.35714   9.11000   0.00289      9.07976       109.71597    
0.35663   9.10000   0.00289      9.06504       146.65649    
0.35625   9.08000   0.00289      9.05403       80.95047     
0.35562   9.07000   0.00289      9.03572       140.98804    
0.35461   9.02000   0.00289      9.00657       21.63804     
0.35386   9.01000   0.00289      8.98482       76.10474     

Gradi di liberta = 737
Chi-quadro = 103717.34851560053
p-value = 0.0
Errore a posteriori = 0.03425

Test ipotesi funzione costante_______________________________
Gradi di Liberta' = 737
t = 2471.754138084908
p-value = 0.0

Test ipotesi compatibilità misure____________________________
x         y         sy           y_media_p     Chi-quadro   
0.73421   19.99000  0.00289      14.71811      3335144.53352
0.73368   19.98000  0.00289      14.71811      3322503.98683
0.73368   19.97000  0.00289      14.71811      3309887.44015
0.73314   19.96000  0.00289      14.71811      3297294.89346
0.73260   19.95000  0.00289      14.71811      3284726.34678
0.73206   19.93000  0.00289      14.71811      3259661.25341
0.73153   19.94000  0.00289      14.71811      3272181.80009
0.73153   19.91000  0.00289      14.71811      3234692.16004
0.73099   19.91000  0.00289      14.71811      3234692.16004
0.73046   19.92000  0.00289      14.71811      3247164.70672
0.72993   19.90000  0.00289      14.71811      3222243.61335
0.72993   19.89000  0.00289      14.71811      3209819.06667
0.72939   19.86000  0.00289      14.71811      3172689.42661
0.72886   19.86000  0.00289      14.71811      3172689.42661
0.72886   19.87000  0.00289      14.71811      3185041.97330
0.72833   19.85000  0.00289      14.71811      3160360.87993
0.72780   19.84000  0.00289      14.71811      3148056.33324
0.72674   19.82000  0.00289      14.71811      3123519.23988
0.72569   19.78000  0.00289      14.71811      3074733.05314
0.72516   19.77000  0.00289      14.71811      3062596.50645
0.72516   19.76000  0.00289      14.71811      3050483.95977
0.72464   19.75000  0.00289      14.71811      3038395.41308
0.72411   19.72000  0.00289      14.71811      3002273.77303
0.72359   19.72000  0.00289      14.71811      3002273.77303
0.72307   19.69000  0.00289      14.71811      2966368.13297
0.72254   19.68000  0.00289      14.71811      2954447.58629
0.72202   19.66000  0.00289      14.71811      2930678.49292
0.72150   19.64000  0.00289      14.71811      2907005.39955
0.72098   19.63000  0.00289      14.71811      2895204.85287
0.72098   19.62000  0.00289      14.71811      2883428.30618
0.72046   19.61000  0.00289      14.71811      2871675.75950
0.72046   19.60000  0.00289      14.71811      2859947.21281
0.71994   19.58000  0.00289      14.71811      2836562.11944
0.71942   19.56000  0.00289      14.71811      2813273.02607
0.71891   19.55000  0.00289      14.71811      2801664.47939
0.71839   19.54000  0.00289      14.71811      2790079.93270
0.71839   19.52000  0.00289      14.71811      2766982.83933
0.71788   19.49000  0.00289      14.71811      2732517.19928
0.71788   19.49000  0.00289      14.71811      2732517.19928
0.71736   19.48000  0.00289      14.71811      2721076.65260
0.71685   19.47000  0.00289      14.71811      2709660.10591
0.71633   19.46000  0.00289      14.71811      2698267.55923
0.71582   19.46000  0.00289      14.71811      2698267.55923
0.71582   19.45000  0.00289      14.71811      2686899.01254
0.71531   19.45000  0.00289      14.71811      2686899.01254
0.71480   19.44000  0.00289      14.71811      2675554.46586
0.71480   19.43000  0.00289      14.71811      2664233.91917
0.71429   19.42000  0.00289      14.71811      2652937.37249
0.71378   19.41000  0.00289      14.71811      2641664.82580
0.71327   19.40000  0.00289      14.71811      2630416.27912
0.71327   19.40000  0.00289      14.71811      2630416.27912
0.71276   19.39000  0.00289      14.71811      2619191.73243
0.71276   19.38000  0.00289      14.71811      2607991.18575
0.71225   19.37000  0.00289      14.71811      2596814.63906
0.71174   19.37000  0.00289      14.71811      2596814.63906
0.71124   19.36000  0.00289      14.71811      2585662.09238
0.71073   19.34000  0.00289      14.71811      2563428.99901
0.71023   19.32000  0.00289      14.71811      2541291.90564
0.70972   19.31000  0.00289      14.71811      2530259.35896
0.70922   19.29000  0.00289      14.71811      2508266.26559
0.70922   19.28000  0.00289      14.71811      2497305.71890
0.70872   19.26000  0.00289      14.71811      2475456.62553
0.70822   19.26000  0.00289      14.71811      2475456.62553
0.70771   19.25000  0.00289      14.71811      2464568.07885
0.70721   19.23000  0.00289      14.71811      2442862.98548
0.70671   19.21000  0.00289      14.71811      2421253.89211
0.70621   19.20000  0.00289      14.71811      2410485.34542
0.70572   19.17000  0.00289      14.71811      2378323.70537
0.70522   19.16000  0.00289      14.71811      2367651.15868
0.70472   19.14000  0.00289      14.71811      2346378.06532
0.70423   19.12000  0.00289      14.71811      2325200.97195
0.70373   19.11000  0.00289      14.71811      2314648.42526
0.70323   19.09000  0.00289      14.71811      2293615.33189
0.70274   19.08000  0.00289      14.71811      2283134.78521
0.70274   19.07000  0.00289      14.71811      2272678.23852
0.70225   19.05000  0.00289      14.71811      2251837.14515
0.70126   19.03000  0.00289      14.71811      2231092.05178
0.70028   19.00000  0.00289      14.71811      2200154.41173
0.69979   18.99000  0.00289      14.71811      2189889.86504
0.69930   18.98000  0.00289      14.71811      2179649.31836
0.69881   18.97000  0.00289      14.71811      2169432.77168
0.69832   18.96000  0.00289      14.71811      2159240.22499
0.69784   18.95000  0.00289      14.71811      2149071.67831
0.69686   18.93000  0.00289      14.71811      2128806.58494
0.69686   18.93000  0.00289      14.71811      2128806.58494
0.69638   18.92000  0.00289      14.71811      2118710.03825
0.69589   18.91000  0.00289      14.71811      2108637.49157
0.69541   18.90000  0.00289      14.71811      2098588.94488
0.69493   18.88000  0.00289      14.71811      2078563.85151
0.69444   18.86000  0.00289      14.71811      2058634.75814
0.69396   18.85000  0.00289      14.71811      2048706.21146
0.69348   18.83000  0.00289      14.71811      2028921.11809
0.69300   18.82000  0.00289      14.71811      2019064.57140
0.69252   18.80000  0.00289      14.71811      1999423.47804
0.69204   18.79000  0.00289      14.71811      1989638.93135
0.69156   18.78000  0.00289      14.71811      1979878.38467
0.69061   18.75000  0.00289      14.71811      1950740.74461
0.69013   18.74000  0.00289      14.71811      1941076.19793
0.68966   18.71000  0.00289      14.71811      1912226.55787
0.68918   18.69000  0.00289      14.71811      1893113.46450
0.68871   18.68000  0.00289      14.71811      1883592.91782
0.68823   18.65000  0.00289      14.71811      1855175.27776
0.68776   18.63000  0.00289      14.71811      1836350.18440
0.68681   18.62000  0.00289      14.71811      1826973.63771
0.68634   18.60000  0.00289      14.71811      1808292.54434
0.68587   18.58000  0.00289      14.71811      1789707.45097
0.68540   18.56000  0.00289      14.71811      1771218.35760
0.68493   18.54000  0.00289      14.71811      1752825.26423
0.68446   18.54000  0.00289      14.71811      1752825.26423
0.68399   18.53000  0.00289      14.71811      1743664.71755
0.68399   18.51000  0.00289      14.71811      1725415.62418
0.68353   18.50000  0.00289      14.71811      1716327.07749
0.68306   18.49000  0.00289      14.71811      1707262.53081
0.68259   18.49000  0.00289      14.71811      1707262.53081
0.68213   18.48000  0.00289      14.71811      1698221.98412
0.68166   18.47000  0.00289      14.71811      1689205.43744
0.68120   18.47000  0.00289      14.71811      1689205.43744
0.68120   18.46000  0.00289      14.71811      1680212.89075
0.68074   18.45000  0.00289      14.71811      1671244.34407
0.68027   18.44000  0.00289      14.71811      1662299.79739
0.67981   18.42000  0.00289      14.71811      1644482.70402
0.67935   18.41000  0.00289      14.71811      1635610.15733
0.67889   18.41000  0.00289      14.71811      1635610.15733
0.67843   18.39000  0.00289      14.71811      1617937.06396
0.67751   18.37000  0.00289      14.71811      1600359.97059
0.67705   18.35000  0.00289      14.71811      1582878.87722
0.67659   18.34000  0.00289      14.71811      1574174.33054
0.67613   18.32000  0.00289      14.71811      1556837.23717
0.67568   18.31000  0.00289      14.71811      1548204.69048
0.67522   18.30000  0.00289      14.71811      1539596.14380
0.67476   18.29000  0.00289      14.71811      1531011.59711
0.67431   18.27000  0.00289      14.71811      1513914.50375
0.67385   18.26000  0.00289      14.71811      1505401.95706
0.67340   18.24000  0.00289      14.71811      1488448.86369
0.67340   18.23000  0.00289      14.71811      1480008.31701
0.67295   18.22000  0.00289      14.71811      1471591.77032
0.67249   18.20000  0.00289      14.71811      1454830.67695
0.67204   18.19000  0.00289      14.71811      1446486.13027
0.67159   18.18000  0.00289      14.71811      1438165.58358
0.67114   18.17000  0.00289      14.71811      1429869.03690
0.67114   18.15000  0.00289      14.71811      1413347.94353
0.67069   18.14000  0.00289      14.71811      1405123.39684
0.67024   18.13000  0.00289      14.71811      1396922.85016
0.66979   18.11000  0.00289      14.71811      1380593.75679
0.66934   18.08000  0.00289      14.71811      1356280.11674
0.66890   18.08000  0.00289      14.71811      1356280.11674
0.66845   18.07000  0.00289      14.71811      1348223.57005
0.66800   18.05000  0.00289      14.71811      1332182.47668
0.66756   18.05000  0.00289      14.71811      1332182.47668
0.66711   18.04000  0.00289      14.71811      1324197.93000
0.66667   18.03000  0.00289      14.71811      1316237.38331
0.66622   18.03000  0.00289      14.71811      1316237.38331
0.66622   18.02000  0.00289      14.71811      1308300.83663
0.66578   18.01000  0.00289      14.71811      1300388.28994
0.66534   18.00000  0.00289      14.71811      1292499.74326
0.66489   17.99000  0.00289      14.71811      1284635.19657
0.66445   17.99000  0.00289      14.71811      1284635.19657
0.66401   17.97000  0.00289      14.71811      1268978.10320
0.66357   17.96000  0.00289      14.71811      1261185.55652
0.66269   17.95000  0.00289      14.71811      1253417.00983
0.66225   17.93000  0.00289      14.71811      1237951.91647
0.66181   17.92000  0.00289      14.71811      1230255.36978
0.66138   17.91000  0.00289      14.71811      1222582.82310
0.66094   17.89000  0.00289      14.71811      1207309.72973
0.66050   17.87000  0.00289      14.71811      1192132.63636
0.65963   17.86000  0.00289      14.71811      1184580.08967
0.65920   17.84000  0.00289      14.71811      1169546.99630
0.65876   17.83000  0.00289      14.71811      1162066.44962
0.65833   17.81000  0.00289      14.71811      1147177.35625
0.65789   17.79000  0.00289      14.71811      1132384.26288
0.65746   17.78000  0.00289      14.71811      1125023.71619
0.65703   17.75000  0.00289      14.71811      1103086.07614
0.65617   17.74000  0.00289      14.71811      1095821.52946
0.65574   17.72000  0.00289      14.71811      1081364.43609
0.65531   17.70000  0.00289      14.71811      1067003.34272
0.65445   17.68000  0.00289      14.71811      1052738.24935
0.65359   17.66000  0.00289      14.71811      1038569.15598
0.65317   17.64000  0.00289      14.71811      1024496.06261
0.65274   17.63000  0.00289      14.71811      1017495.51592
0.65274   17.61000  0.00289      14.71811      1003566.42255
0.65232   17.60000  0.00289      14.71811      996637.87587 
0.65147   17.59000  0.00289      14.71811      989733.32919 
0.65104   17.57000  0.00289      14.71811      975996.23582 
0.65062   17.56000  0.00289      14.71811      969163.68913 
0.65020   17.55000  0.00289      14.71811      962355.14245 
0.64935   17.54000  0.00289      14.71811      955570.59576 
0.64893   17.54000  0.00289      14.71811      955570.59576 
0.64851   17.52000  0.00289      14.71811      942073.50239 
0.64809   17.51000  0.00289      14.71811      935360.95571 
0.64725   17.50000  0.00289      14.71811      928672.40902 
0.64683   17.48000  0.00289      14.71811      915367.31565 
0.64641   17.48000  0.00289      14.71811      915367.31565 
0.64599   17.46000  0.00289      14.71811      902158.22228 
0.64516   17.44000  0.00289      14.71811      889045.12891 
0.64475   17.43000  0.00289      14.71811      882524.58223 
0.64392   17.40000  0.00289      14.71811      863106.94218 
0.64350   17.39000  0.00289      14.71811      856682.39549 
0.64350   17.38000  0.00289      14.71811      850281.84881 
0.64309   17.36000  0.00289      14.71811      837552.75544 
0.64267   17.36000  0.00289      14.71811      837552.75544 
0.64226   17.35000  0.00289      14.71811      831224.20875 
0.64185   17.34000  0.00289      14.71811      824919.66207 
0.64144   17.33000  0.00289      14.71811      818639.11538 
0.64144   17.31000  0.00289      14.71811      806150.02201 
0.64103   17.30000  0.00289      14.71811      799941.47533 
0.64061   17.29000  0.00289      14.71811      793756.92864 
0.63980   17.27000  0.00289      14.71811      781459.83527 
0.63939   17.26000  0.00289      14.71811      775347.28859 
0.63898   17.24000  0.00289      14.71811      763194.19522 
0.63898   17.23000  0.00289      14.71811      757153.64854 
0.63857   17.22000  0.00289      14.71811      751137.10185 
0.63816   17.20000  0.00289      14.71811      739176.00848 
0.63776   17.19000  0.00289      14.71811      733231.46180 
0.63694   17.17000  0.00289      14.71811      721414.36843 
0.63694   17.15000  0.00289      14.71811      709693.27506 
0.63654   17.15000  0.00289      14.71811      709693.27506 
0.63654   17.14000  0.00289      14.71811      703868.72837 
0.63613   17.13000  0.00289      14.71811      698068.18169 
0.63532   17.12000  0.00289      14.71811      692291.63500 
0.63492   17.10000  0.00289      14.71811      680810.54163 
0.63452   17.10000  0.00289      14.71811      680810.54163 
0.63412   17.09000  0.00289      14.71811      675105.99495 
0.63331   17.08000  0.00289      14.71811      669425.44827 
0.63331   17.08000  0.00289      14.71811      669425.44827 
0.63291   17.07000  0.00289      14.71811      663768.90158 
0.63251   17.06000  0.00289      14.71811      658136.35490 
0.63211   17.05000  0.00289      14.71811      652527.80821 
0.63171   17.04000  0.00289      14.71811      646943.26153 
0.63131   17.04000  0.00289      14.71811      646943.26153 
0.63091   17.03000  0.00289      14.71811      641382.71484 
0.63052   17.02000  0.00289      14.71811      635846.16816 
0.63012   17.01000  0.00289      14.71811      630333.62147 
0.62972   17.00000  0.00289      14.71811      624845.07479 
0.62933   16.98000  0.00289      14.71811      613939.98142 
0.62893   16.97000  0.00289      14.71811      608523.43473 
0.62854   16.95000  0.00289      14.71811      597762.34136 
0.62814   16.94000  0.00289      14.71811      592417.79468 
0.62775   16.93000  0.00289      14.71811      587097.24799 
0.62735   16.91000  0.00289      14.71811      576528.15463 
0.62657   16.90000  0.00289      14.71811      571279.60794 
0.62617   16.89000  0.00289      14.71811      566055.06126 
0.62578   16.87000  0.00289      14.71811      555677.96789 
0.62500   16.85000  0.00289      14.71811      545396.87452 
0.62461   16.83000  0.00289      14.71811      535211.78115 
0.62383   16.81000  0.00289      14.71811      525122.68778 
0.62344   16.79000  0.00289      14.71811      515129.59441 
0.62267   16.77000  0.00289      14.71811      505232.50104 
0.62228   16.75000  0.00289      14.71811      495431.40767 
0.62189   16.74000  0.00289      14.71811      490566.86099 
0.62150   16.73000  0.00289      14.71811      485726.31430 
0.62112   16.71000  0.00289      14.71811      476117.22093 
0.62073   16.69000  0.00289      14.71811      466604.12756 
0.62035   16.68000  0.00289      14.71811      461883.58088 
0.61996   16.68000  0.00289      14.71811      461883.58088 
0.61958   16.66000  0.00289      14.71811      452514.48751 
0.61920   16.65000  0.00289      14.71811      447865.94082 
0.61881   16.64000  0.00289      14.71811      443241.39414 
0.61843   16.63000  0.00289      14.71811      438640.84745 
0.61767   16.62000  0.00289      14.71811      434064.30077 
0.61728   16.61000  0.00289      14.71811      429511.75408 
0.61652   16.61000  0.00289      14.71811      429511.75408 
0.61652   16.60000  0.00289      14.71811      424983.20740 
0.61614   16.59000  0.00289      14.71811      420478.66071 
0.61576   16.58000  0.00289      14.71811      415998.11403 
0.61538   16.58000  0.00289      14.71811      415998.11403 
0.61501   16.57000  0.00289      14.71811      411541.56734 
0.61501   16.57000  0.00289      14.71811      411541.56734 
0.61463   16.55000  0.00289      14.71811      402700.47398 
0.61387   16.54000  0.00289      14.71811      398315.92729 
0.61350   16.52000  0.00289      14.71811      389618.83392 
0.61312   16.51000  0.00289      14.71811      385306.28724 
0.61237   16.49000  0.00289      14.71811      376753.19387 
0.61200   16.48000  0.00289      14.71811      372512.64718 
0.61162   16.46000  0.00289      14.71811      364103.55381 
0.61087   16.45000  0.00289      14.71811      359935.00713 
0.61050   16.44000  0.00289      14.71811      355790.46044 
0.61013   16.43000  0.00289      14.71811      351669.91376 
0.61013   16.42000  0.00289      14.71811      347573.36707 
0.60976   16.41000  0.00289      14.71811      343500.82039 
0.60901   16.39000  0.00289      14.71811      335427.72702 
0.60790   16.35000  0.00289      14.71811      319569.54028 
0.60716   16.32000  0.00289      14.71811      307927.90023 
0.60643   16.31000  0.00289      14.71811      304095.35354 
0.60606   16.29000  0.00289      14.71811      296502.26017 
0.60569   16.27000  0.00289      14.71811      289005.16680 
0.60496   16.26000  0.00289      14.71811      285292.62012 
0.60459   16.24000  0.00289      14.71811      277939.52675 
0.60423   16.23000  0.00289      14.71811      274298.98006 
0.60386   16.21000  0.00289      14.71811      267089.88670 
0.60314   16.18000  0.00289      14.71811      256456.24664 
0.60241   16.17000  0.00289      14.71811      252959.69996 
0.60168   16.16000  0.00289      14.71811      249487.15327 
0.60132   16.15000  0.00289      14.71811      246038.60659 
0.60060   16.15000  0.00289      14.71811      246038.60659 
0.60024   16.13000  0.00289      14.71811      239213.51322 
0.59952   16.12000  0.00289      14.71811      235836.96653 
0.59916   16.12000  0.00289      14.71811      235836.96653 
0.59880   16.11000  0.00289      14.71811      232484.41985 
0.59844   16.10000  0.00289      14.71811      229155.87316 
0.59809   16.09000  0.00289      14.71811      225851.32648 
0.59737   16.08000  0.00289      14.71811      222570.77979 
0.59701   16.07000  0.00289      14.71811      219314.23311 
0.59630   16.04000  0.00289      14.71811      209688.59306 
0.59595   16.03000  0.00289      14.71811      206528.04637 
0.59559   16.03000  0.00289      14.71811      206528.04637 
0.59524   16.01000  0.00289      14.71811      200278.95300 
0.59488   16.00000  0.00289      14.71811      197190.40632 
0.59453   15.98000  0.00289      14.71811      191085.31295 
0.59382   15.96000  0.00289      14.71811      185076.21958 
0.59382   15.95000  0.00289      14.71811      182107.67289 
0.59347   15.94000  0.00289      14.71811      179163.12621 
0.59312   15.93000  0.00289      14.71811      176242.57952 
0.59277   15.91000  0.00289      14.71811      170473.48615 
0.59242   15.89000  0.00289      14.71811      164800.39278 
0.59172   15.88000  0.00289      14.71811      161999.84610 
0.59137   15.87000  0.00289      14.71811      159223.29942 
0.59102   15.84000  0.00289      14.71811      151037.65936 
0.59032   15.83000  0.00289      14.71811      148357.11268 
0.58997   15.80000  0.00289      14.71811      140459.47262 
0.58928   15.78000  0.00289      14.71811      135314.37925 
0.58858   15.75000  0.00289      14.71811      127776.73920 
0.58754   15.71000  0.00289      14.71811      118062.55246 
0.58720   15.68000  0.00289      14.71811      111028.91241 
0.58685   15.67000  0.00289      14.71811      108732.36572 
0.58617   15.66000  0.00289      14.71811      106459.81904 
0.58548   15.64000  0.00289      14.71811      101986.72567 
0.58480   15.63000  0.00289      14.71811      99786.17898  
0.58411   15.61000  0.00289      14.71811      95457.08561  
0.58343   15.61000  0.00289      14.71811      95457.08561  
0.58309   15.60000  0.00289      14.71811      93328.53893  
0.58241   15.60000  0.00289      14.71811      93328.53893  
0.58207   15.59000  0.00289      14.71811      91223.99224  
0.58173   15.58000  0.00289      14.71811      89143.44556  
0.58106   15.57000  0.00289      14.71811      87086.89887  
0.58072   15.56000  0.00289      14.71811      85054.35219  
0.58038   15.56000  0.00289      14.71811      85054.35219  
0.57971   15.55000  0.00289      14.71811      83045.80550  
0.57870   15.50000  0.00289      14.71811      73363.07208  
0.57803   15.48000  0.00289      14.71811      69657.97871  
0.57770   15.45000  0.00289      14.71811      64280.33866  
0.57703   15.43000  0.00289      14.71811      60815.24529  
0.57670   15.41000  0.00289      14.71811      57446.15192  
0.57637   15.39000  0.00289      14.71811      54173.05855  
0.57571   15.38000  0.00289      14.71811      52572.51186  
0.57537   15.36000  0.00289      14.71811      49443.41850  
0.57471   15.33000  0.00289      14.71811      44929.77844  
0.57438   15.31000  0.00289      14.71811      42040.68507  
0.57372   15.28000  0.00289      14.71811      37887.04502  
0.57307   15.24000  0.00289      14.71811      32684.85828  
0.57241   15.24000  0.00289      14.71811      32684.85828  
0.57176   15.23000  0.00289      14.71811      31444.31159  
0.57110   15.21000  0.00289      14.71811      29035.21822  
0.57045   15.18000  0.00289      14.71811      25601.57817  
0.56948   15.17000  0.00289      14.71811      24505.03149  
0.56883   15.15000  0.00289      14.71811      22383.93812  
0.56850   15.14000  0.00289      14.71811      21359.39143  
0.56786   15.13000  0.00289      14.71811      20358.84475  
0.56689   15.12000  0.00289      14.71811      19382.29806  
0.56625   15.08000  0.00289      14.71811      15716.11132  
0.56561   15.08000  0.00289      14.71811      15716.11132  
0.56497   15.08000  0.00289      14.71811      15716.11132  
0.56433   15.05000  0.00289      14.71811      13218.47127  
0.56370   15.05000  0.00289      14.71811      13218.47127  
0.56338   15.05000  0.00289      14.71811      13218.47127  
0.56275   15.01000  0.00289      14.71811      10224.28453  
0.56211   15.01000  0.00289      14.71811      10224.28453  
0.56180   14.99000  0.00289      14.71811      8871.19116   
0.56148   14.96000  0.00289      14.71811      7021.55111   
0.56085   14.94000  0.00289      14.71811      5908.45774   
0.56022   14.89000  0.00289      14.71811      3545.72431   
0.55991   14.89000  0.00289      14.71811      3545.72431   
0.55928   14.87000  0.00289      14.71811      2768.63094   
0.55897   14.83000  0.00289      14.71811      1502.44421   
0.55835   14.82000  0.00289      14.71811      1245.89752   
0.55772   14.80000  0.00289      14.71811      804.80415    
0.55710   14.76000  0.00289      14.71811      210.61741    
0.55648   14.76000  0.00289      14.71811      210.61741    
0.55586   14.71000  0.00289      14.71811      7.88399      
0.55494   14.70000  0.00289      14.71811      39.33730     
0.55432   14.70000  0.00289      14.71811      39.33730     
0.55371   14.65000  0.00289      14.71811      556.60388    
0.55279   14.65000  0.00289      14.71811      556.60388    
0.55218   14.63000  0.00289      14.71811      931.51051    
0.55157   14.62000  0.00289      14.71811      1154.96383   
0.55096   14.62000  0.00289      14.71811      1154.96383   
0.55036   14.60000  0.00289      14.71811      1673.87046   
0.54975   14.60000  0.00289      14.71811      1673.87046   
0.54915   14.60000  0.00289      14.71811      1673.87046   
0.54855   14.56000  0.00289      14.71811      2999.68372   
0.54795   14.57000  0.00289      14.71811      2632.23040   
0.54735   14.54000  0.00289      14.71811      3806.59035   
0.54675   14.51000  0.00289      14.71811      5196.95029   
0.54615   14.50000  0.00289      14.71811      5708.40361   
0.54555   14.47000  0.00289      14.71811      7386.76356   
0.54466   14.45000  0.00289      14.71811      8625.67019   
0.54407   14.46000  0.00289      14.71811      7994.21687   
0.54377   14.42000  0.00289      14.71811      10664.03013  
0.54348   14.41000  0.00289      14.71811      11391.48345  
0.54318   14.41000  0.00289      14.71811      11391.48345  
0.54259   14.37000  0.00289      14.71811      14541.29671  
0.54201   14.36000  0.00289      14.71811      15388.75002  
0.54142   14.33000  0.00289      14.71811      18075.10997  
0.54083   14.31000  0.00289      14.71811      19986.01660  
0.54025   14.31000  0.00289      14.71811      19986.01660  
0.53967   14.26000  0.00289      14.71811      25183.28318  
0.53908   14.25000  0.00289      14.71811      26294.73649  
0.53879   14.26000  0.00289      14.71811      25183.28318  
0.53792   14.21000  0.00289      14.71811      30980.54975  
0.53706   14.19000  0.00289      14.71811      33467.45638  
0.53619   14.16000  0.00289      14.71811      37377.81633  
0.53533   14.15000  0.00289      14.71811      38729.26965  
0.53476   14.14000  0.00289      14.71811      40104.72296  
0.53419   14.12000  0.00289      14.71811      42927.62959  
0.53362   14.12000  0.00289      14.71811      42927.62959  
0.53305   14.11000  0.00289      14.71811      44375.08291  
0.53220   14.08000  0.00289      14.71811      48861.44285  
0.53163   14.09000  0.00289      14.71811      47341.98954  
0.53107   14.05000  0.00289      14.71811      53563.80280  
0.53079   14.05000  0.00289      14.71811      53563.80280  
0.53079   14.05000  0.00289      14.71811      53563.80280  
0.53050   14.02000  0.00289      14.71811      58482.16274  
0.53050   14.03000  0.00289      14.71811      56818.70943  
0.53050   14.04000  0.00289      14.71811      55179.25611  
0.52910   13.99000  0.00289      14.71811      63616.52269  
0.52770   13.98000  0.00289      14.71811      65375.97601  
0.52715   13.95000  0.00289      14.71811      70798.33595  
0.52659   13.93000  0.00289      14.71811      74533.24258  
0.52604   13.91000  0.00289      14.71811      78364.14921  
0.52521   13.88000  0.00289      14.71811      84290.50916  
0.52438   13.86000  0.00289      14.71811      88361.41579  
0.52329   13.83000  0.00289      14.71811      94647.77573  
0.52274   13.79000  0.00289      14.71811      103365.58900 
0.52219   13.78000  0.00289      14.71811      105605.04231 
0.52110   13.75000  0.00289      14.71811      112467.40226 
0.52002   13.72000  0.00289      14.71811      119545.76220 
0.51948   13.71000  0.00289      14.71811      121953.21552 
0.51867   13.69000  0.00289      14.71811      126840.12215 
0.51813   13.68000  0.00289      14.71811      129319.57546 
0.51760   13.67000  0.00289      14.71811      131823.02878 
0.51680   13.63000  0.00289      14.71811      142076.84204 
0.51573   13.64000  0.00289      14.71811      139477.38873 
0.51520   13.62000  0.00289      14.71811      144700.29536 
0.51520   13.61000  0.00289      14.71811      147347.74867 
0.51493   13.62000  0.00289      14.71811      144700.29536 
0.51493   13.59000  0.00289      14.71811      152714.65530 
0.51440   13.59000  0.00289      14.71811      152714.65530 
0.51387   13.58000  0.00289      14.71811      155434.10862 
0.51361   13.56000  0.00289      14.71811      160945.01525 
0.51361   13.56000  0.00289      14.71811      160945.01525 
0.51308   13.56000  0.00289      14.71811      160945.01525 
0.51256   13.53000  0.00289      14.71811      169391.37519 
0.51230   13.53000  0.00289      14.71811      169391.37519 
0.51151   13.50000  0.00289      14.71811      178053.73514 
0.51099   13.48000  0.00289      14.71811      183948.64177 
0.51046   13.47000  0.00289      14.71811      186932.09509 
0.50994   13.44000  0.00289      14.71811      196026.45503 
0.50916   13.43000  0.00289      14.71811      199105.90835 
0.50839   13.41000  0.00289      14.71811      205336.81498 
0.50761   13.39000  0.00289      14.71811      211663.72161 
0.50710   13.38000  0.00289      14.71811      214863.17492 
0.50633   13.35000  0.00289      14.71811      224605.53487 
0.50505   13.33000  0.00289      14.71811      231220.44150 
0.50352   13.29000  0.00289      14.71811      244738.25476 
0.50226   13.25000  0.00289      14.71811      258640.06802 
0.50075   13.20000  0.00289      14.71811      276557.33460 
0.49925   13.15000  0.00289      14.71811      295074.60117 
0.49850   13.13000  0.00289      14.71811      302649.50781 
0.49776   13.14000  0.00289      14.71811      298850.05449 
0.49727   13.12000  0.00289      14.71811      306472.96112 
0.49702   13.11000  0.00289      14.71811      310320.41444 
0.49652   13.11000  0.00289      14.71811      310320.41444 
0.49628   13.08000  0.00289      14.71811      322006.77438 
0.49579   13.07000  0.00289      14.71811      325950.22770 
0.49554   13.07000  0.00289      14.71811      325950.22770 
0.49529   13.05000  0.00289      14.71811      333909.13433 
0.49480   13.05000  0.00289      14.71811      333909.13433 
0.49432   13.02000  0.00289      14.71811      346027.49427 
0.49383   13.01000  0.00289      14.71811      350114.94759 
0.49334   12.99000  0.00289      14.71811      358361.85422 
0.49285   12.96000  0.00289      14.71811      370912.21416 
0.49261   12.96000  0.00289      14.71811      370912.21416 
0.49188   12.94000  0.00289      14.71811      379399.12080 
0.49092   12.90000  0.00289      14.71811      396660.93406 
0.49044   12.89000  0.00289      14.71811      401036.38737 
0.48996   12.87000  0.00289      14.71811      409859.29400 
0.48972   12.85000  0.00289      14.71811      418778.20063 
0.48948   12.86000  0.00289      14.71811      414306.74732 
0.48924   12.83000  0.00289      14.71811      427793.10726 
0.48852   12.83000  0.00289      14.71811      427793.10726 
0.48780   12.81000  0.00289      14.71811      436904.01389 
0.48733   12.78000  0.00289      14.71811      450750.37384 
0.48709   12.78000  0.00289      14.71811      450750.37384 
0.48662   12.77000  0.00289      14.71811      455413.82716 
0.48614   12.75000  0.00289      14.71811      464812.73379 
0.48544   12.74000  0.00289      14.71811      469548.18710 
0.48473   12.71000  0.00289      14.71811      483898.54705 
0.48426   12.72000  0.00289      14.71811      479091.09373 
0.48356   12.71000  0.00289      14.71811      483898.54705 
0.48286   12.69000  0.00289      14.71811      493585.45368 
0.48239   12.69000  0.00289      14.71811      493585.45368 
0.48170   12.67000  0.00289      14.71811      503368.36031 
0.48100   12.64000  0.00289      14.71811      518222.72025 
0.48031   12.63000  0.00289      14.71811      523222.17357 
0.48008   12.62000  0.00289      14.71811      528245.62688 
0.47985   12.61000  0.00289      14.71811      533293.08020 
0.47939   12.61000  0.00289      14.71811      533293.08020 
0.47893   12.57000  0.00289      14.71811      553722.89346 
0.47824   12.55000  0.00289      14.71811      564081.80009 
0.47733   12.54000  0.00289      14.71811      569297.25341 
0.47664   12.49000  0.00289      14.71811      595734.51998 
0.47642   12.50000  0.00289      14.71811      590399.06667 
0.47619   12.48000  0.00289      14.71811      601093.97330 
0.47574   12.47000  0.00289      14.71811      606477.42661 
0.47506   12.46000  0.00289      14.71811      611884.87993 
0.47438   12.43000  0.00289      14.71811      628251.23988 
0.47393   12.42000  0.00289      14.71811      633754.69319 
0.47304   12.40000  0.00289      14.71811      644833.59982 
0.47237   12.37000  0.00289      14.71811      661631.95977 
0.47170   12.36000  0.00289      14.71811      667279.41308 
0.47103   12.33000  0.00289      14.71811      684365.77303 
0.47081   12.32000  0.00289      14.71811      690109.22634 
0.47059   12.32000  0.00289      14.71811      690109.22634 
0.47015   12.29000  0.00289      14.71811      707483.58629 
0.46970   12.30000  0.00289      14.71811      701668.13297 
0.46926   12.29000  0.00289      14.71811      707483.58629 
0.46860   12.26000  0.00289      14.71811      725073.94624 
0.46816   12.26000  0.00289      14.71811      725073.94624 
0.46751   12.25000  0.00289      14.71811      730985.39955 
0.46685   12.25000  0.00289      14.71811      730985.39955 
0.46598   12.24000  0.00289      14.71811      736920.85287 
0.46555   12.21000  0.00289      14.71811      754871.21281 
0.46490   12.20000  0.00289      14.71811      760902.66613 
0.46447   12.19000  0.00289      14.71811      766958.11944 
0.46425   12.16000  0.00289      14.71811      785268.47939 
0.46361   12.15000  0.00289      14.71811      791419.93270 
0.46296   12.13000  0.00289      14.71811      803794.83933 
0.46232   12.11000  0.00289      14.71811      816265.74596 
0.46168   12.10000  0.00289      14.71811      822537.19928 
0.46104   12.06000  0.00289      14.71811      847863.01254 
0.46062   12.05000  0.00289      14.71811      854254.46586 
0.46019   12.05000  0.00289      14.71811      854254.46586 
0.45977   12.01000  0.00289      14.71811      880060.27912 
0.45872   12.00000  0.00289      14.71811      886571.73243 
0.45809   11.98000  0.00289      14.71811      899666.63906 
0.45767   11.95000  0.00289      14.71811      919488.99901 
0.45746   11.96000  0.00289      14.71811      912857.54569 
0.45683   11.92000  0.00289      14.71811      939527.35896 
0.45620   11.92000  0.00289      14.71811      939527.35896 
0.45537   11.90000  0.00289      14.71811      953006.26559 
0.45434   11.84000  0.00289      14.71811      994018.98548 
0.45351   11.83000  0.00289      14.71811      1000938.43879
0.45310   11.82000  0.00289      14.71811      1007881.89211
0.45228   11.80000  0.00289      14.71811      1021840.79874
0.45147   11.79000  0.00289      14.71811      1028856.25205
0.45045   11.77000  0.00289      14.71811      1042959.15868
0.44984   11.75000  0.00289      14.71811      1057158.06532
0.44964   11.76000  0.00289      14.71811      1050046.61200
0.44903   11.73000  0.00289      14.71811      1071452.97195
0.44863   11.73000  0.00289      14.71811      1071452.97195
0.44823   11.72000  0.00289      14.71811      1078636.42526
0.44783   11.70000  0.00289      14.71811      1093075.33189
0.44743   11.70000  0.00289      14.71811      1093075.33189
0.44703   11.68000  0.00289      14.71811      1107610.23852
0.44683   11.67000  0.00289      14.71811      1114913.69184
0.44643   11.67000  0.00289      14.71811      1114913.69184
0.44603   11.67000  0.00289      14.71811      1114913.69184
0.44563   11.65000  0.00289      14.71811      1129592.59847
0.44484   11.63000  0.00289      14.71811      1144367.50510
0.44405   11.60000  0.00289      14.71811      1166709.86504
0.44385   11.59000  0.00289      14.71811      1174205.31836
0.44385   11.59000  0.00289      14.71811      1174205.31836
0.44366   11.58000  0.00289      14.71811      1181724.77168
0.44267   11.53000  0.00289      14.71811      1219682.03825
0.44189   11.49000  0.00289      14.71811      1250479.85151
0.44170   11.50000  0.00289      14.71811      1242744.39820
0.44111   11.50000  0.00289      14.71811      1242744.39820
0.44014   11.46000  0.00289      14.71811      1273830.21146
0.43937   11.44000  0.00289      14.71811      1289517.11809
0.43898   11.42000  0.00289      14.71811      1305300.02472
0.43860   11.41000  0.00289      14.71811      1313227.47804
0.43840   11.41000  0.00289      14.71811      1313227.47804
0.43802   11.38000  0.00289      14.71811      1337153.83798
0.43725   11.38000  0.00289      14.71811      1337153.83798
0.43649   11.37000  0.00289      14.71811      1345177.29130
0.43592   11.34000  0.00289      14.71811      1369391.65124
0.43535   11.33000  0.00289      14.71811      1377511.10456
0.43478   11.32000  0.00289      14.71811      1385654.55787
0.43422   11.32000  0.00289      14.71811      1385654.55787
0.43384   11.31000  0.00289      14.71811      1393822.01119
0.43346   11.30000  0.00289      14.71811      1402013.46450
0.43290   11.29000  0.00289      14.71811      1410228.91782
0.43253   11.29000  0.00289      14.71811      1410228.91782
0.43253   11.27000  0.00289      14.71811      1426731.82445
0.43234   11.27000  0.00289      14.71811      1426731.82445
0.43178   11.25000  0.00289      14.71811      1443330.73108
0.43122   11.24000  0.00289      14.71811      1451666.18440
0.43103   11.23000  0.00289      14.71811      1460025.63771
0.43103   11.21000  0.00289      14.71811      1476816.54434
0.43085   11.21000  0.00289      14.71811      1476816.54434
0.43029   11.20000  0.00289      14.71811      1485247.99766
0.42937   11.16000  0.00289      14.71811      1519213.81092
0.42863   11.15000  0.00289      14.71811      1527765.26423
0.42790   11.13000  0.00289      14.71811      1544940.17086
0.42717   11.10000  0.00289      14.71811      1570882.53081
0.42699   11.10000  0.00289      14.71811      1570882.53081
0.42680   11.08000  0.00289      14.71811      1588297.43744
0.42644   11.06000  0.00289      14.71811      1605808.34407
0.42571   11.05000  0.00289      14.71811      1614599.79739
0.42481   11.02000  0.00289      14.71811      1641118.15733
0.42427   11.02000  0.00289      14.71811      1641118.15733
0.42409   11.01000  0.00289      14.71811      1650005.61065
0.42355   10.98000  0.00289      14.71811      1676811.97059
0.42248   10.96000  0.00289      14.71811      1694802.87722
0.42176   10.92000  0.00289      14.71811      1731072.69048
0.42105   10.91000  0.00289      14.71811      1740200.14380
0.42052   10.91000  0.00289      14.71811      1740200.14380
0.41999   10.87000  0.00289      14.71811      1776949.95706
0.41929   10.86000  0.00289      14.71811      1786197.41038
0.41859   10.87000  0.00289      14.71811      1776949.95706
0.41771   10.84000  0.00289      14.71811      1804764.31701
0.41701   10.83000  0.00289      14.71811      1814083.77032
0.41649   10.82000  0.00289      14.71811      1823427.22364
0.41580   10.81000  0.00289      14.71811      1832794.67695
0.41545   10.82000  0.00289      14.71811      1823427.22364
0.41494   10.78000  0.00289      14.71811      1861041.03690
0.41459   10.77000  0.00289      14.71811      1870504.49021
0.41425   10.77000  0.00289      14.71811      1870504.49021
0.41391   10.73000  0.00289      14.71811      1908598.30347
0.41339   10.73000  0.00289      14.71811      1908598.30347
0.41271   10.70000  0.00289      14.71811      1937420.66342
0.41220   10.70000  0.00289      14.71811      1937420.66342
0.41203   10.70000  0.00289      14.71811      1937420.66342
0.41169   10.67000  0.00289      14.71811      1966459.02337
0.41118   10.65000  0.00289      14.71811      1985937.93000
0.41034   10.64000  0.00289      14.71811      1995713.38331
0.40967   10.60000  0.00289      14.71811      2035055.19657
0.40900   10.59000  0.00289      14.71811      2044950.64989
0.40850   10.57000  0.00289      14.71811      2064813.55652
0.40766   10.54000  0.00289      14.71811      2094787.91647
0.40667   10.51000  0.00289      14.71811      2124978.27641
0.40601   10.48000  0.00289      14.71811      2155384.63636
0.40535   10.47000  0.00289      14.71811      2165568.08967
0.40502   10.46000  0.00289      14.71811      2175775.54299
0.40469   10.44000  0.00289      14.71811      2196262.44962
0.40453   10.44000  0.00289      14.71811      2196262.44962
0.40388   10.42000  0.00289      14.71811      2216845.35625
0.40306   10.41000  0.00289      14.71811      2227172.80956
0.40241   10.40000  0.00289      14.71811      2237524.26288
0.40177   10.38000  0.00289      14.71811      2258299.16951
0.40096   10.38000  0.00289      14.71811      2258299.16951
0.40000   10.36000  0.00289      14.71811      2279170.07614
0.39888   10.32000  0.00289      14.71811      2321199.88940
0.39857   10.32000  0.00289      14.71811      2321199.88940
0.39825   10.31000  0.00289      14.71811      2331767.34272
0.39793   10.29000  0.00289      14.71811      2352974.24935
0.39761   10.28000  0.00289      14.71811      2363613.70266
0.39730   10.26000  0.00289      14.71811      2384964.60929
0.39683   10.25000  0.00289      14.71811      2395676.06261
0.39635   10.24000  0.00289      14.71811      2406411.51592
0.39573   10.22000  0.00289      14.71811      2427954.42255
0.39510   10.21000  0.00289      14.71811      2438761.87587
0.39432   10.18000  0.00289      14.71811      2471328.23582
0.39355   10.15000  0.00289      14.71811      2504110.59576
0.39293   10.14000  0.00289      14.71811      2515086.04908
0.39216   10.11000  0.00289      14.71811      2548156.40902
0.39170   10.10000  0.00289      14.71811      2559227.86234
0.39170   10.10000  0.00289      14.71811      2559227.86234
0.39124   10.07000  0.00289      14.71811      2592586.22228
0.39062   10.06000  0.00289      14.71811      2603753.67560
0.39032   10.04000  0.00289      14.71811      2626160.58223
0.39002   10.03000  0.00289      14.71811      2637400.03555
0.38895   10.02000  0.00289      14.71811      2648663.48886
0.38760   9.98000   0.00289      14.71811      2693957.30212
0.38685   9.97000   0.00289      14.71811      2705340.75544
0.38595   9.95000   0.00289      14.71811      2728179.66207
0.38506   9.93000   0.00289      14.71811      2751114.56870
0.38476   9.92000   0.00289      14.71811      2762618.02201
0.38462   9.92000   0.00289      14.71811      2762618.02201
0.38417   9.92000   0.00289      14.71811      2762618.02201
0.38373   9.89000   0.00289      14.71811      2797272.38196
0.38314   9.84000   0.00289      14.71811      2855509.64854
0.38270   9.85000   0.00289      14.71811      2843814.19522
0.38226   9.86000   0.00289      14.71811      2832142.74191
0.38183   9.83000   0.00289      14.71811      2867229.10185
0.38153   9.83000   0.00289      14.71811      2867229.10185
0.38124   9.82000   0.00289      14.71811      2878972.55517
0.38081   9.79000   0.00289      14.71811      2914346.91511
0.38023   9.78000   0.00289      14.71811      2926186.36843
0.37965   9.76000   0.00289      14.71811      2949937.27506
0.37936   9.75000   0.00289      14.71811      2961848.72837
0.37879   9.75000   0.00289      14.71811      2961848.72837
0.37836   9.72000   0.00289      14.71811      2997727.08832
0.37779   9.70000   0.00289      14.71811      3021765.99495
0.37750   9.69000   0.00289      14.71811      3033821.44827
0.37707   9.67000   0.00289      14.71811      3058004.35490
0.37679   9.66000   0.00289      14.71811      3070131.80821
0.37636   9.65000   0.00289      14.71811      3082283.26153
0.37608   9.64000   0.00289      14.71811      3094458.71484
0.37580   9.64000   0.00289      14.71811      3094458.71484
0.37523   9.60000   0.00289      14.71811      3143400.52810
0.37467   9.60000   0.00289      14.71811      3143400.52810
0.37425   9.59000   0.00289      14.71811      3155695.98142
0.37369   9.57000   0.00289      14.71811      3180358.88805
0.37300   9.54000   0.00289      14.71811      3217533.24799
0.37230   9.53000   0.00289      14.71811      3229972.70131
0.37161   9.51000   0.00289      14.71811      3254923.60794
0.37092   9.49000   0.00289      14.71811      3279970.51457
0.37051   9.47000   0.00289      14.71811      3305113.42120
0.37010   9.48000   0.00289      14.71811      3292529.96789
0.36955   9.47000   0.00289      14.71811      3305113.42120
0.36887   9.44000   0.00289      14.71811      3343007.78115
0.36819   9.45000   0.00289      14.71811      3330352.32783
0.36765   9.44000   0.00289      14.71811      3343007.78115
0.36724   9.42000   0.00289      14.71811      3368390.68778
0.36684   9.42000   0.00289      14.71811      3368390.68778
0.36643   9.39000   0.00289      14.71811      3406645.04772
0.36590   9.39000   0.00289      14.71811      3406645.04772
0.36536   9.39000   0.00289      14.71811      3406645.04772
0.36483   9.36000   0.00289      14.71811      3445115.40767
0.36443   9.35000   0.00289      14.71811      3457986.86099
0.36390   9.33000   0.00289      14.71811      3483801.76762
0.36337   9.31000   0.00289      14.71811      3509712.67425
0.36298   9.30000   0.00289      14.71811      3522704.12756
0.36258   9.29000   0.00289      14.71811      3535719.58088
0.36179   9.26000   0.00289      14.71811      3574909.94082
0.36075   9.24000   0.00289      14.71811      3601156.84745
0.36023   9.20000   0.00289      14.71811      3653938.66071
0.35997   9.20000   0.00289      14.71811      3653938.66071
0.35958   9.19000   0.00289      14.71811      3667194.11403
0.35920   9.17000   0.00289      14.71811      3693777.02066
0.35881   9.17000   0.00289      14.71811      3693777.02066
0.35829   9.15000   0.00289      14.71811      3720455.92729
0.35765   9.12000   0.00289      14.71811      3760654.28724
0.35714   9.11000   0.00289      14.71811      3774101.74055
0.35663   9.10000   0.00289      14.71811      3787573.19387
0.35625   9.08000   0.00289      14.71811      3814588.10050
0.35562   9.07000   0.00289      14.71811      3828131.55381
0.35461   9.02000   0.00289      14.71811      3896208.82039
0.35386   9.01000   0.00289      14.71811      3909896.27370

Gradi di liberta = 737
Chi-quadro = 937590161.732071
p-value = 0.0

Media pesata = 14.718105548037888 +/- 0.00010619086483530494

****************************************************************************************************
SERIE 35
****************************************************************************************************

Test ipotesi linearità_____________________________________
Covarianza = 0.36568
Indice Pearson = 0.99995 +/- 0.00038
Gradi di Liberta' = 737
	t = 2624.671426038679
	p-value (due code) = 0.0

Parametri___________________________________________________
y = a + bx
a = -1.24014 +/- 0.00616
b = 28.89574 +/- 0.01169

Test bontà fit _____________________________________________
x         y         sy           y*            Chi-quadro   
0.73421   19.99000  0.00289      19.97552      25.15052     
0.73368   19.98000  0.00289      19.95996      48.20452     
0.73368   19.97000  0.00289      19.95996      12.10237     
0.73314   19.96000  0.00289      19.94441      29.14767     
0.73260   19.95000  0.00289      19.92890      53.45044     
0.73206   19.93000  0.00289      19.91340      33.07550     
0.73153   19.94000  0.00289      19.89792      212.45193    
0.73153   19.91000  0.00289      19.89792      17.50105     
0.73099   19.91000  0.00289      19.88247      90.93697     
0.73046   19.92000  0.00289      19.86704      336.54017    
0.72993   19.90000  0.00289      19.85164      280.69207    
0.72993   19.89000  0.00289      19.85164      176.61787    
0.72939   19.86000  0.00289      19.83625      67.67883     
0.72886   19.86000  0.00289      19.82089      183.55371    
0.72886   19.87000  0.00289      19.82089      289.41839    
0.72833   19.85000  0.00289      19.80555      237.09321    
0.72780   19.84000  0.00289      19.79023      297.20824    
0.72674   19.82000  0.00289      19.75967      436.82614    
0.72569   19.78000  0.00289      19.72919      309.83406    
0.72516   19.77000  0.00289      19.71398      376.57652    
0.72516   19.76000  0.00289      19.71398      254.13072    
0.72464   19.75000  0.00289      19.69880      314.61251    
0.72411   19.72000  0.00289      19.68363      158.69299    
0.72359   19.72000  0.00289      19.66849      318.33929    
0.72307   19.69000  0.00289      19.65338      160.95744    
0.72254   19.68000  0.00289      19.63828      208.87102    
0.72202   19.66000  0.00289      19.62320      162.46530    
0.72150   19.64000  0.00289      19.60815      121.71538    
0.72098   19.63000  0.00289      19.59312      163.20915    
0.72098   19.62000  0.00289      19.59312      86.69904     
0.72046   19.61000  0.00289      19.57811      122.02722    
0.72046   19.60000  0.00289      19.57811      57.49418     
0.71994   19.58000  0.00289      19.56312      34.17881     
0.71942   19.56000  0.00289      19.54816      16.83106     
0.71891   19.55000  0.00289      19.53321      33.82024     
0.71839   19.54000  0.00289      19.51829      56.56587     
0.71839   19.52000  0.00289      19.51829      0.35144      
0.71788   19.49000  0.00289      19.50339      21.50444     
0.71788   19.49000  0.00289      19.50339      21.50444     
0.71736   19.48000  0.00289      19.48851      8.68248      
0.71685   19.47000  0.00289      19.47365      1.59596      
0.71633   19.46000  0.00289      19.45881      0.17024      
0.71582   19.46000  0.00289      19.44399      30.74998     
0.71582   19.45000  0.00289      19.44399      4.33125      
0.71531   19.45000  0.00289      19.42920      51.93340     
0.71480   19.44000  0.00289      19.41442      78.50620     
0.71480   19.43000  0.00289      19.41442      29.11974     
0.71429   19.42000  0.00289      19.39967      49.60172     
0.71378   19.41000  0.00289      19.38494      75.37941     
0.71327   19.40000  0.00289      19.37023      106.38135    
0.71327   19.40000  0.00289      19.37023      106.38135    
0.71276   19.39000  0.00289      19.35554      142.53665    
0.71276   19.38000  0.00289      19.35554      71.82172     
0.71225   19.37000  0.00289      19.34087      101.85368    
0.71174   19.37000  0.00289      19.32622      230.02620    
0.71124   19.36000  0.00289      19.31159      281.22121    
0.71073   19.34000  0.00289      19.29698      222.05125    
0.71023   19.32000  0.00289      19.28240      169.67483    
0.70972   19.31000  0.00289      19.26783      213.37624    
0.70922   19.29000  0.00289      19.25329      161.73785    
0.70922   19.28000  0.00289      19.25329      85.62760     
0.70872   19.26000  0.00289      19.23876      54.11945     
0.70822   19.26000  0.00289      19.22426      153.28282    
0.70771   19.25000  0.00289      19.20978      194.14750    
0.70721   19.23000  0.00289      19.19531      144.37038    
0.70671   19.21000  0.00289      19.18087      101.80975    
0.70621   19.20000  0.00289      19.16645      135.06569    
0.70572   19.17000  0.00289      19.15205      38.66622     
0.70522   19.16000  0.00289      19.13767      59.84297     
0.70472   19.14000  0.00289      19.12331      33.43508     
0.70423   19.12000  0.00289      19.10897      14.60604     
0.70373   19.11000  0.00289      19.09465      28.28509     
0.70323   19.09000  0.00289      19.08035      11.18154     
0.70274   19.08000  0.00289      19.06607      23.29538     
0.70274   19.07000  0.00289      19.06607      1.85621      
0.70225   19.05000  0.00289      19.05181      0.39184      
0.70126   19.03000  0.00289      19.02335      5.31137      
0.70028   19.00000  0.00289      18.99497      3.03993      
0.69979   18.99000  0.00289      18.98081      10.14245     
0.69930   18.98000  0.00289      18.96667      21.33554     
0.69881   18.97000  0.00289      18.95255      36.56033     
0.69832   18.96000  0.00289      18.93844      55.75842     
0.69784   18.95000  0.00289      18.92436      78.87181     
0.69686   18.93000  0.00289      18.89626      136.61481    
0.69686   18.93000  0.00289      18.89626      136.61481    
0.69638   18.92000  0.00289      18.88224      171.13064    
0.69589   18.91000  0.00289      18.86823      209.33424    
0.69541   18.90000  0.00289      18.85425      251.16980    
0.69493   18.88000  0.00289      18.84029      189.26752    
0.69444   18.86000  0.00289      18.82634      135.95212    
0.69396   18.85000  0.00289      18.81242      169.51116    
0.69348   18.83000  0.00289      18.79851      118.99859    
0.69300   18.82000  0.00289      18.78462      150.18685    
0.69252   18.80000  0.00289      18.77076      102.63184    
0.69204   18.79000  0.00289      18.75691      131.41992    
0.69156   18.78000  0.00289      18.74308      163.59262    
0.69061   18.75000  0.00289      18.71548      143.02586    
0.69013   18.74000  0.00289      18.70170      175.98673    
0.68966   18.71000  0.00289      18.68795      58.33710     
0.68918   18.69000  0.00289      18.67422      29.89116     
0.68871   18.68000  0.00289      18.66050      45.61973     
0.68823   18.65000  0.00289      18.64681      1.22424      
0.68776   18.63000  0.00289      18.63313      1.17453      
0.68681   18.62000  0.00289      18.60583      24.09436     
0.68634   18.60000  0.00289      18.59221      7.28402      
0.68587   18.58000  0.00289      18.57861      0.23301      
0.68540   18.56000  0.00289      18.56502      3.02735      
0.68493   18.54000  0.00289      18.55146      15.75308     
0.68446   18.54000  0.00289      18.53791      0.52370      
0.68399   18.53000  0.00289      18.52438      3.78627      
0.68399   18.51000  0.00289      18.52438      24.82401     
0.68353   18.50000  0.00289      18.51087      14.18738     
0.68306   18.49000  0.00289      18.49738      6.53953      
0.68259   18.49000  0.00289      18.48391      4.45140      
0.68213   18.48000  0.00289      18.47046      10.93262     
0.68166   18.47000  0.00289      18.45702      20.22043     
0.68120   18.47000  0.00289      18.44360      83.62621     
0.68120   18.46000  0.00289      18.44360      32.26961     
0.68074   18.45000  0.00289      18.43020      47.03529     
0.68027   18.44000  0.00289      18.41682      64.47296     
0.67981   18.42000  0.00289      18.40346      32.83725     
0.67935   18.41000  0.00289      18.39011      47.45922     
0.67889   18.41000  0.00289      18.37679      132.37828    
0.67843   18.39000  0.00289      18.36348      84.41236     
0.67751   18.37000  0.00289      18.33691      131.35841    
0.67705   18.35000  0.00289      18.32366      83.25646     
0.67659   18.34000  0.00289      18.31042      104.97466    
0.67613   18.32000  0.00289      18.29720      62.35675     
0.67568   18.31000  0.00289      18.28400      81.09825     
0.67522   18.30000  0.00289      18.27082      102.17388    
0.67476   18.29000  0.00289      18.25766      125.54304    
0.67431   18.27000  0.00289      18.24451      77.98368     
0.67385   18.26000  0.00289      18.23138      98.30798     
0.67340   18.24000  0.00289      18.21827      56.68602     
0.67340   18.23000  0.00289      18.21827      16.52349     
0.67295   18.22000  0.00289      18.20517      26.38746     
0.67249   18.20000  0.00289      18.19209      7.50010      
0.67204   18.19000  0.00289      18.17903      14.42788     
0.67159   18.18000  0.00289      18.16599      23.54288     
0.67114   18.17000  0.00289      18.15297      34.80684     
0.67114   18.15000  0.00289      18.15297      1.05775      
0.67069   18.14000  0.00289      18.13996      0.00017      
0.67024   18.13000  0.00289      18.12697      1.09967      
0.66979   18.11000  0.00289      18.11400      1.92083      
0.66934   18.08000  0.00289      18.10105      53.15352     
0.66890   18.08000  0.00289      18.08811      7.89077      
0.66845   18.07000  0.00289      18.07519      3.23118      
0.66800   18.05000  0.00289      18.06229      18.11462     
0.66756   18.05000  0.00289      18.04940      0.04307      
0.66711   18.04000  0.00289      18.03653      1.44271      
0.66667   18.03000  0.00289      18.02368      4.79078      
0.66622   18.03000  0.00289      18.01085      44.01807     
0.66622   18.02000  0.00289      18.01085      10.05213     
0.66578   18.01000  0.00289      17.99803      17.19192     
0.66534   18.00000  0.00289      17.98523      26.17561     
0.66489   17.99000  0.00289      17.97245      36.96896     
0.66445   17.99000  0.00289      17.95968      110.30100    
0.66401   17.97000  0.00289      17.94693      63.84920     
0.66357   17.96000  0.00289      17.93420      79.86910     
0.66269   17.95000  0.00289      17.90879      203.81216    
0.66225   17.93000  0.00289      17.89611      137.85217    
0.66181   17.92000  0.00289      17.88344      160.37943    
0.66138   17.91000  0.00289      17.87079      184.45308    
0.66094   17.89000  0.00289      17.85816      121.63239    
0.66050   17.87000  0.00289      17.84555      71.74573     
0.65963   17.86000  0.00289      17.82037      188.47032    
0.65920   17.84000  0.00289      17.80780      124.38394    
0.65876   17.83000  0.00289      17.79526      144.85151    
0.65833   17.81000  0.00289      17.78273      89.26989     
0.65789   17.79000  0.00289      17.77021      46.99665     
0.65746   17.78000  0.00289      17.75771      59.61302     
0.65703   17.75000  0.00289      17.74523      2.73106      
0.65617   17.74000  0.00289      17.72031      46.50372     
0.65574   17.72000  0.00289      17.70788      17.62411     
0.65531   17.70000  0.00289      17.69546      2.46869      
0.65445   17.68000  0.00289      17.67068      10.42464     
0.65359   17.66000  0.00289      17.64596      23.65643     
0.65317   17.64000  0.00289      17.63362      4.87893      
0.65274   17.63000  0.00289      17.62130      9.07452      
0.65274   17.61000  0.00289      17.62130      15.33356     
0.65232   17.60000  0.00289      17.60900      9.72075      
0.65147   17.59000  0.00289      17.58444      3.70803      
0.65104   17.57000  0.00289      17.57219      0.57323      
0.65062   17.56000  0.00289      17.55995      0.00035      
0.65020   17.55000  0.00289      17.54772      0.62258      
0.64935   17.54000  0.00289      17.52332      33.37700     
0.64893   17.54000  0.00289      17.51115      99.90461     
0.64851   17.52000  0.00289      17.49899      52.99114     
0.64809   17.51000  0.00289      17.48684      64.35915     
0.64725   17.50000  0.00289      17.46260      167.85812    
0.64683   17.48000  0.00289      17.45050      104.41779    
0.64641   17.48000  0.00289      17.43842      207.46898    
0.64599   17.46000  0.00289      17.42635      135.84960    
0.64516   17.44000  0.00289      17.40227      170.84627    
0.64475   17.43000  0.00289      17.39025      189.62474    
0.64392   17.40000  0.00289      17.36626      136.64365    
0.64350   17.39000  0.00289      17.35428      153.09148    
0.64350   17.38000  0.00289      17.35428      79.36872     
0.64309   17.36000  0.00289      17.34232      37.49141     
0.64267   17.36000  0.00289      17.33038      105.26786    
0.64226   17.35000  0.00289      17.31845      119.41215    
0.64185   17.34000  0.00289      17.30654      134.32478    
0.64144   17.33000  0.00289      17.29465      149.98493    
0.64144   17.31000  0.00289      17.29465      28.28783     
0.64103   17.30000  0.00289      17.28277      35.64476     
0.64061   17.29000  0.00289      17.27090      43.78129     
0.63980   17.27000  0.00289      17.24721      62.31213     
0.63939   17.26000  0.00289      17.23539      72.66648     
0.63898   17.24000  0.00289      17.22359      32.32821     
0.63898   17.23000  0.00289      17.22359      4.93590      
0.63857   17.22000  0.00289      17.21180      8.07636      
0.63816   17.20000  0.00289      17.20002      0.00005      
0.63776   17.19000  0.00289      17.18826      0.36309      
0.63694   17.17000  0.00289      17.16478      3.26374      
0.63694   17.15000  0.00289      17.16478      26.23101     
0.63654   17.15000  0.00289      17.15307      1.13057      
0.63654   17.14000  0.00289      17.15307      20.49719     
0.63613   17.13000  0.00289      17.14137      15.51025     
0.63532   17.12000  0.00289      17.11801      0.47403      
0.63492   17.10000  0.00289      17.10636      4.84862      
0.63452   17.10000  0.00289      17.09472      3.35134      
0.63412   17.09000  0.00289      17.08309      5.73158      
0.63331   17.08000  0.00289      17.05988      48.57651     
0.63331   17.08000  0.00289      17.05988      48.57651     
0.63291   17.07000  0.00289      17.04830      56.51743     
0.63251   17.06000  0.00289      17.03673      64.97738     
0.63211   17.05000  0.00289      17.02518      73.93997     
0.63171   17.04000  0.00289      17.01364      83.38905     
0.63131   17.04000  0.00289      17.00212      172.23256    
0.63091   17.03000  0.00289      16.99061      186.22917    
0.63052   17.02000  0.00289      16.97911      200.63006    
0.63012   17.01000  0.00289      16.96763      215.41988    
0.62972   17.00000  0.00289      16.95616      230.58348    
0.62933   16.98000  0.00289      16.94471      149.41789    
0.62893   16.97000  0.00289      16.93328      161.83550    
0.62854   16.95000  0.00289      16.92185      95.06589     
0.62814   16.94000  0.00289      16.91045      104.81705    
0.62775   16.93000  0.00289      16.89905      114.93778    
0.62735   16.91000  0.00289      16.88767      59.82611     
0.62657   16.90000  0.00289      16.86496      147.37669    
0.62617   16.89000  0.00289      16.85362      158.83589    
0.62578   16.87000  0.00289      16.84230      92.10481     
0.62500   16.85000  0.00289      16.81969      110.22581    
0.62461   16.83000  0.00289      16.80841      55.92455     
0.62383   16.81000  0.00289      16.78589      69.73413     
0.62344   16.79000  0.00289      16.77466      28.25467     
0.62267   16.77000  0.00289      16.75222      37.93085     
0.62228   16.75000  0.00289      16.74102      9.66645      
0.62189   16.74000  0.00289      16.72984      12.38096     
0.62150   16.73000  0.00289      16.71867      15.39316     
0.62112   16.71000  0.00289      16.70752      0.73832      
0.62073   16.69000  0.00289      16.69638      4.88276      
0.62035   16.68000  0.00289      16.68525      3.30998      
0.61996   16.68000  0.00289      16.67414      4.12231      
0.61958   16.66000  0.00289      16.66304      1.10869      
0.61920   16.65000  0.00289      16.65195      0.45818      
0.61881   16.64000  0.00289      16.64088      0.09339      
0.61843   16.63000  0.00289      16.62982      0.00372      
0.61767   16.62000  0.00289      16.60775      18.01128     
0.61728   16.61000  0.00289      16.59673      21.12639     
0.61652   16.61000  0.00289      16.57474      149.21061    
0.61652   16.60000  0.00289      16.57474      76.58136     
0.61614   16.59000  0.00289      16.56376      82.61632     
0.61576   16.58000  0.00289      16.55280      88.79187     
0.61538   16.58000  0.00289      16.54185      174.66167    
0.61501   16.57000  0.00289      16.53091      183.33741    
0.61501   16.57000  0.00289      16.53091      183.33741    
0.61463   16.55000  0.00289      16.51999      108.07075    
0.61387   16.54000  0.00289      16.49819      209.81707    
0.61350   16.52000  0.00289      16.48730      128.29273    
0.61312   16.51000  0.00289      16.47643      135.20321    
0.61237   16.49000  0.00289      16.45474      149.22977    
0.61200   16.48000  0.00289      16.44391      156.33001    
0.61162   16.46000  0.00289      16.43309      86.89495     
0.61087   16.45000  0.00289      16.41150      177.88650    
0.61050   16.44000  0.00289      16.40072      185.13252    
0.61013   16.43000  0.00289      16.38996      192.39680    
0.61013   16.42000  0.00289      16.38996      108.29765    
0.60976   16.41000  0.00289      16.37921      113.77305    
0.60901   16.39000  0.00289      16.35775      124.82467    
0.60790   16.35000  0.00289      16.32565      71.12521     
0.60716   16.32000  0.00289      16.30432      29.48955     
0.60643   16.31000  0.00289      16.28304      87.19003     
0.60606   16.29000  0.00289      16.27242      37.06706     
0.60569   16.27000  0.00289      16.26182      8.03455      
0.60496   16.26000  0.00289      16.24064      44.97053     
0.60459   16.24000  0.00289      16.23007      11.82632     
0.60423   16.23000  0.00289      16.21952      13.18818     
0.60386   16.21000  0.00289      16.20897      0.12648      
0.60314   16.18000  0.00289      16.18792      7.53657      
0.60241   16.17000  0.00289      16.16693      1.13300      
0.60168   16.16000  0.00289      16.14598      23.58680     
0.60132   16.15000  0.00289      16.13553      25.14148     
0.60060   16.15000  0.00289      16.11465      149.92260    
0.60024   16.13000  0.00289      16.10424      79.64948     
0.59952   16.12000  0.00289      16.08344      160.39499    
0.59916   16.12000  0.00289      16.07306      264.39799    
0.59880   16.11000  0.00289      16.06269      268.55073    
0.59844   16.10000  0.00289      16.05234      272.59386    
0.59809   16.09000  0.00289      16.04200      276.52449    
0.59737   16.08000  0.00289      16.02135      412.80093    
0.59701   16.07000  0.00289      16.01104      417.11061    
0.59630   16.04000  0.00289      15.99047      294.39619    
0.59595   16.03000  0.00289      15.98020      297.59710    
0.59559   16.03000  0.00289      15.96994      432.80196    
0.59524   16.01000  0.00289      15.95970      303.60798    
0.59488   16.00000  0.00289      15.94947      306.41406    
0.59453   15.98000  0.00289      15.93925      199.28142    
0.59382   15.96000  0.00289      15.91885      203.24317    
0.59382   15.95000  0.00289      15.91885      116.47236    
0.59347   15.94000  0.00289      15.90866      117.84752    
0.59312   15.93000  0.00289      15.89849      119.13938    
0.59277   15.91000  0.00289      15.88833      56.34242     
0.59242   15.89000  0.00289      15.87818      16.75305     
0.59172   15.88000  0.00289      15.85793      58.47133     
0.59137   15.87000  0.00289      15.84781      59.06202     
0.59102   15.84000  0.00289      15.83772      0.62626      
0.59032   15.83000  0.00289      15.81755      18.59205     
0.58997   15.80000  0.00289      15.80749      6.73062      
0.58928   15.78000  0.00289      15.78740      6.56717      
0.58858   15.75000  0.00289      15.76735      36.13743     
0.58754   15.71000  0.00289      15.73738      89.93065     
0.58720   15.68000  0.00289      15.72741      269.68392    
0.58685   15.67000  0.00289      15.71745      270.16788    
0.58617   15.66000  0.00289      15.69757      169.37125    
0.58548   15.64000  0.00289      15.67774      170.87686    
0.58480   15.63000  0.00289      15.65795      93.73480     
0.58411   15.61000  0.00289      15.63821      95.48174     
0.58343   15.61000  0.00289      15.61851      8.69680      
0.58309   15.60000  0.00289      15.60868      9.04736      
0.58241   15.60000  0.00289      15.58906      14.36960     
0.58207   15.59000  0.00289      15.57926      13.83834     
0.58173   15.58000  0.00289      15.56948      13.28829     
0.58106   15.57000  0.00289      15.54994      48.27792     
0.58072   15.56000  0.00289      15.54019      47.08357     
0.58038   15.56000  0.00289      15.53045      104.76430    
0.57971   15.55000  0.00289      15.51101      182.43905    
0.57870   15.50000  0.00289      15.48193      39.19692     
0.57803   15.48000  0.00289      15.46259      36.35244     
0.57770   15.45000  0.00289      15.45295      1.04128      
0.57703   15.43000  0.00289      15.43368      1.62577      
0.57670   15.41000  0.00289      15.42406      23.73874     
0.57637   15.39000  0.00289      15.41446      71.79629     
0.57571   15.38000  0.00289      15.39528      28.03184     
0.57537   15.36000  0.00289      15.38571      79.33495     
0.57471   15.33000  0.00289      15.36660      160.76620    
0.57438   15.31000  0.00289      15.35706      265.79719    
0.57372   15.28000  0.00289      15.33802      403.94624    
0.57307   15.24000  0.00289      15.31902      749.26821    
0.57241   15.24000  0.00289      15.30006      432.88041    
0.57176   15.23000  0.00289      15.28115      313.92444    
0.57110   15.21000  0.00289      15.26228      327.94011    
0.57045   15.18000  0.00289      15.24345      483.09131    
0.56948   15.17000  0.00289      15.21529      246.11871    
0.56883   15.15000  0.00289      15.19657      260.22073    
0.56850   15.14000  0.00289      15.18722      267.59995    
0.56786   15.13000  0.00289      15.16857      178.48045    
0.56689   15.12000  0.00289      15.14066      51.22047     
0.56625   15.08000  0.00289      15.12211      212.77746    
0.56561   15.08000  0.00289      15.10360      66.83179     
0.56497   15.08000  0.00289      15.08513      3.16036      
0.56433   15.05000  0.00289      15.06671      33.49114     
0.56370   15.05000  0.00289      15.04832      0.33796      
0.56338   15.05000  0.00289      15.03915      14.13920     
0.56275   15.01000  0.00289      15.02082      14.05644     
0.56211   15.01000  0.00289      15.00254      6.67468      
0.56180   14.99000  0.00289      14.99342      1.40099      
0.56148   14.96000  0.00289      14.98430      70.87048     
0.56085   14.94000  0.00289      14.96610      81.76375     
0.56022   14.89000  0.00289      14.94794      402.91061    
0.55991   14.89000  0.00289      14.93888      286.72017    
0.55928   14.87000  0.00289      14.92078      309.47541    
0.55897   14.83000  0.00289      14.91175      801.96713    
0.55835   14.82000  0.00289      14.89371      652.03716    
0.55772   14.80000  0.00289      14.87572      687.96323    
0.55710   14.76000  0.00289      14.85776      1146.85065   
0.55648   14.76000  0.00289      14.83984      765.00663    
0.55586   14.71000  0.00289      14.82197      1504.40272   
0.55494   14.70000  0.00289      14.79523      1088.17915   
0.55432   14.70000  0.00289      14.77745      719.80751    
0.55371   14.65000  0.00289      14.75971      1444.38341   
0.55279   14.65000  0.00289      14.73318      830.21674    
0.55218   14.63000  0.00289      14.71554      877.98991    
0.55157   14.62000  0.00289      14.69794      728.87515    
0.55096   14.62000  0.00289      14.68037      437.38775    
0.55036   14.60000  0.00289      14.66285      474.00008    
0.54975   14.60000  0.00289      14.64536      246.94282    
0.54915   14.60000  0.00289      14.62792      93.52033     
0.54855   14.56000  0.00289      14.61051      306.12525    
0.54795   14.57000  0.00289      14.59314      64.24005     
0.54735   14.54000  0.00289      14.57580      153.83749    
0.54675   14.51000  0.00289      14.55851      282.38751    
0.54615   14.50000  0.00289      14.54125      204.21954    
0.54555   14.47000  0.00289      14.52403      350.36124    
0.54466   14.45000  0.00289      14.49828      279.66374    
0.54407   14.46000  0.00289      14.48115      53.67861     
0.54377   14.42000  0.00289      14.47260      332.02579    
0.54348   14.41000  0.00289      14.46406      350.71905    
0.54318   14.41000  0.00289      14.45553      248.77259    
0.54259   14.37000  0.00289      14.43850      563.04725    
0.54201   14.36000  0.00289      14.42150      453.91130    
0.54142   14.33000  0.00289      14.40454      666.81314    
0.54083   14.31000  0.00289      14.38762      723.01100    
0.54025   14.31000  0.00289      14.37074      442.65917    
0.53967   14.26000  0.00289      14.35389      1057.75888   
0.53908   14.25000  0.00289      14.33707      909.81399    
0.53879   14.26000  0.00289      14.32868      566.04197    
0.53792   14.21000  0.00289      14.30356      1050.32755   
0.53706   14.19000  0.00289      14.27851      940.13486    
0.53619   14.16000  0.00289      14.25355      1050.18069   
0.53533   14.15000  0.00289      14.22867      742.61354    
0.53476   14.14000  0.00289      14.21212      624.19852    
0.53419   14.12000  0.00289      14.19561      686.09114    
0.53362   14.12000  0.00289      14.17914      419.70574    
0.53305   14.11000  0.00289      14.16270      333.29505    
0.53220   14.08000  0.00289      14.13811      405.20584    
0.53163   14.09000  0.00289      14.12176      121.03125    
0.53107   14.05000  0.00289      14.10544      368.85721    
0.53079   14.05000  0.00289      14.09730      268.43776    
0.53079   14.05000  0.00289      14.09730      268.43776    
0.53050   14.02000  0.00289      14.08916      573.97539    
0.53050   14.03000  0.00289      14.08916      419.99100    
0.53050   14.04000  0.00289      14.08916      290.00661    
0.52910   13.99000  0.00289      14.04861      412.16591    
0.52770   13.98000  0.00289      14.00827      95.88103     
0.52715   13.95000  0.00289      13.99219      213.60355    
0.52659   13.93000  0.00289      13.97615      255.55564    
0.52604   13.91000  0.00289      13.96014      301.67265    
0.52521   13.88000  0.00289      13.93619      378.86671    
0.52438   13.86000  0.00289      13.91231      328.41679    
0.52329   13.83000  0.00289      13.88060      307.22140    
0.52274   13.79000  0.00289      13.86479      671.22165    
0.52219   13.78000  0.00289      13.84901      571.55865    
0.52110   13.75000  0.00289      13.81756      547.75943    
0.52002   13.72000  0.00289      13.78624      526.54441    
0.51948   13.71000  0.00289      13.77063      441.10758    
0.51867   13.69000  0.00289      13.74727      393.61204    
0.51813   13.68000  0.00289      13.73174      321.25770    
0.51760   13.67000  0.00289      13.71624      256.60218    
0.51680   13.63000  0.00289      13.69305      477.09861    
0.51573   13.64000  0.00289      13.66225      59.39757     
0.51520   13.62000  0.00289      13.64689      86.78649     
0.51520   13.61000  0.00289      13.64689      163.32912    
0.51493   13.62000  0.00289      13.63923      44.36101     
0.51493   13.59000  0.00289      13.63923      290.79495    
0.51440   13.59000  0.00289      13.62392      138.05936    
0.51387   13.58000  0.00289      13.60864      98.44654     
0.51361   13.56000  0.00289      13.60102      201.87666    
0.51361   13.56000  0.00289      13.60102      201.87666    
0.51308   13.56000  0.00289      13.58579      79.79264     
0.51256   13.53000  0.00289      13.57059      197.68743    
0.51230   13.53000  0.00289      13.56300      130.68516    
0.51151   13.50000  0.00289      13.54028      194.74410    
0.51099   13.48000  0.00289      13.52518      244.94397    
0.51046   13.47000  0.00289      13.51011      193.01213    
0.50994   13.44000  0.00289      13.49506      363.81479    
0.50916   13.43000  0.00289      13.47255      217.29850    
0.50839   13.41000  0.00289      13.45011      193.10025    
0.50761   13.39000  0.00289      13.42774      170.94856    
0.50710   13.38000  0.00289      13.41287      129.63145    
0.50633   13.35000  0.00289      13.39061      197.89678    
0.50505   13.33000  0.00289      13.35366      67.19396     
0.50352   13.29000  0.00289      13.30957      45.97324     
0.50226   13.25000  0.00289      13.27303      63.67051     
0.50075   13.20000  0.00289      13.22943      103.93177    
0.49925   13.15000  0.00289      13.18609      156.26254    
0.49850   13.13000  0.00289      13.16451      142.92291    
0.49776   13.14000  0.00289      13.14300      1.08074      
0.49727   13.12000  0.00289      13.12870      9.07562      
0.49702   13.11000  0.00289      13.12155      16.02214     
0.49652   13.11000  0.00289      13.10729      0.87926      
0.49628   13.08000  0.00289      13.10017      48.83307     
0.49579   13.07000  0.00289      13.08595      30.54116     
0.49554   13.07000  0.00289      13.07885      9.40763      
0.49529   13.05000  0.00289      13.07176      56.83057     
0.49480   13.05000  0.00289      13.05760      6.92917      
0.49432   13.02000  0.00289      13.04346      66.06541     
0.49383   13.01000  0.00289      13.02936      44.96057     
0.49334   12.99000  0.00289      13.01528      76.67123     
0.49285   12.96000  0.00289      13.00123      203.94336    
0.49261   12.96000  0.00289      12.99421      140.43790    
0.49188   12.94000  0.00289      12.97320      132.30809    
0.49092   12.90000  0.00289      12.94529      246.19181    
0.49044   12.89000  0.00289      12.93138      205.48111    
0.48996   12.87000  0.00289      12.91749      270.67724    
0.48972   12.85000  0.00289      12.91056      440.10739    
0.48948   12.86000  0.00289      12.90363      228.47072    
0.48924   12.83000  0.00289      12.89671      534.09583    
0.48852   12.83000  0.00289      12.87600      253.87475    
0.48780   12.81000  0.00289      12.85534      246.66558    
0.48733   12.78000  0.00289      12.84160      455.34497    
0.48709   12.78000  0.00289      12.83474      359.58588    
0.48662   12.77000  0.00289      12.82104      312.64114    
0.48614   12.75000  0.00289      12.80737      394.97196    
0.48544   12.74000  0.00289      12.78691      264.10479    
0.48473   12.71000  0.00289      12.76652      383.27910    
0.48426   12.72000  0.00289      12.75295      130.28151    
0.48356   12.71000  0.00289      12.73265      61.56372     
0.48286   12.69000  0.00289      12.71241      60.26250     
0.48239   12.69000  0.00289      12.69895      9.60869      
0.48170   12.67000  0.00289      12.67881      9.30363      
0.48100   12.64000  0.00289      12.65872      42.05288     
0.48031   12.63000  0.00289      12.63869      9.06794      
0.48008   12.62000  0.00289      12.63203      17.36643     
0.47985   12.61000  0.00289      12.62537      28.36119     
0.47939   12.61000  0.00289      12.61208      0.51896      
0.47893   12.57000  0.00289      12.59881      99.60999     
0.47824   12.55000  0.00289      12.57896      100.61494    
0.47733   12.54000  0.00289      12.55257      18.96427     
0.47664   12.49000  0.00289      12.53285      220.31987    
0.47642   12.50000  0.00289      12.52629      82.91991     
0.47619   12.48000  0.00289      12.51973      189.43031    
0.47574   12.47000  0.00289      12.50664      161.09214    
0.47506   12.46000  0.00289      12.48705      87.78893     
0.47438   12.43000  0.00289      12.46751      168.85605    
0.47393   12.42000  0.00289      12.45452      142.98524    
0.47304   12.40000  0.00289      12.42861      98.19928     
0.47237   12.37000  0.00289      12.40924      184.73978    
0.47170   12.36000  0.00289      12.38992      107.43395    
0.47103   12.33000  0.00289      12.37066      198.39516    
0.47081   12.32000  0.00289      12.36425      234.99517    
0.47059   12.32000  0.00289      12.35785      171.91958    
0.47015   12.29000  0.00289      12.34506      363.85135    
0.46970   12.30000  0.00289      12.33230      125.21343    
0.46926   12.29000  0.00289      12.31956      104.88576    
0.46860   12.26000  0.00289      12.30050      196.84866    
0.46816   12.26000  0.00289      12.28782      92.89707     
0.46751   12.25000  0.00289      12.26885      42.63918     
0.46685   12.25000  0.00289      12.24993      0.00059      
0.46598   12.24000  0.00289      12.22479      27.77825     
0.46555   12.21000  0.00289      12.21225      0.60652      
0.46490   12.20000  0.00289      12.19349      5.09167      
0.46447   12.19000  0.00289      12.18101      9.70459      
0.46425   12.16000  0.00289      12.17478      26.20080     
0.46361   12.15000  0.00289      12.15612      4.49245      
0.46296   12.13000  0.00289      12.13751      6.77282      
0.46232   12.11000  0.00289      12.11896      9.63026      
0.46168   12.10000  0.00289      12.10046      0.02489      
0.46104   12.06000  0.00289      12.08200      58.09963     
0.46062   12.05000  0.00289      12.06973      46.71699     
0.46019   12.05000  0.00289      12.05748      6.71524      
0.45977   12.01000  0.00289      12.04525      149.13259    
0.45872   12.00000  0.00289      12.01478      26.22045     
0.45809   11.98000  0.00289      11.99657      32.93274     
0.45767   11.95000  0.00289      11.98445      142.41824    
0.45746   11.96000  0.00289      11.97840      40.62966     
0.45683   11.92000  0.00289      11.96028      194.74275    
0.45620   11.92000  0.00289      11.94222      59.23893     
0.45537   11.90000  0.00289      11.91821      39.77860     
0.45434   11.84000  0.00289      11.88832      280.12147    
0.45351   11.83000  0.00289      11.86450      142.82394    
0.45310   11.82000  0.00289      11.85262      127.71702    
0.45228   11.80000  0.00289      11.82894      100.48299    
0.45147   11.79000  0.00289      11.80534      28.22349     
0.45045   11.77000  0.00289      11.77595      4.25456      
0.44984   11.75000  0.00289      11.75839      8.44463      
0.44964   11.76000  0.00289      11.75254      6.67079      
0.44903   11.73000  0.00289      11.73504      3.05017      
0.44863   11.73000  0.00289      11.72340      5.22803      
0.44823   11.72000  0.00289      11.71178      8.11178      
0.44783   11.70000  0.00289      11.70018      0.00379      
0.44743   11.70000  0.00289      11.68860      15.60062     
0.44703   11.68000  0.00289      11.67704      1.05209      
0.44683   11.67000  0.00289      11.67127      0.19272      
0.44643   11.67000  0.00289      11.65974      12.63403     
0.44603   11.67000  0.00289      11.64823      56.86285     
0.44563   11.65000  0.00289      11.63674      21.08412     
0.44484   11.63000  0.00289      11.61383      31.36788     
0.44405   11.60000  0.00289      11.59100      9.71796      
0.44385   11.59000  0.00289      11.58531      2.64425      
0.44385   11.59000  0.00289      11.58531      2.64425      
0.44366   11.58000  0.00289      11.57962      0.01772      
0.44267   11.53000  0.00289      11.55124      54.14093     
0.44189   11.49000  0.00289      11.52863      179.08492    
0.44170   11.50000  0.00289      11.52299      63.43222     
0.44111   11.50000  0.00289      11.50610      4.46731      
0.44014   11.46000  0.00289      11.47805      39.09944     
0.43937   11.44000  0.00289      11.45570      29.57462     
0.43898   11.42000  0.00289      11.44455      72.33849     
0.43860   11.41000  0.00289      11.43343      65.85038     
0.43840   11.41000  0.00289      11.42787      38.31758     
0.43802   11.38000  0.00289      11.41677      162.25847    
0.43725   11.38000  0.00289      11.39463      25.70022     
0.43649   11.37000  0.00289      11.37257      0.79546      
0.43592   11.34000  0.00289      11.35608      31.02892     
0.43535   11.33000  0.00289      11.33963      11.12596     
0.43478   11.32000  0.00289      11.32322      1.24462      
0.43422   11.32000  0.00289      11.30685      20.73530     
0.43384   11.31000  0.00289      11.29597      23.62726     
0.43346   11.30000  0.00289      11.28510      26.64040     
0.43290   11.29000  0.00289      11.26883      53.76161     
0.43253   11.29000  0.00289      11.25801      122.78204    
0.43253   11.27000  0.00289      11.25801      17.24328     
0.43234   11.27000  0.00289      11.25261      36.29230     
0.43178   11.25000  0.00289      11.23643      22.10718     
0.43122   11.24000  0.00289      11.22029      46.63446     
0.43103   11.23000  0.00289      11.21492      27.30446     
0.43103   11.21000  0.00289      11.21492      2.89965      
0.43085   11.21000  0.00289      11.20955      0.02436      
0.43029   11.20000  0.00289      11.19348      5.10377      
0.42937   11.16000  0.00289      11.16679      5.52490      
0.42863   11.15000  0.00289      11.14551      2.41568      
0.42790   11.13000  0.00289      11.12431      3.87962      
0.42717   11.10000  0.00289      11.10319      1.21902      
0.42699   11.10000  0.00289      11.09792      0.52076      
0.42680   11.08000  0.00289      11.09265      19.20540     
0.42644   11.06000  0.00289      11.08213      58.78179     
0.42571   11.05000  0.00289      11.06115      14.91736     
0.42481   11.02000  0.00289      11.03502      27.07569     
0.42427   11.02000  0.00289      11.01940      0.04361      
0.42409   11.01000  0.00289      11.01420      2.11478      
0.42355   10.98000  0.00289      10.99863      41.63601     
0.42248   10.96000  0.00289      10.96760      6.93766      
0.42176   10.92000  0.00289      10.94701      87.53470     
0.42105   10.91000  0.00289      10.92648      32.60156     
0.42052   10.91000  0.00289      10.91113      0.15424      
0.41999   10.87000  0.00289      10.89582      80.02191     
0.41929   10.86000  0.00289      10.87547      28.71702     
0.41859   10.87000  0.00289      10.85518      26.34189     
0.41771   10.84000  0.00289      10.82992      12.18749     
0.41701   10.83000  0.00289      10.80979      49.01995     
0.41649   10.82000  0.00289      10.79473      76.61368     
0.41580   10.81000  0.00289      10.77472      149.39479    
0.41545   10.82000  0.00289      10.76473      366.53570    
0.41494   10.78000  0.00289      10.74979      109.52481    
0.41459   10.77000  0.00289      10.73985      109.10396    
0.41425   10.77000  0.00289      10.72992      192.75305    
0.41391   10.73000  0.00289      10.72001      11.96968     
0.41339   10.73000  0.00289      10.70518      73.92466     
0.41271   10.70000  0.00289      10.68546      25.36946     
0.41220   10.70000  0.00289      10.67071      102.92925    
0.41203   10.70000  0.00289      10.66581      140.31502    
0.41169   10.67000  0.00289      10.65600      23.51354     
0.41118   10.65000  0.00289      10.64133      9.02568      
0.41034   10.64000  0.00289      10.61695      63.75547     
0.40967   10.60000  0.00289      10.59752      0.73790      
0.40900   10.59000  0.00289      10.57815      16.83952     
0.40850   10.57000  0.00289      10.56367      4.80717      
0.40766   10.54000  0.00289      10.53961      0.01818      
0.40667   10.51000  0.00289      10.51087      0.09041      
0.40601   10.48000  0.00289      10.49178      16.66327     
0.40535   10.47000  0.00289      10.47276      0.91526      
0.40502   10.46000  0.00289      10.46327      1.28610      
0.40469   10.44000  0.00289      10.45380      22.85659     
0.40453   10.44000  0.00289      10.44907      9.87306      
0.40388   10.42000  0.00289      10.43019      12.45191     
0.40306   10.41000  0.00289      10.40667      1.33295      
0.40241   10.40000  0.00289      10.38792      17.51185     
0.40177   10.38000  0.00289      10.36923      13.91233     
0.40096   10.38000  0.00289      10.34596      139.06271    
0.40000   10.36000  0.00289      10.31815      210.15681    
0.39888   10.32000  0.00289      10.28588      139.71305    
0.39857   10.32000  0.00289      10.27669      225.08264    
0.39825   10.31000  0.00289      10.26752      216.56978    
0.39793   10.29000  0.00289      10.25836      120.13708    
0.39761   10.28000  0.00289      10.24922      113.72426    
0.39730   10.26000  0.00289      10.24009      47.58894     
0.39683   10.25000  0.00289      10.22642      66.72830     
0.39635   10.24000  0.00289      10.21278      88.88239     
0.39573   10.22000  0.00289      10.19466      77.08094     
0.39510   10.21000  0.00289      10.17658      133.99582    
0.39432   10.18000  0.00289      10.15407      80.65494     
0.39355   10.15000  0.00289      10.13165      40.38953     
0.39293   10.14000  0.00289      10.11378      82.49395     
0.39216   10.11000  0.00289      10.09152      40.98948     
0.39170   10.10000  0.00289      10.07820      57.01603     
0.39170   10.10000  0.00289      10.07820      57.01603     
0.39124   10.07000  0.00289      10.06492      3.09921      
0.39062   10.06000  0.00289      10.04725      19.49576     
0.39032   10.04000  0.00289      10.03844      0.29112      
0.39002   10.03000  0.00289      10.02964      0.01514      
0.38895   10.02000  0.00289      9.99896       53.11770     
0.38760   9.98000   0.00289      9.95975       49.18499     
0.38685   9.97000   0.00289      9.93809       122.17916    
0.38595   9.95000   0.00289      9.91221       171.40769    
0.38506   9.93000   0.00289      9.88644       227.69753    
0.38476   9.92000   0.00289      9.87788       212.91428    
0.38462   9.92000   0.00289      9.87360       258.33775    
0.38417   9.92000   0.00289      9.86079       420.65919    
0.38373   9.89000   0.00289      9.84801       211.54383    
0.38314   9.84000   0.00289      9.83102       9.67649      
0.38270   9.85000   0.00289      9.81831       120.51605    
0.38226   9.86000   0.00289      9.80563       354.76309    
0.38183   9.83000   0.00289      9.79297       164.50270    
0.38153   9.83000   0.00289      9.78456       247.81978    
0.38124   9.82000   0.00289      9.77615       230.74144    
0.38081   9.79000   0.00289      9.76356       83.86038     
0.38023   9.78000   0.00289      9.74683       132.03937    
0.37965   9.76000   0.00289      9.73014       106.96599    
0.37936   9.75000   0.00289      9.72182       95.28996     
0.37879   9.75000   0.00289      9.70521       240.72133    
0.37836   9.72000   0.00289      9.69279       88.86112     
0.37779   9.70000   0.00289      9.67627       67.59372     
0.37750   9.69000   0.00289      9.66802       57.95046     
0.37707   9.67000   0.00289      9.65568       24.59034     
0.37679   9.66000   0.00289      9.64747       18.82773     
0.37636   9.65000   0.00289      9.63518       26.35239     
0.37608   9.64000   0.00289      9.62700       20.27696     
0.37580   9.64000   0.00289      9.61883       53.76371     
0.37523   9.60000   0.00289      9.60253       0.77091      
0.37467   9.60000   0.00289      9.58628       22.57278     
0.37425   9.59000   0.00289      9.57413       30.22517     
0.37369   9.57000   0.00289      9.55796       17.38224     
0.37300   9.54000   0.00289      9.53783       0.56697      
0.37230   9.53000   0.00289      9.51776       17.96899     
0.37161   9.51000   0.00289      9.49777       17.93575     
0.37092   9.49000   0.00289      9.47786       17.68587     
0.37051   9.47000   0.00289      9.46595       1.97162      
0.37010   9.48000   0.00289      9.45406       80.74768     
0.36955   9.47000   0.00289      9.43825       120.95531    
0.36887   9.44000   0.00289      9.41856       55.17611     
0.36819   9.45000   0.00289      9.39893       312.91642    
0.36765   9.44000   0.00289      9.38329       385.93282    
0.36724   9.42000   0.00289      9.37159       281.27964    
0.36684   9.42000   0.00289      9.35991       433.34304    
0.36643   9.39000   0.00289      9.34825       209.12612    
0.36590   9.39000   0.00289      9.33276       393.21100    
0.36536   9.39000   0.00289      9.31731       634.14383    
0.36483   9.36000   0.00289      9.30190       405.09408    
0.36443   9.35000   0.00289      9.29037       426.64627    
0.36390   9.33000   0.00289      9.27504       362.41043    
0.36337   9.31000   0.00289      9.25976       302.87511    
0.36298   9.30000   0.00289      9.24833       320.40784    
0.36258   9.29000   0.00289      9.23692       338.11689    
0.36179   9.26000   0.00289      9.21418       251.98854    
0.36075   9.24000   0.00289      9.18400       376.26504    
0.36023   9.20000   0.00289      9.16898       115.44128    
0.35997   9.20000   0.00289      9.16149       177.96490    
0.35958   9.19000   0.00289      9.15027       189.42645    
0.35920   9.17000   0.00289      9.13907       114.78184    
0.35881   9.17000   0.00289      9.12790       212.68964    
0.35829   9.15000   0.00289      9.11304       163.91875    
0.35765   9.12000   0.00289      9.09453       77.86836     
0.35714   9.11000   0.00289      9.07976       109.71597    
0.35663   9.10000   0.00289      9.06504       146.65649    
0.35625   9.08000   0.00289      9.05403       80.95047     
0.35562   9.07000   0.00289      9.03572       140.98804    
0.35461   9.02000   0.00289      9.00657       21.63804     
0.35386   9.01000   0.00289      8.98482       76.10474     

Gradi di liberta = 737
Chi-quadro = 103717.34851560053
p-value = 0.0
Errore a posteriori = 0.03425

Test ipotesi funzione costante_______________________________
Gradi di Liberta' = 737
t = 2471.754138084908
p-value = 0.0

Test ipotesi compatibilità misure____________________________
x         y         sy           y_media_p     Chi-quadro   
0.73421   19.99000  0.00289      14.71811      3335144.53352
0.73368   19.98000  0.00289      14.71811      3322503.98683
0.73368   19.97000  0.00289      14.71811      3309887.44015
0.73314   19.96000  0.00289      14.71811      3297294.89346
0.73260   19.95000  0.00289      14.71811      3284726.34678
0.73206   19.93000  0.00289      14.71811      3259661.25341
0.73153   19.94000  0.00289      14.71811      3272181.80009
0.73153   19.91000  0.00289      14.71811      3234692.16004
0.73099   19.91000  0.00289      14.71811      3234692.16004
0.73046   19.92000  0.00289      14.71811      3247164.70672
0.72993   19.90000  0.00289      14.71811      3222243.61335
0.72993   19.89000  0.00289      14.71811      3209819.06667
0.72939   19.86000  0.00289      14.71811      3172689.42661
0.72886   19.86000  0.00289      14.71811      3172689.42661
0.72886   19.87000  0.00289      14.71811      3185041.97330
0.72833   19.85000  0.00289      14.71811      3160360.87993
0.72780   19.84000  0.00289      14.71811      3148056.33324
0.72674   19.82000  0.00289      14.71811      3123519.23988
0.72569   19.78000  0.00289      14.71811      3074733.05314
0.72516   19.77000  0.00289      14.71811      3062596.50645
0.72516   19.76000  0.00289      14.71811      3050483.95977
0.72464   19.75000  0.00289      14.71811      3038395.41308
0.72411   19.72000  0.00289      14.71811      3002273.77303
0.72359   19.72000  0.00289      14.71811      3002273.77303
0.72307   19.69000  0.00289      14.71811      2966368.13297
0.72254   19.68000  0.00289      14.71811      2954447.58629
0.72202   19.66000  0.00289      14.71811      2930678.49292
0.72150   19.64000  0.00289      14.71811      2907005.39955
0.72098   19.63000  0.00289      14.71811      2895204.85287
0.72098   19.62000  0.00289      14.71811      2883428.30618
0.72046   19.61000  0.00289      14.71811      2871675.75950
0.72046   19.60000  0.00289      14.71811      2859947.21281
0.71994   19.58000  0.00289      14.71811      2836562.11944
0.71942   19.56000  0.00289      14.71811      2813273.02607
0.71891   19.55000  0.00289      14.71811      2801664.47939
0.71839   19.54000  0.00289      14.71811      2790079.93270
0.71839   19.52000  0.00289      14.71811      2766982.83933
0.71788   19.49000  0.00289      14.71811      2732517.19928
0.71788   19.49000  0.00289      14.71811      2732517.19928
0.71736   19.48000  0.00289      14.71811      2721076.65260
0.71685   19.47000  0.00289      14.71811      2709660.10591
0.71633   19.46000  0.00289      14.71811      2698267.55923
0.71582   19.46000  0.00289      14.71811      2698267.55923
0.71582   19.45000  0.00289      14.71811      2686899.01254
0.71531   19.45000  0.00289      14.71811      2686899.01254
0.71480   19.44000  0.00289      14.71811      2675554.46586
0.71480   19.43000  0.00289      14.71811      2664233.91917
0.71429   19.42000  0.00289      14.71811      2652937.37249
0.71378   19.41000  0.00289      14.71811      2641664.82580
0.71327   19.40000  0.00289      14.71811      2630416.27912
0.71327   19.40000  0.00289      14.71811      2630416.27912
0.71276   19.39000  0.00289      14.71811      2619191.73243
0.71276   19.38000  0.00289      14.71811      2607991.18575
0.71225   19.37000  0.00289      14.71811      2596814.63906
0.71174   19.37000  0.00289      14.71811      2596814.63906
0.71124   19.36000  0.00289      14.71811      2585662.09238
0.71073   19.34000  0.00289      14.71811      2563428.99901
0.71023   19.32000  0.00289      14.71811      2541291.90564
0.70972   19.31000  0.00289      14.71811      2530259.35896
0.70922   19.29000  0.00289      14.71811      2508266.26559
0.70922   19.28000  0.00289      14.71811      2497305.71890
0.70872   19.26000  0.00289      14.71811      2475456.62553
0.70822   19.26000  0.00289      14.71811      2475456.62553
0.70771   19.25000  0.00289      14.71811      2464568.07885
0.70721   19.23000  0.00289      14.71811      2442862.98548
0.70671   19.21000  0.00289      14.71811      2421253.89211
0.70621   19.20000  0.00289      14.71811      2410485.34542
0.70572   19.17000  0.00289      14.71811      2378323.70537
0.70522   19.16000  0.00289      14.71811      2367651.15868
0.70472   19.14000  0.00289      14.71811      2346378.06532
0.70423   19.12000  0.00289      14.71811      2325200.97195
0.70373   19.11000  0.00289      14.71811      2314648.42526
0.70323   19.09000  0.00289      14.71811      2293615.33189
0.70274   19.08000  0.00289      14.71811      2283134.78521
0.70274   19.07000  0.00289      14.71811      2272678.23852
0.70225   19.05000  0.00289      14.71811      2251837.14515
0.70126   19.03000  0.00289      14.71811      2231092.05178
0.70028   19.00000  0.00289      14.71811      2200154.41173
0.69979   18.99000  0.00289      14.71811      2189889.86504
0.69930   18.98000  0.00289      14.71811      2179649.31836
0.69881   18.97000  0.00289      14.71811      2169432.77168
0.69832   18.96000  0.00289      14.71811      2159240.22499
0.69784   18.95000  0.00289      14.71811      2149071.67831
0.69686   18.93000  0.00289      14.71811      2128806.58494
0.69686   18.93000  0.00289      14.71811      2128806.58494
0.69638   18.92000  0.00289      14.71811      2118710.03825
0.69589   18.91000  0.00289      14.71811      2108637.49157
0.69541   18.90000  0.00289      14.71811      2098588.94488
0.69493   18.88000  0.00289      14.71811      2078563.85151
0.69444   18.86000  0.00289      14.71811      2058634.75814
0.69396   18.85000  0.00289      14.71811      2048706.21146
0.69348   18.83000  0.00289      14.71811      2028921.11809
0.69300   18.82000  0.00289      14.71811      2019064.57140
0.69252   18.80000  0.00289      14.71811      1999423.47804
0.69204   18.79000  0.00289      14.71811      1989638.93135
0.69156   18.78000  0.00289      14.71811      1979878.38467
0.69061   18.75000  0.00289      14.71811      1950740.74461
0.69013   18.74000  0.00289      14.71811      1941076.19793
0.68966   18.71000  0.00289      14.71811      1912226.55787
0.68918   18.69000  0.00289      14.71811      1893113.46450
0.68871   18.68000  0.00289      14.71811      1883592.91782
0.68823   18.65000  0.00289      14.71811      1855175.27776
0.68776   18.63000  0.00289      14.71811      1836350.18440
0.68681   18.62000  0.00289      14.71811      1826973.63771
0.68634   18.60000  0.00289      14.71811      1808292.54434
0.68587   18.58000  0.00289      14.71811      1789707.45097
0.68540   18.56000  0.00289      14.71811      1771218.35760
0.68493   18.54000  0.00289      14.71811      1752825.26423
0.68446   18.54000  0.00289      14.71811      1752825.26423
0.68399   18.53000  0.00289      14.71811      1743664.71755
0.68399   18.51000  0.00289      14.71811      1725415.62418
0.68353   18.50000  0.00289      14.71811      1716327.07749
0.68306   18.49000  0.00289      14.71811      1707262.53081
0.68259   18.49000  0.00289      14.71811      1707262.53081
0.68213   18.48000  0.00289      14.71811      1698221.98412
0.68166   18.47000  0.00289      14.71811      1689205.43744
0.68120   18.47000  0.00289      14.71811      1689205.43744
0.68120   18.46000  0.00289      14.71811      1680212.89075
0.68074   18.45000  0.00289      14.71811      1671244.34407
0.68027   18.44000  0.00289      14.71811      1662299.79739
0.67981   18.42000  0.00289      14.71811      1644482.70402
0.67935   18.41000  0.00289      14.71811      1635610.15733
0.67889   18.41000  0.00289      14.71811      1635610.15733
0.67843   18.39000  0.00289      14.71811      1617937.06396
0.67751   18.37000  0.00289      14.71811      1600359.97059
0.67705   18.35000  0.00289      14.71811      1582878.87722
0.67659   18.34000  0.00289      14.71811      1574174.33054
0.67613   18.32000  0.00289      14.71811      1556837.23717
0.67568   18.31000  0.00289      14.71811      1548204.69048
0.67522   18.30000  0.00289      14.71811      1539596.14380
0.67476   18.29000  0.00289      14.71811      1531011.59711
0.67431   18.27000  0.00289      14.71811      1513914.50375
0.67385   18.26000  0.00289      14.71811      1505401.95706
0.67340   18.24000  0.00289      14.71811      1488448.86369
0.67340   18.23000  0.00289      14.71811      1480008.31701
0.67295   18.22000  0.00289      14.71811      1471591.77032
0.67249   18.20000  0.00289      14.71811      1454830.67695
0.67204   18.19000  0.00289      14.71811      1446486.13027
0.67159   18.18000  0.00289      14.71811      1438165.58358
0.67114   18.17000  0.00289      14.71811      1429869.03690
0.67114   18.15000  0.00289      14.71811      1413347.94353
0.67069   18.14000  0.00289      14.71811      1405123.39684
0.67024   18.13000  0.00289      14.71811      1396922.85016
0.66979   18.11000  0.00289      14.71811      1380593.75679
0.66934   18.08000  0.00289      14.71811      1356280.11674
0.66890   18.08000  0.00289      14.71811      1356280.11674
0.66845   18.07000  0.00289      14.71811      1348223.57005
0.66800   18.05000  0.00289      14.71811      1332182.47668
0.66756   18.05000  0.00289      14.71811      1332182.47668
0.66711   18.04000  0.00289      14.71811      1324197.93000
0.66667   18.03000  0.00289      14.71811      1316237.38331
0.66622   18.03000  0.00289      14.71811      1316237.38331
0.66622   18.02000  0.00289      14.71811      1308300.83663
0.66578   18.01000  0.00289      14.71811      1300388.28994
0.66534   18.00000  0.00289      14.71811      1292499.74326
0.66489   17.99000  0.00289      14.71811      1284635.19657
0.66445   17.99000  0.00289      14.71811      1284635.19657
0.66401   17.97000  0.00289      14.71811      1268978.10320
0.66357   17.96000  0.00289      14.71811      1261185.55652
0.66269   17.95000  0.00289      14.71811      1253417.00983
0.66225   17.93000  0.00289      14.71811      1237951.91647
0.66181   17.92000  0.00289      14.71811      1230255.36978
0.66138   17.91000  0.00289      14.71811      1222582.82310
0.66094   17.89000  0.00289      14.71811      1207309.72973
0.66050   17.87000  0.00289      14.71811      1192132.63636
0.65963   17.86000  0.00289      14.71811      1184580.08967
0.65920   17.84000  0.00289      14.71811      1169546.99630
0.65876   17.83000  0.00289      14.71811      1162066.44962
0.65833   17.81000  0.00289      14.71811      1147177.35625
0.65789   17.79000  0.00289      14.71811      1132384.26288
0.65746   17.78000  0.00289      14.71811      1125023.71619
0.65703   17.75000  0.00289      14.71811      1103086.07614
0.65617   17.74000  0.00289      14.71811      1095821.52946
0.65574   17.72000  0.00289      14.71811      1081364.43609
0.65531   17.70000  0.00289      14.71811      1067003.34272
0.65445   17.68000  0.00289      14.71811      1052738.24935
0.65359   17.66000  0.00289      14.71811      1038569.15598
0.65317   17.64000  0.00289      14.71811      1024496.06261
0.65274   17.63000  0.00289      14.71811      1017495.51592
0.65274   17.61000  0.00289      14.71811      1003566.42255
0.65232   17.60000  0.00289      14.71811      996637.87587 
0.65147   17.59000  0.00289      14.71811      989733.32919 
0.65104   17.57000  0.00289      14.71811      975996.23582 
0.65062   17.56000  0.00289      14.71811      969163.68913 
0.65020   17.55000  0.00289      14.71811      962355.14245 
0.64935   17.54000  0.00289      14.71811      955570.59576 
0.64893   17.54000  0.00289      14.71811      955570.59576 
0.64851   17.52000  0.00289      14.71811      942073.50239 
0.64809   17.51000  0.00289      14.71811      935360.95571 
0.64725   17.50000  0.00289      14.71811      928672.40902 
0.64683   17.48000  0.00289      14.71811      915367.31565 
0.64641   17.48000  0.00289      14.71811      915367.31565 
0.64599   17.46000  0.00289      14.71811      902158.22228 
0.64516   17.44000  0.00289      14.71811      889045.12891 
0.64475   17.43000  0.00289      14.71811      882524.58223 
0.64392   17.40000  0.00289      14.71811      863106.94218 
0.64350   17.39000  0.00289      14.71811      856682.39549 
0.64350   17.38000  0.00289      14.71811      850281.84881 
0.64309   17.36000  0.00289      14.71811      837552.75544 
0.64267   17.36000  0.00289      14.71811      837552.75544 
0.64226   17.35000  0.00289      14.71811      831224.20875 
0.64185   17.34000  0.00289      14.71811      824919.66207 
0.64144   17.33000  0.00289      14.71811      818639.11538 
0.64144   17.31000  0.00289      14.71811      806150.02201 
0.64103   17.30000  0.00289      14.71811      799941.47533 
0.64061   17.29000  0.00289      14.71811      793756.92864 
0.63980   17.27000  0.00289      14.71811      781459.83527 
0.63939   17.26000  0.00289      14.71811      775347.28859 
0.63898   17.24000  0.00289      14.71811      763194.19522 
0.63898   17.23000  0.00289      14.71811      757153.64854 
0.63857   17.22000  0.00289      14.71811      751137.10185 
0.63816   17.20000  0.00289      14.71811      739176.00848 
0.63776   17.19000  0.00289      14.71811      733231.46180 
0.63694   17.17000  0.00289      14.71811      721414.36843 
0.63694   17.15000  0.00289      14.71811      709693.27506 
0.63654   17.15000  0.00289      14.71811      709693.27506 
0.63654   17.14000  0.00289      14.71811      703868.72837 
0.63613   17.13000  0.00289      14.71811      698068.18169 
0.63532   17.12000  0.00289      14.71811      692291.63500 
0.63492   17.10000  0.00289      14.71811      680810.54163 
0.63452   17.10000  0.00289      14.71811      680810.54163 
0.63412   17.09000  0.00289      14.71811      675105.99495 
0.63331   17.08000  0.00289      14.71811      669425.44827 
0.63331   17.08000  0.00289      14.71811      669425.44827 
0.63291   17.07000  0.00289      14.71811      663768.90158 
0.63251   17.06000  0.00289      14.71811      658136.35490 
0.63211   17.05000  0.00289      14.71811      652527.80821 
0.63171   17.04000  0.00289      14.71811      646943.26153 
0.63131   17.04000  0.00289      14.71811      646943.26153 
0.63091   17.03000  0.00289      14.71811      641382.71484 
0.63052   17.02000  0.00289      14.71811      635846.16816 
0.63012   17.01000  0.00289      14.71811      630333.62147 
0.62972   17.00000  0.00289      14.71811      624845.07479 
0.62933   16.98000  0.00289      14.71811      613939.98142 
0.62893   16.97000  0.00289      14.71811      608523.43473 
0.62854   16.95000  0.00289      14.71811      597762.34136 
0.62814   16.94000  0.00289      14.71811      592417.79468 
0.62775   16.93000  0.00289      14.71811      587097.24799 
0.62735   16.91000  0.00289      14.71811      576528.15463 
0.62657   16.90000  0.00289      14.71811      571279.60794 
0.62617   16.89000  0.00289      14.71811      566055.06126 
0.62578   16.87000  0.00289      14.71811      555677.96789 
0.62500   16.85000  0.00289      14.71811      545396.87452 
0.62461   16.83000  0.00289      14.71811      535211.78115 
0.62383   16.81000  0.00289      14.71811      525122.68778 
0.62344   16.79000  0.00289      14.71811      515129.59441 
0.62267   16.77000  0.00289      14.71811      505232.50104 
0.62228   16.75000  0.00289      14.71811      495431.40767 
0.62189   16.74000  0.00289      14.71811      490566.86099 
0.62150   16.73000  0.00289      14.71811      485726.31430 
0.62112   16.71000  0.00289      14.71811      476117.22093 
0.62073   16.69000  0.00289      14.71811      466604.12756 
0.62035   16.68000  0.00289      14.71811      461883.58088 
0.61996   16.68000  0.00289      14.71811      461883.58088 
0.61958   16.66000  0.00289      14.71811      452514.48751 
0.61920   16.65000  0.00289      14.71811      447865.94082 
0.61881   16.64000  0.00289      14.71811      443241.39414 
0.61843   16.63000  0.00289      14.71811      438640.84745 
0.61767   16.62000  0.00289      14.71811      434064.30077 
0.61728   16.61000  0.00289      14.71811      429511.75408 
0.61652   16.61000  0.00289      14.71811      429511.75408 
0.61652   16.60000  0.00289      14.71811      424983.20740 
0.61614   16.59000  0.00289      14.71811      420478.66071 
0.61576   16.58000  0.00289      14.71811      415998.11403 
0.61538   16.58000  0.00289      14.71811      415998.11403 
0.61501   16.57000  0.00289      14.71811      411541.56734 
0.61501   16.57000  0.00289      14.71811      411541.56734 
0.61463   16.55000  0.00289      14.71811      402700.47398 
0.61387   16.54000  0.00289      14.71811      398315.92729 
0.61350   16.52000  0.00289      14.71811      389618.83392 
0.61312   16.51000  0.00289      14.71811      385306.28724 
0.61237   16.49000  0.00289      14.71811      376753.19387 
0.61200   16.48000  0.00289      14.71811      372512.64718 
0.61162   16.46000  0.00289      14.71811      364103.55381 
0.61087   16.45000  0.00289      14.71811      359935.00713 
0.61050   16.44000  0.00289      14.71811      355790.46044 
0.61013   16.43000  0.00289      14.71811      351669.91376 
0.61013   16.42000  0.00289      14.71811      347573.36707 
0.60976   16.41000  0.00289      14.71811      343500.82039 
0.60901   16.39000  0.00289      14.71811      335427.72702 
0.60790   16.35000  0.00289      14.71811      319569.54028 
0.60716   16.32000  0.00289      14.71811      307927.90023 
0.60643   16.31000  0.00289      14.71811      304095.35354 
0.60606   16.29000  0.00289      14.71811      296502.26017 
0.60569   16.27000  0.00289      14.71811      289005.16680 
0.60496   16.26000  0.00289      14.71811      285292.62012 
0.60459   16.24000  0.00289      14.71811      277939.52675 
0.60423   16.23000  0.00289      14.71811      274298.98006 
0.60386   16.21000  0.00289      14.71811      267089.88670 
0.60314   16.18000  0.00289      14.71811      256456.24664 
0.60241   16.17000  0.00289      14.71811      252959.69996 
0.60168   16.16000  0.00289      14.71811      249487.15327 
0.60132   16.15000  0.00289      14.71811      246038.60659 
0.60060   16.15000  0.00289      14.71811      246038.60659 
0.60024   16.13000  0.00289      14.71811      239213.51322 
0.59952   16.12000  0.00289      14.71811      235836.96653 
0.59916   16.12000  0.00289      14.71811      235836.96653 
0.59880   16.11000  0.00289      14.71811      232484.41985 
0.59844   16.10000  0.00289      14.71811      229155.87316 
0.59809   16.09000  0.00289      14.71811      225851.32648 
0.59737   16.08000  0.00289      14.71811      222570.77979 
0.59701   16.07000  0.00289      14.71811      219314.23311 
0.59630   16.04000  0.00289      14.71811      209688.59306 
0.59595   16.03000  0.00289      14.71811      206528.04637 
0.59559   16.03000  0.00289      14.71811      206528.04637 
0.59524   16.01000  0.00289      14.71811      200278.95300 
0.59488   16.00000  0.00289      14.71811      197190.40632 
0.59453   15.98000  0.00289      14.71811      191085.31295 
0.59382   15.96000  0.00289      14.71811      185076.21958 
0.59382   15.95000  0.00289      14.71811      182107.67289 
0.59347   15.94000  0.00289      14.71811      179163.12621 
0.59312   15.93000  0.00289      14.71811      176242.57952 
0.59277   15.91000  0.00289      14.71811      170473.48615 
0.59242   15.89000  0.00289      14.71811      164800.39278 
0.59172   15.88000  0.00289      14.71811      161999.84610 
0.59137   15.87000  0.00289      14.71811      159223.29942 
0.59102   15.84000  0.00289      14.71811      151037.65936 
0.59032   15.83000  0.00289      14.71811      148357.11268 
0.58997   15.80000  0.00289      14.71811      140459.47262 
0.58928   15.78000  0.00289      14.71811      135314.37925 
0.58858   15.75000  0.00289      14.71811      127776.73920 
0.58754   15.71000  0.00289      14.71811      118062.55246 
0.58720   15.68000  0.00289      14.71811      111028.91241 
0.58685   15.67000  0.00289      14.71811      108732.36572 
0.58617   15.66000  0.00289      14.71811      106459.81904 
0.58548   15.64000  0.00289      14.71811      101986.72567 
0.58480   15.63000  0.00289      14.71811      99786.17898  
0.58411   15.61000  0.00289      14.71811      95457.08561  
0.58343   15.61000  0.00289      14.71811      95457.08561  
0.58309   15.60000  0.00289      14.71811      93328.53893  
0.58241   15.60000  0.00289      14.71811      93328.53893  
0.58207   15.59000  0.00289      14.71811      91223.99224  
0.58173   15.58000  0.00289      14.71811      89143.44556  
0.58106   15.57000  0.00289      14.71811      87086.89887  
0.58072   15.56000  0.00289      14.71811      85054.35219  
0.58038   15.56000  0.00289      14.71811      85054.35219  
0.57971   15.55000  0.00289      14.71811      83045.80550  
0.57870   15.50000  0.00289      14.71811      73363.07208  
0.57803   15.48000  0.00289      14.71811      69657.97871  
0.57770   15.45000  0.00289      14.71811      64280.33866  
0.57703   15.43000  0.00289      14.71811      60815.24529  
0.57670   15.41000  0.00289      14.71811      57446.15192  
0.57637   15.39000  0.00289      14.71811      54173.05855  
0.57571   15.38000  0.00289      14.71811      52572.51186  
0.57537   15.36000  0.00289      14.71811      49443.41850  
0.57471   15.33000  0.00289      14.71811      44929.77844  
0.57438   15.31000  0.00289      14.71811      42040.68507  
0.57372   15.28000  0.00289      14.71811      37887.04502  
0.57307   15.24000  0.00289      14.71811      32684.85828  
0.57241   15.24000  0.00289      14.71811      32684.85828  
0.57176   15.23000  0.00289      14.71811      31444.31159  
0.57110   15.21000  0.00289      14.71811      29035.21822  
0.57045   15.18000  0.00289      14.71811      25601.57817  
0.56948   15.17000  0.00289      14.71811      24505.03149  
0.56883   15.15000  0.00289      14.71811      22383.93812  
0.56850   15.14000  0.00289      14.71811      21359.39143  
0.56786   15.13000  0.00289      14.71811      20358.84475  
0.56689   15.12000  0.00289      14.71811      19382.29806  
0.56625   15.08000  0.00289      14.71811      15716.11132  
0.56561   15.08000  0.00289      14.71811      15716.11132  
0.56497   15.08000  0.00289      14.71811      15716.11132  
0.56433   15.05000  0.00289      14.71811      13218.47127  
0.56370   15.05000  0.00289      14.71811      13218.47127  
0.56338   15.05000  0.00289      14.71811      13218.47127  
0.56275   15.01000  0.00289      14.71811      10224.28453  
0.56211   15.01000  0.00289      14.71811      10224.28453  
0.56180   14.99000  0.00289      14.71811      8871.19116   
0.56148   14.96000  0.00289      14.71811      7021.55111   
0.56085   14.94000  0.00289      14.71811      5908.45774   
0.56022   14.89000  0.00289      14.71811      3545.72431   
0.55991   14.89000  0.00289      14.71811      3545.72431   
0.55928   14.87000  0.00289      14.71811      2768.63094   
0.55897   14.83000  0.00289      14.71811      1502.44421   
0.55835   14.82000  0.00289      14.71811      1245.89752   
0.55772   14.80000  0.00289      14.71811      804.80415    
0.55710   14.76000  0.00289      14.71811      210.61741    
0.55648   14.76000  0.00289      14.71811      210.61741    
0.55586   14.71000  0.00289      14.71811      7.88399      
0.55494   14.70000  0.00289      14.71811      39.33730     
0.55432   14.70000  0.00289      14.71811      39.33730     
0.55371   14.65000  0.00289      14.71811      556.60388    
0.55279   14.65000  0.00289      14.71811      556.60388    
0.55218   14.63000  0.00289      14.71811      931.51051    
0.55157   14.62000  0.00289      14.71811      1154.96383   
0.55096   14.62000  0.00289      14.71811      1154.96383   
0.55036   14.60000  0.00289      14.71811      1673.87046   
0.54975   14.60000  0.00289      14.71811      1673.87046   
0.54915   14.60000  0.00289      14.71811      1673.87046   
0.54855   14.56000  0.00289      14.71811      2999.68372   
0.54795   14.57000  0.00289      14.71811      2632.23040   
0.54735   14.54000  0.00289      14.71811      3806.59035   
0.54675   14.51000  0.00289      14.71811      5196.95029   
0.54615   14.50000  0.00289      14.71811      5708.40361   
0.54555   14.47000  0.00289      14.71811      7386.76356   
0.54466   14.45000  0.00289      14.71811      8625.67019   
0.54407   14.46000  0.00289      14.71811      7994.21687   
0.54377   14.42000  0.00289      14.71811      10664.03013  
0.54348   14.41000  0.00289      14.71811      11391.48345  
0.54318   14.41000  0.00289      14.71811      11391.48345  
0.54259   14.37000  0.00289      14.71811      14541.29671  
0.54201   14.36000  0.00289      14.71811      15388.75002  
0.54142   14.33000  0.00289      14.71811      18075.10997  
0.54083   14.31000  0.00289      14.71811      19986.01660  
0.54025   14.31000  0.00289      14.71811      19986.01660  
0.53967   14.26000  0.00289      14.71811      25183.28318  
0.53908   14.25000  0.00289      14.71811      26294.73649  
0.53879   14.26000  0.00289      14.71811      25183.28318  
0.53792   14.21000  0.00289      14.71811      30980.54975  
0.53706   14.19000  0.00289      14.71811      33467.45638  
0.53619   14.16000  0.00289      14.71811      37377.81633  
0.53533   14.15000  0.00289      14.71811      38729.26965  
0.53476   14.14000  0.00289      14.71811      40104.72296  
0.53419   14.12000  0.00289      14.71811      42927.62959  
0.53362   14.12000  0.00289      14.71811      42927.62959  
0.53305   14.11000  0.00289      14.71811      44375.08291  
0.53220   14.08000  0.00289      14.71811      48861.44285  
0.53163   14.09000  0.00289      14.71811      47341.98954  
0.53107   14.05000  0.00289      14.71811      53563.80280  
0.53079   14.05000  0.00289      14.71811      53563.80280  
0.53079   14.05000  0.00289      14.71811      53563.80280  
0.53050   14.02000  0.00289      14.71811      58482.16274  
0.53050   14.03000  0.00289      14.71811      56818.70943  
0.53050   14.04000  0.00289      14.71811      55179.25611  
0.52910   13.99000  0.00289      14.71811      63616.52269  
0.52770   13.98000  0.00289      14.71811      65375.97601  
0.52715   13.95000  0.00289      14.71811      70798.33595  
0.52659   13.93000  0.00289      14.71811      74533.24258  
0.52604   13.91000  0.00289      14.71811      78364.14921  
0.52521   13.88000  0.00289      14.71811      84290.50916  
0.52438   13.86000  0.00289      14.71811      88361.41579  
0.52329   13.83000  0.00289      14.71811      94647.77573  
0.52274   13.79000  0.00289      14.71811      103365.58900 
0.52219   13.78000  0.00289      14.71811      105605.04231 
0.52110   13.75000  0.00289      14.71811      112467.40226 
0.52002   13.72000  0.00289      14.71811      119545.76220 
0.51948   13.71000  0.00289      14.71811      121953.21552 
0.51867   13.69000  0.00289      14.71811      126840.12215 
0.51813   13.68000  0.00289      14.71811      129319.57546 
0.51760   13.67000  0.00289      14.71811      131823.02878 
0.51680   13.63000  0.00289      14.71811      142076.84204 
0.51573   13.64000  0.00289      14.71811      139477.38873 
0.51520   13.62000  0.00289      14.71811      144700.29536 
0.51520   13.61000  0.00289      14.71811      147347.74867 
0.51493   13.62000  0.00289      14.71811      144700.29536 
0.51493   13.59000  0.00289      14.71811      152714.65530 
0.51440   13.59000  0.00289      14.71811      152714.65530 
0.51387   13.58000  0.00289      14.71811      155434.10862 
0.51361   13.56000  0.00289      14.71811      160945.01525 
0.51361   13.56000  0.00289      14.71811      160945.01525 
0.51308   13.56000  0.00289      14.71811      160945.01525 
0.51256   13.53000  0.00289      14.71811      169391.37519 
0.51230   13.53000  0.00289      14.71811      169391.37519 
0.51151   13.50000  0.00289      14.71811      178053.73514 
0.51099   13.48000  0.00289      14.71811      183948.64177 
0.51046   13.47000  0.00289      14.71811      186932.09509 
0.50994   13.44000  0.00289      14.71811      196026.45503 
0.50916   13.43000  0.00289      14.71811      199105.90835 
0.50839   13.41000  0.00289      14.71811      205336.81498 
0.50761   13.39000  0.00289      14.71811      211663.72161 
0.50710   13.38000  0.00289      14.71811      214863.17492 
0.50633   13.35000  0.00289      14.71811      224605.53487 
0.50505   13.33000  0.00289      14.71811      231220.44150 
0.50352   13.29000  0.00289      14.71811      244738.25476 
0.50226   13.25000  0.00289      14.71811      258640.06802 
0.50075   13.20000  0.00289      14.71811      276557.33460 
0.49925   13.15000  0.00289      14.71811      295074.60117 
0.49850   13.13000  0.00289      14.71811      302649.50781 
0.49776   13.14000  0.00289      14.71811      298850.05449 
0.49727   13.12000  0.00289      14.71811      306472.96112 
0.49702   13.11000  0.00289      14.71811      310320.41444 
0.49652   13.11000  0.00289      14.71811      310320.41444 
0.49628   13.08000  0.00289      14.71811      322006.77438 
0.49579   13.07000  0.00289      14.71811      325950.22770 
0.49554   13.07000  0.00289      14.71811      325950.22770 
0.49529   13.05000  0.00289      14.71811      333909.13433 
0.49480   13.05000  0.00289      14.71811      333909.13433 
0.49432   13.02000  0.00289      14.71811      346027.49427 
0.49383   13.01000  0.00289      14.71811      350114.94759 
0.49334   12.99000  0.00289      14.71811      358361.85422 
0.49285   12.96000  0.00289      14.71811      370912.21416 
0.49261   12.96000  0.00289      14.71811      370912.21416 
0.49188   12.94000  0.00289      14.71811      379399.12080 
0.49092   12.90000  0.00289      14.71811      396660.93406 
0.49044   12.89000  0.00289      14.71811      401036.38737 
0.48996   12.87000  0.00289      14.71811      409859.29400 
0.48972   12.85000  0.00289      14.71811      418778.20063 
0.48948   12.86000  0.00289      14.71811      414306.74732 
0.48924   12.83000  0.00289      14.71811      427793.10726 
0.48852   12.83000  0.00289      14.71811      427793.10726 
0.48780   12.81000  0.00289      14.71811      436904.01389 
0.48733   12.78000  0.00289      14.71811      450750.37384 
0.48709   12.78000  0.00289      14.71811      450750.37384 
0.48662   12.77000  0.00289      14.71811      455413.82716 
0.48614   12.75000  0.00289      14.71811      464812.73379 
0.48544   12.74000  0.00289      14.71811      469548.18710 
0.48473   12.71000  0.00289      14.71811      483898.54705 
0.48426   12.72000  0.00289      14.71811      479091.09373 
0.48356   12.71000  0.00289      14.71811      483898.54705 
0.48286   12.69000  0.00289      14.71811      493585.45368 
0.48239   12.69000  0.00289      14.71811      493585.45368 
0.48170   12.67000  0.00289      14.71811      503368.36031 
0.48100   12.64000  0.00289      14.71811      518222.72025 
0.48031   12.63000  0.00289      14.71811      523222.17357 
0.48008   12.62000  0.00289      14.71811      528245.62688 
0.47985   12.61000  0.00289      14.71811      533293.08020 
0.47939   12.61000  0.00289      14.71811      533293.08020 
0.47893   12.57000  0.00289      14.71811      553722.89346 
0.47824   12.55000  0.00289      14.71811      564081.80009 
0.47733   12.54000  0.00289      14.71811      569297.25341 
0.47664   12.49000  0.00289      14.71811      595734.51998 
0.47642   12.50000  0.00289      14.71811      590399.06667 
0.47619   12.48000  0.00289      14.71811      601093.97330 
0.47574   12.47000  0.00289      14.71811      606477.42661 
0.47506   12.46000  0.00289      14.71811      611884.87993 
0.47438   12.43000  0.00289      14.71811      628251.23988 
0.47393   12.42000  0.00289      14.71811      633754.69319 
0.47304   12.40000  0.00289      14.71811      644833.59982 
0.47237   12.37000  0.00289      14.71811      661631.95977 
0.47170   12.36000  0.00289      14.71811      667279.41308 
0.47103   12.33000  0.00289      14.71811      684365.77303 
0.47081   12.32000  0.00289      14.71811      690109.22634 
0.47059   12.32000  0.00289      14.71811      690109.22634 
0.47015   12.29000  0.00289      14.71811      707483.58629 
0.46970   12.30000  0.00289      14.71811      701668.13297 
0.46926   12.29000  0.00289      14.71811      707483.58629 
0.46860   12.26000  0.00289      14.71811      725073.94624 
0.46816   12.26000  0.00289      14.71811      725073.94624 
0.46751   12.25000  0.00289      14.71811      730985.39955 
0.46685   12.25000  0.00289      14.71811      730985.39955 
0.46598   12.24000  0.00289      14.71811      736920.85287 
0.46555   12.21000  0.00289      14.71811      754871.21281 
0.46490   12.20000  0.00289      14.71811      760902.66613 
0.46447   12.19000  0.00289      14.71811      766958.11944 
0.46425   12.16000  0.00289      14.71811      785268.47939 
0.46361   12.15000  0.00289      14.71811      791419.93270 
0.46296   12.13000  0.00289      14.71811      803794.83933 
0.46232   12.11000  0.00289      14.71811      816265.74596 
0.46168   12.10000  0.00289      14.71811      822537.19928 
0.46104   12.06000  0.00289      14.71811      847863.01254 
0.46062   12.05000  0.00289      14.71811      854254.46586 
0.46019   12.05000  0.00289      14.71811      854254.46586 
0.45977   12.01000  0.00289      14.71811      880060.27912 
0.45872   12.00000  0.00289      14.71811      886571.73243 
0.45809   11.98000  0.00289      14.71811      899666.63906 
0.45767   11.95000  0.00289      14.71811      919488.99901 
0.45746   11.96000  0.00289      14.71811      912857.54569 
0.45683   11.92000  0.00289      14.71811      939527.35896 
0.45620   11.92000  0.00289      14.71811      939527.35896 
0.45537   11.90000  0.00289      14.71811      953006.26559 
0.45434   11.84000  0.00289      14.71811      994018.98548 
0.45351   11.83000  0.00289      14.71811      1000938.43879
0.45310   11.82000  0.00289      14.71811      1007881.89211
0.45228   11.80000  0.00289      14.71811      1021840.79874
0.45147   11.79000  0.00289      14.71811      1028856.25205
0.45045   11.77000  0.00289      14.71811      1042959.15868
0.44984   11.75000  0.00289      14.71811      1057158.06532
0.44964   11.76000  0.00289      14.71811      1050046.61200
0.44903   11.73000  0.00289      14.71811      1071452.97195
0.44863   11.73000  0.00289      14.71811      1071452.97195
0.44823   11.72000  0.00289      14.71811      1078636.42526
0.44783   11.70000  0.00289      14.71811      1093075.33189
0.44743   11.70000  0.00289      14.71811      1093075.33189
0.44703   11.68000  0.00289      14.71811      1107610.23852
0.44683   11.67000  0.00289      14.71811      1114913.69184
0.44643   11.67000  0.00289      14.71811      1114913.69184
0.44603   11.67000  0.00289      14.71811      1114913.69184
0.44563   11.65000  0.00289      14.71811      1129592.59847
0.44484   11.63000  0.00289      14.71811      1144367.50510
0.44405   11.60000  0.00289      14.71811      1166709.86504
0.44385   11.59000  0.00289      14.71811      1174205.31836
0.44385   11.59000  0.00289      14.71811      1174205.31836
0.44366   11.58000  0.00289      14.71811      1181724.77168
0.44267   11.53000  0.00289      14.71811      1219682.03825
0.44189   11.49000  0.00289      14.71811      1250479.85151
0.44170   11.50000  0.00289      14.71811      1242744.39820
0.44111   11.50000  0.00289      14.71811      1242744.39820
0.44014   11.46000  0.00289      14.71811      1273830.21146
0.43937   11.44000  0.00289      14.71811      1289517.11809
0.43898   11.42000  0.00289      14.71811      1305300.02472
0.43860   11.41000  0.00289      14.71811      1313227.47804
0.43840   11.41000  0.00289      14.71811      1313227.47804
0.43802   11.38000  0.00289      14.71811      1337153.83798
0.43725   11.38000  0.00289      14.71811      1337153.83798
0.43649   11.37000  0.00289      14.71811      1345177.29130
0.43592   11.34000  0.00289      14.71811      1369391.65124
0.43535   11.33000  0.00289      14.71811      1377511.10456
0.43478   11.32000  0.00289      14.71811      1385654.55787
0.43422   11.32000  0.00289      14.71811      1385654.55787
0.43384   11.31000  0.00289      14.71811      1393822.01119
0.43346   11.30000  0.00289      14.71811      1402013.46450
0.43290   11.29000  0.00289      14.71811      1410228.91782
0.43253   11.29000  0.00289      14.71811      1410228.91782
0.43253   11.27000  0.00289      14.71811      1426731.82445
0.43234   11.27000  0.00289      14.71811      1426731.82445
0.43178   11.25000  0.00289      14.71811      1443330.73108
0.43122   11.24000  0.00289      14.71811      1451666.18440
0.43103   11.23000  0.00289      14.71811      1460025.63771
0.43103   11.21000  0.00289      14.71811      1476816.54434
0.43085   11.21000  0.00289      14.71811      1476816.54434
0.43029   11.20000  0.00289      14.71811      1485247.99766
0.42937   11.16000  0.00289      14.71811      1519213.81092
0.42863   11.15000  0.00289      14.71811      1527765.26423
0.42790   11.13000  0.00289      14.71811      1544940.17086
0.42717   11.10000  0.00289      14.71811      1570882.53081
0.42699   11.10000  0.00289      14.71811      1570882.53081
0.42680   11.08000  0.00289      14.71811      1588297.43744
0.42644   11.06000  0.00289      14.71811      1605808.34407
0.42571   11.05000  0.00289      14.71811      1614599.79739
0.42481   11.02000  0.00289      14.71811      1641118.15733
0.42427   11.02000  0.00289      14.71811      1641118.15733
0.42409   11.01000  0.00289      14.71811      1650005.61065
0.42355   10.98000  0.00289      14.71811      1676811.97059
0.42248   10.96000  0.00289      14.71811      1694802.87722
0.42176   10.92000  0.00289      14.71811      1731072.69048
0.42105   10.91000  0.00289      14.71811      1740200.14380
0.42052   10.91000  0.00289      14.71811      1740200.14380
0.41999   10.87000  0.00289      14.71811      1776949.95706
0.41929   10.86000  0.00289      14.71811      1786197.41038
0.41859   10.87000  0.00289      14.71811      1776949.95706
0.41771   10.84000  0.00289      14.71811      1804764.31701
0.41701   10.83000  0.00289      14.71811      1814083.77032
0.41649   10.82000  0.00289      14.71811      1823427.22364
0.41580   10.81000  0.00289      14.71811      1832794.67695
0.41545   10.82000  0.00289      14.71811      1823427.22364
0.41494   10.78000  0.00289      14.71811      1861041.03690
0.41459   10.77000  0.00289      14.71811      1870504.49021
0.41425   10.77000  0.00289      14.71811      1870504.49021
0.41391   10.73000  0.00289      14.71811      1908598.30347
0.41339   10.73000  0.00289      14.71811      1908598.30347
0.41271   10.70000  0.00289      14.71811      1937420.66342
0.41220   10.70000  0.00289      14.71811      1937420.66342
0.41203   10.70000  0.00289      14.71811      1937420.66342
0.41169   10.67000  0.00289      14.71811      1966459.02337
0.41118   10.65000  0.00289      14.71811      1985937.93000
0.41034   10.64000  0.00289      14.71811      1995713.38331
0.40967   10.60000  0.00289      14.71811      2035055.19657
0.40900   10.59000  0.00289      14.71811      2044950.64989
0.40850   10.57000  0.00289      14.71811      2064813.55652
0.40766   10.54000  0.00289      14.71811      2094787.91647
0.40667   10.51000  0.00289      14.71811      2124978.27641
0.40601   10.48000  0.00289      14.71811      2155384.63636
0.40535   10.47000  0.00289      14.71811      2165568.08967
0.40502   10.46000  0.00289      14.71811      2175775.54299
0.40469   10.44000  0.00289      14.71811      2196262.44962
0.40453   10.44000  0.00289      14.71811      2196262.44962
0.40388   10.42000  0.00289      14.71811      2216845.35625
0.40306   10.41000  0.00289      14.71811      2227172.80956
0.40241   10.40000  0.00289      14.71811      2237524.26288
0.40177   10.38000  0.00289      14.71811      2258299.16951
0.40096   10.38000  0.00289      14.71811      2258299.16951
0.40000   10.36000  0.00289      14.71811      2279170.07614
0.39888   10.32000  0.00289      14.71811      2321199.88940
0.39857   10.32000  0.00289      14.71811      2321199.88940
0.39825   10.31000  0.00289      14.71811      2331767.34272
0.39793   10.29000  0.00289      14.71811      2352974.24935
0.39761   10.28000  0.00289      14.71811      2363613.70266
0.39730   10.26000  0.00289      14.71811      2384964.60929
0.39683   10.25000  0.00289      14.71811      2395676.06261
0.39635   10.24000  0.00289      14.71811      2406411.51592
0.39573   10.22000  0.00289      14.71811      2427954.42255
0.39510   10.21000  0.00289      14.71811      2438761.87587
0.39432   10.18000  0.00289      14.71811      2471328.23582
0.39355   10.15000  0.00289      14.71811      2504110.59576
0.39293   10.14000  0.00289      14.71811      2515086.04908
0.39216   10.11000  0.00289      14.71811      2548156.40902
0.39170   10.10000  0.00289      14.71811      2559227.86234
0.39170   10.10000  0.00289      14.71811      2559227.86234
0.39124   10.07000  0.00289      14.71811      2592586.22228
0.39062   10.06000  0.00289      14.71811      2603753.67560
0.39032   10.04000  0.00289      14.71811      2626160.58223
0.39002   10.03000  0.00289      14.71811      2637400.03555
0.38895   10.02000  0.00289      14.71811      2648663.48886
0.38760   9.98000   0.00289      14.71811      2693957.30212
0.38685   9.97000   0.00289      14.71811      2705340.75544
0.38595   9.95000   0.00289      14.71811      2728179.66207
0.38506   9.93000   0.00289      14.71811      2751114.56870
0.38476   9.92000   0.00289      14.71811      2762618.02201
0.38462   9.92000   0.00289      14.71811      2762618.02201
0.38417   9.92000   0.00289      14.71811      2762618.02201
0.38373   9.89000   0.00289      14.71811      2797272.38196
0.38314   9.84000   0.00289      14.71811      2855509.64854
0.38270   9.85000   0.00289      14.71811      2843814.19522
0.38226   9.86000   0.00289      14.71811      2832142.74191
0.38183   9.83000   0.00289      14.71811      2867229.10185
0.38153   9.83000   0.00289      14.71811      2867229.10185
0.38124   9.82000   0.00289      14.71811      2878972.55517
0.38081   9.79000   0.00289      14.71811      2914346.91511
0.38023   9.78000   0.00289      14.71811      2926186.36843
0.37965   9.76000   0.00289      14.71811      2949937.27506
0.37936   9.75000   0.00289      14.71811      2961848.72837
0.37879   9.75000   0.00289      14.71811      2961848.72837
0.37836   9.72000   0.00289      14.71811      2997727.08832
0.37779   9.70000   0.00289      14.71811      3021765.99495
0.37750   9.69000   0.00289      14.71811      3033821.44827
0.37707   9.67000   0.00289      14.71811      3058004.35490
0.37679   9.66000   0.00289      14.71811      3070131.80821
0.37636   9.65000   0.00289      14.71811      3082283.26153
0.37608   9.64000   0.00289      14.71811      3094458.71484
0.37580   9.64000   0.00289      14.71811      3094458.71484
0.37523   9.60000   0.00289      14.71811      3143400.52810
0.37467   9.60000   0.00289      14.71811      3143400.52810
0.37425   9.59000   0.00289      14.71811      3155695.98142
0.37369   9.57000   0.00289      14.71811      3180358.88805
0.37300   9.54000   0.00289      14.71811      3217533.24799
0.37230   9.53000   0.00289      14.71811      3229972.70131
0.37161   9.51000   0.00289      14.71811      3254923.60794
0.37092   9.49000   0.00289      14.71811      3279970.51457
0.37051   9.47000   0.00289      14.71811      3305113.42120
0.37010   9.48000   0.00289      14.71811      3292529.96789
0.36955   9.47000   0.00289      14.71811      3305113.42120
0.36887   9.44000   0.00289      14.71811      3343007.78115
0.36819   9.45000   0.00289      14.71811      3330352.32783
0.36765   9.44000   0.00289      14.71811      3343007.78115
0.36724   9.42000   0.00289      14.71811      3368390.68778
0.36684   9.42000   0.00289      14.71811      3368390.68778
0.36643   9.39000   0.00289      14.71811      3406645.04772
0.36590   9.39000   0.00289      14.71811      3406645.04772
0.36536   9.39000   0.00289      14.71811      3406645.04772
0.36483   9.36000   0.00289      14.71811      3445115.40767
0.36443   9.35000   0.00289      14.71811      3457986.86099
0.36390   9.33000   0.00289      14.71811      3483801.76762
0.36337   9.31000   0.00289      14.71811      3509712.67425
0.36298   9.30000   0.00289      14.71811      3522704.12756
0.36258   9.29000   0.00289      14.71811      3535719.58088
0.36179   9.26000   0.00289      14.71811      3574909.94082
0.36075   9.24000   0.00289      14.71811      3601156.84745
0.36023   9.20000   0.00289      14.71811      3653938.66071
0.35997   9.20000   0.00289      14.71811      3653938.66071
0.35958   9.19000   0.00289      14.71811      3667194.11403
0.35920   9.17000   0.00289      14.71811      3693777.02066
0.35881   9.17000   0.00289      14.71811      3693777.02066
0.35829   9.15000   0.00289      14.71811      3720455.92729
0.35765   9.12000   0.00289      14.71811      3760654.28724
0.35714   9.11000   0.00289      14.71811      3774101.74055
0.35663   9.10000   0.00289      14.71811      3787573.19387
0.35625   9.08000   0.00289      14.71811      3814588.10050
0.35562   9.07000   0.00289      14.71811      3828131.55381
0.35461   9.02000   0.00289      14.71811      3896208.82039
0.35386   9.01000   0.00289      14.71811      3909896.27370

Gradi di liberta = 737
Chi-quadro = 937590161.732071
p-value = 0.0

Media pesata = 14.718105548037888 +/- 0.00010619086483530494

****************************************************************************************************
SERIE 35
****************************************************************************************************

Test ipotesi linearità_____________________________________
Covarianza = 0.36568
Indice Pearson = 0.99995 +/- 0.00038
Gradi di Liberta' = 737
	t = 2624.671426038679
	p-value (due code) = 0.0

Parametri___________________________________________________
y = a + bx
a = -1.24014 +/- 0.00616
b = 28.89574 +/- 0.01169

Test bontà fit _____________________________________________
x         y         sy           y*            Chi-quadro   
0.73421   19.99000  0.00289      19.97552      25.15052     
0.73368   19.98000  0.00289      19.95996      48.20452     
0.73368   19.97000  0.00289      19.95996      12.10237     
0.73314   19.96000  0.00289      19.94441      29.14767     
0.73260   19.95000  0.00289      19.92890      53.45044     
0.73206   19.93000  0.00289      19.91340      33.07550     
0.73153   19.94000  0.00289      19.89792      212.45193    
0.73153   19.91000  0.00289      19.89792      17.50105     
0.73099   19.91000  0.00289      19.88247      90.93697     
0.73046   19.92000  0.00289      19.86704      336.54017    
0.72993   19.90000  0.00289      19.85164      280.69207    
0.72993   19.89000  0.00289      19.85164      176.61787    
0.72939   19.86000  0.00289      19.83625      67.67883     
0.72886   19.86000  0.00289      19.82089      183.55371    
0.72886   19.87000  0.00289      19.82089      289.41839    
0.72833   19.85000  0.00289      19.80555      237.09321    
0.72780   19.84000  0.00289      19.79023      297.20824    
0.72674   19.82000  0.00289      19.75967      436.82614    
0.72569   19.78000  0.00289      19.72919      309.83406    
0.72516   19.77000  0.00289      19.71398      376.57652    
0.72516   19.76000  0.00289      19.71398      254.13072    
0.72464   19.75000  0.00289      19.69880      314.61251    
0.72411   19.72000  0.00289      19.68363      158.69299    
0.72359   19.72000  0.00289      19.66849      318.33929    
0.72307   19.69000  0.00289      19.65338      160.95744    
0.72254   19.68000  0.00289      19.63828      208.87102    
0.72202   19.66000  0.00289      19.62320      162.46530    
0.72150   19.64000  0.00289      19.60815      121.71538    
0.72098   19.63000  0.00289      19.59312      163.20915    
0.72098   19.62000  0.00289      19.59312      86.69904     
0.72046   19.61000  0.00289      19.57811      122.02722    
0.72046   19.60000  0.00289      19.57811      57.49418     
0.71994   19.58000  0.00289      19.56312      34.17881     
0.71942   19.56000  0.00289      19.54816      16.83106     
0.71891   19.55000  0.00289      19.53321      33.82024     
0.71839   19.54000  0.00289      19.51829      56.56587     
0.71839   19.52000  0.00289      19.51829      0.35144      
0.71788   19.49000  0.00289      19.50339      21.50444     
0.71788   19.49000  0.00289      19.50339      21.50444     
0.71736   19.48000  0.00289      19.48851      8.68248      
0.71685   19.47000  0.00289      19.47365      1.59596      
0.71633   19.46000  0.00289      19.45881      0.17024      
0.71582   19.46000  0.00289      19.44399      30.74998     
0.71582   19.45000  0.00289      19.44399      4.33125      
0.71531   19.45000  0.00289      19.42920      51.93340     
0.71480   19.44000  0.00289      19.41442      78.50620     
0.71480   19.43000  0.00289      19.41442      29.11974     
0.71429   19.42000  0.00289      19.39967      49.60172     
0.71378   19.41000  0.00289      19.38494      75.37941     
0.71327   19.40000  0.00289      19.37023      106.38135    
0.71327   19.40000  0.00289      19.37023      106.38135    
0.71276   19.39000  0.00289      19.35554      142.53665    
0.71276   19.38000  0.00289      19.35554      71.82172     
0.71225   19.37000  0.00289      19.34087      101.85368    
0.71174   19.37000  0.00289      19.32622      230.02620    
0.71124   19.36000  0.00289      19.31159      281.22121    
0.71073   19.34000  0.00289      19.29698      222.05125    
0.71023   19.32000  0.00289      19.28240      169.67483    
0.70972   19.31000  0.00289      19.26783      213.37624    
0.70922   19.29000  0.00289      19.25329      161.73785    
0.70922   19.28000  0.00289      19.25329      85.62760     
0.70872   19.26000  0.00289      19.23876      54.11945     
0.70822   19.26000  0.00289      19.22426      153.28282    
0.70771   19.25000  0.00289      19.20978      194.14750    
0.70721   19.23000  0.00289      19.19531      144.37038    
0.70671   19.21000  0.00289      19.18087      101.80975    
0.70621   19.20000  0.00289      19.16645      135.06569    
0.70572   19.17000  0.00289      19.15205      38.66622     
0.70522   19.16000  0.00289      19.13767      59.84297     
0.70472   19.14000  0.00289      19.12331      33.43508     
0.70423   19.12000  0.00289      19.10897      14.60604     
0.70373   19.11000  0.00289      19.09465      28.28509     
0.70323   19.09000  0.00289      19.08035      11.18154     
0.70274   19.08000  0.00289      19.06607      23.29538     
0.70274   19.07000  0.00289      19.06607      1.85621      
0.70225   19.05000  0.00289      19.05181      0.39184      
0.70126   19.03000  0.00289      19.02335      5.31137      
0.70028   19.00000  0.00289      18.99497      3.03993      
0.69979   18.99000  0.00289      18.98081      10.14245     
0.69930   18.98000  0.00289      18.96667      21.33554     
0.69881   18.97000  0.00289      18.95255      36.56033     
0.69832   18.96000  0.00289      18.93844      55.75842     
0.69784   18.95000  0.00289      18.92436      78.87181     
0.69686   18.93000  0.00289      18.89626      136.61481    
0.69686   18.93000  0.00289      18.89626      136.61481    
0.69638   18.92000  0.00289      18.88224      171.13064    
0.69589   18.91000  0.00289      18.86823      209.33424    
0.69541   18.90000  0.00289      18.85425      251.16980    
0.69493   18.88000  0.00289      18.84029      189.26752    
0.69444   18.86000  0.00289      18.82634      135.95212    
0.69396   18.85000  0.00289      18.81242      169.51116    
0.69348   18.83000  0.00289      18.79851      118.99859    
0.69300   18.82000  0.00289      18.78462      150.18685    
0.69252   18.80000  0.00289      18.77076      102.63184    
0.69204   18.79000  0.00289      18.75691      131.41992    
0.69156   18.78000  0.00289      18.74308      163.59262    
0.69061   18.75000  0.00289      18.71548      143.02586    
0.69013   18.74000  0.00289      18.70170      175.98673    
0.68966   18.71000  0.00289      18.68795      58.33710     
0.68918   18.69000  0.00289      18.67422      29.89116     
0.68871   18.68000  0.00289      18.66050      45.61973     
0.68823   18.65000  0.00289      18.64681      1.22424      
0.68776   18.63000  0.00289      18.63313      1.17453      
0.68681   18.62000  0.00289      18.60583      24.09436     
0.68634   18.60000  0.00289      18.59221      7.28402      
0.68587   18.58000  0.00289      18.57861      0.23301      
0.68540   18.56000  0.00289      18.56502      3.02735      
0.68493   18.54000  0.00289      18.55146      15.75308     
0.68446   18.54000  0.00289      18.53791      0.52370      
0.68399   18.53000  0.00289      18.52438      3.78627      
0.68399   18.51000  0.00289      18.52438      24.82401     
0.68353   18.50000  0.00289      18.51087      14.18738     
0.68306   18.49000  0.00289      18.49738      6.53953      
0.68259   18.49000  0.00289      18.48391      4.45140      
0.68213   18.48000  0.00289      18.47046      10.93262     
0.68166   18.47000  0.00289      18.45702      20.22043     
0.68120   18.47000  0.00289      18.44360      83.62621     
0.68120   18.46000  0.00289      18.44360      32.26961     
0.68074   18.45000  0.00289      18.43020      47.03529     
0.68027   18.44000  0.00289      18.41682      64.47296     
0.67981   18.42000  0.00289      18.40346      32.83725     
0.67935   18.41000  0.00289      18.39011      47.45922     
0.67889   18.41000  0.00289      18.37679      132.37828    
0.67843   18.39000  0.00289      18.36348      84.41236     
0.67751   18.37000  0.00289      18.33691      131.35841    
0.67705   18.35000  0.00289      18.32366      83.25646     
0.67659   18.34000  0.00289      18.31042      104.97466    
0.67613   18.32000  0.00289      18.29720      62.35675     
0.67568   18.31000  0.00289      18.28400      81.09825     
0.67522   18.30000  0.00289      18.27082      102.17388    
0.67476   18.29000  0.00289      18.25766      125.54304    
0.67431   18.27000  0.00289      18.24451      77.98368     
0.67385   18.26000  0.00289      18.23138      98.30798     
0.67340   18.24000  0.00289      18.21827      56.68602     
0.67340   18.23000  0.00289      18.21827      16.52349     
0.67295   18.22000  0.00289      18.20517      26.38746     
0.67249   18.20000  0.00289      18.19209      7.50010      
0.67204   18.19000  0.00289      18.17903      14.42788     
0.67159   18.18000  0.00289      18.16599      23.54288     
0.67114   18.17000  0.00289      18.15297      34.80684     
0.67114   18.15000  0.00289      18.15297      1.05775      
0.67069   18.14000  0.00289      18.13996      0.00017      
0.67024   18.13000  0.00289      18.12697      1.09967      
0.66979   18.11000  0.00289      18.11400      1.92083      
0.66934   18.08000  0.00289      18.10105      53.15352     
0.66890   18.08000  0.00289      18.08811      7.89077      
0.66845   18.07000  0.00289      18.07519      3.23118      
0.66800   18.05000  0.00289      18.06229      18.11462     
0.66756   18.05000  0.00289      18.04940      0.04307      
0.66711   18.04000  0.00289      18.03653      1.44271      
0.66667   18.03000  0.00289      18.02368      4.79078      
0.66622   18.03000  0.00289      18.01085      44.01807     
0.66622   18.02000  0.00289      18.01085      10.05213     
0.66578   18.01000  0.00289      17.99803      17.19192     
0.66534   18.00000  0.00289      17.98523      26.17561     
0.66489   17.99000  0.00289      17.97245      36.96896     
0.66445   17.99000  0.00289      17.95968      110.30100    
0.66401   17.97000  0.00289      17.94693      63.84920     
0.66357   17.96000  0.00289      17.93420      79.86910     
0.66269   17.95000  0.00289      17.90879      203.81216    
0.66225   17.93000  0.00289      17.89611      137.85217    
0.66181   17.92000  0.00289      17.88344      160.37943    
0.66138   17.91000  0.00289      17.87079      184.45308    
0.66094   17.89000  0.00289      17.85816      121.63239    
0.66050   17.87000  0.00289      17.84555      71.74573     
0.65963   17.86000  0.00289      17.82037      188.47032    
0.65920   17.84000  0.00289      17.80780      124.38394    
0.65876   17.83000  0.00289      17.79526      144.85151    
0.65833   17.81000  0.00289      17.78273      89.26989     
0.65789   17.79000  0.00289      17.77021      46.99665     
0.65746   17.78000  0.00289      17.75771      59.61302     
0.65703   17.75000  0.00289      17.74523      2.73106      
0.65617   17.74000  0.00289      17.72031      46.50372     
0.65574   17.72000  0.00289      17.70788      17.62411     
0.65531   17.70000  0.00289      17.69546      2.46869      
0.65445   17.68000  0.00289      17.67068      10.42464     
0.65359   17.66000  0.00289      17.64596      23.65643     
0.65317   17.64000  0.00289      17.63362      4.87893      
0.65274   17.63000  0.00289      17.62130      9.07452      
0.65274   17.61000  0.00289      17.62130      15.33356     
0.65232   17.60000  0.00289      17.60900      9.72075      
0.65147   17.59000  0.00289      17.58444      3.70803      
0.65104   17.57000  0.00289      17.57219      0.57323      
0.65062   17.56000  0.00289      17.55995      0.00035      
0.65020   17.55000  0.00289      17.54772      0.62258      
0.64935   17.54000  0.00289      17.52332      33.37700     
0.64893   17.54000  0.00289      17.51115      99.90461     
0.64851   17.52000  0.00289      17.49899      52.99114     
0.64809   17.51000  0.00289      17.48684      64.35915     
0.64725   17.50000  0.00289      17.46260      167.85812    
0.64683   17.48000  0.00289      17.45050      104.41779    
0.64641   17.48000  0.00289      17.43842      207.46898    
0.64599   17.46000  0.00289      17.42635      135.84960    
0.64516   17.44000  0.00289      17.40227      170.84627    
0.64475   17.43000  0.00289      17.39025      189.62474    
0.64392   17.40000  0.00289      17.36626      136.64365    
0.64350   17.39000  0.00289      17.35428      153.09148    
0.64350   17.38000  0.00289      17.35428      79.36872     
0.64309   17.36000  0.00289      17.34232      37.49141     
0.64267   17.36000  0.00289      17.33038      105.26786    
0.64226   17.35000  0.00289      17.31845      119.41215    
0.64185   17.34000  0.00289      17.30654      134.32478    
0.64144   17.33000  0.00289      17.29465      149.98493    
0.64144   17.31000  0.00289      17.29465      28.28783     
0.64103   17.30000  0.00289      17.28277      35.64476     
0.64061   17.29000  0.00289      17.27090      43.78129     
0.63980   17.27000  0.00289      17.24721      62.31213     
0.63939   17.26000  0.00289      17.23539      72.66648     
0.63898   17.24000  0.00289      17.22359      32.32821     
0.63898   17.23000  0.00289      17.22359      4.93590      
0.63857   17.22000  0.00289      17.21180      8.07636      
0.63816   17.20000  0.00289      17.20002      0.00005      
0.63776   17.19000  0.00289      17.18826      0.36309      
0.63694   17.17000  0.00289      17.16478      3.26374      
0.63694   17.15000  0.00289      17.16478      26.23101     
0.63654   17.15000  0.00289      17.15307      1.13057      
0.63654   17.14000  0.00289      17.15307      20.49719     
0.63613   17.13000  0.00289      17.14137      15.51025     
0.63532   17.12000  0.00289      17.11801      0.47403      
0.63492   17.10000  0.00289      17.10636      4.84862      
0.63452   17.10000  0.00289      17.09472      3.35134      
0.63412   17.09000  0.00289      17.08309      5.73158      
0.63331   17.08000  0.00289      17.05988      48.57651     
0.63331   17.08000  0.00289      17.05988      48.57651     
0.63291   17.07000  0.00289      17.04830      56.51743     
0.63251   17.06000  0.00289      17.03673      64.97738     
0.63211   17.05000  0.00289      17.02518      73.93997     
0.63171   17.04000  0.00289      17.01364      83.38905     
0.63131   17.04000  0.00289      17.00212      172.23256    
0.63091   17.03000  0.00289      16.99061      186.22917    
0.63052   17.02000  0.00289      16.97911      200.63006    
0.63012   17.01000  0.00289      16.96763      215.41988    
0.62972   17.00000  0.00289      16.95616      230.58348    
0.62933   16.98000  0.00289      16.94471      149.41789    
0.62893   16.97000  0.00289      16.93328      161.83550    
0.62854   16.95000  0.00289      16.92185      95.06589     
0.62814   16.94000  0.00289      16.91045      104.81705    
0.62775   16.93000  0.00289      16.89905      114.93778    
0.62735   16.91000  0.00289      16.88767      59.82611     
0.62657   16.90000  0.00289      16.86496      147.37669    
0.62617   16.89000  0.00289      16.85362      158.83589    
0.62578   16.87000  0.00289      16.84230      92.10481     
0.62500   16.85000  0.00289      16.81969      110.22581    
0.62461   16.83000  0.00289      16.80841      55.92455     
0.62383   16.81000  0.00289      16.78589      69.73413     
0.62344   16.79000  0.00289      16.77466      28.25467     
0.62267   16.77000  0.00289      16.75222      37.93085     
0.62228   16.75000  0.00289      16.74102      9.66645      
0.62189   16.74000  0.00289      16.72984      12.38096     
0.62150   16.73000  0.00289      16.71867      15.39316     
0.62112   16.71000  0.00289      16.70752      0.73832      
0.62073   16.69000  0.00289      16.69638      4.88276      
0.62035   16.68000  0.00289      16.68525      3.30998      
0.61996   16.68000  0.00289      16.67414      4.12231      
0.61958   16.66000  0.00289      16.66304      1.10869      
0.61920   16.65000  0.00289      16.65195      0.45818      
0.61881   16.64000  0.00289      16.64088      0.09339      
0.61843   16.63000  0.00289      16.62982      0.00372      
0.61767   16.62000  0.00289      16.60775      18.01128     
0.61728   16.61000  0.00289      16.59673      21.12639     
0.61652   16.61000  0.00289      16.57474      149.21061    
0.61652   16.60000  0.00289      16.57474      76.58136     
0.61614   16.59000  0.00289      16.56376      82.61632     
0.61576   16.58000  0.00289      16.55280      88.79187     
0.61538   16.58000  0.00289      16.54185      174.66167    
0.61501   16.57000  0.00289      16.53091      183.33741    
0.61501   16.57000  0.00289      16.53091      183.33741    
0.61463   16.55000  0.00289      16.51999      108.07075    
0.61387   16.54000  0.00289      16.49819      209.81707    
0.61350   16.52000  0.00289      16.48730      128.29273    
0.61312   16.51000  0.00289      16.47643      135.20321    
0.61237   16.49000  0.00289      16.45474      149.22977    
0.61200   16.48000  0.00289      16.44391      156.33001    
0.61162   16.46000  0.00289      16.43309      86.89495     
0.61087   16.45000  0.00289      16.41150      177.88650    
0.61050   16.44000  0.00289      16.40072      185.13252    
0.61013   16.43000  0.00289      16.38996      192.39680    
0.61013   16.42000  0.00289      16.38996      108.29765    
0.60976   16.41000  0.00289      16.37921      113.77305    
0.60901   16.39000  0.00289      16.35775      124.82467    
0.60790   16.35000  0.00289      16.32565      71.12521     
0.60716   16.32000  0.00289      16.30432      29.48955     
0.60643   16.31000  0.00289      16.28304      87.19003     
0.60606   16.29000  0.00289      16.27242      37.06706     
0.60569   16.27000  0.00289      16.26182      8.03455      
0.60496   16.26000  0.00289      16.24064      44.97053     
0.60459   16.24000  0.00289      16.23007      11.82632     
0.60423   16.23000  0.00289      16.21952      13.18818     
0.60386   16.21000  0.00289      16.20897      0.12648      
0.60314   16.18000  0.00289      16.18792      7.53657      
0.60241   16.17000  0.00289      16.16693      1.13300      
0.60168   16.16000  0.00289      16.14598      23.58680     
0.60132   16.15000  0.00289      16.13553      25.14148     
0.60060   16.15000  0.00289      16.11465      149.92260    
0.60024   16.13000  0.00289      16.10424      79.64948     
0.59952   16.12000  0.00289      16.08344      160.39499    
0.59916   16.12000  0.00289      16.07306      264.39799    
0.59880   16.11000  0.00289      16.06269      268.55073    
0.59844   16.10000  0.00289      16.05234      272.59386    
0.59809   16.09000  0.00289      16.04200      276.52449    
0.59737   16.08000  0.00289      16.02135      412.80093    
0.59701   16.07000  0.00289      16.01104      417.11061    
0.59630   16.04000  0.00289      15.99047      294.39619    
0.59595   16.03000  0.00289      15.98020      297.59710    
0.59559   16.03000  0.00289      15.96994      432.80196    
0.59524   16.01000  0.00289      15.95970      303.60798    
0.59488   16.00000  0.00289      15.94947      306.41406    
0.59453   15.98000  0.00289      15.93925      199.28142    
0.59382   15.96000  0.00289      15.91885      203.24317    
0.59382   15.95000  0.00289      15.91885      116.47236    
0.59347   15.94000  0.00289      15.90866      117.84752    
0.59312   15.93000  0.00289      15.89849      119.13938    
0.59277   15.91000  0.00289      15.88833      56.34242     
0.59242   15.89000  0.00289      15.87818      16.75305     
0.59172   15.88000  0.00289      15.85793      58.47133     
0.59137   15.87000  0.00289      15.84781      59.06202     
0.59102   15.84000  0.00289      15.83772      0.62626      
0.59032   15.83000  0.00289      15.81755      18.59205     
0.58997   15.80000  0.00289      15.80749      6.73062      
0.58928   15.78000  0.00289      15.78740      6.56717      
0.58858   15.75000  0.00289      15.76735      36.13743     
0.58754   15.71000  0.00289      15.73738      89.93065     
0.58720   15.68000  0.00289      15.72741      269.68392    
0.58685   15.67000  0.00289      15.71745      270.16788    
0.58617   15.66000  0.00289      15.69757      169.37125    
0.58548   15.64000  0.00289      15.67774      170.87686    
0.58480   15.63000  0.00289      15.65795      93.73480     
0.58411   15.61000  0.00289      15.63821      95.48174     
0.58343   15.61000  0.00289      15.61851      8.69680      
0.58309   15.60000  0.00289      15.60868      9.04736      
0.58241   15.60000  0.00289      15.58906      14.36960     
0.58207   15.59000  0.00289      15.57926      13.83834     
0.58173   15.58000  0.00289      15.56948      13.28829     
0.58106   15.57000  0.00289      15.54994      48.27792     
0.58072   15.56000  0.00289      15.54019      47.08357     
0.58038   15.56000  0.00289      15.53045      104.76430    
0.57971   15.55000  0.00289      15.51101      182.43905    
0.57870   15.50000  0.00289      15.48193      39.19692     
0.57803   15.48000  0.00289      15.46259      36.35244     
0.57770   15.45000  0.00289      15.45295      1.04128      
0.57703   15.43000  0.00289      15.43368      1.62577      
0.57670   15.41000  0.00289      15.42406      23.73874     
0.57637   15.39000  0.00289      15.41446      71.79629     
0.57571   15.38000  0.00289      15.39528      28.03184     
0.57537   15.36000  0.00289      15.38571      79.33495     
0.57471   15.33000  0.00289      15.36660      160.76620    
0.57438   15.31000  0.00289      15.35706      265.79719    
0.57372   15.28000  0.00289      15.33802      403.94624    
0.57307   15.24000  0.00289      15.31902      749.26821    
0.57241   15.24000  0.00289      15.30006      432.88041    
0.57176   15.23000  0.00289      15.28115      313.92444    
0.57110   15.21000  0.00289      15.26228      327.94011    
0.57045   15.18000  0.00289      15.24345      483.09131    
0.56948   15.17000  0.00289      15.21529      246.11871    
0.56883   15.15000  0.00289      15.19657      260.22073    
0.56850   15.14000  0.00289      15.18722      267.59995    
0.56786   15.13000  0.00289      15.16857      178.48045    
0.56689   15.12000  0.00289      15.14066      51.22047     
0.56625   15.08000  0.00289      15.12211      212.77746    
0.56561   15.08000  0.00289      15.10360      66.83179     
0.56497   15.08000  0.00289      15.08513      3.16036      
0.56433   15.05000  0.00289      15.06671      33.49114     
0.56370   15.05000  0.00289      15.04832      0.33796      
0.56338   15.05000  0.00289      15.03915      14.13920     
0.56275   15.01000  0.00289      15.02082      14.05644     
0.56211   15.01000  0.00289      15.00254      6.67468      
0.56180   14.99000  0.00289      14.99342      1.40099      
0.56148   14.96000  0.00289      14.98430      70.87048     
0.56085   14.94000  0.00289      14.96610      81.76375     
0.56022   14.89000  0.00289      14.94794      402.91061    
0.55991   14.89000  0.00289      14.93888      286.72017    
0.55928   14.87000  0.00289      14.92078      309.47541    
0.55897   14.83000  0.00289      14.91175      801.96713    
0.55835   14.82000  0.00289      14.89371      652.03716    
0.55772   14.80000  0.00289      14.87572      687.96323    
0.55710   14.76000  0.00289      14.85776      1146.85065   
0.55648   14.76000  0.00289      14.83984      765.00663    
0.55586   14.71000  0.00289      14.82197      1504.40272   
0.55494   14.70000  0.00289      14.79523      1088.17915   
0.55432   14.70000  0.00289      14.77745      719.80751    
0.55371   14.65000  0.00289      14.75971      1444.38341   
0.55279   14.65000  0.00289      14.73318      830.21674    
0.55218   14.63000  0.00289      14.71554      877.98991    
0.55157   14.62000  0.00289      14.69794      728.87515    
0.55096   14.62000  0.00289      14.68037      437.38775    
0.55036   14.60000  0.00289      14.66285      474.00008    
0.54975   14.60000  0.00289      14.64536      246.94282    
0.54915   14.60000  0.00289      14.62792      93.52033     
0.54855   14.56000  0.00289      14.61051      306.12525    
0.54795   14.57000  0.00289      14.59314      64.24005     
0.54735   14.54000  0.00289      14.57580      153.83749    
0.54675   14.51000  0.00289      14.55851      282.38751    
0.54615   14.50000  0.00289      14.54125      204.21954    
0.54555   14.47000  0.00289      14.52403      350.36124    
0.54466   14.45000  0.00289      14.49828      279.66374    
0.54407   14.46000  0.00289      14.48115      53.67861     
0.54377   14.42000  0.00289      14.47260      332.02579    
0.54348   14.41000  0.00289      14.46406      350.71905    
0.54318   14.41000  0.00289      14.45553      248.77259    
0.54259   14.37000  0.00289      14.43850      563.04725    
0.54201   14.36000  0.00289      14.42150      453.91130    
0.54142   14.33000  0.00289      14.40454      666.81314    
0.54083   14.31000  0.00289      14.38762      723.01100    
0.54025   14.31000  0.00289      14.37074      442.65917    
0.53967   14.26000  0.00289      14.35389      1057.75888   
0.53908   14.25000  0.00289      14.33707      909.81399    
0.53879   14.26000  0.00289      14.32868      566.04197    
0.53792   14.21000  0.00289      14.30356      1050.32755   
0.53706   14.19000  0.00289      14.27851      940.13486    
0.53619   14.16000  0.00289      14.25355      1050.18069   
0.53533   14.15000  0.00289      14.22867      742.61354    
0.53476   14.14000  0.00289      14.21212      624.19852    
0.53419   14.12000  0.00289      14.19561      686.09114    
0.53362   14.12000  0.00289      14.17914      419.70574    
0.53305   14.11000  0.00289      14.16270      333.29505    
0.53220   14.08000  0.00289      14.13811      405.20584    
0.53163   14.09000  0.00289      14.12176      121.03125    
0.53107   14.05000  0.00289      14.10544      368.85721    
0.53079   14.05000  0.00289      14.09730      268.43776    
0.53079   14.05000  0.00289      14.09730      268.43776    
0.53050   14.02000  0.00289      14.08916      573.97539    
0.53050   14.03000  0.00289      14.08916      419.99100    
0.53050   14.04000  0.00289      14.08916      290.00661    
0.52910   13.99000  0.00289      14.04861      412.16591    
0.52770   13.98000  0.00289      14.00827      95.88103     
0.52715   13.95000  0.00289      13.99219      213.60355    
0.52659   13.93000  0.00289      13.97615      255.55564    
0.52604   13.91000  0.00289      13.96014      301.67265    
0.52521   13.88000  0.00289      13.93619      378.86671    
0.52438   13.86000  0.00289      13.91231      328.41679    
0.52329   13.83000  0.00289      13.88060      307.22140    
0.52274   13.79000  0.00289      13.86479      671.22165    
0.52219   13.78000  0.00289      13.84901      571.55865    
0.52110   13.75000  0.00289      13.81756      547.75943    
0.52002   13.72000  0.00289      13.78624      526.54441    
0.51948   13.71000  0.00289      13.77063      441.10758    
0.51867   13.69000  0.00289      13.74727      393.61204    
0.51813   13.68000  0.00289      13.73174      321.25770    
0.51760   13.67000  0.00289      13.71624      256.60218    
0.51680   13.63000  0.00289      13.69305      477.09861    
0.51573   13.64000  0.00289      13.66225      59.39757     
0.51520   13.62000  0.00289      13.64689      86.78649     
0.51520   13.61000  0.00289      13.64689      163.32912    
0.51493   13.62000  0.00289      13.63923      44.36101     
0.51493   13.59000  0.00289      13.63923      290.79495    
0.51440   13.59000  0.00289      13.62392      138.05936    
0.51387   13.58000  0.00289      13.60864      98.44654     
0.51361   13.56000  0.00289      13.60102      201.87666    
0.51361   13.56000  0.00289      13.60102      201.87666    
0.51308   13.56000  0.00289      13.58579      79.79264     
0.51256   13.53000  0.00289      13.57059      197.68743    
0.51230   13.53000  0.00289      13.56300      130.68516    
0.51151   13.50000  0.00289      13.54028      194.74410    
0.51099   13.48000  0.00289      13.52518      244.94397    
0.51046   13.47000  0.00289      13.51011      193.01213    
0.50994   13.44000  0.00289      13.49506      363.81479    
0.50916   13.43000  0.00289      13.47255      217.29850    
0.50839   13.41000  0.00289      13.45011      193.10025    
0.50761   13.39000  0.00289      13.42774      170.94856    
0.50710   13.38000  0.00289      13.41287      129.63145    
0.50633   13.35000  0.00289      13.39061      197.89678    
0.50505   13.33000  0.00289      13.35366      67.19396     
0.50352   13.29000  0.00289      13.30957      45.97324     
0.50226   13.25000  0.00289      13.27303      63.67051     
0.50075   13.20000  0.00289      13.22943      103.93177    
0.49925   13.15000  0.00289      13.18609      156.26254    
0.49850   13.13000  0.00289      13.16451      142.92291    
0.49776   13.14000  0.00289      13.14300      1.08074      
0.49727   13.12000  0.00289      13.12870      9.07562      
0.49702   13.11000  0.00289      13.12155      16.02214     
0.49652   13.11000  0.00289      13.10729      0.87926      
0.49628   13.08000  0.00289      13.10017      48.83307     
0.49579   13.07000  0.00289      13.08595      30.54116     
0.49554   13.07000  0.00289      13.07885      9.40763      
0.49529   13.05000  0.00289      13.07176      56.83057     
0.49480   13.05000  0.00289      13.05760      6.92917      
0.49432   13.02000  0.00289      13.04346      66.06541     
0.49383   13.01000  0.00289      13.02936      44.96057     
0.49334   12.99000  0.00289      13.01528      76.67123     
0.49285   12.96000  0.00289      13.00123      203.94336    
0.49261   12.96000  0.00289      12.99421      140.43790    
0.49188   12.94000  0.00289      12.97320      132.30809    
0.49092   12.90000  0.00289      12.94529      246.19181    
0.49044   12.89000  0.00289      12.93138      205.48111    
0.48996   12.87000  0.00289      12.91749      270.67724    
0.48972   12.85000  0.00289      12.91056      440.10739    
0.48948   12.86000  0.00289      12.90363      228.47072    
0.48924   12.83000  0.00289      12.89671      534.09583    
0.48852   12.83000  0.00289      12.87600      253.87475    
0.48780   12.81000  0.00289      12.85534      246.66558    
0.48733   12.78000  0.00289      12.84160      455.34497    
0.48709   12.78000  0.00289      12.83474      359.58588    
0.48662   12.77000  0.00289      12.82104      312.64114    
0.48614   12.75000  0.00289      12.80737      394.97196    
0.48544   12.74000  0.00289      12.78691      264.10479    
0.48473   12.71000  0.00289      12.76652      383.27910    
0.48426   12.72000  0.00289      12.75295      130.28151    
0.48356   12.71000  0.00289      12.73265      61.56372     
0.48286   12.69000  0.00289      12.71241      60.26250     
0.48239   12.69000  0.00289      12.69895      9.60869      
0.48170   12.67000  0.00289      12.67881      9.30363      
0.48100   12.64000  0.00289      12.65872      42.05288     
0.48031   12.63000  0.00289      12.63869      9.06794      
0.48008   12.62000  0.00289      12.63203      17.36643     
0.47985   12.61000  0.00289      12.62537      28.36119     
0.47939   12.61000  0.00289      12.61208      0.51896      
0.47893   12.57000  0.00289      12.59881      99.60999     
0.47824   12.55000  0.00289      12.57896      100.61494    
0.47733   12.54000  0.00289      12.55257      18.96427     
0.47664   12.49000  0.00289      12.53285      220.31987    
0.47642   12.50000  0.00289      12.52629      82.91991     
0.47619   12.48000  0.00289      12.51973      189.43031    
0.47574   12.47000  0.00289      12.50664      161.09214    
0.47506   12.46000  0.00289      12.48705      87.78893     
0.47438   12.43000  0.00289      12.46751      168.85605    
0.47393   12.42000  0.00289      12.45452      142.98524    
0.47304   12.40000  0.00289      12.42861      98.19928     
0.47237   12.37000  0.00289      12.40924      184.73978    
0.47170   12.36000  0.00289      12.38992      107.43395    
0.47103   12.33000  0.00289      12.37066      198.39516    
0.47081   12.32000  0.00289      12.36425      234.99517    
0.47059   12.32000  0.00289      12.35785      171.91958    
0.47015   12.29000  0.00289      12.34506      363.85135    
0.46970   12.30000  0.00289      12.33230      125.21343    
0.46926   12.29000  0.00289      12.31956      104.88576    
0.46860   12.26000  0.00289      12.30050      196.84866    
0.46816   12.26000  0.00289      12.28782      92.89707     
0.46751   12.25000  0.00289      12.26885      42.63918     
0.46685   12.25000  0.00289      12.24993      0.00059      
0.46598   12.24000  0.00289      12.22479      27.77825     
0.46555   12.21000  0.00289      12.21225      0.60652      
0.46490   12.20000  0.00289      12.19349      5.09167      
0.46447   12.19000  0.00289      12.18101      9.70459      
0.46425   12.16000  0.00289      12.17478      26.20080     
0.46361   12.15000  0.00289      12.15612      4.49245      
0.46296   12.13000  0.00289      12.13751      6.77282      
0.46232   12.11000  0.00289      12.11896      9.63026      
0.46168   12.10000  0.00289      12.10046      0.02489      
0.46104   12.06000  0.00289      12.08200      58.09963     
0.46062   12.05000  0.00289      12.06973      46.71699     
0.46019   12.05000  0.00289      12.05748      6.71524      
0.45977   12.01000  0.00289      12.04525      149.13259    
0.45872   12.00000  0.00289      12.01478      26.22045     
0.45809   11.98000  0.00289      11.99657      32.93274     
0.45767   11.95000  0.00289      11.98445      142.41824    
0.45746   11.96000  0.00289      11.97840      40.62966     
0.45683   11.92000  0.00289      11.96028      194.74275    
0.45620   11.92000  0.00289      11.94222      59.23893     
0.45537   11.90000  0.00289      11.91821      39.77860     
0.45434   11.84000  0.00289      11.88832      280.12147    
0.45351   11.83000  0.00289      11.86450      142.82394    
0.45310   11.82000  0.00289      11.85262      127.71702    
0.45228   11.80000  0.00289      11.82894      100.48299    
0.45147   11.79000  0.00289      11.80534      28.22349     
0.45045   11.77000  0.00289      11.77595      4.25456      
0.44984   11.75000  0.00289      11.75839      8.44463      
0.44964   11.76000  0.00289      11.75254      6.67079      
0.44903   11.73000  0.00289      11.73504      3.05017      
0.44863   11.73000  0.00289      11.72340      5.22803      
0.44823   11.72000  0.00289      11.71178      8.11178      
0.44783   11.70000  0.00289      11.70018      0.00379      
0.44743   11.70000  0.00289      11.68860      15.60062     
0.44703   11.68000  0.00289      11.67704      1.05209      
0.44683   11.67000  0.00289      11.67127      0.19272      
0.44643   11.67000  0.00289      11.65974      12.63403     
0.44603   11.67000  0.00289      11.64823      56.86285     
0.44563   11.65000  0.00289      11.63674      21.08412     
0.44484   11.63000  0.00289      11.61383      31.36788     
0.44405   11.60000  0.00289      11.59100      9.71796      
0.44385   11.59000  0.00289      11.58531      2.64425      
0.44385   11.59000  0.00289      11.58531      2.64425      
0.44366   11.58000  0.00289      11.57962      0.01772      
0.44267   11.53000  0.00289      11.55124      54.14093     
0.44189   11.49000  0.00289      11.52863      179.08492    
0.44170   11.50000  0.00289      11.52299      63.43222     
0.44111   11.50000  0.00289      11.50610      4.46731      
0.44014   11.46000  0.00289      11.47805      39.09944     
0.43937   11.44000  0.00289      11.45570      29.57462     
0.43898   11.42000  0.00289      11.44455      72.33849     
0.43860   11.41000  0.00289      11.43343      65.85038     
0.43840   11.41000  0.00289      11.42787      38.31758     
0.43802   11.38000  0.00289      11.41677      162.25847    
0.43725   11.38000  0.00289      11.39463      25.70022     
0.43649   11.37000  0.00289      11.37257      0.79546      
0.43592   11.34000  0.00289      11.35608      31.02892     
0.43535   11.33000  0.00289      11.33963      11.12596     
0.43478   11.32000  0.00289      11.32322      1.24462      
0.43422   11.32000  0.00289      11.30685      20.73530     
0.43384   11.31000  0.00289      11.29597      23.62726     
0.43346   11.30000  0.00289      11.28510      26.64040     
0.43290   11.29000  0.00289      11.26883      53.76161     
0.43253   11.29000  0.00289      11.25801      122.78204    
0.43253   11.27000  0.00289      11.25801      17.24328     
0.43234   11.27000  0.00289      11.25261      36.29230     
0.43178   11.25000  0.00289      11.23643      22.10718     
0.43122   11.24000  0.00289      11.22029      46.63446     
0.43103   11.23000  0.00289      11.21492      27.30446     
0.43103   11.21000  0.00289      11.21492      2.89965      
0.43085   11.21000  0.00289      11.20955      0.02436      
0.43029   11.20000  0.00289      11.19348      5.10377      
0.42937   11.16000  0.00289      11.16679      5.52490      
0.42863   11.15000  0.00289      11.14551      2.41568      
0.42790   11.13000  0.00289      11.12431      3.87962      
0.42717   11.10000  0.00289      11.10319      1.21902      
0.42699   11.10000  0.00289      11.09792      0.52076      
0.42680   11.08000  0.00289      11.09265      19.20540     
0.42644   11.06000  0.00289      11.08213      58.78179     
0.42571   11.05000  0.00289      11.06115      14.91736     
0.42481   11.02000  0.00289      11.03502      27.07569     
0.42427   11.02000  0.00289      11.01940      0.04361      
0.42409   11.01000  0.00289      11.01420      2.11478      
0.42355   10.98000  0.00289      10.99863      41.63601     
0.42248   10.96000  0.00289      10.96760      6.93766      
0.42176   10.92000  0.00289      10.94701      87.53470     
0.42105   10.91000  0.00289      10.92648      32.60156     
0.42052   10.91000  0.00289      10.91113      0.15424      
0.41999   10.87000  0.00289      10.89582      80.02191     
0.41929   10.86000  0.00289      10.87547      28.71702     
0.41859   10.87000  0.00289      10.85518      26.34189     
0.41771   10.84000  0.00289      10.82992      12.18749     
0.41701   10.83000  0.00289      10.80979      49.01995     
0.41649   10.82000  0.00289      10.79473      76.61368     
0.41580   10.81000  0.00289      10.77472      149.39479    
0.41545   10.82000  0.00289      10.76473      366.53570    
0.41494   10.78000  0.00289      10.74979      109.52481    
0.41459   10.77000  0.00289      10.73985      109.10396    
0.41425   10.77000  0.00289      10.72992      192.75305    
0.41391   10.73000  0.00289      10.72001      11.96968     
0.41339   10.73000  0.00289      10.70518      73.92466     
0.41271   10.70000  0.00289      10.68546      25.36946     
0.41220   10.70000  0.00289      10.67071      102.92925    
0.41203   10.70000  0.00289      10.66581      140.31502    
0.41169   10.67000  0.00289      10.65600      23.51354     
0.41118   10.65000  0.00289      10.64133      9.02568      
0.41034   10.64000  0.00289      10.61695      63.75547     
0.40967   10.60000  0.00289      10.59752      0.73790      
0.40900   10.59000  0.00289      10.57815      16.83952     
0.40850   10.57000  0.00289      10.56367      4.80717      
0.40766   10.54000  0.00289      10.53961      0.01818      
0.40667   10.51000  0.00289      10.51087      0.09041      
0.40601   10.48000  0.00289      10.49178      16.66327     
0.40535   10.47000  0.00289      10.47276      0.91526      
0.40502   10.46000  0.00289      10.46327      1.28610      
0.40469   10.44000  0.00289      10.45380      22.85659     
0.40453   10.44000  0.00289      10.44907      9.87306      
0.40388   10.42000  0.00289      10.43019      12.45191     
0.40306   10.41000  0.00289      10.40667      1.33295      
0.40241   10.40000  0.00289      10.38792      17.51185     
0.40177   10.38000  0.00289      10.36923      13.91233     
0.40096   10.38000  0.00289      10.34596      139.06271    
0.40000   10.36000  0.00289      10.31815      210.15681    
0.39888   10.32000  0.00289      10.28588      139.71305    
0.39857   10.32000  0.00289      10.27669      225.08264    
0.39825   10.31000  0.00289      10.26752      216.56978    
0.39793   10.29000  0.00289      10.25836      120.13708    
0.39761   10.28000  0.00289      10.24922      113.72426    
0.39730   10.26000  0.00289      10.24009      47.58894     
0.39683   10.25000  0.00289      10.22642      66.72830     
0.39635   10.24000  0.00289      10.21278      88.88239     
0.39573   10.22000  0.00289      10.19466      77.08094     
0.39510   10.21000  0.00289      10.17658      133.99582    
0.39432   10.18000  0.00289      10.15407      80.65494     
0.39355   10.15000  0.00289      10.13165      40.38953     
0.39293   10.14000  0.00289      10.11378      82.49395     
0.39216   10.11000  0.00289      10.09152      40.98948     
0.39170   10.10000  0.00289      10.07820      57.01603     
0.39170   10.10000  0.00289      10.07820      57.01603     
0.39124   10.07000  0.00289      10.06492      3.09921      
0.39062   10.06000  0.00289      10.04725      19.49576     
0.39032   10.04000  0.00289      10.03844      0.29112      
0.39002   10.03000  0.00289      10.02964      0.01514      
0.38895   10.02000  0.00289      9.99896       53.11770     
0.38760   9.98000   0.00289      9.95975       49.18499     
0.38685   9.97000   0.00289      9.93809       122.17916    
0.38595   9.95000   0.00289      9.91221       171.40769    
0.38506   9.93000   0.00289      9.88644       227.69753    
0.38476   9.92000   0.00289      9.87788       212.91428    
0.38462   9.92000   0.00289      9.87360       258.33775    
0.38417   9.92000   0.00289      9.86079       420.65919    
0.38373   9.89000   0.00289      9.84801       211.54383    
0.38314   9.84000   0.00289      9.83102       9.67649      
0.38270   9.85000   0.00289      9.81831       120.51605    
0.38226   9.86000   0.00289      9.80563       354.76309    
0.38183   9.83000   0.00289      9.79297       164.50270    
0.38153   9.83000   0.00289      9.78456       247.81978    
0.38124   9.82000   0.00289      9.77615       230.74144    
0.38081   9.79000   0.00289      9.76356       83.86038     
0.38023   9.78000   0.00289      9.74683       132.03937    
0.37965   9.76000   0.00289      9.73014       106.96599    
0.37936   9.75000   0.00289      9.72182       95.28996     
0.37879   9.75000   0.00289      9.70521       240.72133    
0.37836   9.72000   0.00289      9.69279       88.86112     
0.37779   9.70000   0.00289      9.67627       67.59372     
0.37750   9.69000   0.00289      9.66802       57.95046     
0.37707   9.67000   0.00289      9.65568       24.59034     
0.37679   9.66000   0.00289      9.64747       18.82773     
0.37636   9.65000   0.00289      9.63518       26.35239     
0.37608   9.64000   0.00289      9.62700       20.27696     
0.37580   9.64000   0.00289      9.61883       53.76371     
0.37523   9.60000   0.00289      9.60253       0.77091      
0.37467   9.60000   0.00289      9.58628       22.57278     
0.37425   9.59000   0.00289      9.57413       30.22517     
0.37369   9.57000   0.00289      9.55796       17.38224     
0.37300   9.54000   0.00289      9.53783       0.56697      
0.37230   9.53000   0.00289      9.51776       17.96899     
0.37161   9.51000   0.00289      9.49777       17.93575     
0.37092   9.49000   0.00289      9.47786       17.68587     
0.37051   9.47000   0.00289      9.46595       1.97162      
0.37010   9.48000   0.00289      9.45406       80.74768     
0.36955   9.47000   0.00289      9.43825       120.95531    
0.36887   9.44000   0.00289      9.41856       55.17611     
0.36819   9.45000   0.00289      9.39893       312.91642    
0.36765   9.44000   0.00289      9.38329       385.93282    
0.36724   9.42000   0.00289      9.37159       281.27964    
0.36684   9.42000   0.00289      9.35991       433.34304    
0.36643   9.39000   0.00289      9.34825       209.12612    
0.36590   9.39000   0.00289      9.33276       393.21100    
0.36536   9.39000   0.00289      9.31731       634.14383    
0.36483   9.36000   0.00289      9.30190       405.09408    
0.36443   9.35000   0.00289      9.29037       426.64627    
0.36390   9.33000   0.00289      9.27504       362.41043    
0.36337   9.31000   0.00289      9.25976       302.87511    
0.36298   9.30000   0.00289      9.24833       320.40784    
0.36258   9.29000   0.00289      9.23692       338.11689    
0.36179   9.26000   0.00289      9.21418       251.98854    
0.36075   9.24000   0.00289      9.18400       376.26504    
0.36023   9.20000   0.00289      9.16898       115.44128    
0.35997   9.20000   0.00289      9.16149       177.96490    
0.35958   9.19000   0.00289      9.15027       189.42645    
0.35920   9.17000   0.00289      9.13907       114.78184    
0.35881   9.17000   0.00289      9.12790       212.68964    
0.35829   9.15000   0.00289      9.11304       163.91875    
0.35765   9.12000   0.00289      9.09453       77.86836     
0.35714   9.11000   0.00289      9.07976       109.71597    
0.35663   9.10000   0.00289      9.06504       146.65649    
0.35625   9.08000   0.00289      9.05403       80.95047     
0.35562   9.07000   0.00289      9.03572       140.98804    
0.35461   9.02000   0.00289      9.00657       21.63804     
0.35386   9.01000   0.00289      8.98482       76.10474     

Gradi di liberta = 737
Chi-quadro = 103717.34851560053
p-value = 0.0
Errore a posteriori = 0.03425

Test ipotesi funzione costante_______________________________
Gradi di Liberta' = 737
t = 2471.754138084908
p-value = 0.0

Test ipotesi compatibilità misure____________________________
x         y         sy           y_media_p     Chi-quadro   
0.73421   19.99000  0.00289      14.71811      3335144.53352
0.73368   19.98000  0.00289      14.71811      3322503.98683
0.73368   19.97000  0.00289      14.71811      3309887.44015
0.73314   19.96000  0.00289      14.71811      3297294.89346
0.73260   19.95000  0.00289      14.71811      3284726.34678
0.73206   19.93000  0.00289      14.71811      3259661.25341
0.73153   19.94000  0.00289      14.71811      3272181.80009
0.73153   19.91000  0.00289      14.71811      3234692.16004
0.73099   19.91000  0.00289      14.71811      3234692.16004
0.73046   19.92000  0.00289      14.71811      3247164.70672
0.72993   19.90000  0.00289      14.71811      3222243.61335
0.72993   19.89000  0.00289      14.71811      3209819.06667
0.72939   19.86000  0.00289      14.71811      3172689.42661
0.72886   19.86000  0.00289      14.71811      3172689.42661
0.72886   19.87000  0.00289      14.71811      3185041.97330
0.72833   19.85000  0.00289      14.71811      3160360.87993
0.72780   19.84000  0.00289      14.71811      3148056.33324
0.72674   19.82000  0.00289      14.71811      3123519.23988
0.72569   19.78000  0.00289      14.71811      3074733.05314
0.72516   19.77000  0.00289      14.71811      3062596.50645
0.72516   19.76000  0.00289      14.71811      3050483.95977
0.72464   19.75000  0.00289      14.71811      3038395.41308
0.72411   19.72000  0.00289      14.71811      3002273.77303
0.72359   19.72000  0.00289      14.71811      3002273.77303
0.72307   19.69000  0.00289      14.71811      2966368.13297
0.72254   19.68000  0.00289      14.71811      2954447.58629
0.72202   19.66000  0.00289      14.71811      2930678.49292
0.72150   19.64000  0.00289      14.71811      2907005.39955
0.72098   19.63000  0.00289      14.71811      2895204.85287
0.72098   19.62000  0.00289      14.71811      2883428.30618
0.72046   19.61000  0.00289      14.71811      2871675.75950
0.72046   19.60000  0.00289      14.71811      2859947.21281
0.71994   19.58000  0.00289      14.71811      2836562.11944
0.71942   19.56000  0.00289      14.71811      2813273.02607
0.71891   19.55000  0.00289      14.71811      2801664.47939
0.71839   19.54000  0.00289      14.71811      2790079.93270
0.71839   19.52000  0.00289      14.71811      2766982.83933
0.71788   19.49000  0.00289      14.71811      2732517.19928
0.71788   19.49000  0.00289      14.71811      2732517.19928
0.71736   19.48000  0.00289      14.71811      2721076.65260
0.71685   19.47000  0.00289      14.71811      2709660.10591
0.71633   19.46000  0.00289      14.71811      2698267.55923
0.71582   19.46000  0.00289      14.71811      2698267.55923
0.71582   19.45000  0.00289      14.71811      2686899.01254
0.71531   19.45000  0.00289      14.71811      2686899.01254
0.71480   19.44000  0.00289      14.71811      2675554.46586
0.71480   19.43000  0.00289      14.71811      2664233.91917
0.71429   19.42000  0.00289      14.71811      2652937.37249
0.71378   19.41000  0.00289      14.71811      2641664.82580
0.71327   19.40000  0.00289      14.71811      2630416.27912
0.71327   19.40000  0.00289      14.71811      2630416.27912
0.71276   19.39000  0.00289      14.71811      2619191.73243
0.71276   19.38000  0.00289      14.71811      2607991.18575
0.71225   19.37000  0.00289      14.71811      2596814.63906
0.71174   19.37000  0.00289      14.71811      2596814.63906
0.71124   19.36000  0.00289      14.71811      2585662.09238
0.71073   19.34000  0.00289      14.71811      2563428.99901
0.71023   19.32000  0.00289      14.71811      2541291.90564
0.70972   19.31000  0.00289      14.71811      2530259.35896
0.70922   19.29000  0.00289      14.71811      2508266.26559
0.70922   19.28000  0.00289      14.71811      2497305.71890
0.70872   19.26000  0.00289      14.71811      2475456.62553
0.70822   19.26000  0.00289      14.71811      2475456.62553
0.70771   19.25000  0.00289      14.71811      2464568.07885
0.70721   19.23000  0.00289      14.71811      2442862.98548
0.70671   19.21000  0.00289      14.71811      2421253.89211
0.70621   19.20000  0.00289      14.71811      2410485.34542
0.70572   19.17000  0.00289      14.71811      2378323.70537
0.70522   19.16000  0.00289      14.71811      2367651.15868
0.70472   19.14000  0.00289      14.71811      2346378.06532
0.70423   19.12000  0.00289      14.71811      2325200.97195
0.70373   19.11000  0.00289      14.71811      2314648.42526
0.70323   19.09000  0.00289      14.71811      2293615.33189
0.70274   19.08000  0.00289      14.71811      2283134.78521
0.70274   19.07000  0.00289      14.71811      2272678.23852
0.70225   19.05000  0.00289      14.71811      2251837.14515
0.70126   19.03000  0.00289      14.71811      2231092.05178
0.70028   19.00000  0.00289      14.71811      2200154.41173
0.69979   18.99000  0.00289      14.71811      2189889.86504
0.69930   18.98000  0.00289      14.71811      2179649.31836
0.69881   18.97000  0.00289      14.71811      2169432.77168
0.69832   18.96000  0.00289      14.71811      2159240.22499
0.69784   18.95000  0.00289      14.71811      2149071.67831
0.69686   18.93000  0.00289      14.71811      2128806.58494
0.69686   18.93000  0.00289      14.71811      2128806.58494
0.69638   18.92000  0.00289      14.71811      2118710.03825
0.69589   18.91000  0.00289      14.71811      2108637.49157
0.69541   18.90000  0.00289      14.71811      2098588.94488
0.69493   18.88000  0.00289      14.71811      2078563.85151
0.69444   18.86000  0.00289      14.71811      2058634.75814
0.69396   18.85000  0.00289      14.71811      2048706.21146
0.69348   18.83000  0.00289      14.71811      2028921.11809
0.69300   18.82000  0.00289      14.71811      2019064.57140
0.69252   18.80000  0.00289      14.71811      1999423.47804
0.69204   18.79000  0.00289      14.71811      1989638.93135
0.69156   18.78000  0.00289      14.71811      1979878.38467
0.69061   18.75000  0.00289      14.71811      1950740.74461
0.69013   18.74000  0.00289      14.71811      1941076.19793
0.68966   18.71000  0.00289      14.71811      1912226.55787
0.68918   18.69000  0.00289      14.71811      1893113.46450
0.68871   18.68000  0.00289      14.71811      1883592.91782
0.68823   18.65000  0.00289      14.71811      1855175.27776
0.68776   18.63000  0.00289      14.71811      1836350.18440
0.68681   18.62000  0.00289      14.71811      1826973.63771
0.68634   18.60000  0.00289      14.71811      1808292.54434
0.68587   18.58000  0.00289      14.71811      1789707.45097
0.68540   18.56000  0.00289      14.71811      1771218.35760
0.68493   18.54000  0.00289      14.71811      1752825.26423
0.68446   18.54000  0.00289      14.71811      1752825.26423
0.68399   18.53000  0.00289      14.71811      1743664.71755
0.68399   18.51000  0.00289      14.71811      1725415.62418
0.68353   18.50000  0.00289      14.71811      1716327.07749
0.68306   18.49000  0.00289      14.71811      1707262.53081
0.68259   18.49000  0.00289      14.71811      1707262.53081
0.68213   18.48000  0.00289      14.71811      1698221.98412
0.68166   18.47000  0.00289      14.71811      1689205.43744
0.68120   18.47000  0.00289      14.71811      1689205.43744
0.68120   18.46000  0.00289      14.71811      1680212.89075
0.68074   18.45000  0.00289      14.71811      1671244.34407
0.68027   18.44000  0.00289      14.71811      1662299.79739
0.67981   18.42000  0.00289      14.71811      1644482.70402
0.67935   18.41000  0.00289      14.71811      1635610.15733
0.67889   18.41000  0.00289      14.71811      1635610.15733
0.67843   18.39000  0.00289      14.71811      1617937.06396
0.67751   18.37000  0.00289      14.71811      1600359.97059
0.67705   18.35000  0.00289      14.71811      1582878.87722
0.67659   18.34000  0.00289      14.71811      1574174.33054
0.67613   18.32000  0.00289      14.71811      1556837.23717
0.67568   18.31000  0.00289      14.71811      1548204.69048
0.67522   18.30000  0.00289      14.71811      1539596.14380
0.67476   18.29000  0.00289      14.71811      1531011.59711
0.67431   18.27000  0.00289      14.71811      1513914.50375
0.67385   18.26000  0.00289      14.71811      1505401.95706
0.67340   18.24000  0.00289      14.71811      1488448.86369
0.67340   18.23000  0.00289      14.71811      1480008.31701
0.67295   18.22000  0.00289      14.71811      1471591.77032
0.67249   18.20000  0.00289      14.71811      1454830.67695
0.67204   18.19000  0.00289      14.71811      1446486.13027
0.67159   18.18000  0.00289      14.71811      1438165.58358
0.67114   18.17000  0.00289      14.71811      1429869.03690
0.67114   18.15000  0.00289      14.71811      1413347.94353
0.67069   18.14000  0.00289      14.71811      1405123.39684
0.67024   18.13000  0.00289      14.71811      1396922.85016
0.66979   18.11000  0.00289      14.71811      1380593.75679
0.66934   18.08000  0.00289      14.71811      1356280.11674
0.66890   18.08000  0.00289      14.71811      1356280.11674
0.66845   18.07000  0.00289      14.71811      1348223.57005
0.66800   18.05000  0.00289      14.71811      1332182.47668
0.66756   18.05000  0.00289      14.71811      1332182.47668
0.66711   18.04000  0.00289      14.71811      1324197.93000
0.66667   18.03000  0.00289      14.71811      1316237.38331
0.66622   18.03000  0.00289      14.71811      1316237.38331
0.66622   18.02000  0.00289      14.71811      1308300.83663
0.66578   18.01000  0.00289      14.71811      1300388.28994
0.66534   18.00000  0.00289      14.71811      1292499.74326
0.66489   17.99000  0.00289      14.71811      1284635.19657
0.66445   17.99000  0.00289      14.71811      1284635.19657
0.66401   17.97000  0.00289      14.71811      1268978.10320
0.66357   17.96000  0.00289      14.71811      1261185.55652
0.66269   17.95000  0.00289      14.71811      1253417.00983
0.66225   17.93000  0.00289      14.71811      1237951.91647
0.66181   17.92000  0.00289      14.71811      1230255.36978
0.66138   17.91000  0.00289      14.71811      1222582.82310
0.66094   17.89000  0.00289      14.71811      1207309.72973
0.66050   17.87000  0.00289      14.71811      1192132.63636
0.65963   17.86000  0.00289      14.71811      1184580.08967
0.65920   17.84000  0.00289      14.71811      1169546.99630
0.65876   17.83000  0.00289      14.71811      1162066.44962
0.65833   17.81000  0.00289      14.71811      1147177.35625
0.65789   17.79000  0.00289      14.71811      1132384.26288
0.65746   17.78000  0.00289      14.71811      1125023.71619
0.65703   17.75000  0.00289      14.71811      1103086.07614
0.65617   17.74000  0.00289      14.71811      1095821.52946
0.65574   17.72000  0.00289      14.71811      1081364.43609
0.65531   17.70000  0.00289      14.71811      1067003.34272
0.65445   17.68000  0.00289      14.71811      1052738.24935
0.65359   17.66000  0.00289      14.71811      1038569.15598
0.65317   17.64000  0.00289      14.71811      1024496.06261
0.65274   17.63000  0.00289      14.71811      1017495.51592
0.65274   17.61000  0.00289      14.71811      1003566.42255
0.65232   17.60000  0.00289      14.71811      996637.87587 
0.65147   17.59000  0.00289      14.71811      989733.32919 
0.65104   17.57000  0.00289      14.71811      975996.23582 
0.65062   17.56000  0.00289      14.71811      969163.68913 
0.65020   17.55000  0.00289      14.71811      962355.14245 
0.64935   17.54000  0.00289      14.71811      955570.59576 
0.64893   17.54000  0.00289      14.71811      955570.59576 
0.64851   17.52000  0.00289      14.71811      942073.50239 
0.64809   17.51000  0.00289      14.71811      935360.95571 
0.64725   17.50000  0.00289      14.71811      928672.40902 
0.64683   17.48000  0.00289      14.71811      915367.31565 
0.64641   17.48000  0.00289      14.71811      915367.31565 
0.64599   17.46000  0.00289      14.71811      902158.22228 
0.64516   17.44000  0.00289      14.71811      889045.12891 
0.64475   17.43000  0.00289      14.71811      882524.58223 
0.64392   17.40000  0.00289      14.71811      863106.94218 
0.64350   17.39000  0.00289      14.71811      856682.39549 
0.64350   17.38000  0.00289      14.71811      850281.84881 
0.64309   17.36000  0.00289      14.71811      837552.75544 
0.64267   17.36000  0.00289      14.71811      837552.75544 
0.64226   17.35000  0.00289      14.71811      831224.20875 
0.64185   17.34000  0.00289      14.71811      824919.66207 
0.64144   17.33000  0.00289      14.71811      818639.11538 
0.64144   17.31000  0.00289      14.71811      806150.02201 
0.64103   17.30000  0.00289      14.71811      799941.47533 
0.64061   17.29000  0.00289      14.71811      793756.92864 
0.63980   17.27000  0.00289      14.71811      781459.83527 
0.63939   17.26000  0.00289      14.71811      775347.28859 
0.63898   17.24000  0.00289      14.71811      763194.19522 
0.63898   17.23000  0.00289      14.71811      757153.64854 
0.63857   17.22000  0.00289      14.71811      751137.10185 
0.63816   17.20000  0.00289      14.71811      739176.00848 
0.63776   17.19000  0.00289      14.71811      733231.46180 
0.63694   17.17000  0.00289      14.71811      721414.36843 
0.63694   17.15000  0.00289      14.71811      709693.27506 
0.63654   17.15000  0.00289      14.71811      709693.27506 
0.63654   17.14000  0.00289      14.71811      703868.72837 
0.63613   17.13000  0.00289      14.71811      698068.18169 
0.63532   17.12000  0.00289      14.71811      692291.63500 
0.63492   17.10000  0.00289      14.71811      680810.54163 
0.63452   17.10000  0.00289      14.71811      680810.54163 
0.63412   17.09000  0.00289      14.71811      675105.99495 
0.63331   17.08000  0.00289      14.71811      669425.44827 
0.63331   17.08000  0.00289      14.71811      669425.44827 
0.63291   17.07000  0.00289      14.71811      663768.90158 
0.63251   17.06000  0.00289      14.71811      658136.35490 
0.63211   17.05000  0.00289      14.71811      652527.80821 
0.63171   17.04000  0.00289      14.71811      646943.26153 
0.63131   17.04000  0.00289      14.71811      646943.26153 
0.63091   17.03000  0.00289      14.71811      641382.71484 
0.63052   17.02000  0.00289      14.71811      635846.16816 
0.63012   17.01000  0.00289      14.71811      630333.62147 
0.62972   17.00000  0.00289      14.71811      624845.07479 
0.62933   16.98000  0.00289      14.71811      613939.98142 
0.62893   16.97000  0.00289      14.71811      608523.43473 
0.62854   16.95000  0.00289      14.71811      597762.34136 
0.62814   16.94000  0.00289      14.71811      592417.79468 
0.62775   16.93000  0.00289      14.71811      587097.24799 
0.62735   16.91000  0.00289      14.71811      576528.15463 
0.62657   16.90000  0.00289      14.71811      571279.60794 
0.62617   16.89000  0.00289      14.71811      566055.06126 
0.62578   16.87000  0.00289      14.71811      555677.96789 
0.62500   16.85000  0.00289      14.71811      545396.87452 
0.62461   16.83000  0.00289      14.71811      535211.78115 
0.62383   16.81000  0.00289      14.71811      525122.68778 
0.62344   16.79000  0.00289      14.71811      515129.59441 
0.62267   16.77000  0.00289      14.71811      505232.50104 
0.62228   16.75000  0.00289      14.71811      495431.40767 
0.62189   16.74000  0.00289      14.71811      490566.86099 
0.62150   16.73000  0.00289      14.71811      485726.31430 
0.62112   16.71000  0.00289      14.71811      476117.22093 
0.62073   16.69000  0.00289      14.71811      466604.12756 
0.62035   16.68000  0.00289      14.71811      461883.58088 
0.61996   16.68000  0.00289      14.71811      461883.58088 
0.61958   16.66000  0.00289      14.71811      452514.48751 
0.61920   16.65000  0.00289      14.71811      447865.94082 
0.61881   16.64000  0.00289      14.71811      443241.39414 
0.61843   16.63000  0.00289      14.71811      438640.84745 
0.61767   16.62000  0.00289      14.71811      434064.30077 
0.61728   16.61000  0.00289      14.71811      429511.75408 
0.61652   16.61000  0.00289      14.71811      429511.75408 
0.61652   16.60000  0.00289      14.71811      424983.20740 
0.61614   16.59000  0.00289      14.71811      420478.66071 
0.61576   16.58000  0.00289      14.71811      415998.11403 
0.61538   16.58000  0.00289      14.71811      415998.11403 
0.61501   16.57000  0.00289      14.71811      411541.56734 
0.61501   16.57000  0.00289      14.71811      411541.56734 
0.61463   16.55000  0.00289      14.71811      402700.47398 
0.61387   16.54000  0.00289      14.71811      398315.92729 
0.61350   16.52000  0.00289      14.71811      389618.83392 
0.61312   16.51000  0.00289      14.71811      385306.28724 
0.61237   16.49000  0.00289      14.71811      376753.19387 
0.61200   16.48000  0.00289      14.71811      372512.64718 
0.61162   16.46000  0.00289      14.71811      364103.55381 
0.61087   16.45000  0.00289      14.71811      359935.00713 
0.61050   16.44000  0.00289      14.71811      355790.46044 
0.61013   16.43000  0.00289      14.71811      351669.91376 
0.61013   16.42000  0.00289      14.71811      347573.36707 
0.60976   16.41000  0.00289      14.71811      343500.82039 
0.60901   16.39000  0.00289      14.71811      335427.72702 
0.60790   16.35000  0.00289      14.71811      319569.54028 
0.60716   16.32000  0.00289      14.71811      307927.90023 
0.60643   16.31000  0.00289      14.71811      304095.35354 
0.60606   16.29000  0.00289      14.71811      296502.26017 
0.60569   16.27000  0.00289      14.71811      289005.16680 
0.60496   16.26000  0.00289      14.71811      285292.62012 
0.60459   16.24000  0.00289      14.71811      277939.52675 
0.60423   16.23000  0.00289      14.71811      274298.98006 
0.60386   16.21000  0.00289      14.71811      267089.88670 
0.60314   16.18000  0.00289      14.71811      256456.24664 
0.60241   16.17000  0.00289      14.71811      252959.69996 
0.60168   16.16000  0.00289      14.71811      249487.15327 
0.60132   16.15000  0.00289      14.71811      246038.60659 
0.60060   16.15000  0.00289      14.71811      246038.60659 
0.60024   16.13000  0.00289      14.71811      239213.51322 
0.59952   16.12000  0.00289      14.71811      235836.96653 
0.59916   16.12000  0.00289      14.71811      235836.96653 
0.59880   16.11000  0.00289      14.71811      232484.41985 
0.59844   16.10000  0.00289      14.71811      229155.87316 
0.59809   16.09000  0.00289      14.71811      225851.32648 
0.59737   16.08000  0.00289      14.71811      222570.77979 
0.59701   16.07000  0.00289      14.71811      219314.23311 
0.59630   16.04000  0.00289      14.71811      209688.59306 
0.59595   16.03000  0.00289      14.71811      206528.04637 
0.59559   16.03000  0.00289      14.71811      206528.04637 
0.59524   16.01000  0.00289      14.71811      200278.95300 
0.59488   16.00000  0.00289      14.71811      197190.40632 
0.59453   15.98000  0.00289      14.71811      191085.31295 
0.59382   15.96000  0.00289      14.71811      185076.21958 
0.59382   15.95000  0.00289      14.71811      182107.67289 
0.59347   15.94000  0.00289      14.71811      179163.12621 
0.59312   15.93000  0.00289      14.71811      176242.57952 
0.59277   15.91000  0.00289      14.71811      170473.48615 
0.59242   15.89000  0.00289      14.71811      164800.39278 
0.59172   15.88000  0.00289      14.71811      161999.84610 
0.59137   15.87000  0.00289      14.71811      159223.29942 
0.59102   15.84000  0.00289      14.71811      151037.65936 
0.59032   15.83000  0.00289      14.71811      148357.11268 
0.58997   15.80000  0.00289      14.71811      140459.47262 
0.58928   15.78000  0.00289      14.71811      135314.37925 
0.58858   15.75000  0.00289      14.71811      127776.73920 
0.58754   15.71000  0.00289      14.71811      118062.55246 
0.58720   15.68000  0.00289      14.71811      111028.91241 
0.58685   15.67000  0.00289      14.71811      108732.36572 
0.58617   15.66000  0.00289      14.71811      106459.81904 
0.58548   15.64000  0.00289      14.71811      101986.72567 
0.58480   15.63000  0.00289      14.71811      99786.17898  
0.58411   15.61000  0.00289      14.71811      95457.08561  
0.58343   15.61000  0.00289      14.71811      95457.08561  
0.58309   15.60000  0.00289      14.71811      93328.53893  
0.58241   15.60000  0.00289      14.71811      93328.53893  
0.58207   15.59000  0.00289      14.71811      91223.99224  
0.58173   15.58000  0.00289      14.71811      89143.44556  
0.58106   15.57000  0.00289      14.71811      87086.89887  
0.58072   15.56000  0.00289      14.71811      85054.35219  
0.58038   15.56000  0.00289      14.71811      85054.35219  
0.57971   15.55000  0.00289      14.71811      83045.80550  
0.57870   15.50000  0.00289      14.71811      73363.07208  
0.57803   15.48000  0.00289      14.71811      69657.97871  
0.57770   15.45000  0.00289      14.71811      64280.33866  
0.57703   15.43000  0.00289      14.71811      60815.24529  
0.57670   15.41000  0.00289      14.71811      57446.15192  
0.57637   15.39000  0.00289      14.71811      54173.05855  
0.57571   15.38000  0.00289      14.71811      52572.51186  
0.57537   15.36000  0.00289      14.71811      49443.41850  
0.57471   15.33000  0.00289      14.71811      44929.77844  
0.57438   15.31000  0.00289      14.71811      42040.68507  
0.57372   15.28000  0.00289      14.71811      37887.04502  
0.57307   15.24000  0.00289      14.71811      32684.85828  
0.57241   15.24000  0.00289      14.71811      32684.85828  
0.57176   15.23000  0.00289      14.71811      31444.31159  
0.57110   15.21000  0.00289      14.71811      29035.21822  
0.57045   15.18000  0.00289      14.71811      25601.57817  
0.56948   15.17000  0.00289      14.71811      24505.03149  
0.56883   15.15000  0.00289      14.71811      22383.93812  
0.56850   15.14000  0.00289      14.71811      21359.39143  
0.56786   15.13000  0.00289      14.71811      20358.84475  
0.56689   15.12000  0.00289      14.71811      19382.29806  
0.56625   15.08000  0.00289      14.71811      15716.11132  
0.56561   15.08000  0.00289      14.71811      15716.11132  
0.56497   15.08000  0.00289      14.71811      15716.11132  
0.56433   15.05000  0.00289      14.71811      13218.47127  
0.56370   15.05000  0.00289      14.71811      13218.47127  
0.56338   15.05000  0.00289      14.71811      13218.47127  
0.56275   15.01000  0.00289      14.71811      10224.28453  
0.56211   15.01000  0.00289      14.71811      10224.28453  
0.56180   14.99000  0.00289      14.71811      8871.19116   
0.56148   14.96000  0.00289      14.71811      7021.55111   
0.56085   14.94000  0.00289      14.71811      5908.45774   
0.56022   14.89000  0.00289      14.71811      3545.72431   
0.55991   14.89000  0.00289      14.71811      3545.72431   
0.55928   14.87000  0.00289      14.71811      2768.63094   
0.55897   14.83000  0.00289      14.71811      1502.44421   
0.55835   14.82000  0.00289      14.71811      1245.89752   
0.55772   14.80000  0.00289      14.71811      804.80415    
0.55710   14.76000  0.00289      14.71811      210.61741    
0.55648   14.76000  0.00289      14.71811      210.61741    
0.55586   14.71000  0.00289      14.71811      7.88399      
0.55494   14.70000  0.00289      14.71811      39.33730     
0.55432   14.70000  0.00289      14.71811      39.33730     
0.55371   14.65000  0.00289      14.71811      556.60388    
0.55279   14.65000  0.00289      14.71811      556.60388    
0.55218   14.63000  0.00289      14.71811      931.51051    
0.55157   14.62000  0.00289      14.71811      1154.96383   
0.55096   14.62000  0.00289      14.71811      1154.96383   
0.55036   14.60000  0.00289      14.71811      1673.87046   
0.54975   14.60000  0.00289      14.71811      1673.87046   
0.54915   14.60000  0.00289      14.71811      1673.87046   
0.54855   14.56000  0.00289      14.71811      2999.68372   
0.54795   14.57000  0.00289      14.71811      2632.23040   
0.54735   14.54000  0.00289      14.71811      3806.59035   
0.54675   14.51000  0.00289      14.71811      5196.95029   
0.54615   14.50000  0.00289      14.71811      5708.40361   
0.54555   14.47000  0.00289      14.71811      7386.76356   
0.54466   14.45000  0.00289      14.71811      8625.67019   
0.54407   14.46000  0.00289      14.71811      7994.21687   
0.54377   14.42000  0.00289      14.71811      10664.03013  
0.54348   14.41000  0.00289      14.71811      11391.48345  
0.54318   14.41000  0.00289      14.71811      11391.48345  
0.54259   14.37000  0.00289      14.71811      14541.29671  
0.54201   14.36000  0.00289      14.71811      15388.75002  
0.54142   14.33000  0.00289      14.71811      18075.10997  
0.54083   14.31000  0.00289      14.71811      19986.01660  
0.54025   14.31000  0.00289      14.71811      19986.01660  
0.53967   14.26000  0.00289      14.71811      25183.28318  
0.53908   14.25000  0.00289      14.71811      26294.73649  
0.53879   14.26000  0.00289      14.71811      25183.28318  
0.53792   14.21000  0.00289      14.71811      30980.54975  
0.53706   14.19000  0.00289      14.71811      33467.45638  
0.53619   14.16000  0.00289      14.71811      37377.81633  
0.53533   14.15000  0.00289      14.71811      38729.26965  
0.53476   14.14000  0.00289      14.71811      40104.72296  
0.53419   14.12000  0.00289      14.71811      42927.62959  
0.53362   14.12000  0.00289      14.71811      42927.62959  
0.53305   14.11000  0.00289      14.71811      44375.08291  
0.53220   14.08000  0.00289      14.71811      48861.44285  
0.53163   14.09000  0.00289      14.71811      47341.98954  
0.53107   14.05000  0.00289      14.71811      53563.80280  
0.53079   14.05000  0.00289      14.71811      53563.80280  
0.53079   14.05000  0.00289      14.71811      53563.80280  
0.53050   14.02000  0.00289      14.71811      58482.16274  
0.53050   14.03000  0.00289      14.71811      56818.70943  
0.53050   14.04000  0.00289      14.71811      55179.25611  
0.52910   13.99000  0.00289      14.71811      63616.52269  
0.52770   13.98000  0.00289      14.71811      65375.97601  
0.52715   13.95000  0.00289      14.71811      70798.33595  
0.52659   13.93000  0.00289      14.71811      74533.24258  
0.52604   13.91000  0.00289      14.71811      78364.14921  
0.52521   13.88000  0.00289      14.71811      84290.50916  
0.52438   13.86000  0.00289      14.71811      88361.41579  
0.52329   13.83000  0.00289      14.71811      94647.77573  
0.52274   13.79000  0.00289      14.71811      103365.58900 
0.52219   13.78000  0.00289      14.71811      105605.04231 
0.52110   13.75000  0.00289      14.71811      112467.40226 
0.52002   13.72000  0.00289      14.71811      119545.76220 
0.51948   13.71000  0.00289      14.71811      121953.21552 
0.51867   13.69000  0.00289      14.71811      126840.12215 
0.51813   13.68000  0.00289      14.71811      129319.57546 
0.51760   13.67000  0.00289      14.71811      131823.02878 
0.51680   13.63000  0.00289      14.71811      142076.84204 
0.51573   13.64000  0.00289      14.71811      139477.38873 
0.51520   13.62000  0.00289      14.71811      144700.29536 
0.51520   13.61000  0.00289      14.71811      147347.74867 
0.51493   13.62000  0.00289      14.71811      144700.29536 
0.51493   13.59000  0.00289      14.71811      152714.65530 
0.51440   13.59000  0.00289      14.71811      152714.65530 
0.51387   13.58000  0.00289      14.71811      155434.10862 
0.51361   13.56000  0.00289      14.71811      160945.01525 
0.51361   13.56000  0.00289      14.71811      160945.01525 
0.51308   13.56000  0.00289      14.71811      160945.01525 
0.51256   13.53000  0.00289      14.71811      169391.37519 
0.51230   13.53000  0.00289      14.71811      169391.37519 
0.51151   13.50000  0.00289      14.71811      178053.73514 
0.51099   13.48000  0.00289      14.71811      183948.64177 
0.51046   13.47000  0.00289      14.71811      186932.09509 
0.50994   13.44000  0.00289      14.71811      196026.45503 
0.50916   13.43000  0.00289      14.71811      199105.90835 
0.50839   13.41000  0.00289      14.71811      205336.81498 
0.50761   13.39000  0.00289      14.71811      211663.72161 
0.50710   13.38000  0.00289      14.71811      214863.17492 
0.50633   13.35000  0.00289      14.71811      224605.53487 
0.50505   13.33000  0.00289      14.71811      231220.44150 
0.50352   13.29000  0.00289      14.71811      244738.25476 
0.50226   13.25000  0.00289      14.71811      258640.06802 
0.50075   13.20000  0.00289      14.71811      276557.33460 
0.49925   13.15000  0.00289      14.71811      295074.60117 
0.49850   13.13000  0.00289      14.71811      302649.50781 
0.49776   13.14000  0.00289      14.71811      298850.05449 
0.49727   13.12000  0.00289      14.71811      306472.96112 
0.49702   13.11000  0.00289      14.71811      310320.41444 
0.49652   13.11000  0.00289      14.71811      310320.41444 
0.49628   13.08000  0.00289      14.71811      322006.77438 
0.49579   13.07000  0.00289      14.71811      325950.22770 
0.49554   13.07000  0.00289      14.71811      325950.22770 
0.49529   13.05000  0.00289      14.71811      333909.13433 
0.49480   13.05000  0.00289      14.71811      333909.13433 
0.49432   13.02000  0.00289      14.71811      346027.49427 
0.49383   13.01000  0.00289      14.71811      350114.94759 
0.49334   12.99000  0.00289      14.71811      358361.85422 
0.49285   12.96000  0.00289      14.71811      370912.21416 
0.49261   12.96000  0.00289      14.71811      370912.21416 
0.49188   12.94000  0.00289      14.71811      379399.12080 
0.49092   12.90000  0.00289      14.71811      396660.93406 
0.49044   12.89000  0.00289      14.71811      401036.38737 
0.48996   12.87000  0.00289      14.71811      409859.29400 
0.48972   12.85000  0.00289      14.71811      418778.20063 
0.48948   12.86000  0.00289      14.71811      414306.74732 
0.48924   12.83000  0.00289      14.71811      427793.10726 
0.48852   12.83000  0.00289      14.71811      427793.10726 
0.48780   12.81000  0.00289      14.71811      436904.01389 
0.48733   12.78000  0.00289      14.71811      450750.37384 
0.48709   12.78000  0.00289      14.71811      450750.37384 
0.48662   12.77000  0.00289      14.71811      455413.82716 
0.48614   12.75000  0.00289      14.71811      464812.73379 
0.48544   12.74000  0.00289      14.71811      469548.18710 
0.48473   12.71000  0.00289      14.71811      483898.54705 
0.48426   12.72000  0.00289      14.71811      479091.09373 
0.48356   12.71000  0.00289      14.71811      483898.54705 
0.48286   12.69000  0.00289      14.71811      493585.45368 
0.48239   12.69000  0.00289      14.71811      493585.45368 
0.48170   12.67000  0.00289      14.71811      503368.36031 
0.48100   12.64000  0.00289      14.71811      518222.72025 
0.48031   12.63000  0.00289      14.71811      523222.17357 
0.48008   12.62000  0.00289      14.71811      528245.62688 
0.47985   12.61000  0.00289      14.71811      533293.08020 
0.47939   12.61000  0.00289      14.71811      533293.08020 
0.47893   12.57000  0.00289      14.71811      553722.89346 
0.47824   12.55000  0.00289      14.71811      564081.80009 
0.47733   12.54000  0.00289      14.71811      569297.25341 
0.47664   12.49000  0.00289      14.71811      595734.51998 
0.47642   12.50000  0.00289      14.71811      590399.06667 
0.47619   12.48000  0.00289      14.71811      601093.97330 
0.47574   12.47000  0.00289      14.71811      606477.42661 
0.47506   12.46000  0.00289      14.71811      611884.87993 
0.47438   12.43000  0.00289      14.71811      628251.23988 
0.47393   12.42000  0.00289      14.71811      633754.69319 
0.47304   12.40000  0.00289      14.71811      644833.59982 
0.47237   12.37000  0.00289      14.71811      661631.95977 
0.47170   12.36000  0.00289      14.71811      667279.41308 
0.47103   12.33000  0.00289      14.71811      684365.77303 
0.47081   12.32000  0.00289      14.71811      690109.22634 
0.47059   12.32000  0.00289      14.71811      690109.22634 
0.47015   12.29000  0.00289      14.71811      707483.58629 
0.46970   12.30000  0.00289      14.71811      701668.13297 
0.46926   12.29000  0.00289      14.71811      707483.58629 
0.46860   12.26000  0.00289      14.71811      725073.94624 
0.46816   12.26000  0.00289      14.71811      725073.94624 
0.46751   12.25000  0.00289      14.71811      730985.39955 
0.46685   12.25000  0.00289      14.71811      730985.39955 
0.46598   12.24000  0.00289      14.71811      736920.85287 
0.46555   12.21000  0.00289      14.71811      754871.21281 
0.46490   12.20000  0.00289      14.71811      760902.66613 
0.46447   12.19000  0.00289      14.71811      766958.11944 
0.46425   12.16000  0.00289      14.71811      785268.47939 
0.46361   12.15000  0.00289      14.71811      791419.93270 
0.46296   12.13000  0.00289      14.71811      803794.83933 
0.46232   12.11000  0.00289      14.71811      816265.74596 
0.46168   12.10000  0.00289      14.71811      822537.19928 
0.46104   12.06000  0.00289      14.71811      847863.01254 
0.46062   12.05000  0.00289      14.71811      854254.46586 
0.46019   12.05000  0.00289      14.71811      854254.46586 
0.45977   12.01000  0.00289      14.71811      880060.27912 
0.45872   12.00000  0.00289      14.71811      886571.73243 
0.45809   11.98000  0.00289      14.71811      899666.63906 
0.45767   11.95000  0.00289      14.71811      919488.99901 
0.45746   11.96000  0.00289      14.71811      912857.54569 
0.45683   11.92000  0.00289      14.71811      939527.35896 
0.45620   11.92000  0.00289      14.71811      939527.35896 
0.45537   11.90000  0.00289      14.71811      953006.26559 
0.45434   11.84000  0.00289      14.71811      994018.98548 
0.45351   11.83000  0.00289      14.71811      1000938.43879
0.45310   11.82000  0.00289      14.71811      1007881.89211
0.45228   11.80000  0.00289      14.71811      1021840.79874
0.45147   11.79000  0.00289      14.71811      1028856.25205
0.45045   11.77000  0.00289      14.71811      1042959.15868
0.44984   11.75000  0.00289      14.71811      1057158.06532
0.44964   11.76000  0.00289      14.71811      1050046.61200
0.44903   11.73000  0.00289      14.71811      1071452.97195
0.44863   11.73000  0.00289      14.71811      1071452.97195
0.44823   11.72000  0.00289      14.71811      1078636.42526
0.44783   11.70000  0.00289      14.71811      1093075.33189
0.44743   11.70000  0.00289      14.71811      1093075.33189
0.44703   11.68000  0.00289      14.71811      1107610.23852
0.44683   11.67000  0.00289      14.71811      1114913.69184
0.44643   11.67000  0.00289      14.71811      1114913.69184
0.44603   11.67000  0.00289      14.71811      1114913.69184
0.44563   11.65000  0.00289      14.71811      1129592.59847
0.44484   11.63000  0.00289      14.71811      1144367.50510
0.44405   11.60000  0.00289      14.71811      1166709.86504
0.44385   11.59000  0.00289      14.71811      1174205.31836
0.44385   11.59000  0.00289      14.71811      1174205.31836
0.44366   11.58000  0.00289      14.71811      1181724.77168
0.44267   11.53000  0.00289      14.71811      1219682.03825
0.44189   11.49000  0.00289      14.71811      1250479.85151
0.44170   11.50000  0.00289      14.71811      1242744.39820
0.44111   11.50000  0.00289      14.71811      1242744.39820
0.44014   11.46000  0.00289      14.71811      1273830.21146
0.43937   11.44000  0.00289      14.71811      1289517.11809
0.43898   11.42000  0.00289      14.71811      1305300.02472
0.43860   11.41000  0.00289      14.71811      1313227.47804
0.43840   11.41000  0.00289      14.71811      1313227.47804
0.43802   11.38000  0.00289      14.71811      1337153.83798
0.43725   11.38000  0.00289      14.71811      1337153.83798
0.43649   11.37000  0.00289      14.71811      1345177.29130
0.43592   11.34000  0.00289      14.71811      1369391.65124
0.43535   11.33000  0.00289      14.71811      1377511.10456
0.43478   11.32000  0.00289      14.71811      1385654.55787
0.43422   11.32000  0.00289      14.71811      1385654.55787
0.43384   11.31000  0.00289      14.71811      1393822.01119
0.43346   11.30000  0.00289      14.71811      1402013.46450
0.43290   11.29000  0.00289      14.71811      1410228.91782
0.43253   11.29000  0.00289      14.71811      1410228.91782
0.43253   11.27000  0.00289      14.71811      1426731.82445
0.43234   11.27000  0.00289      14.71811      1426731.82445
0.43178   11.25000  0.00289      14.71811      1443330.73108
0.43122   11.24000  0.00289      14.71811      1451666.18440
0.43103   11.23000  0.00289      14.71811      1460025.63771
0.43103   11.21000  0.00289      14.71811      1476816.54434
0.43085   11.21000  0.00289      14.71811      1476816.54434
0.43029   11.20000  0.00289      14.71811      1485247.99766
0.42937   11.16000  0.00289      14.71811      1519213.81092
0.42863   11.15000  0.00289      14.71811      1527765.26423
0.42790   11.13000  0.00289      14.71811      1544940.17086
0.42717   11.10000  0.00289      14.71811      1570882.53081
0.42699   11.10000  0.00289      14.71811      1570882.53081
0.42680   11.08000  0.00289      14.71811      1588297.43744
0.42644   11.06000  0.00289      14.71811      1605808.34407
0.42571   11.05000  0.00289      14.71811      1614599.79739
0.42481   11.02000  0.00289      14.71811      1641118.15733
0.42427   11.02000  0.00289      14.71811      1641118.15733
0.42409   11.01000  0.00289      14.71811      1650005.61065
0.42355   10.98000  0.00289      14.71811      1676811.97059
0.42248   10.96000  0.00289      14.71811      1694802.87722
0.42176   10.92000  0.00289      14.71811      1731072.69048
0.42105   10.91000  0.00289      14.71811      1740200.14380
0.42052   10.91000  0.00289      14.71811      1740200.14380
0.41999   10.87000  0.00289      14.71811      1776949.95706
0.41929   10.86000  0.00289      14.71811      1786197.41038
0.41859   10.87000  0.00289      14.71811      1776949.95706
0.41771   10.84000  0.00289      14.71811      1804764.31701
0.41701   10.83000  0.00289      14.71811      1814083.77032
0.41649   10.82000  0.00289      14.71811      1823427.22364
0.41580   10.81000  0.00289      14.71811      1832794.67695
0.41545   10.82000  0.00289      14.71811      1823427.22364
0.41494   10.78000  0.00289      14.71811      1861041.03690
0.41459   10.77000  0.00289      14.71811      1870504.49021
0.41425   10.77000  0.00289      14.71811      1870504.49021
0.41391   10.73000  0.00289      14.71811      1908598.30347
0.41339   10.73000  0.00289      14.71811      1908598.30347
0.41271   10.70000  0.00289      14.71811      1937420.66342
0.41220   10.70000  0.00289      14.71811      1937420.66342
0.41203   10.70000  0.00289      14.71811      1937420.66342
0.41169   10.67000  0.00289      14.71811      1966459.02337
0.41118   10.65000  0.00289      14.71811      1985937.93000
0.41034   10.64000  0.00289      14.71811      1995713.38331
0.40967   10.60000  0.00289      14.71811      2035055.19657
0.40900   10.59000  0.00289      14.71811      2044950.64989
0.40850   10.57000  0.00289      14.71811      2064813.55652
0.40766   10.54000  0.00289      14.71811      2094787.91647
0.40667   10.51000  0.00289      14.71811      2124978.27641
0.40601   10.48000  0.00289      14.71811      2155384.63636
0.40535   10.47000  0.00289      14.71811      2165568.08967
0.40502   10.46000  0.00289      14.71811      2175775.54299
0.40469   10.44000  0.00289      14.71811      2196262.44962
0.40453   10.44000  0.00289      14.71811      2196262.44962
0.40388   10.42000  0.00289      14.71811      2216845.35625
0.40306   10.41000  0.00289      14.71811      2227172.80956
0.40241   10.40000  0.00289      14.71811      2237524.26288
0.40177   10.38000  0.00289      14.71811      2258299.16951
0.40096   10.38000  0.00289      14.71811      2258299.16951
0.40000   10.36000  0.00289      14.71811      2279170.07614
0.39888   10.32000  0.00289      14.71811      2321199.88940
0.39857   10.32000  0.00289      14.71811      2321199.88940
0.39825   10.31000  0.00289      14.71811      2331767.34272
0.39793   10.29000  0.00289      14.71811      2352974.24935
0.39761   10.28000  0.00289      14.71811      2363613.70266
0.39730   10.26000  0.00289      14.71811      2384964.60929
0.39683   10.25000  0.00289      14.71811      2395676.06261
0.39635   10.24000  0.00289      14.71811      2406411.51592
0.39573   10.22000  0.00289      14.71811      2427954.42255
0.39510   10.21000  0.00289      14.71811      2438761.87587
0.39432   10.18000  0.00289      14.71811      2471328.23582
0.39355   10.15000  0.00289      14.71811      2504110.59576
0.39293   10.14000  0.00289      14.71811      2515086.04908
0.39216   10.11000  0.00289      14.71811      2548156.40902
0.39170   10.10000  0.00289      14.71811      2559227.86234
0.39170   10.10000  0.00289      14.71811      2559227.86234
0.39124   10.07000  0.00289      14.71811      2592586.22228
0.39062   10.06000  0.00289      14.71811      2603753.67560
0.39032   10.04000  0.00289      14.71811      2626160.58223
0.39002   10.03000  0.00289      14.71811      2637400.03555
0.38895   10.02000  0.00289      14.71811      2648663.48886
0.38760   9.98000   0.00289      14.71811      2693957.30212
0.38685   9.97000   0.00289      14.71811      2705340.75544
0.38595   9.95000   0.00289      14.71811      2728179.66207
0.38506   9.93000   0.00289      14.71811      2751114.56870
0.38476   9.92000   0.00289      14.71811      2762618.02201
0.38462   9.92000   0.00289      14.71811      2762618.02201
0.38417   9.92000   0.00289      14.71811      2762618.02201
0.38373   9.89000   0.00289      14.71811      2797272.38196
0.38314   9.84000   0.00289      14.71811      2855509.64854
0.38270   9.85000   0.00289      14.71811      2843814.19522
0.38226   9.86000   0.00289      14.71811      2832142.74191
0.38183   9.83000   0.00289      14.71811      2867229.10185
0.38153   9.83000   0.00289      14.71811      2867229.10185
0.38124   9.82000   0.00289      14.71811      2878972.55517
0.38081   9.79000   0.00289      14.71811      2914346.91511
0.38023   9.78000   0.00289      14.71811      2926186.36843
0.37965   9.76000   0.00289      14.71811      2949937.27506
0.37936   9.75000   0.00289      14.71811      2961848.72837
0.37879   9.75000   0.00289      14.71811      2961848.72837
0.37836   9.72000   0.00289      14.71811      2997727.08832
0.37779   9.70000   0.00289      14.71811      3021765.99495
0.37750   9.69000   0.00289      14.71811      3033821.44827
0.37707   9.67000   0.00289      14.71811      3058004.35490
0.37679   9.66000   0.00289      14.71811      3070131.80821
0.37636   9.65000   0.00289      14.71811      3082283.26153
0.37608   9.64000   0.00289      14.71811      3094458.71484
0.37580   9.64000   0.00289      14.71811      3094458.71484
0.37523   9.60000   0.00289      14.71811      3143400.52810
0.37467   9.60000   0.00289      14.71811      3143400.52810
0.37425   9.59000   0.00289      14.71811      3155695.98142
0.37369   9.57000   0.00289      14.71811      3180358.88805
0.37300   9.54000   0.00289      14.71811      3217533.24799
0.37230   9.53000   0.00289      14.71811      3229972.70131
0.37161   9.51000   0.00289      14.71811      3254923.60794
0.37092   9.49000   0.00289      14.71811      3279970.51457
0.37051   9.47000   0.00289      14.71811      3305113.42120
0.37010   9.48000   0.00289      14.71811      3292529.96789
0.36955   9.47000   0.00289      14.71811      3305113.42120
0.36887   9.44000   0.00289      14.71811      3343007.78115
0.36819   9.45000   0.00289      14.71811      3330352.32783
0.36765   9.44000   0.00289      14.71811      3343007.78115
0.36724   9.42000   0.00289      14.71811      3368390.68778
0.36684   9.42000   0.00289      14.71811      3368390.68778
0.36643   9.39000   0.00289      14.71811      3406645.04772
0.36590   9.39000   0.00289      14.71811      3406645.04772
0.36536   9.39000   0.00289      14.71811      3406645.04772
0.36483   9.36000   0.00289      14.71811      3445115.40767
0.36443   9.35000   0.00289      14.71811      3457986.86099
0.36390   9.33000   0.00289      14.71811      3483801.76762
0.36337   9.31000   0.00289      14.71811      3509712.67425
0.36298   9.30000   0.00289      14.71811      3522704.12756
0.36258   9.29000   0.00289      14.71811      3535719.58088
0.36179   9.26000   0.00289      14.71811      3574909.94082
0.36075   9.24000   0.00289      14.71811      3601156.84745
0.36023   9.20000   0.00289      14.71811      3653938.66071
0.35997   9.20000   0.00289      14.71811      3653938.66071
0.35958   9.19000   0.00289      14.71811      3667194.11403
0.35920   9.17000   0.00289      14.71811      3693777.02066
0.35881   9.17000   0.00289      14.71811      3693777.02066
0.35829   9.15000   0.00289      14.71811      3720455.92729
0.35765   9.12000   0.00289      14.71811      3760654.28724
0.35714   9.11000   0.00289      14.71811      3774101.74055
0.35663   9.10000   0.00289      14.71811      3787573.19387
0.35625   9.08000   0.00289      14.71811      3814588.10050
0.35562   9.07000   0.00289      14.71811      3828131.55381
0.35461   9.02000   0.00289      14.71811      3896208.82039
0.35386   9.01000   0.00289      14.71811      3909896.27370

Gradi di liberta = 737
Chi-quadro = 937590161.732071
p-value = 0.0

Media pesata = 14.718105548037888 +/- 0.00010619086483530494

****************************************************************************************************
SERIE 35
****************************************************************************************************

Test ipotesi linearità_____________________________________
Covarianza = 0.36568
Indice Pearson = 0.99995 +/- 0.00038
Gradi di Liberta' = 737
	t = 2624.671426038679
	p-value (due code) = 0.0

Parametri___________________________________________________
y = a + bx
a = -1.24014 +/- 0.00616
b = 28.89574 +/- 0.01169

Test bontà fit _____________________________________________
x         y         sy           y*            Chi-quadro   
0.73421   19.99000  0.00289      19.97552      25.15052     
0.73368   19.98000  0.00289      19.95996      48.20452     
0.73368   19.97000  0.00289      19.95996      12.10237     
0.73314   19.96000  0.00289      19.94441      29.14767     
0.73260   19.95000  0.00289      19.92890      53.45044     
0.73206   19.93000  0.00289      19.91340      33.07550     
0.73153   19.94000  0.00289      19.89792      212.45193    
0.73153   19.91000  0.00289      19.89792      17.50105     
0.73099   19.91000  0.00289      19.88247      90.93697     
0.73046   19.92000  0.00289      19.86704      336.54017    
0.72993   19.90000  0.00289      19.85164      280.69207    
0.72993   19.89000  0.00289      19.85164      176.61787    
0.72939   19.86000  0.00289      19.83625      67.67883     
0.72886   19.86000  0.00289      19.82089      183.55371    
0.72886   19.87000  0.00289      19.82089      289.41839    
0.72833   19.85000  0.00289      19.80555      237.09321    
0.72780   19.84000  0.00289      19.79023      297.20824    
0.72674   19.82000  0.00289      19.75967      436.82614    
0.72569   19.78000  0.00289      19.72919      309.83406    
0.72516   19.77000  0.00289      19.71398      376.57652    
0.72516   19.76000  0.00289      19.71398      254.13072    
0.72464   19.75000  0.00289      19.69880      314.61251    
0.72411   19.72000  0.00289      19.68363      158.69299    
0.72359   19.72000  0.00289      19.66849      318.33929    
0.72307   19.69000  0.00289      19.65338      160.95744    
0.72254   19.68000  0.00289      19.63828      208.87102    
0.72202   19.66000  0.00289      19.62320      162.46530    
0.72150   19.64000  0.00289      19.60815      121.71538    
0.72098   19.63000  0.00289      19.59312      163.20915    
0.72098   19.62000  0.00289      19.59312      86.69904     
0.72046   19.61000  0.00289      19.57811      122.02722    
0.72046   19.60000  0.00289      19.57811      57.49418     
0.71994   19.58000  0.00289      19.56312      34.17881     
0.71942   19.56000  0.00289      19.54816      16.83106     
0.71891   19.55000  0.00289      19.53321      33.82024     
0.71839   19.54000  0.00289      19.51829      56.56587     
0.71839   19.52000  0.00289      19.51829      0.35144      
0.71788   19.49000  0.00289      19.50339      21.50444     
0.71788   19.49000  0.00289      19.50339      21.50444     
0.71736   19.48000  0.00289      19.48851      8.68248      
0.71685   19.47000  0.00289      19.47365      1.59596      
0.71633   19.46000  0.00289      19.45881      0.17024      
0.71582   19.46000  0.00289      19.44399      30.74998     
0.71582   19.45000  0.00289      19.44399      4.33125      
0.71531   19.45000  0.00289      19.42920      51.93340     
0.71480   19.44000  0.00289      19.41442      78.50620     
0.71480   19.43000  0.00289      19.41442      29.11974     
0.71429   19.42000  0.00289      19.39967      49.60172     
0.71378   19.41000  0.00289      19.38494      75.37941     
0.71327   19.40000  0.00289      19.37023      106.38135    
0.71327   19.40000  0.00289      19.37023      106.38135    
0.71276   19.39000  0.00289      19.35554      142.53665    
0.71276   19.38000  0.00289      19.35554      71.82172     
0.71225   19.37000  0.00289      19.34087      101.85368    
0.71174   19.37000  0.00289      19.32622      230.02620    
0.71124   19.36000  0.00289      19.31159      281.22121    
0.71073   19.34000  0.00289      19.29698      222.05125    
0.71023   19.32000  0.00289      19.28240      169.67483    
0.70972   19.31000  0.00289      19.26783      213.37624    
0.70922   19.29000  0.00289      19.25329      161.73785    
0.70922   19.28000  0.00289      19.25329      85.62760     
0.70872   19.26000  0.00289      19.23876      54.11945     
0.70822   19.26000  0.00289      19.22426      153.28282    
0.70771   19.25000  0.00289      19.20978      194.14750    
0.70721   19.23000  0.00289      19.19531      144.37038    
0.70671   19.21000  0.00289      19.18087      101.80975    
0.70621   19.20000  0.00289      19.16645      135.06569    
0.70572   19.17000  0.00289      19.15205      38.66622     
0.70522   19.16000  0.00289      19.13767      59.84297     
0.70472   19.14000  0.00289      19.12331      33.43508     
0.70423   19.12000  0.00289      19.10897      14.60604     
0.70373   19.11000  0.00289      19.09465      28.28509     
0.70323   19.09000  0.00289      19.08035      11.18154     
0.70274   19.08000  0.00289      19.06607      23.29538     
0.70274   19.07000  0.00289      19.06607      1.85621      
0.70225   19.05000  0.00289      19.05181      0.39184      
0.70126   19.03000  0.00289      19.02335      5.31137      
0.70028   19.00000  0.00289      18.99497      3.03993      
0.69979   18.99000  0.00289      18.98081      10.14245     
0.69930   18.98000  0.00289      18.96667      21.33554     
0.69881   18.97000  0.00289      18.95255      36.56033     
0.69832   18.96000  0.00289      18.93844      55.75842     
0.69784   18.95000  0.00289      18.92436      78.87181     
0.69686   18.93000  0.00289      18.89626      136.61481    
0.69686   18.93000  0.00289      18.89626      136.61481    
0.69638   18.92000  0.00289      18.88224      171.13064    
0.69589   18.91000  0.00289      18.86823      209.33424    
0.69541   18.90000  0.00289      18.85425      251.16980    
0.69493   18.88000  0.00289      18.84029      189.26752    
0.69444   18.86000  0.00289      18.82634      135.95212    
0.69396   18.85000  0.00289      18.81242      169.51116    
0.69348   18.83000  0.00289      18.79851      118.99859    
0.69300   18.82000  0.00289      18.78462      150.18685    
0.69252   18.80000  0.00289      18.77076      102.63184    
0.69204   18.79000  0.00289      18.75691      131.41992    
0.69156   18.78000  0.00289      18.74308      163.59262    
0.69061   18.75000  0.00289      18.71548      143.02586    
0.69013   18.74000  0.00289      18.70170      175.98673    
0.68966   18.71000  0.00289      18.68795      58.33710     
0.68918   18.69000  0.00289      18.67422      29.89116     
0.68871   18.68000  0.00289      18.66050      45.61973     
0.68823   18.65000  0.00289      18.64681      1.22424      
0.68776   18.63000  0.00289      18.63313      1.17453      
0.68681   18.62000  0.00289      18.60583      24.09436     
0.68634   18.60000  0.00289      18.59221      7.28402      
0.68587   18.58000  0.00289      18.57861      0.23301      
0.68540   18.56000  0.00289      18.56502      3.02735      
0.68493   18.54000  0.00289      18.55146      15.75308     
0.68446   18.54000  0.00289      18.53791      0.52370      
0.68399   18.53000  0.00289      18.52438      3.78627      
0.68399   18.51000  0.00289      18.52438      24.82401     
0.68353   18.50000  0.00289      18.51087      14.18738     
0.68306   18.49000  0.00289      18.49738      6.53953      
0.68259   18.49000  0.00289      18.48391      4.45140      
0.68213   18.48000  0.00289      18.47046      10.93262     
0.68166   18.47000  0.00289      18.45702      20.22043     
0.68120   18.47000  0.00289      18.44360      83.62621     
0.68120   18.46000  0.00289      18.44360      32.26961     
0.68074   18.45000  0.00289      18.43020      47.03529     
0.68027   18.44000  0.00289      18.41682      64.47296     
0.67981   18.42000  0.00289      18.40346      32.83725     
0.67935   18.41000  0.00289      18.39011      47.45922     
0.67889   18.41000  0.00289      18.37679      132.37828    
0.67843   18.39000  0.00289      18.36348      84.41236     
0.67751   18.37000  0.00289      18.33691      131.35841    
0.67705   18.35000  0.00289      18.32366      83.25646     
0.67659   18.34000  0.00289      18.31042      104.97466    
0.67613   18.32000  0.00289      18.29720      62.35675     
0.67568   18.31000  0.00289      18.28400      81.09825     
0.67522   18.30000  0.00289      18.27082      102.17388    
0.67476   18.29000  0.00289      18.25766      125.54304    
0.67431   18.27000  0.00289      18.24451      77.98368     
0.67385   18.26000  0.00289      18.23138      98.30798     
0.67340   18.24000  0.00289      18.21827      56.68602     
0.67340   18.23000  0.00289      18.21827      16.52349     
0.67295   18.22000  0.00289      18.20517      26.38746     
0.67249   18.20000  0.00289      18.19209      7.50010      
0.67204   18.19000  0.00289      18.17903      14.42788     
0.67159   18.18000  0.00289      18.16599      23.54288     
0.67114   18.17000  0.00289      18.15297      34.80684     
0.67114   18.15000  0.00289      18.15297      1.05775      
0.67069   18.14000  0.00289      18.13996      0.00017      
0.67024   18.13000  0.00289      18.12697      1.09967      
0.66979   18.11000  0.00289      18.11400      1.92083      
0.66934   18.08000  0.00289      18.10105      53.15352     
0.66890   18.08000  0.00289      18.08811      7.89077      
0.66845   18.07000  0.00289      18.07519      3.23118      
0.66800   18.05000  0.00289      18.06229      18.11462     
0.66756   18.05000  0.00289      18.04940      0.04307      
0.66711   18.04000  0.00289      18.03653      1.44271      
0.66667   18.03000  0.00289      18.02368      4.79078      
0.66622   18.03000  0.00289      18.01085      44.01807     
0.66622   18.02000  0.00289      18.01085      10.05213     
0.66578   18.01000  0.00289      17.99803      17.19192     
0.66534   18.00000  0.00289      17.98523      26.17561     
0.66489   17.99000  0.00289      17.97245      36.96896     
0.66445   17.99000  0.00289      17.95968      110.30100    
0.66401   17.97000  0.00289      17.94693      63.84920     
0.66357   17.96000  0.00289      17.93420      79.86910     
0.66269   17.95000  0.00289      17.90879      203.81216    
0.66225   17.93000  0.00289      17.89611      137.85217    
0.66181   17.92000  0.00289      17.88344      160.37943    
0.66138   17.91000  0.00289      17.87079      184.45308    
0.66094   17.89000  0.00289      17.85816      121.63239    
0.66050   17.87000  0.00289      17.84555      71.74573     
0.65963   17.86000  0.00289      17.82037      188.47032    
0.65920   17.84000  0.00289      17.80780      124.38394    
0.65876   17.83000  0.00289      17.79526      144.85151    
0.65833   17.81000  0.00289      17.78273      89.26989     
0.65789   17.79000  0.00289      17.77021      46.99665     
0.65746   17.78000  0.00289      17.75771      59.61302     
0.65703   17.75000  0.00289      17.74523      2.73106      
0.65617   17.74000  0.00289      17.72031      46.50372     
0.65574   17.72000  0.00289      17.70788      17.62411     
0.65531   17.70000  0.00289      17.69546      2.46869      
0.65445   17.68000  0.00289      17.67068      10.42464     
0.65359   17.66000  0.00289      17.64596      23.65643     
0.65317   17.64000  0.00289      17.63362      4.87893      
0.65274   17.63000  0.00289      17.62130      9.07452      
0.65274   17.61000  0.00289      17.62130      15.33356     
0.65232   17.60000  0.00289      17.60900      9.72075      
0.65147   17.59000  0.00289      17.58444      3.70803      
0.65104   17.57000  0.00289      17.57219      0.57323      
0.65062   17.56000  0.00289      17.55995      0.00035      
0.65020   17.55000  0.00289      17.54772      0.62258      
0.64935   17.54000  0.00289      17.52332      33.37700     
0.64893   17.54000  0.00289      17.51115      99.90461     
0.64851   17.52000  0.00289      17.49899      52.99114     
0.64809   17.51000  0.00289      17.48684      64.35915     
0.64725   17.50000  0.00289      17.46260      167.85812    
0.64683   17.48000  0.00289      17.45050      104.41779    
0.64641   17.48000  0.00289      17.43842      207.46898    
0.64599   17.46000  0.00289      17.42635      135.84960    
0.64516   17.44000  0.00289      17.40227      170.84627    
0.64475   17.43000  0.00289      17.39025      189.62474    
0.64392   17.40000  0.00289      17.36626      136.64365    
0.64350   17.39000  0.00289      17.35428      153.09148    
0.64350   17.38000  0.00289      17.35428      79.36872     
0.64309   17.36000  0.00289      17.34232      37.49141     
0.64267   17.36000  0.00289      17.33038      105.26786    
0.64226   17.35000  0.00289      17.31845      119.41215    
0.64185   17.34000  0.00289      17.30654      134.32478    
0.64144   17.33000  0.00289      17.29465      149.98493    
0.64144   17.31000  0.00289      17.29465      28.28783     
0.64103   17.30000  0.00289      17.28277      35.64476     
0.64061   17.29000  0.00289      17.27090      43.78129     
0.63980   17.27000  0.00289      17.24721      62.31213     
0.63939   17.26000  0.00289      17.23539      72.66648     
0.63898   17.24000  0.00289      17.22359      32.32821     
0.63898   17.23000  0.00289      17.22359      4.93590      
0.63857   17.22000  0.00289      17.21180      8.07636      
0.63816   17.20000  0.00289      17.20002      0.00005      
0.63776   17.19000  0.00289      17.18826      0.36309      
0.63694   17.17000  0.00289      17.16478      3.26374      
0.63694   17.15000  0.00289      17.16478      26.23101     
0.63654   17.15000  0.00289      17.15307      1.13057      
0.63654   17.14000  0.00289      17.15307      20.49719     
0.63613   17.13000  0.00289      17.14137      15.51025     
0.63532   17.12000  0.00289      17.11801      0.47403      
0.63492   17.10000  0.00289      17.10636      4.84862      
0.63452   17.10000  0.00289      17.09472      3.35134      
0.63412   17.09000  0.00289      17.08309      5.73158      
0.63331   17.08000  0.00289      17.05988      48.57651     
0.63331   17.08000  0.00289      17.05988      48.57651     
0.63291   17.07000  0.00289      17.04830      56.51743     
0.63251   17.06000  0.00289      17.03673      64.97738     
0.63211   17.05000  0.00289      17.02518      73.93997     
0.63171   17.04000  0.00289      17.01364      83.38905     
0.63131   17.04000  0.00289      17.00212      172.23256    
0.63091   17.03000  0.00289      16.99061      186.22917    
0.63052   17.02000  0.00289      16.97911      200.63006    
0.63012   17.01000  0.00289      16.96763      215.41988    
0.62972   17.00000  0.00289      16.95616      230.58348    
0.62933   16.98000  0.00289      16.94471      149.41789    
0.62893   16.97000  0.00289      16.93328      161.83550    
0.62854   16.95000  0.00289      16.92185      95.06589     
0.62814   16.94000  0.00289      16.91045      104.81705    
0.62775   16.93000  0.00289      16.89905      114.93778    
0.62735   16.91000  0.00289      16.88767      59.82611     
0.62657   16.90000  0.00289      16.86496      147.37669    
0.62617   16.89000  0.00289      16.85362      158.83589    
0.62578   16.87000  0.00289      16.84230      92.10481     
0.62500   16.85000  0.00289      16.81969      110.22581    
0.62461   16.83000  0.00289      16.80841      55.92455     
0.62383   16.81000  0.00289      16.78589      69.73413     
0.62344   16.79000  0.00289      16.77466      28.25467     
0.62267   16.77000  0.00289      16.75222      37.93085     
0.62228   16.75000  0.00289      16.74102      9.66645      
0.62189   16.74000  0.00289      16.72984      12.38096     
0.62150   16.73000  0.00289      16.71867      15.39316     
0.62112   16.71000  0.00289      16.70752      0.73832      
0.62073   16.69000  0.00289      16.69638      4.88276      
0.62035   16.68000  0.00289      16.68525      3.30998      
0.61996   16.68000  0.00289      16.67414      4.12231      
0.61958   16.66000  0.00289      16.66304      1.10869      
0.61920   16.65000  0.00289      16.65195      0.45818      
0.61881   16.64000  0.00289      16.64088      0.09339      
0.61843   16.63000  0.00289      16.62982      0.00372      
0.61767   16.62000  0.00289      16.60775      18.01128     
0.61728   16.61000  0.00289      16.59673      21.12639     
0.61652   16.61000  0.00289      16.57474      149.21061    
0.61652   16.60000  0.00289      16.57474      76.58136     
0.61614   16.59000  0.00289      16.56376      82.61632     
0.61576   16.58000  0.00289      16.55280      88.79187     
0.61538   16.58000  0.00289      16.54185      174.66167    
0.61501   16.57000  0.00289      16.53091      183.33741    
0.61501   16.57000  0.00289      16.53091      183.33741    
0.61463   16.55000  0.00289      16.51999      108.07075    
0.61387   16.54000  0.00289      16.49819      209.81707    
0.61350   16.52000  0.00289      16.48730      128.29273    
0.61312   16.51000  0.00289      16.47643      135.20321    
0.61237   16.49000  0.00289      16.45474      149.22977    
0.61200   16.48000  0.00289      16.44391      156.33001    
0.61162   16.46000  0.00289      16.43309      86.89495     
0.61087   16.45000  0.00289      16.41150      177.88650    
0.61050   16.44000  0.00289      16.40072      185.13252    
0.61013   16.43000  0.00289      16.38996      192.39680    
0.61013   16.42000  0.00289      16.38996      108.29765    
0.60976   16.41000  0.00289      16.37921      113.77305    
0.60901   16.39000  0.00289      16.35775      124.82467    
0.60790   16.35000  0.00289      16.32565      71.12521     
0.60716   16.32000  0.00289      16.30432      29.48955     
0.60643   16.31000  0.00289      16.28304      87.19003     
0.60606   16.29000  0.00289      16.27242      37.06706     
0.60569   16.27000  0.00289      16.26182      8.03455      
0.60496   16.26000  0.00289      16.24064      44.97053     
0.60459   16.24000  0.00289      16.23007      11.82632     
0.60423   16.23000  0.00289      16.21952      13.18818     
0.60386   16.21000  0.00289      16.20897      0.12648      
0.60314   16.18000  0.00289      16.18792      7.53657      
0.60241   16.17000  0.00289      16.16693      1.13300      
0.60168   16.16000  0.00289      16.14598      23.58680     
0.60132   16.15000  0.00289      16.13553      25.14148     
0.60060   16.15000  0.00289      16.11465      149.92260    
0.60024   16.13000  0.00289      16.10424      79.64948     
0.59952   16.12000  0.00289      16.08344      160.39499    
0.59916   16.12000  0.00289      16.07306      264.39799    
0.59880   16.11000  0.00289      16.06269      268.55073    
0.59844   16.10000  0.00289      16.05234      272.59386    
0.59809   16.09000  0.00289      16.04200      276.52449    
0.59737   16.08000  0.00289      16.02135      412.80093    
0.59701   16.07000  0.00289      16.01104      417.11061    
0.59630   16.04000  0.00289      15.99047      294.39619    
0.59595   16.03000  0.00289      15.98020      297.59710    
0.59559   16.03000  0.00289      15.96994      432.80196    
0.59524   16.01000  0.00289      15.95970      303.60798    
0.59488   16.00000  0.00289      15.94947      306.41406    
0.59453   15.98000  0.00289      15.93925      199.28142    
0.59382   15.96000  0.00289      15.91885      203.24317    
0.59382   15.95000  0.00289      15.91885      116.47236    
0.59347   15.94000  0.00289      15.90866      117.84752    
0.59312   15.93000  0.00289      15.89849      119.13938    
0.59277   15.91000  0.00289      15.88833      56.34242     
0.59242   15.89000  0.00289      15.87818      16.75305     
0.59172   15.88000  0.00289      15.85793      58.47133     
0.59137   15.87000  0.00289      15.84781      59.06202     
0.59102   15.84000  0.00289      15.83772      0.62626      
0.59032   15.83000  0.00289      15.81755      18.59205     
0.58997   15.80000  0.00289      15.80749      6.73062      
0.58928   15.78000  0.00289      15.78740      6.56717      
0.58858   15.75000  0.00289      15.76735      36.13743     
0.58754   15.71000  0.00289      15.73738      89.93065     
0.58720   15.68000  0.00289      15.72741      269.68392    
0.58685   15.67000  0.00289      15.71745      270.16788    
0.58617   15.66000  0.00289      15.69757      169.37125    
0.58548   15.64000  0.00289      15.67774      170.87686    
0.58480   15.63000  0.00289      15.65795      93.73480     
0.58411   15.61000  0.00289      15.63821      95.48174     
0.58343   15.61000  0.00289      15.61851      8.69680      
0.58309   15.60000  0.00289      15.60868      9.04736      
0.58241   15.60000  0.00289      15.58906      14.36960     
0.58207   15.59000  0.00289      15.57926      13.83834     
0.58173   15.58000  0.00289      15.56948      13.28829     
0.58106   15.57000  0.00289      15.54994      48.27792     
0.58072   15.56000  0.00289      15.54019      47.08357     
0.58038   15.56000  0.00289      15.53045      104.76430    
0.57971   15.55000  0.00289      15.51101      182.43905    
0.57870   15.50000  0.00289      15.48193      39.19692     
0.57803   15.48000  0.00289      15.46259      36.35244     
0.57770   15.45000  0.00289      15.45295      1.04128      
0.57703   15.43000  0.00289      15.43368      1.62577      
0.57670   15.41000  0.00289      15.42406      23.73874     
0.57637   15.39000  0.00289      15.41446      71.79629     
0.57571   15.38000  0.00289      15.39528      28.03184     
0.57537   15.36000  0.00289      15.38571      79.33495     
0.57471   15.33000  0.00289      15.36660      160.76620    
0.57438   15.31000  0.00289      15.35706      265.79719    
0.57372   15.28000  0.00289      15.33802      403.94624    
0.57307   15.24000  0.00289      15.31902      749.26821    
0.57241   15.24000  0.00289      15.30006      432.88041    
0.57176   15.23000  0.00289      15.28115      313.92444    
0.57110   15.21000  0.00289      15.26228      327.94011    
0.57045   15.18000  0.00289      15.24345      483.09131    
0.56948   15.17000  0.00289      15.21529      246.11871    
0.56883   15.15000  0.00289      15.19657      260.22073    
0.56850   15.14000  0.00289      15.18722      267.59995    
0.56786   15.13000  0.00289      15.16857      178.48045    
0.56689   15.12000  0.00289      15.14066      51.22047     
0.56625   15.08000  0.00289      15.12211      212.77746    
0.56561   15.08000  0.00289      15.10360      66.83179     
0.56497   15.08000  0.00289      15.08513      3.16036      
0.56433   15.05000  0.00289      15.06671      33.49114     
0.56370   15.05000  0.00289      15.04832      0.33796      
0.56338   15.05000  0.00289      15.03915      14.13920     
0.56275   15.01000  0.00289      15.02082      14.05644     
0.56211   15.01000  0.00289      15.00254      6.67468      
0.56180   14.99000  0.00289      14.99342      1.40099      
0.56148   14.96000  0.00289      14.98430      70.87048     
0.56085   14.94000  0.00289      14.96610      81.76375     
0.56022   14.89000  0.00289      14.94794      402.91061    
0.55991   14.89000  0.00289      14.93888      286.72017    
0.55928   14.87000  0.00289      14.92078      309.47541    
0.55897   14.83000  0.00289      14.91175      801.96713    
0.55835   14.82000  0.00289      14.89371      652.03716    
0.55772   14.80000  0.00289      14.87572      687.96323    
0.55710   14.76000  0.00289      14.85776      1146.85065   
0.55648   14.76000  0.00289      14.83984      765.00663    
0.55586   14.71000  0.00289      14.82197      1504.40272   
0.55494   14.70000  0.00289      14.79523      1088.17915   
0.55432   14.70000  0.00289      14.77745      719.80751    
0.55371   14.65000  0.00289      14.75971      1444.38341   
0.55279   14.65000  0.00289      14.73318      830.21674    
0.55218   14.63000  0.00289      14.71554      877.98991    
0.55157   14.62000  0.00289      14.69794      728.87515    
0.55096   14.62000  0.00289      14.68037      437.38775    
0.55036   14.60000  0.00289      14.66285      474.00008    
0.54975   14.60000  0.00289      14.64536      246.94282    
0.54915   14.60000  0.00289      14.62792      93.52033     
0.54855   14.56000  0.00289      14.61051      306.12525    
0.54795   14.57000  0.00289      14.59314      64.24005     
0.54735   14.54000  0.00289      14.57580      153.83749    
0.54675   14.51000  0.00289      14.55851      282.38751    
0.54615   14.50000  0.00289      14.54125      204.21954    
0.54555   14.47000  0.00289      14.52403      350.36124    
0.54466   14.45000  0.00289      14.49828      279.66374    
0.54407   14.46000  0.00289      14.48115      53.67861     
0.54377   14.42000  0.00289      14.47260      332.02579    
0.54348   14.41000  0.00289      14.46406      350.71905    
0.54318   14.41000  0.00289      14.45553      248.77259    
0.54259   14.37000  0.00289      14.43850      563.04725    
0.54201   14.36000  0.00289      14.42150      453.91130    
0.54142   14.33000  0.00289      14.40454      666.81314    
0.54083   14.31000  0.00289      14.38762      723.01100    
0.54025   14.31000  0.00289      14.37074      442.65917    
0.53967   14.26000  0.00289      14.35389      1057.75888   
0.53908   14.25000  0.00289      14.33707      909.81399    
0.53879   14.26000  0.00289      14.32868      566.04197    
0.53792   14.21000  0.00289      14.30356      1050.32755   
0.53706   14.19000  0.00289      14.27851      940.13486    
0.53619   14.16000  0.00289      14.25355      1050.18069   
0.53533   14.15000  0.00289      14.22867      742.61354    
0.53476   14.14000  0.00289      14.21212      624.19852    
0.53419   14.12000  0.00289      14.19561      686.09114    
0.53362   14.12000  0.00289      14.17914      419.70574    
0.53305   14.11000  0.00289      14.16270      333.29505    
0.53220   14.08000  0.00289      14.13811      405.20584    
0.53163   14.09000  0.00289      14.12176      121.03125    
0.53107   14.05000  0.00289      14.10544      368.85721    
0.53079   14.05000  0.00289      14.09730      268.43776    
0.53079   14.05000  0.00289      14.09730      268.43776    
0.53050   14.02000  0.00289      14.08916      573.97539    
0.53050   14.03000  0.00289      14.08916      419.99100    
0.53050   14.04000  0.00289      14.08916      290.00661    
0.52910   13.99000  0.00289      14.04861      412.16591    
0.52770   13.98000  0.00289      14.00827      95.88103     
0.52715   13.95000  0.00289      13.99219      213.60355    
0.52659   13.93000  0.00289      13.97615      255.55564    
0.52604   13.91000  0.00289      13.96014      301.67265    
0.52521   13.88000  0.00289      13.93619      378.86671    
0.52438   13.86000  0.00289      13.91231      328.41679    
0.52329   13.83000  0.00289      13.88060      307.22140    
0.52274   13.79000  0.00289      13.86479      671.22165    
0.52219   13.78000  0.00289      13.84901      571.55865    
0.52110   13.75000  0.00289      13.81756      547.75943    
0.52002   13.72000  0.00289      13.78624      526.54441    
0.51948   13.71000  0.00289      13.77063      441.10758    
0.51867   13.69000  0.00289      13.74727      393.61204    
0.51813   13.68000  0.00289      13.73174      321.25770    
0.51760   13.67000  0.00289      13.71624      256.60218    
0.51680   13.63000  0.00289      13.69305      477.09861    
0.51573   13.64000  0.00289      13.66225      59.39757     
0.51520   13.62000  0.00289      13.64689      86.78649     
0.51520   13.61000  0.00289      13.64689      163.32912    
0.51493   13.62000  0.00289      13.63923      44.36101     
0.51493   13.59000  0.00289      13.63923      290.79495    
0.51440   13.59000  0.00289      13.62392      138.05936    
0.51387   13.58000  0.00289      13.60864      98.44654     
0.51361   13.56000  0.00289      13.60102      201.87666    
0.51361   13.56000  0.00289      13.60102      201.87666    
0.51308   13.56000  0.00289      13.58579      79.79264     
0.51256   13.53000  0.00289      13.57059      197.68743    
0.51230   13.53000  0.00289      13.56300      130.68516    
0.51151   13.50000  0.00289      13.54028      194.74410    
0.51099   13.48000  0.00289      13.52518      244.94397    
0.51046   13.47000  0.00289      13.51011      193.01213    
0.50994   13.44000  0.00289      13.49506      363.81479    
0.50916   13.43000  0.00289      13.47255      217.29850    
0.50839   13.41000  0.00289      13.45011      193.10025    
0.50761   13.39000  0.00289      13.42774      170.94856    
0.50710   13.38000  0.00289      13.41287      129.63145    
0.50633   13.35000  0.00289      13.39061      197.89678    
0.50505   13.33000  0.00289      13.35366      67.19396     
0.50352   13.29000  0.00289      13.30957      45.97324     
0.50226   13.25000  0.00289      13.27303      63.67051     
0.50075   13.20000  0.00289      13.22943      103.93177    
0.49925   13.15000  0.00289      13.18609      156.26254    
0.49850   13.13000  0.00289      13.16451      142.92291    
0.49776   13.14000  0.00289      13.14300      1.08074      
0.49727   13.12000  0.00289      13.12870      9.07562      
0.49702   13.11000  0.00289      13.12155      16.02214     
0.49652   13.11000  0.00289      13.10729      0.87926      
0.49628   13.08000  0.00289      13.10017      48.83307     
0.49579   13.07000  0.00289      13.08595      30.54116     
0.49554   13.07000  0.00289      13.07885      9.40763      
0.49529   13.05000  0.00289      13.07176      56.83057     
0.49480   13.05000  0.00289      13.05760      6.92917      
0.49432   13.02000  0.00289      13.04346      66.06541     
0.49383   13.01000  0.00289      13.02936      44.96057     
0.49334   12.99000  0.00289      13.01528      76.67123     
0.49285   12.96000  0.00289      13.00123      203.94336    
0.49261   12.96000  0.00289      12.99421      140.43790    
0.49188   12.94000  0.00289      12.97320      132.30809    
0.49092   12.90000  0.00289      12.94529      246.19181    
0.49044   12.89000  0.00289      12.93138      205.48111    
0.48996   12.87000  0.00289      12.91749      270.67724    
0.48972   12.85000  0.00289      12.91056      440.10739    
0.48948   12.86000  0.00289      12.90363      228.47072    
0.48924   12.83000  0.00289      12.89671      534.09583    
0.48852   12.83000  0.00289      12.87600      253.87475    
0.48780   12.81000  0.00289      12.85534      246.66558    
0.48733   12.78000  0.00289      12.84160      455.34497    
0.48709   12.78000  0.00289      12.83474      359.58588    
0.48662   12.77000  0.00289      12.82104      312.64114    
0.48614   12.75000  0.00289      12.80737      394.97196    
0.48544   12.74000  0.00289      12.78691      264.10479    
0.48473   12.71000  0.00289      12.76652      383.27910    
0.48426   12.72000  0.00289      12.75295      130.28151    
0.48356   12.71000  0.00289      12.73265      61.56372     
0.48286   12.69000  0.00289      12.71241      60.26250     
0.48239   12.69000  0.00289      12.69895      9.60869      
0.48170   12.67000  0.00289      12.67881      9.30363      
0.48100   12.64000  0.00289      12.65872      42.05288     
0.48031   12.63000  0.00289      12.63869      9.06794      
0.48008   12.62000  0.00289      12.63203      17.36643     
0.47985   12.61000  0.00289      12.62537      28.36119     
0.47939   12.61000  0.00289      12.61208      0.51896      
0.47893   12.57000  0.00289      12.59881      99.60999     
0.47824   12.55000  0.00289      12.57896      100.61494    
0.47733   12.54000  0.00289      12.55257      18.96427     
0.47664   12.49000  0.00289      12.53285      220.31987    
0.47642   12.50000  0.00289      12.52629      82.91991     
0.47619   12.48000  0.00289      12.51973      189.43031    
0.47574   12.47000  0.00289      12.50664      161.09214    
0.47506   12.46000  0.00289      12.48705      87.78893     
0.47438   12.43000  0.00289      12.46751      168.85605    
0.47393   12.42000  0.00289      12.45452      142.98524    
0.47304   12.40000  0.00289      12.42861      98.19928     
0.47237   12.37000  0.00289      12.40924      184.73978    
0.47170   12.36000  0.00289      12.38992      107.43395    
0.47103   12.33000  0.00289      12.37066      198.39516    
0.47081   12.32000  0.00289      12.36425      234.99517    
0.47059   12.32000  0.00289      12.35785      171.91958    
0.47015   12.29000  0.00289      12.34506      363.85135    
0.46970   12.30000  0.00289      12.33230      125.21343    
0.46926   12.29000  0.00289      12.31956      104.88576    
0.46860   12.26000  0.00289      12.30050      196.84866    
0.46816   12.26000  0.00289      12.28782      92.89707     
0.46751   12.25000  0.00289      12.26885      42.63918     
0.46685   12.25000  0.00289      12.24993      0.00059      
0.46598   12.24000  0.00289      12.22479      27.77825     
0.46555   12.21000  0.00289      12.21225      0.60652      
0.46490   12.20000  0.00289      12.19349      5.09167      
0.46447   12.19000  0.00289      12.18101      9.70459      
0.46425   12.16000  0.00289      12.17478      26.20080     
0.46361   12.15000  0.00289      12.15612      4.49245      
0.46296   12.13000  0.00289      12.13751      6.77282      
0.46232   12.11000  0.00289      12.11896      9.63026      
0.46168   12.10000  0.00289      12.10046      0.02489      
0.46104   12.06000  0.00289      12.08200      58.09963     
0.46062   12.05000  0.00289      12.06973      46.71699     
0.46019   12.05000  0.00289      12.05748      6.71524      
0.45977   12.01000  0.00289      12.04525      149.13259    
0.45872   12.00000  0.00289      12.01478      26.22045     
0.45809   11.98000  0.00289      11.99657      32.93274     
0.45767   11.95000  0.00289      11.98445      142.41824    
0.45746   11.96000  0.00289      11.97840      40.62966     
0.45683   11.92000  0.00289      11.96028      194.74275    
0.45620   11.92000  0.00289      11.94222      59.23893     
0.45537   11.90000  0.00289      11.91821      39.77860     
0.45434   11.84000  0.00289      11.88832      280.12147    
0.45351   11.83000  0.00289      11.86450      142.82394    
0.45310   11.82000  0.00289      11.85262      127.71702    
0.45228   11.80000  0.00289      11.82894      100.48299    
0.45147   11.79000  0.00289      11.80534      28.22349     
0.45045   11.77000  0.00289      11.77595      4.25456      
0.44984   11.75000  0.00289      11.75839      8.44463      
0.44964   11.76000  0.00289      11.75254      6.67079      
0.44903   11.73000  0.00289      11.73504      3.05017      
0.44863   11.73000  0.00289      11.72340      5.22803      
0.44823   11.72000  0.00289      11.71178      8.11178      
0.44783   11.70000  0.00289      11.70018      0.00379      
0.44743   11.70000  0.00289      11.68860      15.60062     
0.44703   11.68000  0.00289      11.67704      1.05209      
0.44683   11.67000  0.00289      11.67127      0.19272      
0.44643   11.67000  0.00289      11.65974      12.63403     
0.44603   11.67000  0.00289      11.64823      56.86285     
0.44563   11.65000  0.00289      11.63674      21.08412     
0.44484   11.63000  0.00289      11.61383      31.36788     
0.44405   11.60000  0.00289      11.59100      9.71796      
0.44385   11.59000  0.00289      11.58531      2.64425      
0.44385   11.59000  0.00289      11.58531      2.64425      
0.44366   11.58000  0.00289      11.57962      0.01772      
0.44267   11.53000  0.00289      11.55124      54.14093     
0.44189   11.49000  0.00289      11.52863      179.08492    
0.44170   11.50000  0.00289      11.52299      63.43222     
0.44111   11.50000  0.00289      11.50610      4.46731      
0.44014   11.46000  0.00289      11.47805      39.09944     
0.43937   11.44000  0.00289      11.45570      29.57462     
0.43898   11.42000  0.00289      11.44455      72.33849     
0.43860   11.41000  0.00289      11.43343      65.85038     
0.43840   11.41000  0.00289      11.42787      38.31758     
0.43802   11.38000  0.00289      11.41677      162.25847    
0.43725   11.38000  0.00289      11.39463      25.70022     
0.43649   11.37000  0.00289      11.37257      0.79546      
0.43592   11.34000  0.00289      11.35608      31.02892     
0.43535   11.33000  0.00289      11.33963      11.12596     
0.43478   11.32000  0.00289      11.32322      1.24462      
0.43422   11.32000  0.00289      11.30685      20.73530     
0.43384   11.31000  0.00289      11.29597      23.62726     
0.43346   11.30000  0.00289      11.28510      26.64040     
0.43290   11.29000  0.00289      11.26883      53.76161     
0.43253   11.29000  0.00289      11.25801      122.78204    
0.43253   11.27000  0.00289      11.25801      17.24328     
0.43234   11.27000  0.00289      11.25261      36.29230     
0.43178   11.25000  0.00289      11.23643      22.10718     
0.43122   11.24000  0.00289      11.22029      46.63446     
0.43103   11.23000  0.00289      11.21492      27.30446     
0.43103   11.21000  0.00289      11.21492      2.89965      
0.43085   11.21000  0.00289      11.20955      0.02436      
0.43029   11.20000  0.00289      11.19348      5.10377      
0.42937   11.16000  0.00289      11.16679      5.52490      
0.42863   11.15000  0.00289      11.14551      2.41568      
0.42790   11.13000  0.00289      11.12431      3.87962      
0.42717   11.10000  0.00289      11.10319      1.21902      
0.42699   11.10000  0.00289      11.09792      0.52076      
0.42680   11.08000  0.00289      11.09265      19.20540     
0.42644   11.06000  0.00289      11.08213      58.78179     
0.42571   11.05000  0.00289      11.06115      14.91736     
0.42481   11.02000  0.00289      11.03502      27.07569     
0.42427   11.02000  0.00289      11.01940      0.04361      
0.42409   11.01000  0.00289      11.01420      2.11478      
0.42355   10.98000  0.00289      10.99863      41.63601     
0.42248   10.96000  0.00289      10.96760      6.93766      
0.42176   10.92000  0.00289      10.94701      87.53470     
0.42105   10.91000  0.00289      10.92648      32.60156     
0.42052   10.91000  0.00289      10.91113      0.15424      
0.41999   10.87000  0.00289      10.89582      80.02191     
0.41929   10.86000  0.00289      10.87547      28.71702     
0.41859   10.87000  0.00289      10.85518      26.34189     
0.41771   10.84000  0.00289      10.82992      12.18749     
0.41701   10.83000  0.00289      10.80979      49.01995     
0.41649   10.82000  0.00289      10.79473      76.61368     
0.41580   10.81000  0.00289      10.77472      149.39479    
0.41545   10.82000  0.00289      10.76473      366.53570    
0.41494   10.78000  0.00289      10.74979      109.52481    
0.41459   10.77000  0.00289      10.73985      109.10396    
0.41425   10.77000  0.00289      10.72992      192.75305    
0.41391   10.73000  0.00289      10.72001      11.96968     
0.41339   10.73000  0.00289      10.70518      73.92466     
0.41271   10.70000  0.00289      10.68546      25.36946     
0.41220   10.70000  0.00289      10.67071      102.92925    
0.41203   10.70000  0.00289      10.66581      140.31502    
0.41169   10.67000  0.00289      10.65600      23.51354     
0.41118   10.65000  0.00289      10.64133      9.02568      
0.41034   10.64000  0.00289      10.61695      63.75547     
0.40967   10.60000  0.00289      10.59752      0.73790      
0.40900   10.59000  0.00289      10.57815      16.83952     
0.40850   10.57000  0.00289      10.56367      4.80717      
0.40766   10.54000  0.00289      10.53961      0.01818      
0.40667   10.51000  0.00289      10.51087      0.09041      
0.40601   10.48000  0.00289      10.49178      16.66327     
0.40535   10.47000  0.00289      10.47276      0.91526      
0.40502   10.46000  0.00289      10.46327      1.28610      
0.40469   10.44000  0.00289      10.45380      22.85659     
0.40453   10.44000  0.00289      10.44907      9.87306      
0.40388   10.42000  0.00289      10.43019      12.45191     
0.40306   10.41000  0.00289      10.40667      1.33295      
0.40241   10.40000  0.00289      10.38792      17.51185     
0.40177   10.38000  0.00289      10.36923      13.91233     
0.40096   10.38000  0.00289      10.34596      139.06271    
0.40000   10.36000  0.00289      10.31815      210.15681    
0.39888   10.32000  0.00289      10.28588      139.71305    
0.39857   10.32000  0.00289      10.27669      225.08264    
0.39825   10.31000  0.00289      10.26752      216.56978    
0.39793   10.29000  0.00289      10.25836      120.13708    
0.39761   10.28000  0.00289      10.24922      113.72426    
0.39730   10.26000  0.00289      10.24009      47.58894     
0.39683   10.25000  0.00289      10.22642      66.72830     
0.39635   10.24000  0.00289      10.21278      88.88239     
0.39573   10.22000  0.00289      10.19466      77.08094     
0.39510   10.21000  0.00289      10.17658      133.99582    
0.39432   10.18000  0.00289      10.15407      80.65494     
0.39355   10.15000  0.00289      10.13165      40.38953     
0.39293   10.14000  0.00289      10.11378      82.49395     
0.39216   10.11000  0.00289      10.09152      40.98948     
0.39170   10.10000  0.00289      10.07820      57.01603     
0.39170   10.10000  0.00289      10.07820      57.01603     
0.39124   10.07000  0.00289      10.06492      3.09921      
0.39062   10.06000  0.00289      10.04725      19.49576     
0.39032   10.04000  0.00289      10.03844      0.29112      
0.39002   10.03000  0.00289      10.02964      0.01514      
0.38895   10.02000  0.00289      9.99896       53.11770     
0.38760   9.98000   0.00289      9.95975       49.18499     
0.38685   9.97000   0.00289      9.93809       122.17916    
0.38595   9.95000   0.00289      9.91221       171.40769    
0.38506   9.93000   0.00289      9.88644       227.69753    
0.38476   9.92000   0.00289      9.87788       212.91428    
0.38462   9.92000   0.00289      9.87360       258.33775    
0.38417   9.92000   0.00289      9.86079       420.65919    
0.38373   9.89000   0.00289      9.84801       211.54383    
0.38314   9.84000   0.00289      9.83102       9.67649      
0.38270   9.85000   0.00289      9.81831       120.51605    
0.38226   9.86000   0.00289      9.80563       354.76309    
0.38183   9.83000   0.00289      9.79297       164.50270    
0.38153   9.83000   0.00289      9.78456       247.81978    
0.38124   9.82000   0.00289      9.77615       230.74144    
0.38081   9.79000   0.00289      9.76356       83.86038     
0.38023   9.78000   0.00289      9.74683       132.03937    
0.37965   9.76000   0.00289      9.73014       106.96599    
0.37936   9.75000   0.00289      9.72182       95.28996     
0.37879   9.75000   0.00289      9.70521       240.72133    
0.37836   9.72000   0.00289      9.69279       88.86112     
0.37779   9.70000   0.00289      9.67627       67.59372     
0.37750   9.69000   0.00289      9.66802       57.95046     
0.37707   9.67000   0.00289      9.65568       24.59034     
0.37679   9.66000   0.00289      9.64747       18.82773     
0.37636   9.65000   0.00289      9.63518       26.35239     
0.37608   9.64000   0.00289      9.62700       20.27696     
0.37580   9.64000   0.00289      9.61883       53.76371     
0.37523   9.60000   0.00289      9.60253       0.77091      
0.37467   9.60000   0.00289      9.58628       22.57278     
0.37425   9.59000   0.00289      9.57413       30.22517     
0.37369   9.57000   0.00289      9.55796       17.38224     
0.37300   9.54000   0.00289      9.53783       0.56697      
0.37230   9.53000   0.00289      9.51776       17.96899     
0.37161   9.51000   0.00289      9.49777       17.93575     
0.37092   9.49000   0.00289      9.47786       17.68587     
0.37051   9.47000   0.00289      9.46595       1.97162      
0.37010   9.48000   0.00289      9.45406       80.74768     
0.36955   9.47000   0.00289      9.43825       120.95531    
0.36887   9.44000   0.00289      9.41856       55.17611     
0.36819   9.45000   0.00289      9.39893       312.91642    
0.36765   9.44000   0.00289      9.38329       385.93282    
0.36724   9.42000   0.00289      9.37159       281.27964    
0.36684   9.42000   0.00289      9.35991       433.34304    
0.36643   9.39000   0.00289      9.34825       209.12612    
0.36590   9.39000   0.00289      9.33276       393.21100    
0.36536   9.39000   0.00289      9.31731       634.14383    
0.36483   9.36000   0.00289      9.30190       405.09408    
0.36443   9.35000   0.00289      9.29037       426.64627    
0.36390   9.33000   0.00289      9.27504       362.41043    
0.36337   9.31000   0.00289      9.25976       302.87511    
0.36298   9.30000   0.00289      9.24833       320.40784    
0.36258   9.29000   0.00289      9.23692       338.11689    
0.36179   9.26000   0.00289      9.21418       251.98854    
0.36075   9.24000   0.00289      9.18400       376.26504    
0.36023   9.20000   0.00289      9.16898       115.44128    
0.35997   9.20000   0.00289      9.16149       177.96490    
0.35958   9.19000   0.00289      9.15027       189.42645    
0.35920   9.17000   0.00289      9.13907       114.78184    
0.35881   9.17000   0.00289      9.12790       212.68964    
0.35829   9.15000   0.00289      9.11304       163.91875    
0.35765   9.12000   0.00289      9.09453       77.86836     
0.35714   9.11000   0.00289      9.07976       109.71597    
0.35663   9.10000   0.00289      9.06504       146.65649    
0.35625   9.08000   0.00289      9.05403       80.95047     
0.35562   9.07000   0.00289      9.03572       140.98804    
0.35461   9.02000   0.00289      9.00657       21.63804     
0.35386   9.01000   0.00289      8.98482       76.10474     

Gradi di liberta = 737
Chi-quadro = 103717.34851560053
p-value = 0.0
Errore a posteriori = 0.03425

Test ipotesi funzione costante_______________________________
Gradi di Liberta' = 737
t = 2471.754138084908
p-value = 0.0

Test ipotesi compatibilità misure____________________________
x         y         sy           y_media_p     Chi-quadro   
0.73421   19.99000  0.00289      14.71811      3335144.53352
0.73368   19.98000  0.00289      14.71811      3322503.98683
0.73368   19.97000  0.00289      14.71811      3309887.44015
0.73314   19.96000  0.00289      14.71811      3297294.89346
0.73260   19.95000  0.00289      14.71811      3284726.34678
0.73206   19.93000  0.00289      14.71811      3259661.25341
0.73153   19.94000  0.00289      14.71811      3272181.80009
0.73153   19.91000  0.00289      14.71811      3234692.16004
0.73099   19.91000  0.00289      14.71811      3234692.16004
0.73046   19.92000  0.00289      14.71811      3247164.70672
0.72993   19.90000  0.00289      14.71811      3222243.61335
0.72993   19.89000  0.00289      14.71811      3209819.06667
0.72939   19.86000  0.00289      14.71811      3172689.42661
0.72886   19.86000  0.00289      14.71811      3172689.42661
0.72886   19.87000  0.00289      14.71811      3185041.97330
0.72833   19.85000  0.00289      14.71811      3160360.87993
0.72780   19.84000  0.00289      14.71811      3148056.33324
0.72674   19.82000  0.00289      14.71811      3123519.23988
0.72569   19.78000  0.00289      14.71811      3074733.05314
0.72516   19.77000  0.00289      14.71811      3062596.50645
0.72516   19.76000  0.00289      14.71811      3050483.95977
0.72464   19.75000  0.00289      14.71811      3038395.41308
0.72411   19.72000  0.00289      14.71811      3002273.77303
0.72359   19.72000  0.00289      14.71811      3002273.77303
0.72307   19.69000  0.00289      14.71811      2966368.13297
0.72254   19.68000  0.00289      14.71811      2954447.58629
0.72202   19.66000  0.00289      14.71811      2930678.49292
0.72150   19.64000  0.00289      14.71811      2907005.39955
0.72098   19.63000  0.00289      14.71811      2895204.85287
0.72098   19.62000  0.00289      14.71811      2883428.30618
0.72046   19.61000  0.00289      14.71811      2871675.75950
0.72046   19.60000  0.00289      14.71811      2859947.21281
0.71994   19.58000  0.00289      14.71811      2836562.11944
0.71942   19.56000  0.00289      14.71811      2813273.02607
0.71891   19.55000  0.00289      14.71811      2801664.47939
0.71839   19.54000  0.00289      14.71811      2790079.93270
0.71839   19.52000  0.00289      14.71811      2766982.83933
0.71788   19.49000  0.00289      14.71811      2732517.19928
0.71788   19.49000  0.00289      14.71811      2732517.19928
0.71736   19.48000  0.00289      14.71811      2721076.65260
0.71685   19.47000  0.00289      14.71811      2709660.10591
0.71633   19.46000  0.00289      14.71811      2698267.55923
0.71582   19.46000  0.00289      14.71811      2698267.55923
0.71582   19.45000  0.00289      14.71811      2686899.01254
0.71531   19.45000  0.00289      14.71811      2686899.01254
0.71480   19.44000  0.00289      14.71811      2675554.46586
0.71480   19.43000  0.00289      14.71811      2664233.91917
0.71429   19.42000  0.00289      14.71811      2652937.37249
0.71378   19.41000  0.00289      14.71811      2641664.82580
0.71327   19.40000  0.00289      14.71811      2630416.27912
0.71327   19.40000  0.00289      14.71811      2630416.27912
0.71276   19.39000  0.00289      14.71811      2619191.73243
0.71276   19.38000  0.00289      14.71811      2607991.18575
0.71225   19.37000  0.00289      14.71811      2596814.63906
0.71174   19.37000  0.00289      14.71811      2596814.63906
0.71124   19.36000  0.00289      14.71811      2585662.09238
0.71073   19.34000  0.00289      14.71811      2563428.99901
0.71023   19.32000  0.00289      14.71811      2541291.90564
0.70972   19.31000  0.00289      14.71811      2530259.35896
0.70922   19.29000  0.00289      14.71811      2508266.26559
0.70922   19.28000  0.00289      14.71811      2497305.71890
0.70872   19.26000  0.00289      14.71811      2475456.62553
0.70822   19.26000  0.00289      14.71811      2475456.62553
0.70771   19.25000  0.00289      14.71811      2464568.07885
0.70721   19.23000  0.00289      14.71811      2442862.98548
0.70671   19.21000  0.00289      14.71811      2421253.89211
0.70621   19.20000  0.00289      14.71811      2410485.34542
0.70572   19.17000  0.00289      14.71811      2378323.70537
0.70522   19.16000  0.00289      14.71811      2367651.15868
0.70472   19.14000  0.00289      14.71811      2346378.06532
0.70423   19.12000  0.00289      14.71811      2325200.97195
0.70373   19.11000  0.00289      14.71811      2314648.42526
0.70323   19.09000  0.00289      14.71811      2293615.33189
0.70274   19.08000  0.00289      14.71811      2283134.78521
0.70274   19.07000  0.00289      14.71811      2272678.23852
0.70225   19.05000  0.00289      14.71811      2251837.14515
0.70126   19.03000  0.00289      14.71811      2231092.05178
0.70028   19.00000  0.00289      14.71811      2200154.41173
0.69979   18.99000  0.00289      14.71811      2189889.86504
0.69930   18.98000  0.00289      14.71811      2179649.31836
0.69881   18.97000  0.00289      14.71811      2169432.77168
0.69832   18.96000  0.00289      14.71811      2159240.22499
0.69784   18.95000  0.00289      14.71811      2149071.67831
0.69686   18.93000  0.00289      14.71811      2128806.58494
0.69686   18.93000  0.00289      14.71811      2128806.58494
0.69638   18.92000  0.00289      14.71811      2118710.03825
0.69589   18.91000  0.00289      14.71811      2108637.49157
0.69541   18.90000  0.00289      14.71811      2098588.94488
0.69493   18.88000  0.00289      14.71811      2078563.85151
0.69444   18.86000  0.00289      14.71811      2058634.75814
0.69396   18.85000  0.00289      14.71811      2048706.21146
0.69348   18.83000  0.00289      14.71811      2028921.11809
0.69300   18.82000  0.00289      14.71811      2019064.57140
0.69252   18.80000  0.00289      14.71811      1999423.47804
0.69204   18.79000  0.00289      14.71811      1989638.93135
0.69156   18.78000  0.00289      14.71811      1979878.38467
0.69061   18.75000  0.00289      14.71811      1950740.74461
0.69013   18.74000  0.00289      14.71811      1941076.19793
0.68966   18.71000  0.00289      14.71811      1912226.55787
0.68918   18.69000  0.00289      14.71811      1893113.46450
0.68871   18.68000  0.00289      14.71811      1883592.91782
0.68823   18.65000  0.00289      14.71811      1855175.27776
0.68776   18.63000  0.00289      14.71811      1836350.18440
0.68681   18.62000  0.00289      14.71811      1826973.63771
0.68634   18.60000  0.00289      14.71811      1808292.54434
0.68587   18.58000  0.00289      14.71811      1789707.45097
0.68540   18.56000  0.00289      14.71811      1771218.35760
0.68493   18.54000  0.00289      14.71811      1752825.26423
0.68446   18.54000  0.00289      14.71811      1752825.26423
0.68399   18.53000  0.00289      14.71811      1743664.71755
0.68399   18.51000  0.00289      14.71811      1725415.62418
0.68353   18.50000  0.00289      14.71811      1716327.07749
0.68306   18.49000  0.00289      14.71811      1707262.53081
0.68259   18.49000  0.00289      14.71811      1707262.53081
0.68213   18.48000  0.00289      14.71811      1698221.98412
0.68166   18.47000  0.00289      14.71811      1689205.43744
0.68120   18.47000  0.00289      14.71811      1689205.43744
0.68120   18.46000  0.00289      14.71811      1680212.89075
0.68074   18.45000  0.00289      14.71811      1671244.34407
0.68027   18.44000  0.00289      14.71811      1662299.79739
0.67981   18.42000  0.00289      14.71811      1644482.70402
0.67935   18.41000  0.00289      14.71811      1635610.15733
0.67889   18.41000  0.00289      14.71811      1635610.15733
0.67843   18.39000  0.00289      14.71811      1617937.06396
0.67751   18.37000  0.00289      14.71811      1600359.97059
0.67705   18.35000  0.00289      14.71811      1582878.87722
0.67659   18.34000  0.00289      14.71811      1574174.33054
0.67613   18.32000  0.00289      14.71811      1556837.23717
0.67568   18.31000  0.00289      14.71811      1548204.69048
0.67522   18.30000  0.00289      14.71811      1539596.14380
0.67476   18.29000  0.00289      14.71811      1531011.59711
0.67431   18.27000  0.00289      14.71811      1513914.50375
0.67385   18.26000  0.00289      14.71811      1505401.95706
0.67340   18.24000  0.00289      14.71811      1488448.86369
0.67340   18.23000  0.00289      14.71811      1480008.31701
0.67295   18.22000  0.00289      14.71811      1471591.77032
0.67249   18.20000  0.00289      14.71811      1454830.67695
0.67204   18.19000  0.00289      14.71811      1446486.13027
0.67159   18.18000  0.00289      14.71811      1438165.58358
0.67114   18.17000  0.00289      14.71811      1429869.03690
0.67114   18.15000  0.00289      14.71811      1413347.94353
0.67069   18.14000  0.00289      14.71811      1405123.39684
0.67024   18.13000  0.00289      14.71811      1396922.85016
0.66979   18.11000  0.00289      14.71811      1380593.75679
0.66934   18.08000  0.00289      14.71811      1356280.11674
0.66890   18.08000  0.00289      14.71811      1356280.11674
0.66845   18.07000  0.00289      14.71811      1348223.57005
0.66800   18.05000  0.00289      14.71811      1332182.47668
0.66756   18.05000  0.00289      14.71811      1332182.47668
0.66711   18.04000  0.00289      14.71811      1324197.93000
0.66667   18.03000  0.00289      14.71811      1316237.38331
0.66622   18.03000  0.00289      14.71811      1316237.38331
0.66622   18.02000  0.00289      14.71811      1308300.83663
0.66578   18.01000  0.00289      14.71811      1300388.28994
0.66534   18.00000  0.00289      14.71811      1292499.74326
0.66489   17.99000  0.00289      14.71811      1284635.19657
0.66445   17.99000  0.00289      14.71811      1284635.19657
0.66401   17.97000  0.00289      14.71811      1268978.10320
0.66357   17.96000  0.00289      14.71811      1261185.55652
0.66269   17.95000  0.00289      14.71811      1253417.00983
0.66225   17.93000  0.00289      14.71811      1237951.91647
0.66181   17.92000  0.00289      14.71811      1230255.36978
0.66138   17.91000  0.00289      14.71811      1222582.82310
0.66094   17.89000  0.00289      14.71811      1207309.72973
0.66050   17.87000  0.00289      14.71811      1192132.63636
0.65963   17.86000  0.00289      14.71811      1184580.08967
0.65920   17.84000  0.00289      14.71811      1169546.99630
0.65876   17.83000  0.00289      14.71811      1162066.44962
0.65833   17.81000  0.00289      14.71811      1147177.35625
0.65789   17.79000  0.00289      14.71811      1132384.26288
0.65746   17.78000  0.00289      14.71811      1125023.71619
0.65703   17.75000  0.00289      14.71811      1103086.07614
0.65617   17.74000  0.00289      14.71811      1095821.52946
0.65574   17.72000  0.00289      14.71811      1081364.43609
0.65531   17.70000  0.00289      14.71811      1067003.34272
0.65445   17.68000  0.00289      14.71811      1052738.24935
0.65359   17.66000  0.00289      14.71811      1038569.15598
0.65317   17.64000  0.00289      14.71811      1024496.06261
0.65274   17.63000  0.00289      14.71811      1017495.51592
0.65274   17.61000  0.00289      14.71811      1003566.42255
0.65232   17.60000  0.00289      14.71811      996637.87587 
0.65147   17.59000  0.00289      14.71811      989733.32919 
0.65104   17.57000  0.00289      14.71811      975996.23582 
0.65062   17.56000  0.00289      14.71811      969163.68913 
0.65020   17.55000  0.00289      14.71811      962355.14245 
0.64935   17.54000  0.00289      14.71811      955570.59576 
0.64893   17.54000  0.00289      14.71811      955570.59576 
0.64851   17.52000  0.00289      14.71811      942073.50239 
0.64809   17.51000  0.00289      14.71811      935360.95571 
0.64725   17.50000  0.00289      14.71811      928672.40902 
0.64683   17.48000  0.00289      14.71811      915367.31565 
0.64641   17.48000  0.00289      14.71811      915367.31565 
0.64599   17.46000  0.00289      14.71811      902158.22228 
0.64516   17.44000  0.00289      14.71811      889045.12891 
0.64475   17.43000  0.00289      14.71811      882524.58223 
0.64392   17.40000  0.00289      14.71811      863106.94218 
0.64350   17.39000  0.00289      14.71811      856682.39549 
0.64350   17.38000  0.00289      14.71811      850281.84881 
0.64309   17.36000  0.00289      14.71811      837552.75544 
0.64267   17.36000  0.00289      14.71811      837552.75544 
0.64226   17.35000  0.00289      14.71811      831224.20875 
0.64185   17.34000  0.00289      14.71811      824919.66207 
0.64144   17.33000  0.00289      14.71811      818639.11538 
0.64144   17.31000  0.00289      14.71811      806150.02201 
0.64103   17.30000  0.00289      14.71811      799941.47533 
0.64061   17.29000  0.00289      14.71811      793756.92864 
0.63980   17.27000  0.00289      14.71811      781459.83527 
0.63939   17.26000  0.00289      14.71811      775347.28859 
0.63898   17.24000  0.00289      14.71811      763194.19522 
0.63898   17.23000  0.00289      14.71811      757153.64854 
0.63857   17.22000  0.00289      14.71811      751137.10185 
0.63816   17.20000  0.00289      14.71811      739176.00848 
0.63776   17.19000  0.00289      14.71811      733231.46180 
0.63694   17.17000  0.00289      14.71811      721414.36843 
0.63694   17.15000  0.00289      14.71811      709693.27506 
0.63654   17.15000  0.00289      14.71811      709693.27506 
0.63654   17.14000  0.00289      14.71811      703868.72837 
0.63613   17.13000  0.00289      14.71811      698068.18169 
0.63532   17.12000  0.00289      14.71811      692291.63500 
0.63492   17.10000  0.00289      14.71811      680810.54163 
0.63452   17.10000  0.00289      14.71811      680810.54163 
0.63412   17.09000  0.00289      14.71811      675105.99495 
0.63331   17.08000  0.00289      14.71811      669425.44827 
0.63331   17.08000  0.00289      14.71811      669425.44827 
0.63291   17.07000  0.00289      14.71811      663768.90158 
0.63251   17.06000  0.00289      14.71811      658136.35490 
0.63211   17.05000  0.00289      14.71811      652527.80821 
0.63171   17.04000  0.00289      14.71811      646943.26153 
0.63131   17.04000  0.00289      14.71811      646943.26153 
0.63091   17.03000  0.00289      14.71811      641382.71484 
0.63052   17.02000  0.00289      14.71811      635846.16816 
0.63012   17.01000  0.00289      14.71811      630333.62147 
0.62972   17.00000  0.00289      14.71811      624845.07479 
0.62933   16.98000  0.00289      14.71811      613939.98142 
0.62893   16.97000  0.00289      14.71811      608523.43473 
0.62854   16.95000  0.00289      14.71811      597762.34136 
0.62814   16.94000  0.00289      14.71811      592417.79468 
0.62775   16.93000  0.00289      14.71811      587097.24799 
0.62735   16.91000  0.00289      14.71811      576528.15463 
0.62657   16.90000  0.00289      14.71811      571279.60794 
0.62617   16.89000  0.00289      14.71811      566055.06126 
0.62578   16.87000  0.00289      14.71811      555677.96789 
0.62500   16.85000  0.00289      14.71811      545396.87452 
0.62461   16.83000  0.00289      14.71811      535211.78115 
0.62383   16.81000  0.00289      14.71811      525122.68778 
0.62344   16.79000  0.00289      14.71811      515129.59441 
0.62267   16.77000  0.00289      14.71811      505232.50104 
0.62228   16.75000  0.00289      14.71811      495431.40767 
0.62189   16.74000  0.00289      14.71811      490566.86099 
0.62150   16.73000  0.00289      14.71811      485726.31430 
0.62112   16.71000  0.00289      14.71811      476117.22093 
0.62073   16.69000  0.00289      14.71811      466604.12756 
0.62035   16.68000  0.00289      14.71811      461883.58088 
0.61996   16.68000  0.00289      14.71811      461883.58088 
0.61958   16.66000  0.00289      14.71811      452514.48751 
0.61920   16.65000  0.00289      14.71811      447865.94082 
0.61881   16.64000  0.00289      14.71811      443241.39414 
0.61843   16.63000  0.00289      14.71811      438640.84745 
0.61767   16.62000  0.00289      14.71811      434064.30077 
0.61728   16.61000  0.00289      14.71811      429511.75408 
0.61652   16.61000  0.00289      14.71811      429511.75408 
0.61652   16.60000  0.00289      14.71811      424983.20740 
0.61614   16.59000  0.00289      14.71811      420478.66071 
0.61576   16.58000  0.00289      14.71811      415998.11403 
0.61538   16.58000  0.00289      14.71811      415998.11403 
0.61501   16.57000  0.00289      14.71811      411541.56734 
0.61501   16.57000  0.00289      14.71811      411541.56734 
0.61463   16.55000  0.00289      14.71811      402700.47398 
0.61387   16.54000  0.00289      14.71811      398315.92729 
0.61350   16.52000  0.00289      14.71811      389618.83392 
0.61312   16.51000  0.00289      14.71811      385306.28724 
0.61237   16.49000  0.00289      14.71811      376753.19387 
0.61200   16.48000  0.00289      14.71811      372512.64718 
0.61162   16.46000  0.00289      14.71811      364103.55381 
0.61087   16.45000  0.00289      14.71811      359935.00713 
0.61050   16.44000  0.00289      14.71811      355790.46044 
0.61013   16.43000  0.00289      14.71811      351669.91376 
0.61013   16.42000  0.00289      14.71811      347573.36707 
0.60976   16.41000  0.00289      14.71811      343500.82039 
0.60901   16.39000  0.00289      14.71811      335427.72702 
0.60790   16.35000  0.00289      14.71811      319569.54028 
0.60716   16.32000  0.00289      14.71811      307927.90023 
0.60643   16.31000  0.00289      14.71811      304095.35354 
0.60606   16.29000  0.00289      14.71811      296502.26017 
0.60569   16.27000  0.00289      14.71811      289005.16680 
0.60496   16.26000  0.00289      14.71811      285292.62012 
0.60459   16.24000  0.00289      14.71811      277939.52675 
0.60423   16.23000  0.00289      14.71811      274298.98006 
0.60386   16.21000  0.00289      14.71811      267089.88670 
0.60314   16.18000  0.00289      14.71811      256456.24664 
0.60241   16.17000  0.00289      14.71811      252959.69996 
0.60168   16.16000  0.00289      14.71811      249487.15327 
0.60132   16.15000  0.00289      14.71811      246038.60659 
0.60060   16.15000  0.00289      14.71811      246038.60659 
0.60024   16.13000  0.00289      14.71811      239213.51322 
0.59952   16.12000  0.00289      14.71811      235836.96653 
0.59916   16.12000  0.00289      14.71811      235836.96653 
0.59880   16.11000  0.00289      14.71811      232484.41985 
0.59844   16.10000  0.00289      14.71811      229155.87316 
0.59809   16.09000  0.00289      14.71811      225851.32648 
0.59737   16.08000  0.00289      14.71811      222570.77979 
0.59701   16.07000  0.00289      14.71811      219314.23311 
0.59630   16.04000  0.00289      14.71811      209688.59306 
0.59595   16.03000  0.00289      14.71811      206528.04637 
0.59559   16.03000  0.00289      14.71811      206528.04637 
0.59524   16.01000  0.00289      14.71811      200278.95300 
0.59488   16.00000  0.00289      14.71811      197190.40632 
0.59453   15.98000  0.00289      14.71811      191085.31295 
0.59382   15.96000  0.00289      14.71811      185076.21958 
0.59382   15.95000  0.00289      14.71811      182107.67289 
0.59347   15.94000  0.00289      14.71811      179163.12621 
0.59312   15.93000  0.00289      14.71811      176242.57952 
0.59277   15.91000  0.00289      14.71811      170473.48615 
0.59242   15.89000  0.00289      14.71811      164800.39278 
0.59172   15.88000  0.00289      14.71811      161999.84610 
0.59137   15.87000  0.00289      14.71811      159223.29942 
0.59102   15.84000  0.00289      14.71811      151037.65936 
0.59032   15.83000  0.00289      14.71811      148357.11268 
0.58997   15.80000  0.00289      14.71811      140459.47262 
0.58928   15.78000  0.00289      14.71811      135314.37925 
0.58858   15.75000  0.00289      14.71811      127776.73920 
0.58754   15.71000  0.00289      14.71811      118062.55246 
0.58720   15.68000  0.00289      14.71811      111028.91241 
0.58685   15.67000  0.00289      14.71811      108732.36572 
0.58617   15.66000  0.00289      14.71811      106459.81904 
0.58548   15.64000  0.00289      14.71811      101986.72567 
0.58480   15.63000  0.00289      14.71811      99786.17898  
0.58411   15.61000  0.00289      14.71811      95457.08561  
0.58343   15.61000  0.00289      14.71811      95457.08561  
0.58309   15.60000  0.00289      14.71811      93328.53893  
0.58241   15.60000  0.00289      14.71811      93328.53893  
0.58207   15.59000  0.00289      14.71811      91223.99224  
0.58173   15.58000  0.00289      14.71811      89143.44556  
0.58106   15.57000  0.00289      14.71811      87086.89887  
0.58072   15.56000  0.00289      14.71811      85054.35219  
0.58038   15.56000  0.00289      14.71811      85054.35219  
0.57971   15.55000  0.00289      14.71811      83045.80550  
0.57870   15.50000  0.00289      14.71811      73363.07208  
0.57803   15.48000  0.00289      14.71811      69657.97871  
0.57770   15.45000  0.00289      14.71811      64280.33866  
0.57703   15.43000  0.00289      14.71811      60815.24529  
0.57670   15.41000  0.00289      14.71811      57446.15192  
0.57637   15.39000  0.00289      14.71811      54173.05855  
0.57571   15.38000  0.00289      14.71811      52572.51186  
0.57537   15.36000  0.00289      14.71811      49443.41850  
0.57471   15.33000  0.00289      14.71811      44929.77844  
0.57438   15.31000  0.00289      14.71811      42040.68507  
0.57372   15.28000  0.00289      14.71811      37887.04502  
0.57307   15.24000  0.00289      14.71811      32684.85828  
0.57241   15.24000  0.00289      14.71811      32684.85828  
0.57176   15.23000  0.00289      14.71811      31444.31159  
0.57110   15.21000  0.00289      14.71811      29035.21822  
0.57045   15.18000  0.00289      14.71811      25601.57817  
0.56948   15.17000  0.00289      14.71811      24505.03149  
0.56883   15.15000  0.00289      14.71811      22383.93812  
0.56850   15.14000  0.00289      14.71811      21359.39143  
0.56786   15.13000  0.00289      14.71811      20358.84475  
0.56689   15.12000  0.00289      14.71811      19382.29806  
0.56625   15.08000  0.00289      14.71811      15716.11132  
0.56561   15.08000  0.00289      14.71811      15716.11132  
0.56497   15.08000  0.00289      14.71811      15716.11132  
0.56433   15.05000  0.00289      14.71811      13218.47127  
0.56370   15.05000  0.00289      14.71811      13218.47127  
0.56338   15.05000  0.00289      14.71811      13218.47127  
0.56275   15.01000  0.00289      14.71811      10224.28453  
0.56211   15.01000  0.00289      14.71811      10224.28453  
0.56180   14.99000  0.00289      14.71811      8871.19116   
0.56148   14.96000  0.00289      14.71811      7021.55111   
0.56085   14.94000  0.00289      14.71811      5908.45774   
0.56022   14.89000  0.00289      14.71811      3545.72431   
0.55991   14.89000  0.00289      14.71811      3545.72431   
0.55928   14.87000  0.00289      14.71811      2768.63094   
0.55897   14.83000  0.00289      14.71811      1502.44421   
0.55835   14.82000  0.00289      14.71811      1245.89752   
0.55772   14.80000  0.00289      14.71811      804.80415    
0.55710   14.76000  0.00289      14.71811      210.61741    
0.55648   14.76000  0.00289      14.71811      210.61741    
0.55586   14.71000  0.00289      14.71811      7.88399      
0.55494   14.70000  0.00289      14.71811      39.33730     
0.55432   14.70000  0.00289      14.71811      39.33730     
0.55371   14.65000  0.00289      14.71811      556.60388    
0.55279   14.65000  0.00289      14.71811      556.60388    
0.55218   14.63000  0.00289      14.71811      931.51051    
0.55157   14.62000  0.00289      14.71811      1154.96383   
0.55096   14.62000  0.00289      14.71811      1154.96383   
0.55036   14.60000  0.00289      14.71811      1673.87046   
0.54975   14.60000  0.00289      14.71811      1673.87046   
0.54915   14.60000  0.00289      14.71811      1673.87046   
0.54855   14.56000  0.00289      14.71811      2999.68372   
0.54795   14.57000  0.00289      14.71811      2632.23040   
0.54735   14.54000  0.00289      14.71811      3806.59035   
0.54675   14.51000  0.00289      14.71811      5196.95029   
0.54615   14.50000  0.00289      14.71811      5708.40361   
0.54555   14.47000  0.00289      14.71811      7386.76356   
0.54466   14.45000  0.00289      14.71811      8625.67019   
0.54407   14.46000  0.00289      14.71811      7994.21687   
0.54377   14.42000  0.00289      14.71811      10664.03013  
0.54348   14.41000  0.00289      14.71811      11391.48345  
0.54318   14.41000  0.00289      14.71811      11391.48345  
0.54259   14.37000  0.00289      14.71811      14541.29671  
0.54201   14.36000  0.00289      14.71811      15388.75002  
0.54142   14.33000  0.00289      14.71811      18075.10997  
0.54083   14.31000  0.00289      14.71811      19986.01660  
0.54025   14.31000  0.00289      14.71811      19986.01660  
0.53967   14.26000  0.00289      14.71811      25183.28318  
0.53908   14.25000  0.00289      14.71811      26294.73649  
0.53879   14.26000  0.00289      14.71811      25183.28318  
0.53792   14.21000  0.00289      14.71811      30980.54975  
0.53706   14.19000  0.00289      14.71811      33467.45638  
0.53619   14.16000  0.00289      14.71811      37377.81633  
0.53533   14.15000  0.00289      14.71811      38729.26965  
0.53476   14.14000  0.00289      14.71811      40104.72296  
0.53419   14.12000  0.00289      14.71811      42927.62959  
0.53362   14.12000  0.00289      14.71811      42927.62959  
0.53305   14.11000  0.00289      14.71811      44375.08291  
0.53220   14.08000  0.00289      14.71811      48861.44285  
0.53163   14.09000  0.00289      14.71811      47341.98954  
0.53107   14.05000  0.00289      14.71811      53563.80280  
0.53079   14.05000  0.00289      14.71811      53563.80280  
0.53079   14.05000  0.00289      14.71811      53563.80280  
0.53050   14.02000  0.00289      14.71811      58482.16274  
0.53050   14.03000  0.00289      14.71811      56818.70943  
0.53050   14.04000  0.00289      14.71811      55179.25611  
0.52910   13.99000  0.00289      14.71811      63616.52269  
0.52770   13.98000  0.00289      14.71811      65375.97601  
0.52715   13.95000  0.00289      14.71811      70798.33595  
0.52659   13.93000  0.00289      14.71811      74533.24258  
0.52604   13.91000  0.00289      14.71811      78364.14921  
0.52521   13.88000  0.00289      14.71811      84290.50916  
0.52438   13.86000  0.00289      14.71811      88361.41579  
0.52329   13.83000  0.00289      14.71811      94647.77573  
0.52274   13.79000  0.00289      14.71811      103365.58900 
0.52219   13.78000  0.00289      14.71811      105605.04231 
0.52110   13.75000  0.00289      14.71811      112467.40226 
0.52002   13.72000  0.00289      14.71811      119545.76220 
0.51948   13.71000  0.00289      14.71811      121953.21552 
0.51867   13.69000  0.00289      14.71811      126840.12215 
0.51813   13.68000  0.00289      14.71811      129319.57546 
0.51760   13.67000  0.00289      14.71811      131823.02878 
0.51680   13.63000  0.00289      14.71811      142076.84204 
0.51573   13.64000  0.00289      14.71811      139477.38873 
0.51520   13.62000  0.00289      14.71811      144700.29536 
0.51520   13.61000  0.00289      14.71811      147347.74867 
0.51493   13.62000  0.00289      14.71811      144700.29536 
0.51493   13.59000  0.00289      14.71811      152714.65530 
0.51440   13.59000  0.00289      14.71811      152714.65530 
0.51387   13.58000  0.00289      14.71811      155434.10862 
0.51361   13.56000  0.00289      14.71811      160945.01525 
0.51361   13.56000  0.00289      14.71811      160945.01525 
0.51308   13.56000  0.00289      14.71811      160945.01525 
0.51256   13.53000  0.00289      14.71811      169391.37519 
0.51230   13.53000  0.00289      14.71811      169391.37519 
0.51151   13.50000  0.00289      14.71811      178053.73514 
0.51099   13.48000  0.00289      14.71811      183948.64177 
0.51046   13.47000  0.00289      14.71811      186932.09509 
0.50994   13.44000  0.00289      14.71811      196026.45503 
0.50916   13.43000  0.00289      14.71811      199105.90835 
0.50839   13.41000  0.00289      14.71811      205336.81498 
0.50761   13.39000  0.00289      14.71811      211663.72161 
0.50710   13.38000  0.00289      14.71811      214863.17492 
0.50633   13.35000  0.00289      14.71811      224605.53487 
0.50505   13.33000  0.00289      14.71811      231220.44150 
0.50352   13.29000  0.00289      14.71811      244738.25476 
0.50226   13.25000  0.00289      14.71811      258640.06802 
0.50075   13.20000  0.00289      14.71811      276557.33460 
0.49925   13.15000  0.00289      14.71811      295074.60117 
0.49850   13.13000  0.00289      14.71811      302649.50781 
0.49776   13.14000  0.00289      14.71811      298850.05449 
0.49727   13.12000  0.00289      14.71811      306472.96112 
0.49702   13.11000  0.00289      14.71811      310320.41444 
0.49652   13.11000  0.00289      14.71811      310320.41444 
0.49628   13.08000  0.00289      14.71811      322006.77438 
0.49579   13.07000  0.00289      14.71811      325950.22770 
0.49554   13.07000  0.00289      14.71811      325950.22770 
0.49529   13.05000  0.00289      14.71811      333909.13433 
0.49480   13.05000  0.00289      14.71811      333909.13433 
0.49432   13.02000  0.00289      14.71811      346027.49427 
0.49383   13.01000  0.00289      14.71811      350114.94759 
0.49334   12.99000  0.00289      14.71811      358361.85422 
0.49285   12.96000  0.00289      14.71811      370912.21416 
0.49261   12.96000  0.00289      14.71811      370912.21416 
0.49188   12.94000  0.00289      14.71811      379399.12080 
0.49092   12.90000  0.00289      14.71811      396660.93406 
0.49044   12.89000  0.00289      14.71811      401036.38737 
0.48996   12.87000  0.00289      14.71811      409859.29400 
0.48972   12.85000  0.00289      14.71811      418778.20063 
0.48948   12.86000  0.00289      14.71811      414306.74732 
0.48924   12.83000  0.00289      14.71811      427793.10726 
0.48852   12.83000  0.00289      14.71811      427793.10726 
0.48780   12.81000  0.00289      14.71811      436904.01389 
0.48733   12.78000  0.00289      14.71811      450750.37384 
0.48709   12.78000  0.00289      14.71811      450750.37384 
0.48662   12.77000  0.00289      14.71811      455413.82716 
0.48614   12.75000  0.00289      14.71811      464812.73379 
0.48544   12.74000  0.00289      14.71811      469548.18710 
0.48473   12.71000  0.00289      14.71811      483898.54705 
0.48426   12.72000  0.00289      14.71811      479091.09373 
0.48356   12.71000  0.00289      14.71811      483898.54705 
0.48286   12.69000  0.00289      14.71811      493585.45368 
0.48239   12.69000  0.00289      14.71811      493585.45368 
0.48170   12.67000  0.00289      14.71811      503368.36031 
0.48100   12.64000  0.00289      14.71811      518222.72025 
0.48031   12.63000  0.00289      14.71811      523222.17357 
0.48008   12.62000  0.00289      14.71811      528245.62688 
0.47985   12.61000  0.00289      14.71811      533293.08020 
0.47939   12.61000  0.00289      14.71811      533293.08020 
0.47893   12.57000  0.00289      14.71811      553722.89346 
0.47824   12.55000  0.00289      14.71811      564081.80009 
0.47733   12.54000  0.00289      14.71811      569297.25341 
0.47664   12.49000  0.00289      14.71811      595734.51998 
0.47642   12.50000  0.00289      14.71811      590399.06667 
0.47619   12.48000  0.00289      14.71811      601093.97330 
0.47574   12.47000  0.00289      14.71811      606477.42661 
0.47506   12.46000  0.00289      14.71811      611884.87993 
0.47438   12.43000  0.00289      14.71811      628251.23988 
0.47393   12.42000  0.00289      14.71811      633754.69319 
0.47304   12.40000  0.00289      14.71811      644833.59982 
0.47237   12.37000  0.00289      14.71811      661631.95977 
0.47170   12.36000  0.00289      14.71811      667279.41308 
0.47103   12.33000  0.00289      14.71811      684365.77303 
0.47081   12.32000  0.00289      14.71811      690109.22634 
0.47059   12.32000  0.00289      14.71811      690109.22634 
0.47015   12.29000  0.00289      14.71811      707483.58629 
0.46970   12.30000  0.00289      14.71811      701668.13297 
0.46926   12.29000  0.00289      14.71811      707483.58629 
0.46860   12.26000  0.00289      14.71811      725073.94624 
0.46816   12.26000  0.00289      14.71811      725073.94624 
0.46751   12.25000  0.00289      14.71811      730985.39955 
0.46685   12.25000  0.00289      14.71811      730985.39955 
0.46598   12.24000  0.00289      14.71811      736920.85287 
0.46555   12.21000  0.00289      14.71811      754871.21281 
0.46490   12.20000  0.00289      14.71811      760902.66613 
0.46447   12.19000  0.00289      14.71811      766958.11944 
0.46425   12.16000  0.00289      14.71811      785268.47939 
0.46361   12.15000  0.00289      14.71811      791419.93270 
0.46296   12.13000  0.00289      14.71811      803794.83933 
0.46232   12.11000  0.00289      14.71811      816265.74596 
0.46168   12.10000  0.00289      14.71811      822537.19928 
0.46104   12.06000  0.00289      14.71811      847863.01254 
0.46062   12.05000  0.00289      14.71811      854254.46586 
0.46019   12.05000  0.00289      14.71811      854254.46586 
0.45977   12.01000  0.00289      14.71811      880060.27912 
0.45872   12.00000  0.00289      14.71811      886571.73243 
0.45809   11.98000  0.00289      14.71811      899666.63906 
0.45767   11.95000  0.00289      14.71811      919488.99901 
0.45746   11.96000  0.00289      14.71811      912857.54569 
0.45683   11.92000  0.00289      14.71811      939527.35896 
0.45620   11.92000  0.00289      14.71811      939527.35896 
0.45537   11.90000  0.00289      14.71811      953006.26559 
0.45434   11.84000  0.00289      14.71811      994018.98548 
0.45351   11.83000  0.00289      14.71811      1000938.43879
0.45310   11.82000  0.00289      14.71811      1007881.89211
0.45228   11.80000  0.00289      14.71811      1021840.79874
0.45147   11.79000  0.00289      14.71811      1028856.25205
0.45045   11.77000  0.00289      14.71811      1042959.15868
0.44984   11.75000  0.00289      14.71811      1057158.06532
0.44964   11.76000  0.00289      14.71811      1050046.61200
0.44903   11.73000  0.00289      14.71811      1071452.97195
0.44863   11.73000  0.00289      14.71811      1071452.97195
0.44823   11.72000  0.00289      14.71811      1078636.42526
0.44783   11.70000  0.00289      14.71811      1093075.33189
0.44743   11.70000  0.00289      14.71811      1093075.33189
0.44703   11.68000  0.00289      14.71811      1107610.23852
0.44683   11.67000  0.00289      14.71811      1114913.69184
0.44643   11.67000  0.00289      14.71811      1114913.69184
0.44603   11.67000  0.00289      14.71811      1114913.69184
0.44563   11.65000  0.00289      14.71811      1129592.59847
0.44484   11.63000  0.00289      14.71811      1144367.50510
0.44405   11.60000  0.00289      14.71811      1166709.86504
0.44385   11.59000  0.00289      14.71811      1174205.31836
0.44385   11.59000  0.00289      14.71811      1174205.31836
0.44366   11.58000  0.00289      14.71811      1181724.77168
0.44267   11.53000  0.00289      14.71811      1219682.03825
0.44189   11.49000  0.00289      14.71811      1250479.85151
0.44170   11.50000  0.00289      14.71811      1242744.39820
0.44111   11.50000  0.00289      14.71811      1242744.39820
0.44014   11.46000  0.00289      14.71811      1273830.21146
0.43937   11.44000  0.00289      14.71811      1289517.11809
0.43898   11.42000  0.00289      14.71811      1305300.02472
0.43860   11.41000  0.00289      14.71811      1313227.47804
0.43840   11.41000  0.00289      14.71811      1313227.47804
0.43802   11.38000  0.00289      14.71811      1337153.83798
0.43725   11.38000  0.00289      14.71811      1337153.83798
0.43649   11.37000  0.00289      14.71811      1345177.29130
0.43592   11.34000  0.00289      14.71811      1369391.65124
0.43535   11.33000  0.00289      14.71811      1377511.10456
0.43478   11.32000  0.00289      14.71811      1385654.55787
0.43422   11.32000  0.00289      14.71811      1385654.55787
0.43384   11.31000  0.00289      14.71811      1393822.01119
0.43346   11.30000  0.00289      14.71811      1402013.46450
0.43290   11.29000  0.00289      14.71811      1410228.91782
0.43253   11.29000  0.00289      14.71811      1410228.91782
0.43253   11.27000  0.00289      14.71811      1426731.82445
0.43234   11.27000  0.00289      14.71811      1426731.82445
0.43178   11.25000  0.00289      14.71811      1443330.73108
0.43122   11.24000  0.00289      14.71811      1451666.18440
0.43103   11.23000  0.00289      14.71811      1460025.63771
0.43103   11.21000  0.00289      14.71811      1476816.54434
0.43085   11.21000  0.00289      14.71811      1476816.54434
0.43029   11.20000  0.00289      14.71811      1485247.99766
0.42937   11.16000  0.00289      14.71811      1519213.81092
0.42863   11.15000  0.00289      14.71811      1527765.26423
0.42790   11.13000  0.00289      14.71811      1544940.17086
0.42717   11.10000  0.00289      14.71811      1570882.53081
0.42699   11.10000  0.00289      14.71811      1570882.53081
0.42680   11.08000  0.00289      14.71811      1588297.43744
0.42644   11.06000  0.00289      14.71811      1605808.34407
0.42571   11.05000  0.00289      14.71811      1614599.79739
0.42481   11.02000  0.00289      14.71811      1641118.15733
0.42427   11.02000  0.00289      14.71811      1641118.15733
0.42409   11.01000  0.00289      14.71811      1650005.61065
0.42355   10.98000  0.00289      14.71811      1676811.97059
0.42248   10.96000  0.00289      14.71811      1694802.87722
0.42176   10.92000  0.00289      14.71811      1731072.69048
0.42105   10.91000  0.00289      14.71811      1740200.14380
0.42052   10.91000  0.00289      14.71811      1740200.14380
0.41999   10.87000  0.00289      14.71811      1776949.95706
0.41929   10.86000  0.00289      14.71811      1786197.41038
0.41859   10.87000  0.00289      14.71811      1776949.95706
0.41771   10.84000  0.00289      14.71811      1804764.31701
0.41701   10.83000  0.00289      14.71811      1814083.77032
0.41649   10.82000  0.00289      14.71811      1823427.22364
0.41580   10.81000  0.00289      14.71811      1832794.67695
0.41545   10.82000  0.00289      14.71811      1823427.22364
0.41494   10.78000  0.00289      14.71811      1861041.03690
0.41459   10.77000  0.00289      14.71811      1870504.49021
0.41425   10.77000  0.00289      14.71811      1870504.49021
0.41391   10.73000  0.00289      14.71811      1908598.30347
0.41339   10.73000  0.00289      14.71811      1908598.30347
0.41271   10.70000  0.00289      14.71811      1937420.66342
0.41220   10.70000  0.00289      14.71811      1937420.66342
0.41203   10.70000  0.00289      14.71811      1937420.66342
0.41169   10.67000  0.00289      14.71811      1966459.02337
0.41118   10.65000  0.00289      14.71811      1985937.93000
0.41034   10.64000  0.00289      14.71811      1995713.38331
0.40967   10.60000  0.00289      14.71811      2035055.19657
0.40900   10.59000  0.00289      14.71811      2044950.64989
0.40850   10.57000  0.00289      14.71811      2064813.55652
0.40766   10.54000  0.00289      14.71811      2094787.91647
0.40667   10.51000  0.00289      14.71811      2124978.27641
0.40601   10.48000  0.00289      14.71811      2155384.63636
0.40535   10.47000  0.00289      14.71811      2165568.08967
0.40502   10.46000  0.00289      14.71811      2175775.54299
0.40469   10.44000  0.00289      14.71811      2196262.44962
0.40453   10.44000  0.00289      14.71811      2196262.44962
0.40388   10.42000  0.00289      14.71811      2216845.35625
0.40306   10.41000  0.00289      14.71811      2227172.80956
0.40241   10.40000  0.00289      14.71811      2237524.26288
0.40177   10.38000  0.00289      14.71811      2258299.16951
0.40096   10.38000  0.00289      14.71811      2258299.16951
0.40000   10.36000  0.00289      14.71811      2279170.07614
0.39888   10.32000  0.00289      14.71811      2321199.88940
0.39857   10.32000  0.00289      14.71811      2321199.88940
0.39825   10.31000  0.00289      14.71811      2331767.34272
0.39793   10.29000  0.00289      14.71811      2352974.24935
0.39761   10.28000  0.00289      14.71811      2363613.70266
0.39730   10.26000  0.00289      14.71811      2384964.60929
0.39683   10.25000  0.00289      14.71811      2395676.06261
0.39635   10.24000  0.00289      14.71811      2406411.51592
0.39573   10.22000  0.00289      14.71811      2427954.42255
0.39510   10.21000  0.00289      14.71811      2438761.87587
0.39432   10.18000  0.00289      14.71811      2471328.23582
0.39355   10.15000  0.00289      14.71811      2504110.59576
0.39293   10.14000  0.00289      14.71811      2515086.04908
0.39216   10.11000  0.00289      14.71811      2548156.40902
0.39170   10.10000  0.00289      14.71811      2559227.86234
0.39170   10.10000  0.00289      14.71811      2559227.86234
0.39124   10.07000  0.00289      14.71811      2592586.22228
0.39062   10.06000  0.00289      14.71811      2603753.67560
0.39032   10.04000  0.00289      14.71811      2626160.58223
0.39002   10.03000  0.00289      14.71811      2637400.03555
0.38895   10.02000  0.00289      14.71811      2648663.48886
0.38760   9.98000   0.00289      14.71811      2693957.30212
0.38685   9.97000   0.00289      14.71811      2705340.75544
0.38595   9.95000   0.00289      14.71811      2728179.66207
0.38506   9.93000   0.00289      14.71811      2751114.56870
0.38476   9.92000   0.00289      14.71811      2762618.02201
0.38462   9.92000   0.00289      14.71811      2762618.02201
0.38417   9.92000   0.00289      14.71811      2762618.02201
0.38373   9.89000   0.00289      14.71811      2797272.38196
0.38314   9.84000   0.00289      14.71811      2855509.64854
0.38270   9.85000   0.00289      14.71811      2843814.19522
0.38226   9.86000   0.00289      14.71811      2832142.74191
0.38183   9.83000   0.00289      14.71811      2867229.10185
0.38153   9.83000   0.00289      14.71811      2867229.10185
0.38124   9.82000   0.00289      14.71811      2878972.55517
0.38081   9.79000   0.00289      14.71811      2914346.91511
0.38023   9.78000   0.00289      14.71811      2926186.36843
0.37965   9.76000   0.00289      14.71811      2949937.27506
0.37936   9.75000   0.00289      14.71811      2961848.72837
0.37879   9.75000   0.00289      14.71811      2961848.72837
0.37836   9.72000   0.00289      14.71811      2997727.08832
0.37779   9.70000   0.00289      14.71811      3021765.99495
0.37750   9.69000   0.00289      14.71811      3033821.44827
0.37707   9.67000   0.00289      14.71811      3058004.35490
0.37679   9.66000   0.00289      14.71811      3070131.80821
0.37636   9.65000   0.00289      14.71811      3082283.26153
0.37608   9.64000   0.00289      14.71811      3094458.71484
0.37580   9.64000   0.00289      14.71811      3094458.71484
0.37523   9.60000   0.00289      14.71811      3143400.52810
0.37467   9.60000   0.00289      14.71811      3143400.52810
0.37425   9.59000   0.00289      14.71811      3155695.98142
0.37369   9.57000   0.00289      14.71811      3180358.88805
0.37300   9.54000   0.00289      14.71811      3217533.24799
0.37230   9.53000   0.00289      14.71811      3229972.70131
0.37161   9.51000   0.00289      14.71811      3254923.60794
0.37092   9.49000   0.00289      14.71811      3279970.51457
0.37051   9.47000   0.00289      14.71811      3305113.42120
0.37010   9.48000   0.00289      14.71811      3292529.96789
0.36955   9.47000   0.00289      14.71811      3305113.42120
0.36887   9.44000   0.00289      14.71811      3343007.78115
0.36819   9.45000   0.00289      14.71811      3330352.32783
0.36765   9.44000   0.00289      14.71811      3343007.78115
0.36724   9.42000   0.00289      14.71811      3368390.68778
0.36684   9.42000   0.00289      14.71811      3368390.68778
0.36643   9.39000   0.00289      14.71811      3406645.04772
0.36590   9.39000   0.00289      14.71811      3406645.04772
0.36536   9.39000   0.00289      14.71811      3406645.04772
0.36483   9.36000   0.00289      14.71811      3445115.40767
0.36443   9.35000   0.00289      14.71811      3457986.86099
0.36390   9.33000   0.00289      14.71811      3483801.76762
0.36337   9.31000   0.00289      14.71811      3509712.67425
0.36298   9.30000   0.00289      14.71811      3522704.12756
0.36258   9.29000   0.00289      14.71811      3535719.58088
0.36179   9.26000   0.00289      14.71811      3574909.94082
0.36075   9.24000   0.00289      14.71811      3601156.84745
0.36023   9.20000   0.00289      14.71811      3653938.66071
0.35997   9.20000   0.00289      14.71811      3653938.66071
0.35958   9.19000   0.00289      14.71811      3667194.11403
0.35920   9.17000   0.00289      14.71811      3693777.02066
0.35881   9.17000   0.00289      14.71811      3693777.02066
0.35829   9.15000   0.00289      14.71811      3720455.92729
0.35765   9.12000   0.00289      14.71811      3760654.28724
0.35714   9.11000   0.00289      14.71811      3774101.74055
0.35663   9.10000   0.00289      14.71811      3787573.19387
0.35625   9.08000   0.00289      14.71811      3814588.10050
0.35562   9.07000   0.00289      14.71811      3828131.55381
0.35461   9.02000   0.00289      14.71811      3896208.82039
0.35386   9.01000   0.00289      14.71811      3909896.27370

Gradi di liberta = 737
Chi-quadro = 937590161.732071
p-value = 0.0

Media pesata = 14.718105548037888 +/- 0.00010619086483530494

****************************************************************************************************
SERIE 35
****************************************************************************************************

Test ipotesi linearità_____________________________________
Covarianza = 0.36568
Indice Pearson = 0.99995 +/- 0.00038
Gradi di Liberta' = 737
	t = 2624.671426038679
	p-value (due code) = 0.0

Parametri___________________________________________________
y = a + bx
a = -1.24014 +/- 0.00616
b = 28.89574 +/- 0.01169

Test bontà fit _____________________________________________
x         y         sy           y*            Chi-quadro   
0.73421   19.99000  0.00289      19.97552      25.15052     
0.73368   19.98000  0.00289      19.95996      48.20452     
0.73368   19.97000  0.00289      19.95996      12.10237     
0.73314   19.96000  0.00289      19.94441      29.14767     
0.73260   19.95000  0.00289      19.92890      53.45044     
0.73206   19.93000  0.00289      19.91340      33.07550     
0.73153   19.94000  0.00289      19.89792      212.45193    
0.73153   19.91000  0.00289      19.89792      17.50105     
0.73099   19.91000  0.00289      19.88247      90.93697     
0.73046   19.92000  0.00289      19.86704      336.54017    
0.72993   19.90000  0.00289      19.85164      280.69207    
0.72993   19.89000  0.00289      19.85164      176.61787    
0.72939   19.86000  0.00289      19.83625      67.67883     
0.72886   19.86000  0.00289      19.82089      183.55371    
0.72886   19.87000  0.00289      19.82089      289.41839    
0.72833   19.85000  0.00289      19.80555      237.09321    
0.72780   19.84000  0.00289      19.79023      297.20824    
0.72674   19.82000  0.00289      19.75967      436.82614    
0.72569   19.78000  0.00289      19.72919      309.83406    
0.72516   19.77000  0.00289      19.71398      376.57652    
0.72516   19.76000  0.00289      19.71398      254.13072    
0.72464   19.75000  0.00289      19.69880      314.61251    
0.72411   19.72000  0.00289      19.68363      158.69299    
0.72359   19.72000  0.00289      19.66849      318.33929    
0.72307   19.69000  0.00289      19.65338      160.95744    
0.72254   19.68000  0.00289      19.63828      208.87102    
0.72202   19.66000  0.00289      19.62320      162.46530    
0.72150   19.64000  0.00289      19.60815      121.71538    
0.72098   19.63000  0.00289      19.59312      163.20915    
0.72098   19.62000  0.00289      19.59312      86.69904     
0.72046   19.61000  0.00289      19.57811      122.02722    
0.72046   19.60000  0.00289      19.57811      57.49418     
0.71994   19.58000  0.00289      19.56312      34.17881     
0.71942   19.56000  0.00289      19.54816      16.83106     
0.71891   19.55000  0.00289      19.53321      33.82024     
0.71839   19.54000  0.00289      19.51829      56.56587     
0.71839   19.52000  0.00289      19.51829      0.35144      
0.71788   19.49000  0.00289      19.50339      21.50444     
0.71788   19.49000  0.00289      19.50339      21.50444     
0.71736   19.48000  0.00289      19.48851      8.68248      
0.71685   19.47000  0.00289      19.47365      1.59596      
0.71633   19.46000  0.00289      19.45881      0.17024      
0.71582   19.46000  0.00289      19.44399      30.74998     
0.71582   19.45000  0.00289      19.44399      4.33125      
0.71531   19.45000  0.00289      19.42920      51.93340     
0.71480   19.44000  0.00289      19.41442      78.50620     
0.71480   19.43000  0.00289      19.41442      29.11974     
0.71429   19.42000  0.00289      19.39967      49.60172     
0.71378   19.41000  0.00289      19.38494      75.37941     
0.71327   19.40000  0.00289      19.37023      106.38135    
0.71327   19.40000  0.00289      19.37023      106.38135    
0.71276   19.39000  0.00289      19.35554      142.53665    
0.71276   19.38000  0.00289      19.35554      71.82172     
0.71225   19.37000  0.00289      19.34087      101.85368    
0.71174   19.37000  0.00289      19.32622      230.02620    
0.71124   19.36000  0.00289      19.31159      281.22121    
0.71073   19.34000  0.00289      19.29698      222.05125    
0.71023   19.32000  0.00289      19.28240      169.67483    
0.70972   19.31000  0.00289      19.26783      213.37624    
0.70922   19.29000  0.00289      19.25329      161.73785    
0.70922   19.28000  0.00289      19.25329      85.62760     
0.70872   19.26000  0.00289      19.23876      54.11945     
0.70822   19.26000  0.00289      19.22426      153.28282    
0.70771   19.25000  0.00289      19.20978      194.14750    
0.70721   19.23000  0.00289      19.19531      144.37038    
0.70671   19.21000  0.00289      19.18087      101.80975    
0.70621   19.20000  0.00289      19.16645      135.06569    
0.70572   19.17000  0.00289      19.15205      38.66622     
0.70522   19.16000  0.00289      19.13767      59.84297     
0.70472   19.14000  0.00289      19.12331      33.43508     
0.70423   19.12000  0.00289      19.10897      14.60604     
0.70373   19.11000  0.00289      19.09465      28.28509     
0.70323   19.09000  0.00289      19.08035      11.18154     
0.70274   19.08000  0.00289      19.06607      23.29538     
0.70274   19.07000  0.00289      19.06607      1.85621      
0.70225   19.05000  0.00289      19.05181      0.39184      
0.70126   19.03000  0.00289      19.02335      5.31137      
0.70028   19.00000  0.00289      18.99497      3.03993      
0.69979   18.99000  0.00289      18.98081      10.14245     
0.69930   18.98000  0.00289      18.96667      21.33554     
0.69881   18.97000  0.00289      18.95255      36.56033     
0.69832   18.96000  0.00289      18.93844      55.75842     
0.69784   18.95000  0.00289      18.92436      78.87181     
0.69686   18.93000  0.00289      18.89626      136.61481    
0.69686   18.93000  0.00289      18.89626      136.61481    
0.69638   18.92000  0.00289      18.88224      171.13064    
0.69589   18.91000  0.00289      18.86823      209.33424    
0.69541   18.90000  0.00289      18.85425      251.16980    
0.69493   18.88000  0.00289      18.84029      189.26752    
0.69444   18.86000  0.00289      18.82634      135.95212    
0.69396   18.85000  0.00289      18.81242      169.51116    
0.69348   18.83000  0.00289      18.79851      118.99859    
0.69300   18.82000  0.00289      18.78462      150.18685    
0.69252   18.80000  0.00289      18.77076      102.63184    
0.69204   18.79000  0.00289      18.75691      131.41992    
0.69156   18.78000  0.00289      18.74308      163.59262    
0.69061   18.75000  0.00289      18.71548      143.02586    
0.69013   18.74000  0.00289      18.70170      175.98673    
0.68966   18.71000  0.00289      18.68795      58.33710     
0.68918   18.69000  0.00289      18.67422      29.89116     
0.68871   18.68000  0.00289      18.66050      45.61973     
0.68823   18.65000  0.00289      18.64681      1.22424      
0.68776   18.63000  0.00289      18.63313      1.17453      
0.68681   18.62000  0.00289      18.60583      24.09436     
0.68634   18.60000  0.00289      18.59221      7.28402      
0.68587   18.58000  0.00289      18.57861      0.23301      
0.68540   18.56000  0.00289      18.56502      3.02735      
0.68493   18.54000  0.00289      18.55146      15.75308     
0.68446   18.54000  0.00289      18.53791      0.52370      
0.68399   18.53000  0.00289      18.52438      3.78627      
0.68399   18.51000  0.00289      18.52438      24.82401     
0.68353   18.50000  0.00289      18.51087      14.18738     
0.68306   18.49000  0.00289      18.49738      6.53953      
0.68259   18.49000  0.00289      18.48391      4.45140      
0.68213   18.48000  0.00289      18.47046      10.93262     
0.68166   18.47000  0.00289      18.45702      20.22043     
0.68120   18.47000  0.00289      18.44360      83.62621     
0.68120   18.46000  0.00289      18.44360      32.26961     
0.68074   18.45000  0.00289      18.43020      47.03529     
0.68027   18.44000  0.00289      18.41682      64.47296     
0.67981   18.42000  0.00289      18.40346      32.83725     
0.67935   18.41000  0.00289      18.39011      47.45922     
0.67889   18.41000  0.00289      18.37679      132.37828    
0.67843   18.39000  0.00289      18.36348      84.41236     
0.67751   18.37000  0.00289      18.33691      131.35841    
0.67705   18.35000  0.00289      18.32366      83.25646     
0.67659   18.34000  0.00289      18.31042      104.97466    
0.67613   18.32000  0.00289      18.29720      62.35675     
0.67568   18.31000  0.00289      18.28400      81.09825     
0.67522   18.30000  0.00289      18.27082      102.17388    
0.67476   18.29000  0.00289      18.25766      125.54304    
0.67431   18.27000  0.00289      18.24451      77.98368     
0.67385   18.26000  0.00289      18.23138      98.30798     
0.67340   18.24000  0.00289      18.21827      56.68602     
0.67340   18.23000  0.00289      18.21827      16.52349     
0.67295   18.22000  0.00289      18.20517      26.38746     
0.67249   18.20000  0.00289      18.19209      7.50010      
0.67204   18.19000  0.00289      18.17903      14.42788     
0.67159   18.18000  0.00289      18.16599      23.54288     
0.67114   18.17000  0.00289      18.15297      34.80684     
0.67114   18.15000  0.00289      18.15297      1.05775      
0.67069   18.14000  0.00289      18.13996      0.00017      
0.67024   18.13000  0.00289      18.12697      1.09967      
0.66979   18.11000  0.00289      18.11400      1.92083      
0.66934   18.08000  0.00289      18.10105      53.15352     
0.66890   18.08000  0.00289      18.08811      7.89077      
0.66845   18.07000  0.00289      18.07519      3.23118      
0.66800   18.05000  0.00289      18.06229      18.11462     
0.66756   18.05000  0.00289      18.04940      0.04307      
0.66711   18.04000  0.00289      18.03653      1.44271      
0.66667   18.03000  0.00289      18.02368      4.79078      
0.66622   18.03000  0.00289      18.01085      44.01807     
0.66622   18.02000  0.00289      18.01085      10.05213     
0.66578   18.01000  0.00289      17.99803      17.19192     
0.66534   18.00000  0.00289      17.98523      26.17561     
0.66489   17.99000  0.00289      17.97245      36.96896     
0.66445   17.99000  0.00289      17.95968      110.30100    
0.66401   17.97000  0.00289      17.94693      63.84920     
0.66357   17.96000  0.00289      17.93420      79.86910     
0.66269   17.95000  0.00289      17.90879      203.81216    
0.66225   17.93000  0.00289      17.89611      137.85217    
0.66181   17.92000  0.00289      17.88344      160.37943    
0.66138   17.91000  0.00289      17.87079      184.45308    
0.66094   17.89000  0.00289      17.85816      121.63239    
0.66050   17.87000  0.00289      17.84555      71.74573     
0.65963   17.86000  0.00289      17.82037      188.47032    
0.65920   17.84000  0.00289      17.80780      124.38394    
0.65876   17.83000  0.00289      17.79526      144.85151    
0.65833   17.81000  0.00289      17.78273      89.26989     
0.65789   17.79000  0.00289      17.77021      46.99665     
0.65746   17.78000  0.00289      17.75771      59.61302     
0.65703   17.75000  0.00289      17.74523      2.73106      
0.65617   17.74000  0.00289      17.72031      46.50372     
0.65574   17.72000  0.00289      17.70788      17.62411     
0.65531   17.70000  0.00289      17.69546      2.46869      
0.65445   17.68000  0.00289      17.67068      10.42464     
0.65359   17.66000  0.00289      17.64596      23.65643     
0.65317   17.64000  0.00289      17.63362      4.87893      
0.65274   17.63000  0.00289      17.62130      9.07452      
0.65274   17.61000  0.00289      17.62130      15.33356     
0.65232   17.60000  0.00289      17.60900      9.72075      
0.65147   17.59000  0.00289      17.58444      3.70803      
0.65104   17.57000  0.00289      17.57219      0.57323      
0.65062   17.56000  0.00289      17.55995      0.00035      
0.65020   17.55000  0.00289      17.54772      0.62258      
0.64935   17.54000  0.00289      17.52332      33.37700     
0.64893   17.54000  0.00289      17.51115      99.90461     
0.64851   17.52000  0.00289      17.49899      52.99114     
0.64809   17.51000  0.00289      17.48684      64.35915     
0.64725   17.50000  0.00289      17.46260      167.85812    
0.64683   17.48000  0.00289      17.45050      104.41779    
0.64641   17.48000  0.00289      17.43842      207.46898    
0.64599   17.46000  0.00289      17.42635      135.84960    
0.64516   17.44000  0.00289      17.40227      170.84627    
0.64475   17.43000  0.00289      17.39025      189.62474    
0.64392   17.40000  0.00289      17.36626      136.64365    
0.64350   17.39000  0.00289      17.35428      153.09148    
0.64350   17.38000  0.00289      17.35428      79.36872     
0.64309   17.36000  0.00289      17.34232      37.49141     
0.64267   17.36000  0.00289      17.33038      105.26786    
0.64226   17.35000  0.00289      17.31845      119.41215    
0.64185   17.34000  0.00289      17.30654      134.32478    
0.64144   17.33000  0.00289      17.29465      149.98493    
0.64144   17.31000  0.00289      17.29465      28.28783     
0.64103   17.30000  0.00289      17.28277      35.64476     
0.64061   17.29000  0.00289      17.27090      43.78129     
0.63980   17.27000  0.00289      17.24721      62.31213     
0.63939   17.26000  0.00289      17.23539      72.66648     
0.63898   17.24000  0.00289      17.22359      32.32821     
0.63898   17.23000  0.00289      17.22359      4.93590      
0.63857   17.22000  0.00289      17.21180      8.07636      
0.63816   17.20000  0.00289      17.20002      0.00005      
0.63776   17.19000  0.00289      17.18826      0.36309      
0.63694   17.17000  0.00289      17.16478      3.26374      
0.63694   17.15000  0.00289      17.16478      26.23101     
0.63654   17.15000  0.00289      17.15307      1.13057      
0.63654   17.14000  0.00289      17.15307      20.49719     
0.63613   17.13000  0.00289      17.14137      15.51025     
0.63532   17.12000  0.00289      17.11801      0.47403      
0.63492   17.10000  0.00289      17.10636      4.84862      
0.63452   17.10000  0.00289      17.09472      3.35134      
0.63412   17.09000  0.00289      17.08309      5.73158      
0.63331   17.08000  0.00289      17.05988      48.57651     
0.63331   17.08000  0.00289      17.05988      48.57651     
0.63291   17.07000  0.00289      17.04830      56.51743     
0.63251   17.06000  0.00289      17.03673      64.97738     
0.63211   17.05000  0.00289      17.02518      73.93997     
0.63171   17.04000  0.00289      17.01364      83.38905     
0.63131   17.04000  0.00289      17.00212      172.23256    
0.63091   17.03000  0.00289      16.99061      186.22917    
0.63052   17.02000  0.00289      16.97911      200.63006    
0.63012   17.01000  0.00289      16.96763      215.41988    
0.62972   17.00000  0.00289      16.95616      230.58348    
0.62933   16.98000  0.00289      16.94471      149.41789    
0.62893   16.97000  0.00289      16.93328      161.83550    
0.62854   16.95000  0.00289      16.92185      95.06589     
0.62814   16.94000  0.00289      16.91045      104.81705    
0.62775   16.93000  0.00289      16.89905      114.93778    
0.62735   16.91000  0.00289      16.88767      59.82611     
0.62657   16.90000  0.00289      16.86496      147.37669    
0.62617   16.89000  0.00289      16.85362      158.83589    
0.62578   16.87000  0.00289      16.84230      92.10481     
0.62500   16.85000  0.00289      16.81969      110.22581    
0.62461   16.83000  0.00289      16.80841      55.92455     
0.62383   16.81000  0.00289      16.78589      69.73413     
0.62344   16.79000  0.00289      16.77466      28.25467     
0.62267   16.77000  0.00289      16.75222      37.93085     
0.62228   16.75000  0.00289      16.74102      9.66645      
0.62189   16.74000  0.00289      16.72984      12.38096     
0.62150   16.73000  0.00289      16.71867      15.39316     
0.62112   16.71000  0.00289      16.70752      0.73832      
0.62073   16.69000  0.00289      16.69638      4.88276      
0.62035   16.68000  0.00289      16.68525      3.30998      
0.61996   16.68000  0.00289      16.67414      4.12231      
0.61958   16.66000  0.00289      16.66304      1.10869      
0.61920   16.65000  0.00289      16.65195      0.45818      
0.61881   16.64000  0.00289      16.64088      0.09339      
0.61843   16.63000  0.00289      16.62982      0.00372      
0.61767   16.62000  0.00289      16.60775      18.01128     
0.61728   16.61000  0.00289      16.59673      21.12639     
0.61652   16.61000  0.00289      16.57474      149.21061    
0.61652   16.60000  0.00289      16.57474      76.58136     
0.61614   16.59000  0.00289      16.56376      82.61632     
0.61576   16.58000  0.00289      16.55280      88.79187     
0.61538   16.58000  0.00289      16.54185      174.66167    
0.61501   16.57000  0.00289      16.53091      183.33741    
0.61501   16.57000  0.00289      16.53091      183.33741    
0.61463   16.55000  0.00289      16.51999      108.07075    
0.61387   16.54000  0.00289      16.49819      209.81707    
0.61350   16.52000  0.00289      16.48730      128.29273    
0.61312   16.51000  0.00289      16.47643      135.20321    
0.61237   16.49000  0.00289      16.45474      149.22977    
0.61200   16.48000  0.00289      16.44391      156.33001    
0.61162   16.46000  0.00289      16.43309      86.89495     
0.61087   16.45000  0.00289      16.41150      177.88650    
0.61050   16.44000  0.00289      16.40072      185.13252    
0.61013   16.43000  0.00289      16.38996      192.39680    
0.61013   16.42000  0.00289      16.38996      108.29765    
0.60976   16.41000  0.00289      16.37921      113.77305    
0.60901   16.39000  0.00289      16.35775      124.82467    
0.60790   16.35000  0.00289      16.32565      71.12521     
0.60716   16.32000  0.00289      16.30432      29.48955     
0.60643   16.31000  0.00289      16.28304      87.19003     
0.60606   16.29000  0.00289      16.27242      37.06706     
0.60569   16.27000  0.00289      16.26182      8.03455      
0.60496   16.26000  0.00289      16.24064      44.97053     
0.60459   16.24000  0.00289      16.23007      11.82632     
0.60423   16.23000  0.00289      16.21952      13.18818     
0.60386   16.21000  0.00289      16.20897      0.12648      
0.60314   16.18000  0.00289      16.18792      7.53657      
0.60241   16.17000  0.00289      16.16693      1.13300      
0.60168   16.16000  0.00289      16.14598      23.58680     
0.60132   16.15000  0.00289      16.13553      25.14148     
0.60060   16.15000  0.00289      16.11465      149.92260    
0.60024   16.13000  0.00289      16.10424      79.64948     
0.59952   16.12000  0.00289      16.08344      160.39499    
0.59916   16.12000  0.00289      16.07306      264.39799    
0.59880   16.11000  0.00289      16.06269      268.55073    
0.59844   16.10000  0.00289      16.05234      272.59386    
0.59809   16.09000  0.00289      16.04200      276.52449    
0.59737   16.08000  0.00289      16.02135      412.80093    
0.59701   16.07000  0.00289      16.01104      417.11061    
0.59630   16.04000  0.00289      15.99047      294.39619    
0.59595   16.03000  0.00289      15.98020      297.59710    
0.59559   16.03000  0.00289      15.96994      432.80196    
0.59524   16.01000  0.00289      15.95970      303.60798    
0.59488   16.00000  0.00289      15.94947      306.41406    
0.59453   15.98000  0.00289      15.93925      199.28142    
0.59382   15.96000  0.00289      15.91885      203.24317    
0.59382   15.95000  0.00289      15.91885      116.47236    
0.59347   15.94000  0.00289      15.90866      117.84752    
0.59312   15.93000  0.00289      15.89849      119.13938    
0.59277   15.91000  0.00289      15.88833      56.34242     
0.59242   15.89000  0.00289      15.87818      16.75305     
0.59172   15.88000  0.00289      15.85793      58.47133     
0.59137   15.87000  0.00289      15.84781      59.06202     
0.59102   15.84000  0.00289      15.83772      0.62626      
0.59032   15.83000  0.00289      15.81755      18.59205     
0.58997   15.80000  0.00289      15.80749      6.73062      
0.58928   15.78000  0.00289      15.78740      6.56717      
0.58858   15.75000  0.00289      15.76735      36.13743     
0.58754   15.71000  0.00289      15.73738      89.93065     
0.58720   15.68000  0.00289      15.72741      269.68392    
0.58685   15.67000  0.00289      15.71745      270.16788    
0.58617   15.66000  0.00289      15.69757      169.37125    
0.58548   15.64000  0.00289      15.67774      170.87686    
0.58480   15.63000  0.00289      15.65795      93.73480     
0.58411   15.61000  0.00289      15.63821      95.48174     
0.58343   15.61000  0.00289      15.61851      8.69680      
0.58309   15.60000  0.00289      15.60868      9.04736      
0.58241   15.60000  0.00289      15.58906      14.36960     
0.58207   15.59000  0.00289      15.57926      13.83834     
0.58173   15.58000  0.00289      15.56948      13.28829     
0.58106   15.57000  0.00289      15.54994      48.27792     
0.58072   15.56000  0.00289      15.54019      47.08357     
0.58038   15.56000  0.00289      15.53045      104.76430    
0.57971   15.55000  0.00289      15.51101      182.43905    
0.57870   15.50000  0.00289      15.48193      39.19692     
0.57803   15.48000  0.00289      15.46259      36.35244     
0.57770   15.45000  0.00289      15.45295      1.04128      
0.57703   15.43000  0.00289      15.43368      1.62577      
0.57670   15.41000  0.00289      15.42406      23.73874     
0.57637   15.39000  0.00289      15.41446      71.79629     
0.57571   15.38000  0.00289      15.39528      28.03184     
0.57537   15.36000  0.00289      15.38571      79.33495     
0.57471   15.33000  0.00289      15.36660      160.76620    
0.57438   15.31000  0.00289      15.35706      265.79719    
0.57372   15.28000  0.00289      15.33802      403.94624    
0.57307   15.24000  0.00289      15.31902      749.26821    
0.57241   15.24000  0.00289      15.30006      432.88041    
0.57176   15.23000  0.00289      15.28115      313.92444    
0.57110   15.21000  0.00289      15.26228      327.94011    
0.57045   15.18000  0.00289      15.24345      483.09131    
0.56948   15.17000  0.00289      15.21529      246.11871    
0.56883   15.15000  0.00289      15.19657      260.22073    
0.56850   15.14000  0.00289      15.18722      267.59995    
0.56786   15.13000  0.00289      15.16857      178.48045    
0.56689   15.12000  0.00289      15.14066      51.22047     
0.56625   15.08000  0.00289      15.12211      212.77746    
0.56561   15.08000  0.00289      15.10360      66.83179     
0.56497   15.08000  0.00289      15.08513      3.16036      
0.56433   15.05000  0.00289      15.06671      33.49114     
0.56370   15.05000  0.00289      15.04832      0.33796      
0.56338   15.05000  0.00289      15.03915      14.13920     
0.56275   15.01000  0.00289      15.02082      14.05644     
0.56211   15.01000  0.00289      15.00254      6.67468      
0.56180   14.99000  0.00289      14.99342      1.40099      
0.56148   14.96000  0.00289      14.98430      70.87048     
0.56085   14.94000  0.00289      14.96610      81.76375     
0.56022   14.89000  0.00289      14.94794      402.91061    
0.55991   14.89000  0.00289      14.93888      286.72017    
0.55928   14.87000  0.00289      14.92078      309.47541    
0.55897   14.83000  0.00289      14.91175      801.96713    
0.55835   14.82000  0.00289      14.89371      652.03716    
0.55772   14.80000  0.00289      14.87572      687.96323    
0.55710   14.76000  0.00289      14.85776      1146.85065   
0.55648   14.76000  0.00289      14.83984      765.00663    
0.55586   14.71000  0.00289      14.82197      1504.40272   
0.55494   14.70000  0.00289      14.79523      1088.17915   
0.55432   14.70000  0.00289      14.77745      719.80751    
0.55371   14.65000  0.00289      14.75971      1444.38341   
0.55279   14.65000  0.00289      14.73318      830.21674    
0.55218   14.63000  0.00289      14.71554      877.98991    
0.55157   14.62000  0.00289      14.69794      728.87515    
0.55096   14.62000  0.00289      14.68037      437.38775    
0.55036   14.60000  0.00289      14.66285      474.00008    
0.54975   14.60000  0.00289      14.64536      246.94282    
0.54915   14.60000  0.00289      14.62792      93.52033     
0.54855   14.56000  0.00289      14.61051      306.12525    
0.54795   14.57000  0.00289      14.59314      64.24005     
0.54735   14.54000  0.00289      14.57580      153.83749    
0.54675   14.51000  0.00289      14.55851      282.38751    
0.54615   14.50000  0.00289      14.54125      204.21954    
0.54555   14.47000  0.00289      14.52403      350.36124    
0.54466   14.45000  0.00289      14.49828      279.66374    
0.54407   14.46000  0.00289      14.48115      53.67861     
0.54377   14.42000  0.00289      14.47260      332.02579    
0.54348   14.41000  0.00289      14.46406      350.71905    
0.54318   14.41000  0.00289      14.45553      248.77259    
0.54259   14.37000  0.00289      14.43850      563.04725    
0.54201   14.36000  0.00289      14.42150      453.91130    
0.54142   14.33000  0.00289      14.40454      666.81314    
0.54083   14.31000  0.00289      14.38762      723.01100    
0.54025   14.31000  0.00289      14.37074      442.65917    
0.53967   14.26000  0.00289      14.35389      1057.75888   
0.53908   14.25000  0.00289      14.33707      909.81399    
0.53879   14.26000  0.00289      14.32868      566.04197    
0.53792   14.21000  0.00289      14.30356      1050.32755   
0.53706   14.19000  0.00289      14.27851      940.13486    
0.53619   14.16000  0.00289      14.25355      1050.18069   
0.53533   14.15000  0.00289      14.22867      742.61354    
0.53476   14.14000  0.00289      14.21212      624.19852    
0.53419   14.12000  0.00289      14.19561      686.09114    
0.53362   14.12000  0.00289      14.17914      419.70574    
0.53305   14.11000  0.00289      14.16270      333.29505    
0.53220   14.08000  0.00289      14.13811      405.20584    
0.53163   14.09000  0.00289      14.12176      121.03125    
0.53107   14.05000  0.00289      14.10544      368.85721    
0.53079   14.05000  0.00289      14.09730      268.43776    
0.53079   14.05000  0.00289      14.09730      268.43776    
0.53050   14.02000  0.00289      14.08916      573.97539    
0.53050   14.03000  0.00289      14.08916      419.99100    
0.53050   14.04000  0.00289      14.08916      290.00661    
0.52910   13.99000  0.00289      14.04861      412.16591    
0.52770   13.98000  0.00289      14.00827      95.88103     
0.52715   13.95000  0.00289      13.99219      213.60355    
0.52659   13.93000  0.00289      13.97615      255.55564    
0.52604   13.91000  0.00289      13.96014      301.67265    
0.52521   13.88000  0.00289      13.93619      378.86671    
0.52438   13.86000  0.00289      13.91231      328.41679    
0.52329   13.83000  0.00289      13.88060      307.22140    
0.52274   13.79000  0.00289      13.86479      671.22165    
0.52219   13.78000  0.00289      13.84901      571.55865    
0.52110   13.75000  0.00289      13.81756      547.75943    
0.52002   13.72000  0.00289      13.78624      526.54441    
0.51948   13.71000  0.00289      13.77063      441.10758    
0.51867   13.69000  0.00289      13.74727      393.61204    
0.51813   13.68000  0.00289      13.73174      321.25770    
0.51760   13.67000  0.00289      13.71624      256.60218    
0.51680   13.63000  0.00289      13.69305      477.09861    
0.51573   13.64000  0.00289      13.66225      59.39757     
0.51520   13.62000  0.00289      13.64689      86.78649     
0.51520   13.61000  0.00289      13.64689      163.32912    
0.51493   13.62000  0.00289      13.63923      44.36101     
0.51493   13.59000  0.00289      13.63923      290.79495    
0.51440   13.59000  0.00289      13.62392      138.05936    
0.51387   13.58000  0.00289      13.60864      98.44654     
0.51361   13.56000  0.00289      13.60102      201.87666    
0.51361   13.56000  0.00289      13.60102      201.87666    
0.51308   13.56000  0.00289      13.58579      79.79264     
0.51256   13.53000  0.00289      13.57059      197.68743    
0.51230   13.53000  0.00289      13.56300      130.68516    
0.51151   13.50000  0.00289      13.54028      194.74410    
0.51099   13.48000  0.00289      13.52518      244.94397    
0.51046   13.47000  0.00289      13.51011      193.01213    
0.50994   13.44000  0.00289      13.49506      363.81479    
0.50916   13.43000  0.00289      13.47255      217.29850    
0.50839   13.41000  0.00289      13.45011      193.10025    
0.50761   13.39000  0.00289      13.42774      170.94856    
0.50710   13.38000  0.00289      13.41287      129.63145    
0.50633   13.35000  0.00289      13.39061      197.89678    
0.50505   13.33000  0.00289      13.35366      67.19396     
0.50352   13.29000  0.00289      13.30957      45.97324     
0.50226   13.25000  0.00289      13.27303      63.67051     
0.50075   13.20000  0.00289      13.22943      103.93177    
0.49925   13.15000  0.00289      13.18609      156.26254    
0.49850   13.13000  0.00289      13.16451      142.92291    
0.49776   13.14000  0.00289      13.14300      1.08074      
0.49727   13.12000  0.00289      13.12870      9.07562      
0.49702   13.11000  0.00289      13.12155      16.02214     
0.49652   13.11000  0.00289      13.10729      0.87926      
0.49628   13.08000  0.00289      13.10017      48.83307     
0.49579   13.07000  0.00289      13.08595      30.54116     
0.49554   13.07000  0.00289      13.07885      9.40763      
0.49529   13.05000  0.00289      13.07176      56.83057     
0.49480   13.05000  0.00289      13.05760      6.92917      
0.49432   13.02000  0.00289      13.04346      66.06541     
0.49383   13.01000  0.00289      13.02936      44.96057     
0.49334   12.99000  0.00289      13.01528      76.67123     
0.49285   12.96000  0.00289      13.00123      203.94336    
0.49261   12.96000  0.00289      12.99421      140.43790    
0.49188   12.94000  0.00289      12.97320      132.30809    
0.49092   12.90000  0.00289      12.94529      246.19181    
0.49044   12.89000  0.00289      12.93138      205.48111    
0.48996   12.87000  0.00289      12.91749      270.67724    
0.48972   12.85000  0.00289      12.91056      440.10739    
0.48948   12.86000  0.00289      12.90363      228.47072    
0.48924   12.83000  0.00289      12.89671      534.09583    
0.48852   12.83000  0.00289      12.87600      253.87475    
0.48780   12.81000  0.00289      12.85534      246.66558    
0.48733   12.78000  0.00289      12.84160      455.34497    
0.48709   12.78000  0.00289      12.83474      359.58588    
0.48662   12.77000  0.00289      12.82104      312.64114    
0.48614   12.75000  0.00289      12.80737      394.97196    
0.48544   12.74000  0.00289      12.78691      264.10479    
0.48473   12.71000  0.00289      12.76652      383.27910    
0.48426   12.72000  0.00289      12.75295      130.28151    
0.48356   12.71000  0.00289      12.73265      61.56372     
0.48286   12.69000  0.00289      12.71241      60.26250     
0.48239   12.69000  0.00289      12.69895      9.60869      
0.48170   12.67000  0.00289      12.67881      9.30363      
0.48100   12.64000  0.00289      12.65872      42.05288     
0.48031   12.63000  0.00289      12.63869      9.06794      
0.48008   12.62000  0.00289      12.63203      17.36643     
0.47985   12.61000  0.00289      12.62537      28.36119     
0.47939   12.61000  0.00289      12.61208      0.51896      
0.47893   12.57000  0.00289      12.59881      99.60999     
0.47824   12.55000  0.00289      12.57896      100.61494    
0.47733   12.54000  0.00289      12.55257      18.96427     
0.47664   12.49000  0.00289      12.53285      220.31987    
0.47642   12.50000  0.00289      12.52629      82.91991     
0.47619   12.48000  0.00289      12.51973      189.43031    
0.47574   12.47000  0.00289      12.50664      161.09214    
0.47506   12.46000  0.00289      12.48705      87.78893     
0.47438   12.43000  0.00289      12.46751      168.85605    
0.47393   12.42000  0.00289      12.45452      142.98524    
0.47304   12.40000  0.00289      12.42861      98.19928     
0.47237   12.37000  0.00289      12.40924      184.73978    
0.47170   12.36000  0.00289      12.38992      107.43395    
0.47103   12.33000  0.00289      12.37066      198.39516    
0.47081   12.32000  0.00289      12.36425      234.99517    
0.47059   12.32000  0.00289      12.35785      171.91958    
0.47015   12.29000  0.00289      12.34506      363.85135    
0.46970   12.30000  0.00289      12.33230      125.21343    
0.46926   12.29000  0.00289      12.31956      104.88576    
0.46860   12.26000  0.00289      12.30050      196.84866    
0.46816   12.26000  0.00289      12.28782      92.89707     
0.46751   12.25000  0.00289      12.26885      42.63918     
0.46685   12.25000  0.00289      12.24993      0.00059      
0.46598   12.24000  0.00289      12.22479      27.77825     
0.46555   12.21000  0.00289      12.21225      0.60652      
0.46490   12.20000  0.00289      12.19349      5.09167      
0.46447   12.19000  0.00289      12.18101      9.70459      
0.46425   12.16000  0.00289      12.17478      26.20080     
0.46361   12.15000  0.00289      12.15612      4.49245      
0.46296   12.13000  0.00289      12.13751      6.77282      
0.46232   12.11000  0.00289      12.11896      9.63026      
0.46168   12.10000  0.00289      12.10046      0.02489      
0.46104   12.06000  0.00289      12.08200      58.09963     
0.46062   12.05000  0.00289      12.06973      46.71699     
0.46019   12.05000  0.00289      12.05748      6.71524      
0.45977   12.01000  0.00289      12.04525      149.13259    
0.45872   12.00000  0.00289      12.01478      26.22045     
0.45809   11.98000  0.00289      11.99657      32.93274     
0.45767   11.95000  0.00289      11.98445      142.41824    
0.45746   11.96000  0.00289      11.97840      40.62966     
0.45683   11.92000  0.00289      11.96028      194.74275    
0.45620   11.92000  0.00289      11.94222      59.23893     
0.45537   11.90000  0.00289      11.91821      39.77860     
0.45434   11.84000  0.00289      11.88832      280.12147    
0.45351   11.83000  0.00289      11.86450      142.82394    
0.45310   11.82000  0.00289      11.85262      127.71702    
0.45228   11.80000  0.00289      11.82894      100.48299    
0.45147   11.79000  0.00289      11.80534      28.22349     
0.45045   11.77000  0.00289      11.77595      4.25456      
0.44984   11.75000  0.00289      11.75839      8.44463      
0.44964   11.76000  0.00289      11.75254      6.67079      
0.44903   11.73000  0.00289      11.73504      3.05017      
0.44863   11.73000  0.00289      11.72340      5.22803      
0.44823   11.72000  0.00289      11.71178      8.11178      
0.44783   11.70000  0.00289      11.70018      0.00379      
0.44743   11.70000  0.00289      11.68860      15.60062     
0.44703   11.68000  0.00289      11.67704      1.05209      
0.44683   11.67000  0.00289      11.67127      0.19272      
0.44643   11.67000  0.00289      11.65974      12.63403     
0.44603   11.67000  0.00289      11.64823      56.86285     
0.44563   11.65000  0.00289      11.63674      21.08412     
0.44484   11.63000  0.00289      11.61383      31.36788     
0.44405   11.60000  0.00289      11.59100      9.71796      
0.44385   11.59000  0.00289      11.58531      2.64425      
0.44385   11.59000  0.00289      11.58531      2.64425      
0.44366   11.58000  0.00289      11.57962      0.01772      
0.44267   11.53000  0.00289      11.55124      54.14093     
0.44189   11.49000  0.00289      11.52863      179.08492    
0.44170   11.50000  0.00289      11.52299      63.43222     
0.44111   11.50000  0.00289      11.50610      4.46731      
0.44014   11.46000  0.00289      11.47805      39.09944     
0.43937   11.44000  0.00289      11.45570      29.57462     
0.43898   11.42000  0.00289      11.44455      72.33849     
0.43860   11.41000  0.00289      11.43343      65.85038     
0.43840   11.41000  0.00289      11.42787      38.31758     
0.43802   11.38000  0.00289      11.41677      162.25847    
0.43725   11.38000  0.00289      11.39463      25.70022     
0.43649   11.37000  0.00289      11.37257      0.79546      
0.43592   11.34000  0.00289      11.35608      31.02892     
0.43535   11.33000  0.00289      11.33963      11.12596     
0.43478   11.32000  0.00289      11.32322      1.24462      
0.43422   11.32000  0.00289      11.30685      20.73530     
0.43384   11.31000  0.00289      11.29597      23.62726     
0.43346   11.30000  0.00289      11.28510      26.64040     
0.43290   11.29000  0.00289      11.26883      53.76161     
0.43253   11.29000  0.00289      11.25801      122.78204    
0.43253   11.27000  0.00289      11.25801      17.24328     
0.43234   11.27000  0.00289      11.25261      36.29230     
0.43178   11.25000  0.00289      11.23643      22.10718     
0.43122   11.24000  0.00289      11.22029      46.63446     
0.43103   11.23000  0.00289      11.21492      27.30446     
0.43103   11.21000  0.00289      11.21492      2.89965      
0.43085   11.21000  0.00289      11.20955      0.02436      
0.43029   11.20000  0.00289      11.19348      5.10377      
0.42937   11.16000  0.00289      11.16679      5.52490      
0.42863   11.15000  0.00289      11.14551      2.41568      
0.42790   11.13000  0.00289      11.12431      3.87962      
0.42717   11.10000  0.00289      11.10319      1.21902      
0.42699   11.10000  0.00289      11.09792      0.52076      
0.42680   11.08000  0.00289      11.09265      19.20540     
0.42644   11.06000  0.00289      11.08213      58.78179     
0.42571   11.05000  0.00289      11.06115      14.91736     
0.42481   11.02000  0.00289      11.03502      27.07569     
0.42427   11.02000  0.00289      11.01940      0.04361      
0.42409   11.01000  0.00289      11.01420      2.11478      
0.42355   10.98000  0.00289      10.99863      41.63601     
0.42248   10.96000  0.00289      10.96760      6.93766      
0.42176   10.92000  0.00289      10.94701      87.53470     
0.42105   10.91000  0.00289      10.92648      32.60156     
0.42052   10.91000  0.00289      10.91113      0.15424      
0.41999   10.87000  0.00289      10.89582      80.02191     
0.41929   10.86000  0.00289      10.87547      28.71702     
0.41859   10.87000  0.00289      10.85518      26.34189     
0.41771   10.84000  0.00289      10.82992      12.18749     
0.41701   10.83000  0.00289      10.80979      49.01995     
0.41649   10.82000  0.00289      10.79473      76.61368     
0.41580   10.81000  0.00289      10.77472      149.39479    
0.41545   10.82000  0.00289      10.76473      366.53570    
0.41494   10.78000  0.00289      10.74979      109.52481    
0.41459   10.77000  0.00289      10.73985      109.10396    
0.41425   10.77000  0.00289      10.72992      192.75305    
0.41391   10.73000  0.00289      10.72001      11.96968     
0.41339   10.73000  0.00289      10.70518      73.92466     
0.41271   10.70000  0.00289      10.68546      25.36946     
0.41220   10.70000  0.00289      10.67071      102.92925    
0.41203   10.70000  0.00289      10.66581      140.31502    
0.41169   10.67000  0.00289      10.65600      23.51354     
0.41118   10.65000  0.00289      10.64133      9.02568      
0.41034   10.64000  0.00289      10.61695      63.75547     
0.40967   10.60000  0.00289      10.59752      0.73790      
0.40900   10.59000  0.00289      10.57815      16.83952     
0.40850   10.57000  0.00289      10.56367      4.80717      
0.40766   10.54000  0.00289      10.53961      0.01818      
0.40667   10.51000  0.00289      10.51087      0.09041      
0.40601   10.48000  0.00289      10.49178      16.66327     
0.40535   10.47000  0.00289      10.47276      0.91526      
0.40502   10.46000  0.00289      10.46327      1.28610      
0.40469   10.44000  0.00289      10.45380      22.85659     
0.40453   10.44000  0.00289      10.44907      9.87306      
0.40388   10.42000  0.00289      10.43019      12.45191     
0.40306   10.41000  0.00289      10.40667      1.33295      
0.40241   10.40000  0.00289      10.38792      17.51185     
0.40177   10.38000  0.00289      10.36923      13.91233     
0.40096   10.38000  0.00289      10.34596      139.06271    
0.40000   10.36000  0.00289      10.31815      210.15681    
0.39888   10.32000  0.00289      10.28588      139.71305    
0.39857   10.32000  0.00289      10.27669      225.08264    
0.39825   10.31000  0.00289      10.26752      216.56978    
0.39793   10.29000  0.00289      10.25836      120.13708    
0.39761   10.28000  0.00289      10.24922      113.72426    
0.39730   10.26000  0.00289      10.24009      47.58894     
0.39683   10.25000  0.00289      10.22642      66.72830     
0.39635   10.24000  0.00289      10.21278      88.88239     
0.39573   10.22000  0.00289      10.19466      77.08094     
0.39510   10.21000  0.00289      10.17658      133.99582    
0.39432   10.18000  0.00289      10.15407      80.65494     
0.39355   10.15000  0.00289      10.13165      40.38953     
0.39293   10.14000  0.00289      10.11378      82.49395     
0.39216   10.11000  0.00289      10.09152      40.98948     
0.39170   10.10000  0.00289      10.07820      57.01603     
0.39170   10.10000  0.00289      10.07820      57.01603     
0.39124   10.07000  0.00289      10.06492      3.09921      
0.39062   10.06000  0.00289      10.04725      19.49576     
0.39032   10.04000  0.00289      10.03844      0.29112      
0.39002   10.03000  0.00289      10.02964      0.01514      
0.38895   10.02000  0.00289      9.99896       53.11770     
0.38760   9.98000   0.00289      9.95975       49.18499     
0.38685   9.97000   0.00289      9.93809       122.17916    
0.38595   9.95000   0.00289      9.91221       171.40769    
0.38506   9.93000   0.00289      9.88644       227.69753    
0.38476   9.92000   0.00289      9.87788       212.91428    
0.38462   9.92000   0.00289      9.87360       258.33775    
0.38417   9.92000   0.00289      9.86079       420.65919    
0.38373   9.89000   0.00289      9.84801       211.54383    
0.38314   9.84000   0.00289      9.83102       9.67649      
0.38270   9.85000   0.00289      9.81831       120.51605    
0.38226   9.86000   0.00289      9.80563       354.76309    
0.38183   9.83000   0.00289      9.79297       164.50270    
0.38153   9.83000   0.00289      9.78456       247.81978    
0.38124   9.82000   0.00289      9.77615       230.74144    
0.38081   9.79000   0.00289      9.76356       83.86038     
0.38023   9.78000   0.00289      9.74683       132.03937    
0.37965   9.76000   0.00289      9.73014       106.96599    
0.37936   9.75000   0.00289      9.72182       95.28996     
0.37879   9.75000   0.00289      9.70521       240.72133    
0.37836   9.72000   0.00289      9.69279       88.86112     
0.37779   9.70000   0.00289      9.67627       67.59372     
0.37750   9.69000   0.00289      9.66802       57.95046     
0.37707   9.67000   0.00289      9.65568       24.59034     
0.37679   9.66000   0.00289      9.64747       18.82773     
0.37636   9.65000   0.00289      9.63518       26.35239     
0.37608   9.64000   0.00289      9.62700       20.27696     
0.37580   9.64000   0.00289      9.61883       53.76371     
0.37523   9.60000   0.00289      9.60253       0.77091      
0.37467   9.60000   0.00289      9.58628       22.57278     
0.37425   9.59000   0.00289      9.57413       30.22517     
0.37369   9.57000   0.00289      9.55796       17.38224     
0.37300   9.54000   0.00289      9.53783       0.56697      
0.37230   9.53000   0.00289      9.51776       17.96899     
0.37161   9.51000   0.00289      9.49777       17.93575     
0.37092   9.49000   0.00289      9.47786       17.68587     
0.37051   9.47000   0.00289      9.46595       1.97162      
0.37010   9.48000   0.00289      9.45406       80.74768     
0.36955   9.47000   0.00289      9.43825       120.95531    
0.36887   9.44000   0.00289      9.41856       55.17611     
0.36819   9.45000   0.00289      9.39893       312.91642    
0.36765   9.44000   0.00289      9.38329       385.93282    
0.36724   9.42000   0.00289      9.37159       281.27964    
0.36684   9.42000   0.00289      9.35991       433.34304    
0.36643   9.39000   0.00289      9.34825       209.12612    
0.36590   9.39000   0.00289      9.33276       393.21100    
0.36536   9.39000   0.00289      9.31731       634.14383    
0.36483   9.36000   0.00289      9.30190       405.09408    
0.36443   9.35000   0.00289      9.29037       426.64627    
0.36390   9.33000   0.00289      9.27504       362.41043    
0.36337   9.31000   0.00289      9.25976       302.87511    
0.36298   9.30000   0.00289      9.24833       320.40784    
0.36258   9.29000   0.00289      9.23692       338.11689    
0.36179   9.26000   0.00289      9.21418       251.98854    
0.36075   9.24000   0.00289      9.18400       376.26504    
0.36023   9.20000   0.00289      9.16898       115.44128    
0.35997   9.20000   0.00289      9.16149       177.96490    
0.35958   9.19000   0.00289      9.15027       189.42645    
0.35920   9.17000   0.00289      9.13907       114.78184    
0.35881   9.17000   0.00289      9.12790       212.68964    
0.35829   9.15000   0.00289      9.11304       163.91875    
0.35765   9.12000   0.00289      9.09453       77.86836     
0.35714   9.11000   0.00289      9.07976       109.71597    
0.35663   9.10000   0.00289      9.06504       146.65649    
0.35625   9.08000   0.00289      9.05403       80.95047     
0.35562   9.07000   0.00289      9.03572       140.98804    
0.35461   9.02000   0.00289      9.00657       21.63804     
0.35386   9.01000   0.00289      8.98482       76.10474     

Gradi di liberta = 737
Chi-quadro = 103717.34851560053
p-value = 0.0
Errore a posteriori = 0.03425

Test ipotesi funzione costante_______________________________
Gradi di Liberta' = 737
t = 2471.754138084908
p-value = 0.0

Test ipotesi compatibilità misure____________________________
x         y         sy           y_media_p     Chi-quadro   
0.73421   19.99000  0.00289      14.71811      3335144.53352
0.73368   19.98000  0.00289      14.71811      3322503.98683
0.73368   19.97000  0.00289      14.71811      3309887.44015
0.73314   19.96000  0.00289      14.71811      3297294.89346
0.73260   19.95000  0.00289      14.71811      3284726.34678
0.73206   19.93000  0.00289      14.71811      3259661.25341
0.73153   19.94000  0.00289      14.71811      3272181.80009
0.73153   19.91000  0.00289      14.71811      3234692.16004
0.73099   19.91000  0.00289      14.71811      3234692.16004
0.73046   19.92000  0.00289      14.71811      3247164.70672
0.72993   19.90000  0.00289      14.71811      3222243.61335
0.72993   19.89000  0.00289      14.71811      3209819.06667
0.72939   19.86000  0.00289      14.71811      3172689.42661
0.72886   19.86000  0.00289      14.71811      3172689.42661
0.72886   19.87000  0.00289      14.71811      3185041.97330
0.72833   19.85000  0.00289      14.71811      3160360.87993
0.72780   19.84000  0.00289      14.71811      3148056.33324
0.72674   19.82000  0.00289      14.71811      3123519.23988
0.72569   19.78000  0.00289      14.71811      3074733.05314
0.72516   19.77000  0.00289      14.71811      3062596.50645
0.72516   19.76000  0.00289      14.71811      3050483.95977
0.72464   19.75000  0.00289      14.71811      3038395.41308
0.72411   19.72000  0.00289      14.71811      3002273.77303
0.72359   19.72000  0.00289      14.71811      3002273.77303
0.72307   19.69000  0.00289      14.71811      2966368.13297
0.72254   19.68000  0.00289      14.71811      2954447.58629
0.72202   19.66000  0.00289      14.71811      2930678.49292
0.72150   19.64000  0.00289      14.71811      2907005.39955
0.72098   19.63000  0.00289      14.71811      2895204.85287
0.72098   19.62000  0.00289      14.71811      2883428.30618
0.72046   19.61000  0.00289      14.71811      2871675.75950
0.72046   19.60000  0.00289      14.71811      2859947.21281
0.71994   19.58000  0.00289      14.71811      2836562.11944
0.71942   19.56000  0.00289      14.71811      2813273.02607
0.71891   19.55000  0.00289      14.71811      2801664.47939
0.71839   19.54000  0.00289      14.71811      2790079.93270
0.71839   19.52000  0.00289      14.71811      2766982.83933
0.71788   19.49000  0.00289      14.71811      2732517.19928
0.71788   19.49000  0.00289      14.71811      2732517.19928
0.71736   19.48000  0.00289      14.71811      2721076.65260
0.71685   19.47000  0.00289      14.71811      2709660.10591
0.71633   19.46000  0.00289      14.71811      2698267.55923
0.71582   19.46000  0.00289      14.71811      2698267.55923
0.71582   19.45000  0.00289      14.71811      2686899.01254
0.71531   19.45000  0.00289      14.71811      2686899.01254
0.71480   19.44000  0.00289      14.71811      2675554.46586
0.71480   19.43000  0.00289      14.71811      2664233.91917
0.71429   19.42000  0.00289      14.71811      2652937.37249
0.71378   19.41000  0.00289      14.71811      2641664.82580
0.71327   19.40000  0.00289      14.71811      2630416.27912
0.71327   19.40000  0.00289      14.71811      2630416.27912
0.71276   19.39000  0.00289      14.71811      2619191.73243
0.71276   19.38000  0.00289      14.71811      2607991.18575
0.71225   19.37000  0.00289      14.71811      2596814.63906
0.71174   19.37000  0.00289      14.71811      2596814.63906
0.71124   19.36000  0.00289      14.71811      2585662.09238
0.71073   19.34000  0.00289      14.71811      2563428.99901
0.71023   19.32000  0.00289      14.71811      2541291.90564
0.70972   19.31000  0.00289      14.71811      2530259.35896
0.70922   19.29000  0.00289      14.71811      2508266.26559
0.70922   19.28000  0.00289      14.71811      2497305.71890
0.70872   19.26000  0.00289      14.71811      2475456.62553
0.70822   19.26000  0.00289      14.71811      2475456.62553
0.70771   19.25000  0.00289      14.71811      2464568.07885
0.70721   19.23000  0.00289      14.71811      2442862.98548
0.70671   19.21000  0.00289      14.71811      2421253.89211
0.70621   19.20000  0.00289      14.71811      2410485.34542
0.70572   19.17000  0.00289      14.71811      2378323.70537
0.70522   19.16000  0.00289      14.71811      2367651.15868
0.70472   19.14000  0.00289      14.71811      2346378.06532
0.70423   19.12000  0.00289      14.71811      2325200.97195
0.70373   19.11000  0.00289      14.71811      2314648.42526
0.70323   19.09000  0.00289      14.71811      2293615.33189
0.70274   19.08000  0.00289      14.71811      2283134.78521
0.70274   19.07000  0.00289      14.71811      2272678.23852
0.70225   19.05000  0.00289      14.71811      2251837.14515
0.70126   19.03000  0.00289      14.71811      2231092.05178
0.70028   19.00000  0.00289      14.71811      2200154.41173
0.69979   18.99000  0.00289      14.71811      2189889.86504
0.69930   18.98000  0.00289      14.71811      2179649.31836
0.69881   18.97000  0.00289      14.71811      2169432.77168
0.69832   18.96000  0.00289      14.71811      2159240.22499
0.69784   18.95000  0.00289      14.71811      2149071.67831
0.69686   18.93000  0.00289      14.71811      2128806.58494
0.69686   18.93000  0.00289      14.71811      2128806.58494
0.69638   18.92000  0.00289      14.71811      2118710.03825
0.69589   18.91000  0.00289      14.71811      2108637.49157
0.69541   18.90000  0.00289      14.71811      2098588.94488
0.69493   18.88000  0.00289      14.71811      2078563.85151
0.69444   18.86000  0.00289      14.71811      2058634.75814
0.69396   18.85000  0.00289      14.71811      2048706.21146
0.69348   18.83000  0.00289      14.71811      2028921.11809
0.69300   18.82000  0.00289      14.71811      2019064.57140
0.69252   18.80000  0.00289      14.71811      1999423.47804
0.69204   18.79000  0.00289      14.71811      1989638.93135
0.69156   18.78000  0.00289      14.71811      1979878.38467
0.69061   18.75000  0.00289      14.71811      1950740.74461
0.69013   18.74000  0.00289      14.71811      1941076.19793
0.68966   18.71000  0.00289      14.71811      1912226.55787
0.68918   18.69000  0.00289      14.71811      1893113.46450
0.68871   18.68000  0.00289      14.71811      1883592.91782
0.68823   18.65000  0.00289      14.71811      1855175.27776
0.68776   18.63000  0.00289      14.71811      1836350.18440
0.68681   18.62000  0.00289      14.71811      1826973.63771
0.68634   18.60000  0.00289      14.71811      1808292.54434
0.68587   18.58000  0.00289      14.71811      1789707.45097
0.68540   18.56000  0.00289      14.71811      1771218.35760
0.68493   18.54000  0.00289      14.71811      1752825.26423
0.68446   18.54000  0.00289      14.71811      1752825.26423
0.68399   18.53000  0.00289      14.71811      1743664.71755
0.68399   18.51000  0.00289      14.71811      1725415.62418
0.68353   18.50000  0.00289      14.71811      1716327.07749
0.68306   18.49000  0.00289      14.71811      1707262.53081
0.68259   18.49000  0.00289      14.71811      1707262.53081
0.68213   18.48000  0.00289      14.71811      1698221.98412
0.68166   18.47000  0.00289      14.71811      1689205.43744
0.68120   18.47000  0.00289      14.71811      1689205.43744
0.68120   18.46000  0.00289      14.71811      1680212.89075
0.68074   18.45000  0.00289      14.71811      1671244.34407
0.68027   18.44000  0.00289      14.71811      1662299.79739
0.67981   18.42000  0.00289      14.71811      1644482.70402
0.67935   18.41000  0.00289      14.71811      1635610.15733
0.67889   18.41000  0.00289      14.71811      1635610.15733
0.67843   18.39000  0.00289      14.71811      1617937.06396
0.67751   18.37000  0.00289      14.71811      1600359.97059
0.67705   18.35000  0.00289      14.71811      1582878.87722
0.67659   18.34000  0.00289      14.71811      1574174.33054
0.67613   18.32000  0.00289      14.71811      1556837.23717
0.67568   18.31000  0.00289      14.71811      1548204.69048
0.67522   18.30000  0.00289      14.71811      1539596.14380
0.67476   18.29000  0.00289      14.71811      1531011.59711
0.67431   18.27000  0.00289      14.71811      1513914.50375
0.67385   18.26000  0.00289      14.71811      1505401.95706
0.67340   18.24000  0.00289      14.71811      1488448.86369
0.67340   18.23000  0.00289      14.71811      1480008.31701
0.67295   18.22000  0.00289      14.71811      1471591.77032
0.67249   18.20000  0.00289      14.71811      1454830.67695
0.67204   18.19000  0.00289      14.71811      1446486.13027
0.67159   18.18000  0.00289      14.71811      1438165.58358
0.67114   18.17000  0.00289      14.71811      1429869.03690
0.67114   18.15000  0.00289      14.71811      1413347.94353
0.67069   18.14000  0.00289      14.71811      1405123.39684
0.67024   18.13000  0.00289      14.71811      1396922.85016
0.66979   18.11000  0.00289      14.71811      1380593.75679
0.66934   18.08000  0.00289      14.71811      1356280.11674
0.66890   18.08000  0.00289      14.71811      1356280.11674
0.66845   18.07000  0.00289      14.71811      1348223.57005
0.66800   18.05000  0.00289      14.71811      1332182.47668
0.66756   18.05000  0.00289      14.71811      1332182.47668
0.66711   18.04000  0.00289      14.71811      1324197.93000
0.66667   18.03000  0.00289      14.71811      1316237.38331
0.66622   18.03000  0.00289      14.71811      1316237.38331
0.66622   18.02000  0.00289      14.71811      1308300.83663
0.66578   18.01000  0.00289      14.71811      1300388.28994
0.66534   18.00000  0.00289      14.71811      1292499.74326
0.66489   17.99000  0.00289      14.71811      1284635.19657
0.66445   17.99000  0.00289      14.71811      1284635.19657
0.66401   17.97000  0.00289      14.71811      1268978.10320
0.66357   17.96000  0.00289      14.71811      1261185.55652
0.66269   17.95000  0.00289      14.71811      1253417.00983
0.66225   17.93000  0.00289      14.71811      1237951.91647
0.66181   17.92000  0.00289      14.71811      1230255.36978
0.66138   17.91000  0.00289      14.71811      1222582.82310
0.66094   17.89000  0.00289      14.71811      1207309.72973
0.66050   17.87000  0.00289      14.71811      1192132.63636
0.65963   17.86000  0.00289      14.71811      1184580.08967
0.65920   17.84000  0.00289      14.71811      1169546.99630
0.65876   17.83000  0.00289      14.71811      1162066.44962
0.65833   17.81000  0.00289      14.71811      1147177.35625
0.65789   17.79000  0.00289      14.71811      1132384.26288
0.65746   17.78000  0.00289      14.71811      1125023.71619
0.65703   17.75000  0.00289      14.71811      1103086.07614
0.65617   17.74000  0.00289      14.71811      1095821.52946
0.65574   17.72000  0.00289      14.71811      1081364.43609
0.65531   17.70000  0.00289      14.71811      1067003.34272
0.65445   17.68000  0.00289      14.71811      1052738.24935
0.65359   17.66000  0.00289      14.71811      1038569.15598
0.65317   17.64000  0.00289      14.71811      1024496.06261
0.65274   17.63000  0.00289      14.71811      1017495.51592
0.65274   17.61000  0.00289      14.71811      1003566.42255
0.65232   17.60000  0.00289      14.71811      996637.87587 
0.65147   17.59000  0.00289      14.71811      989733.32919 
0.65104   17.57000  0.00289      14.71811      975996.23582 
0.65062   17.56000  0.00289      14.71811      969163.68913 
0.65020   17.55000  0.00289      14.71811      962355.14245 
0.64935   17.54000  0.00289      14.71811      955570.59576 
0.64893   17.54000  0.00289      14.71811      955570.59576 
0.64851   17.52000  0.00289      14.71811      942073.50239 
0.64809   17.51000  0.00289      14.71811      935360.95571 
0.64725   17.50000  0.00289      14.71811      928672.40902 
0.64683   17.48000  0.00289      14.71811      915367.31565 
0.64641   17.48000  0.00289      14.71811      915367.31565 
0.64599   17.46000  0.00289      14.71811      902158.22228 
0.64516   17.44000  0.00289      14.71811      889045.12891 
0.64475   17.43000  0.00289      14.71811      882524.58223 
0.64392   17.40000  0.00289      14.71811      863106.94218 
0.64350   17.39000  0.00289      14.71811      856682.39549 
0.64350   17.38000  0.00289      14.71811      850281.84881 
0.64309   17.36000  0.00289      14.71811      837552.75544 
0.64267   17.36000  0.00289      14.71811      837552.75544 
0.64226   17.35000  0.00289      14.71811      831224.20875 
0.64185   17.34000  0.00289      14.71811      824919.66207 
0.64144   17.33000  0.00289      14.71811      818639.11538 
0.64144   17.31000  0.00289      14.71811      806150.02201 
0.64103   17.30000  0.00289      14.71811      799941.47533 
0.64061   17.29000  0.00289      14.71811      793756.92864 
0.63980   17.27000  0.00289      14.71811      781459.83527 
0.63939   17.26000  0.00289      14.71811      775347.28859 
0.63898   17.24000  0.00289      14.71811      763194.19522 
0.63898   17.23000  0.00289      14.71811      757153.64854 
0.63857   17.22000  0.00289      14.71811      751137.10185 
0.63816   17.20000  0.00289      14.71811      739176.00848 
0.63776   17.19000  0.00289      14.71811      733231.46180 
0.63694   17.17000  0.00289      14.71811      721414.36843 
0.63694   17.15000  0.00289      14.71811      709693.27506 
0.63654   17.15000  0.00289      14.71811      709693.27506 
0.63654   17.14000  0.00289      14.71811      703868.72837 
0.63613   17.13000  0.00289      14.71811      698068.18169 
0.63532   17.12000  0.00289      14.71811      692291.63500 
0.63492   17.10000  0.00289      14.71811      680810.54163 
0.63452   17.10000  0.00289      14.71811      680810.54163 
0.63412   17.09000  0.00289      14.71811      675105.99495 
0.63331   17.08000  0.00289      14.71811      669425.44827 
0.63331   17.08000  0.00289      14.71811      669425.44827 
0.63291   17.07000  0.00289      14.71811      663768.90158 
0.63251   17.06000  0.00289      14.71811      658136.35490 
0.63211   17.05000  0.00289      14.71811      652527.80821 
0.63171   17.04000  0.00289      14.71811      646943.26153 
0.63131   17.04000  0.00289      14.71811      646943.26153 
0.63091   17.03000  0.00289      14.71811      641382.71484 
0.63052   17.02000  0.00289      14.71811      635846.16816 
0.63012   17.01000  0.00289      14.71811      630333.62147 
0.62972   17.00000  0.00289      14.71811      624845.07479 
0.62933   16.98000  0.00289      14.71811      613939.98142 
0.62893   16.97000  0.00289      14.71811      608523.43473 
0.62854   16.95000  0.00289      14.71811      597762.34136 
0.62814   16.94000  0.00289      14.71811      592417.79468 
0.62775   16.93000  0.00289      14.71811      587097.24799 
0.62735   16.91000  0.00289      14.71811      576528.15463 
0.62657   16.90000  0.00289      14.71811      571279.60794 
0.62617   16.89000  0.00289      14.71811      566055.06126 
0.62578   16.87000  0.00289      14.71811      555677.96789 
0.62500   16.85000  0.00289      14.71811      545396.87452 
0.62461   16.83000  0.00289      14.71811      535211.78115 
0.62383   16.81000  0.00289      14.71811      525122.68778 
0.62344   16.79000  0.00289      14.71811      515129.59441 
0.62267   16.77000  0.00289      14.71811      505232.50104 
0.62228   16.75000  0.00289      14.71811      495431.40767 
0.62189   16.74000  0.00289      14.71811      490566.86099 
0.62150   16.73000  0.00289      14.71811      485726.31430 
0.62112   16.71000  0.00289      14.71811      476117.22093 
0.62073   16.69000  0.00289      14.71811      466604.12756 
0.62035   16.68000  0.00289      14.71811      461883.58088 
0.61996   16.68000  0.00289      14.71811      461883.58088 
0.61958   16.66000  0.00289      14.71811      452514.48751 
0.61920   16.65000  0.00289      14.71811      447865.94082 
0.61881   16.64000  0.00289      14.71811      443241.39414 
0.61843   16.63000  0.00289      14.71811      438640.84745 
0.61767   16.62000  0.00289      14.71811      434064.30077 
0.61728   16.61000  0.00289      14.71811      429511.75408 
0.61652   16.61000  0.00289      14.71811      429511.75408 
0.61652   16.60000  0.00289      14.71811      424983.20740 
0.61614   16.59000  0.00289      14.71811      420478.66071 
0.61576   16.58000  0.00289      14.71811      415998.11403 
0.61538   16.58000  0.00289      14.71811      415998.11403 
0.61501   16.57000  0.00289      14.71811      411541.56734 
0.61501   16.57000  0.00289      14.71811      411541.56734 
0.61463   16.55000  0.00289      14.71811      402700.47398 
0.61387   16.54000  0.00289      14.71811      398315.92729 
0.61350   16.52000  0.00289      14.71811      389618.83392 
0.61312   16.51000  0.00289      14.71811      385306.28724 
0.61237   16.49000  0.00289      14.71811      376753.19387 
0.61200   16.48000  0.00289      14.71811      372512.64718 
0.61162   16.46000  0.00289      14.71811      364103.55381 
0.61087   16.45000  0.00289      14.71811      359935.00713 
0.61050   16.44000  0.00289      14.71811      355790.46044 
0.61013   16.43000  0.00289      14.71811      351669.91376 
0.61013   16.42000  0.00289      14.71811      347573.36707 
0.60976   16.41000  0.00289      14.71811      343500.82039 
0.60901   16.39000  0.00289      14.71811      335427.72702 
0.60790   16.35000  0.00289      14.71811      319569.54028 
0.60716   16.32000  0.00289      14.71811      307927.90023 
0.60643   16.31000  0.00289      14.71811      304095.35354 
0.60606   16.29000  0.00289      14.71811      296502.26017 
0.60569   16.27000  0.00289      14.71811      289005.16680 
0.60496   16.26000  0.00289      14.71811      285292.62012 
0.60459   16.24000  0.00289      14.71811      277939.52675 
0.60423   16.23000  0.00289      14.71811      274298.98006 
0.60386   16.21000  0.00289      14.71811      267089.88670 
0.60314   16.18000  0.00289      14.71811      256456.24664 
0.60241   16.17000  0.00289      14.71811      252959.69996 
0.60168   16.16000  0.00289      14.71811      249487.15327 
0.60132   16.15000  0.00289      14.71811      246038.60659 
0.60060   16.15000  0.00289      14.71811      246038.60659 
0.60024   16.13000  0.00289      14.71811      239213.51322 
0.59952   16.12000  0.00289      14.71811      235836.96653 
0.59916   16.12000  0.00289      14.71811      235836.96653 
0.59880   16.11000  0.00289      14.71811      232484.41985 
0.59844   16.10000  0.00289      14.71811      229155.87316 
0.59809   16.09000  0.00289      14.71811      225851.32648 
0.59737   16.08000  0.00289      14.71811      222570.77979 
0.59701   16.07000  0.00289      14.71811      219314.23311 
0.59630   16.04000  0.00289      14.71811      209688.59306 
0.59595   16.03000  0.00289      14.71811      206528.04637 
0.59559   16.03000  0.00289      14.71811      206528.04637 
0.59524   16.01000  0.00289      14.71811      200278.95300 
0.59488   16.00000  0.00289      14.71811      197190.40632 
0.59453   15.98000  0.00289      14.71811      191085.31295 
0.59382   15.96000  0.00289      14.71811      185076.21958 
0.59382   15.95000  0.00289      14.71811      182107.67289 
0.59347   15.94000  0.00289      14.71811      179163.12621 
0.59312   15.93000  0.00289      14.71811      176242.57952 
0.59277   15.91000  0.00289      14.71811      170473.48615 
0.59242   15.89000  0.00289      14.71811      164800.39278 
0.59172   15.88000  0.00289      14.71811      161999.84610 
0.59137   15.87000  0.00289      14.71811      159223.29942 
0.59102   15.84000  0.00289      14.71811      151037.65936 
0.59032   15.83000  0.00289      14.71811      148357.11268 
0.58997   15.80000  0.00289      14.71811      140459.47262 
0.58928   15.78000  0.00289      14.71811      135314.37925 
0.58858   15.75000  0.00289      14.71811      127776.73920 
0.58754   15.71000  0.00289      14.71811      118062.55246 
0.58720   15.68000  0.00289      14.71811      111028.91241 
0.58685   15.67000  0.00289      14.71811      108732.36572 
0.58617   15.66000  0.00289      14.71811      106459.81904 
0.58548   15.64000  0.00289      14.71811      101986.72567 
0.58480   15.63000  0.00289      14.71811      99786.17898  
0.58411   15.61000  0.00289      14.71811      95457.08561  
0.58343   15.61000  0.00289      14.71811      95457.08561  
0.58309   15.60000  0.00289      14.71811      93328.53893  
0.58241   15.60000  0.00289      14.71811      93328.53893  
0.58207   15.59000  0.00289      14.71811      91223.99224  
0.58173   15.58000  0.00289      14.71811      89143.44556  
0.58106   15.57000  0.00289      14.71811      87086.89887  
0.58072   15.56000  0.00289      14.71811      85054.35219  
0.58038   15.56000  0.00289      14.71811      85054.35219  
0.57971   15.55000  0.00289      14.71811      83045.80550  
0.57870   15.50000  0.00289      14.71811      73363.07208  
0.57803   15.48000  0.00289      14.71811      69657.97871  
0.57770   15.45000  0.00289      14.71811      64280.33866  
0.57703   15.43000  0.00289      14.71811      60815.24529  
0.57670   15.41000  0.00289      14.71811      57446.15192  
0.57637   15.39000  0.00289      14.71811      54173.05855  
0.57571   15.38000  0.00289      14.71811      52572.51186  
0.57537   15.36000  0.00289      14.71811      49443.41850  
0.57471   15.33000  0.00289      14.71811      44929.77844  
0.57438   15.31000  0.00289      14.71811      42040.68507  
0.57372   15.28000  0.00289      14.71811      37887.04502  
0.57307   15.24000  0.00289      14.71811      32684.85828  
0.57241   15.24000  0.00289      14.71811      32684.85828  
0.57176   15.23000  0.00289      14.71811      31444.31159  
0.57110   15.21000  0.00289      14.71811      29035.21822  
0.57045   15.18000  0.00289      14.71811      25601.57817  
0.56948   15.17000  0.00289      14.71811      24505.03149  
0.56883   15.15000  0.00289      14.71811      22383.93812  
0.56850   15.14000  0.00289      14.71811      21359.39143  
0.56786   15.13000  0.00289      14.71811      20358.84475  
0.56689   15.12000  0.00289      14.71811      19382.29806  
0.56625   15.08000  0.00289      14.71811      15716.11132  
0.56561   15.08000  0.00289      14.71811      15716.11132  
0.56497   15.08000  0.00289      14.71811      15716.11132  
0.56433   15.05000  0.00289      14.71811      13218.47127  
0.56370   15.05000  0.00289      14.71811      13218.47127  
0.56338   15.05000  0.00289      14.71811      13218.47127  
0.56275   15.01000  0.00289      14.71811      10224.28453  
0.56211   15.01000  0.00289      14.71811      10224.28453  
0.56180   14.99000  0.00289      14.71811      8871.19116   
0.56148   14.96000  0.00289      14.71811      7021.55111   
0.56085   14.94000  0.00289      14.71811      5908.45774   
0.56022   14.89000  0.00289      14.71811      3545.72431   
0.55991   14.89000  0.00289      14.71811      3545.72431   
0.55928   14.87000  0.00289      14.71811      2768.63094   
0.55897   14.83000  0.00289      14.71811      1502.44421   
0.55835   14.82000  0.00289      14.71811      1245.89752   
0.55772   14.80000  0.00289      14.71811      804.80415    
0.55710   14.76000  0.00289      14.71811      210.61741    
0.55648   14.76000  0.00289      14.71811      210.61741    
0.55586   14.71000  0.00289      14.71811      7.88399      
0.55494   14.70000  0.00289      14.71811      39.33730     
0.55432   14.70000  0.00289      14.71811      39.33730     
0.55371   14.65000  0.00289      14.71811      556.60388    
0.55279   14.65000  0.00289      14.71811      556.60388    
0.55218   14.63000  0.00289      14.71811      931.51051    
0.55157   14.62000  0.00289      14.71811      1154.96383   
0.55096   14.62000  0.00289      14.71811      1154.96383   
0.55036   14.60000  0.00289      14.71811      1673.87046   
0.54975   14.60000  0.00289      14.71811      1673.87046   
0.54915   14.60000  0.00289      14.71811      1673.87046   
0.54855   14.56000  0.00289      14.71811      2999.68372   
0.54795   14.57000  0.00289      14.71811      2632.23040   
0.54735   14.54000  0.00289      14.71811      3806.59035   
0.54675   14.51000  0.00289      14.71811      5196.95029   
0.54615   14.50000  0.00289      14.71811      5708.40361   
0.54555   14.47000  0.00289      14.71811      7386.76356   
0.54466   14.45000  0.00289      14.71811      8625.67019   
0.54407   14.46000  0.00289      14.71811      7994.21687   
0.54377   14.42000  0.00289      14.71811      10664.03013  
0.54348   14.41000  0.00289      14.71811      11391.48345  
0.54318   14.41000  0.00289      14.71811      11391.48345  
0.54259   14.37000  0.00289      14.71811      14541.29671  
0.54201   14.36000  0.00289      14.71811      15388.75002  
0.54142   14.33000  0.00289      14.71811      18075.10997  
0.54083   14.31000  0.00289      14.71811      19986.01660  
0.54025   14.31000  0.00289      14.71811      19986.01660  
0.53967   14.26000  0.00289      14.71811      25183.28318  
0.53908   14.25000  0.00289      14.71811      26294.73649  
0.53879   14.26000  0.00289      14.71811      25183.28318  
0.53792   14.21000  0.00289      14.71811      30980.54975  
0.53706   14.19000  0.00289      14.71811      33467.45638  
0.53619   14.16000  0.00289      14.71811      37377.81633  
0.53533   14.15000  0.00289      14.71811      38729.26965  
0.53476   14.14000  0.00289      14.71811      40104.72296  
0.53419   14.12000  0.00289      14.71811      42927.62959  
0.53362   14.12000  0.00289      14.71811      42927.62959  
0.53305   14.11000  0.00289      14.71811      44375.08291  
0.53220   14.08000  0.00289      14.71811      48861.44285  
0.53163   14.09000  0.00289      14.71811      47341.98954  
0.53107   14.05000  0.00289      14.71811      53563.80280  
0.53079   14.05000  0.00289      14.71811      53563.80280  
0.53079   14.05000  0.00289      14.71811      53563.80280  
0.53050   14.02000  0.00289      14.71811      58482.16274  
0.53050   14.03000  0.00289      14.71811      56818.70943  
0.53050   14.04000  0.00289      14.71811      55179.25611  
0.52910   13.99000  0.00289      14.71811      63616.52269  
0.52770   13.98000  0.00289      14.71811      65375.97601  
0.52715   13.95000  0.00289      14.71811      70798.33595  
0.52659   13.93000  0.00289      14.71811      74533.24258  
0.52604   13.91000  0.00289      14.71811      78364.14921  
0.52521   13.88000  0.00289      14.71811      84290.50916  
0.52438   13.86000  0.00289      14.71811      88361.41579  
0.52329   13.83000  0.00289      14.71811      94647.77573  
0.52274   13.79000  0.00289      14.71811      103365.58900 
0.52219   13.78000  0.00289      14.71811      105605.04231 
0.52110   13.75000  0.00289      14.71811      112467.40226 
0.52002   13.72000  0.00289      14.71811      119545.76220 
0.51948   13.71000  0.00289      14.71811      121953.21552 
0.51867   13.69000  0.00289      14.71811      126840.12215 
0.51813   13.68000  0.00289      14.71811      129319.57546 
0.51760   13.67000  0.00289      14.71811      131823.02878 
0.51680   13.63000  0.00289      14.71811      142076.84204 
0.51573   13.64000  0.00289      14.71811      139477.38873 
0.51520   13.62000  0.00289      14.71811      144700.29536 
0.51520   13.61000  0.00289      14.71811      147347.74867 
0.51493   13.62000  0.00289      14.71811      144700.29536 
0.51493   13.59000  0.00289      14.71811      152714.65530 
0.51440   13.59000  0.00289      14.71811      152714.65530 
0.51387   13.58000  0.00289      14.71811      155434.10862 
0.51361   13.56000  0.00289      14.71811      160945.01525 
0.51361   13.56000  0.00289      14.71811      160945.01525 
0.51308   13.56000  0.00289      14.71811      160945.01525 
0.51256   13.53000  0.00289      14.71811      169391.37519 
0.51230   13.53000  0.00289      14.71811      169391.37519 
0.51151   13.50000  0.00289      14.71811      178053.73514 
0.51099   13.48000  0.00289      14.71811      183948.64177 
0.51046   13.47000  0.00289      14.71811      186932.09509 
0.50994   13.44000  0.00289      14.71811      196026.45503 
0.50916   13.43000  0.00289      14.71811      199105.90835 
0.50839   13.41000  0.00289      14.71811      205336.81498 
0.50761   13.39000  0.00289      14.71811      211663.72161 
0.50710   13.38000  0.00289      14.71811      214863.17492 
0.50633   13.35000  0.00289      14.71811      224605.53487 
0.50505   13.33000  0.00289      14.71811      231220.44150 
0.50352   13.29000  0.00289      14.71811      244738.25476 
0.50226   13.25000  0.00289      14.71811      258640.06802 
0.50075   13.20000  0.00289      14.71811      276557.33460 
0.49925   13.15000  0.00289      14.71811      295074.60117 
0.49850   13.13000  0.00289      14.71811      302649.50781 
0.49776   13.14000  0.00289      14.71811      298850.05449 
0.49727   13.12000  0.00289      14.71811      306472.96112 
0.49702   13.11000  0.00289      14.71811      310320.41444 
0.49652   13.11000  0.00289      14.71811      310320.41444 
0.49628   13.08000  0.00289      14.71811      322006.77438 
0.49579   13.07000  0.00289      14.71811      325950.22770 
0.49554   13.07000  0.00289      14.71811      325950.22770 
0.49529   13.05000  0.00289      14.71811      333909.13433 
0.49480   13.05000  0.00289      14.71811      333909.13433 
0.49432   13.02000  0.00289      14.71811      346027.49427 
0.49383   13.01000  0.00289      14.71811      350114.94759 
0.49334   12.99000  0.00289      14.71811      358361.85422 
0.49285   12.96000  0.00289      14.71811      370912.21416 
0.49261   12.96000  0.00289      14.71811      370912.21416 
0.49188   12.94000  0.00289      14.71811      379399.12080 
0.49092   12.90000  0.00289      14.71811      396660.93406 
0.49044   12.89000  0.00289      14.71811      401036.38737 
0.48996   12.87000  0.00289      14.71811      409859.29400 
0.48972   12.85000  0.00289      14.71811      418778.20063 
0.48948   12.86000  0.00289      14.71811      414306.74732 
0.48924   12.83000  0.00289      14.71811      427793.10726 
0.48852   12.83000  0.00289      14.71811      427793.10726 
0.48780   12.81000  0.00289      14.71811      436904.01389 
0.48733   12.78000  0.00289      14.71811      450750.37384 
0.48709   12.78000  0.00289      14.71811      450750.37384 
0.48662   12.77000  0.00289      14.71811      455413.82716 
0.48614   12.75000  0.00289      14.71811      464812.73379 
0.48544   12.74000  0.00289      14.71811      469548.18710 
0.48473   12.71000  0.00289      14.71811      483898.54705 
0.48426   12.72000  0.00289      14.71811      479091.09373 
0.48356   12.71000  0.00289      14.71811      483898.54705 
0.48286   12.69000  0.00289      14.71811      493585.45368 
0.48239   12.69000  0.00289      14.71811      493585.45368 
0.48170   12.67000  0.00289      14.71811      503368.36031 
0.48100   12.64000  0.00289      14.71811      518222.72025 
0.48031   12.63000  0.00289      14.71811      523222.17357 
0.48008   12.62000  0.00289      14.71811      528245.62688 
0.47985   12.61000  0.00289      14.71811      533293.08020 
0.47939   12.61000  0.00289      14.71811      533293.08020 
0.47893   12.57000  0.00289      14.71811      553722.89346 
0.47824   12.55000  0.00289      14.71811      564081.80009 
0.47733   12.54000  0.00289      14.71811      569297.25341 
0.47664   12.49000  0.00289      14.71811      595734.51998 
0.47642   12.50000  0.00289      14.71811      590399.06667 
0.47619   12.48000  0.00289      14.71811      601093.97330 
0.47574   12.47000  0.00289      14.71811      606477.42661 
0.47506   12.46000  0.00289      14.71811      611884.87993 
0.47438   12.43000  0.00289      14.71811      628251.23988 
0.47393   12.42000  0.00289      14.71811      633754.69319 
0.47304   12.40000  0.00289      14.71811      644833.59982 
0.47237   12.37000  0.00289      14.71811      661631.95977 
0.47170   12.36000  0.00289      14.71811      667279.41308 
0.47103   12.33000  0.00289      14.71811      684365.77303 
0.47081   12.32000  0.00289      14.71811      690109.22634 
0.47059   12.32000  0.00289      14.71811      690109.22634 
0.47015   12.29000  0.00289      14.71811      707483.58629 
0.46970   12.30000  0.00289      14.71811      701668.13297 
0.46926   12.29000  0.00289      14.71811      707483.58629 
0.46860   12.26000  0.00289      14.71811      725073.94624 
0.46816   12.26000  0.00289      14.71811      725073.94624 
0.46751   12.25000  0.00289      14.71811      730985.39955 
0.46685   12.25000  0.00289      14.71811      730985.39955 
0.46598   12.24000  0.00289      14.71811      736920.85287 
0.46555   12.21000  0.00289      14.71811      754871.21281 
0.46490   12.20000  0.00289      14.71811      760902.66613 
0.46447   12.19000  0.00289      14.71811      766958.11944 
0.46425   12.16000  0.00289      14.71811      785268.47939 
0.46361   12.15000  0.00289      14.71811      791419.93270 
0.46296   12.13000  0.00289      14.71811      803794.83933 
0.46232   12.11000  0.00289      14.71811      816265.74596 
0.46168   12.10000  0.00289      14.71811      822537.19928 
0.46104   12.06000  0.00289      14.71811      847863.01254 
0.46062   12.05000  0.00289      14.71811      854254.46586 
0.46019   12.05000  0.00289      14.71811      854254.46586 
0.45977   12.01000  0.00289      14.71811      880060.27912 
0.45872   12.00000  0.00289      14.71811      886571.73243 
0.45809   11.98000  0.00289      14.71811      899666.63906 
0.45767   11.95000  0.00289      14.71811      919488.99901 
0.45746   11.96000  0.00289      14.71811      912857.54569 
0.45683   11.92000  0.00289      14.71811      939527.35896 
0.45620   11.92000  0.00289      14.71811      939527.35896 
0.45537   11.90000  0.00289      14.71811      953006.26559 
0.45434   11.84000  0.00289      14.71811      994018.98548 
0.45351   11.83000  0.00289      14.71811      1000938.43879
0.45310   11.82000  0.00289      14.71811      1007881.89211
0.45228   11.80000  0.00289      14.71811      1021840.79874
0.45147   11.79000  0.00289      14.71811      1028856.25205
0.45045   11.77000  0.00289      14.71811      1042959.15868
0.44984   11.75000  0.00289      14.71811      1057158.06532
0.44964   11.76000  0.00289      14.71811      1050046.61200
0.44903   11.73000  0.00289      14.71811      1071452.97195
0.44863   11.73000  0.00289      14.71811      1071452.97195
0.44823   11.72000  0.00289      14.71811      1078636.42526
0.44783   11.70000  0.00289      14.71811      1093075.33189
0.44743   11.70000  0.00289      14.71811      1093075.33189
0.44703   11.68000  0.00289      14.71811      1107610.23852
0.44683   11.67000  0.00289      14.71811      1114913.69184
0.44643   11.67000  0.00289      14.71811      1114913.69184
0.44603   11.67000  0.00289      14.71811      1114913.69184
0.44563   11.65000  0.00289      14.71811      1129592.59847
0.44484   11.63000  0.00289      14.71811      1144367.50510
0.44405   11.60000  0.00289      14.71811      1166709.86504
0.44385   11.59000  0.00289      14.71811      1174205.31836
0.44385   11.59000  0.00289      14.71811      1174205.31836
0.44366   11.58000  0.00289      14.71811      1181724.77168
0.44267   11.53000  0.00289      14.71811      1219682.03825
0.44189   11.49000  0.00289      14.71811      1250479.85151
0.44170   11.50000  0.00289      14.71811      1242744.39820
0.44111   11.50000  0.00289      14.71811      1242744.39820
0.44014   11.46000  0.00289      14.71811      1273830.21146
0.43937   11.44000  0.00289      14.71811      1289517.11809
0.43898   11.42000  0.00289      14.71811      1305300.02472
0.43860   11.41000  0.00289      14.71811      1313227.47804
0.43840   11.41000  0.00289      14.71811      1313227.47804
0.43802   11.38000  0.00289      14.71811      1337153.83798
0.43725   11.38000  0.00289      14.71811      1337153.83798
0.43649   11.37000  0.00289      14.71811      1345177.29130
0.43592   11.34000  0.00289      14.71811      1369391.65124
0.43535   11.33000  0.00289      14.71811      1377511.10456
0.43478   11.32000  0.00289      14.71811      1385654.55787
0.43422   11.32000  0.00289      14.71811      1385654.55787
0.43384   11.31000  0.00289      14.71811      1393822.01119
0.43346   11.30000  0.00289      14.71811      1402013.46450
0.43290   11.29000  0.00289      14.71811      1410228.91782
0.43253   11.29000  0.00289      14.71811      1410228.91782
0.43253   11.27000  0.00289      14.71811      1426731.82445
0.43234   11.27000  0.00289      14.71811      1426731.82445
0.43178   11.25000  0.00289      14.71811      1443330.73108
0.43122   11.24000  0.00289      14.71811      1451666.18440
0.43103   11.23000  0.00289      14.71811      1460025.63771
0.43103   11.21000  0.00289      14.71811      1476816.54434
0.43085   11.21000  0.00289      14.71811      1476816.54434
0.43029   11.20000  0.00289      14.71811      1485247.99766
0.42937   11.16000  0.00289      14.71811      1519213.81092
0.42863   11.15000  0.00289      14.71811      1527765.26423
0.42790   11.13000  0.00289      14.71811      1544940.17086
0.42717   11.10000  0.00289      14.71811      1570882.53081
0.42699   11.10000  0.00289      14.71811      1570882.53081
0.42680   11.08000  0.00289      14.71811      1588297.43744
0.42644   11.06000  0.00289      14.71811      1605808.34407
0.42571   11.05000  0.00289      14.71811      1614599.79739
0.42481   11.02000  0.00289      14.71811      1641118.15733
0.42427   11.02000  0.00289      14.71811      1641118.15733
0.42409   11.01000  0.00289      14.71811      1650005.61065
0.42355   10.98000  0.00289      14.71811      1676811.97059
0.42248   10.96000  0.00289      14.71811      1694802.87722
0.42176   10.92000  0.00289      14.71811      1731072.69048
0.42105   10.91000  0.00289      14.71811      1740200.14380
0.42052   10.91000  0.00289      14.71811      1740200.14380
0.41999   10.87000  0.00289      14.71811      1776949.95706
0.41929   10.86000  0.00289      14.71811      1786197.41038
0.41859   10.87000  0.00289      14.71811      1776949.95706
0.41771   10.84000  0.00289      14.71811      1804764.31701
0.41701   10.83000  0.00289      14.71811      1814083.77032
0.41649   10.82000  0.00289      14.71811      1823427.22364
0.41580   10.81000  0.00289      14.71811      1832794.67695
0.41545   10.82000  0.00289      14.71811      1823427.22364
0.41494   10.78000  0.00289      14.71811      1861041.03690
0.41459   10.77000  0.00289      14.71811      1870504.49021
0.41425   10.77000  0.00289      14.71811      1870504.49021
0.41391   10.73000  0.00289      14.71811      1908598.30347
0.41339   10.73000  0.00289      14.71811      1908598.30347
0.41271   10.70000  0.00289      14.71811      1937420.66342
0.41220   10.70000  0.00289      14.71811      1937420.66342
0.41203   10.70000  0.00289      14.71811      1937420.66342
0.41169   10.67000  0.00289      14.71811      1966459.02337
0.41118   10.65000  0.00289      14.71811      1985937.93000
0.41034   10.64000  0.00289      14.71811      1995713.38331
0.40967   10.60000  0.00289      14.71811      2035055.19657
0.40900   10.59000  0.00289      14.71811      2044950.64989
0.40850   10.57000  0.00289      14.71811      2064813.55652
0.40766   10.54000  0.00289      14.71811      2094787.91647
0.40667   10.51000  0.00289      14.71811      2124978.27641
0.40601   10.48000  0.00289      14.71811      2155384.63636
0.40535   10.47000  0.00289      14.71811      2165568.08967
0.40502   10.46000  0.00289      14.71811      2175775.54299
0.40469   10.44000  0.00289      14.71811      2196262.44962
0.40453   10.44000  0.00289      14.71811      2196262.44962
0.40388   10.42000  0.00289      14.71811      2216845.35625
0.40306   10.41000  0.00289      14.71811      2227172.80956
0.40241   10.40000  0.00289      14.71811      2237524.26288
0.40177   10.38000  0.00289      14.71811      2258299.16951
0.40096   10.38000  0.00289      14.71811      2258299.16951
0.40000   10.36000  0.00289      14.71811      2279170.07614
0.39888   10.32000  0.00289      14.71811      2321199.88940
0.39857   10.32000  0.00289      14.71811      2321199.88940
0.39825   10.31000  0.00289      14.71811      2331767.34272
0.39793   10.29000  0.00289      14.71811      2352974.24935
0.39761   10.28000  0.00289      14.71811      2363613.70266
0.39730   10.26000  0.00289      14.71811      2384964.60929
0.39683   10.25000  0.00289      14.71811      2395676.06261
0.39635   10.24000  0.00289      14.71811      2406411.51592
0.39573   10.22000  0.00289      14.71811      2427954.42255
0.39510   10.21000  0.00289      14.71811      2438761.87587
0.39432   10.18000  0.00289      14.71811      2471328.23582
0.39355   10.15000  0.00289      14.71811      2504110.59576
0.39293   10.14000  0.00289      14.71811      2515086.04908
0.39216   10.11000  0.00289      14.71811      2548156.40902
0.39170   10.10000  0.00289      14.71811      2559227.86234
0.39170   10.10000  0.00289      14.71811      2559227.86234
0.39124   10.07000  0.00289      14.71811      2592586.22228
0.39062   10.06000  0.00289      14.71811      2603753.67560
0.39032   10.04000  0.00289      14.71811      2626160.58223
0.39002   10.03000  0.00289      14.71811      2637400.03555
0.38895   10.02000  0.00289      14.71811      2648663.48886
0.38760   9.98000   0.00289      14.71811      2693957.30212
0.38685   9.97000   0.00289      14.71811      2705340.75544
0.38595   9.95000   0.00289      14.71811      2728179.66207
0.38506   9.93000   0.00289      14.71811      2751114.56870
0.38476   9.92000   0.00289      14.71811      2762618.02201
0.38462   9.92000   0.00289      14.71811      2762618.02201
0.38417   9.92000   0.00289      14.71811      2762618.02201
0.38373   9.89000   0.00289      14.71811      2797272.38196
0.38314   9.84000   0.00289      14.71811      2855509.64854
0.38270   9.85000   0.00289      14.71811      2843814.19522
0.38226   9.86000   0.00289      14.71811      2832142.74191
0.38183   9.83000   0.00289      14.71811      2867229.10185
0.38153   9.83000   0.00289      14.71811      2867229.10185
0.38124   9.82000   0.00289      14.71811      2878972.55517
0.38081   9.79000   0.00289      14.71811      2914346.91511
0.38023   9.78000   0.00289      14.71811      2926186.36843
0.37965   9.76000   0.00289      14.71811      2949937.27506
0.37936   9.75000   0.00289      14.71811      2961848.72837
0.37879   9.75000   0.00289      14.71811      2961848.72837
0.37836   9.72000   0.00289      14.71811      2997727.08832
0.37779   9.70000   0.00289      14.71811      3021765.99495
0.37750   9.69000   0.00289      14.71811      3033821.44827
0.37707   9.67000   0.00289      14.71811      3058004.35490
0.37679   9.66000   0.00289      14.71811      3070131.80821
0.37636   9.65000   0.00289      14.71811      3082283.26153
0.37608   9.64000   0.00289      14.71811      3094458.71484
0.37580   9.64000   0.00289      14.71811      3094458.71484
0.37523   9.60000   0.00289      14.71811      3143400.52810
0.37467   9.60000   0.00289      14.71811      3143400.52810
0.37425   9.59000   0.00289      14.71811      3155695.98142
0.37369   9.57000   0.00289      14.71811      3180358.88805
0.37300   9.54000   0.00289      14.71811      3217533.24799
0.37230   9.53000   0.00289      14.71811      3229972.70131
0.37161   9.51000   0.00289      14.71811      3254923.60794
0.37092   9.49000   0.00289      14.71811      3279970.51457
0.37051   9.47000   0.00289      14.71811      3305113.42120
0.37010   9.48000   0.00289      14.71811      3292529.96789
0.36955   9.47000   0.00289      14.71811      3305113.42120
0.36887   9.44000   0.00289      14.71811      3343007.78115
0.36819   9.45000   0.00289      14.71811      3330352.32783
0.36765   9.44000   0.00289      14.71811      3343007.78115
0.36724   9.42000   0.00289      14.71811      3368390.68778
0.36684   9.42000   0.00289      14.71811      3368390.68778
0.36643   9.39000   0.00289      14.71811      3406645.04772
0.36590   9.39000   0.00289      14.71811      3406645.04772
0.36536   9.39000   0.00289      14.71811      3406645.04772
0.36483   9.36000   0.00289      14.71811      3445115.40767
0.36443   9.35000   0.00289      14.71811      3457986.86099
0.36390   9.33000   0.00289      14.71811      3483801.76762
0.36337   9.31000   0.00289      14.71811      3509712.67425
0.36298   9.30000   0.00289      14.71811      3522704.12756
0.36258   9.29000   0.00289      14.71811      3535719.58088
0.36179   9.26000   0.00289      14.71811      3574909.94082
0.36075   9.24000   0.00289      14.71811      3601156.84745
0.36023   9.20000   0.00289      14.71811      3653938.66071
0.35997   9.20000   0.00289      14.71811      3653938.66071
0.35958   9.19000   0.00289      14.71811      3667194.11403
0.35920   9.17000   0.00289      14.71811      3693777.02066
0.35881   9.17000   0.00289      14.71811      3693777.02066
0.35829   9.15000   0.00289      14.71811      3720455.92729
0.35765   9.12000   0.00289      14.71811      3760654.28724
0.35714   9.11000   0.00289      14.71811      3774101.74055
0.35663   9.10000   0.00289      14.71811      3787573.19387
0.35625   9.08000   0.00289      14.71811      3814588.10050
0.35562   9.07000   0.00289      14.71811      3828131.55381
0.35461   9.02000   0.00289      14.71811      3896208.82039
0.35386   9.01000   0.00289      14.71811      3909896.27370

Gradi di liberta = 737
Chi-quadro = 937590161.732071
p-value = 0.0

Media pesata = 14.718105548037888 +/- 0.00010619086483530494

****************************************************************************************************
SERIE 35
****************************************************************************************************

Test ipotesi linearità_____________________________________
Covarianza = 0.36568
Indice Pearson = 0.99995 +/- 0.00038
Gradi di Liberta' = 737
	t = 2624.671426038679
	p-value (due code) = 0.0

Parametri___________________________________________________
y = a + bx
a = -1.24014 +/- 0.00616
b = 28.89574 +/- 0.01169

Test bontà fit _____________________________________________
x         y         sy           y*            Chi-quadro   
0.73421   19.99000  0.00289      19.97552      25.15052     
0.73368   19.98000  0.00289      19.95996      48.20452     
0.73368   19.97000  0.00289      19.95996      12.10237     
0.73314   19.96000  0.00289      19.94441      29.14767     
0.73260   19.95000  0.00289      19.92890      53.45044     
0.73206   19.93000  0.00289      19.91340      33.07550     
0.73153   19.94000  0.00289      19.89792      212.45193    
0.73153   19.91000  0.00289      19.89792      17.50105     
0.73099   19.91000  0.00289      19.88247      90.93697     
0.73046   19.92000  0.00289      19.86704      336.54017    
0.72993   19.90000  0.00289      19.85164      280.69207    
0.72993   19.89000  0.00289      19.85164      176.61787    
0.72939   19.86000  0.00289      19.83625      67.67883     
0.72886   19.86000  0.00289      19.82089      183.55371    
0.72886   19.87000  0.00289      19.82089      289.41839    
0.72833   19.85000  0.00289      19.80555      237.09321    
0.72780   19.84000  0.00289      19.79023      297.20824    
0.72674   19.82000  0.00289      19.75967      436.82614    
0.72569   19.78000  0.00289      19.72919      309.83406    
0.72516   19.77000  0.00289      19.71398      376.57652    
0.72516   19.76000  0.00289      19.71398      254.13072    
0.72464   19.75000  0.00289      19.69880      314.61251    
0.72411   19.72000  0.00289      19.68363      158.69299    
0.72359   19.72000  0.00289      19.66849      318.33929    
0.72307   19.69000  0.00289      19.65338      160.95744    
0.72254   19.68000  0.00289      19.63828      208.87102    
0.72202   19.66000  0.00289      19.62320      162.46530    
0.72150   19.64000  0.00289      19.60815      121.71538    
0.72098   19.63000  0.00289      19.59312      163.20915    
0.72098   19.62000  0.00289      19.59312      86.69904     
0.72046   19.61000  0.00289      19.57811      122.02722    
0.72046   19.60000  0.00289      19.57811      57.49418     
0.71994   19.58000  0.00289      19.56312      34.17881     
0.71942   19.56000  0.00289      19.54816      16.83106     
0.71891   19.55000  0.00289      19.53321      33.82024     
0.71839   19.54000  0.00289      19.51829      56.56587     
0.71839   19.52000  0.00289      19.51829      0.35144      
0.71788   19.49000  0.00289      19.50339      21.50444     
0.71788   19.49000  0.00289      19.50339      21.50444     
0.71736   19.48000  0.00289      19.48851      8.68248      
0.71685   19.47000  0.00289      19.47365      1.59596      
0.71633   19.46000  0.00289      19.45881      0.17024      
0.71582   19.46000  0.00289      19.44399      30.74998     
0.71582   19.45000  0.00289      19.44399      4.33125      
0.71531   19.45000  0.00289      19.42920      51.93340     
0.71480   19.44000  0.00289      19.41442      78.50620     
0.71480   19.43000  0.00289      19.41442      29.11974     
0.71429   19.42000  0.00289      19.39967      49.60172     
0.71378   19.41000  0.00289      19.38494      75.37941     
0.71327   19.40000  0.00289      19.37023      106.38135    
0.71327   19.40000  0.00289      19.37023      106.38135    
0.71276   19.39000  0.00289      19.35554      142.53665    
0.71276   19.38000  0.00289      19.35554      71.82172     
0.71225   19.37000  0.00289      19.34087      101.85368    
0.71174   19.37000  0.00289      19.32622      230.02620    
0.71124   19.36000  0.00289      19.31159      281.22121    
0.71073   19.34000  0.00289      19.29698      222.05125    
0.71023   19.32000  0.00289      19.28240      169.67483    
0.70972   19.31000  0.00289      19.26783      213.37624    
0.70922   19.29000  0.00289      19.25329      161.73785    
0.70922   19.28000  0.00289      19.25329      85.62760     
0.70872   19.26000  0.00289      19.23876      54.11945     
0.70822   19.26000  0.00289      19.22426      153.28282    
0.70771   19.25000  0.00289      19.20978      194.14750    
0.70721   19.23000  0.00289      19.19531      144.37038    
0.70671   19.21000  0.00289      19.18087      101.80975    
0.70621   19.20000  0.00289      19.16645      135.06569    
0.70572   19.17000  0.00289      19.15205      38.66622     
0.70522   19.16000  0.00289      19.13767      59.84297     
0.70472   19.14000  0.00289      19.12331      33.43508     
0.70423   19.12000  0.00289      19.10897      14.60604     
0.70373   19.11000  0.00289      19.09465      28.28509     
0.70323   19.09000  0.00289      19.08035      11.18154     
0.70274   19.08000  0.00289      19.06607      23.29538     
0.70274   19.07000  0.00289      19.06607      1.85621      
0.70225   19.05000  0.00289      19.05181      0.39184      
0.70126   19.03000  0.00289      19.02335      5.31137      
0.70028   19.00000  0.00289      18.99497      3.03993      
0.69979   18.99000  0.00289      18.98081      10.14245     
0.69930   18.98000  0.00289      18.96667      21.33554     
0.69881   18.97000  0.00289      18.95255      36.56033     
0.69832   18.96000  0.00289      18.93844      55.75842     
0.69784   18.95000  0.00289      18.92436      78.87181     
0.69686   18.93000  0.00289      18.89626      136.61481    
0.69686   18.93000  0.00289      18.89626      136.61481    
0.69638   18.92000  0.00289      18.88224      171.13064    
0.69589   18.91000  0.00289      18.86823      209.33424    
0.69541   18.90000  0.00289      18.85425      251.16980    
0.69493   18.88000  0.00289      18.84029      189.26752    
0.69444   18.86000  0.00289      18.82634      135.95212    
0.69396   18.85000  0.00289      18.81242      169.51116    
0.69348   18.83000  0.00289      18.79851      118.99859    
0.69300   18.82000  0.00289      18.78462      150.18685    
0.69252   18.80000  0.00289      18.77076      102.63184    
0.69204   18.79000  0.00289      18.75691      131.41992    
0.69156   18.78000  0.00289      18.74308      163.59262    
0.69061   18.75000  0.00289      18.71548      143.02586    
0.69013   18.74000  0.00289      18.70170      175.98673    
0.68966   18.71000  0.00289      18.68795      58.33710     
0.68918   18.69000  0.00289      18.67422      29.89116     
0.68871   18.68000  0.00289      18.66050      45.61973     
0.68823   18.65000  0.00289      18.64681      1.22424      
0.68776   18.63000  0.00289      18.63313      1.17453      
0.68681   18.62000  0.00289      18.60583      24.09436     
0.68634   18.60000  0.00289      18.59221      7.28402      
0.68587   18.58000  0.00289      18.57861      0.23301      
0.68540   18.56000  0.00289      18.56502      3.02735      
0.68493   18.54000  0.00289      18.55146      15.75308     
0.68446   18.54000  0.00289      18.53791      0.52370      
0.68399   18.53000  0.00289      18.52438      3.78627      
0.68399   18.51000  0.00289      18.52438      24.82401     
0.68353   18.50000  0.00289      18.51087      14.18738     
0.68306   18.49000  0.00289      18.49738      6.53953      
0.68259   18.49000  0.00289      18.48391      4.45140      
0.68213   18.48000  0.00289      18.47046      10.93262     
0.68166   18.47000  0.00289      18.45702      20.22043     
0.68120   18.47000  0.00289      18.44360      83.62621     
0.68120   18.46000  0.00289      18.44360      32.26961     
0.68074   18.45000  0.00289      18.43020      47.03529     
0.68027   18.44000  0.00289      18.41682      64.47296     
0.67981   18.42000  0.00289      18.40346      32.83725     
0.67935   18.41000  0.00289      18.39011      47.45922     
0.67889   18.41000  0.00289      18.37679      132.37828    
0.67843   18.39000  0.00289      18.36348      84.41236     
0.67751   18.37000  0.00289      18.33691      131.35841    
0.67705   18.35000  0.00289      18.32366      83.25646     
0.67659   18.34000  0.00289      18.31042      104.97466    
0.67613   18.32000  0.00289      18.29720      62.35675     
0.67568   18.31000  0.00289      18.28400      81.09825     
0.67522   18.30000  0.00289      18.27082      102.17388    
0.67476   18.29000  0.00289      18.25766      125.54304    
0.67431   18.27000  0.00289      18.24451      77.98368     
0.67385   18.26000  0.00289      18.23138      98.30798     
0.67340   18.24000  0.00289      18.21827      56.68602     
0.67340   18.23000  0.00289      18.21827      16.52349     
0.67295   18.22000  0.00289      18.20517      26.38746     
0.67249   18.20000  0.00289      18.19209      7.50010      
0.67204   18.19000  0.00289      18.17903      14.42788     
0.67159   18.18000  0.00289      18.16599      23.54288     
0.67114   18.17000  0.00289      18.15297      34.80684     
0.67114   18.15000  0.00289      18.15297      1.05775      
0.67069   18.14000  0.00289      18.13996      0.00017      
0.67024   18.13000  0.00289      18.12697      1.09967      
0.66979   18.11000  0.00289      18.11400      1.92083      
0.66934   18.08000  0.00289      18.10105      53.15352     
0.66890   18.08000  0.00289      18.08811      7.89077      
0.66845   18.07000  0.00289      18.07519      3.23118      
0.66800   18.05000  0.00289      18.06229      18.11462     
0.66756   18.05000  0.00289      18.04940      0.04307      
0.66711   18.04000  0.00289      18.03653      1.44271      
0.66667   18.03000  0.00289      18.02368      4.79078      
0.66622   18.03000  0.00289      18.01085      44.01807     
0.66622   18.02000  0.00289      18.01085      10.05213     
0.66578   18.01000  0.00289      17.99803      17.19192     
0.66534   18.00000  0.00289      17.98523      26.17561     
0.66489   17.99000  0.00289      17.97245      36.96896     
0.66445   17.99000  0.00289      17.95968      110.30100    
0.66401   17.97000  0.00289      17.94693      63.84920     
0.66357   17.96000  0.00289      17.93420      79.86910     
0.66269   17.95000  0.00289      17.90879      203.81216    
0.66225   17.93000  0.00289      17.89611      137.85217    
0.66181   17.92000  0.00289      17.88344      160.37943    
0.66138   17.91000  0.00289      17.87079      184.45308    
0.66094   17.89000  0.00289      17.85816      121.63239    
0.66050   17.87000  0.00289      17.84555      71.74573     
0.65963   17.86000  0.00289      17.82037      188.47032    
0.65920   17.84000  0.00289      17.80780      124.38394    
0.65876   17.83000  0.00289      17.79526      144.85151    
0.65833   17.81000  0.00289      17.78273      89.26989     
0.65789   17.79000  0.00289      17.77021      46.99665     
0.65746   17.78000  0.00289      17.75771      59.61302     
0.65703   17.75000  0.00289      17.74523      2.73106      
0.65617   17.74000  0.00289      17.72031      46.50372     
0.65574   17.72000  0.00289      17.70788      17.62411     
0.65531   17.70000  0.00289      17.69546      2.46869      
0.65445   17.68000  0.00289      17.67068      10.42464     
0.65359   17.66000  0.00289      17.64596      23.65643     
0.65317   17.64000  0.00289      17.63362      4.87893      
0.65274   17.63000  0.00289      17.62130      9.07452      
0.65274   17.61000  0.00289      17.62130      15.33356     
0.65232   17.60000  0.00289      17.60900      9.72075      
0.65147   17.59000  0.00289      17.58444      3.70803      
0.65104   17.57000  0.00289      17.57219      0.57323      
0.65062   17.56000  0.00289      17.55995      0.00035      
0.65020   17.55000  0.00289      17.54772      0.62258      
0.64935   17.54000  0.00289      17.52332      33.37700     
0.64893   17.54000  0.00289      17.51115      99.90461     
0.64851   17.52000  0.00289      17.49899      52.99114     
0.64809   17.51000  0.00289      17.48684      64.35915     
0.64725   17.50000  0.00289      17.46260      167.85812    
0.64683   17.48000  0.00289      17.45050      104.41779    
0.64641   17.48000  0.00289      17.43842      207.46898    
0.64599   17.46000  0.00289      17.42635      135.84960    
0.64516   17.44000  0.00289      17.40227      170.84627    
0.64475   17.43000  0.00289      17.39025      189.62474    
0.64392   17.40000  0.00289      17.36626      136.64365    
0.64350   17.39000  0.00289      17.35428      153.09148    
0.64350   17.38000  0.00289      17.35428      79.36872     
0.64309   17.36000  0.00289      17.34232      37.49141     
0.64267   17.36000  0.00289      17.33038      105.26786    
0.64226   17.35000  0.00289      17.31845      119.41215    
0.64185   17.34000  0.00289      17.30654      134.32478    
0.64144   17.33000  0.00289      17.29465      149.98493    
0.64144   17.31000  0.00289      17.29465      28.28783     
0.64103   17.30000  0.00289      17.28277      35.64476     
0.64061   17.29000  0.00289      17.27090      43.78129     
0.63980   17.27000  0.00289      17.24721      62.31213     
0.63939   17.26000  0.00289      17.23539      72.66648     
0.63898   17.24000  0.00289      17.22359      32.32821     
0.63898   17.23000  0.00289      17.22359      4.93590      
0.63857   17.22000  0.00289      17.21180      8.07636      
0.63816   17.20000  0.00289      17.20002      0.00005      
0.63776   17.19000  0.00289      17.18826      0.36309      
0.63694   17.17000  0.00289      17.16478      3.26374      
0.63694   17.15000  0.00289      17.16478      26.23101     
0.63654   17.15000  0.00289      17.15307      1.13057      
0.63654   17.14000  0.00289      17.15307      20.49719     
0.63613   17.13000  0.00289      17.14137      15.51025     
0.63532   17.12000  0.00289      17.11801      0.47403      
0.63492   17.10000  0.00289      17.10636      4.84862      
0.63452   17.10000  0.00289      17.09472      3.35134      
0.63412   17.09000  0.00289      17.08309      5.73158      
0.63331   17.08000  0.00289      17.05988      48.57651     
0.63331   17.08000  0.00289      17.05988      48.57651     
0.63291   17.07000  0.00289      17.04830      56.51743     
0.63251   17.06000  0.00289      17.03673      64.97738     
0.63211   17.05000  0.00289      17.02518      73.93997     
0.63171   17.04000  0.00289      17.01364      83.38905     
0.63131   17.04000  0.00289      17.00212      172.23256    
0.63091   17.03000  0.00289      16.99061      186.22917    
0.63052   17.02000  0.00289      16.97911      200.63006    
0.63012   17.01000  0.00289      16.96763      215.41988    
0.62972   17.00000  0.00289      16.95616      230.58348    
0.62933   16.98000  0.00289      16.94471      149.41789    
0.62893   16.97000  0.00289      16.93328      161.83550    
0.62854   16.95000  0.00289      16.92185      95.06589     
0.62814   16.94000  0.00289      16.91045      104.81705    
0.62775   16.93000  0.00289      16.89905      114.93778    
0.62735   16.91000  0.00289      16.88767      59.82611     
0.62657   16.90000  0.00289      16.86496      147.37669    
0.62617   16.89000  0.00289      16.85362      158.83589    
0.62578   16.87000  0.00289      16.84230      92.10481     
0.62500   16.85000  0.00289      16.81969      110.22581    
0.62461   16.83000  0.00289      16.80841      55.92455     
0.62383   16.81000  0.00289      16.78589      69.73413     
0.62344   16.79000  0.00289      16.77466      28.25467     
0.62267   16.77000  0.00289      16.75222      37.93085     
0.62228   16.75000  0.00289      16.74102      9.66645      
0.62189   16.74000  0.00289      16.72984      12.38096     
0.62150   16.73000  0.00289      16.71867      15.39316     
0.62112   16.71000  0.00289      16.70752      0.73832      
0.62073   16.69000  0.00289      16.69638      4.88276      
0.62035   16.68000  0.00289      16.68525      3.30998      
0.61996   16.68000  0.00289      16.67414      4.12231      
0.61958   16.66000  0.00289      16.66304      1.10869      
0.61920   16.65000  0.00289      16.65195      0.45818      
0.61881   16.64000  0.00289      16.64088      0.09339      
0.61843   16.63000  0.00289      16.62982      0.00372      
0.61767   16.62000  0.00289      16.60775      18.01128     
0.61728   16.61000  0.00289      16.59673      21.12639     
0.61652   16.61000  0.00289      16.57474      149.21061    
0.61652   16.60000  0.00289      16.57474      76.58136     
0.61614   16.59000  0.00289      16.56376      82.61632     
0.61576   16.58000  0.00289      16.55280      88.79187     
0.61538   16.58000  0.00289      16.54185      174.66167    
0.61501   16.57000  0.00289      16.53091      183.33741    
0.61501   16.57000  0.00289      16.53091      183.33741    
0.61463   16.55000  0.00289      16.51999      108.07075    
0.61387   16.54000  0.00289      16.49819      209.81707    
0.61350   16.52000  0.00289      16.48730      128.29273    
0.61312   16.51000  0.00289      16.47643      135.20321    
0.61237   16.49000  0.00289      16.45474      149.22977    
0.61200   16.48000  0.00289      16.44391      156.33001    
0.61162   16.46000  0.00289      16.43309      86.89495     
0.61087   16.45000  0.00289      16.41150      177.88650    
0.61050   16.44000  0.00289      16.40072      185.13252    
0.61013   16.43000  0.00289      16.38996      192.39680    
0.61013   16.42000  0.00289      16.38996      108.29765    
0.60976   16.41000  0.00289      16.37921      113.77305    
0.60901   16.39000  0.00289      16.35775      124.82467    
0.60790   16.35000  0.00289      16.32565      71.12521     
0.60716   16.32000  0.00289      16.30432      29.48955     
0.60643   16.31000  0.00289      16.28304      87.19003     
0.60606   16.29000  0.00289      16.27242      37.06706     
0.60569   16.27000  0.00289      16.26182      8.03455      
0.60496   16.26000  0.00289      16.24064      44.97053     
0.60459   16.24000  0.00289      16.23007      11.82632     
0.60423   16.23000  0.00289      16.21952      13.18818     
0.60386   16.21000  0.00289      16.20897      0.12648      
0.60314   16.18000  0.00289      16.18792      7.53657      
0.60241   16.17000  0.00289      16.16693      1.13300      
0.60168   16.16000  0.00289      16.14598      23.58680     
0.60132   16.15000  0.00289      16.13553      25.14148     
0.60060   16.15000  0.00289      16.11465      149.92260    
0.60024   16.13000  0.00289      16.10424      79.64948     
0.59952   16.12000  0.00289      16.08344      160.39499    
0.59916   16.12000  0.00289      16.07306      264.39799    
0.59880   16.11000  0.00289      16.06269      268.55073    
0.59844   16.10000  0.00289      16.05234      272.59386    
0.59809   16.09000  0.00289      16.04200      276.52449    
0.59737   16.08000  0.00289      16.02135      412.80093    
0.59701   16.07000  0.00289      16.01104      417.11061    
0.59630   16.04000  0.00289      15.99047      294.39619    
0.59595   16.03000  0.00289      15.98020      297.59710    
0.59559   16.03000  0.00289      15.96994      432.80196    
0.59524   16.01000  0.00289      15.95970      303.60798    
0.59488   16.00000  0.00289      15.94947      306.41406    
0.59453   15.98000  0.00289      15.93925      199.28142    
0.59382   15.96000  0.00289      15.91885      203.24317    
0.59382   15.95000  0.00289      15.91885      116.47236    
0.59347   15.94000  0.00289      15.90866      117.84752    
0.59312   15.93000  0.00289      15.89849      119.13938    
0.59277   15.91000  0.00289      15.88833      56.34242     
0.59242   15.89000  0.00289      15.87818      16.75305     
0.59172   15.88000  0.00289      15.85793      58.47133     
0.59137   15.87000  0.00289      15.84781      59.06202     
0.59102   15.84000  0.00289      15.83772      0.62626      
0.59032   15.83000  0.00289      15.81755      18.59205     
0.58997   15.80000  0.00289      15.80749      6.73062      
0.58928   15.78000  0.00289      15.78740      6.56717      
0.58858   15.75000  0.00289      15.76735      36.13743     
0.58754   15.71000  0.00289      15.73738      89.93065     
0.58720   15.68000  0.00289      15.72741      269.68392    
0.58685   15.67000  0.00289      15.71745      270.16788    
0.58617   15.66000  0.00289      15.69757      169.37125    
0.58548   15.64000  0.00289      15.67774      170.87686    
0.58480   15.63000  0.00289      15.65795      93.73480     
0.58411   15.61000  0.00289      15.63821      95.48174     
0.58343   15.61000  0.00289      15.61851      8.69680      
0.58309   15.60000  0.00289      15.60868      9.04736      
0.58241   15.60000  0.00289      15.58906      14.36960     
0.58207   15.59000  0.00289      15.57926      13.83834     
0.58173   15.58000  0.00289      15.56948      13.28829     
0.58106   15.57000  0.00289      15.54994      48.27792     
0.58072   15.56000  0.00289      15.54019      47.08357     
0.58038   15.56000  0.00289      15.53045      104.76430    
0.57971   15.55000  0.00289      15.51101      182.43905    
0.57870   15.50000  0.00289      15.48193      39.19692     
0.57803   15.48000  0.00289      15.46259      36.35244     
0.57770   15.45000  0.00289      15.45295      1.04128      
0.57703   15.43000  0.00289      15.43368      1.62577      
0.57670   15.41000  0.00289      15.42406      23.73874     
0.57637   15.39000  0.00289      15.41446      71.79629     
0.57571   15.38000  0.00289      15.39528      28.03184     
0.57537   15.36000  0.00289      15.38571      79.33495     
0.57471   15.33000  0.00289      15.36660      160.76620    
0.57438   15.31000  0.00289      15.35706      265.79719    
0.57372   15.28000  0.00289      15.33802      403.94624    
0.57307   15.24000  0.00289      15.31902      749.26821    
0.57241   15.24000  0.00289      15.30006      432.88041    
0.57176   15.23000  0.00289      15.28115      313.92444    
0.57110   15.21000  0.00289      15.26228      327.94011    
0.57045   15.18000  0.00289      15.24345      483.09131    
0.56948   15.17000  0.00289      15.21529      246.11871    
0.56883   15.15000  0.00289      15.19657      260.22073    
0.56850   15.14000  0.00289      15.18722      267.59995    
0.56786   15.13000  0.00289      15.16857      178.48045    
0.56689   15.12000  0.00289      15.14066      51.22047     
0.56625   15.08000  0.00289      15.12211      212.77746    
0.56561   15.08000  0.00289      15.10360      66.83179     
0.56497   15.08000  0.00289      15.08513      3.16036      
0.56433   15.05000  0.00289      15.06671      33.49114     
0.56370   15.05000  0.00289      15.04832      0.33796      
0.56338   15.05000  0.00289      15.03915      14.13920     
0.56275   15.01000  0.00289      15.02082      14.05644     
0.56211   15.01000  0.00289      15.00254      6.67468      
0.56180   14.99000  0.00289      14.99342      1.40099      
0.56148   14.96000  0.00289      14.98430      70.87048     
0.56085   14.94000  0.00289      14.96610      81.76375     
0.56022   14.89000  0.00289      14.94794      402.91061    
0.55991   14.89000  0.00289      14.93888      286.72017    
0.55928   14.87000  0.00289      14.92078      309.47541    
0.55897   14.83000  0.00289      14.91175      801.96713    
0.55835   14.82000  0.00289      14.89371      652.03716    
0.55772   14.80000  0.00289      14.87572      687.96323    
0.55710   14.76000  0.00289      14.85776      1146.85065   
0.55648   14.76000  0.00289      14.83984      765.00663    
0.55586   14.71000  0.00289      14.82197      1504.40272   
0.55494   14.70000  0.00289      14.79523      1088.17915   
0.55432   14.70000  0.00289      14.77745      719.80751    
0.55371   14.65000  0.00289      14.75971      1444.38341   
0.55279   14.65000  0.00289      14.73318      830.21674    
0.55218   14.63000  0.00289      14.71554      877.98991    
0.55157   14.62000  0.00289      14.69794      728.87515    
0.55096   14.62000  0.00289      14.68037      437.38775    
0.55036   14.60000  0.00289      14.66285      474.00008    
0.54975   14.60000  0.00289      14.64536      246.94282    
0.54915   14.60000  0.00289      14.62792      93.52033     
0.54855   14.56000  0.00289      14.61051      306.12525    
0.54795   14.57000  0.00289      14.59314      64.24005     
0.54735   14.54000  0.00289      14.57580      153.83749    
0.54675   14.51000  0.00289      14.55851      282.38751    
0.54615   14.50000  0.00289      14.54125      204.21954    
0.54555   14.47000  0.00289      14.52403      350.36124    
0.54466   14.45000  0.00289      14.49828      279.66374    
0.54407   14.46000  0.00289      14.48115      53.67861     
0.54377   14.42000  0.00289      14.47260      332.02579    
0.54348   14.41000  0.00289      14.46406      350.71905    
0.54318   14.41000  0.00289      14.45553      248.77259    
0.54259   14.37000  0.00289      14.43850      563.04725    
0.54201   14.36000  0.00289      14.42150      453.91130    
0.54142   14.33000  0.00289      14.40454      666.81314    
0.54083   14.31000  0.00289      14.38762      723.01100    
0.54025   14.31000  0.00289      14.37074      442.65917    
0.53967   14.26000  0.00289      14.35389      1057.75888   
0.53908   14.25000  0.00289      14.33707      909.81399    
0.53879   14.26000  0.00289      14.32868      566.04197    
0.53792   14.21000  0.00289      14.30356      1050.32755   
0.53706   14.19000  0.00289      14.27851      940.13486    
0.53619   14.16000  0.00289      14.25355      1050.18069   
0.53533   14.15000  0.00289      14.22867      742.61354    
0.53476   14.14000  0.00289      14.21212      624.19852    
0.53419   14.12000  0.00289      14.19561      686.09114    
0.53362   14.12000  0.00289      14.17914      419.70574    
0.53305   14.11000  0.00289      14.16270      333.29505    
0.53220   14.08000  0.00289      14.13811      405.20584    
0.53163   14.09000  0.00289      14.12176      121.03125    
0.53107   14.05000  0.00289      14.10544      368.85721    
0.53079   14.05000  0.00289      14.09730      268.43776    
0.53079   14.05000  0.00289      14.09730      268.43776    
0.53050   14.02000  0.00289      14.08916      573.97539    
0.53050   14.03000  0.00289      14.08916      419.99100    
0.53050   14.04000  0.00289      14.08916      290.00661    
0.52910   13.99000  0.00289      14.04861      412.16591    
0.52770   13.98000  0.00289      14.00827      95.88103     
0.52715   13.95000  0.00289      13.99219      213.60355    
0.52659   13.93000  0.00289      13.97615      255.55564    
0.52604   13.91000  0.00289      13.96014      301.67265    
0.52521   13.88000  0.00289      13.93619      378.86671    
0.52438   13.86000  0.00289      13.91231      328.41679    
0.52329   13.83000  0.00289      13.88060      307.22140    
0.52274   13.79000  0.00289      13.86479      671.22165    
0.52219   13.78000  0.00289      13.84901      571.55865    
0.52110   13.75000  0.00289      13.81756      547.75943    
0.52002   13.72000  0.00289      13.78624      526.54441    
0.51948   13.71000  0.00289      13.77063      441.10758    
0.51867   13.69000  0.00289      13.74727      393.61204    
0.51813   13.68000  0.00289      13.73174      321.25770    
0.51760   13.67000  0.00289      13.71624      256.60218    
0.51680   13.63000  0.00289      13.69305      477.09861    
0.51573   13.64000  0.00289      13.66225      59.39757     
0.51520   13.62000  0.00289      13.64689      86.78649     
0.51520   13.61000  0.00289      13.64689      163.32912    
0.51493   13.62000  0.00289      13.63923      44.36101     
0.51493   13.59000  0.00289      13.63923      290.79495    
0.51440   13.59000  0.00289      13.62392      138.05936    
0.51387   13.58000  0.00289      13.60864      98.44654     
0.51361   13.56000  0.00289      13.60102      201.87666    
0.51361   13.56000  0.00289      13.60102      201.87666    
0.51308   13.56000  0.00289      13.58579      79.79264     
0.51256   13.53000  0.00289      13.57059      197.68743    
0.51230   13.53000  0.00289      13.56300      130.68516    
0.51151   13.50000  0.00289      13.54028      194.74410    
0.51099   13.48000  0.00289      13.52518      244.94397    
0.51046   13.47000  0.00289      13.51011      193.01213    
0.50994   13.44000  0.00289      13.49506      363.81479    
0.50916   13.43000  0.00289      13.47255      217.29850    
0.50839   13.41000  0.00289      13.45011      193.10025    
0.50761   13.39000  0.00289      13.42774      170.94856    
0.50710   13.38000  0.00289      13.41287      129.63145    
0.50633   13.35000  0.00289      13.39061      197.89678    
0.50505   13.33000  0.00289      13.35366      67.19396     
0.50352   13.29000  0.00289      13.30957      45.97324     
0.50226   13.25000  0.00289      13.27303      63.67051     
0.50075   13.20000  0.00289      13.22943      103.93177    
0.49925   13.15000  0.00289      13.18609      156.26254    
0.49850   13.13000  0.00289      13.16451      142.92291    
0.49776   13.14000  0.00289      13.14300      1.08074      
0.49727   13.12000  0.00289      13.12870      9.07562      
0.49702   13.11000  0.00289      13.12155      16.02214     
0.49652   13.11000  0.00289      13.10729      0.87926      
0.49628   13.08000  0.00289      13.10017      48.83307     
0.49579   13.07000  0.00289      13.08595      30.54116     
0.49554   13.07000  0.00289      13.07885      9.40763      
0.49529   13.05000  0.00289      13.07176      56.83057     
0.49480   13.05000  0.00289      13.05760      6.92917      
0.49432   13.02000  0.00289      13.04346      66.06541     
0.49383   13.01000  0.00289      13.02936      44.96057     
0.49334   12.99000  0.00289      13.01528      76.67123     
0.49285   12.96000  0.00289      13.00123      203.94336    
0.49261   12.96000  0.00289      12.99421      140.43790    
0.49188   12.94000  0.00289      12.97320      132.30809    
0.49092   12.90000  0.00289      12.94529      246.19181    
0.49044   12.89000  0.00289      12.93138      205.48111    
0.48996   12.87000  0.00289      12.91749      270.67724    
0.48972   12.85000  0.00289      12.91056      440.10739    
0.48948   12.86000  0.00289      12.90363      228.47072    
0.48924   12.83000  0.00289      12.89671      534.09583    
0.48852   12.83000  0.00289      12.87600      253.87475    
0.48780   12.81000  0.00289      12.85534      246.66558    
0.48733   12.78000  0.00289      12.84160      455.34497    
0.48709   12.78000  0.00289      12.83474      359.58588    
0.48662   12.77000  0.00289      12.82104      312.64114    
0.48614   12.75000  0.00289      12.80737      394.97196    
0.48544   12.74000  0.00289      12.78691      264.10479    
0.48473   12.71000  0.00289      12.76652      383.27910    
0.48426   12.72000  0.00289      12.75295      130.28151    
0.48356   12.71000  0.00289      12.73265      61.56372     
0.48286   12.69000  0.00289      12.71241      60.26250     
0.48239   12.69000  0.00289      12.69895      9.60869      
0.48170   12.67000  0.00289      12.67881      9.30363      
0.48100   12.64000  0.00289      12.65872      42.05288     
0.48031   12.63000  0.00289      12.63869      9.06794      
0.48008   12.62000  0.00289      12.63203      17.36643     
0.47985   12.61000  0.00289      12.62537      28.36119     
0.47939   12.61000  0.00289      12.61208      0.51896      
0.47893   12.57000  0.00289      12.59881      99.60999     
0.47824   12.55000  0.00289      12.57896      100.61494    
0.47733   12.54000  0.00289      12.55257      18.96427     
0.47664   12.49000  0.00289      12.53285      220.31987    
0.47642   12.50000  0.00289      12.52629      82.91991     
0.47619   12.48000  0.00289      12.51973      189.43031    
0.47574   12.47000  0.00289      12.50664      161.09214    
0.47506   12.46000  0.00289      12.48705      87.78893     
0.47438   12.43000  0.00289      12.46751      168.85605    
0.47393   12.42000  0.00289      12.45452      142.98524    
0.47304   12.40000  0.00289      12.42861      98.19928     
0.47237   12.37000  0.00289      12.40924      184.73978    
0.47170   12.36000  0.00289      12.38992      107.43395    
0.47103   12.33000  0.00289      12.37066      198.39516    
0.47081   12.32000  0.00289      12.36425      234.99517    
0.47059   12.32000  0.00289      12.35785      171.91958    
0.47015   12.29000  0.00289      12.34506      363.85135    
0.46970   12.30000  0.00289      12.33230      125.21343    
0.46926   12.29000  0.00289      12.31956      104.88576    
0.46860   12.26000  0.00289      12.30050      196.84866    
0.46816   12.26000  0.00289      12.28782      92.89707     
0.46751   12.25000  0.00289      12.26885      42.63918     
0.46685   12.25000  0.00289      12.24993      0.00059      
0.46598   12.24000  0.00289      12.22479      27.77825     
0.46555   12.21000  0.00289      12.21225      0.60652      
0.46490   12.20000  0.00289      12.19349      5.09167      
0.46447   12.19000  0.00289      12.18101      9.70459      
0.46425   12.16000  0.00289      12.17478      26.20080     
0.46361   12.15000  0.00289      12.15612      4.49245      
0.46296   12.13000  0.00289      12.13751      6.77282      
0.46232   12.11000  0.00289      12.11896      9.63026      
0.46168   12.10000  0.00289      12.10046      0.02489      
0.46104   12.06000  0.00289      12.08200      58.09963     
0.46062   12.05000  0.00289      12.06973      46.71699     
0.46019   12.05000  0.00289      12.05748      6.71524      
0.45977   12.01000  0.00289      12.04525      149.13259    
0.45872   12.00000  0.00289      12.01478      26.22045     
0.45809   11.98000  0.00289      11.99657      32.93274     
0.45767   11.95000  0.00289      11.98445      142.41824    
0.45746   11.96000  0.00289      11.97840      40.62966     
0.45683   11.92000  0.00289      11.96028      194.74275    
0.45620   11.92000  0.00289      11.94222      59.23893     
0.45537   11.90000  0.00289      11.91821      39.77860     
0.45434   11.84000  0.00289      11.88832      280.12147    
0.45351   11.83000  0.00289      11.86450      142.82394    
0.45310   11.82000  0.00289      11.85262      127.71702    
0.45228   11.80000  0.00289      11.82894      100.48299    
0.45147   11.79000  0.00289      11.80534      28.22349     
0.45045   11.77000  0.00289      11.77595      4.25456      
0.44984   11.75000  0.00289      11.75839      8.44463      
0.44964   11.76000  0.00289      11.75254      6.67079      
0.44903   11.73000  0.00289      11.73504      3.05017      
0.44863   11.73000  0.00289      11.72340      5.22803      
0.44823   11.72000  0.00289      11.71178      8.11178      
0.44783   11.70000  0.00289      11.70018      0.00379      
0.44743   11.70000  0.00289      11.68860      15.60062     
0.44703   11.68000  0.00289      11.67704      1.05209      
0.44683   11.67000  0.00289      11.67127      0.19272      
0.44643   11.67000  0.00289      11.65974      12.63403     
0.44603   11.67000  0.00289      11.64823      56.86285     
0.44563   11.65000  0.00289      11.63674      21.08412     
0.44484   11.63000  0.00289      11.61383      31.36788     
0.44405   11.60000  0.00289      11.59100      9.71796      
0.44385   11.59000  0.00289      11.58531      2.64425      
0.44385   11.59000  0.00289      11.58531      2.64425      
0.44366   11.58000  0.00289      11.57962      0.01772      
0.44267   11.53000  0.00289      11.55124      54.14093     
0.44189   11.49000  0.00289      11.52863      179.08492    
0.44170   11.50000  0.00289      11.52299      63.43222     
0.44111   11.50000  0.00289      11.50610      4.46731      
0.44014   11.46000  0.00289      11.47805      39.09944     
0.43937   11.44000  0.00289      11.45570      29.57462     
0.43898   11.42000  0.00289      11.44455      72.33849     
0.43860   11.41000  0.00289      11.43343      65.85038     
0.43840   11.41000  0.00289      11.42787      38.31758     
0.43802   11.38000  0.00289      11.41677      162.25847    
0.43725   11.38000  0.00289      11.39463      25.70022     
0.43649   11.37000  0.00289      11.37257      0.79546      
0.43592   11.34000  0.00289      11.35608      31.02892     
0.43535   11.33000  0.00289      11.33963      11.12596     
0.43478   11.32000  0.00289      11.32322      1.24462      
0.43422   11.32000  0.00289      11.30685      20.73530     
0.43384   11.31000  0.00289      11.29597      23.62726     
0.43346   11.30000  0.00289      11.28510      26.64040     
0.43290   11.29000  0.00289      11.26883      53.76161     
0.43253   11.29000  0.00289      11.25801      122.78204    
0.43253   11.27000  0.00289      11.25801      17.24328     
0.43234   11.27000  0.00289      11.25261      36.29230     
0.43178   11.25000  0.00289      11.23643      22.10718     
0.43122   11.24000  0.00289      11.22029      46.63446     
0.43103   11.23000  0.00289      11.21492      27.30446     
0.43103   11.21000  0.00289      11.21492      2.89965      
0.43085   11.21000  0.00289      11.20955      0.02436      
0.43029   11.20000  0.00289      11.19348      5.10377      
0.42937   11.16000  0.00289      11.16679      5.52490      
0.42863   11.15000  0.00289      11.14551      2.41568      
0.42790   11.13000  0.00289      11.12431      3.87962      
0.42717   11.10000  0.00289      11.10319      1.21902      
0.42699   11.10000  0.00289      11.09792      0.52076      
0.42680   11.08000  0.00289      11.09265      19.20540     
0.42644   11.06000  0.00289      11.08213      58.78179     
0.42571   11.05000  0.00289      11.06115      14.91736     
0.42481   11.02000  0.00289      11.03502      27.07569     
0.42427   11.02000  0.00289      11.01940      0.04361      
0.42409   11.01000  0.00289      11.01420      2.11478      
0.42355   10.98000  0.00289      10.99863      41.63601     
0.42248   10.96000  0.00289      10.96760      6.93766      
0.42176   10.92000  0.00289      10.94701      87.53470     
0.42105   10.91000  0.00289      10.92648      32.60156     
0.42052   10.91000  0.00289      10.91113      0.15424      
0.41999   10.87000  0.00289      10.89582      80.02191     
0.41929   10.86000  0.00289      10.87547      28.71702     
0.41859   10.87000  0.00289      10.85518      26.34189     
0.41771   10.84000  0.00289      10.82992      12.18749     
0.41701   10.83000  0.00289      10.80979      49.01995     
0.41649   10.82000  0.00289      10.79473      76.61368     
0.41580   10.81000  0.00289      10.77472      149.39479    
0.41545   10.82000  0.00289      10.76473      366.53570    
0.41494   10.78000  0.00289      10.74979      109.52481    
0.41459   10.77000  0.00289      10.73985      109.10396    
0.41425   10.77000  0.00289      10.72992      192.75305    
0.41391   10.73000  0.00289      10.72001      11.96968     
0.41339   10.73000  0.00289      10.70518      73.92466     
0.41271   10.70000  0.00289      10.68546      25.36946     
0.41220   10.70000  0.00289      10.67071      102.92925    
0.41203   10.70000  0.00289      10.66581      140.31502    
0.41169   10.67000  0.00289      10.65600      23.51354     
0.41118   10.65000  0.00289      10.64133      9.02568      
0.41034   10.64000  0.00289      10.61695      63.75547     
0.40967   10.60000  0.00289      10.59752      0.73790      
0.40900   10.59000  0.00289      10.57815      16.83952     
0.40850   10.57000  0.00289      10.56367      4.80717      
0.40766   10.54000  0.00289      10.53961      0.01818      
0.40667   10.51000  0.00289      10.51087      0.09041      
0.40601   10.48000  0.00289      10.49178      16.66327     
0.40535   10.47000  0.00289      10.47276      0.91526      
0.40502   10.46000  0.00289      10.46327      1.28610      
0.40469   10.44000  0.00289      10.45380      22.85659     
0.40453   10.44000  0.00289      10.44907      9.87306      
0.40388   10.42000  0.00289      10.43019      12.45191     
0.40306   10.41000  0.00289      10.40667      1.33295      
0.40241   10.40000  0.00289      10.38792      17.51185     
0.40177   10.38000  0.00289      10.36923      13.91233     
0.40096   10.38000  0.00289      10.34596      139.06271    
0.40000   10.36000  0.00289      10.31815      210.15681    
0.39888   10.32000  0.00289      10.28588      139.71305    
0.39857   10.32000  0.00289      10.27669      225.08264    
0.39825   10.31000  0.00289      10.26752      216.56978    
0.39793   10.29000  0.00289      10.25836      120.13708    
0.39761   10.28000  0.00289      10.24922      113.72426    
0.39730   10.26000  0.00289      10.24009      47.58894     
0.39683   10.25000  0.00289      10.22642      66.72830     
0.39635   10.24000  0.00289      10.21278      88.88239     
0.39573   10.22000  0.00289      10.19466      77.08094     
0.39510   10.21000  0.00289      10.17658      133.99582    
0.39432   10.18000  0.00289      10.15407      80.65494     
0.39355   10.15000  0.00289      10.13165      40.38953     
0.39293   10.14000  0.00289      10.11378      82.49395     
0.39216   10.11000  0.00289      10.09152      40.98948     
0.39170   10.10000  0.00289      10.07820      57.01603     
0.39170   10.10000  0.00289      10.07820      57.01603     
0.39124   10.07000  0.00289      10.06492      3.09921      
0.39062   10.06000  0.00289      10.04725      19.49576     
0.39032   10.04000  0.00289      10.03844      0.29112      
0.39002   10.03000  0.00289      10.02964      0.01514      
0.38895   10.02000  0.00289      9.99896       53.11770     
0.38760   9.98000   0.00289      9.95975       49.18499     
0.38685   9.97000   0.00289      9.93809       122.17916    
0.38595   9.95000   0.00289      9.91221       171.40769    
0.38506   9.93000   0.00289      9.88644       227.69753    
0.38476   9.92000   0.00289      9.87788       212.91428    
0.38462   9.92000   0.00289      9.87360       258.33775    
0.38417   9.92000   0.00289      9.86079       420.65919    
0.38373   9.89000   0.00289      9.84801       211.54383    
0.38314   9.84000   0.00289      9.83102       9.67649      
0.38270   9.85000   0.00289      9.81831       120.51605    
0.38226   9.86000   0.00289      9.80563       354.76309    
0.38183   9.83000   0.00289      9.79297       164.50270    
0.38153   9.83000   0.00289      9.78456       247.81978    
0.38124   9.82000   0.00289      9.77615       230.74144    
0.38081   9.79000   0.00289      9.76356       83.86038     
0.38023   9.78000   0.00289      9.74683       132.03937    
0.37965   9.76000   0.00289      9.73014       106.96599    
0.37936   9.75000   0.00289      9.72182       95.28996     
0.37879   9.75000   0.00289      9.70521       240.72133    
0.37836   9.72000   0.00289      9.69279       88.86112     
0.37779   9.70000   0.00289      9.67627       67.59372     
0.37750   9.69000   0.00289      9.66802       57.95046     
0.37707   9.67000   0.00289      9.65568       24.59034     
0.37679   9.66000   0.00289      9.64747       18.82773     
0.37636   9.65000   0.00289      9.63518       26.35239     
0.37608   9.64000   0.00289      9.62700       20.27696     
0.37580   9.64000   0.00289      9.61883       53.76371     
0.37523   9.60000   0.00289      9.60253       0.77091      
0.37467   9.60000   0.00289      9.58628       22.57278     
0.37425   9.59000   0.00289      9.57413       30.22517     
0.37369   9.57000   0.00289      9.55796       17.38224     
0.37300   9.54000   0.00289      9.53783       0.56697      
0.37230   9.53000   0.00289      9.51776       17.96899     
0.37161   9.51000   0.00289      9.49777       17.93575     
0.37092   9.49000   0.00289      9.47786       17.68587     
0.37051   9.47000   0.00289      9.46595       1.97162      
0.37010   9.48000   0.00289      9.45406       80.74768     
0.36955   9.47000   0.00289      9.43825       120.95531    
0.36887   9.44000   0.00289      9.41856       55.17611     
0.36819   9.45000   0.00289      9.39893       312.91642    
0.36765   9.44000   0.00289      9.38329       385.93282    
0.36724   9.42000   0.00289      9.37159       281.27964    
0.36684   9.42000   0.00289      9.35991       433.34304    
0.36643   9.39000   0.00289      9.34825       209.12612    
0.36590   9.39000   0.00289      9.33276       393.21100    
0.36536   9.39000   0.00289      9.31731       634.14383    
0.36483   9.36000   0.00289      9.30190       405.09408    
0.36443   9.35000   0.00289      9.29037       426.64627    
0.36390   9.33000   0.00289      9.27504       362.41043    
0.36337   9.31000   0.00289      9.25976       302.87511    
0.36298   9.30000   0.00289      9.24833       320.40784    
0.36258   9.29000   0.00289      9.23692       338.11689    
0.36179   9.26000   0.00289      9.21418       251.98854    
0.36075   9.24000   0.00289      9.18400       376.26504    
0.36023   9.20000   0.00289      9.16898       115.44128    
0.35997   9.20000   0.00289      9.16149       177.96490    
0.35958   9.19000   0.00289      9.15027       189.42645    
0.35920   9.17000   0.00289      9.13907       114.78184    
0.35881   9.17000   0.00289      9.12790       212.68964    
0.35829   9.15000   0.00289      9.11304       163.91875    
0.35765   9.12000   0.00289      9.09453       77.86836     
0.35714   9.11000   0.00289      9.07976       109.71597    
0.35663   9.10000   0.00289      9.06504       146.65649    
0.35625   9.08000   0.00289      9.05403       80.95047     
0.35562   9.07000   0.00289      9.03572       140.98804    
0.35461   9.02000   0.00289      9.00657       21.63804     
0.35386   9.01000   0.00289      8.98482       76.10474     

Gradi di liberta = 737
Chi-quadro = 103717.34851560053
p-value = 0.0
Errore a posteriori = 0.03425

Test ipotesi funzione costante_______________________________
Gradi di Liberta' = 737
t = 2471.754138084908
p-value = 0.0

Test ipotesi compatibilità misure____________________________
x         y         sy           y_media_p     Chi-quadro   
0.73421   19.99000  0.00289      14.71811      3335144.53352
0.73368   19.98000  0.00289      14.71811      3322503.98683
0.73368   19.97000  0.00289      14.71811      3309887.44015
0.73314   19.96000  0.00289      14.71811      3297294.89346
0.73260   19.95000  0.00289      14.71811      3284726.34678
0.73206   19.93000  0.00289      14.71811      3259661.25341
0.73153   19.94000  0.00289      14.71811      3272181.80009
0.73153   19.91000  0.00289      14.71811      3234692.16004
0.73099   19.91000  0.00289      14.71811      3234692.16004
0.73046   19.92000  0.00289      14.71811      3247164.70672
0.72993   19.90000  0.00289      14.71811      3222243.61335
0.72993   19.89000  0.00289      14.71811      3209819.06667
0.72939   19.86000  0.00289      14.71811      3172689.42661
0.72886   19.86000  0.00289      14.71811      3172689.42661
0.72886   19.87000  0.00289      14.71811      3185041.97330
0.72833   19.85000  0.00289      14.71811      3160360.87993
0.72780   19.84000  0.00289      14.71811      3148056.33324
0.72674   19.82000  0.00289      14.71811      3123519.23988
0.72569   19.78000  0.00289      14.71811      3074733.05314
0.72516   19.77000  0.00289      14.71811      3062596.50645
0.72516   19.76000  0.00289      14.71811      3050483.95977
0.72464   19.75000  0.00289      14.71811      3038395.41308
0.72411   19.72000  0.00289      14.71811      3002273.77303
0.72359   19.72000  0.00289      14.71811      3002273.77303
0.72307   19.69000  0.00289      14.71811      2966368.13297
0.72254   19.68000  0.00289      14.71811      2954447.58629
0.72202   19.66000  0.00289      14.71811      2930678.49292
0.72150   19.64000  0.00289      14.71811      2907005.39955
0.72098   19.63000  0.00289      14.71811      2895204.85287
0.72098   19.62000  0.00289      14.71811      2883428.30618
0.72046   19.61000  0.00289      14.71811      2871675.75950
0.72046   19.60000  0.00289      14.71811      2859947.21281
0.71994   19.58000  0.00289      14.71811      2836562.11944
0.71942   19.56000  0.00289      14.71811      2813273.02607
0.71891   19.55000  0.00289      14.71811      2801664.47939
0.71839   19.54000  0.00289      14.71811      2790079.93270
0.71839   19.52000  0.00289      14.71811      2766982.83933
0.71788   19.49000  0.00289      14.71811      2732517.19928
0.71788   19.49000  0.00289      14.71811      2732517.19928
0.71736   19.48000  0.00289      14.71811      2721076.65260
0.71685   19.47000  0.00289      14.71811      2709660.10591
0.71633   19.46000  0.00289      14.71811      2698267.55923
0.71582   19.46000  0.00289      14.71811      2698267.55923
0.71582   19.45000  0.00289      14.71811      2686899.01254
0.71531   19.45000  0.00289      14.71811      2686899.01254
0.71480   19.44000  0.00289      14.71811      2675554.46586
0.71480   19.43000  0.00289      14.71811      2664233.91917
0.71429   19.42000  0.00289      14.71811      2652937.37249
0.71378   19.41000  0.00289      14.71811      2641664.82580
0.71327   19.40000  0.00289      14.71811      2630416.27912
0.71327   19.40000  0.00289      14.71811      2630416.27912
0.71276   19.39000  0.00289      14.71811      2619191.73243
0.71276   19.38000  0.00289      14.71811      2607991.18575
0.71225   19.37000  0.00289      14.71811      2596814.63906
0.71174   19.37000  0.00289      14.71811      2596814.63906
0.71124   19.36000  0.00289      14.71811      2585662.09238
0.71073   19.34000  0.00289      14.71811      2563428.99901
0.71023   19.32000  0.00289      14.71811      2541291.90564
0.70972   19.31000  0.00289      14.71811      2530259.35896
0.70922   19.29000  0.00289      14.71811      2508266.26559
0.70922   19.28000  0.00289      14.71811      2497305.71890
0.70872   19.26000  0.00289      14.71811      2475456.62553
0.70822   19.26000  0.00289      14.71811      2475456.62553
0.70771   19.25000  0.00289      14.71811      2464568.07885
0.70721   19.23000  0.00289      14.71811      2442862.98548
0.70671   19.21000  0.00289      14.71811      2421253.89211
0.70621   19.20000  0.00289      14.71811      2410485.34542
0.70572   19.17000  0.00289      14.71811      2378323.70537
0.70522   19.16000  0.00289      14.71811      2367651.15868
0.70472   19.14000  0.00289      14.71811      2346378.06532
0.70423   19.12000  0.00289      14.71811      2325200.97195
0.70373   19.11000  0.00289      14.71811      2314648.42526
0.70323   19.09000  0.00289      14.71811      2293615.33189
0.70274   19.08000  0.00289      14.71811      2283134.78521
0.70274   19.07000  0.00289      14.71811      2272678.23852
0.70225   19.05000  0.00289      14.71811      2251837.14515
0.70126   19.03000  0.00289      14.71811      2231092.05178
0.70028   19.00000  0.00289      14.71811      2200154.41173
0.69979   18.99000  0.00289      14.71811      2189889.86504
0.69930   18.98000  0.00289      14.71811      2179649.31836
0.69881   18.97000  0.00289      14.71811      2169432.77168
0.69832   18.96000  0.00289      14.71811      2159240.22499
0.69784   18.95000  0.00289      14.71811      2149071.67831
0.69686   18.93000  0.00289      14.71811      2128806.58494
0.69686   18.93000  0.00289      14.71811      2128806.58494
0.69638   18.92000  0.00289      14.71811      2118710.03825
0.69589   18.91000  0.00289      14.71811      2108637.49157
0.69541   18.90000  0.00289      14.71811      2098588.94488
0.69493   18.88000  0.00289      14.71811      2078563.85151
0.69444   18.86000  0.00289      14.71811      2058634.75814
0.69396   18.85000  0.00289      14.71811      2048706.21146
0.69348   18.83000  0.00289      14.71811      2028921.11809
0.69300   18.82000  0.00289      14.71811      2019064.57140
0.69252   18.80000  0.00289      14.71811      1999423.47804
0.69204   18.79000  0.00289      14.71811      1989638.93135
0.69156   18.78000  0.00289      14.71811      1979878.38467
0.69061   18.75000  0.00289      14.71811      1950740.74461
0.69013   18.74000  0.00289      14.71811      1941076.19793
0.68966   18.71000  0.00289      14.71811      1912226.55787
0.68918   18.69000  0.00289      14.71811      1893113.46450
0.68871   18.68000  0.00289      14.71811      1883592.91782
0.68823   18.65000  0.00289      14.71811      1855175.27776
0.68776   18.63000  0.00289      14.71811      1836350.18440
0.68681   18.62000  0.00289      14.71811      1826973.63771
0.68634   18.60000  0.00289      14.71811      1808292.54434
0.68587   18.58000  0.00289      14.71811      1789707.45097
0.68540   18.56000  0.00289      14.71811      1771218.35760
0.68493   18.54000  0.00289      14.71811      1752825.26423
0.68446   18.54000  0.00289      14.71811      1752825.26423
0.68399   18.53000  0.00289      14.71811      1743664.71755
0.68399   18.51000  0.00289      14.71811      1725415.62418
0.68353   18.50000  0.00289      14.71811      1716327.07749
0.68306   18.49000  0.00289      14.71811      1707262.53081
0.68259   18.49000  0.00289      14.71811      1707262.53081
0.68213   18.48000  0.00289      14.71811      1698221.98412
0.68166   18.47000  0.00289      14.71811      1689205.43744
0.68120   18.47000  0.00289      14.71811      1689205.43744
0.68120   18.46000  0.00289      14.71811      1680212.89075
0.68074   18.45000  0.00289      14.71811      1671244.34407
0.68027   18.44000  0.00289      14.71811      1662299.79739
0.67981   18.42000  0.00289      14.71811      1644482.70402
0.67935   18.41000  0.00289      14.71811      1635610.15733
0.67889   18.41000  0.00289      14.71811      1635610.15733
0.67843   18.39000  0.00289      14.71811      1617937.06396
0.67751   18.37000  0.00289      14.71811      1600359.97059
0.67705   18.35000  0.00289      14.71811      1582878.87722
0.67659   18.34000  0.00289      14.71811      1574174.33054
0.67613   18.32000  0.00289      14.71811      1556837.23717
0.67568   18.31000  0.00289      14.71811      1548204.69048
0.67522   18.30000  0.00289      14.71811      1539596.14380
0.67476   18.29000  0.00289      14.71811      1531011.59711
0.67431   18.27000  0.00289      14.71811      1513914.50375
0.67385   18.26000  0.00289      14.71811      1505401.95706
0.67340   18.24000  0.00289      14.71811      1488448.86369
0.67340   18.23000  0.00289      14.71811      1480008.31701
0.67295   18.22000  0.00289      14.71811      1471591.77032
0.67249   18.20000  0.00289      14.71811      1454830.67695
0.67204   18.19000  0.00289      14.71811      1446486.13027
0.67159   18.18000  0.00289      14.71811      1438165.58358
0.67114   18.17000  0.00289      14.71811      1429869.03690
0.67114   18.15000  0.00289      14.71811      1413347.94353
0.67069   18.14000  0.00289      14.71811      1405123.39684
0.67024   18.13000  0.00289      14.71811      1396922.85016
0.66979   18.11000  0.00289      14.71811      1380593.75679
0.66934   18.08000  0.00289      14.71811      1356280.11674
0.66890   18.08000  0.00289      14.71811      1356280.11674
0.66845   18.07000  0.00289      14.71811      1348223.57005
0.66800   18.05000  0.00289      14.71811      1332182.47668
0.66756   18.05000  0.00289      14.71811      1332182.47668
0.66711   18.04000  0.00289      14.71811      1324197.93000
0.66667   18.03000  0.00289      14.71811      1316237.38331
0.66622   18.03000  0.00289      14.71811      1316237.38331
0.66622   18.02000  0.00289      14.71811      1308300.83663
0.66578   18.01000  0.00289      14.71811      1300388.28994
0.66534   18.00000  0.00289      14.71811      1292499.74326
0.66489   17.99000  0.00289      14.71811      1284635.19657
0.66445   17.99000  0.00289      14.71811      1284635.19657
0.66401   17.97000  0.00289      14.71811      1268978.10320
0.66357   17.96000  0.00289      14.71811      1261185.55652
0.66269   17.95000  0.00289      14.71811      1253417.00983
0.66225   17.93000  0.00289      14.71811      1237951.91647
0.66181   17.92000  0.00289      14.71811      1230255.36978
0.66138   17.91000  0.00289      14.71811      1222582.82310
0.66094   17.89000  0.00289      14.71811      1207309.72973
0.66050   17.87000  0.00289      14.71811      1192132.63636
0.65963   17.86000  0.00289      14.71811      1184580.08967
0.65920   17.84000  0.00289      14.71811      1169546.99630
0.65876   17.83000  0.00289      14.71811      1162066.44962
0.65833   17.81000  0.00289      14.71811      1147177.35625
0.65789   17.79000  0.00289      14.71811      1132384.26288
0.65746   17.78000  0.00289      14.71811      1125023.71619
0.65703   17.75000  0.00289      14.71811      1103086.07614
0.65617   17.74000  0.00289      14.71811      1095821.52946
0.65574   17.72000  0.00289      14.71811      1081364.43609
0.65531   17.70000  0.00289      14.71811      1067003.34272
0.65445   17.68000  0.00289      14.71811      1052738.24935
0.65359   17.66000  0.00289      14.71811      1038569.15598
0.65317   17.64000  0.00289      14.71811      1024496.06261
0.65274   17.63000  0.00289      14.71811      1017495.51592
0.65274   17.61000  0.00289      14.71811      1003566.42255
0.65232   17.60000  0.00289      14.71811      996637.87587 
0.65147   17.59000  0.00289      14.71811      989733.32919 
0.65104   17.57000  0.00289      14.71811      975996.23582 
0.65062   17.56000  0.00289      14.71811      969163.68913 
0.65020   17.55000  0.00289      14.71811      962355.14245 
0.64935   17.54000  0.00289      14.71811      955570.59576 
0.64893   17.54000  0.00289      14.71811      955570.59576 
0.64851   17.52000  0.00289      14.71811      942073.50239 
0.64809   17.51000  0.00289      14.71811      935360.95571 
0.64725   17.50000  0.00289      14.71811      928672.40902 
0.64683   17.48000  0.00289      14.71811      915367.31565 
0.64641   17.48000  0.00289      14.71811      915367.31565 
0.64599   17.46000  0.00289      14.71811      902158.22228 
0.64516   17.44000  0.00289      14.71811      889045.12891 
0.64475   17.43000  0.00289      14.71811      882524.58223 
0.64392   17.40000  0.00289      14.71811      863106.94218 
0.64350   17.39000  0.00289      14.71811      856682.39549 
0.64350   17.38000  0.00289      14.71811      850281.84881 
0.64309   17.36000  0.00289      14.71811      837552.75544 
0.64267   17.36000  0.00289      14.71811      837552.75544 
0.64226   17.35000  0.00289      14.71811      831224.20875 
0.64185   17.34000  0.00289      14.71811      824919.66207 
0.64144   17.33000  0.00289      14.71811      818639.11538 
0.64144   17.31000  0.00289      14.71811      806150.02201 
0.64103   17.30000  0.00289      14.71811      799941.47533 
0.64061   17.29000  0.00289      14.71811      793756.92864 
0.63980   17.27000  0.00289      14.71811      781459.83527 
0.63939   17.26000  0.00289      14.71811      775347.28859 
0.63898   17.24000  0.00289      14.71811      763194.19522 
0.63898   17.23000  0.00289      14.71811      757153.64854 
0.63857   17.22000  0.00289      14.71811      751137.10185 
0.63816   17.20000  0.00289      14.71811      739176.00848 
0.63776   17.19000  0.00289      14.71811      733231.46180 
0.63694   17.17000  0.00289      14.71811      721414.36843 
0.63694   17.15000  0.00289      14.71811      709693.27506 
0.63654   17.15000  0.00289      14.71811      709693.27506 
0.63654   17.14000  0.00289      14.71811      703868.72837 
0.63613   17.13000  0.00289      14.71811      698068.18169 
0.63532   17.12000  0.00289      14.71811      692291.63500 
0.63492   17.10000  0.00289      14.71811      680810.54163 
0.63452   17.10000  0.00289      14.71811      680810.54163 
0.63412   17.09000  0.00289      14.71811      675105.99495 
0.63331   17.08000  0.00289      14.71811      669425.44827 
0.63331   17.08000  0.00289      14.71811      669425.44827 
0.63291   17.07000  0.00289      14.71811      663768.90158 
0.63251   17.06000  0.00289      14.71811      658136.35490 
0.63211   17.05000  0.00289      14.71811      652527.80821 
0.63171   17.04000  0.00289      14.71811      646943.26153 
0.63131   17.04000  0.00289      14.71811      646943.26153 
0.63091   17.03000  0.00289      14.71811      641382.71484 
0.63052   17.02000  0.00289      14.71811      635846.16816 
0.63012   17.01000  0.00289      14.71811      630333.62147 
0.62972   17.00000  0.00289      14.71811      624845.07479 
0.62933   16.98000  0.00289      14.71811      613939.98142 
0.62893   16.97000  0.00289      14.71811      608523.43473 
0.62854   16.95000  0.00289      14.71811      597762.34136 
0.62814   16.94000  0.00289      14.71811      592417.79468 
0.62775   16.93000  0.00289      14.71811      587097.24799 
0.62735   16.91000  0.00289      14.71811      576528.15463 
0.62657   16.90000  0.00289      14.71811      571279.60794 
0.62617   16.89000  0.00289      14.71811      566055.06126 
0.62578   16.87000  0.00289      14.71811      555677.96789 
0.62500   16.85000  0.00289      14.71811      545396.87452 
0.62461   16.83000  0.00289      14.71811      535211.78115 
0.62383   16.81000  0.00289      14.71811      525122.68778 
0.62344   16.79000  0.00289      14.71811      515129.59441 
0.62267   16.77000  0.00289      14.71811      505232.50104 
0.62228   16.75000  0.00289      14.71811      495431.40767 
0.62189   16.74000  0.00289      14.71811      490566.86099 
0.62150   16.73000  0.00289      14.71811      485726.31430 
0.62112   16.71000  0.00289      14.71811      476117.22093 
0.62073   16.69000  0.00289      14.71811      466604.12756 
0.62035   16.68000  0.00289      14.71811      461883.58088 
0.61996   16.68000  0.00289      14.71811      461883.58088 
0.61958   16.66000  0.00289      14.71811      452514.48751 
0.61920   16.65000  0.00289      14.71811      447865.94082 
0.61881   16.64000  0.00289      14.71811      443241.39414 
0.61843   16.63000  0.00289      14.71811      438640.84745 
0.61767   16.62000  0.00289      14.71811      434064.30077 
0.61728   16.61000  0.00289      14.71811      429511.75408 
0.61652   16.61000  0.00289      14.71811      429511.75408 
0.61652   16.60000  0.00289      14.71811      424983.20740 
0.61614   16.59000  0.00289      14.71811      420478.66071 
0.61576   16.58000  0.00289      14.71811      415998.11403 
0.61538   16.58000  0.00289      14.71811      415998.11403 
0.61501   16.57000  0.00289      14.71811      411541.56734 
0.61501   16.57000  0.00289      14.71811      411541.56734 
0.61463   16.55000  0.00289      14.71811      402700.47398 
0.61387   16.54000  0.00289      14.71811      398315.92729 
0.61350   16.52000  0.00289      14.71811      389618.83392 
0.61312   16.51000  0.00289      14.71811      385306.28724 
0.61237   16.49000  0.00289      14.71811      376753.19387 
0.61200   16.48000  0.00289      14.71811      372512.64718 
0.61162   16.46000  0.00289      14.71811      364103.55381 
0.61087   16.45000  0.00289      14.71811      359935.00713 
0.61050   16.44000  0.00289      14.71811      355790.46044 
0.61013   16.43000  0.00289      14.71811      351669.91376 
0.61013   16.42000  0.00289      14.71811      347573.36707 
0.60976   16.41000  0.00289      14.71811      343500.82039 
0.60901   16.39000  0.00289      14.71811      335427.72702 
0.60790   16.35000  0.00289      14.71811      319569.54028 
0.60716   16.32000  0.00289      14.71811      307927.90023 
0.60643   16.31000  0.00289      14.71811      304095.35354 
0.60606   16.29000  0.00289      14.71811      296502.26017 
0.60569   16.27000  0.00289      14.71811      289005.16680 
0.60496   16.26000  0.00289      14.71811      285292.62012 
0.60459   16.24000  0.00289      14.71811      277939.52675 
0.60423   16.23000  0.00289      14.71811      274298.98006 
0.60386   16.21000  0.00289      14.71811      267089.88670 
0.60314   16.18000  0.00289      14.71811      256456.24664 
0.60241   16.17000  0.00289      14.71811      252959.69996 
0.60168   16.16000  0.00289      14.71811      249487.15327 
0.60132   16.15000  0.00289      14.71811      246038.60659 
0.60060   16.15000  0.00289      14.71811      246038.60659 
0.60024   16.13000  0.00289      14.71811      239213.51322 
0.59952   16.12000  0.00289      14.71811      235836.96653 
0.59916   16.12000  0.00289      14.71811      235836.96653 
0.59880   16.11000  0.00289      14.71811      232484.41985 
0.59844   16.10000  0.00289      14.71811      229155.87316 
0.59809   16.09000  0.00289      14.71811      225851.32648 
0.59737   16.08000  0.00289      14.71811      222570.77979 
0.59701   16.07000  0.00289      14.71811      219314.23311 
0.59630   16.04000  0.00289      14.71811      209688.59306 
0.59595   16.03000  0.00289      14.71811      206528.04637 
0.59559   16.03000  0.00289      14.71811      206528.04637 
0.59524   16.01000  0.00289      14.71811      200278.95300 
0.59488   16.00000  0.00289      14.71811      197190.40632 
0.59453   15.98000  0.00289      14.71811      191085.31295 
0.59382   15.96000  0.00289      14.71811      185076.21958 
0.59382   15.95000  0.00289      14.71811      182107.67289 
0.59347   15.94000  0.00289      14.71811      179163.12621 
0.59312   15.93000  0.00289      14.71811      176242.57952 
0.59277   15.91000  0.00289      14.71811      170473.48615 
0.59242   15.89000  0.00289      14.71811      164800.39278 
0.59172   15.88000  0.00289      14.71811      161999.84610 
0.59137   15.87000  0.00289      14.71811      159223.29942 
0.59102   15.84000  0.00289      14.71811      151037.65936 
0.59032   15.83000  0.00289      14.71811      148357.11268 
0.58997   15.80000  0.00289      14.71811      140459.47262 
0.58928   15.78000  0.00289      14.71811      135314.37925 
0.58858   15.75000  0.00289      14.71811      127776.73920 
0.58754   15.71000  0.00289      14.71811      118062.55246 
0.58720   15.68000  0.00289      14.71811      111028.91241 
0.58685   15.67000  0.00289      14.71811      108732.36572 
0.58617   15.66000  0.00289      14.71811      106459.81904 
0.58548   15.64000  0.00289      14.71811      101986.72567 
0.58480   15.63000  0.00289      14.71811      99786.17898  
0.58411   15.61000  0.00289      14.71811      95457.08561  
0.58343   15.61000  0.00289      14.71811      95457.08561  
0.58309   15.60000  0.00289      14.71811      93328.53893  
0.58241   15.60000  0.00289      14.71811      93328.53893  
0.58207   15.59000  0.00289      14.71811      91223.99224  
0.58173   15.58000  0.00289      14.71811      89143.44556  
0.58106   15.57000  0.00289      14.71811      87086.89887  
0.58072   15.56000  0.00289      14.71811      85054.35219  
0.58038   15.56000  0.00289      14.71811      85054.35219  
0.57971   15.55000  0.00289      14.71811      83045.80550  
0.57870   15.50000  0.00289      14.71811      73363.07208  
0.57803   15.48000  0.00289      14.71811      69657.97871  
0.57770   15.45000  0.00289      14.71811      64280.33866  
0.57703   15.43000  0.00289      14.71811      60815.24529  
0.57670   15.41000  0.00289      14.71811      57446.15192  
0.57637   15.39000  0.00289      14.71811      54173.05855  
0.57571   15.38000  0.00289      14.71811      52572.51186  
0.57537   15.36000  0.00289      14.71811      49443.41850  
0.57471   15.33000  0.00289      14.71811      44929.77844  
0.57438   15.31000  0.00289      14.71811      42040.68507  
0.57372   15.28000  0.00289      14.71811      37887.04502  
0.57307   15.24000  0.00289      14.71811      32684.85828  
0.57241   15.24000  0.00289      14.71811      32684.85828  
0.57176   15.23000  0.00289      14.71811      31444.31159  
0.57110   15.21000  0.00289      14.71811      29035.21822  
0.57045   15.18000  0.00289      14.71811      25601.57817  
0.56948   15.17000  0.00289      14.71811      24505.03149  
0.56883   15.15000  0.00289      14.71811      22383.93812  
0.56850   15.14000  0.00289      14.71811      21359.39143  
0.56786   15.13000  0.00289      14.71811      20358.84475  
0.56689   15.12000  0.00289      14.71811      19382.29806  
0.56625   15.08000  0.00289      14.71811      15716.11132  
0.56561   15.08000  0.00289      14.71811      15716.11132  
0.56497   15.08000  0.00289      14.71811      15716.11132  
0.56433   15.05000  0.00289      14.71811      13218.47127  
0.56370   15.05000  0.00289      14.71811      13218.47127  
0.56338   15.05000  0.00289      14.71811      13218.47127  
0.56275   15.01000  0.00289      14.71811      10224.28453  
0.56211   15.01000  0.00289      14.71811      10224.28453  
0.56180   14.99000  0.00289      14.71811      8871.19116   
0.56148   14.96000  0.00289      14.71811      7021.55111   
0.56085   14.94000  0.00289      14.71811      5908.45774   
0.56022   14.89000  0.00289      14.71811      3545.72431   
0.55991   14.89000  0.00289      14.71811      3545.72431   
0.55928   14.87000  0.00289      14.71811      2768.63094   
0.55897   14.83000  0.00289      14.71811      1502.44421   
0.55835   14.82000  0.00289      14.71811      1245.89752   
0.55772   14.80000  0.00289      14.71811      804.80415    
0.55710   14.76000  0.00289      14.71811      210.61741    
0.55648   14.76000  0.00289      14.71811      210.61741    
0.55586   14.71000  0.00289      14.71811      7.88399      
0.55494   14.70000  0.00289      14.71811      39.33730     
0.55432   14.70000  0.00289      14.71811      39.33730     
0.55371   14.65000  0.00289      14.71811      556.60388    
0.55279   14.65000  0.00289      14.71811      556.60388    
0.55218   14.63000  0.00289      14.71811      931.51051    
0.55157   14.62000  0.00289      14.71811      1154.96383   
0.55096   14.62000  0.00289      14.71811      1154.96383   
0.55036   14.60000  0.00289      14.71811      1673.87046   
0.54975   14.60000  0.00289      14.71811      1673.87046   
0.54915   14.60000  0.00289      14.71811      1673.87046   
0.54855   14.56000  0.00289      14.71811      2999.68372   
0.54795   14.57000  0.00289      14.71811      2632.23040   
0.54735   14.54000  0.00289      14.71811      3806.59035   
0.54675   14.51000  0.00289      14.71811      5196.95029   
0.54615   14.50000  0.00289      14.71811      5708.40361   
0.54555   14.47000  0.00289      14.71811      7386.76356   
0.54466   14.45000  0.00289      14.71811      8625.67019   
0.54407   14.46000  0.00289      14.71811      7994.21687   
0.54377   14.42000  0.00289      14.71811      10664.03013  
0.54348   14.41000  0.00289      14.71811      11391.48345  
0.54318   14.41000  0.00289      14.71811      11391.48345  
0.54259   14.37000  0.00289      14.71811      14541.29671  
0.54201   14.36000  0.00289      14.71811      15388.75002  
0.54142   14.33000  0.00289      14.71811      18075.10997  
0.54083   14.31000  0.00289      14.71811      19986.01660  
0.54025   14.31000  0.00289      14.71811      19986.01660  
0.53967   14.26000  0.00289      14.71811      25183.28318  
0.53908   14.25000  0.00289      14.71811      26294.73649  
0.53879   14.26000  0.00289      14.71811      25183.28318  
0.53792   14.21000  0.00289      14.71811      30980.54975  
0.53706   14.19000  0.00289      14.71811      33467.45638  
0.53619   14.16000  0.00289      14.71811      37377.81633  
0.53533   14.15000  0.00289      14.71811      38729.26965  
0.53476   14.14000  0.00289      14.71811      40104.72296  
0.53419   14.12000  0.00289      14.71811      42927.62959  
0.53362   14.12000  0.00289      14.71811      42927.62959  
0.53305   14.11000  0.00289      14.71811      44375.08291  
0.53220   14.08000  0.00289      14.71811      48861.44285  
0.53163   14.09000  0.00289      14.71811      47341.98954  
0.53107   14.05000  0.00289      14.71811      53563.80280  
0.53079   14.05000  0.00289      14.71811      53563.80280  
0.53079   14.05000  0.00289      14.71811      53563.80280  
0.53050   14.02000  0.00289      14.71811      58482.16274  
0.53050   14.03000  0.00289      14.71811      56818.70943  
0.53050   14.04000  0.00289      14.71811      55179.25611  
0.52910   13.99000  0.00289      14.71811      63616.52269  
0.52770   13.98000  0.00289      14.71811      65375.97601  
0.52715   13.95000  0.00289      14.71811      70798.33595  
0.52659   13.93000  0.00289      14.71811      74533.24258  
0.52604   13.91000  0.00289      14.71811      78364.14921  
0.52521   13.88000  0.00289      14.71811      84290.50916  
0.52438   13.86000  0.00289      14.71811      88361.41579  
0.52329   13.83000  0.00289      14.71811      94647.77573  
0.52274   13.79000  0.00289      14.71811      103365.58900 
0.52219   13.78000  0.00289      14.71811      105605.04231 
0.52110   13.75000  0.00289      14.71811      112467.40226 
0.52002   13.72000  0.00289      14.71811      119545.76220 
0.51948   13.71000  0.00289      14.71811      121953.21552 
0.51867   13.69000  0.00289      14.71811      126840.12215 
0.51813   13.68000  0.00289      14.71811      129319.57546 
0.51760   13.67000  0.00289      14.71811      131823.02878 
0.51680   13.63000  0.00289      14.71811      142076.84204 
0.51573   13.64000  0.00289      14.71811      139477.38873 
0.51520   13.62000  0.00289      14.71811      144700.29536 
0.51520   13.61000  0.00289      14.71811      147347.74867 
0.51493   13.62000  0.00289      14.71811      144700.29536 
0.51493   13.59000  0.00289      14.71811      152714.65530 
0.51440   13.59000  0.00289      14.71811      152714.65530 
0.51387   13.58000  0.00289      14.71811      155434.10862 
0.51361   13.56000  0.00289      14.71811      160945.01525 
0.51361   13.56000  0.00289      14.71811      160945.01525 
0.51308   13.56000  0.00289      14.71811      160945.01525 
0.51256   13.53000  0.00289      14.71811      169391.37519 
0.51230   13.53000  0.00289      14.71811      169391.37519 
0.51151   13.50000  0.00289      14.71811      178053.73514 
0.51099   13.48000  0.00289      14.71811      183948.64177 
0.51046   13.47000  0.00289      14.71811      186932.09509 
0.50994   13.44000  0.00289      14.71811      196026.45503 
0.50916   13.43000  0.00289      14.71811      199105.90835 
0.50839   13.41000  0.00289      14.71811      205336.81498 
0.50761   13.39000  0.00289      14.71811      211663.72161 
0.50710   13.38000  0.00289      14.71811      214863.17492 
0.50633   13.35000  0.00289      14.71811      224605.53487 
0.50505   13.33000  0.00289      14.71811      231220.44150 
0.50352   13.29000  0.00289      14.71811      244738.25476 
0.50226   13.25000  0.00289      14.71811      258640.06802 
0.50075   13.20000  0.00289      14.71811      276557.33460 
0.49925   13.15000  0.00289      14.71811      295074.60117 
0.49850   13.13000  0.00289      14.71811      302649.50781 
0.49776   13.14000  0.00289      14.71811      298850.05449 
0.49727   13.12000  0.00289      14.71811      306472.96112 
0.49702   13.11000  0.00289      14.71811      310320.41444 
0.49652   13.11000  0.00289      14.71811      310320.41444 
0.49628   13.08000  0.00289      14.71811      322006.77438 
0.49579   13.07000  0.00289      14.71811      325950.22770 
0.49554   13.07000  0.00289      14.71811      325950.22770 
0.49529   13.05000  0.00289      14.71811      333909.13433 
0.49480   13.05000  0.00289      14.71811      333909.13433 
0.49432   13.02000  0.00289      14.71811      346027.49427 
0.49383   13.01000  0.00289      14.71811      350114.94759 
0.49334   12.99000  0.00289      14.71811      358361.85422 
0.49285   12.96000  0.00289      14.71811      370912.21416 
0.49261   12.96000  0.00289      14.71811      370912.21416 
0.49188   12.94000  0.00289      14.71811      379399.12080 
0.49092   12.90000  0.00289      14.71811      396660.93406 
0.49044   12.89000  0.00289      14.71811      401036.38737 
0.48996   12.87000  0.00289      14.71811      409859.29400 
0.48972   12.85000  0.00289      14.71811      418778.20063 
0.48948   12.86000  0.00289      14.71811      414306.74732 
0.48924   12.83000  0.00289      14.71811      427793.10726 
0.48852   12.83000  0.00289      14.71811      427793.10726 
0.48780   12.81000  0.00289      14.71811      436904.01389 
0.48733   12.78000  0.00289      14.71811      450750.37384 
0.48709   12.78000  0.00289      14.71811      450750.37384 
0.48662   12.77000  0.00289      14.71811      455413.82716 
0.48614   12.75000  0.00289      14.71811      464812.73379 
0.48544   12.74000  0.00289      14.71811      469548.18710 
0.48473   12.71000  0.00289      14.71811      483898.54705 
0.48426   12.72000  0.00289      14.71811      479091.09373 
0.48356   12.71000  0.00289      14.71811      483898.54705 
0.48286   12.69000  0.00289      14.71811      493585.45368 
0.48239   12.69000  0.00289      14.71811      493585.45368 
0.48170   12.67000  0.00289      14.71811      503368.36031 
0.48100   12.64000  0.00289      14.71811      518222.72025 
0.48031   12.63000  0.00289      14.71811      523222.17357 
0.48008   12.62000  0.00289      14.71811      528245.62688 
0.47985   12.61000  0.00289      14.71811      533293.08020 
0.47939   12.61000  0.00289      14.71811      533293.08020 
0.47893   12.57000  0.00289      14.71811      553722.89346 
0.47824   12.55000  0.00289      14.71811      564081.80009 
0.47733   12.54000  0.00289      14.71811      569297.25341 
0.47664   12.49000  0.00289      14.71811      595734.51998 
0.47642   12.50000  0.00289      14.71811      590399.06667 
0.47619   12.48000  0.00289      14.71811      601093.97330 
0.47574   12.47000  0.00289      14.71811      606477.42661 
0.47506   12.46000  0.00289      14.71811      611884.87993 
0.47438   12.43000  0.00289      14.71811      628251.23988 
0.47393   12.42000  0.00289      14.71811      633754.69319 
0.47304   12.40000  0.00289      14.71811      644833.59982 
0.47237   12.37000  0.00289      14.71811      661631.95977 
0.47170   12.36000  0.00289      14.71811      667279.41308 
0.47103   12.33000  0.00289      14.71811      684365.77303 
0.47081   12.32000  0.00289      14.71811      690109.22634 
0.47059   12.32000  0.00289      14.71811      690109.22634 
0.47015   12.29000  0.00289      14.71811      707483.58629 
0.46970   12.30000  0.00289      14.71811      701668.13297 
0.46926   12.29000  0.00289      14.71811      707483.58629 
0.46860   12.26000  0.00289      14.71811      725073.94624 
0.46816   12.26000  0.00289      14.71811      725073.94624 
0.46751   12.25000  0.00289      14.71811      730985.39955 
0.46685   12.25000  0.00289      14.71811      730985.39955 
0.46598   12.24000  0.00289      14.71811      736920.85287 
0.46555   12.21000  0.00289      14.71811      754871.21281 
0.46490   12.20000  0.00289      14.71811      760902.66613 
0.46447   12.19000  0.00289      14.71811      766958.11944 
0.46425   12.16000  0.00289      14.71811      785268.47939 
0.46361   12.15000  0.00289      14.71811      791419.93270 
0.46296   12.13000  0.00289      14.71811      803794.83933 
0.46232   12.11000  0.00289      14.71811      816265.74596 
0.46168   12.10000  0.00289      14.71811      822537.19928 
0.46104   12.06000  0.00289      14.71811      847863.01254 
0.46062   12.05000  0.00289      14.71811      854254.46586 
0.46019   12.05000  0.00289      14.71811      854254.46586 
0.45977   12.01000  0.00289      14.71811      880060.27912 
0.45872   12.00000  0.00289      14.71811      886571.73243 
0.45809   11.98000  0.00289      14.71811      899666.63906 
0.45767   11.95000  0.00289      14.71811      919488.99901 
0.45746   11.96000  0.00289      14.71811      912857.54569 
0.45683   11.92000  0.00289      14.71811      939527.35896 
0.45620   11.92000  0.00289      14.71811      939527.35896 
0.45537   11.90000  0.00289      14.71811      953006.26559 
0.45434   11.84000  0.00289      14.71811      994018.98548 
0.45351   11.83000  0.00289      14.71811      1000938.43879
0.45310   11.82000  0.00289      14.71811      1007881.89211
0.45228   11.80000  0.00289      14.71811      1021840.79874
0.45147   11.79000  0.00289      14.71811      1028856.25205
0.45045   11.77000  0.00289      14.71811      1042959.15868
0.44984   11.75000  0.00289      14.71811      1057158.06532
0.44964   11.76000  0.00289      14.71811      1050046.61200
0.44903   11.73000  0.00289      14.71811      1071452.97195
0.44863   11.73000  0.00289      14.71811      1071452.97195
0.44823   11.72000  0.00289      14.71811      1078636.42526
0.44783   11.70000  0.00289      14.71811      1093075.33189
0.44743   11.70000  0.00289      14.71811      1093075.33189
0.44703   11.68000  0.00289      14.71811      1107610.23852
0.44683   11.67000  0.00289      14.71811      1114913.69184
0.44643   11.67000  0.00289      14.71811      1114913.69184
0.44603   11.67000  0.00289      14.71811      1114913.69184
0.44563   11.65000  0.00289      14.71811      1129592.59847
0.44484   11.63000  0.00289      14.71811      1144367.50510
0.44405   11.60000  0.00289      14.71811      1166709.86504
0.44385   11.59000  0.00289      14.71811      1174205.31836
0.44385   11.59000  0.00289      14.71811      1174205.31836
0.44366   11.58000  0.00289      14.71811      1181724.77168
0.44267   11.53000  0.00289      14.71811      1219682.03825
0.44189   11.49000  0.00289      14.71811      1250479.85151
0.44170   11.50000  0.00289      14.71811      1242744.39820
0.44111   11.50000  0.00289      14.71811      1242744.39820
0.44014   11.46000  0.00289      14.71811      1273830.21146
0.43937   11.44000  0.00289      14.71811      1289517.11809
0.43898   11.42000  0.00289      14.71811      1305300.02472
0.43860   11.41000  0.00289      14.71811      1313227.47804
0.43840   11.41000  0.00289      14.71811      1313227.47804
0.43802   11.38000  0.00289      14.71811      1337153.83798
0.43725   11.38000  0.00289      14.71811      1337153.83798
0.43649   11.37000  0.00289      14.71811      1345177.29130
0.43592   11.34000  0.00289      14.71811      1369391.65124
0.43535   11.33000  0.00289      14.71811      1377511.10456
0.43478   11.32000  0.00289      14.71811      1385654.55787
0.43422   11.32000  0.00289      14.71811      1385654.55787
0.43384   11.31000  0.00289      14.71811      1393822.01119
0.43346   11.30000  0.00289      14.71811      1402013.46450
0.43290   11.29000  0.00289      14.71811      1410228.91782
0.43253   11.29000  0.00289      14.71811      1410228.91782
0.43253   11.27000  0.00289      14.71811      1426731.82445
0.43234   11.27000  0.00289      14.71811      1426731.82445
0.43178   11.25000  0.00289      14.71811      1443330.73108
0.43122   11.24000  0.00289      14.71811      1451666.18440
0.43103   11.23000  0.00289      14.71811      1460025.63771
0.43103   11.21000  0.00289      14.71811      1476816.54434
0.43085   11.21000  0.00289      14.71811      1476816.54434
0.43029   11.20000  0.00289      14.71811      1485247.99766
0.42937   11.16000  0.00289      14.71811      1519213.81092
0.42863   11.15000  0.00289      14.71811      1527765.26423
0.42790   11.13000  0.00289      14.71811      1544940.17086
0.42717   11.10000  0.00289      14.71811      1570882.53081
0.42699   11.10000  0.00289      14.71811      1570882.53081
0.42680   11.08000  0.00289      14.71811      1588297.43744
0.42644   11.06000  0.00289      14.71811      1605808.34407
0.42571   11.05000  0.00289      14.71811      1614599.79739
0.42481   11.02000  0.00289      14.71811      1641118.15733
0.42427   11.02000  0.00289      14.71811      1641118.15733
0.42409   11.01000  0.00289      14.71811      1650005.61065
0.42355   10.98000  0.00289      14.71811      1676811.97059
0.42248   10.96000  0.00289      14.71811      1694802.87722
0.42176   10.92000  0.00289      14.71811      1731072.69048
0.42105   10.91000  0.00289      14.71811      1740200.14380
0.42052   10.91000  0.00289      14.71811      1740200.14380
0.41999   10.87000  0.00289      14.71811      1776949.95706
0.41929   10.86000  0.00289      14.71811      1786197.41038
0.41859   10.87000  0.00289      14.71811      1776949.95706
0.41771   10.84000  0.00289      14.71811      1804764.31701
0.41701   10.83000  0.00289      14.71811      1814083.77032
0.41649   10.82000  0.00289      14.71811      1823427.22364
0.41580   10.81000  0.00289      14.71811      1832794.67695
0.41545   10.82000  0.00289      14.71811      1823427.22364
0.41494   10.78000  0.00289      14.71811      1861041.03690
0.41459   10.77000  0.00289      14.71811      1870504.49021
0.41425   10.77000  0.00289      14.71811      1870504.49021
0.41391   10.73000  0.00289      14.71811      1908598.30347
0.41339   10.73000  0.00289      14.71811      1908598.30347
0.41271   10.70000  0.00289      14.71811      1937420.66342
0.41220   10.70000  0.00289      14.71811      1937420.66342
0.41203   10.70000  0.00289      14.71811      1937420.66342
0.41169   10.67000  0.00289      14.71811      1966459.02337
0.41118   10.65000  0.00289      14.71811      1985937.93000
0.41034   10.64000  0.00289      14.71811      1995713.38331
0.40967   10.60000  0.00289      14.71811      2035055.19657
0.40900   10.59000  0.00289      14.71811      2044950.64989
0.40850   10.57000  0.00289      14.71811      2064813.55652
0.40766   10.54000  0.00289      14.71811      2094787.91647
0.40667   10.51000  0.00289      14.71811      2124978.27641
0.40601   10.48000  0.00289      14.71811      2155384.63636
0.40535   10.47000  0.00289      14.71811      2165568.08967
0.40502   10.46000  0.00289      14.71811      2175775.54299
0.40469   10.44000  0.00289      14.71811      2196262.44962
0.40453   10.44000  0.00289      14.71811      2196262.44962
0.40388   10.42000  0.00289      14.71811      2216845.35625
0.40306   10.41000  0.00289      14.71811      2227172.80956
0.40241   10.40000  0.00289      14.71811      2237524.26288
0.40177   10.38000  0.00289      14.71811      2258299.16951
0.40096   10.38000  0.00289      14.71811      2258299.16951
0.40000   10.36000  0.00289      14.71811      2279170.07614
0.39888   10.32000  0.00289      14.71811      2321199.88940
0.39857   10.32000  0.00289      14.71811      2321199.88940
0.39825   10.31000  0.00289      14.71811      2331767.34272
0.39793   10.29000  0.00289      14.71811      2352974.24935
0.39761   10.28000  0.00289      14.71811      2363613.70266
0.39730   10.26000  0.00289      14.71811      2384964.60929
0.39683   10.25000  0.00289      14.71811      2395676.06261
0.39635   10.24000  0.00289      14.71811      2406411.51592
0.39573   10.22000  0.00289      14.71811      2427954.42255
0.39510   10.21000  0.00289      14.71811      2438761.87587
0.39432   10.18000  0.00289      14.71811      2471328.23582
0.39355   10.15000  0.00289      14.71811      2504110.59576
0.39293   10.14000  0.00289      14.71811      2515086.04908
0.39216   10.11000  0.00289      14.71811      2548156.40902
0.39170   10.10000  0.00289      14.71811      2559227.86234
0.39170   10.10000  0.00289      14.71811      2559227.86234
0.39124   10.07000  0.00289      14.71811      2592586.22228
0.39062   10.06000  0.00289      14.71811      2603753.67560
0.39032   10.04000  0.00289      14.71811      2626160.58223
0.39002   10.03000  0.00289      14.71811      2637400.03555
0.38895   10.02000  0.00289      14.71811      2648663.48886
0.38760   9.98000   0.00289      14.71811      2693957.30212
0.38685   9.97000   0.00289      14.71811      2705340.75544
0.38595   9.95000   0.00289      14.71811      2728179.66207
0.38506   9.93000   0.00289      14.71811      2751114.56870
0.38476   9.92000   0.00289      14.71811      2762618.02201
0.38462   9.92000   0.00289      14.71811      2762618.02201
0.38417   9.92000   0.00289      14.71811      2762618.02201
0.38373   9.89000   0.00289      14.71811      2797272.38196
0.38314   9.84000   0.00289      14.71811      2855509.64854
0.38270   9.85000   0.00289      14.71811      2843814.19522
0.38226   9.86000   0.00289      14.71811      2832142.74191
0.38183   9.83000   0.00289      14.71811      2867229.10185
0.38153   9.83000   0.00289      14.71811      2867229.10185
0.38124   9.82000   0.00289      14.71811      2878972.55517
0.38081   9.79000   0.00289      14.71811      2914346.91511
0.38023   9.78000   0.00289      14.71811      2926186.36843
0.37965   9.76000   0.00289      14.71811      2949937.27506
0.37936   9.75000   0.00289      14.71811      2961848.72837
0.37879   9.75000   0.00289      14.71811      2961848.72837
0.37836   9.72000   0.00289      14.71811      2997727.08832
0.37779   9.70000   0.00289      14.71811      3021765.99495
0.37750   9.69000   0.00289      14.71811      3033821.44827
0.37707   9.67000   0.00289      14.71811      3058004.35490
0.37679   9.66000   0.00289      14.71811      3070131.80821
0.37636   9.65000   0.00289      14.71811      3082283.26153
0.37608   9.64000   0.00289      14.71811      3094458.71484
0.37580   9.64000   0.00289      14.71811      3094458.71484
0.37523   9.60000   0.00289      14.71811      3143400.52810
0.37467   9.60000   0.00289      14.71811      3143400.52810
0.37425   9.59000   0.00289      14.71811      3155695.98142
0.37369   9.57000   0.00289      14.71811      3180358.88805
0.37300   9.54000   0.00289      14.71811      3217533.24799
0.37230   9.53000   0.00289      14.71811      3229972.70131
0.37161   9.51000   0.00289      14.71811      3254923.60794
0.37092   9.49000   0.00289      14.71811      3279970.51457
0.37051   9.47000   0.00289      14.71811      3305113.42120
0.37010   9.48000   0.00289      14.71811      3292529.96789
0.36955   9.47000   0.00289      14.71811      3305113.42120
0.36887   9.44000   0.00289      14.71811      3343007.78115
0.36819   9.45000   0.00289      14.71811      3330352.32783
0.36765   9.44000   0.00289      14.71811      3343007.78115
0.36724   9.42000   0.00289      14.71811      3368390.68778
0.36684   9.42000   0.00289      14.71811      3368390.68778
0.36643   9.39000   0.00289      14.71811      3406645.04772
0.36590   9.39000   0.00289      14.71811      3406645.04772
0.36536   9.39000   0.00289      14.71811      3406645.04772
0.36483   9.36000   0.00289      14.71811      3445115.40767
0.36443   9.35000   0.00289      14.71811      3457986.86099
0.36390   9.33000   0.00289      14.71811      3483801.76762
0.36337   9.31000   0.00289      14.71811      3509712.67425
0.36298   9.30000   0.00289      14.71811      3522704.12756
0.36258   9.29000   0.00289      14.71811      3535719.58088
0.36179   9.26000   0.00289      14.71811      3574909.94082
0.36075   9.24000   0.00289      14.71811      3601156.84745
0.36023   9.20000   0.00289      14.71811      3653938.66071
0.35997   9.20000   0.00289      14.71811      3653938.66071
0.35958   9.19000   0.00289      14.71811      3667194.11403
0.35920   9.17000   0.00289      14.71811      3693777.02066
0.35881   9.17000   0.00289      14.71811      3693777.02066
0.35829   9.15000   0.00289      14.71811      3720455.92729
0.35765   9.12000   0.00289      14.71811      3760654.28724
0.35714   9.11000   0.00289      14.71811      3774101.74055
0.35663   9.10000   0.00289      14.71811      3787573.19387
0.35625   9.08000   0.00289      14.71811      3814588.10050
0.35562   9.07000   0.00289      14.71811      3828131.55381
0.35461   9.02000   0.00289      14.71811      3896208.82039
0.35386   9.01000   0.00289      14.71811      3909896.27370

Gradi di liberta = 737
Chi-quadro = 937590161.732071
p-value = 0.0

Media pesata = 14.718105548037888 +/- 0.00010619086483530494

****************************************************************************************************
SERIE 35
****************************************************************************************************

Test ipotesi linearità_____________________________________
Covarianza = 0.36568
Indice Pearson = 0.99995 +/- 0.00038
Gradi di Liberta' = 737
	t = 2624.671426038679
	p-value (due code) = 0.0

Parametri___________________________________________________
y = a + bx
a = -1.24014 +/- 0.00616
b = 28.89574 +/- 0.01169

Test bontà fit _____________________________________________
x         y         sy           y*            Chi-quadro   
0.73421   19.99000  0.00289      19.97552      25.15052     
0.73368   19.98000  0.00289      19.95996      48.20452     
0.73368   19.97000  0.00289      19.95996      12.10237     
0.73314   19.96000  0.00289      19.94441      29.14767     
0.73260   19.95000  0.00289      19.92890      53.45044     
0.73206   19.93000  0.00289      19.91340      33.07550     
0.73153   19.94000  0.00289      19.89792      212.45193    
0.73153   19.91000  0.00289      19.89792      17.50105     
0.73099   19.91000  0.00289      19.88247      90.93697     
0.73046   19.92000  0.00289      19.86704      336.54017    
0.72993   19.90000  0.00289      19.85164      280.69207    
0.72993   19.89000  0.00289      19.85164      176.61787    
0.72939   19.86000  0.00289      19.83625      67.67883     
0.72886   19.86000  0.00289      19.82089      183.55371    
0.72886   19.87000  0.00289      19.82089      289.41839    
0.72833   19.85000  0.00289      19.80555      237.09321    
0.72780   19.84000  0.00289      19.79023      297.20824    
0.72674   19.82000  0.00289      19.75967      436.82614    
0.72569   19.78000  0.00289      19.72919      309.83406    
0.72516   19.77000  0.00289      19.71398      376.57652    
0.72516   19.76000  0.00289      19.71398      254.13072    
0.72464   19.75000  0.00289      19.69880      314.61251    
0.72411   19.72000  0.00289      19.68363      158.69299    
0.72359   19.72000  0.00289      19.66849      318.33929    
0.72307   19.69000  0.00289      19.65338      160.95744    
0.72254   19.68000  0.00289      19.63828      208.87102    
0.72202   19.66000  0.00289      19.62320      162.46530    
0.72150   19.64000  0.00289      19.60815      121.71538    
0.72098   19.63000  0.00289      19.59312      163.20915    
0.72098   19.62000  0.00289      19.59312      86.69904     
0.72046   19.61000  0.00289      19.57811      122.02722    
0.72046   19.60000  0.00289      19.57811      57.49418     
0.71994   19.58000  0.00289      19.56312      34.17881     
0.71942   19.56000  0.00289      19.54816      16.83106     
0.71891   19.55000  0.00289      19.53321      33.82024     
0.71839   19.54000  0.00289      19.51829      56.56587     
0.71839   19.52000  0.00289      19.51829      0.35144      
0.71788   19.49000  0.00289      19.50339      21.50444     
0.71788   19.49000  0.00289      19.50339      21.50444     
0.71736   19.48000  0.00289      19.48851      8.68248      
0.71685   19.47000  0.00289      19.47365      1.59596      
0.71633   19.46000  0.00289      19.45881      0.17024      
0.71582   19.46000  0.00289      19.44399      30.74998     
0.71582   19.45000  0.00289      19.44399      4.33125      
0.71531   19.45000  0.00289      19.42920      51.93340     
0.71480   19.44000  0.00289      19.41442      78.50620     
0.71480   19.43000  0.00289      19.41442      29.11974     
0.71429   19.42000  0.00289      19.39967      49.60172     
0.71378   19.41000  0.00289      19.38494      75.37941     
0.71327   19.40000  0.00289      19.37023      106.38135    
0.71327   19.40000  0.00289      19.37023      106.38135    
0.71276   19.39000  0.00289      19.35554      142.53665    
0.71276   19.38000  0.00289      19.35554      71.82172     
0.71225   19.37000  0.00289      19.34087      101.85368    
0.71174   19.37000  0.00289      19.32622      230.02620    
0.71124   19.36000  0.00289      19.31159      281.22121    
0.71073   19.34000  0.00289      19.29698      222.05125    
0.71023   19.32000  0.00289      19.28240      169.67483    
0.70972   19.31000  0.00289      19.26783      213.37624    
0.70922   19.29000  0.00289      19.25329      161.73785    
0.70922   19.28000  0.00289      19.25329      85.62760     
0.70872   19.26000  0.00289      19.23876      54.11945     
0.70822   19.26000  0.00289      19.22426      153.28282    
0.70771   19.25000  0.00289      19.20978      194.14750    
0.70721   19.23000  0.00289      19.19531      144.37038    
0.70671   19.21000  0.00289      19.18087      101.80975    
0.70621   19.20000  0.00289      19.16645      135.06569    
0.70572   19.17000  0.00289      19.15205      38.66622     
0.70522   19.16000  0.00289      19.13767      59.84297     
0.70472   19.14000  0.00289      19.12331      33.43508     
0.70423   19.12000  0.00289      19.10897      14.60604     
0.70373   19.11000  0.00289      19.09465      28.28509     
0.70323   19.09000  0.00289      19.08035      11.18154     
0.70274   19.08000  0.00289      19.06607      23.29538     
0.70274   19.07000  0.00289      19.06607      1.85621      
0.70225   19.05000  0.00289      19.05181      0.39184      
0.70126   19.03000  0.00289      19.02335      5.31137      
0.70028   19.00000  0.00289      18.99497      3.03993      
0.69979   18.99000  0.00289      18.98081      10.14245     
0.69930   18.98000  0.00289      18.96667      21.33554     
0.69881   18.97000  0.00289      18.95255      36.56033     
0.69832   18.96000  0.00289      18.93844      55.75842     
0.69784   18.95000  0.00289      18.92436      78.87181     
0.69686   18.93000  0.00289      18.89626      136.61481    
0.69686   18.93000  0.00289      18.89626      136.61481    
0.69638   18.92000  0.00289      18.88224      171.13064    
0.69589   18.91000  0.00289      18.86823      209.33424    
0.69541   18.90000  0.00289      18.85425      251.16980    
0.69493   18.88000  0.00289      18.84029      189.26752    
0.69444   18.86000  0.00289      18.82634      135.95212    
0.69396   18.85000  0.00289      18.81242      169.51116    
0.69348   18.83000  0.00289      18.79851      118.99859    
0.69300   18.82000  0.00289      18.78462      150.18685    
0.69252   18.80000  0.00289      18.77076      102.63184    
0.69204   18.79000  0.00289      18.75691      131.41992    
0.69156   18.78000  0.00289      18.74308      163.59262    
0.69061   18.75000  0.00289      18.71548      143.02586    
0.69013   18.74000  0.00289      18.70170      175.98673    
0.68966   18.71000  0.00289      18.68795      58.33710     
0.68918   18.69000  0.00289      18.67422      29.89116     
0.68871   18.68000  0.00289      18.66050      45.61973     
0.68823   18.65000  0.00289      18.64681      1.22424      
0.68776   18.63000  0.00289      18.63313      1.17453      
0.68681   18.62000  0.00289      18.60583      24.09436     
0.68634   18.60000  0.00289      18.59221      7.28402      
0.68587   18.58000  0.00289      18.57861      0.23301      
0.68540   18.56000  0.00289      18.56502      3.02735      
0.68493   18.54000  0.00289      18.55146      15.75308     
0.68446   18.54000  0.00289      18.53791      0.52370      
0.68399   18.53000  0.00289      18.52438      3.78627      
0.68399   18.51000  0.00289      18.52438      24.82401     
0.68353   18.50000  0.00289      18.51087      14.18738     
0.68306   18.49000  0.00289      18.49738      6.53953      
0.68259   18.49000  0.00289      18.48391      4.45140      
0.68213   18.48000  0.00289      18.47046      10.93262     
0.68166   18.47000  0.00289      18.45702      20.22043     
0.68120   18.47000  0.00289      18.44360      83.62621     
0.68120   18.46000  0.00289      18.44360      32.26961     
0.68074   18.45000  0.00289      18.43020      47.03529     
0.68027   18.44000  0.00289      18.41682      64.47296     
0.67981   18.42000  0.00289      18.40346      32.83725     
0.67935   18.41000  0.00289      18.39011      47.45922     
0.67889   18.41000  0.00289      18.37679      132.37828    
0.67843   18.39000  0.00289      18.36348      84.41236     
0.67751   18.37000  0.00289      18.33691      131.35841    
0.67705   18.35000  0.00289      18.32366      83.25646     
0.67659   18.34000  0.00289      18.31042      104.97466    
0.67613   18.32000  0.00289      18.29720      62.35675     
0.67568   18.31000  0.00289      18.28400      81.09825     
0.67522   18.30000  0.00289      18.27082      102.17388    
0.67476   18.29000  0.00289      18.25766      125.54304    
0.67431   18.27000  0.00289      18.24451      77.98368     
0.67385   18.26000  0.00289      18.23138      98.30798     
0.67340   18.24000  0.00289      18.21827      56.68602     
0.67340   18.23000  0.00289      18.21827      16.52349     
0.67295   18.22000  0.00289      18.20517      26.38746     
0.67249   18.20000  0.00289      18.19209      7.50010      
0.67204   18.19000  0.00289      18.17903      14.42788     
0.67159   18.18000  0.00289      18.16599      23.54288     
0.67114   18.17000  0.00289      18.15297      34.80684     
0.67114   18.15000  0.00289      18.15297      1.05775      
0.67069   18.14000  0.00289      18.13996      0.00017      
0.67024   18.13000  0.00289      18.12697      1.09967      
0.66979   18.11000  0.00289      18.11400      1.92083      
0.66934   18.08000  0.00289      18.10105      53.15352     
0.66890   18.08000  0.00289      18.08811      7.89077      
0.66845   18.07000  0.00289      18.07519      3.23118      
0.66800   18.05000  0.00289      18.06229      18.11462     
0.66756   18.05000  0.00289      18.04940      0.04307      
0.66711   18.04000  0.00289      18.03653      1.44271      
0.66667   18.03000  0.00289      18.02368      4.79078      
0.66622   18.03000  0.00289      18.01085      44.01807     
0.66622   18.02000  0.00289      18.01085      10.05213     
0.66578   18.01000  0.00289      17.99803      17.19192     
0.66534   18.00000  0.00289      17.98523      26.17561     
0.66489   17.99000  0.00289      17.97245      36.96896     
0.66445   17.99000  0.00289      17.95968      110.30100    
0.66401   17.97000  0.00289      17.94693      63.84920     
0.66357   17.96000  0.00289      17.93420      79.86910     
0.66269   17.95000  0.00289      17.90879      203.81216    
0.66225   17.93000  0.00289      17.89611      137.85217    
0.66181   17.92000  0.00289      17.88344      160.37943    
0.66138   17.91000  0.00289      17.87079      184.45308    
0.66094   17.89000  0.00289      17.85816      121.63239    
0.66050   17.87000  0.00289      17.84555      71.74573     
0.65963   17.86000  0.00289      17.82037      188.47032    
0.65920   17.84000  0.00289      17.80780      124.38394    
0.65876   17.83000  0.00289      17.79526      144.85151    
0.65833   17.81000  0.00289      17.78273      89.26989     
0.65789   17.79000  0.00289      17.77021      46.99665     
0.65746   17.78000  0.00289      17.75771      59.61302     
0.65703   17.75000  0.00289      17.74523      2.73106      
0.65617   17.74000  0.00289      17.72031      46.50372     
0.65574   17.72000  0.00289      17.70788      17.62411     
0.65531   17.70000  0.00289      17.69546      2.46869      
0.65445   17.68000  0.00289      17.67068      10.42464     
0.65359   17.66000  0.00289      17.64596      23.65643     
0.65317   17.64000  0.00289      17.63362      4.87893      
0.65274   17.63000  0.00289      17.62130      9.07452      
0.65274   17.61000  0.00289      17.62130      15.33356     
0.65232   17.60000  0.00289      17.60900      9.72075      
0.65147   17.59000  0.00289      17.58444      3.70803      
0.65104   17.57000  0.00289      17.57219      0.57323      
0.65062   17.56000  0.00289      17.55995      0.00035      
0.65020   17.55000  0.00289      17.54772      0.62258      
0.64935   17.54000  0.00289      17.52332      33.37700     
0.64893   17.54000  0.00289      17.51115      99.90461     
0.64851   17.52000  0.00289      17.49899      52.99114     
0.64809   17.51000  0.00289      17.48684      64.35915     
0.64725   17.50000  0.00289      17.46260      167.85812    
0.64683   17.48000  0.00289      17.45050      104.41779    
0.64641   17.48000  0.00289      17.43842      207.46898    
0.64599   17.46000  0.00289      17.42635      135.84960    
0.64516   17.44000  0.00289      17.40227      170.84627    
0.64475   17.43000  0.00289      17.39025      189.62474    
0.64392   17.40000  0.00289      17.36626      136.64365    
0.64350   17.39000  0.00289      17.35428      153.09148    
0.64350   17.38000  0.00289      17.35428      79.36872     
0.64309   17.36000  0.00289      17.34232      37.49141     
0.64267   17.36000  0.00289      17.33038      105.26786    
0.64226   17.35000  0.00289      17.31845      119.41215    
0.64185   17.34000  0.00289      17.30654      134.32478    
0.64144   17.33000  0.00289      17.29465      149.98493    
0.64144   17.31000  0.00289      17.29465      28.28783     
0.64103   17.30000  0.00289      17.28277      35.64476     
0.64061   17.29000  0.00289      17.27090      43.78129     
0.63980   17.27000  0.00289      17.24721      62.31213     
0.63939   17.26000  0.00289      17.23539      72.66648     
0.63898   17.24000  0.00289      17.22359      32.32821     
0.63898   17.23000  0.00289      17.22359      4.93590      
0.63857   17.22000  0.00289      17.21180      8.07636      
0.63816   17.20000  0.00289      17.20002      0.00005      
0.63776   17.19000  0.00289      17.18826      0.36309      
0.63694   17.17000  0.00289      17.16478      3.26374      
0.63694   17.15000  0.00289      17.16478      26.23101     
0.63654   17.15000  0.00289      17.15307      1.13057      
0.63654   17.14000  0.00289      17.15307      20.49719     
0.63613   17.13000  0.00289      17.14137      15.51025     
0.63532   17.12000  0.00289      17.11801      0.47403      
0.63492   17.10000  0.00289      17.10636      4.84862      
0.63452   17.10000  0.00289      17.09472      3.35134      
0.63412   17.09000  0.00289      17.08309      5.73158      
0.63331   17.08000  0.00289      17.05988      48.57651     
0.63331   17.08000  0.00289      17.05988      48.57651     
0.63291   17.07000  0.00289      17.04830      56.51743     
0.63251   17.06000  0.00289      17.03673      64.97738     
0.63211   17.05000  0.00289      17.02518      73.93997     
0.63171   17.04000  0.00289      17.01364      83.38905     
0.63131   17.04000  0.00289      17.00212      172.23256    
0.63091   17.03000  0.00289      16.99061      186.22917    
0.63052   17.02000  0.00289      16.97911      200.63006    
0.63012   17.01000  0.00289      16.96763      215.41988    
0.62972   17.00000  0.00289      16.95616      230.58348    
0.62933   16.98000  0.00289      16.94471      149.41789    
0.62893   16.97000  0.00289      16.93328      161.83550    
0.62854   16.95000  0.00289      16.92185      95.06589     
0.62814   16.94000  0.00289      16.91045      104.81705    
0.62775   16.93000  0.00289      16.89905      114.93778    
0.62735   16.91000  0.00289      16.88767      59.82611     
0.62657   16.90000  0.00289      16.86496      147.37669    
0.62617   16.89000  0.00289      16.85362      158.83589    
0.62578   16.87000  0.00289      16.84230      92.10481     
0.62500   16.85000  0.00289      16.81969      110.22581    
0.62461   16.83000  0.00289      16.80841      55.92455     
0.62383   16.81000  0.00289      16.78589      69.73413     
0.62344   16.79000  0.00289      16.77466      28.25467     
0.62267   16.77000  0.00289      16.75222      37.93085     
0.62228   16.75000  0.00289      16.74102      9.66645      
0.62189   16.74000  0.00289      16.72984      12.38096     
0.62150   16.73000  0.00289      16.71867      15.39316     
0.62112   16.71000  0.00289      16.70752      0.73832      
0.62073   16.69000  0.00289      16.69638      4.88276      
0.62035   16.68000  0.00289      16.68525      3.30998      
0.61996   16.68000  0.00289      16.67414      4.12231      
0.61958   16.66000  0.00289      16.66304      1.10869      
0.61920   16.65000  0.00289      16.65195      0.45818      
0.61881   16.64000  0.00289      16.64088      0.09339      
0.61843   16.63000  0.00289      16.62982      0.00372      
0.61767   16.62000  0.00289      16.60775      18.01128     
0.61728   16.61000  0.00289      16.59673      21.12639     
0.61652   16.61000  0.00289      16.57474      149.21061    
0.61652   16.60000  0.00289      16.57474      76.58136     
0.61614   16.59000  0.00289      16.56376      82.61632     
0.61576   16.58000  0.00289      16.55280      88.79187     
0.61538   16.58000  0.00289      16.54185      174.66167    
0.61501   16.57000  0.00289      16.53091      183.33741    
0.61501   16.57000  0.00289      16.53091      183.33741    
0.61463   16.55000  0.00289      16.51999      108.07075    
0.61387   16.54000  0.00289      16.49819      209.81707    
0.61350   16.52000  0.00289      16.48730      128.29273    
0.61312   16.51000  0.00289      16.47643      135.20321    
0.61237   16.49000  0.00289      16.45474      149.22977    
0.61200   16.48000  0.00289      16.44391      156.33001    
0.61162   16.46000  0.00289      16.43309      86.89495     
0.61087   16.45000  0.00289      16.41150      177.88650    
0.61050   16.44000  0.00289      16.40072      185.13252    
0.61013   16.43000  0.00289      16.38996      192.39680    
0.61013   16.42000  0.00289      16.38996      108.29765    
0.60976   16.41000  0.00289      16.37921      113.77305    
0.60901   16.39000  0.00289      16.35775      124.82467    
0.60790   16.35000  0.00289      16.32565      71.12521     
0.60716   16.32000  0.00289      16.30432      29.48955     
0.60643   16.31000  0.00289      16.28304      87.19003     
0.60606   16.29000  0.00289      16.27242      37.06706     
0.60569   16.27000  0.00289      16.26182      8.03455      
0.60496   16.26000  0.00289      16.24064      44.97053     
0.60459   16.24000  0.00289      16.23007      11.82632     
0.60423   16.23000  0.00289      16.21952      13.18818     
0.60386   16.21000  0.00289      16.20897      0.12648      
0.60314   16.18000  0.00289      16.18792      7.53657      
0.60241   16.17000  0.00289      16.16693      1.13300      
0.60168   16.16000  0.00289      16.14598      23.58680     
0.60132   16.15000  0.00289      16.13553      25.14148     
0.60060   16.15000  0.00289      16.11465      149.92260    
0.60024   16.13000  0.00289      16.10424      79.64948     
0.59952   16.12000  0.00289      16.08344      160.39499    
0.59916   16.12000  0.00289      16.07306      264.39799    
0.59880   16.11000  0.00289      16.06269      268.55073    
0.59844   16.10000  0.00289      16.05234      272.59386    
0.59809   16.09000  0.00289      16.04200      276.52449    
0.59737   16.08000  0.00289      16.02135      412.80093    
0.59701   16.07000  0.00289      16.01104      417.11061    
0.59630   16.04000  0.00289      15.99047      294.39619    
0.59595   16.03000  0.00289      15.98020      297.59710    
0.59559   16.03000  0.00289      15.96994      432.80196    
0.59524   16.01000  0.00289      15.95970      303.60798    
0.59488   16.00000  0.00289      15.94947      306.41406    
0.59453   15.98000  0.00289      15.93925      199.28142    
0.59382   15.96000  0.00289      15.91885      203.24317    
0.59382   15.95000  0.00289      15.91885      116.47236    
0.59347   15.94000  0.00289      15.90866      117.84752    
0.59312   15.93000  0.00289      15.89849      119.13938    
0.59277   15.91000  0.00289      15.88833      56.34242     
0.59242   15.89000  0.00289      15.87818      16.75305     
0.59172   15.88000  0.00289      15.85793      58.47133     
0.59137   15.87000  0.00289      15.84781      59.06202     
0.59102   15.84000  0.00289      15.83772      0.62626      
0.59032   15.83000  0.00289      15.81755      18.59205     
0.58997   15.80000  0.00289      15.80749      6.73062      
0.58928   15.78000  0.00289      15.78740      6.56717      
0.58858   15.75000  0.00289      15.76735      36.13743     
0.58754   15.71000  0.00289      15.73738      89.93065     
0.58720   15.68000  0.00289      15.72741      269.68392    
0.58685   15.67000  0.00289      15.71745      270.16788    
0.58617   15.66000  0.00289      15.69757      169.37125    
0.58548   15.64000  0.00289      15.67774      170.87686    
0.58480   15.63000  0.00289      15.65795      93.73480     
0.58411   15.61000  0.00289      15.63821      95.48174     
0.58343   15.61000  0.00289      15.61851      8.69680      
0.58309   15.60000  0.00289      15.60868      9.04736      
0.58241   15.60000  0.00289      15.58906      14.36960     
0.58207   15.59000  0.00289      15.57926      13.83834     
0.58173   15.58000  0.00289      15.56948      13.28829     
0.58106   15.57000  0.00289      15.54994      48.27792     
0.58072   15.56000  0.00289      15.54019      47.08357     
0.58038   15.56000  0.00289      15.53045      104.76430    
0.57971   15.55000  0.00289      15.51101      182.43905    
0.57870   15.50000  0.00289      15.48193      39.19692     
0.57803   15.48000  0.00289      15.46259      36.35244     
0.57770   15.45000  0.00289      15.45295      1.04128      
0.57703   15.43000  0.00289      15.43368      1.62577      
0.57670   15.41000  0.00289      15.42406      23.73874     
0.57637   15.39000  0.00289      15.41446      71.79629     
0.57571   15.38000  0.00289      15.39528      28.03184     
0.57537   15.36000  0.00289      15.38571      79.33495     
0.57471   15.33000  0.00289      15.36660      160.76620    
0.57438   15.31000  0.00289      15.35706      265.79719    
0.57372   15.28000  0.00289      15.33802      403.94624    
0.57307   15.24000  0.00289      15.31902      749.26821    
0.57241   15.24000  0.00289      15.30006      432.88041    
0.57176   15.23000  0.00289      15.28115      313.92444    
0.57110   15.21000  0.00289      15.26228      327.94011    
0.57045   15.18000  0.00289      15.24345      483.09131    
0.56948   15.17000  0.00289      15.21529      246.11871    
0.56883   15.15000  0.00289      15.19657      260.22073    
0.56850   15.14000  0.00289      15.18722      267.59995    
0.56786   15.13000  0.00289      15.16857      178.48045    
0.56689   15.12000  0.00289      15.14066      51.22047     
0.56625   15.08000  0.00289      15.12211      212.77746    
0.56561   15.08000  0.00289      15.10360      66.83179     
0.56497   15.08000  0.00289      15.08513      3.16036      
0.56433   15.05000  0.00289      15.06671      33.49114     
0.56370   15.05000  0.00289      15.04832      0.33796      
0.56338   15.05000  0.00289      15.03915      14.13920     
0.56275   15.01000  0.00289      15.02082      14.05644     
0.56211   15.01000  0.00289      15.00254      6.67468      
0.56180   14.99000  0.00289      14.99342      1.40099      
0.56148   14.96000  0.00289      14.98430      70.87048     
0.56085   14.94000  0.00289      14.96610      81.76375     
0.56022   14.89000  0.00289      14.94794      402.91061    
0.55991   14.89000  0.00289      14.93888      286.72017    
0.55928   14.87000  0.00289      14.92078      309.47541    
0.55897   14.83000  0.00289      14.91175      801.96713    
0.55835   14.82000  0.00289      14.89371      652.03716    
0.55772   14.80000  0.00289      14.87572      687.96323    
0.55710   14.76000  0.00289      14.85776      1146.85065   
0.55648   14.76000  0.00289      14.83984      765.00663    
0.55586   14.71000  0.00289      14.82197      1504.40272   
0.55494   14.70000  0.00289      14.79523      1088.17915   
0.55432   14.70000  0.00289      14.77745      719.80751    
0.55371   14.65000  0.00289      14.75971      1444.38341   
0.55279   14.65000  0.00289      14.73318      830.21674    
0.55218   14.63000  0.00289      14.71554      877.98991    
0.55157   14.62000  0.00289      14.69794      728.87515    
0.55096   14.62000  0.00289      14.68037      437.38775    
0.55036   14.60000  0.00289      14.66285      474.00008    
0.54975   14.60000  0.00289      14.64536      246.94282    
0.54915   14.60000  0.00289      14.62792      93.52033     
0.54855   14.56000  0.00289      14.61051      306.12525    
0.54795   14.57000  0.00289      14.59314      64.24005     
0.54735   14.54000  0.00289      14.57580      153.83749    
0.54675   14.51000  0.00289      14.55851      282.38751    
0.54615   14.50000  0.00289      14.54125      204.21954    
0.54555   14.47000  0.00289      14.52403      350.36124    
0.54466   14.45000  0.00289      14.49828      279.66374    
0.54407   14.46000  0.00289      14.48115      53.67861     
0.54377   14.42000  0.00289      14.47260      332.02579    
0.54348   14.41000  0.00289      14.46406      350.71905    
0.54318   14.41000  0.00289      14.45553      248.77259    
0.54259   14.37000  0.00289      14.43850      563.04725    
0.54201   14.36000  0.00289      14.42150      453.91130    
0.54142   14.33000  0.00289      14.40454      666.81314    
0.54083   14.31000  0.00289      14.38762      723.01100    
0.54025   14.31000  0.00289      14.37074      442.65917    
0.53967   14.26000  0.00289      14.35389      1057.75888   
0.53908   14.25000  0.00289      14.33707      909.81399    
0.53879   14.26000  0.00289      14.32868      566.04197    
0.53792   14.21000  0.00289      14.30356      1050.32755   
0.53706   14.19000  0.00289      14.27851      940.13486    
0.53619   14.16000  0.00289      14.25355      1050.18069   
0.53533   14.15000  0.00289      14.22867      742.61354    
0.53476   14.14000  0.00289      14.21212      624.19852    
0.53419   14.12000  0.00289      14.19561      686.09114    
0.53362   14.12000  0.00289      14.17914      419.70574    
0.53305   14.11000  0.00289      14.16270      333.29505    
0.53220   14.08000  0.00289      14.13811      405.20584    
0.53163   14.09000  0.00289      14.12176      121.03125    
0.53107   14.05000  0.00289      14.10544      368.85721    
0.53079   14.05000  0.00289      14.09730      268.43776    
0.53079   14.05000  0.00289      14.09730      268.43776    
0.53050   14.02000  0.00289      14.08916      573.97539    
0.53050   14.03000  0.00289      14.08916      419.99100    
0.53050   14.04000  0.00289      14.08916      290.00661    
0.52910   13.99000  0.00289      14.04861      412.16591    
0.52770   13.98000  0.00289      14.00827      95.88103     
0.52715   13.95000  0.00289      13.99219      213.60355    
0.52659   13.93000  0.00289      13.97615      255.55564    
0.52604   13.91000  0.00289      13.96014      301.67265    
0.52521   13.88000  0.00289      13.93619      378.86671    
0.52438   13.86000  0.00289      13.91231      328.41679    
0.52329   13.83000  0.00289      13.88060      307.22140    
0.52274   13.79000  0.00289      13.86479      671.22165    
0.52219   13.78000  0.00289      13.84901      571.55865    
0.52110   13.75000  0.00289      13.81756      547.75943    
0.52002   13.72000  0.00289      13.78624      526.54441    
0.51948   13.71000  0.00289      13.77063      441.10758    
0.51867   13.69000  0.00289      13.74727      393.61204    
0.51813   13.68000  0.00289      13.73174      321.25770    
0.51760   13.67000  0.00289      13.71624      256.60218    
0.51680   13.63000  0.00289      13.69305      477.09861    
0.51573   13.64000  0.00289      13.66225      59.39757     
0.51520   13.62000  0.00289      13.64689      86.78649     
0.51520   13.61000  0.00289      13.64689      163.32912    
0.51493   13.62000  0.00289      13.63923      44.36101     
0.51493   13.59000  0.00289      13.63923      290.79495    
0.51440   13.59000  0.00289      13.62392      138.05936    
0.51387   13.58000  0.00289      13.60864      98.44654     
0.51361   13.56000  0.00289      13.60102      201.87666    
0.51361   13.56000  0.00289      13.60102      201.87666    
0.51308   13.56000  0.00289      13.58579      79.79264     
0.51256   13.53000  0.00289      13.57059      197.68743    
0.51230   13.53000  0.00289      13.56300      130.68516    
0.51151   13.50000  0.00289      13.54028      194.74410    
0.51099   13.48000  0.00289      13.52518      244.94397    
0.51046   13.47000  0.00289      13.51011      193.01213    
0.50994   13.44000  0.00289      13.49506      363.81479    
0.50916   13.43000  0.00289      13.47255      217.29850    
0.50839   13.41000  0.00289      13.45011      193.10025    
0.50761   13.39000  0.00289      13.42774      170.94856    
0.50710   13.38000  0.00289      13.41287      129.63145    
0.50633   13.35000  0.00289      13.39061      197.89678    
0.50505   13.33000  0.00289      13.35366      67.19396     
0.50352   13.29000  0.00289      13.30957      45.97324     
0.50226   13.25000  0.00289      13.27303      63.67051     
0.50075   13.20000  0.00289      13.22943      103.93177    
0.49925   13.15000  0.00289      13.18609      156.26254    
0.49850   13.13000  0.00289      13.16451      142.92291    
0.49776   13.14000  0.00289      13.14300      1.08074      
0.49727   13.12000  0.00289      13.12870      9.07562      
0.49702   13.11000  0.00289      13.12155      16.02214     
0.49652   13.11000  0.00289      13.10729      0.87926      
0.49628   13.08000  0.00289      13.10017      48.83307     
0.49579   13.07000  0.00289      13.08595      30.54116     
0.49554   13.07000  0.00289      13.07885      9.40763      
0.49529   13.05000  0.00289      13.07176      56.83057     
0.49480   13.05000  0.00289      13.05760      6.92917      
0.49432   13.02000  0.00289      13.04346      66.06541     
0.49383   13.01000  0.00289      13.02936      44.96057     
0.49334   12.99000  0.00289      13.01528      76.67123     
0.49285   12.96000  0.00289      13.00123      203.94336    
0.49261   12.96000  0.00289      12.99421      140.43790    
0.49188   12.94000  0.00289      12.97320      132.30809    
0.49092   12.90000  0.00289      12.94529      246.19181    
0.49044   12.89000  0.00289      12.93138      205.48111    
0.48996   12.87000  0.00289      12.91749      270.67724    
0.48972   12.85000  0.00289      12.91056      440.10739    
0.48948   12.86000  0.00289      12.90363      228.47072    
0.48924   12.83000  0.00289      12.89671      534.09583    
0.48852   12.83000  0.00289      12.87600      253.87475    
0.48780   12.81000  0.00289      12.85534      246.66558    
0.48733   12.78000  0.00289      12.84160      455.34497    
0.48709   12.78000  0.00289      12.83474      359.58588    
0.48662   12.77000  0.00289      12.82104      312.64114    
0.48614   12.75000  0.00289      12.80737      394.97196    
0.48544   12.74000  0.00289      12.78691      264.10479    
0.48473   12.71000  0.00289      12.76652      383.27910    
0.48426   12.72000  0.00289      12.75295      130.28151    
0.48356   12.71000  0.00289      12.73265      61.56372     
0.48286   12.69000  0.00289      12.71241      60.26250     
0.48239   12.69000  0.00289      12.69895      9.60869      
0.48170   12.67000  0.00289      12.67881      9.30363      
0.48100   12.64000  0.00289      12.65872      42.05288     
0.48031   12.63000  0.00289      12.63869      9.06794      
0.48008   12.62000  0.00289      12.63203      17.36643     
0.47985   12.61000  0.00289      12.62537      28.36119     
0.47939   12.61000  0.00289      12.61208      0.51896      
0.47893   12.57000  0.00289      12.59881      99.60999     
0.47824   12.55000  0.00289      12.57896      100.61494    
0.47733   12.54000  0.00289      12.55257      18.96427     
0.47664   12.49000  0.00289      12.53285      220.31987    
0.47642   12.50000  0.00289      12.52629      82.91991     
0.47619   12.48000  0.00289      12.51973      189.43031    
0.47574   12.47000  0.00289      12.50664      161.09214    
0.47506   12.46000  0.00289      12.48705      87.78893     
0.47438   12.43000  0.00289      12.46751      168.85605    
0.47393   12.42000  0.00289      12.45452      142.98524    
0.47304   12.40000  0.00289      12.42861      98.19928     
0.47237   12.37000  0.00289      12.40924      184.73978    
0.47170   12.36000  0.00289      12.38992      107.43395    
0.47103   12.33000  0.00289      12.37066      198.39516    
0.47081   12.32000  0.00289      12.36425      234.99517    
0.47059   12.32000  0.00289      12.35785      171.91958    
0.47015   12.29000  0.00289      12.34506      363.85135    
0.46970   12.30000  0.00289      12.33230      125.21343    
0.46926   12.29000  0.00289      12.31956      104.88576    
0.46860   12.26000  0.00289      12.30050      196.84866    
0.46816   12.26000  0.00289      12.28782      92.89707     
0.46751   12.25000  0.00289      12.26885      42.63918     
0.46685   12.25000  0.00289      12.24993      0.00059      
0.46598   12.24000  0.00289      12.22479      27.77825     
0.46555   12.21000  0.00289      12.21225      0.60652      
0.46490   12.20000  0.00289      12.19349      5.09167      
0.46447   12.19000  0.00289      12.18101      9.70459      
0.46425   12.16000  0.00289      12.17478      26.20080     
0.46361   12.15000  0.00289      12.15612      4.49245      
0.46296   12.13000  0.00289      12.13751      6.77282      
0.46232   12.11000  0.00289      12.11896      9.63026      
0.46168   12.10000  0.00289      12.10046      0.02489      
0.46104   12.06000  0.00289      12.08200      58.09963     
0.46062   12.05000  0.00289      12.06973      46.71699     
0.46019   12.05000  0.00289      12.05748      6.71524      
0.45977   12.01000  0.00289      12.04525      149.13259    
0.45872   12.00000  0.00289      12.01478      26.22045     
0.45809   11.98000  0.00289      11.99657      32.93274     
0.45767   11.95000  0.00289      11.98445      142.41824    
0.45746   11.96000  0.00289      11.97840      40.62966     
0.45683   11.92000  0.00289      11.96028      194.74275    
0.45620   11.92000  0.00289      11.94222      59.23893     
0.45537   11.90000  0.00289      11.91821      39.77860     
0.45434   11.84000  0.00289      11.88832      280.12147    
0.45351   11.83000  0.00289      11.86450      142.82394    
0.45310   11.82000  0.00289      11.85262      127.71702    
0.45228   11.80000  0.00289      11.82894      100.48299    
0.45147   11.79000  0.00289      11.80534      28.22349     
0.45045   11.77000  0.00289      11.77595      4.25456      
0.44984   11.75000  0.00289      11.75839      8.44463      
0.44964   11.76000  0.00289      11.75254      6.67079      
0.44903   11.73000  0.00289      11.73504      3.05017      
0.44863   11.73000  0.00289      11.72340      5.22803      
0.44823   11.72000  0.00289      11.71178      8.11178      
0.44783   11.70000  0.00289      11.70018      0.00379      
0.44743   11.70000  0.00289      11.68860      15.60062     
0.44703   11.68000  0.00289      11.67704      1.05209      
0.44683   11.67000  0.00289      11.67127      0.19272      
0.44643   11.67000  0.00289      11.65974      12.63403     
0.44603   11.67000  0.00289      11.64823      56.86285     
0.44563   11.65000  0.00289      11.63674      21.08412     
0.44484   11.63000  0.00289      11.61383      31.36788     
0.44405   11.60000  0.00289      11.59100      9.71796      
0.44385   11.59000  0.00289      11.58531      2.64425      
0.44385   11.59000  0.00289      11.58531      2.64425      
0.44366   11.58000  0.00289      11.57962      0.01772      
0.44267   11.53000  0.00289      11.55124      54.14093     
0.44189   11.49000  0.00289      11.52863      179.08492    
0.44170   11.50000  0.00289      11.52299      63.43222     
0.44111   11.50000  0.00289      11.50610      4.46731      
0.44014   11.46000  0.00289      11.47805      39.09944     
0.43937   11.44000  0.00289      11.45570      29.57462     
0.43898   11.42000  0.00289      11.44455      72.33849     
0.43860   11.41000  0.00289      11.43343      65.85038     
0.43840   11.41000  0.00289      11.42787      38.31758     
0.43802   11.38000  0.00289      11.41677      162.25847    
0.43725   11.38000  0.00289      11.39463      25.70022     
0.43649   11.37000  0.00289      11.37257      0.79546      
0.43592   11.34000  0.00289      11.35608      31.02892     
0.43535   11.33000  0.00289      11.33963      11.12596     
0.43478   11.32000  0.00289      11.32322      1.24462      
0.43422   11.32000  0.00289      11.30685      20.73530     
0.43384   11.31000  0.00289      11.29597      23.62726     
0.43346   11.30000  0.00289      11.28510      26.64040     
0.43290   11.29000  0.00289      11.26883      53.76161     
0.43253   11.29000  0.00289      11.25801      122.78204    
0.43253   11.27000  0.00289      11.25801      17.24328     
0.43234   11.27000  0.00289      11.25261      36.29230     
0.43178   11.25000  0.00289      11.23643      22.10718     
0.43122   11.24000  0.00289      11.22029      46.63446     
0.43103   11.23000  0.00289      11.21492      27.30446     
0.43103   11.21000  0.00289      11.21492      2.89965      
0.43085   11.21000  0.00289      11.20955      0.02436      
0.43029   11.20000  0.00289      11.19348      5.10377      
0.42937   11.16000  0.00289      11.16679      5.52490      
0.42863   11.15000  0.00289      11.14551      2.41568      
0.42790   11.13000  0.00289      11.12431      3.87962      
0.42717   11.10000  0.00289      11.10319      1.21902      
0.42699   11.10000  0.00289      11.09792      0.52076      
0.42680   11.08000  0.00289      11.09265      19.20540     
0.42644   11.06000  0.00289      11.08213      58.78179     
0.42571   11.05000  0.00289      11.06115      14.91736     
0.42481   11.02000  0.00289      11.03502      27.07569     
0.42427   11.02000  0.00289      11.01940      0.04361      
0.42409   11.01000  0.00289      11.01420      2.11478      
0.42355   10.98000  0.00289      10.99863      41.63601     
0.42248   10.96000  0.00289      10.96760      6.93766      
0.42176   10.92000  0.00289      10.94701      87.53470     
0.42105   10.91000  0.00289      10.92648      32.60156     
0.42052   10.91000  0.00289      10.91113      0.15424      
0.41999   10.87000  0.00289      10.89582      80.02191     
0.41929   10.86000  0.00289      10.87547      28.71702     
0.41859   10.87000  0.00289      10.85518      26.34189     
0.41771   10.84000  0.00289      10.82992      12.18749     
0.41701   10.83000  0.00289      10.80979      49.01995     
0.41649   10.82000  0.00289      10.79473      76.61368     
0.41580   10.81000  0.00289      10.77472      149.39479    
0.41545   10.82000  0.00289      10.76473      366.53570    
0.41494   10.78000  0.00289      10.74979      109.52481    
0.41459   10.77000  0.00289      10.73985      109.10396    
0.41425   10.77000  0.00289      10.72992      192.75305    
0.41391   10.73000  0.00289      10.72001      11.96968     
0.41339   10.73000  0.00289      10.70518      73.92466     
0.41271   10.70000  0.00289      10.68546      25.36946     
0.41220   10.70000  0.00289      10.67071      102.92925    
0.41203   10.70000  0.00289      10.66581      140.31502    
0.41169   10.67000  0.00289      10.65600      23.51354     
0.41118   10.65000  0.00289      10.64133      9.02568      
0.41034   10.64000  0.00289      10.61695      63.75547     
0.40967   10.60000  0.00289      10.59752      0.73790      
0.40900   10.59000  0.00289      10.57815      16.83952     
0.40850   10.57000  0.00289      10.56367      4.80717      
0.40766   10.54000  0.00289      10.53961      0.01818      
0.40667   10.51000  0.00289      10.51087      0.09041      
0.40601   10.48000  0.00289      10.49178      16.66327     
0.40535   10.47000  0.00289      10.47276      0.91526      
0.40502   10.46000  0.00289      10.46327      1.28610      
0.40469   10.44000  0.00289      10.45380      22.85659     
0.40453   10.44000  0.00289      10.44907      9.87306      
0.40388   10.42000  0.00289      10.43019      12.45191     
0.40306   10.41000  0.00289      10.40667      1.33295      
0.40241   10.40000  0.00289      10.38792      17.51185     
0.40177   10.38000  0.00289      10.36923      13.91233     
0.40096   10.38000  0.00289      10.34596      139.06271    
0.40000   10.36000  0.00289      10.31815      210.15681    
0.39888   10.32000  0.00289      10.28588      139.71305    
0.39857   10.32000  0.00289      10.27669      225.08264    
0.39825   10.31000  0.00289      10.26752      216.56978    
0.39793   10.29000  0.00289      10.25836      120.13708    
0.39761   10.28000  0.00289      10.24922      113.72426    
0.39730   10.26000  0.00289      10.24009      47.58894     
0.39683   10.25000  0.00289      10.22642      66.72830     
0.39635   10.24000  0.00289      10.21278      88.88239     
0.39573   10.22000  0.00289      10.19466      77.08094     
0.39510   10.21000  0.00289      10.17658      133.99582    
0.39432   10.18000  0.00289      10.15407      80.65494     
0.39355   10.15000  0.00289      10.13165      40.38953     
0.39293   10.14000  0.00289      10.11378      82.49395     
0.39216   10.11000  0.00289      10.09152      40.98948     
0.39170   10.10000  0.00289      10.07820      57.01603     
0.39170   10.10000  0.00289      10.07820      57.01603     
0.39124   10.07000  0.00289      10.06492      3.09921      
0.39062   10.06000  0.00289      10.04725      19.49576     
0.39032   10.04000  0.00289      10.03844      0.29112      
0.39002   10.03000  0.00289      10.02964      0.01514      
0.38895   10.02000  0.00289      9.99896       53.11770     
0.38760   9.98000   0.00289      9.95975       49.18499     
0.38685   9.97000   0.00289      9.93809       122.17916    
0.38595   9.95000   0.00289      9.91221       171.40769    
0.38506   9.93000   0.00289      9.88644       227.69753    
0.38476   9.92000   0.00289      9.87788       212.91428    
0.38462   9.92000   0.00289      9.87360       258.33775    
0.38417   9.92000   0.00289      9.86079       420.65919    
0.38373   9.89000   0.00289      9.84801       211.54383    
0.38314   9.84000   0.00289      9.83102       9.67649      
0.38270   9.85000   0.00289      9.81831       120.51605    
0.38226   9.86000   0.00289      9.80563       354.76309    
0.38183   9.83000   0.00289      9.79297       164.50270    
0.38153   9.83000   0.00289      9.78456       247.81978    
0.38124   9.82000   0.00289      9.77615       230.74144    
0.38081   9.79000   0.00289      9.76356       83.86038     
0.38023   9.78000   0.00289      9.74683       132.03937    
0.37965   9.76000   0.00289      9.73014       106.96599    
0.37936   9.75000   0.00289      9.72182       95.28996     
0.37879   9.75000   0.00289      9.70521       240.72133    
0.37836   9.72000   0.00289      9.69279       88.86112     
0.37779   9.70000   0.00289      9.67627       67.59372     
0.37750   9.69000   0.00289      9.66802       57.95046     
0.37707   9.67000   0.00289      9.65568       24.59034     
0.37679   9.66000   0.00289      9.64747       18.82773     
0.37636   9.65000   0.00289      9.63518       26.35239     
0.37608   9.64000   0.00289      9.62700       20.27696     
0.37580   9.64000   0.00289      9.61883       53.76371     
0.37523   9.60000   0.00289      9.60253       0.77091      
0.37467   9.60000   0.00289      9.58628       22.57278     
0.37425   9.59000   0.00289      9.57413       30.22517     
0.37369   9.57000   0.00289      9.55796       17.38224     
0.37300   9.54000   0.00289      9.53783       0.56697      
0.37230   9.53000   0.00289      9.51776       17.96899     
0.37161   9.51000   0.00289      9.49777       17.93575     
0.37092   9.49000   0.00289      9.47786       17.68587     
0.37051   9.47000   0.00289      9.46595       1.97162      
0.37010   9.48000   0.00289      9.45406       80.74768     
0.36955   9.47000   0.00289      9.43825       120.95531    
0.36887   9.44000   0.00289      9.41856       55.17611     
0.36819   9.45000   0.00289      9.39893       312.91642    
0.36765   9.44000   0.00289      9.38329       385.93282    
0.36724   9.42000   0.00289      9.37159       281.27964    
0.36684   9.42000   0.00289      9.35991       433.34304    
0.36643   9.39000   0.00289      9.34825       209.12612    
0.36590   9.39000   0.00289      9.33276       393.21100    
0.36536   9.39000   0.00289      9.31731       634.14383    
0.36483   9.36000   0.00289      9.30190       405.09408    
0.36443   9.35000   0.00289      9.29037       426.64627    
0.36390   9.33000   0.00289      9.27504       362.41043    
0.36337   9.31000   0.00289      9.25976       302.87511    
0.36298   9.30000   0.00289      9.24833       320.40784    
0.36258   9.29000   0.00289      9.23692       338.11689    
0.36179   9.26000   0.00289      9.21418       251.98854    
0.36075   9.24000   0.00289      9.18400       376.26504    
0.36023   9.20000   0.00289      9.16898       115.44128    
0.35997   9.20000   0.00289      9.16149       177.96490    
0.35958   9.19000   0.00289      9.15027       189.42645    
0.35920   9.17000   0.00289      9.13907       114.78184    
0.35881   9.17000   0.00289      9.12790       212.68964    
0.35829   9.15000   0.00289      9.11304       163.91875    
0.35765   9.12000   0.00289      9.09453       77.86836     
0.35714   9.11000   0.00289      9.07976       109.71597    
0.35663   9.10000   0.00289      9.06504       146.65649    
0.35625   9.08000   0.00289      9.05403       80.95047     
0.35562   9.07000   0.00289      9.03572       140.98804    
0.35461   9.02000   0.00289      9.00657       21.63804     
0.35386   9.01000   0.00289      8.98482       76.10474     

Gradi di liberta = 737
Chi-quadro = 103717.34851560053
p-value = 0.0
Errore a posteriori = 0.03425

Test ipotesi funzione costante_______________________________
Gradi di Liberta' = 737
t = 2471.754138084908
p-value = 0.0

Test ipotesi compatibilità misure____________________________
x         y         sy           y_media_p     Chi-quadro   
0.73421   19.99000  0.00289      14.71811      3335144.53352
0.73368   19.98000  0.00289      14.71811      3322503.98683
0.73368   19.97000  0.00289      14.71811      3309887.44015
0.73314   19.96000  0.00289      14.71811      3297294.89346
0.73260   19.95000  0.00289      14.71811      3284726.34678
0.73206   19.93000  0.00289      14.71811      3259661.25341
0.73153   19.94000  0.00289      14.71811      3272181.80009
0.73153   19.91000  0.00289      14.71811      3234692.16004
0.73099   19.91000  0.00289      14.71811      3234692.16004
0.73046   19.92000  0.00289      14.71811      3247164.70672
0.72993   19.90000  0.00289      14.71811      3222243.61335
0.72993   19.89000  0.00289      14.71811      3209819.06667
0.72939   19.86000  0.00289      14.71811      3172689.42661
0.72886   19.86000  0.00289      14.71811      3172689.42661
0.72886   19.87000  0.00289      14.71811      3185041.97330
0.72833   19.85000  0.00289      14.71811      3160360.87993
0.72780   19.84000  0.00289      14.71811      3148056.33324
0.72674   19.82000  0.00289      14.71811      3123519.23988
0.72569   19.78000  0.00289      14.71811      3074733.05314
0.72516   19.77000  0.00289      14.71811      3062596.50645
0.72516   19.76000  0.00289      14.71811      3050483.95977
0.72464   19.75000  0.00289      14.71811      3038395.41308
0.72411   19.72000  0.00289      14.71811      3002273.77303
0.72359   19.72000  0.00289      14.71811      3002273.77303
0.72307   19.69000  0.00289      14.71811      2966368.13297
0.72254   19.68000  0.00289      14.71811      2954447.58629
0.72202   19.66000  0.00289      14.71811      2930678.49292
0.72150   19.64000  0.00289      14.71811      2907005.39955
0.72098   19.63000  0.00289      14.71811      2895204.85287
0.72098   19.62000  0.00289      14.71811      2883428.30618
0.72046   19.61000  0.00289      14.71811      2871675.75950
0.72046   19.60000  0.00289      14.71811      2859947.21281
0.71994   19.58000  0.00289      14.71811      2836562.11944
0.71942   19.56000  0.00289      14.71811      2813273.02607
0.71891   19.55000  0.00289      14.71811      2801664.47939
0.71839   19.54000  0.00289      14.71811      2790079.93270
0.71839   19.52000  0.00289      14.71811      2766982.83933
0.71788   19.49000  0.00289      14.71811      2732517.19928
0.71788   19.49000  0.00289      14.71811      2732517.19928
0.71736   19.48000  0.00289      14.71811      2721076.65260
0.71685   19.47000  0.00289      14.71811      2709660.10591
0.71633   19.46000  0.00289      14.71811      2698267.55923
0.71582   19.46000  0.00289      14.71811      2698267.55923
0.71582   19.45000  0.00289      14.71811      2686899.01254
0.71531   19.45000  0.00289      14.71811      2686899.01254
0.71480   19.44000  0.00289      14.71811      2675554.46586
0.71480   19.43000  0.00289      14.71811      2664233.91917
0.71429   19.42000  0.00289      14.71811      2652937.37249
0.71378   19.41000  0.00289      14.71811      2641664.82580
0.71327   19.40000  0.00289      14.71811      2630416.27912
0.71327   19.40000  0.00289      14.71811      2630416.27912
0.71276   19.39000  0.00289      14.71811      2619191.73243
0.71276   19.38000  0.00289      14.71811      2607991.18575
0.71225   19.37000  0.00289      14.71811      2596814.63906
0.71174   19.37000  0.00289      14.71811      2596814.63906
0.71124   19.36000  0.00289      14.71811      2585662.09238
0.71073   19.34000  0.00289      14.71811      2563428.99901
0.71023   19.32000  0.00289      14.71811      2541291.90564
0.70972   19.31000  0.00289      14.71811      2530259.35896
0.70922   19.29000  0.00289      14.71811      2508266.26559
0.70922   19.28000  0.00289      14.71811      2497305.71890
0.70872   19.26000  0.00289      14.71811      2475456.62553
0.70822   19.26000  0.00289      14.71811      2475456.62553
0.70771   19.25000  0.00289      14.71811      2464568.07885
0.70721   19.23000  0.00289      14.71811      2442862.98548
0.70671   19.21000  0.00289      14.71811      2421253.89211
0.70621   19.20000  0.00289      14.71811      2410485.34542
0.70572   19.17000  0.00289      14.71811      2378323.70537
0.70522   19.16000  0.00289      14.71811      2367651.15868
0.70472   19.14000  0.00289      14.71811      2346378.06532
0.70423   19.12000  0.00289      14.71811      2325200.97195
0.70373   19.11000  0.00289      14.71811      2314648.42526
0.70323   19.09000  0.00289      14.71811      2293615.33189
0.70274   19.08000  0.00289      14.71811      2283134.78521
0.70274   19.07000  0.00289      14.71811      2272678.23852
0.70225   19.05000  0.00289      14.71811      2251837.14515
0.70126   19.03000  0.00289      14.71811      2231092.05178
0.70028   19.00000  0.00289      14.71811      2200154.41173
0.69979   18.99000  0.00289      14.71811      2189889.86504
0.69930   18.98000  0.00289      14.71811      2179649.31836
0.69881   18.97000  0.00289      14.71811      2169432.77168
0.69832   18.96000  0.00289      14.71811      2159240.22499
0.69784   18.95000  0.00289      14.71811      2149071.67831
0.69686   18.93000  0.00289      14.71811      2128806.58494
0.69686   18.93000  0.00289      14.71811      2128806.58494
0.69638   18.92000  0.00289      14.71811      2118710.03825
0.69589   18.91000  0.00289      14.71811      2108637.49157
0.69541   18.90000  0.00289      14.71811      2098588.94488
0.69493   18.88000  0.00289      14.71811      2078563.85151
0.69444   18.86000  0.00289      14.71811      2058634.75814
0.69396   18.85000  0.00289      14.71811      2048706.21146
0.69348   18.83000  0.00289      14.71811      2028921.11809
0.69300   18.82000  0.00289      14.71811      2019064.57140
0.69252   18.80000  0.00289      14.71811      1999423.47804
0.69204   18.79000  0.00289      14.71811      1989638.93135
0.69156   18.78000  0.00289      14.71811      1979878.38467
0.69061   18.75000  0.00289      14.71811      1950740.74461
0.69013   18.74000  0.00289      14.71811      1941076.19793
0.68966   18.71000  0.00289      14.71811      1912226.55787
0.68918   18.69000  0.00289      14.71811      1893113.46450
0.68871   18.68000  0.00289      14.71811      1883592.91782
0.68823   18.65000  0.00289      14.71811      1855175.27776
0.68776   18.63000  0.00289      14.71811      1836350.18440
0.68681   18.62000  0.00289      14.71811      1826973.63771
0.68634   18.60000  0.00289      14.71811      1808292.54434
0.68587   18.58000  0.00289      14.71811      1789707.45097
0.68540   18.56000  0.00289      14.71811      1771218.35760
0.68493   18.54000  0.00289      14.71811      1752825.26423
0.68446   18.54000  0.00289      14.71811      1752825.26423
0.68399   18.53000  0.00289      14.71811      1743664.71755
0.68399   18.51000  0.00289      14.71811      1725415.62418
0.68353   18.50000  0.00289      14.71811      1716327.07749
0.68306   18.49000  0.00289      14.71811      1707262.53081
0.68259   18.49000  0.00289      14.71811      1707262.53081
0.68213   18.48000  0.00289      14.71811      1698221.98412
0.68166   18.47000  0.00289      14.71811      1689205.43744
0.68120   18.47000  0.00289      14.71811      1689205.43744
0.68120   18.46000  0.00289      14.71811      1680212.89075
0.68074   18.45000  0.00289      14.71811      1671244.34407
0.68027   18.44000  0.00289      14.71811      1662299.79739
0.67981   18.42000  0.00289      14.71811      1644482.70402
0.67935   18.41000  0.00289      14.71811      1635610.15733
0.67889   18.41000  0.00289      14.71811      1635610.15733
0.67843   18.39000  0.00289      14.71811      1617937.06396
0.67751   18.37000  0.00289      14.71811      1600359.97059
0.67705   18.35000  0.00289      14.71811      1582878.87722
0.67659   18.34000  0.00289      14.71811      1574174.33054
0.67613   18.32000  0.00289      14.71811      1556837.23717
0.67568   18.31000  0.00289      14.71811      1548204.69048
0.67522   18.30000  0.00289      14.71811      1539596.14380
0.67476   18.29000  0.00289      14.71811      1531011.59711
0.67431   18.27000  0.00289      14.71811      1513914.50375
0.67385   18.26000  0.00289      14.71811      1505401.95706
0.67340   18.24000  0.00289      14.71811      1488448.86369
0.67340   18.23000  0.00289      14.71811      1480008.31701
0.67295   18.22000  0.00289      14.71811      1471591.77032
0.67249   18.20000  0.00289      14.71811      1454830.67695
0.67204   18.19000  0.00289      14.71811      1446486.13027
0.67159   18.18000  0.00289      14.71811      1438165.58358
0.67114   18.17000  0.00289      14.71811      1429869.03690
0.67114   18.15000  0.00289      14.71811      1413347.94353
0.67069   18.14000  0.00289      14.71811      1405123.39684
0.67024   18.13000  0.00289      14.71811      1396922.85016
0.66979   18.11000  0.00289      14.71811      1380593.75679
0.66934   18.08000  0.00289      14.71811      1356280.11674
0.66890   18.08000  0.00289      14.71811      1356280.11674
0.66845   18.07000  0.00289      14.71811      1348223.57005
0.66800   18.05000  0.00289      14.71811      1332182.47668
0.66756   18.05000  0.00289      14.71811      1332182.47668
0.66711   18.04000  0.00289      14.71811      1324197.93000
0.66667   18.03000  0.00289      14.71811      1316237.38331
0.66622   18.03000  0.00289      14.71811      1316237.38331
0.66622   18.02000  0.00289      14.71811      1308300.83663
0.66578   18.01000  0.00289      14.71811      1300388.28994
0.66534   18.00000  0.00289      14.71811      1292499.74326
0.66489   17.99000  0.00289      14.71811      1284635.19657
0.66445   17.99000  0.00289      14.71811      1284635.19657
0.66401   17.97000  0.00289      14.71811      1268978.10320
0.66357   17.96000  0.00289      14.71811      1261185.55652
0.66269   17.95000  0.00289      14.71811      1253417.00983
0.66225   17.93000  0.00289      14.71811      1237951.91647
0.66181   17.92000  0.00289      14.71811      1230255.36978
0.66138   17.91000  0.00289      14.71811      1222582.82310
0.66094   17.89000  0.00289      14.71811      1207309.72973
0.66050   17.87000  0.00289      14.71811      1192132.63636
0.65963   17.86000  0.00289      14.71811      1184580.08967
0.65920   17.84000  0.00289      14.71811      1169546.99630
0.65876   17.83000  0.00289      14.71811      1162066.44962
0.65833   17.81000  0.00289      14.71811      1147177.35625
0.65789   17.79000  0.00289      14.71811      1132384.26288
0.65746   17.78000  0.00289      14.71811      1125023.71619
0.65703   17.75000  0.00289      14.71811      1103086.07614
0.65617   17.74000  0.00289      14.71811      1095821.52946
0.65574   17.72000  0.00289      14.71811      1081364.43609
0.65531   17.70000  0.00289      14.71811      1067003.34272
0.65445   17.68000  0.00289      14.71811      1052738.24935
0.65359   17.66000  0.00289      14.71811      1038569.15598
0.65317   17.64000  0.00289      14.71811      1024496.06261
0.65274   17.63000  0.00289      14.71811      1017495.51592
0.65274   17.61000  0.00289      14.71811      1003566.42255
0.65232   17.60000  0.00289      14.71811      996637.87587 
0.65147   17.59000  0.00289      14.71811      989733.32919 
0.65104   17.57000  0.00289      14.71811      975996.23582 
0.65062   17.56000  0.00289      14.71811      969163.68913 
0.65020   17.55000  0.00289      14.71811      962355.14245 
0.64935   17.54000  0.00289      14.71811      955570.59576 
0.64893   17.54000  0.00289      14.71811      955570.59576 
0.64851   17.52000  0.00289      14.71811      942073.50239 
0.64809   17.51000  0.00289      14.71811      935360.95571 
0.64725   17.50000  0.00289      14.71811      928672.40902 
0.64683   17.48000  0.00289      14.71811      915367.31565 
0.64641   17.48000  0.00289      14.71811      915367.31565 
0.64599   17.46000  0.00289      14.71811      902158.22228 
0.64516   17.44000  0.00289      14.71811      889045.12891 
0.64475   17.43000  0.00289      14.71811      882524.58223 
0.64392   17.40000  0.00289      14.71811      863106.94218 
0.64350   17.39000  0.00289      14.71811      856682.39549 
0.64350   17.38000  0.00289      14.71811      850281.84881 
0.64309   17.36000  0.00289      14.71811      837552.75544 
0.64267   17.36000  0.00289      14.71811      837552.75544 
0.64226   17.35000  0.00289      14.71811      831224.20875 
0.64185   17.34000  0.00289      14.71811      824919.66207 
0.64144   17.33000  0.00289      14.71811      818639.11538 
0.64144   17.31000  0.00289      14.71811      806150.02201 
0.64103   17.30000  0.00289      14.71811      799941.47533 
0.64061   17.29000  0.00289      14.71811      793756.92864 
0.63980   17.27000  0.00289      14.71811      781459.83527 
0.63939   17.26000  0.00289      14.71811      775347.28859 
0.63898   17.24000  0.00289      14.71811      763194.19522 
0.63898   17.23000  0.00289      14.71811      757153.64854 
0.63857   17.22000  0.00289      14.71811      751137.10185 
0.63816   17.20000  0.00289      14.71811      739176.00848 
0.63776   17.19000  0.00289      14.71811      733231.46180 
0.63694   17.17000  0.00289      14.71811      721414.36843 
0.63694   17.15000  0.00289      14.71811      709693.27506 
0.63654   17.15000  0.00289      14.71811      709693.27506 
0.63654   17.14000  0.00289      14.71811      703868.72837 
0.63613   17.13000  0.00289      14.71811      698068.18169 
0.63532   17.12000  0.00289      14.71811      692291.63500 
0.63492   17.10000  0.00289      14.71811      680810.54163 
0.63452   17.10000  0.00289      14.71811      680810.54163 
0.63412   17.09000  0.00289      14.71811      675105.99495 
0.63331   17.08000  0.00289      14.71811      669425.44827 
0.63331   17.08000  0.00289      14.71811      669425.44827 
0.63291   17.07000  0.00289      14.71811      663768.90158 
0.63251   17.06000  0.00289      14.71811      658136.35490 
0.63211   17.05000  0.00289      14.71811      652527.80821 
0.63171   17.04000  0.00289      14.71811      646943.26153 
0.63131   17.04000  0.00289      14.71811      646943.26153 
0.63091   17.03000  0.00289      14.71811      641382.71484 
0.63052   17.02000  0.00289      14.71811      635846.16816 
0.63012   17.01000  0.00289      14.71811      630333.62147 
0.62972   17.00000  0.00289      14.71811      624845.07479 
0.62933   16.98000  0.00289      14.71811      613939.98142 
0.62893   16.97000  0.00289      14.71811      608523.43473 
0.62854   16.95000  0.00289      14.71811      597762.34136 
0.62814   16.94000  0.00289      14.71811      592417.79468 
0.62775   16.93000  0.00289      14.71811      587097.24799 
0.62735   16.91000  0.00289      14.71811      576528.15463 
0.62657   16.90000  0.00289      14.71811      571279.60794 
0.62617   16.89000  0.00289      14.71811      566055.06126 
0.62578   16.87000  0.00289      14.71811      555677.96789 
0.62500   16.85000  0.00289      14.71811      545396.87452 
0.62461   16.83000  0.00289      14.71811      535211.78115 
0.62383   16.81000  0.00289      14.71811      525122.68778 
0.62344   16.79000  0.00289      14.71811      515129.59441 
0.62267   16.77000  0.00289      14.71811      505232.50104 
0.62228   16.75000  0.00289      14.71811      495431.40767 
0.62189   16.74000  0.00289      14.71811      490566.86099 
0.62150   16.73000  0.00289      14.71811      485726.31430 
0.62112   16.71000  0.00289      14.71811      476117.22093 
0.62073   16.69000  0.00289      14.71811      466604.12756 
0.62035   16.68000  0.00289      14.71811      461883.58088 
0.61996   16.68000  0.00289      14.71811      461883.58088 
0.61958   16.66000  0.00289      14.71811      452514.48751 
0.61920   16.65000  0.00289      14.71811      447865.94082 
0.61881   16.64000  0.00289      14.71811      443241.39414 
0.61843   16.63000  0.00289      14.71811      438640.84745 
0.61767   16.62000  0.00289      14.71811      434064.30077 
0.61728   16.61000  0.00289      14.71811      429511.75408 
0.61652   16.61000  0.00289      14.71811      429511.75408 
0.61652   16.60000  0.00289      14.71811      424983.20740 
0.61614   16.59000  0.00289      14.71811      420478.66071 
0.61576   16.58000  0.00289      14.71811      415998.11403 
0.61538   16.58000  0.00289      14.71811      415998.11403 
0.61501   16.57000  0.00289      14.71811      411541.56734 
0.61501   16.57000  0.00289      14.71811      411541.56734 
0.61463   16.55000  0.00289      14.71811      402700.47398 
0.61387   16.54000  0.00289      14.71811      398315.92729 
0.61350   16.52000  0.00289      14.71811      389618.83392 
0.61312   16.51000  0.00289      14.71811      385306.28724 
0.61237   16.49000  0.00289      14.71811      376753.19387 
0.61200   16.48000  0.00289      14.71811      372512.64718 
0.61162   16.46000  0.00289      14.71811      364103.55381 
0.61087   16.45000  0.00289      14.71811      359935.00713 
0.61050   16.44000  0.00289      14.71811      355790.46044 
0.61013   16.43000  0.00289      14.71811      351669.91376 
0.61013   16.42000  0.00289      14.71811      347573.36707 
0.60976   16.41000  0.00289      14.71811      343500.82039 
0.60901   16.39000  0.00289      14.71811      335427.72702 
0.60790   16.35000  0.00289      14.71811      319569.54028 
0.60716   16.32000  0.00289      14.71811      307927.90023 
0.60643   16.31000  0.00289      14.71811      304095.35354 
0.60606   16.29000  0.00289      14.71811      296502.26017 
0.60569   16.27000  0.00289      14.71811      289005.16680 
0.60496   16.26000  0.00289      14.71811      285292.62012 
0.60459   16.24000  0.00289      14.71811      277939.52675 
0.60423   16.23000  0.00289      14.71811      274298.98006 
0.60386   16.21000  0.00289      14.71811      267089.88670 
0.60314   16.18000  0.00289      14.71811      256456.24664 
0.60241   16.17000  0.00289      14.71811      252959.69996 
0.60168   16.16000  0.00289      14.71811      249487.15327 
0.60132   16.15000  0.00289      14.71811      246038.60659 
0.60060   16.15000  0.00289      14.71811      246038.60659 
0.60024   16.13000  0.00289      14.71811      239213.51322 
0.59952   16.12000  0.00289      14.71811      235836.96653 
0.59916   16.12000  0.00289      14.71811      235836.96653 
0.59880   16.11000  0.00289      14.71811      232484.41985 
0.59844   16.10000  0.00289      14.71811      229155.87316 
0.59809   16.09000  0.00289      14.71811      225851.32648 
0.59737   16.08000  0.00289      14.71811      222570.77979 
0.59701   16.07000  0.00289      14.71811      219314.23311 
0.59630   16.04000  0.00289      14.71811      209688.59306 
0.59595   16.03000  0.00289      14.71811      206528.04637 
0.59559   16.03000  0.00289      14.71811      206528.04637 
0.59524   16.01000  0.00289      14.71811      200278.95300 
0.59488   16.00000  0.00289      14.71811      197190.40632 
0.59453   15.98000  0.00289      14.71811      191085.31295 
0.59382   15.96000  0.00289      14.71811      185076.21958 
0.59382   15.95000  0.00289      14.71811      182107.67289 
0.59347   15.94000  0.00289      14.71811      179163.12621 
0.59312   15.93000  0.00289      14.71811      176242.57952 
0.59277   15.91000  0.00289      14.71811      170473.48615 
0.59242   15.89000  0.00289      14.71811      164800.39278 
0.59172   15.88000  0.00289      14.71811      161999.84610 
0.59137   15.87000  0.00289      14.71811      159223.29942 
0.59102   15.84000  0.00289      14.71811      151037.65936 
0.59032   15.83000  0.00289      14.71811      148357.11268 
0.58997   15.80000  0.00289      14.71811      140459.47262 
0.58928   15.78000  0.00289      14.71811      135314.37925 
0.58858   15.75000  0.00289      14.71811      127776.73920 
0.58754   15.71000  0.00289      14.71811      118062.55246 
0.58720   15.68000  0.00289      14.71811      111028.91241 
0.58685   15.67000  0.00289      14.71811      108732.36572 
0.58617   15.66000  0.00289      14.71811      106459.81904 
0.58548   15.64000  0.00289      14.71811      101986.72567 
0.58480   15.63000  0.00289      14.71811      99786.17898  
0.58411   15.61000  0.00289      14.71811      95457.08561  
0.58343   15.61000  0.00289      14.71811      95457.08561  
0.58309   15.60000  0.00289      14.71811      93328.53893  
0.58241   15.60000  0.00289      14.71811      93328.53893  
0.58207   15.59000  0.00289      14.71811      91223.99224  
0.58173   15.58000  0.00289      14.71811      89143.44556  
0.58106   15.57000  0.00289      14.71811      87086.89887  
0.58072   15.56000  0.00289      14.71811      85054.35219  
0.58038   15.56000  0.00289      14.71811      85054.35219  
0.57971   15.55000  0.00289      14.71811      83045.80550  
0.57870   15.50000  0.00289      14.71811      73363.07208  
0.57803   15.48000  0.00289      14.71811      69657.97871  
0.57770   15.45000  0.00289      14.71811      64280.33866  
0.57703   15.43000  0.00289      14.71811      60815.24529  
0.57670   15.41000  0.00289      14.71811      57446.15192  
0.57637   15.39000  0.00289      14.71811      54173.05855  
0.57571   15.38000  0.00289      14.71811      52572.51186  
0.57537   15.36000  0.00289      14.71811      49443.41850  
0.57471   15.33000  0.00289      14.71811      44929.77844  
0.57438   15.31000  0.00289      14.71811      42040.68507  
0.57372   15.28000  0.00289      14.71811      37887.04502  
0.57307   15.24000  0.00289      14.71811      32684.85828  
0.57241   15.24000  0.00289      14.71811      32684.85828  
0.57176   15.23000  0.00289      14.71811      31444.31159  
0.57110   15.21000  0.00289      14.71811      29035.21822  
0.57045   15.18000  0.00289      14.71811      25601.57817  
0.56948   15.17000  0.00289      14.71811      24505.03149  
0.56883   15.15000  0.00289      14.71811      22383.93812  
0.56850   15.14000  0.00289      14.71811      21359.39143  
0.56786   15.13000  0.00289      14.71811      20358.84475  
0.56689   15.12000  0.00289      14.71811      19382.29806  
0.56625   15.08000  0.00289      14.71811      15716.11132  
0.56561   15.08000  0.00289      14.71811      15716.11132  
0.56497   15.08000  0.00289      14.71811      15716.11132  
0.56433   15.05000  0.00289      14.71811      13218.47127  
0.56370   15.05000  0.00289      14.71811      13218.47127  
0.56338   15.05000  0.00289      14.71811      13218.47127  
0.56275   15.01000  0.00289      14.71811      10224.28453  
0.56211   15.01000  0.00289      14.71811      10224.28453  
0.56180   14.99000  0.00289      14.71811      8871.19116   
0.56148   14.96000  0.00289      14.71811      7021.55111   
0.56085   14.94000  0.00289      14.71811      5908.45774   
0.56022   14.89000  0.00289      14.71811      3545.72431   
0.55991   14.89000  0.00289      14.71811      3545.72431   
0.55928   14.87000  0.00289      14.71811      2768.63094   
0.55897   14.83000  0.00289      14.71811      1502.44421   
0.55835   14.82000  0.00289      14.71811      1245.89752   
0.55772   14.80000  0.00289      14.71811      804.80415    
0.55710   14.76000  0.00289      14.71811      210.61741    
0.55648   14.76000  0.00289      14.71811      210.61741    
0.55586   14.71000  0.00289      14.71811      7.88399      
0.55494   14.70000  0.00289      14.71811      39.33730     
0.55432   14.70000  0.00289      14.71811      39.33730     
0.55371   14.65000  0.00289      14.71811      556.60388    
0.55279   14.65000  0.00289      14.71811      556.60388    
0.55218   14.63000  0.00289      14.71811      931.51051    
0.55157   14.62000  0.00289      14.71811      1154.96383   
0.55096   14.62000  0.00289      14.71811      1154.96383   
0.55036   14.60000  0.00289      14.71811      1673.87046   
0.54975   14.60000  0.00289      14.71811      1673.87046   
0.54915   14.60000  0.00289      14.71811      1673.87046   
0.54855   14.56000  0.00289      14.71811      2999.68372   
0.54795   14.57000  0.00289      14.71811      2632.23040   
0.54735   14.54000  0.00289      14.71811      3806.59035   
0.54675   14.51000  0.00289      14.71811      5196.95029   
0.54615   14.50000  0.00289      14.71811      5708.40361   
0.54555   14.47000  0.00289      14.71811      7386.76356   
0.54466   14.45000  0.00289      14.71811      8625.67019   
0.54407   14.46000  0.00289      14.71811      7994.21687   
0.54377   14.42000  0.00289      14.71811      10664.03013  
0.54348   14.41000  0.00289      14.71811      11391.48345  
0.54318   14.41000  0.00289      14.71811      11391.48345  
0.54259   14.37000  0.00289      14.71811      14541.29671  
0.54201   14.36000  0.00289      14.71811      15388.75002  
0.54142   14.33000  0.00289      14.71811      18075.10997  
0.54083   14.31000  0.00289      14.71811      19986.01660  
0.54025   14.31000  0.00289      14.71811      19986.01660  
0.53967   14.26000  0.00289      14.71811      25183.28318  
0.53908   14.25000  0.00289      14.71811      26294.73649  
0.53879   14.26000  0.00289      14.71811      25183.28318  
0.53792   14.21000  0.00289      14.71811      30980.54975  
0.53706   14.19000  0.00289      14.71811      33467.45638  
0.53619   14.16000  0.00289      14.71811      37377.81633  
0.53533   14.15000  0.00289      14.71811      38729.26965  
0.53476   14.14000  0.00289      14.71811      40104.72296  
0.53419   14.12000  0.00289      14.71811      42927.62959  
0.53362   14.12000  0.00289      14.71811      42927.62959  
0.53305   14.11000  0.00289      14.71811      44375.08291  
0.53220   14.08000  0.00289      14.71811      48861.44285  
0.53163   14.09000  0.00289      14.71811      47341.98954  
0.53107   14.05000  0.00289      14.71811      53563.80280  
0.53079   14.05000  0.00289      14.71811      53563.80280  
0.53079   14.05000  0.00289      14.71811      53563.80280  
0.53050   14.02000  0.00289      14.71811      58482.16274  
0.53050   14.03000  0.00289      14.71811      56818.70943  
0.53050   14.04000  0.00289      14.71811      55179.25611  
0.52910   13.99000  0.00289      14.71811      63616.52269  
0.52770   13.98000  0.00289      14.71811      65375.97601  
0.52715   13.95000  0.00289      14.71811      70798.33595  
0.52659   13.93000  0.00289      14.71811      74533.24258  
0.52604   13.91000  0.00289      14.71811      78364.14921  
0.52521   13.88000  0.00289      14.71811      84290.50916  
0.52438   13.86000  0.00289      14.71811      88361.41579  
0.52329   13.83000  0.00289      14.71811      94647.77573  
0.52274   13.79000  0.00289      14.71811      103365.58900 
0.52219   13.78000  0.00289      14.71811      105605.04231 
0.52110   13.75000  0.00289      14.71811      112467.40226 
0.52002   13.72000  0.00289      14.71811      119545.76220 
0.51948   13.71000  0.00289      14.71811      121953.21552 
0.51867   13.69000  0.00289      14.71811      126840.12215 
0.51813   13.68000  0.00289      14.71811      129319.57546 
0.51760   13.67000  0.00289      14.71811      131823.02878 
0.51680   13.63000  0.00289      14.71811      142076.84204 
0.51573   13.64000  0.00289      14.71811      139477.38873 
0.51520   13.62000  0.00289      14.71811      144700.29536 
0.51520   13.61000  0.00289      14.71811      147347.74867 
0.51493   13.62000  0.00289      14.71811      144700.29536 
0.51493   13.59000  0.00289      14.71811      152714.65530 
0.51440   13.59000  0.00289      14.71811      152714.65530 
0.51387   13.58000  0.00289      14.71811      155434.10862 
0.51361   13.56000  0.00289      14.71811      160945.01525 
0.51361   13.56000  0.00289      14.71811      160945.01525 
0.51308   13.56000  0.00289      14.71811      160945.01525 
0.51256   13.53000  0.00289      14.71811      169391.37519 
0.51230   13.53000  0.00289      14.71811      169391.37519 
0.51151   13.50000  0.00289      14.71811      178053.73514 
0.51099   13.48000  0.00289      14.71811      183948.64177 
0.51046   13.47000  0.00289      14.71811      186932.09509 
0.50994   13.44000  0.00289      14.71811      196026.45503 
0.50916   13.43000  0.00289      14.71811      199105.90835 
0.50839   13.41000  0.00289      14.71811      205336.81498 
0.50761   13.39000  0.00289      14.71811      211663.72161 
0.50710   13.38000  0.00289      14.71811      214863.17492 
0.50633   13.35000  0.00289      14.71811      224605.53487 
0.50505   13.33000  0.00289      14.71811      231220.44150 
0.50352   13.29000  0.00289      14.71811      244738.25476 
0.50226   13.25000  0.00289      14.71811      258640.06802 
0.50075   13.20000  0.00289      14.71811      276557.33460 
0.49925   13.15000  0.00289      14.71811      295074.60117 
0.49850   13.13000  0.00289      14.71811      302649.50781 
0.49776   13.14000  0.00289      14.71811      298850.05449 
0.49727   13.12000  0.00289      14.71811      306472.96112 
0.49702   13.11000  0.00289      14.71811      310320.41444 
0.49652   13.11000  0.00289      14.71811      310320.41444 
0.49628   13.08000  0.00289      14.71811      322006.77438 
0.49579   13.07000  0.00289      14.71811      325950.22770 
0.49554   13.07000  0.00289      14.71811      325950.22770 
0.49529   13.05000  0.00289      14.71811      333909.13433 
0.49480   13.05000  0.00289      14.71811      333909.13433 
0.49432   13.02000  0.00289      14.71811      346027.49427 
0.49383   13.01000  0.00289      14.71811      350114.94759 
0.49334   12.99000  0.00289      14.71811      358361.85422 
0.49285   12.96000  0.00289      14.71811      370912.21416 
0.49261   12.96000  0.00289      14.71811      370912.21416 
0.49188   12.94000  0.00289      14.71811      379399.12080 
0.49092   12.90000  0.00289      14.71811      396660.93406 
0.49044   12.89000  0.00289      14.71811      401036.38737 
0.48996   12.87000  0.00289      14.71811      409859.29400 
0.48972   12.85000  0.00289      14.71811      418778.20063 
0.48948   12.86000  0.00289      14.71811      414306.74732 
0.48924   12.83000  0.00289      14.71811      427793.10726 
0.48852   12.83000  0.00289      14.71811      427793.10726 
0.48780   12.81000  0.00289      14.71811      436904.01389 
0.48733   12.78000  0.00289      14.71811      450750.37384 
0.48709   12.78000  0.00289      14.71811      450750.37384 
0.48662   12.77000  0.00289      14.71811      455413.82716 
0.48614   12.75000  0.00289      14.71811      464812.73379 
0.48544   12.74000  0.00289      14.71811      469548.18710 
0.48473   12.71000  0.00289      14.71811      483898.54705 
0.48426   12.72000  0.00289      14.71811      479091.09373 
0.48356   12.71000  0.00289      14.71811      483898.54705 
0.48286   12.69000  0.00289      14.71811      493585.45368 
0.48239   12.69000  0.00289      14.71811      493585.45368 
0.48170   12.67000  0.00289      14.71811      503368.36031 
0.48100   12.64000  0.00289      14.71811      518222.72025 
0.48031   12.63000  0.00289      14.71811      523222.17357 
0.48008   12.62000  0.00289      14.71811      528245.62688 
0.47985   12.61000  0.00289      14.71811      533293.08020 
0.47939   12.61000  0.00289      14.71811      533293.08020 
0.47893   12.57000  0.00289      14.71811      553722.89346 
0.47824   12.55000  0.00289      14.71811      564081.80009 
0.47733   12.54000  0.00289      14.71811      569297.25341 
0.47664   12.49000  0.00289      14.71811      595734.51998 
0.47642   12.50000  0.00289      14.71811      590399.06667 
0.47619   12.48000  0.00289      14.71811      601093.97330 
0.47574   12.47000  0.00289      14.71811      606477.42661 
0.47506   12.46000  0.00289      14.71811      611884.87993 
0.47438   12.43000  0.00289      14.71811      628251.23988 
0.47393   12.42000  0.00289      14.71811      633754.69319 
0.47304   12.40000  0.00289      14.71811      644833.59982 
0.47237   12.37000  0.00289      14.71811      661631.95977 
0.47170   12.36000  0.00289      14.71811      667279.41308 
0.47103   12.33000  0.00289      14.71811      684365.77303 
0.47081   12.32000  0.00289      14.71811      690109.22634 
0.47059   12.32000  0.00289      14.71811      690109.22634 
0.47015   12.29000  0.00289      14.71811      707483.58629 
0.46970   12.30000  0.00289      14.71811      701668.13297 
0.46926   12.29000  0.00289      14.71811      707483.58629 
0.46860   12.26000  0.00289      14.71811      725073.94624 
0.46816   12.26000  0.00289      14.71811      725073.94624 
0.46751   12.25000  0.00289      14.71811      730985.39955 
0.46685   12.25000  0.00289      14.71811      730985.39955 
0.46598   12.24000  0.00289      14.71811      736920.85287 
0.46555   12.21000  0.00289      14.71811      754871.21281 
0.46490   12.20000  0.00289      14.71811      760902.66613 
0.46447   12.19000  0.00289      14.71811      766958.11944 
0.46425   12.16000  0.00289      14.71811      785268.47939 
0.46361   12.15000  0.00289      14.71811      791419.93270 
0.46296   12.13000  0.00289      14.71811      803794.83933 
0.46232   12.11000  0.00289      14.71811      816265.74596 
0.46168   12.10000  0.00289      14.71811      822537.19928 
0.46104   12.06000  0.00289      14.71811      847863.01254 
0.46062   12.05000  0.00289      14.71811      854254.46586 
0.46019   12.05000  0.00289      14.71811      854254.46586 
0.45977   12.01000  0.00289      14.71811      880060.27912 
0.45872   12.00000  0.00289      14.71811      886571.73243 
0.45809   11.98000  0.00289      14.71811      899666.63906 
0.45767   11.95000  0.00289      14.71811      919488.99901 
0.45746   11.96000  0.00289      14.71811      912857.54569 
0.45683   11.92000  0.00289      14.71811      939527.35896 
0.45620   11.92000  0.00289      14.71811      939527.35896 
0.45537   11.90000  0.00289      14.71811      953006.26559 
0.45434   11.84000  0.00289      14.71811      994018.98548 
0.45351   11.83000  0.00289      14.71811      1000938.43879
0.45310   11.82000  0.00289      14.71811      1007881.89211
0.45228   11.80000  0.00289      14.71811      1021840.79874
0.45147   11.79000  0.00289      14.71811      1028856.25205
0.45045   11.77000  0.00289      14.71811      1042959.15868
0.44984   11.75000  0.00289      14.71811      1057158.06532
0.44964   11.76000  0.00289      14.71811      1050046.61200
0.44903   11.73000  0.00289      14.71811      1071452.97195
0.44863   11.73000  0.00289      14.71811      1071452.97195
0.44823   11.72000  0.00289      14.71811      1078636.42526
0.44783   11.70000  0.00289      14.71811      1093075.33189
0.44743   11.70000  0.00289      14.71811      1093075.33189
0.44703   11.68000  0.00289      14.71811      1107610.23852
0.44683   11.67000  0.00289      14.71811      1114913.69184
0.44643   11.67000  0.00289      14.71811      1114913.69184
0.44603   11.67000  0.00289      14.71811      1114913.69184
0.44563   11.65000  0.00289      14.71811      1129592.59847
0.44484   11.63000  0.00289      14.71811      1144367.50510
0.44405   11.60000  0.00289      14.71811      1166709.86504
0.44385   11.59000  0.00289      14.71811      1174205.31836
0.44385   11.59000  0.00289      14.71811      1174205.31836
0.44366   11.58000  0.00289      14.71811      1181724.77168
0.44267   11.53000  0.00289      14.71811      1219682.03825
0.44189   11.49000  0.00289      14.71811      1250479.85151
0.44170   11.50000  0.00289      14.71811      1242744.39820
0.44111   11.50000  0.00289      14.71811      1242744.39820
0.44014   11.46000  0.00289      14.71811      1273830.21146
0.43937   11.44000  0.00289      14.71811      1289517.11809
0.43898   11.42000  0.00289      14.71811      1305300.02472
0.43860   11.41000  0.00289      14.71811      1313227.47804
0.43840   11.41000  0.00289      14.71811      1313227.47804
0.43802   11.38000  0.00289      14.71811      1337153.83798
0.43725   11.38000  0.00289      14.71811      1337153.83798
0.43649   11.37000  0.00289      14.71811      1345177.29130
0.43592   11.34000  0.00289      14.71811      1369391.65124
0.43535   11.33000  0.00289      14.71811      1377511.10456
0.43478   11.32000  0.00289      14.71811      1385654.55787
0.43422   11.32000  0.00289      14.71811      1385654.55787
0.43384   11.31000  0.00289      14.71811      1393822.01119
0.43346   11.30000  0.00289      14.71811      1402013.46450
0.43290   11.29000  0.00289      14.71811      1410228.91782
0.43253   11.29000  0.00289      14.71811      1410228.91782
0.43253   11.27000  0.00289      14.71811      1426731.82445
0.43234   11.27000  0.00289      14.71811      1426731.82445
0.43178   11.25000  0.00289      14.71811      1443330.73108
0.43122   11.24000  0.00289      14.71811      1451666.18440
0.43103   11.23000  0.00289      14.71811      1460025.63771
0.43103   11.21000  0.00289      14.71811      1476816.54434
0.43085   11.21000  0.00289      14.71811      1476816.54434
0.43029   11.20000  0.00289      14.71811      1485247.99766
0.42937   11.16000  0.00289      14.71811      1519213.81092
0.42863   11.15000  0.00289      14.71811      1527765.26423
0.42790   11.13000  0.00289      14.71811      1544940.17086
0.42717   11.10000  0.00289      14.71811      1570882.53081
0.42699   11.10000  0.00289      14.71811      1570882.53081
0.42680   11.08000  0.00289      14.71811      1588297.43744
0.42644   11.06000  0.00289      14.71811      1605808.34407
0.42571   11.05000  0.00289      14.71811      1614599.79739
0.42481   11.02000  0.00289      14.71811      1641118.15733
0.42427   11.02000  0.00289      14.71811      1641118.15733
0.42409   11.01000  0.00289      14.71811      1650005.61065
0.42355   10.98000  0.00289      14.71811      1676811.97059
0.42248   10.96000  0.00289      14.71811      1694802.87722
0.42176   10.92000  0.00289      14.71811      1731072.69048
0.42105   10.91000  0.00289      14.71811      1740200.14380
0.42052   10.91000  0.00289      14.71811      1740200.14380
0.41999   10.87000  0.00289      14.71811      1776949.95706
0.41929   10.86000  0.00289      14.71811      1786197.41038
0.41859   10.87000  0.00289      14.71811      1776949.95706
0.41771   10.84000  0.00289      14.71811      1804764.31701
0.41701   10.83000  0.00289      14.71811      1814083.77032
0.41649   10.82000  0.00289      14.71811      1823427.22364
0.41580   10.81000  0.00289      14.71811      1832794.67695
0.41545   10.82000  0.00289      14.71811      1823427.22364
0.41494   10.78000  0.00289      14.71811      1861041.03690
0.41459   10.77000  0.00289      14.71811      1870504.49021
0.41425   10.77000  0.00289      14.71811      1870504.49021
0.41391   10.73000  0.00289      14.71811      1908598.30347
0.41339   10.73000  0.00289      14.71811      1908598.30347
0.41271   10.70000  0.00289      14.71811      1937420.66342
0.41220   10.70000  0.00289      14.71811      1937420.66342
0.41203   10.70000  0.00289      14.71811      1937420.66342
0.41169   10.67000  0.00289      14.71811      1966459.02337
0.41118   10.65000  0.00289      14.71811      1985937.93000
0.41034   10.64000  0.00289      14.71811      1995713.38331
0.40967   10.60000  0.00289      14.71811      2035055.19657
0.40900   10.59000  0.00289      14.71811      2044950.64989
0.40850   10.57000  0.00289      14.71811      2064813.55652
0.40766   10.54000  0.00289      14.71811      2094787.91647
0.40667   10.51000  0.00289      14.71811      2124978.27641
0.40601   10.48000  0.00289      14.71811      2155384.63636
0.40535   10.47000  0.00289      14.71811      2165568.08967
0.40502   10.46000  0.00289      14.71811      2175775.54299
0.40469   10.44000  0.00289      14.71811      2196262.44962
0.40453   10.44000  0.00289      14.71811      2196262.44962
0.40388   10.42000  0.00289      14.71811      2216845.35625
0.40306   10.41000  0.00289      14.71811      2227172.80956
0.40241   10.40000  0.00289      14.71811      2237524.26288
0.40177   10.38000  0.00289      14.71811      2258299.16951
0.40096   10.38000  0.00289      14.71811      2258299.16951
0.40000   10.36000  0.00289      14.71811      2279170.07614
0.39888   10.32000  0.00289      14.71811      2321199.88940
0.39857   10.32000  0.00289      14.71811      2321199.88940
0.39825   10.31000  0.00289      14.71811      2331767.34272
0.39793   10.29000  0.00289      14.71811      2352974.24935
0.39761   10.28000  0.00289      14.71811      2363613.70266
0.39730   10.26000  0.00289      14.71811      2384964.60929
0.39683   10.25000  0.00289      14.71811      2395676.06261
0.39635   10.24000  0.00289      14.71811      2406411.51592
0.39573   10.22000  0.00289      14.71811      2427954.42255
0.39510   10.21000  0.00289      14.71811      2438761.87587
0.39432   10.18000  0.00289      14.71811      2471328.23582
0.39355   10.15000  0.00289      14.71811      2504110.59576
0.39293   10.14000  0.00289      14.71811      2515086.04908
0.39216   10.11000  0.00289      14.71811      2548156.40902
0.39170   10.10000  0.00289      14.71811      2559227.86234
0.39170   10.10000  0.00289      14.71811      2559227.86234
0.39124   10.07000  0.00289      14.71811      2592586.22228
0.39062   10.06000  0.00289      14.71811      2603753.67560
0.39032   10.04000  0.00289      14.71811      2626160.58223
0.39002   10.03000  0.00289      14.71811      2637400.03555
0.38895   10.02000  0.00289      14.71811      2648663.48886
0.38760   9.98000   0.00289      14.71811      2693957.30212
0.38685   9.97000   0.00289      14.71811      2705340.75544
0.38595   9.95000   0.00289      14.71811      2728179.66207
0.38506   9.93000   0.00289      14.71811      2751114.56870
0.38476   9.92000   0.00289      14.71811      2762618.02201
0.38462   9.92000   0.00289      14.71811      2762618.02201
0.38417   9.92000   0.00289      14.71811      2762618.02201
0.38373   9.89000   0.00289      14.71811      2797272.38196
0.38314   9.84000   0.00289      14.71811      2855509.64854
0.38270   9.85000   0.00289      14.71811      2843814.19522
0.38226   9.86000   0.00289      14.71811      2832142.74191
0.38183   9.83000   0.00289      14.71811      2867229.10185
0.38153   9.83000   0.00289      14.71811      2867229.10185
0.38124   9.82000   0.00289      14.71811      2878972.55517
0.38081   9.79000   0.00289      14.71811      2914346.91511
0.38023   9.78000   0.00289      14.71811      2926186.36843
0.37965   9.76000   0.00289      14.71811      2949937.27506
0.37936   9.75000   0.00289      14.71811      2961848.72837
0.37879   9.75000   0.00289      14.71811      2961848.72837
0.37836   9.72000   0.00289      14.71811      2997727.08832
0.37779   9.70000   0.00289      14.71811      3021765.99495
0.37750   9.69000   0.00289      14.71811      3033821.44827
0.37707   9.67000   0.00289      14.71811      3058004.35490
0.37679   9.66000   0.00289      14.71811      3070131.80821
0.37636   9.65000   0.00289      14.71811      3082283.26153
0.37608   9.64000   0.00289      14.71811      3094458.71484
0.37580   9.64000   0.00289      14.71811      3094458.71484
0.37523   9.60000   0.00289      14.71811      3143400.52810
0.37467   9.60000   0.00289      14.71811      3143400.52810
0.37425   9.59000   0.00289      14.71811      3155695.98142
0.37369   9.57000   0.00289      14.71811      3180358.88805
0.37300   9.54000   0.00289      14.71811      3217533.24799
0.37230   9.53000   0.00289      14.71811      3229972.70131
0.37161   9.51000   0.00289      14.71811      3254923.60794
0.37092   9.49000   0.00289      14.71811      3279970.51457
0.37051   9.47000   0.00289      14.71811      3305113.42120
0.37010   9.48000   0.00289      14.71811      3292529.96789
0.36955   9.47000   0.00289      14.71811      3305113.42120
0.36887   9.44000   0.00289      14.71811      3343007.78115
0.36819   9.45000   0.00289      14.71811      3330352.32783
0.36765   9.44000   0.00289      14.71811      3343007.78115
0.36724   9.42000   0.00289      14.71811      3368390.68778
0.36684   9.42000   0.00289      14.71811      3368390.68778
0.36643   9.39000   0.00289      14.71811      3406645.04772
0.36590   9.39000   0.00289      14.71811      3406645.04772
0.36536   9.39000   0.00289      14.71811      3406645.04772
0.36483   9.36000   0.00289      14.71811      3445115.40767
0.36443   9.35000   0.00289      14.71811      3457986.86099
0.36390   9.33000   0.00289      14.71811      3483801.76762
0.36337   9.31000   0.00289      14.71811      3509712.67425
0.36298   9.30000   0.00289      14.71811      3522704.12756
0.36258   9.29000   0.00289      14.71811      3535719.58088
0.36179   9.26000   0.00289      14.71811      3574909.94082
0.36075   9.24000   0.00289      14.71811      3601156.84745
0.36023   9.20000   0.00289      14.71811      3653938.66071
0.35997   9.20000   0.00289      14.71811      3653938.66071
0.35958   9.19000   0.00289      14.71811      3667194.11403
0.35920   9.17000   0.00289      14.71811      3693777.02066
0.35881   9.17000   0.00289      14.71811      3693777.02066
0.35829   9.15000   0.00289      14.71811      3720455.92729
0.35765   9.12000   0.00289      14.71811      3760654.28724
0.35714   9.11000   0.00289      14.71811      3774101.74055
0.35663   9.10000   0.00289      14.71811      3787573.19387
0.35625   9.08000   0.00289      14.71811      3814588.10050
0.35562   9.07000   0.00289      14.71811      3828131.55381
0.35461   9.02000   0.00289      14.71811      3896208.82039
0.35386   9.01000   0.00289      14.71811      3909896.27370

Gradi di liberta = 737
Chi-quadro = 937590161.732071
p-value = 0.0

Media pesata = 14.718105548037888 +/- 0.00010619086483530494

