****************************************************************************************************
SERIE 55
****************************************************************************************************

Test ipotesi linearità_____________________________________
Covarianza = 0.43815
Indice Pearson = 0.99987 +/- 0.00053
Gradi di Liberta' = 935
	t = 1879.8984648801816
	p-value (due code) = 0.0

Parametri___________________________________________________
y = a + bx
a = -1.02858 +/- 0.00819
b = 25.77637 +/- 0.01412

Test bontà fit _____________________________________________
x         y         sy           y*            Chi-quadro   
0.81235   19.98000  0.00289      19.91080      574.64940    
0.81235   19.98000  0.00289      19.91080      574.64940    
0.81169   19.96000  0.00289      19.89380      525.84523    
0.81169   19.96000  0.00289      19.89380      525.84523    
0.81103   19.96000  0.00289      19.87683      829.98373    
0.81103   19.94000  0.00289      19.87683      478.78844    
0.81037   19.93000  0.00289      19.85989      589.79663    
0.81037   19.93000  0.00289      19.85989      589.79663    
0.80972   19.91000  0.00289      19.84298      539.01134    
0.80972   19.91000  0.00289      19.84298      539.01134    
0.80972   19.91000  0.00289      19.84298      539.01134    
0.80906   19.89000  0.00289      19.82609      490.09218    
0.80906   19.89000  0.00289      19.82609      490.09218    
0.80841   19.88000  0.00289      19.80923      600.93999    
0.80775   19.86000  0.00289      19.79240      548.33682    
0.80775   19.87000  0.00289      19.79240      722.57173    
0.80710   19.85000  0.00289      19.77560      664.28866    
0.80710   19.85000  0.00289      19.77560      664.28866    
0.80710   19.85000  0.00289      19.77560      664.28866    
0.80645   19.83000  0.00289      19.75882      607.99290    
0.80580   19.83000  0.00289      19.74207      927.81544    
0.80580   19.83000  0.00289      19.74207      927.81544    
0.80515   19.81000  0.00289      19.72535      859.95954    
0.80515   19.81000  0.00289      19.72535      859.95954    
0.80451   19.80000  0.00289      19.70865      1001.39659   
0.80451   19.79000  0.00289      19.70865      794.15463    
0.80451   19.79000  0.00289      19.70865      794.15463    
0.80386   19.77000  0.00289      19.69198      730.46592    
0.80386   19.77000  0.00289      19.69198      730.46592    
0.80321   19.77000  0.00289      19.67534      1075.34434   
0.80321   19.76000  0.00289      19.67534      860.15163    
0.80257   19.75000  0.00289      19.65872      999.84315    
0.80257   19.75000  0.00289      19.65872      999.84315    
0.80257   19.75000  0.00289      19.65872      999.84315    
0.80192   19.75000  0.00289      19.64213      1396.30173   
0.80192   19.74000  0.00289      19.64213      1149.41472   
0.80192   19.73000  0.00289      19.64213      926.52771    
0.80128   19.72000  0.00289      19.62557      1070.10313   
0.80128   19.69000  0.00289      19.62557      498.18803    
0.80064   19.69000  0.00289      19.60903      786.72134    
0.80000   19.69000  0.00289      19.59252      1140.26534   
0.79936   19.67000  0.00289      19.57604      1059.48493   
0.79936   19.68000  0.00289      19.57604      1296.99608   
0.79872   19.65000  0.00289      19.55958      981.10049    
0.79808   19.62000  0.00289      19.54315      708.73705    
0.79745   19.61000  0.00289      19.52674      831.79365    
0.79681   19.60000  0.00289      19.51036      964.13319    
0.79681   19.58000  0.00289      19.51036      581.88492    
0.79681   19.59000  0.00289      19.51036      761.00905    
0.79681   19.58000  0.00289      19.51036      581.88492    
0.79618   19.58000  0.00289      19.49401      887.26650    
0.79618   19.57000  0.00289      19.49401      692.89597    
0.79554   19.55000  0.00289      19.47769      627.52399    
0.79491   19.54000  0.00289      19.46138      741.63905    
0.79491   19.53000  0.00289      19.46138      564.96294    
0.79491   19.52000  0.00289      19.46138      412.28683    
0.79428   19.53000  0.00289      19.44511      864.75414    
0.79428   19.52000  0.00289      19.44511      673.01853    
0.79365   19.50000  0.00289      19.42886      607.28739    
0.79302   19.48000  0.00289      19.41264      544.51641    
0.79239   19.46000  0.00289      19.39644      484.77659    
0.79177   19.44000  0.00289      19.38027      428.13920    
0.79114   19.43000  0.00289      19.36412      520.78181    
0.79114   19.41000  0.00289      19.36412      252.56969    
0.79114   19.41000  0.00289      19.36412      252.56969    
0.79051   19.41000  0.00289      19.34800      461.25377    
0.78989   19.39000  0.00289      19.33191      404.98232    
0.78927   19.39000  0.00289      19.31584      660.02375    
0.78927   19.38000  0.00289      19.31584      494.03178    
0.78927   19.37000  0.00289      19.31584      352.03982    
0.78864   19.37000  0.00289      19.29979      591.49639    
0.78864   19.35000  0.00289      19.29979      302.49890    
0.78802   19.35000  0.00289      19.28377      526.32208    
0.78740   19.35000  0.00289      19.26778      811.23496    
0.78740   19.33000  0.00289      19.26778      464.57420    
0.78740   19.33000  0.00289      19.26778      464.57420    
0.78678   19.33000  0.00289      19.25181      733.63738    
0.78678   19.31000  0.00289      19.25181      406.32634    
0.78678   19.31000  0.00289      19.25181      406.32634    
0.78616   19.31000  0.00289      19.23587      659.49312    
0.78616   19.30000  0.00289      19.23587      493.57271    
0.78555   19.30000  0.00289      19.21995      769.00167    
0.78555   19.28000  0.00289      19.21995      432.75133    
0.78493   19.27000  0.00289      19.20405      521.86206    
0.78431   19.27000  0.00289      19.18819      803.23439    
0.78431   19.25000  0.00289      19.18819      458.52457    
0.78431   19.25000  0.00289      19.18819      458.52457    
0.78431   19.25000  0.00289      19.18819      458.52457    
0.78370   19.23000  0.00289      19.17234      398.93899    
0.78370   19.23000  0.00289      19.17234      398.93899    
0.78309   19.22000  0.00289      19.15652      483.52637    
0.78186   19.20000  0.00289      19.12496      675.74408    
0.78125   19.19000  0.00289      19.10921      783.17069    
0.78064   19.17000  0.00289      19.09349      702.39199    
0.78003   19.15000  0.00289      19.07780      625.58390    
0.77942   19.14000  0.00289      19.06213      727.72063    
0.77942   19.11000  0.00289      19.06213      275.02881    
0.77882   19.11000  0.00289      19.04648      484.18748    
0.77882   19.11000  0.00289      19.04648      484.18748    
0.77821   19.08000  0.00289      19.03086      289.80933    
0.77821   19.09000  0.00289      19.03086      419.75359    
0.77821   19.08000  0.00289      19.03086      289.80933    
0.77760   19.06000  0.00289      19.01526      240.21897    
0.77760   19.06000  0.00289      19.01526      240.21897    
0.77760   19.05000  0.00289      19.01526      144.83876    
0.77700   19.05000  0.00289      18.99968      303.80196    
0.77700   19.05000  0.00289      18.99968      303.80196    
0.77640   19.03000  0.00289      18.98413      252.43977    
0.77640   19.03000  0.00289      18.98413      252.43977    
0.77580   19.02000  0.00289      18.96861      316.93024    
0.77580   19.00000  0.00289      18.96861      118.25108    
0.77519   19.01000  0.00289      18.95311      388.42015    
0.77519   19.00000  0.00289      18.95311      263.87650    
0.77459   18.97000  0.00289      18.93763      125.74475    
0.77399   18.97000  0.00289      18.92218      274.46292    
0.77280   18.94000  0.00289      18.89134      284.13980    
0.77220   18.93000  0.00289      18.87596      350.47161    
0.77220   18.93000  0.00289      18.87596      350.47161    
0.77160   18.91000  0.00289      18.86060      292.85486    
0.77101   18.90000  0.00289      18.84526      359.52012    
0.77101   18.90000  0.00289      18.84526      359.52012    
0.77042   18.88000  0.00289      18.82995      300.56263    
0.76982   18.88000  0.00289      18.81467      512.23032    
0.76923   18.86000  0.00289      18.79940      440.66065    
0.76923   18.86000  0.00289      18.79940      440.66065    
0.76923   18.86000  0.00289      18.79940      440.66065    
0.76864   18.84000  0.00289      18.78416      374.15951    
0.76864   18.84000  0.00289      18.78416      374.15951    
0.76805   18.84000  0.00289      18.76894      605.87760    
0.76805   18.81000  0.00289      18.76894      202.27314    
0.76746   18.82000  0.00289      18.75375      526.68710    
0.76746   18.81000  0.00289      18.75375      379.68716    
0.76746   18.80000  0.00289      18.75375      256.68722    
0.76687   18.80000  0.00289      18.73858      452.69692    
0.76687   18.79000  0.00289      18.73858      317.28779    
0.76687   18.78000  0.00289      18.73858      205.87866    
0.76628   18.78000  0.00289      18.72343      383.98881    
0.76628   18.77000  0.00289      18.72343      260.22629    
0.76628   18.77000  0.00289      18.72343      260.22629    
0.76570   18.77000  0.00289      18.70831      456.70492    
0.76511   18.76000  0.00289      18.69321      535.35139    
0.76511   18.75000  0.00289      18.69321      387.04897    
0.76511   18.75000  0.00289      18.69321      387.04897    
0.76453   18.75000  0.00289      18.67813      619.84414    
0.76394   18.74000  0.00289      18.66307      710.09972    
0.76394   18.73000  0.00289      18.66307      537.47906    
0.76336   18.72000  0.00289      18.64804      621.33837    
0.76278   18.69000  0.00289      18.63303      389.41410    
0.76161   18.63000  0.00289      18.60308      86.93055     
0.76161   18.63000  0.00289      18.60308      86.93055     
0.76161   18.64000  0.00289      18.60308      163.52673    
0.76104   18.63000  0.00289      18.58814      210.22551    
0.76104   18.62000  0.00289      18.58814      121.77242    
0.76046   18.62000  0.00289      18.57323      262.52693    
0.75988   18.59000  0.00289      18.55833      120.34426    
0.75930   18.59000  0.00289      18.54346      259.92188    
0.75815   18.57000  0.00289      18.51378      379.24965    
0.75815   18.55000  0.00289      18.51378      157.40538    
0.75758   18.55000  0.00289      18.49898      312.39394    
0.75700   18.53000  0.00289      18.48420      251.76934    
0.75700   18.52000  0.00289      18.48420      153.83787    
0.75643   18.51000  0.00289      18.46944      197.46055    
0.75586   18.49000  0.00289      18.45470      149.55237    
0.75529   18.49000  0.00289      18.43998      300.21617    
0.75472   18.48000  0.00289      18.42529      359.19868    
0.75415   18.45000  0.00289      18.41062      186.11637    
0.75358   18.45000  0.00289      18.39597      350.32619    
0.75358   18.44000  0.00289      18.39597      232.65099    
0.75301   18.43000  0.00289      18.38134      284.11504    
0.75301   18.43000  0.00289      18.38134      284.11504    
0.75245   18.42000  0.00289      18.36674      340.43565    
0.75188   18.37000  0.00289      18.35215      38.21799     
0.75188   18.38000  0.00289      18.35215      93.04863     
0.75131   18.35000  0.00289      18.33759      18.47242     
0.75075   18.35000  0.00289      18.32305      87.13234     
0.75075   18.35000  0.00289      18.32305      87.13234     
0.75019   18.35000  0.00289      18.30854      206.30810    
0.75019   18.34000  0.00289      18.30854      118.79534    
0.74963   18.34000  0.00289      18.29404      253.47017    
0.74963   18.33000  0.00289      18.29404      155.16800    
0.74906   18.33000  0.00289      18.27957      305.21981    
0.74906   18.32000  0.00289      18.27957      196.18035    
0.74906   18.32000  0.00289      18.27957      196.18035    
0.74906   18.32000  0.00289      18.27957      196.18035    
0.74906   18.30000  0.00289      18.27957      50.10143     
0.74850   18.30000  0.00289      18.26511      146.03820    
0.74850   18.30000  0.00289      18.26511      146.03820    
0.74794   18.27000  0.00289      18.25068      44.77246     
0.74794   18.27000  0.00289      18.25068      44.77246     
0.74794   18.27000  0.00289      18.25068      44.77246     
0.74738   18.25000  0.00289      18.23628      22.60478     
0.74738   18.25000  0.00289      18.23628      22.60478     
0.74683   18.24000  0.00289      18.22189      39.36710     
0.74683   18.23000  0.00289      18.22189      7.89733      
0.74683   18.24000  0.00289      18.22189      39.36710     
0.74683   18.22000  0.00289      18.22189      0.42756      
0.74627   18.22000  0.00289      18.20752      18.68532     
0.74571   18.21000  0.00289      18.19318      33.96166     
0.74460   18.18000  0.00289      18.16455      28.63731     
0.74405   18.18000  0.00289      18.15027      106.05560    
0.74349   18.17000  0.00289      18.13601      138.62279    
0.74294   18.13000  0.00289      18.12177      8.12057      
0.74294   18.13000  0.00289      18.12177      8.12057      
0.74294   18.13000  0.00289      18.12177      8.12057      
0.74239   18.13000  0.00289      18.10756      60.44422     
0.74239   18.13000  0.00289      18.10756      60.44422     
0.74184   18.10000  0.00289      18.09336      5.28955      
0.74129   18.10000  0.00289      18.07919      51.98745     
0.74074   18.09000  0.00289      18.06503      74.80840     
0.74074   18.06000  0.00289      18.06503      3.03847      
0.74074   18.07000  0.00289      18.06503      2.96178      
0.74019   18.07000  0.00289      18.05090      43.78175     
0.74019   18.05000  0.00289      18.05090      0.09699      
0.73964   18.05000  0.00289      18.03679      20.95010     
0.73964   18.04000  0.00289      18.03679      1.23883      
0.73910   18.03000  0.00289      18.02270      6.40218      
0.73855   18.02000  0.00289      18.00863      15.52571     
0.73801   18.00000  0.00289      17.99458      3.53059      
0.73746   17.99000  0.00289      17.98055      10.72320     
0.73746   17.99000  0.00289      17.98055      10.72320     
0.73692   17.97000  0.00289      17.96654      1.43762      
0.73638   17.97000  0.00289      17.95255      36.53531     
0.73584   17.95000  0.00289      17.93858      15.63843     
0.73475   17.93000  0.00289      17.91071      44.64407     
0.73421   17.93000  0.00289      17.89681      132.21845    
0.73421   17.92000  0.00289      17.89681      64.55362     
0.73368   17.92000  0.00289      17.88292      164.98027    
0.73314   17.92000  0.00289      17.86906      311.42895    
0.73314   17.90000  0.00289      17.86906      114.90010    
0.73314   17.90000  0.00289      17.86906      114.90010    
0.73260   17.90000  0.00289      17.85521      240.71505    
0.73260   17.88000  0.00289      17.85521      73.73298     
0.73206   17.88000  0.00289      17.84139      178.90714    
0.73153   17.87000  0.00289      17.82758      215.89411    
0.73099   17.85000  0.00289      17.81380      157.25063    
0.73099   17.85000  0.00289      17.81380      157.25063    
0.73046   17.83000  0.00289      17.80004      107.73633    
0.72993   17.83000  0.00289      17.78629      229.23487    
0.72993   17.83000  0.00289      17.78629      229.23487    
0.72993   17.81000  0.00289      17.78629      67.44189     
0.72993   17.82000  0.00289      17.78629      136.33838    
0.72993   17.82000  0.00289      17.78629      136.33838    
0.72993   17.80000  0.00289      17.78629      22.54540     
0.72993   17.81000  0.00289      17.78629      67.44189     
0.72993   17.81000  0.00289      17.78629      67.44189     
0.72993   17.80000  0.00289      17.78629      22.54540     
0.72886   17.79000  0.00289      17.75887      116.31759    
0.72833   17.76000  0.00289      17.74518      26.34627     
0.72833   17.76000  0.00289      17.74518      26.34627     
0.72833   17.77000  0.00289      17.74518      73.90778     
0.72727   17.76000  0.00289      17.71788      212.93766    
0.72622   17.73000  0.00289      17.69065      185.83475    
0.72516   17.70000  0.00289      17.66350      159.88341    
0.72464   17.69000  0.00289      17.64995      192.44679    
0.72411   17.67000  0.00289      17.63643      135.24854    
0.72359   17.66000  0.00289      17.62292      164.97046    
0.72254   17.64000  0.00289      17.59597      232.64438    
0.72202   17.62000  0.00289      17.58252      168.55236    
0.72202   17.58000  0.00289      17.58252      0.76324      
0.72150   17.58000  0.00289      17.56909      14.27278     
0.72150   17.59000  0.00289      17.56909      52.44708     
0.72150   17.57000  0.00289      17.56909      0.09849      
0.72098   17.57000  0.00289      17.55569      24.58864     
0.72046   17.56000  0.00289      17.54230      37.61075     
0.71994   17.53000  0.00289      17.52893      0.13834      
0.71994   17.53000  0.00289      17.52893      0.13834      
0.71994   17.53000  0.00289      17.52893      0.13834      
0.71994   17.52000  0.00289      17.52893      9.56143      
0.71994   17.53000  0.00289      17.52893      0.13834      
0.71994   17.52000  0.00289      17.52893      9.56143      
0.71994   17.52000  0.00289      17.52893      9.56143      
0.71994   17.52000  0.00289      17.52893      9.56143      
0.71942   17.53000  0.00289      17.51558      24.96772     
0.71942   17.52000  0.00289      17.51558      2.34907      
0.71891   17.51000  0.00289      17.50224      7.21859      
0.71788   17.51000  0.00289      17.47564      141.68628    
0.71736   17.48000  0.00289      17.46236      37.32248     
0.71633   17.47000  0.00289      17.43587      139.75906    
0.71531   17.44000  0.00289      17.40946      111.94221    
0.71429   17.43000  0.00289      17.38312      263.75819    
0.71378   17.40000  0.00289      17.36998      108.17644    
0.71327   17.38000  0.00289      17.35685      64.29721     
0.71225   17.36000  0.00289      17.33066      103.28367    
0.71174   17.32000  0.00289      17.31760      0.69392      
0.71073   17.31000  0.00289      17.29152      40.99519     
0.71023   17.31000  0.00289      17.27851      119.02898    
0.71023   17.30000  0.00289      17.27851      55.44201     
0.71023   17.32000  0.00289      17.27851      206.61596    
0.70972   17.30000  0.00289      17.26551      142.72682    
0.70872   17.26000  0.00289      17.23958      50.02839     
0.70872   17.25000  0.00289      17.23958      13.02469     
0.70822   17.23000  0.00289      17.22664      1.35153      
0.70771   17.23000  0.00289      17.21372      31.78694     
0.70771   17.23000  0.00289      17.21372      31.78694     
0.70721   17.19000  0.00289      17.20082      14.05731     
0.70671   17.18000  0.00289      17.18794      7.56590      
0.70621   17.15000  0.00289      17.17508      75.45416     
0.70572   17.13000  0.00289      17.16223      124.64473    
0.70522   17.13000  0.00289      17.14940      45.16538     
0.70472   17.11000  0.00289      17.13659      84.84372     
0.70423   17.09000  0.00289      17.12380      137.07400    
0.70423   17.10000  0.00289      17.12380      67.95956     
0.70423   17.09000  0.00289      17.12380      137.07400    
0.70423   17.10000  0.00289      17.12380      67.95956     
0.70423   17.12000  0.00289      17.12380      1.73069      
0.70423   17.09000  0.00289      17.12380      137.07400    
0.70423   17.11000  0.00289      17.12380      22.84512     
0.70423   17.13000  0.00289      17.12380      4.61625      
0.70423   17.12000  0.00289      17.12380      1.73069      
0.70423   17.13000  0.00289      17.12380      4.61625      
0.70423   17.12000  0.00289      17.12380      1.73069      
0.70423   17.12000  0.00289      17.12380      1.73069      
0.70423   17.13000  0.00289      17.12380      4.61625      
0.70423   17.10000  0.00289      17.12380      67.95956     
0.70472   17.10000  0.00289      17.13659      160.65985    
0.70423   17.11000  0.00289      17.12380      22.84512     
0.70423   17.08000  0.00289      17.12380      230.18844    
0.70423   17.09000  0.00289      17.12380      137.07400    
0.70373   17.10000  0.00289      17.11102      14.58162     
0.70323   17.05000  0.00289      17.09827      279.56342    
0.70323   17.08000  0.00289      17.09827      40.04162     
0.70274   17.07000  0.00289      17.08553      28.93591     
0.70225   17.04000  0.00289      17.07281      129.16272    
0.70175   17.04000  0.00289      17.06011      48.50599     
0.70077   17.01000  0.00289      17.03475      73.52588     
0.70028   17.00000  0.00289      17.02210      58.62884     
0.69979   17.00000  0.00289      17.00947      10.76629     
0.69930   16.96000  0.00289      16.99686      163.02142    
0.69881   16.96000  0.00289      16.98426      70.63505     
0.69784   16.96000  0.00289      16.95912      0.09260      
0.69735   16.94000  0.00289      16.94658      5.19216      
0.69686   16.94000  0.00289      16.93405      4.24602      
0.69638   16.93000  0.00289      16.92154      8.58290      
0.69638   16.91000  0.00289      16.92154      15.98836     
0.69589   16.91000  0.00289      16.90905      0.10798      
0.69541   16.89000  0.00289      16.89658      5.19148      
0.69493   16.87000  0.00289      16.88412      23.92741     
0.69444   16.88000  0.00289      16.87168      8.30397      
0.69444   16.86000  0.00289      16.87168      16.37450     
0.69396   16.86000  0.00289      16.85926      0.06585      
0.69348   16.85000  0.00289      16.84685      1.18740      
0.69300   16.83000  0.00289      16.83447      2.39415      
0.69252   16.82000  0.00289      16.82210      0.52726      
0.69204   16.81000  0.00289      16.80974      0.00794      
0.69204   16.81000  0.00289      16.80974      0.00794      
0.69156   16.80000  0.00289      16.79741      0.80719      
0.69109   16.77000  0.00289      16.78509      27.31467     
0.69061   16.77000  0.00289      16.77278      0.93068      
0.69013   16.77000  0.00289      16.76050      10.83085     
0.68966   16.74000  0.00289      16.74823      8.13051      
0.68918   16.74000  0.00289      16.73598      1.93936      
0.68871   16.73000  0.00289      16.72375      4.69450      
0.68871   16.70000  0.00289      16.72375      67.66092     
0.68823   16.71000  0.00289      16.71153      0.28004      
0.68823   16.69000  0.00289      16.71153      55.61267     
0.68776   16.68000  0.00289      16.69933      44.82272     
0.68729   16.67000  0.00289      16.68714      35.26428     
0.68729   16.66000  0.00289      16.68714      88.40654     
0.68681   16.65000  0.00289      16.67498      74.85138     
0.68634   16.65000  0.00289      16.66282      19.73623     
0.68587   16.64000  0.00289      16.65069      13.71444     
0.68540   16.63000  0.00289      16.63857      8.81981      
0.68540   16.62000  0.00289      16.63857      41.39530     
0.68493   16.62000  0.00289      16.62647      5.02693      
0.68446   16.61000  0.00289      16.61439      2.31066      
0.68399   16.60000  0.00289      16.60232      0.64612      
0.68399   16.58000  0.00289      16.60232      59.78413     
0.68306   16.55000  0.00289      16.57823      95.66239     
0.68259   16.51000  0.00289      16.56622      379.23121    
0.68213   16.51000  0.00289      16.55421      234.58836    
0.68120   16.52000  0.00289      16.53026      12.63095     
0.68120   16.50000  0.00289      16.53026      109.87668    
0.68074   16.51000  0.00289      16.51831      8.27997      
0.68027   16.50000  0.00289      16.50637      4.86916      
0.67981   16.48000  0.00289      16.49445      25.05466     
0.67935   16.48000  0.00289      16.48255      0.77742      
0.67843   16.47000  0.00289      16.45879      15.09236     
0.67843   16.45000  0.00289      16.45879      9.26176      
0.67751   16.46000  0.00289      16.43509      74.46289     
0.67751   16.43000  0.00289      16.43509      3.10858      
0.67705   16.43000  0.00289      16.42327      5.44171      
0.67659   16.43000  0.00289      16.41146      41.25583     
0.67659   16.41000  0.00289      16.41146      0.25516      
0.67613   16.41000  0.00289      16.39967      12.81395     
0.67568   16.41000  0.00289      16.38789      58.65918     
0.67568   16.39000  0.00289      16.38789      0.53396      
0.67568   16.39000  0.00289      16.38789      0.53396      
0.67522   16.38000  0.00289      16.37613      1.79663      
0.67522   16.37000  0.00289      16.37613      4.51017      
0.67476   16.38000  0.00289      16.36439      29.25349     
0.67431   16.35000  0.00289      16.35266      0.84801      
0.67431   16.35000  0.00289      16.35266      0.84801      
0.67385   16.35000  0.00289      16.34095      9.83716      
0.67340   16.32000  0.00289      16.32925      10.26588     
0.67340   16.33000  0.00289      16.32925      0.06763      
0.67249   16.31000  0.00289      16.30590      2.01408      
0.67204   16.29000  0.00289      16.29425      2.17123      
0.67159   16.29000  0.00289      16.28262      6.53611      
0.67114   16.27000  0.00289      16.27100      0.12037      
0.67024   16.25000  0.00289      16.24781      0.57461      
0.67024   16.25000  0.00289      16.24781      0.57461      
0.66979   16.23000  0.00289      16.23624      4.67274      
0.66979   16.23000  0.00289      16.23624      4.67274      
0.66979   16.23000  0.00289      16.23624      4.67274      
0.66934   16.21000  0.00289      16.22468      25.87456     
0.66934   16.21000  0.00289      16.22468      25.87456     
0.66890   16.21000  0.00289      16.21314      1.18572      
0.66845   16.19000  0.00289      16.20162      16.19789     
0.66800   16.18000  0.00289      16.19011      12.26151     
0.66756   16.16000  0.00289      16.17861      41.57739     
0.66711   16.16000  0.00289      16.16713      6.10866      
0.66667   16.15000  0.00289      16.15567      3.85923      
0.66622   16.12000  0.00289      16.14422      70.40737     
0.66622   16.13000  0.00289      16.14422      24.27344     
0.66534   16.12000  0.00289      16.12137      0.22559      
0.66445   16.08000  0.00289      16.09858      41.42809     
0.66445   16.09000  0.00289      16.09858      8.83495      
0.66401   16.07000  0.00289      16.08721      35.53326     
0.66313   16.05000  0.00289      16.06451      25.25743     
0.66225   16.05000  0.00289      16.04187      7.93547      
0.66181   16.03000  0.00289      16.03057      0.03907      
0.66094   16.02000  0.00289      16.00802      17.22105     
0.66050   16.01000  0.00289      15.99677      21.01100     
0.65963   15.99000  0.00289      15.97431      29.55280     
0.65920   15.98000  0.00289      15.96310      34.27858     
0.65876   15.97000  0.00289      15.95191      39.29057     
0.65833   15.95000  0.00289      15.94073      10.31977     
0.65789   15.95000  0.00289      15.92956      50.12312     
0.65746   15.93000  0.00289      15.91841      16.11066     
0.65703   15.91000  0.00289      15.90728      0.88882      
0.65617   15.90000  0.00289      15.88505      26.80984     
0.65574   15.88000  0.00289      15.87396      4.37488      
0.65531   15.87000  0.00289      15.86289      6.07369      
0.65488   15.86000  0.00289      15.85182      8.02207      
0.65402   15.83000  0.00289      15.82974      0.00790      
0.65359   15.83000  0.00289      15.81872      15.25520     
0.65317   15.81000  0.00289      15.80772      0.62335      
0.65232   15.78000  0.00289      15.78576      3.97533      
0.65232   15.78000  0.00289      15.78576      3.97533      
0.65189   15.77000  0.00289      15.77479      2.75855      
0.65147   15.76000  0.00289      15.76385      1.77662      
0.65147   15.76000  0.00289      15.76385      1.77662      
0.65104   15.74000  0.00289      15.75292      20.01622     
0.65062   15.73000  0.00289      15.74200      17.27089     
0.65062   15.72000  0.00289      15.74200      58.06329     
0.65020   15.70000  0.00289      15.73109      116.01065    
0.64977   15.69000  0.00289      15.72020      109.46449    
0.64935   15.68000  0.00289      15.70933      103.20794    
0.64851   15.65000  0.00289      15.68762      169.80952    
0.64809   15.65000  0.00289      15.67678      86.08574     
0.64767   15.63000  0.00289      15.66596      155.21290    
0.64767   15.61000  0.00289      15.66596      375.84220    
0.64725   15.60000  0.00289      15.65516      365.10063    
0.64641   15.56000  0.00289      15.63359      649.85435    
0.64558   15.52000  0.00289      15.61208      1017.36563   
0.64475   15.50000  0.00289      15.59062      985.40209    
0.64392   15.43000  0.00289      15.56922      2325.71945   
0.64350   15.42000  0.00289      15.55853      2303.03198   
0.64309   15.42000  0.00289      15.54787      1962.02704   
0.64267   15.38000  0.00289      15.53721      2965.97758   
0.64226   15.39000  0.00289      15.52658      2238.33419   
0.64185   15.36000  0.00289      15.51595      2918.42204   
0.64144   15.34000  0.00289      15.50534      3280.36000   
0.64061   15.32000  0.00289      15.48415      3233.55602   
0.64020   15.27000  0.00289      15.47358      4973.46357   
0.63939   15.29000  0.00289      15.45248      3167.94066   
0.63898   15.10000  0.00289      15.44195      14031.43020  
0.63857   15.13000  0.00289      15.43143      10903.25188  
0.63776   15.12000  0.00289      15.41044      10122.34988  
0.63735   15.14000  0.00289      15.39996      8109.40135   
0.63735   15.10000  0.00289      15.39996      10797.00152  
0.63694   15.18000  0.00289      15.38949      5266.54421   
0.63573   15.19000  0.00289      15.35818      3394.22369   
0.63492   15.17000  0.00289      15.33737      3361.66473   
0.63452   15.06000  0.00289      15.32699      8553.97297   
0.63371   15.25000  0.00289      15.30626      379.81546    
0.63331   15.23000  0.00289      15.29591      521.36538    
0.63291   15.23000  0.00289      15.28558      370.72930    
0.63211   15.25000  0.00289      15.26496      26.84808     
0.63171   15.06000  0.00289      15.25466      4547.33172   
0.63131   14.96000  0.00289      15.24439      9704.98587   
0.63052   14.85000  0.00289      15.22386      16772.94492  
0.63012   15.06000  0.00289      15.21362      2832.01607   
0.62972   15.14000  0.00289      15.20340      482.27515    
0.62933   15.15000  0.00289      15.19318      223.74203    
0.62814   15.14000  0.00289      15.16261      61.35312     
0.62735   15.11000  0.00289      15.14230      125.16569    
0.62657   15.10000  0.00289      15.12203      58.24904     
0.62539   15.08000  0.00289      15.09173      16.51301     
0.62461   15.04000  0.00289      15.07159      119.77307    
0.62383   15.03000  0.00289      15.05151      55.49742     
0.62305   15.00000  0.00289      15.03147      118.82689    
0.62189   14.95000  0.00289      15.00151      318.33249    
0.62073   14.95000  0.00289      14.97165      56.26685     
0.62035   14.92000  0.00289      14.96173      208.94888    
0.61996   14.91000  0.00289      14.95181      209.81711    
0.61958   14.92000  0.00289      14.94191      57.62507     
0.61920   14.86000  0.00289      14.93202      622.50898    
0.61843   14.86000  0.00289      14.91228      328.03170    
0.61767   14.85000  0.00289      14.89259      217.68517    
0.61728   14.82000  0.00289      14.88276      472.71389    
0.61652   14.82000  0.00289      14.86314      223.37160    
0.61652   14.83000  0.00289      14.86314      131.82530    
0.61690   14.82000  0.00289      14.87295      336.41820    
0.61690   14.84000  0.00289      14.87295      130.26806    
0.61652   14.83000  0.00289      14.86314      131.82530    
0.61538   14.79000  0.00289      14.83381      230.27303    
0.61501   14.79000  0.00289      14.82405      139.13048    
0.61425   14.72000  0.00289      14.80458      858.35764    
0.61350   14.71000  0.00289      14.78515      677.66865    
0.61275   14.71000  0.00289      14.76577      373.21569    
0.61275   14.66000  0.00289      14.76577      1342.43825   
0.61237   14.68000  0.00289      14.75610      694.88246    
0.61200   14.67000  0.00289      14.74644      701.10318    
0.61125   14.65000  0.00289      14.72715      714.28365    
0.61050   14.64000  0.00289      14.70791      553.47409    
0.60976   14.61000  0.00289      14.68872      743.67645    
0.60938   14.59000  0.00289      14.67915      953.62135    
0.60901   14.59000  0.00289      14.66958      759.93544    
0.60827   14.55000  0.00289      14.65048      1211.58017   
0.60716   14.55000  0.00289      14.62192      620.73363    
0.60606   14.53000  0.00289      14.59347      483.36095    
0.60459   14.48000  0.00289      14.55569      687.41455    
0.60314   14.47000  0.00289      14.51809      277.50407    
0.60132   14.44000  0.00289      14.47135      117.90845    
0.59988   14.39000  0.00289      14.43415      233.94486    
0.59844   14.37000  0.00289      14.39714      88.38489     
0.59737   14.32000  0.00289      14.36949      293.96621    
0.59666   14.30000  0.00289      14.35112      313.58859    
0.59559   14.30000  0.00289      14.32364      67.06047     
0.59453   14.23000  0.00289      14.29626      526.80936    
0.59347   14.22000  0.00289      14.26897      287.80363    
0.59242   14.22000  0.00289      14.24179      56.95296     
0.59137   14.16000  0.00289      14.21469      358.97699    
0.58997   14.15000  0.00289      14.17872      98.99477     
0.58893   14.11000  0.00289      14.15185      210.21122    
0.58789   14.08000  0.00289      14.12508      243.87327    
0.58720   14.08000  0.00289      14.10728      89.33234     
0.58651   14.05000  0.00289      14.08953      187.51148    
0.58582   14.05000  0.00289      14.07182      57.11573     
0.58480   14.04000  0.00289      14.04532      3.40228      
0.58377   13.99000  0.00289      14.01893      100.40257    
0.58275   13.98000  0.00289      13.99262      19.10790     
0.58207   13.99000  0.00289      13.97513      26.52726     
0.58140   13.93000  0.00289      13.95769      91.97991     
0.58072   13.94000  0.00289      13.94028      0.00941      
0.58005   13.91000  0.00289      13.92291      20.01508     
0.57904   13.88000  0.00289      13.89694      34.44510     
0.57803   13.86000  0.00289      13.87106      14.67863     
0.57703   13.82000  0.00289      13.84527      76.61134     
0.57637   13.80000  0.00289      13.82812      94.89816     
0.57537   13.79000  0.00289      13.80248      18.68110     
0.57438   13.74000  0.00289      13.77692      163.57848    
0.57372   13.74000  0.00289      13.75993      47.67603     
0.57241   13.71000  0.00289      13.72607      30.99725     
0.57143   13.66000  0.00289      13.70078      199.54488    
0.57078   13.67000  0.00289      13.68396      23.39926     
0.57045   13.64000  0.00289      13.67557      151.83758    
0.56915   13.61000  0.00289      13.64210      123.61576    
0.56818   13.60000  0.00289      13.61709      35.04337     
0.56689   13.58000  0.00289      13.58388      1.80532      
0.56593   13.55000  0.00289      13.55907      9.87131      
0.56465   13.55000  0.00289      13.52612      68.41931     
0.56338   13.49000  0.00289      13.49332      1.32479      
0.56180   13.47000  0.00289      13.45253      36.62083     
0.56085   13.46000  0.00289      13.42817      121.61237    
0.55991   13.41000  0.00289      13.40388      4.49153      
0.55928   13.39000  0.00289      13.38774      0.61381      
0.55866   13.36000  0.00289      13.37163      16.23288     
0.55772   13.33000  0.00289      13.34754      36.90425     
0.55710   13.33000  0.00289      13.33152      0.27679      
0.55617   13.29000  0.00289      13.30756      36.99661     
0.55525   13.28000  0.00289      13.28368      1.62361      
0.55463   13.27000  0.00289      13.26780      0.57960      
0.55432   13.23000  0.00289      13.25988      107.11948    
0.55371   13.23000  0.00289      13.24405      23.70226     
0.55340   13.23000  0.00289      13.23616      4.54699      
0.55279   13.19000  0.00289      13.22038      110.78808    
0.55218   13.19000  0.00289      13.20465      25.75030     
0.55157   13.18000  0.00289      13.18895      9.60683      
0.55066   13.16000  0.00289      13.16546      3.57785      
0.54975   13.14000  0.00289      13.14205      0.50466      
0.54855   13.14000  0.00289      13.11096      101.21436    
0.54765   13.12000  0.00289      13.08773      124.98253    
0.54675   13.10000  0.00289      13.06457      150.60648    
0.54585   13.06000  0.00289      13.04149      41.09240     
0.54526   13.05000  0.00289      13.02615      68.25089     
0.54466   12.98000  0.00289      13.01084      114.14157    
0.54466   12.98000  0.00289      13.01084      114.14157    
0.54466   13.01000  0.00289      13.01084      0.08491      
0.54348   12.98000  0.00289      12.98032      0.01234      
0.54142   12.93000  0.00289      12.92723      0.92209      
0.54025   12.91000  0.00289      12.89707      20.06351     
0.53937   12.85000  0.00289      12.87454      72.24281     
0.53821   12.83000  0.00289      12.84460      25.59606     
0.53763   12.82000  0.00289      12.82969      11.26151     
0.53706   12.79000  0.00289      12.81480      73.81705     
0.53677   12.79000  0.00289      12.80737      36.21172     
0.53648   12.78000  0.00289      12.79995      47.75382     
0.53591   12.75000  0.00289      12.78513      148.06936    
0.53476   12.73000  0.00289      12.75558      78.51449     
0.53362   12.69000  0.00289      12.72616      156.88074    
0.53277   12.67000  0.00289      12.70417      140.13547    
0.53191   12.67000  0.00289      12.68226      18.03415     
0.53107   12.64000  0.00289      12.66041      50.01230     
0.52994   12.63000  0.00289      12.63140      0.23434      
0.52910   12.63000  0.00289      12.60971      49.37798     
0.52882   12.60000  0.00289      12.60250      0.75165      
0.52854   12.60000  0.00289      12.59530      2.65288      
0.52798   12.59000  0.00289      12.58091      9.91145      
0.52770   12.56000  0.00289      12.57373      22.62159     
0.52743   12.57000  0.00289      12.56656      1.42350      
0.52715   12.55000  0.00289      12.55939      10.57874     
0.52715   12.55000  0.00289      12.55939      10.57874     
0.52715   12.56000  0.00289      12.55939      0.04478      
0.52715   12.53000  0.00289      12.55939      103.64665    
0.52715   12.54000  0.00289      12.55939      45.11269     
0.52715   12.55000  0.00289      12.55939      10.57874     
0.52715   12.49000  0.00289      12.55939      577.78249    
0.52743   12.53000  0.00289      12.56656      160.35917    
0.52715   12.51000  0.00289      12.55939      292.71457    
0.52604   12.47000  0.00289      12.53080      443.56691    
0.52549   12.48000  0.00289      12.51655      160.28572    
0.52521   12.46000  0.00289      12.50943      293.23920    
0.52466   12.44000  0.00289      12.49523      366.01202    
0.52411   12.45000  0.00289      12.48105      115.70583    
0.52356   12.41000  0.00289      12.46691      388.58977    
0.52329   12.41000  0.00289      12.45984      298.12621    
0.52274   12.42000  0.00289      12.44574      79.51655     
0.52247   12.38000  0.00289      12.43870      413.50928    
0.52219   12.39000  0.00289      12.43167      208.36025    
0.52192   12.38000  0.00289      12.42464      239.17230    
0.52110   12.34000  0.00289      12.40361      485.58700    
0.52029   12.33000  0.00289      12.38265      332.59982    
0.51921   12.30000  0.00289      12.35479      360.28059    
0.51867   12.29000  0.00289      12.34091      311.02465    
0.51787   12.29000  0.00289      12.32014      109.00750    
0.51706   12.24000  0.00289      12.29943      423.87691    
0.51680   12.23000  0.00289      12.29255      469.43063    
0.51653   12.25000  0.00289      12.28566      152.63576    
0.51546   12.19000  0.00289      12.25821      558.35453    
0.51440   12.19000  0.00289      12.23087      200.47710    
0.51387   12.18000  0.00289      12.21725      166.47266    
0.51308   12.14000  0.00289      12.19686      387.93245    
0.51256   12.16000  0.00289      12.18330      65.14602     
0.51230   12.15000  0.00289      12.17653      84.47034     
0.51203   12.15000  0.00289      12.16977      46.90250     
0.51203   12.16000  0.00289      12.16977      11.45442     
0.51203   12.14000  0.00289      12.16977      106.35058    
0.51203   12.13000  0.00289      12.16977      189.79866    
0.51203   12.14000  0.00289      12.16977      106.35058    
0.51203   12.11000  0.00289      12.16977      428.69481    
0.51203   12.13000  0.00289      12.16977      189.79866    
0.51203   12.13000  0.00289      12.16977      189.79866    
0.51203   12.12000  0.00289      12.16977      297.24674    
0.51203   12.14000  0.00289      12.16977      106.35058    
0.51230   12.12000  0.00289      12.17653      383.49700    
0.51230   12.12000  0.00289      12.17653      383.49700    
0.51230   12.13000  0.00289      12.17653      259.82145    
0.51230   12.10000  0.00289      12.17653      702.84811    
0.51203   12.11000  0.00289      12.16977      428.69481    
0.51177   12.11000  0.00289      12.16302      337.27725    
0.51125   12.07000  0.00289      12.14953      758.94846    
0.51073   12.07000  0.00289      12.13607      523.77210    
0.51046   12.06000  0.00289      12.12935      577.06917    
0.50968   12.03000  0.00289      12.10923      753.23303    
0.50916   12.04000  0.00289      12.09585      374.28705    
0.50942   12.03000  0.00289      12.10253      631.34933    
0.50942   12.04000  0.00289      12.10253      469.26668    
0.50942   12.05000  0.00289      12.10253      331.18404    
0.50942   12.02000  0.00289      12.10253      817.43198    
0.50942   12.04000  0.00289      12.10253      469.26668    
0.50916   12.03000  0.00289      12.09585      520.32353    
0.50891   12.02000  0.00289      12.08917      574.12932    
0.50839   12.04000  0.00289      12.07583      154.06856    
0.50787   12.01000  0.00289      12.06252      331.01327    
0.50761   12.00000  0.00289      12.05588      374.65076    
0.50736   12.00000  0.00289      12.04924      290.91596    
0.50710   11.98000  0.00289      12.04261      470.33272    
0.50710   11.98000  0.00289      12.04261      470.33272    
0.50684   12.00000  0.00289      12.03598      155.35067    
0.50582   11.95000  0.00289      12.00955      425.50571    
0.50505   11.94000  0.00289      11.98979      297.51595    
0.50454   11.94000  0.00289      11.97666      161.23918    
0.50403   11.90000  0.00289      11.96355      484.56903    
0.50352   11.90000  0.00289      11.95046      305.57133    
0.50302   11.89000  0.00289      11.93740      269.66533    
0.50277   11.86000  0.00289      11.93089      602.97753    
0.50251   11.88000  0.00289      11.92437      236.28218    
0.50226   11.87000  0.00289      11.91787      274.95994    
0.50201   11.87000  0.00289      11.91137      205.36382    
0.50176   11.86000  0.00289      11.90488      241.66212    
0.50150   11.86000  0.00289      11.89839      176.85290    
0.50100   11.85000  0.00289      11.88544      150.69281    
0.50075   11.85000  0.00289      11.87897      100.71260    
0.50050   11.83000  0.00289      11.87251      216.85152    
0.50025   11.81000  0.00289      11.86606      377.07545    
0.49975   11.74000  0.00289      11.85317      1536.83932   
0.49950   11.75000  0.00289      11.84673      1122.88564   
0.49925   11.77000  0.00289      11.84031      593.14427    
0.49875   11.74000  0.00289      11.82747      918.09384    
0.49801   11.73000  0.00289      11.80826      734.98364    
0.49702   11.73000  0.00289      11.78274      333.79298    
0.49628   11.69000  0.00289      11.76367      651.21976    
0.49579   11.70000  0.00289      11.75098      311.90710    
0.49579   11.70000  0.00289      11.75098      311.90710    
0.49529   11.68000  0.00289      11.73832      408.19296    
0.49480   11.68000  0.00289      11.72569      250.49888    
0.49432   11.66000  0.00289      11.71308      338.09588    
0.49383   11.66000  0.00289      11.70050      196.78579    
0.49358   11.66000  0.00289      11.69421      140.46018    
0.49334   11.63000  0.00289      11.68794      402.78867    
0.49285   11.64000  0.00289      11.67540      150.38916    
0.49237   11.62000  0.00289      11.66289      220.75758    
0.49164   11.60000  0.00289      11.64417      234.14114    
0.49140   11.60000  0.00289      11.63794      172.77625    
0.49116   11.59000  0.00289      11.63172      208.90152    
0.49116   11.58000  0.00289      11.63172      321.03779    
0.49068   11.59000  0.00289      11.61930      103.01322    
0.48948   11.56000  0.00289      11.58835      96.41288     
0.48852   11.53000  0.00289      11.56369      136.20649    
0.48852   11.54000  0.00289      11.56369      67.34914     
0.48852   11.52000  0.00289      11.56369      229.06384    
0.48852   11.52000  0.00289      11.56369      229.06384    
0.48852   11.53000  0.00289      11.56369      136.20649    
0.48828   11.51000  0.00289      11.55754      271.22896    
0.48828   11.52000  0.00289      11.55754      169.12817    
0.48757   11.51000  0.00289      11.53913      101.84266    
0.48662   11.48000  0.00289      11.51467      144.23748    
0.48567   11.47000  0.00289      11.49030      49.46015     
0.48497   11.45000  0.00289      11.47209      58.54676     
0.48450   11.43000  0.00289      11.45998      107.82135    
0.48403   11.44000  0.00289      11.44789      7.46189      
0.48379   11.39000  0.00289      11.44185      322.60518    
0.48356   11.39000  0.00289      11.43582      251.92975    
0.48356   11.40000  0.00289      11.43582      153.96326    
0.48333   11.38000  0.00289      11.42980      297.54517    
0.48333   11.41000  0.00289      11.42980      47.02109     
0.48356   11.40000  0.00289      11.43582      153.96326    
0.48356   11.38000  0.00289      11.43582      373.89623    
0.48356   11.40000  0.00289      11.43582      153.96326    
0.48356   11.39000  0.00289      11.43582      251.92975    
0.48286   11.39000  0.00289      11.41776      92.49909     
0.48146   11.37000  0.00289      11.38181      16.73425     
0.47962   11.32000  0.00289      11.33419      24.16679     
0.47824   11.29000  0.00289      11.29872      9.11825      
0.47710   11.28000  0.00289      11.26931      13.71249     
0.47619   11.25000  0.00289      11.24589      2.03129      
0.47551   11.26000  0.00289      11.22838      120.01104    
0.47483   11.24000  0.00289      11.21092      101.50744    
0.47416   11.23000  0.00289      11.19351      159.82317    
0.47371   11.22000  0.00289      11.18193      173.95625    
0.47371   11.19000  0.00289      11.18193      7.82289      
0.47348   11.18000  0.00289      11.17614      1.78385      
0.47326   11.20000  0.00289      11.17037      105.36369    
0.47259   11.16000  0.00289      11.15307      5.75779      
0.47192   11.14000  0.00289      11.13583      2.08987      
0.47103   11.13000  0.00289      11.11291      35.05830     
0.47037   11.10000  0.00289      11.09577      2.14241      
0.46970   11.10000  0.00289      11.07869      54.49342     
0.46926   11.08000  0.00289      11.06733      19.27226     
0.46882   11.07000  0.00289      11.05599      23.56899     
0.46838   11.07000  0.00289      11.04466      77.02351     
0.46795   11.04000  0.00289      11.03337      5.28160      
0.46773   11.02000  0.00289      11.02772      7.15932      
0.46751   11.03000  0.00289      11.02209      7.51266      
0.46729   11.01000  0.00289      11.01646      5.00234      
0.46729   11.01000  0.00289      11.01646      5.00234      
0.46685   11.00000  0.00289      11.00521      3.25723      
0.46664   10.98000  0.00289      10.99959      46.07361     
0.46642   10.99000  0.00289      10.99398      1.90506      
0.46620   10.98000  0.00289      10.98838      8.42588      
0.46598   10.97000  0.00289      10.98278      19.59873     
0.46577   10.98000  0.00289      10.97719      0.95071      
0.46577   10.95000  0.00289      10.97719      88.68483     
0.46577   10.95000  0.00289      10.97719      88.68483     
0.46533   10.96000  0.00289      10.96601      4.33722      
0.46490   10.93000  0.00289      10.95486      74.15863     
0.46447   10.93000  0.00289      10.94373      22.61340     
0.46404   10.92000  0.00289      10.93262      19.10064     
0.46339   10.90000  0.00289      10.91599      30.67460     
0.46296   10.90000  0.00289      10.90493      2.91468      
0.46275   10.88000  0.00289      10.89941      45.19195     
0.46232   10.85000  0.00289      10.88838      176.73588    
0.46189   10.85000  0.00289      10.87737      89.88305     
0.46125   10.83000  0.00289      10.86089      114.52761    
0.46062   10.82000  0.00289      10.84446      71.81746     
0.45998   10.82000  0.00289      10.82808      7.83376      
0.45935   10.80000  0.00289      10.81174      16.54128     
0.45851   10.79000  0.00289      10.79003      0.00008      
0.45767   10.78000  0.00289      10.76839      16.17667     
0.45683   10.76000  0.00289      10.74683      20.80564     
0.45620   10.76000  0.00289      10.73072      102.90194    
0.45558   10.73000  0.00289      10.71464      28.29425     
0.45517   10.72000  0.00289      10.70395      30.89512     
0.45496   10.73000  0.00289      10.69862      118.18984    
0.45455   10.70000  0.00289      10.68796      17.40824     
0.45393   10.69000  0.00289      10.67200      38.87905     
0.45310   10.69000  0.00289      10.65079      184.45403    
0.45228   10.67000  0.00289      10.62966      195.23582    
0.45147   10.67000  0.00289      10.60861      452.23186    
0.45025   10.62000  0.00289      10.57717      220.09427    
0.44944   10.61000  0.00289      10.55631      345.92534    
0.44883   10.60000  0.00289      10.54071      421.83543    
0.44823   10.57000  0.00289      10.52515      241.35055    
0.44763   10.54000  0.00289      10.50964      110.62444    
0.44723   10.51000  0.00289      10.49932      13.69447     
0.44663   10.46000  0.00289      10.48387      68.38030     
0.44603   10.48000  0.00289      10.46847      15.96251     
0.44563   10.48000  0.00289      10.45822      56.92624     
0.44504   10.45000  0.00289      10.44288      6.07746      
0.44425   10.44000  0.00289      10.42250      36.75511     
0.44366   10.43000  0.00289      10.40726      62.06504     
0.44326   10.41000  0.00289      10.39712      19.90849     
0.44307   10.41000  0.00289      10.39206      38.63291     
0.44267   10.39000  0.00289      10.38195      7.78392      
0.44150   10.37000  0.00289      10.35172      40.10118     
0.44033   10.35000  0.00289      10.32165      96.42854     
0.43956   10.33000  0.00289      10.30170      96.13247     
0.43879   10.33000  0.00289      10.28181      278.67515    
0.43821   10.32000  0.00289      10.26694      337.83371    
0.43764   10.29000  0.00289      10.25211      172.27118    
0.43725   10.28000  0.00289      10.24225      171.04624    
0.43725   10.29000  0.00289      10.24225      273.65650    
0.43725   10.28000  0.00289      10.24225      171.04624    
0.43706   10.28000  0.00289      10.23732      218.59332    
0.43668   10.26000  0.00289      10.22748      126.90251    
0.43630   10.26000  0.00289      10.21766      215.13720    
0.43592   10.26000  0.00289      10.20785      326.31090    
0.43554   10.24000  0.00289      10.19807      211.01859    
0.43535   10.24000  0.00289      10.19318      263.07435    
0.43497   10.23000  0.00289      10.18342      260.40996    
0.43422   10.21000  0.00289      10.16394      254.55926    
0.43403   10.21000  0.00289      10.15908      311.08942    
0.43365   10.19000  0.00289      10.14938      197.98664    
0.43253   10.17000  0.00289      10.12037      295.54504    
0.43197   10.16000  0.00289      10.10592      350.89590    
0.43159   10.13000  0.00289      10.09631      136.17271    
0.43085   10.12000  0.00289      10.07714      220.42694    
0.43048   10.12000  0.00289      10.06758      329.74905    
0.43029   10.09000  0.00289      10.06280      88.74878     
0.42992   10.09000  0.00289      10.05327      161.90848    
0.42955   10.09000  0.00289      10.04375      256.71472    
0.42918   10.07000  0.00289      10.03424      153.42408    
0.42863   10.06000  0.00289      10.02002      191.82967    
0.42827   10.05000  0.00289      10.01055      186.71576    
0.42808   10.03000  0.00289      10.00583      70.11064     
0.42772   10.03000  0.00289      9.99639       135.56035    
0.42735   10.01000  0.00289      9.98697       63.66564     
0.42699   10.00000  0.00289      9.97756       60.42945     
0.42662   10.01000  0.00289      9.96817       209.98456    
0.42644   9.98000   0.00289      9.96348       32.75284     
0.42608   9.99000   0.00289      9.95411       154.55216    
0.42589   9.99000   0.00289      9.94943       197.46496    
0.42553   9.96000   0.00289      9.94009       47.56067     
0.42517   9.95000   0.00289      9.93076       44.39990     
0.42445   9.92000   0.00289      9.91216       7.37974      
0.42337   9.91000   0.00289      9.88437       78.85181     
0.42283   9.91000   0.00289      9.87052       187.01192    
0.42230   9.88000   0.00289      9.85672       65.06278     
0.42176   9.87000   0.00289      9.84294       87.85631     
0.42123   9.87000   0.00289      9.82920       199.71999    
0.42070   9.85000   0.00289      9.81550       142.82829    
0.42034   9.85000   0.00289      9.80638       228.28573    
0.41999   9.85000   0.00289      9.79728       333.49592    
0.41964   9.84000   0.00289      9.78820       322.03092    
0.41929   9.84000   0.00289      9.77913       444.67812    
0.41876   9.81000   0.00289      9.76555       237.11311    
0.41841   9.81000   0.00289      9.75652       343.26866    
0.41806   9.81000   0.00289      9.74750       468.77930    
0.41789   9.78000   0.00289      9.74299       164.32546    
0.41771   9.79000   0.00289      9.73850       318.32590    
0.41771   9.78000   0.00289      9.73850       206.71505    
0.41771   9.77000   0.00289      9.73850       119.10419    
0.41771   9.77000   0.00289      9.73850       119.10419    
0.41719   9.77000   0.00289      9.72502       242.78630    
0.41632   9.74000   0.00289      9.70264       167.53613    
0.41528   9.72000   0.00289      9.67590       233.41726    
0.41442   9.69000   0.00289      9.65372       157.98888    
0.41408   9.68000   0.00289      9.64487       148.10452    
0.41356   9.68000   0.00289      9.63163       280.80217    
0.41288   9.64000   0.00289      9.61402       80.99123     
0.41220   9.64000   0.00289      9.59647       227.35114    
0.41152   9.63000   0.00289      9.57898       312.32463    
0.41118   9.60000   0.00289      9.57026       106.13639    
0.41068   9.60000   0.00289      9.55720       219.80185    
0.41051   9.59000   0.00289      9.55286       165.55865    
0.41017   9.56000   0.00289      9.54418       30.04839     
0.40984   9.56000   0.00289      9.53551       71.97313     
0.40950   9.55000   0.00289      9.52686       64.26805     
0.40933   9.55000   0.00289      9.52254       90.50601     
0.40883   9.55000   0.00289      9.50960       195.89670    
0.40833   9.52000   0.00289      9.49669       65.21964     
0.40800   9.52000   0.00289      9.48810       122.12522    
0.40750   9.52000   0.00289      9.47524       240.39495    
0.40717   9.49000   0.00289      9.46669       65.21247     
0.40700   9.50000   0.00289      9.46242       169.50070    
0.40634   9.48000   0.00289      9.44537       143.94927    
0.40584   9.46000   0.00289      9.43261       90.00757     
0.40552   9.46000   0.00289      9.42413       154.41276    
0.40519   9.44000   0.00289      9.41566       71.10516     
0.40453   9.44000   0.00289      9.39876       204.11092    
0.40420   9.44000   0.00289      9.39033       296.07452    
0.40371   9.41000   0.00289      9.37771       125.12178    
0.40306   9.41000   0.00289      9.36093       288.92197    
0.40258   9.40000   0.00289      9.34838       319.70369    
0.40193   9.39000   0.00289      9.33170       407.85396    
0.40145   9.38000   0.00289      9.31922       443.25154    
0.40096   9.39000   0.00289      9.30678       831.13950    
0.40064   9.38000   0.00289      9.29849       797.16982    
0.40016   9.37000   0.00289      9.28610       844.75653    
0.39968   9.37000   0.00289      9.27373       1112.15567   
0.39936   9.35000   0.00289      9.26550       856.80860    
0.39872   9.35000   0.00289      9.24908       1222.10728   
0.39841   9.33000   0.00289      9.24089       952.79201    
0.39809   9.32000   0.00289      9.23272       914.19100    
0.39777   9.28000   0.00289      9.22455       368.91048    
0.39746   9.27000   0.00289      9.21640       344.70759    
0.39667   9.26000   0.00289      9.19608       490.22416    
0.39541   9.24000   0.00289      9.16374       697.85790    
0.39463   9.23000   0.00289      9.14363       895.18226    
0.39401   9.21000   0.00289      9.12760       814.81635    
0.39355   9.19000   0.00289      9.11561       664.11902    
0.39308   9.18000   0.00289      9.10364       699.61997    
0.39277   9.19000   0.00289      9.09569       1067.43497   
0.39246   9.16000   0.00289      9.08774       626.61011    
0.39216   9.15000   0.00289      9.07980       591.29824    
0.39170   9.14000   0.00289      9.06793       623.36436    
0.39124   9.13000   0.00289      9.05608       655.78236    
0.39093   9.12000   0.00289      9.04819       618.79147    
0.39047   9.11000   0.00289      9.03639       650.27441    
0.38971   9.09000   0.00289      9.01677       643.44051    
0.38926   9.09000   0.00289      9.00504       866.11005    
0.38895   9.06000   0.00289      8.99724       472.68210    
0.38820   9.05000   0.00289      8.97778       625.91581    
0.38745   9.04000   0.00289      8.95839       799.15035    
0.38700   9.01000   0.00289      8.94680       479.32501    

Gradi di liberta = 935
Chi-quadro = 353527.1241622047
p-value = 0.0
Errore a posteriori = 0.05613

Test ipotesi funzione costante_______________________________
Gradi di Liberta' = 935
t = 1825.343966738551
p-value = 0.0

Test ipotesi compatibilità misure____________________________
x         y         sy           y_media_p     Chi-quadro   
0.81235   19.98000  0.00289      14.82254      3191927.21177
0.81235   19.98000  0.00289      14.82254      3191927.21177
0.81169   19.96000  0.00289      14.82254      3167219.40387
0.81169   19.96000  0.00289      14.82254      3167219.40387
0.81103   19.96000  0.00289      14.82254      3167219.40387
0.81103   19.94000  0.00289      14.82254      3142607.59598
0.81037   19.93000  0.00289      14.82254      3130337.69203
0.81037   19.93000  0.00289      14.82254      3130337.69203
0.80972   19.91000  0.00289      14.82254      3105869.88413
0.80972   19.91000  0.00289      14.82254      3105869.88413
0.80972   19.91000  0.00289      14.82254      3105869.88413
0.80906   19.89000  0.00289      14.82254      3081498.07623
0.80906   19.89000  0.00289      14.82254      3081498.07623
0.80841   19.88000  0.00289      14.82254      3069348.17228
0.80775   19.86000  0.00289      14.82254      3045120.36439
0.80775   19.87000  0.00289      14.82254      3057222.26834
0.80710   19.85000  0.00289      14.82254      3033042.46044
0.80710   19.85000  0.00289      14.82254      3033042.46044
0.80710   19.85000  0.00289      14.82254      3033042.46044
0.80645   19.83000  0.00289      14.82254      3008958.65254
0.80580   19.83000  0.00289      14.82254      3008958.65254
0.80580   19.83000  0.00289      14.82254      3008958.65254
0.80515   19.81000  0.00289      14.82254      2984970.84464
0.80515   19.81000  0.00289      14.82254      2984970.84464
0.80451   19.80000  0.00289      14.82254      2973012.94069
0.80451   19.79000  0.00289      14.82254      2961079.03675
0.80451   19.79000  0.00289      14.82254      2961079.03675
0.80386   19.77000  0.00289      14.82254      2937283.22885
0.80386   19.77000  0.00289      14.82254      2937283.22885
0.80321   19.77000  0.00289      14.82254      2937283.22885
0.80321   19.76000  0.00289      14.82254      2925421.32490
0.80257   19.75000  0.00289      14.82254      2913583.42095
0.80257   19.75000  0.00289      14.82254      2913583.42095
0.80257   19.75000  0.00289      14.82254      2913583.42095
0.80192   19.75000  0.00289      14.82254      2913583.42095
0.80192   19.74000  0.00289      14.82254      2901769.51700
0.80192   19.73000  0.00289      14.82254      2889979.61305
0.80128   19.72000  0.00289      14.82254      2878213.70910
0.80128   19.69000  0.00289      14.82254      2843059.99726
0.80064   19.69000  0.00289      14.82254      2843059.99726
0.80000   19.69000  0.00289      14.82254      2843059.99726
0.79936   19.67000  0.00289      14.82254      2819744.18936
0.79936   19.68000  0.00289      14.82254      2831390.09331
0.79872   19.65000  0.00289      14.82254      2796524.38146
0.79808   19.62000  0.00289      14.82254      2761874.66962
0.79745   19.61000  0.00289      14.82254      2750372.76567
0.79681   19.60000  0.00289      14.82254      2738894.86172
0.79681   19.58000  0.00289      14.82254      2716011.05382
0.79681   19.59000  0.00289      14.82254      2727440.95777
0.79681   19.58000  0.00289      14.82254      2716011.05382
0.79618   19.58000  0.00289      14.82254      2716011.05382
0.79618   19.57000  0.00289      14.82254      2704605.14987
0.79554   19.55000  0.00289      14.82254      2681865.34197
0.79491   19.54000  0.00289      14.82254      2670531.43803
0.79491   19.53000  0.00289      14.82254      2659221.53408
0.79491   19.52000  0.00289      14.82254      2647935.63013
0.79428   19.53000  0.00289      14.82254      2659221.53408
0.79428   19.52000  0.00289      14.82254      2647935.63013
0.79365   19.50000  0.00289      14.82254      2625435.82223
0.79302   19.48000  0.00289      14.82254      2603032.01433
0.79239   19.46000  0.00289      14.82254      2580724.20644
0.79177   19.44000  0.00289      14.82254      2558512.39854
0.79114   19.43000  0.00289      14.82254      2547442.49459
0.79114   19.41000  0.00289      14.82254      2525374.68669
0.79114   19.41000  0.00289      14.82254      2525374.68669
0.79051   19.41000  0.00289      14.82254      2525374.68669
0.78989   19.39000  0.00289      14.82254      2503402.87879
0.78927   19.39000  0.00289      14.82254      2503402.87879
0.78927   19.38000  0.00289      14.82254      2492452.97485
0.78927   19.37000  0.00289      14.82254      2481527.07090
0.78864   19.37000  0.00289      14.82254      2481527.07090
0.78864   19.35000  0.00289      14.82254      2459747.26300
0.78802   19.35000  0.00289      14.82254      2459747.26300
0.78740   19.35000  0.00289      14.82254      2459747.26300
0.78740   19.33000  0.00289      14.82254      2438063.45510
0.78740   19.33000  0.00289      14.82254      2438063.45510
0.78678   19.33000  0.00289      14.82254      2438063.45510
0.78678   19.31000  0.00289      14.82254      2416475.64720
0.78678   19.31000  0.00289      14.82254      2416475.64720
0.78616   19.31000  0.00289      14.82254      2416475.64720
0.78616   19.30000  0.00289      14.82254      2405717.74326
0.78555   19.30000  0.00289      14.82254      2405717.74326
0.78555   19.28000  0.00289      14.82254      2384273.93536
0.78493   19.27000  0.00289      14.82254      2373588.03141
0.78431   19.27000  0.00289      14.82254      2373588.03141
0.78431   19.25000  0.00289      14.82254      2352288.22351
0.78431   19.25000  0.00289      14.82254      2352288.22351
0.78431   19.25000  0.00289      14.82254      2352288.22351
0.78370   19.23000  0.00289      14.82254      2331084.41561
0.78370   19.23000  0.00289      14.82254      2331084.41561
0.78309   19.22000  0.00289      14.82254      2320518.51166
0.78186   19.20000  0.00289      14.82254      2299458.70377
0.78125   19.19000  0.00289      14.82254      2288964.79982
0.78064   19.17000  0.00289      14.82254      2268048.99192
0.78003   19.15000  0.00289      14.82254      2247229.18402
0.77942   19.14000  0.00289      14.82254      2236855.28007
0.77942   19.11000  0.00289      14.82254      2205877.56823
0.77882   19.11000  0.00289      14.82254      2205877.56823
0.77882   19.11000  0.00289      14.82254      2205877.56823
0.77821   19.08000  0.00289      14.82254      2175115.85638
0.77821   19.09000  0.00289      14.82254      2185345.76033
0.77821   19.08000  0.00289      14.82254      2175115.85638
0.77760   19.06000  0.00289      14.82254      2154728.04848
0.77760   19.06000  0.00289      14.82254      2154728.04848
0.77760   19.05000  0.00289      14.82254      2144570.14454
0.77700   19.05000  0.00289      14.82254      2144570.14454
0.77700   19.05000  0.00289      14.82254      2144570.14454
0.77640   19.03000  0.00289      14.82254      2124326.33664
0.77640   19.03000  0.00289      14.82254      2124326.33664
0.77580   19.02000  0.00289      14.82254      2114240.43269
0.77580   19.00000  0.00289      14.82254      2094140.62479
0.77519   19.01000  0.00289      14.82254      2104178.52874
0.77519   19.00000  0.00289      14.82254      2094140.62479
0.77459   18.97000  0.00289      14.82254      2064170.91295
0.77399   18.97000  0.00289      14.82254      2064170.91295
0.77280   18.94000  0.00289      14.82254      2034417.20110
0.77220   18.93000  0.00289      14.82254      2024547.29715
0.77220   18.93000  0.00289      14.82254      2024547.29715
0.77160   18.91000  0.00289      14.82254      2004879.48925
0.77101   18.90000  0.00289      14.82254      1995081.58530
0.77101   18.90000  0.00289      14.82254      1995081.58530
0.77042   18.88000  0.00289      14.82254      1975557.77741
0.76982   18.88000  0.00289      14.82254      1975557.77741
0.76923   18.86000  0.00289      14.82254      1956129.96951
0.76923   18.86000  0.00289      14.82254      1956129.96951
0.76923   18.86000  0.00289      14.82254      1956129.96951
0.76864   18.84000  0.00289      14.82254      1936798.16161
0.76864   18.84000  0.00289      14.82254      1936798.16161
0.76805   18.84000  0.00289      14.82254      1936798.16161
0.76805   18.81000  0.00289      14.82254      1907980.44977
0.76746   18.82000  0.00289      14.82254      1917562.35371
0.76746   18.81000  0.00289      14.82254      1907980.44977
0.76746   18.80000  0.00289      14.82254      1898422.54582
0.76687   18.80000  0.00289      14.82254      1898422.54582
0.76687   18.79000  0.00289      14.82254      1888888.64187
0.76687   18.78000  0.00289      14.82254      1879378.73792
0.76628   18.78000  0.00289      14.82254      1879378.73792
0.76628   18.77000  0.00289      14.82254      1869892.83397
0.76628   18.77000  0.00289      14.82254      1869892.83397
0.76570   18.77000  0.00289      14.82254      1869892.83397
0.76511   18.76000  0.00289      14.82254      1860430.93002
0.76511   18.75000  0.00289      14.82254      1850993.02607
0.76511   18.75000  0.00289      14.82254      1850993.02607
0.76453   18.75000  0.00289      14.82254      1850993.02607
0.76394   18.74000  0.00289      14.82254      1841579.12212
0.76394   18.73000  0.00289      14.82254      1832189.21818
0.76336   18.72000  0.00289      14.82254      1822823.31423
0.76278   18.69000  0.00289      14.82254      1794869.60238
0.76161   18.63000  0.00289      14.82254      1739610.17869
0.76161   18.63000  0.00289      14.82254      1739610.17869
0.76161   18.64000  0.00289      14.82254      1748760.08264
0.76104   18.63000  0.00289      14.82254      1739610.17869
0.76104   18.62000  0.00289      14.82254      1730484.27474
0.76046   18.62000  0.00289      14.82254      1730484.27474
0.75988   18.59000  0.00289      14.82254      1703250.56289
0.75930   18.59000  0.00289      14.82254      1703250.56289
0.75815   18.57000  0.00289      14.82254      1685214.75499
0.75815   18.55000  0.00289      14.82254      1667274.94710
0.75758   18.55000  0.00289      14.82254      1667274.94710
0.75700   18.53000  0.00289      14.82254      1649431.13920
0.75700   18.52000  0.00289      14.82254      1640545.23525
0.75643   18.51000  0.00289      14.82254      1631683.33130
0.75586   18.49000  0.00289      14.82254      1614031.52340
0.75529   18.49000  0.00289      14.82254      1614031.52340
0.75472   18.48000  0.00289      14.82254      1605241.61946
0.75415   18.45000  0.00289      14.82254      1579015.90761
0.75358   18.45000  0.00289      14.82254      1579015.90761
0.75358   18.44000  0.00289      14.82254      1570322.00366
0.75301   18.43000  0.00289      14.82254      1561652.09971
0.75301   18.43000  0.00289      14.82254      1561652.09971
0.75245   18.42000  0.00289      14.82254      1553006.19576
0.75188   18.37000  0.00289      14.82254      1510136.67602
0.75188   18.38000  0.00289      14.82254      1518662.57997
0.75131   18.35000  0.00289      14.82254      1493156.86812
0.75075   18.35000  0.00289      14.82254      1493156.86812
0.75075   18.35000  0.00289      14.82254      1493156.86812
0.75019   18.35000  0.00289      14.82254      1493156.86812
0.75019   18.34000  0.00289      14.82254      1484702.96417
0.74963   18.34000  0.00289      14.82254      1484702.96417
0.74963   18.33000  0.00289      14.82254      1476273.06022
0.74906   18.33000  0.00289      14.82254      1476273.06022
0.74906   18.32000  0.00289      14.82254      1467867.15628
0.74906   18.32000  0.00289      14.82254      1467867.15628
0.74906   18.32000  0.00289      14.82254      1467867.15628
0.74906   18.30000  0.00289      14.82254      1451127.34838
0.74850   18.30000  0.00289      14.82254      1451127.34838
0.74850   18.30000  0.00289      14.82254      1451127.34838
0.74794   18.27000  0.00289      14.82254      1426197.63653
0.74794   18.27000  0.00289      14.82254      1426197.63653
0.74794   18.27000  0.00289      14.82254      1426197.63653
0.74738   18.25000  0.00289      14.82254      1409697.82863
0.74738   18.25000  0.00289      14.82254      1409697.82863
0.74683   18.24000  0.00289      14.82254      1401483.92469
0.74683   18.23000  0.00289      14.82254      1393294.02074
0.74683   18.24000  0.00289      14.82254      1401483.92469
0.74683   18.22000  0.00289      14.82254      1385128.11679
0.74627   18.22000  0.00289      14.82254      1385128.11679
0.74571   18.21000  0.00289      14.82254      1376986.21284
0.74460   18.18000  0.00289      14.82254      1352704.50099
0.74405   18.18000  0.00289      14.82254      1352704.50099
0.74349   18.17000  0.00289      14.82254      1344658.59704
0.74294   18.13000  0.00289      14.82254      1312714.98125
0.74294   18.13000  0.00289      14.82254      1312714.98125
0.74294   18.13000  0.00289      14.82254      1312714.98125
0.74239   18.13000  0.00289      14.82254      1312714.98125
0.74239   18.13000  0.00289      14.82254      1312714.98125
0.74184   18.10000  0.00289      14.82254      1289009.26940
0.74129   18.10000  0.00289      14.82254      1289009.26940
0.74074   18.09000  0.00289      14.82254      1281155.36545
0.74074   18.06000  0.00289      14.82254      1257737.65361
0.74074   18.07000  0.00289      14.82254      1265519.55756
0.74019   18.07000  0.00289      14.82254      1265519.55756
0.74019   18.05000  0.00289      14.82254      1249979.74966
0.73964   18.05000  0.00289      14.82254      1249979.74966
0.73964   18.04000  0.00289      14.82254      1242245.84571
0.73910   18.03000  0.00289      14.82254      1234535.94176
0.73855   18.02000  0.00289      14.82254      1226850.03781
0.73801   18.00000  0.00289      14.82254      1211550.22991
0.73746   17.99000  0.00289      14.82254      1203936.32597
0.73746   17.99000  0.00289      14.82254      1203936.32597
0.73692   17.97000  0.00289      14.82254      1188780.51807
0.73638   17.97000  0.00289      14.82254      1188780.51807
0.73584   17.95000  0.00289      14.82254      1173720.71017
0.73475   17.93000  0.00289      14.82254      1158756.90227
0.73421   17.93000  0.00289      14.82254      1158756.90227
0.73421   17.92000  0.00289      14.82254      1151310.99832
0.73368   17.92000  0.00289      14.82254      1151310.99832
0.73314   17.92000  0.00289      14.82254      1151310.99832
0.73314   17.90000  0.00289      14.82254      1136491.19043
0.73314   17.90000  0.00289      14.82254      1136491.19043
0.73260   17.90000  0.00289      14.82254      1136491.19043
0.73260   17.88000  0.00289      14.82254      1121767.38253
0.73206   17.88000  0.00289      14.82254      1121767.38253
0.73153   17.87000  0.00289      14.82254      1114441.47858
0.73099   17.85000  0.00289      14.82254      1099861.67068
0.73099   17.85000  0.00289      14.82254      1099861.67068
0.73046   17.83000  0.00289      14.82254      1085377.86279
0.72993   17.83000  0.00289      14.82254      1085377.86279
0.72993   17.83000  0.00289      14.82254      1085377.86279
0.72993   17.81000  0.00289      14.82254      1070990.05489
0.72993   17.82000  0.00289      14.82254      1078171.95884
0.72993   17.82000  0.00289      14.82254      1078171.95884
0.72993   17.80000  0.00289      14.82254      1063832.15094
0.72993   17.81000  0.00289      14.82254      1070990.05489
0.72993   17.81000  0.00289      14.82254      1070990.05489
0.72993   17.80000  0.00289      14.82254      1063832.15094
0.72886   17.79000  0.00289      14.82254      1056698.24699
0.72833   17.76000  0.00289      14.82254      1035440.53514
0.72833   17.76000  0.00289      14.82254      1035440.53514
0.72833   17.77000  0.00289      14.82254      1042502.43909
0.72727   17.76000  0.00289      14.82254      1035440.53514
0.72622   17.73000  0.00289      14.82254      1014398.82330
0.72516   17.70000  0.00289      14.82254      993573.11145 
0.72464   17.69000  0.00289      14.82254      986679.20750 
0.72411   17.67000  0.00289      14.82254      972963.39961 
0.72359   17.66000  0.00289      14.82254      966141.49566 
0.72254   17.64000  0.00289      14.82254      952569.68776 
0.72202   17.62000  0.00289      14.82254      939093.87986 
0.72202   17.58000  0.00289      14.82254      912430.26407 
0.72150   17.58000  0.00289      14.82254      912430.26407 
0.72150   17.59000  0.00289      14.82254      919060.16802 
0.72150   17.57000  0.00289      14.82254      905824.36012 
0.72098   17.57000  0.00289      14.82254      905824.36012 
0.72046   17.56000  0.00289      14.82254      899242.45617 
0.71994   17.53000  0.00289      14.82254      879640.74432 
0.71994   17.53000  0.00289      14.82254      879640.74432 
0.71994   17.53000  0.00289      14.82254      879640.74432 
0.71994   17.52000  0.00289      14.82254      873154.84037 
0.71994   17.53000  0.00289      14.82254      879640.74432 
0.71994   17.52000  0.00289      14.82254      873154.84037 
0.71994   17.52000  0.00289      14.82254      873154.84037 
0.71994   17.52000  0.00289      14.82254      873154.84037 
0.71942   17.53000  0.00289      14.82254      879640.74432 
0.71942   17.52000  0.00289      14.82254      873154.84037 
0.71891   17.51000  0.00289      14.82254      866692.93642 
0.71788   17.51000  0.00289      14.82254      866692.93642 
0.71736   17.48000  0.00289      14.82254      847451.22458 
0.71633   17.47000  0.00289      14.82254      841085.32063 
0.71531   17.44000  0.00289      14.82254      822131.60878 
0.71429   17.43000  0.00289      14.82254      815861.70483 
0.71378   17.40000  0.00289      14.82254      797195.99299 
0.71327   17.38000  0.00289      14.82254      784872.18509 
0.71225   17.36000  0.00289      14.82254      772644.37719 
0.71174   17.32000  0.00289      14.82254      748476.76140 
0.71073   17.31000  0.00289      14.82254      742494.85745 
0.71023   17.31000  0.00289      14.82254      742494.85745 
0.71023   17.30000  0.00289      14.82254      736536.95350 
0.71023   17.32000  0.00289      14.82254      748476.76140 
0.70972   17.30000  0.00289      14.82254      736536.95350 
0.70872   17.26000  0.00289      14.82254      712945.33771 
0.70872   17.25000  0.00289      14.82254      707107.43376 
0.70822   17.23000  0.00289      14.82254      695503.62586 
0.70771   17.23000  0.00289      14.82254      695503.62586 
0.70771   17.23000  0.00289      14.82254      695503.62586 
0.70721   17.19000  0.00289      14.82254      672584.01006 
0.70671   17.18000  0.00289      14.82254      666914.10612 
0.70621   17.15000  0.00289      14.82254      650048.39427 
0.70572   17.13000  0.00289      14.82254      638924.58637 
0.70522   17.13000  0.00289      14.82254      638924.58637 
0.70472   17.11000  0.00289      14.82254      627896.77847 
0.70423   17.09000  0.00289      14.82254      616964.97058 
0.70423   17.10000  0.00289      14.82254      622418.87453 
0.70423   17.09000  0.00289      14.82254      616964.97058 
0.70423   17.10000  0.00289      14.82254      622418.87453 
0.70423   17.12000  0.00289      14.82254      633398.68242 
0.70423   17.09000  0.00289      14.82254      616964.97058 
0.70423   17.11000  0.00289      14.82254      627896.77847 
0.70423   17.13000  0.00289      14.82254      638924.58637 
0.70423   17.12000  0.00289      14.82254      633398.68242 
0.70423   17.13000  0.00289      14.82254      638924.58637 
0.70423   17.12000  0.00289      14.82254      633398.68242 
0.70423   17.12000  0.00289      14.82254      633398.68242 
0.70423   17.13000  0.00289      14.82254      638924.58637 
0.70423   17.10000  0.00289      14.82254      622418.87453 
0.70472   17.10000  0.00289      14.82254      622418.87453 
0.70423   17.11000  0.00289      14.82254      627896.77847 
0.70423   17.08000  0.00289      14.82254      611535.06663 
0.70423   17.09000  0.00289      14.82254      616964.97058 
0.70373   17.10000  0.00289      14.82254      622418.87453 
0.70323   17.05000  0.00289      14.82254      595389.35478 
0.70323   17.08000  0.00289      14.82254      611535.06663 
0.70274   17.07000  0.00289      14.82254      606129.16268 
0.70225   17.04000  0.00289      14.82254      590055.45083 
0.70175   17.04000  0.00289      14.82254      590055.45083 
0.70077   17.01000  0.00289      14.82254      574197.73899 
0.70028   17.00000  0.00289      14.82254      568959.83504 
0.69979   17.00000  0.00289      14.82254      568959.83504 
0.69930   16.96000  0.00289      14.82254      548248.21924 
0.69881   16.96000  0.00289      14.82254      548248.21924 
0.69784   16.96000  0.00289      14.82254      548248.21924 
0.69735   16.94000  0.00289      14.82254      538036.41134 
0.69686   16.94000  0.00289      14.82254      538036.41134 
0.69638   16.93000  0.00289      14.82254      532966.50740 
0.69638   16.91000  0.00289      14.82254      522898.69950 
0.69589   16.91000  0.00289      14.82254      522898.69950 
0.69541   16.89000  0.00289      14.82254      512926.89160 
0.69493   16.87000  0.00289      14.82254      503051.08370 
0.69444   16.88000  0.00289      14.82254      507976.98765 
0.69444   16.86000  0.00289      14.82254      498149.17975 
0.69396   16.86000  0.00289      14.82254      498149.17975 
0.69348   16.85000  0.00289      14.82254      493271.27581 
0.69300   16.83000  0.00289      14.82254      483587.46791 
0.69252   16.82000  0.00289      14.82254      478781.56396 
0.69204   16.81000  0.00289      14.82254      473999.66001 
0.69204   16.81000  0.00289      14.82254      473999.66001 
0.69156   16.80000  0.00289      14.82254      469241.75606 
0.69109   16.77000  0.00289      14.82254      455112.04422 
0.69061   16.77000  0.00289      14.82254      455112.04422 
0.69013   16.77000  0.00289      14.82254      455112.04422 
0.68966   16.74000  0.00289      14.82254      441198.33237 
0.68918   16.74000  0.00289      14.82254      441198.33237 
0.68871   16.73000  0.00289      14.82254      436608.42842 
0.68871   16.70000  0.00289      14.82254      422982.71657 
0.68823   16.71000  0.00289      14.82254      427500.62052 
0.68823   16.69000  0.00289      14.82254      418488.81263 
0.68776   16.68000  0.00289      14.82254      414018.90868 
0.68729   16.67000  0.00289      14.82254      409573.00473 
0.68729   16.66000  0.00289      14.82254      405151.10078 
0.68681   16.65000  0.00289      14.82254      400753.19683 
0.68634   16.65000  0.00289      14.82254      400753.19683 
0.68587   16.64000  0.00289      14.82254      396379.29288 
0.68540   16.63000  0.00289      14.82254      392029.38893 
0.68540   16.62000  0.00289      14.82254      387703.48498 
0.68493   16.62000  0.00289      14.82254      387703.48498 
0.68446   16.61000  0.00289      14.82254      383401.58104 
0.68399   16.60000  0.00289      14.82254      379123.67709 
0.68399   16.58000  0.00289      14.82254      370639.86919 
0.68306   16.55000  0.00289      14.82254      358094.15734 
0.68259   16.51000  0.00289      14.82254      341702.54155 
0.68213   16.51000  0.00289      14.82254      341702.54155 
0.68120   16.52000  0.00289      14.82254      345764.44550 
0.68120   16.50000  0.00289      14.82254      337664.63760 
0.68074   16.51000  0.00289      14.82254      341702.54155 
0.68027   16.50000  0.00289      14.82254      337664.63760 
0.67981   16.48000  0.00289      14.82254      329660.82970 
0.67935   16.48000  0.00289      14.82254      329660.82970 
0.67843   16.47000  0.00289      14.82254      325694.92575 
0.67843   16.45000  0.00289      14.82254      317835.11785 
0.67751   16.46000  0.00289      14.82254      321753.02180 
0.67751   16.43000  0.00289      14.82254      310071.30996 
0.67705   16.43000  0.00289      14.82254      310071.30996 
0.67659   16.43000  0.00289      14.82254      310071.30996 
0.67659   16.41000  0.00289      14.82254      302403.50206 
0.67613   16.41000  0.00289      14.82254      302403.50206 
0.67568   16.41000  0.00289      14.82254      302403.50206 
0.67568   16.39000  0.00289      14.82254      294831.69416 
0.67568   16.39000  0.00289      14.82254      294831.69416 
0.67522   16.38000  0.00289      14.82254      291081.79021 
0.67522   16.37000  0.00289      14.82254      287355.88626 
0.67476   16.38000  0.00289      14.82254      291081.79021 
0.67431   16.35000  0.00289      14.82254      279976.07837 
0.67431   16.35000  0.00289      14.82254      279976.07837 
0.67385   16.35000  0.00289      14.82254      279976.07837 
0.67340   16.32000  0.00289      14.82254      269086.36652 
0.67340   16.33000  0.00289      14.82254      272692.27047 
0.67249   16.31000  0.00289      14.82254      265504.46257 
0.67204   16.29000  0.00289      14.82254      258412.65467 
0.67159   16.29000  0.00289      14.82254      258412.65467 
0.67114   16.27000  0.00289      14.82254      251416.84678 
0.67024   16.25000  0.00289      14.82254      244517.03888 
0.67024   16.25000  0.00289      14.82254      244517.03888 
0.66979   16.23000  0.00289      14.82254      237713.23098 
0.66979   16.23000  0.00289      14.82254      237713.23098 
0.66979   16.23000  0.00289      14.82254      237713.23098 
0.66934   16.21000  0.00289      14.82254      231005.42308 
0.66934   16.21000  0.00289      14.82254      231005.42308 
0.66890   16.21000  0.00289      14.82254      231005.42308 
0.66845   16.19000  0.00289      14.82254      224393.61519 
0.66800   16.18000  0.00289      14.82254      221123.71124 
0.66756   16.16000  0.00289      14.82254      214655.90334 
0.66711   16.16000  0.00289      14.82254      214655.90334 
0.66667   16.15000  0.00289      14.82254      211457.99939 
0.66622   16.12000  0.00289      14.82254      202008.28755 
0.66622   16.13000  0.00289      14.82254      205134.19149 
0.66534   16.12000  0.00289      14.82254      202008.28755 
0.66445   16.08000  0.00289      14.82254      189744.67175 
0.66445   16.09000  0.00289      14.82254      192774.57570 
0.66401   16.07000  0.00289      14.82254      186738.76780 
0.66313   16.05000  0.00289      14.82254      180798.95990 
0.66225   16.05000  0.00289      14.82254      180798.95990 
0.66181   16.03000  0.00289      14.82254      174955.15201 
0.66094   16.02000  0.00289      14.82254      172069.24806 
0.66050   16.01000  0.00289      14.82254      169207.34411 
0.65963   15.99000  0.00289      14.82254      163555.53621 
0.65920   15.98000  0.00289      14.82254      160765.63226 
0.65876   15.97000  0.00289      14.82254      157999.72831 
0.65833   15.95000  0.00289      14.82254      152539.92042 
0.65789   15.95000  0.00289      14.82254      152539.92042 
0.65746   15.93000  0.00289      14.82254      147176.11252 
0.65703   15.91000  0.00289      14.82254      141908.30462 
0.65617   15.90000  0.00289      14.82254      139310.40067 
0.65574   15.88000  0.00289      14.82254      134186.59277 
0.65531   15.87000  0.00289      14.82254      131660.68883 
0.65488   15.86000  0.00289      14.82254      129158.78488 
0.65402   15.83000  0.00289      14.82254      121797.07303 
0.65359   15.83000  0.00289      14.82254      121797.07303 
0.65317   15.81000  0.00289      14.82254      117009.26513 
0.65232   15.78000  0.00289      14.82254      110007.55329 
0.65232   15.78000  0.00289      14.82254      110007.55329 
0.65189   15.77000  0.00289      14.82254      107721.64934 
0.65147   15.76000  0.00289      14.82254      105459.74539 
0.65147   15.76000  0.00289      14.82254      105459.74539 
0.65104   15.74000  0.00289      14.82254      101007.93749 
0.65062   15.73000  0.00289      14.82254      98818.03354  
0.65062   15.72000  0.00289      14.82254      96652.12959  
0.65020   15.70000  0.00289      14.82254      92392.32170  
0.64977   15.69000  0.00289      14.82254      90298.41775  
0.64935   15.68000  0.00289      14.82254      88228.51380  
0.64851   15.65000  0.00289      14.82254      82162.80195  
0.64809   15.65000  0.00289      14.82254      82162.80195  
0.64767   15.63000  0.00289      14.82254      78238.99406  
0.64767   15.61000  0.00289      14.82254      74411.18616  
0.64725   15.60000  0.00289      14.82254      72533.28221  
0.64641   15.56000  0.00289      14.82254      65261.66641  
0.64558   15.52000  0.00289      14.82254      58374.05062  
0.64475   15.50000  0.00289      14.82254      55074.24272  
0.64392   15.43000  0.00289      14.82254      44280.91508  
0.64350   15.42000  0.00289      14.82254      42835.01113  
0.64309   15.42000  0.00289      14.82254      42835.01113  
0.64267   15.38000  0.00289      14.82254      37291.39534  
0.64226   15.39000  0.00289      14.82254      38641.29929  
0.64185   15.36000  0.00289      14.82254      34663.58744  
0.64144   15.34000  0.00289      14.82254      32131.77954  
0.64061   15.32000  0.00289      14.82254      29695.97164  
0.64020   15.27000  0.00289      14.82254      24026.45190  
0.63939   15.29000  0.00289      14.82254      26222.25980  
0.63898   15.10000  0.00289      14.82254      9238.08477   
0.63857   15.13000  0.00289      14.82254      11343.79662  
0.63776   15.12000  0.00289      14.82254      10617.89267  
0.63735   15.14000  0.00289      14.82254      12093.70057  
0.63735   15.10000  0.00289      14.82254      9238.08477   
0.63694   15.18000  0.00289      14.82254      15333.31636  
0.63573   15.19000  0.00289      14.82254      16203.22031  
0.63492   15.17000  0.00289      14.82254      14487.41241  
0.63452   15.06000  0.00289      14.82254      6766.46898   
0.63371   15.25000  0.00289      14.82254      21926.64400  
0.63331   15.23000  0.00289      14.82254      19922.83610  
0.63291   15.23000  0.00289      14.82254      19922.83610  
0.63211   15.25000  0.00289      14.82254      21926.64400  
0.63171   15.06000  0.00289      14.82254      6766.46898   
0.63131   14.96000  0.00289      14.82254      2267.42949   
0.63052   14.85000  0.00289      14.82254      90.48605     
0.63012   15.06000  0.00289      14.82254      6766.46898   
0.62972   15.14000  0.00289      14.82254      12093.70057  
0.62933   15.15000  0.00289      14.82254      12867.60451  
0.62814   15.14000  0.00289      14.82254      12093.70057  
0.62735   15.11000  0.00289      14.82254      9915.98872   
0.62657   15.10000  0.00289      14.82254      9238.08477   
0.62539   15.08000  0.00289      14.82254      7954.27687   
0.62461   15.04000  0.00289      14.82254      5674.66108   
0.62383   15.03000  0.00289      14.82254      5164.75713   
0.62305   15.00000  0.00289      14.82254      3779.04528   
0.62189   14.95000  0.00289      14.82254      1949.52554   
0.62073   14.95000  0.00289      14.82254      1949.52554   
0.62035   14.92000  0.00289      14.82254      1139.81369   
0.61996   14.91000  0.00289      14.82254      917.90974    
0.61958   14.92000  0.00289      14.82254      1139.81369   
0.61920   14.86000  0.00289      14.82254      168.39000    
0.61843   14.86000  0.00289      14.82254      168.39000    
0.61767   14.85000  0.00289      14.82254      90.48605     
0.61728   14.82000  0.00289      14.82254      0.77421      
0.61652   14.82000  0.00289      14.82254      0.77421      
0.61652   14.83000  0.00289      14.82254      6.67815      
0.61690   14.82000  0.00289      14.82254      0.77421      
0.61690   14.84000  0.00289      14.82254      36.58210     
0.61652   14.83000  0.00289      14.82254      6.67815      
0.61538   14.79000  0.00289      14.82254      127.06236    
0.61501   14.79000  0.00289      14.82254      127.06236    
0.61425   14.72000  0.00289      14.82254      1261.73472   
0.61350   14.71000  0.00289      14.82254      1519.83077   
0.61275   14.71000  0.00289      14.82254      1519.83077   
0.61275   14.66000  0.00289      14.82254      3170.31102   
0.61237   14.68000  0.00289      14.82254      2438.11892   
0.61200   14.67000  0.00289      14.82254      2792.21497   
0.61125   14.65000  0.00289      14.82254      3572.40708   
0.61050   14.64000  0.00289      14.82254      3998.50313   
0.60976   14.61000  0.00289      14.82254      5420.79128   
0.60938   14.59000  0.00289      14.82254      6488.98338   
0.60901   14.59000  0.00289      14.82254      6488.98338   
0.60827   14.55000  0.00289      14.82254      8913.36759   
0.60716   14.55000  0.00289      14.82254      8913.36759   
0.60606   14.53000  0.00289      14.82254      10269.55969  
0.60459   14.48000  0.00289      14.82254      14080.03995  
0.60314   14.47000  0.00289      14.82254      14914.13600  
0.60132   14.44000  0.00289      14.82254      17560.42415  
0.59988   14.39000  0.00289      14.82254      22450.90441  
0.59844   14.37000  0.00289      14.82254      24575.09651  
0.59737   14.32000  0.00289      14.82254      30305.57677  
0.59666   14.30000  0.00289      14.82254      32765.76887  
0.59559   14.30000  0.00289      14.82254      32765.76887  
0.59453   14.23000  0.00289      14.82254      42132.44123  
0.59347   14.22000  0.00289      14.82254      43566.53728  
0.59242   14.22000  0.00289      14.82254      43566.53728  
0.59137   14.16000  0.00289      14.82254      52675.11359  
0.58997   14.15000  0.00289      14.82254      54277.20964  
0.58893   14.11000  0.00289      14.82254      60925.59384  
0.58789   14.08000  0.00289      14.82254      66163.88200  
0.58720   14.08000  0.00289      14.82254      66163.88200  
0.58651   14.05000  0.00289      14.82254      71618.17015  
0.58582   14.05000  0.00289      14.82254      71618.17015  
0.58480   14.04000  0.00289      14.82254      73484.26620  
0.58377   13.99000  0.00289      14.82254      83174.74646  
0.58275   13.98000  0.00289      14.82254      85184.84251  
0.58207   13.99000  0.00289      14.82254      83174.74646  
0.58140   13.93000  0.00289      14.82254      95595.32276  
0.58072   13.94000  0.00289      14.82254      93465.22671  
0.58005   13.91000  0.00289      14.82254      99927.51487  
0.57904   13.88000  0.00289      14.82254      106605.80302 
0.57803   13.86000  0.00289      14.82254      111177.99512 
0.57703   13.82000  0.00289      14.82254      120610.37933 
0.57637   13.80000  0.00289      14.82254      125470.57143 
0.57537   13.79000  0.00289      14.82254      127936.66748 
0.57438   13.74000  0.00289      14.82254      140627.14774 
0.57372   13.74000  0.00289      14.82254      140627.14774 
0.57241   13.71000  0.00289      14.82254      148529.43589 
0.57143   13.66000  0.00289      14.82254      162179.91615 
0.57078   13.67000  0.00289      14.82254      159401.82010 
0.57045   13.64000  0.00289      14.82254      167808.10825 
0.56915   13.61000  0.00289      14.82254      176430.39640 
0.56818   13.60000  0.00289      14.82254      179352.49245 
0.56689   13.58000  0.00289      14.82254      185268.68456 
0.56593   13.55000  0.00289      14.82254      194322.97271 
0.56465   13.55000  0.00289      14.82254      194322.97271 
0.56338   13.49000  0.00289      14.82254      213079.54902 
0.56180   13.47000  0.00289      14.82254      219523.74112 
0.56085   13.46000  0.00289      14.82254      222781.83717 
0.55991   13.41000  0.00289      14.82254      239432.31743 
0.55928   13.39000  0.00289      14.82254      246260.50953 
0.55866   13.36000  0.00289      14.82254      256682.79768 
0.55772   13.33000  0.00289      14.82254      267321.08584 
0.55710   13.33000  0.00289      14.82254      267321.08584 
0.55617   13.29000  0.00289      14.82254      281841.47004 
0.55525   13.28000  0.00289      14.82254      285531.56609 
0.55463   13.27000  0.00289      14.82254      289245.66215 
0.55432   13.23000  0.00289      14.82254      304342.04635 
0.55371   13.23000  0.00289      14.82254      304342.04635 
0.55340   13.23000  0.00289      14.82254      304342.04635 
0.55279   13.19000  0.00289      14.82254      319822.43056 
0.55218   13.19000  0.00289      14.82254      319822.43056 
0.55157   13.18000  0.00289      14.82254      323752.52661 
0.55066   13.16000  0.00289      14.82254      331684.71871 
0.54975   13.14000  0.00289      14.82254      339712.91081 
0.54855   13.14000  0.00289      14.82254      339712.91081 
0.54765   13.12000  0.00289      14.82254      347837.10291 
0.54675   13.10000  0.00289      14.82254      356057.29502 
0.54585   13.06000  0.00289      14.82254      372785.67922 
0.54526   13.05000  0.00289      14.82254      377027.77527 
0.54466   12.98000  0.00289      14.82254      407394.44763 
0.54466   12.98000  0.00289      14.82254      407394.44763 
0.54466   13.01000  0.00289      14.82254      394236.15948 
0.54348   12.98000  0.00289      14.82254      407394.44763 
0.54142   12.93000  0.00289      14.82254      429804.92789 
0.54025   12.91000  0.00289      14.82254      438937.11999 
0.53937   12.85000  0.00289      14.82254      466909.69630 
0.53821   12.83000  0.00289      14.82254      476425.88840 
0.53763   12.82000  0.00289      14.82254      481219.98445 
0.53706   12.79000  0.00289      14.82254      495746.27260 
0.53677   12.79000  0.00289      14.82254      495746.27260 
0.53648   12.78000  0.00289      14.82254      500636.36866 
0.53591   12.75000  0.00289      14.82254      515450.65681 
0.53476   12.73000  0.00289      14.82254      525446.84891 
0.53362   12.69000  0.00289      14.82254      545727.23312 
0.53277   12.67000  0.00289      14.82254      556011.42522 
0.53191   12.67000  0.00289      14.82254      556011.42522 
0.53107   12.64000  0.00289      14.82254      571617.71337 
0.52994   12.63000  0.00289      14.82254      576867.80942 
0.52910   12.63000  0.00289      14.82254      576867.80942 
0.52882   12.60000  0.00289      14.82254      592762.09758 
0.52854   12.60000  0.00289      14.82254      592762.09758 
0.52798   12.59000  0.00289      14.82254      598108.19363 
0.52770   12.56000  0.00289      14.82254      614290.48178 
0.52743   12.57000  0.00289      14.82254      608872.38573 
0.52715   12.55000  0.00289      14.82254      619732.57783 
0.52715   12.55000  0.00289      14.82254      619732.57783 
0.52715   12.56000  0.00289      14.82254      614290.48178 
0.52715   12.53000  0.00289      14.82254      630688.76994 
0.52715   12.54000  0.00289      14.82254      625198.67388 
0.52715   12.55000  0.00289      14.82254      619732.57783 
0.52715   12.49000  0.00289      14.82254      652889.15414 
0.52743   12.53000  0.00289      14.82254      630688.76994 
0.52715   12.51000  0.00289      14.82254      641740.96204 
0.52604   12.47000  0.00289      14.82254      664133.34624 
0.52549   12.48000  0.00289      14.82254      658499.25019 
0.52521   12.46000  0.00289      14.82254      669791.44229 
0.52466   12.44000  0.00289      14.82254      681179.63440 
0.52411   12.45000  0.00289      14.82254      675473.53835 
0.52356   12.41000  0.00289      14.82254      698441.92255 
0.52329   12.41000  0.00289      14.82254      698441.92255 
0.52274   12.42000  0.00289      14.82254      692663.82650 
0.52247   12.38000  0.00289      14.82254      715920.21070 
0.52219   12.39000  0.00289      14.82254      710070.11465 
0.52192   12.38000  0.00289      14.82254      715920.21070 
0.52110   12.34000  0.00289      14.82254      739560.59491 
0.52029   12.33000  0.00289      14.82254      745530.69096 
0.51921   12.30000  0.00289      14.82254      763584.97911 
0.51867   12.29000  0.00289      14.82254      769651.07517 
0.51787   12.29000  0.00289      14.82254      769651.07517 
0.51706   12.24000  0.00289      14.82254      800341.55542 
0.51680   12.23000  0.00289      14.82254      806551.65147 
0.51653   12.25000  0.00289      14.82254      794155.45937 
0.51546   12.19000  0.00289      14.82254      831632.03568 
0.51440   12.19000  0.00289      14.82254      831632.03568 
0.51387   12.18000  0.00289      14.82254      837962.13173 
0.51308   12.14000  0.00289      14.82254      863522.51593 
0.51256   12.16000  0.00289      14.82254      850694.32383 
0.51230   12.15000  0.00289      14.82254      857096.41988 
0.51203   12.15000  0.00289      14.82254      857096.41988 
0.51203   12.16000  0.00289      14.82254      850694.32383 
0.51203   12.14000  0.00289      14.82254      863522.51593 
0.51203   12.13000  0.00289      14.82254      869972.61199 
0.51203   12.14000  0.00289      14.82254      863522.51593 
0.51203   12.11000  0.00289      14.82254      882944.80409 
0.51203   12.13000  0.00289      14.82254      869972.61199 
0.51203   12.13000  0.00289      14.82254      869972.61199 
0.51203   12.12000  0.00289      14.82254      876446.70804 
0.51203   12.14000  0.00289      14.82254      863522.51593 
0.51230   12.12000  0.00289      14.82254      876446.70804 
0.51230   12.12000  0.00289      14.82254      876446.70804 
0.51230   12.13000  0.00289      14.82254      869972.61199 
0.51230   12.10000  0.00289      14.82254      889466.90014 
0.51203   12.11000  0.00289      14.82254      882944.80409 
0.51177   12.11000  0.00289      14.82254      882944.80409 
0.51125   12.07000  0.00289      14.82254      909177.18829 
0.51073   12.07000  0.00289      14.82254      909177.18829 
0.51046   12.06000  0.00289      14.82254      915795.28434 
0.50968   12.03000  0.00289      14.82254      935793.57250 
0.50916   12.04000  0.00289      14.82254      929103.47645 
0.50942   12.03000  0.00289      14.82254      935793.57250 
0.50942   12.04000  0.00289      14.82254      929103.47645 
0.50942   12.05000  0.00289      14.82254      922437.38039 
0.50942   12.02000  0.00289      14.82254      942507.66855 
0.50942   12.04000  0.00289      14.82254      929103.47645 
0.50916   12.03000  0.00289      14.82254      935793.57250 
0.50891   12.02000  0.00289      14.82254      942507.66855 
0.50839   12.04000  0.00289      14.82254      929103.47645 
0.50787   12.01000  0.00289      14.82254      949245.76460 
0.50761   12.00000  0.00289      14.82254      956007.86065 
0.50736   12.00000  0.00289      14.82254      956007.86065 
0.50710   11.98000  0.00289      14.82254      969604.05275 
0.50710   11.98000  0.00289      14.82254      969604.05275 
0.50684   12.00000  0.00289      14.82254      956007.86065 
0.50582   11.95000  0.00289      14.82254      990178.34091 
0.50505   11.94000  0.00289      14.82254      997084.43696 
0.50454   11.94000  0.00289      14.82254      997084.43696 
0.50403   11.90000  0.00289      14.82254      1024948.82116
0.50352   11.90000  0.00289      14.82254      1024948.82116
0.50302   11.89000  0.00289      14.82254      1031974.91721
0.50277   11.86000  0.00289      14.82254      1053197.20537
0.50251   11.88000  0.00289      14.82254      1039025.01327
0.50226   11.87000  0.00289      14.82254      1046099.10932
0.50201   11.87000  0.00289      14.82254      1046099.10932
0.50176   11.86000  0.00289      14.82254      1053197.20537
0.50150   11.86000  0.00289      14.82254      1053197.20537
0.50100   11.85000  0.00289      14.82254      1060319.30142
0.50075   11.85000  0.00289      14.82254      1060319.30142
0.50050   11.83000  0.00289      14.82254      1074635.49352
0.50025   11.81000  0.00289      14.82254      1089047.68562
0.49975   11.74000  0.00289      14.82254      1140246.35798
0.49950   11.75000  0.00289      14.82254      1132860.26193
0.49925   11.77000  0.00289      14.82254      1118160.06983
0.49875   11.74000  0.00289      14.82254      1140246.35798
0.49801   11.73000  0.00289      14.82254      1147656.45403
0.49702   11.73000  0.00289      14.82254      1147656.45403
0.49628   11.69000  0.00289      14.82254      1177536.83824
0.49579   11.70000  0.00289      14.82254      1170030.74219
0.49579   11.70000  0.00289      14.82254      1170030.74219
0.49529   11.68000  0.00289      14.82254      1185066.93429
0.49480   11.68000  0.00289      14.82254      1185066.93429
0.49432   11.66000  0.00289      14.82254      1200199.12639
0.49383   11.66000  0.00289      14.82254      1200199.12639
0.49358   11.66000  0.00289      14.82254      1200199.12639
0.49334   11.63000  0.00289      14.82254      1223077.41455
0.49285   11.64000  0.00289      14.82254      1215427.31850
0.49237   11.62000  0.00289      14.82254      1230751.51060
0.49164   11.60000  0.00289      14.82254      1246171.70270
0.49140   11.60000  0.00289      14.82254      1246171.70270
0.49116   11.59000  0.00289      14.82254      1253917.79875
0.49116   11.58000  0.00289      14.82254      1261687.89480
0.49068   11.59000  0.00289      14.82254      1253917.79875
0.48948   11.56000  0.00289      14.82254      1277300.08691
0.48852   11.53000  0.00289      14.82254      1300898.37506
0.48852   11.54000  0.00289      14.82254      1293008.27901
0.48852   11.52000  0.00289      14.82254      1308812.47111
0.48852   11.52000  0.00289      14.82254      1308812.47111
0.48852   11.53000  0.00289      14.82254      1300898.37506
0.48828   11.51000  0.00289      14.82254      1316750.56716
0.48828   11.52000  0.00289      14.82254      1308812.47111
0.48757   11.51000  0.00289      14.82254      1316750.56716
0.48662   11.48000  0.00289      14.82254      1340708.85531
0.48567   11.47000  0.00289      14.82254      1348742.95137
0.48497   11.45000  0.00289      14.82254      1364883.14347
0.48450   11.43000  0.00289      14.82254      1381119.33557
0.48403   11.44000  0.00289      14.82254      1372989.23952
0.48379   11.39000  0.00289      14.82254      1413879.71978
0.48356   11.39000  0.00289      14.82254      1413879.71978
0.48356   11.40000  0.00289      14.82254      1405653.62372
0.48333   11.38000  0.00289      14.82254      1422129.81583
0.48333   11.41000  0.00289      14.82254      1397451.52767
0.48356   11.40000  0.00289      14.82254      1405653.62372
0.48356   11.38000  0.00289      14.82254      1422129.81583
0.48356   11.40000  0.00289      14.82254      1405653.62372
0.48356   11.39000  0.00289      14.82254      1413879.71978
0.48286   11.39000  0.00289      14.82254      1413879.71978
0.48146   11.37000  0.00289      14.82254      1430403.91188
0.47962   11.32000  0.00289      14.82254      1472134.39213
0.47824   11.29000  0.00289      14.82254      1497460.68029
0.47710   11.28000  0.00289      14.82254      1505950.77634
0.47619   11.25000  0.00289      14.82254      1531565.06449
0.47551   11.26000  0.00289      14.82254      1523002.96844
0.47483   11.24000  0.00289      14.82254      1540151.16054
0.47416   11.23000  0.00289      14.82254      1548761.25660
0.47371   11.22000  0.00289      14.82254      1557395.35265
0.47371   11.19000  0.00289      14.82254      1583441.64080
0.47348   11.18000  0.00289      14.82254      1592171.73685
0.47326   11.20000  0.00289      14.82254      1574735.54475
0.47259   11.16000  0.00289      14.82254      1609703.92895
0.47192   11.14000  0.00289      14.82254      1627332.12106
0.47103   11.13000  0.00289      14.82254      1636182.21711
0.47037   11.10000  0.00289      14.82254      1662876.50526
0.46970   11.10000  0.00289      14.82254      1662876.50526
0.46926   11.08000  0.00289      14.82254      1680792.69736
0.46882   11.07000  0.00289      14.82254      1689786.79342
0.46838   11.07000  0.00289      14.82254      1689786.79342
0.46795   11.04000  0.00289      14.82254      1716913.08157
0.46773   11.02000  0.00289      14.82254      1735117.27367
0.46751   11.03000  0.00289      14.82254      1726003.17762
0.46729   11.01000  0.00289      14.82254      1744255.36972
0.46729   11.01000  0.00289      14.82254      1744255.36972
0.46685   11.00000  0.00289      14.82254      1753417.46577
0.46664   10.98000  0.00289      14.82254      1771813.65788
0.46642   10.99000  0.00289      14.82254      1762603.56183
0.46620   10.98000  0.00289      14.82254      1771813.65788
0.46598   10.97000  0.00289      14.82254      1781047.75393
0.46577   10.98000  0.00289      14.82254      1771813.65788
0.46577   10.95000  0.00289      14.82254      1799587.94603
0.46577   10.95000  0.00289      14.82254      1799587.94603
0.46533   10.96000  0.00289      14.82254      1790305.84998
0.46490   10.93000  0.00289      14.82254      1818224.13813
0.46447   10.93000  0.00289      14.82254      1818224.13813
0.46404   10.92000  0.00289      14.82254      1827578.23418
0.46339   10.90000  0.00289      14.82254      1846358.42629
0.46296   10.90000  0.00289      14.82254      1846358.42629
0.46275   10.88000  0.00289      14.82254      1865234.61839
0.46232   10.85000  0.00289      14.82254      1893728.90654
0.46189   10.85000  0.00289      14.82254      1893728.90654
0.46125   10.83000  0.00289      14.82254      1912845.09864
0.46062   10.82000  0.00289      14.82254      1922439.19470
0.45998   10.82000  0.00289      14.82254      1922439.19470
0.45935   10.80000  0.00289      14.82254      1941699.38680
0.45851   10.79000  0.00289      14.82254      1951365.48285
0.45767   10.78000  0.00289      14.82254      1961055.57890
0.45683   10.76000  0.00289      14.82254      1980507.77100
0.45620   10.76000  0.00289      14.82254      1980507.77100
0.45558   10.73000  0.00289      14.82254      2009866.05916
0.45517   10.72000  0.00289      14.82254      2019700.15521
0.45496   10.73000  0.00289      14.82254      2009866.05916
0.45455   10.70000  0.00289      14.82254      2039440.34731
0.45393   10.69000  0.00289      14.82254      2049346.44336
0.45310   10.69000  0.00289      14.82254      2049346.44336
0.45228   10.67000  0.00289      14.82254      2069230.63546
0.45147   10.67000  0.00289      14.82254      2069230.63546
0.45025   10.62000  0.00289      14.82254      2119361.11572
0.44944   10.61000  0.00289      14.82254      2129459.21177
0.44883   10.60000  0.00289      14.82254      2139581.30782
0.44823   10.57000  0.00289      14.82254      2170091.59598
0.44763   10.54000  0.00289      14.82254      2200817.88413
0.44723   10.51000  0.00289      14.82254      2231760.17228
0.44663   10.46000  0.00289      14.82254      2283810.65254
0.44603   10.48000  0.00289      14.82254      2262918.46044
0.44563   10.48000  0.00289      14.82254      2262918.46044
0.44504   10.45000  0.00289      14.82254      2294292.74859
0.44425   10.44000  0.00289      14.82254      2304798.84464
0.44366   10.43000  0.00289      14.82254      2315328.94069
0.44326   10.41000  0.00289      14.82254      2336461.13280
0.44307   10.41000  0.00289      14.82254      2336461.13280
0.44267   10.39000  0.00289      14.82254      2357689.32490
0.44150   10.37000  0.00289      14.82254      2379013.51700
0.44033   10.35000  0.00289      14.82254      2400433.70910
0.43956   10.33000  0.00289      14.82254      2421949.90121
0.43879   10.33000  0.00289      14.82254      2421949.90121
0.43821   10.32000  0.00289      14.82254      2432743.99726
0.43764   10.29000  0.00289      14.82254      2465270.28541
0.43725   10.28000  0.00289      14.82254      2476160.38146
0.43725   10.29000  0.00289      14.82254      2465270.28541
0.43725   10.28000  0.00289      14.82254      2476160.38146
0.43706   10.28000  0.00289      14.82254      2476160.38146
0.43668   10.26000  0.00289      14.82254      2498012.57356
0.43630   10.26000  0.00289      14.82254      2498012.57356
0.43592   10.26000  0.00289      14.82254      2498012.57356
0.43554   10.24000  0.00289      14.82254      2519960.76567
0.43535   10.24000  0.00289      14.82254      2519960.76567
0.43497   10.23000  0.00289      14.82254      2530970.86172
0.43422   10.21000  0.00289      14.82254      2553063.05382
0.43403   10.21000  0.00289      14.82254      2553063.05382
0.43365   10.19000  0.00289      14.82254      2575251.24592
0.43253   10.17000  0.00289      14.82254      2597535.43803
0.43197   10.16000  0.00289      14.82254      2608713.53408
0.43159   10.13000  0.00289      14.82254      2642391.82223
0.43085   10.12000  0.00289      14.82254      2653665.91828
0.43048   10.12000  0.00289      14.82254      2653665.91828
0.43029   10.09000  0.00289      14.82254      2687632.20644
0.42992   10.09000  0.00289      14.82254      2687632.20644
0.42955   10.09000  0.00289      14.82254      2687632.20644
0.42918   10.07000  0.00289      14.82254      2710396.39854
0.42863   10.06000  0.00289      14.82254      2721814.49459
0.42827   10.05000  0.00289      14.82254      2733256.59064
0.42808   10.03000  0.00289      14.82254      2756212.78274
0.42772   10.03000  0.00289      14.82254      2756212.78274
0.42735   10.01000  0.00289      14.82254      2779264.97485
0.42699   10.00000  0.00289      14.82254      2790827.07090
0.42662   10.01000  0.00289      14.82254      2779264.97485
0.42644   9.98000   0.00289      14.82254      2814023.26300
0.42608   9.99000   0.00289      14.82254      2802413.16695
0.42589   9.99000   0.00289      14.82254      2802413.16695
0.42553   9.96000   0.00289      14.82254      2837315.45510
0.42517   9.95000   0.00289      14.82254      2848997.55115
0.42445   9.92000   0.00289      14.82254      2884187.83931
0.42337   9.91000   0.00289      14.82254      2895965.93536
0.42283   9.91000   0.00289      14.82254      2895965.93536
0.42230   9.88000   0.00289      14.82254      2931444.22351
0.42176   9.87000   0.00289      14.82254      2943318.31956
0.42123   9.87000   0.00289      14.82254      2943318.31956
0.42070   9.85000   0.00289      14.82254      2967138.51166
0.42034   9.85000   0.00289      14.82254      2967138.51166
0.41999   9.85000   0.00289      14.82254      2967138.51166
0.41964   9.84000   0.00289      14.82254      2979084.60772
0.41929   9.84000   0.00289      14.82254      2979084.60772
0.41876   9.81000   0.00289      14.82254      3015066.89587
0.41841   9.81000   0.00289      14.82254      3015066.89587
0.41806   9.81000   0.00289      14.82254      3015066.89587
0.41789   9.78000   0.00289      14.82254      3051265.18402
0.41771   9.79000   0.00289      14.82254      3039175.08797
0.41771   9.78000   0.00289      14.82254      3051265.18402
0.41771   9.77000   0.00289      14.82254      3063379.28007
0.41771   9.77000   0.00289      14.82254      3063379.28007
0.41719   9.77000   0.00289      14.82254      3063379.28007
0.41632   9.74000   0.00289      14.82254      3099865.56823
0.41528   9.72000   0.00289      14.82254      3124309.76033
0.41442   9.69000   0.00289      14.82254      3161156.04848
0.41408   9.68000   0.00289      14.82254      3173486.14454
0.41356   9.68000   0.00289      14.82254      3173486.14454
0.41288   9.64000   0.00289      14.82254      3223046.52874
0.41220   9.64000   0.00289      14.82254      3223046.52874
0.41152   9.63000   0.00289      14.82254      3235496.62479
0.41118   9.60000   0.00289      14.82254      3272990.91295
0.41068   9.60000   0.00289      14.82254      3272990.91295
0.41051   9.59000   0.00289      14.82254      3285537.00900
0.41017   9.56000   0.00289      14.82254      3323319.29715
0.40984   9.56000   0.00289      14.82254      3323319.29715
0.40950   9.55000   0.00289      14.82254      3335961.39320
0.40933   9.55000   0.00289      14.82254      3335961.39320
0.40883   9.55000   0.00289      14.82254      3335961.39320
0.40833   9.52000   0.00289      14.82254      3374031.68136
0.40800   9.52000   0.00289      14.82254      3374031.68136
0.40750   9.52000   0.00289      14.82254      3374031.68136
0.40717   9.49000   0.00289      14.82254      3412317.96951
0.40700   9.50000   0.00289      14.82254      3399531.87346
0.40634   9.48000   0.00289      14.82254      3425128.06556
0.40584   9.46000   0.00289      14.82254      3450820.25766
0.40552   9.46000   0.00289      14.82254      3450820.25766
0.40519   9.44000   0.00289      14.82254      3476608.44977
0.40453   9.44000   0.00289      14.82254      3476608.44977
0.40420   9.44000   0.00289      14.82254      3476608.44977
0.40371   9.41000   0.00289      14.82254      3515470.73792
0.40306   9.41000   0.00289      14.82254      3515470.73792
0.40258   9.40000   0.00289      14.82254      3528472.83397
0.40193   9.39000   0.00289      14.82254      3541498.93002
0.40145   9.38000   0.00289      14.82254      3554549.02607
0.40096   9.39000   0.00289      14.82254      3541498.93002
0.40064   9.38000   0.00289      14.82254      3554549.02607
0.40016   9.37000   0.00289      14.82254      3567623.12212
0.39968   9.37000   0.00289      14.82254      3567623.12212
0.39936   9.35000   0.00289      14.82254      3593843.31423
0.39872   9.35000   0.00289      14.82254      3593843.31423
0.39841   9.33000   0.00289      14.82254      3620159.50633
0.39809   9.32000   0.00289      14.82254      3633353.60238
0.39777   9.28000   0.00289      14.82254      3686369.98658
0.39746   9.27000   0.00289      14.82254      3699684.08264
0.39667   9.26000   0.00289      14.82254      3713022.17869
0.39541   9.24000   0.00289      14.82254      3739770.37079
0.39463   9.23000   0.00289      14.82254      3753180.46684
0.39401   9.21000   0.00289      14.82254      3780072.65894
0.39355   9.19000   0.00289      14.82254      3807060.85105
0.39308   9.18000   0.00289      14.82254      3820590.94710
0.39277   9.19000   0.00289      14.82254      3807060.85105
0.39246   9.16000   0.00289      14.82254      3847723.13920
0.39216   9.15000   0.00289      14.82254      3861325.23525
0.39170   9.14000   0.00289      14.82254      3874951.33130
0.39124   9.13000   0.00289      14.82254      3888601.42735
0.39093   9.12000   0.00289      14.82254      3902275.52340
0.39047   9.11000   0.00289      14.82254      3915973.61946
0.38971   9.09000   0.00289      14.82254      3943441.81156
0.38926   9.09000   0.00289      14.82254      3943441.81156
0.38895   9.06000   0.00289      14.82254      3984824.09971
0.38820   9.05000   0.00289      14.82254      3998666.19576
0.38745   9.04000   0.00289      14.82254      4012532.29181
0.38700   9.01000   0.00289      14.82254      4054274.57997

Gradi di liberta = 935
Chi-quadro = 1273278210.5699048
p-value = 0.0

Media pesata = 14.822540021344718 +/- 9.430605579375e-05

