0.1 0.00104211 1.50491e-05 0.00105716 0.00102706
0.2 0.00104159 1.50491e-05 0.00105664 0.00102654
0.3 0.00104181 1.50598e-05 0.00105686 0.00102675
0.4 0.00104202 1.50705e-05 0.00105709 0.00102695
0.5 0.0010415 1.50705e-05 0.00105657 0.00102643
0.6 0.00104098 1.50705e-05 0.00105605 0.00102591
0.7 0.00104172 1.50811e-05 0.0010568 0.00102664
0.8 0.00104172 1.50811e-05 0.0010568 0.00102664
0.9 0.0010412 1.50811e-05 0.00105628 0.00102611
1 0.00104193 1.50918e-05 0.00105703 0.00102684
1.1 0.00104193 1.50918e-05 0.00105703 0.00102684
1.2 0.00104215 1.51025e-05 0.00105725 0.00102705
1.3 0.00104163 1.51025e-05 0.00105673 0.00102652
1.4 0.00104236 1.51132e-05 0.00105748 0.00102725
1.5 0.00104184 1.51132e-05 0.00105695 0.00102673
1.6 0.00104205 1.51239e-05 0.00105718 0.00102693
1.7 0.00104205 1.51239e-05 0.00105718 0.00102693
1.8 0.00104227 1.51346e-05 0.0010574 0.00102713
1.9 0.00104248 1.51453e-05 0.00105762 0.00102733
2 0.00104195 1.51453e-05 0.0010571 0.00102681
2.1 0.00104216 1.5156e-05 0.00105732 0.00102701
2.2 0.00104164 1.5156e-05 0.0010568 0.00102648
2.3 0.00104164 1.5156e-05 0.0010568 0.00102648
2.4 0.00104185 1.51667e-05 0.00105702 0.00102668
2.5 0.00104206 1.51774e-05 0.00105724 0.00102688
2.6 0.00104174 1.51881e-05 0.00105693 0.00102655
2.7 0.00104195 1.51988e-05 0.00105715 0.00102675
2.8 0.00104163 1.52095e-05 0.00105684 0.00102642
2.9 0.00104183 1.52202e-05 0.00105705 0.00102661
3 0.00104204 1.52309e-05 0.00105727 0.00102681
3.1 0.00104171 1.52416e-05 0.00105695 0.00102647
3.2 0.00104191 1.52523e-05 0.00105717 0.00102666
3.3 0.00104159 1.5263e-05 0.00105685 0.00102633
3.4 0.00104126 1.52737e-05 0.00105653 0.00102599
3.5 0.00104093 1.52844e-05 0.00105621 0.00102565
3.6 0.00104113 1.52951e-05 0.00105642 0.00102583
3.7 0.00104133 1.53058e-05 0.00105663 0.00102602
3.8 0.0010408 1.53058e-05 0.0010561 0.00102549
3.9 0.00104099 1.53165e-05 0.00105631 0.00102568
4 0.00104046 1.53165e-05 0.00105578 0.00102515
4.1 0.00104066 1.53272e-05 0.00105599 0.00102533
4.2 0.00104066 1.53272e-05 0.00105599 0.00102533
4.3 0.00104085 1.53378e-05 0.00105619 0.00102552
4.4 0.00104032 1.53378e-05 0.00105566 0.00102498
4.5 0.00104055 1.5349e-05 0.0010559 0.0010252
4.6 0.00104074 1.53597e-05 0.0010561 0.00102538
4.7 0.00103968 1.53597e-05 0.00105504 0.00102432
4.8 0.00103987 1.53704e-05 0.00105524 0.0010245
4.9 0.00103953 1.53811e-05 0.00105491 0.00102415
5 0.00104025 1.53918e-05 0.00105564 0.00102486
5.1 0.00103972 1.53918e-05 0.00105511 0.00102432
5.2 0.00103991 1.54025e-05 0.00105531 0.0010245
5.3 0.00103991 1.54025e-05 0.00105531 0.0010245
5.4 0.00104009 1.54132e-05 0.00105551 0.00102468
5.5 0.00104028 1.54239e-05 0.0010557 0.00102486
5.6 0.00103975 1.54239e-05 0.00105517 0.00102432
5.7 0.00103993 1.54346e-05 0.00105537 0.0010245
5.8 0.00104065 1.54453e-05 0.0010561 0.00102521
5.9 0.00104012 1.54453e-05 0.00105556 0.00102467
6 0.0010403 1.5456e-05 0.00105576 0.00102485
6.1 0.00104049 1.54667e-05 0.00105595 0.00102502
6.2 0.00103995 1.54667e-05 0.00105542 0.00102449
6.3 0.00104013 1.54774e-05 0.00105561 0.00102466
6.4 0.00104032 1.54881e-05 0.00105581 0.00102483
6.5 0.0010405 1.54988e-05 0.001056 0.001025
6.6 0.00104068 1.55095e-05 0.00105619 0.00102517
6.7 0.00104086 1.55202e-05 0.00105638 0.00102534
6.8 0.00103978 1.55202e-05 0.0010553 0.00102426
6.9 0.00103996 1.55309e-05 0.00105549 0.00102443
7 0.0010396 1.55416e-05 0.00105514 0.00102406
7.1 0.00103996 1.55629e-05 0.00105552 0.00102439
7.2 0.00103996 1.55629e-05 0.00105552 0.00102439
7.3 0.00104013 1.55736e-05 0.0010557 0.00102456
7.4 0.00104031 1.55843e-05 0.00105589 0.00102472
7.5 0.00104048 1.5595e-05 0.00105607 0.00102488
7.6 0.00103957 1.56057e-05 0.00105518 0.00102396
7.7 0.00103977 1.56169e-05 0.00105539 0.00102416
7.8 0.00103869 1.56169e-05 0.00105431 0.00102308
7.9 0.00103886 1.56276e-05 0.00105449 0.00102324
8 0.00103903 1.56383e-05 0.00105467 0.00102339
8.1 0.00103866 1.5649e-05 0.00105431 0.00102301
8.2 0.00103883 1.56597e-05 0.00105449 0.00102317
8.3 0.00103883 1.56597e-05 0.00105449 0.00102317
8.4 0.00103899 1.56704e-05 0.00105466 0.00102332
8.5 0.00103845 1.56704e-05 0.00105412 0.00102278
8.6 0.00103932 1.56918e-05 0.00105502 0.00102363
8.7 0.00103878 1.56918e-05 0.00105447 0.00102309
8.8 0.0010384 1.57025e-05 0.0010541 0.0010227
8.9 0.00103856 1.57132e-05 0.00105428 0.00102285
9 0.00103856 1.57132e-05 0.00105428 0.00102285
9.1 0.00103802 1.57132e-05 0.00105373 0.00102231
9.2 0.00103873 1.57239e-05 0.00105445 0.001023
9.3 0.00103818 1.57239e-05 0.00105391 0.00102246
9.4 0.00103818 1.57239e-05 0.00105391 0.00102246
9.5 0.00103764 1.57239e-05 0.00105336 0.00102191
9.6 0.00103834 1.57346e-05 0.00105408 0.00102261
9.7 0.00103796 1.57453e-05 0.0010537 0.00102221
9.8 0.00103796 1.57453e-05 0.0010537 0.00102221
9.9 0.00103866 1.5756e-05 0.00105442 0.00102291
10 0.00103812 1.5756e-05 0.00105387 0.00102236
10.1 0.00103812 1.5756e-05 0.00105387 0.00102236
10.2 0.00103828 1.57667e-05 0.00105404 0.00102251
10.3 0.00103843 1.57774e-05 0.00105421 0.00102266
10.4 0.00103789 1.57774e-05 0.00105366 0.00102211
10.5 0.00103859 1.57881e-05 0.00105438 0.0010228
10.6 0.00103859 1.57881e-05 0.00105438 0.0010228
10.7 0.00103878 1.57993e-05 0.00105458 0.00102298
10.8 0.00103823 1.57993e-05 0.00105403 0.00102243
10.9 0.00103839 1.581e-05 0.0010542 0.00102258
11 0.00103909 1.58207e-05 0.00105491 0.00102327
11.1 0.00103854 1.58207e-05 0.00105436 0.00102272
11.2 0.0010387 1.58313e-05 0.00105453 0.00102286
11.3 0.0010376 1.58313e-05 0.00105343 0.00102177
11.4 0.0010383 1.5842e-05 0.00105414 0.00102246
11.5 0.0010383 1.5842e-05 0.00105414 0.00102246
11.6 0.00103845 1.58527e-05 0.0010543 0.0010226
11.7 0.00103845 1.58527e-05 0.0010543 0.0010226
11.8 0.0010386 1.58634e-05 0.00105447 0.00102274
11.9 0.00103805 1.58634e-05 0.00105392 0.00102219
12 0.00103879 1.58746e-05 0.00105466 0.00102291
12.1 0.00103824 1.58746e-05 0.00105411 0.00102236
12.2 0.00103824 1.58746e-05 0.00105411 0.00102236
12.3 0.00103839 1.58853e-05 0.00105427 0.0010225
12.4 0.00103853 1.5896e-05 0.00105443 0.00102264
12.5 0.00103868 1.59067e-05 0.00105459 0.00102278
12.6 0.00103813 1.59067e-05 0.00105404 0.00102222
12.7 0.00103813 1.59067e-05 0.00105404 0.00102222
12.8 0.00103813 1.59067e-05 0.00105404 0.00102222
12.9 0.00103813 1.59067e-05 0.00105404 0.00102222
13 0.00103813 1.59067e-05 0.00105404 0.00102222
13.1 0.00103828 1.59174e-05 0.0010542 0.00102236
13.2 0.00103802 1.59388e-05 0.00105396 0.00102208
13.3 0.00103816 1.59495e-05 0.00105411 0.00102221
13.4 0.0010383 1.59602e-05 0.00105426 0.00102234
13.5 0.00103789 1.59709e-05 0.00105386 0.00102192
13.6 0.00103734 1.59709e-05 0.00105331 0.00102137
13.7 0.00103748 1.59816e-05 0.00105346 0.0010215
13.8 0.00103748 1.59816e-05 0.00105346 0.0010215
13.9 0.00103748 1.59816e-05 0.00105346 0.0010215
14 0.00103693 1.59816e-05 0.00105291 0.00102095
14.1 0.00103696 1.59821e-05 0.00105294 0.00102098
14.2 0.00103696 1.59821e-05 0.00105294 0.00102098
14.3 0.00103641 1.59821e-05 0.00105239 0.00102043
14.4 0.00103655 1.59928e-05 0.00105254 0.00102055
14.5 0.00103669 1.60035e-05 0.00105269 0.00102068
14.6 0.00103613 1.60035e-05 0.00105214 0.00102013
14.7 0.00103682 1.60142e-05 0.00105284 0.00102081
14.8 0.00103641 1.60249e-05 0.00105243 0.00102038
14.9 0.00103654 1.60356e-05 0.00105258 0.00102051
15 0.00103599 1.60356e-05 0.00105202 0.00101995
15.1 0.00103681 1.6057e-05 0.00105287 0.00102076
15.2 0.00103626 1.6057e-05 0.00105231 0.0010202
15.3 0.0010357 1.6057e-05 0.00105176 0.00101964
15.4 0.00103583 1.60677e-05 0.0010519 0.00101977
15.5 0.00103583 1.60677e-05 0.0010519 0.00101977
15.6 0.00103541 1.60784e-05 0.00105149 0.00101933
15.7 0.00103554 1.60891e-05 0.00105163 0.00101945
15.8 0.00103554 1.60891e-05 0.00105163 0.00101945
15.9 0.00103567 1.60998e-05 0.00105177 0.00101957
16 0.00103567 1.60998e-05 0.00105177 0.00101957
16.1 0.0010358 1.61105e-05 0.00105191 0.00101969
16.2 0.00103537 1.61212e-05 0.00105149 0.00101925
16.3 0.00103678 1.61431e-05 0.00105292 0.00102064
16.4 0.00103566 1.61431e-05 0.0010518 0.00101952
16.5 0.00103635 1.61538e-05 0.0010525 0.00102019
16.6 0.00103579 1.61538e-05 0.00105194 0.00101963
16.7 0.00103647 1.61645e-05 0.00105264 0.00102031
16.8 0.00103591 1.61645e-05 0.00105208 0.00101975
16.9 0.00103604 1.61752e-05 0.00105221 0.00101986
17 0.00103616 1.61859e-05 0.00105235 0.00101998
17.1 0.00103629 1.61966e-05 0.00105248 0.00102009
17.2 0.00103641 1.62073e-05 0.00105262 0.0010202
17.3 0.00103653 1.6218e-05 0.00105275 0.00102032
17.4 0.00103669 1.62292e-05 0.00105292 0.00102046
17.5 0.00103625 1.62399e-05 0.00105249 0.00102001
17.6 0.00103637 1.62506e-05 0.00105262 0.00102011
17.7 0.00103648 1.62613e-05 0.00105275 0.00102022
17.8 0.00103592 1.62613e-05 0.00105218 0.00101966
17.9 0.00103604 1.6272e-05 0.00105231 0.00101977
18 0.00103672 1.62827e-05 0.001053 0.00102044
18.1 0.00103627 1.62934e-05 0.00105257 0.00101998
18.2 0.0010365 1.63148e-05 0.00105282 0.00102019
18.3 0.00103616 1.63362e-05 0.0010525 0.00101983
18.4 0.00103628 1.63469e-05 0.00105262 0.00101993
18.5 0.00103639 1.63575e-05 0.00105275 0.00102003
18.6 0.0010365 1.63682e-05 0.00105287 0.00102013
18.7 0.00103593 1.63682e-05 0.0010523 0.00101956
18.8 0.00103604 1.63789e-05 0.00105242 0.00101966
18.9 0.00103615 1.63896e-05 0.00105254 0.00101976
19 0.00103626 1.64003e-05 0.00105266 0.00101986
19.1 0.0010358 1.6411e-05 0.00105221 0.00101939
19.2 0.00103523 1.6411e-05 0.00105164 0.00101882
19.3 0.00103534 1.64217e-05 0.00105176 0.00101891
19.4 0.00103487 1.64324e-05 0.0010513 0.00101844
19.5 0.00103565 1.64538e-05 0.0010521 0.0010192
19.6 0.00103528 1.64752e-05 0.00105176 0.00101881
19.7 0.00103481 1.64859e-05 0.0010513 0.00101833
19.8 0.00103505 1.65078e-05 0.00105155 0.00101854
19.9 0.00103524 1.65292e-05 0.00105177 0.00101871
20 0.00103477 1.65399e-05 0.00105131 0.00101823
20.1 0.00103544 1.65506e-05 0.00105199 0.00101888
20.2 0.00103486 1.65506e-05 0.00105141 0.00101831
20.3 0.00103553 1.65613e-05 0.00105209 0.00101897
20.4 0.00103496 1.65613e-05 0.00105152 0.0010184
20.5 0.00103496 1.65613e-05 0.00105152 0.0010184
20.6 0.00103505 1.6572e-05 0.00105162 0.00101848
20.7 0.00103515 1.65827e-05 0.00105173 0.00101856
20.8 0.00103515 1.65827e-05 0.00105173 0.00101856
20.9 0.00103515 1.65827e-05 0.00105173 0.00101856
21 0.00103466 1.65934e-05 0.00105126 0.00101807
21.1 0.00103542 1.66148e-05 0.00105204 0.00101881
21.2 0.00103551 1.66255e-05 0.00105214 0.00101889
21.3 0.0010356 1.66362e-05 0.00105224 0.00101897
21.4 0.00103569 1.66469e-05 0.00105234 0.00101905
21.5 0.00103454 1.66469e-05 0.00105119 0.00101789
21.6 0.0010352 1.66576e-05 0.00105186 0.00101855
21.7 0.00103463 1.66576e-05 0.00105128 0.00101797
21.8 0.00103471 1.66683e-05 0.00105138 0.00101805
21.9 0.00103489 1.66897e-05 0.00105158 0.0010182
22 0.00103439 1.67004e-05 0.00105109 0.00101769
22.1 0.00103514 1.67218e-05 0.00105186 0.00101842
22.2 0.00103456 1.67218e-05 0.00105128 0.00101784
22.3 0.00103464 1.67325e-05 0.00105137 0.00101791
22.4 0.00103414 1.67432e-05 0.00105089 0.0010174
22.5 0.00103422 1.67539e-05 0.00105098 0.00101747
22.6 0.00103438 1.67753e-05 0.00105116 0.00101761
22.7 0.00103446 1.6786e-05 0.00105125 0.00101767
22.8 0.00103461 1.68074e-05 0.00105142 0.00101781
22.9 0.00103414 1.68186e-05 0.00105096 0.00101732
23 0.00103363 1.68293e-05 0.00105046 0.0010168
23.1 0.00103378 1.68507e-05 0.00105063 0.00101693
23.2 0.00103327 1.68614e-05 0.00105013 0.00101641
23.3 0.00103341 1.68828e-05 0.00105029 0.00101653
23.4 0.00103355 1.69042e-05 0.00105045 0.00101664
23.5 0.00103362 1.69149e-05 0.00105053 0.0010167
23.6 0.0010331 1.69256e-05 0.00105002 0.00101617
23.7 0.00103316 1.69363e-05 0.0010501 0.00101623
23.8 0.00103316 1.69363e-05 0.0010501 0.00101623
23.9 0.00103323 1.6947e-05 0.00105018 0.00101628
24 0.00103264 1.6947e-05 0.00104959 0.00101569
24.1 0.00103271 1.69577e-05 0.00104966 0.00101575
24.2 0.00103277 1.69684e-05 0.00104974 0.0010158
24.3 0.00103283 1.69791e-05 0.00104981 0.00101585
24.4 0.00103355 1.70005e-05 0.00105055 0.00101655
24.5 0.00103302 1.70112e-05 0.00105003 0.00101601
24.6 0.00103373 1.70326e-05 0.00105076 0.00101669
24.7 0.00103379 1.70433e-05 0.00105083 0.00101674
24.8 0.00103384 1.7054e-05 0.0010509 0.00101679
24.9 0.00103266 1.7054e-05 0.00104972 0.00101561
25 0.00103272 1.70647e-05 0.00104978 0.00101565
25.1 0.00103337 1.70754e-05 0.00105044 0.00101629
25.2 0.00103345 1.70866e-05 0.00105054 0.00101637
25.3 0.00103286 1.70866e-05 0.00104995 0.00101578
25.4 0.00103292 1.70973e-05 0.00105001 0.00101582
25.5 0.00103238 1.7108e-05 0.00104949 0.00101527
25.6 0.00103313 1.71401e-05 0.00105027 0.00101599
25.7 0.00103323 1.71615e-05 0.00105039 0.00101607
25.8 0.00103333 1.71829e-05 0.00105051 0.00101614
25.9 0.00103273 1.71829e-05 0.00104991 0.00101555
26 0.00103278 1.71936e-05 0.00104997 0.00101558
26.1 0.00103283 1.72043e-05 0.00105003 0.00101562
26.2 0.00103283 1.72043e-05 0.00105003 0.00101562
26.3 0.00103223 1.72043e-05 0.00104943 0.00101502
26.4 0.00103223 1.72043e-05 0.00104943 0.00101502
26.5 0.00103287 1.7215e-05 0.00105009 0.00101566
26.6 0.00103163 1.72043e-05 0.00104884 0.00101443
26.7 0.00103223 1.72043e-05 0.00104943 0.00101502
26.8 0.00103163 1.72043e-05 0.00104884 0.00101443
26.9 0.00103227 1.7215e-05 0.00104949 0.00101506
27 0.00103232 1.72257e-05 0.00104955 0.00101509
27.1 0.00103172 1.72257e-05 0.00104895 0.0010145
27.2 0.00103177 1.72364e-05 0.001049 0.00101453
27.3 0.00103241 1.72471e-05 0.00104965 0.00101516
27.4 0.00103181 1.72471e-05 0.00104906 0.00101456
27.5 0.00103185 1.72578e-05 0.00104911 0.00101459
27.6 0.00103189 1.72685e-05 0.00104916 0.00101462
27.7 0.0010313 1.72685e-05 0.00104856 0.00101403
27.8 0.00103134 1.72792e-05 0.00104861 0.00101406
27.9 0.00103078 1.72899e-05 0.00104807 0.00101349
28 0.00103141 1.73006e-05 0.00104871 0.00101411
28.1 0.00103081 1.73006e-05 0.00104812 0.00101351
28.2 0.00103085 1.73113e-05 0.00104816 0.00101354
28.3 0.00103093 1.73327e-05 0.00104826 0.00101359
28.4 0.00103096 1.73434e-05 0.00104831 0.00101362
28.5 0.001031 1.73541e-05 0.00104835 0.00101364
28.6 0.00103106 1.73755e-05 0.00104844 0.00101369
28.7 0.0010311 1.73862e-05 0.00104848 0.00101371
28.8 0.00103116 1.73975e-05 0.00104856 0.00101376
28.9 0.00103119 1.74082e-05 0.0010486 0.00101378
29 0.00103183 1.74189e-05 0.00104924 0.00101441
29.1 0.00103186 1.74296e-05 0.00104929 0.00101443
29.2 0.00103189 1.74403e-05 0.00104933 0.00101444
29.3 0.00103191 1.7451e-05 0.00104936 0.00101446
29.4 0.00103194 1.74617e-05 0.0010494 0.00101448
29.5 0.00103134 1.74617e-05 0.0010488 0.00101387
29.6 0.00103197 1.74724e-05 0.00104944 0.0010145
29.7 0.00103199 1.74831e-05 0.00104948 0.00101451
29.8 0.00103202 1.74938e-05 0.00104951 0.00101453
29.9 0.00103205 1.75045e-05 0.00104955 0.00101454
30 0.00103144 1.75045e-05 0.00104894 0.00101393
30.1 0.00103146 1.75152e-05 0.00104898 0.00101395
30.2 0.00103086 1.75152e-05 0.00104837 0.00101334
30.3 0.00103149 1.75259e-05 0.00104901 0.00101396
30.4 0.0010309 1.75366e-05 0.00104844 0.00101336
30.5 0.00103153 1.75473e-05 0.00104908 0.00101398
30.6 0.00103092 1.75473e-05 0.00104847 0.00101337
30.7 0.00103092 1.75473e-05 0.00104847 0.00101337
30.8 0.00103092 1.75473e-05 0.00104847 0.00101337
30.9 0.00103094 1.7558e-05 0.0010485 0.00101338
31 0.00103094 1.7558e-05 0.0010485 0.00101338
31.1 0.00103096 1.75687e-05 0.00104853 0.00101339
31.2 0.00103098 1.75794e-05 0.00104856 0.0010134
31.3 0.001031 1.75901e-05 0.00104859 0.00101341
31.4 0.00103164 1.76115e-05 0.00104925 0.00101403
31.5 0.00103105 1.76222e-05 0.00104867 0.00101343
31.6 0.00103106 1.76329e-05 0.0010487 0.00101343
31.7 0.00103108 1.76436e-05 0.00104872 0.00101343
31.8 0.00103047 1.76436e-05 0.00104811 0.00101282
31.9 0.00103048 1.76542e-05 0.00104813 0.00101283
32 0.00102988 1.76649e-05 0.00104755 0.00101222
32.1 0.00102989 1.76756e-05 0.00104757 0.00101222
32.2 0.00102994 1.76869e-05 0.00104762 0.00101225
32.3 0.00102995 1.76976e-05 0.00104764 0.00101225
32.4 0.00102995 1.77083e-05 0.00104766 0.00101225
32.5 0.00102995 1.77083e-05 0.00104766 0.00101225
32.6 0.00102996 1.7719e-05 0.00104768 0.00101224
32.7 0.00102874 1.7719e-05 0.00104645 0.00101102
32.8 0.00102936 1.77404e-05 0.0010471 0.00101162
32.9 0.00102937 1.77511e-05 0.00104712 0.00101162
33 0.00102937 1.77618e-05 0.00104714 0.00101161
33.1 0.00102938 1.77725e-05 0.00104715 0.00101161
33.2 0.00102876 1.77725e-05 0.00104654 0.00101099
33.3 0.00102877 1.77832e-05 0.00104655 0.00101098
33.4 0.00102877 1.77939e-05 0.00104656 0.00101098
33.5 0.00102877 1.78046e-05 0.00104658 0.00101097
33.6 0.00102939 1.7826e-05 0.00104722 0.00101156
33.7 0.00102939 1.78367e-05 0.00104723 0.00101155
33.8 0.00102939 1.78474e-05 0.00104724 0.00101154
33.9 0.00102939 1.78581e-05 0.00104725 0.00101153
34 0.00102942 1.78587e-05 0.00104728 0.00101156
34.1 0.00102939 1.78688e-05 0.00104725 0.00101152
34.2 0.00102942 1.78694e-05 0.00104729 0.00101155
34.3 0.00102942 1.78801e-05 0.0010473 0.00101154
34.4 0.00102941 1.78908e-05 0.0010473 0.00101152
34.5 0.00102941 1.79015e-05 0.00104731 0.00101151
34.6 0.00102941 1.79015e-05 0.00104731 0.00101151
34.7 0.0010294 1.79122e-05 0.00104731 0.00101149
34.8 0.00103002 1.79229e-05 0.00104794 0.00101209
34.9 0.00102939 1.79336e-05 0.00104732 0.00101146
35 0.00103 1.7955e-05 0.00104795 0.00101204
35.1 0.00102998 1.79764e-05 0.00104795 0.001012
35.2 0.00102996 1.79978e-05 0.00104796 0.00101196
35.3 0.00102932 1.80085e-05 0.00104733 0.00101131
35.4 0.0010293 1.80299e-05 0.00104733 0.00101127
35.5 0.00102927 1.80513e-05 0.00104732 0.00101122
35.6 0.00102986 1.80727e-05 0.00104793 0.00101179
35.7 0.0010292 1.80941e-05 0.00104729 0.00101111
35.8 0.00102916 1.81155e-05 0.00104728 0.00101105
35.9 0.00102849 1.81369e-05 0.00104663 0.00101036
36 0.00102845 1.81583e-05 0.00104661 0.00101029
36.1 0.00102903 1.81797e-05 0.00104721 0.00101085
36.2 0.00102901 1.81904e-05 0.0010472 0.00101082
36.3 0.00102835 1.82011e-05 0.00104655 0.00101015
36.4 0.0010283 1.82225e-05 0.00104652 0.00101008
36.5 0.00102827 1.82332e-05 0.0010465 0.00101004
36.6 0.00102758 1.82546e-05 0.00104583 0.00100933
36.7 0.00102755 1.82653e-05 0.00104581 0.00100928
36.8 0.00102752 1.8276e-05 0.00104579 0.00100924
36.9 0.00102689 1.8276e-05 0.00104516 0.00100861
37 0.00102682 1.82974e-05 0.00104512 0.00100852
37.1 0.00102739 1.83188e-05 0.00104571 0.00100907
37.2 0.00102732 1.83402e-05 0.00104566 0.00100898
37.3 0.00102848 1.83723e-05 0.00104685 0.00101011
37.4 0.0010284 1.83937e-05 0.00104679 0.00101001
37.5 0.00102832 1.84151e-05 0.00104674 0.00100991
37.6 0.00102891 1.84371e-05 0.00104735 0.00101047
37.7 0.00102827 1.84371e-05 0.00104671 0.00100983
37.8 0.00102827 1.84371e-05 0.00104671 0.00100983
37.9 0.00102763 1.84371e-05 0.00104607 0.0010092
38 0.00102823 1.84478e-05 0.00104668 0.00100978
38.1 0.00102759 1.84478e-05 0.00104604 0.00100914
38.2 0.00102759 1.84478e-05 0.00104604 0.00100914
38.3 0.00102755 1.84585e-05 0.00104601 0.00100909
38.4 0.0010275 1.84692e-05 0.00104597 0.00100903
38.5 0.0010281 1.84799e-05 0.00104658 0.00100962
38.6 0.00102746 1.84799e-05 0.00104594 0.00100898
38.7 0.00102741 1.84906e-05 0.0010459 0.00100892
38.8 0.00102791 1.85227e-05 0.00104644 0.00100939
38.9 0.00102722 1.85334e-05 0.00104576 0.00100869
39 0.00102717 1.85441e-05 0.00104572 0.00100863
39.1 0.00102712 1.85548e-05 0.00104568 0.00100857
39.2 0.00102643 1.85655e-05 0.001045 0.00100786
39.3 0.00102697 1.85869e-05 0.00104556 0.00100838
39.4 0.00102633 1.85869e-05 0.00104491 0.00100774
39.5 0.00102627 1.85976e-05 0.00104487 0.00100767
39.6 0.00102622 1.86083e-05 0.00104483 0.00100761
39.7 0.00102616 1.8619e-05 0.00104478 0.00100754
39.8 0.00102611 1.86297e-05 0.00104474 0.00100748
39.9 0.00102541 1.86404e-05 0.00104405 0.00100676
40 0.00102529 1.86618e-05 0.00104395 0.00100663
40.1 0.00102458 1.86725e-05 0.00104326 0.00100591
40.2 0.00102511 1.86939e-05 0.0010438 0.00100642
40.3 0.0010244 1.87046e-05 0.00104311 0.0010057
40.4 0.00102434 1.87153e-05 0.00104305 0.00100562
40.5 0.00102369 1.87153e-05 0.00104241 0.00100498
40.6 0.00102363 1.8726e-05 0.00104235 0.0010049
40.7 0.00102298 1.8726e-05 0.0010417 0.00100425
40.8 0.00102291 1.87367e-05 0.00104165 0.00100418
40.9 0.00102291 1.87367e-05 0.00104165 0.00100418
41 0.00102227 1.87367e-05 0.001041 0.00100353
41.1 0.00102227 1.87367e-05 0.001041 0.00100353
41.2 0.0010222 1.87474e-05 0.00104095 0.00100345
41.3 0.00102213 1.87581e-05 0.00104089 0.00100338
41.4 0.00102148 1.87581e-05 0.00104024 0.00100273
41.5 0.00102148 1.87581e-05 0.00104024 0.00100273
41.6 0.00102012 1.87688e-05 0.00103888 0.00100135
41.7 0.0010207 1.87795e-05 0.00103948 0.00100192
41.8 0.00102063 1.87902e-05 0.00103942 0.00100184
41.9 0.00102056 1.88009e-05 0.00103936 0.00100176
42 0.00102107 1.88223e-05 0.00103989 0.00100225
42.1 0.00102158 1.88437e-05 0.00104042 0.00100273
42.2 0.00102208 1.88651e-05 0.00104095 0.00100322
42.3 0.00102201 1.88758e-05 0.00104088 0.00100313
42.4 0.00102259 1.88865e-05 0.00104147 0.0010037
42.5 0.00102251 1.88972e-05 0.00104141 0.00100362
42.6 0.00102309 1.89079e-05 0.001042 0.00100418
42.7 0.00102359 1.89293e-05 0.00104252 0.00100466
42.8 0.00102344 1.89507e-05 0.00104239 0.00100449
42.9 0.00102402 1.89614e-05 0.00104298 0.00100505
43 0.00102451 1.89828e-05 0.0010435 0.00100553
43.1 0.00102493 1.90149e-05 0.00104394 0.00100591
43.2 0.00102608 1.90363e-05 0.00104512 0.00100705
43.3 0.00102468 1.9047e-05 0.00104373 0.00100563
43.4 0.0010246 1.90577e-05 0.00104365 0.00100554
43.5 0.00102262 1.90577e-05 0.00104167 0.00100356
43.6 0.0010231 1.90791e-05 0.00104218 0.00100402
43.7 0.00102301 1.90898e-05 0.0010421 0.00100393
43.8 0.00102284 1.91112e-05 0.00104195 0.00100373
43.9 0.00102275 1.91219e-05 0.00104187 0.00100363
44 0.00102199 1.91326e-05 0.00104113 0.00100286
44.1 0.00102124 1.91433e-05 0.00104038 0.0010021
44.2 0.00102115 1.9154e-05 0.0010403 0.00100199
44.3 0.00102105 1.91647e-05 0.00104022 0.00100189
44.4 0.0010203 1.91754e-05 0.00103947 0.00100112
44.5 0.0010202 1.91861e-05 0.00103939 0.00100101
44.6 0.00101954 1.91861e-05 0.00103872 0.00100035
44.7 0.00101944 1.91968e-05 0.00103864 0.00100024
44.8 0.00101991 1.92182e-05 0.00103913 0.00100069
44.9 0.00101981 1.92289e-05 0.00103904 0.00100058
45 0.00101905 1.92396e-05 0.00103829 0.000999807
45.1 0.00101895 1.92503e-05 0.0010382 0.000999696
45.2 0.00101885 1.9261e-05 0.00103811 0.000999585
45.3 0.00101941 1.92717e-05 0.00103868 0.00100014
45.4 0.00101931 1.92824e-05 0.00103859 0.00100003
45.5 0.00101988 1.92931e-05 0.00103917 0.00100058
45.6 0.0010191 1.93038e-05 0.00103841 0.0009998
45.7 0.00101889 1.93252e-05 0.00103822 0.000999569
45.8 0.00101946 1.93359e-05 0.00103879 0.00100012
45.9 0.00101868 1.93466e-05 0.00103803 0.000999336
46 0.00101925 1.93573e-05 0.0010386 0.000999889
46.1 0.00102037 1.93787e-05 0.00103975 0.00100099
46.2 0.00101959 1.93894e-05 0.00103898 0.0010002
46.3 0.00102016 1.94001e-05 0.00103956 0.00100076
46.4 0.00102005 1.94108e-05 0.00103946 0.00100064
46.5 0.00101937 1.94108e-05 0.00103878 0.000999963
46.6 0.00101994 1.94215e-05 0.00103936 0.00100051
46.7 0.00102106 1.94429e-05 0.0010405 0.00100162
46.8 0.00102095 1.94536e-05 0.0010404 0.00100149
46.9 0.0010214 1.9475e-05 0.00104087 0.00100192
47 0.00102128 1.94857e-05 0.00104077 0.0010018
47.1 0.00102184 1.94964e-05 0.00104134 0.00100235
47.2 0.00102173 1.95071e-05 0.00104124 0.00100222
47.3 0.00102161 1.95178e-05 0.00104113 0.00100209
47.4 0.0010215 1.95285e-05 0.00104102 0.00100197
47.5 0.00102206 1.95392e-05 0.00104159 0.00100252
47.6 0.00102194 1.95499e-05 0.00104149 0.00100239
47.7 0.00102238 1.95713e-05 0.00104195 0.00100281
47.8 0.0010209 1.9582e-05 0.00104048 0.00100132
47.9 0.00102122 1.96141e-05 0.00104083 0.0010016
48 0.00102042 1.96248e-05 0.00104004 0.00100079
48.1 0.00101949 1.96462e-05 0.00103913 0.00099984
48.2 0.00101992 1.96676e-05 0.00103958 0.00100025
48.3 0.00101885 1.96997e-05 0.00103855 0.000999151
48.4 0.0010194 1.97104e-05 0.00103911 0.000999693
48.5 0.00101927 1.97211e-05 0.001039 0.000999553
48.6 0.00101901 1.97425e-05 0.00103875 0.00099927
48.7 0.00101875 1.97639e-05 0.00103851 0.000998984
48.8 0.00101861 1.97746e-05 0.00103839 0.00099884
48.9 0.00101766 1.9796e-05 0.00103746 0.000997863
49 0.00101821 1.98067e-05 0.00103802 0.000998403
49.1 0.00101862 1.98281e-05 0.00103845 0.000998795
49.2 0.0010178 1.98388e-05 0.00103764 0.000997959
49.3 0.0010178 1.98388e-05 0.00103764 0.000997959
49.4 0.00101697 1.98495e-05 0.00103682 0.000997122
49.5 0.00101807 1.98709e-05 0.00103794 0.000998197
49.6 0.00101793 1.98816e-05 0.00103781 0.000998046
49.7 0.0010171 1.98923e-05 0.00103699 0.000997205
49.8 0.00101764 1.9903e-05 0.00103755 0.000997742
49.9 0.00101696 1.9903e-05 0.00103686 0.000997052
50 0.00101681 1.99137e-05 0.00103673 0.000996898
50.1 0.00101721 1.99351e-05 0.00103715 0.000997279
50.2 0.00101707 1.99458e-05 0.00103702 0.000997123
50.3 0.00101761 1.99565e-05 0.00103757 0.000997658
50.4 0.00101816 1.99672e-05 0.00103813 0.000998193
50.5 0.00101732 1.99779e-05 0.0010373 0.000997344
50.6 0.00101772 1.99993e-05 0.00103772 0.00099772
50.7 0.00101881 2.00207e-05 0.00103883 0.000998787
50.8 0.00101866 2.00314e-05 0.00103869 0.000998627
50.9 0.00101905 2.00528e-05 0.00103911 0.000999
51 0.00101821 2.00635e-05 0.00103827 0.000998143
51.1 0.0010186 2.00849e-05 0.00103868 0.000998512
51.2 0.00101968 2.01063e-05 0.00103979 0.000999576
51.3 0.00101883 2.0117e-05 0.00103895 0.000998714
51.4 0.00101937 2.01277e-05 0.0010395 0.000999245
51.5 0.00101976 2.01491e-05 0.00103991 0.000999609
51.6 0.0010189 2.01598e-05 0.00103906 0.000998744
51.7 0.00101999 2.01812e-05 0.00104017 0.000999804
51.8 0.00101913 2.01919e-05 0.00103932 0.000998935
51.9 0.00101881 2.02133e-05 0.00103902 0.000998593
52 0.00101918 2.02347e-05 0.00103942 0.00099895
52.1 0.00101762 2.02454e-05 0.00103786 0.000997374
52.2 0.0010187 2.02668e-05 0.00103896 0.000998428
52.3 0.00101853 2.02775e-05 0.00103881 0.000998253
52.4 0.00101783 2.02775e-05 0.00103811 0.000997551
52.5 0.0010189 2.0299e-05 0.0010392 0.000998603
52.6 0.00101874 2.03097e-05 0.00103905 0.000998426
52.7 0.0010184 2.03311e-05 0.00103873 0.00099807
52.8 0.00101894 2.03418e-05 0.00103928 0.000998595
52.9 0.00101736 2.03525e-05 0.00103771 0.000997005
53 0.00101772 2.03739e-05 0.0010381 0.000997348
53.1 0.00101808 2.03953e-05 0.00103848 0.000997689
53.2 0.00101774 2.04167e-05 0.00103815 0.000997321
53.3 0.00101756 2.04274e-05 0.00103799 0.000997136
53.4 0.00101739 2.04381e-05 0.00103783 0.000996951
53.5 0.00101721 2.04488e-05 0.00103766 0.000996764
53.6 0.00101704 2.04595e-05 0.0010375 0.000996577
53.7 0.00101686 2.04702e-05 0.00103733 0.000996389
53.8 0.00101739 2.04809e-05 0.00103787 0.00099691
53.9 0.00101668 2.04809e-05 0.00103716 0.000996201
54 0.0010165 2.04916e-05 0.00103699 0.000996011
54.1 0.00101632 2.05023e-05 0.00103683 0.000995821
54.2 0.00101472 2.0513e-05 0.00103524 0.000994209
54.3 0.00101525 2.05237e-05 0.00103578 0.000994728
54.4 0.00101578 2.05344e-05 0.00103632 0.000995246
54.5 0.00101436 2.05344e-05 0.00103489 0.000993824
54.6 0.0010156 2.05451e-05 0.00103614 0.000995053
54.7 0.00101613 2.05558e-05 0.00103668 0.000995572
54.8 0.00101523 2.05665e-05 0.0010358 0.000994665
54.9 0.00101576 2.05772e-05 0.00103634 0.000995183
55 0.00101557 2.05879e-05 0.00103616 0.000994987
55.1 0.0010161 2.05986e-05 0.0010367 0.000995504
55.2 0.00101592 2.06093e-05 0.00103653 0.000995307
55.3 0.00101554 2.06307e-05 0.00103617 0.000994911
55.4 0.0010166 2.06521e-05 0.00103725 0.000995944
55.5 0.00101641 2.06628e-05 0.00103707 0.000995744
55.6 0.00101622 2.06735e-05 0.00103689 0.000995543
55.7 0.00101622 2.06735e-05 0.00103689 0.000995543
55.8 0.00101622 2.06735e-05 0.00103689 0.000995543
55.9 0.00101564 2.07056e-05 0.00103635 0.000994937
56 0.00101597 2.0727e-05 0.0010367 0.000995248
56.1 0.0010163 2.07484e-05 0.00103705 0.000995557
56.2 0.00101683 2.07591e-05 0.00103759 0.00099607
56.3 0.00101663 2.07698e-05 0.0010374 0.000995864
56.4 0.00101663 2.07698e-05 0.0010374 0.000995864
56.5 0.00101591 2.07698e-05 0.00103668 0.000995145
56.6 0.00101644 2.07805e-05 0.00103722 0.000995657
56.7 0.00101552 2.07912e-05 0.00103631 0.000994729
56.8 0.00101657 2.08126e-05 0.00103738 0.000995753
56.9 0.00101512 2.08126e-05 0.00103594 0.000994311
57 0.00101565 2.08233e-05 0.00103647 0.000994823
57.1 0.00101597 2.08447e-05 0.00103681 0.000995123
57.2 0.00101609 2.08768e-05 0.00103696 0.000995209
57.3 0.00101609 2.08768e-05 0.00103696 0.000995209
57.4 0.00101661 2.08875e-05 0.00103749 0.000995719
57.5 0.00101496 2.08982e-05 0.00103585 0.000994058
57.6 0.00101527 2.09196e-05 0.00103619 0.000994351
57.7 0.00101486 2.0941e-05 0.0010358 0.000993917
57.8 0.00101465 2.09517e-05 0.0010356 0.000993699
57.9 0.00101517 2.09624e-05 0.00103613 0.000994207
58 0.00101496 2.09731e-05 0.00103593 0.000993988
58.1 0.00101496 2.09731e-05 0.00103593 0.000993988
58.2 0.00101496 2.09731e-05 0.00103593 0.000993988
58.3 0.00101402 2.09838e-05 0.00103501 0.000993041
58.4 0.00101475 2.09838e-05 0.00103574 0.000993768
58.5 0.00101475 2.09838e-05 0.00103574 0.000993768
58.6 0.00101402 2.09838e-05 0.00103501 0.000993041
58.7 0.00101381 2.09945e-05 0.00103481 0.00099282
58.8 0.00101288 2.10052e-05 0.00103388 0.000991871
58.9 0.00101339 2.10159e-05 0.00103441 0.000992376
59 0.00101412 2.10159e-05 0.00103514 0.000993104
59.1 0.00101391 2.10266e-05 0.00103493 0.000992882
59.2 0.00101391 2.10266e-05 0.00103493 0.000992882
59.3 0.00101421 2.1048e-05 0.00103526 0.000993163
59.4 0.001014 2.10587e-05 0.00103506 0.000992938
59.5 0.00101378 2.10694e-05 0.00103485 0.000992713
59.6 0.00101211 2.10801e-05 0.00103319 0.000991027
59.7 0.00101313 2.11015e-05 0.00103424 0.000992033
59.8 0.00101292 2.11122e-05 0.00103403 0.000991804
59.9 0.00101248 2.11336e-05 0.00103361 0.000991346
60 0.00101299 2.11443e-05 0.00103414 0.000991848
60.1 0.0010135 2.1155e-05 0.00103466 0.00099235
60.2 0.00101306 2.11764e-05 0.00103424 0.000991886
60.3 0.00101386 2.12085e-05 0.00103507 0.000992655
60.4 0.00101342 2.12299e-05 0.00103465 0.000992186
60.5 0.00101393 2.12406e-05 0.00103517 0.000992686
60.6 0.00101444 2.12513e-05 0.00103569 0.000993186
60.7 0.00101274 2.1262e-05 0.001034 0.000991477
60.8 0.00101399 2.12727e-05 0.00103526 0.000992713
60.9 0.00101376 2.12834e-05 0.00103504 0.000992475
61 0.00101279 2.12941e-05 0.00103409 0.000991498
61.1 0.0010133 2.13048e-05 0.00103461 0.000991997
61.2 0.00101506 2.13262e-05 0.00103638 0.000993732
61.3 0.00101409 2.13369e-05 0.00103543 0.000992752
61.4 0.0010146 2.13476e-05 0.00103595 0.00099325
61.5 0.00101487 2.1369e-05 0.00103624 0.000993506
61.6 0.00101515 2.13904e-05 0.00103654 0.00099376
61.7 0.00101492 2.14011e-05 0.00103632 0.000993515
61.8 0.00101394 2.14118e-05 0.00103535 0.000992529
61.9 0.00101172 2.14118e-05 0.00103313 0.000990303
62 0.00101097 2.14118e-05 0.00103239 0.000989562
62.1 0.00101074 2.14225e-05 0.00103216 0.000989314
62.2 0.00101124 2.14332e-05 0.00103267 0.000989808
62.3 0.00101026 2.14439e-05 0.0010317 0.000988817
62.4 0.00101053 2.14653e-05 0.00103199 0.00098906
62.5 0.00101153 2.14867e-05 0.00103302 0.000990046
62.6 0.00101129 2.14974e-05 0.00103279 0.000989795
62.7 0.00101105 2.15081e-05 0.00103256 0.000989542
62.8 0.00101056 2.15295e-05 0.00103209 0.000989035
62.9 0.00101056 2.15295e-05 0.00103209 0.000989035
63 0.00101082 2.15509e-05 0.00103237 0.000989272
63.1 0.00101033 2.15723e-05 0.0010319 0.00098876
63.2 0.00101034 2.16044e-05 0.00103194 0.000988734
63.3 0.00101059 2.16258e-05 0.00103222 0.000988964
63.4 0.00101009 2.16472e-05 0.00103174 0.000988443
63.5 0.00101059 2.16579e-05 0.00103225 0.000988932
63.6 0.00101084 2.16793e-05 0.00103252 0.000989158
63.7 0.00101033 2.17007e-05 0.00103203 0.000988631
63.8 0.00101032 2.17328e-05 0.00103205 0.000988588
63.9 0.00100905 2.17542e-05 0.00103081 0.000987301
64 0.00101005 2.17756e-05 0.00103182 0.000988272
64.1 0.00101029 2.1797e-05 0.00103208 0.000988488
64.2 0.00101003 2.18077e-05 0.00103183 0.000988218
64.3 0.00100977 2.18184e-05 0.00103158 0.000987947
64.4 0.00101076 2.18398e-05 0.0010326 0.000988916
64.5 0.00100974 2.18505e-05 0.00103159 0.000987887
64.6 0.00100947 2.18612e-05 0.00103134 0.000987613
64.7 0.00100997 2.18719e-05 0.00103184 0.000988097
64.8 0.0010097 2.18826e-05 0.00103159 0.000987822
64.9 0.00100868 2.18933e-05 0.00103057 0.000986788
65 0.0010069 2.1904e-05 0.0010288 0.000984994
65.1 0.00100864 2.19254e-05 0.00103057 0.000986716
65.2 0.0010094 2.19254e-05 0.00103133 0.000987476
65.3 0.00100837 2.19361e-05 0.00103031 0.000986438
65.4 0.00101012 2.19575e-05 0.00103208 0.000988161
65.5 0.00100958 2.19789e-05 0.00103156 0.000987601
65.6 0.0010098 2.20003e-05 0.0010318 0.000987801
65.7 0.00101029 2.2011e-05 0.0010323 0.000988281
65.8 0.00100926 2.20217e-05 0.00103128 0.000987236
65.9 0.00100898 2.20324e-05 0.00103102 0.000986952
66 0.00101024 2.20431e-05 0.00103228 0.000988195
66.1 0.0010092 2.20538e-05 0.00103125 0.000987147
66.2 0.00100969 2.20645e-05 0.00103176 0.000987626
66.3 0.00100942 2.20752e-05 0.00103149 0.00098734
66.4 0.00100914 2.20859e-05 0.00103123 0.000987054
66.5 0.00100963 2.20966e-05 0.00103173 0.000987532
66.6 0.00100862 2.2108e-05 0.00103073 0.00098651
66.7 0.00100907 2.2118e-05 0.00103119 0.000986956
66.8 0.00100987 2.21187e-05 0.00103199 0.000987753
66.9 0.00100831 2.2118e-05 0.00103043 0.00098619
67 0.00100956 2.21287e-05 0.00103169 0.000987434
67.1 0.00100932 2.21401e-05 0.00103146 0.000987175
67.2 0.00100855 2.21401e-05 0.00103069 0.000986408
67.3 0.00100932 2.21401e-05 0.00103146 0.000987175
67.4 0.00100827 2.21508e-05 0.00103042 0.000986118
67.5 0.00100924 2.21722e-05 0.00103141 0.00098707
67.6 0.00100973 2.21829e-05 0.00103191 0.000987547
67.7 0.00100945 2.21936e-05 0.00103164 0.000987254
67.8 0.00100945 2.21936e-05 0.00103164 0.000987254
67.9 0.00100945 2.21936e-05 0.00103164 0.000987254
68 0.00100783 2.22257e-05 0.00103005 0.000985603
68.1 0.00100831 2.22364e-05 0.00103055 0.000986077
68.2 0.00100803 2.22472e-05 0.00103028 0.000985781
68.3 0.00100774 2.22579e-05 0.00103 0.000985484
68.4 0.00100842 2.229e-05 0.00103071 0.000986133
68.5 0.00100707 2.23114e-05 0.00102938 0.000984762
68.6 0.00100852 2.23435e-05 0.00103087 0.000986179
68.7 0.00100794 2.23649e-05 0.0010303 0.000985574
68.8 0.00100687 2.23756e-05 0.00102925 0.000984495
68.9 0.00100765 2.23756e-05 0.00103002 0.00098527
69 0.00100687 2.23756e-05 0.00102925 0.000984495
69.1 0.00100687 2.23756e-05 0.00102925 0.000984495
69.2 0.00100765 2.23756e-05 0.00103002 0.00098527
69.3 0.00100658 2.23863e-05 0.00102896 0.00098419
69.4 0.00100658 2.23863e-05 0.00102896 0.00098419
69.5 0.00100599 2.24077e-05 0.00102839 0.000983579
69.6 0.00100539 2.24291e-05 0.00102782 0.000982964
69.7 0.00100665 2.24398e-05 0.00102909 0.000984211
69.8 0.00100558 2.24505e-05 0.00102803 0.000983125
69.9 0.00100605 2.24612e-05 0.00102852 0.000983593
70 0.00100749 2.24933e-05 0.00102999 0.000984999
70.1 0.00100659 2.25254e-05 0.00102911 0.000984064
70.2 0.00100568 2.25575e-05 0.00102824 0.000983122
70.3 0.00100602 2.26003e-05 0.00102862 0.000983422
70.4 0.00100541 2.26217e-05 0.00102803 0.000982786
70.5 0.00100636 2.26431e-05 0.001029 0.000983716
70.6 0.00100652 2.26645e-05 0.00102919 0.00098386
70.7 0.00100669 2.26859e-05 0.00102938 0.000984003
70.8 0.00100685 2.27073e-05 0.00102956 0.000984145
70.9 0.00100701 2.27287e-05 0.00102974 0.000984285
71 0.0010067 2.27394e-05 0.00102944 0.000983961
71.1 0.00100765 2.27608e-05 0.00103041 0.000984887
71.2 0.00100702 2.27822e-05 0.0010298 0.000984235
71.3 0.00100717 2.28036e-05 0.00102998 0.000984369
71.4 0.00100654 2.2825e-05 0.00102936 0.000983712
71.5 0.00100622 2.28357e-05 0.00102905 0.000983382
71.6 0.00100716 2.28571e-05 0.00103002 0.000984304
71.7 0.00100576 2.28792e-05 0.00102864 0.000982879
71.8 0.00100623 2.28899e-05 0.00102912 0.000983338
71.9 0.00100764 2.2922e-05 0.00103056 0.000984718
72 0.00100587 2.29541e-05 0.00102882 0.000982916
72.1 0.00100648 2.29862e-05 0.00102947 0.000983495
72.2 0.00100662 2.30076e-05 0.00102963 0.000983613
72.3 0.00100596 2.3029e-05 0.00102899 0.000982933
72.4 0.0010069 2.30504e-05 0.00102995 0.000983846
72.5 0.00100497 2.30611e-05 0.00102803 0.000981906
72.6 0.0010059 2.30825e-05 0.00102898 0.000982818
72.7 0.00100637 2.30932e-05 0.00102946 0.000983273
72.8 0.00100443 2.31039e-05 0.00102754 0.000981328
72.9 0.00100616 2.31253e-05 0.00102929 0.000983038
73 0.00100503 2.31361e-05 0.00102816 0.00098189
73.1 0.00100392 2.31475e-05 0.00102707 0.000980771
73.2 0.00100519 2.31582e-05 0.00102834 0.000982027
73.3 0.00100451 2.31796e-05 0.00102769 0.000981329
73.4 0.00100417 2.31903e-05 0.00102736 0.000980978
73.5 0.00100463 2.3201e-05 0.00102783 0.000981431
73.6 0.00100395 2.32224e-05 0.00102717 0.000980728
73.7 0.00100315 2.32224e-05 0.00102637 0.000979923
73.8 0.00100361 2.32331e-05 0.00102684 0.000980375
73.9 0.00100326 2.32438e-05 0.00102651 0.000980021
74 0.00100373 2.32545e-05 0.00102698 0.000980472
74.1 0.00100419 2.32652e-05 0.00102745 0.000980924
74.2 0.00100396 2.32973e-05 0.00102726 0.000980663
74.3 0.00100477 2.32973e-05 0.00102806 0.00098147
74.4 0.00100281 2.3308e-05 0.00102611 0.000979499
74.5 0.00100327 2.33187e-05 0.00102659 0.000979948
74.6 0.00100257 2.33401e-05 0.00102591 0.000979231
74.7 0.00100268 2.33615e-05 0.00102604 0.00097932
74.8 0.00100349 2.33615e-05 0.00102685 0.000980129
74.9 0.00100349 2.33615e-05 0.00102685 0.000980129
75 0.00100314 2.33722e-05 0.00102651 0.000979768
75.1 0.00100325 2.33936e-05 0.00102664 0.000979855
75.2 0.00100336 2.3415e-05 0.00102677 0.00097994
75.3 0.00100381 2.34257e-05 0.00102724 0.000980388
75.4 0.00100427 2.34364e-05 0.00102771 0.000980836
75.5 0.00100356 2.34578e-05 0.00102702 0.000980107
75.6 0.00100331 2.34899e-05 0.0010268 0.000979821
75.7 0.00100224 2.3522e-05 0.00102576 0.000978715
75.8 0.00100315 2.35434e-05 0.00102669 0.000979606
75.9 0.00100442 2.35541e-05 0.00102798 0.000980867
76 0.00100324 2.35648e-05 0.00102681 0.00097968
76.1 0.00100416 2.35862e-05 0.00102774 0.00098057
76.2 0.00100507 2.36076e-05 0.00102868 0.00098146
76.3 0.00100307 2.36183e-05 0.00102669 0.00097945
76.4 0.00100398 2.36398e-05 0.00102762 0.000980338
76.5 0.00100361 2.36505e-05 0.00102726 0.000979962
76.6 0.00100206 2.36719e-05 0.00102573 0.000978389
76.7 0.00100333 2.36826e-05 0.00102702 0.000979652
76.8 0.0010026 2.3704e-05 0.0010263 0.000978895
76.9 0.00100271 2.37261e-05 0.00102644 0.000978988
77 0.00100325 2.37582e-05 0.00102701 0.000979489
77.1 0.0010025 2.37796e-05 0.00102628 0.000978724
77.2 0.00100258 2.3801e-05 0.00102638 0.000978781
77.3 0.00100266 2.38224e-05 0.00102648 0.000978836
77.4 0.00100191 2.38438e-05 0.00102575 0.000978063
77.5 0.00100281 2.38652e-05 0.00102667 0.000978941
77.6 0.00100326 2.38759e-05 0.00102713 0.00097938
77.7 0.00100205 2.38866e-05 0.00102594 0.000978164
77.8 0.00100295 2.3908e-05 0.00102686 0.000979041
77.9 0.00100008 2.39187e-05 0.001024 0.000976165
78 0.00100098 2.39401e-05 0.00102492 0.000977038
78.1 0.0010027 2.39616e-05 0.00102666 0.000978742
78.2 0.00100066 2.39723e-05 0.00102463 0.000976688
78.3 0.00100194 2.3983e-05 0.00102592 0.000977954
78.4 0.00100072 2.39937e-05 0.00102472 0.000976729
78.5 0.00100034 2.40044e-05 0.00102434 0.000976333
78.6 0.00100078 2.40151e-05 0.0010248 0.000976768
78.7 0.00100001 2.40365e-05 0.00102405 0.000975973
78.8 0.00100045 2.40472e-05 0.0010245 0.000976408
78.9 0.00100007 2.40579e-05 0.00102412 0.000976009
79 0.000999678 2.40686e-05 0.00102375 0.000975609
79.1 0.00100012 2.40793e-05 0.0010242 0.000976043
79.2 0.00100018 2.41007e-05 0.00102428 0.000976076
79.3 0.000999393 2.41221e-05 0.00102352 0.000975271
79.4 0.00100028 2.41435e-05 0.00102442 0.000976137
79.5 0.000999493 2.41649e-05 0.00102366 0.000975328
79.6 0.00099954 2.41863e-05 0.00102373 0.000975354
79.7 0.000999983 2.4197e-05 0.00102418 0.000975786
79.8 0.000998748 2.42077e-05 0.00102296 0.00097454
79.9 0.00100003 2.42184e-05 0.00102425 0.00097581
80 0.000999631 2.42291e-05 0.00102386 0.000975402
80.1 0.000998791 2.42291e-05 0.00102302 0.000974562
80.2 0.000999631 2.42291e-05 0.00102386 0.000975402
80.3 0.000998393 2.42398e-05 0.00102263 0.000974153
80.4 0.000998834 2.42505e-05 0.00102308 0.000974583
80.5 0.000999274 2.42612e-05 0.00102354 0.000975013
80.6 0.000998034 2.42719e-05 0.00102231 0.000973762
80.7 0.000999315 2.42826e-05 0.0010236 0.000975032
80.8 0.000998474 2.42826e-05 0.00102276 0.000974191
80.9 0.000998072 2.42933e-05 0.00102237 0.000973779
81 0.000999354 2.4304e-05 0.00102366 0.00097505
81.1 0.000998109 2.43147e-05 0.00102242 0.000973795
81.2 0.000998988 2.43361e-05 0.00102332 0.000974652
81.3 0.000999867 2.43575e-05 0.00102422 0.000975509
81.4 0.000999088 2.43797e-05 0.00102347 0.000974708
81.5 0.000999558 2.44118e-05 0.00102397 0.000975146
81.6 0.000999588 2.44332e-05 0.00102402 0.000975154
81.7 0.000999616 2.44546e-05 0.00102407 0.000975162
81.8 0.00100005 2.44653e-05 0.00102452 0.000975588
81.9 0.000999232 2.44867e-05 0.00102372 0.000974745
82 0.00100011 2.45081e-05 0.00102461 0.000975597
82.1 0.000999693 2.45188e-05 0.00102421 0.000975174
82.2 0.00099843 2.45295e-05 0.00102296 0.0009739
82.3 0.00099928 2.45295e-05 0.00102381 0.00097475
82.4 0.000999716 2.45402e-05 0.00102426 0.000975175
82.5 0.000998451 2.45509e-05 0.001023 0.0009739
82.6 0.000998886 2.45616e-05 0.00102345 0.000974324
82.7 0.000999321 2.45723e-05 0.00102389 0.000974749
82.8 0.000998905 2.4583e-05 0.00102349 0.000974322
82.9 0.00099934 2.45937e-05 0.00102393 0.000974746
83 0.000998922 2.46044e-05 0.00102353 0.000974318
83.1 0.00100021 2.46151e-05 0.00102482 0.000975594
83.2 0.000999791 2.46258e-05 0.00102442 0.000975165
83.3 0.000997678 2.46579e-05 0.00102234 0.00097302
83.4 0.000999864 2.46908e-05 0.00102455 0.000975173
83.5 0.000998595 2.47229e-05 0.00102332 0.000973872
83.6 0.000999459 2.47443e-05 0.0010242 0.000974715
83.7 0.000999034 2.4755e-05 0.00102379 0.000974279
83.8 0.00099775 2.47658e-05 0.00102252 0.000972984
83.9 0.000997323 2.47765e-05 0.0010221 0.000972547
84 0.000998185 2.47979e-05 0.00102298 0.000973387
84.1 0.000997327 2.48193e-05 0.00102215 0.000972507
84.2 0.000998187 2.48407e-05 0.00102303 0.000973346
84.3 0.000997756 2.48514e-05 0.00102261 0.000972905
84.4 0.000997754 2.48728e-05 0.00102263 0.000972881
84.5 0.00099775 2.48942e-05 0.00102264 0.000972856
84.6 0.000995583 2.49263e-05 0.00102051 0.000970657
84.7 0.000996428 2.49691e-05 0.0010214 0.000971459
84.8 0.000997282 2.49905e-05 0.00102227 0.000972292
84.9 0.000996843 2.50012e-05 0.00102184 0.000971842
85 0.000996843 2.50012e-05 0.00102184 0.000971842
85.1 0.000996843 2.50012e-05 0.00102184 0.000971842
85.2 0.000996404 2.50119e-05 0.00102142 0.000971392
85.3 0.00099683 2.50226e-05 0.00102185 0.000971807
85.4 0.00099683 2.50226e-05 0.00102185 0.000971807
85.5 0.000996815 2.5044e-05 0.00102186 0.000971771
85.6 0.000997241 2.50547e-05 0.0010223 0.000972186
85.7 0.000997224 2.50761e-05 0.0010223 0.000972148
85.8 0.000996337 2.50975e-05 0.00102143 0.000971239
85.9 0.000997187 2.51189e-05 0.00102231 0.000972068
86 0.00099759 2.5151e-05 0.00102274 0.000972439
86.1 0.000998014 2.51617e-05 0.00102318 0.000972853
86.2 0.000997567 2.51724e-05 0.00102274 0.000972395
86.3 0.000997093 2.52046e-05 0.0010223 0.000971889
86.4 0.000995741 2.52367e-05 0.00102098 0.000970504
86.5 0.000995678 2.52795e-05 0.00102096 0.000970399
86.6 0.000996943 2.53116e-05 0.00102225 0.000971631
86.7 0.000998629 2.53544e-05 0.00102398 0.000973275
86.8 0.000998556 2.53972e-05 0.00102395 0.000973159
86.9 0.000998517 2.54186e-05 0.00102394 0.000973098
87 0.000997133 2.54507e-05 0.00102258 0.000971683
87.1 0.000997553 2.54614e-05 0.00102301 0.000972091
87.2 0.000998391 2.54828e-05 0.00102387 0.000972908
87.3 0.000997044 2.54935e-05 0.00102254 0.000971551
87.4 0.000996579 2.55042e-05 0.00102208 0.000971075
87.5 0.000997416 2.55256e-05 0.00102294 0.00097189
87.6 0.0009969 2.55577e-05 0.00102246 0.000971342
87.7 0.000996848 2.55791e-05 0.00102243 0.000971269
87.8 0.000996796 2.56006e-05 0.0010224 0.000971195
87.9 0.000996325 2.56113e-05 0.00102194 0.000970714
88 0.000997213 2.56113e-05 0.00102282 0.000971601
88.1 0.00099627 2.56327e-05 0.0010219 0.000970637
88.2 0.000995325 2.56541e-05 0.00102098 0.000969671
88.3 0.000996986 2.56969e-05 0.00102268 0.000971289
88.4 0.00099508 2.57397e-05 0.00102082 0.00096934
88.5 0.000995015 2.57611e-05 0.00102078 0.000969254
88.6 0.000994056 2.57825e-05 0.00101984 0.000968273
88.7 0.000993987 2.58039e-05 0.00101979 0.000968183
88.8 0.000994399 2.58146e-05 0.00102021 0.000968585
88.9 0.000993917 2.58253e-05 0.00101974 0.000968092
89 0.000993917 2.58253e-05 0.00101974 0.000968092
89.1 0.000994329 2.5836e-05 0.00102016 0.000968493
89.2 0.000993434 2.5836e-05 0.00101927 0.000967598
89.3 0.000995153 2.58574e-05 0.00102101 0.000969295
89.4 0.000994668 2.58681e-05 0.00102054 0.0009688
89.5 0.000994184 2.58788e-05 0.00102006 0.000968305
89.6 0.000993698 2.58895e-05 0.00101959 0.000967808
89.7 0.000993211 2.59002e-05 0.00101911 0.000967311
89.8 0.000994032 2.59216e-05 0.00101995 0.000968111
89.9 0.000993954 2.5943e-05 0.0010199 0.000968011
90 0.000992976 2.59644e-05 0.00101894 0.000967011
90.1 0.000993303 2.59965e-05 0.0010193 0.000967306
90.2 0.000993628 2.60287e-05 0.00101966 0.0009676
90.3 0.00099264 2.60501e-05 0.00101869 0.00096659
90.4 0.000992057 2.60822e-05 0.00101814 0.000965975
90.5 0.000992374 2.61143e-05 0.00101849 0.000966259
90.6 0.000991875 2.6125e-05 0.001018 0.00096575
90.7 0.000992282 2.61357e-05 0.00101842 0.000966146
90.8 0.000991782 2.61464e-05 0.00101793 0.000965636
90.9 0.000991782 2.61464e-05 0.00101793 0.000965636
91 0.000991782 2.61464e-05 0.00101793 0.000965636
91.1 0.000991782 2.61464e-05 0.00101793 0.000965636
91.2 0.000991282 2.61571e-05 0.00101744 0.000965125
91.3 0.000991186 2.61785e-05 0.00101736 0.000965008
91.4 0.00099156 2.61884e-05 0.00101775 0.000965372
91.5 0.000992371 2.62098e-05 0.00101858 0.000966161
91.6 0.000991768 2.62419e-05 0.00101801 0.000965527
91.7 0.000993082 2.62526e-05 0.00101933 0.00096683
91.8 0.000993386 2.62847e-05 0.00101967 0.000967102
91.9 0.000992776 2.63168e-05 0.00101909 0.00096646
92 0.00099318 2.63275e-05 0.00101951 0.000966853
92.1 0.00099318 2.63275e-05 0.00101951 0.000966853
92.2 0.00099318 2.63275e-05 0.00101951 0.000966853
92.3 0.00099318 2.63275e-05 0.00101951 0.000966853
92.4 0.000992776 2.63168e-05 0.00101909 0.00096646
92.5 0.000992776 2.63168e-05 0.00101909 0.00096646
92.6 0.000992776 2.63168e-05 0.00101909 0.00096646
92.7 0.000991865 2.63168e-05 0.00101818 0.000965548
92.8 0.000992268 2.63275e-05 0.0010186 0.000965941
92.9 0.000992162 2.63489e-05 0.00101851 0.000965813
93 0.000992055 2.63703e-05 0.00101842 0.000965684
93.1 0.000992317 2.64016e-05 0.00101872 0.000965915
93.2 0.000992094 2.64444e-05 0.00101854 0.000965649
93.3 0.000991579 2.64551e-05 0.00101803 0.000965124
93.4 0.00099198 2.64658e-05 0.00101845 0.000965514
93.5 0.000990029 2.64872e-05 0.00101652 0.000963542
93.6 0.000990829 2.65086e-05 0.00101734 0.000964321
93.7 0.000991629 2.653e-05 0.00101816 0.000965099
93.8 0.000990989 2.65621e-05 0.00101755 0.000964427
93.9 0.000991388 2.65728e-05 0.00101796 0.000964816
94 0.000990867 2.65835e-05 0.00101745 0.000964283
94.1 0.000991266 2.65942e-05 0.00101786 0.000964672
94.2 0.000991665 2.66049e-05 0.00101827 0.00096506
94.3 0.000990743 2.66049e-05 0.00101735 0.000964138
94.4 0.00099022 2.66156e-05 0.00101684 0.000963604
94.5 0.000990618 2.66263e-05 0.00101724 0.000963991
94.6 0.000990618 2.66263e-05 0.00101724 0.000963991
94.7 0.00099022 2.66156e-05 0.00101684 0.000963604
94.8 0.000990618 2.66263e-05 0.00101724 0.000963991
94.9 0.000990491 2.66477e-05 0.00101714 0.000963843
95 0.000990363 2.66691e-05 0.00101703 0.000963694
95.1 0.000989176 2.67119e-05 0.00101589 0.000962464
95.2 0.000990231 2.67654e-05 0.001017 0.000963465
95.3 0.000989957 2.68083e-05 0.00101677 0.000963149
95.4 0.000989283 2.68404e-05 0.00101612 0.000962443
95.5 0.000989536 2.68725e-05 0.00101641 0.000962663
95.6 0.000989392 2.68939e-05 0.00101629 0.000962498
95.7 0.000989247 2.69153e-05 0.00101616 0.000962332
95.8 0.000990148 2.69144e-05 0.00101706 0.000963234
95.9 0.000988315 2.69153e-05 0.00101523 0.000961399
96 0.000988677 2.69251e-05 0.0010156 0.000961752
96.1 0.000989463 2.69465e-05 0.00101641 0.000962516
96.2 0.000987596 2.69465e-05 0.00101454 0.000960649
96.3 0.000988922 2.69572e-05 0.00101588 0.000961964
96.4 0.000989314 2.69679e-05 0.00101628 0.000962346
96.5 0.000989314 2.69679e-05 0.00101628 0.000962346
96.6 0.00098838 2.69679e-05 0.00101535 0.000961412
96.7 0.000988772 2.69786e-05 0.00101575 0.000961794
96.8 0.00098823 2.69893e-05 0.00101522 0.00096124
96.9 0.000988621 2.7e-05 0.00101562 0.000961621
97 0.000989013 2.70107e-05 0.00101602 0.000962003
97.1 0.000987924 2.70321e-05 0.00101496 0.000960892
97.2 0.000986442 2.70428e-05 0.00101348 0.000959399
97.3 0.000986675 2.7075e-05 0.00101375 0.0009596
97.4 0.000988075 2.71392e-05 0.00101521 0.000960935
97.5 0.000987031 2.72141e-05 0.00101425 0.000959817
97.6 0.000988195 2.72462e-05 0.00101544 0.000960949
97.7 0.000988972 2.72676e-05 0.00101624 0.000961704
97.8 0.000988415 2.72783e-05 0.00101569 0.000961137
97.9 0.000987299 2.72997e-05 0.0010146 0.000959999
98 0.00098902 2.73211e-05 0.00101634 0.000961698
98.1 0.0009879 2.73425e-05 0.00101524 0.000960558
98.2 0.000988673 2.73639e-05 0.00101604 0.000961309
98.3 0.000989447 2.73853e-05 0.00101683 0.000962061
98.4 0.000988321 2.74067e-05 0.00101573 0.000960914
98.5 0.000989479 2.74388e-05 0.00101692 0.00096204
98.6 0.000988348 2.74602e-05 0.00101581 0.000960888
98.7 0.000988733 2.74709e-05 0.0010162 0.000961262
98.8 0.000989889 2.7503e-05 0.00101739 0.000962386
98.9 0.000988752 2.75244e-05 0.00101628 0.000961228
99 0.000989906 2.75565e-05 0.00101746 0.000962349
99.1 0.000988764 2.75779e-05 0.00101634 0.000961186
99.2 0.000987808 2.75779e-05 0.00101539 0.000960231
99.3 0.000988575 2.75993e-05 0.00101617 0.000960976
99.4 0.000987428 2.76207e-05 0.00101505 0.000959807
99.5 0.000987618 2.76528e-05 0.00101527 0.000959965
99.6 0.000987805 2.76849e-05 0.00101549 0.000960121
99.7 0.00098665 2.77063e-05 0.00101436 0.000958943
99.8 0.000987991 2.7717e-05 0.00101571 0.000960274
99.9 0.000987793 2.77384e-05 0.00101553 0.000960054
100 0.000987012 2.77706e-05 0.00101478 0.000959242
100.1 0.000986779 2.77911e-05 0.00101457 0.000958988
100.2 0.000986576 2.78125e-05 0.00101439 0.000958763
100.3 0.000987335 2.78339e-05 0.00101517 0.000959501
100.4 0.000987129 2.78553e-05 0.00101498 0.000959274
100.5 0.000985369 2.78874e-05 0.00101326 0.000957481
100.6 0.000986125 2.79088e-05 0.00101403 0.000958216
100.7 0.000987259 2.79409e-05 0.0010152 0.000959318
100.8 0.000986078 2.79623e-05 0.00101404 0.000958116
100.9 0.00098624 2.79944e-05 0.00101423 0.000958246
101 0.000984677 2.80051e-05 0.00101268 0.000956672
101.1 0.000985053 2.80158e-05 0.00101307 0.000957038
101.2 0.00098543 2.80265e-05 0.00101346 0.000957403
101.3 0.000984239 2.80479e-05 0.00101229 0.000956191
101.4 0.000984393 2.808e-05 0.00101247 0.000956313
101.5 0.000983196 2.81014e-05 0.0010113 0.000955095
101.6 0.000983345 2.81335e-05 0.00101148 0.000955211
101.7 0.000984093 2.81549e-05 0.00101225 0.000955938
101.8 0.000983865 2.81763e-05 0.00101204 0.000955689
101.9 0.000984612 2.81977e-05 0.00101281 0.000956415
102 0.00098536 2.82191e-05 0.00101358 0.000957141
102.1 0.000985129 2.82405e-05 0.00101337 0.000956888
102.2 0.000984896 2.82619e-05 0.00101316 0.000956634
102.3 0.000984662 2.82833e-05 0.00101295 0.000956379
102.4 0.000983683 2.82833e-05 0.00101197 0.000955399
102.5 0.000984662 2.82833e-05 0.00101295 0.000956379
102.6 0.000983075 2.8294e-05 0.00101137 0.000954781
102.7 0.000982837 2.83154e-05 0.00101115 0.000954522
102.8 0.00098358 2.83368e-05 0.00101192 0.000955243
102.9 0.000983341 2.83582e-05 0.0010117 0.000954983
103 0.0009831 2.83797e-05 0.00101148 0.00095472
103.1 0.000983841 2.84011e-05 0.00101224 0.00095544
103.2 0.000984339 2.84439e-05 0.00101278 0.000955895
103.3 0.00098545 2.8476e-05 0.00101393 0.000956974
103.4 0.000983846 2.84867e-05 0.00101233 0.00095536
103.5 0.000984586 2.85081e-05 0.00101309 0.000956078
103.6 0.000985325 2.85295e-05 0.00101385 0.000956795
103.7 0.000984706 2.85402e-05 0.00101325 0.000956166
103.8 0.000985444 2.85616e-05 0.00101401 0.000956883
103.9 0.000986183 2.8583e-05 0.00101477 0.0009576
104 0.000983948 2.86044e-05 0.00101255 0.000955344
104.1 0.000985676 2.86258e-05 0.0010143 0.00095705
104.2 0.000985421 2.86472e-05 0.00101407 0.000956774
104.3 0.000985164 2.86686e-05 0.00101383 0.000956495
104.4 0.000985899 2.869e-05 0.00101459 0.000957209
104.5 0.000984279 2.87007e-05 0.00101298 0.000955578
104.6 0.000984646 2.87114e-05 0.00101336 0.000955934
104.7 0.000984646 2.87114e-05 0.00101336 0.000955934
104.8 0.000984415 2.87337e-05 0.00101315 0.000955682
104.9 0.000984782 2.87444e-05 0.00101353 0.000956038
105 0.000983888 2.87765e-05 0.00101266 0.000955112
105.1 0.000983355 2.88193e-05 0.00101217 0.000954536
105.2 0.000982816 2.88621e-05 0.00101168 0.000953954
105.3 0.000983636 2.89156e-05 0.00101255 0.000954721
105.4 0.000983086 2.89584e-05 0.00101204 0.000954128
105.5 0.000983172 2.89905e-05 0.00101216 0.000954181
105.6 0.000982893 2.90119e-05 0.0010119 0.000953881
105.7 0.000982974 2.9044e-05 0.00101202 0.00095393
105.8 0.000982046 2.90761e-05 0.00101112 0.00095297
105.9 0.000982484 2.9119e-05 0.0010116 0.000953365
106 0.000983206 2.91404e-05 0.00101235 0.000954065
106.1 0.000982918 2.91618e-05 0.00101208 0.000953756
106.2 0.000981257 2.91725e-05 0.00101043 0.000952085
106.3 0.000981977 2.91939e-05 0.00101117 0.000952783
106.4 0.000981032 2.9226e-05 0.00101026 0.000951806
106.5 0.000980083 2.92581e-05 0.00100934 0.000950825
106.6 0.000979785 2.92795e-05 0.00100906 0.000950506
106.7 0.000979487 2.93009e-05 0.00100879 0.000950186
106.8 0.000979844 2.93116e-05 0.00100916 0.000950533
106.9 0.000978829 2.93116e-05 0.00100814 0.000949517
107 0.000980202 2.93223e-05 0.00100952 0.00095088
107.1 0.00098056 2.9333e-05 0.00100989 0.000951227
107.2 0.000981275 2.93544e-05 0.00101063 0.000951921
107.3 0.000980973 2.93758e-05 0.00101035 0.000951597
107.4 0.000981027 2.94079e-05 0.00101043 0.000951619
107.5 0.000980414 2.94507e-05 0.00100986 0.000950964
107.6 0.000979085 2.94721e-05 0.00100856 0.000949613
107.7 0.000979796 2.94935e-05 0.00100929 0.000950302
107.8 0.000980195 2.95363e-05 0.00100973 0.000950658
107.9 0.000979212 2.95684e-05 0.00100878 0.000949643
108 0.00097787 2.95898e-05 0.00100746 0.000948281
108.1 0.000978578 2.96112e-05 0.00100819 0.000948966
108.2 0.000979957 2.96219e-05 0.00100958 0.000950336
108.3 0.000979639 2.96433e-05 0.00100928 0.000949995
108.4 0.000979992 2.9654e-05 0.00100965 0.000950338
108.5 0.000980025 2.96861e-05 0.00100971 0.000950339
108.6 0.000980378 2.96968e-05 0.00101008 0.000950681
108.7 0.000981085 2.97182e-05 0.0010108 0.000951367
108.8 0.000980084 2.97503e-05 0.00100983 0.000950333
108.9 0.000980436 2.9761e-05 0.0010102 0.000950675
109 0.000981141 2.97824e-05 0.00101092 0.000951359
109.1 0.000980814 2.98039e-05 0.00101062 0.00095101
109.2 0.000980837 2.9836e-05 0.00101067 0.000951001
109.3 0.000980858 2.98681e-05 0.00101073 0.00095099
109.4 0.000980876 2.99002e-05 0.00101078 0.000950976
109.5 0.000981929 2.99323e-05 0.00101186 0.000951997
109.6 0.000980907 2.99644e-05 0.00101087 0.000950942
109.7 0.000980918 2.99965e-05 0.00101091 0.000950922
109.8 0.000981968 3.00286e-05 0.001012 0.00095194
109.9 0.000979894 3.00607e-05 0.00100995 0.000949833
110 0.000980941 3.00928e-05 0.00101103 0.000950848
110.1 0.000979204 3.01356e-05 0.00100934 0.000949069
110.2 0.000978504 3.01784e-05 0.00100868 0.000948326
110.3 0.000978145 3.02319e-05 0.00100838 0.000947913
110.4 0.000979183 3.0264e-05 0.00100945 0.000948919
110.5 0.000978827 3.02854e-05 0.00100911 0.000948541
110.6 0.000978814 3.03175e-05 0.00100913 0.000948497
110.7 0.000979145 3.03603e-05 0.0010095 0.000948784
110.8 0.000979835 3.03817e-05 0.00101022 0.000949453
110.9 0.000977709 3.04138e-05 0.00100812 0.000947296
111 0.000977343 3.04352e-05 0.00100778 0.000946908
111.1 0.000976975 3.04566e-05 0.00100743 0.000946519
111.2 0.000977319 3.04673e-05 0.00100779 0.000946851
111.3 0.000977662 3.0478e-05 0.00100814 0.000947184
111.4 0.000978005 3.04888e-05 0.00100849 0.000947517
111.5 0.000976236 3.04995e-05 0.00100673 0.000945736
111.6 0.000976578 3.05102e-05 0.00100709 0.000946068
111.7 0.000977263 3.05316e-05 0.00100779 0.000946732
111.8 0.00097689 3.0553e-05 0.00100744 0.000946337
111.9 0.000976173 3.05637e-05 0.00100674 0.00094561
112 0.000976857 3.05851e-05 0.00100744 0.000946272
112.1 0.000976139 3.05958e-05 0.00100673 0.000945543
112.2 0.00097648 3.06065e-05 0.00100709 0.000945874
112.3 0.000975761 3.06172e-05 0.00100638 0.000945144
112.4 0.000976102 3.06279e-05 0.00100673 0.000945474
112.5 0.000976443 3.06386e-05 0.00100708 0.000945805
112.6 0.000975722 3.06493e-05 0.00100637 0.000945073
112.7 0.000975341 3.06707e-05 0.00100601 0.000944671
112.8 0.000975682 3.06814e-05 0.00100636 0.000945
112.9 0.000974959 3.06921e-05 0.00100565 0.000944267
113 0.000976362 3.07028e-05 0.00100707 0.00094566
113.1 0.000975299 3.07028e-05 0.001006 0.000944596
113.2 0.000975639 3.07135e-05 0.00100635 0.000944925
113.3 0.000975979 3.07242e-05 0.0010067 0.000945254
113.4 0.000974914 3.07242e-05 0.00100564 0.00094419
113.5 0.000975254 3.07349e-05 0.00100599 0.000944519
113.6 0.000974528 3.07456e-05 0.00100527 0.000943783
113.7 0.000974868 3.07563e-05 0.00100562 0.000944111
113.8 0.000975546 3.07777e-05 0.00100632 0.000944768
113.9 0.000975157 3.07991e-05 0.00100596 0.000944358
114 0.000974429 3.08098e-05 0.00100524 0.000943619
114.1 0.000975444 3.08419e-05 0.00100629 0.000944603
114.2 0.000974321 3.0874e-05 0.00100519 0.000943447
114.3 0.000974263 3.09061e-05 0.00100517 0.000943357
114.4 0.000974938 3.09275e-05 0.00100587 0.000944011
114.5 0.000975613 3.09489e-05 0.00100656 0.000944664
114.6 0.000975215 3.09703e-05 0.00100618 0.000944244
114.7 0.000974815 3.09917e-05 0.00100581 0.000943823
114.8 0.000975152 3.10024e-05 0.00100615 0.000944149
114.9 0.000975825 3.10238e-05 0.00100685 0.000944801
115 0.000974683 3.10559e-05 0.00100574 0.000943627
115.1 0.000974949 3.10987e-05 0.00100605 0.00094385
115.2 0.000975956 3.11308e-05 0.00100709 0.000944825
115.3 0.000974468 3.11522e-05 0.00100562 0.000943316
115.4 0.000975138 3.11737e-05 0.00100631 0.000943964
115.5 0.000974392 3.11844e-05 0.00100558 0.000943208
115.6 0.000975061 3.12058e-05 0.00100627 0.000943855
115.7 0.00097573 3.12272e-05 0.00100696 0.000944503
115.8 0.000974982 3.12379e-05 0.00100622 0.000943744
115.9 0.000975316 3.12486e-05 0.00100656 0.000944068
116 0.000975984 3.127e-05 0.00100725 0.000944714
116.1 0.000962653 3.08428e-05 0.000993496 0.00093181
116.2 0.000962718 3.08107e-05 0.000993528 0.000931907
116.3 0.000962383 3.08e-05 0.000993183 0.000931583
116.4 0.000965584 3.08e-05 0.000996384 0.000934784
116.5 0.000965584 3.08e-05 0.000996384 0.000934784
116.6 0.000961441 3.07358e-05 0.000992177 0.000930705
116.7 0.000962672 3.06394e-05 0.000993312 0.000932033
116.8 0.000967348 3.05859e-05 0.000997934 0.000936762
116.9 0.000966671 3.05645e-05 0.000997235 0.000936106
117 0.000967051 3.05431e-05 0.000997594 0.000936508
117.1 0.000966073 3.04788e-05 0.000996552 0.000935595
117.2 0.000967198 3.04146e-05 0.000997613 0.000936784
117.3 0.000964104 3.03504e-05 0.000994455 0.000933754
117.4 0.000956445 3.03076e-05 0.000986752 0.000926137
117.5 0.000961384 3.02647e-05 0.000991648 0.000931119
117.6 0.000962092 3.0254e-05 0.000992346 0.000931838
117.7 0.000959656 3.02433e-05 0.000989899 0.000929413
117.8 0.000961776 3.02112e-05 0.000991988 0.000931565
117.9 0.000961799 3.01791e-05 0.000991978 0.00093162
118 0.000954171 3.01363e-05 0.000984307 0.000924035
118.1 0.000956675 3.00837e-05 0.000986758 0.000926591
118.2 0.000955292 3.0073e-05 0.000985365 0.000925219
118.3 0.000955994 3.00623e-05 0.000986056 0.000925931
118.4 0.000957053 3.00302e-05 0.000987083 0.000927023
118.5 0.000954649 2.99873e-05 0.000984637 0.000924662
118.6 0.000958824 2.99231e-05 0.000988747 0.000928901
118.7 0.000960213 2.98696e-05 0.000990082 0.000930343
118.8 0.000959524 2.98482e-05 0.000989373 0.000929676
118.9 0.000959525 2.9816e-05 0.000989341 0.000929709
119 0.000960555 2.97839e-05 0.000990339 0.000930771
119.1 0.000961234 2.97411e-05 0.000990975 0.000931493
119.2 0.000961908 2.96983e-05 0.000991606 0.000932209
119.3 0.000961201 2.96447e-05 0.000990845 0.000931556
119.4 0.000961533 2.96233e-05 0.000991156 0.000931909
119.5 0.000957761 2.96019e-05 0.000987363 0.000928159
119.6 0.000958076 2.95484e-05 0.000987625 0.000928528
119.7 0.000960428 2.94949e-05 0.000989923 0.000930933
119.8 0.000958685 2.94413e-05 0.000988126 0.000929243
119.9 0.000959676 2.94092e-05 0.000989086 0.000930267
120 0.000961681 2.93771e-05 0.000991058 0.000932304
120.1 0.000960279 2.93343e-05 0.000989614 0.000930945
120.2 0.00096157 2.92807e-05 0.000990851 0.000932289
120.3 0.000963156 2.92058e-05 0.000992362 0.00093395
120.4 0.000961694 2.91309e-05 0.000990824 0.000932563
120.5 0.000961233 2.90559e-05 0.000990288 0.000932177
120.6 0.000961826 2.90131e-05 0.000990839 0.000932813
120.7 0.000962769 2.8981e-05 0.00099175 0.000933788
120.8 0.000964064 2.89596e-05 0.000993024 0.000935105
120.9 0.000962349 2.89381e-05 0.000991287 0.000933411
121 0.000964642 2.89167e-05 0.000993559 0.000935725
121.1 0.000964929 2.88953e-05 0.000993824 0.000936033
121.2 0.000963213 2.88739e-05 0.000992087 0.000934339
121.3 0.000964498 2.88525e-05 0.000993351 0.000935646
121.4 0.000963782 2.88311e-05 0.000992613 0.000934951
121.5 0.000965062 2.88097e-05 0.000993872 0.000936253
121.6 0.00096598 2.87776e-05 0.000994758 0.000937203
121.7 0.000964983 2.87776e-05 0.000993761 0.000936206
121.8 0.000965262 2.87561e-05 0.000994018 0.000936505
121.9 0.000966808 2.87133e-05 0.000995521 0.000938095
122 0.000965727 2.86812e-05 0.000994408 0.000937045
122.1 0.000967714 2.86812e-05 0.000996395 0.000939033
122.2 0.00096672 2.86812e-05 0.000995401 0.000938039
122.3 0.000965727 2.86812e-05 0.000994408 0.000937045
122.4 0.00096672 2.86812e-05 0.000995401 0.000938039
122.5 0.00096663 2.86491e-05 0.000995279 0.000937981
122.6 0.000966709 2.85634e-05 0.000995272 0.000938145
122.7 0.00096786 2.85099e-05 0.00099637 0.00093935
122.8 0.000966406 2.84671e-05 0.000994873 0.000937939
122.9 0.000967286 2.8435e-05 0.000995721 0.000938851
123 0.000967177 2.84028e-05 0.00099558 0.000938774
123.1 0.000966448 2.83814e-05 0.000994829 0.000938067
123.2 0.000967066 2.83707e-05 0.000995437 0.000938696
123.3 0.000965971 2.83386e-05 0.00099431 0.000937633
123.4 0.000964877 2.83065e-05 0.000993183 0.00093657
123.5 0.000966472 2.82958e-05 0.000994768 0.000938176
123.6 0.000965741 2.82744e-05 0.000994015 0.000937466
123.7 0.000965988 2.8253e-05 0.000994241 0.000937735
123.8 0.000967579 2.82423e-05 0.000995821 0.000939337
123.9 0.000965622 2.82423e-05 0.000993864 0.00093738
124 0.000967579 2.82423e-05 0.000995821 0.000939337
124.1 0.000967946 2.8253e-05 0.000996199 0.000939693
124.2 0.000967946 2.8253e-05 0.000996199 0.000939693
124.3 0.000969291 2.82637e-05 0.000997555 0.000941028
124.4 0.000967333 2.82637e-05 0.000995597 0.00093907
124.5 0.000968557 2.82423e-05 0.000996799 0.000940315
124.6 0.000968433 2.82101e-05 0.000996643 0.000940223
124.7 0.00096733 2.8178e-05 0.000995508 0.000939152
124.8 0.000967939 2.81673e-05 0.000996106 0.000939771
124.9 0.000967809 2.81352e-05 0.000995945 0.000939674
125 0.00096838 2.80388e-05 0.000996419 0.000940341
125.1 0.000967729 2.79639e-05 0.000995693 0.000939765
125.2 0.000966247 2.79211e-05 0.000994168 0.000938326
125.3 0.000966844 2.79104e-05 0.000994754 0.000938933
125.4 0.000968777 2.79104e-05 0.000996688 0.000940867
125.5 0.000966844 2.79104e-05 0.000994754 0.000938933
125.6 0.000968182 2.79211e-05 0.000996103 0.000940261
125.7 0.000969149 2.79211e-05 0.00099707 0.000941228
125.8 0.000969149 2.79211e-05 0.00099707 0.000941228
125.9 0.000971899 2.7889e-05 0.000999788 0.00094401
126 0.000971429 2.77926e-05 0.000999222 0.000943636
126.1 0.000972066 2.77284e-05 0.000999794 0.000944337
126.2 0.0009744 2.76856e-05 0.00100209 0.000946715
126.3 0.000970602 2.7632e-05 0.000998234 0.00094297
126.4 0.000973876 2.75892e-05 0.00100147 0.000946287
126.5 0.000974273 2.75464e-05 0.00100182 0.000946727
126.6 0.00097409 2.75143e-05 0.0010016 0.000946576
126.7 0.000975809 2.74821e-05 0.00100329 0.000948327
126.8 0.00097562 2.745e-05 0.00100307 0.00094817
126.9 0.000975997 2.74072e-05 0.0010034 0.000948589
127 0.000975801 2.73751e-05 0.00100318 0.000948426
127.1 0.000975038 2.73537e-05 0.00100239 0.000947684
127.2 0.000976933 2.73537e-05 0.00100429 0.000949579
127.3 0.000977881 2.73537e-05 0.00100523 0.000950527
127.4 0.000976168 2.73323e-05 0.0010035 0.000948836
127.5 0.000975584 2.72894e-05 0.00100287 0.000948295
127.6 0.000974819 2.7268e-05 0.00100209 0.000947551
127.7 0.000975941 2.72466e-05 0.00100319 0.000948694
127.8 0.000977445 2.72359e-05 0.00100468 0.000950209
127.9 0.000975733 2.72145e-05 0.00100295 0.000948519
128 0.00097685 2.71931e-05 0.00100404 0.000949657
128.1 0.000977022 2.71717e-05 0.00100419 0.00094985
128.2 0.000976252 2.71503e-05 0.0010034 0.000949102
128.3 0.000976807 2.71395e-05 0.00100395 0.000949667
128.4 0.000976036 2.71181e-05 0.00100315 0.000948918
128.5 0.000975266 2.70967e-05 0.00100236 0.000948169
128.6 0.000975985 2.70646e-05 0.00100305 0.00094892
128.7 0.000974276 2.70432e-05 0.00100132 0.000947233
128.8 0.000975377 2.70218e-05 0.0010024 0.000948355
128.9 0.000975926 2.70111e-05 0.00100294 0.000948915
129 0.000974217 2.69897e-05 0.00100121 0.000947228
129.1 0.0009757 2.6979e-05 0.00100268 0.000948721
129.2 0.000975829 2.69567e-05 0.00100279 0.000948872
129.3 0.000975054 2.69353e-05 0.00100199 0.000948118
129.4 0.000975599 2.69246e-05 0.00100252 0.000948674
129.5 0.000975755 2.69032e-05 0.00100266 0.000948852
129.6 0.000974823 2.69032e-05 0.00100173 0.00094792
129.7 0.000981347 2.69032e-05 0.00100825 0.000954444
129.8 0.000974978 2.68818e-05 0.00100186 0.000948097
129.9 0.000974355 2.68389e-05 0.00100119 0.000947516
130 0.000977684 2.68282e-05 0.00100451 0.000950856
130.1 0.000976513 2.67961e-05 0.00100331 0.000949717
130.2 0.000974953 2.67533e-05 0.00100171 0.0009482
130.3 0.000971005 2.67212e-05 0.000997727 0.000944284
130.4 0.00097407 2.66784e-05 0.00100075 0.000947392
130.5 0.00097659 2.66462e-05 0.00100324 0.000949944
130.6 0.000975413 2.66141e-05 0.00100203 0.000948799
130.7 0.000976605 2.65713e-05 0.00100318 0.000950033
130.8 0.000977263 2.65392e-05 0.0010038 0.000950724
130.9 0.000975686 2.64964e-05 0.00100218 0.00094919
131 0.000977649 2.64749e-05 0.00100412 0.000951174
131.1 0.000976463 2.64428e-05 0.00100291 0.00095002
131.2 0.000976192 2.64107e-05 0.0010026 0.000949781
131.3 0.000976436 2.63679e-05 0.0010028 0.000950068
131.4 0.00097473 2.63465e-05 0.00100108 0.000948384
131.5 0.000976159 2.63358e-05 0.00100249 0.000949823
131.6 0.000976277 2.63144e-05 0.00100259 0.000949962
131.7 0.000974968 2.63037e-05 0.00100127 0.000948665
131.8 0.000975996 2.62822e-05 0.00100228 0.000949713
131.9 0.000974405 2.62394e-05 0.00100064 0.000948166
132 0.000974121 2.62073e-05 0.00100033 0.000947913
132.1 0.000975647 2.61752e-05 0.00100182 0.000949472
132.2 0.000971623 2.61645e-05 0.000997787 0.000945458
132.3 0.00097445 2.61431e-05 0.00100059 0.000948307
132.4 0.000975462 2.61217e-05 0.00100158 0.00094934
132.5 0.000974157 2.6111e-05 0.00100027 0.000948046
132.6 0.000974662 2.61003e-05 0.00100076 0.000948562
132.7 0.000974262 2.60895e-05 0.00100035 0.000948173
132.8 0.000973966 2.60574e-05 0.00100002 0.000947908
132.9 0.000974969 2.6036e-05 0.00100101 0.000948933
133 0.000973266 2.60146e-05 0.000999281 0.000947252
133.1 0.000974137 2.60138e-05 0.00100015 0.000948123
133.2 0.000975166 2.59932e-05 0.00100116 0.000949173
133.3 0.000973433 2.5971e-05 0.000999404 0.000947462
133.4 0.000972757 2.5929e-05 0.000998686 0.000946828
133.5 0.000973315 2.5896e-05 0.000999211 0.000947419
133.6 0.000973407 2.58746e-05 0.000999282 0.000947532
133.7 0.0009752 2.58746e-05 0.00100107 0.000949325
133.8 0.000974303 2.58746e-05 0.00100018 0.000948429
133.9 0.0009752 2.58746e-05 0.00100107 0.000949325
134 0.000976184 2.58532e-05 0.00100204 0.000950331
134.1 0.000974163 2.57997e-05 0.000999962 0.000948363
134.2 0.000974735 2.57676e-05 0.0010005 0.000948968
134.3 0.000976115 2.57569e-05 0.00100187 0.000950358
134.4 0.000975383 2.5714e-05 0.0010011 0.000949669
134.5 0.000975944 2.56819e-05 0.00100163 0.000950262
134.6 0.000974723 2.56498e-05 0.00100037 0.000949074
134.7 0.000975685 2.56284e-05 0.00100131 0.000950057
134.8 0.000977531 2.5607e-05 0.00100314 0.000951924
134.9 0.000975349 2.55963e-05 0.00100095 0.000949753
135 0.000976305 2.55749e-05 0.00100188 0.000950731
135.1 0.000977258 2.55535e-05 0.00100281 0.000951705
135.2 0.000976914 2.55213e-05 0.00100244 0.000951393
135.3 0.000978806 2.54785e-05 0.00100428 0.000953327
135.4 0.00097763 2.5425e-05 0.00100306 0.000952205
135.5 0.00097733 2.53715e-05 0.0010027 0.000951958
135.6 0.000977899 2.53179e-05 0.00100322 0.000952581
135.7 0.000977121 2.52751e-05 0.0010024 0.000951845
135.8 0.000978042 2.52537e-05 0.0010033 0.000952789
135.9 0.00097942 2.52216e-05 0.00100464 0.000954198
136 0.000978173 2.51895e-05 0.00100336 0.000952983
136.1 0.000979957 2.51681e-05 0.00100512 0.000954789
136.2 0.000979123 2.51467e-05 0.00100427 0.000953976
136.3 0.000979577 2.5136e-05 0.00100471 0.000954441
136.4 0.000981771 2.51253e-05 0.0010069 0.000956646
136.5 0.000980065 2.51038e-05 0.00100517 0.000954961
136.6 0.000980967 2.50824e-05 0.00100605 0.000955884
136.7 0.000980997 2.5061e-05 0.00100606 0.000955936
136.8 0.00097971 2.50503e-05 0.00100476 0.00095466
136.9 0.000981894 2.50396e-05 0.00100693 0.000956854
137 0.000981921 2.50182e-05 0.00100694 0.000956903
137.1 0.000980635 2.50075e-05 0.00100564 0.000955627
137.2 0.000982392 2.49861e-05 0.00100738 0.000957406
137.3 0.00098155 2.49647e-05 0.00100651 0.000956585
137.4 0.000981129 2.4954e-05 0.00100608 0.000956175
137.5 0.000982014 2.49326e-05 0.00100695 0.000957082
137.6 0.000980308 2.49111e-05 0.00100522 0.000955397
137.7 0.000982052 2.48897e-05 0.00100694 0.000957163
137.8 0.000982069 2.48683e-05 0.00100694 0.000957201
137.9 0.000980801 2.48362e-05 0.00100564 0.000955965
138 0.000981262 2.47827e-05 0.00100605 0.00095648
138.1 0.000980839 2.4772e-05 0.00100561 0.000956067
138.2 0.000981706 2.47506e-05 0.00100646 0.000956955
138.3 0.000983857 2.47185e-05 0.00100858 0.000959138
138.4 0.000980438 2.4697e-05 0.00100514 0.000955741
138.5 0.000982581 2.46649e-05 0.00100725 0.000957916
138.6 0.000984289 2.46435e-05 0.00100893 0.000959645
138.7 0.000983039 2.46336e-05 0.00100767 0.000958405
138.8 0.000983037 2.46122e-05 0.00100765 0.000958425
138.9 0.000982609 2.46015e-05 0.00100721 0.000958008
139 0.000983462 2.46015e-05 0.00100806 0.00095886
139.1 0.000984737 2.45908e-05 0.00100933 0.000960147
139.2 0.000983886 2.45908e-05 0.00100848 0.000959295
139.3 0.00098388 2.45694e-05 0.00100845 0.000959311
139.4 0.000986003 2.45586e-05 0.00101056 0.000961445
139.5 0.000983444 2.45372e-05 0.00100798 0.000958907
139.6 0.000985133 2.45158e-05 0.00100965 0.000960618
139.7 0.000984703 2.45051e-05 0.00100921 0.000960198
139.8 0.000983843 2.44837e-05 0.00100833 0.000959359
139.9 0.00098594 2.44516e-05 0.00101039 0.000961489
140 0.000983368 2.44088e-05 0.00100778 0.000958959
140.1 0.000985472 2.43981e-05 0.00100987 0.000961074
140.2 0.00098673 2.43874e-05 0.00101112 0.000962342
140.3 0.00098673 2.43874e-05 0.00101112 0.000962342
140.4 0.000987551 2.43659e-05 0.00101192 0.000963185
140.5 0.000986632 2.43017e-05 0.00101093 0.00096233
140.6 0.000986169 2.42696e-05 0.00101044 0.000961899
140.7 0.000985703 2.42375e-05 0.00100994 0.000961466
140.8 0.00098651 2.42161e-05 0.00101073 0.000962294
140.9 0.000985235 2.42054e-05 0.00100944 0.00096103
141 0.000983123 2.41947e-05 0.00100732 0.000958929
141.1 0.000981044 2.41847e-05 0.00100523 0.000956859
141.2 0.00098436 2.41633e-05 0.00100852 0.000960197
141.3 0.000985161 2.41419e-05 0.0010093 0.000961019
141.4 0.000984287 2.41205e-05 0.00100841 0.000960166
141.5 0.00098552 2.41098e-05 0.00100963 0.000961411
141.6 0.000984685 2.41098e-05 0.0010088 0.000960576
141.7 0.000984248 2.40991e-05 0.00100835 0.000960149
141.8 0.000985876 2.40777e-05 0.00100995 0.000961798
141.9 0.000984166 2.40562e-05 0.00100822 0.000960109
142 0.000984516 2.40241e-05 0.00100854 0.000960492
142.1 0.000984862 2.3992e-05 0.00100885 0.00096087
142.2 0.000983153 2.39706e-05 0.00100712 0.000959182
142.3 0.000984814 2.39706e-05 0.00100878 0.000960843
142.4 0.000985204 2.39599e-05 0.00100916 0.000961244
142.5 0.000985432 2.38849e-05 0.00100932 0.000961547
142.6 0.000986526 2.38314e-05 0.00101036 0.000962694
142.7 0.000985196 2.37993e-05 0.001009 0.000961397
142.8 0.000986401 2.37886e-05 0.00101019 0.000962612
142.9 0.000987225 2.37886e-05 0.00101101 0.000963436
143 0.000985577 2.37886e-05 0.00100937 0.000961788
143.1 0.000987604 2.37779e-05 0.00101138 0.000963826
143.2 0.00098716 2.37672e-05 0.00101093 0.000963393
143.3 0.00098627 2.37458e-05 0.00101002 0.000962525
143.4 0.000986955 2.37029e-05 0.00101066 0.000963252
143.5 0.000985618 2.36708e-05 0.00100929 0.000961947
143.6 0.00098629 2.3628e-05 0.00100992 0.000962662
143.7 0.000988298 2.36173e-05 0.00101191 0.00096468
143.8 0.000987032 2.36066e-05 0.00101064 0.000963425
143.9 0.000988588 2.35852e-05 0.00101217 0.000965002
144 0.000988455 2.35431e-05 0.001012 0.000964912
144.1 0.000987921 2.3511e-05 0.00101143 0.00096441
144.2 0.00098856 2.34682e-05 0.00101203 0.000965092
144.3 0.000988379 2.34253e-05 0.0010118 0.000964954
144.4 0.000988645 2.33932e-05 0.00101204 0.000965251
144.5 0.000990622 2.33825e-05 0.001014 0.00096724
144.6 0.000988096 2.33611e-05 0.00101146 0.000964735
144.7 0.000988808 2.33397e-05 0.00101215 0.000965468
144.8 0.000990324 2.33183e-05 0.00101364 0.000967006
144.9 0.000988153 2.32861e-05 0.00101144 0.000964867
145 0.000988401 2.3254e-05 0.00101166 0.000965147
145.1 0.000987841 2.32219e-05 0.00101106 0.000964619
145.2 0.00098693 2.32005e-05 0.00101013 0.000963729
145.3 0.000988774 2.31684e-05 0.00101194 0.000965605
145.4 0.000986366 2.31684e-05 0.00100953 0.000963198
145.5 0.000987971 2.31684e-05 0.00101114 0.000964803
145.6 0.000989576 2.31684e-05 0.00101274 0.000966408
145.7 0.000988774 2.31684e-05 0.00101194 0.000965605
145.8 0.000989006 2.31363e-05 0.00101214 0.00096587
145.9 0.0009874 2.30613e-05 0.00101046 0.000964339
146 0.000988877 2.30399e-05 0.00101192 0.000965838
146.1 0.000990811 2.30292e-05 0.00101384 0.000967782
146.2 0.000988756 2.30185e-05 0.00101177 0.000965737
146.3 0.000989429 2.29971e-05 0.00101243 0.000966432
146.4 0.000990927 2.29764e-05 0.0010139 0.000967951
146.5 0.000988874 2.29657e-05 0.00101184 0.000965908
146.6 0.000990336 2.29443e-05 0.00101328 0.000967392
146.7 0.000990206 2.29229e-05 0.00101313 0.000967283
146.8 0.000989744 2.29121e-05 0.00101266 0.000966832
146.9 0.000990734 2.288e-05 0.00101361 0.000967854
147 0.000989807 2.28586e-05 0.00101267 0.000966948
147.1 0.000989997 2.28265e-05 0.00101282 0.000967171
147.2 0.000992229 2.28051e-05 0.00101503 0.000969424
147.3 0.000990042 2.2773e-05 0.00101282 0.000967269
147.4 0.000991507 2.27523e-05 0.00101426 0.000968755
147.5 0.000992149 2.27308e-05 0.00101488 0.000969418
147.6 0.00098996 2.26987e-05 0.00101266 0.000967262
147.7 0.000991232 2.26559e-05 0.00101389 0.000968576
147.8 0.00099061 2.26238e-05 0.00101323 0.000967986
147.9 0.000991082 2.2581e-05 0.00101366 0.000968501
148 0.000991234 2.25488e-05 0.00101378 0.000968685
148.1 0.000989512 2.25274e-05 0.00101204 0.000966985
148.2 0.000990911 2.2506e-05 0.00101342 0.000968405
148.3 0.00099247 2.2506e-05 0.00101498 0.000969964
148.4 0.000990275 2.24739e-05 0.00101275 0.000967801
148.5 0.000991665 2.24525e-05 0.00101412 0.000969212
148.6 0.000990246 2.24203e-05 0.00101267 0.000967826
148.7 0.000990549 2.24096e-05 0.00101296 0.00096814
148.8 0.000992102 2.24096e-05 0.00101451 0.000969692
148.9 0.000990378 2.23882e-05 0.00101277 0.00096799
149 0.000991455 2.23775e-05 0.00101383 0.000969078
149.1 0.00099253 2.23668e-05 0.0010149 0.000970164
149.2 0.00099158 2.23454e-05 0.00101393 0.000969235
149.3 0.00099295 2.2324e-05 0.00101527 0.000970626
149.4 0.000992474 2.23133e-05 0.00101479 0.00097016
149.5 0.000990749 2.22919e-05 0.00101304 0.000968457
149.6 0.000992112 2.22704e-05 0.00101438 0.000969841
149.7 0.000991928 2.2249e-05 0.00101418 0.000969679
149.8 0.000993575 2.22169e-05 0.00101579 0.000971358
149.9 0.000994444 2.21848e-05 0.00101663 0.000972259
150 0.000991788 2.21427e-05 0.00101393 0.000969646
150.1 0.000992647 2.21105e-05 0.00101476 0.000970537
150.2 0.000993216 2.20891e-05 0.00101531 0.000971127
150.3 0.000992536 2.2057e-05 0.00101459 0.000970479
150.4 0.000994626 2.20356e-05 0.00101666 0.00097259
150.5 0.000993379 2.20249e-05 0.0010154 0.000971355
150.6 0.000993454 2.19928e-05 0.00101545 0.000971462
150.7 0.000995322 2.19499e-05 0.00101727 0.000973372
150.8 0.000994138 2.19071e-05 0.00101605 0.000972231
150.9 0.000995169 2.18964e-05 0.00101707 0.000973273
151 0.000996199 2.18857e-05 0.00101808 0.000974313
151.1 0.000996957 2.18857e-05 0.00101884 0.000975072
151.2 0.000997227 2.1875e-05 0.0010191 0.000975352
151.3 0.000995982 2.18643e-05 0.00101785 0.000974117
151.4 0.00099652 2.18429e-05 0.00101836 0.000974677
151.5 0.000996565 2.18107e-05 0.00101838 0.000974754
151.6 0.000995362 2.17679e-05 0.00101713 0.000973594
151.7 0.000994383 2.17465e-05 0.00101613 0.000972637
151.8 0.000992123 2.17465e-05 0.00101387 0.000970377
151.9 0.00099137 2.17465e-05 0.00101312 0.000969623
152 0.000994383 2.17465e-05 0.00101613 0.000972637
152.1 0.000993893 2.17358e-05 0.00101563 0.000972158
152.2 0.000993404 2.17251e-05 0.00101513 0.000971679
152.3 0.000995432 2.17037e-05 0.00101714 0.000973728
152.4 0.00099546 2.16715e-05 0.00101713 0.000973789
152.5 0.000993985 2.16394e-05 0.00101562 0.000972345
152.6 0.000996506 2.15966e-05 0.0010181 0.00097491
152.7 0.000993769 2.15859e-05 0.00101535 0.000972183
152.8 0.000995549 2.15759e-05 0.00101713 0.000973974
152.9 0.000995055 2.15651e-05 0.00101662 0.00097349
153 0.00099556 2.15437e-05 0.0010171 0.000974016
153.1 0.000996306 2.15437e-05 0.00101785 0.000974762
153.2 0.00099457 2.15223e-05 0.00101609 0.000973048
153.3 0.00099656 2.15009e-05 0.00101806 0.000975059
153.4 0.000995319 2.14902e-05 0.00101681 0.000973829
153.5 0.000996063 2.14902e-05 0.00101755 0.000974573
153.6 0.000994823 2.14795e-05 0.0010163 0.000973344
153.7 0.000996558 2.14688e-05 0.00101803 0.00097509
153.8 0.000995564 2.14474e-05 0.00101701 0.000974117
153.9 0.000996552 2.14367e-05 0.00101799 0.000975116
154 0.000996299 2.14152e-05 0.00101771 0.000974883
154.1 0.000995801 2.14045e-05 0.00101721 0.000974396
154.2 0.000997526 2.13938e-05 0.00101892 0.000976132
154.3 0.000996286 2.13831e-05 0.00101767 0.000974903
154.4 0.000997767 2.13831e-05 0.00101915 0.000976384
154.5 0.000998248 2.13617e-05 0.00101961 0.000976886
154.6 0.000997486 2.13296e-05 0.00101882 0.000976156
154.7 0.000998667 2.1276e-05 0.00101994 0.000977391
154.8 0.000997895 2.12439e-05 0.00101914 0.000976651
154.9 0.000997624 2.12225e-05 0.00101885 0.000976402
155 0.000998087 2.12011e-05 0.00101929 0.000976885
155.1 0.000996345 2.11797e-05 0.00101752 0.000975165
155.2 0.000997308 2.1169e-05 0.00101848 0.000976139
155.3 0.000997536 2.11583e-05 0.00101869 0.000976378
155.4 0.000996299 2.11475e-05 0.00101745 0.000975151
155.5 0.000996022 2.11261e-05 0.00101715 0.000974895
155.6 0.00099698 2.11154e-05 0.0010181 0.000975864
155.7 0.000996474 2.11047e-05 0.00101758 0.000975369
155.8 0.000998384 2.10833e-05 0.00101947 0.000977301
155.9 0.000996417 2.10726e-05 0.00101749 0.000975345
156 0.00099737 2.10619e-05 0.00101843 0.000976308
156.1 0.000998322 2.10512e-05 0.00101937 0.00097727
156.2 0.000996578 2.10298e-05 0.00101761 0.000975548
156.3 0.000996798 2.10191e-05 0.00101782 0.000975779
156.4 0.000997018 2.10084e-05 0.00101803 0.00097601
156.5 0.000997237 2.09976e-05 0.00101824 0.00097624
156.6 0.000997674 2.09762e-05 0.00101865 0.000976697
156.7 0.000997597 2.09441e-05 0.00101854 0.000976653
156.8 0.000997516 2.0912e-05 0.00101843 0.000976604
156.9 0.000998453 2.09013e-05 0.00101935 0.000977552
157 0.000997218 2.08906e-05 0.00101811 0.000976327
157.1 0.000998153 2.08799e-05 0.00101903 0.000977273
157.2 0.000997641 2.08692e-05 0.00101851 0.000976772
157.3 0.000997641 2.08692e-05 0.00101851 0.000976772
157.4 0.000999297 2.08584e-05 0.00102016 0.000978439
157.5 0.000998784 2.08477e-05 0.00101963 0.000977936
157.6 0.00099848 2.08263e-05 0.00101931 0.000977653
157.7 0.000999615 2.08049e-05 0.00102042 0.00097881
157.8 0.00099766 2.07942e-05 0.00101845 0.000976866
157.9 0.000999101 2.07942e-05 0.00101989 0.000978306
158 0.00100003 2.07835e-05 0.00102081 0.000979243
158.1 0.000998791 2.07728e-05 0.00101956 0.000978018
158.2 0.000999715 2.07621e-05 0.00102048 0.000978953
158.3 0.00100012 2.07407e-05 0.00102086 0.00097938
158.4 0.00100012 2.07407e-05 0.00102086 0.00097938
158.5 0.00100124 2.07192e-05 0.00102196 0.000980522
158.6 0.000999489 2.06978e-05 0.00102019 0.000978792
158.7 0.00100041 2.06871e-05 0.00102109 0.000979718
158.8 0.0010008 2.06657e-05 0.00102147 0.000980136
158.9 0.000999765 2.06443e-05 0.00102041 0.00097912
159 0.00100016 2.06229e-05 0.00102078 0.000979533
159.1 0.00100002 2.05908e-05 0.00102062 0.000979434
159.2 0.000998985 2.05693e-05 0.00101955 0.000978416
159.3 0.00100079 2.05479e-05 0.00102134 0.000980244
159.4 0.000999038 2.05265e-05 0.00101956 0.000978511
159.5 0.000999938 2.05158e-05 0.00102045 0.000979422
159.6 0.00100084 2.05051e-05 0.00102134 0.000980332
159.7 0.000998372 2.04837e-05 0.00101886 0.000977889
159.8 0.000999455 2.04623e-05 0.00101992 0.000978993
159.9 0.000998932 2.04516e-05 0.00101938 0.000978481
160 0.000999641 2.04516e-05 0.00102009 0.000979189
160.1 0.00100053 2.04408e-05 0.00102097 0.000980093
160.2 0.000999117 2.04408e-05 0.00101956 0.000978676
160.3 0.000999302 2.04301e-05 0.00101973 0.000978872
160.4 0.00100019 2.04194e-05 0.00102061 0.000979773
160.5 0.000998961 2.04087e-05 0.00101937 0.000978552
160.6 0.00100003 2.03873e-05 0.00102042 0.000979644
160.7 0.00100092 2.03766e-05 0.00102129 0.000980542
160.8 0.000999506 2.03766e-05 0.00101988 0.00097913
160.9 0.000999866 2.03552e-05 0.00102022 0.000979511
161 0.000999696 2.03231e-05 0.00102002 0.000979373
161.1 0.000999873 2.03124e-05 0.00102019 0.000979561
161.2 0.00100075 2.03016e-05 0.00102105 0.000980451
161.3 0.000999169 2.02695e-05 0.00101944 0.0009789
161.4 0.000999516 2.02481e-05 0.00101976 0.000979268
161.5 0.00100109 2.02374e-05 0.00102133 0.000980854
161.6 0.000999689 2.02374e-05 0.00101993 0.000979451
161.7 0.00100143 2.0216e-05 0.00102165 0.000981216
161.8 0.00100283 2.0216e-05 0.00102305 0.000982617
161.9 0.001003 2.02053e-05 0.00102321 0.000982796
162 0.00100317 2.01946e-05 0.00102336 0.000982975
162.1 0.0010028 2.01732e-05 0.00102298 0.000982631
162.2 0.00100314 2.01517e-05 0.00102329 0.000982985
162.3 0.0010033 2.0141e-05 0.00102344 0.00098316
162.4 0.00100346 2.01303e-05 0.0010236 0.000983335
162.5 0.0010017 2.01089e-05 0.00102181 0.000981592
162.6 0.000998382 2.00982e-05 0.00101848 0.000978284
162.7 0.0010008 2.00768e-05 0.00102087 0.000980719
162.8 0.00100251 2.00554e-05 0.00102256 0.000982452
162.9 0.00100213 2.0034e-05 0.00102217 0.000982097
163 0.00100245 2.00125e-05 0.00102246 0.000982434
163.1 0.00100383 2.00125e-05 0.00102385 0.00098382
163.2 0.00100175 2.00125e-05 0.00102177 0.000981741
163.3 0.00100276 1.99911e-05 0.00102275 0.000982768
163.4 0.00100376 1.99697e-05 0.00102373 0.00098379
163.5 0.00100199 1.99483e-05 0.00102194 0.000982044
163.6 0.00100368 1.99269e-05 0.0010236 0.000983751
163.7 0.0010026 1.99055e-05 0.0010225 0.000982694
163.8 0.0010029 1.98841e-05 0.00102278 0.000983014
163.9 0.00100442 1.98733e-05 0.0010243 0.00098455
164 0.00100197 1.98519e-05 0.00102182 0.000982114
164.1 0.00100349 1.98412e-05 0.00102333 0.000983646
164.2 0.00100363 1.98305e-05 0.00102346 0.000983802
164.3 0.00100309 1.98198e-05 0.00102291 0.000983271
164.4 0.00100446 1.98198e-05 0.00102428 0.000984644
164.5 0.00100392 1.98091e-05 0.00102373 0.000984112
164.6 0.00100215 1.97877e-05 0.00102194 0.000982363
164.7 0.0010038 1.97663e-05 0.00102357 0.000984038
164.8 0.00100203 1.97449e-05 0.00102178 0.000982288
164.9 0.00100272 1.97449e-05 0.00102246 0.000982972
165 0.00100395 1.97556e-05 0.0010237 0.00098419
165.1 0.00100272 1.97449e-05 0.00102246 0.000982972
165.2 0.0010034 1.97449e-05 0.00102315 0.000983656
165.3 0.0010034 1.97449e-05 0.00102315 0.000983656
165.4 0.0010034 1.97449e-05 0.00102315 0.000983656
165.5 0.00100354 1.97341e-05 0.00102327 0.000983806
165.6 0.001003 1.97234e-05 0.00102272 0.000983273
165.7 0.00100341 1.96913e-05 0.0010231 0.000983718
165.8 0.00100371 1.96705e-05 0.00102338 0.000984041
165.9 0.00100275 1.96384e-05 0.00102239 0.000983115
166 0.00100438 1.9617e-05 0.00102399 0.000984761
166.1 0.00100396 1.95956e-05 0.00102356 0.000984365
166.2 0.00100409 1.95849e-05 0.00102367 0.000984505
166.3 0.00100558 1.95741e-05 0.00102515 0.000986001
166.4 0.00100435 1.95634e-05 0.00102391 0.000984784
166.5 0.00100528 1.9542e-05 0.00102482 0.000985737
166.6 0.00100688 1.95206e-05 0.0010264 0.000987361
166.7 0.00100522 1.94885e-05 0.00102471 0.000985737
166.8 0.00100785 1.94349e-05 0.00102728 0.000988414
166.9 0.00100764 1.93921e-05 0.00102704 0.000988251
167 0.00100732 1.936e-05 0.00102668 0.000987956
167.1 0.0010081 1.93493e-05 0.00102745 0.00098875
167.2 0.00100765 1.93279e-05 0.00102698 0.000988325
167.3 0.00100776 1.93172e-05 0.00102708 0.000988447
167.4 0.00100921 1.93064e-05 0.00102852 0.000989905
167.5 0.00100798 1.92957e-05 0.00102728 0.000988688
167.6 0.00100809 1.9285e-05 0.00102738 0.000988807
167.7 0.00100887 1.92743e-05 0.00102814 0.000989593
167.8 0.00100841 1.92529e-05 0.00102767 0.000989161
167.9 0.00100852 1.92422e-05 0.00102776 0.000989277
168 0.00100862 1.92315e-05 0.00102786 0.000989393
168.1 0.00100817 1.92101e-05 0.00102738 0.000988956
168.2 0.00100851 1.91786e-05 0.00102768 0.000989327
168.3 0.00100804 1.91571e-05 0.0010272 0.000988886
168.4 0.00100824 1.91357e-05 0.00102738 0.000989106
168.5 0.00100844 1.91143e-05 0.00102755 0.000989323
168.6 0.00100731 1.90929e-05 0.0010264 0.000988215
168.7 0.00100816 1.90715e-05 0.00102723 0.000989088
168.8 0.00100891 1.90608e-05 0.00102797 0.000989853
168.9 0.00100844 1.90393e-05 0.00102748 0.000989401
169 0.00100994 1.90179e-05 0.00102896 0.000990923
169.1 0.00100994 1.90179e-05 0.00102896 0.000990923
169.2 0.00101069 1.90072e-05 0.0010297 0.000991682
169.3 0.00101135 1.90072e-05 0.00103035 0.00099234
169.4 0.00101078 1.89965e-05 0.00102977 0.000991781
169.5 0.00101144 1.89965e-05 0.00103043 0.000992439
169.6 0.00101218 1.89858e-05 0.00103117 0.000993195
169.7 0.0010117 1.89644e-05 0.00103066 0.000992732
169.8 0.00101261 1.89323e-05 0.00103154 0.000993674
169.9 0.00101497 1.88787e-05 0.00103385 0.000996095
170 0.00101521 1.88466e-05 0.00103405 0.000996359
170.1 0.00101478 1.88145e-05 0.00103359 0.000995964
170.2 0.00101362 1.87931e-05 0.00103242 0.00099483
170.3 0.00101377 1.87716e-05 0.00103254 0.000994997
170.4 0.00101384 1.87609e-05 0.0010326 0.000995079
170.5 0.00101326 1.87502e-05 0.00103201 0.000994511
170.6 0.00101275 1.87288e-05 0.00103148 0.000994024
170.7 0.00101231 1.86967e-05 0.00103101 0.000993615
170.8 0.00101187 1.86646e-05 0.00103053 0.0009932
170.9 0.00101341 1.86217e-05 0.00103204 0.000994792
171 0.00101418 1.86003e-05 0.00103278 0.000995581
171.1 0.0010143 1.85789e-05 0.00103288 0.000995721
171.2 0.00101565 1.85682e-05 0.00103421 0.000997077
171.3 0.0010157 1.85575e-05 0.00103426 0.000997145
171.4 0.00101581 1.85361e-05 0.00103435 0.000997278
171.5 0.00101715 1.85253e-05 0.00103568 0.000998628
171.6 0.00101662 1.85039e-05 0.00103512 0.000998114
171.7 0.00101731 1.84932e-05 0.0010358 0.000998818
171.8 0.00101677 1.84718e-05 0.00103524 0.000998301
171.9 0.00101746 1.84611e-05 0.00103592 0.000999001
172 0.00101815 1.84504e-05 0.0010366 0.0009997
172.1 0.00101818 1.8451e-05 0.00103663 0.000999731
172.2 0.00101887 1.84403e-05 0.00103731 0.00100043
172.3 0.00101896 1.84188e-05 0.00103738 0.00100054
172.4 0.00101901 1.84081e-05 0.00103742 0.0010006
172.5 0.00101973 1.83867e-05 0.00103812 0.00100135
172.6 0.00101982 1.83653e-05 0.00103818 0.00100145
172.7 0.00101986 1.83546e-05 0.00103821 0.0010015
172.8 0.0010199 1.83439e-05 0.00103824 0.00100155
172.9 0.00101994 1.83332e-05 0.00103827 0.0010016
173 0.00102061 1.83225e-05 0.00103893 0.00100229
173.1 0.00102005 1.8301e-05 0.00103835 0.00100175
173.2 0.00101949 1.82796e-05 0.00103777 0.00100121
173.3 0.00101956 1.82582e-05 0.00103782 0.0010013
173.4 0.00101896 1.82475e-05 0.00103721 0.00100072
173.5 0.00101903 1.82261e-05 0.00103726 0.00100081
173.6 0.0010185 1.8194e-05 0.00103669 0.0010003
173.7 0.00101853 1.81833e-05 0.00103671 0.00100034
173.8 0.00101796 1.81618e-05 0.00103612 0.000999794
173.9 0.00101861 1.81511e-05 0.00103676 0.00100046
174 0.00101864 1.81404e-05 0.00103678 0.0010005
174.1 0.0010193 1.81297e-05 0.00103742 0.00100117
174.2 0.00101932 1.8119e-05 0.00103744 0.0010012
174.3 0.00101997 1.81083e-05 0.00103808 0.00100186
174.4 0.00102002 1.80869e-05 0.00103811 0.00100193
174.5 0.00102006 1.80655e-05 0.00103813 0.001002
174.6 0.00102008 1.80548e-05 0.00103814 0.00100203
174.7 0.0010201 1.8044e-05 0.00103815 0.00100206
174.8 0.00102012 1.80333e-05 0.00103816 0.00100209
174.9 0.00102014 1.80226e-05 0.00103816 0.00100212
175 0.00102016 1.80119e-05 0.00103817 0.00100215
175.1 0.0010208 1.80012e-05 0.0010388 0.0010028
175.2 0.00102144 1.79905e-05 0.00103943 0.00100345
175.3 0.00102145 1.79798e-05 0.00103943 0.00100347
175.4 0.00102145 1.79798e-05 0.00103943 0.00100347
175.5 0.00102147 1.79691e-05 0.00103944 0.0010035
175.6 0.00102148 1.79584e-05 0.00103944 0.00100352
175.7 0.00102212 1.79477e-05 0.00104006 0.00100417
175.8 0.00102213 1.7937e-05 0.00104006 0.00100419
175.9 0.00102215 1.79155e-05 0.00104006 0.00100423
176 0.00102218 1.78727e-05 0.00104005 0.00100431
176.1 0.00102158 1.78406e-05 0.00103942 0.00100374
176.2 0.00102159 1.78192e-05 0.00103941 0.00100377
176.3 0.00102159 1.78085e-05 0.0010394 0.00100378
176.4 0.00102159 1.77977e-05 0.00103939 0.0010038
176.5 0.00102098 1.77763e-05 0.00103876 0.0010032
176.6 0.00102098 1.77549e-05 0.00103873 0.00100322
176.7 0.00102098 1.77442e-05 0.00103872 0.00100323
176.8 0.00102097 1.77228e-05 0.0010387 0.00100325
176.9 0.00102035 1.77014e-05 0.00103805 0.00100265
177 0.00102034 1.76799e-05 0.00103802 0.00100266
177.1 0.00102094 1.76585e-05 0.0010386 0.00100328
177.2 0.00102094 1.76478e-05 0.00103858 0.00100329
177.3 0.00102093 1.76371e-05 0.00103856 0.00100329
177.4 0.00102153 1.76264e-05 0.00103915 0.0010039
177.5 0.00102091 1.76157e-05 0.00103852 0.00100329
177.6 0.00102213 1.76157e-05 0.00103974 0.00100451
177.7 0.00102212 1.7605e-05 0.00103972 0.00100451
177.8 0.0010221 1.75943e-05 0.0010397 0.00100451
177.9 0.0010227 1.75836e-05 0.00104028 0.00100512
178 0.00102208 1.75729e-05 0.00103965 0.0010045
178.1 0.00102267 1.75622e-05 0.00104023 0.00100511
178.2 0.00102326 1.75514e-05 0.00104082 0.00100571
178.3 0.00102264 1.75407e-05 0.00104018 0.0010051
178.4 0.00102323 1.753e-05 0.00104076 0.0010057
178.5 0.00102384 1.753e-05 0.00104137 0.00100631
178.6 0.00102321 1.75193e-05 0.00104073 0.00100569
178.7 0.00102382 1.75193e-05 0.00104134 0.0010063
178.8 0.0010238 1.75086e-05 0.00104131 0.00100629
178.9 0.00102378 1.74979e-05 0.00104128 0.00100628
179 0.00102436 1.74872e-05 0.00104185 0.00100688
179.1 0.00102374 1.74765e-05 0.00104121 0.00100626
179.2 0.00102492 1.74658e-05 0.00104239 0.00100746
179.3 0.00102425 1.74337e-05 0.00104168 0.00100681
179.4 0.00102422 1.74229e-05 0.00104164 0.0010068
179.5 0.0010248 1.74122e-05 0.00104221 0.00100739
179.6 0.00102414 1.73908e-05 0.00104153 0.00100675
179.7 0.00102471 1.73801e-05 0.00104209 0.00100733
179.8 0.00102405 1.73587e-05 0.00104141 0.00100669
179.9 0.00102405 1.73587e-05 0.00104141 0.00100669
180 0.00102402 1.7348e-05 0.00104137 0.00100667
180.1 0.00102399 1.73373e-05 0.00104133 0.00100665
180.2 0.00102336 1.73266e-05 0.00104068 0.00100603
180.3 0.00102396 1.73266e-05 0.00104128 0.00100663
180.4 0.00102392 1.73159e-05 0.00104124 0.00100661
180.5 0.00102392 1.73159e-05 0.00104124 0.00100661
180.6 0.00102329 1.73051e-05 0.0010406 0.00100599
180.7 0.00102326 1.72944e-05 0.00104055 0.00100596
180.8 0.00102322 1.72837e-05 0.00104051 0.00100594
180.9 0.00102379 1.7273e-05 0.00104106 0.00100651
181 0.00102315 1.72623e-05 0.00104041 0.00100589
181.1 0.00102371 1.72516e-05 0.00104096 0.00100646
181.2 0.00102359 1.72195e-05 0.00104081 0.00100637
181.3 0.00102355 1.72088e-05 0.00104076 0.00100635
181.4 0.00102411 1.71981e-05 0.00104131 0.00100691
181.5 0.00102402 1.71766e-05 0.0010412 0.00100685
181.6 0.00102453 1.71552e-05 0.00104168 0.00100737
181.7 0.00102508 1.71445e-05 0.00104222 0.00100793
181.8 0.00102439 1.71231e-05 0.00104151 0.00100727
181.9 0.00102424 1.7091e-05 0.00104134 0.00100715
182 0.00102473 1.70696e-05 0.0010418 0.00100767
182.1 0.00102463 1.70481e-05 0.00104168 0.00100758
182.2 0.00102565 1.7016e-05 0.00104266 0.00100863
182.3 0.00102548 1.69839e-05 0.00104246 0.00100849
182.4 0.00102536 1.69625e-05 0.00104232 0.00100839
182.5 0.00102582 1.69411e-05 0.00104276 0.00100888
182.6 0.00102505 1.69089e-05 0.00104196 0.00100814
182.7 0.00102434 1.68875e-05 0.00104122 0.00100745
182.8 0.00102486 1.68768e-05 0.00104173 0.00100798
182.9 0.00102421 1.68661e-05 0.00104107 0.00100734
183 0.00102479 1.68661e-05 0.00104166 0.00100792
183.1 0.00102479 1.68661e-05 0.00104166 0.00100792
183.2 0.00102479 1.68661e-05 0.00104166 0.00100792
183.3 0.00102472 1.68554e-05 0.00104158 0.00100787
183.4 0.00102531 1.68554e-05 0.00104216 0.00100845
183.5 0.00102524 1.68447e-05 0.00104208 0.00100839
183.6 0.00102452 1.68233e-05 0.00104134 0.00100769
183.7 0.00102503 1.68126e-05 0.00104184 0.00100822
183.8 0.00102496 1.68018e-05 0.00104176 0.00100816
183.9 0.00102547 1.67911e-05 0.00104226 0.00100868
184 0.00102598 1.67804e-05 0.00104276 0.0010092
184.1 0.00102525 1.6759e-05 0.00104201 0.00100849
184.2 0.00102517 1.67483e-05 0.00104192 0.00100843
184.3 0.00102502 1.67269e-05 0.00104175 0.0010083
184.4 0.0010261 1.67162e-05 0.00104282 0.00100939
184.5 0.0010266 1.67055e-05 0.00104331 0.0010099
184.6 0.00102652 1.66948e-05 0.00104322 0.00100983
184.7 0.00102644 1.6684e-05 0.00104313 0.00100976
184.8 0.00102578 1.66733e-05 0.00104246 0.00100911
184.9 0.00102694 1.66733e-05 0.00104361 0.00101027
185 0.00102628 1.66626e-05 0.00104294 0.00100962
185.1 0.00102686 1.66626e-05 0.00104352 0.00101019
185.2 0.00102735 1.66519e-05 0.001044 0.0010107
185.3 0.00102784 1.66412e-05 0.00104448 0.0010112
185.4 0.00102767 1.66198e-05 0.00104429 0.00101105
185.5 0.00102874 1.66091e-05 0.00104534 0.00101213
185.6 0.00102798 1.65877e-05 0.00104457 0.0010114
185.7 0.00102838 1.65663e-05 0.00104494 0.00101181
185.8 0.00102829 1.65555e-05 0.00104484 0.00101173
185.9 0.00102819 1.65448e-05 0.00104474 0.00101165
186 0.00102801 1.65234e-05 0.00104453 0.00101149
186.1 0.00102849 1.65127e-05 0.001045 0.00101197
186.2 0.00102772 1.64913e-05 0.00104422 0.00101123
186.3 0.00102753 1.64699e-05 0.001044 0.00101106
186.4 0.00102686 1.64592e-05 0.00104332 0.0010104
186.5 0.00102743 1.64592e-05 0.00104389 0.00101097
186.6 0.00102676 1.64485e-05 0.00104321 0.00101032
186.7 0.00102666 1.64377e-05 0.0010431 0.00101023
186.8 0.00102713 1.6427e-05 0.00104356 0.00101071
186.9 0.00102693 1.64056e-05 0.00104334 0.00101053
187 0.00102683 1.63949e-05 0.00104322 0.00101043
187.1 0.00102729 1.63842e-05 0.00104368 0.00101091
187.2 0.00102719 1.63735e-05 0.00104356 0.00101082
187.3 0.00102754 1.63521e-05 0.0010439 0.00101119
187.4 0.001028 1.63414e-05 0.00104435 0.00101166
187.5 0.0010279 1.63307e-05 0.00104423 0.00101157
187.6 0.00102846 1.63307e-05 0.00104479 0.00101213
187.7 0.00102835 1.632e-05 0.00104467 0.00101203
187.8 0.00102813 1.62985e-05 0.00104443 0.00101183
187.9 0.00102847 1.62771e-05 0.00104475 0.0010122
188 0.00102836 1.62664e-05 0.00104463 0.00101209
188.1 0.00102881 1.62557e-05 0.00104506 0.00101255
188.2 0.00102926 1.6245e-05 0.0010455 0.00101301
188.3 0.00102914 1.62343e-05 0.00104538 0.00101291
188.4 0.00102959 1.62236e-05 0.00104581 0.00101336
188.5 0.00102959 1.62236e-05 0.00104581 0.00101336
188.6 0.00102959 1.62236e-05 0.00104581 0.00101336
188.7 0.00103015 1.62236e-05 0.00104637 0.00101392
188.8 0.00103015 1.62236e-05 0.00104637 0.00101392
188.9 0.00103015 1.62236e-05 0.00104637 0.00101392
189 0.00103059 1.62129e-05 0.0010468 0.00101438
189.1 0.00103047 1.62022e-05 0.00104667 0.00101427
189.2 0.00103023 1.61807e-05 0.00104641 0.00101405
189.3 0.00103011 1.617e-05 0.00104628 0.00101394
189.4 0.00102999 1.61593e-05 0.00104615 0.00101383
189.5 0.00102974 1.61379e-05 0.00104588 0.0010136
189.6 0.00102961 1.61272e-05 0.00104574 0.00101349
189.7 0.00102936 1.61058e-05 0.00104547 0.00101326
189.8 0.00102979 1.60951e-05 0.00104589 0.0010137
189.9 0.00102911 1.60844e-05 0.00104519 0.00101302
190 0.00102898 1.60737e-05 0.00104505 0.00101291
190.1 0.00102885 1.60629e-05 0.00104491 0.00101279
190.2 0.00102872 1.60522e-05 0.00104477 0.00101267
190.3 0.00102902 1.60308e-05 0.00104505 0.00101298
190.4 0.00102902 1.60308e-05 0.00104505 0.00101298
190.5 0.00102902 1.60308e-05 0.00104505 0.00101298
190.6 0.00102944 1.60201e-05 0.00104546 0.00101342
190.7 0.00102862 1.59987e-05 0.00104461 0.00101262
190.8 0.00102959 1.5988e-05 0.00104558 0.0010136
190.9 0.00103001 1.59773e-05 0.00104598 0.00101403
191 0.00102987 1.59666e-05 0.00104584 0.0010139
191.1 0.00103028 1.59559e-05 0.00104624 0.00101433
191.2 0.00103014 1.59452e-05 0.00104609 0.0010142
191.3 0.00103 1.59344e-05 0.00104594 0.00101407
191.4 0.00103111 1.59344e-05 0.00104704 0.00101517
191.5 0.00103042 1.59237e-05 0.00104634 0.00101449
191.6 0.00103082 1.5913e-05 0.00104674 0.00101491
191.7 0.00103109 1.58916e-05 0.00104698 0.0010152
191.8 0.00103094 1.58809e-05 0.00104683 0.00101506
191.9 0.00103135 1.58702e-05 0.00104722 0.00101548
192 0.0010323 1.58595e-05 0.00104816 0.00101644
192.1 0.00103146 1.58381e-05 0.00104729 0.00101562
192.2 0.0010324 1.58274e-05 0.00104823 0.00101658
192.3 0.0010321 1.58059e-05 0.00104791 0.0010163
192.4 0.00103195 1.57952e-05 0.00104774 0.00101615
192.5 0.00103234 1.57845e-05 0.00104813 0.00101656
192.6 0.00103219 1.57738e-05 0.00104796 0.00101642
192.7 0.00103242 1.57524e-05 0.00104818 0.00101667
192.8 0.00103141 1.57203e-05 0.00104713 0.00101569
192.9 0.00103125 1.57096e-05 0.00104696 0.00101554
193 0.00103109 1.56989e-05 0.00104679 0.00101539
193.1 0.00103163 1.56989e-05 0.00104733 0.00101594
193.2 0.00103147 1.56881e-05 0.00104716 0.00101579
193.3 0.00103202 1.56881e-05 0.00104771 0.00101633
193.4 0.00103131 1.56774e-05 0.00104699 0.00101564
193.5 0.00103115 1.56667e-05 0.00104682 0.00101548
193.6 0.00103153 1.5656e-05 0.00104719 0.00101588
193.7 0.00103083 1.56453e-05 0.00104647 0.00101518
193.8 0.00103137 1.56453e-05 0.00104701 0.00101572
193.9 0.00103174 1.56346e-05 0.00104738 0.00101611
194 0.00103158 1.56239e-05 0.0010472 0.00101596
194.1 0.00103179 1.56025e-05 0.00104739 0.00101618
194.2 0.00103216 1.55918e-05 0.00104775 0.00101657
194.3 0.00103307 1.55811e-05 0.00104865 0.00101749
194.4 0.00103273 1.55596e-05 0.00104829 0.00101717
194.5 0.00103309 1.55489e-05 0.00104864 0.00101754
194.6 0.00103292 1.55382e-05 0.00104846 0.00101738
194.7 0.00103382 1.55275e-05 0.00104935 0.00101829
194.8 0.0010335 1.55066e-05 0.00104901 0.001018
194.9 0.00103404 1.55066e-05 0.00104955 0.00101853
195 0.00103279 1.54959e-05 0.00104829 0.00101729
195.1 0.00103315 1.54852e-05 0.00104863 0.00101766
195.2 0.00103386 1.54637e-05 0.00104933 0.0010184
195.3 0.00103385 1.54316e-05 0.00104928 0.00101842
195.4 0.0010342 1.54209e-05 0.00104962 0.00101878
195.5 0.00103474 1.54209e-05 0.00105016 0.00101932
195.6 0.00103402 1.54102e-05 0.00104943 0.00101861
195.7 0.00103437 1.53995e-05 0.00104977 0.00101897
195.8 0.00103418 1.53888e-05 0.00104957 0.00101879
195.9 0.00103399 1.53781e-05 0.00104937 0.00101862
196 0.00103434 1.53674e-05 0.00104971 0.00101897
196.1 0.00103362 1.53567e-05 0.00104897 0.00101826
196.2 0.00103324 1.53352e-05 0.00104857 0.0010179
196.3 0.00103286 1.53138e-05 0.00104817 0.00101754
196.4 0.00103286 1.53138e-05 0.00104817 0.00101754
196.5 0.00103266 1.53031e-05 0.00104797 0.00101736
196.6 0.00103392 1.53138e-05 0.00104923 0.0010186
196.7 0.00103392 1.53138e-05 0.00104923 0.0010186
196.8 0.00103372 1.53031e-05 0.00104903 0.00101842
196.9 0.00103353 1.52924e-05 0.00104882 0.00101824
197 0.00103406 1.52924e-05 0.00104935 0.00101877
197.1 0.0010342 1.5271e-05 0.00104947 0.00101893
197.2 0.00103381 1.52496e-05 0.00104906 0.00101856
197.3 0.0010347 1.52393e-05 0.00104994 0.00101946
197.4 0.00103502 1.52286e-05 0.00105025 0.0010198
197.5 0.00103482 1.52179e-05 0.00105004 0.00101961
197.6 0.00103515 1.52072e-05 0.00105036 0.00101994
197.7 0.00103568 1.52072e-05 0.00105088 0.00102047
197.8 0.00103547 1.51965e-05 0.00105067 0.00102028
197.9 0.00103579 1.51858e-05 0.00105098 0.00102061
198 0.00103559 1.51751e-05 0.00105077 0.00102042
198.1 0.00103538 1.51644e-05 0.00105055 0.00102022
198.2 0.0010357 1.51537e-05 0.00105086 0.00102055
198.3 0.0010357 1.51537e-05 0.00105086 0.00102055
198.4 0.00103655 1.5143e-05 0.00105169 0.0010214
198.5 0.00103665 1.51215e-05 0.00105177 0.00102153
198.6 0.00103602 1.50894e-05 0.00105111 0.00102093
198.7 0.00103633 1.50787e-05 0.0010514 0.00102125
198.8 0.00103611 1.5068e-05 0.00105118 0.00102104
198.9 0.00103663 1.5068e-05 0.0010517 0.00102157
199 0.00103642 1.50573e-05 0.00105148 0.00102136
199.1 0.0010362 1.50466e-05 0.00105125 0.00102116
199.2 0.00103672 1.50466e-05 0.00105177 0.00102168
199.3 0.00103599 1.50359e-05 0.00105102 0.00102095
199.4 0.00103577 1.50252e-05 0.00105079 0.00102074
199.5 0.00103607 1.50144e-05 0.00105108 0.00102106
199.6 0.00103511 1.4993e-05 0.0010501 0.00102012
199.7 0.00103541 1.49823e-05 0.00105039 0.00102043
199.8 0.00103497 1.49609e-05 0.00104993 0.00102001
199.9 0.00103548 1.49609e-05 0.00105045 0.00102052
