****************************************************************************************************
SERIE 1
****************************************************************************************************

Verifica ipotesi linearità_________________________________
Covarianza = -430.56410
Indice Pearson = -0.88153 +/- 0.07659
Gradi di Liberta' = 38
	t = 11.510116312082436
	p-value (due code) = 5.954528196381784e-14

Parametri___________________________________________________
y = a + bx
a = 208.05464 +/- 12.65306
b = -0.42316 +/- 0.03591

Test Chi Quadro_____________________________________________
x         y         sy           y*            Chi-quadro   
310.50000 86.00000  9.27362      76.66279      1.01376      
311.50000 82.00000  9.05539      76.23962      0.40466      
312.50000 73.00000  8.54400      75.81646      0.10866      
313.50000 82.00000  9.05539      75.39330      0.53230      
314.50000 70.00000  8.36660      74.97014      0.35289      
315.50000 73.00000  8.54400      74.54698      0.03278      
316.50000 97.00000  9.84886      74.12381      5.39505      
317.50000 75.00000  8.66025      73.70065      0.02251      
318.50000 73.00000  8.54400      73.27749      0.00105      
319.50000 73.00000  8.54400      72.85433      0.00029      
320.50000 68.00000  8.24621      72.43116      0.28875      
321.50000 81.00000  9.00000      72.00800      0.99822      
322.50000 75.00000  8.66025      71.58484      0.15551      
323.50000 63.00000  7.93725      71.16168      1.05735      
324.50000 60.00000  7.74597      70.73852      1.92193      
325.50000 75.00000  8.66025      70.31535      0.29261      
326.50000 65.00000  8.06226      69.89219      0.36821      
327.50000 77.00000  8.77496      69.46903      0.73657      
328.50000 75.00000  8.66025      69.04587      0.47269      
329.50000 74.00000  8.60233      68.62270      0.39075      
330.50000 57.00000  7.54983      68.19954      2.20052      
331.50000 62.00000  7.87401      67.77638      0.53817      
332.50000 62.00000  7.87401      67.35322      0.46221      
333.50000 71.00000  8.42615      66.93006      0.23330      
334.50000 70.00000  8.36660      66.50689      0.17431      
335.50000 69.00000  8.30662      66.08373      0.12326      
336.50000 73.00000  8.54400      65.66057      0.73791      
337.50000 55.00000  7.41620      65.23741      1.90554      
338.50000 52.00000  7.21110      64.81425      3.15779      
339.50000 69.00000  8.30662      64.39108      0.30786      
390.50000 46.00000  6.78233      42.80981      0.22125      
391.50000 38.00000  6.16441      42.38665      0.50639      
392.50000 37.00000  6.08276      41.96349      0.66584      
393.50000 44.00000  6.63325      41.54033      0.13750      
394.50000 38.00000  6.16441      41.11716      0.25570      
395.50000 49.00000  7.00000      40.69400      1.40795      
396.50000 41.00000  6.40312      40.27084      0.01297      
397.50000 33.00000  5.74456      39.84768      1.42093      
398.50000 43.00000  6.55744      39.42452      0.29730      
399.50000 51.00000  7.14143      39.00135      2.82289      

Gradi di liberta = 38
Chi-quadro = 32.136130080577615
p-value = 0.7366755772720647

Verifica ipotesi funzione costante_________________________
Gradi di Liberta' = 38
t = 11.783746783857602
p-value = 2.9503534554584705e-14

x         y         sy           y_media_p     Chi-quadro   
310.50000 86.00000  9.27362      59.65018      8.07341      
311.50000 82.00000  9.05539      59.65018      6.09164      
312.50000 73.00000  8.54400      59.65018      2.44134      
313.50000 82.00000  9.05539      59.65018      6.09164      
314.50000 70.00000  8.36660      59.65018      1.53027      
315.50000 73.00000  8.54400      59.65018      2.44134      
316.50000 97.00000  9.84886      59.65018      14.38154     
317.50000 75.00000  8.66025      59.65018      3.14156      
318.50000 73.00000  8.54400      59.65018      2.44134      
319.50000 73.00000  8.54400      59.65018      2.44134      
320.50000 68.00000  8.24621      59.65018      1.02529      
321.50000 81.00000  9.00000      59.65018      5.62734      
322.50000 75.00000  8.66025      59.65018      3.14156      
323.50000 63.00000  7.93725      59.65018      0.17812      
324.50000 60.00000  7.74597      59.65018      0.00204      
325.50000 75.00000  8.66025      59.65018      3.14156      
326.50000 65.00000  8.06226      59.65018      0.44032      
327.50000 77.00000  8.77496      59.65018      3.90930      
328.50000 75.00000  8.66025      59.65018      3.14156      
329.50000 74.00000  8.60233      59.65018      2.78267      
330.50000 57.00000  7.54983      59.65018      0.12322      
331.50000 62.00000  7.87401      59.65018      0.08906      
332.50000 62.00000  7.87401      59.65018      0.08906      
333.50000 71.00000  8.42615      59.65018      1.81434      
334.50000 70.00000  8.36660      59.65018      1.53027      
335.50000 69.00000  8.30662      59.65018      1.26694      
336.50000 73.00000  8.54400      59.65018      2.44134      
337.50000 55.00000  7.41620      59.65018      0.39317      
338.50000 52.00000  7.21110      59.65018      1.12549      
339.50000 69.00000  8.30662      59.65018      1.26694      
390.50000 46.00000  6.78233      59.65018      4.05060      
391.50000 38.00000  6.16441      59.65018      12.33501     
392.50000 37.00000  6.08276      59.65018      13.86569     
393.50000 44.00000  6.63325      59.65018      5.56655      
394.50000 38.00000  6.16441      59.65018      12.33501     
395.50000 49.00000  7.00000      59.65018      2.31482      
396.50000 41.00000  6.40312      59.65018      8.48364      
397.50000 33.00000  5.74456      59.65018      21.52218     
398.50000 43.00000  6.55744      59.65018      6.44717      
399.50000 51.00000  7.14143      59.65018      1.46717      

Gradi di liberta = 38
Chi-quadro = 170.9928244070615
p-value = 0.7366755772720647

Media pesata = 59.650179389823464 +/- 1.2211693104338917

****************************************************************************************************
SERIE 1
****************************************************************************************************

Verifica ipotesi linearità_________________________________
Covarianza = -430.56410
Indice Pearson = -0.88153 +/- 0.07659
Gradi di Liberta' = 38
	t = 11.510116312082436
	p-value (due code) = 5.954528196381784e-14

Parametri___________________________________________________
y = a + bx
a = 208.05464 +/- 12.65306
b = -0.42316 +/- 0.03591

Test Chi Quadro_____________________________________________
x         y         sy           y*            Chi-quadro   
310.50000 86.00000  9.27362      76.66279      1.01376      
311.50000 82.00000  9.05539      76.23962      0.40466      
312.50000 73.00000  8.54400      75.81646      0.10866      
313.50000 82.00000  9.05539      75.39330      0.53230      
314.50000 70.00000  8.36660      74.97014      0.35289      
315.50000 73.00000  8.54400      74.54698      0.03278      
316.50000 97.00000  9.84886      74.12381      5.39505      
317.50000 75.00000  8.66025      73.70065      0.02251      
318.50000 73.00000  8.54400      73.27749      0.00105      
319.50000 73.00000  8.54400      72.85433      0.00029      
320.50000 68.00000  8.24621      72.43116      0.28875      
321.50000 81.00000  9.00000      72.00800      0.99822      
322.50000 75.00000  8.66025      71.58484      0.15551      
323.50000 63.00000  7.93725      71.16168      1.05735      
324.50000 60.00000  7.74597      70.73852      1.92193      
325.50000 75.00000  8.66025      70.31535      0.29261      
326.50000 65.00000  8.06226      69.89219      0.36821      
327.50000 77.00000  8.77496      69.46903      0.73657      
328.50000 75.00000  8.66025      69.04587      0.47269      
329.50000 74.00000  8.60233      68.62270      0.39075      
330.50000 57.00000  7.54983      68.19954      2.20052      
331.50000 62.00000  7.87401      67.77638      0.53817      
332.50000 62.00000  7.87401      67.35322      0.46221      
333.50000 71.00000  8.42615      66.93006      0.23330      
334.50000 70.00000  8.36660      66.50689      0.17431      
335.50000 69.00000  8.30662      66.08373      0.12326      
336.50000 73.00000  8.54400      65.66057      0.73791      
337.50000 55.00000  7.41620      65.23741      1.90554      
338.50000 52.00000  7.21110      64.81425      3.15779      
339.50000 69.00000  8.30662      64.39108      0.30786      
390.50000 46.00000  6.78233      42.80981      0.22125      
391.50000 38.00000  6.16441      42.38665      0.50639      
392.50000 37.00000  6.08276      41.96349      0.66584      
393.50000 44.00000  6.63325      41.54033      0.13750      
394.50000 38.00000  6.16441      41.11716      0.25570      
395.50000 49.00000  7.00000      40.69400      1.40795      
396.50000 41.00000  6.40312      40.27084      0.01297      
397.50000 33.00000  5.74456      39.84768      1.42093      
398.50000 43.00000  6.55744      39.42452      0.29730      
399.50000 51.00000  7.14143      39.00135      2.82289      

Gradi di liberta = 38
Chi-quadro = 32.136130080577615
p-value = 0.7366755772720647

Verifica ipotesi funzione costante_________________________
Gradi di Liberta' = 38
t = 11.783746783857602
p-value = 2.9503534554584705e-14

x         y         sy           y_media_p     Chi-quadro   
310.50000 86.00000  9.27362      59.65018      8.07341      
311.50000 82.00000  9.05539      59.65018      6.09164      
312.50000 73.00000  8.54400      59.65018      2.44134      
313.50000 82.00000  9.05539      59.65018      6.09164      
314.50000 70.00000  8.36660      59.65018      1.53027      
315.50000 73.00000  8.54400      59.65018      2.44134      
316.50000 97.00000  9.84886      59.65018      14.38154     
317.50000 75.00000  8.66025      59.65018      3.14156      
318.50000 73.00000  8.54400      59.65018      2.44134      
319.50000 73.00000  8.54400      59.65018      2.44134      
320.50000 68.00000  8.24621      59.65018      1.02529      
321.50000 81.00000  9.00000      59.65018      5.62734      
322.50000 75.00000  8.66025      59.65018      3.14156      
323.50000 63.00000  7.93725      59.65018      0.17812      
324.50000 60.00000  7.74597      59.65018      0.00204      
325.50000 75.00000  8.66025      59.65018      3.14156      
326.50000 65.00000  8.06226      59.65018      0.44032      
327.50000 77.00000  8.77496      59.65018      3.90930      
328.50000 75.00000  8.66025      59.65018      3.14156      
329.50000 74.00000  8.60233      59.65018      2.78267      
330.50000 57.00000  7.54983      59.65018      0.12322      
331.50000 62.00000  7.87401      59.65018      0.08906      
332.50000 62.00000  7.87401      59.65018      0.08906      
333.50000 71.00000  8.42615      59.65018      1.81434      
334.50000 70.00000  8.36660      59.65018      1.53027      
335.50000 69.00000  8.30662      59.65018      1.26694      
336.50000 73.00000  8.54400      59.65018      2.44134      
337.50000 55.00000  7.41620      59.65018      0.39317      
338.50000 52.00000  7.21110      59.65018      1.12549      
339.50000 69.00000  8.30662      59.65018      1.26694      
390.50000 46.00000  6.78233      59.65018      4.05060      
391.50000 38.00000  6.16441      59.65018      12.33501     
392.50000 37.00000  6.08276      59.65018      13.86569     
393.50000 44.00000  6.63325      59.65018      5.56655      
394.50000 38.00000  6.16441      59.65018      12.33501     
395.50000 49.00000  7.00000      59.65018      2.31482      
396.50000 41.00000  6.40312      59.65018      8.48364      
397.50000 33.00000  5.74456      59.65018      21.52218     
398.50000 43.00000  6.55744      59.65018      6.44717      
399.50000 51.00000  7.14143      59.65018      1.46717      

Gradi di liberta = 38
Chi-quadro = 170.9928244070615
p-value = 0.7366755772720647

Media pesata = 59.650179389823464 +/- 1.2211693104338917

****************************************************************************************************
SERIE 1
****************************************************************************************************

Verifica ipotesi linearità_________________________________
Covarianza = -345.52632
Indice Pearson = -0.86000 +/- 0.12028
Gradi di Liberta' = 18
	t = 7.150222949014628
	p-value (due code) = 1.1670988982788285e-06

Parametri___________________________________________________
y = a + bx
a = 183.74358 +/- 19.98997
b = -0.36037 +/- 0.05368

Test Chi Quadro_____________________________________________
x         y         sy           y*            Chi-quadro   
330.50000 57.00000  7.54983      64.64165      1.02447      
331.50000 62.00000  7.87401      64.28128      0.08394      
332.50000 62.00000  7.87401      63.92091      0.05951      
333.50000 71.00000  8.42615      63.56054      0.77951      
334.50000 70.00000  8.36660      63.20017      0.66054      
335.50000 69.00000  8.30662      62.83980      0.54997      
336.50000 73.00000  8.54400      62.47943      1.51620      
337.50000 55.00000  7.41620      62.11907      0.92147      
338.50000 52.00000  7.21110      61.75870      1.83139      
339.50000 69.00000  8.30662      61.39833      0.83747      
390.50000 46.00000  6.78233      43.01951      0.19312      
391.50000 38.00000  6.16441      42.65914      0.57125      
392.50000 37.00000  6.08276      42.29877      0.75884      
393.50000 44.00000  6.63325      41.93841      0.09659      
394.50000 38.00000  6.16441      41.57804      0.33690      
395.50000 49.00000  7.00000      41.21767      1.23601      
396.50000 41.00000  6.40312      40.85730      0.00050      
397.50000 33.00000  5.74456      40.49693      1.70315      
398.50000 43.00000  6.55744      40.13656      0.19068      
399.50000 51.00000  7.14143      39.77619      2.47008      

Gradi di liberta = 18
Chi-quadro = 15.821598685981996
p-value = 0.60499647654004

Verifica ipotesi funzione costante_________________________
Gradi di Liberta' = 18
t = 6.713794158568294
p-value = 2.7018245448963877e-06

x         y         sy           y_media_p     Chi-quadro   
330.50000 57.00000  7.54983      49.95517      0.87070      
331.50000 62.00000  7.87401      49.95517      2.33997      
332.50000 62.00000  7.87401      49.95517      2.33997      
333.50000 71.00000  8.42615      49.95517      6.23782      
334.50000 70.00000  8.36660      49.95517      5.73993      
335.50000 69.00000  8.30662      49.95517      5.25660      
336.50000 73.00000  8.54400      49.95517      7.27485      
337.50000 55.00000  7.41620      49.95517      0.46273      
338.50000 52.00000  7.21110      49.95517      0.08041      
339.50000 69.00000  8.30662      49.95517      5.25660      
390.50000 46.00000  6.78233      49.95517      0.34007      
391.50000 38.00000  6.16441      49.95517      3.76121      
392.50000 37.00000  6.08276      49.95517      4.53612      
393.50000 44.00000  6.63325      49.95517      0.80600      
394.50000 38.00000  6.16441      49.95517      3.76121      
395.50000 49.00000  7.00000      49.95517      0.01862      
396.50000 41.00000  6.40312      49.95517      1.95598      
397.50000 33.00000  5.74456      49.95517      8.71145      
398.50000 43.00000  6.55744      49.95517      1.12499      
399.50000 51.00000  7.14143      49.95517      0.02141      

Gradi di liberta = 18
Chi-quadro = 60.89663030046434
p-value = 0.60499647654004

Media pesata = 49.955168484976774 +/- 1.5804298226270088

****************************************************************************************************
SERIE 1
****************************************************************************************************

Verifica ipotesi linearità_________________________________
Covarianza = -715.87288
Indice Pearson = -0.91799 +/- 0.05208
Gradi di Liberta' = 58
	t = 17.62802631325063
	p-value (due code) = 5.733881251334774e-25

Parametri___________________________________________________
y = a + bx
a = 208.16920 +/- 8.72837
b = -0.42386 +/- 0.02294

Test Chi Quadro_____________________________________________
x         y         sy           y*            Chi-quadro   
310.50000 86.00000  9.27362      76.56123      1.03594      
311.50000 82.00000  9.05539      76.13737      0.41915      
312.50000 73.00000  8.54400      75.71351      0.10086      
313.50000 82.00000  9.05539      75.28965      0.54913      
314.50000 70.00000  8.36660      74.86580      0.33823      
315.50000 73.00000  8.54400      74.44194      0.02848      
316.50000 97.00000  9.84886      74.01808      5.44504      
317.50000 75.00000  8.66025      73.59422      0.02635      
318.50000 73.00000  8.54400      73.17036      0.00040      
319.50000 73.00000  8.54400      72.74650      0.00088      
320.50000 68.00000  8.24621      72.32265      0.27478      
321.50000 81.00000  9.00000      71.89879      1.02262      
322.50000 75.00000  8.66025      71.47493      0.16568      
323.50000 63.00000  7.93725      71.05107      1.02888      
324.50000 60.00000  7.74597      70.62721      1.88229      
325.50000 75.00000  8.66025      70.20335      0.30677      
326.50000 65.00000  8.06226      69.77950      0.35144      
327.50000 77.00000  8.77496      69.35564      0.75891      
328.50000 75.00000  8.66025      68.93178      0.49098      
329.50000 74.00000  8.60233      68.50792      0.40761      
330.50000 57.00000  7.54983      68.08406      2.15538      
331.50000 62.00000  7.87401      67.66021      0.51674      
332.50000 62.00000  7.87401      67.23635      0.44225      
333.50000 71.00000  8.42615      66.81249      0.24698      
334.50000 70.00000  8.36660      66.38863      0.18631      
335.50000 69.00000  8.30662      65.96477      0.13352      
336.50000 73.00000  8.54400      65.54091      0.76216      
337.50000 55.00000  7.41620      65.11706      1.86100      
338.50000 52.00000  7.21110      64.69320      3.09841      
339.50000 69.00000  8.30662      64.26934      0.32434      
390.50000 46.00000  6.78233      42.65257      0.24359      
391.50000 38.00000  6.16441      42.22871      0.47058      
392.50000 37.00000  6.08276      41.80485      0.62396      
393.50000 44.00000  6.63325      41.38100      0.15589      
394.50000 38.00000  6.16441      40.95714      0.23012      
395.50000 49.00000  7.00000      40.53328      1.46297      
396.50000 41.00000  6.40312      40.10942      0.01934      
397.50000 33.00000  5.74456      39.68556      1.35445      
398.50000 43.00000  6.55744      39.26171      0.32500      
399.50000 51.00000  7.14143      38.83785      2.90035      
400.50000 26.00000  5.09902      38.41399      5.92720      
401.50000 47.00000  6.85565      37.99013      1.72719      
402.50000 46.00000  6.78233      37.56627      1.54626      
403.50000 51.00000  7.14143      37.14241      3.76535      
404.50000 32.00000  5.65685      36.71856      0.69577      
405.50000 29.00000  5.38516      36.29470      1.83492      
406.50000 44.00000  6.63325      35.87084      1.50189      
407.50000 48.00000  6.92820      35.44698      3.28288      
408.50000 27.00000  5.19615      35.02312      2.38409      
409.50000 28.00000  5.29150      34.59927      1.55537      
410.50000 27.00000  5.19615      34.17541      1.90691      
411.50000 32.00000  5.65685      33.75155      0.09587      
412.50000 43.00000  6.55744      33.32769      2.17566      
413.50000 25.00000  5.00000      32.90383      2.49882      
414.50000 39.00000  6.24500      32.47997      1.09002      
415.50000 35.00000  5.91608      32.05612      0.24761      
416.50000 32.00000  5.65685      31.63226      0.00423      
417.50000 41.00000  6.40312      31.20840      2.33843      
418.50000 31.00000  5.56776      30.78454      0.00150      
419.50000 35.00000  5.91608      30.36068      0.61495      

Gradi di liberta = 58
Chi-quadro = 67.34266637215342
p-value = 0.18781740458742302

Verifica ipotesi funzione costante_________________________
Gradi di Liberta' = 58
t = 18.473176930359948
p-value = 5.678921596549157e-26

x         y         sy           y_media_p     Chi-quadro   
310.50000 86.00000  9.27362      47.77332      16.99162     
311.50000 82.00000  9.05539      47.77332      14.28617     
312.50000 73.00000  8.54400      47.77332      8.71761      
313.50000 82.00000  9.05539      47.77332      14.28617     
314.50000 70.00000  8.36660      47.77332      7.05751      
315.50000 73.00000  8.54400      47.77332      8.71761      
316.50000 97.00000  9.84886      47.77332      24.98213     
317.50000 75.00000  8.66025      47.77332      9.88390      
318.50000 73.00000  8.54400      47.77332      8.71761      
319.50000 73.00000  8.54400      47.77332      8.71761      
320.50000 68.00000  8.24621      47.77332      6.01645      
321.50000 81.00000  9.00000      47.77332      13.62978     
322.50000 75.00000  8.66025      47.77332      9.88390      
323.50000 63.00000  7.93725      47.77332      3.68019      
324.50000 60.00000  7.74597      47.77332      2.49153      
325.50000 75.00000  8.66025      47.77332      9.88390      
326.50000 65.00000  8.06226      47.77332      4.56552      
327.50000 77.00000  8.77496      47.77332      11.09349     
328.50000 75.00000  8.66025      47.77332      9.88390      
329.50000 74.00000  8.60233      47.77332      9.29512      
330.50000 57.00000  7.54983      47.77332      1.49354      
331.50000 62.00000  7.87401      47.77332      3.26449      
332.50000 62.00000  7.87401      47.77332      3.26449      
333.50000 71.00000  8.42615      47.77332      7.59829      
334.50000 70.00000  8.36660      47.77332      7.05751      
335.50000 69.00000  8.30662      47.77332      6.53003      
336.50000 73.00000  8.54400      47.77332      8.71761      
337.50000 55.00000  7.41620      47.77332      0.94954      
338.50000 52.00000  7.21110      47.77332      0.34355      
339.50000 69.00000  8.30662      47.77332      6.53003      
390.50000 46.00000  6.78233      47.77332      0.06836      
391.50000 38.00000  6.16441      47.77332      2.51362      
392.50000 37.00000  6.08276      47.77332      3.13687      
393.50000 44.00000  6.63325      47.77332      0.32359      
394.50000 38.00000  6.16441      47.77332      2.51362      
395.50000 49.00000  7.00000      47.77332      0.03071      
396.50000 41.00000  6.40312      47.77332      1.11897      
397.50000 33.00000  5.74456      47.77332      6.61366      
398.50000 43.00000  6.55744      47.77332      0.52987      
399.50000 51.00000  7.14143      47.77332      0.20415      
400.50000 26.00000  5.09902      47.77332      18.23374     
401.50000 47.00000  6.85565      47.77332      0.01272      
402.50000 46.00000  6.78233      47.77332      0.06836      
403.50000 51.00000  7.14143      47.77332      0.20415      
404.50000 32.00000  5.65685      47.77332      7.77492      
405.50000 29.00000  5.38516      47.77332      12.15302     
406.50000 44.00000  6.63325      47.77332      0.32359      
407.50000 48.00000  6.92820      47.77332      0.00107      
408.50000 27.00000  5.19615      47.77332      15.98262     
409.50000 28.00000  5.29150      47.77332      13.96372     
410.50000 27.00000  5.19615      47.77332      15.98262     
411.50000 32.00000  5.65685      47.77332      7.77492      
412.50000 43.00000  6.55744      47.77332      0.52987      
413.50000 25.00000  5.00000      47.77332      20.74496     
414.50000 39.00000  6.24500      47.77332      1.97362      
415.50000 35.00000  5.91608      47.77332      4.66165      
416.50000 32.00000  5.65685      47.77332      7.77492      
417.50000 41.00000  6.40312      47.77332      1.11897      
418.50000 31.00000  5.56776      47.77332      9.07562      
419.50000 35.00000  5.91608      47.77332      4.66165      

Gradi di liberta = 58
Chi-quadro = 408.6009364667378
p-value = 0.18781740458742302

Media pesata = 47.77331772555438 +/- 0.892312704208885

****************************************************************************************************
SERIE 1
****************************************************************************************************

Verifica ipotesi linearità_________________________________
Covarianza = -430.56410
Indice Pearson = -0.88153 +/- 0.07659
Gradi di Liberta' = 38
	t = 11.510116312082436
	p-value (due code) = 5.954528196381784e-14

Parametri___________________________________________________
y = a + bx
a = 208.05464 +/- 12.65306
b = -0.42316 +/- 0.03591

Test Chi Quadro_____________________________________________
x         y         sy           y*            Chi-quadro   
310.50000 86.00000  9.27362      76.66279      1.01376      
311.50000 82.00000  9.05539      76.23962      0.40466      
312.50000 73.00000  8.54400      75.81646      0.10866      
313.50000 82.00000  9.05539      75.39330      0.53230      
314.50000 70.00000  8.36660      74.97014      0.35289      
315.50000 73.00000  8.54400      74.54698      0.03278      
316.50000 97.00000  9.84886      74.12381      5.39505      
317.50000 75.00000  8.66025      73.70065      0.02251      
318.50000 73.00000  8.54400      73.27749      0.00105      
319.50000 73.00000  8.54400      72.85433      0.00029      
320.50000 68.00000  8.24621      72.43116      0.28875      
321.50000 81.00000  9.00000      72.00800      0.99822      
322.50000 75.00000  8.66025      71.58484      0.15551      
323.50000 63.00000  7.93725      71.16168      1.05735      
324.50000 60.00000  7.74597      70.73852      1.92193      
325.50000 75.00000  8.66025      70.31535      0.29261      
326.50000 65.00000  8.06226      69.89219      0.36821      
327.50000 77.00000  8.77496      69.46903      0.73657      
328.50000 75.00000  8.66025      69.04587      0.47269      
329.50000 74.00000  8.60233      68.62270      0.39075      
330.50000 57.00000  7.54983      68.19954      2.20052      
331.50000 62.00000  7.87401      67.77638      0.53817      
332.50000 62.00000  7.87401      67.35322      0.46221      
333.50000 71.00000  8.42615      66.93006      0.23330      
334.50000 70.00000  8.36660      66.50689      0.17431      
335.50000 69.00000  8.30662      66.08373      0.12326      
336.50000 73.00000  8.54400      65.66057      0.73791      
337.50000 55.00000  7.41620      65.23741      1.90554      
338.50000 52.00000  7.21110      64.81425      3.15779      
339.50000 69.00000  8.30662      64.39108      0.30786      
390.50000 46.00000  6.78233      42.80981      0.22125      
391.50000 38.00000  6.16441      42.38665      0.50639      
392.50000 37.00000  6.08276      41.96349      0.66584      
393.50000 44.00000  6.63325      41.54033      0.13750      
394.50000 38.00000  6.16441      41.11716      0.25570      
395.50000 49.00000  7.00000      40.69400      1.40795      
396.50000 41.00000  6.40312      40.27084      0.01297      
397.50000 33.00000  5.74456      39.84768      1.42093      
398.50000 43.00000  6.55744      39.42452      0.29730      
399.50000 51.00000  7.14143      39.00135      2.82289      

Gradi di liberta = 38
Chi-quadro = 32.136130080577615
p-value = 0.7366755772720647

Verifica ipotesi funzione costante_________________________
Gradi di Liberta' = 38
t = 11.783746783857602
p-value = 2.9503534554584705e-14

x         y         sy           y_media_p     Chi-quadro   
310.50000 86.00000  9.27362      59.65018      8.07341      
311.50000 82.00000  9.05539      59.65018      6.09164      
312.50000 73.00000  8.54400      59.65018      2.44134      
313.50000 82.00000  9.05539      59.65018      6.09164      
314.50000 70.00000  8.36660      59.65018      1.53027      
315.50000 73.00000  8.54400      59.65018      2.44134      
316.50000 97.00000  9.84886      59.65018      14.38154     
317.50000 75.00000  8.66025      59.65018      3.14156      
318.50000 73.00000  8.54400      59.65018      2.44134      
319.50000 73.00000  8.54400      59.65018      2.44134      
320.50000 68.00000  8.24621      59.65018      1.02529      
321.50000 81.00000  9.00000      59.65018      5.62734      
322.50000 75.00000  8.66025      59.65018      3.14156      
323.50000 63.00000  7.93725      59.65018      0.17812      
324.50000 60.00000  7.74597      59.65018      0.00204      
325.50000 75.00000  8.66025      59.65018      3.14156      
326.50000 65.00000  8.06226      59.65018      0.44032      
327.50000 77.00000  8.77496      59.65018      3.90930      
328.50000 75.00000  8.66025      59.65018      3.14156      
329.50000 74.00000  8.60233      59.65018      2.78267      
330.50000 57.00000  7.54983      59.65018      0.12322      
331.50000 62.00000  7.87401      59.65018      0.08906      
332.50000 62.00000  7.87401      59.65018      0.08906      
333.50000 71.00000  8.42615      59.65018      1.81434      
334.50000 70.00000  8.36660      59.65018      1.53027      
335.50000 69.00000  8.30662      59.65018      1.26694      
336.50000 73.00000  8.54400      59.65018      2.44134      
337.50000 55.00000  7.41620      59.65018      0.39317      
338.50000 52.00000  7.21110      59.65018      1.12549      
339.50000 69.00000  8.30662      59.65018      1.26694      
390.50000 46.00000  6.78233      59.65018      4.05060      
391.50000 38.00000  6.16441      59.65018      12.33501     
392.50000 37.00000  6.08276      59.65018      13.86569     
393.50000 44.00000  6.63325      59.65018      5.56655      
394.50000 38.00000  6.16441      59.65018      12.33501     
395.50000 49.00000  7.00000      59.65018      2.31482      
396.50000 41.00000  6.40312      59.65018      8.48364      
397.50000 33.00000  5.74456      59.65018      21.52218     
398.50000 43.00000  6.55744      59.65018      6.44717      
399.50000 51.00000  7.14143      59.65018      1.46717      

Gradi di liberta = 38
Chi-quadro = 170.9928244070615
p-value = 0.7366755772720647

Media pesata = 59.650179389823464 +/- 1.2211693104338917

****************************************************************************************************
SERIE 1
****************************************************************************************************

Verifica ipotesi linearità_________________________________
Covarianza = -430.56410
Indice Pearson = -0.88153 +/- 0.07659
Gradi di Liberta' = 38
	t = 11.510116312082436
	p-value (due code) = 5.954528196381784e-14

Parametri___________________________________________________
y = a + bx
a = 208.05464 +/- 12.65306
b = -0.42316 +/- 0.03591

Test Chi Quadro_____________________________________________
x         y         sy           y*            Chi-quadro   
310.50000 86.00000  9.27362      76.66279      1.01376      
311.50000 82.00000  9.05539      76.23962      0.40466      
312.50000 73.00000  8.54400      75.81646      0.10866      
313.50000 82.00000  9.05539      75.39330      0.53230      
314.50000 70.00000  8.36660      74.97014      0.35289      
315.50000 73.00000  8.54400      74.54698      0.03278      
316.50000 97.00000  9.84886      74.12381      5.39505      
317.50000 75.00000  8.66025      73.70065      0.02251      
318.50000 73.00000  8.54400      73.27749      0.00105      
319.50000 73.00000  8.54400      72.85433      0.00029      
320.50000 68.00000  8.24621      72.43116      0.28875      
321.50000 81.00000  9.00000      72.00800      0.99822      
322.50000 75.00000  8.66025      71.58484      0.15551      
323.50000 63.00000  7.93725      71.16168      1.05735      
324.50000 60.00000  7.74597      70.73852      1.92193      
325.50000 75.00000  8.66025      70.31535      0.29261      
326.50000 65.00000  8.06226      69.89219      0.36821      
327.50000 77.00000  8.77496      69.46903      0.73657      
328.50000 75.00000  8.66025      69.04587      0.47269      
329.50000 74.00000  8.60233      68.62270      0.39075      
330.50000 57.00000  7.54983      68.19954      2.20052      
331.50000 62.00000  7.87401      67.77638      0.53817      
332.50000 62.00000  7.87401      67.35322      0.46221      
333.50000 71.00000  8.42615      66.93006      0.23330      
334.50000 70.00000  8.36660      66.50689      0.17431      
335.50000 69.00000  8.30662      66.08373      0.12326      
336.50000 73.00000  8.54400      65.66057      0.73791      
337.50000 55.00000  7.41620      65.23741      1.90554      
338.50000 52.00000  7.21110      64.81425      3.15779      
339.50000 69.00000  8.30662      64.39108      0.30786      
390.50000 46.00000  6.78233      42.80981      0.22125      
391.50000 38.00000  6.16441      42.38665      0.50639      
392.50000 37.00000  6.08276      41.96349      0.66584      
393.50000 44.00000  6.63325      41.54033      0.13750      
394.50000 38.00000  6.16441      41.11716      0.25570      
395.50000 49.00000  7.00000      40.69400      1.40795      
396.50000 41.00000  6.40312      40.27084      0.01297      
397.50000 33.00000  5.74456      39.84768      1.42093      
398.50000 43.00000  6.55744      39.42452      0.29730      
399.50000 51.00000  7.14143      39.00135      2.82289      

Gradi di liberta = 38
Chi-quadro = 32.136130080577615
p-value = 0.7366755772720647

Verifica ipotesi funzione costante_________________________
Gradi di Liberta' = 38
t = 11.783746783857602
p-value = 2.9503534554584705e-14

x         y         sy           y_media_p     Chi-quadro   
310.50000 86.00000  9.27362      59.65018      8.07341      
311.50000 82.00000  9.05539      59.65018      6.09164      
312.50000 73.00000  8.54400      59.65018      2.44134      
313.50000 82.00000  9.05539      59.65018      6.09164      
314.50000 70.00000  8.36660      59.65018      1.53027      
315.50000 73.00000  8.54400      59.65018      2.44134      
316.50000 97.00000  9.84886      59.65018      14.38154     
317.50000 75.00000  8.66025      59.65018      3.14156      
318.50000 73.00000  8.54400      59.65018      2.44134      
319.50000 73.00000  8.54400      59.65018      2.44134      
320.50000 68.00000  8.24621      59.65018      1.02529      
321.50000 81.00000  9.00000      59.65018      5.62734      
322.50000 75.00000  8.66025      59.65018      3.14156      
323.50000 63.00000  7.93725      59.65018      0.17812      
324.50000 60.00000  7.74597      59.65018      0.00204      
325.50000 75.00000  8.66025      59.65018      3.14156      
326.50000 65.00000  8.06226      59.65018      0.44032      
327.50000 77.00000  8.77496      59.65018      3.90930      
328.50000 75.00000  8.66025      59.65018      3.14156      
329.50000 74.00000  8.60233      59.65018      2.78267      
330.50000 57.00000  7.54983      59.65018      0.12322      
331.50000 62.00000  7.87401      59.65018      0.08906      
332.50000 62.00000  7.87401      59.65018      0.08906      
333.50000 71.00000  8.42615      59.65018      1.81434      
334.50000 70.00000  8.36660      59.65018      1.53027      
335.50000 69.00000  8.30662      59.65018      1.26694      
336.50000 73.00000  8.54400      59.65018      2.44134      
337.50000 55.00000  7.41620      59.65018      0.39317      
338.50000 52.00000  7.21110      59.65018      1.12549      
339.50000 69.00000  8.30662      59.65018      1.26694      
390.50000 46.00000  6.78233      59.65018      4.05060      
391.50000 38.00000  6.16441      59.65018      12.33501     
392.50000 37.00000  6.08276      59.65018      13.86569     
393.50000 44.00000  6.63325      59.65018      5.56655      
394.50000 38.00000  6.16441      59.65018      12.33501     
395.50000 49.00000  7.00000      59.65018      2.31482      
396.50000 41.00000  6.40312      59.65018      8.48364      
397.50000 33.00000  5.74456      59.65018      21.52218     
398.50000 43.00000  6.55744      59.65018      6.44717      
399.50000 51.00000  7.14143      59.65018      1.46717      

Gradi di liberta = 38
Chi-quadro = 170.9928244070615
p-value = 0.7366755772720647

Media pesata = 59.650179389823464 +/- 1.2211693104338917

****************************************************************************************************
SERIE 1
****************************************************************************************************

Verifica ipotesi linearità_________________________________
Covarianza = -430.56410
Indice Pearson = -0.88153 +/- 0.07659
Gradi di Liberta' = 38
	t = 11.510116312082436
	p-value (due code) = 5.954528196381784e-14

Parametri___________________________________________________
y = a + bx
a = 208.05464 +/- 12.65306
b = -0.42316 +/- 0.03591

Test Chi Quadro_____________________________________________
x         y         sy           y*            Chi-quadro   
310.50000 86.00000  9.27362      76.66279      1.01376      
311.50000 82.00000  9.05539      76.23962      0.40466      
312.50000 73.00000  8.54400      75.81646      0.10866      
313.50000 82.00000  9.05539      75.39330      0.53230      
314.50000 70.00000  8.36660      74.97014      0.35289      
315.50000 73.00000  8.54400      74.54698      0.03278      
316.50000 97.00000  9.84886      74.12381      5.39505      
317.50000 75.00000  8.66025      73.70065      0.02251      
318.50000 73.00000  8.54400      73.27749      0.00105      
319.50000 73.00000  8.54400      72.85433      0.00029      
320.50000 68.00000  8.24621      72.43116      0.28875      
321.50000 81.00000  9.00000      72.00800      0.99822      
322.50000 75.00000  8.66025      71.58484      0.15551      
323.50000 63.00000  7.93725      71.16168      1.05735      
324.50000 60.00000  7.74597      70.73852      1.92193      
325.50000 75.00000  8.66025      70.31535      0.29261      
326.50000 65.00000  8.06226      69.89219      0.36821      
327.50000 77.00000  8.77496      69.46903      0.73657      
328.50000 75.00000  8.66025      69.04587      0.47269      
329.50000 74.00000  8.60233      68.62270      0.39075      
330.50000 57.00000  7.54983      68.19954      2.20052      
331.50000 62.00000  7.87401      67.77638      0.53817      
332.50000 62.00000  7.87401      67.35322      0.46221      
333.50000 71.00000  8.42615      66.93006      0.23330      
334.50000 70.00000  8.36660      66.50689      0.17431      
335.50000 69.00000  8.30662      66.08373      0.12326      
336.50000 73.00000  8.54400      65.66057      0.73791      
337.50000 55.00000  7.41620      65.23741      1.90554      
338.50000 52.00000  7.21110      64.81425      3.15779      
339.50000 69.00000  8.30662      64.39108      0.30786      
390.50000 46.00000  6.78233      42.80981      0.22125      
391.50000 38.00000  6.16441      42.38665      0.50639      
392.50000 37.00000  6.08276      41.96349      0.66584      
393.50000 44.00000  6.63325      41.54033      0.13750      
394.50000 38.00000  6.16441      41.11716      0.25570      
395.50000 49.00000  7.00000      40.69400      1.40795      
396.50000 41.00000  6.40312      40.27084      0.01297      
397.50000 33.00000  5.74456      39.84768      1.42093      
398.50000 43.00000  6.55744      39.42452      0.29730      
399.50000 51.00000  7.14143      39.00135      2.82289      

Gradi di liberta = 38
Chi-quadro = 32.136130080577615
p-value = 0.7366755772720647

Verifica ipotesi funzione costante_________________________
Gradi di Liberta' = 38
t = 11.783746783857602
p-value = 2.9503534554584705e-14

x         y         sy           y_media_p     Chi-quadro   
310.50000 86.00000  9.27362      59.65018      8.07341      
311.50000 82.00000  9.05539      59.65018      6.09164      
312.50000 73.00000  8.54400      59.65018      2.44134      
313.50000 82.00000  9.05539      59.65018      6.09164      
314.50000 70.00000  8.36660      59.65018      1.53027      
315.50000 73.00000  8.54400      59.65018      2.44134      
316.50000 97.00000  9.84886      59.65018      14.38154     
317.50000 75.00000  8.66025      59.65018      3.14156      
318.50000 73.00000  8.54400      59.65018      2.44134      
319.50000 73.00000  8.54400      59.65018      2.44134      
320.50000 68.00000  8.24621      59.65018      1.02529      
321.50000 81.00000  9.00000      59.65018      5.62734      
322.50000 75.00000  8.66025      59.65018      3.14156      
323.50000 63.00000  7.93725      59.65018      0.17812      
324.50000 60.00000  7.74597      59.65018      0.00204      
325.50000 75.00000  8.66025      59.65018      3.14156      
326.50000 65.00000  8.06226      59.65018      0.44032      
327.50000 77.00000  8.77496      59.65018      3.90930      
328.50000 75.00000  8.66025      59.65018      3.14156      
329.50000 74.00000  8.60233      59.65018      2.78267      
330.50000 57.00000  7.54983      59.65018      0.12322      
331.50000 62.00000  7.87401      59.65018      0.08906      
332.50000 62.00000  7.87401      59.65018      0.08906      
333.50000 71.00000  8.42615      59.65018      1.81434      
334.50000 70.00000  8.36660      59.65018      1.53027      
335.50000 69.00000  8.30662      59.65018      1.26694      
336.50000 73.00000  8.54400      59.65018      2.44134      
337.50000 55.00000  7.41620      59.65018      0.39317      
338.50000 52.00000  7.21110      59.65018      1.12549      
339.50000 69.00000  8.30662      59.65018      1.26694      
390.50000 46.00000  6.78233      59.65018      4.05060      
391.50000 38.00000  6.16441      59.65018      12.33501     
392.50000 37.00000  6.08276      59.65018      13.86569     
393.50000 44.00000  6.63325      59.65018      5.56655      
394.50000 38.00000  6.16441      59.65018      12.33501     
395.50000 49.00000  7.00000      59.65018      2.31482      
396.50000 41.00000  6.40312      59.65018      8.48364      
397.50000 33.00000  5.74456      59.65018      21.52218     
398.50000 43.00000  6.55744      59.65018      6.44717      
399.50000 51.00000  7.14143      59.65018      1.46717      

Gradi di liberta = 38
Chi-quadro = 170.9928244070615
p-value = 0.7366755772720647

Media pesata = 59.650179389823464 +/- 1.2211693104338917

****************************************************************************************************
SERIE 1
****************************************************************************************************

Verifica ipotesi linearità_________________________________
Covarianza = -430.56410
Indice Pearson = -0.88153 +/- 0.07659
Gradi di Liberta' = 38
	t = 11.510116312082436
	p-value (due code) = 5.954528196381784e-14

Parametri___________________________________________________
y = a + bx
a = 208.05464 +/- 12.65306
b = -0.42316 +/- 0.03591

Test Chi Quadro_____________________________________________
x         y         sy           y*            Chi-quadro   
310.50000 86.00000  9.27362      76.66279      1.01376      
311.50000 82.00000  9.05539      76.23962      0.40466      
312.50000 73.00000  8.54400      75.81646      0.10866      
313.50000 82.00000  9.05539      75.39330      0.53230      
314.50000 70.00000  8.36660      74.97014      0.35289      
315.50000 73.00000  8.54400      74.54698      0.03278      
316.50000 97.00000  9.84886      74.12381      5.39505      
317.50000 75.00000  8.66025      73.70065      0.02251      
318.50000 73.00000  8.54400      73.27749      0.00105      
319.50000 73.00000  8.54400      72.85433      0.00029      
320.50000 68.00000  8.24621      72.43116      0.28875      
321.50000 81.00000  9.00000      72.00800      0.99822      
322.50000 75.00000  8.66025      71.58484      0.15551      
323.50000 63.00000  7.93725      71.16168      1.05735      
324.50000 60.00000  7.74597      70.73852      1.92193      
325.50000 75.00000  8.66025      70.31535      0.29261      
326.50000 65.00000  8.06226      69.89219      0.36821      
327.50000 77.00000  8.77496      69.46903      0.73657      
328.50000 75.00000  8.66025      69.04587      0.47269      
329.50000 74.00000  8.60233      68.62270      0.39075      
330.50000 57.00000  7.54983      68.19954      2.20052      
331.50000 62.00000  7.87401      67.77638      0.53817      
332.50000 62.00000  7.87401      67.35322      0.46221      
333.50000 71.00000  8.42615      66.93006      0.23330      
334.50000 70.00000  8.36660      66.50689      0.17431      
335.50000 69.00000  8.30662      66.08373      0.12326      
336.50000 73.00000  8.54400      65.66057      0.73791      
337.50000 55.00000  7.41620      65.23741      1.90554      
338.50000 52.00000  7.21110      64.81425      3.15779      
339.50000 69.00000  8.30662      64.39108      0.30786      
390.50000 46.00000  6.78233      42.80981      0.22125      
391.50000 38.00000  6.16441      42.38665      0.50639      
392.50000 37.00000  6.08276      41.96349      0.66584      
393.50000 44.00000  6.63325      41.54033      0.13750      
394.50000 38.00000  6.16441      41.11716      0.25570      
395.50000 49.00000  7.00000      40.69400      1.40795      
396.50000 41.00000  6.40312      40.27084      0.01297      
397.50000 33.00000  5.74456      39.84768      1.42093      
398.50000 43.00000  6.55744      39.42452      0.29730      
399.50000 51.00000  7.14143      39.00135      2.82289      

Gradi di liberta = 38
Chi-quadro = 32.136130080577615
p-value = 0.7366755772720647

Verifica ipotesi funzione costante_________________________
Gradi di Liberta' = 38
t = 11.783746783857602
p-value = 2.9503534554584705e-14

x         y         sy           y_media_p     Chi-quadro   
310.50000 86.00000  9.27362      59.65018      8.07341      
311.50000 82.00000  9.05539      59.65018      6.09164      
312.50000 73.00000  8.54400      59.65018      2.44134      
313.50000 82.00000  9.05539      59.65018      6.09164      
314.50000 70.00000  8.36660      59.65018      1.53027      
315.50000 73.00000  8.54400      59.65018      2.44134      
316.50000 97.00000  9.84886      59.65018      14.38154     
317.50000 75.00000  8.66025      59.65018      3.14156      
318.50000 73.00000  8.54400      59.65018      2.44134      
319.50000 73.00000  8.54400      59.65018      2.44134      
320.50000 68.00000  8.24621      59.65018      1.02529      
321.50000 81.00000  9.00000      59.65018      5.62734      
322.50000 75.00000  8.66025      59.65018      3.14156      
323.50000 63.00000  7.93725      59.65018      0.17812      
324.50000 60.00000  7.74597      59.65018      0.00204      
325.50000 75.00000  8.66025      59.65018      3.14156      
326.50000 65.00000  8.06226      59.65018      0.44032      
327.50000 77.00000  8.77496      59.65018      3.90930      
328.50000 75.00000  8.66025      59.65018      3.14156      
329.50000 74.00000  8.60233      59.65018      2.78267      
330.50000 57.00000  7.54983      59.65018      0.12322      
331.50000 62.00000  7.87401      59.65018      0.08906      
332.50000 62.00000  7.87401      59.65018      0.08906      
333.50000 71.00000  8.42615      59.65018      1.81434      
334.50000 70.00000  8.36660      59.65018      1.53027      
335.50000 69.00000  8.30662      59.65018      1.26694      
336.50000 73.00000  8.54400      59.65018      2.44134      
337.50000 55.00000  7.41620      59.65018      0.39317      
338.50000 52.00000  7.21110      59.65018      1.12549      
339.50000 69.00000  8.30662      59.65018      1.26694      
390.50000 46.00000  6.78233      59.65018      4.05060      
391.50000 38.00000  6.16441      59.65018      12.33501     
392.50000 37.00000  6.08276      59.65018      13.86569     
393.50000 44.00000  6.63325      59.65018      5.56655      
394.50000 38.00000  6.16441      59.65018      12.33501     
395.50000 49.00000  7.00000      59.65018      2.31482      
396.50000 41.00000  6.40312      59.65018      8.48364      
397.50000 33.00000  5.74456      59.65018      21.52218     
398.50000 43.00000  6.55744      59.65018      6.44717      
399.50000 51.00000  7.14143      59.65018      1.46717      

Gradi di liberta = 38
Chi-quadro = 170.9928244070615
p-value = 0.7366755772720647

Media pesata = 59.650179389823464 +/- 1.2211693104338917

****************************************************************************************************
SERIE 1
****************************************************************************************************

Verifica ipotesi linearità_________________________________
Covarianza = -430.56410
Indice Pearson = -0.88153 +/- 0.07659
Gradi di Liberta' = 38
	t = 11.510116312082436
	p-value (due code) = 5.954528196381784e-14

Parametri___________________________________________________
y = a + bx
a = 208.05464 +/- 12.65306
b = -0.42316 +/- 0.03591

Test Chi Quadro_____________________________________________
x         y         sy           y*            Chi-quadro   
310.50000 86.00000  9.27362      76.66279      1.01376      
311.50000 82.00000  9.05539      76.23962      0.40466      
312.50000 73.00000  8.54400      75.81646      0.10866      
313.50000 82.00000  9.05539      75.39330      0.53230      
314.50000 70.00000  8.36660      74.97014      0.35289      
315.50000 73.00000  8.54400      74.54698      0.03278      
316.50000 97.00000  9.84886      74.12381      5.39505      
317.50000 75.00000  8.66025      73.70065      0.02251      
318.50000 73.00000  8.54400      73.27749      0.00105      
319.50000 73.00000  8.54400      72.85433      0.00029      
320.50000 68.00000  8.24621      72.43116      0.28875      
321.50000 81.00000  9.00000      72.00800      0.99822      
322.50000 75.00000  8.66025      71.58484      0.15551      
323.50000 63.00000  7.93725      71.16168      1.05735      
324.50000 60.00000  7.74597      70.73852      1.92193      
325.50000 75.00000  8.66025      70.31535      0.29261      
326.50000 65.00000  8.06226      69.89219      0.36821      
327.50000 77.00000  8.77496      69.46903      0.73657      
328.50000 75.00000  8.66025      69.04587      0.47269      
329.50000 74.00000  8.60233      68.62270      0.39075      
330.50000 57.00000  7.54983      68.19954      2.20052      
331.50000 62.00000  7.87401      67.77638      0.53817      
332.50000 62.00000  7.87401      67.35322      0.46221      
333.50000 71.00000  8.42615      66.93006      0.23330      
334.50000 70.00000  8.36660      66.50689      0.17431      
335.50000 69.00000  8.30662      66.08373      0.12326      
336.50000 73.00000  8.54400      65.66057      0.73791      
337.50000 55.00000  7.41620      65.23741      1.90554      
338.50000 52.00000  7.21110      64.81425      3.15779      
339.50000 69.00000  8.30662      64.39108      0.30786      
390.50000 46.00000  6.78233      42.80981      0.22125      
391.50000 38.00000  6.16441      42.38665      0.50639      
392.50000 37.00000  6.08276      41.96349      0.66584      
393.50000 44.00000  6.63325      41.54033      0.13750      
394.50000 38.00000  6.16441      41.11716      0.25570      
395.50000 49.00000  7.00000      40.69400      1.40795      
396.50000 41.00000  6.40312      40.27084      0.01297      
397.50000 33.00000  5.74456      39.84768      1.42093      
398.50000 43.00000  6.55744      39.42452      0.29730      
399.50000 51.00000  7.14143      39.00135      2.82289      

Gradi di liberta = 38
Chi-quadro = 32.136130080577615
p-value = 0.7366755772720647

Verifica ipotesi funzione costante_________________________
Gradi di Liberta' = 38
t = 11.783746783857602
p-value = 2.9503534554584705e-14

x         y         sy           y_media_p     Chi-quadro   
310.50000 86.00000  9.27362      59.65018      8.07341      
311.50000 82.00000  9.05539      59.65018      6.09164      
312.50000 73.00000  8.54400      59.65018      2.44134      
313.50000 82.00000  9.05539      59.65018      6.09164      
314.50000 70.00000  8.36660      59.65018      1.53027      
315.50000 73.00000  8.54400      59.65018      2.44134      
316.50000 97.00000  9.84886      59.65018      14.38154     
317.50000 75.00000  8.66025      59.65018      3.14156      
318.50000 73.00000  8.54400      59.65018      2.44134      
319.50000 73.00000  8.54400      59.65018      2.44134      
320.50000 68.00000  8.24621      59.65018      1.02529      
321.50000 81.00000  9.00000      59.65018      5.62734      
322.50000 75.00000  8.66025      59.65018      3.14156      
323.50000 63.00000  7.93725      59.65018      0.17812      
324.50000 60.00000  7.74597      59.65018      0.00204      
325.50000 75.00000  8.66025      59.65018      3.14156      
326.50000 65.00000  8.06226      59.65018      0.44032      
327.50000 77.00000  8.77496      59.65018      3.90930      
328.50000 75.00000  8.66025      59.65018      3.14156      
329.50000 74.00000  8.60233      59.65018      2.78267      
330.50000 57.00000  7.54983      59.65018      0.12322      
331.50000 62.00000  7.87401      59.65018      0.08906      
332.50000 62.00000  7.87401      59.65018      0.08906      
333.50000 71.00000  8.42615      59.65018      1.81434      
334.50000 70.00000  8.36660      59.65018      1.53027      
335.50000 69.00000  8.30662      59.65018      1.26694      
336.50000 73.00000  8.54400      59.65018      2.44134      
337.50000 55.00000  7.41620      59.65018      0.39317      
338.50000 52.00000  7.21110      59.65018      1.12549      
339.50000 69.00000  8.30662      59.65018      1.26694      
390.50000 46.00000  6.78233      59.65018      4.05060      
391.50000 38.00000  6.16441      59.65018      12.33501     
392.50000 37.00000  6.08276      59.65018      13.86569     
393.50000 44.00000  6.63325      59.65018      5.56655      
394.50000 38.00000  6.16441      59.65018      12.33501     
395.50000 49.00000  7.00000      59.65018      2.31482      
396.50000 41.00000  6.40312      59.65018      8.48364      
397.50000 33.00000  5.74456      59.65018      21.52218     
398.50000 43.00000  6.55744      59.65018      6.44717      
399.50000 51.00000  7.14143      59.65018      1.46717      

Gradi di liberta = 38
Chi-quadro = 170.9928244070615
p-value = 0.7366755772720647

Media pesata = 59.650179389823464 +/- 1.2211693104338917

****************************************************************************************************
SERIE 1
****************************************************************************************************

Verifica ipotesi linearità_________________________________
Covarianza = -430.56410
Indice Pearson = -0.88153 +/- 0.07659
Gradi di Liberta' = 38
	t = 11.510116312082436
	p-value (due code) = 5.954528196381784e-14

Parametri___________________________________________________
y = a + bx
a = 208.05464 +/- 12.65306
b = -0.42316 +/- 0.03591

Test Chi Quadro_____________________________________________
x         y         sy           y*            Chi-quadro   
310.50000 86.00000  9.27362      76.66279      1.01376      
311.50000 82.00000  9.05539      76.23962      0.40466      
312.50000 73.00000  8.54400      75.81646      0.10866      
313.50000 82.00000  9.05539      75.39330      0.53230      
314.50000 70.00000  8.36660      74.97014      0.35289      
315.50000 73.00000  8.54400      74.54698      0.03278      
316.50000 97.00000  9.84886      74.12381      5.39505      
317.50000 75.00000  8.66025      73.70065      0.02251      
318.50000 73.00000  8.54400      73.27749      0.00105      
319.50000 73.00000  8.54400      72.85433      0.00029      
320.50000 68.00000  8.24621      72.43116      0.28875      
321.50000 81.00000  9.00000      72.00800      0.99822      
322.50000 75.00000  8.66025      71.58484      0.15551      
323.50000 63.00000  7.93725      71.16168      1.05735      
324.50000 60.00000  7.74597      70.73852      1.92193      
325.50000 75.00000  8.66025      70.31535      0.29261      
326.50000 65.00000  8.06226      69.89219      0.36821      
327.50000 77.00000  8.77496      69.46903      0.73657      
328.50000 75.00000  8.66025      69.04587      0.47269      
329.50000 74.00000  8.60233      68.62270      0.39075      
330.50000 57.00000  7.54983      68.19954      2.20052      
331.50000 62.00000  7.87401      67.77638      0.53817      
332.50000 62.00000  7.87401      67.35322      0.46221      
333.50000 71.00000  8.42615      66.93006      0.23330      
334.50000 70.00000  8.36660      66.50689      0.17431      
335.50000 69.00000  8.30662      66.08373      0.12326      
336.50000 73.00000  8.54400      65.66057      0.73791      
337.50000 55.00000  7.41620      65.23741      1.90554      
338.50000 52.00000  7.21110      64.81425      3.15779      
339.50000 69.00000  8.30662      64.39108      0.30786      
390.50000 46.00000  6.78233      42.80981      0.22125      
391.50000 38.00000  6.16441      42.38665      0.50639      
392.50000 37.00000  6.08276      41.96349      0.66584      
393.50000 44.00000  6.63325      41.54033      0.13750      
394.50000 38.00000  6.16441      41.11716      0.25570      
395.50000 49.00000  7.00000      40.69400      1.40795      
396.50000 41.00000  6.40312      40.27084      0.01297      
397.50000 33.00000  5.74456      39.84768      1.42093      
398.50000 43.00000  6.55744      39.42452      0.29730      
399.50000 51.00000  7.14143      39.00135      2.82289      

Gradi di liberta = 38
Chi-quadro = 32.136130080577615
p-value = 0.7366755772720647

Verifica ipotesi funzione costante_________________________
Gradi di Liberta' = 38
t = 11.783746783857602
p-value = 2.9503534554584705e-14

x         y         sy           y_media_p     Chi-quadro   
310.50000 86.00000  9.27362      59.65018      8.07341      
311.50000 82.00000  9.05539      59.65018      6.09164      
312.50000 73.00000  8.54400      59.65018      2.44134      
313.50000 82.00000  9.05539      59.65018      6.09164      
314.50000 70.00000  8.36660      59.65018      1.53027      
315.50000 73.00000  8.54400      59.65018      2.44134      
316.50000 97.00000  9.84886      59.65018      14.38154     
317.50000 75.00000  8.66025      59.65018      3.14156      
318.50000 73.00000  8.54400      59.65018      2.44134      
319.50000 73.00000  8.54400      59.65018      2.44134      
320.50000 68.00000  8.24621      59.65018      1.02529      
321.50000 81.00000  9.00000      59.65018      5.62734      
322.50000 75.00000  8.66025      59.65018      3.14156      
323.50000 63.00000  7.93725      59.65018      0.17812      
324.50000 60.00000  7.74597      59.65018      0.00204      
325.50000 75.00000  8.66025      59.65018      3.14156      
326.50000 65.00000  8.06226      59.65018      0.44032      
327.50000 77.00000  8.77496      59.65018      3.90930      
328.50000 75.00000  8.66025      59.65018      3.14156      
329.50000 74.00000  8.60233      59.65018      2.78267      
330.50000 57.00000  7.54983      59.65018      0.12322      
331.50000 62.00000  7.87401      59.65018      0.08906      
332.50000 62.00000  7.87401      59.65018      0.08906      
333.50000 71.00000  8.42615      59.65018      1.81434      
334.50000 70.00000  8.36660      59.65018      1.53027      
335.50000 69.00000  8.30662      59.65018      1.26694      
336.50000 73.00000  8.54400      59.65018      2.44134      
337.50000 55.00000  7.41620      59.65018      0.39317      
338.50000 52.00000  7.21110      59.65018      1.12549      
339.50000 69.00000  8.30662      59.65018      1.26694      
390.50000 46.00000  6.78233      59.65018      4.05060      
391.50000 38.00000  6.16441      59.65018      12.33501     
392.50000 37.00000  6.08276      59.65018      13.86569     
393.50000 44.00000  6.63325      59.65018      5.56655      
394.50000 38.00000  6.16441      59.65018      12.33501     
395.50000 49.00000  7.00000      59.65018      2.31482      
396.50000 41.00000  6.40312      59.65018      8.48364      
397.50000 33.00000  5.74456      59.65018      21.52218     
398.50000 43.00000  6.55744      59.65018      6.44717      
399.50000 51.00000  7.14143      59.65018      1.46717      

Gradi di liberta = 38
Chi-quadro = 170.9928244070615
p-value = 0.7366755772720647

Media pesata = 59.650179389823464 +/- 1.2211693104338917

****************************************************************************************************
SERIE 1
****************************************************************************************************

Verifica ipotesi linearità_________________________________
Covarianza = -430.56410
Indice Pearson = -0.88153 +/- 0.07659
Gradi di Liberta' = 38
	t = 11.510116312082436
	p-value (due code) = 5.954528196381784e-14

Parametri___________________________________________________
y = a + bx
a = 208.05464 +/- 12.65306
b = -0.42316 +/- 0.03591

Test Chi Quadro_____________________________________________
x         y         sy           y*            Chi-quadro   
310.50000 86.00000  9.27362      76.66279      1.01376      
311.50000 82.00000  9.05539      76.23962      0.40466      
312.50000 73.00000  8.54400      75.81646      0.10866      
313.50000 82.00000  9.05539      75.39330      0.53230      
314.50000 70.00000  8.36660      74.97014      0.35289      
315.50000 73.00000  8.54400      74.54698      0.03278      
316.50000 97.00000  9.84886      74.12381      5.39505      
317.50000 75.00000  8.66025      73.70065      0.02251      
318.50000 73.00000  8.54400      73.27749      0.00105      
319.50000 73.00000  8.54400      72.85433      0.00029      
320.50000 68.00000  8.24621      72.43116      0.28875      
321.50000 81.00000  9.00000      72.00800      0.99822      
322.50000 75.00000  8.66025      71.58484      0.15551      
323.50000 63.00000  7.93725      71.16168      1.05735      
324.50000 60.00000  7.74597      70.73852      1.92193      
325.50000 75.00000  8.66025      70.31535      0.29261      
326.50000 65.00000  8.06226      69.89219      0.36821      
327.50000 77.00000  8.77496      69.46903      0.73657      
328.50000 75.00000  8.66025      69.04587      0.47269      
329.50000 74.00000  8.60233      68.62270      0.39075      
330.50000 57.00000  7.54983      68.19954      2.20052      
331.50000 62.00000  7.87401      67.77638      0.53817      
332.50000 62.00000  7.87401      67.35322      0.46221      
333.50000 71.00000  8.42615      66.93006      0.23330      
334.50000 70.00000  8.36660      66.50689      0.17431      
335.50000 69.00000  8.30662      66.08373      0.12326      
336.50000 73.00000  8.54400      65.66057      0.73791      
337.50000 55.00000  7.41620      65.23741      1.90554      
338.50000 52.00000  7.21110      64.81425      3.15779      
339.50000 69.00000  8.30662      64.39108      0.30786      
390.50000 46.00000  6.78233      42.80981      0.22125      
391.50000 38.00000  6.16441      42.38665      0.50639      
392.50000 37.00000  6.08276      41.96349      0.66584      
393.50000 44.00000  6.63325      41.54033      0.13750      
394.50000 38.00000  6.16441      41.11716      0.25570      
395.50000 49.00000  7.00000      40.69400      1.40795      
396.50000 41.00000  6.40312      40.27084      0.01297      
397.50000 33.00000  5.74456      39.84768      1.42093      
398.50000 43.00000  6.55744      39.42452      0.29730      
399.50000 51.00000  7.14143      39.00135      2.82289      

Gradi di liberta = 38
Chi-quadro = 32.136130080577615
p-value = 0.7366755772720647

Verifica ipotesi funzione costante_________________________
Gradi di Liberta' = 38
t = 11.783746783857602
p-value = 2.9503534554584705e-14

x         y         sy           y_media_p     Chi-quadro   
310.50000 86.00000  9.27362      59.65018      8.07341      
311.50000 82.00000  9.05539      59.65018      6.09164      
312.50000 73.00000  8.54400      59.65018      2.44134      
313.50000 82.00000  9.05539      59.65018      6.09164      
314.50000 70.00000  8.36660      59.65018      1.53027      
315.50000 73.00000  8.54400      59.65018      2.44134      
316.50000 97.00000  9.84886      59.65018      14.38154     
317.50000 75.00000  8.66025      59.65018      3.14156      
318.50000 73.00000  8.54400      59.65018      2.44134      
319.50000 73.00000  8.54400      59.65018      2.44134      
320.50000 68.00000  8.24621      59.65018      1.02529      
321.50000 81.00000  9.00000      59.65018      5.62734      
322.50000 75.00000  8.66025      59.65018      3.14156      
323.50000 63.00000  7.93725      59.65018      0.17812      
324.50000 60.00000  7.74597      59.65018      0.00204      
325.50000 75.00000  8.66025      59.65018      3.14156      
326.50000 65.00000  8.06226      59.65018      0.44032      
327.50000 77.00000  8.77496      59.65018      3.90930      
328.50000 75.00000  8.66025      59.65018      3.14156      
329.50000 74.00000  8.60233      59.65018      2.78267      
330.50000 57.00000  7.54983      59.65018      0.12322      
331.50000 62.00000  7.87401      59.65018      0.08906      
332.50000 62.00000  7.87401      59.65018      0.08906      
333.50000 71.00000  8.42615      59.65018      1.81434      
334.50000 70.00000  8.36660      59.65018      1.53027      
335.50000 69.00000  8.30662      59.65018      1.26694      
336.50000 73.00000  8.54400      59.65018      2.44134      
337.50000 55.00000  7.41620      59.65018      0.39317      
338.50000 52.00000  7.21110      59.65018      1.12549      
339.50000 69.00000  8.30662      59.65018      1.26694      
390.50000 46.00000  6.78233      59.65018      4.05060      
391.50000 38.00000  6.16441      59.65018      12.33501     
392.50000 37.00000  6.08276      59.65018      13.86569     
393.50000 44.00000  6.63325      59.65018      5.56655      
394.50000 38.00000  6.16441      59.65018      12.33501     
395.50000 49.00000  7.00000      59.65018      2.31482      
396.50000 41.00000  6.40312      59.65018      8.48364      
397.50000 33.00000  5.74456      59.65018      21.52218     
398.50000 43.00000  6.55744      59.65018      6.44717      
399.50000 51.00000  7.14143      59.65018      1.46717      

Gradi di liberta = 38
Chi-quadro = 170.9928244070615
p-value = 0.7366755772720647

Media pesata = 59.650179389823464 +/- 1.2211693104338917

****************************************************************************************************
SERIE 1
****************************************************************************************************

Verifica ipotesi linearità_________________________________
Covarianza = -430.56410
Indice Pearson = -0.88153 +/- 0.07659
Gradi di Liberta' = 38
	t = 11.510116312082436
	p-value (due code) = 5.954528196381784e-14

Parametri___________________________________________________
y = a + bx
a = 208.05464 +/- 12.65306
b = -0.42316 +/- 0.03591

Test Chi Quadro_____________________________________________
x         y         sy           y*            Chi-quadro   
310.50000 86.00000  9.27362      76.66279      1.01376      
311.50000 82.00000  9.05539      76.23962      0.40466      
312.50000 73.00000  8.54400      75.81646      0.10866      
313.50000 82.00000  9.05539      75.39330      0.53230      
314.50000 70.00000  8.36660      74.97014      0.35289      
315.50000 73.00000  8.54400      74.54698      0.03278      
316.50000 97.00000  9.84886      74.12381      5.39505      
317.50000 75.00000  8.66025      73.70065      0.02251      
318.50000 73.00000  8.54400      73.27749      0.00105      
319.50000 73.00000  8.54400      72.85433      0.00029      
320.50000 68.00000  8.24621      72.43116      0.28875      
321.50000 81.00000  9.00000      72.00800      0.99822      
322.50000 75.00000  8.66025      71.58484      0.15551      
323.50000 63.00000  7.93725      71.16168      1.05735      
324.50000 60.00000  7.74597      70.73852      1.92193      
325.50000 75.00000  8.66025      70.31535      0.29261      
326.50000 65.00000  8.06226      69.89219      0.36821      
327.50000 77.00000  8.77496      69.46903      0.73657      
328.50000 75.00000  8.66025      69.04587      0.47269      
329.50000 74.00000  8.60233      68.62270      0.39075      
330.50000 57.00000  7.54983      68.19954      2.20052      
331.50000 62.00000  7.87401      67.77638      0.53817      
332.50000 62.00000  7.87401      67.35322      0.46221      
333.50000 71.00000  8.42615      66.93006      0.23330      
334.50000 70.00000  8.36660      66.50689      0.17431      
335.50000 69.00000  8.30662      66.08373      0.12326      
336.50000 73.00000  8.54400      65.66057      0.73791      
337.50000 55.00000  7.41620      65.23741      1.90554      
338.50000 52.00000  7.21110      64.81425      3.15779      
339.50000 69.00000  8.30662      64.39108      0.30786      
390.50000 46.00000  6.78233      42.80981      0.22125      
391.50000 38.00000  6.16441      42.38665      0.50639      
392.50000 37.00000  6.08276      41.96349      0.66584      
393.50000 44.00000  6.63325      41.54033      0.13750      
394.50000 38.00000  6.16441      41.11716      0.25570      
395.50000 49.00000  7.00000      40.69400      1.40795      
396.50000 41.00000  6.40312      40.27084      0.01297      
397.50000 33.00000  5.74456      39.84768      1.42093      
398.50000 43.00000  6.55744      39.42452      0.29730      
399.50000 51.00000  7.14143      39.00135      2.82289      

Gradi di liberta = 38
Chi-quadro = 32.136130080577615
p-value = 0.7366755772720647

Verifica ipotesi funzione costante_________________________
Gradi di Liberta' = 38
t = 11.783746783857602
p-value = 2.9503534554584705e-14

x         y         sy           y_media_p     Chi-quadro   
310.50000 86.00000  9.27362      59.65018      8.07341      
311.50000 82.00000  9.05539      59.65018      6.09164      
312.50000 73.00000  8.54400      59.65018      2.44134      
313.50000 82.00000  9.05539      59.65018      6.09164      
314.50000 70.00000  8.36660      59.65018      1.53027      
315.50000 73.00000  8.54400      59.65018      2.44134      
316.50000 97.00000  9.84886      59.65018      14.38154     
317.50000 75.00000  8.66025      59.65018      3.14156      
318.50000 73.00000  8.54400      59.65018      2.44134      
319.50000 73.00000  8.54400      59.65018      2.44134      
320.50000 68.00000  8.24621      59.65018      1.02529      
321.50000 81.00000  9.00000      59.65018      5.62734      
322.50000 75.00000  8.66025      59.65018      3.14156      
323.50000 63.00000  7.93725      59.65018      0.17812      
324.50000 60.00000  7.74597      59.65018      0.00204      
325.50000 75.00000  8.66025      59.65018      3.14156      
326.50000 65.00000  8.06226      59.65018      0.44032      
327.50000 77.00000  8.77496      59.65018      3.90930      
328.50000 75.00000  8.66025      59.65018      3.14156      
329.50000 74.00000  8.60233      59.65018      2.78267      
330.50000 57.00000  7.54983      59.65018      0.12322      
331.50000 62.00000  7.87401      59.65018      0.08906      
332.50000 62.00000  7.87401      59.65018      0.08906      
333.50000 71.00000  8.42615      59.65018      1.81434      
334.50000 70.00000  8.36660      59.65018      1.53027      
335.50000 69.00000  8.30662      59.65018      1.26694      
336.50000 73.00000  8.54400      59.65018      2.44134      
337.50000 55.00000  7.41620      59.65018      0.39317      
338.50000 52.00000  7.21110      59.65018      1.12549      
339.50000 69.00000  8.30662      59.65018      1.26694      
390.50000 46.00000  6.78233      59.65018      4.05060      
391.50000 38.00000  6.16441      59.65018      12.33501     
392.50000 37.00000  6.08276      59.65018      13.86569     
393.50000 44.00000  6.63325      59.65018      5.56655      
394.50000 38.00000  6.16441      59.65018      12.33501     
395.50000 49.00000  7.00000      59.65018      2.31482      
396.50000 41.00000  6.40312      59.65018      8.48364      
397.50000 33.00000  5.74456      59.65018      21.52218     
398.50000 43.00000  6.55744      59.65018      6.44717      
399.50000 51.00000  7.14143      59.65018      1.46717      

Gradi di liberta = 38
Chi-quadro = 170.9928244070615
p-value = 0.7366755772720647

Media pesata = 59.650179389823464 +/- 1.2211693104338917

****************************************************************************************************
SERIE 1
****************************************************************************************************

Verifica ipotesi linearità_________________________________
Covarianza = -430.56410
Indice Pearson = -0.88153 +/- 0.07659
Gradi di Liberta' = 38
	t = 11.510116312082436
	p-value (due code) = 5.954528196381784e-14

Parametri___________________________________________________
y = a + bx
a = 208.05464 +/- 12.65306
b = -0.42316 +/- 0.03591

Test Chi Quadro_____________________________________________
x         y         sy           y*            Chi-quadro   
310.50000 86.00000  9.27362      76.66279      1.01376      
311.50000 82.00000  9.05539      76.23962      0.40466      
312.50000 73.00000  8.54400      75.81646      0.10866      
313.50000 82.00000  9.05539      75.39330      0.53230      
314.50000 70.00000  8.36660      74.97014      0.35289      
315.50000 73.00000  8.54400      74.54698      0.03278      
316.50000 97.00000  9.84886      74.12381      5.39505      
317.50000 75.00000  8.66025      73.70065      0.02251      
318.50000 73.00000  8.54400      73.27749      0.00105      
319.50000 73.00000  8.54400      72.85433      0.00029      
320.50000 68.00000  8.24621      72.43116      0.28875      
321.50000 81.00000  9.00000      72.00800      0.99822      
322.50000 75.00000  8.66025      71.58484      0.15551      
323.50000 63.00000  7.93725      71.16168      1.05735      
324.50000 60.00000  7.74597      70.73852      1.92193      
325.50000 75.00000  8.66025      70.31535      0.29261      
326.50000 65.00000  8.06226      69.89219      0.36821      
327.50000 77.00000  8.77496      69.46903      0.73657      
328.50000 75.00000  8.66025      69.04587      0.47269      
329.50000 74.00000  8.60233      68.62270      0.39075      
330.50000 57.00000  7.54983      68.19954      2.20052      
331.50000 62.00000  7.87401      67.77638      0.53817      
332.50000 62.00000  7.87401      67.35322      0.46221      
333.50000 71.00000  8.42615      66.93006      0.23330      
334.50000 70.00000  8.36660      66.50689      0.17431      
335.50000 69.00000  8.30662      66.08373      0.12326      
336.50000 73.00000  8.54400      65.66057      0.73791      
337.50000 55.00000  7.41620      65.23741      1.90554      
338.50000 52.00000  7.21110      64.81425      3.15779      
339.50000 69.00000  8.30662      64.39108      0.30786      
390.50000 46.00000  6.78233      42.80981      0.22125      
391.50000 38.00000  6.16441      42.38665      0.50639      
392.50000 37.00000  6.08276      41.96349      0.66584      
393.50000 44.00000  6.63325      41.54033      0.13750      
394.50000 38.00000  6.16441      41.11716      0.25570      
395.50000 49.00000  7.00000      40.69400      1.40795      
396.50000 41.00000  6.40312      40.27084      0.01297      
397.50000 33.00000  5.74456      39.84768      1.42093      
398.50000 43.00000  6.55744      39.42452      0.29730      
399.50000 51.00000  7.14143      39.00135      2.82289      

Gradi di liberta = 38
Chi-quadro = 32.136130080577615
p-value = 0.7366755772720647

Verifica ipotesi funzione costante_________________________
Gradi di Liberta' = 38
t = 11.783746783857602
p-value = 2.9503534554584705e-14

x         y         sy           y_media_p     Chi-quadro   
310.50000 86.00000  9.27362      59.65018      8.07341      
311.50000 82.00000  9.05539      59.65018      6.09164      
312.50000 73.00000  8.54400      59.65018      2.44134      
313.50000 82.00000  9.05539      59.65018      6.09164      
314.50000 70.00000  8.36660      59.65018      1.53027      
315.50000 73.00000  8.54400      59.65018      2.44134      
316.50000 97.00000  9.84886      59.65018      14.38154     
317.50000 75.00000  8.66025      59.65018      3.14156      
318.50000 73.00000  8.54400      59.65018      2.44134      
319.50000 73.00000  8.54400      59.65018      2.44134      
320.50000 68.00000  8.24621      59.65018      1.02529      
321.50000 81.00000  9.00000      59.65018      5.62734      
322.50000 75.00000  8.66025      59.65018      3.14156      
323.50000 63.00000  7.93725      59.65018      0.17812      
324.50000 60.00000  7.74597      59.65018      0.00204      
325.50000 75.00000  8.66025      59.65018      3.14156      
326.50000 65.00000  8.06226      59.65018      0.44032      
327.50000 77.00000  8.77496      59.65018      3.90930      
328.50000 75.00000  8.66025      59.65018      3.14156      
329.50000 74.00000  8.60233      59.65018      2.78267      
330.50000 57.00000  7.54983      59.65018      0.12322      
331.50000 62.00000  7.87401      59.65018      0.08906      
332.50000 62.00000  7.87401      59.65018      0.08906      
333.50000 71.00000  8.42615      59.65018      1.81434      
334.50000 70.00000  8.36660      59.65018      1.53027      
335.50000 69.00000  8.30662      59.65018      1.26694      
336.50000 73.00000  8.54400      59.65018      2.44134      
337.50000 55.00000  7.41620      59.65018      0.39317      
338.50000 52.00000  7.21110      59.65018      1.12549      
339.50000 69.00000  8.30662      59.65018      1.26694      
390.50000 46.00000  6.78233      59.65018      4.05060      
391.50000 38.00000  6.16441      59.65018      12.33501     
392.50000 37.00000  6.08276      59.65018      13.86569     
393.50000 44.00000  6.63325      59.65018      5.56655      
394.50000 38.00000  6.16441      59.65018      12.33501     
395.50000 49.00000  7.00000      59.65018      2.31482      
396.50000 41.00000  6.40312      59.65018      8.48364      
397.50000 33.00000  5.74456      59.65018      21.52218     
398.50000 43.00000  6.55744      59.65018      6.44717      
399.50000 51.00000  7.14143      59.65018      1.46717      

Gradi di liberta = 38
Chi-quadro = 170.9928244070615
p-value = 0.7366755772720647

Media pesata = 59.650179389823464 +/- 1.2211693104338917

****************************************************************************************************
SERIE 1
****************************************************************************************************

Verifica ipotesi linearità_________________________________
Covarianza = -430.56410
Indice Pearson = -0.88153 +/- 0.07659
Gradi di Liberta' = 38
	t = 11.510116312082436
	p-value (due code) = 5.954528196381784e-14

Parametri___________________________________________________
y = a + bx
a = 208.05464 +/- 12.65306
b = -0.42316 +/- 0.03591

Test Chi Quadro_____________________________________________
x         y         sy           y*            Chi-quadro   
310.50000 86.00000  9.27362      76.66279      1.01376      
311.50000 82.00000  9.05539      76.23962      0.40466      
312.50000 73.00000  8.54400      75.81646      0.10866      
313.50000 82.00000  9.05539      75.39330      0.53230      
314.50000 70.00000  8.36660      74.97014      0.35289      
315.50000 73.00000  8.54400      74.54698      0.03278      
316.50000 97.00000  9.84886      74.12381      5.39505      
317.50000 75.00000  8.66025      73.70065      0.02251      
318.50000 73.00000  8.54400      73.27749      0.00105      
319.50000 73.00000  8.54400      72.85433      0.00029      
320.50000 68.00000  8.24621      72.43116      0.28875      
321.50000 81.00000  9.00000      72.00800      0.99822      
322.50000 75.00000  8.66025      71.58484      0.15551      
323.50000 63.00000  7.93725      71.16168      1.05735      
324.50000 60.00000  7.74597      70.73852      1.92193      
325.50000 75.00000  8.66025      70.31535      0.29261      
326.50000 65.00000  8.06226      69.89219      0.36821      
327.50000 77.00000  8.77496      69.46903      0.73657      
328.50000 75.00000  8.66025      69.04587      0.47269      
329.50000 74.00000  8.60233      68.62270      0.39075      
330.50000 57.00000  7.54983      68.19954      2.20052      
331.50000 62.00000  7.87401      67.77638      0.53817      
332.50000 62.00000  7.87401      67.35322      0.46221      
333.50000 71.00000  8.42615      66.93006      0.23330      
334.50000 70.00000  8.36660      66.50689      0.17431      
335.50000 69.00000  8.30662      66.08373      0.12326      
336.50000 73.00000  8.54400      65.66057      0.73791      
337.50000 55.00000  7.41620      65.23741      1.90554      
338.50000 52.00000  7.21110      64.81425      3.15779      
339.50000 69.00000  8.30662      64.39108      0.30786      
390.50000 46.00000  6.78233      42.80981      0.22125      
391.50000 38.00000  6.16441      42.38665      0.50639      
392.50000 37.00000  6.08276      41.96349      0.66584      
393.50000 44.00000  6.63325      41.54033      0.13750      
394.50000 38.00000  6.16441      41.11716      0.25570      
395.50000 49.00000  7.00000      40.69400      1.40795      
396.50000 41.00000  6.40312      40.27084      0.01297      
397.50000 33.00000  5.74456      39.84768      1.42093      
398.50000 43.00000  6.55744      39.42452      0.29730      
399.50000 51.00000  7.14143      39.00135      2.82289      

Gradi di liberta = 38
Chi-quadro = 32.136130080577615
p-value = 0.7366755772720647

Verifica ipotesi funzione costante_________________________
Gradi di Liberta' = 38
t = 11.783746783857602
p-value = 2.9503534554584705e-14

x         y         sy           y_media_p     Chi-quadro   
310.50000 86.00000  9.27362      59.65018      8.07341      
311.50000 82.00000  9.05539      59.65018      6.09164      
312.50000 73.00000  8.54400      59.65018      2.44134      
313.50000 82.00000  9.05539      59.65018      6.09164      
314.50000 70.00000  8.36660      59.65018      1.53027      
315.50000 73.00000  8.54400      59.65018      2.44134      
316.50000 97.00000  9.84886      59.65018      14.38154     
317.50000 75.00000  8.66025      59.65018      3.14156      
318.50000 73.00000  8.54400      59.65018      2.44134      
319.50000 73.00000  8.54400      59.65018      2.44134      
320.50000 68.00000  8.24621      59.65018      1.02529      
321.50000 81.00000  9.00000      59.65018      5.62734      
322.50000 75.00000  8.66025      59.65018      3.14156      
323.50000 63.00000  7.93725      59.65018      0.17812      
324.50000 60.00000  7.74597      59.65018      0.00204      
325.50000 75.00000  8.66025      59.65018      3.14156      
326.50000 65.00000  8.06226      59.65018      0.44032      
327.50000 77.00000  8.77496      59.65018      3.90930      
328.50000 75.00000  8.66025      59.65018      3.14156      
329.50000 74.00000  8.60233      59.65018      2.78267      
330.50000 57.00000  7.54983      59.65018      0.12322      
331.50000 62.00000  7.87401      59.65018      0.08906      
332.50000 62.00000  7.87401      59.65018      0.08906      
333.50000 71.00000  8.42615      59.65018      1.81434      
334.50000 70.00000  8.36660      59.65018      1.53027      
335.50000 69.00000  8.30662      59.65018      1.26694      
336.50000 73.00000  8.54400      59.65018      2.44134      
337.50000 55.00000  7.41620      59.65018      0.39317      
338.50000 52.00000  7.21110      59.65018      1.12549      
339.50000 69.00000  8.30662      59.65018      1.26694      
390.50000 46.00000  6.78233      59.65018      4.05060      
391.50000 38.00000  6.16441      59.65018      12.33501     
392.50000 37.00000  6.08276      59.65018      13.86569     
393.50000 44.00000  6.63325      59.65018      5.56655      
394.50000 38.00000  6.16441      59.65018      12.33501     
395.50000 49.00000  7.00000      59.65018      2.31482      
396.50000 41.00000  6.40312      59.65018      8.48364      
397.50000 33.00000  5.74456      59.65018      21.52218     
398.50000 43.00000  6.55744      59.65018      6.44717      
399.50000 51.00000  7.14143      59.65018      1.46717      

Gradi di liberta = 38
Chi-quadro = 170.9928244070615
p-value = 0.7366755772720647

Media pesata = 59.650179389823464 +/- 1.2211693104338917

****************************************************************************************************
SERIE 1
****************************************************************************************************

Verifica ipotesi linearità_________________________________
Covarianza = -430.56410
Indice Pearson = -0.88153 +/- 0.07659
Gradi di Liberta' = 38
	t = 11.510116312082436
	p-value (due code) = 5.954528196381784e-14

Parametri___________________________________________________
y = a + bx
a = 208.05464 +/- 12.65306
b = -0.42316 +/- 0.03591

Test Chi Quadro_____________________________________________
x         y         sy           y*            Chi-quadro   
310.50000 86.00000  9.27362      76.66279      1.01376      
311.50000 82.00000  9.05539      76.23962      0.40466      
312.50000 73.00000  8.54400      75.81646      0.10866      
313.50000 82.00000  9.05539      75.39330      0.53230      
314.50000 70.00000  8.36660      74.97014      0.35289      
315.50000 73.00000  8.54400      74.54698      0.03278      
316.50000 97.00000  9.84886      74.12381      5.39505      
317.50000 75.00000  8.66025      73.70065      0.02251      
318.50000 73.00000  8.54400      73.27749      0.00105      
319.50000 73.00000  8.54400      72.85433      0.00029      
320.50000 68.00000  8.24621      72.43116      0.28875      
321.50000 81.00000  9.00000      72.00800      0.99822      
322.50000 75.00000  8.66025      71.58484      0.15551      
323.50000 63.00000  7.93725      71.16168      1.05735      
324.50000 60.00000  7.74597      70.73852      1.92193      
325.50000 75.00000  8.66025      70.31535      0.29261      
326.50000 65.00000  8.06226      69.89219      0.36821      
327.50000 77.00000  8.77496      69.46903      0.73657      
328.50000 75.00000  8.66025      69.04587      0.47269      
329.50000 74.00000  8.60233      68.62270      0.39075      
330.50000 57.00000  7.54983      68.19954      2.20052      
331.50000 62.00000  7.87401      67.77638      0.53817      
332.50000 62.00000  7.87401      67.35322      0.46221      
333.50000 71.00000  8.42615      66.93006      0.23330      
334.50000 70.00000  8.36660      66.50689      0.17431      
335.50000 69.00000  8.30662      66.08373      0.12326      
336.50000 73.00000  8.54400      65.66057      0.73791      
337.50000 55.00000  7.41620      65.23741      1.90554      
338.50000 52.00000  7.21110      64.81425      3.15779      
339.50000 69.00000  8.30662      64.39108      0.30786      
390.50000 46.00000  6.78233      42.80981      0.22125      
391.50000 38.00000  6.16441      42.38665      0.50639      
392.50000 37.00000  6.08276      41.96349      0.66584      
393.50000 44.00000  6.63325      41.54033      0.13750      
394.50000 38.00000  6.16441      41.11716      0.25570      
395.50000 49.00000  7.00000      40.69400      1.40795      
396.50000 41.00000  6.40312      40.27084      0.01297      
397.50000 33.00000  5.74456      39.84768      1.42093      
398.50000 43.00000  6.55744      39.42452      0.29730      
399.50000 51.00000  7.14143      39.00135      2.82289      

Gradi di liberta = 38
Chi-quadro = 32.136130080577615
p-value = 0.7366755772720647

Verifica ipotesi funzione costante_________________________
Gradi di Liberta' = 38
t = 11.783746783857602
p-value = 2.9503534554584705e-14

x         y         sy           y_media_p     Chi-quadro   
310.50000 86.00000  9.27362      59.65018      8.07341      
311.50000 82.00000  9.05539      59.65018      6.09164      
312.50000 73.00000  8.54400      59.65018      2.44134      
313.50000 82.00000  9.05539      59.65018      6.09164      
314.50000 70.00000  8.36660      59.65018      1.53027      
315.50000 73.00000  8.54400      59.65018      2.44134      
316.50000 97.00000  9.84886      59.65018      14.38154     
317.50000 75.00000  8.66025      59.65018      3.14156      
318.50000 73.00000  8.54400      59.65018      2.44134      
319.50000 73.00000  8.54400      59.65018      2.44134      
320.50000 68.00000  8.24621      59.65018      1.02529      
321.50000 81.00000  9.00000      59.65018      5.62734      
322.50000 75.00000  8.66025      59.65018      3.14156      
323.50000 63.00000  7.93725      59.65018      0.17812      
324.50000 60.00000  7.74597      59.65018      0.00204      
325.50000 75.00000  8.66025      59.65018      3.14156      
326.50000 65.00000  8.06226      59.65018      0.44032      
327.50000 77.00000  8.77496      59.65018      3.90930      
328.50000 75.00000  8.66025      59.65018      3.14156      
329.50000 74.00000  8.60233      59.65018      2.78267      
330.50000 57.00000  7.54983      59.65018      0.12322      
331.50000 62.00000  7.87401      59.65018      0.08906      
332.50000 62.00000  7.87401      59.65018      0.08906      
333.50000 71.00000  8.42615      59.65018      1.81434      
334.50000 70.00000  8.36660      59.65018      1.53027      
335.50000 69.00000  8.30662      59.65018      1.26694      
336.50000 73.00000  8.54400      59.65018      2.44134      
337.50000 55.00000  7.41620      59.65018      0.39317      
338.50000 52.00000  7.21110      59.65018      1.12549      
339.50000 69.00000  8.30662      59.65018      1.26694      
390.50000 46.00000  6.78233      59.65018      4.05060      
391.50000 38.00000  6.16441      59.65018      12.33501     
392.50000 37.00000  6.08276      59.65018      13.86569     
393.50000 44.00000  6.63325      59.65018      5.56655      
394.50000 38.00000  6.16441      59.65018      12.33501     
395.50000 49.00000  7.00000      59.65018      2.31482      
396.50000 41.00000  6.40312      59.65018      8.48364      
397.50000 33.00000  5.74456      59.65018      21.52218     
398.50000 43.00000  6.55744      59.65018      6.44717      
399.50000 51.00000  7.14143      59.65018      1.46717      

Gradi di liberta = 38
Chi-quadro = 170.9928244070615
p-value = 0.7366755772720647

Media pesata = 59.650179389823464 +/- 1.2211693104338917

****************************************************************************************************
SERIE 1
****************************************************************************************************

Verifica ipotesi linearità_________________________________
Covarianza = -430.56410
Indice Pearson = -0.88153 +/- 0.07659
Gradi di Liberta' = 38
	t = 11.510116312082436
	p-value (due code) = 5.954528196381784e-14

Parametri___________________________________________________
y = a + bx
a = 208.05464 +/- 12.65306
b = -0.42316 +/- 0.03591

Test Chi Quadro_____________________________________________
x         y         sy           y*            Chi-quadro   
310.50000 86.00000  9.27362      76.66279      1.01376      
311.50000 82.00000  9.05539      76.23962      0.40466      
312.50000 73.00000  8.54400      75.81646      0.10866      
313.50000 82.00000  9.05539      75.39330      0.53230      
314.50000 70.00000  8.36660      74.97014      0.35289      
315.50000 73.00000  8.54400      74.54698      0.03278      
316.50000 97.00000  9.84886      74.12381      5.39505      
317.50000 75.00000  8.66025      73.70065      0.02251      
318.50000 73.00000  8.54400      73.27749      0.00105      
319.50000 73.00000  8.54400      72.85433      0.00029      
320.50000 68.00000  8.24621      72.43116      0.28875      
321.50000 81.00000  9.00000      72.00800      0.99822      
322.50000 75.00000  8.66025      71.58484      0.15551      
323.50000 63.00000  7.93725      71.16168      1.05735      
324.50000 60.00000  7.74597      70.73852      1.92193      
325.50000 75.00000  8.66025      70.31535      0.29261      
326.50000 65.00000  8.06226      69.89219      0.36821      
327.50000 77.00000  8.77496      69.46903      0.73657      
328.50000 75.00000  8.66025      69.04587      0.47269      
329.50000 74.00000  8.60233      68.62270      0.39075      
330.50000 57.00000  7.54983      68.19954      2.20052      
331.50000 62.00000  7.87401      67.77638      0.53817      
332.50000 62.00000  7.87401      67.35322      0.46221      
333.50000 71.00000  8.42615      66.93006      0.23330      
334.50000 70.00000  8.36660      66.50689      0.17431      
335.50000 69.00000  8.30662      66.08373      0.12326      
336.50000 73.00000  8.54400      65.66057      0.73791      
337.50000 55.00000  7.41620      65.23741      1.90554      
338.50000 52.00000  7.21110      64.81425      3.15779      
339.50000 69.00000  8.30662      64.39108      0.30786      
390.50000 46.00000  6.78233      42.80981      0.22125      
391.50000 38.00000  6.16441      42.38665      0.50639      
392.50000 37.00000  6.08276      41.96349      0.66584      
393.50000 44.00000  6.63325      41.54033      0.13750      
394.50000 38.00000  6.16441      41.11716      0.25570      
395.50000 49.00000  7.00000      40.69400      1.40795      
396.50000 41.00000  6.40312      40.27084      0.01297      
397.50000 33.00000  5.74456      39.84768      1.42093      
398.50000 43.00000  6.55744      39.42452      0.29730      
399.50000 51.00000  7.14143      39.00135      2.82289      

Gradi di liberta = 38
Chi-quadro = 32.136130080577615
p-value = 0.7366755772720647

Verifica ipotesi funzione costante_________________________
Gradi di Liberta' = 38
t = 11.783746783857602
p-value = 2.9503534554584705e-14

x         y         sy           y_media_p     Chi-quadro   
310.50000 86.00000  9.27362      59.65018      8.07341      
311.50000 82.00000  9.05539      59.65018      6.09164      
312.50000 73.00000  8.54400      59.65018      2.44134      
313.50000 82.00000  9.05539      59.65018      6.09164      
314.50000 70.00000  8.36660      59.65018      1.53027      
315.50000 73.00000  8.54400      59.65018      2.44134      
316.50000 97.00000  9.84886      59.65018      14.38154     
317.50000 75.00000  8.66025      59.65018      3.14156      
318.50000 73.00000  8.54400      59.65018      2.44134      
319.50000 73.00000  8.54400      59.65018      2.44134      
320.50000 68.00000  8.24621      59.65018      1.02529      
321.50000 81.00000  9.00000      59.65018      5.62734      
322.50000 75.00000  8.66025      59.65018      3.14156      
323.50000 63.00000  7.93725      59.65018      0.17812      
324.50000 60.00000  7.74597      59.65018      0.00204      
325.50000 75.00000  8.66025      59.65018      3.14156      
326.50000 65.00000  8.06226      59.65018      0.44032      
327.50000 77.00000  8.77496      59.65018      3.90930      
328.50000 75.00000  8.66025      59.65018      3.14156      
329.50000 74.00000  8.60233      59.65018      2.78267      
330.50000 57.00000  7.54983      59.65018      0.12322      
331.50000 62.00000  7.87401      59.65018      0.08906      
332.50000 62.00000  7.87401      59.65018      0.08906      
333.50000 71.00000  8.42615      59.65018      1.81434      
334.50000 70.00000  8.36660      59.65018      1.53027      
335.50000 69.00000  8.30662      59.65018      1.26694      
336.50000 73.00000  8.54400      59.65018      2.44134      
337.50000 55.00000  7.41620      59.65018      0.39317      
338.50000 52.00000  7.21110      59.65018      1.12549      
339.50000 69.00000  8.30662      59.65018      1.26694      
390.50000 46.00000  6.78233      59.65018      4.05060      
391.50000 38.00000  6.16441      59.65018      12.33501     
392.50000 37.00000  6.08276      59.65018      13.86569     
393.50000 44.00000  6.63325      59.65018      5.56655      
394.50000 38.00000  6.16441      59.65018      12.33501     
395.50000 49.00000  7.00000      59.65018      2.31482      
396.50000 41.00000  6.40312      59.65018      8.48364      
397.50000 33.00000  5.74456      59.65018      21.52218     
398.50000 43.00000  6.55744      59.65018      6.44717      
399.50000 51.00000  7.14143      59.65018      1.46717      

Gradi di liberta = 38
Chi-quadro = 170.9928244070615
p-value = 0.7366755772720647

Media pesata = 59.650179389823464 +/- 1.2211693104338917

****************************************************************************************************
SERIE 1
****************************************************************************************************

Verifica ipotesi linearità_________________________________
Covarianza = -430.56410
Indice Pearson = -0.88153 +/- 0.07659
Gradi di Liberta' = 38
	t = 11.510116312082436
	p-value (due code) = 5.954528196381784e-14

Parametri___________________________________________________
y = a + bx
a = 208.05464 +/- 12.65306
b = -0.42316 +/- 0.03591

Test Chi Quadro_____________________________________________
x         y         sy           y*            Chi-quadro   
310.50000 86.00000  9.27362      76.66279      1.01376      
311.50000 82.00000  9.05539      76.23962      0.40466      
312.50000 73.00000  8.54400      75.81646      0.10866      
313.50000 82.00000  9.05539      75.39330      0.53230      
314.50000 70.00000  8.36660      74.97014      0.35289      
315.50000 73.00000  8.54400      74.54698      0.03278      
316.50000 97.00000  9.84886      74.12381      5.39505      
317.50000 75.00000  8.66025      73.70065      0.02251      
318.50000 73.00000  8.54400      73.27749      0.00105      
319.50000 73.00000  8.54400      72.85433      0.00029      
320.50000 68.00000  8.24621      72.43116      0.28875      
321.50000 81.00000  9.00000      72.00800      0.99822      
322.50000 75.00000  8.66025      71.58484      0.15551      
323.50000 63.00000  7.93725      71.16168      1.05735      
324.50000 60.00000  7.74597      70.73852      1.92193      
325.50000 75.00000  8.66025      70.31535      0.29261      
326.50000 65.00000  8.06226      69.89219      0.36821      
327.50000 77.00000  8.77496      69.46903      0.73657      
328.50000 75.00000  8.66025      69.04587      0.47269      
329.50000 74.00000  8.60233      68.62270      0.39075      
330.50000 57.00000  7.54983      68.19954      2.20052      
331.50000 62.00000  7.87401      67.77638      0.53817      
332.50000 62.00000  7.87401      67.35322      0.46221      
333.50000 71.00000  8.42615      66.93006      0.23330      
334.50000 70.00000  8.36660      66.50689      0.17431      
335.50000 69.00000  8.30662      66.08373      0.12326      
336.50000 73.00000  8.54400      65.66057      0.73791      
337.50000 55.00000  7.41620      65.23741      1.90554      
338.50000 52.00000  7.21110      64.81425      3.15779      
339.50000 69.00000  8.30662      64.39108      0.30786      
390.50000 46.00000  6.78233      42.80981      0.22125      
391.50000 38.00000  6.16441      42.38665      0.50639      
392.50000 37.00000  6.08276      41.96349      0.66584      
393.50000 44.00000  6.63325      41.54033      0.13750      
394.50000 38.00000  6.16441      41.11716      0.25570      
395.50000 49.00000  7.00000      40.69400      1.40795      
396.50000 41.00000  6.40312      40.27084      0.01297      
397.50000 33.00000  5.74456      39.84768      1.42093      
398.50000 43.00000  6.55744      39.42452      0.29730      
399.50000 51.00000  7.14143      39.00135      2.82289      

Gradi di liberta = 38
Chi-quadro = 32.136130080577615
p-value = 0.7366755772720647

Verifica ipotesi funzione costante_________________________
Gradi di Liberta' = 38
t = 11.783746783857602
p-value = 2.9503534554584705e-14

x         y         sy           y_media_p     Chi-quadro   
310.50000 86.00000  9.27362      59.65018      8.07341      
311.50000 82.00000  9.05539      59.65018      6.09164      
312.50000 73.00000  8.54400      59.65018      2.44134      
313.50000 82.00000  9.05539      59.65018      6.09164      
314.50000 70.00000  8.36660      59.65018      1.53027      
315.50000 73.00000  8.54400      59.65018      2.44134      
316.50000 97.00000  9.84886      59.65018      14.38154     
317.50000 75.00000  8.66025      59.65018      3.14156      
318.50000 73.00000  8.54400      59.65018      2.44134      
319.50000 73.00000  8.54400      59.65018      2.44134      
320.50000 68.00000  8.24621      59.65018      1.02529      
321.50000 81.00000  9.00000      59.65018      5.62734      
322.50000 75.00000  8.66025      59.65018      3.14156      
323.50000 63.00000  7.93725      59.65018      0.17812      
324.50000 60.00000  7.74597      59.65018      0.00204      
325.50000 75.00000  8.66025      59.65018      3.14156      
326.50000 65.00000  8.06226      59.65018      0.44032      
327.50000 77.00000  8.77496      59.65018      3.90930      
328.50000 75.00000  8.66025      59.65018      3.14156      
329.50000 74.00000  8.60233      59.65018      2.78267      
330.50000 57.00000  7.54983      59.65018      0.12322      
331.50000 62.00000  7.87401      59.65018      0.08906      
332.50000 62.00000  7.87401      59.65018      0.08906      
333.50000 71.00000  8.42615      59.65018      1.81434      
334.50000 70.00000  8.36660      59.65018      1.53027      
335.50000 69.00000  8.30662      59.65018      1.26694      
336.50000 73.00000  8.54400      59.65018      2.44134      
337.50000 55.00000  7.41620      59.65018      0.39317      
338.50000 52.00000  7.21110      59.65018      1.12549      
339.50000 69.00000  8.30662      59.65018      1.26694      
390.50000 46.00000  6.78233      59.65018      4.05060      
391.50000 38.00000  6.16441      59.65018      12.33501     
392.50000 37.00000  6.08276      59.65018      13.86569     
393.50000 44.00000  6.63325      59.65018      5.56655      
394.50000 38.00000  6.16441      59.65018      12.33501     
395.50000 49.00000  7.00000      59.65018      2.31482      
396.50000 41.00000  6.40312      59.65018      8.48364      
397.50000 33.00000  5.74456      59.65018      21.52218     
398.50000 43.00000  6.55744      59.65018      6.44717      
399.50000 51.00000  7.14143      59.65018      1.46717      

Gradi di liberta = 38
Chi-quadro = 170.9928244070615
p-value = 0.7366755772720647

Media pesata = 59.650179389823464 +/- 1.2211693104338917

****************************************************************************************************
SERIE 1
****************************************************************************************************

Verifica ipotesi linearità_________________________________
Covarianza = -430.56410
Indice Pearson = -0.88153 +/- 0.07659
Gradi di Liberta' = 38
	t = 11.510116312082436
	p-value (due code) = 5.954528196381784e-14

Parametri___________________________________________________
y = a + bx
a = 208.05464 +/- 12.65306
b = -0.42316 +/- 0.03591

Test Chi Quadro_____________________________________________
x         y         sy           y*            Chi-quadro   
310.50000 86.00000  9.27362      76.66279      1.01376      
311.50000 82.00000  9.05539      76.23962      0.40466      
312.50000 73.00000  8.54400      75.81646      0.10866      
313.50000 82.00000  9.05539      75.39330      0.53230      
314.50000 70.00000  8.36660      74.97014      0.35289      
315.50000 73.00000  8.54400      74.54698      0.03278      
316.50000 97.00000  9.84886      74.12381      5.39505      
317.50000 75.00000  8.66025      73.70065      0.02251      
318.50000 73.00000  8.54400      73.27749      0.00105      
319.50000 73.00000  8.54400      72.85433      0.00029      
320.50000 68.00000  8.24621      72.43116      0.28875      
321.50000 81.00000  9.00000      72.00800      0.99822      
322.50000 75.00000  8.66025      71.58484      0.15551      
323.50000 63.00000  7.93725      71.16168      1.05735      
324.50000 60.00000  7.74597      70.73852      1.92193      
325.50000 75.00000  8.66025      70.31535      0.29261      
326.50000 65.00000  8.06226      69.89219      0.36821      
327.50000 77.00000  8.77496      69.46903      0.73657      
328.50000 75.00000  8.66025      69.04587      0.47269      
329.50000 74.00000  8.60233      68.62270      0.39075      
330.50000 57.00000  7.54983      68.19954      2.20052      
331.50000 62.00000  7.87401      67.77638      0.53817      
332.50000 62.00000  7.87401      67.35322      0.46221      
333.50000 71.00000  8.42615      66.93006      0.23330      
334.50000 70.00000  8.36660      66.50689      0.17431      
335.50000 69.00000  8.30662      66.08373      0.12326      
336.50000 73.00000  8.54400      65.66057      0.73791      
337.50000 55.00000  7.41620      65.23741      1.90554      
338.50000 52.00000  7.21110      64.81425      3.15779      
339.50000 69.00000  8.30662      64.39108      0.30786      
390.50000 46.00000  6.78233      42.80981      0.22125      
391.50000 38.00000  6.16441      42.38665      0.50639      
392.50000 37.00000  6.08276      41.96349      0.66584      
393.50000 44.00000  6.63325      41.54033      0.13750      
394.50000 38.00000  6.16441      41.11716      0.25570      
395.50000 49.00000  7.00000      40.69400      1.40795      
396.50000 41.00000  6.40312      40.27084      0.01297      
397.50000 33.00000  5.74456      39.84768      1.42093      
398.50000 43.00000  6.55744      39.42452      0.29730      
399.50000 51.00000  7.14143      39.00135      2.82289      

Gradi di liberta = 38
Chi-quadro = 32.136130080577615
p-value = 0.7366755772720647

Verifica ipotesi funzione costante_________________________
Gradi di Liberta' = 38
t = 11.783746783857602
p-value = 2.9503534554584705e-14

x         y         sy           y_media_p     Chi-quadro   
310.50000 86.00000  9.27362      59.65018      8.07341      
311.50000 82.00000  9.05539      59.65018      6.09164      
312.50000 73.00000  8.54400      59.65018      2.44134      
313.50000 82.00000  9.05539      59.65018      6.09164      
314.50000 70.00000  8.36660      59.65018      1.53027      
315.50000 73.00000  8.54400      59.65018      2.44134      
316.50000 97.00000  9.84886      59.65018      14.38154     
317.50000 75.00000  8.66025      59.65018      3.14156      
318.50000 73.00000  8.54400      59.65018      2.44134      
319.50000 73.00000  8.54400      59.65018      2.44134      
320.50000 68.00000  8.24621      59.65018      1.02529      
321.50000 81.00000  9.00000      59.65018      5.62734      
322.50000 75.00000  8.66025      59.65018      3.14156      
323.50000 63.00000  7.93725      59.65018      0.17812      
324.50000 60.00000  7.74597      59.65018      0.00204      
325.50000 75.00000  8.66025      59.65018      3.14156      
326.50000 65.00000  8.06226      59.65018      0.44032      
327.50000 77.00000  8.77496      59.65018      3.90930      
328.50000 75.00000  8.66025      59.65018      3.14156      
329.50000 74.00000  8.60233      59.65018      2.78267      
330.50000 57.00000  7.54983      59.65018      0.12322      
331.50000 62.00000  7.87401      59.65018      0.08906      
332.50000 62.00000  7.87401      59.65018      0.08906      
333.50000 71.00000  8.42615      59.65018      1.81434      
334.50000 70.00000  8.36660      59.65018      1.53027      
335.50000 69.00000  8.30662      59.65018      1.26694      
336.50000 73.00000  8.54400      59.65018      2.44134      
337.50000 55.00000  7.41620      59.65018      0.39317      
338.50000 52.00000  7.21110      59.65018      1.12549      
339.50000 69.00000  8.30662      59.65018      1.26694      
390.50000 46.00000  6.78233      59.65018      4.05060      
391.50000 38.00000  6.16441      59.65018      12.33501     
392.50000 37.00000  6.08276      59.65018      13.86569     
393.50000 44.00000  6.63325      59.65018      5.56655      
394.50000 38.00000  6.16441      59.65018      12.33501     
395.50000 49.00000  7.00000      59.65018      2.31482      
396.50000 41.00000  6.40312      59.65018      8.48364      
397.50000 33.00000  5.74456      59.65018      21.52218     
398.50000 43.00000  6.55744      59.65018      6.44717      
399.50000 51.00000  7.14143      59.65018      1.46717      

Gradi di liberta = 38
Chi-quadro = 170.9928244070615
p-value = 0.7366755772720647

Media pesata = 59.650179389823464 +/- 1.2211693104338917

****************************************************************************************************
SERIE 1
****************************************************************************************************

Verifica ipotesi linearità_________________________________
Covarianza = -430.56410
Indice Pearson = -0.88153 +/- 0.07659
Gradi di Liberta' = 38
	t = 11.510116312082436
	p-value (due code) = 5.954528196381784e-14

Parametri___________________________________________________
y = a + bx
a = 208.05464 +/- 12.65306
b = -0.42316 +/- 0.03591

Test Chi Quadro_____________________________________________
x         y         sy           y*            Chi-quadro   
310.50000 86.00000  9.27362      76.66279      1.01376      
311.50000 82.00000  9.05539      76.23962      0.40466      
312.50000 73.00000  8.54400      75.81646      0.10866      
313.50000 82.00000  9.05539      75.39330      0.53230      
314.50000 70.00000  8.36660      74.97014      0.35289      
315.50000 73.00000  8.54400      74.54698      0.03278      
316.50000 97.00000  9.84886      74.12381      5.39505      
317.50000 75.00000  8.66025      73.70065      0.02251      
318.50000 73.00000  8.54400      73.27749      0.00105      
319.50000 73.00000  8.54400      72.85433      0.00029      
320.50000 68.00000  8.24621      72.43116      0.28875      
321.50000 81.00000  9.00000      72.00800      0.99822      
322.50000 75.00000  8.66025      71.58484      0.15551      
323.50000 63.00000  7.93725      71.16168      1.05735      
324.50000 60.00000  7.74597      70.73852      1.92193      
325.50000 75.00000  8.66025      70.31535      0.29261      
326.50000 65.00000  8.06226      69.89219      0.36821      
327.50000 77.00000  8.77496      69.46903      0.73657      
328.50000 75.00000  8.66025      69.04587      0.47269      
329.50000 74.00000  8.60233      68.62270      0.39075      
330.50000 57.00000  7.54983      68.19954      2.20052      
331.50000 62.00000  7.87401      67.77638      0.53817      
332.50000 62.00000  7.87401      67.35322      0.46221      
333.50000 71.00000  8.42615      66.93006      0.23330      
334.50000 70.00000  8.36660      66.50689      0.17431      
335.50000 69.00000  8.30662      66.08373      0.12326      
336.50000 73.00000  8.54400      65.66057      0.73791      
337.50000 55.00000  7.41620      65.23741      1.90554      
338.50000 52.00000  7.21110      64.81425      3.15779      
339.50000 69.00000  8.30662      64.39108      0.30786      
390.50000 46.00000  6.78233      42.80981      0.22125      
391.50000 38.00000  6.16441      42.38665      0.50639      
392.50000 37.00000  6.08276      41.96349      0.66584      
393.50000 44.00000  6.63325      41.54033      0.13750      
394.50000 38.00000  6.16441      41.11716      0.25570      
395.50000 49.00000  7.00000      40.69400      1.40795      
396.50000 41.00000  6.40312      40.27084      0.01297      
397.50000 33.00000  5.74456      39.84768      1.42093      
398.50000 43.00000  6.55744      39.42452      0.29730      
399.50000 51.00000  7.14143      39.00135      2.82289      

Gradi di liberta = 38
Chi-quadro = 32.136130080577615
p-value = 0.7366755772720647

Verifica ipotesi funzione costante_________________________
Gradi di Liberta' = 38
t = 11.783746783857602
p-value = 2.9503534554584705e-14

x         y         sy           y_media_p     Chi-quadro   
310.50000 86.00000  9.27362      59.65018      8.07341      
311.50000 82.00000  9.05539      59.65018      6.09164      
312.50000 73.00000  8.54400      59.65018      2.44134      
313.50000 82.00000  9.05539      59.65018      6.09164      
314.50000 70.00000  8.36660      59.65018      1.53027      
315.50000 73.00000  8.54400      59.65018      2.44134      
316.50000 97.00000  9.84886      59.65018      14.38154     
317.50000 75.00000  8.66025      59.65018      3.14156      
318.50000 73.00000  8.54400      59.65018      2.44134      
319.50000 73.00000  8.54400      59.65018      2.44134      
320.50000 68.00000  8.24621      59.65018      1.02529      
321.50000 81.00000  9.00000      59.65018      5.62734      
322.50000 75.00000  8.66025      59.65018      3.14156      
323.50000 63.00000  7.93725      59.65018      0.17812      
324.50000 60.00000  7.74597      59.65018      0.00204      
325.50000 75.00000  8.66025      59.65018      3.14156      
326.50000 65.00000  8.06226      59.65018      0.44032      
327.50000 77.00000  8.77496      59.65018      3.90930      
328.50000 75.00000  8.66025      59.65018      3.14156      
329.50000 74.00000  8.60233      59.65018      2.78267      
330.50000 57.00000  7.54983      59.65018      0.12322      
331.50000 62.00000  7.87401      59.65018      0.08906      
332.50000 62.00000  7.87401      59.65018      0.08906      
333.50000 71.00000  8.42615      59.65018      1.81434      
334.50000 70.00000  8.36660      59.65018      1.53027      
335.50000 69.00000  8.30662      59.65018      1.26694      
336.50000 73.00000  8.54400      59.65018      2.44134      
337.50000 55.00000  7.41620      59.65018      0.39317      
338.50000 52.00000  7.21110      59.65018      1.12549      
339.50000 69.00000  8.30662      59.65018      1.26694      
390.50000 46.00000  6.78233      59.65018      4.05060      
391.50000 38.00000  6.16441      59.65018      12.33501     
392.50000 37.00000  6.08276      59.65018      13.86569     
393.50000 44.00000  6.63325      59.65018      5.56655      
394.50000 38.00000  6.16441      59.65018      12.33501     
395.50000 49.00000  7.00000      59.65018      2.31482      
396.50000 41.00000  6.40312      59.65018      8.48364      
397.50000 33.00000  5.74456      59.65018      21.52218     
398.50000 43.00000  6.55744      59.65018      6.44717      
399.50000 51.00000  7.14143      59.65018      1.46717      

Gradi di liberta = 38
Chi-quadro = 170.9928244070615
p-value = 0.7366755772720647

Media pesata = 59.650179389823464 +/- 1.2211693104338917

****************************************************************************************************
SERIE 1
****************************************************************************************************

Verifica ipotesi linearità_________________________________
Covarianza = -430.56410
Indice Pearson = -0.88153 +/- 0.07659
Gradi di Liberta' = 38
	t = 11.510116312082436
	p-value (due code) = 5.954528196381784e-14

Parametri___________________________________________________
y = a + bx
a = 208.05464 +/- 12.65306
b = -0.42316 +/- 0.03591

Test Chi Quadro_____________________________________________
x         y         sy           y*            Chi-quadro   
310.50000 86.00000  9.27362      76.66279      1.01376      
311.50000 82.00000  9.05539      76.23962      0.40466      
312.50000 73.00000  8.54400      75.81646      0.10866      
313.50000 82.00000  9.05539      75.39330      0.53230      
314.50000 70.00000  8.36660      74.97014      0.35289      
315.50000 73.00000  8.54400      74.54698      0.03278      
316.50000 97.00000  9.84886      74.12381      5.39505      
317.50000 75.00000  8.66025      73.70065      0.02251      
318.50000 73.00000  8.54400      73.27749      0.00105      
319.50000 73.00000  8.54400      72.85433      0.00029      
320.50000 68.00000  8.24621      72.43116      0.28875      
321.50000 81.00000  9.00000      72.00800      0.99822      
322.50000 75.00000  8.66025      71.58484      0.15551      
323.50000 63.00000  7.93725      71.16168      1.05735      
324.50000 60.00000  7.74597      70.73852      1.92193      
325.50000 75.00000  8.66025      70.31535      0.29261      
326.50000 65.00000  8.06226      69.89219      0.36821      
327.50000 77.00000  8.77496      69.46903      0.73657      
328.50000 75.00000  8.66025      69.04587      0.47269      
329.50000 74.00000  8.60233      68.62270      0.39075      
330.50000 57.00000  7.54983      68.19954      2.20052      
331.50000 62.00000  7.87401      67.77638      0.53817      
332.50000 62.00000  7.87401      67.35322      0.46221      
333.50000 71.00000  8.42615      66.93006      0.23330      
334.50000 70.00000  8.36660      66.50689      0.17431      
335.50000 69.00000  8.30662      66.08373      0.12326      
336.50000 73.00000  8.54400      65.66057      0.73791      
337.50000 55.00000  7.41620      65.23741      1.90554      
338.50000 52.00000  7.21110      64.81425      3.15779      
339.50000 69.00000  8.30662      64.39108      0.30786      
390.50000 46.00000  6.78233      42.80981      0.22125      
391.50000 38.00000  6.16441      42.38665      0.50639      
392.50000 37.00000  6.08276      41.96349      0.66584      
393.50000 44.00000  6.63325      41.54033      0.13750      
394.50000 38.00000  6.16441      41.11716      0.25570      
395.50000 49.00000  7.00000      40.69400      1.40795      
396.50000 41.00000  6.40312      40.27084      0.01297      
397.50000 33.00000  5.74456      39.84768      1.42093      
398.50000 43.00000  6.55744      39.42452      0.29730      
399.50000 51.00000  7.14143      39.00135      2.82289      

Gradi di liberta = 38
Chi-quadro = 32.136130080577615
p-value = 0.7366755772720647

Verifica ipotesi funzione costante_________________________
Gradi di Liberta' = 38
t = 11.783746783857602
p-value = 2.9503534554584705e-14

x         y         sy           y_media_p     Chi-quadro   
310.50000 86.00000  9.27362      59.65018      8.07341      
311.50000 82.00000  9.05539      59.65018      6.09164      
312.50000 73.00000  8.54400      59.65018      2.44134      
313.50000 82.00000  9.05539      59.65018      6.09164      
314.50000 70.00000  8.36660      59.65018      1.53027      
315.50000 73.00000  8.54400      59.65018      2.44134      
316.50000 97.00000  9.84886      59.65018      14.38154     
317.50000 75.00000  8.66025      59.65018      3.14156      
318.50000 73.00000  8.54400      59.65018      2.44134      
319.50000 73.00000  8.54400      59.65018      2.44134      
320.50000 68.00000  8.24621      59.65018      1.02529      
321.50000 81.00000  9.00000      59.65018      5.62734      
322.50000 75.00000  8.66025      59.65018      3.14156      
323.50000 63.00000  7.93725      59.65018      0.17812      
324.50000 60.00000  7.74597      59.65018      0.00204      
325.50000 75.00000  8.66025      59.65018      3.14156      
326.50000 65.00000  8.06226      59.65018      0.44032      
327.50000 77.00000  8.77496      59.65018      3.90930      
328.50000 75.00000  8.66025      59.65018      3.14156      
329.50000 74.00000  8.60233      59.65018      2.78267      
330.50000 57.00000  7.54983      59.65018      0.12322      
331.50000 62.00000  7.87401      59.65018      0.08906      
332.50000 62.00000  7.87401      59.65018      0.08906      
333.50000 71.00000  8.42615      59.65018      1.81434      
334.50000 70.00000  8.36660      59.65018      1.53027      
335.50000 69.00000  8.30662      59.65018      1.26694      
336.50000 73.00000  8.54400      59.65018      2.44134      
337.50000 55.00000  7.41620      59.65018      0.39317      
338.50000 52.00000  7.21110      59.65018      1.12549      
339.50000 69.00000  8.30662      59.65018      1.26694      
390.50000 46.00000  6.78233      59.65018      4.05060      
391.50000 38.00000  6.16441      59.65018      12.33501     
392.50000 37.00000  6.08276      59.65018      13.86569     
393.50000 44.00000  6.63325      59.65018      5.56655      
394.50000 38.00000  6.16441      59.65018      12.33501     
395.50000 49.00000  7.00000      59.65018      2.31482      
396.50000 41.00000  6.40312      59.65018      8.48364      
397.50000 33.00000  5.74456      59.65018      21.52218     
398.50000 43.00000  6.55744      59.65018      6.44717      
399.50000 51.00000  7.14143      59.65018      1.46717      

Gradi di liberta = 38
Chi-quadro = 170.9928244070615
p-value = 0.7366755772720647

Media pesata = 59.650179389823464 +/- 1.2211693104338917

****************************************************************************************************
SERIE 1
****************************************************************************************************

Verifica ipotesi linearità_________________________________
Covarianza = -430.56410
Indice Pearson = -0.88153 +/- 0.07659
Gradi di Liberta' = 38
	t = 11.510116312082436
	p-value (due code) = 5.954528196381784e-14

Parametri___________________________________________________
y = a + bx
a = 208.05464 +/- 12.65306
b = -0.42316 +/- 0.03591

Test Chi Quadro_____________________________________________
x         y         sy           y*            Chi-quadro   
310.50000 86.00000  9.27362      76.66279      1.01376      
311.50000 82.00000  9.05539      76.23962      0.40466      
312.50000 73.00000  8.54400      75.81646      0.10866      
313.50000 82.00000  9.05539      75.39330      0.53230      
314.50000 70.00000  8.36660      74.97014      0.35289      
315.50000 73.00000  8.54400      74.54698      0.03278      
316.50000 97.00000  9.84886      74.12381      5.39505      
317.50000 75.00000  8.66025      73.70065      0.02251      
318.50000 73.00000  8.54400      73.27749      0.00105      
319.50000 73.00000  8.54400      72.85433      0.00029      
320.50000 68.00000  8.24621      72.43116      0.28875      
321.50000 81.00000  9.00000      72.00800      0.99822      
322.50000 75.00000  8.66025      71.58484      0.15551      
323.50000 63.00000  7.93725      71.16168      1.05735      
324.50000 60.00000  7.74597      70.73852      1.92193      
325.50000 75.00000  8.66025      70.31535      0.29261      
326.50000 65.00000  8.06226      69.89219      0.36821      
327.50000 77.00000  8.77496      69.46903      0.73657      
328.50000 75.00000  8.66025      69.04587      0.47269      
329.50000 74.00000  8.60233      68.62270      0.39075      
330.50000 57.00000  7.54983      68.19954      2.20052      
331.50000 62.00000  7.87401      67.77638      0.53817      
332.50000 62.00000  7.87401      67.35322      0.46221      
333.50000 71.00000  8.42615      66.93006      0.23330      
334.50000 70.00000  8.36660      66.50689      0.17431      
335.50000 69.00000  8.30662      66.08373      0.12326      
336.50000 73.00000  8.54400      65.66057      0.73791      
337.50000 55.00000  7.41620      65.23741      1.90554      
338.50000 52.00000  7.21110      64.81425      3.15779      
339.50000 69.00000  8.30662      64.39108      0.30786      
390.50000 46.00000  6.78233      42.80981      0.22125      
391.50000 38.00000  6.16441      42.38665      0.50639      
392.50000 37.00000  6.08276      41.96349      0.66584      
393.50000 44.00000  6.63325      41.54033      0.13750      
394.50000 38.00000  6.16441      41.11716      0.25570      
395.50000 49.00000  7.00000      40.69400      1.40795      
396.50000 41.00000  6.40312      40.27084      0.01297      
397.50000 33.00000  5.74456      39.84768      1.42093      
398.50000 43.00000  6.55744      39.42452      0.29730      
399.50000 51.00000  7.14143      39.00135      2.82289      

Gradi di liberta = 38
Chi-quadro = 32.136130080577615
p-value = 0.7366755772720647

Verifica ipotesi funzione costante_________________________
Gradi di Liberta' = 38
t = 11.783746783857602
p-value = 2.9503534554584705e-14

x         y         sy           y_media_p     Chi-quadro   
310.50000 86.00000  9.27362      59.65018      8.07341      
311.50000 82.00000  9.05539      59.65018      6.09164      
312.50000 73.00000  8.54400      59.65018      2.44134      
313.50000 82.00000  9.05539      59.65018      6.09164      
314.50000 70.00000  8.36660      59.65018      1.53027      
315.50000 73.00000  8.54400      59.65018      2.44134      
316.50000 97.00000  9.84886      59.65018      14.38154     
317.50000 75.00000  8.66025      59.65018      3.14156      
318.50000 73.00000  8.54400      59.65018      2.44134      
319.50000 73.00000  8.54400      59.65018      2.44134      
320.50000 68.00000  8.24621      59.65018      1.02529      
321.50000 81.00000  9.00000      59.65018      5.62734      
322.50000 75.00000  8.66025      59.65018      3.14156      
323.50000 63.00000  7.93725      59.65018      0.17812      
324.50000 60.00000  7.74597      59.65018      0.00204      
325.50000 75.00000  8.66025      59.65018      3.14156      
326.50000 65.00000  8.06226      59.65018      0.44032      
327.50000 77.00000  8.77496      59.65018      3.90930      
328.50000 75.00000  8.66025      59.65018      3.14156      
329.50000 74.00000  8.60233      59.65018      2.78267      
330.50000 57.00000  7.54983      59.65018      0.12322      
331.50000 62.00000  7.87401      59.65018      0.08906      
332.50000 62.00000  7.87401      59.65018      0.08906      
333.50000 71.00000  8.42615      59.65018      1.81434      
334.50000 70.00000  8.36660      59.65018      1.53027      
335.50000 69.00000  8.30662      59.65018      1.26694      
336.50000 73.00000  8.54400      59.65018      2.44134      
337.50000 55.00000  7.41620      59.65018      0.39317      
338.50000 52.00000  7.21110      59.65018      1.12549      
339.50000 69.00000  8.30662      59.65018      1.26694      
390.50000 46.00000  6.78233      59.65018      4.05060      
391.50000 38.00000  6.16441      59.65018      12.33501     
392.50000 37.00000  6.08276      59.65018      13.86569     
393.50000 44.00000  6.63325      59.65018      5.56655      
394.50000 38.00000  6.16441      59.65018      12.33501     
395.50000 49.00000  7.00000      59.65018      2.31482      
396.50000 41.00000  6.40312      59.65018      8.48364      
397.50000 33.00000  5.74456      59.65018      21.52218     
398.50000 43.00000  6.55744      59.65018      6.44717      
399.50000 51.00000  7.14143      59.65018      1.46717      

Gradi di liberta = 38
Chi-quadro = 170.9928244070615
p-value = 0.7366755772720647

Media pesata = 59.650179389823464 +/- 1.2211693104338917

****************************************************************************************************
SERIE 1
****************************************************************************************************

Verifica ipotesi linearità_________________________________
Covarianza = -430.56410
Indice Pearson = -0.88153 +/- 0.07659
Gradi di Liberta' = 38
	t = 11.510116312082436
	p-value (due code) = 5.954528196381784e-14

Parametri___________________________________________________
y = a + bx
a = 208.05464 +/- 12.65306
b = -0.42316 +/- 0.03591

Test Chi Quadro_____________________________________________
x         y         sy           y*            Chi-quadro   
310.50000 86.00000  9.27362      76.66279      1.01376      
311.50000 82.00000  9.05539      76.23962      0.40466      
312.50000 73.00000  8.54400      75.81646      0.10866      
313.50000 82.00000  9.05539      75.39330      0.53230      
314.50000 70.00000  8.36660      74.97014      0.35289      
315.50000 73.00000  8.54400      74.54698      0.03278      
316.50000 97.00000  9.84886      74.12381      5.39505      
317.50000 75.00000  8.66025      73.70065      0.02251      
318.50000 73.00000  8.54400      73.27749      0.00105      
319.50000 73.00000  8.54400      72.85433      0.00029      
320.50000 68.00000  8.24621      72.43116      0.28875      
321.50000 81.00000  9.00000      72.00800      0.99822      
322.50000 75.00000  8.66025      71.58484      0.15551      
323.50000 63.00000  7.93725      71.16168      1.05735      
324.50000 60.00000  7.74597      70.73852      1.92193      
325.50000 75.00000  8.66025      70.31535      0.29261      
326.50000 65.00000  8.06226      69.89219      0.36821      
327.50000 77.00000  8.77496      69.46903      0.73657      
328.50000 75.00000  8.66025      69.04587      0.47269      
329.50000 74.00000  8.60233      68.62270      0.39075      
330.50000 57.00000  7.54983      68.19954      2.20052      
331.50000 62.00000  7.87401      67.77638      0.53817      
332.50000 62.00000  7.87401      67.35322      0.46221      
333.50000 71.00000  8.42615      66.93006      0.23330      
334.50000 70.00000  8.36660      66.50689      0.17431      
335.50000 69.00000  8.30662      66.08373      0.12326      
336.50000 73.00000  8.54400      65.66057      0.73791      
337.50000 55.00000  7.41620      65.23741      1.90554      
338.50000 52.00000  7.21110      64.81425      3.15779      
339.50000 69.00000  8.30662      64.39108      0.30786      
390.50000 46.00000  6.78233      42.80981      0.22125      
391.50000 38.00000  6.16441      42.38665      0.50639      
392.50000 37.00000  6.08276      41.96349      0.66584      
393.50000 44.00000  6.63325      41.54033      0.13750      
394.50000 38.00000  6.16441      41.11716      0.25570      
395.50000 49.00000  7.00000      40.69400      1.40795      
396.50000 41.00000  6.40312      40.27084      0.01297      
397.50000 33.00000  5.74456      39.84768      1.42093      
398.50000 43.00000  6.55744      39.42452      0.29730      
399.50000 51.00000  7.14143      39.00135      2.82289      

Gradi di liberta = 38
Chi-quadro = 32.136130080577615
p-value = 0.7366755772720647

Verifica ipotesi funzione costante_________________________
Gradi di Liberta' = 38
t = 11.783746783857602
p-value = 2.9503534554584705e-14

x         y         sy           y_media_p     Chi-quadro   
310.50000 86.00000  9.27362      59.65018      8.07341      
311.50000 82.00000  9.05539      59.65018      6.09164      
312.50000 73.00000  8.54400      59.65018      2.44134      
313.50000 82.00000  9.05539      59.65018      6.09164      
314.50000 70.00000  8.36660      59.65018      1.53027      
315.50000 73.00000  8.54400      59.65018      2.44134      
316.50000 97.00000  9.84886      59.65018      14.38154     
317.50000 75.00000  8.66025      59.65018      3.14156      
318.50000 73.00000  8.54400      59.65018      2.44134      
319.50000 73.00000  8.54400      59.65018      2.44134      
320.50000 68.00000  8.24621      59.65018      1.02529      
321.50000 81.00000  9.00000      59.65018      5.62734      
322.50000 75.00000  8.66025      59.65018      3.14156      
323.50000 63.00000  7.93725      59.65018      0.17812      
324.50000 60.00000  7.74597      59.65018      0.00204      
325.50000 75.00000  8.66025      59.65018      3.14156      
326.50000 65.00000  8.06226      59.65018      0.44032      
327.50000 77.00000  8.77496      59.65018      3.90930      
328.50000 75.00000  8.66025      59.65018      3.14156      
329.50000 74.00000  8.60233      59.65018      2.78267      
330.50000 57.00000  7.54983      59.65018      0.12322      
331.50000 62.00000  7.87401      59.65018      0.08906      
332.50000 62.00000  7.87401      59.65018      0.08906      
333.50000 71.00000  8.42615      59.65018      1.81434      
334.50000 70.00000  8.36660      59.65018      1.53027      
335.50000 69.00000  8.30662      59.65018      1.26694      
336.50000 73.00000  8.54400      59.65018      2.44134      
337.50000 55.00000  7.41620      59.65018      0.39317      
338.50000 52.00000  7.21110      59.65018      1.12549      
339.50000 69.00000  8.30662      59.65018      1.26694      
390.50000 46.00000  6.78233      59.65018      4.05060      
391.50000 38.00000  6.16441      59.65018      12.33501     
392.50000 37.00000  6.08276      59.65018      13.86569     
393.50000 44.00000  6.63325      59.65018      5.56655      
394.50000 38.00000  6.16441      59.65018      12.33501     
395.50000 49.00000  7.00000      59.65018      2.31482      
396.50000 41.00000  6.40312      59.65018      8.48364      
397.50000 33.00000  5.74456      59.65018      21.52218     
398.50000 43.00000  6.55744      59.65018      6.44717      
399.50000 51.00000  7.14143      59.65018      1.46717      

Gradi di liberta = 38
Chi-quadro = 170.9928244070615
p-value = 0.7366755772720647

Media pesata = 59.650179389823464 +/- 1.2211693104338917

****************************************************************************************************
SERIE 1
****************************************************************************************************

Verifica ipotesi linearità_________________________________
Covarianza = -430.56410
Indice Pearson = -0.88153 +/- 0.07659
Gradi di Liberta' = 38
	t = 11.510116312082436
	p-value (due code) = 5.954528196381784e-14

Parametri___________________________________________________
y = a + bx
a = 208.05464 +/- 12.65306
b = -0.42316 +/- 0.03591

Test Chi Quadro_____________________________________________
x         y         sy           y*            Chi-quadro   
310.50000 86.00000  9.27362      76.66279      1.01376      
311.50000 82.00000  9.05539      76.23962      0.40466      
312.50000 73.00000  8.54400      75.81646      0.10866      
313.50000 82.00000  9.05539      75.39330      0.53230      
314.50000 70.00000  8.36660      74.97014      0.35289      
315.50000 73.00000  8.54400      74.54698      0.03278      
316.50000 97.00000  9.84886      74.12381      5.39505      
317.50000 75.00000  8.66025      73.70065      0.02251      
318.50000 73.00000  8.54400      73.27749      0.00105      
319.50000 73.00000  8.54400      72.85433      0.00029      
320.50000 68.00000  8.24621      72.43116      0.28875      
321.50000 81.00000  9.00000      72.00800      0.99822      
322.50000 75.00000  8.66025      71.58484      0.15551      
323.50000 63.00000  7.93725      71.16168      1.05735      
324.50000 60.00000  7.74597      70.73852      1.92193      
325.50000 75.00000  8.66025      70.31535      0.29261      
326.50000 65.00000  8.06226      69.89219      0.36821      
327.50000 77.00000  8.77496      69.46903      0.73657      
328.50000 75.00000  8.66025      69.04587      0.47269      
329.50000 74.00000  8.60233      68.62270      0.39075      
330.50000 57.00000  7.54983      68.19954      2.20052      
331.50000 62.00000  7.87401      67.77638      0.53817      
332.50000 62.00000  7.87401      67.35322      0.46221      
333.50000 71.00000  8.42615      66.93006      0.23330      
334.50000 70.00000  8.36660      66.50689      0.17431      
335.50000 69.00000  8.30662      66.08373      0.12326      
336.50000 73.00000  8.54400      65.66057      0.73791      
337.50000 55.00000  7.41620      65.23741      1.90554      
338.50000 52.00000  7.21110      64.81425      3.15779      
339.50000 69.00000  8.30662      64.39108      0.30786      
390.50000 46.00000  6.78233      42.80981      0.22125      
391.50000 38.00000  6.16441      42.38665      0.50639      
392.50000 37.00000  6.08276      41.96349      0.66584      
393.50000 44.00000  6.63325      41.54033      0.13750      
394.50000 38.00000  6.16441      41.11716      0.25570      
395.50000 49.00000  7.00000      40.69400      1.40795      
396.50000 41.00000  6.40312      40.27084      0.01297      
397.50000 33.00000  5.74456      39.84768      1.42093      
398.50000 43.00000  6.55744      39.42452      0.29730      
399.50000 51.00000  7.14143      39.00135      2.82289      

Gradi di liberta = 38
Chi-quadro = 32.136130080577615
p-value = 0.7366755772720647

Verifica ipotesi funzione costante_________________________
Gradi di Liberta' = 38
t = 11.783746783857602
p-value = 2.9503534554584705e-14

x         y         sy           y_media_p     Chi-quadro   
310.50000 86.00000  9.27362      59.65018      8.07341      
311.50000 82.00000  9.05539      59.65018      6.09164      
312.50000 73.00000  8.54400      59.65018      2.44134      
313.50000 82.00000  9.05539      59.65018      6.09164      
314.50000 70.00000  8.36660      59.65018      1.53027      
315.50000 73.00000  8.54400      59.65018      2.44134      
316.50000 97.00000  9.84886      59.65018      14.38154     
317.50000 75.00000  8.66025      59.65018      3.14156      
318.50000 73.00000  8.54400      59.65018      2.44134      
319.50000 73.00000  8.54400      59.65018      2.44134      
320.50000 68.00000  8.24621      59.65018      1.02529      
321.50000 81.00000  9.00000      59.65018      5.62734      
322.50000 75.00000  8.66025      59.65018      3.14156      
323.50000 63.00000  7.93725      59.65018      0.17812      
324.50000 60.00000  7.74597      59.65018      0.00204      
325.50000 75.00000  8.66025      59.65018      3.14156      
326.50000 65.00000  8.06226      59.65018      0.44032      
327.50000 77.00000  8.77496      59.65018      3.90930      
328.50000 75.00000  8.66025      59.65018      3.14156      
329.50000 74.00000  8.60233      59.65018      2.78267      
330.50000 57.00000  7.54983      59.65018      0.12322      
331.50000 62.00000  7.87401      59.65018      0.08906      
332.50000 62.00000  7.87401      59.65018      0.08906      
333.50000 71.00000  8.42615      59.65018      1.81434      
334.50000 70.00000  8.36660      59.65018      1.53027      
335.50000 69.00000  8.30662      59.65018      1.26694      
336.50000 73.00000  8.54400      59.65018      2.44134      
337.50000 55.00000  7.41620      59.65018      0.39317      
338.50000 52.00000  7.21110      59.65018      1.12549      
339.50000 69.00000  8.30662      59.65018      1.26694      
390.50000 46.00000  6.78233      59.65018      4.05060      
391.50000 38.00000  6.16441      59.65018      12.33501     
392.50000 37.00000  6.08276      59.65018      13.86569     
393.50000 44.00000  6.63325      59.65018      5.56655      
394.50000 38.00000  6.16441      59.65018      12.33501     
395.50000 49.00000  7.00000      59.65018      2.31482      
396.50000 41.00000  6.40312      59.65018      8.48364      
397.50000 33.00000  5.74456      59.65018      21.52218     
398.50000 43.00000  6.55744      59.65018      6.44717      
399.50000 51.00000  7.14143      59.65018      1.46717      

Gradi di liberta = 38
Chi-quadro = 170.9928244070615
p-value = 0.7366755772720647

Media pesata = 59.650179389823464 +/- 1.2211693104338917

****************************************************************************************************
SERIE 1
****************************************************************************************************

Verifica ipotesi linearità_________________________________
Covarianza = -430.56410
Indice Pearson = -0.88153 +/- 0.07659
Gradi di Liberta' = 38
	t = 11.510116312082436
	p-value (due code) = 5.954528196381784e-14

Parametri___________________________________________________
y = a + bx
a = 208.05464 +/- 12.65306
b = -0.42316 +/- 0.03591

Test Chi Quadro_____________________________________________
x         y         sy           y*            Chi-quadro   
310.50000 86.00000  9.27362      76.66279      1.01376      
311.50000 82.00000  9.05539      76.23962      0.40466      
312.50000 73.00000  8.54400      75.81646      0.10866      
313.50000 82.00000  9.05539      75.39330      0.53230      
314.50000 70.00000  8.36660      74.97014      0.35289      
315.50000 73.00000  8.54400      74.54698      0.03278      
316.50000 97.00000  9.84886      74.12381      5.39505      
317.50000 75.00000  8.66025      73.70065      0.02251      
318.50000 73.00000  8.54400      73.27749      0.00105      
319.50000 73.00000  8.54400      72.85433      0.00029      
320.50000 68.00000  8.24621      72.43116      0.28875      
321.50000 81.00000  9.00000      72.00800      0.99822      
322.50000 75.00000  8.66025      71.58484      0.15551      
323.50000 63.00000  7.93725      71.16168      1.05735      
324.50000 60.00000  7.74597      70.73852      1.92193      
325.50000 75.00000  8.66025      70.31535      0.29261      
326.50000 65.00000  8.06226      69.89219      0.36821      
327.50000 77.00000  8.77496      69.46903      0.73657      
328.50000 75.00000  8.66025      69.04587      0.47269      
329.50000 74.00000  8.60233      68.62270      0.39075      
330.50000 57.00000  7.54983      68.19954      2.20052      
331.50000 62.00000  7.87401      67.77638      0.53817      
332.50000 62.00000  7.87401      67.35322      0.46221      
333.50000 71.00000  8.42615      66.93006      0.23330      
334.50000 70.00000  8.36660      66.50689      0.17431      
335.50000 69.00000  8.30662      66.08373      0.12326      
336.50000 73.00000  8.54400      65.66057      0.73791      
337.50000 55.00000  7.41620      65.23741      1.90554      
338.50000 52.00000  7.21110      64.81425      3.15779      
339.50000 69.00000  8.30662      64.39108      0.30786      
390.50000 46.00000  6.78233      42.80981      0.22125      
391.50000 38.00000  6.16441      42.38665      0.50639      
392.50000 37.00000  6.08276      41.96349      0.66584      
393.50000 44.00000  6.63325      41.54033      0.13750      
394.50000 38.00000  6.16441      41.11716      0.25570      
395.50000 49.00000  7.00000      40.69400      1.40795      
396.50000 41.00000  6.40312      40.27084      0.01297      
397.50000 33.00000  5.74456      39.84768      1.42093      
398.50000 43.00000  6.55744      39.42452      0.29730      
399.50000 51.00000  7.14143      39.00135      2.82289      

Gradi di liberta = 38
Chi-quadro = 32.136130080577615
p-value = 0.7366755772720647

Verifica ipotesi funzione costante_________________________
Gradi di Liberta' = 38
t = 11.783746783857602
p-value = 2.9503534554584705e-14

x         y         sy           y_media_p     Chi-quadro   
310.50000 86.00000  9.27362      59.65018      8.07341      
311.50000 82.00000  9.05539      59.65018      6.09164      
312.50000 73.00000  8.54400      59.65018      2.44134      
313.50000 82.00000  9.05539      59.65018      6.09164      
314.50000 70.00000  8.36660      59.65018      1.53027      
315.50000 73.00000  8.54400      59.65018      2.44134      
316.50000 97.00000  9.84886      59.65018      14.38154     
317.50000 75.00000  8.66025      59.65018      3.14156      
318.50000 73.00000  8.54400      59.65018      2.44134      
319.50000 73.00000  8.54400      59.65018      2.44134      
320.50000 68.00000  8.24621      59.65018      1.02529      
321.50000 81.00000  9.00000      59.65018      5.62734      
322.50000 75.00000  8.66025      59.65018      3.14156      
323.50000 63.00000  7.93725      59.65018      0.17812      
324.50000 60.00000  7.74597      59.65018      0.00204      
325.50000 75.00000  8.66025      59.65018      3.14156      
326.50000 65.00000  8.06226      59.65018      0.44032      
327.50000 77.00000  8.77496      59.65018      3.90930      
328.50000 75.00000  8.66025      59.65018      3.14156      
329.50000 74.00000  8.60233      59.65018      2.78267      
330.50000 57.00000  7.54983      59.65018      0.12322      
331.50000 62.00000  7.87401      59.65018      0.08906      
332.50000 62.00000  7.87401      59.65018      0.08906      
333.50000 71.00000  8.42615      59.65018      1.81434      
334.50000 70.00000  8.36660      59.65018      1.53027      
335.50000 69.00000  8.30662      59.65018      1.26694      
336.50000 73.00000  8.54400      59.65018      2.44134      
337.50000 55.00000  7.41620      59.65018      0.39317      
338.50000 52.00000  7.21110      59.65018      1.12549      
339.50000 69.00000  8.30662      59.65018      1.26694      
390.50000 46.00000  6.78233      59.65018      4.05060      
391.50000 38.00000  6.16441      59.65018      12.33501     
392.50000 37.00000  6.08276      59.65018      13.86569     
393.50000 44.00000  6.63325      59.65018      5.56655      
394.50000 38.00000  6.16441      59.65018      12.33501     
395.50000 49.00000  7.00000      59.65018      2.31482      
396.50000 41.00000  6.40312      59.65018      8.48364      
397.50000 33.00000  5.74456      59.65018      21.52218     
398.50000 43.00000  6.55744      59.65018      6.44717      
399.50000 51.00000  7.14143      59.65018      1.46717      

Gradi di liberta = 38
Chi-quadro = 170.9928244070615
p-value = 0.7366755772720647

Media pesata = 59.650179389823464 +/- 1.2211693104338917

****************************************************************************************************
SERIE 1
****************************************************************************************************

Verifica ipotesi linearità_________________________________
Covarianza = -430.56410
Indice Pearson = -0.88153 +/- 0.07659
Gradi di Liberta' = 38
	t = 11.510116312082436
	p-value (due code) = 5.954528196381784e-14

Parametri___________________________________________________
y = a + bx
a = 208.05464 +/- 12.65306
b = -0.42316 +/- 0.03591

Test Chi Quadro_____________________________________________
x         y         sy           y*            Chi-quadro   
310.50000 86.00000  9.27362      76.66279      1.01376      
311.50000 82.00000  9.05539      76.23962      0.40466      
312.50000 73.00000  8.54400      75.81646      0.10866      
313.50000 82.00000  9.05539      75.39330      0.53230      
314.50000 70.00000  8.36660      74.97014      0.35289      
315.50000 73.00000  8.54400      74.54698      0.03278      
316.50000 97.00000  9.84886      74.12381      5.39505      
317.50000 75.00000  8.66025      73.70065      0.02251      
318.50000 73.00000  8.54400      73.27749      0.00105      
319.50000 73.00000  8.54400      72.85433      0.00029      
320.50000 68.00000  8.24621      72.43116      0.28875      
321.50000 81.00000  9.00000      72.00800      0.99822      
322.50000 75.00000  8.66025      71.58484      0.15551      
323.50000 63.00000  7.93725      71.16168      1.05735      
324.50000 60.00000  7.74597      70.73852      1.92193      
325.50000 75.00000  8.66025      70.31535      0.29261      
326.50000 65.00000  8.06226      69.89219      0.36821      
327.50000 77.00000  8.77496      69.46903      0.73657      
328.50000 75.00000  8.66025      69.04587      0.47269      
329.50000 74.00000  8.60233      68.62270      0.39075      
330.50000 57.00000  7.54983      68.19954      2.20052      
331.50000 62.00000  7.87401      67.77638      0.53817      
332.50000 62.00000  7.87401      67.35322      0.46221      
333.50000 71.00000  8.42615      66.93006      0.23330      
334.50000 70.00000  8.36660      66.50689      0.17431      
335.50000 69.00000  8.30662      66.08373      0.12326      
336.50000 73.00000  8.54400      65.66057      0.73791      
337.50000 55.00000  7.41620      65.23741      1.90554      
338.50000 52.00000  7.21110      64.81425      3.15779      
339.50000 69.00000  8.30662      64.39108      0.30786      
390.50000 46.00000  6.78233      42.80981      0.22125      
391.50000 38.00000  6.16441      42.38665      0.50639      
392.50000 37.00000  6.08276      41.96349      0.66584      
393.50000 44.00000  6.63325      41.54033      0.13750      
394.50000 38.00000  6.16441      41.11716      0.25570      
395.50000 49.00000  7.00000      40.69400      1.40795      
396.50000 41.00000  6.40312      40.27084      0.01297      
397.50000 33.00000  5.74456      39.84768      1.42093      
398.50000 43.00000  6.55744      39.42452      0.29730      
399.50000 51.00000  7.14143      39.00135      2.82289      

Gradi di liberta = 38
Chi-quadro = 32.136130080577615
p-value = 0.7366755772720647

Verifica ipotesi funzione costante_________________________
Gradi di Liberta' = 38
t = 11.783746783857602
p-value = 2.9503534554584705e-14

x         y         sy           y_media_p     Chi-quadro   
310.50000 86.00000  9.27362      59.65018      8.07341      
311.50000 82.00000  9.05539      59.65018      6.09164      
312.50000 73.00000  8.54400      59.65018      2.44134      
313.50000 82.00000  9.05539      59.65018      6.09164      
314.50000 70.00000  8.36660      59.65018      1.53027      
315.50000 73.00000  8.54400      59.65018      2.44134      
316.50000 97.00000  9.84886      59.65018      14.38154     
317.50000 75.00000  8.66025      59.65018      3.14156      
318.50000 73.00000  8.54400      59.65018      2.44134      
319.50000 73.00000  8.54400      59.65018      2.44134      
320.50000 68.00000  8.24621      59.65018      1.02529      
321.50000 81.00000  9.00000      59.65018      5.62734      
322.50000 75.00000  8.66025      59.65018      3.14156      
323.50000 63.00000  7.93725      59.65018      0.17812      
324.50000 60.00000  7.74597      59.65018      0.00204      
325.50000 75.00000  8.66025      59.65018      3.14156      
326.50000 65.00000  8.06226      59.65018      0.44032      
327.50000 77.00000  8.77496      59.65018      3.90930      
328.50000 75.00000  8.66025      59.65018      3.14156      
329.50000 74.00000  8.60233      59.65018      2.78267      
330.50000 57.00000  7.54983      59.65018      0.12322      
331.50000 62.00000  7.87401      59.65018      0.08906      
332.50000 62.00000  7.87401      59.65018      0.08906      
333.50000 71.00000  8.42615      59.65018      1.81434      
334.50000 70.00000  8.36660      59.65018      1.53027      
335.50000 69.00000  8.30662      59.65018      1.26694      
336.50000 73.00000  8.54400      59.65018      2.44134      
337.50000 55.00000  7.41620      59.65018      0.39317      
338.50000 52.00000  7.21110      59.65018      1.12549      
339.50000 69.00000  8.30662      59.65018      1.26694      
390.50000 46.00000  6.78233      59.65018      4.05060      
391.50000 38.00000  6.16441      59.65018      12.33501     
392.50000 37.00000  6.08276      59.65018      13.86569     
393.50000 44.00000  6.63325      59.65018      5.56655      
394.50000 38.00000  6.16441      59.65018      12.33501     
395.50000 49.00000  7.00000      59.65018      2.31482      
396.50000 41.00000  6.40312      59.65018      8.48364      
397.50000 33.00000  5.74456      59.65018      21.52218     
398.50000 43.00000  6.55744      59.65018      6.44717      
399.50000 51.00000  7.14143      59.65018      1.46717      

Gradi di liberta = 38
Chi-quadro = 170.9928244070615
p-value = 0.7366755772720647

Media pesata = 59.650179389823464 +/- 1.2211693104338917

****************************************************************************************************
SERIE 1
****************************************************************************************************

Verifica ipotesi linearità_________________________________
Covarianza = -430.56410
Indice Pearson = -0.88153 +/- 0.07659
Gradi di Liberta' = 38
	t = 11.510116312082436
	p-value (due code) = 5.954528196381784e-14

Parametri___________________________________________________
y = a + bx
a = 208.05464 +/- 12.65306
b = -0.42316 +/- 0.03591

Test Chi Quadro_____________________________________________
x         y         sy           y*            Chi-quadro   
310.50000 86.00000  9.27362      76.66279      1.01376      
311.50000 82.00000  9.05539      76.23962      0.40466      
312.50000 73.00000  8.54400      75.81646      0.10866      
313.50000 82.00000  9.05539      75.39330      0.53230      
314.50000 70.00000  8.36660      74.97014      0.35289      
315.50000 73.00000  8.54400      74.54698      0.03278      
316.50000 97.00000  9.84886      74.12381      5.39505      
317.50000 75.00000  8.66025      73.70065      0.02251      
318.50000 73.00000  8.54400      73.27749      0.00105      
319.50000 73.00000  8.54400      72.85433      0.00029      
320.50000 68.00000  8.24621      72.43116      0.28875      
321.50000 81.00000  9.00000      72.00800      0.99822      
322.50000 75.00000  8.66025      71.58484      0.15551      
323.50000 63.00000  7.93725      71.16168      1.05735      
324.50000 60.00000  7.74597      70.73852      1.92193      
325.50000 75.00000  8.66025      70.31535      0.29261      
326.50000 65.00000  8.06226      69.89219      0.36821      
327.50000 77.00000  8.77496      69.46903      0.73657      
328.50000 75.00000  8.66025      69.04587      0.47269      
329.50000 74.00000  8.60233      68.62270      0.39075      
330.50000 57.00000  7.54983      68.19954      2.20052      
331.50000 62.00000  7.87401      67.77638      0.53817      
332.50000 62.00000  7.87401      67.35322      0.46221      
333.50000 71.00000  8.42615      66.93006      0.23330      
334.50000 70.00000  8.36660      66.50689      0.17431      
335.50000 69.00000  8.30662      66.08373      0.12326      
336.50000 73.00000  8.54400      65.66057      0.73791      
337.50000 55.00000  7.41620      65.23741      1.90554      
338.50000 52.00000  7.21110      64.81425      3.15779      
339.50000 69.00000  8.30662      64.39108      0.30786      
390.50000 46.00000  6.78233      42.80981      0.22125      
391.50000 38.00000  6.16441      42.38665      0.50639      
392.50000 37.00000  6.08276      41.96349      0.66584      
393.50000 44.00000  6.63325      41.54033      0.13750      
394.50000 38.00000  6.16441      41.11716      0.25570      
395.50000 49.00000  7.00000      40.69400      1.40795      
396.50000 41.00000  6.40312      40.27084      0.01297      
397.50000 33.00000  5.74456      39.84768      1.42093      
398.50000 43.00000  6.55744      39.42452      0.29730      
399.50000 51.00000  7.14143      39.00135      2.82289      

Gradi di liberta = 38
Chi-quadro = 32.136130080577615
p-value = 0.7366755772720647

Verifica ipotesi funzione costante_________________________
Gradi di Liberta' = 38
t = 11.783746783857602
p-value = 2.9503534554584705e-14

x         y         sy           y_media_p     Chi-quadro   
310.50000 86.00000  9.27362      59.65018      8.07341      
311.50000 82.00000  9.05539      59.65018      6.09164      
312.50000 73.00000  8.54400      59.65018      2.44134      
313.50000 82.00000  9.05539      59.65018      6.09164      
314.50000 70.00000  8.36660      59.65018      1.53027      
315.50000 73.00000  8.54400      59.65018      2.44134      
316.50000 97.00000  9.84886      59.65018      14.38154     
317.50000 75.00000  8.66025      59.65018      3.14156      
318.50000 73.00000  8.54400      59.65018      2.44134      
319.50000 73.00000  8.54400      59.65018      2.44134      
320.50000 68.00000  8.24621      59.65018      1.02529      
321.50000 81.00000  9.00000      59.65018      5.62734      
322.50000 75.00000  8.66025      59.65018      3.14156      
323.50000 63.00000  7.93725      59.65018      0.17812      
324.50000 60.00000  7.74597      59.65018      0.00204      
325.50000 75.00000  8.66025      59.65018      3.14156      
326.50000 65.00000  8.06226      59.65018      0.44032      
327.50000 77.00000  8.77496      59.65018      3.90930      
328.50000 75.00000  8.66025      59.65018      3.14156      
329.50000 74.00000  8.60233      59.65018      2.78267      
330.50000 57.00000  7.54983      59.65018      0.12322      
331.50000 62.00000  7.87401      59.65018      0.08906      
332.50000 62.00000  7.87401      59.65018      0.08906      
333.50000 71.00000  8.42615      59.65018      1.81434      
334.50000 70.00000  8.36660      59.65018      1.53027      
335.50000 69.00000  8.30662      59.65018      1.26694      
336.50000 73.00000  8.54400      59.65018      2.44134      
337.50000 55.00000  7.41620      59.65018      0.39317      
338.50000 52.00000  7.21110      59.65018      1.12549      
339.50000 69.00000  8.30662      59.65018      1.26694      
390.50000 46.00000  6.78233      59.65018      4.05060      
391.50000 38.00000  6.16441      59.65018      12.33501     
392.50000 37.00000  6.08276      59.65018      13.86569     
393.50000 44.00000  6.63325      59.65018      5.56655      
394.50000 38.00000  6.16441      59.65018      12.33501     
395.50000 49.00000  7.00000      59.65018      2.31482      
396.50000 41.00000  6.40312      59.65018      8.48364      
397.50000 33.00000  5.74456      59.65018      21.52218     
398.50000 43.00000  6.55744      59.65018      6.44717      
399.50000 51.00000  7.14143      59.65018      1.46717      

Gradi di liberta = 38
Chi-quadro = 170.9928244070615
p-value = 0.7366755772720647

Media pesata = 59.650179389823464 +/- 1.2211693104338917

****************************************************************************************************
SERIE 1
****************************************************************************************************

Verifica ipotesi linearità_________________________________
Covarianza = -430.56410
Indice Pearson = -0.88153 +/- 0.07659
Gradi di Liberta' = 38
	t = 11.510116312082436
	p-value (due code) = 5.954528196381784e-14

Parametri___________________________________________________
y = a + bx
a = 208.05464 +/- 12.65306
b = -0.42316 +/- 0.03591

Test Chi Quadro_____________________________________________
x         y         sy           y*            Chi-quadro   
310.50000 86.00000  9.27362      76.66279      1.01376      
311.50000 82.00000  9.05539      76.23962      0.40466      
312.50000 73.00000  8.54400      75.81646      0.10866      
313.50000 82.00000  9.05539      75.39330      0.53230      
314.50000 70.00000  8.36660      74.97014      0.35289      
315.50000 73.00000  8.54400      74.54698      0.03278      
316.50000 97.00000  9.84886      74.12381      5.39505      
317.50000 75.00000  8.66025      73.70065      0.02251      
318.50000 73.00000  8.54400      73.27749      0.00105      
319.50000 73.00000  8.54400      72.85433      0.00029      
320.50000 68.00000  8.24621      72.43116      0.28875      
321.50000 81.00000  9.00000      72.00800      0.99822      
322.50000 75.00000  8.66025      71.58484      0.15551      
323.50000 63.00000  7.93725      71.16168      1.05735      
324.50000 60.00000  7.74597      70.73852      1.92193      
325.50000 75.00000  8.66025      70.31535      0.29261      
326.50000 65.00000  8.06226      69.89219      0.36821      
327.50000 77.00000  8.77496      69.46903      0.73657      
328.50000 75.00000  8.66025      69.04587      0.47269      
329.50000 74.00000  8.60233      68.62270      0.39075      
330.50000 57.00000  7.54983      68.19954      2.20052      
331.50000 62.00000  7.87401      67.77638      0.53817      
332.50000 62.00000  7.87401      67.35322      0.46221      
333.50000 71.00000  8.42615      66.93006      0.23330      
334.50000 70.00000  8.36660      66.50689      0.17431      
335.50000 69.00000  8.30662      66.08373      0.12326      
336.50000 73.00000  8.54400      65.66057      0.73791      
337.50000 55.00000  7.41620      65.23741      1.90554      
338.50000 52.00000  7.21110      64.81425      3.15779      
339.50000 69.00000  8.30662      64.39108      0.30786      
390.50000 46.00000  6.78233      42.80981      0.22125      
391.50000 38.00000  6.16441      42.38665      0.50639      
392.50000 37.00000  6.08276      41.96349      0.66584      
393.50000 44.00000  6.63325      41.54033      0.13750      
394.50000 38.00000  6.16441      41.11716      0.25570      
395.50000 49.00000  7.00000      40.69400      1.40795      
396.50000 41.00000  6.40312      40.27084      0.01297      
397.50000 33.00000  5.74456      39.84768      1.42093      
398.50000 43.00000  6.55744      39.42452      0.29730      
399.50000 51.00000  7.14143      39.00135      2.82289      

Gradi di liberta = 38
Chi-quadro = 32.136130080577615
p-value = 0.7366755772720647

Verifica ipotesi funzione costante_________________________
Gradi di Liberta' = 38
t = 11.783746783857602
p-value = 2.9503534554584705e-14

x         y         sy           y_media_p     Chi-quadro   
310.50000 86.00000  9.27362      59.65018      8.07341      
311.50000 82.00000  9.05539      59.65018      6.09164      
312.50000 73.00000  8.54400      59.65018      2.44134      
313.50000 82.00000  9.05539      59.65018      6.09164      
314.50000 70.00000  8.36660      59.65018      1.53027      
315.50000 73.00000  8.54400      59.65018      2.44134      
316.50000 97.00000  9.84886      59.65018      14.38154     
317.50000 75.00000  8.66025      59.65018      3.14156      
318.50000 73.00000  8.54400      59.65018      2.44134      
319.50000 73.00000  8.54400      59.65018      2.44134      
320.50000 68.00000  8.24621      59.65018      1.02529      
321.50000 81.00000  9.00000      59.65018      5.62734      
322.50000 75.00000  8.66025      59.65018      3.14156      
323.50000 63.00000  7.93725      59.65018      0.17812      
324.50000 60.00000  7.74597      59.65018      0.00204      
325.50000 75.00000  8.66025      59.65018      3.14156      
326.50000 65.00000  8.06226      59.65018      0.44032      
327.50000 77.00000  8.77496      59.65018      3.90930      
328.50000 75.00000  8.66025      59.65018      3.14156      
329.50000 74.00000  8.60233      59.65018      2.78267      
330.50000 57.00000  7.54983      59.65018      0.12322      
331.50000 62.00000  7.87401      59.65018      0.08906      
332.50000 62.00000  7.87401      59.65018      0.08906      
333.50000 71.00000  8.42615      59.65018      1.81434      
334.50000 70.00000  8.36660      59.65018      1.53027      
335.50000 69.00000  8.30662      59.65018      1.26694      
336.50000 73.00000  8.54400      59.65018      2.44134      
337.50000 55.00000  7.41620      59.65018      0.39317      
338.50000 52.00000  7.21110      59.65018      1.12549      
339.50000 69.00000  8.30662      59.65018      1.26694      
390.50000 46.00000  6.78233      59.65018      4.05060      
391.50000 38.00000  6.16441      59.65018      12.33501     
392.50000 37.00000  6.08276      59.65018      13.86569     
393.50000 44.00000  6.63325      59.65018      5.56655      
394.50000 38.00000  6.16441      59.65018      12.33501     
395.50000 49.00000  7.00000      59.65018      2.31482      
396.50000 41.00000  6.40312      59.65018      8.48364      
397.50000 33.00000  5.74456      59.65018      21.52218     
398.50000 43.00000  6.55744      59.65018      6.44717      
399.50000 51.00000  7.14143      59.65018      1.46717      

Gradi di liberta = 38
Chi-quadro = 170.9928244070615
p-value = 0.7366755772720647

Media pesata = 59.650179389823464 +/- 1.2211693104338917

****************************************************************************************************
SERIE 1
****************************************************************************************************

Verifica ipotesi linearità_________________________________
Covarianza = -430.56410
Indice Pearson = -0.88153 +/- 0.07659
Gradi di Liberta' = 38
	t = 11.510116312082436
	p-value (due code) = 5.954528196381784e-14

Parametri___________________________________________________
y = a + bx
a = 208.05464 +/- 12.65306
b = -0.42316 +/- 0.03591

Test Chi Quadro_____________________________________________
x         y         sy           y*            Chi-quadro   
310.50000 86.00000  9.27362      76.66279      1.01376      
311.50000 82.00000  9.05539      76.23962      0.40466      
312.50000 73.00000  8.54400      75.81646      0.10866      
313.50000 82.00000  9.05539      75.39330      0.53230      
314.50000 70.00000  8.36660      74.97014      0.35289      
315.50000 73.00000  8.54400      74.54698      0.03278      
316.50000 97.00000  9.84886      74.12381      5.39505      
317.50000 75.00000  8.66025      73.70065      0.02251      
318.50000 73.00000  8.54400      73.27749      0.00105      
319.50000 73.00000  8.54400      72.85433      0.00029      
320.50000 68.00000  8.24621      72.43116      0.28875      
321.50000 81.00000  9.00000      72.00800      0.99822      
322.50000 75.00000  8.66025      71.58484      0.15551      
323.50000 63.00000  7.93725      71.16168      1.05735      
324.50000 60.00000  7.74597      70.73852      1.92193      
325.50000 75.00000  8.66025      70.31535      0.29261      
326.50000 65.00000  8.06226      69.89219      0.36821      
327.50000 77.00000  8.77496      69.46903      0.73657      
328.50000 75.00000  8.66025      69.04587      0.47269      
329.50000 74.00000  8.60233      68.62270      0.39075      
330.50000 57.00000  7.54983      68.19954      2.20052      
331.50000 62.00000  7.87401      67.77638      0.53817      
332.50000 62.00000  7.87401      67.35322      0.46221      
333.50000 71.00000  8.42615      66.93006      0.23330      
334.50000 70.00000  8.36660      66.50689      0.17431      
335.50000 69.00000  8.30662      66.08373      0.12326      
336.50000 73.00000  8.54400      65.66057      0.73791      
337.50000 55.00000  7.41620      65.23741      1.90554      
338.50000 52.00000  7.21110      64.81425      3.15779      
339.50000 69.00000  8.30662      64.39108      0.30786      
390.50000 46.00000  6.78233      42.80981      0.22125      
391.50000 38.00000  6.16441      42.38665      0.50639      
392.50000 37.00000  6.08276      41.96349      0.66584      
393.50000 44.00000  6.63325      41.54033      0.13750      
394.50000 38.00000  6.16441      41.11716      0.25570      
395.50000 49.00000  7.00000      40.69400      1.40795      
396.50000 41.00000  6.40312      40.27084      0.01297      
397.50000 33.00000  5.74456      39.84768      1.42093      
398.50000 43.00000  6.55744      39.42452      0.29730      
399.50000 51.00000  7.14143      39.00135      2.82289      

Gradi di liberta = 38
Chi-quadro = 32.136130080577615
p-value = 0.7366755772720647

Verifica ipotesi funzione costante_________________________
Gradi di Liberta' = 38
t = 11.783746783857602
p-value = 2.9503534554584705e-14

x         y         sy           y_media_p     Chi-quadro   
310.50000 86.00000  9.27362      59.65018      8.07341      
311.50000 82.00000  9.05539      59.65018      6.09164      
312.50000 73.00000  8.54400      59.65018      2.44134      
313.50000 82.00000  9.05539      59.65018      6.09164      
314.50000 70.00000  8.36660      59.65018      1.53027      
315.50000 73.00000  8.54400      59.65018      2.44134      
316.50000 97.00000  9.84886      59.65018      14.38154     
317.50000 75.00000  8.66025      59.65018      3.14156      
318.50000 73.00000  8.54400      59.65018      2.44134      
319.50000 73.00000  8.54400      59.65018      2.44134      
320.50000 68.00000  8.24621      59.65018      1.02529      
321.50000 81.00000  9.00000      59.65018      5.62734      
322.50000 75.00000  8.66025      59.65018      3.14156      
323.50000 63.00000  7.93725      59.65018      0.17812      
324.50000 60.00000  7.74597      59.65018      0.00204      
325.50000 75.00000  8.66025      59.65018      3.14156      
326.50000 65.00000  8.06226      59.65018      0.44032      
327.50000 77.00000  8.77496      59.65018      3.90930      
328.50000 75.00000  8.66025      59.65018      3.14156      
329.50000 74.00000  8.60233      59.65018      2.78267      
330.50000 57.00000  7.54983      59.65018      0.12322      
331.50000 62.00000  7.87401      59.65018      0.08906      
332.50000 62.00000  7.87401      59.65018      0.08906      
333.50000 71.00000  8.42615      59.65018      1.81434      
334.50000 70.00000  8.36660      59.65018      1.53027      
335.50000 69.00000  8.30662      59.65018      1.26694      
336.50000 73.00000  8.54400      59.65018      2.44134      
337.50000 55.00000  7.41620      59.65018      0.39317      
338.50000 52.00000  7.21110      59.65018      1.12549      
339.50000 69.00000  8.30662      59.65018      1.26694      
390.50000 46.00000  6.78233      59.65018      4.05060      
391.50000 38.00000  6.16441      59.65018      12.33501     
392.50000 37.00000  6.08276      59.65018      13.86569     
393.50000 44.00000  6.63325      59.65018      5.56655      
394.50000 38.00000  6.16441      59.65018      12.33501     
395.50000 49.00000  7.00000      59.65018      2.31482      
396.50000 41.00000  6.40312      59.65018      8.48364      
397.50000 33.00000  5.74456      59.65018      21.52218     
398.50000 43.00000  6.55744      59.65018      6.44717      
399.50000 51.00000  7.14143      59.65018      1.46717      

Gradi di liberta = 38
Chi-quadro = 170.9928244070615
p-value = 0.7366755772720647

Media pesata = 59.650179389823464 +/- 1.2211693104338917

****************************************************************************************************
SERIE 1
****************************************************************************************************

Verifica ipotesi linearità_________________________________
Covarianza = -430.56410
Indice Pearson = -0.88153 +/- 0.07659
Gradi di Liberta' = 38
	t = 11.510116312082436
	p-value (due code) = 5.954528196381784e-14

Parametri___________________________________________________
y = a + bx
a = 208.05464 +/- 12.65306
b = -0.42316 +/- 0.03591

Test Chi Quadro_____________________________________________
x         y         sy           y*            Chi-quadro   
310.50000 86.00000  9.27362      76.66279      1.01376      
311.50000 82.00000  9.05539      76.23962      0.40466      
312.50000 73.00000  8.54400      75.81646      0.10866      
313.50000 82.00000  9.05539      75.39330      0.53230      
314.50000 70.00000  8.36660      74.97014      0.35289      
315.50000 73.00000  8.54400      74.54698      0.03278      
316.50000 97.00000  9.84886      74.12381      5.39505      
317.50000 75.00000  8.66025      73.70065      0.02251      
318.50000 73.00000  8.54400      73.27749      0.00105      
319.50000 73.00000  8.54400      72.85433      0.00029      
320.50000 68.00000  8.24621      72.43116      0.28875      
321.50000 81.00000  9.00000      72.00800      0.99822      
322.50000 75.00000  8.66025      71.58484      0.15551      
323.50000 63.00000  7.93725      71.16168      1.05735      
324.50000 60.00000  7.74597      70.73852      1.92193      
325.50000 75.00000  8.66025      70.31535      0.29261      
326.50000 65.00000  8.06226      69.89219      0.36821      
327.50000 77.00000  8.77496      69.46903      0.73657      
328.50000 75.00000  8.66025      69.04587      0.47269      
329.50000 74.00000  8.60233      68.62270      0.39075      
330.50000 57.00000  7.54983      68.19954      2.20052      
331.50000 62.00000  7.87401      67.77638      0.53817      
332.50000 62.00000  7.87401      67.35322      0.46221      
333.50000 71.00000  8.42615      66.93006      0.23330      
334.50000 70.00000  8.36660      66.50689      0.17431      
335.50000 69.00000  8.30662      66.08373      0.12326      
336.50000 73.00000  8.54400      65.66057      0.73791      
337.50000 55.00000  7.41620      65.23741      1.90554      
338.50000 52.00000  7.21110      64.81425      3.15779      
339.50000 69.00000  8.30662      64.39108      0.30786      
390.50000 46.00000  6.78233      42.80981      0.22125      
391.50000 38.00000  6.16441      42.38665      0.50639      
392.50000 37.00000  6.08276      41.96349      0.66584      
393.50000 44.00000  6.63325      41.54033      0.13750      
394.50000 38.00000  6.16441      41.11716      0.25570      
395.50000 49.00000  7.00000      40.69400      1.40795      
396.50000 41.00000  6.40312      40.27084      0.01297      
397.50000 33.00000  5.74456      39.84768      1.42093      
398.50000 43.00000  6.55744      39.42452      0.29730      
399.50000 51.00000  7.14143      39.00135      2.82289      

Gradi di liberta = 38
Chi-quadro = 32.136130080577615
p-value = 0.7366755772720647

Verifica ipotesi funzione costante_________________________
Gradi di Liberta' = 38
t = 11.783746783857602
p-value = 2.9503534554584705e-14

x         y         sy           y_media_p     Chi-quadro   
310.50000 86.00000  9.27362      59.65018      8.07341      
311.50000 82.00000  9.05539      59.65018      6.09164      
312.50000 73.00000  8.54400      59.65018      2.44134      
313.50000 82.00000  9.05539      59.65018      6.09164      
314.50000 70.00000  8.36660      59.65018      1.53027      
315.50000 73.00000  8.54400      59.65018      2.44134      
316.50000 97.00000  9.84886      59.65018      14.38154     
317.50000 75.00000  8.66025      59.65018      3.14156      
318.50000 73.00000  8.54400      59.65018      2.44134      
319.50000 73.00000  8.54400      59.65018      2.44134      
320.50000 68.00000  8.24621      59.65018      1.02529      
321.50000 81.00000  9.00000      59.65018      5.62734      
322.50000 75.00000  8.66025      59.65018      3.14156      
323.50000 63.00000  7.93725      59.65018      0.17812      
324.50000 60.00000  7.74597      59.65018      0.00204      
325.50000 75.00000  8.66025      59.65018      3.14156      
326.50000 65.00000  8.06226      59.65018      0.44032      
327.50000 77.00000  8.77496      59.65018      3.90930      
328.50000 75.00000  8.66025      59.65018      3.14156      
329.50000 74.00000  8.60233      59.65018      2.78267      
330.50000 57.00000  7.54983      59.65018      0.12322      
331.50000 62.00000  7.87401      59.65018      0.08906      
332.50000 62.00000  7.87401      59.65018      0.08906      
333.50000 71.00000  8.42615      59.65018      1.81434      
334.50000 70.00000  8.36660      59.65018      1.53027      
335.50000 69.00000  8.30662      59.65018      1.26694      
336.50000 73.00000  8.54400      59.65018      2.44134      
337.50000 55.00000  7.41620      59.65018      0.39317      
338.50000 52.00000  7.21110      59.65018      1.12549      
339.50000 69.00000  8.30662      59.65018      1.26694      
390.50000 46.00000  6.78233      59.65018      4.05060      
391.50000 38.00000  6.16441      59.65018      12.33501     
392.50000 37.00000  6.08276      59.65018      13.86569     
393.50000 44.00000  6.63325      59.65018      5.56655      
394.50000 38.00000  6.16441      59.65018      12.33501     
395.50000 49.00000  7.00000      59.65018      2.31482      
396.50000 41.00000  6.40312      59.65018      8.48364      
397.50000 33.00000  5.74456      59.65018      21.52218     
398.50000 43.00000  6.55744      59.65018      6.44717      
399.50000 51.00000  7.14143      59.65018      1.46717      

Gradi di liberta = 38
Chi-quadro = 170.9928244070615
p-value = 0.7366755772720647

Media pesata = 59.650179389823464 +/- 1.2211693104338917

****************************************************************************************************
SERIE 1
****************************************************************************************************

Verifica ipotesi linearità_________________________________
Covarianza = -430.56410
Indice Pearson = -0.88153 +/- 0.07659
Gradi di Liberta' = 38
	t = 11.510116312082436
	p-value (due code) = 5.954528196381784e-14

Parametri___________________________________________________
y = a + bx
a = 208.05464 +/- 12.65306
b = -0.42316 +/- 0.03591

Test Chi Quadro_____________________________________________
x         y         sy           y*            Chi-quadro   
310.50000 86.00000  9.27362      76.66279      1.01376      
311.50000 82.00000  9.05539      76.23962      0.40466      
312.50000 73.00000  8.54400      75.81646      0.10866      
313.50000 82.00000  9.05539      75.39330      0.53230      
314.50000 70.00000  8.36660      74.97014      0.35289      
315.50000 73.00000  8.54400      74.54698      0.03278      
316.50000 97.00000  9.84886      74.12381      5.39505      
317.50000 75.00000  8.66025      73.70065      0.02251      
318.50000 73.00000  8.54400      73.27749      0.00105      
319.50000 73.00000  8.54400      72.85433      0.00029      
320.50000 68.00000  8.24621      72.43116      0.28875      
321.50000 81.00000  9.00000      72.00800      0.99822      
322.50000 75.00000  8.66025      71.58484      0.15551      
323.50000 63.00000  7.93725      71.16168      1.05735      
324.50000 60.00000  7.74597      70.73852      1.92193      
325.50000 75.00000  8.66025      70.31535      0.29261      
326.50000 65.00000  8.06226      69.89219      0.36821      
327.50000 77.00000  8.77496      69.46903      0.73657      
328.50000 75.00000  8.66025      69.04587      0.47269      
329.50000 74.00000  8.60233      68.62270      0.39075      
330.50000 57.00000  7.54983      68.19954      2.20052      
331.50000 62.00000  7.87401      67.77638      0.53817      
332.50000 62.00000  7.87401      67.35322      0.46221      
333.50000 71.00000  8.42615      66.93006      0.23330      
334.50000 70.00000  8.36660      66.50689      0.17431      
335.50000 69.00000  8.30662      66.08373      0.12326      
336.50000 73.00000  8.54400      65.66057      0.73791      
337.50000 55.00000  7.41620      65.23741      1.90554      
338.50000 52.00000  7.21110      64.81425      3.15779      
339.50000 69.00000  8.30662      64.39108      0.30786      
390.50000 46.00000  6.78233      42.80981      0.22125      
391.50000 38.00000  6.16441      42.38665      0.50639      
392.50000 37.00000  6.08276      41.96349      0.66584      
393.50000 44.00000  6.63325      41.54033      0.13750      
394.50000 38.00000  6.16441      41.11716      0.25570      
395.50000 49.00000  7.00000      40.69400      1.40795      
396.50000 41.00000  6.40312      40.27084      0.01297      
397.50000 33.00000  5.74456      39.84768      1.42093      
398.50000 43.00000  6.55744      39.42452      0.29730      
399.50000 51.00000  7.14143      39.00135      2.82289      

Gradi di liberta = 38
Chi-quadro = 32.136130080577615
p-value = 0.7366755772720647

Verifica ipotesi funzione costante_________________________
Gradi di Liberta' = 38
t = 11.783746783857602
p-value = 2.9503534554584705e-14

x         y         sy           y_media_p     Chi-quadro   
310.50000 86.00000  9.27362      59.65018      8.07341      
311.50000 82.00000  9.05539      59.65018      6.09164      
312.50000 73.00000  8.54400      59.65018      2.44134      
313.50000 82.00000  9.05539      59.65018      6.09164      
314.50000 70.00000  8.36660      59.65018      1.53027      
315.50000 73.00000  8.54400      59.65018      2.44134      
316.50000 97.00000  9.84886      59.65018      14.38154     
317.50000 75.00000  8.66025      59.65018      3.14156      
318.50000 73.00000  8.54400      59.65018      2.44134      
319.50000 73.00000  8.54400      59.65018      2.44134      
320.50000 68.00000  8.24621      59.65018      1.02529      
321.50000 81.00000  9.00000      59.65018      5.62734      
322.50000 75.00000  8.66025      59.65018      3.14156      
323.50000 63.00000  7.93725      59.65018      0.17812      
324.50000 60.00000  7.74597      59.65018      0.00204      
325.50000 75.00000  8.66025      59.65018      3.14156      
326.50000 65.00000  8.06226      59.65018      0.44032      
327.50000 77.00000  8.77496      59.65018      3.90930      
328.50000 75.00000  8.66025      59.65018      3.14156      
329.50000 74.00000  8.60233      59.65018      2.78267      
330.50000 57.00000  7.54983      59.65018      0.12322      
331.50000 62.00000  7.87401      59.65018      0.08906      
332.50000 62.00000  7.87401      59.65018      0.08906      
333.50000 71.00000  8.42615      59.65018      1.81434      
334.50000 70.00000  8.36660      59.65018      1.53027      
335.50000 69.00000  8.30662      59.65018      1.26694      
336.50000 73.00000  8.54400      59.65018      2.44134      
337.50000 55.00000  7.41620      59.65018      0.39317      
338.50000 52.00000  7.21110      59.65018      1.12549      
339.50000 69.00000  8.30662      59.65018      1.26694      
390.50000 46.00000  6.78233      59.65018      4.05060      
391.50000 38.00000  6.16441      59.65018      12.33501     
392.50000 37.00000  6.08276      59.65018      13.86569     
393.50000 44.00000  6.63325      59.65018      5.56655      
394.50000 38.00000  6.16441      59.65018      12.33501     
395.50000 49.00000  7.00000      59.65018      2.31482      
396.50000 41.00000  6.40312      59.65018      8.48364      
397.50000 33.00000  5.74456      59.65018      21.52218     
398.50000 43.00000  6.55744      59.65018      6.44717      
399.50000 51.00000  7.14143      59.65018      1.46717      

Gradi di liberta = 38
Chi-quadro = 170.9928244070615
p-value = 0.7366755772720647

Media pesata = 59.650179389823464 +/- 1.2211693104338917

****************************************************************************************************
SERIE 1
****************************************************************************************************

Verifica ipotesi linearità_________________________________
Covarianza = -430.56410
Indice Pearson = -0.88153 +/- 0.07659
Gradi di Liberta' = 38
	t = 11.510116312082436
	p-value (due code) = 5.954528196381784e-14

Parametri___________________________________________________
y = a + bx
a = 208.05464 +/- 12.65306
b = -0.42316 +/- 0.03591

Test Chi Quadro_____________________________________________
x         y         sy           y*            Chi-quadro   
310.50000 86.00000  9.27362      76.66279      1.01376      
311.50000 82.00000  9.05539      76.23962      0.40466      
312.50000 73.00000  8.54400      75.81646      0.10866      
313.50000 82.00000  9.05539      75.39330      0.53230      
314.50000 70.00000  8.36660      74.97014      0.35289      
315.50000 73.00000  8.54400      74.54698      0.03278      
316.50000 97.00000  9.84886      74.12381      5.39505      
317.50000 75.00000  8.66025      73.70065      0.02251      
318.50000 73.00000  8.54400      73.27749      0.00105      
319.50000 73.00000  8.54400      72.85433      0.00029      
320.50000 68.00000  8.24621      72.43116      0.28875      
321.50000 81.00000  9.00000      72.00800      0.99822      
322.50000 75.00000  8.66025      71.58484      0.15551      
323.50000 63.00000  7.93725      71.16168      1.05735      
324.50000 60.00000  7.74597      70.73852      1.92193      
325.50000 75.00000  8.66025      70.31535      0.29261      
326.50000 65.00000  8.06226      69.89219      0.36821      
327.50000 77.00000  8.77496      69.46903      0.73657      
328.50000 75.00000  8.66025      69.04587      0.47269      
329.50000 74.00000  8.60233      68.62270      0.39075      
330.50000 57.00000  7.54983      68.19954      2.20052      
331.50000 62.00000  7.87401      67.77638      0.53817      
332.50000 62.00000  7.87401      67.35322      0.46221      
333.50000 71.00000  8.42615      66.93006      0.23330      
334.50000 70.00000  8.36660      66.50689      0.17431      
335.50000 69.00000  8.30662      66.08373      0.12326      
336.50000 73.00000  8.54400      65.66057      0.73791      
337.50000 55.00000  7.41620      65.23741      1.90554      
338.50000 52.00000  7.21110      64.81425      3.15779      
339.50000 69.00000  8.30662      64.39108      0.30786      
390.50000 46.00000  6.78233      42.80981      0.22125      
391.50000 38.00000  6.16441      42.38665      0.50639      
392.50000 37.00000  6.08276      41.96349      0.66584      
393.50000 44.00000  6.63325      41.54033      0.13750      
394.50000 38.00000  6.16441      41.11716      0.25570      
395.50000 49.00000  7.00000      40.69400      1.40795      
396.50000 41.00000  6.40312      40.27084      0.01297      
397.50000 33.00000  5.74456      39.84768      1.42093      
398.50000 43.00000  6.55744      39.42452      0.29730      
399.50000 51.00000  7.14143      39.00135      2.82289      

Gradi di liberta = 38
Chi-quadro = 32.136130080577615
p-value = 0.7366755772720647

Verifica ipotesi funzione costante_________________________
Gradi di Liberta' = 38
t = 11.783746783857602
p-value = 2.9503534554584705e-14

x         y         sy           y_media_p     Chi-quadro   
310.50000 86.00000  9.27362      59.65018      8.07341      
311.50000 82.00000  9.05539      59.65018      6.09164      
312.50000 73.00000  8.54400      59.65018      2.44134      
313.50000 82.00000  9.05539      59.65018      6.09164      
314.50000 70.00000  8.36660      59.65018      1.53027      
315.50000 73.00000  8.54400      59.65018      2.44134      
316.50000 97.00000  9.84886      59.65018      14.38154     
317.50000 75.00000  8.66025      59.65018      3.14156      
318.50000 73.00000  8.54400      59.65018      2.44134      
319.50000 73.00000  8.54400      59.65018      2.44134      
320.50000 68.00000  8.24621      59.65018      1.02529      
321.50000 81.00000  9.00000      59.65018      5.62734      
322.50000 75.00000  8.66025      59.65018      3.14156      
323.50000 63.00000  7.93725      59.65018      0.17812      
324.50000 60.00000  7.74597      59.65018      0.00204      
325.50000 75.00000  8.66025      59.65018      3.14156      
326.50000 65.00000  8.06226      59.65018      0.44032      
327.50000 77.00000  8.77496      59.65018      3.90930      
328.50000 75.00000  8.66025      59.65018      3.14156      
329.50000 74.00000  8.60233      59.65018      2.78267      
330.50000 57.00000  7.54983      59.65018      0.12322      
331.50000 62.00000  7.87401      59.65018      0.08906      
332.50000 62.00000  7.87401      59.65018      0.08906      
333.50000 71.00000  8.42615      59.65018      1.81434      
334.50000 70.00000  8.36660      59.65018      1.53027      
335.50000 69.00000  8.30662      59.65018      1.26694      
336.50000 73.00000  8.54400      59.65018      2.44134      
337.50000 55.00000  7.41620      59.65018      0.39317      
338.50000 52.00000  7.21110      59.65018      1.12549      
339.50000 69.00000  8.30662      59.65018      1.26694      
390.50000 46.00000  6.78233      59.65018      4.05060      
391.50000 38.00000  6.16441      59.65018      12.33501     
392.50000 37.00000  6.08276      59.65018      13.86569     
393.50000 44.00000  6.63325      59.65018      5.56655      
394.50000 38.00000  6.16441      59.65018      12.33501     
395.50000 49.00000  7.00000      59.65018      2.31482      
396.50000 41.00000  6.40312      59.65018      8.48364      
397.50000 33.00000  5.74456      59.65018      21.52218     
398.50000 43.00000  6.55744      59.65018      6.44717      
399.50000 51.00000  7.14143      59.65018      1.46717      

Gradi di liberta = 38
Chi-quadro = 170.9928244070615
p-value = 0.7366755772720647

Media pesata = 59.650179389823464 +/- 1.2211693104338917

****************************************************************************************************
SERIE 1
****************************************************************************************************

Verifica ipotesi linearità_________________________________
Covarianza = -430.56410
Indice Pearson = -0.88153 +/- 0.07659
Gradi di Liberta' = 38
	t = 11.510116312082436
	p-value (due code) = 5.954528196381784e-14

Parametri___________________________________________________
y = a + bx
a = 208.05464 +/- 12.65306
b = -0.42316 +/- 0.03591

Test Chi Quadro_____________________________________________
x         y         sy           y*            Chi-quadro   
310.50000 86.00000  9.27362      76.66279      1.01376      
311.50000 82.00000  9.05539      76.23962      0.40466      
312.50000 73.00000  8.54400      75.81646      0.10866      
313.50000 82.00000  9.05539      75.39330      0.53230      
314.50000 70.00000  8.36660      74.97014      0.35289      
315.50000 73.00000  8.54400      74.54698      0.03278      
316.50000 97.00000  9.84886      74.12381      5.39505      
317.50000 75.00000  8.66025      73.70065      0.02251      
318.50000 73.00000  8.54400      73.27749      0.00105      
319.50000 73.00000  8.54400      72.85433      0.00029      
320.50000 68.00000  8.24621      72.43116      0.28875      
321.50000 81.00000  9.00000      72.00800      0.99822      
322.50000 75.00000  8.66025      71.58484      0.15551      
323.50000 63.00000  7.93725      71.16168      1.05735      
324.50000 60.00000  7.74597      70.73852      1.92193      
325.50000 75.00000  8.66025      70.31535      0.29261      
326.50000 65.00000  8.06226      69.89219      0.36821      
327.50000 77.00000  8.77496      69.46903      0.73657      
328.50000 75.00000  8.66025      69.04587      0.47269      
329.50000 74.00000  8.60233      68.62270      0.39075      
330.50000 57.00000  7.54983      68.19954      2.20052      
331.50000 62.00000  7.87401      67.77638      0.53817      
332.50000 62.00000  7.87401      67.35322      0.46221      
333.50000 71.00000  8.42615      66.93006      0.23330      
334.50000 70.00000  8.36660      66.50689      0.17431      
335.50000 69.00000  8.30662      66.08373      0.12326      
336.50000 73.00000  8.54400      65.66057      0.73791      
337.50000 55.00000  7.41620      65.23741      1.90554      
338.50000 52.00000  7.21110      64.81425      3.15779      
339.50000 69.00000  8.30662      64.39108      0.30786      
390.50000 46.00000  6.78233      42.80981      0.22125      
391.50000 38.00000  6.16441      42.38665      0.50639      
392.50000 37.00000  6.08276      41.96349      0.66584      
393.50000 44.00000  6.63325      41.54033      0.13750      
394.50000 38.00000  6.16441      41.11716      0.25570      
395.50000 49.00000  7.00000      40.69400      1.40795      
396.50000 41.00000  6.40312      40.27084      0.01297      
397.50000 33.00000  5.74456      39.84768      1.42093      
398.50000 43.00000  6.55744      39.42452      0.29730      
399.50000 51.00000  7.14143      39.00135      2.82289      

Gradi di liberta = 38
Chi-quadro = 32.136130080577615
p-value = 0.7366755772720647

Verifica ipotesi funzione costante_________________________
Gradi di Liberta' = 38
t = 11.783746783857602
p-value = 2.9503534554584705e-14

x         y         sy           y_media_p     Chi-quadro   
310.50000 86.00000  9.27362      59.65018      8.07341      
311.50000 82.00000  9.05539      59.65018      6.09164      
312.50000 73.00000  8.54400      59.65018      2.44134      
313.50000 82.00000  9.05539      59.65018      6.09164      
314.50000 70.00000  8.36660      59.65018      1.53027      
315.50000 73.00000  8.54400      59.65018      2.44134      
316.50000 97.00000  9.84886      59.65018      14.38154     
317.50000 75.00000  8.66025      59.65018      3.14156      
318.50000 73.00000  8.54400      59.65018      2.44134      
319.50000 73.00000  8.54400      59.65018      2.44134      
320.50000 68.00000  8.24621      59.65018      1.02529      
321.50000 81.00000  9.00000      59.65018      5.62734      
322.50000 75.00000  8.66025      59.65018      3.14156      
323.50000 63.00000  7.93725      59.65018      0.17812      
324.50000 60.00000  7.74597      59.65018      0.00204      
325.50000 75.00000  8.66025      59.65018      3.14156      
326.50000 65.00000  8.06226      59.65018      0.44032      
327.50000 77.00000  8.77496      59.65018      3.90930      
328.50000 75.00000  8.66025      59.65018      3.14156      
329.50000 74.00000  8.60233      59.65018      2.78267      
330.50000 57.00000  7.54983      59.65018      0.12322      
331.50000 62.00000  7.87401      59.65018      0.08906      
332.50000 62.00000  7.87401      59.65018      0.08906      
333.50000 71.00000  8.42615      59.65018      1.81434      
334.50000 70.00000  8.36660      59.65018      1.53027      
335.50000 69.00000  8.30662      59.65018      1.26694      
336.50000 73.00000  8.54400      59.65018      2.44134      
337.50000 55.00000  7.41620      59.65018      0.39317      
338.50000 52.00000  7.21110      59.65018      1.12549      
339.50000 69.00000  8.30662      59.65018      1.26694      
390.50000 46.00000  6.78233      59.65018      4.05060      
391.50000 38.00000  6.16441      59.65018      12.33501     
392.50000 37.00000  6.08276      59.65018      13.86569     
393.50000 44.00000  6.63325      59.65018      5.56655      
394.50000 38.00000  6.16441      59.65018      12.33501     
395.50000 49.00000  7.00000      59.65018      2.31482      
396.50000 41.00000  6.40312      59.65018      8.48364      
397.50000 33.00000  5.74456      59.65018      21.52218     
398.50000 43.00000  6.55744      59.65018      6.44717      
399.50000 51.00000  7.14143      59.65018      1.46717      

Gradi di liberta = 38
Chi-quadro = 170.9928244070615
p-value = 0.7366755772720647

Media pesata = 59.650179389823464 +/- 1.2211693104338917

****************************************************************************************************
SERIE 1
****************************************************************************************************

Verifica ipotesi linearità_________________________________
Covarianza = -430.56410
Indice Pearson = -0.88153 +/- 0.07659
Gradi di Liberta' = 38
	t = 11.510116312082436
	p-value (due code) = 5.954528196381784e-14

Parametri___________________________________________________
y = a + bx
a = 208.05464 +/- 12.65306
b = -0.42316 +/- 0.03591

Test Chi Quadro_____________________________________________
x         y         sy           y*            Chi-quadro   
310.50000 86.00000  9.27362      76.66279      1.01376      
311.50000 82.00000  9.05539      76.23962      0.40466      
312.50000 73.00000  8.54400      75.81646      0.10866      
313.50000 82.00000  9.05539      75.39330      0.53230      
314.50000 70.00000  8.36660      74.97014      0.35289      
315.50000 73.00000  8.54400      74.54698      0.03278      
316.50000 97.00000  9.84886      74.12381      5.39505      
317.50000 75.00000  8.66025      73.70065      0.02251      
318.50000 73.00000  8.54400      73.27749      0.00105      
319.50000 73.00000  8.54400      72.85433      0.00029      
320.50000 68.00000  8.24621      72.43116      0.28875      
321.50000 81.00000  9.00000      72.00800      0.99822      
322.50000 75.00000  8.66025      71.58484      0.15551      
323.50000 63.00000  7.93725      71.16168      1.05735      
324.50000 60.00000  7.74597      70.73852      1.92193      
325.50000 75.00000  8.66025      70.31535      0.29261      
326.50000 65.00000  8.06226      69.89219      0.36821      
327.50000 77.00000  8.77496      69.46903      0.73657      
328.50000 75.00000  8.66025      69.04587      0.47269      
329.50000 74.00000  8.60233      68.62270      0.39075      
330.50000 57.00000  7.54983      68.19954      2.20052      
331.50000 62.00000  7.87401      67.77638      0.53817      
332.50000 62.00000  7.87401      67.35322      0.46221      
333.50000 71.00000  8.42615      66.93006      0.23330      
334.50000 70.00000  8.36660      66.50689      0.17431      
335.50000 69.00000  8.30662      66.08373      0.12326      
336.50000 73.00000  8.54400      65.66057      0.73791      
337.50000 55.00000  7.41620      65.23741      1.90554      
338.50000 52.00000  7.21110      64.81425      3.15779      
339.50000 69.00000  8.30662      64.39108      0.30786      
390.50000 46.00000  6.78233      42.80981      0.22125      
391.50000 38.00000  6.16441      42.38665      0.50639      
392.50000 37.00000  6.08276      41.96349      0.66584      
393.50000 44.00000  6.63325      41.54033      0.13750      
394.50000 38.00000  6.16441      41.11716      0.25570      
395.50000 49.00000  7.00000      40.69400      1.40795      
396.50000 41.00000  6.40312      40.27084      0.01297      
397.50000 33.00000  5.74456      39.84768      1.42093      
398.50000 43.00000  6.55744      39.42452      0.29730      
399.50000 51.00000  7.14143      39.00135      2.82289      

Gradi di liberta = 38
Chi-quadro = 32.136130080577615
p-value = 0.7366755772720647

Verifica ipotesi funzione costante_________________________
Gradi di Liberta' = 38
t = 11.783746783857602
p-value = 2.9503534554584705e-14

x         y         sy           y_media_p     Chi-quadro   
310.50000 86.00000  9.27362      59.65018      8.07341      
311.50000 82.00000  9.05539      59.65018      6.09164      
312.50000 73.00000  8.54400      59.65018      2.44134      
313.50000 82.00000  9.05539      59.65018      6.09164      
314.50000 70.00000  8.36660      59.65018      1.53027      
315.50000 73.00000  8.54400      59.65018      2.44134      
316.50000 97.00000  9.84886      59.65018      14.38154     
317.50000 75.00000  8.66025      59.65018      3.14156      
318.50000 73.00000  8.54400      59.65018      2.44134      
319.50000 73.00000  8.54400      59.65018      2.44134      
320.50000 68.00000  8.24621      59.65018      1.02529      
321.50000 81.00000  9.00000      59.65018      5.62734      
322.50000 75.00000  8.66025      59.65018      3.14156      
323.50000 63.00000  7.93725      59.65018      0.17812      
324.50000 60.00000  7.74597      59.65018      0.00204      
325.50000 75.00000  8.66025      59.65018      3.14156      
326.50000 65.00000  8.06226      59.65018      0.44032      
327.50000 77.00000  8.77496      59.65018      3.90930      
328.50000 75.00000  8.66025      59.65018      3.14156      
329.50000 74.00000  8.60233      59.65018      2.78267      
330.50000 57.00000  7.54983      59.65018      0.12322      
331.50000 62.00000  7.87401      59.65018      0.08906      
332.50000 62.00000  7.87401      59.65018      0.08906      
333.50000 71.00000  8.42615      59.65018      1.81434      
334.50000 70.00000  8.36660      59.65018      1.53027      
335.50000 69.00000  8.30662      59.65018      1.26694      
336.50000 73.00000  8.54400      59.65018      2.44134      
337.50000 55.00000  7.41620      59.65018      0.39317      
338.50000 52.00000  7.21110      59.65018      1.12549      
339.50000 69.00000  8.30662      59.65018      1.26694      
390.50000 46.00000  6.78233      59.65018      4.05060      
391.50000 38.00000  6.16441      59.65018      12.33501     
392.50000 37.00000  6.08276      59.65018      13.86569     
393.50000 44.00000  6.63325      59.65018      5.56655      
394.50000 38.00000  6.16441      59.65018      12.33501     
395.50000 49.00000  7.00000      59.65018      2.31482      
396.50000 41.00000  6.40312      59.65018      8.48364      
397.50000 33.00000  5.74456      59.65018      21.52218     
398.50000 43.00000  6.55744      59.65018      6.44717      
399.50000 51.00000  7.14143      59.65018      1.46717      

Gradi di liberta = 38
Chi-quadro = 170.9928244070615
p-value = 0.7366755772720647

Media pesata = 59.650179389823464 +/- 1.2211693104338917

****************************************************************************************************
SERIE 1
****************************************************************************************************

Verifica ipotesi linearità_________________________________
Covarianza = -430.56410
Indice Pearson = -0.88153 +/- 0.07659
Gradi di Liberta' = 38
	t = 11.510116312082436
	p-value (due code) = 5.954528196381784e-14

Parametri___________________________________________________
y = a + bx
a = 208.05464 +/- 12.65306
b = -0.42316 +/- 0.03591

Test Chi Quadro_____________________________________________
x         y         sy           y*            Chi-quadro   
310.50000 86.00000  9.27362      76.66279      1.01376      
311.50000 82.00000  9.05539      76.23962      0.40466      
312.50000 73.00000  8.54400      75.81646      0.10866      
313.50000 82.00000  9.05539      75.39330      0.53230      
314.50000 70.00000  8.36660      74.97014      0.35289      
315.50000 73.00000  8.54400      74.54698      0.03278      
316.50000 97.00000  9.84886      74.12381      5.39505      
317.50000 75.00000  8.66025      73.70065      0.02251      
318.50000 73.00000  8.54400      73.27749      0.00105      
319.50000 73.00000  8.54400      72.85433      0.00029      
320.50000 68.00000  8.24621      72.43116      0.28875      
321.50000 81.00000  9.00000      72.00800      0.99822      
322.50000 75.00000  8.66025      71.58484      0.15551      
323.50000 63.00000  7.93725      71.16168      1.05735      
324.50000 60.00000  7.74597      70.73852      1.92193      
325.50000 75.00000  8.66025      70.31535      0.29261      
326.50000 65.00000  8.06226      69.89219      0.36821      
327.50000 77.00000  8.77496      69.46903      0.73657      
328.50000 75.00000  8.66025      69.04587      0.47269      
329.50000 74.00000  8.60233      68.62270      0.39075      
330.50000 57.00000  7.54983      68.19954      2.20052      
331.50000 62.00000  7.87401      67.77638      0.53817      
332.50000 62.00000  7.87401      67.35322      0.46221      
333.50000 71.00000  8.42615      66.93006      0.23330      
334.50000 70.00000  8.36660      66.50689      0.17431      
335.50000 69.00000  8.30662      66.08373      0.12326      
336.50000 73.00000  8.54400      65.66057      0.73791      
337.50000 55.00000  7.41620      65.23741      1.90554      
338.50000 52.00000  7.21110      64.81425      3.15779      
339.50000 69.00000  8.30662      64.39108      0.30786      
390.50000 46.00000  6.78233      42.80981      0.22125      
391.50000 38.00000  6.16441      42.38665      0.50639      
392.50000 37.00000  6.08276      41.96349      0.66584      
393.50000 44.00000  6.63325      41.54033      0.13750      
394.50000 38.00000  6.16441      41.11716      0.25570      
395.50000 49.00000  7.00000      40.69400      1.40795      
396.50000 41.00000  6.40312      40.27084      0.01297      
397.50000 33.00000  5.74456      39.84768      1.42093      
398.50000 43.00000  6.55744      39.42452      0.29730      
399.50000 51.00000  7.14143      39.00135      2.82289      

Gradi di liberta = 38
Chi-quadro = 32.136130080577615
p-value = 0.7366755772720647

Verifica ipotesi funzione costante_________________________
Gradi di Liberta' = 38
t = 11.783746783857602
p-value = 2.9503534554584705e-14

x         y         sy           y_media_p     Chi-quadro   
310.50000 86.00000  9.27362      59.65018      8.07341      
311.50000 82.00000  9.05539      59.65018      6.09164      
312.50000 73.00000  8.54400      59.65018      2.44134      
313.50000 82.00000  9.05539      59.65018      6.09164      
314.50000 70.00000  8.36660      59.65018      1.53027      
315.50000 73.00000  8.54400      59.65018      2.44134      
316.50000 97.00000  9.84886      59.65018      14.38154     
317.50000 75.00000  8.66025      59.65018      3.14156      
318.50000 73.00000  8.54400      59.65018      2.44134      
319.50000 73.00000  8.54400      59.65018      2.44134      
320.50000 68.00000  8.24621      59.65018      1.02529      
321.50000 81.00000  9.00000      59.65018      5.62734      
322.50000 75.00000  8.66025      59.65018      3.14156      
323.50000 63.00000  7.93725      59.65018      0.17812      
324.50000 60.00000  7.74597      59.65018      0.00204      
325.50000 75.00000  8.66025      59.65018      3.14156      
326.50000 65.00000  8.06226      59.65018      0.44032      
327.50000 77.00000  8.77496      59.65018      3.90930      
328.50000 75.00000  8.66025      59.65018      3.14156      
329.50000 74.00000  8.60233      59.65018      2.78267      
330.50000 57.00000  7.54983      59.65018      0.12322      
331.50000 62.00000  7.87401      59.65018      0.08906      
332.50000 62.00000  7.87401      59.65018      0.08906      
333.50000 71.00000  8.42615      59.65018      1.81434      
334.50000 70.00000  8.36660      59.65018      1.53027      
335.50000 69.00000  8.30662      59.65018      1.26694      
336.50000 73.00000  8.54400      59.65018      2.44134      
337.50000 55.00000  7.41620      59.65018      0.39317      
338.50000 52.00000  7.21110      59.65018      1.12549      
339.50000 69.00000  8.30662      59.65018      1.26694      
390.50000 46.00000  6.78233      59.65018      4.05060      
391.50000 38.00000  6.16441      59.65018      12.33501     
392.50000 37.00000  6.08276      59.65018      13.86569     
393.50000 44.00000  6.63325      59.65018      5.56655      
394.50000 38.00000  6.16441      59.65018      12.33501     
395.50000 49.00000  7.00000      59.65018      2.31482      
396.50000 41.00000  6.40312      59.65018      8.48364      
397.50000 33.00000  5.74456      59.65018      21.52218     
398.50000 43.00000  6.55744      59.65018      6.44717      
399.50000 51.00000  7.14143      59.65018      1.46717      

Gradi di liberta = 38
Chi-quadro = 170.9928244070615
p-value = 0.7366755772720647

Media pesata = 59.650179389823464 +/- 1.2211693104338917

****************************************************************************************************
SERIE 1
****************************************************************************************************

Verifica ipotesi linearità_________________________________
Covarianza = -430.56410
Indice Pearson = -0.88153 +/- 0.07659
Gradi di Liberta' = 38
	t = 11.510116312082436
	p-value (due code) = 5.954528196381784e-14

Parametri___________________________________________________
y = a + bx
a = 208.05464 +/- 12.65306
b = -0.42316 +/- 0.03591

Test Chi Quadro_____________________________________________
x         y         sy           y*            Chi-quadro   
310.50000 86.00000  9.27362      76.66279      1.01376      
311.50000 82.00000  9.05539      76.23962      0.40466      
312.50000 73.00000  8.54400      75.81646      0.10866      
313.50000 82.00000  9.05539      75.39330      0.53230      
314.50000 70.00000  8.36660      74.97014      0.35289      
315.50000 73.00000  8.54400      74.54698      0.03278      
316.50000 97.00000  9.84886      74.12381      5.39505      
317.50000 75.00000  8.66025      73.70065      0.02251      
318.50000 73.00000  8.54400      73.27749      0.00105      
319.50000 73.00000  8.54400      72.85433      0.00029      
320.50000 68.00000  8.24621      72.43116      0.28875      
321.50000 81.00000  9.00000      72.00800      0.99822      
322.50000 75.00000  8.66025      71.58484      0.15551      
323.50000 63.00000  7.93725      71.16168      1.05735      
324.50000 60.00000  7.74597      70.73852      1.92193      
325.50000 75.00000  8.66025      70.31535      0.29261      
326.50000 65.00000  8.06226      69.89219      0.36821      
327.50000 77.00000  8.77496      69.46903      0.73657      
328.50000 75.00000  8.66025      69.04587      0.47269      
329.50000 74.00000  8.60233      68.62270      0.39075      
330.50000 57.00000  7.54983      68.19954      2.20052      
331.50000 62.00000  7.87401      67.77638      0.53817      
332.50000 62.00000  7.87401      67.35322      0.46221      
333.50000 71.00000  8.42615      66.93006      0.23330      
334.50000 70.00000  8.36660      66.50689      0.17431      
335.50000 69.00000  8.30662      66.08373      0.12326      
336.50000 73.00000  8.54400      65.66057      0.73791      
337.50000 55.00000  7.41620      65.23741      1.90554      
338.50000 52.00000  7.21110      64.81425      3.15779      
339.50000 69.00000  8.30662      64.39108      0.30786      
390.50000 46.00000  6.78233      42.80981      0.22125      
391.50000 38.00000  6.16441      42.38665      0.50639      
392.50000 37.00000  6.08276      41.96349      0.66584      
393.50000 44.00000  6.63325      41.54033      0.13750      
394.50000 38.00000  6.16441      41.11716      0.25570      
395.50000 49.00000  7.00000      40.69400      1.40795      
396.50000 41.00000  6.40312      40.27084      0.01297      
397.50000 33.00000  5.74456      39.84768      1.42093      
398.50000 43.00000  6.55744      39.42452      0.29730      
399.50000 51.00000  7.14143      39.00135      2.82289      

Gradi di liberta = 38
Chi-quadro = 32.136130080577615
p-value = 0.7366755772720647

Verifica ipotesi funzione costante_________________________
Gradi di Liberta' = 38
t = 11.783746783857602
p-value = 2.9503534554584705e-14

x         y         sy           y_media_p     Chi-quadro   
310.50000 86.00000  9.27362      59.65018      8.07341      
311.50000 82.00000  9.05539      59.65018      6.09164      
312.50000 73.00000  8.54400      59.65018      2.44134      
313.50000 82.00000  9.05539      59.65018      6.09164      
314.50000 70.00000  8.36660      59.65018      1.53027      
315.50000 73.00000  8.54400      59.65018      2.44134      
316.50000 97.00000  9.84886      59.65018      14.38154     
317.50000 75.00000  8.66025      59.65018      3.14156      
318.50000 73.00000  8.54400      59.65018      2.44134      
319.50000 73.00000  8.54400      59.65018      2.44134      
320.50000 68.00000  8.24621      59.65018      1.02529      
321.50000 81.00000  9.00000      59.65018      5.62734      
322.50000 75.00000  8.66025      59.65018      3.14156      
323.50000 63.00000  7.93725      59.65018      0.17812      
324.50000 60.00000  7.74597      59.65018      0.00204      
325.50000 75.00000  8.66025      59.65018      3.14156      
326.50000 65.00000  8.06226      59.65018      0.44032      
327.50000 77.00000  8.77496      59.65018      3.90930      
328.50000 75.00000  8.66025      59.65018      3.14156      
329.50000 74.00000  8.60233      59.65018      2.78267      
330.50000 57.00000  7.54983      59.65018      0.12322      
331.50000 62.00000  7.87401      59.65018      0.08906      
332.50000 62.00000  7.87401      59.65018      0.08906      
333.50000 71.00000  8.42615      59.65018      1.81434      
334.50000 70.00000  8.36660      59.65018      1.53027      
335.50000 69.00000  8.30662      59.65018      1.26694      
336.50000 73.00000  8.54400      59.65018      2.44134      
337.50000 55.00000  7.41620      59.65018      0.39317      
338.50000 52.00000  7.21110      59.65018      1.12549      
339.50000 69.00000  8.30662      59.65018      1.26694      
390.50000 46.00000  6.78233      59.65018      4.05060      
391.50000 38.00000  6.16441      59.65018      12.33501     
392.50000 37.00000  6.08276      59.65018      13.86569     
393.50000 44.00000  6.63325      59.65018      5.56655      
394.50000 38.00000  6.16441      59.65018      12.33501     
395.50000 49.00000  7.00000      59.65018      2.31482      
396.50000 41.00000  6.40312      59.65018      8.48364      
397.50000 33.00000  5.74456      59.65018      21.52218     
398.50000 43.00000  6.55744      59.65018      6.44717      
399.50000 51.00000  7.14143      59.65018      1.46717      

Gradi di liberta = 38
Chi-quadro = 170.9928244070615
p-value = 0.7366755772720647

Media pesata = 59.650179389823464 +/- 1.2211693104338917

****************************************************************************************************
SERIE 1
****************************************************************************************************

Verifica ipotesi linearità_________________________________
Covarianza = -430.56410
Indice Pearson = -0.88153 +/- 0.07659
Gradi di Liberta' = 38
	t = 11.510116312082436
	p-value (due code) = 5.954528196381784e-14

Parametri___________________________________________________
y = a + bx
a = 208.05464 +/- 12.65306
b = -0.42316 +/- 0.03591

Test Chi Quadro_____________________________________________
x         y         sy           y*            Chi-quadro   
310.50000 86.00000  9.27362      76.66279      1.01376      
311.50000 82.00000  9.05539      76.23962      0.40466      
312.50000 73.00000  8.54400      75.81646      0.10866      
313.50000 82.00000  9.05539      75.39330      0.53230      
314.50000 70.00000  8.36660      74.97014      0.35289      
315.50000 73.00000  8.54400      74.54698      0.03278      
316.50000 97.00000  9.84886      74.12381      5.39505      
317.50000 75.00000  8.66025      73.70065      0.02251      
318.50000 73.00000  8.54400      73.27749      0.00105      
319.50000 73.00000  8.54400      72.85433      0.00029      
320.50000 68.00000  8.24621      72.43116      0.28875      
321.50000 81.00000  9.00000      72.00800      0.99822      
322.50000 75.00000  8.66025      71.58484      0.15551      
323.50000 63.00000  7.93725      71.16168      1.05735      
324.50000 60.00000  7.74597      70.73852      1.92193      
325.50000 75.00000  8.66025      70.31535      0.29261      
326.50000 65.00000  8.06226      69.89219      0.36821      
327.50000 77.00000  8.77496      69.46903      0.73657      
328.50000 75.00000  8.66025      69.04587      0.47269      
329.50000 74.00000  8.60233      68.62270      0.39075      
330.50000 57.00000  7.54983      68.19954      2.20052      
331.50000 62.00000  7.87401      67.77638      0.53817      
332.50000 62.00000  7.87401      67.35322      0.46221      
333.50000 71.00000  8.42615      66.93006      0.23330      
334.50000 70.00000  8.36660      66.50689      0.17431      
335.50000 69.00000  8.30662      66.08373      0.12326      
336.50000 73.00000  8.54400      65.66057      0.73791      
337.50000 55.00000  7.41620      65.23741      1.90554      
338.50000 52.00000  7.21110      64.81425      3.15779      
339.50000 69.00000  8.30662      64.39108      0.30786      
390.50000 46.00000  6.78233      42.80981      0.22125      
391.50000 38.00000  6.16441      42.38665      0.50639      
392.50000 37.00000  6.08276      41.96349      0.66584      
393.50000 44.00000  6.63325      41.54033      0.13750      
394.50000 38.00000  6.16441      41.11716      0.25570      
395.50000 49.00000  7.00000      40.69400      1.40795      
396.50000 41.00000  6.40312      40.27084      0.01297      
397.50000 33.00000  5.74456      39.84768      1.42093      
398.50000 43.00000  6.55744      39.42452      0.29730      
399.50000 51.00000  7.14143      39.00135      2.82289      

Gradi di liberta = 38
Chi-quadro = 32.136130080577615
p-value = 0.7366755772720647

Verifica ipotesi funzione costante_________________________
Gradi di Liberta' = 38
t = 11.783746783857602
p-value = 2.9503534554584705e-14

x         y         sy           y_media_p     Chi-quadro   
310.50000 86.00000  9.27362      59.65018      8.07341      
311.50000 82.00000  9.05539      59.65018      6.09164      
312.50000 73.00000  8.54400      59.65018      2.44134      
313.50000 82.00000  9.05539      59.65018      6.09164      
314.50000 70.00000  8.36660      59.65018      1.53027      
315.50000 73.00000  8.54400      59.65018      2.44134      
316.50000 97.00000  9.84886      59.65018      14.38154     
317.50000 75.00000  8.66025      59.65018      3.14156      
318.50000 73.00000  8.54400      59.65018      2.44134      
319.50000 73.00000  8.54400      59.65018      2.44134      
320.50000 68.00000  8.24621      59.65018      1.02529      
321.50000 81.00000  9.00000      59.65018      5.62734      
322.50000 75.00000  8.66025      59.65018      3.14156      
323.50000 63.00000  7.93725      59.65018      0.17812      
324.50000 60.00000  7.74597      59.65018      0.00204      
325.50000 75.00000  8.66025      59.65018      3.14156      
326.50000 65.00000  8.06226      59.65018      0.44032      
327.50000 77.00000  8.77496      59.65018      3.90930      
328.50000 75.00000  8.66025      59.65018      3.14156      
329.50000 74.00000  8.60233      59.65018      2.78267      
330.50000 57.00000  7.54983      59.65018      0.12322      
331.50000 62.00000  7.87401      59.65018      0.08906      
332.50000 62.00000  7.87401      59.65018      0.08906      
333.50000 71.00000  8.42615      59.65018      1.81434      
334.50000 70.00000  8.36660      59.65018      1.53027      
335.50000 69.00000  8.30662      59.65018      1.26694      
336.50000 73.00000  8.54400      59.65018      2.44134      
337.50000 55.00000  7.41620      59.65018      0.39317      
338.50000 52.00000  7.21110      59.65018      1.12549      
339.50000 69.00000  8.30662      59.65018      1.26694      
390.50000 46.00000  6.78233      59.65018      4.05060      
391.50000 38.00000  6.16441      59.65018      12.33501     
392.50000 37.00000  6.08276      59.65018      13.86569     
393.50000 44.00000  6.63325      59.65018      5.56655      
394.50000 38.00000  6.16441      59.65018      12.33501     
395.50000 49.00000  7.00000      59.65018      2.31482      
396.50000 41.00000  6.40312      59.65018      8.48364      
397.50000 33.00000  5.74456      59.65018      21.52218     
398.50000 43.00000  6.55744      59.65018      6.44717      
399.50000 51.00000  7.14143      59.65018      1.46717      

Gradi di liberta = 38
Chi-quadro = 170.9928244070615
p-value = 0.7366755772720647

Media pesata = 59.650179389823464 +/- 1.2211693104338917

****************************************************************************************************
SERIE 1
****************************************************************************************************

Verifica ipotesi linearità_________________________________
Covarianza = -430.56410
Indice Pearson = -0.88153 +/- 0.07659
Gradi di Liberta' = 38
	t = 11.510116312082436
	p-value (due code) = 5.954528196381784e-14

Parametri___________________________________________________
y = a + bx
a = 208.05464 +/- 12.65306
b = -0.42316 +/- 0.03591

Test Chi Quadro_____________________________________________
x         y         sy           y*            Chi-quadro   
310.50000 86.00000  9.27362      76.66279      1.01376      
311.50000 82.00000  9.05539      76.23962      0.40466      
312.50000 73.00000  8.54400      75.81646      0.10866      
313.50000 82.00000  9.05539      75.39330      0.53230      
314.50000 70.00000  8.36660      74.97014      0.35289      
315.50000 73.00000  8.54400      74.54698      0.03278      
316.50000 97.00000  9.84886      74.12381      5.39505      
317.50000 75.00000  8.66025      73.70065      0.02251      
318.50000 73.00000  8.54400      73.27749      0.00105      
319.50000 73.00000  8.54400      72.85433      0.00029      
320.50000 68.00000  8.24621      72.43116      0.28875      
321.50000 81.00000  9.00000      72.00800      0.99822      
322.50000 75.00000  8.66025      71.58484      0.15551      
323.50000 63.00000  7.93725      71.16168      1.05735      
324.50000 60.00000  7.74597      70.73852      1.92193      
325.50000 75.00000  8.66025      70.31535      0.29261      
326.50000 65.00000  8.06226      69.89219      0.36821      
327.50000 77.00000  8.77496      69.46903      0.73657      
328.50000 75.00000  8.66025      69.04587      0.47269      
329.50000 74.00000  8.60233      68.62270      0.39075      
330.50000 57.00000  7.54983      68.19954      2.20052      
331.50000 62.00000  7.87401      67.77638      0.53817      
332.50000 62.00000  7.87401      67.35322      0.46221      
333.50000 71.00000  8.42615      66.93006      0.23330      
334.50000 70.00000  8.36660      66.50689      0.17431      
335.50000 69.00000  8.30662      66.08373      0.12326      
336.50000 73.00000  8.54400      65.66057      0.73791      
337.50000 55.00000  7.41620      65.23741      1.90554      
338.50000 52.00000  7.21110      64.81425      3.15779      
339.50000 69.00000  8.30662      64.39108      0.30786      
390.50000 46.00000  6.78233      42.80981      0.22125      
391.50000 38.00000  6.16441      42.38665      0.50639      
392.50000 37.00000  6.08276      41.96349      0.66584      
393.50000 44.00000  6.63325      41.54033      0.13750      
394.50000 38.00000  6.16441      41.11716      0.25570      
395.50000 49.00000  7.00000      40.69400      1.40795      
396.50000 41.00000  6.40312      40.27084      0.01297      
397.50000 33.00000  5.74456      39.84768      1.42093      
398.50000 43.00000  6.55744      39.42452      0.29730      
399.50000 51.00000  7.14143      39.00135      2.82289      

Gradi di liberta = 38
Chi-quadro = 32.136130080577615
p-value = 0.7366755772720647

Verifica ipotesi funzione costante_________________________
Gradi di Liberta' = 38
t = 11.783746783857602
p-value = 2.9503534554584705e-14

x         y         sy           y_media_p     Chi-quadro   
310.50000 86.00000  9.27362      59.65018      8.07341      
311.50000 82.00000  9.05539      59.65018      6.09164      
312.50000 73.00000  8.54400      59.65018      2.44134      
313.50000 82.00000  9.05539      59.65018      6.09164      
314.50000 70.00000  8.36660      59.65018      1.53027      
315.50000 73.00000  8.54400      59.65018      2.44134      
316.50000 97.00000  9.84886      59.65018      14.38154     
317.50000 75.00000  8.66025      59.65018      3.14156      
318.50000 73.00000  8.54400      59.65018      2.44134      
319.50000 73.00000  8.54400      59.65018      2.44134      
320.50000 68.00000  8.24621      59.65018      1.02529      
321.50000 81.00000  9.00000      59.65018      5.62734      
322.50000 75.00000  8.66025      59.65018      3.14156      
323.50000 63.00000  7.93725      59.65018      0.17812      
324.50000 60.00000  7.74597      59.65018      0.00204      
325.50000 75.00000  8.66025      59.65018      3.14156      
326.50000 65.00000  8.06226      59.65018      0.44032      
327.50000 77.00000  8.77496      59.65018      3.90930      
328.50000 75.00000  8.66025      59.65018      3.14156      
329.50000 74.00000  8.60233      59.65018      2.78267      
330.50000 57.00000  7.54983      59.65018      0.12322      
331.50000 62.00000  7.87401      59.65018      0.08906      
332.50000 62.00000  7.87401      59.65018      0.08906      
333.50000 71.00000  8.42615      59.65018      1.81434      
334.50000 70.00000  8.36660      59.65018      1.53027      
335.50000 69.00000  8.30662      59.65018      1.26694      
336.50000 73.00000  8.54400      59.65018      2.44134      
337.50000 55.00000  7.41620      59.65018      0.39317      
338.50000 52.00000  7.21110      59.65018      1.12549      
339.50000 69.00000  8.30662      59.65018      1.26694      
390.50000 46.00000  6.78233      59.65018      4.05060      
391.50000 38.00000  6.16441      59.65018      12.33501     
392.50000 37.00000  6.08276      59.65018      13.86569     
393.50000 44.00000  6.63325      59.65018      5.56655      
394.50000 38.00000  6.16441      59.65018      12.33501     
395.50000 49.00000  7.00000      59.65018      2.31482      
396.50000 41.00000  6.40312      59.65018      8.48364      
397.50000 33.00000  5.74456      59.65018      21.52218     
398.50000 43.00000  6.55744      59.65018      6.44717      
399.50000 51.00000  7.14143      59.65018      1.46717      

Gradi di liberta = 38
Chi-quadro = 170.9928244070615
p-value = 0.7366755772720647

Media pesata = 59.650179389823464 +/- 1.2211693104338917

****************************************************************************************************
SERIE 1
****************************************************************************************************

Verifica ipotesi linearità_________________________________
Covarianza = -430.56410
Indice Pearson = -0.88153 +/- 0.07659
Gradi di Liberta' = 38
	t = 11.510116312082436
	p-value (due code) = 5.954528196381784e-14

Parametri___________________________________________________
y = a + bx
a = 208.05464 +/- 12.65306
b = -0.42316 +/- 0.03591

Test Chi Quadro_____________________________________________
x         y         sy           y*            Chi-quadro   
310.50000 86.00000  9.27362      76.66279      1.01376      
311.50000 82.00000  9.05539      76.23962      0.40466      
312.50000 73.00000  8.54400      75.81646      0.10866      
313.50000 82.00000  9.05539      75.39330      0.53230      
314.50000 70.00000  8.36660      74.97014      0.35289      
315.50000 73.00000  8.54400      74.54698      0.03278      
316.50000 97.00000  9.84886      74.12381      5.39505      
317.50000 75.00000  8.66025      73.70065      0.02251      
318.50000 73.00000  8.54400      73.27749      0.00105      
319.50000 73.00000  8.54400      72.85433      0.00029      
320.50000 68.00000  8.24621      72.43116      0.28875      
321.50000 81.00000  9.00000      72.00800      0.99822      
322.50000 75.00000  8.66025      71.58484      0.15551      
323.50000 63.00000  7.93725      71.16168      1.05735      
324.50000 60.00000  7.74597      70.73852      1.92193      
325.50000 75.00000  8.66025      70.31535      0.29261      
326.50000 65.00000  8.06226      69.89219      0.36821      
327.50000 77.00000  8.77496      69.46903      0.73657      
328.50000 75.00000  8.66025      69.04587      0.47269      
329.50000 74.00000  8.60233      68.62270      0.39075      
330.50000 57.00000  7.54983      68.19954      2.20052      
331.50000 62.00000  7.87401      67.77638      0.53817      
332.50000 62.00000  7.87401      67.35322      0.46221      
333.50000 71.00000  8.42615      66.93006      0.23330      
334.50000 70.00000  8.36660      66.50689      0.17431      
335.50000 69.00000  8.30662      66.08373      0.12326      
336.50000 73.00000  8.54400      65.66057      0.73791      
337.50000 55.00000  7.41620      65.23741      1.90554      
338.50000 52.00000  7.21110      64.81425      3.15779      
339.50000 69.00000  8.30662      64.39108      0.30786      
390.50000 46.00000  6.78233      42.80981      0.22125      
391.50000 38.00000  6.16441      42.38665      0.50639      
392.50000 37.00000  6.08276      41.96349      0.66584      
393.50000 44.00000  6.63325      41.54033      0.13750      
394.50000 38.00000  6.16441      41.11716      0.25570      
395.50000 49.00000  7.00000      40.69400      1.40795      
396.50000 41.00000  6.40312      40.27084      0.01297      
397.50000 33.00000  5.74456      39.84768      1.42093      
398.50000 43.00000  6.55744      39.42452      0.29730      
399.50000 51.00000  7.14143      39.00135      2.82289      

Gradi di liberta = 38
Chi-quadro = 32.136130080577615
p-value = 0.7366755772720647

Verifica ipotesi funzione costante_________________________
Gradi di Liberta' = 38
t = 11.783746783857602
p-value = 2.9503534554584705e-14

x         y         sy           y_media_p     Chi-quadro   
310.50000 86.00000  9.27362      59.65018      8.07341      
311.50000 82.00000  9.05539      59.65018      6.09164      
312.50000 73.00000  8.54400      59.65018      2.44134      
313.50000 82.00000  9.05539      59.65018      6.09164      
314.50000 70.00000  8.36660      59.65018      1.53027      
315.50000 73.00000  8.54400      59.65018      2.44134      
316.50000 97.00000  9.84886      59.65018      14.38154     
317.50000 75.00000  8.66025      59.65018      3.14156      
318.50000 73.00000  8.54400      59.65018      2.44134      
319.50000 73.00000  8.54400      59.65018      2.44134      
320.50000 68.00000  8.24621      59.65018      1.02529      
321.50000 81.00000  9.00000      59.65018      5.62734      
322.50000 75.00000  8.66025      59.65018      3.14156      
323.50000 63.00000  7.93725      59.65018      0.17812      
324.50000 60.00000  7.74597      59.65018      0.00204      
325.50000 75.00000  8.66025      59.65018      3.14156      
326.50000 65.00000  8.06226      59.65018      0.44032      
327.50000 77.00000  8.77496      59.65018      3.90930      
328.50000 75.00000  8.66025      59.65018      3.14156      
329.50000 74.00000  8.60233      59.65018      2.78267      
330.50000 57.00000  7.54983      59.65018      0.12322      
331.50000 62.00000  7.87401      59.65018      0.08906      
332.50000 62.00000  7.87401      59.65018      0.08906      
333.50000 71.00000  8.42615      59.65018      1.81434      
334.50000 70.00000  8.36660      59.65018      1.53027      
335.50000 69.00000  8.30662      59.65018      1.26694      
336.50000 73.00000  8.54400      59.65018      2.44134      
337.50000 55.00000  7.41620      59.65018      0.39317      
338.50000 52.00000  7.21110      59.65018      1.12549      
339.50000 69.00000  8.30662      59.65018      1.26694      
390.50000 46.00000  6.78233      59.65018      4.05060      
391.50000 38.00000  6.16441      59.65018      12.33501     
392.50000 37.00000  6.08276      59.65018      13.86569     
393.50000 44.00000  6.63325      59.65018      5.56655      
394.50000 38.00000  6.16441      59.65018      12.33501     
395.50000 49.00000  7.00000      59.65018      2.31482      
396.50000 41.00000  6.40312      59.65018      8.48364      
397.50000 33.00000  5.74456      59.65018      21.52218     
398.50000 43.00000  6.55744      59.65018      6.44717      
399.50000 51.00000  7.14143      59.65018      1.46717      

Gradi di liberta = 38
Chi-quadro = 170.9928244070615
p-value = 0.7366755772720647

Media pesata = 59.650179389823464 +/- 1.2211693104338917

****************************************************************************************************
SERIE 1
****************************************************************************************************

Verifica ipotesi linearità_________________________________
Covarianza = -430.56410
Indice Pearson = -0.88153 +/- 0.07659
Gradi di Liberta' = 38
	t = 11.510116312082436
	p-value (due code) = 5.954528196381784e-14

Parametri___________________________________________________
y = a + bx
a = 208.05464 +/- 12.65306
b = -0.42316 +/- 0.03591

Test Chi Quadro_____________________________________________
x         y         sy           y*            Chi-quadro   
310.50000 86.00000  9.27362      76.66279      1.01376      
311.50000 82.00000  9.05539      76.23962      0.40466      
312.50000 73.00000  8.54400      75.81646      0.10866      
313.50000 82.00000  9.05539      75.39330      0.53230      
314.50000 70.00000  8.36660      74.97014      0.35289      
315.50000 73.00000  8.54400      74.54698      0.03278      
316.50000 97.00000  9.84886      74.12381      5.39505      
317.50000 75.00000  8.66025      73.70065      0.02251      
318.50000 73.00000  8.54400      73.27749      0.00105      
319.50000 73.00000  8.54400      72.85433      0.00029      
320.50000 68.00000  8.24621      72.43116      0.28875      
321.50000 81.00000  9.00000      72.00800      0.99822      
322.50000 75.00000  8.66025      71.58484      0.15551      
323.50000 63.00000  7.93725      71.16168      1.05735      
324.50000 60.00000  7.74597      70.73852      1.92193      
325.50000 75.00000  8.66025      70.31535      0.29261      
326.50000 65.00000  8.06226      69.89219      0.36821      
327.50000 77.00000  8.77496      69.46903      0.73657      
328.50000 75.00000  8.66025      69.04587      0.47269      
329.50000 74.00000  8.60233      68.62270      0.39075      
330.50000 57.00000  7.54983      68.19954      2.20052      
331.50000 62.00000  7.87401      67.77638      0.53817      
332.50000 62.00000  7.87401      67.35322      0.46221      
333.50000 71.00000  8.42615      66.93006      0.23330      
334.50000 70.00000  8.36660      66.50689      0.17431      
335.50000 69.00000  8.30662      66.08373      0.12326      
336.50000 73.00000  8.54400      65.66057      0.73791      
337.50000 55.00000  7.41620      65.23741      1.90554      
338.50000 52.00000  7.21110      64.81425      3.15779      
339.50000 69.00000  8.30662      64.39108      0.30786      
390.50000 46.00000  6.78233      42.80981      0.22125      
391.50000 38.00000  6.16441      42.38665      0.50639      
392.50000 37.00000  6.08276      41.96349      0.66584      
393.50000 44.00000  6.63325      41.54033      0.13750      
394.50000 38.00000  6.16441      41.11716      0.25570      
395.50000 49.00000  7.00000      40.69400      1.40795      
396.50000 41.00000  6.40312      40.27084      0.01297      
397.50000 33.00000  5.74456      39.84768      1.42093      
398.50000 43.00000  6.55744      39.42452      0.29730      
399.50000 51.00000  7.14143      39.00135      2.82289      

Gradi di liberta = 38
Chi-quadro = 32.136130080577615
p-value = 0.7366755772720647

Verifica ipotesi funzione costante_________________________
Gradi di Liberta' = 38
t = 11.783746783857602
p-value = 2.9503534554584705e-14

x         y         sy           y_media_p     Chi-quadro   
310.50000 86.00000  9.27362      59.65018      8.07341      
311.50000 82.00000  9.05539      59.65018      6.09164      
312.50000 73.00000  8.54400      59.65018      2.44134      
313.50000 82.00000  9.05539      59.65018      6.09164      
314.50000 70.00000  8.36660      59.65018      1.53027      
315.50000 73.00000  8.54400      59.65018      2.44134      
316.50000 97.00000  9.84886      59.65018      14.38154     
317.50000 75.00000  8.66025      59.65018      3.14156      
318.50000 73.00000  8.54400      59.65018      2.44134      
319.50000 73.00000  8.54400      59.65018      2.44134      
320.50000 68.00000  8.24621      59.65018      1.02529      
321.50000 81.00000  9.00000      59.65018      5.62734      
322.50000 75.00000  8.66025      59.65018      3.14156      
323.50000 63.00000  7.93725      59.65018      0.17812      
324.50000 60.00000  7.74597      59.65018      0.00204      
325.50000 75.00000  8.66025      59.65018      3.14156      
326.50000 65.00000  8.06226      59.65018      0.44032      
327.50000 77.00000  8.77496      59.65018      3.90930      
328.50000 75.00000  8.66025      59.65018      3.14156      
329.50000 74.00000  8.60233      59.65018      2.78267      
330.50000 57.00000  7.54983      59.65018      0.12322      
331.50000 62.00000  7.87401      59.65018      0.08906      
332.50000 62.00000  7.87401      59.65018      0.08906      
333.50000 71.00000  8.42615      59.65018      1.81434      
334.50000 70.00000  8.36660      59.65018      1.53027      
335.50000 69.00000  8.30662      59.65018      1.26694      
336.50000 73.00000  8.54400      59.65018      2.44134      
337.50000 55.00000  7.41620      59.65018      0.39317      
338.50000 52.00000  7.21110      59.65018      1.12549      
339.50000 69.00000  8.30662      59.65018      1.26694      
390.50000 46.00000  6.78233      59.65018      4.05060      
391.50000 38.00000  6.16441      59.65018      12.33501     
392.50000 37.00000  6.08276      59.65018      13.86569     
393.50000 44.00000  6.63325      59.65018      5.56655      
394.50000 38.00000  6.16441      59.65018      12.33501     
395.50000 49.00000  7.00000      59.65018      2.31482      
396.50000 41.00000  6.40312      59.65018      8.48364      
397.50000 33.00000  5.74456      59.65018      21.52218     
398.50000 43.00000  6.55744      59.65018      6.44717      
399.50000 51.00000  7.14143      59.65018      1.46717      

Gradi di liberta = 38
Chi-quadro = 170.9928244070615
p-value = 0.7366755772720647

Media pesata = 59.650179389823464 +/- 1.2211693104338917

****************************************************************************************************
SERIE 1
****************************************************************************************************

Verifica ipotesi linearità_________________________________
Covarianza = -430.56410
Indice Pearson = -0.88153 +/- 0.07659
Gradi di Liberta' = 38
	t = 11.510116312082436
	p-value (due code) = 5.954528196381784e-14

Parametri___________________________________________________
y = a + bx
a = 208.05464 +/- 12.65306
b = -0.42316 +/- 0.03591

Test Chi Quadro_____________________________________________
x         y         sy           y*            Chi-quadro   
310.50000 86.00000  9.27362      76.66279      1.01376      
311.50000 82.00000  9.05539      76.23962      0.40466      
312.50000 73.00000  8.54400      75.81646      0.10866      
313.50000 82.00000  9.05539      75.39330      0.53230      
314.50000 70.00000  8.36660      74.97014      0.35289      
315.50000 73.00000  8.54400      74.54698      0.03278      
316.50000 97.00000  9.84886      74.12381      5.39505      
317.50000 75.00000  8.66025      73.70065      0.02251      
318.50000 73.00000  8.54400      73.27749      0.00105      
319.50000 73.00000  8.54400      72.85433      0.00029      
320.50000 68.00000  8.24621      72.43116      0.28875      
321.50000 81.00000  9.00000      72.00800      0.99822      
322.50000 75.00000  8.66025      71.58484      0.15551      
323.50000 63.00000  7.93725      71.16168      1.05735      
324.50000 60.00000  7.74597      70.73852      1.92193      
325.50000 75.00000  8.66025      70.31535      0.29261      
326.50000 65.00000  8.06226      69.89219      0.36821      
327.50000 77.00000  8.77496      69.46903      0.73657      
328.50000 75.00000  8.66025      69.04587      0.47269      
329.50000 74.00000  8.60233      68.62270      0.39075      
330.50000 57.00000  7.54983      68.19954      2.20052      
331.50000 62.00000  7.87401      67.77638      0.53817      
332.50000 62.00000  7.87401      67.35322      0.46221      
333.50000 71.00000  8.42615      66.93006      0.23330      
334.50000 70.00000  8.36660      66.50689      0.17431      
335.50000 69.00000  8.30662      66.08373      0.12326      
336.50000 73.00000  8.54400      65.66057      0.73791      
337.50000 55.00000  7.41620      65.23741      1.90554      
338.50000 52.00000  7.21110      64.81425      3.15779      
339.50000 69.00000  8.30662      64.39108      0.30786      
390.50000 46.00000  6.78233      42.80981      0.22125      
391.50000 38.00000  6.16441      42.38665      0.50639      
392.50000 37.00000  6.08276      41.96349      0.66584      
393.50000 44.00000  6.63325      41.54033      0.13750      
394.50000 38.00000  6.16441      41.11716      0.25570      
395.50000 49.00000  7.00000      40.69400      1.40795      
396.50000 41.00000  6.40312      40.27084      0.01297      
397.50000 33.00000  5.74456      39.84768      1.42093      
398.50000 43.00000  6.55744      39.42452      0.29730      
399.50000 51.00000  7.14143      39.00135      2.82289      

Gradi di liberta = 38
Chi-quadro = 32.136130080577615
p-value = 0.7366755772720647

Verifica ipotesi funzione costante_________________________
Gradi di Liberta' = 38
t = 11.783746783857602
p-value = 2.9503534554584705e-14

x         y         sy           y_media_p     Chi-quadro   
310.50000 86.00000  9.27362      59.65018      8.07341      
311.50000 82.00000  9.05539      59.65018      6.09164      
312.50000 73.00000  8.54400      59.65018      2.44134      
313.50000 82.00000  9.05539      59.65018      6.09164      
314.50000 70.00000  8.36660      59.65018      1.53027      
315.50000 73.00000  8.54400      59.65018      2.44134      
316.50000 97.00000  9.84886      59.65018      14.38154     
317.50000 75.00000  8.66025      59.65018      3.14156      
318.50000 73.00000  8.54400      59.65018      2.44134      
319.50000 73.00000  8.54400      59.65018      2.44134      
320.50000 68.00000  8.24621      59.65018      1.02529      
321.50000 81.00000  9.00000      59.65018      5.62734      
322.50000 75.00000  8.66025      59.65018      3.14156      
323.50000 63.00000  7.93725      59.65018      0.17812      
324.50000 60.00000  7.74597      59.65018      0.00204      
325.50000 75.00000  8.66025      59.65018      3.14156      
326.50000 65.00000  8.06226      59.65018      0.44032      
327.50000 77.00000  8.77496      59.65018      3.90930      
328.50000 75.00000  8.66025      59.65018      3.14156      
329.50000 74.00000  8.60233      59.65018      2.78267      
330.50000 57.00000  7.54983      59.65018      0.12322      
331.50000 62.00000  7.87401      59.65018      0.08906      
332.50000 62.00000  7.87401      59.65018      0.08906      
333.50000 71.00000  8.42615      59.65018      1.81434      
334.50000 70.00000  8.36660      59.65018      1.53027      
335.50000 69.00000  8.30662      59.65018      1.26694      
336.50000 73.00000  8.54400      59.65018      2.44134      
337.50000 55.00000  7.41620      59.65018      0.39317      
338.50000 52.00000  7.21110      59.65018      1.12549      
339.50000 69.00000  8.30662      59.65018      1.26694      
390.50000 46.00000  6.78233      59.65018      4.05060      
391.50000 38.00000  6.16441      59.65018      12.33501     
392.50000 37.00000  6.08276      59.65018      13.86569     
393.50000 44.00000  6.63325      59.65018      5.56655      
394.50000 38.00000  6.16441      59.65018      12.33501     
395.50000 49.00000  7.00000      59.65018      2.31482      
396.50000 41.00000  6.40312      59.65018      8.48364      
397.50000 33.00000  5.74456      59.65018      21.52218     
398.50000 43.00000  6.55744      59.65018      6.44717      
399.50000 51.00000  7.14143      59.65018      1.46717      

Gradi di liberta = 38
Chi-quadro = 170.9928244070615
p-value = 0.7366755772720647

Media pesata = 59.650179389823464 +/- 1.2211693104338917

****************************************************************************************************
SERIE 1
****************************************************************************************************

Verifica ipotesi linearità_________________________________
Covarianza = -430.56410
Indice Pearson = -0.88153 +/- 0.07659
Gradi di Liberta' = 38
	t = 11.510116312082436
	p-value (due code) = 5.954528196381784e-14

Parametri___________________________________________________
y = a + bx
a = 208.05464 +/- 12.65306
b = -0.42316 +/- 0.03591

Test Chi Quadro_____________________________________________
x         y         sy           y*            Chi-quadro   
310.50000 86.00000  9.27362      76.66279      1.01376      
311.50000 82.00000  9.05539      76.23962      0.40466      
312.50000 73.00000  8.54400      75.81646      0.10866      
313.50000 82.00000  9.05539      75.39330      0.53230      
314.50000 70.00000  8.36660      74.97014      0.35289      
315.50000 73.00000  8.54400      74.54698      0.03278      
316.50000 97.00000  9.84886      74.12381      5.39505      
317.50000 75.00000  8.66025      73.70065      0.02251      
318.50000 73.00000  8.54400      73.27749      0.00105      
319.50000 73.00000  8.54400      72.85433      0.00029      
320.50000 68.00000  8.24621      72.43116      0.28875      
321.50000 81.00000  9.00000      72.00800      0.99822      
322.50000 75.00000  8.66025      71.58484      0.15551      
323.50000 63.00000  7.93725      71.16168      1.05735      
324.50000 60.00000  7.74597      70.73852      1.92193      
325.50000 75.00000  8.66025      70.31535      0.29261      
326.50000 65.00000  8.06226      69.89219      0.36821      
327.50000 77.00000  8.77496      69.46903      0.73657      
328.50000 75.00000  8.66025      69.04587      0.47269      
329.50000 74.00000  8.60233      68.62270      0.39075      
330.50000 57.00000  7.54983      68.19954      2.20052      
331.50000 62.00000  7.87401      67.77638      0.53817      
332.50000 62.00000  7.87401      67.35322      0.46221      
333.50000 71.00000  8.42615      66.93006      0.23330      
334.50000 70.00000  8.36660      66.50689      0.17431      
335.50000 69.00000  8.30662      66.08373      0.12326      
336.50000 73.00000  8.54400      65.66057      0.73791      
337.50000 55.00000  7.41620      65.23741      1.90554      
338.50000 52.00000  7.21110      64.81425      3.15779      
339.50000 69.00000  8.30662      64.39108      0.30786      
390.50000 46.00000  6.78233      42.80981      0.22125      
391.50000 38.00000  6.16441      42.38665      0.50639      
392.50000 37.00000  6.08276      41.96349      0.66584      
393.50000 44.00000  6.63325      41.54033      0.13750      
394.50000 38.00000  6.16441      41.11716      0.25570      
395.50000 49.00000  7.00000      40.69400      1.40795      
396.50000 41.00000  6.40312      40.27084      0.01297      
397.50000 33.00000  5.74456      39.84768      1.42093      
398.50000 43.00000  6.55744      39.42452      0.29730      
399.50000 51.00000  7.14143      39.00135      2.82289      

Gradi di liberta = 38
Chi-quadro = 32.136130080577615
p-value = 0.7366755772720647

Verifica ipotesi funzione costante_________________________
Gradi di Liberta' = 38
t = 11.783746783857602
p-value = 2.9503534554584705e-14

x         y         sy           y_media_p     Chi-quadro   
310.50000 86.00000  9.27362      59.65018      8.07341      
311.50000 82.00000  9.05539      59.65018      6.09164      
312.50000 73.00000  8.54400      59.65018      2.44134      
313.50000 82.00000  9.05539      59.65018      6.09164      
314.50000 70.00000  8.36660      59.65018      1.53027      
315.50000 73.00000  8.54400      59.65018      2.44134      
316.50000 97.00000  9.84886      59.65018      14.38154     
317.50000 75.00000  8.66025      59.65018      3.14156      
318.50000 73.00000  8.54400      59.65018      2.44134      
319.50000 73.00000  8.54400      59.65018      2.44134      
320.50000 68.00000  8.24621      59.65018      1.02529      
321.50000 81.00000  9.00000      59.65018      5.62734      
322.50000 75.00000  8.66025      59.65018      3.14156      
323.50000 63.00000  7.93725      59.65018      0.17812      
324.50000 60.00000  7.74597      59.65018      0.00204      
325.50000 75.00000  8.66025      59.65018      3.14156      
326.50000 65.00000  8.06226      59.65018      0.44032      
327.50000 77.00000  8.77496      59.65018      3.90930      
328.50000 75.00000  8.66025      59.65018      3.14156      
329.50000 74.00000  8.60233      59.65018      2.78267      
330.50000 57.00000  7.54983      59.65018      0.12322      
331.50000 62.00000  7.87401      59.65018      0.08906      
332.50000 62.00000  7.87401      59.65018      0.08906      
333.50000 71.00000  8.42615      59.65018      1.81434      
334.50000 70.00000  8.36660      59.65018      1.53027      
335.50000 69.00000  8.30662      59.65018      1.26694      
336.50000 73.00000  8.54400      59.65018      2.44134      
337.50000 55.00000  7.41620      59.65018      0.39317      
338.50000 52.00000  7.21110      59.65018      1.12549      
339.50000 69.00000  8.30662      59.65018      1.26694      
390.50000 46.00000  6.78233      59.65018      4.05060      
391.50000 38.00000  6.16441      59.65018      12.33501     
392.50000 37.00000  6.08276      59.65018      13.86569     
393.50000 44.00000  6.63325      59.65018      5.56655      
394.50000 38.00000  6.16441      59.65018      12.33501     
395.50000 49.00000  7.00000      59.65018      2.31482      
396.50000 41.00000  6.40312      59.65018      8.48364      
397.50000 33.00000  5.74456      59.65018      21.52218     
398.50000 43.00000  6.55744      59.65018      6.44717      
399.50000 51.00000  7.14143      59.65018      1.46717      

Gradi di liberta = 38
Chi-quadro = 170.9928244070615
p-value = 0.7366755772720647

Media pesata = 59.650179389823464 +/- 1.2211693104338917

****************************************************************************************************
SERIE 1
****************************************************************************************************

Verifica ipotesi linearità_________________________________
Covarianza = -430.56410
Indice Pearson = -0.88153 +/- 0.07659
Gradi di Liberta' = 38
	t = 11.510116312082436
	p-value (due code) = 5.954528196381784e-14

Parametri___________________________________________________
y = a + bx
a = 208.05464 +/- 12.65306
b = -0.42316 +/- 0.03591

Test Chi Quadro_____________________________________________
x         y         sy           y*            Chi-quadro   
310.50000 86.00000  9.27362      76.66279      1.01376      
311.50000 82.00000  9.05539      76.23962      0.40466      
312.50000 73.00000  8.54400      75.81646      0.10866      
313.50000 82.00000  9.05539      75.39330      0.53230      
314.50000 70.00000  8.36660      74.97014      0.35289      
315.50000 73.00000  8.54400      74.54698      0.03278      
316.50000 97.00000  9.84886      74.12381      5.39505      
317.50000 75.00000  8.66025      73.70065      0.02251      
318.50000 73.00000  8.54400      73.27749      0.00105      
319.50000 73.00000  8.54400      72.85433      0.00029      
320.50000 68.00000  8.24621      72.43116      0.28875      
321.50000 81.00000  9.00000      72.00800      0.99822      
322.50000 75.00000  8.66025      71.58484      0.15551      
323.50000 63.00000  7.93725      71.16168      1.05735      
324.50000 60.00000  7.74597      70.73852      1.92193      
325.50000 75.00000  8.66025      70.31535      0.29261      
326.50000 65.00000  8.06226      69.89219      0.36821      
327.50000 77.00000  8.77496      69.46903      0.73657      
328.50000 75.00000  8.66025      69.04587      0.47269      
329.50000 74.00000  8.60233      68.62270      0.39075      
330.50000 57.00000  7.54983      68.19954      2.20052      
331.50000 62.00000  7.87401      67.77638      0.53817      
332.50000 62.00000  7.87401      67.35322      0.46221      
333.50000 71.00000  8.42615      66.93006      0.23330      
334.50000 70.00000  8.36660      66.50689      0.17431      
335.50000 69.00000  8.30662      66.08373      0.12326      
336.50000 73.00000  8.54400      65.66057      0.73791      
337.50000 55.00000  7.41620      65.23741      1.90554      
338.50000 52.00000  7.21110      64.81425      3.15779      
339.50000 69.00000  8.30662      64.39108      0.30786      
390.50000 46.00000  6.78233      42.80981      0.22125      
391.50000 38.00000  6.16441      42.38665      0.50639      
392.50000 37.00000  6.08276      41.96349      0.66584      
393.50000 44.00000  6.63325      41.54033      0.13750      
394.50000 38.00000  6.16441      41.11716      0.25570      
395.50000 49.00000  7.00000      40.69400      1.40795      
396.50000 41.00000  6.40312      40.27084      0.01297      
397.50000 33.00000  5.74456      39.84768      1.42093      
398.50000 43.00000  6.55744      39.42452      0.29730      
399.50000 51.00000  7.14143      39.00135      2.82289      

Gradi di liberta = 38
Chi-quadro = 32.136130080577615
p-value = 0.7366755772720647

Verifica ipotesi funzione costante_________________________
Gradi di Liberta' = 38
t = 11.783746783857602
p-value = 2.9503534554584705e-14

x         y         sy           y_media_p     Chi-quadro   
310.50000 86.00000  9.27362      59.65018      8.07341      
311.50000 82.00000  9.05539      59.65018      6.09164      
312.50000 73.00000  8.54400      59.65018      2.44134      
313.50000 82.00000  9.05539      59.65018      6.09164      
314.50000 70.00000  8.36660      59.65018      1.53027      
315.50000 73.00000  8.54400      59.65018      2.44134      
316.50000 97.00000  9.84886      59.65018      14.38154     
317.50000 75.00000  8.66025      59.65018      3.14156      
318.50000 73.00000  8.54400      59.65018      2.44134      
319.50000 73.00000  8.54400      59.65018      2.44134      
320.50000 68.00000  8.24621      59.65018      1.02529      
321.50000 81.00000  9.00000      59.65018      5.62734      
322.50000 75.00000  8.66025      59.65018      3.14156      
323.50000 63.00000  7.93725      59.65018      0.17812      
324.50000 60.00000  7.74597      59.65018      0.00204      
325.50000 75.00000  8.66025      59.65018      3.14156      
326.50000 65.00000  8.06226      59.65018      0.44032      
327.50000 77.00000  8.77496      59.65018      3.90930      
328.50000 75.00000  8.66025      59.65018      3.14156      
329.50000 74.00000  8.60233      59.65018      2.78267      
330.50000 57.00000  7.54983      59.65018      0.12322      
331.50000 62.00000  7.87401      59.65018      0.08906      
332.50000 62.00000  7.87401      59.65018      0.08906      
333.50000 71.00000  8.42615      59.65018      1.81434      
334.50000 70.00000  8.36660      59.65018      1.53027      
335.50000 69.00000  8.30662      59.65018      1.26694      
336.50000 73.00000  8.54400      59.65018      2.44134      
337.50000 55.00000  7.41620      59.65018      0.39317      
338.50000 52.00000  7.21110      59.65018      1.12549      
339.50000 69.00000  8.30662      59.65018      1.26694      
390.50000 46.00000  6.78233      59.65018      4.05060      
391.50000 38.00000  6.16441      59.65018      12.33501     
392.50000 37.00000  6.08276      59.65018      13.86569     
393.50000 44.00000  6.63325      59.65018      5.56655      
394.50000 38.00000  6.16441      59.65018      12.33501     
395.50000 49.00000  7.00000      59.65018      2.31482      
396.50000 41.00000  6.40312      59.65018      8.48364      
397.50000 33.00000  5.74456      59.65018      21.52218     
398.50000 43.00000  6.55744      59.65018      6.44717      
399.50000 51.00000  7.14143      59.65018      1.46717      

Gradi di liberta = 38
Chi-quadro = 170.9928244070615
p-value = 0.7366755772720647

Media pesata = 59.650179389823464 +/- 1.2211693104338917

****************************************************************************************************
SERIE 1
****************************************************************************************************

Verifica ipotesi linearità_________________________________
Covarianza = -430.56410
Indice Pearson = -0.88153 +/- 0.07659
Gradi di Liberta' = 38
	t = 11.510116312082436
	p-value (due code) = 5.954528196381784e-14

Parametri___________________________________________________
y = a + bx
a = 208.05464 +/- 12.65306
b = -0.42316 +/- 0.03591

Test Chi Quadro_____________________________________________
x         y         sy           y*            Chi-quadro   
310.50000 86.00000  9.27362      76.66279      1.01376      
311.50000 82.00000  9.05539      76.23962      0.40466      
312.50000 73.00000  8.54400      75.81646      0.10866      
313.50000 82.00000  9.05539      75.39330      0.53230      
314.50000 70.00000  8.36660      74.97014      0.35289      
315.50000 73.00000  8.54400      74.54698      0.03278      
316.50000 97.00000  9.84886      74.12381      5.39505      
317.50000 75.00000  8.66025      73.70065      0.02251      
318.50000 73.00000  8.54400      73.27749      0.00105      
319.50000 73.00000  8.54400      72.85433      0.00029      
320.50000 68.00000  8.24621      72.43116      0.28875      
321.50000 81.00000  9.00000      72.00800      0.99822      
322.50000 75.00000  8.66025      71.58484      0.15551      
323.50000 63.00000  7.93725      71.16168      1.05735      
324.50000 60.00000  7.74597      70.73852      1.92193      
325.50000 75.00000  8.66025      70.31535      0.29261      
326.50000 65.00000  8.06226      69.89219      0.36821      
327.50000 77.00000  8.77496      69.46903      0.73657      
328.50000 75.00000  8.66025      69.04587      0.47269      
329.50000 74.00000  8.60233      68.62270      0.39075      
330.50000 57.00000  7.54983      68.19954      2.20052      
331.50000 62.00000  7.87401      67.77638      0.53817      
332.50000 62.00000  7.87401      67.35322      0.46221      
333.50000 71.00000  8.42615      66.93006      0.23330      
334.50000 70.00000  8.36660      66.50689      0.17431      
335.50000 69.00000  8.30662      66.08373      0.12326      
336.50000 73.00000  8.54400      65.66057      0.73791      
337.50000 55.00000  7.41620      65.23741      1.90554      
338.50000 52.00000  7.21110      64.81425      3.15779      
339.50000 69.00000  8.30662      64.39108      0.30786      
390.50000 46.00000  6.78233      42.80981      0.22125      
391.50000 38.00000  6.16441      42.38665      0.50639      
392.50000 37.00000  6.08276      41.96349      0.66584      
393.50000 44.00000  6.63325      41.54033      0.13750      
394.50000 38.00000  6.16441      41.11716      0.25570      
395.50000 49.00000  7.00000      40.69400      1.40795      
396.50000 41.00000  6.40312      40.27084      0.01297      
397.50000 33.00000  5.74456      39.84768      1.42093      
398.50000 43.00000  6.55744      39.42452      0.29730      
399.50000 51.00000  7.14143      39.00135      2.82289      

Gradi di liberta = 38
Chi-quadro = 32.136130080577615
p-value = 0.7366755772720647

Verifica ipotesi funzione costante_________________________
Gradi di Liberta' = 38
t = 11.783746783857602
p-value = 2.9503534554584705e-14

x         y         sy           y_media_p     Chi-quadro   
310.50000 86.00000  9.27362      59.65018      8.07341      
311.50000 82.00000  9.05539      59.65018      6.09164      
312.50000 73.00000  8.54400      59.65018      2.44134      
313.50000 82.00000  9.05539      59.65018      6.09164      
314.50000 70.00000  8.36660      59.65018      1.53027      
315.50000 73.00000  8.54400      59.65018      2.44134      
316.50000 97.00000  9.84886      59.65018      14.38154     
317.50000 75.00000  8.66025      59.65018      3.14156      
318.50000 73.00000  8.54400      59.65018      2.44134      
319.50000 73.00000  8.54400      59.65018      2.44134      
320.50000 68.00000  8.24621      59.65018      1.02529      
321.50000 81.00000  9.00000      59.65018      5.62734      
322.50000 75.00000  8.66025      59.65018      3.14156      
323.50000 63.00000  7.93725      59.65018      0.17812      
324.50000 60.00000  7.74597      59.65018      0.00204      
325.50000 75.00000  8.66025      59.65018      3.14156      
326.50000 65.00000  8.06226      59.65018      0.44032      
327.50000 77.00000  8.77496      59.65018      3.90930      
328.50000 75.00000  8.66025      59.65018      3.14156      
329.50000 74.00000  8.60233      59.65018      2.78267      
330.50000 57.00000  7.54983      59.65018      0.12322      
331.50000 62.00000  7.87401      59.65018      0.08906      
332.50000 62.00000  7.87401      59.65018      0.08906      
333.50000 71.00000  8.42615      59.65018      1.81434      
334.50000 70.00000  8.36660      59.65018      1.53027      
335.50000 69.00000  8.30662      59.65018      1.26694      
336.50000 73.00000  8.54400      59.65018      2.44134      
337.50000 55.00000  7.41620      59.65018      0.39317      
338.50000 52.00000  7.21110      59.65018      1.12549      
339.50000 69.00000  8.30662      59.65018      1.26694      
390.50000 46.00000  6.78233      59.65018      4.05060      
391.50000 38.00000  6.16441      59.65018      12.33501     
392.50000 37.00000  6.08276      59.65018      13.86569     
393.50000 44.00000  6.63325      59.65018      5.56655      
394.50000 38.00000  6.16441      59.65018      12.33501     
395.50000 49.00000  7.00000      59.65018      2.31482      
396.50000 41.00000  6.40312      59.65018      8.48364      
397.50000 33.00000  5.74456      59.65018      21.52218     
398.50000 43.00000  6.55744      59.65018      6.44717      
399.50000 51.00000  7.14143      59.65018      1.46717      

Gradi di liberta = 38
Chi-quadro = 170.9928244070615
p-value = 0.7366755772720647

Media pesata = 59.650179389823464 +/- 1.2211693104338917

